0 1000 0
1 0.0641509142852523 -0.261786163978099 0.993417384644155 -1.25022934655027 -0.684988937786216 0.989875383885547 0 0 1 0 0 0 0 0 0 0 0 0 0
1 0.032203914570313 -1.01044312415594 -0.56579299827647 1.01814865864541 0.0609187503654483 0.822241134293643 0 0 2 0 0 0 0 0 0 0 0 0 0
1 -0.700631380414871 0.520067205432281 -0.148159532365182 -1.61586277851134 1.03182076433844 -0.999711039686559 0 0 3 0 0 0 0 0 0 0 0 0 0
1 0.442412726386575 -0.173093912682955 -0.151100300002461 0.161441848224865 -0.829320374399186 0.375738792514961 0 0 4 0 0 0 0 0 0 0 0 0 0
1 -2.29730880526885 -1.02858885680422 -1.82455992016723 -1.03178155138119 0.112349871015576 0.388546181957471 0 0 5 0 0 0 0 0 0 0 0 0 0
1 0.40727773490271 0.196457250661718 -0.399736423420947 0.518753940835828 2.70884910414498 -0.857735820696397 0 0 6 0 0 0 0 0 0 0 0 0 0
1 -0.218779440561289 -0.360999921575659 0.105032835702231 0.643258258292626 0.638377792054818 2.5302029707912 0 0 7 0 0 0 0 0 0 0 0 0 0
1 0.388615097027093 -0.844236201681273 -2.45575203574642 0.231742503419018 0.274810246870029 0.302975922224731 0 0 8 0 0 0 0 0 0 0 0 0 0
1 0.578716713402264 0.0249025124485744 -0.0489247043513494 -2.38718681523339 1.909901005123 0.86140143041472 0 0 9 0 0 0 0 0 0 0 0 0 0
1 0.495417925553761 0.9218740139642 1.13928699222466 0.952982835642834 0.00381192858300524 -0.286924541310835 0 0 10 0 0 0 0 0 0 0 0 0 0
1 0.561566315422752 -3.50609940911229 -2.78455095807463 0.165177809219533 0.932672256430582 -0.117079175654903 0 0 11 0 0 0 0 0 0 0 0 0 0
1 1.03191855067983 -0.769677946103892 -1.10675950115111 1.6102646619775 1.55332385677074 -0.476201904755721 0 0 12 0 0 0 0 0 0 0 0 0 0
1 0.856053987045783 0.28589985801059 -0.597154227513483 -0.574486293814841 0.422612332742023 0.0992211088546276 0 0 13 0 0 0 0 0 0 0 0 0 0
1 0.107618270789566 0.0129549083482938 -0.464643216498317 -0.728925326650787 -2.56259952555854 -1.43833270081664 0 0 14 0 0 0 0 0 0 0 0 0 0
1 0.114699926989127 -0.226833651825968 0.566406845718159 -0.206741808808435 -0.19316952788652 1.11241827215463 0 0 15 0 0 0 0 0 0 0 0 0 0
1 2.81772349935637 0.828096353707816 0.689154792086289 1.0289258279508 -0.206069914793237 -0.583557603197802 0 0 16 0 0 0 0 0 0 0 0 0 0
1 0.51878688954439 -0.015244051478439 0.662729565606654 1.18252692180906 -0.444706077720726 -0.0325721214594585 0 0 17 0 0 0 0 0 0 0 0 0 0
1 -0.180300608797858 -1.0517102352308 -0.0201154192304752 -1.34898394291482 0.726254574191934 0.732236891459351 0 0 18 0 0 0 0 0 0 0 0 0 0
1 -0.135334889422868 0.597401648155425 -0.964982881372515 -0.811864988850324 0.84201287464531 -0.255371691047555 0 0 19 0 0 0 0 0 0 0 0 0 0
1 2.60750876245041 1.97127357349349 -3.42241180818903 0.345053925963811 -0.102689908815321 0.633531877849149 0 0 20 0 0 0 0 0 0 0 0 0 0
1 0.877360216775273 -0.110873977255696 -1.10750276876773 0.154926628969672 0.234687183910867 -0.364763861584305 0 0 21 0 0 0 0 0 0 0 0 0 0
1 -0.340938870557106 0.0669672743666597 -2.02939009764319 -0.831154770751915 -0.157143849732195 0.974696255665339 0 0 22 0 0 0 0 0 0 0 0 0 0
1 0.0666319498218491 -0.106080477680159 -0.211272714458258 -0.564576518517299 -1.65004760769475 -1.76269609710711 0 0 23 0 0 0 0 0 0 0 0 0 0
1 0.358476143053603 -0.253613615515298 0.415793274205516 -0.536616925864785 -1.84502747259153 -1.22834845851567 0 0 24 0 0 0 0 0 0 0 0 0 0
1 0.0938944505219315 -0.275384545985003 0.613116786991854 -0.968531483561647 0.661748778911334 -0.858126006969967 0 0 25 0 0 0 0 0 0 0 0 0 0
1 0.0507734912590034 1.1580800390443 0.198889436602539 -1.58479302755079 0.420350200127851 0.0603907606919108 0 0 26 0 0 0 0 0 0 0 0 0 0
1 0.0543650089817841 0.285444358983111 0.278217943893426 -0.70573939663966 2.11819161467944 1.54355115419499 0 0 27 0 0 0 0 0 0 0 0 0 0
1 -0.632268544643263 0.611635032570654 -0.184495936345822 -0.0578736320495023 1.01625307315989 1.45582578584186 0 0 28 0 0 0 0 0 0 0 0 0 0
1 -0.49972639670902 -0.0902269818388477 -0.0502497595768676 1.89432328876184 -0.102863374220731 1.23502938740263 0 0 29 0 0 0 0 0 0 0 0 0 0
1 -0.949794588847287 0.529219465705097 1.56513084182131 0.77624906645759 1.43742712765267 0.733527873741477 0 0 30 0 0 0 0 0 0 0 0 0 0
1 -0.410401730886611 -0.584379798560559 -0.80015015047167 -0.0540323507506816 0.504707018949448 2.00534687024127 0 0 31 0 0 0 0 0 0 0 0 0 0
1 5.09065358344105 0.894417818205229 -2.02164714965587 -0.868376971913407 0.983749794133427 0.0856949608946351 0 0 32 0 0 0 0 0 0 0 0 0 0
1 2.85331863322802 -1.24545265112377 -0.0301627683246282 0.622277146359142 -0.838896215363581 0.199753339806969 0 0 33 0 0 0 0 0 0 0 0 0 0
1 -0.597761994339752 -0.682475532191901 0.585924755957023 0.813437736356033 -1.56681535904743 -0.399430567778038 0 0 34 0 0 0 0 0 0 0 0 0 0
1 1.32345586241109 0.973165204942083 0.975845658945986 1.3551926764776 -0.141877040799198 -0.944818117508206 0 0 35 0 0 0 0 0 0 0 0 0 0
1 -2.95228019196159 -6.70497295422203 5.29865344051959 0.340090828593978 0.157860220985756 -0.262292243818653 0 0 36 0 0 0 0 0 0 0 0 0 0
1 -1.12934468480757 0.581331728547827 0.88495072600971 -0.896647372220653 -0.850382516442934 0.788583501596073 0 0 37 0 0 0 0 0 0 0 0 0 0
1 0.291903022948563 -0.224563075803597 -0.188126799506653 1.36429461907888 0.963842902193004 1.02578847757861 0 0 38 0 0 0 0 0 0 0 0 0 0
1 0.68749649001197 -0.544807449372864 0.171119688926763 -0.424406945013079 1.94746551738131 -0.563297972495219 0 0 39 0 0 0 0 0 0 0 0 0 0
1 0.361522761646425 -1.29552979487306 0.222130179277456 -0.234707380172122 0.993939879774197 -0.0758171392513512 0 0 40 0 0 0 0 0 0 0 0 0 0
1 0.35435951931146 -0.391821970061966 -0.0063843988463722 0.780484267618412 -0.78373574538111 -1.33241486057961 0 0 41 0 0 0 0 0 0 0 0 0 0
1 -0.317812385714637 0.412198261021892 0.0178681309276903 -0.750998073715829 -0.681662651541446 0.961174962267982 0 0 42 0 0 0 0 0 0 0 0 0 0
1 -0.0596235909145664 -0.024377123251513 -0.637291334593149 -2.10353542325852 0.73250224302333 1.16000741231323 0 0 43 0 0 0 0 0 0 0 0 0 0
1 -0.35649738642432 -0.514599116134269 -0.169978098821332 0.199063857560397 -1.07970822408068 -0.441057246815801 0 0 44 0 0 0 0 0 0 0 0 0 0
1 -0.475680266461682 0.559060331172228 0.351200760853442 0.402884687011887 1.94361447055779 -1.66778787999612 0 0 45 0 0 0 0 0 0 0 0 0 0
1 0.187798620740653 -0.0727927081705356 0.0703622438389366 -1.98619432145835 0.208844046191072 1.8524503757798 0 0 46 0 0 0 0 0 0 0 0 0 0
1 -0.198269872912584 0.14568133324559 0.614381064595018 0.170539579196239 -0.675260870817772 -0.425872410907863 0 0 47 0 0 0 0 0 0 0 0 0 0
1 0.353485819776803 -0.261559191099354 0.0875645391220043 -1.3915947256152 -2.10897208896968 0.752611903550244 0 0 48 0 0 0 0 0 0 0 0 0 0
1 1.83506392167925 -1.70331990090484 -0.789867380518667 -0.857871308242647 -0.837682525688683 0.401027680352436 0 0 49 0 0 0 0 0 0 0 0 0 0
1 0.120527143323244 0.559779925973379 0.0319210134561792 -0.236653992394618 -0.128821777924944 0.208328284091339 0 0 50 0 0 0 0 0 0 0 0 0 0
1 -5.3676246813571 -0.433489941600666 1.16428672226223 0.0978384221115138 0.498524011517937 0.202719272163836 0 0 51 0 0 0 0 0 0 0 0 0 0
1 0.0009431910283229 -0.0152330178843296 0.501970313776277 -0.477979188014466 0.779920462753754 1.50583760666764 0 0 52 0 0 0 0 0 0 0 0 0 0
1 -0.832171112741322 -0.222057405979158 -0.465844153823161 -0.262586916463833 -0.335805559061108 1.63609628117562 0 0 53 0 0 0 0 0 0 0 0 0 0
1 -0.871659133521795 -0.323385746019464 -1.17115409179972 -1.12281133578392 1.57405010793677 -0.0829798255293491 0 0 54 0 0 0 0 0 0 0 0 0 0
1 -0.0206149723295228 1.11594573190962 0.663279719879195 0.300056961746888 -1.12403285035471 -1.33386660706365 0 0 55 0 0 0 0 0 0 0 0 0 0
1 0.228461741312592 0.426059656766563 0.824700680671836 1.43871901966207 -0.561907409448442 -2.27451198502959 0 0 56 0 0 0 0 0 0 0 0 0 0
1 0.0137651120636967 0.0783696142046279 -0.394743750486859 -0.669844849090611 -2.33176989962337 0.786384025889511 0 0 57 0 0 0 0 0 0 0 0 0 0
1 -0.444457966022266 -0.288069515376837 0.495006654271787 -1.17064341635127 0.998479855298004 -0.505703234097216 0 0 58 0 0 0 0 0 0 0 0 0 0
1 -0.0123905558706094 0.464475479041053 0.142359018415214 0.657635056532501 -1.1785734630891 -0.360969695149967 0 0 59 0 0 0 0 0 0 0 0 0 0
1 1.33223870173207 0.0157117060978851 0.240118267043844 -0.787642917011727 -0.765205175953571 1.49118287936977 0 0 60 0 0 0 0 0 0 0 0 0 0
1 0.481232771104807 1.95035443810729 -0.325139364508548 -1.56684906514424 0.00785394718665973 -1.61099547582423 0 0 61 0 0 0 0 0 0 0 0 0 0
1 0.345483757954081 -0.0395191462794534 0.332356813679699 0.184542180807785 2.90413640022132 -0.17442276541484 0 0 62 0 0 0 0 0 0 0 0 0 0
1 0.0374102399024928 -0.380780406802983 -0.274591319903381 0.254231174163511 0.298719038545885 1.89679627671992 0 0 63 0 0 0 0 0 0 0 0 0 0
1 0.319373099572317 0.705442275427583 1.04223127127028 -0.235077160137948 -0.72017017428375 0.898977460020131 0 0 64 0 0 0 0 0 0 0 0 0 0
1 -0.823652960742527 -1.72003753644848 0.862849129339253 0.136063485201267 -0.983680775549249 -0.111640780108182 0 0 65 0 0 0 0 0 0 0 0 0 0
1 0.0907712095005705 1.59886865896289 0.142799237428764 0.441404820748801 1.02310993865013 -0.0177527677486696 0 0 66 0 0 0 0 0 0 0 0 0 0
1 0.382458636962196 0.786835547089043 -0.227558818015833 -1.20338183269099 1.63752458785543 0.129172052657931 0 0 67 0 0 0 0 0 0 0 0 0 0
1 -6.03893989531703 1.53275730300045 -3.63073747272031 -0.247302418424425 0.0859188101596198 1.00955855296087 0 0 68 0 0 0 0 0 0 0 0 0 0
1 0.861686031063486 -0.511805739805308 1.38489181342139 -0.587779355476931 -1.81158662506916 -1.27210757784692 0 0 69 0 0 0 0 0 0 0 0 0 0
1 0.333310299596284 0.398203825422958 -0.0064904180023675 0.154975093611272 -1.51208843638871 0.780994309575286 0 0 70 0 0 0 0 0 0 0 0 0 0
1 0.757311100123399 -0.109400870741844 -0.28489867925173 0.549271318928459 -0.325561854222374 -1.72332763237273 0 0 71 0 0 0 0 0 0 0 0 0 0
1 -5.37335153998e-05 -1.26329349250269 -0.991947633021895 0.982392046886528 -0.354599483379939 -0.147011232932579 0 0 72 0 0 0 0 0 0 0 0 0 0
1 0.12172728446785 -0.844330901718572 -0.508058438692906 0.2332331893693 0.565365210368697 1.22671119876436 0 0 73 0 0 0 0 0 0 0 0 0 0
1 -0.932650913648226 0.704318970013373 -0.224500410342453 -0.937151861761465 -0.528335363843568 1.96698074568887 0 0 74 0 0 0 0 0 0 0 0 0 0
1 0.357541933214495 2.05003086546589 0.170959992535647 -0.740100455137644 -0.198024970792483 -1.5710483298923 0 0 75 0 0 0 0 0 0 0 0 0 0
1 0.856671868745886 0.401413343733174 1.22612158194551 0.347884176454475 1.72135157668843 0.847377022366683 0 0 76 0 0 0 0 0 0 0 0 0 0
1 -0.53081782520017 3.97469369387856 3.58343186453804 -0.383747954386307 0.582830368955338 1.26266719539242 0 0 77 0 0 0 0 0 0 0 0 0 0
1 1.89990149280596 0.146637340063184 0.937660019737174 -0.701191125105717 0.735434947712194 0.625861260466796 0 0 78 0 0 0 0 0 0 0 0 0 0
1 0.424474213062174 -0.0494192585897743 -0.517382280534973 -1.18556540134323 0.652726349791252 -0.741912651384967 0 0 79 0 0 0 0 0 0 0 0 0 0
1 -0.905981707439415 -0.439475216844053 -0.682866393375862 0.485385811296939 -0.184606542218361 1.11394291194859 0 0 80 0 0 0 0 0 0 0 0 0 0
1 0.0541132410151308 -0.0202989863420903 0.0136045579835947 -0.0381341303755523 3.34054618026174 1.20066061687757 0 0 81 0 0 0 0 0 0 0 0 0 0
1 -0.778620605758195 0.0226266370519954 -0.333802818615043 1.14262860368859 0.646571982415386 1.10026386707408 0 0 82 0 0 0 0 0 0 0 0 0 0
1 -0.274209437044466 4.07586212876821 -0.390817146768801 0.652246281435993 -0.728657870166464 0.21489175992069 0 0 83 0 0 0 0 0 0 0 0 0 0
1 1.02249865771584 0.26218679260442 -0.368087839110982 -0.278670460956319 -0.873828960900338 -0.237727938095156 0 0 84 0 0 0 0 0 0 0 0 0 0
1 0.660569584034802 -0.921164895386189 -2.35675638720311 -0.289903029576385 0.570888600578677 0.928667892979026 0 0 85 0 0 0 0 0 0 0 0 0 0
1 0.237287593891511 0.345222931993646 -1.34162169336148 -0.654934491093865 0.671783420212288 0.38544039234991 0 0 86 0 0 0 0 0 0 0 0 0 0
1 0.219287083107705 0.862212279343904 -0.0965499651268847 -0.918755874537901 -0.0755435899486131 -0.647022026436619 0 0 87 0 0 0 0 0 0 0 0 0 0
1 2.37082271790673 1.36467115936128 0.114495377575269 0.162170877818476 0.93711820854773 -0.449181810899181 0 0 88 0 0 0 0 0 0 0 0 0 0
1 -0.241382079383514 -0.942667308971802 -0.295285233352579 -2.04174419500629 0.918492328806408 0.948106698052396 0 0 89 0 0 0 0 0 0 0 0 0 0
1 0.195010263023533 -0.627407402484632 0.482140380582989 -1.46190301885928 1.62683483971 -0.251414811353104 0 0 90 0 0 0 0 0 0 0 0 0 0
1 -0.112603736503419 -0.808308760704563 -1.359792385224 -0.499967563367528 -0.203128579804486 0.671134915324133 0 0 91 0 0 0 0 0 0 0 0 0 0
1 -0.431408182123928 -1.17461386604744 -0.745972501607916 -0.943231523427754 0.0189593606613324 -1.43409609345797 0 0 92 0 0 0 0 0 0 0 0 0 0
1 0.0851127625907237 0.470264762152691 -0.0231916718258389 -1.75110995945805 1.293509783078 -0.0249159503018588 0 0 93 0 0 0 0 0 0 0 0 0 0
1 0.769552094115224 0.708584526130769 0.160342883975861 1.39965142620018 -0.56152883692587 0.684960722683394 0 0 94 0 0 0 0 0 0 0 0 0 0
1 0.58867021107214 -0.689680912064839 0.347656370347489 -0.991579520096678 -1.07960292305819 -0.883600845534611 0 0 95 0 0 0 0 0 0 0 0 0 0
1 0.506209532791636 0.438859540471718 0.470825096693567 0.624277726859764 1.58324255894086 0.442461211097681 0 0 96 0 0 0 0 0 0 0 0 0 0
1 -1.3241358832201 -0.380513865749647 1.37489065887694 -0.884621936209899 -0.717131160191977 0.45831322518974 0 0 97 0 0 0 0 0 0 0 0 0 0
1 0.203322861207724 0.600956900915194 -0.100163842635527 1.08478939233589 -1.1367048688721 0.90806023970843 0 0 98 0 0 0 0 0 0 0 0 0 0
1 0.442470629413172 -0.296484599257634 1.05529068144245 0.0132233092391851 -1.13322651760728 -0.574732876635498 0 0 99 0 0 0 0 0 0 0 0 0 0
1 0.412903390430064 0.143249865122966 -0.524471731930759 1.40269397012643 -0.19056762726156 -0.872059796571146 0 0 100 0 0 0 0 0 0 0 0 0 0
1 -0.467001351334852 0.0917050327032046 -0.720791324639412 1.53006574203294 -0.0226522410204302 -0.651248175061869 0 0 101 0 0 0 0 0 0 0 0 0 0
1 6.30393521050946 -6.99095950548301 -0.83863819490084 0.214499616722069 -0.268749935292612 0.767272363447042 0 0 102 0 0 0 0 0 0 0 0 0 0
1 1.06303897390869 -0.815081754332941 0.548978647599134 0.409242714336266 0.184157983745202 0.804971424381181 0 0 103 0 0 0 0 0 0 0 0 0 0
1 1.10236741070325 -0.262084841140518 -0.350632947092694 -1.26703092707709 -0.0485189155440267 0.495155281206239 0 0 104 0 0 0 0 0 0 0 0 0 0
1 -0.21653502150455 -0.611988641528394 -1.1532693184024 -0.549465843175375 -0.279687744271745 -2.08155186465278 0 0 105 0 0 0 0 0 0 0 0 0 0
1 0.888640385023372 0.796032631371775 -0.212537185850449 0.651940861304614 -1.4926719497512 1.58507095837537 0 0 106 0 0 0 0 0 0 0 0 0 0
1 0.602278054176892 -0.218984207082041 0.0759241838455017 0.502135023965976 1.06238672537513 -0.265187015571669 0 0 107 0 0 0 0 0 0 0 0 0 0
1 0.915137375390912 0.340981839183915 -0.247463099578562 -0.816501506832516 -0.173811616959112 2.42497489102774 0 0 108 0 0 0 0 0 0 0 0 0 0
1 0.623348059038414 -0.788537286694254 0.882777244018296 0.671189431961357 1.08654608648387 -1.88434693435064 0 0 109 0 0 0 0 0 0 0 0 0 0
1 -1.17390820349442 -0.938198969220435 0.176983628290311 -1.41186657820977 -0.863083912949578 -0.942267386986707 0 0 110 0 0 0 0 0 0 0 0 0 0
1 -0.313294003567816 0.347319346948021 0.164152974606548 -1.98235350110832 -0.271874394885957 0.427285588680679 0 0 111 0 0 0 0 0 0 0 0 0 0
1 0.327957485208467 -0.425591130012164 -0.774391620705328 -1.60794389311625 -0.0747668877905616 0.049557157382903 0 0 112 0 0 0 0 0 0 0 0 0 0
1 -0.15472200681775 0.161218215241254 2.40639128334744 -0.666665821669421 -0.490294870540705 0.922345842318125 0 0 113 0 0 0 0 0 0 0 0 0 0
1 0.520302045191481 0.0391002926562505 -0.517939041748765 -0.167832434024825 1.55906505257115 -0.410280050553391 0 0 114 0 0 0 0 0 0 0 0 0 0
1 -0.110480476606851 -0.330096632805467 0.33891627044152 2.03436320007556 -0.439707125144996 -0.62275473838597 0 0 115 0 0 0 0 0 0 0 0 0 0
1 0.30929399506168 1.41818289027858 0.377996549393442 -0.389578732601421 -1.12178118587359 1.05919216139979 0 0 116 0 0 0 0 0 0 0 0 0 0
1 0.957187035322871 1.05724710200756 0.771798676893518 0.947885920824607 0.434049116130958 -0.232952670385184 0 0 117 0 0 0 0 0 0 0 0 0 0
1 0.194451482414297 0.432954692810444 -0.469380316584697 -2.99488292982934 -0.696861063104316 1.13199858601283 0 0 118 0 0 0 0 0 0 0 0 0 0
1 0.444993116990677 0.696748612564516 -0.0161072358102247 1.81686763961355 1.90415611743449 0.48415091912579 0 0 119 0 0 0 0 0 0 0 0 0 0
1 -0.272722929693707 0.228583339052486 0.583564996255882 2.0543065053496 0.934454996848044 0.866157608434369 0 0 120 0 0 0 0 0 0 0 0 0 0
1 -0.213115991172275 -0.301512019780613 0.0948642472376439 0.281513873240236 1.26282047807059 2.71931993397226 0 0 121 0 0 0 0 0 0 0 0 0 0
1 0.739949460499142 0.116797645172533 -0.626373003179594 1.72327555221864 0.565973245474623 -1.36123432652675 0 0 122 0 0 0 0 0 0 0 0 0 0
1 0.828119865678934 -0.0106880474973998 0.377577436498249 -0.467145817530237 -0.0845988933375786 0.61114020817378 0 0 123 0 0 0 0 0 0 0 0 0 0
1 2.44644444166286 -1.45086357602561 0.841498661795862 -0.866976013185017 0.102855460599439 0.274907424374949 0 0 124 0 0 0 0 0 0 0 0 0 0
1 0.0348528755610281 0.0370136646505406 -0.286390457082381 2.32930618078792 1.75338693158943 1.25823186757584 0 0 125 0 0 0 0 0 0 0 0 0 0
1 0.291905425744211 0.520102023663836 -0.370212223017265 0.520336267325722 0.351807069667611 1.04590395832142 0 0 126 0 0 0 0 0 0 0 0 0 0
1 0.465931510196084 0.564439521911704 1.05559307208706 1.11892098084512 0.955217929638444 -0.680068530369523 0 0 127 0 0 0 0 0 0 0 0 0 0
1 -0.570229511787765 1.25609167918954 -0.0742264535931775 -1.36939856009572 1.01380080746476 0.708348997436365 0 0 128 0 0 0 0 0 0 0 0 0 0
1 -0.625178948167422 -0.138191568338444 -0.400865062905774 -1.42319000366954 -0.0171464778645411 2.00201394176922 0 0 129 0 0 0 0 0 0 0 0 0 0
1 -0.0407097873754827 -0.906994917606151 -0.67041717540142 -0.981100802363163 0.593128290465362 -0.502357593214345 0 0 130 0 0 0 0 0 0 0 0 0 0
1 1.00726357439213 0.385129900898334 0.501207183869921 0.141928601594213 0.24278652292172 -0.32792793505471 0 0 131 0 0 0 0 0 0 0 0 0 0
1 -0.387095166492893 0.317923589111287 0.45196159216713 -1.89415525474592 1.20943417944917 1.34743885307208 0 0 132 0 0 0 0 0 0 0 0 0 0
1 -5.82456494370797 -0.982061639167347 4.12285606113816 0.518771051358973 0.0891811319350858 0.238987994339784 0 0 133 0 0 0 0 0 0 0 0 0 0
1 -0.456188430654238 0.585553322736402 -0.212497727030133 0.378383082421776 1.89539145295708 0.66611274776106 0 0 134 0 0 0 0 0 0 0 0 0 0
1 1.37672912808796 3.37624464851147 0.107916714701444 -0.288489428775192 -0.0985871336611782 0.376868196765646 0 0 135 0 0 0 0 0 0 0 0 0 0
1 -0.3038916772306 0.0842980093455915 0.740713487108578 1.74435987485987 1.34441047960039 -0.278033485910319 0 0 136 0 0 0 0 0 0 0 0 0 0
1 -2.87503526965099 -0.97411939729133 0.67034685337175 0.103514078805903 -0.178919185144743 -0.215733047152293 0 0 137 0 0 0 0 0 0 0 0 0 0
1 0.392885963032867 0.249345289521724 0.214888107480811 -1.21977860428774 0.138551023645577 0.488290291161644 0 0 138 0 0 0 0 0 0 0 0 0 0
1 0.676381436854804 -0.237292771219166 0.465692095490335 0.582316023401212 2.68781479497124 -0.0338386035113999 0 0 139 0 0 0 0 0 0 0 0 0 0
1 24.2888924227645 -5.38589853271452 -14.6469685788152 0.376977978265715 0.403090446037792 0.00834265123157123 0 0 140 0 0 0 0 0 0 0 0 0 0
1 0.0835208961108482 -0.240241073484012 1.24520713169581 0.764181564541014 -0.964585036485223 -0.191831038969104 0 0 141 0 0 0 0 0 0 0 0 0 0
1 -0.775776347655126 0.109434811783963 -0.405974417702739 -0.297411489039259 1.61870818400212 2.31628244870365 0 0 142 0 0 0 0 0 0 0 0 0 0
1 1.38706345619189 -0.396839538976849 -0.403454737034283 -1.7273958705596 -0.171101593149529 1.11678321205194 0 0 143 0 0 0 0 0 0 0 0 0 0
1 -2.87437258223295 6.10029380130062 -1.71652581045883 -0.588229817321872 0.88927299981441 0.0538383129165423 0 0 144 0 0 0 0 0 0 0 0 0 0
1 1.05101808343911 -0.0239810578919634 0.253136356734909 1.4718114654976 -1.4846666454414 1.44589489448398 0 0 145 0 0 0 0 0 0 0 0 0 0
1 0.0548640383126032 -0.346823438723621 0.651307716358671 1.97516401763474 1.79322993151559 -0.34748854122343 0 0 146 0 0 0 0 0 0 0 0 0 0
1 0.143664831924914 -0.0029149559684727 0.0690111801980235 -0.124157733310828 0.45319906246801 1.52785896645673 0 0 147 0 0 0 0 0 0 0 0 0 0
1 0.11498616874834 -0.743055414081946 0.179989890648412 1.38546474428077 1.77731573932706 -1.79125380466385 0 0 148 0 0 0 0 0 0 0 0 0 0
1 -2.35559060811567 -1.44326296116089 -1.1857920907519 0.364982417849622 0.216045403673905 0.297989632155991 0 0 149 0 0 0 0 0 0 0 0 0 0
1 -0.120888603572643 0.0222761671358705 -0.0039166324666332 1.20620673302873 0.762901929557357 -1.35668539893441 0 0 150 0 0 0 0 0 0 0 0 0 0
1 0.283344161903041 0.629542383737325 -0.0464889844502325 0.461433463333318 -0.312576893709817 -0.172479941288163 0 0 151 0 0 0 0 0 0 0 0 0 0
1 -0.742327053486505 0.965427229663318 1.1128833411838 0.442259813876144 -1.26678372622748 -0.050551397076315 0 0 152 0 0 0 0 0 0 0 0 0 0
1 0.734044038006235 0.769598969669092 -1.56240505405201 0.617403368353277 0.134400450505928 -0.220388436146383 0 0 153 0 0 0 0 0 0 0 0 0 0
1 -0.134199820559268 0.435795346208453 -0.264389201976737 -0.546638700465113 0.322574943939238 0.0148745449306397 0 0 154 0 0 0 0 0 0 0 0 0 0
1 -0.818048181127613 0.389359779796119 1.26003743020273 0.142847568847815 -0.58311596463341 2.4371518448547 0 0 155 0 0 0 0 0 0 0 0 0 0
1 0.895574844207731 -0.24568271051096 -0.869520493840414 -2.10268004082165 0.317997557696484 -0.0533812095133459 0 0 156 0 0 0 0 0 0 0 0 0 0
1 1.05239077162531 -0.653266463057211 -1.16636882336054 -0.355955061768027 0.836038129565144 0.705489321693569 0 0 157 0 0 0 0 0 0 0 0 0 0
1 0.749908233410575 0.107442860597763 0.488397024493093 -0.836328399891265 0.986982796601287 -1.05008114294645 0 0 158 0 0 0 0 0 0 0 0 0 0
1 0.504698426896951 -0.55628849032283 1.01266057264357 -0.101331584740116 -0.150697283195716 0.318001979397163 0 0 159 0 0 0 0 0 0 0 0 0 0
1 -0.259180969609328 0.36917295241529 0.204911344133116 0.542810909193637 0.600214333522214 -1.10686220849424 0 0 160 0 0 0 0 0 0 0 0 0 0
1 -0.122586723885393 -1.6343969817649 0.11444384595323 0.932101672374681 -0.615509178028701 0.0612595578602995 0 0 161 0 0 0 0 0 0 0 0 0 0
1 0.292159010447303 0.236302357097783 0.552953349021271 -2.63986920138183 -0.431881930267937 -0.488538069170476 0 0 162 0 0 0 0 0 0 0 0 0 0
1 9.570482925603 -0.0981268208549642 -4.35833677897069 0.758770567944899 0.598602797015039 0.0333169445270414 0 0 163 0 0 0 0 0 0 0 0 0 0
1 -1.11936263491782 0.214776319140185 -3.03156850099991 0.0758127010845104 -0.320843175381362 -1.15468356586515 0 0 164 0 0 0 0 0 0 0 0 0 0
1 0.0927747474825478 -0.270837435651542 -0.0886850804859746 -1.07415187256776 -2.03491169974582 1.1034369811395 0 0 165 0 0 0 0 0 0 0 0 0 0
1 0.288506614051451 0.417893709037901 1.60420898205505 0.701392529229541 0.833573582386059 -0.740812847057793 0 0 166 0 0 0 0 0 0 0 0 0 0
1 1.04704989453693 -0.0615532221587703 -1.92029987544735 0.13378479201856 0.688458351035726 0.564834347078808 0 0 167 0 0 0 0 0 0 0 0 0 0
1 -0.632232034630836 0.0416640032034812 -1.52432276963987 0.540662184652049 1.59424470743593 -0.200916154908121 0 0 168 0 0 0 0 0 0 0 0 0 0
1 0.0965034086325248 -0.371539577303179 0.293928119684397 -1.61343064963965 1.65143392356678 -1.16748396859048 0 0 169 0 0 0 0 0 0 0 0 0 0
1 1.78565046673737 3.28177894840504 0.377312694518547 -0.0591659597132806 -0.698747248845613 0.926505825472146 0 0 170 0 0 0 0 0 0 0 0 0 0
1 -1.73151801620124 -2.14157081699111 -3.87215926520457 0.513798401615219 -0.326312300906648 0.347936073921427 0 0 171 0 0 0 0 0 0 0 0 0 0
1 -0.242529717574532 0.0632431115164482 -1.02491724213389 1.68836024966683 -1.24600004659263 -1.49044036876361 0 0 172 0 0 0 0 0 0 0 0 0 0
1 0.531959441540218 -0.233986913596885 -0.400257106735693 0.633582372177717 0.89087298444037 0.59987271832341 0 0 173 0 0 0 0 0 0 0 0 0 0
1 -1.80041205384746 -0.235173110513669 -0.548271319829853 0.273369290592862 -0.7404527957613 -0.878792440881822 0 0 174 0 0 0 0 0 0 0 0 0 0
1 0.138141241167634 3.90803866027741 1.16002261059094 0.488969026764094 1.17401444904968 0.179019338995398 0 0 175 0 0 0 0 0 0 0 0 0 0
1 0.554238677032379 -1.15735739840163 -0.531923895829671 1.28499782551366 -1.87297480653406 0.953399023374248 0 0 176 0 0 0 0 0 0 0 0 0 0
1 0.658506935803948 -1.24877700697193 -0.602264061750966 1.06981118615446 -1.44455575190746 -0.960058267129189 0 0 177 0 0 0 0 0 0 0 0 0 0
1 -0.191779148853307 0.172762235076741 0.0098793477500663 0.156267624281865 -0.568501048025638 -0.34195095506827 0 0 178 0 0 0 0 0 0 0 0 0 0
1 0.100770855012076 -0.568443518841887 0.119904333600049 1.6981701173045 -2.28965623606082 1.11144438411605 0 0 179 0 0 0 0 0 0 0 0 0 0
1 -0.297112015038078 1.22887950946148 0.332123118232498 0.526364986664504 0.512437117941709 1.3050189707921 0 0 180 0 0 0 0 0 0 0 0 0 0
1 -0.0307564694457798 -0.0473844482573506 0.866002668966405 -1.06365941085422 -0.360324462126207 -0.969780926266127 0 0 181 0 0 0 0 0 0 0 0 0 0
1 0.340472302823489 0.113151274684004 0.300271094156697 -0.799605054426842 -0.435231094198544 -1.79532308106823 0 0 182 0 0 0 0 0 0 0 0 0 0
1 1.25926291232957 0.0877761078426584 -0.0120793944901741 -0.101052408571471 -0.615368424155483 -0.0306920662760551 0 0 183 0 0 0 0 0 0 0 0 0 0
1 0.54259159605341 -0.0833914745402647 0.888763751617737 1.80124492786912 -2.18581075627273 0.325234177161631 0 0 184 0 0 0 0 0 0 0 0 0 0
1 1.19102355544017 1.14081445893065 0.558172370484756 -0.433770850977722 2.05491021211929 -0.0799149595053992 0 0 185 0 0 0 0 0 0 0 0 0 0
1 0.913990744423283 0.968402859724166 0.0315363498700935 0.443813028900586 0.886275694645959 -0.626411371849011 0 0 186 0 0 0 0 0 0 0 0 0 0
1 0.583439721385594 0.862761525048837 0.976958207327921 1.60290158585203 0.806910064511821 0.800700839145435 0 0 187 0 0 0 0 0 0 0 0 0 0
1 1.82454360617098 2.07465606579408 2.02544259001441 -0.765183731381924 -0.165825335328732 -0.434858348792486 0 0 188 0 0 0 0 0 0 0 0 0 0
1 0.497084939785983 0.111362743673246 -1.35949757610812 1.30344856041079 0.506182717272612 0.653888817257295 0 0 189 0 0 0 0 0 0 0 0 0 0
1 0.851652312297501 -1.29810148279091 0.987439457609974 -0.726088092889386 -0.19793401702175 0.329546562565458 0 0 190 0 0 0 0 0 0 0 0 0 0
1 0.757185637634931 -0.287693314857572 -0.225331540796595 0.0107365156272985 -0.933649231609397 -1.27637766801466 0 0 191 0 0 0 0 0 0 0 0 0 0
1 -0.0813800464891428 0.0819150397605058 -0.222295777600927 -0.106388632158296 2.72018692445193 -2.31812345454043 0 0 192 0 0 0 0 0 0 0 0 0 0
1 0.297279046541098 -0.29367994984391 -0.702506263453401 0.797891194553107 -0.305609780626493 1.30631386246522 0 0 193 0 0 0 0 0 0 0 0 0 0
1 0.0833321018825485 0.144517021043045 0.233660724714282 2.78831583051072 -2.07747567202304 -0.293383180051653 0 0 194 0 0 0 0 0 0 0 0 0 0
1 0.025525083169273 0.0951235632354615 -0.210356194683773 0.621842845180758 -0.297138998380744 0.0829333132434257 0 0 195 0 0 0 0 0 0 0 0 0 0
1 0.178093356430789 -0.855874441084472 -1.04066346091247 -0.635378853106997 1.05587987458985 0.37985314826846 0 0 196 0 0 0 0 0 0 0 0 0 0
1 -0.0237705322475666 -0.153463198512727 -0.293088182786741 0.148854300215049 -1.00293019236953 1.12104621558851 0 0 197 0 0 0 0 0 0 0 0 0 0
1 -0.436930092920155 0.0449087002057654 1.22284990385403 0.854642469673107 1.23376995234925 1.24907900824505 0 0 198 0 0 0 0 0 0 0 0 0 0
1 2.01766870331539 3.01291289964628 -0.134726771821677 0.206452580466711 -0.204012249230516 0.8258084377057 0 0 199 0 0 0 0 0 0 0 0 0 0
1 0.604148944078497 0.133502659309633 -0.187716096218533 0.581883505774369 0.955084055606888 1.82021124157804 0 0 200 0 0 0 0 0 0 0 0 0 0
1 -0.110849936910755 0.335756755127836 0.123625343659784 -1.2081224070339 1.78227887098047 -0.683958351722932 0 0 201 0 0 0 0 0 0 0 0 0 0
1 0.568111190636993 -0.0575292364438427 0.717902806266621 -0.0880399058305517 -0.0152659392976214 0.522444983249808 0 0 202 0 0 0 0 0 0 0 0 0 0
1 -0.703939323884272 -0.28656065364633 1.4557008762653 -0.787371699740767 -0.3024891688816 -1.16687299187218 0 0 203 0 0 0 0 0 0 0 0 0 0
1 -0.112352319231402 3.37892816006216 1.48432547920047 0.10024357555044 -1.47597720363296 -0.830650073524755 0 0 204 0 0 0 0 0 0 0 0 0 0
1 0.120469098238214 0.336621078717615 0.124568099724384 -0.435587048669141 -0.633088778854372 -0.676525797229281 0 0 205 0 0 0 0 0 0 0 0 0 0
1 0.165899063222016 -1.58892766538831 2.14229533860354 0.556878325678592 -1.14409390440414 -0.267482247724715 0 0 206 0 0 0 0 0 0 0 0 0 0
1 2.07469377957049 0.994289202471329 -1.19490009558263 -0.688408519018601 0.479489700970838 -0.970538910746435 0 0 207 0 0 0 0 0 0 0 0 0 0
1 0.790503668371974 1.21188592832148 -0.995428767891775 -0.614961044678863 0.184894399139939 -0.00870217703865774 0 0 208 0 0 0 0 0 0 0 0 0 0
1 -0.150158549367888 1.62401318790278 0.195852393372155 -0.552213868048353 -1.41075466225166 -0.206174219230623 0 0 209 0 0 0 0 0 0 0 0 0 0
1 0.979011839064389 -0.16271716814253 -0.122714881589147 -1.12442915333463 0.315679231729341 0.180280143057969 0 0 210 0 0 0 0 0 0 0 0 0 0
1 -0.075431151877319 -2.85103439687705 -1.77289801601309 0.132621851254047 0.214759108901205 -0.956043067421529 0 0 211 0 0 0 0 0 0 0 0 0 0
1 0.441905394022307 0.264005528796392 0.60186465296357 -0.0316066768736942 1.51052509889672 0.753451858103289 0 0 212 0 0 0 0 0 0 0 0 0 0
1 0.987582639116803 -1.64646307751859 -0.651843577102597 -1.04727481434267 0.820316360828474 -0.0933542656416008 0 0 213 0 0 0 0 0 0 0 0 0 0
1 -1.23656756031945 -0.0486889400275788 -0.465593851863006 -0.25697366146604 -1.11234239125385 0.396225457380836 0 0 214 0 0 0 0 0 0 0 0 0 0
1 0.281058000147224 0.0672820185778283 0.464545793991523 -0.74597150654778 -0.289207178424436 1.0403882613577 0 0 215 0 0 0 0 0 0 0 0 0 0
1 -0.229363256081291 0.508901626650678 -0.0104171158684606 1.94360458927958 -1.24518227196113 -0.742186696241156 0 0 216 0 0 0 0 0 0 0 0 0 0
1 3.05464133618618 3.32540410848803 -2.73088294946194 0.646127809690404 0.503872060190481 0.264264433617533 0 0 217 0 0 0 0 0 0 0 0 0 0
1 0.165752756536838 -0.405722839902415 0.971688245520354 -1.96780599125618 0.0421261753888729 -1.41681474868011 0 0 218 0 0 0 0 0 0 0 0 0 0
1 0.42771394698448 1.07814162667113 -1.27501783649695 -0.802042834146716 -0.179393318496044 -1.01762454069162 0 0 219 0 0 0 0 0 0 0 0 0 0
1 0.236695446339735 0.316299223743357 0.580810752865577 -0.424926618555662 -0.298220479555318 -1.04411443032575 0 0 220 0 0 0 0 0 0 0 0 0 0
1 -0.378599706507429 0.648899962833519 -0.844687114173209 -1.58877727945616 -1.64630458671765 -1.28497043072546 0 0 221 0 0 0 0 0 0 0 0 0 0
1 -0.051858237226594 2.16422506236136 -2.21366479414219 -0.598080579018697 1.11797843172198 -0.122084061219292 0 0 222 0 0 0 0 0 0 0 0 0 0
1 1.69379460519042 -0.877812694763431 1.74745931917935 0.615208290247127 -0.738466516121767 0.200501625727608 0 0 223 0 0 0 0 0 0 0 0 0 0
1 2.08579565241458 2.21087507544809 0.0659853447141079 -0.284882230149871 -0.718691204098424 -0.953250568264296 0 0 224 0 0 0 0 0 0 0 0 0 0
1 2.46290149342581 0.430261551652587 0.441217438571228 1.13543697009319 -0.110260854470465 -1.08402231638478 0 0 225 0 0 0 0 0 0 0 0 0 0
1 -0.185388128152763 0.0064428588666874 -0.759631997805257 -0.753136463532206 0.124878548942154 0.203303874161034 0 0 226 0 0 0 0 0 0 0 0 0 0
1 -0.855305641649935 0.219669765792619 0.58530938497097 -0.375298775240681 -0.594048341138742 -1.40342937289043 0 0 227 0 0 0 0 0 0 0 0 0 0
1 -0.0250540832984808 -0.224706734102396 -0.501932232435455 1.06201873514741 -0.0610293616373176 -1.7831018209285 0 0 228 0 0 0 0 0 0 0 0 0 0
1 0.748348111172634 -0.127728055545119 0.869645431069253 -1.37425249875124 0.289056636681979 1.01092044495646 0 0 229 0 0 0 0 0 0 0 0 0 0
1 0.498605508296016 -0.264081875989171 0.165891425736907 0.953133946765898 -0.154019189580837 3.32669184109457 0 0 230 0 0 0 0 0 0 0 0 0 0
1 -1.3520425957867 -0.215336431809001 0.463681414997866 -1.10397298445969 -0.385474682091236 -0.218835874538855 0 0 231 0 0 0 0 0 0 0 0 0 0
1 0.147368087263323 0.259158306773575 0.132340204129308 0.0369951211584632 -0.338354387170922 -0.859130229412555 0 0 232 0 0 0 0 0 0 0 0 0 0
1 -0.75471701770771 -1.83376253965445 -1.26993548435024 0.382058005454876 -0.40095108861312 0.584560531343528 0 0 233 0 0 0 0 0 0 0 0 0 0
1 -1.12026327045081 -0.383039241117567 -1.74349613167284 1.32303595135617 -0.116494508283355 -0.620892808251523 0 0 234 0 0 0 0 0 0 0 0 0 0
1 -0.209855306431024 1.60960846254563 1.05656395714338 -0.0397704158809853 0.0144084424877732 1.89280759149886 0 0 235 0 0 0 0 0 0 0 0 0 0
1 -0.484362988354646 2.27211385062584 -0.0414436236691706 0.568337569368751 0.140657823067214 -0.684308500466879 0 0 236 0 0 0 0 0 0 0 0 0 0
1 -0.149509718970343 0.567766608655797 0.892318553519045 -1.57330529727962 0.938807523197998 -0.0293707453498724 0 0 237 0 0 0 0 0 0 0 0 0 0
1 -0.829772014137778 0.143826674918627 0.635949598497872 0.184759378720604 -2.09875899722953 0.0746975488369691 0 0 238 0 0 0 0 0 0 0 0 0 0
1 -0.190129034460666 -0.709193731237992 -0.148637121001026 0.909067427745075 -0.313682516425396 0.0839294301042188 0 0 239 0 0 0 0 0 0 0 0 0 0
1 1.86824376525417 0.182823762267976 0.464450141426266 1.35845361522801 -0.771768924647046 1.14890088982441 0 0 240 0 0 0 0 0 0 0 0 0 0
1 -0.212269962992434 0.527165217344044 0.413263966520916 -2.25674558909349 -1.51466945292144 -1.64876559594246 0 0 241 0 0 0 0 0 0 0 0 0 0
1 1.46003524030019 1.57862691378497 -0.228094354672529 1.02105819653015 1.37930059444645 1.36705189054003 0 0 242 0 0 0 0 0 0 0 0 0 0
1 -0.411230298429945 0.230022596341165 -0.573584055005524 -0.332322989658581 2.28068370677002 -1.30368582107048 0 0 243 0 0 0 0 0 0 0 0 0 0
1 -1.42297403083368 -0.176767571264244 -0.614404846467362 -0.142716388347186 0.381892306495179 -0.681032340621754 0 0 244 0 0 0 0 0 0 0 0 0 0
1 0.475250879277393 0.141850673276298 0.876921058131007 -1.32697418576616 0.704408379315761 -1.68881136099003 0 0 245 0 0 0 0 0 0 0 0 0 0
1 -1.00315405129548 -0.0451732631103789 0.758373451919361 0.377882368465017 0.108209887541818 0.788151682608816 0 0 246 0 0 0 0 0 0 0 0 0 0
1 0.846317232092577 1.00915496408946 0.288498663852038 -0.358237167466235 -0.558592626743364 -0.400193174985955 0 0 247 0 0 0 0 0 0 0 0 0 0
1 1.03285759941513 1.24941760877731 0.0938892536205685 0.21247704147917 -1.4235610083395 0.0842301280922381 0 0 248 0 0 0 0 0 0 0 0 0 0
1 0.691587322136892 0.496879763049286 0.293059270816041 1.11553997880549 1.46553906075189 -0.509569715954817 0 0 249 0 0 0 0 0 0 0 0 0 0
1 1.34633556714803 0.657766112863276 0.126437674953447 -0.11668753979568 0.710406018695379 0.395830957581642 0 0 250 0 0 0 0 0 0 0 0 0 0
1 1.20539755673496 1.20127521071516 0.0688106225318606 0.612221988946539 -0.448110046811225 0.827015532983759 0 0 251 0 0 0 0 0 0 0 0 0 0
1 1.00724979416 0.238613585100533 0.517859660771152 -0.0337163556909447 -1.08393183189306 -1.10449793526634 0 0 252 0 0 0 0 0 0 0 0 0 0
1 -0.317881039265765 -0.178402365830391 0.528591409805922 0.114317536600677 -1.38411389804353 -0.665713386166659 0 0 253 0 0 0 0 0 0 0 0 0 0
1 -0.296354197248558 0.0983403861888191 0.0304852228268484 -0.0758414201695478 1.43302789056659 0.230919117476705 0 0 254 0 0 0 0 0 0 0 0 0 0
1 0.635301668949814 0.0778736714909188 -0.196491835287561 -0.950295669491211 0.133865229241762 -0.44273494549428 0 0 255 0 0 0 0 0 0 0 0 0 0
1 0.467961756659362 -1.30045512801136 -0.877600641273025 -0.186704059466807 -1.17752770720931 0.251106209653641 0 0 256 0 0 0 0 0 0 0 0 0 0
1 0.22205687826473 0.342639237983602 -0.0212222598071776 -1.90271783503841 -0.844699146287391 1.70558105287765 0 0 257 0 0 0 0 0 0 0 0 0 0
1 1.45570970597336 -0.590926193919823 -0.623045556883192 1.06280736596178 -1.02353871226965 0.022128455143716 0 0 258 0 0 0 0 0 0 0 0 0 0
1 0.309866718371039 0.546872040860582 0.582057282509839 1.37035964063187 -1.85034655262726 -1.35003953421474 0 0 259 0 0 0 0 0 0 0 0 0 0
1 0.556504445736333 -0.360735040456171 -0.316650048542602 -1.04793926218763 -1.91752456966277 -0.440465568728834 0 0 260 0 0 0 0 0 0 0 0 0 0
1 -0.561157327981778 -0.261132526389983 -0.0988942283356238 -0.893665869092185 1.66963326726081 -0.224434007668667 0 0 261 0 0 0 0 0 0 0 0 0 0
1 -0.259297315032773 -0.165019006184561 -0.0362069421758563 0.604827209462951 -1.06069856193272 -0.417093819678973 0 0 262 0 0 0 0 0 0 0 0 0 0
1 -0.0933366404977535 -0.764248258325246 -0.405687286927556 -0.575031317593151 0.421559109707435 -0.616880313550276 0 0 263 0 0 0 0 0 0 0 0 0 0
1 0.0920575698879119 -0.735530772521316 -1.51356099331966 -1.12736831224857 1.82521336553447 0.75406721055533 0 0 264 0 0 0 0 0 0 0 0 0 0
1 0.045109172144598 0.439663116033345 0.0065395492129157 0.437305719184018 0.966281190652995 -0.400555958845687 0 0 265 0 0 0 0 0 0 0 0 0 0
1 0.230560421422007 -0.603586816614091 0.44430890876328 -0.209546871248358 -1.53377330722819 -2.4257995720787 0 0 266 0 0 0 0 0 0 0 0 0 0
1 0.994438896649282 -0.114532471040313 -2.09584409595476 -0.082073493086258 -0.262027123938146 0.819285406156262 0 0 267 0 0 0 0 0 0 0 0 0 0
1 -0.404149315861227 -0.868594684616978 -0.480201956969014 -0.0280704572791088 -0.243493527812044 0.932202141016401 0 0 268 0 0 0 0 0 0 0 0 0 0
1 1.7311546641725 -0.142151762895322 -0.910398596234873 0.574981407934764 -0.710455196125905 -0.06945742387006 0 0 269 0 0 0 0 0 0 0 0 0 0
1 0.314155133251264 0.0398169143259679 0.0689710482836224 -1.46854885125549 1.06985516899711 1.61486809172009 0 0 270 0 0 0 0 0 0 0 0 0 0
1 0.884456487005092 -0.676666548447244 -0.287677522971417 -0.313485873398372 0.791205054707697 0.75933415169063 0 0 271 0 0 0 0 0 0 0 0 0 0
1 0.257122483849061 -0.267066201075878 -0.0919025713979656 -0.977155536259765 -2.91005455839283 0.683619332035061 0 0 272 0 0 0 0 0 0 0 0 0 0
1 -0.0832899669389081 1.38583737429421 -0.407321858789791 -0.856120201306424 0.407018773219555 -1.60243507628738 0 0 273 0 0 0 0 0 0 0 0 0 0
1 1.99221231738562 -2.68644188183961 -1.16447641440435 -1.09145016618447 -0.0464005899983424 -0.150617009069694 0 0 274 0 0 0 0 0 0 0 0 0 0
1 0.636187632760619 -0.625280673176529 -0.312292397290342 0.665339632212049 0.696097677463762 -0.474297959255304 0 0 275 0 0 0 0 0 0 0 0 0 0
1 -1.66856890770447 -0.509360329046107 1.52582821085807 0.456752513200712 -0.864007713367238 -0.375103692153252 0 0 276 0 0 0 0 0 0 0 0 0 0
1 -0.153020806227897 0.914926492666353 -1.59960230686503 0.897702984738673 -1.32009952345588 -0.474619249121734 0 0 277 0 0 0 0 0 0 0 0 0 0
1 0.135416967721273 0.0828507391781294 -0.158464295014675 -0.817712329195818 2.2937117843404 2.73047849310884 0 0 278 0 0 0 0 0 0 0 0 0 0
1 0.657521316769882 -1.55728666629449 2.21167358871176 0.715186071274746 0.213948683356008 -0.138985947098516 0 0 279 0 0 0 0 0 0 0 0 0 0
1 0.517212504697816 -1.17175662671861 0.038779971442712 -1.10357604144044 -1.45561246414618 -0.120527956634079 0 0 280 0 0 0 0 0 0 0 0 0 0
1 0.228905387759087 -0.684526166053366 -0.163041106890845 -0.357913451111604 -0.519113734440253 -0.909166638578971 0 0 281 0 0 0 0 0 0 0 0 0 0
1 0.975249669270339 -1.07425115131907 -2.86647615813364 0.983238748952955 -0.752248192554071 -0.518845196830283 0 0 282 0 0 0 0 0 0 0 0 0 0
1 0.18256424846574 -0.109611882151252 1.96710652393464 -0.405420257211666 0.0175181675049206 -0.103206097039069 0 0 283 0 0 0 0 0 0 0 0 0 0
1 -0.257992528758928 -0.532743009149303 0.189409257422644 0.144313752520402 1.94577218451862 0.434117714887113 0 0 284 0 0 0 0 0 0 0 0 0 0
1 1.23836643780849 0.458914552115065 2.06344897873173 0.761805551862624 -0.525943695779254 0.254602693244893 0 0 285 0 0 0 0 0 0 0 0 0 0
1 0.716845886897575 -0.497804539830741 0.557655605682817 1.46791295478919 0.0591586912418807 -0.314883528297811 0 0 286 0 0 0 0 0 0 0 0 0 0
1 0.0673704677141751 -0.387041978451374 0.290933072511654 2.28279732511327 1.28117859773972 -0.687048338584723 0 0 287 0 0 0 0 0 0 0 0 0 0
1 -0.146802322897365 0.672980596579961 0.263798169831374 -0.0689218550246552 0.606972393674488 -0.595509242214138 0 0 288 0 0 0 0 0 0 0 0 0 0
1 -0.826265748971945 0.311657666739629 -0.686622237839271 -0.0518156409070923 -0.388982527062622 -1.39338902252776 0 0 289 0 0 0 0 0 0 0 0 0 0
1 0.410781424445302 -0.369642018465556 -0.784714746474989 0.933325308264994 -0.00321376046328303 0.726242164115634 0 0 290 0 0 0 0 0 0 0 0 0 0
1 0.932383498717458 -0.227558393903956 0.545941245561057 0.946300001731003 2.34139061260551 -0.297244626466489 0 0 291 0 0 0 0 0 0 0 0 0 0
1 0.0312031632460152 -0.0254221864084061 -0.517067724778093 0.822011173815805 1.38171326378047 0.55287164155827 0 0 292 0 0 0 0 0 0 0 0 0 0
1 1.4749226242973 -1.55814682225693 3.3736744718008 1.14347414710869 -0.277105399196201 0.34876003089653 0 0 293 0 0 0 0 0 0 0 0 0 0
1 0.172096692349617 -0.657477939137538 0.0501450473400796 -0.223165975974907 -0.0806430388111949 2.37357691604187 0 0 294 0 0 0 0 0 0 0 0 0 0
1 0.169930491578615 -0.776418456546053 -0.413125632289251 -1.72910189867982 -1.13942731489881 0.249789822903553 0 0 295 0 0 0 0 0 0 0 0 0 0
1 8.63747303285626 -10.0479337262146 -5.23480844068279 -0.15117578722654 -0.0226036260301422 0.103128347618609 0 0 296 0 0 0 0 0 0 0 0 0 0
1 0.324225280275445 0.547663757142638 1.12154061426587 0.0283660136015427 -0.932467110679494 -0.196421191416456 0 0 297 0 0 0 0 0 0 0 0 0 0
1 -0.190463675896815 1.64422925659352 2.36543360917499 -0.157993660371312 -0.464550315810085 0.13244855496849 0 0 298 0 0 0 0 0 0 0 0 0 0
1 -0.433302871829692 0.185477381523023 0.911190445508169 -0.681368531608681 0.650983541342519 -0.225758314700821 0 0 299 0 0 0 0 0 0 0 0 0 0
1 -3.44550887223604 3.23202182146924 1.73144095775407 -0.0298931523918771 0.130731638544047 0.324949513939431 0 0 300 0 0 0 0 0 0 0 0 0 0
1 0.759791811900132 1.12933252170578 -2.12659854314888 0.593659472489002 -0.139959030972482 1.23592307413039 0 0 301 0 0 0 0 0 0 0 0 0 0
1 1.93764098090553 -0.465346659932633 -1.06899784059266 -0.163361083301044 -1.29770825940541 -1.22841715052571 0 0 302 0 0 0 0 0 0 0 0 0 0
1 0.450046556425678 -0.218926621873313 0.887004901588412 0.512446675565806 0.0500335582313434 -0.616132722933032 0 0 303 0 0 0 0 0 0 0 0 0 0
1 -0.294239268012495 -0.720517068128605 -0.7254840949673 1.6092553412199 0.340765848443488 0.88532894364004 0 0 304 0 0 0 0 0 0 0 0 0 0
1 0.0029149498402419 -0.0388688811199107 0.0051343455692954 -0.500029564662553 -0.670476513670655 0.976442694149078 0 0 305 0 0 0 0 0 0 0 0 0 0
1 -2.90681106369116 1.59093394599113 -1.06359525348126 0.132259188864468 -0.382349383004116 0.544819541377906 0 0 306 0 0 0 0 0 0 0 0 0 0
1 -0.636502536268283 -2.11472304134475 0.889353366937127 -0.649393390304952 -0.165895198263387 -0.672140969913665 0 0 307 0 0 0 0 0 0 0 0 0 0
1 0.344448530478339 0.0808278270856728 -0.0551984380097102 -1.80641191787471 0.964766028622692 2.27100963690683 0 0 308 0 0 0 0 0 0 0 0 0 0
1 -0.0394617233466842 0.435468321697119 -0.629866035673516 -0.461669818757551 -2.18371346549148 -0.0754948855971475 0 0 309 0 0 0 0 0 0 0 0 0 0
1 -0.0085701184150202 -0.369744850388958 -0.357536850584734 -1.41551116745262 1.87143003370953 0.731073761908927 0 0 310 0 0 0 0 0 0 0 0 0 0
1 -0.74736243990247 -1.41437251649635 -0.604202902419237 0.409657946988908 1.73402315407297 -0.741287859674781 0 0 311 0 0 0 0 0 0 0 0 0 0
1 -0.256967158513094 -0.0484055676543473 0.834254735875463 -0.382348531451456 1.84405138739554 -1.3966732466669 0 0 312 0 0 0 0 0 0 0 0 0 0
1 0.328615131425778 -0.28678669908262 0.0520847159423346 0.326988542428272 2.16870523852632 0.210558692452263 0 0 313 0 0 0 0 0 0 0 0 0 0
1 -0.826853677075161 -0.993183386072518 1.2815085602403 -0.777884788987589 -0.790798058664771 -0.76752475142518 0 0 314 0 0 0 0 0 0 0 0 0 0
1 -0.48778392181529 -0.591852845103266 0.353279137667444 0.473279007007243 0.354232824011874 0.823496080068842 0 0 315 0 0 0 0 0 0 0 0 0 0
1 -0.286672326307884 0.280621008083149 0.0814511703609953 1.19701575337196 0.725703363486401 -0.107516279252505 0 0 316 0 0 0 0 0 0 0 0 0 0
1 -1.07495269207758 0.574759822854363 0.729063953646128 0.519952127687771 -1.1742600373013 -0.224949207295188 0 0 317 0 0 0 0 0 0 0 0 0 0
1 -1.63431091703584 -0.699973752133523 -1.5767088717267 -1.18744803852044 0.173660435335372 -0.479612502121728 0 0 318 0 0 0 0 0 0 0 0 0 0
1 0.13358591040926 -0.302440901697301 -0.212416785122927 -1.28779022314624 -0.581221287913682 1.58344933291199 0 0 319 0 0 0 0 0 0 0 0 0 0
1 0.435947284616159 -1.18597454268462 0.376438813577214 0.00637209870999029 -0.829860765407328 -0.571895721127 0 0 320 0 0 0 0 0 0 0 0 0 0
1 0.358369956218334 0.126928622634127 -0.501243678725335 -1.32817546299466 -1.88451868141006 1.07199490119032 0 0 321 0 0 0 0 0 0 0 0 0 0
1 0.790258118947771 1.36087438846365 -0.78965316705625 0.349601494070447 0.0325804297231076 0.117432517597458 0 0 322 0 0 0 0 0 0 0 0 0 0
1 -1.23096422967416 -0.240008957284531 -0.580374857623422 1.05397334574348 0.522026765733484 -0.518433065796461 0 0 323 0 0 0 0 0 0 0 0 0 0
1 0.60876985327173 -0.903564520610164 0.0903584700021857 0.181665867514235 -0.444919743414404 0.337144940852767 0 0 324 0 0 0 0 0 0 0 0 0 0
1 -0.300060510800835 0.399429524318981 -0.462009478781638 -2.67241752236254 -0.860791953059595 -0.117246902472619 0 0 325 0 0 0 0 0 0 0 0 0 0
1 -1.95774421227828 -0.950393691726018 -0.319180295355465 -0.367750516096694 -0.635809347099091 -1.48325510499537 0 0 326 0 0 0 0 0 0 0 0 0 0
1 0.723415697701681 0.497569136805747 2.21710468959568 -0.416674205591743 0.990714119384083 -0.86735474803179 0 0 327 0 0 0 0 0 0 0 0 0 0
1 0.934723875066637 -1.37786907685661 -2.25650005729792 -0.707244226863683 0.170188311573424 -1.09390031752802 0 0 328 0 0 0 0 0 0 0 0 0 0
1 -0.23665023699606 -0.137990274295491 0.57278290688438 0.164093727534464 1.23451275047634 0.703324302477815 0 0 329 0 0 0 0 0 0 0 0 0 0
1 0.721622284783728 -1.16703909907908 -0.695793614764663 -0.175747446406564 1.09593037637532 0.0856086200014188 0 0 330 0 0 0 0 0 0 0 0 0 0
1 0.706393362462178 2.20293763613788 -0.835716207951839 -0.40481432805715 -0.589269568228001 -2.07213792945179 0 0 331 0 0 0 0 0 0 0 0 0 0
1 -1.63662613900582 -0.610285104549368 0.0419352398646275 -1.19864040448044 -0.178801559023977 0.109404611593542 0 0 332 0 0 0 0 0 0 0 0 0 0
1 -0.212365312177347 -0.167958379789096 -0.268313680313967 -1.73149234837651 -0.0999487473047663 0.0375591405449937 0 0 333 0 0 0 0 0 0 0 0 0 0
1 0.321590803313239 0.228335422416368 0.332653179100068 -0.0194022381287031 0.580643270081799 -0.172472507309406 0 0 334 0 0 0 0 0 0 0 0 0 0
1 0.0483614633039156 0.0726394709858448 0.130834270725787 1.78494442265335 -1.72381277910103 -1.87811192663392 0 0 335 0 0 0 0 0 0 0 0 0 0
1 -0.712690772855474 0.874361590854719 0.390238812793208 0.600354347644706 1.28065525095036 -0.0750601384625649 0 0 336 0 0 0 0 0 0 0 0 0 0
1 0.1598143570908 -0.700516916181368 -0.0230615719551158 -0.954219843867415 -0.244528645875834 -0.0369688035073158 0 0 337 0 0 0 0 0 0 0 0 0 0
1 2.2041023498748 2.53325856762788 -0.374657551386551 0.0974803863888539 0.150380126218293 -0.194480916752306 0 0 338 0 0 0 0 0 0 0 0 0 0
1 1.21647667927137 0.361056563571243 0.427989339549213 0.534899468764374 1.22970395151526 0.811311653314159 0 0 339 0 0 0 0 0 0 0 0 0 0
1 -1.82333834441342 0.525696157898434 0.765407153516582 -0.678568991802232 -0.570340761346583 -0.118805434902859 0 0 340 0 0 0 0 0 0 0 0 0 0
1 0.828773336306869 0.884109561875638 0.215953284451562 -1.2746833983896 1.17546057813571 -0.954654494879521 0 0 341 0 0 0 0 0 0 0 0 0 0
1 -0.448407459853414 -0.188000632176169 -0.493529651728865 0.843907488543333 -0.206837966347968 -0.0609340704527222 0 0 342 0 0 0 0 0 0 0 0 0 0
1 0.0947541472334987 -0.994338964483236 0.110732759160268 -1.04824744286961 -0.342204372358776 0.956809846768586 0 0 343 0 0 0 0 0 0 0 0 0 0
1 -0.720124344150131 -0.438716385986004 0.1779745139999 0.32255998969953 -0.905029838795787 -0.749412347325901 0 0 344 0 0 0 0 0 0 0 0 0 0
1 0.420676344642872 -1.28635777921363 0.671820374737699 -0.659740226801178 0.359060305983578 -1.92467127173749 0 0 345 0 0 0 0 0 0 0 0 0 0
1 -0.718385356897842 -0.495065175601451 1.02973912446924 -1.37681851092178 1.06964797167086 -1.24544774868781 0 0 346 0 0 0 0 0 0 0 0 0 0
1 0.0821068801612788 -0.528903658653184 -0.76940155445728 -0.380379935127015 2.78813651935112 0.780179861123855 0 0 347 0 0 0 0 0 0 0 0 0 0
1 0.298003281658497 -0.219864376901688 0.444995463476405 0.955959998749922 0.545654703148658 0.316952468514124 0 0 348 0 0 0 0 0 0 0 0 0 0
1 0.789363709722916 -0.35445830187971 -2.50711247758466 -1.12133358084735 -0.39588416897509 0.985364280424091 0 0 349 0 0 0 0 0 0 0 0 0 0
1 0.14634418768409 0.0575391666729772 0.0451942508393543 -1.96322978542316 2.93919483084977 -1.34532936277127 0 0 350 0 0 0 0 0 0 0 0 0 0
1 -0.175863857607478 -0.124591884462499 0.0011890787068869 -0.489898373840397 0.211550764371589 1.44445990153661 0 0 351 0 0 0 0 0 0 0 0 0 0
1 0.352449073209794 -0.324407807351775 -0.769070778688982 -0.390276172683063 -0.135894058377914 0.090623682389182 0 0 352 0 0 0 0 0 0 0 0 0 0
1 -0.39549650768271 -0.328557484329236 1.63608087764692 1.35484231668349 -0.225906051548071 -1.53720515035693 0 0 353 0 0 0 0 0 0 0 0 0 0
1 -1.07140908696302 0.733114015220293 0.134407981549015 -1.14379483653538 0.538949567142022 0.361636066450579 0 0 354 0 0 0 0 0 0 0 0 0 0
1 0.58389399594483 0.443535277601925 0.682036592901113 0.44027798586943 -0.766662949081294 1.01443944653906 0 0 355 0 0 0 0 0 0 0 0 0 0
1 1.06651325622996 1.41627836354279 -1.24680780749487 0.0790492921472537 0.279629078416846 -0.649361634520622 0 0 356 0 0 0 0 0 0 0 0 0 0
1 -1.92620917216752 1.59246067995053 -0.729015090733514 -0.595489022535857 -0.611006728638994 -1.05696243112859 0 0 357 0 0 0 0 0 0 0 0 0 0
1 -0.465702927242874 -0.0134544870531155 2.99549736307638 1.48267697520078 -0.179526478798179 1.23242854079857 0 0 358 0 0 0 0 0 0 0 0 0 0
1 -1.12210056435683 0.616987314019387 -0.456920189807909 0.549121981352819 -1.12519340605191 -0.161774330656386 0 0 359 0 0 0 0 0 0 0 0 0 0
1 0.489779827169746 -0.0363428088356779 -0.0763112661751882 1.40275041245574 2.58130452511211 0.175804674632999 0 0 360 0 0 0 0 0 0 0 0 0 0
1 0.698549550228723 -0.641105192032183 0.764507293697998 -0.5038319529915 -0.466758272500338 1.99924731165826 0 0 361 0 0 0 0 0 0 0 0 0 0
1 0.154445013247287 0.113593196632831 -0.118563070285925 0.704227850572397 0.211983321062238 1.8071462074897 0 0 362 0 0 0 0 0 0 0 0 0 0
1 0.0272771035620211 -0.343124862049698 0.123244064314748 -0.56234056428854 0.701571328754947 -0.168151450795507 0 0 363 0 0 0 0 0 0 0 0 0 0
1 0.208023277532397 0.630105067481898 -0.590654946687745 0.53635285288738 -0.215679711746075 0.118449917139251 0 0 364 0 0 0 0 0 0 0 0 0 0
1 0.404220039125872 -0.200019464603758 0.0258668526061084 -1.36344030737575 -2.47830840855986 0.770269385773782 0 0 365 0 0 0 0 0 0 0 0 0 0
1 0.494980999313523 0.192532093117266 0.0499465392094488 0.266737916423244 -0.632840269569972 2.82529585857702 0 0 366 0 0 0 0 0 0 0 0 0 0
1 0.0425899792072633 -0.283661724919058 0.572095048154691 -1.18386721580019 0.183551609915016 -0.479273604142381 0 0 367 0 0 0 0 0 0 0 0 0 0
1 0.24656065123409 -0.333035426637727 -0.613458074255494 -0.535984767129215 0.503049939756138 -1.50430830911831 0 0 368 0 0 0 0 0 0 0 0 0 0
1 0.264079450505654 -0.0450872002151115 -0.111433600423655 1.68528874748059 -2.53628828510112 0.942957552940786 0 0 369 0 0 0 0 0 0 0 0 0 0
1 0.778073388826696 0.0348129350546024 0.585027465830258 1.8306376438478 -1.38060067082701 2.05826189125225 0 0 370 0 0 0 0 0 0 0 0 0 0
1 0.0471346115793244 1.54731927764974 -0.708235399736956 0.140609661401171 0.586933244788345 1.0282241380243 0 0 371 0 0 0 0 0 0 0 0 0 0
1 3.25989258153535 4.41293937830353 -2.61231454803538 -0.134650608567279 0.459005022832609 -0.0321958441995646 0 0 372 0 0 0 0 0 0 0 0 0 0
1 0.364920895920794 0.123172725488167 0.392666107295243 -0.611031522772396 0.574671768287092 -0.0320389775431063 0 0 373 0 0 0 0 0 0 0 0 0 0
1 0.859745550540629 -0.77014031653264 -1.26217849706216 -0.422087455477047 0.190511561118216 1.09828313436862 0 0 374 0 0 0 0 0 0 0 0 0 0
1 -0.0712995981759209 -0.329420469447487 1.24296762269946 0.276974722521621 0.866712155537406 0.906108447044385 0 0 375 0 0 0 0 0 0 0 0 0 0
1 -1.22851733426178 -3.86326108615993 0.415523356374223 0.0652785696152206 0.219292518976916 0.396698286369046 0 0 376 0 0 0 0 0 0 0 0 0 0
1 1.1643353213279 -0.786199518674997 2.65617033539554 -1.28456711581905 -0.388245998434316 0.141987532430564 0 0 377 0 0 0 0 0 0 0 0 0 0
1 0.17735433104015 0.644121345687961 -0.571475143536382 -0.310942946036422 -1.25396624716947 -0.126005374450566 0 0 378 0 0 0 0 0 0 0 0 0 0
1 0.922159621895463 0.305572037243023 0.273240243871221 0.79633381782852 1.39407774313684 0.442474745751443 0 0 379 0 0 0 0 0 0 0 0 0 0
1 0.716391830193928 -0.0506496507276398 0.512033403977642 -1.97059924608421 0.327282553217704 0.473965760750359 0 0 380 0 0 0 0 0 0 0 0 0 0
1 -0.330500310613821 -1.44834991548649 -0.194010920021256 -0.307005130955967 -2.62736657359724 -0.385305002152823 0 0 381 0 0 0 0 0 0 0 0 0 0
1 0.647565786415746 -1.8482608236022 1.37097160398272 -0.614368405604355 -0.147635007162591 -0.188906957799661 0 0 382 0 0 0 0 0 0 0 0 0 0
1 -2.16260108527566 -1.8761671842654 -3.44683734408428 0.528531998571681 0.384021242323353 0.585654962177515 0 0 383 0 0 0 0 0 0 0 0 0 0
1 0.145881856483705 0.382827408301669 -0.0214940477889348 -0.780383370927477 -2.13728696120993 -0.438537182490184 0 0 384 0 0 0 0 0 0 0 0 0 0
1 -0.38278331694035 -0.531192197253219 0.0288065662671597 0.648153838095539 -1.60224575267589 -0.716648964531653 0 0 385 0 0 0 0 0 0 0 0 0 0
1 -0.397167536429403 -0.202706900683129 -0.118629676755144 -0.99520649680056 0.773268443065188 2.22670189445342 0 0 386 0 0 0 0 0 0 0 0 0 0
1 -0.301158127672023 0.196360948218655 1.09984251420334 -0.62555408893191 0.442144983524092 -0.915939764037317 0 0 387 0 0 0 0 0 0 0 0 0 0
1 -0.116060081704663 -0.0301189209555762 1.11059495360012 1.26608050250177 0.729486525649092 1.07151003807976 0 0 388 0 0 0 0 0 0 0 0 0 0
1 1.72536285499968 1.1476412211055 0.49320979819367 -0.535730367655681 0.203942375211284 -1.06533881398762 0 0 389 0 0 0 0 0 0 0 0 0 0
1 -0.317260919445924 -0.662049900480215 -1.88106364314785 -0.438259582257902 -0.826275294160497 0.362521242499991 0 0 390 0 0 0 0 0 0 0 0 0 0
1 0.0942310937378396 -0.399890306604061 1.97046961533747 -1.56804226394786 1.08950235323718 -0.451415906419036 0 0 391 0 0 0 0 0 0 0 0 0 0
1 1.52755574493615 0.0793139860275015 -0.623337475273881 0.0155958860628966 -0.218199159877863 0.383537465471763 0 0 392 0 0 0 0 0 0 0 0 0 0
1 -0.471975104780275 -0.60831557032215 -0.526332921016652 -1.34277223732534 -0.822841612023821 0.609105841135401 0 0 393 0 0 0 0 0 0 0 0 0 0
1 0.41258146520039 0.715956948213868 0.179491948382018 0.639412419106562 -1.96946939854838 -0.362549015704516 0 0 394 0 0 0 0 0 0 0 0 0 0
1 -0.0660586487986742 0.282708275565404 -0.491220065912599 1.31621654263105 1.13097683777089 -0.0323388438980016 0 0 395 0 0 0 0 0 0 0 0 0 0
1 -0.0025505339326599 0.512042738339694 -0.314162130389542 1.33469314626253 -0.228027053505132 -1.26502328319565 0 0 396 0 0 0 0 0 0 0 0 0 0
1 -0.423754645856589 -1.01919167307935 -1.04217494002184 -0.895522932632642 0.308095161622657 -0.146694767661657 0 0 397 0 0 0 0 0 0 0 0 0 0
1 -0.177620228353481 -0.144831098461132 -0.743373009373177 -0.0171655087126835 -0.694901154438941 -0.513144775670503 0 0 398 0 0 0 0 0 0 0 0 0 0
1 -0.283846711918266 0.755856257998837 0.185208994750057 -0.318785624755552 -0.593891534352911 0.337106477813976 0 0 399 0 0 0 0 0 0 0 0 0 0
1 -0.0863293180487229 -0.513277361780342 -0.451823118783864 -0.522300069994125 -1.13683926885456 -0.549778732131489 0 0 400 0 0 0 0 0 0 0 0 0 0
1 0.892794560681106 -0.916736110641338 -0.565888826478635 -0.0584132852768685 0.219222036448564 -1.65600160522352 0 0 401 0 0 0 0 0 0 0 0 0 0
1 1.2474454693193 -0.733908917582708 0.34029280334649 -1.20228336100058 1.10343532009071 1.29152344090785 0 0 402 0 0 0 0 0 0 0 0 0 0
1 0.249081479988978 -0.283395812974302 -0.004127400422498 -1.7945360929541 2.13418457983026 -2.40225571864387 0 0 403 0 0 0 0 0 0 0 0 0 0
1 0.373196071230462 -0.0816359624797401 -0.103812075087101 -0.268598216160131 -0.0526634899002069 -1.02246834668952 0 0 404 0 0 0 0 0 0 0 0 0 0
1 0.206134585360852 -0.208856521074004 -0.106107294056158 -0.570699229241873 -0.155182756745653 0.663054984180085 0 0 405 0 0 0 0 0 0 0 0 0 0
1 -0.955256196542922 -0.746007876259418 0.53735367904151 1.01275147230139 -0.821318264356728 -0.579175682760964 0 0 406 0 0 0 0 0 0 0 0 0 0
1 -0.709443049732628 -0.547506661286963 0.480938625980294 2.28035562167732 -0.185472409534375 0.240124306221799 0 0 407 0 0 0 0 0 0 0 0 0 0
1 0.418944896570232 -0.236185464308402 -0.472021564990535 -0.365408103626034 0.820015061867104 -1.90834697208039 0 0 408 0 0 0 0 0 0 0 0 0 0
1 1.02004999306329 -0.33662583049482 0.135572778216559 -1.20728332773323 0.152071878378956 -0.0869910327720818 0 0 409 0 0 0 0 0 0 0 0 0 0
1 0.355774665521761 -0.0483992079644315 -0.335706346742308 1.74878972973067 1.64490697088096 0.259427169796827 0 0 410 0 0 0 0 0 0 0 0 0 0
1 0.0501927154914727 0.132444689437056 -1.21791051644617 1.34886627031634 -0.159226080867201 -0.166015066389854 0 0 411 0 0 0 0 0 0 0 0 0 0
1 -0.194589919152323 2.02251797632309 -0.685680749157149 -0.928273964561122 0.596305777896413 -1.2007638381685 0 0 412 0 0 0 0 0 0 0 0 0 0
1 1.19114340028065 -0.401212794711087 1.35785573071246 -0.525768214446178 1.22646993337114 1.05089128893992 0 0 413 0 0 0 0 0 0 0 0 0 0
1 -0.701185767048291 -0.569144696038485 -0.7881112397715 -1.15022904854455 0.747207957910577 0.0932368027963632 0 0 414 0 0 0 0 0 0 0 0 0 0
1 0.0917061336549244 -0.389224290557897 0.269451273676683 -0.864727626454408 0.878511664615513 0.216549669755919 0 0 415 0 0 0 0 0 0 0 0 0 0
1 -1.36779557830743 0.945576657861257 -0.0340383131145848 -0.490098918274662 1.30190569508963 1.28879321153851 0 0 416 0 0 0 0 0 0 0 0 0 0
1 6.16729666390618 1.08874354475904 -2.08102858648082 -0.227413382322125 0.575909521381454 0.205742825125842 0 0 417 0 0 0 0 0 0 0 0 0 0
1 0.310262664825032 0.9208861751896 -0.0664475255769107 -0.37990012379394 0.181097073689915 0.74139490643419 0 0 418 0 0 0 0 0 0 0 0 0 0
1 0.0316959022956472 0.132098774793089 1.28949684814443 -0.437961354367976 0.213950703180801 0.968766471747896 0 0 419 0 0 0 0 0 0 0 0 0 0
1 -1.63011955461602 -0.357392054090181 -0.0108917916270693 -0.266425553223454 0.758234256478612 -0.0298976205420686 0 0 420 0 0 0 0 0 0 0 0 0 0
1 0.145166376983398 2.87535220986447 -2.63083791640488 -0.26908364643473 0.479292587887189 -1.39817094341607 0 0 421 0 0 0 0 0 0 0 0 0 0
1 -0.647832751867925 0.379253869174426 -0.737618643033399 0.784701776855408 0.436373617014813 1.13864070389197 0 0 422 0 0 0 0 0 0 0 0 0 0
1 0.105726572467949 -0.0397467435302549 -0.194935855733975 0.660553192247734 0.54143086473487 -0.735741171226199 0 0 423 0 0 0 0 0 0 0 0 0 0
1 -1.67770041824017 -0.694769773141959 1.3842291926175 -0.879441569318272 0.860888475882476 1.37891219651892 0 0 424 0 0 0 0 0 0 0 0 0 0
1 -0.690690071632039 -0.606911267455961 -0.309461552564899 0.465971598500437 -1.33518048302518 1.22261014497219 0 0 425 0 0 0 0 0 0 0 0 0 0
1 0.265477633245587 0.0470293945203094 -1.40375916592682 -1.2992304959336 1.40422221730446 -0.468314863258903 0 0 426 0 0 0 0 0 0 0 0 0 0
1 0.155666080300423 -0.673509216130547 1.52832827278941 -1.6874641183767 -0.415732691814523 0.0074702859442176 0 0 427 0 0 0 0 0 0 0 0 0 0
1 0.0273344633001256 -0.199365478535006 -0.172748136845417 -1.01152283133651 -1.5219778651267 -0.179252804398742 0 0 428 0 0 0 0 0 0 0 0 0 0
1 -3.47756712597621 1.66963202791491 2.68649199951025 -0.295082405826108 0.360448190245896 0.46599343500316 0 0 429 0 0 0 0 0 0 0 0 0 0
1 0.310064268530673 0.112752695221005 -0.374479065976596 1.60178947550721 0.159522107544636 -1.79346713949444 0 0 430 0 0 0 0 0 0 0 0 0 0
1 0.399324180705365 0.248363393291457 -0.158034241712223 0.024488059284008 -1.86694202112864 -1.72504531790414 0 0 431 0 0 0 0 0 0 0 0 0 0
1 0.437814810636913 0.0053655787793986 0.0154371103911159 0.302079235235002 1.27221992533495 0.571557031441217 0 0 432 0 0 0 0 0 0 0 0 0 0
1 -1.14359534205399 -0.257231118251073 0.224642017869758 0.956629606369671 -0.147866808961016 -0.945323502928379 0 0 433 0 0 0 0 0 0 0 0 0 0
1 0.210497572930959 -0.80673006396669 0.0654435749337348 0.25290692828529 0.088491004815034 2.61479923520506 0 0 434 0 0 0 0 0 0 0 0 0 0
1 -0.58331021129233 0.858203211792525 -1.06336440182235 1.27977408184604 -1.08838781592381 0.00730876147049157 0 0 435 0 0 0 0 0 0 0 0 0 0
1 0.675284456046678 0.420770009622197 -0.046641797610169 -0.744673552728869 -0.828753869203422 1.70902809699584 0 0 436 0 0 0 0 0 0 0 0 0 0
1 -0.172932171527078 -0.879764840016841 -0.136582470401503 -0.74384445597715 0.416494262004304 1.40411474414367 0 0 437 0 0 0 0 0 0 0 0 0 0
1 -0.62237285859692 3.72157526004978 -1.81688217941503 -0.397661145282814 -0.878703711629239 0.0560029617156887 0 0 438 0 0 0 0 0 0 0 0 0 0
1 -1.1244227530402 -0.192336536749097 -1.25456419563473 0.446930388567072 0.358243110838079 -0.314093190304985 0 0 439 0 0 0 0 0 0 0 0 0 0
1 1.74489137914883 -1.31940252484334 0.16204554517019 -0.664830603876668 0.705300659937447 0.242936731434253 0 0 440 0 0 0 0 0 0 0 0 0 0
1 0.647851105237618 1.20810430905047 0.814222989811833 0.007597810858137 1.44643096695449 -1.90165861372979 0 0 441 0 0 0 0 0 0 0 0 0 0
1 0.620976010914159 -0.710744557366917 -0.455635218231893 -0.777892580141596 0.10309686103801 -0.0627295562435217 0 0 442 0 0 0 0 0 0 0 0 0 0
1 0.885892320690293 0.792224055671906 -0.518417547971717 -0.631407775528174 -0.22450298618068 0.191797379235809 0 0 443 0 0 0 0 0 0 0 0 0 0
1 -3.84563842334065 1.56040036297672 -3.73982450430419 0.75262788796741 -0.721379476325491 0.239157403173378 0 0 444 0 0 0 0 0 0 0 0 0 0
1 -0.770721520748368 -0.333906311661104 -0.481227716198416 1.20675296148313 -0.374667353624042 -0.983411059614062 0 0 445 0 0 0 0 0 0 0 0 0 0
1 0.0986050988892451 0.103617213229652 -0.825440779302357 -0.845298840585018 0.251554607490226 -0.020112699973809 0 0 446 0 0 0 0 0 0 0 0 0 0
1 -0.180637373061569 1.15791062591355 0.285430104607992 0.678165503771721 -0.514517062545697 -0.851286713233441 0 0 447 0 0 0 0 0 0 0 0 0 0
1 0.335164769007709 -0.133557126922324 0.193763813596578 -0.18213443531597 0.715028342542712 1.69488768946065 0 0 448 0 0 0 0 0 0 0 0 0 0
1 0.58811292515058 2.26007049234675 3.02872761466146 -0.345285809678073 0.930370592684051 1.19465564345206 0 0 449 0 0 0 0 0 0 0 0 0 0
1 -0.838967268030645 0.119253656423072 -0.392028461354018 -1.66482209281764 -0.259951664024577 0.188468101741146 0 0 450 0 0 0 0 0 0 0 0 0 0
1 0.556460161959011 -0.155461539845506 0.262210256022028 -2.24862405923156 -2.34550728483837 1.29233628839205 0 0 451 0 0 0 0 0 0 0 0 0 0
1 -0.489661443511101 1.76639576977687 0.471630072875112 1.01125178917056 1.47935539430249 -0.0111658539558761 0 0 452 0 0 0 0 0 0 0 0 0 0
1 -4.3569068682601 -7.3076384600268 2.06797718617056 0.143027973047612 -0.478463166223525 -0.227851293393738 0 0 453 0 0 0 0 0 0 0 0 0 0
1 1.17427324042112 -0.0886438329112896 0.519474007541604 -0.0737966152157612 -1.18417716615663 -1.24915686003524 0 0 454 0 0 0 0 0 0 0 0 0 0
1 0.0705814741208318 -0.295218117410659 -0.509089352141044 0.696728815534537 -1.64670437410418 -0.616153152674066 0 0 455 0 0 0 0 0 0 0 0 0 0
1 -1.67006154649424 0.0034048346188433 -0.423967173353777 1.59035221945495 1.08779236722716 0.623342994591875 0 0 456 0 0 0 0 0 0 0 0 0 0
1 0.474635295113241 1.05983432208488 0.143783365736782 0.399247390042879 -0.0182852900969691 0.131536563914789 0 0 457 0 0 0 0 0 0 0 0 0 0
1 0.516903005576977 0.644286905521432 0.189983629276859 1.38696032205638 0.543974200762093 -0.00140854481526784 0 0 458 0 0 0 0 0 0 0 0 0 0
1 0.925379368496188 -0.502345085307911 -0.456155135244343 0.0061497216214807 1.08432190611789 1.02034991951544 0 0 459 0 0 0 0 0 0 0 0 0 0
1 2.60614850874743 -0.658463521808564 -0.724106002677378 -0.27303552870082 0.577872616411971 0.145990601683836 0 0 460 0 0 0 0 0 0 0 0 0 0
1 0.128275442971888 1.31518955972783 -1.46394984421433 1.99872642938512 -0.574436278704587 -0.235863226719066 0 0 461 0 0 0 0 0 0 0 0 0 0
1 0.343667289202928 0.423102237598303 -0.628945997632256 1.217850474744 -2.07379378885015 -1.77068307855108 0 0 462 0 0 0 0 0 0 0 0 0 0
1 -0.164714875012252 0.0784969776304449 -0.0497353159312129 2.71625502352772 -0.852820006599471 0.890179391257736 0 0 463 0 0 0 0 0 0 0 0 0 0
1 -0.968346624704861 0.699596568019257 -0.447255787425858 -0.918316038887842 0.303259705440063 0.00920766135011297 0 0 464 0 0 0 0 0 0 0 0 0 0
1 -0.123556286265073 0.302325913868044 0.476109784386776 1.71494846289226 1.61794578731598 -0.98134376815975 0 0 465 0 0 0 0 0 0 0 0 0 0
1 1.73316106462724 0.744162800146421 1.16814126697484 -0.803897742293287 -0.319077480666902 0.280294029528403 0 0 466 0 0 0 0 0 0 0 0 0 0
1 0.197420429828564 0.654037783341855 0.0723661580002234 -0.193111739015698 -0.569494833252605 -1.5272509964532 0 0 467 0 0 0 0 0 0 0 0 0 0
1 0.128822313272556 -1.34501010629097 0.363129425220854 1.392636316404 -0.717920459302519 0.192227756683366 0 0 468 0 0 0 0 0 0 0 0 0 0
1 -0.0422248052649625 -0.450691415005047 0.63123698094439 0.472504489996631 0.740286469536039 -1.04781618838308 0 0 469 0 0 0 0 0 0 0 0 0 0
1 0.640920216923131 0.199256232271992 0.0361839674560835 -0.66141547377213 -0.501570566360796 -1.3841395442607 0 0 470 0 0 0 0 0 0 0 0 0 0
1 1.00535213439233 -0.151493841076543 -0.172319441893192 -0.201937478386454 -0.0237068830515226 -0.0687784239821601 0 0 471 0 0 0 0 0 0 0 0 0 0
1 1.15235907090781 -0.603257069736859 -0.725597018915675 2.1935780873501 -0.419161202543433 0.308181780608991 0 0 472 0 0 0 0 0 0 0 0 0 0
1 -0.0984347469732504 -0.13551241328465 -0.204935795717338 0.60052565046369 -2.52694633752106 1.93551412449703 0 0 473 0 0 0 0 0 0 0 0 0 0
1 -1.78276956534087 0.678866488413069 0.832116338240163 0.366923597239355 0.317326616277217 -0.724278304652843 0 0 474 0 0 0 0 0 0 0 0 0 0
1 -0.248285286467284 -0.375144387083519 0.174975607009624 -2.76595379921157 -1.10273976300121 -0.306331952463942 0 0 475 0 0 0 0 0 0 0 0 0 0
1 -1.89984800980496 -0.81756756444993 0.505404764823639 0.458603523694679 -0.0161483449779321 0.748897459847894 0 0 476 0 0 0 0 0 0 0 0 0 0
1 0.627693480876642 0.807005981278767 0.467763347012068 -0.239677615544509 1.71015263202861 0.801667438088884 0 0 477 0 0 0 0 0 0 0 0 0 0
1 -0.370804293982127 0.499934555296169 -0.129347863373017 0.908281460856483 1.15160174610549 -0.104829493993583 0 0 478 0 0 0 0 0 0 0 0 0 0
1 -0.296862758639348 -0.708156505967771 -0.117606919636829 0.976572583386032 -0.726535619804337 1.90064636716021 0 0 479 0 0 0 0 0 0 0 0 0 0
1 -0.713378023463077 1.16330090420801 0.313525025728164 1.03771421327175 -0.454988288262765 0.950127620022534 0 0 480 0 0 0 0 0 0 0 0 0 0
1 0.0301837847752864 0.203347577186965 -0.253748586406223 0.213581253171899 -1.51447016029253 -0.632462920468863 0 0 481 0 0 0 0 0 0 0 0 0 0
1 0.447951662048755 0.607656421202921 0.615119517862478 -1.07509111746886 -1.15446041745662 -0.0694868760951896 0 0 482 0 0 0 0 0 0 0 0 0 0
1 -1.38056357980052 -1.68115711649252 0.578469215168373 0.969931526431398 1.15819176794753 -0.235363190863452 0 0 483 0 0 0 0 0 0 0 0 0 0
1 -0.0557882173378503 1.13817259982437 -0.379215401372056 0.119466331898014 0.694434659890866 1.92413552675068 0 0 484 0 0 0 0 0 0 0 0 0 0
1 0.172135477384358 -1.08270126213694 0.320817445267487 1.85557436279912 -0.588339468443585 -0.364400806230969 0 0 485 0 0 0 0 0 0 0 0 0 0
1 -1.69440180705664 1.56093839883447 2.62295542357883 -0.193203776337506 -0.417892359589078 -0.694437805182682 0 0 486 0 0 0 0 0 0 0 0 0 0
1 4.14152255951931 1.96699187936189 -5.64583084975697 0.343822251003318 -0.193665545333756 0.330392175117302 0 0 487 0 0 0 0 0 0 0 0 0 0
1 1.26846149231914 -1.59168980393035 -3.54179481477211 -0.29561921345238 1.53171806032954 0.62453770808956 0 0 488 0 0 0 0 0 0 0 0 0 0
1 0.021406193747587 -0.0102681145724245 0.597340832507262 -0.736591705860805 -1.22948105275086 -0.746386212380225 0 0 489 0 0 0 0 0 0 0 0 0 0
1 0.26985884599317 -0.154534126831057 0.39847594114289 -0.0974069023571307 -0.230474134824575 0.654759614898131 0 0 490 0 0 0 0 0 0 0 0 0 0
1 1.49295924864881 0.717150467721949 0.173380963789884 1.50217092671388 -0.628099259720739 0.138053986531896 0 0 491 0 0 0 0 0 0 0 0 0 0
1 -0.106016882073071 -0.679714606768667 0.153557294611784 -0.394486126396032 0.828741377321585 2.5595479677607 0 0 492 0 0 0 0 0 0 0 0 0 0
1 -0.819423801293016 0.644941482992437 1.37481533723782 -0.506998958861337 0.737826614515633 -0.191196621057271 0 0 493 0 0 0 0 0 0 0 0 0 0
1 -0.0773302559668837 -0.396411798194563 -0.705401153508735 -0.115272009370225 1.88152346323 0.714162949053307 0 0 494 0 0 0 0 0 0 0 0 0 0
1 -0.376151290531655 0.118080721626942 0.560881400353592 0.590837742214132 -0.515324513165985 -1.52645234452039 0 0 495 0 0 0 0 0 0 0 0 0 0
1 0.979508716248792 -1.59167597941022 -1.60626204952928 -1.51127405293656 -0.809300337532472 -0.651294119210395 0 0 496 0 0 0 0 0 0 0 0 0 0
1 1.41074804902197 0.409615928764937 0.896304886338802 -0.879214479881607 -1.82048817982914 0.832298785519145 0 0 497 0 0 0 0 0 0 0 0 0 0
1 1.28130430212487 5.16540246115665 0.441524585260104 -0.638843932892594 -0.424114585024302 -0.302740937507388 0 0 498 0 0 0 0 0 0 0 0 0 0
1 0.553005084095304 -0.432400140756862 -0.0059416104832769 0.635504438225724 -1.64846351770816 -0.277988614062574 0 0 499 0 0 0 0 0 0 0 0 0 0
1 -0.0050614042502933 1.49190284092207 0.414418477376072 -0.273838639651834 0.446654201719346 1.01144133439254 0 0 500 0 0 0 0 0 0 0 0 0 0
1 0.333147201114304 -0.0773497732294271 -0.0197394417390693 0.359835494852023 0.295321804722064 -1.61123110666553 0 0 501 0 0 0 0 0 0 0 0 0 0
1 0.076428050981553 -0.608830764644997 1.12012631506922 0.344730917123276 -1.6488706387684 0.307080359855316 0 0 502 0 0 0 0 0 0 0 0 0 0
1 -0.329200743747703 0.20391878201646 0.173462361222084 -1.48291136631008 0.0868372908954922 0.64730684055859 0 0 503 0 0 0 0 0 0 0 0 0 0
1 1.16846303417611 -0.295406069740753 -0.50702892434736 -0.731373646763047 0.672857686827303 -0.140577522686043 0 0 504 0 0 0 0 0 0 0 0 0 0
1 -0.117454882405658 0.114791039590644 -0.555100252041186 -0.0533005572420792 -0.264078797431148 -1.55481657606529 0 0 505 0 0 0 0 0 0 0 0 0 0
1 0.23959344025984 0.39622108436281 -0.167365597048022 0.731481126531583 -0.205535040581219 0.602164630102765 0 0 506 0 0 0 0 0 0 0 0 0 0
1 1.35125350888889 -0.17809610343299 -3.03683861259 -1.58309992545647 -0.160894997080941 0.41514582466679 0 0 507 0 0 0 0 0 0 0 0 0 0
1 0.539311693498491 0.57526316547604 0.174468986256013 1.841827256286 -0.506081384618074 -2.35955198585073 0 0 508 0 0 0 0 0 0 0 0 0 0
1 0.107119571651481 0.671716752961499 0.936631976944748 -0.451954924225111 1.79365610986604 -0.113808646604474 0 0 509 0 0 0 0 0 0 0 0 0 0
1 0.0520207302315876 -0.0395123938001029 0.822832557100892 -0.771409333205398 -0.587535565802766 1.02616967181576 0 0 510 0 0 0 0 0 0 0 0 0 0
1 -0.261243350295849 0.405779885132601 -0.15002450392857 0.249801179006962 -2.31291829623486 -0.110771906734587 0 0 511 0 0 0 0 0 0 0 0 0 0
1 0.178239190585056 -0.867140087856922 -0.229937221778169 -0.910211506523508 -0.211098655025926 1.00407543899774 0 0 512 0 0 0 0 0 0 0 0 0 0
1 -0.275685661980884 -1.54651207102965 -0.0618037986926497 2.46501229506626 0.262238031208865 -0.0834643888689517 0 0 513 0 0 0 0 0 0 0 0 0 0
1 0.485466736839387 0.310482819875267 -0.098449340292809 -1.45187545930849 -1.20254310607683 -1.10785287400941 0 0 514 0 0 0 0 0 0 0 0 0 0
1 1.10716989089651 -0.961758563507705 -0.503321959071163 1.56644779963309 -0.35049320256195 1.6198548567746 0 0 515 0 0 0 0 0 0 0 0 0 0
1 0.0565498151697863 0.528467164115081 0.580556909912999 0.590573576939412 0.259182635911434 -0.332965856087326 0 0 516 0 0 0 0 0 0 0 0 0 0
1 0.537155041425241 -0.762413626233657 -0.0046362038573271 0.378049154704397 0.446193652800276 -0.467031653683634 0 0 517 0 0 0 0 0 0 0 0 0 0
1 0.392381788850535 -0.141573386098495 0.439884365265286 -2.12457429968404 0.468227152136822 0.519426282154451 0 0 518 0 0 0 0 0 0 0 0 0 0
1 -0.163041247351505 -1.53320072411893 0.892433497226093 0.449885484219376 -0.40899983679377 -0.762840146195694 0 0 519 0 0 0 0 0 0 0 0 0 0
1 -0.237381096720675 0.119107997772208 0.989066717479101 -1.48209784397893 0.159151611426568 -2.24820005967514 0 0 520 0 0 0 0 0 0 0 0 0 0
1 1.77902566026306 -1.16131139243357 -1.6650726955212 1.0078595697884 -0.826917250208674 -1.03258850194129 0 0 521 0 0 0 0 0 0 0 0 0 0
1 0.340017510033585 0.297599620376062 -0.624214877304613 0.334956521390947 -1.06350572837834 -0.318077837694094 0 0 522 0 0 0 0 0 0 0 0 0 0
1 -0.0997204444662883 0.265269700695311 -0.226087868247459 -1.88605788121088 1.59939078401359 0.26552886292373 0 0 523 0 0 0 0 0 0 0 0 0 0
1 0.0718913996840467 0.285754212547662 -0.291953498285539 -0.385511343558948 2.23601836946936 0.349011992549883 0 0 524 0 0 0 0 0 0 0 0 0 0
1 1.03285163459001 0.440203564434249 -0.691821204557312 0.0346814223918257 -0.263572193730735 0.846992747119417 0 0 525 0 0 0 0 0 0 0 0 0 0
1 -2.11512351542372 -0.0489750016448986 0.894802720187574 0.161999337240343 0.61981950405992 0.389111786461768 0 0 526 0 0 0 0 0 0 0 0 0 0
1 0.5354699441332 0.107617813071103 0.363232003145676 0.10631007469829 2.15502705711459 -0.96901575907164 0 0 527 0 0 0 0 0 0 0 0 0 0
1 -0.396449556142842 -0.330424757126511 -0.985867215039113 -1.86176864494368 -0.56686059342648 -0.857765962217625 0 0 528 0 0 0 0 0 0 0 0 0 0
1 1.28072504656325 0.760492382363763 -0.791848724861008 -0.744778197466104 1.41415116905587 0.785736614600279 0 0 529 0 0 0 0 0 0 0 0 0 0
1 0.415997388529026 0.649404719872538 0.0269999617575755 -0.296359859793816 2.26504928783413 -0.129749062784865 0 0 530 0 0 0 0 0 0 0 0 0 0
1 0.417495480659381 0.0714380934042644 0.0237804392788427 0.121186242096909 -1.64014744752507 -0.44292126064251 0 0 531 0 0 0 0 0 0 0 0 0 0
1 -0.412877105747734 -0.444857393015862 0.0095176744917186 0.223699767396748 -1.10279529731171 -0.0397552063699424 0 0 532 0 0 0 0 0 0 0 0 0 0
1 0.531763767168142 0.244668003250652 -0.167383266004228 -0.236677087756814 1.4584162000045 -1.31015994214078 0 0 533 0 0 0 0 0 0 0 0 0 0
1 -0.275543885027581 -0.149426513796022 0.204557884200999 -0.753612229693583 0.184996138454571 1.79469498390258 0 0 534 0 0 0 0 0 0 0 0 0 0
1 -0.506343619459218 -0.250078688502483 0.511693372148901 -0.661407721930492 0.88706681086695 0.170277823204032 0 0 535 0 0 0 0 0 0 0 0 0 0
1 -0.428333240539544 0.737887506530871 -0.132025069206068 -0.0499701136083502 -0.195092415284823 -1.01249978064987 0 0 536 0 0 0 0 0 0 0 0 0 0
1 -0.286929322814159 -0.004792466725253 -0.0714755910960642 -0.416975960271568 -1.3882895579538 -0.486183229970146 0 0 537 0 0 0 0 0 0 0 0 0 0
1 -0.189189656166852 -0.564846177075797 1.27155419272945 0.626908548353785 -0.576143975940437 0.947882807820833 0 0 538 0 0 0 0 0 0 0 0 0 0
1 -0.805774159100114 -0.69215167098784 0.0318436610133804 1.34104059732904 -0.329537150667313 0.118167054045605 0 0 539 0 0 0 0 0 0 0 0 0 0
1 -0.571647067145901 1.56975332354405 -1.26299114877528 1.45856179674111 -0.438534758358295 -0.65616193960968 0 0 540 0 0 0 0 0 0 0 0 0 0
1 -1.06960168806618 0.589387365423201 0.693010557252274 -0.716723729166567 -1.05120551815385 0.875795766961651 0 0 541 0 0 0 0 0 0 0 0 0 0
1 -2.47624207822892 0.663871450630285 1.18540184522906 0.567622765646872 0.37113091491646 -1.34033014501563 0 0 542 0 0 0 0 0 0 0 0 0 0
1 1.96868188111297 -0.465122182913291 -1.0086377784854 0.748813891676133 1.31615418678886 -0.886267235339898 0 0 543 0 0 0 0 0 0 0 0 0 0
1 0.588018176098553 -1.02823842429291 0.0572110615262823 -0.787424134927313 1.38701770540529 1.17950913382677 0 0 544 0 0 0 0 0 0 0 0 0 0
1 -2.15774050439636 -1.12181313680497 2.02700073174854 1.35235739994389 0.557178798795432 -0.743433074339869 0 0 545 0 0 0 0 0 0 0 0 0 0
1 0.488576146988191 0.766161339252684 0.844496262686554 2.65822260768995 -0.955886913821074 -0.0768008070766488 0 0 546 0 0 0 0 0 0 0 0 0 0
1 0.464205585198047 0.62921697750143 -0.308272216822153 -0.914023057718025 0.699526012588382 1.44393973879319 0 0 547 0 0 0 0 0 0 0 0 0 0
1 0.225091848337945 -0.187641670464699 -0.180728149263588 -1.30137002602655 0.647998810439191 0.0320809690039461 0 0 548 0 0 0 0 0 0 0 0 0 0
1 -0.032134016448326 -0.811139175845513 0.239751761413466 1.00933638310865 -0.49851993684791 0.208704522189581 0 0 549 0 0 0 0 0 0 0 0 0 0
1 0.135737381213033 0.292396475399027 0.767171404898004 1.28031812857601 0.270067383347364 -0.521971698548992 0 0 550 0 0 0 0 0 0 0 0 0 0
1 -1.13201333983086 0.749264467734329 -0.198753438631078 1.73963786962326 -2.25421568115852 0.637709003002261 0 0 551 0 0 0 0 0 0 0 0 0 0
1 0.827459672827083 2.27649673692925 -3.55688152983139 0.627592467752934 0.353299218044214 -0.168870337561691 0 0 552 0 0 0 0 0 0 0 0 0 0
1 0.972437993057693 -1.19071066605109 0.395159202027432 -0.0075948065081007 -0.700308588034853 -0.618947644701096 0 0 553 0 0 0 0 0 0 0 0 0 0
1 -0.0013631851076221 -0.117596470996021 -0.0241151344724391 0.53274360225847 -1.24065445083323 3.23102882186486 0 0 554 0 0 0 0 0 0 0 0 0 0
1 0.645719493060562 0.412648971059231 0.425234115162475 2.42651013789193 -0.452230245519201 0.349605308656931 0 0 555 0 0 0 0 0 0 0 0 0 0
1 0.169974403721265 -0.518222804291842 -0.658391090022647 0.237677224284247 -0.630039879488721 -0.700743139393763 0 0 556 0 0 0 0 0 0 0 0 0 0
1 0.248500988112648 -0.590288522634627 0.132715878196973 0.408541358466674 -0.0154570476435316 1.03343409559275 0 0 557 0 0 0 0 0 0 0 0 0 0
1 -2.5693781139159 1.61847391047813 1.09748071759207 0.971754584723109 -0.735003915431354 0.615779595986835 0 0 558 0 0 0 0 0 0 0 0 0 0
1 0.544133898164386 0.286504954782748 -0.23839803969447 -0.0927301785861565 2.15716699065588 -0.674822877413986 0 0 559 0 0 0 0 0 0 0 0 0 0
1 -0.0145315057544373 0.443825034613975 -1.22951435688381 -0.961744960086954 -0.620252806383181 -1.92389341493393 0 0 560 0 0 0 0 0 0 0 0 0 0
1 3.70762911899456 1.33505558447647 -2.74472098655231 -0.507563094283042 0.422987553816914 0.17139472588306 0 0 561 0 0 0 0 0 0 0 0 0 0
1 -0.208106906086662 0.822478414665562 0.0765666680541473 0.415240683312766 1.26244713277502 0.85046398384043 0 0 562 0 0 0 0 0 0 0 0 0 0
1 8.4357949107685 -7.41190933620531 -5.36781233586235 0.246690116128508 0.233283797056142 -0.555921778926542 0 0 563 0 0 0 0 0 0 0 0 0 0
1 -0.421090025270926 1.78026971661446 0.912347568711066 0.371444757385417 0.569671758313072 0.0840285878537434 0 0 564 0 0 0 0 0 0 0 0 0 0
1 -0.419859322040336 -1.21176531028345 0.17848650342785 1.06325267611159 0.689240934987253 -1.46006967512013 0 0 565 0 0 0 0 0 0 0 0 0 0
1 -0.443375055437874 -0.448030555733383 0.656835123825874 1.42096170830678 0.540476358337484 1.18790018643993 0 0 566 0 0 0 0 0 0 0 0 0 0
1 0.114255149643072 1.13068516575042 1.15279193875776 -0.585810182826052 -1.66625693408348 -1.02071451447247 0 0 567 0 0 0 0 0 0 0 0 0 0
1 0.0741398160968362 -0.558344950452808 -0.0027430950571653 -0.677335439708116 -1.7023523315821 0.469556661059391 0 0 568 0 0 0 0 0 0 0 0 0 0
1 -0.103732374442378 -0.230969526176048 0.610162696182089 1.64715785735216 2.12602113420139 -0.446965972044949 0 0 569 0 0 0 0 0 0 0 0 0 0
1 0.323637257912528 -0.329711131951259 -0.0724211202991255 -1.37697796111326 0.745255117068025 -1.54515133168339 0 0 570 0 0 0 0 0 0 0 0 0 0
1 -0.401969453073837 -0.305391323825075 0.994316773763779 0.375739133861612 -0.357202323440987 1.79565447176191 0 0 571 0 0 0 0 0 0 0 0 0 0
1 0.857098545904821 0.403533250114994 0.268034871317419 -0.723685376889497 -0.638674879951102 -0.973593828199179 0 0 572 0 0 0 0 0 0 0 0 0 0
1 0.0377226577795573 1.42566167765235 0.312513173849687 -0.0500634079725734 -0.308879380053941 1.06414952730783 0 0 573 0 0 0 0 0 0 0 0 0 0
1 -0.303072852196686 -0.671878225130394 -0.576154901395441 0.847806318856227 0.524493830701661 -1.03695535940596 0 0 574 0 0 0 0 0 0 0 0 0 0
1 0.278968596435093 0.533670505333336 0.553418058870448 0.102805472702263 1.20572153034583 -1.14910146769805 0 0 575 0 0 0 0 0 0 0 0 0 0
1 0.262157361059254 1.85272649364207 1.22402226134332 0.935729732926221 0.950244371932509 0.459906650853128 0 0 576 0 0 0 0 0 0 0 0 0 0
1 0.921734756980798 0.721411138095591 -0.539662517115488 -1.04669395442525 -1.16427965145323 2.76937500400349 0 0 577 0 0 0 0 0 0 0 0 0 0
1 0.352846380562665 0.467858633450903 -0.739761887167831 -0.0711417869183138 -1.12178725912323 -1.70671852482488 0 0 578 0 0 0 0 0 0 0 0 0 0
1 0.208595583626696 -0.126303130747284 -0.230203772784749 -0.107752200577087 -0.307701173855519 -1.27302259392986 0 0 579 0 0 0 0 0 0 0 0 0 0
1 0.522364281195159 -0.697090852039504 -0.194767828384367 1.54788046422385 0.405713146999952 1.41548382629458 0 0 580 0 0 0 0 0 0 0 0 0 0
1 -0.264082895642508 0.463148059142634 0.755386539879901 1.73304353814286 0.908588938422274 1.97138310850968 0 0 581 0 0 0 0 0 0 0 0 0 0
1 -0.0047995773042088 0.749006260972655 -0.190561815333577 -1.34114069993352 0.601668097537627 0.723326823155008 0 0 582 0 0 0 0 0 0 0 0 0 0
1 -0.599512995396441 1.0005587002345 0.534934389949976 0.279326104418909 0.867121598145609 0.187186615227442 0 0 583 0 0 0 0 0 0 0 0 0 0
1 0.339371857197195 0.123073205096295 0.0744021057095375 0.928473378272368 1.74092717859589 -0.0961647338687049 0 0 584 0 0 0 0 0 0 0 0 0 0
1 0.121395368604418 -0.105098686588978 1.58579770615151 -0.805815420854811 0.197209964075246 -0.450609070194858 0 0 585 0 0 0 0 0 0 0 0 0 0
1 0.235652108249471 -0.264815716133392 0.142228543721435 -0.685679687542736 1.82473831993081 0.526370992975246 0 0 586 0 0 0 0 0 0 0 0 0 0
1 -0.880446141963758 -2.40576119961723 1.10679416587245 0.609060311767622 1.16674623899251 0.455017509404053 0 0 587 0 0 0 0 0 0 0 0 0 0
1 0.116882619250894 0.0981580902174435 -0.249716071240007 1.48266626360424 0.016091859735734 0.503831092468032 0 0 588 0 0 0 0 0 0 0 0 0 0
1 0.258925860571563 0.792304265277376 -0.458372773179731 -1.55412356863558 0.969734555251334 -1.02199518712577 0 0 589 0 0 0 0 0 0 0 0 0 0
1 0.540909858333996 0.394441841897905 -0.393419614481094 0.472061118140279 -1.34883034269675 1.13490542084069 0 0 590 0 0 0 0 0 0 0 0 0 0
1 7.73783821539773 -7.44793517289357 -8.62065617246158 -0.2377031111351 0.0327496664705261 0.128146114352457 0 0 591 0 0 0 0 0 0 0 0 0 0
1 -0.930490796551234 -0.389340673856429 1.84001073115797 1.1575624981144 0.844534983820605 1.42768394865222 0 0 592 0 0 0 0 0 0 0 0 0 0
1 4.24741820834185 6.09978795977786 7.25036917677868 0.214498510673656 0.837091198123789 0.604171789225718 0 0 593 0 0 0 0 0 0 0 0 0 0
1 0.656484512593131 0.256470584895214 -0.0021965880727295 2.80942652970689 -1.20046740846312 -0.616219938624997 0 0 594 0 0 0 0 0 0 0 0 0 0
1 -0.0926707557163119 -0.736852119616304 -0.467286321733196 0.110550024901406 1.05619387849183 -0.486830630541395 0 0 595 0 0 0 0 0 0 0 0 0 0
1 -0.387588210539304 -0.238142061913669 -0.367454886478614 1.46858601833172 -1.96112894378987 0.560041265021067 0 0 596 0 0 0 0 0 0 0 0 0 0
1 -0.591001932167879 -0.124208768217561 0.438473387101824 0.0728136422624542 1.03525234588281 0.337183932401124 0 0 597 0 0 0 0 0 0 0 0 0 0
1 0.901345233755828 -0.443893584486594 0.240764943520445 -0.0873674829704477 1.41827134611218 1.45248821947916 0 0 598 0 0 0 0 0 0 0 0 0 0
1 0.322451089759061 0.531106709197821 0.379459574929814 -0.305215996770492 -0.378743051797572 0.39278490179867 0 0 599 0 0 0 0 0 0 0 0 0 0
1 1.24692918178332 0.145348619658094 0.619438021280012 -0.531587170300577 -1.52629381109499 0.555674136512157 0 0 600 0 0 0 0 0 0 0 0 0 0
1 -0.855947106067665 0.857685667012168 0.9611720183559 -0.463269740137005 -0.490812121212904 1.50165843937755 0 0 601 0 0 0 0 0 0 0 0 0 0
1 0.396198945463368 -0.420416403250155 -1.07216875267001 1.24880475125909 -0.563910436528793 0.887454081752578 0 0 602 0 0 0 0 0 0 0 0 0 0
1 0.256100261603778 -0.439125113205988 0.415216690473189 0.343752045099917 2.86059158175132 -0.538781868941191 0 0 603 0 0 0 0 0 0 0 0 0 0
1 -0.540400393555382 0.271737020824932 -0.910671005675163 -0.500023523086252 0.939611663567326 -0.540446120287499 0 0 604 0 0 0 0 0 0 0 0 0 0
1 -0.134313318021871 0.452003272371394 -1.02093885417097 0.618478964121103 -0.340849490300846 -1.03354523092581 0 0 605 0 0 0 0 0 0 0 0 0 0
1 -1.01215871436679 3.25686735651943 -4.97116679998128 -0.309391744366449 0.325798118517099 0.0105738927427283 0 0 606 0 0 0 0 0 0 0 0 0 0
1 4.17624094675188 -3.98851246940288 -0.595237521624142 -0.136669150053318 0.812115450907651 0.0445040385193507 0 0 607 0 0 0 0 0 0 0 0 0 0
1 -1.82292916704601 -2.01530494202981 1.86528803501142 -0.296906042353771 -0.441023519119748 -0.858428111380811 0 0 608 0 0 0 0 0 0 0 0 0 0
1 1.08666163933983 1.78172143294005 0.445162085155741 -0.0207031634866642 -0.79395304788914 -0.506930851428269 0 0 609 0 0 0 0 0 0 0 0 0 0
1 0.411326072797268 0.380467375132881 0.470595393737942 1.1114910198017 0.377424544083337 1.89062717154957 0 0 610 0 0 0 0 0 0 0 0 0 0
1 1.40418745775372 -0.395545749538119 0.108268111543512 -0.588731546964996 0.779526993881878 -1.65941102871346 0 0 611 0 0 0 0 0 0 0 0 0 0
1 0.0142936434023045 0.0480286397929576 0.333634683057271 -2.92145837298702 0.941716893643373 1.13592882435049 0 0 612 0 0 0 0 0 0 0 0 0 0
1 2.40622572037813 -0.996592716038266 0.87781879531919 0.534831276576952 0.4803167623221 -0.5277269932743 0 0 613 0 0 0 0 0 0 0 0 0 0
1 -2.2635620128974 1.09502554034393 -0.427857882045481 -1.05159443435106 0.717422067369276 0.78779492708755 0 0 614 0 0 0 0 0 0 0 0 0 0
1 0.170886406927788 0.519274106362744 -0.428299297891146 -3.11192845985525 0.343317830469447 -0.284298015154729 0 0 615 0 0 0 0 0 0 0 0 0 0
1 -0.0715501072152257 0.0735873785079696 0.175830354696279 -1.95389449929603 -0.884745615432499 0.0774016304131976 0 0 616 0 0 0 0 0 0 0 0 0 0
1 1.56538586621214 0.659893518061628 -0.769605168864521 -0.811628423814102 0.795083515238095 -0.220732804523977 0 0 617 0 0 0 0 0 0 0 0 0 0
1 1.16405732249629 -1.30778270145475 -0.653672707908918 1.1676389692266 0.0916242280158246 -0.175553112141607 0 0 618 0 0 0 0 0 0 0 0 0 0
1 0.358915243608597 -0.0892499570282622 -0.191919127622672 0.135562388700007 0.0795243451139857 -0.0788277717721757 0 0 619 0 0 0 0 0 0 0 0 0 0
1 0.771411970699746 0.0776120327141383 0.292548678054611 1.91402927931115 0.458066002682003 -0.997045074299129 0 0 620 0 0 0 0 0 0 0 0 0 0
1 -0.271392926144883 -0.400998552110713 0.646904329788343 -1.8657510361046 -1.89680256497041 1.10849851199847 0 0 621 0 0 0 0 0 0 0 0 0 0
1 -0.174031682800306 -1.96188426963634 -0.265829621450295 -0.983354533155113 -0.803535586342038 0.217931236284206 0 0 622 0 0 0 0 0 0 0 0 0 0
1 0.148370255693761 -0.261394058196755 0.0179080294872719 2.16598865768966 -2.29208972980862 1.19083214391028 0 0 623 0 0 0 0 0 0 0 0 0 0
1 -0.209886131100282 0.767559378423447 -1.04529930799245 0.334789495651238 -1.16500355211631 1.18894929953356 0 0 624 0 0 0 0 0 0 0 0 0 0
1 0.421656398191696 0.156054765377797 0.651436785472762 -0.554519951858042 -0.182976415838788 1.87717331061227 0 0 625 0 0 0 0 0 0 0 0 0 0
1 -1.30028305116057 0.390540886608932 0.258348818348271 -0.757410836586187 -0.636302795486071 -0.0135197080442546 0 0 626 0 0 0 0 0 0 0 0 0 0
1 1.09762738585088 1.49078171352966 -2.44530626267489 -0.148358345846447 0.0192346287584575 -0.641958622252285 0 0 627 0 0 0 0 0 0 0 0 0 0
1 0.240162128847826 -0.246753367131303 1.18412365584545 1.61606112542951 1.49532429328668 -0.303370346075856 0 0 628 0 0 0 0 0 0 0 0 0 0
1 0.0435765177546822 0.342601235090934 0.619168763867602 1.06889402645414 1.84282689288771 1.74826847641166 0 0 629 0 0 0 0 0 0 0 0 0 0
1 -0.388469876694291 -0.626581589557498 -1.03492756074314 -0.150266232700301 1.11778296336618 0.927319309145728 0 0 630 0 0 0 0 0 0 0 0 0 0
1 -0.705308872998852 1.09404747694299 1.19041860070933 0.958707044703245 -0.651720337306227 0.760187913729018 0 0 631 0 0 0 0 0 0 0 0 0 0
1 -1.09058138958608 1.02275474364492 0.737949750625102 1.06231707736743 -0.42677728088772 1.79495590099126 0 0 632 0 0 0 0 0 0 0 0 0 0
1 0.172399125471826 0.750429353483683 0.0392237259370573 -0.741694749136294 -0.771513941530472 2.28962206214466 0 0 633 0 0 0 0 0 0 0 0 0 0
1 0.273055843226647 0.382899978467803 -0.2827658024427 -0.369731091117622 1.87056753280007 -1.02077740275833 0 0 634 0 0 0 0 0 0 0 0 0 0
1 0.4568769201108 -0.368109795257549 -0.0263913458021524 -2.07176472053014 0.335452752841455 0.0502593034786671 0 0 635 0 0 0 0 0 0 0 0 0 0
1 -1.13303385447561 1.77873498617324 -1.0186903035548 0.164345141744127 -0.154378080227464 0.753020601779073 0 0 636 0 0 0 0 0 0 0 0 0 0
1 -0.304366388448431 0.295795866620047 0.765777146602099 1.14733809243019 -0.0910584159884259 0.766616813898636 0 0 637 0 0 0 0 0 0 0 0 0 0
1 0.0980350816611964 0.285176980972495 0.797017566880855 1.85482548826557 0.451208077683759 -0.255246981270676 0 0 638 0 0 0 0 0 0 0 0 0 0
1 0.373239651310806 -1.54903013171846 -0.103660957668773 -0.676539340918002 0.341779010266341 0.496761687897546 0 0 639 0 0 0 0 0 0 0 0 0 0
1 -0.930151317835758 -0.138629248295993 -0.179041140253592 -0.215846722121238 -0.970428029337076 0.228824623076696 0 0 640 0 0 0 0 0 0 0 0 0 0
1 -0.682693821909556 -1.80550001772233 -3.55142967622931 0.419584053549536 -0.282316967819352 0.250372442290442 0 0 641 0 0 0 0 0 0 0 0 0 0
1 0.807357403258422 0.0924521010139821 -0.916492311485291 -0.448451918738282 -0.100168564333508 -0.575962014350963 0 0 642 0 0 0 0 0 0 0 0 0 0
1 0.917548688747825 0.473400788779332 0.549659743734394 -0.748344747967316 -0.402591999745729 -1.05029003529856 0 0 643 0 0 0 0 0 0 0 0 0 0
1 0.44341319586324 -0.300902882252804 -0.340375666963801 0.939462756167249 1.7246691091625 1.42918530253822 0 0 644 0 0 0 0 0 0 0 0 0 0
1 1.42145722979525 0.691904586341576 0.909791404677223 0.257343330228187 -0.81584430158887 1.02558109396402 0 0 645 0 0 0 0 0 0 0 0 0 0
1 -1.80272146922381 1.29959269736453 -2.07991871811368 -0.435557802645148 -0.612767894273969 -0.812994112318723 0 0 646 0 0 0 0 0 0 0 0 0 0
1 -2.07392290909645 0.0317512406019928 2.97557697811669 -0.0149492597637278 -0.952681556503585 -0.492636827407842 0 0 647 0 0 0 0 0 0 0 0 0 0
1 0.53618146724886 0.209673648324844 -0.181740041579952 -1.72111852777395 2.70345307953258 -0.445463355216881 0 0 648 0 0 0 0 0 0 0 0 0 0
1 0.150946911377287 -0.982545985076901 0.113018704490854 -0.767812174053752 0.326244396947874 1.00916841936993 0 0 649 0 0 0 0 0 0 0 0 0 0
1 -1.05075674222996 0.498854356309896 0.0301495557720589 -1.24179198131584 1.06572146651293 -0.340610224215305 0 0 650 0 0 0 0 0 0 0 0 0 0
1 0.219518644342925 -0.268353780714359 0.105952845729323 -0.0445208156842666 -0.0488346921745002 -0.180049477811683 0 0 651 0 0 0 0 0 0 0 0 0 0
1 0.913910062270518 -0.0551806561672172 0.417629512726249 0.819122814413053 0.0467487573840359 -1.45363605634447 0 0 652 0 0 0 0 0 0 0 0 0 0
1 1.29229688324535 0.554902938907555 0.68194795626569 -0.43197255268984 -0.876493789728782 -0.849254887199036 0 0 653 0 0 0 0 0 0 0 0 0 0
1 0.78299310241348 -1.44695763024513 -1.37856205671377 -0.467447941453543 -1.38484278581162 0.39773749308783 0 0 654 0 0 0 0 0 0 0 0 0 0
1 0.892444339024721 0.265718867347354 0.40435777105006 -0.931220225459799 -0.308781226951093 -0.816087286706128 0 0 655 0 0 0 0 0 0 0 0 0 0
1 1.05911974404146 1.68556339946272 1.25605812199902 -0.26872629222936 -0.40137409642544 -0.508781859607327 0 0 656 0 0 0 0 0 0 0 0 0 0
1 0.216185883493628 0.102418825187508 -0.368967164921462 -0.0201859982929743 -0.839744471285273 -0.14249699248948 0 0 657 0 0 0 0 0 0 0 0 0 0
1 0.330082245550906 -1.68678434551286 0.401236354173305 -0.673684732373049 0.36161147129537 2.07887796396202 0 0 658 0 0 0 0 0 0 0 0 0 0
1 0.324931749968074 0.366353594541547 -0.416683649995202 0.608643290830253 2.09625719879183 0.779180694119069 0 0 659 0 0 0 0 0 0 0 0 0 0
1 -0.266811976556176 -0.898060602996416 -0.324020319053253 0.317524291962291 0.877196198275714 -0.556368106476918 0 0 660 0 0 0 0 0 0 0 0 0 0
1 8.49313546797582 -2.77849784493856 5.28196764385634 0.199181496007629 0.104386961836833 0.813337294738747 0 0 661 0 0 0 0 0 0 0 0 0 0
1 0.553660646014473 0.526381154830604 -1.2653861175218 -0.692000237373634 2.07091449364435 0.494697775705242 0 0 662 0 0 0 0 0 0 0 0 0 0
1 0.276431515631202 -0.403974202854297 0.788511119857693 -0.0186216369919325 2.32539250195137 0.621353948334783 0 0 663 0 0 0 0 0 0 0 0 0 0
1 1.47344968709968 -0.930621462727251 3.84707166378302 -0.414929311804042 0.0840307720718273 -0.991483836908975 0 0 664 0 0 0 0 0 0 0 0 0 0
1 1.09778215361167 0.0348445201737997 0.504515880832759 1.40064326102564 0.448012231929284 0.923449302932395 0 0 665 0 0 0 0 0 0 0 0 0 0
1 -0.770439555950486 -0.611848385157881 0.156197794316102 -1.87279885205185 -0.724763193206108 1.02380432228398 0 0 666 0 0 0 0 0 0 0 0 0 0
1 0.136038295526562 0.614234021492503 -0.227428869857823 -0.429733719402954 2.42171036293386 -0.318646202544031 0 0 667 0 0 0 0 0 0 0 0 0 0
1 0.236212670492045 0.439407169635258 0.247897155416046 -0.0659849512320497 -1.21767678204285 -1.02701085602272 0 0 668 0 0 0 0 0 0 0 0 0 0
1 0.767619328643946 0.589452005263824 1.54246978141615 -0.489127573574736 -0.91838974264293 0.033788350028066 0 0 669 0 0 0 0 0 0 0 0 0 0
1 0.94761135566052 -2.66283586831765 0.648678927864759 0.12866200701274 1.29363161554196 -0.243063222060105 0 0 670 0 0 0 0 0 0 0 0 0 0
1 -0.355487533476405 0.22699888432217 0.391028427128243 0.537254852694796 -0.837088159247561 -0.58846262609924 0 0 671 0 0 0 0 0 0 0 0 0 0
1 -0.307004848652516 0.228140277131825 -0.0879491765746511 -0.956353434277406 0.120903321536876 0.425989236801046 0 0 672 0 0 0 0 0 0 0 0 0 0
1 -0.103346070631541 0.240945236313943 -0.343416156792708 0.103769006328625 0.601445403308331 -0.286185920263225 0 0 673 0 0 0 0 0 0 0 0 0 0
1 0.144581233920148 -0.0563892473265668 0.797661949209831 0.0760939706702358 0.521524594836051 1.38436220055828 0 0 674 0 0 0 0 0 0 0 0 0 0
1 -0.185070194034201 -0.535563449473767 -0.29435749093025 0.304361481120746 0.186958796802346 2.11790636796772 0 0 675 0 0 0 0 0 0 0 0 0 0
1 -0.376727964224009 -0.18013869609691 -1.51832264151503 -0.156484378159636 -0.95886328698756 0.47541469593711 0 0 676 0 0 0 0 0 0 0 0 0 0
1 0.154266669522835 0.228109847366192 0.225430569158299 0.848006512800464 -2.56063088135523 2.13078669771623 0 0 677 0 0 0 0 0 0 0 0 0 0
1 -0.887406077964831 0.0816652012488456 0.773670003153128 0.711738753130646 0.0387705212191441 -0.0712191756662877 0 0 678 0 0 0 0 0 0 0 0 0 0
1 -1.16227899177653 0.400374180671961 0.564723242699588 -1.33093519641935 1.68824842802051 -0.277602715180585 0 0 679 0 0 0 0 0 0 0 0 0 0
1 1.73177645782898 -0.497531716746244 -0.723054329544013 -2.14242441406562 -0.604575673045842 0.347634806457458 0 0 680 0 0 0 0 0 0 0 0 0 0
1 -0.61212110762853 -1.37810842905976 -0.926067085652221 -0.246631357390288 -0.396487853329851 1.414698096183 0 0 681 0 0 0 0 0 0 0 0 0 0
1 -0.24883649526397 0.0710991208656581 0.615698212728548 1.98706670979635 -0.749646493230684 -1.78219350521998 0 0 682 0 0 0 0 0 0 0 0 0 0
1 -0.451708764117859 0.796856242334047 -0.104405805560624 0.543567650427756 1.87786936187345 -0.22940950491815 0 0 683 0 0 0 0 0 0 0 0 0 0
1 0.315745437206614 -0.86127907092315 -0.0124982896156635 -1.34490864718261 2.21462758820254 1.15220816383547 0 0 684 0 0 0 0 0 0 0 0 0 0
1 -0.266787861796588 -1.24872038774677 0.0738447277363655 -2.62703296708686 -0.552127108181729 0.457261027196981 0 0 685 0 0 0 0 0 0 0 0 0 0
1 -0.176504649034177 0.185133520864355 0.258562074019555 -0.37600246400764 2.97397245029033 -1.10133467855128 0 0 686 0 0 0 0 0 0 0 0 0 0
1 0.438805041131588 0.78744253980912 -0.866463750612206 0.100544097769453 0.450275297984658 -0.359819692426475 0 0 687 0 0 0 0 0 0 0 0 0 0
1 1.29980642617876 -0.368040287167075 0.977453526229805 -0.459622891656135 -2.14038537520329 0.888324543495741 0 0 688 0 0 0 0 0 0 0 0 0 0
1 0.421333660420135 -0.360855112332965 -0.038036284921752 0.600616218076596 0.350094775175308 1.60347915557824 0 0 689 0 0 0 0 0 0 0 0 0 0
1 -1.84930487924694 0.0583574634011582 0.592220362125907 0.571714541894022 1.31718885065218 0.663353006570314 0 0 690 0 0 0 0 0 0 0 0 0 0
1 -0.361434866766789 0.146214990252599 0.486152260958263 0.196755345546202 -2.12638873458052 -1.13025411199078 0 0 691 0 0 0 0 0 0 0 0 0 0
1 0.0504218271064572 -0.192682331847948 0.142752938328048 1.1233774582588 1.51913687031815 1.32175774949067 0 0 692 0 0 0 0 0 0 0 0 0 0
1 0.265273497421128 0.441804361383056 -0.67251144738733 1.18892131280161 1.288584599311 0.861951563091176 0 0 693 0 0 0 0 0 0 0 0 0 0
1 0.55941556262505 1.21196462103601 0.145324766976716 -1.29140732109056 -0.510685452364791 0.684693510901967 0 0 694 0 0 0 0 0 0 0 0 0 0
1 -0.143562725123354 -1.47740677739891 1.16296970579723 -0.48960127858281 -0.796087737950035 -0.315095575097421 0 0 695 0 0 0 0 0 0 0 0 0 0
1 0.471155838198655 0.0272172091360386 0.529297028605692 -0.998681068042008 1.4213447906925 0.502184617940419 0 0 696 0 0 0 0 0 0 0 0 0 0
1 -2.48700337237562 0.238559769444382 3.13659729337948 -0.201865279650848 -0.217778498282643 -0.284430923393115 0 0 697 0 0 0 0 0 0 0 0 0 0
1 1.54621397217189 -0.601340045616667 2.20981875934326 0.186516874824276 -0.22041586713925 -0.826908531944347 0 0 698 0 0 0 0 0 0 0 0 0 0
1 0.592261259655404 0.89785957170828 4.02310976917964 0.371983030567827 -1.45063607478083 -0.0289535359613192 0 0 699 0 0 0 0 0 0 0 0 0 0
1 -0.022993500616957 0.402907732929 0.430517012515434 -3.06450213954629 -0.0867634080756348 -0.932798975538853 0 0 700 0 0 0 0 0 0 0 0 0 0
1 0.453752520406009 0.397038813350488 0.381097078544195 1.16848254545797 -1.20566897476197 -1.36279319862166 0 0 701 0 0 0 0 0 0 0 0 0 0
1 0.0980457737261686 -0.0309133061080708 -0.189201358231389 -0.459181273233418 -1.12434883988187 0.588929142251113 0 0 702 0 0 0 0 0 0 0 0 0 0
1 0.205163165713993 0.246267791643877 0.156601906460131 0.560633195746721 0.608469727758562 0.924935758489914 0 0 703 0 0 0 0 0 0 0 0 0 0
1 0.208318228267326 0.908582518561609 0.134058158523347 -0.189899032844191 1.48505880514953 -1.0745221373588 0 0 704 0 0 0 0 0 0 0 0 0 0
1 -0.43629276680854 -0.0110452152626909 1.57544277836007 1.27979158156398 1.40535899664796 1.24489842390012 0 0 705 0 0 0 0 0 0 0 0 0 0
1 1.46626756318568 -0.738670240104463 0.300998894543464 0.0870798756259125 0.804445148322369 0.0799322645194523 0 0 706 0 0 0 0 0 0 0 0 0 0
1 0.460653051246181 -0.895980443300339 1.56097994694455 0.393791945203502 -0.662143000974867 -0.327473211370927 0 0 707 0 0 0 0 0 0 0 0 0 0
1 -0.141418083534793 -0.617673081616853 -0.831365898034411 0.0200076251387956 -0.300114443702626 -0.659404377861032 0 0 708 0 0 0 0 0 0 0 0 0 0
1 -0.0815535191694757 -0.0152079551845878 0.24455831341178 1.85342157513694 0.872207062989457 -0.802629426608833 0 0 709 0 0 0 0 0 0 0 0 0 0
1 -0.076590726153374 0.331211510615019 -3.22309036130294 0.335141528042807 -0.943098086265955 0.220960684254618 0 0 710 0 0 0 0 0 0 0 0 0 0
1 1.20584334514272 1.1590771791231 -0.0163852775038891 -1.46358652056607 -0.754595961935579 -1.24938445031931 0 0 711 0 0 0 0 0 0 0 0 0 0
1 -2.20783028947889 2.54189696226473 -2.31773358235935 0.66025467819856 0.0118027157462818 0.26900725103027 0 0 712 0 0 0 0 0 0 0 0 0 0
1 1.31215675036507 -0.385940592582262 -0.575877185473483 -0.413664225590089 -0.67705898578739 1.36231984287179 0 0 713 0 0 0 0 0 0 0 0 0 0
1 -1.55053986056155 1.61181807374809 3.218438045043 -0.472188631551385 -0.339728729345718 -1.21689305006193 0 0 714 0 0 0 0 0 0 0 0 0 0
1 -0.0196784370708312 -0.898671110252534 0.420479421712172 -0.133466933580614 -0.543950481232858 0.222030183856243 0 0 715 0 0 0 0 0 0 0 0 0 0
1 0.342525259955883 0.673833862587533 0.209621659196007 1.1178938558136 -1.07934903320218 -0.635401577790615 0 0 716 0 0 0 0 0 0 0 0 0 0
1 -0.0993598258657259 0.441841111139748 0.0067109632287156 0.563076548138692 -0.0114045844105351 -1.86691479846865 0 0 717 0 0 0 0 0 0 0 0 0 0
1 0.481050081217309 0.328112227337453 0.352799977259494 1.36549194982349 0.467051107491148 -0.866417867658325 0 0 718 0 0 0 0 0 0 0 0 0 0
1 -1.65528926760326 1.6386001366124 0.675216860427787 0.771273062036592 0.00250896291647459 -0.0457026599707622 0 0 719 0 0 0 0 0 0 0 0 0 0
1 0.0947440433627367 -0.192268384520555 -0.598683646429049 2.43735491438128 1.51179130818935 -0.66411945809763 0 0 720 0 0 0 0 0 0 0 0 0 0
1 0.233580838825831 0.55649081727408 0.900739658275743 -0.360517473611393 1.85916836348116 -0.522632090136558 0 0 721 0 0 0 0 0 0 0 0 0 0
1 -0.231062758242634 1.09061462914671 0.745710288123045 1.23858093271765 -0.492958560872237 1.33467628278272 0 0 722 0 0 0 0 0 0 0 0 0 0
1 0.329666940264331 -0.111672188506726 1.03544686539921 0.0629991839176402 -1.45659309477791 1.8241954162737 0 0 723 0 0 0 0 0 0 0 0 0 0
1 -0.0678701724674292 0.296119496514382 -0.432510548331975 -0.0730378403420034 1.34941543718036 0.352973857528058 0 0 724 0 0 0 0 0 0 0 0 0 0
1 1.9255081670165 -1.54870800500346 -0.686441977788475 -0.302894098363279 1.3631505510934 0.323519990554443 0 0 725 0 0 0 0 0 0 0 0 0 0
1 0.309220265062813 -0.905546390119633 -0.114992439394463 -0.438042136737823 0.803560059786933 0.363252266128291 0 0 726 0 0 0 0 0 0 0 0 0 0
1 0.64362285702947 -0.287918228801176 -0.342208511268347 -0.276515675961036 1.31883457435407 -1.21445060537521 0 0 727 0 0 0 0 0 0 0 0 0 0
1 -2.13773641402067 -5.50810214094901 1.3336518696009 -0.549720228036554 -0.603205001648978 0.293714825157374 0 0 728 0 0 0 0 0 0 0 0 0 0
1 0.821450125209318 0.0333920850007106 0.150842997262108 2.63348197524258 -0.392075806160914 -0.0108912291301907 0 0 729 0 0 0 0 0 0 0 0 0 0
1 -1.49734377388057 -1.46840276870262 0.779526305220608 -0.415161154150136 0.269783549451666 1.78236767299695 0 0 730 0 0 0 0 0 0 0 0 0 0
1 0.0552502694057491 -1.73443418712352 0.620165663562322 -0.359190595600262 -0.00885457810429216 -1.23113587335432 0 0 731 0 0 0 0 0 0 0 0 0 0
1 -0.139525159920546 2.89881920430874 0.531362654431833 -0.165273446609242 -0.860623847277214 0.438821888703541 0 0 732 0 0 0 0 0 0 0 0 0 0
1 0.686417433739488 0.817855667070434 -0.444500244123027 -0.932938062453528 0.106421218979424 0.666655439076171 0 0 733 0 0 0 0 0 0 0 0 0 0
1 0.193645980668009 0.749499956572915 -0.206658505265213 -2.16445991717031 -0.856896190584389 -0.0848203482701044 0 0 734 0 0 0 0 0 0 0 0 0 0
1 -0.320703350196017 2.59585236945772 -0.120608501400117 -0.334156876108252 0.868369106474379 -0.117458511095975 0 0 735 0 0 0 0 0 0 0 0 0 0
1 -0.0418054506929514 0.229718492456889 -0.243743003201211 -2.44184285131983 -1.69429116215216 0.0187513609551995 0 0 736 0 0 0 0 0 0 0 0 0 0
1 1.24901336727652 -0.357097207552674 1.13648911203135 0.125009234918531 -1.30784709662539 0.00938677809314857 0 0 737 0 0 0 0 0 0 0 0 0 0
1 -0.488641001138806 1.2852186381827 -1.41147994964567 -0.636871830540083 0.0564404094426132 1.23689068405591 0 0 738 0 0 0 0 0 0 0 0 0 0
1 2.07623082628429 -0.285109853318772 2.13600981019254 0.290864195812552 1.25508281261415 0.351806523328474 0 0 739 0 0 0 0 0 0 0 0 0 0
1 -0.439112890026785 2.21130536035987 0.971425394639351 0.134720552198679 -1.58217642608039 -0.777783170495082 0 0 740 0 0 0 0 0 0 0 0 0 0
1 0.240944460528163 0.227048656056188 0.643870694236179 0.337473813881958 1.16045180831768 0.874302729446759 0 0 741 0 0 0 0 0 0 0 0 0 0
1 -0.778205420953547 0.351589824775912 -3.16709553535614 -0.374565060228758 1.69117918403449 0.52552383010602 0 0 742 0 0 0 0 0 0 0 0 0 0
1 -0.837921472905036 0.155200631059433 0.548343907065604 -0.441906648417402 0.344715790280738 0.0343624514186283 0 0 743 0 0 0 0 0 0 0 0 0 0
1 0.0317522884270868 1.22918686245676 -0.241358290524784 0.167908566498198 -0.144557839141027 -0.232787384207206 0 0 744 0 0 0 0 0 0 0 0 0 0
1 -0.532180372625528 0.287612880075557 0.256715864756085 1.72072023004076 0.25685732243112 0.0851933297064218 0 0 745 0 0 0 0 0 0 0 0 0 0
1 -0.179110942313506 -0.811888052231965 0.698041351859986 -0.450651808444249 -1.1243304473071 1.69294803458385 0 0 746 0 0 0 0 0 0 0 0 0 0
1 0.249367449537064 0.746038417963194 0.41614511320054 -0.810861211395203 0.451178528624322 0.345157366628833 0 0 747 0 0 0 0 0 0 0 0 0 0
1 0.146856935523067 0.0506263064023702 0.494729685424118 1.15232694391165 2.00427779583728 -0.91979681672455 0 0 748 0 0 0 0 0 0 0 0 0 0
1 -0.0648947739030977 -0.323433246959149 0.568916458519552 0.00959645877830238 -2.25947581634481 2.78720381584342 0 0 749 0 0 0 0 0 0 0 0 0 0
1 0.674504321778575 -0.536582125780348 0.523769564341878 -0.119958528635609 0.6248674314773 -1.71789785253539 0 0 750 0 0 0 0 0 0 0 0 0 0
1 0.196163885079998 -0.229885005314215 1.07636216617925 0.0320015315098765 0.790830965012562 2.13261071574728 0 0 751 0 0 0 0 0 0 0 0 0 0
1 -1.34387111396908 -0.324686930663558 0.439239762930825 1.67757306062185 -1.03533950997956 -0.433499975786166 0 0 752 0 0 0 0 0 0 0 0 0 0
1 -1.65328583826833 1.79022847434392 -4.33935774482532 0.346357300567309 -0.0146101315483021 1.03610855113216 0 0 753 0 0 0 0 0 0 0 0 0 0
1 -0.611247847286885 0.0814301551568051 1.58145617381842 0.17558108750182 -0.00447054055895604 0.783148703473127 0 0 754 0 0 0 0 0 0 0 0 0 0
1 -0.901913348856712 4.74193286433227 -2.07871350195533 -0.211037350178764 0.363243597943154 0.151799252342328 0 0 755 0 0 0 0 0 0 0 0 0 0
1 0.591225255232409 2.50295998347395 -0.0209184505805449 0.580025840311176 -0.549683316046125 0.218619142363863 0 0 756 0 0 0 0 0 0 0 0 0 0
1 -1.14485317297073 -0.991862423555574 0.197978327747718 -0.830143816640802 -1.92412298282913 0.838007175331955 0 0 757 0 0 0 0 0 0 0 0 0 0
1 -0.398077460909685 -0.163024576604374 0.190243792240591 -0.125381473859987 1.30354112181345 0.27221991996137 0 0 758 0 0 0 0 0 0 0 0 0 0
1 0.0270945790588948 1.84439782086948 -0.0855485129643014 0.403624182478088 1.41759493664203 0.754955074907619 0 0 759 0 0 0 0 0 0 0 0 0 0
1 -2.714005297356 0.189049735177044 0.345697500041221 -0.302900329112528 -0.605304816734862 0.518869820279604 0 0 760 0 0 0 0 0 0 0 0 0 0
1 2.61222961472506 0.0466432106933849 1.06998141023646 -0.497179058865919 -0.993430792830444 -0.218568309014349 0 0 761 0 0 0 0 0 0 0 0 0 0
1 0.705048807529882 9.37021632504137 -10.3812984558084 0.2863547455034 0.472752348218172 -0.58867591906063 0 0 762 0 0 0 0 0 0 0 0 0 0
1 -0.391626756635971 -1.28260676871086 0.251693418047636 -0.817810107586686 0.779142286022506 -1.13412957359461 0 0 763 0 0 0 0 0 0 0 0 0 0
1 0.298308990070656 -0.199830201123226 0.34700770443251 -0.158277465792222 2.24745579091167 1.0840119208117 0 0 764 0 0 0 0 0 0 0 0 0 0
1 0.248651474790378 -0.0804836276920277 -0.266122287946467 1.42785430638669 -0.629434915395384 -1.40889540045986 0 0 765 0 0 0 0 0 0 0 0 0 0
1 0.397941637170313 -0.618171660733303 0.470148715316886 0.12629410855366 -0.927492298488318 0.622015817774308 0 0 766 0 0 0 0 0 0 0 0 0 0
1 -0.128146303992752 1.62154009974436 -0.828195059465383 -1.7041281956799 0.472214349020154 -0.784086309558974 0 0 767 0 0 0 0 0 0 0 0 0 0
1 0.435659094037254 1.8645605788833 -0.530913751473313 0.771541176100132 0.993996077104649 2.02996673653585 0 0 768 0 0 0 0 0 0 0 0 0 0
1 0.175393861369023 -1.21194183553456 1.17825692730017 -1.25693628620045 1.76343848029583 -0.36482263011301 0 0 769 0 0 0 0 0 0 0 0 0 0
1 0.408992322071243 0.0928571220020836 0.637307920020989 -1.4596387112984 -0.393336494334301 -0.248719088486994 0 0 770 0 0 0 0 0 0 0 0 0 0
1 0.415101783302244 1.17563292688573 -0.706419268090407 -1.08081695879553 0.565811045570717 -1.75535863295559 0 0 771 0 0 0 0 0 0 0 0 0 0
1 -0.30986732102382 -2.00481877315246 2.43192377097885 0.0369513223853593 -0.605657919250197 -0.0615898128113128 0 0 772 0 0 0 0 0 0 0 0 0 0
1 0.0517298630664351 -0.379992026061964 -0.426757575734267 0.954907040564413 2.1237285933962 2.22451035037611 0 0 773 0 0 0 0 0 0 0 0 0 0
1 0.0838469742932999 -0.45737475435763 0.199102279505458 0.231725523232937 0.769308017711025 0.15826219269881 0 0 774 0 0 0 0 0 0 0 0 0 0
1 -0.536363435851699 0.910109402796078 -0.206227240763059 1.30475691238238 0.157005407042365 -0.125732380493617 0 0 775 0 0 0 0 0 0 0 0 0 0
1 -0.276892308453641 -0.234505393986587 1.42173155937833 -0.0144811826309861 -0.457111633767834 0.843312857318929 0 0 776 0 0 0 0 0 0 0 0 0 0
1 0.0729120997470594 0.31182648042797 0.601855613621834 -0.832162567623556 0.646378228908979 -0.711705423389453 0 0 777 0 0 0 0 0 0 0 0 0 0
1 -0.517587121461619 1.38988382176993 0.173480518864051 0.0104824103221708 1.72110759710461 -0.536721993455007 0 0 778 0 0 0 0 0 0 0 0 0 0
1 0.118434269518586 0.462813761522349 -0.177119344414903 0.112616138219844 -1.99487156699988 -0.333893098918576 0 0 779 0 0 0 0 0 0 0 0 0 0
1 0.735101122232875 0.0786619629813538 0.354194019124556 -0.872808674926658 -1.25819438381461 -0.390517688213102 0 0 780 0 0 0 0 0 0 0 0 0 0
1 -0.102874243791314 -0.391661550312427 0.79808904078635 -1.68140803532666 -0.585351544823178 1.79258509650693 0 0 781 0 0 0 0 0 0 0 0 0 0
1 -0.543389462792427 0.621983820388929 2.14456414496736 -0.117298065999658 0.127018740011822 -0.168122921074336 0 0 782 0 0 0 0 0 0 0 0 0 0
1 1.94821627292786 -0.827528801754234 0.601275395289269 0.255257242476136 -0.81924140202877 -0.836651052403142 0 0 783 0 0 0 0 0 0 0 0 0 0
1 0.48828002782835 0.161512895136218 -1.12942824124619 1.06872718769047 1.14516259381963 -0.0542242555398819 0 0 784 0 0 0 0 0 0 0 0 0 0
1 0.612146319469589 -0.470437972733558 0.240633940551449 -0.471469509943515 1.26533349138399 -0.92348415292946 0 0 785 0 0 0 0 0 0 0 0 0 0
1 0.70347613439849 0.36493483159136 0.281529505737805 -0.0876658757683172 -0.844359319648945 0.096213080219245 0 0 786 0 0 0 0 0 0 0 0 0 0
1 0.0954802602820191 0.406165027960024 0.336051335198541 -1.11850565089389 -0.302389446008268 -0.0648750642737719 0 0 787 0 0 0 0 0 0 0 0 0 0
1 2.14516054289415 1.5205379422228 1.71893301810172 -0.259103512115779 -0.107062800673774 -0.236098973683031 0 0 788 0 0 0 0 0 0 0 0 0 0
1 0.404211276271662 -0.070635051363504 0.184982034157939 0.22044409027886 1.28916741355159 1.22822401249214 0 0 789 0 0 0 0 0 0 0 0 0 0
1 -1.07437453024394 0.197322731872994 0.272742418073214 1.22595952013102 -1.07280166850388 1.07814529332127 0 0 790 0 0 0 0 0 0 0 0 0 0
1 -0.177536745113893 0.267899636272184 -0.572379354471673 2.30210480252517 -0.873474150058968 0.172485499886717 0 0 791 0 0 0 0 0 0 0 0 0 0
1 0.619318817575748 -0.887784337249154 -0.711620079642766 -0.191166314812695 -0.084404331054511 -0.658872605109291 0 0 792 0 0 0 0 0 0 0 0 0 0
1 0.411362918326066 0.546991606231671 -0.122741745424617 0.510784285709846 0.00926994662635542 0.324211486854316 0 0 793 0 0 0 0 0 0 0 0 0 0
1 -0.37435264735557 0.338163863109442 0.592392163578727 -0.415146939449496 -0.627899026730408 0.938560960487177 0 0 794 0 0 0 0 0 0 0 0 0 0
1 0.0695361496010526 -0.997627024307838 -0.689825323276605 1.26125636383674 1.60238724412601 0.537800598551701 0 0 795 0 0 0 0 0 0 0 0 0 0
1 -0.106067856805276 0.0394339914606301 0.424180745847081 1.42409409358891 1.90836601843487 0.0849431029547113 0 0 796 0 0 0 0 0 0 0 0 0 0
1 2.4285432621864 -0.421740746703675 -1.83804661581845 0.412987198659115 -0.823230329414515 -0.828690593664062 0 0 797 0 0 0 0 0 0 0 0 0 0
1 0.370068408577528 0.187386041553809 -0.609440466682669 0.154412336616014 0.203445724587538 -0.140355154982275 0 0 798 0 0 0 0 0 0 0 0 0 0
1 -0.187083291758436 0.776358732577922 0.487345779339623 0.0712565280042377 -1.91368031154839 -1.94249695583712 0 0 799 0 0 0 0 0 0 0 0 0 0
1 -2.34730494842612 -0.171758469737396 1.24730688645791 -0.192010325630073 0.536170558944681 0.400966284418151 0 0 800 0 0 0 0 0 0 0 0 0 0
1 -0.729447703295204 -1.70190317627789 -3.10806797882746 -0.36914271344625 -1.02299075294024 -0.289477735783625 0 0 801 0 0 0 0 0 0 0 0 0 0
1 -0.235761929956218 0.384868802018924 0.590161824711378 1.88358476581242 -0.147756866503957 0.501978355100313 0 0 802 0 0 0 0 0 0 0 0 0 0
1 0.445151616695208 -0.249574816640566 -0.164935253357848 -2.90533546954329 -0.443094319208418 -0.045984996348834 0 0 803 0 0 0 0 0 0 0 0 0 0
1 -0.251631099587349 -0.320590851078576 -0.0415261682983512 -1.60434228181333 0.0987380649523488 1.50658101325187 0 0 804 0 0 0 0 0 0 0 0 0 0
1 -0.553776055130951 0.496556435000858 -0.396690684133104 0.800929700708336 0.794000355570798 0.260423558433137 0 0 805 0 0 0 0 0 0 0 0 0 0
1 0.362340971845804 -1.0199831615364 -0.0754023653750285 0.657173356638531 1.12207864197531 -1.95785679046808 0 0 806 0 0 0 0 0 0 0 0 0 0
1 0.165463737834745 -2.00241767272144 0.906681206775558 -0.481890227774767 0.169418237428721 1.80114559800405 0 0 807 0 0 0 0 0 0 0 0 0 0
1 0.796619296815319 -0.0323543553647899 -3.85593728020408 0.41257938833552 0.165324082130412 0.690783317120312 0 0 808 0 0 0 0 0 0 0 0 0 0
1 1.56358321804329 0.211391714079878 1.23824413223058 -0.431559173908209 0.424714150665655 0.9717227113088 0 0 809 0 0 0 0 0 0 0 0 0 0
1 -0.662630124281086 0.846445220874628 2.19528849009294 0.936890916714868 -0.203089649366703 -0.596854107387019 0 0 810 0 0 0 0 0 0 0 0 0 0
1 1.78881229338623 0.729772111591154 -0.069018898667853 0.442519073330796 -0.681115465857271 1.38447981307989 0 0 811 0 0 0 0 0 0 0 0 0 0
1 1.28161174745919 5.92776126636954 1.9296541705031 -0.112592275686141 0.336038465963833 -0.129597924028465 0 0 812 0 0 0 0 0 0 0 0 0 0
1 -0.876178572967423 0.531840786260549 0.400514861390367 -0.999642868568597 0.916877126497706 0.592145886919797 0 0 813 0 0 0 0 0 0 0 0 0 0
1 1.13291381599998 -0.270042742746935 -0.360876024597887 -0.612109633558543 -0.0579834642592006 0.422283822147122 0 0 814 0 0 0 0 0 0 0 0 0 0
1 -0.492966645838372 0.941654287478773 -0.304050702963677 -0.0420121548183633 0.559759502612453 1.21262765774046 0 0 815 0 0 0 0 0 0 0 0 0 0
1 -0.134037931070099 1.06750208219599 0.444479710685904 -0.608695905624885 -0.984856882479592 -1.77937236055649 0 0 816 0 0 0 0 0 0 0 0 0 0
1 1.73800879777478 -0.723595197499875 -0.17721351139018 -0.0427247861344388 -0.537914250002051 0.265167202678896 0 0 817 0 0 0 0 0 0 0 0 0 0
1 1.22283263774986 0.85594802986637 -0.790860880205589 0.543771443857048 -0.39667562142462 -0.304333830236655 0 0 818 0 0 0 0 0 0 0 0 0 0
1 -0.493656140900409 -0.689478673757978 0.641605355078317 -0.490079654411656 0.951426938249016 -0.910976261804777 0 0 819 0 0 0 0 0 0 0 0 0 0
1 1.23543265647457 -0.155861810713155 -0.91701023932098 0.629749324650973 -0.385360627308308 -0.235036337543752 0 0 820 0 0 0 0 0 0 0 0 0 0
1 -0.260844687923337 0.303052590212949 0.485334184427284 -0.565049152400123 -2.68855296295898 0.0451370342538295 0 0 821 0 0 0 0 0 0 0 0 0 0
1 -0.418346924848527 -0.0384787765731305 0.495089075428279 -0.481051818970947 -0.72076065882972 1.34415339311443 0 0 822 0 0 0 0 0 0 0 0 0 0
1 -4.9708546338977 -2.50501850067486 -0.0974790365759118 0.385693972331895 0.151256729951999 -0.480247337022889 0 0 823 0 0 0 0 0 0 0 0 0 0
1 0.940460638508336 0.540297114669901 0.0197768598710381 -1.09299719360588 1.49613286516066 -0.539041606109991 0 0 824 0 0 0 0 0 0 0 0 0 0
1 -1.31774381006893 -3.37727290664669 -0.0820727709443061 0.652260670795728 -0.947977006574927 0.707104895141655 0 0 825 0 0 0 0 0 0 0 0 0 0
1 0.406158714064316 0.112320195742862 -0.316069834290382 0.744147423083182 -0.923174292744441 3.03420609023209 0 0 826 0 0 0 0 0 0 0 0 0 0
1 -1.78577030396345 1.62445856402299 -1.08990255443799 0.77059073472707 -0.113077796578382 0.210721543978975 0 0 827 0 0 0 0 0 0 0 0 0 0
1 0.160983088800476 0.608882369111423 0.293373656377197 0.184160142729167 -1.06033614845091 1.49501119713525 0 0 828 0 0 0 0 0 0 0 0 0 0
1 -0.0105554600024904 0.986481859947304 -0.274338737910334 -0.689985789995657 -0.441483415425173 0.412903211436253 0 0 829 0 0 0 0 0 0 0 0 0 0
1 -0.678126699735164 0.0305978882612347 0.301531961006423 1.14655182322506 -0.508434279762244 -1.43937541444186 0 0 830 0 0 0 0 0 0 0 0 0 0
1 -0.316363873003506 0.275540402217666 -0.554887156925984 0.663348506648848 -0.559265946452044 1.38290302474027 0 0 831 0 0 0 0 0 0 0 0 0 0
1 -0.268087120538807 -0.0601329482646761 0.024556131929485 0.567497416063105 0.129495111632805 0.684669889034477 0 0 832 0 0 0 0 0 0 0 0 0 0
1 0.264176622951437 -1.03630748800443 0.360294148908382 0.853752576885902 0.154721395345388 0.798087816916462 0 0 833 0 0 0 0 0 0 0 0 0 0
1 0.940597601424387 -0.462503308182515 -0.307992811207993 -0.548712912550029 0.783351317688344 1.86929646372668 0 0 834 0 0 0 0 0 0 0 0 0 0
1 0.0299625746276646 0.25928478012096 -0.446062066660572 -0.809422545664154 -1.55999999629457 -1.40968607688756 0 0 835 0 0 0 0 0 0 0 0 0 0
1 -0.268587013996528 0.350794857936406 0.193369469616254 -1.29436845174678 -0.309208254171788 0.0819379052672265 0 0 836 0 0 0 0 0 0 0 0 0 0
1 -1.85598844098472 1.51920377008028 0.372006851640632 -0.174630142599993 -1.01255542349883 -0.259786942556992 0 0 837 0 0 0 0 0 0 0 0 0 0
1 -0.359044694812605 -0.3160169651509 0.439036065561629 -0.00699591435744196 1.23542140911067 -0.599188794821993 0 0 838 0 0 0 0 0 0 0 0 0 0
1 -0.749279188711567 -1.87062706657042 -2.79861958257239 0.0899808412565997 0.434783013804351 -0.643722701520127 0 0 839 0 0 0 0 0 0 0 0 0 0
1 0.0895142750528283 -0.408514572905837 -2.41737618933412 -1.26084049132155 0.0445343705943183 0.317667565784083 0 0 840 0 0 0 0 0 0 0 0 0 0
1 -0.377899662513435 -0.558213605814036 0.727477112394464 0.631754731123222 -1.20185779592771 0.886578543490772 0 0 841 0 0 0 0 0 0 0 0 0 0
1 -1.01573852180293 0.118281992996132 -0.463694954400638 0.82852936936906 0.112319332301277 0.383936481478973 0 0 842 0 0 0 0 0 0 0 0 0 0
1 -0.115613127567063 -0.467190287549931 -0.30089034651752 -0.616113261300901 2.58067386478787 0.404897973994683 0 0 843 0 0 0 0 0 0 0 0 0 0
1 2.0635154696162 0.339337263194298 1.31378832535426 -0.820963993026168 -1.00522754734923 -0.00426598889837615 0 0 844 0 0 0 0 0 0 0 0 0 0
1 0.939727202711668 -0.638616092068866 0.10883176752976 0.88704595855674 0.290540946532974 1.52276407623911 0 0 845 0 0 0 0 0 0 0 0 0 0
1 -0.281243094300963 0.716489227748044 0.683089419992263 0.131507840776605 1.7542466361212 -1.09089423734026 0 0 846 0 0 0 0 0 0 0 0 0 0
1 0.0829366981756856 -0.216011826875556 0.41401862447872 -0.137588125392275 1.29259747290203 2.05762618139761 0 0 847 0 0 0 0 0 0 0 0 0 0
1 -0.437809435736319 0.187349893064497 0.264706621653132 -0.81164426894591 1.07889390353715 -0.0210417923460771 0 0 848 0 0 0 0 0 0 0 0 0 0
1 -0.0917102948631539 -0.178771762824941 0.537117206295838 0.295412534326926 0.791865470092593 2.11824547497448 0 0 849 0 0 0 0 0 0 0 0 0 0
1 0.121318255568653 0.48725815754648 0.0705481391062829 1.04727123141164 1.25615527659453 -0.0852310845758021 0 0 850 0 0 0 0 0 0 0 0 0 0
1 -0.10102808633923 -0.0421727645406307 0.273103959942677 -0.164900399939814 0.293828236804111 -0.225916225120195 0 0 851 0 0 0 0 0 0 0 0 0 0
1 -0.04490723169448 0.252294496263487 0.0748403666154323 3.13623502408077 1.14722094322815 -0.164347192231407 0 0 852 0 0 0 0 0 0 0 0 0 0
1 0.69786631505027 -0.707035005927927 0.62585325866282 1.21785140755871 0.371460567306488 1.82145434278003 0 0 853 0 0 0 0 0 0 0 0 0 0
1 -0.532568813231387 -0.650763896387188 0.837561902486488 -0.553499658519581 0.676517389963608 0.210923117617488 0 0 854 0 0 0 0 0 0 0 0 0 0
1 -1.67995378365212 -0.779601318599551 1.20965794274854 0.438795738579856 -0.751651699081184 0.446495096524594 0 0 855 0 0 0 0 0 0 0 0 0 0
1 0.305676175753135 0.307881623536705 0.263422219056564 -0.12103390856196 0.328152507235291 -1.48435020423533 0 0 856 0 0 0 0 0 0 0 0 0 0
1 -0.507448096653896 -0.525880710688871 0.807090408497631 -0.142835309192786 -0.728227500778848 -1.15151773091248 0 0 857 0 0 0 0 0 0 0 0 0 0
1 -0.876195342134994 0.26625541386796 1.15497933380305 1.84139259792566 0.646631270861536 0.308579493742753 0 0 858 0 0 0 0 0 0 0 0 0 0
1 -20.1744534850194 -19.0678567981298 -2.39028962809114 -0.152500426975473 -0.478186126892501 0.202495600674819 0 0 859 0 0 0 0 0 0 0 0 0 0
1 -0.0785849702247676 0.0856176269138483 0.233786342669983 2.79695754186935 -0.594769398032505 -1.86468670020246 0 0 860 0 0 0 0 0 0 0 0 0 0
1 0.152430050086735 0.100359475990256 -0.338873956066264 0.019530473613143 0.0501741154205638 1.60873579928822 0 0 861 0 0 0 0 0 0 0 0 0 0
1 1.76929823504794 0.714892705150828 0.243638781371617 -0.28453874169846 1.23463507502138 -0.119443669863837 0 0 862 0 0 0 0 0 0 0 0 0 0
1 -0.003714828788475 -0.0893422335332937 0.100963388659755 -0.0290949581326132 2.51772974388316 -0.322359573520175 0 0 863 0 0 0 0 0 0 0 0 0 0
1 -0.75605620154605 -1.58368214004135 -0.273411935078416 -2.01170143512522 -0.685654606918595 1.12375396477769 0 0 864 0 0 0 0 0 0 0 0 0 0
1 0.625424868574685 -1.96892518431254 0.0132340019742661 1.67398099978758 0.701189284901567 0.297741615139123 0 0 865 0 0 0 0 0 0 0 0 0 0
1 0.144608387966728 0.142459741557473 1.170160324145 -2.03756697048107 -0.513015313126059 1.00819203635159 0 0 866 0 0 0 0 0 0 0 0 0 0
1 -0.14639972023135 -0.0354678388512247 -0.2557126269414 -0.204196301177921 -1.08090671510699 -0.594183632454781 0 0 867 0 0 0 0 0 0 0 0 0 0
1 0.364813641418744 -0.0614591437308908 -0.685945637400191 -1.03021521962078 0.282002140756979 -1.03657728401798 0 0 868 0 0 0 0 0 0 0 0 0 0
1 0.402872931463934 -0.0640459496787561 -0.13422325183493 1.66738051645103 0.294764551570685 -1.56287312167185 0 0 869 0 0 0 0 0 0 0 0 0 0
1 0.189709812102872 -1.68807562495675 -2.0821109324445 -0.991530306649539 -0.544561722134495 -0.235222951955213 0 0 870 0 0 0 0 0 0 0 0 0 0
1 1.03313480945604 0.969348614169476 0.493176937813567 0.194490160588056 0.948495379837568 0.357830027423327 0 0 871 0 0 0 0 0 0 0 0 0 0
1 0.0352549946580648 0.195977930122177 -0.91265530028074 0.0476169062232729 2.40176273825573 0.324379938915145 0 0 872 0 0 0 0 0 0 0 0 0 0
1 0.432910622593475 -0.131296830402095 -0.433307313157875 0.803465332942554 -0.299550697870206 -0.985209231541413 0 0 873 0 0 0 0 0 0 0 0 0 0
1 0.620637618278681 -0.278848792727431 0.0654999334197481 0.566718894135954 1.09587920326421 -1.09870829509052 0 0 874 0 0 0 0 0 0 0 0 0 0
1 0.145675413935604 -0.0575775494500849 -0.718235649232478 0.236307295997235 0.301419840383819 0.095300740475516 0 0 875 0 0 0 0 0 0 0 0 0 0
1 0.947368606358763 1.09765445985611 0.78521729902308 -1.10660191224355 0.294518277185566 -0.785922776609589 0 0 876 0 0 0 0 0 0 0 0 0 0
1 1.24752504122306 1.07426443662007 -5.29089016348252 0.19371465451393 -0.0201424196393202 0.726324162944271 0 0 877 0 0 0 0 0 0 0 0 0 0
1 -0.573861266850894 0.20179220860305 1.35124556981499 1.74527310013158 -0.630393225121239 1.05131121241793 0 0 878 0 0 0 0 0 0 0 0 0 0
1 -0.314702740458643 -0.825803039817109 1.61039016033804 -0.163960838746999 1.31472232657451 -1.40086086989546 0 0 879 0 0 0 0 0 0 0 0 0 0
1 1.29238032821713 -0.461959593676102 -0.228615835922662 0.481178216643612 1.13614796057754 1.10363955120539 0 0 880 0 0 0 0 0 0 0 0 0 0
1 -0.0640645390799865 0.484369092405156 -0.301278687592098 -0.761604895388271 1.20091342661368 -1.09486584381857 0 0 881 0 0 0 0 0 0 0 0 0 0
1 -0.26560001495549 -0.197842868231991 1.12830671595269 -0.217636652645841 -0.58951552453338 0.411095630229317 0 0 882 0 0 0 0 0 0 0 0 0 0
1 2.70116575261672 -1.86339909204838 -2.86713257655527 0.35107692556011 -0.0777080077084583 0.173789103796183 0 0 883 0 0 0 0 0 0 0 0 0 0
1 -1.017061524047 1.50819746366989 -1.19817257098796 -0.769105945875758 0.253090077671014 -0.292179819310438 0 0 884 0 0 0 0 0 0 0 0 0 0
1 -0.102885471558701 0.0303787348145056 -0.160242102022823 0.876032640116491 -0.1138357400136 0.586669020414249 0 0 885 0 0 0 0 0 0 0 0 0 0
1 -1.31255548593102 11.3803914037168 14.8604010478604 0.0391879610409845 -0.269582844145865 -0.576163774163117 0 0 886 0 0 0 0 0 0 0 0 0 0
1 0.585180390439727 0.144399439122227 0.44936721110247 -1.35305037306861 1.58532978513898 1.06788698748519 0 0 887 0 0 0 0 0 0 0 0 0 0
1 3.56004583669952 -1.76833236365246 -0.388721678781852 0.559102116918728 -0.080250280110603 0.775765776520031 0 0 888 0 0 0 0 0 0 0 0 0 0
1 0.704182191957682 -0.451041541066817 0.0128573829389342 -0.10362565114878 -0.320066784412993 -0.770551921463452 0 0 889 0 0 0 0 0 0 0 0 0 0
1 -0.0402825957964352 -0.240809961310176 0.553521409963764 -0.761811870675204 0.701143644514263 -2.27603883938181 0 0 890 0 0 0 0 0 0 0 0 0 0
1 1.06153133867398 -0.143009784287562 -0.374698568391267 -0.972797776753396 0.161225835362708 1.37328209953943 0 0 891 0 0 0 0 0 0 0 0 0 0
1 -0.354839771964423 -0.863174789024679 1.51114637970673 -1.00162689753068 -0.57525282369863 0.142200357561145 0 0 892 0 0 0 0 0 0 0 0 0 0
1 -0.246744090010834 -1.59390321996417 -0.519568625462042 0.232151633249148 -0.010025528625462 0.677350851418141 0 0 893 0 0 0 0 0 0 0 0 0 0
1 1.51254877280753 1.23548094937344 2.17637978219333 0.684309676857265 -0.488058633571298 -0.986605070374624 0 0 894 0 0 0 0 0 0 0 0 0 0
1 -0.0730442744587092 0.81361874301605 0.176286140958574 0.691701549336725 -0.680668804586882 -0.465449569475976 0 0 895 0 0 0 0 0 0 0 0 0 0
1 -0.0984476572980948 0.0493919611812589 0.498966667562943 1.59273609701939 1.22167614873537 -0.170924757836041 0 0 896 0 0 0 0 0 0 0 0 0 0
1 0.323256321225736 -0.98521132579143 -0.695673434820119 0.956453229447254 0.464656694127196 -0.183057209014987 0 0 897 0 0 0 0 0 0 0 0 0 0
1 0.156479421634834 0.424662131278985 0.235726020823936 0.157284953911665 -0.151114587409599 -0.705114812104844 0 0 898 0 0 0 0 0 0 0 0 0 0
1 0.339262580541575 0.457780043106452 0.5507955441742 -3.37891180628766 0.418998735439314 1.27868308077982 0 0 899 0 0 0 0 0 0 0 0 0 0
1 -2.47988449915082 0.332648864463016 0.201583703371892 0.530573588154692 -0.915271203027094 -0.290831596345 0 0 900 0 0 0 0 0 0 0 0 0 0
10 -0.0387357043713872 -0.144919127266505 -0.781536499927342 0.63272557329611 -2.12120351721442 1.65490123799008 0 0 901 0 0 0 0 0 0 0 0 0 0
10 -0.831742279013602 -0.0323137643848389 1.39624015474822 0.901325001402845 0.699340417285348 -0.383615530838016 0 0 902 0 0 0 0 0 0 0 0 0 0
10 -0.0729597486783802 0.245056051087712 -0.509757656416255 -0.656143512309426 -2.51178643206899 0.172803104660076 0 0 903 0 0 0 0 0 0 0 0 0 0
10 0.481564095780494 -0.39930889758419 -0.600771289593532 -1.6703473940748 1.30598014199613 0.814244652332076 0 0 904 0 0 0 0 0 0 0 0 0 0
10 -0.387941736043869 -0.437846205549118 0.2889022830319 -2.25332588954622 -0.106953932218102 1.43831629377177 0 0 905 0 0 0 0 0 0 0 0 0 0
10 1.4685539200866 -0.864965585168496 -2.59210669999027 -0.480243894768083 1.59051657640027 0.220425174137518 0 0 906 0 0 0 0 0 0 0 0 0 0
10 -3.00852935856113 1.57477429417574 3.3445391326103 -0.369005788914847 0.144578593899171 0.89014735472151 0 0 907 0 0 0 0 0 0 0 0 0 0
10 -2.97160120599914 1.99282680724939 -1.14773999052586 0.0196315197085906 -0.503532782247601 -0.0330964881922743 0 0 908 0 0 0 0 0 0 0 0 0 0
10 0.226656944675681 -0.287001068836381 0.128995388925754 -1.82377068415898 -0.594873253505797 -0.225807878938463 0 0 909 0 0 0 0 0 0 0 0 0 0
10 1.19735569737556 -1.19080462381211 0.247022673592334 1.33436603613054 0.251948494439779 -0.630257391490507 0 0 910 0 0 0 0 0 0 0 0 0 0
10 -0.0196633184831925 1.01082759122386 0.452669159569615 -0.270975549201425 -1.76091318342609 -0.50123202992371 0 0 911 0 0 0 0 0 0 0 0 0 0
10 0.349333170257835 -0.814023946575389 0.985118754227172 0.548767980428127 -0.769846597284636 0.549329340662043 0 0 912 0 0 0 0 0 0 0 0 0 0
10 -2.43478486919776 1.74858895790815 0.835357459791828 -0.313920033120066 0.543281370482779 -0.314671089158067 0 0 913 0 0 0 0 0 0 0 0 0 0
10 0.950312568088645 -0.151386844708425 0.873176645087368 -1.72505886305782 0.178157638974498 -0.876618998223069 0 0 914 0 0 0 0 0 0 0 0 0 0
10 -0.0787965438921511 0.27593553775563 -0.146798855172462 -2.27958046151617 -1.40562862135778 -0.166007803167475 0 0 915 0 0 0 0 0 0 0 0 0 0
10 -0.541303017951908 0.750242184970942 1.03702336687602 1.30782138347311 -1.74588574847809 0.399017350241637 0 0 916 0 0 0 0 0 0 0 0 0 0
10 -0.307890835389676 0.765252349764962 0.0466632984277871 -0.267682085086519 0.566144495596483 -0.457554300317605 0 0 917 0 0 0 0 0 0 0 0 0 0
10 0.229775140940883 -0.211114252591483 0.309698200396527 -0.216383687963162 -0.256740684684608 -1.49705435201641 0 0 918 0 0 0 0 0 0 0 0 0 0
10 0.0796360295931904 0.759239743056697 -0.327526979764306 -0.924554019922158 0.962817847131438 -0.359367883122778 0 0 919 0 0 0 0 0 0 0 0 0 0
10 0.236290231146506 -0.0192042738895533 -0.0129995820565313 1.14757464934812 2.28806501286438 -0.319471717838855 0 0 920 0 0 0 0 0 0 0 0 0 0
10 -0.496015053242027 0.288900586707273 -0.102917607297883 -1.0402420644695 0.244482074228999 -0.477708574464425 0 0 921 0 0 0 0 0 0 0 0 0 0
10 -0.707338785927423 0.0461106928899627 1.29263850082301 0.972661235759872 -1.19319406522561 0.317885879656205 0 0 922 0 0 0 0 0 0 0 0 0 0
10 -1.34660614707702 -0.418247984261762 0.336983942810429 0.935093720440033 1.15768044497544 -0.370606022398893 0 0 923 0 0 0 0 0 0 0 0 0 0
10 -2.62459137683038 1.33271238116529 1.17642383340734 0.135443574776408 -1.25504653546153 1.07914324188149 0 0 924 0 0 0 0 0 0 0 0 0 0
10 -0.867252636964657 0.84003022388813 -0.677096195034999 -0.120054333358663 0.527004551200488 0.86201974820094 0 0 925 0 0 0 0 0 0 0 0 0 0
10 -0.74997804124012 -0.9556805153024 2.26591306148005 0.436770048711672 0.74543844632944 -0.277110391475543 0 0 926 0 0 0 0 0 0 0 0 0 0
10 0.602620572811955 -0.833781180524745 -0.555683829229446 -0.18172650387325 0.0200370709234621 1.97390043030346 0 0 927 0 0 0 0 0 0 0 0 0 0
10 0.114628755505284 0.0788122383626 -0.036152482253977 -0.652419944983355 -0.733844758905137 0.524431322941257 0 0 928 0 0 0 0 0 0 0 0 0 0
10 0.139553187723752 0.359432230619083 -0.828075418917508 1.21599709668248 -0.156393017368479 -1.49263783773441 0 0 929 0 0 0 0 0 0 0 0 0 0
10 -0.24706645023358 -1.22829855640969 -3.34873752941465 0.180081792558699 -0.677086165945422 0.262155174647376 0 0 930 0 0 0 0 0 0 0 0 0 0
10 0.479222874896261 -0.227681868501916 0.082478167768849 -1.622743545567 -0.357037467903024 -0.267856902047106 0 0 931 0 0 0 0 0 0 0 0 0 0
10 -2.95751475402597 -1.57074337709168 -2.6743125718659 0.756003713420241 -0.549677119814223 0.354292785152505 0 0 932 0 0 0 0 0 0 0 0 0 0
10 0.037967356297655 -0.887241377922831 -0.507772985028944 1.04675977640338 1.05550337843477 -1.09879534905487 0 0 933 0 0 0 0 0 0 0 0 0 0
10 -0.0651670826812445 0.0534423182067412 0.985650898585283 1.56255003907564 0.311106671029011 -0.721634860951005 0 0 934 0 0 0 0 0 0 0 0 0 0
10 0.377237902353999 0.0187378280724781 0.753116081758929 -0.572998665725716 0.119974068587365 1.65061977450444 0 0 935 0 0 0 0 0 0 0 0 0 0
10 -0.0531715826076881 -0.12891215750608 -0.151855909506111 -1.16017931314699 0.958172486026134 -2.62664538252446 0 0 936 0 0 0 0 0 0 0 0 0 0
10 0.670292087644099 -0.588800993919522 0.983089577129064 0.661707424450657 0.438974608783801 0.707721989435385 0 0 937 0 0 0 0 0 0 0 0 0 0
10 -1.12194397479927 -0.636705949454321 0.557930023693134 -0.513020056436881 -0.407083478735118 -2.05174242905277 0 0 938 0 0 0 0 0 0 0 0 0 0
10 0.398603147275798 -0.110105931791184 -0.63407779745617 -0.0222789222255068 -0.0562393398068409 0.500624853031259 0 0 939 0 0 0 0 0 0 0 0 0 0
10 -0.148838498191689 0.372222735907982 -0.540896167663771 -0.773743267254307 -0.674332425764268 1.41369905205015 0 0 940 0 0 0 0 0 0 0 0 0 0
10 0.364961425107667 0.039982754179938 -0.734521387744544 0.768236170670313 -1.05238254781113 -1.93424449550564 0 0 941 0 0 0 0 0 0 0 0 0 0
10 -0.520200336380549 -0.962755578644388 0.620095308883561 2.13577137992562 1.72636662621047 0.964642510820265 0 0 942 0 0 0 0 0 0 0 0 0 0
10 -1.04390484478562 -0.962147385099915 -0.0668950917817707 -0.444066519328489 0.157449405404243 0.203178961294564 0 0 943 0 0 0 0 0 0 0 0 0 0
10 0.139466724028082 0.196907226484594 -0.684736460118287 -1.68184797800014 -0.971973390552881 1.06907237837765 0 0 944 0 0 0 0 0 0 0 0 0 0
10 0.287081696444487 0.0410257368391206 -0.255609168479823 2.45252488806323 0.00975458571708108 1.10594631668294 0 0 945 0 0 0 0 0 0 0 0 0 0
10 -0.0869058128858193 0.0700633863392944 0.0097020714149735 2.13269504344449 -1.08610627742804 0.535417880477134 0 0 946 0 0 0 0 0 0 0 0 0 0
10 0.374415190982241 0.214259600698254 0.382529331735976 0.0886653401011085 -1.64325829825321 -1.04251909009027 0 0 947 0 0 0 0 0 0 0 0 0 0
10 0.0530871630172446 -0.174583051340916 -0.471351629082999 -0.098186149311502 1.62003110470243 -1.76590642447595 0 0 948 0 0 0 0 0 0 0 0 0 0
10 0.177074472670471 -0.481524151248912 0.536517660174428 -0.267185382654639 2.55560827135674 0.112576620406823 0 0 949 0 0 0 0 0 0 0 0 0 0
10 -1.74289198578759 1.78812765070365 0.820713336704625 -0.987328141333659 -0.191584486617161 0.359190502106641 0 0 950 0 0 0 0 0 0 0 0 0 0
10 -0.307964197004304 0.976794313890358 0.448451186804876 -1.69346785732113 0.995668858971449 0.316643855501643 0 0 951 0 0 0 0 0 0 0 0 0 0
10 -0.182253214008102 0.988028327542485 0.304632695308163 -0.257345056790871 -1.79302987942215 0.46750364833272 0 0 952 0 0 0 0 0 0 0 0 0 0
10 0.0719324398198437 -0.95117885901142 0.211576025717945 -0.124756549105719 -0.861438866774544 -2.22634358354232 0 0 953 0 0 0 0 0 0 0 0 0 0
10 -0.448680573445685 -0.256673495397368 0.0639016072462485 0.0446508802424628 -0.0597992947432296 -0.878502747667765 0 0 954 0 0 0 0 0 0 0 0 0 0
10 0.722104866282593 0.0378319972952956 0.519397070370423 1.13129586989816 -0.111593611186175 -0.131724598117626 0 0 955 0 0 0 0 0 0 0 0 0 0
10 -0.0596576975310927 -0.238576573276678 0.945257547585682 -0.847698113358972 -2.20949766605797 0.119054101518076 0 0 956 0 0 0 0 0 0 0 0 0 0
10 0.0622629190174247 0.335569506133572 0.354726247955702 0.0230863138488266 1.85396470105829 -0.155101901520549 0 0 957 0 0 0 0 0 0 0 0 0 0
10 -1.10100226299945 -1.41168545473578 1.59004874050188 0.468723080870918 0.608455556855054 0.299451143318314 0 0 958 0 0 0 0 0 0 0 0 0 0
10 0.699421065880011 -1.83663524562534 -0.847627424993847 0.96323305446579 0.414926825333357 0.964402954575635 0 0 959 0 0 0 0 0 0 0 0 0 0
10 -1.55796210541873 0.643668581349999 0.37849396292943 1.8336630052588 1.17357842133486 -0.575062126797174 0 0 960 0 0 0 0 0 0 0 0 0 0
10 0.294078751873057 0.0260148258345899 -0.702396096489238 0.760651868380169 -0.892847874243895 0.951695241192887 0 0 961 0 0 0 0 0 0 0 0 0 0
10 1.6362883585043 0.248471850314321 -0.775909290037393 -0.258170163451897 0.286345407174024 -1.36547156963282 0 0 962 0 0 0 0 0 0 0 0 0 0
10 -0.328324113000246 -0.353290067169671 0.444869228096025 1.00724811430148 0.0512896691839781 -2.3320681061515 0 0 963 0 0 0 0 0 0 0 0 0 0
10 -3.34664786627911 0.415413791591565 3.38030158405477 -0.216306159251072 0.87970442468205 0.0209714201238515 0 0 964 0 0 0 0 0 0 0 0 0 0
10 0.183971250597696 0.245713517453368 2.1835202654064 0.116154498130725 -0.551918657307554 -0.427639530443684 0 0 965 0 0 0 0 0 0 0 0 0 0
10 0.75413985286555 -0.645561294586245 0.66181720703045 -1.36772233818986 0.5847199278811 -1.0307918935221 0 0 966 0 0 0 0 0 0 0 0 0 0
10 -0.152550398078025 0.102735886978967 0.357031323453064 -0.261138117196164 -0.813948903452961 -0.986239138232 0 0 967 0 0 0 0 0 0 0 0 0 0
10 1.47693158788144 0.627762422683119 -1.39829309608734 0.929860607606681 -0.795769166241189 0.280635066704314 0 0 968 0 0 0 0 0 0 0 0 0 0
10 -0.225546058861155 0.216867317350528 -0.306372257038927 -0.370965477656859 -0.177202850944633 2.61390660873852 0 0 969 0 0 0 0 0 0 0 0 0 0
10 -3.453544218921 1.82925879138381 -0.862407074303472 -0.106747331615702 -0.0362623402740397 -0.5180470889387 0 0 970 0 0 0 0 0 0 0 0 0 0
10 0.949581092100316 -0.406549707629698 -0.247984224391773 -0.884175021933168 1.69346942651671 0.0862151724079508 0 0 971 0 0 0 0 0 0 0 0 0 0
10 -1.29970947934608 0.972990978460006 -0.196098370112183 -0.513081263725533 -1.27280807938797 -0.207766482918711 0 0 972 0 0 0 0 0 0 0 0 0 0
10 -0.409981974876643 0.122689639942922 -0.183426591255075 -0.174582920389293 0.286657490854574 0.743369343702196 0 0 973 0 0 0 0 0 0 0 0 0 0
10 0.242140502257543 0.474179093838651 0.540326455662864 0.30249931868445 0.632392556445331 -0.208573060926397 0 0 974 0 0 0 0 0 0 0 0 0 0
10 0.263362132325696 -0.453908526782937 -0.155065020203735 -0.435403228996158 -2.14915191286717 -0.973269245040035 0 0 975 0 0 0 0 0 0 0 0 0 0
10 0.265308791450012 -0.0445671142041975 -0.0437534744887608 -2.1517408998497 -1.10199931281569 1.60083133716252 0 0 976 0 0 0 0 0 0 0 0 0 0
10 0.665238515096603 -0.046624894075507 -8.00062546251054 0.245900613842448 -0.444534452744697 -0.452698947602068 0 0 977 0 0 0 0 0 0 0 0 0 0
10 0.264082033948895 0.0055473163120984 -0.385829000579852 2.22060282757691 -0.898198805624951 -1.04360842104978 0 0 978 0 0 0 0 0 0 0 0 0 0
10 0.595935345393441 -1.07528720013051 0.114342253905752 -0.172883212440099 -1.04705110821767 -0.706391134518442 0 0 979 0 0 0 0 0 0 0 0 0 0
10 0.503944305325717 -0.242649441867815 0.0736367493639722 2.03788104157001 -0.946896322583083 0.483124084780643 0 0 980 0 0 0 0 0 0 0 0 0 0
10 0.0698800137917854 -0.372227007363355 0.227006939000541 -1.30289825203092 0.181790535176179 -0.440470855688571 0 0 981 0 0 0 0 0 0 0 0 0 0
10 0.336682429203127 0.46088083540658 0.0443739809289534 1.02133300959244 -0.998093367642194 -1.27027119800407 0 0 982 0 0 0 0 0 0 0 0 0 0
10 0.0508858636030031 0.362381649224278 0.024588382785096 -0.601152969447212 -0.538581745342742 0.778574731267345 0 0 983 0 0 0 0 0 0 0 0 0 0
10 0.772333502938489 0.0625211602958463 -0.607174174485052 1.43901649951733 -0.607644400174035 0.199602565203855 0 0 984 0 0 0 0 0 0 0 0 0 0
10 1.54240001431446 -0.982330203439696 0.55076148906252 -0.0970096974305059 -1.11861140201363 -0.184165233022007 0 0 985 0 0 0 0 0 0 0 0 0 0
10 0.195028879223554 0.0645875444353709 -0.794032533787866 0.235331614320424 0.887093654332151 -0.551797512462397 0 0 986 0 0 0 0 0 0 0 0 0 0
10 0.265942369376166 0.960527517430536 0.0243027329431821 0.840487194279102 0.243276970671576 -0.260886742829225 0 0 987 0 0 0 0 0 0 0 0 0 0
10 0.0376385947630058 -1.12915785181267 0.223581706466377 1.77842736268428 -0.885842918250129 0.758890566161063 0 0 988 0 0 0 0 0 0 0 0 0 0
10 -0.100913820806938 0.171237819972842 -0.129620637929357 -1.05746730783867 0.563797150044773 0.251018692739584 0 0 989 0 0 0 0 0 0 0 0 0 0
10 2.00941103722542 0.579685123087228 1.00881331956341 -0.822660003791001 0.964121422814749 -0.318416981643351 0 0 990 0 0 0 0 0 0 0 0 0 0
10 0.54218128873681 -0.0535725516513726 -0.883150404325402 1.85582644032089 -1.34743275737747 -0.832040378915495 0 0 991 0 0 0 0 0 0 0 0 0 0
10 -0.135948443630367 -1.60645529482482 1.08944862927034 -0.848209830054295 0.574749691915834 -0.704163852937065 0 0 992 0 0 0 0 0 0 0 0 0 0
10 -0.617402598989493 -1.64260704762245 -1.27180689179946 -0.13423120530082 -1.46481365538078 0.24040904980785 0 0 993 0 0 0 0 0 0 0 0 0 0
10 -0.299853808116032 -0.328443886053129 0.212318865559331 0.218772733062537 1.11446932520666 -1.8223447600389 0 0 994 0 0 0 0 0 0 0 0 0 0
10 0.115557143380459 0.170597647746441 -0.794836835425448 -0.626479135503797 -0.192336617440021 -1.93193172880623 0 0 995 0 0 0 0 0 0 0 0 0 0
10 0.147889666508521 -0.650227323452087 0.546356899111412 0.333697319156304 1.12065933610672 1.88722556785009 0 0 996 0 0 0 0 0 0 0 0 0 0
10 0.0375740664885959 0.79308720012346 0.343962702861729 -0.327638311651888 0.0336271798850119 -2.00118612870594 0 0 997 0 0 0 0 0 0 0 0 0 0
10 -0.0055865811615657 0.723499328778396 0.383691526758018 0.535810542310706 0.487746681894381 1.8836182326563 0 0 998 0 0 0 0 0 0 0 0 0 0
10 -0.543418266770595 -0.0153188843570026 0.326955990054016 -1.26482096272473 0.171268871543884 2.66157848215032 0 0 999 0 0 0 0 0 0 0 0 0 0
10 0.220584089858004 -0.175821490973455 -0.488356435775261 -0.0551327808184164 3.56145450922299 -1.13199814839513 0 0 1000 0 0 0 0 0 0 0 0 0 0
