1.0000000000000000	0.0641509142852523 -0.2617861639780986 0.9934173846441552	-1.2224645303739119 -0.6697768553047483 0.9678924507965732
1.0000000000000000	0.0322039145703130 -1.0104431241559446 -0.5657929982764697	0.9955378389382148 0.0595658802618491 0.8039809854583133
1.0000000000000000	-0.7006313804148715 0.5200672054322806 -0.1481595323651817	-1.5799780561318981 1.0089063175388515 -0.9775096785339320
1.0000000000000000	0.4424127263865753 -0.1730939126829552 -0.1511003000024606	0.1578565834480432 -0.8109030113689237 0.3673944687048605
1.0000000000000000	-2.2973088052688548 -1.0285888568042221 -1.8245599201672289	-1.0088679754142607 0.1098548299858705 0.3799174344817837
1.0000000000000000	0.4072777349027099 0.1964572506617182 -0.3997364234209467	0.5072335683155290 2.6486915837399359 -0.8386874137339249
1.0000000000000000	-0.2187794405612886 -0.3609999215756587 0.1050328357022307	0.6289729214904614 0.6242008395649575 2.4740127841132638
1.0000000000000000	0.3886150970270932 -0.8442362016812730 -2.4557520357464222	0.2265960172759496 0.2687073218276917 0.2962475001079062
1.0000000000000000	0.5787167134022640 0.0249025124485744 -0.0489247043513494	-2.3341726996341414 1.8674863469895919 0.8422716184042184
1.0000000000000000	0.4954179255537609 0.9218740139642004 1.1392869922246593	0.9318192040868648 0.0037272741180652 -0.2805525847030625
1.0000000000000000	0.5615663154227520 -3.5060994091122932 -2.7845509580746337	0.1615095770491328 0.9119596777152935 -0.1144791072761629
1.0000000000000000	1.0319185506798336 -0.7696779461038922 -1.1067595011511147	1.5745042613290423 1.5188279849016362 -0.4656265184197204
1.0000000000000000	0.8560539870457829 0.2858998580105897 -0.5971542275134829	-0.5617282295543763 0.4132270517415236 0.0970176284645977
1.0000000000000000	0.1076182707895662 0.0129549083482938 -0.4646432164983174	-0.7127375145852681 -2.5056898833740240 -1.4063905270476329
1.0000000000000000	0.1146999269891267 -0.2268336518259680 0.5664068457181591	-0.2021505325491051 -0.1888796618331895 1.0877139337683848
1.0000000000000000	2.8177234993563696 0.8280963537078156 0.6891547920862890	1.0060756712567542 -0.2014935598072504 -0.5705980853094954
1.0000000000000000	0.5187868895443899 -0.0152440514784390 0.6627295656066539	1.1562656260730289 -0.4348301437294985 -0.0318487670067004
1.0000000000000000	-0.1803006087978582 -1.0517102352308025 -0.0201154192304752	-1.3190260065543959 0.7101260736049669 0.7159755368966741
1.0000000000000000	-0.1353348894228683 0.5974016481554248 -0.9649828813725145	-0.7938352711528075 0.8233136393832652 -0.2497004531437690
1.0000000000000000	2.6075087624504105 1.9712735734934888 -3.4224118081890276	0.3373910448678335 -0.1004093940847299 0.6194625423477218
1.0000000000000000	0.8773602167752732 -0.1108739772556957 -1.1075027687677270	0.1514860527377712 0.2294753029562146 -0.3566632666073814
1.0000000000000000	-0.3409388705571059 0.0669672743666597 -2.0293900976431920	-0.8126966698541016 -0.1536540339531147 0.9530504172909581
1.0000000000000000	0.0666319498218491 -0.1060804776801589 -0.2112727144582576	-0.5520385283498345 -1.6134037162069230 -1.7235505329384133
1.0000000000000000	0.3584761430536027 -0.2536136155152980 0.4157932742055165	-0.5246998561328434 -1.8040535114873606 -1.2010695682502084
1.0000000000000000	0.0938944505219315 -0.2753845459850029 0.6131167869918537	-0.9470225510795333 0.6470528087262624 -0.8390689348372284
1.0000000000000000	0.0507734912590034 1.1580800390443040 0.1988894366025387	-1.5495982953131084 0.4110151560669759 0.0590496160659363
1.0000000000000000	0.0543650089817841 0.2854443589831114 0.2782179438934264	-0.6900664925679525 2.0711512848630278 1.5092723123382685
1.0000000000000000	-0.6322685446432630 0.6116350325706540 -0.1844959363458219	-0.0565883872584194 0.9936843501949365 1.4234951295184883
1.0000000000000000	-0.4997263967090201 -0.0902269818388477 -0.0502497595768676	1.8522545771000980 -0.1005790072088713 1.2076021285494862
1.0000000000000000	-0.9497945888472865 0.5292194657050970 1.5651308418213070	0.7590102992692054 1.4055050646517440 0.7172378493304646
1.0000000000000000	-0.4104017308866109 -0.5843797985605592 -0.8001501504716702	-0.0528324122831446 0.4934985973564686 1.9608125714938285
1.0000000000000000	5.0906535834410462 0.8944178182052291 -2.0216471496558714	-0.8490922486236466 0.9619028967837422 0.0837918662000136
1.0000000000000000	2.8533186332280245 -1.2454526511237689 -0.0301627683246282	0.6084577534396871 -0.8202661941799613 0.1953172619180141
1.0000000000000000	-0.5977619943397515 -0.6824755321919010 0.5859247559570231	0.7953730914305580 -1.5320198708865735 -0.3905601022749066
1.0000000000000000	1.3234558624110857 0.9731652049420833 0.9758456589459861	1.3250968579385640 -0.1387262669285438 -0.9238358062026097
1.0000000000000000	-2.9522801919615866 -6.7049729542220318 5.2986534405195869	0.3325381668641664 0.1543544961926831 -0.2564673158130800
1.0000000000000000	-1.1293446848075730 0.5813317285478269 0.8849507260097096	-0.8767348261478736 -0.8314974100312367 0.7710708140064404
1.0000000000000000	0.2919030229485634 -0.2245630758035969 -0.1881267995066531	1.3339966666162850 0.9424380926865569 1.0030079944661403
1.0000000000000000	0.6874964900119699 -0.5448074493728635 0.1711196889267632	-0.4149818096610950 1.9042166348870013 -0.5507883759943838
1.0000000000000000	0.3615227616464249 -1.2955297948730635 0.2221301792774561	-0.2294950507033764 0.9718666832615488 -0.0741334090300605
1.0000000000000000	0.3543595193114598 -0.3918219700619662 -0.0063843988463722	0.7631514460215111 -0.7663307156868449 -1.3028248867266365
1.0000000000000000	-0.3178123857146373 0.4121982610218923 0.0178681309276903	-0.7343200749765934 -0.6665244384875277 0.9398294017799584
1.0000000000000000	-0.0596235909145664 -0.0243771232515130 -0.6372913345931488	-2.0568205748921891 0.7162349955919427 1.1342462248519318
1.0000000000000000	-0.3564973864243203 -0.5145991161342695 -0.1699780988213317	0.1946430915403287 -1.0557303031908687 -0.4312623452524346
1.0000000000000000	-0.4756802664616820 0.5590603311722283 0.3512007608534418	0.3939375131945225 1.9004511112576292 -1.6307500164736992
1.0000000000000000	0.1877986207406533 -0.0727927081705356 0.0703622438389366	-1.9420853582685289 0.2042060839099740 1.8113115684871441
1.0000000000000000	-0.1982698729125840 0.1456813332455904 0.6143810645950178	0.1667522740267975 -0.6602648270910134 -0.4164147308141535
1.0000000000000000	0.3534858197768032 -0.2615591910993539 0.0875645391220043	-1.3606904984385586 -2.0621365043364386 0.7358980652358006
1.0000000000000000	1.8350639216792499 -1.7033199009048421 -0.7898673805186671	-0.8388198924027825 -0.8190794578563122 0.3921217465273015
1.0000000000000000	0.1205271433232435 0.5597799259733794 0.0319210134561792	-0.2313984329931618 -0.1259609324381003 0.2037017757406170
1.0000000000000000	-5.3676246813571042 -0.4334899416006657 1.1642867222622306	0.0956656481221599 0.4874529007833430 0.1982173275065899
1.0000000000000000	0.0009431910283229 -0.0152330178843296 0.5019703137762768	-0.4673643321658442 0.7626001620103025 1.4723962989140353
1.0000000000000000	-0.8321711127413216 -0.2220574059791582 -0.4658441538231612	-0.2567554444334786 -0.3283480636471198 1.5997622176543860
1.0000000000000000	-0.8716591335217952 -0.3233857460194641 -1.1711540917997210	-1.0978761905445378 1.5390939520763816 -0.0811370279590265
1.0000000000000000	-0.0206149723295228 1.1159457319096153 0.6632797198791951	0.2933933632572771 -1.0990705779905263 -1.3042443931465870
1.0000000000000000	0.2284617413125919 0.4260596567665630 0.8247006806718358	1.4067682666097805 -0.5494286942634889 -2.2240001270816601
1.0000000000000000	0.0137651120636967 0.0783696142046279 -0.3947437504868588	-0.6549690831737418 -2.2799864706011266 0.7689201837687881
1.0000000000000000	-0.4444579660222658 -0.2880695153768367 0.4950066542717870	-1.1446460268700991 0.9763058360153486 -0.4944726887790771
1.0000000000000000	-0.0123905558706094 0.4644754790410531 0.1423590184152142	0.6430304429820851 -1.1523999648879093 -0.3529533601801232
1.0000000000000000	1.3322387017320678 0.0157117060978851 0.2401182670438436	-0.7701511177160344 -0.7482116690372812 1.4580670205513266
1.0000000000000000	0.4812327711048069 1.9503544381072919 -0.3251393645085482	-1.5320528284458497 0.0076795284686076 -1.5752188454238774
1.0000000000000000	0.3454837579540815 -0.0395191462794534 0.3323568136796987	0.1804439089658619 2.8396419828364530 -0.1705492233066838
1.0000000000000000	0.0374102399024928 -0.3807804068029835 -0.2745913199033809	0.2485852646058549 0.2920851523581301 1.8546726454898226
1.0000000000000000	0.3193730995723165 0.7054422754275831 1.0422312712702848	-0.2298566186776945 -0.7041767947011488 0.8790131678740364
1.0000000000000000	-0.8236529607425266 -1.7200375364484808 0.8628491293392531	0.1330418174845784 -0.9618354109489818 -0.1091614864121554
1.0000000000000000	0.0907712095005705 1.5988686589628949 0.1427992374287645	0.4316022003405810 1.0003889399364074 -0.0173585182179547
1.0000000000000000	0.3824586369621959 0.7868355470890426 -0.2275588180158331	-1.1766573957172228 1.6011588048160750 0.1263034283474661
1.0000000000000000	-6.0389398953170303 1.5327573030004518 -3.6307374727203121	-0.2418103811382502 0.0840107442701446 0.9871385004164529
1.0000000000000000	0.8616860310634860 -0.5118057398053084 1.3848918134213937	-0.5747260818498910 -1.7713553108935813 -1.2438568947599113
1.0000000000000000	0.3333102995962841 0.3982038254229583 -0.0064904180023675	0.1515334410873540 -1.4785083115943485 0.7636501610796733
1.0000000000000000	0.7573111001233986 -0.1094008707418439 -0.2848986792517302	0.5370732232405950 -0.3183318487346120 -1.6850563543416297
1.0000000000000000	-0.0000537335153998 -1.2632934925026928 -0.9919476330218946	0.9605753020867165 -0.3467246166609307 -0.1437464400611784
1.0000000000000000	0.1217272844678496 -0.8443309017185721 -0.5080584386929065	0.2280535984031041 0.5528097051074347 1.1994686684005029
1.0000000000000000	-0.9326509136482258 0.7043189700133725 -0.2245004103424530	-0.9163398009640307 -0.5166022092051304 1.9232984733304526
1.0000000000000000	0.3575419332144953 2.0500308654658874 0.1709599925356473	-0.7236644682960006 -0.1936272761394549 -1.5361588368532852
1.0000000000000000	0.8566718687458862 0.4014133437331742 1.2261215819455138	0.3401584417830125 1.6831241824639096 0.8285586613011705
1.0000000000000000	-0.5308178252001702 3.9746936938785646 3.5834318645380407	-0.3752257648848452 0.5698870013238744 1.2346261622262054
1.0000000000000000	1.8999014928059617 0.1466373400631845 0.9376600197371742	-0.6856192280399712 0.7191025714252011 0.6119622723357672
1.0000000000000000	0.4244742130621743 -0.0494192585897743 -0.5173822805349735	-1.1592366277272728 0.6382307477119799 -0.7254364196907919
1.0000000000000000	-0.9059817074394150 -0.4394752168440530 -0.6828663933758617	0.4746064708003664 -0.1805068410524998 1.0892047146997779
1.0000000000000000	0.0541132410151308 -0.0202989863420903 0.0136045579835947	-0.0372872560617761 3.2663600712254004 1.1739966120613448
1.0000000000000000	-0.7786206057581948 0.0226266370519954 -0.3338028186150426	1.1172533609566859 0.6322130551624923 1.0758294510214603
1.0000000000000000	-0.2742094370444663 4.0758621287682102 -0.3908171467688006	0.6377613406083330 -0.7124759977152585 0.2101194913537461
1.0000000000000000	1.0224986577158395 0.2621867926044198 -0.3680878391109821	-0.2724818091352884 -0.8544231610477568 -0.2324485287456554
1.0000000000000000	0.6605695840348023 -0.9211648953861891 -2.3567563872031103	-0.2834649273614855 0.5582104330920609 0.9080442422795788
1.0000000000000000	0.2372875938915110 0.3452229319936463 -1.3416216933614820	-0.6403898511020473 0.6568646029376923 0.3768806175613333
1.0000000000000000	0.2192870831077047 0.8622122793439044 -0.0965499651268847	-0.8983523477466906 -0.0738659346495969 -0.6326531047058684
1.0000000000000000	2.3708227179067287 1.3646711593612784 0.1144953775752693	0.1585694229140512 0.9163068951134059 -0.4392064808177102
1.0000000000000000	-0.2413820793835142 -0.9426673089718017 -0.2952852333525788	-1.9964015925390515 0.8980946547803796 0.9270513546790889
1.0000000000000000	0.1950102630235329 -0.6274074024846323 0.4821403805829885	-1.4294374006922701 1.5907064522277492 -0.2458314469564082
1.0000000000000000	-0.1126037365034189 -0.8083087607045627 -1.3597923852239950	-0.4888643945534663 -0.1986175453338915 0.6562304999023325
1.0000000000000000	-0.4314081821239278 -1.1746138660474377 -0.7459725016079161	-0.9222844468517787 0.0185383153826916 -1.4022480053260047
1.0000000000000000	0.0851127625907237 0.4702647621526910 -0.0231916718258389	-1.7122216976658389 1.2647838045616702 -0.0243626224009426
1.0000000000000000	0.7695520941152239 0.7085845261307693 0.1603428839758609	1.3685682776029571 -0.5490585289955756 0.6697492667966749
1.0000000000000000	0.5886702110721397 -0.6896809120648393 0.3476563703474893	-0.9695587419285020 -1.0556273406701393 -0.8639780338343114
1.0000000000000000	0.5062095327916356 0.4388595404717183 0.4708250966935671	0.6104139054920419 1.5480822591663592 0.4326351306067743
1.0000000000000000	-1.3241358832200967 -0.3805138657496471 1.3748906588769447	-0.8649764483542386 -0.7012052703606350 0.4481351066839635
1.0000000000000000	0.2033228612077236 0.6009569009151939 -0.1001638426355268	1.0606986299878614 -1.1114611791298252 0.8878942392044953
1.0000000000000000	0.4424706294131721 -0.2964845992576344 1.0552906814424521	0.0129296489189549 -1.1080600743188047 -0.5619693363184144
1.0000000000000000	0.4129033904300636 0.1432498651229660 -0.5244717319307589	1.3715432533881731 -0.1863355436405172 -0.8526932859277979
1.0000000000000000	-0.4670013513348519 0.0917050327032046 -0.7207913246394121	1.4960863812200556 -0.0221491850734152 -0.6367853999593047
1.0000000000000000	6.3039352105094553 -6.9909595054830103 -0.8386381949008401	0.2097360567843493 -0.2627815963063310 0.7502329488891529
1.0000000000000000	1.0630389739086905 -0.8150817543329414 0.5489786475991341	0.4001543428575338 0.1800682440664759 0.7870947974352245
1.0000000000000000	1.1023674107032488 -0.2620848411405176 -0.3506329470926938	-1.2388929851249810 -0.0474414182233364 0.4841589824876239
1.0000000000000000	-0.2165350215045495 -0.6119886415283936 -1.1532693184024003	-0.5372634275361575 -0.2734765008483583 -2.0353252222826299
1.0000000000000000	0.8886403850233715 0.7960326313717752 -0.2125371858504492	0.6374627031795262 -1.4595230219878219 1.5498700539115535
1.0000000000000000	0.6022780541768923 -0.2189842070820413 0.0759241838455017	0.4909837206674279 1.0387934764887241 -0.2592978011167205
1.0000000000000000	0.9151373753909119 0.3409818391839150 -0.2474630995785623	-0.7983688223714774 -0.1699516471003803 2.3711215862181434
1.0000000000000000	0.6233480590384136 -0.7885372866942545 0.8827772440182963	0.6562838058461626 1.0624163118616337 -1.8424997753560945
1.0000000000000000	-1.1739082034944173 -0.9381989692204352 0.1769836282903108	-1.3805121582245869 -0.8439167367399171 -0.9213417217390846
1.0000000000000000	-0.3132940035678159 0.3473193469480205 0.1641529746065483	-1.9383298340053912 -0.2658366685936602 0.4177965250482646
1.0000000000000000	0.3279574852084672 -0.4255911300121636 -0.7743916207053282	-1.5722350315881923 -0.0731064813208915 0.0484566030176132
1.0000000000000000	-0.1547220068177501 0.1612182152412545 2.4063912833474448	-0.6518606548887917 -0.4794065107446904 0.9018625903182781
1.0000000000000000	0.5203020451914808 0.0391002926562505 -0.5179390417487648	-0.1641052485352285 1.5244416814984239 -0.4011686421419067
1.0000000000000000	-0.1104804766068506 -0.3300966328054670 0.3389162704415198	1.9891845131075221 -0.4299422067843982 -0.6089247392086562
1.0000000000000000	0.3092939950616800 1.4181828902785756 0.3779965493934415	-0.3809270544699290 -1.0968689179750477 1.0356698566819758
1.0000000000000000	0.9571870353228714 1.0572471020075571 0.7717986768935176	0.9268354804230329 0.4244098495802719 -0.2277793091224019
1.0000000000000000	0.1944514824142972 0.4329546928104438 -0.4693803165846975	-2.9283732336317025 -0.6813853270956054 1.1068594123570012
1.0000000000000000	0.4449931169906772 0.6967486125645156 -0.0161072358102247	1.7765190458376616 1.8618690404933371 0.4733990028408021
1.0000000000000000	-0.2727229296937073 0.2285833390524855 0.5835649962558817	2.0086849218790817 0.9137028274287639 0.8469221722767603
1.0000000000000000	-0.2131159911722750 -0.3015120197806127 0.0948642472376439	0.2752620755495344 1.2347760408366364 2.6589298796995968
1.0000000000000000	0.7399494604991418 0.1167976451725334 -0.6263730031795935	1.6850054307720557 0.5534042371045187 -1.3310043363627448
1.0000000000000000	0.8281198656789341 -0.0106880474973998 0.3775774364982487	-0.4567715467717793 -0.0827201398682871 0.5975681419087002
1.0000000000000000	2.4464444416628579 -1.4508635760256072 0.8414986617958620	-0.8477224020761308 0.1005712693315266 0.2688023412361247
1.0000000000000000	0.0348528755610281 0.0370136646505406 -0.2863904570823814	2.2775774654874188 1.7144481033048913 1.2302893331865496
1.0000000000000000	0.2919054257442112 0.5201020236638364 -0.3702122230172651	0.5087807548495072 0.3439942162533016 1.0226767550718308
1.0000000000000000	0.4659315101960845 0.5644395219117043 1.0555930720870605	1.0940722317457938 0.9340046616104979 -0.6649657192052053
1.0000000000000000	-0.5702295117877648 1.2560916791895440 -0.0742264535931775	-1.3389872604424675 0.9912865438727443 0.6926181399286634
1.0000000000000000	-0.6251789481674224 -0.1381915683384435 -0.4008650629057737	-1.3915841155619273 -0.0167656926851701 1.9575536599584362
1.0000000000000000	-0.0407097873754827 -0.9069949176061507 -0.6704171754014201	-0.9593127332354822 0.5799562288758549 -0.4912013471472689
1.0000000000000000	1.0072635743921308 0.3851299008983337 0.5012071838699210	0.1387766826728528 0.2373947736417823 -0.3206453841683385
1.0000000000000000	-0.3870951664928926 0.3179235891112872 0.4519615921671302	-1.8520902747463539 1.1825753333002835 1.3175152297243589
1.0000000000000000	-5.8245649437079727 -0.9820616391673469 4.1228560611381626	0.5072502988519689 0.0872006171268151 0.2336806019405330
1.0000000000000000	-0.4561884306542379 0.5855533227364019 -0.2124977270301326	0.3699800348076134 1.8532990197416797 0.6513198635231819
1.0000000000000000	1.3767291280879581 3.3762446485114670 0.1079167147014443	-0.2820827194935167 -0.0963977324517044 0.3684987913963137
1.0000000000000000	-0.3038916772305996 0.0842980093455915 0.7407134871085780	1.7056215174500582 1.3145541096994005 -0.2718589798899055
1.0000000000000000	-2.8750352696509949 -0.9741193972913302 0.6703468533717502	0.1012152610908645 -0.1749457875439944 -0.2109420954650071
1.0000000000000000	0.3928859630328667 0.2493452895217245 0.2148881074808106	-1.1926900314452014 0.1354741132265567 0.4774464486201030
1.0000000000000000	0.6763814368548039 -0.2372927712191657 0.4656920954903354	0.5693840782417939 2.6281243998414281 -0.0330871233059871
1.0000000000000000	24.2888924227645298 -5.3858985327145188 -14.6469685788152262	0.3686061348931658 0.3941387027695929 0.0081573794824260
1.0000000000000000	0.0835208961108482 -0.2402410734840122 1.2452071316958109	0.7472107897600595 -0.9431637458249315 -0.1875708977809338
1.0000000000000000	-0.7757763476551256 0.1094348117839635 -0.4059744177027387	-0.2908066406210892 1.5827602714883091 2.2648429615581591
1.0000000000000000	1.3870634561918933 -0.3968395389768492 -0.4034547370342828	-1.6890342459966952 -0.1673018068988006 1.0919819380480775
1.0000000000000000	-2.8743725822329540 6.1002938013006176 -1.7165258104588335	-0.5751665399380379 0.8695242221692722 0.0526426835982114
1.0000000000000000	1.0510180834391141 -0.0239810578919634 0.2531363567349088	1.4391258027441556 -1.4516954977015069 1.4137847811943989
1.0000000000000000	0.0548640383126032 -0.3468234387236215 0.6513077163586706	1.9313000129870250 1.7534062787211167 -0.3397715927314739
1.0000000000000000	0.1436648319249137 -0.0029149559684727 0.0690111801980235	-0.1214004658928454 0.4431345181542467 1.4939286132266447
1.0000000000000000	0.1149861687483402 -0.7430554140819459 0.1799898906484117	1.3546966503707043 1.7378455053848387 -1.7514740372564370
1.0000000000000000	-2.3555906081156675 -1.4432629611608947 -1.1857920907518951	0.3568769692236083 0.2112475152422303 0.2913719444636473
1.0000000000000000	-0.1208886035726434 0.0222761671358705 -0.0039166324666332	1.1794195612944873 0.7459595726264492 -1.3265564303459609
1.0000000000000000	0.2833441619030408 0.6295423837373245 -0.0464889844502325	0.4511860512705464 -0.3056352553466016 -0.1686495449875250
1.0000000000000000	-0.7423270534865046 0.9654272296633181 1.1128833411837991	0.4324382059700873 -1.2386512740570339 -0.0494287628563178
1.0000000000000000	0.7340440380062347 0.7695989696690924 -1.5624050540520054	0.6036922112153530 0.1314157150950907 -0.2154940986123263
1.0000000000000000	-0.1341998205592682 0.4357953462084528 -0.2643892019767370	-0.5344990693844821 0.3154112710929036 0.0145442143342209
1.0000000000000000	-0.8180481811276127 0.3893597797961190 1.2600374302027288	0.1396752417054044 -0.5701662545564387 2.3830281169539100
1.0000000000000000	0.8955748442077308 -0.2456827105109596 -0.8695204938404141	-2.0559841885988566 0.3109355384291105 -0.0521957314460622
1.0000000000000000	1.0523907716253083 -0.6532664630572114 -1.1663688233605383	-0.3480500906646816 0.8174715801173533 0.6898219712308274
1.0000000000000000	0.7499082334105753 0.1074428605977626 0.4883970244930934	-0.8177554041844196 0.9650641014494905 -1.0267611737067104
1.0000000000000000	0.5046984268969507 -0.5562884903228303 1.0126605726435700	-0.0990812353694729 -0.1473506313371981 0.3109398619336405
1.0000000000000000	-0.2591809696093275 0.3691729524152896 0.2049113441331164	0.5307562848530152 0.5868849066593396 -1.0822812579380869
1.0000000000000000	-0.1225867238853925 -1.6343969817648958 0.1144438459532301	0.9114017650636186 -0.6018400866495994 0.0598991191794051
1.0000000000000000	0.2921590104473032 0.2363023570977830 0.5529533490212712	-2.5812435713658348 -0.4222907921004735 -0.4776887240298429
1.0000000000000000	9.5704829256029953 -0.0981268208549642 -4.3583367789706884	0.7419199593768371 0.5853091587976691 0.0325770492087114
1.0000000000000000	-1.1193626349178236 0.2147763191401850 -3.0315685009999132	0.0741290694250450 -0.3137179612672615 -1.1290406092055845
1.0000000000000000	0.0927747474825478 -0.2708374356515422 -0.0886850804859746	-1.0502973459006109 -1.9897208318186921 1.0789320972731371
1.0000000000000000	0.2885066140514511 0.4178937090379012 1.6042089820550511	0.6858161594256607 0.8150617650556791 -0.7243610395743104
1.0000000000000000	1.0470498945369315 -0.0615532221587703 -1.9202998754473493	0.1308137290149302 0.6731692205939154 0.5522906311118060
1.0000000000000000	-0.6322320346308361 0.0416640032034812 -1.5243227696398733	0.5286552787097163 1.5588400743866146 -0.1964542534791734
1.0000000000000000	0.0965034086325248 -0.3715395773031788 0.2939281196843969	-1.5775999394390352 1.6147592450833865 -1.1415567434247886
1.0000000000000000	1.7856504667373725 3.2817789484050404 0.3773126945185475	-0.0578520151959247 -0.6832296248420915 0.9059301894886034
1.0000000000000000	-1.7315180162012358 -2.1415708169911061 -3.8721592652045702	0.5023880806113831 -0.3190656296652811 0.3402091867225237
1.0000000000000000	-0.2425297175745318 0.0632431115164482 -1.0249172421338930	1.6508655195192632 -1.2183291537721788 -1.4573409994561013
1.0000000000000000	0.5319594415402183 -0.2339869135968847 -0.4002571067356929	0.6195119153094344 0.8710886746913443 0.5865508779751413
1.0000000000000000	-1.8004120538474591 -0.2351731105136689 -0.5482713198298526	0.2672983659880961 -0.7240089842171933 -0.8592764131661198
1.0000000000000000	0.1381412411676345 3.9080386602774140 1.1600226105909404	0.4781101110127567 1.1479421964216376 0.1750437172001365
1.0000000000000000	0.5542386770323789 -1.1573573984016272 -0.5319238958296707	1.2564608786639850 -1.8313801972330865 0.9322261492134009
1.0000000000000000	0.6585069358039477 -1.2487770069719291 -0.6022640617509659	1.0460530564889288 -1.4124753779993564 -0.9387375059592583
1.0000000000000000	-0.1917791488533069 0.1727622350767414 0.0098793477500663	0.1527972675233439 -0.5558759027768451 -0.3343569840620709
1.0000000000000000	0.1007708550120763 -0.5684435188418866 0.1199043336000486	1.6604575317910939 -2.2388080579431797 1.0867616736194725
1.0000000000000000	-0.2971120150380778 1.2288795094614766 0.3321231182324976	0.5146755897256642 0.5010570280239245 1.2760373987863858
1.0000000000000000	-0.0307564694457798 -0.0473844482573506 0.8660026689664052	-1.0400378984508316 -0.3523224563483194 -0.9482442464374097
1.0000000000000000	0.3404723028234892 0.1131512746840039 0.3002710941566969	-0.7818476026352104 -0.4255655785409556 -1.7554529440725013
1.0000000000000000	1.2592629123295678 0.0877761078426584 -0.0120793944901741	-0.0988082590832939 -0.6017024586071962 -0.0300104636720379
1.0000000000000000	0.5425915960534097 -0.0833914745402647 0.8887637516177372	1.7612432798124034 -2.1372687555496763 0.3180114486533945
1.0000000000000000	1.1910235554401707 1.1408144589306450 0.5581723704847558	-0.4241377640778736 2.0092752216626661 -0.0781402258003146
1.0000000000000000	0.9139907444232833 0.9684028597241658 0.0315363498700935	0.4339569275395846 0.8665934804895571 -0.6125001669663552
1.0000000000000000	0.5834397213855941 0.8627615250488366 0.9769582073279206	1.5673047027659190 0.7889903846756027 0.7829190524096867
1.0000000000000000	1.8245436061709781 2.0746560657940800 2.0254425900144115	-0.7481907007019278 -0.1621427230420432 -0.4252011109822447
1.0000000000000000	0.4970849397859831 0.1113627436732464 -1.3594975761081169	1.2745018637306877 0.4949415236984059 0.6393673993582336
1.0000000000000000	0.8516523122975010 -1.2981014827909121 0.9874394576099740	-0.7099632894822799 -0.1935383422498996 0.3222280655581460
1.0000000000000000	0.7571856376349312 -0.2876933148575725 -0.2253315407965947	0.0104980814683267 -0.9129149564459136 -1.2480321557118017
1.0000000000000000	-0.0813800464891428 0.0819150397605058 -0.2222957776009267	-0.1040259769996405 2.6597776162468838 -2.2666430827454298
1.0000000000000000	0.2972790465410983 -0.2936799498439100 -0.7025062634534008	0.7801718037816211 -0.2988228663661569 1.2773035337922833
1.0000000000000000	0.0833321018825485 0.1445170210430448 0.2336607247142824	2.7263935306627927 -2.0313395528351981 -0.2868677914264808
1.0000000000000000	0.0255250831692730 0.0951235632354615 -0.2103561946837731	0.6080330971255966 -0.2905402013747119 0.0810915486076380
1.0000000000000000	0.1780933564307895 -0.8558744410844721 -1.0406634609124685	-0.6212685003884824 1.0324311284032466 0.3714174537578599
1.0000000000000000	-0.0237705322475666 -0.1534631985127270 -0.2930881827867409	0.1455485769140122 -0.9806573409877477 1.0961502697471301
1.0000000000000000	-0.4369300929201551 0.0449087002057654 1.2228499038540275	0.8356627591644240 1.2063706627505788 1.2213397385267681
1.0000000000000000	2.0176687033153895 3.0129128996462797 -0.1347267718216772	0.2018677273262777 -0.1994815904252006 0.8074690669869977
1.0000000000000000	0.6041489440784970 0.1335026593096331 -0.1877160962185331	0.5689611658705263 0.9338737606237577 1.7797883938309391
1.0000000000000000	-0.1108499369107553 0.3357567551278363 0.1236253436597843	-1.1812926924360176 1.7426984169107242 -0.6687691562682961
1.0000000000000000	0.5681111906369926 -0.0575292364438427 0.7179028062666214	-0.0860847351186226 -0.0149269167018653 0.5108426408778128
1.0000000000000000	-0.7039393238842725 -0.2865606536463296 1.4557008762653025	-0.7698859235781034 -0.2957715564751147 -1.1409593351420046
1.0000000000000000	-0.1123523192314019 3.3789281600621606 1.4843254792004652	0.0980173884466907 -1.4431990290904690 -0.8122031808310811
1.0000000000000000	0.1204690982382139 0.3366210787176152 0.1245680997243837	-0.4259136280535774 -0.6190292835971941 -0.6615016622971853
1.0000000000000000	0.1658990632220164 -1.5889276653883071 2.1422953386035384	0.5445112952711481 -1.1186861205987697 -0.2615420612629207
1.0000000000000000	2.0746937795704858 0.9942892024713291 -1.1949000955826288	-0.6731204952351797 0.4688412999853325 -0.9489853977664098
1.0000000000000000	0.7905036683719735 1.2118859283214798 -0.9954287678917754	-0.6013041261236842 0.1807883053113759 -0.0085089210200887
1.0000000000000000	-0.1501585493678875 1.6240131879027830 0.1958523933721548	-0.5399504248819411 -1.3794249354495789 -0.2015955478748130
1.0000000000000000	0.9790118390643892 -0.1627171681425304 -0.1227148815891466	-1.0994580799617175 0.3086686973311172 0.1762765216055822
1.0000000000000000	-0.0754311518773190 -2.8510343968770471 -1.7728980160130936	0.1296766145811142 0.2099897862186957 -0.9348114749166133
1.0000000000000000	0.4419053940223066 0.2640055287963916 0.6018646529635704	-0.0309047628002763 1.4769796923548206 0.7367193662643339
1.0000000000000000	0.9875826391168029 -1.6464630775185933 -0.6518435771025974	-1.0240171674264564 0.8020989569355740 -0.0912810748050794
1.0000000000000000	-1.2365675603194537 -0.0486889400275788 -0.4655938518630056	-0.2512668473583261 -1.0876397380138276 0.3874261702588943
1.0000000000000000	0.2810580001472239 0.0672820185778283 0.4645457939915227	-0.7294051366979191 -0.2827845295176614 1.0172835494835613
1.0000000000000000	-0.2293632560812912 0.5089016266506780 -0.0104171158684606	1.9004414494206547 -1.2175295400984072 -0.7257043786195646
1.0000000000000000	3.0546413361861799 3.3254041084880255 -2.7308829494619404	0.6317787465269226 0.4926821811765266 0.2583957076581030
1.0000000000000000	0.1657527565368382 -0.4057228399024151 0.9716882455203544	-1.9241053920271527 0.0411906466244006 -1.3853504408220350
1.0000000000000000	0.4277139469844798 1.0781416266711281 -1.2750178364969527	-0.7842312446834742 -0.1754093914469360 -0.9950253604797507
1.0000000000000000	0.2366954463397349 0.3162992237433568 0.5808107528655772	-0.4154899424088462 -0.2915976652551049 -1.0209269685171860
1.0000000000000000	-0.3785997065074286 0.6488999628335194 -0.8446871141732091	-1.5534940658353973 -1.6097438194099216 -1.2564340922531667
1.0000000000000000	-0.0518582372265940 2.1642250623613570 -2.2136647941421921	-0.5847985381028245 1.0931506145446401 -0.1193728454514252
1.0000000000000000	1.6937946051904185 -0.8778126947634308 1.7474593191793515	0.6015458809171778 -0.7220668154355744 0.1960489300708077
1.0000000000000000	2.0857956524145753 2.2108750754480901 0.0659853447141079	-0.2785556287356198 -0.7027306691578394 -0.9320809909616204
1.0000000000000000	2.4629014934258096 0.4302615516525865 0.4412174385712284	1.1102214375659214 -0.1078122058570982 -1.0599485890894276
1.0000000000000000	-0.1853881281527631 0.0064428588666874 -0.7596319978052567	-0.7364109759059684 0.1221052738104222 0.1987889467922292
1.0000000000000000	-0.8553056416499354 0.2196697657926193 0.5853093849709698	-0.3669642232366649 -0.5808558472678381 -1.3722623244906149
1.0000000000000000	-0.0250540832984808 -0.2247067341023964 -0.5019322324354552	1.0384336585064076 -0.0596740351031131 -1.7435030909687410
1.0000000000000000	0.7483481111726342 -0.1277280555451193 0.8696454310692532	-1.3437334039043507 0.2826373309728493 0.9884701478165135
1.0000000000000000	0.4986055082960156 -0.2640818759891710 0.1658914257369067	0.9319669593676068 -0.1505987655617210 3.2528134061512097
1.0000000000000000	-1.3520425957866986 -0.2153364318090007 0.4636814149978661	-1.0794561971504162 -0.3769141458036852 -0.2139760159488050
1.0000000000000000	0.1473680872633230 0.2591583067735749 0.1323402041293081	0.0361735417088837 -0.3308402879472982 -0.8400508557304286
1.0000000000000000	-0.7547170177077098 -1.8337625396544490 -1.2699354843502357	0.3735733459646540 -0.3920468557203540 0.5715787406492912
1.0000000000000000	-1.1202632704508115 -0.3830392411175674 -1.7434961316728386	1.2936542622401106 -0.1139074240679925 -0.6071041584058806
1.0000000000000000	-0.2098553064310236 1.6096084625456326 1.0565639571433783	-0.0388872033014376 0.0140884629910796 1.8507725401059354
1.0000000000000000	-0.4843629883546461 2.2721138506258418 -0.0414436236691706	0.5557160546177303 0.1375341253136746 -0.6691115289865592
1.0000000000000000	-0.1495097189703426 0.5677666086557971 0.8923185535190453	-1.5383656820091969 0.9179586938384099 -0.0287184863480724
1.0000000000000000	-0.8297720141377778 0.1438266749186270 0.6359495984978721	0.1806562833955814 -2.0521502226736041 0.0730386822314093
1.0000000000000000	-0.1901290344606659 -0.7091937312379922 -0.1486371210010262	0.8888790598324976 -0.3067163246380086 0.0820655439260066
1.0000000000000000	1.8682437652541730 0.1828237622679764 0.4644501414262655	1.3282853784840911 -0.7546296514548289 1.1233863535524491
1.0000000000000000	-0.2122699629924340 0.5271652173440435 0.4132639665209157	-2.2066282833280413 -1.4810320094840843 -1.6121501750874256
1.0000000000000000	1.4600352403001948 1.5786269137849744 -0.2280943546725291	0.9983827624505991 1.3486693926094266 1.3366927052040607
1.0000000000000000	-0.4112302984299447 0.2300225963411649 -0.5735840550055241	-0.3249428343738661 2.2300347885938367 -1.2747338553582510
1.0000000000000000	-1.4229740308336818 -0.1767675712642435 -0.6144048464673625	-0.1395469744322530 0.3734113268107217 -0.6659081253730129
1.0000000000000000	0.4752508792773930 0.1418506732762982 0.8769210581310071	-1.2975050372133483 0.6887650341817216 -1.6513066126621978
1.0000000000000000	-1.0031540512954784 -0.0451732631103789 0.7583734519193607	0.3694904405954074 0.1058067863473422 0.7706485847595262
1.0000000000000000	0.8463172320925768 1.0091549640894570 0.2884986638520381	-0.3502815158654429 -0.5461875255179013 -0.3913057736710058
1.0000000000000000	1.0328575994151266 1.2494176087773052 0.0938892536205685	0.2077583984440785 -1.3919468810424287 0.0823595640797670
1.0000000000000000	0.6915873221368919 0.4968797630492865 0.2930592708160407	1.0907663142499653 1.4329926941725706 -0.4982533046647091
1.0000000000000000	1.3463355671480295 0.6577661128632762 0.1264376749534471	-0.1140961687792830 0.6946294793155590 0.3870404314237876
1.0000000000000000	1.2053975567349622 1.2012752107151634 0.0688106225318606	0.5986258987338680 -0.4381585182290305 0.8086493553607118
1.0000000000000000	1.0072497941599994 0.2386135851005332 0.5178596607711520	-0.0329675903380285 -1.0598601140572430 -1.0799694899659225
1.0000000000000000	-0.3178810392657655 -0.1784023658303905 0.5285914098059219	0.1117787980898510 -1.3533758034272390 -0.6509293708625390
1.0000000000000000	-0.2963541972485583 0.0983403861888191 0.0304852228268484	-0.0741571507230084 1.4012035248476407 0.2257909169061150
1.0000000000000000	0.6353016689498138 0.0778736714909188 -0.1964918352875609	-0.9291917139254442 0.1308923799061110 -0.4329027859705751
1.0000000000000000	0.4679617566593615 -1.3004551280113612 -0.8776006412730254	-0.1825577771028717 -1.1513774329228808 0.2455296986150758
1.0000000000000000	0.2220568782647299 0.3426392379836020 -0.0212222598071776	-1.8604626991538720 -0.8259402549002143 1.6677038869498975
1.0000000000000000	1.4557097059733559 -0.5909261939198229 -0.6230455568831916	1.0392047755824734 -1.0008081914464355 0.0216370313173378
1.0000000000000000	0.3098667183710392 0.5468720408605821 0.5820572825098389	1.3399269975151256 -1.8092544665727961 -1.3200581555167277
1.0000000000000000	0.5565044457363334 -0.3607350404561707 -0.3166500485426025	-1.0246668593609722 -1.8749406090980560 -0.4306838070212590
1.0000000000000000	-0.5611573279817778 -0.2611325263899830 -0.0988942283356238	-0.8738195355799409 1.6325544217871053 -0.2194498269790695
1.0000000000000000	-0.2592973150327728 -0.1650190061845614 -0.0362069421758563	0.5913953408737708 -1.0371428034058121 -0.4078310925932299
1.0000000000000000	-0.0933366404977535 -0.7642482583252463 -0.4056872869275559	-0.5622611495654385 0.4121972184506082 -0.6031807722974666
1.0000000000000000	0.0920575698879119 -0.7355307725213158 -1.5135609933196612	-1.1023319666860474 1.7846794317274191 0.7373210531055320
1.0000000000000000	0.0451091721445980 0.4396631160333447 0.0065395492129157	0.4275941307146564 0.9448222321769505 -0.3916605009072026
1.0000000000000000	0.2305604214220066 -0.6035868166140909 0.4443089087632803	-0.2048933007841900 -1.4997116096293395 -2.3719279529351383
1.0000000000000000	0.9944388966492820 -0.1145324710403135 -2.0958440959547562	-0.0802508231459151 -0.2562080836561075 0.8010908974761795
1.0000000000000000	-0.4041493158612266 -0.8685946846169776 -0.4802019569690139	-0.0274470747865355 -0.2380860775242317 0.9115000025200150
1.0000000000000000	1.7311546641724986 -0.1421517628953221 -0.9103985962348732	0.5622123482896810 -0.6946775646246097 -0.0679149287981302
1.0000000000000000	0.3141551332512644 0.0398169143259679 0.0689710482836224	-1.4359356439158719 1.0460960625703628 1.5790054591244007
1.0000000000000000	0.8844564870050921 -0.6766665484472437 -0.2876775229714172	-0.3065240486157364 0.7736341482477096 0.7424710271796785
1.0000000000000000	0.2571224838490612 -0.2670662010758785 -0.0919025713979656	-0.9554550827271185 -2.8454287118632346 0.6684376654544991
1.0000000000000000	-0.0832899669389081 1.3858373742942069 -0.4073218587897913	-0.8371076736612126 0.3979797905321377 -1.5668485533422607
1.0000000000000000	1.9922123173856241 -2.6864418818396079 -1.1644764144043458	-1.0672114828473835 -0.0453701359817786 -0.1472721399211718
1.0000000000000000	0.6361876327606186 -0.6252806731765294 -0.3122923972903424	0.6505639171528982 0.6806388945541297 -0.4637648553189083
1.0000000000000000	-1.6685689077044736 -0.5093603290461074 1.5258282108580725	0.4466090546408078 -0.8448200216026901 -0.3667734725111946
1.0000000000000000	-0.1530208062278974 0.9149264926663531 -1.5996023068650262	0.8777669958571023 -1.2907830458796712 -0.4640790100512083
1.0000000000000000	0.1354169677212729 0.0828507391781294 -0.1584642950146748	-0.7995527550601522 2.2427735415056089 2.6698406320285062
1.0000000000000000	0.6575213167698825 -1.5572866662944893 2.2116735887117622	0.6993033775468888 0.2091973584243504 -0.1358993779958669
1.0000000000000000	0.5172125046978163 -1.1717566267186124 0.0387799714427120	-1.0790680693537416 -1.4232865452237389 -0.1178512984918823
1.0000000000000000	0.2289053877590869 -0.6845261660533665 -0.1630411068908452	-0.3499649885318534 -0.5075853717033459 -0.8889760674141871
1.0000000000000000	0.9752496692703390 -1.0742511513190662 -2.8664761581336364	0.9614032007813499 -0.7355424314528034 -0.5073227977170887
1.0000000000000000	0.1825642484657402 -0.1096118821512519 1.9671065239346404	-0.3964167740133918 0.0171291279244125 -0.1009141189148348
1.0000000000000000	-0.2579925287589283 -0.5327430091493032 0.1894092574226441	0.1411088646960155 1.9025609071851450 0.4244769249104579
1.0000000000000000	1.2383664378084891 0.4589145521150649 2.0634489787317261	0.7448875430445145 -0.5142636547750016 0.2489485330738364
1.0000000000000000	0.7168458868975746 -0.4978045398307409 0.5576556056828170	1.4353138692973306 0.0578449081411264 -0.3078906647050020
1.0000000000000000	0.0673704677141751 -0.3870419784513740 0.2909330725116535	2.2321014681694664 1.2527264674537943 -0.6717905213868509
1.0000000000000000	-0.1468023228973646 0.6729805965799609 0.2637981698313736	-0.0673912537469189 0.5934928853098841 -0.5822843049760050
1.0000000000000000	-0.8262657489719450 0.3116576667396286 -0.6866222378392709	-0.0506649306403598 -0.3803440893315686 -1.3624449480030441
1.0000000000000000	0.4107814244453016 -0.3696420184655563 -0.7847147464749890	0.9125982267193359 -0.0031423899833434 0.7101139391288904
1.0000000000000000	0.9323834987174581 -0.2275583939039560 0.5459412455610566	0.9252847810690922 2.2893935289220839 -0.2906434836953443
1.0000000000000000	0.0312031632460152 -0.0254221864084061 -0.5170677247780932	0.8037561318917897 1.3510284819177214 0.5405935907035656
1.0000000000000000	1.4749226242973030 -1.5581468222569270 3.3736744718007978	1.1180801267359541 -0.2709515039197956 0.3410148454437785
1.0000000000000000	0.1720966923496171 -0.6574779391375382 0.0501450473400796	-0.2182099554520660 -0.0788521360822884 2.3208650460668170
1.0000000000000000	0.1699304915786147 -0.7764184565460533 -0.4131256322892509	-1.6907023870226159 -1.1141231656786836 0.2442425458901160
1.0000000000000000	8.6374730328562617 -10.0479337262145840 -5.2348084406827855	-0.1478185088565806 -0.0221016497140545 0.1008380961362684
1.0000000000000000	0.3242252802754451 0.5476637571426382 1.1215406142658653	0.0277360674596799 -0.9117590877955689 -0.1920591131402845
1.0000000000000000	-0.1904636758968148 1.6442292565935224 2.3654336091749877	-0.1544849721859455 -0.4542336853784548 0.1295071668210498
1.0000000000000000	-0.4333028718296921 0.1854773815230233 0.9111904455081694	-0.6662368503050293 0.6365266431669295 -0.2207447240942269
1.0000000000000000	-3.4455088722360405 3.2320218214692447 1.7314409577540679	-0.0292292918902959 0.1278283792959533 0.3177331071689285
1.0000000000000000	0.7597918119001321 1.1293325217057752 -2.1265985431488770	0.5804756145268669 -0.1368508518388732 1.2084759684805033
1.0000000000000000	1.9376409809055262 -0.4653466599326326 -1.0689978405926606	-0.1597331965771079 -1.2688890420575214 -1.2011367347633155
1.0000000000000000	0.4500465564256781 -0.2189266218733133 0.8870049015884118	0.5010663733944244 0.0489224240616204 -0.6024497840069235
1.0000000000000000	-0.2942392680124947 -0.7205170681286053 -0.7254840949673003	1.5735173553430828 0.3331981960224977 0.8656677547201007
1.0000000000000000	0.0029149498402419 -0.0388688811199107 0.0051343455692954	-0.4889250189374759 -0.6555867198868199 0.9547580712560028
1.0000000000000000	-2.9068110636911628 1.5909339459911251 -1.0635952534812589	0.1293220061174875 -0.3738582526658732 0.5327203097790111
1.0000000000000000	-0.6365025362682833 -2.1147230413447518 0.8893533669371273	-0.6349718058510986 -0.1622110344761320 -0.6572142122545631
1.0000000000000000	0.3444485304783389 0.0808278270856728 -0.0551984380097102	-1.7662955224493715 0.9433407185291340 2.2205755583296143
1.0000000000000000	-0.0394617233466842 0.4354683216971191 -0.6298660356735158	-0.4514171577659131 -2.1352180409371657 -0.0738183119135719
1.0000000000000000	-0.0085701184150202 -0.3697448503889582 -0.3575368505847335	-1.3840758092374676 1.8298697303809914 0.7148382378694621
1.0000000000000000	-0.7473624399024702 -1.4143725164963521 -0.6042029024192367	0.4005603541154751 1.6955143522669374 -0.7248255032164014
1.0000000000000000	-0.2569671585130938 -0.0484055676543473 0.8342547358754631	-0.3738574200243065 1.8030991029750247 -1.3656562368205520
1.0000000000000000	0.3286151314257778 -0.2867866990826199 0.0520847159423346	0.3197268533651030 2.1205431133494193 0.2058826516871007
1.0000000000000000	-0.8268536770751609 -0.9931833860725175 1.2815085602402994	-0.7606096960358661 -0.7732361906826811 -0.7504797318910222
1.0000000000000000	-0.4877839218152898 -0.5918528451032659 0.3532791376674438	0.4627685317364898 0.3463660999828305 0.8052080616759338
1.0000000000000000	-0.2866723263078845 0.2806210080831493 0.0814511703609953	1.1704326928764686 0.7095871040645897 -0.1051285815571586
1.0000000000000000	-1.0749526920775787 0.5747598228543629 0.7290639536461280	0.5084051460994786 -1.1481823307038019 -0.2199535851664943
1.0000000000000000	-1.6343109170358354 -0.6999737521335233 -1.5767088717267002	-1.1610774557153920 0.1698038228846262 -0.4689613739954870
1.0000000000000000	0.1335859104092597 -0.3024409016973008 -0.2124167851229275	-1.2591912633489568 -0.5683136543972891 1.5482844411469767
1.0000000000000000	0.4359472846161587 -1.1859745426846178 0.3764388135772138	0.0062305885544107 -0.8114314014933516 -0.5591951877305068
1.0000000000000000	0.3583699562183335 0.1269286226341274 -0.5012436787253348	-1.2986796367434632 -1.8426677082948917 1.0481882760653634
1.0000000000000000	0.7902581189477710 1.3608743884636461 -0.7896531670562501	0.3418376215900653 0.0318568907622722 0.1148246022791873
1.0000000000000000	-1.2309642296741579 -0.2400089572845308 -0.5803748576234223	1.0305669393268500 0.5104337110433798 -0.5069198191979039
1.0000000000000000	0.6087698532717303 -0.9035645206101638 0.0903584700021857	0.1776314722003120 -0.4350390643828170 0.3296577007448655
1.0000000000000000	-0.3000605108008348 0.3994295243189809 -0.4620094787816384	-2.6130690664495422 -0.8416756761870867 -0.1146431092538926
1.0000000000000000	-1.9577442122782764 -0.9503936917260181 -0.3191802953554651	-0.3595835941584433 -0.6216894340654318 -1.4503153044327977
1.0000000000000000	0.7234156977016806 0.4975691368057470 2.2171046895956836	-0.4074207972026282 0.9687125598430893 -0.8480927260633849
1.0000000000000000	0.9347238750666370 -1.3778690768566093 -2.2565000572979157	-0.6915379038559530 0.1664088072774808 -1.0696072217730452
1.0000000000000000	-0.2366502369960603 -0.1379902742954908 0.5727829068843804	0.1604495704098058 1.2070969649815209 0.6877050322818745
1.0000000000000000	0.7216222847837285 -1.1670390990790802 -0.6957936147646627	-0.1718444860766000 1.0715921975234868 0.0837074427462137
1.0000000000000000	0.7063933624621777 2.2029376361378783 -0.8357162079518388	-0.3958243011992160 -0.5761832002865369 -2.0261203496676932
1.0000000000000000	-1.6366261390058221 -0.6102851045493680 0.0419352398646275	-1.1720212640932883 -0.1748307736380429 0.1069749782321736
1.0000000000000000	-0.2123653121773469 -0.1679583797890964 -0.2683136803139671	-1.6930397501423571 -0.0977291076813392 0.0367250354779104
1.0000000000000000	0.3215908033132385 0.2283354224163676 0.3326531791000676	-0.0189713575254443 0.5677484730572809 -0.1686422761009200
1.0000000000000000	0.0483614633039156 0.0726394709858448 0.1308342707257870	1.7453047726029483 -1.6855307270389313 -1.8364032333085638
1.0000000000000000	-0.7126907728554739 0.8743615908547193 0.3902388127932077	0.5870218113792377 1.2522147430339241 -0.0733932195469790
1.0000000000000000	0.1598143570908002 -0.7005169161813678 -0.0230615719551158	-0.9330287411070151 -0.2390982079155265 -0.0361478085142989
1.0000000000000000	2.2041023498747978 2.5332585676278798 -0.3746575513865512	0.0953155635774592 0.1470405177116224 -0.1901619276657543
1.0000000000000000	1.2164766792713693 0.3610565635712433 0.4279893395492126	0.5230205399389907 1.2023949587617495 0.7932942239695661
1.0000000000000000	-1.8233383444134208 0.5256961578984342 0.7654071535165824	-0.6634994820579974 -0.5576747601521878 -0.1161670301414189
1.0000000000000000	0.8287733363068694 0.8841095618756377 0.2159532844515624	-1.2463755120509823 1.1493562101935038 -0.9334537394857981
1.0000000000000000	-0.4484074598534137 -0.1880006321761691 -0.4935296517288654	0.8251661781158404 -0.2022445546433159 -0.0595808601240210
1.0000000000000000	0.0947541472334987 -0.9943389644832356 0.1107327591602681	-1.0249681960346833 -0.3346047735175677 0.9355612257979109
1.0000000000000000	-0.7201243441501308 -0.4387163859860045 0.1779745139999000	0.3153966489536361 -0.8849311367635389 -0.7327695640468075
1.0000000000000000	0.4206763446428723 -1.2863577792136331 0.6718203747376994	-0.6450888620961116 0.3510863743050666 -1.8819285987973944
1.0000000000000000	-0.7183853568978418 -0.4950651756014505 1.0297391244692415	-1.3462424306454444 1.0458934666364028 -1.2177891211767871
1.0000000000000000	0.0821068801612788 -0.5289036586531836 -0.7694015544572803	-0.3719325418506389 2.7262182016056768 0.7628537997189033
1.0000000000000000	0.2980032816584970 -0.2198643769016881 0.4449954634764050	0.9347302510156508 0.5335369244622975 0.3099136583556354
1.0000000000000000	0.7893637097229158 -0.3544583018797101 -2.5071124775846583	-1.0964312532620040 -0.3870924611104058 0.9634815289207639
1.0000000000000000	0.1463441876840900 0.0575391666729772 0.0451942508393543	-1.9196308135588107 2.8739218436092875 -1.3154525865165161
1.0000000000000000	-0.1758638576074783 -0.1245918844624991 0.0011890787068869	-0.4790188193552076 0.2068526918931656 1.4123816562522999
1.0000000000000000	0.3524490732097943 -0.3244078073517751 -0.7690707786889822	-0.3816090059568472 -0.1328761532545597 0.0886111317402125
1.0000000000000000	-0.3954965076827101 -0.3285574843292364 1.6360808776469151	1.3247542788570972 -0.2208891800343229 -1.5030672391466506
1.0000000000000000	-1.0714090869630186 0.7331140152202927 0.1344079815490151	-1.1183936943629489 0.5269806946296974 0.3536049328546136
1.0000000000000000	0.5838939959448296 0.4435352776019247 0.6820365929011128	0.4305003899604133 -0.7496370682625441 0.9919110001920577
1.0000000000000000	1.0665132562299551 1.4162783635427931 -1.2468078074948692	0.0772937829909570 0.2734191378317591 -0.6349407552921873
1.0000000000000000	-1.9262091721675190 1.5924606799505254 -0.7290150907335141	-0.5822645343318569 -0.5974376266578332 -1.0334896437663490
1.0000000000000000	-0.4657029272428744 -0.0134544870531155 2.9954973630763844	1.4497500136165229 -0.1755395945546007 1.2050590409702453
1.0000000000000000	-1.1221005643568316 0.6169873140193874 -0.4569201898079092	0.5369272021207300 -1.1002053603240671 -0.1581816821834298
1.0000000000000000	0.4897798271697465 -0.0363428088356779 -0.0763112661751882	1.3715984422587373 2.5239794864440457 0.1719004433912687
1.0000000000000000	0.6985495502287230 -0.6411051920321829 0.7645072936979982	-0.4926429646693292 -0.4563926082559922 1.9548484705556772
1.0000000000000000	0.1544450132472870 0.1135931966328307 -0.1185630702859248	0.6885885145806713 0.2072756424607174 1.7670135051233629
1.0000000000000000	0.0272771035620211 -0.3431248620496981 0.1232440643147481	-0.5498522296969206 0.6859909882108428 -0.1644171806521870
1.0000000000000000	0.2080232775323973 0.6301050674818978 -0.5906549466877449	0.5244416476295806 -0.2108899445196665 0.1158194076374941
1.0000000000000000	0.4042200391258715 -0.2000194646037577 0.0258668526061084	-1.3331613272780709 -2.4232706848159231 0.7531634140084434
1.0000000000000000	0.4949809993135233 0.1925320931172662 0.0499465392094488	0.2608142599059882 -0.6187862931518925 2.7625523144635586
1.0000000000000000	0.0425899792072633 -0.2836617249190582 0.5720950481546906	-1.1575761551123203 0.1794753364518892 -0.4686300021873376
1.0000000000000000	0.2465606512340904 -0.3330354266377267 -0.6134580742554944	-0.5240817362383354 0.4918783182105412 -1.4709009636656647
1.0000000000000000	0.2640794505056538 -0.0450872002151115 -0.1114336004236549	1.6478622285726794 -2.4799629571119803 0.9220165606406512
1.0000000000000000	0.7780733888266963 0.0348129350546024 0.5850274658302578	1.7899832488704259 -1.3499405971819345 2.0125524674484381
1.0000000000000000	0.0471346115793244 1.5473192776497393 -0.7082353997369565	0.1374870332112345 0.5738987613999098 1.0053895643045934
1.0000000000000000	3.2598925815353468 4.4129393783035313 -2.6123145480353807	-0.1316603177016696 0.4488115410381383 -0.0314808460287808
1.0000000000000000	0.3649208959207941 0.1231727254881669 0.3926661072952434	-0.5974618701686166 0.5619095850506634 -0.0313274630322548
1.0000000000000000	0.8597455505406292 -0.7701403165326397 -1.2621784970621586	-0.4127138308344933 0.1862807226016555 1.0738927059888315
1.0000000000000000	-0.0712995981759209 -0.3294204694474871 1.2429676226994570	0.2708237292838358 0.8474644041206657 0.8859857915192585
1.0000000000000000	-1.2285173342617806 -3.8632610861599344 0.4155233563742234	0.0638288776122106 0.2144225193284150 0.3878884987657512
1.0000000000000000	1.1643353213278991 -0.7861995186749969 2.6561703353955446	-1.2560397340747917 -0.3796239173677662 0.1388343047862546
1.0000000000000000	0.1773543310401497 0.6441213456879610 -0.5714751435363818	-0.3040375940209226 -1.2261184427325593 -0.1232070750277382
1.0000000000000000	0.9221596218954626 0.3055720372430225 0.2732402438712210	0.7786490129340932 1.3631183736575150 0.4326483646859459
1.0000000000000000	0.7163918301939284 -0.0506496507276398 0.5120334039776416	-1.9268366148711709 0.3200143348280999 0.4634400342047185
1.0000000000000000	-0.3305003106138205 -1.4483499154864874 -0.1940109200212556	-0.3001872290648371 -2.5690185991674896 -0.3767482340797296
1.0000000000000000	0.6475657864157456 -1.8482608236022016 1.3709716039827191	-0.6007246482463668 -0.1443563616513694 -0.1847117539578892
1.0000000000000000	-2.1626010852756625 -1.8761671842653975 -3.4468373440842850	0.5167944771127914 0.3754929837039681 0.5726488666059312
1.0000000000000000	0.1458818564837046 0.3828274083016690 -0.0214940477889348	-0.7630527900219207 -2.0898225661708438 -0.4287982459567103
1.0000000000000000	-0.3827833169403497 -0.5311921972532188 0.0288065662671597	0.6337597813423674 -1.5666634341875627 -0.7007337831946423
1.0000000000000000	-0.3971675364294033 -0.2027069006831286 -0.1186296767551437	-0.9731051715377743 0.7560958689003552 2.1772517923984331
1.0000000000000000	-0.3011581276720228 0.1963609482186553 1.0998425142033448	-0.6116619223982341 0.4323259257450381 -0.8955987768038258
1.0000000000000000	-0.1160600817046633 -0.0301189209555762 1.1105949536001221	1.2379636673679364 0.7132862506006257 1.0477141806872736
1.0000000000000000	1.7253628549996816 1.1476412211055045 0.4932097981936703	-0.5238329864119141 0.1994132681526989 -1.0416800057717333
1.0000000000000000	-0.3172609194459240 -0.6620499004802148 -1.8810636431478480	-0.4285268106088481 -0.8079255555971403 0.3544704511105465
1.0000000000000000	0.0942310937378396 -0.3998903066040615 1.9704696153374739	-1.5332195289549504 1.0653069264982298 -0.4413909620395164
1.0000000000000000	1.5275557449361459 0.0793139860275015 -0.6233374752738806	0.0152495360825201 -0.2133534413058573 0.3750199504614540
1.0000000000000000	-0.4719751047802748 -0.6083155703221502 -0.5263329210166520	-1.3129522491456311 -0.8045681279121741 0.5955789536425294
1.0000000000000000	0.4125814652003904 0.7159569482138678 0.1794919483820175	0.6252124898484935 -1.9257318587389518 -0.3544976075339016
1.0000000000000000	-0.0660586487986742 0.2827082755654041 -0.4912200659125995	1.2869862974322184 1.1058603548735086 -0.0316206700216152
1.0000000000000000	-0.0025505339326599 0.5120427383396945 -0.3141621303895423	1.3050525767461649 -0.2229630792501076 -1.2369299265538045
1.0000000000000000	-0.4237546458565893 -1.0191916730793469 -1.0421749400218432	-0.8756353578649668 0.3012530525721201 -0.1434370027808385
1.0000000000000000	-0.1776202283534809 -0.1448310984611318 -0.7433730093731765	-0.0167843009004557 -0.6794689436473972 -0.5017489702467508
1.0000000000000000	-0.2838467119182665 0.7558562579988372 0.1852089947500570	-0.3117061042696299 -0.5807025228123451 0.3296200918847136
1.0000000000000000	-0.0863293180487229 -0.5132773617803418 -0.4518231187838642	-0.5107009458235873 -1.1115925943872598 -0.5375693679236959
1.0000000000000000	0.8927945606811062 -0.9167361106413381 -0.5658888264786355	-0.0571160559865430 0.2143536020604287 -1.6192254886784603
1.0000000000000000	1.2474454693192956 -0.7339089175827076 0.3402928033464903	-1.1755833186426083 1.0789304731125477 1.2628415746381050
1.0000000000000000	0.2490814799889781 -0.2833958129743021 -0.0041274004224980	-1.7546834332159524 2.0867890817891128 -2.3489069561781668
1.0000000000000000	0.3731960712304617 -0.0816359624797401 -0.1038120750871006	-0.2626332465187112 -0.0514939507909871 -0.9997615963078255
1.0000000000000000	0.2061345853608522 -0.2088565210740038 -0.1061072940561582	-0.5580252672719249 -0.1517364924848820 0.6483300060779656
1.0000000000000000	-0.9552561965429225 -0.7460078762594184 0.5373536790415101	0.9902605121120668 -0.8030786104123746 -0.5663134775903306
1.0000000000000000	-0.7094430497326280 -0.5475066612869629 0.4809386259802940	2.2297139895421449 -0.1813534793791053 0.2347916788601706
1.0000000000000000	0.4189448965702324 -0.2361854643084020 -0.4720215649905355	-0.3572932014646634 0.8018043491547459 -1.8659668255682917
1.0000000000000000	1.0200499930632934 -0.3366258304948203 0.1355727782165594	-1.1804722472224518 0.1486946998153300 -0.0850591552005202
1.0000000000000000	0.3557746655217610 -0.0483992079644315 -0.3357063467423084	1.7099529950858976 1.6083772415159117 0.2536658687199987
1.0000000000000000	0.0501927154914727 0.1324446894370559 -1.2179105164461665	1.3189109472028933 -0.1556900233606656 -0.1623282405978191
1.0000000000000000	-0.1945899191523228 2.0225179763230932 -0.6856807491571487	-0.9076590621366539 0.5830631513704245 -1.1740975410367289
1.0000000000000000	1.1911434002806480 -0.4012127947110871 1.3578557307124610	-0.5140920704924699 1.1992327609756559 1.0275533281575491
1.0000000000000000	-0.7011857670482912 -0.5691446960384849 -0.7881112397714995	-1.1246850168181579 0.7306141292229484 0.0911662205486696
1.0000000000000000	0.0917061336549244 -0.3892242905578967 0.2694512736766835	-0.8455239470196116 0.8590018723168911 0.2117405826948817
1.0000000000000000	-1.3677955783074263 0.9455766578612574 -0.0340383131145848	-0.4792149101431330 1.2729932620205591 1.2601719775973554
1.0000000000000000	6.1672966639061837 1.0887435447590366 -2.0810285864808207	-0.2223630363406936 0.5631198503986923 0.2011737340746793
1.0000000000000000	0.3102626648250323 0.9208861751896005 -0.0664475255769107	-0.3714633860612830 0.1770753100231511 0.7249301727051075
1.0000000000000000	0.0316959022956472 0.1320987747930889 1.2894968481444267	-0.4282352056977907 0.2091993333933223 0.9472523207002350
1.0000000000000000	-1.6301195546160185 -0.3573920540901809 -0.0108917916270693	-0.2605088335988945 0.7413955581967030 -0.0292336608127985
1.0000000000000000	0.1451663769833983 2.8753522098644688 -2.6308379164048779	-0.2631078964653828 0.4686485643453496 -1.3671206730523271
1.0000000000000000	-0.6478327518679252 0.3792538691744257 -0.7376186430333994	0.7672752937483120 0.4266827284637960 1.1133540235547097
1.0000000000000000	0.1057265724679485 -0.0397467435302549 -0.1949358557339754	0.6458837733862491 0.5294068881156594 -0.7194019943952908
1.0000000000000000	-1.6777004182401731 -0.6947697731419592 1.3842291926175021	-0.8599111259021531 0.8417700554525146 1.3482896201369674
1.0000000000000000	-0.6906900716320392 -0.6069112674559612 -0.3094615525648995	0.4556234045378907 -1.3055290908420194 1.1954586899018271
1.0000000000000000	0.2654776332455868 0.0470293945203094 -1.4037591659268247	-1.2703774730943524 1.3730375615916484 -0.4579146305920579
1.0000000000000000	0.1556660803004233 -0.6735092161305466 1.5283282727894090	-1.6499892893141688 -0.4065001923546576 0.0073043874899873
1.0000000000000000	0.0273344633001256 -0.1993654785350064 -0.1727481368454173	-0.9890591565333711 -1.4881781180912235 -0.1752719978555579
1.0000000000000000	-3.4775671259762126 1.6696320279149099 2.6864919995102463	-0.2885292811716227 0.3524434367413545 0.4556447561004025
1.0000000000000000	0.3100642685306729 0.1127526952210045 -0.3744790659765960	1.5662172899211007 0.1559794759432717 -1.7536382188377606
1.0000000000000000	0.3993241807053645 0.2483633932914570 -0.1580342417122234	0.0239442338919611 -1.8254813865885957 -1.6867358938935366
1.0000000000000000	0.4378148106369133 0.0053655787793986 0.0154371103911159	0.2953707265440660 1.2439667472598259 0.5588640195901842
1.0000000000000000	-1.1435953420539864 -0.2572311182510727 0.2246420178697580	0.9353849881378197 -0.1445830156468410 -0.9243299681354061
1.0000000000000000	0.2104975729309589 -0.8067300639666903 0.0654435749337348	0.2472904272865381 0.0865258161968575 2.5567303534403814
1.0000000000000000	-0.5833102112923296 0.8582032117925246 -1.0633644018223474	1.2513531427377300 -1.0642171405824463 0.0071464501159669
1.0000000000000000	0.6752844560466782 0.4207700096221970 -0.0466417976101690	-0.7281360075496875 -0.8103490869949637 1.6710743798764527
1.0000000000000000	-0.1729321715270778 -0.8797648400168409 -0.1365824704015026	-0.7273253231948350 0.4072448497624890 1.3729324751709886
1.0000000000000000	-0.6223728585969202 3.7215752600497796 -1.8168821794150343	-0.3888299747222096 -0.8591896543931089 0.0547592603566874
1.0000000000000000	-1.1244227530401971 -0.1923365367490973 -1.2545641956347338	0.4370050575736557 0.3502873272482023 -0.3071178783631178
1.0000000000000000	1.7448913791488330 -1.3194025248433403 0.1620455451701903	-0.6500661932059484 0.6896374992331631 0.2375416463569679
1.0000000000000000	0.6478511052376182 1.2081043090504682 0.8142229898118329	0.0074290803588882 1.4143089486863247 -1.8594270007972635
1.0000000000000000	0.6209760109141589 -0.7107445573669166 -0.4556352182318926	-0.7606173141656524 0.1008073088026710 -0.0613364721644031
1.0000000000000000	0.8858923206902930 0.7922240556719056 -0.5184175479717172	-0.6173856116202182 -0.2195172736315782 0.1875379855555342
1.0000000000000000	-3.8456384233406533 1.5604003629767169 -3.7398245043041873	0.7359136946745742 -0.7053592408312260 0.2338462485803053
1.0000000000000000	-0.7707215207483677 -0.3339063116611035 -0.4812277161984157	1.1799536592284587 -0.3663468240913142 -0.9615716848054922
1.0000000000000000	0.0986050988892451 0.1036172132296523 -0.8254407793023572	-0.8265266313198202 0.2459681385319071 -0.0196660415913899
1.0000000000000000	-0.1806373730615690 1.1579106259135483 0.2854301046079922	0.6631049546002227 -0.5030907816792308 -0.8323815266198635
1.0000000000000000	0.3351647690077088 -0.1335571269223244 0.1937638135965780	-0.1780896341521782 0.6991491516195710 1.6572479993771465
1.0000000000000000	0.5881129251505800 2.2600704923467521 3.0287276146614550	-0.3376177789599731 0.9097091288070112 1.1681249957544806
1.0000000000000000	-0.8389672680306451 0.1192536564230716 -0.3920284613540177	-1.6278500928394168 -0.2541787150962088 0.1842826439174361
1.0000000000000000	0.5564601619590114 -0.1554615398455063 0.2622102560220281	-2.1986871146009026 -2.2934187790105840 1.2636363705855722
1.0000000000000000	-0.4896614435111005 1.7663957697768735 0.4716300728751124	0.9887941336117545 1.4465021976504957 -0.0109178851464793
1.0000000000000000	-4.3569068682601007 -7.3076384600267952 2.0679771861705620	0.1398516395287241 -0.4678375622941249 -0.2227912223803046
1.0000000000000000	1.1742732404211158 -0.0886438329112896 0.5194740075416038	-0.0721577563443415 -1.1578792221599477 -1.2214158614016548
1.0000000000000000	0.0705814741208318 -0.2952181174106586 -0.5090893521410442	0.6812560164505393 -1.6101347284067955 -0.6024697600487974
1.0000000000000000	-1.6700615464942377 0.0034048346188433 -0.4239671733537769	1.5550340299158276 1.0636349154784508 0.6094999315511458
1.0000000000000000	0.4746352951132412 1.0598343220848812 0.1437833657367816	0.3903809925102837 -0.0178792144279931 0.1286154290624983
1.0000000000000000	0.5169030055769772 0.6442869055214324 0.1899836292768587	1.3561590146866105 0.5318937423001985 -0.0013772641642577
1.0000000000000000	0.9253793684961882 -0.5023450853079113 -0.4561551352443429	0.0060131499669860 1.0602415256001623 0.9976902146948182
1.0000000000000000	2.6061485087474319 -0.6584635218085642 -0.7241060026773780	-0.2669720162061640 0.5650393494499520 0.1427484747649533
1.0000000000000000	0.1282754429718884 1.3151895597278340 -1.4639498442143302	1.9543391559205843 -0.5616793251686035 -0.2306252284664356
1.0000000000000000	0.3436672892029279 0.4231022375983030 -0.6289459976322562	1.1908047213749418 -2.0277394361076091 -1.7313601412690429
1.0000000000000000	-0.1647148750122521 0.0784969776304449 -0.0497353159312129	2.6559330341067691 -0.8338807689467224 0.8704104846723538
1.0000000000000000	-0.9683466247048608 0.6995965680192565 -0.4472557874258580	-0.8979222798692446 0.2965249811285010 0.0090031796480113
1.0000000000000000	-0.1235562862650725 0.3023259138680440 0.4761097843867756	1.6768632675994819 1.5820148059387655 -0.9595503033015197
1.0000000000000000	1.7331610646272375 0.7441628001464209 1.1681412669748423	-0.7860449594411236 -0.3119914787095989 0.2740693218564379
1.0000000000000000	0.1974204298285643 0.6540377833418555 0.0723661580002234	-0.1888231563248003 -0.5568476182417951 -1.4933341448861686
1.0000000000000000	0.1288223132725557 -1.3450101062909747 0.3631294252208538	1.3617089578100177 -0.7019770408915030 0.1879588052761428
1.0000000000000000	-0.0422248052649625 -0.4506914150050469 0.6312369809443904	0.4620112150279538 0.7238463517278710 -1.0245465187521865
1.0000000000000000	0.6409202169231306 0.1992562322719925 0.0361839674560835	-0.6467269055537023 -0.4904317984116148 -1.3534008800989024
1.0000000000000000	1.0053521343923271 -0.1514938410765425 -0.1723194418931920	-0.1974528956321076 -0.0231804058480749 -0.0672510079892196
1.0000000000000000	1.1523590709078069 -0.6032570697368588 -0.7255970189156754	2.1448635914603464 -0.4098525634773344 0.3013377479432071
1.0000000000000000	-0.0984347469732504 -0.1355124132846497 -0.2049357957173381	0.5871893099431927 -2.4708284734328547 1.8925306558864969
1.0000000000000000	-1.7827695653408735 0.6788664884130693 0.8321163382401633	0.3587750393317762 0.3102794971281469 -0.7081936926216991
1.0000000000000000	-0.2482852864672841 -0.3751443870835192 0.1749756070096237	-2.7045281103974985 -1.0782503628007016 -0.2995290003715319
1.0000000000000000	-1.8998480098049608 -0.8175675644499298 0.5054047648236391	0.4484189583040590 -0.0157897261124400 0.7322661110757716
1.0000000000000000	0.6276934808766417 0.8070059812787667 0.4677633470120678	-0.2343549081904198 1.6721739414845049 0.7838641853380764
1.0000000000000000	-0.3708042939821274 0.4999345552961695 -0.1293478633730170	0.8881105475223328 1.1260272298159675 -0.1025014638296587
1.0000000000000000	-0.2968627586393482 -0.7081565059677715 -0.1176069196368287	0.9548850759415760 -0.7104008778187120 1.8584372339751032
1.0000000000000000	-0.7133780234630770 1.1633009042080147 0.3135250257281639	1.0146688860647144 -0.4448840092191880 0.9290273964621143
1.0000000000000000	0.0301837847752864 0.2033475771869651 -0.2537485864062229	0.2088380880483179 -1.4808371427016951 -0.6184173241359696
1.0000000000000000	0.4479516620487548 0.6076564212029205 0.6151195178624779	-1.0512157322591580 -1.1288224164274407 -0.0679437269547732
1.0000000000000000	-1.3805635798005242 -1.6811571164925201 0.5784692151683727	0.9483915021075953 1.1324709019138191 -0.2301362972962542
1.0000000000000000	-0.0557882173378503 1.1381725998243712 -0.3792154013720562	0.1168132500826141 0.6790128089068329 1.8814047515164862
1.0000000000000000	0.1721354773843576 -1.0827012621369403 0.3208174452674866	1.8143661786952681 -0.5752737559519473 -0.3563082739068500
1.0000000000000000	-1.6944018070566398 1.5609383988344658 2.6229554235788348	-0.1889131497021685 -0.4086118987060313 -0.6790158843487052
1.0000000000000000	4.1415225595193128 1.9669918793618917 -5.6458308497569698	0.3361867226718238 -0.1893646638349144 0.3230548989338952
1.0000000000000000	1.2684614923191428 -1.5916898039303520 -3.5417948147721150	-0.2890541674931296 1.4977020051982064 0.6106681131163191
1.0000000000000000	0.0214061937475870 -0.0102681145724245 0.5973408325072623	-0.7202336405452789 -1.2021770100836955 -0.7298106328351696
1.0000000000000000	0.2698588459931696 -0.1545341268310570 0.3984759411428904	-0.0952437114628225 -0.2253558163300790 0.6402188585181016
1.0000000000000000	1.4929592486488077 0.7171504677219490 0.1733809637898841	1.4688110477758511 -0.6141505705984005 0.1349881142029128
1.0000000000000000	-0.1060168820730714 -0.6797146067686668 0.1535572946117842	-0.3857254659510244 0.8103368725300697 2.5027060938952799
1.0000000000000000	-0.8194238012930161 0.6449414829924367 1.3748153372378185	-0.4957396383748733 0.7214411246224564 -0.1869505688814486
1.0000000000000000	-0.0773302559668837 -0.3964117981945628 -0.7054011535087347	-0.1127120741397210 1.8397390072561972 0.6983029765969371
1.0000000000000000	-0.3761512905316550 0.1180807216269425 0.5608814003535916	0.5777165486124176 -0.5038803006151396 -1.4925532292384414
1.0000000000000000	0.9795087162487917 -1.5916759794102193 -1.6062620495292823	-1.4777120137893662 -0.7913275750428879 -0.6368303237903652
1.0000000000000000	1.4107480490219686 0.4096159287649366 0.8963048863388018	-0.8596890796173562 -1.7800591818987515 0.8138152785949877
1.0000000000000000	1.2813043021248729 5.1654024611566500 0.4415245852601042	-0.6246566284503423 -0.4146959423381385 -0.2960177338790740
1.0000000000000000	0.5530050840953042 -0.4324001407568622 -0.0059416104832769	0.6213912965407326 -1.6118548053395927 -0.2718151045462074
1.0000000000000000	-0.0050614042502933 1.4919028409220672 0.4144184773760716	-0.2677572918472115 0.4367350042222187 0.9889794694554642
1.0000000000000000	0.3331472011143036 -0.0773497732294271 -0.0197394417390693	0.3518443479509653 0.2887633635499668 -1.5754492434276828
1.0000000000000000	0.0764280509815530 -0.6088307646449972 1.1201263150692198	0.3370752093360243 -1.6122528851455773 0.3002607872974656
1.0000000000000000	-0.3292007437477033 0.2039187820164605 0.1734623612220843	-1.4499791994200317 0.0849088275894443 0.6329315937389564
1.0000000000000000	1.1684630341761109 -0.2954060697407528 -0.5070289243473601	-0.7151314629472200 0.6579150124778649 -0.1374556082255680
1.0000000000000000	-0.1174548824056582 0.1147910395906443 -0.5551002520411860	-0.0521168702825567 -0.2582141940389930 -1.5202875542169982
1.0000000000000000	0.2395934402598403 0.3962210843628101 -0.1673655970480220	0.7152365558288832 -0.2009705639631612 0.5887918914857733
1.0000000000000000	1.3512535088888857 -0.1780961034329903 -3.0368386125900004	-1.5479427932547773 -0.1573218766530971 0.4059263582224442
1.0000000000000000	0.5393116934984913 0.5752631654760401 0.1744689862560130	1.8009243648761240 -0.4948424414169962 -2.3071515784163048
1.0000000000000000	0.1071195716514806 0.6717167529614989 0.9366319769447476	-0.4419180094576444 1.7538229925972346 -0.1112812094098723
1.0000000000000000	0.0520207302315876 -0.0395123938001029 0.8228325571008922	-0.7542780457402023 -0.5744877062027662 1.0033807232261829
1.0000000000000000	-0.2612433502958495 0.4057798851326010 -0.1500245039285698	0.2442536497996975 -2.2615535194416299 -0.1083119087858293
1.0000000000000000	0.1782391905850556 -0.8671400878569216 -0.2299372217781693	-0.8899977311630388 -0.2064106228916264 0.9817771542327172
1.0000000000000000	-0.2756856619808843 -1.5465120710296461 -0.0618037986926497	2.4102698484632978 0.2564143071449120 -0.0816108302234016
1.0000000000000000	0.4854667368393865 0.3104828198752669 -0.0984493402928090	-1.4196325309610642 -1.1758372953577816 -1.0832499229731096
1.0000000000000000	1.1071698908965109 -0.9617585635077051 -0.5033219590711629	1.5316604741502180 -0.3427095272170643 1.5838814792060487
1.0000000000000000	0.0565498151697863 0.5284671641150810 0.5805569099129991	0.5774582498615586 0.2534267653889241 -0.3255714241674720
1.0000000000000000	0.5371550414252407 -0.7624136262336568 -0.0046362038573271	0.3696535228829565 0.4362846830714486 -0.4566599182505734
1.0000000000000000	0.3923817888505350 -0.1415733860984950 0.4398843652652859	-2.0773922246139600 0.4578288673391317 0.5078909784271927
1.0000000000000000	-0.1630412473515054 -1.5332007241189336 0.8924334972260926	0.4398945271168009 -0.3999168590856609 -0.7458991613359854
1.0000000000000000	-0.2373810967206754 0.1191079977722078 0.9890667174791011	-1.4491837436124633 0.1556172077208612 -2.1982725311326354
1.0000000000000000	1.7790256602630643 -1.1613113924335696 -1.6650726955211967	0.9854772478856484 -0.8085532552277084 -1.0096570053952141
1.0000000000000000	0.3400175100335855 0.2975996203760619 -0.6242148773046128	0.3275178812173228 -1.0398876289213015 -0.3110140355863300
1.0000000000000000	-0.0997204444662883 0.2652697006953109 -0.2260878682474591	-1.8441727258877494 1.5638718680364241 0.2596320567985681
1.0000000000000000	0.0718913996840467 0.2857542125476621 -0.2919534982855390	-0.3769499931016500 2.1863613692025043 0.3412612115885895
1.0000000000000000	1.0328516345900125 0.4402035644342489 -0.6918212045573120	0.0339112250515531 -0.2577188408812544 0.8281829199534094
1.0000000000000000	-2.1151235154237193 -0.0489750016448986 0.8948027201875737	0.1584016918710505 0.6060546899158344 0.3804704781666332
1.0000000000000000	0.5354699441332005 0.1076178130711029 0.3632320031456763	0.1039491641262920 2.1071686939582865 -0.9474960719063548
1.0000000000000000	-0.3964495561428417 -0.3304247571265109 -0.9858672150391127	-1.8204228995951128 -0.5542718790297686 -0.8387168858789316
1.0000000000000000	1.2807250465632498 0.7604923823637628 -0.7918487248610081	-0.7282383283597952 1.3827460133836285 0.7682871500459492
1.0000000000000000	0.4159973885290260 0.6494047198725383 0.0269999617575755	-0.2897783657248030 2.2147475753678267 -0.1268676243614134
1.0000000000000000	0.4174954806593814 0.0714380934042644 0.0237804392788427	0.1184949648970826 -1.6037234165996170 -0.4330849634732959
1.0000000000000000	-0.4128771057477343 -0.4448573930158620 0.0095176744917186	0.2187318925523420 -1.0783046638175395 -0.0388723315598442
1.0000000000000000	0.5317637671681420 0.2446680032506520 -0.1673832660042283	-0.2314210154586738 1.4260280163376591 -1.2810642005830120
1.0000000000000000	-0.2755438850275811 -0.1494265137960222 0.2045578842009987	-0.7368761763579013 0.1808877852218620 1.7548387955494751
1.0000000000000000	-0.5063436194592179 -0.2500786885024828 0.5116933721489012	-0.6467193258632453 0.8673670277768878 0.1664963310536386
1.0000000000000000	-0.4283332405395444 0.7378875065308714 -0.1320250692060684	-0.0488603884027502 -0.1907598461744185 -0.9900144099729508
1.0000000000000000	-0.2869293228141588 -0.0047924667252530 -0.0714755910960642	-0.4077158505814169 -1.3574587312078892 -0.4753861805764509
1.0000000000000000	-0.1891896561668517 -0.5648461770757971 1.2715541927294463	0.6129863022855263 -0.5633490982428030 0.9268324365521572
1.0000000000000000	-0.8057741591001136 -0.6921516709878400 0.0318436610133804	1.3112590650264990 -0.3222188626773487 0.1155428263047258
1.0000000000000000	-0.5716470671459013 1.5697533235440519 -1.2629911487752818	1.4261703796942178 -0.4287958756594057 -0.6415900407133249
1.0000000000000000	-1.0696016880661783 0.5893873654232015 0.6930105572522742	-0.7008068874731175 -1.0278605790387536 0.8563462887160638
1.0000000000000000	-2.4762420782289172 0.6638714506302845 1.1854018452290616	0.5550171250984491 0.3628889218305892 -1.3105643902805646
1.0000000000000000	1.9686818811129714 -0.4651221829132908 -1.0086377784854013	0.7321843987674439 1.2869253263747500 -0.8665852090458895
1.0000000000000000	0.5880181760985529 -1.0282384242929130 0.0572110615262823	-0.7699371942956506 1.3562151236788320 1.1533148564572624
1.0000000000000000	-2.1577405043963571 -1.1218131368049713 2.0270007317485361	1.3223245465975924 0.5448050955476187 -0.7269230774297599
1.0000000000000000	0.4885761469881909 0.7661613392526836 0.8444962626865540	2.5991893892952591 -0.9346587891407014 -0.0750952317783541
1.0000000000000000	0.4642055851980474 0.6292169775014305 -0.3082722168221526	-0.8937246362735761 0.6839910939722976 1.4118730451677752
1.0000000000000000	0.2250918483379450 -0.1876416704646988 -0.1807281492635879	-1.2724694889772838 0.6336081965058448 0.0313685219560410
1.0000000000000000	-0.0321340164483260 -0.8111391758455125 0.2397517614134662	0.9869212644630556 -0.4874489166026851 0.2040696584265776
1.0000000000000000	0.1357373812130330 0.2923964753990274 0.7671714048980038	1.2518851073985313 0.2640697867667359 -0.5103798667787143
1.0000000000000000	-1.1320133398308585 0.7492644677343289 -0.1987534386310778	1.7010043774589609 -2.2041545590276597 0.6235469028314217
1.0000000000000000	0.8274596728270830 2.2764967369292477 -3.5568815298313941	0.6136550333542704 0.3454532273295375 -0.1651201025404304
1.0000000000000000	0.9724379930576931 -1.1907106660510907 0.3951592020274325	-0.0074261427287915 -0.6847562901567357 -0.6052021926163762
1.0000000000000000	-0.0013631851076221 -0.1175964709960207 -0.0241151344724391	0.5209125504385361 -1.2131022718183846 3.1592748500459029
1.0000000000000000	0.6457194930605615 0.4126489710592313 0.4252341151624751	2.3726227386603074 -0.4421872164774688 0.3418413514630586
1.0000000000000000	0.1699744037212650 -0.5182228042918424 -0.6583910900226474	0.2323989411758173 -0.6160480935127732 -0.6851811910953989
1.0000000000000000	0.2485009881126481 -0.5902885226346266 0.1327158781969725	0.3994685625436168 -0.0151137809559946 1.0104838202903095
1.0000000000000000	-2.5693781139159029 1.6184739104781340 1.0974807175920702	0.9501740743249013 -0.7186811114137026 0.6021044992256657
1.0000000000000000	0.5441338981643860 0.2865049547827478 -0.2383980396944701	-0.0906708473366143 2.1092611043298763 -0.6598365605476444
1.0000000000000000	-0.0145315057544373 0.4438250346139747 -1.2295143568838085	-0.9403867412137243 -0.6064783695571553 -1.8811680164652911
1.0000000000000000	3.7076291189945585 1.3350555844764713 -2.7447209865523101	-0.4962912456021918 0.4135939399899627 0.1675884298055674
1.0000000000000000	-0.2081069060866620 0.8224784146655622 0.0765666680541473	0.4060191102686382 1.2344109867106330 0.8315770682188289
1.0000000000000000	8.4357949107684966 -7.4119093362053130 -5.3678123358623537	0.2412116767159856 0.2281030822056555 -0.5435759912973203
1.0000000000000000	-0.4210900252709258 1.7802697166144579 0.9123475687110659	0.3631957945555688 0.5570206141897407 0.0821624996022111
1.0000000000000000	-0.4198593220403358 -1.2117653102834529 0.1784865034278504	1.0396401963831925 0.6739344250945305 -1.4276447714444560
1.0000000000000000	-0.4433750554378741 -0.4480305557333834 0.6568351238258738	1.3894053056886198 0.5284735791847510 1.1615195624341237
1.0000000000000000	0.1142551496430724 1.1306851657504156 1.1527919387577554	-0.5728006401487149 -1.6292530694685050 -0.9980467128078658
1.0000000000000000	0.0741398160968362 -0.5583449504528082 -0.0027430950571653	-0.6622933244153326 -1.6645468683811311 0.4591288508222753
1.0000000000000000	-0.1037323744423784 -0.2309695261760479 0.6101626961820892	1.6105781407993354 2.0788069281510855 -0.4370398508215447
1.0000000000000000	0.3236372579125278 -0.3297111319512586 -0.0724211202991255	-1.3463983398024133 0.7287046566369212 -1.5108369534397297
1.0000000000000000	-0.4019694530738374 -0.3053913238250750 0.9943167737637788	0.3673948024709606 -0.3492696534269027 1.7557769753151200
1.0000000000000000	0.8570985459048206 0.4035332501149940 0.2680348713174187	-0.7076139324666806 -0.6244913297990997 -0.9519724722895793
1.0000000000000000	0.0377226577795573 1.4256616776523519 0.3125131738496866	-0.0489516109064143 -0.3020198552543276 1.0405171305068857
1.0000000000000000	-0.3030728521966856 -0.6718782251303939 -0.5761549013954409	0.8289784240694422 0.5128459879796452 -1.0139268846573530
1.0000000000000000	0.2789685964350934 0.5336705053333364 0.5534180588704485	0.1005223915544894 1.1789451338852137 -1.1235824770371341
1.0000000000000000	0.2621573610592536 1.8527264936420669 1.2240222613433198	0.9149492544507006 0.9291415555715543 0.4496931459034511
1.0000000000000000	0.9217347569807975 0.7214111380955912 -0.5396625171154875	-1.0234492071173114 -1.1384235870521873 2.7078733378318152
1.0000000000000000	0.3528463805626653 0.4678586334509029 -0.7397618871678309	-0.0695618858851993 -1.0968748563513033 -1.6688160981722775
1.0000000000000000	0.2085955836266955 -0.1263031307472843 -0.2302037727847490	-0.1053592635932637 -0.3008678143979742 -1.2447515903685225
1.0000000000000000	0.5223642811951585 -0.6970908520395038 -0.1947678283843669	1.5135054780097321 0.3967031593701876 1.3840490752658010
1.0000000000000000	-0.2640828956425081 0.4631480591426343 0.7553865398799009	1.6945564914302471 0.8884111966945050 1.9276030694536599
1.0000000000000000	-0.0047995773042088 0.7490062609726554 -0.1905618153335769	-1.3113569445745279 0.5883063858057702 0.7072633414140423
1.0000000000000000	-0.5995129953964414 1.0005587002344973 0.5349343899499760	0.2731228922132055 0.8478647539181916 0.1830296163721478
1.0000000000000000	0.3393718571971946 0.1230732050962954 0.0744021057095375	0.9078540473124063 1.7022650537437460 -0.0940291287768228
1.0000000000000000	0.1213953686044178 -0.1050986865889782 1.5857977061515063	-0.7879200506222653 0.1928303689107234 -0.4406020438553448
1.0000000000000000	0.2356521082494711 -0.2648157161333921 0.1422285437214352	-0.6704522650438011 1.7842149358312138 0.5146814626495894
1.0000000000000000	-0.8804461419637583 -2.4057611996172250 1.1067941658724549	0.5955344353808569 1.1408353971621945 0.4449125814238482
1.0000000000000000	0.1168826192508944 0.0981580902174435 -0.2497160712400067	1.4497395399007431 0.0157344952819790 0.4926421232561766
1.0000000000000000	0.2589258605715633 0.7923042652773756 -0.4583727731797306	-1.5196099369426559 0.9481989052198340 -0.9992989445667769
1.0000000000000000	0.5409098583339955 0.3944418418979050 -0.3934196144810944	0.4615776894755007 -1.3188758174559168 1.1097016928413932
1.0000000000000000	7.7378382153977263 -7.4479351728935725 -8.6206561724615813	-0.2324242531372248 0.0320223691375206 0.1253002738524493
1.0000000000000000	-0.9304907965512339 -0.3893406738564286 1.8400107311579739	1.1318556067656400 0.8257797381170991 1.3959782600106545
1.0000000000000000	4.2474182083418484 6.0997879597778617 7.2503691767786780	0.2097349752988150 0.8185012623628928 0.5907544760638727
1.0000000000000000	0.6564845125931309 0.2564705848952139 -0.0021965880727295	2.7470354081310466 -1.1738076943765319 -0.6025350628321354
1.0000000000000000	-0.0926707557163119 -0.7368521196163038 -0.4672863217331955	0.1080949544552123 1.0327381589761782 -0.4760192038193303
1.0000000000000000	-0.3875882105393039 -0.2381420619136695 -0.3674548864786135	1.4359719855939210 -1.9175766269507963 0.5476039927578685
1.0000000000000000	-0.5910019321678789 -0.1242087682175606 0.4384733871018242	0.0711966130364753 1.0122616912810058 0.3296958263775596
1.0000000000000000	0.9013452337558284 -0.4438935844865940 0.2407649435204450	-0.0854272452763326 1.3867746904612288 1.4202316830897026
1.0000000000000000	0.3224510897590606 0.5311067091978214 0.3794595749298141	-0.2984378275747355 -0.3703320100633099 0.3840620217723925
1.0000000000000000	1.2469291817833228 0.1453486196580944 0.6194380212800116	-0.5197818002652053 -1.4923982164882041 0.5433338484707758
1.0000000000000000	-0.8559471060676654 0.8576856670121676 0.9611720183559003	-0.4529815484460443 -0.4799122744286263 1.4683099416446843
1.0000000000000000	0.3961989454633679 -0.4204164032501553 -1.0721687526700092	1.2210715721791476 -0.5513872385624720 0.8677456982365379
1.0000000000000000	0.2561002616037783 -0.4391251132059882 0.4152166904731887	0.3361180758855628 2.7970641980419870 -0.5268167206333344
1.0000000000000000	-0.5404003935553822 0.2717370208249324 -0.9106710056751631	-0.4889191115311617 0.9187449760366779 -0.5284440126546763
1.0000000000000000	-0.1343133180218715 0.4520032723713940 -1.0209388541709725	0.6047439203908064 -0.3332799803800288 -1.0105924875545298
1.0000000000000000	-1.0121587143667852 3.2568673565194333 -4.9711667999812787	-0.3025208410937647 0.3185628661242549 0.0103390700767267
1.0000000000000000	4.1762409467518760 -3.9885124694028766 -0.5952375216241421	-0.1336340318658594 0.7940801710042881 0.0435157026976033
1.0000000000000000	-1.8229291670460142 -2.0153049420298133 1.8652880350114203	-0.2903124187835446 -0.4312293665735781 -0.8393643301802873
1.0000000000000000	1.0866616393398338 1.7817214329400470 0.4451620851557413	-0.0202433922214460 -0.7763211146057563 -0.4956730434565809
1.0000000000000000	0.4113260727972675 0.3804673751328810 0.4705953937379418	1.0868072736301497 0.3690427834761050 1.8486405424395176
1.0000000000000000	1.4041874577537226 -0.3955457495381187 0.1082681115435117	-0.5756571272804716 0.7622154312079087 -1.6225591964473347
1.0000000000000000	0.0142936434023045 0.0480286397929576 0.3336346830572708	-2.8565792730709254 0.9208034536298851 1.1107023688329121
1.0000000000000000	2.4062257203781305 -0.9965927160382662 0.8778187953191896	0.5229538621485502 0.4696499941414494 -0.5160073491946008
1.0000000000000000	-2.2635620128973963 1.0950255403439286 -0.4278578820454815	-1.0282408582712737 0.7014897171358296 0.7702997519857910
1.0000000000000000	0.1708864069277876 0.5192741063627436 -0.4282992978911457	-3.0428194424735380 0.3356935041973493 -0.2779843878575811
1.0000000000000000	-0.0715501072152257 0.0735873785079696 0.1758303546962785	-1.9105028433965350 -0.8650973809360800 0.0756827121634358
1.0000000000000000	1.5653858662121409 0.6598935180616282 -0.7696051688645206	-0.7936039597004680 0.7774264767864288 -0.2158308193333304
1.0000000000000000	1.1640573224962869 -1.3077827014547501 -0.6536727079089175	1.1417083018411411 0.0895894574713803 -0.1716544675439190
1.0000000000000000	0.3589152436085973 -0.0892499570282622 -0.1919191276226725	0.1325518492233345 0.0777582860867139 -0.0770771820912619
1.0000000000000000	0.7714119706997458 0.0776120327141383 0.2925486780546107	1.8715229413797325 0.4478933744388742 -0.9749029183148331
1.0000000000000000	-0.2713929261448828 -0.4009985521107134 0.6469043297883427	-1.8243168506959506 -1.8546787940922342 1.0838812227768355
1.0000000000000000	-0.1740316828003064 -1.9618842696363397 -0.2658296214502946	-0.9615164136736128 -0.7856908461689568 0.2130914676999748
1.0000000000000000	0.1483702556937607 -0.2613940581967553 0.0179080294872719	2.1178868617377669 -2.2411875092012932 1.1643864076429296
1.0000000000000000	-0.2098861311002818 0.7675593784234469 -1.0452993079924522	0.3273545647482146 -1.1391314114898130 1.1625453770567344
1.0000000000000000	0.4216563981916965 0.1560547653777971 0.6514367854727624	-0.5422052956935994 -0.1789129161581966 1.8354854618634517
1.0000000000000000	-1.3002830511605721 0.3905408866089324 0.2583488183482705	-0.7405904246307132 -0.6221719240600219 -0.0132194653650673
1.0000000000000000	1.0976273858508829 1.4907817135296624 -2.4453062626748920	-0.1450636365900844 0.0188074703869374 -0.6277021474792003
1.0000000000000000	0.2401621288478260 -0.2467533671313031 1.1841236558454533	1.5801719982056774 1.4621164628660415 -0.2966331646815812
1.0000000000000000	0.0435765177546822 0.3426012350909344 0.6191687638676016	1.0451562648679160 1.8019018017697812 1.7094433176450448
1.0000000000000000	-0.3884698766942914 -0.6265815895574983 -1.0349275607431352	-0.1469291535156295 1.0929594871067507 0.9067256074970959
1.0000000000000000	-0.7053088729988519 1.0940474769429942 1.1904186007093265	0.9374162911814100 -0.6372470765292086 0.7433058290599802
1.0000000000000000	-1.0905813895860779 1.0227547436449185 0.7379497506251023	1.0387253752085406 -0.4172995056420902 1.7550939182492835
1.0000000000000000	0.1723991254718263 0.7504293534836826 0.0392237259370573	-0.7252233565669529 -0.7543803309467831 2.2387746429537776
1.0000000000000000	0.2730558432266469 0.3828999784678035 -0.2827658024426996	-0.3615201850083616 1.8290263837005312 -0.9981082044846131
1.0000000000000000	0.4568769201108001 -0.3681097952575495 -0.0263913458021524	-2.0257554288870478 0.3280030924697830 0.0491431560085349
1.0000000000000000	-1.1330338544756127 1.7787349861732376 -1.0186903035548014	0.1606954012684343 -0.1509496860444274 0.7362976871849648
1.0000000000000000	-0.3043663884484305 0.2957958666200474 0.7657771466020994	1.1218582624163145 -0.0890362108720565 0.7495919576397949
1.0000000000000000	0.0980350816611964 0.2851769809724954 0.7970175668808552	1.8136339350013426 0.4411877487187212 -0.2495785128939694
1.0000000000000000	0.3732396513108063 -1.5490301317184620 -0.1036609576687732	-0.6615149052106699 0.3341888577721865 0.4857297144552400
1.0000000000000000	-0.9301513178357582 -0.1386292482959934 -0.1790411402535919	-0.2110532459654414 -0.9488769787868094 0.2237429365734316
1.0000000000000000	-0.6826938219095563 -1.8055000177223346 -3.5514296762293069	0.4102660239020319 -0.2760473351822682 0.2448122265948162
1.0000000000000000	0.8073574032584215 0.0924521010139821 -0.9164923114852913	-0.4384927979401176 -0.0979440430622355 -0.5631711776159704
1.0000000000000000	0.9175486887478250 0.4734007887793319 0.5496597437343937	-0.7317256736981119 -0.3936513258622881 -1.0269654270237687
1.0000000000000000	0.4434131958632398 -0.3009028822528045 -0.3403756669638014	0.9185993755391318 1.6863680399122269 1.3974462721623753
1.0000000000000000	1.4214572297952475 0.6919045863415756 0.9097914046772232	0.2516283065985518 -0.7977262121961932 1.0028052163808976
1.0000000000000000	-1.8027214692238054 1.2995926973645262 -2.0799187181136816	-0.4258850315188022 -0.5991596807168033 -0.7949393192975254
1.0000000000000000	-2.0739229090964493 0.0317512406019928 2.9755769781166901	-0.0146172699168586 -0.9315246156879524 -0.4816964579528897
1.0000000000000000	0.5361814672488603 0.2096736483248439 -0.1817400415799522	-1.6828963090480571 2.6434153928459359 -0.4355706037748929
1.0000000000000000	0.1509469113772870 -0.9825459850769013 0.1130187044908543	-0.7507607715015749 0.3189992337025715 0.9867570308258157
1.0000000000000000	-1.0507567422299604 0.4988543563098962 0.0301495557720589	-1.2142145402762090 1.0420541604345823 -0.3330460278626751
1.0000000000000000	0.2195186443429245 -0.2683537807143593 0.1059528457293235	-0.0435321072789600 -0.0477501821564020 -0.1760509789219518
1.0000000000000000	0.9139100622705176 -0.0551806561672172 0.4176295127262489	0.8009319165343601 0.0457105713433527 -1.4213540290483575
1.0000000000000000	1.2922968832453530 0.5549029389075555 0.6819479562656903	-0.4223794019997200 -0.8570288099483201 -0.8303948229276137
1.0000000000000000	0.7829931024134800 -1.4469576302451337 -1.3785620567137715	-0.4570669611939708 -1.3540885042173547 0.3889046270120969
1.0000000000000000	0.8924443390247210 0.2657188673473539 0.4043577710500599	-0.9105398931264220 -0.3019238819138292 -0.7979638011538323
1.0000000000000000	1.0591197440414590 1.6855633994627155 1.2560581219990161	-0.2627584783029869 -0.3924604694689502 -0.4974829448563320
1.0000000000000000	0.2161858834936278 0.1024188251875081 -0.3689671649214620	-0.0197377121177320 -0.8210956122221870 -0.1393324508691189
1.0000000000000000	0.3300822455509059 -1.6867843455128622 0.4012363541733049	-0.6587236911794715 0.3535808839031589 2.0327107029856633
1.0000000000000000	0.3249317499680741 0.3663535945415472 -0.4166836499952017	0.5951266755520201 2.0497039836210140 0.7618768219934643
1.0000000000000000	-0.2668119765561758 -0.8980606029964163 -0.3240203190532531	0.3104727828754281 0.8577156195619522 -0.5440124069044000
1.0000000000000000	8.4931354679758204 -2.7784978449385562 5.2819676438563423	0.1947581174990029 0.1020687593289447 0.7952748803984420
1.0000000000000000	0.5536606460144732 0.5263811548306040 -1.2653861175217989	-0.6766324495051992 2.0249240836514542 0.4837116371673730
1.0000000000000000	0.2764315156312018 -0.4039742028542966 0.7885111198576934	-0.0182080918056748 2.2737507007628777 0.6075550575923977
1.0000000000000000	1.4734496870996838 -0.9306214627272510 3.8470716637830180	-0.4057146536293548 0.0821646353136640 -0.9694651836518197
1.0000000000000000	1.0977821536116672 0.0348445201737997 0.5045158808327591	1.3695380859804884 0.4380628755983032 0.9029415455238428
1.0000000000000000	-0.7704395559504863 -0.6118483851578813 0.1561977943161021	-1.8312081503090083 -0.7086678128774631 1.0010679028524476
1.0000000000000000	0.1360382955265623 0.6142340214925029 -0.2274288698578233	-0.4201902882261632 2.3679295560404876 -0.3115697783156749
1.0000000000000000	0.2362126704920450 0.4394071696352576 0.2478971554160457	-0.0645195720626844 -1.1906348860027947 -1.0042032266007461
1.0000000000000000	0.7676193286439460 0.5894520052638245 1.5424697814161519	-0.4782651368509752 -0.8979943468276783 0.0330379858408708
1.0000000000000000	0.9476113556605205 -2.6628358683176501 0.6486789278647588	0.1258047096828966 1.2649029313972788 -0.2376653279070412
1.0000000000000000	-0.3554875334764047 0.2269988843221699 0.3910284271282428	0.5253236160252300 -0.8184982909733549 -0.5753941785496878
1.0000000000000000	-0.3070048486525164 0.2281402771318246 -0.0879491765746511	-0.9351149492141573 0.1182183273741284 0.4165289622637984
1.0000000000000000	-0.1033460706315410 0.2409452363139432 -0.3434161567927078	0.1014645272396740 0.5880886371205516 -0.2798303667879404
1.0000000000000000	0.1445812339201477 -0.0563892473265668 0.7976619492098309	0.0744040926381627 0.5099426922459157 1.3536185916947823
1.0000000000000000	-0.1850701940342012 -0.5355634494737673 -0.2943574909302503	0.2976022888191099 0.1828068572881331 2.0708723728470484
1.0000000000000000	-0.3767279642240086 -0.1801386960969100 -1.5183226415150266	-0.1530092077790475 -0.9375690636717106 0.4648567917600435
1.0000000000000000	0.1542666695228350 0.2281098473661925 0.2254305691582989	0.8291741721509447 -2.5037649583847719 2.0834666590878261
1.0000000000000000	-0.8874060779648310 0.0816652012488456 0.7736700031531276	0.6959326166799289 0.0379095140785891 -0.0696375560010138
1.0000000000000000	-1.1622789917765330 0.4003741806719610 0.5647232426995878	-1.3013780826200334 1.6507561811832743 -0.2714377756210434
1.0000000000000000	1.7317764578289756 -0.4975317167462441 -0.7230543295440135	-2.0948459276123876 -0.5911493905216522 0.3399146097396094
1.0000000000000000	-0.6121211076285298 -1.3781084290597625 -0.9260670856522213	-0.2411542228787982 -0.3876827389768422 1.3832807944743599
1.0000000000000000	-0.2488364952639697 0.0710991208656581 0.6156982127285484	1.9429383727997052 -0.7329985100912428 -1.7426149469341163
1.0000000000000000	-0.4517087641178590 0.7968562423340465 -0.1044058055606243	0.5314962205455620 1.8361660553725236 -0.2243148294886075
1.0000000000000000	0.3157454372066139 -0.8612790709231499 -0.0124982896156635	-1.3150412140863861 2.1654456296641333 1.1266201803554261
1.0000000000000000	-0.2667878617965878 -1.2487203877467705 0.0738447277363655	-2.5686924013165404 -0.5398655917592020 0.4471062756709762
1.0000000000000000	-0.1765046490341767 0.1851335208643555 0.2585620740195553	-0.3676522846394816 2.9079271293868438 -1.0768764821547518
1.0000000000000000	0.4388050411315884 0.7874425398091199 -0.8664637506122064	0.0983112367348838 0.4402756839843986 -0.3518288964621808
1.0000000000000000	1.2998064261787616 -0.3680402871670748 0.9774535262298046	-0.4494156883678007 -2.0928521712730968 0.8685968289582733
1.0000000000000000	0.4213336604201346 -0.3608551123329647 -0.0380362849217520	0.5872778662506284 0.3423199480175007 1.5678694459516871
1.0000000000000000	-1.8493048792469435 0.0583574634011582 0.5922203621259075	0.5590180320857706 1.2879370126523588 0.6486214100530187
1.0000000000000000	-0.3614348667667890 0.1462149902525986 0.4861522609582627	0.1923858464491926 -2.0791663649424845 -1.1051536792273122
1.0000000000000000	0.0504218271064572 -0.1926823318479476 0.1427529383280483	1.0984297406969943 1.4854002154655894 1.2924044463982791
1.0000000000000000	0.2652734974211276 0.4418043613830557 -0.6725114473873302	1.1625180118479257 1.2599679981839524 0.8428095338561503
1.0000000000000000	0.5594155626250501 1.2119646210360129 0.1453247669767155	-1.2627280335839712 -0.4993442630478278 0.6694879891952537
1.0000000000000000	-0.1435627251233541 -1.4774067773989110 1.1629697057972330	-0.4787283219232407 -0.7784083979429981 -0.3080980024162936
1.0000000000000000	0.4711558381986553 0.0272172091360386 0.5292970286056916	-0.9765025802713378 1.3897798806656347 0.4910322132698810
1.0000000000000000	-2.4870033723756242 0.2385597694443817 3.1365972933794803	-0.1973823002700168 -0.2129421216700911 -0.2781143444992722
1.0000000000000000	1.5462139721718855 -0.6013400456166668 2.2098187593432614	0.1823747494153866 -0.2155209204237851 -0.8085447305766629
1.0000000000000000	0.5922612596554038 0.8978595717082801 4.0231097691796442	0.3637221138864686 -1.4184206704102513 -0.0283105422531329
1.0000000000000000	-0.0229935006169570 0.4029077329289995 0.4305170125154336	-2.9964463553725023 -0.0848365855428719 -0.9120835826736993
1.0000000000000000	0.4537525204060092 0.3970388133504877 0.3810970785441948	1.1425331441185769 -1.1788937454441042 -1.3325285893717460
1.0000000000000000	0.0980457737261686 -0.0309133061080708 -0.1892013582313885	-0.4489838773091175 -1.0993795500923067 0.5758503344142774
1.0000000000000000	0.2051631657139930 0.2462677916438774 0.1566019064601308	0.5481827780171867 0.5949569669305489 0.9043949902058590
1.0000000000000000	0.2083182282673263 0.9085825185616093 0.1340581585233469	-0.1856817972197549 1.4520789484137813 -1.0506593879332506
1.0000000000000000	-0.4362927668085402 -0.0110452152626909 1.5754427783600671	1.2513702538258136 1.3741490955914961 1.2172519956722117
1.0000000000000000	1.4662675631856783 -0.7386702401044632 0.3009988945434640	0.0851460250519478 0.7865802087984609 0.0781571465084518
1.0000000000000000	0.4606530512461806 -0.8959804433003389 1.5609799469445540	0.3850467009805322 -0.6474382759936003 -0.3202007588873217
1.0000000000000000	-0.1414180835347926 -0.6176730816168529 -0.8313658980344109	0.0195633002350194 -0.2934495686664848 -0.6447604716147768
1.0000000000000000	-0.0815535191694757 -0.0152079551845878 0.2445583134117804	1.8122611996642597 0.8528372818861369 -0.7848048102302287
1.0000000000000000	-0.0765907261533740 0.3312115106150189 -3.2230903613029360	0.3276987792824709 -0.9221539730328886 0.2160536383614303
1.0000000000000000	1.2058433451427157 1.1590771791230994 -0.0163852775038891	-1.4310835155663497 -0.7378380620923416 -1.2216383974111484
1.0000000000000000	-2.2078302894788897 2.5418969622647332 -2.3177335823593452	0.6455918886709046 0.0115406036514237 0.2630331976331295
1.0000000000000000	1.3121567503650731 -0.3859405925822622 -0.5758771854734829	-0.4044776621695967 -0.6620230099219943 1.3320657458014360
1.0000000000000000	-1.5505398605615468 1.6118180737480874 3.2184380450430035	-0.4617023710970400 -0.3321841090357409 -1.1898685589679625
1.0000000000000000	-0.0196784370708312 -0.8986711102525344 0.4204794217121716	-0.1305029295067109 -0.5318705495290105 0.2170993867529900
1.0000000000000000	0.3425252599558831 0.6738338625875330 0.2096216591960071	1.0930679168792856 -1.0553790891437727 -0.6212907204073639
1.0000000000000000	-0.0993598258657259 0.4418411111397482 0.0067109632287156	0.5505718689808818 -0.0111513139281232 -1.8254547684833999
1.0000000000000000	0.4810500812173087 0.3281122273374533 0.3527999772594942	1.3351674073051449 0.4566789400322431 -0.8471766517215653
1.0000000000000000	-1.6552892676032600 1.6386001366123970 0.6752168604277871	0.7541448008513048 0.0024532444242144 -0.0446877054295332
1.0000000000000000	0.0947440433627367 -0.1922683845205551 -0.5986836464290494	2.3832266767574648 1.4782177819521689 -0.6493708403947233
1.0000000000000000	0.2335808388258306 0.5564908172740803 0.9007396582757425	-0.3525111814772294 1.8178803646068777 -0.5110255925362993
1.0000000000000000	-0.2310627582426335 1.0906146291467147 0.7457102881230446	1.2110748019334536 -0.4820110464318293 1.3050360877667717
1.0000000000000000	0.3296669402643313 -0.1116721885067256 1.0354468653992133	0.0616001120069061 -1.4242453982277885 1.7836840888581755
1.0000000000000000	-0.0678701724674292 0.2961194965143815 -0.4325105483319754	-0.0714158321747743 1.3194479182909384 0.3451350923475985
1.0000000000000000	1.9255081670165022 -1.5487080050034576 -0.6864419777884746	-0.2961674933726296 1.3328780058390082 0.3163353303223767
1.0000000000000000	0.3092202650628126 -0.9055463901196328 -0.1149924393944629	-0.4283141940706762 0.7857147761130133 0.3551852403281625
1.0000000000000000	0.6436228570294704 -0.2879182288011757 -0.3422085112683469	-0.2703748771275069 1.2895461884871069 -1.1874803555514029
1.0000000000000000	-2.1377364140206687 -5.5081021409490134 1.3336518696009050	-0.5375121630747325 -0.5898091586913182 0.2871920714312128
1.0000000000000000	0.8214501252093178 0.0333920850007106 0.1508429972621084	2.5749981913287545 -0.3833686735733662 -0.0106493591280437
1.0000000000000000	-1.4973437738805666 -1.4684027687026189 0.7795263052206075	-0.4059413472720224 0.2637922561912738 1.7427852468317049
1.0000000000000000	0.0552502694057491 -1.7344341871235156 0.6201656635623218	-0.3512137704788256 -0.0086579375966419 -1.2037950807980400
1.0000000000000000	-0.1395251599205458 2.8988192043087433 0.5313626544318332	-0.1616030905448924 -0.8415113036606551 0.4290766294775951
1.0000000000000000	0.6864174337394884 0.8178556670704342 -0.4445002441230269	-0.9122195807770060 0.1040578401398685 0.6518505028698709
1.0000000000000000	0.1936459806680094 0.7494999565729150 -0.2066585052652129	-2.1163920711489776 -0.8378664299413143 -0.0829366767787637
1.0000000000000000	-0.3207033501960175 2.5958523694577247 -0.1206085014001172	-0.3267359942797995 0.8490845578585446 -0.1148500185198511
1.0000000000000000	-0.0418054506929514 0.2297184924568887 -0.2437430032012113	-2.3876149465873691 -1.6566647196148834 0.0183349348879229
1.0000000000000000	1.2490133672765231 -0.3570972075526737 1.1364891120313467	0.1222330575416065 -1.2788027182281134 0.0091783186061243
1.0000000000000000	-0.4886410011388057 1.2852186381826987 -1.4114799496456696	-0.6227283221096985 0.0551869933414662 1.2094220899393002
1.0000000000000000	2.0762308262842932 -0.2851098533187723 2.1360098101925376	0.2844047482309515 1.2272102117393615 0.3439936820471429
1.0000000000000000	-0.4391128900267851 2.2113053603598654 0.9714253946393505	0.1317287080404091 -1.5470398027481143 -0.7605103342643144
1.0000000000000000	0.2409444605281627 0.2270486560561884 0.6438706942361788	0.3299792702347292 1.1346807518084310 0.8548864082473248
1.0000000000000000	-0.7782054209535468 0.3515898247759121 -3.1670955353561383	-0.3662468024050757 1.6536218516173899 0.5138531133855631
1.0000000000000000	-0.8379214729050359 0.1552006310594329 0.5483439070656040	-0.4320928835315626 0.3370604184270514 0.0335993377150188
1.0000000000000000	0.0317522884270868 1.2291868624567583 -0.2413582905247836	0.1641796902755092 -0.1413475306950790 -0.2276176935832231
1.0000000000000000	-0.5321803726255275 0.2876128800755574 0.2567158647560851	1.6825068566226291 0.2511530919549039 0.0833013751260261
1.0000000000000000	-0.1791109423135057 -0.8118880522319655 0.6980413518599864	-0.4406438329831677 -1.0993615659757656 1.6553514199258672
1.0000000000000000	0.2493674495370636 0.7460384179631944 0.4161451132005402	-0.7928537853648917 0.4411588558782457 0.3374921883454973
1.0000000000000000	0.1468569355230672 0.0506263064023702 0.4947296854241176	1.1267363225900069 1.9597672388572107 -0.8993701729200152
1.0000000000000000	-0.0648947739030977 -0.3234332469591495 0.5689164585195517	0.0093833427491044 -2.2092978782978081 2.7253062113707092
1.0000000000000000	0.6745043217785750 -0.5365821257803480 0.5237695643418782	-0.1172945162241705 0.6109905140801575 -1.6797471578512362
1.0000000000000000	0.1961638850799984 -0.2298850053142155 1.0763621661792460	0.0312908485922299 0.7732683662535955 2.0852501697307879
1.0000000000000000	-1.3438711139690847 -0.3246869306635575 0.4392397629308245	1.6403178899772755 -1.0123469196568113 -0.4238729044225240
1.0000000000000000	-1.6532858382683315 1.7902284743439165 -4.3393577448253167	0.3386654744170702 -0.0142856729856629 1.0130988821139748
1.0000000000000000	-0.6112478472868854 0.0814301551568051 1.5814561738184181	0.1716818216335333 -0.0043712597852557 0.7657567106754182
1.0000000000000000	-0.9019133488567119 4.7419328643322665 -2.0787135019553302	-0.2063506794889204 0.3551767646441603 0.1484281281972875
1.0000000000000000	0.5912252552324093 2.5029599834739509 -0.0209184505805449	0.5671447550301310 -0.5374760708176040 0.2137640969139104
1.0000000000000000	-1.1448531729707350 -0.9918624235555744 0.1979783277477183	-0.8117081667877795 -1.8813924861675604 0.8193968977522751
1.0000000000000000	-0.3980774609096850 -0.1630245766043742 0.1902437922405907	-0.1225970298831687 1.2745923695502448 0.2661745203247943
1.0000000000000000	0.0270945790588948 1.8443978208694765 -0.0855485129643014	0.3946605861093419 1.3861133025426509 0.7381891999631072
1.0000000000000000	-2.7140052973560009 0.1890497351770442 0.3456975000412207	-0.2961735857507807 -0.5918623415492636 0.5073468743343058
1.0000000000000000	2.6122296147250617 0.0466432106933849 1.0699814102364607	-0.4861378165416704 -0.9713689020077878 -0.2137143924601539
1.0000000000000000	0.7050488075298816 9.3702163250413673 -10.3812984558084231	0.2799954427946061 0.4622535688690561 -0.5756027347482736
1.0000000000000000	-0.3916267566359707 -1.2826067687108638 0.2516934180476357	-0.7996483620101907 0.7618392668553954 -1.1089430754389635
1.0000000000000000	0.2983089900706564 -0.1998302011232259 0.3470077044325101	-0.1547624749189815 2.1975447909248746 1.0599384243789327
1.0000000000000000	0.2486514747903781 -0.0804836276920277 -0.2661222879464670	1.3961448344783263 -0.6154565643279117 -1.3776069637314918
1.0000000000000000	0.3979416371703134 -0.6181716607333032 0.4701487153168862	0.1234893969878779 -0.9068947551307140 0.6082022283821338
1.0000000000000000	-0.1281463039927518 1.6215400997443636 -0.8281950594653831	-1.6662832944827239 0.4617275174379638 -0.7666734946131604
1.0000000000000000	0.4356590940372539 1.8645605788833026 -0.5309137514733133	0.7544069606971572 0.9719216325741442 1.9848856852554897
1.0000000000000000	0.1753938613690227 -1.2119418355345626 1.1782569273001668	-1.2290225237951389 1.7242764294458575 -0.3567207300176288
1.0000000000000000	0.4089923220712426 0.0928571220020836 0.6373079200209890	-1.4272233783717452 -0.3846013646632697 -0.2431955901061183
1.0000000000000000	0.4151017833022444 1.1756329268857313 -0.7064192680904071	-1.0568144153709531 0.5532456393001220 -1.7163760175642029
1.0000000000000000	-0.3098673210238201 -2.0048187731524632 2.4319237709788468	0.0361307156092235 -0.5922076024422145 -0.0602220399016775
1.0000000000000000	0.0517298630664351 -0.3799920260619643 -0.4267575757342673	0.9337006766921048 2.0765652995838884 2.1751089176461691
1.0000000000000000	0.0838469742932999 -0.4573747543576301 0.1991022795054575	0.2265794141820766 0.7522233957945070 0.1547475410070425
1.0000000000000000	-0.5363634358516991 0.9101094027960784 -0.2062272407630587	1.2757811601117297 0.1535186657678507 -0.1229401436600676
1.0000000000000000	-0.2768923084536414 -0.2345053939865872 1.4217315593783322	-0.0141595877373172 -0.4469601999379860 0.8245847523298504
1.0000000000000000	0.0729120997470594 0.3118264804279695 0.6018556136218344	-0.8136820857962273 0.6320236044910039 -0.6959000271182399
1.0000000000000000	-0.5175871214616190 1.3898838217699270 0.1734805188640509	0.0102496192774850 1.6828856211246024 -0.5248025904053133
1.0000000000000000	0.1184342695185861 0.4628137615223490 -0.1771193444149028	0.1101151839870918 -1.9505699014646538 -0.3264780749954778
1.0000000000000000	0.7351011222328755 0.0786619629813538 0.3541940191245558	-0.8534255333588023 -1.2302526818563757 -0.3818451579635347
1.0000000000000000	-0.1028742437913142 -0.3916615503124267 0.7980890407863498	-1.6440676984139868 -0.5723521874769368 1.7527757640653818
1.0000000000000000	-0.5433894627924266 0.6219838203889289 2.1445641449673554	-0.1146931365526655 0.1241979359912541 -0.1643892845127388
1.0000000000000000	1.9482162729278554 -0.8275288017542336 0.6012753952892691	0.2495885462208529 -0.8010478705825961 -0.8180708913008385
1.0000000000000000	0.4882800278283502 0.1615128951362179 -1.1294282412461942	1.0449931312225293 1.1197310767966340 -0.0530200552933280
1.0000000000000000	0.6121463194695892 -0.4704379727335580 0.2406339405514493	-0.4609992195824221 1.2372332457074633 -0.9029756215798980
1.0000000000000000	0.7034761343984904 0.3649348315913603 0.2815295057378048	-0.0857190114330949 -0.8256079750564218 0.0940764014623276
1.0000000000000000	0.0954802602820191 0.4061650279600242 0.3360513351985406	-1.0936661253500499 -0.2956740482252473 -0.0634343332279354
1.0000000000000000	2.1451605428941538 1.5205379422228036 1.7189330181017228	-0.2533493987569832 -0.1046851737301767 -0.2308557400140852
1.0000000000000000	0.4042112762716623 -0.0706350513635040 0.1849820341579392	0.2155485167901667 1.2605378694150833 1.2009478858963856
1.0000000000000000	-1.0743745302439418 0.1973227318729935 0.2727424180732136	1.1987336828796218 -1.0489771268692616 1.0542020816512887
1.0000000000000000	-0.1775367451138933 0.2678996362721843 -0.5723793544716728	2.2509801694031024 -0.8540762297668972 0.1686549801419542
1.0000000000000000	0.6193188175757477 -0.8877843372491540 -0.7116200796427656	-0.1869209356712344 -0.0825298983812711 -0.6442405083544225
1.0000000000000000	0.4113629183260656 0.5469916062316706 -0.1227417454246168	0.4994409015238650 0.0090640817066464 0.3170114700257136
1.0000000000000000	-0.3743526473555698 0.3381638631094422 0.5923921635787269	-0.4059274482483026 -0.6139547843379313 0.9177176067376119
1.0000000000000000	0.0695361496010526 -0.9976270243078377 -0.6898253232766046	1.2332466621049640 1.5668017834269237 0.5258572420791258
1.0000000000000000	-0.1060678568052763 0.0394339914606301 0.4241807458470815	1.3924681276527942 1.8659854489455512 0.0830567053545472
1.0000000000000000	2.4285432621864036 -0.4217407467036748 -1.8380466158184499	0.4038156705026211 -0.8049482127532266 -0.8102872166647552
1.0000000000000000	0.3700684085775278 0.1873860415538094 -0.6094404666826695	0.1509831816746940 0.1989276470359072 -0.1372381788144699
1.0000000000000000	-0.1870832917584364 0.7763587325779219 0.4873457793396230	0.0696740788265229 -1.8711817234156898 -1.8993584140561430
1.0000000000000000	-2.3473049484261179 -0.1717584697373957 1.2473068864579087	-0.1877462028834810 0.5242634020303505 0.3920617140603148
1.0000000000000000	-0.7294477032952036 -1.7019031762778867 -3.1080679788274552	-0.3609448738978837 -1.0002724010763422 -0.2830490783989956
1.0000000000000000	-0.2357619299562176 0.3848688020189242 0.5901618247113782	1.8417545328878160 -0.1444755147674956 0.4908305310692027
1.0000000000000000	0.4451516166952084 -0.2495748166405659 -0.1649352533578484	-2.8408144234927342 -0.4332541787929361 -0.0449637717439094
1.0000000000000000	-0.2516310995873491 -0.3205908510785759 -0.0415261682983512	-1.5687134040706829 0.0965453118942192 1.4731231960896418
1.0000000000000000	-0.5537760551309510 0.4965564350008583 -0.3966906841331038	0.7831428314657335 0.7763673716889070 0.2546401297783535
1.0000000000000000	0.3623409718458043 -1.0199831615364012 -0.0754023653750285	0.6425789964170109 1.0971597682376044 -1.9143771408846004
1.0000000000000000	0.1654637378347450 -2.0024176727214358 0.9066812067755583	-0.4711885164221506 0.1656558347686723 1.7611461558429555
1.0000000000000000	0.7966192968153192 -0.0323543553647899 -3.8559372802040839	0.4034169167402896 0.1616526015636328 0.6754425543470950
1.0000000000000000	1.5635832180432854 0.2113917140798781 1.2382441322305759	-0.4219752034424336 0.4152821929586399 0.9501429087483115
1.0000000000000000	-0.6626301242810858 0.8464452208746283 2.1952884900929361	0.9160846509271821 -0.1985794794546412 -0.5835993036812578
1.0000000000000000	1.7888122933862320 0.7297721115911540 -0.0690188986678530	0.4326917078482428 -0.6659894045817265 1.3537335923035883
1.0000000000000000	1.2816117474591890 5.9277612663695374 1.9296541705030990	-0.1100918513872477 0.3285757982049807 -0.1267198420610108
1.0000000000000000	-0.8761785729674229 0.5318407862605489 0.4005148613903666	-0.9774430213450457 0.8965153225264895 0.5789956423304501
1.0000000000000000	1.1329138159999821 -0.2700427427469348 -0.3608760245978868	-0.5985160385094216 -0.0566957803387524 0.4129058366370897
1.0000000000000000	-0.4929666458383719 0.9416542874787730 -0.3040507029636774	-0.0410791581974447 0.5473284876663636 1.1856978915336167
1.0000000000000000	-0.1340379310700985 1.0675020821959871 0.4444797106859039	-0.5951781218889564 -0.9629853991573366 -1.7398564536259158
1.0000000000000000	1.7380087977747789 -0.7235951974998749 -0.1772135113901799	-0.0417759635552295 -0.5259683695832612 0.2592784282242779
1.0000000000000000	1.2228326377498586 0.8559480298663703 -0.7908608802055885	0.5316954881755538 -0.3878663371593870 -0.2975752519997231
1.0000000000000000	-0.4936561409004086 -0.6894786737579779 0.6416053550783174	-0.4791960740877268 0.9302978597174560 -0.8907455029285536
1.0000000000000000	1.2354326564745739 -0.1558618107131553 -0.9170102393209796	0.6157639912524513 -0.3768026239240930 -0.2298167026626208
1.0000000000000000	-0.2608446879233369 0.3030525902129494 0.4853341844272836	-0.5525006660841632 -2.6288461747581340 0.0441346410031338
1.0000000000000000	-0.4183469248485269 -0.0384787765731305 0.4950890754282786	-0.4703687268151873 -0.7047541658972215 1.3143027325331258
1.0000000000000000	-4.9708546338976953 -2.5050185006748555 -0.0974790365759118	0.3771285660952927 0.1478976540239365 -0.4695821106238933
1.0000000000000000	0.9404606385083357 0.5402971146699006 0.0197768598710381	-1.0687241542267634 1.4629070781550892 -0.5270706896166690
1.0000000000000000	-1.3177438100689349 -3.3772729066466898 -0.0820727709443061	0.6377754104123565 -0.9269245433612023 0.6914016663819199
1.0000000000000000	0.4061587140643165 0.1123201957428615 -0.3160698342903819	0.7276215620745392 -0.9026726427011785 2.9668231140054120
1.0000000000000000	-1.7857703039634467 1.6244585640229898 -1.0899025544379897	0.7534776265154138 -0.1105665899391448 0.2060418866432080
1.0000000000000000	0.1609830888004756 0.6088823691114233 0.2933736563771967	0.1800703551042032 -1.0367884383222712 1.4618103198845309
1.0000000000000000	-0.0105554600024904 0.9864818599473041 -0.2743387379103339	-0.6746627385280277 -0.4316790496038030 0.4037335484493862
1.0000000000000000	-0.6781266997351636 0.0305978882612347 0.3015319610064227	1.1210894545033894 -0.4971430839873967 -1.4074100843198154
1.0000000000000000	-0.3163638730035061 0.2755404022176656 -0.5548871569259839	0.6486170100648104 -0.5468458922917536 1.3521918209298676
1.0000000000000000	-0.2680871205388070 -0.0601329482646761 0.0245561319294850	0.5548945592504507 0.1266193129002421 0.6694648919169609
1.0000000000000000	0.2641766229514368 -1.0363074880044312 0.3602941489083819	0.8347926289189649 0.1512853768963183 0.7803640595991187
1.0000000000000000	0.9405976014243871 -0.4625033081825149 -0.3079928112079930	-0.5365272178272293 0.7659548252790599 1.8277835422473570
1.0000000000000000	0.0299625746276646 0.2592847801209596 -0.4460620666605721	-0.7914470692034735 -1.5253558621988925 -1.3783800809923656
1.0000000000000000	-0.2685870139965277 0.3507948579364061 0.1933694696162536	-1.2656234041070102 -0.3023414258086712 0.0801182464311114
1.0000000000000000	-1.8559884409847240 1.5192037700802796 0.3720068516406316	-0.1707519951052805 -0.9900688171178497 -0.2540176517264605
1.0000000000000000	-0.3590446948126050 -0.3160169651508996 0.4390360655616288	-0.0068405506422517 1.2079854443263345 -0.5858821428952309
1.0000000000000000	-0.7492791887115666 -1.8706270665704208 -2.7986195825723925	0.0879825666809970 0.4251274490168254 -0.6294270504657248
1.0000000000000000	0.0895142750528283 -0.4085145729058368 -2.4173761893341150	-1.2328400251943967 0.0435453611645741 0.3106128749039472
1.0000000000000000	-0.3778996625134347 -0.5582136058140356 0.7274771123944637	0.6177248621023247 -1.1751672044245305 0.8668896037343604
1.0000000000000000	-1.0157385218029307 0.1182819929961321 -0.4636949544006379	0.8101295728031568 0.1098249694685681 0.3754101052096301
1.0000000000000000	-0.1156131275670630 -0.4671902875499310 -0.3008903465175197	-0.6024307545744046 2.5233628316844836 0.3959060895463112
1.0000000000000000	2.0635154696162030 0.3393372631942976 1.3137883253542626	-0.8027322066609891 -0.9829036768173360 -0.0041712507626088
1.0000000000000000	0.9397272027116675 -0.6386160920688656 0.1088317675297603	0.8673466385501604 0.2840886775997158 1.4889468692015329
1.0000000000000000	-0.2812430943009633 0.7164892277480438 0.6830894199922630	0.1285873438013998 1.7152887157089998 -1.0666678999477059
1.0000000000000000	0.0829366981756856 -0.2160118268755559 0.4140186244787203	-0.1345325988042074 1.2638917547678470 2.0119308752973248
1.0000000000000000	-0.4378094357363191 0.1873498930644973 0.2647066216531322	-0.7936194529471017 1.0549340668974534 -0.0205745008862166
1.0000000000000000	-0.0917102948631539 -0.1787717628249406 0.5371172062958381	0.2888520782518772 0.7742798972741394 2.0712039490405765
1.0000000000000000	0.1213182555686533 0.4872581575464804 0.0705481391062829	1.0240136640643600 1.2282588586774119 -0.0833382915436368
1.0000000000000000	-0.1010280863392300 -0.0421727645406307 0.2731039599426773	-0.1612383284132015 0.2873029644572403 -0.2208991276740126
1.0000000000000000	-0.0449072316944800 0.2522944962634868 0.0748403666154323	3.0665862119090344 1.1217437148377822 -0.1606974062189467
1.0000000000000000	0.6978663150502704 -0.7070350059279275 0.6258532586628199	1.1908056334739079 0.3632112533734173 1.7810038885170034
1.0000000000000000	-0.5325688132313867 -0.6507638963871883 0.8375619024864884	-0.5412076608034193 0.6614934417382052 0.2062389837790417
1.0000000000000000	-1.6799537836521168 -0.7796013185995508 1.2096579427485392	0.4290510600900603 -0.7349591847747311 0.4365794324003607
1.0000000000000000	0.3056761757531347 0.3078816235367046 0.2634222190565645	-0.1183460143515086 0.3208649690997160 -1.4513860839516004
1.0000000000000000	-0.5074480966538961 -0.5258807106888709 0.8070904084976311	-0.1396632543100763 -0.7120551858755986 -1.1259450804137396
1.0000000000000000	-0.8761953421349937 0.2662554138679604 1.1549793338030492	1.8004993593122909 0.6322710269439736 0.3017266287518595
1.0000000000000000	-20.1744534850194341 -19.0678567981298492 -2.3902896280911410	-0.1491137312996164 -0.4675666753911499 0.1979986232644175
1.0000000000000000	-0.0785849702247676 0.0856176269138483 0.2337863426699831	2.7348433288112739 -0.5815608910899482 -1.8232761513295794
1.0000000000000000	0.1524300500867349 0.1003594759902555 -0.3388739560662635	0.0190967451846731 0.0490598597879414 1.5730093512834509
1.0000000000000000	1.7692982350479396 0.7148927051508281 0.2436387813716167	-0.2782197683995937 1.2072165729701803 -0.1167910913218680
1.0000000000000000	-0.0037148287884750 -0.0893422335332937 0.1009633886597549	-0.0284488237521974 2.4618165598633150 -0.3152006835723635
1.0000000000000000	-0.7560562015460504 -1.5836821400413466 -0.2734119350784159	-1.9670260156095229 -0.6704277414046012 1.0987978858425715
1.0000000000000000	0.6254248685746852 -1.9689251843125424 0.0132340019742661	1.6368056008337297 0.6856174287026671 0.2911294353537098
1.0000000000000000	0.1446083879667282 0.1424597415574732 1.1701603241450016	-1.9923171348900832 -0.5016223827777953 0.9858023311050976
1.0000000000000000	-0.1463997202313495 -0.0354678388512247 -0.2557126269414003	-0.1996615549877591 -1.0569021783941492 -0.5809881340643221
1.0000000000000000	0.3648136414187441 -0.0614591437308908 -0.6859456374001914	-1.0073364284023607 0.2757394997295051 -1.0135572054837811
1.0000000000000000	0.4028729314639339 -0.0640459496787561 -0.1342232518349303	1.6303516995679130 0.2882184857530420 -1.5281651818447088
1.0000000000000000	0.1897098121028720 -1.6880756249567488 -2.0821109324444973	-0.9695106214026865 -0.5324682161282044 -0.2299991727826013
1.0000000000000000	1.0331348094560442 0.9693486141694764 0.4931769378135672	0.1901709662164486 0.9274314047053396 0.3498834174983526
1.0000000000000000	0.0352549946580648 0.1959779301221765 -0.9126553002807402	0.0465594405256198 2.3484249237892012 0.3171761811405180
1.0000000000000000	0.4329106225934745 -0.1312968304020952 -0.4333073131578747	0.7856221529413953 -0.2928983423765399 -0.9633299233293013
1.0000000000000000	0.6206376182786806 -0.2788487927274306 0.0654999334197481	0.5541333265656746 1.0715421608534810 -1.0743084248356742
1.0000000000000000	0.1456754139356040 -0.0575775494500849 -0.7182356492324775	0.2310594359525167 0.2947259753875628 0.0931843227573791
1.0000000000000000	0.9473686063587629 1.0976544598561089 0.7852172990230802	-1.0820267422888312 0.2879776805748732 -0.7684691778106250
1.0000000000000000	1.2475250412230565 1.0742644366200724 -5.2908901634825165	0.1894126824093026 -0.0196951012491577 0.7101941169457182
1.0000000000000000	-0.5738612668508939 0.2017922086030504 1.3512455698149930	1.7065144620173793 -0.6163935921238142 1.0279639260680538
1.0000000000000000	-0.3147027404586435 -0.8258030398171088 1.6103901603380413	-0.1603196327870741 1.2855252645946253 -1.3697508622407661
1.0000000000000000	1.2923803282171256 -0.4619595936761017 -0.2286158359226617	0.4704923174763577 1.1109166385312144 1.0791301687079038
1.0000000000000000	-0.0640645390799865 0.4843690924051556 -0.3012786875920984	-0.7446913427046630 1.1742438074548789 -1.0705513058697744
1.0000000000000000	-0.2656000149554902 -0.1978428682319912 1.1283067159526872	-0.2128034261097469 -0.5764236944488095 0.4019661096051884
1.0000000000000000	2.7011657526167214 -1.8633990920483827 -2.8671325765552749	0.3432802870242814 -0.0759822854996413 0.1699296339047832
1.0000000000000000	-1.0170615240469985 1.5081974636698938 -1.1981725709879649	-0.7520258115257622 0.2474695093313045 -0.2856911546538447
1.0000000000000000	-0.1028854715587007 0.0303787348145056 -0.1602421020228227	0.8565779014443906 -0.1113077011345744 0.5736404048621410
1.0000000000000000	-1.3125554859310229 11.3803914037167981 14.8604010478604298	0.0383176834894044 -0.2635960081044112 -0.5633684567909424
1.0000000000000000	0.5851803904397269 0.1443994391222266 0.4493672111024703	-1.3230021303287778 1.5501231327077669 1.0441715899971453
1.0000000000000000	3.5600458366995218 -1.7683323636524628 -0.3887216787818525	0.5466857010483951 -0.0784680996798521 0.7585377421274437
1.0000000000000000	0.7041821919576819 -0.4510415410668170 0.0128573829389342	-0.1013243556598837 -0.3129588122174063 -0.7534396752081494
1.0000000000000000	-0.0402825957964352 -0.2408099613101761 0.5535214099637639	-0.7448937215303059 0.6855728018869666 -2.2254930733909020
1.0000000000000000	1.0615313386739811 -0.1430097842875617 -0.3746985683912666	-0.9511940993778351 0.1576453677516437 1.3427845551031152
1.0000000000000000	-0.3548397719644228 -0.8631747890246790 1.5111463797067319	-0.9793829894317563 -0.5624777365124304 0.1390424035435147
1.0000000000000000	-0.2467440900108341 -1.5939032199641725 -0.5195686254620423	0.2269960612415084 -0.0098028839082148 0.6623083938655182
1.0000000000000000	1.5125487728075255 1.2354809493734435 2.1763797821933264	0.6691126792519283 -0.4772199356301695 -0.9646947636831344
1.0000000000000000	-0.0730442744587092 0.8136187430160498 0.1762861409585743	0.6763403946660003 -0.6655526626658146 -0.4551129686182810
1.0000000000000000	-0.0984476572980948 0.0493919611812589 0.4989666675629433	1.5573649668557759 1.1945454356463894 -0.1671288987047533
1.0000000000000000	0.3232563212257357 -0.9852113257914302 -0.6956734348201186	0.9352125281549963 0.4543377012694820 -0.1789919150974492
1.0000000000000000	0.1564794216348344 0.4246621312789851 0.2357260208239363	0.1537920045222479 -0.1477586681516076 -0.6894557786680278
1.0000000000000000	0.3392625805415753 0.4577800431064519 0.5507955441742003	-3.3038736819334620 0.4096937044066479 1.2502863703813354
1.0000000000000000	-2.4798844991508160 0.3326488644630163 0.2015837033718924	0.5187907275269245 -0.8949450630483111 -0.2843728727251476
10.0000000000000000	-0.0387357043713872 -0.1449191272665046 -0.7815364999273421	0.6186741440274547 -2.0740962997341903 1.6181495581566121
10.0000000000000000	-0.8317422790136016 -0.0323137643848389 1.3962401547482248	0.8813085755781287 0.6838096203286108 -0.3750962821693585
10.0000000000000000	-0.0729597486783802 0.2450560510877123 -0.5097576564162554	-0.6415720226424704 -2.4560052358004030 0.1689655316189138
10.0000000000000000	0.4815640957804944 -0.3993088975841898 -0.6007712895935320	-1.6332526894311186 1.2769772245133877 0.7961620875954820
10.0000000000000000	-0.3879417360438688 -0.4378462055491180 0.2889022830319000	-2.2032845277102386 -0.1045787230010340 1.4063744843667803
10.0000000000000000	1.4685539200866047 -0.8649655851684963 -2.5921066999902722	-0.4695787448139186 1.5551947368585468 0.2155300207342989
10.0000000000000000	-3.0085293585611290 1.5747742941757434 3.3445391326103020	-0.3608109901561202 0.1413678245361546 0.8703791595964226
10.0000000000000000	-2.9716012059991406 1.9928268072493911 -1.1477399905258630	0.0191955472708330 -0.4923504378429909 -0.0323614887193559
10.0000000000000000	0.2266569446756813 -0.2870010688363815 0.1289953889257540	-1.7832687891001018 -0.5816624401639127 -0.2207931876202669
10.0000000000000000	1.1973556973755632 -1.1908046238121059 0.2470226735923338	1.3047327310034729 0.2463532781274015 -0.6162607750562418
10.0000000000000000	-0.0196633184831925 1.0108275912238558 0.4526691595696153	-0.2649577842748332 -1.7218072138091862 -0.4901007801166762
10.0000000000000000	0.3493331702578347 -0.8140239465753892 0.9851187542271724	0.5365810627700985 -0.7527500147123399 0.5371299564403822
10.0000000000000000	-2.4347848691977640 1.7485889579081522 0.8353574597918281	-0.3069485666145763 0.5312162982421402 -0.3076829433665797
10.0000000000000000	0.9503125680886448 -0.1513868447084249 0.8731766450873681	-1.6867491382394415 0.1742011536222787 -0.8571512378401223
10.0000000000000000	-0.0787965438921511 0.2759355377556296 -0.1467988551724621	-2.2289560439660105 -1.3744127325355313 -0.1623211386754729
10.0000000000000000	-0.5413030179519076 0.7502421849709421 1.0370233668760225	1.2787775761078173 -1.7071135048052215 0.3901560613819516
10.0000000000000000	-0.3078908353896759 0.7652523497649619 0.0466632984277871	-0.2617374606808934 0.5535716841416353 -0.4473930358471496
10.0000000000000000	0.2297751409408833 -0.2111142525914832 0.3096982003965268	-0.2115782869889827 -0.2510390444736094 -1.4638081008350179
10.0000000000000000	0.0796360295931904 0.7592397430566966 -0.3275269797643058	-0.9040217292035917 0.9414358018205627 -0.3513871208393433
10.0000000000000000	0.2362902311465064 -0.0192042738895533 -0.0129995820565313	1.1220895659306493 2.2372521722787462 -0.3123769607498322
10.0000000000000000	-0.4960150532420266 0.2889005867072729 -0.1029176072978834	-1.0171405993034435 0.2390526705215008 -0.4670997283415327
10.0000000000000000	-0.7073387859274235 0.0461106928899627 1.2926385008230132	0.9510605906564268 -1.1666958759332802 0.3108263405099927
10.0000000000000000	-1.3466061470770185 -0.4182479842617624 0.3369839428104291	0.9143273663888151 1.1319709342889390 -0.3623756860096936
10.0000000000000000	-2.6245913768303826 1.3327123811652875 1.1764238334073400	0.1324356738930122 -1.2271747402217077 1.0551778679911135
10.0000000000000000	-0.8672526369646567 0.8400302238881301 -0.6770961950349992	-0.1173881933371730 0.5153009509542122 0.8428762047261111
10.0000000000000000	-0.7499780412401196 -0.9556805153024001 2.2659130614800511	0.4270703562934123 0.7288839145627388 -0.2709563853317043
10.0000000000000000	0.6026205728119554 -0.8337811805247448 -0.5556838292294458	-0.1776907619605079 0.0195920920942275 1.9300644871230859
10.0000000000000000	0.1146287555052845 0.0788122383626000 -0.0361524822539770	-0.6379311474741334 -0.7175476971786565 0.5127848683777269
10.0000000000000000	0.1395531877237521 0.3594322306190827 -0.8280754189175080	1.1889925027225514 -0.1529198759080872 -1.4594896675231401
10.0000000000000000	-0.2470664502335801 -1.2282985564096878 -3.3487375294146484	0.1760825760302290 -0.6620495864691022 0.2563332906435729
10.0000000000000000	0.4792228748962610 -0.2276818685019165 0.0824781677688490	-1.5867060166381213 -0.3491084589641817 -0.2619083953451731
10.0000000000000000	-2.9575147540259716 -1.5707433770916832 -2.6743125718659009	0.7392145505441042 -0.5374700121902465 0.3464247295197428
10.0000000000000000	0.0379673562976550 -0.8872413779228314 -0.5077729850289435	1.0235135673355424 1.0320629933913110 -1.0743935455248836
10.0000000000000000	-0.0651670826812445 0.0534423182067412 0.9856508985852834	1.5278492741951728 0.3041976830451713 -0.7056089539315905
10.0000000000000000	0.3772379023539987 0.0187378280724781 0.7531160817589291	-0.5602736383800755 0.1173097110681229 1.6139631764629350
10.0000000000000000	-0.0531715826076881 -0.1289121575060799 -0.1518559095061112	-1.1344143081500848 0.9368936038648985 -2.5683134241461802
10.0000000000000000	0.6702920876440990 -0.5888009939195222 0.9830895771290638	0.6470123726562811 0.4292259579841677 0.6920050563823731
10.0000000000000000	-1.1219439747992694 -0.6367059494543214 0.5579300236931339	-0.5016270207502214 -0.3980430590819557 -2.0061777880202447
10.0000000000000000	0.3986031472757985 -0.1101059317911842 -0.6340777974561700	-0.0217841568595318 -0.0549903890155918 0.4895070872740536
10.0000000000000000	-0.1488384981916885 0.3722227359079818 -0.5408961676637711	-0.7565601482991418 -0.6593570007394397 1.3823039368921457
10.0000000000000000	0.3649614251076675 0.0399827541799380 -0.7345213877445441	0.7511753520952673 -1.0290114694823356 -1.8912892225343012
10.0000000000000000	-0.5202003363805485 -0.9627555786443883 0.6200953088835615	2.0883406425797193 1.6880278588779043 0.9432199437826818
10.0000000000000000	-1.0439048447856205 -0.9621473850999152 -0.0668950917817707	-0.4342047885082579 0.1539528039125342 0.1986668079630069
10.0000000000000000	0.1394667240280823 0.1969072264845938 -0.6847364601182867	-1.6444978709381026 -0.9503880209633109 1.0453306559914448
10.0000000000000000	0.2870816964444871 0.0410257368391206 -0.2556091684798225	2.3980597590267716 0.0095379580398804 1.0813857060490970
10.0000000000000000	-0.0869058128858193 0.0700633863392944 0.0097020714149735	2.0853326246971982 -1.0619862699878182 0.5235274388793560
10.0000000000000000	0.3744151909822411 0.2142596006982536 0.3825293317359761	0.0866962798835456 -1.6067651822443980 -1.0193670572439977
10.0000000000000000	0.0530871630172446 -0.1745830513409156 -0.4713516290829986	-0.0960056530735752 1.5840538130589763 -1.7266895660687218
10.0000000000000000	0.1770744726704715 -0.4815241512489119 0.5365176601744285	-0.2612517889065112 2.4988538893957113 0.1100765437769024
10.0000000000000000	-1.7428919857875891 1.7881276507036514 0.8207133367046253	-0.9654017768426024 -0.1873298208089674 0.3512136790614907
10.0000000000000000	-0.3079641970043039 0.9767943138903578 0.4484511868048761	-1.6558596985550376 0.9735572656720693 0.3096118989525219
10.0000000000000000	-0.1822532140081025 0.9880283275424852 0.3046326953081632	-0.2516299948181147 -1.7532106693402263 0.4571214309471243
10.0000000000000000	0.0719324398198437 -0.9511788590114195 0.2115760257179453	-0.1219859833193095 -0.8423082233856628 -2.1769014387766101
10.0000000000000000	-0.4486805734456848 -0.2566734953973682 0.0639016072462485	0.0436592833922806 -0.0584712852619268 -0.8589931533947416
10.0000000000000000	0.7221048662825933 0.0378319972952956 0.5193970703704235	1.1061723020060197 -0.1091153650071120 -0.1287992874434431
10.0000000000000000	-0.0596576975310927 -0.2385765732766780 0.9452575475856816	-0.8288726215758829 -2.1604296316933387 0.1164101744235694
10.0000000000000000	0.0622629190174247 0.3355695061335722 0.3547262479557016	0.0225736181086641 1.8127922639655436 -0.1516574328746924
10.0000000000000000	-1.1010022629994463 -1.4116854547357827 1.5900487405018775	0.4583137825978391 0.5949431107313250 0.2928009987100662
10.0000000000000000	0.6994210658800107 -1.8366352456253381 -0.8476274249938468	0.9418417883224777 0.4057122223776600 0.9429857075500275
10.0000000000000000	-1.5579621054187263 0.6436685813499995 0.3784939629294305	1.7929414237258767 1.1475158519136506 -0.5622912745654882
10.0000000000000000	0.2940787518730570 0.0260148258345899 -0.7023960964892384	0.7437594803090883 -0.8730197065799076 0.9305602042490275
10.0000000000000000	1.6362883585043004 0.2484718503143210 -0.7759092900373931	-0.2524367776933224 0.2799863118487792 -1.3351474797132283
10.0000000000000000	-0.3283241130002461 -0.3532900671696712 0.4448692280960249	0.9848793714666344 0.0501506395806747 -2.2802780546247838
10.0000000000000000	-3.3466478662791088 0.4154137915915649 3.3803015840547741	-0.2115024800173439 0.8601681438322819 0.0205056914747020
10.0000000000000000	0.1839712505976963 0.2457135174533678 2.1835202654063970	0.1135749647854586 -0.5396617701158315 -0.4181426065510589
10.0000000000000000	0.7541398528655504 -0.6455612945862447 0.6618172070304497	-1.3373482637011040 0.5717345973438919 -1.0079002956575238
10.0000000000000000	-0.1525503980780248 0.1027358869789674 0.3570313234530640	-0.2553388197787755 -0.7958729066419128 -0.9643369580804140
10.0000000000000000	1.4769315878814409 0.6277624226831187 -1.3982930960873408	0.9092104693651851 -0.7780969010040418 0.2744027853543478
10.0000000000000000	-0.2255460588611546 0.2168673173505278 -0.3063722570389274	-0.3627271585649749 -0.1732675693133225 2.5558575502245358
10.0000000000000000	-3.4535442189209951 1.8292587913838059 -0.8624070743034720	-0.1043767105390134 -0.0354570342598980 -0.5065424140286372
10.0000000000000000	0.9495810921003163 -0.4065497076296977 -0.2479842243917726	-0.8645394590506933 1.6558612329022675 0.0843005249713625
10.0000000000000000	-1.2997094793460773 0.9729909784600058 -0.1960983701121826	-0.5016868687609758 -1.2445418397180239 -0.2031524509238901
10.0000000000000000	-0.4099819748766425 0.1226896399429223 -0.1834265912550750	-0.1707058215949671 0.2802914648441343 0.7268607621079606
10.0000000000000000	0.2421405022575428 0.4741790938386515 0.5403264556628642	0.2957814808733932 0.6183485227410738 -0.2039411166259847
10.0000000000000000	0.2633621323256964 -0.4539085267829369 -0.1550650202037348	-0.4257338906071429 -2.1014240236119064 -0.9516550974012803
10.0000000000000000	0.2653087914500117 -0.0445671142041975 -0.0437534744887608	-2.1039555149454547 -1.0775263563687567 1.5652804297003733
10.0000000000000000	0.6652385150966029 -0.0466248940755070 -8.0006254625105360	0.2404397075216770 -0.4346623301628915 -0.4426455097283815
10.0000000000000000	0.2640820339488951 0.0055473163120984 -0.3858290005798524	2.1712881722470696 -0.8782518056630519 -1.0204321965830436
10.0000000000000000	0.5959353453934411 -1.0752872001305132 0.1143422539057520	-0.1690438603831164 -1.0237984293174864 -0.6907037567964005
10.0000000000000000	0.5039443053257167 -0.2426494418678153 0.0736367493639722	1.9926242311578983 -0.9258678589598823 0.4723949722051625
10.0000000000000000	0.0698800137917854 -0.3722270073633546 0.2270069390005408	-1.2739637764773315 0.1777533712704557 -0.4306889765693661
10.0000000000000000	0.3366824292031265 0.4608808354065796 0.0443739809289534	0.9986514725253171 -0.9759279313917217 -1.2420612968335163
10.0000000000000000	0.0508858636030031 0.3623816492242780 0.0245883827850960	-0.5878026975657927 -0.5266210413353966 0.7612843162304211
10.0000000000000000	0.7723335029384886 0.0625211602958463 -0.6071741744850517	1.4070591400983672 -0.5941499680380603 0.1951698356838617
10.0000000000000000	1.5424000143144643 -0.9823302034396965 0.5507614890625198	-0.0948553275751555 -1.0937695279723700 -0.1800753323529481
10.0000000000000000	0.1950288792235537 0.0645875444353709 -0.7940325337878662	0.2301054219980941 0.8673932751083635 -0.5395433156285400
10.0000000000000000	0.2659423693761657 0.9605275174305359 0.0243027329431821	0.8218218409884167 0.2378743296367326 -0.2550930278780525
10.0000000000000000	0.0376385947630058 -1.1291578518126701 0.2235817064663768	1.7389324420569696 -0.8661703150959873 0.7420372926992181
10.0000000000000000	-0.1009138208069378 0.1712378199728416 -0.1296206379293566	-1.0339833082863734 0.5512764679195760 0.2454441252572457
10.0000000000000000	2.0094110372254157 0.5796851230872284 1.0088133195634055	-0.8043905527947294 0.9427104279840771 -0.3113456479019432
10.0000000000000000	0.5421812887368104 -0.0535725516513726 -0.8831504043254024	1.8146126581353124 -1.3175092694015862 -0.8135626106279077
10.0000000000000000	-0.1359484436303667 -1.6064552948248227 1.0894486292703403	-0.8293729741802741 0.5619857781687329 -0.6885259381906373
10.0000000000000000	-0.6174025989894930 -1.6426070476224515 -1.2718068917994603	-0.1312502284499787 -1.4322833984431291 0.2350700989237852
10.0000000000000000	-0.2998538081160315 -0.3284438860531291 0.2123188655593313	0.2139142767043963 1.0897194374889054 -1.7818745315867799
10.0000000000000000	0.1155571433804592 0.1705976477464407 -0.7948368354254477	-0.6125664257409175 -0.1880652484772458 -1.8890278172450521
10.0000000000000000	0.1478896665085211 -0.6502273234520869 0.5463568991114118	0.3262866430667657 1.0957719819991083 1.8453144808009314
10.0000000000000000	0.0375740664885959 0.7930872001234596 0.3439627028617290	-0.3203621926578425 0.0328803949286253 -1.9567442307841603
10.0000000000000000	-0.0055865811615657 0.7234993287783964 0.3836915267580181	0.5239113805659734 0.4769149117069398 1.8417872565074462
10.0000000000000000	-0.5434182667705951 -0.0153188843570026 0.3269559900540161	-1.2367320991710518 0.1674653704116565 2.6024707372395453
10.0000000000000000	0.2205840898580040 -0.1758214909734552 -0.4883564357752606	-0.0539084042438794 3.4823625169882102 -1.1068589844578176
