0 1000 0
1 0.0259851176900644 -1.00175100637492 2.19449651611855 -0.163027320660511 -0.140833058590343 1.03664474422027 0 0 1 0 0 0 0 0 0 0 0 0 0
1 -0.801758353876506 2.12851353328878 -1.8920602548125 0.228844179662749 0.921327057608962 -0.277013583400738 0 0 2 0 0 0 0 0 0 0 0 0 0
1 0.668866112428604 0.383265741239257 0.319237571333055 -0.100323285834346 0.156747547440151 -0.885190530629022 0 0 3 0 0 0 0 0 0 0 0 0 0
1 -1.25467027071572 0.901745488598 -0.423602194790632 -0.859952831924113 0.766851381771234 -0.166791571871881 0 0 4 0 0 0 0 0 0 0 0 0 0
1 0.330065134714521 0.213428440885146 -0.048075234956838 -0.761277865034031 -0.339014875630706 -0.206474180375865 0 0 5 0 0 0 0 0 0 0 0 0 0
1 -0.0058335047979032 -0.243468422139121 -0.241161125390261 1.47509102804486 0.155385214277138 0.173648147203223 0 0 6 0 0 0 0 0 0 0 0 0 0
1 -0.309423394912717 -0.629640954035581 -0.195861958800228 -1.01519848858767 0.145711825513406 -0.513092591134445 0 0 7 0 0 0 0 0 0 0 0 0 0
1 0.0083820910332414 2.88632238056092 2.10995815134404 0.201498494059941 -0.343732467824421 -0.553743975640351 0 0 8 0 0 0 0 0 0 0 0 0 0
1 -0.504499086491381 0.63091866855906 -0.385020112137243 0.247656174059292 1.46876131592465 -0.152723512802023 0 0 9 0 0 0 0 0 0 0 0 0 0
1 -3.54888335837717 -0.0535575093909872 -5.2830693177502 -0.63333311251969 0.0138793806492445 0.300430899545947 0 0 10 0 0 0 0 0 0 0 0 0 0
1 -1.25251583465268 -2.04528979948416 0.278994721147465 -0.187718680192089 0.00674846950368018 0.422495513358779 0 0 11 0 0 0 0 0 0 0 0 0 0
1 0.43518714462359 -0.155331668866393 0.232838783989416 1.37981367486073 0.0965370899008591 -0.366979814030919 0 0 12 0 0 0 0 0 0 0 0 0 0
1 -0.075500496261256 -0.215427284314976 0.0743871464688263 -1.41630101595859 1.02782158154282 -0.404630267388549 0 0 13 0 0 0 0 0 0 0 0 0 0
1 0.461038593087745 -0.22480375323459 0.032456378977519 -1.41632801516303 -1.97623232040027 1.06003395435598 0 0 14 0 0 0 0 0 0 0 0 0 0
1 -1.08930270504864 1.03251928113788 -0.0495585040867008 -0.461110005500925 -0.416054289756263 1.27836907766826 0 0 15 0 0 0 0 0 0 0 0 0 0
1 -0.165540655749428 1.03248930167904 -0.206246273543491 0.913719078024472 0.256612776323848 1.02352693520974 0 0 16 0 0 0 0 0 0 0 0 0 0
1 -0.498667628626544 0.685512811662009 -0.798762625333637 -1.56679937174333 0.210621054627742 0.332893004558332 0 0 17 0 0 0 0 0 0 0 0 0 0
1 0.418335709053428 -0.323745911275294 -0.360637246612008 -0.37076468652272 -0.749065683804795 1.31456836367378 0 0 18 0 0 0 0 0 0 0 0 0 0
1 -2.5200541722944 -0.108844798574881 0.560057795333539 0.102533350057962 -0.265083864990939 0.0318998270405022 0 0 19 0 0 0 0 0 0 0 0 0 0
1 0.115001353831082 0.0095035069504522 -0.15836608206852 0.551205457589178 0.228135363570943 1.1046588210623 0 0 20 0 0 0 0 0 0 0 0 0 0
1 0.195977665560557 0.380962645517676 1.79321426298688 -0.0677294609805687 -1.11368915018951 0.246778484976233 0 0 21 0 0 0 0 0 0 0 0 0 0
1 0.263846168515498 -0.487046882264195 -0.411620460073174 0.393883556332769 0.751481309064533 0.957747945097474 0 0 22 0 0 0 0 0 0 0 0 0 0
1 6.84210773751054 -3.79346017325559 -2.26180128589477 0.261666157942276 -0.464962426948096 0.180595414500453 0 0 23 0 0 0 0 0 0 0 0 0 0
1 0.0035604575491379 0.353774623168451 -0.477484373481532 -0.913836374076157 0.759381083329153 0.19480888190184 0 0 24 0 0 0 0 0 0 0 0 0 0
1 -0.113125690431261 0.265656531694679 0.608567797157406 0.453043208246998 2.11394217297223 0.592811567904907 0 0 25 0 0 0 0 0 0 0 0 0 0
1 0.131467768536752 0.644168951697927 0.426868242292545 0.316429771393692 1.9248546756249 -0.391627077975861 0 0 26 0 0 0 0 0 0 0 0 0 0
1 0.137345392317203 -0.260130105184944 0.206145868122044 0.453113844183567 1.04031837747979 -0.842104181556584 0 0 27 0 0 0 0 0 0 0 0 0 0
1 -1.06359889864875 2.75949910181179 -1.17107005815189 0.354815200783441 0.863732600831008 0.417033590727507 0 0 28 0 0 0 0 0 0 0 0 0 0
1 0.318932702350165 0.31365101469594 0.369881252921276 -1.36701890025086 -0.446766762144966 -0.440921201634842 0 0 29 0 0 0 0 0 0 0 0 0 0
1 -0.223533267851438 -0.405491078812502 0.317051845779011 -0.122023861458094 1.32393910565961 1.0746305788231 0 0 30 0 0 0 0 0 0 0 0 0 0
1 1.07868086592091 -0.129241748802408 -1.41960017086117 1.12437015801042 -0.249905857049219 -1.03909010435983 0 0 31 0 0 0 0 0 0 0 0 0 0
1 -0.27636015482287 0.0049361301429455 0.0643890869742829 -1.0927863577363 0.243576431176974 -0.516657569460533 0 0 32 0 0 0 0 0 0 0 0 0 0
1 0.404340429605357 -0.817256892749726 -0.200740658496703 -0.219983566745662 1.25529450337635 -0.520849128980481 0 0 33 0 0 0 0 0 0 0 0 0 0
1 0.431814827906614 0.244761241958134 0.215874865156229 0.927170118076283 1.75228292280841 -0.845811945425606 0 0 34 0 0 0 0 0 0 0 0 0 0
1 0.217433455552904 -0.666845092439181 0.345277085619211 -0.117856355628004 0.286780604643476 1.11177074642254 0 0 35 0 0 0 0 0 0 0 0 0 0
1 -0.598935040549136 0.168619592757475 -0.300543788526443 -0.681089599152921 0.130841264772846 0.43305878939901 0 0 36 0 0 0 0 0 0 0 0 0 0
1 -1.30804650879476 1.00839485667847 2.45321073696646 0.0738181545177795 -0.702724359136219 0.528584681227396 0 0 37 0 0 0 0 0 0 0 0 0 0
1 -0.304361606430127 -0.159135510117085 0.384273159960815 -0.625831903091235 1.46344107961032 1.43893582237281 0 0 38 0 0 0 0 0 0 0 0 0 0
1 0.274138193548032 -0.751897954621227 0.0056590201212242 -0.0266187362424559 0.955941297506303 -0.401680865862839 0 0 39 0 0 0 0 0 0 0 0 0 0
1 -0.324199952157961 -1.00361921297516 -1.77167966240044 0.156530567747904 -0.309592073712071 -0.918155879617487 0 0 40 0 0 0 0 0 0 0 0 0 0
1 -0.494391765447001 -0.293918317884907 -1.480827421922 0.703217697210144 -0.365529519564905 0.175385992899854 0 0 41 0 0 0 0 0 0 0 0 0 0
1 -0.0482444633162707 0.321478147646587 -0.204898047951479 -0.750898703194799 -0.777115393331549 -0.0711093014745825 0 0 42 0 0 0 0 0 0 0 0 0 0
1 1.11034438642251 0.594337204619353 0.949208463979215 1.04363718868753 0.709172721524827 -0.149136985377039 0 0 43 0 0 0 0 0 0 0 0 0 0
1 -0.244368241894981 -0.0142428360163036 0.119654275761019 0.214204933438792 -0.980497048671875 -0.832108153401233 0 0 44 0 0 0 0 0 0 0 0 0 0
1 3.29999586740859 0.813309676131384 -2.70279645724694 -0.303565877963655 1.02687361715291 -0.162241707725758 0 0 45 0 0 0 0 0 0 0 0 0 0
1 -0.0038337967761914 -0.567101567923489 0.679485582149534 -1.05126955797942 1.29345396624992 -0.693779457222635 0 0 46 0 0 0 0 0 0 0 0 0 0
1 0.414514949458442 0.119346431773013 -0.446950443777346 -1.07600435318562 0.297641861963394 0.688949559741164 0 0 47 0 0 0 0 0 0 0 0 0 0
1 0.226363384262661 -0.776122351465138 0.978535740227849 -1.44035268216423 -0.68970542121847 -0.509596389508432 0 0 48 0 0 0 0 0 0 0 0 0 0
1 -1.95261833219578 2.67158208251982 -0.60901689819557 -0.448066307190528 0.795288411654775 0.425230051435161 0 0 49 0 0 0 0 0 0 0 0 0 0
1 3.471636647034 0.757993658933487 0.642851906279503 0.128950603465487 -0.160594624680251 -1.03694699966412 0 0 50 0 0 0 0 0 0 0 0 0 0
1 0.39477193432139 0.0228131178641863 0.0620463522809787 -1.37822331709723 0.397873795697823 -0.908164966446074 0 0 51 0 0 0 0 0 0 0 0 0 0
1 -1.03730600809563 -1.59790277344683 -0.8669003373046 0.187786334899552 0.598179107348032 0.372442649111103 0 0 52 0 0 0 0 0 0 0 0 0 0
1 0.266099550565147 0.0775149150288618 -0.0031791730269613 -0.591836878332358 0.613016433842596 -0.394099399679671 0 0 53 0 0 0 0 0 0 0 0 0 0
1 -0.853523943441272 -1.1062084192764 -1.8505065184062 -0.0896489600688458 -0.586225056687647 0.999334481674489 0 0 54 0 0 0 0 0 0 0 0 0 0
1 0.399939858703119 -0.501053955174889 1.04188766584574 0.120204738573803 -0.657538581793295 -0.890243930512316 0 0 55 0 0 0 0 0 0 0 0 0 0
1 -0.536852458004762 0.407450852227036 0.0200956578283031 -1.44059687191127 0.954642964000044 -0.668911235662766 0 0 56 0 0 0 0 0 0 0 0 0 0
1 0.89217037634646 0.178024138532229 0.521976876401221 1.24134796706245 -0.263085541861678 -1.23143589615194 0 0 57 0 0 0 0 0 0 0 0 0 0
1 -0.178475419307316 0.174922211601646 0.339667622083446 1.69538139167098 -0.0861835250075997 0.242899947421378 0 0 58 0 0 0 0 0 0 0 0 0 0
1 -0.310573267856041 0.0018815209023707 0.123103313174515 -1.01071991186342 -0.639043746825084 -1.10564962187814 0 0 59 0 0 0 0 0 0 0 0 0 0
1 -8.81750370986025 6.72910457495786 -4.92622600888255 0.322653837772323 0.163247041645799 -0.171864613712694 0 0 60 0 0 0 0 0 0 0 0 0 0
1 1.35720393118011 -1.42553943708311 -0.0095548854493012 -0.0888940524231551 -0.778829424123697 -0.459022857770629 0 0 61 0 0 0 0 0 0 0 0 0 0
1 -0.0211453190210624 -0.807714886081284 -1.93113496827569 0.200814757688324 -0.41349161903958 0.42931561604429 0 0 62 0 0 0 0 0 0 0 0 0 0
1 0.0133198539339035 0.229819096714909 0.0409443355579792 -0.558858910222263 1.04238716419328 -1.19215762639932 0 0 63 0 0 0 0 0 0 0 0 0 0
1 0.115549601260886 0.107993040244306 0.338460417239119 0.858764046733414 0.0877217497169024 0.731657783410074 0 0 64 0 0 0 0 0 0 0 0 0 0
1 0.380916015546648 -0.715674721094845 -0.192273628790851 -0.580165702562758 -0.619903650771513 -0.666972426980094 0 0 65 0 0 0 0 0 0 0 0 0 0
1 -0.0100169830996628 1.25947296146685 -1.16543753613617 0.99094849451794 0.336915449975043 0.525489534562523 0 0 66 0 0 0 0 0 0 0 0 0 0
1 0.185645831328265 0.289776600320038 1.44223213326351 0.0145346102929338 0.947400818072364 0.389158214186819 0 0 67 0 0 0 0 0 0 0 0 0 0
1 0.493043424001944 -1.90917426185671 1.06120577193074 -0.0688264276783628 -0.425696761407462 -0.772092168100862 0 0 68 0 0 0 0 0 0 0 0 0 0
1 0.218841768418241 0.923996936708489 0.574504234218795 -0.593812011778577 0.720380933658245 -0.790614174276254 0 0 69 0 0 0 0 0 0 0 0 0 0
1 -1.32043054491132 0.464139774933175 -2.01186724952103 1.04841194824643 0.492311456640469 -0.379827269196409 0 0 70 0 0 0 0 0 0 0 0 0 0
1 -0.145874792265076 -0.56073806568805 0.434900320368648 -0.767970876783286 0.518058908313942 -0.118142558432406 0 0 71 0 0 0 0 0 0 0 0 0 0
1 0.902961796644744 0.385392101829552 0.0415018278613298 -1.0949162597574 -0.649861907694627 0.730685286389627 0 0 72 0 0 0 0 0 0 0 0 0 0
1 0.144806150426249 0.817060973414085 -1.05330104070771 -0.0950092992664466 0.75758054236913 -0.235838766872042 0 0 73 0 0 0 0 0 0 0 0 0 0
1 0.328441128552574 -0.522788102861954 0.189286152928808 0.655920535710669 -1.34053724116358 -1.26783581066115 0 0 74 0 0 0 0 0 0 0 0 0 0
1 0.323198737440482 -0.172385194525083 -0.0156039326982283 0.46352923084144 0.132709760073274 -0.53647150346571 0 0 75 0 0 0 0 0 0 0 0 0 0
1 0.29269788013482 -0.0820885179393498 0.286339421247419 0.362635111476871 -1.49822800709288 -0.954677983929927 0 0 76 0 0 0 0 0 0 0 0 0 0
1 0.428601276909882 -0.474255683902708 -0.0447151316294232 0.235384674771795 -1.17341444240254 -0.747720056263227 0 0 77 0 0 0 0 0 0 0 0 0 0
1 0.517390882145448 0.59181955307991 0.535855636349963 0.465192914532968 -0.522508391021805 0.441728067400141 0 0 78 0 0 0 0 0 0 0 0 0 0
1 -0.795733833838057 -0.619781757074515 1.52341324800985 0.463994600032757 0.773936488723419 -0.0469683642549856 0 0 79 0 0 0 0 0 0 0 0 0 0
1 -2.86896044998787 4.57793336049219 -3.85723490186894 0.623545760282175 -0.245232678458665 0.169581366689312 0 0 80 0 0 0 0 0 0 0 0 0 0
1 -0.173786956017295 0.0364547197135401 -0.0964521639062569 0.887119912405868 -0.303051308991645 -1.80537666506411 0 0 81 0 0 0 0 0 0 0 0 0 0
1 0.462425838998163 -0.571553910484019 -1.02602761539 -0.371032752944106 0.624519412338522 -0.447899654376133 0 0 82 0 0 0 0 0 0 0 0 0 0
1 0.420718284971211 -0.4730904706726 0.574273855868865 -2.18419814053552 0.194463543114015 0.570774284598533 0 0 83 0 0 0 0 0 0 0 0 0 0
1 -0.99261194238926 -0.0410192463501503 0.415184859521121 0.404493149706628 -0.594494365428031 -0.625617643991166 0 0 84 0 0 0 0 0 0 0 0 0 0
1 0.186305235732367 0.356313473914064 0.194797101083538 -0.0476017039583278 -0.822677744142243 0.814887367763933 0 0 85 0 0 0 0 0 0 0 0 0 0
1 0.230506216349727 0.574111865690076 -0.638254061186717 0.993839014193393 -1.42690286285528 -0.684597469729121 0 0 86 0 0 0 0 0 0 0 0 0 0
1 0.0284286904156115 -0.0246844907732053 0.0212783038491539 -1.34020839965307 -1.29919319346389 -0.334645517278083 0 0 87 0 0 0 0 0 0 0 0 0 0
1 -0.514945667962419 2.01957968855829 -0.842712111316388 -0.389924878563881 0.456190441708393 0.181640749845478 0 0 88 0 0 0 0 0 0 0 0 0 0
1 0.208938636344522 -0.414338740589444 -0.325021429114983 -2.0309963649516 -0.187183070077741 0.306144079582165 0 0 89 0 0 0 0 0 0 0 0 0 0
1 0.0106826382821342 0.130642271933444 0.389647753984931 -1.13963644415763 -0.759822009236719 -1.81864754110649 0 0 90 0 0 0 0 0 0 0 0 0 0
1 0.946769701780881 0.471195134610227 0.15056195972861 0.66649021581688 -0.523572440722712 0.283398139166279 0 0 91 0 0 0 0 0 0 0 0 0 0
1 -0.0422044084086252 0.414086016699782 -0.481854418377074 1.48652661730955 0.526548418509984 -0.332028489614635 0 0 92 0 0 0 0 0 0 0 0 0 0
1 -0.0066305258583668 1.45310627574911 1.2199362889838 0.134312002960655 0.244998491745092 -0.29325995739245 0 0 93 0 0 0 0 0 0 0 0 0 0
1 -0.759703475586162 0.382885841194039 0.191376403662631 0.841059792367897 -0.241389323841794 1.74341580377254 0 0 94 0 0 0 0 0 0 0 0 0 0
1 0.652238991908851 -3.3864311468296 -0.984240257307526 -0.0988503767114025 -0.531742617774186 0.276885452024987 0 0 95 0 0 0 0 0 0 0 0 0 0
1 1.33040756790283 -1.24682405318094 -0.324962068317316 -0.967923443154036 0.124489514430265 1.019487750751 0 0 96 0 0 0 0 0 0 0 0 0 0
1 -0.973747080430848 -0.268197210028251 0.166002004273704 -0.284175223558781 -0.432134360662256 0.0375190702167724 0 0 97 0 0 0 0 0 0 0 0 0 0
1 -0.999603770147791 0.580314262303911 -0.547087888499609 -0.610821613131774 0.706487187704355 -0.9309174619177 0 0 98 0 0 0 0 0 0 0 0 0 0
1 0.28050862271568 -0.578969333503933 -0.576547350231496 -0.211506768909381 1.77008300464374 0.41554296749927 0 0 99 0 0 0 0 0 0 0 0 0 0
1 -0.293289871052308 -1.09291299201541 1.41308254621164 0.259170154025202 -0.386562289699975 -0.454497719762774 0 0 100 0 0 0 0 0 0 0 0 0 0
1 0.325905198580909 -0.020882342654915 0.387030047372882 -0.229640078866685 -0.801444209458825 0.552500635466044 0 0 101 0 0 0 0 0 0 0 0 0 0
1 0.401741822789225 0.545899867650775 0.583172234495122 0.0944380711534758 0.240799185521451 1.37707993406312 0 0 102 0 0 0 0 0 0 0 0 0 0
1 -0.47919758237556 0.49935822312253 -0.905243728081392 1.59135627900125 0.170493244936378 0.436483299368226 0 0 103 0 0 0 0 0 0 0 0 0 0
1 -0.375993907654516 0.666410664089428 0.497001849134885 0.502499941252358 -0.17504130436471 0.593026646718766 0 0 104 0 0 0 0 0 0 0 0 0 0
1 -0.618207509479349 -0.138191933625655 -0.0661088020186675 0.283912611619217 -0.484444947190644 0.227789354578525 0 0 105 0 0 0 0 0 0 0 0 0 0
1 0.598317970814594 -0.0262215456057961 0.623836240552339 -2.23305902146375 0.324636695537651 0.184598049281552 0 0 106 0 0 0 0 0 0 0 0 0 0
1 -1.06465957758915 -1.02631637306477 0.993272658896218 -0.0755888528460504 0.363866731392006 -0.300294834129595 0 0 107 0 0 0 0 0 0 0 0 0 0
1 0.879665210778975 -0.845980036910192 -0.588575692359743 0.74038448508908 0.936700887616544 0.078966708950361 0 0 108 0 0 0 0 0 0 0 0 0 0
1 1.17932809580118 0.263164036709248 -0.775021459594123 0.0396405617800561 -0.212052349193463 -0.617369211419816 0 0 109 0 0 0 0 0 0 0 0 0 0
1 -0.452155450325387 0.0667115756512168 0.0602699534886001 1.48638048244144 1.77378590336501 -0.485642241739335 0 0 110 0 0 0 0 0 0 0 0 0 0
1 1.05808893824962 -4.12039633299411 -0.737739110152996 0.164240833179366 0.324121222126511 -0.76409964696177 0 0 111 0 0 0 0 0 0 0 0 0 0
1 -0.516898199037443 1.51325503678047 0.721212152006523 0.634379847869319 -1.26647086516787 -0.544872959958504 0 0 112 0 0 0 0 0 0 0 0 0 0
1 0.240488358140419 -0.0325596417781815 0.0532018256364123 0.0384982845720582 2.20251373847224 1.14505863138464 0 0 113 0 0 0 0 0 0 0 0 0 0
1 -0.0818450138406285 -0.18386104093716 -0.0948179171559865 -0.113386080108181 1.08410452539137 -1.24443077675707 0 0 114 0 0 0 0 0 0 0 0 0 0
1 -0.354101916324836 0.362473216505397 -0.100368622125361 0.720833825685056 -0.102955288912825 0.829518769313505 0 0 115 0 0 0 0 0 0 0 0 0 0
1 -0.586432637713347 2.02778419215285 3.74506419310331 0.247302495262717 0.568347226738795 -0.0724976492668527 0 0 116 0 0 0 0 0 0 0 0 0 0
1 1.71391347362652 -3.17081031918637 0.4522497176561 -0.365718437474518 0.00225062265150052 0.176173147895509 0 0 117 0 0 0 0 0 0 0 0 0 0
1 0.638310021477779 0.0937342291035968 -0.844594416959833 -0.887745713493349 0.0951579463695787 0.94124572813167 0 0 118 0 0 0 0 0 0 0 0 0 0
1 0.95498134495968 -1.01211928514832 -2.38099126028346 0.228759124146265 -0.668131171015609 0.186960435461482 0 0 119 0 0 0 0 0 0 0 0 0 0
1 -2.32113343695345 -1.7108631043142 -3.70551487017248 -0.236543426719354 -0.514197264121327 0.593882544996771 0 0 120 0 0 0 0 0 0 0 0 0 0
1 0.829310217545212 0.855558323738387 -0.431127969354983 -0.410457128265479 1.41958027405855 0.22113066179451 0 0 121 0 0 0 0 0 0 0 0 0 0
1 -0.183993388717973 0.397092016219366 -0.0598153002623868 -2.06662314693012 0.321076557196691 0.112554863702152 0 0 122 0 0 0 0 0 0 0 0 0 0
1 1.10470174761792 0.0158081171445299 0.32942761607017 0.0835671154362972 0.621012611705572 -0.541871909495636 0 0 123 0 0 0 0 0 0 0 0 0 0
1 -0.170491849066692 -0.227331708995559 -0.213746620886715 -0.447511476220094 0.673597489280521 -0.841120845904303 0 0 124 0 0 0 0 0 0 0 0 0 0
1 0.026459329771948 -0.500988522499563 -0.990908386331034 -0.472510672734608 -1.0316335977739 0.76829359802319 0 0 125 0 0 0 0 0 0 0 0 0 0
1 -0.60005491019738 0.736835655606115 -0.423770495587927 -0.331406188183658 0.085376787349157 0.546743715930442 0 0 126 0 0 0 0 0 0 0 0 0 0
1 -0.486143933513527 1.09652887005876 0.400785753823291 1.18621291996241 0.301050154000362 -0.159176559194423 0 0 127 0 0 0 0 0 0 0 0 0 0
1 -0.104260222197673 -0.163138399566832 0.564242775584746 -0.344742092303545 -0.287249223072586 1.56298719747977 0 0 128 0 0 0 0 0 0 0 0 0 0
1 0.0297823282257183 0.0270962911306354 -0.252102644915147 -0.384557706893579 -0.153649279939124 -1.32704023971742 0 0 129 0 0 0 0 0 0 0 0 0 0
1 -1.77911522439366 2.4084024129189 0.290691136860019 0.491338826305162 -0.329009318284732 -0.790173651591627 0 0 130 0 0 0 0 0 0 0 0 0 0
1 -0.17295579845333 0.476499268806848 0.498633134169746 -0.469406776217427 -0.0691983435213702 -0.0611183550820403 0 0 131 0 0 0 0 0 0 0 0 0 0
1 0.572843123517502 -0.248263213971925 0.309648259994992 1.08298611574696 0.688797983344001 0.959409364620173 0 0 132 0 0 0 0 0 0 0 0 0 0
1 0.727171667779175 -0.379804936332048 -0.192389940352101 -0.847814123664717 -0.444610355699808 0.460842806773058 0 0 133 0 0 0 0 0 0 0 0 0 0
1 0.783575064960203 -1.69705539211981 0.535814815224404 -0.201569606962981 0.180219112474151 0.272652237412761 0 0 134 0 0 0 0 0 0 0 0 0 0
1 0.418430965283397 -0.0773015477203057 0.0877299841657169 0.637931887297808 0.567544857180105 -0.395237756851564 0 0 135 0 0 0 0 0 0 0 0 0 0
1 -0.204737698624764 -0.228903375300102 0.317824618680245 0.517456563601084 0.282008777580813 -0.620309404182555 0 0 136 0 0 0 0 0 0 0 0 0 0
1 1.05181604463426 0.0903856359492377 0.370408826033674 -0.660790989270868 -0.147945945398044 1.32769842907228 0 0 137 0 0 0 0 0 0 0 0 0 0
1 1.03458508329482 0.886477387689881 -0.418148976460001 1.10031467128285 -0.495096949564489 -0.538637520760238 0 0 138 0 0 0 0 0 0 0 0 0 0
1 -0.330084698848999 -0.194498820653734 -0.112037269637113 0.484906719002188 -1.31974685135514 -1.15136686609863 0 0 139 0 0 0 0 0 0 0 0 0 0
1 0.403196583157368 -0.0789236099905759 -0.289005596381153 1.55136607870214 -0.0494064725824678 1.61604381450666 0 0 140 0 0 0 0 0 0 0 0 0 0
1 0.2723924393185 -0.0930863878384242 0.0758381344960763 0.193172661516712 -0.331740808924686 1.07630680871828 0 0 141 0 0 0 0 0 0 0 0 0 0
1 0.199428787265596 0.155465903706947 -0.212089621451194 -0.947129375576751 -1.15407229537099 1.01015187767145 0 0 142 0 0 0 0 0 0 0 0 0 0
1 -0.0660075844969691 -0.702402230944644 0.161283769662044 0.377451973152086 0.1584347203623 0.661589411129999 0 0 143 0 0 0 0 0 0 0 0 0 0
1 -0.686696932214763 0.4709201684239 -0.479034133869768 0.3812980378688 -1.18594096074598 0.77801609560402 0 0 144 0 0 0 0 0 0 0 0 0 0
1 -0.371185199092357 -1.74192200709104 -1.72223731953461 0.885348512136625 0.11772438673837 0.347856951038228 0 0 145 0 0 0 0 0 0 0 0 0 0
1 0.326762546570982 -0.32009166722712 0.0041550198498934 0.293606500001436 -1.1994656217363 0.989487849716156 0 0 146 0 0 0 0 0 0 0 0 0 0
1 1.00392405084395 -0.622617315327932 -0.817149523320154 0.200663605538861 0.878401691862461 0.326437162489592 0 0 147 0 0 0 0 0 0 0 0 0 0
1 -0.3572473433283 -0.379205321267849 -0.105334668172116 -0.345438181508325 1.20115818279588 0.906967492790261 0 0 148 0 0 0 0 0 0 0 0 0 0
1 0.0860996110377239 -0.443410375736129 0.402978395495479 0.921344311769134 -0.161701069285487 1.12040827296631 0 0 149 0 0 0 0 0 0 0 0 0 0
1 -0.0237780927400235 -0.0741409706292537 0.0492533563063428 0.527586467878635 1.76363484305551 -1.39966455741056 0 0 150 0 0 0 0 0 0 0 0 0 0
1 1.13770616523541 -0.612685898872593 -0.183948144817105 -0.45831233442182 -0.169189153246293 -0.598576795548362 0 0 151 0 0 0 0 0 0 0 0 0 0
1 0.0013672450773182 0.22496028737809 -0.159372226676684 0.692926771571957 1.4016386720152 -0.721667640785857 0 0 152 0 0 0 0 0 0 0 0 0 0
1 0.179195597648527 0.321917808024183 0.14743616572863 1.57067118694919 -0.955926307160098 0.511855976765454 0 0 153 0 0 0 0 0 0 0 0 0 0
1 -0.175942113525431 -0.678237303991894 -0.75689298607548 0.645142468005185 -1.51429882828142 0.319633868859435 0 0 154 0 0 0 0 0 0 0 0 0 0
1 -0.84780447074854 -0.209998695690942 0.875237459117328 -0.201221286657448 0.103729789655042 -0.066386825303054 0 0 155 0 0 0 0 0 0 0 0 0 0
1 0.408376091512854 0.345285323269132 -0.61850734481519 -0.743647935540869 0.935970343040963 -0.0876420352590746 0 0 156 0 0 0 0 0 0 0 0 0 0
1 0.37317751662902 -0.0785543724827327 -1.06183956821114 0.109323840980378 0.0914189929321151 0.793486294375223 0 0 157 0 0 0 0 0 0 0 0 0 0
1 -0.184043709168733 -0.110264343591744 -0.271441116002655 0.717680364796376 -1.98022518692581 0.544914064517327 0 0 158 0 0 0 0 0 0 0 0 0 0
1 0.479319415518191 1.22766774442239 -1.564052730854 0.869047912449286 0.839400683593067 0.456765307522519 0 0 159 0 0 0 0 0 0 0 0 0 0
1 -0.15893949451197 -0.519241044319626 0.283046601235264 0.0116801808130359 1.09864070073205 -1.02813702389079 0 0 160 0 0 0 0 0 0 0 0 0 0
1 0.0887193471489669 -0.391456928931462 -2.29319598420419 -0.272578278117991 -0.319006889337111 0.526902194433663 0 0 161 0 0 0 0 0 0 0 0 0 0
1 -0.0577839013077237 -0.677190780644508 1.34764102813867 0.0174826825292198 -0.106963053638347 1.28686915530781 0 0 162 0 0 0 0 0 0 0 0 0 0
1 0.0783125608950166 0.170739276079244 0.0390484187989263 2.50301995433361 -0.0678448507764672 0.457261312293177 0 0 163 0 0 0 0 0 0 0 0 0 0
1 0.469761183891216 0.197401600770052 1.01301805198307 0.606522074145266 -0.753009937698016 0.253853648111245 0 0 164 0 0 0 0 0 0 0 0 0 0
1 -0.322927313538218 0.223090481152627 -0.511615359777311 0.256293573143838 0.925331145881803 0.385337663048861 0 0 165 0 0 0 0 0 0 0 0 0 0
1 -0.213097569165685 0.363458571652972 -0.48696390268787 0.708453007456132 -0.127837460203026 -0.833157837632079 0 0 166 0 0 0 0 0 0 0 0 0 0
1 -0.701413557628805 0.607725072949095 -0.745274430143643 0.196728730169681 -1.31983223419192 0.318746523795249 0 0 167 0 0 0 0 0 0 0 0 0 0
1 0.5818841353666 -0.651817424604017 0.395039784399297 -0.593729360798357 -0.073739095081453 -0.945760888867811 0 0 168 0 0 0 0 0 0 0 0 0 0
1 0.45866279895303 0.216024047463216 0.452089702823917 0.216726856466753 0.731345004017264 0.167408862780601 0 0 169 0 0 0 0 0 0 0 0 0 0
1 -0.183538299674091 0.86531123364392 0.692406639597195 0.874912255345743 -0.837084138718765 0.984133906802131 0 0 170 0 0 0 0 0 0 0 0 0 0
1 0.284799712560041 -1.66584161912722 1.16228325670537 0.236503688847272 0.0676517173514672 0.43542493773938 0 0 171 0 0 0 0 0 0 0 0 0 0
1 0.0729310850756668 -0.518438184127534 0.56892743134789 -0.78088287683035 -1.57096003636948 0.899260994788215 0 0 172 0 0 0 0 0 0 0 0 0 0
1 0.736593566718391 0.384355474137058 -0.752194202971591 0.511864614862518 -0.316943932947997 1.56805126125585 0 0 173 0 0 0 0 0 0 0 0 0 0
1 1.30824678865358 -2.44726333614776 0.274113265009076 0.837431796668119 -0.257502455105156 -0.533766714234711 0 0 174 0 0 0 0 0 0 0 0 0 0
1 -1.17800591115505 4.59335549404115 0.78227297506728 -0.369668456813991 -0.558113851343222 -0.082909125532787 0 0 175 0 0 0 0 0 0 0 0 0 0
1 0.321424974383696 -0.198728262304408 0.686022679818908 -0.38316705991174 0.0833052133815442 -1.22473941099788 0 0 176 0 0 0 0 0 0 0 0 0 0
1 -0.0670420191490474 -0.570756611888193 0.534422195271856 0.866110104744083 1.28724229888584 0.153817193966597 0 0 177 0 0 0 0 0 0 0 0 0 0
1 0.793304576829689 -0.718415762683118 -0.0308914863942452 0.459393337968685 0.40466805915034 -0.187770620197097 0 0 178 0 0 0 0 0 0 0 0 0 0
1 -0.180770008299839 -0.161176126373954 0.67925100529835 0.871024171917052 -1.63528729943957 -0.815676535862973 0 0 179 0 0 0 0 0 0 0 0 0 0
1 0.0680242937730835 -0.190436683772448 0.25025884004939 -0.766814580865398 -0.126056549055148 -0.429321230682234 0 0 180 0 0 0 0 0 0 0 0 0 0
1 0.0956607168758726 0.301394065852061 -0.20657405438764 0.734501303710844 -1.16207784350567 -0.369459305361605 0 0 181 0 0 0 0 0 0 0 0 0 0
1 -1.06068484877235 -0.591694468791465 1.00707756350692 0.855239405181594 -0.740921042975623 -0.84529130740934 0 0 182 0 0 0 0 0 0 0 0 0 0
1 0.191179516505748 -0.0257538863500675 0.157455742927032 -0.140268573961124 1.19302949684022 -0.00128266211012685 0 0 183 0 0 0 0 0 0 0 0 0 0
1 -0.788605087199907 -1.41030143495579 -0.105686073604868 -0.895902509581675 -0.432083623941655 0.33297865864328 0 0 184 0 0 0 0 0 0 0 0 0 0
1 1.45705402060117 0.152370463150579 0.926970844612772 0.553082313653103 -0.299699225026178 0.625192864070433 0 0 185 0 0 0 0 0 0 0 0 0 0
1 -0.02317051142608 -0.568713752344282 -0.15743109171271 -0.297350239432011 0.38434995911323 2.31640564996777 0 0 186 0 0 0 0 0 0 0 0 0 0
1 1.17226853189343 0.407284249954767 -3.16012484406525 0.828569341261799 -0.259511851530831 -0.193223824575922 0 0 187 0 0 0 0 0 0 0 0 0 0
1 0.487252161468652 -1.11682210596151 -1.26539362660231 -0.238912520818463 0.125908579524416 -0.0329292812074906 0 0 188 0 0 0 0 0 0 0 0 0 0
1 -0.936007417266287 0.0833365350719315 0.623540169739239 -0.13591685505527 1.3322853085865 0.805877193255583 0 0 189 0 0 0 0 0 0 0 0 0 0
1 0.292689349264968 0.141932500188103 0.677602080974283 -0.399304393670682 0.396787808812874 -0.0726635234776338 0 0 190 0 0 0 0 0 0 0 0 0 0
1 0.671377422117257 -0.446054099078113 0.339705064869802 0.977507871889281 -1.56904919887849 1.13568846043809 0 0 191 0 0 0 0 0 0 0 0 0 0
1 -0.593739764401576 0.429742850576889 0.525634789134507 -0.205479993981012 0.429142483855309 1.15739187732955 0 0 192 0 0 0 0 0 0 0 0 0 0
1 1.58264264203564 0.726623565878116 -0.0946554479851829 -0.314078909054517 -0.254164807069242 1.51571490320748 0 0 193 0 0 0 0 0 0 0 0 0 0
1 -1.18522662452649 0.374163504709689 -0.871170144108573 0.199161678332265 -0.222750770718864 1.07602019742414 0 0 194 0 0 0 0 0 0 0 0 0 0
1 1.3875478810296 0.363704184675312 -0.709965295887173 0.687711770963283 -0.234483827179561 -0.684079453468899 0 0 195 0 0 0 0 0 0 0 0 0 0
1 0.0814515189108733 -0.178631163946275 1.49805912444713 0.398225466761441 -0.912589379940099 0.0710527457736968 0 0 196 0 0 0 0 0 0 0 0 0 0
1 -0.188629445079155 1.67679072700688 0.224755645161341 -0.269487927429789 -0.220821726286608 -0.190480100905278 0 0 197 0 0 0 0 0 0 0 0 0 0
1 0.372328510694383 0.304928810374292 0.165235783202971 -0.523395107744112 -0.241996849592127 -0.655052661904261 0 0 198 0 0 0 0 0 0 0 0 0 0
1 0.328926875134257 -0.639957160573415 -0.157828093895428 0.290905144341903 0.486738007905075 0.134725204387051 0 0 199 0 0 0 0 0 0 0 0 0 0
1 0.534771694830843 0.635331563785714 -0.400225193187575 -0.512680189354282 -0.79174930494018 -0.683178229169218 0 0 200 0 0 0 0 0 0 0 0 0 0
1 1.65993924819657 -0.626553163513822 -0.762848377774511 -0.0191596020098767 -0.401802833061964 0.297711706237537 0 0 201 0 0 0 0 0 0 0 0 0 0
1 -0.840813213366913 0.134829269596726 0.511642144170729 -1.58245760083043 -0.226931440302252 0.387032447462308 0 0 202 0 0 0 0 0 0 0 0 0 0
1 0.126969666281867 0.403089440239283 -0.165048324042562 -1.77467211082412 1.36922512222759 -0.936593757322331 0 0 203 0 0 0 0 0 0 0 0 0 0
1 -0.886162039185501 0.568244671512044 -0.838067480808426 0.353691050130948 -0.317095498735007 -0.64519611102753 0 0 204 0 0 0 0 0 0 0 0 0 0
1 -0.591725092607134 0.340770936701628 -0.716878363046215 1.37402632860085 0.239562768377647 0.999891514937491 0 0 205 0 0 0 0 0 0 0 0 0 0
1 -0.211243812038379 0.119080896653115 0.465127050768569 -1.71276086132537 -0.953417067174723 0.266825025546375 0 0 206 0 0 0 0 0 0 0 0 0 0
1 1.18269079601917 -1.63850011365174 -0.624598745004855 -0.294158483092372 0.488822789656502 -1.64542493549608 0 0 207 0 0 0 0 0 0 0 0 0 0
1 0.952116686260106 0.186289410767401 -0.0951851223418868 0.630358239971487 0.208707890215969 -0.808280663662611 0 0 208 0 0 0 0 0 0 0 0 0 0
1 0.0023656886604364 -0.302435640877464 0.438182912482652 -0.447838975931401 -0.538097892123137 -0.359954862630805 0 0 209 0 0 0 0 0 0 0 0 0 0
1 0.0542802419468884 -0.250368845170278 0.235546962221605 0.159349545107361 -1.5752236856911 2.18651325775551 0 0 210 0 0 0 0 0 0 0 0 0 0
1 0.147074752053257 0.122515390233024 0.192409809278324 -0.210650353265848 -0.637403309537786 -1.20898940429998 0 0 211 0 0 0 0 0 0 0 0 0 0
1 0.26287623827712 0.154417435377692 0.0619916553918282 0.588689832501157 -0.192131485492817 -0.637395365019479 0 0 212 0 0 0 0 0 0 0 0 0 0
1 0.251278279445919 -0.0910443910085201 -0.2062362463455 -0.554085342660166 0.61892930271982 1.46158425383442 0 0 213 0 0 0 0 0 0 0 0 0 0
1 -0.179002098585425 0.0455381273390256 0.138216474424513 0.224842966907263 0.280178040557162 -0.163347781656822 0 0 214 0 0 0 0 0 0 0 0 0 0
1 0.37275331944596 -0.0236283850477463 0.365876265524884 -0.0602300940945628 0.15713447976153 0.826138403433087 0 0 215 0 0 0 0 0 0 0 0 0 0
1 -0.199499993830984 0.359824219740287 1.62801478576652 0.196858171009716 -1.39738582013607 -0.0419134324420088 0 0 216 0 0 0 0 0 0 0 0 0 0
1 0.312970800687638 -0.815243464040737 0.143801684847485 1.18559229413968 -0.53958560125266 -0.792023165751324 0 0 217 0 0 0 0 0 0 0 0 0 0
1 -3.95118311406296 -4.71257795219752 0.523554150666316 -0.365639412922379 -0.172798422635432 0.0968492355645693 0 0 218 0 0 0 0 0 0 0 0 0 0
1 -0.942629187749231 0.109635674661797 -1.06033492219746 0.422862593471368 -0.644591510255946 0.697808706100747 0 0 219 0 0 0 0 0 0 0 0 0 0
1 -0.028217246374562 0.370943732576255 -0.159116827739975 0.698861515521247 -0.0467838446133587 -1.21419736923239 0 0 220 0 0 0 0 0 0 0 0 0 0
1 -0.760569095663454 0.333490283663759 0.186860819314818 0.172459658403895 0.161620404788012 0.886583320537999 0 0 221 0 0 0 0 0 0 0 0 0 0
1 -0.412486063446648 -0.820845631596434 -0.643521654293248 -0.833063618416068 0.588804376630883 1.07467499114944 0 0 222 0 0 0 0 0 0 0 0 0 0
1 -0.103045303368328 1.19072202436028 -1.07437635798272 0.48533059119385 1.10186888085782 -0.0691751227673049 0 0 223 0 0 0 0 0 0 0 0 0 0
1 0.411208598610337 0.417386172978274 -0.653532187656301 -0.507026229977391 1.0410821123775 1.61536306757124 0 0 224 0 0 0 0 0 0 0 0 0 0
1 -0.596762735957631 -0.875670157351707 0.78513870383003 -0.00229990138534437 -0.776904471668921 -0.0206801710845872 0 0 225 0 0 0 0 0 0 0 0 0 0
1 -0.108134083944341 3.57819509330777 3.59562866430049 -0.929522040708823 -0.239064482126578 0.0925013526199629 0 0 226 0 0 0 0 0 0 0 0 0 0
1 -0.260693687065372 -1.21666627488139 -0.0449612700150736 -0.507321281753629 0.00370964717609971 -0.813987932647558 0 0 227 0 0 0 0 0 0 0 0 0 0
1 -0.380504410258276 0.130246582132332 -0.517421568442284 -0.267879505799772 0.49389301540497 -0.216495441247534 0 0 228 0 0 0 0 0 0 0 0 0 0
1 -0.965298258494205 0.880745945169818 -0.0139974574369153 -1.44290822322697 0.329133185848866 -0.0510193472621785 0 0 229 0 0 0 0 0 0 0 0 0 0
1 0.559383260718242 -0.0505547031142635 -0.85721052071883 0.222816260063862 -0.0258043904545897 -1.15822482400426 0 0 230 0 0 0 0 0 0 0 0 0 0
1 -0.266551630332472 1.23847228382695 1.07719001033797 0.0903510874278511 -0.541620115759898 -0.0802700455589114 0 0 231 0 0 0 0 0 0 0 0 0 0
1 0.564544343540234 0.883907186824452 0.363233553875497 -0.347679214851864 0.416598547612523 0.947990595968761 0 0 232 0 0 0 0 0 0 0 0 0 0
1 -0.510560148558523 1.21855915842148 -0.270715336342515 0.267795850968451 0.242595487476734 -1.20743364079643 0 0 233 0 0 0 0 0 0 0 0 0 0
1 0.489536597459237 -0.627304724825675 0.160457538268916 0.564083642344548 0.971463842121225 1.17937681790209 0 0 234 0 0 0 0 0 0 0 0 0 0
1 0.384872459366575 0.514167922331724 0.0352867995151956 0.0912077226228025 0.48688047554752 1.09878115383091 0 0 235 0 0 0 0 0 0 0 0 0 0
1 -0.465966120917893 -0.451438487940086 0.332279671176304 0.831311115684387 -0.365221212348087 -0.546402225054084 0 0 236 0 0 0 0 0 0 0 0 0 0
1 0.0111297174201145 -0.246687176175589 0.0003628444093794 1.79569163528124 -1.63558359463295 -0.164496228751492 0 0 237 0 0 0 0 0 0 0 0 0 0
1 -4.41723711498366 -0.620544036967011 -1.1008469959356 -0.48203063552713 0.50218055717692 -0.047417055709579 0 0 238 0 0 0 0 0 0 0 0 0 0
1 0.553815351137374 -1.10690798053978 1.27375031421808 0.287100019910203 -0.627236443365387 0.224747847588901 0 0 239 0 0 0 0 0 0 0 0 0 0
1 2.34163254187935 -0.606696519877895 -0.124778486350777 -0.133345882642796 -0.106628224695844 -0.00305192258196538 0 0 240 0 0 0 0 0 0 0 0 0 0
1 -1.28095900008828 0.0546957933790613 0.0804008821664469 0.635109305201338 -0.694677677508659 1.13701602423517 0 0 241 0 0 0 0 0 0 0 0 0 0
1 -0.794020633418667 0.0265222661552485 0.484195653524512 0.109565377531512 -0.464824223095276 0.0358080737589529 0 0 242 0 0 0 0 0 0 0 0 0 0
1 -0.230556099192066 -0.618879772902978 -0.286668009717552 0.737942597422288 -0.156113794512054 -0.672342124022973 0 0 243 0 0 0 0 0 0 0 0 0 0
1 0.127896176156808 -0.599265718556021 -0.0983485282090965 1.28458489929111 0.245961010824478 -0.500007452012718 0 0 244 0 0 0 0 0 0 0 0 0 0
1 1.33026389549496 -0.328585655069576 -1.01568015294783 0.604579296658096 -0.067365468368885 0.492994122955982 0 0 245 0 0 0 0 0 0 0 0 0 0
1 -0.0872332921758856 -1.22354609490953 0.586603205873027 -1.21364115307269 0.0188615855102262 -0.0388943624414024 0 0 246 0 0 0 0 0 0 0 0 0 0
1 -0.100451351914488 -0.271051428183321 -0.0098964443965073 -1.26592904027396 0.608883791447602 1.24308898374821 0 0 247 0 0 0 0 0 0 0 0 0 0
1 0.0827467475311167 0.0557085457182598 -0.249555700547175 -0.105579026253492 -0.0771053982402889 1.03749192796678 0 0 248 0 0 0 0 0 0 0 0 0 0
1 -0.647525389498391 0.406163439035844 -0.894946932482578 -0.44840168927221 1.2956218902673 0.0434641608347669 0 0 249 0 0 0 0 0 0 0 0 0 0
1 0.448797252454019 -3.61761312002066 -2.57951699019281 0.533860146310177 0.285269903561488 -0.235153657063119 0 0 250 0 0 0 0 0 0 0 0 0 0
1 -0.164867441398105 -0.561883747411749 -0.240571116681443 -0.266619929082638 1.35321882623501 -0.533067568582689 0 0 251 0 0 0 0 0 0 0 0 0 0
1 -0.107989317481535 0.206605931867997 0.0248278856088442 1.03535103590929 2.02391706074115 0.650720797000382 0 0 252 0 0 0 0 0 0 0 0 0 0
1 0.251184052504092 0.407123452448893 0.535394439565215 0.758108950795895 0.1271324516646 -1.50356663712795 0 0 253 0 0 0 0 0 0 0 0 0 0
1 0.530747142934365 1.64363247219399 -0.211286759514323 1.38618611953241 -0.540219777532298 0.62213544493 0 0 254 0 0 0 0 0 0 0 0 0 0
1 -3.24472972940961 -1.99999461593657 2.10669311777436 -0.434439108909005 -0.0559054749361511 0.922144023102802 0 0 255 0 0 0 0 0 0 0 0 0 0
1 -0.0974893054595889 1.04745255906665 0.276689494385489 -0.324451808786336 0.50474809628043 -0.147258636852601 0 0 256 0 0 0 0 0 0 0 0 0 0
1 2.03669039642547 0.676159016470197 -0.862947185815054 -0.443957366350578 0.0270875908996529 -0.707652366706151 0 0 257 0 0 0 0 0 0 0 0 0 0
1 1.00384798233414 -0.649620824504879 0.135206910186575 1.71478498668303 0.706881102270907 0.621402987097941 0 0 258 0 0 0 0 0 0 0 0 0 0
1 0.35386962190541 -0.2279301005511 -1.2282111258511 0.241592433109951 -0.885513576083657 0.720375883050619 0 0 259 0 0 0 0 0 0 0 0 0 0
1 0.157073927095727 0.465452402315941 -0.844785720962061 1.62644752342784 -0.0379037976552226 -0.595804920801673 0 0 260 0 0 0 0 0 0 0 0 0 0
1 0.134114384958514 -0.152617012625732 -0.148533300533534 -0.613179585046324 -0.406106052297429 -1.07390652877307 0 0 261 0 0 0 0 0 0 0 0 0 0
1 -0.55659944108282 0.442157416176102 -0.1942311767643 0.46607571278899 -1.23494153180707 -0.0895375942189363 0 0 262 0 0 0 0 0 0 0 0 0 0
1 0.73243270551897 2.07515674607937 0.827887601660272 -0.202144752122747 -0.464474342700936 0.455365603407125 0 0 263 0 0 0 0 0 0 0 0 0 0
1 0.0355544228361918 -0.662064992251883 0.510933302484472 0.629016114725456 -0.918851596027065 0.394893701528881 0 0 264 0 0 0 0 0 0 0 0 0 0
1 -9.84288127288206 1.8800287072841 -4.4822336432484 0.210129621820421 -0.522639286545764 -0.0198856249805007 0 0 265 0 0 0 0 0 0 0 0 0 0
1 -0.0974777205265105 -0.429388269748275 1.43869476418162 -1.03834525650087 1.29830254953351 0.0789757936252333 0 0 266 0 0 0 0 0 0 0 0 0 0
1 0.218081409439341 0.206280789127417 -0.256980304669876 0.538474510834464 1.75649039001801 -1.93772778221395 0 0 267 0 0 0 0 0 0 0 0 0 0
1 -2.39001922938548 -0.0528343106897603 -2.9524272815519 0.370438740311379 0.461695164084346 -0.219711196813529 0 0 268 0 0 0 0 0 0 0 0 0 0
1 -0.786423794656592 -3.28245148668051 -0.218446144495956 -0.124063976026507 -0.151134762299776 -0.352485124621531 0 0 269 0 0 0 0 0 0 0 0 0 0
1 0.597248743435078 -0.615184479199064 0.310251153385888 0.695270917643726 0.123085402394783 1.44734726864155 0 0 270 0 0 0 0 0 0 0 0 0 0
1 -1.02531139528185 2.62305220714293 1.56522413755551 0.387231553558521 -0.28150256001379 0.0014265382625056 0 0 271 0 0 0 0 0 0 0 0 0 0
1 0.255357859738682 0.879556144096024 0.662080513166572 1.39148346733822 -0.385161478892616 -0.299028668817993 0 0 272 0 0 0 0 0 0 0 0 0 0
1 -0.341480455153993 0.304798549108257 -0.12274240071782 1.68060945407574 -0.669027088332363 0.814458270036924 0 0 273 0 0 0 0 0 0 0 0 0 0
1 0.705939781186534 0.0670206037048099 0.712853182904393 0.346327826559403 0.64560677495242 0.850082808409258 0 0 274 0 0 0 0 0 0 0 0 0 0
1 2.38797408436702 0.358034514676472 -3.89116917337425 -0.206927601664489 0.264296799633844 0.565772175473053 0 0 275 0 0 0 0 0 0 0 0 0 0
1 0.226737437939027 -0.0225493142087093 -0.279257686193272 -0.907220353447602 0.205575154819346 -1.57513515649493 0 0 276 0 0 0 0 0 0 0 0 0 0
1 -7.94073739364801 -1.51540486746358 -2.49635430005684 -0.347830079925925 0.278777040537648 -0.186491714986014 0 0 277 0 0 0 0 0 0 0 0 0 0
1 0.432879426299036 0.153763688662957 -0.440969405217013 -0.0562605666438935 0.591288770122451 0.564097451603954 0 0 278 0 0 0 0 0 0 0 0 0 0
1 -0.926136936269532 0.0877550125075499 -2.51660113317584 0.230797366295279 -0.223502646457244 0.86105457163869 0 0 279 0 0 0 0 0 0 0 0 0 0
1 -0.167243360876698 0.110135411336264 -1.05707535889399 0.882161251253089 1.13561535555945 0.790411410275663 0 0 280 0 0 0 0 0 0 0 0 0 0
1 0.0014719788734151 -0.195382356950761 0.200389097242804 -0.832255169601535 0.679164229739682 -0.00886039223244152 0 0 281 0 0 0 0 0 0 0 0 0 0
1 1.61043997325445 0.89514359401746 0.314712370992517 -0.360401165480539 -1.4219059177244 0.281499465710035 0 0 282 0 0 0 0 0 0 0 0 0 0
1 -2.78707595203409 1.68962805616945 0.188735858768519 -0.0889200867131305 -0.181384573765305 -0.169592260362551 0 0 283 0 0 0 0 0 0 0 0 0 0
1 0.348087934633891 1.80622963643374 -0.63278893989536 -0.154624124042048 0.583391113229258 -0.744997340311865 0 0 284 0 0 0 0 0 0 0 0 0 0
1 -0.152372259641597 -0.469864699352822 -0.514655424725067 0.00849405857572397 -0.513601307321828 0.228072913973376 0 0 285 0 0 0 0 0 0 0 0 0 0
1 -0.295706371489807 -0.12168542412911 0.749332925389685 0.322719947569202 0.314912201806382 0.390107318012796 0 0 286 0 0 0 0 0 0 0 0 0 0
1 -0.631775400650113 -2.06891984496506 0.159530414241709 0.379959987232244 -0.250854487946949 -0.905190612558068 0 0 287 0 0 0 0 0 0 0 0 0 0
1 0.142132103913111 -1.16296096676966 -0.195812598788656 1.34110049862072 -0.0292246141946215 0.621080799125499 0 0 288 0 0 0 0 0 0 0 0 0 0
1 0.0803296048889325 -1.41912782556006 -0.38581396137793 0.7213848691543 0.240519133640632 0.698341298466331 0 0 289 0 0 0 0 0 0 0 0 0 0
1 -2.87215364347976 -0.959789167476659 -3.10706306894838 0.416875325441582 0.220068663735221 -0.6947657192155 0 0 290 0 0 0 0 0 0 0 0 0 0
1 0.281561024347895 0.0477571221164933 -0.0927067028306986 0.767211822554748 0.20500881633198 -0.58156303725878 0 0 291 0 0 0 0 0 0 0 0 0 0
1 1.0063740725576 -0.132173388068862 0.0726670606640543 0.452096356920364 -0.837432131029295 0.242370050227711 0 0 292 0 0 0 0 0 0 0 0 0 0
1 1.44024333609771 0.148549466190595 -0.458931504389642 -0.116732943872294 0.00707670304711328 -0.582758381273117 0 0 293 0 0 0 0 0 0 0 0 0 0
1 0.451233001132362 0.440936948502573 -0.781639392567824 0.412438964407663 -0.402864439159379 -1.06211949312586 0 0 294 0 0 0 0 0 0 0 0 0 0
1 -1.03576146701585 -0.306321681228696 1.1306912562496 -0.685816848190031 0.204230915395289 0.857411252270217 0 0 295 0 0 0 0 0 0 0 0 0 0
1 -0.219527318325178 0.831325643783209 0.225724620115473 -0.63217510910191 -0.994477653214059 0.873937105885768 0 0 296 0 0 0 0 0 0 0 0 0 0
1 0.63085580652248 0.492682107552216 0.24203968563304 -0.383943366017206 0.767508477481515 1.52625794277685 0 0 297 0 0 0 0 0 0 0 0 0 0
1 -0.738793614597758 0.252861578839214 0.362644014841871 -0.53432039964261 -1.17828891883167 -1.20675036354423 0 0 298 0 0 0 0 0 0 0 0 0 0
1 -0.0542201103126898 0.66390770161316 0.251065263900748 -1.16706223031553 -0.670938625687117 -0.0865293456972373 0 0 299 0 0 0 0 0 0 0 0 0 0
1 -0.531117784777935 -1.04254096854448 -0.739633103571649 -1.72245755556042 0.470528128683859 0.334295561863225 0 0 300 0 0 0 0 0 0 0 0 0 0
1 -0.304714100257581 -0.382132498246149 -0.240036169549598 0.530118177458732 0.116178878388921 -1.69003991826072 0 0 301 0 0 0 0 0 0 0 0 0 0
1 -0.0653092434766986 0.173855143723513 0.815958269786013 0.143800900462443 0.298493733803087 -0.557943093351024 0 0 302 0 0 0 0 0 0 0 0 0 0
1 -8.90580244104737 -1.57200628364247 -5.41619365965127 -0.317754174584213 -0.122903609291664 -0.142120630153282 0 0 303 0 0 0 0 0 0 0 0 0 0
1 -0.30130486476031 -0.805488459905727 0.318804944612546 -0.654036620809766 -1.01626475220015 -0.212901434904654 0 0 304 0 0 0 0 0 0 0 0 0 0
1 -1.45939707943829 -0.293044062753131 -1.009909859111 -0.513390221334666 -0.544854839097875 -0.968829659658426 0 0 305 0 0 0 0 0 0 0 0 0 0
1 0.283582444820179 -1.13105248099504 -0.786797542319221 0.498418187301585 -0.30804220326122 0.104937106134263 0 0 306 0 0 0 0 0 0 0 0 0 0
1 -0.239022879162724 0.221244510437875 0.498363494901235 1.30891154535873 -0.864316682639463 -0.563756369895751 0 0 307 0 0 0 0 0 0 0 0 0 0
1 -2.94133529315454 0.472036349637168 0.946385543567694 0.0646148449782428 0.282359099655476 0.764532285638576 0 0 308 0 0 0 0 0 0 0 0 0 0
1 0.370567117267844 -0.0889194055805043 -1.57004891334516 0.166664130924752 0.522702790747929 -0.733454352224055 0 0 309 0 0 0 0 0 0 0 0 0 0
1 -0.86593481865661 1.1926906677158 -0.152317100850859 -0.272774733125925 1.83168735268016 0.368677422848048 0 0 310 0 0 0 0 0 0 0 0 0 0
1 0.175847388373614 -0.348420907076203 0.160943442862722 0.164956822116704 -0.483379474568603 -0.82868324364473 0 0 311 0 0 0 0 0 0 0 0 0 0
1 0.316829163995084 0.314052224041599 1.0083479254228 -0.423704767091403 0.11003421646647 -0.265624482419737 0 0 312 0 0 0 0 0 0 0 0 0 0
1 0.0087069619939601 0.161998412807774 0.169265023963142 0.103121598810931 0.791158558134444 0.332201597299404 0 0 313 0 0 0 0 0 0 0 0 0 0
1 -1.32565507607743 -0.36108402131805 0.506802213129156 -0.024303967868708 0.0606583090955212 -0.85855957133331 0 0 314 0 0 0 0 0 0 0 0 0 0
1 0.383563138414595 -0.0243646330924658 -0.49688126829765 0.828516528117505 -1.03654512694764 1.15353266908481 0 0 315 0 0 0 0 0 0 0 0 0 0
1 0.487459175203213 -0.995338002668627 0.358251294837849 -1.20971328410603 0.0384630027866854 -0.790718770217433 0 0 316 0 0 0 0 0 0 0 0 0 0
1 -0.16126228028247 -0.648195848654452 0.348407888189637 -0.670347222736098 0.554045664819118 1.52596719462896 0 0 317 0 0 0 0 0 0 0 0 0 0
1 0.459016378772202 1.27894370201376 1.50877559462893 -0.0341864930678163 -0.0390760704613756 0.0626693071975088 0 0 318 0 0 0 0 0 0 0 0 0 0
1 0.0446251905901996 -0.171777286491542 -0.325908563343437 0.720489012305608 1.49387365789461 -0.3039738468533 0 0 319 0 0 0 0 0 0 0 0 0 0
1 2.29018071814347 0.411506454562968 0.676681272036236 -0.796610330695416 -0.0827886357039239 0.214779765090395 0 0 320 0 0 0 0 0 0 0 0 0 0
1 -0.281302446204724 -0.181980898218987 0.402552068086687 -0.230178367377128 -0.412144122115066 0.21530132272699 0 0 321 0 0 0 0 0 0 0 0 0 0
1 0.690080106659824 2.04851161566199 0.155878617978836 0.594823087514561 0.438794863126617 0.774631443382617 0 0 322 0 0 0 0 0 0 0 0 0 0
1 2.37874857267517 -2.37314182729256 0.646330144100238 0.942111057937403 0.304753130015076 0.552242339383015 0 0 323 0 0 0 0 0 0 0 0 0 0
1 -5.70532851984881 4.40358555610802 -2.23748355835863 0.0128819575501812 -0.0701822102426309 0.449012880593227 0 0 324 0 0 0 0 0 0 0 0 0 0
1 0.067992316473064 3.01120654876768 0.999460721056898 0.313431808044183 0.12750920815664 0.463718915405355 0 0 325 0 0 0 0 0 0 0 0 0 0
1 0.469882761506792 -1.0259780210559 0.123591180504404 -0.283958918853415 0.823053824878448 -1.19242820716527 0 0 326 0 0 0 0 0 0 0 0 0 0
1 -0.139917675832015 0.0028922680419549 -0.114024832410996 0.602327489301316 -0.758656740710432 -0.0540566183747966 0 0 327 0 0 0 0 0 0 0 0 0 0
1 -0.253508744726852 -0.0569346249129094 0.0105196989454916 -0.249290829263792 -0.447665299033137 -1.95313681172739 0 0 328 0 0 0 0 0 0 0 0 0 0
1 0.626101321256741 -1.14725200742756 -0.381626351336291 0.129174436248965 -0.803607179891517 -1.08674035381918 0 0 329 0 0 0 0 0 0 0 0 0 0
1 -0.033711647056663 -0.1096279814592 0.325228631783356 -0.0771180060880182 -1.13501423535348 -0.251012139364594 0 0 330 0 0 0 0 0 0 0 0 0 0
1 -0.532482080117343 0.394473842411973 0.905050493495129 1.34664625177457 -1.36661834833536 0.345180819704376 0 0 331 0 0 0 0 0 0 0 0 0 0
1 -0.0113351968715396 -0.329464817056565 -0.267389037851125 -0.624066208773234 -0.991156677946061 0.556982992652488 0 0 332 0 0 0 0 0 0 0 0 0 0
1 2.57677644935811 0.89927267056338 1.05785707601069 0.479613376199169 -0.106860420771504 -0.179484094084237 0 0 333 0 0 0 0 0 0 0 0 0 0
1 0.96151151588917 1.175886255331 -1.46805078104286 -1.36965771313655 -0.513068186805078 0.436117227965187 0 0 334 0 0 0 0 0 0 0 0 0 0
1 0.0632848895378918 -0.151189071720068 -0.30545414162833 0.777626416844651 1.36252621092637 0.871023721886645 0 0 335 0 0 0 0 0 0 0 0 0 0
1 -0.422588326312866 0.224016971450264 -0.388651874457084 1.26723638932775 -0.991829436006097 -0.365232838116426 0 0 336 0 0 0 0 0 0 0 0 0 0
1 0.271809264493242 0.0501778275156776 0.738033839391917 -1.70117267197549 -0.124704148024154 -0.685519177170844 0 0 337 0 0 0 0 0 0 0 0 0 0
1 -0.298651580895725 -0.694014062798001 -1.92173963100829 0.693291155630789 -0.114183611807576 1.05590300107119 0 0 338 0 0 0 0 0 0 0 0 0 0
1 0.382776195367561 -0.662857821242503 -0.151278301497658 0.364251845526947 0.157487961952058 -0.41009711078315 0 0 339 0 0 0 0 0 0 0 0 0 0
1 -0.627952522735155 0.782055621272555 -0.531575291004673 0.366314509246492 -0.213819829085936 1.33763092996334 0 0 340 0 0 0 0 0 0 0 0 0 0
1 1.09737022747098 0.395821983274293 -0.348713265062889 0.376041864557012 1.1334970232414 0.811722869831416 0 0 341 0 0 0 0 0 0 0 0 0 0
1 -0.298036715532714 1.7346851584692 -1.26043789158056 -1.22430605501926 0.345080740652398 -0.148975775491963 0 0 342 0 0 0 0 0 0 0 0 0 0
1 1.43219556429498 0.0849604274602617 1.24623134006145 -0.637815089323517 -0.729334448489261 -0.311181227885402 0 0 343 0 0 0 0 0 0 0 0 0 0
1 1.0650189893993 0.388308176478984 1.26918105013678 -0.00978906085355675 -0.38625168588028 0.0534347217785511 0 0 344 0 0 0 0 0 0 0 0 0 0
1 -0.0136630918340549 -0.119146894757754 -0.210658566608986 -1.18716508577987 -1.05435124826829 -0.148372095090116 0 0 345 0 0 0 0 0 0 0 0 0 0
1 0.127245704020971 -0.347882579062897 -0.517181888219656 0.344202285766766 -0.644639050086199 -1.93537452461182 0 0 346 0 0 0 0 0 0 0 0 0 0
1 -0.14257073896481 0.535927440479465 -1.20366499035448 0.990043513775705 1.06824623753622 -0.354397586390905 0 0 347 0 0 0 0 0 0 0 0 0 0
1 -0.307136247715515 0.550839010652967 0.134310632206021 0.637306112942793 -0.831060869965653 0.669786643409902 0 0 348 0 0 0 0 0 0 0 0 0 0
1 -0.257397604708768 -0.331988807114361 -0.237198461361671 1.88642965183449 -0.26208403301256 -1.11454382380279 0 0 349 0 0 0 0 0 0 0 0 0 0
1 -0.146110514209402 -0.205198304451554 -0.459636499335763 -1.27526350979177 1.32922008514681 0.463511089117505 0 0 350 0 0 0 0 0 0 0 0 0 0
1 -0.836363879866682 3.17679967745925 -0.501088858301275 -0.118237456190214 0.250324452406094 -0.423440172000699 0 0 351 0 0 0 0 0 0 0 0 0 0
1 -3.02461273609785 0.476254781466823 1.26466533566519 0.216468725187938 0.0373760521244758 0.383711406397596 0 0 352 0 0 0 0 0 0 0 0 0 0
1 -0.862735789914194 0.302075707907996 1.07369878032482 0.267166474514056 0.216393529441496 -1.14119496475698 0 0 353 0 0 0 0 0 0 0 0 0 0
1 -0.242121509327342 0.477603451469635 0.12506250988973 0.105897100448284 0.818605110459194 -2.26497216524488 0 0 354 0 0 0 0 0 0 0 0 0 0
1 -1.4057113437311 -0.802713953332563 2.06533632186223 -0.73588691300874 -0.336165868027365 -0.212699086141787 0 0 355 0 0 0 0 0 0 0 0 0 0
1 -0.574543873493317 0.305822378344917 -0.808815059629921 -1.11311216322295 0.505482096099526 1.04071709872814 0 0 356 0 0 0 0 0 0 0 0 0 0
1 -0.408530345748797 -0.741956004211354 0.47898928442192 0.178292949787664 0.992196016307889 -0.724528699898771 0 0 357 0 0 0 0 0 0 0 0 0 0
1 -0.450142164112734 0.0867785320185083 0.472914517695197 -1.18779674774429 -0.140546626996388 1.56629135759765 0 0 358 0 0 0 0 0 0 0 0 0 0
1 -0.457988553845409 0.555434595921688 0.165097142556003 0.579522185645292 -0.465364789611875 -1.54950651518719 0 0 359 0 0 0 0 0 0 0 0 0 0
1 -0.381913971904852 0.671012802758154 -0.137731605182051 -1.73919793935212 -0.713219309095369 0.357510947967579 0 0 360 0 0 0 0 0 0 0 0 0 0
1 -0.58365930425381 0.499269498479119 -0.287369540379755 0.0850046194985136 -1.23349573766589 -0.0813334240215019 0 0 361 0 0 0 0 0 0 0 0 0 0
1 0.0308219466270002 -0.273582686723598 0.441116760650995 0.186382002545958 -1.14646798201511 0.511981442045595 0 0 362 0 0 0 0 0 0 0 0 0 0
1 -0.0809013309287902 -0.730901531146257 -0.0121070952205996 -1.25221555307114 1.59773380435191 0.484606041658843 0 0 363 0 0 0 0 0 0 0 0 0 0
1 8.55835001205064 6.20574917046766 6.82711257550173 0.060921706431331 0.152206733566806 0.0668564793822796 0 0 364 0 0 0 0 0 0 0 0 0 0
1 0.123619731470508 -2.21234682061454 -0.141101112007201 0.544800663596573 -0.412954872005287 -0.8053247072114 0 0 365 0 0 0 0 0 0 0 0 0 0
1 -0.207142558009784 -0.171024971466016 0.0797464954184125 -1.44293046974347 0.74069660818061 -0.6402116113566 0 0 366 0 0 0 0 0 0 0 0 0 0
1 0.405565731135714 0.398098042590638 -0.61842048811663 -1.11450345019402 0.294304872672349 -1.01235794289621 0 0 367 0 0 0 0 0 0 0 0 0 0
1 -0.744559540679092 -0.52112765640106 -0.543159385066161 -1.31716613053026 -0.159453111303766 -0.769519892941152 0 0 368 0 0 0 0 0 0 0 0 0 0
1 -2.13299757766053 -0.261132642200468 -2.41813780928783 0.32121312155425 0.403485423179821 0.376246103633257 0 0 369 0 0 0 0 0 0 0 0 0 0
1 0.127051502140729 0.460832762818538 0.117146281263619 -0.151262740085482 1.57395941143441 1.06310658337335 0 0 370 0 0 0 0 0 0 0 0 0 0
1 1.20604499766411 -1.07939558690551 -1.87430170123318 0.333600824858021 -0.352312918875221 0.212928002336993 0 0 371 0 0 0 0 0 0 0 0 0 0
1 0.107841841399776 0.0722339412566137 -0.33266706952909 0.583738060436429 -0.352776430642016 -0.722435295484403 0 0 372 0 0 0 0 0 0 0 0 0 0
1 -0.587174373264056 0.185744747663476 -0.484111429467469 0.81158691754546 0.455447983032357 -0.763586533395065 0 0 373 0 0 0 0 0 0 0 0 0 0
1 0.511378087153779 -0.538721694610472 -0.0307104412677934 1.03141948407315 -0.581250642080161 -0.498952791412856 0 0 374 0 0 0 0 0 0 0 0 0 0
1 1.1449248391553 -1.56660493092013 -0.470235042639085 0.597618763420004 -0.109219204058187 0.171302994344914 0 0 375 0 0 0 0 0 0 0 0 0 0
1 -1.17561667751678 0.718609341104352 -0.356496772632247 -0.0938460279826796 -0.80400683528247 -0.123497728180238 0 0 376 0 0 0 0 0 0 0 0 0 0
1 0.536320027793996 0.440929849353093 -0.90497358434399 0.968713745253151 -0.395146126813431 1.09477315583735 0 0 377 0 0 0 0 0 0 0 0 0 0
1 -0.486798823360476 0.122360195065811 -2.53181203689908 -0.545812013340832 -0.783294478841934 0.142007054118352 0 0 378 0 0 0 0 0 0 0 0 0 0
1 0.469807262879659 0.608687082393437 -0.335330782459229 0.394788236344942 0.108047327933053 0.10962137226085 0 0 379 0 0 0 0 0 0 0 0 0 0
1 0.516232228960892 0.159175778986843 -1.10964044299 -0.77613743673743 -0.225957871012863 0.763350491582866 0 0 380 0 0 0 0 0 0 0 0 0 0
1 0.297889988184775 0.0055354376526278 0.448984007998264 -0.0938030654733503 0.912240682240703 -0.133712655498357 0 0 381 0 0 0 0 0 0 0 0 0 0
1 0.0325729921742643 0.0638542089290643 0.192456462206341 1.38971686992986 -0.370539441245244 -0.636187436991812 0 0 382 0 0 0 0 0 0 0 0 0 0
1 0.200196470967024 0.232473019302358 -0.134341446448163 -0.246089992195983 0.877882333800064 -0.107469724421982 0 0 383 0 0 0 0 0 0 0 0 0 0
1 -1.64720702605725 -0.0387901747009852 0.583781918701863 0.434513529286348 -1.32656936797776 -0.607749645782002 0 0 384 0 0 0 0 0 0 0 0 0 0
1 -0.137983385629911 -0.801684777814885 0.781480319766253 -0.773805047524692 0.52708075214998 -0.849983841300593 0 0 385 0 0 0 0 0 0 0 0 0 0
1 -0.138679172100654 -0.115440604102109 -0.225983717488726 1.93772564812574 -0.958419804844538 0.317157757463882 0 0 386 0 0 0 0 0 0 0 0 0 0
1 0.243110250356805 -0.835804461237865 -1.21068223050377 -0.110858754109977 1.21367927946742 0.183532154620493 0 0 387 0 0 0 0 0 0 0 0 0 0
1 0.117320560733198 -0.265215567490165 0.129583499656394 -1.09591969264978 -1.22471066326445 -0.299566317891074 0 0 388 0 0 0 0 0 0 0 0 0 0
1 0.330904108723431 -0.118215501573047 -0.585631359833141 0.261319621924071 1.40146535541904 -0.507047174993064 0 0 389 0 0 0 0 0 0 0 0 0 0
1 2.54850469116681 0.0336694540068529 1.30697405761185 0.0671606862912763 0.889311865720878 0.545466245410167 0 0 390 0 0 0 0 0 0 0 0 0 0
1 -4.19271531253803 -2.43778455422431 1.52555611883022 0.353541859405702 0.413556068741938 0.211869120680298 0 0 391 0 0 0 0 0 0 0 0 0 0
1 -0.744957424793117 0.997847204902688 0.128446864720436 1.31608599062338 0.896007880963928 0.279900183116515 0 0 392 0 0 0 0 0 0 0 0 0 0
1 0.305429727051302 -0.370528939384448 0.873954954211059 -0.591201763080332 -1.192506823477 -0.635054419443215 0 0 393 0 0 0 0 0 0 0 0 0 0
1 -0.900858347575226 0.419210889824673 -0.480956152498189 -0.109336346884848 -0.31379061668818 0.688201769973266 0 0 394 0 0 0 0 0 0 0 0 0 0
1 0.535786488780213 0.595846924908805 0.0663043756682861 0.206334460957507 -0.584787479850379 1.46452929312917 0 0 395 0 0 0 0 0 0 0 0 0 0
1 -1.09911628830355 -1.04723015520926 0.713882458572364 -0.835936364757162 -0.235483859379632 -0.672839388184378 0 0 396 0 0 0 0 0 0 0 0 0 0
1 -1.08490825614128 0.006826255805885 0.342299928635077 0.813433464663828 -0.628145339171405 0.444723851115005 0 0 397 0 0 0 0 0 0 0 0 0 0
1 -0.0665108642824146 -0.948924310694948 0.182995949408144 0.385652256805658 -0.956994567741816 -0.0347763892924483 0 0 398 0 0 0 0 0 0 0 0 0 0
1 -0.0206979225855685 -0.272255289301952 0.197340751708231 -0.950129534372546 0.728232979180767 0.638157791531368 0 0 399 0 0 0 0 0 0 0 0 0 0
1 0.250448166244732 0.52004055754054 0.226282771469985 -0.129305833414755 -0.21453980624721 0.0653162902295454 0 0 400 0 0 0 0 0 0 0 0 0 0
1 -1.57247298860624 -0.342991755608538 -0.279565260772867 -0.719155906239361 0.451296000462973 -0.169002718316677 0 0 401 0 0 0 0 0 0 0 0 0 0
1 0.132133487206057 -0.246298035906665 -0.160850996831426 -0.537947303295366 -0.545416802852578 -0.0711146448914232 0 0 402 0 0 0 0 0 0 0 0 0 0
1 -0.468991014183997 0.42942965465865 0.793407713542808 -0.0401944239696483 0.407270529468669 0.0077387355532604 0 0 403 0 0 0 0 0 0 0 0 0 0
1 0.65769815571714 -0.217985768911206 0.203320072174291 -0.253983744838578 -1.31264518591168 1.73849940768637 0 0 404 0 0 0 0 0 0 0 0 0 0
1 0.833136268029133 0.426778977738039 1.02261145956209 -0.77911085927593 0.502790987401603 -0.407671705594524 0 0 405 0 0 0 0 0 0 0 0 0 0
1 -1.23150241615361 0.0336992046670956 1.65624782355392 -0.638883635063281 -0.481542912393222 -0.0777101565256598 0 0 406 0 0 0 0 0 0 0 0 0 0
1 -0.467885574499696 0.208463997700518 -0.388617345179286 0.226085779930621 -0.350470605030958 -0.682621493695503 0 0 407 0 0 0 0 0 0 0 0 0 0
1 0.0232009835197231 -0.352192695813948 0.0667878017666676 -0.187386862472141 0.236636715767366 0.708221836896792 0 0 408 0 0 0 0 0 0 0 0 0 0
1 -0.816660540587452 -0.668872513713647 -0.82960364191053 -0.762319582460763 -0.679967187787039 0.249543938779307 0 0 409 0 0 0 0 0 0 0 0 0 0
1 10.518372812699 -23.1128776838742 13.4559841569505 -0.290451115755368 -0.0884682647814433 0.0730293647509029 0 0 410 0 0 0 0 0 0 0 0 0 0
1 -0.648302274295143 0.40507074514269 1.08625971688093 -1.11727026876644 1.37010763930295 -0.406027715683713 0 0 411 0 0 0 0 0 0 0 0 0 0
1 1.04959788580527 1.62184622415904 -1.78092173834817 0.680881002491555 -0.585335315728424 -0.888600916185602 0 0 412 0 0 0 0 0 0 0 0 0 0
1 -0.0323708086322965 -0.0598890618948257 0.0663679061364136 1.07568862425906 1.60203024137612 -0.31437512453545 0 0 413 0 0 0 0 0 0 0 0 0 0
1 3.36011109860441 3.16344451874236 -0.625085780464053 0.18530621519241 0.063853136227557 -0.153384286294892 0 0 414 0 0 0 0 0 0 0 0 0 0
1 -0.671391029453817 -1.17546833674394 -0.5742331816802 -0.271763865740441 -0.47907437817471 -0.408355323047129 0 0 415 0 0 0 0 0 0 0 0 0 0
1 -0.194758143757592 0.696725534105861 0.250254206071392 -0.379052524889786 0.0326021874290595 0.731586016942501 0 0 416 0 0 0 0 0 0 0 0 0 0
1 0.836426761967997 -0.263729732038557 0.641421376481714 -0.58351466824367 -0.007367464499043 -0.879675428920719 0 0 417 0 0 0 0 0 0 0 0 0 0
1 0.304054239179977 -0.119411471776417 -0.385087141313943 -1.0291642650465 -0.287813259749494 -0.18892676703947 0 0 418 0 0 0 0 0 0 0 0 0 0
1 -0.15905332723645 -0.260783830968703 -0.410764002032516 -1.11508378751059 0.789770402942494 1.10934400821078 0 0 419 0 0 0 0 0 0 0 0 0 0
1 0.100494977194561 0.224391737150559 -0.342711530336593 2.29138864533755 0.351609321080052 -1.01972562913157 0 0 420 0 0 0 0 0 0 0 0 0 0
1 -1.32646256602771 -0.13927441307415 -0.545159426991127 -0.740493948708675 0.0660380066456423 0.12162746321708 0 0 421 0 0 0 0 0 0 0 0 0 0
1 0.538460895552787 -0.972414058611743 -0.539809485195382 -0.825455645008067 -0.0627802956003796 -1.40328351107631 0 0 422 0 0 0 0 0 0 0 0 0 0
1 0.150351359812855 0.310297569730042 -0.347315514376554 0.0763810298405223 -0.34518862160751 0.791835098223542 0 0 423 0 0 0 0 0 0 0 0 0 0
1 -0.442362007337532 -2.03854522170627 0.755871014576684 0.238005242335873 -0.751478547567238 0.576480465052056 0 0 424 0 0 0 0 0 0 0 0 0 0
1 0.436568346567903 0.318458195277098 -0.200459491040854 0.782465304726445 -2.13098584883611 0.39092762568511 0 0 425 0 0 0 0 0 0 0 0 0 0
1 -0.0459203187117716 -0.7074751784676 0.0415358536532839 -0.750114945270833 -1.51458673550949 0.844718132490147 0 0 426 0 0 0 0 0 0 0 0 0 0
1 -0.237382901726804 0.242956344383289 0.314263777250833 -1.66459665636941 -0.221673225855489 1.12670203345171 0 0 427 0 0 0 0 0 0 0 0 0 0
1 0.36014755541275 -0.407877923871278 -0.150791741141836 0.0127858085544537 -0.0110675857174296 -0.626079555847087 0 0 428 0 0 0 0 0 0 0 0 0 0
1 -1.47860298012535 -0.424304679507005 -1.29101132316898 0.250679228168893 -0.393425695380133 -0.359800489165558 0 0 429 0 0 0 0 0 0 0 0 0 0
1 -0.660015688922149 -0.0627111586650439 -0.413191253926446 1.0677527547513 0.168205031380198 -0.4402959884362 0 0 430 0 0 0 0 0 0 0 0 0 0
1 0.244376434518138 -0.368550866446798 0.865778258756667 -0.0912641347426395 -0.0329491938516054 -1.95496276357312 0 0 431 0 0 0 0 0 0 0 0 0 0
1 0.80528990091114 0.897739635676631 0.231784867115953 -1.27450051005312 -0.0867406411808263 -0.492474731778592 0 0 432 0 0 0 0 0 0 0 0 0 0
1 -0.0762664057514252 1.15786496437532 0.28722473541419 0.617647040734441 -0.870606342976711 -0.728260723566088 0 0 433 0 0 0 0 0 0 0 0 0 0
1 0.689854306503043 -0.0807251837898784 1.82492627717197 -0.738949937164122 -0.177580448734068 -1.09461574416845 0 0 434 0 0 0 0 0 0 0 0 0 0
1 0.0665942230151992 0.0243774008315698 0.381112483812325 0.288979779232207 -0.14071121907477 -0.584958002445157 0 0 435 0 0 0 0 0 0 0 0 0 0
1 0.213745762471765 1.01641546601849 0.278280634587676 -0.394329439211994 0.430244641091648 0.148235501098248 0 0 436 0 0 0 0 0 0 0 0 0 0
1 -0.12766620278895 -0.533936764660265 -0.205360139529806 0.214942233488967 0.339944915616208 -0.915653292481852 0 0 437 0 0 0 0 0 0 0 0 0 0
1 0.263102104111143 0.443605496760151 -0.322579525021193 0.0773171240217731 -0.614942670803085 -1.14316615803844 0 0 438 0 0 0 0 0 0 0 0 0 0
1 0.231577119789869 -0.728684094868943 0.430358008528922 0.821617931790863 -0.314815222497006 1.28914335697064 0 0 439 0 0 0 0 0 0 0 0 0 0
1 0.339583428344243 0.158198730868018 0.668620009533311 0.217709864440299 -1.01287323774026 0.753586765947465 0 0 440 0 0 0 0 0 0 0 0 0 0
1 0.509787678029276 0.707776627434594 -0.655397198361055 0.535652024476956 -0.620235480854095 0.513855655436054 0 0 441 0 0 0 0 0 0 0 0 0 0
1 -0.243550414606416 -0.38188244164394 -0.755519998600255 -0.320886803288193 -0.322488092018548 -0.0266346013472526 0 0 442 0 0 0 0 0 0 0 0 0 0
1 0.201383602921412 -0.454826870003862 0.167728199555514 0.255159219281475 -0.406171613190138 -0.515032940732232 0 0 443 0 0 0 0 0 0 0 0 0 0
1 0.897572550562586 0.411253238645979 0.074224568237168 0.323616328331134 -0.20716564977524 0.313199633249348 0 0 444 0 0 0 0 0 0 0 0 0 0
1 -1.36984928991219 -0.313689440319585 1.39226834124867 -0.345043458985084 -0.333956904686587 -0.976572124431657 0 0 445 0 0 0 0 0 0 0 0 0 0
1 1.16157826051187 -3.30167598144415 0.828864628037935 0.209363361000275 -0.135381610305425 -0.209004623768411 0 0 446 0 0 0 0 0 0 0 0 0 0
1 -0.701015330119288 0.747645521094895 -0.79893642952843 0.228704922345874 -1.05345289239366 -0.312124001001261 0 0 447 0 0 0 0 0 0 0 0 0 0
1 0.296865084841747 -0.61341293981881 0.181935442706643 1.4938126842071 0.111131912944718 0.439196739887331 0 0 448 0 0 0 0 0 0 0 0 0 0
1 0.219205065621034 0.437348992647994 -0.601575216015759 0.32063730032895 -1.26725981518215 -1.07826565548334 0 0 449 0 0 0 0 0 0 0 0 0 0
1 -0.840188241198703 0.0030093157918831 0.751872226039656 1.10968177280941 -0.173344700289528 0.0848750340427528 0 0 450 0 0 0 0 0 0 0 0 0 0
1 -0.129797144951931 0.883883196466958 0.238370894173878 -1.27804660934533 0.992380714450874 -0.100495738772608 0 0 451 0 0 0 0 0 0 0 0 0 0
1 6.58360043164e-05 -0.198398542471532 -0.422390753910841 1.50973668260914 0.530359484748705 -0.079365235441786 0 0 452 0 0 0 0 0 0 0 0 0 0
1 -0.792170665296573 -0.560191915343671 -0.0869813001028809 1.22652285486694 0.558717105782026 -0.98033258018993 0 0 453 0 0 0 0 0 0 0 0 0 0
1 1.30653199503948 -1.05333528335503 0.33854174271537 0.45582168824208 0.146110784290243 -0.160987773615449 0 0 454 0 0 0 0 0 0 0 0 0 0
1 0.870156853873639 0.737999959521123 0.603026428240344 1.08844945756141 0.748116085639196 -0.864769311491379 0 0 455 0 0 0 0 0 0 0 0 0 0
1 0.0201618806695272 0.138691036328685 0.138999915853296 -0.807309291389336 -0.122676050542964 1.42099927587062 0 0 456 0 0 0 0 0 0 0 0 0 0
1 -0.239181410770194 -0.17868770644079 0.307863686425796 -0.117235942103906 -0.0401727651619179 0.388498005999718 0 0 457 0 0 0 0 0 0 0 0 0 0
1 1.04359532654956 0.368721265071947 -0.328008128510756 -0.062254549946431 0.930793335879252 -0.612850886136227 0 0 458 0 0 0 0 0 0 0 0 0 0
1 -0.114510487807385 -0.403215361896603 -0.422421711682648 -1.80694948990146 0.398220305722459 -0.551401893867658 0 0 459 0 0 0 0 0 0 0 0 0 0
1 -0.401083387972261 -1.29761362522423 -1.28024194863198 0.35158631504725 1.29052875054053 0.446439602494008 0 0 460 0 0 0 0 0 0 0 0 0 0
1 0.0925741920402262 -0.739988181191238 1.51455206262811 1.1481600673001 -0.435442873651671 0.122249817844336 0 0 461 0 0 0 0 0 0 0 0 0 0
1 1.98275621416976 0.387952867096813 0.917139135248591 0.324276370043234 -0.416866561455119 0.471331513979368 0 0 462 0 0 0 0 0 0 0 0 0 0
1 0.017176016080949 -0.75494565563834 0.949475819466476 -1.08068301790548 0.0075724160434692 -0.241975670558815 0 0 463 0 0 0 0 0 0 0 0 0 0
1 0.119896136492071 -0.249788407607231 -0.658787955218779 0.0565816302780239 -1.54180036053449 0.113824168967231 0 0 464 0 0 0 0 0 0 0 0 0 0
1 0.316337559987127 -0.437390746554031 1.00673666712242 -0.585165332280898 0.460261067972342 -0.870134103761421 0 0 465 0 0 0 0 0 0 0 0 0 0
1 0.0269507599611261 -0.465523750072248 0.0217210382564442 -0.231835642278679 1.05039976814792 -1.12919243138296 0 0 466 0 0 0 0 0 0 0 0 0 0
1 0.29469737902173 -0.246386348987065 0.345559234038079 0.624712237767993 0.996354984783376 0.069792130064844 0 0 467 0 0 0 0 0 0 0 0 0 0
1 0.501881485372826 -0.238801476367247 0.105551048945523 -0.266841918787177 -1.23411104349668 0.45399143332757 0 0 468 0 0 0 0 0 0 0 0 0 0
1 -0.15036457026205 -0.105115454670877 -0.3270661668163 0.0744676864184481 -0.324636162007618 -0.542416114174043 0 0 469 0 0 0 0 0 0 0 0 0 0
1 0.606019394849003 1.37252518496511 1.23171091237345 0.732886218312044 0.179090532825331 0.319297491600886 0 0 470 0 0 0 0 0 0 0 0 0 0
1 -0.151980228404266 0.447453175247826 -0.737353303124725 -0.797135558048061 0.4277128599117 0.633546501175524 0 0 471 0 0 0 0 0 0 0 0 0 0
1 -0.740830917701898 0.433544982099267 3.86941559592009 0.215629872183785 1.03577378697044 0.508976937380227 0 0 472 0 0 0 0 0 0 0 0 0 0
1 0.21604934566974 -0.712549141748545 -1.3821695574372 0.991922645314715 0.068726008707118 -0.12167373182408 0 0 473 0 0 0 0 0 0 0 0 0 0
1 -0.644591079896435 0.0301246831027944 -0.41366285818983 -0.674636580301597 0.232622401197139 0.32708855398307 0 0 474 0 0 0 0 0 0 0 0 0 0
1 0.921616110168994 0.875790422054827 -0.101917093954733 -0.634161234622937 0.116195194431471 -0.613721401062785 0 0 475 0 0 0 0 0 0 0 0 0 0
1 0.579571010589564 0.413059911661723 0.0463872899965963 0.803348510713046 0.229828158513577 0.435816777271762 0 0 476 0 0 0 0 0 0 0 0 0 0
1 0.124709144894232 -0.212291083137123 0.21099790382159 -0.448164151165602 0.468934170485669 0.257804965842045 0 0 477 0 0 0 0 0 0 0 0 0 0
1 0.211148892044703 -0.245546464141432 -0.277421273556948 0.569313774094063 -0.0574318929581661 0.00254453678804508 0 0 478 0 0 0 0 0 0 0 0 0 0
1 -1.29291392136519 -0.168710506802283 2.43281763401954 0.00466762004782725 0.467263501437988 0.512061288978724 0 0 479 0 0 0 0 0 0 0 0 0 0
1 2.62621698301632 2.93158443097986 1.13958078721499 0.15533604602705 0.742125240302751 -0.696444370582691 0 0 480 0 0 0 0 0 0 0 0 0 0
1 0.404589768103559 -0.352537550420068 0.669312325641569 -0.41717409746651 0.300913426651658 -0.105818974413689 0 0 481 0 0 0 0 0 0 0 0 0 0
1 0.093784964399993 0.809789289281304 -0.392718489534579 0.542703500125443 -0.663523553528177 -0.560244321791959 0 0 482 0 0 0 0 0 0 0 0 0 0
1 0.29117801923591 0.995298364763986 -1.29301345309975 -0.50799988269533 -0.427986483537815 -0.371843553517139 0 0 483 0 0 0 0 0 0 0 0 0 0
1 -1.84156557056098 1.33251182469424 0.899835838489309 0.833281135418119 0.196947669796776 0.373929812575827 0 0 484 0 0 0 0 0 0 0 0 0 0
1 0.80166383133513 0.919495029944373 0.0204761192945838 -0.0795895708498411 0.523529670583674 -0.65273163791146 0 0 485 0 0 0 0 0 0 0 0 0 0
1 -0.428757830672449 0.463962789908887 0.148984293179291 1.04703923948839 -1.01282203845172 -0.825361924505389 0 0 486 0 0 0 0 0 0 0 0 0 0
1 0.717477576504282 -0.405559369685192 -1.48265576473807 -0.85314770254043 -0.455497938376526 0.444189097473593 0 0 487 0 0 0 0 0 0 0 0 0 0
1 -1.89171781716631 -0.50295869086346 -0.399463994401629 -0.384703707204935 -0.622119624406136 0.542904234595634 0 0 488 0 0 0 0 0 0 0 0 0 0
1 -0.161700925412808 -0.938014273093348 -1.04440357830361 0.0567436001665967 0.641291556298688 1.32520289619868 0 0 489 0 0 0 0 0 0 0 0 0 0
1 0.0932632930907281 0.194822758991597 0.0697363846415132 -0.458225812133169 -0.64260851063621 -0.779289021438587 0 0 490 0 0 0 0 0 0 0 0 0 0
1 -0.30256273016179 0.69834019157989 0.891756690734125 0.406511358985925 -0.460929504621942 -1.80940361587703 0 0 491 0 0 0 0 0 0 0 0 0 0
1 -0.360200067488613 0.0998426123847852 -0.268350455599815 -0.439912597682692 0.857139070366057 0.0509249951114682 0 0 492 0 0 0 0 0 0 0 0 0 0
1 -0.297849443774246 0.962562322572138 -0.702872000140392 0.356020078973349 -0.026123716044805 1.51106473769358 0 0 493 0 0 0 0 0 0 0 0 0 0
1 1.07244844429501 -0.274376374599532 -2.35490634225277 0.743960768115172 -0.2422224801212 0.0142999345580491 0 0 494 0 0 0 0 0 0 0 0 0 0
1 0.253365226368237 0.184625305339086 -0.0429560367818973 1.13116490576144 0.951234450210554 -0.902023793161929 0 0 495 0 0 0 0 0 0 0 0 0 0
1 -0.807897747673441 0.0008549000261781 -0.714050196047714 -0.637421158514301 -0.51272796249815 -0.0349718880385721 0 0 496 0 0 0 0 0 0 0 0 0 0
1 0.912653013244286 4.99968834115198 0.398342820617142 0.36326771142448 -0.498457341757011 -0.17687609585035 0 0 497 0 0 0 0 0 0 0 0 0 0
1 2.75628411820692 -0.393029039983097 2.156193651569 0.00960170676104772 -0.826752402938561 0.460701257590606 0 0 498 0 0 0 0 0 0 0 0 0 0
1 -0.0418997279545131 -2.96778188447455 -0.175215378356877 -0.443527860192289 0.328658781969137 -0.479620846363705 0 0 499 0 0 0 0 0 0 0 0 0 0
1 -0.399264229886376 0.322944699067564 0.272406771269176 -1.03947717504442 -1.24619344678905 -0.211876791163946 0 0 500 0 0 0 0 0 0 0 0 0 0
1 -1.07676115588028 2.23049156378168 -0.186062993749016 -0.182085315779685 -1.04879874094902 -0.349246718104634 0 0 501 0 0 0 0 0 0 0 0 0 0
1 0.624992903668328 -0.106946740654972 2.22671771122467 -0.0401737779081759 1.29055230350636 -0.237091313485193 0 0 502 0 0 0 0 0 0 0 0 0 0
1 1.59679701835807 -2.15794288624849 -1.06782287073749 -0.479866081826991 -0.338127922564253 0.404333776924614 0 0 503 0 0 0 0 0 0 0 0 0 0
1 2.55003359238633 1.60517998003247 -0.691770388739088 0.174624452739845 -0.468988884809637 1.19445688746913 0 0 504 0 0 0 0 0 0 0 0 0 0
1 0.453901798538075 3.08865574533603 0.593769912003036 -0.0817964950472855 0.992412109166456 0.934780042738998 0 0 505 0 0 0 0 0 0 0 0 0 0
1 0.0288334234077493 0.110259741204059 0.130298321048077 -0.241210717793821 1.46008354872748 0.0801298948628821 0 0 506 0 0 0 0 0 0 0 0 0 0
1 0.387007300792205 0.0864394724034619 -0.905080027935205 0.663884348408587 -0.297473811408492 0.242602790738745 0 0 507 0 0 0 0 0 0 0 0 0 0
1 0.57137700637605 0.52692724192881 -0.399381672274471 0.44045372289556 0.937298894540473 0.426046823610769 0 0 508 0 0 0 0 0 0 0 0 0 0
1 -2.11844700474339 -1.7723857150941 1.5847779344159 0.0517794642735164 0.775235998853841 -0.984366774846416 0 0 509 0 0 0 0 0 0 0 0 0 0
1 -0.182314318734219 0.786383730356231 0.388638221396382 0.48164165421138 0.532655087694805 0.179405575460496 0 0 510 0 0 0 0 0 0 0 0 0 0
1 0.863900027186508 -1.94605548352475 0.967613958661729 0.90326995710437 -1.08198976233621 0.16134393274476 0 0 511 0 0 0 0 0 0 0 0 0 0
1 1.18004161047076 -0.326118157801307 -0.167702095702002 0.840799924460797 -0.492377112966111 -1.70210068619463 0 0 512 0 0 0 0 0 0 0 0 0 0
1 -1.79814362088353 -4.13080574196483 0.711697217339995 -0.220197857722901 -0.311735372405173 0.765927625061094 0 0 513 0 0 0 0 0 0 0 0 0 0
1 -8.85143163102668 7.21428131349215 -2.40040812637321 -0.145208410406693 0.013639433165367 0.224562720206013 0 0 514 0 0 0 0 0 0 0 0 0 0
1 -0.607619909019017 -0.683070169553025 0.254581993934251 0.357772048452486 0.664589323912975 -0.053383699629991 0 0 515 0 0 0 0 0 0 0 0 0 0
1 -0.321048454907094 0.448817006943099 0.214892120113818 -0.290693692821342 -0.662283252169275 0.784852681934172 0 0 516 0 0 0 0 0 0 0 0 0 0
1 -0.0309138546270988 -0.27402496346686 -0.374953030217277 0.790466173354615 -0.290278763625048 0.891082554858089 0 0 517 0 0 0 0 0 0 0 0 0 0
1 -0.194488706833688 -0.333423170526684 -0.0106569885286683 -2.32335073421632 0.627235209348926 0.955618858780368 0 0 518 0 0 0 0 0 0 0 0 0 0
1 -0.769395723141679 1.83878629837398 0.0915429022702205 0.406140739778393 -0.767051878181757 0.391515838625403 0 0 519 0 0 0 0 0 0 0 0 0 0
1 0.298580637694543 0.171823742156148 0.152253938772249 -1.23535609367646 -0.385633971215749 -0.521126083807751 0 0 520 0 0 0 0 0 0 0 0 0 0
1 -1.07444184106532 -0.0192100171596109 -1.83694509605567 -1.37075780754374 -0.0177419478636565 -0.277962533330925 0 0 521 0 0 0 0 0 0 0 0 0 0
1 -0.196508777785586 -0.471105181498233 -0.0793923895709871 1.02858085340584 -0.520467852226273 0.0562386089437196 0 0 522 0 0 0 0 0 0 0 0 0 0
1 0.77969799086285 0.163217419243759 -0.180845950988445 0.241220380271674 -0.667346545181597 0.951044625369314 0 0 523 0 0 0 0 0 0 0 0 0 0
1 -0.015211460939322 0.0969155817352178 -0.655151188193054 -2.11594940816708 -0.837219659610544 0.45991989535632 0 0 524 0 0 0 0 0 0 0 0 0 0
1 -0.811879862526402 0.0694465889819413 0.457434370279745 1.43665626289969 -0.275092865891213 0.81681883753072 0 0 525 0 0 0 0 0 0 0 0 0 0
1 -2.21314402836818 5.93104841014815 2.93966982521261 -0.0639932189410479 -0.532387852722718 -0.066746267127444 0 0 526 0 0 0 0 0 0 0 0 0 0
1 0.999750392355843 -0.7561508057684 -1.38405399564006 -0.474816951819591 0.0347728905801234 -0.519894131878081 0 0 527 0 0 0 0 0 0 0 0 0 0
1 0.398246027150685 -0.870264484168976 -0.242083383411921 -0.0895334810989063 0.523183828635063 -0.571047787387151 0 0 528 0 0 0 0 0 0 0 0 0 0
1 -1.00776642794337 -0.367149038653815 1.20955873946682 -0.476520552033965 -0.415927845193379 -0.413877022587555 0 0 529 0 0 0 0 0 0 0 0 0 0
1 -0.297972514643057 -0.132820255357134 -0.185319197925228 0.127298956533171 0.362398498219546 -1.67195955112922 0 0 530 0 0 0 0 0 0 0 0 0 0
1 0.0701281126735147 0.46766785195853 0.815482748080147 0.374711448440206 -0.761806088037895 1.54709354801843 0 0 531 0 0 0 0 0 0 0 0 0 0
1 1.29919624604798 -0.883146160478282 0.40508791587933 0.589743051873308 -0.111887048197736 -1.18535799059728 0 0 532 0 0 0 0 0 0 0 0 0 0
1 -0.361131289048291 -0.434767000946393 -0.326153794975171 0.03297443198644 -0.736358958088583 0.0411866087524855 0 0 533 0 0 0 0 0 0 0 0 0 0
1 -0.914578093989596 -0.15942813254148 0.299250043116514 -0.412431392364874 0.914223333373091 -0.515520095600678 0 0 534 0 0 0 0 0 0 0 0 0 0
1 0.395964111586966 0.468578647319945 0.246573858282033 -1.55544715377598 0.712133982251998 0.104329232993491 0 0 535 0 0 0 0 0 0 0 0 0 0
1 -1.66010937893038 -1.25851359978392 -2.32129737564431 -0.418497885944249 0.501997023377057 0.557168456719046 0 0 536 0 0 0 0 0 0 0 0 0 0
1 1.20822725106164 1.17079345597473 0.488736312127149 1.09493336458534 0.053092409556722 0.0213324187646114 0 0 537 0 0 0 0 0 0 0 0 0 0
1 0.0256292411628819 -0.018067844449284 -0.0963338146438528 -0.501345397938373 -1.56663680611185 0.992251076687036 0 0 538 0 0 0 0 0 0 0 0 0 0
1 2.43509516135681 -0.254347288139758 1.78343476890662 0.288293186673798 -0.23766712488697 0.792426376497891 0 0 539 0 0 0 0 0 0 0 0 0 0
1 -0.0645243997055278 0.0954554515056741 -0.11247085510761 -1.51622814390716 0.99010311427412 1.14660937225278 0 0 540 0 0 0 0 0 0 0 0 0 0
1 -0.645291022602854 -1.72430902205751 -3.69584598384199 0.232069064624504 -0.218991564899352 0.237955195563239 0 0 541 0 0 0 0 0 0 0 0 0 0
1 -1.36747515226865 0.104037146190891 -1.2709587793228 -1.07353344339837 -0.159695423827372 0.661215428225303 0 0 542 0 0 0 0 0 0 0 0 0 0
1 -0.453120392829721 0.510460522291484 -0.838438690935441 -0.393074553923873 -0.320265421732722 -0.344683178902166 0 0 543 0 0 0 0 0 0 0 0 0 0
1 0.58056164845348 0.457450449388772 -0.219731600569764 -1.58942019899877 0.153841421613429 0.600472118000148 0 0 544 0 0 0 0 0 0 0 0 0 0
1 0.632958272016147 -0.453925474153979 -0.259003882250812 -1.58358164985724 0.2544797324954 0.88056162465981 0 0 545 0 0 0 0 0 0 0 0 0 0
1 0.0226940847808811 0.184776552646984 0.237275448139038 -0.104965056000394 -0.0537260649608574 1.17829855491525 0 0 546 0 0 0 0 0 0 0 0 0 0
1 0.538065865248508 1.1842455695328 0.741073046653427 -0.190476161985632 -0.212859980139158 -0.408263892825515 0 0 547 0 0 0 0 0 0 0 0 0 0
1 -0.11909966591707 -1.44070117465232 1.00830291889533 -0.271472900908844 -0.597781108032625 0.654831802809044 0 0 548 0 0 0 0 0 0 0 0 0 0
1 -0.087378166115831 -0.418224529178129 -0.143797885315408 -0.860245060108333 0.171201583505393 0.757083837512441 0 0 549 0 0 0 0 0 0 0 0 0 0
1 0.0632251043867021 0.888597534296283 0.505982755558849 1.22932599306227 -0.944535819963309 0.635846818585479 0 0 550 0 0 0 0 0 0 0 0 0 0
1 0.356045702360628 -0.403024944194198 -0.39899108835859 -1.20775204306641 0.863999235595922 0.812975970913657 0 0 551 0 0 0 0 0 0 0 0 0 0
1 0.748960370257055 0.322101968661922 0.541200698613004 -0.774570368005624 -0.993400813218726 -0.0558434694794369 0 0 552 0 0 0 0 0 0 0 0 0 0
1 0.735138237180137 0.40216630940531 -0.583498886105611 -1.10437034037589 -0.00648281654012143 -0.719607794397824 0 0 553 0 0 0 0 0 0 0 0 0 0
1 0.561855731178207 -0.12875316302128 -0.294664007344856 0.554354511427496 0.289805490183883 0.450089963865932 0 0 554 0 0 0 0 0 0 0 0 0 0
1 -1.57755032491067 0.22995646538265 0.954365729955057 -0.56671955660332 -1.1329298646158 0.308835261660788 0 0 555 0 0 0 0 0 0 0 0 0 0
1 -0.271917083949261 -0.57690324670552 2.4811487601343 0.643541838848853 0.295295455001773 -0.224829402033826 0 0 556 0 0 0 0 0 0 0 0 0 0
1 0.125937643111976 1.18662105362177 -0.394980680383053 0.433181455044592 0.407383555599172 0.823134680851174 0 0 557 0 0 0 0 0 0 0 0 0 0
1 2.06398302369051 -0.535644668526823 -0.737971797686368 0.561349900168682 -0.600712224523493 -0.566873159669714 0 0 558 0 0 0 0 0 0 0 0 0 0
1 -1.7955828953373 -2.31866987788417 -0.879691159812438 -0.312951137591967 0.189663706025763 0.589360578745591 0 0 559 0 0 0 0 0 0 0 0 0 0
1 -0.141615337988118 -0.635519787462959 -0.758985965476007 -0.692596398140949 -0.518890611119629 0.106201211380067 0 0 560 0 0 0 0 0 0 0 0 0 0
1 -0.697143277413708 -0.297564448072101 0.811517783124663 0.0564726662686793 0.319822023746971 0.203099461015492 0 0 561 0 0 0 0 0 0 0 0 0 0
1 -0.317319154445805 0.0362310169054999 0.261916551331048 0.600372342055387 0.805106347963451 -1.11927342550367 0 0 562 0 0 0 0 0 0 0 0 0 0
1 -0.0990304531370504 0.769197242177868 0.256050773008067 -0.335180359348172 -1.16954067976063 0.322940200883113 0 0 563 0 0 0 0 0 0 0 0 0 0
1 0.0827305289232785 -0.241566940313845 0.30920229555223 0.841830857779553 1.29090792958013 -0.252811258605809 0 0 564 0 0 0 0 0 0 0 0 0 0
1 0.206149370191441 0.19549799244716 1.01863748726324 -1.23074258023603 -1.39216461395253 -0.627427396618738 0 0 565 0 0 0 0 0 0 0 0 0 0
1 0.29637679651708 -0.325077616519076 0.568397104784874 -1.57654399598479 -0.39328306381059 0.435906498022246 0 0 566 0 0 0 0 0 0 0 0 0 0
1 -0.714395682611381 0.207376421795438 -0.60368032095717 -1.64398471665659 -1.35755850049706 -0.36948916641228 0 0 567 0 0 0 0 0 0 0 0 0 0
1 0.0209911627963605 0.0897385418146948 0.388854592917036 1.05353229853896 -0.538193137410928 1.03329387909053 0 0 568 0 0 0 0 0 0 0 0 0 0
1 0.350774831846218 -0.0058833375150184 0.426295925500334 1.05256643754884 -0.683986657129456 -1.43544781277805 0 0 569 0 0 0 0 0 0 0 0 0 0
1 -1.94014840171883 -2.93869440888352 -1.1391423309743 -0.0899425383337819 0.178719279661697 0.661275442543964 0 0 570 0 0 0 0 0 0 0 0 0 0
1 1.37689879988371 -0.100202406401793 -0.0310419889567122 -0.248449500546243 -0.543677251764099 0.689792403559902 0 0 571 0 0 0 0 0 0 0 0 0 0
1 -0.0299791440365652 -0.22062605843747 0.142053997417049 -0.128834189315341 -0.550825528143815 0.466802756275157 0 0 572 0 0 0 0 0 0 0 0 0 0
1 0.144264988813718 -0.376903808655138 0.721857746215834 -1.3536364945615 -0.847800570768301 -0.20105842179142 0 0 573 0 0 0 0 0 0 0 0 0 0
1 -0.266943936513713 0.39953799179591 -0.128007438398762 -0.0674853350768647 0.226505879940062 1.07179244552907 0 0 574 0 0 0 0 0 0 0 0 0 0
1 0.027724546211456 -0.0307719672547782 0.273129369146562 0.500600458889145 -0.01564375685336 -0.154721837767621 0 0 575 0 0 0 0 0 0 0 0 0 0
1 0.452001701402873 0.331271005278736 0.447370510540975 0.863660840099212 1.04296509274481 -0.416391751841616 0 0 576 0 0 0 0 0 0 0 0 0 0
1 0.508144489097742 0.488063287315436 -0.26722805548313 -1.46090735652519 -0.261974070882121 -0.748766083327685 0 0 577 0 0 0 0 0 0 0 0 0 0
1 -1.016471633185 -1.46009626684752 1.24569623032792 0.386466756384187 -0.427060588555304 0.526083394389064 0 0 578 0 0 0 0 0 0 0 0 0 0
1 -0.633545573203743 0.521268131443794 -0.956721212664577 -0.059172697527239 -1.14724970037827 -0.228137247473237 0 0 579 0 0 0 0 0 0 0 0 0 0
1 -0.0634116110917227 -0.143444815406025 0.173290985663619 -0.311953111755468 0.284411012478002 0.142283072547501 0 0 580 0 0 0 0 0 0 0 0 0 0
1 0.110794816418575 -0.0516978904342946 -0.46464918041489 -0.648632721117007 -0.189633498483793 0.630534665924811 0 0 581 0 0 0 0 0 0 0 0 0 0
1 -1.61599622587661 -0.541286993112753 0.578268431155984 0.645338050740548 0.138837124683295 0.60148809480457 0 0 582 0 0 0 0 0 0 0 0 0 0
1 -0.582240556312244 -0.451480184248406 0.138866736508058 -0.565991716607924 0.0852344753044268 0.0715080382107728 0 0 583 0 0 0 0 0 0 0 0 0 0
1 0.0440212751501122 1.99332653342251 1.51445823348268 0.902111978082446 0.420955354686165 0.441309779723664 0 0 584 0 0 0 0 0 0 0 0 0 0
1 0.0574333136104211 1.11206736812778 -0.222288483806622 0.96911411244798 0.472155979258962 -0.213570410594926 0 0 585 0 0 0 0 0 0 0 0 0 0
1 0.224808415286971 0.383136219952336 -1.23079723371893 0.714552687034656 -1.09394166964528 1.1818497446764 0 0 586 0 0 0 0 0 0 0 0 0 0
1 0.742260415381799 1.67164052432791 -0.377851216172616 -0.300465083891985 -0.95206751316736 0.266518939993361 0 0 587 0 0 0 0 0 0 0 0 0 0
1 1.01401259895926 -0.141022243047124 1.04728305657598 -0.148396817071558 -0.216816475724334 0.686734803216761 0 0 588 0 0 0 0 0 0 0 0 0 0
1 0.565322959663433 0.214224527580191 -0.389469747494286 -0.00281927528570282 0.647010926615035 -1.09979121950214 0 0 589 0 0 0 0 0 0 0 0 0 0
1 0.009958930438753 0.478465564793172 -0.051801898609452 0.113654729814231 1.42923944947181 -1.47424371904306 0 0 590 0 0 0 0 0 0 0 0 0 0
1 0.71968181509066 0.390322536009075 -3.73176562144996 -0.173988429901636 0.310447572720342 -0.197214629613717 0 0 591 0 0 0 0 0 0 0 0 0 0
1 -0.129793779155877 -0.161164287137641 0.157958468587263 1.66547587834695 0.830268344330421 0.802634052352255 0 0 592 0 0 0 0 0 0 0 0 0 0
1 0.741084198515955 -0.508667966772445 0.0311368139850407 -0.533818237278266 0.181084137952822 -0.392550170136198 0 0 593 0 0 0 0 0 0 0 0 0 0
1 3.28251714032215 0.995855199806085 -0.987655062853363 -0.21908257149957 0.588767820872867 0.141155560243057 0 0 594 0 0 0 0 0 0 0 0 0 0
1 0.21243151966205 -1.19367972666208 0.237181693841378 0.00818295101579289 -0.515924625205313 0.161297286495578 0 0 595 0 0 0 0 0 0 0 0 0 0
1 0.385413081571297 0.380619963145086 -0.0648494429392372 0.71372160817744 0.271926904951507 0.137234524930199 0 0 596 0 0 0 0 0 0 0 0 0 0
1 1.5601808686793 1.2624728168487 0.253451391777823 -0.456883996981382 0.500080698432154 0.706168248015786 0 0 597 0 0 0 0 0 0 0 0 0 0
1 1.1937821770665 -0.445698865644815 -0.54082987153548 -0.987263111219285 0.780102172998181 0.233404939716875 0 0 598 0 0 0 0 0 0 0 0 0 0
1 0.670249660687605 -0.342585089938918 0.232955112121953 -0.734000520041876 -0.0598886226003646 1.58854338290533 0 0 599 0 0 0 0 0 0 0 0 0 0
1 0.799017305467876 0.990723194229403 -0.833539492530605 0.254195744839006 0.450768347167316 -0.133828391786801 0 0 600 0 0 0 0 0 0 0 0 0 0
1 -0.0443542176221924 -0.601099609507817 -0.147248858113915 -0.543190736714079 -0.542568518328676 -0.287194610158465 0 0 601 0 0 0 0 0 0 0 0 0 0
1 -2.0614139785062 -2.52619676618709 -6.09331630845514 0.576179888673869 -0.232520671414438 -0.080250828605643 0 0 602 0 0 0 0 0 0 0 0 0 0
1 1.22370112335548 -0.0225543169768653 -1.08463844838005 -0.333132871362097 -1.48613581702874 0.1597272333163 0 0 603 0 0 0 0 0 0 0 0 0 0
1 0.6547826642587 -1.53119726427878 0.773040737550603 0.980525471747324 0.588114578326999 -0.0119758884654714 0 0 604 0 0 0 0 0 0 0 0 0 0
1 0.0248995891233522 -0.265260960891119 -0.200688710664525 -1.23625182745959 0.421861638851479 -0.169902856746157 0 0 605 0 0 0 0 0 0 0 0 0 0
1 -0.0996317710521949 0.969570155523289 -0.533425682372438 -0.368101146950997 -1.24708484501932 -0.64207708501006 0 0 606 0 0 0 0 0 0 0 0 0 0
1 -0.394671977879775 0.873544488343821 -0.540077965245172 -0.342387930417244 1.71489527229627 1.07924811748494 0 0 607 0 0 0 0 0 0 0 0 0 0
1 -0.489555428087472 0.244092962275215 0.0001688332591856 -0.694899627152159 -0.0877360416442442 0.413462955625321 0 0 608 0 0 0 0 0 0 0 0 0 0
1 -0.617822145945332 1.09389503833778 -0.0970401791788836 0.360935326620694 -1.16073102894286 -0.145917441924942 0 0 609 0 0 0 0 0 0 0 0 0 0
1 0.977948248596277 0.440702102728424 0.946294602870027 -0.448609007934736 -0.0323672477100945 -0.406373732386201 0 0 610 0 0 0 0 0 0 0 0 0 0
1 2.52738983719555 0.723913301867996 1.42443715916283 -1.03299021458913 0.189051359612115 -0.700280003748855 0 0 611 0 0 0 0 0 0 0 0 0 0
1 -3.25557171146983 1.55166153931847 0.114766953699288 -0.189953749606563 -0.0573009028327754 -0.520342238084207 0 0 612 0 0 0 0 0 0 0 0 0 0
1 -1.83192181770201 1.30500960538423 -0.691060099337077 0.467562491004294 -0.207254337877828 -0.0199555542001833 0 0 613 0 0 0 0 0 0 0 0 0 0
1 -0.0183102833871654 -0.618167311514315 0.466373647384323 -1.22299786685821 -0.587562222353224 -1.81946681550937 0 0 614 0 0 0 0 0 0 0 0 0 0
1 -0.0128578485480586 0.164940889135884 -0.966615142392652 -0.35314090365725 0.44419387810666 0.789282654378476 0 0 615 0 0 0 0 0 0 0 0 0 0
1 0.123762199389131 0.142495338253756 0.001714046592151 1.77436434092923 0.283817924604883 -0.293567416015884 0 0 616 0 0 0 0 0 0 0 0 0 0
1 1.03288744023249 -0.209845075231253 0.404887430488918 0.718446850012213 -0.883727313548867 -0.516255924073795 0 0 617 0 0 0 0 0 0 0 0 0 0
1 0.291172886316687 0.145237043498245 0.553898414519816 -0.119046167011269 -0.51121888382289 0.782284916490652 0 0 618 0 0 0 0 0 0 0 0 0 0
1 1.03909551038091 0.12268322235145 0.259988339610886 0.476118917920645 -0.694564687742011 -0.022562203998735 0 0 619 0 0 0 0 0 0 0 0 0 0
1 0.0718772280280263 0.151146637203072 0.323033014895892 -0.629295954417964 0.25486598478452 0.864035125053244 0 0 620 0 0 0 0 0 0 0 0 0 0
1 0.537389210807012 0.0327767076902604 -0.129595293884358 2.80680351156241 -0.0678105815823013 0.140249867235675 0 0 621 0 0 0 0 0 0 0 0 0 0
1 -1.14564832495055 -1.0561261350779 -0.116602822359637 0.480244151692816 -1.0579372501598 -0.562331508684253 0 0 622 0 0 0 0 0 0 0 0 0 0
1 0.367948238619514 -0.389034866713304 0.382977829743539 -2.44689888518336 -0.787017832941356 -0.43455342352707 0 0 623 0 0 0 0 0 0 0 0 0 0
1 0.0429480998664746 -0.487675273869433 0.181602953508011 1.71779081328722 -1.23352454296292 -0.561594717922657 0 0 624 0 0 0 0 0 0 0 0 0 0
1 0.0197167220080912 -0.544624275870639 -0.976393168451021 -0.967766031765164 -0.377494301413696 -0.470940266883604 0 0 625 0 0 0 0 0 0 0 0 0 0
1 -0.280307314793722 -0.559921717988734 0.79360307194806 0.353683432709575 -0.952672844837332 0.447159294127197 0 0 626 0 0 0 0 0 0 0 0 0 0
1 -0.153527545247545 -0.928996652408853 0.0300409080295129 0.10513758106396 0.171077239953756 -0.562509999522103 0 0 627 0 0 0 0 0 0 0 0 0 0
1 -0.0998499660857619 -1.04377048044744 0.227593006151608 0.603733164262747 0.00904082667732944 0.0731936998696369 0 0 628 0 0 0 0 0 0 0 0 0 0
1 -1.03031502903045 0.0792655354635816 -0.278414536026271 -1.03190594887682 -0.116930405905802 -1.55844937270648 0 0 629 0 0 0 0 0 0 0 0 0 0
1 0.561678011508942 -0.614292778132965 0.55671858329426 1.76444342520826 -0.688908337048502 0.065526575121235 0 0 630 0 0 0 0 0 0 0 0 0 0
1 0.019403847038304 -0.161310501777513 1.37677520287089 -0.00697382069187447 -0.736248487715376 0.914687859093341 0 0 631 0 0 0 0 0 0 0 0 0 0
1 0.105277564879804 -0.195185488170004 -0.0427204722506719 0.235309751259097 1.20102844521068 -0.648526748329449 0 0 632 0 0 0 0 0 0 0 0 0 0
1 0.0255220086587185 0.261144958168226 -0.0703090051322971 -1.02446007317897 0.267308184773534 -1.13516750526006 0 0 633 0 0 0 0 0 0 0 0 0 0
1 0.416077903987859 -0.304124689605031 -0.322228889793327 0.5227317805251 1.73337526582128 -1.88116140612274 0 0 634 0 0 0 0 0 0 0 0 0 0
1 0.771351985730242 0.0183587626500836 1.27840530370799 0.752405695686431 -0.00116222966403295 -0.937873436378155 0 0 635 0 0 0 0 0 0 0 0 0 0
1 -0.325668139607046 -0.171111430501707 0.369676039381717 0.452358328511133 -1.00260215629811 0.359824418626393 0 0 636 0 0 0 0 0 0 0 0 0 0
1 1.20477009021632 0.518559315394683 -0.214125542520016 0.700424639261552 0.464913954893227 -0.572630771024546 0 0 637 0 0 0 0 0 0 0 0 0 0
1 -0.0364271356107337 -0.0181411403102846 0.689140919917937 -0.730272142939534 -0.825016440949786 -0.0119760993835079 0 0 638 0 0 0 0 0 0 0 0 0 0
1 1.15486379731014 0.912249851593543 6.20232722300371 -0.0876889812241986 0.23265730660395 -0.503743024993472 0 0 639 0 0 0 0 0 0 0 0 0 0
1 -0.343954396996268 -0.0689292258400497 1.82835686929366 0.397513385862232 -0.542643787955707 -0.398194645680098 0 0 640 0 0 0 0 0 0 0 0 0 0
1 -0.842965200701629 -0.768438711766684 -0.116157934616602 0.709669112130675 1.40735506471471 0.601472873366619 0 0 641 0 0 0 0 0 0 0 0 0 0
1 -0.15102767768608 -0.662624268635245 -0.716363688106758 0.724652181920737 -0.160646713760334 1.87636632670419 0 0 642 0 0 0 0 0 0 0 0 0 0
1 1.16438438757164 -2.63365649667797 0.824199468870238 0.154891202265052 0.718106896665688 0.0870642151081798 0 0 643 0 0 0 0 0 0 0 0 0 0
1 -1.05102858786627 -0.467549566202445 0.272572169853257 -0.0112340595176247 -0.638405122998396 0.287385775868213 0 0 644 0 0 0 0 0 0 0 0 0 0
1 0.750405571921599 0.748151214350239 0.16523061503824 -0.0917941100796937 0.378975833532344 0.467780697811751 0 0 645 0 0 0 0 0 0 0 0 0 0
1 2.32612769504583 -0.802027820297873 1.93178673355605 0.312958044828803 -0.570169416246473 0.0232282838720996 0 0 646 0 0 0 0 0 0 0 0 0 0
1 2.04275116920072 1.80054634481893 -0.300920888796133 -0.824830565661846 0.447372376050622 0.122055054076452 0 0 647 0 0 0 0 0 0 0 0 0 0
1 0.610330855137464 -0.0865620170514844 0.31714246640154 1.80532586616798 -0.455713263141908 -0.569511993717351 0 0 648 0 0 0 0 0 0 0 0 0 0
1 1.82575795012543 -1.73979332355631 1.72740172541309 -0.938407978550811 -0.186951402288312 0.558202610885024 0 0 649 0 0 0 0 0 0 0 0 0 0
1 0.17327821274947 0.330263196700179 0.159725863702693 -0.0147649684000737 -1.99831205669679 -0.48610110235473 0 0 650 0 0 0 0 0 0 0 0 0 0
1 -0.322750565005363 0.75415135790054 -0.799686806469776 0.56820853678514 -0.742884345057102 -1.0311639799019 0 0 651 0 0 0 0 0 0 0 0 0 0
1 0.114502238173893 -0.0777573793231603 0.575884223744681 -1.71993292271798 1.180090890037 -0.107828692426287 0 0 652 0 0 0 0 0 0 0 0 0 0
1 -1.09442753947951 2.10645487331278 0.0826764552374206 0.114733987703769 0.0332382937561565 -0.0362538810625325 0 0 653 0 0 0 0 0 0 0 0 0 0
1 1.75956946561833 1.9832648141848 0.972700098910547 0.0351421757850824 0.545094066729676 0.359638083597079 0 0 654 0 0 0 0 0 0 0 0 0 0
1 0.543722416284893 -0.355139493452256 -0.274531740790608 -1.24648992913774 -1.20257608968544 -0.731047746992132 0 0 655 0 0 0 0 0 0 0 0 0 0
1 -0.0818339601763893 -0.137937976897097 0.914997590941266 1.71103596853635 1.26473856102184 -0.128608496493464 0 0 656 0 0 0 0 0 0 0 0 0 0
1 -0.695266021314882 0.673382174282672 -2.12862093754543 0.642080731565417 0.813702598350254 -0.327651187972431 0 0 657 0 0 0 0 0 0 0 0 0 0
1 0.653108545801876 0.0908146489207615 0.645161222822432 -0.454687316659416 -0.518609017616581 1.88222154361085 0 0 658 0 0 0 0 0 0 0 0 0 0
1 0.0691227861698653 -0.0232471950108194 -0.238028311240601 -0.680680334792268 1.21495573103889 -1.16131414964528 0 0 659 0 0 0 0 0 0 0 0 0 0
1 -0.677484321578529 0.551976196947482 2.21946105458714 -0.51179252159958 -0.197951688424026 -0.0451146333098483 0 0 660 0 0 0 0 0 0 0 0 0 0
1 0.944737510599193 1.03113447320015 0.3996681185594 -0.486643934878037 0.964409864101968 -0.936781504953812 0 0 661 0 0 0 0 0 0 0 0 0 0
1 0.761033933430432 0.121018218328193 0.293208065877693 -0.276592421305845 -0.419383769762533 0.550906918415783 0 0 662 0 0 0 0 0 0 0 0 0 0
1 -0.936164756442754 -0.274080124879922 -0.180395160770394 0.954199294798248 0.381900688014617 -0.307880782741066 0 0 663 0 0 0 0 0 0 0 0 0 0
1 0.277297513548007 0.926869274344786 -0.128720594471989 0.234526413584446 0.673017032856196 -1.10484080516519 0 0 664 0 0 0 0 0 0 0 0 0 0
1 0.579217216401106 1.34877248119501 -1.08776128163531 0.782442137945455 -0.668865522343361 0.688134696712345 0 0 665 0 0 0 0 0 0 0 0 0 0
1 0.770101580701345 -0.0817405287045748 -0.0054640602816978 0.464857979697979 -1.73613032747787 -1.1175709902092 0 0 666 0 0 0 0 0 0 0 0 0 0
1 -0.547608188780938 -0.0831438081572314 -0.447543642144879 0.999231186124925 -0.193169184484161 0.502705291291267 0 0 667 0 0 0 0 0 0 0 0 0 0
1 1.62902984142099 -0.0091302328246895 -0.180778918306024 0.284697331263973 0.204938634386694 -0.033355793725284 0 0 668 0 0 0 0 0 0 0 0 0 0
1 -0.617489355287843 0.294887179355812 -0.122821601517134 -1.29467838683051 0.145384697408816 0.565261157115396 0 0 669 0 0 0 0 0 0 0 0 0 0
1 -0.509791688624499 0.555216923801136 -0.469643427907932 -0.321945934811381 -1.11286743901141 -0.485747286130718 0 0 670 0 0 0 0 0 0 0 0 0 0
1 1.1004067236531 -1.33046578729058 2.20159084110184 -0.241396240880589 0.452113699360055 0.238092256989903 0 0 671 0 0 0 0 0 0 0 0 0 0
1 -0.595122688907783 -0.603882455288366 -0.546528293933955 -0.502765567451421 -0.261294742986954 -0.0208095533526733 0 0 672 0 0 0 0 0 0 0 0 0 0
1 0.584617309100629 1.48916136116903 0.13883941464863 -0.346893363566532 -0.720331358040628 -0.44138063911146 0 0 673 0 0 0 0 0 0 0 0 0 0
1 -0.387287666580979 0.197748476448687 -0.270707921084813 -0.372482483871999 1.48030417946729 0.531861844235268 0 0 674 0 0 0 0 0 0 0 0 0 0
1 -1.31871083396978 1.57629182027974 0.296326770847135 0.54197331018511 0.519288764484057 -0.371739548210618 0 0 675 0 0 0 0 0 0 0 0 0 0
1 0.978998833089136 -0.782093547707122 0.250496739882827 -1.34238840389715 -0.46563760426015 0.308802340513423 0 0 676 0 0 0 0 0 0 0 0 0 0
1 -0.0208233757669746 0.0100025731745828 0.421684897037762 0.568009635968762 -2.07238944997309 0.221309090136917 0 0 677 0 0 0 0 0 0 0 0 0 0
1 1.27992332628266 0.298336312485905 0.901655188810726 -0.887422771948018 -1.22421346502043 -0.989695786654128 0 0 678 0 0 0 0 0 0 0 0 0 0
1 -0.145280796225176 -0.153243774627051 -0.0632277896874138 -0.0161916189597641 -1.18209214698889 -0.2202531397606 0 0 679 0 0 0 0 0 0 0 0 0 0
1 0.125698100017159 -3.22536913628054 -1.32115227408642 0.550972224484098 0.85946669271601 -0.0730423704271825 0 0 680 0 0 0 0 0 0 0 0 0 0
1 3.22527025253187 1.62732147822308 -0.0297748647121922 0.189909203895603 0.693026394147036 -0.252596055156371 0 0 681 0 0 0 0 0 0 0 0 0 0
1 -0.086077839457215 -0.674187263467705 -0.195576166924436 1.17098604086526 0.0626079397610129 -1.75872438238068 0 0 682 0 0 0 0 0 0 0 0 0 0
1 -0.941179147284104 -0.664543034951172 -0.511607516473862 0.320045926078932 -1.67718059146044 0.471699471969945 0 0 683 0 0 0 0 0 0 0 0 0 0
1 0.0718368709208354 0.333768534634249 0.851972833982632 0.284974280908106 0.57452430454673 0.456400942629174 0 0 684 0 0 0 0 0 0 0 0 0 0
1 -0.104498486247745 0.586549569049042 -0.724334023025216 0.866009659408977 0.409318174107758 -0.190765325468188 0 0 685 0 0 0 0 0 0 0 0 0 0
1 -0.861277723762787 -1.0471875001774 -0.0069846969036202 0.18976335048633 1.71488472642432 0.29916362384612 0 0 686 0 0 0 0 0 0 0 0 0 0
1 -0.458748602190818 -0.257947169140955 -0.0841227782388442 0.998775418467179 0.718683148706811 -0.0540068695709285 0 0 687 0 0 0 0 0 0 0 0 0 0
1 0.398230773268252 -0.13211853315509 -1.71789632778422 0.82655619403729 -0.566190411751512 -0.179536375251537 0 0 688 0 0 0 0 0 0 0 0 0 0
1 1.46469001953964 0.659488953119108 1.74964382239174 -0.25511778917534 -0.420393252587086 -0.565539203691625 0 0 689 0 0 0 0 0 0 0 0 0 0
1 -0.6665729179917 0.0445081968758175 -0.177202218939198 -1.36449857834703 -1.12559596162491 -0.687368695474194 0 0 690 0 0 0 0 0 0 0 0 0 0
1 -0.822030574656331 0.998505287670269 0.721309016117238 0.254840766209774 -0.628182994256206 -0.043330641164473 0 0 691 0 0 0 0 0 0 0 0 0 0
1 -0.0878879768782664 1.09874867091574 -0.0364551630037999 -1.41047870616664 0.279657981190815 -0.918004171931057 0 0 692 0 0 0 0 0 0 0 0 0 0
1 1.5641226094118 1.2038808883319 -0.394387252212074 -0.510049755268577 -0.307858766979898 0.212027504870117 0 0 693 0 0 0 0 0 0 0 0 0 0
1 -0.384224274741052 -0.450921047317622 0.345943076517028 0.323174283513979 -0.319386386556219 0.403609902097852 0 0 694 0 0 0 0 0 0 0 0 0 0
1 -0.741845704516474 -0.154284911666579 0.568332940383735 -0.670753208086836 1.04338756921173 0.00624386662583016 0 0 695 0 0 0 0 0 0 0 0 0 0
1 -0.853445499004778 2.92265364064695 6.11887319176169 -0.423002704370748 -0.596848431469137 -0.237491457597282 0 0 696 0 0 0 0 0 0 0 0 0 0
1 0.11110301862294 -0.17139906152584 -0.562884381418814 0.877624108864894 1.02522287082099 0.802303457205229 0 0 697 0 0 0 0 0 0 0 0 0 0
1 -1.41970109966209 0.212719200591991 0.58092097612429 -1.311962858454 -0.454954272369573 -0.143966859961924 0 0 698 0 0 0 0 0 0 0 0 0 0
1 0.442393390154712 0.240585215313607 0.336199606838051 0.454645474103881 0.152114721217048 0.17242127687046 0 0 699 0 0 0 0 0 0 0 0 0 0
1 -0.658162693620465 0.925930035259069 0.206244038520038 1.19711100896238 -1.58183759473521 -0.449095912739013 0 0 700 0 0 0 0 0 0 0 0 0 0
1 0.0426459563695859 -0.0142198902735748 -0.970302213287216 -0.027046664806175 1.22889911716154 0.343593655008185 0 0 701 0 0 0 0 0 0 0 0 0 0
1 0.254507393280097 -0.362216084122725 -0.157473328409536 1.14193709646364 -0.199460970079108 -0.701599198543068 0 0 702 0 0 0 0 0 0 0 0 0 0
1 -1.20231292789384 0.116356402990961 -0.696978690878377 -0.736595513577958 0.525477351074034 -0.249651959645005 0 0 703 0 0 0 0 0 0 0 0 0 0
1 -0.0694626191043116 -0.530582571924526 -0.791140930721068 -0.686207438116855 0.0162430510768415 0.327362698140789 0 0 704 0 0 0 0 0 0 0 0 0 0
1 0.316271462784833 0.238403937794128 0.461447198333899 1.20817295262578 -0.380716125297704 -2.12385808778581 0 0 705 0 0 0 0 0 0 0 0 0 0
1 -0.59582074841192 0.165130263251258 -0.626364386221702 0.197135464501658 0.000581127508499042 -0.66497620932929 0 0 706 0 0 0 0 0 0 0 0 0 0
1 -0.686788008033889 0.315720200236365 1.6447589382761 0.355674840413397 -1.20623167001817 -0.667913860121084 0 0 707 0 0 0 0 0 0 0 0 0 0
1 0.124774866846427 -0.372865158976885 0.0901089197102876 -0.298799549313589 -0.916637373760494 -1.81244023070218 0 0 708 0 0 0 0 0 0 0 0 0 0
1 0.116726011593151 2.41978220490742 -1.22749609436177 0.0771948694872618 0.0357992920218449 0.070353600831199 0 0 709 0 0 0 0 0 0 0 0 0 0
1 0.185589946265184 -0.597921628591893 0.480992181239636 1.07611328539588 0.235401525874361 0.11695694915655 0 0 710 0 0 0 0 0 0 0 0 0 0
1 -0.701794164576396 0.554280463445573 0.280351161489574 -0.28512652565677 0.800377657699042 -0.00185727532827057 0 0 711 0 0 0 0 0 0 0 0 0 0
1 0.336339453524595 0.507752213293822 -0.50408436868576 -0.240751028259745 0.409420739269443 -0.0893550068856756 0 0 712 0 0 0 0 0 0 0 0 0 0
1 0.846216468382676 0.716816740705952 -0.477759517149723 -0.810409712110299 -0.881612419881864 -0.256526315260027 0 0 713 0 0 0 0 0 0 0 0 0 0
1 0.758329807188076 0.721210085392996 0.264396839526088 -0.836554342103388 -0.221161561331664 -0.162324743648139 0 0 714 0 0 0 0 0 0 0 0 0 0
1 -0.367217012918633 0.0748310011500805 0.092613668471068 0.967370761111548 -1.35175223087534 -0.152139026934314 0 0 715 0 0 0 0 0 0 0 0 0 0
1 0.678933438995329 0.181584576295277 0.0147555609466806 0.439213392677019 -0.794345408336907 -0.150828210940786 0 0 716 0 0 0 0 0 0 0 0 0 0
1 -0.58575555630082 0.384262458568986 0.758951210480945 -0.765356454102383 1.47891720275349 -0.828650246763267 0 0 717 0 0 0 0 0 0 0 0 0 0
1 -0.975577597285045 -0.375877425017708 0.286455949808784 -0.320072458398896 -0.36223509969925 -0.919838622532811 0 0 718 0 0 0 0 0 0 0 0 0 0
1 -0.182196610691726 0.174492128951121 -0.263259877100256 0.277020145796973 0.782968330560665 1.0631420572022 0 0 719 0 0 0 0 0 0 0 0 0 0
1 -0.176586578545986 -1.04806038146791 -0.771889018061773 1.24771633463943 0.0281518602149207 0.227204718470032 0 0 720 0 0 0 0 0 0 0 0 0 0
1 -0.069343177113871 -0.197084702547821 0.224371465191463 0.359826303379667 -0.447947111957521 -0.154421165083389 0 0 721 0 0 0 0 0 0 0 0 0 0
1 0.547252588045543 0.439147387865698 0.841285180980428 0.950873765992491 -0.630065230361968 -0.336833317626267 0 0 722 0 0 0 0 0 0 0 0 0 0
1 1.83768962019031 0.422012654543285 1.22797417780255 0.479018024206113 -0.451435369088256 -0.875921849050343 0 0 723 0 0 0 0 0 0 0 0 0 0
1 -0.218188476282162 -0.0370634053539084 0.337077735725929 -0.063056008390951 -1.40615465082305 -0.99649735864481 0 0 724 0 0 0 0 0 0 0 0 0 0
1 -0.869845178363027 3.89163238589999 0.392942353832355 0.279431235427738 0.0517573076079014 1.02741987146381 0 0 725 0 0 0 0 0 0 0 0 0 0
1 -0.771026986370289 0.784696961717785 0.273315851801339 0.1167140310543 -0.392143974000617 -0.626746505041626 0 0 726 0 0 0 0 0 0 0 0 0 0
1 0.0299250099159863 -0.420695841619117 0.733534786919 -0.898963953835473 0.482913320064441 -0.714042875976064 0 0 727 0 0 0 0 0 0 0 0 0 0
1 -0.0867321313832874 -0.0143691568234428 0.294352826730929 -1.06586586856004 0.887538653987734 0.446085894564231 0 0 728 0 0 0 0 0 0 0 0 0 0
1 -0.191725301882328 0.214107237851283 0.197905093497967 -0.062654862469262 0.513534925224509 -2.31319594644793 0 0 729 0 0 0 0 0 0 0 0 0 0
1 -2.72440429361753 2.47462153575934 4.36366080012437 -0.345776319230063 -0.0718817783625407 0.290379028822449 0 0 730 0 0 0 0 0 0 0 0 0 0
1 -0.322842913930574 0.203939609613904 -0.339422987314322 -1.63175854403452 -1.06158915405882 0.756286881950138 0 0 731 0 0 0 0 0 0 0 0 0 0
1 -0.146312019438272 -0.630699971223138 0.623123860214986 -0.451980123742049 -0.263551962226441 0.297039700605843 0 0 732 0 0 0 0 0 0 0 0 0 0
1 -0.085266361316012 -0.814007816984957 0.423881681389825 -0.572115138487469 0.346155444647274 0.724640153755267 0 0 733 0 0 0 0 0 0 0 0 0 0
1 -0.186403966405406 0.173916161569153 -0.1900660220569 1.25205449615491 0.7422182185994 0.131362338787712 0 0 734 0 0 0 0 0 0 0 0 0 0
1 0.105163776620168 -0.730555888222692 -0.523262449733632 -0.891105640562248 -0.546469602498171 -0.356101308336266 0 0 735 0 0 0 0 0 0 0 0 0 0
1 0.976710569624239 1.27897179844987 0.746005852798294 0.409214811646047 0.156600150544438 -0.571697634331423 0 0 736 0 0 0 0 0 0 0 0 0 0
1 0.614629029064887 0.290396527190759 -0.0290376799157973 0.327151352831574 0.592632224641308 -0.916626137096361 0 0 737 0 0 0 0 0 0 0 0 0 0
1 0.448573363316696 -0.441351255840967 -0.0508477832868063 0.947431876219148 -0.366762040579493 -0.512359123293627 0 0 738 0 0 0 0 0 0 0 0 0 0
1 -2.31497206914276 1.33164913652846 0.308959738680139 0.181926510777967 0.215033250142021 -0.393103065051265 0 0 739 0 0 0 0 0 0 0 0 0 0
1 -2.26683801312558 2.93868531905164 0.625335839448549 0.292172208461667 -0.499168685474394 -0.0435965140681818 0 0 740 0 0 0 0 0 0 0 0 0 0
1 0.349036129464091 0.520472203249551 -0.041312535944916 -1.66922737156455 1.12042706236936 0.194159788507161 0 0 741 0 0 0 0 0 0 0 0 0 0
1 0.729722117318446 0.80329556419777 0.126271695808929 -0.692449684449256 -0.267998790504667 -1.13268085588067 0 0 742 0 0 0 0 0 0 0 0 0 0
1 -0.356164538801559 0.0871689436404455 -0.192196945228184 1.08162516098968 -0.919561116407958 -1.43105209143941 0 0 743 0 0 0 0 0 0 0 0 0 0
1 -0.360242346894448 -0.0056064778025953 -0.0927205912063389 -0.427005743655392 0.459889368443349 -2.16410365143121 0 0 744 0 0 0 0 0 0 0 0 0 0
1 0.288851285588865 -0.453920556748184 -0.264687159430313 0.584589341876919 0.732222029375201 0.985247343811762 0 0 745 0 0 0 0 0 0 0 0 0 0
1 -0.151340477173862 0.813824595840257 -0.575997235160797 -0.790359292374909 1.23522075824108 -0.70974755992869 0 0 746 0 0 0 0 0 0 0 0 0 0
1 -0.213106894407325 -0.708263702494495 1.73258659035051 -0.499805407388823 -0.0844049122859213 -0.30284659068692 0 0 747 0 0 0 0 0 0 0 0 0 0
1 0.361606974224446 -0.665812594208721 0.248775655468901 0.154516402307988 0.799493253657762 -0.585430450114831 0 0 748 0 0 0 0 0 0 0 0 0 0
1 -0.0410186531304612 -0.922615006891402 0.129042005676478 0.145083942090671 -0.0601825955923265 -0.640119743363201 0 0 749 0 0 0 0 0 0 0 0 0 0
1 -2.30984137944685 -0.616351160714709 0.911965402849035 -0.289634626610074 -0.391886399295643 0.457686553688394 0 0 750 0 0 0 0 0 0 0 0 0 0
1 -0.762797619353985 0.173889350401317 0.258609443861692 -0.177253331558486 -0.70063611831133 -0.232732339274329 0 0 751 0 0 0 0 0 0 0 0 0 0
1 0.198079479010737 -0.973439996195498 1.18251510616792 0.0208365538631983 -1.21186439650685 -0.948975262693269 0 0 752 0 0 0 0 0 0 0 0 0 0
1 -0.481121306899762 0.210043937919518 0.0491163916016495 -1.30734787071178 1.96273384878946 0.306662007160367 0 0 753 0 0 0 0 0 0 0 0 0 0
1 -0.472208958939678 1.51389644409987 0.0267437384893223 -1.03042943133762 -0.534586699008839 0.308242466939952 0 0 754 0 0 0 0 0 0 0 0 0 0
1 -0.930589724747569 -0.27880819409188 0.942706859285684 0.385164760118354 0.6908600989096 0.271554303783998 0 0 755 0 0 0 0 0 0 0 0 0 0
1 -1.00992003909694 -0.566227480900535 -0.300043949549819 -0.661897282851122 0.318579905115829 0.0698438950645534 0 0 756 0 0 0 0 0 0 0 0 0 0
1 0.629967321770249 -0.817750995738525 1.32179711442741 -0.9642230519123 -0.153665983058157 -0.268425091942707 0 0 757 0 0 0 0 0 0 0 0 0 0
1 -0.0713596533085923 -0.647629337016282 -1.70441872006256 0.337938825582348 0.242671621165443 -0.0339106725884998 0 0 758 0 0 0 0 0 0 0 0 0 0
1 0.465878921666977 0.57759365245459 1.04685259772022 -0.329676333385069 1.21049299715817 0.216938251580125 0 0 759 0 0 0 0 0 0 0 0 0 0
1 -0.85046549271638 0.085718024121832 0.0332377328896766 -0.339586738845831 -0.9389116257541 0.334341129898906 0 0 760 0 0 0 0 0 0 0 0 0 0
1 -0.282156052717188 0.0513419855045316 0.8149080533583 -0.740536895218121 1.45053850559751 -0.535589072803864 0 0 761 0 0 0 0 0 0 0 0 0 0
1 -1.5312117674144 0.0447136733771503 0.8183141085368 0.243375774161185 0.77437944832536 0.0836256005207913 0 0 762 0 0 0 0 0 0 0 0 0 0
1 0.348759030462186 -0.403840255464148 -0.532320454040783 -1.32053753569748 0.890284183738407 1.46376014664773 0 0 763 0 0 0 0 0 0 0 0 0 0
1 0.675239760760928 -0.912847402268529 0.251463112963497 0.349379228531198 0.125501638089836 1.37573729826956 0 0 764 0 0 0 0 0 0 0 0 0 0
1 -1.10144727332549 0.318930989760581 -1.56580195586879 1.29381636931053 -0.610898226595543 0.531544316630133 0 0 765 0 0 0 0 0 0 0 0 0 0
1 -0.271242418014864 -0.619336426084486 -0.342737982349914 -1.02958824226701 0.73092824098477 -0.575222586335365 0 0 766 0 0 0 0 0 0 0 0 0 0
1 -0.465182562768791 1.76615237931473 -0.771002012107469 0.861297628287558 0.644363202520199 0.971790086220211 0 0 767 0 0 0 0 0 0 0 0 0 0
1 -0.0241157245573303 0.0969961054626853 0.0724429439249784 0.441453589022298 -0.219183045031298 0.12576029917768 0 0 768 0 0 0 0 0 0 0 0 0 0
1 0.591624952261996 -0.192918352773252 0.231382329610879 -0.0592969277110302 -0.140507337997368 -0.772217201266471 0 0 769 0 0 0 0 0 0 0 0 0 0
1 -0.455648781294659 -1.78758349055815 -0.527908985233939 -0.374217174339077 0.665743274736973 0.0239464463126366 0 0 770 0 0 0 0 0 0 0 0 0 0
1 -1.03302208621564 -0.0942466691641618 -0.104634214501329 -1.58311851936007 -0.35379493659531 0.324658004549852 0 0 771 0 0 0 0 0 0 0 0 0 0
1 0.32778213554183 -0.722731777933336 -0.341066390514163 0.883376142365498 0.204585906298213 -0.94129473174997 0 0 772 0 0 0 0 0 0 0 0 0 0
1 0.109433098191966 0.351022221515944 0.443305699897191 0.7964079834894 -1.74792953164345 -0.760957582843856 0 0 773 0 0 0 0 0 0 0 0 0 0
1 0.572290089862209 -0.84646264164185 -1.67021300422312 0.546323966580844 0.330974323744162 0.975067117341126 0 0 774 0 0 0 0 0 0 0 0 0 0
1 -0.366546284982376 0.940530190721069 0.0505201685794867 -0.419119264644812 -0.528086160087881 -0.0125538832941159 0 0 775 0 0 0 0 0 0 0 0 0 0
1 0.772482348128695 0.316731854569804 0.05100375585754 -0.420607246962226 0.736869376284163 -1.31569276967024 0 0 776 0 0 0 0 0 0 0 0 0 0
1 0.837534991709951 -0.455029355586501 1.19934461197456 -0.484952794477338 -0.152122966885769 0.434656022057299 0 0 777 0 0 0 0 0 0 0 0 0 0
1 1.10489149760924 0.0834427493057312 1.20541679814692 0.186671402739161 1.0903681235985 -1.01335596191984 0 0 778 0 0 0 0 0 0 0 0 0 0
1 3.084915753837 -3.10707768471214 1.86551401461508 0.733017475235329 -0.505499446090406 -0.408586901181574 0 0 779 0 0 0 0 0 0 0 0 0 0
1 0.0997653887759562 -0.181507127769874 -0.81148224080969 -1.78083314614058 -0.412454545436138 0.198810711445118 0 0 780 0 0 0 0 0 0 0 0 0 0
1 -0.123379094604138 -1.02392151295222 -0.649420656198702 -0.758968230874961 0.765019664539366 0.422491582387796 0 0 781 0 0 0 0 0 0 0 0 0 0
1 0.33955125779798 0.601889125525091 0.392870380217093 0.486411369429894 -1.53390951585129 0.0217859862261294 0 0 782 0 0 0 0 0 0 0 0 0 0
1 -0.308157386996728 -0.116994714315574 0.3023524895927 0.087074774838655 -0.857593528181512 -0.248406568390623 0 0 783 0 0 0 0 0 0 0 0 0 0
1 0.639379627063582 -0.124442858267441 -0.177416518818635 -0.392664166163113 0.495941218481659 -0.133611522626989 0 0 784 0 0 0 0 0 0 0 0 0 0
1 0.165038768635548 -0.506044827602093 -0.383443692662058 -0.00340982580436609 -0.402568420901096 0.674829753661031 0 0 785 0 0 0 0 0 0 0 0 0 0
1 -0.75061634338954 1.24516730740097 -0.0408801915705064 0.987591720818469 0.150009455828428 0.491778331142618 0 0 786 0 0 0 0 0 0 0 0 0 0
1 0.459311855117509 -0.4901403344609 -0.240851034655618 0.227111295420311 -1.14092428114517 -1.37993704323892 0 0 787 0 0 0 0 0 0 0 0 0 0
1 -0.297065548086625 -0.329690197917922 -0.103017872437047 -0.482597082738074 -1.49365334150528 0.232225944652622 0 0 788 0 0 0 0 0 0 0 0 0 0
1 -0.192465561088629 0.35012114293095 0.868612549286146 0.273060094521091 -0.226997545959427 -0.163508568651699 0 0 789 0 0 0 0 0 0 0 0 0 0
1 0.719933923084246 -0.0098257828227176 -0.237384382305512 1.70189290111518 -0.0718043200853068 0.482998373200867 0 0 790 0 0 0 0 0 0 0 0 0 0
1 0.0456766922608484 0.852719503091591 -0.169494731435299 0.683022233506503 0.830777901083808 1.18065046481704 0 0 791 0 0 0 0 0 0 0 0 0 0
1 -0.358152032665775 -0.263624192635419 0.311102606008884 0.609123891563545 0.507642333381804 0.119992546611296 0 0 792 0 0 0 0 0 0 0 0 0 0
1 -0.388687027272407 -0.533097225854633 -0.0566886993666306 0.487916377111493 0.101172819762023 0.630423235943966 0 0 793 0 0 0 0 0 0 0 0 0 0
1 0.11689965333232 0.256433494034856 0.0687305103446861 -1.2574544098723 -0.112403073131162 -1.70968816747918 0 0 794 0 0 0 0 0 0 0 0 0 0
1 0.348698638123983 1.27316430482673 -0.148631838872329 0.886924638746613 0.222369664931068 -0.0286221222401002 0 0 795 0 0 0 0 0 0 0 0 0 0
1 -0.884811954166501 -0.497857305600378 0.7761085265265 -0.850852795268722 1.34121715557548 0.94586702016122 0 0 796 0 0 0 0 0 0 0 0 0 0
1 -0.259050342089917 -0.0119089892282826 -0.546261947723786 0.0525546806395441 0.841266623980655 0.0780268976623353 0 0 797 0 0 0 0 0 0 0 0 0 0
1 -0.517150634985866 -0.0458608492655729 0.752908780487675 -0.740599658859843 1.65930227482644 -0.133318225762183 0 0 798 0 0 0 0 0 0 0 0 0 0
1 0.414340854150826 -1.67081377129532 0.202644247603078 0.256704188951607 0.362390788778622 0.209347278637678 0 0 799 0 0 0 0 0 0 0 0 0 0
1 -0.189828626884755 2.42317425347152 -1.56899614152196 0.219637781309071 -0.127648224561363 -0.376583032760455 0 0 800 0 0 0 0 0 0 0 0 0 0
1 -0.125172321398868 -0.401885508410596 0.510029683914054 0.278204765059557 1.69169163301456 0.329008995484283 0 0 801 0 0 0 0 0 0 0 0 0 0
1 0.393367857699041 0.0545761150101681 -0.35717705273743 1.37750084620857 -0.24495024872531 -0.063254913306688 0 0 802 0 0 0 0 0 0 0 0 0 0
1 1.86267752931213 1.63341748307254 -0.378182663138657 -0.43239367947094 0.197668525525588 -0.535107432190192 0 0 803 0 0 0 0 0 0 0 0 0 0
1 -0.181888558342214 1.1396542227894 -0.164077842295972 -0.00990647514557561 -1.16179723253998 -0.423830669581003 0 0 804 0 0 0 0 0 0 0 0 0 0
1 -0.452882245028831 0.278720085594425 0.234944598911991 0.0191239954389717 -1.37619286044105 1.16220881308323 0 0 805 0 0 0 0 0 0 0 0 0 0
1 -0.41577456015307 0.119186885647033 1.09202315145511 -1.49679874592609 0.151945547095401 -1.05970020514735 0 0 806 0 0 0 0 0 0 0 0 0 0
1 1.18571087633647 1.40636953665753 0.957594298128456 -0.0495914381810785 0.283165941852149 0.179394212646202 0 0 807 0 0 0 0 0 0 0 0 0 0
1 0.32537614164609 -1.07838499535742 -3.32548404128347 -0.121959685294294 -0.187815923387876 0.567040998316988 0 0 808 0 0 0 0 0 0 0 0 0 0
1 -0.536186771763731 0.273152335476445 -0.473593535241879 -0.511882268683725 0.269059895322692 -1.72641458584327 0 0 809 0 0 0 0 0 0 0 0 0 0
1 -0.589400164443654 -0.844958133345674 0.549715771898686 0.000841862875657781 -0.582902818211048 0.698079713836098 0 0 810 0 0 0 0 0 0 0 0 0 0
1 0.520524235511928 -0.244931644604962 -0.0020673920407867 -0.0132072499434672 2.01717758882283 -0.236537403951135 0 0 811 0 0 0 0 0 0 0 0 0 0
1 -0.50550914167104 2.14332045842297 0.31678750538852 0.742848747428708 -0.515080972135735 0.524653759281045 0 0 812 0 0 0 0 0 0 0 0 0 0
1 -0.440854910751428 -0.595956906301752 0.263236960386768 0.076323746030802 0.648340347401334 -0.546934285118225 0 0 813 0 0 0 0 0 0 0 0 0 0
1 1.12728451516689 -0.382155271093075 -2.46167184612699 0.259065718132007 -0.282033005274025 0.0932108490660779 0 0 814 0 0 0 0 0 0 0 0 0 0
1 0.260023939592067 -0.122113477074975 -0.11647941993352 -0.453619657990336 0.206413419658932 -0.995609579216048 0 0 815 0 0 0 0 0 0 0 0 0 0
1 0.697947271791305 0.968754881018959 -0.203660379407972 0.175435964023866 -0.631533645867573 0.397840022780458 0 0 816 0 0 0 0 0 0 0 0 0 0
1 0.574492593722483 -0.18970273823928 0.145998886875948 0.110700768688443 -1.9116695591426 -0.3622914642505 0 0 817 0 0 0 0 0 0 0 0 0 0
1 0.207817221538981 -0.190998063006137 -0.305766945776394 -0.169411109368375 0.828434378816777 -0.575370110131417 0 0 818 0 0 0 0 0 0 0 0 0 0
1 0.790715197347504 1.271683221718 1.65697363899329 0.512216803732856 -0.120546850386168 0.626893652810796 0 0 819 0 0 0 0 0 0 0 0 0 0
1 0.745372834723473 -0.343175927901442 0.667471726388382 -0.579313472021473 0.526053228807213 0.0566885900124136 0 0 820 0 0 0 0 0 0 0 0 0 0
1 -0.877132674905457 0.408365909549613 -0.203267736682592 -0.381502766006866 -1.30809218741527 0.943788646404384 0 0 821 0 0 0 0 0 0 0 0 0 0
1 -0.50030867422811 -0.297165364405713 0.0849736877733115 -0.250225721129937 1.55654161769373 -0.441336379531417 0 0 822 0 0 0 0 0 0 0 0 0 0
1 0.748941891966145 -0.834395231162277 -0.0820151353729418 0.0641508953443646 1.57413735682171 -0.658535502737806 0 0 823 0 0 0 0 0 0 0 0 0 0
1 -0.0050510639970784 0.596148028037679 0.415887485826747 -0.0154102214447394 0.189576502603803 -1.08463778315356 0 0 824 0 0 0 0 0 0 0 0 0 0
1 0.731774030222414 0.474574190616185 -1.14552097495512 -1.02128103919465 -0.596462442715195 -0.255640813272891 0 0 825 0 0 0 0 0 0 0 0 0 0
1 4.45771763479358 -2.24348579042058 -1.92586346854598 0.418550382830036 -0.40469910949784 -0.218096011561839 0 0 826 0 0 0 0 0 0 0 0 0 0
1 -0.332087900729115 -0.278484636845997 0.388058536941583 0.944051697139776 1.33195641780046 0.57714601734031 0 0 827 0 0 0 0 0 0 0 0 0 0
1 -1.43708893074225 1.41403092629611 0.647411234532895 -0.405215177414969 0.0581221391068334 -0.516048140824834 0 0 828 0 0 0 0 0 0 0 0 0 0
1 0.154163663736252 -0.441495111173042 -0.0304172145436931 0.623130332124446 -2.00957987630472 -0.0478114188248732 0 0 829 0 0 0 0 0 0 0 0 0 0
1 0.377847816754568 -0.0613352943216198 0.652037916461635 0.140401807963268 -0.412630664850251 1.08888864500276 0 0 830 0 0 0 0 0 0 0 0 0 0
1 -0.499344298738883 0.0492199812909224 0.0827626706538728 -0.765040837401614 1.33977961937806 0.21645966566455 0 0 831 0 0 0 0 0 0 0 0 0 0
1 0.235644796934577 -0.979332517903347 0.723043300145036 0.0820688772876579 0.201180649215151 0.106604479640116 0 0 832 0 0 0 0 0 0 0 0 0 0
1 -2.02761701623337 1.52745504516142 3.73327308404161 -0.610152943871855 0.157312686668822 0.132734479974679 0 0 833 0 0 0 0 0 0 0 0 0 0
1 -0.377830064635984 -1.03130503295125 -0.044943390316153 -1.18396454672065 0.0836474797085598 0.607696881891529 0 0 834 0 0 0 0 0 0 0 0 0 0
1 0.285253941477275 0.423893004647598 -0.176943980677899 0.145204851238369 -0.185973317007929 -0.421618261070273 0 0 835 0 0 0 0 0 0 0 0 0 0
1 0.556613793065171 -0.744188797112759 -0.350764808409646 1.14092086206959 0.61263743855817 0.065923386226228 0 0 836 0 0 0 0 0 0 0 0 0 0
1 0.144451659035966 -0.273912738116178 -0.767441947352602 1.00181990959713 0.272180293367457 0.220480286123038 0 0 837 0 0 0 0 0 0 0 0 0 0
1 0.405121349717085 -0.794331165267733 0.233561259733901 1.81852835348431 0.5359240998558 0.690138780612989 0 0 838 0 0 0 0 0 0 0 0 0 0
1 0.295685858398013 0.417803856100429 -0.0412678917099603 1.25203755095625 0.117353505806875 -0.309536159769345 0 0 839 0 0 0 0 0 0 0 0 0 0
1 0.357330581296485 -0.45425598235641 0.0658671408390157 -1.03044679984272 0.777570434815313 -1.08558456427624 0 0 840 0 0 0 0 0 0 0 0 0 0
1 -0.331806191239468 -1.13307069828058 0.0981220991666991 1.03965618722395 -0.414156369330903 -1.21385653415961 0 0 841 0 0 0 0 0 0 0 0 0 0
1 -1.12970543961265 1.01228829745575 0.192305845681757 0.0571541453600071 1.35269723712013 0.237556791744043 0 0 842 0 0 0 0 0 0 0 0 0 0
1 0.547177345580665 0.249634565350556 -0.363899440682327 0.620399949752755 0.271750008852181 -0.808971678672866 0 0 843 0 0 0 0 0 0 0 0 0 0
1 -0.547386918035047 -0.548194424244196 0.142391440183294 1.14444257116052 0.654086012572671 0.743721756920937 0 0 844 0 0 0 0 0 0 0 0 0 0
1 -0.147186246218192 -0.557973676901367 0.013104036519037 0.148328210565372 -0.929436860356546 -1.17983616148536 0 0 845 0 0 0 0 0 0 0 0 0 0
1 -0.0884806542708041 0.648839825417468 -0.0735970401146315 0.873517410265552 -1.07385229607078 -0.141311349735332 0 0 846 0 0 0 0 0 0 0 0 0 0
1 0.204804343428305 0.0914856593316336 -0.141763664225853 0.0182441952413389 -0.92850475646242 1.52096080620837 0 0 847 0 0 0 0 0 0 0 0 0 0
1 -0.260840133768794 0.652837547696875 1.70368978203723 0.120631501118254 -0.783757927606589 -0.277063073121552 0 0 848 0 0 0 0 0 0 0 0 0 0
1 -0.762551891267849 0.996251253665002 0.756140671375193 -0.212623330111656 -0.523433819886809 -0.362959141616225 0 0 849 0 0 0 0 0 0 0 0 0 0
1 -0.247064372394544 0.346270282192776 0.237037168808415 1.12669209022474 0.133169394229397 -0.818603916730174 0 0 850 0 0 0 0 0 0 0 0 0 0
1 0.665424343046974 -0.713481292011994 0.0888050522099486 -0.66411771794089 -0.116882248630164 0.468426892726659 0 0 851 0 0 0 0 0 0 0 0 0 0
1 -0.855552622510388 -0.624564060745997 -2.4282548987747 -0.0203615258255603 -0.816626750576999 0.387124548083328 0 0 852 0 0 0 0 0 0 0 0 0 0
1 -0.876491930499976 0.508660607247405 -0.07668973384813 -0.349807642634089 -0.934143356059803 -0.88421120491321 0 0 853 0 0 0 0 0 0 0 0 0 0
1 -0.273317153763551 -0.122128809879304 -1.14185161866953 0.93086464965812 0.542261973010069 0.605533035606007 0 0 854 0 0 0 0 0 0 0 0 0 0
1 0.659111231911846 -0.296384515399301 0.203220494694931 1.38899600189693 0.471981697918146 0.829479956165047 0 0 855 0 0 0 0 0 0 0 0 0 0
1 0.81216432133043 0.300642221728335 -0.293749792510043 0.647904498710148 0.667332543367681 0.43249204392033 0 0 856 0 0 0 0 0 0 0 0 0 0
1 1.50184276838179 0.142447432750327 0.0216867962026243 0.216028755276854 -0.339410428898238 -0.76867135486418 0 0 857 0 0 0 0 0 0 0 0 0 0
1 -0.137862155573536 0.770799616706514 0.494908226134489 -0.555169797474596 -0.541417242503827 0.368675385829811 0 0 858 0 0 0 0 0 0 0 0 0 0
1 -0.0637998646804188 0.589472931398555 -0.908808806594501 0.431549272250271 0.292762325968746 0.846839490566069 0 0 859 0 0 0 0 0 0 0 0 0 0
1 0.0721176181079572 0.17331775802867 0.645403480777131 -0.938671771714408 1.18553788977719 0.58654084381288 0 0 860 0 0 0 0 0 0 0 0 0 0
1 0.166886859554641 -0.261581618056115 -0.177494095560124 0.463163303232396 2.24432098393252 0.62256127582809 0 0 861 0 0 0 0 0 0 0 0 0 0
1 -0.0516783270956196 -2.10717909369521 0.574736105039057 0.567891415136677 0.526209389500527 0.0272565952062926 0 0 862 0 0 0 0 0 0 0 0 0 0
1 0.146115571838061 -0.0051904394942648 -0.615998326755249 0.550616555754047 -0.651806793085019 1.27802291691649 0 0 863 0 0 0 0 0 0 0 0 0 0
1 0.164831493713529 0.0329836133547139 0.0201310169426409 -1.34740520955295 0.935595993206443 1.6328405207248 0 0 864 0 0 0 0 0 0 0 0 0 0
1 1.34481444034726 -0.159312959341478 -1.67050312418599 -0.538884501106361 -0.461490038336493 0.193770706718382 0 0 865 0 0 0 0 0 0 0 0 0 0
1 -0.0216848251997936 -0.748173242657474 -0.381203252492847 0.923902971864974 -0.176933364749724 0.78907626069623 0 0 866 0 0 0 0 0 0 0 0 0 0
1 -0.589386170335033 0.619876136272805 0.0214808065297026 0.348472892999059 -0.346263979275263 0.760345297279736 0 0 867 0 0 0 0 0 0 0 0 0 0
1 0.225198285796617 -0.293228494746538 -0.844688132682776 0.0172913111300856 -0.753234183205125 -0.281561004758756 0 0 868 0 0 0 0 0 0 0 0 0 0
1 -0.266127057895011 0.336935851535012 0.127304513226076 -0.492207383454604 -1.91675786067838 0.983600108894162 0 0 869 0 0 0 0 0 0 0 0 0 0
1 1.88931512971143 0.167375487909344 -2.35469055585465 0.532310898632651 -0.435894005180013 -0.597719338642328 0 0 870 0 0 0 0 0 0 0 0 0 0
1 -0.615042865825176 0.804798255902405 0.96461097324157 -1.30638562001789 0.772498820412143 -0.468736983375636 0 0 871 0 0 0 0 0 0 0 0 0 0
1 0.556025300056311 -1.63814629324756 0.849360191911928 0.141067558330972 0.325092865400119 -0.325944476910737 0 0 872 0 0 0 0 0 0 0 0 0 0
1 0.381020871921431 0.04655491565535 -0.127159820752648 -0.0848563936466408 2.1278918490949 -0.895082296703428 0 0 873 0 0 0 0 0 0 0 0 0 0
1 0.115518659603174 0.687901105493563 -0.470966655489062 -1.24845414345968 -0.826409100042384 0.606309246109125 0 0 874 0 0 0 0 0 0 0 0 0 0
1 0.373800528766097 -0.973480821611386 -0.0885758201117026 -0.582918889102657 -0.46759943032725 -0.677226340733971 0 0 875 0 0 0 0 0 0 0 0 0 0
1 -1.44724916569817 -0.793032562067233 0.0574262833631725 -0.46177738248616 -1.28996987586263 0.408938753994503 0 0 876 0 0 0 0 0 0 0 0 0 0
1 -0.172374162954214 0.0328079168843234 -0.612021340172203 0.889259758611943 0.634664532407715 -1.06695197619298 0 0 877 0 0 0 0 0 0 0 0 0 0
1 -0.730974522436327 -2.04369868633683 0.809150564505519 -0.0758256751820112 0.00821597072034086 -0.267636064364064 0 0 878 0 0 0 0 0 0 0 0 0 0
1 -0.310272524971218 -0.1604864758034 -0.102691394624634 -0.879774567873562 0.760377860391214 0.108635798377439 0 0 879 0 0 0 0 0 0 0 0 0 0
1 -0.216584701293226 -0.624831585106002 0.975655624721499 -0.260879199377374 0.65774924560391 1.94242443258313 0 0 880 0 0 0 0 0 0 0 0 0 0
1 -0.287959532259516 -0.178482250269709 0.207152790700051 0.184929816199531 -0.64812304247591 -2.00479059624837 0 0 881 0 0 0 0 0 0 0 0 0 0
1 0.348737879990182 0.289789935804978 0.687790446874849 1.20585641225168 -1.01560171289175 0.154644133269106 0 0 882 0 0 0 0 0 0 0 0 0 0
1 -0.310267127794498 -1.12393346695044 -0.818173673215171 -1.59086879869164 0.531247287551386 0.462611147275554 0 0 883 0 0 0 0 0 0 0 0 0 0
1 0.240117969331341 0.145382333530764 -0.159318043226257 -0.699780765370975 1.7644533397576 -0.192039259811178 0 0 884 0 0 0 0 0 0 0 0 0 0
1 0.0958560891065601 -0.0421115979199163 0.515040375338331 -0.896782114008916 -0.956240891897647 -1.31749183942514 0 0 885 0 0 0 0 0 0 0 0 0 0
1 4.61557331402495 -13.5490481382965 -13.2564986694538 0.256835656182824 -0.117752190165066 0.0738235002955013 0 0 886 0 0 0 0 0 0 0 0 0 0
1 0.580819994263237 -0.284678254265512 -2.72906608988941 -0.373944306870151 -0.567374406527124 -1.04806567569756 0 0 887 0 0 0 0 0 0 0 0 0 0
1 -0.328129136689967 -0.254569938891039 0.223341750164444 -0.220959321056122 -1.48706278892964 0.980760331926627 0 0 888 0 0 0 0 0 0 0 0 0 0
1 -0.227849821870174 1.61983117499199 -0.233748275983919 -0.914343418364815 0.693745918920317 0.350604288581185 0 0 889 0 0 0 0 0 0 0 0 0 0
1 0.211472593823125 -0.0759506476834146 -0.482126495958205 -1.09218532546543 -0.683145432536459 -0.145824863878191 0 0 890 0 0 0 0 0 0 0 0 0 0
1 -1.31241294234123 -0.146601960304062 -0.710052383163748 -0.900132516487911 -0.595955586001147 -1.05211314382268 0 0 891 0 0 0 0 0 0 0 0 0 0
1 0.696687193432952 0.505917137943941 -1.03492995365937 0.152841922836422 0.611973380562191 -0.302583521346616 0 0 892 0 0 0 0 0 0 0 0 0 0
1 0.773651428718278 -0.766964979426517 -0.128575005285289 0.344134077036599 -0.0198954761391876 1.5001330260846 0 0 893 0 0 0 0 0 0 0 0 0 0
1 -0.255335689720794 -0.0760145266368112 0.175025198127056 -1.00809420733203 1.69463506448035 -0.362114204137179 0 0 894 0 0 0 0 0 0 0 0 0 0
1 0.500364002027424 -0.11859450997216 -1.44876647886447 0.146781106250379 -0.0832009674726287 0.685232860237187 0 0 895 0 0 0 0 0 0 0 0 0 0
1 0.680897255240595 0.0044146852001464 0.471880068086805 -1.25734804795094 -1.06221920715367 -0.745431198004414 0 0 896 0 0 0 0 0 0 0 0 0 0
1 -0.877103168317766 0.166312055638306 -0.862686468896127 0.677773977123314 -0.881623884483399 -0.451507032498302 0 0 897 0 0 0 0 0 0 0 0 0 0
1 -0.877531989275043 -0.0535548865491279 -1.84973504771076 -0.63434311862576 -0.372569732538964 -1.00462733934081 0 0 898 0 0 0 0 0 0 0 0 0 0
1 0.355427262084265 1.14395835457288 -0.437035744875518 -0.0851121789681289 0.704186700486356 0.755133556029624 0 0 899 0 0 0 0 0 0 0 0 0 0
1 0.41435642726807 -0.696185109189618 0.251719019388849 1.77415331234698 0.207239626183368 -0.0361212283750998 0 0 900 0 0 0 0 0 0 0 0 0 0
1 1.11362148003799 -0.507262931456664 0.0879489433793519 -0.0737021420732326 0.822447484829767 0.171533093574152 0 0 901 0 0 0 0 0 0 0 0 0 0
1 0.0604012987318453 -0.284544002745489 0.0130275761918579 -0.212518190074993 0.389607427889705 0.469817991123324 0 0 902 0 0 0 0 0 0 0 0 0 0
1 0.253355983239776 0.177680134890468 0.493767699508537 -0.102862464225947 1.20316863300854 -0.447329411831278 0 0 903 0 0 0 0 0 0 0 0 0 0
1 1.39177929994434 0.495402819272058 0.918896596768046 0.774881841585112 0.121890684726593 -0.433676136497324 0 0 904 0 0 0 0 0 0 0 0 0 0
1 -0.452505439006287 -0.222813549438958 0.100809762789158 0.502150135333897 -0.554853778620089 -0.0358677872769638 0 0 905 0 0 0 0 0 0 0 0 0 0
1 -1.61180016534314 -2.22992208491514 2.12503446936 0.194361051825377 -0.462525405989591 -0.0230308730528243 0 0 906 0 0 0 0 0 0 0 0 0 0
1 -0.748337228875501 -0.406710857952722 0.325537730077237 -0.569072979098313 -1.52770113236718 0.644422533426827 0 0 907 0 0 0 0 0 0 0 0 0 0
1 0.881360517207935 0.578131867302192 -1.59564967364572 -1.23626604205513 0.185463594481997 -0.271519081833704 0 0 908 0 0 0 0 0 0 0 0 0 0
1 0.578054836317506 0.0841754967680306 0.0651323010811177 0.415278109064647 0.790078115418972 1.41300673215273 0 0 909 0 0 0 0 0 0 0 0 0 0
1 -0.796185100391784 -0.0253116347356336 0.125612208352917 -0.65866670412467 -0.654497795299673 0.844934798331004 0 0 910 0 0 0 0 0 0 0 0 0 0
1 -0.3630121942072 -1.40645991217624 -0.503099875447243 0.0641075290426575 0.0827205237632598 0.780028553918462 0 0 911 0 0 0 0 0 0 0 0 0 0
1 0.540353763183148 0.0856633765333761 0.793601671656577 -0.881471290201523 0.342488704042702 0.991201600766575 0 0 912 0 0 0 0 0 0 0 0 0 0
1 -0.230901449379306 -0.0961761923500602 -0.0150768666732883 0.497020191555544 -1.38165832831603 -0.693133471750577 0 0 913 0 0 0 0 0 0 0 0 0 0
1 -0.260120853760518 0.429342874113502 -0.243976261237507 0.085702566576892 -0.74053538786004 -0.441439935046308 0 0 914 0 0 0 0 0 0 0 0 0 0
1 -0.134521938888284 0.0531453337724492 0.797293746425509 0.834094875041251 2.3385752838069 0.311033234308389 0 0 915 0 0 0 0 0 0 0 0 0 0
1 -0.051195079967353 0.0249029230303341 0.363436914976873 1.08084957334086 0.337483748205443 -1.30667933411314 0 0 916 0 0 0 0 0 0 0 0 0 0
1 -0.150499351144079 -0.153262750702505 -0.892463534622759 0.57998207111034 0.0240194083267414 -0.179031307524357 0 0 917 0 0 0 0 0 0 0 0 0 0
1 0.19832205675401 -0.0071384557008956 0.59890911560076 1.6521867920816 0.453312173534898 0.889257197516039 0 0 918 0 0 0 0 0 0 0 0 0 0
1 -0.334903440501071 0.416071330121806 0.0687186799251774 -0.0830366165663707 -0.444281381997401 -2.25525261851285 0 0 919 0 0 0 0 0 0 0 0 0 0
1 0.334431268422435 -0.262514871976306 -0.0137543047348905 0.0126827708548827 0.06851932936229 -0.0537637715409188 0 0 920 0 0 0 0 0 0 0 0 0 0
1 -0.594222096153708 0.244105085248928 -0.789815839236827 0.659863718041944 1.30073070714542 1.08708286096674 0 0 921 0 0 0 0 0 0 0 0 0 0
1 0.312167799639073 0.0167685942902432 -0.657329294689196 -0.0317607234124921 0.37134406803946 -0.655003083891343 0 0 922 0 0 0 0 0 0 0 0 0 0
1 1.13025941954833 1.32332981592046 -0.544224368864921 0.152137477310162 0.66341975479512 0.957369149414061 0 0 923 0 0 0 0 0 0 0 0 0 0
1 0.230002295518117 0.639396765562667 -0.0506926854561855 0.264432890095274 1.76294461213539 0.189030474021497 0 0 924 0 0 0 0 0 0 0 0 0 0
1 0.489981472368353 0.651396936095265 0.342686553102523 0.609997064081423 0.329542936516557 0.34960594312805 0 0 925 0 0 0 0 0 0 0 0 0 0
1 0.950497056427006 -3.05135494395159 -2.65338674817468 0.0847484369531873 0.295607215787989 -0.299977570118181 0 0 926 0 0 0 0 0 0 0 0 0 0
1 0.29987365120851 -0.386516377562092 -0.332767464973032 -0.466867861371044 0.614289351894606 0.457957202728836 0 0 927 0 0 0 0 0 0 0 0 0 0
1 0.413405665682961 -0.495827660641602 -0.209649538102938 0.395384575216029 -0.746301874238401 -0.542988611620937 0 0 928 0 0 0 0 0 0 0 0 0 0
1 0.843724730217712 0.422159534747072 0.433248322815158 -0.342332112171134 -0.659277166046804 0.580915414509384 0 0 929 0 0 0 0 0 0 0 0 0 0
1 0.14565153243538 -0.084646768404893 0.900511151728702 1.45157238642337 -0.153857424815259 0.111015956338158 0 0 930 0 0 0 0 0 0 0 0 0 0
1 -0.766642173066888 0.440649836774392 0.255528308852907 -0.714949916100882 -0.317711923596417 0.41001870230937 0 0 931 0 0 0 0 0 0 0 0 0 0
1 0.60176372556215 -0.215488048898651 0.536945619636896 -0.953747172727818 0.333655585650173 0.0985940735841041 0 0 932 0 0 0 0 0 0 0 0 0 0
1 2.39926606837722 -2.61245698849631 -0.62191683759755 -0.302845514412923 0.129894597985545 0.866510243939335 0 0 933 0 0 0 0 0 0 0 0 0 0
1 -1.54112228554746 0.417556327806078 -1.08085905880214 0.126133149148699 0.199738863276203 -0.0970214504992092 0 0 934 0 0 0 0 0 0 0 0 0 0
1 -0.908235455569567 0.885923542626953 4.75958742108576 -0.693999872749255 -0.273119916528457 0.308333762943774 0 0 935 0 0 0 0 0 0 0 0 0 0
1 0.375409612227433 0.0913547144412313 0.14391351654849 -1.678137311043 0.499424096834852 1.46038817997265 0 0 936 0 0 0 0 0 0 0 0 0 0
1 -2.38128676995308 -2.11197604729667 -2.33101329420978 0.041397404735183 -0.208973087958391 -0.0225617265340765 0 0 937 0 0 0 0 0 0 0 0 0 0
1 -0.733545679519255 -0.128266005672293 0.141094092988447 1.09614011362138 0.305274477974263 -1.20526614740459 0 0 938 0 0 0 0 0 0 0 0 0 0
1 -0.820747246494408 -0.448346534309584 0.994438408467185 -0.30105287731558 -0.771238750738381 -0.194770418169787 0 0 939 0 0 0 0 0 0 0 0 0 0
1 -1.31405508024528 2.04149869655229 0.209445268949033 0.588219191505367 -0.522006059605074 0.631105338290701 0 0 940 0 0 0 0 0 0 0 0 0 0
1 -0.294208480879621 -0.0531148899591036 1.01469149183011 0.312498032253708 0.050006319372403 -1.30486642220663 0 0 941 0 0 0 0 0 0 0 0 0 0
1 -0.537396915025261 0.114110941061184 -0.985397288805211 0.140953015627618 1.60154711150128 0.341125382446989 0 0 942 0 0 0 0 0 0 0 0 0 0
1 1.06266079216404 -1.48153538931831 0.92891097385504 0.894413310737831 -0.701012262035267 -0.436512660620308 0 0 943 0 0 0 0 0 0 0 0 0 0
1 2.29420780797393 -0.527091913431042 0.886941596536743 -0.103358234712038 -0.115705206477138 0.0541240553136675 0 0 944 0 0 0 0 0 0 0 0 0 0
1 -1.68156157778195 -3.77137315627029 -1.4724218738641 0.207943362214687 0.271424691728466 -0.113621126949306 0 0 945 0 0 0 0 0 0 0 0 0 0
1 -0.365284528461464 0.269503256704567 1.0629976184119 0.96085017711254 0.443668002433169 0.333750406327165 0 0 946 0 0 0 0 0 0 0 0 0 0
1 -2.21202032708253 -0.602603156719483 -1.3961512162242 0.865055421669962 -0.402188602108415 0.38789634739428 0 0 947 0 0 0 0 0 0 0 0 0 0
1 -0.0856562585839658 -0.111736147456693 -0.359136225477768 -1.34997169153712 0.445966657306022 0.598392312536663 0 0 948 0 0 0 0 0 0 0 0 0 0
1 -0.297165769314144 -0.16570372113424 -0.0193152981850432 -1.28448006353129 1.15348632514232 0.75892438207961 0 0 949 0 0 0 0 0 0 0 0 0 0
1 -0.513444568228504 0.799068261358484 0.896026827346017 0.482844270241518 -0.0455241327906735 0.988532775196968 0 0 950 0 0 0 0 0 0 0 0 0 0
1 0.054052992482427 -0.482668509695762 -0.523670574811877 0.113129930760039 -0.029999562684555 0.976888731003126 0 0 951 0 0 0 0 0 0 0 0 0 0
1 0.548061318171413 0.137363160978848 -0.547458456642603 -1.12141497318508 1.20392696753749 0.338929863951363 0 0 952 0 0 0 0 0 0 0 0 0 0
1 0.813532871854398 0.288931933732636 -0.50392440375251 0.913787639226196 0.189302364091143 -0.355171390592529 0 0 953 0 0 0 0 0 0 0 0 0 0
1 -2.3833033323048 -0.664986326405874 1.05032624257224 -0.55919023098981 -0.123453242601479 0.713323287216303 0 0 954 0 0 0 0 0 0 0 0 0 0
1 -0.115236060549844 0.236218157713559 1.28669006885541 0.645595860268018 0.407672711624723 -0.144004760811481 0 0 955 0 0 0 0 0 0 0 0 0 0
1 -0.253565824062861 0.291781048898124 1.187050091864 -0.570132782493591 1.23104379966006 -0.0259688074490211 0 0 956 0 0 0 0 0 0 0 0 0 0
1 1.14427224868728 1.00038166143766 0.808885636713441 -0.035916963535081 -0.211546752600362 0.575081796671503 0 0 957 0 0 0 0 0 0 0 0 0 0
1 -0.133885314639671 -0.229940932881827 -0.31625000897154 -0.0676839155946769 -1.9990554365449 0.440676935479381 0 0 958 0 0 0 0 0 0 0 0 0 0
1 1.18021717778677 -0.62610282820434 0.469154704246071 -0.249610268993034 -0.148470927643227 -0.72253211229085 0 0 959 0 0 0 0 0 0 0 0 0 0
1 0.451056325405345 -0.984121027590316 0.625624525344799 -0.91578468421934 -0.344054219670538 -0.972534535243137 0 0 960 0 0 0 0 0 0 0 0 0 0
1 -0.517548102558688 -0.35873811289329 -0.0421724437672558 0.706347670355995 0.364411156491364 0.062682595378573 0 0 961 0 0 0 0 0 0 0 0 0 0
1 1.31504809365216 -2.24737755241945 0.694659539620311 0.183361295588247 -0.0750480745340246 1.06874923342311 0 0 962 0 0 0 0 0 0 0 0 0 0
1 -1.63818478326169 -1.02019450588127 1.64077558008022 0.793119332124283 0.462419960586279 0.719391256248854 0 0 963 0 0 0 0 0 0 0 0 0 0
1 1.58634853448995 -0.10989295917547 -0.821731078056889 0.280006547865487 0.413342282224106 -0.41282233385922 0 0 964 0 0 0 0 0 0 0 0 0 0
1 0.0308499291373906 -0.507493197931886 -0.96521942599373 -0.740837293191592 -0.398168012466471 -0.341314704585914 0 0 965 0 0 0 0 0 0 0 0 0 0
1 -0.288575124427731 0.184466005705901 -0.335165739412278 -0.970602892694187 -1.02773666949156 -1.20263357345225 0 0 966 0 0 0 0 0 0 0 0 0 0
1 -1.59221026373365 -1.39209354623641 4.01791694737496 0.567313255118347 -0.165357218077978 0.476383891461393 0 0 967 0 0 0 0 0 0 0 0 0 0
1 -0.90678651936347 0.174403176158859 -0.504459931510477 0.0807951169469308 -1.69836276589294 0.49568551078165 0 0 968 0 0 0 0 0 0 0 0 0 0
1 6.71250753794882 0.0105849651248846 -5.87046046896807 -0.445428435486543 0.235047104356906 -0.553156500934189 0 0 969 0 0 0 0 0 0 0 0 0 0
1 0.29710258505092 -0.0697479272670333 -0.199191789076864 1.2019494362125 0.141459223427605 0.293641134317893 0 0 970 0 0 0 0 0 0 0 0 0 0
1 -1.43533087583085 -0.159102711273939 -0.941411148117313 0.456065204701435 0.762173269627927 0.0971901733491208 0 0 971 0 0 0 0 0 0 0 0 0 0
1 -4.98713014275851 8.49517012640491 5.3425210517744 0.0658719478244199 -0.294420164346572 0.143309875925967 0 0 972 0 0 0 0 0 0 0 0 0 0
1 -0.444763685864628 0.459362685408764 0.558632519878531 -0.825783925719053 -1.23499826140317 -0.809966384163158 0 0 973 0 0 0 0 0 0 0 0 0 0
1 1.72409799125427 1.19299051072822 -1.22841953870094 0.00467238653235807 -0.119203882364765 0.564606833155684 0 0 974 0 0 0 0 0 0 0 0 0 0
1 0.519357916028176 -0.76380774469534 -0.405894677993449 -0.688651333644051 -0.754779528422353 0.126388654231913 0 0 975 0 0 0 0 0 0 0 0 0 0
1 -0.702212377115425 -0.400576614300389 0.896692219343032 0.221561034125559 0.59682790508996 1.00255822035544 0 0 976 0 0 0 0 0 0 0 0 0 0
1 -0.0955109226698115 -0.350158144771359 0.783256708397636 -0.0685421852222586 1.22943315535105 -0.866774868314421 0 0 977 0 0 0 0 0 0 0 0 0 0
1 -1.2346753405572 -0.469020745788132 -0.0581401048971967 -0.214331382166018 0.22136649823789 0.901926946935389 0 0 978 0 0 0 0 0 0 0 0 0 0
1 -0.399225521248135 3.51363478705368 -2.04484287175457 0.432750246107244 0.393272459885439 0.0923993442179148 0 0 979 0 0 0 0 0 0 0 0 0 0
1 3.22533441632855 1.27067570780075 -0.261658149976705 -0.357710632354193 -0.447613728912976 -0.0780439402729283 0 0 980 0 0 0 0 0 0 0 0 0 0
1 1.03359564849037 -1.60757532218731 -3.73087441143119 -0.476263123375468 0.849568251548381 -0.660335793578905 0 0 981 0 0 0 0 0 0 0 0 0 0
1 0.0392578765783031 0.641937386169794 0.762749217066386 0.0685691616188843 1.18806504718287 0.386654319084865 0 0 982 0 0 0 0 0 0 0 0 0 0
1 -0.11319809264509 0.584325847089624 0.551289616959543 -0.357213633452522 -0.190773552839227 1.02334153148567 0 0 983 0 0 0 0 0 0 0 0 0 0
1 -0.016526566416441 0.389591525211333 -0.942204444585256 0.24161033389206 0.427692668808842 -0.291342740104654 0 0 984 0 0 0 0 0 0 0 0 0 0
1 0.127603596708475 0.971530463240107 -0.804028468573034 -0.188186854598564 0.289865579941571 -0.455002859548138 0 0 985 0 0 0 0 0 0 0 0 0 0
1 0.725475670834642 -0.99150308306704 1.48648835791369 -1.45339786286363 -0.513108026768775 -1.10564513634056 0 0 986 0 0 0 0 0 0 0 0 0 0
1 0.261672818164178 0.359886155484144 -0.236108683284039 0.134178707793266 0.834441409471214 0.482602362398389 0 0 987 0 0 0 0 0 0 0 0 0 0
1 -0.350127228902739 0.784059300006579 0.105867810392574 0.356763938230538 1.0879501606256 0.266112284387602 0 0 988 0 0 0 0 0 0 0 0 0 0
1 0.079734913042934 0.0746584010114481 0.881155009586449 -0.107553143128978 0.846593286866117 1.0500434374813 0 0 989 0 0 0 0 0 0 0 0 0 0
1 0.296896392979647 -0.804627856173557 -0.330952377202161 -0.69887380721845 1.22559560163253 0.409189808798757 0 0 990 0 0 0 0 0 0 0 0 0 0
1 -1.05441757801881 0.411393268656213 0.650591672937347 0.293633683761783 0.189132192962515 -0.56508681519304 0 0 991 0 0 0 0 0 0 0 0 0 0
1 3.17286002936915 -0.873880713667797 1.27051930543748 -0.444588829033613 0.632399000532097 -0.468334531379156 0 0 992 0 0 0 0 0 0 0 0 0 0
1 0.579259076817803 1.63882653307196 1.81964272015793 -0.00781281098326014 0.81879767907571 -0.5798209273851 0 0 993 0 0 0 0 0 0 0 0 0 0
1 0.0418127431858175 -0.0628222545874364 0.0168795581742962 -0.0849915245355624 -1.77195853269853 1.4384378593347 0 0 994 0 0 0 0 0 0 0 0 0 0
1 -0.01079814939831 -0.608840595151548 0.429215047471893 -0.204507201441268 0.493077297067682 0.849521345044267 0 0 995 0 0 0 0 0 0 0 0 0 0
1 0.626485633483819 -0.154371947870477 0.27369770546004 0.114082650533464 0.519015250088739 0.417225413545361 0 0 996 0 0 0 0 0 0 0 0 0 0
1 1.66115403198365 4.85835769963253 3.65665655682819 0.365432108191223 0.258100514476447 0.0927683769640984 0 0 997 0 0 0 0 0 0 0 0 0 0
1 0.329279290154993 -0.132014552187166 0.116115072607565 -0.203159379309763 1.12272499915755 0.109253807969357 0 0 998 0 0 0 0 0 0 0 0 0 0
1 0.459594394974143 -0.0734305089846888 0.351407111322764 -0.555342692915123 0.505300021184719 1.54526085535335 0 0 999 0 0 0 0 0 0 0 0 0 0
1 -0.895969468926814 -0.266775709419491 1.04830332237983 0.0733415134217351 -0.0336280890200909 0.539639490112896 0 0 1000 0 0 0 0 0 0 0 0 0 0
