1.0000000000000000	0.0259851176900644 -1.0017510063749175 2.1944965161185506	-0.1594068460633076 -0.1377054692451524 1.0136231675448522
1.0000000000000000	-0.8017583538765056 2.1285135332887779 -1.8920602548125016	0.2237620588511572 0.9008664305540913 -0.2708617271491645
1.0000000000000000	0.6688661124286041 0.3832657412392568 0.3192375713330545	-0.0980953285422822 0.1532665326545203 -0.8655324155545476
1.0000000000000000	-1.2546702707157229 0.9017454885979995 -0.4236021947906318	-0.8408551900677647 0.7498213162810781 -0.1630875016182372
1.0000000000000000	0.3300651347145208 0.2134284408851464 -0.0480752349568380	-0.7443715749680335 -0.3314861084257840 -0.2018888475494367
1.0000000000000000	-0.0058335047979032 -0.2434684221391213 -0.2411611253902606	1.4423325334933781 0.1519344538843882 0.1697918076445922
1.0000000000000000	-0.3094233949127175 -0.6296409540355812 -0.1958619588002283	-0.9926531856031190 0.1424758895939166 -0.5016979446133023
1.0000000000000000	0.0083820910332414 2.8863223805609213 2.1099581513440380	0.1970236601722034 -0.3360989333778606 -0.5414465521837321
1.0000000000000000	-0.5044990864913813 0.6309186685590596 -0.3850201121372429	0.2421562806463995 1.4361433902167637 -0.1493318628855841
1.0000000000000000	-3.5488833583771688 -0.0535575093909872 -5.2830693177501962	-0.6192681911546373 0.0135711504405781 0.2937589967285891
1.0000000000000000	-1.2525158346526835 -2.0452897994841557 0.2789947211474646	-0.1835498653560083 0.0065986009889485 0.4131128266572465
1.0000000000000000	0.4351871446235904 -0.1553316688663932 0.2328387839894157	1.3491710786476088 0.0943932156087591 -0.3588300076732954
1.0000000000000000	-0.0755004962612560 -0.2154272843149763 0.0743871464688263	-1.3848481169629132 1.0049959477082164 -0.3956443281091409
1.0000000000000000	0.4610385930877453 -0.2248037532345899 0.0324563789775190	-1.3848745165750056 -1.9323445911215580 1.0364929552868019
1.0000000000000000	-1.0893027050486384 1.0325192811378845 -0.0495585040867008	-0.4508697767179906 -0.4068146483205992 1.2499793405812714
1.0000000000000000	-0.1655406557494276 1.0324893016790351 -0.2062462735434913	0.8934274072936704 0.2509139766733706 1.0007966759288567
1.0000000000000000	-0.4986676286265435 0.6855128116620086 -0.7987626253336366	-1.5320042386249797 0.2059436289372111 0.3255001905090841
1.0000000000000000	0.4183357090534278 -0.3237459112752943 -0.3606372466120084	-0.3625308265558319 -0.7324305991523300 1.2853747208678614
1.0000000000000000	-2.5200541722943965 -0.1088447985748812 0.5600577953335386	0.1002563121495488 -0.2591969412812205 0.0311914027531656
1.0000000000000000	0.1150013538310818 0.0095035069504522 -0.1583660820685196	0.5389644089786987 0.2230689839899865 1.0801268028457875
1.0000000000000000	0.1959776655605570 0.3809626455176758 1.7932142629868764	-0.0662253401254326 -1.0889565884255876 0.2412980830879301
1.0000000000000000	0.2638461685154976 -0.4870468822641948 -0.4116204600731745	0.3851362776301489 0.7347925787417973 0.9364784910470697
1.0000000000000000	6.8421077375105410 -3.7934601732555908 -2.2618012858947707	0.2558551339130544 -0.4546366444436707 0.1765847915697610
1.0000000000000000	0.0035604575491379 0.3537746231684507 -0.4774843734815324	-0.8935420984606420 0.7425169165707771 0.1904826094379511
1.0000000000000000	-0.1131256904312606 0.2656565316946786 0.6085677971574056	0.4429821251092249 2.0669962138152345 0.5796465400198112
1.0000000000000000	0.1314677685367521 0.6441689516979270 0.4268682422925454	0.3094025691769822 1.8821079296919263 -0.3829299106443732
1.0000000000000000	0.1373453923172028 -0.2601301051849439 0.2061458681220445	0.4430511923785727 1.0172152175713223 -0.8234029185708944
1.0000000000000000	-1.0635988986487481 2.7594991018117923 -1.1710700581518920	0.3469355434601563 0.8445510187046777 0.4077722011929658
1.0000000000000000	0.3189327023501652 0.3136510146959399 0.3698812529212758	-1.3366604475559152 -0.4368450649308592 -0.4311293213326950
1.0000000000000000	-0.2235332678514378 -0.4054910788125021 0.3170518457790110	-0.1193139825931788 1.2945373594929861 1.0507654211535515
1.0000000000000000	1.0786808659209082 -0.1292417488024084 -1.4196001708611734	1.0994003947925881 -0.2443560031751977 -1.0160142216685168
1.0000000000000000	-0.2763601548228698 0.0049361301429455 0.0643890869742829	-1.0685180005534343 0.2381671397896110 -0.5051837526910109
1.0000000000000000	0.4043404296053575 -0.8172568927497263 -0.2007406584967028	-0.2150982204615055 1.2274172013200488 -0.5092822269863282
1.0000000000000000	0.4318148279066144 0.2447612419581337 0.2158748651562285	0.9065797296298483 1.7133686121061382 -0.8270283412418533
1.0000000000000000	0.2174334555529045 -0.6668450924391808 0.3452770856192108	-0.1152390278087071 0.2804118445493041 1.0870807881442015
1.0000000000000000	-0.5989350405491363 0.1686195927574750 -0.3005437885264430	-0.6659641123194130 0.1279355709697656 0.4234415158048511
1.0000000000000000	-1.3080465087947586 1.0083948566784706 2.4532107369664580	0.0721788173063154 -0.6871184123490124 0.5168459898037675
1.0000000000000000	-0.3043616064301267 -0.1591355101170853 0.3842731599608151	-0.6119335669222946 1.4309413045311061 1.4069802546139787
1.0000000000000000	0.2741381935480316 -0.7518979546212268 0.0056590201212242	-0.0260275932488459 0.9347119650851040 -0.3927604262386888
1.0000000000000000	-0.3241999521579614 -1.0036192129751591 -1.7716796624004385	0.1530543715991788 -0.3027167215696881 -0.8977656773804615
1.0000000000000000	-0.4943917654470014 -0.2939183178849066 -1.4808274219220037	0.6876007944803554 -0.3574119210252800 0.1714910596492398
1.0000000000000000	-0.0482444633162707 0.3214781476465871 -0.2048980479514787	-0.7342229112540656 -0.7598573869479953 -0.0695301218710010
1.0000000000000000	1.1103443864225080 0.5943372046193535 0.9492084639792147	1.0204603253554749 0.6934235709351719 -0.1458249842665899
1.0000000000000000	-0.2443682418949806 -0.0142428360163036 0.1196542757610189	0.2094479177621019 -0.9587223875723294 -0.8136288799928902
1.0000000000000000	3.2999958674085939 0.8133096761313838 -2.7027964572469418	-0.2968243542405611 1.0040690355013360 -0.1586386798464538
1.0000000000000000	-0.0038337967761914 -0.5671015679234893 0.6794855821495344	-1.0279231966820777 1.2647292273013386 -0.6783721568342127
1.0000000000000000	0.4145149494584420 0.1193464317730125 -0.4469504437773459	-1.0521086870395655 0.2910318974743940 0.6736495206453141
1.0000000000000000	0.2263633842626605 -0.7761223514651375 0.9785357402278486	-1.4083656490972494 -0.6743885961184927 -0.4982793858579582
1.0000000000000000	-1.9526183321957764 2.6715820825198158 -0.6090168981955696	-0.4381157499681329 0.7776268229089083 0.4157866367182224
1.0000000000000000	3.4716366470339994 0.7579936589334870 0.6428519062795031	0.1260868970495974 -0.1570281748560947 -1.0139187105668130
1.0000000000000000	0.3947719343213904 0.0228131178641863 0.0620463522809787	-1.3476160391967675 0.3890379026439426 -0.8879966401939661
1.0000000000000000	-1.0373060080956333 -1.5979027734468261 -0.8669003373046003	0.1836160176027253 0.5848948783368639 0.3641715253230238
1.0000000000000000	0.2660995505651473 0.0775149150288618 -0.0031791730269613	-0.5786934961372188 0.5994027007737863 -0.3853473275758509
1.0000000000000000	-0.8535239434412720 -1.1062084192764010 -1.8505065184062015	-0.0876580558370891 -0.5732063005835610 0.9771414830387189
1.0000000000000000	0.3999398587031187 -0.5010539551748887 1.0418876658457386	0.1175352583866376 -0.6429361107325008 -0.8704735906534751
1.0000000000000000	-0.5368524580047622 0.4074508522270361 0.0200956578283031	-1.4086044159325155 0.9334424646815365 -0.6540562032259375
1.0000000000000000	0.8921703763464596 0.1780241385322286 0.5219768764012208	1.2137803865929198 -0.2572429964690245 -1.2040884407558761
1.0000000000000000	-0.1784754193073163 0.1749222116016455 0.3396676220834456	1.6577307375582402 -0.0842695803894628 0.2375056792352958
1.0000000000000000	-0.3105732678560411 0.0018815209023707 0.1231033131745149	-0.9882740681179437 -0.6248520049593145 -1.0810956001767489
1.0000000000000000	-8.8175037098602509 6.7291045749578613 -4.9262260088825469	0.3154884128692331 0.1596216875336617 -0.1680478824704455
1.0000000000000000	1.3572039311801065 -1.4255394370831060 -0.0095548854493012	-0.0869199130130454 -0.7615333529242795 -0.4488289799018081
1.0000000000000000	-0.0211453190210624 -0.8077148860812839 -1.9311349682756944	0.1963551080663552 -0.4043088888270976 0.4197814700142029
1.0000000000000000	0.0133198539339035 0.2298190967149095 0.0409443355579792	-0.5464478954323316 1.0192380611280891 -1.1656824541106889
1.0000000000000000	0.1155496012608864 0.1079930402443061 0.3384604172391191	0.8396928051550495 0.0857736445454161 0.7154092895505783
1.0000000000000000	0.3809160155466477 -0.7156747210948450 -0.1922736287908515	-0.5672815112518347 -0.6061369679159101 -0.6521604511766935
1.0000000000000000	-0.0100169830996628 1.2594729614668527 -1.1654375361361653	0.9689417300259298 0.3294333063496803 0.5138195794698933
1.0000000000000000	0.1856458313282645 0.2897766003200382 1.4422321332635062	0.0142118288895922 0.9263611507251736 0.3805158748350581
1.0000000000000000	0.4930434240019440 -1.9091742618567107 1.0612057719307442	-0.0672979456299785 -0.4162429820989195 -0.7549457163896791
1.0000000000000000	0.2188417684182407 0.9239969367084890 0.5745042342187950	-0.5806247662577141 0.7043828735781761 -0.7730563899579008
1.0000000000000000	-1.3204305449113207 0.4641397749331749 -2.0118672495210332	1.0251290481125590 0.4813783129473893 -0.3713921494025043
1.0000000000000000	-0.1458747922650757 -0.5607380656880496 0.4349003203686478	-0.7509159497960727 0.5065539709218132 -0.1155188746846750
1.0000000000000000	0.9029617966447443 0.3853921018295522 0.0415018278613298	-1.0706006021826044 -0.6354299185104452 0.7144583895283774
1.0000000000000000	0.1448061504262485 0.8170609734140852 -1.0533010407077112	-0.0928993538100738 0.7407563616252487 -0.2306013118182712
1.0000000000000000	0.3284411285525735 -0.5227881028619540 0.1892861529288082	0.6413539978585880 -1.3107668872831721 -1.2396799940328318
1.0000000000000000	0.3231987374404820 -0.1723851945250830 -0.0156039326982283	0.4532352764384389 0.1297625711407709 -0.5245576632421701
1.0000000000000000	0.2926978801348196 -0.0820885179393498 0.2863394212474188	0.3545817913104307 -1.4649556916397326 -0.9334767068965798
1.0000000000000000	0.4286012769098820 -0.4742556839027078 -0.0447151316294232	0.2301573040947237 -1.1473555145891043 -0.7311148550089052
1.0000000000000000	0.5173908821454476 0.5918195530799099 0.5358556363499627	0.4548620134113519 -0.5109046405040656 0.4319182684019451
1.0000000000000000	-0.7957338338380574 -0.6197817570745151 1.5234132480098490	0.4536903108139189 0.7567490787487013 -0.0459253012335949
1.0000000000000000	-2.8689604499878665 4.5779333604921906 -3.8572349018689449	0.6096981942659447 -0.2397866054988289 0.1658153412908069
1.0000000000000000	-0.1737869560172950 0.0364547197135401 -0.0964521639062569	0.8674189500486009 -0.2963212127022123 -1.7652832603036879
1.0000000000000000	0.4624258389981629 -0.5715539104840188 -1.0260276153900014	-0.3627929398175566 0.6106502236732639 -0.4379527981424963
1.0000000000000000	0.4207182849712112 -0.4730904706725999 0.5742738558688646	-2.1356919524252698 0.1901449398573710 0.5580986558158625
1.0000000000000000	-0.9926119423892595 -0.0410192463501503 0.4151848595211207	0.3955102555063034 -0.5812919663485856 -0.6117240660408234
1.0000000000000000	0.1863052357323672 0.3563134739140639 0.1947971010835376	-0.0465445758692046 -0.8044078991721832 0.7967905297455068
1.0000000000000000	0.2305062163497274 0.5741118656900757 -0.6382540611867166	0.9717680576812031 -1.3952145203939459 -0.6693940808834835
1.0000000000000000	0.0284286904156115 -0.0246844907732053 0.0212783038491539	-1.3104453486120338 -1.2703409990296131 -0.3272137838148539
1.0000000000000000	-0.5149456679624194 2.0195796885582933 -0.8427121113163880	-0.3812655132995896 0.4460594655075902 0.1776069123391745
1.0000000000000000	0.2089386363445215 -0.4143387405894442 -0.3250214291149826	-1.9858924479116280 -0.1830261499523448 0.2993452997290650
1.0000000000000000	0.0106826382821342 0.1306422719334436 0.3896477539849314	-1.1143276506412874 -0.7429480504935331 -1.7782594196728181
1.0000000000000000	0.9467697017808810 0.4711951346102271 0.1505619597286099	0.6516889488520962 -0.5119450600250943 0.2771044961155977
1.0000000000000000	-0.0422044084086252 0.4140860166997822 -0.4818544183770742	1.4535141637267286 0.5148549479573830 -0.3246548745216110
1.0000000000000000	-0.0066305258583668 1.4531062757491096 1.2199362889838037	0.1313292317732957 0.2395576195518757 -0.2867473052687771
1.0000000000000000	-0.7597034755861619 0.3828858411940393 0.1913764036626307	0.8223817229457888 -0.2360286032492911 1.7046984120841535
1.0000000000000000	0.6522389919088507 -3.3864311468295996 -0.9842402573075264	-0.0966551294586252 -0.5199337955957798 0.2707364412866020
1.0000000000000000	1.3304075679028313 -1.2468240531809371 -0.3249620683173163	-0.9464280138985035 0.1217248788907311 0.9968471927831668
1.0000000000000000	-0.9737470804308481 -0.2681972100282514 0.1660020042737040	-0.2778643231901750 -0.4225376165765549 0.0366858550226554
1.0000000000000000	-0.9996037701477907 0.5803142623039110 -0.5470878884996089	-0.5972566221547608 0.6907976768544545 -0.9102438532899494
1.0000000000000000	0.2805086227156795 -0.5789693335039329 -0.5765473502314958	-0.2068096734724291 1.7307733936700094 0.4063146813949393
1.0000000000000000	-0.2932898710523077 -1.0929129920154146 1.4130825462116408	0.2534145606976549 -0.3779776000637515 -0.4444043351556955
1.0000000000000000	0.3259051985809088 -0.0208823426549150 0.3870300473728817	-0.2245402829020078 -0.7836459141199484 0.5402308238323913
1.0000000000000000	0.4017418227892255 0.5458998676507748 0.5831722344951222	0.0923408114044055 0.2354515705899445 1.3464980481596154
1.0000000000000000	-0.4791975823755603 0.4993582231225297 -0.9052437280813924	1.5560157915303108 0.1667069687479076 0.4267899750158184
1.0000000000000000	-0.3759939076545156 0.6664106640894280 0.4970018491348846	0.4913405339516091 -0.1711540258806732 0.5798568424110507
1.0000000000000000	-0.6182075094793487 -0.1381919336256550 -0.0661088020186675	0.2776075432783492 -0.4736865011955727 0.2227306590885693
1.0000000000000000	0.5983179708145943 -0.0262215456057961 0.6238362405523394	-2.1834677417413726 0.3174272357688693 0.1804985367249486
1.0000000000000000	-1.0646595775891472 -1.0263163730647673 0.9932726588962181	-0.0739101923586419 0.3557860596835162 -0.2936259530228408
1.0000000000000000	0.8796652107789749 -0.8459800369101924 -0.5885756923597434	0.7239421905732386 0.9158988419529477 0.0772130337833937
1.0000000000000000	1.1793280958011751 0.2631640367092482 -0.7750214595941229	0.0387602329715956 -0.2073431376305067 -0.6036588128314988
1.0000000000000000	-0.4521554503253868 0.0667115756512168 0.0602699534886001	1.4533712741893756 1.7343940592373412 -0.4748572064923435
1.0000000000000000	1.0580889382496226 -4.1203963329941065 -0.7377391101529964	0.1605934091651562 0.3169232098769737 -0.7471306913882562
1.0000000000000000	-0.5168981990374428 1.5132550367804674 0.7212121520065233	0.6202916808376626 -1.2383453609464785 -0.5327725420516137
1.0000000000000000	0.2404883581404192 -0.0325596417781815 0.0532018256364123	0.0376433232026120 2.1536008016232300 1.1196294231363493
1.0000000000000000	-0.0818450138406285 -0.1838610409371602 -0.0948179171559865	-0.1108680271766543 1.0600289724166281 -1.2167947339332454
1.0000000000000000	-0.3541019163248357 0.3624732165053975 -0.1003686221253605	0.7048257078792538 -0.1006688806798589 0.8110970003729662
1.0000000000000000	-0.5864326377133472 2.0277841921528492 3.7450641931033104	0.2418104562701347 0.5557254975190412 -0.0708876375432705
1.0000000000000000	1.7139134736265156 -3.1708103191863719 0.4522497176560999	-0.3575966434878362 0.0022006413225758 0.1722607336812479
1.0000000000000000	0.6383100214777793 0.0937342291035968 -0.8445944169598334	-0.8680308534842590 0.0930446997912917 0.9203427516574173
1.0000000000000000	0.9549813449596805 -1.0121192851483192 -2.3809912602834604	0.2236788922287282 -0.6532934620815396 0.1828084595562898
1.0000000000000000	-2.3211334369534478 -1.7108631043141957 -3.7055148701724807	-0.2312903227359044 -0.5027780852673754 0.5806937330898341
1.0000000000000000	0.8293102175452119 0.8555583237383869 -0.4311279693549829	-0.4013417873514197 1.3880545500259320 0.2162198410777968
1.0000000000000000	-0.1839933887179729 0.3970920162193655 -0.0598153002623868	-2.0207280382137509 0.3139461601909719 0.1100552702403056
1.0000000000000000	1.1047017476179193 0.0158081171445299 0.3294276160701700	0.0817112754619120 0.6072213012913810 -0.5298381382521492
1.0000000000000000	-0.1704918490666920 -0.2273317089955593 -0.2137466208867153	-0.4375732405608956 0.6586383855622018 -0.8224414206187932
1.0000000000000000	0.0264593297719480 -0.5009885224995627 -0.9909083863310340	-0.4620172604610566 -1.0087233075278883 0.7512315041142223
1.0000000000000000	-0.6000549101973798 0.7368356556061147 -0.4237704955879268	-0.3240463930228603 0.0834807585821005 0.5346017526896367
1.0000000000000000	-0.4861439335135265 1.0965288700587643 0.4007857538232905	1.1598697663965010 0.2943644989173580 -0.1556416014542181
1.0000000000000000	-0.1042602221976729 -0.1631383995668321 0.5642427755847461	-0.3370861363403665 -0.2808700560042244 1.5282767242823778
1.0000000000000000	0.0297823282257183 0.0270962911306354 -0.2521026449151471	-0.3760175345879425 -0.1502370707913294 -1.2975696242531016
1.0000000000000000	-1.7791152243936565 2.4084024129189028 0.2906911368600186	0.4804272825709557 -0.3217027522793097 -0.7726256503033984
1.0000000000000000	-0.1729557984533297 0.4764992688068478 0.4986331341697463	-0.4589822945896551 -0.0676616020483910 -0.0597610522011435
1.0000000000000000	0.5728431235175023 -0.2482632139719246 0.3096482599949917	1.0589354001656717 0.6735013104231777 0.9381030141333130
1.0000000000000000	0.7271716677791750 -0.3798049363320479 -0.1923899403521012	-0.8289860555504751 -0.4347365474820013 0.4506085118802387
1.0000000000000000	0.7835750649602033 -1.6970553921198057 0.5358148152244043	-0.1970931938156567 0.1762168463754404 0.2665972369660617
1.0000000000000000	0.4184309652833974 -0.0773015477203057 0.0877299841657169	0.6237648373619421 0.5549409468056409 -0.3864604043640227
1.0000000000000000	-0.2047376986247637 -0.2289033753001023 0.3178246186802455	0.5059650029468103 0.2757459891642270 -0.6065337104451473
1.0000000000000000	1.0518160446342562 0.0903856359492377 0.3704088260336741	-0.6461162894658081 -0.1446603946394182 1.2982131966846766
1.0000000000000000	1.0345850832948156 0.8864773876898806 -0.4181489764600013	1.0758791269816268 -0.4841019462620433 -0.5266755781047855
1.0000000000000000	-0.3300846988489990 -0.1944988206537338 -0.1120372696371134	0.4741380180810917 -1.2904382058427695 -1.1257975659722264
1.0000000000000000	0.4031965831573678 -0.0789236099905759 -0.2890055963811533	1.5169136847343747 -0.0483092645918222 1.5801550717199615
1.0000000000000000	0.2723924393185004 -0.0930863878384242 0.0758381344960763	0.1888827258724173 -0.3243735825806511 1.0524044257068073
1.0000000000000000	0.1994287872655959 0.1554659037069472 -0.2120896214511936	-0.9260957363643296 -1.1284429136710463 0.9877186487033905
1.0000000000000000	-0.0660075844969691 -0.7024022309446445 0.1612837696620439	0.3690696034061757 0.1549162372144283 0.6468969801492863
1.0000000000000000	-0.6866969322147627 0.4709201684239002 -0.4790341338697677	0.3728302555702594 -1.1596038467900616 0.7607380866240675
1.0000000000000000	-0.3711851990923566 -1.7419220070910393 -1.7222373195346072	0.8656868886438519 0.1151099896549194 0.3401318209827747
1.0000000000000000	0.3267625465709824 -0.3200916672271203 0.0041550198498934	0.2870861519363249 -1.1728281551072692 0.9675135229001068
1.0000000000000000	1.0039240508439466 -0.6226173153279319 -0.8171495233201539	0.1962073126703206 0.8588943418143599 0.3191877183498710
1.0000000000000000	-0.3572473433283002 -0.3792053212678486 -0.1053346681721156	-0.3377667669503965 1.1744831281460451 0.8868257597676449
1.0000000000000000	0.0860996110377239 -0.4434103757361293 0.4029783954954793	0.9008833015376991 -0.1581100477848160 1.0955264944132612
1.0000000000000000	-0.0237780927400235 -0.0741409706292537 0.0492533563063428	0.5158699445557708 1.7244684314249006 -1.3685811171983291
1.0000000000000000	1.1377061652354139 -0.6126858988725932 -0.1839481448171047	-0.4481342356980199 -0.1654318380369843 -0.5852837347658002
1.0000000000000000	0.0013672450773182 0.2249602873780904 -0.1593722266766840	0.6775384074374405 1.3705113911034579 -0.7056410057991370
1.0000000000000000	0.1791955976485266 0.3219178080241825 0.1474361657286298	1.5357900694170550 -0.9346973076411849 0.5004887927020836
1.0000000000000000	-0.1759421135254306 -0.6782373039918942 -0.7568929860754796	0.6308152870914169 -1.4806696155939103 0.3125355107564934
1.0000000000000000	-0.8478044707485403 -0.2099986956909424 0.8752374591173280	-0.1967526089302533 0.1014261814812847 -0.0649125214034076
1.0000000000000000	0.4083760915128541 0.3452853232691322 -0.6185073448151902	-0.7271331670408384 0.9151845211493532 -0.0856957003685966
1.0000000000000000	0.3731775166290200 -0.0785543724827327 -1.0618395682111370	0.1068960013548809 0.0893887802029132 0.7758647266504060
1.0000000000000000	-0.1840437091687329 -0.1102643435917435 -0.2714411160026545	0.7017422783509273 -1.9362487849524406 0.5328127337695057
1.0000000000000000	0.4793194155181912 1.2276677444223878 -1.5640527308540007	0.8497482890608391 0.8207594592908382 0.4466215648291526
1.0000000000000000	-0.1589394945119699 -0.5192410443196261 0.2830466012352640	0.0114207899468117 1.0742423315977314 -1.0053043847824545
1.0000000000000000	0.0887193471489669 -0.3914569289314616 -2.2931959842041949	-0.2665249201429146 -0.3119224550564110 0.5152008673037743
1.0000000000000000	-0.0577839013077237 -0.6771907806445083 1.3476410281386650	0.0170944309911857 -0.1045876418548004 1.2582906503809048
1.0000000000000000	0.0783125608950166 0.1707392760792442 0.0390484187989263	2.4474334420592068 -0.0663381673703235 0.4471065544358191
1.0000000000000000	0.4697611838912163 0.1974016007700517 1.0130180519830718	0.5930525663769401 -0.7362872599294553 0.2482161225684670
1.0000000000000000	-0.3229273135382184 0.2230904811526269 -0.5116153597773108	0.2506018622868213 0.9047815969221989 0.3767801696498290
1.0000000000000000	-0.2130975691656850 0.3634585716529722 -0.4869639026878696	0.6927198401169677 -0.1249984742259458 -0.8146552530690325
1.0000000000000000	-0.7014135576288050 0.6077250729490946 -0.7452744301436434	0.1923598221410525 -1.2905216925164376 0.3116678716547847
1.0000000000000000	0.5818841353666002 -0.6518174246040169 0.3950397843992973	-0.5805439507721407 -0.0721015136044249 -0.9247576407048552
1.0000000000000000	0.4586627989530300 0.2160240474632164 0.4520897028239171	0.2119138344825195 0.7151034562931859 0.1636910838672981
1.0000000000000000	-0.1835382996740906 0.8653112336439197 0.6924066395971947	0.8554823979302640 -0.8184943597315707 0.9622784791634503
1.0000000000000000	0.2847997125600412 -1.6658416191272167 1.1622832567053702	0.2312514673536762 0.0661493230096119 0.4257551172474078
1.0000000000000000	0.0729310850756668 -0.5184381841275344 0.5689274313478896	-0.7635412030084343 -1.5360725041334506 0.8792904059648451
1.0000000000000000	0.7365935667183912 0.3843554741370575 -0.7521942029715908	0.5004972389662032 -0.3099053123454691 1.5332283264527236
1.0000000000000000	1.3082467886535767 -2.4472633361477580 0.2741132650090756	0.8188342969702552 -0.2517838976655279 -0.5219129413708135
1.0000000000000000	-1.1780059111550529 4.5933554940411510 0.7822729750672802	-0.3614589416734607 -0.5457193826557112 -0.0810678980523152
1.0000000000000000	0.3214249743836961 -0.1987282623044081 0.6860226798189084	-0.3746577707859964 0.0814551896699323 -1.1975406696596345
1.0000000000000000	-0.0670420191490474 -0.5707566118881935 0.5344221952718561	0.8468757235378984 1.2586555072690708 0.1504012558213036
1.0000000000000000	0.7933045768296895 -0.7184157626831182 -0.0308914863942452	0.4491912325577540 0.3956812805998643 -0.1836006518888988
1.0000000000000000	-0.1807700082998395 -0.1611761263739543 0.6792510052983503	0.8516806601964436 -1.5989712016053950 -0.7975621721743459
1.0000000000000000	0.0680242937730835 -0.1904366837724485 0.2502588400493900	-0.7497853326416010 -0.1232571131580465 -0.4197869599635127
1.0000000000000000	0.0956607168758726 0.3013940658520605 -0.2065740543876402	0.7181896615828627 -1.1362706763674302 -0.3612544350101645
1.0000000000000000	-1.0606848487723464 -0.5916944687914650 1.0070775635069216	0.8362464380614676 -0.7244668327011818 -0.8265192654392374
1.0000000000000000	0.1911795165057476 -0.0257538863500675 0.1574557429270318	-0.1371535205654437 1.1665349622461096 -0.0012541770343267
1.0000000000000000	-0.7886050871999074 -1.4103014349557887 -0.1056860736048676	-0.8760065052532610 -0.4224880066057971 0.3255839424071014
1.0000000000000000	1.4570540206011733 0.1523704631505791 0.9269708446127720	0.5407995842392191 -0.2930435710743577 0.6113087195384040
1.0000000000000000	-0.0231705114260800 -0.5687137523442821 -0.1574310917127099	-0.2907467512315404 0.3758144004242461 2.2649634267959193
1.0000000000000000	1.1722685318934312 0.4072842499547670 -3.1601248440652463	0.8101686570089628 -0.2537486698608259 -0.1889327527137498
1.0000000000000000	0.4872521614686524 -1.1168221059615138 -1.2653936266023103	-0.2336068045184427 0.1231124297018509 -0.0321979950302237
1.0000000000000000	-0.9360074172662870 0.0833365350719315 0.6235401697392391	-0.1328984436683586 1.3026982117954740 0.7879804511952555
1.0000000000000000	0.2926893492649676 0.1419325001881028 0.6776020809742825	-0.3904367302141565 0.3879760331149926 -0.0710498280563497
1.0000000000000000	0.6713774221172570 -0.4460540990781127 0.3397050648698020	0.9557995937650803 -1.5342041020978625 1.1104673428689955
1.0000000000000000	-0.5937397644015759 0.4297428505768893 0.5256347891345069	-0.2009167398256494 0.4196121827064950 1.1316887750893614
1.0000000000000000	1.5826426420356428 0.7266235658781164 -0.0946554479851829	-0.3071039142674946 -0.2485203713773032 1.4820542426419241
1.0000000000000000	-1.1852266245264853 0.3741635047096892 -0.8711701441085732	0.1947387399301805 -0.2178039709823063 1.0521241794127540
1.0000000000000000	1.3875478810295974 0.3637041846753115 -0.7099652958871732	0.6724392204062183 -0.2292764623261170 -0.6688875686135344
1.0000000000000000	0.0814515189108733 -0.1786311639462753 1.4980591244471331	0.3893817638745388 -0.8923227972939229 0.0694748221465833
1.0000000000000000	-0.1886294450791552 1.6767907270068838 0.2247556451613405	-0.2635031992777246 -0.2159177663411699 -0.1862499610501524
1.0000000000000000	0.3723285106943834 0.3049288103742918 0.1652357832029708	-0.5117716652179715 -0.2366226372024378 -0.6405053976012818
1.0000000000000000	0.3289268751342565 -0.6399571605734146 -0.1578280938954283	0.2844447873844401 0.4759286381259853 0.1317332569140132
1.0000000000000000	0.5347716948308433 0.6353315637857142 -0.4002251931875755	-0.5012947013604507 -0.7741663118916796 -0.6680063585033169
1.0000000000000000	1.6599392481965745 -0.6265531635138216 -0.7628483777745114	-0.0187341098157571 -0.3928796848172926 0.2911001906623800
1.0000000000000000	-0.8408132133669132 0.1348292695967258 0.5116421441707285	-1.5473147332316342 -0.2218917971823606 0.3784373166667239
1.0000000000000000	0.1269696662818673 0.4030894402392832 -0.1650483240425623	-1.7352605859976495 1.3388176742440674 -0.9157940907845600
1.0000000000000000	-0.8861620391855006 0.5682446715120444 -0.8380674808084263	0.3458363576961510 -0.3100535121930804 -0.6308677388214134
1.0000000000000000	-0.5917250926071341 0.3407709367016281 -0.7168783630462152	1.3435122564905235 0.2342426115239793 0.9776861458304990
1.0000000000000000	-0.2112438120383791 0.1190808966531148 0.4651270507685687	-1.6747242478032345 -0.9322437923011542 0.2608994345290233
1.0000000000000000	1.1826907960191668 -1.6385001136517368 -0.6245987450048548	-0.2876258767091412 0.4779671215064319 -1.6088837032876844
1.0000000000000000	0.9521166862601065 0.1862894107674012 -0.0951851223418868	0.6163593839165122 0.2040729516565821 -0.7903305458642874
1.0000000000000000	0.0023656886604364 -0.3024356408774639 0.4381829124826522	-0.4378934672312138 -0.5261479334208315 -0.3519610648365782
1.0000000000000000	0.0542802419468884 -0.2503688451702784 0.2355469622216048	0.1558107457343501 -1.5402414672760978 2.1379556560352642
1.0000000000000000	0.1470747520532569 0.1225153902330244 0.1924098092783238	-0.2059722769176565 -0.6232479981396395 -1.1821404356190068
1.0000000000000000	0.2628762382771203 0.1544174353776917 0.0619916553918282	0.5756163392021980 -0.1878646720548518 -0.6232402300514341
1.0000000000000000	0.2512782794459185 -0.0910443910085201 -0.2062362463454999	-0.5417803382004446 0.6051842579697548 1.4291257147304151
1.0000000000000000	-0.1790020985854248 0.0455381273390256 0.1382164744245132	0.2198497041415530 0.2739559087425572 -0.1597201903328526
1.0000000000000000	0.3727533194459599 -0.0236283850477463 0.3658762655248840	-0.0588925175167655 0.1536448720686813 0.8077917049086579
1.0000000000000000	-0.1994999938309845 0.3598242197402874 1.6280147857665155	0.1924863883876068 -1.3663529856160819 -0.0409826282257395
1.0000000000000000	0.3129708006876378 -0.8152434640407374 0.1438016848474847	1.1592629232944571 -0.5276026038358025 -0.7744340908626393
1.0000000000000000	-3.9511831140629621 -4.7125779521975231 0.5235541506663162	-0.3575193738954319 -0.1689609535716353 0.0946984292107663
1.0000000000000000	-0.9426291877492310 0.1096356746617967 -1.0603349221974567	0.4134717547360692 -0.6302765648897368 0.6823119250464464
1.0000000000000000	-0.0282172463745620 0.3709437325762554 -0.1591168277399748	0.6833413539087235 -0.0457448793632648 -1.1872327432207077
1.0000000000000000	-0.7605690956634541 0.3334902836637593 0.1868608193148180	0.1686297125410548 0.1580311746666191 0.8668942746939811
1.0000000000000000	-0.4124860634466475 -0.8208456315964341 -0.6435216542932481	-0.8145631262524847 0.5757283395612834 1.0508088471807933
1.0000000000000000	-0.1030453033683277 1.1907220243602776 -1.0743763579827155	0.4745524770130859 1.0773988210148890 -0.0676388969756844
1.0000000000000000	0.4112085986103373 0.4173861729782736 -0.6535321876563009	-0.4957663038600281 1.0179619916137201 1.5794894426615729
1.0000000000000000	-0.5967627359576305 -0.8756701573517068 0.7851387038300305	-0.0022488256852226 -0.7596511493868935 -0.0202209104295373
1.0000000000000000	-0.1081340839443407 3.5781950933077669 3.5956286643004871	-0.9088794212859409 -0.2337553911035141 0.0904471030867516
1.0000000000000000	-0.2606936870653720 -1.2166662748813910 -0.0449612700150736	-0.4960548031918266 0.0036272641539704 -0.7959110690848085
1.0000000000000000	-0.3805044102582761 0.1302465821323317 -0.5174215684422838	-0.2619304971187107 0.4829247488054501 -0.2116875584811888
1.0000000000000000	-0.9652982584942050 0.8807459451698176 -0.0139974574369153	-1.4108644372705788 0.3218238690200391 -0.0498863209081892
1.0000000000000000	0.5593832607182422 -0.0505547031142635 -0.8572105207188296	0.2178680059544484 -0.0252313322717118 -1.1325032238689647
1.0000000000000000	-0.2665516303324722 1.2384722838269466 1.0771900103379692	0.0883445905073537 -0.5295919362958771 -0.0784874261814661
1.0000000000000000	0.5645443435402341 0.8839071868244519 0.3632335538754972	-0.3399580319222361 0.4073468194190392 0.9269378309647907
1.0000000000000000	-0.5105601485585234 1.2185591584214839 -0.2707153363425152	0.2618487000753388 0.2372079806696095 -1.1806192221664673
1.0000000000000000	0.4895365974592367 -0.6273047248256755 0.1604575382689164	0.5515565978618673 0.9498897884702676 1.1531854789753022
1.0000000000000000	0.3848724593665751 0.5141679223317240 0.0352867995151956	0.0891822017377952 0.4760679418786085 1.0743796655453033
1.0000000000000000	-0.4659661209178934 -0.4514384879400858 0.3322796711763037	0.8128495427129719 -0.3571104606267872 -0.5342678455669595
1.0000000000000000	0.0111297174201145 -0.2466871761755886 0.0003628444093794	1.7558133135152505 -1.5992609167408036 -0.1608431329690325
1.0000000000000000	-4.4172371149836618 -0.6205440369670110 -1.1008469959356022	-0.4713258060302750 0.4910282426869172 -0.0463640282478310
1.0000000000000000	0.5538153511373738 -1.1069079805397770 1.2737503142180788	0.2807241663125958 -0.6133069154773980 0.2197566972119266
1.0000000000000000	2.3416325418793513 -0.6066965198778945 -0.1247784863507773	-0.1303845668412851 -0.1042602487192279 -0.0029841461618177
1.0000000000000000	-1.2809590000882842 0.0546957933790613 0.0804008821664469	0.6210049385429584 -0.6792504296432421 1.1117654244235631
1.0000000000000000	-0.7940206334186674 0.0265222661552485 0.4841956535245123	0.1071321739158319 -0.4545015097913765 0.0350128559948761
1.0000000000000000	-0.2305560991920664 -0.6188797729029785 -0.2866680097175515	0.7215545318064314 -0.1526468539709590 -0.6574108991780032
1.0000000000000000	0.1278961761568080 -0.5992657185560214 -0.0983485282090965	1.2560571226154480 0.2404987632209187 -0.4889033973604662
1.0000000000000000	1.3302638954949624 -0.3285856550695756 -1.0156801529478334	0.5911529336615287 -0.0658694309809790 0.4820458187607023
1.0000000000000000	-0.0872332921758856 -1.2235460949095300 0.5866032058730272	-1.1866888793861827 0.0184427116004663 -0.0380306050624367
1.0000000000000000	-0.1004513519144883 -0.2710514281833213 -0.0098964443965073	-1.2378155687797054 0.5953618351849727 1.2154827391660805
1.0000000000000000	0.0827467475311167 0.0557085457182598 -0.2495557005471749	-0.1032343506432967 -0.0753930586489541 1.0144515372225227
1.0000000000000000	-0.6475253894983907 0.4061634390358435 -0.8949469324825778	-0.4384436839588935 1.2668490065427245 0.0424989183861179
1.0000000000000000	0.4487972524540192 -3.6176131200206636 -2.5795169901928148	0.5220042985274593 0.2789346927820515 -0.2299314167761100
1.0000000000000000	-0.1648674413981053 -0.5618837474117487 -0.2405711166814427	-0.2606988928020868 1.3231668425246006 -0.5212293221904439
1.0000000000000000	-0.1079893174815350 0.2066059318679968 0.0248278856088442	1.0123581896212548 1.9789703593197465 0.6362697337928975
1.0000000000000000	0.2511840525040918 0.4071234524488933 0.5353944395652152	0.7412730352748098 0.1243091223608543 -1.4701757625624539
1.0000000000000000	0.5307471429343649 1.6436324721939888 -0.2112867595143229	1.3554020054806697 -0.5282226964692077 0.6083191988844712
1.0000000000000000	-3.2447297294096136 -1.9999946159365656 2.1066931177743577	-0.4247911814851582 -0.0546639385419389 0.9016652530593496
1.0000000000000000	-0.0974893054595889 1.0474525590666490 0.2766894943854893	-0.3172464549415424 0.4935387624511905 -0.1439883496897891
1.0000000000000000	2.0366903964254717 0.6761590164701972 -0.8629471858150541	-0.4340980595754837 0.0264860356857519 -0.6919369798192762
1.0000000000000000	1.0038479823341415 -0.6496208245048788 0.1352069101865755	1.6767034218336667 0.6911828434536352 0.6076030073135746
1.0000000000000000	0.3538696219054099 -0.2279301005511001 -1.2282111258510973	0.2362272019118463 -0.8658482868873393 0.7043779351333249
1.0000000000000000	0.1570739270957274 0.4654524023159412 -0.8447857209620609	1.5903277373797211 -0.0370620385194392 -0.5825734171990146
1.0000000000000000	0.1341143849585142 -0.1526170126257316 -0.1485333005335336	-0.5995622287517492 -0.3970873391139181 -1.0500574506465203
1.0000000000000000	-0.5565994410828199 0.4421574161761020 -0.1942311767643003	0.4557252066794040 -1.2075162240315103 -0.0875491631752867
1.0000000000000000	0.7324327055189701 2.0751567460793723 0.8278876016602721	-0.1976555662792132 -0.4541593994632720 0.4452529450324656
1.0000000000000000	0.0355544228361918 -0.6620649922518830 0.5109333024844716	0.6150470642904214 -0.8984459434742431 0.3861239897456747
1.0000000000000000	-9.8428812728820620 1.8800287072841038 -4.4822336432483985	0.2054631097607330 -0.5110326291292449 -0.0194440094291948
1.0000000000000000	-0.0974777205265105 -0.4293882697482748 1.4386947641816237	-1.0152859152256932 1.2694701343222039 0.0772219167078204
1.0000000000000000	0.2180814094393405 0.2062807891274166 -0.2569803046698760	0.5265161882673064 1.7174826408166655 -1.8946951531835634
1.0000000000000000	-2.3900192293854770 -0.0528343106897603 -2.9524272815519010	0.3622121188856958 0.4514419402293094 -0.2148318992604458
1.0000000000000000	-0.7864237946565915 -3.2824514866805075 -0.2184461444959561	-0.1213087907495105 -0.1477783950022961 -0.3446572131131170
1.0000000000000000	0.5972487434350783 -0.6151844791990642 0.3102511533858879	0.6798304952328995 0.1203519490640684 1.4152049013486412
1.0000000000000000	-1.0253113952818458 2.6230522071429325 1.5652241375555116	0.3786320010588898 -0.2752510135647132 0.0013948580170080
1.0000000000000000	0.2553578597386821 0.8795561440960242 0.6620805131665718	1.3605817109607297 -0.3766078981522698 -0.2923879064297941
1.0000000000000000	-0.3414804551539929 0.3047985491082574 -0.1227424007178205	1.6432868518784545 -0.6541694830651303 0.7963709613256960
1.0000000000000000	0.7059397811865341 0.0670206037048099 0.7128531829043927	0.3386366549613979 0.6312692828128958 0.8312043578471334
1.0000000000000000	2.3879740843670190 0.3580345146764716 -3.8911691733742511	-0.2023321993585983 0.2584273548970984 0.5532076324209703
1.0000000000000000	0.2267374379390267 -0.0225493142087093 -0.2792576861932722	-0.8870730049515616 0.2010097873531809 -1.5401549041166926
1.0000000000000000	-7.9407373936480079 -1.5154048674635809 -2.4963543000568382	-0.3401055466181768 0.2725860218209027 -0.1823501483212350
1.0000000000000000	0.4328794262990364 0.1537636886629569 -0.4409694052170128	-0.0550111444517527 0.5781575601929332 0.5515701004483012
1.0000000000000000	-0.9261369362695316 0.0877550125075499 -2.5166011331758447	0.2256718695479356 -0.2185391492309645 0.8419324625909945
1.0000000000000000	-0.1672433608766980 0.1101354113362636 -1.0570753588939945	0.8625704097434630 1.1103958614872891 0.7728581288952858
1.0000000000000000	0.0014719788734151 -0.1953823569507614 0.2003890972428040	-0.8137726312900068 0.6640815010832853 -0.0086636226059222
1.0000000000000000	1.6104399732544465 0.8951435940174604 0.3147123709925168	-0.3523974562915623 -1.3903285463128037 0.2752479879785699
1.0000000000000000	-2.7870759520340913 1.6896280561694457 0.1887358587685189	-0.0869453691392803 -0.1773564253606006 -0.1658259930397654
1.0000000000000000	0.3480879346338908 1.8062296364337438 -0.6327889398953600	-0.1511902657725198 0.5704352927132648 -0.7284526045298173
1.0000000000000000	-0.1523722596415974 -0.4698646993528224 -0.5146554247250668	0.0083054244058439 -0.5021953633443675 0.2230079212592389
1.0000000000000000	-0.2957063714898072 -0.1216854241291096 0.7493329253896851	0.3155530545143983 0.3079187014386510 0.3814439011736662
1.0000000000000000	-0.6317754006501125 -2.0689198449650572 0.1595304142417086	0.3715219200656201 -0.2452835670882440 -0.8850883400977476
1.0000000000000000	0.1421321039131114 -1.1629609667696588 -0.1958125987886560	1.3113176360435681 -0.0285756004411229 0.6072879744202019
1.0000000000000000	0.0803296048889325 -1.4191278255600628 -0.3858139613779304	0.7053645138972882 0.2351777380392120 0.6828326897188410
1.0000000000000000	-2.8721536434797632 -0.9597891674766585 -3.1070630689483827	0.4076174506274264 0.2151814276359844 -0.6793365161393746
1.0000000000000000	0.2815610243478948 0.0477571221164933 -0.0927067028306986	0.7501737524755739 0.2004560259853954 -0.5686478142486900
1.0000000000000000	1.0063740725576005 -0.1321733880688621 0.0726670606640543	0.4420563012469537 -0.8188346239060126 0.2369875498810377
1.0000000000000000	1.4402433360977132 0.1485494661905948 -0.4589315043896419	-0.1141405645322289 0.0069195451946121 -0.5698166123281412
1.0000000000000000	0.4512330011323625 0.4409369485025734 -0.7816393925678237	0.4032796113158929 -0.3939177150018342 -1.0385321788740063
1.0000000000000000	-1.0357614670158504 -0.3063216812286955 1.1306912562496041	-0.6705863796578468 0.1996954005002608 0.8383700532514026
1.0000000000000000	-0.2195273183251784 0.8313256437832085 0.2257246201154733	-0.6181359044200514 -0.9723925139480725 0.8545289043733244
1.0000000000000000	0.6308558065224804 0.4926821075522157 0.2420396856330400	-0.3754168368575643 0.7504638193554906 1.4923631447257315
1.0000000000000000	-0.7387936145977578 0.2528615788392136 0.3626440148418712	-0.5224543306559147 -1.1521217397262746 -1.1799511189840173
1.0000000000000000	-0.0542201103126898 0.6639077016131596 0.2510652639007481	-1.1411443710199547 -0.6560385694220615 -0.0846077211698867
1.0000000000000000	-0.5311177847779353 -1.0425409685444842 -0.7396331035716489	-1.6842056000022885 0.4600787443090943 0.3268716001322705
1.0000000000000000	-0.3047141002575815 -0.3821324982461495 -0.2400361695495976	0.5183454304907447 0.1135988036122857 -1.6525078864053722
1.0000000000000000	-0.0653092434766986 0.1738551437235127 0.8159582697860135	0.1406074019428698 0.2918648511331146 -0.5455524168191500
1.0000000000000000	-8.9058024410473724 -1.5720062836424713 -5.4161936596512676	-0.3106975603150430 -0.1201741931818837 -0.1389644467042510
1.0000000000000000	-0.3013048647603104 -0.8054884599057274 0.3188049446125460	-0.6395119205221766 -0.9936957698696580 -0.2081733670344492
1.0000000000000000	-1.4593970794382878 -0.2930440627531309 -1.0099098591109976	-0.5019889651080147 -0.5327548236150398 -0.9473141053476557
1.0000000000000000	0.2835824448201787 -1.1310524809950415 -0.7867975423192215	0.4873494266877282 -0.3012012702982333 0.1026066861437740
1.0000000000000000	-0.2390228791627237 0.2212445104378751 0.4983634949012353	1.2798435279199438 -0.8451221293538103 -0.5512365934070628
1.0000000000000000	-2.9413352931545371 0.4720363496371676 0.9463855435676942	0.0631798928248358 0.2760885313639154 0.7475537221212346
1.0000000000000000	0.3705671172678438 -0.0889194055805043 -1.5700489133451618	0.1629628908514109 0.5110947230441663 -0.7171659605626024
1.0000000000000000	-0.8659348186566103 1.1926906677158000 -0.1523171008508593	-0.2667170123215822 1.7910096460017368 0.3604899163701405
1.0000000000000000	0.1758473883736137 -0.3484209070762026 0.1609434428627223	0.1612934975788947 -0.4726446903533267 -0.8102800298730235
1.0000000000000000	0.3168291639950842 0.3140522240415993 1.0083479254228012	-0.4142952255510442 0.1075906009796550 -0.2597255527980042
1.0000000000000000	0.0087069619939601 0.1619984128077744 0.1692650239631424	0.1008314972046150 0.7735886842600482 0.3248241378692912
1.0000000000000000	-1.3256550760774273 -0.3610840213180504 0.5068022131291561	-0.0237642307380025 0.0593112228139097 -0.8394928706993032
1.0000000000000000	0.3835631384145953 -0.0243646330924658 -0.4968812682976503	0.8101170167272694 -1.0135257625505254 1.1279152712858058
1.0000000000000000	0.4874591752032126 -0.9953380026686274 0.3582512948378491	-1.1828482396628015 0.0376088249473075 -0.7731586630556053
1.0000000000000000	-0.1612622802824701 -0.6481958486544520 0.3484078881896370	-0.6554603002166766 0.5417415415160953 1.4920788534482496
1.0000000000000000	0.4590163787722017 1.2789437020137611 1.5087755946289325	-0.0334272870082550 -0.0382082777509835 0.0612775611158480
1.0000000000000000	0.0446251905901996 -0.1717772864915422 -0.3259085633434366	0.7044885520388983 1.4606980428631764 -0.2972232630475443
1.0000000000000000	2.2901807181434686 0.4115064545629683 0.6766812720362355	-0.7789193850645392 -0.0809500840348613 0.2100099836798157
1.0000000000000000	-0.2813024462047244 -0.1819808982189873 0.4025520680866874	-0.2250666172205387 -0.4029913168155690 0.2105199586800361
1.0000000000000000	0.6900801066598242 2.0485116156619916 0.1558786179788364	0.5816133882478896 0.4290502040786923 0.7574286000088858
1.0000000000000000	2.3787485726751747 -2.3731418272925611 0.6463301441002380	0.9211888644106517 0.2979852400616151 0.5399782639315148
1.0000000000000000	-5.7053285198488144 4.4035855561080179 -2.2374835583586274	0.0125958778925893 -0.0686236192756103 0.4390413020785424
1.0000000000000000	0.0679923164730640 3.0112065487676758 0.9994607210568980	0.3064711839329480 0.1246775119282397 0.4534207485296077
1.0000000000000000	0.4698827615067921 -1.0259780210559009 0.1235911805044037	-0.2776528221317556 0.8047756279907692 -1.1659470258789746
1.0000000000000000	-0.1399176758320147 0.0028922680419549 -0.1140248324109957	0.5889511339433455 -0.7418086599923600 -0.0528561409772429
1.0000000000000000	-0.2535087447268524 -0.0569346249129094 0.0105196989454916	-0.2437546337904894 -0.4377236473110059 -1.9097619823854595
1.0000000000000000	0.6261013212567412 -1.1472520074275587 -0.3816263513362905	0.1263057590042385 -0.7857608497847597 -1.0626062649510268
1.0000000000000000	-0.0337116470566630 -0.1096279814591998 0.3252286317833559	-0.0754053865043959 -1.1098080908256016 -0.2454377174181545
1.0000000000000000	-0.5324820801173427 0.3944738424119732 0.9050504934951294	1.3167402303407656 -1.3362687910085644 0.3375151205803379
1.0000000000000000	-0.0113351968715396 -0.3294648170565650 -0.2673890378511254	-0.6102070847522881 -0.9691452901626291 0.5446136378240909
1.0000000000000000	2.5767764493581127 0.8992726705633800 1.0578570760106851	0.4689622286616096 -0.1044872882359129 -0.1754981511109897
1.0000000000000000	0.9615115158891696 1.1758862553310017 -1.4680507810428605	-1.3392406582700174 -0.5016740822498715 0.4264320332453473
1.0000000000000000	0.0632848895378918 -0.1511890717200679 -0.3054541416283298	0.7603570617642031 1.3322675308800054 0.8516802201602128
1.0000000000000000	-0.4225883263128657 0.2240169714502642 -0.3886518744570837	1.2390938845155248 -0.9698031077608059 -0.3571218282126401
1.0000000000000000	0.2718092644932423 0.0501778275156776 0.7380338393919175	-1.6633934063935598 -0.1219347459493479 -0.6702953192506657
1.0000000000000000	-0.2986515808957246 -0.6940140627980010 -1.9217396310082893	0.6778946993358712 -0.1116478474688664 1.0324537412968084
1.0000000000000000	0.3827761953675611 -0.6628578212425029 -0.1512783014976575	0.3561626212891215 0.1539905042050828 -0.4009897650575294
1.0000000000000000	-0.6279525227351549 0.7820556212725550 -0.5315752910046728	0.3581794778300353 -0.2090713657213444 1.3079251187977949
1.0000000000000000	1.0973702274709809 0.3958219832742928 -0.3487132650628886	0.3676908101901868 1.1083245726237698 0.7936963082815662
1.0000000000000000	-0.2980367155327145 1.7346851584691969 -1.2604378915805599	-1.1971169375545216 0.3374172640617609 -0.1456673544949052
1.0000000000000000	1.4321955642949804 0.0849604274602617 1.2462313400614464	-0.6236506332111725 -0.7131375507366476 -0.3042705841594229
1.0000000000000000	1.0650189893993018 0.3883081764789843 1.2691810501367808	-0.0095716675601677 -0.3776738940648289 0.0522480553227443
1.0000000000000000	-0.0136630918340549 -0.1191468947577538 -0.2106585666089856	-1.1608007867265639 -1.0309364494761648 -0.1450770804935980
1.0000000000000000	0.1272457040209707 -0.3478825790628966 -0.5171818882196558	0.3365583177074917 -0.6303230489659779 -1.8923941562045952
1.0000000000000000	-0.1425707389648104 0.5359274404794654 -1.2036649903544758	0.9680568468954021 1.0445228619026798 -0.3465272033554720
1.0000000000000000	-0.3071362477155154 0.5508390106529674 0.1343106322060215	0.6231529600650815 -0.8126048543956854 0.6549121701118865
1.0000000000000000	-0.2573976047087679 -0.3319888071143611 -0.2371984613616710	1.8445362403117669 -0.2562637289064119 -1.0897922816367287
1.0000000000000000	-0.1461105142094020 -0.2051983044515540 -0.4596364993357626	-1.2469427404677322 1.2997010601584245 0.4532175376018875
1.0000000000000000	-0.8363638798666816 3.1767996774592504 -0.5010888583012755	-0.1156116649741147 0.2447653024591812 -0.4140365065294590
1.0000000000000000	-3.0246127360978479 0.4762547814668229 1.2646653356651876	0.2116614357259222 0.0365460130444482 0.3751900285457657
1.0000000000000000	-0.8627357899141939 0.3020757079079963 1.0736987803248159	0.2612333006737231 0.2115879099099480 -1.1158515599606529
1.0000000000000000	-0.2421215093273417 0.4776034514696351 0.1250625098897298	0.1035453611168817 0.8004257096351427 -2.2146721654999388
1.0000000000000000	-1.4057113437310984 -0.8027139533325633 2.0653363218622318	-0.7195444995766336 -0.3287003709517278 -0.2079755119880516
1.0000000000000000	-0.5745438734933173 0.3058223783449167 -0.8088150596299213	-1.0883924150576743 0.4942564617650178 1.0176050841065705
1.0000000000000000	-0.4085303457487973 -0.7419560042113542 0.4789892844219199	0.1743334594829009 0.9701615471285194 -0.7084385271455126
1.0000000000000000	-0.4501421641127336 0.0867785320185083 0.4729145176951975	-1.1614184208821068 -0.1374253986605396 1.5315075063448265
1.0000000000000000	-0.4579885538454094 0.5554345959216878 0.1650971425560033	0.5666522854154167 -0.4550300715266082 -1.5150954179937390
1.0000000000000000	-0.3819139719048521 0.6710128027581540 -0.1377316051820509	-1.7005742170617644 -0.6973802927859981 0.3495714240884240
1.0000000000000000	-0.5836593042538097 0.4992694984791188 -0.2873695403797555	0.0831168557525817 -1.2061025377661112 -0.0795271893708900
1.0000000000000000	0.0308219466270002 -0.2735826867235985 0.4411167606509946	0.1822428723507271 -1.1210074752204433 0.5006114716770967
1.0000000000000000	-0.0809013309287902 -0.7309015311462566 -0.0121070952205996	-1.2244066276606702 1.5622516862117553 0.4738440181135330
1.0000000000000000	8.5583500120506404 6.2057491704676560 6.8271125755017286	0.0595687706800760 0.1488265601690628 0.0653717455089550
1.0000000000000000	0.1236197314705084 -2.2123468206145356 -0.1411011120072013	0.5327018512312611 -0.4037840617519552 -0.7874402346386654
1.0000000000000000	-0.2071425580097842 -0.1710249714660160 0.0797464954184125	-1.4108861897413723 0.7242473821043435 -0.6259939338142083
1.0000000000000000	0.4055657311357137 0.3980980425906380 -0.6184204881166296	-1.0897528046361176 0.2877690153017778 -0.9898757221206794
1.0000000000000000	-0.7445595406790919 -0.5211276564010603 -0.5431593850661611	-1.2879147970938691 -0.1559120119556232 -0.7524305657464916
1.0000000000000000	-2.1329975776605310 -0.2611326422004675 -2.4181378092878272	0.3140796917575513 0.3945249083468106 0.3678905135703031
1.0000000000000000	0.1270515021407294 0.4608327628185381 0.1171462812636187	-0.1479035306857068 1.5390052697418390 1.0394973480401037
1.0000000000000000	1.2060449976641086 -1.0793955869055110 -1.8743017012331793	0.3261922916924685 -0.3444888316738463 0.2081993444631410
1.0000000000000000	0.1078418413997759 0.0722339412566137 -0.3326670695290900	0.5707745349937708 -0.3449420498740754 -0.7063916125923119
1.0000000000000000	-0.5871743732640557 0.1857447476634764 -0.4841114294674687	0.7935633751938392 0.4453334951892430 -0.7466289729338925
1.0000000000000000	0.5113780871537789 -0.5387216946104725 -0.0307104412677934	1.0085139488167407 -0.5683423566729454 -0.4878721584294074
1.0000000000000000	1.1449248391552997 -1.5666049309201344 -0.4702350426390854	0.5843469784025714 -0.1067936881862621 0.1674987354210849
1.0000000000000000	-1.1756166775167833 0.7186093411043522 -0.3564967726322467	-0.0917619161971018 -0.7861516297173863 -0.1207551180098848
1.0000000000000000	0.5363200277939957 0.4409298493530931 -0.9049735843439904	0.9472007651437966 -0.3863708092254632 1.0704606762826903
1.0000000000000000	-0.4867988233604758 0.1223601950658106 -2.5318120368990846	-0.5336907411445965 -0.7658992486971505 0.1388533929407276
1.0000000000000000	0.4698072628796588 0.6086870823934372 -0.3353307824592295	0.3860208667091616 0.1056478368263325 0.1071869251266329
1.0000000000000000	0.5162322289608917 0.1591757789868434 -1.1096404429899980	-0.7589011485971244 -0.2209398487039288 0.7463981730859331
1.0000000000000000	0.2978899881847748 0.0055354376526278 0.4489840079982640	-0.0917199077896557 0.8919818433957359 -0.1307431944865762
1.0000000000000000	0.0325729921742643 0.0638542089290643 0.1924564622063414	1.3588543457559923 -0.3623105834755451 -0.6220591274216305
1.0000000000000000	0.2001964709670236 0.2324730193023577 -0.1343414464481630	-0.2406248802027187 0.8583865175406807 -0.1050830606059915
1.0000000000000000	-1.6472070260572498 -0.0387901747009852 0.5837819187018627	0.4248639491512587 -1.2971092095286509 -0.5942528763748964
1.0000000000000000	-0.1379833856299106 -0.8016847778148855 0.7814803197662534	-0.7566205565669777 0.5153754596499103 -0.8311075885780781
1.0000000000000000	-0.1386791721006537 -0.1154406041021091 -0.2259837174887256	1.8946930664887169 -0.9371354302818095 0.3101143882939061
1.0000000000000000	0.2431102503568045 -0.8358044612378649 -1.2106822305037661	-0.1083968274739584 1.1867261590783913 0.1794563132162343
1.0000000000000000	0.1173205607331983 -0.2652155674901647 0.1295834996563940	-1.0715817510597574 -1.1975125603494958 -0.2929136155114466
1.0000000000000000	0.3309041087234306 -0.1182155015730475 -0.5856313598331412	0.2555162936899217 1.3703419234838412 -0.4957867837334362
1.0000000000000000	2.5485046911668094 0.0336694540068529 1.3069740576118469	0.0656691966583536 0.8695622249503053 0.5333526519514856
1.0000000000000000	-4.1927153125380308 -2.4377845542243093 1.5255561188302158	0.3456904801654586 0.4043719072447524 0.2071639782155434
1.0000000000000000	-0.7449574247931167 0.9978472049026875 0.1284468647204360	1.2868586446945995 0.8761095365712154 0.2736842218983569
1.0000000000000000	0.3054297270513018 -0.3705289393844478 0.8739549542110588	-0.5780724853839174 -1.1660238962970797 -0.6209512716755849
1.0000000000000000	-0.9008583475752260 0.4192108898246727 -0.4809561524981890	-0.1069082295309973 -0.3068220242341204 0.6729183376268114
1.0000000000000000	0.5357864887802133 0.5958469249088045 0.0663043756682861	0.2017522309889490 -0.5718006491340123 1.4320053512453654
1.0000000000000000	-1.0991162883035481 -1.0472301552092613 0.7138824585723638	-0.8173720752796685 -0.2302542860327774 -0.6578971202071455
1.0000000000000000	-1.0849082561412751 0.0068262558058850 0.3422999286350768	0.7953689146031463 -0.6141956267268411 0.4348475224161776
1.0000000000000000	-0.0665108642824146 -0.9489243106949475 0.1829959494081444	0.3770877769782146 -0.9357418445287170 -0.0340040829482990
1.0000000000000000	-0.0206979225855685 -0.2722552893019518 0.1973407517082313	-0.9290292682986657 0.7120605426143825 0.6239857247643625
1.0000000000000000	0.2504481662447322 0.5200405575405398 0.2262827714699854	-0.1264342381308993 -0.2097753537894251 0.0638657605354944
1.0000000000000000	-1.5724729886062374 -0.3429917556085384 -0.2795652607728673	-0.7031850512966465 0.4412737189283448 -0.1652495434129558
1.0000000000000000	0.1321334872060574 -0.2462980359066649 -0.1608509968314262	-0.5260006888363647 -0.5333043074032553 -0.0695353466224251
1.0000000000000000	-0.4689910141839969 0.4294296546586503 0.7934077135428076	-0.0393017951124620 0.3982259558342807 0.0075668754296226
1.0000000000000000	0.6576981557171403 -0.2179857689112059 0.2033200721742914	-0.2483433301365202 -1.2834942526111774 1.6998911982323879
1.0000000000000000	0.8331362680291328 0.4267789777380390 1.0226114595620948	-0.7618085380270404 0.4916251166124915 -0.3986182227296662
1.0000000000000000	-1.2315024161536079 0.0336992046670956 1.6562478235539242	-0.6246954489240243 -0.4708489141436065 -0.0759843865963868
1.0000000000000000	-0.4678855744996958 0.2084639977005180 -0.3886173451792857	0.2210649170487961 -0.3426874315270312 -0.6674619868875851
1.0000000000000000	0.0232009835197231 -0.3521926958139480 0.0667878017666676	-0.1832254165704269 0.2313815400414178 0.6924938033421633
1.0000000000000000	-0.8166605405874524 -0.6688725137136470 -0.8296036419105297	-0.7453901581650813 -0.6648666272163274 0.2440021223059931
1.0000000000000000	10.5183728126990097 -23.1128776838741885 13.4559841569504552	-0.2840008417641051 -0.0865035811688918 0.0714075448077221
1.0000000000000000	-0.6483022742951430 0.4050707451426903 1.0862597168809305	-1.0924581783150291 1.3396805925758495 -0.3970107421823531
1.0000000000000000	1.0495978858052721 1.6218462241590403 -1.7809217383481739	0.6657601481264607 -0.5723363187943223 -0.8688670640247045
1.0000000000000000	-0.0323708086322965 -0.0598890618948257 0.0663679061364136	1.0517999697510203 1.5664527089149649 -0.3073935514606924
1.0000000000000000	3.3601110986044063 3.1634445187423590 -0.6250857804640534	0.1811909758442446 0.0624350999332290 -0.1499779620672047
1.0000000000000000	-0.6713910294538170 -1.1754683367439382 -0.5742331816802002	-0.2657285940549057 -0.4684352005857919 -0.3992866585574287
1.0000000000000000	-0.1947581437575924 0.6967255341058606 0.2502542060713922	-0.3706346104456963 0.0318781652779136 0.7153391168568078
1.0000000000000000	0.8364267619679974 -0.2637297320385571 0.6414213764817139	-0.5705561038453071 -0.0072038494806736 -0.8601397920023907
1.0000000000000000	0.3040542391799771 -0.1194114717764169 -0.3850871413139429	-1.0063088131942977 -0.2814215666796482 -0.1847311232784924
1.0000000000000000	-0.1590533272364500 -0.2607838309687027 -0.4107640020325160	-1.0903202539502095 0.7722313569108734 1.0847079423966914
1.0000000000000000	0.1004949771945614 0.2243917371505591 -0.3427115303365926	2.2405019942587323 0.3438008592225384 -0.9970797884133952
1.0000000000000000	-1.3264625660277054 -0.1392744130741503 -0.5451594269911271	-0.7240492232490354 0.0645714492334133 0.1189263874764272
1.0000000000000000	0.5384608955527872 -0.9724140586117429 -0.5398094851953819	-0.8071241090313863 -0.0613860847128718 -1.3721197019433260
1.0000000000000000	0.1503513598128547 0.3102975697300420 -0.3473155143765540	0.0746847768620310 -0.3375227492205369 0.7742501998968231
1.0000000000000000	-0.4423620073375319 -2.0385452217062667 0.7558710145766843	0.2327196746752677 -0.7347898785712222 0.5636781146788243
1.0000000000000000	0.4365683465679028 0.3184581952770978 -0.2004594910408543	0.7650884886966065 -2.0836613875037795 0.3822459916350393
1.0000000000000000	-0.0459203187117716 -0.7074751784675996 0.0415358536532839	-0.7334565588523310 -1.4809511290420785 0.8259588194615884
1.0000000000000000	-0.2373829017268036 0.2429563443832892 0.3142637772508326	-1.6276296628338605 -0.2167503559963855 1.1016804844610064
1.0000000000000000	0.3601475554127503 -0.4078779238712779 -0.1507917411418357	0.0125018641524445 -0.0108217992272881 -0.6121757198606447
1.0000000000000000	-1.4786029801253482 -0.4243046795070054 -1.2910113231689797	0.2451121994404869 -0.3846885847520492 -0.3518101196630258
1.0000000000000000	-0.6600156889221493 -0.0627111586650439 -0.4131912539264458	1.0440403382740553 0.1644695713311310 -0.4305179927301706
1.0000000000000000	0.2443764345181380 -0.3685508664467984 0.8657782587566675	-0.0892373610697804 -0.0322174654587522 -1.9115473838973789
1.0000000000000000	0.8052899009111404 0.8977396356766313 0.2317848671159534	-1.2461966852581383 -0.0848143242502163 -0.4815379621074399
1.0000000000000000	-0.0762664057514252 1.1578649643753172 0.2872247354141903	0.6039304721742935 -0.8512721103085853 -0.7120876708585444
1.0000000000000000	0.6898543065030428 -0.0807251837898784 1.8249262771719696	-0.7225395007705860 -0.1736367814947563 -1.0703067603772374
1.0000000000000000	0.0665942230151992 0.0243774008315698 0.3811124838123253	0.2825621803562834 -0.1375863355145316 -0.5719673848008070
1.0000000000000000	0.2137457624717649 1.0164154660184863 0.2782806345876765	-0.3855722584412357 0.4206898634792561 0.1449435199508211
1.0000000000000000	-0.1276662027889501 -0.5339367646602651 -0.2053601395298056	0.2101688440162076 0.3323954942894602 -0.8953186671451597
1.0000000000000000	0.2631021041111429 0.4436054967601509 -0.3225795250211934	0.0756000824712186 -0.6012861602908667 -1.1177789774186995
1.0000000000000000	0.2315771197898685 -0.7286840948689430 0.4303580085289224	0.8033716228985629 -0.3078238758242793 1.2605143470773525
1.0000000000000000	0.3395834283442435 0.1581987308680177 0.6686200095333114	0.2128750120329036 -0.9903795734110620 0.7368512781050126
1.0000000000000000	0.5097876780292762 0.7077766274345940 -0.6553971983610546	0.5237563830611353 -0.6064614287895779 0.5024440629520573
1.0000000000000000	-0.2435504146064160 -0.3818824416439405 -0.7555199986002545	-0.3137606202952083 -0.3153263479604152 -0.0260431060249123
1.0000000000000000	0.2013836029214121 -0.4548268700038622 0.1677281995555136	0.2494926999035686 -0.3971514440448556 -0.5035952033573597
1.0000000000000000	0.8975725505625863 0.4112532386459793 0.0742245682371680	0.3164295286510795 -0.2025649609496760 0.3062441652244879
1.0000000000000000	-1.3698492899121903 -0.3136894403195846 1.3922683412486676	-0.3373808103374499 -0.3265404637791379 -0.9548846271795579
1.0000000000000000	1.1615782605118750 -3.3016759814441472 0.8288646280379351	0.2047138658910157 -0.1323750855152644 -0.2043630954160718
1.0000000000000000	-0.7010153301192880 0.7476455210948951 -0.7989364295284297	0.2236258941299048 -1.0300580440896474 -0.3051924203789197
1.0000000000000000	0.2968650848417471 -0.6134129398188103 0.1819354427066431	1.4606384232657990 0.1086639200578519 0.4294431560493928
1.0000000000000000	0.2192050656210335 0.4373489926479943 -0.6015752160157587	0.3135166582423748 -1.2391167901337377 -1.0543197708371506
1.0000000000000000	-0.8401882411987034 0.0030093157918831 0.7518722260396564	1.0850382059939923 -0.1694950996126880 0.0829901481018959
1.0000000000000000	-0.1297971449519310 0.8838831964669583 0.2383708941738782	-1.2496640335633704 0.9703421435360887 -0.0982639516839210
1.0000000000000000	0.0000658360043164 -0.1983985424715325 -0.4223907539108408	1.4762087850413743 0.5185813788819147 -0.0776027098868428
1.0000000000000000	-0.7921706652965725 -0.5601919153436713 -0.0869813001028809	1.1992845072026084 0.5463092401536681 -0.9585615715699716
1.0000000000000000	1.3065319950394843 -1.0533352833550318 0.3385417427153701	0.4456989012365113 0.1428659883826789 -0.1574125928268940
1.0000000000000000	0.8701568538736386 0.7379999595211227 0.6030264282403436	1.0642774132962172 0.7315020894522846 -0.8455647063245221
1.0000000000000000	0.0201618806695272 0.1386910363286845 0.1389999158532959	-0.7893807456111228 -0.1199516880074300 1.3894420389603308
1.0000000000000000	-0.2391814107701939 -0.1786877064407902 0.3078636864257961	-0.1146323922906183 -0.0392806172987323 0.3798703284050211
1.0000000000000000	1.0435953265495572 0.3687212650719473 -0.3280081285107556	-0.0608720147018584 0.9101224838150470 -0.5992408295141816
1.0000000000000000	-0.1145104878073847 -0.4032153618966033 -0.4224217116826482	-1.7668211561957159 0.3893767174507661 -0.5391564828438524
1.0000000000000000	-0.4010833879722612 -1.2976136252242345 -1.2802419486319825	0.3437783641026125 1.2618689741339533 0.4365251707689042
1.0000000000000000	0.0925741920402262 -0.7399881811912377 1.5145520626281088	1.1226619830505300 -0.4257726548429341 0.1195349209900848
1.0000000000000000	1.9827562141697643 0.3879528670968126 0.9171391352485915	0.3170749123031557 -0.4076088812696319 0.4608642882020563
1.0000000000000000	0.0171760160809490 -0.7549456556383404 0.9494758194664756	-1.0566834490105028 0.0074042495066350 -0.2366019285084024
1.0000000000000000	0.1198961364920712 -0.2497884076072314 -0.6587879552187794	0.0553250779758700 -1.5075603999152627 0.1112963870554383
1.0000000000000000	0.3163375599871272 -0.4373907465540307 1.0067366671224180	-0.5721701103015160 0.4500396922058494 -0.8508103584771022
1.0000000000000000	0.0269507599611261 -0.4655237500722483 0.0217210382564442	-0.2266870877284625 1.0270727229503367 -1.1041155761870785
1.0000000000000000	0.2946973790217303 -0.2463863489870649 0.3455592340380791	0.6108387668783436 0.9742281541540659 0.0682422019119384
1.0000000000000000	0.5018814853728261 -0.2388014763672470 0.1055510489455234	-0.2609159526084781 -1.2067041790214168 0.4439092922174103
1.0000000000000000	-0.1503645702620497 -0.1051154546708769 -0.3270661668163002	0.0728139245465227 -0.3174267140873530 -0.5303702573536979
1.0000000000000000	0.6060193948490030 1.3725251849651114 1.2317109123734515	0.7166104436425659 0.1751133299732770 0.3122066036895333
1.0000000000000000	-0.1519802284042659 0.4474531752478259 -0.7373533031247250	-0.7794329482845695 0.4182143075345056 0.6194768409225068
1.0000000000000000	-0.7408309177018976 0.4335449820992673 3.8694155959200938	0.2108412117833281 1.0127715523205505 0.4976736903852965
1.0000000000000000	0.2160493456697398 -0.7125491417485451 -1.3821695574371988	0.9698942470977606 0.0671997567409862 -0.1189716285604598
1.0000000000000000	-0.6445910798964353 0.0301246831027944 -0.4136628581898300	-0.6596544006802288 0.2274563744792708 0.3198246438854624
1.0000000000000000	0.9216161101689936 0.8757904220548266 -0.1019170939547328	-0.6200779225057943 0.1136147573117790 -0.6000920122382276
1.0000000000000000	0.5795710105895638 0.4130599116617229 0.0463872899965963	0.7855079250740625 0.2247241857177952 0.4261382548943177
1.0000000000000000	0.1247091448942317 -0.2122910831371230 0.2109979038215898	-0.4382114210458986 0.4585201843812207 0.2520796903110328
1.0000000000000000	0.2111488920447028 -0.2455464641414317 -0.2774212735569484	0.5566705800049092 -0.0561564582108985 0.0024880282791311
1.0000000000000000	-1.2929139213651906 -0.1687105068022834 2.4328176340195431	0.0045639625765268 0.4568866171813952 0.5006895453872352
1.0000000000000000	2.6262169830163238 2.9315844309798553 1.1395807872149901	0.1518863775518982 0.7256442874810165 -0.6809778883891282
1.0000000000000000	0.4045897681035591 -0.3525375504200680 0.6693123256415685	-0.4079095875894569 0.2942308079793035 -0.1034689700879433
1.0000000000000000	0.0937849643999930 0.8097892892813044 -0.3927184895345794	0.5306512611015974 -0.6487881695418481 -0.5478025400890066
1.0000000000000000	0.2911780192359096 0.9952983647639864 -1.2930134530997532	-0.4967183339142470 -0.4184818545877886 -0.3635857343112029
1.0000000000000000	-1.8415655705609770 1.3325118246942442 0.8998358384893095	0.8147758126851733 0.1925738996054436 0.3656256621911994
1.0000000000000000	0.8016638313351296 0.9194950299443734 0.0204761192945838	-0.0778220633038867 0.5119032397158221 -0.6382359183947874
1.0000000000000000	-0.4287578306724486 0.4639627899088873 0.1489842931792914	1.0237868241663175 -0.9903295111449770 -0.8070324698528560
1.0000000000000000	0.7174775765042818 -0.4055593696851917 -1.4826557647380674	-0.8342011874888685 -0.4453823411362026 0.4343246444650895
1.0000000000000000	-1.8917178171663134 -0.5029586908634598 -0.3994639944016289	-0.3761602925567494 -0.6083037296992942 0.5308475377051731
1.0000000000000000	-0.1617009254128082 -0.9380142730933481 -1.0444035783036116	0.0554834508730630 0.6270498955784247 1.2957730840519233
1.0000000000000000	0.0932632930907281 0.1948227589915973 0.0697363846415132	-0.4480496348771755 -0.6283376032859624 -0.7619827436038837
1.0000000000000000	-0.3025627301617896 0.6983401915798897 0.8917566907341251	0.3974836448413244 -0.4506932843625144 -1.7692207814856526
1.0000000000000000	-0.3602000674886130 0.0998426123847852 -0.2683504555998151	-0.4301431162335263 0.8381039159026332 0.0497940641091258
1.0000000000000000	-0.2978494437742465 0.9625623225721376 -0.7028720001403920	0.3481136639823211 -0.0255435663500080 1.4775073469729059
1.0000000000000000	1.0724484442950131 -0.2743763745995315 -2.3549063422527690	0.7274390522986808 -0.2368432569787390 0.0139823647814047
1.0000000000000000	0.2533652263682369 0.1846253053390859 -0.0429560367818973	1.1060442462918207 0.9301096464106818 -0.8819918487247348
1.0000000000000000	-0.8078977476734408 0.0008549000261781 -0.7140501960477142	-0.6232654507300407 -0.5013414135689302 -0.0341952401016072
1.0000000000000000	0.9126530132442859 4.9996883411519848 0.3983428206171424	0.3552003426186381 -0.4873877116096884 -0.1729480707237376
1.0000000000000000	2.7562841182069193 -0.3930290399830974 2.1561936515689957	0.0093884741858123 -0.8083920688492268 0.4504701061906526
1.0000000000000000	-0.0418997279545131 -2.9677818844745461 -0.1752153783568773	-0.4336780917947445 0.3213600005965048 -0.4689695329303876
1.0000000000000000	-0.3992642298863758 0.3229446990675639 0.2724067712691757	-1.0163926963731498 -1.2185182589799024 -0.2071714783547915
1.0000000000000000	-1.0767611558802819 2.2304915637816780 -0.1860629937490164	-0.1780416054516667 -1.0255072510085523 -0.3414907244102546
1.0000000000000000	0.6249929036683285 -0.1069467406549721 2.2267177112246697	-0.0392816075541459 1.2618920040407418 -0.2318260421539037
1.0000000000000000	1.5967970183580686 -2.1579428862484868 -1.0678228707374884	-0.4692093222588686 -0.3306188526164105 0.3953544220397030
1.0000000000000000	2.5500335923863267 1.6051799800324711 -0.6917703887390884	0.1707464316042855 -0.4585736836216102 1.1679306537003638
1.0000000000000000	0.4539017985380754 3.0886557453360326 0.5937699120030355	-0.0799799766179870 0.9703728410447869 0.9140206547726281
1.0000000000000000	0.0288334234077493 0.1102597412040585 0.1302983210480770	-0.2358539636448378 1.4276583369498139 0.0783503879210256
1.0000000000000000	0.3870073007922051 0.0864394724034619 -0.9050800279352054	0.6491409519695356 -0.2908675789489614 0.2372151217423974
1.0000000000000000	0.5713770063760499 0.5269272419288098 -0.3993816722744706	0.4306722242576240 0.9164835684716763 0.4165852701984166
1.0000000000000000	-2.1184470047433863 -1.7723857150941023 1.5847779344159005	0.0506295574094426 0.7580197296462226 -0.9625061757258302
1.0000000000000000	-0.1823143187342186 0.7863837303562311 0.3886382213963819	0.4709454631253554 0.5208260015866789 0.1754213762114389
1.0000000000000000	0.8639000271865080 -1.9460554835247488 0.9676139586617292	0.8832103381345926 -1.0579611735505923 0.1577608424532152
1.0000000000000000	1.1800416104707556 -0.3261181578013075 -0.1677020957020021	0.8221276261275623 -0.4814425111919065 -1.6643008114786453
1.0000000000000000	-1.7981436208835331 -4.1308057419648287 0.7116972173399951	-0.2153077525122253 -0.3048124223605427 0.7489180741551777
1.0000000000000000	-8.8514316310266778 7.2142813134921546 -2.4004081263732124	-0.1419836542182957 0.0133365316572308 0.2195756810969189
1.0000000000000000	-0.6076199090190173 -0.6830701695530254 0.2545819939342512	0.3498267261116434 0.6498302715342013 -0.0521981662627488
1.0000000000000000	-0.3210484549070938 0.4488170069430990 0.2148921201138183	-0.2842380317323726 -0.6475754125205740 0.7674228475605400
1.0000000000000000	-0.0309138546270988 -0.2740249634668602 -0.3749530302172772	0.7729116758079208 -0.2838323171916884 0.8712935910156848
1.0000000000000000	-0.1944887068336885 -0.3334231705266842 -0.0106569885286683	-2.2717542761530658 0.6133057088657011 0.9343966870069165
1.0000000000000000	-0.7693957231416794 1.8387862983739773 0.0915429022702205	0.3971212562629941 -0.7500173601117625 0.3828211416727505
1.0000000000000000	0.2985806376945425 0.1718237421561479 0.1522539387722492	-1.2079215794028035 -0.3770698974706330 -0.5095530312621903
1.0000000000000000	-1.0744418410653171 -0.0192100171596109 -1.8369450960556664	-1.3403163220244845 -0.0173479386185494 -0.2717896030096655
1.0000000000000000	-0.1965087777855860 -0.4711051814982327 -0.0793923895709871	1.0057383578300181 -0.5089094175417559 0.0549896743833167
1.0000000000000000	0.7796979908628495 0.1632174192437588 -0.1808459509884446	0.2358634115405245 -0.6525262610441127 0.9299240371574349
1.0000000000000000	-0.0152114609393220 0.0969155817352178 -0.6551511881930536	-2.0689588727758403 -0.8186268710054280 0.4497060962756524
1.0000000000000000	-0.8118798625264015 0.0694465889819413 0.4574343702797452	1.4047513190923044 -0.2689836645083047 0.7986791058598822
1.0000000000000000	-2.2131440283681765 5.9310484101481471 2.9396698252126079	-0.0625720717208724 -0.5205647013096117 -0.0652639808234429
1.0000000000000000	0.9997503923558432 -0.7561508057683995 -1.3840539956400624	-0.4642723222113782 0.0340006619346018 -0.5083484382478738
1.0000000000000000	0.3982460271506845 -0.8702644841689764 -0.2420833834119206	-0.0875451413985145 0.5115650781485391 -0.5583660847151812
1.0000000000000000	-1.0077664279433682 -0.3671490386538148 1.2095587394668195	-0.4659380892498465 -0.4066910118105376 -0.4046857334185155
1.0000000000000000	-0.2979725146430569 -0.1328202553571337 -0.1853191979252277	0.1244719295262151 0.3543504327078710 -1.6348290440590580
1.0000000000000000	0.0701281126735147 0.4676678519585302 0.8154827480801470	0.3663899396595758 -0.7448880673125239 1.5127360374649526
1.0000000000000000	1.2991962460479758 -0.8831461604782819 0.4050879158793296	0.5766461689120111 -0.1094022854345699 -1.1590338231131891
1.0000000000000000	-0.3611312890482914 -0.4347670009463928 -0.3261537949751709	0.0322421431106832 -0.7200060615839864 0.0402719456755902
1.0000000000000000	-0.9145780939895959 -0.1594281325414796 0.2992500431165142	-0.4032722074313512 0.8939204642512916 -0.5040715395984802
1.0000000000000000	0.3959641115869657 0.4685786473199451 0.2465738582820330	-1.5209041281976712 0.6963190686405689 0.1020123125149587
1.0000000000000000	-1.6601093789303789 -1.2585135997839161 -2.3212973756443063	-0.4092039776661410 0.4908487847649959 0.5447949831457723
1.0000000000000000	1.2082272510616432 1.1707934559747339 0.4887363121271492	1.0706173271503241 0.0519133450948536 0.0208586731376743
1.0000000000000000	0.0256292411628819 -0.0180678444492840 -0.0963338146438528	-0.4902116304796006 -1.5318452832150009 0.9702153847389725
1.0000000000000000	2.4350951613568124 -0.2543472881397582 1.7834347689066217	0.2818908354932074 -0.2323890660637156 0.7748283471943302
1.0000000000000000	-0.0645243997055278 0.0954554515056741 -0.1124708551076098	-1.4825560854059172 0.9681151237991603 1.1211457254950652
1.0000000000000000	-0.6452910226028539 -1.7243090220575124 -3.6958459838419899	0.2269153262825760 -0.2141282487722897 0.2326707393302662
1.0000000000000000	-1.3674751522686519 0.1040371461908915 -1.2709587793228001	-1.0496926506691227 -0.1561489432564214 0.6465313025740337
1.0000000000000000	-0.4531203928297213 0.5104605222914843 -0.8384386909354412	-0.3843452413674089 -0.3131530382435728 -0.3370285312747461
1.0000000000000000	0.5805616484534801 0.4574504493887718 -0.2197316005697636	-1.5541227075633308 0.1504249454259255 0.5871369663167335
1.0000000000000000	0.6329582720161472 -0.4539254741539793 -0.2590038822508117	-1.5484138196268447 0.2488283030094101 0.8610063073029607
1.0000000000000000	0.0226940847808811 0.1847765526469838 0.2372754481390377	-0.1026340153054736 -0.0525329284202432 1.1521311618138499
1.0000000000000000	0.5380658652485077 1.1842455695327974 0.7410730466534269	-0.1862461096051607 -0.2081328328871963 -0.3991972587979076
1.0000000000000000	-0.1190996659170696 -1.4407011746523162 1.0083029188953279	-0.2654440909057875 -0.5845057177020246 0.6402894432958914
1.0000000000000000	-0.0873781661158310 -0.4182245291781289 -0.1437978853154084	-0.8411409285132513 0.1673995766910070 0.7402706874799072
1.0000000000000000	0.0632251043867021 0.8885975342962826 0.5059827555588492	1.2020253939262990 -0.9235597778590094 0.6217260733933575
1.0000000000000000	0.3560457023606276 -0.4030249441941985 -0.3989910883585899	-1.1809305534294123 0.8448117321038399 0.7949215807727611
1.0000000000000000	0.7489603702570550 0.3221019686619221 0.5412006986130045	-0.7573688809803258 -0.9713395881766406 -0.0546033100886619
1.0000000000000000	0.7351382371801374 0.4021663094053098 -0.5834988861056112	-1.0798447286745114 -0.0063388475875143 -0.7036269040230612
1.0000000000000000	0.5618557311782071 -0.1287531630212800 -0.2946640073448562	0.5420435293274594 0.2833695541021893 0.4400944657246958
1.0000000000000000	-1.5775503249106673 0.2299564653826499 0.9543657299550574	-0.5541339743211123 -1.1077700093312035 0.3019767166326695
1.0000000000000000	-0.2719170839492608 -0.5769032467055196 2.4811487601342970	0.6292502043525607 0.2887375989984228 -0.2198364405138180
1.0000000000000000	0.1259376431119758 1.1866210536217718 -0.3949806803830529	0.4235614573189687 0.3983364719055340 0.8048546883319764
1.0000000000000000	2.0639830236905095 -0.5356446685268231 -0.7379717976863681	0.5488835660262248 -0.5873717406076350 -0.5542841662046588
1.0000000000000000	-1.7955828953372970 -2.3186698778841714 -0.8796911598124377	-0.3060011881035802 0.1854516964871430 0.5762721896627268
1.0000000000000000	-0.1416153379881175 -0.6355197874629591 -0.7589859654760071	-0.6772153708663508 -0.5073672034559648 0.1038427184205069
1.0000000000000000	-0.6971432774137081 -0.2975644480721007 0.8115177831246626	0.0552185338150897 0.3127194871419967 0.1985890732085086
1.0000000000000000	-0.3173191544458053 0.0362310169054999 0.2619165513310483	0.5870394061740357 0.7872267246644890 -1.0944168493915012
1.0000000000000000	-0.0990304531370504 0.7691972421778684 0.2560507730080669	-0.3277367482308141 -1.1435677796092034 0.3157684164915398
1.0000000000000000	0.0827305289232785 -0.2415669403138446 0.3092022955522303	0.8231356647077137 1.2622397324495043 -0.2471968822180907
1.0000000000000000	0.2061493701914405 0.1954979924471604 1.0186374872632431	-1.2034105218461371 -1.3612477308220223 -0.6134936280832298
1.0000000000000000	0.2963767965170803 -0.3250776165190758 0.5683971047848738	-1.5415324564114787 -0.3845491207127842 0.4262259831462645
1.0000000000000000	-0.7143956826113812 0.2073764217954379 -0.6036803209571699	-1.6074754685089059 -1.3274101422626594 -0.3612836329132461
1.0000000000000000	0.0209911627963605 0.0897385418146948 0.3888545929170358	1.0301356868008757 -0.5262410635223852 1.0103467176850871
1.0000000000000000	0.3507748318462178 -0.0058833375150184 0.4262959255003338	1.0291912754375125 -0.6687968330746269 -1.4035697059630798
1.0000000000000000	-1.9401484017188335 -2.9386944088835243 -1.1391423309742987	-0.0879451143809981 0.1747503215176006 0.6465899841080095
1.0000000000000000	1.3768987998837070 -0.1002024064017933 -0.0310419889567122	-0.2429319891145932 -0.5316033878797244 0.6744736467753683
1.0000000000000000	-0.0299791440365652 -0.2206260584374697 0.1420539974170486	-0.1259730681990909 -0.5385929169222350 0.4564361041450015
1.0000000000000000	0.1442649888137179 -0.3769038086551381 0.7218577462158341	-1.3235752353654890 -0.8289728036337782 -0.1965933609310654
1.0000000000000000	-0.2669439365137126 0.3995379917959098 -0.1280074383987625	-0.0659866357156800 0.2214756875703554 1.0479903164945537
1.0000000000000000	0.0277245462114560 -0.0307719672547782 0.2731293691465624	0.4894832348716393 -0.0152963437690809 -0.1512858094933369
1.0000000000000000	0.4520017014028729 0.3312710052787364 0.4473705105409749	0.8444808516193055 1.0198031551704625 -0.4071446161227695
1.0000000000000000	0.5081444890977421 0.4880632873154362 -0.2672280554831297	-1.4284638498065749 -0.2561562087905893 -0.7321376521362000
1.0000000000000000	-1.0164716331850014 -1.4600962668475246 1.2456962303279182	0.3778841883306622 -0.4175765216757958 0.5144002509890542
1.0000000000000000	-0.6335455732037432 0.5212681314437941 -0.9567212126645773	-0.0578586033780044 -1.1217718333554889 -0.2230708260549965
1.0000000000000000	-0.0634116110917227 -0.1434448154060255 0.1732909856636194	-0.3050253262036141 0.2780948757613481 0.1391232816137901
1.0000000000000000	0.1107948164185748 -0.0516978904342946 -0.4646491804148897	-0.6342280294358543 -0.1854221597875683 0.6165318918413747
1.0000000000000000	-1.6159962258766092 -0.5412869931127530 0.5782684311559843	0.6310065263687504 0.1357538605958514 0.5881303805335056
1.0000000000000000	-0.5822405563122438 -0.4514801842484059 0.1388667365080583	-0.5534222980349857 0.0833416069717118 0.0699200035501463
1.0000000000000000	0.0440212751501122 1.9933265334225072 1.5144582334826771	0.8820780752540862 0.4116068714870095 0.4315092699654616
1.0000000000000000	0.0574333136104211 1.1120673681277753 -0.2222884838066223	0.9475922410727160 0.4616704439394888 -0.2088274862608913
1.0000000000000000	0.2248084152869709 0.3831362199523359 -1.2307972337189259	0.6986840593635938 -1.0696476555516514 1.1556034875400090
1.0000000000000000	0.7422604153817994 1.6716405243279144 -0.3778512161726157	-0.2937924219162489 -0.9309242088900174 0.2606001464561171
1.0000000000000000	1.0140125989592641 -0.1410222430471243 1.0472830565759794	-0.1451012534547559 -0.2120014634954956 0.6714839489428361
1.0000000000000000	0.5653229596634327 0.2142245275801907 -0.3894697474942859	-0.0027566654451371 0.6326422513866610 -1.0753672999020247
1.0000000000000000	0.0099589304387530 0.4784655647931724 -0.0518018986094520	0.1111307107695864 1.3974992166128672 -1.4415040413420634
1.0000000000000000	0.7196818150906604 0.3903225360090747 -3.7317656214499615	-0.1701245334202733 0.3035532218456315 -0.1928349308379503
1.0000000000000000	-0.1297937791558771 -0.1611642871376413 0.1579584685872631	1.6284893592446248 0.8118299289940728 0.7848093332461662
1.0000000000000000	0.7410841985159548 -0.5086679667724454 0.0311368139850407	-0.5219633202020386 0.1770626615600402 -0.3838325029786446
1.0000000000000000	3.2825171403221507 0.9958551998060853 -0.9876550628533629	-0.2142172343181045 0.5756925956254374 0.1380208088526550
1.0000000000000000	0.2124315196620501 -1.1936797266620813 0.2371816938413780	0.0080012258536372 -0.5044670854993317 0.1577152321135936
1.0000000000000000	0.3854130815712968 0.3806199631450857 -0.0648494429392372	0.6978714369214044 0.2658880125273144 0.1341868510228071
1.0000000000000000	1.5601808686792979 1.2624728168486974 0.2534513917778231	-0.4467376184588243 0.4889750171396565 0.6904858201077858
1.0000000000000000	1.1937821770665047 -0.4456988656448151 -0.5408298715354797	-0.9653381909025923 0.7627778368739031 0.2282215345570338
1.0000000000000000	0.6702496606876055 -0.3425850899389176 0.2329551121219527	-0.7176999992066008 -0.0585586293458128 1.5532653636073224
1.0000000000000000	0.7990173054678764 0.9907231942294026 -0.8335394925306054	0.2485506220879344 0.4407577836401068 -0.1308563605291835
1.0000000000000000	-0.0443542176221924 -0.6010996095078170 -0.1472488581139149	-0.5311276772480844 -0.5305192769506506 -0.2808166559215933
1.0000000000000000	-2.0614139785061951 -2.5261967661870912 -6.0933163084551376	0.5633842134342117 -0.2273569038890317 -0.0784686359940359
1.0000000000000000	1.2237011233554751 -0.0225543169768653 -1.0846384483800480	-0.3257347304040458 -1.4531320422519309 0.1561800463272712
1.0000000000000000	0.6547826642587004 -1.5311972642787801 0.7730407375506025	0.9587501794344198 0.5750538601452170 -0.0117099305892546
1.0000000000000000	0.0248995891233522 -0.2652609608911194 -0.2006887106645250	-1.2087974209286454 0.4124930290944868 -0.1661296917677373
1.0000000000000000	-0.0996317710521949 0.9695701555232894 -0.5334256823724379	-0.3599264382804618 -1.2193898612358804 -0.6278179794423119
1.0000000000000000	-0.3946719778797750 0.8735444883438215 -0.5400779652451723	-0.3347842551593648 1.6768112582484491 1.0552804145404133
1.0000000000000000	-0.4895554280874722 0.2440929622752152 0.0001688332591856	-0.6794674502782621 -0.0857876190808038 0.4042808619635885
1.0000000000000000	-0.6178221459453318 1.0938950383377817 -0.0970401791788836	0.3529197548995293 -1.1349537715638653 -0.1426769397217668
1.0000000000000000	0.9779482485962772 0.4407021027284242 0.9462946028700272	-0.4386463985345204 -0.0316484430481457 -0.3973490746226182
1.0000000000000000	2.5273898371955497 0.7239133018679955 1.4244371591628313	-1.0100497968976199 0.1848529489269042 -0.6847283406642246
1.0000000000000000	-3.2555717114698317 1.5516615393184690 0.1147669536992877	-0.1857352988443978 -0.0560283770851745 -0.5087865930107113
1.0000000000000000	-1.8319218177020051 1.3050096053842275 -0.6910600993370766	0.4571789668536929 -0.2026516794865421 -0.0195123856762686
1.0000000000000000	-0.0183102833871654 -0.6181673115143148 0.4663736473843229	-1.1958378013461555 -0.5745137707704611 -1.7790604998113819
1.0000000000000000	-0.0128578485480586 0.1649408891358838 -0.9666151423926516	-0.3452984287533842 0.4343293189309163 0.7717544401588403
1.0000000000000000	0.1237621993891311 0.1424953382537556 0.0017140465921510	1.7349596509883638 0.2775149590522391 -0.2870479359192601
1.0000000000000000	1.0328874402324879 -0.2098450752312526 0.4048874304889184	0.7024917416330062 -0.8641016932749425 -0.5047910269559847
1.0000000000000000	0.2911728863166874 0.1452370434982445 0.5538984145198161	-0.1164024161245312 -0.4998658481783574 0.7649121064827653
1.0000000000000000	1.0390955103809059 0.1226832223514502 0.2599883396108857	0.4655453745378809 -0.6791399491282843 -0.0220611475739383
1.0000000000000000	0.0718772280280263 0.1511466372030721 0.3230330148958921	-0.6153206893650739 0.2492059774933184 0.8448468245360498
1.0000000000000000	0.5373892108070116 0.0327767076902604 -0.1295952938843580	2.7444706413920490 -0.0663046592188248 0.1371352292748059
1.0000000000000000	-1.1456483249505540 -1.0561261350779001 -0.1166028223596375	0.4695789960329241 -1.0344428142326132 -0.5498433751974856
1.0000000000000000	0.3679482386195140 -0.3890348667133038 0.3829778297435392	-2.3925586971716801 -0.7695399153741288 -0.4249029574295263
1.0000000000000000	0.0429480998664746 -0.4876752738694335 0.1816029535080106	1.6796424957069644 -1.2061307033614892 -0.5491229469217913
1.0000000000000000	0.0197167220080912 -0.5446242758706390 -0.9763931684510210	-0.9462740982668612 -0.3691109916511351 -0.4604817298350631
1.0000000000000000	-0.2803073147937220 -0.5599217179887341 0.7936030719480598	0.3458289094407836 -0.9315160974884524 0.4372288796498456
1.0000000000000000	-0.1535275452475447 -0.9289966524088531 0.0300409080295129	0.1028027089706735 0.1672779945334008 -0.5500179021503772
1.0000000000000000	-0.0998499660857619 -1.0437704804474444 0.2275930061516078	0.5903255919868442 0.0088400500026569 0.0715682304085692
1.0000000000000000	-1.0303150290304526 0.0792655354635816 -0.2784145360262709	-1.0089896103178888 -0.1143336413726707 -1.5238396745157006
1.0000000000000000	0.5616780115089425 -0.6142927781329647 0.5567185832942604	1.7252590567644503 -0.6736092134170725 0.0640713754669255
1.0000000000000000	0.0194038470383040 -0.1613105017775135 1.3767752028708915	-0.0068189476279114 -0.7198980445123391 0.8943746738873226
1.0000000000000000	0.1052775648798036 -0.1951854881700042 -0.0427204722506719	0.2300840444667867 1.1743562717443778 -0.6341244100684695
1.0000000000000000	0.0255220086587185 0.2611449581682260 -0.0703090051322971	-1.0017090909769262 0.2613718638631727 -1.1099579569480704
1.0000000000000000	0.4160779039878590 -0.3041246896050310 -0.3222288897933270	0.5111230690227920 1.6948808521739189 -1.8393849906329105
1.0000000000000000	0.7713519857302418 0.0183587626500836 1.2784053037079923	0.7356964367905153 -0.0011364191252981 -0.9170453510115928
1.0000000000000000	-0.3256681396070459 -0.1711114305017071 0.3696760393817169	0.4423124550307094 -0.9803365898686799 0.3518335177036989
1.0000000000000000	1.2047700902163196 0.5185593153946830 -0.2141255425200159	0.6848697641435181 0.4545892488454502 -0.5599139138028745
1.0000000000000000	-0.0364271356107337 -0.0181411403102846 0.6891409199179374	-0.7140544210764374 -0.8066946587194687 -0.0117101368232701
1.0000000000000000	1.1548637973101397 0.9122498515935429 6.2023272230037136	-0.0857416037681342 0.2274905047145448 -0.4925560115645681
1.0000000000000000	-0.3439543969962677 -0.0689292258400497 1.8283568692936614	0.3886854967100850 -0.5305928750064897 -0.3893516272609381
1.0000000000000000	-0.8429652007016291 -0.7684387117666837 -0.1161579346166018	0.6939089378084862 1.3761008354211077 0.5881154971298748
1.0000000000000000	-0.1510276776860805 -0.6626242686352450 -0.7163636881067579	0.7085592669061084 -0.1570791071534345 1.8346963992751095
1.0000000000000000	1.1643843875716435 -2.6336564966779679 0.8241994688702382	0.1514514127815537 0.7021593378950404 0.0851307123195213
1.0000000000000000	-1.0510285878662713 -0.4675495662024455 0.2725721698532570	-0.0109845760142325 -0.6242275635489988 0.2810035762656374
1.0000000000000000	0.7504055719215987 0.7481512143502391 0.1652306150382404	-0.0897555668320346 0.3705596222329191 0.4573923277727417
1.0000000000000000	2.3261276950458343 -0.8020278202978732 1.9317867335560530	0.3060079419460312 -0.5575072202460779 0.0227124352931323
1.0000000000000000	2.0427511692007174 1.8005463448189323 -0.3009208887961329	-0.8065129113087181 0.4374372294971511 0.1193444824927833
1.0000000000000000	0.6103308551374644 -0.0865620170514844 0.3171424664015399	1.7652335895381848 -0.4455928840169286 -0.5568643976107439
1.0000000000000000	1.8257579501254342 -1.7397933235563050 1.7274017254130918	-0.9175680221901763 -0.1827996269898276 0.5458061710452848
1.0000000000000000	0.1732782127494704 0.3302631967001794 0.1597258637026930	-0.0144370712549547 -1.9539339855290652 -0.4753058768329125
1.0000000000000000	-0.3227505650053635 0.7541513579005399 -0.7996868064697763	0.5555898875611323 -0.7263865342052621 -1.0082641188254828
1.0000000000000000	0.1145022381738932 -0.0777573793231603 0.5758842237446805	-1.6817370336463433 1.1538836931545404 -0.1054340567284335
1.0000000000000000	-1.0944275394795100 2.1064548733127788 0.0826764552374206	0.1121860007391648 0.0325001450967110 -0.0354487629086847
1.0000000000000000	1.7595694656183325 1.9832648141848037 0.9727000989105471	0.0343617461355925 0.5329887385326264 0.3516513207614095
1.0000000000000000	0.5437224162848935 -0.3551394934522557 -0.2745317407906078	-1.2188081571143232 -1.1758695464737219 -0.7148128006861724
1.0000000000000000	-0.0818339601763893 -0.1379379768970966 0.9149975909412659	1.6730376610508986 1.2366515274269096 -0.1257523875133701
1.0000000000000000	-0.6952660213148821 0.6733821742826721 -2.1286209375454308	0.6278215450157750 0.7956320714283256 -0.3203747830239135
1.0000000000000000	0.6531085458018758 0.0908146489207615 0.6451612228224317	-0.4445897215264871 -0.5070918635190079 1.8404215848226995
1.0000000000000000	0.0691227861698653 -0.0232471950108194 -0.2380283112406008	-0.6655639368109548 1.1879742634963224 -1.1355239424509911
1.0000000000000000	-0.6774843215785294 0.5519761969474822 2.2194610545871449	-0.5004267467344666 -0.1935556212095919 -0.0441127375343507
1.0000000000000000	0.9447375105991931 1.0311344732001460 0.3996681185594001	-0.4758366542518774 0.9429924636311311 -0.9159776689582614
1.0000000000000000	0.7610339334304325 0.1210182183281930 0.2932080658776928	-0.2704499181287107 -0.4100701879729713 0.5386724996970860
1.0000000000000000	-0.9361647564427540 -0.2740801248799215 -0.1803951607703937	0.9330086483870211 0.3734195221952342 -0.3010434345692077
1.0000000000000000	0.2772975135480069 0.9268692743447857 -0.1287205944719895	0.2293181029815635 0.6580708197854730 -1.0803047454860595
1.0000000000000000	0.5792172164011059 1.3487724811950144 -1.0877612816353108	0.7650658363983535 -0.6540115050977960 0.6728527539139999
1.0000000000000000	0.7701015807013452 -0.0817405287045748 -0.0054640602816978	0.4545345167349296 -1.6975747300319799 -1.0927522214026539
1.0000000000000000	-0.5476081887809379 -0.0831438081572314 -0.4475436421448790	0.9770404814538211 -0.1888793260570344 0.4915413236223762
1.0000000000000000	1.6290298414209925 -0.0091302328246895 -0.1807789183060239	0.2783748360431915 0.2003874026251928 -0.0326150356525716
1.0000000000000000	-0.6174893552878433 0.2948871793558125 -0.1228216015171335	-1.2659264562211086 0.1421560262777557 0.5527079626457171
1.0000000000000000	-0.5097916886244991 0.5552169238011356 -0.4696434279079322	-0.3147962308603183 -1.0881531256271813 -0.4749599180811691
1.0000000000000000	1.1004067236530966 -1.3304657872905767 2.2015908411018370	-0.2360353666760218 0.4420732585495886 0.2328047569271511
1.0000000000000000	-0.5951226889077826 -0.6038824552883658 -0.5465282939339546	-0.4916002611829273 -0.2554919672587242 -0.0203474194048953
1.0000000000000000	0.5846173091006295 1.4891613611690309 0.1388394146486296	-0.3391896326480412 -0.7043343989248855 -0.4315785557236809
1.0000000000000000	-0.3872876665809789 0.1977484764486873 -0.2707079210848129	-0.3642104754423801 1.4474299124046803 0.5200503743020448
1.0000000000000000	-1.3187108339697757 1.5762918202797411 0.2963267708471353	0.5299372870575902 0.5077565147187377 -0.3634840387314731
1.0000000000000000	0.9789988330891359 -0.7820935477071216 0.2504967398828269	-1.3125769398051237 -0.4552968275676524 0.3019445265908470
1.0000000000000000	-0.0208233757669746 0.0100025731745828 0.4216848970377620	0.5553954038899918 -2.0263662844770205 0.2163943069231305
1.0000000000000000	1.2799233262826557 0.2983363124859055 0.9016551888107261	-0.8677150837531764 -1.1970264037738634 -0.9677168420206567
1.0000000000000000	-0.1452807962251759 -0.1532437746270515 -0.0632277896874138	-0.0158320390752765 -1.1558405066356803 -0.2153618068586869
1.0000000000000000	0.1256981000171590 -3.2253691362805408 -1.3211522740864168	0.5387363554627128 0.8403798469314273 -0.0714202616568259
1.0000000000000000	3.2252702525318746 1.6273214782230767 -0.0297748647121922	0.1856917423947119 0.6776358176164564 -0.2469864579591507
1.0000000000000000	-0.0860778394572150 -0.6741872634677052 -0.1955761669244359	1.1449810424548295 0.0612175565137778 -1.7196670211721741
1.0000000000000000	-0.9411791472841040 -0.6645430349511724 -0.5116075164738623	0.3129384171006046 -1.6399341366840066 0.4612240746631480
1.0000000000000000	0.0718368709208354 0.3337685346342495 0.8519728339826323	0.2786456352510219 0.5617653961523575 0.4462652916705865
1.0000000000000000	-0.1044984862477450 0.5865495690490422 -0.7243340230252164	0.8467775088705271 0.4002281268351490 -0.1865288514091985
1.0000000000000000	-0.8612777237627870 -1.0471875001774036 -0.0069846969036202	0.1855491280656185 1.6768009465768887 0.2925198644065732
1.0000000000000000	-0.4587486021908181 -0.2579471691409549 -0.0841227782388442	0.9765948353831826 0.7027227926585773 -0.0528074969837828
1.0000000000000000	0.3982307732682522 -0.1321185331550897 -1.7178963277842236	0.8082002173117391 -0.5536165806008714 -0.1755492712297159
1.0000000000000000	1.4646900195396355 0.6594889531191084 1.7496438223917441	-0.2494521898680470 -0.4110572524267396 -0.5529798344252183
1.0000000000000000	-0.6665729179917002 0.0445081968758175 -0.1772022189391978	-1.3341960964022173 -1.1005989760321437 -0.6721037638615384
1.0000000000000000	-0.8220305746563311 0.9985052876702694 0.7213090161172376	0.2491813189670894 -0.6142324455758662 -0.0423683638910631
1.0000000000000000	-0.0878879768782664 1.0987486709157421 -0.0364551630037999	-1.3791551077361244 0.2734473987393317 -0.8976173387847011
1.0000000000000000	1.5641226094117995 1.2038808883318979 -0.3943872522120742	-0.4987226833718048 -0.3010219077291826 0.2073188450443864
1.0000000000000000	-0.3842242747410523 -0.4509210473176222 0.3459430765170283	0.3159973006672312 -0.3122935244854043 0.3946466228646250
1.0000000000000000	-0.7418457045164741 -0.1542849116665790 0.5683329403837354	-0.6558572695347442 1.0202162493736524 0.0061052042199490
1.0000000000000000	-0.8534454990047777 2.9226536406469537 6.1188731917616916	-0.4136087540836555 -0.5835937538129016 -0.2322172999542549
1.0000000000000000	0.1111030186229403 -0.1713990615258399 -0.5628843814188141	0.8581340272076273 1.0024549485780099 0.7844860798828792
1.0000000000000000	-1.4197010996620913 0.2127192005919908 0.5809209761242896	-1.2828270781304130 -0.4448507487434117 -0.1407696758505770
1.0000000000000000	0.4423933901547117 0.2405852153136067 0.3361996068380508	0.4445488082011492 0.1487365912091710 0.1685921833762060
1.0000000000000000	-0.6581626936204652 0.9259300352590686 0.2062440385200376	1.1705258330518529 -1.5467084960943374 -0.4391224902648413
1.0000000000000000	0.0426459563695859 -0.0142198902735748 -0.9703022132872161	-0.0264460184698855 1.2016079979909422 0.3359632032858758
1.0000000000000000	0.2545073932800965 -0.3622160841227247 -0.1574733284095355	1.1165772105708875 -0.1950313850722567 -0.6860182390728873
1.0000000000000000	-1.2023129278938356 0.1163564029909606 -0.6969786908783768	-0.7202373637014932 0.5138076665496158 -0.2441077442682520
1.0000000000000000	-0.0694626191043116 -0.5305825719245257 -0.7911409307210678	-0.6709682954501625 0.0158823289992994 0.3200926999104998
1.0000000000000000	0.3162714627848330 0.2384039377941277 0.4614471983338992	1.1813421155225960 -0.3722612659845440 -2.0766919181908028
1.0000000000000000	-0.5958207484119201 0.1651302632512584 -0.6263643862217022	0.1927575238071502 0.0005682219576151 -0.6502085650849557
1.0000000000000000	-0.6867880080338892 0.3157202002363648 1.6447589382761008	0.3477760924037753 -1.1794439444887994 -0.6530809771791869
1.0000000000000000	0.1247748668464271 -0.3728651589768850 0.0901089197102876	-0.2921638751605525 -0.8962808941649171 -1.7721899598419304
1.0000000000000000	0.1167260115931512 2.4197822049074227 -1.2274960943617710	0.0754805429383083 0.0350042692806391 0.0687912036599815
1.0000000000000000	0.1855899462651844 -0.5979216285918935 0.4809921812396363	1.0522152001074518 0.2301737809717389 0.1143595951567901
1.0000000000000000	-0.7017941645763961 0.5542804634455735 0.2803511614895739	-0.2787944989820577 0.7826030481052125 -0.0018160293695026
1.0000000000000000	0.3363394535245955 0.5077522132938217 -0.5040843686857603	-0.2354044827940306 0.4003284142524599 -0.0873706307010470
1.0000000000000000	0.8462164683826756 0.7168167407059521 -0.4777595171497226	-0.7924123128760180 -0.8620337666976641 -0.2508294357176880
1.0000000000000000	0.7583298071880763 0.7212100853929962 0.2643968395260876	-0.8179763287219830 -0.2162500544048796 -0.1587198717254781
1.0000000000000000	-0.3672170129186328 0.0748310011500805 0.0926136684710680	0.9458876056962962 -1.3217328169895586 -0.1487603571504564
1.0000000000000000	0.6789334389953285 0.1815845762952769 0.0147555609466806	0.4294594390176197 -0.7767047615996784 -0.1474786514679294
1.0000000000000000	-0.5857555563008200 0.3842624585689858 0.7589512104809448	-0.7483595876345001 1.4460737373622776 -0.8102477657789888
1.0000000000000000	-0.9755775972850451 -0.3758774250177082 0.2864559498087835	-0.3129643601966888 -0.3541906629056917 -0.8994110503141538
1.0000000000000000	-0.1821966106917265 0.1744921289511210 -0.2632598771002556	0.2708681438091581 0.7655803434446115 1.0395320340740244
1.0000000000000000	-0.1765865785459859 -1.0480603814679064 -0.7718890180617733	1.2200073268744955 0.0275266699439943 0.2221590064491708
1.0000000000000000	-0.0693431771138710 -0.1970847025478212 0.2243714651914634	0.3518353606007900 -0.4379992017964381 -0.1509918140814225
1.0000000000000000	0.5472525880455427 0.4391473878656982 0.8412851809804281	0.9297569721877769 -0.6160728813994474 -0.3293529979778982
1.0000000000000000	1.8376896201903139 0.4220126545432851 1.2279741778025495	0.4683800981136372 -0.4414099924860932 -0.8564695708016801
1.0000000000000000	-0.2181884762821624 -0.0370634053539084 0.3370777357259289	-0.0616556745349105 -1.3749270800550484 -0.9743673662083472
1.0000000000000000	-0.8698451783630273 3.8916323858999875 0.3929423538323549	0.2732256884958958 0.0506078927941459 1.0046031587175925
1.0000000000000000	-0.7710269863702888 0.7846969617177847 0.2733158518013388	0.1141220717259042 -0.3834353275567969 -0.6128278575953218
1.0000000000000000	0.0299250099159863 -0.4206958416191172 0.7335347869190000	-0.8789999616317339 0.4721888881050556 -0.6981855700759754
1.0000000000000000	-0.0867321313832874 -0.0143691568234428 0.2943528267309293	-1.0421953556330457 0.8678283923102438 0.4361793179064216
1.0000000000000000	-0.1917253018823276 0.2141072378512828 0.1979050934979670	-0.0612634371729240 0.5021304554459505 -2.2618250036603129
1.0000000000000000	-2.7244042936175279 2.4746215357593364 4.3636608001243697	-0.3380973953845692 -0.0702854437634747 0.2839303557218126
1.0000000000000000	-0.3228429139305744 0.2039396096139037 -0.3394229873143219	-1.5955208120181277 -1.0380136174594008 0.7394914305300619
1.0000000000000000	-0.1463120194382721 -0.6306999712231376 0.6231238602149864	-0.4419426493492958 -0.2576990586737234 0.2904431087827834
1.0000000000000000	-0.0852663613160120 -0.8140078169849569 0.4238816813898253	-0.5594097323188751 0.3384681012685592 0.7085475058594716
1.0000000000000000	-0.1864039664054064 0.1739161615691533 -0.1900660220568999	1.2242491474607280 0.7257352009362645 0.1284450730884215
1.0000000000000000	0.1051637766201684 -0.7305558882226925 -0.5232624497336318	-0.8713161640376429 -0.5343337267077047 -0.3481930894215528
1.0000000000000000	0.9767105696242391 1.2789717984498694 0.7460058527982938	0.4001270598240743 0.1531224091163921 -0.5590015000025733
1.0000000000000000	0.6146290290648866 0.2903965271907594 -0.0290376799157973	0.3198860481110605 0.5794711795716535 -0.8962699070421306
1.0000000000000000	0.4485733633166958 -0.4413512558409671 -0.0508477832868063	0.9263915191395197 -0.3586170704864027 -0.5009807654636966
1.0000000000000000	-2.3149720691427595 1.3316491365284553 0.3089597386801388	0.1778863271562222 0.2102578393916078 -0.3843731193260042
1.0000000000000000	-2.2668380131255774 2.9386853190516442 0.6253358394485485	0.2856837128251157 -0.4880832579634870 -0.0426283323482653
1.0000000000000000	0.3490361294640906 0.5204722032495510 -0.0413125359449160	-1.6321575401324888 1.0955448665454151 0.1898479309654892
1.0000000000000000	0.7297221173184465 0.8032955641977702 0.1262716958089291	-0.6770719153597999 -0.2620471327753230 -1.1075265305268551
1.0000000000000000	-0.3561645388015586 0.0871689436404455 -0.1921969452281844	1.0576046691899386 -0.8991397069838039 -1.3992716038294848
1.0000000000000000	-0.3602423468944483 -0.0056064778025953 -0.0927205912063389	-0.4175228947592630 0.4496762472975971 -2.1160437172804314
1.0000000000000000	0.2888512855888647 -0.4539205567481839 -0.2646871594303133	0.5716069113647427 0.7159610048663937 0.9633671892107994
1.0000000000000000	-0.1513404771738621 0.8138245958402570 -0.5759972351607973	-0.7728071684173190 1.2077892494667779 -0.6939856434551930
1.0000000000000000	-0.2131068944073248 -0.7082637024944947 1.7325865903505078	-0.4887058396987892 -0.0825304667048231 -0.2961210407362160
1.0000000000000000	0.3616069742244463 -0.6658125942087212 0.2487756554689006	0.1510849362988506 0.7817382847128259 -0.5724293404573646
1.0000000000000000	-0.0410186531304612 -0.9226150068914021 0.1290420056764779	0.1418619500670440 -0.0588460738507374 -0.6259041060048414
1.0000000000000000	-2.3098413794468518 -0.6163511607147091 0.9119654028490353	-0.2832024850287504 -0.3831834730137712 0.4475223521643981
1.0000000000000000	-0.7627976193539849 0.1738893504013165 0.2586094438616922	-0.1733169288648932 -0.6850765467134394 -0.2275638710760138
1.0000000000000000	0.1980794790107375 -0.9734399961954976 1.1825151061679187	0.0203738202940681 -1.1849515806362860 -0.9279006304289620
1.0000000000000000	-0.4811213068997615 0.2100439379195181 0.0491163916016495	-1.2783145790129229 1.9191458905759302 0.2998517252864252
1.0000000000000000	-0.4722089589396783 1.5138964440998743 0.0267437384893223	-1.0075458829528841 -0.5227147161048519 0.3013970865655833
1.0000000000000000	-0.9305897247475694 -0.2788081940918801 0.9427068592856841	0.3766111065092732 0.6755176309834271 0.2655236860039358
1.0000000000000000	-1.0099200390969438 -0.5662274809005352 -0.3000439495498191	-0.6471980147234764 0.3115049532060616 0.0682928173260096
1.0000000000000000	0.6299673217702485 -0.8177509957385248 1.3217971144274121	-0.9428098001251587 -0.1502534029711983 -0.2624639670055295
1.0000000000000000	-0.0713596533085923 -0.6476293370162824 -1.7044187200625571	0.3304339550583611 0.2372824235982377 -0.0331575918889991
1.0000000000000000	0.4658789216669771 0.5775936524545903 1.0468525977202203	-0.3223549544561629 1.1836106370203232 0.2121205349800760
1.0000000000000000	-0.8504654927163797 0.0857180241218320 0.0332377328896766	-0.3320452718293987 -0.9180604845080230 0.3269161562031168
1.0000000000000000	-0.2821560527171883 0.0513419855045316 0.8149080533583003	-0.7240912160119204 1.4183252680217251 -0.5236948294048441
1.0000000000000000	-1.5312117674144003 0.0447136733771503 0.8183141085368001	0.2379709389203474 0.7571822012019975 0.0817684617226147
1.0000000000000000	0.3487590304621865 -0.4038402554641479 -0.5323204540407827	-1.2912113308425102 0.8705129499448450 1.4312532857984808
1.0000000000000000	0.6752397607609284 -0.9128474022685292 0.2514631129634974	0.3416202920746401 0.1227145255324393 1.3451852293241220
1.0000000000000000	-1.1014472733254852 0.3189309897605812 -1.5658019558687881	1.2650835821951141 -0.5973315342037103 0.5197398982795750
1.0000000000000000	-0.2712424180148640 -0.6193364260844864 -0.3427379823499140	-1.0067233748226800 0.7146959486417291 -0.5624481706538261
1.0000000000000000	-0.4651825627687914 1.7661523793147307 -0.7710020121074692	0.8421701214916857 0.6300533273615739 0.9502087874126256
1.0000000000000000	-0.0241157245573303 0.0969961054626853 0.0724429439249784	0.4316498855790704 -0.2143154765559132 0.1229674423321844
1.0000000000000000	0.5916249522619960 -0.1929183527732524 0.2313823296108786	-0.0579800746854134 -0.1373869821829000 -0.7550679728464637
1.0000000000000000	-0.4556487812946586 -1.7875834905581522 -0.5279089852339394	-0.3659066422881130 0.6509585956741085 0.0234146489413927
1.0000000000000000	-1.0330220862156367 -0.0942466691641618 -0.1046342145013290	-1.5479609742290887 -0.3459379370729425 0.3174480715552515
1.0000000000000000	0.3277821355418296 -0.7227317779333361 -0.3410663905141635	0.8637583208233655 0.2000425078439072 -0.9203906670142258
1.0000000000000000	0.1094330981919661 0.3510222215159438 0.4433056998971906	0.7787215315404173 -1.7091119000871091 -0.7440584055337371
1.0000000000000000	0.5722900898622093 -0.8464626416418499 -1.6702130042231151	0.5341913250405445 0.3236241193331012 0.9534130429528626
1.0000000000000000	-0.3665462849823761 0.9405301907210692 0.0505201685794867	-0.4098115569262689 -0.5163585397112065 -0.0122750894368749
1.0000000000000000	0.7724823481286954 0.3167318545698044 0.0510037558575400	-0.4112664944622357 0.7205051445254294 -1.2864741563052118
1.0000000000000000	0.8375349917099514 -0.4550293555865015 1.1993446119745608	-0.4741830703223034 -0.1487446537599095 0.4250032774743409
1.0000000000000000	1.1048914976092450 0.0834427493057312 1.2054167981469168	0.1825258456085932 1.0661534700232904 -0.9908515773590719
1.0000000000000000	3.0849157538370027 -3.1070776847121357 1.8655140146150844	0.7167387856411956 -0.4942734264511467 -0.3995130938560004
1.0000000000000000	0.0997653887759562 -0.1815071277698736 -0.8114822408096897	-1.7412847984075823 -0.4032948463243414 0.1943955672378600
1.0000000000000000	-0.1233790946041377 -1.0239215129522152 -0.6494206561987024	-0.7421132326523660 0.7480302774194385 0.4131089829843950
1.0000000000000000	0.3395512577979802 0.6018891255250907 0.3928703802170934	0.4756092535656508 -1.4998447933615386 0.0213021678735541
1.0000000000000000	-0.3081573869967276 -0.1169947143155739 0.3023524895926995	0.0851410375418429 -0.8385482812196674 -0.2428900103867686
1.0000000000000000	0.6393796270635818 -0.1244428582674405 -0.1774165188186350	-0.3839439674070648 0.4849274658422593 -0.1306443075515969
1.0000000000000000	0.1650387686355476 -0.5060448276020932 -0.3834436926620582	-0.0033341011487956 -0.3936282706514100 0.6598432840885191
1.0000000000000000	-0.7506163433895395 1.2451673074009735 -0.0408801915705064	0.9656595028126441 0.1466780790876050 0.4808570269824114
1.0000000000000000	0.4593118551175090 -0.4901403344609002 -0.2408510346556183	0.2220676581178276 -1.1155868876304913 -1.3492917072882020
1.0000000000000000	-0.2970655480866251 -0.3296901979179224 -0.1030178724370465	-0.4718796737071286 -1.4604826192113787 0.2270687223538073
1.0000000000000000	-0.1924655610886294 0.3501211429309499 0.8686125492861457	0.2669960364741438 -0.2219564347797556 -0.1598774066057908
1.0000000000000000	0.7199339230842461 -0.0098257828227176 -0.2373843823055121	1.6640976408441803 -0.0702097056624906 0.4722720524002829
1.0000000000000000	0.0456766922608484 0.8527195030915907 -0.1694947314352988	0.6678538271576988 0.8123281696240396 1.1544308410219080
1.0000000000000000	-0.3581520326657752 -0.2636241926354193 0.3111026060088843	0.5955966032107668 0.4963687249766138 0.1173277787361945
1.0000000000000000	-0.3886870272724071 -0.5330972258546328 -0.0566886993666306	0.4770808383702886 0.0989259962088188 0.6164229364728427
1.0000000000000000	0.1168996533323201 0.2564334940348563 0.0687305103446861	-1.2295291410913443 -0.1099068506006672 -1.6717197916608224
1.0000000000000000	0.3486986381239834 1.2731643048267336 -0.1486318388723291	0.8672280129834821 0.2174313287073618 -0.0279864884943667
1.0000000000000000	-0.8848119541665009 -0.4978573056003778 0.7761085265264996	-0.8319572450091129 1.3114317023065338 0.9248614150580267
1.0000000000000000	-0.2590503420899174 -0.0119089892282826 -0.5462619477237863	0.0513875579422642 0.8225839612879420 0.0762940936161144
1.0000000000000000	-0.5171506349858662 -0.0458608492655729 0.7529087804876745	-0.7241525858126003 1.6224528577425301 -0.1303575241585462
1.0000000000000000	0.4143408541508258 -1.6708137712953224 0.2026442476030783	0.2510033592297569 0.3543428944765024 0.2046981406819623
1.0000000000000000	-0.1898286268847546 2.4231742534715224 -1.5689961415219593	0.2147601141512359 -0.1248134410874630 -0.3682199602501344
1.0000000000000000	-0.1251723213988683 -0.4018855084105964 0.5100296839140542	0.2720264553097664 1.6541229202441052 0.3217024366475423
1.0000000000000000	0.3933678576990408 0.0545761150101681 -0.3571770527374302	1.3469096127814486 -0.2395104479023832 -0.0618501622143722
1.0000000000000000	1.8626775293121332 1.6334174830725392 -0.3781826631386567	-0.4227911764906215 0.1932787467300302 -0.5232238849591505
1.0000000000000000	-0.1818885583422137 1.1396542227894022 -0.1640778422959718	-0.0096864743416179 -1.1359962971478563 -0.4144183320260651
1.0000000000000000	-0.4528822450288308 0.2787200855944245 0.2349445989119913	0.0186992939876854 -1.3456306744718931 1.1363987374016402
1.0000000000000000	-0.4157745601530703 0.1191868856470333 1.0920231514551086	-1.4635581711880876 0.1485711740689152 -1.0361666179066167
1.0000000000000000	1.1857108763364659 1.4063695366575313 0.9575942981284555	-0.0484901225154223 0.2768774553879464 0.1754102657400062
1.0000000000000000	0.3253761416460904 -1.0783849953574181 -3.3254840412834747	-0.1192512316393978 -0.1836449489964602 0.5544482775284604
1.0000000000000000	-0.5361867717637313 0.2731523354764445 -0.4735935352418790	-0.5005145007352625 0.2630846728127754 -1.6880747534338121
1.0000000000000000	-0.5894001644436537 -0.8449581333456740 0.5497157718986864	0.0008231669715400 -0.5699578416425733 0.6825769143020882
1.0000000000000000	0.5205242355119283 -0.2449316446049615 -0.0020673920407867	-0.0129139462645163 1.9723805560997720 -0.2312844337199869
1.0000000000000000	-0.5055091416710399 2.1433204584229699 0.3167875053885200	0.7263517271211082 -0.5036421680901014 0.5130023649005914
1.0000000000000000	-0.4408549107514282 -0.5959569063017520 0.2632369603867680	0.0746287651984582 0.6339421486908449 -0.5347880897591436
1.0000000000000000	1.1272845151668929 -0.3821552710930753 -2.4616718461269866	0.2533124440936240 -0.2757696788141984 0.0911408431930730
1.0000000000000000	0.2600239395920673 -0.1221134770749752 -0.1164794199335202	-0.4435457731844505 0.2018294361930364 -0.9734993023883354
1.0000000000000000	0.6979472717913048 0.9687548810189587 -0.2036603794079722	0.1715399210256073 -0.6175086866590228 0.3890048797480399
1.0000000000000000	0.5744925937224825 -0.1897027382392805 0.1459988868759481	0.1082423505576438 -1.8692156253535752 -0.3542457757254821
1.0000000000000000	0.2078172215389813 -0.1909980630061374 -0.3057669457763939	-0.1656488650067104 0.8100366917800010 -0.5625924182741183
1.0000000000000000	0.7907151973475037 1.2716832217179961 1.6569736389932870	0.5008416065041823 -0.1178697726557125 0.6129717375394532
1.0000000000000000	0.7453728347234733 -0.3431759279014416 0.6674717263883819	-0.5664482068574881 0.5143707553177576 0.0554296623721893
1.0000000000000000	-0.8771326749054565 0.4083659095496128 -0.2032677366825917	-0.3730304371512199 -1.2790423660960553 0.9228291973648475
1.0000000000000000	-0.5003086742281099 -0.2971653644057130 0.0849736877733115	-0.2446687637853187 1.5219742865033632 -0.4315352790505803
1.0000000000000000	0.7489418919661454 -0.8343952311622768 -0.0820151353729418	0.0627262464815781 1.5391792633574282 -0.6439108922776745
1.0000000000000000	-0.0050510639970784 0.5961480280376794 0.4158874858267469	-0.0150679946630447 0.1853664296594464 -1.0605503877086493
1.0000000000000000	0.7317740302224144 0.4745741906161848 -1.1455209749551176	-0.9986006562746010 -0.5832163370116411 -0.2499635987623837
1.0000000000000000	4.4577176347935756 -2.2434857904205758 -1.9258634685459808	0.4092553087127255 -0.3957116413881303 -0.2132525836847699
1.0000000000000000	-0.3320879007291154 -0.2784846368459972 0.3880585369415827	0.9230864063278215 1.3023766249430986 0.5643288865294011
1.0000000000000000	-1.4370889307422505 1.4140309262961068 0.6474112345328946	-0.3962162485833579 0.0568313755261105 -0.5045878581113552
1.0000000000000000	0.1541636637362523 -0.4414951111730423 -0.0304172145436931	0.6092919918446503 -1.9649515718969959 -0.0467496334344835
1.0000000000000000	0.3778478167545682 -0.0613352943216198 0.6520379164616350	0.1372837957364033 -0.4034670545175477 1.0647068473602292
1.0000000000000000	-0.4993442987388828 0.0492199812909224 0.0827626706538728	-0.7480509800794556 1.3100260905943200 0.2116525773944214
1.0000000000000000	0.2356447969345773 -0.9793325179033470 0.7230433001450365	0.0802463098539471 0.1967128739552659 0.1042370309884337
1.0000000000000000	-2.0276170162333660 1.5274550451614195 3.7332730840416142	-0.5966028025535353 0.1538191213964809 0.1297867420680853
1.0000000000000000	-0.3778300646359842 -1.0313050329512485 -0.0449433903161530	-1.1576713245292716 0.0817898550222314 0.5942012842532065
1.0000000000000000	0.2852539414772748 0.4238930046475978 -0.1769439806778986	0.1419801740911932 -0.1818432628105283 -0.4122550561930927
1.0000000000000000	0.5566137930651708 -0.7441887971127591 -0.3507648084096463	1.1155835444849882 0.5990321221326208 0.0644593742788642
1.0000000000000000	0.1444516590359661 -0.2739127381161783 -0.7674419473526020	0.9795717151290295 0.2661357737494947 0.2155839088050613
1.0000000000000000	0.4051213497170849 -0.7943311652677327 0.2335612597339012	1.7781428789429299 0.5240224162502797 0.6748123315636451
1.0000000000000000	0.2956858583980134 0.4178038561004288 -0.0412678917099603	1.2242325785772874 0.1147473451649339 -0.3026620493514072
1.0000000000000000	0.3573305812964854 -0.4542559823564100 0.0658671408390157	-1.0075628657420761 0.7603023229713626 -1.0614761429260351
1.0000000000000000	-0.3318061912394680 -1.1330706982805840 0.0981220991666991	1.0165677330898830 -0.4049588764913135 -1.1868994773376660
1.0000000000000000	-1.1297054396126458 1.0122882974557517 0.1923058456817570	0.0558848787698281 1.3226568367451601 0.2322811831747683
1.0000000000000000	0.5471773455806647 0.2496345653505563 -0.3638994406823272	0.6066222451993960 0.2657150448973484 -0.7910062149663789
1.0000000000000000	-0.5473869180350469 -0.5481944242441962 0.1423914401832941	1.1190270442411221 0.6395602154037608 0.7272053490120629
1.0000000000000000	-0.1471862462181922 -0.5579736769013675 0.0131040365190370	0.1450341705466508 -0.9087961326000443 -1.1536346215581035
1.0000000000000000	-0.0884806542708041 0.6488398254174683 -0.0735970401146315	0.8541185292604032 -1.0500044223320655 -0.1381731386064210
1.0000000000000000	0.2048043434283048 0.0914856593316336 -0.1417636642258531	0.0178390321978068 -0.9078847286625699 1.4871836457918839
1.0000000000000000	-0.2608401337687936 0.6528375476968745 1.7036897820372257	0.1179525434831062 -0.7663524052943775 -0.2709101178132292
1.0000000000000000	-0.7625518912678491 0.9962512536650019 0.7561406713751931	-0.2079014383310442 -0.5118095176499851 -0.3548986254602813
1.0000000000000000	-0.2470643723945436 0.3462702821927762 0.2370371688084154	1.1016707620510220 0.1302119978434474 -0.8004245424161923
1.0000000000000000	0.6654243430469738 -0.7134812920119941 0.0888050522099486	-0.6493691388829985 -0.1142865535631348 0.4580241721342283
1.0000000000000000	-0.8555526225103879 -0.6245640607459966 -2.4282548987746977	-0.0199093415737854 -0.7984912847306479 0.3785273719375686
1.0000000000000000	-0.8764919304999759 0.5086606072474049 -0.0766897338481300	-0.3420391920521050 -0.9133981074900629 -0.8645748384871353
1.0000000000000000	-0.2733171537635514 -0.1221288098793043 -1.1418516186695267	0.9101922138733223 0.5302195393225231 0.5920854921863102
1.0000000000000000	0.6591112319118462 -0.2963845153993010 0.2032204946949308	1.3581494866005346 0.4615000330000548 0.8110590491783048
1.0000000000000000	0.8121643213304296 0.3006422217283347 -0.2937497925100430	0.6335159792307737 0.6525125701793768 0.4228873564841254
1.0000000000000000	1.5018427683817861 0.1424474327503271 0.0216867962026243	0.2112312365690909 -0.3318728773340375 -0.7516008718150284
1.0000000000000000	-0.1378621555735361 0.7707996167065144 0.4949082261344889	-0.5428407096827594 -0.5293935684041039 0.3604879245895527
1.0000000000000000	-0.0637998646804188 0.5894729313985554 -0.9088088065945015	0.4219655216783200 0.2862607251334158 0.8280330668876241
1.0000000000000000	0.0721176181079572 0.1733177580286704 0.6454034807771306	-0.9178259570936735 1.1592097271319899 0.5735150747783205
1.0000000000000000	0.1668868595546411 -0.2615816180561152 -0.1774940955601238	0.4528774752686174 2.1944796010441951 0.6087355730243746
1.0000000000000000	-0.0516783270956196 -2.1071790936952071 0.5747361050390571	0.5552798084799386 0.5145234480290123 0.0266512867822148
1.0000000000000000	0.1461155718380605 -0.0051904394942648 -0.6159983267552486	0.5383885853449738 -0.6373316123172312 1.2496408672907358
1.0000000000000000	0.1648314937135293 0.0329836133547139 0.0201310169426409	-1.3174823333530479 0.9148184847929729 1.5965787604099193
1.0000000000000000	1.3448144403472606 -0.1593129593414784 -1.6705031241859944	-0.5269170735661325 -0.4512413698685918 0.1894674898188237
1.0000000000000000	-0.0216848251997936 -0.7481732426574743 -0.3812032524928466	0.9033851394773368 -0.1730040678080896 0.7715526300217359
1.0000000000000000	-0.5893861703350333 0.6198761362728049 0.0214808065297026	0.3407340842410822 -0.3385742255835903 0.7434597174716933
1.0000000000000000	0.2251982857966167 -0.2932284947465380 -0.8446881326827763	0.0169073095256602 -0.7365065254420537 -0.2753081603817392
1.0000000000000000	-0.2661270578950105 0.3369358515350118 0.1273045132260765	-0.4812765509957658 -1.8741909270168329 0.9617565357210893
1.0000000000000000	1.8893151297114303 0.1673754879093440 -2.3546905558546509	0.5204894561989170 -0.4262137677423022 -0.5844453200726543
1.0000000000000000	-0.6150428658251760 0.8047982559024046 0.9646109732415701	-1.2773736977691328 0.7553433378565784 -0.4583273763588138
1.0000000000000000	0.5560253000563109 -1.6381462932475557 0.8493601919119282	0.1379347612675254 0.3178732751121564 -0.3187059742231322
1.0000000000000000	0.3810208719214309 0.0465549156553500 -0.1271598207526476	-0.0829719216675685 2.0806360986229491 -0.8752045074807885
1.0000000000000000	0.1155186596031740 0.6879011054935626 -0.4709666554890622	-1.2207287506000293 -0.8080563899476646 0.5928444647786453
1.0000000000000000	0.3738005287660967 -0.9734808216113859 -0.0885758201117026	-0.5699735556353844 -0.4572150858363530 -0.6621866482870208
1.0000000000000000	-1.4472491656981665 -0.7930325620672329 0.0574262833631725	-0.4515223327430817 -1.2613225108210144 0.3998571327996592
1.0000000000000000	-0.1723741629542138 0.0328079168843234 -0.6120213401722027	0.8695112750244942 0.6205700431649390 -1.0432573432284387
1.0000000000000000	-0.7309745224363274 -2.0436986863368283 0.8091505645055190	-0.0741417553966646 0.0080335122639064 -0.2616924619764404
1.0000000000000000	-0.3102725249712180 -0.1604864758034000 -0.1026913946246342	-0.8602367292993468 0.7434915574288097 0.1062232386495423
1.0000000000000000	-0.2165847012932260 -0.6248315851060023 0.9756556247214988	-0.2550856519495076 0.6431420961679104 1.8992875013825041
1.0000000000000000	-0.2879595322595164 -0.1784822502697092 0.2071527907000510	0.1808229358367590 -0.6337296696250321 -1.9602686511104428
1.0000000000000000	0.3487378799901821 0.2897899358049779 0.6877904468748492	1.1790770203635939 -0.9930474551912438 0.1512098306390996
1.0000000000000000	-0.3102671277944985 -1.1239334669504353 -0.8181736732151706	-1.5555391370753495 0.5194494655567631 0.4523375814688623
1.0000000000000000	0.2401179693313414 0.1453823335307645 -0.1593180432262567	-0.6842401892615686 1.7252687511336684 -0.1877744945007056
1.0000000000000000	0.0958560891065601 -0.0421115979199163 0.5150403753383311	-0.8768665756203727 -0.9350049061506199 -1.2882332727178172
1.0000000000000000	4.6155733140249531 -13.5490481382965093 -13.2564986694537801	0.2511319068658465 -0.1151371756292784 0.0721840443661906
1.0000000000000000	0.5808199942632369 -0.2846782542655115 -2.7290660898894128	-0.3656398345994478 -0.5547742814829756 -1.0247904655076898
1.0000000000000000	-0.3281291366899665 -0.2545699388910394 0.2233417501644443	-0.2160523054365447 -1.4540384281663479 0.9589798238909252
1.0000000000000000	-0.2278498218701736 1.6198311749919900 -0.2337482759839186	-0.8940378824221394 0.6783393633430779 0.3428181462626093
1.0000000000000000	0.2114725938231249 -0.0759506476834146 -0.4821264959582046	-1.0679303158739963 -0.6679742902109080 -0.1425864176277546
1.0000000000000000	-1.3124129423412292 -0.1466019603040620 -0.7100523831637476	-0.8801425731038339 -0.5827207364591378 -1.0287480483579410
1.0000000000000000	0.6966871934329524 0.5059171379439409 -1.0349299536593699	0.1494476432961891 0.5983828113894081 -0.2958638135815041
1.0000000000000000	0.7736514287182775 -0.7669649794265165 -0.1285750052852893	0.3364916237416836 -0.0194536418155334 1.4668184043919816
1.0000000000000000	-0.2553356897207943 -0.0760145266368112 0.1750251981270560	-0.9857066746507163 1.6570009846364109 -0.3540724521654627
1.0000000000000000	0.5003640020274238 -0.1185945099721602 -1.4487664788644739	0.1435214239813219 -0.0813532588310527 0.6700153607800010
1.0000000000000000	0.6808972552405951 0.0044146852001464 0.4718800680868055	-1.2294251412319552 -1.0386296784747955 -0.7288768272069083
1.0000000000000000	-0.8771031683177661 0.1663120556383056 -0.8626864688961268	0.6627221228888298 -0.8620449766958698 -0.4414800644110151
1.0000000000000000	-0.8775319892750434 -0.0535548865491279 -1.8497350477107628	-0.6202557672690021 -0.3642957865102907 -0.9823167980953120
1.0000000000000000	0.3554272620842650 1.1439583545728789 -0.4370357448755184	-0.0832220265653397 0.6885482783466181 0.7383637174159202
1.0000000000000000	0.4143564272680701 -0.6961851091896176 0.2517190193888488	1.7347533088820868 0.2026372945061319 -0.0353190561427280
1.0000000000000000	1.1136214800379860 -0.5072629314566642 0.0879489433793519	-0.0720653812404193 0.8041827534074747 0.1677237246576491
1.0000000000000000	0.0604012987318453 -0.2845440027454890 0.0130275761918579	-0.2077986332210073 0.3809551124996127 0.4593843773260801
1.0000000000000000	0.2533559832397764 0.1776801348904681 0.4937676995085371	-0.1005781174230490 1.1764489307260626 -0.4373952194176656
1.0000000000000000	1.3917792999443386 0.4954028192720584 0.9188965967680458	0.7576734374236083 0.1191837634210081 -0.4240451529956594
1.0000000000000000	-0.4525054390062870 -0.2228135494389581 0.1008097627891581	0.4909984964454398 -0.5425317089049173 -0.0350712434083164
1.0000000000000000	-1.6118001653431420 -2.2299220849151382 2.1250344693599987	0.1900447246725505 -0.4522537443063711 -0.0225194085295693
1.0000000000000000	-0.7483372288755012 -0.4067108579527218 0.3255377300772367	-0.5564351325310446 -1.4937742842815631 0.6301113406605802
1.0000000000000000	0.8813605172079348 0.5781318673021919 -1.5956496736457244	-1.2088113198495991 0.1813448600894571 -0.2654892462549058
1.0000000000000000	0.5780548363175058 0.0841754967680306 0.0651323010811177	0.4060557048777180 0.7725322357768871 1.3816269918815327
1.0000000000000000	-0.7961851003917845 -0.0253116347356336 0.1256122083529174	-0.6440391799732238 -0.6399628533512456 0.8261706736354820
1.0000000000000000	-0.3630121942071997 -1.4064599121762438 -0.5030998754472426	0.0626838432490858 0.0808834847090763 0.7627058527103863
1.0000000000000000	0.5403537631831478 0.0856633765333761 0.7936016716565774	-0.8618957711939793 0.3348827908264876 0.9691892153471042
1.0000000000000000	-0.2309014493793064 -0.0961761923500602 -0.0150768666732883	0.4859824773213071 -1.3509747664478928 -0.6777405172643151
1.0000000000000000	-0.2601208537605180 0.4293428741135019 -0.2439762612375069	0.0837993029769650 -0.7240897421289131 -0.4316365348275523
1.0000000000000000	-0.1345219388882838 0.0531453337724492 0.7972937464255090	0.8155714809591454 2.2866407223213292 0.3041258771909610
1.0000000000000000	-0.0511950799673530 0.0249029230303341 0.3634369149768726	1.0568463056196888 0.3299889839389605 -1.2776608891268659
1.0000000000000000	-0.1504993511440794 -0.1532627507025048 -0.8924635346227585	0.5671019578460048 0.0234859906312625 -0.1750554199346573
1.0000000000000000	0.1983220567540102 -0.0071384557008956 0.5989091156007601	1.6154953940611207 0.4432451172756358 0.8695087708048399
1.0000000000000000	-0.3349034405010712 0.4160713301218064 0.0687186799251774	-0.0811925577932874 -0.4344148795546501 -2.2051684683070958
1.0000000000000000	0.3344312684224351 -0.2625148719763059 -0.0137543047348905	0.0124011146912641 0.0669976672852313 -0.0525697976209334
1.0000000000000000	-0.5942220961537076 0.2441050852489282 -0.7898158392368271	0.6452096108707781 1.2718443679481475 1.0629411657757819
1.0000000000000000	0.3121677996390729 0.0167685942902432 -0.6573292946891957	-0.0310553883076897 0.3630973412962861 -0.6404569206058850
1.0000000000000000	1.1302594195483300 1.3233298159204616 -0.5442243688649209	0.1487588419400136 0.6486866759480447 0.9361081075742220
1.0000000000000000	0.2300022955181170 0.6393967655626666 -0.0506926854561855	0.2585604230917301 1.7237935290000397 0.1848325271588523
1.0000000000000000	0.4899814723683527 0.6513969360952649 0.3426865531025227	0.5964503845069329 0.3222245200357353 0.3418419718439832
1.0000000000000000	0.9504970564270064 -3.0513549439515892 -2.6533867481746793	0.0828663624524313 0.2890424362702099 -0.2933157347402606
1.0000000000000000	0.2998736512085100 -0.3865163775620923 -0.3327674649730323	-0.4564997634013518 0.6006473501438785 0.4477869906909481
1.0000000000000000	0.4134056656829614 -0.4958276606416018 -0.2096495381029385	0.3866039622187964 -0.7297281676561034 -0.5309300409042029
1.0000000000000000	0.8437247302177117 0.4221595347470718 0.4332483228151577	-0.3347296765124901 -0.6446360848923192 0.5680145737617472
1.0000000000000000	0.1456515324353804 -0.0846467684048930 0.9005111517287017	1.4193361886513922 -0.1504405932321968 0.1085505385899048
1.0000000000000000	-0.7666421730668876 0.4406498367743923 0.2555283088529071	-0.6990724668547750 -0.3106562476278178 0.4009130978617526
1.0000000000000000	0.6017637255621499 -0.2154880488986510 0.5369456196368960	-0.9325665669433042 0.3262458363690873 0.0964045182543604
1.0000000000000000	2.3992660683772171 -2.6124569884963069 -0.6219168375975496	-0.2961199883638739 0.1270099275486194 0.8472669765306045
1.0000000000000000	-1.5411222855474571 0.4175563278060777 -1.0808590588021445	0.1233320121337004 0.1953031068788336 -0.0948668196343145
1.0000000000000000	-0.9082354555695674 0.8859235426269534 4.7595874210857607	-0.6785876774216789 -0.2670545299676313 0.3014863550879907
1.0000000000000000	0.3754096122274325 0.0913547144412313 0.1439135165484901	-1.6408696096501574 0.4883329972050714 1.4279562030118174
1.0000000000000000	-2.3812867699530815 -2.1119760472966660 -2.3310132942097810	0.0404780603478334 -0.2043322599463299 -0.0220606807127091
1.0000000000000000	-0.7335456795192551 -0.1282660056722928 0.1410940929884467	1.0717972769712838 0.2984950100408979 -1.1784998639873803
1.0000000000000000	-0.8207472464944084 -0.4483465343095843 0.9944384084671848	-0.2943671617537949 -0.7541112515307981 -0.1904449998999319
1.0000000000000000	-1.3140550802452753 2.0414986965522903 0.2094452689490333	0.5751561500973107 -0.5104134647520793 0.6170898908418708
1.0000000000000000	-0.2942084808796209 -0.0531148899591036 1.0146914918301086	0.3055581452282282 0.0488957901172210 -1.2758882379660841
1.0000000000000000	-0.5373969150252612 0.1141109410611842 -0.9853972888052106	0.1378227623031361 1.5659803082812844 0.3335497455745505
1.0000000000000000	1.0626607921640352 -1.4815353893183101 0.9289109738550396	0.8745503782072142 -0.6854443371209391 -0.4268186842197232
1.0000000000000000	2.2942078079739345 -0.5270919134310417 0.8869415965367433	-0.1010628779480885 -0.1131356509013153 0.0529220802915249
1.0000000000000000	-1.6815615777819537 -3.7713731562702928 -1.4724218738641046	0.2033254021236714 0.2653969523442004 -0.1110978541496370
1.0000000000000000	-0.3652845284614636 0.2695032567045667 1.0629976184119028	0.9395118293812507 0.4338151217878065 0.3263385512895051
1.0000000000000000	-2.2120203270825285 -0.6026031567194828 -1.3961512162242000	0.8458444626316840 -0.3932568867902776 0.3792820313005158
1.0000000000000000	-0.0856562585839658 -0.1117361474566930 -0.3591362254777678	-1.3199918194742488 0.4360627286428104 0.5851033487119291
1.0000000000000000	-0.2971657693141436 -0.1657037211342404 -0.0193152981850432	-1.2559546150249374 1.1278699565393160 0.7420703576413418
1.0000000000000000	-0.5134445682285043 0.7990682613584836 0.8960268273460172	0.4721213717252932 -0.0445131429414839 0.9665796584641193
1.0000000000000000	0.0540529924824270 -0.4826685096957616 -0.5236705748118774	0.1106175663364525 -0.0293333390467831 0.9551942026224738
1.0000000000000000	0.5480613181714135 0.1373631609788477 -0.5474584566426033	-1.0965108380567445 1.1771904243299021 0.3314029846669710
1.0000000000000000	0.8135328718543983 0.2889319337326364 -0.5039244037525097	0.8934944459034257 0.1850983791541042 -0.3472838230849247
1.0000000000000000	-2.3833033323048038 -0.6649863264058740 1.0503262425722437	-0.5467718583017205 -0.1207116203569977 0.6974819617838728
1.0000000000000000	-0.1152360605498443 0.2362181577135586 1.2866900688554148	0.6312586105193855 0.3986192064181693 -0.1408067350064691
1.0000000000000000	-0.2535658240628609 0.2917810488981235 1.1870500918639988	-0.5574714000474583 1.2037050518559689 -0.0253920979299790
1.0000000000000000	1.1442722486872798 1.0003816614376588 0.8088856367134409	-0.0351193275709947 -0.2068487692144641 0.5623105076156093
1.0000000000000000	-0.1338853146396710 -0.2299409328818274 -0.3162500089715399	-0.0661808062013741 -1.9546608565622978 0.4308904797858658
1.0000000000000000	1.1802171777867718 -0.6261028282043404 0.4691547042460713	-0.2440669794730382 -0.1451737181952784 -0.7064862793125832
1.0000000000000000	0.4510563254053451 -0.9841210275903155 0.6256245253447993	-0.8954471409640685 -0.3364135398303052 -0.9509367038766809
1.0000000000000000	-0.5175481025586879 -0.3587381128932904 -0.0421724437672558	0.6906612578764384 0.3563183943109564 0.0612905541959329
1.0000000000000000	1.3150480936521574 -2.2473775524194490 0.6946595396203109	0.1792892485835001 -0.0733814235314894 1.0450146873684250
1.0000000000000000	-1.6381847832616860 -1.0201945058812714 1.6407755800802235	0.7755059138157860 0.4521506406112010 0.7034151747053008
1.0000000000000000	1.5863485344899524 -0.1098929591754701 -0.8217310780568887	0.2737882245225625 0.4041628684505160 -0.4036544669836553
1.0000000000000000	0.0308499291373906 -0.5074931979318861 -0.9652194259937297	-0.7243849428137893 -0.3893255855118152 -0.3337348632893827
1.0000000000000000	-0.2885751244277313 0.1844660057059009 -0.3351657394122779	-0.9490479588172496 -1.0049129213649659 -1.1759257536537864
1.0000000000000000	-1.5922102637336464 -1.3920935462364050 4.0179169473749567	0.5547144881111289 -0.1616850016354210 0.4658044636049755
1.0000000000000000	-0.9067865193634695 0.1744031761588594 -0.5044599315104767	0.0790008369004986 -1.6606459020823923 0.4846774368421659
1.0000000000000000	6.7125075379488157 0.0105849651248846 -5.8704604689680657	-0.4355364595341852 0.2298272303687751 -0.5408721239856124
1.0000000000000000	0.2971025850509204 -0.0697479272670333 -0.1991917890768640	1.1752568095821931 0.1383177283525172 0.2871200171015594
1.0000000000000000	-1.4353308758308518 -0.1591027112739393 -0.9414111481173127	0.4459370097363203 0.7452470946152021 0.0950317955245779
1.0000000000000000	-4.9871301427585113 8.4951701264049131 5.3425210517744040	0.0644090782096806 -0.2878817466040582 0.1401272819704492
1.0000000000000000	-0.4447636858646283 0.4593626854087642 0.5586325198785307	-0.8074450993571163 -1.2075716937893128 -0.7919788302576495
1.0000000000000000	1.7240979912542658 1.1929905107282202 -1.2284195387009373	0.0045686232080258 -0.1165566289704193 0.5520681697674509
1.0000000000000000	0.5193579160281765 -0.7638077446953402 -0.4058946779934490	-0.6733579174872549 -0.7380175519752705 0.1235818430166675
1.0000000000000000	-0.7022123771154254 -0.4005766143003894 0.8966922193430316	0.2166406557955237 0.5835736832790032 0.9802936296456791
1.0000000000000000	-0.0955109226698115 -0.3501581447713595 0.7832567083976358	-0.0670200155673284 1.2021301763787213 -0.8475257241862316
1.0000000000000000	-1.2346753405571997 -0.4690207457881322 -0.0581401048971967	-0.2095715583440248 0.2164504401177228 0.8818971532377257
1.0000000000000000	-0.3992255212481354 3.5136347870536788 -2.0448428717545717	0.4231398245741106 0.3845387522772528 0.0903473600646829
1.0000000000000000	3.2253344163285527 1.2706757078007473 -0.2616581499767051	-0.3497666739284466 -0.4376732224486411 -0.0763107577481894
1.0000000000000000	1.0335956484903710 -1.6075753221873077 -3.7308744114311865	-0.4656863775099308 0.8307012281509550 -0.6456712026588647
1.0000000000000000	0.0392578765783031 0.6419373861697936 0.7627492170663862	0.0670463928781180 1.1616807619862322 0.3780675856804627
1.0000000000000000	-0.1131980926450900 0.5843258470896238 0.5512896169595430	-0.3492807122682088 -0.1865368960686048 1.0006153896095922
1.0000000000000000	-0.0165265664164410 0.3895915252113332 -0.9422044445852564	0.2362447051573547 0.4181945648311839 -0.2848726651174985
1.0000000000000000	0.1276035967084747 0.9715304632401068 -0.8040284685730340	-0.1840076426490499 0.2834283093998592 -0.4448982569086862
1.0000000000000000	0.7254756708346416 -0.9915030830670396 1.4864883579136881	-1.4211211253155376 -0.5017130374564868 -1.0810912142529960
1.0000000000000000	0.2616728181641779 0.3598861554841437 -0.2361086832840391	0.1311988967954352 0.8159103196293078 0.4718848361179179
1.0000000000000000	-0.3501272289027390 0.7840593000065785 0.1058678103925736	0.3488410037780257 1.0637892046360748 0.2602025217679029
1.0000000000000000	0.0797349130429340 0.0746584010114481 0.8811550095864490	-0.1051646267688355 0.8277923308248623 1.0267243055961717
1.0000000000000000	0.2968963929796467 -0.8046278561735567 -0.3309523772021606	-0.6833533726346396 1.1983778462024723 0.4001026122344741
1.0000000000000000	-1.0544175780188103 0.4113932686562128 0.6505916729373469	0.2871127320057476 0.1849319871481770 -0.5525374924701244
1.0000000000000000	3.1728600293691462 -0.8738807136677973 1.2705193054374844	-0.4347154988752374 0.6183548237189893 -0.4579338619270564
1.0000000000000000	0.5792590768178032 1.6388265330719565 1.8196427201579330	-0.0076393058088940 0.8006140017305128 -0.5669443927648926
1.0000000000000000	0.0418127431858175 -0.0628222545874364 0.0168795581742962	-0.0831040515996649 -1.7326072704135236 1.4064933502286345
1.0000000000000000	-0.0107981493983100 -0.6088405951515480 0.4292150474718931	-0.1999655508469783 0.4821271457601672 0.8306553633360857
1.0000000000000000	0.6264856334838192 -0.1543719478704768 0.2736977054600401	0.1115491283203491 0.5074890744704781 0.4079597640522042
1.0000000000000000	1.6611540319836489 4.8583576996325331 3.6566565568281892	0.3573166729417909 0.2523686754668797 0.0907081974134467
1.0000000000000000	0.3292792901549932 -0.1320145521871655 0.1161150726075654	-0.1986476608505834 1.0977917712628193 0.1068275236214438
1.0000000000000000	0.4595943949741427 -0.0734305089846888 0.3514071113227644	-0.5430097654996702 0.4940784303295562 1.5109440448323075
1.0000000000000000	-0.8959694689268138 -0.2667757094194907 1.0483033223798317	0.0717127613500698 -0.0328812838738340 0.5276552959441767
