0 1000 0
1 0.726254247398383 0.363475426797047 -0.194122610912059 -1.85486423224829 -2.08213680476712 -0.595274541137372 0 0 1 0 0 0 0 0 0 0 0 0 0
1 -1.45980015485126 -0.54898205232958 -2.03795577491646 1.04416788029082 0.328340672646246 0.196088435339629 0 0 2 0 0 0 0 0 0 0 0 0 0
1 0.12145052507555 -0.15002130764887 0.45867312947782 -5.05598148106506 0.508993414896301 0.603237981393509 0 0 3 0 0 0 0 0 0 0 0 0 0
1 -0.19039270625879 0.035268906197174 -0.740453885937638 -1.25220691691165 1.31626164355309 -1.38599426253552 0 0 4 0 0 0 0 0 0 0 0 0 0
1 -0.523435039557888 1.10837077497484 -0.700674844978957 -0.149231541878935 -2.11294966217998 1.35295573469735 0 0 5 0 0 0 0 0 0 0 0 0 0
1 -0.252451939871218 -0.0560714374973399 0.093815021463989 2.68715927843532 -1.39741329657207 0.880741704462757 0 0 6 0 0 0 0 0 0 0 0 0 0
1 0.593693023595134 0.300506293687955 0.327005313014832 0.292595191807503 0.41308165144266 3.15923980695085 0 0 7 0 0 0 0 0 0 0 0 0 0
1 -1.35105366605872 -2.05362028075565 2.15739210710767 1.55739493517318 0.760475658508954 -1.49332212154628 0 0 8 0 0 0 0 0 0 0 0 0 0
1 -0.207112062439226 -0.885295738810675 0.285483656229438 0.337944840211542 -1.98691901834866 -1.72748906177448 0 0 9 0 0 0 0 0 0 0 0 0 0
1 0.445086696352801 0.256378945647123 -0.152883325259595 0.820276245701412 0.0582211063012817 -0.246115482211417 0 0 10 0 0 0 0 0 0 0 0 0 0
1 1.56686255973705 -2.79801665032503 -0.347572372979653 0.89935356976774 -0.771996728451727 0.59973165520569 0 0 11 0 0 0 0 0 0 0 0 0 0
1 0.718771123643773 -0.719169387998169 1.48390006536154 -2.01971231303877 1.16201885502174 1.11870166494512 0 0 12 0 0 0 0 0 0 0 0 0 0
1 0.995379405336131 -0.65924230906831 0.53969809955658 0.339318713806064 0.141599493269823 1.13570481482362 0 0 13 0 0 0 0 0 0 0 0 0 0
1 -0.758306329198113 0.340160624785921 -0.455221849000858 2.69978041519576 -1.94090296579741 0.460957991186065 0 0 14 0 0 0 0 0 0 0 0 0 0
1 3.22363204747751 2.97059347344308 0.663102251305053 0.780024894149972 -1.13531571670714 -0.738256473580541 0 0 15 0 0 0 0 0 0 0 0 0 0
1 -0.604181548970243 0.544947237022623 -0.51265625732735 -4.65995369537153 -2.03829664399273 1.43231197910852 0 0 16 0 0 0 0 0 0 0 0 0 0
1 0.248474021693175 1.9258695738732 1.04663455207903 -0.724675295727769 -2.04062675664793 -0.416886156378145 0 0 17 0 0 0 0 0 0 0 0 0 0
1 0.251460708272141 1.17517084201639 0.0773311822107756 -2.47593086514508 2.83115513826745 -1.05770231082928 0 0 18 0 0 0 0 0 0 0 0 0 0
1 -1.04191537621916 -0.472172876355615 -0.0670234792850961 1.18000676415461 3.3921262081511 -0.214043344220255 0 0 19 0 0 0 0 0 0 0 0 0 0
1 0.904876054791576 -0.931339160761771 0.0651732690360231 -2.42719402694168 -1.55566017316436 -1.28631551484595 0 0 20 0 0 0 0 0 0 0 0 0 0
1 1.3989927604797 1.31702488778292 -0.284550145398657 -0.351809450645825 -0.0141257675334961 0.755776042549531 0 0 21 0 0 0 0 0 0 0 0 0 0
1 2.87375745223952 -1.66322071156573 2.98726166215571 -0.503952796846144 0.677240555854676 -0.377868790716927 0 0 22 0 0 0 0 0 0 0 0 0 0
1 1.72108979058841 1.39650655462091 -0.101042533408531 0.584428002130804 -2.27568837533088 -1.37375856175305 0 0 23 0 0 0 0 0 0 0 0 0 0
1 -0.180987343045713 0.335077573266976 0.216635005056158 -0.938830335570023 -1.71678796698721 -3.17516731240062 0 0 24 0 0 0 0 0 0 0 0 0 0
1 -0.178356919368487 1.21311495501104 -0.188625950095821 0.721512832281016 0.89521074063223 1.68665382285347 0 0 25 0 0 0 0 0 0 0 0 0 0
1 0.215592123211229 -0.461229727499768 -0.124124000932993 -4.56301604612446 2.43881457816005 2.1404644107863 0 0 26 0 0 0 0 0 0 0 0 0 0
1 -0.737838903595086 1.25472376948142 -3.44726589429375 1.56829252889456 -0.849759104097336 0.395016828306783 0 0 27 0 0 0 0 0 0 0 0 0 0
1 -0.143289132342963 0.427461715728775 -0.279352861643159 -2.88694575704572 1.06176559022922 -1.16685918522918 0 0 28 0 0 0 0 0 0 0 0 0 0
1 -0.013702082134706 0.428632794706428 -0.0905956325756307 -3.90127748632361 -1.98116015486329 2.65845714071139 0 0 29 0 0 0 0 0 0 0 0 0 0
1 0.197689100577502 2.43355172433407 7.7480025073498 1.41565984320536 -0.171403855006361 0.215504633553202 0 0 30 0 0 0 0 0 0 0 0 0 0
1 -0.162595919352185 0.0722832336158562 -0.461535134443602 2.42360010555902 -0.893348300334216 0.770229916604365 0 0 31 0 0 0 0 0 0 0 0 0 0
1 0.473502184650792 0.815248784113614 0.27785022094865 4.11337587296897 -0.0847207609685772 -0.868600640064837 0 0 32 0 0 0 0 0 0 0 0 0 0
1 -0.0370469493023463 0.423073961975554 0.627407781213193 -2.08965814321871 0.454482700720692 -2.97251078884958 0 0 33 0 0 0 0 0 0 0 0 0 0
1 -0.875915532842289 -0.354394309158212 -0.568863138023699 -0.623956278275401 1.71404049705067 -1.93779940039911 0 0 34 0 0 0 0 0 0 0 0 0 0
1 -0.002841001029595 -0.253852196375898 0.0545410607365809 -0.991347103409132 4.24562013313998 -3.69583463518482 0 0 35 0 0 0 0 0 0 0 0 0 0
1 0.981630330185825 0.292790248651737 0.101116979016163 -0.790794790997747 -0.911329114351744 0.566849590666473 0 0 36 0 0 0 0 0 0 0 0 0 0
1 0.535931139884122 -0.593486206386378 -1.12403960385326 2.185184241349 1.37490776987259 1.08473561139108 0 0 37 0 0 0 0 0 0 0 0 0 0
1 -0.240277763666615 -0.0957198627992072 0.341068551135064 -2.99853978360298 0.876701345829305 -2.54159054509863 0 0 38 0 0 0 0 0 0 0 0 0 0
1 0.728240563764032 0.236685019089419 -0.0710739964406929 0.456325007725883 0.0431967541846669 2.22147111053698 0 0 39 0 0 0 0 0 0 0 0 0 0
1 0.729827336481452 -0.489923258298648 -0.206325355545018 2.84703144623771 -0.453126264607813 1.80069478212561 0 0 40 0 0 0 0 0 0 0 0 0 0
1 0.271407544719679 0.77323744230623 -0.556749247221077 2.54736469567476 0.263250590734695 0.257976797975095 0 0 41 0 0 0 0 0 0 0 0 0 0
1 0.830542871323747 -0.665125203972129 0.925835428474465 1.00104763486859 1.82118895881796 0.65717677817092 0 0 42 0 0 0 0 0 0 0 0 0 0
1 -0.183917065846242 0.163552254924499 -0.192047854941322 -0.158451440156798 3.59588652040639 0.518485745270733 0 0 43 0 0 0 0 0 0 0 0 0 0
1 -0.561389376967229 1.13398267666011 -0.212361603328163 -1.39161380264451 -1.85493796446296 0.309678270555797 0 0 44 0 0 0 0 0 0 0 0 0 0
1 -1.34569983421078 -2.83664042924517 0.392735753607124 -0.576760899144417 0.695257461602653 -0.139627359840561 0 0 45 0 0 0 0 0 0 0 0 0 0
1 0.206395519430276 -0.306165341027532 -1.364026364428 -0.816356257568499 -0.144397391565305 2.95923325105235 0 0 46 0 0 0 0 0 0 0 0 0 0
1 -0.224433711569505 0.440916600679649 0.051410967510585 -0.723389701305972 -5.12085922349862 0.263707280494673 0 0 47 0 0 0 0 0 0 0 0 0 0
1 0.314974126065394 -1.70250832606385 -2.45249119919495 -0.588143852307536 1.39617723009271 0.143251313161172 0 0 48 0 0 0 0 0 0 0 0 0 0
1 0.307783612710534 -1.57426265307885 0.568627633142419 -1.48699201124786 -0.96781334528399 1.68365017301226 0 0 49 0 0 0 0 0 0 0 0 0 0
1 0.111418609022986 -0.17342409035262 -0.145060039142384 -3.44508887435879 2.28602253077499 0.184744717485615 0 0 50 0 0 0 0 0 0 0 0 0 0
1 0.502200292982972 -0.46032097268951 -0.206724141309755 -2.0473920021916 4.99226666548625 -0.978131940746011 0 0 51 0 0 0 0 0 0 0 0 0 0
1 -0.633415191860756 -0.231943674237061 0.388390767061893 1.32568825495058 -1.94100286949661 0.0894841843315285 0 0 52 0 0 0 0 0 0 0 0 0 0
1 0.278234040805373 -0.363346748290643 0.211501546193664 0.0862970244900999 0.158881075834985 1.42545679005857 0 0 53 0 0 0 0 0 0 0 0 0 0
1 0.0738574894711268 0.239213471481787 0.629204515788807 -0.775329887513004 -0.636265098727967 -0.447953339275129 0 0 54 0 0 0 0 0 0 0 0 0 0
1 -0.222546316051957 -0.558414740496638 -0.227578448950533 0.0302829950871091 2.8853336252257 -0.467937608631711 0 0 55 0 0 0 0 0 0 0 0 0 0
1 -0.0240346847144026 -0.169722652590652 0.261322362507541 2.81367471005811 0.0965447775868819 2.11404966863522 0 0 56 0 0 0 0 0 0 0 0 0 0
1 0.139670122301482 -0.818498360117976 0.238402666000572 0.152385775848712 1.31619034892329 -1.40320771233736 0 0 57 0 0 0 0 0 0 0 0 0 0
1 0.128282698637716 -0.170860977425141 -0.369378440317377 0.257072169036061 3.11414648920229 -2.73685767963721 0 0 58 0 0 0 0 0 0 0 0 0 0
1 -0.146421771239782 -0.431010767619015 -0.698218731407675 0.203910318366574 -4.35429178273879 1.69967653432037 0 0 59 0 0 0 0 0 0 0 0 0 0
1 0.488668987120867 -0.0315390732179374 0.047126551491052 -4.85769209352712 1.47415345443179 1.54407054231934 0 0 60 0 0 0 0 0 0 0 0 0 0
1 0.16986463598217 0.482410662979666 0.113428914988016 -0.351148416442283 2.92394548058725 2.64730450511288 0 0 61 0 0 0 0 0 0 0 0 0 0
1 0.331767687486897 -0.466264689227727 -0.139612041774812 -1.78800318202012 -2.40963650483474 0.717517682034973 0 0 62 0 0 0 0 0 0 0 0 0 0
1 0.595592113443652 0.0187382369155557 0.746231955667521 -0.0266159221632005 -2.42263210265399 2.2899869338951 0 0 63 0 0 0 0 0 0 0 0 0 0
1 -0.0021853498443163 -0.180271209420895 -0.0321816131273908 1.14973329169594 1.72278650330478 1.46522719424936 0 0 64 0 0 0 0 0 0 0 0 0 0
1 -0.0479636475613778 0.141941976484989 0.522151111654387 4.62683281728948 1.63326645173156 -0.28899592672645 0 0 65 0 0 0 0 0 0 0 0 0 0
1 -0.624155683563858 -0.198342915158245 0.572489896677027 2.54441519319318 -0.053591094779435 3.22844122996393 0 0 66 0 0 0 0 0 0 0 0 0 0
1 0.0564655219648802 -0.0675540912617229 -0.438782079130738 -2.62769365768176 2.41209742805186 -0.339831198596892 0 0 67 0 0 0 0 0 0 0 0 0 0
1 -0.153434545844223 -0.509751888173027 0.0690109176492403 -0.971477998888838 -0.673656448087865 2.50997756157806 0 0 68 0 0 0 0 0 0 0 0 0 0
1 -2.07381011539473 2.02602795545653 0.339580010165077 1.32872968590938 1.02094514229622 0.898576804741986 0 0 69 0 0 0 0 0 0 0 0 0 0
1 -0.460455126331294 -0.198839496687565 -0.0552480846305565 -0.913939928538084 -0.497922952093216 -2.05616494617475 0 0 70 0 0 0 0 0 0 0 0 0 0
1 -0.379729057152707 0.153705012479331 1.0366293493971 0.404871151864881 0.111139985659566 -0.117744298954734 0 0 71 0 0 0 0 0 0 0 0 0 0
1 0.220947840801292 0.0255189779357645 -0.27067554392077 -0.910201767424423 -1.4484620529233 -1.40081324325471 0 0 72 0 0 0 0 0 0 0 0 0 0
1 -0.393250464174093 -0.0489885346378814 -0.58228584362384 -0.00267252854451035 -2.84156288499499 1.54761216295443 0 0 73 0 0 0 0 0 0 0 0 0 0
1 0.476402251207221 0.897979378053235 0.629581398981949 -1.67252703381133 1.41256330311407 -0.35396657367809 0 0 74 0 0 0 0 0 0 0 0 0 0
1 0.645197099528881 -0.668749192685889 0.0813020229319609 1.1864280206485 -2.54175136449236 2.05465003180255 0 0 75 0 0 0 0 0 0 0 0 0 0
1 -0.131752852830222 -0.118592818157838 0.216799312515187 0.646371636768894 1.66009423846372 1.57195082597953 0 0 76 0 0 0 0 0 0 0 0 0 0
1 2.85467261472303 -1.642445173192 0.760832340433237 -0.702679264584644 0.74982520065023 -1.69637376482787 0 0 77 0 0 0 0 0 0 0 0 0 0
1 -0.372284120586555 -0.346481279200261 0.0217541573286192 -3.05492278327065 0.947236187977898 3.04041614533274 0 0 78 0 0 0 0 0 0 0 0 0 0
1 -1.14597143427777 -0.188296964432361 2.70471998763309 0.783122033189998 0.874345705525867 -0.205275209492356 0 0 79 0 0 0 0 0 0 0 0 0 0
1 1.12074060598149 0.375290697525519 0.386658234547342 1.6108045073278 1.58093775502065 1.19171479833253 0 0 80 0 0 0 0 0 0 0 0 0 0
1 -0.208669446308909 -0.0472198366625549 0.550547221147786 -1.58755902487186 -1.2793010828887 -2.59156913923377 0 0 81 0 0 0 0 0 0 0 0 0 0
1 0.443260186371105 -1.42178659627692 -1.74295164061624 1.05169953375283 -0.969672207222649 0.0443448939112863 0 0 82 0 0 0 0 0 0 0 0 0 0
1 -0.0805018172239133 -0.0171452249864433 -0.650312459338976 0.150040363411544 3.80349712123909 1.33248134085806 0 0 83 0 0 0 0 0 0 0 0 0 0
1 -0.279184085910295 0.22522779849461 -0.225794149290728 -0.691863502655103 0.85170210651836 -0.326277861843062 0 0 84 0 0 0 0 0 0 0 0 0 0
1 -0.0956616847036897 0.33781483873769 -0.177331322663044 0.0575997445740385 1.30530837918113 -5.17066143743175 0 0 85 0 0 0 0 0 0 0 0 0 0
1 -0.0493557510794434 -0.100546111478251 0.0838453441198022 -3.88892808674451 3.08710013156692 1.0944567917154 0 0 86 0 0 0 0 0 0 0 0 0 0
1 -0.0615208230933082 -0.285148983257724 0.0464016091318379 0.143960785509535 -1.20750690548997 -1.29964692902548 0 0 87 0 0 0 0 0 0 0 0 0 0
1 -1.22621015640743 -1.87483667219898 0.64397163345078 -1.49438975969048 -2.94141207681952 0.954426668244113 0 0 88 0 0 0 0 0 0 0 0 0 0
1 0.310466349023903 -0.275223850222047 -0.611896027246218 -1.75360710818899 -0.205119137010045 4.29391169952922 0 0 89 0 0 0 0 0 0 0 0 0 0
1 1.15871800130997 -0.202494127464498 -2.67092653885332 0.246246915411159 0.364485302376616 0.915120293412964 0 0 90 0 0 0 0 0 0 0 0 0 0
1 -0.355620902077125 -0.895675681492858 0.518657766784305 3.5794359828671 0.0316588766450748 0.973617752870368 0 0 91 0 0 0 0 0 0 0 0 0 0
1 1.55019762630071 1.20919678462089 -1.71120631026138 2.48808959317083 -1.75176379771872 0.141599101627278 0 0 92 0 0 0 0 0 0 0 0 0 0
1 0.0405594112705608 -0.367325010572615 0.0772090797807939 1.39093819056035 -3.32383202205859 -1.22821799880651 0 0 93 0 0 0 0 0 0 0 0 0 0
1 -0.356872399427546 -0.218895025030209 -0.200643760100636 1.69851376943979 -1.94555611865479 0.105461652225484 0 0 94 0 0 0 0 0 0 0 0 0 0
1 0.560987748877068 -0.543345095544068 0.617101694444115 -1.33617106354393 2.75070959528438 0.420060991228922 0 0 95 0 0 0 0 0 0 0 0 0 0
1 -0.327525409288709 -0.259596709046836 -0.32809346235124 -1.72512420429558 -5.08685188250619 -3.05311961861476 0 0 96 0 0 0 0 0 0 0 0 0 0
1 -0.452404661587335 2.31255907005383 -0.881612593002896 0.125194836699922 1.27561118601959 3.51506319768405 0 0 97 0 0 0 0 0 0 0 0 0 0
1 0.661595197640564 -0.097072124072651 0.0356694953631902 -2.79503425715604 2.30039843102957 1.12039398388228 0 0 98 0 0 0 0 0 0 0 0 0 0
1 0.031878257562472 -0.150051194838954 -2.85691219711011 0.936738046777251 0.0912725336360923 -0.307544598786416 0 0 99 0 0 0 0 0 0 0 0 0 0
1 -0.719319701564658 -0.561781057829555 -1.24858816740109 -0.769102681058378 -0.194761949250409 0.671367761567686 0 0 100 0 0 0 0 0 0 0 0 0 0
1 -0.510839648405006 -0.0053765963039022 -0.246010647414047 3.64445799360801 0.250434537991423 -2.1031497335872 0 0 101 0 0 0 0 0 0 0 0 0 0
1 -0.0303339871598727 -0.267738271627376 -0.0532543478128332 -2.16045710909655 -5.38541375619007 0.168294450675617 0 0 102 0 0 0 0 0 0 0 0 0 0
1 0.942588149892234 0.320408389132393 0.424627542783024 -2.03830377281854 -2.7044008076224 0.696071987513586 0 0 103 0 0 0 0 0 0 0 0 0 0
1 -0.200256451453912 0.47630239605069 0.57790284075685 1.86907398078334 5.26220013058848 -0.0618266071572574 0 0 104 0 0 0 0 0 0 0 0 0 0
1 0.10454782910806 -0.0827521040780792 -1.22804313585953 0.102966085176069 -0.931987196001962 1.11336943388334 0 0 105 0 0 0 0 0 0 0 0 0 0
1 -0.167869688734241 0.165706721762031 0.162806899493757 -1.59709093249479 -3.46902800846785 3.69559996350034 0 0 106 0 0 0 0 0 0 0 0 0 0
1 -0.101755121194718 -0.948240501622581 -1.4509663941816 -2.42770928365366 -2.53905897529031 -2.26308635668985 0 0 107 0 0 0 0 0 0 0 0 0 0
1 -0.2933613389673 0.0334401912329187 0.498361295796909 -0.371674362519982 -2.74235629539097 1.58718539127204 0 0 108 0 0 0 0 0 0 0 0 0 0
1 -0.278472597569339 0.0014975239889578 -0.0343471782101052 2.86370562719447 0.932129755091962 -0.708376178090915 0 0 109 0 0 0 0 0 0 0 0 0 0
1 -0.472152819569641 0.0875943429311291 -0.183949145961356 -3.17026672197055 -0.348683314160356 1.97702675063213 0 0 110 0 0 0 0 0 0 0 0 0 0
1 0.964440722534777 -0.23661745805202 0.0895232359871179 -1.17216670415566 -4.17596537756369 1.53527595262364 0 0 111 0 0 0 0 0 0 0 0 0 0
1 -1.34682416676461 -1.37676627672533 -0.0495237296855004 -0.310544148554486 0.559060129457657 1.74628949609349 0 0 112 0 0 0 0 0 0 0 0 0 0
1 0.877942469238283 1.69679509502986 -0.264071887644708 -1.37725596383781 0.940320613324754 1.59646809424056 0 0 113 0 0 0 0 0 0 0 0 0 0
1 -1.64956647988239 3.99024595319812 -1.45225439887424 1.27363886699357 0.217365108300387 0.346611715310807 0 0 114 0 0 0 0 0 0 0 0 0 0
1 -0.144770795154529 0.543792986894455 -0.0868942930646273 -2.8801424804456 -1.40883275628277 -2.98774120252938 0 0 115 0 0 0 0 0 0 0 0 0 0
1 3.44502573982151 -0.610021265935122 -1.07399733586525 -0.499005378362852 0.112979933395101 -2.60061862262785 0 0 116 0 0 0 0 0 0 0 0 0 0
1 0.174108582662706 -1.16020320269026 0.867630750216031 -1.28598389130713 -0.875791087419072 -2.24562284606015 0 0 117 0 0 0 0 0 0 0 0 0 0
1 0.52696261096995 0.828275944183411 0.469482401134597 0.573413261312941 -0.101194548019257 -1.38342324649786 0 0 118 0 0 0 0 0 0 0 0 0 0
1 2.8289599875902 -1.03825664673735 1.49083727029582 0.268219993864769 -0.199817475387176 0.298008850736335 0 0 119 0 0 0 0 0 0 0 0 0 0
1 -0.324699056947144 -2.60278027555289 0.432166673993406 0.398015202099073 2.24841404475525 1.17738384891094 0 0 120 0 0 0 0 0 0 0 0 0 0
1 -1.21754958851293 0.311228083635407 0.891572295089932 0.33720800498026 3.25304222304895 1.67327459948975 0 0 121 0 0 0 0 0 0 0 0 0 0
1 0.511994843088264 -0.274718462393348 -0.614673656368837 0.555651964406477 -3.61870403380349 1.29926803239525 0 0 122 0 0 0 0 0 0 0 0 0 0
1 -0.733818739943917 0.183244268708597 -0.469981766258947 0.982005141010035 0.411183653549879 0.70695732098243 0 0 123 0 0 0 0 0 0 0 0 0 0
1 -0.543060567331833 0.560905825350873 -1.06633091969761 1.89893578339752 3.53509037687153 1.31202726595097 0 0 124 0 0 0 0 0 0 0 0 0 0
1 -0.494786073048581 -0.265425886212734 -0.0430298159747999 1.16503680782574 -1.02807138663354 -2.82389946487624 0 0 125 0 0 0 0 0 0 0 0 0 0
1 1.59165513528584 1.10603147074043 -1.53229352185911 -1.36799782951326 0.454302228671066 1.93977915075464 0 0 126 0 0 0 0 0 0 0 0 0 0
1 0.522067736010539 0.353800885729163 -0.712599720135646 -1.03475870680366 -0.492046486760746 -0.305777427410004 0 0 127 0 0 0 0 0 0 0 0 0 0
1 0.274711490868994 -0.245361949161604 -0.166139369104367 -0.972784742037681 0.216764921499332 -1.22245188819531 0 0 128 0 0 0 0 0 0 0 0 0 0
1 0.0200765159486287 -0.22897238496447 -0.540569724802909 -1.42757672703656 -3.19283494236061 -0.743089485821358 0 0 129 0 0 0 0 0 0 0 0 0 0
1 0.0304016402546894 -0.920364734962611 0.354388844763171 0.333220537758185 3.12737746862203 -1.83880506344036 0 0 130 0 0 0 0 0 0 0 0 0 0
1 0.200705213965895 -0.289964632484299 -0.0061121549195593 1.01565113177681 3.73149115162169 -1.03751840043553 0 0 131 0 0 0 0 0 0 0 0 0 0
1 0.134002936436752 0.269077412285274 0.583069390348558 -3.49334264743606 -1.12015896744194 -2.68450892408306 0 0 132 0 0 0 0 0 0 0 0 0 0
1 -0.649730283290082 0.280755136660698 0.158763329902668 2.64250679150419 -0.20289824254232 0.836626753523261 0 0 133 0 0 0 0 0 0 0 0 0 0
1 -0.260012653014145 -0.696608742339669 -0.859652432763813 -1.09040433738617 1.50331238749545 -1.54986646478157 0 0 134 0 0 0 0 0 0 0 0 0 0
1 -0.812923693040625 0.449430361983547 0.0541671832554387 1.71275712870005 -3.49830618493819 -3.36047087969559 0 0 135 0 0 0 0 0 0 0 0 0 0
1 0.113830471961169 -0.188675763132412 0.222204431610539 -1.58804985996017 -1.75425633086979 -0.636342146249882 0 0 136 0 0 0 0 0 0 0 0 0 0
1 -0.0263534422474652 0.940789173049358 1.47621964159932 2.00106612752111 -1.31256686254621 1.79649813270914 0 0 137 0 0 0 0 0 0 0 0 0 0
1 0.302132638670101 0.0229409775266583 -0.620668546864683 -0.293930436166731 1.66617401666936 0.551107749459499 0 0 138 0 0 0 0 0 0 0 0 0 0
1 -0.800683847867458 -0.255380540210537 0.580644801122512 -1.69631623999582 -2.3128051868995 -2.72534205408382 0 0 139 0 0 0 0 0 0 0 0 0 0
1 0.0682215344962516 0.486139668605651 0.91188578998338 1.25234922483942 0.337088997115005 0.148975349306425 0 0 140 0 0 0 0 0 0 0 0 0 0
1 -1.00943530066803 0.635286538702803 0.504841501745113 -3.61158042838221 -0.518559630222922 2.36523661226624 0 0 141 0 0 0 0 0 0 0 0 0 0
1 -0.558375159228792 -0.0516077515816823 -0.21253148611559 2.89168508694941 1.08123626130292 -4.37947511414196 0 0 142 0 0 0 0 0 0 0 0 0 0
1 -0.0550278577555269 0.382824416125622 -1.42234707190913 0.566147783533388 -2.56275632865103 0.85063152653692 0 0 143 0 0 0 0 0 0 0 0 0 0
1 -0.190394190712622 0.872254167511464 0.0993327881016747 2.77142873449894 -0.900878242639371 0.161754470432939 0 0 144 0 0 0 0 0 0 0 0 0 0
1 0.111328838710304 -0.629275858801393 -0.601321753629523 -1.7741651090495 -2.1412968627119 0.762400677043107 0 0 145 0 0 0 0 0 0 0 0 0 0
1 0.983631231621953 -0.1162505195397 0.171735564259902 0.663380820121807 1.70069600245974 -2.9692888710105 0 0 146 0 0 0 0 0 0 0 0 0 0
1 0.285690217441542 -0.465993068938395 0.34492367717675 -1.77124899309357 -0.827455384858513 -1.19468139256174 0 0 147 0 0 0 0 0 0 0 0 0 0
1 -0.361171652074851 0.383368792084581 -0.303669555511123 2.5065527347848 2.14547329865084 -1.50615901765534 0 0 148 0 0 0 0 0 0 0 0 0 0
1 1.11688005556312 0.358748241374138 0.391455590182179 -0.269232176228168 1.28468101873361 3.47346272412834 0 0 149 0 0 0 0 0 0 0 0 0 0
1 -0.530353358279412 0.256431291414414 -0.131792652824808 -2.95701864780667 0.834343298037878 2.52217287353647 0 0 150 0 0 0 0 0 0 0 0 0 0
1 -0.007684956231814 -0.477238320398593 -0.719947660901529 0.533699635706845 2.30139912314905 2.88989926453088 0 0 151 0 0 0 0 0 0 0 0 0 0
1 -0.223826148479897 0.948055242496213 -0.312879607809759 3.20743111758429 1.73160105662659 -2.31219175022518 0 0 152 0 0 0 0 0 0 0 0 0 0
1 -1.38142792669686 -0.530020137340112 -0.515513837244237 -2.22977990462693 1.38592909202777 0.309848936443441 0 0 153 0 0 0 0 0 0 0 0 0 0
1 0.294730828045967 0.73092790153549 -0.0131229526607166 -1.06343007360473 -1.95103238685552 1.65544630428935 0 0 154 0 0 0 0 0 0 0 0 0 0
1 0.90459582453441 -0.0227894721964718 -0.805932324633866 0.648837821708639 -4.31431313150097 -1.15434887802965 0 0 155 0 0 0 0 0 0 0 0 0 0
1 -0.640455887179019 -0.0509654741611164 0.107279471947943 1.58124008224235 -3.15474716952472 4.1544505416777 0 0 156 0 0 0 0 0 0 0 0 0 0
1 0.544727545470033 1.81078104349755 -0.0457334272550998 -0.128572101448224 1.98392393262677 -0.143305463748503 0 0 157 0 0 0 0 0 0 0 0 0 0
1 -0.0705007812330868 -0.471464639846589 -0.0771716874357446 1.48455620681083 -4.63661862474402 1.53463191976028 0 0 158 0 0 0 0 0 0 0 0 0 0
1 -0.398635433676807 0.473859252145107 0.159070803172807 -0.25208740749028 -1.43360984631381 1.14624579763571 0 0 159 0 0 0 0 0 0 0 0 0 0
1 -2.72405833145869 -5.44057201685616 -0.636029572885042 0.329253045634645 -0.637069465121667 -0.574221190051056 0 0 160 0 0 0 0 0 0 0 0 0 0
1 -0.489257337816618 0.554385246045466 0.163502672243793 -0.499907153729423 -0.345870451097479 -1.67659362209009 0 0 161 0 0 0 0 0 0 0 0 0 0
1 0.126844662304042 -0.536875702987608 0.53651423791706 0.0620400828680203 -4.66009570491695 0.319013927802155 0 0 162 0 0 0 0 0 0 0 0 0 0
1 -0.0756607672012468 0.163893904194655 -2.25186251874278 0.138281514284286 0.684057590843075 0.289120018452847 0 0 163 0 0 0 0 0 0 0 0 0 0
1 0.30555791075639 0.119074302643786 -0.680748829131417 -2.59115307258585 1.29983176053362 -0.864480924878402 0 0 164 0 0 0 0 0 0 0 0 0 0
1 0.0609776705423952 -0.935945090324806 -0.0308043793334845 -0.758751660919043 -1.48026828650582 -2.95178384631951 0 0 165 0 0 0 0 0 0 0 0 0 0
1 0.903865563935372 -0.622988624489317 -0.0393405988393761 -2.09349839696016 -1.75308476880794 3.59062576775124 0 0 166 0 0 0 0 0 0 0 0 0 0
1 3.29191524333246 0.79983527480102 2.96756513505851 0.523859797269905 0.745951093752605 0.544917003479839 0 0 167 0 0 0 0 0 0 0 0 0 0
1 -0.451530120684423 -0.143473698473211 -0.843182077080824 0.999375176857261 -1.23753813908073 1.13736635244624 0 0 168 0 0 0 0 0 0 0 0 0 0
1 1.49975854774696 1.38197814124248 -0.810463731797616 1.11682143343551 3.27045682892396 1.42419753952309 0 0 169 0 0 0 0 0 0 0 0 0 0
1 -0.829077774351192 -0.0059169136198185 0.189118871371694 -2.87156749659009 1.74344568799572 -0.279381255437515 0 0 170 0 0 0 0 0 0 0 0 0 0
1 1.32927854021483 -0.228095820960851 1.10519876181663 -0.845001163555588 -1.49661261871431 -0.95879125417155 0 0 171 0 0 0 0 0 0 0 0 0 0
1 -3.891707157171 1.18117413993839 -2.38641755852171 0.096944910882766 -0.816848022523201 -0.171448979306938 0 0 172 0 0 0 0 0 0 0 0 0 0
1 0.154768324807337 -0.112983787465798 0.248696547837814 2.94462928544708 0.506775797897154 -2.11709546224806 0 0 173 0 0 0 0 0 0 0 0 0 0
1 -0.190746613702547 1.99691547124792 -0.733231959862705 1.60310897375999 -1.1760584114628 -1.63723962199786 0 0 174 0 0 0 0 0 0 0 0 0 0
1 0.233615930259044 -0.679919692022193 -1.66488806448829 2.29895659131456 0.584826596136376 2.30617407592381 0 0 175 0 0 0 0 0 0 0 0 0 0
1 -1.34027482911197 1.61528797767193 -0.866617252688555 -1.29429905158669 -1.52676979748008 -0.697386523254816 0 0 176 0 0 0 0 0 0 0 0 0 0
1 1.62653653370705 2.04687862928575 -0.315746290724477 0.976589371487415 1.37004550975463 -1.35455865710409 0 0 177 0 0 0 0 0 0 0 0 0 0
1 -0.42041425895802 0.0379462831543855 0.462084979973733 3.90836062345078 -2.34781940836637 1.41237937648211 0 0 178 0 0 0 0 0 0 0 0 0 0
1 0.176817123282079 0.0860698287678879 -0.553675641560588 2.22225638716909 -2.60546708924156 1.31725715921147 0 0 179 0 0 0 0 0 0 0 0 0 0
1 -0.115119776399532 0.0086078712925193 0.241549118029496 0.838046053716645 -1.54602478032684 2.81010621406865 0 0 180 0 0 0 0 0 0 0 0 0 0
1 -0.430228116505219 1.71680324779843 -0.929519585252018 -0.31528445317488 1.04546203403051 -0.396373852043329 0 0 181 0 0 0 0 0 0 0 0 0 0
1 -0.965910434621895 0.238031720462572 -1.12741024800284 -1.27785940511857 -0.314591691036033 0.94919392155765 0 0 182 0 0 0 0 0 0 0 0 0 0
1 -0.557779149767245 -0.0541023212601927 9.2991824419e-06 -2.25974763447736 0.811633983436442 -1.66811547239914 0 0 183 0 0 0 0 0 0 0 0 0 0
1 -0.119871176488066 -0.087942208137213 0.0288055214717733 -0.823066720990045 -3.87239994614774 -5.18656019374503 0 0 184 0 0 0 0 0 0 0 0 0 0
1 0.536221673174442 -0.914796900301809 -0.625603189755339 -0.332993240933298 0.226372852683431 0.695991793825829 0 0 185 0 0 0 0 0 0 0 0 0 0
1 -0.218201902654434 1.06993502003267 -0.124508116761097 1.900268150543 -2.02267921335456 -0.999218892239399 0 0 186 0 0 0 0 0 0 0 0 0 0
1 -0.783516286676271 -0.951672918937947 -0.803667697479809 -0.142947529259634 -1.94186381144564 0.254602700021666 0 0 187 0 0 0 0 0 0 0 0 0 0
1 -0.180184861220288 0.103598968094368 0.369416519223308 -1.4700215065335 0.887795294582041 1.82255802515381 0 0 188 0 0 0 0 0 0 0 0 0 0
1 0.769940827785376 -0.42577653785986 1.04420420107256 -2.24202951405036 -0.458100726160643 1.15791993240439 0 0 189 0 0 0 0 0 0 0 0 0 0
1 -3.68577154402746 -0.249629777949318 3.27919558751915 0.627395568056894 -0.938358195953564 1.30307622972725 0 0 190 0 0 0 0 0 0 0 0 0 0
1 -0.658075754202887 0.452953496789717 -0.0993792119675612 0.294668876261516 -1.74990344897191 -0.883632828964309 0 0 191 0 0 0 0 0 0 0 0 0 0
1 0.338051187720589 0.144790592023071 -0.0312726480778491 -1.75621820570252 0.430387258472963 0.0397906778516141 0 0 192 0 0 0 0 0 0 0 0 0 0
1 -0.7453313018607 0.0754972923503135 1.22500235837639 -1.55782032661148 -1.59462617284794 -0.37707652904174 0 0 193 0 0 0 0 0 0 0 0 0 0
1 -2.53813605168567 -3.50950197373022 1.73768546248574 -1.97384505210826 0.352997752323233 0.232639246359736 0 0 194 0 0 0 0 0 0 0 0 0 0
1 0.811321629250477 -0.528254243188885 0.005913864275929 -2.13826961169541 0.384469226595255 1.45963343460903 0 0 195 0 0 0 0 0 0 0 0 0 0
1 -0.660589051923893 0.63921174681855 5.93343354010444 -0.418871326236938 -1.66638018758323 -0.951430010595734 0 0 196 0 0 0 0 0 0 0 0 0 0
1 0.552405875745723 1.15955427851505 -0.134839821428747 -0.860653843589908 0.55749348435012 -3.5890086807438 0 0 197 0 0 0 0 0 0 0 0 0 0
1 -0.0672649766479172 -0.349503835016445 0.229173985088457 -3.46286904197909 -1.01447408387688 -0.255055618090753 0 0 198 0 0 0 0 0 0 0 0 0 0
1 0.689527934229408 2.27036281360145 -1.49706917621271 0.0108608639581777 1.39611757571526 0.0148195989554602 0 0 199 0 0 0 0 0 0 0 0 0 0
1 1.63432905490603 0.854220984442749 -0.215342450846725 1.04967126156575 1.45852622479445 -1.13559011244184 0 0 200 0 0 0 0 0 0 0 0 0 0
1 -0.884237730047172 0.270605657974154 -0.101391422284668 2.59598158566496 0.142593493109511 0.147121918152338 0 0 201 0 0 0 0 0 0 0 0 0 0
1 0.30567028075405 0.40893624747966 -0.329880918359361 2.29515083804421 -3.67891770023056 -1.88735035976965 0 0 202 0 0 0 0 0 0 0 0 0 0
1 0.117479224019031 -0.127486796176188 0.0629166778257343 1.46919937112257 0.880398106911389 -2.01671965891825 0 0 203 0 0 0 0 0 0 0 0 0 0
1 -0.217650202252665 -0.929723176661017 0.697430732899065 0.475051507238516 1.82032383837351 -1.34701586056968 0 0 204 0 0 0 0 0 0 0 0 0 0
1 -1.18802849296067 1.30376441786724 0.820989622982147 1.73628993086018 -1.02888540841932 0.235507341802798 0 0 205 0 0 0 0 0 0 0 0 0 0
1 -2.82157114378555 1.94529443685071 0.318102273709799 1.19117245780733 -0.995281809901936 0.239615094290126 0 0 206 0 0 0 0 0 0 0 0 0 0
1 -0.136102273662613 -0.0967856658887358 0.403404911301991 3.909097451828 -2.01444543604736 -1.83409256234116 0 0 207 0 0 0 0 0 0 0 0 0 0
1 0.167002269803012 0.332963315993166 -0.0814692935861623 -2.54656405893949 1.7018213581118 2.01879245583355 0 0 208 0 0 0 0 0 0 0 0 0 0
1 -0.160453032735466 -0.451119836519262 -0.011718965512286 0.74407271371545 -3.04089630169272 2.97997278148234 0 0 209 0 0 0 0 0 0 0 0 0 0
1 -0.105962440240222 -1.24278895031135 0.215081773309556 -1.32960888400958 -1.6589640707356 0.628829161008529 0 0 210 0 0 0 0 0 0 0 0 0 0
1 -1.18245545025548 -0.507948035875058 -0.236697899486763 -0.364295306133787 -1.41726012917722 1.7629356946299 0 0 211 0 0 0 0 0 0 0 0 0 0
1 -0.352839683100228 -0.972507056887763 0.193748105144299 -3.59240061756471 -1.75713010775213 1.42905983608287 0 0 212 0 0 0 0 0 0 0 0 0 0
1 2.37688369305639 -0.10089720336215 -0.276623886382163 2.69708083594981 -0.361581142385239 -0.729611228641418 0 0 213 0 0 0 0 0 0 0 0 0 0
1 0.32050668710616 -1.17942878088646 -0.0444532421761404 1.71423946297492 0.625827657345489 1.97315664174148 0 0 214 0 0 0 0 0 0 0 0 0 0
1 -0.397436778465742 0.323582691970849 -0.978753684122277 -0.52896128905032 -0.483087244372795 2.78553543551721 0 0 215 0 0 0 0 0 0 0 0 0 0
1 -0.216918518402606 0.955881349274235 -0.406691106300599 1.21067243202957 0.0600707009792127 -0.258200306082209 0 0 216 0 0 0 0 0 0 0 0 0 0
1 0.182629146779746 -0.507558655801402 0.744772404805924 2.99457602399795 -4.13907370370031 -1.21974510989961 0 0 217 0 0 0 0 0 0 0 0 0 0
1 -2.00156539098544 -1.05804464180207 0.0435749468486652 -0.472299715357087 0.159868628231878 -0.353777867927409 0 0 218 0 0 0 0 0 0 0 0 0 0
1 0.122492889969606 -0.604617864049521 0.122922384106927 1.15313868599096 -0.0420937749172844 -1.94421903922626 0 0 219 0 0 0 0 0 0 0 0 0 0
1 -2.05272485890637 -3.11488803384568 7.64459947626431 1.24939126105568 0.0466571383006037 0.203368566251923 0 0 220 0 0 0 0 0 0 0 0 0 0
1 0.435102156174601 -0.608198505377398 -0.726749584612801 -0.451387934569961 0.562454097138551 1.27020193508758 0 0 221 0 0 0 0 0 0 0 0 0 0
1 0.186881526058704 0.369181826445999 0.25225644987639 1.79227316909657 1.76554094609591 0.38854803551214 0 0 222 0 0 0 0 0 0 0 0 0 0
1 -0.307441116818561 0.0588345005020334 -0.115200237393238 1.13135867453122 -2.03746934203899 1.51467699373844 0 0 223 0 0 0 0 0 0 0 0 0 0
1 -0.268086728888227 3.42049854045046 6.17170617634067 0.234958324643589 -1.32891178400513 -0.483680837432473 0 0 224 0 0 0 0 0 0 0 0 0 0
1 -0.189735005850119 -0.88329951848696 0.687569891977753 1.16970350931946 0.456021035354481 3.87290372447532 0 0 225 0 0 0 0 0 0 0 0 0 0
1 0.137719034935617 -0.639565885831969 3.39447231526638 0.41066650028114 -0.802806964039952 -0.784342063982996 0 0 226 0 0 0 0 0 0 0 0 0 0
1 1.9096918737137 -0.186681683135089 0.379553555350439 -1.25791389704579 1.24876840430099 2.0989105378135 0 0 227 0 0 0 0 0 0 0 0 0 0
1 -0.117039669990018 -0.394720000683361 -0.541778969940972 1.12982330083242 -3.88405306381521 0.668528835881228 0 0 228 0 0 0 0 0 0 0 0 0 0
1 -0.372166555847575 -0.335900422329195 -0.430047609495077 -1.41320597555669 3.15689359042883 2.90276922115814 0 0 229 0 0 0 0 0 0 0 0 0 0
1 0.230865644635361 -0.292231467840938 -0.548579454421441 2.68099285906579 0.280539788621222 -1.17028720154374 0 0 230 0 0 0 0 0 0 0 0 0 0
1 -1.3506067192166 -0.977095148331001 -0.539626782799067 -0.675320664297726 -0.652523419590783 -2.49632096675096 0 0 231 0 0 0 0 0 0 0 0 0 0
1 -0.007823107405901 0.345310753550652 -0.0782848583163302 -0.77301164918676 -1.53665290191659 -0.064405859836656 0 0 232 0 0 0 0 0 0 0 0 0 0
1 -0.269081798070274 -0.130705708171686 -0.496569554679362 -2.13044930987531 3.32390710053313 0.153232547986097 0 0 233 0 0 0 0 0 0 0 0 0 0
1 -0.364170968755781 1.52693295443556 0.861212560837193 -2.37400339014869 -0.680290969693917 -2.49796513228408 0 0 234 0 0 0 0 0 0 0 0 0 0
1 -1.09017696094725 -0.152853774932178 -0.390806725239466 1.12093741234342 0.391617331530307 -1.06241495292087 0 0 235 0 0 0 0 0 0 0 0 0 0
1 0.963537565708084 -0.135709908232425 -0.96291290198623 0.336280085264985 -1.31600495206086 0.00664805746321025 0 0 236 0 0 0 0 0 0 0 0 0 0
1 0.526279371126089 0.472085862358935 0.287196792695325 -1.4700564476393 -0.10012617647601 1.22597047067473 0 0 237 0 0 0 0 0 0 0 0 0 0
1 0.191601603310419 -0.0724982676838274 -0.140430401587391 0.796912097906097 2.5154345168553 1.45147847156918 0 0 238 0 0 0 0 0 0 0 0 0 0
1 0.380304908188578 2.05424478583761 2.75694594905969 -1.32719039854848 -2.64031761942896 0.46426069019333 0 0 239 0 0 0 0 0 0 0 0 0 0
1 0.62127278004071 -0.159207866244636 -2.12313121899368 0.613123630665721 2.397265937605 -2.26112755079654 0 0 240 0 0 0 0 0 0 0 0 0 0
1 0.488342226539671 0.177123573074953 -0.122984335629078 -2.25522696675277 1.57347489918749 0.989420157376114 0 0 241 0 0 0 0 0 0 0 0 0 0
1 0.792741360657434 -2.38562653107886 1.76887676802126 -0.497021985564514 -1.51378160301082 -1.77073740542669 0 0 242 0 0 0 0 0 0 0 0 0 0
1 -0.0270012603964442 0.0966430439566265 -0.700880357821143 -1.75624656095071 0.3310617312233 -0.817145056534196 0 0 243 0 0 0 0 0 0 0 0 0 0
1 -0.109723251297761 -0.0394585659509874 -0.231920287730446 1.97535008176775 -1.63517699275723 5.69080662116157 0 0 244 0 0 0 0 0 0 0 0 0 0
1 -0.673397987737577 -0.258285835459672 -0.712065810422923 -1.18635230148741 1.78253267033375 3.76666713231056 0 0 245 0 0 0 0 0 0 0 0 0 0
1 -1.25026009335955 0.353122673822428 0.096217023490866 -0.596763633250949 -2.06670716192345 -1.27378538999223 0 0 246 0 0 0 0 0 0 0 0 0 0
1 0.0033432379228757 -0.401159765003983 -0.143411402247717 -0.524484039726124 1.17426444291431 -0.946567364899614 0 0 247 0 0 0 0 0 0 0 0 0 0
1 -1.17272930437762 0.717807979593769 0.582500377851125 -3.07694992513173 -0.732990706361037 2.70155895957112 0 0 248 0 0 0 0 0 0 0 0 0 0
1 -0.0204855479401086 -0.877443473566506 -0.327248065065938 -4.02567675528787 -0.38546914973367 -0.311409532221719 0 0 249 0 0 0 0 0 0 0 0 0 0
1 -0.278239560585929 -0.316350420349876 1.24979303624015 -1.7074041356284 -1.44552320480224 1.27004690820155 0 0 250 0 0 0 0 0 0 0 0 0 0
1 -0.0910269217525197 -0.601498176515674 -1.48427449745818 2.12067709842306 -1.64396153271662 -1.65381585520947 0 0 251 0 0 0 0 0 0 0 0 0 0
1 -0.452772998185913 0.337230046166191 0.0508383186526093 3.09266467824533 -1.48782945012863 0.026009924028162 0 0 252 0 0 0 0 0 0 0 0 0 0
1 -0.469017234689569 -0.256664659169318 -0.177141103904904 1.6381187994686 1.60993709610933 -1.66299168403095 0 0 253 0 0 0 0 0 0 0 0 0 0
1 0.637777528566165 -0.141238855520363 0.735260290254506 0.716676144755303 -0.520990310192556 0.464054920175091 0 0 254 0 0 0 0 0 0 0 0 0 0
1 0.28186009166889 0.476795085966611 0.357553073735949 -0.179089452693784 -2.1677739357742 2.57449292840501 0 0 255 0 0 0 0 0 0 0 0 0 0
1 0.734231474648108 0.349624969831766 -0.951927858265562 0.313247328411808 -3.0455688510666 0.415371760654551 0 0 256 0 0 0 0 0 0 0 0 0 0
1 0.50731099877977 -0.315408556605755 -0.241479132736681 0.0578542253261859 -0.482291942108553 -0.201810678535995 0 0 257 0 0 0 0 0 0 0 0 0 0
1 0.756856055430178 -0.445850660207513 -1.45382007300422 -1.15452581977316 0.651836135515444 -0.840066034504212 0 0 258 0 0 0 0 0 0 0 0 0 0
1 -0.122483148927955 -0.407141330901031 -0.160345165315234 -0.822196181524747 2.70448127268698 -0.0374042804804223 0 0 259 0 0 0 0 0 0 0 0 0 0
1 0.108423021320013 -0.494550260056434 0.242466487207468 2.67441312733319 1.59471164754216 -4.10414545789308 0 0 260 0 0 0 0 0 0 0 0 0 0
1 1.01916529406055 -0.652905373442986 1.17209824131573 -2.19668819071434 0.679708272904515 -0.288829028905917 0 0 261 0 0 0 0 0 0 0 0 0 0
1 -0.289428249013328 -0.46223280604429 -0.966898682893509 -0.500939038481997 1.09500614493034 2.78082499203492 0 0 262 0 0 0 0 0 0 0 0 0 0
1 -0.324844290797297 0.550116112653079 -0.273810988724479 -0.867365800146088 -1.70710143868252 -3.45709387145257 0 0 263 0 0 0 0 0 0 0 0 0 0
1 1.25266483432871 0.886960091531494 -2.27338277391632 -1.3728950087856 0.589754050096879 2.10886599681029 0 0 264 0 0 0 0 0 0 0 0 0 0
1 0.0787336946971212 -0.556121212216724 -0.0799306184241087 0.491048743841725 -2.46063700322533 1.26772532650027 0 0 265 0 0 0 0 0 0 0 0 0 0
1 0.283389052828861 -0.264019912784173 0.0498542111737995 0.599028510018743 -1.71453607159355 3.09484884315872 0 0 266 0 0 0 0 0 0 0 0 0 0
1 0.838414355449965 0.996324082331293 -0.0938800973819823 -0.905863796334166 -1.20638340938356 2.34079434280608 0 0 267 0 0 0 0 0 0 0 0 0 0
1 -0.623871361639585 0.127132601358079 -0.0849935999701609 4.24251771910024 -2.46998250031959 1.87023723695431 0 0 268 0 0 0 0 0 0 0 0 0 0
1 -0.324676747752531 -0.544735273930252 1.92826820929164 -0.201947090193584 -1.1542848013095 0.364951058602286 0 0 269 0 0 0 0 0 0 0 0 0 0
1 0.163739012372696 -2.38761423551575 1.74927137130526 -0.833836363550102 -1.14580844311427 2.25058188265679 0 0 270 0 0 0 0 0 0 0 0 0 0
1 0.0340439828691148 -0.332477790672059 0.457815391158289 2.5680638043847 -2.65133601995098 -0.142327062760487 0 0 271 0 0 0 0 0 0 0 0 0 0
1 -0.575428902066286 0.801260390696868 2.73724995480276 0.994679431540986 0.220688051990996 -1.08895701766712 0 0 272 0 0 0 0 0 0 0 0 0 0
1 0.683856558963679 0.311849683041048 -1.06731876436195 0.337619539821536 -0.936473255952218 0.528211759341375 0 0 273 0 0 0 0 0 0 0 0 0 0
1 -0.230772435965775 -0.849999757688604 -1.63307215213127 2.77535214751955 -0.0315759400384425 -0.618972832128858 0 0 274 0 0 0 0 0 0 0 0 0 0
1 -1.51492592025532 1.20847900014353 -2.17282935335986 0.889301957459455 1.75901302063729 0.288780079981532 0 0 275 0 0 0 0 0 0 0 0 0 0
1 2.09296672325215 -0.920726035782698 -0.987276583557081 -0.29235232070231 -0.00359389014790313 -2.63817171877439 0 0 276 0 0 0 0 0 0 0 0 0 0
1 0.626535898190823 -2.89379909843118 0.157159003555272 -0.437651698823537 0.14273487358849 0.782806783326327 0 0 277 0 0 0 0 0 0 0 0 0 0
1 -3.16129328604561 -1.18498008082103 0.130288242990488 0.179341609398426 -1.81063307659642 0.040226556857741 0 0 278 0 0 0 0 0 0 0 0 0 0
1 1.35214045504493 1.42396812596818 -1.460455559021 -0.282936654797865 -2.49476633557198 -2.35765959680928 0 0 279 0 0 0 0 0 0 0 0 0 0
1 0.150756612829517 0.362388105905677 -0.477912784219407 -1.230524803099 0.192957102491347 3.32017921122822 0 0 280 0 0 0 0 0 0 0 0 0 0
1 1.72602851894531 2.89863500057452 2.22836688502279 -0.684751165751027 0.156208596500137 -0.178289130968652 0 0 281 0 0 0 0 0 0 0 0 0 0
1 0.0077350704141559 0.525234699037014 0.100225948194339 -2.28838221300474 0.724726501616195 0.579493435645459 0 0 282 0 0 0 0 0 0 0 0 0 0
1 -0.204556856078422 0.146520791109742 -0.0576318530958603 -0.803340610303391 -2.93667585203675 1.58694055521884 0 0 283 0 0 0 0 0 0 0 0 0 0
1 -0.0960224170274948 0.40715468096764 -0.0068303422988534 -0.698316369580585 1.6484304357629 -1.6459642881964 0 0 284 0 0 0 0 0 0 0 0 0 0
1 -1.1730960335621 0.4990875434411 -0.464099476858934 -2.25452145193413 -0.0572653916937817 2.53299473774915 0 0 285 0 0 0 0 0 0 0 0 0 0
1 -0.0767925855398599 -0.139336186894314 -0.0097310303048487 0.7266633760026 5.15416607899336 2.50840761313638 0 0 286 0 0 0 0 0 0 0 0 0 0
1 0.880691820119819 -0.225548934630914 -1.867085994814 0.653396668618626 -1.88378535279746 2.48136061869769 0 0 287 0 0 0 0 0 0 0 0 0 0
1 -0.162915740565544 0.369315412675368 0.159859729913327 -0.447751942595384 2.34837945224712 -2.07707885388975 0 0 288 0 0 0 0 0 0 0 0 0 0
1 -3.84999476168718 -1.11530027682801 -0.566630806348035 -1.47262422486058 0.750376928511837 2.28158645330215 0 0 289 0 0 0 0 0 0 0 0 0 0
1 0.328566529005532 1.18473323285974 -1.29047049243048 -1.02882579976804 -0.0931766849601141 -2.28884885349506 0 0 290 0 0 0 0 0 0 0 0 0 0
1 0.136194833110274 -0.242288389984319 -0.537771860982955 3.06557263382646 1.25935534406992 -2.59649075508405 0 0 291 0 0 0 0 0 0 0 0 0 0
1 1.22024757437174 1.68048537272688 -0.408972593470753 0.12944049450557 1.56300015410249 0.108009146406686 0 0 292 0 0 0 0 0 0 0 0 0 0
1 0.0334367700707692 0.197963714881308 -0.170426360146962 -4.01768964753513 -0.45147555811178 -3.06896283811365 0 0 293 0 0 0 0 0 0 0 0 0 0
1 1.04466262998931 -0.868717981431657 -0.47868773949473 0.0227932738686617 -0.781285895604146 -1.76320379466976 0 0 294 0 0 0 0 0 0 0 0 0 0
1 1.89592501409083 -0.0437409502944189 -0.571611212126209 -1.32723488882108 0.107732520180197 1.63866689636029 0 0 295 0 0 0 0 0 0 0 0 0 0
1 -0.270311915562582 1.38663509514874 -0.335010435683276 0.405395053089294 -2.96229475367767 -1.24255813708339 0 0 296 0 0 0 0 0 0 0 0 0 0
1 -0.345352681736201 0.299467676539876 0.0966820244663574 3.79083401863468 0.434837550031768 -0.749149148550685 0 0 297 0 0 0 0 0 0 0 0 0 0
1 0.129455673067443 -0.180746328142391 -0.745204168576325 0.365549191578775 0.234752580577379 2.96658864998466 0 0 298 0 0 0 0 0 0 0 0 0 0
1 0.212469312829822 -0.264130702972764 -0.855006619067107 -0.854825341831833 -0.957962366858593 0.203175409458618 0 0 299 0 0 0 0 0 0 0 0 0 0
1 0.315543309632765 0.0099010611900349 0.158876651746107 -1.72485495513736 -4.42758207906312 -2.29793398170516 0 0 300 0 0 0 0 0 0 0 0 0 0
1 -3.87132062155844 0.176542127544724 0.972113998432978 0.131304907942881 -0.791044619573143 0.871668411206294 0 0 301 0 0 0 0 0 0 0 0 0 0
1 -1.0167529075846 -0.0623276447121957 -0.0287342356295872 0.0577276182533337 -0.960034699348073 -0.577640414517049 0 0 302 0 0 0 0 0 0 0 0 0 0
1 0.542099904964746 -0.308932798191303 -1.87013389250705 -0.222641199213904 -1.39736429552056 1.0624682615867 0 0 303 0 0 0 0 0 0 0 0 0 0
1 -2.41930199436418 -0.345604100690706 -1.69390654242326 0.265113966130341 -1.15843092151657 -1.74610609687406 0 0 304 0 0 0 0 0 0 0 0 0 0
1 1.47540663849861 -0.962022028739587 0.785078645746715 0.530396308998123 0.815307595000776 0.433944643914207 0 0 305 0 0 0 0 0 0 0 0 0 0
1 -0.43608674385685 -0.346630170332899 -0.833885022668474 -0.392563491585079 -1.57159917035054 4.92226403953688 0 0 306 0 0 0 0 0 0 0 0 0 0
1 -0.39277150381665 0.934755421441255 1.51699908478672 0.913772771664792 -0.0362352561063845 -3.1929434413249 0 0 307 0 0 0 0 0 0 0 0 0 0
1 -0.138241437032816 -0.559473471350848 0.615905331232991 -0.37598033859336 -0.258274354994451 1.90240176032445 0 0 308 0 0 0 0 0 0 0 0 0 0
1 0.919622466995018 1.03660625382452 -0.46099896214243 0.380064327922487 -1.5194319164333 -0.826790392044247 0 0 309 0 0 0 0 0 0 0 0 0 0
1 0.863688762977478 -0.0951323879955987 0.624969210742824 -1.79665160728827 -1.52658384768457 -3.00165052763318 0 0 310 0 0 0 0 0 0 0 0 0 0
1 -0.276571428558608 -0.430782116717577 -0.133766611739115 3.37599826668396 -2.85166261838733 -2.08474447104011 0 0 311 0 0 0 0 0 0 0 0 0 0
1 0.788865095415845 0.276895914169848 1.02253891727919 -2.07879498838283 -0.126375943155502 -1.62376976888469 0 0 312 0 0 0 0 0 0 0 0 0 0
1 -0.194712935515882 -0.585019031647767 -0.856575678136163 -1.85585806715867 2.24474012803552 -1.49053963903721 0 0 313 0 0 0 0 0 0 0 0 0 0
1 -0.223675921971531 0.604856221036406 0.587973018199364 0.880326776486305 -0.723136297483969 1.72800784396467 0 0 314 0 0 0 0 0 0 0 0 0 0
1 0.220546103439146 0.196852802795322 -0.0855409651318692 -1.39495217093624 -1.34321604830268 -1.37564681381183 0 0 315 0 0 0 0 0 0 0 0 0 0
1 -0.776045298128764 0.0165354036944474 1.97383426849106 0.686195776718314 0.385348492279198 1.3356760734036 0 0 316 0 0 0 0 0 0 0 0 0 0
1 0.483551613228218 -0.504440453428208 0.101339428622604 5.25774559748059 0.223636633152948 0.588519195356246 0 0 317 0 0 0 0 0 0 0 0 0 0
1 0.158472451649457 0.0063387104643464 0.330610872013745 0.260727953987204 2.28175083566383 0.347099637394362 0 0 318 0 0 0 0 0 0 0 0 0 0
1 -0.786235172998852 -0.550799545181378 -1.03927571853861 2.92642133152031 0.206915156434319 0.64687592319464 0 0 319 0 0 0 0 0 0 0 0 0 0
1 -4.29073443906093 3.11431993823886 -0.848902968533291 0.205955812975242 0.0966959844405634 -1.10359253002428 0 0 320 0 0 0 0 0 0 0 0 0 0
1 1.33645146105627 -0.120456920765443 2.73852003542626 0.633856467639635 1.89754653347469 -1.3490543678507 0 0 321 0 0 0 0 0 0 0 0 0 0
1 -0.20938680319807 -0.246937041810421 0.186003228218456 -0.0754544832205883 1.18552258845421 -4.71790498419935 0 0 322 0 0 0 0 0 0 0 0 0 0
1 -0.269300063074619 -0.0491783691989209 -0.419369755578747 4.00875772222054 -2.57223724962288 1.13275475878323 0 0 323 0 0 0 0 0 0 0 0 0 0
1 -0.186472456248663 0.316514038476318 -0.858877784473323 3.60680816848933 1.45985326572198 -3.66572651234347 0 0 324 0 0 0 0 0 0 0 0 0 0
1 -0.0447808006284974 -1.62361639560796 0.385318773547465 3.60078803517721 -1.53176827631793 -0.280936293883389 0 0 325 0 0 0 0 0 0 0 0 0 0
1 -0.467006681209103 -0.296864627070148 -0.734434277416111 -1.65502128516859 0.00733831804102771 -0.281439852731505 0 0 326 0 0 0 0 0 0 0 0 0 0
1 0.0572861650098075 -0.366864179771952 0.350012901246453 0.810731729162941 0.0667191043761927 1.35277090978691 0 0 327 0 0 0 0 0 0 0 0 0 0
1 -0.511569894933595 0.730971432526968 -0.663577514241835 0.509418470081109 0.56842267168454 -0.0431207761886535 0 0 328 0 0 0 0 0 0 0 0 0 0
1 -0.32026679734007 0.366162488120014 1.65238649783408 0.254728392160756 0.127125753784676 -1.12694367701758 0 0 329 0 0 0 0 0 0 0 0 0 0
1 0.0927381325554029 -0.122299141433163 -0.457756112951231 0.277244848341906 -1.88302183413529 -1.59780954890362 0 0 330 0 0 0 0 0 0 0 0 0 0
1 -0.891478758879686 0.123553343391484 2.78713461586281 -0.79032577837167 -1.50838315738254 0.365729521232636 0 0 331 0 0 0 0 0 0 0 0 0 0
1 0.423063228836098 0.326843089794654 -0.863649075250735 -2.32109536422514 2.84545996606301 -0.35291824260958 0 0 332 0 0 0 0 0 0 0 0 0 0
1 -1.05821642540497 -1.28738369870552 -1.41311041501466 1.57384838606458 1.75351272099469 -0.252646561070682 0 0 333 0 0 0 0 0 0 0 0 0 0
1 0.787901418673097 0.0205939767169632 0.924765714913978 1.06765012686757 1.32792477504474 0.435993514716037 0 0 334 0 0 0 0 0 0 0 0 0 0
1 0.881721367086258 0.628597104019029 0.832641380400926 0.45240204603432 2.67450570135486 -1.03996483294358 0 0 335 0 0 0 0 0 0 0 0 0 0
1 -0.319203428494778 0.492926832363683 -0.755096263078143 -0.952111483117898 -1.82549413055698 0.0171791424983575 0 0 336 0 0 0 0 0 0 0 0 0 0
1 -3.01745028764741 0.372770201854602 -3.41877072914166 0.0173014627561514 -0.336796882970118 1.70927157930389 0 0 337 0 0 0 0 0 0 0 0 0 0
1 0.588353399724519 -0.744617914236804 0.395068098023027 2.13835086769739 3.49993104881927 1.44952582450669 0 0 338 0 0 0 0 0 0 0 0 0 0
1 0.427542556393776 0.160454174323945 -0.448215803068194 -1.35140210773526 0.326389529171547 -1.05429762618498 0 0 339 0 0 0 0 0 0 0 0 0 0
1 -1.4753423979786 0.202161693137643 -0.13912795765861 -0.257060177741312 1.58289605764208 2.12469688411771 0 0 340 0 0 0 0 0 0 0 0 0 0
1 -0.122473343141822 -0.954600064412668 -1.44419713161749 -1.09494602788855 -2.14507817532648 2.29570437862497 0 0 341 0 0 0 0 0 0 0 0 0 0
1 0.170963371528818 -0.727015939350077 -0.0807080912966094 -1.08986431121124 -0.292985032867516 0.480306378967467 0 0 342 0 0 0 0 0 0 0 0 0 0
1 0.539628159020194 0.0094004729878303 -0.948408058622762 -1.97792975518872 -0.421823017809719 1.17351785343054 0 0 343 0 0 0 0 0 0 0 0 0 0
1 -0.272434669498723 0.148703303452122 -0.173296770963781 3.0555596537462 1.04997986808416 2.2486783059671 0 0 344 0 0 0 0 0 0 0 0 0 0
1 -2.53907869345755 3.91758716152896 -0.103912988513287 -1.84001540948835 -0.917126983611773 -1.20661251388904 0 0 345 0 0 0 0 0 0 0 0 0 0
1 -0.451450971425389 0.626909219899849 -2.12057436658588 0.817125974023976 -1.03719802195394 1.89509560209005 0 0 346 0 0 0 0 0 0 0 0 0 0
1 -0.618394574311113 -2.83096766795883 -0.79576127293921 0.047388598905004 -0.530674302114855 -1.27922994930316 0 0 347 0 0 0 0 0 0 0 0 0 0
1 -0.215453674969793 -1.42532784760949 0.0382240834907761 1.03942523530554 -2.70072251593239 0.327019647861107 0 0 348 0 0 0 0 0 0 0 0 0 0
1 0.472171013594886 0.30324463318093 -0.0975958540763967 -0.102924658419837 -4.61035999120735 3.09140675523891 0 0 349 0 0 0 0 0 0 0 0 0 0
1 -1.7466828326609 -2.71211920854691 -1.22398675377324 -0.443920737739765 0.490742053919376 -0.717167334264941 0 0 350 0 0 0 0 0 0 0 0 0 0
1 -0.676888863746952 6.88971504658763 -0.331151436605623 1.57130337405282 0.278798946869575 -0.585318132007735 0 0 351 0 0 0 0 0 0 0 0 0 0
1 -0.817904630249137 0.421893218776711 -1.86515363831479 -0.92608215607662 0.217397545625068 3.42213566545524 0 0 352 0 0 0 0 0 0 0 0 0 0
1 -0.1246111593513 0.97593207846982 -0.0883940927897428 3.96159165475794 2.23305867606335 -0.102279225266397 0 0 353 0 0 0 0 0 0 0 0 0 0
1 -0.245525094415204 0.523448386502541 -0.382414797121317 0.943509151557794 -1.2261884332402 2.65039162338907 0 0 354 0 0 0 0 0 0 0 0 0 0
1 0.931490803962036 2.11022669606736 -1.95405878043124 -0.326620670499969 -1.28069093502982 2.22463229848561 0 0 355 0 0 0 0 0 0 0 0 0 0
1 0.547224673719951 0.862029929396831 0.0810687917367125 0.574556222037093 -3.08380021637129 -2.28576267054234 0 0 356 0 0 0 0 0 0 0 0 0 0
1 0.93106758551276 -0.331759679014298 1.68623355265922 0.969632353262956 -0.067006840330961 -1.67167338001452 0 0 357 0 0 0 0 0 0 0 0 0 0
1 -0.134148908842072 -1.74652860492977 -0.663290077002849 -2.42972907829009 1.55462667649165 -1.72828133948698 0 0 358 0 0 0 0 0 0 0 0 0 0
1 -0.329799643671154 -0.23452039153604 0.464833680885028 -0.582845818206687 -0.393786497818359 0.531420465316271 0 0 359 0 0 0 0 0 0 0 0 0 0
1 -4.02003723529569 -2.48123556904007 -8.66399322685948 -0.652326907806706 0.948604144543474 0.0867128783222206 0 0 360 0 0 0 0 0 0 0 0 0 0
1 -2.95022058587108 -1.42583905935234 -1.44618684760404 0.914446253503797 1.58132173695075 1.36266068092361 0 0 361 0 0 0 0 0 0 0 0 0 0
1 -0.0066364746220504 -0.839788838380845 -0.0630772588298942 -2.90629448779263 -3.01855861504623 -0.195559089268668 0 0 362 0 0 0 0 0 0 0 0 0 0
1 0.525295910785527 0.581826648798797 0.921951326023501 -1.74519921837391 -0.644166168639572 0.358218597260332 0 0 363 0 0 0 0 0 0 0 0 0 0
1 3.14468832812818 0.966570666338355 -0.179365848477459 -1.9318865041813 1.16770212786996 0.616756860830245 0 0 364 0 0 0 0 0 0 0 0 0 0
1 -0.888113249573268 1.48014841214895 -1.08877707666654 1.20044807522322 0.346004019430011 -0.72177022678312 0 0 365 0 0 0 0 0 0 0 0 0 0
1 0.148331576852317 0.945254827401307 0.250768484578143 1.84931207590176 -0.811146108102135 -2.27459202521208 0 0 366 0 0 0 0 0 0 0 0 0 0
1 -0.101239660211636 -0.127478763026015 0.249426938122777 3.34679214460613 -0.673243403841099 1.22843463563931 0 0 367 0 0 0 0 0 0 0 0 0 0
1 0.560415042206568 0.989588034924818 0.265001681938714 -0.563914851160956 0.0609447176037749 -0.504816125515203 0 0 368 0 0 0 0 0 0 0 0 0 0
1 -0.614456682616884 0.448734516639757 -1.82984868727353 -1.34804994736771 -0.752030812955779 2.88512090628572 0 0 369 0 0 0 0 0 0 0 0 0 0
1 -0.261032795868394 -0.412210743312295 -0.470991554787868 0.27429374791848 -1.24424207927758 2.64851412286793 0 0 370 0 0 0 0 0 0 0 0 0 0
1 -0.0076657475966157 -0.16831777122893 -0.19174139332146 -1.24722408437076 2.31935306274002 0.961242079494738 0 0 371 0 0 0 0 0 0 0 0 0 0
1 1.64830136263919 0.572034535235575 -0.691577666430669 0.573313033528797 -2.2384029857252 2.06960668305505 0 0 372 0 0 0 0 0 0 0 0 0 0
1 -0.863996640459601 -0.637081182972867 -0.0894143425376344 0.446992139786079 0.0184023411184179 1.19965161472372 0 0 373 0 0 0 0 0 0 0 0 0 0
1 -0.51119262213322 0.384525556135905 -0.702782276866544 1.19820878345666 -2.6296138268168 2.82694323151486 0 0 374 0 0 0 0 0 0 0 0 0 0
1 -1.25906929208204 0.319844211266968 -0.420187091684261 1.27783780164673 0.37958989998567 0.864238773766403 0 0 375 0 0 0 0 0 0 0 0 0 0
1 0.427417854744162 -0.0832038590551272 -0.959364670313982 0.975804048176321 0.670788590218825 2.29227167786272 0 0 376 0 0 0 0 0 0 0 0 0 0
1 1.04596989768994 1.05419457781004 -2.48203775621978 1.55755335845189 -1.48362771082712 -0.982871489760591 0 0 377 0 0 0 0 0 0 0 0 0 0
1 -0.17274821253817 0.146218240032097 0.137974054218377 0.695390173345418 1.28752149741715 -1.1236487742149 0 0 378 0 0 0 0 0 0 0 0 0 0
1 -0.29996476434815 0.0095310206496416 -0.171543594334254 -5.04966393450336 2.5181509281607 -0.420638742535702 0 0 379 0 0 0 0 0 0 0 0 0 0
1 4.30620881702305 -1.17967267009752 1.37604817393406 0.786001859333637 -1.31419812363457 -0.350338796700371 0 0 380 0 0 0 0 0 0 0 0 0 0
1 -0.220791564106165 -0.0981416604307753 -0.366514200789311 1.57623687704177 1.90934270928873 0.836234628922263 0 0 381 0 0 0 0 0 0 0 0 0 0
1 -0.445960571367008 1.83318797742929 1.6279702147171 -0.72036395887381 1.04181144279408 1.44685935952212 0 0 382 0 0 0 0 0 0 0 0 0 0
1 -1.12279729579356 -0.614454350612697 0.258346817516763 1.00101726892048 1.39903690897115 -3.41092886742498 0 0 383 0 0 0 0 0 0 0 0 0 0
1 -0.829834680009485 -0.637089525449707 0.0061958270493956 -0.00246597713105062 3.27398563056874 2.15272599195989 0 0 384 0 0 0 0 0 0 0 0 0 0
1 0.691707093568739 0.0424104921398671 -1.15475369678391 1.75908600732359 -1.07489194232416 -0.750115397698409 0 0 385 0 0 0 0 0 0 0 0 0 0
1 -0.114705616757647 -0.36897087595037 0.585761272981372 -1.37530898142964 -0.724301760533029 -0.364468887642752 0 0 386 0 0 0 0 0 0 0 0 0 0
1 1.03468519477943 0.82083449517102 0.853541246683722 0.415209634446406 -2.42632466278196 -0.106619090842309 0 0 387 0 0 0 0 0 0 0 0 0 0
1 0.399771479921331 -0.30911146615494 0.317905449911311 -0.478496325927726 -3.59533832924594 -0.471360138617873 0 0 388 0 0 0 0 0 0 0 0 0 0
1 0.195082505510067 -0.239745581950108 -0.0630920905510057 2.07199593346518 0.881636313905328 -3.51959638919272 0 0 389 0 0 0 0 0 0 0 0 0 0
1 -0.88212474120912 0.653791899679925 0.296251454221567 -0.239034498111257 -0.280051794937713 -0.897303204779731 0 0 390 0 0 0 0 0 0 0 0 0 0
1 -0.381766429348768 -0.137614419470183 0.469595429278503 -1.09843872102671 1.51396657537577 0.508851166662361 0 0 391 0 0 0 0 0 0 0 0 0 0
1 -0.326568181408689 -0.794444753359131 1.28013893871978 -0.251899816124996 1.64411427406366 0.400806549744525 0 0 392 0 0 0 0 0 0 0 0 0 0
1 -2.39999792340808 -0.427848192751095 -1.11350255489772 0.272105692224138 1.59847774160877 -0.0233695382304029 0 0 393 0 0 0 0 0 0 0 0 0 0
1 0.894360351107111 -0.0080227689043916 -0.184892657807346 -0.306300700861556 3.54217807699242 -0.647183797787796 0 0 394 0 0 0 0 0 0 0 0 0 0
1 -1.43605138824339 -2.87787587067929 1.78197737990988 1.52205553667297 -0.962392126945363 0.0627317789737601 0 0 395 0 0 0 0 0 0 0 0 0 0
1 -0.557457625277045 -0.230360047763933 -1.41278110899272 0.380518818144653 1.06409353708386 3.5580844348938 0 0 396 0 0 0 0 0 0 0 0 0 0
1 0.341649781499218 -0.302471610319887 -0.469126025043269 1.40381180242456 -2.35952803166479 1.84572703810224 0 0 397 0 0 0 0 0 0 0 0 0 0
1 1.74612227262387 3.8536781688809 0.602412478787234 -1.13067180661867 -0.231543983728756 1.56741924156304 0 0 398 0 0 0 0 0 0 0 0 0 0
1 -0.769220012808618 -2.11723776900563 0.129936987073813 -1.7538463284999 -1.99707838750678 -0.554145069012117 0 0 399 0 0 0 0 0 0 0 0 0 0
1 0.121314677662055 0.115552650696386 -0.0963011142004709 -4.59111164733536 0.0517069046991456 0.539059115326203 0 0 400 0 0 0 0 0 0 0 0 0 0
1 0.275526610900425 -0.296383946431583 0.870378998436495 0.925095941488703 0.16926529536713 0.269305154302232 0 0 401 0 0 0 0 0 0 0 0 0 0
1 0.0880464832208368 0.128412528494744 -0.363222794124103 1.00119401042457 0.451583255880123 0.0664161149757106 0 0 402 0 0 0 0 0 0 0 0 0 0
1 -1.1820213852625 -0.416380716531635 1.1529436232959 0.0366700269887564 -1.02293394012988 0.0401763580512318 0 0 403 0 0 0 0 0 0 0 0 0 0
1 0.289297200591029 -1.19825313094389 -2.01726112280055 -2.440057611879 -0.365664541518372 1.81748749077217 0 0 404 0 0 0 0 0 0 0 0 0 0
1 0.247989132630876 -0.709517298277588 -0.909467179303306 0.328294470566195 -0.0522460599792581 1.90322822407826 0 0 405 0 0 0 0 0 0 0 0 0 0
1 0.106314180556534 0.642451496916353 0.797011327457387 0.558059737675717 0.31126339695436 2.59035357733931 0 0 406 0 0 0 0 0 0 0 0 0 0
1 -0.525901991039398 -0.216062296576788 0.242096249673115 -1.02958142624988 0.926800980133997 5.18153360734783 0 0 407 0 0 0 0 0 0 0 0 0 0
1 0.654522416827003 0.386073568071678 -0.868236804317998 0.87041450017039 -0.191752629445799 -1.55046089120339 0 0 408 0 0 0 0 0 0 0 0 0 0
1 -0.0250733111082189 0.43875023651198 0.0564661415558354 -0.305323506569182 -0.802980605291678 2.21072796291514 0 0 409 0 0 0 0 0 0 0 0 0 0
1 -0.604416026907089 0.558589012884329 0.403274985071067 3.79557911046076 0.225784125152762 0.474197521600667 0 0 410 0 0 0 0 0 0 0 0 0 0
1 -2.28905945585191 0.61333957827029 0.798892356587096 -1.70207905125016 2.07407364300817 0.610845538478879 0 0 411 0 0 0 0 0 0 0 0 0 0
1 -0.381581933659314 -0.492931235377093 -0.363544900521127 -1.49372869628732 -1.1822446592812 0.172012770291119 0 0 412 0 0 0 0 0 0 0 0 0 0
1 0.141099109337287 -0.716638171478165 -0.0671815177123202 -0.903020987032201 3.94839801979361 0.571397620208263 0 0 413 0 0 0 0 0 0 0 0 0 0
1 -0.845346635538525 0.107478170531399 0.0090460133185939 1.2538858524798 -1.502721812388 -1.10375737974909 0 0 414 0 0 0 0 0 0 0 0 0 0
1 0.604833354435484 0.587950575801352 -0.404683942094769 0.845947832509423 -2.0522025911826 -1.20387029204544 0 0 415 0 0 0 0 0 0 0 0 0 0
1 -1.66061518397913 3.4680495720615 4.03973617738034 0.363415872815977 0.688964828659175 0.703045290561198 0 0 416 0 0 0 0 0 0 0 0 0 0
1 0.0327400939109052 0.880133428505515 0.103632413968183 -1.18837247459731 1.66188180143909 0.593831814583062 0 0 417 0 0 0 0 0 0 0 0 0 0
1 -0.194528843662725 -0.937699199133673 -0.692530641502639 -3.3926741782802 -0.690115989131552 -3.40304344205904 0 0 418 0 0 0 0 0 0 0 0 0 0
1 0.134740799296786 0.289566637638162 -0.486494623856339 -0.50884762789364 -2.45827201464126 2.04536327228668 0 0 419 0 0 0 0 0 0 0 0 0 0
1 -2.05465110373754 -0.0931820092804613 -1.24136194296852 -0.758614303254738 -0.9875903320066 -2.26533010251642 0 0 420 0 0 0 0 0 0 0 0 0 0
1 1.58177550088075 1.54821325671814 -0.103690863614122 -2.04926264892742 1.84631806285377 0.616205231563399 0 0 421 0 0 0 0 0 0 0 0 0 0
1 -2.73602391366501 -2.93917734069313 -0.116428988372578 -1.63893450606259 -0.096597568585844 0.210310356836698 0 0 422 0 0 0 0 0 0 0 0 0 0
1 -1.0528766605099 0.116775405235659 1.36221455561252 -0.0604863654938835 -0.973899917533379 -1.53431987741405 0 0 423 0 0 0 0 0 0 0 0 0 0
1 0.473301233677275 -0.234189641082973 -0.534525883925608 -0.93852019493265 0.480746912803831 -3.05537995564842 0 0 424 0 0 0 0 0 0 0 0 0 0
1 0.303119233026777 -0.0052263633415335 0.518566127585668 1.17296355663721 -1.05096713698692 -0.875086279719202 0 0 425 0 0 0 0 0 0 0 0 0 0
1 -0.205081860784422 0.0808783887065868 -0.397353099184676 -3.69132850072708 0.105555368694989 1.85441951878619 0 0 426 0 0 0 0 0 0 0 0 0 0
1 0.641490655647431 -0.295695411581427 -0.58537836787498 -0.381100658516321 -0.602511899999683 2.07669397597333 0 0 427 0 0 0 0 0 0 0 0 0 0
1 0.652790843077481 -1.40374533206555 0.33396470401728 -1.2740873178993 0.688670661801018 0.16874166726263 0 0 428 0 0 0 0 0 0 0 0 0 0
1 0.0682446475042828 -0.487251289282905 -1.03786875905749 -0.767352263284585 0.520673998836002 0.502539406428168 0 0 429 0 0 0 0 0 0 0 0 0 0
1 -0.433460167230644 0.106402185103834 1.42485927600621 2.0626708805618 0.550632423353375 1.45732014809985 0 0 430 0 0 0 0 0 0 0 0 0 0
1 1.85564737643739 -4.10869957738791 0.496861627994918 -0.815646442987273 0.366393935255016 -2.01551363875131 0 0 431 0 0 0 0 0 0 0 0 0 0
1 0.251303227348036 0.65852410834709 0.0120384416733687 -2.00832712709966 3.21090039616389 -0.966170718349441 0 0 432 0 0 0 0 0 0 0 0 0 0
1 0.119060275749063 -0.415706845121467 -0.333058748452043 0.402583771768006 1.80796914134576 -0.0269447254528767 0 0 433 0 0 0 0 0 0 0 0 0 0
1 -0.270049211658729 -0.985282503691686 -0.698468332362057 -0.162626236045095 0.299220299674712 -2.53171511310014 0 0 434 0 0 0 0 0 0 0 0 0 0
1 -0.304141447975593 0.514304463918314 -0.100438801656793 -2.66020164684055 -0.723881663856117 -1.41364227817792 0 0 435 0 0 0 0 0 0 0 0 0 0
1 0.17178055664322 0.113476909932333 -0.0141064787552275 2.03990905522744 -0.989745606079303 0.713368882787581 0 0 436 0 0 0 0 0 0 0 0 0 0
1 -0.841965640739465 0.374792732246082 -0.571629465459488 1.62101374537361 -0.953858933323975 -0.839756539053016 0 0 437 0 0 0 0 0 0 0 0 0 0
1 -1.40205428864024 0.967054369828328 1.77639586714104 -0.276125567346045 0.880455768091846 1.68393571857775 0 0 438 0 0 0 0 0 0 0 0 0 0
1 -0.0870349789111301 -0.388177616146648 -1.25649772217409 1.88049555641067 -0.939301683839151 1.45128983097696 0 0 439 0 0 0 0 0 0 0 0 0 0
1 -0.113530364546681 0.639167109648125 -0.592005485311566 -1.15888206174758 1.68241757180555 -1.48253327588824 0 0 440 0 0 0 0 0 0 0 0 0 0
1 -0.20914017464944 -0.257237662922079 -0.19837028054554 1.46237474955112 -2.71778275214822 -1.05163022627987 0 0 441 0 0 0 0 0 0 0 0 0 0
1 0.0175449494878902 0.118814231868858 -0.630493874272918 -1.5569711206761 -0.0146626897716134 2.90750573701328 0 0 442 0 0 0 0 0 0 0 0 0 0
1 -0.334645168716271 -0.239802914641839 -0.0161268601998179 0.679163823395824 -0.115519016537643 -0.878815938318339 0 0 443 0 0 0 0 0 0 0 0 0 0
1 -1.80896365355571 -1.3498790384815 1.78475181425132 -0.260768445656233 -0.122279149871513 0.608297262676323 0 0 444 0 0 0 0 0 0 0 0 0 0
1 -0.140812607140304 0.671424786249873 -0.126178924510416 -0.0401117442212471 -0.649538248344833 0.919812866222852 0 0 445 0 0 0 0 0 0 0 0 0 0
1 -0.0077641976196501 -0.0828769798454049 -0.368556794303991 0.662700149201402 3.78437790365152 2.05879844157572 0 0 446 0 0 0 0 0 0 0 0 0 0
1 -0.297747443728827 -0.0310310239409683 -0.168211885907257 -2.19415788823437 -1.22475448054404 5.78917501682167 0 0 447 0 0 0 0 0 0 0 0 0 0
1 0.410958386063291 -0.179548808609679 0.142094749229867 -1.75770541705356 -1.27158221549359 -1.26094124066337 0 0 448 0 0 0 0 0 0 0 0 0 0
1 -0.108033395422536 -0.44993823331585 -0.714756290313798 -2.42531567175938 2.94806498275777 -0.756613119307553 0 0 449 0 0 0 0 0 0 0 0 0 0
1 -0.0187697875303067 -0.272200424853016 -0.324890651152048 -1.23977093087315 -2.6389998657154 1.59729322521137 0 0 450 0 0 0 0 0 0 0 0 0 0
1 -0.366969655983001 -0.760933763090751 0.077171294761245 0.771026541202485 1.90538258403085 2.761996370594 0 0 451 0 0 0 0 0 0 0 0 0 0
1 -0.0775847654606461 0.511964370789281 -0.0083857135520451 -0.784570886903986 2.85697362711942 -0.993266511439429 0 0 452 0 0 0 0 0 0 0 0 0 0
1 -1.00660523311834 -0.605275443544015 0.622336294426861 0.822161985685811 0.519967343318181 1.85102978316773 0 0 453 0 0 0 0 0 0 0 0 0 0
1 -0.609645838637251 -0.173121694631528 0.235568790321823 0.695781935587395 0.563398936517594 -1.6586605500705 0 0 454 0 0 0 0 0 0 0 0 0 0
1 -0.567107056388473 0.252021359954709 -0.536103853745951 -1.47206220860022 2.54478326653819 1.86559748204965 0 0 455 0 0 0 0 0 0 0 0 0 0
1 -0.624037419468419 0.650307239803326 -1.02255160867767 -2.49792048938192 -0.50082849106482 -1.82558365490939 0 0 456 0 0 0 0 0 0 0 0 0 0
1 0.192213980684313 1.10844832339415 -0.532291884422719 0.163645449983116 -0.672910999459434 2.38433190851124 0 0 457 0 0 0 0 0 0 0 0 0 0
1 -0.510320924668212 -0.0192189212764563 -0.450943722923201 1.27288952906614 2.52654933789305 -4.03577038148339 0 0 458 0 0 0 0 0 0 0 0 0 0
1 -1.70324969621504 1.15422318156484 -0.677597501120205 -1.94744113160291 0.290750102074747 0.34904701571572 0 0 459 0 0 0 0 0 0 0 0 0 0
1 -0.0861378102921136 -0.313898582167576 0.674703992171951 -2.10298295586616 2.43409316994683 1.51141389473028 0 0 460 0 0 0 0 0 0 0 0 0 0
1 0.295372273680521 -0.330699723677304 -0.179770500176251 4.08470958240807 0.735767949169867 1.83808928298755 0 0 461 0 0 0 0 0 0 0 0 0 0
1 1.03879127048398 0.253161704441103 -0.383986487055725 -0.429720297786264 1.38024300762896 2.76570809143168 0 0 462 0 0 0 0 0 0 0 0 0 0
1 0.804699369552303 -1.98736882624677 -0.30904834937223 -1.61095036038545 -1.02129948993915 -0.543570726217795 0 0 463 0 0 0 0 0 0 0 0 0 0
1 0.208154645732616 -0.719487626610479 0.725304811525439 0.577395243066214 -0.950548762303272 0.1946980423028 0 0 464 0 0 0 0 0 0 0 0 0 0
1 -0.360342539246327 -0.0440534100450924 -0.341379347861448 2.5582887678129 2.63685827971412 0.647991395371505 0 0 465 0 0 0 0 0 0 0 0 0 0
1 -0.779842867180733 1.48449405740294 0.138781470366918 -0.205897290683545 0.816110111487452 -2.5838956676513 0 0 466 0 0 0 0 0 0 0 0 0 0
1 -0.20449336192438 0.195762804356992 -0.604918694508049 -0.883046393417028 2.13701222045944 -0.111802248122407 0 0 467 0 0 0 0 0 0 0 0 0 0
1 0.440839064751177 -0.0164018753685006 0.913803767179527 0.776011830505429 -1.30870563428906 1.70916557310284 0 0 468 0 0 0 0 0 0 0 0 0 0
1 0.177721283024988 0.463924090550224 0.959612412244522 1.24135008355984 -1.23932344500773 1.8238399929315 0 0 469 0 0 0 0 0 0 0 0 0 0
1 -0.167922591686441 -0.226598680102261 0.0442459455846486 -3.66929737537602 1.01967091612799 -2.73115401313317 0 0 470 0 0 0 0 0 0 0 0 0 0
1 0.294068170684423 0.031350442058312 -0.0004267964160012 -2.4378661869807 -0.754625759865843 -5.02894380115873 0 0 471 0 0 0 0 0 0 0 0 0 0
1 -0.124985923697364 0.157569552816431 0.0334364616942668 0.470606209134789 0.613458884171886 -0.831259733217105 0 0 472 0 0 0 0 0 0 0 0 0 0
1 -4.41691279364265 -3.59776560299485 6.04424212549393 -0.769115045918395 0.370179292944356 -0.109907171516756 0 0 473 0 0 0 0 0 0 0 0 0 0
1 -1.61873149008168 0.605880446228638 0.659395963407748 -1.33111663197906 3.1762877766907 1.43397186702982 0 0 474 0 0 0 0 0 0 0 0 0 0
1 -0.537699327607401 -0.815331016486846 0.84022294497288 0.459962591751873 0.495207186282644 4.38937109105716 0 0 475 0 0 0 0 0 0 0 0 0 0
1 -0.654965998798286 -0.632825313217723 -0.526170358176288 -0.266982169758641 0.0404168607618401 1.14406814779478 0 0 476 0 0 0 0 0 0 0 0 0 0
1 -4.33753346610634 5.50916167586123 -2.12637701845342 1.00539141104017 -0.133910485737597 -0.0320403975059768 0 0 477 0 0 0 0 0 0 0 0 0 0
1 -0.428537135049426 1.0722347464541 -0.255275012705177 -2.04176201596025 -1.09347587433481 0.015063993321721 0 0 478 0 0 0 0 0 0 0 0 0 0
1 -0.0492742965465118 -0.380245001373318 -1.29761582184914 0.855902920583863 1.71068774745328 0.594272269249047 0 0 479 0 0 0 0 0 0 0 0 0 0
1 -0.590034832003327 0.597101509989506 -0.669535473810976 0.581417530532843 -0.89442258366952 2.69495648256571 0 0 480 0 0 0 0 0 0 0 0 0 0
1 -0.63089078826083 0.183444304947031 -0.366854262874029 0.0713357130120156 -0.661309928251725 2.72671740149236 0 0 481 0 0 0 0 0 0 0 0 0 0
1 1.75576977254789 1.99070895368127 -3.50696465560993 -1.01764434424623 -0.41072667196988 1.1357941327758 0 0 482 0 0 0 0 0 0 0 0 0 0
1 2.07475822162403 -1.72782729557542 -1.62804442004326 1.33785344010893 -1.5966461860662 -0.896777829677576 0 0 483 0 0 0 0 0 0 0 0 0 0
1 -0.0552107305977867 0.494155021977039 0.151724307051614 3.43760761669181 0.298073361239009 1.45645998820363 0 0 484 0 0 0 0 0 0 0 0 0 0
1 0.516923339143087 0.512920951312712 0.964445190672396 -1.44437175573084 2.6098515842054 2.24015966625227 0 0 485 0 0 0 0 0 0 0 0 0 0
1 -0.0253399602842851 0.464934087556517 -1.72109414783208 -0.250693668858426 1.57065154954224 0.554465242645634 0 0 486 0 0 0 0 0 0 0 0 0 0
1 -0.539265991103556 0.522398692914653 -0.736006594346886 0.205308163716225 0.386687689533721 1.61663838028333 0 0 487 0 0 0 0 0 0 0 0 0 0
1 -0.975924650508396 0.590335376754032 -1.78125417401044 -2.6873798161839 0.525019660062289 1.39851588308354 0 0 488 0 0 0 0 0 0 0 0 0 0
1 -0.618374595064515 -0.724989195841149 0.422673315116077 -2.9903688800604 2.09014134281689 0.310622436484446 0 0 489 0 0 0 0 0 0 0 0 0 0
1 -0.284639514157978 0.060220391317516 -0.0135685562750918 1.08095748941524 3.19648323782613 -1.19796672014317 0 0 490 0 0 0 0 0 0 0 0 0 0
1 -0.740033896845201 -0.135715323844678 -1.4510086514815 -0.736697031302131 -0.730680288389214 -0.522061334165185 0 0 491 0 0 0 0 0 0 0 0 0 0
1 0.409993446747007 1.33693187390852 -1.00701467560715 1.26791443633633 1.16545888495431 2.30327108090389 0 0 492 0 0 0 0 0 0 0 0 0 0
1 0.440288967716857 -0.742974521724419 0.0442370477824028 2.19294781075875 0.917997640888579 -1.28446019249041 0 0 493 0 0 0 0 0 0 0 0 0 0
1 0.494253570029874 -0.419375162740153 -0.640564482563168 -0.768953287574062 0.111341826730621 0.850795291098216 0 0 494 0 0 0 0 0 0 0 0 0 0
1 2.11672218799443 1.45989265579565 0.451723864789429 -0.242795746216798 0.388528762390897 0.299632689809862 0 0 495 0 0 0 0 0 0 0 0 0 0
1 -0.0748607149965452 0.0813000733464537 -0.686977804082481 -0.797602441688155 -0.901992156581353 -1.14987186056862 0 0 496 0 0 0 0 0 0 0 0 0 0
1 2.7340593308027 0.784349405533979 0.585327116068048 -0.723510702700647 0.198021114887868 0.424308418263062 0 0 497 0 0 0 0 0 0 0 0 0 0
1 0.125563846369455 0.459416479787365 0.226918437664696 -0.794727247071611 -0.227370574346007 2.44858471949311 0 0 498 0 0 0 0 0 0 0 0 0 0
1 -0.0567728138397633 0.538138550002052 -0.0104451956388594 0.599904443709237 1.74976459586882 2.21415153486255 0 0 499 0 0 0 0 0 0 0 0 0 0
1 -0.322895179920242 0.123438049672336 0.0952570869735727 -3.05063885970462 -1.42770078088773 -0.437942440711753 0 0 500 0 0 0 0 0 0 0 0 0 0
10 -1.56833479099322 -0.490306315224512 -0.362960507920768 0.937755113662369 2.42959565028373 -0.287147606387444 0 0 501 0 0 0 0 0 0 0 0 0 0
10 -0.398536762596395 0.344604045965957 -0.516482044253086 0.682498511154923 -0.467972661601403 -0.720066957731913 0 0 502 0 0 0 0 0 0 0 0 0 0
10 -0.7012907044484 5.68928417872997 -2.73108357896126 -0.341796849785368 -0.138357385641576 1.08417580045694 0 0 503 0 0 0 0 0 0 0 0 0 0
10 0.0375924146128582 0.093921894914553 0.967313118979575 0.32094809576877 -1.38810989459792 1.68737535409093 0 0 504 0 0 0 0 0 0 0 0 0 0
10 0.683278112015826 0.523572968783797 0.439274746443975 2.21718841629335 0.187337322979058 -1.19540511535523 0 0 505 0 0 0 0 0 0 0 0 0 0
10 0.538295568932128 0.212763429409251 0.342404289219657 -1.7953449367917 1.39294131968188 -3.38960249267577 0 0 506 0 0 0 0 0 0 0 0 0 0
10 -0.208849913881477 0.0006595019578067 0.742432707667082 3.06362640053626 -2.17055165359493 1.47079581516725 0 0 507 0 0 0 0 0 0 0 0 0 0
10 0.947566415027595 0.0824183850797569 -0.200166530143176 -1.80369831380298 -1.16884266401189 -1.72936052876594 0 0 508 0 0 0 0 0 0 0 0 0 0
10 0.953831285420837 -0.390306516252269 -2.54022611431022 -0.286332276969935 0.781110106724821 -0.45086119506336 0 0 509 0 0 0 0 0 0 0 0 0 0
10 -3.12897538794024 -0.455073057958631 -2.84277840719985 -0.761967456231067 0.552467683766093 -1.98182787671913 0 0 510 0 0 0 0 0 0 0 0 0 0
10 -0.725921075750259 -0.113547538038583 0.169801390799439 -0.0253726895571639 1.32815867339041 1.64529193760279 0 0 511 0 0 0 0 0 0 0 0 0 0
10 0.92259038553125 -0.22127828925926 -0.617832013170422 1.19423238243195 -1.39003867240915 3.34155639102772 0 0 512 0 0 0 0 0 0 0 0 0 0
10 0.11258442766816 0.679234833473778 0.0608514818587216 -2.96877787368647 0.28846928326057 -0.870252519700231 0 0 513 0 0 0 0 0 0 0 0 0 0
10 -0.625346375063513 0.627586321109312 0.972219895490395 1.85962248944465 -1.5460451939572 1.0439273805895 0 0 514 0 0 0 0 0 0 0 0 0 0
10 0.752757274027687 0.276992397629983 -1.47329602455053 -3.13806204811014 1.68285194005878 -1.86434594214224 0 0 515 0 0 0 0 0 0 0 0 0 0
10 -0.545887701781755 -0.712664194730062 -0.785100789970091 0.519142285154984 -1.67107967357227 0.12549717727959 0 0 516 0 0 0 0 0 0 0 0 0 0
10 0.744704694436921 -0.255230151207131 -0.917103147048418 -0.16304303376785 0.64781340300933 1.12612301042399 0 0 517 0 0 0 0 0 0 0 0 0 0
10 0.321035883755875 -0.366159161864153 0.48094384763632 0.361009424279185 0.393354462228442 3.9281345761271 0 0 518 0 0 0 0 0 0 0 0 0 0
10 0.910127064826792 -0.888018829257806 2.71201263469362 -0.251734349530101 -0.721010471368274 -1.75903623197967 0 0 519 0 0 0 0 0 0 0 0 0 0
10 -0.429189160630188 -0.0163623368666293 -0.621188984005092 3.53776804150301 1.53520082428235 -0.0221617389007427 0 0 520 0 0 0 0 0 0 0 0 0 0
10 -0.0777155203020835 -0.135134626380292 -0.204828609854202 2.49709258949705 1.96206298967583 -0.311806099875953 0 0 521 0 0 0 0 0 0 0 0 0 0
10 -1.3634314899532 0.167909851101955 2.5814772072435 -1.06939778042915 -2.08212216431184 -0.417751031208484 0 0 522 0 0 0 0 0 0 0 0 0 0
10 -0.347210729939098 -0.0827079075869304 -0.664684435034718 0.52434109472367 2.44165680300639 -0.638200667855641 0 0 523 0 0 0 0 0 0 0 0 0 0
10 -0.318160803417003 -0.0824954487307749 -0.421630909874784 1.57675081062869 5.60161038421852 -1.8570225091906 0 0 524 0 0 0 0 0 0 0 0 0 0
10 -1.44375000470411 -0.877888985609438 0.0317508168561888 1.16778257666121 0.259016434902546 0.507143965178503 0 0 525 0 0 0 0 0 0 0 0 0 0
10 0.480281622572552 -0.477413074877693 -0.84366135312539 -2.65002919805287 -0.314824452532518 0.592170216324402 0 0 526 0 0 0 0 0 0 0 0 0 0
10 0.214761482914336 -0.286458499382622 0.426738346833891 -0.183459691492788 2.38759317639811 2.08474782424108 0 0 527 0 0 0 0 0 0 0 0 0 0
10 0.87312536825425 0.309759566336526 0.692614860244692 0.10535511337641 1.60085920353168 -1.10125039875891 0 0 528 0 0 0 0 0 0 0 0 0 0
10 -0.349967045256689 -0.322641910792616 -0.595682643245268 -3.43299937833931 -0.494341651699375 -3.60254741333335 0 0 529 0 0 0 0 0 0 0 0 0 0
10 -0.486246685527404 -0.562936646638797 -1.36001422777618 -2.1444069871391 0.550343464715089 -2.76030946100754 0 0 530 0 0 0 0 0 0 0 0 0 0
10 -0.529108902923858 0.23011707834286 0.58393068822518 -0.366957972547703 2.70339077390088 -0.886840641297688 0 0 531 0 0 0 0 0 0 0 0 0 0
10 -0.332314827868205 0.082396089980278 -0.321727056092304 -3.69842407483312 3.98365071809151 -0.566743213016943 0 0 532 0 0 0 0 0 0 0 0 0 0
10 -0.52318416659008 0.519728721802771 0.0889114289432022 2.96835595877628 -0.927834275923977 0.47626526253159 0 0 533 0 0 0 0 0 0 0 0 0 0
10 -0.205681624229051 -0.157453106858937 -0.116288065257639 -3.9310266303964 -3.61203776135517 -0.128695430418381 0 0 534 0 0 0 0 0 0 0 0 0 0
10 -0.87735804569548 0.456285310674977 0.174981663517874 2.9602987213864 -2.20468925662459 -2.58154172901334 0 0 535 0 0 0 0 0 0 0 0 0 0
10 0.629889616030985 -1.48641435901079 -0.569916463162367 -0.0849514877624384 2.06528088145378 1.45859427855409 0 0 536 0 0 0 0 0 0 0 0 0 0
10 -0.803647214264805 -0.688096983814859 -0.192539482451812 -0.304368367753185 -0.866176637702846 0.0782933735048007 0 0 537 0 0 0 0 0 0 0 0 0 0
10 0.089534555410779 0.563361105250728 0.0574348558333608 -4.34276555781946 0.730753598737873 -0.321186202469375 0 0 538 0 0 0 0 0 0 0 0 0 0
10 -0.159735822179647 -0.562788402001073 -0.614602511397869 1.59858115594364 1.6991434363668 -2.47054131423188 0 0 539 0 0 0 0 0 0 0 0 0 0
10 -0.832988378033139 1.13201021179398 -0.875737687439576 -0.787834279382843 0.656145933056254 -0.0857647255463801 0 0 540 0 0 0 0 0 0 0 0 0 0
10 2.11342109195978 4.59238261769469 1.29339843893041 0.0589568531509086 0.981201113981573 1.5827275505067 0 0 541 0 0 0 0 0 0 0 0 0 0
10 -0.0881535739838994 -0.117581412958001 -0.506378871584357 -2.71668720440997 1.50272999261895 3.31101647472569 0 0 542 0 0 0 0 0 0 0 0 0 0
10 -0.0199094452448493 0.713381542766488 -0.299076425843606 1.51668503566769 -2.86913627267905 2.0680428031686 0 0 543 0 0 0 0 0 0 0 0 0 0
10 1.08616438251422 -0.0822419599507069 0.0851829690365201 3.14955478211026 0.41426863530323 0.667747968822787 0 0 544 0 0 0 0 0 0 0 0 0 0
10 0.401111340003869 1.7393092921294 0.0716599373592538 -1.34664577450253 1.75618815953007 -0.703386959243332 0 0 545 0 0 0 0 0 0 0 0 0 0
10 0.107822402094154 0.123304741645309 0.964312883904672 -0.676629303554241 -1.2089025402754 -0.957793933304775 0 0 546 0 0 0 0 0 0 0 0 0 0
10 0.537704083525107 -1.22093919196202 0.708453219124831 0.843359439939139 1.67150811117642 -2.49923139791579 0 0 547 0 0 0 0 0 0 0 0 0 0
10 -0.790264356387515 0.017942327267605 -0.318526605719101 1.95766889091986 -0.919417012433015 0.493241594168616 0 0 548 0 0 0 0 0 0 0 0 0 0
10 0.2465476082871 -0.190089643104259 -0.265363543020952 2.5840536499174 2.98136874864223 0.861868499487926 0 0 549 0 0 0 0 0 0 0 0 0 0
10 -8.94653340814656 2.90848164101766 -0.175317621922018 0.608234990646029 -0.345773513768081 -0.353117145364615 0 0 550 0 0 0 0 0 0 0 0 0 0
10 0.759070346466211 -2.12733846580545 0.292405628205479 -1.00218846244897 0.359030592907128 1.52466554993678 0 0 551 0 0 0 0 0 0 0 0 0 0
10 -0.767312767078018 0.548750002730569 -0.222775618216992 0.588700705469703 3.52931014493294 0.00808159253641489 0 0 552 0 0 0 0 0 0 0 0 0 0
10 -0.374666432268882 -0.515165960102416 -0.456626707479551 -0.0351634864372965 1.18891598989487 -0.143725659084926 0 0 553 0 0 0 0 0 0 0 0 0 0
10 0.220067701445047 0.138224970102658 1.11581822833338 -1.1581319586326 0.377434474735684 -1.02172178631981 0 0 554 0 0 0 0 0 0 0 0 0 0
10 -0.882493232806647 -1.72164932363568 0.786032947220686 -0.836733442920083 1.48893411223046 -1.26070957957664 0 0 555 0 0 0 0 0 0 0 0 0 0
10 0.251172966186681 0.639541054258964 -0.195049276258062 1.50685086415586 -0.225567578019966 -5.16012505914469 0 0 556 0 0 0 0 0 0 0 0 0 0
10 -1.13346927621152 0.58173992467392 0.644770267868603 2.30113269847936 -1.15941377554749 0.512930569595886 0 0 557 0 0 0 0 0 0 0 0 0 0
10 0.219472980069448 0.372123687116248 -0.9405319778091 -2.22684380780258 -0.815501761780323 -1.54890962315637 0 0 558 0 0 0 0 0 0 0 0 0 0
10 0.445819615983547 -0.510612318953683 0.820482840895129 1.04984234427008 -0.143883334127986 -2.37111457105711 0 0 559 0 0 0 0 0 0 0 0 0 0
10 -0.927699647531244 -1.04305185506253 -0.845068346662808 0.601250938323939 -1.75407237198999 -0.721372194704587 0 0 560 0 0 0 0 0 0 0 0 0 0
10 -0.678394172473127 -0.111183485680777 0.102911386550232 -2.96152655938863 1.77019520879006 1.22495788956667 0 0 561 0 0 0 0 0 0 0 0 0 0
10 -0.480576172450927 0.950451850928566 1.02368225032152 1.36318516685608 2.25820111136057 -0.0602952732548418 0 0 562 0 0 0 0 0 0 0 0 0 0
10 -0.626138146167247 0.997576758332126 -0.227228696121226 0.721529354015676 0.58379636444356 -1.24665919531591 0 0 563 0 0 0 0 0 0 0 0 0 0
10 -0.218161276092281 1.13506724757415 0.70680527734234 -1.59021060905975 -2.11007590502861 1.65404928517642 0 0 564 0 0 0 0 0 0 0 0 0 0
10 -0.100021089221661 -0.020612988914822 -0.731087830916354 -3.8171922910139 -0.838712877738305 0.0340590566580974 0 0 565 0 0 0 0 0 0 0 0 0 0
10 -0.436421751272715 -0.775067229975316 0.0249676893482426 2.06144582692791 -3.208834635893 2.7551043818019 0 0 566 0 0 0 0 0 0 0 0 0 0
10 -0.030298485501575 -0.271244525642359 -0.207675215633021 0.584930365118292 -0.35572711207558 -2.57864909967043 0 0 567 0 0 0 0 0 0 0 0 0 0
10 -0.225130338212046 -0.427789121219466 0.464380876563994 -1.72158168092933 -4.0684372679112 -1.27545465058384 0 0 568 0 0 0 0 0 0 0 0 0 0
10 1.23716736518568 -0.226365046973988 -0.0283707759687161 -1.80040155867082 -1.0976268164433 -2.31576635562068 0 0 569 0 0 0 0 0 0 0 0 0 0
10 0.0749402184924999 0.0628275364047632 -0.401114516895404 2.35065122759125 -0.737973045882793 -3.14486301524576 0 0 570 0 0 0 0 0 0 0 0 0 0
10 1.04008361476393 -0.147107759302809 0.368095664526912 2.24743937118343 0.697790318269115 0.842051760656952 0 0 571 0 0 0 0 0 0 0 0 0 0
10 -0.231600318250275 0.876741685023262 -0.115308690051436 -3.23936129109505 0.41148686196279 -1.79640484464372 0 0 572 0 0 0 0 0 0 0 0 0 0
10 0.604556014800557 -0.537243802690996 1.21194386612797 -2.3674816616918 -1.52574226655622 0.413161603220856 0 0 573 0 0 0 0 0 0 0 0 0 0
10 -0.388323519014973 -0.406247990697352 -0.549694995200184 2.303446294147 1.71507182550024 -2.20618620781349 0 0 574 0 0 0 0 0 0 0 0 0 0
10 0.650391173116399 -0.307134195206234 1.58251350428062 -0.0744876318803281 1.07049022436522 -1.22167254560258 0 0 575 0 0 0 0 0 0 0 0 0 0
10 0.670006246977708 0.0122013160704959 -0.398663715289855 0.494605096943444 2.01624475724926 -2.8546814444104 0 0 576 0 0 0 0 0 0 0 0 0 0
10 -0.479321647537371 0.465634839114561 0.129013463610509 -3.0084386737992 -2.20583958575284 0.42170991986756 0 0 577 0 0 0 0 0 0 0 0 0 0
10 0.94005332529138 -0.951000484445997 0.896472677290072 -1.2271613905172 -1.81884091226361 -0.392235501651242 0 0 578 0 0 0 0 0 0 0 0 0 0
10 0.825014901122188 0.750119774347278 -0.823013259490469 1.54908840214142 0.999601684481513 -0.256491213298475 0 0 579 0 0 0 0 0 0 0 0 0 0
10 -0.261223953444616 -0.245272709039066 -0.246411443597858 -2.31073891672444 -3.47678965645802 0.872488032786786 0 0 580 0 0 0 0 0 0 0 0 0 0
10 9.16339498027567 1.14150606670637 -5.12080229659056 -0.267193834205022 -0.304308066217224 0.744566077658702 0 0 581 0 0 0 0 0 0 0 0 0 0
10 -0.625961770255307 1.43051004226404 1.11433852579475 1.64282129527157 -0.624681368386924 0.185377052251391 0 0 582 0 0 0 0 0 0 0 0 0 0
10 -0.199223749679343 -1.25773185063472 -0.659915114033211 2.17764924971907 -0.35816066802443 1.60945913847233 0 0 583 0 0 0 0 0 0 0 0 0 0
10 0.187477133148671 0.365705731745356 0.744949146363655 2.77946105390878 -2.02385580413314 1.05353221553466 0 0 584 0 0 0 0 0 0 0 0 0 0
10 1.30546635015802 2.63289394617539 2.42291898247149 0.924449031010942 0.650887034725215 -0.201117749151835 0 0 585 0 0 0 0 0 0 0 0 0 0
10 -0.322542427199189 0.102649893820707 -1.52864973026909 -0.166491339826476 1.21076312458045 -0.403010972461421 0 0 586 0 0 0 0 0 0 0 0 0 0
10 -3.27784751179261 -3.28149214042388 -4.97964791136681 -0.723547018880742 0.18519100128166 -1.29054252256093 0 0 587 0 0 0 0 0 0 0 0 0 0
10 -0.297994330257493 0.436785539428293 -0.287655936712239 -1.6647215999438 4.48356295906911 -1.15768957556671 0 0 588 0 0 0 0 0 0 0 0 0 0
10 -0.671952243034117 -0.488930504989859 -0.366030516800994 -3.13745823282833 -2.57134884995009 -2.40430711557185 0 0 589 0 0 0 0 0 0 0 0 0 0
10 1.32020750060606 -2.01512531127159 -0.699834848878762 -1.23522473312033 0.27890291348002 -0.312181116600277 0 0 590 0 0 0 0 0 0 0 0 0 0
10 -0.141918808205276 0.425704113031581 -0.979576221556868 0.43095727976967 -0.00742318989400405 -0.438217816278969 0 0 591 0 0 0 0 0 0 0 0 0 0
10 1.39463934802353 -0.115794032673505 0.461692214696041 0.80229209975968 1.02490236735534 0.465839494102768 0 0 592 0 0 0 0 0 0 0 0 0 0
10 0.141366820434827 1.94009670446679 -0.144162007535768 -1.08185264858064 1.98947687468976 0.153730229071341 0 0 593 0 0 0 0 0 0 0 0 0 0
10 -1.65132240563772 0.676811482234312 0.740203686331293 0.63150423886286 0.171918768625788 -1.27691661613399 0 0 594 0 0 0 0 0 0 0 0 0 0
10 -0.464755568172772 -0.33896608731578 0.161674546010929 1.80414391925411 -4.6810800551102 -1.06253750915278 0 0 595 0 0 0 0 0 0 0 0 0 0
10 -0.155533642977773 0.0906684104018749 -1.31968263989147 2.5847258162829 -2.19046520439809 2.00180184880453 0 0 596 0 0 0 0 0 0 0 0 0 0
10 0.537850951864846 0.0276532497307211 -0.753559582805835 3.58779514073012 -1.65185157425346 -1.8217426567847 0 0 597 0 0 0 0 0 0 0 0 0 0
10 -0.0401018936715708 -0.15206218486605 -0.329341266863654 -0.64943208351192 0.425601116681714 0.510694726536426 0 0 598 0 0 0 0 0 0 0 0 0 0
10 2.14341282035901 -3.43277142877725 -1.75459584015613 -0.286732987356495 -0.364646442798635 -0.89546743579681 0 0 599 0 0 0 0 0 0 0 0 0 0
10 0.510710480797876 -0.491781306711627 0.0941938701414061 -0.801592458220387 5.02610193819035 2.51243559657802 0 0 600 0 0 0 0 0 0 0 0 0 0
10 -4.16382287106166 -2.47277992525579 1.43420022705328 -0.16849008121203 1.3882607259661 -0.198792719123207 0 0 601 0 0 0 0 0 0 0 0 0 0
10 -1.12988120988569 -0.507191518119843 1.08614223647481 -0.346940434109591 -1.33814712054744 -0.543072817216258 0 0 602 0 0 0 0 0 0 0 0 0 0
10 2.607493184805 0.433200461230723 0.713898653041612 -2.84010339357037 0.591540423715536 1.5812656043465 0 0 603 0 0 0 0 0 0 0 0 0 0
10 -0.221406229468152 0.576429963428477 -0.383830653757857 -0.953719557005375 -0.591040705927424 0.629359232971737 0 0 604 0 0 0 0 0 0 0 0 0 0
10 0.597358750342585 0.330530105639111 -0.394905403630982 1.29168599262615 -3.80288768708808 -1.18456842358879 0 0 605 0 0 0 0 0 0 0 0 0 0
10 -0.253676452508464 -0.367998140386733 0.769829226996879 2.83774710794707 -2.35549679982274 2.32057890287017 0 0 606 0 0 0 0 0 0 0 0 0 0
10 -1.18402290176575 1.80322995475634 0.26719835041388 0.847928465706987 1.76773476059487 -0.549565811722157 0 0 607 0 0 0 0 0 0 0 0 0 0
10 -0.0268010543604962 -0.974859433717452 -0.0218752998379957 1.01828005749883 -0.745425623429429 0.357096605089473 0 0 608 0 0 0 0 0 0 0 0 0 0
10 -0.37676809188067 0.162895544727017 -0.645427507790889 -1.91347703316811 -3.64982177394098 -0.899472542490176 0 0 609 0 0 0 0 0 0 0 0 0 0
10 -0.293274838859267 -0.13557890283768 -1.09478305385773 0.219360630543469 -1.01370056427305 1.51140221537023 0 0 610 0 0 0 0 0 0 0 0 0 0
10 -0.203781741734605 0.17984312982789 -0.33066993153478 -3.62035976271786 -2.87967698255265 0.660653636279489 0 0 611 0 0 0 0 0 0 0 0 0 0
10 -1.26207096219109 -0.638674540338878 -0.0189980383434768 -1.43433815604084 -0.0332274380099552 -3.28368994880043 0 0 612 0 0 0 0 0 0 0 0 0 0
10 -0.3877626833754 0.0861072239644438 -0.565528414792474 1.62302883787743 1.47389410852813 1.55004198105993 0 0 613 0 0 0 0 0 0 0 0 0 0
10 -1.54159509647703 -0.911396974472101 0.496922163401647 -0.49376279067327 2.99286009013268 -0.601496975242282 0 0 614 0 0 0 0 0 0 0 0 0 0
10 0.2387200230573 0.148693867094162 -0.987785188793574 3.26766222619346 -0.762569436125176 1.44199487912112 0 0 615 0 0 0 0 0 0 0 0 0 0
10 0.109843615383338 0.249657370308013 -0.193043196919396 2.62769158904637 0.133995021327562 -2.96557709682642 0 0 616 0 0 0 0 0 0 0 0 0 0
10 -0.61859877136294 0.157623224790444 -1.04527623038141 0.467355097421252 1.01515169893376 -0.936343481528787 0 0 617 0 0 0 0 0 0 0 0 0 0
10 3.47801533627817 2.45763226283557 2.71970721089049 0.166061310394279 0.174366070023858 -0.084659974814963 0 0 618 0 0 0 0 0 0 0 0 0 0
10 1.79487427176013 -2.08501991719965 -0.0979116100218265 -1.34601919335393 -0.946653290131806 1.18373075371402 0 0 619 0 0 0 0 0 0 0 0 0 0
10 0.237948021270537 0.475916516667273 0.142111680139196 0.470621703247596 -0.74057926004183 -0.716813580232855 0 0 620 0 0 0 0 0 0 0 0 0 0
10 -0.502826238074887 0.0684559222197045 1.0230506705913 1.24079384503425 1.14737232669136 1.97837232850123 0 0 621 0 0 0 0 0 0 0 0 0 0
10 -0.890028990898942 -0.212703121022452 0.851755363500835 0.341318435569075 0.763792951351346 -1.79929469873865 0 0 622 0 0 0 0 0 0 0 0 0 0
10 -3.44912059870963 -4.69363813809985 8.76162939530436 -0.767027501794903 0.297797069458 0.165973079379059 0 0 623 0 0 0 0 0 0 0 0 0 0
10 0.0951555862273775 -1.02456858240561 -0.380691645342972 -1.08536858546439 0.124499734122953 0.0846572284755939 0 0 624 0 0 0 0 0 0 0 0 0 0
10 0.433019397773901 -0.671354390661084 -0.717342786278937 0.535665932601488 3.06837051646613 0.896562888116424 0 0 625 0 0 0 0 0 0 0 0 0 0
10 0.191553781402876 -0.539004954811519 0.0201918718629453 0.174942061582816 3.46384252623067 -1.20998883061471 0 0 626 0 0 0 0 0 0 0 0 0 0
10 -0.413565660970903 0.341012952797001 -0.756377690208905 -3.89335834636166 0.574414239001606 0.0792206929662386 0 0 627 0 0 0 0 0 0 0 0 0 0
10 0.270661972235996 -0.276183768553198 0.129440287911009 -3.23456105684171 1.11559774542302 -0.282932025887673 0 0 628 0 0 0 0 0 0 0 0 0 0
10 0.17180179622944 0.602426583080958 -0.328404515259648 0.145716226076325 1.00663420432745 2.32360196616675 0 0 629 0 0 0 0 0 0 0 0 0 0
10 0.409896881914952 -0.446279885459566 0.519314285435268 2.30035599306033 -0.73389910347656 -1.3294301328358 0 0 630 0 0 0 0 0 0 0 0 0 0
10 0.176561344161712 0.105154082338096 -0.346198263275824 -1.49964283427882 0.675723361647379 2.07697335126728 0 0 631 0 0 0 0 0 0 0 0 0 0
10 -0.697319927800818 -1.06251454847892 -0.380260891216307 1.14984479174335 0.385118472764164 -1.49953850011966 0 0 632 0 0 0 0 0 0 0 0 0 0
10 -0.0596132337764278 0.620569686874903 0.0287647003939279 -2.13138342500427 1.81798637282396 -0.833335326816617 0 0 633 0 0 0 0 0 0 0 0 0 0
10 -0.312597571637782 0.294086464861164 0.316039807381788 1.21804325731062 2.58675926282173 1.09182153479804 0 0 634 0 0 0 0 0 0 0 0 0 0
10 -0.696470216918397 -2.10417609196841 -0.138528130121764 1.21667408630206 0.534697007433643 -0.78712420040046 0 0 635 0 0 0 0 0 0 0 0 0 0
10 0.61129306824113 0.0676842286745132 0.763488743062252 -0.495103372485815 -0.874523095493187 1.00620364593065 0 0 636 0 0 0 0 0 0 0 0 0 0
10 0.484432570287754 0.286554887706574 -0.183672838449202 1.76327674606081 1.17918938933618 1.14136874892494 0 0 637 0 0 0 0 0 0 0 0 0 0
10 0.221322436420468 -0.0040942162491808 -0.27346139884672 -3.4050425376779 -0.54505829311985 1.78218635361769 0 0 638 0 0 0 0 0 0 0 0 0 0
10 0.21633298319691 -0.324274972033353 0.543151373330699 -2.17144301107041 -0.409420308553196 3.07294523031373 0 0 639 0 0 0 0 0 0 0 0 0 0
10 -0.15822837634956 0.428424255809984 0.429182525569762 1.33053471117065 -0.751419660393117 -1.9446352449439 0 0 640 0 0 0 0 0 0 0 0 0 0
10 -0.845470361610514 -1.04379728113035 0.364974789585709 2.0600753931772 0.423839750902001 -1.74926312528306 0 0 641 0 0 0 0 0 0 0 0 0 0
10 -0.0546191135008098 -0.295121164619449 0.20942831127842 1.05230138109441 0.703315409083047 4.7064051425763 0 0 642 0 0 0 0 0 0 0 0 0 0
10 0.050950899072425 0.144070261759597 -0.0616631805110895 1.29110580695785 -1.04459408328791 0.819185984134084 0 0 643 0 0 0 0 0 0 0 0 0 0
10 -0.0509349165127104 -0.0382552727965492 0.270162987530988 -0.960421649298672 1.95481785208443 0.289082349854314 0 0 644 0 0 0 0 0 0 0 0 0 0
10 2.15141970133121 0.569905289456479 0.199493688011649 2.62297754342174 -1.58884326849097 -1.13473577668322 0 0 645 0 0 0 0 0 0 0 0 0 0
10 -0.440848327448181 0.675634124510972 0.19086008135305 -1.82441861611165 -0.0523831167705014 -1.56373843906836 0 0 646 0 0 0 0 0 0 0 0 0 0
10 -1.65629192612924 -1.05830268824463 -0.120894093943384 -0.203069926970006 1.62491322750045 -2.50088401503684 0 0 647 0 0 0 0 0 0 0 0 0 0
10 -0.601232473028266 0.276642822387816 -0.356855837514003 1.00897438629921 -2.72295953419913 -1.32334937111488 0 0 648 0 0 0 0 0 0 0 0 0 0
10 -4.04694109486765 3.16911597998232 2.94316315648544 0.193891309593065 -0.415595560311433 -1.11860544243526 0 0 649 0 0 0 0 0 0 0 0 0 0
10 -0.692398934838024 -2.4085876882157 0.801826066514612 0.333342376574773 -0.77743521498398 -0.953180926308041 0 0 650 0 0 0 0 0 0 0 0 0 0
10 0.138639784969596 0.090548168307687 0.969848182473046 1.44051495451456 -2.03306887484211 -0.896118923458272 0 0 651 0 0 0 0 0 0 0 0 0 0
10 0.644728159939159 -0.722890597306187 0.197083578816218 -0.0299973305497263 -1.03237177171425 4.37594742755453 0 0 652 0 0 0 0 0 0 0 0 0 0
10 -0.964793874717226 1.42453219408433 -0.211121371182187 -1.53781139023624 0.927879833469275 0.424850626347887 0 0 653 0 0 0 0 0 0 0 0 0 0
10 -4.13498948159843 -1.4913986535069 -4.38313305027033 -0.363132922508419 0.723946640732308 0.892381676092613 0 0 654 0 0 0 0 0 0 0 0 0 0
10 -0.27494860283386 -0.733069201391792 -0.622275717780391 1.69614396856685 -2.90560146762287 -0.0495860894195255 0 0 655 0 0 0 0 0 0 0 0 0 0
10 2.71322703822006 1.23143916527334 -4.11807752645873 -0.862468558293524 1.21641732453436 0.598679736808636 0 0 656 0 0 0 0 0 0 0 0 0 0
10 0.21495881142929 -0.518467412316601 0.300707551556966 -2.29853482202714 -0.121625538045821 3.17220705726783 0 0 657 0 0 0 0 0 0 0 0 0 0
10 -0.303047070406555 -0.877447454411212 0.311381303671189 -0.578243032138639 -2.09879880014115 1.9957051526727 0 0 658 0 0 0 0 0 0 0 0 0 0
10 -0.252024828065548 -1.23443846790668 0.448780030936579 0.0268063735386342 0.87826509362046 -2.43415927173084 0 0 659 0 0 0 0 0 0 0 0 0 0
10 0.289545622520625 -0.235963278440333 0.734585060719648 -0.134828580604063 2.27845831432991 0.442809122603165 0 0 660 0 0 0 0 0 0 0 0 0 0
10 0.815526747657778 0.543778211151866 0.210921530995613 -1.7259095229537 -1.65406029352791 1.44131394291738 0 0 661 0 0 0 0 0 0 0 0 0 0
10 0.671463285995645 -0.406842797637388 0.136520771629668 -2.4159059940675 0.502927919366723 -0.697048606503859 0 0 662 0 0 0 0 0 0 0 0 0 0
10 -0.46585481444315 0.569791526910009 -0.0496897506439837 4.39944862680225 1.74356682995687 -0.990932498487292 0 0 663 0 0 0 0 0 0 0 0 0 0
10 0.391559908762301 2.12567063594959 1.37405022117946 1.56086291674454 0.763008165598742 -0.955252084236424 0 0 664 0 0 0 0 0 0 0 0 0 0
10 -0.0345878307165299 0.203250778860458 0.159045217626755 -0.641316753511367 -1.24168090616564 0.102063686688729 0 0 665 0 0 0 0 0 0 0 0 0 0
10 0.501902660632242 -0.532982957608459 0.160111435135363 -0.659344405623784 1.78150273259631 2.29712157322312 0 0 666 0 0 0 0 0 0 0 0 0 0
10 -0.797101315104252 1.0237301067736 -1.77248738731825 -0.317363349819644 -0.784569713191134 2.30458865777587 0 0 667 0 0 0 0 0 0 0 0 0 0
10 0.337372462410988 -0.0147991078477804 -0.34354755106026 3.65617525634645 -1.01876897433615 -0.737058203960554 0 0 668 0 0 0 0 0 0 0 0 0 0
10 0.640423460415453 0.548357945364204 -0.411683596744238 -0.053649695916414 3.66371929880283 0.541471529171323 0 0 669 0 0 0 0 0 0 0 0 0 0
10 -0.085377161706703 1.21205000964985 -1.32671946241819 0.0536613433028104 1.28270789230068 -1.02109850994651 0 0 670 0 0 0 0 0 0 0 0 0 0
10 -0.655554288663021 -1.05849967833004 -0.459873077875263 -3.21028258377244 0.0915565789740757 -2.47803375972456 0 0 671 0 0 0 0 0 0 0 0 0 0
10 -0.138318913967764 0.120248104741865 -0.610510384391366 -1.34921092668131 1.32503167031574 0.124877957943578 0 0 672 0 0 0 0 0 0 0 0 0 0
10 0.211060178060107 0.228841983663307 -0.119411012708878 2.78146301398483 -0.655214403980517 -2.1409771049047 0 0 673 0 0 0 0 0 0 0 0 0 0
10 1.12991754405781 0.240728598254117 0.0787320338073959 0.994830780505366 -1.15593488787323 0.683299838795775 0 0 674 0 0 0 0 0 0 0 0 0 0
10 -1.08244746751217 -0.604326090395747 -0.584287092390828 -2.48574625342978 1.05800145630484 1.38855185941093 0 0 675 0 0 0 0 0 0 0 0 0 0
10 -0.242513741631626 0.297597041422003 -0.0073961264539327 2.04804955649055 -2.77669060595261 -0.849892080529664 0 0 676 0 0 0 0 0 0 0 0 0 0
10 -0.489817462280887 0.024497021806511 -0.47537090610015 2.39120148414543 -1.91897732239193 -0.437002392928363 0 0 677 0 0 0 0 0 0 0 0 0 0
10 -0.143524376900051 -0.74907276076395 0.0059311156187093 0.259907134183499 3.90333022455051 2.72148351259882 0 0 678 0 0 0 0 0 0 0 0 0 0
10 0.274257044538631 -0.318216194626529 0.530004177777381 2.99985231282759 0.313079887488965 0.511123964901878 0 0 679 0 0 0 0 0 0 0 0 0 0
10 0.124514627784812 0.41417075641381 -0.101542948374964 -0.818169791018292 1.6449422814326 0.987602699932896 0 0 680 0 0 0 0 0 0 0 0 0 0
10 0.59642523212551 -0.434616994036924 1.48550341831095 -1.41251518495346 0.183767895934065 -0.592816047888315 0 0 681 0 0 0 0 0 0 0 0 0 0
10 0.049358262062429 0.0333257344696446 -0.516063510647737 -2.99821361616998 -0.921121732076169 1.39735898751958 0 0 682 0 0 0 0 0 0 0 0 0 0
10 0.211298818441021 -0.368426294745955 -0.0289158097259396 -1.00776855938269 2.936813507671 -2.41470099250063 0 0 683 0 0 0 0 0 0 0 0 0 0
10 0.209490751230865 -0.789274211897541 0.385242739712861 -1.89860352833987 -2.63935952112649 -1.17586133102621 0 0 684 0 0 0 0 0 0 0 0 0 0
10 1.23395920492246 0.100218717328462 0.27894666261561 -0.187053123301358 1.78635166767692 -0.719212024714774 0 0 685 0 0 0 0 0 0 0 0 0 0
10 0.547937610902338 1.02410973135385 -0.759200039966362 -0.349259627188853 -1.05170355714417 -0.381955047163968 0 0 686 0 0 0 0 0 0 0 0 0 0
10 3.83418959803381 2.52848957407255 -0.887218240914388 0.764218931648154 -1.41995337379069 0.719841011691909 0 0 687 0 0 0 0 0 0 0 0 0 0
10 0.549138780264335 -0.005135721920329 -0.423353916728698 -2.08867503566797 -1.13077862793734 0.870749310582721 0 0 688 0 0 0 0 0 0 0 0 0 0
10 8.10140732755495 1.55012981284433 10.854319839806 0.199975997663681 0.409773330437752 -0.609190574867798 0 0 689 0 0 0 0 0 0 0 0 0 0
10 0.270250309256439 -0.297742419424011 -0.423352687457461 -3.64487623420549 2.57686022246695 -0.805359422750969 0 0 690 0 0 0 0 0 0 0 0 0 0
10 -0.594985220172393 0.154371965452326 3.30452133596716 -0.338339607806657 -0.0774576518664206 -1.46690201110768 0 0 691 0 0 0 0 0 0 0 0 0 0
10 0.340222408672143 0.139506024074054 0.358948024103315 4.62211936720822 0.200622316995029 -0.806090856870136 0 0 692 0 0 0 0 0 0 0 0 0 0
10 -0.41234673712458 -0.26423724984401 -1.19772272571508 2.72561485820255 -0.424639223381728 0.125036619014489 0 0 693 0 0 0 0 0 0 0 0 0 0
10 -0.657496078743234 -0.0544909245988793 -0.103398253301372 -1.83817495691973 1.64574602313741 4.47714830842082 0 0 694 0 0 0 0 0 0 0 0 0 0
10 0.897912248005632 1.03459640517942 -1.17256102750696 0.7030969884517 0.215873704349523 1.44792750543568 0 0 695 0 0 0 0 0 0 0 0 0 0
10 -0.702100236129839 0.490790153740355 0.456300166219978 -1.87711149235151 2.55750496685547 -0.836148592383152 0 0 696 0 0 0 0 0 0 0 0 0 0
10 0.281338035829014 0.41184233416814 0.0835845831591805 0.201483097243806 2.80140682692968 -0.531971055774982 0 0 697 0 0 0 0 0 0 0 0 0 0
10 0.266317258399427 -0.128817338788828 0.850399249521473 -1.80705192923639 1.9135958884122 -0.289773752049954 0 0 698 0 0 0 0 0 0 0 0 0 0
10 0.0843886874093494 -0.0191292860783993 -0.690572582966929 1.45690801362181 -1.21211176280301 -0.885448986559087 0 0 699 0 0 0 0 0 0 0 0 0 0
10 -0.153731949626868 0.0817564544739658 0.310839441696799 -0.778670905951611 -1.09012891770612 -3.64375749742908 0 0 700 0 0 0 0 0 0 0 0 0 0
10 -1.25838072787275 -0.928917872927684 1.45122462696337 0.227836116129804 1.50006198079354 -1.39941951739241 0 0 701 0 0 0 0 0 0 0 0 0 0
10 0.719010820212493 -0.424671441442003 0.296647592675792 3.37817234875447 -1.16449175777286 0.444951826246131 0 0 702 0 0 0 0 0 0 0 0 0 0
10 0.508006581010099 -0.0377689856060478 0.353291798062058 1.45482811560516 0.75250725081836 -1.93148156777531 0 0 703 0 0 0 0 0 0 0 0 0 0
10 -1.13108393327382 0.136260666911764 -0.165263577076531 2.47331696163631 -1.56621314997737 2.60034357897961 0 0 704 0 0 0 0 0 0 0 0 0 0
10 0.818317380679805 -0.722288215717868 0.180496641280712 -0.217451354544333 2.83417432717832 -0.483235691156568 0 0 705 0 0 0 0 0 0 0 0 0 0
10 1.24709689641044 1.56787472519832 -0.530516881229971 -0.601540385038476 -1.43571064925936 0.198659435404151 0 0 706 0 0 0 0 0 0 0 0 0 0
10 -2.31090764249232 -0.715653894070778 0.212430913141793 -0.663274237517482 1.23037338814321 -0.0759641012351871 0 0 707 0 0 0 0 0 0 0 0 0 0
10 1.56268134564071 -0.19247124253134 -2.30117921647614 -1.12160643130486 -0.00093064995856796 -0.904297118202227 0 0 708 0 0 0 0 0 0 0 0 0 0
10 0.432706236393924 0.150664360614647 0.129754667413187 4.84236296468104 -1.83301379279283 -3.50019961643399 0 0 709 0 0 0 0 0 0 0 0 0 0
10 0.357078169229412 0.579963464425685 -0.88078638601921 -1.80376687594847 3.68726877987215 0.543613134274992 0 0 710 0 0 0 0 0 0 0 0 0 0
10 0.116682542697355 -0.441359876567955 0.319385581805041 -0.327236259111568 3.19522823516188 1.19514048938093 0 0 711 0 0 0 0 0 0 0 0 0 0
10 -0.150651675060673 0.519401422921252 -0.231124842158466 2.23031299932577 -0.270929312603471 1.09036220993408 0 0 712 0 0 0 0 0 0 0 0 0 0
10 -0.313986651362674 -0.568694577999325 0.287255781438684 -1.38726088150376 -2.26990058813799 -0.460077644497081 0 0 713 0 0 0 0 0 0 0 0 0 0
10 -0.205093915589604 0.34059103084449 -0.653364737797225 -0.866160951677435 -2.64005645753109 2.63455686798574 0 0 714 0 0 0 0 0 0 0 0 0 0
10 0.342244269817348 0.694203789543284 0.42672306721934 -1.03730311726206 -2.04190907826676 2.31818195613397 0 0 715 0 0 0 0 0 0 0 0 0 0
10 -0.749709975215301 -0.504822670358481 -0.577444453202852 -1.42990875711022 0.770293462407831 1.39249142110855 0 0 716 0 0 0 0 0 0 0 0 0 0
10 1.23131373068234 1.06866610153191 -1.15372021134707 -1.32937584973345 -0.269831991706562 -0.758633454305946 0 0 717 0 0 0 0 0 0 0 0 0 0
10 -0.234700996515933 -0.946952301676543 1.69011513899969 2.16025947835903 -1.25316712573539 -1.79090821805914 0 0 718 0 0 0 0 0 0 0 0 0 0
10 -0.688338815635867 2.59044301338666 0.458582366680514 -0.828158575273864 0.244277713566133 -2.03702335045252 0 0 719 0 0 0 0 0 0 0 0 0 0
10 -0.0553796096287764 -0.319390857411502 0.0136008600072005 -1.53305920607408 -1.44223011831949 -1.2735433590841 0 0 720 0 0 0 0 0 0 0 0 0 0
10 0.756667855728882 -0.0865075588914752 -0.577326070517441 2.1692776156436 2.95561130980596 0.467245913553172 0 0 721 0 0 0 0 0 0 0 0 0 0
10 -0.0012393781391125 -0.218157453969683 -0.193317915387035 0.748776463350955 -1.63705665622162 -1.04350952842653 0 0 722 0 0 0 0 0 0 0 0 0 0
10 3.13911177037842 2.06833982662562 -2.00635320782467 -1.81712014877339 0.331478995486743 1.21296215506145 0 0 723 0 0 0 0 0 0 0 0 0 0
10 0.631044277507365 0.0207603349733764 0.072215446851337 -1.36785313574753 1.33839041048306 -0.323186426665064 0 0 724 0 0 0 0 0 0 0 0 0 0
10 -0.684593383033555 0.585180285793367 0.584077777837401 -0.443747267125409 2.12239764650852 1.17653044426292 0 0 725 0 0 0 0 0 0 0 0 0 0
10 -0.372922681386477 0.179014730469286 -1.19780892672067 0.397609757352154 -0.934199423657476 -2.36675872958839 0 0 726 0 0 0 0 0 0 0 0 0 0
10 -1.06287804973204 1.92211388598725 -3.07670193248282 1.12311817593872 -1.46266636557124 0.362486099426848 0 0 727 0 0 0 0 0 0 0 0 0 0
10 -0.933816863175794 -1.03062780588173 -0.121218883791094 -2.80142489205223 -2.13168317823822 -1.58909396874737 0 0 728 0 0 0 0 0 0 0 0 0 0
10 -0.647083330726835 -0.224110443572997 -0.326408337838456 -1.13165107863177 0.207731549052254 0.313387505508359 0 0 729 0 0 0 0 0 0 0 0 0 0
10 -0.928741658567803 0.420420053704054 -0.0204475851321338 -1.19485842845958 0.477291110395298 -2.15160798058258 0 0 730 0 0 0 0 0 0 0 0 0 0
10 0.554123860207194 0.284588816089177 -0.630597849551514 -0.675093515637301 -1.00399714536194 -0.092103298872634 0 0 731 0 0 0 0 0 0 0 0 0 0
10 0.225369898749626 0.781951356499098 -0.125321953283479 -1.30593645132228 2.72769120986542 -0.145559671021265 0 0 732 0 0 0 0 0 0 0 0 0 0
10 0.50205168193839 -0.440078744114022 0.55462146873543 -0.712765614888577 0.5496233130852 -0.113715612481192 0 0 733 0 0 0 0 0 0 0 0 0 0
10 4.4142081730013 -10.6102946610993 -8.49896518673661 -0.0405200525534659 -0.0919764882687513 0.808441432216835 0 0 734 0 0 0 0 0 0 0 0 0 0
10 -0.651754499346968 6.17013988096394 0.701999458544396 0.133605433311185 0.498636072369757 1.68287507271337 0 0 735 0 0 0 0 0 0 0 0 0 0
10 -0.197669525815775 -0.0821200398909058 -0.341962039867567 -2.04915721110971 2.38198082423344 3.66986266500416 0 0 736 0 0 0 0 0 0 0 0 0 0
10 -0.513270289858935 -0.412239838107148 0.138050231767889 1.32618531493608 0.0340648658602137 0.316817143828345 0 0 737 0 0 0 0 0 0 0 0 0 0
10 0.272131696561933 -0.0719567384211819 0.262557077470405 -1.25569530482653 -0.260867763835197 -2.08500588162247 0 0 738 0 0 0 0 0 0 0 0 0 0
10 -2.18426365753939 -2.70462575640643 0.568856343190284 -2.51182404206554 -0.891123396232568 0.373036036039553 0 0 739 0 0 0 0 0 0 0 0 0 0
10 -1.18120935038869 1.20696226924314 0.896756879129216 -0.0259502262097606 -0.0962366222734395 1.0090505303456 0 0 740 0 0 0 0 0 0 0 0 0 0
10 1.10201995024859 2.04297112598436 -0.896209237940371 0.158654529534002 -0.347928129971923 0.836719536382061 0 0 741 0 0 0 0 0 0 0 0 0 0
10 1.97346280868006 -2.39277279550517 -0.67481742986606 -0.571754720316666 0.41620877302712 1.15715147935063 0 0 742 0 0 0 0 0 0 0 0 0 0
10 -0.590781414170491 0.020912732479266 0.0416220753935134 -1.13617164722675 -0.163202087682294 -1.17307110151911 0 0 743 0 0 0 0 0 0 0 0 0 0
10 0.451882446724543 -0.163748256330122 -0.585425484984973 -1.71289314145305 -1.73176421561361 2.52858550544682 0 0 744 0 0 0 0 0 0 0 0 0 0
10 -1.00553488592003 1.17764600446328 0.432167608988205 1.17820325065851 0.256813869631619 0.821568197957122 0 0 745 0 0 0 0 0 0 0 0 0 0
10 1.76496312665362 17.5876322863049 5.4805678182292 -0.27421134373874 -1.00150994000406 -0.181947416156102 0 0 746 0 0 0 0 0 0 0 0 0 0
10 4.03708601237697 0.80775066557771 -1.33033968962017 -1.43490323659468 0.107872985174116 0.0976897235650379 0 0 747 0 0 0 0 0 0 0 0 0 0
10 -0.849249552649544 -0.550259923939933 0.299049777487121 0.1935326614225 -1.13723524904277 -1.45914432347359 0 0 748 0 0 0 0 0 0 0 0 0 0
10 0.784631371645944 0.279605935033179 0.43743058429499 -1.12130972104619 1.97161194844094 -0.0145025493698441 0 0 749 0 0 0 0 0 0 0 0 0 0
10 0.391033567103259 0.178378502224653 -0.0087673522150098 -2.96998971265385 -0.740362939736477 0.683207284724768 0 0 750 0 0 0 0 0 0 0 0 0 0
10 0.427172690276937 0.22629323999958 0.445895976195828 -3.31597047199752 2.20507645148501 1.42234799640798 0 0 751 0 0 0 0 0 0 0 0 0 0
10 -0.0945047144617066 0.202372898698378 -0.649239976166885 -0.687619815867273 3.54851672281664 3.22580663167621 0 0 752 0 0 0 0 0 0 0 0 0 0
10 -0.608025839207846 0.422567276132548 0.638543001782505 0.10141993448419 0.297477540331661 -1.95091408405623 0 0 753 0 0 0 0 0 0 0 0 0 0
10 1.05409623170452 -0.799648003869613 -0.930085189589387 -1.18896111415876 -2.95128519025768 0.843080474841686 0 0 754 0 0 0 0 0 0 0 0 0 0
10 1.20655642298134 -0.754722139321571 -0.688467372255863 0.14072515332786 -1.13633857920813 3.32109474953333 0 0 755 0 0 0 0 0 0 0 0 0 0
10 -0.721671793106126 0.293797562205382 4.00035635289012 -1.68349966217389 -0.281189133219654 1.28815935522093 0 0 756 0 0 0 0 0 0 0 0 0 0
10 0.193548159443106 -0.387625012758027 0.592665139103105 0.489514675000464 1.05963446569684 -1.25364518248415 0 0 757 0 0 0 0 0 0 0 0 0 0
10 0.757597494712816 0.168289593474801 -0.630654143515249 -0.726415722789337 0.372059034192931 3.59701784363476 0 0 758 0 0 0 0 0 0 0 0 0 0
10 -0.402433913474174 -0.0212414338885627 0.457527348149493 1.66579349649057 -0.225820281425594 0.0409086139896191 0 0 759 0 0 0 0 0 0 0 0 0 0
10 -0.395626779979185 0.348135877274779 0.203683855293252 -0.427401250812139 -0.878255800528704 1.86639094733956 0 0 760 0 0 0 0 0 0 0 0 0 0
10 0.239652160844846 2.33341428970648 0.323727274651154 2.30378895015759 -0.169025605604439 0.332387362673343 0 0 761 0 0 0 0 0 0 0 0 0 0
10 -1.44902410105192 -0.94738750938232 2.12197739627464 -0.519919445041021 -0.208279278335529 0.69624138220529 0 0 762 0 0 0 0 0 0 0 0 0 0
10 -0.769368979739543 1.93021209154219 0.160273664423209 -0.888392739799549 0.925165046206494 -2.91873339917901 0 0 763 0 0 0 0 0 0 0 0 0 0
10 0.0755175368564325 0.142632619805556 -0.494226803109131 0.191649731749586 1.21148055472552 1.94604038655763 0 0 764 0 0 0 0 0 0 0 0 0 0
10 0.88383467855314 1.71760020227072 0.0987020335805342 -0.705381236204476 -0.770934638907324 -0.137848210071742 0 0 765 0 0 0 0 0 0 0 0 0 0
10 0.11425915160111 -0.660171566543385 -0.143555384576773 0.842367319567897 -0.378228454321674 2.66120982213815 0 0 766 0 0 0 0 0 0 0 0 0 0
10 0.10878747741129 -0.426304487998288 0.334002441503273 -1.57749567906395 0.863491136829567 -1.70396160620834 0 0 767 0 0 0 0 0 0 0 0 0 0
10 0.110688397241911 0.138509901787401 -0.274482228820349 3.71997882315971 -1.11718646930281 -1.68251249807776 0 0 768 0 0 0 0 0 0 0 0 0 0
10 0.202392111440321 -0.0242553972582613 0.145158860234763 -2.81015015142712 -0.629389326893057 3.31278134416756 0 0 769 0 0 0 0 0 0 0 0 0 0
10 -0.233729382369916 0.453503294186079 0.15127554232301 1.09248880201888 0.376981463191585 -2.8089427712728 0 0 770 0 0 0 0 0 0 0 0 0 0
10 -0.0503024922801811 -0.799126493583933 0.0186621203724061 2.98019304966729 -0.28604150706863 -0.509464557886505 0 0 771 0 0 0 0 0 0 0 0 0 0
10 -0.741085178058503 -1.20716782255987 -0.792375246183764 1.3664606646497 -2.92084513062586 -1.59371300917102 0 0 772 0 0 0 0 0 0 0 0 0 0
10 0.175387060498279 -0.112025401871106 0.356595568759714 -1.08291444682179 -0.927695127127658 0.835325232831888 0 0 773 0 0 0 0 0 0 0 0 0 0
10 1.08114233669899 -0.89985828482938 -0.670189439722929 1.75114885728068 0.539720365095885 -0.301860324286316 0 0 774 0 0 0 0 0 0 0 0 0 0
10 0.0168550198693058 0.667397307328771 -0.534677155038912 1.32979847693615 0.0376882463395007 0.402750638440343 0 0 775 0 0 0 0 0 0 0 0 0 0
10 -0.508955528655748 1.53939995937812 -1.92647343970506 1.79097935234434 -0.553967568110408 -0.213482907218111 0 0 776 0 0 0 0 0 0 0 0 0 0
10 0.346546734618979 0.618481240083172 0.110980686213497 -1.49724969898369 0.751897509001131 1.12265911849305 0 0 777 0 0 0 0 0 0 0 0 0 0
10 3.12630459543049 4.33620844792899 -2.99559934145332 1.69854232522431 -0.449496885030513 0.308761525055694 0 0 778 0 0 0 0 0 0 0 0 0 0
10 0.309310904836381 -0.343942173364423 0.111025956466675 3.82551348271952 -0.187850820523185 -0.190073951900271 0 0 779 0 0 0 0 0 0 0 0 0 0
10 0.849131641732904 0.563484870865459 -0.396249042225398 0.662738501671171 -2.79958230122271 -0.979398985428559 0 0 780 0 0 0 0 0 0 0 0 0 0
10 0.819230216833253 2.83569475127237 -0.448724063866269 0.195417272981405 -0.740898599263391 1.98113845388094 0 0 781 0 0 0 0 0 0 0 0 0 0
10 4.88298217622305 0.145040044881452 -1.81155797720272 0.115931121844971 -0.239492098542993 0.663991234323591 0 0 782 0 0 0 0 0 0 0 0 0 0
10 0.135883455141665 -0.543158751919318 0.0033273776237487 -2.02535751890086 1.17026830111399 -2.37911578458647 0 0 783 0 0 0 0 0 0 0 0 0 0
10 -1.8862746503931 -1.58161071078501 -0.699391445728537 -0.323499238789627 -0.234105002069629 -0.100334770262609 0 0 784 0 0 0 0 0 0 0 0 0 0
10 -0.0985227780439806 -0.162175676045758 0.0912968729844388 2.3878252441587 -3.0373102276251 1.36629610168623 0 0 785 0 0 0 0 0 0 0 0 0 0
10 -0.0709831785821323 -1.76358021410139 1.8076197514629 2.53950472834907 0.955289580137047 -0.0241574364801211 0 0 786 0 0 0 0 0 0 0 0 0 0
10 -2.64038495882547 -3.05222030083017 3.11881025345795 -0.185542430151998 1.48485655518864 -1.06300621127407 0 0 787 0 0 0 0 0 0 0 0 0 0
10 -0.0735662835982717 0.0072677313681236 0.153326661505057 -1.44961497063845 1.19174218383143 4.0740714548081 0 0 788 0 0 0 0 0 0 0 0 0 0
10 -0.0952994767382037 0.351873466078896 -0.0503961455028669 1.30862007645458 -6.42321388818055 0.148733866891198 0 0 789 0 0 0 0 0 0 0 0 0 0
10 -0.526982453430325 1.44974761247611 1.69650283904765 -0.978475251668555 0.0106777834653253 0.667583727370263 0 0 790 0 0 0 0 0 0 0 0 0 0
10 0.348625338059518 -1.02045341982012 1.38376052731345 -1.56251432913601 0.671808641294541 0.157913586122033 0 0 791 0 0 0 0 0 0 0 0 0 0
10 0.397270989487277 -0.0715985181365406 -0.744148865095789 1.97900563039836 2.45960397328172 0.466946132785612 0 0 792 0 0 0 0 0 0 0 0 0 0
10 -0.0754776618379061 -0.369223273525235 -0.36485821292777 -0.894716301157542 -3.21636273766126 0.314278397339773 0 0 793 0 0 0 0 0 0 0 0 0 0
10 -0.418300388031891 0.297140894060372 0.0773385536216298 -2.30290562424584 -2.10836806392156 1.59641127056375 0 0 794 0 0 0 0 0 0 0 0 0 0
10 0.340136824649368 -0.472793769914054 -0.0985580961150866 2.12408924450347 -1.81545120748459 1.19594794281276 0 0 795 0 0 0 0 0 0 0 0 0 0
10 1.30943117098449 0.830146453484992 -0.142385657970994 -2.58349029848859 0.20946222367082 1.18743907036693 0 0 796 0 0 0 0 0 0 0 0 0 0
10 -0.105743372842657 -0.32843311983141 0.456580544533881 4.91992376997504 -0.903342851170862 1.15191980161221 0 0 797 0 0 0 0 0 0 0 0 0 0
10 0.864108079326134 -0.0996810363822776 1.04896213904027 -0.378463513281645 2.93407509155032 -1.28703881343484 0 0 798 0 0 0 0 0 0 0 0 0 0
10 -1.45505377009394 0.312752158064598 -0.268536593856287 -1.29483204247987 -0.7714337924549 2.22823577490062 0 0 799 0 0 0 0 0 0 0 0 0 0
10 -0.551608806649217 0.174223959583758 -0.132335470343449 -1.14090496409945 -0.612143542553051 0.234716707601511 0 0 800 0 0 0 0 0 0 0 0 0 0
10 -1.51362866372051 -0.396747958284568 -1.67917519419692 2.74761948119804 -0.112764710318536 -1.05373785332528 0 0 801 0 0 0 0 0 0 0 0 0 0
10 0.48567896030785 0.427074711960029 -0.70259887734673 -1.30611122427872 1.05599108516453 0.365417290682045 0 0 802 0 0 0 0 0 0 0 0 0 0
10 0.0628184491012849 0.391588177550119 0.0516290848244341 0.615391854866765 -0.0781318225083052 2.38682683930898 0 0 803 0 0 0 0 0 0 0 0 0 0
10 0.822768584832648 -0.29621131804387 -0.554248232118251 0.282979474773068 1.56378143311234 1.57448835151052 0 0 804 0 0 0 0 0 0 0 0 0 0
10 -0.24705704145351 -1.64630193481855 0.653050654155999 0.175514143289907 0.802077720321909 0.344289836759928 0 0 805 0 0 0 0 0 0 0 0 0 0
10 -0.567320755447487 -0.304616797515711 0.5401750897505 -0.695366813976649 -0.275593071922322 -0.442992918354186 0 0 806 0 0 0 0 0 0 0 0 0 0
10 0.757371347244937 0.638589243174133 -0.436506883150052 3.56124073035322 -2.78617670897681 0.206551897046092 0 0 807 0 0 0 0 0 0 0 0 0 0
10 -0.233260942992398 0.0503934080012184 0.195197592202275 0.456948030807192 -1.429335699327 0.740781293594469 0 0 808 0 0 0 0 0 0 0 0 0 0
10 -0.148763327516735 -0.556347950224974 -1.19743304312629 -0.369830072136004 0.59450708059155 0.00431234587077115 0 0 809 0 0 0 0 0 0 0 0 0 0
10 0.263642563023504 0.363476750746255 -0.203025818359533 1.88154722460814 -1.81106341942082 0.614879172164143 0 0 810 0 0 0 0 0 0 0 0 0 0
10 0.282400255017993 -0.73860537007692 0.384115515760113 1.62040760993596 -1.17561822783681 -1.79226632135817 0 0 811 0 0 0 0 0 0 0 0 0 0
10 1.12689808877445 -0.689209777018792 0.17552701793791 0.330589845776361 0.451434393893107 -3.27686978485515 0 0 812 0 0 0 0 0 0 0 0 0 0
10 -0.732698928507837 -1.15256200288362 0.112625780167791 2.61006601059647 -0.327374112455183 0.122785623163814 0 0 813 0 0 0 0 0 0 0 0 0 0
10 0.272521202321915 -0.374896322164122 0.0150195402174641 0.216294127210191 1.14656837335575 -4.55273171667816 0 0 814 0 0 0 0 0 0 0 0 0 0
10 0.196189517657106 0.0149492391533281 -0.493616655441122 -3.75401880559187 2.45504314418427 -2.9265878024524 0 0 815 0 0 0 0 0 0 0 0 0 0
10 -0.0414195066234005 0.0290580727171956 -0.514349858701149 2.88013267717234 -0.552080116136339 1.17667750701778 0 0 816 0 0 0 0 0 0 0 0 0 0
10 0.242750302522056 1.68273643145674 1.60896075542804 -0.0529261259442106 1.03166505360095 1.8385931873122 0 0 817 0 0 0 0 0 0 0 0 0 0
10 -0.61506077471381 0.181850317491667 -0.019556478861195 -0.180462155524614 2.45452279275921 -3.30384318864833 0 0 818 0 0 0 0 0 0 0 0 0 0
10 -0.331674386797941 -0.0833053454944369 0.396168478831487 -0.995356011884277 0.988709969149508 -4.10762462036969 0 0 819 0 0 0 0 0 0 0 0 0 0
10 -0.752005134862021 -1.43468493677664 -1.18815962912279 -0.688204996112122 0.961220857098428 -1.05975261340947 0 0 820 0 0 0 0 0 0 0 0 0 0
10 -1.27299017000425 0.822932955504982 0.296365967089308 0.26156328762621 -2.65125138925449 -1.17320519103564 0 0 821 0 0 0 0 0 0 0 0 0 0
10 -0.0142651147195999 -0.133783157616155 -0.261975226376025 1.02685897026596 0.0348857884227084 0.493112289557633 0 0 822 0 0 0 0 0 0 0 0 0 0
10 -0.265902512642321 0.521575658762436 -0.165234103110618 4.91990643431285 0.212981179818613 -0.854449277524902 0 0 823 0 0 0 0 0 0 0 0 0 0
10 -0.560415463478061 0.321852164042055 0.452823178202981 -0.542154822838798 -1.61363634094416 -2.42191535403366 0 0 824 0 0 0 0 0 0 0 0 0 0
10 1.24100408652557 -0.586135687981505 -0.75399374876736 -2.91572373037523 3.21788186327591 2.4855310118033 0 0 825 0 0 0 0 0 0 0 0 0 0
10 0.311788036057854 -0.739259137757287 0.318976977849702 -0.649924761780786 0.287307959173481 -1.7196380009608 0 0 826 0 0 0 0 0 0 0 0 0 0
10 0.445849780057016 0.339207874354467 -0.319389864697684 1.73299953865646 3.1609047739846 2.645967735068 0 0 827 0 0 0 0 0 0 0 0 0 0
10 -4.82807482304289 0.887319381145334 -4.91047409989189 -1.07419755897599 0.693838587883808 -0.984354162497678 0 0 828 0 0 0 0 0 0 0 0 0 0
10 -1.11260652328765 0.161907596982357 -0.0294587653534626 -0.80973401893668 2.52605501385228 2.12364502010618 0 0 829 0 0 0 0 0 0 0 0 0 0
10 -3.26888121317925 6.97328894538665 -2.10704464109501 0.41867301040039 -0.467098906572377 0.818708934299524 0 0 830 0 0 0 0 0 0 0 0 0 0
10 0.207362395056308 0.0819639715257027 -0.934829443391554 -2.86419748337682 0.940058976685278 -2.2971540786446 0 0 831 0 0 0 0 0 0 0 0 0 0
10 -0.137022417222986 0.840512815795289 -0.565654712811351 0.780804289153682 0.0656821288678936 -2.93740300115134 0 0 832 0 0 0 0 0 0 0 0 0 0
10 0.312135147778603 -0.0309439998513474 -0.294437566309332 -3.21560853200274 0.716831573236643 1.93871302128652 0 0 833 0 0 0 0 0 0 0 0 0 0
10 -1.35288369045542 -0.907194620679376 -0.0850959991633251 0.72954656062485 -0.364196655009736 0.200369658049218 0 0 834 0 0 0 0 0 0 0 0 0 0
10 -0.0914766875207203 -0.835164987653109 -0.889121253666744 -0.128804180114654 -1.99005800461921 2.77267384745703 0 0 835 0 0 0 0 0 0 0 0 0 0
10 -0.474907885774667 -0.810125123955642 0.55520064046123 0.252012664276957 0.0898472045206949 -3.89975890103803 0 0 836 0 0 0 0 0 0 0 0 0 0
10 0.948886946396446 -2.69083801369866 -2.84040137241661 0.633604914856405 0.334887633027011 0.45229406060408 0 0 837 0 0 0 0 0 0 0 0 0 0
10 -3.26861491446952 -1.99729737800266 -4.47932845627792 -0.524787395580494 0.223591675652346 0.741034947154001 0 0 838 0 0 0 0 0 0 0 0 0 0
10 0.356114260471662 0.491337887407383 1.31512352872724 -3.04316615069696 -0.294056665683578 -0.284072187589545 0 0 839 0 0 0 0 0 0 0 0 0 0
10 3.65042763498112 0.733235189962308 0.0362410245034791 -0.204497573131563 0.0215748239097613 2.1776288019903 0 0 840 0 0 0 0 0 0 0 0 0 0
10 -0.290764983577219 0.106891382328248 0.366606120325307 -2.15038195114573 3.53873757923072 -0.102751358944736 0 0 841 0 0 0 0 0 0 0 0 0 0
10 0.0432009243610046 -0.674745166390528 0.0506851880926807 -1.2399702485686 -3.52259908448973 3.23966999535029 0 0 842 0 0 0 0 0 0 0 0 0 0
10 -0.0087442995385532 0.191210098595419 -0.566897480655178 -0.213893623736649 -4.47006739038796 -0.16887407254273 0 0 843 0 0 0 0 0 0 0 0 0 0
10 0.134795561361487 0.528099043327846 -2.4532244963329 -0.597532874359082 1.48983655939711 -0.38405635361613 0 0 844 0 0 0 0 0 0 0 0 0 0
10 0.0838598881166963 0.297123274826095 0.358678784558811 1.74254380784068 -1.05534665305047 1.44997304055018 0 0 845 0 0 0 0 0 0 0 0 0 0
10 -0.916964526483909 0.816285870956737 0.623508789916658 2.33600524216807 0.330102540966095 -1.6981151276875 0 0 846 0 0 0 0 0 0 0 0 0 0
10 0.876551592775521 -0.50973579591787 -0.345843595831262 0.28738500864451 1.23695410613775 4.30475581610901 0 0 847 0 0 0 0 0 0 0 0 0 0
10 -0.467041275933273 0.543116547287574 0.127607804138625 -2.11040549316415 -2.44996243817137 -2.89793177063026 0 0 848 0 0 0 0 0 0 0 0 0 0
10 0.198708476338651 0.0519783267049324 -0.675316473010796 1.62265074688822 -2.73837744020861 0.962316515400253 0 0 849 0 0 0 0 0 0 0 0 0 0
10 -1.12857730847309 -0.624280930373724 2.33578189909156 0.241771701363174 -0.718141276362815 -1.42752457405056 0 0 850 0 0 0 0 0 0 0 0 0 0
10 -0.892396662720768 0.370820268185375 0.649963115531039 -0.092953092683594 -1.87306154116281 2.20112701813189 0 0 851 0 0 0 0 0 0 0 0 0 0
10 -1.49490242547098 -0.43722283525374 0.936344873073186 -2.22740752789126 -0.706787350494595 0.853453308341656 0 0 852 0 0 0 0 0 0 0 0 0 0
10 0.12654509617027 -0.260671918808005 0.08995779515906 -1.82090666966572 4.93937402791576 -0.695086554843268 0 0 853 0 0 0 0 0 0 0 0 0 0
10 3.85769106758178 0.285894684854077 2.49396465760024 0.606723240137244 0.761174881733217 -1.10236520992393 0 0 854 0 0 0 0 0 0 0 0 0 0
10 -0.267516588789905 0.712710380700797 0.114565890089177 1.08453994283193 1.17249579982117 -0.570828029600702 0 0 855 0 0 0 0 0 0 0 0 0 0
10 0.684117025863612 0.0228130346767227 -0.920038829498887 0.343588961640556 0.472908490235758 0.0613349048624213 0 0 856 0 0 0 0 0 0 0 0 0 0
10 1.40618919880936 0.00095993712673 -0.352937907465577 -0.680004247769241 -0.630066841776341 1.98917808246935 0 0 857 0 0 0 0 0 0 0 0 0 0
10 1.07568500974676 0.389407867223798 0.0356239832486297 2.29489350878759 1.14032054537334 3.41563966813733 0 0 858 0 0 0 0 0 0 0 0 0 0
10 -0.254830529338615 -0.130090620955261 -0.226588278433109 1.39565493773044 -1.81744643031041 0.517440091948916 0 0 859 0 0 0 0 0 0 0 0 0 0
10 0.836203757957943 -1.1981130507884 -0.0910141745133601 -0.77272590499255 -0.206842532592839 -0.565685649268616 0 0 860 0 0 0 0 0 0 0 0 0 0
10 0.192495810929728 -1.09740894370147 -0.803533364648296 -3.96931340301903 0.098340712983254 0.597828618827139 0 0 861 0 0 0 0 0 0 0 0 0 0
10 0.0207493068774471 -0.0368637859295078 -0.0434950829566579 -0.620149746488297 -0.233482530088856 -4.7168170173297 0 0 862 0 0 0 0 0 0 0 0 0 0
10 -1.06156344318222 -0.340641761821831 0.106000169044047 -0.209512259852155 -0.968285205670561 -1.53232100630654 0 0 863 0 0 0 0 0 0 0 0 0 0
10 -0.80499122219691 0.342746995376076 -1.55315985870289 2.56046775579845 1.39013970616499 -1.38663091183602 0 0 864 0 0 0 0 0 0 0 0 0 0
10 0.393025543617758 0.59657632937682 -0.280139183807293 5.4279630238638 -0.321010422810402 0.406917487845615 0 0 865 0 0 0 0 0 0 0 0 0 0
10 -0.256969570859735 0.44438746903097 0.147688132751697 -2.42249467542212 -2.13198888390273 0.649821045281825 0 0 866 0 0 0 0 0 0 0 0 0 0
10 0.460186930308537 0.238457272343132 0.341435413355859 -3.89563805414289 -0.554522228476865 -0.326380122813357 0 0 867 0 0 0 0 0 0 0 0 0 0
10 1.23133089006029 1.29954263124132 -0.0716305133684175 2.35980117316903 -2.49970131756173 -2.07169211414032 0 0 868 0 0 0 0 0 0 0 0 0 0
10 2.84140555911055 0.488749296562557 0.211312838439032 -0.687491307222825 0.32166767139852 -0.203572203974097 0 0 869 0 0 0 0 0 0 0 0 0 0
10 -0.226414331413365 -0.0544425905744826 0.277899283357454 3.56825112519764 1.17432615092561 1.46198636356634 0 0 870 0 0 0 0 0 0 0 0 0 0
10 0.0830517697101519 0.269078371402806 -0.628761525412301 0.207333482661384 3.53404692469687 0.846272693051335 0 0 871 0 0 0 0 0 0 0 0 0 0
10 -3.73954172247019 -2.21936747733293 2.79761960663539 0.920095996763978 0.103781077422349 0.285632243299022 0 0 872 0 0 0 0 0 0 0 0 0 0
10 0.435039960755767 -0.32218411378788 0.586090316242829 2.88516974202592 -2.12346100477847 2.6871567217189 0 0 873 0 0 0 0 0 0 0 0 0 0
10 -0.359735006728375 -0.629120556389216 -1.12217070665223 -2.24786292947087 3.75181223298103 0.728619362115991 0 0 874 0 0 0 0 0 0 0 0 0 0
10 0.899740161129757 1.14261906188509 -0.494788416615037 -1.07400827488329 -1.03567980941289 0.224293014915469 0 0 875 0 0 0 0 0 0 0 0 0 0
10 -0.493896689878838 -1.83645787726081 0.744220854935772 1.85191728501921 -1.22980981352375 1.71371812768071 0 0 876 0 0 0 0 0 0 0 0 0 0
10 -0.777700299058729 -2.41050187017328 0.747686058915143 1.03797398169035 -0.404486491169138 2.02073441992269 0 0 877 0 0 0 0 0 0 0 0 0 0
10 -0.0231094797473047 0.783633053496775 -2.09536599974643 -1.43821027339695 3.08463616433227 -0.312398863507135 0 0 878 0 0 0 0 0 0 0 0 0 0
10 -1.1530826283053 -0.236210515873898 -0.49965370320776 3.71143615373043 0.396326661726239 -0.351038015412315 0 0 879 0 0 0 0 0 0 0 0 0 0
10 0.465447149067437 1.06758219479275 0.728938026144604 1.22354425437512 2.10801524250946 0.0358705843317221 0 0 880 0 0 0 0 0 0 0 0 0 0
10 -0.313579947022059 -1.03842078580857 0.132234658802538 2.4979437889022 1.23098368153673 -1.38762865745477 0 0 881 0 0 0 0 0 0 0 0 0 0
10 0.512616837448062 -0.322068368667538 0.30309168992369 -1.55859400201995 -1.13419630825795 -0.29497705405299 0 0 882 0 0 0 0 0 0 0 0 0 0
10 -0.498285935523038 -0.214765603213358 -0.356906885013153 0.826720896305532 1.01325969346971 -2.27622240371227 0 0 883 0 0 0 0 0 0 0 0 0 0
10 1.17088188972964 0.176453905242049 1.12803156274284 -1.43746237237403 1.99852777944004 -0.962377338320221 0 0 884 0 0 0 0 0 0 0 0 0 0
10 0.636312841539399 -0.945453341171058 1.06151046990949 0.3302756153324 -3.15845532716969 -0.645493441487431 0 0 885 0 0 0 0 0 0 0 0 0 0
10 -0.359858760784863 0.174319298891529 -0.315990591310613 -0.222271927794202 0.909641266506885 -2.7153025983572 0 0 886 0 0 0 0 0 0 0 0 0 0
10 -0.886673144452127 0.486506335311861 0.340085337466223 -1.67951913425733 2.69860439063919 0.452836292045926 0 0 887 0 0 0 0 0 0 0 0 0 0
10 1.6247334210409 -2.39580502729527 0.467388784526775 0.150374590182443 -1.29839004029648 -1.22928551051462 0 0 888 0 0 0 0 0 0 0 0 0 0
10 0.26845713834263 -0.0357060765073504 0.387645149028556 0.914314496429448 -1.70563396082646 1.40420203204614 0 0 889 0 0 0 0 0 0 0 0 0 0
10 0.624751964447893 2.0955442373021 0.367789106383503 0.771878744659221 -1.0062309982665 1.20998978563502 0 0 890 0 0 0 0 0 0 0 0 0 0
10 -0.516355584085071 -0.220460028452104 -0.294031836649892 -3.69133175453742 -4.72092223521757 0.0196286261036434 0 0 891 0 0 0 0 0 0 0 0 0 0
10 -0.135958214677128 -0.433534418114691 -0.895858684725304 1.61194951050762 1.42327469073016 1.44660541782658 0 0 892 0 0 0 0 0 0 0 0 0 0
10 -0.184127649417829 -0.0196956110169868 -0.135023468694517 4.6660365282292 -2.1825055340055 -1.74855082244069 0 0 893 0 0 0 0 0 0 0 0 0 0
10 -0.123259774826814 0.336033243586351 -1.3081340894723 2.82274417656756 0.251953553861526 -1.19531205458486 0 0 894 0 0 0 0 0 0 0 0 0 0
10 2.71344360790431 -1.20958160690061 1.22961387511977 -0.956979683636675 -2.28789703245715 0.782243815905609 0 0 895 0 0 0 0 0 0 0 0 0 0
10 -0.444236783032857 0.177323032638741 -0.549352273062798 -1.66383916753937 1.73138685537696 1.20012563651846 0 0 896 0 0 0 0 0 0 0 0 0 0
10 0.455023183447899 -0.440522758035069 -0.315650983689163 -0.952259425578017 -3.52001565141608 -0.589288921125835 0 0 897 0 0 0 0 0 0 0 0 0 0
10 -0.0718490248747306 -0.116798953211537 -0.200298547705936 2.44559851355422 -1.87828893014408 5.30822610722095 0 0 898 0 0 0 0 0 0 0 0 0 0
10 -0.605137094122927 1.21852186191536 0.249445653537761 0.540288733892503 0.526554960797567 -0.601274348297123 0 0 899 0 0 0 0 0 0 0 0 0 0
10 0.257225845748924 0.165939798614572 -0.197167576761402 0.610873142652333 -4.24040741548617 1.7422827121543 0 0 900 0 0 0 0 0 0 0 0 0 0
10 0.526374037563282 0.171821195099086 0.17743409585183 2.41647227356696 1.70516035495864 0.676980467476985 0 0 901 0 0 0 0 0 0 0 0 0 0
10 -0.289824558408966 -0.0964878929510762 -0.204628457562647 1.09327534469893 -3.23907023671241 -1.74620918976183 0 0 902 0 0 0 0 0 0 0 0 0 0
10 0.538936357269515 0.415608822382897 1.54869520126858 -0.160326472542119 0.104894113758385 -0.08563947951411 0 0 903 0 0 0 0 0 0 0 0 0 0
10 0.0642619692719462 -0.678763619794484 0.0337508739877629 4.10411611285476 -0.790982589366407 1.07821838102135 0 0 904 0 0 0 0 0 0 0 0 0 0
10 -1.61367161050683 -1.47433071371359 -0.558465520651449 -0.0188737729936036 0.211025865647543 -0.0553445004038473 0 0 905 0 0 0 0 0 0 0 0 0 0
10 0.768107961867518 0.346325731943028 -2.32776152662116 0.865227135436287 0.122515297507098 0.149445333495447 0 0 906 0 0 0 0 0 0 0 0 0 0
10 0.371151826504984 -0.743484226452437 0.70063611745819 0.639962810435717 -1.99609186573333 -0.53912532306439 0 0 907 0 0 0 0 0 0 0 0 0 0
10 -0.0996860410448396 0.279041524798259 1.98457961747757 0.687324474023345 1.01346384274509 1.14815875210311 0 0 908 0 0 0 0 0 0 0 0 0 0
10 -0.876513510267272 -0.512868094932011 -1.24656772110247 -1.86341461829948 -1.21145485778128 -0.150469092933783 0 0 909 0 0 0 0 0 0 0 0 0 0
10 -1.06343246686119 0.03228201534387 -0.146356035323908 1.16135084761872 3.7280348794396 0.0628154310479339 0 0 910 0 0 0 0 0 0 0 0 0 0
10 -2.42761491640151 -25.7761861817434 10.5207959913339 0.413610143512346 0.446048260736139 0.270627498618645 0 0 911 0 0 0 0 0 0 0 0 0 0
10 0.668368659058021 0.250544611133906 0.518282837659887 1.53141010016298 2.46308605967542 -2.25744634523224 0 0 912 0 0 0 0 0 0 0 0 0 0
10 1.44007418897572 0.846789439140132 0.638316987068865 -0.995204694124458 3.28018245066649 0.35717807798993 0 0 913 0 0 0 0 0 0 0 0 0 0
10 0.204417937203084 0.356569398058862 0.156335064677948 -2.29046011620852 2.22035052789 -1.01158566335444 0 0 914 0 0 0 0 0 0 0 0 0 0
10 -0.509938583828643 -0.637904180549692 -0.0550958371271471 -1.28325810762604 -1.82682436633586 1.39485857659107 0 0 915 0 0 0 0 0 0 0 0 0 0
10 1.19672889514102 0.694261988358539 -0.338902033928252 1.45430661723368 -0.719373710008262 1.108884769101 0 0 916 0 0 0 0 0 0 0 0 0 0
10 0.133681551752269 0.292394368976175 -0.129537057703886 -0.374339760598651 -1.86913033287768 -5.05207452157794 0 0 917 0 0 0 0 0 0 0 0 0 0
10 0.663549484316937 0.44250288863061 0.254695461477521 0.42045569126839 4.02956343716963 -0.386683221994261 0 0 918 0 0 0 0 0 0 0 0 0 0
10 0.65943615895154 0.565857104461989 1.93351878523979 -2.24429830245186 -1.32432642707896 -2.32616213107004 0 0 919 0 0 0 0 0 0 0 0 0 0
10 -0.192464766228234 -0.200941853871769 0.573459502289592 1.16574038582023 -1.89298524103877 1.10107756144792 0 0 920 0 0 0 0 0 0 0 0 0 0
10 2.0397316848605 1.58521135392166 0.569331120567678 1.78973690025381 -1.81955327952704 0.0533702777442046 0 0 921 0 0 0 0 0 0 0 0 0 0
10 0.341176229415614 0.0308501467990677 -0.141376304466861 -3.70793649955828 1.90014260674532 -1.87576648760609 0 0 922 0 0 0 0 0 0 0 0 0 0
10 -0.360003627246798 -0.501030412005969 -1.25163458373017 -0.679016914919951 1.67540391920365 0.150453184688906 0 0 923 0 0 0 0 0 0 0 0 0 0
10 -0.489326844412115 -0.131976652833962 -0.393293282905179 -3.17536945566032 2.20097930199763 -1.68592918230918 0 0 924 0 0 0 0 0 0 0 0 0 0
10 0.566439452720543 -0.0036500905582531 -0.0094787767297596 -0.364890179412298 1.82990628699748 -1.75315832592048 0 0 925 0 0 0 0 0 0 0 0 0 0
10 0.0295873705673612 -0.0347512997914689 -0.608186206660273 2.71681601112776 -0.483053676609961 0.135578472511028 0 0 926 0 0 0 0 0 0 0 0 0 0
10 -0.25414135407242 -0.534865994751707 -0.171203462663321 -2.78814013665119 -0.595953172633633 -0.376558815961012 0 0 927 0 0 0 0 0 0 0 0 0 0
10 0.368200939611604 0.449762365899656 0.502027511425467 0.742057171201928 1.95342238750811 -1.60806483004289 0 0 928 0 0 0 0 0 0 0 0 0 0
10 -0.0494620103010545 -2.03821868305061 2.40456416162372 -0.703648046442287 2.32564956369685 1.41057217959842 0 0 929 0 0 0 0 0 0 0 0 0 0
10 -0.44491392356965 -0.271797778225333 0.212929162447844 -1.14004241054388 0.254293381341016 -1.77665497799783 0 0 930 0 0 0 0 0 0 0 0 0 0
10 0.262387451797295 0.863366613981382 -0.60983296236625 -0.0344441783132183 1.31566609526744 1.49828774751509 0 0 931 0 0 0 0 0 0 0 0 0 0
10 0.231437467266517 -0.407069809527891 0.201057557163045 1.98971823883443 -1.51258484181254 2.86513544149972 0 0 932 0 0 0 0 0 0 0 0 0 0
10 0.493287349395767 0.524328095396834 -0.23886208130605 -2.52286374153539 1.70142665428955 -2.59624063910381 0 0 933 0 0 0 0 0 0 0 0 0 0
10 0.232973071162821 -0.321110743623086 -0.627766418896097 2.4392321170023 -0.128015512412161 -2.00622079215108 0 0 934 0 0 0 0 0 0 0 0 0 0
10 0.37374795874911 0.014794694880941 0.0316319127268813 4.39016369593172 -0.0858163261187904 -1.01525690561255 0 0 935 0 0 0 0 0 0 0 0 0 0
10 0.393183523244949 -0.604846316254931 -0.113262330572704 -1.43824571976608 -2.780332524815 -3.0491348984893 0 0 936 0 0 0 0 0 0 0 0 0 0
10 2.78319274136959 -0.386237597059724 4.95470191945233 0.288424280881809 -1.2279893512741 -0.250510810564784 0 0 937 0 0 0 0 0 0 0 0 0 0
10 1.46613778733852 -0.726080543084291 -0.0026926338281837 -0.565186768075053 0.897228608971149 2.44519867769087 0 0 938 0 0 0 0 0 0 0 0 0 0
10 0.362801440323639 0.1187935088816 -0.017112075371994 1.05705123201904 -3.05317242986094 -0.201053710088952 0 0 939 0 0 0 0 0 0 0 0 0 0
10 0.711344142173122 -0.418456981585654 1.5566259193576 -1.1063579614797 0.485770434529791 1.55884946931732 0 0 940 0 0 0 0 0 0 0 0 0 0
10 0.0054651548207104 0.156366094612688 -0.112147187917995 0.794920429373094 4.55886801061277 2.10295008463661 0 0 941 0 0 0 0 0 0 0 0 0 0
10 -6.34513874003275 13.8666592773436 3.29483380879362 -0.0890741215177951 0.330658299670735 0.530852296077978 0 0 942 0 0 0 0 0 0 0 0 0 0
10 0.238558078709736 -1.22319357553229 0.491885128434582 0.379810617323846 0.792175151502162 1.19676961540135 0 0 943 0 0 0 0 0 0 0 0 0 0
10 0.914328512114659 0.33706486337148 -0.238904322594007 -1.63444889418677 -0.438280988462295 -1.76072332011582 0 0 944 0 0 0 0 0 0 0 0 0 0
10 -0.446828069782196 -2.29700510951626 -1.80332336216362 0.277472380284517 1.08519954410344 1.42784706012351 0 0 945 0 0 0 0 0 0 0 0 0 0
10 -1.37266444698196 1.33239450668851 0.411850309866235 -0.247235127239477 0.481556514847424 -0.813310329834752 0 0 946 0 0 0 0 0 0 0 0 0 0
10 -0.780513813464913 0.36572806171989 0.153896833955626 -2.40470898986325 -2.53613493054456 2.42536228878213 0 0 947 0 0 0 0 0 0 0 0 0 0
10 -0.0962006935434145 -0.745480202916165 -0.479032148563687 0.928512837348609 -0.522347226913712 -2.31332763509373 0 0 948 0 0 0 0 0 0 0 0 0 0
10 0.0345872311072533 0.232392386596075 0.889500473026711 -1.25779816547341 2.05008387827164 -1.43737704459717 0 0 949 0 0 0 0 0 0 0 0 0 0
10 -3.24471410177598 -6.56402731663493 5.26593785215102 0.126209305283721 -0.321377803307115 -0.611501763918955 0 0 950 0 0 0 0 0 0 0 0 0 0
10 0.398649380475237 -0.233712066352054 -0.122079649589617 -1.30296661219802 -4.72499568168761 -0.28111818880182 0 0 951 0 0 0 0 0 0 0 0 0 0
10 0.67845293655187 0.902263104761513 0.946776972822127 0.167730764494654 -0.722984091484688 -0.519061054642816 0 0 952 0 0 0 0 0 0 0 0 0 0
10 -0.237177412498993 -0.0218597375426844 0.0576020157116251 0.0257185949308935 0.474631878793126 -1.69728223592455 0 0 953 0 0 0 0 0 0 0 0 0 0
10 0.276134558540964 -0.0184404957696745 -0.773804279179138 -0.23718712084178 -2.0530982313312 5.09268351127679 0 0 954 0 0 0 0 0 0 0 0 0 0
10 -0.98117125513543 -0.432700448572381 -0.522354488116828 2.51610040810435 -0.136014645336426 -0.000504158229733324 0 0 955 0 0 0 0 0 0 0 0 0 0
10 -0.189800728394796 0.427233109124086 -0.241168130227293 0.870783381328498 -3.64051895518576 4.08862551273015 0 0 956 0 0 0 0 0 0 0 0 0 0
10 1.61416914374139 -0.813418778214378 -0.703378919628923 -0.515289062593344 1.0614254613313 -0.338641369759956 0 0 957 0 0 0 0 0 0 0 0 0 0
10 -0.259882354861918 0.334450147501282 -0.486703080693429 -0.539083116104938 -1.18174372287042 1.95496923433761 0 0 958 0 0 0 0 0 0 0 0 0 0
10 1.23657449131268 1.96953526657782 -0.247173723345401 -1.71416074519358 1.16938250431865 -0.377474059899651 0 0 959 0 0 0 0 0 0 0 0 0 0
10 -0.324650507283231 0.436106260342838 -0.748538779701368 0.440474612050273 -2.06328870716481 -3.19819360973829 0 0 960 0 0 0 0 0 0 0 0 0 0
10 -0.243601374857595 -0.338286241970011 -0.0165970413418721 0.303416886403351 1.81275077861372 2.22886189511291 0 0 961 0 0 0 0 0 0 0 0 0 0
10 -0.385779685913537 -0.325551523905188 0.421182910311018 -2.07232937200138 -0.206763675232057 2.78649462768393 0 0 962 0 0 0 0 0 0 0 0 0 0
10 -0.344040443647441 -0.506240992406506 -0.532631098007149 0.0892040883892694 -2.38030167658551 -2.41678564432439 0 0 963 0 0 0 0 0 0 0 0 0 0
10 -0.207972084500243 -0.0634481503876928 0.610967938260418 -0.0729740806014483 -4.34991248054673 0.138443057209335 0 0 964 0 0 0 0 0 0 0 0 0 0
10 -0.766117128889365 -0.366602075028885 -1.30572737422984 2.66827948777083 0.575953322377101 0.829274658204431 0 0 965 0 0 0 0 0 0 0 0 0 0
10 0.244616692845083 -0.493044017323373 0.235927248120923 2.89489673569024 1.42973394491353 2.16160842194795 0 0 966 0 0 0 0 0 0 0 0 0 0
10 -1.0384678411725 0.400549632373746 0.530887202978152 1.82667144412142 -1.90931774912947 0.321372819487232 0 0 967 0 0 0 0 0 0 0 0 0 0
10 -2.36632301729031 1.54010962562882 1.23971977752742 -0.647737308252628 2.37013803951887 0.450224864117813 0 0 968 0 0 0 0 0 0 0 0 0 0
10 0.409084525932751 0.450809961230402 0.355228747473862 -3.38340183658195 -3.77753244136369 -0.0355805391626739 0 0 969 0 0 0 0 0 0 0 0 0 0
10 1.46396682058729 0.453073044022836 -0.16994846632573 -2.78942970601126 1.49307503387467 -1.9639849317329 0 0 970 0 0 0 0 0 0 0 0 0 0
10 -0.213657408052017 -0.381602630730201 -0.19790491718853 0.757306051693101 -0.285666026178559 -0.975312044431457 0 0 971 0 0 0 0 0 0 0 0 0 0
10 1.20611029631755 0.143029678436963 -0.743125637041928 1.0382922902281 -1.46112612020427 -0.538220765762618 0 0 972 0 0 0 0 0 0 0 0 0 0
10 -0.191269993195351 0.143512085978677 0.194859687219083 0.911157416140831 1.86909093809983 3.07067106003446 0 0 973 0 0 0 0 0 0 0 0 0 0
10 0.245723487041555 -0.262494705482193 0.0952586976056443 -2.2624456432367 1.07604229872411 1.01366015105052 0 0 974 0 0 0 0 0 0 0 0 0 0
10 -0.620215636450678 -0.349517598912814 0.874599922240195 -0.12001717269214 1.55888039584635 0.887853515895416 0 0 975 0 0 0 0 0 0 0 0 0 0
10 0.646003374680311 -0.33932841502481 -0.764541128469085 -3.36569311324128 1.16206866683005 -1.73271008062331 0 0 976 0 0 0 0 0 0 0 0 0 0
10 0.851097256752252 0.182423906663736 0.117472581450333 1.37478611539357 -1.48262038929231 -1.65998049522326 0 0 977 0 0 0 0 0 0 0 0 0 0
10 -0.321825347729948 0.189887010894581 -3.38672199461506 -0.014990004603741 -0.610174943892473 -1.1710282168293 0 0 978 0 0 0 0 0 0 0 0 0 0
10 0.539905537709524 -0.196009225423092 0.899882704600192 -2.64648489907374 -2.93821422714329 -1.70272197855636 0 0 979 0 0 0 0 0 0 0 0 0 0
10 -0.291092090560658 1.28043322159518 0.351110814626826 2.6708450188369 0.37985877158132 3.14053147982017 0 0 980 0 0 0 0 0 0 0 0 0 0
10 0.0470334284330835 -0.393786021848488 -0.359487378565271 -0.0675204352518536 0.280829475948648 2.60090228431445 0 0 981 0 0 0 0 0 0 0 0 0 0
10 -0.0309638704781439 -0.754539010874189 -0.690338300859616 0.440320672080099 2.08480650400904 -2.75894891166814 0 0 982 0 0 0 0 0 0 0 0 0 0
10 0.420841978791249 0.827858353596881 0.709208274676796 1.06228833090762 -0.501879673558378 -2.00074568836639 0 0 983 0 0 0 0 0 0 0 0 0 0
10 -0.177578192415263 -0.276069654080972 -0.223665290194739 0.706437213316534 -0.0892167906350507 -0.137433895103001 0 0 984 0 0 0 0 0 0 0 0 0 0
10 0.988369760928431 -1.86301515051695 -0.0565803493982969 -0.706616958419811 2.43256194214148 -0.177756107938779 0 0 985 0 0 0 0 0 0 0 0 0 0
10 -0.943485983493585 0.810157296842496 0.140971581073893 -1.72345461858338 -3.13222015311032 -0.335909907571519 0 0 986 0 0 0 0 0 0 0 0 0 0
10 -0.10662298157827 0.345326173285416 -0.0418234432546872 1.64669438807794 0.820217923691287 -3.72849991329092 0 0 987 0 0 0 0 0 0 0 0 0 0
10 0.0655267774793332 -0.262862085882152 -0.691755675090934 -1.85026786117939 -0.692429770035559 -1.80454758118922 0 0 988 0 0 0 0 0 0 0 0 0 0
10 -0.377357858160767 -0.367784120423787 0.514084330698608 0.109415877252235 0.189698636367027 3.09086686806312 0 0 989 0 0 0 0 0 0 0 0 0 0
10 -0.680809881731277 -1.27377393790154 -0.180941056110639 2.68565206552169 0.29515631178142 2.93988793117553 0 0 990 0 0 0 0 0 0 0 0 0 0
10 -0.382748686007593 0.0031678547325325 0.147990031660238 1.15268720805871 -2.17097381074042 0.135185897232523 0 0 991 0 0 0 0 0 0 0 0 0 0
10 -0.0398755700011345 0.765448893574251 -1.07586172660393 1.73297228194518 -3.50155290498149 1.57812976314237 0 0 992 0 0 0 0 0 0 0 0 0 0
10 0.0460959819529653 0.5722814122581 1.66431443219253 -0.0187752458359348 -2.39489469503351 -1.35849065014619 0 0 993 0 0 0 0 0 0 0 0 0 0
10 0.264681087313326 -0.0536530641994412 -1.21002720783148 -1.09438595622471 -2.41475104699217 -0.882291103569922 0 0 994 0 0 0 0 0 0 0 0 0 0
10 -0.446029876573142 -0.448253349812235 0.787020975037291 -2.31926759046628 0.619952338626132 -2.3980594992251 0 0 995 0 0 0 0 0 0 0 0 0 0
10 -1.26538995536124 -0.303276279643323 0.0372269931831726 0.818599518605939 1.83556766569959 0.0932176881664982 0 0 996 0 0 0 0 0 0 0 0 0 0
10 -0.509527643637554 0.309054511533064 0.301092092991374 0.0920774140881161 2.49404076371519 1.0401554620144 0 0 997 0 0 0 0 0 0 0 0 0 0
10 -0.544331165252121 -0.468159329826239 -0.263845362417843 -2.19308509103813 1.71421388931779 2.07889058419021 0 0 998 0 0 0 0 0 0 0 0 0 0
10 0.0406756152750937 0.348516730886443 -0.432855185333511 0.758688038855016 0.823822010448173 0.199789840589025 0 0 999 0 0 0 0 0 0 0 0 0 0
10 0.194966217528584 -0.623738778591809 0.267461129293443 -0.320406235312815 -2.95560791157574 -2.82784330257789 0 0 1000 0 0 0 0 0 0 0 0 0 0
