0.9999999999999999	0.7262542473983831 0.3634754267970475 -0.1941226109120593	-1.8136718185662901 -2.0358971721765826 -0.5820548160887234
0.9999999999999999	-1.4598001548512571 -0.5489820523295798 -2.0379557749164583	1.0209792314772852 0.3210489557749375 0.1917337468366459
0.9999999999999999	0.1214505250755499 -0.1500213076488701 0.4586731294778201	-4.9436993651475323 0.4976898019723458 0.5898414060289942
0.9999999999999999	-0.1903927062587897 0.0352689061971740 -0.7404538859376379	-1.2243981832910977 1.2870303967629837 -1.3552144092014333
0.9999999999999999	-0.5234350395578876 1.1083707749748419 -0.7006748449789574	-0.1459174408786531 -2.0660257444826318 1.3229095936654895
0.9999999999999999	-0.2524519398712177 -0.0560714374973399 0.0938150214639890	2.6274834408714169 -1.3663798518614758 0.8611823879335639
0.9999999999999999	0.5936930235951344 0.3005062936879552 0.3270053130148316	0.2860973026505753 0.4039080256996881 3.0890801096608600
0.9999999999999999	-1.3510536660587156 -2.0536202807556481 2.1573921071076740	1.5228086536973959 0.7435871836676313 -1.4601587549118085
0.9999999999999999	-0.2071120624392256 -0.8852957388106748 0.2854836562294381	0.3304398361160034 -1.9427939612509473 -1.6891253676417308
0.9999999999999999	0.4450866963528013 0.2563789456471228 -0.1528833252595955	0.8020597326763603 0.0569281448790436 -0.2406498041415403
0.9999999999999999	1.5668625597370509 -2.7980166503250294 -0.3475723729796527	0.8793809250597467 -0.7548523962431146 0.5864129475558687
0.9999999999999999	0.7187711236437732 -0.7191693879981694 1.4839000653615362	-1.9748589897222253 1.1362129978866711 1.0938577863646841
0.9999999999999999	0.9953794053361307 -0.6592423090683101 0.5396980995565801	0.3317831990302992 0.1384548831131746 1.1104833340599536
0.9999999999999999	-0.7583063291981132 0.3401606247859214 -0.4552218490008585	2.6398242902245466 -1.8977998229938848 0.4507211383033363
0.9999999999999999	3.2236320474775093 2.9705934734430812 0.6631022513050527	0.7627022742172237 -1.1101028769481902 -0.7218614374725422
0.9999999999999999	-0.6041815489702428 0.5449472370226233 -0.5126562573273500	-4.5564664767269356 -1.9930306039741481 1.4005035121925251
0.9999999999999999	0.2484740216931747 1.9258695738732008 1.0466345520790259	-0.7085818674068384 -1.9953089700040381 -0.4076280410329511
0.9999999999999999	0.2514607082721413 1.1751708420163851 0.0773311822107756	-2.4209459413582475 2.7682814725695097 -1.0342130923826625
0.9999999999999999	-1.0419153762191595 -0.4721728763556153 -0.0670234792850961	1.1538014355210999 3.3167946212896999 -0.2092899170811086
0.9999999999999999	0.9048760547915757 -0.9313391607617708 0.0651732690360231	-2.3732914400536451 -1.5211124168986991 -1.2577493050436921
0.9999999999999999	1.3989927604796972 1.3170248877829185 -0.2845501453986574	-0.3439965443552795 -0.0138120656195235 0.7389919357376202
0.9999999999999999	2.8737574522395186 -1.6632207115657336 2.9872616621557149	-0.4927611248504383 0.6622005477214765 -0.3694771643789374
0.9999999999999999	1.7210897905884064 1.3965065546209092 -0.1010425334085312	0.5714491546159439 -2.2251503923679312 -1.3432504361495248
0.9999999999999999	-0.1809873430457133 0.3350775732669763 0.2166350050561583	-0.9179809995983338 -1.6786619203952655 -3.1046539006004243
0.9999999999999999	-0.1783569193684875 1.2131149550110358 -0.1886259500958212	0.7054896352472531 0.8753300989552930 1.6491969886542921
0.9999999999999999	0.2155921232112285 -0.4612297274997681 -0.1241240009329926	-4.4616815973051231 2.3846539246466110 2.0929294516514023
0.9999999999999999	-0.7378389035950859 1.2547237694814239 -3.4472658942937513	1.5334642360731938 -0.8308878422888112 0.3862443821513880
0.9999999999999999	-0.1432891323429631 0.4274617157287752 -0.2793528616431592	-2.8228331056536606 1.0381861353744428 -1.1409458351138748
0.9999999999999999	-0.0137020821347060 0.4286327947064278 -0.0905956325756307	-3.8146387807456090 -1.9371629893292333 2.5994187138593525
0.9999999999999999	0.1976891005775024 2.4335517243340656 7.7480025073498009	1.3842211832320490 -0.1675973561913216 0.2107187544244902
0.9999999999999999	-0.1625959193521846 0.0722832336158562 -0.4615351344436022	2.3697773316803472 -0.8735090193185497 0.7531248213615908
0.9999999999999999	0.4735021846507921 0.8152487841136140 0.2778502209486496	4.0220269334384806 -0.0828393010899522 -0.8493109496023523
0.9999999999999999	-0.0370469493023463 0.4230739619755544 0.6274077812131927	-2.0432514784111713 0.4443896496531707 -2.9064979281993475
0.9999999999999999	-0.8759155328422888 -0.3543943091582116 -0.5688631380236989	-0.6100995955665811 1.6759754656620203 -1.8947651808879515
0.9999999999999999	-0.0028410010295950 -0.2538521963758975 0.0545410607365809	-0.9693314866992305 4.1513343423956259 -3.6137583589021740
0.9999999999999999	0.9816303301858246 0.2927902486517371 0.1011169790161632	-0.7732329955832826 -0.8910905194043781 0.5542611206166168
0.9999999999999999	0.5359311398841217 -0.5934862063863784 -1.1240396038532583	2.1366561541304914 1.3443741229098973 1.0606460433983518
0.9999999999999999	-0.2402777636666155 -0.0957198627992072 0.3410685511350643	-2.9319488768073905 0.8572317566889737 -2.4851474656948782
0.9999999999999999	0.7282405637640321 0.2366850190894188 -0.0710739964406929	0.4461910431127941 0.0422374502436244 2.1721371725716434
0.9999999999999999	0.7298273364814520 -0.4899232582986482 -0.2063253555450181	2.7838052030118385 -0.4430633369727904 1.7607053515836055
0.9999999999999999	0.2714075447196794 0.7732374423062303 -0.5567492472210769	2.4907933852150328 0.2574043799732580 0.2522477064341643
0.9999999999999999	0.8305428713237475 -0.6651252039721295 0.9258354284744647	0.9788165909064533 1.7807443981431339 0.6425823419647668
0.9999999999999999	-0.1839170658462419 0.1635522549244990 -0.1920478549413220	-0.1549325856994357 3.5160298697001648 0.5069713287780901
0.9999999999999999	-0.5613893769672295 1.1339826766601107 -0.2123616033281626	-1.3607091518094283 -1.8137439133522832 0.3028010041730175
0.9999999999999999	-1.3456998342107802 -2.8366404292451688 0.3927357536071240	-0.5639523209530292 0.6798173380206045 -0.1365265463859256
0.9999999999999999	0.2063955194302762 -0.3061653410275317 -1.3640263644279991	-0.7982267987709168 -0.1411906463035505 2.8935152550181393
0.9999999999999999	-0.2244337115695049 0.4409166006796491 0.0514109675105850	-0.7073248231809685 -5.0071363170592731 0.2578509276682854
0.9999999999999999	0.3149741260653942 -1.7025083260638543 -2.4524911991949541	-0.5750824840156832 1.3651712356724826 0.1400700197545525
0.9999999999999999	0.3077836127105341 -1.5742626530788524 0.5686276331424189	-1.4539692222996277 -0.9463203610575489 1.6462600432029049
0.9999999999999999	0.1114186090229857 -0.1734240903526202 -0.1450600391423842	-3.3685811043470490 2.2352550491788139 0.1806419477540496
0.9999999999999999	0.5022002929829718 -0.4603209726895098 -0.2067241413097553	-2.0019239744744035 4.8813995140687449 -0.9564098034389844
0.9999999999999999	-0.6334151918607563 -0.2319436742370607 0.3883907670618928	1.2962476640642597 -1.8978975080538756 0.0874969394028185
0.9999999999999999	0.2782340408053726 -0.3633467482906428 0.2115015461936644	0.0843805593006163 0.1553526801237240 1.3938005616613376
0.9999999999999999	0.0738574894711268 0.2392134714817868 0.6292045157888069	-0.7581115332468565 -0.6221350644631656 -0.4380052908191564
0.9999999999999999	-0.2225463160519570 -0.5584147404966376 -0.2275784489505327	0.0296104770453728 2.8212567756997222 -0.4575457539519961
0.9999999999999999	-0.0240346847144026 -0.1697226525906521 0.2613223625075409	2.7511892458347744 0.0944007325683549 2.0671013222383650
0.9999999999999999	0.1396701223014822 -0.8184983601179761 0.2384026660005715	0.1490016263196632 1.2869606854285138 -1.3720455865259686
0.9999999999999999	0.1282826986377157 -0.1708609774251408 -0.3693784403173775	0.2513631672940691 3.0449882143165330 -2.6760781509965952
0.9999999999999999	-0.1464217712397817 -0.4310107676190154 -0.6982187314076748	0.1993819232192896 -4.2575926360905640 1.6619304946318159
0.9999999999999999	0.4886689871208674 -0.0315390732179374 0.0471265514910520	-4.7498135443710900 1.4414157813072717 1.5097801660062882
0.9999999999999999	0.1698646359821699 0.4824106629796661 0.1134289149880156	-0.3433501902527908 2.8590111475369069 2.5885137535198828
0.9999999999999999	0.3317676874868974 -0.4662646892277273 -0.1396120417748120	-1.7482956037197712 -2.3561238315054882 0.7015832084122263
0.9999999999999999	0.5955921134436523 0.0187382369155557 0.7462319556675214	-0.0260248416640388 -2.3688308259692477 2.2391314117132697
0.9999999999999999	-0.0021853498443163 -0.1802712094208950 -0.0321816131273908	1.1242002696277380 1.6845272425480604 1.4326877535321936
0.9999999999999999	-0.0479636475613778 0.1419419764849890 0.5221511116543870	4.5240811397630649 1.5969952324353047 -0.2825779692505542
0.9999999999999999	-0.6241556835638581 -0.1983429151582445 0.5724898966770267	2.4879093846307185 -0.0524009556266895 3.1567447228122929
0.9999999999999999	0.0564655219648802 -0.0675540912617229 -0.4387820791307378	-2.5693384194411713 2.3585301030853474 -0.3322843026725001
0.9999999999999999	-0.1534345458442234 -0.5097518881730265 0.0690109176492403	-0.9499036308475238 -0.6586960350254231 2.4542365363043399
0.9999999999999999	-2.0738101153947319 2.0260279554565281 0.3395800101650768	1.2992215515985517 0.9982722189000306 0.8786214102594914
0.9999999999999999	-0.4604551263312942 -0.1988394966875646 -0.0552480846305565	-0.8936433532080349 -0.4868651895530833 -2.0105020908623721
0.9999999999999999	-0.3797290571527067 0.1537050124793306 1.0366293493970988	0.3958798630764220 0.1086718134956381 -0.1151294596651965
0.9999999999999999	0.2209478408012922 0.0255189779357645 -0.2706755439207696	-0.8899882083477079 -1.4162949287481916 -1.3697042932818904
0.9999999999999999	-0.3932504641740930 -0.0489885346378814 -0.5822858436238401	-0.0026131776230421 -2.7784580863649264 1.5132431351154283
0.9999999999999999	0.4764022512072206 0.8979793780532351 0.6295813989819493	-1.6353839242115611 1.3811934104166572 -0.3461057624774360
0.9999999999999999	0.6451970995288813 -0.6687491926858885 0.0813020229319609	1.1600800901742385 -2.4853047136471655 2.0090208193727213
0.9999999999999999	-0.1317528528302220 -0.1185928181578381 0.2167993125151874	0.6320171587477046 1.6232272336269224 1.5370412905074744
0.9999999999999999	2.8546726147230310 -1.6424451731919965 0.7608323404332370	-0.6870743192472417 0.7331732488160320 -1.6587010723120488
0.9999999999999999	-0.3722841205865546 -0.3464812792002613 0.0217541573286192	-2.9870797353174687 0.9262001766993504 2.9728952575790371
0.9999999999999999	-1.1459714342777652 -0.1882969644323607 2.7047199876330867	0.7657306326800251 0.8549284299231944 -0.2007165031455202
0.9999999999999999	1.1207406059814886 0.3752906975255194 0.3866582345473419	1.5750321179134747 1.5458286398206837 1.1652494602714356
0.9999999999999999	-0.2086694463089087 -0.0472198366625549 0.5505472211477863	-1.5523028659788414 -1.2508906480363824 -2.5340161462907602
0.9999999999999999	0.4432601863711051 -1.4217865962769218 -1.7429516406162422	1.0283436236488264 -0.9481379418023481 0.0433600923377155
0.9999999999999999	-0.0805018172239133 -0.0171452249864433 -0.6503124593389763	0.1467083002819664 3.7190299003328526 1.3028898906257973
0.9999999999999999	-0.2791840859102948 0.2252277984946104 -0.2257941492907279	-0.6764987513609858 0.8327876949427954 -0.3190319554167855
0.9999999999999999	-0.0956616847036897 0.3378148387376897 -0.1773313226630440	0.0563205822152951 1.2763203800580714 -5.0558325344655737
0.9999999999999999	-0.0493557510794434 -0.1005461114782510 0.0838453441198022	-3.8025636338947360 3.0185424961958800 1.0701513379050334
0.9999999999999999	-0.0615208230933082 -0.2851489832577239 0.0464016091318379	0.1407637362982796 -1.1806908598139310 -1.2707846581324356
0.9999999999999999	-1.2262101564074335 -1.8748366721989829 0.6439716334507798	-1.4612026831847744 -2.8760898494720673 0.9332309723738049
0.9999999999999999	0.3104663490239026 -0.2752238502220470 -0.6118960272462182	-1.7146633902713362 -0.2005638966862981 4.1985534603838088
0.9999999999999999	1.1587180013099709 -0.2024941274644979 -2.6709265388533217	0.2407783185019185 0.3563908935808258 0.8947975048014382
0.9999999999999999	-0.3556209020771254 -0.8956756814928576 0.5186577667843054	3.4999446620517838 0.0309558033307057 0.9519958656469751
0.9999999999999999	1.5501976263007087 1.2091967846208933 -1.7112063102613786	2.4328346510473553 -1.7128610156313633 0.1384545001681400
0.9999999999999999	0.0405594112705608 -0.3673250105726146 0.0772090797807939	1.3600485435686611 -3.2500170973424178 -1.2009420057613494
0.9999999999999999	-0.3568723994275461 -0.2188950250302095 -0.2006437601006361	1.6607935521759480 -1.9023496396641166 0.1031195832316824
0.9999999999999999	0.5609877488770677 -0.5433450955440681 0.6171016944441151	-1.3064976727681987 2.6896224463717808 0.4107323698551621
0.9999999999999999	-0.3275254092887087 -0.2595967090468357 -0.3280934623512396	-1.6868130283934804 -4.9738842035568354 -2.9853166149425276
0.9999999999999999	-0.4524046615873354 2.3125590700538274 -0.8816125930028963	0.1224145375197807 1.2472826955789624 3.4370014534118694
0.9999999999999999	0.6615951976405640 -0.0970721240726510 0.0356694953631902	-2.7329627559785141 2.2493116926274030 1.0955125226580480
0.9999999999999999	0.0318782575624720 -0.1500511948389544 -2.8569121971101095	0.9159351758912513 0.0892455734424692 -0.3007147165132971
0.9999999999999999	-0.7193197015646576 -0.5617810578295549 -1.2485881674010877	-0.7520226192127227 -0.1904367190564385 0.6564581751481259
0.9999999999999999	-0.5108396484050062 -0.0053765963039022 -0.2460106474140475	3.5635226783922884 0.2448729432882352 -2.0564434505315918
0.9999999999999999	-0.0303339871598727 -0.2677382716273763 -0.0532543478128332	-2.1124781565495687 -5.2658156813353738 0.1645570048226592
0.9999999999999999	0.9425881498922342 0.3204083891323933 0.4246275427830236	-1.9930375744845741 -2.6443420740004266 0.6806137751206721
0.9999999999999999	-0.2002564514539116 0.4763023960506899 0.5779028407568499	1.8275660001558953 5.1453383566170441 -0.0604535755712801
0.9999999999999999	0.1045478291080597 -0.0827521040780792 -1.2280431358595321	0.1006794371820820 -0.9112898309568077 1.0886439723082761
0.9999999999999999	-0.1678696887342408 0.1657067217620312 0.1628068994937566	-1.5616230911103208 -3.3919886034726598 3.6135288987544363
0.9999999999999999	-0.1017551211947177 -0.9482405016225807 -1.4509663941816040	-2.3737952540587877 -2.4826721164276653 -2.2128282365632557
0.9999999999999999	-0.2933613389673005 0.0334401912329187 0.4983612957969090	-0.3634203006702043 -2.6814546547106324 1.5519375299511842
0.9999999999999999	-0.2784725975693386 0.0014975239889578 -0.0343471782101052	2.8001090874542607 0.9114292241261397 -0.6926447169612624
0.9999999999999999	-0.4721528195696412 0.0875943429311291 -0.1839491459613562	-3.0998621413962608 -0.3409398324158754 1.9331213788229462
0.9999999999999999	0.9644407225347769 -0.2366174580520198 0.0895232359871179	-1.1461354858366137 -4.0832264641900533 1.5011808846089596
0.9999999999999999	-1.3468241667646101 -1.3767662767253259 -0.0495237296855004	-0.3036476529450602 0.5466446460355519 1.7075082860830788
0.9999999999999999	0.8779424692382829 1.6967950950298645 -0.2640718876447078	-1.3466701687040883 0.9194381815950535 1.5610140847099687
0.9999999999999999	-1.6495664798823861 3.9902459531981207 -1.4522543988742427	1.2453541773766463 0.2125379121609204 0.3389142391743432
0.9999999999999999	-0.1447707951545290 0.5437929868944547 -0.0868942930646273	-2.8161809147121213 -1.3775457107424003 -2.9213901082284326
0.9999999999999999	3.4450257398215096 -0.6100212659351216 -1.0739973358652546	-0.4879235775400754 0.1104709000797437 -2.5428646607637173
0.9999999999999999	0.1741085826627060 -1.1602032026902551 0.8676307502160306	-1.2574250461269008 -0.8563417130957288 -2.1957525517062879
0.9999999999999999	0.5269626109699496 0.8282759441834114 0.4694824011345973	0.5606790267204075 -0.0989472419297329 -1.3527004897179919
0.9999999999999999	2.8289599875901996 -1.0382566467373464 1.4908372702958186	0.2622634237002400 -0.1953799731894730 0.2913907362420200
0.9999999999999999	-0.3246990569471444 -2.6027802755528850 0.4321666739934063	0.3891761687231808 2.1984817640795260 1.1512367693977055
0.9999999999999999	-1.2175495885129324 0.3112280836354073 0.8915722950899317	0.3297193643581953 3.1807993824964429 1.6361148881171170
0.9999999999999999	0.5119948430882639 -0.2747184623933484 -0.6146736563688365	0.5433121687583037 -3.5383406568179514 1.2704141759545824
0.9999999999999999	-0.7338187399439169 0.1832442687085965 -0.4699817662589471	0.9601969885301584 0.4020521781233599 0.6912573695169091
0.9999999999999999	-0.5430605673318327 0.5609058253508726 -1.0663309196976114	1.8567646384774139 3.4565838734435874 1.2828900552799689
0.9999999999999999	-0.4947860730485805 -0.2654258862127337 -0.0430298159747999	1.1391639286638240 -1.0052402051828588 -2.7611869315645259
0.9999999999999999	1.5916551352858370 1.1060314707404346 -1.5322935218591054	-1.3376176369742714 0.4442131854868160 1.8967009653864544
0.9999999999999999	0.5220677360105387 0.3538008857291625 -0.7125997201356459	-1.0117790148290919 -0.4811192274600164 -0.2989867900870638
0.9999999999999999	0.2747114908689942 -0.2453619491616039 -0.1661393691043673	-0.9511813541341978 0.2119510541752933 -1.1953039476563707
0.9999999999999999	0.0200765159486287 -0.2289723849644704 -0.5405697248029088	-1.3958734195488649 -3.1219291717508399 -0.7265871192489010
0.9999999999999999	0.0304016402546894 -0.9203647349626112 0.3543888447631706	0.3258204499242434 3.0579253630783767 -1.7979692882192313
0.9999999999999999	0.2007052139658951 -0.2899646324842992 -0.0061121549195593	0.9930957765926545 3.6486230233263810 -1.0144774217965600
0.9999999999999999	0.1340029364367519 0.2690774122852739 0.5830693903485575	-3.4157632683287580 -1.0952827254107134 -2.6248919450010790
0.9999999999999999	-0.6497302832900822 0.2807551366606977 0.1587633299026678	2.5838225864714590 -0.1983923233505825 0.8180471320450956
0.9999999999999999	-0.2600126530141451 -0.6966087423396690 -0.8596524327638132	-1.0661888795831886 1.4699271592494285 -1.5154473739073255
0.9999999999999999	-0.8129236930406251 0.4494303619835466 0.0541671832554387	1.6747205980712276 -3.4206165766903540 -3.2858422873511444
0.9999999999999999	0.1138304719611694 -0.1886757631324119 0.2222044316105389	-1.5527828007103184 -1.7152981951587651 -0.6222104009307937
0.9999999999999999	-0.0263534422474652 0.9407891730493577 1.4762196415993163	1.9566268945590433 -1.2834176686336443 1.7566019004270630
0.9999999999999999	0.3021326386701010 0.0229409775266583 -0.6206685468646833	-0.2874028941990712 1.6291719934659379 0.5388688707295031
0.9999999999999999	-0.8006838478674582 -0.2553805402105368 0.5806448011225122	-1.6586448249787134 -2.2614429220133108 -2.6648182619027025
0.9999999999999999	0.0682215344962516 0.4861396686056510 0.9118857899833797	1.2245373308759540 0.3296029993932297 0.1456669377740014
0.9999999999999999	-1.0094353006680288 0.6352865387028033 0.5048415017451129	-3.5313752508467000 -0.5070435729096394 2.3127099619085518
0.9999999999999999	-0.5583751592287922 -0.0516077515816823 -0.2125314861155896	2.8274671855694717 1.0572244061012137 -4.2822167016525929
0.9999999999999999	-0.0550278577555269 0.3828244161256221 -1.4223470719091302	0.5535748990607660 -2.5058432042181900 0.8317408901642558
0.9999999999999999	-0.1903941907126224 0.8722541675114639 0.0993327881016747	2.7098814595356955 -0.8808717383342358 0.1581622630114227
0.9999999999999999	0.1113288387103039 -0.6292758588013927 -0.6013217536295227	-1.7347648436060488 -2.0937434166691706 0.7454694518169177
0.9999999999999999	0.9836312316219527 -0.1162505195396997 0.1717355642599019	0.6486486059273255 1.6629273226487484 -2.9033475619973954
0.9999999999999999	0.2856902174415418 -0.4659930689383949 0.3449236771767505	-1.7319134881068246 -0.8090794391025379 -1.1681501730336454
0.9999999999999999	-0.3611716520748505 0.3833687920845810 -0.3036695555111229	2.4508877673052831 2.0978271032446179 -1.4727105720777685
0.9999999999999999	1.1168800555631162 0.3587482413741379 0.3914555901821785	-0.2632531277420941 1.2561511074586800 3.3963248339508563
0.9999999999999999	-0.5303533582794120 0.2564312914144142 -0.1317926528248083	-2.8913498331904046 0.8158143870329335 2.4661610174782402
0.9999999999999999	-0.0076849562318140 -0.4772383203985934 -0.7199476609015286	0.5218473525080242 2.2502901615981283 2.8257210222993305
0.9999999999999999	-0.2238261484798973 0.9480552424962129 -0.3128796078097588	3.1362011983508422 1.6931460442237181 -2.2608431084046692
0.9999999999999999	-1.3814279266968577 -0.5300201373401122 -0.5155138372442369	-2.1802614468043466 1.3551506859858740 0.3029678799504614
0.9999999999999999	0.2947308280459666 0.7309279015354898 -0.0131229526607166	-1.0398136542721366 -1.9077042921146348 1.6186825197443377
0.9999999999999999	0.9045958245344103 -0.0227894721964718 -0.8059323246338664	0.6344285751990140 -4.2185018218769317 -1.1287133540433383
0.9999999999999999	-0.6404558871790191 -0.0509654741611164 0.1072794719479427	1.5461242530264592 -3.0846872437307580 4.0621894250099997
0.9999999999999999	0.5447275454700329 1.8107810434975542 -0.0457334272550998	-0.1257168007212265 1.9398653897288221 -0.1401229677776448
0.9999999999999999	-0.0705007812330868 -0.4714646398465892 -0.0771716874357446	1.4515875116675623 -4.5336496261749790 1.5005511542846581
0.9999999999999999	-0.3986354336768069 0.4738592521451070 0.1590708031728070	-0.2464891062276716 -1.4017725566506356 1.1207902250624939
0.9999999999999999	-2.7240583314586946 -5.4405720168561640 -0.6360295728850425	0.3219410669862659 -0.6229215676663067 -0.5614690131562089
0.9999999999999999	-0.4892573378166178 0.5543852460454665 0.1635026722437927	-0.4888053264792119 -0.3381894367923404 -1.6393602025993121
0.9999999999999999	0.1268446623040423 -0.5368757029876082 0.5365142379170603	0.0606623104607818 -4.5566053325558453 0.3119293372127837
0.9999999999999999	-0.0756607672012468 0.1638939041946549 -2.2518625187427825	0.1352105890694155 0.6688661915080588 0.2826993051754003
0.9999999999999999	0.3055579107563903 0.1190743026437863 -0.6807488291314168	-2.5336093195587237 1.2709653849434150 -0.8452827241375158
0.9999999999999999	0.0609776705423952 -0.9359450903248063 -0.0308043793334845	-0.7419014722340195 -1.4473948165461452 -2.8862312850142171
0.9999999999999999	0.9038655639353715 -0.6229886244893172 -0.0393405988393761	-2.0470064486488422 -1.7141526508874645 3.5108859466737723
0.9999999999999999	3.2919152433324648 0.7998352748010203 2.9675651350585137	0.5122260350217885 0.7293851772255741 0.5328156074641897
0.9999999999999999	-0.4515301206844226 -0.1434736984732108 -0.8431820770808245	0.9771812744718931 -1.2100551664264596 1.1121079726233865
0.9999999999999999	1.4997585477469622 1.3819781412424801 -0.8104637317976163	1.0920193106196290 3.1978272486646682 1.3925692762825921
0.9999999999999999	-0.8290777743511922 -0.0059169136198185 0.1891188713716944	-2.8077963621971653 1.7047276326451242 -0.2731768184502157
0.9999999999999999	1.3292785402148253 -0.2280958209608510 1.1051987618166308	-0.8262355650358701 -1.4633761774481653 -0.9374986305445103
0.9999999999999999	-3.8917071571710049 1.1811741399383926 -2.3864175585217104	0.0947919797927059 -0.7987076427185198 -0.1676414783814344
0.9999999999999999	0.1547683248073366 -0.1129837874657976 0.2486965478378138	2.8792356110436166 0.4955214333199126 -2.0700794755418483
0.9999999999999999	-0.1907466137025469 1.9969154712479196 -0.7332319598627046	1.5675074850491952 -1.1499407669705903 -1.6008801674171029
0.9999999999999999	0.2336159302590440 -0.6799196920221928 -1.6648880644882851	2.2479018729691607 0.5718388967342003 2.2549590732801854
0.9999999999999999	-1.3402748291119688 1.6152879776719344 -0.8666172526885555	-1.2655555451702896 -1.4928636322731770 -0.6818991179435676
0.9999999999999999	1.6265365337070501 2.0468786292857533 -0.3157462907244767	0.9549014912165248 1.3396198427867703 -1.3244769187267540
0.9999999999999999	-0.4204142589580203 0.0379462831543855 0.4620849799737333	3.8215646171336548 -2.2956795554118283 1.3810135683865734
0.9999999999999999	0.1768171232820790 0.0860698287678879 -0.5536756415605881	2.1729050099543836 -2.5476054537056854 1.2880038042303035
0.9999999999999999	-0.1151197763995322 0.0086078712925193 0.2415491180294961	0.8194349127344158 -1.5116910047293364 2.7476999982131782
0.9999999999999999	-0.4302281165052193 1.7168032477984299 -0.9295195852520179	-0.3082826859312784 1.0222446449376068 -0.3875712694056190
0.9999999999999999	-0.9659104346218951 0.2380317204625715 -1.1274102480028438	-1.2494809867265768 -0.3076053085004387 0.9281144333657554
0.9999999999999999	-0.5577791497672446 -0.0541023212601927 0.0000092991824419	-2.2095636599535289 0.7936093958559471 -1.6310703337772587
0.9999999999999999	-0.1198711764880662 -0.0879422081372130 0.0288055214717733	-0.8047882377083785 -3.7864025465803639 -5.0713782147230928
0.9999999999999999	0.5362216731744419 -0.9147969003018092 -0.6256031897553392	-0.3255982008568558 0.2213456145535504 0.6805353623565552
0.9999999999999999	-0.2182019026544338 1.0699350200326736 -0.1245081167610969	1.8580674167086819 -1.9777600017735031 -0.9770284605881790
0.9999999999999999	-0.7835162866762707 -0.9516729189379474 -0.8036676974798088	-0.1397729822185572 -1.8987393303949547 0.2489485397001120
0.9999999999999999	-0.1801848612202878 0.1035989680943684 0.3694165192233084	-1.4373755947919331 0.8680793334871245 1.7820830605573004
0.9999999999999999	0.7699408277853760 -0.4257765378598599 1.0442042010725578	-2.1922390196172010 -0.4479273267861980 1.1322051032341547
0.9999999999999999	-3.6857715440274599 -0.2496297779493183 3.2791955875191503	0.6134625063630311 -0.9175193451538126 1.2741378016844314
0.9999999999999999	-0.6580757542028872 0.4529534967897166 -0.0993792119675612	0.2881249351799292 -1.7110419810971189 -0.8640093069830929
0.9999999999999999	0.3380511877205893 0.1447905920230711 -0.0312726480778491	-1.7172165011101181 0.4208293136453828 0.0389070152987143
0.9999999999999999	-0.7453313018606998 0.0754972923503135 1.2250023583763945	-1.5232245981369312 -1.5592130682993177 -0.3687024970754038
0.9999999999999999	-2.5381360516856692 -3.5095019737302175 1.7376854624857423	-1.9300103387545646 0.3451584564924591 0.2274728455482308
0.9999999999999999	0.8113216292504768 -0.5282542431888846 0.0059138642759290	-2.0907833941721763 0.3759310192404692 1.4272182188659273
0.9999999999999999	-0.6605890519238928 0.6392117468185504 5.9334335401044429	-0.4095691246795944 -1.6293735857818519 -0.9303008638341796
0.9999999999999999	0.5524058757457232 1.1595542785150479 -0.1348398214287469	-0.8415406338218869 0.5451127926352681 -3.5093047715761170
0.9999999999999999	-0.0672649766479172 -0.3495038350164450 0.2291739850884569	-3.3859664139463641 -0.9919448683115533 -0.2493913994651239
0.9999999999999999	0.6895279342294075 2.2703628136014546 -1.4970691762127062	0.0106196682990394 1.3651129060862170 0.0144904885870777
0.9999999999999999	1.6343290549060261 0.8542209844427490 -0.2153424508467250	1.0263603948808557 1.4261355977214545 -1.1103711789632400
0.9999999999999999	-0.8842377300471715 0.2706056579741544 -0.1013914222846683	2.5383306020897600 0.1394268084247727 0.1438546672081141
0.9999999999999999	0.3056702807540498 0.4089362474796598 -0.3298809183593614	2.2441806370237711 -3.5972171114892171 -1.8454365013692036
0.9999999999999999	0.1174792240190308 -0.1274867961761883 0.0629166778257343	1.4365717171819512 0.8608464209204476 -1.9719327958009971
0.9999999999999999	-0.2176502022526650 -0.9297231766610166 0.6974307328990653	0.4645016686755563 1.7798984901017321 -1.3171016309456869
0.9999999999999999	-1.1880284929606681 1.3037644178672374 0.8209896229821468	1.6977307889777622 -1.0060361493532768 0.2302772469634948
0.9999999999999999	-2.8215711437855462 1.9452944368507121 0.3181022737097988	1.1647191639243919 -0.9731788121024911 0.2342937753941937
0.9999999999999999	-0.1361022736626133 -0.0967856658887358 0.4034049113019914	3.8222850821896102 -1.9697090783674704 -1.7933614412997709
0.9999999999999999	0.1670022698030116 0.3329633159931664 -0.0814692935861623	-2.4900105288428924 1.6640276866519532 1.9739595605019022
0.9999999999999999	-0.1604530327354662 -0.4511198365192620 -0.0117189655122860	0.7275485118358834 -2.9733647507330159 2.9137942065538938
0.9999999999999999	-0.1059624402402215 -1.2427889503113529 0.2150817733095558	-1.3000812246622429 -1.6221221644131658 0.6148642624001961
0.9999999999999999	-1.1824554502554767 -0.5079480358750577 -0.2366978994867629	-0.3562051167324383 -1.3857859304077984 1.7237848095325350
0.9999999999999999	-0.3528396831002283 -0.9725070568877628 0.1937481051442995	-3.5126213810160336 -1.7181081518411563 1.3973235920382514
0.9999999999999999	2.3768836930563926 -0.1008972033621497 -0.2766238863821634	2.6371846626360411 -0.3535512285307409 -0.7134081842165425
0.9999999999999999	0.3205066871061598 -1.1794287808864568 -0.0444532421761404	1.6761700129951287 0.6119294154651290 1.9293372164526053
0.9999999999999999	-0.3974367784657419 0.3235826919708495 -0.9787536841222770	-0.5172142340036462 -0.4723589499409254 2.7236748820649344
0.9999999999999999	-0.2169185184026063 0.9558813492742352 -0.4066911063005991	1.1837860870418739 0.0587366641683867 -0.2524662509227827
0.9999999999999999	0.1826291467797458 -0.5075586558014022 0.7447724048059243	2.9280731434969791 -4.0471540724416561 -1.1926572808930209
0.9999999999999999	-2.0015653909854425 -1.0580446418020661 0.0435749468486652	-0.4618109879782106 0.1563183011759081 -0.3459212474622340
0.9999999999999999	0.1224928899696064 -0.6046178640495206 0.1229223841069270	1.1275300376811710 -0.0411589656953026 -1.9010422537991376
0.9999999999999999	-2.0527248589063669 -3.1148880338456784 7.6445994762643075	1.2216450568961938 0.0456209869162151 0.1988522022155043
0.9999999999999999	0.4351021561746012 -0.6081985053773976 -0.7267495846128007	-0.4413636113830647 0.5499632412345664 1.2419935720925208
0.9999999999999999	0.1868815260587038 0.3691818264459990 0.2522564498763900	1.7524707638698045 1.7263322041515228 0.3799192468731215
0.9999999999999999	-0.3074411168185613 0.0588345005020334 -0.1152002373932382	1.1062337118877150 -1.9922216745588004 1.4810393828362856
0.9999999999999999	-0.2680867288882267 3.4204985404504598 6.1717061763406749	0.2297404222556508 -1.2993996057001536 -0.4729393606175227
0.9999999999999999	-0.1897350058501189 -0.8832995184869598 0.6875698919777529	1.1437269930852945 0.4458938212924312 3.7868951371105255
0.9999999999999999	0.1377190349356172 -0.6395658858319692 3.3944723152663778	0.4015465096797702 -0.7849784049494345 -0.7669235692996295
0.9999999999999999	1.9096918737136959 -0.1866816831350892 0.3795535553504386	-1.2299784240755405 1.2210360324062413 2.0522983978778786
0.9999999999999999	-0.1170396699900182 -0.3947200006833608 -0.5417789699409719	1.1047324354276573 -3.7977968743939514 0.6536822956939781
0.9999999999999999	-0.3721665558475747 -0.3359004223291955 -0.4300476094950766	-1.3818218105321425 3.0867859973952463 2.8383051657828346
0.9999999999999999	0.2308656446353610 -0.2922314678409375 -0.5485794544214406	2.6214539639762680 0.2743096231858032 -1.1442977228020463
0.9999999999999999	-1.3506067192166038 -0.9770951483310008 -0.5396267827990665	-0.6603232926906197 -0.6380323241404174 -2.4408832241077527
0.9999999999999999	-0.0078231074059010 0.3453107535506517 -0.0782848583163302	-0.7558447778434525 -1.5025272549172521 -0.0629755487789454
0.9999999999999999	-0.2690817980702742 -0.1307057081716858 -0.4965695546793620	-2.0831367638812832 3.2500905084908402 0.1498295935291340
0.9999999999999999	-0.3641709687557811 1.5269329544355628 0.8612125608371928	-2.3212820491312161 -0.6651832186463935 -2.4424908763771920
0.9999999999999999	-1.0901769609472531 -0.1528537749321781 -0.3908067252394659	1.0960438827803844 0.3829203806457212 -1.0388210771633903
0.9999999999999999	0.9635375657080839 -0.1357099082324248 -0.9629129019862305	0.3288120516782553 -1.2867794058185071 0.0065004188768139
0.9999999999999999	0.5262793711260889 0.4720858623589352 0.2871967926953247	-1.4374097599333984 -0.0979025965448803 1.1987443902360864
0.9999999999999999	0.1916016033104189 -0.0724982676838274 -0.1404304015873912	0.7792144506959011 2.4595723047284874 1.4192443594374657
0.9999999999999999	0.3803049081885776 2.0542447858376134 2.7569459490596939	-1.2977164483901347 -2.5816820310443740 0.4539504917031929
0.9999999999999999	0.6212727800407095 -0.1592078662446361 -2.1231312189936764	0.5995075169936273 2.3440279870904779 -2.2109129313969897
0.9999999999999999	0.4883422265396712 0.1771235730749532 -0.1229843356290782	-2.2051433862156169 1.5385315174354948 0.9674473338565467
0.9999999999999999	0.7927413606574341 -2.3856265310788616 1.7688767680212556	-0.4859842314893236 -1.4801638767474552 -1.7314132616654359
0.9999999999999999	-0.0270012603964442 0.0966430439566265 -0.7008803578211429	-1.7172442266512438 0.3237095856863190 -0.7989980802640460
0.9999999999999999	-0.1097232512977614 -0.0394585659509874 -0.2319202877304461	1.9314819450490175 -1.5988633445894005 5.5644264492613145
0.9999999999999999	-0.6733979877375770 -0.2582858354596724 -0.7120658104229229	-1.1600060525674876 1.7429465799442254 3.6830178236339473
0.9999999999999999	-1.2502600933595520 0.3531226738224280 0.0962170234908660	-0.5835108387747454 -2.0208101874207305 -1.2454974464250324
0.9999999999999999	0.0033432379228757 -0.4011597650039830 -0.1434114022477171	-0.5128364144399218 1.1481866384779416 -0.9255462066957235
0.9999999999999999	-1.1727293043776157 0.7178079795937692 0.5825003778511247	-3.0086177032950951 -0.7167126112441290 2.6415633370806915
0.9999999999999999	-0.0204855479401086 -0.8774434735665063 -0.3272480650659381	-3.9362754183216331 -0.3769087363074898 -0.3044938183636500
0.9999999999999999	-0.2782395605859286 -0.3163504203498763 1.2497930362401468	-1.6694864830830622 -1.4134213459147154 1.2418419880092146
0.9999999999999999	-0.0910269217525197 -0.6014981765156744 -1.4842744974581763	2.0735815715346528 -1.6074527994327366 -1.6170882793161774
0.9999999999999999	-0.4527729981859129 0.3372300461661913 0.0508383186526093	3.0239834666551997 -1.4547880635233832 0.0254323014012451
0.9999999999999999	-0.4690172346895694 -0.2566646591693176 -0.1771411039049036	1.6017398203094670 1.5741839699710551 -1.6260603333653034
0.9999999999999999	0.6377775285661653 -0.1412388555203634 0.7352602902545062	0.7007603598059103 -0.5094202728773426 0.4537492913799031
0.9999999999999999	0.2818600916688905 0.4767950859666111 0.3575530737359491	-0.1751122738290518 -2.1196324927623653 2.5173191601666169
0.9999999999999999	0.7342314746481081 0.3496249698317660 -0.9519278582655624	0.3062908011833533 -2.9779335331662229 0.4061472766738743
0.9999999999999999	0.5073109987797698 -0.3154085566057553 -0.2414791327366805	0.0565694115153123 -0.4715813095730647 -0.1973289117246184
0.9999999999999999	0.7568560554301778 -0.4458506602075129 -1.4538200730042161	-1.1288863663038320 0.6373603031174662 -0.8214100342364435
0.9999999999999999	-0.1224831489279551 -0.4071413309010312 -0.1603451653152343	-0.8039370309905440 2.6444207521146912 -0.0365736145113235
0.9999999999999999	0.1084230213200132 -0.4945502600564338 0.2424664872074683	2.6150203534673855 1.5592966447904830 -4.0130015053743922
0.9999999999999999	1.0191652940605491 -0.6529053734429858 1.1720982413157321	-2.1479046263385277 0.6646134622581181 -0.2824147778598218
0.9999999999999999	-0.2894282490133276 -0.4622328060442898 -0.9668986828935086	-0.4898142953639498 1.0706884912055550 2.7190690470672907
0.9999999999999999	-0.3248442907972972 0.5501161126530792 -0.2738109887244791	-0.8481035327347783 -1.6691905083638501 -3.3803194971266501
0.9999999999999999	1.2526648343287057 0.8869600915314939 -2.2733827739163206	-1.3424060607749362 0.5766569228894706 2.0620327682482102
0.9999999999999999	0.0787336946971212 -0.5561212122167239 -0.0799306184241087	0.4801436421945608 -2.4059917221336540 1.2395719634796998
0.9999999999999999	0.2833890528288608 -0.2640199127841729 0.0498542111737995	0.5857254176613600 -1.6764600345953136 3.0261191261183895
0.9999999999999999	0.8384143554499650 0.9963240823312929 -0.0938800973819823	-0.8857465739577782 -1.1795923140599969 2.2888105009501838
0.9999999999999999	-0.6238713616395847 0.1271326013580795 -0.0849935999701609	4.1483008260791374 -2.4151296765001633 1.8287034229916985
0.9999999999999999	-0.3246767477525312 -0.5447352739302516 1.9282682092916379	-0.1974622939823549 -1.1286507003247850 0.3568463063954850
0.9999999999999999	0.1637390123726962 -2.3876142355157524 1.7492713713052566	-0.8153187104338846 -1.1203625832133042 2.2006014591175145
0.9999999999999999	0.0340439828691148 -0.3324777906720588 0.4578153911582885	2.5110328127073354 -2.5924557373701735 -0.1391662949018776
0.9999999999999999	-0.5754289020662865 0.8012603906968683 2.7372499548027562	0.9725898112266451 0.2157870606546816 -1.0647737016196235
0.9999999999999999	0.6838565589636786 0.3118496830410479 -1.0673187643619453	0.3301217599249449 -0.9156762654821616 0.5164813496843212
0.9999999999999999	-0.2307724359657747 -0.8499997576886045 -1.6330721521312668	2.7137177422696896 -0.0308747085618481 -0.6052268206873261
0.9999999999999999	-1.5149259202553169 1.2084790001435279 -2.1728293533598610	0.8695525367293548 1.7199492494143738 0.2823669159822982
0.9999999999999999	2.0929667232521521 -0.9207260357826975 -0.9872765835570806	-0.2858598251730464 -0.0035140778321949 -2.5795837860758408
0.9999999999999999	0.6265358981908226 -2.8937990984311761 0.1571590035552716	-0.4279324269150378 0.1395650491574164 0.7654223838154417
0.9999999999999999	-3.1612932860456149 -1.1849800808210300 0.1302882429904884	0.1753588306934953 -1.7704229386139401 0.0393332144004992
0.9999999999999999	1.3521404550449287 1.4239681259681789 -1.4604555590210022	-0.2766532602897347 -2.4393631178333703 -2.3053012151311831
0.9999999999999999	0.1507566128295169 0.3623881059056769 -0.4779127842194068	-1.2031975810554860 0.1886719539341022 3.2464454073252091
0.9999999999999999	1.7260285189453122 2.8986350005745156 2.2283668850227913	-0.6695443636582072 0.1527395506175069 -0.1743297254713752
0.9999999999999999	0.0077350704141559 0.5252346990370143 0.1002259481943391	-2.2375623281087007 0.7086319361262453 0.5666241738892065
0.9999999999999999	-0.2045568560784224 0.1465207911097416 -0.0576318530958603	-0.7855002001149538 -2.8714588057193384 1.5516981311627718
0.9999999999999999	-0.0960224170274948 0.4071546809676403 -0.0068303422988534	-0.6828083144482632 1.6118224580708356 -1.6094110781627944
0.9999999999999999	-1.1730960335620995 0.4990875434411004 -0.4640994768589340	-2.2044535393136750 -0.0559936545696834 2.4767425521294908
0.9999999999999999	-0.0767925855398599 -0.1393361868943139 -0.0097310303048487	0.7105257968356452 5.0397035012906750 2.4527014529296314
0.9999999999999999	0.8806918201198188 -0.2255489346309140 -1.8670859948140037	0.6388861802474329 -1.8419506652815540 2.4262551121476350
0.9999999999999999	-0.1629157405655439 0.3693154126753679 0.1598597299133268	-0.4378083667122296 2.2962271619622214 -2.0309515471510466
0.9999999999999999	-3.8499947616871828 -1.1153002768280118 -0.5666308063480351	-1.4399205125273786 0.7337127240275956 2.2309174871311033
0.9999999999999999	0.3285665290055322 1.1847332328597397 -1.2904704924304822	-1.0059778644777018 -0.0911074377960009 -2.2380186055504638
0.9999999999999999	0.1361948331102744 -0.2422883899843185 -0.5377718609829548	2.9974930763530052 1.2313878597637009 -2.5388284639872638
0.9999999999999999	1.2202475743717403 1.6804853727268758 -0.4089725934707526	0.1265659086980608 1.5282893931672925 0.1056105032268389
0.9999999999999999	0.0334367700707692 0.1979637148813076 -0.1704263601469622	-3.9284656864872822 -0.4414492890006920 -3.0008079917349280
0.9999999999999999	1.0446626299893145 -0.8687179814316567 -0.4786877394947303	0.0222870858954174 -0.7639352716306430 -1.7240469556661384
0.9999999999999999	1.8959250140908293 -0.0437409502944189 -0.5716112121262086	-1.2977599506326234 0.1053400202542656 1.6022757451868932
0.9999999999999999	-0.2703119155625821 1.3866350951487381 -0.3350104356832759	0.3963921296185823 -2.8965087684718385 -1.2149636814263098
0.9999999999999999	-0.3453526817362009 0.2994676765398760 0.0966820244663574	3.7066480171039213 0.4251807741157942 -0.7325122103316458
0.9999999999999999	0.1294556730674429 -0.1807463281423914 -0.7452041685763253	0.3574311561674270 0.2295392473080543 2.9007073068815163
0.9999999999999999	0.2124693128298217 -0.2641307029727644 -0.8550066190671067	-0.8358415701387879 -0.9366881509772506 0.1986633350054460
0.9999999999999999	0.3155433096327653 0.0099010611900349 0.1588766517461067	-1.6865497586608809 -4.3292553177611719 -2.2469019732472675
0.9999999999999999	-3.8713206215584384 0.1765421275447238 0.9721139984329784	0.1283889176550614 -0.7734772760210581 0.8523105923623661
0.9999999999999999	-1.0167529075845965 -0.0623276447121957 -0.0287342356295872	0.0564456161042676 -0.9387144615662005 -0.5648123042432368
0.9999999999999999	0.5420999049647464 -0.3089327981913033 -1.8701338925070463	-0.2176968328170388 -1.3663319390144566 1.0388732019621894
0.9999999999999999	-2.4193019943641754 -0.3456041006907057 -1.6939065424232631	0.2592263739411916 -1.1327047444134113 -1.7073289597528609
0.9999999999999999	1.4754066384986133 -0.9620220287395865 0.7850786457467155	0.5186173853465645 0.7972014246690297 0.4243076974593512
0.9999999999999999	-0.4360867438568498 -0.3466301703328990 -0.8338850226684744	-0.3838455285877422 -1.5366974443687356 4.8129514909182181
0.9999999999999999	-0.3927715038166497 0.9347554214412552 1.5169990847867152	0.8934799085175295 -0.0354305515714341 -3.1220352611941800
0.9999999999999999	-0.1382414370328162 -0.5594734713508477 0.6159053312329913	-0.3676306505814965 -0.2525386553731972 1.8601536437570854
0.9999999999999999	0.9196224669950178 1.0366062538245151 -0.4609989621424304	0.3716239435809441 -1.4856887092620199 -0.8084292143012748
0.9999999999999999	0.8636887629774781 -0.0951323879955987 0.6249692107428243	-1.7567519666767577 -1.4926818120095069 -2.9349905381237620
0.9999999999999999	-0.2765714285586075 -0.4307821167175775 -0.1337666117391153	3.3010248455713982 -2.7883335271170036 -2.0384469279750546
0.9999999999999999	0.7888650954158453 0.2768959141698485 1.0225389172791861	-2.0326295701097354 -0.1235694142250233 -1.5877094498158639
0.9999999999999999	-0.1947129355158816 -0.5850190316477671 -0.8565756781361625	-1.8146435826112874 2.1948894368878693 -1.4574380651574752
0.9999999999999999	-0.2236759219715312 0.6048562210364063 0.5879730181993638	0.8607766745856316 -0.7070770468948702 1.6896326288320431
0.9999999999999999	0.2205461034391461 0.1968528027953223 -0.0855409651318692	-1.3639733823581830 -1.3133862040671695 -1.3450967543251635
0.9999999999999999	-0.7760452981287643 0.0165354036944474 1.9738342684910601	0.6709568930253752 0.3767907583870197 1.3060136752591769
0.9999999999999999	0.4835516132282184 -0.5044404534282078 0.1013394286226039	5.1409827487929345 0.2186701603798329 0.5754494915291739
0.9999999999999999	0.1584724516494569 0.0063387104643464 0.3306108720137445	0.2549377653834352 2.2310782189257319 0.3393913255924291
0.9999999999999999	-0.7862351729988520 -0.5507995451813781 -1.0392757185386081	2.8614320153212947 0.2023200305093407 0.6325102460922989
0.9999999999999999	-4.2907344390609277 3.1143199382388596 -0.8489029685332909	0.2013819919371354 0.0945485814537495 -1.0790841917627629
0.9999999999999999	1.3364514610562652 -0.1204569207654431 2.7385200354262640	0.6197799237200957 1.8554062407088923 -1.3190948675089054
0.9999999999999999	-0.2093868031980702 -0.2469370418104206 0.1860032282184562	-0.0737788067840349 1.1591947656174053 -4.6131307961791537
0.9999999999999999	-0.2693000630746194 -0.0491783691989209 -0.4193697555787468	3.9197321193900447 -2.5151135749988365 1.1075987922101458
0.9999999999999999	-0.1864724562486627 0.3165140384763182 -0.8588777844733227	3.5267089722435983 1.4274331680182455 -3.5843188705784912
0.9999999999999999	-0.0447808006284974 -1.6236163956079561 0.3853187735474650	3.5208225327175233 -1.4977511060010626 -0.2746973229470056
0.9999999999999999	-0.4670066812091031 -0.2968646270701482 -0.7344342774161113	-1.6182669393539886 0.0071753503007367 -0.2751896988718520
0.9999999999999999	0.0572861650098075 -0.3668641797719517 0.3500129012464531	0.7927271786453398 0.0652374212965499 1.3227288733056835
0.9999999999999999	-0.5115698949335954 0.7309714325269675 -0.6635775142418345	0.4981054176258363 0.5557992670001566 -0.0421631595501036
0.9999999999999999	-0.3202667973400697 0.3661624881200140 1.6523864978340810	0.2490714404960413 0.1243025732259633 -1.1019167616601400
0.9999999999999999	0.0927381325554029 -0.1222991414331634 -0.4577561129512310	0.2710878562097854 -1.8412041026725843 -1.5623257486452533
0.9999999999999999	-0.8914787588796864 0.1235533433914841 2.7871346158628056	-0.7727743986856342 -1.4748853186029576 0.3576074811003103
0.9999999999999999	0.4230632288360981 0.3268430897946542 -0.8636490752507345	-2.2695489929186805 2.7822686219204926 -0.3450807125129007
0.9999999999999999	-1.0582164254049700 -1.2873836987055243 -1.4131104150146598	1.5388967099988093 1.7145710992069270 -0.2470358422493132
0.9999999999999999	0.7879014186730966 0.0205939767169632 0.9247657149139779	1.0439399895276207 1.2984345160159616 0.4263110673926100
0.9999999999999999	0.8817213670862585 0.6285971040190288 0.8326413804009264	0.4423552016848324 2.6151108716257037 -1.0168695244737900
0.9999999999999999	-0.3192034284947776 0.4929268323636825 -0.7550962630781435	-0.9309672023656410 -1.7849539615825527 0.0167976319100398
0.9999999999999999	-3.0174502876474141 0.3727702018546017 -3.4187707291416567	0.0169172357066647 -0.3293173724545164 1.6713124549833833
0.9999999999999999	0.5883533997245195 -0.7446179142368036 0.3950680980230267	2.0908628456588731 3.4222053559545720 1.4173350763280763
0.9999999999999999	0.4275425563937758 0.1604541743239447 -0.4482158030681941	-1.3213904693065650 0.3191411428619941 -1.0308840182201950
0.9999999999999999	-1.4753423979786036 0.2021616931376426 -0.1391279576586100	-0.2513514422993364 1.5477434528916139 2.0775120867197097
0.9999999999999999	-0.1224733431418221 -0.9546000644126684 -1.4441971316174935	-1.0706297092297015 -2.0974407547314544 2.2447218846980257
0.9999999999999999	0.1709633715288184 -0.7270159393500775 -0.0807080912966094	-1.0656608461898376 -0.2864784862067480 0.4696398413780545
0.9999999999999999	0.5396281590201940 0.0094004729878303 -0.9484080586227619	-1.9340043296545166 -0.4124552657402607 1.1474566290879149
0.9999999999999999	-0.2724346694987234 0.1487033034521222 -0.1732967709637810	2.9877024623146839 1.0266621479341174 2.1987401566369615
0.9999999999999999	-2.5390786934575518 3.9175871615289588 -0.1039129885132870	-1.7991527551705053 -0.8967596308691567 -1.1798163306634069
0.9999999999999999	-0.4514509714253888 0.6269092198998495 -2.1205743665858807	0.7989794215339820 -1.0141641582092666 1.8530097390651190
0.9999999999999999	-0.6183945743111130 -2.8309676679588311 -0.7957612729392096	0.0463362034056637 -0.5188892048537864 -1.2508210941697357
0.9999999999999999	-0.2154536749697926 -1.4253278476094942 0.0382240834907761	1.0163419101004811 -2.6407454689968630 0.3197572680153811
0.9999999999999999	0.4721710135948861 0.3032446331809303 -0.0975958540763967	-0.1006389304220690 -4.5079741385508605 3.0227534793240518
0.9999999999999999	-1.7466828326609045 -2.7121192085469117 -1.2239867537732390	-0.4340622444047399 0.4798437631740206 -0.7012406410878054
0.9999999999999999	-0.6768888637469523 6.8897150465876349 -0.3311514366056229	1.5364082170496267 0.2726074416618663 -0.5723195166858928
0.9999999999999999	-0.8179046302491374 0.4218932187767110 -1.8651536383147920	-0.9055159288490938 0.2125696291246860 3.3461376352185406
0.9999999999999999	-0.1246111593512997 0.9759320784698197 -0.0883940927897428	3.8736135054978447 2.1834674040115472 -0.1000078309050201
0.9999999999999999	-0.2455250944152037 0.5234483865025409 -0.3824147971213174	0.9225559094778522 -1.1989575123372238 2.5915323137577508
0.9999999999999999	0.9314908039620357 2.1102266960673632 -1.9540587804312448	-0.3193671510550335 -1.2522496346492511 2.1752281575590828
0.9999999999999999	0.5472246737199513 0.8620299293968307 0.0810687917367125	0.5617966048261697 -3.0153158647853786 -2.2350009598646055
0.9999999999999999	0.9310675855127603 -0.3317596790142979 1.6862335526592231	0.9480989729105577 -0.0655187672750203 -1.6345492281690270
0.9999999999999999	-0.1341489088420724 -1.7465286049297692 -0.6632900770028487	-2.3757701935436875 1.5201018718909969 -1.6899000506264206
0.9999999999999999	-0.3297996436711537 -0.2345203915360404 0.4648336808850284	-0.5699021074816742 -0.3850413745697100 0.5196187974282358
0.9999999999999999	-4.0200372352956855 -2.4812355690400705 -8.6639932268594784	-0.6378401764464783 0.9275377539887675 0.0847871779430200
0.9999999999999999	-2.9502205858710768 -1.4258390593523356 -1.4461868476040438	0.8941384338211514 1.5462040943652020 1.3323990145973537
0.9999999999999999	-0.0066364746220504 -0.8397888383808454 -0.0630772588298942	-2.8417521440773852 -2.9515231344797348 -0.1912161563658830
0.9999999999999999	0.5252959107855270 0.5818266487987970 0.9219513260235015	-1.7064422210094039 -0.6298606691656886 0.3502633580625561
0.9999999999999999	3.1446883281281850 0.9665706663383551 -0.1793658484774586	-1.8889835969585647 1.1417700578713572 0.6030600611880743
0.9999999999999999	-0.8881132495732678 1.4801484121489541 -1.0887770766665412	1.1737887904849418 0.3383200388689537 -0.7057413135893144
0.9999999999999999	0.1483315768523175 0.9452548274013068 0.2507684845781434	1.8082429632770955 -0.7931323551489119 -2.2240783897495238
0.9999999999999999	-0.1012396602116356 -0.1274787630260155 0.2494269381227769	3.2724673265782362 -0.6582921635737247 1.2011538315713921
0.9999999999999999	0.5604150422065680 0.9895880349248179 0.2650016819387142	-0.5513915551554630 0.0595912708255034 -0.4936052809077986
0.9999999999999999	-0.6144566826168838 0.4487345166397572 -1.8298486872735300	-1.3181127529733423 -0.7353298793724411 2.8210487807748086
0.9999999999999999	-0.2610327958683942 -0.4122107433122948 -0.4709915547878682	0.2682022931703613 -1.2166102270055501 2.5896965083519778
0.9999999999999999	-0.0076657475966157 -0.1683177712289304 -0.1917413933214604	-1.2195260083906780 2.2678453840787065 0.9398950284822213
0.9999999999999999	1.6483013626391896 0.5720345352355746 -0.6915776664306694	0.5605810247726749 -2.1886930284291548 2.0236453166298087
0.9999999999999999	-0.8639966404596009 -0.6370811829728670 -0.0894143425376344	0.4370654374352799 0.0179936660063056 1.1730100176036518
0.9999999999999999	-0.5111926221332196 0.3845255561359046 -0.7027822768665437	1.1715992284135213 -2.5712159458857187 2.7641631029083862
0.9999999999999999	-1.2590692920820437 0.3198442112669677 -0.4201870916842615	1.2494598630198503 0.3711600516345768 0.8450459506637322
0.9999999999999999	0.4274178547441619 -0.0832038590551272 -0.9593646703139819	0.9541336081914326 0.6558918659081894 2.2413654165933417
0.9999999999999999	1.0459698976899361 1.0541945778100408 -2.4820377562197753	1.5229635587470440 -1.4506796355168365 -0.9610440975997152
0.9999999999999999	-0.1727482125381701 0.1462182400320975 0.1379740542183769	0.6799471025304056 1.2589285054212880 -1.0986950313284871
0.9999999999999999	-0.2999647643481501 0.0095310206496416 -0.1715435943342539	-4.9375221172593973 2.4622283905737916 -0.4112972905889979
0.9999999999999999	4.3062088170230535 -1.1796726700975180 1.3760481739340595	0.7685465042830685 -1.2850127030373721 -0.3425585503666301
0.9999999999999999	-0.2207915641061652 -0.0981416604307753 -0.3665142007893105	1.5412321578978587 1.8669404496654420 0.8176637156603103
0.9999999999999999	-0.4459605713670076 1.8331879774292894 1.6279702147170974	-0.7043662757659918 1.0186751252220947 1.4147278276067783
0.9999999999999999	-1.1227972957935595 -0.6144543506126970 0.2583468175167632	0.9787868993185884 1.3679674074363228 -3.3351797152746112
0.9999999999999999	-0.8298346800094847 -0.6370895254497067 0.0061958270493956	-0.0024112132575840 3.2012776834647902 2.1049187303484374
0.9999999999999999	0.6917070935687395 0.0424104921398671 -1.1547536967839060	1.7200206152285189 -1.0510209803519162 -0.7334570012324959
0.9999999999999999	-0.1147056167576467 -0.3689708759503702 0.5857612729813721	-1.3447664244496336 -0.7082166275988971 -0.3563748433817321
0.9999999999999999	1.0346851947794300 0.8208344951710198 0.8535412466837218	0.4059887509286201 -2.3724413825404671 -0.1042513177082873
0.9999999999999999	0.3997714799213312 -0.3091114661549397 0.3179054499113115	-0.4678699855949658 -3.5154938526474884 -0.4608922771509345
0.9999999999999999	0.1950825055100670 -0.2397455819501082 -0.0630920905510057	2.0259815070964806 0.8620571300879523 -3.4414339728084311
0.9999999999999999	-0.8821247412091199 0.6537918996799253 0.2962514542215668	-0.2337260729665582 -0.2738324667578392 -0.8773760941228649
0.9999999999999999	-0.3817664293487679 -0.1376144194701835 0.4695954292785026	-1.0740448374129097 1.4803447412871313 0.4975507127556518
0.9999999999999999	-0.3265681814086890 -0.7944447533591312 1.2801389387197781	-0.2463056808498421 1.6076021487338075 0.3919055267389109
0.9999999999999999	-2.3999979234080806 -0.4278481927510946 -1.1135025548977209	0.2660628293318292 1.5629791022749273 -0.0228505527059598
0.9999999999999999	0.8943603511071113 -0.0080227689043916 -0.1848926578073463	-0.2994984427978038 3.4635141714914042 -0.6328112834747401
0.9999999999999999	-1.4360513882433854 -2.8778758706792931 1.7819773799098799	1.4882540647250082 -0.9410195359340066 0.0613386455327411
0.9999999999999999	-0.5574576252770453 -0.2303600477639325 -1.4127811089927167	0.3720683405850085 1.0404623837013971 3.4790672845226465
0.9999999999999999	0.3416497814992183 -0.3024716103198871 -0.4691260250432691	1.3726362611144216 -2.3071281561996129 1.8047375412022966
0.9999999999999999	1.7461222726238725 3.8536781688809003 0.6024124787872343	-1.1055620977854963 -0.2264019062669612 1.5326103425131441
0.9999999999999999	-0.7692200128086178 -2.1172377690056283 0.1299369870738130	-1.7148972980306159 -1.9527277133909449 -0.5418387381628124
0.9999999999999999	0.1213146776620554 0.1155526506963856 -0.0963011142004709	-4.4891532576325908 0.0505586092220144 0.5270878099920892
0.9999999999999999	0.2755266109004251 -0.2963839464315834 0.8703789984364949	0.9045516158961200 0.1655062892104810 0.2633244851352667
0.9999999999999999	0.0880464832208368 0.1284125284947437 -0.3632227941241025	0.9789597157865401 0.4415545950408700 0.0649411606175068
0.9999999999999999	-1.1820213852624992 -0.4163807165316353 1.1529436232958996	0.0358556671584306 -1.0002168499522817 0.0392841303979568
0.9999999999999999	0.2892972005910294 -1.1982531309438875 -2.0172611228005475	-2.3858693533482929 -0.3575439444411360 1.7771251314791638
0.9999999999999999	0.2479891326308759 -0.7095172982775876 -0.9094671793033060	0.3210037797404386 -0.0510857910611865 1.8609617535870671
0.9999999999999999	0.1063141805565336 0.6424514969163529 0.7970113274573869	0.5456664707325378 0.3043509284359133 2.5328275793253843
0.9999999999999999	-0.5259019910393976 -0.2160622965767879 0.2420962496731146	-1.0067167101741485 0.9062187894211535 5.0664632576423108
0.9999999999999999	0.6545224168270026 0.3860735680716780 -0.8682368043179980	0.8510845279047796 -0.1874942295589409 -1.5160285994389382
0.9999999999999999	-0.0250733111082189 0.4387502365119798 0.0564661415558354	-0.2985429498196498 -0.7851481900147342 2.1616326063906386
0.9999999999999999	-0.6044160269070894 0.5585890128843288 0.4032749850710665	3.7112877309826198 0.2207699613533724 0.4636666481614401
0.9999999999999999	-2.2890594558519060 0.6133395782702900 0.7988923565870960	-1.6642796569982270 2.0280130753265242 0.5972800161730608
0.9999999999999999	-0.3815819336593138 -0.4929312353770930 -0.3635449005211270	-1.4605563005311233 -1.1559896319688097 0.1681927488204209
0.9999999999999999	0.1410991093372865 -0.7166381714781651 -0.0671815177123202	-0.8829668971345952 3.8607128718540231 0.5587081485265529
0.9999999999999999	-0.8453466355385252 0.1074781705313992 0.0090460133185939	1.2260398334303360 -1.4693496995030402 -1.0792453805414257
0.9999999999999999	0.6048333544354842 0.5879505758013523 -0.4046839420947694	0.8271612105754371 -2.0066277309715099 -1.1771350074746108
0.9999999999999999	-1.6606151839791272 3.4680495720615032 4.0397361773803375	0.3553452136747972 0.6736644504745793 0.6874322166000494
0.9999999999999999	0.0327400939109052 0.8801334285055146 0.1036324139681827	-1.1619813621208028 1.6249750988000025 0.5806441292859067
0.9999999999999999	-0.1945288436627247 -0.9376991991336732 -0.6925306415026390	-3.3173304222196456 -0.6747900462303760 -3.3274694076871469
0.9999999999999999	0.1347407992967863 0.2895666376381621 -0.4864946238563387	-0.4975472525751219 -2.4036792546917884 1.9999402981534820
0.9999999999999999	-2.0546511037375397 -0.0931820092804613 -1.2413619429685168	-0.7417671649782743 -0.9656581448432020 -2.2150221537799029
0.9999999999999999	1.5817755008807481 1.5482132567181437 -0.1036908636141220	-2.0037530783022048 1.8053154406071543 0.6025206823817010
0.9999999999999999	-2.7360239136650071 -2.9391773406931332 -0.1164289883725783	-1.6025374118722477 -0.0944523511965148 0.2056398310538341
0.9999999999999999	-1.0528766605098987 0.1167754052356594 1.3622145556125191	-0.0591430976976606 -0.9522717640596996 -1.5002460417056762
0.9999999999999999	0.4733012336772753 -0.2341896410829729 -0.5345258839256083	-0.9176777464954832 0.4700705919366381 -2.9875267549124200
0.9999999999999999	0.3031192330267765 -0.0052263633415335 0.5185661275856680	1.1469146419948999 -1.0276274917879418 -0.8556525576090153
0.9999999999999999	-0.2050818607844222 0.0808783887065868 -0.3973530991846763	-3.6093522956795479 0.1032112184666086 1.8132369812021731
0.9999999999999999	0.6414906556474311 -0.2956954115814271 -0.5853783678749801	-0.3726372595746851 -0.5891314492898037 2.0305752165180735
0.9999999999999999	0.6527908430774810 -1.4037453320655491 0.3339647040172799	-1.2457926691840784 0.6733768164087968 0.1649942897228471
0.9999999999999999	0.0682446475042828 -0.4872512892829053 -1.0378687590574891	-0.7503110743288163 0.5091109860932751 0.4913791226935432
0.9999999999999999	-0.4334601672306443 0.1064021851038337 1.4248592760062138	2.0168635429007886 0.5384041005601731 1.4249563053107244
0.9999999999999999	1.8556473764373886 -4.1086995773879078 0.4968616279949178	-0.7975327475945585 0.3582571399633689 -1.9707535586625780
0.9999999999999999	0.2513032273480355 0.6585241083470903 0.0120384416733687	-1.9637266434685765 3.1395934319608143 -0.9447142132178241
0.9999999999999999	0.1190602757490627 -0.4157068451214667 -0.3330587484520430	0.3936432806096706 1.7678181634467824 -0.0263463429631472
0.9999999999999999	-0.2700492116587290 -0.9852825036916858 -0.6984683323620566	-0.1590146686461181 0.2925752815909278 -2.4754913451010117
0.9999999999999999	-0.3041414479755931 0.5143044639183139 -0.1004388016567928	-2.6011244783831176 -0.7078058603358585 -1.3822484238414841
0.9999999999999999	0.1717805566432203 0.1134769099323332 -0.0141064787552275	1.9946072071376015 -0.9677655550670810 0.6975265447788113
0.9999999999999999	-0.8419656407394652 0.3747927322460823 -0.5716294654594878	1.5850146314639593 -0.9326758455849168 -0.8211074119916193
0.9999999999999999	-1.4020542886402401 0.9670543698283284 1.7763958671410445	-0.2699934319581581 0.8609028015741921 1.6465392474357730
0.9999999999999999	-0.0870349789111301 -0.3881776161466485 -1.2564977221740945	1.8387339279636410 -0.9184418802695899 1.4190599081336948
0.9999999999999999	-0.1135303645466807 0.6391671096481250 -0.5920054853115658	-1.1331458658221774 1.6450548153305427 -1.4496095055464633
0.9999999999999999	-0.2091401746494401 -0.2572376629220793 -0.1983702805455402	1.4298986552934749 -2.6574268352687365 -1.0282758553408660
0.9999999999999999	0.0175449494878902 0.1188142318688580 -0.6304938742729181	-1.5223942511787121 -0.0143370640076020 2.8429364941438555
0.9999999999999999	-0.3346451687162711 -0.2398029146418386 -0.0161268601998179	0.6640811037634214 -0.1129535958267213 -0.8592993887767757
0.9999999999999999	-1.8089636535557103 -1.3498790384815049 1.7847518142513163	-0.2549773578224541 -0.1195636016181045 0.5947883319146240
0.9999999999999999	-0.1408126071403043 0.6714247862498731 -0.1261789245104162	-0.0392209514975848 -0.6351134469157429 0.8993858659946173
0.9999999999999999	-0.0077641976196501 -0.0828769798454049 -0.3685567943039910	0.6479830511958290 3.7003352780911061 2.0130771021812723
0.9999999999999999	-0.2977474437288267 -0.0310310239409683 -0.1682118859072572	-2.1454305162551122 -1.1975554045446621 5.6606103013969760
0.9999999999999999	0.4109583860632911 -0.1795488086096791 0.1420947492298672	-1.7186706848011595 -1.2433431995372608 -1.2329385371171664
0.9999999999999999	-0.1080333954225357 -0.4499382333158501 -0.7147562903137979	-2.3714547989668384 2.8825950091500530 -0.7398104228805640
0.9999999999999999	-0.0187697875303067 -0.2722004248530162 -0.3248906511520480	-1.2122383728737158 -2.5803935417131680 1.5618208913550944
0.9999999999999999	-0.3669696559830005 -0.7609337630907507 0.0771712947612450	0.7539037546972321 1.8630682699914038 2.7006585674773853
0.9999999999999999	-0.0775847654606461 0.5119643707892810 -0.0083857135520451	-0.7671473105719159 2.7935265901445190 -0.9712082689414860
0.9999999999999999	-1.0066052331183406 -0.6052754435440150 0.6223362944268613	0.8039035945652186 0.5084200238245421 1.8099225240808869
0.9999999999999999	-0.6096458386372512 -0.1731216946315279 0.2355687903218232	0.6803301646033583 0.5508870978301320 -1.6218253842677139
0.9999999999999999	-0.5671070563884726 0.2520213599547094 -0.5361038537459509	-1.4393709773995400 2.4882692838844709 1.8241667067354155
0.9999999999999999	-0.6240374194684191 0.6503072398033265 -1.0225516086776700	-2.4424472248947100 -0.4897062029593078 -1.7850414977979883
0.9999999999999999	0.1922139806843134 1.1084483233941513 -0.5322918844227194	0.1600112481069433 -0.6579671411548806 2.3313811940476032
0.9999999999999999	-0.5103209246682124 -0.0192189212764563 -0.4509437229232005	1.2446214805797990 2.4704402902845692 -3.9461448875041674
0.9999999999999999	-1.7032496962150414 1.1542231815648361 -0.6775975011202054	-1.9041927906625640 0.2842931882615828 0.3412954569677236
0.9999999999999999	-0.0861378102921136 -0.3138985821675757 0.6747039921719505	-2.0562803765732025 2.3800373684203411 1.4778487500075392
0.9999999999999999	0.2953722736805214 -0.3306997236773042 -0.1797705001762512	3.9939972575035907 0.7194281776603221 1.7972694036600494
0.9999999999999999	1.0387912704839755 0.2531617044411034 -0.3839864870557249	-0.4201771646737616 1.3495908768888965 2.7042878592415196
0.9999999999999999	0.8046993695523027 -1.9873688262467710 -0.3090483493722303	-1.5751747318987543 -0.9986186972690559 -0.5314992280291376
0.9999999999999999	0.2081546457326158 -0.7194876266104786 0.7253048115254391	0.5645725775056323 -0.9294391861084407 0.1903742313401551
0.9999999999999999	-0.3603425392463268 -0.0440534100450924 -0.3413793478614476	2.5014748579807842 2.5782995155790527 0.6336009461103380
0.9999999999999999	-0.7798428671807327 1.4844940574029395 0.1387814703669184	-0.2013247692955183 0.7979861190474719 -2.5265130854641260
0.9999999999999999	-0.2044933619243799 0.1957628043569915 -0.6049186945080495	-0.8634358948664441 2.0895539268020342 -0.1093193685805154
0.9999999999999999	0.4408390647511773 -0.0164018753685006 0.9138037671795269	0.7587783318004790 -1.2796421896776662 1.6712088029445409
0.9999999999999999	0.1777212830249882 0.4639240905502242 0.9596124122445219	1.2137824560876138 -1.2118008246752008 1.7833365586787637
0.9999999999999999	-0.1679225916864408 -0.2265986801022605 0.0442459455846486	-3.5878104326764073 0.9970262904640720 -2.6705011502538856
0.9999999999999999	0.2940681706844228 0.0313504420583120 -0.0004267964160012	-2.3837265951283357 -0.7378671982767760 -4.9172621320428309
0.9999999999999999	-0.1249859236973644 0.1575695528164306 0.0334364616942668	0.4601550907666796 0.5998353252642460 -0.8127993013361329
0.9999999999999999	-4.4169127936426529 -3.5977656029948526 6.0442421254939340	-0.7520347094766693 0.3619584332682852 -0.1074663774160208
0.9999999999999999	-1.6187314900816794 0.6058804462286376 0.6593959634077478	-1.3015554888990502 3.1057494818679321 1.4021265376908341
0.9999999999999999	-0.5376993276074007 -0.8153310164868456 0.8402229449728803	0.4497478444791180 0.4842097348675985 4.2918929109062072
0.9999999999999999	-0.6549659987982855 -0.6328253132177233 -0.5261703581762879	-0.2610530889174596 0.0395192920776827 1.1186609359864872
0.9999999999999999	-4.3375334661063354 5.5091616758612254 -2.1263770184534225	0.9830639014597552 -0.1309366313557185 -0.0313288514609047
0.9999999999999999	-0.4285371350494257 1.0722347464540991 -0.2552750127051775	-1.9964190177292156 -1.0691922045201818 0.0147294554974301
0.9999999999999999	-0.0492742965465118 -0.3802450013733178 -1.2976158218491376	0.8368952182607716 1.6726971731844473 0.5810748024323096
0.9999999999999999	-0.5900348320033266 0.5971015099895057 -0.6695354738109764	0.5685055389038666 -0.8745594452076916 2.6351074864209658
0.9999999999999999	-0.6308907882608301 0.1834443049470310 -0.3668542628740294	0.0697515053112019 -0.6466237039648174 2.6661630659008813
0.9999999999999999	1.7557697725478876 1.9907089536812665 -3.5069646556099334	-0.9950447242414079 -0.4016053450889854 1.1105706684588514
0.9999999999999999	2.0747582216240303 -1.7278272955754208 -1.6280444200432596	1.3081426874873967 -1.5611882215118240 -0.8768623864345136
0.9999999999999999	-0.0552107305977867 0.4941550219770393 0.1517243070516143	3.3612659887918852 0.2914538141097514 1.4241152476548047
0.9999999999999999	0.5169233391430873 0.5129209513127122 0.9644451906723963	-1.4122954679690414 2.5518925787773274 2.1904106969845016
0.9999999999999999	-0.0253399602842851 0.4649340875565172 -1.7210941478320791	-0.2451263194343888 1.5357708681132818 0.5421518014512527
0.9999999999999999	-0.5392659911035563 0.5223986929146532 -0.7360065943468859	0.2007487255292905 0.3781002150457884 1.5807364335116685
0.9999999999999999	-0.9759246505083965 0.5903353767540317 -1.7812541740104417	-2.6276990809665666 0.5133601398383979 1.3674579523761263
0.9999999999999999	-0.6183745950645151 -0.7249891958411485 0.4226733151160773	-2.9239594308793526 2.0437239472197990 0.3037242022740267
0.9999999999999999	-0.2846395141579775 0.0602203913175160 -0.0135685562750918	1.0569518251178160 3.1254964466794126 -1.1713625407884405
0.9999999999999999	-0.7400338968452013 -0.1357153238446780 -1.4510086514814964	-0.7203366269425522 -0.7144535025224493 -0.5104675117870132
0.9999999999999999	0.4099934467470075 1.3369318739085216 -1.0070146756071481	1.2397568736064470 1.1395766323970853 2.2521205473301298
0.9999999999999999	0.4402889677168569 -0.7429745217244192 0.0442370477824028	2.1442473119118164 0.8976109527821673 -1.2559351852757337
0.9999999999999999	0.4942535700298740 -0.4193751627401527 -0.6405644825631683	-0.7518765434257891 0.1088691721249316 0.8319010178784784
0.9999999999999999	2.1167221879944291 1.4598926557956498 0.4517238647894287	-0.2374037921079676 0.3799004017650828 0.2929785134573759
0.9999999999999999	-0.0748607149965452 0.0813000733464537 -0.6869778040824814	-0.7798894634762827 -0.8819609147223275 -1.1243357611936122
0.9999999999999999	2.7340593308027037 0.7843494055339792 0.5853271160680484	-0.7074431374034943 0.1936235058659157 0.4148854709713011
0.9999999999999999	0.1255638463694554 0.4594164797873654 0.2269184376646959	-0.7770781205444076 -0.2223211790346192 2.3942070928467953
0.9999999999999999	-0.0567728138397633 0.5381385500020521 -0.0104451956388594	0.5865818988106331 1.7109062116129585 2.1649801484111864
0.9999999999999999	-0.3228951799202423 0.1234380496723355 0.0952570869735727	-2.9828909481763279 -1.3959947184396142 -0.4282167120718522
10.0000000000000000	-1.5683347909932230 -0.4903063152245117 -0.3629605079207683	0.9169296559804486 2.3756397286769073 -0.2807706959998994
10.0000000000000000	-0.3985367625963953 0.3446040459659565 -0.5164820442530862	0.6673417355160035 -0.4575800284731084 -0.7040758703596137
10.0000000000000000	-0.7012907044484002 5.6892841787299719 -2.7310835789612589	-0.3342063011151299 -0.1352847754924226 1.0600986646213404
10.0000000000000000	0.0375924146128582 0.0939218949145530 0.9673131189795749	0.3138205516059639 -1.3572830577759849 1.6499024962859759
10.0000000000000000	0.6832781120158257 0.5235729687837966 0.4392747464439747	2.1679495874523869 0.1831769772394248 -1.1688578235517693
10.0000000000000000	0.5382955689321277 0.2127634294092515 0.3424042892196575	-1.7554743144289087 1.3620071876427136 -3.3143269519281802
10.0000000000000000	-0.2088499138814773 0.0006595019578067 0.7424327076670818	2.9955900645802682 -2.1223485236414938 1.4381327077511961
10.0000000000000000	0.9475664150275945 0.0824183850797569 -0.2001665301431760	-1.7636421814953116 -1.1428852652394745 -1.6909552735091136
10.0000000000000000	0.9538312854208373 -0.3903065162522689 -2.5402261143102178	-0.2799734732373514 0.7637633866317812 -0.4408485695906588
10.0000000000000000	-3.1289753879402409 -0.4550730579586306 -2.8427784071998485	-0.7450458518766349 0.5401986039164876 -1.9378158825661147
10.0000000000000000	-0.7259210757502592 -0.1135475380385834 0.1698013907994389	-0.0248092184921162 1.2986632199990233 1.6087536589821256
10.0000000000000000	0.9225903855312504 -0.2212782892592597 -0.6178320131704221	1.1677111344212783 -1.3591690017171620 3.2673478474546371
10.0000000000000000	0.1125844276681598 0.6792348334737778 0.0608514818587216	-2.9028479127886579 0.2820630213660179 -0.8509261446609936
10.0000000000000000	-0.6253463750635130 0.6275863211093122 0.9722198954903950	1.8183244054416439 -1.5117109650183174 1.0207440727400126
10.0000000000000000	0.7527572740276870 0.2769923976299833 -1.4732960245505338	-3.0683726617937812 1.6454795372299056 -1.8229429607488272
10.0000000000000000	-0.5458877017817549 -0.7126641947300619 -0.7851007899700906	0.5076132883701333 -1.6339687066278397 0.1227101637868782
10.0000000000000000	0.7447046944369210 -0.2552301512071309 -0.9171031470484183	-0.1594222102174423 0.6334269065630851 1.1011143202483362
10.0000000000000000	0.3210358837558748 -0.3661591618641534 0.4809438476363196	0.3529922070136468 0.3846189335304004 3.8408994342524432
10.0000000000000000	0.9101270648267923 -0.8880188292578057 2.7120126346936155	-0.2461438889004061 -0.7049984306542972 -1.7199719452844020
10.0000000000000000	-0.4291891606301878 -0.0163623368666293 -0.6211889840050920	3.4592020730925213 1.5011074247012217 -0.0216695759160668
10.0000000000000000	-0.0777155203020835 -0.1351346263802923 -0.2048286098542019	2.4416377108269511 1.9184899297527815 -0.3048815791313301
10.0000000000000000	-1.3634314899531994 0.1679098511019550 2.5814772072434957	-1.0456488315863186 -2.0358828568532901 -0.4084737089147840
10.0000000000000000	-0.3472107299390979 -0.0827079075869304 -0.6646844350347177	0.5126966439283943 2.3874330299936308 -0.6240276489007305
10.0000000000000000	-0.3181608034170030 -0.0824954487307749 -0.4216309098747837	1.5417346781616155 5.4772110625752086 -1.8157821649727086
10.0000000000000000	-1.4437500047041147 -0.8778889856094377 0.0317508168561888	1.1418487200736795 0.2532642553351980 0.4958814244238931
10.0000000000000000	0.4802816225725520 -0.4774130748776931 -0.8436613531253896	-2.5911779370830712 -0.3078329008812091 0.5790194314330303
10.0000000000000000	0.2147614829143356 -0.2864584993826221 0.4267383468338905	-0.1793854593336054 2.3345700364201960 2.0384502067088803
10.0000000000000000	0.8731253682542497 0.3097595663365255 0.6926148602446924	0.1030154103737515 1.5653076772193772 -1.0767940740293340
10.0000000000000000	-0.3499670452566895 -0.3226419107926156 -0.5956826432452683	-3.3567600891751654 -0.4833634218844824 -3.5225428389935973
10.0000000000000000	-0.4862466855274041 -0.5629366466387965 -1.3600142277761800	-2.0967844721425468 0.5381215590512698 -2.6990091204050608
10.0000000000000000	-0.5291089029238581 0.2301170783428597 0.5839306882251803	-0.3588086512408966 2.6433544708838883 -0.8671458809312821
10.0000000000000000	-0.3323148278682054 0.0823960899802780 -0.3217270560923036	-3.6162902928487961 3.8951826860429644 -0.5541571053783455
10.0000000000000000	-0.5231841665900796 0.5197287218027707 0.0889114289432022	2.9024353676712682 -0.9072291380072918 0.4656884691601478
10.0000000000000000	-0.2056816242290505 -0.1574531068589368 -0.1162880652576390	-3.8437272624216443 -3.5318224274703804 -0.1258373908289537
10.0000000000000000	-0.8773580456954796 0.4562853106749771 0.1749816635178744	2.8945570636232123 -2.1557280063507238 -2.5242114225736199
10.0000000000000000	0.6298896160309848 -1.4864143590107861 -0.5699164631623667	-0.0830649039543230 2.0194155814715504 1.4262021401582883
10.0000000000000000	-0.8036472142648048 -0.6880969838148592 -0.1925394824518118	-0.2976090225147420 -0.8469407789474618 0.0765546516221429
10.0000000000000000	0.0895345554107790 0.5633611052507279 0.0574348558333608	-4.2463223830190993 0.7145251848111364 -0.3140533704857456
10.0000000000000000	-0.1597358221796471 -0.5627884020010728 -0.6146025113978687	1.5630802200071723 1.6614092355994219 -2.4156760803969641
10.0000000000000000	-0.8329883780331393 1.1320102117939792 -0.8757376874395759	-0.7703382303540339 0.6415743896298892 -0.0838600815338381
10.0000000000000000	2.1134210919597805 4.5923826176946871 1.2933984389304103	0.0576475524257350 0.9594108171557072 1.5475786879253390
10.0000000000000000	-0.0881535739838994 -0.1175814129580013 -0.5063788715843566	-2.6563556172117946 1.4693576980692391 3.2374861548437286
10.0000000000000000	-0.0199094452448493 0.7133815427664876 -0.2990764258436062	1.4830028306155190 -2.8054191303677909 2.0221161670411902
10.0000000000000000	1.0861643825142189 -0.0822419599507069 0.0851829690365201	3.0796101677049492 0.4050686492858142 0.6529187699580674
10.0000000000000000	0.4011113400038692 1.7393092921294024 0.0716599373592538	-1.3167397636678739 1.7171871221964001 -0.6877662975798321
10.0000000000000000	0.1078224020941543 0.1233047416453092 0.9643128839046721	-0.6616028699766264 -1.1820555006514299 -0.9365234579584573
10.0000000000000000	0.5377040835251066 -1.2209391919620163 0.7084532191248309	0.8246303004535569 1.6343876295846513 -2.4437290210624623
10.0000000000000000	-0.7902643563875150 0.0179423272676050 -0.3185266057191010	1.9141934141678925 -0.8989988032379911 0.4822877941875051
10.0000000000000000	0.2465476082871004 -0.1900896431042592 -0.2653635430209523	2.5266675592950913 2.9151591723845631 0.8427283149109871
10.0000000000000000	-8.9465334081465571 2.9084816410176604 -0.1753176219220177	0.5947274428077746 -0.3380946522256644 -0.3452751980796449
10.0000000000000000	0.7590703464662112 -2.1273384658054524 0.2924056282054794	-0.9799320832408350 0.3510573210900320 1.4908061153928447
10.0000000000000000	-0.7673127670780183 0.5487500027305690 -0.2227756182169920	0.5756269707062690 3.4509320076145320 0.0079021183209000
10.0000000000000000	-0.3746664322688821 -0.5151659601024163 -0.4566267074795514	-0.0343825835255664 1.1625128071511237 -0.1405338315091852
10.0000000000000000	0.2200677014450466 0.1382249701026582 1.1158182283333826	-1.1324124208308894 0.3690524935907264 -0.9990316153853123
10.0000000000000000	-0.8824932328066472 -1.7216493236356751 0.7860329472206863	-0.8181514521074433 1.4558681935341309 -1.2327120207084994
10.0000000000000000	0.2511729661866807 0.6395410542589645 -0.1950492762580623	1.4733870542045722 -0.2205582232512969 -5.0455301457317976
10.0000000000000000	-1.1334692762115195 0.5817399246739197 0.6447702678686029	2.2500296536284443 -1.1336657714398912 0.5015395212131543
10.0000000000000000	0.2194729800694481 0.3721236871162483 -0.9405319778090998	-2.1773905541673946 -0.7973912794357800 -1.5145117816088256
10.0000000000000000	0.4458196159835468 -0.5106123189536833 0.8204828408951295	1.0265276782184076 -0.1406880049398429 -2.3184573842936258
10.0000000000000000	-0.9276996475312436 -1.0430518550625336 -0.8450683466628075	0.5878984907714238 -1.7151183215969859 -0.7053521209189445
10.0000000000000000	-0.6783941724731266 -0.1111834856807770 0.1029113865502315	-2.8957576340712721 1.7308831060115248 1.1977542963048016
10.0000000000000000	-0.4805761724509270 0.9504518509285661 1.0236822503215239	1.3329118528625019 2.2080514816792824 -0.0589562491927020
10.0000000000000000	-0.6261381461672467 0.9975767583321264 -0.2272286961212261	0.7055057900708920 0.5708315441984363 -1.2189736642667304
10.0000000000000000	-0.2181612760922814 1.1350672475741508 0.7068052773423402	-1.5548955643728903 -2.0632158070930244 1.6173165253221755
10.0000000000000000	-0.1000210892216612 -0.0206129889148220 -0.7310878309163537	-3.7324209308132614 -0.8200869280760258 0.0333026806780729
10.0000000000000000	-0.4364217512727149 -0.7750672299753155 0.0249676893482426	2.0156656949864358 -3.1375735476360860 2.6939196344445553
10.0000000000000000	-0.0302984855015750 -0.2712445256423592 -0.2076752156330207	0.5719403612375701 -0.3478272032284724 -2.5213830321019133
10.0000000000000000	-0.2251303382120456 -0.4277891212194664 0.4643808765639943	-1.6833491766008379 -3.9780863149598131 -1.2471296364474629
10.0000000000000000	1.2371673651856805 -0.2263650469739877 -0.0283707759687161	-1.7604186399702995 -1.0732509634265031 -2.2643383297559647
10.0000000000000000	0.0749402184924999 0.0628275364047632 -0.4011145168954035	2.2984484862231231 -0.7215843040742748 -3.0750225945588991
10.0000000000000000	1.0400836147639265 -0.1471077593028092 0.3680956645269119	2.1975287358423197 0.6822939455677026 0.8233516618229817
10.0000000000000000	-0.2316003182502753 0.8767416850232617 -0.1153086900514360	-3.1674222736465785 0.4023486529510524 -1.7565106840823199
10.0000000000000000	0.6045560148005569 -0.5372438026909959 1.2119438661279671	-2.3149051537741472 -1.4918589205282855 0.4039862019265176
10.0000000000000000	-0.3883235190149728 -0.4062479906973516 -0.5496949952001842	2.2522918694763749 1.6769838905980079 -2.1571917135794716
10.0000000000000000	0.6503911731163995 -0.3071341952062337 1.5825135042806169	-0.0728334270640068 1.0467170147696345 -1.1945419125311754
10.0000000000000000	0.6700062469777076 0.0122013160704959 -0.3986637152898554	0.4836210165949720 1.9714684406429941 -2.7912853117209715
10.0000000000000000	-0.4793216475373706 0.4656348391145606 0.1290134636105091	-2.9416279346445231 -2.1568527892247018 0.4123446794521290
10.0000000000000000	0.9400533252913797 -0.9510004844459975 0.8964726772900721	-1.1999088623947041 -1.7784484964861482 -0.3835248225816464
10.0000000000000000	0.8250149011221883 0.7501197743472777 -0.8230132594904694	1.5146865903097995 0.9774027518650379 -0.2507951132927166
10.0000000000000000	-0.2612239534446156 -0.2452727090390660 -0.2464114435978578	-2.2594225391082530 -3.3995778825048752 0.8531120119684928
10.0000000000000000	9.1633949802756725 1.1415060667063710 -5.1208022965905595	-0.2612600527667370 -0.2975500601419245 0.7280309192620535
10.0000000000000000	-0.6259617702553065 1.4305100422640415 1.1143385257947465	1.6063378841281029 -0.6108085830376457 0.1812602397695238
10.0000000000000000	-0.1992237496793428 -1.2577318506347246 -0.6599151140332106	2.1292884979243158 -0.3502067153062834 1.5737166267113119
10.0000000000000000	0.1874771331486706 0.3657057317453558 0.7449491463636554	2.7177353989766924 -1.9789104630849053 1.0301356056399216
10.0000000000000000	1.3054663501580246 2.6328939461753942 2.4229189824714901	0.9039190718628419 0.6364322797471885 -0.1966513707626128
10.0000000000000000	-0.3225424271991894 0.1026498938207068 -1.5286497302690867	-0.1627939370595416 1.1838747655126947 -0.3940609941247878
10.0000000000000000	-3.2778475117926074 -3.2814921404238775 -4.9796479113668086	-0.7074786470819125 0.1810783205784845 -1.2618824403083786
10.0000000000000000	-0.2979943302574929 0.4367855394282933 -0.2876559367122387	-1.6277518316890498 4.3839929867938814 -1.1319798621100667
10.0000000000000000	-0.6719522430341168 -0.4889305049898593 -0.3660305168009942	-3.0677822559078991 -2.5142449047090438 -2.3509127961379295
10.0000000000000000	1.3202075006060618 -2.0151253112715910 -0.6998348488787620	-1.2077931360727914 0.2727090994048736 -0.3052482675673742
10.0000000000000000	-0.1419188082052765 0.4257041130315812 -0.9795762215568677	0.4213866760354946 -0.0072583373384166 -0.4284859721595167
10.0000000000000000	1.3946393480235346 -0.1157940326735049 0.4616922146960409	0.7844749746609631 1.0021415627822821 0.4554942338854008
10.0000000000000000	0.1413668204348269 1.9400967044667889 -0.1441620075357684	-1.0578271047869077 1.9452950132854538 0.1503162222231629
10.0000000000000000	-1.6513224056377240 0.6768114822343121 0.7402036863312927	0.6174799327185519 0.1681008347232345 -1.2485591349907696
10.0000000000000000	-0.4647555681727716 -0.3389660873157802 0.1616745460109294	1.7640778910393651 -4.5771236669518327 -1.0389409116936668
10.0000000000000000	-0.1555336429777733 0.0906684104018749 -1.3196826398914709	2.5273247983389497 -2.1418198387228724 1.9573462771072905
10.0000000000000000	0.5378509518648463 0.0276532497307211 -0.7535595828058351	3.5081181815900453 -1.6151676206761991 -1.7812857997081706
10.0000000000000000	-0.0401018936715708 -0.1520621848660504 -0.3293412668636537	-0.6350096397679038 0.4161494614300381 0.4993533312607147
10.0000000000000000	2.1434128203590079 -3.4327714287772495 -1.7545958401561259	-0.2803652847364765 -0.3565484554320746 -0.8755810934905621
10.0000000000000000	0.5107104807978756 -0.4917813067116268 0.0941938701414061	-0.7837908706058774 4.9144833805372654 2.4566399838079245
10.0000000000000000	-4.1638228710616563 -2.4727799252557854 1.4342002270532810	-0.1647482908394872 1.3574305395145814 -0.1943779744854460
10.0000000000000000	-1.1298812098856943 -0.5071915181198426 1.0861422364748077	-0.3392356578589142 -1.3084298459358286 -0.5310123764803302
10.0000000000000000	2.6074931848049956 0.4332004612307233 0.7138986530416125	-2.7770310070023254 0.5784036251188089 1.5461492083413815
10.0000000000000000	-0.2214062294681517 0.5764299634284769 -0.3838306537578565	-0.9325395645047040 -0.5779150049525581 0.6153825626427523
10.0000000000000000	0.5973587503425847 0.3305301056391108 -0.3949054036309816	1.2630005164438789 -3.7184340003603693 -1.1582617906337884
10.0000000000000000	-0.2536764525084637 -0.3679981403867327 0.7698292269968793	2.7747270492478027 -2.3031864490606710 2.2690440010229893
10.0000000000000000	-1.1840229017657535 1.8032299547563386 0.2671983504138803	0.8290978583100179 1.7284772989044119 -0.5373611760036139
10.0000000000000000	-0.0268010543604962 -0.9748594337174522 -0.0218752998379957	0.9956663197150233 -0.7288713764308483 0.3491662828451032
10.0000000000000000	-0.3767680918806700 0.1628955447270171 -0.6454275077908893	-1.8709829593966083 -3.5687673410806724 -0.8794972556623377
10.0000000000000000	-0.2932748388592669 -0.1355789028376801 -1.0947830538577334	0.2144891182883977 -0.9911885268596192 1.4778373300201211
10.0000000000000000	-0.2037817417346052 0.1798431298278896 -0.3306699315347799	-3.5399596156716360 -2.8157257544931835 0.6459819867792136
10.0000000000000000	-1.2620709621910862 -0.6386745403388782 -0.0189980383434768	-1.4024846922367036 -0.0324895304325148 -3.2107664903484534
10.0000000000000000	-0.3877626833754002 0.0861072239644438 -0.5655284147924743	1.5869849732401662 1.4411621948999438 1.5156189923590762
10.0000000000000000	-1.5415950964770260 -0.9113969744721012 0.4969221634016474	-0.4827974160757231 2.9263953167106034 -0.5881390637564257
10.0000000000000000	0.2387200230573002 0.1486938670941625 -0.9877851887935739	3.1950947078520979 -0.7456344631347023 1.4099713765081583
10.0000000000000000	0.1098436153833382 0.2496573703080127 -0.1930431969193955	2.5693363967455731 0.1310192895980416 -2.8997182180715657
10.0000000000000000	-0.6185987713629398 0.1576232247904440 -1.0452762303814072	0.4569761790213678 0.9926074350434652 -0.9155493730603573
10.0000000000000000	3.4780153362781698 2.4576322628355673 2.7197072108904856	0.1623734576256453 0.1704937869943764 -0.0827798648617623
10.0000000000000000	1.7948742717601349 -2.0850199171996460 -0.0979116100218265	-1.3161270974945196 -0.9256302237194068 1.1574427235459024
10.0000000000000000	0.2379480212705372 0.4759165166672729 0.1421116801391957	0.4601702407896641 -0.7241326400070160 -0.7008947431468444
10.0000000000000000	-0.5028262380748870 0.0684559222197045 1.0230506705912985	1.2132385703838888 1.1218917364106020 1.9344370743970110
10.0000000000000000	-0.8900289908989416 -0.2127031210224516 0.8517553635008346	0.3337385114156973 0.7468308068059595 -1.7593363609381354
10.0000000000000000	-3.4491205987096318 -4.6936381380998542 8.7616293953043645	-0.7499935250703037 0.2911836581553660 0.1622871860252525
10.0000000000000000	0.0951555862273775 -1.0245685824056121 -0.3806916453429720	-1.0612649605237661 0.1217348716267497 0.0827771795124891
10.0000000000000000	0.4330193977739007 -0.6713543906610838 -0.7173427862789367	0.5237699823171207 3.0002288242352524 0.8766522182479026
10.0000000000000000	0.1915537814028761 -0.5390049548115194 0.0201918718629453	0.1710569870604791 3.3869182792754877 -1.1831176668956984
10.0000000000000000	-0.4135656609709031 0.3410129527970009 -0.7563776902089048	-3.8068955072884063 0.5616577749184605 0.0774613773785501
10.0000000000000000	0.2706619722359963 -0.2761837685531983 0.1294402879110089	-3.1627286419314151 1.0908227979992517 -0.2766487341773540
10.0000000000000000	0.1718017962294395 0.6024265830809582 -0.3284045152596484	0.1424801924301100 0.9842790950692114 2.2719999288000370
10.0000000000000000	0.4098968819149517 -0.4462798854595662 0.5193142854352680	2.2492701971111795 -0.7176008348778845 -1.2999064431549074
10.0000000000000000	0.1765613441617119 0.1051540823380961 -0.3461982632758239	-1.4663390986571598 0.6607170470268022 2.0308483875074246
10.0000000000000000	-0.6973199278008180 -1.0625145484789200 -0.3802608912163072	1.1243092935068162 0.3765658470943843 -1.4662370815278809
10.0000000000000000	-0.0596132337764278 0.6205696868749028 0.0287647003939279	-2.0840501343885354 1.7776129344689424 -0.8148288006131060
10.0000000000000000	-0.3125975716377819 0.2940864648611641 0.3160398073817883	1.1909932226690547 2.5293130865478224 1.0675746041891050
10.0000000000000000	-0.6964702169183971 -2.1041760919684052 -0.1385281301217639	1.1896544579067316 0.5228225748246109 -0.7696439206482808
10.0000000000000000	0.6112930682411304 0.0676842286745132 0.7634887430622518	-0.4841082265445564 -0.8551018804534445 0.9838580984178380
10.0000000000000000	0.4844325702877544 0.2865548877065744 -0.1836728384492022	1.7241182869688729 1.1530022127814377 1.1160214847683421
10.0000000000000000	0.2213224364204677 -0.0040942162491808 -0.2734613988467199	-3.3294241078336668 -0.5329537593751972 1.7426079541530257
10.0000000000000000	0.2163329831969100 -0.3242749720333535 0.5431513733306990	-2.1232200860477599 -0.4003279931014637 3.0047019438518427
10.0000000000000000	-0.1582283763495604 0.4284242558099839 0.4291825255697619	1.3009864912589539 -0.7347322991504104 -1.9014492165124635
10.0000000000000000	-0.8454703616105136 -1.0437972811303540 0.3649747895857085	2.0143256955246627 0.4144272116710995 -1.7104158775748046
10.0000000000000000	-0.0546191135008098 -0.2951211646194492 0.2094283112784203	1.0289321052980707 0.6876963363896458 4.6018863404895756
10.0000000000000000	0.0509508990724250 0.1440702617595972 -0.0616631805110895	1.2624332154102884 -1.0213959694526880 0.8009936833962299
10.0000000000000000	-0.0509349165127104 -0.0382552727965492 0.2701629875309881	-0.9390928182180767 1.9114056905708985 0.2826624731127524
10.0000000000000000	2.1514197013312071 0.5699052894564786 0.1994936880116493	2.5647270396011654 -1.5535585894003510 -1.1095358161037634
10.0000000000000000	-0.4408483274481813 0.6756341245109724 0.1908600813530501	-1.7839023319236049 -0.0512198041255928 -1.5290112824643014
10.0000000000000000	-1.6562919261292397 -1.0583026882446254 -0.1208940939433842	-0.1985601950485576 1.5888275147561668 -2.4453449372288416
10.0000000000000000	-0.6012324730282661 0.2766428223878161 -0.3568558375140034	0.9865673067985186 -2.6624886524914544 -1.2939607216422913
10.0000000000000000	-4.0469410948676519 3.1691159799823154 2.9431631564854404	0.1895854143716005 -0.4063661062375883 -1.0937637007429930
10.0000000000000000	-0.6923989348380239 -2.4085876882156976 0.8018260665146119	0.3259395829714012 -0.7601701060720679 -0.9320128955984915
10.0000000000000000	0.1386397849695959 0.0905481683076870 0.9698481824730459	1.4085243177391962 -1.9879189319619253 -0.8762181130584605
10.0000000000000000	0.6447281599391588 -0.7228905973061871 0.1970835788162180	-0.0293311564827099 -1.0094450882650110 4.2787673571468812
10.0000000000000000	-0.9647938747172260 1.4245321940843310 -0.2111213711821873	-1.5036600157851194 0.9072736838207229 0.4154156378191756
10.0000000000000000	-4.1349894815984269 -1.4913986535069030 -4.3831330502703310	-0.3550685470649453 0.7078693942199871 0.8725638616538225
10.0000000000000000	-0.2749486028338598 -0.7330692013917921 -0.6222757177803915	1.6584763793154553 -2.8410745143459248 -0.0484848925379801
10.0000000000000000	2.7132270382200563 1.2314391652733385 -4.1180775264587348	-0.8433150477436517 1.1894033982474552 0.5853843899293860
10.0000000000000000	0.2149588114292896 -0.5184674123166010 0.3007075515569657	-2.2474894702405765 -0.1189245050589445 3.1017593861573940
10.0000000000000000	-0.3030470704065550 -0.8774474544112117 0.3113813036711887	-0.5654015390662754 -2.0521891416509868 1.9513849750516339
10.0000000000000000	-0.2520248280655478 -1.2344384679066791 0.4487800309365795	0.0262110635375463 0.8587607771158362 -2.3801020022305943
10.0000000000000000	0.2895456225206249 -0.2359632784403334 0.7345850607196484	-0.1318343373749137 2.2278588171757132 0.4329753157706697
10.0000000000000000	0.8155267476577778 0.5437782111518658 0.2109215309956129	-1.6875809068689265 -1.6173272892026322 1.4093055623846866
10.0000000000000000	0.6714632859956453 -0.4068427976373883 0.1365207716296683	-2.3622540893111981 0.4917590076228845 -0.6815687055729063
10.0000000000000000	-0.4658548144431497 0.5697915269100088 -0.0496897506439837	4.3017466469714680 1.7048460843124567 -0.9689260892315842
10.0000000000000000	0.3915599087623013 2.1256706359495938 1.3740502211794565	1.5261996191028009 0.7460634494013774 -0.9340380577107376
10.0000000000000000	-0.0345878307165299 0.2032507788604581 0.1590452176267549	-0.6270745332169907 -1.2141059318583183 0.0997970789603047
10.0000000000000000	0.5019026606322419 -0.5329829576084595 0.1601114351353629	-0.6447018312276793 1.7419395148357451 2.2461076065527061
10.0000000000000000	-0.7971013151042524 1.0237301067735958 -1.7724873873182503	-0.3103154149002076 -0.7671461629246180 2.2534088637470120
10.0000000000000000	0.3373724624109877 -0.0147991078477804 -0.3435475510602597	3.5749797267573258 -0.9961443787956071 -0.7206897787586427
10.0000000000000000	0.6404234604154529 0.5483579453642037 -0.4116835967442378	-0.0524582553626092 3.5823562327912044 0.5294466494853221
10.0000000000000000	-0.0853771617067030 1.2120500096498472 -1.3267194624181859	0.0524696440864305 1.2542217997801646 -0.9984221805955394
10.0000000000000000	-0.6555542886630209 -1.0584996783300442 -0.4598730778752632	-3.1389893398100028 0.0895233107645541 -2.4230021353210724
10.0000000000000000	-0.1383189139677636 0.1202481047418646 -0.6105103843913662	-1.3192479495157134 1.2956056607154309 0.1221046959366111
10.0000000000000000	0.2110601780601067 0.2288419836633068 -0.1194110127088781	2.7196928999671717 -0.6406635477453643 -2.0934307599724749
10.0000000000000000	1.1299175440578082 0.2407285982541170 0.0787320338073959	0.9727377990667754 -1.1302641421319031 0.6681252674502461
10.0000000000000000	-1.0824474675121687 -0.6043260903957469 -0.5842870923908281	-2.4305433516758019 1.0345055945018247 1.3577152075324062
10.0000000000000000	-0.2425137416316261 0.2975970414220026 -0.0073961264539327	2.0025669259532481 -2.7150264765145833 -0.8310178656100079
10.0000000000000000	-0.4898174622808871 0.0244970218065110 -0.4753709061001501	2.3380982116689646 -1.8763610994166586 -0.4272975406612449
10.0000000000000000	-0.1435243769000507 -0.7490727607639505 0.0059311156187093	0.2541351741639705 3.8166459322170128 2.6610454100516381
10.0000000000000000	0.2742570445386310 -0.3182161946265293 0.5300041777773814	2.9332322576739465 0.3061270787514062 0.4997730371957014
10.0000000000000000	0.1245146277848120 0.4141707564138103 -0.1015429483749642	-0.8000000576718830 1.6084117678986456 0.9656702381053320
10.0000000000000000	0.5964252321255100 -0.4346169940369244 1.4855034183109541	-1.3811463608534971 0.1796868192389736 -0.5796509205127404
10.0000000000000000	0.0493582620624290 0.0333257344696446 -0.5160635106477375	-2.9316299528284357 -0.9006656648452139 1.3663267488923931
10.0000000000000000	0.2112988184410207 -0.3684262947459552 -0.0289158097259396	-0.9853882586188517 2.8715934043277831 -2.3610758481519980
10.0000000000000000	0.2094907512308647 -0.7892742118975408 0.3852427397128609	-1.8564397620664304 -2.5807452099766182 -1.1497480632526516
10.0000000000000000	1.2339592049224644 0.1002187173284618 0.2789466626156095	-0.1828990890051656 1.7466807658409989 -0.7032399235053974
10.0000000000000000	0.5479376109023381 1.0241097313538550 -0.7592000399663615	-0.3415033468123927 -1.0283475576895880 -0.3734726741486465
10.0000000000000000	3.8341895980338085 2.5284895740725544 -0.8872182409143875	0.7472473270267677 -1.3884193640419304 0.7038549420791788
10.0000000000000000	0.5491387802643354 -0.0051357219203290 -0.4233539167286983	-2.0422902034949817 -1.1056665468400095 0.8514119029216946
10.0000000000000000	8.1014073275549539 1.5501298128443333 10.8543198398060330	0.1955349750384025 0.4006731751542661 -0.5956618056269818
10.0000000000000000	0.2702503092564388 -0.2977424194240108 -0.4233526874574607	-3.5639316307952900 2.5196338818868069 -0.7874741792232283
10.0000000000000000	-0.5949852201723925 0.1543719654523264 3.3045213359671597	-0.3308258367998780 -0.0757374895046445 -1.4343253764289974
10.0000000000000000	0.3402224086721434 0.1395060240740541 0.3589480241033148	4.5194723649363304 0.1961669410533170 -0.7881893698156215
10.0000000000000000	-0.4123467371245800 -0.2642372498440097 -1.1977227257150840	2.6650850076480435 -0.4152089296432243 0.1222598334976312
10.0000000000000000	-0.6574960787432343 -0.0544909245988793 -0.1033982533013718	-1.7973531749645293 1.6091976602858549 4.3777207912851761
10.0000000000000000	0.8979122480056324 1.0345964051794163 -1.1725610275069629	0.6874827663952601 0.2110796289783815 1.4157722523726781
10.0000000000000000	-0.7021002361298389 0.4907901537403550 0.4563001662199784	-1.8354250164489241 2.5007084635012613 -0.8175795898015870
10.0000000000000000	0.2813380358290143 0.4118423341681400 0.0835845831591805	0.1970086052851472 2.7391938051352995 -0.5201571604960944
10.0000000000000000	0.2663172583994267 -0.1288173387888284 0.8503992495214732	-1.7669213205806031 1.8710991751297885 -0.2833385208017028
10.0000000000000000	0.0843886874093494 -0.0191292860783993 -0.6905725829669289	1.4245533234238144 -1.1851934534765736 -0.8657851317526126
10.0000000000000000	-0.1537319496268684 0.0817564544739658 0.3108394416967990	-0.7613783550886188 -1.0659195763623397 -3.5628377386772145
10.0000000000000000	-1.2583807278727499 -0.9289178729276836 1.4512246269633740	0.2227763821696830 1.4667489368589963 -1.3683415189745798
10.0000000000000000	0.7190108202124933 -0.4246714414420027 0.2966475926757924	3.3031506461092470 -1.1386309829616932 0.4350704347261286
10.0000000000000000	0.5080065810100994 -0.0377689856060478 0.3532917980620583	1.4225196153212418 0.7357957366085869 -1.8885876532905099
10.0000000000000000	-1.1310839332738181 0.1362606669117636 -0.1652635770765312	2.4183900868391484 -1.5314310355420411 2.5425957252238427
10.0000000000000000	0.8183173806798051 -0.7222882157178677 0.1804966412807125	-0.2126222430674004 2.7712336120023422 -0.4725041000514327
10.0000000000000000	1.2470968964104407 1.5678747251983192 -0.5305168812299711	-0.5881815095174889 -1.4038267054300806 0.1942476507016758
10.0000000000000000	-2.3109076424923178 -0.7156538940707782 0.2124309131417933	-0.6485443902858500 1.2030495286894711 -0.0742771073147380
10.0000000000000000	1.5626813456407096 -0.1924712425313404 -2.3011792164761391	-1.0966980443170418 -0.0009099822905953 -0.8842146882664904
10.0000000000000000	0.4327062363939237 0.1506643606146471 0.1297546674131867	4.7348248414202443 -1.7923066288264313 -3.4224679592792357
10.0000000000000000	0.3570781692294122 0.5799634644256846 -0.8807863860192096	-1.7637092210278722 3.6053827322054026 0.5315406942976018
10.0000000000000000	0.1166825426973547 -0.4413598765679549 0.3193855818050405	-0.3199690688112107 3.1242693148361225 1.1685990743324464
10.0000000000000000	-0.1506516750606727 0.5194014229212518 -0.2311248421584662	2.1807827026542896 -0.2649125744889965 1.0661476876882237
10.0000000000000000	-0.3139866513626739 -0.5686945779993249 0.2872557814386842	-1.3564528993764151 -2.2194911390699756 -0.4498603421584655
10.0000000000000000	-0.2050939155896044 0.3405910308444903 -0.6533647377972253	-0.8469254412738261 -2.5814266689720387 2.5760492130921571
10.0000000000000000	0.3422442698173475 0.6942037895432840 0.4267230672193404	-1.0142669195840812 -1.9965628141086273 2.2667002851485534
10.0000000000000000	-0.7497099752153012 -0.5048226703584813 -0.5774444532028518	-1.3981536604156202 0.7531869559539406 1.3615672803171690
10.0000000000000000	1.2313137306823363 1.0686661015319145 -1.1537202113470706	-1.2998533655596600 -0.2638396226513118 -0.7417858907271822
10.0000000000000000	-0.2347009965159333 -0.9469523016765430 1.6901151389996907	2.1122849147516543 -1.2253370680101332 -1.7511361253624340
10.0000000000000000	-0.6883388156358673 2.5904430133866585 0.4585823666805144	-0.8097670132210283 0.2388528482549328 -1.9917855874546178
10.0000000000000000	-0.0553796096287764 -0.3193908574115019 0.0136008600072005	-1.4990133670753627 -1.4102013915665652 -1.2452607904856556
10.0000000000000000	0.7566678557288815 -0.0865075588914752 -0.5773260705174410	2.1211027792425590 2.8899737490400401 0.4568694198844260
10.0000000000000000	-0.0012393781391125 -0.2181574539696834 -0.1933179153870355	0.7321478016422147 -1.6007012649042625 -1.0203355001452454
10.0000000000000000	3.1391117703784190 2.0683398266256172 -2.0063532078246689	-1.7767659473300561 0.3241175834374986 1.1860249604122548
10.0000000000000000	0.6310442775073654 0.0207603349733764 0.0722154468513370	-1.3374761565356079 1.3086677329424954 -0.3160091741459087
10.0000000000000000	-0.6845933830335553 0.5851802857933669 0.5840777778374007	-0.4338926261873326 2.0752639100696419 1.1504023169709248
10.0000000000000000	-0.3729226813864771 0.1790147304692858 -1.1978089267206695	0.3887797280033223 -0.9134529299509566 -2.3141982763866311
10.0000000000000000	-1.0628780497320398 1.9221138859872529 -3.0767019324828175	1.0981762164611970 -1.4301837951696705 0.3544360884869813
10.0000000000000000	-0.9338168631757936 -1.0306278058817293 -0.1212188837910936	-2.7392114690716145 -2.0843432307691110 -1.5538037221610306
10.0000000000000000	-0.6470833307268348 -0.2241104435729968 -0.3264083378384560	-1.1065196223428198 0.2031182928609957 0.3064278652580190
10.0000000000000000	-0.9287416585678029 0.4204200537040538 -0.0204475851321338	-1.1683232773575054 0.4666915352219089 -2.1038255475199610
10.0000000000000000	0.5541238602071942 0.2845888160891770 -0.6305978495515144	-0.6601011884972910 -0.9817005993246206 -0.0900578892288025
10.0000000000000000	0.2253698987496264 0.7819513564990975 -0.1253219532834791	-1.2769345041123410 2.6671152481534692 -0.1423271141150074
10.0000000000000000	0.5020516819383896 -0.4400787441140221 0.5546214687354303	-0.6969366741195756 0.5374174003891332 -0.1111902413677762
10.0000000000000000	4.4142081730012954 -10.6102946610992568 -8.4989651867366085	-0.0396201922088758 -0.0899338948066994 0.7904877441060981
10.0000000000000000	-0.6517544993469681 6.1701398809639372 0.7019994585443956	0.1306383534659682 0.4875624730126076 1.6455021561596257
10.0000000000000000	-0.1976695258157754 -0.0821200398909058 -0.3419620398675673	-2.0036499820241760 2.3290823221282491 3.5883631684777990
10.0000000000000000	-0.5132702898589352 -0.4122398381071476 0.1380502317678886	1.2967336854517881 0.0333083608707164 0.3097813389304800
10.0000000000000000	0.2721316965619328 -0.0719567384211819 0.2625570774704045	-1.2278091018604664 -0.2550744703653169 -2.0387025332091486
10.0000000000000000	-2.1842636575393937 -2.7046257564064313 0.5688563431902837	-2.4560420105624869 -0.8713335253939725 0.3647517344461091
10.0000000000000000	-1.1812093503886933 1.2069622692431425 0.8967568791292160	-0.0253739293387609 -0.0940994206998013 0.9866417598548068
10.0000000000000000	1.1020199502485892 2.0429711259843559 -0.8962092379403713	0.1551311649127724 -0.3402014191904889 0.8181378544027350
10.0000000000000000	1.9734628086800570 -2.3927727955051701 -0.6748174298660596	-0.5590573182349114 0.4069657008612228 1.1314537158154632
10.0000000000000000	-0.5907814141704913 0.0209127324792660 0.0416220753935134	-1.1109397991525611 -0.1595777318978135 -1.1470197985439010
10.0000000000000000	0.4518824467245431 -0.1637482563301216 -0.5854254849849728	-1.6748535902831632 -1.6933055798121164 2.4724312390806862
10.0000000000000000	-1.0055348859200253 1.1776460044632764 0.4321676089882054	1.1520379740529170 0.2511106041455415 0.8033229935427768
10.0000000000000000	1.7649631266536170 17.5876322863048564 5.4805678182292015	-0.2681217190043773 -0.9792686292719599 -0.1779067682723543
10.0000000000000000	4.0370860123769745 0.8077506655777101 -1.3303396896201738	-1.4030372236068642 0.1054773658327380 0.0955202518400406
10.0000000000000000	-0.8492495526495445 -0.5502599239399333 0.2990497774871208	0.1892347309801019 -1.1119797807352334 -1.4267399698021537
10.0000000000000000	0.7846313716459435 0.2796059350331787 0.4374305842949905	-1.0964079233340231 1.9278268273584565 -0.0141804799683752
10.0000000000000000	0.3910335671032594 0.1783785022246530 -0.0087673522150098	-2.9040328395048967 -0.7239211236950497 0.6680347687995305
10.0000000000000000	0.4271726902769374 0.2262932399995800 0.4458959761958278	-3.2423301348423510 2.1561066024735149 1.3907608074109761
10.0000000000000000	-0.0945047144617066 0.2023728986983777 -0.6492399761668852	-0.6723493074285966 3.4697120500743170 3.1541686330993053
10.0000000000000000	-0.6080258392078458 0.4225672761325476 0.6385430017825050	0.0991676230620165 0.2908712250610316 -1.9075886165576845
10.0000000000000000	1.0540962317045151 -0.7996480038696134 -0.9300851895893868	-1.1625569293053624 -2.8857437029956681 0.8243575305511467
10.0000000000000000	1.2065564229813437 -0.7547221393215713 -0.6884673722558634	0.1375999603188176 -1.1111030239455129 3.2473406135586029
10.0000000000000000	-0.7216717931061262 0.2937975622053819 4.0003563528901234	-1.6461128748758649 -0.2749445472833411 1.2595521978203676
10.0000000000000000	0.1935481594431063 -0.3876250127580271 0.5926651391031055	0.4786436416140534 1.0361023383832464 -1.2258045081805948
10.0000000000000000	0.7575974947128156 0.1682895934748010 -0.6306541435152486	-0.7102836434500425 0.3637964296399148 3.5171360687530724
10.0000000000000000	-0.4024339134741741 -0.0212414338885627 0.4575273481494926	1.6287999237949240 -0.2208053146757125 0.0400001245587915
10.0000000000000000	-0.3956267799791855 0.3481358772747792 0.2036838552932518	-0.4179096185807494 -0.8587516904030018 1.8249425509240607
10.0000000000000000	0.2396521608448456 2.3334142897064813 0.3237272746511544	2.2526269158582402 -0.1652719224249057 0.3250057778069865
10.0000000000000000	-1.4490241010519240 -0.9473875093823199 2.1219773962746369	-0.5083731892617024 -0.2036538582937679 0.6807794079326139
10.0000000000000000	-0.7693689797395427 1.9302120915421934 0.1602736644232091	-0.8686635107736844 0.9046191859516577 -2.8539148148771685
10.0000000000000000	0.0755175368564325 0.1426326198055563 -0.4942268031091311	0.1873936169919552 1.1845762631281420 1.9028231530527244
10.0000000000000000	0.8838346785531399 1.7176002022707213 0.0987020335805342	-0.6897162860803161 -0.7538138933478697 -0.1347869075807684
10.0000000000000000	0.1142591516011104 -0.6601715665433854 -0.1435553845767726	0.8236602128715856 -0.3698288406540807 2.6021102643472043
10.0000000000000000	0.1087874774112902 -0.4263044879982880 0.3340024415032726	-1.5424630047237857 0.8443149170822525 -1.6661204045932227
10.0000000000000000	0.1106883972419114 0.1385099017874010 -0.2744822288203487	3.6373663581028173 -1.0923762398513088 -1.6451476335011490
10.0000000000000000	0.2023921114403212 -0.0242553972582613 0.1451588602347629	-2.7477429598205276 -0.6154119882449386 3.2392118304562714
10.0000000000000000	-0.2337293823699165 0.4535032941860789 0.1512755423230098	1.0682270528874234 0.3686095424265750 -2.7465623928970251
10.0000000000000000	-0.0503024922801811 -0.7991264935839333 0.0186621203724061	2.9140095830718220 -0.2796891606895565 -0.4981504819234667
10.0000000000000000	-0.7410851780585034 -1.2071678225598694 -0.7923752461837639	1.3361146091272338 -2.8559796494601759 -1.5583201839589036
10.0000000000000000	0.1753870604982794 -0.1120254018711061 0.3565955687597142	-1.0588653228480971 -0.9070930793965951 0.8167745152367142
10.0000000000000000	1.0811423366989932 -0.8998582848293796 -0.6701894397229291	1.7122597316542505 0.5277343748734724 -0.2951566771212007
10.0000000000000000	0.0168550198693058 0.6673973073287713 -0.5346771550389119	1.3002666071511240 0.0368512741195533 0.3938064415439393
10.0000000000000000	-0.5089555286557479 1.5393999593781247 -1.9264734397050567	1.7512056799131936 -0.5416651791617803 -0.2087419261396709
10.0000000000000000	0.3465467346189791 0.6184812400831723 0.1109806862134970	-1.4639991095801521 0.7351995358024668 1.0977273536615153
10.0000000000000000	3.1263045954304873 4.3362084479289873 -2.9955993414533220	1.6608214737999276 -0.4395145578525796 0.3019046175537558
10.0000000000000000	0.3093109048363811 -0.3439421733644227 0.1110259564666746	3.7405573273381365 -0.1836790711439245 -0.1858528317122139
10.0000000000000000	0.8491316417329043 0.5634848708654592 -0.3962490422253984	0.6480205519424519 -2.7374097980907730 -0.9576487098741014
10.0000000000000000	0.8192302168332528 2.8356947512723698 -0.4487240638662685	0.1910774895032891 -0.7244448874139353 1.9371417702774889
10.0000000000000000	4.8829821762230523 0.1450400448814521 -1.8115579772027155	0.1133565491907402 -0.2341735111093481 0.6492454641858334
10.0000000000000000	0.1358834551416649 -0.5431587519193178 0.0033273776237487	-1.9803788281039627 1.1442792421088543 -2.3262809086466407
10.0000000000000000	-1.8862746503930981 -1.5816107107850070 -0.6993914457285371	-0.3163150394081531 -0.2289060500802483 -0.0981065579269085
10.0000000000000000	-0.0985227780439806 -0.1621756760457576 0.0912968729844388	2.3347969504714068 -2.9698583154033287 1.3359537007415796
10.0000000000000000	-0.0709831785821323 -1.7635802141013939 1.8076197514629022	2.4831079703013059 0.9340747209107114 -0.0236209534860102
10.0000000000000000	-2.6403849588254720 -3.0522203008301694 3.1188102534579478	-0.1814219449943744 1.4518811899751840 -1.0393992049821494
10.0000000000000000	-0.0735662835982717 0.0072677313681236 0.1533266615050574	-1.4174222427222998 1.1652762375992458 3.9835953790830922
10.0000000000000000	-0.0952994767382037 0.3518734660788961 -0.0503961455028669	1.2795585318926093 -6.2805685780549618 0.1454308181467189
10.0000000000000000	-0.5269824534303251 1.4497476124761119 1.6965028390476513	-0.9567454901886659 0.0104406536171868 0.6527581759433113
10.0000000000000000	0.3486253380595175 -1.0204534198201189 1.3837605273134452	-1.5278143572939691 0.6568892639157414 0.1544066762078437
10.0000000000000000	0.3972709894872765 -0.0715985181365406 -0.7441488650957888	1.9350563120660067 2.4049816334900305 0.4565762965816965
10.0000000000000000	-0.0754776618379061 -0.3692232735252351 -0.3648582129277698	-0.8748466398828511 -3.1449344669891119 0.3072989723611347
10.0000000000000000	-0.4183003880318910 0.2971408940603720 0.0773385536216298	-2.2517632066525262 -2.0615458933426880 1.5609585229607814
10.0000000000000000	0.3401368246493678 -0.4727937699140540 -0.0985580961150866	2.0769179414313195 -1.7751340695194326 1.1693885960174533
10.0000000000000000	1.3094311709844861 0.8301464534849922 -0.1423856579709941	-2.5261167186499232 0.2048105330412891 1.1610686867246469
10.0000000000000000	-0.1057433728426572 -0.3284331198314097 0.4565805445338811	4.8106631935440216 -0.8832816133858157 1.1263382220164964
10.0000000000000000	0.8641080793261344 -0.0996810363822776 1.0489621390402653	-0.3700586794767768 2.8689158023452506 -1.2584565407778590
10.0000000000000000	-1.4550537700939445 0.3127521580645985 -0.2685365938562874	-1.2660766995198687 -0.7543019618041139 2.1787516087686920
10.0000000000000000	-0.5516088066492174 0.1742239595837577 -0.1323354703434492	-1.1155679995734415 -0.5985491944604961 0.2295041709912812
10.0000000000000000	-1.5136286637205083 -0.3967479582845677 -1.6791751941969175	2.6866009568540474 -0.1102604566295521 -1.0303366766720712
10.0000000000000000	0.4856789603078499 0.4270747119600291 -0.7025988773467302	-1.2771053957497007 1.0325398692381336 0.3573021844965719
10.0000000000000000	0.0628184491012849 0.3915881775501187 0.0516290848244341	0.6017253689744360 -0.0763966883143648 2.3338207179752599
10.0000000000000000	0.8227685848326476 -0.2962113180438704 -0.5542482321182514	0.2766951293284208 1.5290533217060818 1.5395224632339917
10.0000000000000000	-0.2470570414535099 -1.6463019348185453 0.6530506541559989	0.1716163641038383 0.7842653561142220 0.3366439243876066
10.0000000000000000	-0.5673207554474866 -0.3046167975157108 0.5401750897505003	-0.6799242619213194 -0.2694727620747605 -0.4331550298263961
10.0000000000000000	0.7573713472449372 0.6385892431741332 -0.4365068831500525	3.4821534856721956 -2.7243019142657006 0.2019648383050799
10.0000000000000000	-0.2332609429923979 0.0503934080012184 0.1951975922022749	0.4468002302356264 -1.3975933289726115 0.7243301868433047
10.0000000000000000	-0.1487633275167347 -0.5563479502249741 -1.1974330431262934	-0.3616169678782295 0.5813043991365719 0.0042165782496373
10.0000000000000000	0.2636425630235045 0.3634767507462553 -0.2030258183595325	1.8397622409469172 -1.7708437244802873 0.6012240718156220
10.0000000000000000	0.2824002550179927 -0.7386053700769196 0.3841155157601128	1.5844219569477398 -1.1495103588449833 -1.7524640682044650
10.0000000000000000	1.1268980887744462 -0.6892097770187924 0.1755270179379098	0.3232481797667774 0.4414090389478612 -3.2040977870921630
10.0000000000000000	-0.7326989285078367 -1.1525620028836179 0.1126257801677906	2.5521022432346370 -0.3201038607383297 0.1200588272638057
10.0000000000000000	0.2725212023219147 -0.3748963221641219 0.0150195402174641	0.2114907151813599 1.1211056370924439 -4.4516256599673323
10.0000000000000000	0.1961895176571063 0.0149492391533281 -0.4936166554411225	-3.6706503881511363 2.4005220902741242 -2.8615947893038305
10.0000000000000000	-0.0414195066234005 0.0290580727171956 -0.5143498587011491	2.8161713291477852 -0.5398196433027388 1.1505461137887281
10.0000000000000000	0.2427503025220559 1.6827364314567388 1.6089607554280365	-0.0517507542719469 1.0087540647909037 1.7977621173891611
10.0000000000000000	-0.6150607747138105 0.1818503174916670 -0.0195564788611950	-0.1764544919797163 2.4000132946981623 -3.2304721715133931
10.0000000000000000	-0.3316743867979408 -0.0833053454944369 0.3961684788314869	-0.9732513662236575 0.9667529173326420 -4.0164034033819869
10.0000000000000000	-0.7520051348620214 -1.4346849367766419 -1.1881596291227940	-0.6729214921202908 0.9398742773881842 -1.0362178622976728
10.0000000000000000	-1.2729901700042474 0.8229329555049816 0.2963659670893075	0.2557545481181629 -2.5923729861334279 -1.1471509102301780
10.0000000000000000	-0.0142651147195999 -0.1337831576161551 -0.2619752263760248	1.0040547138891975 0.0341110525669260 0.4821613611446585
10.0000000000000000	-0.2659025126423212 0.5215756587624357 -0.1652341031106177	4.8106462428683754 0.2082513409910373 -0.8354738573846188
10.0000000000000000	-0.5604154634780609 0.3218521640420545 0.4528231782029807	-0.5301147687185034 -1.5778010627966519 -2.3681299947433914
10.0000000000000000	1.2410040865255672 -0.5861356879815054 -0.7539937487673596	-2.8509719841309966 3.1464198561988712 2.4303328900876506
10.0000000000000000	0.3117880360578537 -0.7392591377572871 0.3189769778497015	-0.6354913767469923 0.2809274877068116 -1.6814486614461726
10.0000000000000000	0.4458497800570165 0.3392078743544671 -0.3193898646976839	1.6945134690746788 3.0907081014758120 2.5872066701678236
10.0000000000000000	-4.8280748230428907 0.8873193811453340 -4.9104740998918945	-1.0503420177152152 0.6784299743347704 -0.9624938434693370
10.0000000000000000	-1.1126065232876541 0.1619075969823572 -0.0294587653534626	-0.7917516253466100 2.4699569440825182 2.0764835822709675
10.0000000000000000	-3.2688812131792506 6.9732889453866536 -2.1070446410950141	0.4093752129971819 -0.4567256776020719 0.8005272277786426
10.0000000000000000	0.2073623950563077 0.0819639715257027 -0.9348294433915543	-2.8005900206035426 0.9191823553240673 -2.2461393901009941
10.0000000000000000	-0.1370224172229860 0.8405128157952892 -0.5656547128113510	0.7634643605894684 0.0642234747104616 -2.8721698064675834
10.0000000000000000	0.3121351477786034 -0.0309439998513474 -0.2944375663093325	-3.1441970105626620 0.7009123365659927 1.8956585122852179
10.0000000000000000	-1.3528836904554153 -0.9071946206793758 -0.0850959991633251	0.7133449523329505 -0.3561086564306815 0.1959198931013649
10.0000000000000000	-0.0914766875207203 -0.8351649876531088 -0.8891212536667440	-0.1259437254360798 -1.9458632376102536 2.7110989213012333
10.0000000000000000	-0.4749078857746671 -0.8101251239556415 0.5552006404612295	0.2464160228950603 0.0878518977200985 -3.8131539198654107
10.0000000000000000	0.9488869463964463 -2.6908380136986616 -2.8404013724166077	0.6195339573653114 0.3274505227109016 0.4422496143710885
10.0000000000000000	-3.2686149144695165 -1.9972973780026586 -4.4793284562779245	-0.5131330334347262 0.2186262012854378 0.7245782073208172
10.0000000000000000	0.3561142604716619 0.4913378874073835 1.3151235287272427	-2.9755841914337537 -0.2875263204387909 -0.2777635754209029
10.0000000000000000	3.6504276349811171 0.7332351899623080 0.0362410245034791	-0.1999561363606402 0.0210956950030973 2.1292685042941715
10.0000000000000000	-0.2907649835772190 0.1068913823282484 0.3666061203253073	-2.1026267454730507 3.4601500795413007 -0.1004694795432941
10.0000000000000000	0.0432009243610046 -0.6747451663905277 0.0506851880926807	-1.2124332641659730 -3.4443699849139255 3.1677241222661530
10.0000000000000000	-0.0087442995385532 0.1912100985954195 -0.5668974806551784	-0.2091435215568133 -4.3707971247102879 -0.1651237545758388
10.0000000000000000	0.1347955613614868 0.5280990433278463 -2.4532244963328993	-0.5842629967468742 1.4567505993541594 -0.3755273152529384
10.0000000000000000	0.0838598881166963 0.2971232748260946 0.3586787845588111	1.7038457812446390 -1.0319097485296018 1.4177723606968073
10.0000000000000000	-0.9169645264839086 0.8162858709567370 0.6235087899166578	2.2841277555974870 0.3227716969137122 -1.6604037633713189
10.0000000000000000	0.8765515927755206 -0.5097357959178698 -0.3458435958312619	0.2810028260802687 1.2094841035576012 4.2091567532265302
10.0000000000000000	-0.4670412759332734 0.5431165472875737 0.1276078041386251	-2.0635380758083137 -2.3955542154540699 -2.8335751442839086
10.0000000000000000	0.1987084763386514 0.0519783267049324 -0.6753164730107957	1.5866152788118211 -2.6775641610621248 0.9409456035533290
10.0000000000000000	-1.1285773084730852 -0.6242809303737245 2.3357818990915611	0.2364024890154424 -0.7021929540954743 -1.3958224247648192
10.0000000000000000	-0.8923966627207685 0.3708202681853754 0.6499631155310390	-0.0908888110071917 -1.8314650056784272 2.1522448772607881
10.0000000000000000	-1.4949024254709757 -0.4372228352537400 0.9363448730731863	-2.1779417552853046 -0.6910911736959887 0.8345000064642076
10.0000000000000000	0.1265450961702701 -0.2606719188080055 0.0899577951590600	-1.7804683780058090 4.8296815044681418 -0.6796502267206447
10.0000000000000000	3.8576910675817788 0.2858946848540773 2.4939646576002383	0.5932492649191624 0.7442708786975345 -1.0778841277151314
10.0000000000000000	-0.2675165887899054 0.7127103807007966 0.1145658900891766	1.0604547202031893 1.1464572730185372 -0.5581512072609381
10.0000000000000000	0.6841170258636124 0.0228130346767227 -0.9200388294988870	0.3359586141475142 0.4624062433193292 0.0599727928920068
10.0000000000000000	1.4061891988093611 0.0009599371267300 -0.3529379074655774	-0.6649028641786600 -0.6160744570278871 1.9450028565764339
10.0000000000000000	1.0756850097467630 0.3894078672237978 0.0356239832486297	2.2439290224782429 1.1149965594888471 3.3397858995690308
10.0000000000000000	-0.2548305293386151 -0.1300906209552615 -0.2265882784331093	1.3646605422632134 -1.7770849828790392 0.5059488970934429
10.0000000000000000	0.8362037579579434 -1.1981130507883995 -0.0910141745133601	-0.7555653793929640 -0.2022490194820335 -0.5531230277712998
10.0000000000000000	0.1924958109297283 -1.0974089437014738 -0.8035333646482959	-3.8811637708853075 0.0961567842295688 0.5845521733873461
10.0000000000000000	0.0207493068774471 -0.0368637859295078 -0.0434950829566579	-0.6063775983935700 -0.2282974018192340 -4.6120669906365590
10.0000000000000000	-1.0615634431822234 -0.3406417618218313 0.1060001690440467	-0.2048594580302011 -0.9467817424732580 -1.4982915610846106
10.0000000000000000	-0.8049912221969102 0.3427469953760763 -1.5531598587028854	2.5036054554841907 1.3592677917377425 -1.3558369199354035
10.0000000000000000	0.3930255436177585 0.5965763293768200 -0.2801391838072934	5.3074200243049585 -0.3138814945024725 0.3978807544813296
10.0000000000000000	-0.2569695708597352 0.4443874690309703 0.1476881327516965	-2.3686964506908734 -2.0846421473899936 0.6353899635610483
10.0000000000000000	0.4601869303085367 0.2384572723431321 0.3414354133558592	-3.8091245878245998 -0.5422075217537758 -0.3191319453981209
10.0000000000000000	1.2313308900602886 1.2995426312413225 -0.0716305133684175	2.3073952318378779 -2.4441885048370833 -2.0256844349238357
10.0000000000000000	2.8414055591105480 0.4887492965625570 0.2113128384390322	-0.6722236526756357 0.3145241470596448 -0.1990513175962875
10.0000000000000000	-0.2264143314133653 -0.0544425905744826 0.2778992833574539	3.4890081952219800 1.1482469760914051 1.4295188944985542
10.0000000000000000	0.0830517697101519 0.2690783714028060 -0.6287615254123008	0.2027290666402905 3.4555635940235145 0.8274788566864490
10.0000000000000000	-3.7395417224701877 -2.2193674773329297 2.7976196066353931	0.8996627088354500 0.1014763302612246 0.2792889857590186
10.0000000000000000	0.4350399607557667 -0.3221841137878803 0.5860903162428295	2.8210965319817181 -2.0763036535148638 2.6274809409339914
10.0000000000000000	-0.3597350067283746 -0.6291205563892163 -1.1221707066522286	-2.1979428878412053 3.6684928186156833 0.7124383448430346
10.0000000000000000	0.8997401611297565 1.1426190618850895 -0.4947884166150370	-1.0501569372016801 -1.0126796617957636 0.2193119653616784
10.0000000000000000	-0.4938966898788377 -1.8364578772608136 0.7442208549357719	1.8107903164879915 -1.2024984698102219 1.6756602553995665
10.0000000000000000	-0.7777002990587285 -2.4105018701732841 0.7476860589151427	1.0149228856038628 -0.3955037448401379 1.9758583978830471
10.0000000000000000	-0.0231094797473047 0.7836330534967749 -2.0953659997464285	-1.4062708184689363 3.0161332481993579 -0.3054611787991954
10.0000000000000000	-1.1530826283053042 -0.2362105158738984 -0.4996537032077601	3.6290134023824758 0.3875251270806294 -0.3432422409844226
10.0000000000000000	0.4654471490674366 1.0675821947927489 0.7289380261446043	1.1963720548102177 2.0612009073102904 0.0350739783467027
10.0000000000000000	-0.3135799470220586 -1.0384207858085686 0.1322346588025383	2.4424700069844119 1.2036462688226008 -1.3568125078406272
10.0000000000000000	0.5126168374480623 -0.3220683686675380 0.3030916899236901	-1.5239810919334424 -1.1090083280736889 -0.2884262690273277
10.0000000000000000	-0.4982859355230376 -0.2147656032133578 -0.3569068850131529	0.8083612619085196 0.9907574468173388 -2.2256725611654078
10.0000000000000000	1.1708818897296369 0.1764539052420490 1.1280315627428441	-1.4055395266661403 1.9541449175494470 -0.9410050757313736
10.0000000000000000	0.6363128415393994 -0.9454533411710578 1.0615104699094906	0.3229409276828569 -3.0883130514327704 -0.6311584662323734
10.0000000000000000	-0.3598587607848632 0.1743192988915290 -0.3159905913106131	-0.2173357620951643 0.8894401549102939 -2.6550017601833016
10.0000000000000000	-0.8866731444521271 0.4865063353118614 0.3400853374662233	-1.6422207456408735 2.6386743825606294 0.4427798040572763
10.0000000000000000	1.6247334210408966 -2.3958050272952747 0.4673887845267752	0.1470351046188290 -1.2695556821097063 -1.2019858104060888
10.0000000000000000	0.2684571383426295 -0.0357060765073504 0.3876451490285558	0.8940096027787020 -1.6677556199307086 1.3730178246030782
10.0000000000000000	0.6247519644478927 2.0955442373020956 0.3677891063835027	0.7547370326085185 -0.9838848433190842 1.1831186007071284
10.0000000000000000	-0.5163555840850710 -0.2204600284521037 -0.2940318366498924	-3.6093554772299865 -4.6160810407556259 0.0191927179264230
10.0000000000000000	-0.1359582146771282 -0.4335344181146906 -0.8958586847253041	1.5761516931165045 1.3916669219110822 1.4144795253921212
10.0000000000000000	-0.1841276494178292 -0.0196956110169868 -0.1350234686945173	4.5624142233809462 -2.1340369349258559 -1.7097193933960551
10.0000000000000000	-0.1232597748268140 0.3360332435863508 -1.3081340894722953	2.7600572996425061 0.2463582251906318 -1.1687668294543581
10.0000000000000000	2.7134436079043116 -1.2095816069006093 1.2296138751197654	-0.9357272909664835 -2.2370879223431612 0.7648719186504039
10.0000000000000000	-0.4442367830328569 0.1773230326387410 -0.5493522730627975	-1.6268889961478319 1.6929365999079566 1.1734735124274573
10.0000000000000000	0.4550231834478992 -0.4405227580350690 -0.3156509836891627	-0.9311118593524016 -3.4418439241492780 -0.5762021233995057
10.0000000000000000	-0.0718490248747306 -0.1167989532115372 -0.2002985477059365	2.3912872039074156 -1.8365763059640163 5.1903421985635436
10.0000000000000000	-0.6051370941229270 1.2185218619153551 0.2494456535377609	0.5282901214618507 0.5148613449552935 -0.5879213808611127
10.0000000000000000	0.2572258457489239 0.1659397986145718 -0.1971675767614021	0.5973070073191500 -4.1462373876199194 1.7035904839133817
10.0000000000000000	0.5263740375632820 0.1718211950990863 0.1774340958518303	2.3628077930010654 1.6672925317970138 0.6619462353288207
10.0000000000000000	-0.2898245584089660 -0.0964878929510762 -0.2046284575626473	1.0689961282019982 -3.1671376829351492 -1.7074297631766264
10.0000000000000000	0.5389363572695155 0.4156088223828975 1.5486952012685755	-0.1567659777812027 0.1025646485330487 -0.0837376169376880
10.0000000000000000	0.0642619692719462 -0.6787636197944842 0.0337508739877629	4.0129728120241852 -0.7734166233674025 1.0542735462359281
10.0000000000000000	-1.6136716105068305 -1.4743307137135915 -0.5584655206514487	-0.0184546284269145 0.2063394500036229 -0.0541154220076912
10.0000000000000000	0.7681079618675176 0.3463257319430276 -2.3277615266211633	0.8460123630167521 0.1197945049393485 0.1461264846583399
10.0000000000000000	0.3711518265049835 -0.7434842264524368 0.7006361174581900	0.6257506582090210 -1.9517631000743425 -0.5271525474035033
10.0000000000000000	-0.0996860410448396 0.2790415247982588 1.9845796174775701	0.6720605244708664 0.9909570623908754 1.1226606970611470
10.0000000000000000	-0.8765135102672722 -0.5128680949320106 -1.2465677211024666	-1.8220323195395087 -1.1845511368559385 -0.1471275086740166
10.0000000000000000	-1.0634324668611903 0.0322820153438700 -0.1463560353239078	1.1355598254439732 3.6452435072707150 0.0614204398801957
10.0000000000000000	-2.4276149164015095 -25.7761861817434053 10.5207959913339000	0.4044247811346473 0.4361425198420409 0.2646174631222399
10.0000000000000000	0.6683686590580210 0.2505446111339057 0.5182828376598870	1.4974008841427568 2.4083863904810099 -2.2073134772298144
10.0000000000000000	1.4400741889757167 0.8467894391401320 0.6383169870688654	-0.9731034088951044 3.2073368859555269 0.3492459464134475
10.0000000000000000	0.2044179372030840 0.3565693980588620 0.1563350646779478	-2.2395940856987648 2.1710414755756746 -0.9891205931917728
10.0000000000000000	-0.5099385838286431 -0.6379041805496922 -0.0550958371271471	-1.2547597960455510 -1.7862546557801364 1.3638818665354884
10.0000000000000000	1.1967288951410200 0.6942619883585390 -0.3389020339282518	1.4220096982699957 -0.7033980181277298 1.0842589019672582
10.0000000000000000	0.1336815517522687 0.2923943689761755 -0.1295370577038860	-0.3660265061792093 -1.8276211007954184 -4.9398791705506078
10.0000000000000000	0.6635494843169372 0.4425028886306099 0.2546954614775206	0.4111183044836507 3.9400757856337680 -0.3780958467204545
10.0000000000000000	0.6594361589515402 0.5658571044619889 1.9335187852397897	-2.1944574232688274 -1.2949160793641172 -2.2745032381286894
10.0000000000000000	-0.1924647662282337 -0.2009418538717694 0.5734595022895923	1.1398518817541854 -1.8509462444442391 1.0766250750510313
10.0000000000000000	2.0397316848605005 1.5852113539216572 0.5693311205676784	1.7499908199232619 -1.7791450436553127 0.0521850424472266
10.0000000000000000	0.3411762294156138 0.0308501467990677 -0.1413763044668608	-3.6255914677543744 1.8579446609598329 -1.8341098812707335
10.0000000000000000	-0.3600036272467979 -0.5010304120059689 -1.2516345837301721	-0.6639374577984147 1.6381969203708426 0.1471119537159156
10.0000000000000000	-0.4893268444121152 -0.1319766528339620 -0.3932932829051791	-3.1048515547074249 2.1521004415736917 -1.6484884407665645
10.0000000000000000	0.5664394527205431 -0.0036500905582531 -0.0094787767297596	-0.3567867791970525 1.7892681338309082 -1.7142245744599582
10.0000000000000000	0.0295873705673612 -0.0347512997914689 -0.6081862066602726	2.6564815634185495 -0.4723261276435270 0.1325675758486454
10.0000000000000000	-0.2541413540724196 -0.5348659947517066 -0.1712034626633208	-2.7262217385735430 -0.5827183766871549 -0.3681962812520053
10.0000000000000000	0.3682009396116044 0.4497623658996555 0.5020275114254670	0.7255777300436954 1.9100412161625446 -1.5723532827743765
10.0000000000000000	-0.0494620103010545 -2.0382186830506068 2.4045641616237230	-0.6880215866121506 2.2740020537380983 1.3792465053306544
10.0000000000000000	-0.4449139235696504 -0.2717977782253326 0.2129291624478441	-1.1147246014160219 0.2486460903001525 -1.7371994180967363
10.0000000000000000	0.2623874517972947 0.8633666139813825 -0.6098329623662500	-0.0336792496368510 1.2864480742816402 1.4650141053598855
10.0000000000000000	0.2314374672665171 -0.4070698095278913 0.2010575571630450	1.9455310172687039 -1.4789936929565701 2.8015071487603795
10.0000000000000000	0.4932873493957665 0.5243280953968339 -0.2388620813060501	-2.4668365428337955 1.6636417483246948 -2.5385839025272654
10.0000000000000000	0.2329730711628208 -0.3211107436230864 -0.6277664188960974	2.3850621908788159 -0.1251725722910917 -1.9616670855395926
10.0000000000000000	0.3737479587491104 0.0147946948809410 0.0316319127268813	4.2926679137874260 -0.0839105361721752 -0.9927103053156605
10.0000000000000000	0.3931835232449494 -0.6048463162549308 -0.1132623305727043	-1.4063054776529567 -2.7185875164502127 -2.9814203865982849
10.0000000000000000	2.7831927413695876 -0.3862375970597239 4.9547019194523303	0.2820190183901083 -1.2007184359826557 -0.2449475220171954
10.0000000000000000	1.4661377873385195 -0.7260805430842913 -0.0026926338281837	-0.5526352256206911 0.8773031549214640 2.3908962475102795
10.0000000000000000	0.3628014403236388 0.1187935088816004 -0.0171120753719940	1.0335764725863150 -2.9853682533682617 -0.1965887538650421
10.0000000000000000	0.7113441421731217 -0.4184569815856537 1.5566259193576037	-1.0817882091294679 0.4749825524057268 1.5242308858697047
10.0000000000000000	0.0054651548207104 0.1563660946126877 -0.1121471879179946	0.7772670126961645 4.4576256804465411 2.0562482353406391
10.0000000000000000	-6.3451387400327546 13.8666592773436097 3.2948338087936175	-0.0870959831731495 0.3233151134522400 0.5190632459664338
10.0000000000000000	0.2385580787097357 -1.2231935755322918 0.4918851284345822	0.3713758673310354 0.7745827013476145 1.1701920210833487
10.0000000000000000	0.9143285121146587 0.3370648633714796 -0.2389043225940065	-1.5981514154705905 -0.4285477414289993 -1.7216215669412234
10.0000000000000000	-0.4468280697821955 -2.2970051095162587 -1.8033233621636151	0.2713103351734549 1.0610996731958833 1.3961377491385549
10.0000000000000000	-1.3726644469819620 1.3323945066885114 0.4118503098662352	-0.2417445843410212 0.4708622145175210 -0.7952485143250572
10.0000000000000000	-0.7805138134649129 0.3657280617198903 0.1538968339556256	-2.3513057456941495 -2.4798130082194194 2.3715003807290831
10.0000000000000000	-0.0962006935434145 -0.7454802029161650 -0.4790321485636873	0.9078926300902300 -0.5107470554927577 -2.2619537677938615
10.0000000000000000	0.0345872311072533 0.2323923865960751 0.8895004730267111	-1.2298652626442657 2.0045560699671960 -1.4054560938296314
10.0000000000000000	-3.2447141017759811 -6.5640273166349274 5.2659378521510183	0.1234064770101588 -0.3142407162945560 -0.5979216683040366
10.0000000000000000	0.3986493804752370 -0.2337120663520542 -0.1220796495896172	-1.2740306185169921 -4.6200640250294676 -0.2748751783834115
10.0000000000000000	0.6784529365518701 0.9022631047615126 0.9467769728221270	0.1640058368594452 -0.7069282210526799 -0.5075338618071731
10.0000000000000000	-0.2371774124989930 -0.0218597375426844 0.0576020157116251	0.0251474420759866 0.4640913592456576 -1.6595893682840006
10.0000000000000000	0.2761345585409640 -0.0184404957696745 -0.7738042791791384	-0.2319197218419539 -2.0075034809422370 4.9795863248084551
10.0000000000000000	-0.9811712551354301 -0.4327004485723814 -0.5223544881168282	2.4602234080122911 -0.1329940622446284 -0.0004929619955296
10.0000000000000000	-0.1898007283947959 0.4272331091240855 -0.2411681302272932	0.8514452170319019 -3.5596711172621123 3.9978262237131728
10.0000000000000000	1.6141691437413932 -0.8134187782143776 -0.7033789196289234	-0.5038456373209567 1.0378535599836838 -0.3311208972906131
10.0000000000000000	-0.2598823548619180 0.3344501475012822 -0.4867030806934293	-0.5271112777668503 -1.1554998202427988 1.9115537109605589
10.0000000000000000	1.2365744913126846 1.9695352665778152 -0.2471737233454006	-1.6760930433608301 1.1434131168923791 -0.3690911996561468
10.0000000000000000	-0.3246505072832306 0.4361062603428382 -0.7485387797013676	0.4306926495106200 -2.0174676489475636 -3.1271688350313060
10.0000000000000000	-0.2436013748575950 -0.3382862419700109 -0.0165970413418721	0.2966786714518000 1.7724936111742857 2.1793638242421083
10.0000000000000000	-0.3857796859135373 -0.3255515239051884 0.4211829103110177	-2.0263075407035851 -0.2021719133680379 2.7246127727046581
10.0000000000000000	-0.3440404436474413 -0.5062409924065062 -0.5326310980071493	0.0872230637691532 -2.3274404646190510 -2.3631142044901834
10.0000000000000000	-0.2079720845002432 -0.0634481503876928 0.6109679382604178	-0.0713534883964031 -4.2533105884707840 0.1353685444849967
10.0000000000000000	-0.7661171288893650 -0.3666020750288850 -1.3057273742298423	2.6090229284127142 0.5631626786715377 0.8108583104292878
10.0000000000000000	0.2446166928450828 -0.4930440173233734 0.2359272481209227	2.8306075107270279 1.3979827304094425 2.1136039013003889
10.0000000000000000	-1.0384678411725015 0.4005496323737455 0.5308872029781520	1.7861051296283361 -1.8669160438158716 0.3142358431542394
10.0000000000000000	-2.3663230172903078 1.5401096256288163 1.2397197775274158	-0.6333525017018714 2.3175025393513091 0.4402263701416878
10.0000000000000000	0.4090845259327511 0.4508099612304023 0.3552287474738621	-3.3082639986303226 -3.6936418383122591 -0.0347903744364712
10.0000000000000000	1.4639668205872853 0.4530730440228363 -0.1699484663257304	-2.7274826694631398 1.4599171545084291 -1.9203691897467037
10.0000000000000000	-0.2136574080520168 -0.3816026307302009 -0.1979049171885304	0.7404879667773041 -0.2793220183958556 -0.9536525307566670
10.0000000000000000	1.2061102963175458 0.1430296784369635 -0.7431256370419277	1.0152341252161676 -1.4286777552303678 -0.5262680783097660
10.0000000000000000	-0.1912699931953513 0.1435120859786770 0.1948596872190825	0.8909226342292705 1.8275825808880619 3.0024782778420009
10.0000000000000000	0.2457234870415550 -0.2624947054821930 0.0952586976056443	-2.2122017519324308 1.0521457898919495 0.9911490111249676
10.0000000000000000	-0.6202156364506777 -0.3495175989128144 0.8745999222401948	-0.1173518579264947 1.5242611255892284 0.8681362618344785
10.0000000000000000	0.6460033746803111 -0.3393284150248098 -0.7645411284690850	-3.2909485466919208 1.1362617034853872 -1.6942304392613685
10.0000000000000000	0.8510972567522525 0.1824239066637359 0.1174725814503335	1.3442551701065790 -1.4496946843553657 -1.6231160163711256
10.0000000000000000	-0.3218253477299483 0.1898870108945813 -3.3867219946150593	-0.0146571099044972 -0.5966243140025720 -1.1450222817844093
10.0000000000000000	0.5399055377095244 -0.1960092254230925 0.8998827046001924	-2.5877123491099701 -2.8729630169325384 -1.6649083063173371
10.0000000000000000	-0.2910920905606581 1.2804332215951819 0.3511108146268259	2.6115314847335984 0.3714229521894347 3.0707872529118210
10.0000000000000000	0.0470334284330835 -0.3937860218484878 -0.3594873785652712	-0.0660209563937638 0.2745928772012803 2.5431420229544677
10.0000000000000000	-0.0309638704781439 -0.7545390108741887 -0.6903383008596162	0.4305421282051778 2.0385075833295625 -2.6976787858437898
10.0000000000000000	0.4208419787912486 0.8278583535968809 0.7092082746767965	1.0386972671437364 -0.4907340410250755 -1.9563135716460289
10.0000000000000000	-0.1775781924152628 -0.2760696540809724 -0.2236652901947392	0.6907488122867591 -0.0872354839262760 -0.1343817936270075
10.0000000000000000	0.9883697609284314 -1.8630151505169541 -0.0565803493982969	-0.6909245656506284 2.3785401457826509 -0.1738085396987893
10.0000000000000000	-0.9434859834935847 0.8101572968424957 0.1409715810738927	-1.6851805204706642 -3.0626605023030815 -0.3284500948089443
10.0000000000000000	-0.1066229815782700 0.3453261732854161 -0.0418234432546872	1.6101249641480180 0.8020027058685079 -3.6456982137533585
10.0000000000000000	0.0655267774793332 -0.2628620858821525 -0.6917556750909338	-1.8091775226871587 -0.6770524432009868 -1.7644725885397046
10.0000000000000000	-0.3773578581607673 -0.3677841204237872 0.5140843306986083	0.1069859937056151 0.1854858511031319 3.0222255818429833
10.0000000000000000	-0.6808098817312765 -1.2737739379015378 -0.1809410561106390	2.6260096998080540 0.2886015458398621 2.8745995517166572
10.0000000000000000	-0.3827486860075929 0.0031678547325325 0.1479900316602385	1.1270885860707474 -2.1227613056146826 0.1321837187949000
10.0000000000000000	-0.0398755700011345 0.7654488935742506 -1.0758617266039319	1.6944868176744012 -3.4237911942946728 1.5430830072035582
10.0000000000000000	0.0460959819529653 0.5722814122581003 1.6643144321925265	-0.0183582893385217 -2.3417094045483471 -1.3283215909390218
10.0000000000000000	0.2646810873133257 -0.0536530641994412 -1.2100272078314793	-1.0700820755132177 -2.3611247910444901 -0.8626973783288291
10.0000000000000000	-0.4460298765731420 -0.4482533498122352 0.7870209750372911	-2.2677618099542753 0.6061845745214463 -2.3448039254700279
10.0000000000000000	-1.2653899553612393 -0.3032762796433229 0.0372269931831726	0.8004202419645261 1.7948037858898216 0.0911475304122673
10.0000000000000000	-0.5095276436375538 0.3090545115330638 0.3010920929913742	0.0900325792878410 2.4386536593155297 1.0170559200964715
10.0000000000000000	-0.5443311652521211 -0.4681593298262392 -0.2638453624178427	-2.1443815435011899 1.6761450072721107 2.0327230429466177
10.0000000000000000	0.0406756152750937 0.3485167308864430 -0.4328551853335113	0.7418392630746866 0.8055267538656532 0.1953529520987932
10.0000000000000000	0.1949662175285841 -0.6237387785918086 0.2674611292934428	-0.3132907246668951 -2.8899704262769634 -2.7650431853927775
