     //==================================\\
     ||                                  ||
     || ::::::: ::::::. ::::::. .::::::. ||
     || ::      ::    : ::    : ::       ||
     || ::::::  ::    : ::::::'  `:::::. ||
     || ::      ::::::' ::      `......' ||
     ||     Framework for Developing     ||
     ||        Particle Simulator        ||
     ||     Version 8.0 (2025/09)       ||
     \\==================================//

       Home   : https://github.com/fdps/fdps 
       E-mail : fdps-support@mail.jmlab.jp
       Licence: MIT (see, https://github.com/FDPS/FDPS/blob/master/LICENSE)
       Note   : Please cite the following papers.
                - Iwasawa et al. (2016, Publications of the Astronomical Society of Japan, 68, 54)
                - Namekata et al. (2018, Publications of the Astronomical Society of Japan, 70, 70)
                - Iwasawa et al. (2020, Publications of the Astronomical Society of Japan, 72, 13)

       Copyright (C) 2015 
         Masaki Iwasawa, Ataru Tanikawa, Natsuki Hosono,
         Keigo Nitadori, Takayuki Muranushi, Daisuke Namekata,
         Kentaro Nomura, Junichiro Makino and many others
******** FDPS has successfully begun. ********

 ******************************************
  ██████╗ ███████╗████████╗ █████╗ ██████╗
  ██╔══██╗██╔════╝╚══██╔══╝██╔══██╗██╔══██╗
  ██████╔╝█████╗     ██║   ███████║██████╔╝
  ██╔═══╝ ██╔══╝     ██║   ██╔══██║██╔══██╗
  ██║     ███████╗   ██║   ██║  ██║██║  ██║
  ╚═╝     ╚══════╝   ╚═╝   ╚═╝  ╚═╝╚═╝  ╚═╝
 ******************************************
Version: 1762e_447e
============== PeTar ================
 Online document: (preparing)
 GitHub page: https://github.com/lwang-astro/PeTar
 License: MIT
 Please cite the following papers when you use PeTar for any publications
    FDPS: see above FPDS Logo message
    SDAR: Wang L., Nitadori K., Makino J., 2020, MNRAS, 493, 3398
    PeTar: Wang L., Iwasawa M., Nitadori K., Makino J., 2020, MNRAS, 497, 536
 Copyright (C) 2017
    Long Wang, Masaki Iwasawa, Keigo Nitadori, Junichiro Makino and many others
=====================================
Use quadrupole moment in tree force calculation
Use 3rd order tidal tensor method
Use Pseudoparticle multipole method
Use 4th-order KDKDK mode for tree step
Use orbit-dependent neighbor criterion
Check energy of short-range (hard) integration
Count isolated particles in hard clusters
Use SIMD
Calculate profile
Use AR TTL method
Use slowdown Tree method
Use slowdown timescale criterion
Print adjust group information
=====================================
Input data unit: 1
End time of simulation: 200
Output time interval for particle dataset snapshots: 1
Tree timestep (dt_soft): 0.00195312
Reading data file name: input
----- Finish reading main options -----
----- Finish reading hard options -----
----- Parallelization information -----
MPI processors: 1
OMP threads:    4
----- Reading file: input -----
Number of particles = 1000
Time = 0
----- Unit set 1: Msun, pc, Myr -----
gravitational_constant = 0.0044985021514696 pc^3/(Msun*Myr^2)
----- Parameter list: -----
 Average mass                      = 0.59230554278287
 Mean inner changeover radius      = 0.0050893385752201
 Mean outer changeover radius      = 0.050893385752201
 Minimum neighbor searching radius = 0.061072062902641
 Velocity dispersion (1D)          = 0.61671204477046
 Tree time step                    = 0.001953125
 Output time step                  = 1
----- Hard Parameter list: -----
 Mean search group radius:         = 0.0050893385752201
 Mean group radius                 = 0.004071470860176
 Hermite timestep coefficient 4th  = 0.1
 Hermite timestep coefficient init = 0.001
 Hermite maximum timestep          = 0.0009765625
 AR slowdown maximum timescale     = 0.00390625
 AR slowdown perturbation criterion= 0.0001
 Artificial particle ID offset     = 1001
 KDTree minimum particles+groups   = 32
-----  Save parameter files -----
Save PeTar parameters to file data.par
Save hard parameters to file data.par.hard
-----  Finish parameter initialization -----

Time: 0  N_real(loc): 1000  N_real(glb): 1000  N_all(loc): 1000  N_all(glb): 1000  N_remove(glb): 0  N_escape(glb): 0
Energy:     Error/Total         Error     Error_cum         Total       Kinetic     Potential        Modify  Modify_group Modify_single      Error_PP  Error_PP_cum
Physic:              -0             0             0     -326.9514       325.848     -652.7994             0             0             0             0             0
Slowdown:            -0             0             0     -326.9514       325.848     -652.7994             0             0             0             0             0
Angular Momentum:  |L|err: 0  |L|err_cum: 0  L: -10.96732   -48.08977    2.713171  |L|: 49.39908
C.M.: mass: 592.3055 pos: 0.0614534   -0.03582899    -0.2007861 vel: -0.0008865219   -0.009230204    0.1340263

Time: 1  N_real(loc): 1000  N_real(glb): 1000  N_all(loc): 1000  N_all(glb): 1000  N_remove(glb): 0  N_escape(glb): 0
Energy:     Error/Total         Error     Error_cum         Total       Kinetic     Potential        Modify  Modify_group Modify_single      Error_PP  Error_PP_cum
Physic:    5.676401e-08 -1.855907e-05 -1.855907e-05     -326.9514       417.431     -744.3824  2.292257e-08             0             0  1.028105e-08  1.028105e-08
Slowdown:  5.676398e-08 -1.855906e-05 -1.855906e-05     -326.9514       417.431     -744.3824  2.291398e-08             0             0  9.991762e-09  9.991762e-09
Angular Momentum:  |L|err: 0.0002536755  |L|err_cum: 0.0002536755  L: -10.96715   -48.08987    2.71333  |L|: 49.39915
C.M.: mass: 592.3055 pos: 0.03876508   0.01160085    -0.02182965 vel: -0.07615454   0.06811185    0.1866414
Tree step number: 1024
**** Wallclock time per step (local): [Min/Max]
 Total       PP_single   PP_cluster  PP_cross    Tree_NB     Tree_Force  Force_corr  Kick        FindCluster CreateGroup MPI_comm    Output      Status      Other      
   0.0013777  7.3758e-06  0.00020522           0  0.00021813  0.00085311   1.276e-05  4.5192e-06  3.7787e-05  3.9858e-05  6.6527e-07  6.5337e-07  5.2744e-09  1.8653e-06
   0.0013777  7.4055e-06  0.00020527           0  0.00021683  0.00084885  1.2822e-05  4.5486e-06   3.782e-05  3.9875e-05  6.9425e-07  6.5354e-07  5.3037e-09  1.9279e-06
**** FDPS tree soft force time profile (local):
 Sample_ptcl Domain_deco Ex_ptcl     SetRootCell Make_LT     Make_LET    Make_GT     Make_Group  Make_I_list Calc_force  Write_back 
           0           0           0   3.856e-06  0.00011069  1.6137e-05  0.00010822  1.1706e-06  4.1847e-05  0.00046281  9.3536e-06
**** Tree neighbor time profile (local):
 Sample_ptcl Domain_deco Ex_ptcl     SetRootCell Make_LT     Make_LET    Make_GT     Make_Group  Make_I_list Calc_force  Write_back 
           0           0           0  1.9079e-06  4.9231e-05  9.0089e-06  5.2146e-05  2.5852e-07  1.6219e-05  4.0777e-05  2.8613e-06
**** Number per step (global):
 PP_single   PP_cluster  PP_cross    Cluster     Cross       AR_step_sum
      850.76      149.24           0      56.341           0      3.5625
 AR_tsyn_sum Stab_Ngroup Iso_Ngroup  Form_Ngroup End_Ngroup  Modf_Ngroup Merg_Ngroup H4_step_sum H4_no_NB    Ep-Ep_sum   Ep-Sp_sum  
      1.1738           0           0     0.12695    0.032227           0           0      797.03      3.0098  9.5742e+05       12263
**** Number of members in clusters (global):
N_members:            1           2           3           4           5           6           7           8           9          10          11          12
Count    :       850.76      40.739      8.6191      3.0049      1.3701     0.92773     0.49512     0.40527     0.17578     0.16797     0.13672    0.083984
N_members:           13          14          15          16          17          18          19          20          21          24          25          26
Count    :    0.0058594   0.0097656   0.0048828    0.019531    0.019531   0.0058594    0.019531    0.011719    0.011719   0.0058594    0.011719   0.0078125
N_members:           27          28          29          30          31          32          33          34          35
Count    :    0.0097656   0.0078125   0.0078125   0.0078125    0.029297    0.010742   0.0019531   0.0019531   0.0039062

Time: 2  N_real(loc): 1000  N_real(glb): 1000  N_all(loc): 1000  N_all(glb): 1000  N_remove(glb): 0  N_escape(glb): 0
Energy:     Error/Total         Error     Error_cum         Total       Kinetic     Potential        Modify  Modify_group Modify_single      Error_PP  Error_PP_cum
Physic:   -4.464893e-07  0.0001459803  0.0001274212     -326.9513      412.1324     -739.0837  4.335498e-08             0             0 -1.743287e-07 -1.640476e-07
Slowdown: -4.464893e-07  0.0001459803  0.0001274212     -326.9513      412.1324     -739.0837  4.334639e-08             0             0 -1.739649e-07 -1.639731e-07
Angular Momentum:  |L|err: 5.842241e-06  |L|err_cum: 0.0002595177  L: -10.96709   -48.08982    2.713281  |L|: 49.39909
C.M.: mass: 592.3055 pos: -0.000782675   0.06991995    0.02967205 vel: -0.05793361   0.007309989    -0.03433233
Tree step number: 1024
**** Wallclock time per step (local): [Min/Max]
 Total       PP_single   PP_cluster  PP_cross    Tree_NB     Tree_Force  Force_corr  Kick        FindCluster CreateGroup MPI_comm    Output      Status      Other      
   0.0013018  7.1124e-06  0.00022746           0  0.00018967  0.00078497  2.4989e-05  4.5193e-06  4.1346e-05  2.0503e-05  6.7328e-07  6.3451e-07  5.7148e-09  1.7367e-06
   0.0013019  7.1426e-06   0.0002275           0   0.0001884  0.00078072  2.5034e-05  4.5492e-06   4.138e-05  2.0519e-05  7.0265e-07  6.3467e-07  5.7441e-09  1.7968e-06
**** FDPS tree soft force time profile (local):
 Sample_ptcl Domain_deco Ex_ptcl     SetRootCell Make_LT     Make_LET    Make_GT     Make_Group  Make_I_list Calc_force  Write_back 
           0           0           0  3.7473e-06  0.00011316  1.6066e-05  9.2802e-05  1.3866e-06  4.2689e-05  0.00044743  9.3133e-06
**** Tree neighbor time profile (local):
 Sample_ptcl Domain_deco Ex_ptcl     SetRootCell Make_LT     Make_LET    Make_GT     Make_Group  Make_I_list Calc_force  Write_back 
           0           0           0  1.7236e-06  4.9876e-05  8.6541e-06   4.162e-05  2.5744e-07  1.5885e-05  4.5668e-05  2.7607e-06
**** Number per step (global):
 PP_single   PP_cluster  PP_cross    Cluster     Cross       AR_step_sum
      845.82      154.18           0      52.299           0      4.8916
 AR_tsyn_sum Stab_Ngroup Iso_Ngroup  Form_Ngroup End_Ngroup  Modf_Ngroup Merg_Ngroup H4_step_sum H4_no_NB    Ep-Ep_sum   Ep-Sp_sum  
       1.585           0           0     0.12598    0.030273           0           0      886.08        3.79  9.5117e+05       11851
**** Number of members in clusters (global):
N_members:            1           2           3           4           5           6           7           8           9          10          11          12
Count    :       845.82      39.427      6.8262      1.9922     0.78418     0.55078      0.5332     0.23633     0.30273     0.35156     0.17578     0.10938
N_members:           13          14          15          16          17          18          19          20          21          22          23          24
Count    :     0.064453    0.099609    0.095703    0.023438    0.043945    0.027344    0.033203    0.037109    0.039062    0.083984     0.03125    0.035156
N_members:           25          26          27          28          29          30          31          32          33          34          35          36
Count    :     0.033203    0.037109    0.041016    0.013672   0.0058594    0.017578   0.0019531    0.010742   0.0078125   0.0078125   0.0097656   0.0039062
N_members:           37          38          39          40          41          42          43          44          45
Count    :     0.023438    0.023438    0.027344    0.035156    0.039062    0.019531    0.023438   0.0097656   0.0039062

Time: 3  N_real(loc): 1000  N_real(glb): 1000  N_all(loc): 1000  N_all(glb): 1000  N_remove(glb): 0  N_escape(glb): 0
Energy:     Error/Total         Error     Error_cum         Total       Kinetic     Potential        Modify  Modify_group Modify_single      Error_PP  Error_PP_cum
Physic:    2.845872e-07 -9.304618e-05    3.4375e-05     -326.9514      385.1847     -712.1361  3.679942e-08             0             0 -1.358633e-08 -1.776339e-07
Slowdown:  2.845872e-07 -9.304618e-05  3.437501e-05     -326.9514      385.1847     -712.1361   3.67905e-08             0             0 -1.373051e-08 -1.777036e-07
Angular Momentum:  |L|err: 4.288765e-05  |L|err_cum: 0.0003024054  L: -10.96707   -48.08994    2.713148  |L|: 49.3992
C.M.: mass: 592.3055 pos: -0.003074431   0.01035396    -0.04179143 vel: 0.03687351   -0.07991207    -0.09441428
Tree step number: 1024
**** Wallclock time per step (local): [Min/Max]
 Total       PP_single   PP_cluster  PP_cross    Tree_NB     Tree_Force  Force_corr  Kick        FindCluster CreateGroup MPI_comm    Output      Status      Other      
   0.0011311   7.127e-06  0.00018133           0  0.00017377  0.00069614  1.5445e-05  4.3954e-06   3.489e-05  1.8821e-05  6.2666e-07  4.9501e-07  4.6377e-09  1.4968e-06
   0.0011312  7.1577e-06  0.00018137           0  0.00017256  0.00069212   1.549e-05  4.4254e-06  3.4922e-05  1.8837e-05  6.5576e-07  4.9513e-07   4.667e-09  1.5569e-06
**** FDPS tree soft force time profile (local):
 Sample_ptcl Domain_deco Ex_ptcl     SetRootCell Make_LT     Make_LET    Make_GT     Make_Group  Make_I_list Calc_force  Write_back 
           0           0           0  3.6747e-06  0.00011243  1.5517e-05  9.1774e-05  1.1374e-06  4.0822e-05  0.00036545  8.8471e-06
**** Tree neighbor time profile (local):
 Sample_ptcl Domain_deco Ex_ptcl     SetRootCell Make_LT     Make_LET    Make_GT     Make_Group  Make_I_list Calc_force  Write_back 
           0           0           0  1.7892e-06  4.9909e-05  8.1707e-06  3.9759e-05  1.6749e-07   1.514e-05  3.4085e-05  2.6371e-06
**** Number per step (global):
 PP_single   PP_cluster  PP_cross    Cluster     Cross       AR_step_sum
       871.5       128.5           0      42.191           0      2.7686
 AR_tsyn_sum Stab_Ngroup Iso_Ngroup  Form_Ngroup End_Ngroup  Modf_Ngroup Merg_Ngroup H4_step_sum H4_no_NB    Ep-Ep_sum   Ep-Sp_sum  
      1.0098           0           0      0.0625    0.014648           0           0       708.4      1.6934  9.6513e+05      9964.8
**** Number of members in clusters (global):
N_members:            1           2           3           4           5           6           7           8           9          10          11          12
Count    :        871.5      30.778      5.4443      1.7451     0.97363     0.45801     0.32129      0.2959     0.34961     0.33984     0.16992    0.050781
N_members:           13          14          15          16          17          18          19          20          21          22          23          24
Count    :      0.14258     0.18164     0.25293    0.072266    0.074219     0.11719    0.095703    0.076172    0.029297    0.033203    0.019531    0.054688
N_members:           25          26          27          28          29          30          31          32          33
Count    :     0.029297    0.021484    0.015625   0.0097656   0.0039062   0.0097656   0.0019531    0.017578   0.0058594

Time: 4  N_real(loc): 1000  N_real(glb): 1000  N_all(loc): 1000  N_all(glb): 1000  N_remove(glb): 0  N_escape(glb): 0
Energy:     Error/Total         Error     Error_cum         Total       Kinetic     Potential        Modify  Modify_group Modify_single      Error_PP  Error_PP_cum
Physic:   -1.450297e-06   0.000474176   0.000508551     -326.9509      351.2186     -678.1694  5.199913e-08             0             0 -5.898882e-08 -2.366228e-07
Slowdown: -1.450297e-06   0.000474176   0.000508551     -326.9509      351.2186     -678.1694  5.200031e-08             0             0 -6.216204e-08 -2.398656e-07
Angular Momentum:  |L|err: 0.0001662091  |L|err_cum: 0.0004686145  L: -10.9669   -48.08999    2.713127  |L|: 49.3992
C.M.: mass: 592.3055 pos: -0.03837535   -0.01120799    -0.05216349 vel: -0.08122623   0.04442897    0.00873841
Tree step number: 1024
**** Wallclock time per step (local): [Min/Max]
 Total       PP_single   PP_cluster  PP_cross    Tree_NB     Tree_Force  Force_corr  Kick        FindCluster CreateGroup MPI_comm    Output      Status      Other      
   0.0011365  6.9256e-06  0.00016933           0  0.00018087  0.00070107  2.0194e-05  4.1956e-06  3.2751e-05  2.1762e-05  6.2253e-07  5.8906e-07  4.7939e-09  1.7053e-06
   0.0011365  6.9554e-06  0.00016937           0  0.00017958    0.000697  2.0238e-05  4.2254e-06  3.2783e-05  2.1778e-05  6.5179e-07  5.8916e-07  4.8232e-09  1.7664e-06
**** FDPS tree soft force time profile (local):
 Sample_ptcl Domain_deco Ex_ptcl     SetRootCell Make_LT     Make_LET    Make_GT     Make_Group  Make_I_list Calc_force  Write_back 
           0           0           0  3.6984e-06  0.00011117  1.5624e-05  9.4566e-05  1.0664e-06  4.0349e-05  0.00035652  8.9275e-06
**** Tree neighbor time profile (local):
 Sample_ptcl Domain_deco Ex_ptcl     SetRootCell Make_LT     Make_LET    Make_GT     Make_Group  Make_I_list Calc_force  Write_back 
           0           0           0  1.7877e-06  4.9423e-05  8.6137e-06  4.2015e-05  1.6907e-07   1.398e-05  3.1897e-05  2.8092e-06
**** Number per step (global):
 PP_single   PP_cluster  PP_cross    Cluster     Cross       AR_step_sum
      888.12      111.88           0      34.158           0      2.5498
 AR_tsyn_sum Stab_Ngroup Iso_Ngroup  Form_Ngroup End_Ngroup  Modf_Ngroup Merg_Ngroup H4_step_sum H4_no_NB    Ep-Ep_sum   Ep-Sp_sum  
      0.8418           0           0    0.045898    0.011719           0           0       649.7      3.0596  9.7075e+05      8241.3
**** Number of members in clusters (global):
N_members:            1           2           3           4           5           6           7           8           9          10          11          12
Count    :       888.12      26.158      4.0752     0.74023     0.37305     0.41797      0.2168     0.18457     0.16602    0.064453     0.11914    0.087891
N_members:           13          14          15          16          17          18          19          20          21          22          23          24
Count    :     0.044922    0.078125    0.041016    0.029297      0.1416      0.1875     0.16016     0.14453     0.13867     0.16406     0.11328    0.076172
N_members:           25          26          27          28          30          31          32          33          34          35          36          37
Count    :     0.070312    0.033203    0.017578   0.0019531   0.0058594   0.0097656    0.019531   0.0058594   0.0097656    0.022461    0.013672   0.0039062
N_members:           39          40          41          42          43
Count    :    0.0058594   0.0058594   0.0039062   0.0039062   0.0019531

Time: 5  N_real(loc): 1000  N_real(glb): 1000  N_all(loc): 1000  N_all(glb): 1000  N_remove(glb): 0  N_escape(glb): 0
Energy:     Error/Total         Error     Error_cum         Total       Kinetic     Potential        Modify  Modify_group Modify_single      Error_PP  Error_PP_cum
Physic:    2.569902e-06 -0.0008402338 -0.0003316828     -326.9517      375.6179     -702.5696  7.834387e-08             0             0 -6.508002e-08 -3.017028e-07
Slowdown:  2.569902e-06 -0.0008402338 -0.0003316827     -326.9517      375.6179     -702.5696  7.833293e-08             0             0 -6.380338e-08  -3.03669e-07
Angular Momentum:  |L|err: -3.278695e-05  |L|err_cum: 0.0004358276  L: -10.9669   -48.08988    2.713131  |L|: 49.39909
C.M.: mass: 592.3055 pos: -0.02825417   0.004831584    0.005297588 vel: -0.03487705   -0.01058899    0.1016085
Tree step number: 1024
**** Wallclock time per step (local): [Min/Max]
 Total       PP_single   PP_cluster  PP_cross    Tree_NB     Tree_Force  Force_corr  Kick        FindCluster CreateGroup MPI_comm    Output      Status      Other      
   0.0012361  6.9529e-06  0.00023693           0   0.0001763  0.00072396  4.1285e-05  4.1785e-06   2.991e-05  1.6973e-05  7.5943e-07  4.8203e-07  4.7256e-09  1.6107e-06
   0.0012362   6.983e-06  0.00023699           0  0.00017516  0.00072006  4.1331e-05   4.208e-06  2.9947e-05  1.6988e-05  7.8885e-07  4.8214e-07  4.7549e-09  1.6942e-06
**** FDPS tree soft force time profile (local):
 Sample_ptcl Domain_deco Ex_ptcl     SetRootCell Make_LT     Make_LET    Make_GT     Make_Group  Make_I_list Calc_force  Write_back 
           0           0           0  3.9544e-06  0.00011147  1.5348e-05   9.358e-05  1.1847e-06  3.9228e-05   0.0003857  8.6066e-06
**** Tree neighbor time profile (local):
 Sample_ptcl Domain_deco Ex_ptcl     SetRootCell Make_LT     Make_LET    Make_GT     Make_Group  Make_I_list Calc_force  Write_back 
           0           0           0  1.7509e-06  4.9942e-05  8.4804e-06  4.0578e-05  2.1583e-07   1.139e-05  3.5174e-05  2.4929e-06
**** Number per step (global):
 PP_single   PP_cluster  PP_cross    Cluster     Cross       AR_step_sum
      896.69      103.31           0      30.175           0      8.8818
 AR_tsyn_sum Stab_Ngroup Iso_Ngroup  Form_Ngroup End_Ngroup  Modf_Ngroup Merg_Ngroup H4_step_sum H4_no_NB    Ep-Ep_sum   Ep-Sp_sum  
       2.998           0           0     0.12988    0.027344           0           0         607      5.9346  9.5429e+05       11128
**** Number of members in clusters (global):
N_members:            1           2           3           4           5           6           7           8           9          10          11          12
Count    :       896.69      23.986      3.0996      1.1533     0.47754      0.2666    0.042969    0.037109    0.046875   0.0078125     0.03125    0.025391
N_members:           27          28          29          30          31          32          33          34          35          36          37          38
Count    :     0.013672    0.044922    0.041016     0.05957    0.060547     0.12109    0.050781    0.066406    0.083008    0.052734    0.080078    0.035156
N_members:           39          40          41          42          43          44          45          46          47          48          49          50
Count    :     0.070312    0.041016    0.037109    0.037109    0.019531    0.019531    0.015625    0.021484   0.0019531   0.0019531    0.011719   0.0078125
N_members:           51          52
Count    :    0.0039062   0.0019531

Time: 6  N_real(loc): 1000  N_real(glb): 1000  N_all(loc): 1000  N_all(glb): 1000  N_remove(glb): 0  N_escape(glb): 0
Energy:     Error/Total         Error     Error_cum         Total       Kinetic     Potential        Modify  Modify_group Modify_single      Error_PP  Error_PP_cum
Physic:   -8.267198e-06   0.002702952    0.00237127      -326.949      373.8932     -700.8422  9.554147e-08             0             0  0.0003574165  0.0003571147
Slowdown: -8.267198e-06   0.002702952    0.00237127      -326.949      373.8932     -700.8422  9.553054e-08             0             0  0.0003574178  0.0003571141
Angular Momentum:  |L|err: 9.766591e-05  |L|err_cum: 0.0005334935  L: -10.96733   -48.0903    2.713239  |L|: 49.3996
C.M.: mass: 592.3055 pos: -0.01910672   0.03016079    0.06417254 vel: 0.01054494   0.03148205    0.05750648
Tree step number: 1024
**** Wallclock time per step (local): [Min/Max]
 Total       PP_single   PP_cluster  PP_cross    Tree_NB     Tree_Force  Force_corr  Kick        FindCluster CreateGroup MPI_comm    Output      Status      Other      
   0.0012887  7.0818e-06    0.000261           0  0.00018478  0.00074692  3.6393e-05  4.4559e-06  2.8636e-05  2.0041e-05  6.6848e-07  6.3632e-07  4.7842e-09  1.6341e-06
   0.0012887  7.1115e-06  0.00026104           0  0.00018354  0.00074273  3.6439e-05  4.4858e-06  2.8669e-05  2.0057e-05  6.9777e-07  6.3648e-07  4.8135e-09  1.6954e-06
**** FDPS tree soft force time profile (local):
 Sample_ptcl Domain_deco Ex_ptcl     SetRootCell Make_LT     Make_LET    Make_GT     Make_Group  Make_I_list Calc_force  Write_back 
           0           0           0  3.8382e-06  0.00011364  1.5681e-05  9.7636e-05    1.46e-06  4.0849e-05  0.00038715  9.1976e-06
**** Tree neighbor time profile (local):
 Sample_ptcl Domain_deco Ex_ptcl     SetRootCell Make_LT     Make_LET    Make_GT     Make_Group  Make_I_list Calc_force  Write_back 
           0           0           0  2.0169e-06  5.1112e-05  9.0681e-06  4.6195e-05  3.2573e-07  8.8792e-06  3.1564e-05  2.6864e-06
**** Number per step (global):
 PP_single   PP_cluster  PP_cross    Cluster     Cross       AR_step_sum
      903.77      96.231           0      27.771           0      11.048
 AR_tsyn_sum Stab_Ngroup Iso_Ngroup  Form_Ngroup End_Ngroup  Modf_Ngroup Merg_Ngroup H4_step_sum H4_no_NB    Ep-Ep_sum   Ep-Sp_sum  
      3.8965           0           0      0.1377    0.019531           0           0       587.7      1.1465  9.1516e+05       16618
**** Number of members in clusters (global):
N_members:            1           2           3           4           5           6           7           8           9          10          11          24
Count    :       903.77       20.83      3.8105      1.1006     0.72852     0.17285    0.023438    0.040039    0.052734   0.0058594   0.0058594    0.023438
N_members:           25          26          27          28          29          30          31          32          33          34          35          36
Count    :     0.015625    0.054688    0.029297    0.076172    0.033203    0.063477    0.066406    0.082031    0.089844     0.10547     0.11035    0.052734
N_members:           37          38          39          40          41          42          43          47          48
Count    :      0.03125    0.054688    0.044922    0.011719    0.013672    0.023438   0.0039062   0.0097656   0.0039062

Time: 7  N_real(loc): 1000  N_real(glb): 1000  N_all(loc): 1000  N_all(glb): 1000  N_remove(glb): 0  N_escape(glb): 0
Energy:     Error/Total         Error     Error_cum         Total       Kinetic     Potential        Modify  Modify_group Modify_single      Error_PP  Error_PP_cum
Physic:    1.417946e-06 -0.0004635968   0.001907673     -326.9495      308.6775      -635.627  1.079557e-07             0             0  2.378616e-07  0.0003573526
Slowdown:  1.417946e-06 -0.0004635968   0.001907673     -326.9495      308.6775      -635.627  1.079447e-07             0             0  2.378987e-07   0.000357352
Angular Momentum:  |L|err: -1.900996e-05  |L|err_cum: 0.0005144835  L: -10.96732   -48.09028    2.713162  |L|: 49.39958
C.M.: mass: 592.3055 pos: -0.01817238   0.03958945    0.06199803 vel: 0.01433798   -0.008535363    -0.02044003
Tree step number: 1024
**** Wallclock time per step (local): [Min/Max]
 Total       PP_single   PP_cluster  PP_cross    Tree_NB     Tree_Force  Force_corr  Kick        FindCluster CreateGroup MPI_comm    Output      Status      Other      
   0.0011766  6.9865e-06  0.00023403           0  0.00016356  0.00068777  3.8979e-05  4.0556e-06  2.8134e-05  1.3252e-05  6.3449e-07  4.9957e-07   4.833e-09  1.7271e-06
   0.0011766  7.0177e-06  0.00023407           0  0.00016239  0.00068365  3.9025e-05  4.0856e-06  2.8169e-05  1.3267e-05  6.6389e-07  4.9969e-07  4.8623e-09  1.7863e-06
**** FDPS tree soft force time profile (local):
 Sample_ptcl Domain_deco Ex_ptcl     SetRootCell Make_LT     Make_LET    Make_GT     Make_Group  Make_I_list Calc_force  Write_back 
           0           0           0  3.5437e-06  0.00011163  1.5702e-05  8.6133e-05  1.2346e-06  3.2054e-05  0.00038468  9.0001e-06
**** Tree neighbor time profile (local):
 Sample_ptcl Domain_deco Ex_ptcl     SetRootCell Make_LT     Make_LET    Make_GT     Make_Group  Make_I_list Calc_force  Write_back 
           0           0           0  2.2396e-06  5.0438e-05  8.9365e-06  3.7926e-05   2.263e-07  9.5741e-06  3.8391e-05  2.5575e-06
**** Number per step (global):
 PP_single   PP_cluster  PP_cross    Cluster     Cross       AR_step_sum
      908.33      91.674           0      26.907           0      3.6494
 AR_tsyn_sum Stab_Ngroup Iso_Ngroup  Form_Ngroup End_Ngroup  Modf_Ngroup Merg_Ngroup H4_step_sum H4_no_NB    Ep-Ep_sum   Ep-Sp_sum  
      1.3457           0           0    0.051758    0.012695           0           0      567.78      3.8203  9.4549e+05      8700.1
**** Number of members in clusters (global):
N_members:            1           2           3           4           5           6           7           8          26          27          28          29
Count    :       908.33      21.971      2.7676      0.7998     0.27832    0.060547    0.029297  0.00097656   0.0019531   0.0058594    0.023438    0.072266
N_members:           30          31          32          33          34          35          36          37          38          39          40          41
Count    :      0.10156       0.125     0.10059    0.072266    0.072266    0.071289    0.054688    0.039062    0.074219    0.048828    0.041016    0.037109
N_members:           42          43          44          45
Count    :     0.021484    0.021484   0.0058594   0.0097656

Time: 8  N_real(loc): 1000  N_real(glb): 1000  N_all(loc): 1000  N_all(glb): 1000  N_remove(glb): 0  N_escape(glb): 0
Energy:     Error/Total         Error     Error_cum         Total       Kinetic     Potential        Modify  Modify_group Modify_single      Error_PP  Error_PP_cum
Physic:   -2.146097e-05   0.007016502   0.008924175     -326.9425      330.3351     -657.2776  3.219361e-07             0             0 -2.016257e-06  0.0003553364
Slowdown: -2.146097e-05   0.007016502   0.008924175     -326.9425      330.3351     -657.2776  3.219252e-07             0             0 -2.016256e-06  0.0003553358
Angular Momentum:  |L|err: 0.0001806748  |L|err_cum: 0.0006951583  L: -10.96744   -48.09043    2.71333  |L|: 49.39976
C.M.: mass: 592.3055 pos: 0.01554526   0.05803801    0.08754566 vel: 0.002119455   0.02170554    0.001461947
Tree step number: 1024
**** Wallclock time per step (local): [Min/Max]
 Total       PP_single   PP_cluster  PP_cross    Tree_NB     Tree_Force  Force_corr  Kick        FindCluster CreateGroup MPI_comm    Output      Status      Other      
   0.0011499  6.8816e-06  0.00023517           0  0.00015617  0.00067109  3.8288e-05  4.3177e-06  2.6097e-05  1.2627e-05   6.027e-07  5.6685e-07  5.0771e-09  1.5643e-06
   0.0011499  6.9113e-06  0.00023521           0  0.00015496  0.00066703  3.8335e-05  4.3478e-06  2.6131e-05  1.2643e-05  6.3192e-07  5.6701e-07  5.1064e-09  1.6234e-06
**** FDPS tree soft force time profile (local):
 Sample_ptcl Domain_deco Ex_ptcl     SetRootCell Make_LT     Make_LET    Make_GT     Make_Group  Make_I_list Calc_force  Write_back 
           0           0           0  3.7004e-06  0.00011164  1.6133e-05  8.8034e-05  1.4036e-06  3.5717e-05  0.00036296  8.8677e-06
**** Tree neighbor time profile (local):
 Sample_ptcl Domain_deco Ex_ptcl     SetRootCell Make_LT     Make_LET    Make_GT     Make_Group  Make_I_list Calc_force  Write_back 
           0           0           0   1.849e-06  5.0893e-05  8.6713e-06  3.7611e-05  3.0778e-07  8.0467e-06  3.2915e-05  2.6335e-06
**** Number per step (global):
 PP_single   PP_cluster  PP_cross    Cluster     Cross       AR_step_sum
      923.78      76.222           0      19.506           0      4.4922
 AR_tsyn_sum Stab_Ngroup Iso_Ngroup  Form_Ngroup End_Ngroup  Modf_Ngroup Merg_Ngroup H4_step_sum H4_no_NB    Ep-Ep_sum   Ep-Sp_sum  
       1.498           0           0    0.070312    0.014648           0           0      474.62      2.6689  9.0447e+05       17972
**** Number of members in clusters (global):
N_members:            1           2           3           4           5           6           7           8          17          18          20          21
Count    :       923.78      15.401      2.0586     0.58594     0.25879    0.078125    0.099609    0.023438    0.015625   0.0039062   0.0068359   0.0039062
N_members:           22          24          25          26          27          28          29          30          31          32          33          34
Count    :    0.0039062    0.015625   0.0097656     0.03125    0.046875    0.029297    0.041016    0.058594    0.027344    0.040039    0.044922    0.089844
N_members:           35          36          37          38          39          40          41          42          43          44          45          46
Count    :      0.12109    0.060547    0.048828    0.066406    0.060547    0.044922     0.03125    0.029297    0.017578    0.011719    0.015625    0.013672
N_members:           47
Count    :    0.0097656

Time: 9  N_real(loc): 1000  N_real(glb): 1000  N_all(loc): 1000  N_all(glb): 1000  N_remove(glb): 0  N_escape(glb): 0
Energy:     Error/Total         Error     Error_cum         Total       Kinetic     Potential        Modify  Modify_group Modify_single      Error_PP  Error_PP_cum
Physic:      1.2915e-05  -0.004222515    0.00470166     -326.9467      388.5046     -715.4512  3.556968e-07             0             0 -3.562989e-07  0.0003549801
Slowdown:    1.2915e-05  -0.004222515    0.00470166     -326.9467      388.5046     -715.4512   3.55686e-07             0             0 -3.564862e-07  0.0003549793
Angular Momentum:  |L|err: 0.0001454703  |L|err_cum: 0.0008406285  L: -10.9675   -48.09057    2.713353  |L|: 49.39991
C.M.: mass: 592.3055 pos: 0.02397759   0.0728718    0.09204538 vel: 0.05447519   -0.005005209    -0.001607844
Tree step number: 1024
**** Wallclock time per step (local): [Min/Max]
 Total       PP_single   PP_cluster  PP_cross    Tree_NB     Tree_Force  Force_corr  Kick        FindCluster CreateGroup MPI_comm    Output      Status      Other      
   0.0010456  6.7363e-06  0.00026556           0  0.00014198  0.00054775  3.8418e-05  4.5338e-06  2.7991e-05  1.2767e-05  6.4404e-07  5.1535e-07  4.7744e-09  1.8386e-06
   0.0010456   6.766e-06  0.00026561           0  0.00014085  0.00054385  3.8464e-05  4.5634e-06  2.8025e-05  1.2783e-05  6.7317e-07  5.1549e-07  4.8037e-09  1.8978e-06
**** FDPS tree soft force time profile (local):
 Sample_ptcl Domain_deco Ex_ptcl     SetRootCell Make_LT     Make_LET    Make_GT     Make_Group  Make_I_list Calc_force  Write_back 
           0           0           0  3.3249e-06  0.00011403   1.494e-05  8.5397e-05  1.5746e-06  4.6921e-05  0.00023172  8.5278e-06
**** Tree neighbor time profile (local):
 Sample_ptcl Domain_deco Ex_ptcl     SetRootCell Make_LT     Make_LET    Make_GT     Make_Group  Make_I_list Calc_force  Write_back 
           0           0           0  2.2822e-06   5.025e-05  8.4388e-06  3.7247e-05  3.7427e-07  1.0981e-05  1.6075e-05  2.5055e-06
**** Number per step (global):
 PP_single   PP_cluster  PP_cross    Cluster     Cross       AR_step_sum
      922.38      77.623           0      20.809           0      11.875
 AR_tsyn_sum Stab_Ngroup Iso_Ngroup  Form_Ngroup End_Ngroup  Modf_Ngroup Merg_Ngroup H4_step_sum H4_no_NB    Ep-Ep_sum   Ep-Sp_sum  
      4.0635           0           0       0.125    0.021484           0           0      501.27      1.6904  8.8179e+05       22535
**** Number of members in clusters (global):
N_members:            1           2           3           4           5           6           7          18          19          20          22          23
Count    :       922.38      17.008       1.998     0.38184      0.3291    0.080078    0.011719   0.0097656   0.0058594   0.0029297   0.0097656    0.017578
N_members:           24          25          26          27          29          30          31          32          33          34          35          36
Count    :     0.029297    0.023438      0.0625    0.015625   0.0058594    0.054688     0.03125      0.0625    0.072266    0.087891    0.076172    0.064453
N_members:           37          38          39          40          41          42          43          44
Count    :     0.085938    0.083984    0.070312    0.039062    0.032227    0.019531    0.011719    0.025391

Time: 10  N_real(loc): 1000  N_real(glb): 1000  N_all(loc): 1000  N_all(glb): 1000  N_remove(glb): 0  N_escape(glb): 0
Energy:     Error/Total         Error     Error_cum         Total       Kinetic     Potential        Modify  Modify_group Modify_single      Error_PP  Error_PP_cum
Physic:   -9.411325e-06   0.003076973   0.007778633     -326.9436      379.4664       -706.41  3.285247e-07             0             0 -1.213261e-06  0.0003537668
Slowdown: -9.411325e-06   0.003076973   0.007778633     -326.9436      379.4664       -706.41  3.285141e-07             0             0 -1.213212e-06  0.0003537661
Angular Momentum:  |L|err: -7.74728e-05  |L|err_cum: 0.0007631557  L: -10.96753   -48.09044    2.713459  |L|: 49.3998
C.M.: mass: 592.3055 pos: 0.05069384   0.06280894    0.1222419 vel: 0.01830455   0.02969308    0.01165777
Tree step number: 1024
**** Wallclock time per step (local): [Min/Max]
 Total       PP_single   PP_cluster  PP_cross    Tree_NB     Tree_Force  Force_corr  Kick        FindCluster CreateGroup MPI_comm    Output      Status      Other      
   0.0010538  6.4751e-06  0.00028811           0   0.0001418  0.00053766  3.7813e-05  4.0356e-06  2.5719e-05  1.2632e-05  6.3884e-07  5.8995e-07   4.873e-09  1.6251e-06
   0.0010538  6.5046e-06  0.00028816           0  0.00014044  0.00053396  3.7859e-05  4.0651e-06  2.5754e-05  1.2649e-05  6.6795e-07  5.9006e-07  4.9023e-09  1.6843e-06
**** FDPS tree soft force time profile (local):
 Sample_ptcl Domain_deco Ex_ptcl     SetRootCell Make_LT     Make_LET    Make_GT     Make_Group  Make_I_list Calc_force  Write_back 
           0           0           0  3.3766e-06  0.00011058  1.5111e-05  8.6889e-05  1.6343e-06  4.4916e-05  0.00022578   8.118e-06
**** Tree neighbor time profile (local):
 Sample_ptcl Domain_deco Ex_ptcl     SetRootCell Make_LT     Make_LET    Make_GT     Make_Group  Make_I_list Calc_force  Write_back 
           0           0           0  1.9886e-06  5.0856e-05  8.7353e-06  3.6354e-05  3.7199e-07  1.1394e-05  1.5229e-05  2.9368e-06
**** Number per step (global):
 PP_single   PP_cluster  PP_cross    Cluster     Cross       AR_step_sum
      925.25      74.752           0      19.642           0      11.562
 AR_tsyn_sum Stab_Ngroup Iso_Ngroup  Form_Ngroup End_Ngroup  Modf_Ngroup Merg_Ngroup H4_step_sum H4_no_NB    Ep-Ep_sum   Ep-Sp_sum  
      3.8037           0           0     0.11035    0.012695           0           0      482.17      1.4766  8.8827e+05       19414
**** Number of members in clusters (global):
N_members:            1           2           3           4           5           6           7           9          24          25          26          27
Count    :       925.25      15.868      1.8027     0.54688     0.23633     0.17773   0.0078125   0.0019531   0.0058594    0.037109    0.070312     0.03125
N_members:           28          29          30          31          32          33          34          35          36          37          38          39
Count    :     0.076172    0.035156      0.0625     0.09375    0.054688    0.079102    0.076172    0.042969    0.076172    0.054688    0.056641    0.029297
N_members:           40          41          42          43          44          45
Count    :     0.025391    0.047852    0.017578   0.0097656    0.015625   0.0019531

Time: 11  N_real(loc): 1000  N_real(glb): 1000  N_all(loc): 1000  N_all(glb): 1000  N_remove(glb): 0  N_escape(glb): 0
Energy:     Error/Total         Error     Error_cum         Total       Kinetic     Potential        Modify  Modify_group Modify_single      Error_PP  Error_PP_cum
Physic:    6.031238e-07 -0.0001971876   0.007581445     -326.9438      318.4663     -645.4101  3.524006e-07             0             0 -9.230796e-08  0.0003536745
Slowdown:  6.031238e-07 -0.0001971876   0.007581445     -326.9438      318.4663     -645.4101  3.523886e-07             0             0 -9.115342e-08  0.0003536749
Angular Momentum:  |L|err: 0.0001532623  |L|err_cum: 0.000916418  L: -10.96743   -48.0906    2.713537  |L|: 49.39994
C.M.: mass: 592.3055 pos: 0.02030198   0.07813476    0.1284167 vel: -0.08755991   -0.01537244    0.01142421
Tree step number: 1024
**** Wallclock time per step (local): [Min/Max]
 Total       PP_single   PP_cluster  PP_cross    Tree_NB     Tree_Force  Force_corr  Kick        FindCluster CreateGroup MPI_comm    Output      Status      Other      
  0.00096624  7.0829e-06  0.00015419           0  0.00014706  0.00060379   1.928e-05  3.9971e-06  1.9527e-05   1.221e-05  6.8893e-07  5.3899e-07  4.7949e-09  1.4514e-06
  0.00096627  7.1128e-06  0.00015423           0  0.00014589  0.00059937  1.9326e-05  4.0269e-06   1.956e-05  1.2225e-05  7.1818e-07  5.3911e-07  4.8242e-09  1.5101e-06
**** FDPS tree soft force time profile (local):
 Sample_ptcl Domain_deco Ex_ptcl     SetRootCell Make_LT     Make_LET    Make_GT     Make_Group  Make_I_list Calc_force  Write_back 
           0           0           0  3.7151e-06  0.00011393  1.4902e-05  8.6805e-05  1.5492e-06  4.4003e-05  0.00028892  9.6516e-06
**** Tree neighbor time profile (local):
 Sample_ptcl Domain_deco Ex_ptcl     SetRootCell Make_LT     Make_LET    Make_GT     Make_Group  Make_I_list Calc_force  Write_back 
           0           0           0  1.7577e-06  5.1408e-05  8.1071e-06  3.6936e-05  3.5974e-07  1.0555e-05  2.2959e-05  2.5521e-06
**** Number per step (global):
 PP_single   PP_cluster  PP_cross    Cluster     Cross       AR_step_sum
      941.15      58.849           0      18.457           0      4.1064
 AR_tsyn_sum Stab_Ngroup Iso_Ngroup  Form_Ngroup End_Ngroup  Modf_Ngroup Merg_Ngroup H4_step_sum H4_no_NB    Ep-Ep_sum   Ep-Sp_sum  
      1.3438           0           0    0.056641   0.0097656           0           0       356.5     0.29688  8.9604e+05       18803
**** Number of members in clusters (global):
N_members:            1           2           3           4           5           7           8           9          16          17          18          19
Count    :       941.15      15.862      1.4268    0.095703      0.0625   0.0019531   0.0058594   0.0019531    0.023438    0.074219    0.083984     0.12988
N_members:           20          21          22          23          24          25          26          27          28          29          30          31
Count    :      0.11328    0.097656    0.072266      0.0625    0.091797    0.052734    0.041016    0.041016    0.039062    0.035156    0.013672    0.019531
N_members:           32          33
Count    :    0.0039062   0.0048828

Time: 12  N_real(loc): 1000  N_real(glb): 1000  N_all(loc): 1000  N_all(glb): 1000  N_remove(glb): 0  N_escape(glb): 0
Energy:     Error/Total         Error     Error_cum         Total       Kinetic     Potential        Modify  Modify_group Modify_single      Error_PP  Error_PP_cum
Physic:    4.815621e-06  -0.001574445      0.006007     -326.9454      371.5079     -698.4532  3.776117e-07             0             0 -5.574977e-07   0.000353117
Slowdown:  4.815621e-06  -0.001574445      0.006007     -326.9454      371.5079     -698.4532  3.775997e-07             0             0 -5.576795e-07  0.0003531173
Angular Momentum:  |L|err: 6.496067e-05  |L|err_cum: 0.0009813787  L: -10.96729   -48.09067    2.713551  |L|: 49.39997
C.M.: mass: 592.3055 pos: -0.01333332   0.1098123    0.1399896 vel: 0.00720906   0.02343638    0.0532681
Tree step number: 1024
**** Wallclock time per step (local): [Min/Max]
 Total       PP_single   PP_cluster  PP_cross    Tree_NB     Tree_Force  Force_corr  Kick        FindCluster CreateGroup MPI_comm    Output      Status      Other      
   0.0010595  7.0704e-06  0.00017258           0  0.00015406  0.00067165  1.7688e-05  4.1154e-06  2.0095e-05  1.2676e-05  6.0235e-07  6.4877e-07  5.4014e-09  1.5147e-06
   0.0010595  7.1005e-06  0.00017262           0  0.00015295  0.00066754  1.7733e-05  4.1457e-06  2.0128e-05  1.2692e-05  6.3188e-07  6.4889e-07  5.4307e-09   1.575e-06
**** FDPS tree soft force time profile (local):
 Sample_ptcl Domain_deco Ex_ptcl     SetRootCell Make_LT     Make_LET    Make_GT     Make_Group  Make_I_list Calc_force  Write_back 
           0           0           0  4.0647e-06  0.00011375  1.5721e-05  8.7618e-05  1.5773e-06  4.3482e-05  0.00035497  8.9766e-06
**** Tree neighbor time profile (local):
 Sample_ptcl Domain_deco Ex_ptcl     SetRootCell Make_LT     Make_LET    Make_GT     Make_Group  Make_I_list Calc_force  Write_back 
           0           0           0  2.2676e-06  5.0659e-05  8.3746e-06  3.7474e-05  3.7603e-07   9.813e-06  2.8574e-05  2.4556e-06
**** Number per step (global):
 PP_single   PP_cluster  PP_cross    Cluster     Cross       AR_step_sum
      939.82      60.185           0      18.521           0      11.725
 AR_tsyn_sum Stab_Ngroup Iso_Ngroup  Form_Ngroup End_Ngroup  Modf_Ngroup Merg_Ngroup H4_step_sum H4_no_NB    Ep-Ep_sum   Ep-Sp_sum  
      3.8457           0           0     0.16113    0.025391           0           0      363.95     0.45117  8.9107e+05       19955
**** Number of members in clusters (global):
N_members:            1           2           3           4           5           6           7           8           9          13          14          15
Count    :       939.82      14.807       1.874     0.45215     0.12695     0.14062    0.033203    0.033203    0.054688    0.021484    0.011719    0.026367
N_members:           16          17          18          19          20          21          22          23          24          25          26          27
Count    :     0.068359     0.13281     0.09375     0.05957    0.072266     0.10156    0.095703      0.0625    0.060547    0.095703    0.029297    0.015625
N_members:           28          29          30          31
Count    :     0.027344    0.017578   0.0058594   0.0019531

Time: 13  N_real(loc): 1000  N_real(glb): 1000  N_all(loc): 1000  N_all(glb): 1000  N_remove(glb): 0  N_escape(glb): 0
Energy:     Error/Total         Error     Error_cum         Total       Kinetic     Potential        Modify  Modify_group Modify_single      Error_PP  Error_PP_cum
Physic:    7.542282e-05     -0.024661     -0.018654       -326.97      356.1688     -683.1388  4.167481e-07             0             0 -2.962939e-07  0.0003528207
Slowdown:  7.542282e-05     -0.024661     -0.018654       -326.97      356.1688     -683.1388  4.167361e-07             0             0 -2.963009e-07   0.000352821
Angular Momentum:  |L|err: 0.0001008393  |L|err_cum: 0.001082218  L: -10.96728   -48.09077    2.713567  |L|: 49.40007
C.M.: mass: 592.3055 pos: -0.003837731   0.1412126    0.1799721 vel: 0.02422501   0.03127618    0.06961621
Tree step number: 1024
**** Wallclock time per step (local): [Min/Max]
 Total       PP_single   PP_cluster  PP_cross    Tree_NB     Tree_Force  Force_corr  Kick        FindCluster CreateGroup MPI_comm    Output      Status      Other      
   0.0010157  7.1604e-06  0.00013758           0  0.00015724  0.00066978  1.1241e-05  3.7649e-06  1.7166e-05  1.2419e-05  6.0864e-07  4.9659e-07  5.0781e-09  1.5253e-06
   0.0010158  7.1905e-06  0.00013762           0  0.00015605  0.00066576  1.1286e-05  3.7949e-06  1.7198e-05  1.2436e-05  6.3812e-07  4.9669e-07  5.1074e-09  1.5849e-06
**** FDPS tree soft force time profile (local):
 Sample_ptcl Domain_deco Ex_ptcl     SetRootCell Make_LT     Make_LET    Make_GT     Make_Group  Make_I_list Calc_force  Write_back 
           0           0           0  3.6498e-06  0.00011097    1.55e-05  8.7368e-05  1.2874e-06  3.4348e-05  0.00036775   8.793e-06
**** Tree neighbor time profile (local):
 Sample_ptcl Domain_deco Ex_ptcl     SetRootCell Make_LT     Make_LET    Make_GT     Make_Group  Make_I_list Calc_force  Write_back 
           0           0           0  1.7487e-06  4.9856e-05    8.77e-06  3.7129e-05  2.8807e-07  9.7046e-06  3.3825e-05  2.5699e-06
**** Number per step (global):
 PP_single   PP_cluster  PP_cross    Cluster     Cross       AR_step_sum
      948.98       51.02           0      17.545           0      13.551
 AR_tsyn_sum Stab_Ngroup Iso_Ngroup  Form_Ngroup End_Ngroup  Modf_Ngroup Merg_Ngroup H4_step_sum H4_no_NB    Ep-Ep_sum   Ep-Sp_sum  
      4.5449           0           0     0.14062    0.024414           0           0      303.53     0.30078  9.3436e+05       11336
**** Number of members in clusters (global):
N_members:            1           2           3           4           5           6           8           9          10          11          12          13
Count    :       948.98      14.275      1.5811     0.39746     0.24414    0.046875   0.0019531    0.015625    0.015625     0.12109     0.15332    0.078125
N_members:           14          15          16          17          18          19          20          21          22          23
Count    :      0.11328    0.051758      0.1543     0.12109     0.10156    0.042969    0.021484   0.0039062   0.0019531   0.0019531

Time: 14  N_real(loc): 1000  N_real(glb): 1000  N_all(loc): 1000  N_all(glb): 1000  N_remove(glb): 0  N_escape(glb): 0
Energy:     Error/Total         Error     Error_cum         Total       Kinetic     Potential        Modify  Modify_group Modify_single      Error_PP  Error_PP_cum
Physic:    4.854375e-05   -0.01587312   -0.03452712     -326.9859      340.5712     -667.5571  4.130762e-07             0             0 -9.725333e-07  0.0003518482
Slowdown:  4.854375e-05   -0.01587312   -0.03452712     -326.9859      340.5712     -667.5571  4.130642e-07             0             0 -9.727824e-07  0.0003518482
Angular Momentum:  |L|err: 3.13355e-05  |L|err_cum: 0.001113553  L: -10.96723   -48.09081    2.713564  |L|: 49.40009
C.M.: mass: 592.3055 pos: 0.03437147   0.1831891    0.2326828 vel: 0.0481187   0.00810591    0.04087758
Tree step number: 1024
**** Wallclock time per step (local): [Min/Max]
 Total       PP_single   PP_cluster  PP_cross    Tree_NB     Tree_Force  Force_corr  Kick        FindCluster CreateGroup MPI_comm    Output      Status      Other      
   0.0010321   7.074e-06  0.00016824           0  0.00015358  0.00065777  1.3809e-05  3.7921e-06   1.738e-05   1.162e-05  7.0563e-07  5.0704e-07  4.6865e-09  1.5237e-06
   0.0010321  7.1039e-06  0.00016827           0  0.00015244  0.00065334  1.3854e-05  3.8214e-06  1.7412e-05  1.1636e-05  7.3461e-07  5.0715e-07  4.7158e-09   1.584e-06
**** FDPS tree soft force time profile (local):
 Sample_ptcl Domain_deco Ex_ptcl     SetRootCell Make_LT     Make_LET    Make_GT     Make_Group  Make_I_list Calc_force  Write_back 
           0           0           0  3.8253e-06  0.00010946   1.467e-05  8.5086e-05   1.176e-06  3.0267e-05  0.00036324  9.6219e-06
**** Tree neighbor time profile (local):
 Sample_ptcl Domain_deco Ex_ptcl     SetRootCell Make_LT     Make_LET    Make_GT     Make_Group  Make_I_list Calc_force  Write_back 
           0           0           0  1.9053e-06  4.9668e-05  8.1933e-06  3.6418e-05  2.2294e-07  9.1735e-06  3.1688e-05  2.4746e-06
**** Number per step (global):
 PP_single   PP_cluster  PP_cross    Cluster     Cross       AR_step_sum
      952.96      47.037           0      14.528           0      18.752
 AR_tsyn_sum Stab_Ngroup Iso_Ngroup  Form_Ngroup End_Ngroup  Modf_Ngroup Merg_Ngroup H4_step_sum H4_no_NB    Ep-Ep_sum   Ep-Sp_sum  
      6.3672           0           0     0.20703    0.035156           0           0      291.16     0.35449  9.4602e+05      8747.6
**** Number of members in clusters (global):
N_members:            1           2           3           4           5           6          10          11          12          13          14          15
Count    :       952.96      11.521      1.4814      0.4375    0.029297    0.058594    0.017578    0.056641    0.098633    0.094727    0.089844    0.072266
N_members:           16          17          18          19          20          21          22          23          24          25          26          28
Count    :     0.074219      0.0625    0.066406    0.070312    0.037109    0.048828    0.064453    0.033203    0.025391    0.027344    0.011719    0.013672
N_members:           29          30
Count    :     0.019531    0.015625

Time: 15  N_real(loc): 1000  N_real(glb): 1000  N_all(loc): 1000  N_all(glb): 1000  N_remove(glb): 0  N_escape(glb): 0
Energy:     Error/Total         Error     Error_cum         Total       Kinetic     Potential        Modify  Modify_group Modify_single      Error_PP  Error_PP_cum
Physic:    7.071004e-05   -0.02312282   -0.05764995      -327.009       287.623      -614.632  4.802625e-07             0             0  1.013392e-06  0.0003528616
Slowdown:  7.071004e-05   -0.02312282   -0.05764995      -327.009       287.623      -614.632    4.8025e-07             0             0  1.013463e-06  0.0003528616
Angular Momentum:  |L|err: -1.099856e-06  |L|err_cum: 0.001112454  L: -10.96716   -48.09081    2.713535  |L|: 49.40008
C.M.: mass: 592.3055 pos: 0.05052061   0.1854799    0.257986 vel: 0.007073269   0.01237545    0.01206436
Tree step number: 1024
**** Wallclock time per step (local): [Min/Max]
 Total       PP_single   PP_cluster  PP_cross    Tree_NB     Tree_Force  Force_corr  Kick        FindCluster CreateGroup MPI_comm    Output      Status      Other      
  0.00098462  7.0541e-06  0.00015096           0  0.00014855  0.00063605   1.154e-05   3.608e-06  1.6171e-05  1.1034e-05  6.7252e-07  4.9502e-07  4.7461e-09  1.5047e-06
  0.00098466  7.0844e-06    0.000151           0  0.00014743  0.00063229  1.1584e-05  3.6376e-06  1.6203e-05  1.1049e-05  7.0183e-07  4.9514e-07  4.7754e-09  1.5656e-06
**** FDPS tree soft force time profile (local):
 Sample_ptcl Domain_deco Ex_ptcl     SetRootCell Make_LT     Make_LET    Make_GT     Make_Group  Make_I_list Calc_force  Write_back 
           0           0           0  3.9573e-06  0.00011266  1.5132e-05  8.5931e-05  1.5426e-06  2.8273e-05  0.00034259  8.2675e-06
**** Tree neighbor time profile (local):
 Sample_ptcl Domain_deco Ex_ptcl     SetRootCell Make_LT     Make_LET    Make_GT     Make_Group  Make_I_list Calc_force  Write_back 
           0           0           0  1.9914e-06  5.0628e-05  8.2371e-06  3.7633e-05  4.9514e-07  7.4439e-06  2.8007e-05  2.4491e-06
**** Number per step (global):
 PP_single   PP_cluster  PP_cross    Cluster     Cross       AR_step_sum
      959.89      40.111           0      12.352           0      17.447
 AR_tsyn_sum Stab_Ngroup Iso_Ngroup  Form_Ngroup End_Ngroup  Modf_Ngroup Merg_Ngroup H4_step_sum H4_no_NB    Ep-Ep_sum   Ep-Sp_sum  
      5.9102           0           0     0.16504    0.026367           0           0      243.92     0.53516  9.2915e+05       11573
**** Number of members in clusters (global):
N_members:            1           2           3           4           9          10          11          12          13          14          15          16
Count    :       959.89      9.9072      1.0547     0.38965    0.021484   0.0058594   0.0039062    0.048828    0.061523     0.21484     0.15918     0.11328
N_members:           17          18          19          20          21          22
Count    :      0.16406     0.12695    0.019531    0.042969   0.0058594    0.011719

Time: 16  N_real(loc): 1000  N_real(glb): 1000  N_all(loc): 1000  N_all(glb): 1000  N_remove(glb): 0  N_escape(glb): 0
Energy:     Error/Total         Error     Error_cum         Total       Kinetic     Potential        Modify  Modify_group Modify_single      Error_PP  Error_PP_cum
Physic:   -0.0002287679    0.07479206    0.01714211     -326.9342      295.1782     -622.1124  4.034515e-07             0             0  3.015344e-05   0.000383015
Slowdown: -0.0002287679    0.07479206    0.01714211     -326.9342      295.1782     -622.1124  4.034489e-07             0             0  3.015338e-05   0.000383015
Angular Momentum:  |L|err: 5.834472e-05  |L|err_cum: 0.001170798  L: -10.96711   -48.09086    2.713534  |L|: 49.40012
C.M.: mass: 592.3055 pos: 0.06616365   0.2035884    0.3089874 vel: 0.01153365   0.02727073    0.05015421
Tree step number: 1024
**** Wallclock time per step (local): [Min/Max]
 Total       PP_single   PP_cluster  PP_cross    Tree_NB     Tree_Force  Force_corr  Kick        FindCluster CreateGroup MPI_comm    Output      Status      Other      
   0.0011052  7.3058e-06  0.00020479           0   0.0001544  0.00068598  1.5167e-05  3.7703e-06   2.172e-05  1.2172e-05   6.241e-07  4.7118e-07  4.7061e-09   1.966e-06
   0.0011053  7.3362e-06  0.00020483           0   0.0001532  0.00068184  1.5212e-05     3.8e-06  2.1753e-05  1.2188e-05  6.5369e-07  4.7128e-07  4.7354e-09   2.027e-06
**** FDPS tree soft force time profile (local):
 Sample_ptcl Domain_deco Ex_ptcl     SetRootCell Make_LT     Make_LET    Make_GT     Make_Group  Make_I_list Calc_force  Write_back 
           0           0           0  3.8352e-06  0.00011455   1.563e-05  8.8237e-05  1.3885e-06  3.0468e-05  0.00038282    9.11e-06
**** Tree neighbor time profile (local):
 Sample_ptcl Domain_deco Ex_ptcl     SetRootCell Make_LT     Make_LET    Make_GT     Make_Group  Make_I_list Calc_force  Write_back 
           0           0           0  1.7901e-06  5.0845e-05  8.4046e-06  3.8528e-05  2.9967e-07  7.3397e-06  3.2051e-05  2.6081e-06
**** Number per step (global):
 PP_single   PP_cluster  PP_cross    Cluster     Cross       AR_step_sum
      952.58       47.42           0      14.067           0      20.753
 AR_tsyn_sum Stab_Ngroup Iso_Ngroup  Form_Ngroup End_Ngroup  Modf_Ngroup Merg_Ngroup H4_step_sum H4_no_NB    Ep-Ep_sum   Ep-Sp_sum  
      7.2256           0           0      0.1582    0.027344           0           0      313.45     0.64648   9.129e+05       12344
**** Number of members in clusters (global):
N_members:            1           2           3           4           5           6          10          11          12          13          14          15
Count    :       952.58      10.913      1.5166     0.44043     0.17969    0.017578   0.0097656   0.0019531    0.014648    0.070312    0.089844     0.09668
N_members:           16          17          18          19          20          21          22          23          24          25          26          27
Count    :     0.080078    0.087891    0.078125    0.078125     0.09375    0.080078    0.072266    0.041016    0.066406    0.023438   0.0058594   0.0039062
N_members:           28          30
Count    :    0.0039062   0.0019531

Time: 17  N_real(loc): 1000  N_real(glb): 1000  N_all(loc): 1000  N_all(glb): 1000  N_remove(glb): 0  N_escape(glb): 0
Energy:     Error/Total         Error     Error_cum         Total       Kinetic     Potential        Modify  Modify_group Modify_single      Error_PP  Error_PP_cum
Physic:   -0.0002026148    0.06622831    0.08337042      -326.868      448.9135     -775.7816  4.954533e-07             0             0 -3.372611e-06  0.0003796424
Slowdown: -0.0002026148    0.06622831    0.08337042      -326.868      448.9135     -775.7816  4.954506e-07             0             0 -3.371936e-06  0.0003796431
Angular Momentum:  |L|err: -3.668323e-05  |L|err_cum: 0.001134115  L: -10.96716   -48.09084    2.713516  |L|: 49.4001
C.M.: mass: 592.3055 pos: 0.05323631   0.1983313    0.3666703 vel: 0.005880874   -0.06527807    0.08020844
Tree step number: 1024
**** Wallclock time per step (local): [Min/Max]
 Total       PP_single   PP_cluster  PP_cross    Tree_NB     Tree_Force  Force_corr  Kick        FindCluster CreateGroup MPI_comm    Output      Status      Other      
    0.001022  7.1279e-06  0.00016229           0  0.00015154  0.00065153  1.7306e-05  3.8862e-06  1.7249e-05  1.1667e-05  7.9214e-07   4.985e-07  4.7949e-09  1.5123e-06
    0.001022  7.1581e-06  0.00016233           0   0.0001504  0.00064747  1.7351e-05   3.916e-06  1.7281e-05  1.1683e-05  8.2139e-07  4.9869e-07  4.8242e-09  1.5717e-06
**** FDPS tree soft force time profile (local):
 Sample_ptcl Domain_deco Ex_ptcl     SetRootCell Make_LT     Make_LET    Make_GT     Make_Group  Make_I_list Calc_force  Write_back 
           0           0           0  3.9252e-06  0.00011425  1.5273e-05  8.8411e-05  1.4408e-06  3.6634e-05  0.00034381  8.8743e-06
**** Tree neighbor time profile (local):
 Sample_ptcl Domain_deco Ex_ptcl     SetRootCell Make_LT     Make_LET    Make_GT     Make_Group  Make_I_list Calc_force  Write_back 
           0           0           0  1.7268e-06  5.0347e-05  8.5276e-06   3.764e-05  3.5554e-07  9.1082e-06  2.9008e-05  2.4907e-06
**** Number per step (global):
 PP_single   PP_cluster  PP_cross    Cluster     Cross       AR_step_sum
      954.09      45.907           0      12.792           0      11.977
 AR_tsyn_sum Stab_Ngroup Iso_Ngroup  Form_Ngroup End_Ngroup  Modf_Ngroup Merg_Ngroup H4_step_sum H4_no_NB    Ep-Ep_sum   Ep-Sp_sum  
      4.1182           0           0    0.099609    0.014648           0           0      290.53     0.47461  8.8839e+05       16821
**** Number of members in clusters (global):
N_members:            1           2           3           4           5           7           9          10          11          12          13          14
Count    :       954.09      10.129      1.2236     0.38867    0.046875   0.0019531   0.0039062    0.035156     0.03125    0.040039    0.087891    0.027344
N_members:           15          16          17          18          19          20          21          22          23          24          25          26
Count    :     0.011719    0.029297    0.083984    0.074219    0.091797    0.039062    0.042969    0.040039    0.027344    0.025391    0.066406    0.050781
N_members:           27          28          29          30
Count    :     0.050781    0.033203    0.078125     0.03125

Time: 18  N_real(loc): 1000  N_real(glb): 1000  N_all(loc): 1000  N_all(glb): 1000  N_remove(glb): 0  N_escape(glb): 0
Energy:     Error/Total         Error     Error_cum         Total       Kinetic     Potential        Modify  Modify_group Modify_single      Error_PP  Error_PP_cum
Physic:   -0.0001663477    0.05436471     0.1377351     -326.8137      292.3957     -619.2094  5.045599e-07             0             0 -1.601591e-06  0.0003780408
Slowdown: -0.0001663477    0.05436471     0.1377351     -326.8137      292.3957     -619.2094  5.042902e-07             0             0 -1.601612e-06  0.0003780415
Angular Momentum:  |L|err: 3.821814e-05  |L|err_cum: 0.001172333  L: -10.96735   -48.09089    2.713515  |L|: 49.4002
C.M.: mass: 592.3055 pos: 0.03384635   0.1681383    0.3776633 vel: 0.007906133   -0.009488387    -0.02285769
Tree step number: 1024
**** Wallclock time per step (local): [Min/Max]
 Total       PP_single   PP_cluster  PP_cross    Tree_NB     Tree_Force  Force_corr  Kick        FindCluster CreateGroup MPI_comm    Output      Status      Other      
  0.00096049  7.1677e-06  0.00014488           0  0.00014798  0.00061754   1.266e-05  3.8784e-06  1.5077e-05  1.1548e-05   5.967e-07  5.3611e-07  5.2939e-09  1.8102e-06
  0.00096052  7.1977e-06  0.00014492           0  0.00014685  0.00061371  1.2705e-05  3.9081e-06   1.511e-05  1.1564e-05  6.2592e-07  5.3623e-07  5.3232e-09  1.8696e-06
**** FDPS tree soft force time profile (local):
 Sample_ptcl Domain_deco Ex_ptcl     SetRootCell Make_LT     Make_LET    Make_GT     Make_Group  Make_I_list Calc_force  Write_back 
           0           0           0  3.6302e-06  0.00011415  1.4676e-05  8.7656e-05  1.5078e-06  3.9792e-05  0.00030814  8.4126e-06
**** Tree neighbor time profile (local):
 Sample_ptcl Domain_deco Ex_ptcl     SetRootCell Make_LT     Make_LET    Make_GT     Make_Group  Make_I_list Calc_force  Write_back 
           0           0           0  2.0984e-06  5.0534e-05  8.0386e-06  3.7645e-05  3.5619e-07  9.2973e-06  2.5877e-05  2.4731e-06
**** Number per step (global):
 PP_single   PP_cluster  PP_cross    Cluster     Cross       AR_step_sum
      958.53      41.474           0      13.025           0      13.957
 AR_tsyn_sum Stab_Ngroup Iso_Ngroup  Form_Ngroup End_Ngroup  Modf_Ngroup Merg_Ngroup H4_step_sum H4_no_NB    Ep-Ep_sum   Ep-Sp_sum  
      4.9932           0           0     0.14551    0.022461           0           0      263.56     0.36426  8.8472e+05       15424
**** Number of members in clusters (global):
N_members:            1           2           3           4           5           9          10          11          12          13          14          15
Count    :       958.53      10.958     0.90918     0.12109    0.037109    0.023438    0.048828    0.052734    0.037109    0.056641    0.086914     0.14453
N_members:           16          17          18          19          20          21          22          23          24
Count    :      0.15234     0.10156    0.044922    0.015625    0.052734    0.070312    0.083008    0.015625    0.013672

Time: 19  N_real(loc): 1000  N_real(glb): 1000  N_all(loc): 1000  N_all(glb): 1000  N_remove(glb): 0  N_escape(glb): 0
Energy:     Error/Total         Error     Error_cum         Total       Kinetic     Potential        Modify  Modify_group Modify_single      Error_PP  Error_PP_cum
Physic:     0.000129462   -0.04231544    0.09541969     -326.8561      370.4109     -697.2669 -8.705347e-05             0             0 -0.0004020978 -2.405705e-05
Slowdown:   0.000129462   -0.04231544    0.09541969     -326.8561      370.4109     -697.2669 -8.705374e-05             0             0 -0.0004020982 -2.405674e-05
Angular Momentum:  |L|err: 0.002178225  |L|err_cum: 0.003350558  L: -10.96981   -48.09192    2.713795  |L|: 49.40176
C.M.: mass: 592.3055 pos: 0.02059806   0.1863838    0.3888293 vel: -0.03794827   0.03186771    0.07057973
Tree step number: 1024
**** Wallclock time per step (local): [Min/Max]
 Total       PP_single   PP_cluster  PP_cross    Tree_NB     Tree_Force  Force_corr  Kick        FindCluster CreateGroup MPI_comm    Output      Status      Other      
  0.00098969  6.9987e-06    0.000209           0  0.00014575  0.00058287   1.351e-05  3.5955e-06  1.6932e-05  1.1521e-05  6.3518e-07  4.9838e-07  4.8525e-09  1.6596e-06
  0.00098972   7.029e-06  0.00020905           0  0.00014456  0.00057895  1.3555e-05   3.625e-06  1.6965e-05  1.1537e-05  6.6492e-07  4.9848e-07  4.8818e-09  1.7191e-06
**** FDPS tree soft force time profile (local):
 Sample_ptcl Domain_deco Ex_ptcl     SetRootCell Make_LT     Make_LET    Make_GT     Make_Group  Make_I_list Calc_force  Write_back 
           0           0           0  3.6308e-06  0.00011371  1.4886e-05  8.8506e-05  1.5685e-06   3.891e-05  0.00027387  8.5789e-06
**** Tree neighbor time profile (local):
 Sample_ptcl Domain_deco Ex_ptcl     SetRootCell Make_LT     Make_LET    Make_GT     Make_Group  Make_I_list Calc_force  Write_back 
           0           0           0  1.8033e-06  5.0401e-05  8.2971e-06  3.7128e-05  3.5421e-07  1.0294e-05  2.2861e-05  2.5825e-06
**** Number per step (global):
 PP_single   PP_cluster  PP_cross    Cluster     Cross       AR_step_sum
      959.02      40.977           0       12.31           0      23.656
 AR_tsyn_sum Stab_Ngroup Iso_Ngroup  Form_Ngroup End_Ngroup  Modf_Ngroup Merg_Ngroup H4_step_sum H4_no_NB    Ep-Ep_sum   Ep-Sp_sum  
      8.0576           0           0     0.24512    0.026367           0           0       279.8     0.31055  8.8031e+05       14189
**** Number of members in clusters (global):
N_members:            1           2           3           4           5           6           7           8           9          10          11          12
Count    :       959.02      9.8105      1.1055     0.33105    0.046875    0.021484    0.050781   0.0078125    0.027344    0.052734    0.089844     0.03125
N_members:           13          14          15          16          17          18          19          20          21          22          23          24
Count    :     0.039062    0.036133    0.070312    0.070312    0.082031    0.035156    0.072266     0.10352    0.072266    0.045898    0.052734    0.017578
N_members:           25          26          27          28
Count    :     0.019531   0.0039062   0.0019531    0.011719

Time: 20  N_real(loc): 1000  N_real(glb): 1000  N_all(loc): 1000  N_all(glb): 1000  N_remove(glb): 0  N_escape(glb): 0
Energy:     Error/Total         Error     Error_cum         Total       Kinetic     Potential        Modify  Modify_group Modify_single      Error_PP  Error_PP_cum
Physic:    4.255446e-06  -0.001390924    0.09402876     -326.8574      314.7443     -641.6017 -8.746474e-05             0             0 -0.0002805949 -0.0003046519
Slowdown:  4.255446e-06  -0.001390924    0.09402876     -326.8574      314.7443     -641.6017 -8.746501e-05             0             0 -0.0002805949 -0.0003046516
Angular Momentum:  |L|err: -0.0003053723  |L|err_cum: 0.003045186  L: -10.96963   -48.09167    2.713742  |L|: 49.40147
C.M.: mass: 592.3055 pos: 0.03054036   0.1617385    0.4142552 vel: 0.02104981   -0.05126638    0.02330581
Tree step number: 1024
**** Wallclock time per step (local): [Min/Max]
 Total       PP_single   PP_cluster  PP_cross    Tree_NB     Tree_Force  Force_corr  Kick        FindCluster CreateGroup MPI_comm    Output      Status      Other      
  0.00099547  6.6592e-06  0.00021926           0  0.00014494  0.00057879  1.3114e-05  3.9675e-06  1.6991e-05  1.1757e-05  6.0798e-07  7.3309e-07  5.2939e-09  1.5715e-06
   0.0009955  6.6885e-06   0.0002193           0  0.00014383  0.00057496  1.3159e-05  3.9971e-06  1.7023e-05  1.1772e-05  6.3711e-07  7.3325e-07  5.3232e-09  1.6311e-06
**** FDPS tree soft force time profile (local):
 Sample_ptcl Domain_deco Ex_ptcl     SetRootCell Make_LT     Make_LET    Make_GT     Make_Group  Make_I_list Calc_force  Write_back 
           0           0           0  4.1791e-06  0.00011282  1.4501e-05  8.7582e-05  1.6195e-06  3.7618e-05  0.00027274  8.3966e-06
**** Tree neighbor time profile (local):
 Sample_ptcl Domain_deco Ex_ptcl     SetRootCell Make_LT     Make_LET    Make_GT     Make_Group  Make_I_list Calc_force  Write_back 
           0           0           0  1.6223e-06  5.0803e-05  8.3945e-06  3.7538e-05  3.6325e-07  9.9948e-06   2.163e-05  2.4304e-06
**** Number per step (global):
 PP_single   PP_cluster  PP_cross    Cluster     Cross       AR_step_sum
      956.06      43.941           0      13.242           0       32.95
 AR_tsyn_sum Stab_Ngroup Iso_Ngroup  Form_Ngroup End_Ngroup  Modf_Ngroup Merg_Ngroup H4_step_sum H4_no_NB    Ep-Ep_sum   Ep-Sp_sum  
      11.663           0           0     0.24805    0.040039           0           0      292.75     0.53418  8.7342e+05       15271
**** Number of members in clusters (global):
N_members:            1           2           3           4           5           6           8           9          10          11          12          13
Count    :       956.06      10.502      1.3408     0.24121      0.0625    0.095703    0.039062    0.035156   0.0058594    0.015625    0.033203    0.092773
N_members:           14          15          16          17          18          19          20          21          22          23          24          25
Count    :     0.097656    0.056641    0.068359    0.054688     0.12109    0.076172     0.10156    0.052734    0.043945    0.033203    0.021484    0.017578
N_members:           26          27          29          30
Count    :     0.013672   0.0078125   0.0097656   0.0019531

Time: 21  N_real(loc): 1000  N_real(glb): 1000  N_all(loc): 1000  N_all(glb): 1000  N_remove(glb): 0  N_escape(glb): 0
Energy:     Error/Total         Error     Error_cum         Total       Kinetic     Potential        Modify  Modify_group Modify_single      Error_PP  Error_PP_cum
Physic:     0.001171023    -0.3832063    -0.2891776     -327.2407      364.9928     -692.2334 -8.764502e-05             0             0  4.324244e-06 -0.0003003277
Slowdown:   0.001171023    -0.3832063    -0.2891776     -327.2407      364.9928     -692.2334  -8.76453e-05             0             0  4.327003e-06 -0.0003003246
Angular Momentum:  |L|err: -4.283543e-05  |L|err_cum: 0.003002351  L: -10.96967   -48.09154    2.713772  |L|: 49.40136
C.M.: mass: 592.3055 pos: 0.06969754   0.1158155    0.478876 vel: 0.06394056   -0.00359517    0.00833404
Tree step number: 1024
**** Wallclock time per step (local): [Min/Max]
 Total       PP_single   PP_cluster  PP_cross    Tree_NB     Tree_Force  Force_corr  Kick        FindCluster CreateGroup MPI_comm    Output      Status      Other      
    0.001043   7.174e-06  0.00018254           0  0.00014879  0.00066494  9.5669e-06  3.6379e-06   1.485e-05  1.1609e-05  6.0825e-07  4.8797e-07  4.7363e-09   1.663e-06
    0.001043  7.2038e-06  0.00018257           0  0.00014766  0.00066106  9.6112e-06  3.6678e-06  1.4881e-05  1.1625e-05  6.3744e-07  4.8805e-07  4.7656e-09  1.7237e-06
**** FDPS tree soft force time profile (local):
 Sample_ptcl Domain_deco Ex_ptcl     SetRootCell Make_LT     Make_LET    Make_GT     Make_Group  Make_I_list Calc_force  Write_back 
           0           0           0  3.7689e-06  0.00011334  1.5512e-05  8.7922e-05  1.5568e-06  3.6803e-05  0.00035761  8.5068e-06
**** Tree neighbor time profile (local):
 Sample_ptcl Domain_deco Ex_ptcl     SetRootCell Make_LT     Make_LET    Make_GT     Make_Group  Make_I_list Calc_force  Write_back 
           0           0           0  2.0262e-06  5.0037e-05  8.2878e-06  3.8012e-05  3.5713e-07  9.1211e-06  2.6763e-05  2.4685e-06
**** Number per step (global):
 PP_single   PP_cluster  PP_cross    Cluster     Cross       AR_step_sum
      964.79      35.215           0       11.43           0      34.647
 AR_tsyn_sum Stab_Ngroup Iso_Ngroup  Form_Ngroup End_Ngroup  Modf_Ngroup Merg_Ngroup H4_step_sum H4_no_NB    Ep-Ep_sum   Ep-Sp_sum  
      11.935           0           0     0.29883    0.045898           0           0      236.52     0.20801  8.6722e+05       17393
**** Number of members in clusters (global):
N_members:            1           2           3           4           6           7           8           9          10          11          12          13
Count    :       964.79      9.0479      1.2363     0.14551    0.052734    0.089844    0.083984    0.025391    0.095703    0.076172     0.09375    0.073242
N_members:           14          15          16          17          18          19          20          21          22          23          24
Count    :     0.046875     0.10645    0.056641    0.015625    0.048828    0.025391    0.027344    0.046875    0.021484   0.0078125   0.0058594

Time: 22  N_real(loc): 1000  N_real(glb): 1000  N_all(loc): 1000  N_all(glb): 1000  N_remove(glb): 0  N_escape(glb): 0
Energy:     Error/Total         Error     Error_cum         Total       Kinetic     Potential        Modify  Modify_group Modify_single      Error_PP  Error_PP_cum
Physic:    -4.76952e-05    0.01560706    -0.2735705      -327.225      428.0384     -755.2635 -8.775755e-05             0             0 -1.121114e-06 -0.0003014488
Slowdown:  -4.76952e-05    0.01560706    -0.2735705      -327.225      428.0384     -755.2635 -8.775783e-05             0             0 -1.121077e-06 -0.0003014457
Angular Momentum:  |L|err: 0.0001462292  |L|err_cum: 0.00314858  L: -10.9697   -48.0917    2.713861  |L|: 49.40153
C.M.: mass: 592.3055 pos: 0.06957175   0.08733595    0.4995608 vel: 0.006979318   -0.0396987    0.02863842
Tree step number: 1024
**** Wallclock time per step (local): [Min/Max]
 Total       PP_single   PP_cluster  PP_cross    Tree_NB     Tree_Force  Force_corr  Kick        FindCluster CreateGroup MPI_comm    Output      Status      Other      
   0.0010864  7.2422e-06  0.00021467           0  0.00015271  0.00067093  1.0863e-05  3.5207e-06  1.4666e-05  1.2286e-05  6.2378e-07  5.3995e-07       5e-09  1.5357e-06
   0.0010865  7.2725e-06  0.00021471           0  0.00015162  0.00066687  1.0908e-05  3.5502e-06  1.4698e-05  1.2302e-05  6.5323e-07  5.4007e-07  5.0293e-09  1.5962e-06
**** FDPS tree soft force time profile (local):
 Sample_ptcl Domain_deco Ex_ptcl     SetRootCell Make_LT     Make_LET    Make_GT     Make_Group  Make_I_list Calc_force  Write_back 
           0           0           0  3.7955e-06  0.00011514  1.4974e-05  8.8836e-05  1.5974e-06  3.4798e-05  0.00036331  8.8871e-06
**** Tree neighbor time profile (local):
 Sample_ptcl Domain_deco Ex_ptcl     SetRootCell Make_LT     Make_LET    Make_GT     Make_Group  Make_I_list Calc_force  Write_back 
           0           0           0  1.8439e-06  5.1021e-05  8.6696e-06  3.7977e-05   3.741e-07  8.3548e-06  2.9715e-05  2.3978e-06
**** Number per step (global):
 PP_single   PP_cluster  PP_cross    Cluster     Cross       AR_step_sum
      965.51       34.49           0       10.36           0      41.181
 AR_tsyn_sum Stab_Ngroup Iso_Ngroup  Form_Ngroup End_Ngroup  Modf_Ngroup Merg_Ngroup H4_step_sum H4_no_NB    Ep-Ep_sum   Ep-Sp_sum  
      14.267           0           0     0.38086    0.051758           0           0      236.81     0.17285  8.7207e+05       15125
**** Number of members in clusters (global):
N_members:            1           2           3           4           5           6           9          10          11          12          13          14
Count    :       965.51      8.4492     0.70508     0.16699    0.025391    0.013672    0.041016    0.085938      0.0625    0.072266     0.10352    0.080078
N_members:           15          16          17          18          19          20          21          22          25
Count    :      0.17383    0.074219     0.16211    0.060547    0.033203    0.011719    0.027344   0.0078125   0.0039062

Time: 23  N_real(loc): 1000  N_real(glb): 1000  N_all(loc): 1000  N_all(glb): 1000  N_remove(glb): 0  N_escape(glb): 0
Energy:     Error/Total         Error     Error_cum         Total       Kinetic     Potential        Modify  Modify_group Modify_single      Error_PP  Error_PP_cum
Physic:    -6.92391e-06   0.002265661    -0.2713048     -327.2228      437.9089     -765.1317 -0.0001079518             0             0  -6.70031e-06 -0.0003081491
Slowdown:  -6.92391e-06   0.002265661    -0.2713048     -327.2228      437.9089     -765.1317 -0.0001079521             0             0 -6.699293e-06  -0.000308145
Angular Momentum:  |L|err: 6.161124e-05  |L|err_cum: 0.003210191  L: -10.96973   -48.0918    2.713769  |L|: 49.40162
C.M.: mass: 592.3055 pos: 0.08427908   0.03234079    0.4976536 vel: 0.03499396   -0.07297864    -0.01555193
Tree step number: 1024
**** Wallclock time per step (local): [Min/Max]
 Total       PP_single   PP_cluster  PP_cross    Tree_NB     Tree_Force  Force_corr  Kick        FindCluster CreateGroup MPI_comm    Output      Status      Other      
    0.001069  6.8416e-06  0.00020022           0  0.00014964  0.00067429  8.6864e-06  3.4525e-06  1.4157e-05  1.1738e-05  6.6014e-07  6.4248e-07  5.4307e-09   1.662e-06
   0.0010691  6.8713e-06  0.00020026           0  0.00014857  0.00067044   8.731e-06   3.482e-06   1.419e-05  1.1753e-05   6.893e-07   6.426e-07    5.46e-09  1.7221e-06
**** FDPS tree soft force time profile (local):
 Sample_ptcl Domain_deco Ex_ptcl     SetRootCell Make_LT     Make_LET    Make_GT     Make_Group  Make_I_list Calc_force  Write_back 
           0           0           0  3.8548e-06  0.00011296  1.4948e-05  8.6959e-05  1.6808e-06   3.286e-05  0.00037276  8.4974e-06
**** Tree neighbor time profile (local):
 Sample_ptcl Domain_deco Ex_ptcl     SetRootCell Make_LT     Make_LET    Make_GT     Make_Group  Make_I_list Calc_force  Write_back 
           0           0           0  1.8134e-06  4.9387e-05  8.3809e-06  3.7096e-05  3.4705e-07   8.089e-06  3.0035e-05    2.42e-06
**** Number per step (global):
 PP_single   PP_cluster  PP_cross    Cluster     Cross       AR_step_sum
      968.86       31.14           0      9.9727           0      54.359
 AR_tsyn_sum Stab_Ngroup Iso_Ngroup  Form_Ngroup End_Ngroup  Modf_Ngroup Merg_Ngroup H4_step_sum H4_no_NB    Ep-Ep_sum   Ep-Sp_sum  
      18.065           0           0     0.76074    0.072266           0           0      191.56     0.11719  8.6458e+05       16911
**** Number of members in clusters (global):
N_members:            1           2           3           4           5           6           7           8           9          10          11          12
Count    :       968.86      8.0645     0.71973     0.16309    0.021484    0.019531   0.0087891    0.037109    0.064453    0.095703     0.11328     0.24023
N_members:           13          14          15          16          17          19          20
Count    :      0.24219    0.080078    0.040039    0.027344    0.013672    0.019531   0.0019531

Time: 24  N_real(loc): 1000  N_real(glb): 1000  N_all(loc): 1000  N_all(glb): 1000  N_remove(glb): 0  N_escape(glb): 0
Energy:     Error/Total         Error     Error_cum         Total       Kinetic     Potential        Modify  Modify_group Modify_single      Error_PP  Error_PP_cum
Physic:   -5.678459e-05    0.01858016    -0.2527247     -327.2042      812.2774     -1139.482 -0.0001079668             0             0   5.15038e-05 -0.0002566453
Slowdown: -5.678459e-05    0.01858016    -0.2527247     -327.2042      812.2774     -1139.482 -0.0001079671             0             0  5.150388e-05 -0.0002566411
Angular Momentum:  |L|err: 2.462304e-05  |L|err_cum: 0.003234814  L: -10.96976   -48.0918    2.713776  |L|: 49.40164
C.M.: mass: 592.3055 pos: 0.06774888   -0.01495188    0.513945 vel: -0.04161327   0.006063353    0.00569257
Tree step number: 1024
**** Wallclock time per step (local): [Min/Max]
 Total       PP_single   PP_cluster  PP_cross    Tree_NB     Tree_Force  Force_corr  Kick        FindCluster CreateGroup MPI_comm    Output      Status      Other      
   0.0011396  7.1998e-06  0.00025713           0  0.00015536  0.00068247  9.7699e-06  3.4221e-06  1.2458e-05  1.1973e-05   6.192e-07  5.4374e-07  4.7549e-09  1.6088e-06
   0.0011397  7.2295e-06  0.00025718           0  0.00015425  0.00067848  9.8146e-06  3.4517e-06  1.2492e-05  1.1989e-05  6.4849e-07  5.4383e-07  4.7842e-09  1.6683e-06
**** FDPS tree soft force time profile (local):
 Sample_ptcl Domain_deco Ex_ptcl     SetRootCell Make_LT     Make_LET    Make_GT     Make_Group  Make_I_list Calc_force  Write_back 
           0           0           0  3.5248e-06  0.00011372  1.5329e-05   8.718e-05  1.5752e-06  3.2342e-05   0.0003802  8.7476e-06
**** Tree neighbor time profile (local):
 Sample_ptcl Domain_deco Ex_ptcl     SetRootCell Make_LT     Make_LET    Make_GT     Make_Group  Make_I_list Calc_force  Write_back 
           0           0           0  2.0229e-06  5.1238e-05  8.5766e-06  3.7486e-05   3.625e-07  8.1527e-06  3.3223e-05  2.4311e-06
**** Number per step (global):
 PP_single   PP_cluster  PP_cross    Cluster     Cross       AR_step_sum
       975.7      24.297           0      6.7695           0      78.333
 AR_tsyn_sum Stab_Ngroup Iso_Ngroup  Form_Ngroup End_Ngroup  Modf_Ngroup Merg_Ngroup H4_step_sum H4_no_NB    Ep-Ep_sum   Ep-Sp_sum  
      26.027           0           0      0.9502    0.041016           0           0       156.7      0.1123  8.6417e+05       16622
**** Number of members in clusters (global):
N_members:            1           2           3           4           5           6           7           8           9          10          11          12
Count    :        975.7      5.4473     0.27246    0.026367    0.023438   0.0019531    0.045898     0.14844     0.11328    0.083008     0.10352    0.085938
N_members:           13          14          15          16          17          18          19          20          21          22          23
Count    :      0.13867    0.041016    0.035156    0.017578    0.023438    0.048828    0.041016   0.0019531    0.023438    0.029297    0.017578

Time: 25  N_real(loc): 1000  N_real(glb): 1000  N_all(loc): 1000  N_all(glb): 1000  N_remove(glb): 0  N_escape(glb): 0
Energy:     Error/Total         Error     Error_cum         Total       Kinetic     Potential        Modify  Modify_group Modify_single      Error_PP  Error_PP_cum
Physic:   -5.268604e-06     0.0017239    -0.2510008     -327.2025      443.4499     -770.6524 -9.859576e-05             0             0  5.125998e-05 -0.0002053853
Slowdown: -5.268604e-06     0.0017239    -0.2510008     -327.2025      443.4499     -770.6524 -9.859602e-05             0             0  5.125979e-05 -0.0002053813
Angular Momentum:  |L|err: 9.718149e-05  |L|err_cum: 0.003331996  L: -10.96977   -48.09192    2.713868  |L|: 49.40175
C.M.: mass: 592.3055 pos: 0.03767441   0.01666244    0.5088954 vel: -0.02751991   0.04299295    -0.007853629
Tree step number: 1024
**** Wallclock time per step (local): [Min/Max]
 Total       PP_single   PP_cluster  PP_cross    Tree_NB     Tree_Force  Force_corr  Kick        FindCluster CreateGroup MPI_comm    Output      Status      Other      
   0.0012091   7.317e-06  0.00032299           0  0.00015676  0.00068081  1.1522e-05  3.6815e-06  1.3917e-05  1.2197e-05  6.5299e-07  5.7239e-07  5.1758e-09  1.5817e-06
   0.0012091  7.3471e-06  0.00032304           0  0.00015561  0.00067685  1.1567e-05  3.7114e-06  1.3952e-05  1.2214e-05  6.8292e-07  5.7251e-07  5.2061e-09  1.6412e-06
**** FDPS tree soft force time profile (local):
 Sample_ptcl Domain_deco Ex_ptcl     SetRootCell Make_LT     Make_LET    Make_GT     Make_Group  Make_I_list Calc_force  Write_back 
           0           0           0  3.5145e-06  0.00011596    1.57e-05  8.9722e-05  1.5664e-06  3.3312e-05  0.00037349  8.6681e-06
**** Tree neighbor time profile (local):
 Sample_ptcl Domain_deco Ex_ptcl     SetRootCell Make_LT     Make_LET    Make_GT     Make_Group  Make_I_list Calc_force  Write_back 
           0           0           0  1.8913e-06  5.1643e-05  8.6631e-06  3.8212e-05  3.7028e-07  8.0408e-06  3.3532e-05  2.4997e-06
**** Number per step (global):
 PP_single   PP_cluster  PP_cross    Cluster     Cross       AR_step_sum
      970.96      29.038           0      7.9082           0      88.942
 AR_tsyn_sum Stab_Ngroup Iso_Ngroup  Form_Ngroup End_Ngroup  Modf_Ngroup Merg_Ngroup H4_step_sum H4_no_NB    Ep-Ep_sum   Ep-Sp_sum  
      29.429           0           0      1.0361   0.0058594           0           0      179.01      0.3291  8.5578e+05       18470
**** Number of members in clusters (global):
N_members:            1           2           3           6           7           8           9          10          12          13          14          15
Count    :       970.96       6.541     0.36719   0.0039062    0.033203   0.0058594     0.11523    0.053711     0.12695     0.09375    0.089844    0.074219
N_members:           16          17          18          19          20          21          22          23          24          25
Count    :     0.027344    0.021484    0.072266     0.13086    0.046875    0.054688   0.0039062    0.018555   0.0078125    0.019531

Time: 26  N_real(loc): 1000  N_real(glb): 1000  N_all(loc): 1000  N_all(glb): 1000  N_remove(glb): 0  N_escape(glb): 0
Energy:     Error/Total         Error     Error_cum         Total       Kinetic     Potential        Modify  Modify_group Modify_single      Error_PP  Error_PP_cum
Physic:    3.196795e-06  -0.001046004    -0.2520468     -327.2041      512.6066     -839.8107 -0.0006314423             0             0   8.38906e-06 -0.0001969963
Slowdown:  3.196795e-06  -0.001046004    -0.2520468     -327.2041      512.6066     -839.8107 -0.0006314426             0             0  8.389104e-06 -0.0001969922
Angular Momentum:  |L|err: -0.002730319  |L|err_cum: 0.0006016771  L: -10.96703   -48.08924    2.713152  |L|: 49.3985
C.M.: mass: 592.3055 pos: 0.01541959   0.03901905    0.5278671 vel: 0.03387606   0.006149421    0.04955569
Tree step number: 1024
**** Wallclock time per step (local): [Min/Max]
 Total       PP_single   PP_cluster  PP_cross    Tree_NB     Tree_Force  Force_corr  Kick        FindCluster CreateGroup MPI_comm    Output      Status      Other      
   0.0012175  7.1014e-06  0.00031749           0  0.00015525  0.00069552  1.1773e-05   3.637e-06  1.4653e-05  1.2165e-05  6.5992e-07   4.891e-07  4.7939e-09  1.5717e-06
   0.0012175  7.1311e-06  0.00031756           0   0.0001541  0.00069168  1.1819e-05  3.6667e-06  1.4687e-05  1.2181e-05  6.8894e-07  4.8921e-07  4.8232e-09  1.6323e-06
**** FDPS tree soft force time profile (local):
 Sample_ptcl Domain_deco Ex_ptcl     SetRootCell Make_LT     Make_LET    Make_GT     Make_Group  Make_I_list Calc_force  Write_back 
           0           0           0   3.781e-06  0.00011448  1.5275e-05  8.8569e-05   1.613e-06  3.2125e-05  0.00039087  8.4276e-06
**** Tree neighbor time profile (local):
 Sample_ptcl Domain_deco Ex_ptcl     SetRootCell Make_LT     Make_LET    Make_GT     Make_Group  Make_I_list Calc_force  Write_back 
           0           0           0  1.8263e-06  5.0502e-05  8.3655e-06  3.7515e-05  3.7003e-07  8.3051e-06  3.3042e-05  2.4988e-06
**** Number per step (global):
 PP_single   PP_cluster  PP_cross    Cluster     Cross       AR_step_sum
      970.06      29.938           0      7.9316           0      89.444
 AR_tsyn_sum Stab_Ngroup Iso_Ngroup  Form_Ngroup End_Ngroup  Modf_Ngroup Merg_Ngroup H4_step_sum H4_no_NB    Ep-Ep_sum   Ep-Sp_sum  
      30.074           0           0       1.042   0.0068359           0           0      188.88     0.38281  8.5671e+05       17951
**** Number of members in clusters (global):
N_members:            1           2           3           4           9          10          11          12          13          14          15          16
Count    :       970.06      6.4043     0.46875    0.058594   0.0019531   0.0039062     0.18555    0.069336    0.064453    0.070312    0.078125     0.16211
N_members:           17          18          19          20          21          22          23          24
Count    :     0.082031    0.091797    0.039062    0.058594      0.0625   0.0039062    0.020508   0.0058594

Time: 27  N_real(loc): 1000  N_real(glb): 1000  N_all(loc): 1000  N_all(glb): 1000  N_remove(glb): 0  N_escape(glb): 0
Energy:     Error/Total         Error     Error_cum         Total       Kinetic     Potential        Modify  Modify_group Modify_single      Error_PP  Error_PP_cum
Physic:   -2.545272e-05   0.008328023    -0.2437188     -327.1957      366.7518     -693.9476 -0.0006313904             0             0  2.524601e-05 -0.0001717503
Slowdown: -2.545272e-05   0.008328023    -0.2437188     -327.1957      366.7518     -693.9476 -0.0006313906             0             0  2.524606e-05 -0.0001717461
Angular Momentum:  |L|err: 5.633346e-05  |L|err_cum: 0.0006580105  L: -10.96686   -48.08931    2.713044  |L|: 49.39853
C.M.: mass: 592.3055 pos: -0.00879135   0.06542402    0.548637 vel: -0.01249672   0.04680788    0.01503307
Tree step number: 1024
**** Wallclock time per step (local): [Min/Max]
 Total       PP_single   PP_cluster  PP_cross    Tree_NB     Tree_Force  Force_corr  Kick        FindCluster CreateGroup MPI_comm    Output      Status      Other      
   0.0011249  7.6855e-06  0.00025248           0  0.00015283  0.00067446  8.9214e-06  3.4836e-06  1.3489e-05  1.2008e-05  6.0948e-07  4.7665e-07  4.7158e-09  1.6009e-06
   0.0011249  7.7157e-06  0.00025252           0  0.00015172  0.00067046  8.9662e-06  3.5133e-06  1.3522e-05  1.2023e-05  6.3872e-07  4.7677e-07  4.7354e-09  1.6617e-06
**** FDPS tree soft force time profile (local):
 Sample_ptcl Domain_deco Ex_ptcl     SetRootCell Make_LT     Make_LET    Make_GT     Make_Group  Make_I_list Calc_force  Write_back 
           0           0           0   3.669e-06  0.00011653  1.5258e-05  9.0078e-05  1.5856e-06  3.2578e-05  0.00036619  8.7507e-06
**** Tree neighbor time profile (local):
 Sample_ptcl Domain_deco Ex_ptcl     SetRootCell Make_LT     Make_LET    Make_GT     Make_Group  Make_I_list Calc_force  Write_back 
           0           0           0  1.7453e-06   5.167e-05  8.8799e-06  3.8334e-05  3.5739e-07  8.6156e-06  2.8334e-05  2.4303e-06
**** Number per step (global):
 PP_single   PP_cluster  PP_cross    Cluster     Cross       AR_step_sum
      977.36      22.637           0      6.2334           0      83.053
 AR_tsyn_sum Stab_Ngroup Iso_Ngroup  Form_Ngroup End_Ngroup  Modf_Ngroup Merg_Ngroup H4_step_sum H4_no_NB    Ep-Ep_sum   Ep-Sp_sum  
      27.894           0           0      1.0029           0           0           0      137.03    0.083984  8.5739e+05       16382
**** Number of members in clusters (global):
N_members:            1           2           3           8           9          10          11          12          13          14          15          16
Count    :       977.36       5.041     0.19238    0.017578    0.074219     0.11328     0.22754     0.20801    0.072266     0.21289    0.070312   0.0039062

Time: 28  N_real(loc): 1000  N_real(glb): 1000  N_all(loc): 1000  N_all(glb): 1000  N_remove(glb): 0  N_escape(glb): 0
Energy:     Error/Total         Error     Error_cum         Total       Kinetic     Potential        Modify  Modify_group Modify_single      Error_PP  Error_PP_cum
Physic:    1.214856e-05  -0.003975007    -0.2476938     -327.1997      947.1354     -1274.335 -0.0006423686             0             0  2.807182e-07 -0.0001714696
Slowdown:  1.214856e-05  -0.003975007    -0.2476938     -327.1997      947.1354     -1274.335 -0.0006423689             0             0  2.807249e-07 -0.0001714654
Angular Momentum:  |L|err: -9.171317e-05  |L|err_cum: 0.0005662974  L: -10.96702   -48.08929    2.713081  |L|: 49.39855
C.M.: mass: 592.3055 pos: -0.04502807   0.09805463    0.5650357 vel: -0.05114965   0.04905302    0.02037571
Tree step number: 1024
**** Wallclock time per step (local): [Min/Max]
 Total       PP_single   PP_cluster  PP_cross    Tree_NB     Tree_Force  Force_corr  Kick        FindCluster CreateGroup MPI_comm    Output      Status      Other      
   0.0012079   7.865e-06  0.00030029           0  0.00015005  0.00071008  9.7516e-06  3.5026e-06   1.454e-05  1.2117e-05  6.2333e-07  5.1449e-07  5.5088e-09  1.6352e-06
   0.0012079  7.9188e-06  0.00030033           0   0.0001489  0.00070618  9.7967e-06  3.5324e-06  1.4575e-05  1.2133e-05  6.5313e-07  5.1462e-07  5.5381e-09  1.6983e-06
**** FDPS tree soft force time profile (local):
 Sample_ptcl Domain_deco Ex_ptcl     SetRootCell Make_LT     Make_LET    Make_GT     Make_Group  Make_I_list Calc_force  Write_back 
           0           0           0  3.6869e-06  0.00011596   1.624e-05  9.0394e-05  1.5866e-06  3.7872e-05  0.00039512  8.6042e-06
**** Tree neighbor time profile (local):
 Sample_ptcl Domain_deco Ex_ptcl     SetRootCell Make_LT     Make_LET    Make_GT     Make_Group  Make_I_list Calc_force  Write_back 
           0           0           0  1.9059e-06  5.2084e-05  8.6614e-06  3.8714e-05  3.9794e-07  8.3455e-06  2.4653e-05  2.5161e-06
**** Number per step (global):
 PP_single   PP_cluster  PP_cross    Cluster     Cross       AR_step_sum
      975.02      24.982           0       6.751           0      90.926
 AR_tsyn_sum Stab_Ngroup Iso_Ngroup  Form_Ngroup End_Ngroup  Modf_Ngroup Merg_Ngroup H4_step_sum H4_no_NB    Ep-Ep_sum   Ep-Sp_sum  
      30.558           0           0      1.0088           0           0           0      158.53     0.14844  8.4514e+05       19924
**** Number of members in clusters (global):
N_members:            1           2           3           4           5           6           8           9          10          11          12          13
Count    :       975.02      5.2715     0.44238   0.0097656    0.019531   0.0078125    0.017578    0.080078    0.097656     0.12402     0.14844    0.068359
N_members:           14          15          16          17
Count    :     0.067383     0.25391     0.11914    0.023438

Time: 29  N_real(loc): 1000  N_real(glb): 1000  N_all(loc): 1000  N_all(glb): 1000  N_remove(glb): 0  N_escape(glb): 0
Energy:     Error/Total         Error     Error_cum         Total       Kinetic     Potential        Modify  Modify_group Modify_single      Error_PP  Error_PP_cum
Physic:   -3.309436e-05    0.01082811    -0.2368657     -327.1889      370.7982     -697.9871 -0.0006423862             0             0 -3.510215e-05 -0.0002065717
Slowdown: -3.309436e-05    0.01082811    -0.2368657     -327.1889      370.7982     -697.9871 -0.0006423864             0             0 -3.510215e-05 -0.0002065676
Angular Momentum:  |L|err: -9.721029e-05  |L|err_cum: 0.0004690871  L: -10.96702   -48.08941    2.713223  |L|: 49.39867
C.M.: mass: 592.3055 pos: -0.04558697   0.105271    0.6073656 vel: -0.006985881   -0.005512776    0.02182694
Tree step number: 1024
**** Wallclock time per step (local): [Min/Max]
 Total       PP_single   PP_cluster  PP_cross    Tree_NB     Tree_Force  Force_corr  Kick        FindCluster CreateGroup MPI_comm    Output      Status      Other      
   0.0012458  7.3856e-06  0.00028447           0  0.00015074  0.00076376  9.7664e-06  3.6537e-06  1.3937e-05  1.2498e-05  6.3332e-07  4.9609e-07  5.4404e-09  1.7428e-06
   0.0012458  7.4156e-06  0.00028452           0  0.00014963  0.00075961  9.8108e-06  3.6832e-06   1.397e-05  1.2514e-05  6.6301e-07   4.962e-07  5.4697e-09  1.8247e-06
**** FDPS tree soft force time profile (local):
 Sample_ptcl Domain_deco Ex_ptcl     SetRootCell Make_LT     Make_LET    Make_GT     Make_Group  Make_I_list Calc_force  Write_back 
           0           0           0  3.8984e-06   0.0001176  1.5845e-05  9.1443e-05  1.6579e-06  4.2265e-05   0.0004342   9.105e-06
**** Tree neighbor time profile (local):
 Sample_ptcl Domain_deco Ex_ptcl     SetRootCell Make_LT     Make_LET    Make_GT     Make_Group  Make_I_list Calc_force  Write_back 
           0           0           0  1.9413e-06  5.2135e-05  8.5619e-06  3.8224e-05  4.5083e-07  9.3214e-06  1.7084e-05  2.4404e-06
**** Number per step (global):
 PP_single   PP_cluster  PP_cross    Cluster     Cross       AR_step_sum
      975.64      24.355           0        6.46           0      86.746
 AR_tsyn_sum Stab_Ngroup Iso_Ngroup  Form_Ngroup End_Ngroup  Modf_Ngroup Merg_Ngroup H4_step_sum H4_no_NB    Ep-Ep_sum   Ep-Sp_sum  
      29.185           0           0      1.0088  0.00097656           0           0      148.69      0.1084  8.4319e+05       21388
**** Number of members in clusters (global):
N_members:            1           2           3           4          10          11          12          13          14          15          16          17
Count    :       975.64      5.2705     0.18164   0.0078125    0.041016     0.11523     0.16992     0.22266     0.23438     0.13867      0.0625    0.015625

Time: 30  N_real(loc): 1000  N_real(glb): 1000  N_all(loc): 1000  N_all(glb): 1000  N_remove(glb): 0  N_escape(glb): 0
Energy:     Error/Total         Error     Error_cum         Total       Kinetic     Potential        Modify  Modify_group Modify_single      Error_PP  Error_PP_cum
Physic:   -3.867959e-05    0.01265504    -0.2242106     -327.1762      435.6531     -762.8294  -0.000642392             0             0 -6.977822e-07 -0.0002072695
Slowdown: -3.867959e-05    0.01265504    -0.2242106     -327.1762      435.6531     -762.8294 -0.0006423923             0             0 -6.978012e-07 -0.0002072654
Angular Momentum:  |L|err: 0.0001488795  |L|err_cum: 0.0006179666  L: -10.96689   -48.08934    2.713306  |L|: 49.39857
C.M.: mass: 592.3055 pos: -0.01711535   0.1124806    0.6331225 vel: 0.01796714   -0.02223281    0.05362123
Tree step number: 1024
**** Wallclock time per step (local): [Min/Max]
 Total       PP_single   PP_cluster  PP_cross    Tree_NB     Tree_Force  Force_corr  Kick        FindCluster CreateGroup MPI_comm    Output      Status      Other      
   0.0011173  7.6291e-06  0.00023665           0  0.00014625  0.00069076  8.2758e-06  3.4188e-06  1.2615e-05  1.2269e-05  6.0298e-07  5.0175e-07  4.7949e-09  1.6461e-06
   0.0011173  7.6588e-06   0.0002367           0   0.0001451  0.00068682  8.3207e-06  3.4486e-06  1.2649e-05  1.2284e-05   6.325e-07  5.0186e-07  4.8242e-09  1.7097e-06
**** FDPS tree soft force time profile (local):
 Sample_ptcl Domain_deco Ex_ptcl     SetRootCell Make_LT     Make_LET    Make_GT     Make_Group  Make_I_list Calc_force  Write_back 
           0           0           0  3.5508e-06  0.00011479  1.5752e-05  8.9937e-05  1.6619e-06  4.2605e-05   0.0003704   8.657e-06
**** Tree neighbor time profile (local):
 Sample_ptcl Domain_deco Ex_ptcl     SetRootCell Make_LT     Make_LET    Make_GT     Make_Group  Make_I_list Calc_force  Write_back 
           0           0           0  1.7749e-06  5.1939e-05  8.5209e-06  3.7917e-05  4.5517e-07  9.4148e-06  1.7726e-05  2.5128e-06
**** Number per step (global):
 PP_single   PP_cluster  PP_cross    Cluster     Cross       AR_step_sum
      978.59      21.413           0      5.9873           0      81.541
 AR_tsyn_sum Stab_Ngroup Iso_Ngroup  Form_Ngroup End_Ngroup  Modf_Ngroup Merg_Ngroup H4_step_sum H4_no_NB    Ep-Ep_sum   Ep-Sp_sum  
      27.353           0           0      1.0049           0           0           0      125.53    0.043945  8.4632e+05       20367
**** Number of members in clusters (global):
N_members:            1           2           3           4           7           8           9          10          11          12          13          14
Count    :       978.59      4.7422     0.18262      0.0625   0.0019531     0.15527     0.17188     0.12305     0.10156    0.056641     0.21094     0.12598
N_members:           15          16
Count    :     0.048828   0.0039062

Time: 31  N_real(loc): 1000  N_real(glb): 1000  N_all(loc): 1000  N_all(glb): 1000  N_remove(glb): 0  N_escape(glb): 0
Energy:     Error/Total         Error     Error_cum         Total       Kinetic     Potential        Modify  Modify_group Modify_single      Error_PP  Error_PP_cum
Physic:    4.315609e-05   -0.01412026    -0.2383309     -327.1904      1056.556     -1383.746 -0.0006498402             0             0  1.820694e-06 -0.0002054488
Slowdown:  4.315609e-05   -0.01412026    -0.2383309     -327.1904      1056.556     -1383.746 -0.0006498405             0             0  1.820703e-06 -0.0002054447
Angular Momentum:  |L|err: 5.088107e-05  |L|err_cum: 0.0006688477  L: -10.96672   -48.08976    2.713482  |L|: 49.39896
C.M.: mass: 592.3055 pos: -0.02953168   0.1368546    0.6649217 vel: -0.05348943   0.0718773    0.06385504
Tree step number: 1024
**** Wallclock time per step (local): [Min/Max]
 Total       PP_single   PP_cluster  PP_cross    Tree_NB     Tree_Force  Force_corr  Kick        FindCluster CreateGroup MPI_comm    Output      Status      Other      
    0.001343  7.2041e-06   0.0002612           0  0.00015464  0.00088143  8.8679e-06  3.4417e-06  1.4139e-05  1.2295e-05  6.6196e-07   6.017e-07  4.9414e-09  1.6356e-06
    0.001343  7.2338e-06  0.00026124           0  0.00015353  0.00087751  8.9123e-06  3.4713e-06  1.4171e-05   1.231e-05  6.9141e-07  6.0182e-07  4.9609e-09  1.6994e-06
**** FDPS tree soft force time profile (local):
 Sample_ptcl Domain_deco Ex_ptcl     SetRootCell Make_LT     Make_LET    Make_GT     Make_Group  Make_I_list Calc_force  Write_back 
           0           0           0  3.5281e-06  0.00011564  1.5905e-05  9.0151e-05  1.6801e-06  4.3325e-05  0.00055252  8.6625e-06
**** Tree neighbor time profile (local):
 Sample_ptcl Domain_deco Ex_ptcl     SetRootCell Make_LT     Make_LET    Make_GT     Make_Group  Make_I_list Calc_force  Write_back 
           0           0           0  1.8215e-06  5.1351e-05  8.4754e-06  3.8019e-05  4.3627e-07  9.0055e-06  1.9221e-05  2.6455e-06
**** Number per step (global):
 PP_single   PP_cluster  PP_cross    Cluster     Cross       AR_step_sum
      976.48      23.518           0      6.6758           0      86.543
 AR_tsyn_sum Stab_Ngroup Iso_Ngroup  Form_Ngroup End_Ngroup  Modf_Ngroup Merg_Ngroup H4_step_sum H4_no_NB    Ep-Ep_sum   Ep-Sp_sum  
      29.202           0           0     0.99805           0           0           0      145.81    0.066406  8.4299e+05       19512
**** Number of members in clusters (global):
N_members:            1           2           3           4           5           7           8           9          10          11          12          13
Count    :       976.48      5.2002     0.37402    0.076172    0.025391     0.03125    0.081055     0.13477     0.23438     0.12598    0.072266    0.042969
N_members:           14          15          16          17          18          19          20          21
Count    :     0.085938    0.074219    0.052734    0.035156   0.0058594   0.0097656   0.0078125   0.0058594

Time: 32  N_real(loc): 1000  N_real(glb): 1000  N_all(loc): 1000  N_all(glb): 1000  N_remove(glb): 0  N_escape(glb): 0
Energy:     Error/Total         Error     Error_cum         Total       Kinetic     Potential        Modify  Modify_group Modify_single      Error_PP  Error_PP_cum
Physic:    3.041971e-05   -0.00995334    -0.2482842     -327.2003       609.974     -937.1743 -0.0006498301             0             0 -5.375881e-07 -0.0002059864
Slowdown:  3.041971e-05   -0.00995334    -0.2482842     -327.2003       609.974     -937.1743 -0.0006498304             0             0 -5.376382e-07 -0.0002059823
Angular Momentum:  |L|err: -3.701153e-05  |L|err_cum: 0.0006318361  L: -10.96678   -48.08985    2.713497  |L|: 49.39906
C.M.: mass: 592.3055 pos: -0.06930242   0.1502326    0.7021315 vel: -0.04309371   0.03889466    0.08203523
Tree step number: 1024
**** Wallclock time per step (local): [Min/Max]
 Total       PP_single   PP_cluster  PP_cross    Tree_NB     Tree_Force  Force_corr  Kick        FindCluster CreateGroup MPI_comm    Output      Status      Other      
   0.0011294  7.6064e-06   0.0002246           0  0.00015185  0.00070983    7.43e-06  3.5583e-06  1.2858e-05  1.2034e-05  6.2591e-07  6.0322e-07  5.0977e-09  1.6473e-06
   0.0011294  7.6362e-06  0.00022465           0  0.00015069  0.00070585   7.475e-06  3.5878e-06  1.2891e-05  1.2049e-05  6.5523e-07  6.0334e-07   5.127e-09  1.7088e-06
**** FDPS tree soft force time profile (local):
 Sample_ptcl Domain_deco Ex_ptcl     SetRootCell Make_LT     Make_LET    Make_GT     Make_Group  Make_I_list Calc_force  Write_back 
           0           0           0  3.7354e-06  0.00011244  1.5545e-05  8.8597e-05  1.4815e-06  3.0758e-05  0.00040867  8.7605e-06
**** Tree neighbor time profile (local):
 Sample_ptcl Domain_deco Ex_ptcl     SetRootCell Make_LT     Make_LET    Make_GT     Make_Group  Make_I_list Calc_force  Write_back 
           0           0           0  1.8813e-06  5.1098e-05  8.4125e-06   3.749e-05  3.6114e-07  6.9275e-06  3.0743e-05  2.5511e-06
**** Number per step (global):
 PP_single   PP_cluster  PP_cross    Cluster     Cross       AR_step_sum
      977.11      22.891           0      7.3076           0      81.416
 AR_tsyn_sum Stab_Ngroup Iso_Ngroup  Form_Ngroup End_Ngroup  Modf_Ngroup Merg_Ngroup H4_step_sum H4_no_NB    Ep-Ep_sum   Ep-Sp_sum  
      27.278           0           0           1   0.0019531           0           0      134.88    0.073242  8.6293e+05       12995
**** Number of members in clusters (global):
N_members:            1           2           3           4           6           7           8           9          10          11          12          13
Count    :       977.11      5.9404      0.3418    0.025391    0.033203     0.11035    0.058594     0.21094     0.21094      0.1709     0.13086    0.066406
N_members:           14          16
Count    :    0.0019531   0.0058594

Time: 33  N_real(loc): 1000  N_real(glb): 1000  N_all(loc): 1000  N_all(glb): 1000  N_remove(glb): 0  N_escape(glb): 0
Energy:     Error/Total         Error     Error_cum         Total       Kinetic     Potential        Modify  Modify_group Modify_single      Error_PP  Error_PP_cum
Physic:   -2.863404e-05   0.009368808    -0.2389154     -327.1912      1122.418     -1449.609 -0.0009350784             0             0  4.732492e-06 -0.0002012539
Slowdown: -2.863404e-05   0.009368808    -0.2389154     -327.1912      1122.418     -1449.609 -0.0009350787             0             0  4.732534e-06 -0.0002012498
Angular Momentum:  |L|err: -0.0002526694  |L|err_cum: 0.0003791668  L: -10.96754   -48.08985    2.713466  |L|: 49.39923
C.M.: mass: 592.3055 pos: -0.08225343   0.181151    0.7690708 vel: 0.03878665   0.06402906    0.1038433
Tree step number: 1024
**** Wallclock time per step (local): [Min/Max]
 Total       PP_single   PP_cluster  PP_cross    Tree_NB     Tree_Force  Force_corr  Kick        FindCluster CreateGroup MPI_comm    Output      Status      Other      
   0.0011306  7.3914e-06  0.00021571           0  0.00015012  0.00072299  6.4384e-06  3.5912e-06  1.2692e-05  1.1749e-05  6.1741e-07  7.1333e-07  6.2324e-09  1.5476e-06
   0.0011307  7.4213e-06  0.00021575           0  0.00014896  0.00071917  6.4828e-06  3.6207e-06  1.2724e-05  1.1786e-05  6.4666e-07  7.1352e-07  6.2617e-09  1.6101e-06
**** FDPS tree soft force time profile (local):
 Sample_ptcl Domain_deco Ex_ptcl     SetRootCell Make_LT     Make_LET    Make_GT     Make_Group  Make_I_list Calc_force  Write_back 
           0           0           0   4.026e-06  0.00011428   1.545e-05  8.7757e-05  1.5004e-06  3.0194e-05  0.00042156  8.4144e-06
**** Tree neighbor time profile (local):
 Sample_ptcl Domain_deco Ex_ptcl     SetRootCell Make_LT     Make_LET    Make_GT     Make_Group  Make_I_list Calc_force  Write_back 
           0           0           0  1.7073e-06  5.0928e-05  8.4067e-06  3.7826e-05  3.5704e-07  7.2101e-06   2.773e-05  2.5305e-06
**** Number per step (global):
 PP_single   PP_cluster  PP_cross    Cluster     Cross       AR_step_sum
      980.54      19.458           0      6.2412           0      86.725
 AR_tsyn_sum Stab_Ngroup Iso_Ngroup  Form_Ngroup End_Ngroup  Modf_Ngroup Merg_Ngroup H4_step_sum H4_no_NB    Ep-Ep_sum   Ep-Sp_sum  
      29.303           0           0      1.0244   0.0039062           0           0      116.68     0.12793  8.6838e+05       11994
**** Number of members in clusters (global):
N_members:            1           2           3           4           5           6           7           8           9          10          11          12
Count    :       980.54      4.9219     0.22266    0.081055     0.11328     0.10547     0.19238     0.13672     0.13672     0.12012     0.11523    0.021484
N_members:           13          14          15
Count    :     0.037109    0.013672    0.023438

Time: 34  N_real(loc): 1000  N_real(glb): 1000  N_all(loc): 1000  N_all(glb): 1000  N_remove(glb): 0  N_escape(glb): 0
Energy:     Error/Total         Error     Error_cum         Total       Kinetic     Potential        Modify  Modify_group Modify_single      Error_PP  Error_PP_cum
Physic:    -0.005856246      1.904956      1.666041     -325.2863      413.6005     -738.8867 -0.0009079083             0             0  -0.000681297 -0.0008825509
Slowdown:  -0.005856246      1.904956      1.666041     -325.2863      413.6005     -738.8867 -0.0009079086             0             0  -0.000681297 -0.0008825468
Angular Momentum:  |L|err: 0.01941826  |L|err_cum: 0.01979743  L: -10.96198   -48.10855    2.716474  |L|: 49.41636
C.M.: mass: 592.3055 pos: -0.06523772   0.1979706    0.8184169 vel: 0.02709502   0.05406356    0.05019825
Tree step number: 1024
**** Wallclock time per step (local): [Min/Max]
 Total       PP_single   PP_cluster  PP_cross    Tree_NB     Tree_Force  Force_corr  Kick        FindCluster CreateGroup MPI_comm    Output      Status      Other      
   0.0012986   7.319e-06  0.00031466           0  0.00015358  0.00078618  8.0965e-06  3.3745e-06  1.3215e-05  1.2194e-05  6.0558e-07   8.668e-07  4.7744e-09  1.6578e-06
   0.0012986  7.3686e-06   0.0003147           0   0.0001524   0.0007822  8.1409e-06  3.4039e-06  1.3248e-05  1.2209e-05  6.4714e-07  8.6706e-07  4.8037e-09  1.7201e-06
**** FDPS tree soft force time profile (local):
 Sample_ptcl Domain_deco Ex_ptcl     SetRootCell Make_LT     Make_LET    Make_GT     Make_Group  Make_I_list Calc_force  Write_back 
           0           0           0  3.5999e-06  0.00011458  1.5776e-05  8.8567e-05  1.5879e-06  3.2346e-05  0.00048051  8.7484e-06
**** Tree neighbor time profile (local):
 Sample_ptcl Domain_deco Ex_ptcl     SetRootCell Make_LT     Make_LET    Make_GT     Make_Group  Make_I_list Calc_force  Write_back 
           0           0           0  1.8599e-06  5.1028e-05  8.5334e-06  3.7109e-05  3.5352e-07  7.6771e-06   3.107e-05  2.5808e-06
**** Number per step (global):
 PP_single   PP_cluster  PP_cross    Cluster     Cross       AR_step_sum
      979.45      20.547           0      5.9336           0      115.76
 AR_tsyn_sum Stab_Ngroup Iso_Ngroup  Form_Ngroup End_Ngroup  Modf_Ngroup Merg_Ngroup H4_step_sum H4_no_NB    Ep-Ep_sum   Ep-Sp_sum  
      38.883           0           0      0.9834   0.0039062           0           0      156.48    0.085938  8.7149e+05       13182
**** Number of members in clusters (global):
N_members:            1           2           3           4           5           6           7           8           9          10          11          12
Count    :       979.45      4.6924     0.22266    0.018555   0.0058594     0.11328     0.11133     0.14648    0.070312    0.077148     0.10742     0.11035
N_members:           13          14          15          16          17          18          19          20
Count    :       0.0625    0.082031    0.041016    0.025391   0.0039062    0.017578    0.023438   0.0019531

Time: 35  N_real(loc): 1000  N_real(glb): 1000  N_all(loc): 1000  N_all(glb): 1000  N_remove(glb): 0  N_escape(glb): 0
Energy:     Error/Total         Error     Error_cum         Total       Kinetic     Potential        Modify  Modify_group Modify_single      Error_PP  Error_PP_cum
Physic:     0.007083402     -2.320571      -0.65453     -327.6068      491.6915     -819.2984 -0.0009051239             0             0 -0.0001713099  -0.001053861
Slowdown:   0.007083402     -2.320571      -0.65453     -327.6068      491.6915     -819.2984 -0.0009051242             0             0 -0.0001713095  -0.001053856
Angular Momentum:  |L|err: 0.0003417219  |L|err_cum: 0.02013915  L: -10.96192   -48.10888    2.71654  |L|: 49.41667
C.M.: mass: 592.3055 pos: -0.01675773   0.2397562    0.8264058 vel: 0.0189471   0.05479912    0.08073418
Tree step number: 1024
**** Wallclock time per step (local): [Min/Max]
 Total       PP_single   PP_cluster  PP_cross    Tree_NB     Tree_Force  Force_corr  Kick        FindCluster CreateGroup MPI_comm    Output      Status      Other      
   0.0012985  7.2128e-06  0.00039983           0  0.00015584  0.00069683  1.0272e-05  3.4882e-06  1.3109e-05  1.2176e-05  6.0692e-07  5.0675e-07  4.7549e-09  1.6344e-06
   0.0012986  7.2425e-06  0.00039988           0   0.0001546  0.00069289  1.0317e-05  3.5178e-06  1.3143e-05  1.2192e-05  6.3613e-07  5.0685e-07  4.7842e-09  1.6951e-06
**** FDPS tree soft force time profile (local):
 Sample_ptcl Domain_deco Ex_ptcl     SetRootCell Make_LT     Make_LET    Make_GT     Make_Group  Make_I_list Calc_force  Write_back 
           0           0           0  3.8562e-06  0.00011507  1.5559e-05  8.7966e-05  1.5666e-06  3.4345e-05  0.00038923  8.6413e-06
**** Tree neighbor time profile (local):
 Sample_ptcl Domain_deco Ex_ptcl     SetRootCell Make_LT     Make_LET    Make_GT     Make_Group  Make_I_list Calc_force  Write_back 
           0           0           0  1.8668e-06  5.1821e-05  8.6286e-06  3.8134e-05  3.6815e-07  8.9366e-06  3.0354e-05  2.6933e-06
**** Number per step (global):
 PP_single   PP_cluster  PP_cross    Cluster     Cross       AR_step_sum
      979.25      20.754           0      4.5449           0      119.66
 AR_tsyn_sum Stab_Ngroup Iso_Ngroup  Form_Ngroup End_Ngroup  Modf_Ngroup Merg_Ngroup H4_step_sum H4_no_NB    Ep-Ep_sum   Ep-Sp_sum  
      41.483           0           0     0.86523           0           0           0      189.66    0.098633  8.8098e+05       12620
**** Number of members in clusters (global):
N_members:            1           2           3           9          10          11          12          13          14          15          16          17
Count    :       979.25      3.4072      0.1377   0.0039062     0.13281     0.17285     0.23535     0.11719    0.035156    0.054688    0.037109    0.058594
N_members:           18          19          20          21          22
Count    :     0.041016    0.017578    0.048828    0.025391    0.019531

Time: 36  N_real(loc): 1000  N_real(glb): 1000  N_all(loc): 1000  N_all(glb): 1000  N_remove(glb): 0  N_escape(glb): 0
Energy:     Error/Total         Error     Error_cum         Total       Kinetic     Potential        Modify  Modify_group Modify_single      Error_PP  Error_PP_cum
Physic:    -0.000263066    0.08615956    -0.5683704     -327.5207      1233.475     -1560.996 -0.0009052139             0             0 -0.0006089847  -0.001662846
Slowdown:  -0.000263066    0.08615956    -0.5683704     -327.5207      1233.475     -1560.996 -0.0009052142             0             0 -0.0006089855  -0.001662842
Angular Momentum:  |L|err: 0.0003847548  |L|err_cum: 0.0205239  L: -10.96219   -48.10931    2.716765  |L|: 49.41717
C.M.: mass: 592.3055 pos: 0.06698564   0.2526645    0.8053835 vel: 0.04607045   0.03183576    -0.03268772
Tree step number: 1024
**** Wallclock time per step (local): [Min/Max]
 Total       PP_single   PP_cluster  PP_cross    Tree_NB     Tree_Force  Force_corr  Kick        FindCluster CreateGroup MPI_comm    Output      Status      Other      
   0.0011764   6.948e-06  0.00035735           0  0.00014588  0.00062824  9.1902e-06  3.4856e-06  1.3093e-05  1.2143e-05  5.9736e-07  6.7082e-07  5.2832e-09  1.5875e-06
   0.0011764  6.9775e-06   0.0003574           0  0.00014479  0.00062441  9.2347e-06  3.5153e-06  1.3127e-05  1.2159e-05  6.2666e-07  6.7096e-07  5.3125e-09  1.6482e-06
**** FDPS tree soft force time profile (local):
 Sample_ptcl Domain_deco Ex_ptcl     SetRootCell Make_LT     Make_LET    Make_GT     Make_Group  Make_I_list Calc_force  Write_back 
           0           0           0  3.6709e-06  0.00011395  1.5315e-05  8.8637e-05  1.5905e-06  3.5286e-05  0.00032006  8.4153e-06
**** Tree neighbor time profile (local):
 Sample_ptcl Domain_deco Ex_ptcl     SetRootCell Make_LT     Make_LET    Make_GT     Make_Group  Make_I_list Calc_force  Write_back 
           0           0           0   1.689e-06  5.0539e-05  8.5724e-06   3.753e-05  3.4783e-07  9.5903e-06  2.1556e-05  2.3892e-06
**** Number per step (global):
 PP_single   PP_cluster  PP_cross    Cluster     Cross       AR_step_sum
      978.32      21.685           0      5.6221           0      101.57
 AR_tsyn_sum Stab_Ngroup Iso_Ngroup  Form_Ngroup End_Ngroup  Modf_Ngroup Merg_Ngroup H4_step_sum H4_no_NB    Ep-Ep_sum   Ep-Sp_sum  
      34.019           0           0      0.6875   0.0029297           0           0      216.57    0.095703  8.8617e+05       11328
**** Number of members in clusters (global):
N_members:            1           2           3           7           8           9          10          11          12          13          14          15
Count    :       978.32      4.4893     0.13281    0.023438    0.077148    0.037109    0.068359     0.12207      0.1582     0.19336       0.125     0.13477
N_members:           16          17
Count    :     0.046875    0.013672

Time: 37  N_real(loc): 1000  N_real(glb): 1000  N_all(loc): 1000  N_all(glb): 1000  N_remove(glb): 0  N_escape(glb): 0
Energy:     Error/Total         Error     Error_cum         Total       Kinetic     Potential        Modify  Modify_group Modify_single      Error_PP  Error_PP_cum
Physic:   -1.456415e-05    0.00476999    -0.5636004     -327.5159       1408.84     -1736.356   -0.00090522             0             0   0.001906855  0.0002440099
Slowdown: -1.456415e-05    0.00476999    -0.5636004     -327.5159       1408.84     -1736.356 -0.0009052203             0             0   0.001906855  0.0002440138
Angular Momentum:  |L|err: 0.0001181167  |L|err_cum: 0.02064202  L: -10.96219   -48.10943    2.716821  |L|: 49.41728
C.M.: mass: 592.3055 pos: 0.122555   0.234804    0.7652896 vel: 0.06357591   0.01170721    -0.05162426
Tree step number: 1024
**** Wallclock time per step (local): [Min/Max]
 Total       PP_single   PP_cluster  PP_cross    Tree_NB     Tree_Force  Force_corr  Kick        FindCluster CreateGroup MPI_comm    Output      Status      Other      
   0.0014233  8.0402e-06  0.00037808           0  0.00015751   0.0008377  9.7457e-06  3.7267e-06  1.5289e-05  1.2738e-05  7.2768e-07  5.2439e-07  4.7646e-09  1.7677e-06
   0.0014233  8.0704e-06  0.00037813           0  0.00015637  0.00083368  9.7908e-06   3.757e-06  1.5323e-05  1.2754e-05  7.5719e-07   5.245e-07  4.7842e-09   1.832e-06
**** FDPS tree soft force time profile (local):
 Sample_ptcl Domain_deco Ex_ptcl     SetRootCell Make_LT     Make_LET    Make_GT     Make_Group  Make_I_list Calc_force  Write_back 
           0           0           0  3.7911e-06  0.00011942  1.6163e-05  9.2315e-05  1.6427e-06  3.6149e-05  0.00051423   8.932e-06
**** Tree neighbor time profile (local):
 Sample_ptcl Domain_deco Ex_ptcl     SetRootCell Make_LT     Make_LET    Make_GT     Make_Group  Make_I_list Calc_force  Write_back 
           0           0           0  1.7795e-06  5.2393e-05  8.9513e-06  3.8572e-05  3.8815e-07  9.6553e-06  2.5723e-05  2.5454e-06
**** Number per step (global):
 PP_single   PP_cluster  PP_cross    Cluster     Cross       AR_step_sum
      976.26      23.735           0       6.749           0      124.93
 AR_tsyn_sum Stab_Ngroup Iso_Ngroup  Form_Ngroup End_Ngroup  Modf_Ngroup Merg_Ngroup H4_step_sum H4_no_NB    Ep-Ep_sum   Ep-Sp_sum  
      41.391           0           0       1.043   0.0039062           0           0      183.32     0.10254  8.7827e+05       12705
**** Number of members in clusters (global):
N_members:            1           2           3           6           7           8           9          10          11          12          13          14
Count    :       976.26      5.5703     0.17871    0.019531    0.011719     0.13086     0.09375      0.0625     0.10352     0.12109     0.11523     0.11133
N_members:           15          16          17          18          19          20
Count    :     0.072266    0.095703    0.052734   0.0039062   0.0039062   0.0019531

Time: 38  N_real(loc): 1000  N_real(glb): 1000  N_all(loc): 1000  N_all(glb): 1000  N_remove(glb): 0  N_escape(glb): 0
Energy:     Error/Total         Error     Error_cum         Total       Kinetic     Potential        Modify  Modify_group Modify_single      Error_PP  Error_PP_cum
Physic:    3.263664e-05   -0.01068937    -0.5742898     -327.5266      505.4656     -832.9922 -0.0009046881             0             0 -8.394012e-06  0.0002356159
Slowdown:  3.263664e-05   -0.01068937    -0.5742898     -327.5266      505.4656     -832.9922 -0.0009046884             0             0  -8.39408e-06  0.0002356197
Angular Momentum:  |L|err: 0.0001550521  |L|err_cum: 0.02079707  L: -10.96205   -48.10954    2.716913  |L|: 49.41736
C.M.: mass: 592.3055 pos: 0.1714404   0.2233167    0.7127818 vel: 0.02172189   -0.00963071    -0.011092
Tree step number: 1024
**** Wallclock time per step (local): [Min/Max]
 Total       PP_single   PP_cluster  PP_cross    Tree_NB     Tree_Force  Force_corr  Kick        FindCluster CreateGroup MPI_comm    Output      Status      Other      
   0.0012822  7.8448e-06  0.00031688           0  0.00015274  0.00076523  8.8705e-06  3.6911e-06  1.3894e-05  1.3401e-05  6.3822e-07  4.9884e-07  5.0283e-09  1.8042e-06
   0.0012823  7.8748e-06  0.00031693           0  0.00015152   0.0007609  8.9151e-06   3.721e-06  1.3929e-05  1.3417e-05  6.6792e-07  4.9895e-07  5.0586e-09   1.867e-06
**** FDPS tree soft force time profile (local):
 Sample_ptcl Domain_deco Ex_ptcl     SetRootCell Make_LT     Make_LET    Make_GT     Make_Group  Make_I_list Calc_force  Write_back 
           0           0           0  4.4488e-06  0.00012197  1.6186e-05  9.3764e-05   1.635e-06  3.3899e-05  0.00044277  9.5305e-06
**** Tree neighbor time profile (local):
 Sample_ptcl Domain_deco Ex_ptcl     SetRootCell Make_LT     Make_LET    Make_GT     Make_Group  Make_I_list Calc_force  Write_back 
           0           0           0   1.812e-06  5.3135e-05  9.1216e-06  3.9596e-05  3.7381e-07  8.2512e-06  2.4978e-05  2.6764e-06
**** Number per step (global):
 PP_single   PP_cluster  PP_cross    Cluster     Cross       AR_step_sum
      979.93      20.066           0      5.4004           0      112.94
 AR_tsyn_sum Stab_Ngroup Iso_Ngroup  Form_Ngroup End_Ngroup  Modf_Ngroup Merg_Ngroup H4_step_sum H4_no_NB    Ep-Ep_sum   Ep-Sp_sum  
      38.915           0           0      1.0176   0.0019531           0           0      136.18     0.11035  8.7195e+05       13926
**** Number of members in clusters (global):
N_members:            1           2           3           4           5           6           7           8           9          10          11          12
Count    :       979.93       4.123     0.25195    0.025391   0.0039062    0.079102     0.17188    0.079102    0.027344     0.11523     0.11133    0.080078
N_members:           13          14          15          16          17          18          19          20
Count    :      0.10938     0.03125    0.060547    0.046875    0.035156    0.019531   0.0039062    0.025391

Time: 39  N_real(loc): 1000  N_real(glb): 1000  N_all(loc): 1000  N_all(glb): 1000  N_remove(glb): 0  N_escape(glb): 0
Energy:     Error/Total         Error     Error_cum         Total       Kinetic     Potential        Modify  Modify_group Modify_single      Error_PP  Error_PP_cum
Physic:      2.9995e-05  -0.009824454    -0.5841142     -327.5364      1237.541     -1565.077 -0.0009047283             0             0  5.244505e-06  0.0002408604
Slowdown:    2.9995e-05  -0.009824454    -0.5841142     -327.5364      1237.541     -1565.077 -0.0009047286             0             0  5.245024e-06  0.0002408647
Angular Momentum:  |L|err: 8.258447e-05  |L|err_cum: 0.02087966  L: -10.96199   -48.1096    2.716959  |L|: 49.41741
C.M.: mass: 592.3055 pos: 0.2269099   0.2144939    0.7052188 vel: 0.08195739   0.002186376    -0.008947913
Tree step number: 1024
**** Wallclock time per step (local): [Min/Max]
 Total       PP_single   PP_cluster  PP_cross    Tree_NB     Tree_Force  Force_corr  Kick        FindCluster CreateGroup MPI_comm    Output      Status      Other      
   0.0012862  7.7388e-06   0.0002976           0  0.00015789  0.00078796   7.107e-06  3.6459e-06  1.2173e-05  1.2858e-05  6.3121e-07  4.8588e-07  4.8037e-09  1.7248e-06
   0.0012862  7.7687e-06  0.00029765           0  0.00015665  0.00078361  7.1517e-06  3.6758e-06  1.2206e-05  1.2874e-05  6.6076e-07    4.86e-07   4.834e-09  1.7875e-06
**** FDPS tree soft force time profile (local):
 Sample_ptcl Domain_deco Ex_ptcl     SetRootCell Make_LT     Make_LET    Make_GT     Make_Group  Make_I_list Calc_force  Write_back 
           0           0           0  3.6147e-06  0.00011861  1.6671e-05  9.1946e-05  1.6664e-06  3.2255e-05  0.00047295  9.5549e-06
**** Tree neighbor time profile (local):
 Sample_ptcl Domain_deco Ex_ptcl     SetRootCell Make_LT     Make_LET    Make_GT     Make_Group  Make_I_list Calc_force  Write_back 
           0           0           0  2.1316e-06  5.2889e-05   8.888e-06  3.9912e-05  3.7236e-07   7.301e-06   2.984e-05  2.7213e-06
**** Number per step (global):
 PP_single   PP_cluster  PP_cross    Cluster     Cross       AR_step_sum
      983.02      16.984           0      4.9072           0      121.84
 AR_tsyn_sum Stab_Ngroup Iso_Ngroup  Form_Ngroup End_Ngroup  Modf_Ngroup Merg_Ngroup H4_step_sum H4_no_NB    Ep-Ep_sum   Ep-Sp_sum  
      42.503           0           0      1.0264           0           0           0      128.55    0.057617  8.7075e+05       12709
**** Number of members in clusters (global):
N_members:            1           2           3           4           5           6           7           8           9          10          11          12
Count    :       983.02      3.6455     0.22266    0.039062    0.025391    0.083008     0.16992     0.16113      0.1582     0.17188     0.14258    0.087891

Time: 40  N_real(loc): 1000  N_real(glb): 1000  N_all(loc): 1000  N_all(glb): 1000  N_remove(glb): 0  N_escape(glb): 0
Energy:     Error/Total         Error     Error_cum         Total       Kinetic     Potential        Modify  Modify_group Modify_single      Error_PP  Error_PP_cum
Physic:   -2.307405e-05   0.007557417    -0.5765568     -327.5289      483.5893     -811.1181 -0.0009037923             0             0  2.885412e-07   0.000241149
Slowdown: -2.307405e-05   0.007557417    -0.5765568     -327.5289      483.5893     -811.1181 -0.0009037926             0             0  2.885598e-07  0.0002411533
Angular Momentum:  |L|err: 5.556969e-05  |L|err_cum: 0.02093523  L: -10.96205   -48.10968    2.716911  |L|: 49.4175
C.M.: mass: 592.3055 pos: 0.3083239   0.2332272    0.7078081 vel: 0.1044576   0.03379043    0.01495546
Tree step number: 1024
**** Wallclock time per step (local): [Min/Max]
 Total       PP_single   PP_cluster  PP_cross    Tree_NB     Tree_Force  Force_corr  Kick        FindCluster CreateGroup MPI_comm    Output      Status      Other      
   0.0013172  7.5078e-06  0.00029155           0  0.00015678  0.00082538   7.092e-06  3.4692e-06   1.261e-05  1.3314e-05  6.4185e-07  5.0254e-07  5.6943e-09  1.6768e-06
   0.0013172  7.5375e-06  0.00029159           0  0.00015557  0.00082127  7.1364e-06  3.4987e-06  1.2643e-05   1.333e-05  6.7145e-07  5.0265e-07  5.7236e-09  1.7408e-06
**** FDPS tree soft force time profile (local):
 Sample_ptcl Domain_deco Ex_ptcl     SetRootCell Make_LT     Make_LET    Make_GT     Make_Group  Make_I_list Calc_force  Write_back 
           0           0           0  3.8496e-06  0.00011794  1.6134e-05  9.2429e-05  1.7315e-06  3.4526e-05  0.00050608  9.0711e-06
**** Tree neighbor time profile (local):
 Sample_ptcl Domain_deco Ex_ptcl     SetRootCell Make_LT     Make_LET    Make_GT     Make_Group  Make_I_list Calc_force  Write_back 
           0           0           0  1.8395e-06  5.2176e-05  9.4062e-06  3.8761e-05  4.2515e-07  7.2318e-06  2.8966e-05  2.6476e-06
**** Number per step (global):
 PP_single   PP_cluster  PP_cross    Cluster     Cross       AR_step_sum
       981.5      18.502           0      5.4746           0      121.78
 AR_tsyn_sum Stab_Ngroup Iso_Ngroup  Form_Ngroup End_Ngroup  Modf_Ngroup Merg_Ngroup H4_step_sum H4_no_NB    Ep-Ep_sum   Ep-Sp_sum  
      42.516           0           0      1.0293   0.0039062           0           0      124.47    0.064453  8.6039e+05       14385
**** Number of members in clusters (global):
N_members:            1           2           3           5           6           7           8           9          10          11          12          13
Count    :        981.5      4.2324     0.24219   0.0058594    0.023438     0.17188     0.22168     0.20312    0.076172     0.11133    0.076172     0.10938
N_members:           14
Count    :   0.00097656

Time: 41  N_real(loc): 1000  N_real(glb): 1000  N_all(loc): 1000  N_all(glb): 1000  N_remove(glb): 0  N_escape(glb): 0
Energy:     Error/Total         Error     Error_cum         Total       Kinetic     Potential        Modify  Modify_group Modify_single      Error_PP  Error_PP_cum
Physic:   -7.146706e-05    0.02340585     -0.553151     -327.5054      962.6104     -1290.116 -0.0009029562             0             0  6.597135e-05  0.0003071203
Slowdown: -7.146706e-05    0.02340585     -0.553151     -327.5054      962.6104     -1290.116 -0.0009029565             0             0  6.597136e-05  0.0003071246
Angular Momentum:  |L|err: -2.461875e-05  |L|err_cum: 0.02091061  L: -10.96207   -48.10966    2.716936  |L|: 49.41748
C.M.: mass: 592.3055 pos: 0.3849465   0.2527471    0.7082662 vel: 0.1202617   0.01188704    -0.0278272
Tree step number: 1024
**** Wallclock time per step (local): [Min/Max]
 Total       PP_single   PP_cluster  PP_cross    Tree_NB     Tree_Force  Force_corr  Kick        FindCluster CreateGroup MPI_comm    Output      Status      Other      
   0.0012442  7.3474e-06  0.00034273           0  0.00015178  0.00070663  7.7481e-06  3.4659e-06  1.2492e-05  1.2573e-05  7.0064e-07  5.8499e-07  7.6709e-09  1.6988e-06
   0.0012442  7.3771e-06  0.00034278           0  0.00015025   0.0007025  7.7925e-06  3.4956e-06  1.2525e-05  1.2589e-05  7.2989e-07  5.8542e-07  7.7002e-09  1.7605e-06
**** FDPS tree soft force time profile (local):
 Sample_ptcl Domain_deco Ex_ptcl     SetRootCell Make_LT     Make_LET    Make_GT     Make_Group  Make_I_list Calc_force  Write_back 
           0           0           0  3.5587e-06  0.00011702  1.5276e-05  9.2077e-05  1.6013e-06  3.7571e-05  0.00038927  9.0459e-06
**** Tree neighbor time profile (local):
 Sample_ptcl Domain_deco Ex_ptcl     SetRootCell Make_LT     Make_LET    Make_GT     Make_Group  Make_I_list Calc_force  Write_back 
           0           0           0  1.9364e-06  5.1702e-05  8.5624e-06  3.9357e-05  4.4546e-07  8.1066e-06  2.5335e-05  3.2754e-06
**** Number per step (global):
 PP_single   PP_cluster  PP_cross    Cluster     Cross       AR_step_sum
      982.69      17.314           0      4.5342           0      134.45
 AR_tsyn_sum Stab_Ngroup Iso_Ngroup  Form_Ngroup End_Ngroup  Modf_Ngroup Merg_Ngroup H4_step_sum H4_no_NB    Ep-Ep_sum   Ep-Sp_sum  
      46.688           0           0       1.043   0.0029297           0           0      134.28     0.09375  8.5692e+05       14553
**** Number of members in clusters (global):
N_members:            1           2           3           4           6           7           8           9          10          11          12          13
Count    :       982.69       3.335     0.17188    0.027344    0.010742    0.050781     0.17188      0.2832    0.074219     0.22461    0.091797    0.019531
N_members:           14          15          16
Count    :      0.02832   0.0078125    0.037109

Time: 42  N_real(loc): 1000  N_real(glb): 1000  N_all(loc): 1000  N_all(glb): 1000  N_remove(glb): 0  N_escape(glb): 0
Energy:     Error/Total         Error     Error_cum         Total       Kinetic     Potential        Modify  Modify_group Modify_single      Error_PP  Error_PP_cum
Physic:    0.0001776147   -0.05818011    -0.6113311     -327.5636      4933.015     -5260.578 -0.0009006263             0             0  0.0006589798  0.0009661001
Slowdown:  0.0001776147   -0.05818011    -0.6113311     -327.5636      4933.015     -5260.578 -0.0009006266             0             0  0.0006589798  0.0009661044
Angular Momentum:  |L|err: 2.870329e-05  |L|err_cum: 0.02093931  L: -10.96209   -48.10969    2.716946  |L|: 49.41752
C.M.: mass: 592.3055 pos: 0.492328   0.2698186    0.725538 vel: 0.1853131   0.03719581    -0.0372056
Tree step number: 1024
**** Wallclock time per step (local): [Min/Max]
 Total       PP_single   PP_cluster  PP_cross    Tree_NB     Tree_Force  Force_corr  Kick        FindCluster CreateGroup MPI_comm    Output      Status      Other      
   0.0012457  7.5386e-06  0.00035591           0  0.00014936  0.00069581  7.1651e-06  3.3404e-06   1.296e-05  1.3299e-05  6.5732e-07  4.8579e-07  4.7158e-09  1.8492e-06
   0.0012457  7.5685e-06  0.00035595           0  0.00014815  0.00069212  7.2099e-06  3.3815e-06  1.2995e-05  1.3315e-05  6.8706e-07   4.859e-07  4.7451e-09  1.9119e-06
**** FDPS tree soft force time profile (local):
 Sample_ptcl Domain_deco Ex_ptcl     SetRootCell Make_LT     Make_LET    Make_GT     Make_Group  Make_I_list Calc_force  Write_back 
           0           0           0  3.7408e-06  0.00012061   1.622e-05   9.342e-05  1.6083e-06  3.8997e-05  0.00037174  8.3303e-06
**** Tree neighbor time profile (local):
 Sample_ptcl Domain_deco Ex_ptcl     SetRootCell Make_LT     Make_LET    Make_GT     Make_Group  Make_I_list Calc_force  Write_back 
           0           0           0  1.8115e-06  5.3246e-05  8.5436e-06  3.9578e-05  4.3223e-07  8.7696e-06  2.1311e-05  2.6476e-06
**** Number per step (global):
 PP_single   PP_cluster  PP_cross    Cluster     Cross       AR_step_sum
      983.37      16.632           0      4.3916           0      150.59
 AR_tsyn_sum Stab_Ngroup Iso_Ngroup  Form_Ngroup End_Ngroup  Modf_Ngroup Merg_Ngroup H4_step_sum H4_no_NB    Ep-Ep_sum   Ep-Sp_sum  
      52.636           0           0      1.0156   0.0029297           0           0      132.15     0.13672  8.5489e+05       15021
**** Number of members in clusters (global):
N_members:            1           2           3           4           5           6           7           8           9          10          11          12
Count    :       983.37      3.0381     0.24219    0.091797     0.11426     0.11426    0.042969     0.10352     0.11914     0.17383     0.18359    0.095703
N_members:           13          15          16          18
Count    :    0.0097656    0.037109    0.021484   0.0039062

Time: 43  N_real(loc): 1000  N_real(glb): 1000  N_all(loc): 1000  N_all(glb): 1000  N_remove(glb): 0  N_escape(glb): 0
Energy:     Error/Total         Error     Error_cum         Total       Kinetic     Potential        Modify  Modify_group Modify_single      Error_PP  Error_PP_cum
Physic:    0.0004486101    -0.1470143    -0.7583454     -327.7106      618.9834      -946.694 -0.0008794677             0             0 -3.090284e-05  0.0009351973
Slowdown:  0.0004486101    -0.1470143    -0.7583454     -327.7106      618.9834      -946.694  -0.000879468             0             0 -3.090284e-05  0.0009352016
Angular Momentum:  |L|err: -5.995379e-05  |L|err_cum: 0.02087936  L: -10.96221   -48.10965    2.717001  |L|: 49.41751
C.M.: mass: 592.3055 pos: 0.6097333   0.299287    0.7177826 vel: 0.1055442   0.02749725    0.006219721
Tree step number: 1024
**** Wallclock time per step (local): [Min/Max]
 Total       PP_single   PP_cluster  PP_cross    Tree_NB     Tree_Force  Force_corr  Kick        FindCluster CreateGroup MPI_comm    Output      Status      Other      
   0.0011474   7.446e-06  0.00028554           0  0.00014904  0.00067346   5.446e-06  3.4295e-06  1.1012e-05  1.2111e-05  7.5472e-07  4.9249e-07   4.834e-09  1.7915e-06
   0.0011475  7.4759e-06  0.00028559           0  0.00014794  0.00066945  5.5072e-06   3.459e-06  1.1045e-05  1.2127e-05  7.8438e-07  4.9259e-07  4.8633e-09  1.8532e-06
**** FDPS tree soft force time profile (local):
 Sample_ptcl Domain_deco Ex_ptcl     SetRootCell Make_LT     Make_LET    Make_GT     Make_Group  Make_I_list Calc_force  Write_back 
           0           0           0  3.6829e-06  0.00011661  1.5197e-05  9.1798e-05   1.725e-06  3.4442e-05  0.00036071  8.8147e-06
**** Tree neighbor time profile (local):
 Sample_ptcl Domain_deco Ex_ptcl     SetRootCell Make_LT     Make_LET    Make_GT     Make_Group  Make_I_list Calc_force  Write_back 
           0           0           0  1.7523e-06  5.1953e-05  8.2718e-06  3.8655e-05  3.9189e-07  7.9901e-06  2.5898e-05  2.4042e-06
**** Number per step (global):
 PP_single   PP_cluster  PP_cross    Cluster     Cross       AR_step_sum
      986.47      13.525           0      4.4268           0       146.7
 AR_tsyn_sum Stab_Ngroup Iso_Ngroup  Form_Ngroup End_Ngroup  Modf_Ngroup Merg_Ngroup H4_step_sum H4_no_NB    Ep-Ep_sum   Ep-Sp_sum  
      51.691           0           0      1.0049  0.00097656           0           0      106.53     0.10938  8.7233e+05       13536
**** Number of members in clusters (global):
N_members:            1           2           3           4           5           6           7           8           9
Count    :       986.47      3.3193     0.13281    0.060547     0.15527     0.25195     0.19434     0.21484    0.097656

Time: 44  N_real(loc): 1000  N_real(glb): 1000  N_all(loc): 1000  N_all(glb): 1000  N_remove(glb): 0  N_escape(glb): 0
Energy:     Error/Total         Error     Error_cum         Total       Kinetic     Potential        Modify  Modify_group Modify_single      Error_PP  Error_PP_cum
Physic:   -0.0005879256     0.1925562    -0.5657891     -327.5181      584.2469      -911.765 -0.0008797271             0             0  0.0001255442   0.001060741
Slowdown: -0.0005879256     0.1925562    -0.5657891     -327.5181      584.2469      -911.765 -0.0008797274             0             0  0.0001255442   0.001060746
Angular Momentum:  |L|err: -8.382669e-05  |L|err_cum: 0.02079553  L: -10.96228   -48.10954    2.717173  |L|: 49.41743
C.M.: mass: 592.3055 pos: 0.7414314   0.3556429    0.7200704 vel: 0.1366349   0.04549678    0.02091672
Tree step number: 1024
**** Wallclock time per step (local): [Min/Max]
 Total       PP_single   PP_cluster  PP_cross    Tree_NB     Tree_Force  Force_corr  Kick        FindCluster CreateGroup MPI_comm    Output      Status      Other      
   0.0013121  7.8747e-06   0.0003254           0  0.00015832  0.00078516  6.4965e-06  3.5056e-06   1.264e-05  1.3069e-05  6.2061e-07  5.2061e-07  4.7256e-09  1.7827e-06
   0.0013121  7.9046e-06  0.00032544           0  0.00015704  0.00078117  6.5412e-06  3.5357e-06  1.2674e-05  1.3084e-05  6.4985e-07   5.207e-07  4.7549e-09  1.8458e-06
**** FDPS tree soft force time profile (local):
 Sample_ptcl Domain_deco Ex_ptcl     SetRootCell Make_LT     Make_LET    Make_GT     Make_Group  Make_I_list Calc_force  Write_back 
           0           0           0   4.045e-06  0.00012044  1.6268e-05  9.3425e-05  1.7437e-06  3.6764e-05  0.00046291  8.9091e-06
**** Tree neighbor time profile (local):
 Sample_ptcl Domain_deco Ex_ptcl     SetRootCell Make_LT     Make_LET    Make_GT     Make_Group  Make_I_list Calc_force  Write_back 
           0           0           0  1.8676e-06  5.3652e-05  8.9052e-06  3.9387e-05  4.4208e-07  8.3334e-06  3.0101e-05  2.7986e-06
**** Number per step (global):
 PP_single   PP_cluster  PP_cross    Cluster     Cross       AR_step_sum
       982.9      17.097           0      5.2236           0      149.46
 AR_tsyn_sum Stab_Ngroup Iso_Ngroup  Form_Ngroup End_Ngroup  Modf_Ngroup Merg_Ngroup H4_step_sum H4_no_NB    Ep-Ep_sum   Ep-Sp_sum  
      52.317           0           0      1.0137   0.0019531           0           0      126.96     0.15723  8.5178e+05       17071
**** Number of members in clusters (global):
N_members:            1           2           3           4           5           6           7           8           9          10          11          12
Count    :        982.9      3.7754     0.36328    0.083984     0.12988     0.24219     0.24512    0.074219    0.051758    0.021484    0.080078    0.021484
N_members:           13          14          15          16          17
Count    :     0.035156    0.080078   0.0097656   0.0019531   0.0078125

Time: 45  N_real(loc): 1000  N_real(glb): 1000  N_all(loc): 1000  N_all(glb): 1000  N_remove(glb): 0  N_escape(glb): 0
Energy:     Error/Total         Error     Error_cum         Total       Kinetic     Potential        Modify  Modify_group Modify_single      Error_PP  Error_PP_cum
Physic:    0.0001525347   -0.04996549    -0.6157546      -327.568      535.9419     -863.5099 -0.0008845382             0             0 -1.153936e-05   0.001049202
Slowdown:  0.0001525347   -0.04996549    -0.6157546      -327.568      535.9419     -863.5099 -0.0008845385             0             0 -1.153936e-05   0.001049206
Angular Momentum:  |L|err: 5.123867e-05  |L|err_cum: 0.02084677  L: -10.96217   -48.10959    2.717053  |L|: 49.41745
C.M.: mass: 592.3055 pos: 0.8446685   0.389388    0.7250908 vel: 0.126413   0.02452261    0.02552637
Tree step number: 1024
**** Wallclock time per step (local): [Min/Max]
 Total       PP_single   PP_cluster  PP_cross    Tree_NB     Tree_Force  Force_corr  Kick        FindCluster CreateGroup MPI_comm    Output      Status      Other      
   0.0012201  7.4192e-06  0.00032924           0  0.00014943  0.00069823  6.8328e-06  3.3928e-06  1.2303e-05  1.3094e-05  7.2004e-07  7.1323e-07  5.0586e-09  1.6698e-06
   0.0012201  7.4491e-06  0.00032928           0  0.00014828  0.00069426  6.8775e-06  3.4225e-06  1.2336e-05   1.311e-05  7.4967e-07  7.1339e-07  5.0879e-09   1.733e-06
**** FDPS tree soft force time profile (local):
 Sample_ptcl Domain_deco Ex_ptcl     SetRootCell Make_LT     Make_LET    Make_GT     Make_Group  Make_I_list Calc_force  Write_back 
           0           0           0  3.6944e-06  0.00011835   1.565e-05  9.1671e-05  1.7542e-06  4.4369e-05  0.00037124  8.7453e-06
**** Tree neighbor time profile (local):
 Sample_ptcl Domain_deco Ex_ptcl     SetRootCell Make_LT     Make_LET    Make_GT     Make_Group  Make_I_list Calc_force  Write_back 
           0           0           0  1.7923e-06  5.3137e-05  8.9726e-06  3.8308e-05  4.9066e-07  8.4512e-06  2.0924e-05  2.5452e-06
**** Number per step (global):
 PP_single   PP_cluster  PP_cross    Cluster     Cross       AR_step_sum
      985.85      14.149           0      3.4707           0      150.15
 AR_tsyn_sum Stab_Ngroup Iso_Ngroup  Form_Ngroup End_Ngroup  Modf_Ngroup Merg_Ngroup H4_step_sum H4_no_NB    Ep-Ep_sum   Ep-Sp_sum  
      52.703           0           0           1           0           0           0      115.96    0.044922  8.4484e+05       19439
**** Number of members in clusters (global):
N_members:            1           2           3           4           5           6           7           8           9          10          11          12
Count    :       985.85      2.3037    0.099609    0.064453    0.083008    0.029297     0.21191    0.097656     0.15137     0.15234     0.14844    0.083984
N_members:           13          14
Count    :     0.025391    0.019531

Time: 46  N_real(loc): 1000  N_real(glb): 1000  N_all(loc): 1000  N_all(glb): 1000  N_remove(glb): 0  N_escape(glb): 0
Energy:     Error/Total         Error     Error_cum         Total       Kinetic     Potential        Modify  Modify_group Modify_single      Error_PP  Error_PP_cum
Physic:   -0.0005118728     0.1675874    -0.4481672     -327.4004      549.1242     -876.5246 -0.0008833206             0             0  1.289581e-05   0.001062098
Slowdown: -0.0005118728     0.1675874    -0.4481672     -327.4004      549.1242     -876.5246 -0.0008833209             0             0  1.289582e-05   0.001062102
Angular Momentum:  |L|err: -7.39753e-05  |L|err_cum: 0.0207728  L: -10.96216   -48.10954    2.716913  |L|: 49.41739
C.M.: mass: 592.3055 pos: 0.9656094   0.4340497    0.7507888 vel: 0.1240882   0.03138611    0.01329619
Tree step number: 1024
**** Wallclock time per step (local): [Min/Max]
 Total       PP_single   PP_cluster  PP_cross    Tree_NB     Tree_Force  Force_corr  Kick        FindCluster CreateGroup MPI_comm    Output      Status      Other      
   0.0012388  7.1533e-06  0.00033436           0  0.00015179  0.00071254   6.276e-06  3.5395e-06  1.0952e-05  1.2441e-05  6.6437e-07  5.8965e-07   6.623e-09    1.78e-06
   0.0012388  7.1834e-06  0.00033441           0  0.00015064  0.00070851  6.3205e-06  3.5691e-06  1.0986e-05  1.2457e-05  6.9373e-07  5.8979e-07  6.6729e-09  1.8415e-06
**** FDPS tree soft force time profile (local):
 Sample_ptcl Domain_deco Ex_ptcl     SetRootCell Make_LT     Make_LET    Make_GT     Make_Group  Make_I_list Calc_force  Write_back 
           0           0           0  3.5811e-06  0.00011666  1.5376e-05  9.2394e-05  1.6677e-06  3.9994e-05  0.00039229  8.8868e-06
**** Tree neighbor time profile (local):
 Sample_ptcl Domain_deco Ex_ptcl     SetRootCell Make_LT     Make_LET    Make_GT     Make_Group  Make_I_list Calc_force  Write_back 
           0           0           0     1.9e-06  5.1521e-05  8.6251e-06  3.9239e-05  4.1169e-07  7.9959e-06  2.6033e-05  2.5268e-06
**** Number per step (global):
 PP_single   PP_cluster  PP_cross    Cluster     Cross       AR_step_sum
      988.38      11.618           0      2.7764           0       157.3
 AR_tsyn_sum Stab_Ngroup Iso_Ngroup  Form_Ngroup End_Ngroup  Modf_Ngroup Merg_Ngroup H4_step_sum H4_no_NB    Ep-Ep_sum   Ep-Sp_sum  
      55.669           0           0      1.0117   0.0029297           0           0      113.07    0.067383  8.8517e+05       13693
**** Number of members in clusters (global):
N_members:            1           2           3           4           5           6           7           8           9          10          11          12
Count    :       988.38      1.6592     0.15234    0.033203    0.048828     0.13477    0.063477     0.28711     0.18555     0.13086    0.035156    0.045898

Time: 47  N_real(loc): 1000  N_real(glb): 1000  N_all(loc): 1000  N_all(glb): 1000  N_remove(glb): 0  N_escape(glb): 0
Energy:     Error/Total         Error     Error_cum         Total       Kinetic     Potential        Modify  Modify_group Modify_single      Error_PP  Error_PP_cum
Physic:     -0.00154033     0.5035292    0.05536194     -326.8969      648.8527     -975.7496  -0.000916042             0             0 -7.670418e-06   0.001054428
Slowdown:   -0.00154033     0.5035292    0.05536194     -326.8969      648.8527     -975.7496 -0.0009160423             0             0 -7.670409e-06   0.001054432
Angular Momentum:  |L|err: 0.0001345034  |L|err_cum: 0.0209073  L: -10.96192   -48.10966    2.716669  |L|: 49.41744
C.M.: mass: 592.3055 pos: 1.046194   0.483239    0.7990295 vel: 0.09248061   0.08506855    0.04295964
Tree step number: 1024
**** Wallclock time per step (local): [Min/Max]
 Total       PP_single   PP_cluster  PP_cross    Tree_NB     Tree_Force  Force_corr  Kick        FindCluster CreateGroup MPI_comm    Output      Status      Other      
   0.0014124  8.0615e-06  0.00037154           0  0.00015414  0.00083973   6.985e-06  3.5345e-06  1.4355e-05  1.4104e-05  6.4102e-07  6.7036e-07  6.3506e-09  2.0984e-06
   0.0014125  8.0918e-06  0.00037159           0  0.00015286  0.00083535  7.0429e-06  3.5644e-06  1.4391e-05  1.4121e-05  6.7049e-07  6.7053e-07  6.3799e-09  2.1637e-06
**** FDPS tree soft force time profile (local):
 Sample_ptcl Domain_deco Ex_ptcl     SetRootCell Make_LT     Make_LET    Make_GT     Make_Group  Make_I_list Calc_force  Write_back 
           0           0           0  4.3382e-06  0.00012317  1.7158e-05    9.84e-05  1.9702e-06  5.4588e-05  0.00048539  9.6765e-06
**** Tree neighbor time profile (local):
 Sample_ptcl Domain_deco Ex_ptcl     SetRootCell Make_LT     Make_LET    Make_GT     Make_Group  Make_I_list Calc_force  Write_back 
           0           0           0  2.0344e-06  5.6128e-05  9.9548e-06  4.0924e-05  5.2751e-07   1.051e-05  1.4338e-05  2.8036e-06
**** Number per step (global):
 PP_single   PP_cluster  PP_cross    Cluster     Cross       AR_step_sum
      986.28      13.718           0      3.3975           0      159.03
 AR_tsyn_sum Stab_Ngroup Iso_Ngroup  Form_Ngroup End_Ngroup  Modf_Ngroup Merg_Ngroup H4_step_sum H4_no_NB    Ep-Ep_sum   Ep-Sp_sum  
      56.219           0           0      1.0068   0.0019531           0           0      126.14    0.080078  8.5093e+05       19573
**** Number of members in clusters (global):
N_members:            1           2           3           5           6           7           8           9          10          11          12
Count    :       986.28      2.3486    0.048828    0.056641    0.099609     0.12793     0.18555     0.12109     0.11328     0.16016     0.13574

Time: 48  N_real(loc): 1000  N_real(glb): 1000  N_all(loc): 1012  N_all(glb): 1012  N_remove(glb): 0  N_escape(glb): 0
Energy:     Error/Total         Error     Error_cum         Total       Kinetic     Potential        Modify  Modify_group Modify_single      Error_PP  Error_PP_cum
Physic:     0.003936348     -1.260241     -1.204879     -320.1548      729.2324     -1049.387      8.001518             0             0    0.09114045    0.09219487
Slowdown:   0.003936348     -1.260241     -1.204879     -320.1548      729.2324     -1049.387      8.001518             0             0    0.09114045    0.09219488
Angular Momentum:  |L|err: 47.26938  |L|err_cum: 47.29029  L: 17.08332   -85.9287    -1.499705  |L|: 87.62323
C.M.: mass: 592.3055 pos: 1.143685   0.5512192    0.8023402 vel: 0.1156178   0.09658538    0.0571976
Tree step number: 1024
**** Wallclock time per step (local): [Min/Max]
 Total       PP_single   PP_cluster  PP_cross    Tree_NB     Tree_Force  Force_corr  Kick        FindCluster CreateGroup MPI_comm    Output      Status      Other      
   0.0014854  7.5431e-06  0.00047578           0  0.00015313  0.00081488  7.0097e-06  3.3803e-06  1.1027e-05  1.2876e-05  6.7821e-07  5.6877e-07  4.9121e-09  1.9991e-06
   0.0014854  7.5733e-06  0.00047583           0  0.00015186  0.00081033   7.055e-06  3.4103e-06  1.1062e-05  1.2891e-05  7.0792e-07  5.6891e-07  4.9414e-09  2.0636e-06
**** FDPS tree soft force time profile (local):
 Sample_ptcl Domain_deco Ex_ptcl     SetRootCell Make_LT     Make_LET    Make_GT     Make_Group  Make_I_list Calc_force  Write_back 
           0           0           0  3.9407e-06  0.00012057  1.6228e-05  9.2338e-05  1.8202e-06   4.354e-05  0.00048418  1.0006e-05
**** Tree neighbor time profile (local):
 Sample_ptcl Domain_deco Ex_ptcl     SetRootCell Make_LT     Make_LET    Make_GT     Make_Group  Make_I_list Calc_force  Write_back 
           0           0           0   1.794e-06  5.2632e-05  9.1587e-06  3.9843e-05  4.8116e-07  9.0442e-06  2.2916e-05  2.7784e-06
**** Number per step (global):
 PP_single   PP_cluster  PP_cross    Cluster     Cross       AR_step_sum
      988.47      11.526           0      2.8877           0      208.96
 AR_tsyn_sum Stab_Ngroup Iso_Ngroup  Form_Ngroup End_Ngroup  Modf_Ngroup Merg_Ngroup H4_step_sum H4_no_NB    Ep-Ep_sum   Ep-Sp_sum  
      71.878    0.081055           0     0.98828   0.0019531           0           0      140.69      0.1377  8.6429e+05       17183
**** Number of members in clusters (global):
N_members:            1           2           3           4           5           6           7           8           9          10          11
Count    :       988.47      1.8525    0.019531    0.015625   0.0019531     0.24414     0.30762     0.17285     0.10742     0.10352      0.0625

Time: 49  N_real(loc): 1000  N_real(glb): 1000  N_all(loc): 1012  N_all(glb): 1012  N_remove(glb): 0  N_escape(glb): 0
Energy:     Error/Total         Error     Error_cum         Total       Kinetic     Potential        Modify  Modify_group Modify_single      Error_PP  Error_PP_cum
Physic:     -0.01409266      4.104455      2.899576     -291.2477      2953.009     -3244.256      32.80408             0             0     0.1619457     0.2541405
Slowdown:   -0.01409266      4.104455      2.899576     -291.2477      2953.009     -3244.256      32.80408             0             0     0.1619457     0.2541406
Angular Momentum:  |L|err: 60.14977  |L|err_cum: 107.4401  L: -70.40399   38.96223    -18.08579  |L|: 82.47347
C.M.: mass: 592.3055 pos: 1.216002   0.6136262    0.7742675 vel: 0.1713428   0.0328846    0.04152106
Tree step number: 1024
**** Wallclock time per step (local): [Min/Max]
 Total       PP_single   PP_cluster  PP_cross    Tree_NB     Tree_Force  Force_corr  Kick        FindCluster CreateGroup MPI_comm    Output      Status      Other      
   0.0018654  7.4235e-06  0.00093196           0  0.00014859  0.00073633  1.1578e-05  3.9683e-06  1.1679e-05  1.3652e-05  6.3223e-07  5.1025e-07   5.332e-09  1.9028e-06
   0.0018654  7.4538e-06  0.00093202           0  0.00014742  0.00073227  1.1623e-05  3.9982e-06  1.1714e-05  1.3668e-05  6.6146e-07  5.1037e-07  5.3613e-09  1.9683e-06
**** FDPS tree soft force time profile (local):
 Sample_ptcl Domain_deco Ex_ptcl     SetRootCell Make_LT     Make_LET    Make_GT     Make_Group  Make_I_list Calc_force  Write_back 
           0           0           0  3.6757e-06  0.00012378  1.6634e-05  9.6725e-05  1.9537e-06  5.0459e-05  0.00039099  9.0009e-06
**** Tree neighbor time profile (local):
 Sample_ptcl Domain_deco Ex_ptcl     SetRootCell Make_LT     Make_LET    Make_GT     Make_Group  Make_I_list Calc_force  Write_back 
           0           0           0  2.3175e-06  5.4403e-05   9.513e-06   4.027e-05  5.4664e-07  9.8315e-06  1.5764e-05  2.5797e-06
**** Number per step (global):
 PP_single   PP_cluster  PP_cross    Cluster     Cross       AR_step_sum
      989.32      10.679           0      2.1357           0      368.88
 AR_tsyn_sum Stab_Ngroup Iso_Ngroup  Form_Ngroup End_Ngroup  Modf_Ngroup Merg_Ngroup H4_step_sum H4_no_NB    Ep-Ep_sum   Ep-Sp_sum  
      116.16           1           0           0           0           0           0      245.01    0.045898  8.7773e+05       19165
**** Number of members in clusters (global):
N_members:            1           2           6           7           8           9          10          11          12
Count    :       989.32      1.1357    0.046875      0.2959     0.22363     0.20898     0.11719    0.076172     0.03125
Hard energy significant ! dE_SD: -0.300973 dE_SD/Etot_SD: 0.00043579
Thread: 2 Dump file: data.hard_large_energy_h4_n6_g1_t49.897461_M0_O2_c0_s1789697766

Time: 50  N_real(loc): 1000  N_real(glb): 1000  N_all(loc): 1012  N_all(glb): 1012  N_remove(glb): 0  N_escape(glb): 0
Energy:     Error/Total         Error     Error_cum         Total       Kinetic     Potential        Modify  Modify_group Modify_single      Error_PP  Error_PP_cum
Physic:    -0.003664868     0.8519405      3.751516     -232.4614      731.2553     -963.7167      90.73843             0             0    -0.1063651     0.1477754
Slowdown:  -0.003664868     0.8519405      3.751516     -232.4614      731.2553     -963.7167      90.73843             0             0    -0.1063651     0.1477754
Angular Momentum:  |L|err: 85.04619  |L|err_cum: 192.4862  L: -93.61865   81.64039    -113.0011  |L|: 167.9252
C.M.: mass: 592.3055 pos: 1.351184   0.6121122    0.66432 vel: 0.1511506   0.01420534    -0.09626669
Tree step number: 1024
**** Wallclock time per step (local): [Min/Max]
 Total       PP_single   PP_cluster  PP_cross    Tree_NB     Tree_Force  Force_corr  Kick        FindCluster CreateGroup MPI_comm    Output      Status      Other      
    0.001782  7.5498e-06  0.00088696           0  0.00014945  0.00070039  1.0451e-05  3.5151e-06  1.0501e-05  1.3379e-05   6.445e-07  5.1091e-07  7.3672e-09  1.7528e-06
    0.001782  7.5798e-06  0.00088702           0  0.00014825  0.00069652  1.0496e-05  3.5449e-06  1.0535e-05  1.3396e-05  6.7391e-07  5.1105e-07  7.3965e-09   1.816e-06
**** FDPS tree soft force time profile (local):
 Sample_ptcl Domain_deco Ex_ptcl     SetRootCell Make_LT     Make_LET    Make_GT     Make_Group  Make_I_list Calc_force  Write_back 
           0           0           0  3.7299e-06  0.00012399  1.5931e-05  9.3823e-05  1.7385e-06   4.122e-05  0.00037016  8.5773e-06
**** Tree neighbor time profile (local):
 Sample_ptcl Domain_deco Ex_ptcl     SetRootCell Make_LT     Make_LET    Make_GT     Make_Group  Make_I_list Calc_force  Write_back 
           0           0           0  1.9208e-06  5.2711e-05  9.1583e-06  3.9714e-05  4.7993e-07  8.9853e-06  2.0797e-05  2.6198e-06
**** Number per step (global):
 PP_single   PP_cluster  PP_cross    Cluster     Cross       AR_step_sum
      991.29      8.7109           0      1.6934           0      363.98
 AR_tsyn_sum Stab_Ngroup Iso_Ngroup  Form_Ngroup End_Ngroup  Modf_Ngroup Merg_Ngroup H4_step_sum H4_no_NB    Ep-Ep_sum   Ep-Sp_sum  
      112.62           1           0    0.017578   0.0068359   0.0048828           0      223.64     0.12305  9.0503e+05       14981
**** Number of members in clusters (global):
N_members:            1           2           4           5           6           7           8           9          10          11
Count    :       991.29     0.69336    0.015625     0.18359     0.20117     0.18164     0.13477     0.11133     0.10547    0.066406
Hard energy significant ! dE_SD: -0.0922418 dE_SD/Etot_SD: 0.000132414
Thread: 1 Dump file: data.hard_large_energy_h4_n10_g1_t50.430664_M0_O1_c1_s1789697767

Time: 51  N_real(loc): 1000  N_real(glb): 1000  N_all(loc): 1012  N_all(glb): 1012  N_remove(glb): 0  N_escape(glb): 0
Energy:     Error/Total         Error     Error_cum         Total       Kinetic     Potential        Modify  Modify_group Modify_single      Error_PP  Error_PP_cum
Physic:       -1.650288      2.955624       6.70714     -1.790975      1829.049      -1830.84      318.4533             0             0  -0.007074862     0.1407005
Slowdown:     -1.651816      2.958361      6.709877     -1.790975      1829.049      -1830.84      318.4505             0             0  -0.004337908     0.1434375
Angular Momentum:  |L|err: 178.4991  |L|err_cum: 370.9854  L: -186.6668   -43.11742    -323.9903  |L|: 376.3951
C.M.: mass: 592.3055 pos: 1.534038   0.5161229    0.5580876 vel: 0.2030598   -0.08294588    -0.07994081
Tree step number: 1024
**** Wallclock time per step (local): [Min/Max]
 Total       PP_single   PP_cluster  PP_cross    Tree_NB     Tree_Force  Force_corr  Kick        FindCluster CreateGroup MPI_comm    Output      Status      Other      
   0.0019307  8.0044e-06  0.00088686           0  0.00016071  0.00083567  9.9407e-06  3.6886e-06  1.1282e-05   1.395e-05  6.9166e-07  7.5958e-07  5.2539e-09  2.0124e-06
   0.0019307  8.0344e-06  0.00088692           0  0.00015954  0.00083163  9.9851e-06   3.719e-06  1.1318e-05  1.3966e-05  7.2216e-07  7.5976e-07  5.2832e-09  2.0788e-06
**** FDPS tree soft force time profile (local):
 Sample_ptcl Domain_deco Ex_ptcl     SetRootCell Make_LT     Make_LET    Make_GT     Make_Group  Make_I_list Calc_force  Write_back 
           0           0           0  3.6796e-06  0.00012571   1.693e-05  9.6314e-05  1.8777e-06  4.4475e-05  0.00049322   8.993e-06
**** Tree neighbor time profile (local):
 Sample_ptcl Domain_deco Ex_ptcl     SetRootCell Make_LT     Make_LET    Make_GT     Make_Group  Make_I_list Calc_force  Write_back 
           0           0           0  1.9804e-06  5.6005e-05   1.018e-05  4.1293e-05  6.5584e-07   9.483e-06  2.1592e-05  2.5989e-06
**** Number per step (global):
 PP_single   PP_cluster  PP_cross    Cluster     Cross       AR_step_sum
      990.58      9.4238           0        2.54           0      381.82
 AR_tsyn_sum Stab_Ngroup Iso_Ngroup  Form_Ngroup End_Ngroup  Modf_Ngroup Merg_Ngroup H4_step_sum H4_no_NB    Ep-Ep_sum   Ep-Sp_sum  
       114.6           1           0    0.039062   0.0078125     0.03125           0      226.01    0.098633  9.0632e+05       14576
**** Number of members in clusters (global):
N_members:            1           2           4           5           6           7           8           9          10          11
Count    :       990.58        1.54     0.26953    0.099609     0.21484     0.17578    0.023438     0.11133     0.10156   0.0039062
Hard energy significant ! dE_SD: 73.5419 dE_SD/Etot_SD: -0.111266
Thread: 3 Dump file: data.hard_large_energy_h4_n6_g1_t51.259766_M0_O3_c2_s1789697769

Time: 52  N_real(loc): 1000  N_real(glb): 1000  N_all(loc): 1012  N_all(glb): 1012  N_remove(glb): 0  N_escape(glb): 0
Energy:     Error/Total         Error     Error_cum         Total       Kinetic     Potential        Modify  Modify_group Modify_single      Error_PP  Error_PP_cum
Physic:     0.009643604      5.578863        12.286      578.5039      1510.678     -932.1739      893.1693             0             0     0.1051114     0.2458119
Slowdown:     0.1367739      79.12425      85.83413      578.5039      1510.678     -932.1739      819.6212             0             0       73.6505      73.79394
Angular Momentum:  |L|err: 238.1502  |L|err_cum: 609.1356  L: -314.8929   -192.3857    -505.0802  |L|: 625.5204
C.M.: mass: 592.3055 pos: 1.713689   0.4218108    0.5419493 vel: 0.1829607   -0.05886081    -0.07680262
Tree step number: 1024
**** Wallclock time per step (local): [Min/Max]
 Total       PP_single   PP_cluster  PP_cross    Tree_NB     Tree_Force  Force_corr  Kick        FindCluster CreateGroup MPI_comm    Output      Status      Other      
   0.0016395  7.8443e-06  0.00066697           0  0.00015599  0.00077208   8.066e-06  3.4285e-06  1.0812e-05  1.4023e-05  6.5701e-07  6.2965e-07  5.8516e-09  1.7954e-06
   0.0016395  7.8743e-06  0.00066702           0  0.00015481  0.00076806  8.1407e-06  3.4582e-06  1.0848e-05  1.4039e-05  6.8857e-07   6.298e-07  5.8906e-09  1.8605e-06
**** FDPS tree soft force time profile (local):
 Sample_ptcl Domain_deco Ex_ptcl     SetRootCell Make_LT     Make_LET    Make_GT     Make_Group  Make_I_list Calc_force  Write_back 
           0           0           0  4.0887e-06  0.00012133  1.6747e-05  9.3413e-05  1.8542e-06  4.7953e-05  0.00043494  8.8853e-06
**** Tree neighbor time profile (local):
 Sample_ptcl Domain_deco Ex_ptcl     SetRootCell Make_LT     Make_LET    Make_GT     Make_Group  Make_I_list Calc_force  Write_back 
           0           0           0  1.9829e-06  5.5809e-05   9.328e-06  4.1819e-05  5.4112e-07  9.8635e-06  1.8124e-05  2.6108e-06
**** Number per step (global):
 PP_single   PP_cluster  PP_cross    Cluster     Cross       AR_step_sum
      992.96      7.0449           0      1.9814           0      320.44
 AR_tsyn_sum Stab_Ngroup Iso_Ngroup  Form_Ngroup End_Ngroup  Modf_Ngroup Merg_Ngroup H4_step_sum H4_no_NB    Ep-Ep_sum   Ep-Sp_sum  
      105.67     0.85352           0     0.13965   0.0058594    0.063477           0      189.66     0.25781  9.0005e+05       14091
**** Number of members in clusters (global):
N_members:            1           2           3           4           5           6           7
Count    :       992.96     0.98145     0.30957    0.013672    0.061523     0.51562    0.099609

Time: 53  N_real(loc): 1000  N_real(glb): 1000  N_all(loc): 1012  N_all(glb): 1012  N_remove(glb): 0  N_escape(glb): 0
Energy:     Error/Total         Error     Error_cum         Total       Kinetic     Potential        Modify  Modify_group Modify_single      Error_PP  Error_PP_cum
Physic:    7.728685e-05    0.05961436      12.34562      771.3391      2858.773     -2087.433      1085.945             0             0  -0.000263869      0.245548
Slowdown:  7.787544e-05    0.06006837       85.8942      771.3391      2858.773     -2087.433      1012.396             0             0  0.0001901338      73.79413
Angular Momentum:  |L|err: 54.95033  |L|err_cum: 664.0859  L: -334.0092   -195.6541    -558.4274  |L|: 679.4733
C.M.: mass: 592.3055 pos: 1.865018   0.3861119    0.4993682 vel: 0.1719755   -0.06417304    -0.04248622
Tree step number: 1024
**** Wallclock time per step (local): [Min/Max]
 Total       PP_single   PP_cluster  PP_cross    Tree_NB     Tree_Force  Force_corr  Kick        FindCluster CreateGroup MPI_comm    Output      Status      Other      
   0.0012176  7.6375e-06  0.00025445           0  0.00014808  0.00077565  6.6458e-06  3.5273e-06  8.6844e-06  1.3013e-05  6.0481e-07  5.4666e-07  5.0781e-09  1.6959e-06
   0.0012176  7.6674e-06  0.00025449           0  0.00014697  0.00077162  6.6902e-06  3.5568e-06  8.7172e-06  1.3029e-05  6.3431e-07  5.4679e-07  5.1074e-09  1.7598e-06
**** FDPS tree soft force time profile (local):
 Sample_ptcl Domain_deco Ex_ptcl     SetRootCell Make_LT     Make_LET    Make_GT     Make_Group  Make_I_list Calc_force  Write_back 
           0           0           0  3.8998e-06  0.00011575  1.5767e-05  9.0599e-05  1.7077e-06  3.5562e-05  0.00046218  8.8614e-06
**** Tree neighbor time profile (local):
 Sample_ptcl Domain_deco Ex_ptcl     SetRootCell Make_LT     Make_LET    Make_GT     Make_Group  Make_I_list Calc_force  Write_back 
           0           0           0  1.8666e-06  5.1165e-05  8.7372e-06   3.838e-05  4.6349e-07   8.025e-06  2.3742e-05  2.4535e-06
**** Number per step (global):
 PP_single   PP_cluster  PP_cross    Cluster     Cross       AR_step_sum
      996.01      3.9922           0      1.4961           0      160.94
 AR_tsyn_sum Stab_Ngroup Iso_Ngroup  Form_Ngroup End_Ngroup  Modf_Ngroup Merg_Ngroup H4_step_sum H4_no_NB    Ep-Ep_sum   Ep-Sp_sum  
      54.125           1           0           0           0           0           0       42.13           0  9.2202e+05       11158
**** Number of members in clusters (global):
N_members:            1           2           3
Count    :       996.01     0.49609           1

Time: 54  N_real(loc): 1000  N_real(glb): 1000  N_all(loc): 1012  N_all(glb): 1012  N_remove(glb): 0  N_escape(glb): 0
Energy:     Error/Total         Error     Error_cum         Total       Kinetic     Potential        Modify  Modify_group Modify_single      Error_PP  Error_PP_cum
Physic:    6.792992e-05    0.05724051      12.40286      842.6406      1686.339     -843.6985      1157.189             0             0   0.000103071     0.2456511
Slowdown:  6.781314e-05     0.0571421      85.95134      842.6406      1686.339     -843.6985      1083.641             0             0  4.664392e-06      73.79413
Angular Momentum:  |L|err: 21.84979  |L|err_cum: 685.9357  L: -338.4176   -192.4636    -582.4708  |L|: 700.6004
C.M.: mass: 592.3055 pos: 2.027988   0.3313755    0.4368398 vel: 0.1957965   -0.06452946    -0.1143206
Tree step number: 1024
**** Wallclock time per step (local): [Min/Max]
 Total       PP_single   PP_cluster  PP_cross    Tree_NB     Tree_Force  Force_corr  Kick        FindCluster CreateGroup MPI_comm    Output      Status      Other      
   0.0012013  7.2599e-06  0.00021485           0    0.000145  0.00080187  6.8141e-06  3.5393e-06  9.2677e-06  1.2838e-05  6.1029e-07  5.8835e-07  5.6162e-09  1.9107e-06
   0.0012014  7.2899e-06  0.00021489           0  0.00014387    0.000798  6.8585e-06  3.5689e-06  9.3005e-06  1.2853e-05  6.3961e-07  5.8848e-07  5.6455e-09  1.9748e-06
**** FDPS tree soft force time profile (local):
 Sample_ptcl Domain_deco Ex_ptcl     SetRootCell Make_LT     Make_LET    Make_GT     Make_Group  Make_I_list Calc_force  Write_back 
           0           0           0  4.1532e-06  0.00011733  1.5751e-05  9.0291e-05  1.8303e-06  4.2987e-05  0.00047811  8.5227e-06
**** Tree neighbor time profile (local):
 Sample_ptcl Domain_deco Ex_ptcl     SetRootCell Make_LT     Make_LET    Make_GT     Make_Group  Make_I_list Calc_force  Write_back 
           0           0           0   2.431e-06   5.143e-05  8.4031e-06  3.8202e-05  4.6434e-07  8.2348e-06  1.9584e-05  2.5202e-06
**** Number per step (global):
 PP_single   PP_cluster  PP_cross    Cluster     Cross       AR_step_sum
      994.66      5.3359           0       2.168           0      134.97
 AR_tsyn_sum Stab_Ngroup Iso_Ngroup  Form_Ngroup End_Ngroup  Modf_Ngroup Merg_Ngroup H4_step_sum H4_no_NB    Ep-Ep_sum   Ep-Sp_sum  
      47.513           1           0   0.0078125   0.0019531           0           0      42.057    0.011719  9.1259e+05       14435
**** Number of members in clusters (global):
N_members:            1           2           3
Count    :       994.66       1.168           1

Time: 55  N_real(loc): 1000  N_real(glb): 1000  N_all(loc): 1012  N_all(glb): 1012  N_remove(glb): 0  N_escape(glb): 0
Energy:     Error/Total         Error     Error_cum         Total       Kinetic     Potential        Modify  Modify_group Modify_single      Error_PP  Error_PP_cum
Physic:   -3.087107e-06  -0.002716508      12.40014      879.9527      1875.169     -995.2165      1194.504             0             0 -0.0003515403     0.2452996
Slowdown: -2.660477e-06  -0.002341094        85.949      879.9527      1875.169     -995.2165      1120.955             0             0  2.387341e-05      73.79416
Angular Momentum:  |L|err: 11.86003  |L|err_cum: 697.7957  L: -339.0193   -188.3532    -596.9759  |L|: 711.8927
C.M.: mass: 592.3055 pos: 2.202175   0.2651023    0.3668181 vel: 0.1994659   -0.06607464    -0.1241403
Tree step number: 1024
**** Wallclock time per step (local): [Min/Max]
 Total       PP_single   PP_cluster  PP_cross    Tree_NB     Tree_Force  Force_corr  Kick        FindCluster CreateGroup MPI_comm    Output      Status      Other      
    0.001146  7.4237e-06  0.00021265           0  0.00014141  0.00075242  6.7865e-06  3.3984e-06  8.3506e-06  1.3541e-05  7.3997e-07  4.8769e-07  4.9023e-09  1.7715e-06
   0.0011461  7.4535e-06  0.00021269           0  0.00014031  0.00074858  6.8309e-06  3.4284e-06  8.3829e-06  1.3556e-05  7.6972e-07  4.8777e-07  4.9316e-09  1.8535e-06
**** FDPS tree soft force time profile (local):
 Sample_ptcl Domain_deco Ex_ptcl     SetRootCell Make_LT     Make_LET    Make_GT     Make_Group  Make_I_list Calc_force  Write_back 
           0           0           0  3.5402e-06  0.00011838  1.5253e-05  9.0892e-05  1.8256e-06  4.8139e-05  0.00041959  8.4615e-06
**** Tree neighbor time profile (local):
 Sample_ptcl Domain_deco Ex_ptcl     SetRootCell Make_LT     Make_LET    Make_GT     Make_Group  Make_I_list Calc_force  Write_back 
           0           0           0  1.9278e-06  5.2174e-05  8.5879e-06  3.8098e-05  4.9095e-07  8.7377e-06   1.059e-05  2.4042e-06
**** Number per step (global):
 PP_single   PP_cluster  PP_cross    Cluster     Cross       AR_step_sum
      995.35      4.6523           0      1.8262           0      135.06
 AR_tsyn_sum Stab_Ngroup Iso_Ngroup  Form_Ngroup End_Ngroup  Modf_Ngroup Merg_Ngroup H4_step_sum H4_no_NB    Ep-Ep_sum   Ep-Sp_sum  
      47.561           1           0           0           0           0           0      38.512           0  8.8607e+05       20744
**** Number of members in clusters (global):
N_members:            1           2           3
Count    :       995.35     0.82617           1

Time: 56  N_real(loc): 1000  N_real(glb): 1000  N_all(loc): 1012  N_all(glb): 1012  N_remove(glb): 0  N_escape(glb): 0
Energy:     Error/Total         Error     Error_cum         Total       Kinetic     Potential        Modify  Modify_group Modify_single      Error_PP  Error_PP_cum
Physic:   -1.482045e-05    -0.0133857      12.38676      903.1914      7949.953     -7046.762      1217.756             0             0  0.0001809847     0.2454805
Slowdown: -1.497803e-05   -0.01352803      85.93547      903.1914      7949.953     -7046.762      1144.207             0             0  3.865764e-05      73.79419
Angular Momentum:  |L|err: 8.145855  |L|err_cum: 705.9416  L: -338.5679   -184.4872    -607.5549  |L|: 719.574
C.M.: mass: 592.3055 pos: 2.386227   0.1886025    0.290992 vel: 0.1051697   -0.1589254    -0.02789902
Tree step number: 1024
**** Wallclock time per step (local): [Min/Max]
 Total       PP_single   PP_cluster  PP_cross    Tree_NB     Tree_Force  Force_corr  Kick        FindCluster CreateGroup MPI_comm    Output      Status      Other      
   0.0011604  7.6868e-06  0.00021323           0  0.00015117   0.0007574  6.8895e-06   3.424e-06  8.0133e-06  1.2855e-05  6.2763e-07  5.1525e-07  4.7852e-09  2.0643e-06
   0.0011605  7.7166e-06  0.00021327           0     0.00015  0.00075338  6.9342e-06  3.4536e-06  8.0462e-06   1.287e-05    6.57e-07  5.1536e-07  4.8145e-09  2.1282e-06
**** FDPS tree soft force time profile (local):
 Sample_ptcl Domain_deco Ex_ptcl     SetRootCell Make_LT     Make_LET    Make_GT     Make_Group  Make_I_list Calc_force  Write_back 
           0           0           0  4.0557e-06  0.00011791  1.5386e-05  9.0764e-05  1.6627e-06  3.5813e-05   0.0004395  8.8773e-06
**** Tree neighbor time profile (local):
 Sample_ptcl Domain_deco Ex_ptcl     SetRootCell Make_LT     Make_LET    Make_GT     Make_Group  Make_I_list Calc_force  Write_back 
           0           0           0  1.7906e-06  5.2292e-05  9.0523e-06  3.8653e-05  4.2827e-07  7.6501e-06  2.3992e-05  2.5496e-06
**** Number per step (global):
 PP_single   PP_cluster  PP_cross    Cluster     Cross       AR_step_sum
      996.28      3.7168           0      1.3584           0      135.47
 AR_tsyn_sum Stab_Ngroup Iso_Ngroup  Form_Ngroup End_Ngroup  Modf_Ngroup Merg_Ngroup H4_step_sum H4_no_NB    Ep-Ep_sum   Ep-Sp_sum  
      47.646           1           0           0           0           0           0      33.811           0  8.9571e+05       16185
**** Number of members in clusters (global):
N_members:            1           2           3
Count    :       996.28      0.3584           1

Time: 57  N_real(loc): 1000  N_real(glb): 1000  N_all(loc): 1012  N_all(glb): 1012  N_remove(glb): 0  N_escape(glb): 0
Energy:     Error/Total         Error     Error_cum         Total       Kinetic     Potential        Modify  Modify_group Modify_single      Error_PP  Error_PP_cum
Physic:    3.803325e-06   0.003496288      12.39025      919.2715      1912.978     -993.7062      1233.833             0             0  8.876953e-05     0.2455693
Slowdown:  3.754314e-06   0.003451234      85.93892      919.2715      1912.978     -993.7062      1160.284             0             0   4.37153e-05      73.79424
Angular Momentum:  |L|err: 6.365326  |L|err_cum: 712.3069  L: -337.6945   -180.8637    -616.1581  |L|: 725.5343
C.M.: mass: 592.3055 pos: 2.570947   0.109898    0.2174817 vel: 0.1848303   -0.02363965    -0.05393949
Tree step number: 1024
**** Wallclock time per step (local): [Min/Max]
 Total       PP_single   PP_cluster  PP_cross    Tree_NB     Tree_Force  Force_corr  Kick        FindCluster CreateGroup MPI_comm    Output      Status      Other      
   0.0010513  7.0377e-06  0.00021416           0   0.0001481  0.00065196  6.4823e-06  3.5556e-06  7.8589e-06  1.2325e-05  5.9151e-07  5.6265e-07  4.9414e-09  1.9342e-06
   0.0010513  7.0675e-06  0.00021421           0  0.00014691  0.00064811  6.5272e-06  3.6017e-06  7.8935e-06  1.2341e-05  6.2096e-07  5.6275e-07  4.9707e-09   1.994e-06
**** FDPS tree soft force time profile (local):
 Sample_ptcl Domain_deco Ex_ptcl     SetRootCell Make_LT     Make_LET    Make_GT     Make_Group  Make_I_list Calc_force  Write_back 
           0           0           0  3.7267e-06   0.0001168  1.4723e-05  8.9932e-05  1.4804e-06  3.0525e-05  0.00034685  8.4518e-06
**** Tree neighbor time profile (local):
 Sample_ptcl Domain_deco Ex_ptcl     SetRootCell Make_LT     Make_LET    Make_GT     Make_Group  Make_I_list Calc_force  Write_back 
           0           0           0  1.9402e-06   5.182e-05  8.3182e-06  3.8145e-05  3.4467e-07  6.9563e-06   2.638e-05  2.5835e-06
**** Number per step (global):
 PP_single   PP_cluster  PP_cross    Cluster     Cross       AR_step_sum
      995.82      4.1777           0      1.5889           0      135.34
 AR_tsyn_sum Stab_Ngroup Iso_Ngroup  Form_Ngroup End_Ngroup  Modf_Ngroup Merg_Ngroup H4_step_sum H4_no_NB    Ep-Ep_sum   Ep-Sp_sum  
      47.682           1           0           0           0           0           0       36.41           0  9.2868e+05       10949
**** Number of members in clusters (global):
N_members:            1           2           3
Count    :       995.82     0.58887           1

Time: 58  N_real(loc): 1000  N_real(glb): 1000  N_all(loc): 1012  N_all(glb): 1012  N_remove(glb): 0  N_escape(glb): 0
Energy:     Error/Total         Error     Error_cum         Total       Kinetic     Potential        Modify  Modify_group Modify_single      Error_PP  Error_PP_cum
Physic:    7.093982e-06    0.00660463      12.39686      931.0187      1751.446     -820.4275      1245.573             0             0  0.0003792029     0.2459485
Slowdown:  6.738003e-06   0.006273206      85.94519      931.0187      1751.446     -820.4275      1172.025             0             0  4.777946e-05      73.79429
Angular Momentum:  |L|err: 5.002183  |L|err_cum: 717.3091  L: -336.2497   -177.0396    -623.4623  |L|: 730.1452
C.M.: mass: 592.3055 pos: 2.779505   0.01139982    0.1343576 vel: 0.1920881   -0.0598749    -0.0611465
Tree step number: 1024
**** Wallclock time per step (local): [Min/Max]
 Total       PP_single   PP_cluster  PP_cross    Tree_NB     Tree_Force  Force_corr  Kick        FindCluster CreateGroup MPI_comm    Output      Status      Other      
   0.0010418  7.1829e-06  0.00021221           0  0.00014953  0.00064347  6.4152e-06  3.4237e-06  7.5531e-06  1.2364e-05  6.1543e-07  5.1612e-07   4.707e-09  1.5005e-06
   0.0010418  7.2133e-06  0.00021226           0  0.00014844  0.00063984  6.4597e-06  3.4534e-06   7.586e-06  1.2379e-05  6.4494e-07  5.1621e-07  4.7363e-09  1.5596e-06
**** FDPS tree soft force time profile (local):
 Sample_ptcl Domain_deco Ex_ptcl     SetRootCell Make_LT     Make_LET    Make_GT     Make_Group  Make_I_list Calc_force  Write_back 
           0           0           0  3.5392e-06  0.00011436  1.4655e-05  8.6842e-05  1.4331e-06  2.8568e-05  0.00034763  8.0098e-06
**** Tree neighbor time profile (local):
 Sample_ptcl Domain_deco Ex_ptcl     SetRootCell Make_LT     Make_LET    Make_GT     Make_Group  Make_I_list Calc_force  Write_back 
           0           0           0   1.815e-06  4.9846e-05  8.1969e-06  3.6913e-05   2.593e-07  7.3891e-06  3.1109e-05   2.375e-06
**** Number per step (global):
 PP_single   PP_cluster  PP_cross    Cluster     Cross       AR_step_sum
         997           3           0           1           0      135.32
 AR_tsyn_sum Stab_Ngroup Iso_Ngroup  Form_Ngroup End_Ngroup  Modf_Ngroup Merg_Ngroup H4_step_sum H4_no_NB    Ep-Ep_sum   Ep-Sp_sum  
      47.761           1           0           0           0           0           0      30.613           0  9.5637e+05      5380.9
**** Number of members in clusters (global):
N_members:            1           3
Count    :          997           1

Time: 59  N_real(loc): 1000  N_real(glb): 1000  N_all(loc): 1012  N_all(glb): 1012  N_remove(glb): 0  N_escape(glb): 0
Energy:     Error/Total         Error     Error_cum         Total       Kinetic     Potential        Modify  Modify_group Modify_single      Error_PP  Error_PP_cum
Physic:   -4.092111e-07 -0.0003848062      12.39647      940.3609      1898.923     -958.5617      1254.916             0             0 -0.0009494036     0.2449991
Slowdown:  6.535231e-07  0.0006145476      85.94581      940.3609      1898.923     -958.5617      1181.366             0             0  4.995008e-05      73.79434
Angular Momentum:  |L|err: 4.346898  |L|err_cum: 721.656  L: -334.5375   -173.1578    -630.0962  |L|: 734.1118
C.M.: mass: 592.3055 pos: 2.960148   -0.0555618    0.05802774 vel: 0.2016676   -0.1097332    -0.1003126
Tree step number: 1024
**** Wallclock time per step (local): [Min/Max]
 Total       PP_single   PP_cluster  PP_cross    Tree_NB     Tree_Force  Force_corr  Kick        FindCluster CreateGroup MPI_comm    Output      Status      Other      
   0.0010668  7.1204e-06  0.00021196           0  0.00015399  0.00066287  6.6432e-06   3.354e-06  8.2186e-06   1.291e-05  6.0063e-07  7.2522e-07  5.2637e-09  1.7072e-06
   0.0010669  7.1503e-06    0.000212           0  0.00015287  0.00065897  6.6881e-06  3.3833e-06  8.2525e-06  1.2925e-05  6.2982e-07  7.2535e-07   5.293e-09  1.7663e-06
**** FDPS tree soft force time profile (local):
 Sample_ptcl Domain_deco Ex_ptcl     SetRootCell Make_LT     Make_LET    Make_GT     Make_Group  Make_I_list Calc_force  Write_back 
           0           0           0  3.4789e-06   0.0001131  1.4797e-05  8.6636e-05   1.199e-06  2.2226e-05  0.00037105  8.5322e-06
**** Tree neighbor time profile (local):
 Sample_ptcl Domain_deco Ex_ptcl     SetRootCell Make_LT     Make_LET    Make_GT     Make_Group  Make_I_list Calc_force  Write_back 
           0           0           0  2.4888e-06  5.0819e-05  8.3662e-06  3.8357e-05  1.9859e-07  7.4986e-06  3.2115e-05  2.4586e-06
**** Number per step (global):
 PP_single   PP_cluster  PP_cross    Cluster     Cross       AR_step_sum
      996.71       3.293           0      1.1465           0      135.06
 AR_tsyn_sum Stab_Ngroup Iso_Ngroup  Form_Ngroup End_Ngroup  Modf_Ngroup Merg_Ngroup H4_step_sum H4_no_NB    Ep-Ep_sum   Ep-Sp_sum  
      47.717           1           0           0           0           0           0      31.466           0  9.7572e+05      3446.8
**** Number of members in clusters (global):
N_members:            1           2           3
Count    :       996.71     0.14648           1

Time: 60  N_real(loc): 1000  N_real(glb): 1000  N_all(loc): 1012  N_all(glb): 1012  N_remove(glb): 0  N_escape(glb): 0
Energy:     Error/Total         Error     Error_cum         Total       Kinetic     Potential        Modify  Modify_group Modify_single      Error_PP  Error_PP_cum
Physic:   -8.024159e-07  -0.000760482      12.39571      947.7404      5549.481     -4601.741      1262.296             0             0  0.0008652835     0.2458644
Slowdown: -1.668997e-06  -0.001581776      85.94423      947.7404      5549.481     -4601.741      1188.748             0             0  4.398927e-05      73.79438
Angular Momentum:  |L|err: 5.125303  |L|err_cum: 726.7813  L: -333.9887   -170.6877    -636.6912  |L|: 738.9577
C.M.: mass: 592.3055 pos: 3.159698   -0.1384372    -0.02669293 vel: 0.154812   -0.2284381    -0.132529
Tree step number: 1024
**** Wallclock time per step (local): [Min/Max]
 Total       PP_single   PP_cluster  PP_cross    Tree_NB     Tree_Force  Force_corr  Kick        FindCluster CreateGroup MPI_comm    Output      Status      Other      
   0.0010803  7.3632e-06  0.00021253           0  0.00015575  0.00067494  6.6193e-06  3.5545e-06  7.5251e-06  1.2321e-05  6.1802e-07  5.6433e-07  4.7549e-09  1.4819e-06
   0.0010803  7.3934e-06  0.00021257           0  0.00015465  0.00067117  6.6642e-06  3.5842e-06  7.5587e-06  1.2337e-05  6.4731e-07  5.6444e-07  4.7842e-09  1.5413e-06
**** FDPS tree soft force time profile (local):
 Sample_ptcl Domain_deco Ex_ptcl     SetRootCell Make_LT     Make_LET    Make_GT     Make_Group  Make_I_list Calc_force  Write_back 
           0           0           0  3.6931e-06  0.00011731   1.525e-05  9.0347e-05  1.2917e-06  1.9692e-05  0.00037899  8.2875e-06
**** Tree neighbor time profile (local):
 Sample_ptcl Domain_deco Ex_ptcl     SetRootCell Make_LT     Make_LET    Make_GT     Make_Group  Make_I_list Calc_force  Write_back 
           0           0           0   2.036e-06  5.1584e-05  8.5509e-06  3.8833e-05  2.1798e-07  6.0622e-06  3.3515e-05  2.4001e-06
**** Number per step (global):
 PP_single   PP_cluster  PP_cross    Cluster     Cross       AR_step_sum
      996.96       3.043           0      1.0215           0      134.95
 AR_tsyn_sum Stab_Ngroup Iso_Ngroup  Form_Ngroup End_Ngroup  Modf_Ngroup Merg_Ngroup H4_step_sum H4_no_NB    Ep-Ep_sum   Ep-Sp_sum  
      47.688           1           0           0           0           0           0      30.709           0  9.7607e+05      3288.8
**** Number of members in clusters (global):
N_members:            1           2           3
Count    :       996.96    0.021484           1

Time: 61  N_real(loc): 1000  N_real(glb): 1000  N_all(loc): 1012  N_all(glb): 1012  N_remove(glb): 0  N_escape(glb): 0
Energy:     Error/Total         Error     Error_cum         Total       Kinetic     Potential        Modify  Modify_group Modify_single      Error_PP  Error_PP_cum
Physic:   -6.958372e-07 -0.0006637094      12.39505      953.8285      1973.251     -1019.423      1268.385             0             0  -0.000216673     0.2456477
Slowdown: -4.243901e-07 -0.0004047953      85.94382      953.8285      1973.251     -1019.423      1194.836             0             0  4.224103e-05      73.79442
Angular Momentum:  |L|err: 4.950738  |L|err_cum: 731.732  L: -334.0328   -169.1225    -642.5864  |L|: 743.7053
C.M.: mass: 592.3055 pos: 3.362756   -0.2279862    -0.1122331 vel: 0.1993375   -0.04497581    -0.08930866
Tree step number: 1024
**** Wallclock time per step (local): [Min/Max]
 Total       PP_single   PP_cluster  PP_cross    Tree_NB     Tree_Force  Force_corr  Kick        FindCluster CreateGroup MPI_comm    Output      Status      Other      
   0.0010714  7.1815e-06  0.00021333           0  0.00015483  0.00066557  6.6521e-06  3.6233e-06  8.1036e-06  1.2572e-05  6.5527e-07  4.9935e-07  4.7559e-09  1.5554e-06
   0.0010715  7.2112e-06  0.00021338           0  0.00015369  0.00066182  6.7112e-06  3.6532e-06  8.1404e-06  1.2588e-05  6.8483e-07  4.9945e-07  4.7852e-09  1.6146e-06
**** FDPS tree soft force time profile (local):
 Sample_ptcl Domain_deco Ex_ptcl     SetRootCell Make_LT     Make_LET    Make_GT     Make_Group  Make_I_list Calc_force  Write_back 
           0           0           0  3.5356e-06  0.00011549  1.5093e-05  9.0599e-05  1.2041e-06  1.9968e-05  0.00037105   8.262e-06
**** Tree neighbor time profile (local):
 Sample_ptcl Domain_deco Ex_ptcl     SetRootCell Make_LT     Make_LET    Make_GT     Make_Group  Make_I_list Calc_force  Write_back 
           0           0           0  1.7967e-06  5.1579e-05  8.4077e-06  3.8649e-05  2.3829e-07    6.23e-06  3.2597e-05  2.4895e-06
**** Number per step (global):
 PP_single   PP_cluster  PP_cross    Cluster     Cross       AR_step_sum
       996.1      3.8984           0      1.4492           0      135.21
 AR_tsyn_sum Stab_Ngroup Iso_Ngroup  Form_Ngroup End_Ngroup  Modf_Ngroup Merg_Ngroup H4_step_sum H4_no_NB    Ep-Ep_sum   Ep-Sp_sum  
      47.836           1           0           0           0           0           0      34.688           0  9.6685e+05        4857
**** Number of members in clusters (global):
N_members:            1           2           3
Count    :        996.1     0.44922           1

Time: 62  N_real(loc): 1000  N_real(glb): 1000  N_all(loc): 1012  N_all(glb): 1012  N_remove(glb): 0  N_escape(glb): 0
Energy:     Error/Total         Error     Error_cum         Total       Kinetic     Potential        Modify  Modify_group Modify_single      Error_PP  Error_PP_cum
Physic:     5.02484e-06    0.00481921      12.39987      959.0774      1768.561     -809.4833      1273.629             0             0   0.000397115     0.2460448
Slowdown:  4.654916e-06   0.004464424      85.94829      959.0774      1768.561     -809.4833       1200.08             0             0  4.232889e-05      73.79446
Angular Momentum:  |L|err: 5.557836  |L|err_cum: 737.2899  L: -334.7484   -168.2901    -648.6807  |L|: 749.1093
C.M.: mass: 592.3055 pos: 3.572919   -0.3189122    -0.1979749 vel: 0.2115868   -0.04173851    -0.1131047
Tree step number: 1024
**** Wallclock time per step (local): [Min/Max]
 Total       PP_single   PP_cluster  PP_cross    Tree_NB     Tree_Force  Force_corr  Kick        FindCluster CreateGroup MPI_comm    Output      Status      Other      
  0.00099307  6.7304e-06  0.00020854           0  0.00014235  0.00060705  6.4417e-06  3.3321e-06  7.2562e-06  1.2237e-05  5.8848e-07  5.0153e-07  4.8037e-09  1.5137e-06
   0.0009931  6.7605e-06  0.00020859           0  0.00014121  0.00060301  6.4861e-06  3.3618e-06  7.2893e-06  1.2253e-05  6.1828e-07  5.0164e-07   4.833e-09  1.5724e-06
**** FDPS tree soft force time profile (local):
 Sample_ptcl Domain_deco Ex_ptcl     SetRootCell Make_LT     Make_LET    Make_GT     Make_Group  Make_I_list Calc_force  Write_back 
           0           0           0  3.5018e-06  0.00011218  1.4632e-05  8.6316e-05  1.2219e-06  2.1666e-05  0.00031914  8.7878e-06
**** Tree neighbor time profile (local):
 Sample_ptcl Domain_deco Ex_ptcl     SetRootCell Make_LT     Make_LET    Make_GT     Make_Group  Make_I_list Calc_force  Write_back 
           0           0           0  1.9591e-06  4.9224e-05  8.0932e-06  3.7341e-05  2.6145e-07  6.0413e-06  2.4527e-05  2.4859e-06
**** Number per step (global):
 PP_single   PP_cluster  PP_cross    Cluster     Cross       AR_step_sum
      996.25       3.748           0       1.374           0      135.49
 AR_tsyn_sum Stab_Ngroup Iso_Ngroup  Form_Ngroup End_Ngroup  Modf_Ngroup Merg_Ngroup H4_step_sum H4_no_NB    Ep-Ep_sum   Ep-Sp_sum  
      47.921           1           0           0           0           0           0      33.295           0  9.6555e+05      5312.6
**** Number of members in clusters (global):
N_members:            1           2           3
Count    :       996.25     0.37402           1

Time: 63  N_real(loc): 1000  N_real(glb): 1000  N_all(loc): 1012  N_all(glb): 1012  N_remove(glb): 0  N_escape(glb): 0
Energy:     Error/Total         Error     Error_cum         Total       Kinetic     Potential        Modify  Modify_group Modify_single      Error_PP  Error_PP_cum
Physic:    3.671372e-07  0.0003537805      12.40022      963.6193      1876.826     -913.2067       1278.17             0             0 -0.0005434375     0.2455014
Slowdown:    9.7582e-07  0.0009403189      85.94923      963.6193      1876.826     -913.2067      1204.621             0             0  4.310093e-05      73.79451
Angular Momentum:  |L|err: 6.497345  |L|err_cum: 743.7872  L: -336.0975   -168.0188    -655.4105  |L|: 755.4832
C.M.: mass: 592.3055 pos: 3.790628   -0.4184513    -0.2883357 vel: 0.214593   -0.05411872    -0.1175329
Tree step number: 1024
**** Wallclock time per step (local): [Min/Max]
 Total       PP_single   PP_cluster  PP_cross    Tree_NB     Tree_Force  Force_corr  Kick        FindCluster CreateGroup MPI_comm    Output      Status      Other      
  0.00099992  6.9973e-06  0.00020876           0  0.00014206  0.00061296  6.6502e-06  3.3528e-06  7.5668e-06  1.1932e-05   5.937e-07  6.2999e-07  5.1562e-09  1.5686e-06
  0.00099995  7.0282e-06   0.0002088           0  0.00014093  0.00060915  6.6946e-06  3.3824e-06  7.5997e-06  1.1947e-05  6.2305e-07  6.3012e-07  5.1855e-09  1.6274e-06
**** FDPS tree soft force time profile (local):
 Sample_ptcl Domain_deco Ex_ptcl     SetRootCell Make_LT     Make_LET    Make_GT     Make_Group  Make_I_list Calc_force  Write_back 
           0           0           0  3.5821e-06  0.00011391  1.5293e-05  8.7942e-05  1.4146e-06  2.1202e-05   0.0003214  8.3398e-06
**** Tree neighbor time profile (local):
 Sample_ptcl Domain_deco Ex_ptcl     SetRootCell Make_LT     Make_LET    Make_GT     Make_Group  Make_I_list Calc_force  Write_back 
           0           0           0  1.7595e-06  4.8991e-05  8.2352e-06  3.7706e-05  2.5957e-07  5.7408e-06  2.5017e-05  2.4497e-06
**** Number per step (global):
 PP_single   PP_cluster  PP_cross    Cluster     Cross       AR_step_sum
      996.42       3.582           0       1.291           0      135.06
 AR_tsyn_sum Stab_Ngroup Iso_Ngroup  Form_Ngroup End_Ngroup  Modf_Ngroup Merg_Ngroup H4_step_sum H4_no_NB    Ep-Ep_sum   Ep-Sp_sum  
      47.831           1           0           0           0           0           0      33.342           0  9.6707e+05      5431.8
**** Number of members in clusters (global):
N_members:            1           2           3
Count    :       996.42     0.29102           1

Time: 64  N_real(loc): 1000  N_real(glb): 1000  N_all(loc): 1012  N_all(glb): 1012  N_remove(glb): 0  N_escape(glb): 0
Energy:     Error/Total         Error     Error_cum         Total       Kinetic     Potential        Modify  Modify_group Modify_single      Error_PP  Error_PP_cum
Physic:   -1.205306e-06  -0.001166293      12.39905      967.6318      3636.187     -2668.555      1282.184             0             0  0.0006605592      0.246162
Slowdown: -1.841148e-06  -0.001781553      85.94744      967.6318      3636.187     -2668.555      1208.636             0             0  4.529867e-05      73.79455
Angular Momentum:  |L|err: 7.268012  |L|err_cum: 751.0552  L: -338.0161   -168.2709    -662.6285  |L|: 762.6575
C.M.: mass: 592.3055 pos: 4.014165   -0.5238141    -0.3838712 vel: 0.1897402   -0.1596246    -0.1208794
Tree step number: 1024
**** Wallclock time per step (local): [Min/Max]
 Total       PP_single   PP_cluster  PP_cross    Tree_NB     Tree_Force  Force_corr  Kick        FindCluster CreateGroup MPI_comm    Output      Status      Other      
   0.0011681  7.2798e-06  0.00021322           0   0.0001484  0.00076896  6.6156e-06  3.5106e-06  7.6505e-06  1.2846e-05  6.5929e-07  6.7794e-07  5.4785e-09  1.6056e-06
   0.0011681  7.3095e-06  0.00021327           0  0.00014733  0.00076478  6.6603e-06  3.5402e-06  7.6834e-06  1.2862e-05  6.8902e-07  6.7805e-07  5.5078e-09  1.6683e-06
**** FDPS tree soft force time profile (local):
 Sample_ptcl Domain_deco Ex_ptcl     SetRootCell Make_LT     Make_LET    Make_GT     Make_Group  Make_I_list Calc_force  Write_back 
           0           0           0  3.9008e-06  0.00011706  1.5678e-05  8.9161e-05  1.5236e-06  3.1657e-05  0.00045906   9.171e-06
**** Tree neighbor time profile (local):
 Sample_ptcl Domain_deco Ex_ptcl     SetRootCell Make_LT     Make_LET    Make_GT     Make_Group  Make_I_list Calc_force  Write_back 
           0           0           0  1.7391e-06   5.142e-05  8.7296e-06  3.7931e-05  4.0669e-07  7.2741e-06  2.4498e-05  2.4206e-06
**** Number per step (global):
 PP_single   PP_cluster  PP_cross    Cluster     Cross       AR_step_sum
      996.06      3.9375           0      1.4688           0      134.41
 AR_tsyn_sum Stab_Ngroup Iso_Ngroup  Form_Ngroup End_Ngroup  Modf_Ngroup Merg_Ngroup H4_step_sum H4_no_NB    Ep-Ep_sum   Ep-Sp_sum  
      47.563           1           0           0           0           0           0      33.742           0  9.3528e+05       10400
**** Number of members in clusters (global):
N_members:            1           2           3
Count    :       996.06     0.46875           1

Time: 65  N_real(loc): 1000  N_real(glb): 1000  N_all(loc): 1012  N_all(glb): 1012  N_remove(glb): 0  N_escape(glb): 0
Energy:     Error/Total         Error     Error_cum         Total       Kinetic     Potential        Modify  Modify_group Modify_single      Error_PP  Error_PP_cum
Physic:    1.055779e-06   0.001025385      12.40008       971.212      2000.486     -1029.274      1285.763             0             0  0.0002926151     0.2464546
Slowdown:  8.028857e-07  0.0007797722      85.94822       971.212      2000.486     -1029.274      1212.215             0             0  4.700231e-05       73.7946
Angular Momentum:  |L|err: 7.901032  |L|err_cum: 758.9563  L: -340.5704   -169.1728    -670.128  |L|: 770.5058
C.M.: mass: 592.3055 pos: 4.241881   -0.6309697    -0.4789789 vel: 0.1979761   -0.06674505    -0.03112582
Tree step number: 1024
**** Wallclock time per step (local): [Min/Max]
 Total       PP_single   PP_cluster  PP_cross    Tree_NB     Tree_Force  Force_corr  Kick        FindCluster CreateGroup MPI_comm    Output      Status      Other      
    0.001085  7.3718e-06  0.00020907           0  0.00013973  0.00069903  6.7596e-06  3.3199e-06  7.7311e-06  1.2457e-05  6.0378e-07  5.2969e-07  4.7451e-09  1.6496e-06
    0.001085  7.4162e-06  0.00020912           0  0.00013857  0.00069503  6.8045e-06  3.3496e-06  7.7633e-06  1.2472e-05  6.3327e-07   5.298e-07  4.7646e-09  1.7125e-06
**** FDPS tree soft force time profile (local):
 Sample_ptcl Domain_deco Ex_ptcl     SetRootCell Make_LT     Make_LET    Make_GT     Make_Group  Make_I_list Calc_force  Write_back 
           0           0           0  3.7837e-06  0.00011573  1.5027e-05  8.8576e-05  1.6583e-06  3.5235e-05  0.00039049   8.775e-06
**** Tree neighbor time profile (local):
 Sample_ptcl Domain_deco Ex_ptcl     SetRootCell Make_LT     Make_LET    Make_GT     Make_Group  Make_I_list Calc_force  Write_back 
           0           0           0  1.8432e-06  5.0466e-05  8.4804e-06  3.7467e-05  4.0983e-07  7.6846e-06  1.8883e-05  2.5189e-06
**** Number per step (global):
 PP_single   PP_cluster  PP_cross    Cluster     Cross       AR_step_sum
      996.83       3.166           0       1.083           0      133.88
 AR_tsyn_sum Stab_Ngroup Iso_Ngroup  Form_Ngroup End_Ngroup  Modf_Ngroup Merg_Ngroup H4_step_sum H4_no_NB    Ep-Ep_sum   Ep-Sp_sum  
      47.382           1           0           0           0           0           0      30.839           0  9.3174e+05       10087
**** Number of members in clusters (global):
N_members:            1           2           3
Count    :       996.83    0.083008           1

Time: 66  N_real(loc): 1000  N_real(glb): 1000  N_all(loc): 1012  N_all(glb): 1012  N_remove(glb): 0  N_escape(glb): 0
Energy:     Error/Total         Error     Error_cum         Total       Kinetic     Potential        Modify  Modify_group Modify_single      Error_PP  Error_PP_cum
Physic:    4.832069e-07  0.0004708523      12.40055      974.4321      1785.779     -811.3471      1288.983             0             0 -0.0005575925      0.245897
Slowdown:  1.102881e-06   0.001074683       85.9493      974.4321      1785.779     -811.3471      1215.434             0             0  4.623775e-05      73.79465
Angular Momentum:  |L|err: 8.527213  |L|err_cum: 767.4835  L: -343.8401   -170.8272    -677.847  |L|: 779.0279
C.M.: mass: 592.3055 pos: 4.471705   -0.7392073    -0.5705003 vel: 0.2178279   -0.1008172    -0.09278798
Tree step number: 1024
**** Wallclock time per step (local): [Min/Max]
 Total       PP_single   PP_cluster  PP_cross    Tree_NB     Tree_Force  Force_corr  Kick        FindCluster CreateGroup MPI_comm    Output      Status      Other      
   0.0010448  7.3277e-06   0.0002136           0  0.00014093  0.00065215  6.6459e-06  3.4037e-06  8.2086e-06  1.2582e-05  8.5944e-07  6.1192e-07  5.8604e-09  1.5533e-06
   0.0010448  7.3574e-06  0.00021364           0  0.00013982  0.00064837  6.6904e-06  3.4337e-06  8.2411e-06  1.2597e-05  8.8894e-07  6.1204e-07  5.8906e-09  1.6147e-06
**** FDPS tree soft force time profile (local):
 Sample_ptcl Domain_deco Ex_ptcl     SetRootCell Make_LT     Make_LET    Make_GT     Make_Group  Make_I_list Calc_force  Write_back 
           0           0           0  3.4723e-06  0.00011671  1.5497e-05  8.9204e-05   1.535e-06  3.4398e-05  0.00034332  8.3031e-06
**** Tree neighbor time profile (local):
 Sample_ptcl Domain_deco Ex_ptcl     SetRootCell Make_LT     Make_LET    Make_GT     Make_Group  Make_I_list Calc_force  Write_back 
           0           0           0   2.153e-06  5.1521e-05  8.3791e-06  3.7817e-05   4.111e-07  7.8102e-06  1.8586e-05   2.416e-06
**** Number per step (global):
 PP_single   PP_cluster  PP_cross    Cluster     Cross       AR_step_sum
      996.21       3.793           0      1.3965           0      134.24
 AR_tsyn_sum Stab_Ngroup Iso_Ngroup  Form_Ngroup End_Ngroup  Modf_Ngroup Merg_Ngroup H4_step_sum H4_no_NB    Ep-Ep_sum   Ep-Sp_sum  
      47.573           1           0           0           0           0           0      31.737           0  9.3415e+05      8955.5
**** Number of members in clusters (global):
N_members:            1           2           3
Count    :       996.21     0.39648           1

Time: 67  N_real(loc): 1000  N_real(glb): 1000  N_all(loc): 1012  N_all(glb): 1012  N_remove(glb): 0  N_escape(glb): 0
Energy:     Error/Total         Error     Error_cum         Total       Kinetic     Potential        Modify  Modify_group Modify_single      Error_PP  Error_PP_cum
Physic:   -6.793023e-07 -0.0006639021      12.39989      977.3294      1820.981     -843.6512      1291.881             0             0 -0.0004653784     0.2454316
Slowdown: -1.569894e-07 -0.0001534303      85.94915      977.3294      1820.981     -843.6512      1218.332             0             0  4.509332e-05      73.79469
Angular Momentum:  |L|err: 8.968203  |L|err_cum: 776.4517  L: -347.7798   -173.2278    -685.6  |L|: 788.0394
C.M.: mass: 592.3055 pos: 4.706603   -0.8575332    -0.6664394 vel: 0.2211194   -0.08337255    -0.1081746
Tree step number: 1024
**** Wallclock time per step (local): [Min/Max]
 Total       PP_single   PP_cluster  PP_cross    Tree_NB     Tree_Force  Force_corr  Kick        FindCluster CreateGroup MPI_comm    Output      Status      Other      
   0.0010594  7.1433e-06  0.00021184           0  0.00014126  0.00066905  6.4844e-06  3.2384e-06  8.1604e-06  1.2515e-05  6.3904e-07  6.9089e-07  6.9473e-09  1.6771e-06
   0.0010594   7.173e-06  0.00021189           0  0.00014003  0.00066509  6.5287e-06  3.2821e-06  8.1936e-06   1.253e-05  6.6859e-07  6.9105e-07  7.0059e-09  1.7385e-06
**** FDPS tree soft force time profile (local):
 Sample_ptcl Domain_deco Ex_ptcl     SetRootCell Make_LT     Make_LET    Make_GT     Make_Group  Make_I_list Calc_force  Write_back 
           0           0           0  3.6465e-06  0.00011399  1.5098e-05  8.7781e-05  1.5843e-06  3.4058e-05  0.00036421  8.6936e-06
**** Tree neighbor time profile (local):
 Sample_ptcl Domain_deco Ex_ptcl     SetRootCell Make_LT     Make_LET    Make_GT     Make_Group  Make_I_list Calc_force  Write_back 
           0           0           0   1.998e-06  5.0886e-05  8.2382e-06  3.7603e-05  4.1536e-07  7.5266e-06  1.9762e-05  2.6844e-06
**** Number per step (global):
 PP_single   PP_cluster  PP_cross    Cluster     Cross       AR_step_sum
      996.22      3.7812           0      1.3906           0      134.65
 AR_tsyn_sum Stab_Ngroup Iso_Ngroup  Form_Ngroup End_Ngroup  Modf_Ngroup Merg_Ngroup H4_step_sum H4_no_NB    Ep-Ep_sum   Ep-Sp_sum  
      47.729           1           0           0           0           0           0      32.627           0   9.206e+05       12194
**** Number of members in clusters (global):
N_members:            1           2           3
Count    :       996.22     0.39062           1

Time: 68  N_real(loc): 1000  N_real(glb): 1000  N_all(loc): 1012  N_all(glb): 1012  N_remove(glb): 0  N_escape(glb): 0
Energy:     Error/Total         Error     Error_cum         Total       Kinetic     Potential        Modify  Modify_group Modify_single      Error_PP  Error_PP_cum
Physic:    2.722317e-06   0.002667681      12.40255      979.9305      2001.167     -1021.236      1294.479             0             0  6.427574e-05     0.2454959
Slowdown:  2.702224e-06   0.002647991      85.95179      979.9305      2001.167     -1021.236       1220.93             0             0  4.458581e-05      73.79474
Angular Momentum:  |L|err: 9.638398  |L|err_cum: 786.0901  L: -352.806   -176.8478    -693.351  |L|: 797.7987
C.M.: mass: 592.3055 pos: 4.951131   -0.9802433    -0.7658048 vel: 0.2355856   -0.1092803    -0.1669517
Tree step number: 1024
**** Wallclock time per step (local): [Min/Max]
 Total       PP_single   PP_cluster  PP_cross    Tree_NB     Tree_Force  Force_corr  Kick        FindCluster CreateGroup MPI_comm    Output      Status      Other      
   0.0011114  7.3675e-06   0.0002103           0  0.00014713  0.00071622  6.7493e-06  3.4737e-06  7.6691e-06  1.2798e-05  6.3429e-07  5.0368e-07  4.8818e-09  1.5705e-06
   0.0011114  7.3972e-06  0.00021034           0  0.00014599  0.00071236   6.794e-06  3.5035e-06  7.7019e-06  1.2813e-05  6.6354e-07  5.0378e-07  4.9111e-09  1.6326e-06
**** FDPS tree soft force time profile (local):
 Sample_ptcl Domain_deco Ex_ptcl     SetRootCell Make_LT     Make_LET    Make_GT     Make_Group  Make_I_list Calc_force  Write_back 
           0           0           0  3.8463e-06  0.00011654  1.5703e-05  8.9709e-05  1.5122e-06  3.5119e-05  0.00040356  8.5443e-06
**** Tree neighbor time profile (local):
 Sample_ptcl Domain_deco Ex_ptcl     SetRootCell Make_LT     Make_LET    Make_GT     Make_Group  Make_I_list Calc_force  Write_back 
           0           0           0  1.8625e-06  5.1966e-05  9.0445e-06  3.8251e-05  4.3346e-07  8.1309e-06  2.1596e-05  2.5053e-06
**** Number per step (global):
 PP_single   PP_cluster  PP_cross    Cluster     Cross       AR_step_sum
      996.96      3.0352           0      1.0176           0      134.56
 AR_tsyn_sum Stab_Ngroup Iso_Ngroup  Form_Ngroup End_Ngroup  Modf_Ngroup Merg_Ngroup H4_step_sum H4_no_NB    Ep-Ep_sum   Ep-Sp_sum  
      47.687           1           0           0           0           0           0      30.339           0  9.1498e+05       11950
**** Number of members in clusters (global):
N_members:            1           2           3
Count    :       996.96    0.017578           1

Time: 69  N_real(loc): 1000  N_real(glb): 1000  N_all(loc): 1012  N_all(glb): 1012  N_remove(glb): 0  N_escape(glb): 0
Energy:     Error/Total         Error     Error_cum         Total       Kinetic     Potential        Modify  Modify_group Modify_single      Error_PP  Error_PP_cum
Physic:    1.041728e-06    0.00102331      12.40358      982.3205      1998.378     -1016.057      1296.868             0             0   0.001161629     0.2466575
Slowdown: -9.522502e-08 -9.354149e-05       85.9517      982.3205      1998.378     -1016.057       1223.32             0             0  4.477749e-05      73.79478
Angular Momentum:  |L|err: 10.92533  |L|err_cum: 797.0154  L: -359.4837   -182.2365    -701.3994  |L|: 808.9498
C.M.: mass: 592.3055 pos: 5.203402   -1.110247    -0.8647598 vel: 0.2127719   -0.02450136    -0.08651185
Tree step number: 1024
**** Wallclock time per step (local): [Min/Max]
 Total       PP_single   PP_cluster  PP_cross    Tree_NB     Tree_Force  Force_corr  Kick        FindCluster CreateGroup MPI_comm    Output      Status      Other      
   0.0010587  7.5755e-06  0.00021031           0  0.00015173  0.00065965  6.8502e-06  3.6858e-06  6.9739e-06  1.2459e-05  7.0112e-07  5.5844e-07  4.8623e-09  1.6489e-06
   0.0010587  7.6058e-06  0.00021035           0  0.00015057  0.00065564  6.8954e-06  3.7154e-06  7.0211e-06  1.2474e-05   7.309e-07  5.5856e-07  4.8818e-09  1.7085e-06
**** FDPS tree soft force time profile (local):
 Sample_ptcl Domain_deco Ex_ptcl     SetRootCell Make_LT     Make_LET    Make_GT     Make_Group  Make_I_list Calc_force  Write_back 
           0           0           0  3.6436e-06  0.00011833  1.5682e-05  9.1115e-05  1.5028e-06  3.3828e-05  0.00034661  8.7835e-06
**** Tree neighbor time profile (local):
 Sample_ptcl Domain_deco Ex_ptcl     SetRootCell Make_LT     Make_LET    Make_GT     Make_Group  Make_I_list Calc_force  Write_back 
           0           0           0  1.9494e-06  5.1492e-05  8.5972e-06  3.9298e-05  3.8529e-07  8.0218e-06  2.7785e-05  2.5351e-06
**** Number per step (global):
 PP_single   PP_cluster  PP_cross    Cluster     Cross       AR_step_sum
         997           3           0           1           0       133.3
 AR_tsyn_sum Stab_Ngroup Iso_Ngroup  Form_Ngroup End_Ngroup  Modf_Ngroup Merg_Ngroup H4_step_sum H4_no_NB    Ep-Ep_sum   Ep-Sp_sum  
      47.144           1           0           0           0           0           0      29.959           0  9.2799e+05       10183
**** Number of members in clusters (global):
N_members:            1           3
Count    :          997           1

Time: 70  N_real(loc): 1000  N_real(glb): 1000  N_all(loc): 1012  N_all(glb): 1012  N_remove(glb): 0  N_escape(glb): 0
Energy:     Error/Total         Error     Error_cum         Total       Kinetic     Potential        Modify  Modify_group Modify_single      Error_PP  Error_PP_cum
Physic:    6.648841e-07  0.0006546132      12.40423      984.5525      1784.286     -799.7332        1299.1             0             0 -0.0009277125     0.2457298
Slowdown:  1.572961e-06   0.001627352      85.95333      1034.579      1778.583     -744.0042      1275.577             0             0  4.502623e-05      73.79482
Angular Momentum:  |L|err: 12.27027  |L|err_cum: 809.2857  L: -367.644   -189.1571    -709.9053  |L|: 821.5279
C.M.: mass: 592.3055 pos: 5.458593   -1.237169    -0.9631512 vel: 0.2284228   -0.03938808    -0.1035426
Tree step number: 1024
**** Wallclock time per step (local): [Min/Max]
 Total       PP_single   PP_cluster  PP_cross    Tree_NB     Tree_Force  Force_corr  Kick        FindCluster CreateGroup MPI_comm    Output      Status      Other      
    0.001013  1.2808e-05  0.00021153           0  0.00014776  0.00060985  6.6122e-06  3.7183e-06  7.8235e-06   1.328e-05  7.0519e-07  8.2123e-07  5.5869e-09  1.6579e-06
    0.001013  1.2838e-05  0.00021158           0  0.00014659  0.00060556  6.6567e-06  3.7481e-06   7.859e-06  1.3296e-05  7.3485e-07  8.2142e-07  5.6162e-09  1.7177e-06
**** FDPS tree soft force time profile (local):
 Sample_ptcl Domain_deco Ex_ptcl     SetRootCell Make_LT     Make_LET    Make_GT     Make_Group  Make_I_list Calc_force  Write_back 
           0           0           0  3.7267e-06  0.00011806  1.5557e-05   9.026e-05  1.3584e-06  3.2144e-05  0.00030058  9.3535e-06
**** Tree neighbor time profile (local):
 Sample_ptcl Domain_deco Ex_ptcl     SetRootCell Make_LT     Make_LET    Make_GT     Make_Group  Make_I_list Calc_force  Write_back 
           0           0           0  2.6852e-06   5.251e-05  8.6676e-06  3.9776e-05  3.4233e-07  8.4876e-06  2.1971e-05   2.534e-06
**** Number per step (global):
 PP_single   PP_cluster  PP_cross    Cluster     Cross       AR_step_sum
         997           3           0           1           0         132
 AR_tsyn_sum Stab_Ngroup Iso_Ngroup  Form_Ngroup End_Ngroup  Modf_Ngroup Merg_Ngroup H4_step_sum H4_no_NB    Ep-Ep_sum   Ep-Sp_sum  
      46.609           1           0           0           0           0           0      29.675           0  9.3292e+05      9411.9
**** Number of members in clusters (global):
N_members:            1           3
Count    :          997           1

Time: 71  N_real(loc): 1000  N_real(glb): 1000  N_all(loc): 1012  N_all(glb): 1012  N_remove(glb): 0  N_escape(glb): 0
Energy:     Error/Total         Error     Error_cum         Total       Kinetic     Potential        Modify  Modify_group Modify_single      Error_PP  Error_PP_cum
Physic:    -3.59735e-06  -0.003549262      12.40068      986.6324      2354.777     -1368.145      1301.183             0             0 -0.0003979081     0.2453319
Slowdown:  -2.82927e-06  -0.003105181      85.95022       1097.52      2249.006     -1151.486      1388.548             0             0  4.617323e-05      73.79487
Angular Momentum:  |L|err: 13.40223  |L|err_cum: 822.6879  L: -376.9749   -197.2728    -718.8118  |L|: 835.2946
C.M.: mass: 592.3055 pos: 5.717773   -1.372855    -1.066071 vel: 0.2297979   -0.1340142    -0.1137297
Tree step number: 1024
**** Wallclock time per step (local): [Min/Max]
 Total       PP_single   PP_cluster  PP_cross    Tree_NB     Tree_Force  Force_corr  Kick        FindCluster CreateGroup MPI_comm    Output      Status      Other      
   0.0011112  7.8946e-06  0.00021005           0  0.00014571  0.00071639  6.9187e-06   3.342e-06   7.533e-06  1.3431e-05  6.3322e-07  7.9171e-07  9.7061e-09  1.6891e-06
   0.0011112  7.9248e-06  0.00021009           0  0.00014434  0.00071233  6.9636e-06  3.3719e-06  7.5672e-06  1.3446e-05  6.6306e-07  7.9187e-07  9.7354e-09  1.7518e-06
**** FDPS tree soft force time profile (local):
 Sample_ptcl Domain_deco Ex_ptcl     SetRootCell Make_LT     Make_LET    Make_GT     Make_Group  Make_I_list Calc_force  Write_back 
           0           0           0  4.3961e-06  0.00011834  1.6347e-05  9.0534e-05   1.645e-06  3.3667e-05   0.0004021  8.9625e-06
**** Tree neighbor time profile (local):
 Sample_ptcl Domain_deco Ex_ptcl     SetRootCell Make_LT     Make_LET    Make_GT     Make_Group  Make_I_list Calc_force  Write_back 
           0           0           0  1.8045e-06  5.1474e-05  8.7956e-06  3.8663e-05  3.9991e-07  7.3929e-06  2.1718e-05  2.9625e-06
**** Number per step (global):
 PP_single   PP_cluster  PP_cross    Cluster     Cross       AR_step_sum
         997           3           0           1           0      131.05
 AR_tsyn_sum Stab_Ngroup Iso_Ngroup  Form_Ngroup End_Ngroup  Modf_Ngroup Merg_Ngroup H4_step_sum H4_no_NB    Ep-Ep_sum   Ep-Sp_sum  
      46.265           1           0           0           0           0           0      29.433           0  9.1752e+05       11651
**** Number of members in clusters (global):
N_members:            1           3
Count    :          997           1

Time: 72  N_real(loc): 1000  N_real(glb): 1000  N_all(loc): 1012  N_all(glb): 1012  N_remove(glb): 0  N_escape(glb): 0
Energy:     Error/Total         Error     Error_cum         Total       Kinetic     Potential        Modify  Modify_group Modify_single      Error_PP  Error_PP_cum
Physic:    9.329927e-07   0.000922333      12.40161      988.5748      1875.753     -887.1787      1303.125             0             0  0.0004596577     0.2457916
Slowdown:  4.428954e-07  0.0005089733      85.95073      1149.195      1836.138     -686.9425       1551.11             0             0  4.629795e-05      73.79492
Angular Momentum:  |L|err: 14.45839  |L|err_cum: 837.1463  L: -387.5808   -206.7522    -727.9047  |L|: 850.1827
C.M.: mass: 592.3055 pos: 5.991338   -1.522611    -1.171641 vel: 0.2438053   -0.1367523    -0.0974969
Tree step number: 1024
**** Wallclock time per step (local): [Min/Max]
 Total       PP_single   PP_cluster  PP_cross    Tree_NB     Tree_Force  Force_corr  Kick        FindCluster CreateGroup MPI_comm    Output      Status      Other      
    0.001168   8.092e-06  0.00021265           0  0.00014449  0.00077055  6.8987e-06  3.3266e-06  8.5997e-06  1.3745e-05  6.7399e-07  5.6147e-07  5.2354e-09  1.7975e-06
    0.001168  8.1222e-06  0.00021269           0  0.00014334  0.00076625  6.9433e-06  3.3566e-06  8.6327e-06  1.3761e-05  7.0334e-07  5.6156e-07  5.2646e-09  1.8631e-06
**** FDPS tree soft force time profile (local):
 Sample_ptcl Domain_deco Ex_ptcl     SetRootCell Make_LT     Make_LET    Make_GT     Make_Group  Make_I_list Calc_force  Write_back 
           0           0           0  3.8583e-06  0.00012133  1.6724e-05  9.2533e-05  1.7249e-06  3.7291e-05  0.00044567  9.4695e-06
**** Tree neighbor time profile (local):
 Sample_ptcl Domain_deco Ex_ptcl     SetRootCell Make_LT     Make_LET    Make_GT     Make_Group  Make_I_list Calc_force  Write_back 
           0           0           0  1.9498e-06  5.2419e-05  9.6441e-06  3.8904e-05  4.4389e-07  8.2076e-06  1.7646e-05   2.551e-06
**** Number per step (global):
 PP_single   PP_cluster  PP_cross    Cluster     Cross       AR_step_sum
       996.5      3.5039           0       1.252           0      131.72
 AR_tsyn_sum Stab_Ngroup Iso_Ngroup  Form_Ngroup End_Ngroup  Modf_Ngroup Merg_Ngroup H4_step_sum H4_no_NB    Ep-Ep_sum   Ep-Sp_sum  
       46.57           1           0           0           0           0           0       30.97           0  9.0132e+05       14952
**** Number of members in clusters (global):
N_members:            1           2           3
Count    :        996.5     0.25195           1

Time: 73  N_real(loc): 1000  N_real(glb): 1000  N_all(loc): 1012  N_all(glb): 1012  N_remove(glb): 0  N_escape(glb): 0
Energy:     Error/Total         Error     Error_cum         Total       Kinetic     Potential        Modify  Modify_group Modify_single      Error_PP  Error_PP_cum
Physic:   -9.464268e-07 -0.0009373175      12.40067       990.375      1799.353     -808.9777      1304.926             0             0 -0.0005517267     0.2452398
Slowdown: -3.343801e-07  -0.000340103      85.95039      1017.115      1795.793     -778.6778      1579.651             0             0  4.548783e-05      73.79496
Angular Momentum:  |L|err: 15.285  |L|err_cum: 852.4313  L: -399.1872   -217.3155    -737.0754  |L|: 865.9426
C.M.: mass: 592.3055 pos: 6.261362   -1.667012    -1.275108 vel: 0.2433944   -0.1133677    -0.09293358
Tree step number: 1024
**** Wallclock time per step (local): [Min/Max]
 Total       PP_single   PP_cluster  PP_cross    Tree_NB     Tree_Force  Force_corr  Kick        FindCluster CreateGroup MPI_comm    Output      Status      Other      
   0.0015711   1.224e-05  0.00025802           0  0.00022048   0.0010377  8.7895e-06  5.0047e-06  1.5732e-05  1.6599e-05  3.9509e-06  4.9637e-07   4.873e-09  7.3859e-06
   0.0015712  1.2285e-05  0.00025807           0  0.00021824   0.0010224  8.8357e-06  5.0356e-06  1.5771e-05  1.6616e-05  3.9819e-06  4.9657e-07  4.9023e-09  7.5377e-06
**** FDPS tree soft force time profile (local):
 Sample_ptcl Domain_deco Ex_ptcl     SetRootCell Make_LT     Make_LET    Make_GT     Make_Group  Make_I_list Calc_force  Write_back 
           0           0           0  1.5021e-05  0.00020631   2.438e-05  0.00015367  1.3023e-05  6.2596e-05  0.00049208  3.1569e-05
**** Tree neighbor time profile (local):
 Sample_ptcl Domain_deco Ex_ptcl     SetRootCell Make_LT     Make_LET    Make_GT     Make_Group  Make_I_list Calc_force  Write_back 
           0           0           0  5.7916e-06  7.2637e-05   1.263e-05  7.8983e-05  4.7312e-07   8.872e-06  2.0756e-05  4.7413e-06
**** Number per step (global):
 PP_single   PP_cluster  PP_cross    Cluster     Cross       AR_step_sum
         997           3           0           1           0      131.51
 AR_tsyn_sum Stab_Ngroup Iso_Ngroup  Form_Ngroup End_Ngroup  Modf_Ngroup Merg_Ngroup H4_step_sum H4_no_NB    Ep-Ep_sum   Ep-Sp_sum  
      46.431           1           0           0           0           0           0       29.53           0  9.0329e+05       14186
**** Number of members in clusters (global):
N_members:            1           3
Count    :          997           1

Time: 74  N_real(loc): 1000  N_real(glb): 1000  N_all(loc): 1012  N_all(glb): 1012  N_remove(glb): 0  N_escape(glb): 0
Energy:     Error/Total         Error     Error_cum         Total       Kinetic     Potential        Modify  Modify_group Modify_single      Error_PP  Error_PP_cum
Physic:    1.725878e-06   0.001712089      12.40238      992.0106      1823.967     -831.9561       1306.56             0             0  0.0001976994     0.2454375
Slowdown:  1.571557e-06   0.001559001      85.95195      992.0106      1823.967     -831.9561      1581.285             0             0  4.461129e-05      73.79501
Angular Momentum:  |L|err: 15.85055  |L|err_cum: 868.2819  L: -411.7708   -229.0248    -745.974  |L|: 882.3178
C.M.: mass: 592.3055 pos: 6.537297   -1.819051    -1.37776 vel: 0.2465207   -0.09852946    -0.1119005
Tree step number: 1024
**** Wallclock time per step (local): [Min/Max]
 Total       PP_single   PP_cluster  PP_cross    Tree_NB     Tree_Force  Force_corr  Kick        FindCluster CreateGroup MPI_comm    Output      Status      Other      
   0.0010206  7.4106e-06  0.00021054           0  0.00013852   0.0006335  6.7559e-06   3.397e-06   7.798e-06  1.2662e-05  6.0768e-07  5.0481e-07   5.626e-09   1.644e-06
   0.0010206  7.4409e-06  0.00021058           0  0.00013734  0.00062975  6.8008e-06  3.4271e-06  7.8317e-06  1.2678e-05   6.375e-07  5.0491e-07  5.6846e-09  1.7061e-06
**** FDPS tree soft force time profile (local):
 Sample_ptcl Domain_deco Ex_ptcl     SetRootCell Make_LT     Make_LET    Make_GT     Make_Group  Make_I_list Calc_force  Write_back 
           0           0           0  3.8691e-06  0.00011918  1.5716e-05   9.134e-05  1.7824e-06  3.5637e-05  0.00031806  8.3087e-06
**** Tree neighbor time profile (local):
 Sample_ptcl Domain_deco Ex_ptcl     SetRootCell Make_LT     Make_LET    Make_GT     Make_Group  Make_I_list Calc_force  Write_back 
           0           0           0  1.7961e-06  5.2383e-05  8.5769e-06  3.9065e-05  4.0929e-07  7.2569e-06  1.4678e-05  2.5641e-06
**** Number per step (global):
 PP_single   PP_cluster  PP_cross    Cluster     Cross       AR_step_sum
       996.8      3.2031           0      1.1016           0      131.12
 AR_tsyn_sum Stab_Ngroup Iso_Ngroup  Form_Ngroup End_Ngroup  Modf_Ngroup Merg_Ngroup H4_step_sum H4_no_NB    Ep-Ep_sum   Ep-Sp_sum  
      46.211           1           0           0           0           0           0      29.922           0  9.0106e+05       15575
**** Number of members in clusters (global):
N_members:            1           2           3
Count    :        996.8     0.10156           1

Time: 75  N_real(loc): 1000  N_real(glb): 1000  N_all(loc): 1012  N_all(glb): 1012  N_remove(glb): 0  N_escape(glb): 0
Energy:     Error/Total         Error     Error_cum         Total       Kinetic     Potential        Modify  Modify_group Modify_single      Error_PP  Error_PP_cum
Physic:   -1.089827e-05   -0.01082699      12.39155      993.4601      1935.957     -942.4967       1308.02             0             0  -0.001003708     0.2444338
Slowdown: -9.843794e-06  -0.009779417      85.94217      993.4601      1935.957     -942.4967      1582.744             0             0  4.386939e-05      73.79505
Angular Momentum:  |L|err: 16.95871  |L|err_cum: 885.2406  L: -425.8154   -242.3667    -754.7882  |L|: 899.8698
C.M.: mass: 592.3055 pos: 6.81737   -1.975903    -1.484158 vel: 0.2617181   -0.1245026    -0.1793654
Tree step number: 1024
**** Wallclock time per step (local): [Min/Max]
 Total       PP_single   PP_cluster  PP_cross    Tree_NB     Tree_Force  Force_corr  Kick        FindCluster CreateGroup MPI_comm    Output      Status      Other      
  0.00099438  7.2281e-06   0.0002096           0  0.00013748  0.00060957  6.5061e-06  3.3482e-06  7.5573e-06  1.3434e-05  7.8608e-07  5.0103e-07  4.7549e-09  1.6727e-06
  0.00099443  7.2582e-06  0.00020964           0   0.0001363  0.00060563  6.5509e-06  3.3783e-06  7.5913e-06   1.345e-05  8.1594e-07  5.0114e-07  4.7842e-09  1.7343e-06
**** FDPS tree soft force time profile (local):
 Sample_ptcl Domain_deco Ex_ptcl     SetRootCell Make_LT     Make_LET    Make_GT     Make_Group  Make_I_list Calc_force  Write_back 
           0           0           0  4.1696e-06  0.00011981  1.5419e-05  9.2178e-05  1.5676e-06   3.549e-05  0.00029275   8.654e-06
**** Tree neighbor time profile (local):
 Sample_ptcl Domain_deco Ex_ptcl     SetRootCell Make_LT     Make_LET    Make_GT     Make_Group  Make_I_list Calc_force  Write_back 
           0           0           0  1.8693e-06  5.2649e-05  8.9039e-06  3.9507e-05  4.1534e-07  7.3011e-06  1.2586e-05   2.573e-06
**** Number per step (global):
 PP_single   PP_cluster  PP_cross    Cluster     Cross       AR_step_sum
         997           3           0           1           0      131.62
 AR_tsyn_sum Stab_Ngroup Iso_Ngroup  Form_Ngroup End_Ngroup  Modf_Ngroup Merg_Ngroup H4_step_sum H4_no_NB    Ep-Ep_sum   Ep-Sp_sum  
      46.416           1           0           0           0           0           0      29.677           0  9.0622e+05       14242
**** Number of members in clusters (global):
N_members:            1           3
Count    :          997           1

Time: 76  N_real(loc): 1000  N_real(glb): 1000  N_all(loc): 1012  N_all(glb): 1012  N_remove(glb): 0  N_escape(glb): 0
Energy:     Error/Total         Error     Error_cum         Total       Kinetic     Potential        Modify  Modify_group Modify_single      Error_PP  Error_PP_cum
Physic:    4.906811e-06   0.004881362      12.39643      994.8135       1796.02     -801.2065      1309.368             0             0   0.001611319     0.2460451
Slowdown:  3.228226e-06   0.003314692      85.94549      1026.785       1792.01     -765.2253      1616.065             0             0  4.464956e-05       73.7951
Angular Momentum:  |L|err: 18.98487  |L|err_cum: 904.2254  L: -442.265   -258.3357    -763.7088  |L|: 919.5579
C.M.: mass: 592.3055 pos: 7.101159   -2.128547    -1.58776 vel: 0.2487425   -0.05193257    -0.1283437
Tree step number: 1024
**** Wallclock time per step (local): [Min/Max]
 Total       PP_single   PP_cluster  PP_cross    Tree_NB     Tree_Force  Force_corr  Kick        FindCluster CreateGroup MPI_comm    Output      Status      Other      
  0.00096536  7.0925e-06  0.00020884           0  0.00013479  0.00058386  6.4249e-06  3.2734e-06  8.2974e-06  1.3126e-05  6.1568e-07  5.2437e-07   4.833e-09  1.5862e-06
  0.00096539  7.1224e-06  0.00020889           0  0.00013361  0.00058012  6.4695e-06   3.303e-06  8.3313e-06  1.3143e-05   6.453e-07  5.2451e-07  4.8623e-09  1.6469e-06
**** FDPS tree soft force time profile (local):
 Sample_ptcl Domain_deco Ex_ptcl     SetRootCell Make_LT     Make_LET    Make_GT     Make_Group  Make_I_list Calc_force  Write_back 
           0           0           0  4.5349e-06  0.00011781  1.5249e-05  9.0656e-05  1.5601e-06  3.4175e-05   0.0002727  8.2919e-06
**** Tree neighbor time profile (local):
 Sample_ptcl Domain_deco Ex_ptcl     SetRootCell Make_LT     Make_LET    Make_GT     Make_Group  Make_I_list Calc_force  Write_back 
           0           0           0  1.9948e-06  5.1994e-05  8.2629e-06  3.8554e-05  4.1956e-07  6.8071e-06  1.2802e-05  2.5716e-06
**** Number per step (global):
 PP_single   PP_cluster  PP_cross    Cluster     Cross       AR_step_sum
      996.46       3.543           0      1.2715           0       130.8
 AR_tsyn_sum Stab_Ngroup Iso_Ngroup  Form_Ngroup End_Ngroup  Modf_Ngroup Merg_Ngroup H4_step_sum H4_no_NB    Ep-Ep_sum   Ep-Sp_sum  
      46.006           1           0           0           0           0           0      30.935           0  9.1353e+05       12485
**** Number of members in clusters (global):
N_members:            1           2           3
Count    :       996.46     0.27148           1

Time: 77  N_real(loc): 1000  N_real(glb): 1000  N_all(loc): 1012  N_all(glb): 1012  N_remove(glb): 0  N_escape(glb): 0
Energy:     Error/Total         Error     Error_cum         Total       Kinetic     Potential        Modify  Modify_group Modify_single      Error_PP  Error_PP_cum
Physic:   -1.525597e-06  -0.001519597      12.39491      996.0674      2371.848     -1375.781      1310.624             0             0 -0.0006425218     0.2454026
Slowdown: -7.654249e-07 -0.0008320414      85.94465      1087.032       2283.25     -1196.218      1708.285             0             0  4.503371e-05      73.79514
Angular Momentum:  |L|err: 20.79769  |L|err_cum: 925.0231  L: -460.5201   -276.2305    -772.8653  |L|: 941.1178
C.M.: mass: 592.3055 pos: 7.39158   -2.30683    -1.694287 vel: 0.2501575   -0.119847    -0.1599832
Tree step number: 1024
**** Wallclock time per step (local): [Min/Max]
 Total       PP_single   PP_cluster  PP_cross    Tree_NB     Tree_Force  Force_corr  Kick        FindCluster CreateGroup MPI_comm    Output      Status      Other      
  0.00098947  7.7944e-06  0.00021051           0  0.00014453  0.00059595  6.5975e-06  3.4865e-06  7.9045e-06  1.3357e-05  8.5212e-07  5.3467e-07  4.9707e-09  1.6221e-06
   0.0009895  7.8247e-06  0.00021056           0  0.00014311  0.00059188  6.6425e-06   3.517e-06  7.9399e-06  1.3373e-05  8.8272e-07  5.3477e-07       5e-09  1.6828e-06
**** FDPS tree soft force time profile (local):
 Sample_ptcl Domain_deco Ex_ptcl     SetRootCell Make_LT     Make_LET    Make_GT     Make_Group  Make_I_list Calc_force  Write_back 
           0           0           0   3.637e-06  0.00012005  1.5855e-05  9.2931e-05  1.5641e-06  3.6483e-05  0.00027714  8.9324e-06
**** Tree neighbor time profile (local):
 Sample_ptcl Domain_deco Ex_ptcl     SetRootCell Make_LT     Make_LET    Make_GT     Make_Group  Make_I_list Calc_force  Write_back 
           0           0           0  1.9807e-06  5.3844e-05  8.7595e-06  3.9754e-05  4.1739e-07  7.9369e-06  1.7173e-05  3.0685e-06
**** Number per step (global):
 PP_single   PP_cluster  PP_cross    Cluster     Cross       AR_step_sum
         997           3           0           1           0      129.97
 AR_tsyn_sum Stab_Ngroup Iso_Ngroup  Form_Ngroup End_Ngroup  Modf_Ngroup Merg_Ngroup H4_step_sum H4_no_NB    Ep-Ep_sum   Ep-Sp_sum  
      45.734           1           0           0           0           0           0      29.332           0  9.0561e+05       15874
**** Number of members in clusters (global):
N_members:            1           3
Count    :          997           1

Time: 78  N_real(loc): 1000  N_real(glb): 1000  N_all(loc): 1012  N_all(glb): 1012  N_remove(glb): 0  N_escape(glb): 0
Energy:     Error/Total         Error     Error_cum         Total       Kinetic     Potential        Modify  Modify_group Modify_single      Error_PP  Error_PP_cum
Physic:    -1.26103e-06  -0.001257529      12.39366      997.2236      2025.794     -1028.571      1311.781             0             0 -0.0001462918     0.2452563
Slowdown: -9.201508e-07  -0.001065405      85.94359      1157.859       1951.46     -793.6013      1870.077             0             0  4.583299e-05      73.79519
Angular Momentum:  |L|err: 22.28573  |L|err_cum: 947.3089  L: -480.2453   -295.7312    -782.0454  |L|: 964.203
C.M.: mass: 592.3055 pos: 7.682784   -2.481115    -1.803812 vel: 0.2228659   -0.05087858    -0.00387097
Tree step number: 1024
**** Wallclock time per step (local): [Min/Max]
 Total       PP_single   PP_cluster  PP_cross    Tree_NB     Tree_Force  Force_corr  Kick        FindCluster CreateGroup MPI_comm    Output      Status      Other      
   0.0010036  7.3136e-06  0.00020996           0  0.00014702  0.00060778  6.7728e-06  3.4548e-06  8.5061e-06  1.2815e-05  7.4459e-07   6.808e-07  6.8877e-09  1.6294e-06
   0.0010037  7.3436e-06  0.00021001           0  0.00014581  0.00060407  6.8184e-06  3.4849e-06  8.5438e-06   1.283e-05  7.7443e-07  6.8088e-07  7.0352e-09  1.6891e-06
**** FDPS tree soft force time profile (local):
 Sample_ptcl Domain_deco Ex_ptcl     SetRootCell Make_LT     Make_LET    Make_GT     Make_Group  Make_I_list Calc_force  Write_back 
           0           0           0  3.7397e-06  0.00012104  1.5618e-05   9.334e-05  1.7903e-06  3.6678e-05  0.00028779  8.2894e-06
**** Tree neighbor time profile (local):
 Sample_ptcl Domain_deco Ex_ptcl     SetRootCell Make_LT     Make_LET    Make_GT     Make_Group  Make_I_list Calc_force  Write_back 
           0           0           0  1.8396e-06  5.2744e-05  9.2135e-06  3.9813e-05  4.4324e-07  8.1469e-06   1.996e-05  2.6246e-06
**** Number per step (global):
 PP_single   PP_cluster  PP_cross    Cluster     Cross       AR_step_sum
      996.84      3.1562           0      1.0781           0      129.14
 AR_tsyn_sum Stab_Ngroup Iso_Ngroup  Form_Ngroup End_Ngroup  Modf_Ngroup Merg_Ngroup H4_step_sum H4_no_NB    Ep-Ep_sum   Ep-Sp_sum  
      45.369           1           0           0           0           0           0      29.388           0  9.0901e+05       15975
**** Number of members in clusters (global):
N_members:            1           2           3
Count    :       996.84    0.078125           1

Time: 79  N_real(loc): 1000  N_real(glb): 1000  N_all(loc): 1012  N_all(glb): 1012  N_remove(glb): 0  N_escape(glb): 0
Energy:     Error/Total         Error     Error_cum         Total       Kinetic     Potential        Modify  Modify_group Modify_single      Error_PP  Error_PP_cum
Physic:   -1.354043e-06  -0.001351711      12.39231      998.2783      1808.896     -810.6173      1312.837             0             0  0.0007570223     0.2460133
Slowdown: -1.780125e-06  -0.002063006      85.94152      1158.911      1785.989     -627.0784      2031.767             0             0  4.572761e-05      73.79523
Angular Momentum:  |L|err: 23.70726  |L|err_cum: 971.0161  L: -501.3038   -316.6984    -791.196  |L|: 988.7338
C.M.: mass: 592.3055 pos: 7.978234   -2.650992    -1.909566 vel: 0.2536408   -0.115803    -0.0535066
Tree step number: 1024
**** Wallclock time per step (local): [Min/Max]
 Total       PP_single   PP_cluster  PP_cross    Tree_NB     Tree_Force  Force_corr  Kick        FindCluster CreateGroup MPI_comm    Output      Status      Other      
   0.0010378  7.6296e-06  0.00021123           0  0.00014764  0.00064038  6.6632e-06   3.625e-06  8.1774e-06  1.3003e-05  5.9593e-07  5.1347e-07  4.7363e-09   1.593e-06
   0.0010378  7.6597e-06  0.00021127           0  0.00014643  0.00063628  6.7078e-06  3.6547e-06  8.2121e-06  1.3088e-05  6.2584e-07  5.1354e-07  4.7656e-09  1.6538e-06
**** FDPS tree soft force time profile (local):
 Sample_ptcl Domain_deco Ex_ptcl     SetRootCell Make_LT     Make_LET    Make_GT     Make_Group  Make_I_list Calc_force  Write_back 
           0           0           0   3.629e-06  0.00012081  1.5628e-05  9.2953e-05  1.6785e-06  3.5337e-05  0.00032145  8.9634e-06
**** Tree neighbor time profile (local):
 Sample_ptcl Domain_deco Ex_ptcl     SetRootCell Make_LT     Make_LET    Make_GT     Make_Group  Make_I_list Calc_force  Write_back 
           0           0           0  2.1251e-06  5.2765e-05  8.5725e-06    4.01e-05  4.2483e-07  8.0509e-06  2.1366e-05  2.6822e-06
**** Number per step (global):
 PP_single   PP_cluster  PP_cross    Cluster     Cross       AR_step_sum
         997           3           0           1           0       130.2
 AR_tsyn_sum Stab_Ngroup Iso_Ngroup  Form_Ngroup End_Ngroup  Modf_Ngroup Merg_Ngroup H4_step_sum H4_no_NB    Ep-Ep_sum   Ep-Sp_sum  
      45.841           1           0           0           0           0           0      29.345           0  9.1084e+05       16290
**** Number of members in clusters (global):
N_members:            1           3
Count    :          997           1

Time: 80  N_real(loc): 1000  N_real(glb): 1000  N_all(loc): 1012  N_all(glb): 1012  N_remove(glb): 0  N_escape(glb): 0
Energy:     Error/Total         Error     Error_cum         Total       Kinetic     Potential        Modify  Modify_group Modify_single      Error_PP  Error_PP_cum
Physic:    2.581605e-06   0.002579619      12.39489      999.2309      7325.998     -6326.767      1313.787             0             0  4.559459e-05     0.2460589
Slowdown:  2.581077e-06   0.002579091       85.9441      999.2309      7325.998     -6326.767      2032.717             0             0  4.506692e-05      73.79528
Angular Momentum:  |L|err: 24.60072  |L|err_cum: 995.6168  L: -523.1701   -338.6066    -800.0951  |L|: 1014.157
C.M.: mass: 592.3055 pos: 8.28188   -2.828722    -2.019344 vel: 0.04954505   -0.2683503    0.09159917
Tree step number: 1024
**** Wallclock time per step (local): [Min/Max]
 Total       PP_single   PP_cluster  PP_cross    Tree_NB     Tree_Force  Force_corr  Kick        FindCluster CreateGroup MPI_comm    Output      Status      Other      
   0.0010291  7.0353e-06  0.00020536           0  0.00014296  0.00064494  6.5037e-06  3.3638e-06  7.1446e-06  1.2339e-05  6.1687e-07  4.9033e-07       5e-09  1.5067e-06
   0.0010291  7.0647e-06  0.00020541           0  0.00014176  0.00064102  6.5479e-06  3.3958e-06   7.177e-06  1.2354e-05  6.4631e-07  4.9044e-07  5.0293e-09  1.5678e-06
**** FDPS tree soft force time profile (local):
 Sample_ptcl Domain_deco Ex_ptcl     SetRootCell Make_LT     Make_LET    Make_GT     Make_Group  Make_I_list Calc_force  Write_back 
           0           0           0  3.3236e-06  0.00011369  1.5187e-05  8.7473e-05  1.5493e-06  3.4357e-05  0.00034145  8.5607e-06
**** Tree neighbor time profile (local):
 Sample_ptcl Domain_deco Ex_ptcl     SetRootCell Make_LT     Make_LET    Make_GT     Make_Group  Make_I_list Calc_force  Write_back 
           0           0           0  1.8512e-06  4.9968e-05  8.4156e-06   3.782e-05  3.9303e-07  7.4692e-06  2.2187e-05  2.5996e-06
**** Number per step (global):
 PP_single   PP_cluster  PP_cross    Cluster     Cross       AR_step_sum
         997           3           0           1           0      129.86
 AR_tsyn_sum Stab_Ngroup Iso_Ngroup  Form_Ngroup End_Ngroup  Modf_Ngroup Merg_Ngroup H4_step_sum H4_no_NB    Ep-Ep_sum   Ep-Sp_sum  
      45.534           1           0           0           0           0           0      29.475           0  9.0482e+05       17752
**** Number of members in clusters (global):
N_members:            1           3
Count    :          997           1

Time: 81  N_real(loc): 1000  N_real(glb): 1000  N_all(loc): 1012  N_all(glb): 1012  N_remove(glb): 0  N_escape(glb): 0
Energy:     Error/Total         Error     Error_cum         Total       Kinetic     Potential        Modify  Modify_group Modify_single      Error_PP  Error_PP_cum
Physic:   -4.340704e-07 -0.0004340851      12.39445      1000.034      2837.484      -1837.45      1314.591             0             0 -0.0004059908     0.2456529
Slowdown:  1.662795e-08  1.662851e-05      85.94412      1000.034      2837.484      -1837.45       2033.52             0             0  4.472281e-05      73.79532
Angular Momentum:  |L|err: 25.1922  |L|err_cum: 1020.809  L: -545.8804   -361.626    -808.221  |L|: 1040.183
C.M.: mass: 592.3055 pos: 8.583924   -3.005514    -2.129148 vel: 0.2085206   -0.09948427    -0.01495384
Tree step number: 1024
**** Wallclock time per step (local): [Min/Max]
 Total       PP_single   PP_cluster  PP_cross    Tree_NB     Tree_Force  Force_corr  Kick        FindCluster CreateGroup MPI_comm    Output      Status      Other      
   0.0010235  6.8896e-06  0.00020608           0  0.00014326  0.00063816  6.5372e-06  3.2341e-06  7.3104e-06   1.276e-05   6.192e-07  5.0323e-07  4.7256e-09  1.5486e-06
   0.0010235  6.9196e-06  0.00020613           0  0.00014207  0.00063414  6.5821e-06  3.2637e-06  7.3428e-06  1.2775e-05  6.4845e-07  5.0342e-07  4.7549e-09  1.6089e-06
**** FDPS tree soft force time profile (local):
 Sample_ptcl Domain_deco Ex_ptcl     SetRootCell Make_LT     Make_LET    Make_GT     Make_Group  Make_I_list Calc_force  Write_back 
           0           0           0  3.8149e-06  0.00011542  1.5258e-05  8.7788e-05  1.5592e-06  3.6195e-05  0.00033084  8.7816e-06
**** Tree neighbor time profile (local):
 Sample_ptcl Domain_deco Ex_ptcl     SetRootCell Make_LT     Make_LET    Make_GT     Make_Group  Make_I_list Calc_force  Write_back 
           0           0           0   1.804e-06  5.0719e-05  8.7189e-06  3.7822e-05  4.0239e-07  7.0116e-06  2.2485e-05  2.5753e-06
**** Number per step (global):
 PP_single   PP_cluster  PP_cross    Cluster     Cross       AR_step_sum
         997           3           0           1           0      130.45
 AR_tsyn_sum Stab_Ngroup Iso_Ngroup  Form_Ngroup End_Ngroup  Modf_Ngroup Merg_Ngroup H4_step_sum H4_no_NB    Ep-Ep_sum   Ep-Sp_sum  
      45.852           1           0           0           0           0           0      29.559           0  9.1164e+05       16688
**** Number of members in clusters (global):
N_members:            1           3
Count    :          997           1

Time: 82  N_real(loc): 1000  N_real(glb): 1000  N_all(loc): 1012  N_all(glb): 1012  N_remove(glb): 0  N_escape(glb): 0
Energy:     Error/Total         Error     Error_cum         Total       Kinetic     Potential        Modify  Modify_group Modify_single      Error_PP  Error_PP_cum
Physic:   -3.893501e-06  -0.003896168      12.39055      1000.685      2399.544     -1398.859      1315.246             0             0 -0.0001319258      0.245521
Slowdown: -3.717061e-06  -0.003719607       85.9404      1000.685      2399.544     -1398.859      2034.174             0             0  4.463526e-05      73.79537
Angular Momentum:  |L|err: 26.78229  |L|err_cum: 1047.591  L: -570.2172   -386.5341    -815.9092  |L|: 1067.831
C.M.: mass: 592.3055 pos: 8.899234   -3.199112    -2.239238 vel: 0.2331832   -0.07925108    -0.06350709
Tree step number: 1024
**** Wallclock time per step (local): [Min/Max]
 Total       PP_single   PP_cluster  PP_cross    Tree_NB     Tree_Force  Force_corr  Kick        FindCluster CreateGroup MPI_comm    Output      Status      Other      
   0.0010094  7.0468e-06  0.00020614           0  0.00014347  0.00062356  6.4896e-06  3.5107e-06  6.9105e-06  1.2812e-05  6.0351e-07  6.2365e-07  5.8027e-09   1.484e-06
   0.0010094  7.0766e-06  0.00020619           0  0.00014231  0.00061968  6.5343e-06  3.5406e-06  6.9428e-06  1.2828e-05  6.3292e-07  6.2378e-07   5.832e-09  1.5434e-06
**** FDPS tree soft force time profile (local):
 Sample_ptcl Domain_deco Ex_ptcl     SetRootCell Make_LT     Make_LET    Make_GT     Make_Group  Make_I_list Calc_force  Write_back 
           0           0           0  3.6716e-06   0.0001168  1.4938e-05  9.1105e-05  1.5519e-06  3.4269e-05  0.00031333  8.5041e-06
**** Tree neighbor time profile (local):
 Sample_ptcl Domain_deco Ex_ptcl     SetRootCell Make_LT     Make_LET    Make_GT     Make_Group  Make_I_list Calc_force  Write_back 
           0           0           0  1.8824e-06   5.058e-05  8.3185e-06  3.8279e-05  3.9703e-07  7.2606e-06  2.2883e-05  2.5386e-06
**** Number per step (global):
 PP_single   PP_cluster  PP_cross    Cluster     Cross       AR_step_sum
         997           3           0           1           0      130.37
 AR_tsyn_sum Stab_Ngroup Iso_Ngroup  Form_Ngroup End_Ngroup  Modf_Ngroup Merg_Ngroup H4_step_sum H4_no_NB    Ep-Ep_sum   Ep-Sp_sum  
      45.837           1           0           0           0           0           0      29.552           0  9.1714e+05       17310
**** Number of members in clusters (global):
N_members:            1           3
Count    :          997           1

Time: 83  N_real(loc): 1000  N_real(glb): 1000  N_all(loc): 1012  N_all(glb): 1012  N_remove(glb): 0  N_escape(glb): 0
Energy:     Error/Total         Error     Error_cum         Total       Kinetic     Potential        Modify  Modify_group Modify_single      Error_PP  Error_PP_cum
Physic:    1.027666e-06   0.001028921      12.39158      1001.221      4044.855     -3043.634      1315.781             0             0 -0.0002809708     0.2452401
Slowdown:  1.237511e-06   0.001355102      85.94176      1095.022      3722.093     -2627.071       2128.51             0             0  4.521033e-05      73.79541
Angular Momentum:  |L|err: 29.21254  |L|err_cum: 1076.804  L: -596.802   -413.9554    -823.3901  |L|: 1097.954
C.M.: mass: 592.3055 pos: 9.220026   -3.403701    -2.351122 vel: 0.2407701   -0.2737397    -0.2493422
Tree step number: 1024
**** Wallclock time per step (local): [Min/Max]
 Total       PP_single   PP_cluster  PP_cross    Tree_NB     Tree_Force  Force_corr  Kick        FindCluster CreateGroup MPI_comm    Output      Status      Other      
   0.0010012  6.9089e-06  0.00020459           0  0.00014175  0.00061872  6.5506e-06  3.4284e-06   7.293e-06  1.2228e-05  6.0351e-07  7.1429e-07   4.833e-09  1.5142e-06
   0.0010013   6.939e-06  0.00020465           0  0.00014068   0.0006149  6.5964e-06  3.4582e-06  7.3254e-06  1.2244e-05   6.328e-07  7.1442e-07  4.8623e-09  1.5742e-06
**** FDPS tree soft force time profile (local):
 Sample_ptcl Domain_deco Ex_ptcl     SetRootCell Make_LT     Make_LET    Make_GT     Make_Group  Make_I_list Calc_force  Write_back 
           0           0           0  3.5143e-06   0.0001168  1.5044e-05  8.9467e-05  1.6695e-06   3.322e-05  0.00031172  8.4301e-06
**** Tree neighbor time profile (local):
 Sample_ptcl Domain_deco Ex_ptcl     SetRootCell Make_LT     Make_LET    Make_GT     Make_Group  Make_I_list Calc_force  Write_back 
           0           0           0  1.8033e-06  5.0266e-05  8.0952e-06  3.8417e-05  3.9541e-07  6.9314e-06  2.1478e-05  2.3445e-06
**** Number per step (global):
 PP_single   PP_cluster  PP_cross    Cluster     Cross       AR_step_sum
         997           3           0           1           0      130.15
 AR_tsyn_sum Stab_Ngroup Iso_Ngroup  Form_Ngroup End_Ngroup  Modf_Ngroup Merg_Ngroup H4_step_sum H4_no_NB    Ep-Ep_sum   Ep-Sp_sum  
      45.742           1           0           0           0           0           0      29.462           0  9.3284e+05       13706
**** Number of members in clusters (global):
N_members:            1           3
Count    :          997           1

Time: 84  N_real(loc): 1000  N_real(glb): 1000  N_all(loc): 1012  N_all(glb): 1012  N_remove(glb): 0  N_escape(glb): 0
Energy:     Error/Total         Error     Error_cum         Total       Kinetic     Potential        Modify  Modify_group Modify_single      Error_PP  Error_PP_cum
Physic:    1.865731e-06   0.001868847      12.39345       1001.67      1791.969     -790.2982      1316.228             0             0    0.00106352     0.2463036
Slowdown:  7.861004e-07  0.0008512165      85.94261      1082.834      1782.512     -699.6773      2210.122             0             0  4.588953e-05      73.79546
Angular Momentum:  |L|err: 31.25881  |L|err_cum: 1108.063  L: -625.0545   -443.2427    -830.6859  |L|: 1130.131
C.M.: mass: 592.3055 pos: 9.543878   -3.606189    -2.462078 vel: 0.2629038   -0.04104042    -0.1053853
Tree step number: 1024
**** Wallclock time per step (local): [Min/Max]
 Total       PP_single   PP_cluster  PP_cross    Tree_NB     Tree_Force  Force_corr  Kick        FindCluster CreateGroup MPI_comm    Output      Status      Other      
  0.00099452  7.3202e-06  0.00020765           0   0.0001434  0.00060677  6.6159e-06  3.4204e-06  7.2369e-06  1.2252e-05  6.1565e-07  6.1413e-07  5.0684e-09  1.5284e-06
  0.00099456  7.3515e-06  0.00020771           0  0.00014232  0.00060312  6.6609e-06  3.4503e-06  7.2717e-06  1.2268e-05  6.4543e-07  6.1432e-07  5.0977e-09  1.5878e-06
**** FDPS tree soft force time profile (local):
 Sample_ptcl Domain_deco Ex_ptcl     SetRootCell Make_LT     Make_LET    Make_GT     Make_Group  Make_I_list Calc_force  Write_back 
           0           0           0  3.5216e-06   0.0001169  1.4777e-05   9.037e-05  1.4695e-06   3.425e-05  0.00029747  8.0679e-06
**** Tree neighbor time profile (local):
 Sample_ptcl Domain_deco Ex_ptcl     SetRootCell Make_LT     Make_LET    Make_GT     Make_Group  Make_I_list Calc_force  Write_back 
           0           0           0  2.2707e-06   5.167e-05  8.5649e-06  3.9258e-05  4.0139e-07  6.8646e-06  2.0446e-05    2.37e-06
**** Number per step (global):
 PP_single   PP_cluster  PP_cross    Cluster     Cross       AR_step_sum
         997           3           0           1           0       129.9
 AR_tsyn_sum Stab_Ngroup Iso_Ngroup  Form_Ngroup End_Ngroup  Modf_Ngroup Merg_Ngroup H4_step_sum H4_no_NB    Ep-Ep_sum   Ep-Sp_sum  
      45.701           1           0           0           0           0           0      29.378           0  9.3991e+05       12268
**** Number of members in clusters (global):
N_members:            1           3
Count    :          997           1

Time: 85  N_real(loc): 1000  N_real(glb): 1000  N_all(loc): 1012  N_all(glb): 1012  N_remove(glb): 0  N_escape(glb): 0
Energy:     Error/Total         Error     Error_cum         Total       Kinetic     Potential        Modify  Modify_group Modify_single      Error_PP  Error_PP_cum
Physic:   -4.065369e-06  -0.004073569      12.38938      1002.017      1996.335     -994.3182      1316.579             0             0  -0.001151012     0.2451526
Slowdown: -2.473921e-06   -0.00287631      85.93973      1162.652      1929.113     -766.4611      2371.107             0             0  4.624812e-05       73.7955
Angular Momentum:  |L|err: 32.90839  |L|err_cum: 1140.971  L: -654.5084   -473.8955    -837.7387  |L|: 1163.943
C.M.: mass: 592.3055 pos: 9.867162   -3.80837    -2.573889 vel: 0.2730705   -0.1333484    -0.1091929
Tree step number: 1024
**** Wallclock time per step (local): [Min/Max]
 Total       PP_single   PP_cluster  PP_cross    Tree_NB     Tree_Force  Force_corr  Kick        FindCluster CreateGroup MPI_comm    Output      Status      Other      
   0.0010641  7.1302e-06  0.00020611           0  0.00015325  0.00066784  6.5765e-06  3.5599e-06  7.2279e-06  1.3011e-05  6.1367e-07  5.1623e-07  4.9902e-09  1.5281e-06
   0.0010642    7.16e-06  0.00020617           0  0.00015211  0.00066391  6.6212e-06  3.5895e-06  7.2604e-06  1.3027e-05  6.4267e-07  5.1635e-07  5.0195e-09  1.5876e-06
**** FDPS tree soft force time profile (local):
 Sample_ptcl Domain_deco Ex_ptcl     SetRootCell Make_LT     Make_LET    Make_GT     Make_Group  Make_I_list Calc_force  Write_back 
           0           0           0  3.8709e-06    0.000118  1.4993e-05  9.0381e-05  1.4174e-06  2.7856e-05  0.00036391  8.6254e-06
**** Tree neighbor time profile (local):
 Sample_ptcl Domain_deco Ex_ptcl     SetRootCell Make_LT     Make_LET    Make_GT     Make_Group  Make_I_list Calc_force  Write_back 
           0           0           0   1.787e-06  5.0943e-05  8.2913e-06  3.8037e-05  3.1496e-07   6.178e-06  3.3457e-05   2.496e-06
**** Number per step (global):
 PP_single   PP_cluster  PP_cross    Cluster     Cross       AR_step_sum
         997           3           0           1           0       129.1
 AR_tsyn_sum Stab_Ngroup Iso_Ngroup  Form_Ngroup End_Ngroup  Modf_Ngroup Merg_Ngroup H4_step_sum H4_no_NB    Ep-Ep_sum   Ep-Sp_sum  
      45.378           1           0           0           0           0           0      29.248           0   9.593e+05      9571.7
**** Number of members in clusters (global):
N_members:            1           3
Count    :          997           1

Time: 86  N_real(loc): 1000  N_real(glb): 1000  N_all(loc): 1012  N_all(glb): 1012  N_remove(glb): 0  N_escape(glb): 0
Energy:     Error/Total         Error     Error_cum         Total       Kinetic     Potential        Modify  Modify_group Modify_single      Error_PP  Error_PP_cum
Physic:   -3.825759e-07 -0.0003834517        12.389      1002.289      2699.701     -1697.412      1316.851             0             0 -4.258383e-05       0.24511
Slowdown: -2.604462e-07 -0.0002946717      85.93944      1131.411      2511.582     -1380.171      2500.501             0             0  4.619615e-05      73.79555
Angular Momentum:  |L|err: 34.44943  |L|err_cum: 1175.42  L: -684.8941   -505.5744    -844.7205  |L|: 1199.266
C.M.: mass: 592.3055 pos: 10.18775   -4.000843    -2.682621 vel: 0.2739606   -0.2516268    -0.1487951
Tree step number: 1024
**** Wallclock time per step (local): [Min/Max]
 Total       PP_single   PP_cluster  PP_cross    Tree_NB     Tree_Force  Force_corr  Kick        FindCluster CreateGroup MPI_comm    Output      Status      Other      
   0.0010399  6.8999e-06  0.00020543           0   0.0001468  0.00065166  6.4268e-06  3.3223e-06  7.2688e-06  1.2272e-05  5.7472e-07  7.0612e-07  5.5771e-09  1.4726e-06
   0.0010399  6.9295e-06  0.00020549           0  0.00014565  0.00064797  6.4712e-06  3.3518e-06  7.3022e-06  1.2288e-05  6.0399e-07  7.0625e-07  5.6064e-09  1.5311e-06
**** FDPS tree soft force time profile (local):
 Sample_ptcl Domain_deco Ex_ptcl     SetRootCell Make_LT     Make_LET    Make_GT     Make_Group  Make_I_list Calc_force  Write_back 
           0           0           0  4.1007e-06  0.00011554   1.485e-05   8.836e-05  1.3511e-06  2.5657e-05  0.00035432  8.2533e-06
**** Tree neighbor time profile (local):
 Sample_ptcl Domain_deco Ex_ptcl     SetRootCell Make_LT     Make_LET    Make_GT     Make_Group  Make_I_list Calc_force  Write_back 
           0           0           0   1.834e-06  4.9929e-05  8.3168e-06  3.7545e-05  2.0284e-07  6.4984e-06  2.8057e-05  2.4942e-06
**** Number per step (global):
 PP_single   PP_cluster  PP_cross    Cluster     Cross       AR_step_sum
      996.78      3.2168           0      1.1084           0      129.65
 AR_tsyn_sum Stab_Ngroup Iso_Ngroup  Form_Ngroup End_Ngroup  Modf_Ngroup Merg_Ngroup H4_step_sum H4_no_NB    Ep-Ep_sum   Ep-Sp_sum  
      45.555           1           0           0           0           0           0      30.041           0  9.6823e+05        8078
**** Number of members in clusters (global):
N_members:            1           2           3
Count    :       996.78      0.1084           1

Time: 87  N_real(loc): 1000  N_real(glb): 1000  N_all(loc): 1012  N_all(glb): 1012  N_remove(glb): 0  N_escape(glb): 0
Energy:     Error/Total         Error     Error_cum         Total       Kinetic     Potential        Modify  Modify_group Modify_single      Error_PP  Error_PP_cum
Physic:    3.339791e-08  3.348051e-05      12.38903      1002.473      1906.423     -903.9501      1317.036             0             0  0.0004756521     0.2455856
Slowdown: -3.956745e-07 -0.0003966531      85.93904      1002.473      1906.423     -903.9501      2500.686             0             0  4.551853e-05       73.7956
Angular Momentum:  |L|err: 34.85321  |L|err_cum: 1210.274  L: -715.3627   -537.4619    -851.163  |L|: 1234.944
C.M.: mass: 592.3055 pos: 10.51506   -4.207819    -2.800485 vel: 0.2959951   -0.1955796    -0.1313924
Tree step number: 1024
**** Wallclock time per step (local): [Min/Max]
 Total       PP_single   PP_cluster  PP_cross    Tree_NB     Tree_Force  Force_corr  Kick        FindCluster CreateGroup MPI_comm    Output      Status      Other      
  0.00099765  6.9036e-06  0.00020571           0  0.00014288  0.00061354  6.5063e-06  3.4833e-06  6.9995e-06  1.1986e-05  6.0877e-07  5.3227e-07  5.1074e-09  1.6481e-06
  0.00099768  6.9335e-06  0.00020576           0  0.00014182  0.00060959  6.5515e-06  3.5129e-06  7.0324e-06  1.2001e-05   6.381e-07  5.3239e-07  5.1367e-09  1.7068e-06
**** FDPS tree soft force time profile (local):
 Sample_ptcl Domain_deco Ex_ptcl     SetRootCell Make_LT     Make_LET    Make_GT     Make_Group  Make_I_list Calc_force  Write_back 
           0           0           0  4.2165e-06   0.0001149  1.4663e-05  8.8573e-05   1.275e-06  2.5155e-05  0.00031747  8.6318e-06
**** Tree neighbor time profile (local):
 Sample_ptcl Domain_deco Ex_ptcl     SetRootCell Make_LT     Make_LET    Make_GT     Make_Group  Make_I_list Calc_force  Write_back 
           0           0           0  1.8862e-06  4.9887e-05  8.2814e-06   3.784e-05   2.009e-07  6.4038e-06  2.3894e-05  2.3251e-06
**** Number per step (global):
 PP_single   PP_cluster  PP_cross    Cluster     Cross       AR_step_sum
      996.64      3.3574           0      1.1787           0      130.16
 AR_tsyn_sum Stab_Ngroup Iso_Ngroup  Form_Ngroup End_Ngroup  Modf_Ngroup Merg_Ngroup H4_step_sum H4_no_NB    Ep-Ep_sum   Ep-Sp_sum  
      45.787           1           0           0           0           0           0      30.748   0.0019531    9.74e+05        6510
**** Number of members in clusters (global):
N_members:            1           2           3
Count    :       996.64     0.17871           1

Time: 88  N_real(loc): 1000  N_real(glb): 1000  N_all(loc): 1012  N_all(glb): 1012  N_remove(glb): 0  N_escape(glb): 0
Energy:     Error/Total         Error     Error_cum         Total       Kinetic     Potential        Modify  Modify_group Modify_single      Error_PP  Error_PP_cum
Physic:   -5.279995e-07 -0.0005293347       12.3885      1002.529      2225.546     -1223.017      1317.092             0             0 -0.0002250571     0.2453606
Slowdown: -2.582719e-07  -0.000258925      85.93878      1002.529      2225.546     -1223.017      2500.742             0             0  4.535255e-05      73.79564
Angular Momentum:  |L|err: 34.5805  |L|err_cum: 1244.854  L: -745.6118   -569.3696    -856.488  |L|: 1270.311
C.M.: mass: 592.3055 pos: 10.84828   -4.418004    -2.923187 vel: 0.3047904   -0.2403202    -0.1915886
Tree step number: 1024
**** Wallclock time per step (local): [Min/Max]
 Total       PP_single   PP_cluster  PP_cross    Tree_NB     Tree_Force  Force_corr  Kick        FindCluster CreateGroup MPI_comm    Output      Status      Other      
  0.00097665  6.8957e-06  0.00020537           0   0.0001415  0.00059412  6.3621e-06   3.403e-06  7.3789e-06  1.2033e-05  8.2419e-07  5.5363e-07  6.2812e-09  1.4752e-06
  0.00097668  6.9259e-06  0.00020542           0  0.00014037   0.0005902  6.4067e-06  3.4329e-06  7.4127e-06  1.2048e-05  8.5376e-07  5.5375e-07  6.3105e-09   1.534e-06
**** FDPS tree soft force time profile (local):
 Sample_ptcl Domain_deco Ex_ptcl     SetRootCell Make_LT     Make_LET    Make_GT     Make_Group  Make_I_list Calc_force  Write_back 
           0           0           0  3.4526e-06  0.00011657  1.4623e-05  9.1352e-05  1.2977e-06  2.7051e-05  0.00029197   8.585e-06
**** Tree neighbor time profile (local):
 Sample_ptcl Domain_deco Ex_ptcl     SetRootCell Make_LT     Make_LET    Make_GT     Make_Group  Make_I_list Calc_force  Write_back 
           0           0           0  1.8818e-06  5.1114e-05  8.2162e-06  3.8123e-05  2.0182e-07  6.8355e-06  2.0808e-05    2.47e-06
**** Number per step (global):
 PP_single   PP_cluster  PP_cross    Cluster     Cross       AR_step_sum
         997           3           0           1           0      129.93
 AR_tsyn_sum Stab_Ngroup Iso_Ngroup  Form_Ngroup End_Ngroup  Modf_Ngroup Merg_Ngroup H4_step_sum H4_no_NB    Ep-Ep_sum   Ep-Sp_sum  
      45.667           1           0           0           0           0           0      29.657           0  9.7573e+05      6205.1
**** Number of members in clusters (global):
N_members:            1           3
Count    :          997           1

Time: 89  N_real(loc): 1000  N_real(glb): 1000  N_all(loc): 1012  N_all(glb): 1012  N_remove(glb): 0  N_escape(glb): 0
Energy:     Error/Total         Error     Error_cum         Total       Kinetic     Potential        Modify  Modify_group Modify_single      Error_PP  Error_PP_cum
Physic:    9.716521e-07  0.0009740192      12.38947      1002.436      2558.237     -1555.801      1316.998             0             0  0.0003513638     0.2457119
Slowdown:  6.547488e-07  0.0006682434      85.93945       1020.61      2535.516     -1514.905      2518.823             0             0  4.558798e-05      73.79569
Angular Momentum:  |L|err: 35.49738  |L|err_cum: 1280.352  L: -776.7238   -602.4705    -860.7561  |L|: 1306.588
C.M.: mass: 592.3055 pos: 11.18469   -4.62968    -3.046904 vel: 0.2389435   -0.1040245    -0.04225051
Tree step number: 1024
**** Wallclock time per step (local): [Min/Max]
 Total       PP_single   PP_cluster  PP_cross    Tree_NB     Tree_Force  Force_corr  Kick        FindCluster CreateGroup MPI_comm    Output      Status      Other      
  0.00091106  6.8533e-06  0.00020137           0  0.00013496  0.00053973  6.3282e-06  3.1783e-06  7.0129e-06  1.2078e-05  5.9781e-07  5.0262e-07  4.9316e-09  1.4356e-06
  0.00091109  6.8833e-06  0.00020141           0  0.00013381  0.00053612  6.3724e-06  3.2078e-06  7.0625e-06  1.2094e-05  6.2685e-07  5.0273e-07  4.9609e-09  1.4942e-06
**** FDPS tree soft force time profile (local):
 Sample_ptcl Domain_deco Ex_ptcl     SetRootCell Make_LT     Make_LET    Make_GT     Make_Group  Make_I_list Calc_force  Write_back 
           0           0           0  3.5965e-06  0.00011277  1.4222e-05  8.7371e-05  1.2608e-06  2.6025e-05  0.00024822   7.934e-06
**** Tree neighbor time profile (local):
 Sample_ptcl Domain_deco Ex_ptcl     SetRootCell Make_LT     Make_LET    Make_GT     Make_Group  Make_I_list Calc_force  Write_back 
           0           0           0  1.7758e-06  4.9413e-05  8.1391e-06  3.6873e-05   2.066e-07  7.0117e-06  1.7118e-05  2.4992e-06
**** Number per step (global):
 PP_single   PP_cluster  PP_cross    Cluster     Cross       AR_step_sum
         997           3           0           1           0      129.94
 AR_tsyn_sum Stab_Ngroup Iso_Ngroup  Form_Ngroup End_Ngroup  Modf_Ngroup Merg_Ngroup H4_step_sum H4_no_NB    Ep-Ep_sum   Ep-Sp_sum  
      45.755           1           0           0           0           0           0      29.632           0   9.741e+05      6891.1
**** Number of members in clusters (global):
N_members:            1           3
Count    :          997           1

Time: 90  N_real(loc): 1000  N_real(glb): 1000  N_all(loc): 1012  N_all(glb): 1012  N_remove(glb): 0  N_escape(glb): 0
Energy:     Error/Total         Error     Error_cum         Total       Kinetic     Potential        Modify  Modify_group Modify_single      Error_PP  Error_PP_cum
Physic:   -2.606011e-06  -0.002611787      12.38686      1002.216      2490.638     -1488.422      1316.781             0             0  -0.000338046     0.2453739
Slowdown:  -1.97384e-06  -0.002227776      85.93722      1128.651       2345.12     -1216.469      2645.039             0             0  4.596464e-05      73.79573
Angular Momentum:  |L|err: 37.31757  |L|err_cum: 1317.669  L: -809.2593   -637.2781    -864.3734  |L|: 1344.68
C.M.: mass: 592.3055 pos: 11.52193   -4.846588    -3.162405 vel: 0.2420615   -0.06684343    -0.06536491
Tree step number: 1024
**** Wallclock time per step (local): [Min/Max]
 Total       PP_single   PP_cluster  PP_cross    Tree_NB     Tree_Force  Force_corr  Kick        FindCluster CreateGroup MPI_comm    Output      Status      Other      
  0.00090387  6.7094e-06  0.00020306           0  0.00013211  0.00053341  6.3531e-06  3.1609e-06  7.4216e-06  1.2043e-05  6.0201e-07  5.2466e-07  4.7949e-09  1.5174e-06
   0.0009039  6.7389e-06  0.00020311           0  0.00013092  0.00052984  6.3975e-06  3.1899e-06  7.4541e-06  1.2058e-05  6.3091e-07  5.2476e-07  4.8145e-09  1.5756e-06
**** FDPS tree soft force time profile (local):
 Sample_ptcl Domain_deco Ex_ptcl     SetRootCell Make_LT     Make_LET    Make_GT     Make_Group  Make_I_list Calc_force  Write_back 
           0           0           0   3.546e-06  0.00011308  1.4277e-05  8.6602e-05  1.1798e-06  2.7292e-05  0.00024128  7.8486e-06
**** Tree neighbor time profile (local):
 Sample_ptcl Domain_deco Ex_ptcl     SetRootCell Make_LT     Make_LET    Make_GT     Make_Group  Make_I_list Calc_force  Write_back 
           0           0           0  2.3851e-06  5.0189e-05  7.7856e-06  3.6319e-05  1.9146e-07  7.1731e-06  1.4635e-05  2.5853e-06
**** Number per step (global):
 PP_single   PP_cluster  PP_cross    Cluster     Cross       AR_step_sum
       996.1      3.9043           0      1.4521           0       129.8
 AR_tsyn_sum Stab_Ngroup Iso_Ngroup  Form_Ngroup End_Ngroup  Modf_Ngroup Merg_Ngroup H4_step_sum H4_no_NB    Ep-Ep_sum   Ep-Sp_sum  
       45.65           1           0           0           0           0           0      32.725   0.0039062  9.7668e+05      6252.7
**** Number of members in clusters (global):
N_members:            1           2           3
Count    :        996.1     0.45215           1

Time: 91  N_real(loc): 1000  N_real(glb): 1000  N_all(loc): 1012  N_all(glb): 1012  N_remove(glb): 0  N_escape(glb): 0
Energy:     Error/Total         Error     Error_cum         Total       Kinetic     Potential        Modify  Modify_group Modify_single      Error_PP  Error_PP_cum
Physic:   -1.519604e-06  -0.001522503      12.38534      1001.908      2384.356     -1382.448      1316.474             0             0 -7.613583e-05     0.2452978
Slowdown: -1.306521e-06  -0.001399944      85.93582      1071.505      2315.131     -1243.626       2714.33             0             0  4.642272e-05      73.79578
Angular Momentum:  |L|err: 38.9868  |L|err_cum: 1356.656  L: -842.909   -673.3973    -867.562  |L|: 1384.422
C.M.: mass: 592.3055 pos: 11.86102   -5.071144    -3.278531 vel: 0.2337939   -0.01548736    -0.04445629
Tree step number: 1024
**** Wallclock time per step (local): [Min/Max]
 Total       PP_single   PP_cluster  PP_cross    Tree_NB     Tree_Force  Force_corr  Kick        FindCluster CreateGroup MPI_comm    Output      Status      Other      
  0.00089902  6.7375e-06  0.00020121           0  0.00013338  0.00052966  6.2249e-06  3.2988e-06   6.968e-06  1.1965e-05  6.1357e-07  4.9284e-07  4.7656e-09   1.476e-06
  0.00089905  6.7674e-06  0.00020126           0  0.00013224  0.00052608    6.27e-06  3.3287e-06  7.0014e-06   1.198e-05  6.4346e-07  4.9295e-07  4.7949e-09  1.5356e-06
**** FDPS tree soft force time profile (local):
 Sample_ptcl Domain_deco Ex_ptcl     SetRootCell Make_LT     Make_LET    Make_GT     Make_Group  Make_I_list Calc_force  Write_back 
           0           0           0  3.5729e-06  0.00011407  1.4682e-05  8.7105e-05  1.1928e-06  2.6045e-05  0.00023607  7.8821e-06
**** Tree neighbor time profile (local):
 Sample_ptcl Domain_deco Ex_ptcl     SetRootCell Make_LT     Make_LET    Make_GT     Make_Group  Make_I_list Calc_force  Write_back 
           0           0           0  1.8961e-06  5.0343e-05  8.1451e-06  3.7754e-05  1.9609e-07  6.6722e-06  1.4072e-05  2.4783e-06
**** Number per step (global):
 PP_single   PP_cluster  PP_cross    Cluster     Cross       AR_step_sum
      996.89      3.1113           0      1.0557           0      129.74
 AR_tsyn_sum Stab_Ngroup Iso_Ngroup  Form_Ngroup End_Ngroup  Modf_Ngroup Merg_Ngroup H4_step_sum H4_no_NB    Ep-Ep_sum   Ep-Sp_sum  
      45.671           1           0           0           0           0           0      30.011    0.021484  9.7499e+05        6313
**** Number of members in clusters (global):
N_members:            1           2           3
Count    :       996.89    0.055664           1

Time: 92  N_real(loc): 1000  N_real(glb): 1000  N_all(loc): 1012  N_all(glb): 1012  N_remove(glb): 0  N_escape(glb): 0
Energy:     Error/Total         Error     Error_cum         Total       Kinetic     Potential        Modify  Modify_group Modify_single      Error_PP  Error_PP_cum
Physic:   -6.204118e-07 -0.0006213474      12.38472      1001.508      1821.546     -820.0384      1316.075             0             0  0.0002558233     0.2455536
Slowdown: -7.145185e-07 -0.0008303747      85.93499      1162.146      1794.959     -632.8137      2874.569             0             0  4.679594e-05      73.79583
Angular Momentum:  |L|err: 39.57998  |L|err_cum: 1396.236  L: -876.8407   -709.9946    -869.9953  |L|: 1424.722
C.M.: mass: 592.3055 pos: 12.20301   -5.295113    -3.395078 vel: 0.2655368   -0.05669516    -0.05099212
Tree step number: 1024
**** Wallclock time per step (local): [Min/Max]
 Total       PP_single   PP_cluster  PP_cross    Tree_NB     Tree_Force  Force_corr  Kick        FindCluster CreateGroup MPI_comm    Output      Status      Other      
  0.00088802  6.6827e-06  0.00020012           0  0.00013081   0.0005228  6.1017e-06  3.1464e-06  6.7723e-06  1.2069e-05  5.6465e-07  5.1671e-07  5.1953e-09  1.3852e-06
  0.00088805  6.7127e-06  0.00020017           0  0.00012973  0.00051919  6.1457e-06  3.1757e-06  6.8037e-06  1.2085e-05  5.9364e-07  5.1682e-07  5.2148e-09  1.4437e-06
**** FDPS tree soft force time profile (local):
 Sample_ptcl Domain_deco Ex_ptcl     SetRootCell Make_LT     Make_LET    Make_GT     Make_Group  Make_I_list Calc_force  Write_back 
           0           0           0  3.7339e-06  0.00011223  1.3932e-05  8.6228e-05  1.1206e-06    2.49e-05  0.00023316  7.9796e-06
**** Tree neighbor time profile (local):
 Sample_ptcl Domain_deco Ex_ptcl     SetRootCell Make_LT     Make_LET    Make_GT     Make_Group  Make_I_list Calc_force  Write_back 
           0           0           0  1.6878e-06    4.87e-05  7.9937e-06   3.698e-05  1.9009e-07  6.3761e-06  1.4482e-05  2.3518e-06
**** Number per step (global):
 PP_single   PP_cluster  PP_cross    Cluster     Cross       AR_step_sum
         997           3           0           1           0      129.46
 AR_tsyn_sum Stab_Ngroup Iso_Ngroup  Form_Ngroup End_Ngroup  Modf_Ngroup Merg_Ngroup H4_step_sum H4_no_NB    Ep-Ep_sum   Ep-Sp_sum  
      45.624           1           0           0           0           0           0      29.446    0.023438  9.7319e+05      7006.1
**** Number of members in clusters (global):
N_members:            1           3
Count    :          997           1

Time: 93  N_real(loc): 1000  N_real(glb): 1000  N_all(loc): 1012  N_all(glb): 1012  N_remove(glb): 0  N_escape(glb): 0
Energy:     Error/Total         Error     Error_cum         Total       Kinetic     Potential        Modify  Modify_group Modify_single      Error_PP  Error_PP_cum
Physic:   -4.887774e-07 -0.0004892819      12.38423      1001.032      1777.041      -776.009      1315.599             0             0  0.0007155006     0.2462691
Slowdown: -1.036782e-06  -0.001158094      85.93383      1117.008       1765.27     -648.2617       2990.07             0             0  4.668867e-05      73.79587
Angular Momentum:  |L|err: 40.08095  |L|err_cum: 1436.317  L: -910.9015   -746.8621    -871.8392  |L|: 1465.486
C.M.: mass: 592.3055 pos: 12.54141   -5.514938    -3.512153 vel: 0.2844088   -0.1308632    -0.06511404
Tree step number: 1024
**** Wallclock time per step (local): [Min/Max]
 Total       PP_single   PP_cluster  PP_cross    Tree_NB     Tree_Force  Force_corr  Kick        FindCluster CreateGroup MPI_comm    Output      Status      Other      
  0.00094209  6.8252e-06  0.00020417           0  0.00013963   0.0005629  6.3056e-06   3.284e-06  7.1475e-06  1.2057e-05  5.9671e-07  6.8383e-07  5.4297e-09  1.5512e-06
  0.00094212  6.8554e-06  0.00020421           0  0.00013854  0.00055911  6.3501e-06   3.314e-06  7.1807e-06  1.2073e-05  6.2633e-07  6.8396e-07   5.459e-09  1.6105e-06
**** FDPS tree soft force time profile (local):
 Sample_ptcl Domain_deco Ex_ptcl     SetRootCell Make_LT     Make_LET    Make_GT     Make_Group  Make_I_list Calc_force  Write_back 
           0           0           0  3.5904e-06   0.0001166  1.4892e-05  9.2039e-05  1.4306e-06  2.5585e-05  0.00026065  8.3907e-06
**** Tree neighbor time profile (local):
 Sample_ptcl Domain_deco Ex_ptcl     SetRootCell Make_LT     Make_LET    Make_GT     Make_Group  Make_I_list Calc_force  Write_back 
           0           0           0  2.5675e-06  5.2313e-05   8.203e-06  3.8395e-05   1.988e-07  6.8106e-06  1.7232e-05  2.3731e-06
**** Number per step (global):
 PP_single   PP_cluster  PP_cross    Cluster     Cross       AR_step_sum
         997           3           0           1           0      130.21
 AR_tsyn_sum Stab_Ngroup Iso_Ngroup  Form_Ngroup End_Ngroup  Modf_Ngroup Merg_Ngroup H4_step_sum H4_no_NB    Ep-Ep_sum   Ep-Sp_sum  
      45.883           1           0           0           0           0           0      29.606    0.027344  9.7101e+05        7262
**** Number of members in clusters (global):
N_members:            1           3
Count    :          997           1

Time: 94  N_real(loc): 1000  N_real(glb): 1000  N_all(loc): 1012  N_all(glb): 1012  N_remove(glb): 0  N_escape(glb): 0
Energy:     Error/Total         Error     Error_cum         Total       Kinetic     Potential        Modify  Modify_group Modify_single      Error_PP  Error_PP_cum
Physic:   -2.817999e-06  -0.002819405      12.38141      1000.499      1787.166     -786.6674      1315.069             0             0 -0.0003369398     0.2459321
Slowdown: -2.435304e-06  -0.002436519       85.9314      1000.499      1787.166     -786.6674      2989.539             0             0  4.594641e-05      73.79592
Angular Momentum:  |L|err: 39.35607  |L|err_cum: 1475.673  L: -944.0877   -782.9162    -873.0305  |L|: 1505.471
C.M.: mass: 592.3055 pos: 12.86592   -5.724653    -3.625638 vel: 0.2992807   -0.173969    -0.09095993
Tree step number: 1024
**** Wallclock time per step (local): [Min/Max]
 Total       PP_single   PP_cluster  PP_cross    Tree_NB     Tree_Force  Force_corr  Kick        FindCluster CreateGroup MPI_comm    Output      Status      Other      
  0.00096582  6.8982e-06  0.00020443           0  0.00014171  0.00058425  6.5761e-06   3.274e-06  6.8276e-06  1.2628e-05  5.8184e-07   5.081e-07  4.8623e-09   1.476e-06
  0.00096585  6.9279e-06  0.00020448           0  0.00014061  0.00058017  6.6207e-06  3.3035e-06  6.8606e-06  1.2644e-05  6.1107e-07  5.0821e-07  4.8818e-09  1.5353e-06
**** FDPS tree soft force time profile (local):
 Sample_ptcl Domain_deco Ex_ptcl     SetRootCell Make_LT     Make_LET    Make_GT     Make_Group  Make_I_list Calc_force  Write_back 
           0           0           0  3.5538e-06  0.00011646  1.5036e-05  9.0899e-05  1.1286e-06  2.6644e-05  0.00028243  8.8917e-06
**** Tree neighbor time profile (local):
 Sample_ptcl Domain_deco Ex_ptcl     SetRootCell Make_LT     Make_LET    Make_GT     Make_Group  Make_I_list Calc_force  Write_back 
           0           0           0     1.8e-06  5.0901e-05  8.5186e-06  3.8818e-05  2.0082e-07  6.6959e-06  2.0409e-05  2.4224e-06
**** Number per step (global):
 PP_single   PP_cluster  PP_cross    Cluster     Cross       AR_step_sum
         997           3           0           1           0       130.4
 AR_tsyn_sum Stab_Ngroup Iso_Ngroup  Form_Ngroup End_Ngroup  Modf_Ngroup Merg_Ngroup H4_step_sum H4_no_NB    Ep-Ep_sum   Ep-Sp_sum  
      45.982           1           0           0           0           0           0      29.729    0.025391  9.7481e+05      6983.4
**** Number of members in clusters (global):
N_members:            1           3
Count    :          997           1

Time: 95  N_real(loc): 1000  N_real(glb): 1000  N_all(loc): 1012  N_all(glb): 1012  N_remove(glb): 0  N_escape(glb): 0
Energy:     Error/Total         Error     Error_cum         Total       Kinetic     Potential        Modify  Modify_group Modify_single      Error_PP  Error_PP_cum
Physic:    3.544603e-06   0.003544208      12.38495      999.8885      4805.597     -3805.709      1314.455             0             0  0.0003822505     0.2463144
Slowdown:  3.207897e-06    0.00320754       85.9346      999.8885      4805.597     -3805.709      2988.925             0             0  4.558194e-05      73.79596
Angular Momentum:  |L|err: 37.63927  |L|err_cum: 1513.312  L: -975.7911   -817.6019    -873.1179  |L|: 1543.689
C.M.: mass: 592.3055 pos: 13.18727   -5.935879    -3.74158 vel: 0.1195945   -0.1840532    0.1146614
Tree step number: 1024
**** Wallclock time per step (local): [Min/Max]
 Total       PP_single   PP_cluster  PP_cross    Tree_NB     Tree_Force  Force_corr  Kick        FindCluster CreateGroup MPI_comm    Output      Status      Other      
  0.00097577  6.9032e-06  0.00020381           0  0.00014097  0.00059474  6.4268e-06   3.302e-06  8.0064e-06  1.2198e-05  5.7445e-07  5.1806e-07  4.8232e-09   1.439e-06
   0.0009758  6.9333e-06  0.00020385           0  0.00013983  0.00059099  6.4714e-06  3.3318e-06  8.0395e-06  1.2214e-05  6.0412e-07  5.1816e-07  4.8525e-09  1.4979e-06
**** FDPS tree soft force time profile (local):
 Sample_ptcl Domain_deco Ex_ptcl     SetRootCell Make_LT     Make_LET    Make_GT     Make_Group  Make_I_list Calc_force  Write_back 
           0           0           0  3.6209e-06  0.00011449  1.4604e-05  8.8889e-05  1.0962e-06  2.5615e-05  0.00029876  8.2149e-06
**** Tree neighbor time profile (local):
 Sample_ptcl Domain_deco Ex_ptcl     SetRootCell Make_LT     Make_LET    Make_GT     Make_Group  Make_I_list Calc_force  Write_back 
           0           0           0  2.0744e-06  5.0314e-05  8.4135e-06  3.7176e-05  1.9847e-07  6.3043e-06  2.2131e-05  2.4721e-06
**** Number per step (global):
 PP_single   PP_cluster  PP_cross    Cluster     Cross       AR_step_sum
      996.49      3.5078           0      1.2539           0      130.38
 AR_tsyn_sum Stab_Ngroup Iso_Ngroup  Form_Ngroup End_Ngroup  Modf_Ngroup Merg_Ngroup H4_step_sum H4_no_NB    Ep-Ep_sum   Ep-Sp_sum  
      45.833           1           0           0           0           0           0       31.18    0.033203  9.7128e+05      7792.3
**** Number of members in clusters (global):
N_members:            1           2           3
Count    :       996.49     0.25391           1

Time: 96  N_real(loc): 1000  N_real(glb): 1000  N_all(loc): 1012  N_all(glb): 1012  N_remove(glb): 0  N_escape(glb): 0
Energy:     Error/Total         Error     Error_cum         Total       Kinetic     Potential        Modify  Modify_group Modify_single      Error_PP  Error_PP_cum
Physic:   -3.995925e-06  -0.003992495      12.38096      999.1415      1885.138     -885.9966      1313.712             0             0 -0.0002527048     0.2460617
Slowdown: -3.567551e-06  -0.003693984      85.93091       1035.44      1875.511     -840.0719       3024.48             0             0  4.580635e-05      73.79601
Angular Momentum:  |L|err: 36.04848  |L|err_cum: 1549.361  L: -1006.417   -851.5332    -871.4022  |L|: 1580.293
C.M.: mass: 592.3055 pos: 13.55937   -6.176728    -3.860227 vel: 0.3273409   -0.2183304    -0.1804779
Tree step number: 1024
**** Wallclock time per step (local): [Min/Max]
 Total       PP_single   PP_cluster  PP_cross    Tree_NB     Tree_Force  Force_corr  Kick        FindCluster CreateGroup MPI_comm    Output      Status      Other      
   0.0010264   7.077e-06  0.00020705           0  0.00014736  0.00063626  6.3588e-06  3.2945e-06  6.9059e-06  1.2243e-05  5.8788e-07  7.7398e-07  6.6338e-09   1.554e-06
   0.0010264  7.1069e-06  0.00020709           0  0.00014628  0.00063242  6.4037e-06  3.3241e-06  6.9384e-06  1.2259e-05  6.1699e-07  7.7408e-07  6.6631e-09  1.6133e-06
**** FDPS tree soft force time profile (local):
 Sample_ptcl Domain_deco Ex_ptcl     SetRootCell Make_LT     Make_LET    Make_GT     Make_Group  Make_I_list Calc_force  Write_back 
           0           0           0  3.6099e-06  0.00011742  1.4755e-05  9.0442e-05  1.0356e-06  2.6076e-05   0.0003356  8.4018e-06
**** Tree neighbor time profile (local):
 Sample_ptcl Domain_deco Ex_ptcl     SetRootCell Make_LT     Make_LET    Make_GT     Make_Group  Make_I_list Calc_force  Write_back 
           0           0           0  2.0354e-06  5.1306e-05  8.4959e-06    3.84e-05  1.9675e-07  6.5009e-06  2.6317e-05  2.3683e-06
**** Number per step (global):
 PP_single   PP_cluster  PP_cross    Cluster     Cross       AR_step_sum
         997           3           0           1           0      130.61
 AR_tsyn_sum Stab_Ngroup Iso_Ngroup  Form_Ngroup End_Ngroup  Modf_Ngroup Merg_Ngroup H4_step_sum H4_no_NB    Ep-Ep_sum   Ep-Sp_sum  
      46.001           1           0           0           0           0           0      29.866    0.072266  9.6946e+05      9184.6
**** Number of members in clusters (global):
N_members:            1           3
Count    :          997           1

Time: 97  N_real(loc): 1000  N_real(glb): 1000  N_all(loc): 1012  N_all(glb): 1012  N_remove(glb): 0  N_escape(glb): 0
Energy:     Error/Total         Error     Error_cum         Total       Kinetic     Potential        Modify  Modify_group Modify_single      Error_PP  Error_PP_cum
Physic:    -1.77562e-07 -0.0001772568      12.38078      998.2808      2464.533     -1466.252      1312.851             0             0  0.0007169653     0.2467786
Slowdown: -7.316291e-07 -0.0008478959      85.93006      1158.915      2284.393     -1125.478      3184.254             0             0  4.632621e-05      73.79606
Angular Momentum:  |L|err: 36.51612  |L|err_cum: 1585.877  L: -1037.41   -886.128    -868.557  |L|: 1617.354
C.M.: mass: 592.3055 pos: 13.91482   -6.405468    -3.980098 vel: 0.2604238   -0.1038182    -0.05993023
Tree step number: 1024
**** Wallclock time per step (local): [Min/Max]
 Total       PP_single   PP_cluster  PP_cross    Tree_NB     Tree_Force  Force_corr  Kick        FindCluster CreateGroup MPI_comm    Output      Status      Other      
   0.0010517  7.0775e-06  0.00020658           0  0.00015297  0.00065612  6.6115e-06  3.5283e-06   7.051e-06  1.2092e-05  5.9326e-07  4.9182e-07  4.9111e-09  1.4798e-06
   0.0010517  7.1074e-06  0.00020663           0  0.00015201  0.00065225  6.6568e-06  3.5582e-06  7.0838e-06  1.2107e-05  6.2267e-07  4.9194e-07  4.9404e-09  1.5386e-06
**** FDPS tree soft force time profile (local):
 Sample_ptcl Domain_deco Ex_ptcl     SetRootCell Make_LT     Make_LET    Make_GT     Make_Group  Make_I_list Calc_force  Write_back 
           0           0           0  3.9873e-06  0.00011722  1.4667e-05    9.06e-05   1.155e-06  2.6524e-05  0.00035535  8.4709e-06
**** Tree neighbor time profile (local):
 Sample_ptcl Domain_deco Ex_ptcl     SetRootCell Make_LT     Make_LET    Make_GT     Make_Group  Make_I_list Calc_force  Write_back 
           0           0           0  1.9585e-06  5.1377e-05  8.4147e-06  3.8962e-05  2.0514e-07  7.2819e-06   3.026e-05   2.478e-06
**** Number per step (global):
 PP_single   PP_cluster  PP_cross    Cluster     Cross       AR_step_sum
         997           3           0           1           0      130.94
 AR_tsyn_sum Stab_Ngroup Iso_Ngroup  Form_Ngroup End_Ngroup  Modf_Ngroup Merg_Ngroup H4_step_sum H4_no_NB    Ep-Ep_sum   Ep-Sp_sum  
      46.253           1           0           0           0           0           0      29.758    0.029297  9.6108e+05       11864
**** Number of members in clusters (global):
N_members:            1           3
Count    :          997           1

Time: 98  N_real(loc): 1000  N_real(glb): 1000  N_all(loc): 1012  N_all(glb): 1012  N_remove(glb): 0  N_escape(glb): 0
Energy:     Error/Total         Error     Error_cum         Total       Kinetic     Potential        Modify  Modify_group Modify_single      Error_PP  Error_PP_cum
Physic:   -2.541911e-07  -0.000253515      12.38053      997.3401      1809.313     -811.9733      1311.911             0             0  0.0001091665     0.2468878
Slowdown: -2.947662e-07 -0.0003157808      85.92975      1071.293      1797.785     -726.4928      3257.266             0             0   4.69007e-05       73.7961
Angular Momentum:  |L|err: 36.58205  |L|err_cum: 1622.459  L: -1068.35   -920.8734    -864.7905  |L|: 1654.462
C.M.: mass: 592.3055 pos: 14.26429   -6.629637    -4.096642 vel: 0.3252936   -0.1115388    -0.2011802
Tree step number: 1024
**** Wallclock time per step (local): [Min/Max]
 Total       PP_single   PP_cluster  PP_cross    Tree_NB     Tree_Force  Force_corr  Kick        FindCluster CreateGroup MPI_comm    Output      Status      Other      
   0.0010543  7.1207e-06  0.00020301           0  0.00014931  0.00066537   6.659e-06    3.42e-06  7.5298e-06  1.2294e-05  5.8448e-07  6.6861e-07  5.2539e-09  1.4688e-06
   0.0010544  7.1507e-06  0.00020306           0  0.00014822  0.00066146  6.7039e-06  3.4496e-06  7.5624e-06   1.231e-05  6.1377e-07  6.6874e-07  5.2832e-09  1.5278e-06
**** FDPS tree soft force time profile (local):
 Sample_ptcl Domain_deco Ex_ptcl     SetRootCell Make_LT     Make_LET    Make_GT     Make_Group  Make_I_list Calc_force  Write_back 
           0           0           0  3.7868e-06  0.00011671   1.538e-05  9.0339e-05  1.3218e-06  2.8964e-05  0.00036104  8.6083e-06
**** Tree neighbor time profile (local):
 Sample_ptcl Domain_deco Ex_ptcl     SetRootCell Make_LT     Make_LET    Make_GT     Make_Group  Make_I_list Calc_force  Write_back 
           0           0           0  1.8561e-06  5.1218e-05  8.1968e-06  3.8948e-05   3.385e-07  6.2845e-06  2.7732e-05  2.3832e-06
**** Number per step (global):
 PP_single   PP_cluster  PP_cross    Cluster     Cross       AR_step_sum
         997           3           0           1           0       130.8
 AR_tsyn_sum Stab_Ngroup Iso_Ngroup  Form_Ngroup End_Ngroup  Modf_Ngroup Merg_Ngroup H4_step_sum H4_no_NB    Ep-Ep_sum   Ep-Sp_sum  
      46.206           1           0           0           0           0           0      29.664    0.017578   9.459e+05       13123
**** Number of members in clusters (global):
N_members:            1           3
Count    :          997           1

Time: 99  N_real(loc): 1000  N_real(glb): 1000  N_all(loc): 1012  N_all(glb): 1012  N_remove(glb): 0  N_escape(glb): 0
Energy:     Error/Total         Error     Error_cum         Total       Kinetic     Potential        Modify  Modify_group Modify_single      Error_PP  Error_PP_cum
Physic:   -1.458037e-06  -0.001452693      12.37908       996.335      1795.317     -798.9822      1310.907             0             0 -7.243572e-06     0.2468806
Slowdown: -1.216093e-06  -0.001398758      85.92835      1150.206      1774.232     -624.0256      3410.134             0             0  4.669212e-05      73.79615
Angular Momentum:  |L|err: 35.75156  |L|err_cum: 1658.21  L: -1098.52   -954.9886    -860.0884  |L|: 1690.71
C.M.: mass: 592.3055 pos: 14.59788   -6.854343    -4.210005 vel: 0.2977452   -0.08508213    -0.1290875
Tree step number: 1024
**** Wallclock time per step (local): [Min/Max]
 Total       PP_single   PP_cluster  PP_cross    Tree_NB     Tree_Force  Force_corr  Kick        FindCluster CreateGroup MPI_comm    Output      Status      Other      
   0.0011286  7.6158e-06  0.00020813           0  0.00015293   0.0007283  7.0428e-06  3.6082e-06  8.1608e-06  1.3328e-05  6.4847e-07  7.0346e-07  5.7041e-09  1.6249e-06
   0.0011287  7.6459e-06  0.00020818           0  0.00015158  0.00072411  7.0881e-06  3.6382e-06  8.1954e-06  1.3344e-05  6.7811e-07  7.0362e-07  5.7334e-09   1.699e-06
**** FDPS tree soft force time profile (local):
 Sample_ptcl Domain_deco Ex_ptcl     SetRootCell Make_LT     Make_LET    Make_GT     Make_Group  Make_I_list Calc_force  Write_back 
           0           0           0  3.8073e-06  0.00012035  1.5686e-05  9.7946e-05  1.9097e-06    3.47e-05  0.00040423  9.1791e-06
**** Tree neighbor time profile (local):
 Sample_ptcl Domain_deco Ex_ptcl     SetRootCell Make_LT     Make_LET    Make_GT     Make_Group  Make_I_list Calc_force  Write_back 
           0           0           0  1.8884e-06  5.2174e-05  8.5588e-06  4.0132e-05  4.2422e-07  7.1128e-06  2.7357e-05  2.9278e-06
**** Number per step (global):
 PP_single   PP_cluster  PP_cross    Cluster     Cross       AR_step_sum
         997           3           0           1           0      130.35
 AR_tsyn_sum Stab_Ngroup Iso_Ngroup  Form_Ngroup End_Ngroup  Modf_Ngroup Merg_Ngroup H4_step_sum H4_no_NB    Ep-Ep_sum   Ep-Sp_sum  
      45.957           1           0           0           0           0           0      29.631           0  9.3313e+05       12933
**** Number of members in clusters (global):
N_members:            1           3
Count    :          997           1

Time: 100  N_real(loc): 1000  N_real(glb): 1000  N_all(loc): 1012  N_all(glb): 1012  N_remove(glb): 0  N_escape(glb): 0
Energy:     Error/Total         Error     Error_cum         Total       Kinetic     Potential        Modify  Modify_group Modify_single      Error_PP  Error_PP_cum
Physic:     1.17668e-06    0.00117112      12.38025       995.275      1807.958     -812.6825      1309.846             0             0 -0.0001886613     0.2466919
Slowdown:  1.217683e-06   0.001406602      85.92975      1155.146      1782.658      -627.512      3568.944             0             0  4.682065e-05       73.7962
Angular Momentum:  |L|err: 34.1921  |L|err_cum: 1692.403  L: -1127.426   -987.9936    -854.2153  |L|: 1725.371
C.M.: mass: 592.3055 pos: 14.96646   -7.097161    -4.328283 vel: 0.2771584   -0.09062109    -0.04005004
Tree step number: 1024
**** Wallclock time per step (local): [Min/Max]
 Total       PP_single   PP_cluster  PP_cross    Tree_NB     Tree_Force  Force_corr  Kick        FindCluster CreateGroup MPI_comm    Output      Status      Other      
   0.0011077  7.4656e-06  0.00020413           0  0.00015063  0.00071591  6.4847e-06  3.3604e-06  7.3953e-06  1.2714e-05  5.7819e-07  4.7541e-07  4.9111e-09  1.6893e-06
   0.0011077  7.4953e-06  0.00020418           0  0.00014932  0.00071203  6.5292e-06  3.3901e-06  7.4273e-06   1.273e-05  6.0745e-07  4.7551e-07  4.9414e-09  1.7499e-06
**** FDPS tree soft force time profile (local):
 Sample_ptcl Domain_deco Ex_ptcl     SetRootCell Make_LT     Make_LET    Make_GT     Make_Group  Make_I_list Calc_force  Write_back 
           0           0           0   3.612e-06  0.00011653  1.5187e-05  9.1021e-05  1.5263e-06  3.3188e-05  0.00040615    8.53e-06
**** Tree neighbor time profile (local):
 Sample_ptcl Domain_deco Ex_ptcl     SetRootCell Make_LT     Make_LET    Make_GT     Make_Group  Make_I_list Calc_force  Write_back 
           0           0           0  1.8209e-06  5.0704e-05  8.3651e-06  3.8532e-05  4.0215e-07   6.765e-06  2.8884e-05  2.8288e-06
**** Number per step (global):
 PP_single   PP_cluster  PP_cross    Cluster     Cross       AR_step_sum
         997           3           0           1           0      130.39
 AR_tsyn_sum Stab_Ngroup Iso_Ngroup  Form_Ngroup End_Ngroup  Modf_Ngroup Merg_Ngroup H4_step_sum H4_no_NB    Ep-Ep_sum   Ep-Sp_sum  
      45.953           1           0           0           0           0           0      29.685           0  9.3044e+05       13239
**** Number of members in clusters (global):
N_members:            1           3
Count    :          997           1

Time: 101  N_real(loc): 1000  N_real(glb): 1000  N_all(loc): 1012  N_all(glb): 1012  N_remove(glb): 0  N_escape(glb): 0
Energy:     Error/Total         Error     Error_cum         Total       Kinetic     Potential        Modify  Modify_group Modify_single      Error_PP  Error_PP_cum
Physic:    7.025373e-07  0.0006984672      12.38095      994.2067      1996.478     -1002.271      1308.777             0             0  0.0005149872     0.2472069
Slowdown:  2.299159e-07  0.0002285839      85.92998      994.2067      1996.478     -1002.271      3567.875             0             0  4.510392e-05      73.79624
Angular Momentum:  |L|err: 33.14269  |L|err_cum: 1725.545  L: -1155.221   -1019.825    -848.1217  |L|: 1758.946
C.M.: mass: 592.3055 pos: 15.32848   -7.342131    -4.450839 vel: 0.3087373   -0.2140195    -0.1247201
Tree step number: 1024
**** Wallclock time per step (local): [Min/Max]
 Total       PP_single   PP_cluster  PP_cross    Tree_NB     Tree_Force  Force_corr  Kick        FindCluster CreateGroup MPI_comm    Output      Status      Other      
   0.0011325   7.175e-06  0.00020583           0  0.00015181  0.00073733  6.5242e-06  3.7219e-06  7.6683e-06  1.3065e-05  5.9616e-07  5.0923e-07  4.8428e-09  1.5163e-06
   0.0011325  7.2058e-06  0.00020587           0  0.00015057  0.00073344  6.5686e-06  3.7513e-06  7.7008e-06   1.308e-05   6.254e-07  5.0938e-07   4.873e-09  1.5777e-06
**** FDPS tree soft force time profile (local):
 Sample_ptcl Domain_deco Ex_ptcl     SetRootCell Make_LT     Make_LET    Make_GT     Make_Group  Make_I_list Calc_force  Write_back 
           0           0           0  3.6131e-06  0.00011789  1.5337e-05  9.1772e-05  1.6531e-06  3.5566e-05  0.00042121  8.6492e-06
**** Tree neighbor time profile (local):
 Sample_ptcl Domain_deco Ex_ptcl     SetRootCell Make_LT     Make_LET    Make_GT     Make_Group  Make_I_list Calc_force  Write_back 
           0           0           0  2.2699e-06  5.1579e-05  8.3948e-06  3.7927e-05  4.1312e-07  7.1364e-06  2.8409e-05   2.713e-06
**** Number per step (global):
 PP_single   PP_cluster  PP_cross    Cluster     Cross       AR_step_sum
         997           3           0           1           0      131.59
 AR_tsyn_sum Stab_Ngroup Iso_Ngroup  Form_Ngroup End_Ngroup  Modf_Ngroup Merg_Ngroup H4_step_sum H4_no_NB    Ep-Ep_sum   Ep-Sp_sum  
      46.424           1           0           0           0           0           0      29.945           0  9.1777e+05       16347
**** Number of members in clusters (global):
N_members:            1           3
Count    :          997           1

Time: 102  N_real(loc): 1000  N_real(glb): 1000  N_all(loc): 1012  N_all(glb): 1012  N_remove(glb): 0  N_escape(glb): 0
Energy:     Error/Total         Error     Error_cum         Total       Kinetic     Potential        Modify  Modify_group Modify_single      Error_PP  Error_PP_cum
Physic:   -5.364262e-07 -0.0005327296      12.38041       993.109      1807.657      -814.548       1307.68             0             0  0.0001871429      0.247394
Slowdown: -6.800384e-07 -0.0006753523      85.92931       993.109      1807.657      -814.548      3566.778             0             0  4.452022e-05      73.79629
Angular Momentum:  |L|err: 29.53461  |L|err_cum: 1755.08  L: -1180.234   -1048.903    -840.7883  |L|: 1788.875
C.M.: mass: 592.3055 pos: 15.6726   -7.583826    -4.578912 vel: 0.3164817   -0.2059455    -0.1104362
Tree step number: 1024
**** Wallclock time per step (local): [Min/Max]
 Total       PP_single   PP_cluster  PP_cross    Tree_NB     Tree_Force  Force_corr  Kick        FindCluster CreateGroup MPI_comm    Output      Status      Other      
   0.0011277   7.269e-06  0.00020679           0  0.00014695  0.00073718   6.504e-06  3.7606e-06  7.1423e-06  1.2776e-05  6.8725e-07  5.0943e-07  4.8037e-09  1.5583e-06
   0.0011278  7.2992e-06  0.00020683           0  0.00014587   0.0007331  6.5485e-06  3.7904e-06  7.1751e-06  1.2791e-05  7.1676e-07  5.0954e-07   4.833e-09  1.6215e-06
**** FDPS tree soft force time profile (local):
 Sample_ptcl Domain_deco Ex_ptcl     SetRootCell Make_LT     Make_LET    Make_GT     Make_Group  Make_I_list Calc_force  Write_back 
           0           0           0  3.6339e-06  0.00011841  1.5143e-05  9.2125e-05  1.7677e-06  4.4935e-05   0.0004062  8.9545e-06
**** Tree neighbor time profile (local):
 Sample_ptcl Domain_deco Ex_ptcl     SetRootCell Make_LT     Make_LET    Make_GT     Make_Group  Make_I_list Calc_force  Write_back 
           0           0           0  1.7527e-06  5.1644e-05  8.4944e-06  3.8519e-05  4.8951e-07  7.4626e-06   1.885e-05   2.355e-06
**** Number per step (global):
 PP_single   PP_cluster  PP_cross    Cluster     Cross       AR_step_sum
         997           3           0           1           0      131.54
 AR_tsyn_sum Stab_Ngroup Iso_Ngroup  Form_Ngroup End_Ngroup  Modf_Ngroup Merg_Ngroup H4_step_sum H4_no_NB    Ep-Ep_sum   Ep-Sp_sum  
       46.39           1           0           0           0           0           0      29.968           0  9.0055e+05       19848
**** Number of members in clusters (global):
N_members:            1           3
Count    :          997           1

Time: 103  N_real(loc): 1000  N_real(glb): 1000  N_all(loc): 1012  N_all(glb): 1012  N_remove(glb): 0  N_escape(glb): 0
Energy:     Error/Total         Error     Error_cum         Total       Kinetic     Potential        Modify  Modify_group Modify_single      Error_PP  Error_PP_cum
Physic:    2.088619e-06   0.002071795      12.38249      991.9449      1807.528     -815.5831      1306.514             0             0  -0.000514943     0.2468791
Slowdown:  2.653253e-06   0.002631881      85.93194      991.9449      1807.528     -815.5831      3565.612             0             0  4.514287e-05      73.79633
Angular Momentum:  |L|err: 24.87753  |L|err_cum: 1779.957  L: -1202.013   -1075.032    -830.9826  |L|: 1814.128
C.M.: mass: 592.3055 pos: 16.04486   -7.834414    -4.69193 vel: 0.3311057   -0.224727    -0.1418534
Tree step number: 1024
**** Wallclock time per step (local): [Min/Max]
 Total       PP_single   PP_cluster  PP_cross    Tree_NB     Tree_Force  Force_corr  Kick        FindCluster CreateGroup MPI_comm    Output      Status      Other      
   0.0011343  7.4314e-06  0.00020757           0   0.0001494  0.00074023  6.6754e-06  3.4418e-06  7.1741e-06  1.2866e-05  6.2881e-07  5.6198e-07  5.2832e-09  1.5868e-06
   0.0011344  7.4618e-06  0.00020762           0  0.00014829  0.00073624  6.7203e-06  3.4715e-06  7.2068e-06  1.2882e-05  6.5869e-07  5.6209e-07  5.3125e-09  1.6502e-06
**** FDPS tree soft force time profile (local):
 Sample_ptcl Domain_deco Ex_ptcl     SetRootCell Make_LT     Make_LET    Make_GT     Make_Group  Make_I_list Calc_force  Write_back 
           0           0           0  3.7076e-06  0.00012237  1.5556e-05  9.4005e-05  1.7111e-06  4.5351e-05  0.00040329  8.7576e-06
**** Tree neighbor time profile (local):
 Sample_ptcl Domain_deco Ex_ptcl     SetRootCell Make_LT     Make_LET    Make_GT     Make_Group  Make_I_list Calc_force  Write_back 
           0           0           0  1.9626e-06  5.3193e-05   8.553e-06  3.9779e-05  4.8435e-07  7.8955e-06  1.9055e-05   2.419e-06
**** Number per step (global):
 PP_single   PP_cluster  PP_cross    Cluster     Cross       AR_step_sum
      996.83      3.1719           0      1.0859           0      131.47
 AR_tsyn_sum Stab_Ngroup Iso_Ngroup  Form_Ngroup End_Ngroup  Modf_Ngroup Merg_Ngroup H4_step_sum H4_no_NB    Ep-Ep_sum   Ep-Sp_sum  
      46.421           1           0           0           0           0           0      30.032           0  8.9826e+05       20814
**** Number of members in clusters (global):
N_members:            1           2           3
Count    :       996.83    0.085938           1

Time: 104  N_real(loc): 1000  N_real(glb): 1000  N_all(loc): 1012  N_all(glb): 1012  N_remove(glb): 0  N_escape(glb): 0
Energy:     Error/Total         Error     Error_cum         Total       Kinetic     Potential        Modify  Modify_group Modify_single      Error_PP  Error_PP_cum
Physic:   -4.510567e-07  -0.000446861      12.38204      990.6982      1778.436     -787.7379      1305.268             0             0  0.0001042408     0.2469833
Slowdown: -4.388895e-07 -0.0005053029      85.93143      1151.321      1758.709     -607.3874      3724.989             0             0  4.579898e-05      73.79638
Angular Momentum:  |L|err: 22.97696  |L|err_cum: 1802.934  L: -1222.485   -1100.129    -819.4844  |L|: 1837.474
C.M.: mass: 592.3055 pos: 16.41725   -8.084046    -4.811879 vel: 0.3330142   -0.1830501    -0.1385636
Tree step number: 1024
**** Wallclock time per step (local): [Min/Max]
 Total       PP_single   PP_cluster  PP_cross    Tree_NB     Tree_Force  Force_corr  Kick        FindCluster CreateGroup MPI_comm    Output      Status      Other      
   0.0011211  7.2865e-06  0.00020459           0  0.00014842  0.00073049  6.7665e-06  3.3502e-06  7.4141e-06  1.2826e-05  6.6319e-07  5.7076e-07  4.7646e-09   1.758e-06
   0.0011211  7.3164e-06  0.00020464           0  0.00014733  0.00072662   6.811e-06    3.38e-06  7.4473e-06  1.2842e-05  6.9271e-07  5.7089e-07  4.7939e-09  1.8204e-06
**** FDPS tree soft force time profile (local):
 Sample_ptcl Domain_deco Ex_ptcl     SetRootCell Make_LT     Make_LET    Make_GT     Make_Group  Make_I_list Calc_force  Write_back 
           0           0           0  3.6787e-06  0.00011968  1.5933e-05   9.177e-05  1.7217e-06  4.4602e-05  0.00039969  8.5142e-06
**** Tree neighbor time profile (local):
 Sample_ptcl Domain_deco Ex_ptcl     SetRootCell Make_LT     Make_LET    Make_GT     Make_Group  Make_I_list Calc_force  Write_back 
           0           0           0  1.9022e-06  5.2596e-05  8.7494e-06  3.9097e-05  4.9268e-07  7.6999e-06  1.8894e-05  2.3956e-06
**** Number per step (global):
 PP_single   PP_cluster  PP_cross    Cluster     Cross       AR_step_sum
         997           3           0           1           0      131.01
 AR_tsyn_sum Stab_Ngroup Iso_Ngroup  Form_Ngroup End_Ngroup  Modf_Ngroup Merg_Ngroup H4_step_sum H4_no_NB    Ep-Ep_sum   Ep-Sp_sum  
       46.17           1           0           0           0           0           0      29.852           0  8.9504e+05       21014
**** Number of members in clusters (global):
N_members:            1           3
Count    :          997           1

Time: 105  N_real(loc): 1000  N_real(glb): 1000  N_all(loc): 1012  N_all(glb): 1012  N_remove(glb): 0  N_escape(glb): 0
Energy:     Error/Total         Error     Error_cum         Total       Kinetic     Potential        Modify  Modify_group Modify_single      Error_PP  Error_PP_cum
Physic:    5.791918e-07  0.0005730503      12.38261      989.3965      6296.747      -5307.35      1303.965             0             0   0.000468702      0.247452
Slowdown:   1.34892e-07  0.0001505159      85.93158      1115.825      5438.117     -4322.292      3850.115             0             0  4.616767e-05      73.79642
Angular Momentum:  |L|err: 21.07809  |L|err_cum: 1824.012  L: -1241.595   -1124.085    -806.4903  |L|: 1858.912
C.M.: mass: 592.3055 pos: 16.78021   -8.323834    -4.932312 vel: 0.1960529   -0.4988491    -0.2648748
Tree step number: 1024
**** Wallclock time per step (local): [Min/Max]
 Total       PP_single   PP_cluster  PP_cross    Tree_NB     Tree_Force  Force_corr  Kick        FindCluster CreateGroup MPI_comm    Output      Status      Other      
   0.0010862  6.9813e-06  0.00020592           0  0.00014683   0.0006965  6.4607e-06  3.4599e-06  7.6464e-06   1.271e-05  6.0479e-07  4.8857e-07  4.9209e-09  1.7314e-06
   0.0010862   7.011e-06  0.00020597           0   0.0001457  0.00069257   6.505e-06  3.4896e-06  7.6792e-06  1.2726e-05  6.3415e-07   4.887e-07  4.9502e-09  1.7942e-06
**** FDPS tree soft force time profile (local):
 Sample_ptcl Domain_deco Ex_ptcl     SetRootCell Make_LT     Make_LET    Make_GT     Make_Group  Make_I_list Calc_force  Write_back 
           0           0           0  3.7311e-06  0.00011734  1.5655e-05  9.1765e-05  1.7149e-06  4.3231e-05  0.00036858  8.5911e-06
**** Tree neighbor time profile (local):
 Sample_ptcl Domain_deco Ex_ptcl     SetRootCell Make_LT     Make_LET    Make_GT     Make_Group  Make_I_list Calc_force  Write_back 
           0           0           0  2.0457e-06  5.1004e-05  8.2714e-06  3.9125e-05  4.6912e-07   7.154e-06  1.8378e-05  2.4656e-06
**** Number per step (global):
 PP_single   PP_cluster  PP_cross    Cluster     Cross       AR_step_sum
      996.55      3.4473           0      1.2236           0       130.8
 AR_tsyn_sum Stab_Ngroup Iso_Ngroup  Form_Ngroup End_Ngroup  Modf_Ngroup Merg_Ngroup H4_step_sum H4_no_NB    Ep-Ep_sum   Ep-Sp_sum  
      46.102           1           0           0           0           0           0      32.241           0  8.9245e+05       21598
**** Number of members in clusters (global):
N_members:            1           2           3
Count    :       996.55     0.22363           1

Time: 106  N_real(loc): 1000  N_real(glb): 1000  N_all(loc): 1012  N_all(glb): 1012  N_remove(glb): 0  N_escape(glb): 0
Energy:     Error/Total         Error     Error_cum         Total       Kinetic     Potential        Modify  Modify_group Modify_single      Error_PP  Error_PP_cum
Physic:   -5.175465e-06  -0.005113704       12.3775      988.0664      2392.272     -1404.206       1302.64             0             0 -0.0008753074     0.2465767
Slowdown: -3.895894e-06  -0.004192245      85.92739      1076.067      2301.438     -1225.371       3936.79             0             0  4.615173e-05      73.79647
Angular Momentum:  |L|err: 18.731  |L|err_cum: 1842.743  L: -1258.973   -1146.473    -792.1063  |L|: 1877.99
C.M.: mass: 592.3055 pos: 17.13771   -8.549034    -5.053612 vel: 0.2595527   -0.02822881    -0.042618
Tree step number: 1024
**** Wallclock time per step (local): [Min/Max]
 Total       PP_single   PP_cluster  PP_cross    Tree_NB     Tree_Force  Force_corr  Kick        FindCluster CreateGroup MPI_comm    Output      Status      Other      
    0.001091  7.1724e-06  0.00020367           0  0.00014754   0.0007026  6.6563e-06  3.2847e-06  7.4027e-06  1.2943e-05   6.023e-07  6.5325e-07  5.5869e-09  1.5162e-06
    0.001091  7.2021e-06  0.00020371           0  0.00014638  0.00069871  6.7008e-06  3.3143e-06  7.4503e-06  1.2959e-05  6.3159e-07  6.5343e-07  5.6162e-09  1.5787e-06
**** FDPS tree soft force time profile (local):
 Sample_ptcl Domain_deco Ex_ptcl     SetRootCell Make_LT     Make_LET    Make_GT     Make_Group  Make_I_list Calc_force  Write_back 
           0           0           0  3.7048e-06  0.00011882  1.5371e-05  9.2304e-05  1.7372e-06   4.326e-05  0.00037365  8.5428e-06
**** Tree neighbor time profile (local):
 Sample_ptcl Domain_deco Ex_ptcl     SetRootCell Make_LT     Make_LET    Make_GT     Make_Group  Make_I_list Calc_force  Write_back 
           0           0           0  1.7817e-06  5.1424e-05  8.2461e-06  3.9117e-05  4.9255e-07  7.3835e-06  1.8484e-05  2.5402e-06
**** Number per step (global):
 PP_single   PP_cluster  PP_cross    Cluster     Cross       AR_step_sum
      996.55      3.4492           0      1.2246           0      130.34
 AR_tsyn_sum Stab_Ngroup Iso_Ngroup  Form_Ngroup End_Ngroup  Modf_Ngroup Merg_Ngroup H4_step_sum H4_no_NB    Ep-Ep_sum   Ep-Sp_sum  
      45.979           1           0           0           0           0           0      31.939           0  8.9559e+05       20908
**** Number of members in clusters (global):
N_members:            1           2           3
Count    :       996.55     0.22461           1

Time: 107  N_real(loc): 1000  N_real(glb): 1000  N_all(loc): 1012  N_all(glb): 1012  N_remove(glb): 0  N_escape(glb): 0
Energy:     Error/Total         Error     Error_cum         Total       Kinetic     Potential        Modify  Modify_group Modify_single      Error_PP  Error_PP_cum
Physic:    5.710662e-07  0.0005634865      12.37806      986.7271      2189.411     -1202.684        1301.3             0             0  0.0009864332     0.2475632
Slowdown: -3.288888e-07 -0.0003773502      85.92701      1147.349      2071.245     -923.8958      4096.073             0             0  4.559644e-05      73.79652
Angular Momentum:  |L|err: 16.24875  |L|err_cum: 1858.992  L: -1274.456   -1167.038    -776.6479  |L|: 1894.57
C.M.: mass: 592.3055 pos: 17.49526   -8.820397    -5.175004 vel: 0.2535413   -0.03759333    -0.001535845
Tree step number: 1024
**** Wallclock time per step (local): [Min/Max]
 Total       PP_single   PP_cluster  PP_cross    Tree_NB     Tree_Force  Force_corr  Kick        FindCluster CreateGroup MPI_comm    Output      Status      Other      
    0.001086   7.272e-06  0.00021042           0  0.00014603  0.00069224  6.6102e-06  3.2211e-06  7.3086e-06  1.3256e-05  5.9485e-07  6.3641e-07  5.3916e-09  1.6027e-06
    0.001086   7.302e-06  0.00021047           0   0.0001449  0.00068818  6.6548e-06  3.2509e-06  7.3428e-06  1.3272e-05   6.244e-07  6.3657e-07  5.4209e-09  1.6653e-06
**** FDPS tree soft force time profile (local):
 Sample_ptcl Domain_deco Ex_ptcl     SetRootCell Make_LT     Make_LET    Make_GT     Make_Group  Make_I_list Calc_force  Write_back 
           0           0           0  3.7762e-06  0.00011987  1.5297e-05   9.345e-05  1.7235e-06  4.1785e-05  0.00036271  8.8776e-06
**** Tree neighbor time profile (local):
 Sample_ptcl Domain_deco Ex_ptcl     SetRootCell Make_LT     Make_LET    Make_GT     Make_Group  Make_I_list Calc_force  Write_back 
           0           0           0  1.7928e-06   5.104e-05  8.4762e-06  3.8801e-05  4.7633e-07  7.1921e-06   1.862e-05  2.4676e-06
**** Number per step (global):
 PP_single   PP_cluster  PP_cross    Cluster     Cross       AR_step_sum
      996.66      3.3418           0      1.1709           0      131.43
 AR_tsyn_sum Stab_Ngroup Iso_Ngroup  Form_Ngroup End_Ngroup  Modf_Ngroup Merg_Ngroup H4_step_sum H4_no_NB    Ep-Ep_sum   Ep-Sp_sum  
      46.405           1           0           0           0           0           0      30.997           0  9.0424e+05       17443
**** Number of members in clusters (global):
N_members:            1           2           3
Count    :       996.66      0.1709           1

Time: 108  N_real(loc): 1000  N_real(glb): 1000  N_all(loc): 1012  N_all(glb): 1012  N_remove(glb): 0  N_escape(glb): 0
Energy:     Error/Total         Error     Error_cum         Total       Kinetic     Potential        Modify  Modify_group Modify_single      Error_PP  Error_PP_cum
Physic:    1.196425e-06   0.001178959      12.37924      985.4009      1785.004     -799.6032      1299.973             0             0  0.0004221182     0.2479853
Slowdown:  7.622309e-07  0.0008020448      85.92782      1052.233      1775.553     -723.3194      4161.579             0             0  4.520446e-05      73.79656
Angular Momentum:  |L|err: 13.86785  |L|err_cum: 1872.86  L: -1288.081   -1185.763    -760.3641  |L|: 1908.753
C.M.: mass: 592.3055 pos: 17.84926   -9.075929    -5.295607 vel: 0.2901046   -0.1074342    -0.04884124
Tree step number: 1024
**** Wallclock time per step (local): [Min/Max]
 Total       PP_single   PP_cluster  PP_cross    Tree_NB     Tree_Force  Force_corr  Kick        FindCluster CreateGroup MPI_comm    Output      Status      Other      
   0.0010453  7.1285e-06  0.00020614           0  0.00014316  0.00065837  6.4443e-06  3.5285e-06  7.5521e-06  1.2661e-05  6.5472e-07  4.9264e-07  4.9111e-09  1.7799e-06
   0.0010453  7.1581e-06   0.0002062           0  0.00014205  0.00065467  6.4888e-06  3.5581e-06  7.5846e-06  1.2676e-05  6.8403e-07  4.9275e-07  4.9404e-09  1.8543e-06
**** FDPS tree soft force time profile (local):
 Sample_ptcl Domain_deco Ex_ptcl     SetRootCell Make_LT     Make_LET    Make_GT     Make_Group  Make_I_list Calc_force  Write_back 
           0           0           0  3.8017e-06  0.00011721  1.5339e-05  9.0373e-05  1.8228e-06   4.185e-05  0.00033598  8.1417e-06
**** Tree neighbor time profile (local):
 Sample_ptcl Domain_deco Ex_ptcl     SetRootCell Make_LT     Make_LET    Make_GT     Make_Group  Make_I_list Calc_force  Write_back 
           0           0           0  1.8254e-06  5.1208e-05  8.2351e-06  3.8521e-05  4.6062e-07  7.0875e-06  1.7895e-05  2.4058e-06
**** Number per step (global):
 PP_single   PP_cluster  PP_cross    Cluster     Cross       AR_step_sum
         997           3           0           1           0      131.27
 AR_tsyn_sum Stab_Ngroup Iso_Ngroup  Form_Ngroup End_Ngroup  Modf_Ngroup Merg_Ngroup H4_step_sum H4_no_NB    Ep-Ep_sum   Ep-Sp_sum  
      46.355           1           0           0           0           0           0      29.785           0  8.9618e+05       19323
**** Number of members in clusters (global):
N_members:            1           3
Count    :          997           1

Time: 109  N_real(loc): 1000  N_real(glb): 1000  N_all(loc): 1012  N_all(glb): 1012  N_remove(glb): 0  N_escape(glb): 0
Energy:     Error/Total         Error     Error_cum         Total       Kinetic     Potential        Modify  Modify_group Modify_single      Error_PP  Error_PP_cum
Physic:   -1.886317e-06  -0.001856347      12.37739      984.1118      1756.747     -772.6356      1298.686             0             0  0.0004022501     0.2483875
Slowdown:  -2.25016e-06  -0.002214409       85.9256      984.1118      1756.747     -772.6356      4160.292             0             0  4.418772e-05       73.7966
Angular Momentum:  |L|err: 10.16794  |L|err_cum: 1883.028  L: -1298.933   -1201.71    -743.0073  |L|: 1919.217
C.M.: mass: 592.3055 pos: 18.15826   -9.306217    -5.400887 vel: 0.3001112   -0.1583973    -0.06711442
Tree step number: 1024
**** Wallclock time per step (local): [Min/Max]
 Total       PP_single   PP_cluster  PP_cross    Tree_NB     Tree_Force  Force_corr  Kick        FindCluster CreateGroup MPI_comm    Output      Status      Other      
   0.0010484  6.9633e-06  0.00020403           0  0.00014058  0.00066813  6.4609e-06  3.2581e-06  7.0326e-06  1.2329e-05  5.9106e-07  4.9341e-07  4.7451e-09  1.5402e-06
   0.0010484  6.9933e-06  0.00020408           0  0.00013948  0.00066434  6.5053e-06  3.2883e-06  7.0649e-06  1.2344e-05  6.2048e-07  4.9353e-07  4.7646e-09  1.6024e-06
**** FDPS tree soft force time profile (local):
 Sample_ptcl Domain_deco Ex_ptcl     SetRootCell Make_LT     Make_LET    Make_GT     Make_Group  Make_I_list Calc_force  Write_back 
           0           0           0  3.8913e-06  0.00011735   1.515e-05  9.1923e-05  1.6328e-06  4.1387e-05  0.00034394  8.3476e-06
**** Tree neighbor time profile (local):
 Sample_ptcl Domain_deco Ex_ptcl     SetRootCell Make_LT     Make_LET    Make_GT     Make_Group  Make_I_list Calc_force  Write_back 
           0           0           0  1.7938e-06   5.101e-05  8.3411e-06  3.8379e-05  4.8184e-07  6.9403e-06  1.5655e-05  2.3967e-06
**** Number per step (global):
 PP_single   PP_cluster  PP_cross    Cluster     Cross       AR_step_sum
         997           3           0           1           0      131.98
 AR_tsyn_sum Stab_Ngroup Iso_Ngroup  Form_Ngroup End_Ngroup  Modf_Ngroup Merg_Ngroup H4_step_sum H4_no_NB    Ep-Ep_sum   Ep-Sp_sum  
      46.647           1           0           0           0           0           0      29.874           0  8.9925e+05       18118
**** Number of members in clusters (global):
N_members:            1           3
Count    :          997           1

Time: 110  N_real(loc): 1000  N_real(glb): 1000  N_all(loc): 1012  N_all(glb): 1012  N_remove(glb): 0  N_escape(glb): 0
Energy:     Error/Total         Error     Error_cum         Total       Kinetic     Potential        Modify  Modify_group Modify_single      Error_PP  Error_PP_cum
Physic:   -1.103542e-06  -0.001084622       12.3763      982.8551       2525.17     -1542.315       1297.43             0             0 -0.0004047271     0.2479828
Slowdown: -6.477046e-07 -0.0006365998      85.92497      982.8551       2525.17     -1542.315      4159.036             0             0  4.329471e-05      73.79665
Angular Momentum:  |L|err: 4.927028  |L|err_cum: 1887.955  L: -1305.987   -1213.876    -724.0884  |L|: 1924.422
C.M.: mass: 592.3055 pos: 18.57571   -9.587695    -5.53948 vel: 0.319051   -0.3269772    -0.1873491
Tree step number: 1024
**** Wallclock time per step (local): [Min/Max]
 Total       PP_single   PP_cluster  PP_cross    Tree_NB     Tree_Force  Force_corr  Kick        FindCluster CreateGroup MPI_comm    Output      Status      Other      
   0.0010654  6.9496e-06  0.00020468           0  0.00014031  0.00068343  6.4774e-06  3.5669e-06  7.1134e-06  1.2684e-05  6.1381e-07   5.197e-07  4.8926e-09  2.0352e-06
   0.0010654  6.9795e-06  0.00020472           0  0.00013921  0.00067955  6.5216e-06  3.5963e-06  7.1462e-06  1.2699e-05  6.4308e-07  5.1981e-07  4.9121e-09  2.0977e-06
**** FDPS tree soft force time profile (local):
 Sample_ptcl Domain_deco Ex_ptcl     SetRootCell Make_LT     Make_LET    Make_GT     Make_Group  Make_I_list Calc_force  Write_back 
           0           0           0  3.7119e-06  0.00012004  1.4972e-05  9.1122e-05  1.6732e-06  4.0752e-05   0.0003584  8.5095e-06
**** Tree neighbor time profile (local):
 Sample_ptcl Domain_deco Ex_ptcl     SetRootCell Make_LT     Make_LET    Make_GT     Make_Group  Make_I_list Calc_force  Write_back 
           0           0           0  1.7316e-06  5.0627e-05   8.414e-06  3.7981e-05  4.6647e-07  7.1422e-06  1.5216e-05  2.4183e-06
**** Number per step (global):
 PP_single   PP_cluster  PP_cross    Cluster     Cross       AR_step_sum
       996.7      3.2969           0      1.1484           0      131.19
 AR_tsyn_sum Stab_Ngroup Iso_Ngroup  Form_Ngroup End_Ngroup  Modf_Ngroup Merg_Ngroup H4_step_sum H4_no_NB    Ep-Ep_sum   Ep-Sp_sum  
       46.31           1           0           0           0           0           0      30.084           0  8.8824e+05       19963
**** Number of members in clusters (global):
N_members:            1           2           3
Count    :        996.7     0.14844           1

Time: 111  N_real(loc): 1000  N_real(glb): 1000  N_all(loc): 1012  N_all(glb): 1012  N_remove(glb): 0  N_escape(glb): 0
Energy:     Error/Total         Error     Error_cum         Total       Kinetic     Potential        Modify  Modify_group Modify_single      Error_PP  Error_PP_cum
Physic:   -3.159009e-06  -0.003100818       12.3732      981.5793      1782.772     -801.1926      1296.158             0             0 -7.438403e-05     0.2479084
Slowdown: -2.912393e-06  -0.002983287      85.92198      1024.342      1776.591     -752.2492      4200.526             0             0  4.314663e-05      73.79669
Angular Momentum:  |L|err: 0.1028903  |L|err_cum: 1888.058  L: -1309.688   -1222.918    -702.883  |L|: 1924.8
C.M.: mass: 592.3055 pos: 18.96706   -9.857372    -5.66988 vel: 0.3379938   -0.2385559    -0.1381756
Tree step number: 1024
**** Wallclock time per step (local): [Min/Max]
 Total       PP_single   PP_cluster  PP_cross    Tree_NB     Tree_Force  Force_corr  Kick        FindCluster CreateGroup MPI_comm    Output      Status      Other      
   0.0010593   7.367e-06  0.00020808           0  0.00013982  0.00067413  6.8674e-06  3.4276e-06  7.3313e-06  1.2663e-05  5.9743e-07  4.8861e-07  4.9219e-09  1.5404e-06
   0.0010593  7.3977e-06  0.00020812           0  0.00013873  0.00067027  6.9123e-06  3.4574e-06  7.3645e-06  1.2679e-05  6.2674e-07  4.8875e-07  4.9512e-09  1.6032e-06
**** FDPS tree soft force time profile (local):
 Sample_ptcl Domain_deco Ex_ptcl     SetRootCell Make_LT     Make_LET    Make_GT     Make_Group  Make_I_list Calc_force  Write_back 
           0           0           0  3.6653e-06  0.00011817  1.5387e-05  9.1564e-05  1.6103e-06  4.0434e-05  0.00035143  8.4767e-06
**** Tree neighbor time profile (local):
 Sample_ptcl Domain_deco Ex_ptcl     SetRootCell Make_LT     Make_LET    Make_GT     Make_Group  Make_I_list Calc_force  Write_back 
           0           0           0  1.7898e-06  5.1258e-05   8.396e-06  3.8731e-05  5.0994e-07  7.1528e-06  1.4069e-05  2.4012e-06
**** Number per step (global):
 PP_single   PP_cluster  PP_cross    Cluster     Cross       AR_step_sum
      996.62       3.375           0      1.1875           0      131.59
 AR_tsyn_sum Stab_Ngroup Iso_Ngroup  Form_Ngroup End_Ngroup  Modf_Ngroup Merg_Ngroup H4_step_sum H4_no_NB    Ep-Ep_sum   Ep-Sp_sum  
      46.507           1           0           0           0           0           0      31.023           0  8.8097e+05       21704
**** Number of members in clusters (global):
N_members:            1           2           3
Count    :       996.62      0.1875           1

Time: 112  N_real(loc): 1000  N_real(glb): 1000  N_all(loc): 1012  N_all(glb): 1012  N_remove(glb): 0  N_escape(glb): 0
Energy:     Error/Total         Error     Error_cum         Total       Kinetic     Potential        Modify  Modify_group Modify_single      Error_PP  Error_PP_cum
Physic:    6.027488e-06   0.005908732      12.37911      980.2976      2598.217     -1617.919       1294.87             0             0   0.001803657     0.2497121
Slowdown:  3.636149e-06   0.004148524      85.92613      1140.911      2381.456     -1240.545      4359.854             0             0  4.344807e-05      73.79673
Angular Momentum:  |L|err: -3.311847  |L|err_cum: 1884.746  L: -1311.005   -1229.825    -679.6868  |L|: 1921.765
C.M.: mass: 592.3055 pos: 19.35398   -10.12388    -5.795104 vel: 0.2664268   -0.1619155    -0.01495627
Tree step number: 1024
**** Wallclock time per step (local): [Min/Max]
 Total       PP_single   PP_cluster  PP_cross    Tree_NB     Tree_Force  Force_corr  Kick        FindCluster CreateGroup MPI_comm    Output      Status      Other      
   0.0010739  7.0038e-06  0.00020591           0  0.00014017  0.00069097    6.63e-06  3.3115e-06  7.2394e-06  1.2981e-05  6.3289e-07  5.7878e-07  6.0859e-09  1.7598e-06
   0.0010739  7.0334e-06  0.00020597           0  0.00013905  0.00068687  6.6743e-06  3.3413e-06  7.2722e-06  1.2997e-05   6.626e-07  5.7892e-07  6.1152e-09  1.8229e-06
**** FDPS tree soft force time profile (local):
 Sample_ptcl Domain_deco Ex_ptcl     SetRootCell Make_LT     Make_LET    Make_GT     Make_Group  Make_I_list Calc_force  Write_back 
           0           0           0  3.9792e-06  0.00011886  1.5756e-05  9.2565e-05  1.6378e-06  4.1704e-05   0.0003638   9.001e-06
**** Tree neighbor time profile (local):
 Sample_ptcl Domain_deco Ex_ptcl     SetRootCell Make_LT     Make_LET    Make_GT     Make_Group  Make_I_list Calc_force  Write_back 
           0           0           0  1.7703e-06  5.2193e-05  8.4305e-06  3.8905e-05  4.7669e-07  7.3786e-06  1.3355e-05  2.4396e-06
**** Number per step (global):
 PP_single   PP_cluster  PP_cross    Cluster     Cross       AR_step_sum
         997           3           0           1           0      131.07
 AR_tsyn_sum Stab_Ngroup Iso_Ngroup  Form_Ngroup End_Ngroup  Modf_Ngroup Merg_Ngroup H4_step_sum H4_no_NB    Ep-Ep_sum   Ep-Sp_sum  
       46.27           1           0           0           0           0           0      29.688           0  8.7669e+05       23102
**** Number of members in clusters (global):
N_members:            1           3
Count    :          997           1

Time: 113  N_real(loc): 1000  N_real(glb): 1000  N_all(loc): 1012  N_all(glb): 1012  N_remove(glb): 0  N_escape(glb): 0
Energy:     Error/Total         Error     Error_cum         Total       Kinetic     Potential        Modify  Modify_group Modify_single      Error_PP  Error_PP_cum
Physic:   -6.959758e-06  -0.006813702      12.37229      979.0142      2107.682     -1128.667      1293.593             0             0   -0.00136237     0.2483497
Slowdown: -4.984832e-06  -0.005408274      85.92072      1084.946      2041.211     -956.2645      4464.508             0             0  4.305762e-05      73.79678
Angular Momentum:  |L|err: -6.015834  |L|err_cum: 1878.73  L: -1310.361   -1234.935    -655.0113  |L|: 1916.025
C.M.: mass: 592.3055 pos: 19.73758   -10.38313    -5.923122 vel: 0.3866944   -0.2515212    -0.2778671
Tree step number: 1024
**** Wallclock time per step (local): [Min/Max]
 Total       PP_single   PP_cluster  PP_cross    Tree_NB     Tree_Force  Force_corr  Kick        FindCluster CreateGroup MPI_comm    Output      Status      Other      
   0.0010539  7.1065e-06   0.0002077           0  0.00014017  0.00066953  6.5172e-06  3.4132e-06   7.074e-06   1.274e-05  6.0433e-07  5.1526e-07  4.8428e-09   1.662e-06
    0.001054  7.1364e-06  0.00020774           0  0.00013905  0.00066569  6.5852e-06  3.4429e-06  7.1069e-06  1.2755e-05  6.3395e-07  5.1538e-07  4.8721e-09  1.7245e-06
**** FDPS tree soft force time profile (local):
 Sample_ptcl Domain_deco Ex_ptcl     SetRootCell Make_LT     Make_LET    Make_GT     Make_Group  Make_I_list Calc_force  Write_back 
           0           0           0  3.5424e-06  0.00012069  1.5009e-05  9.1692e-05  1.6149e-06  4.2665e-05    0.000343  8.4251e-06
**** Tree neighbor time profile (local):
 Sample_ptcl Domain_deco Ex_ptcl     SetRootCell Make_LT     Make_LET    Make_GT     Make_Group  Make_I_list Calc_force  Write_back 
           0           0           0  1.9799e-06  5.1815e-05  8.3901e-06  3.9004e-05   4.934e-07  7.6535e-06   1.368e-05  2.4531e-06
**** Number per step (global):
 PP_single   PP_cluster  PP_cross    Cluster     Cross       AR_step_sum
         997           3           0           1           0      132.12
 AR_tsyn_sum Stab_Ngroup Iso_Ngroup  Form_Ngroup End_Ngroup  Modf_Ngroup Merg_Ngroup H4_step_sum H4_no_NB    Ep-Ep_sum   Ep-Sp_sum  
      46.785           1           0           0           0           0           0      29.705           0   8.795e+05       21503
**** Number of members in clusters (global):
N_members:            1           3
Count    :          997           1

Time: 114  N_real(loc): 1000  N_real(glb): 1000  N_all(loc): 1012  N_all(glb): 1012  N_remove(glb): 0  N_escape(glb): 0
Energy:     Error/Total         Error     Error_cum         Total       Kinetic     Potential        Modify  Modify_group Modify_single      Error_PP  Error_PP_cum
Physic:   -2.167482e-06  -0.002119296      12.37018      977.7688      1948.952     -971.1836       1292.35             0             0  -0.001264553     0.2470852
Slowdown: -7.406209e-07  -0.000812287      85.91991      1096.765      1901.902     -805.1371      4582.259             0             0  4.245628e-05      73.79682
Angular Momentum:  |L|err: -8.510288  |L|err_cum: 1870.22  L: -1307.804   -1238.144    -629.5128  |L|: 1907.783
C.M.: mass: 592.3055 pos: 20.11287   -10.64035    -6.051733 vel: 0.3252858   -0.05438498    -0.1074658
Tree step number: 1024
**** Wallclock time per step (local): [Min/Max]
 Total       PP_single   PP_cluster  PP_cross    Tree_NB     Tree_Force  Force_corr  Kick        FindCluster CreateGroup MPI_comm    Output      Status      Other      
  0.00099377  7.2033e-06  0.00020411           0  0.00013766  0.00061525  6.4793e-06  3.2999e-06  7.4401e-06  1.2314e-05  6.0227e-07  7.9877e-07  4.9209e-09   1.717e-06
   0.0009938  7.2329e-06  0.00020415           0  0.00013655  0.00061149  6.5239e-06  3.3293e-06  7.4741e-06  1.2329e-05   6.317e-07  7.9903e-07  4.9404e-09  1.7775e-06
**** FDPS tree soft force time profile (local):
 Sample_ptcl Domain_deco Ex_ptcl     SetRootCell Make_LT     Make_LET    Make_GT     Make_Group  Make_I_list Calc_force  Write_back 
           0           0           0  3.4547e-06   0.0001166  1.4896e-05  8.9811e-05  1.5439e-06  4.0604e-05  0.00029885  8.2388e-06
**** Tree neighbor time profile (local):
 Sample_ptcl Domain_deco Ex_ptcl     SetRootCell Make_LT     Make_LET    Make_GT     Make_Group  Make_I_list Calc_force  Write_back 
           0           0           0  1.7742e-06  5.1127e-05  8.0616e-06  3.8447e-05  4.7307e-07  7.3921e-06  1.4381e-05  2.4207e-06
**** Number per step (global):
 PP_single   PP_cluster  PP_cross    Cluster     Cross       AR_step_sum
         997           3           0           1           0      131.04
 AR_tsyn_sum Stab_Ngroup Iso_Ngroup  Form_Ngroup End_Ngroup  Modf_Ngroup Merg_Ngroup H4_step_sum H4_no_NB    Ep-Ep_sum   Ep-Sp_sum  
      46.322           1           0           0           0           0           0      29.556           0  8.8355e+05       20269
**** Number of members in clusters (global):
N_members:            1           3
Count    :          997           1

Time: 115  N_real(loc): 1000  N_real(glb): 1000  N_all(loc): 1012  N_all(glb): 1012  N_remove(glb): 0  N_escape(glb): 0
Energy:     Error/Total         Error     Error_cum         Total       Kinetic     Potential        Modify  Modify_group Modify_single      Error_PP  Error_PP_cum
Physic:   -2.773037e-05   -0.02708001       12.3431       976.547      2052.629     -1076.082      1291.155             0             0  -0.007466298     0.2396189
Slowdown: -1.721124e-05    -0.0195728      85.90034       1137.21       1964.16     -826.9499       4741.72             0             0  4.091308e-05      73.79686
Angular Momentum:  |L|err: -12.52008  |L|err_cum: 1857.7  L: -1302.395   -1238.711    -602.0048  |L|: 1895.534
C.M.: mass: 592.3055 pos: 20.46868   -10.88567    -6.179361 vel: 0.3438224   -0.1645056    -0.1972277
Tree step number: 1024
**** Wallclock time per step (local): [Min/Max]
 Total       PP_single   PP_cluster  PP_cross    Tree_NB     Tree_Force  Force_corr  Kick        FindCluster CreateGroup MPI_comm    Output      Status      Other      
   0.0010269  6.7576e-06  0.00020583           0  0.00013936  0.00064516  6.4748e-06  3.4697e-06  7.3711e-06  1.2733e-05  8.1438e-07  4.8757e-07  4.6475e-09  1.5691e-06
    0.001027  6.7871e-06  0.00020587           0  0.00013827  0.00064129  6.5197e-06  3.4993e-06  7.4045e-06  1.2748e-05    8.44e-07  4.8766e-07  4.6768e-09  1.6309e-06
**** FDPS tree soft force time profile (local):
 Sample_ptcl Domain_deco Ex_ptcl     SetRootCell Make_LT     Make_LET    Make_GT     Make_Group  Make_I_list Calc_force  Write_back 
           0           0           0  3.4928e-06  0.00011987  1.5627e-05   9.147e-05  1.5786e-06   4.127e-05  0.00032231  8.4732e-06
**** Tree neighbor time profile (local):
 Sample_ptcl Domain_deco Ex_ptcl     SetRootCell Make_LT     Make_LET    Make_GT     Make_Group  Make_I_list Calc_force  Write_back 
           0           0           0  1.8272e-06  5.1553e-05  8.5561e-06  3.9325e-05  4.7381e-07  7.3951e-06  1.5398e-05   2.376e-06
**** Number per step (global):
 PP_single   PP_cluster  PP_cross    Cluster     Cross       AR_step_sum
      996.38      3.6211           0      1.3105           0      132.24
 AR_tsyn_sum Stab_Ngroup Iso_Ngroup  Form_Ngroup End_Ngroup  Modf_Ngroup Merg_Ngroup H4_step_sum H4_no_NB    Ep-Ep_sum   Ep-Sp_sum  
      46.775           1           0           0           0           0           0      32.121           0  8.7246e+05       23856
**** Number of members in clusters (global):
N_members:            1           2           3
Count    :       996.38     0.31055           1

Time: 116  N_real(loc): 1000  N_real(glb): 1000  N_all(loc): 1012  N_all(glb): 1012  N_remove(glb): 0  N_escape(glb): 0
Energy:     Error/Total         Error     Error_cum         Total       Kinetic     Potential        Modify  Modify_group Modify_single      Error_PP  Error_PP_cum
Physic:     2.81894e-07  0.0002749614      12.34337      975.4073      2286.405     -1310.997      1290.015             0             0  0.0002022133     0.2398211
Slowdown:  1.008665e-07  0.0001138397      85.90045      1128.618      2148.889     -1020.271      4893.792             0             0  4.109156e-05       73.7969
Angular Momentum:  |L|err: -14.1749  |L|err_cum: 1843.525  L: -1295.595   -1237.817    -574.2301  |L|: 1881.621
C.M.: mass: 592.3055 pos: 20.81759   -11.11855    -6.302458 vel: 0.3233398   -0.2211174    -0.1847047
Tree step number: 1024
**** Wallclock time per step (local): [Min/Max]
 Total       PP_single   PP_cluster  PP_cross    Tree_NB     Tree_Force  Force_corr  Kick        FindCluster CreateGroup MPI_comm    Output      Status      Other      
   0.0010067  7.2229e-06  0.00020536           0   0.0001404  0.00062457  6.5292e-06  3.2302e-06  6.9734e-06  1.2616e-05  6.0016e-07  7.3027e-07  5.5674e-09  1.4854e-06
   0.0010067  7.2655e-06  0.00020541           0   0.0001393  0.00062074   6.574e-06  3.2598e-06  7.0066e-06  1.2631e-05  6.2952e-07  7.3055e-07  5.5967e-09  1.5451e-06
**** FDPS tree soft force time profile (local):
 Sample_ptcl Domain_deco Ex_ptcl     SetRootCell Make_LT     Make_LET    Make_GT     Make_Group  Make_I_list Calc_force  Write_back 
           0           0           0  3.9696e-06  0.00011962   1.532e-05  9.3509e-05  1.7824e-06  4.1238e-05   0.0003004  8.4481e-06
**** Tree neighbor time profile (local):
 Sample_ptcl Domain_deco Ex_ptcl     SetRootCell Make_LT     Make_LET    Make_GT     Make_Group  Make_I_list Calc_force  Write_back 
           0           0           0  2.0165e-06  5.2593e-05  8.2722e-06  3.9472e-05  4.7737e-07  7.3312e-06  1.5888e-05  2.3891e-06
**** Number per step (global):
 PP_single   PP_cluster  PP_cross    Cluster     Cross       AR_step_sum
         997           3           0           1           0      132.02
 AR_tsyn_sum Stab_Ngroup Iso_Ngroup  Form_Ngroup End_Ngroup  Modf_Ngroup Merg_Ngroup H4_step_sum H4_no_NB    Ep-Ep_sum   Ep-Sp_sum  
      46.658           1           0           0           0           0           0       29.75           0  8.7591e+05       23621
**** Number of members in clusters (global):
N_members:            1           3
Count    :          997           1

Time: 117  N_real(loc): 1000  N_real(glb): 1000  N_all(loc): 1012  N_all(glb): 1012  N_remove(glb): 0  N_escape(glb): 0
Energy:     Error/Total         Error     Error_cum         Total       Kinetic     Potential        Modify  Modify_group Modify_single      Error_PP  Error_PP_cum
Physic:   -1.003877e-06 -0.0009781303      12.34239      974.3525       2004.46     -1030.108      1288.962             0             0 -0.0001547915     0.2396663
Slowdown: -8.038423e-07 -0.0007832258      85.89967      974.3525       2004.46     -1030.108      4892.738             0             0  4.011294e-05      73.79694
Angular Momentum:  |L|err: -17.31632  |L|err_cum: 1826.209  L: -1286.389   -1234.436    -545.8488  |L|: 1864.559
C.M.: mass: 592.3055 pos: 21.12385   -11.29622    -6.423151 vel: 0.3149555   -0.2144904    -0.1470371
Tree step number: 1024
**** Wallclock time per step (local): [Min/Max]
 Total       PP_single   PP_cluster  PP_cross    Tree_NB     Tree_Force  Force_corr  Kick        FindCluster CreateGroup MPI_comm    Output      Status      Other      
   0.0010052  6.9504e-06  0.00020833           0  0.00013978  0.00062057  6.4548e-06  3.2989e-06  7.4648e-06   1.264e-05  5.8297e-07  5.3064e-07       5e-09  1.5257e-06
   0.0010052    6.98e-06  0.00020839           0  0.00013866   0.0006168     6.5e-06  3.3284e-06  7.4978e-06  1.2656e-05  6.1233e-07  5.3074e-07  5.0293e-09  1.5849e-06
**** FDPS tree soft force time profile (local):
 Sample_ptcl Domain_deco Ex_ptcl     SetRootCell Make_LT     Make_LET    Make_GT     Make_Group  Make_I_list Calc_force  Write_back 
           0           0           0  3.6574e-06   0.0001182  1.4965e-05  9.1381e-05  1.7888e-06  4.1484e-05  0.00029997  8.2704e-06
**** Tree neighbor time profile (local):
 Sample_ptcl Domain_deco Ex_ptcl     SetRootCell Make_LT     Make_LET    Make_GT     Make_Group  Make_I_list Calc_force  Write_back 
           0           0           0  1.8396e-06  5.0949e-05  8.2432e-06  3.9086e-05  4.9303e-07  7.3947e-06  1.6981e-05  2.4429e-06
**** Number per step (global):
 PP_single   PP_cluster  PP_cross    Cluster     Cross       AR_step_sum
      996.54      3.4551           0      1.2275           0      131.74
 AR_tsyn_sum Stab_Ngroup Iso_Ngroup  Form_Ngroup End_Ngroup  Modf_Ngroup Merg_Ngroup H4_step_sum H4_no_NB    Ep-Ep_sum   Ep-Sp_sum  
      46.514           1           0           0           0           0           0      32.246           0  8.7885e+05       21363
**** Number of members in clusters (global):
N_members:            1           2           3
Count    :       996.54     0.22754           1

Time: 118  N_real(loc): 1000  N_real(glb): 1000  N_all(loc): 1012  N_all(glb): 1012  N_remove(glb): 0  N_escape(glb): 0
Energy:     Error/Total         Error     Error_cum         Total       Kinetic     Potential        Modify  Modify_group Modify_single      Error_PP  Error_PP_cum
Physic:    3.342966e-06   0.003254001      12.34565      973.3874      1836.114     -862.7262      1287.993             0             0    0.00122054     0.2408868
Slowdown:  2.129406e-06   0.002072737      85.90174      973.3874      1836.114     -862.7262       4891.77             0             0  3.927654e-05      73.79698
Angular Momentum:  |L|err: -22.05564  |L|err_cum: 1804.153  L: -1273.739   -1227.655    -515.9414  |L|: 1842.754
C.M.: mass: 592.3055 pos: 21.45513   -11.54488    -6.544547 vel: 0.3146352   -0.2169996    -0.1225976
Tree step number: 1024
**** Wallclock time per step (local): [Min/Max]
 Total       PP_single   PP_cluster  PP_cross    Tree_NB     Tree_Force  Force_corr  Kick        FindCluster CreateGroup MPI_comm    Output      Status      Other      
    0.001008  6.9389e-06  0.00020607           0  0.00014016  0.00062541  6.3674e-06  3.3814e-06  7.5125e-06  1.2629e-05  5.9834e-07  5.0344e-07  4.9902e-09  1.4644e-06
   0.0010081  6.9688e-06  0.00020611           0  0.00013898  0.00062175  6.4123e-06  3.4115e-06   7.545e-06  1.2645e-05  6.2792e-07  5.0354e-07  5.0195e-09  1.5234e-06
**** FDPS tree soft force time profile (local):
 Sample_ptcl Domain_deco Ex_ptcl     SetRootCell Make_LT     Make_LET    Make_GT     Make_Group  Make_I_list Calc_force  Write_back 
           0           0           0  3.5563e-06  0.00011836  1.4806e-05  9.1416e-05  1.7805e-06  4.1551e-05  0.00030475  8.0461e-06
**** Tree neighbor time profile (local):
 Sample_ptcl Domain_deco Ex_ptcl     SetRootCell Make_LT     Make_LET    Make_GT     Make_Group  Make_I_list Calc_force  Write_back 
           0           0           0  1.8095e-06  5.0863e-05  8.4482e-06  3.9414e-05  4.7443e-07  7.1092e-06  1.7432e-05  2.5538e-06
**** Number per step (global):
 PP_single   PP_cluster  PP_cross    Cluster     Cross       AR_step_sum
      996.88       3.123           0      1.0615           0      131.79
 AR_tsyn_sum Stab_Ngroup Iso_Ngroup  Form_Ngroup End_Ngroup  Modf_Ngroup Merg_Ngroup H4_step_sum H4_no_NB    Ep-Ep_sum   Ep-Sp_sum  
      46.478           1           0           0           0           0           0      30.243           0  8.8072e+05       19450
**** Number of members in clusters (global):
N_members:            1           2           3
Count    :       996.88    0.061523           1

Time: 119  N_real(loc): 1000  N_real(glb): 1000  N_all(loc): 1012  N_all(glb): 1012  N_remove(glb): 0  N_escape(glb): 0
Energy:     Error/Total         Error     Error_cum         Total       Kinetic     Potential        Modify  Modify_group Modify_single      Error_PP  Error_PP_cum
Physic:    5.535866e-06   0.005383572      12.35103      972.4896      1819.299     -846.8097       1287.09             0             0   0.001027622     0.2419144
Slowdown:   4.51868e-06   0.004394369      85.90614      972.4896      1819.299     -846.8097      4890.868             0             0    3.8419e-05      73.79702
Angular Momentum:  |L|err: -26.27275  |L|err_cum: 1777.88  L: -1257.992   -1217.815    -484.6574  |L|: 1816.731
C.M.: mass: 592.3055 pos: 21.87972   -11.85299    -6.679341 vel: 0.2921848   -0.1835536    -0.04952177
Tree step number: 1024
**** Wallclock time per step (local): [Min/Max]
 Total       PP_single   PP_cluster  PP_cross    Tree_NB     Tree_Force  Force_corr  Kick        FindCluster CreateGroup MPI_comm    Output      Status      Other      
   0.0010127  6.8851e-06  0.00020551           0  0.00013999  0.00063065  6.4299e-06  3.6305e-06  6.9582e-06  1.2597e-05  6.3222e-07  8.1532e-07  4.8428e-09  1.5462e-06
   0.0010127  6.9153e-06  0.00020555           0  0.00013885  0.00062691  6.4746e-06    3.66e-06  6.9906e-06  1.2613e-05  6.6153e-07  8.1578e-07   4.873e-09  1.6184e-06
**** FDPS tree soft force time profile (local):
 Sample_ptcl Domain_deco Ex_ptcl     SetRootCell Make_LT     Make_LET    Make_GT     Make_Group  Make_I_list Calc_force  Write_back 
           0           0           0  3.4349e-06  0.00011875  1.4816e-05  9.2933e-05  1.7797e-06  4.0896e-05  0.00030914  8.2354e-06
**** Tree neighbor time profile (local):
 Sample_ptcl Domain_deco Ex_ptcl     SetRootCell Make_LT     Make_LET    Make_GT     Make_Group  Make_I_list Calc_force  Write_back 
           0           0           0  1.9392e-06  5.1912e-05  8.4197e-06  3.8309e-05  4.8225e-07  7.4113e-06   1.727e-05  2.4696e-06
**** Number per step (global):
 PP_single   PP_cluster  PP_cross    Cluster     Cross       AR_step_sum
      996.75      3.2461           0       1.123           0      131.91
 AR_tsyn_sum Stab_Ngroup Iso_Ngroup  Form_Ngroup End_Ngroup  Modf_Ngroup Merg_Ngroup H4_step_sum H4_no_NB    Ep-Ep_sum   Ep-Sp_sum  
      46.534           1           0           0           0           0           0      30.169           0  8.7687e+05       20796
**** Number of members in clusters (global):
N_members:            1           2           3
Count    :       996.75     0.12305           1

Time: 120  N_real(loc): 1000  N_real(glb): 1000  N_all(loc): 1012  N_all(glb): 1012  N_remove(glb): 0  N_escape(glb): 0
Energy:     Error/Total         Error     Error_cum         Total       Kinetic     Potential        Modify  Modify_group Modify_single      Error_PP  Error_PP_cum
Physic:   -3.141531e-05   -0.03052384      12.32051      971.6229      1753.876     -782.2532      1286.254             0             0  -0.006435114     0.2354793
Slowdown: -2.124056e-05   -0.02405088      85.88208      1132.309      1735.028     -602.7192      5050.712             0             0  3.783725e-05      73.79706
Angular Momentum:  |L|err: -30.85767  |L|err_cum: 1747.023  L: -1238.981   -1205.065    -450.5846  |L|: 1786.136
C.M.: mass: 592.3055 pos: 22.23194   -12.09905    -6.801552 vel: 0.3249847   -0.228589    -0.1092625
Tree step number: 1024
**** Wallclock time per step (local): [Min/Max]
 Total       PP_single   PP_cluster  PP_cross    Tree_NB     Tree_Force  Force_corr  Kick        FindCluster CreateGroup MPI_comm    Output      Status      Other      
   0.0010259  7.1143e-06  0.00020587           0  0.00014136  0.00064239  6.4066e-06  3.2957e-06  6.9432e-06  1.2491e-05  6.0095e-07  6.5248e-07  4.8135e-09  1.5283e-06
   0.0010259  7.1442e-06  0.00020592           0  0.00014017  0.00063852  6.4508e-06  3.3252e-06  6.9763e-06  1.2507e-05  6.3035e-07  6.5258e-07  4.8428e-09  1.6018e-06
**** FDPS tree soft force time profile (local):
 Sample_ptcl Domain_deco Ex_ptcl     SetRootCell Make_LT     Make_LET    Make_GT     Make_Group  Make_I_list Calc_force  Write_back 
           0           0           0  3.7614e-06  0.00011968  1.5222e-05  9.3341e-05  1.7285e-06  4.2047e-05  0.00031819  8.4454e-06
**** Tree neighbor time profile (local):
 Sample_ptcl Domain_deco Ex_ptcl     SetRootCell Make_LT     Make_LET    Make_GT     Make_Group  Make_I_list Calc_force  Write_back 
           0           0           0  1.7067e-06  5.1432e-05  8.4385e-06  3.9867e-05  4.7334e-07  6.8889e-06  1.8161e-05  2.5642e-06
**** Number per step (global):
 PP_single   PP_cluster  PP_cross    Cluster     Cross       AR_step_sum
         997           3           0           1           0      132.05
 AR_tsyn_sum Stab_Ngroup Iso_Ngroup  Form_Ngroup End_Ngroup  Modf_Ngroup Merg_Ngroup H4_step_sum H4_no_NB    Ep-Ep_sum   Ep-Sp_sum  
      46.539           1           0           0           0           0           0       29.77           0  8.6799e+05       23353
**** Number of members in clusters (global):
N_members:            1           3
Count    :          997           1

Time: 121  N_real(loc): 1000  N_real(glb): 1000  N_all(loc): 1012  N_all(glb): 1012  N_remove(glb): 0  N_escape(glb): 0
Energy:     Error/Total         Error     Error_cum         Total       Kinetic     Potential        Modify  Modify_group Modify_single      Error_PP  Error_PP_cum
Physic:   -1.323647e-05   -0.01285023      12.30766      970.8202      4280.468     -3309.648      1285.464             0             0  -0.003318309      0.232161
Slowdown: -8.390959e-06  -0.009494573      85.87259      1131.524      3662.348     -2530.824      5210.622             0             0  3.734837e-05       73.7971
Angular Momentum:  |L|err: -31.88817  |L|err_cum: 1715.134  L: -1218.954   -1191.204    -416.5044  |L|: 1754.506
C.M.: mass: 592.3055 pos: 22.65954   -12.40065    -6.936661 vel: 0.1614169   -0.2195151    0.07681526
Tree step number: 1024
**** Wallclock time per step (local): [Min/Max]
 Total       PP_single   PP_cluster  PP_cross    Tree_NB     Tree_Force  Force_corr  Kick        FindCluster CreateGroup MPI_comm    Output      Status      Other      
   0.0010063  6.8875e-06  0.00020254           0  0.00013962   0.0006286  6.3541e-06  3.4414e-06  6.8752e-06  1.2279e-05  6.1489e-07  5.5668e-07  4.7646e-09   1.468e-06
   0.0010063  6.9178e-06  0.00020259           0  0.00013856  0.00062493  6.3984e-06  3.4707e-06  6.9074e-06  1.2294e-05  6.4426e-07  5.5676e-07  4.7939e-09  1.5262e-06
**** FDPS tree soft force time profile (local):
 Sample_ptcl Domain_deco Ex_ptcl     SetRootCell Make_LT     Make_LET    Make_GT     Make_Group  Make_I_list Calc_force  Write_back 
           0           0           0  3.6216e-06  0.00011599  1.4293e-05  9.0257e-05  1.6965e-06  4.1137e-05  0.00031317  8.1571e-06
**** Tree neighbor time profile (local):
 Sample_ptcl Domain_deco Ex_ptcl     SetRootCell Make_LT     Make_LET    Make_GT     Make_Group  Make_I_list Calc_force  Write_back 
           0           0           0  1.7137e-06  5.1298e-05  8.0149e-06  3.8165e-05  4.6261e-07  7.1209e-06  1.8348e-05  2.3172e-06
**** Number per step (global):
 PP_single   PP_cluster  PP_cross    Cluster     Cross       AR_step_sum
       996.6      3.3984           0      1.1992           0      131.22
 AR_tsyn_sum Stab_Ngroup Iso_Ngroup  Form_Ngroup End_Ngroup  Modf_Ngroup Merg_Ngroup H4_step_sum H4_no_NB    Ep-Ep_sum   Ep-Sp_sum  
      46.227           1           0   0.0068359  0.00097656           0           0      32.217   0.0097656  8.6824e+05       23603
**** Number of members in clusters (global):
N_members:            1           2           3
Count    :        996.6     0.19922           1

Time: 122  N_real(loc): 1000  N_real(glb): 1000  N_all(loc): 1012  N_all(glb): 1012  N_remove(glb): 0  N_escape(glb): 0
Energy:     Error/Total         Error     Error_cum         Total       Kinetic     Potential        Modify  Modify_group Modify_single      Error_PP  Error_PP_cum
Physic:    6.415989e-07  0.0006224162      12.30828      970.1018      1748.715     -778.6131      1284.745             0             0  0.0001448717     0.2323059
Slowdown:  4.729455e-07  0.0005145731       85.8731      1088.018      1735.505     -647.4871      5327.819             0             0  3.702854e-05      73.79713
Angular Momentum:  |L|err: -34.09368  |L|err_cum: 1681.041  L: -1197.147   -1175.66    -381.2944  |L|: 1720.675
C.M.: mass: 592.3055 pos: 23.03774   -12.65306    -7.065578 vel: 0.3959458   -0.17746    -0.2120621
Tree step number: 1024
**** Wallclock time per step (local): [Min/Max]
 Total       PP_single   PP_cluster  PP_cross    Tree_NB     Tree_Force  Force_corr  Kick        FindCluster CreateGroup MPI_comm    Output      Status      Other      
    0.001055  7.2157e-06  0.00020396           0  0.00014399  0.00066981  6.6486e-06  3.3496e-06  7.1218e-06  1.2931e-05  6.2331e-07  5.1958e-07  4.9609e-09  1.5449e-06
    0.001055  7.2456e-06  0.00020401           0  0.00014284    0.000666  6.6936e-06  3.3796e-06  7.1545e-06  1.2947e-05   6.529e-07  5.1968e-07  4.9902e-09  1.6051e-06
**** FDPS tree soft force time profile (local):
 Sample_ptcl Domain_deco Ex_ptcl     SetRootCell Make_LT     Make_LET    Make_GT     Make_Group  Make_I_list Calc_force  Write_back 
           0           0           0  3.6588e-06  0.00012077  1.4797e-05  9.2872e-05  1.7711e-06  4.3201e-05   0.0003439  8.3394e-06
**** Tree neighbor time profile (local):
 Sample_ptcl Domain_deco Ex_ptcl     SetRootCell Make_LT     Make_LET    Make_GT     Make_Group  Make_I_list Calc_force  Write_back 
           0           0           0  2.0703e-06  5.2598e-05  8.3682e-06  3.9404e-05  4.7777e-07  7.2782e-06  1.9396e-05  2.4964e-06
**** Number per step (global):
 PP_single   PP_cluster  PP_cross    Cluster     Cross       AR_step_sum
         997           3           0           1           0      131.36
 AR_tsyn_sum Stab_Ngroup Iso_Ngroup  Form_Ngroup End_Ngroup  Modf_Ngroup Merg_Ngroup H4_step_sum H4_no_NB    Ep-Ep_sum   Ep-Sp_sum  
      46.369           1           0           0           0           0           0      29.559           0  8.6638e+05       24377
**** Number of members in clusters (global):
N_members:            1           3
Count    :          997           1

Time: 123  N_real(loc): 1000  N_real(glb): 1000  N_all(loc): 1012  N_all(glb): 1012  N_remove(glb): 0  N_escape(glb): 0
Energy:     Error/Total         Error     Error_cum         Total       Kinetic     Potential        Modify  Modify_group Modify_single      Error_PP  Error_PP_cum
Physic:   -5.121939e-06  -0.004965528      12.30331      969.4626      7912.875     -6943.412      1284.111             0             0   -0.00184723     0.2304587
Slowdown: -2.765112e-06  -0.003082149      85.87002      1114.656      6575.968     -5461.312      5472.377             0             0  3.614961e-05      73.79717
Angular Momentum:  |L|err: -36.36063  |L|err_cum: 1644.68  L: -1173.481   -1158.366    -344.8782  |L|: 1684.581
C.M.: mass: 592.3055 pos: 23.40892   -12.90809    -7.190647 vel: 0.07712292   -0.5119431    -0.1020485
Tree step number: 1024
**** Wallclock time per step (local): [Min/Max]
 Total       PP_single   PP_cluster  PP_cross    Tree_NB     Tree_Force  Force_corr  Kick        FindCluster CreateGroup MPI_comm    Output      Status      Other      
   0.0011101  7.3499e-06  0.00020565           0  0.00014595  0.00072076  6.9512e-06  3.3267e-06  7.3966e-06  1.2841e-05  6.7835e-07   8.497e-07  4.8525e-09  1.6483e-06
   0.0011102  7.3801e-06   0.0002057           0  0.00014476  0.00071676   6.996e-06  3.3565e-06    7.43e-06  1.2857e-05   7.081e-07  8.4984e-07  4.8828e-09  1.7116e-06
**** FDPS tree soft force time profile (local):
 Sample_ptcl Domain_deco Ex_ptcl     SetRootCell Make_LT     Make_LET    Make_GT     Make_Group  Make_I_list Calc_force  Write_back 
           0           0           0  3.7223e-06  0.00012116  1.5564e-05  9.3964e-05  1.7369e-06  4.2113e-05   0.0003917  8.7617e-06
**** Tree neighbor time profile (local):
 Sample_ptcl Domain_deco Ex_ptcl     SetRootCell Make_LT     Make_LET    Make_GT     Make_Group  Make_I_list Calc_force  Write_back 
           0           0           0  1.7605e-06  5.2784e-05  8.9047e-06  3.9876e-05  5.1697e-07  7.5684e-06  1.9267e-05  2.5751e-06
**** Number per step (global):
 PP_single   PP_cluster  PP_cross    Cluster     Cross       AR_step_sum
         997           3           0           1           0      131.34
 AR_tsyn_sum Stab_Ngroup Iso_Ngroup  Form_Ngroup End_Ngroup  Modf_Ngroup Merg_Ngroup H4_step_sum H4_no_NB    Ep-Ep_sum   Ep-Sp_sum  
      46.275           1           0           0           0           0           0      29.585           0  8.7017e+05       22842
**** Number of members in clusters (global):
N_members:            1           3
Count    :          997           1

Time: 124  N_real(loc): 1000  N_real(glb): 1000  N_all(loc): 1012  N_all(glb): 1012  N_remove(glb): 0  N_escape(glb): 0
Energy:     Error/Total         Error     Error_cum         Total       Kinetic     Potential        Modify  Modify_group Modify_single      Error_PP  Error_PP_cum
Physic:    4.990817e-05    0.04835803      12.35167        968.94      1749.423     -780.4834       1283.54             0             0    0.01152764     0.2419863
Slowdown:  3.389409e-05    0.03686589      85.90689      1087.679      1735.802     -648.1226      5590.556             0             0   3.55028e-05       73.7972
Angular Momentum:  |L|err: -37.99676  |L|err_cum: 1606.683  L: -1148.363   -1139.914    -306.6111  |L|: 1646.861
C.M.: mass: 592.3055 pos: 23.71928   -13.08591    -7.33205 vel: 0.3591305   -0.1012142    -0.1486738
Tree step number: 1024
**** Wallclock time per step (local): [Min/Max]
 Total       PP_single   PP_cluster  PP_cross    Tree_NB     Tree_Force  Force_corr  Kick        FindCluster CreateGroup MPI_comm    Output      Status      Other      
   0.0011082  7.2674e-06  0.00020634           0  0.00014662  0.00071718  6.5691e-06  3.4866e-06   7.606e-06  1.3346e-05  6.5433e-07  5.0714e-07  4.8047e-09  1.5659e-06
   0.0011082  7.2973e-06  0.00020638           0  0.00014543  0.00071336  6.6139e-06  3.5163e-06  7.6389e-06  1.3362e-05  6.8399e-07  5.0724e-07  4.8242e-09  1.6301e-06
**** FDPS tree soft force time profile (local):
 Sample_ptcl Domain_deco Ex_ptcl     SetRootCell Make_LT     Make_LET    Make_GT     Make_Group  Make_I_list Calc_force  Write_back 
           0           0           0  3.6778e-06  0.00012135  1.5591e-05  9.3697e-05  1.7484e-06  4.1897e-05  0.00038926  8.4645e-06
**** Tree neighbor time profile (local):
 Sample_ptcl Domain_deco Ex_ptcl     SetRootCell Make_LT     Make_LET    Make_GT     Make_Group  Make_I_list Calc_force  Write_back 
           0           0           0  1.9265e-06  5.2536e-05  8.5473e-06  4.0615e-05  4.7734e-07  7.4318e-06  1.9625e-05  2.5945e-06
**** Number per step (global):
 PP_single   PP_cluster  PP_cross    Cluster     Cross       AR_step_sum
      996.74      3.2559           0      1.1279           0      131.72
 AR_tsyn_sum Stab_Ngroup Iso_Ngroup  Form_Ngroup End_Ngroup  Modf_Ngroup Merg_Ngroup H4_step_sum H4_no_NB    Ep-Ep_sum   Ep-Sp_sum  
      46.385           1           0           0           0           0           0      30.568           0  8.7421e+05       21625
**** Number of members in clusters (global):
N_members:            1           2           3
Count    :       996.74     0.12793           1

Time: 125  N_real(loc): 1000  N_real(glb): 1000  N_all(loc): 1012  N_all(glb): 1012  N_remove(glb): 0  N_escape(glb): 0
Energy:     Error/Total         Error     Error_cum         Total       Kinetic     Potential        Modify  Modify_group Modify_single      Error_PP  Error_PP_cum
Physic:   -3.146037e-06  -0.003046876      12.34862      968.4807      1748.065      -779.584      1283.083             0             0 -0.0008166753     0.2411696
Slowdown: -1.966199e-06  -0.002196281      85.90469      1117.019      1731.046     -614.0271      5738.637             0             0  3.392002e-05      73.79724
Angular Momentum:  |L|err: -37.92491  |L|err_cum: 1568.758  L: -1122.841   -1120.524    -270.4626  |L|: 1609.191
C.M.: mass: 592.3055 pos: 24.11358   -13.39341    -7.432161 vel: 0.3378285   -0.1124956    -0.1186535
Tree step number: 1024
**** Wallclock time per step (local): [Min/Max]
 Total       PP_single   PP_cluster  PP_cross    Tree_NB     Tree_Force  Force_corr  Kick        FindCluster CreateGroup MPI_comm    Output      Status      Other      
   0.0011002  6.9967e-06  0.00020818           0  0.00014431  0.00071092  6.5076e-06  3.3163e-06  7.7277e-06  1.3008e-05  6.1776e-07  5.1062e-07  4.7656e-09  1.5846e-06
   0.0011002  7.0264e-06  0.00020822           0  0.00014316  0.00070671  6.5519e-06  3.3458e-06  7.7598e-06  1.3024e-05  6.5896e-07   5.107e-07  4.7949e-09  1.6476e-06
**** FDPS tree soft force time profile (local):
 Sample_ptcl Domain_deco Ex_ptcl     SetRootCell Make_LT     Make_LET    Make_GT     Make_Group  Make_I_list Calc_force  Write_back 
           0           0           0  3.8787e-06  0.00011903   1.528e-05  9.1027e-05  1.7203e-06  4.0686e-05   0.0003889  9.1641e-06
**** Tree neighbor time profile (local):
 Sample_ptcl Domain_deco Ex_ptcl     SetRootCell Make_LT     Make_LET    Make_GT     Make_Group  Make_I_list Calc_force  Write_back 
           0           0           0  1.7291e-06  5.1367e-05   8.538e-06  3.9837e-05  4.7329e-07  7.1504e-06  1.9753e-05  2.4941e-06
**** Number per step (global):
 PP_single   PP_cluster  PP_cross    Cluster     Cross       AR_step_sum
      996.54      3.4551           0      1.2275           0      131.96
 AR_tsyn_sum Stab_Ngroup Iso_Ngroup  Form_Ngroup End_Ngroup  Modf_Ngroup Merg_Ngroup H4_step_sum H4_no_NB    Ep-Ep_sum   Ep-Sp_sum  
      46.393           1           0           0           0           0           0      31.424           0  8.7527e+05       20645
**** Number of members in clusters (global):
N_members:            1           2           3
Count    :       996.54     0.22754           1

Time: 126  N_real(loc): 1000  N_real(glb): 1000  N_all(loc): 1012  N_all(glb): 1012  N_remove(glb): 0  N_escape(glb): 0
Energy:     Error/Total         Error     Error_cum         Total       Kinetic     Potential        Modify  Modify_group Modify_single      Error_PP  Error_PP_cum
Physic:   -1.497792e-05   -0.01450043      12.33412      968.1202       1802.95     -834.8303      1282.737             0             0   -0.00347788     0.2376917
Slowdown: -9.735551e-06    -0.0109894       85.8937       1128.79      1771.397     -642.6069      5898.958             0             0  3.315272e-05      73.79727
Angular Momentum:  |L|err: -38.60786  |L|err_cum: 1530.151  L: -1096.454   -1100.049    -234.8985  |L|: 1570.827
C.M.: mass: 592.3055 pos: 24.45086   -13.62449    -7.545417 vel: 0.3267121   -0.1575292    -0.1249376
Tree step number: 1024
**** Wallclock time per step (local): [Min/Max]
 Total       PP_single   PP_cluster  PP_cross    Tree_NB     Tree_Force  Force_corr  Kick        FindCluster CreateGroup MPI_comm    Output      Status      Other      
   0.0011116  7.0666e-06  0.00020796           0  0.00014672  0.00071976  6.9058e-06   3.419e-06  7.2522e-06  1.3157e-05  6.0369e-07  4.8498e-07  4.8037e-09  1.5402e-06
   0.0011116  7.0963e-06    0.000208           0  0.00014544   0.0007158  6.9501e-06  3.4485e-06  7.2848e-06  1.3172e-05  6.3299e-07  4.8512e-07   4.833e-09   1.604e-06
**** FDPS tree soft force time profile (local):
 Sample_ptcl Domain_deco Ex_ptcl     SetRootCell Make_LT     Make_LET    Make_GT     Make_Group  Make_I_list Calc_force  Write_back 
           0           0           0  3.4521e-06  0.00011924  1.5321e-05  9.2226e-05  1.7355e-06  4.0511e-05   0.0003966  8.9298e-06
**** Tree neighbor time profile (local):
 Sample_ptcl Domain_deco Ex_ptcl     SetRootCell Make_LT     Make_LET    Make_GT     Make_Group  Make_I_list Calc_force  Write_back 
           0           0           0  2.1151e-06  5.3134e-05  8.4709e-06  3.8744e-05  4.7514e-07  7.1846e-06  2.1059e-05  2.7733e-06
**** Number per step (global):
 PP_single   PP_cluster  PP_cross    Cluster     Cross       AR_step_sum
         997           3           0           1           0      131.81
 AR_tsyn_sum Stab_Ngroup Iso_Ngroup  Form_Ngroup End_Ngroup  Modf_Ngroup Merg_Ngroup H4_step_sum H4_no_NB    Ep-Ep_sum   Ep-Sp_sum  
      46.315           1           0           0           0           0           0      29.872           0  8.8245e+05       17484
**** Number of members in clusters (global):
N_members:            1           3
Count    :          997           1

Time: 127  N_real(loc): 1000  N_real(glb): 1000  N_all(loc): 1012  N_all(glb): 1012  N_remove(glb): 0  N_escape(glb): 0
Energy:     Error/Total         Error     Error_cum         Total       Kinetic     Potential        Modify  Modify_group Modify_single      Error_PP  Error_PP_cum
Physic:    2.318087e-05    0.02243678      12.35656      967.9005      1937.895     -969.9948      1282.495             0             0   0.004868868     0.2425606
Slowdown:  1.593479e-05    0.01760155       85.9113      1104.599      1883.763     -779.1644      6035.418             0             0  3.364316e-05       73.7973
Angular Momentum:  |L|err: -42.27525  |L|err_cum: 1487.875  L: -1067.093   -1077.143    -195.8328  |L|: 1528.815
C.M.: mass: 592.3055 pos: 24.8277   -13.88782    -7.672156 vel: 0.320852   -0.2184122    -0.14131
Tree step number: 1024
**** Wallclock time per step (local): [Min/Max]
 Total       PP_single   PP_cluster  PP_cross    Tree_NB     Tree_Force  Force_corr  Kick        FindCluster CreateGroup MPI_comm    Output      Status      Other      
   0.0011053  7.2244e-06  0.00020448           0  0.00014809  0.00071598   6.763e-06  3.3178e-06  7.0473e-06  1.2922e-05  7.9957e-07  4.8665e-07  4.7646e-09  1.6348e-06
   0.0011054  7.2539e-06  0.00020453           0  0.00014693  0.00071187  6.8077e-06   3.388e-06    7.08e-06  1.2937e-05    8.29e-07  4.8679e-07  4.7939e-09  1.6981e-06
**** FDPS tree soft force time profile (local):
 Sample_ptcl Domain_deco Ex_ptcl     SetRootCell Make_LT     Make_LET    Make_GT     Make_Group  Make_I_list Calc_force  Write_back 
           0           0           0   3.623e-06  0.00012029  1.5286e-05  9.3807e-05  1.8664e-06  4.1274e-05  0.00038934  8.9957e-06
**** Tree neighbor time profile (local):
 Sample_ptcl Domain_deco Ex_ptcl     SetRootCell Make_LT     Make_LET    Make_GT     Make_Group  Make_I_list Calc_force  Write_back 
           0           0           0  1.7718e-06  5.3309e-05   8.395e-06  4.0571e-05  4.7067e-07  7.1804e-06  2.0956e-05  2.5375e-06
**** Number per step (global):
 PP_single   PP_cluster  PP_cross    Cluster     Cross       AR_step_sum
         997           3           0           1           0      130.66
 AR_tsyn_sum Stab_Ngroup Iso_Ngroup  Form_Ngroup End_Ngroup  Modf_Ngroup Merg_Ngroup H4_step_sum H4_no_NB    Ep-Ep_sum   Ep-Sp_sum  
      45.936           1           0           0           0           0           0      29.756           0  8.7774e+05       18364
**** Number of members in clusters (global):
N_members:            1           3
Count    :          997           1

Time: 128  N_real(loc): 1000  N_real(glb): 1000  N_all(loc): 1012  N_all(glb): 1012  N_remove(glb): 0  N_escape(glb): 0
Energy:     Error/Total         Error     Error_cum         Total       Kinetic     Potential        Modify  Modify_group Modify_single      Error_PP  Error_PP_cum
Physic:   -7.806995e-06  -0.007555396        12.349      967.7726      1842.201     -874.4284      1282.375             0             0  -0.001660285     0.2409003
Slowdown: -5.507181e-06  -0.005863355      85.90544      1064.674      1817.513     -752.8382      6132.198             0             0  3.175634e-05      73.79734
Angular Momentum:  |L|err: -42.40181  |L|err_cum: 1445.473  L: -1037.264   -1052.711    -161.1273  |L|: 1486.634
C.M.: mass: 592.3055 pos: 25.16382   -14.09422    -7.791635 vel: 0.3132175   -0.2339343    -0.12611
Tree step number: 1024
**** Wallclock time per step (local): [Min/Max]
 Total       PP_single   PP_cluster  PP_cross    Tree_NB     Tree_Force  Force_corr  Kick        FindCluster CreateGroup MPI_comm    Output      Status      Other      
   0.0011641  7.4964e-06  0.00021099           0  0.00014993  0.00076506  6.8786e-06  3.6294e-06  7.8638e-06  1.2986e-05  6.3487e-07  5.4677e-07  4.7842e-09    1.69e-06
   0.0011641  7.5264e-06  0.00021104           0  0.00014865  0.00076074  6.9234e-06  3.6595e-06  7.8968e-06  1.3002e-05  6.6441e-07  5.4689e-07  4.8135e-09  1.7536e-06
**** FDPS tree soft force time profile (local):
 Sample_ptcl Domain_deco Ex_ptcl     SetRootCell Make_LT     Make_LET    Make_GT     Make_Group  Make_I_list Calc_force  Write_back 
           0           0           0  3.5637e-06  0.00012018  1.5577e-05  9.2876e-05  1.7195e-06  4.0451e-05  0.00043807  9.4256e-06
**** Tree neighbor time profile (local):
 Sample_ptcl Domain_deco Ex_ptcl     SetRootCell Make_LT     Make_LET    Make_GT     Make_Group  Make_I_list Calc_force  Write_back 
           0           0           0  1.8302e-06  5.2258e-05  8.6126e-06  3.9767e-05  4.8051e-07  7.0886e-06  2.1372e-05  2.7601e-06
**** Number per step (global):
 PP_single   PP_cluster  PP_cross    Cluster     Cross       AR_step_sum
      996.82      3.1777           0      1.0889           0       131.6
 AR_tsyn_sum Stab_Ngroup Iso_Ngroup  Form_Ngroup End_Ngroup  Modf_Ngroup Merg_Ngroup H4_step_sum H4_no_NB    Ep-Ep_sum   Ep-Sp_sum  
      46.224           1           0           0           0           0           0      30.396           0  8.7066e+05       19831
**** Number of members in clusters (global):
N_members:            1           2           3
Count    :       996.82    0.088867           1

Time: 129  N_real(loc): 1000  N_real(glb): 1000  N_all(loc): 1012  N_all(glb): 1012  N_remove(glb): 0  N_escape(glb): 0
Energy:     Error/Total         Error     Error_cum         Total       Kinetic     Potential        Modify  Modify_group Modify_single      Error_PP  Error_PP_cum
Physic:    6.962487e-06   0.006737935      12.35574      967.7482      2649.406     -1681.658      1282.344             0             0  0.0007522281     0.2416526
Slowdown:  5.339271e-06   0.006018009      85.91146      1127.122      2419.004     -1291.882      6291.541             0             0  3.230269e-05      73.79737
Angular Momentum:  |L|err: -44.49112  |L|err_cum: 1400.982  L: -1005.475   -1026.667    -124.1442  |L|: 1442.372
C.M.: mass: 592.3055 pos: 25.54145   -14.39268    -7.91444 vel: 0.3101514   -0.3878163    -0.2147907
Tree step number: 1024
**** Wallclock time per step (local): [Min/Max]
 Total       PP_single   PP_cluster  PP_cross    Tree_NB     Tree_Force  Force_corr  Kick        FindCluster CreateGroup MPI_comm    Output      Status      Other      
    0.001123  7.1912e-06   0.0002056           0  0.00014681  0.00073389  6.7094e-06    3.31e-06  7.4094e-06  1.2747e-05   6.303e-07  4.8298e-07  4.7451e-09  1.6263e-06
    0.001123  7.2209e-06  0.00020567           0   0.0001457  0.00072974   6.754e-06  3.3393e-06  7.4416e-06  1.2762e-05  6.5978e-07  4.8309e-07  4.7744e-09  1.6892e-06
**** FDPS tree soft force time profile (local):
 Sample_ptcl Domain_deco Ex_ptcl     SetRootCell Make_LT     Make_LET    Make_GT     Make_Group  Make_I_list Calc_force  Write_back 
           0           0           0  4.2525e-06  0.00012016  1.5274e-05   9.121e-05  1.7413e-06  4.0059e-05   0.0004091  9.0711e-06
**** Tree neighbor time profile (local):
 Sample_ptcl Domain_deco Ex_ptcl     SetRootCell Make_LT     Make_LET    Make_GT     Make_Group  Make_I_list Calc_force  Write_back 
           0           0           0  1.7958e-06  5.1866e-05  8.4601e-06  3.9116e-05  4.6637e-07  7.0238e-06   2.139e-05  2.4393e-06
**** Number per step (global):
 PP_single   PP_cluster  PP_cross    Cluster     Cross       AR_step_sum
      996.58       3.416           0       1.208           0      130.33
 AR_tsyn_sum Stab_Ngroup Iso_Ngroup  Form_Ngroup End_Ngroup  Modf_Ngroup Merg_Ngroup H4_step_sum H4_no_NB    Ep-Ep_sum   Ep-Sp_sum  
      45.608           1           0           0           0           0           0      31.495           0  8.7261e+05       18083
**** Number of members in clusters (global):
N_members:            1           2           3
Count    :       996.58     0.20801           1

Time: 130  N_real(loc): 1000  N_real(glb): 1000  N_all(loc): 1012  N_all(glb): 1012  N_remove(glb): 0  N_escape(glb): 0
Energy:     Error/Total         Error     Error_cum         Total       Kinetic     Potential        Modify  Modify_group Modify_single      Error_PP  Error_PP_cum
Physic:   -1.165413e-05   -0.01127876      12.34446      967.7907        7148.2      -6180.41      1282.398             0             0  -0.002671158     0.2389814
Slowdown: -7.599302e-06  -0.008575435      85.90288       1128.45        5849.6     -4721.149      6452.252             0             0    3.2166e-05       73.7974
Angular Momentum:  |L|err: -44.78065  |L|err_cum: 1356.202  L: -972.9743   -999.7668    -87.48853  |L|: 1397.808
C.M.: mass: 592.3055 pos: 25.89041   -14.62861    -8.036915 vel: 0.08509384   -0.6742346    -0.1450066
Tree step number: 1024
**** Wallclock time per step (local): [Min/Max]
 Total       PP_single   PP_cluster  PP_cross    Tree_NB     Tree_Force  Force_corr  Kick        FindCluster CreateGroup MPI_comm    Output      Status      Other      
   0.0011518  6.9417e-06  0.00020352           0  0.00014729  0.00076425  6.6942e-06   3.322e-06  7.0288e-06  1.3245e-05  6.3229e-07  5.4668e-07  5.7432e-09  1.5502e-06
   0.0011518  6.9712e-06  0.00020356           0  0.00014619   0.0007602  6.7386e-06  3.3517e-06  7.0607e-06   1.326e-05  6.6162e-07   5.468e-07  5.7725e-09  1.6141e-06
**** FDPS tree soft force time profile (local):
 Sample_ptcl Domain_deco Ex_ptcl     SetRootCell Make_LT     Make_LET    Make_GT     Make_Group  Make_I_list Calc_force  Write_back 
           0           0           0   3.668e-06  0.00011861  1.5361e-05  9.1276e-05  1.7242e-06  3.9939e-05  0.00044012  8.8554e-06
**** Tree neighbor time profile (local):
 Sample_ptcl Domain_deco Ex_ptcl     SetRootCell Make_LT     Make_LET    Make_GT     Make_Group  Make_I_list Calc_force  Write_back 
           0           0           0  2.0235e-06  5.1469e-05  8.5006e-06  3.9033e-05  5.0018e-07  7.3479e-06  2.0088e-05  2.3954e-06
**** Number per step (global):
 PP_single   PP_cluster  PP_cross    Cluster     Cross       AR_step_sum
         997           3           0           1           0      130.13
 AR_tsyn_sum Stab_Ngroup Iso_Ngroup  Form_Ngroup End_Ngroup  Modf_Ngroup Merg_Ngroup H4_step_sum H4_no_NB    Ep-Ep_sum   Ep-Sp_sum  
      45.573           1           0           0           0           0           0      29.574           0  8.6719e+05       19152
**** Number of members in clusters (global):
N_members:            1           3
Count    :          997           1

Time: 131  N_real(loc): 1000  N_real(glb): 1000  N_all(loc): 1012  N_all(glb): 1012  N_remove(glb): 0  N_escape(glb): 0
Energy:     Error/Total         Error     Error_cum         Total       Kinetic     Potential        Modify  Modify_group Modify_single      Error_PP  Error_PP_cum
Physic:    5.856319e-06   0.005668518      12.35013      967.9318      2278.403     -1310.471      1282.533             0             0   0.002000996     0.2409824
Slowdown:  3.278386e-06   0.003699918      85.90658      1128.579       2134.16     -1005.581      6613.037             0             0  3.239671e-05      73.79743
Angular Momentum:  |L|err: -44.4317  |L|err_cum: 1311.77  L: -940.1727   -972.4283    -51.28708  |L|: 1353.577
C.M.: mass: 592.3055 pos: 26.27026   -14.8884    -8.161355 vel: 0.3953481   -0.3513304    -0.2817144
Tree step number: 1024
**** Wallclock time per step (local): [Min/Max]
 Total       PP_single   PP_cluster  PP_cross    Tree_NB     Tree_Force  Force_corr  Kick        FindCluster CreateGroup MPI_comm    Output      Status      Other      
   0.0013184  7.7564e-06  0.00020805           0   0.0001614  0.00090961  6.8558e-06  3.4545e-06  7.7629e-06  1.3858e-05  7.0267e-07  5.3258e-07   6.458e-09  1.7765e-06
   0.0013184   7.787e-06  0.00020809           0  0.00016009  0.00090549  6.9005e-06  3.4845e-06  7.7964e-06  1.3874e-05  7.3257e-07  5.3283e-07  6.4873e-09  1.8417e-06
**** FDPS tree soft force time profile (local):
 Sample_ptcl Domain_deco Ex_ptcl     SetRootCell Make_LT     Make_LET    Make_GT     Make_Group  Make_I_list Calc_force  Write_back 
           0           0           0  3.7833e-06  0.00012751   1.664e-05  9.9512e-05  1.8819e-06  4.2666e-05  0.00055835  9.1102e-06
**** Tree neighbor time profile (local):
 Sample_ptcl Domain_deco Ex_ptcl     SetRootCell Make_LT     Make_LET    Make_GT     Make_Group  Make_I_list Calc_force  Write_back 
           0           0           0  1.8186e-06  5.5794e-05  8.9926e-06  4.1814e-05  5.0555e-07   8.183e-06   2.112e-05  2.8375e-06
**** Number per step (global):
 PP_single   PP_cluster  PP_cross    Cluster     Cross       AR_step_sum
         997           3           0           1           0      130.12
 AR_tsyn_sum Stab_Ngroup Iso_Ngroup  Form_Ngroup End_Ngroup  Modf_Ngroup Merg_Ngroup H4_step_sum H4_no_NB    Ep-Ep_sum   Ep-Sp_sum  
      45.563           1           0           0           0           0           0      29.576           0  8.6236e+05       20683
**** Number of members in clusters (global):
N_members:            1           3
Count    :          997           1

Time: 132  N_real(loc): 1000  N_real(glb): 1000  N_all(loc): 1012  N_all(glb): 1012  N_remove(glb): 0  N_escape(glb): 0
Energy:     Error/Total         Error     Error_cum         Total       Kinetic     Potential        Modify  Modify_group Modify_single      Error_PP  Error_PP_cum
Physic:   -2.959785e-06  -0.002865533      12.34727      968.1556      1876.857     -908.7018       1282.76             0             0   -0.00197847     0.2390039
Slowdown: -7.569111e-07 -0.0008544107      85.90573      1128.813      1827.783     -698.9709      6773.918             0             0  3.265211e-05      73.79747
Angular Momentum:  |L|err: -44.27721  |L|err_cum: 1267.493  L: -906.8917   -944.4877    -15.40836  |L|: 1309.483
C.M.: mass: 592.3055 pos: 26.60309   -15.11617    -8.279548 vel: 0.3791805   -0.1372652    -0.1285863
Tree step number: 1024
**** Wallclock time per step (local): [Min/Max]
 Total       PP_single   PP_cluster  PP_cross    Tree_NB     Tree_Force  Force_corr  Kick        FindCluster CreateGroup MPI_comm    Output      Status      Other      
   0.0012757  7.5984e-06  0.00021076           0  0.00015379   0.0008726  6.8462e-06  3.3906e-06  7.4124e-06  1.3814e-05  6.0874e-07  4.8759e-07  4.9121e-09  1.6113e-06
   0.0012758  7.6281e-06  0.00021083           0  0.00015267  0.00086852  6.8906e-06  3.4455e-06  7.4453e-06   1.383e-05  6.3814e-07  4.8769e-07  4.9414e-09  1.6761e-06
**** FDPS tree soft force time profile (local):
 Sample_ptcl Domain_deco Ex_ptcl     SetRootCell Make_LT     Make_LET    Make_GT     Make_Group  Make_I_list Calc_force  Write_back 
           0           0           0  3.5672e-06  0.00012548  1.6219e-05  9.8067e-05  1.7619e-06  4.2116e-05   0.0005306  8.9913e-06
**** Tree neighbor time profile (local):
 Sample_ptcl Domain_deco Ex_ptcl     SetRootCell Make_LT     Make_LET    Make_GT     Make_Group  Make_I_list Calc_force  Write_back 
           0           0           0  1.8911e-06  5.5263e-05  8.7589e-06  4.0888e-05  4.9585e-07  7.4419e-06  1.9694e-05  2.4606e-06
**** Number per step (global):
 PP_single   PP_cluster  PP_cross    Cluster     Cross       AR_step_sum
         997           3           0           1           0      130.41
 AR_tsyn_sum Stab_Ngroup Iso_Ngroup  Form_Ngroup End_Ngroup  Modf_Ngroup Merg_Ngroup H4_step_sum H4_no_NB    Ep-Ep_sum   Ep-Sp_sum  
       45.79           1           0           0           0           0           0      29.575           0  8.6166e+05       20944
**** Number of members in clusters (global):
N_members:            1           3
Count    :          997           1

Time: 133  N_real(loc): 1000  N_real(glb): 1000  N_all(loc): 1012  N_all(glb): 1012  N_remove(glb): 0  N_escape(glb): 0
Energy:     Error/Total         Error     Error_cum         Total       Kinetic     Potential        Modify  Modify_group Modify_single      Error_PP  Error_PP_cum
Physic:   -1.115658e-05   -0.01080458      12.33646       968.449      2877.591     -1909.142      1283.064             0             0  -0.002866947      0.236137
Slowdown: -7.395419e-06  -0.007905264      85.89782      1068.941       2698.52      -1629.58      6874.711             0             0  3.236726e-05       73.7975
Angular Momentum:  |L|err: -43.67317  |L|err_cum: 1223.82  L: -873.3829   -916.2304    20.19573  |L|: 1265.971
C.M.: mass: 592.3055 pos: 26.93763   -15.34637    -8.394744 vel: 0.3971471   -0.3154234    -0.2944391
Tree step number: 1024
**** Wallclock time per step (local): [Min/Max]
 Total       PP_single   PP_cluster  PP_cross    Tree_NB     Tree_Force  Force_corr  Kick        FindCluster CreateGroup MPI_comm    Output      Status      Other      
   0.0012757  7.3977e-06   0.0002038           0  0.00015152  0.00088305  6.6385e-06  3.3834e-06  7.2312e-06   1.291e-05  6.4014e-07  6.3776e-07  5.3711e-09  1.5893e-06
   0.0012757  7.4274e-06  0.00020386           0  0.00015037   0.0008791   6.683e-06  3.4133e-06  7.2637e-06  1.2926e-05  6.6976e-07  6.3796e-07  5.3906e-09  1.6539e-06
**** FDPS tree soft force time profile (local):
 Sample_ptcl Domain_deco Ex_ptcl     SetRootCell Make_LT     Make_LET    Make_GT     Make_Group  Make_I_list Calc_force  Write_back 
           0           0           0  3.7433e-06  0.00012298  1.5688e-05  9.4293e-05   1.902e-06  4.1498e-05  0.00054846  8.6768e-06
**** Tree neighbor time profile (local):
 Sample_ptcl Domain_deco Ex_ptcl     SetRootCell Make_LT     Make_LET    Make_GT     Make_Group  Make_I_list Calc_force  Write_back 
           0           0           0  1.8971e-06  5.3297e-05  8.6882e-06  4.0243e-05  4.8797e-07  7.4612e-06  1.9319e-05   2.511e-06
**** Number per step (global):
 PP_single   PP_cluster  PP_cross    Cluster     Cross       AR_step_sum
      996.49      3.5117           0      1.2559           0      129.41
 AR_tsyn_sum Stab_Ngroup Iso_Ngroup  Form_Ngroup End_Ngroup  Modf_Ngroup Merg_Ngroup H4_step_sum H4_no_NB    Ep-Ep_sum   Ep-Sp_sum  
      45.271           1           0           0           0           0           0      30.993           0   8.602e+05       21597
**** Number of members in clusters (global):
N_members:            1           2           3
Count    :       996.49     0.25586           1

Time: 134  N_real(loc): 1000  N_real(glb): 1000  N_all(loc): 1012  N_all(glb): 1012  N_remove(glb): 0  N_escape(glb): 0
Energy:     Error/Total         Error     Error_cum         Total       Kinetic     Potential        Modify  Modify_group Modify_single      Error_PP  Error_PP_cum
Physic:   -4.102401e-07 -0.0003974543      12.33606      968.8333      1926.548     -957.7143      1283.449             0             0  0.0004993016     0.2366363
Slowdown: -8.925237e-07 -0.0008647066      85.89696      968.8333      1926.548     -957.7143      6875.096             0             0  3.204927e-05      73.79753
Angular Momentum:  |L|err: -41.99561  |L|err_cum: 1181.824  L: -840.8133   -888.1109    51.98846  |L|: 1224.096
C.M.: mass: 592.3055 pos: 27.25979   -15.56473    -8.508008 vel: 0.3461279   -0.06414522    -0.06434154
Tree step number: 1024
**** Wallclock time per step (local): [Min/Max]
 Total       PP_single   PP_cluster  PP_cross    Tree_NB     Tree_Force  Force_corr  Kick        FindCluster CreateGroup MPI_comm    Output      Status      Other      
   0.0013222  7.7734e-06  0.00020855           0   0.0001546  0.00092064  6.7554e-06  3.4333e-06  7.5745e-06  1.3363e-05  6.7858e-07  5.0392e-07  4.7549e-09  1.6525e-06
   0.0013223  7.8032e-06  0.00020859           0  0.00015341  0.00091656     6.8e-06  3.4629e-06  7.6075e-06  1.3378e-05  7.0811e-07  5.0402e-07  4.7842e-09  1.7174e-06
**** FDPS tree soft force time profile (local):
 Sample_ptcl Domain_deco Ex_ptcl     SetRootCell Make_LT     Make_LET    Make_GT     Make_Group  Make_I_list Calc_force  Write_back 
           0           0           0  4.0741e-06  0.00012402   1.581e-05  9.5895e-05  1.7055e-06  4.0157e-05  0.00058276  8.9644e-06
**** Tree neighbor time profile (local):
 Sample_ptcl Domain_deco Ex_ptcl     SetRootCell Make_LT     Make_LET    Make_GT     Make_Group  Make_I_list Calc_force  Write_back 
           0           0           0  1.7437e-06  5.5071e-05  9.0335e-06  4.1314e-05  4.9559e-07  7.5032e-06   1.892e-05  2.6168e-06
**** Number per step (global):
 PP_single   PP_cluster  PP_cross    Cluster     Cross       AR_step_sum
         997           3           0           1           0      130.62
 AR_tsyn_sum Stab_Ngroup Iso_Ngroup  Form_Ngroup End_Ngroup  Modf_Ngroup Merg_Ngroup H4_step_sum H4_no_NB    Ep-Ep_sum   Ep-Sp_sum  
      45.732           1           0           0           0           0           0      29.719           0  8.6027e+05       21792
**** Number of members in clusters (global):
N_members:            1           3
Count    :          997           1

Time: 135  N_real(loc): 1000  N_real(glb): 1000  N_all(loc): 1012  N_all(glb): 1012  N_remove(glb): 0  N_escape(glb): 0
Energy:     Error/Total         Error     Error_cum         Total       Kinetic     Potential        Modify  Modify_group Modify_single      Error_PP  Error_PP_cum
Physic:   -7.155883e-06  -0.006936103      12.32913      969.2869      2210.848     -1241.561      1283.909             0             0  -0.001730278      0.234906
Slowdown: -5.207531e-06  -0.005174038      85.89178      993.5684      2191.489     -1197.921      6899.837             0             0   3.17875e-05      73.79756
Angular Momentum:  |L|err: -40.61711  |L|err_cum: 1141.207  L: -808.8216   -860.1896    81.9325  |L|: 1183.567
C.M.: mass: 592.3055 pos: 27.56179   -15.76711    -8.61761 vel: 0.2931678   -0.05062797    0.008932199
Tree step number: 1024
**** Wallclock time per step (local): [Min/Max]
 Total       PP_single   PP_cluster  PP_cross    Tree_NB     Tree_Force  Force_corr  Kick        FindCluster CreateGroup MPI_comm    Output      Status      Other      
   0.0012833  7.6964e-06  0.00020579           0  0.00014725  0.00089225  6.8988e-06  3.3408e-06  7.6966e-06  1.2902e-05  6.5522e-07  5.2224e-07  5.8125e-09  1.5837e-06
   0.0012833  7.7261e-06  0.00020583           0  0.00014612  0.00088804  6.9433e-06  3.3705e-06  7.7298e-06  1.2917e-05  6.8466e-07  5.2234e-07  5.8418e-09  1.6485e-06
**** FDPS tree soft force time profile (local):
 Sample_ptcl Domain_deco Ex_ptcl     SetRootCell Make_LT     Make_LET    Make_GT     Make_Group  Make_I_list Calc_force  Write_back 
           0           0           0  3.7216e-06  0.00012088  1.5998e-05  9.3772e-05  1.6587e-06  3.8319e-05  0.00056266  9.2175e-06
**** Tree neighbor time profile (local):
 Sample_ptcl Domain_deco Ex_ptcl     SetRootCell Make_LT     Make_LET    Make_GT     Make_Group  Make_I_list Calc_force  Write_back 
           0           0           0  1.7294e-06  5.2702e-05  8.4939e-06  3.9245e-05  4.7757e-07  7.1583e-06  1.7601e-05  2.4687e-06
**** Number per step (global):
 PP_single   PP_cluster  PP_cross    Cluster     Cross       AR_step_sum
      996.75        3.25           0       1.125           0      132.19
 AR_tsyn_sum Stab_Ngroup Iso_Ngroup  Form_Ngroup End_Ngroup  Modf_Ngroup Merg_Ngroup H4_step_sum H4_no_NB    Ep-Ep_sum   Ep-Sp_sum  
      46.358           1           0           0           0           0           0      30.292           0  8.5978e+05       21976
**** Number of members in clusters (global):
N_members:            1           2           3
Count    :       996.75       0.125           1

Time: 136  N_real(loc): 1000  N_real(glb): 1000  N_all(loc): 1012  N_all(glb): 1012  N_remove(glb): 0  N_escape(glb): 0
Energy:     Error/Total         Error     Error_cum         Total       Kinetic     Potential        Modify  Modify_group Modify_single      Error_PP  Error_PP_cum
Physic:    5.080838e-06    0.00492762      12.33406       969.844      1933.591     -963.7469      1284.461             0             0  0.0002590688     0.2351651
Slowdown:  4.158631e-06   0.004701416      85.89649       1130.52      1871.316     -740.7962      7061.065             0             0  3.286489e-05       73.7976
Angular Momentum:  |L|err: -40.21108  |L|err_cum: 1100.996  L: -776.721   -831.8079    110.4118  |L|: 1143.412
C.M.: mass: 592.3055 pos: 27.92529   -16.01717    -8.725435 vel: 0.2977644   -0.07270733    -0.01502618
Tree step number: 1024
**** Wallclock time per step (local): [Min/Max]
 Total       PP_single   PP_cluster  PP_cross    Tree_NB     Tree_Force  Force_corr  Kick        FindCluster CreateGroup MPI_comm    Output      Status      Other      
   0.0012959  7.4131e-06  0.00020986           0  0.00015073  0.00089744   6.972e-06  3.3588e-06  7.1872e-06  1.3204e-05  6.6436e-07  4.9243e-07  4.9023e-09  1.7561e-06
    0.001296   7.443e-06   0.0002099           0   0.0001496  0.00089334  7.0171e-06  3.3887e-06  7.2206e-06   1.322e-05  6.9406e-07  4.9255e-07  4.9316e-09  1.8217e-06
**** FDPS tree soft force time profile (local):
 Sample_ptcl Domain_deco Ex_ptcl     SetRootCell Make_LT     Make_LET    Make_GT     Make_Group  Make_I_list Calc_force  Write_back 
           0           0           0  3.8323e-06   0.0001228  1.5957e-05  9.4991e-05  1.6774e-06  3.8594e-05  0.00056509  9.0931e-06
**** Tree neighbor time profile (local):
 Sample_ptcl Domain_deco Ex_ptcl     SetRootCell Make_LT     Make_LET    Make_GT     Make_Group  Make_I_list Calc_force  Write_back 
           0           0           0  2.0629e-06  5.3904e-05  8.7075e-06  4.0558e-05  5.0519e-07  7.6122e-06  1.8227e-05  2.4758e-06
**** Number per step (global):
 PP_single   PP_cluster  PP_cross    Cluster     Cross       AR_step_sum
         997           3           0           1           0         131
 AR_tsyn_sum Stab_Ngroup Iso_Ngroup  Form_Ngroup End_Ngroup  Modf_Ngroup Merg_Ngroup H4_step_sum H4_no_NB    Ep-Ep_sum   Ep-Sp_sum  
      45.852           1           0           0           0           0           0      29.908           0  8.5781e+05       21901
**** Number of members in clusters (global):
N_members:            1           3
Count    :          997           1

Time: 137  N_real(loc): 1000  N_real(glb): 1000  N_all(loc): 1012  N_all(glb): 1012  N_remove(glb): 0  N_escape(glb): 0
Energy:     Error/Total         Error     Error_cum         Total       Kinetic     Potential        Modify  Modify_group Modify_single      Error_PP  Error_PP_cum
Physic:    4.491372e-06   0.004358858      12.33842      970.4958      1814.736     -844.2404      1285.109             0             0  0.0007355833     0.2359007
Slowdown:   3.23265e-06   0.003656671      85.90014      1131.168      1780.792     -649.6236      7222.386             0             0  3.339588e-05      73.79763
Angular Momentum:  |L|err: -40.27095  |L|err_cum: 1060.725  L: -744.4381   -802.6217    136.277  |L|: 1103.16
C.M.: mass: 592.3055 pos: 28.29914   -16.27811    -8.840115 vel: 0.3264649   -0.1726775    -0.1133903
Tree step number: 1024
**** Wallclock time per step (local): [Min/Max]
 Total       PP_single   PP_cluster  PP_cross    Tree_NB     Tree_Force  Force_corr  Kick        FindCluster CreateGroup MPI_comm    Output      Status      Other      
   0.0012611  7.4797e-06  0.00020831           0  0.00014621  0.00086827   6.758e-06  3.5299e-06  7.8082e-06  1.3108e-05  6.1593e-07  6.3558e-07  4.6572e-09  1.5377e-06
   0.0012612  7.5095e-06  0.00020835           0  0.00014511  0.00086437  6.8023e-06  3.5596e-06   7.841e-06  1.3123e-05  6.4547e-07   6.357e-07  4.6865e-09  1.6019e-06
**** FDPS tree soft force time profile (local):
 Sample_ptcl Domain_deco Ex_ptcl     SetRootCell Make_LT     Make_LET    Make_GT     Make_Group  Make_I_list Calc_force  Write_back 
           0           0           0  3.7295e-06  0.00012157  1.5499e-05  9.3146e-05   1.628e-06  3.7845e-05  0.00054164  8.5838e-06
**** Tree neighbor time profile (local):
 Sample_ptcl Domain_deco Ex_ptcl     SetRootCell Make_LT     Make_LET    Make_GT     Make_Group  Make_I_list Calc_force  Write_back 
           0           0           0  1.7393e-06   5.234e-05  8.5072e-06  3.9963e-05  4.7348e-07  7.3551e-06  1.6945e-05   2.402e-06
**** Number per step (global):
 PP_single   PP_cluster  PP_cross    Cluster     Cross       AR_step_sum
      996.44      3.5625           0      1.2812           0      131.99
 AR_tsyn_sum Stab_Ngroup Iso_Ngroup  Form_Ngroup End_Ngroup  Modf_Ngroup Merg_Ngroup H4_step_sum H4_no_NB    Ep-Ep_sum   Ep-Sp_sum  
      46.245           1           0           0           0           0           0      32.456           0  8.5788e+05       20747
**** Number of members in clusters (global):
N_members:            1           2           3
Count    :       996.44     0.28125           1

Time: 138  N_real(loc): 1000  N_real(glb): 1000  N_all(loc): 1012  N_all(glb): 1012  N_remove(glb): 0  N_escape(glb): 0
Energy:     Error/Total         Error     Error_cum         Total       Kinetic     Potential        Modify  Modify_group Modify_single      Error_PP  Error_PP_cum
Physic:    6.986498e-06   0.006785561       12.3452      971.2392      1872.152     -900.9127      1285.845             0             0   0.001553019     0.2374537
Slowdown:  4.652499e-06    0.00526617      85.90541      1131.901      1824.812     -692.9111      7383.786             0             0  3.362844e-05      73.79766
Angular Momentum:  |L|err: -41.0413  |L|err_cum: 1019.684  L: -711.2997   -772.1823    160.761  |L|: 1062.1
C.M.: mass: 592.3055 pos: 28.59013   -16.45804    -8.943355 vel: 0.3113305   -0.2269569    -0.1243193
Tree step number: 1024
**** Wallclock time per step (local): [Min/Max]
 Total       PP_single   PP_cluster  PP_cross    Tree_NB     Tree_Force  Force_corr  Kick        FindCluster CreateGroup MPI_comm    Output      Status      Other      
   0.0012439  7.5491e-06  0.00020916           0  0.00014264  0.00085407  7.1063e-06  3.2574e-06  7.7169e-06  1.2843e-05  6.7413e-07  5.2583e-07  4.9707e-09  1.5352e-06
   0.0012439  7.5787e-06   0.0002092           0  0.00014155  0.00084998  7.1509e-06  3.2872e-06  7.7489e-06  1.2858e-05  7.0348e-07  5.2597e-07       5e-09  1.6005e-06
**** FDPS tree soft force time profile (local):
 Sample_ptcl Domain_deco Ex_ptcl     SetRootCell Make_LT     Make_LET    Make_GT     Make_Group  Make_I_list Calc_force  Write_back 
           0           0           0  3.5624e-06  0.00011796  1.5631e-05  9.1879e-05  1.7037e-06  3.8046e-05  0.00053059  8.9646e-06
**** Tree neighbor time profile (local):
 Sample_ptcl Domain_deco Ex_ptcl     SetRootCell Make_LT     Make_LET    Make_GT     Make_Group  Make_I_list Calc_force  Write_back 
           0           0           0  1.9009e-06  5.1478e-05  8.3578e-06  3.8391e-05  4.6735e-07  7.6385e-06  1.6221e-05  2.3945e-06
**** Number per step (global):
 PP_single   PP_cluster  PP_cross    Cluster     Cross       AR_step_sum
      996.59      3.4082           0      1.2041           0      132.02
 AR_tsyn_sum Stab_Ngroup Iso_Ngroup  Form_Ngroup End_Ngroup  Modf_Ngroup Merg_Ngroup H4_step_sum H4_no_NB    Ep-Ep_sum   Ep-Sp_sum  
      46.246           1           0           0           0           0           0      31.348           0  8.5894e+05       19825
**** Number of members in clusters (global):
N_members:            1           2           3
Count    :       996.59      0.2041           1

Time: 139  N_real(loc): 1000  N_real(glb): 1000  N_all(loc): 1012  N_all(glb): 1012  N_remove(glb): 0  N_escape(glb): 0
Energy:     Error/Total         Error     Error_cum         Total       Kinetic     Potential        Modify  Modify_group Modify_single      Error_PP  Error_PP_cum
Physic:   -2.701062e-05    -0.0262547      12.31895      972.0137      1756.291     -784.2768      1286.646             0             0  -0.005324122     0.2321296
Slowdown: -1.844993e-05   -0.02089845      85.88451      1132.712      1736.655     -603.9432       7545.28             0             0  3.212284e-05      73.79769
Angular Momentum:  |L|err: -40.9063  |L|err_cum: 978.7773  L: -678.5356   -741.2418    181.3127  |L|: 1021.139
C.M.: mass: 592.3055 pos: 29.03046   -16.75232    -9.072631 vel: 0.2884797   -0.2098978    -0.08032677
Tree step number: 1024
**** Wallclock time per step (local): [Min/Max]
 Total       PP_single   PP_cluster  PP_cross    Tree_NB     Tree_Force  Force_corr  Kick        FindCluster CreateGroup MPI_comm    Output      Status      Other      
   0.0012771  7.5129e-06  0.00021042           0  0.00014898  0.00087897  6.9266e-06  3.6969e-06  7.3148e-06  1.3368e-05  6.0646e-07  7.1754e-07   5.166e-09  1.6165e-06
   0.0012771  7.5429e-06  0.00021046           0   0.0001478  0.00087494  6.9711e-06  3.7269e-06  7.3479e-06  1.3384e-05  6.3596e-07  7.1771e-07  5.2051e-09  1.6813e-06
**** FDPS tree soft force time profile (local):
 Sample_ptcl Domain_deco Ex_ptcl     SetRootCell Make_LT     Make_LET    Make_GT     Make_Group  Make_I_list Calc_force  Write_back 
           0           0           0  3.6161e-06  0.00012369  1.5796e-05  9.5468e-05  1.6988e-06   3.802e-05  0.00054698  8.8547e-06
**** Tree neighbor time profile (local):
 Sample_ptcl Domain_deco Ex_ptcl     SetRootCell Make_LT     Make_LET    Make_GT     Make_Group  Make_I_list Calc_force  Write_back 
           0           0           0  1.9251e-06   5.405e-05  8.7105e-06  4.0119e-05  4.9087e-07   7.375e-06  1.6815e-05  2.5785e-06
**** Number per step (global):
 PP_single   PP_cluster  PP_cross    Cluster     Cross       AR_step_sum
      996.69      3.3066           0      1.1533           0      131.68
 AR_tsyn_sum Stab_Ngroup Iso_Ngroup  Form_Ngroup End_Ngroup  Modf_Ngroup Merg_Ngroup H4_step_sum H4_no_NB    Ep-Ep_sum   Ep-Sp_sum  
      45.998           1           0           0           0           0           0      31.272           0  8.6016e+05       19219
**** Number of members in clusters (global):
N_members:            1           2           3
Count    :       996.69     0.15332           1

Time: 140  N_real(loc): 1000  N_real(glb): 1000  N_all(loc): 1012  N_all(glb): 1012  N_remove(glb): 0  N_escape(glb): 0
Energy:     Error/Total         Error     Error_cum         Total       Kinetic     Potential        Modify  Modify_group Modify_single      Error_PP  Error_PP_cum
Physic:      -2.549e-06  -0.002479834      12.31647      972.8655      2186.881     -1214.015        1287.5             0             0  -0.000743691     0.2313859
Slowdown: -1.502453e-06  -0.001703145      85.88281      1133.577      2065.347     -931.7704      7706.844             0             0  3.299843e-05      73.79773
Angular Momentum:  |L|err: -40.5782  |L|err_cum: 938.1991  L: -646.2443   -710.0821    198.6898  |L|: 980.4723
C.M.: mass: 592.3055 pos: 29.40971   -17.01587    -9.191631 vel: 0.3444749   -0.3601416    -0.235158
Tree step number: 1024
**** Wallclock time per step (local): [Min/Max]
 Total       PP_single   PP_cluster  PP_cross    Tree_NB     Tree_Force  Force_corr  Kick        FindCluster CreateGroup MPI_comm    Output      Status      Other      
   0.0012088  7.3451e-06  0.00020801           0  0.00014084  0.00082215  6.7375e-06  3.5138e-06  7.2084e-06   1.307e-05   6.176e-07  5.7749e-07  5.2832e-09  1.5597e-06
   0.0012088  7.3746e-06  0.00020805           0  0.00013973  0.00081821  6.7819e-06  3.5433e-06  7.2407e-06  1.3086e-05  6.4698e-07  5.7765e-07  5.3125e-09   1.624e-06
**** FDPS tree soft force time profile (local):
 Sample_ptcl Domain_deco Ex_ptcl     SetRootCell Make_LT     Make_LET    Make_GT     Make_Group  Make_I_list Calc_force  Write_back 
           0           0           0  3.5422e-06    0.000119  1.5466e-05  9.2679e-05  1.5924e-06  3.7742e-05  0.00050107  8.7617e-06
**** Tree neighbor time profile (local):
 Sample_ptcl Domain_deco Ex_ptcl     SetRootCell Make_LT     Make_LET    Make_GT     Make_Group  Make_I_list Calc_force  Write_back 
           0           0           0  1.8229e-06  5.1791e-05  8.5489e-06  3.8809e-05  4.8055e-07  7.4084e-06  1.5841e-05  2.4243e-06
**** Number per step (global):
 PP_single   PP_cluster  PP_cross    Cluster     Cross       AR_step_sum
      996.71      3.2852           0      1.1426           0      131.87
 AR_tsyn_sum Stab_Ngroup Iso_Ngroup  Form_Ngroup End_Ngroup  Modf_Ngroup Merg_Ngroup H4_step_sum H4_no_NB    Ep-Ep_sum   Ep-Sp_sum  
      46.028           1           0           0           0           0           0      30.468           0  8.5693e+05       19821
**** Number of members in clusters (global):
N_members:            1           2           3
Count    :       996.71     0.14258           1

Time: 141  N_real(loc): 1000  N_real(glb): 1000  N_all(loc): 1012  N_all(glb): 1012  N_remove(glb): 0  N_escape(glb): 0
Energy:     Error/Total         Error     Error_cum         Total       Kinetic     Potential        Modify  Modify_group Modify_single      Error_PP  Error_PP_cum
Physic:    -1.02119e-05  -0.009944003      12.30652      973.7661      7757.595     -6783.829      1288.411             0             0    -0.0020907     0.2292952
Slowdown: -6.892332e-06   -0.00781926      85.87499      1134.487      6315.284     -5180.797      7868.473             0             0  3.404276e-05      73.79776
Angular Momentum:  |L|err: -39.93339  |L|err_cum: 898.2657  L: -613.5425   -678.7554    217.2947  |L|: 940.4043
C.M.: mass: 592.3055 pos: 29.76112   -17.24742    -9.302799 vel: 0.04422144   -0.6375331    -0.08731039
Tree step number: 1024
**** Wallclock time per step (local): [Min/Max]
 Total       PP_single   PP_cluster  PP_cross    Tree_NB     Tree_Force  Force_corr  Kick        FindCluster CreateGroup MPI_comm    Output      Status      Other      
   0.0012552  7.1227e-06  0.00020818           0  0.00014551  0.00086405  6.7801e-06  3.4268e-06  7.4283e-06  1.3129e-05  6.2261e-07  6.1455e-07  6.2822e-09  1.6244e-06
   0.0012552  7.1525e-06  0.00020822           0  0.00014419  0.00086007  6.8249e-06  3.4565e-06  7.4612e-06  1.3144e-05  6.5192e-07  6.1471e-07  6.3213e-09  1.6889e-06
**** FDPS tree soft force time profile (local):
 Sample_ptcl Domain_deco Ex_ptcl     SetRootCell Make_LT     Make_LET    Make_GT     Make_Group  Make_I_list Calc_force  Write_back 
           0           0           0  3.8625e-06  0.00012259  1.5965e-05  9.4736e-05  1.6834e-06  3.8108e-05  0.00053272  8.8088e-06
**** Tree neighbor time profile (local):
 Sample_ptcl Domain_deco Ex_ptcl     SetRootCell Make_LT     Make_LET    Make_GT     Make_Group  Make_I_list Calc_force  Write_back 
           0           0           0  1.8234e-06  5.2079e-05  8.5014e-06   3.962e-05  4.7697e-07  7.4869e-06  1.6182e-05   2.849e-06
**** Number per step (global):
 PP_single   PP_cluster  PP_cross    Cluster     Cross       AR_step_sum
         997           3           0           1           0      132.05
 AR_tsyn_sum Stab_Ngroup Iso_Ngroup  Form_Ngroup End_Ngroup  Modf_Ngroup Merg_Ngroup H4_step_sum H4_no_NB    Ep-Ep_sum   Ep-Sp_sum  
      46.236           1           0           0           0           0           0      30.092           0  8.6044e+05       18160
**** Number of members in clusters (global):
N_members:            1           3
Count    :          997           1

Time: 142  N_real(loc): 1000  N_real(glb): 1000  N_all(loc): 1012  N_all(glb): 1012  N_remove(glb): 0  N_escape(glb): 0
Energy:     Error/Total         Error     Error_cum         Total       Kinetic     Potential        Modify  Modify_group Modify_single      Error_PP  Error_PP_cum
Physic:    4.057615e-06   0.003955023      12.31048      974.7161      2911.813     -1937.096      1289.357             0             0  0.0005803785     0.2298755
Slowdown:  3.002326e-06   0.003408944       85.8784      1135.434       2618.75     -1483.315      8030.138             0             0  3.430035e-05       73.7978
Angular Momentum:  |L|err: -39.32877  |L|err_cum: 858.9369  L: -581.4865   -647.4624    233.0019  |L|: 900.9018
C.M.: mass: 592.3055 pos: 30.07536   -17.44431    -9.406546 vel: 0.4082061   -0.3807596    -0.3106898
Tree step number: 1024
**** Wallclock time per step (local): [Min/Max]
 Total       PP_single   PP_cluster  PP_cross    Tree_NB     Tree_Force  Force_corr  Kick        FindCluster CreateGroup MPI_comm    Output      Status      Other      
   0.0012597  7.4312e-06  0.00020992           0  0.00014557  0.00086626  6.7416e-06  3.2872e-06  7.2872e-06  1.3251e-05  6.6757e-07  5.0376e-07  4.9121e-09  1.6389e-06
   0.0012597  7.4612e-06  0.00020996           0  0.00014443  0.00086235  6.7863e-06  3.3171e-06  7.3201e-06  1.3266e-05  6.9732e-07  5.0386e-07  4.9414e-09  1.7189e-06
**** FDPS tree soft force time profile (local):
 Sample_ptcl Domain_deco Ex_ptcl     SetRootCell Make_LT     Make_LET    Make_GT     Make_Group  Make_I_list Calc_force  Write_back 
           0           0           0  3.6921e-06  0.00012249  1.5346e-05  9.4335e-05  1.8717e-06  3.8268e-05  0.00053726  8.6094e-06
**** Tree neighbor time profile (local):
 Sample_ptcl Domain_deco Ex_ptcl     SetRootCell Make_LT     Make_LET    Make_GT     Make_Group  Make_I_list Calc_force  Write_back 
           0           0           0   2.141e-06  5.2705e-05  8.6434e-06  3.9675e-05  4.8178e-07  7.5324e-06  1.5967e-05  2.4968e-06
**** Number per step (global):
 PP_single   PP_cluster  PP_cross    Cluster     Cross       AR_step_sum
         997           3           0           1           0      132.25
 AR_tsyn_sum Stab_Ngroup Iso_Ngroup  Form_Ngroup End_Ngroup  Modf_Ngroup Merg_Ngroup H4_step_sum H4_no_NB    Ep-Ep_sum   Ep-Sp_sum  
      46.255           1           0           0           0           0           0      30.193           0   8.605e+05       18864
**** Number of members in clusters (global):
N_members:            1           3
Count    :          997           1

Time: 143  N_real(loc): 1000  N_real(glb): 1000  N_all(loc): 1012  N_all(glb): 1012  N_remove(glb): 0  N_escape(glb): 0
Energy:     Error/Total         Error     Error_cum         Total       Kinetic     Potential        Modify  Modify_group Modify_single      Error_PP  Error_PP_cum
Physic:   -3.753335e-06  -0.003662058      12.30682       975.681      1915.931     -940.2496      1290.326             0             0  -0.001403926     0.2284716
Slowdown: -2.178742e-06  -0.002224539      85.87617       1021.02      1899.926     -878.9063      8076.444             0             0  3.359305e-05      73.79783
Angular Momentum:  |L|err: -38.51963  |L|err_cum: 820.4173  L: -550.3595   -616.4938    245.7305  |L|: 862.1738
C.M.: mass: 592.3055 pos: 30.34547   -17.63961    -9.503147 vel: 0.4369979   -0.2078543    -0.2219597
Tree step number: 1024
**** Wallclock time per step (local): [Min/Max]
 Total       PP_single   PP_cluster  PP_cross    Tree_NB     Tree_Force  Force_corr  Kick        FindCluster CreateGroup MPI_comm    Output      Status      Other      
   0.0012581   7.307e-06  0.00021018           0  0.00014385  0.00086648  6.7086e-06  3.5531e-06  7.5111e-06  1.2995e-05  6.2787e-07  4.9181e-07  4.7061e-09  1.5257e-06
   0.0012582  7.3366e-06  0.00021023           0  0.00014276   0.0008625  6.7531e-06  3.5825e-06  7.5437e-06   1.301e-05  6.5715e-07  4.9191e-07  4.7354e-09  1.5909e-06
**** FDPS tree soft force time profile (local):
 Sample_ptcl Domain_deco Ex_ptcl     SetRootCell Make_LT     Make_LET    Make_GT     Make_Group  Make_I_list Calc_force  Write_back 
           0           0           0  3.8492e-06  0.00012114  1.5602e-05  9.3599e-05  1.6963e-06  3.7435e-05  0.00053966  8.8335e-06
**** Tree neighbor time profile (local):
 Sample_ptcl Domain_deco Ex_ptcl     SetRootCell Make_LT     Make_LET    Make_GT     Make_Group  Make_I_list Calc_force  Write_back 
           0           0           0  1.7585e-06  5.2557e-05    8.75e-06  3.8817e-05  4.7196e-07  7.4998e-06  1.5208e-05  2.3921e-06
**** Number per step (global):
 PP_single   PP_cluster  PP_cross    Cluster     Cross       AR_step_sum
      996.78      3.2246           0      1.1123           0      133.13
 AR_tsyn_sum Stab_Ngroup Iso_Ngroup  Form_Ngroup End_Ngroup  Modf_Ngroup Merg_Ngroup H4_step_sum H4_no_NB    Ep-Ep_sum   Ep-Sp_sum  
      46.689           1           0           0           0           0           0      31.495           0  8.6668e+05       16964
**** Number of members in clusters (global):
N_members:            1           2           3
Count    :       996.78      0.1123           1

Time: 144  N_real(loc): 1000  N_real(glb): 1000  N_all(loc): 1012  N_all(glb): 1012  N_remove(glb): 0  N_escape(glb): 0
Energy:     Error/Total         Error     Error_cum         Total       Kinetic     Potential        Modify  Modify_group Modify_single      Error_PP  Error_PP_cum
Physic:    2.094306e-06   0.002045439      12.30886      976.6665      2541.317     -1564.651      1291.309             0             0  0.0003332941     0.2288049
Slowdown:  1.787834e-06   0.001746117      85.87792      976.6665      2541.317     -1564.651      8077.428             0             0  3.397282e-05      73.79786
Angular Momentum:  |L|err: -37.67872  |L|err_cum: 782.7385  L: -520.1066   -585.9255    256.0698  |L|: 824.2519
C.M.: mass: 592.3055 pos: 30.73895   -17.91719    -9.613125 vel: 0.4171401   -0.2729879    -0.2515424
Tree step number: 1024
**** Wallclock time per step (local): [Min/Max]
 Total       PP_single   PP_cluster  PP_cross    Tree_NB     Tree_Force  Force_corr  Kick        FindCluster CreateGroup MPI_comm    Output      Status      Other      
   0.0012692  7.6439e-06  0.00021356           0  0.00014577  0.00087103  6.9865e-06  3.5512e-06   7.697e-06  1.3147e-05  6.2393e-07  6.7898e-07  4.6865e-09  1.7287e-06
   0.0012693   7.674e-06  0.00021361           0  0.00014463  0.00086703   7.031e-06  3.5809e-06    7.73e-06  1.3163e-05  6.5349e-07  6.7916e-07  4.7168e-09  1.7929e-06
**** FDPS tree soft force time profile (local):
 Sample_ptcl Domain_deco Ex_ptcl     SetRootCell Make_LT     Make_LET    Make_GT     Make_Group  Make_I_list Calc_force  Write_back 
           0           0           0  3.7398e-06  0.00012128   1.586e-05  9.4956e-05  1.6306e-06  3.7955e-05  0.00054194   8.926e-06
**** Tree neighbor time profile (local):
 Sample_ptcl Domain_deco Ex_ptcl     SetRootCell Make_LT     Make_LET    Make_GT     Make_Group  Make_I_list Calc_force  Write_back 
           0           0           0  1.7892e-06  5.3004e-05   8.958e-06  4.0224e-05  5.1719e-07  7.4908e-06  1.4587e-05  2.4929e-06
**** Number per step (global):
 PP_single   PP_cluster  PP_cross    Cluster     Cross       AR_step_sum
      995.95      4.0527           0      1.5264           0      133.38
 AR_tsyn_sum Stab_Ngroup Iso_Ngroup  Form_Ngroup End_Ngroup  Modf_Ngroup Merg_Ngroup H4_step_sum H4_no_NB    Ep-Ep_sum   Ep-Sp_sum  
      46.816           1           0           0           0           0           0      34.495           0  8.6689e+05       16753
**** Number of members in clusters (global):
N_members:            1           2           3
Count    :       995.95     0.52637           1

Time: 145  N_real(loc): 1000  N_real(glb): 1000  N_all(loc): 1012  N_all(glb): 1012  N_remove(glb): 0  N_escape(glb): 0
Energy:     Error/Total         Error     Error_cum         Total       Kinetic     Potential        Modify  Modify_group Modify_single      Error_PP  Error_PP_cum
Physic:    9.084052e-07  0.0008881208      12.30975      977.6703      3898.542     -2920.871      1292.312             0             0  0.0002172102     0.2290221
Slowdown:  7.206467e-07  0.0007045549      85.87862      977.6703      3898.542     -2920.871      8078.431             0             0  3.364438e-05       73.7979
Angular Momentum:  |L|err: -37.85476  |L|err_cum: 744.8838  L: -490.6222   -555.3053    262.5506  |L|: 786.1341
C.M.: mass: 592.3055 pos: 31.13822   -18.17764    -9.732504 vel: 0.3375724   -0.3872954    -0.2557001
Tree step number: 1024
**** Wallclock time per step (local): [Min/Max]
 Total       PP_single   PP_cluster  PP_cross    Tree_NB     Tree_Force  Force_corr  Kick        FindCluster CreateGroup MPI_comm    Output      Status      Other      
   0.0012039  7.1765e-06  0.00020976           0  0.00014115  0.00081573  6.5598e-06  3.2919e-06  7.3055e-06  1.3111e-05  6.3819e-07  5.8921e-07  4.6777e-09   1.527e-06
   0.0012039  7.2061e-06   0.0002098           0  0.00013984  0.00081194   6.604e-06  3.3212e-06  7.3379e-06  1.3127e-05   6.674e-07  5.8936e-07   4.707e-09   1.591e-06
**** FDPS tree soft force time profile (local):
 Sample_ptcl Domain_deco Ex_ptcl     SetRootCell Make_LT     Make_LET    Make_GT     Make_Group  Make_I_list Calc_force  Write_back 
           0           0           0  3.7723e-06  0.00012088  1.5914e-05  9.4848e-05  1.6108e-06  3.7493e-05  0.00049004  8.3704e-06
**** Tree neighbor time profile (local):
 Sample_ptcl Domain_deco Ex_ptcl     SetRootCell Make_LT     Make_LET    Make_GT     Make_Group  Make_I_list Calc_force  Write_back 
           0           0           0   1.785e-06  5.1634e-05  8.5453e-06  4.0122e-05  4.7129e-07  7.4017e-06  1.4087e-05  2.8407e-06
**** Number per step (global):
 PP_single   PP_cluster  PP_cross    Cluster     Cross       AR_step_sum
         997           3           0           1           0      133.34
 AR_tsyn_sum Stab_Ngroup Iso_Ngroup  Form_Ngroup End_Ngroup  Modf_Ngroup Merg_Ngroup H4_step_sum H4_no_NB    Ep-Ep_sum   Ep-Sp_sum  
       46.81           1           0           0           0           0           0      30.437           0  8.6698e+05       16921
**** Number of members in clusters (global):
N_members:            1           3
Count    :          997           1

Time: 146  N_real(loc): 1000  N_real(glb): 1000  N_all(loc): 1012  N_all(glb): 1012  N_remove(glb): 0  N_escape(glb): 0
Energy:     Error/Total         Error     Error_cum         Total       Kinetic     Potential        Modify  Modify_group Modify_single      Error_PP  Error_PP_cum
Physic:    2.172417e-06   0.002126155      12.31187       978.705      2040.869     -1062.164      1293.345             0             0 -0.0002602038     0.2287619
Slowdown:  2.124727e-06   0.002420119      85.88104      1139.026      1955.365      -816.339      8239.784             0             0  3.376032e-05      73.79793
Angular Momentum:  |L|err: -39.06841  |L|err_cum: 705.8154  L: -461.2723   -523.9677    265.2793  |L|: 746.7847
C.M.: mass: 592.3055 pos: 31.5145   -18.42293    -9.846146 vel: 0.3769213   -0.1902139    -0.1653998
Tree step number: 1024
**** Wallclock time per step (local): [Min/Max]
 Total       PP_single   PP_cluster  PP_cross    Tree_NB     Tree_Force  Force_corr  Kick        FindCluster CreateGroup MPI_comm    Output      Status      Other      
   0.0011753  7.5504e-06   0.0002072           0  0.00013898  0.00079209  6.6222e-06  3.4844e-06  7.0033e-06   1.265e-05  6.1894e-07  5.1654e-07  5.6162e-09  1.6566e-06
   0.0011753  7.5804e-06  0.00020724           0  0.00013788  0.00078804  6.6668e-06  3.5141e-06  7.0358e-06  1.2666e-05  6.4855e-07  5.1666e-07  5.6455e-09  1.7207e-06
**** FDPS tree soft force time profile (local):
 Sample_ptcl Domain_deco Ex_ptcl     SetRootCell Make_LT     Make_LET    Make_GT     Make_Group  Make_I_list Calc_force  Write_back 
           0           0           0  3.7499e-06  0.00012013  1.5354e-05  9.2898e-05  1.7688e-06  3.7072e-05  0.00047217  8.8687e-06
**** Tree neighbor time profile (local):
 Sample_ptcl Domain_deco Ex_ptcl     SetRootCell Make_LT     Make_LET    Make_GT     Make_Group  Make_I_list Calc_force  Write_back 
           0           0           0  1.8111e-06  5.2905e-05  8.2999e-06  3.9328e-05  5.0071e-07  7.6823e-06  1.3967e-05  2.4005e-06
**** Number per step (global):
 PP_single   PP_cluster  PP_cross    Cluster     Cross       AR_step_sum
         997           3           0           1           0      132.88
 AR_tsyn_sum Stab_Ngroup Iso_Ngroup  Form_Ngroup End_Ngroup  Modf_Ngroup Merg_Ngroup H4_step_sum H4_no_NB    Ep-Ep_sum   Ep-Sp_sum  
      46.531           1           0           0           0           0           0      30.422           0   8.675e+05       16408
**** Number of members in clusters (global):
N_members:            1           3
Count    :          997           1

Time: 147  N_real(loc): 1000  N_real(glb): 1000  N_all(loc): 1012  N_all(glb): 1012  N_remove(glb): 0  N_escape(glb): 0
Energy:     Error/Total         Error     Error_cum         Total       Kinetic     Potential        Modify  Modify_group Modify_single      Error_PP  Error_PP_cum
Physic:    1.696196e-06   0.001661887      12.31354      979.7731      2117.709     -1137.936      1294.411             0             0  0.0003008773     0.2290628
Slowdown:  1.223766e-06     0.0013957      85.88244      1140.496      2014.037     -873.5408      8401.574             0             0  3.469003e-05      73.79797
Angular Momentum:  |L|err: -41.14495  |L|err_cum: 664.6704  L: -431.5222   -491.3476    264.329  |L|: 705.3394
C.M.: mass: 592.3055 pos: 31.89663   -18.66917    -9.964045 vel: 0.2616453   -0.07491898    0.03464327
Tree step number: 1024
**** Wallclock time per step (local): [Min/Max]
 Total       PP_single   PP_cluster  PP_cross    Tree_NB     Tree_Force  Force_corr  Kick        FindCluster CreateGroup MPI_comm    Output      Status      Other      
   0.0011507  7.1111e-06  0.00020873           0  0.00013773  0.00076698  6.7845e-06  3.7024e-06  7.1971e-06  1.2502e-05  6.0204e-07  7.1392e-07  5.3135e-09  1.5223e-06
   0.0011507   7.141e-06  0.00020877           0   0.0001366  0.00076314  6.8293e-06  3.7321e-06  7.2312e-06  1.2518e-05  6.3162e-07  7.1407e-07  5.3428e-09  1.5867e-06
**** FDPS tree soft force time profile (local):
 Sample_ptcl Domain_deco Ex_ptcl     SetRootCell Make_LT     Make_LET    Make_GT     Make_Group  Make_I_list Calc_force  Write_back 
           0           0           0  3.8448e-06  0.00012065  1.5268e-05  9.4508e-05  1.6006e-06  3.8186e-05  0.00044436  8.4514e-06
**** Tree neighbor time profile (local):
 Sample_ptcl Domain_deco Ex_ptcl     SetRootCell Make_LT     Make_LET    Make_GT     Make_Group  Make_I_list Calc_force  Write_back 
           0           0           0  1.8814e-06   5.211e-05  8.5914e-06  3.9388e-05  4.7908e-07  7.3202e-06  1.3291e-05  2.4522e-06
**** Number per step (global):
 PP_single   PP_cluster  PP_cross    Cluster     Cross       AR_step_sum
         997           3           0           1           0      132.71
 AR_tsyn_sum Stab_Ngroup Iso_Ngroup  Form_Ngroup End_Ngroup  Modf_Ngroup Merg_Ngroup H4_step_sum H4_no_NB    Ep-Ep_sum   Ep-Sp_sum  
      46.497           1           0           0           0           0           0      30.398           0  8.6312e+05       18222
**** Number of members in clusters (global):
N_members:            1           3
Count    :          997           1

Time: 148  N_real(loc): 1000  N_real(glb): 1000  N_all(loc): 1012  N_all(glb): 1012  N_remove(glb): 0  N_escape(glb): 0
Energy:     Error/Total         Error     Error_cum         Total       Kinetic     Potential        Modify  Modify_group Modify_single      Error_PP  Error_PP_cum
Physic:   -2.106303e-06  -0.002065984      12.31147      980.8583      1757.303     -776.4446      1295.498             0             0 -0.0009492824     0.2281135
Slowdown: -9.476136e-07  -0.001081782      85.88136      1141.586      1739.383     -597.7967      8563.388             0             0  3.491954e-05        73.798
Angular Momentum:  |L|err: -42.67157  |L|err_cum: 621.9988  L: -401.3163   -457.6934    261.0445  |L|: 662.3309
C.M.: mass: 592.3055 pos: 32.24814   -18.89429    -10.07863 vel: 0.2938407   -0.1683329    -0.07784591
Tree step number: 1024
**** Wallclock time per step (local): [Min/Max]
 Total       PP_single   PP_cluster  PP_cross    Tree_NB     Tree_Force  Force_corr  Kick        FindCluster CreateGroup MPI_comm    Output      Status      Other      
   0.0011491  7.3942e-06  0.00021151           0  0.00013697  0.00076244   6.782e-06  3.3895e-06  7.8654e-06  1.2732e-05  6.1149e-07  6.0434e-07   4.873e-09  1.6503e-06
   0.0011491   7.424e-06  0.00021155           0  0.00013584  0.00075852  6.8266e-06  3.4193e-06  7.8982e-06  1.2747e-05  6.4092e-07  6.0447e-07  4.9023e-09  1.7146e-06
**** FDPS tree soft force time profile (local):
 Sample_ptcl Domain_deco Ex_ptcl     SetRootCell Make_LT     Make_LET    Make_GT     Make_Group  Make_I_list Calc_force  Write_back 
           0           0           0  3.9248e-06  0.00012034   1.549e-05  9.6949e-05  1.6283e-06  3.7848e-05  0.00043838  8.6315e-06
**** Tree neighbor time profile (local):
 Sample_ptcl Domain_deco Ex_ptcl     SetRootCell Make_LT     Make_LET    Make_GT     Make_Group  Make_I_list Calc_force  Write_back 
           0           0           0  1.8309e-06  5.2723e-05  8.5233e-06  3.9078e-05  4.6871e-07  7.3838e-06  1.2296e-05  2.4569e-06
**** Number per step (global):
 PP_single   PP_cluster  PP_cross    Cluster     Cross       AR_step_sum
      996.05      3.9492           0      1.4746           0      133.19
 AR_tsyn_sum Stab_Ngroup Iso_Ngroup  Form_Ngroup End_Ngroup  Modf_Ngroup Merg_Ngroup H4_step_sum H4_no_NB    Ep-Ep_sum   Ep-Sp_sum  
      46.829           1           0   0.0068359   0.0019531           0           0      34.544   0.0097656  8.6694e+05       18138
**** Number of members in clusters (global):
N_members:            1           2           3
Count    :       996.05     0.47461           1

Time: 149  N_real(loc): 1000  N_real(glb): 1000  N_all(loc): 1012  N_all(glb): 1012  N_remove(glb): 0  N_escape(glb): 0
Energy:     Error/Total         Error     Error_cum         Total       Kinetic     Potential        Modify  Modify_group Modify_single      Error_PP  Error_PP_cum
Physic:    7.244962e-06   0.007114216      12.31858      981.9535      2457.975     -1476.022      1296.586             0             0  0.0008698273     0.2289833
Slowdown:  5.494998e-06   0.006279012      85.88764      1142.678      2274.173     -1131.496      8725.201             0             0  3.462351e-05      73.79803
Angular Momentum:  |L|err: -43.77834  |L|err_cum: 578.2205  L: -371.0205   -423.3961    255.3905  |L|: 618.1786
C.M.: mass: 592.3055 pos: 32.64977   -19.16695    -10.19904 vel: 0.2977996   -0.362002    -0.2249899
Tree step number: 1024
**** Wallclock time per step (local): [Min/Max]
 Total       PP_single   PP_cluster  PP_cross    Tree_NB     Tree_Force  Force_corr  Kick        FindCluster CreateGroup MPI_comm    Output      Status      Other      
    0.001138  7.6926e-06  0.00021112           0  0.00013659   0.0007527  6.6982e-06  3.4602e-06  7.3926e-06  1.2527e-05  7.5174e-07  5.7913e-07  4.6963e-09  1.5878e-06
    0.001138  7.7224e-06  0.00021116           0  0.00013548  0.00074866  6.7426e-06  3.4897e-06   7.425e-06  1.2542e-05  7.8126e-07  5.7925e-07  4.7256e-09  1.6525e-06
**** FDPS tree soft force time profile (local):
 Sample_ptcl Domain_deco Ex_ptcl     SetRootCell Make_LT     Make_LET    Make_GT     Make_Group  Make_I_list Calc_force  Write_back 
           0           0           0  3.7038e-06  0.00012024  1.5673e-05  9.4545e-05  1.6806e-06  3.8075e-05  0.00042926   8.889e-06
**** Tree neighbor time profile (local):
 Sample_ptcl Domain_deco Ex_ptcl     SetRootCell Make_LT     Make_LET    Make_GT     Make_Group  Make_I_list Calc_force  Write_back 
           0           0           0  2.2674e-06  5.2316e-05  8.5414e-06  3.9624e-05   4.905e-07    7.46e-06  1.1573e-05  2.4309e-06
**** Number per step (global):
 PP_single   PP_cluster  PP_cross    Cluster     Cross       AR_step_sum
      996.51      3.4883           0      1.2441           0      133.06
 AR_tsyn_sum Stab_Ngroup Iso_Ngroup  Form_Ngroup End_Ngroup  Modf_Ngroup Merg_Ngroup H4_step_sum H4_no_NB    Ep-Ep_sum   Ep-Sp_sum  
      46.714           1           0           0           0           0           0      32.774           0   8.715e+05       17297
**** Number of members in clusters (global):
N_members:            1           2           3
Count    :       996.51     0.24414           1

Time: 150  N_real(loc): 1000  N_real(glb): 1000  N_all(loc): 1012  N_all(glb): 1012  N_remove(glb): 0  N_escape(glb): 0
Energy:     Error/Total         Error     Error_cum         Total       Kinetic     Potential        Modify  Modify_group Modify_single      Error_PP  Error_PP_cum
Physic:    5.157519e-06   0.005070018      12.32365      983.0342      1830.067     -847.0323      1297.662             0             0   0.002056783     0.2310401
Slowdown:  2.664559e-06   0.003047579      85.89068      1143.746      1795.397     -651.6507      8886.991             0             0  3.434417e-05      73.79807
Angular Momentum:  |L|err: -45.19714  |L|err_cum: 533.0234  L: -340.9395   -388.5387    246.2842  |L|: 572.5888
C.M.: mass: 592.3055 pos: 33.00454   -19.39905    -10.31151 vel: 0.3054856   -0.2205425    -0.104375
Tree step number: 1024
**** Wallclock time per step (local): [Min/Max]
 Total       PP_single   PP_cluster  PP_cross    Tree_NB     Tree_Force  Force_corr  Kick        FindCluster CreateGroup MPI_comm    Output      Status      Other      
    0.001097   7.066e-06  0.00020552           0  0.00013595  0.00071818  6.6393e-06  3.3867e-06    7.55e-06  1.2685e-05  6.2625e-07  7.1412e-07  5.2148e-09  1.6276e-06
   0.0010971  7.0959e-06  0.00020556           0  0.00013487  0.00071436  6.6836e-06  3.4162e-06  7.5827e-06  1.2701e-05  6.5533e-07  7.1425e-07  5.2441e-09  1.6908e-06
**** FDPS tree soft force time profile (local):
 Sample_ptcl Domain_deco Ex_ptcl     SetRootCell Make_LT     Make_LET    Make_GT     Make_Group  Make_I_list Calc_force  Write_back 
           0           0           0  3.4822e-06  0.00011917  1.5415e-05   9.286e-05  1.6342e-06  3.7015e-05  0.00040005   8.411e-06
**** Tree neighbor time profile (local):
 Sample_ptcl Domain_deco Ex_ptcl     SetRootCell Make_LT     Make_LET    Make_GT     Make_Group  Make_I_list Calc_force  Write_back 
           0           0           0    1.73e-06  5.2026e-05  8.5862e-06  3.9747e-05  4.6306e-07  7.4141e-06  1.1466e-05  2.3625e-06
**** Number per step (global):
 PP_single   PP_cluster  PP_cross    Cluster     Cross       AR_step_sum
         997           3           0           1           0      132.92
 AR_tsyn_sum Stab_Ngroup Iso_Ngroup  Form_Ngroup End_Ngroup  Modf_Ngroup Merg_Ngroup H4_step_sum H4_no_NB    Ep-Ep_sum   Ep-Sp_sum  
      46.762           1           0           0           0           0           0      30.347           0  8.7297e+05       17091
**** Number of members in clusters (global):
N_members:            1           3
Count    :          997           1

Time: 151  N_real(loc): 1000  N_real(glb): 1000  N_all(loc): 1012  N_all(glb): 1012  N_remove(glb): 0  N_escape(glb): 0
Energy:     Error/Total         Error     Error_cum         Total       Kinetic     Potential        Modify  Modify_group Modify_single      Error_PP  Error_PP_cum
Physic:   -9.124715e-07 -0.0008979568      12.32276      984.0929      2218.845     -1234.752      1298.722             0             0 -0.0007482014     0.2302919
Slowdown: -1.007322e-07 -0.0001153192      85.89057       1144.81      2092.205      -947.395      9048.766             0             0  3.443617e-05       73.7981
Angular Momentum:  |L|err: -46.5388  |L|err_cum: 486.4846  L: -310.9252   -353.105    234.3556  |L|: 525.6236
C.M.: mass: 592.3055 pos: 33.34818   -19.61996    -10.4203 vel: 0.396644   -0.3449107    -0.273641
Tree step number: 1024
**** Wallclock time per step (local): [Min/Max]
 Total       PP_single   PP_cluster  PP_cross    Tree_NB     Tree_Force  Force_corr  Kick        FindCluster CreateGroup MPI_comm    Output      Status      Other      
   0.0010958  7.3068e-06   0.0002106           0  0.00013873  0.00070892  6.6749e-06  3.6977e-06    7.18e-06  1.2656e-05   6.136e-07  6.1873e-07  5.9102e-09  1.6912e-06
   0.0010959  7.3368e-06  0.00021064           0  0.00013755  0.00070503  6.7197e-06  3.7274e-06  7.2126e-06  1.2671e-05  6.4326e-07   6.189e-07  5.9395e-09  1.7559e-06
**** FDPS tree soft force time profile (local):
 Sample_ptcl Domain_deco Ex_ptcl     SetRootCell Make_LT     Make_LET    Make_GT     Make_Group  Make_I_list Calc_force  Write_back 
           0           0           0  3.9354e-06  0.00012175  1.5541e-05  9.4946e-05  1.6541e-06  3.8697e-05  0.00038413  8.5586e-06
**** Tree neighbor time profile (local):
 Sample_ptcl Domain_deco Ex_ptcl     SetRootCell Make_LT     Make_LET    Make_GT     Make_Group  Make_I_list Calc_force  Write_back 
           0           0           0  2.2853e-06  5.3443e-05  8.6183e-06   4.022e-05  4.6654e-07  7.8071e-06  1.1626e-05  2.5621e-06
**** Number per step (global):
 PP_single   PP_cluster  PP_cross    Cluster     Cross       AR_step_sum
         997           3           0           1           0      132.54
 AR_tsyn_sum Stab_Ngroup Iso_Ngroup  Form_Ngroup End_Ngroup  Modf_Ngroup Merg_Ngroup H4_step_sum H4_no_NB    Ep-Ep_sum   Ep-Sp_sum  
      46.586           1           0           0           0           0           0      30.352           0  8.6829e+05       17851
**** Number of members in clusters (global):
N_members:            1           3
Count    :          997           1

Time: 152  N_real(loc): 1000  N_real(glb): 1000  N_all(loc): 1012  N_all(glb): 1012  N_remove(glb): 0  N_escape(glb): 0
Energy:     Error/Total         Error     Error_cum         Total       Kinetic     Potential        Modify  Modify_group Modify_single      Error_PP  Error_PP_cum
Physic:   -4.419042e-06  -0.004353272       12.3184      985.1167      1760.907     -775.7904       1299.75             0             0  -0.001742363     0.2285496
Slowdown: -2.248713e-06   -0.00257667      85.88799      1145.842       1743.11     -597.2675      9210.518             0             0  3.423794e-05      73.79814
Angular Momentum:  |L|err: -47.7519  |L|err_cum: 438.7327  L: -281.2388   -317.3305    219.3907  |L|: 477.4161
C.M.: mass: 592.3055 pos: 33.61249   -19.77465    -10.51752 vel: 0.4139724   -0.2070701    -0.1749667
Tree step number: 1024
**** Wallclock time per step (local): [Min/Max]
 Total       PP_single   PP_cluster  PP_cross    Tree_NB     Tree_Force  Force_corr  Kick        FindCluster CreateGroup MPI_comm    Output      Status      Other      
   0.0010587  6.9438e-06  0.00020504           0  0.00013502  0.00068202  6.5316e-06  3.2994e-06  7.2457e-06  1.2836e-05  5.8345e-07  5.2076e-07  4.7354e-09    1.65e-06
   0.0010588  6.9734e-06  0.00020508           0  0.00013392  0.00067809   6.576e-06  3.3291e-06  7.2778e-06  1.2852e-05  6.1254e-07  5.2087e-07  4.7646e-09   1.715e-06
**** FDPS tree soft force time profile (local):
 Sample_ptcl Domain_deco Ex_ptcl     SetRootCell Make_LT     Make_LET    Make_GT     Make_Group  Make_I_list Calc_force  Write_back 
           0           0           0  3.6488e-06  0.00012017  1.5653e-05  9.3718e-05  1.5813e-06  3.8076e-05  0.00036011   8.635e-06
**** Tree neighbor time profile (local):
 Sample_ptcl Domain_deco Ex_ptcl     SetRootCell Make_LT     Make_LET    Make_GT     Make_Group  Make_I_list Calc_force  Write_back 
           0           0           0  1.8676e-06  5.1681e-05  8.6806e-06  3.9568e-05  4.5466e-07  7.5706e-06  1.1096e-05   2.412e-06
**** Number per step (global):
 PP_single   PP_cluster  PP_cross    Cluster     Cross       AR_step_sum
         997           3           0           1           0         133
 AR_tsyn_sum Stab_Ngroup Iso_Ngroup  Form_Ngroup End_Ngroup  Modf_Ngroup Merg_Ngroup H4_step_sum H4_no_NB    Ep-Ep_sum   Ep-Sp_sum  
      46.618           1           0           0           0           0           0      30.402           0  8.6381e+05       18983
**** Number of members in clusters (global):
N_members:            1           3
Count    :          997           1

Time: 153  N_real(loc): 1000  N_real(glb): 1000  N_all(loc): 1012  N_all(glb): 1012  N_remove(glb): 0  N_escape(glb): 0
Energy:     Error/Total         Error     Error_cum         Total       Kinetic     Potential        Modify  Modify_group Modify_single      Error_PP  Error_PP_cum
Physic:    1.252343e-06   0.001234928      12.31964      986.0941      1808.424     -822.3301      1300.726             0             0  0.0003013017     0.2288509
Slowdown:   8.96653e-07  0.0009675339      85.88896       1079.05      1791.721     -712.6702      9304.451             0             0  3.390743e-05      73.79817
Angular Momentum:  |L|err: -47.92589  |L|err_cum: 390.8068  L: -252.1504   -281.7836    202.5828  |L|: 428.9774
C.M.: mass: 592.3055 pos: 33.96436   -20.00493    -10.62714 vel: 0.4091517   -0.1505128    -0.1176816
Tree step number: 1024
**** Wallclock time per step (local): [Min/Max]
 Total       PP_single   PP_cluster  PP_cross    Tree_NB     Tree_Force  Force_corr  Kick        FindCluster CreateGroup MPI_comm    Output      Status      Other      
   0.0010792  7.6898e-06  0.00021113           0  0.00013756  0.00069257  7.0573e-06  3.4095e-06  7.1748e-06  1.2697e-05  7.2589e-07  5.0957e-07  6.1152e-09  1.6867e-06
   0.0010793  7.7197e-06  0.00021118           0  0.00013644  0.00068872  7.1019e-06  3.4392e-06  7.2075e-06  1.2713e-05  7.5567e-07  5.0967e-07  6.2627e-09  1.7508e-06
**** FDPS tree soft force time profile (local):
 Sample_ptcl Domain_deco Ex_ptcl     SetRootCell Make_LT     Make_LET    Make_GT     Make_Group  Make_I_list Calc_force  Write_back 
           0           0           0  3.8417e-06  0.00012195  1.5495e-05  9.5517e-05  1.6248e-06  3.8893e-05  0.00036682   8.469e-06
**** Tree neighbor time profile (local):
 Sample_ptcl Domain_deco Ex_ptcl     SetRootCell Make_LT     Make_LET    Make_GT     Make_Group  Make_I_list Calc_force  Write_back 
           0           0           0  1.8329e-06  5.2724e-05  8.5002e-06  4.0726e-05  5.2757e-07  7.5621e-06  1.1425e-05   2.438e-06
**** Number per step (global):
 PP_single   PP_cluster  PP_cross    Cluster     Cross       AR_step_sum
         997           3           0           1           0      133.39
 AR_tsyn_sum Stab_Ngroup Iso_Ngroup  Form_Ngroup End_Ngroup  Modf_Ngroup Merg_Ngroup H4_step_sum H4_no_NB    Ep-Ep_sum   Ep-Sp_sum  
      46.998           1           0           0           0           0           0      30.327           0  8.6131e+05       19816
**** Number of members in clusters (global):
N_members:            1           3
Count    :          997           1

Time: 154  N_real(loc): 1000  N_real(glb): 1000  N_all(loc): 1012  N_all(glb): 1012  N_remove(glb): 0  N_escape(glb): 0
Energy:     Error/Total         Error     Error_cum         Total       Kinetic     Potential        Modify  Modify_group Modify_single      Error_PP  Error_PP_cum
Physic:   -1.261172e-06  -0.001244786      12.31839      987.0079      2105.386     -1118.378      1301.641             0             0  -0.001025543     0.2278253
Slowdown: -1.884236e-07 -0.0001859756      85.88877      987.0079      2105.386     -1118.378      9305.365             0             0  3.326799e-05       73.7982
Angular Momentum:  |L|err: -49.05428  |L|err_cum: 341.7525  L: -223.8244   -246.2486    182.2117  |L|: 379.3901
C.M.: mass: 592.3055 pos: 34.29087   -20.21916    -10.73513 vel: 0.4462384   -0.2375715    -0.2250742
Tree step number: 1024
**** Wallclock time per step (local): [Min/Max]
 Total       PP_single   PP_cluster  PP_cross    Tree_NB     Tree_Force  Force_corr  Kick        FindCluster CreateGroup MPI_comm    Output      Status      Other      
   0.0010469  7.2916e-06   0.0002072           0  0.00013659  0.00066572  6.4249e-06   3.306e-06  7.1858e-06  1.3231e-05  6.7192e-07  4.9751e-07  5.0781e-09  1.5684e-06
   0.0010469  7.3219e-06  0.00020725           0  0.00013547  0.00066203  6.4696e-06  3.3356e-06  7.2189e-06  1.3247e-05  7.0141e-07  4.9772e-07  5.1074e-09  1.6326e-06
**** FDPS tree soft force time profile (local):
 Sample_ptcl Domain_deco Ex_ptcl     SetRootCell Make_LT     Make_LET    Make_GT     Make_Group  Make_I_list Calc_force  Write_back 
           0           0           0  3.6576e-06  0.00012075  1.5371e-05  9.4777e-05  1.6888e-06  3.8083e-05  0.00034263  8.1262e-06
**** Tree neighbor time profile (local):
 Sample_ptcl Domain_deco Ex_ptcl     SetRootCell Make_LT     Make_LET    Make_GT     Make_Group  Make_I_list Calc_force  Write_back 
           0           0           0  1.7811e-06  5.3545e-05  8.3692e-06  4.0274e-05  4.6216e-07   7.239e-06  1.0616e-05  2.4423e-06
**** Number per step (global):
 PP_single   PP_cluster  PP_cross    Cluster     Cross       AR_step_sum
         997           3           0           1           0      133.23
 AR_tsyn_sum Stab_Ngroup Iso_Ngroup  Form_Ngroup End_Ngroup  Modf_Ngroup Merg_Ngroup H4_step_sum H4_no_NB    Ep-Ep_sum   Ep-Sp_sum  
      46.855           1           0           0           0           0           0      30.336           0  8.6366e+05       18931
**** Number of members in clusters (global):
N_members:            1           3
Count    :          997           1

Time: 155  N_real(loc): 1000  N_real(glb): 1000  N_all(loc): 1012  N_all(glb): 1012  N_remove(glb): 0  N_escape(glb): 0
Energy:     Error/Total         Error     Error_cum         Total       Kinetic     Potential        Modify  Modify_group Modify_single      Error_PP  Error_PP_cum
Physic:    1.785792e-05    0.01764171      12.33604      987.8931      1790.647      -802.754      1302.508             0             0   0.003294249     0.2311196
Slowdown:   1.45557e-05    0.01437948      85.90315      987.8931      1790.647      -802.754      9306.236             0             0  3.201607e-05      73.79824
Angular Momentum:  |L|err: -50.88089  |L|err_cum: 290.8716  L: -195.4272   -209.9513    158.8595  |L|: 327.8837
C.M.: mass: 592.3055 pos: 34.64865   -20.44821    -10.85119 vel: 0.4273359   -0.1451872    -0.1388624
Tree step number: 1024
**** Wallclock time per step (local): [Min/Max]
 Total       PP_single   PP_cluster  PP_cross    Tree_NB     Tree_Force  Force_corr  Kick        FindCluster CreateGroup MPI_comm    Output      Status      Other      
   0.0010196  6.9739e-06  0.00020972           0  0.00013407  0.00063937  6.5033e-06  3.3041e-06  7.1118e-06  1.2617e-05  6.1719e-07  5.3144e-07  4.7549e-09  1.7383e-06
   0.0010196  7.0037e-06  0.00020976           0  0.00013293   0.0006355  6.5473e-06  3.3336e-06  7.1435e-06  1.2633e-05  6.4648e-07  5.3157e-07  4.7842e-09  1.8014e-06
**** FDPS tree soft force time profile (local):
 Sample_ptcl Domain_deco Ex_ptcl     SetRootCell Make_LT     Make_LET    Make_GT     Make_Group  Make_I_list Calc_force  Write_back 
           0           0           0  3.3737e-06   0.0001209  1.4793e-05  9.3672e-05  1.5647e-06  3.9034e-05   0.0003175   8.482e-06
**** Tree neighbor time profile (local):
 Sample_ptcl Domain_deco Ex_ptcl     SetRootCell Make_LT     Make_LET    Make_GT     Make_Group  Make_I_list Calc_force  Write_back 
           0           0           0  1.9905e-06  5.2071e-05   8.253e-06  3.9331e-05  4.5888e-07  7.3973e-06  1.0722e-05  2.4891e-06
**** Number per step (global):
 PP_single   PP_cluster  PP_cross    Cluster     Cross       AR_step_sum
         997           3           0           1           0       133.2
 AR_tsyn_sum Stab_Ngroup Iso_Ngroup  Form_Ngroup End_Ngroup  Modf_Ngroup Merg_Ngroup H4_step_sum H4_no_NB    Ep-Ep_sum   Ep-Sp_sum  
       46.89           1           0           0           0           0           0      30.295           0  8.5801e+05       20029
**** Number of members in clusters (global):
N_members:            1           3
Count    :          997           1

Time: 156  N_real(loc): 1000  N_real(glb): 1000  N_all(loc): 1012  N_all(glb): 1012  N_remove(glb): 0  N_escape(glb): 0
Energy:     Error/Total         Error     Error_cum         Total       Kinetic     Potential        Modify  Modify_group Modify_single      Error_PP  Error_PP_cum
Physic:   -1.063233e-05   -0.01051225      12.32552      988.7053      1795.424     -806.7183      1303.331             0             0  -0.003245811     0.2278738
Slowdown: -6.692106e-06  -0.007232158      85.89592        1080.7      1781.019     -700.3189       9399.05             0             0  3.427626e-05      73.79827
Angular Momentum:  |L|err: -55.42264  |L|err_cum: 235.449  L: -166.7183   -171.7609    128.7422  |L|: 271.7928
C.M.: mass: 592.3055 pos: 34.98825   -20.65608    -10.96728 vel: 0.4046162   -0.132434    -0.1177121
Tree step number: 1024
**** Wallclock time per step (local): [Min/Max]
 Total       PP_single   PP_cluster  PP_cross    Tree_NB     Tree_Force  Force_corr  Kick        FindCluster CreateGroup MPI_comm    Output      Status      Other      
   0.0010112  7.0688e-06  0.00020835           0  0.00013593  0.00062989  6.6538e-06  3.3152e-06   7.187e-06  1.3045e-05  6.1233e-07  5.8124e-07  5.5186e-09  1.6122e-06
   0.0010113  7.0987e-06  0.00020839           0  0.00013477   0.0006261  6.6985e-06  3.3447e-06  7.2198e-06   1.306e-05  6.4169e-07  5.8136e-07  5.5479e-09  1.6753e-06
**** FDPS tree soft force time profile (local):
 Sample_ptcl Domain_deco Ex_ptcl     SetRootCell Make_LT     Make_LET    Make_GT     Make_Group  Make_I_list Calc_force  Write_back 
           0           0           0  3.4707e-06  0.00012084  1.5599e-05  9.4919e-05  1.6642e-06  3.8064e-05  0.00030701  8.3164e-06
**** Tree neighbor time profile (local):
 Sample_ptcl Domain_deco Ex_ptcl     SetRootCell Make_LT     Make_LET    Make_GT     Make_Group  Make_I_list Calc_force  Write_back 
           0           0           0  1.8807e-06  5.2748e-05  8.2339e-06  4.0206e-05  4.5956e-07  7.1862e-06  1.1214e-05   2.523e-06
**** Number per step (global):
 PP_single   PP_cluster  PP_cross    Cluster     Cross       AR_step_sum
         997           3           0           1           0      134.23
 AR_tsyn_sum Stab_Ngroup Iso_Ngroup  Form_Ngroup End_Ngroup  Modf_Ngroup Merg_Ngroup H4_step_sum H4_no_NB    Ep-Ep_sum   Ep-Sp_sum  
      47.377           1           0           0           0           0           0      30.311           0  8.5916e+05       19809
**** Number of members in clusters (global):
N_members:            1           3
Count    :          997           1

Time: 157  N_real(loc): 1000  N_real(glb): 1000  N_all(loc): 1012  N_all(glb): 1012  N_remove(glb): 0  N_escape(glb): 0
Energy:     Error/Total         Error     Error_cum         Total       Kinetic     Potential        Modify  Modify_group Modify_single      Error_PP  Error_PP_cum
Physic:    1.150575e-05    0.01138488      12.33691       989.495       1766.03     -776.5353      1304.109             0             0   0.002574618     0.2304484
Slowdown:   7.68754e-06   0.008842237      85.90476      1150.204      1748.057     -597.8537       9560.54             0             0  3.197288e-05       73.7983
Angular Momentum:  |L|err: -54.77632  |L|err_cum: 180.6726  L: -137.2633   -133.0781    100.0216  |L|: 215.7668
C.M.: mass: 592.3055 pos: 35.30302   -20.84618    -11.07791 vel: 0.3575822   -0.1113612    -0.07468624
Tree step number: 1024
**** Wallclock time per step (local): [Min/Max]
 Total       PP_single   PP_cluster  PP_cross    Tree_NB     Tree_Force  Force_corr  Kick        FindCluster CreateGroup MPI_comm    Output      Status      Other      
   0.0010046   6.833e-06   0.0002069           0  0.00013603   0.0006249  6.4426e-06  3.3299e-06  7.4847e-06  1.2941e-05  6.1618e-07  4.8206e-07  4.7256e-09  1.5448e-06
   0.0010046  6.8627e-06  0.00020694           0  0.00013494  0.00062102  6.4874e-06  3.3598e-06  7.5177e-06  1.2956e-05  6.4567e-07  4.8217e-07  4.7549e-09  1.6078e-06
**** FDPS tree soft force time profile (local):
 Sample_ptcl Domain_deco Ex_ptcl     SetRootCell Make_LT     Make_LET    Make_GT     Make_Group  Make_I_list Calc_force  Write_back 
           0           0           0  4.0328e-06  0.00012144  1.5129e-05  9.4987e-05  1.6198e-06  3.8459e-05  0.00030098  8.5157e-06
**** Tree neighbor time profile (local):
 Sample_ptcl Domain_deco Ex_ptcl     SetRootCell Make_LT     Make_LET    Make_GT     Make_Group  Make_I_list Calc_force  Write_back 
           0           0           0  1.8205e-06  5.2875e-05  8.4637e-06  3.9653e-05  4.7879e-07  7.2201e-06  1.1485e-05  2.3916e-06
**** Number per step (global):
 PP_single   PP_cluster  PP_cross    Cluster     Cross       AR_step_sum
      996.65      3.3477           0      1.1738           0      132.52
 AR_tsyn_sum Stab_Ngroup Iso_Ngroup  Form_Ngroup End_Ngroup  Modf_Ngroup Merg_Ngroup H4_step_sum H4_no_NB    Ep-Ep_sum   Ep-Sp_sum  
        46.7           1           0           0           0           0           0      30.439           0  8.6022e+05       19476
**** Number of members in clusters (global):
N_members:            1           2           3
Count    :       996.65     0.17383           1

Time: 158  N_real(loc): 1000  N_real(glb): 1000  N_all(loc): 1012  N_all(glb): 1012  N_remove(glb): 0  N_escape(glb): 0
Energy:     Error/Total         Error     Error_cum         Total       Kinetic     Potential        Modify  Modify_group Modify_single      Error_PP  Error_PP_cum
Physic:     3.38399e-06    0.00335091      12.34026      990.2247      1895.488     -905.2628      1304.836             0             0   0.000734073     0.2311824
Slowdown:  2.302336e-06   0.002649822      85.90741      1150.928      1847.036      -696.108       9721.97             0             0  3.298506e-05      73.79834
Angular Momentum:  |L|err: -56.63802  |L|err_cum: 124.0346  L: -107.2978   -92.80312    66.78932  |L|: 156.7994
C.M.: mass: 592.3055 pos: 35.66465   -21.07797    -11.19744 vel: 0.3265506   -0.1781333    -0.1234297
Tree step number: 1024
**** Wallclock time per step (local): [Min/Max]
 Total       PP_single   PP_cluster  PP_cross    Tree_NB     Tree_Force  Force_corr  Kick        FindCluster CreateGroup MPI_comm    Output      Status      Other      
  0.00098668  6.8976e-06  0.00020458           0  0.00013617     0.00061  6.5987e-06  3.4052e-06  6.9287e-06  1.2398e-05  5.8295e-07  5.0034e-07  4.7266e-09  1.7213e-06
  0.00098671  6.9275e-06  0.00020462           0  0.00013502  0.00060617  6.6434e-06   3.435e-06  6.9615e-06  1.2414e-05  6.1255e-07  5.0049e-07  4.7559e-09  1.7831e-06
**** FDPS tree soft force time profile (local):
 Sample_ptcl Domain_deco Ex_ptcl     SetRootCell Make_LT     Make_LET    Make_GT     Make_Group  Make_I_list Calc_force  Write_back 
           0           0           0  3.7951e-06  0.00012275  1.5012e-05  9.3084e-05  1.5336e-06  3.7555e-05  0.00028721  8.4339e-06
**** Tree neighbor time profile (local):
 Sample_ptcl Domain_deco Ex_ptcl     SetRootCell Make_LT     Make_LET    Make_GT     Make_Group  Make_I_list Calc_force  Write_back 
           0           0           0   1.812e-06  5.2278e-05  8.3896e-06  4.0143e-05  4.5768e-07   7.322e-06  1.1763e-05  2.4898e-06
**** Number per step (global):
 PP_single   PP_cluster  PP_cross    Cluster     Cross       AR_step_sum
         997           3           0           1           0      132.17
 AR_tsyn_sum Stab_Ngroup Iso_Ngroup  Form_Ngroup End_Ngroup  Modf_Ngroup Merg_Ngroup H4_step_sum H4_no_NB    Ep-Ep_sum   Ep-Sp_sum  
      46.567           1           0           0           0           0           0      29.949           0  8.6148e+05       19359
**** Number of members in clusters (global):
N_members:            1           3
Count    :          997           1

Time: 159  N_real(loc): 1000  N_real(glb): 1000  N_all(loc): 1012  N_all(glb): 1012  N_remove(glb): 0  N_escape(glb): 0
Energy:     Error/Total         Error     Error_cum         Total       Kinetic     Potential        Modify  Modify_group Modify_single      Error_PP  Error_PP_cum
Physic:    5.876566e-06   0.005823076      12.34608      990.8977      1822.577     -831.6797      1305.503             0             0  0.0009043553     0.2320868
Slowdown:  4.299267e-06   0.004951018      85.91236      1151.596      1791.612      -640.016      9883.336             0             0    3.2298e-05      73.79837
Angular Momentum:  |L|err: -51.20784  |L|err_cum: 72.82679  L: -76.98658   -52.06887    33.19865  |L|: 98.69271
C.M.: mass: 592.3055 pos: 35.96201   -21.2454    -11.31364 vel: 0.2587632   -0.1438681    -0.04864706
Tree step number: 1024
**** Wallclock time per step (local): [Min/Max]
 Total       PP_single   PP_cluster  PP_cross    Tree_NB     Tree_Force  Force_corr  Kick        FindCluster CreateGroup MPI_comm    Output      Status      Other      
  0.00097625  6.9973e-06  0.00020499           0  0.00013748  0.00059696  6.7809e-06  3.4596e-06  7.1856e-06  1.2377e-05   8.205e-07  5.3931e-07  5.4297e-09  1.4764e-06
  0.00097628  7.0273e-06  0.00020503           0  0.00013639   0.0005932  6.8257e-06  3.4895e-06  7.2182e-06  1.2392e-05  8.5017e-07  5.3944e-07  5.4687e-09  1.5377e-06
**** FDPS tree soft force time profile (local):
 Sample_ptcl Domain_deco Ex_ptcl     SetRootCell Make_LT     Make_LET    Make_GT     Make_Group  Make_I_list Calc_force  Write_back 
           0           0           0  3.8357e-06  0.00011924  1.4825e-05  9.2956e-05  1.5794e-06   3.756e-05  0.00027875  8.2837e-06
**** Tree neighbor time profile (local):
 Sample_ptcl Domain_deco Ex_ptcl     SetRootCell Make_LT     Make_LET    Make_GT     Make_Group  Make_I_list Calc_force  Write_back 
           0           0           0   2.121e-06  5.2996e-05  8.3092e-06  4.0177e-05  4.5601e-07  7.8164e-06  1.1968e-05    2.38e-06
**** Number per step (global):
 PP_single   PP_cluster  PP_cross    Cluster     Cross       AR_step_sum
      996.29      3.7109           0      1.3555           0      132.05
 AR_tsyn_sum Stab_Ngroup Iso_Ngroup  Form_Ngroup End_Ngroup  Modf_Ngroup Merg_Ngroup H4_step_sum H4_no_NB    Ep-Ep_sum   Ep-Sp_sum  
      46.598           1           0           0           0           0           0      32.349           0  8.5786e+05       20075
**** Number of members in clusters (global):
N_members:            1           2           3
Count    :       996.29     0.35547           1

Time: 160  N_real(loc): 1000  N_real(glb): 1000  N_all(loc): 1012  N_all(glb): 1012  N_remove(glb): 0  N_escape(glb): 0
Energy:     Error/Total         Error     Error_cum         Total       Kinetic     Potential        Modify  Modify_group Modify_single      Error_PP  Error_PP_cum
Physic:   -2.527607e-06  -0.002506098      12.34358      991.4902      1780.583     -789.0933      1306.098             0             0  5.666937e-05     0.2321435
Slowdown: -2.196228e-06  -0.002530468      85.90983      1152.188      1759.722     -607.5341      10044.63             0             0  3.229958e-05       73.7984
Angular Momentum:  |L|err: -20.75163  |L|err_cum: 52.07515  L: -46.5257   -10.51507    -3.250472  |L|: 47.80976
C.M.: mass: 592.3055 pos: 36.27663   -21.44713    -11.4089 vel: 0.2793528   -0.1954502    -0.1101883
Tree step number: 1024
**** Wallclock time per step (local): [Min/Max]
 Total       PP_single   PP_cluster  PP_cross    Tree_NB     Tree_Force  Force_corr  Kick        FindCluster CreateGroup MPI_comm    Output      Status      Other      
  0.00097411  7.0826e-06  0.00020381           0  0.00013546  0.00059777  6.3345e-06  3.6575e-06  7.1507e-06  1.2875e-05  6.1991e-07  6.0532e-07  4.8828e-09  1.5986e-06
  0.00097414  7.1124e-06  0.00020385           0  0.00013437  0.00059408  6.3785e-06  3.6872e-06  7.1832e-06  1.2891e-05  6.4888e-07  6.0543e-07  4.9121e-09  1.6599e-06
**** FDPS tree soft force time profile (local):
 Sample_ptcl Domain_deco Ex_ptcl     SetRootCell Make_LT     Make_LET    Make_GT     Make_Group  Make_I_list Calc_force  Write_back 
           0           0           0  3.9709e-06   0.0001176  1.4544e-05  9.2266e-05  1.5719e-06  3.7835e-05  0.00028229  8.1076e-06
**** Tree neighbor time profile (local):
 Sample_ptcl Domain_deco Ex_ptcl     SetRootCell Make_LT     Make_LET    Make_GT     Make_Group  Make_I_list Calc_force  Write_back 
           0           0           0  1.8486e-06  5.2536e-05  8.3417e-06  3.8647e-05  4.5047e-07  7.2319e-06  1.2691e-05    2.37e-06
**** Number per step (global):
 PP_single   PP_cluster  PP_cross    Cluster     Cross       AR_step_sum
      996.34      3.6621           0      1.3311           0      131.82
 AR_tsyn_sum Stab_Ngroup Iso_Ngroup  Form_Ngroup End_Ngroup  Modf_Ngroup Merg_Ngroup H4_step_sum H4_no_NB    Ep-Ep_sum   Ep-Sp_sum  
      46.479           1           0           0           0           0           0      31.601           0   8.571e+05       19526
**** Number of members in clusters (global):
N_members:            1           2           3
Count    :       996.34     0.33105           1

Time: 161  N_real(loc): 1000  N_real(glb): 1000  N_all(loc): 1012  N_all(glb): 1012  N_remove(glb): 0  N_escape(glb): 0
Energy:     Error/Total         Error     Error_cum         Total       Kinetic     Potential        Modify  Modify_group Modify_single      Error_PP  Error_PP_cum
Physic:   -8.060539e-06  -0.007996088      12.33558      992.0041      4178.796     -3186.792       1306.62             0             0  -0.003082342     0.2290611
Slowdown: -4.235175e-06  -0.004881968      85.90495      1152.719      3589.376     -2436.657      10205.86             0             0  3.177821e-05      73.79843
Angular Momentum:  |L|err: 40.10453  |L|err_cum: 92.17969  L: -15.93734   31.89726    -42.83317  |L|: 55.73253
C.M.: mass: 592.3055 pos: 36.6115   -21.6649    -11.52149 vel: 0.08837705   -0.2271897    0.08927255
Tree step number: 1024
**** Wallclock time per step (local): [Min/Max]
 Total       PP_single   PP_cluster  PP_cross    Tree_NB     Tree_Force  Force_corr  Kick        FindCluster CreateGroup MPI_comm    Output      Status      Other      
  0.00098168  6.9515e-06  0.00020285           0  0.00013751  0.00060537  6.5144e-06  3.2872e-06  7.0827e-06  1.2247e-05  5.9258e-07  6.2757e-07  6.2139e-09  1.5328e-06
  0.00098171  6.9813e-06  0.00020289           0  0.00013637  0.00060157  6.5592e-06  3.3169e-06  7.1153e-06  1.2263e-05  6.2197e-07  6.2773e-07  6.2432e-09   1.594e-06
**** FDPS tree soft force time profile (local):
 Sample_ptcl Domain_deco Ex_ptcl     SetRootCell Make_LT     Make_LET    Make_GT     Make_Group  Make_I_list Calc_force  Write_back 
           0           0           0  3.4621e-06  0.00011934  1.4737e-05  9.3281e-05  1.5761e-06  3.7038e-05  0.00028725  8.3331e-06
**** Tree neighbor time profile (local):
 Sample_ptcl Domain_deco Ex_ptcl     SetRootCell Make_LT     Make_LET    Make_GT     Make_Group  Make_I_list Calc_force  Write_back 
           0           0           0  1.8347e-06  5.2414e-05   8.493e-06  3.9673e-05  4.5373e-07  7.4566e-06  1.3073e-05  2.4917e-06
**** Number per step (global):
 PP_single   PP_cluster  PP_cross    Cluster     Cross       AR_step_sum
      996.98      3.0215           0      1.0107           0      131.55
 AR_tsyn_sum Stab_Ngroup Iso_Ngroup  Form_Ngroup End_Ngroup  Modf_Ngroup Merg_Ngroup H4_step_sum H4_no_NB    Ep-Ep_sum   Ep-Sp_sum  
      46.409           1           0           0           0           0           0      29.857           0  8.5894e+05       18441
**** Number of members in clusters (global):
N_members:            1           2           3
Count    :       996.98    0.010742           1

Time: 162  N_real(loc): 1000  N_real(glb): 1000  N_all(loc): 1012  N_all(glb): 1012  N_remove(glb): 0  N_escape(glb): 0
Energy:     Error/Total         Error     Error_cum         Total       Kinetic     Potential        Modify  Modify_group Modify_single      Error_PP  Error_PP_cum
Physic:    1.844535e-05    0.01830642      12.35389      992.4681      1879.699     -887.2314      1307.066             0             0   0.004527526     0.2335887
Slowdown:  1.197546e-05    0.01380961      85.91876      1153.159       1835.51     -682.3514         10367             0             0  3.071375e-05      73.79846
Angular Momentum:  |L|err: 57.39226  |L|err_cum: 149.5719  L: 14.52169   73.68561    -80.30992  |L|: 109.9551
C.M.: mass: 592.3055 pos: 36.93747   -21.86234    -11.6328 vel: 0.3331167   -0.1876017    -0.1117603
Tree step number: 1024
**** Wallclock time per step (local): [Min/Max]
 Total       PP_single   PP_cluster  PP_cross    Tree_NB     Tree_Force  Force_corr  Kick        FindCluster CreateGroup MPI_comm    Output      Status      Other      
  0.00099324  6.7787e-06  0.00020308           0  0.00013606  0.00061808  6.3785e-06  3.1387e-06   6.876e-06  1.3158e-05  5.9623e-07  5.2326e-07  4.6865e-09  1.4521e-06
  0.00099327  6.8083e-06  0.00020312           0  0.00013496  0.00061433   6.423e-06  3.1683e-06  6.9082e-06  1.3174e-05  6.2563e-07  5.2337e-07  4.7158e-09  1.5554e-06
**** FDPS tree soft force time profile (local):
 Sample_ptcl Domain_deco Ex_ptcl     SetRootCell Make_LT     Make_LET    Make_GT     Make_Group  Make_I_list Calc_force  Write_back 
           0           0           0  3.5107e-06  0.00011703  1.5109e-05  9.2955e-05  1.5718e-06  3.7136e-05  0.00030242  8.3039e-06
**** Tree neighbor time profile (local):
 Sample_ptcl Domain_deco Ex_ptcl     SetRootCell Make_LT     Make_LET    Make_GT     Make_Group  Make_I_list Calc_force  Write_back 
           0           0           0  1.8525e-06  5.2147e-05  8.2839e-06  3.8841e-05  5.1738e-07  7.3182e-06  1.3225e-05  2.4015e-06
**** Number per step (global):
 PP_single   PP_cluster  PP_cross    Cluster     Cross       AR_step_sum
         997           3           0           1           0       131.2
 AR_tsyn_sum Stab_Ngroup Iso_Ngroup  Form_Ngroup End_Ngroup  Modf_Ngroup Merg_Ngroup H4_step_sum H4_no_NB    Ep-Ep_sum   Ep-Sp_sum  
      46.213           1           0           0           0           0           0      29.857           0  8.6673e+05       15951
**** Number of members in clusters (global):
N_members:            1           3
Count    :          997           1

Time: 163  N_real(loc): 1000  N_real(glb): 1000  N_all(loc): 1012  N_all(glb): 1012  N_remove(glb): 0  N_escape(glb): 0
Energy:     Error/Total         Error     Error_cum         Total       Kinetic     Potential        Modify  Modify_group Modify_single      Error_PP  Error_PP_cum
Physic:    3.263528e-05    0.03240216      12.38629      992.8569      1839.473     -846.6163      1307.422             0             0   0.006804266     0.2403929
Slowdown:  2.221775e-05    0.02562828      85.94439      1153.505      1804.899     -651.3944      10528.02             0             0  3.037859e-05      73.79849
Angular Momentum:  |L|err: 63.88672  |L|err_cum: 213.4587  L: 44.44389   115.9006    -122.1922  |L|: 174.1814
C.M.: mass: 592.3055 pos: 37.26887   -22.05088    -11.74596 vel: 0.3693328   -0.181256    -0.1238456
Tree step number: 1024
**** Wallclock time per step (local): [Min/Max]
 Total       PP_single   PP_cluster  PP_cross    Tree_NB     Tree_Force  Force_corr  Kick        FindCluster CreateGroup MPI_comm    Output      Status      Other      
   0.0010113  7.0195e-06  0.00020356           0  0.00013844  0.00063276  6.7095e-06  3.2953e-06  7.3045e-06  1.2338e-05  5.9919e-07  6.8958e-07  4.8525e-09  1.5756e-06
   0.0010114  7.0492e-06   0.0002036           0  0.00013732  0.00062893  6.7538e-06  3.3249e-06  7.3367e-06  1.2353e-05  6.2849e-07  6.8969e-07  4.8818e-09  1.6373e-06
**** FDPS tree soft force time profile (local):
 Sample_ptcl Domain_deco Ex_ptcl     SetRootCell Make_LT     Make_LET    Make_GT     Make_Group  Make_I_list Calc_force  Write_back 
           0           0           0  4.1086e-06  0.00012145  1.5303e-05  9.8902e-05  1.5602e-06  3.8061e-05   0.0003062   8.405e-06
**** Tree neighbor time profile (local):
 Sample_ptcl Domain_deco Ex_ptcl     SetRootCell Make_LT     Make_LET    Make_GT     Make_Group  Make_I_list Calc_force  Write_back 
           0           0           0  1.7907e-06   5.227e-05  8.2047e-06  3.9693e-05  4.5129e-07   7.784e-06  1.4603e-05  2.4436e-06
**** Number per step (global):
 PP_single   PP_cluster  PP_cross    Cluster     Cross       AR_step_sum
       996.6      3.3965           0      1.1982           0      130.32
 AR_tsyn_sum Stab_Ngroup Iso_Ngroup  Form_Ngroup End_Ngroup  Modf_Ngroup Merg_Ngroup H4_step_sum H4_no_NB    Ep-Ep_sum   Ep-Sp_sum  
      45.737           1           0           0           0           0           0      30.621           0  8.6644e+05       15728
**** Number of members in clusters (global):
N_members:            1           2           3
Count    :        996.6     0.19824           1

Time: 164  N_real(loc): 1000  N_real(glb): 1000  N_all(loc): 1012  N_all(glb): 1012  N_remove(glb): 0  N_escape(glb): 0
Energy:     Error/Total         Error     Error_cum         Total       Kinetic     Potential        Modify  Modify_group Modify_single      Error_PP  Error_PP_cum
Physic:    -6.00552e-06  -0.005964194      12.38032      993.1187      2342.607     -1349.489       1307.69             0             0  -0.001527184     0.2388657
Slowdown:  -3.81939e-06  -0.004406716      85.93998      1153.775      2188.831     -1035.056      10688.94             0             0  3.029394e-05      73.79852
Angular Momentum:  |L|err: 63.67633  |L|err_cum: 277.135  L: 73.87737   157.3068    -162.869  |L|: 238.1797
C.M.: mass: 592.3055 pos: 37.6   -22.24068    -11.85878 vel: 0.3276641   -0.1416584    -0.02945125
Tree step number: 1024
**** Wallclock time per step (local): [Min/Max]
 Total       PP_single   PP_cluster  PP_cross    Tree_NB     Tree_Force  Force_corr  Kick        FindCluster CreateGroup MPI_comm    Output      Status      Other      
  0.00099959  6.9391e-06  0.00020373           0  0.00014043  0.00061883  6.5318e-06  3.2381e-06  7.4645e-06  1.2733e-05  6.6712e-07  5.0763e-07  4.6475e-09  1.5191e-06
  0.00099962  6.9689e-06  0.00020378           0  0.00013931  0.00061494  6.5762e-06  3.2677e-06  7.4965e-06  1.2749e-05   6.961e-07  5.0774e-07  4.6768e-09  1.5801e-06
**** FDPS tree soft force time profile (local):
 Sample_ptcl Domain_deco Ex_ptcl     SetRootCell Make_LT     Make_LET    Make_GT     Make_Group  Make_I_list Calc_force  Write_back 
           0           0           0  3.8195e-06  0.00011945  1.5158e-05  9.2791e-05  1.5426e-06  3.5896e-05  0.00030192  8.5042e-06
**** Tree neighbor time profile (local):
 Sample_ptcl Domain_deco Ex_ptcl     SetRootCell Make_LT     Make_LET    Make_GT     Make_Group  Make_I_list Calc_force  Write_back 
           0           0           0  1.7045e-06  5.2773e-05  7.9809e-06  3.9779e-05  4.5259e-07  7.3739e-06  1.6244e-05    2.43e-06
**** Number per step (global):
 PP_single   PP_cluster  PP_cross    Cluster     Cross       AR_step_sum
      996.75       3.252           0       1.126           0      131.45
 AR_tsyn_sum Stab_Ngroup Iso_Ngroup  Form_Ngroup End_Ngroup  Modf_Ngroup Merg_Ngroup H4_step_sum H4_no_NB    Ep-Ep_sum   Ep-Sp_sum  
      46.261           1           0           0           0           0           0       30.56           0  8.7055e+05       15371
**** Number of members in clusters (global):
N_members:            1           2           3
Count    :       996.75     0.12598           1

Time: 165  N_real(loc): 1000  N_real(glb): 1000  N_all(loc): 1012  N_all(glb): 1012  N_remove(glb): 0  N_escape(glb): 0
Energy:     Error/Total         Error     Error_cum         Total       Kinetic     Potential        Modify  Modify_group Modify_single      Error_PP  Error_PP_cum
Physic:    6.816266e-06    0.00677048      12.38709      993.2829      1767.157     -773.8745      1307.847             0             0   0.001564917     0.2404306
Slowdown:  4.555505e-06   0.005235798      85.94522      1149.334      1750.349     -601.0143      10845.15             0             0  3.023519e-05      73.79855
Angular Momentum:  |L|err: 64.3007  |L|err_cum: 341.4357  L: 102.2219   197.9172    -205.2462  |L|: 302.8969
C.M.: mass: 592.3055 pos: 37.88978   -22.39637    -11.96003 vel: 0.4297809   -0.1741225    -0.1483791
Tree step number: 1024
**** Wallclock time per step (local): [Min/Max]
 Total       PP_single   PP_cluster  PP_cross    Tree_NB     Tree_Force  Force_corr  Kick        FindCluster CreateGroup MPI_comm    Output      Status      Other      
   0.0010734  6.9382e-06   0.0002056           0  0.00015238  0.00067894  6.5717e-06  3.5872e-06  7.0981e-06  1.2499e-05  5.8807e-07  5.2615e-07  5.6943e-09  1.5738e-06
   0.0010734   6.968e-06  0.00020565           0  0.00015124  0.00067509  6.6167e-06  3.6169e-06  7.1312e-06  1.2514e-05  6.1735e-07  5.2625e-07  5.7246e-09  1.6328e-06
**** FDPS tree soft force time profile (local):
 Sample_ptcl Domain_deco Ex_ptcl     SetRootCell Make_LT     Make_LET    Make_GT     Make_Group  Make_I_list Calc_force  Write_back 
           0           0           0  4.0064e-06   0.0001195  1.4679e-05  9.2128e-05  1.4076e-06  2.8104e-05  0.00037141  8.4149e-06
**** Tree neighbor time profile (local):
 Sample_ptcl Domain_deco Ex_ptcl     SetRootCell Make_LT     Make_LET    Make_GT     Make_Group  Make_I_list Calc_force  Write_back 
           0           0           0   1.812e-06  5.2038e-05  8.1438e-06  3.9018e-05  3.7082e-07   6.397e-06  3.0329e-05  2.4795e-06
**** Number per step (global):
 PP_single   PP_cluster  PP_cross    Cluster     Cross       AR_step_sum
         997           3           0           1           0       131.1
 AR_tsyn_sum Stab_Ngroup Iso_Ngroup  Form_Ngroup End_Ngroup  Modf_Ngroup Merg_Ngroup H4_step_sum H4_no_NB    Ep-Ep_sum   Ep-Sp_sum  
       46.11           1           0           0           0           0           0        29.8           0  8.7937e+05       13875
**** Number of members in clusters (global):
N_members:            1           3
Count    :          997           1

Time: 166  N_real(loc): 1000  N_real(glb): 1000  N_all(loc): 1012  N_all(glb): 1012  N_remove(glb): 0  N_escape(glb): 0
Energy:     Error/Total         Error     Error_cum         Total       Kinetic     Potential        Modify  Modify_group Modify_single      Error_PP  Error_PP_cum
Physic:   -7.872936e-06  -0.007820446      12.37927      993.3329      1812.153     -818.8198      1307.905             0             0  -0.001914117     0.2385165
Slowdown: -5.521991e-06  -0.005876128      85.93934      1064.132      1799.849     -735.7172         10916             0             0  3.020091e-05      73.79858
Angular Momentum:  |L|err: 64.77998  |L|err_cum: 406.2157  L: 129.9409   238.1104    -248.7735  |L|: 368.0617
C.M.: mass: 592.3055 pos: 38.18515   -22.55772    -12.06062 vel: 0.420928   -0.1307042    -0.09498843
Tree step number: 1024
**** Wallclock time per step (local): [Min/Max]
 Total       PP_single   PP_cluster  PP_cross    Tree_NB     Tree_Force  Force_corr  Kick        FindCluster CreateGroup MPI_comm    Output      Status      Other      
   0.0010715  7.1791e-06  0.00020504           0  0.00015251  0.00067856     6.5e-06  3.4459e-06  6.8432e-06  1.1962e-05  6.5575e-07  5.0404e-07  4.7939e-09  1.5543e-06
   0.0010715  7.2097e-06  0.00020515           0  0.00015136  0.00067446  6.5443e-06  3.4756e-06  6.8771e-06  1.1978e-05  6.8497e-07  5.0415e-07  4.8232e-09  1.6128e-06
**** FDPS tree soft force time profile (local):
 Sample_ptcl Domain_deco Ex_ptcl     SetRootCell Make_LT     Make_LET    Make_GT     Make_Group  Make_I_list Calc_force  Write_back 
           0           0           0  3.5224e-06   0.0001182  1.4946e-05   9.235e-05  1.4436e-06  2.8606e-05  0.00037125  8.9289e-06
**** Tree neighbor time profile (local):
 Sample_ptcl Domain_deco Ex_ptcl     SetRootCell Make_LT     Make_LET    Make_GT     Make_Group  Make_I_list Calc_force  Write_back 
           0           0           0  1.9125e-06  5.2504e-05   8.142e-06   3.934e-05  3.9018e-07   6.348e-06  2.9647e-05  2.5652e-06
**** Number per step (global):
 PP_single   PP_cluster  PP_cross    Cluster     Cross       AR_step_sum
         997           3           0           1           0      131.44
 AR_tsyn_sum Stab_Ngroup Iso_Ngroup  Form_Ngroup End_Ngroup  Modf_Ngroup Merg_Ngroup H4_step_sum H4_no_NB    Ep-Ep_sum   Ep-Sp_sum  
       46.19           1           0           0           0           0           0      29.832           0  8.8106e+05       13631
**** Number of members in clusters (global):
N_members:            1           3
Count    :          997           1

Time: 167  N_real(loc): 1000  N_real(glb): 1000  N_all(loc): 1012  N_all(glb): 1012  N_remove(glb): 0  N_escape(glb): 0
Energy:     Error/Total         Error     Error_cum         Total       Kinetic     Potential        Modify  Modify_group Modify_single      Error_PP  Error_PP_cum
Physic:    1.051324e-05    0.01044283      12.38972      993.3028      1768.092     -774.7893      1307.864             0             0   0.002396083     0.2409126
Slowdown:  7.484285e-06   0.008076556      85.94742      1079.135      1758.786     -679.6503       11001.8             0             0  2.981138e-05      73.79861
Angular Momentum:  |L|err: 64.89633  |L|err_cum: 471.112  L: 156.9508   277.7447    -293.2293  |L|: 433.3118
C.M.: mass: 592.3055 pos: 38.45887   -22.69838    -12.15489 vel: 0.4360737   -0.1278168    -0.1061024
Tree step number: 1024
**** Wallclock time per step (local): [Min/Max]
 Total       PP_single   PP_cluster  PP_cross    Tree_NB     Tree_Force  Force_corr  Kick        FindCluster CreateGroup MPI_comm    Output      Status      Other      
    0.001072  6.9263e-06  0.00020647           0  0.00015285  0.00067637   6.722e-06  3.4188e-06  7.0331e-06  1.2623e-05  5.8557e-07  5.8052e-07   5.626e-09  1.4581e-06
    0.001072  6.9559e-06  0.00020651           0  0.00015164   0.0006725  6.7661e-06  3.4483e-06  7.0657e-06  1.2639e-05  6.1481e-07   5.807e-07  5.6553e-09  1.5174e-06
**** FDPS tree soft force time profile (local):
 Sample_ptcl Domain_deco Ex_ptcl     SetRootCell Make_LT     Make_LET    Make_GT     Make_Group  Make_I_list Calc_force  Write_back 
           0           0           0   3.838e-06  0.00012104   1.466e-05  9.3835e-05  1.4155e-06  2.8607e-05  0.00036448  8.4662e-06
**** Tree neighbor time profile (local):
 Sample_ptcl Domain_deco Ex_ptcl     SetRootCell Make_LT     Make_LET    Make_GT     Make_Group  Make_I_list Calc_force  Write_back 
           0           0           0  1.9599e-06  5.3135e-05  8.4529e-06  3.9858e-05  3.7946e-07  6.2897e-06   2.828e-05  2.6197e-06
**** Number per step (global):
 PP_single   PP_cluster  PP_cross    Cluster     Cross       AR_step_sum
      996.77      3.2344           0      1.1172           0      131.51
 AR_tsyn_sum Stab_Ngroup Iso_Ngroup  Form_Ngroup End_Ngroup  Modf_Ngroup Merg_Ngroup H4_step_sum H4_no_NB    Ep-Ep_sum   Ep-Sp_sum  
      46.267           1           0           0           0           0           0      30.297           0  8.8364e+05       13541
**** Number of members in clusters (global):
N_members:            1           2           3
Count    :       996.77     0.11719           1

Time: 168  N_real(loc): 1000  N_real(glb): 1000  N_all(loc): 1012  N_all(glb): 1012  N_remove(glb): 0  N_escape(glb): 0
Energy:     Error/Total         Error     Error_cum         Total       Kinetic     Potential        Modify  Modify_group Modify_single      Error_PP  Error_PP_cum
Physic:    1.795615e-06   0.001783353       12.3915      993.1714      1775.997     -782.8254      1307.731             0             0  0.0006139395     0.2415266
Slowdown:  1.045795e-06    0.00119953      85.94862      1147.003      1757.542     -610.5394       11155.5             0             0  3.011642e-05      73.79864
Angular Momentum:  |L|err: 66.13709  |L|err_cum: 537.2491  L: 183.7182   317.517    -339.4356  |L|: 499.786
C.M.: mass: 592.3055 pos: 38.80085   -22.90675    -12.26814 vel: 0.4154649   -0.09879442    -0.06846819
Tree step number: 1024
**** Wallclock time per step (local): [Min/Max]
 Total       PP_single   PP_cluster  PP_cross    Tree_NB     Tree_Force  Force_corr  Kick        FindCluster CreateGroup MPI_comm    Output      Status      Other      
   0.0010575   7.115e-06   0.0002055           0  0.00015137  0.00066443  6.6249e-06  3.4026e-06  7.1042e-06  1.2251e-05  5.9218e-07  5.0208e-07  4.8135e-09  1.5379e-06
   0.0010576  7.1449e-06  0.00020555           0  0.00015028  0.00066061   6.669e-06  3.4323e-06  7.1369e-06  1.2267e-05  6.2145e-07  5.0218e-07  4.8428e-09  1.5986e-06
**** FDPS tree soft force time profile (local):
 Sample_ptcl Domain_deco Ex_ptcl     SetRootCell Make_LT     Make_LET    Make_GT     Make_Group  Make_I_list Calc_force  Write_back 
           0           0           0  3.3989e-06  0.00011814  1.5162e-05  9.3195e-05  1.4922e-06  2.8665e-05  0.00035597  8.4089e-06
**** Tree neighbor time profile (local):
 Sample_ptcl Domain_deco Ex_ptcl     SetRootCell Make_LT     Make_LET    Make_GT     Make_Group  Make_I_list Calc_force  Write_back 
           0           0           0  1.7736e-06  5.2558e-05  8.0386e-06  4.0292e-05  4.3486e-07  6.2915e-06  2.7803e-05  2.4219e-06
**** Number per step (global):
 PP_single   PP_cluster  PP_cross    Cluster     Cross       AR_step_sum
      996.58      3.4219           0      1.2109           0      130.75
 AR_tsyn_sum Stab_Ngroup Iso_Ngroup  Form_Ngroup End_Ngroup  Modf_Ngroup Merg_Ngroup H4_step_sum H4_no_NB    Ep-Ep_sum   Ep-Sp_sum  
      46.017           1           0           0           0           0           0      30.283           0  8.8442e+05       13454
**** Number of members in clusters (global):
N_members:            1           2           3
Count    :       996.58     0.21094           1

Time: 169  N_real(loc): 1000  N_real(glb): 1000  N_all(loc): 1012  N_all(glb): 1012  N_remove(glb): 0  N_escape(glb): 0
Energy:     Error/Total         Error     Error_cum         Total       Kinetic     Potential        Modify  Modify_group Modify_single      Error_PP  Error_PP_cum
Physic:    -1.11001e-05   -0.01102174      12.38048      992.9404      4227.969     -3235.028      1307.511             0             0  -0.003325219     0.2382013
Slowdown: -6.645307e-06  -0.007666028      85.94095        1153.6       3627.62     -2474.019      11315.93             0             0  3.049183e-05      73.79867
Angular Momentum:  |L|err: 66.38566  |L|err_cum: 603.6348  L: 210.0588   357.0028    -386.4171  |L|: 566.475
C.M.: mass: 592.3055 pos: 38.98397   -22.95742    -12.35027 vel: 0.1534167   -0.09984354    0.1848799
Tree step number: 1024
**** Wallclock time per step (local): [Min/Max]
 Total       PP_single   PP_cluster  PP_cross    Tree_NB     Tree_Force  Force_corr  Kick        FindCluster CreateGroup MPI_comm    Output      Status      Other      
   0.0010503  6.7064e-06  0.00020571           0  0.00014936  0.00065992  6.4525e-06  3.3567e-06  6.8205e-06  1.2047e-05   6.013e-07  6.7133e-07  5.0293e-09  1.6094e-06
   0.0010504  6.7358e-06  0.00020576           0  0.00014825   0.0006562  6.4966e-06  3.3861e-06   6.853e-06  1.2062e-05  6.4575e-07  6.7194e-07  5.0586e-09   1.668e-06
**** FDPS tree soft force time profile (local):
 Sample_ptcl Domain_deco Ex_ptcl     SetRootCell Make_LT     Make_LET    Make_GT     Make_Group  Make_I_list Calc_force  Write_back 
           0           0           0  3.4956e-06  0.00011884   1.455e-05  9.2302e-05  1.4267e-06  2.8485e-05  0.00035279  8.1539e-06
**** Tree neighbor time profile (local):
 Sample_ptcl Domain_deco Ex_ptcl     SetRootCell Make_LT     Make_LET    Make_GT     Make_Group  Make_I_list Calc_force  Write_back 
           0           0           0  1.6906e-06    5.19e-05  8.1165e-06  3.9636e-05  3.7307e-07  6.2033e-06  2.7269e-05  2.4071e-06
**** Number per step (global):
 PP_single   PP_cluster  PP_cross    Cluster     Cross       AR_step_sum
      996.89      3.1113           0      1.0557           0      130.81
 AR_tsyn_sum Stab_Ngroup Iso_Ngroup  Form_Ngroup End_Ngroup  Modf_Ngroup Merg_Ngroup H4_step_sum H4_no_NB    Ep-Ep_sum   Ep-Sp_sum  
      45.965           1           0           0           0           0           0      30.129           0  8.8535e+05       13097
**** Number of members in clusters (global):
N_members:            1           2           3
Count    :       996.89    0.055664           1

Time: 170  N_real(loc): 1000  N_real(glb): 1000  N_all(loc): 1012  N_all(glb): 1012  N_remove(glb): 0  N_escape(glb): 0
Energy:     Error/Total         Error     Error_cum         Total       Kinetic     Potential        Modify  Modify_group Modify_single      Error_PP  Error_PP_cum
Physic:    1.377517e-05    0.01367389      12.39415      992.6476      2000.854     -1008.206      1307.205             0             0   0.003479111     0.2416804
Slowdown:  8.866525e-06    0.01022566      85.95118      1153.288      1928.526     -775.2385      11476.27             0             0  3.088165e-05      73.79871
Angular Momentum:  |L|err: 64.29965  |L|err_cum: 667.9344  L: 235.2199   394.9531    -432.3055  |L|: 631.0344
C.M.: mass: 592.3055 pos: 39.26025   -23.09711    -12.44623 vel: 0.284619   -0.05292812    0.02339929
Tree step number: 1024
**** Wallclock time per step (local): [Min/Max]
 Total       PP_single   PP_cluster  PP_cross    Tree_NB     Tree_Force  Force_corr  Kick        FindCluster CreateGroup MPI_comm    Output      Status      Other      
   0.0010659  7.2108e-06  0.00020834           0  0.00015222   0.0006677  6.7945e-06    3.56e-06  7.7058e-06  1.2606e-05  6.9684e-07   5.366e-07  5.4687e-09  1.5815e-06
   0.0010659   7.241e-06  0.00020838           0   0.0001511  0.00066377  6.8398e-06  3.5896e-06  7.7396e-06  1.2622e-05  7.2643e-07  5.3669e-07   5.498e-09  1.6408e-06
**** FDPS tree soft force time profile (local):
 Sample_ptcl Domain_deco Ex_ptcl     SetRootCell Make_LT     Make_LET    Make_GT     Make_Group  Make_I_list Calc_force  Write_back 
           0           0           0  3.6865e-06  0.00012259  1.5379e-05  9.5753e-05  1.4697e-06  2.8939e-05   0.0003515  8.6167e-06
**** Tree neighbor time profile (local):
 Sample_ptcl Domain_deco Ex_ptcl     SetRootCell Make_LT     Make_LET    Make_GT     Make_Group  Make_I_list Calc_force  Write_back 
           0           0           0  2.0482e-06  5.3909e-05  8.5909e-06  4.0072e-05  4.0775e-07  6.3274e-06  2.6839e-05  2.4574e-06
**** Number per step (global):
 PP_single   PP_cluster  PP_cross    Cluster     Cross       AR_step_sum
      995.59      4.4062           0      1.7031           0      129.62
 AR_tsyn_sum Stab_Ngroup Iso_Ngroup  Form_Ngroup End_Ngroup  Modf_Ngroup Merg_Ngroup H4_step_sum H4_no_NB    Ep-Ep_sum   Ep-Sp_sum  
      45.515           1           0           0           0           0           0      35.938           0  8.8509e+05       13130
**** Number of members in clusters (global):
N_members:            1           2           3
Count    :       995.59     0.70312           1

Time: 171  N_real(loc): 1000  N_real(glb): 1000  N_all(loc): 1012  N_all(glb): 1012  N_remove(glb): 0  N_escape(glb): 0
Energy:     Error/Total         Error     Error_cum         Total       Kinetic     Potential        Modify  Modify_group Modify_single      Error_PP  Error_PP_cum
Physic:   -2.241617e-05   -0.02224208      12.37191      992.2337      2001.304      -1009.07      1306.813             0             0  -0.004809122     0.2368713
Slowdown: -1.509331e-05   -0.01740112      85.93378      1152.903      1928.475     -775.5724      11636.54             0             0  3.183847e-05      73.79874
Angular Momentum:  |L|err: 64.79517  |L|err_cum: 732.7296  L: 259.762   432.5437    -479.5624  |L|: 696.0966
C.M.: mass: 592.3055 pos: 39.77916   -23.45491    -12.60158 vel: 0.3147187   -0.1962039    -0.1544051
Tree step number: 1024
**** Wallclock time per step (local): [Min/Max]
 Total       PP_single   PP_cluster  PP_cross    Tree_NB     Tree_Force  Force_corr  Kick        FindCluster CreateGroup MPI_comm    Output      Status      Other      
   0.0010397  7.0017e-06  0.00020486           0  0.00014662  0.00065221  6.4936e-06  3.4216e-06  7.0641e-06  1.2258e-05  6.4105e-07   6.088e-07  4.7363e-09  1.4537e-06
   0.0010397  7.0315e-06   0.0002049           0  0.00014549  0.00064838  6.5385e-06  3.4515e-06  7.0972e-06  1.2273e-05  6.7021e-07   6.089e-07  4.7656e-09  1.5125e-06
**** FDPS tree soft force time profile (local):
 Sample_ptcl Domain_deco Ex_ptcl     SetRootCell Make_LT     Make_LET    Make_GT     Make_Group  Make_I_list Calc_force  Write_back 
           0           0           0  3.5502e-06  0.00011842  1.4853e-05  9.3463e-05  1.4429e-06  2.8869e-05  0.00034359  8.3546e-06
**** Tree neighbor time profile (local):
 Sample_ptcl Domain_deco Ex_ptcl     SetRootCell Make_LT     Make_LET    Make_GT     Make_Group  Make_I_list Calc_force  Write_back 
           0           0           0  1.6714e-06  5.1573e-05  8.5498e-06  3.9219e-05  3.7553e-07  6.1067e-06  2.5014e-05  2.4617e-06
**** Number per step (global):
 PP_single   PP_cluster  PP_cross    Cluster     Cross       AR_step_sum
      996.84      3.1582           0      1.0791           0      129.54
 AR_tsyn_sum Stab_Ngroup Iso_Ngroup  Form_Ngroup End_Ngroup  Modf_Ngroup Merg_Ngroup H4_step_sum H4_no_NB    Ep-Ep_sum   Ep-Sp_sum  
      45.506           1           0           0           0           0           0      30.102           0  8.8498e+05       13240
**** Number of members in clusters (global):
N_members:            1           2           3
Count    :       996.84    0.079102           1

Time: 172  N_real(loc): 1000  N_real(glb): 1000  N_all(loc): 1012  N_all(glb): 1012  N_remove(glb): 0  N_escape(glb): 0
Energy:     Error/Total         Error     Error_cum         Total       Kinetic     Potential        Modify  Modify_group Modify_single      Error_PP  Error_PP_cum
Physic:   -4.521249e-05    -0.0448372      12.32707      991.6993      1768.014     -776.3148      1306.324             0             0    -0.0105052     0.2263661
Slowdown: -2.976273e-05   -0.03429943      85.89948      1152.429      1750.332     -597.9031      11796.77             0             0  3.257006e-05      73.79877
Angular Momentum:  |L|err: 68.67323  |L|err_cum: 801.4028  L: 283.3116   470.4294    -532.8092  |L|: 765.1503
C.M.: mass: 592.3055 pos: 40.07834   -23.60651    -12.7089 vel: 0.2844665   -0.166811    -0.1174575
Tree step number: 1024
**** Wallclock time per step (local): [Min/Max]
 Total       PP_single   PP_cluster  PP_cross    Tree_NB     Tree_Force  Force_corr  Kick        FindCluster CreateGroup MPI_comm    Output      Status      Other      
   0.0010268  6.9168e-06  0.00020233           0  0.00014712  0.00064137  6.5183e-06  3.3084e-06  6.8057e-06  1.2357e-05  6.2964e-07  6.5925e-07  6.3115e-09  1.6206e-06
   0.0010268  6.9469e-06  0.00020238           0  0.00014603  0.00063758  6.5757e-06   3.338e-06  6.8379e-06  1.2373e-05  6.5891e-07  6.5938e-07  6.3506e-09    1.68e-06
**** FDPS tree soft force time profile (local):
 Sample_ptcl Domain_deco Ex_ptcl     SetRootCell Make_LT     Make_LET    Make_GT     Make_Group  Make_I_list Calc_force  Write_back 
           0           0           0  3.5657e-06  0.00011827   1.479e-05  9.3556e-05  1.4294e-06  2.7938e-05  0.00033342  8.2982e-06
**** Tree neighbor time profile (local):
 Sample_ptcl Domain_deco Ex_ptcl     SetRootCell Make_LT     Make_LET    Make_GT     Make_Group  Make_I_list Calc_force  Write_back 
           0           0           0   2.008e-06  5.1937e-05  8.0615e-06  3.9231e-05  3.8837e-07  6.1372e-06  2.5136e-05  2.3762e-06
**** Number per step (global):
 PP_single   PP_cluster  PP_cross    Cluster     Cross       AR_step_sum
         997           3           0           1           0      129.64
 AR_tsyn_sum Stab_Ngroup Iso_Ngroup  Form_Ngroup End_Ngroup  Modf_Ngroup Merg_Ngroup H4_step_sum H4_no_NB    Ep-Ep_sum   Ep-Sp_sum  
      45.558           1           0           0           0           0           0      29.445           0  8.8483e+05       12684
**** Number of members in clusters (global):
N_members:            1           3
Count    :          997           1

Time: 173  N_real(loc): 1000  N_real(glb): 1000  N_all(loc): 1012  N_all(glb): 1012  N_remove(glb): 0  N_escape(glb): 0
Energy:     Error/Total         Error     Error_cum         Total       Kinetic     Potential        Modify  Modify_group Modify_single      Error_PP  Error_PP_cum
Physic:    8.163757e-06   0.008091443      12.33516      991.1421      1864.575     -873.4333      1305.758             0             0   0.001600575     0.2279667
Slowdown:  5.998016e-06   0.006523328        85.906      1087.581      1840.122     -752.5415      11892.65             0             0  3.246052e-05       73.7988
Angular Momentum:  |L|err: 58.25366  |L|err_cum: 859.6565  L: 304.019   503.1182    -576.9097  |L|: 823.6384
C.M.: mass: 592.3055 pos: 40.41547   -23.80412    -12.82336 vel: 0.2645228   -0.1524413    -0.08276606
Tree step number: 1024
**** Wallclock time per step (local): [Min/Max]
 Total       PP_single   PP_cluster  PP_cross    Tree_NB     Tree_Force  Force_corr  Kick        FindCluster CreateGroup MPI_comm    Output      Status      Other      
   0.0010497  7.4064e-06  0.00020858           0  0.00014814  0.00065485  6.8914e-06  3.6542e-06  7.5194e-06  1.2878e-05  7.0624e-07   5.434e-07  4.7256e-09  1.5994e-06
   0.0010497  7.4366e-06  0.00020863           0  0.00014699  0.00065084   6.937e-06   3.684e-06   7.553e-06  1.2895e-05  7.3603e-07   5.435e-07  4.7549e-09  1.6609e-06
**** FDPS tree soft force time profile (local):
 Sample_ptcl Domain_deco Ex_ptcl     SetRootCell Make_LT     Make_LET    Make_GT     Make_Group  Make_I_list Calc_force  Write_back 
           0           0           0  4.0236e-06   0.0001233  1.5455e-05  9.5403e-05  1.4691e-06  2.8853e-05  0.00033818  8.7848e-06
**** Tree neighbor time profile (local):
 Sample_ptcl Domain_deco Ex_ptcl     SetRootCell Make_LT     Make_LET    Make_GT     Make_Group  Make_I_list Calc_force  Write_back 
           0           0           0  1.8659e-06  5.2586e-05  8.3092e-06  3.9623e-05  4.0551e-07  6.7108e-06  2.4751e-05  2.5092e-06
**** Number per step (global):
 PP_single   PP_cluster  PP_cross    Cluster     Cross       AR_step_sum
       996.8      3.1953           0      1.0977           0      129.42
 AR_tsyn_sum Stab_Ngroup Iso_Ngroup  Form_Ngroup End_Ngroup  Modf_Ngroup Merg_Ngroup H4_step_sum H4_no_NB    Ep-Ep_sum   Ep-Sp_sum  
      45.404           1           0           0           0           0           0      29.774           0  8.8463e+05       12762
**** Number of members in clusters (global):
N_members:            1           2           3
Count    :        996.8    0.097656           1

Time: 174  N_real(loc): 1000  N_real(glb): 1000  N_all(loc): 1012  N_all(glb): 1012  N_remove(glb): 0  N_escape(glb): 0
Energy:     Error/Total         Error     Error_cum         Total       Kinetic     Potential        Modify  Modify_group Modify_single      Error_PP  Error_PP_cum
Physic:     4.29311e-06   0.004252342      12.33942      990.5037      1789.342     -798.8384      1305.116             0             0   0.001009966     0.2289767
Slowdown:  3.306506e-06   0.003275107      85.90928      990.5037      1789.342     -798.8384      11892.01             0             0  3.273111e-05      73.79884
Angular Momentum:  |L|err: 56.86073  |L|err_cum: 916.5172  L: 322.8955   533.9493    -621.6024  |L|: 880.7683
C.M.: mass: 592.3055 pos: 40.70709   -23.9546    -12.92897 vel: 0.3034239   -0.1781065    -0.1300895
Tree step number: 1024
**** Wallclock time per step (local): [Min/Max]
 Total       PP_single   PP_cluster  PP_cross    Tree_NB     Tree_Force  Force_corr  Kick        FindCluster CreateGroup MPI_comm    Output      Status      Other      
   0.0010066  6.7906e-06  0.00019924           0  0.00014643  0.00062534  6.3402e-06  3.3694e-06  7.1054e-06  1.2554e-05  6.0507e-07  5.0846e-07  4.8037e-09  1.4914e-06
   0.0010067  6.8201e-06  0.00019928           0  0.00014527   0.0006214  6.3846e-06  3.3989e-06  7.1382e-06   1.257e-05  6.3424e-07  5.0859e-07   4.833e-09  1.5501e-06
**** FDPS tree soft force time profile (local):
 Sample_ptcl Domain_deco Ex_ptcl     SetRootCell Make_LT     Make_LET    Make_GT     Make_Group  Make_I_list Calc_force  Write_back 
           0           0           0  3.3633e-06  0.00011978   1.472e-05  9.3966e-05  1.3963e-06  2.8288e-05  0.00031568   8.692e-06
**** Tree neighbor time profile (local):
 Sample_ptcl Domain_deco Ex_ptcl     SetRootCell Make_LT     Make_LET    Make_GT     Make_Group  Make_I_list Calc_force  Write_back 
           0           0           0  1.9334e-06  5.1954e-05  8.1987e-06  3.9487e-05  3.7078e-07  6.6196e-06  2.3765e-05  2.5491e-06
**** Number per step (global):
 PP_single   PP_cluster  PP_cross    Cluster     Cross       AR_step_sum
         997           3           0           1           0      128.85
 AR_tsyn_sum Stab_Ngroup Iso_Ngroup  Form_Ngroup End_Ngroup  Modf_Ngroup Merg_Ngroup H4_step_sum H4_no_NB    Ep-Ep_sum   Ep-Sp_sum  
      45.163           1           0           0           0           0           0      29.427           0   8.844e+05       12750
**** Number of members in clusters (global):
N_members:            1           3
Count    :          997           1

Time: 175  N_real(loc): 1000  N_real(glb): 1000  N_all(loc): 1012  N_all(glb): 1012  N_remove(glb): 0  N_escape(glb): 0
Energy:     Error/Total         Error     Error_cum         Total       Kinetic     Potential        Modify  Modify_group Modify_single      Error_PP  Error_PP_cum
Physic:    8.238171e-06    0.00815415      12.34757       989.801        1865.8     -875.9994      1304.405             0             0   0.002295972     0.2312726
Slowdown:  5.951579e-06   0.005890879      85.91517       989.801        1865.8     -875.9994       11891.3             0             0  3.270164e-05      73.79887
Angular Momentum:  |L|err: 53.13838  |L|err_cum: 969.6556  L: 339.4272   561.8566    -664.6855  |L|: 934.1844
C.M.: mass: 592.3055 pos: 40.98698   -24.08986    -13.03095 vel: 0.359032   -0.242929    -0.2206532
Tree step number: 1024
**** Wallclock time per step (local): [Min/Max]
 Total       PP_single   PP_cluster  PP_cross    Tree_NB     Tree_Force  Force_corr  Kick        FindCluster CreateGroup MPI_comm    Output      Status      Other      
   0.0010001  6.9473e-06  0.00020183           0   0.0001452  0.00061581  6.3812e-06  3.4126e-06  7.1041e-06  1.3443e-05  5.9256e-07  7.8777e-07  5.2734e-09  1.5702e-06
   0.0010002  6.9772e-06  0.00020188           0  0.00014408  0.00061195  6.4262e-06   3.442e-06  7.1372e-06   1.346e-05  6.2202e-07  7.8789e-07  5.3027e-09  1.6295e-06
**** FDPS tree soft force time profile (local):
 Sample_ptcl Domain_deco Ex_ptcl     SetRootCell Make_LT     Make_LET    Make_GT     Make_Group  Make_I_list Calc_force  Write_back 
           0           0           0  3.7788e-06   0.0001188  1.5142e-05  9.2471e-05   1.655e-06  2.8363e-05  0.00030594  8.5135e-06
**** Tree neighbor time profile (local):
 Sample_ptcl Domain_deco Ex_ptcl     SetRootCell Make_LT     Make_LET    Make_GT     Make_Group  Make_I_list Calc_force  Write_back 
           0           0           0  1.7848e-06  5.1932e-05  8.1143e-06  3.9049e-05  3.7713e-07  6.4975e-06  2.2868e-05  2.4452e-06
**** Number per step (global):
 PP_single   PP_cluster  PP_cross    Cluster     Cross       AR_step_sum
         997           3           0           1           0      129.98
 AR_tsyn_sum Stab_Ngroup Iso_Ngroup  Form_Ngroup End_Ngroup  Modf_Ngroup Merg_Ngroup H4_step_sum H4_no_NB    Ep-Ep_sum   Ep-Sp_sum  
      45.585           1           0           0           0           0           0      29.517           0  8.8399e+05       12353
**** Number of members in clusters (global):
N_members:            1           3
Count    :          997           1

Time: 176  N_real(loc): 1000  N_real(glb): 1000  N_all(loc): 1012  N_all(glb): 1012  N_remove(glb): 0  N_escape(glb): 0
Energy:     Error/Total         Error     Error_cum         Total       Kinetic     Potential        Modify  Modify_group Modify_single      Error_PP  Error_PP_cum
Physic:    9.503705e-06   0.009399327      12.35697      989.0171      2388.101     -1399.084      1303.612             0             0   0.002311593     0.2335842
Slowdown:  7.100168e-06   0.007121373      85.92229      1002.986      2373.731     -1370.744      11904.48             0             0  3.363833e-05       73.7989
Angular Momentum:  |L|err: 48.16053  |L|err_cum: 1017.816  L: 352.6639   585.7247    -705.8072  |L|: 982.6541
C.M.: mass: 592.3055 pos: 41.17501   -24.13722    -13.11508 vel: 0.2718027   -0.1463209    -0.03812644
Tree step number: 1024
**** Wallclock time per step (local): [Min/Max]
 Total       PP_single   PP_cluster  PP_cross    Tree_NB     Tree_Force  Force_corr  Kick        FindCluster CreateGroup MPI_comm    Output      Status      Other      
  0.00099965  6.9398e-06  0.00020535           0  0.00014482  0.00061308  6.5028e-06  3.3222e-06   7.485e-06  1.2737e-05   6.208e-07   4.973e-07  4.7363e-09  1.4608e-06
  0.00099968  6.9696e-06   0.0002054           0  0.00014359  0.00060912  6.5472e-06  3.3516e-06  7.5229e-06  1.2753e-05  6.5006e-07  4.9741e-07  4.7656e-09  1.5193e-06
**** FDPS tree soft force time profile (local):
 Sample_ptcl Domain_deco Ex_ptcl     SetRootCell Make_LT     Make_LET    Make_GT     Make_Group  Make_I_list Calc_force  Write_back 
           0           0           0  3.3508e-06  0.00011744  1.4679e-05  9.2113e-05  1.5062e-06  2.8772e-05  0.00030606  8.6353e-06
**** Tree neighbor time profile (local):
 Sample_ptcl Domain_deco Ex_ptcl     SetRootCell Make_LT     Make_LET    Make_GT     Make_Group  Make_I_list Calc_force  Write_back 
           0           0           0  1.9814e-06  5.1601e-05  8.1817e-06  3.9189e-05  3.7042e-07  6.6524e-06   2.284e-05  2.6524e-06
**** Number per step (global):
 PP_single   PP_cluster  PP_cross    Cluster     Cross       AR_step_sum
      996.38      3.6191           0      1.3096           0      129.77
 AR_tsyn_sum Stab_Ngroup Iso_Ngroup  Form_Ngroup End_Ngroup  Modf_Ngroup Merg_Ngroup H4_step_sum H4_no_NB    Ep-Ep_sum   Ep-Sp_sum  
      45.568           1           0           0           0           0           0      32.128           0  8.8414e+05       12300
**** Number of members in clusters (global):
N_members:            1           2           3
Count    :       996.38     0.30957           1

Time: 177  N_real(loc): 1000  N_real(glb): 1000  N_all(loc): 1012  N_all(glb): 1012  N_remove(glb): 0  N_escape(glb): 0
Energy:     Error/Total         Error     Error_cum         Total       Kinetic     Potential        Modify  Modify_group Modify_single      Error_PP  Error_PP_cum
Physic:   -7.528699e-06  -0.007439373      12.34953      988.1353      1766.848     -778.7122      1302.737             0             0  -0.001515648     0.2320686
Slowdown:  -5.22402e-06  -0.005888739       85.9164      1127.243      1751.002     -623.7593      12042.71             0             0  3.498661e-05      73.79894
Angular Momentum:  |L|err: 44.34898  |L|err_cum: 1062.165  L: 362.4636   605.7403    -746.4532  |L|: 1027.372
C.M.: mass: 592.3055 pos: 41.55978   -24.37565    -13.23589 vel: 0.3970821   -0.1998482    -0.1852362
Tree step number: 1024
**** Wallclock time per step (local): [Min/Max]
 Total       PP_single   PP_cluster  PP_cross    Tree_NB     Tree_Force  Force_corr  Kick        FindCluster CreateGroup MPI_comm    Output      Status      Other      
   0.0010263  7.4675e-06  0.00020703           0  0.00014962  0.00063098  6.8833e-06  3.5532e-06  7.6052e-06  1.3327e-05  6.7244e-07  6.3106e-07  4.8818e-09  1.6733e-06
   0.0010263  7.4974e-06  0.00020708           0  0.00014848   0.0006269  6.9291e-06  3.5829e-06  7.6395e-06  1.3342e-05  7.0211e-07  6.3118e-07  4.9111e-09  1.7329e-06
**** FDPS tree soft force time profile (local):
 Sample_ptcl Domain_deco Ex_ptcl     SetRootCell Make_LT     Make_LET    Make_GT     Make_Group  Make_I_list Calc_force  Write_back 
           0           0           0  3.5088e-06  0.00012382  1.5298e-05    9.46e-05  1.4645e-06  2.9732e-05  0.00031263  8.9285e-06
**** Tree neighbor time profile (local):
 Sample_ptcl Domain_deco Ex_ptcl     SetRootCell Make_LT     Make_LET    Make_GT     Make_Group  Make_I_list Calc_force  Write_back 
           0           0           0   1.885e-06  5.4166e-05  8.5428e-06  4.0573e-05  3.9823e-07   6.917e-06  2.2691e-05  2.5025e-06
**** Number per step (global):
 PP_single   PP_cluster  PP_cross    Cluster     Cross       AR_step_sum
         997       3.002           0       1.001           0       129.9
 AR_tsyn_sum Stab_Ngroup Iso_Ngroup  Form_Ngroup End_Ngroup  Modf_Ngroup Merg_Ngroup H4_step_sum H4_no_NB    Ep-Ep_sum   Ep-Sp_sum  
      45.643           1           0           0           0           0           0      29.496           0  8.8719e+05       11601
**** Number of members in clusters (global):
N_members:            1           2           3
Count    :          997  0.00097656           1

Time: 178  N_real(loc): 1000  N_real(glb): 1000  N_all(loc): 1012  N_all(glb): 1012  N_remove(glb): 0  N_escape(glb): 0
Energy:     Error/Total         Error     Error_cum         Total       Kinetic     Potential        Modify  Modify_group Modify_single      Error_PP  Error_PP_cum
Physic:    5.819394e-06    0.00574481      12.35528      987.1836      5725.116     -4737.933       1301.78             0             0   0.001697713     0.2337663
Slowdown:  3.556607e-06    0.00408255      85.92048      1147.878      4768.087      -3620.21      12202.45             0             0  3.545303e-05      73.79897
Angular Momentum:  |L|err: 37.24867  |L|err_cum: 1099.414  L: 367.9491   620.2731    -783.6863  |L|: 1065.03
C.M.: mass: 592.3055 pos: 41.87491   -24.53985    -13.34375 vel: 0.09005753   -0.2747406    0.1087253
Tree step number: 1024
**** Wallclock time per step (local): [Min/Max]
 Total       PP_single   PP_cluster  PP_cross    Tree_NB     Tree_Force  Force_corr  Kick        FindCluster CreateGroup MPI_comm    Output      Status      Other      
   0.0010418  7.1891e-06  0.00020776           0  0.00015175  0.00064408  7.0179e-06   3.259e-06  7.7375e-06  1.3125e-05  7.2612e-07  7.5628e-07  5.2539e-09   1.617e-06
   0.0010418  7.2189e-06  0.00020782           0  0.00015046  0.00063999  7.0631e-06  3.2889e-06  7.7716e-06  1.3141e-05  7.5584e-07  7.5671e-07  5.2842e-09  1.6761e-06
**** FDPS tree soft force time profile (local):
 Sample_ptcl Domain_deco Ex_ptcl     SetRootCell Make_LT     Make_LET    Make_GT     Make_Group  Make_I_list Calc_force  Write_back 
           0           0           0  4.2333e-06   0.0001251   1.599e-05  9.5702e-05  1.4692e-06  3.0227e-05   0.0003223  8.9532e-06
**** Tree neighbor time profile (local):
 Sample_ptcl Domain_deco Ex_ptcl     SetRootCell Make_LT     Make_LET    Make_GT     Make_Group  Make_I_list Calc_force  Write_back 
           0           0           0  1.9049e-06  5.4159e-05  9.0205e-06  4.1168e-05  4.2012e-07     6.9e-06  2.3528e-05  2.7847e-06
**** Number per step (global):
 PP_single   PP_cluster  PP_cross    Cluster     Cross       AR_step_sum
         997           3           0           1           0      129.55
 AR_tsyn_sum Stab_Ngroup Iso_Ngroup  Form_Ngroup End_Ngroup  Modf_Ngroup Merg_Ngroup H4_step_sum H4_no_NB    Ep-Ep_sum   Ep-Sp_sum  
      45.467           1           0           0           0           0           0      29.461           0  8.8876e+05       10828
**** Number of members in clusters (global):
N_members:            1           3
Count    :          997           1

Time: 179  N_real(loc): 1000  N_real(glb): 1000  N_all(loc): 1012  N_all(glb): 1012  N_remove(glb): 0  N_escape(glb): 0
Energy:     Error/Total         Error     Error_cum         Total       Kinetic     Potential        Modify  Modify_group Modify_single      Error_PP  Error_PP_cum
Physic:   -8.801132e-06  -0.008679108       12.3466      986.1355      2014.059     -1027.924       1300.74             0             0  -0.001727729     0.2320386
Slowdown: -6.029712e-06  -0.006915122      85.91357      1146.841      1936.653     -789.8118      12362.11             0             0  3.625765e-05      73.79901
Angular Momentum:  |L|err: 34.95756  |L|err_cum: 1134.371  L: 370.1784   631.4525    -821.7555  |L|: 1100.476
C.M.: mass: 592.3055 pos: 42.19683   -24.70263    -13.45885 vel: 0.4564517   -0.2363186    -0.2302713
Tree step number: 1024
**** Wallclock time per step (local): [Min/Max]
 Total       PP_single   PP_cluster  PP_cross    Tree_NB     Tree_Force  Force_corr  Kick        FindCluster CreateGroup MPI_comm    Output      Status      Other      
   0.0010532  7.6755e-06  0.00021023           0   0.0001539  0.00065002  6.9306e-06  3.4268e-06  7.4851e-06  1.3558e-05  6.6202e-07  7.3407e-07  5.2451e-09  1.7804e-06
   0.0010532  7.7055e-06  0.00021028           0   0.0001526  0.00064589  6.9767e-06  3.4566e-06  7.5201e-06  1.3573e-05  6.9207e-07  7.3463e-07  5.2744e-09  1.8408e-06
**** FDPS tree soft force time profile (local):
 Sample_ptcl Domain_deco Ex_ptcl     SetRootCell Make_LT     Make_LET    Make_GT     Make_Group  Make_I_list Calc_force  Write_back 
           0           0           0  4.0796e-06  0.00012343  1.6053e-05   9.717e-05   1.472e-06  2.9824e-05  0.00032918  9.0592e-06
**** Tree neighbor time profile (local):
 Sample_ptcl Domain_deco Ex_ptcl     SetRootCell Make_LT     Make_LET    Make_GT     Make_Group  Make_I_list Calc_force  Write_back 
           0           0           0  2.1982e-06  5.4288e-05  8.9327e-06  4.1864e-05  4.0182e-07   6.555e-06  2.4855e-05  2.8407e-06
**** Number per step (global):
 PP_single   PP_cluster  PP_cross    Cluster     Cross       AR_step_sum
         997           3           0           1           0      129.92
 AR_tsyn_sum Stab_Ngroup Iso_Ngroup  Form_Ngroup End_Ngroup  Modf_Ngroup Merg_Ngroup H4_step_sum H4_no_NB    Ep-Ep_sum   Ep-Sp_sum  
      45.691           1           0           0           0           0           0      29.512           0  8.8786e+05       10773
**** Number of members in clusters (global):
N_members:            1           3
Count    :          997           1

Time: 180  N_real(loc): 1000  N_real(glb): 1000  N_all(loc): 1012  N_all(glb): 1012  N_remove(glb): 0  N_escape(glb): 0
Energy:     Error/Total         Error     Error_cum         Total       Kinetic     Potential        Modify  Modify_group Modify_single      Error_PP  Error_PP_cum
Physic:    2.913199e-05    0.02869655      12.37529      985.0528      3916.359     -2931.306      1299.629             0             0   0.005565934     0.2376045
Slowdown:  2.022087e-05    0.02316749      85.93673      1145.722      3387.818     -2242.096      12521.67             0             0  3.687279e-05      73.79905
Angular Momentum:  |L|err: 23.23329  |L|err_cum: 1157.605  L: 367.1995   635.1243    -851.8375  |L|: 1124.209
C.M.: mass: 592.3055 pos: 42.46304   -24.81091    -13.5662 vel: 0.4101733   -0.4104407    -0.2951114
Tree step number: 1024
**** Wallclock time per step (local): [Min/Max]
 Total       PP_single   PP_cluster  PP_cross    Tree_NB     Tree_Force  Force_corr  Kick        FindCluster CreateGroup MPI_comm    Output      Status      Other      
   0.0010683  7.7019e-06  0.00021014           0  0.00015963   0.0006594  6.7356e-06  3.5031e-06  7.9304e-06  1.3544e-05  6.8419e-07  5.0638e-07  5.0391e-09  1.6488e-06
   0.0010683  7.7328e-06  0.00021019           0  0.00015842  0.00065503  6.7807e-06  3.5328e-06  7.9655e-06   1.356e-05  7.1415e-07  5.0649e-07  5.0684e-09  1.7086e-06
**** FDPS tree soft force time profile (local):
 Sample_ptcl Domain_deco Ex_ptcl     SetRootCell Make_LT     Make_LET    Make_GT     Make_Group  Make_I_list Calc_force  Write_back 
           0           0           0  3.5611e-06  0.00012461  1.5646e-05   9.609e-05  1.4576e-06  2.9615e-05  0.00033788  9.5374e-06
**** Tree neighbor time profile (local):
 Sample_ptcl Domain_deco Ex_ptcl     SetRootCell Make_LT     Make_LET    Make_GT     Make_Group  Make_I_list Calc_force  Write_back 
           0           0           0  2.0272e-06  5.4559e-05   8.844e-06  4.5818e-05  4.0112e-07  6.7429e-06   2.676e-05  2.6421e-06
**** Number per step (global):
 PP_single   PP_cluster  PP_cross    Cluster     Cross       AR_step_sum
         997           3           0           1           0      129.41
 AR_tsyn_sum Stab_Ngroup Iso_Ngroup  Form_Ngroup End_Ngroup  Modf_Ngroup Merg_Ngroup H4_step_sum H4_no_NB    Ep-Ep_sum   Ep-Sp_sum  
      45.476           1           0           0           0           0           0      29.429           0  8.8736e+05       10828
**** Number of members in clusters (global):
N_members:            1           3
Count    :          997           1

Time: 181  N_real(loc): 1000  N_real(glb): 1000  N_all(loc): 1012  N_all(glb): 1012  N_remove(glb): 0  N_escape(glb): 0
Energy:     Error/Total         Error     Error_cum         Total       Kinetic     Potential        Modify  Modify_group Modify_single      Error_PP  Error_PP_cum
Physic:    2.028979e-05    0.01996322      12.39526       983.905      1766.781     -782.8764      1298.461             0             0   0.005861869     0.2434664
Slowdown:  1.235302e-05    0.01413853      85.95087       1144.54      1747.599     -603.0597      12681.15             0             0  3.717283e-05      73.79908
Angular Momentum:  |L|err: 22.43204  |L|err_cum: 1180.037  L: 361.3984   636.1265    -883.6718  |L|: 1147.232
C.M.: mass: 592.3055 pos: 42.76633   -24.96938    -13.67917 vel: 0.4533279   -0.1327009    -0.1084511
Tree step number: 1024
**** Wallclock time per step (local): [Min/Max]
 Total       PP_single   PP_cluster  PP_cross    Tree_NB     Tree_Force  Force_corr  Kick        FindCluster CreateGroup MPI_comm    Output      Status      Other      
    0.001086   8.282e-06  0.00021005           0  0.00015724  0.00067845  6.7943e-06  3.5683e-06   7.857e-06  1.3693e-05   6.502e-07   6.974e-07  5.5088e-09   1.686e-06
    0.001086  8.3128e-06   0.0002101           0  0.00015603  0.00067438  6.8396e-06  3.5981e-06   7.892e-06  1.3709e-05  6.8009e-07  6.9753e-07  5.5381e-09  1.7463e-06
**** FDPS tree soft force time profile (local):
 Sample_ptcl Domain_deco Ex_ptcl     SetRootCell Make_LT     Make_LET    Make_GT     Make_Group  Make_I_list Calc_force  Write_back 
           0           0           0  3.9188e-06  0.00012676  1.6557e-05  9.8163e-05   1.483e-06  3.0138e-05  0.00035086  9.0171e-06
**** Tree neighbor time profile (local):
 Sample_ptcl Domain_deco Ex_ptcl     SetRootCell Make_LT     Make_LET    Make_GT     Make_Group  Make_I_list Calc_force  Write_back 
           0           0           0  2.1494e-06  5.5597e-05  9.1372e-06  4.0992e-05  4.1719e-07  6.8742e-06  2.6984e-05  2.6453e-06
**** Number per step (global):
 PP_single   PP_cluster  PP_cross    Cluster     Cross       AR_step_sum
      996.87      3.1348           0      1.0674           0      129.18
 AR_tsyn_sum Stab_Ngroup Iso_Ngroup  Form_Ngroup End_Ngroup  Modf_Ngroup Merg_Ngroup H4_step_sum H4_no_NB    Ep-Ep_sum   Ep-Sp_sum  
      45.319           1           0           0           0           0           0      29.858           0  8.8719e+05       10929
**** Number of members in clusters (global):
N_members:            1           2           3
Count    :       996.87    0.067383           1

Time: 182  N_real(loc): 1000  N_real(glb): 1000  N_all(loc): 1012  N_all(glb): 1012  N_remove(glb): 0  N_escape(glb): 0
Energy:     Error/Total         Error     Error_cum         Total       Kinetic     Potential        Modify  Modify_group Modify_single      Error_PP  Error_PP_cum
Physic:   -9.350929e-07 -0.0009189029      12.39434      982.6862      1948.799     -966.1132      1297.243             0             0  -0.001294185     0.2421722
Slowdown:  3.776062e-07  0.0004134063      85.95129      1094.808      1905.103     -810.2945      12792.05             0             0  3.812396e-05      73.79912
Angular Momentum:  |L|err: 18.98457  |L|err_cum: 1199.021  L: 352.0161   633.077    -914.8416  |L|: 1166.892
C.M.: mass: 592.3055 pos: 43.16406   -25.22237    -13.8049 vel: 0.427928   -0.1589726    -0.1260995
Tree step number: 1024
**** Wallclock time per step (local): [Min/Max]
 Total       PP_single   PP_cluster  PP_cross    Tree_NB     Tree_Force  Force_corr  Kick        FindCluster CreateGroup MPI_comm    Output      Status      Other      
   0.0010541  7.3397e-06  0.00020596           0  0.00015097  0.00065963   6.598e-06  3.3592e-06  7.2422e-06  1.2615e-05  5.9939e-07  9.4387e-07  8.5215e-09  1.5392e-06
   0.0010542  7.3707e-06    0.000206           0  0.00014984  0.00065567  6.6423e-06  3.3887e-06  7.2757e-06  1.2631e-05  6.2882e-07  9.4417e-07  8.5508e-09  1.5979e-06
**** FDPS tree soft force time profile (local):
 Sample_ptcl Domain_deco Ex_ptcl     SetRootCell Make_LT     Make_LET    Make_GT     Make_Group  Make_I_list Calc_force  Write_back 
           0           0           0  3.5189e-06  0.00011906  1.4909e-05  9.3375e-05  1.6881e-06  2.8534e-05   0.0003508  8.6763e-06
**** Tree neighbor time profile (local):
 Sample_ptcl Domain_deco Ex_ptcl     SetRootCell Make_LT     Make_LET    Make_GT     Make_Group  Make_I_list Calc_force  Write_back 
           0           0           0  1.8427e-06  5.1983e-05   8.329e-06  4.0436e-05  4.1363e-07  6.5261e-06  2.7467e-05  2.4577e-06
**** Number per step (global):
 PP_single   PP_cluster  PP_cross    Cluster     Cross       AR_step_sum
      996.81      3.1855           0      1.0928           0      129.03
 AR_tsyn_sum Stab_Ngroup Iso_Ngroup  Form_Ngroup End_Ngroup  Modf_Ngroup Merg_Ngroup H4_step_sum H4_no_NB    Ep-Ep_sum   Ep-Sp_sum  
      45.321           1           0           0           0           0           0      30.085           0  8.8723e+05       10873
**** Number of members in clusters (global):
N_members:            1           2           3
Count    :       996.81    0.092773           1

Time: 183  N_real(loc): 1000  N_real(glb): 1000  N_all(loc): 1012  N_all(glb): 1012  N_remove(glb): 0  N_escape(glb): 0
Energy:     Error/Total         Error     Error_cum         Total       Kinetic     Potential        Modify  Modify_group Modify_single      Error_PP  Error_PP_cum
Physic:   -5.558862e-06   -0.00545557      12.38888      981.4186       1759.32     -777.9012      1295.981             0             0  -0.001327244     0.2408449
Slowdown: -3.581439e-06  -0.004089382       85.9472      1141.827       1741.36     -599.5333      12951.19             0             0  3.894385e-05      73.79916
Angular Momentum:  |L|err: 15.08412  |L|err_cum: 1214.105  L: 338.4979   625.3258    -945.1461  |L|: 1182.757
C.M.: mass: 592.3055 pos: 43.45718   -25.3754    -13.91022 vel: 0.3540599   -0.106547    -0.06381591
Tree step number: 1024
**** Wallclock time per step (local): [Min/Max]
 Total       PP_single   PP_cluster  PP_cross    Tree_NB     Tree_Force  Force_corr  Kick        FindCluster CreateGroup MPI_comm    Output      Status      Other      
   0.0010674  7.2783e-06  0.00020334           0  0.00015126  0.00067531  6.6534e-06  3.4139e-06  7.1591e-06  1.2749e-05  6.5089e-07  7.4688e-07  5.5371e-09  1.5477e-06
   0.0010675  7.3087e-06  0.00020339           0  0.00015015   0.0006714  6.6986e-06  3.4434e-06  7.1919e-06  1.2764e-05  6.8055e-07  7.4709e-07  5.5674e-09  1.6069e-06
**** FDPS tree soft force time profile (local):
 Sample_ptcl Domain_deco Ex_ptcl     SetRootCell Make_LT     Make_LET    Make_GT     Make_Group  Make_I_list Calc_force  Write_back 
           0           0           0  3.5633e-06  0.00011846  1.5144e-05  9.2952e-05  1.5066e-06  2.7476e-05  0.00036792  8.5759e-06
**** Tree neighbor time profile (local):
 Sample_ptcl Domain_deco Ex_ptcl     SetRootCell Make_LT     Make_LET    Make_GT     Make_Group  Make_I_list Calc_force  Write_back 
           0           0           0  2.1549e-06  5.2012e-05  8.2722e-06  4.0038e-05  3.9107e-07  6.3849e-06  2.7591e-05  2.4338e-06
**** Number per step (global):
 PP_single   PP_cluster  PP_cross    Cluster     Cross       AR_step_sum
         997           3           0           1           0       128.9
 AR_tsyn_sum Stab_Ngroup Iso_Ngroup  Form_Ngroup End_Ngroup  Modf_Ngroup Merg_Ngroup H4_step_sum H4_no_NB    Ep-Ep_sum   Ep-Sp_sum  
      45.268           1           0           0           0           0           0      29.325           0  8.8916e+05       10346
**** Number of members in clusters (global):
N_members:            1           3
Count    :          997           1

Time: 184  N_real(loc): 1000  N_real(glb): 1000  N_all(loc): 1012  N_all(glb): 1012  N_remove(glb): 0  N_escape(glb): 0
Energy:     Error/Total         Error     Error_cum         Total       Kinetic     Potential        Modify  Modify_group Modify_single      Error_PP  Error_PP_cum
Physic:    4.328496e-06   0.004242465      12.39312      980.1244      2169.034     -1188.909      1294.683             0             0    0.00201981     0.2428648
Slowdown:  1.982647e-06   0.002261728      85.94946      1140.762      2053.569     -912.8074      13110.53             0             0   3.90731e-05       73.7992
Angular Momentum:  |L|err: 8.999156  |L|err_cum: 1223.104  L: 320.2869   611.7646    -972.4009  |L|: 1192.645
C.M.: mass: 592.3055 pos: 43.84317   -25.6184    -14.03533 vel: 0.3290974   -0.2149941    -0.1734746
Tree step number: 1024
**** Wallclock time per step (local): [Min/Max]
 Total       PP_single   PP_cluster  PP_cross    Tree_NB     Tree_Force  Force_corr  Kick        FindCluster CreateGroup MPI_comm    Output      Status      Other      
   0.0010811  7.4102e-06  0.00020546           0  0.00015238  0.00068608  6.6346e-06  3.4557e-06  7.1666e-06  1.2952e-05  5.8809e-07  6.7902e-07  5.6748e-09   1.552e-06
   0.0010812    7.44e-06  0.00020551           0  0.00015128  0.00068168  6.6795e-06  3.4853e-06   7.199e-06  1.2968e-05  6.1755e-07  6.7915e-07  5.7041e-09  1.6114e-06
**** FDPS tree soft force time profile (local):
 Sample_ptcl Domain_deco Ex_ptcl     SetRootCell Make_LT     Make_LET    Make_GT     Make_Group  Make_I_list Calc_force  Write_back 
           0           0           0  3.8875e-06  0.00011952  1.4887e-05  9.3743e-05  1.4479e-06   2.797e-05  0.00037482  9.5526e-06
**** Tree neighbor time profile (local):
 Sample_ptcl Domain_deco Ex_ptcl     SetRootCell Make_LT     Make_LET    Make_GT     Make_Group  Make_I_list Calc_force  Write_back 
           0           0           0   1.863e-06  5.2656e-05  8.1277e-06  4.0057e-05  3.9583e-07  6.4138e-06  2.8452e-05   2.397e-06
**** Number per step (global):
 PP_single   PP_cluster  PP_cross    Cluster     Cross       AR_step_sum
         997           3           0           1           0      129.39
 AR_tsyn_sum Stab_Ngroup Iso_Ngroup  Form_Ngroup End_Ngroup  Modf_Ngroup Merg_Ngroup H4_step_sum H4_no_NB    Ep-Ep_sum   Ep-Sp_sum  
       45.35           1           0           0           0           0           0      29.499           0  8.8894e+05       10159
**** Number of members in clusters (global):
N_members:            1           3
Count    :          997           1

Time: 185  N_real(loc): 1000  N_real(glb): 1000  N_all(loc): 1012  N_all(glb): 1012  N_remove(glb): 0  N_escape(glb): 0
Energy:     Error/Total         Error     Error_cum         Total       Kinetic     Potential        Modify  Modify_group Modify_single      Error_PP  Error_PP_cum
Physic:   -3.636254e-07 -0.0003559159      12.39277      978.7982      1946.636     -967.8377      1293.357             0             0 -0.0001041612     0.2427606
Slowdown: -1.907215e-07 -0.0002122608      85.94925      1112.936      1893.957     -781.0212      13243.34             0             0  3.949385e-05      73.79924
Angular Momentum:  |L|err: 4.73036  |L|err_cum: 1227.835  L: 297.7493   593.0835    -997.8713  |L|: 1198.395
C.M.: mass: 592.3055 pos: 44.12336   -25.76172    -14.14184 vel: 0.3139463   -0.2035236    -0.1780894
Tree step number: 1024
**** Wallclock time per step (local): [Min/Max]
 Total       PP_single   PP_cluster  PP_cross    Tree_NB     Tree_Force  Force_corr  Kick        FindCluster CreateGroup MPI_comm    Output      Status      Other      
   0.0010828   7.422e-06  0.00020369           0  0.00015269  0.00068932   6.577e-06  3.2876e-06  6.9743e-06    1.28e-05  6.5712e-07  5.0162e-07  5.1367e-09  1.6247e-06
   0.0010829  7.4517e-06  0.00020374           0  0.00015155  0.00068548  6.6218e-06  3.3172e-06  7.0082e-06  1.2815e-05  6.8656e-07   5.017e-07   5.166e-09  1.7349e-06
**** FDPS tree soft force time profile (local):
 Sample_ptcl Domain_deco Ex_ptcl     SetRootCell Make_LT     Make_LET    Make_GT     Make_Group  Make_I_list Calc_force  Write_back 
           0           0           0  3.9069e-06  0.00011938  1.5462e-05  9.4954e-05  1.5079e-06  2.8036e-05  0.00037779  8.4114e-06
**** Tree neighbor time profile (local):
 Sample_ptcl Domain_deco Ex_ptcl     SetRootCell Make_LT     Make_LET    Make_GT     Make_Group  Make_I_list Calc_force  Write_back 
           0           0           0  1.7627e-06  5.2239e-05  8.6747e-06  3.9571e-05  3.9005e-07  6.3616e-06  2.9493e-05  2.4939e-06
**** Number per step (global):
 PP_single   PP_cluster  PP_cross    Cluster     Cross       AR_step_sum
         997           3           0           1           0      129.45
 AR_tsyn_sum Stab_Ngroup Iso_Ngroup  Form_Ngroup End_Ngroup  Modf_Ngroup Merg_Ngroup H4_step_sum H4_no_NB    Ep-Ep_sum   Ep-Sp_sum  
      45.483           1           0           0           0           0           0      29.493           0  8.8938e+05      9941.9
**** Number of members in clusters (global):
N_members:            1           3
Count    :          997           1

Time: 186  N_real(loc): 1000  N_real(glb): 1000  N_all(loc): 1012  N_all(glb): 1012  N_remove(glb): 0  N_escape(glb): 0
Energy:     Error/Total         Error     Error_cum         Total       Kinetic     Potential        Modify  Modify_group Modify_single      Error_PP  Error_PP_cum
Physic:    -3.94652e-06  -0.003857554      12.38891      977.4572      1819.878     -842.4213       1292.02             0             0 -0.0006793833     0.2420812
Slowdown: -3.210921e-06  -0.003138538      85.94611      977.4572      1819.878     -842.4213      13242.01             0             0  3.963275e-05      73.79928
Angular Momentum:  |L|err: 0.4252374  |L|err_cum: 1228.26  L: 270.7563   569.0584    -1021.192  |L|: 1199.988
C.M.: mass: 592.3055 pos: 44.44785   -25.95509    -14.25012 vel: 0.3133018   -0.1964919    -0.1761414
Tree step number: 1024
**** Wallclock time per step (local): [Min/Max]
 Total       PP_single   PP_cluster  PP_cross    Tree_NB     Tree_Force  Force_corr  Kick        FindCluster CreateGroup MPI_comm    Output      Status      Other      
   0.0010902  7.3382e-06  0.00020062           0  0.00015517  0.00069753  6.7122e-06  3.4274e-06  7.1012e-06  1.2664e-05  6.2007e-07  4.9975e-07  4.7451e-09  1.5216e-06
   0.0010903  7.3682e-06  0.00020066           0   0.0001541  0.00069362  6.7583e-06  3.4571e-06  7.1338e-06   1.268e-05  6.4932e-07  4.9985e-07  4.7744e-09  1.5806e-06
**** FDPS tree soft force time profile (local):
 Sample_ptcl Domain_deco Ex_ptcl     SetRootCell Make_LT     Make_LET    Make_GT     Make_Group  Make_I_list Calc_force  Write_back 
           0           0           0   3.487e-06  0.00011862  1.5092e-05   9.491e-05  1.4299e-06  2.7666e-05  0.00038688  8.5622e-06
**** Tree neighbor time profile (local):
 Sample_ptcl Domain_deco Ex_ptcl     SetRootCell Make_LT     Make_LET    Make_GT     Make_Group  Make_I_list Calc_force  Write_back 
           0           0           0  1.9189e-06  5.2947e-05  8.5876e-06   3.961e-05  3.8603e-07  6.4568e-06  3.1192e-05  2.3402e-06
**** Number per step (global):
 PP_single   PP_cluster  PP_cross    Cluster     Cross       AR_step_sum
         997           3           0           1           0      129.34
 AR_tsyn_sum Stab_Ngroup Iso_Ngroup  Form_Ngroup End_Ngroup  Modf_Ngroup Merg_Ngroup H4_step_sum H4_no_NB    Ep-Ep_sum   Ep-Sp_sum  
      45.557           1           0           0           0           0           0      29.512           0  8.8925e+05      9889.3
**** Number of members in clusters (global):
N_members:            1           3
Count    :          997           1

Time: 187  N_real(loc): 1000  N_real(glb): 1000  N_all(loc): 1012  N_all(glb): 1012  N_remove(glb): 0  N_escape(glb): 0
Energy:     Error/Total         Error     Error_cum         Total       Kinetic     Potential        Modify  Modify_group Modify_single      Error_PP  Error_PP_cum
Physic:    2.639006e-06   0.002575971      12.39149      976.1141      1747.392     -771.2774      1290.674             0             0  0.0009096226     0.2429908
Slowdown:  1.747814e-06   0.001706066      85.94781      976.1141      1747.392     -771.2774      13240.66             0             0  3.971828e-05      73.79932
Angular Momentum:  |L|err: -4.415444  |L|err_cum: 1223.845  L: 238.7762   538.958    -1041.7  |L|: 1196.925
C.M.: mass: 592.3055 pos: 44.78021   -26.14201    -14.36413 vel: 0.3097525   -0.1720026    -0.147798
Tree step number: 1024
**** Wallclock time per step (local): [Min/Max]
 Total       PP_single   PP_cluster  PP_cross    Tree_NB     Tree_Force  Force_corr  Kick        FindCluster CreateGroup MPI_comm    Output      Status      Other      
   0.0009655  6.9708e-06  0.00020453           0  0.00014303  0.00057921  6.8213e-06  3.8195e-06  7.6472e-06  1.3161e-05  6.0841e-07  7.6925e-07  6.4189e-09   1.819e-06
  0.00096553  7.0009e-06  0.00020457           0  0.00014171  0.00057549  6.8668e-06  3.8496e-06  7.6807e-06  1.3177e-05  6.3801e-07  7.6934e-07  6.4482e-09   1.879e-06
**** FDPS tree soft force time profile (local):
 Sample_ptcl Domain_deco Ex_ptcl     SetRootCell Make_LT     Make_LET    Make_GT     Make_Group  Make_I_list Calc_force  Write_back 
           0           0           0  4.2059e-06  0.00012049  1.4716e-05  9.4429e-05   1.764e-06  3.6588e-05  0.00025871  8.1866e-06
**** Tree neighbor time profile (local):
 Sample_ptcl Domain_deco Ex_ptcl     SetRootCell Make_LT     Make_LET    Make_GT     Make_Group  Make_I_list Calc_force  Write_back 
           0           0           0  1.7614e-06  5.3181e-05   8.952e-06   4.053e-05  4.6408e-07  7.0866e-06   1.646e-05  2.8404e-06
**** Number per step (global):
 PP_single   PP_cluster  PP_cross    Cluster     Cross       AR_step_sum
      996.66      3.3398           0      1.1699           0      129.37
 AR_tsyn_sum Stab_Ngroup Iso_Ngroup  Form_Ngroup End_Ngroup  Modf_Ngroup Merg_Ngroup H4_step_sum H4_no_NB    Ep-Ep_sum   Ep-Sp_sum  
       45.51           1           0           0           0           0           0      30.612           0  8.7827e+05       11146
**** Number of members in clusters (global):
N_members:            1           2           3
Count    :       996.66     0.16992           1

Time: 188  N_real(loc): 1000  N_real(glb): 1000  N_all(loc): 1012  N_all(glb): 1012  N_remove(glb): 0  N_escape(glb): 0
Energy:     Error/Total         Error     Error_cum         Total       Kinetic     Potential        Modify  Modify_group Modify_single      Error_PP  Error_PP_cum
Physic:    6.641184e-06   0.006473713      12.39796      974.7829      3863.666     -2888.883      1289.336             0             0   0.001132289     0.2441231
Slowdown:  5.520505e-06   0.005381294       85.9532      974.7829      3863.666     -2888.883      13239.33             0             0  3.987044e-05      73.79936
Angular Momentum:  |L|err: -10.1877  |L|err_cum: 1213.657  L: 201.3593   501.9917    -1058.084  |L|: 1188.311
C.M.: mass: 592.3055 pos: 45.20807   -26.41646    -14.49754 vel: 0.123067   -0.1765536    0.0691891
Tree step number: 1024
**** Wallclock time per step (local): [Min/Max]
 Total       PP_single   PP_cluster  PP_cross    Tree_NB     Tree_Force  Force_corr  Kick        FindCluster CreateGroup MPI_comm    Output      Status      Other      
  0.00095373  7.2633e-06  0.00020288           0  0.00013987  0.00057398  6.4457e-06  3.5144e-06  7.1851e-06  1.2637e-05  6.2713e-07   6.646e-07  8.1689e-09  1.5924e-06
  0.00095376  7.2931e-06  0.00020292           0  0.00013875  0.00056982  6.4902e-06  3.5449e-06  7.2182e-06  1.2653e-05  6.5663e-07  6.6483e-07   8.209e-09  1.6518e-06
**** FDPS tree soft force time profile (local):
 Sample_ptcl Domain_deco Ex_ptcl     SetRootCell Make_LT     Make_LET    Make_GT     Make_Group  Make_I_list Calc_force  Write_back 
           0           0           0  3.6168e-06  0.00012108  1.4831e-05  9.4266e-05  2.0983e-06  3.7521e-05    0.000251  9.0644e-06
**** Tree neighbor time profile (local):
 Sample_ptcl Domain_deco Ex_ptcl     SetRootCell Make_LT     Make_LET    Make_GT     Make_Group  Make_I_list Calc_force  Write_back 
           0           0           0  2.2544e-06  5.2986e-05  8.6905e-06  4.0023e-05  4.6091e-07  6.9704e-06  1.4817e-05  2.4506e-06
**** Number per step (global):
 PP_single   PP_cluster  PP_cross    Cluster     Cross       AR_step_sum
         997           3           0           1           0      129.55
 AR_tsyn_sum Stab_Ngroup Iso_Ngroup  Form_Ngroup End_Ngroup  Modf_Ngroup Merg_Ngroup H4_step_sum H4_no_NB    Ep-Ep_sum   Ep-Sp_sum  
       45.63           1           0           0           0           0           0      29.581           0  8.7769e+05       11378
**** Number of members in clusters (global):
N_members:            1           3
Count    :          997           1

Time: 189  N_real(loc): 1000  N_real(glb): 1000  N_all(loc): 1012  N_all(glb): 1012  N_remove(glb): 0  N_escape(glb): 0
Energy:     Error/Total         Error     Error_cum         Total       Kinetic     Potential        Modify  Modify_group Modify_single      Error_PP  Error_PP_cum
Physic:   -6.491115e-06  -0.006318566      12.39164      973.4176      1776.493     -803.0755      1287.977             0             0  -0.001288838     0.2428343
Slowdown: -5.125508e-06   -0.00498926      85.94821      973.4176      1776.493     -803.0755      13237.97             0             0  4.046803e-05       73.7994
Angular Momentum:  |L|err: -12.45911  |L|err_cum: 1201.198  L: 157.9636   458.2648    -1073.365  |L|: 1177.74
C.M.: mass: 592.3055 pos: 45.52217   -26.58071    -14.61048 vel: 0.3423095   -0.1724868    -0.1470359
Tree step number: 1024
**** Wallclock time per step (local): [Min/Max]
 Total       PP_single   PP_cluster  PP_cross    Tree_NB     Tree_Force  Force_corr  Kick        FindCluster CreateGroup MPI_comm    Output      Status      Other      
  0.00097425  7.4566e-06  0.00020701           0  0.00014376  0.00058522  6.3825e-06  3.4891e-06  7.7911e-06  1.3148e-05  8.1798e-07  5.4323e-07  4.7158e-09   1.628e-06
  0.00097428  7.4873e-06  0.00020707           0  0.00014254  0.00058124  6.4273e-06  3.5197e-06  7.8262e-06  1.3163e-05   8.479e-07  5.4333e-07  4.7451e-09  1.6872e-06
**** FDPS tree soft force time profile (local):
 Sample_ptcl Domain_deco Ex_ptcl     SetRootCell Make_LT     Make_LET    Make_GT     Make_Group  Make_I_list Calc_force  Write_back 
           0           0           0  3.9622e-06  0.00012261  1.5521e-05  9.6601e-05  1.8688e-06  3.8341e-05   0.0002576  8.7285e-06
**** Tree neighbor time profile (local):
 Sample_ptcl Domain_deco Ex_ptcl     SetRootCell Make_LT     Make_LET    Make_GT     Make_Group  Make_I_list Calc_force  Write_back 
           0           0           0  2.1478e-06  5.4189e-05  8.6718e-06  4.0463e-05    4.92e-07  7.1864e-06  1.6626e-05  2.6579e-06
**** Number per step (global):
 PP_single   PP_cluster  PP_cross    Cluster     Cross       AR_step_sum
         997           3           0           1           0      129.88
 AR_tsyn_sum Stab_Ngroup Iso_Ngroup  Form_Ngroup End_Ngroup  Modf_Ngroup Merg_Ngroup H4_step_sum H4_no_NB    Ep-Ep_sum   Ep-Sp_sum  
      45.837           1           0           0           0           0           0      29.621           0  8.7519e+05       12258
**** Number of members in clusters (global):
N_members:            1           3
Count    :          997           1

Time: 190  N_real(loc): 1000  N_real(glb): 1000  N_all(loc): 1012  N_all(glb): 1012  N_remove(glb): 0  N_escape(glb): 0
Energy:     Error/Total         Error     Error_cum         Total       Kinetic     Potential        Modify  Modify_group Modify_single      Error_PP  Error_PP_cum
Physic:    2.291398e-06    0.00222739      12.39387      972.0662      1743.006     -770.9401      1286.624             0             0   0.002164803     0.2449991
Slowdown:   9.56577e-08  0.0001031538      85.94831      1078.364      1732.052     -653.6882      13342.91             0             0  4.056595e-05      73.79944
Angular Momentum:  |L|err: -19.62812  |L|err_cum: 1181.57  L: 107.6211   405.4239    -1081.892  |L|: 1160.363
C.M.: mass: 592.3055 pos: 45.90704   -26.82203    -14.73349 vel: 0.3841029   -0.1917924    -0.1748334
Tree step number: 1024
**** Wallclock time per step (local): [Min/Max]
 Total       PP_single   PP_cluster  PP_cross    Tree_NB     Tree_Force  Force_corr  Kick        FindCluster CreateGroup MPI_comm    Output      Status      Other      
  0.00099691  7.2992e-06  0.00020918           0  0.00014364   0.0006056  6.8294e-06  3.3933e-06   7.883e-06  1.2921e-05  6.1469e-07  7.2791e-07  5.7236e-09  1.7246e-06
  0.00099694  7.3291e-06  0.00020924           0  0.00014245  0.00060166  6.8744e-06  3.4232e-06  7.9174e-06  1.2936e-05  6.4436e-07  7.2804e-07  5.7529e-09  1.7847e-06
**** FDPS tree soft force time profile (local):
 Sample_ptcl Domain_deco Ex_ptcl     SetRootCell Make_LT     Make_LET    Make_GT     Make_Group  Make_I_list Calc_force  Write_back 
           0           0           0   3.909e-06  0.00012267  1.5651e-05  9.6301e-05  1.8656e-06   3.841e-05  0.00027858  8.7027e-06
**** Tree neighbor time profile (local):
 Sample_ptcl Domain_deco Ex_ptcl     SetRootCell Make_LT     Make_LET    Make_GT     Make_Group  Make_I_list Calc_force  Write_back 
           0           0           0  1.7687e-06  5.3256e-05  8.9348e-06  4.0441e-05  6.7272e-07  7.2417e-06  1.7146e-05  2.5779e-06
**** Number per step (global):
 PP_single   PP_cluster  PP_cross    Cluster     Cross       AR_step_sum
         997           3           0           1           0      129.76
 AR_tsyn_sum Stab_Ngroup Iso_Ngroup  Form_Ngroup End_Ngroup  Modf_Ngroup Merg_Ngroup H4_step_sum H4_no_NB    Ep-Ep_sum   Ep-Sp_sum  
      45.804           1           0           0           0           0           0      29.583           0  8.7684e+05       11670
**** Number of members in clusters (global):
N_members:            1           3
Count    :          997           1

Time: 191  N_real(loc): 1000  N_real(glb): 1000  N_all(loc): 1012  N_all(glb): 1012  N_remove(glb): 0  N_escape(glb): 0
Energy:     Error/Total         Error     Error_cum         Total       Kinetic     Potential        Modify  Modify_group Modify_single      Error_PP  Error_PP_cum
Physic:   -4.002456e-05   -0.03885003      12.35502      970.6547      3802.708     -2832.054      1285.251             0             0  -0.008831338     0.2361677
Slowdown:  -2.64974e-05    -0.0299775      85.91833      1131.337      3297.551     -2166.214      13502.21             0             0   4.11892e-05      73.79948
Angular Momentum:  |L|err: -14.47757  |L|err_cum: 1167.092  L: 52.74147   348.2774    -1093.16  |L|: 1148.511
C.M.: mass: 592.3055 pos: 46.21475   -26.98983    -14.84169 vel: 0.2135714   -0.179866    0.06168704
Tree step number: 1024
**** Wallclock time per step (local): [Min/Max]
 Total       PP_single   PP_cluster  PP_cross    Tree_NB     Tree_Force  Force_corr  Kick        FindCluster CreateGroup MPI_comm    Output      Status      Other      
   0.0010124   7.711e-06  0.00020793           0    0.000148   0.0006177  6.8452e-06  3.4506e-06  7.4687e-06  1.3214e-05   6.776e-07  6.5161e-07  4.8916e-09  1.8698e-06
   0.0010124  7.7414e-06  0.00020798           0  0.00014676  0.00061338  6.8904e-06  3.4803e-06  7.5163e-06  1.3229e-05  7.0729e-07  6.5174e-07  4.9209e-09   1.931e-06
**** FDPS tree soft force time profile (local):
 Sample_ptcl Domain_deco Ex_ptcl     SetRootCell Make_LT     Make_LET    Make_GT     Make_Group  Make_I_list Calc_force  Write_back 
           0           0           0  3.6291e-06  0.00012471   1.584e-05  9.8153e-05  1.9411e-06  3.8809e-05  0.00028456  9.4432e-06
**** Tree neighbor time profile (local):
 Sample_ptcl Domain_deco Ex_ptcl     SetRootCell Make_LT     Make_LET    Make_GT     Make_Group  Make_I_list Calc_force  Write_back 
           0           0           0  1.9765e-06  5.4224e-05  8.7679e-06    4.19e-05  5.0573e-07  7.4294e-06  1.8826e-05  2.7066e-06
**** Number per step (global):
 PP_single   PP_cluster  PP_cross    Cluster     Cross       AR_step_sum
         997           3           0           1           0      129.98
 AR_tsyn_sum Stab_Ngroup Iso_Ngroup  Form_Ngroup End_Ngroup  Modf_Ngroup Merg_Ngroup H4_step_sum H4_no_NB    Ep-Ep_sum   Ep-Sp_sum  
      45.861           1           0           0           0           0           0      29.646           0  8.7499e+05       11718
**** Number of members in clusters (global):
N_members:            1           3
Count    :          997           1

Time: 192  N_real(loc): 1000  N_real(glb): 1000  N_all(loc): 1012  N_all(glb): 1012  N_remove(glb): 0  N_escape(glb): 0
Energy:     Error/Total         Error     Error_cum         Total       Kinetic     Potential        Modify  Modify_group Modify_single      Error_PP  Error_PP_cum
Physic:   -2.245584e-05   -0.02176556      12.33325      969.2608       1752.72     -783.4587      1283.879             0             0  -0.004043779      0.232124
Slowdown: -1.564668e-05   -0.01768034      85.90065      1129.974      1733.312      -603.338      13661.55             0             0   4.14485e-05      73.79952
Angular Momentum:  |L|err: -16.70097  |L|err_cum: 1150.391  L: -8.462121   283.0012    -1099  |L|: 1134.884
C.M.: mass: 592.3055 pos: 46.4822   -27.12062    -14.94252 vel: 0.4376311   -0.1622043    -0.1327083
Tree step number: 1024
**** Wallclock time per step (local): [Min/Max]
 Total       PP_single   PP_cluster  PP_cross    Tree_NB     Tree_Force  Force_corr  Kick        FindCluster CreateGroup MPI_comm    Output      Status      Other      
  0.00098281  7.0397e-06  0.00020136           0  0.00014274  0.00060209  6.4838e-06  3.5366e-06  7.0425e-06  1.2674e-05  5.9981e-07  5.3786e-07  4.6484e-09  1.5192e-06
  0.00098284  7.0694e-06  0.00020141           0   0.0001416  0.00059823  6.5289e-06  3.5665e-06  7.0754e-06  1.2689e-05  6.2908e-07  5.3797e-07  4.6777e-09  1.5783e-06
**** FDPS tree soft force time profile (local):
 Sample_ptcl Domain_deco Ex_ptcl     SetRootCell Make_LT     Make_LET    Make_GT     Make_Group  Make_I_list Calc_force  Write_back 
           0           0           0  3.8569e-06  0.00012065  1.4779e-05  9.5788e-05  1.8631e-06  3.7518e-05  0.00028007  8.4424e-06
**** Tree neighbor time profile (local):
 Sample_ptcl Domain_deco Ex_ptcl     SetRootCell Make_LT     Make_LET    Make_GT     Make_Group  Make_I_list Calc_force  Write_back 
           0           0           0  1.8033e-06  5.2656e-05  8.6547e-06  3.9552e-05  4.7349e-07  7.4187e-06  1.7959e-05  2.4776e-06
**** Number per step (global):
 PP_single   PP_cluster  PP_cross    Cluster     Cross       AR_step_sum
         997           3           0           1           0      129.25
 AR_tsyn_sum Stab_Ngroup Iso_Ngroup  Form_Ngroup End_Ngroup  Modf_Ngroup Merg_Ngroup H4_step_sum H4_no_NB    Ep-Ep_sum   Ep-Sp_sum  
      45.645           1           0           0           0           0           0      29.466           0  8.7456e+05       11890
**** Number of members in clusters (global):
N_members:            1           3
Count    :          997           1

Time: 193  N_real(loc): 1000  N_real(glb): 1000  N_all(loc): 1012  N_all(glb): 1012  N_remove(glb): 0  N_escape(glb): 0
Energy:     Error/Total         Error     Error_cum         Total       Kinetic     Potential        Modify  Modify_group Modify_single      Error_PP  Error_PP_cum
Physic:    3.313855e-05    0.03207589      12.36533      967.9331      1837.269     -869.3356      1282.519             0             0   0.008785077      0.240909
Slowdown:  2.115992e-05    0.02333253      85.92398      1102.676      1804.018     -701.3416      13794.94             0             0  4.171495e-05      73.79956
Angular Momentum:  |L|err: -16.98007  |L|err_cum: 1133.411  L: -76.60954   208.879    -1099.23  |L|: 1121.52
C.M.: mass: 592.3055 pos: 46.69465   -27.18275    -15.04654 vel: 0.4770066   -0.185633    -0.1653791
Tree step number: 1024
**** Wallclock time per step (local): [Min/Max]
 Total       PP_single   PP_cluster  PP_cross    Tree_NB     Tree_Force  Force_corr  Kick        FindCluster CreateGroup MPI_comm    Output      Status      Other      
  0.00098935  7.2557e-06  0.00020316           0  0.00014208  0.00060754  6.4236e-06    3.33e-06  7.5781e-06  1.2386e-05  5.8959e-07  5.0126e-07  4.7842e-09  1.5172e-06
  0.00098938  7.2857e-06  0.00020321           0  0.00014093  0.00060372  6.4679e-06  3.3598e-06  7.6111e-06  1.2401e-05  6.1914e-07  5.0136e-07  4.8135e-09  1.5774e-06
**** FDPS tree soft force time profile (local):
 Sample_ptcl Domain_deco Ex_ptcl     SetRootCell Make_LT     Make_LET    Make_GT     Make_Group  Make_I_list Calc_force  Write_back 
           0           0           0  3.3766e-06  0.00012075   1.483e-05  9.3986e-05   1.743e-06  3.6656e-05  0.00028799  8.4094e-06
**** Tree neighbor time profile (local):
 Sample_ptcl Domain_deco Ex_ptcl     SetRootCell Make_LT     Make_LET    Make_GT     Make_Group  Make_I_list Calc_force  Write_back 
           0           0           0  1.8919e-06  5.1704e-05  8.2119e-06  4.0222e-05  4.5571e-07   7.008e-06  1.8841e-05  2.4974e-06
**** Number per step (global):
 PP_single   PP_cluster  PP_cross    Cluster     Cross       AR_step_sum
      996.59      3.4062           0      1.2031           0      128.94
 AR_tsyn_sum Stab_Ngroup Iso_Ngroup  Form_Ngroup End_Ngroup  Modf_Ngroup Merg_Ngroup H4_step_sum H4_no_NB    Ep-Ep_sum   Ep-Sp_sum  
      45.389           1           0           0           0           0           0      31.679           0  8.7407e+05       11718
**** Number of members in clusters (global):
N_members:            1           2           3
Count    :       996.59     0.20312           1

Time: 194  N_real(loc): 1000  N_real(glb): 1000  N_all(loc): 1012  N_all(glb): 1012  N_remove(glb): 0  N_escape(glb): 0
Energy:     Error/Total         Error     Error_cum         Total       Kinetic     Potential        Modify  Modify_group Modify_single      Error_PP  Error_PP_cum
Physic:   -2.544569e-05   -0.02459484      12.34074      966.5622      2837.547     -1870.985      1281.173             0             0  -0.006585633     0.2343234
Slowdown: -1.700595e-05   -0.01796721      85.90602      1056.524      2682.388     -1625.863      13883.55             0             0  4.200565e-05       73.7996
Angular Momentum:  |L|err: -5.721196  |L|err_cum: 1127.69  L: -147.9709   131.8616    -1102.064  |L|: 1119.744
C.M.: mass: 592.3055 pos: 46.99999   -27.38299    -15.1409 vel: 0.3046132   -0.07212451    0.1069541
Tree step number: 1024
**** Wallclock time per step (local): [Min/Max]
 Total       PP_single   PP_cluster  PP_cross    Tree_NB     Tree_Force  Force_corr  Kick        FindCluster CreateGroup MPI_comm    Output      Status      Other      
   0.0010004  6.9222e-06  0.00020376           0    0.000144   0.0006149  6.4193e-06  3.3474e-06  7.5481e-06  1.3182e-05  7.8909e-07  5.7228e-07  7.2012e-09  1.6318e-06
   0.0010004  6.9521e-06  0.00020396           0  0.00014285  0.00061106  6.4638e-06  3.3771e-06  7.5815e-06  1.3223e-05  8.1847e-07  5.7239e-07  7.2305e-09  1.7048e-06
**** FDPS tree soft force time profile (local):
 Sample_ptcl Domain_deco Ex_ptcl     SetRootCell Make_LT     Make_LET    Make_GT     Make_Group  Make_I_list Calc_force  Write_back 
           0           0           0  3.6351e-06  0.00011943  1.5251e-05  9.2218e-05  1.7704e-06  3.7251e-05  0.00029683  8.4519e-06
**** Tree neighbor time profile (local):
 Sample_ptcl Domain_deco Ex_ptcl     SetRootCell Make_LT     Make_LET    Make_GT     Make_Group  Make_I_list Calc_force  Write_back 
           0           0           0  1.8228e-06  5.2087e-05  8.3134e-06  3.9182e-05  5.7018e-07  7.3969e-06  2.0097e-05  2.4993e-06
**** Number per step (global):
 PP_single   PP_cluster  PP_cross    Cluster     Cross       AR_step_sum
      996.29      3.7109           0      1.3555           0      128.96
 AR_tsyn_sum Stab_Ngroup Iso_Ngroup  Form_Ngroup End_Ngroup  Modf_Ngroup Merg_Ngroup H4_step_sum H4_no_NB    Ep-Ep_sum   Ep-Sp_sum  
      45.448           1           0           0           0           0           0      31.984           0  8.7432e+05       11267
**** Number of members in clusters (global):
N_members:            1           2           3
Count    :       996.29     0.35547           1

Time: 195  N_real(loc): 1000  N_real(glb): 1000  N_all(loc): 1012  N_all(glb): 1012  N_remove(glb): 0  N_escape(glb): 0
Energy:     Error/Total         Error     Error_cum         Total       Kinetic     Potential        Modify  Modify_group Modify_single      Error_PP  Error_PP_cum
Physic:    5.720254e-06    0.00552148      12.34626      965.2508      1803.469      -838.218      1279.856             0             0   0.001767968     0.2360914
Slowdown:  3.370986e-06   0.003795531      85.90981      1125.941      1771.124     -645.1825      14042.93             0             0   4.20193e-05      73.79965
Angular Momentum:  |L|err: 0.2286798  |L|err_cum: 1127.919  L: -225.345   47.29852    -1100.529  |L|: 1124.358
C.M.: mass: 592.3055 pos: 47.3311   -27.5805    -15.2483 vel: 0.36258   -0.07533914    -0.008465352
Tree step number: 1024
**** Wallclock time per step (local): [Min/Max]
 Total       PP_single   PP_cluster  PP_cross    Tree_NB     Tree_Force  Force_corr  Kick        FindCluster CreateGroup MPI_comm    Output      Status      Other      
   0.0010236  6.9771e-06  0.00020408           0  0.00014565  0.00063585  7.0141e-06  3.4242e-06  7.8761e-06  1.2736e-05  5.8518e-07  6.6904e-07  5.2842e-09  1.6347e-06
   0.0010236   7.007e-06  0.00020413           0  0.00014453  0.00063178  7.0594e-06  3.4538e-06  7.9097e-06  1.2752e-05  6.1443e-07  6.6918e-07  5.3135e-09  1.6953e-06
**** FDPS tree soft force time profile (local):
 Sample_ptcl Domain_deco Ex_ptcl     SetRootCell Make_LT     Make_LET    Make_GT     Make_Group  Make_I_list Calc_force  Write_back 
           0           0           0  3.9601e-06   0.0001206  1.5406e-05  9.2524e-05  1.8188e-06  3.8118e-05   0.0003135  8.8941e-06
**** Tree neighbor time profile (local):
 Sample_ptcl Domain_deco Ex_ptcl     SetRootCell Make_LT     Make_LET    Make_GT     Make_Group  Make_I_list Calc_force  Write_back 
           0           0           0  1.9972e-06  5.3338e-05  8.4958e-06  3.9512e-05  4.5916e-07  7.3793e-06  2.0109e-05  2.4355e-06
**** Number per step (global):
 PP_single   PP_cluster  PP_cross    Cluster     Cross       AR_step_sum
      996.43      3.5664           0      1.2832           0      129.35
 AR_tsyn_sum Stab_Ngroup Iso_Ngroup  Form_Ngroup End_Ngroup  Modf_Ngroup Merg_Ngroup H4_step_sum H4_no_NB    Ep-Ep_sum   Ep-Sp_sum  
      45.543           1           0           0           0           0           0      31.613           0  8.7286e+05       11106
**** Number of members in clusters (global):
N_members:            1           2           3
Count    :       996.43      0.2832           1

Time: 196  N_real(loc): 1000  N_real(glb): 1000  N_all(loc): 1012  N_all(glb): 1012  N_remove(glb): 0  N_escape(glb): 0
Energy:     Error/Total         Error     Error_cum         Total       Kinetic     Potential        Modify  Modify_group Modify_single      Error_PP  Error_PP_cum
Physic:    8.253318e-06   0.007956039      12.35421      963.9806      1750.006     -786.0254      1278.578             0             0   0.002060187     0.2381516
Slowdown:  5.279672e-06   0.005937838      85.91575       1124.66      1729.987     -605.3267      14202.33             0             0  4.198627e-05      73.79969
Angular Momentum:  |L|err: 9.075406  |L|err_cum: 1136.994  L: -307.7143   -43.64729    -1094.865  |L|: 1138.122
C.M.: mass: 592.3055 pos: 47.64802   -27.74805    -15.35795 vel: 0.3308784   -0.09514556    -0.04029389
Tree step number: 1024
**** Wallclock time per step (local): [Min/Max]
 Total       PP_single   PP_cluster  PP_cross    Tree_NB     Tree_Force  Force_corr  Kick        FindCluster CreateGroup MPI_comm    Output      Status      Other      
   0.0010528  7.3662e-06   0.0002071           0  0.00014461  0.00066241  6.6794e-06  3.4626e-06  7.4996e-06  1.3059e-05  7.1159e-07  6.6904e-07  5.6748e-09  1.9804e-06
   0.0010529  7.4097e-06  0.00020714           0  0.00014349  0.00065845  6.7242e-06  3.4929e-06  7.5334e-06  1.3075e-05  7.4179e-07  6.6919e-07  5.7822e-09  2.0426e-06
**** FDPS tree soft force time profile (local):
 Sample_ptcl Domain_deco Ex_ptcl     SetRootCell Make_LT     Make_LET    Make_GT     Make_Group  Make_I_list Calc_force  Write_back 
           0           0           0  3.6576e-06  0.00012187  1.5798e-05  9.5287e-05  1.8097e-06  3.8076e-05  0.00033649  8.6982e-06
**** Tree neighbor time profile (local):
 Sample_ptcl Domain_deco Ex_ptcl     SetRootCell Make_LT     Make_LET    Make_GT     Make_Group  Make_I_list Calc_force  Write_back 
           0           0           0  1.8208e-06  5.2376e-05  8.3631e-06  3.9415e-05  4.8685e-07  7.2709e-06  2.0356e-05  2.4535e-06
**** Number per step (global):
 PP_single   PP_cluster  PP_cross    Cluster     Cross       AR_step_sum
         997           3           0           1           0      129.78
 AR_tsyn_sum Stab_Ngroup Iso_Ngroup  Form_Ngroup End_Ngroup  Modf_Ngroup Merg_Ngroup H4_step_sum H4_no_NB    Ep-Ep_sum   Ep-Sp_sum  
      45.803           1           0           0           0           0           0      29.627           0  8.7069e+05       11531
**** Number of members in clusters (global):
N_members:            1           3
Count    :          997           1

Time: 197  N_real(loc): 1000  N_real(glb): 1000  N_all(loc): 1012  N_all(glb): 1012  N_remove(glb): 0  N_escape(glb): 0
Energy:     Error/Total         Error     Error_cum         Total       Kinetic     Potential        Modify  Modify_group Modify_single      Error_PP  Error_PP_cum
Physic:    1.872259e-06   0.001802511      12.35602      962.7462      1733.845     -771.0987      1277.342             0             0   0.001283035     0.2394346
Slowdown:  4.995929e-07  0.0005612529      85.91631      1123.421      1717.354     -593.9338      14361.77             0             0  4.177732e-05      73.79973
Angular Momentum:  |L|err: 21.65342  |L|err_cum: 1158.647  L: -393.9828   -139.3428    -1086.982  |L|: 1164.547
C.M.: mass: 592.3055 pos: 47.93036   -27.88632    -15.46263 vel: 0.312154   -0.1182727    -0.07747488
Tree step number: 1024
**** Wallclock time per step (local): [Min/Max]
 Total       PP_single   PP_cluster  PP_cross    Tree_NB     Tree_Force  Force_corr  Kick        FindCluster CreateGroup MPI_comm    Output      Status      Other      
   0.0010722   7.475e-06  0.00020709           0  0.00014769  0.00067923  6.7645e-06  3.4205e-06  7.8288e-06  1.2951e-05  5.9994e-07  5.1076e-07  4.6865e-09  1.7795e-06
   0.0010723  7.5051e-06  0.00020714           0  0.00014655  0.00067507  6.8096e-06  3.4502e-06  7.8621e-06  1.2966e-05  6.2967e-07  5.1087e-07  4.7158e-09  1.8418e-06
**** FDPS tree soft force time profile (local):
 Sample_ptcl Domain_deco Ex_ptcl     SetRootCell Make_LT     Make_LET    Make_GT     Make_Group  Make_I_list Calc_force  Write_back 
           0           0           0  3.4685e-06  0.00012246  1.5544e-05  9.6058e-05  1.8622e-06  3.8356e-05  0.00035055  9.0932e-06
**** Tree neighbor time profile (local):
 Sample_ptcl Domain_deco Ex_ptcl     SetRootCell Make_LT     Make_LET    Make_GT     Make_Group  Make_I_list Calc_force  Write_back 
           0           0           0  1.9978e-06   5.378e-05  8.6268e-06  3.9307e-05  4.6069e-07  7.4464e-06  2.1114e-05  2.5031e-06
**** Number per step (global):
 PP_single   PP_cluster  PP_cross    Cluster     Cross       AR_step_sum
      996.64      3.3555           0      1.1777           0      130.07
 AR_tsyn_sum Stab_Ngroup Iso_Ngroup  Form_Ngroup End_Ngroup  Modf_Ngroup Merg_Ngroup H4_step_sum H4_no_NB    Ep-Ep_sum   Ep-Sp_sum  
      45.897           1           0   0.0058594   0.0019531           0           0      31.717   0.0078125  8.7015e+05       11373
**** Number of members in clusters (global):
N_members:            1           2           3
Count    :       996.64     0.17773           1

Time: 198  N_real(loc): 1000  N_real(glb): 1000  N_all(loc): 1012  N_all(glb): 1012  N_remove(glb): 0  N_escape(glb): 0
Energy:     Error/Total         Error     Error_cum         Total       Kinetic     Potential        Modify  Modify_group Modify_single      Error_PP  Error_PP_cum
Physic:   -5.295702e-06  -0.005092129      12.35092      961.5589      1810.619     -849.0601      1276.159             0             0 -0.0002716689     0.2391629
Slowdown:  -4.96759e-06   -0.00477908      85.91153       962.052      1810.512     -848.4598      14361.08             0             0  4.137983e-05      73.79977
Angular Momentum:  |L|err: 35.43044  |L|err_cum: 1194.078  L: -483.2818   -238.7501    -1077.282  |L|: 1204.616
C.M.: mass: 592.3055 pos: 48.15422   -27.98178    -15.55584 vel: 0.3170753   -0.176926    -0.1515263
Tree step number: 1024
**** Wallclock time per step (local): [Min/Max]
 Total       PP_single   PP_cluster  PP_cross    Tree_NB     Tree_Force  Force_corr  Kick        FindCluster CreateGroup MPI_comm    Output      Status      Other      
   0.0010848  7.6699e-06  0.00020851           0  0.00014951  0.00068876  6.6602e-06  3.5161e-06  7.6914e-06  1.2983e-05  6.0954e-07  5.2343e-07  4.9893e-09  1.6165e-06
   0.0010849  7.6996e-06  0.00020855           0  0.00014832  0.00068452  6.7045e-06  3.5462e-06  7.7248e-06     1.3e-05  6.3901e-07  5.2375e-07  5.0186e-09  1.6785e-06
**** FDPS tree soft force time profile (local):
 Sample_ptcl Domain_deco Ex_ptcl     SetRootCell Make_LT     Make_LET    Make_GT     Make_Group  Make_I_list Calc_force  Write_back 
           0           0           0  3.7708e-06  0.00012305  1.5627e-05  9.6276e-05  1.9081e-06  3.9366e-05  0.00035854  9.2603e-06
**** Tree neighbor time profile (local):
 Sample_ptcl Domain_deco Ex_ptcl     SetRootCell Make_LT     Make_LET    Make_GT     Make_Group  Make_I_list Calc_force  Write_back 
           0           0           0   1.911e-06   5.304e-05  8.6274e-06  4.0868e-05  4.7766e-07  7.8049e-06  2.1881e-05  2.5975e-06
**** Number per step (global):
 PP_single   PP_cluster  PP_cross    Cluster     Cross       AR_step_sum
         997           3           0           1           0      130.52
 AR_tsyn_sum Stab_Ngroup Iso_Ngroup  Form_Ngroup End_Ngroup  Modf_Ngroup Merg_Ngroup H4_step_sum H4_no_NB    Ep-Ep_sum   Ep-Sp_sum  
      46.081           1           0           0           0           0           0      29.755           0  8.6743e+05       11865
**** Number of members in clusters (global):
N_members:            1           3
Count    :          997           1

Time: 199  N_real(loc): 1000  N_real(glb): 1000  N_all(loc): 1012  N_all(glb): 1012  N_remove(glb): 0  N_escape(glb): 0
Energy:     Error/Total         Error     Error_cum         Total       Kinetic     Potential        Modify  Modify_group Modify_single      Error_PP  Error_PP_cum
Physic:   -9.492714e-06  -0.009117034      12.34181      960.4243      1924.103     -963.6789      1275.034             0             0  -0.002891893      0.236271
Slowdown: -6.438791e-06  -0.006183972      85.90535      960.4243      1924.103     -963.6789      14359.95             0             0   4.11689e-05      73.79981
Angular Momentum:  |L|err: 50.24362  |L|err_cum: 1244.321  L: -576.2841   -342.5584    -1065.95  |L|: 1259.245
C.M.: mass: 592.3055 pos: 48.40113   -28.10486    -15.64967 vel: 0.2586791   -0.1196953    -0.0453815
Tree step number: 1024
**** Wallclock time per step (local): [Min/Max]
 Total       PP_single   PP_cluster  PP_cross    Tree_NB     Tree_Force  Force_corr  Kick        FindCluster CreateGroup MPI_comm    Output      Status      Other      
    0.001067  7.4013e-06  0.00020742           0  0.00014883  0.00067326  6.7497e-06   3.581e-06  7.4601e-06  1.2563e-05  6.2487e-07  5.7171e-07  4.6768e-09  1.6212e-06
    0.001067  7.4315e-06  0.00020747           0  0.00014757  0.00066933  6.8073e-06  3.6111e-06  7.4929e-06  1.2578e-05  6.5434e-07  5.7189e-07  4.7061e-09  1.6827e-06
**** FDPS tree soft force time profile (local):
 Sample_ptcl Domain_deco Ex_ptcl     SetRootCell Make_LT     Make_LET    Make_GT     Make_Group  Make_I_list Calc_force  Write_back 
           0           0           0  4.1408e-06  0.00012147  1.5495e-05  9.4857e-05  1.7837e-06  3.7477e-05  0.00035024  8.6547e-06
**** Tree neighbor time profile (local):
 Sample_ptcl Domain_deco Ex_ptcl     SetRootCell Make_LT     Make_LET    Make_GT     Make_Group  Make_I_list Calc_force  Write_back 
           0           0           0  1.7907e-06  5.2837e-05   8.409e-06  4.0286e-05  5.0751e-07  7.5436e-06  2.2484e-05  2.7218e-06
**** Number per step (global):
 PP_single   PP_cluster  PP_cross    Cluster     Cross       AR_step_sum
      996.25       3.752           0       1.376           0      129.93
 AR_tsyn_sum Stab_Ngroup Iso_Ngroup  Form_Ngroup End_Ngroup  Modf_Ngroup Merg_Ngroup H4_step_sum H4_no_NB    Ep-Ep_sum   Ep-Sp_sum  
      45.931           1           0           0           0           0           0      32.353           0  8.6053e+05       13534
**** Number of members in clusters (global):
N_members:            1           2           3
Count    :       996.25     0.37598           1

Time: 200  N_real(loc): 1000  N_real(glb): 1000  N_all(loc): 1012  N_all(glb): 1012  N_remove(glb): 0  N_escape(glb): 0
Energy:     Error/Total         Error     Error_cum         Total       Kinetic     Potential        Modify  Modify_group Modify_single      Error_PP  Error_PP_cum
Physic:    1.183909e-06   0.001135804      12.34294      959.3675      2067.279     -1107.912      1273.976             0             0   0.000117608     0.2363887
Slowdown:  1.104032e-06   0.001059173      85.90641      959.3675      2067.279     -1107.912      14358.89             0             0  4.097694e-05      73.79985
Angular Momentum:  |L|err: 63.55492  |L|err_cum: 1307.876  L: -672.8086   -451.0469    -1050.915  |L|: 1326.852
C.M.: mass: 592.3055 pos: 48.94467   -28.45974    -15.8035 vel: 0.3294944   -0.2489498    -0.2378208
Tree step number: 1024
**** Wallclock time per step (local): [Min/Max]
 Total       PP_single   PP_cluster  PP_cross    Tree_NB     Tree_Force  Force_corr  Kick        FindCluster CreateGroup MPI_comm    Output      Status      Other      
   0.0010694  7.1334e-06  0.00020727           0  0.00014893  0.00067575  6.6848e-06  3.4226e-06  7.3524e-06  1.2726e-05  6.3329e-07  5.5335e-07  5.2842e-09  1.6385e-06
   0.0010694  7.1632e-06  0.00020731           0  0.00014782  0.00067181  6.7297e-06  3.4526e-06  7.3854e-06  1.2741e-05  6.6274e-07  5.5347e-07  5.3135e-09  1.6996e-06
**** FDPS tree soft force time profile (local):
 Sample_ptcl Domain_deco Ex_ptcl     SetRootCell Make_LT     Make_LET    Make_GT     Make_Group  Make_I_list Calc_force  Write_back 
           0           0           0  3.8548e-06  0.00012331  1.6056e-05  9.5518e-05  1.8684e-06  3.9074e-05  0.00034747  8.6489e-06
**** Tree neighbor time profile (local):
 Sample_ptcl Domain_deco Ex_ptcl     SetRootCell Make_LT     Make_LET    Make_GT     Make_Group  Make_I_list Calc_force  Write_back 
           0           0           0  1.7432e-06  5.3939e-05  8.7507e-06  3.9838e-05  4.6392e-07  7.5094e-06  2.2558e-05  2.4264e-06
**** Number per step (global):
 PP_single   PP_cluster  PP_cross    Cluster     Cross       AR_step_sum
      996.54       3.459           0      1.2295           0      130.41
 AR_tsyn_sum Stab_Ngroup Iso_Ngroup  Form_Ngroup End_Ngroup  Modf_Ngroup Merg_Ngroup H4_step_sum H4_no_NB    Ep-Ep_sum   Ep-Sp_sum  
      46.067           1           0           0           0           0           0      32.502           0  8.5931e+05       13668
**** Number of members in clusters (global):
N_members:            1           2           3
Count    :       996.54     0.22949           1
MemoryPool::finalize() is completed!
******** FDPS has successfully finished. ********
Info: removed 4 empty tmp file(s) on exit.
