     //==================================\\
     ||                                  ||
     || ::::::: ::::::. ::::::. .::::::. ||
     || ::      ::    : ::    : ::       ||
     || ::::::  ::    : ::::::'  `:::::. ||
     || ::      ::::::' ::      `......' ||
     ||     Framework for Developing     ||
     ||        Particle Simulator        ||
     ||     Version 8.0 (2025/09)       ||
     \\==================================//

       Home   : https://github.com/fdps/fdps 
       E-mail : fdps-support@mail.jmlab.jp
       Licence: MIT (see, https://github.com/FDPS/FDPS/blob/master/LICENSE)
       Note   : Please cite the following papers.
                - Iwasawa et al. (2016, Publications of the Astronomical Society of Japan, 68, 54)
                - Namekata et al. (2018, Publications of the Astronomical Society of Japan, 70, 70)
                - Iwasawa et al. (2020, Publications of the Astronomical Society of Japan, 72, 13)

       Copyright (C) 2015 
         Masaki Iwasawa, Ataru Tanikawa, Natsuki Hosono,
         Keigo Nitadori, Takayuki Muranushi, Daisuke Namekata,
         Kentaro Nomura, Junichiro Makino and many others
******** FDPS has successfully begun. ********

 ******************************************
  ██████╗ ███████╗████████╗ █████╗ ██████╗
  ██╔══██╗██╔════╝╚══██╔══╝██╔══██╗██╔══██╗
  ██████╔╝█████╗     ██║   ███████║██████╔╝
  ██╔═══╝ ██╔══╝     ██║   ██╔══██║██╔══██╗
  ██║     ███████╗   ██║   ██║  ██║██║  ██║
  ╚═╝     ╚══════╝   ╚═╝   ╚═╝  ╚═╝╚═╝  ╚═╝
 ******************************************
Version: 1762e_447e
============== PeTar ================
 Online document: (preparing)
 GitHub page: https://github.com/lwang-astro/PeTar
 License: MIT
 Please cite the following papers when you use PeTar for any publications
    FDPS: see above FPDS Logo message
    SDAR: Wang L., Nitadori K., Makino J., 2020, MNRAS, 493, 3398
    PeTar: Wang L., Iwasawa M., Nitadori K., Makino J., 2020, MNRAS, 497, 536
 Copyright (C) 2017
    Long Wang, Masaki Iwasawa, Keigo Nitadori, Junichiro Makino and many others
=====================================
Use quadrupole moment in tree force calculation
Use 3rd order tidal tensor method
Use Pseudoparticle multipole method
Use 4th-order KDKDK mode for tree step
Use orbit-dependent neighbor criterion
Check energy of short-range (hard) integration
Count isolated particles in hard clusters
Use SIMD
Calculate profile
Use AR TTL method
Use slowdown Tree method
Use slowdown timescale criterion
Print adjust group information
=====================================
Input data unit: 1
End time of simulation: 200
Output time interval for particle dataset snapshots: 1
Tree timestep (dt_soft): 0.00195312
Reading data file name: input
----- Finish reading main options -----
----- Finish reading hard options -----
----- Parallelization information -----
MPI processors: 1
OMP threads:    4
----- Reading file: input -----
Number of particles = 1000
Time = 0
----- Unit set 1: Msun, pc, Myr -----
gravitational_constant = 0.0044985021514696 pc^3/(Msun*Myr^2)
----- Parameter list: -----
 Average mass                      = 0.52640735932447
 Mean inner changeover radius      = 0.0048931297163476
 Mean outer changeover radius      = 0.048931297163476
 Minimum neighbor searching radius = 0.058717556596172
 Velocity dispersion (1D)          = 0.55436256610736
 Tree time step                    = 0.001953125
 Output time step                  = 1
----- Hard Parameter list: -----
 Mean search group radius:         = 0.0048931297163476
 Mean group radius                 = 0.0039145037730781
 Hermite timestep coefficient 4th  = 0.1
 Hermite timestep coefficient init = 0.001
 Hermite maximum timestep          = 0.0009765625
 AR slowdown maximum timescale     = 0.00390625
 AR slowdown perturbation criterion= 0.0001
 Artificial particle ID offset     = 1001
 KDTree minimum particles+groups   = 32
-----  Save parameter files -----
Save PeTar parameters to file data.par
Save hard parameters to file data.par.hard
-----  Finish parameter initialization -----

Time: 0  N_real(loc): 1000  N_real(glb): 1000  N_all(loc): 1000  N_all(glb): 1000  N_remove(glb): 0  N_escape(glb): 0
Energy:     Error/Total         Error     Error_cum         Total       Kinetic     Potential        Modify  Modify_group Modify_single      Error_PP  Error_PP_cum
Physic:              -0             0             0     -242.2215      241.2354      -483.457             0             0             0             0             0
Slowdown:            -0             0             0     -242.2215      241.2354      -483.457             0             0             0             0             0
Angular Momentum:  |L|err: 0  |L|err_cum: 0  L: -12.40939   -5.601273    23.31631  |L|: 27.00032
C.M.: mass: 526.4074 pos: -0.05062286   -0.06518241    0.01351784 vel: 0.07889126   0.0403904    -0.04472742

Time: 1  N_real(loc): 1000  N_real(glb): 1000  N_all(loc): 1000  N_all(glb): 1000  N_remove(glb): 0  N_escape(glb): 0
Energy:     Error/Total         Error     Error_cum         Total       Kinetic     Potential        Modify  Modify_group Modify_single      Error_PP  Error_PP_cum
Physic:   -2.563992e-05   0.006210382   0.006210382     -242.2153      271.0538     -513.2692  5.058547e-08             0             0  -6.11063e-08  -6.11063e-08
Slowdown: -2.563992e-05   0.006210382   0.006210382     -242.2153      271.0538     -513.2692  5.060764e-08             0             0 -6.109991e-08 -6.109991e-08
Angular Momentum:  |L|err: 7.653935e-05  |L|err_cum: 7.653935e-05  L: -12.40936   -5.601259    23.31637  |L|: 27.00036
C.M.: mass: 526.4074 pos: 0.01879652   -0.02464851    0.0182485 vel: 0.08597224   0.06326307    0.02252195
Tree step number: 1024
**** Wallclock time per step (local): [Min/Max]
 Total       PP_single   PP_cluster  PP_cross    Tree_NB     Tree_Force  Force_corr  Kick        FindCluster CreateGroup MPI_comm    Output      Status      Other      
   0.0010887  7.5536e-06   0.0001441           0   0.0001712  0.00070287  1.1694e-05  3.8823e-06  3.0011e-05  1.8741e-05  6.3679e-07  7.5828e-07  6.0566e-09    1.76e-06
   0.0010887  7.5849e-06  0.00014414           0  0.00016988  0.00069845  1.1739e-05  3.9122e-06  3.0047e-05  1.8758e-05  6.6611e-07  7.5842e-07  6.0957e-09  1.8307e-06
**** FDPS tree soft force time profile (local):
 Sample_ptcl Domain_deco Ex_ptcl     SetRootCell Make_LT     Make_LET    Make_GT     Make_Group  Make_I_list Calc_force  Write_back 
           0           0           0  3.5026e-06  0.00011247  1.6139e-05  9.1732e-05  1.2706e-06  3.1364e-05  0.00039342   9.679e-06
**** Tree neighbor time profile (local):
 Sample_ptcl Domain_deco Ex_ptcl     SetRootCell Make_LT     Make_LET    Make_GT     Make_Group  Make_I_list Calc_force  Write_back 
           0           0           0  1.8146e-06  5.0477e-05  8.9887e-06  4.0758e-05  2.4181e-07  1.1248e-05  3.8387e-05  2.8602e-06
**** Number per step (global):
 PP_single   PP_cluster  PP_cross    Cluster     Cross       AR_step_sum
      901.08      98.922           0      35.325           0      2.5791
 AR_tsyn_sum Stab_Ngroup Iso_Ngroup  Form_Ngroup End_Ngroup  Modf_Ngroup Merg_Ngroup H4_step_sum H4_no_NB    Ep-Ep_sum   Ep-Sp_sum  
     0.88965           0           0    0.057617    0.013672           0           0      534.91     0.77832  9.5974e+05      6794.1
**** Number of members in clusters (global):
N_members:            1           2           3           4           5           6           7           8           9          10          11          12
Count    :       901.08      26.692      4.5264     0.92188     0.87891     0.65527     0.33105     0.21094     0.12891     0.10938     0.11328       0.125
N_members:           13          14          15          16          17          18          19          20          21          22          23          24
Count    :     0.099609    0.079102    0.042969    0.076172    0.046875    0.054688    0.037109      0.0625    0.056641     0.03125    0.033203   0.0019531
N_members:           25          26
Count    :    0.0039062   0.0058594

Time: 2  N_real(loc): 1000  N_real(glb): 1000  N_all(loc): 1000  N_all(glb): 1000  N_remove(glb): 0  N_escape(glb): 0
Energy:     Error/Total         Error     Error_cum         Total       Kinetic     Potential        Modify  Modify_group Modify_single      Error_PP  Error_PP_cum
Physic:    3.392484e-06 -0.0008217161   0.005388666     -242.2166       244.389     -486.6056 -0.0004484764             0             0  5.318049e-05  5.311938e-05
Slowdown:  3.392484e-06 -0.0008217159   0.005388666     -242.2166       244.389     -486.6056 -0.0004484765             0             0  5.318049e-05  5.311939e-05
Angular Momentum:  |L|err: 0.0009888964  |L|err_cum: 0.001065436  L: -12.40978   -5.602237    23.31608  |L|: 27.0005
C.M.: mass: 526.4074 pos: 0.08606785   0.0002652182    0.06214843 vel: 0.054257   0.01437764    0.05444127
Tree step number: 1024
**** Wallclock time per step (local): [Min/Max]
 Total       PP_single   PP_cluster  PP_cross    Tree_NB     Tree_Force  Force_corr  Kick        FindCluster CreateGroup MPI_comm    Output      Status      Other      
   0.0010653  8.0372e-06    0.000157           0   0.0001658  0.00067291  1.3455e-05  4.1141e-06  2.8968e-05  1.4051e-05   6.594e-07  6.8067e-07  5.9287e-09  1.8445e-06
   0.0010654  8.0686e-06  0.00015705           0   0.0001645  0.00066833  1.3501e-05  4.1445e-06  2.9006e-05  1.4067e-05  6.8914e-07  6.8088e-07   5.958e-09  1.9108e-06
**** FDPS tree soft force time profile (local):
 Sample_ptcl Domain_deco Ex_ptcl     SetRootCell Make_LT     Make_LET    Make_GT     Make_Group  Make_I_list Calc_force  Write_back 
           0           0           0  4.0578e-06  0.00011498  1.6763e-05  8.9883e-05   1.245e-06  3.5216e-05  0.00036858  9.9877e-06
**** Tree neighbor time profile (local):
 Sample_ptcl Domain_deco Ex_ptcl     SetRootCell Make_LT     Make_LET    Make_GT     Make_Group  Make_I_list Calc_force  Write_back 
           0           0           0  2.1638e-06  5.0758e-05  8.7962e-06  4.1279e-05  1.9009e-07  1.3098e-05  3.7563e-05  2.8057e-06
**** Number per step (global):
 PP_single   PP_cluster  PP_cross    Cluster     Cross       AR_step_sum
      902.74       97.26           0      36.825           0      3.1758
 AR_tsyn_sum Stab_Ngroup Iso_Ngroup  Form_Ngroup End_Ngroup  Modf_Ngroup Merg_Ngroup H4_step_sum H4_no_NB    Ep-Ep_sum   Ep-Sp_sum  
      1.0049           0           0    0.081055    0.018555           0           0       533.4     0.72949   9.665e+05      5625.3
**** Number of members in clusters (global):
N_members:            1           2           3           4           5           6           7           8           9          10          11          12
Count    :       902.74      29.226       4.248      1.3145     0.67188     0.29785     0.15527    0.076172    0.098633    0.097656    0.099609    0.060547
N_members:           13          14          15          16          17          18          19          20          21          22          23          24
Count    :     0.029297    0.075195     0.03125    0.011719    0.019531    0.019531    0.015625    0.019531    0.042969     0.03125    0.017578    0.015625
N_members:           25          26          27          28          29          30          31          32          33          34          35
Count    :     0.015625   0.0097656    0.023438   0.0058594   0.0058594    0.019531    0.027344    0.025391   0.0097656   0.0058594   0.0019531

Time: 3  N_real(loc): 1000  N_real(glb): 1000  N_all(loc): 1000  N_all(glb): 1000  N_remove(glb): 0  N_escape(glb): 0
Energy:     Error/Total         Error     Error_cum         Total       Kinetic     Potential        Modify  Modify_group Modify_single      Error_PP  Error_PP_cum
Physic:    1.527298e-05  -0.003699426   0.001689239     -242.2203      281.7212     -523.9415 -0.0004484586             0             0 -5.999443e-08  5.305939e-05
Slowdown:  1.527298e-05  -0.003699426    0.00168924     -242.2203      281.7212     -523.9415 -0.0004484587             0             0 -5.999048e-08   5.30594e-05
Angular Momentum:  |L|err: 1.865609e-05  |L|err_cum: 0.001084092  L: -12.40988   -5.602199    23.31603  |L|: 27.0005
C.M.: mass: 526.4074 pos: 0.07054574   0.01453549    0.1022562 vel: -0.03316368   0.03622347    0.005146552
Tree step number: 1024
**** Wallclock time per step (local): [Min/Max]
 Total       PP_single   PP_cluster  PP_cross    Tree_NB     Tree_Force  Force_corr  Kick        FindCluster CreateGroup MPI_comm    Output      Status      Other      
  0.00099315  7.5759e-06  0.00012101           0  0.00015988  0.00065264  9.8213e-06  3.9943e-06  2.5811e-05  1.3102e-05  8.3366e-07  5.7001e-07  4.7939e-09  1.7282e-06
  0.00099318   7.607e-06  0.00012105           0  0.00015856  0.00064801  9.8668e-06  4.0477e-06  2.5848e-05  1.3119e-05  8.6352e-07  5.7013e-07  4.8232e-09  1.7933e-06
**** FDPS tree soft force time profile (local):
 Sample_ptcl Domain_deco Ex_ptcl     SetRootCell Make_LT     Make_LET    Make_GT     Make_Group  Make_I_list Calc_force  Write_back 
           0           0           0  3.4672e-06  0.00011245  1.6073e-05  8.8103e-05  1.3206e-06   3.267e-05  0.00035618  1.0138e-05
**** Tree neighbor time profile (local):
 Sample_ptcl Domain_deco Ex_ptcl     SetRootCell Make_LT     Make_LET    Make_GT     Make_Group  Make_I_list Calc_force  Write_back 
           0           0           0  1.8936e-06  5.0772e-05  8.8707e-06   3.714e-05  2.2998e-07  1.2473e-05  3.6416e-05   2.851e-06
**** Number per step (global):
 PP_single   PP_cluster  PP_cross    Cluster     Cross       AR_step_sum
      923.75      76.253           0      29.721           0      2.4746
 AR_tsyn_sum Stab_Ngroup Iso_Ngroup  Form_Ngroup End_Ngroup  Modf_Ngroup Merg_Ngroup H4_step_sum H4_no_NB    Ep-Ep_sum   Ep-Sp_sum  
     0.85059           0           0    0.044922    0.011719           0           0      392.35     0.50879  9.7031e+05        5298
**** Number of members in clusters (global):
N_members:            1           2           3           4           5           6           7           8           9          10          11          12
Count    :       923.75      23.726       3.624      1.0635     0.24902    0.070312    0.015625       0.125     0.18066     0.19336    0.091797     0.11133
N_members:           13          14          15          16          17          18          19          20          21          22          23          24
Count    :     0.039062    0.054688    0.015625    0.021484    0.011719   0.0058594    0.015625   0.0058594   0.0078125   0.0078125    0.019531    0.020508
N_members:           25          26          27          28          29
Count    :     0.033203   0.0058594   0.0019531   0.0019531   0.0019531

Time: 4  N_real(loc): 1000  N_real(glb): 1000  N_all(loc): 1000  N_all(glb): 1000  N_remove(glb): 0  N_escape(glb): 0
Energy:     Error/Total         Error     Error_cum         Total       Kinetic     Potential        Modify  Modify_group Modify_single      Error_PP  Error_PP_cum
Physic:   -2.038691e-06  0.0004938113   0.002183051     -242.2198      266.6283     -508.8481 -0.0004484433             0             0 -7.389988e-08  5.298549e-05
Slowdown: -2.038692e-06  0.0004938115   0.002183051     -242.2198      266.6283     -508.8481 -0.0004484436             0             0 -7.392293e-08  5.298547e-05
Angular Momentum:  |L|err: 1.786706e-05  |L|err_cum: 0.001101959  L: -12.40988   -5.602225    23.31605  |L|: 27.00052
C.M.: mass: 526.4074 pos: 0.01066913   0.008200211    0.08655698 vel: -0.07051167   -0.01273969    -0.04385932
Tree step number: 1024
**** Wallclock time per step (local): [Min/Max]
 Total       PP_single   PP_cluster  PP_cross    Tree_NB     Tree_Force  Force_corr  Kick        FindCluster CreateGroup MPI_comm    Output      Status      Other      
   0.0010283  7.3343e-06  0.00014041           0  0.00015847  0.00066458  1.5407e-05  4.2764e-06  2.5461e-05  1.3138e-05   7.695e-07  6.5984e-07   5.665e-09  1.6812e-06
   0.0010283  7.3652e-06  0.00014045           0  0.00015728  0.00066018  1.5452e-05  4.3063e-06  2.5496e-05  1.3154e-05  7.9897e-07  6.6022e-07  5.6943e-09  1.7453e-06
**** FDPS tree soft force time profile (local):
 Sample_ptcl Domain_deco Ex_ptcl     SetRootCell Make_LT     Make_LET    Make_GT     Make_Group  Make_I_list Calc_force  Write_back 
           0           0           0   4.279e-06  0.00011133  1.6265e-05  8.7675e-05  1.2334e-06   3.068e-05  0.00037192   9.722e-06
**** Tree neighbor time profile (local):
 Sample_ptcl Domain_deco Ex_ptcl     SetRootCell Make_LT     Make_LET    Make_GT     Make_Group  Make_I_list Calc_force  Write_back 
           0           0           0  1.7667e-06   5.017e-05  8.9852e-06  3.7353e-05  1.7339e-07  1.0609e-05  3.7198e-05  2.5929e-06
**** Number per step (global):
 PP_single   PP_cluster  PP_cross    Cluster     Cross       AR_step_sum
       914.3      85.698           0      28.565           0      3.3516
 AR_tsyn_sum Stab_Ngroup Iso_Ngroup  Form_Ngroup End_Ngroup  Modf_Ngroup Merg_Ngroup H4_step_sum H4_no_NB    Ep-Ep_sum   Ep-Sp_sum  
       1.208           0           0    0.076172    0.019531           0           0      480.42      1.0762  9.6971e+05      5257.4
**** Number of members in clusters (global):
N_members:            1           2           3           4           5           6           7           8           9          10          11          12
Count    :        914.3      20.895       4.083      1.2998     0.61035     0.20312     0.13477      0.1543     0.13281    0.078125     0.10254    0.070312
N_members:           13          14          15          16          17          18          19          20          21          22          23          24
Count    :      0.11719     0.10742    0.082031    0.042969    0.037109    0.050781    0.027344    0.029297   0.0078125    0.029297    0.027344    0.032227
N_members:           25          26          27          28          29          30          31          32          33          34          35          36
Count    :     0.039062    0.017578   0.0078125    0.017578    0.033203    0.011719    0.017578    0.011719   0.0097656    0.013672    0.025391   0.0058594

Time: 5  N_real(loc): 1000  N_real(glb): 1000  N_all(loc): 1000  N_all(glb): 1000  N_remove(glb): 0  N_escape(glb): 0
Energy:     Error/Total         Error     Error_cum         Total       Kinetic     Potential        Modify  Modify_group Modify_single      Error_PP  Error_PP_cum
Physic:   -1.150942e-06  0.0002787807   0.002461831     -242.2195      290.4542     -532.6737 -0.0004484407             0             0 -7.792398e-08  5.290756e-05
Slowdown: -1.150943e-06  0.0002787808   0.002461832     -242.2195      290.4542     -532.6737 -0.0004484411             0             0 -7.792217e-08  5.290755e-05
Angular Momentum:  |L|err: 1.003018e-06  |L|err_cum: 0.001102962  L: -12.40986   -5.602224    23.31601  |L|: 27.00048
C.M.: mass: 526.4074 pos: -0.04760068   -0.05419455    0.04592087 vel: -0.06444388   -0.06726916    -0.03258446
Tree step number: 1024
**** Wallclock time per step (local): [Min/Max]
 Total       PP_single   PP_cluster  PP_cross    Tree_NB     Tree_Force  Force_corr  Kick        FindCluster CreateGroup MPI_comm    Output      Status      Other      
   0.0010268  7.8695e-06  0.00013619           0  0.00015987  0.00066623  1.3828e-05  4.2283e-06  2.5973e-05  1.3133e-05  6.1926e-07   6.807e-07  7.0742e-09  1.7637e-06
   0.0010268  7.9001e-06  0.00013622           0  0.00015855  0.00066203  1.3873e-05  4.2588e-06  2.6008e-05  1.3149e-05  6.6234e-07  6.8098e-07  7.1035e-09  1.8283e-06
**** FDPS tree soft force time profile (local):
 Sample_ptcl Domain_deco Ex_ptcl     SetRootCell Make_LT     Make_LET    Make_GT     Make_Group  Make_I_list Calc_force  Write_back 
           0           0           0  3.7218e-06  0.00011277  1.5976e-05  8.5384e-05  1.1987e-06  3.0856e-05   0.0003751  9.1819e-06
**** Tree neighbor time profile (local):
 Sample_ptcl Domain_deco Ex_ptcl     SetRootCell Make_LT     Make_LET    Make_GT     Make_Group  Make_I_list Calc_force  Write_back 
           0           0           0  1.9319e-06  5.0653e-05  8.8381e-06  3.7514e-05  1.6629e-07  1.0854e-05  3.7745e-05  2.8651e-06
**** Number per step (global):
 PP_single   PP_cluster  PP_cross    Cluster     Cross       AR_step_sum
         914      85.995           0      30.183           0      4.2744
 AR_tsyn_sum Stab_Ngroup Iso_Ngroup  Form_Ngroup End_Ngroup  Modf_Ngroup Merg_Ngroup H4_step_sum H4_no_NB    Ep-Ep_sum   Ep-Sp_sum  
      1.3926           0           0     0.10352    0.022461           0           0      472.04      1.2324  9.6049e+05      6850.2
**** Number of members in clusters (global):
N_members:            1           2           3           4           5           6           7           8           9          10          11          12
Count    :          914       23.53      3.1582      1.2441     0.67188     0.23633     0.17969    0.099609    0.029297    0.058594    0.026367    0.050781
N_members:           13          14          15          16          17          18          19          20          21          22          23          24
Count    :      0.10742    0.076172    0.083984     0.09375    0.083984     0.12695    0.078125    0.085938    0.042969    0.029297    0.013672    0.029297
N_members:           25          26          27          28
Count    :     0.013672    0.018555   0.0078125   0.0058594

Time: 6  N_real(loc): 1000  N_real(glb): 1000  N_all(loc): 1000  N_all(glb): 1000  N_remove(glb): 0  N_escape(glb): 0
Energy:     Error/Total         Error     Error_cum         Total       Kinetic     Potential        Modify  Modify_group Modify_single      Error_PP  Error_PP_cum
Physic:   -6.551454e-06    0.00158688   0.004048711     -242.2179      260.7421     -502.9601 -0.0004484191             0             0 -1.528013e-06  5.137955e-05
Slowdown: -6.551452e-06   0.001586879   0.004048711     -242.2179      260.7421     -502.9601 -0.0004484191             0             0 -1.527605e-06  5.137995e-05
Angular Momentum:  |L|err: -6.210547e-05  |L|err_cum: 0.001040856  L: -12.41028   -5.601633    23.31591  |L|: 27.00046
C.M.: mass: 526.4074 pos: -0.08603449   -0.1077045    0.05562562 vel: -0.02554854   -0.05222154    0.05893914
Tree step number: 1024
**** Wallclock time per step (local): [Min/Max]
 Total       PP_single   PP_cluster  PP_cross    Tree_NB     Tree_Force  Force_corr  Kick        FindCluster CreateGroup MPI_comm    Output      Status      Other      
   0.0010852  8.3903e-06  0.00014001           0  0.00016868  0.00070775  1.5791e-05  4.3687e-06  2.6957e-05  1.3968e-05   7.103e-07  4.9539e-07  4.8037e-09  1.9993e-06
   0.0010852  8.4223e-06  0.00014006           0  0.00016729  0.00070318  1.5838e-05  4.3993e-06  2.6995e-05  1.3985e-05  7.4006e-07  4.9556e-07   4.833e-09  2.0698e-06
**** FDPS tree soft force time profile (local):
 Sample_ptcl Domain_deco Ex_ptcl     SetRootCell Make_LT     Make_LET    Make_GT     Make_Group  Make_I_list Calc_force  Write_back 
           0           0           0  4.6319e-06  0.00012124  1.7687e-05  9.3084e-05  1.3696e-06  3.4876e-05  0.00039249  1.0093e-05
**** Tree neighbor time profile (local):
 Sample_ptcl Domain_deco Ex_ptcl     SetRootCell Make_LT     Make_LET    Make_GT     Make_Group  Make_I_list Calc_force  Write_back 
           0           0           0  2.2565e-06  5.3322e-05  9.6773e-06  4.0095e-05  2.2056e-07  1.1619e-05  3.9017e-05  3.0205e-06
**** Number per step (global):
 PP_single   PP_cluster  PP_cross    Cluster     Cross       AR_step_sum
      920.52      79.484           0      26.925           0      3.5439
 AR_tsyn_sum Stab_Ngroup Iso_Ngroup  Form_Ngroup End_Ngroup  Modf_Ngroup Merg_Ngroup H4_step_sum H4_no_NB    Ep-Ep_sum   Ep-Sp_sum  
      1.2646           0           0    0.070312    0.014648           0           0       448.2      1.3516  9.5283e+05      8848.1
**** Number of members in clusters (global):
N_members:            1           2           3           4           5           6           7           8          11          12          13          14
Count    :       920.52       20.39         3.5       1.043     0.57227     0.31836    0.089844    0.011719   0.0058594    0.027344    0.033203     0.12012
N_members:           15          16          17          18          19          20          21          22          23          24          25          26
Count    :     0.068359    0.052734     0.09375     0.12305     0.13672    0.076172    0.068359    0.033203    0.054688    0.023438    0.011719     0.02832
N_members:           27          28          29          30          31
Count    :     0.011719    0.011719    0.013672   0.0039062   0.0019531

Time: 7  N_real(loc): 1000  N_real(glb): 1000  N_all(loc): 1000  N_all(glb): 1000  N_remove(glb): 0  N_escape(glb): 0
Energy:     Error/Total         Error     Error_cum         Total       Kinetic     Potential        Modify  Modify_group Modify_single      Error_PP  Error_PP_cum
Physic:   -1.367461e-06  0.0003312232   0.004379934     -242.2176      247.0018     -489.2194 -0.0004484207             0             0   2.60627e-08  5.140561e-05
Slowdown: -1.367461e-06  0.0003312231   0.004379934     -242.2176      247.0018     -489.2194 -0.0004484205             0             0  2.606267e-08  5.140601e-05
Angular Momentum:  |L|err: -7.510485e-06  |L|err_cum: 0.001033346  L: -12.41029   -5.601623    23.31593  |L|: 27.00048
C.M.: mass: 526.4074 pos: -0.05725983   -0.1021577    0.09026109 vel: 0.05305517   0.03574689    0.03710688
Tree step number: 1024
**** Wallclock time per step (local): [Min/Max]
 Total       PP_single   PP_cluster  PP_cross    Tree_NB     Tree_Force  Force_corr  Kick        FindCluster CreateGroup MPI_comm    Output      Status      Other      
   0.0010698  7.5483e-06  0.00014696           0  0.00015997  0.00069818  1.6136e-05  4.3292e-06  2.2082e-05  1.5279e-05  6.3619e-07  8.4577e-07   6.623e-09  1.6333e-06
   0.0010698  7.5791e-06    0.000147           0  0.00015868   0.0006939  1.6181e-05  4.3606e-06  2.2116e-05  1.5297e-05  6.6557e-07   8.461e-07  6.6533e-09  1.6996e-06
**** FDPS tree soft force time profile (local):
 Sample_ptcl Domain_deco Ex_ptcl     SetRootCell Make_LT     Make_LET    Make_GT     Make_Group  Make_I_list Calc_force  Write_back 
           0           0           0  3.8464e-06  0.00011175  1.5516e-05  8.7905e-05  1.1805e-06  3.1154e-05  0.00040248  9.3559e-06
**** Tree neighbor time profile (local):
 Sample_ptcl Domain_deco Ex_ptcl     SetRootCell Make_LT     Make_LET    Make_GT     Make_Group  Make_I_list Calc_force  Write_back 
           0           0           0  1.7621e-06   4.934e-05  8.6303e-06  3.8276e-05  2.1337e-07  9.3416e-06  3.7949e-05  2.8037e-06
**** Number per step (global):
 PP_single   PP_cluster  PP_cross    Cluster     Cross       AR_step_sum
      925.72      74.276           0      24.998           0      8.0674
 AR_tsyn_sum Stab_Ngroup Iso_Ngroup  Form_Ngroup End_Ngroup  Modf_Ngroup Merg_Ngroup H4_step_sum H4_no_NB    Ep-Ep_sum   Ep-Sp_sum  
      2.7744           0           0     0.12207    0.020508           0           0      419.02      1.0371  9.5065e+05      8317.7
**** Number of members in clusters (global):
N_members:            1           2           3           4           5           6           7           8           9          10          11          12
Count    :       925.72      19.658      2.9062     0.91016     0.25586     0.12891    0.044922    0.041016    0.035156    0.017578    0.027344    0.017578
N_members:           13          14          15          16          17          18          19          20          21          22          23          24
Count    :     0.050781    0.043945    0.060547    0.085938    0.087891    0.070312    0.066406    0.074219     0.10352    0.072266    0.043945    0.041016
N_members:           25          26          27          28          29
Count    :     0.048828    0.039062    0.033203    0.017578    0.015625

Time: 8  N_real(loc): 1000  N_real(glb): 1000  N_all(loc): 1000  N_all(glb): 1000  N_remove(glb): 0  N_escape(glb): 0
Energy:     Error/Total         Error     Error_cum         Total       Kinetic     Potential        Modify  Modify_group Modify_single      Error_PP  Error_PP_cum
Physic:    -9.73286e-06   0.002357447   0.006737382     -242.2153      250.3195     -492.5347 -0.0004484284             0             0 -1.592036e-08  5.138969e-05
Slowdown:  -9.73286e-06   0.002357447   0.006737382     -242.2153      250.3195     -492.5347 -0.0004484283             0             0  -1.58268e-08  5.139018e-05
Angular Momentum:  |L|err: 0.0001417415  |L|err_cum: 0.001175087  L: -12.41042   -5.601659    23.31589  |L|: 27.00052
C.M.: mass: 526.4074 pos: -0.02876452   -0.05228839    0.1140467 vel: 0.02631711   0.04735407    -0.005532996
Tree step number: 1024
**** Wallclock time per step (local): [Min/Max]
 Total       PP_single   PP_cluster  PP_cross    Tree_NB     Tree_Force  Force_corr  Kick        FindCluster CreateGroup MPI_comm    Output      Status      Other      
   0.0012229  9.4038e-06  0.00015951           0  0.00019366  0.00078499  2.0264e-05  4.8517e-06  2.5475e-05  2.5333e-05  7.3356e-07  8.2201e-07  6.8877e-09  2.1318e-06
   0.0012229  9.4361e-06  0.00015955           0  0.00019218  0.00077969   2.031e-05   4.883e-06  2.5517e-05   2.535e-05  7.6334e-07  8.2239e-07   6.917e-09  2.2153e-06
**** FDPS tree soft force time profile (local):
 Sample_ptcl Domain_deco Ex_ptcl     SetRootCell Make_LT     Make_LET    Make_GT     Make_Group  Make_I_list Calc_force  Write_back 
           0           0           0  4.0356e-06  0.00012376  1.8057e-05  0.00010656  1.5845e-06  3.5091e-05  0.00041619  1.1657e-05
**** Tree neighbor time profile (local):
 Sample_ptcl Domain_deco Ex_ptcl     SetRootCell Make_LT     Make_LET    Make_GT     Make_Group  Make_I_list Calc_force  Write_back 
           0           0           0  2.4819e-06  5.3831e-05  1.0323e-05  4.9089e-05   3.766e-07  9.1285e-06   3.624e-05  3.2298e-06
**** Number per step (global):
 PP_single   PP_cluster  PP_cross    Cluster     Cross       AR_step_sum
       933.7      66.305           0      20.487           0      9.4092
 AR_tsyn_sum Stab_Ngroup Iso_Ngroup  Form_Ngroup End_Ngroup  Modf_Ngroup Merg_Ngroup H4_step_sum H4_no_NB    Ep-Ep_sum   Ep-Sp_sum  
      3.1719           0           0     0.16992    0.035156           0           0      391.75     0.69727  9.3716e+05       12242
**** Number of members in clusters (global):
N_members:            1           2           3           4           5           6           7           8           9          10          11          12
Count    :        933.7      15.886       2.457     0.53809     0.31152     0.17969      0.0625     0.03125    0.021484   0.0039062   0.0019531    0.027344
N_members:           13          14          15          16          17          18          19          20          21          22          23          24
Count    :     0.035156    0.019531    0.015625    0.044922    0.042969    0.085938    0.083984    0.070312    0.080078    0.074219    0.057617    0.076172
N_members:           25          26          27          28          29          30          32
Count    :     0.052734    0.054688    0.046875    0.017578    0.083984    0.020508   0.0039062

Time: 9  N_real(loc): 1000  N_real(glb): 1000  N_all(loc): 1000  N_all(glb): 1000  N_remove(glb): 0  N_escape(glb): 0
Energy:     Error/Total         Error     Error_cum         Total       Kinetic     Potential        Modify  Modify_group Modify_single      Error_PP  Error_PP_cum
Physic:   -0.0001055356    0.02555964    0.03229702     -242.1897      233.8825     -476.0722 -0.0004484068             0             0  1.654627e-07  5.155516e-05
Slowdown: -0.0001055356    0.02555964    0.03229702     -242.1897      233.8825     -476.0722 -0.0004484064             0             0  1.654631e-07  5.155565e-05
Angular Momentum:  |L|err: 2.497704e-05  |L|err_cum: 0.001200064  L: -12.41045   -5.60163    23.31586  |L|: 27.0005
C.M.: mass: 526.4074 pos: -0.01718032   -0.05006637    0.1240627 vel: 0.04585611   -0.03821753    -0.008871796
Tree step number: 1024
**** Wallclock time per step (local): [Min/Max]
 Total       PP_single   PP_cluster  PP_cross    Tree_NB     Tree_Force  Force_corr  Kick        FindCluster CreateGroup MPI_comm    Output      Status      Other      
   0.0010425  9.0911e-06  0.00012522           0   0.0001674  0.00068554  1.4641e-05  4.0391e-06  2.4573e-05  1.2965e-05  8.4533e-07  5.0612e-07  5.6162e-09  1.9639e-06
   0.0010425  9.1236e-06  0.00012526           0  0.00016582  0.00068054  1.4688e-05  4.0698e-06  2.4611e-05  1.2982e-05  8.7606e-07  5.0632e-07  5.6455e-09  2.0356e-06
**** FDPS tree soft force time profile (local):
 Sample_ptcl Domain_deco Ex_ptcl     SetRootCell Make_LT     Make_LET    Make_GT     Make_Group  Make_I_list Calc_force  Write_back 
           0           0           0  4.0484e-06  0.00011693  1.7148e-05  9.0047e-05  1.2293e-06   3.694e-05  0.00037558  1.0936e-05
**** Tree neighbor time profile (local):
 Sample_ptcl Domain_deco Ex_ptcl     SetRootCell Make_LT     Make_LET    Make_GT     Make_Group  Make_I_list Calc_force  Write_back 
           0           0           0   1.925e-06  5.2645e-05  9.2571e-06  3.8222e-05  2.4726e-07  1.4584e-05  3.7671e-05  3.3941e-06
**** Number per step (global):
 PP_single   PP_cluster  PP_cross    Cluster     Cross       AR_step_sum
      932.88      67.124           0      20.306           0      7.3574
 AR_tsyn_sum Stab_Ngroup Iso_Ngroup  Form_Ngroup End_Ngroup  Modf_Ngroup Merg_Ngroup H4_step_sum H4_no_NB    Ep-Ep_sum   Ep-Sp_sum  
      2.5342           0           0     0.14453     0.02832           0           0      392.19      1.1162  9.7117e+05      6532.6
**** Number of members in clusters (global):
N_members:            1           2           3           4           5           6           7           8           9          10          11          12
Count    :       932.88      14.877       2.043     0.55176     0.63574     0.48438     0.21289     0.19434     0.25195      0.1084    0.083984    0.039062
N_members:           13          14          15          16          17          18          19          20          21          22          23          24
Count    :     0.095703    0.048828     0.12109    0.074219    0.042969    0.050781    0.087891    0.060547    0.033203    0.048828    0.068359    0.044922
N_members:           26          27          28          29          30
Count    :    0.0058594    0.011719    0.013672   0.0097656   0.0048828

Time: 10  N_real(loc): 1000  N_real(glb): 1000  N_all(loc): 1000  N_all(glb): 1000  N_remove(glb): 0  N_escape(glb): 0
Energy:     Error/Total         Error     Error_cum         Total       Kinetic     Potential        Modify  Modify_group Modify_single      Error_PP  Error_PP_cum
Physic:   -5.325409e-06   0.001289752    0.03358678     -242.1884      249.0769     -491.2653 -0.0004483939             0             0  -4.22317e-08  5.151292e-05
Slowdown: -5.325409e-06   0.001289752    0.03358678     -242.1884      249.0769     -491.2653 -0.0004483936             0             0 -4.223169e-08  5.151341e-05
Angular Momentum:  |L|err: -1.158255e-05  |L|err_cum: 0.001188482  L: -12.41043   -5.60166    23.31588  |L|: 27.00051
C.M.: mass: 526.4074 pos: 0.008977794   -0.08999697    0.1234645 vel: 0.02524784   -0.01419384    0.04040243
Tree step number: 1024
**** Wallclock time per step (local): [Min/Max]
 Total       PP_single   PP_cluster  PP_cross    Tree_NB     Tree_Force  Force_corr  Kick        FindCluster CreateGroup MPI_comm    Output      Status      Other      
   0.0010118  7.5537e-06  0.00013445           0  0.00015946  0.00065043  1.9305e-05  4.2835e-06  2.4883e-05  1.2105e-05  6.2657e-07  5.6108e-07  5.2549e-09  2.0443e-06
   0.0010118  7.5844e-06  0.00013449           0  0.00015796  0.00064596   1.935e-05  4.3137e-06  2.4919e-05  1.2122e-05  6.5657e-07  5.6139e-07  5.2842e-09  2.1476e-06
**** FDPS tree soft force time profile (local):
 Sample_ptcl Domain_deco Ex_ptcl     SetRootCell Make_LT     Make_LET    Make_GT     Make_Group  Make_I_list Calc_force  Write_back 
           0           0           0  4.2556e-06  0.00011663  1.6972e-05  9.0001e-05  1.1592e-06  3.7832e-05   0.0003418  9.7602e-06
**** Tree neighbor time profile (local):
 Sample_ptcl Domain_deco Ex_ptcl     SetRootCell Make_LT     Make_LET    Make_GT     Make_Group  Make_I_list Calc_force  Write_back 
           0           0           0  1.8321e-06  5.0832e-05  9.0419e-06  3.8272e-05  1.7894e-07   1.511e-05  3.1689e-05  3.2152e-06
**** Number per step (global):
 PP_single   PP_cluster  PP_cross    Cluster     Cross       AR_step_sum
      937.35       62.65           0      18.491           0      2.5723
 AR_tsyn_sum Stab_Ngroup Iso_Ngroup  Form_Ngroup End_Ngroup  Modf_Ngroup Merg_Ngroup H4_step_sum H4_no_NB    Ep-Ep_sum   Ep-Sp_sum  
     0.85449           0           0      0.0625    0.014648           0           0      353.36     0.78906  9.8134e+05      3078.6
**** Number of members in clusters (global):
N_members:            1           2           3           4           5           6           7           8           9          10          11          12
Count    :       937.35      13.902      2.1348     0.85547     0.19531     0.17773     0.14258    0.094727    0.041016    0.038086    0.027344    0.011719
N_members:           13          14          15          16          17          18          19          20          21          22          23          24
Count    :     0.058594   0.0019531   0.0058594   0.0039062    0.029297    0.011719    0.058594     0.10352    0.042969     0.10156    0.068359    0.067383
N_members:           25          26          27          28          29          30          31          32          33
Count    :     0.056641    0.023438    0.072266    0.025391    0.048828    0.046875    0.025391   0.0058594    0.011719

Time: 11  N_real(loc): 1000  N_real(glb): 1000  N_all(loc): 1000  N_all(glb): 1000  N_remove(glb): 0  N_escape(glb): 0
Energy:     Error/Total         Error     Error_cum         Total       Kinetic     Potential        Modify  Modify_group Modify_single      Error_PP  Error_PP_cum
Physic:    4.660573e-06  -0.001128742    0.03245803     -242.1895      236.4443     -478.6338 -0.0004484413             0             0  3.546242e-08  5.154839e-05
Slowdown:  4.660573e-06  -0.001128742    0.03245803     -242.1895      236.4443     -478.6338 -0.0004484408             0             0  3.547478e-08  5.154889e-05
Angular Momentum:  |L|err: 2.546127e-05  |L|err_cum: 0.001213943  L: -12.41045   -5.601585    23.3158  |L|: 27.00044
C.M.: mass: 526.4074 pos: 0.01011145   -0.1001696    0.1115103 vel: -0.0186069   -0.02196367    -0.01493471
Tree step number: 1024
**** Wallclock time per step (local): [Min/Max]
 Total       PP_single   PP_cluster  PP_cross    Tree_NB     Tree_Force  Force_corr  Kick        FindCluster CreateGroup MPI_comm    Output      Status      Other      
   0.0010054  7.6202e-06  0.00010913           0  0.00016327  0.00067279  1.3035e-05  4.0549e-06   2.229e-05  1.4311e-05  7.1558e-07  6.4681e-07  5.6064e-09  1.6931e-06
   0.0010055  7.6515e-06  0.00010916           0  0.00016174  0.00066825  1.3097e-05  4.0845e-06  2.2326e-05  1.4328e-05  7.4487e-07  6.4695e-07  5.6357e-09   1.763e-06
**** FDPS tree soft force time profile (local):
 Sample_ptcl Domain_deco Ex_ptcl     SetRootCell Make_LT     Make_LET    Make_GT     Make_Group  Make_I_list Calc_force  Write_back 
           0           0           0  4.3672e-06  0.00011385  1.5986e-05   9.074e-05  1.4243e-06  3.7845e-05  0.00035929  9.8823e-06
**** Tree neighbor time profile (local):
 Sample_ptcl Domain_deco Ex_ptcl     SetRootCell Make_LT     Make_LET    Make_GT     Make_Group  Make_I_list Calc_force  Write_back 
           0           0           0  1.8352e-06  5.0613e-05  8.6913e-06  4.0234e-05   2.827e-07  1.3204e-05  3.1847e-05   3.284e-06
**** Number per step (global):
 PP_single   PP_cluster  PP_cross    Cluster     Cross       AR_step_sum
      938.46      61.537           0      19.881           0       2.916
 AR_tsyn_sum Stab_Ngroup Iso_Ngroup  Form_Ngroup End_Ngroup  Modf_Ngroup Merg_Ngroup H4_step_sum H4_no_NB    Ep-Ep_sum   Ep-Sp_sum  
     0.93262           0           0    0.057617    0.013672           0           0      351.69     0.63965  9.4125e+05      9652.6
**** Number of members in clusters (global):
N_members:            1           2           3           4           5           6           7           8           9          10          11          12
Count    :       938.46      14.821      2.0967      1.0127     0.44824     0.32422     0.16797      0.1543     0.03125   0.0029297     0.03125    0.052734
N_members:           13          14          15          16          17          18          19          20          21          22          23          24
Count    :     0.064453    0.037109    0.072266     0.10156    0.048828     0.09375    0.074219    0.025391    0.058594    0.039062    0.013672    0.016602
N_members:           25          26          27          28
Count    :     0.046875    0.021484    0.021484   0.0019531

Time: 12  N_real(loc): 1000  N_real(glb): 1000  N_all(loc): 1000  N_all(glb): 1000  N_remove(glb): 0  N_escape(glb): 0
Energy:     Error/Total         Error     Error_cum         Total       Kinetic     Potential        Modify  Modify_group Modify_single      Error_PP  Error_PP_cum
Physic:   -5.067336e-06    0.00122725    0.03368528     -242.1883      285.9148     -528.1031 -0.0004484595             0             0 -1.017026e-07  5.144668e-05
Slowdown: -5.067334e-06   0.001227249    0.03368528     -242.1883      285.9148     -528.1031 -0.0004484586             0             0 -1.017033e-07  5.144719e-05
Angular Momentum:  |L|err: -0.0001170911  |L|err_cum: 0.001096852  L: -12.41029   -5.601542    23.31573  |L|: 27.00029
C.M.: mass: 526.4074 pos: -0.003081509   -0.09891552    0.1036761 vel: -0.06381482   0.03986114    -0.0068738
Tree step number: 1024
**** Wallclock time per step (local): [Min/Max]
 Total       PP_single   PP_cluster  PP_cross    Tree_NB     Tree_Force  Force_corr  Kick        FindCluster CreateGroup MPI_comm    Output      Status      Other      
   0.0011145  7.7413e-06  0.00010226           0  0.00017074  0.00078308  1.2812e-05  3.8604e-06  1.8309e-05  1.6321e-05   8.235e-07  7.0855e-07  5.7236e-09  1.6665e-06
   0.0011145  7.7722e-06  0.00010229           0  0.00016945  0.00077852  1.2857e-05  3.8907e-06  1.8343e-05  1.6355e-05  8.5299e-07   7.087e-07  5.7529e-09  1.7468e-06
**** FDPS tree soft force time profile (local):
 Sample_ptcl Domain_deco Ex_ptcl     SetRootCell Make_LT     Make_LET    Make_GT     Make_Group  Make_I_list Calc_force  Write_back 
           0           0           0   4.024e-06  0.00011453  1.6248e-05  9.7271e-05  1.5217e-06  3.2049e-05  0.00045454  9.9994e-06
**** Tree neighbor time profile (local):
 Sample_ptcl Domain_deco Ex_ptcl     SetRootCell Make_LT     Make_LET    Make_GT     Make_Group  Make_I_list Calc_force  Write_back 
           0           0           0   2.024e-06  5.2592e-05  9.1195e-06  4.1942e-05  3.1444e-07  8.4323e-06  3.5473e-05  2.8335e-06
**** Number per step (global):
 PP_single   PP_cluster  PP_cross    Cluster     Cross       AR_step_sum
      949.64      50.364           0      16.024           0      3.2412
 AR_tsyn_sum Stab_Ngroup Iso_Ngroup  Form_Ngroup End_Ngroup  Modf_Ngroup Merg_Ngroup H4_step_sum H4_no_NB    Ep-Ep_sum   Ep-Sp_sum  
      1.0957           0           0    0.057617    0.012695           0           0      287.37     0.47754  9.0795e+05       14051
**** Number of members in clusters (global):
N_members:            1           2           3           4           5           6           7           8           9          10          11          12
Count    :       949.64      12.423      1.3994     0.58984     0.41699     0.17188    0.013672    0.011719    0.046875    0.038086    0.060547     0.11133
N_members:           13          14          15          16          17          18          19          20          21          22          23          24
Count    :      0.13477     0.10156    0.048828    0.064453    0.068359    0.041016    0.020508     0.10156    0.054688    0.037109    0.027344    0.027344
N_members:           25
Count    :     0.013672

Time: 13  N_real(loc): 1000  N_real(glb): 1000  N_all(loc): 1000  N_all(glb): 1000  N_remove(glb): 0  N_escape(glb): 0
Energy:     Error/Total         Error     Error_cum         Total       Kinetic     Potential        Modify  Modify_group Modify_single      Error_PP  Error_PP_cum
Physic:    8.200601e-06  -0.001986106    0.03169918     -242.1903      270.3104     -512.5006 -0.0004056468             0             0 -2.634019e-06  4.881267e-05
Slowdown:  8.200601e-06  -0.001986106    0.03169918     -242.1903      270.3104     -512.5006 -0.0004056459             0             0 -2.634023e-06  4.881316e-05
Angular Momentum:  |L|err: -5.804272e-06  |L|err_cum: 0.001091048  L: -12.41027   -5.601465    23.31569  |L|: 27.00024
C.M.: mass: 526.4074 pos: -0.01330812   -0.06955415    0.1023281 vel: 0.006530988   0.006646009    -0.01034989
Tree step number: 1024
**** Wallclock time per step (local): [Min/Max]
 Total       PP_single   PP_cluster  PP_cross    Tree_NB     Tree_Force  Force_corr  Kick        FindCluster CreateGroup MPI_comm    Output      Status      Other      
    0.001178  8.6172e-06  0.00014098           0  0.00017048  0.00080061  1.8717e-05  4.7782e-06  1.9328e-05  1.5325e-05  6.9014e-07  6.8824e-07  6.5459e-09  1.9804e-06
    0.001178   8.649e-06  0.00014102           0  0.00016898  0.00079543  1.8764e-05  4.8084e-06  1.9365e-05  1.5341e-05   7.199e-07  6.8841e-07  6.5752e-09  2.0655e-06
**** FDPS tree soft force time profile (local):
 Sample_ptcl Domain_deco Ex_ptcl     SetRootCell Make_LT     Make_LET    Make_GT     Make_Group  Make_I_list Calc_force  Write_back 
           0           0           0  4.0415e-06  0.00012197  1.7604e-05  9.7626e-05  1.5853e-06  3.6427e-05  0.00046636  1.1386e-05
**** Tree neighbor time profile (local):
 Sample_ptcl Domain_deco Ex_ptcl     SetRootCell Make_LT     Make_LET    Make_GT     Make_Group  Make_I_list Calc_force  Write_back 
           0           0           0  1.9566e-06  5.2314e-05  9.8123e-06  4.1931e-05  3.5703e-07  8.5359e-06  3.7052e-05  3.2251e-06
**** Number per step (global):
 PP_single   PP_cluster  PP_cross    Cluster     Cross       AR_step_sum
      949.96      50.043           0      14.945           0      4.5654
 AR_tsyn_sum Stab_Ngroup Iso_Ngroup  Form_Ngroup End_Ngroup  Modf_Ngroup Merg_Ngroup H4_step_sum H4_no_NB    Ep-Ep_sum   Ep-Sp_sum  
      1.5898           0           0    0.051758   0.0097656           0           0      301.54      0.5625  8.9458e+05       17206
**** Number of members in clusters (global):
N_members:            1           2           3           4           5           6          13          14          15          16          17          18
Count    :       949.96      12.337      1.2793     0.26074    0.052734    0.015625   0.0097656    0.025391     0.06543    0.056641    0.085938    0.082031
N_members:           19          20          21          22          23          24          25          26          27          28          30
Count    :       0.1377     0.09375    0.070312    0.076172     0.12305     0.10156    0.011719    0.033203    0.017578   0.0058594   0.0039062

Time: 14  N_real(loc): 1000  N_real(glb): 1000  N_all(loc): 1000  N_all(glb): 1000  N_remove(glb): 0  N_escape(glb): 0
Energy:     Error/Total         Error     Error_cum         Total       Kinetic     Potential        Modify  Modify_group Modify_single      Error_PP  Error_PP_cum
Physic:     7.91465e-05   -0.01917003    0.01252915     -242.2094       246.698     -488.9074 -0.0004056352             0             0  1.046778e-07  4.891734e-05
Slowdown:   7.91465e-05   -0.01917003    0.01252915     -242.2094       246.698     -488.9074 -0.0004056341             0             0  1.046828e-07  4.891785e-05
Angular Momentum:  |L|err: 8.024577e-05  |L|err_cum: 0.001171294  L: -12.41041   -5.601407    23.31574  |L|: 27.00033
C.M.: mass: 526.4074 pos: -0.008932915   -0.08162828    0.09966336 vel: 0.007872505   -0.02188781    -0.02214033
Tree step number: 1024
**** Wallclock time per step (local): [Min/Max]
 Total       PP_single   PP_cluster  PP_cross    Tree_NB     Tree_Force  Force_corr  Kick        FindCluster CreateGroup MPI_comm    Output      Status      Other      
   0.0010105  7.3545e-06  9.2881e-05           0  0.00015642   0.0007117  1.1157e-05  3.7515e-06  1.6064e-05  1.1944e-05  5.9779e-07  4.8688e-07  5.4395e-09  1.6041e-06
   0.0010105  7.3863e-06  9.2916e-05           0  0.00015501  0.00070747  1.1202e-05  3.7818e-06  1.6098e-05  1.1984e-05  6.2742e-07  4.8705e-07   5.459e-09  1.6758e-06
**** FDPS tree soft force time profile (local):
 Sample_ptcl Domain_deco Ex_ptcl     SetRootCell Make_LT     Make_LET    Make_GT     Make_Group  Make_I_list Calc_force  Write_back 
           0           0           0  3.7629e-06  0.00011253  1.5562e-05  8.9071e-05  1.4541e-06  3.1319e-05  0.00041543  9.2457e-06
**** Tree neighbor time profile (local):
 Sample_ptcl Domain_deco Ex_ptcl     SetRootCell Make_LT     Make_LET    Make_GT     Make_Group  Make_I_list Calc_force  Write_back 
           0           0           0  1.6997e-06  5.0055e-05  8.5506e-06   3.741e-05  2.9232e-07  7.6318e-06   3.791e-05  3.0032e-06
**** Number per step (global):
 PP_single   PP_cluster  PP_cross    Cluster     Cross       AR_step_sum
      956.36      43.636           0       14.86           0      5.1064
 AR_tsyn_sum Stab_Ngroup Iso_Ngroup  Form_Ngroup End_Ngroup  Modf_Ngroup Merg_Ngroup H4_step_sum H4_no_NB    Ep-Ep_sum   Ep-Sp_sum  
      1.7373           0           0    0.066406    0.016602           0           0         253     0.11621  8.9954e+05       15890
**** Number of members in clusters (global):
N_members:            1           2           3           4           5           7           8           9          10          11          12          13
Count    :       956.36      12.503      1.1816    0.078125    0.086914   0.0039062    0.010742     0.03418    0.080078    0.044922    0.066406     0.22656
N_members:           14          15          16          17          18          19          20          21
Count    :      0.12109     0.12988    0.068359    0.054688    0.091797    0.015625    0.048828    0.013672

Time: 15  N_real(loc): 1000  N_real(glb): 1000  N_all(loc): 1000  N_all(glb): 1000  N_remove(glb): 0  N_escape(glb): 0
Energy:     Error/Total         Error     Error_cum         Total       Kinetic     Potential        Modify  Modify_group Modify_single      Error_PP  Error_PP_cum
Physic:   -6.117286e-05    0.01481574    0.02734489     -242.1946      291.4099     -533.6045  -0.000405632             0             0  -1.24956e-07  4.879239e-05
Slowdown: -6.117286e-05    0.01481574    0.02734489     -242.1946      291.4099     -533.6045 -0.0004056309             0             0  -1.24956e-07  4.879289e-05
Angular Momentum:  |L|err: 3.487935e-05  |L|err_cum: 0.001206173  L: -12.41048   -5.601369    23.31579  |L|: 27.0004
C.M.: mass: 526.4074 pos: -0.009736475   -0.0825628    0.08858408 vel: 0.02072267   -0.01776189    0.001201371
Tree step number: 1024
**** Wallclock time per step (local): [Min/Max]
 Total       PP_single   PP_cluster  PP_cross    Tree_NB     Tree_Force  Force_corr  Kick        FindCluster CreateGroup MPI_comm    Output      Status      Other      
  0.00095031  7.5353e-06  0.00010188           0  0.00015242  0.00064547  1.2354e-05  3.7492e-06  1.5687e-05  1.2064e-05  6.4886e-07  9.0175e-07  6.7412e-09  1.5937e-06
  0.00095034   7.566e-06  0.00010192           0  0.00015112  0.00064106  1.2399e-05  3.7789e-06  1.5721e-05   1.208e-05   6.783e-07  9.0255e-07  6.7705e-09  1.6604e-06
**** FDPS tree soft force time profile (local):
 Sample_ptcl Domain_deco Ex_ptcl     SetRootCell Make_LT     Make_LET    Make_GT     Make_Group  Make_I_list Calc_force  Write_back 
           0           0           0  4.1634e-06   0.0001168  1.8416e-05  8.9106e-05  1.4917e-06   3.117e-05  0.00034191  9.6044e-06
**** Tree neighbor time profile (local):
 Sample_ptcl Domain_deco Ex_ptcl     SetRootCell Make_LT     Make_LET    Make_GT     Make_Group  Make_I_list Calc_force  Write_back 
           0           0           0  1.6825e-06  5.0852e-05  8.5167e-06  3.8391e-05  2.8188e-07  8.3065e-06  3.1013e-05  2.8133e-06
**** Number per step (global):
 PP_single   PP_cluster  PP_cross    Cluster     Cross       AR_step_sum
      960.34      39.659           0      12.188           0      4.5928
 AR_tsyn_sum Stab_Ngroup Iso_Ngroup  Form_Ngroup End_Ngroup  Modf_Ngroup Merg_Ngroup H4_step_sum H4_no_NB    Ep-Ep_sum   Ep-Sp_sum  
      1.5732           0           0    0.082031    0.015625           0           0      245.37     0.33691  9.0454e+05       14048
**** Number of members in clusters (global):
N_members:            1           2           3           4           5           6           7           8           9          10          11          12
Count    :       960.34      9.9814     0.76562     0.17773    0.083008    0.078125    0.070312     0.15137     0.10059    0.052734    0.056641      0.0625
N_members:           13          14          15          16          17          18          19          20          21          22          23          24
Count    :     0.044922    0.050781    0.077148   0.0039062    0.033203    0.025391    0.072266     0.11328    0.083984    0.058594    0.033203   0.0019531
N_members:           26          27
Count    :    0.0058594   0.0039062

Time: 16  N_real(loc): 1000  N_real(glb): 1000  N_all(loc): 1000  N_all(glb): 1000  N_remove(glb): 0  N_escape(glb): 0
Energy:     Error/Total         Error     Error_cum         Total       Kinetic     Potential        Modify  Modify_group Modify_single      Error_PP  Error_PP_cum
Physic:    4.296277e-06   -0.00104054    0.02630435     -242.1956      341.4359     -583.6316 -0.0004056241             0             0 -5.718409e-07  4.822055e-05
Slowdown:  4.296277e-06   -0.00104054    0.02630435     -242.1956      341.4359     -583.6316  -0.000405623             0             0 -5.718436e-07  4.822105e-05
Angular Momentum:  |L|err: -5.807007e-05  |L|err_cum: 0.001148103  L: -12.41044   -5.601302    23.31583  |L|: 27.0004
C.M.: mass: 526.4074 pos: -0.002283518   -0.0936899    0.111419 vel: 0.05155532   -0.04355545    0.04917409
Tree step number: 1024
**** Wallclock time per step (local): [Min/Max]
 Total       PP_single   PP_cluster  PP_cross    Tree_NB     Tree_Force  Force_corr  Kick        FindCluster CreateGroup MPI_comm    Output      Status      Other      
   0.0009675  7.2344e-06  0.00013806           0  0.00014679  0.00062808  1.6673e-05  3.9106e-06  1.6051e-05  1.1317e-05  7.8061e-07  6.9508e-07  5.3125e-09  1.5917e-06
  0.00096753  7.2646e-06   0.0001381           0  0.00014555  0.00062387  1.6732e-05  3.9405e-06  1.6084e-05  1.1333e-05  8.0991e-07  6.9529e-07  5.3418e-09  1.6597e-06
**** FDPS tree soft force time profile (local):
 Sample_ptcl Domain_deco Ex_ptcl     SetRootCell Make_LT     Make_LET    Make_GT     Make_Group  Make_I_list Calc_force  Write_back 
           0           0           0  3.4165e-06  0.00011258  1.5281e-05  8.8474e-05  1.4559e-06  2.9813e-05  0.00033563  9.1735e-06
**** Tree neighbor time profile (local):
 Sample_ptcl Domain_deco Ex_ptcl     SetRootCell Make_LT     Make_LET    Make_GT     Make_Group  Make_I_list Calc_force  Write_back 
           0           0           0   1.694e-06  5.0094e-05  8.6489e-06  3.7545e-05  2.6283e-07  7.6207e-06  2.8394e-05  2.6799e-06
**** Number per step (global):
 PP_single   PP_cluster  PP_cross    Cluster     Cross       AR_step_sum
      959.38      40.624           0      10.773           0      5.8896
 AR_tsyn_sum Stab_Ngroup Iso_Ngroup  Form_Ngroup End_Ngroup  Modf_Ngroup Merg_Ngroup H4_step_sum H4_no_NB    Ep-Ep_sum   Ep-Sp_sum  
      2.0205           0           0    0.084961    0.013672           0           0      269.42     0.42871   9.042e+05       13593
**** Number of members in clusters (global):
N_members:            1           2           3           4           5           6          11          12          13          14          15          16
Count    :       959.38      8.8223     0.57031     0.20312    0.097656    0.080078   0.0039062   0.0019531   0.0019531   0.0058594    0.043945    0.087891
N_members:           17          18          19          20          21          22          23          24          25          26          27          28
Count    :      0.12695     0.16309     0.13477    0.068359    0.074219     0.10547    0.072266    0.080078    0.011719   0.0078125   0.0058594   0.0039062

Time: 17  N_real(loc): 1000  N_real(glb): 1000  N_all(loc): 1000  N_all(glb): 1000  N_remove(glb): 0  N_escape(glb): 0
Energy:     Error/Total         Error     Error_cum         Total       Kinetic     Potential        Modify  Modify_group Modify_single      Error_PP  Error_PP_cum
Physic:    0.0001302332   -0.03154602  -0.005241673     -242.2272      310.6217     -552.8489 -0.0004055548             0             0 -6.246858e-06  4.197369e-05
Slowdown:  0.0001302332   -0.03154602  -0.005241674     -242.2272      310.6217     -552.8489 -0.0004055537             0             0 -6.246867e-06  4.197418e-05
Angular Momentum:  |L|err: 2.944545e-05  |L|err_cum: 0.001177548  L: -12.41047   -5.601333    23.31584  |L|: 27.00043
C.M.: mass: 526.4074 pos: 0.009813185   -0.1058412    0.1747879 vel: 0.01186265   0.006561563    0.05488577
Tree step number: 1024
**** Wallclock time per step (local): [Min/Max]
 Total       PP_single   PP_cluster  PP_cross    Tree_NB     Tree_Force  Force_corr  Kick        FindCluster CreateGroup MPI_comm    Output      Status      Other      
   0.0010294  7.3221e-06  0.00013643           0  0.00015177  0.00069075  1.0963e-05  3.8904e-06  1.6233e-05  1.2487e-05  6.5033e-07  5.4907e-07  5.0098e-09  1.6371e-06
   0.0010295  7.3531e-06  0.00013647           0  0.00015057  0.00068658  1.1008e-05  3.9435e-06  1.6268e-05  1.2503e-05  6.8052e-07  5.4918e-07  5.0391e-09  1.7106e-06
**** FDPS tree soft force time profile (local):
 Sample_ptcl Domain_deco Ex_ptcl     SetRootCell Make_LT     Make_LET    Make_GT     Make_Group  Make_I_list Calc_force  Write_back 
           0           0           0  3.6281e-06  0.00011416  1.5495e-05  8.9311e-05  1.4112e-06  3.4996e-05  0.00038879  9.1106e-06
**** Tree neighbor time profile (local):
 Sample_ptcl Domain_deco Ex_ptcl     SetRootCell Make_LT     Make_LET    Make_GT     Make_Group  Make_I_list Calc_force  Write_back 
           0           0           0  1.8826e-06  5.0997e-05  8.4956e-06  3.7361e-05  3.2471e-07  7.7664e-06   3.139e-05  2.5952e-06
**** Number per step (global):
 PP_single   PP_cluster  PP_cross    Cluster     Cross       AR_step_sum
       962.1      37.902           0      12.481           0      21.661
 AR_tsyn_sum Stab_Ngroup Iso_Ngroup  Form_Ngroup End_Ngroup  Modf_Ngroup Merg_Ngroup H4_step_sum H4_no_NB    Ep-Ep_sum   Ep-Sp_sum  
      7.3418           0           0     0.32617    0.017578           0           0      238.44     0.13867  8.8863e+05       17184
**** Number of members in clusters (global):
N_members:            1           2           3           4           8           9          10          11          12          13          14          15
Count    :        962.1      10.526     0.79297     0.16211   0.0078125    0.017578     0.03125    0.066406     0.12598     0.16016     0.21875     0.16211
N_members:           16          17          18          21          22
Count    :      0.13086    0.060547    0.014648   0.0019531   0.0019531

Time: 18  N_real(loc): 1000  N_real(glb): 1000  N_all(loc): 1000  N_all(glb): 1000  N_remove(glb): 0  N_escape(glb): 0
Energy:     Error/Total         Error     Error_cum         Total       Kinetic     Potential        Modify  Modify_group Modify_single      Error_PP  Error_PP_cum
Physic:    7.218918e-05   -0.01748745   -0.02272912     -242.2447      384.5786     -626.8232 -0.0004054648             0             0 -2.878626e-05  1.318742e-05
Slowdown:  7.218919e-05   -0.01748745   -0.02272912     -242.2447      384.5786     -626.8232 -0.0004054628             0             0 -2.878633e-05  1.318785e-05
Angular Momentum:  |L|err: -3.945791e-05  |L|err_cum: 0.00113809  L: -12.4104   -5.601384    23.31579  |L|: 27.00037
C.M.: mass: 526.4074 pos: -0.01288832   -0.06054562    0.2163298 vel: -0.03716139   0.0518902    0.04099366
Tree step number: 1024
**** Wallclock time per step (local): [Min/Max]
 Total       PP_single   PP_cluster  PP_cross    Tree_NB     Tree_Force  Force_corr  Kick        FindCluster CreateGroup MPI_comm    Output      Status      Other      
   0.0011919  7.9358e-06  0.00028825           0  0.00015326  0.00070102  1.0023e-05  3.6536e-06  1.5008e-05  1.3086e-05  6.8748e-07   6.812e-07  7.1318e-09  1.7772e-06
    0.001192  7.9666e-06   0.0002883           0  0.00015203  0.00069664  1.0068e-05  3.6836e-06  1.5044e-05  1.3102e-05  7.1697e-07  6.8136e-07  7.1709e-09  1.8559e-06
**** FDPS tree soft force time profile (local):
 Sample_ptcl Domain_deco Ex_ptcl     SetRootCell Make_LT     Make_LET    Make_GT     Make_Group  Make_I_list Calc_force  Write_back 
           0           0           0  3.7185e-06  0.00011457  1.6245e-05  8.9572e-05  1.6174e-06  3.8014e-05  0.00039335  9.6309e-06
**** Tree neighbor time profile (local):
 Sample_ptcl Domain_deco Ex_ptcl     SetRootCell Make_LT     Make_LET    Make_GT     Make_Group  Make_I_list Calc_force  Write_back 
           0           0           0  1.7824e-06   5.133e-05  9.1074e-06  3.9412e-05  3.8591e-07   8.192e-06  2.9042e-05  2.6622e-06
**** Number per step (global):
 PP_single   PP_cluster  PP_cross    Cluster     Cross       AR_step_sum
      970.27       29.73           0      9.2061           0      83.345
 AR_tsyn_sum Stab_Ngroup Iso_Ngroup  Form_Ngroup End_Ngroup  Modf_Ngroup Merg_Ngroup H4_step_sum H4_no_NB    Ep-Ep_sum   Ep-Sp_sum  
      28.189           0           0      0.8457    0.051758           0           0      205.67     0.15234  8.8603e+05       19021
**** Number of members in clusters (global):
N_members:            1           2           3           4           5           7           8           9          10          11          12          13
Count    :       970.27       7.501     0.53516     0.16797   0.0019531   0.0078125    0.058594    0.035156    0.041016     0.16211     0.16504      0.1875
N_members:           14          15          16          17
Count    :      0.21387    0.074219    0.046875   0.0078125

Time: 19  N_real(loc): 1000  N_real(glb): 1000  N_all(loc): 1000  N_all(glb): 1000  N_remove(glb): 0  N_escape(glb): 0
Energy:     Error/Total         Error     Error_cum         Total       Kinetic     Potential        Modify  Modify_group Modify_single      Error_PP  Error_PP_cum
Physic:     2.39935e-05  -0.005812438   -0.02854156     -242.2505      401.1584     -643.4089 -0.0004046642             0             0  0.0004438227  0.0004570102
Slowdown:   2.39935e-05  -0.005812438   -0.02854156     -242.2505      401.1584     -643.4089 -0.0004046621             0             0  0.0004438227  0.0004570106
Angular Momentum:  |L|err: 0.0001742273  |L|err_cum: 0.001312318  L: -12.4106   -5.601498    23.31584  |L|: 27.00052
C.M.: mass: 526.4074 pos: -0.0195175   0.01853521    0.2396906 vel: -0.002445505   0.07939258    0.02200861
Tree step number: 1024
**** Wallclock time per step (local): [Min/Max]
 Total       PP_single   PP_cluster  PP_cross    Tree_NB     Tree_Force  Force_corr  Kick        FindCluster CreateGroup MPI_comm    Output      Status      Other      
   0.0011054  7.4226e-06  0.00028188           0  0.00014412  0.00063591   6.813e-06  3.3931e-06  1.3797e-05  1.2221e-05  6.2898e-07  5.8551e-07  5.2051e-09  1.7345e-06
   0.0011054  7.4534e-06  0.00028193           0   0.0001429  0.00063197  6.8573e-06  3.4227e-06  1.3832e-05  1.2237e-05  6.5829e-07  5.8561e-07  5.2354e-09  1.8088e-06
**** FDPS tree soft force time profile (local):
 Sample_ptcl Domain_deco Ex_ptcl     SetRootCell Make_LT     Make_LET    Make_GT     Make_Group  Make_I_list Calc_force  Write_back 
           0           0           0  3.4821e-06  0.00011379  1.6146e-05  8.9739e-05  1.5543e-06  4.0877e-05  0.00032698  8.6868e-06
**** Tree neighbor time profile (local):
 Sample_ptcl Domain_deco Ex_ptcl     SetRootCell Make_LT     Make_LET    Make_GT     Make_Group  Make_I_list Calc_force  Write_back 
           0           0           0  1.9649e-06  5.0841e-05  9.3044e-06  3.7784e-05  3.7119e-07  8.7521e-06  2.1518e-05  2.6519e-06
**** Number per step (global):
 PP_single   PP_cluster  PP_cross    Cluster     Cross       AR_step_sum
      974.03      25.971           0      9.1914           0      110.26
 AR_tsyn_sum Stab_Ngroup Iso_Ngroup  Form_Ngroup End_Ngroup  Modf_Ngroup Merg_Ngroup H4_step_sum H4_no_NB    Ep-Ep_sum   Ep-Sp_sum  
      36.341           0           0     0.98633   0.0019531           0           0      168.14     0.28418  8.8885e+05       17624
**** Number of members in clusters (global):
N_members:            1           2           3           4           6           7           8           9          10          11          12          13
Count    :       974.03      7.5459     0.57129    0.074219     0.14648     0.23633    0.025391     0.14062     0.17383     0.23535    0.015625    0.017578
N_members:           14
Count    :    0.0087891

Time: 20  N_real(loc): 1000  N_real(glb): 1000  N_all(loc): 1000  N_all(glb): 1000  N_remove(glb): 0  N_escape(glb): 0
Energy:     Error/Total         Error     Error_cum         Total       Kinetic     Potential        Modify  Modify_group Modify_single      Error_PP  Error_PP_cum
Physic:    2.084939e-05  -0.005050881   -0.03359244     -242.2555      432.7299     -674.9854 -0.0004048114             0             0  1.211697e-07  0.0004571313
Slowdown:  2.084939e-05  -0.005050881   -0.03359244     -242.2555      432.7299     -674.9854 -0.0004048093             0             0   1.21171e-07  0.0004571318
Angular Momentum:  |L|err: 1.285469e-05  |L|err_cum: 0.001325172  L: -12.41062   -5.601535    23.31589  |L|: 27.00058
C.M.: mass: 526.4074 pos: -0.036317   0.1361456    0.2415984 vel: -0.004744559   0.123673    0.01208253
Tree step number: 1024
**** Wallclock time per step (local): [Min/Max]
 Total       PP_single   PP_cluster  PP_cross    Tree_NB     Tree_Force  Force_corr  Kick        FindCluster CreateGroup MPI_comm    Output      Status      Other      
   0.0011289  7.4361e-06   0.0002666           0  0.00015296  0.00066329  8.0886e-06  3.7154e-06  1.4203e-05   1.271e-05  6.5235e-07  6.8093e-07  7.0439e-09  1.9216e-06
   0.0011289  7.4666e-06  0.00026665           0  0.00015165  0.00065928  8.1331e-06   3.745e-06  1.4239e-05  1.2727e-05  6.8192e-07  6.8123e-07  7.0732e-09  1.9882e-06
**** FDPS tree soft force time profile (local):
 Sample_ptcl Domain_deco Ex_ptcl     SetRootCell Make_LT     Make_LET    Make_GT     Make_Group  Make_I_list Calc_force  Write_back 
           0           0           0  3.4685e-06  0.00011686  1.6005e-05  9.0154e-05  1.5422e-06  3.7584e-05  0.00035538  8.7714e-06
**** Tree neighbor time profile (local):
 Sample_ptcl Domain_deco Ex_ptcl     SetRootCell Make_LT     Make_LET    Make_GT     Make_Group  Make_I_list Calc_force  Write_back 
           0           0           0  1.8019e-06  5.1129e-05  8.9694e-06  3.9017e-05  3.5632e-07  8.0625e-06  3.0702e-05  2.8288e-06
**** Number per step (global):
 PP_single   PP_cluster  PP_cross    Cluster     Cross       AR_step_sum
      974.85      25.148           0      7.8242           0      87.879
 AR_tsyn_sum Stab_Ngroup Iso_Ngroup  Form_Ngroup End_Ngroup  Modf_Ngroup Merg_Ngroup H4_step_sum H4_no_NB    Ep-Ep_sum   Ep-Sp_sum  
      30.389           0           0     0.84766    0.038086           0           0         174     0.10742   9.015e+05       15596
**** Number of members in clusters (global):
N_members:            1           2           3           4           6           8           9          10          11          12          13          14
Count    :       974.85      6.3018     0.45996      0.0625   0.0058594    0.019531     0.20703     0.21094     0.12793     0.27246     0.11328    0.042969

Time: 21  N_real(loc): 1000  N_real(glb): 1000  N_all(loc): 1000  N_all(glb): 1000  N_remove(glb): 0  N_escape(glb): 0
Energy:     Error/Total         Error     Error_cum         Total       Kinetic     Potential        Modify  Modify_group Modify_single      Error_PP  Error_PP_cum
Physic:    0.0001387172   -0.03360966    -0.0672021     -242.2892      364.2975     -606.5867  -0.000404909             0             0 -6.349126e-06  0.0004507822
Slowdown:  0.0001387172   -0.03360966    -0.0672021     -242.2892      364.2975     -606.5867  -0.000404907             0             0 -6.349126e-06  0.0004507826
Angular Momentum:  |L|err: 5.657167e-05  |L|err_cum: 0.001381744  L: -12.41068   -5.601552    23.3159  |L|: 27.00062
C.M.: mass: 526.4074 pos: -0.04605734   0.2783949    0.2641916 vel: 0.01977977   0.1127529    0.03919252
Tree step number: 1024
**** Wallclock time per step (local): [Min/Max]
 Total       PP_single   PP_cluster  PP_cross    Tree_NB     Tree_Force  Force_corr  Kick        FindCluster CreateGroup MPI_comm    Output      Status      Other      
   0.0011547  7.8179e-06   0.0002847           0   0.0001548  0.00066831  9.2523e-06  3.7031e-06  1.4273e-05  1.2269e-05  6.2392e-07  4.9786e-07  4.9609e-09  1.8382e-06
   0.0011548  7.8489e-06  0.00028476           0  0.00015351   0.0006641  9.2983e-06  3.7332e-06  1.4309e-05  1.2285e-05  6.5383e-07  4.9797e-07  4.9902e-09  1.9078e-06
**** FDPS tree soft force time profile (local):
 Sample_ptcl Domain_deco Ex_ptcl     SetRootCell Make_LT     Make_LET    Make_GT     Make_Group  Make_I_list Calc_force  Write_back 
           0           0           0  3.6276e-06  0.00011728  1.6471e-05  9.1231e-05  1.3493e-06  3.2086e-05  0.00036365  9.2318e-06
**** Tree neighbor time profile (local):
 Sample_ptcl Domain_deco Ex_ptcl     SetRootCell Make_LT     Make_LET    Make_GT     Make_Group  Make_I_list Calc_force  Write_back 
           0           0           0  1.7673e-06  5.1279e-05  8.9242e-06  3.9284e-05  2.8664e-07  9.0243e-06  3.0684e-05   2.787e-06
**** Number per step (global):
 PP_single   PP_cluster  PP_cross    Cluster     Cross       AR_step_sum
      975.38      24.619           0       7.125           0      88.012
 AR_tsyn_sum Stab_Ngroup Iso_Ngroup  Form_Ngroup End_Ngroup  Modf_Ngroup Merg_Ngroup H4_step_sum H4_no_NB    Ep-Ep_sum   Ep-Sp_sum  
      30.354           0           0     0.87402    0.021484           0           0      171.67     0.18457  9.4235e+05      9912.2
**** Number of members in clusters (global):
N_members:            1           2           3           8           9          10          11          12          13          14          15          16
Count    :       975.38      5.7949     0.33008   0.0097656    0.037109     0.13965     0.25977     0.19238     0.10547     0.15039    0.099609   0.0058594

Time: 22  N_real(loc): 1000  N_real(glb): 1000  N_all(loc): 1000  N_all(glb): 1000  N_remove(glb): 0  N_escape(glb): 0
Energy:     Error/Total         Error     Error_cum         Total       Kinetic     Potential        Modify  Modify_group Modify_single      Error_PP  Error_PP_cum
Physic:    0.0006984057    -0.1693344    -0.2365365     -242.4585      357.0627     -599.5212 -0.0004049446             0             0  -0.003242608  -0.002791826
Slowdown:  0.0006984057    -0.1693344    -0.2365365     -242.4585      357.0627     -599.5212 -0.0004049429             0             0  -0.003242608  -0.002791826
Angular Momentum:  |L|err: 1.715227e-05  |L|err_cum: 0.001398896  L: -12.41072   -5.601556    23.31596  |L|: 27.00069
C.M.: mass: 526.4074 pos: -0.04339182   0.3883836    0.281624 vel: -0.004767919   0.104428    0.02040337
Tree step number: 1024
**** Wallclock time per step (local): [Min/Max]
 Total       PP_single   PP_cluster  PP_cross    Tree_NB     Tree_Force  Force_corr  Kick        FindCluster CreateGroup MPI_comm    Output      Status      Other      
   0.0010152  7.6905e-06  0.00024564           0  0.00014561  0.00058146  6.5192e-06  3.3693e-06  1.3817e-05   1.171e-05  6.0714e-07  4.8874e-07   7.251e-09  1.5919e-06
   0.0010152  7.7507e-06  0.00024569           0  0.00014434  0.00057755  6.5639e-06  3.3988e-06  1.3852e-05  1.1726e-05  6.3677e-07  4.8894e-07  7.2803e-09  1.6539e-06
**** FDPS tree soft force time profile (local):
 Sample_ptcl Domain_deco Ex_ptcl     SetRootCell Make_LT     Make_LET    Make_GT     Make_Group  Make_I_list Calc_force  Write_back 
           0           0           0  3.4557e-06  0.00011039  1.5215e-05  8.7592e-05  9.4799e-07   3.166e-05   0.0002909   8.599e-06
**** Tree neighbor time profile (local):
 Sample_ptcl Domain_deco Ex_ptcl     SetRootCell Make_LT     Make_LET    Make_GT     Make_Group  Make_I_list Calc_force  Write_back 
           0           0           0  1.5839e-06  4.9255e-05  8.7062e-06  3.6888e-05  1.6958e-07  1.0299e-05  2.6398e-05    2.73e-06
**** Number per step (global):
 PP_single   PP_cluster  PP_cross    Cluster     Cross       AR_step_sum
      976.73      23.273           0      7.9893           0      97.708
 AR_tsyn_sum Stab_Ngroup Iso_Ngroup  Form_Ngroup End_Ngroup  Modf_Ngroup Merg_Ngroup H4_step_sum H4_no_NB    Ep-Ep_sum   Ep-Sp_sum  
      33.085           0           0     0.94434   0.0048828           0           0      156.72     0.10059  9.8393e+05      2207.7
**** Number of members in clusters (global):
N_members:            1           2           3           4           5           6           7           8           9          10          11          12
Count    :       976.73      6.5537     0.34766    0.058594    0.029297    0.035156     0.13477     0.31445     0.24414      0.1582    0.066406    0.046875

Time: 23  N_real(loc): 1000  N_real(glb): 1000  N_all(loc): 1000  N_all(glb): 1000  N_remove(glb): 0  N_escape(glb): 0
Energy:     Error/Total         Error     Error_cum         Total       Kinetic     Potential        Modify  Modify_group Modify_single      Error_PP  Error_PP_cum
Physic:    0.0001470386   -0.03565599    -0.2721925     -242.4941      589.8326     -832.3268  -0.000404726             0             0  -0.007620141   -0.01041197
Slowdown:  0.0001470386   -0.03565599    -0.2721925     -242.4941      589.8326     -832.3268 -0.0004047243             0             0  -0.007620141   -0.01041197
Angular Momentum:  |L|err: 2.608098e-05  |L|err_cum: 0.001424977  L: -12.41073   -5.601596    23.31593  |L|: 27.00068
C.M.: mass: 526.4074 pos: -0.06231298   0.4989981    0.3051451 vel: -0.01352643   0.1069424    0.03569976
Tree step number: 1024
**** Wallclock time per step (local): [Min/Max]
 Total       PP_single   PP_cluster  PP_cross    Tree_NB     Tree_Force  Force_corr  Kick        FindCluster CreateGroup MPI_comm    Output      Status      Other      
   0.0011285  7.4446e-06  0.00023194           0  0.00016437  0.00069012  6.1637e-06  3.6488e-06  1.1922e-05  1.3738e-05  6.1546e-07  4.9221e-07   6.291e-09  1.6265e-06
   0.0011286  7.4757e-06  0.00023199           0    0.000163  0.00068604  6.2084e-06  3.6786e-06  1.1957e-05  1.3754e-05  6.4506e-07  4.9234e-07  6.3203e-09  1.6931e-06
**** FDPS tree soft force time profile (local):
 Sample_ptcl Domain_deco Ex_ptcl     SetRootCell Make_LT     Make_LET    Make_GT     Make_Group  Make_I_list Calc_force  Write_back 
           0           0           0  3.6727e-06   0.0001154  1.6083e-05   9.549e-05  1.2999e-06  3.1962e-05  0.00036674  8.9386e-06
**** Tree neighbor time profile (local):
 Sample_ptcl Domain_deco Ex_ptcl     SetRootCell Make_LT     Make_LET    Make_GT     Make_Group  Make_I_list Calc_force  Write_back 
           0           0           0  2.0074e-06   5.134e-05  8.8377e-06  4.1464e-05  2.9696e-07   9.517e-06  3.1659e-05  2.9646e-06
**** Number per step (global):
 PP_single   PP_cluster  PP_cross    Cluster     Cross       AR_step_sum
      981.88       18.12           0       6.127           0       94.71
 AR_tsyn_sum Stab_Ngroup Iso_Ngroup  Form_Ngroup End_Ngroup  Modf_Ngroup Merg_Ngroup H4_step_sum H4_no_NB    Ep-Ep_sum   Ep-Sp_sum  
      32.284           0           0     0.96973   0.0039062           0           0      128.79      0.1709  9.5321e+05      8672.6
**** Number of members in clusters (global):
N_members:            1           2           3           4           5           6           7           8           9          10          11          12
Count    :       981.88      5.0762    0.050781   0.0039062     0.12695     0.14453     0.15234     0.17383     0.17871     0.18848    0.027344   0.0039062

Time: 24  N_real(loc): 1000  N_real(glb): 1000  N_all(loc): 1000  N_all(glb): 1000  N_remove(glb): 0  N_escape(glb): 0
Energy:     Error/Total         Error     Error_cum         Total       Kinetic     Potential        Modify  Modify_group Modify_single      Error_PP  Error_PP_cum
Physic:    1.769694e-06 -0.0004291413    -0.2726216     -242.4946      551.1039     -793.5984 -0.0004047572             0             0  7.574529e-08   -0.01041189
Slowdown:  1.769694e-06 -0.0004291413    -0.2726216     -242.4946      551.1039     -793.5984 -0.0004047555             0             0  7.574616e-08   -0.01041189
Angular Momentum:  |L|err: -2.073016e-06  |L|err_cum: 0.001422904  L: -12.41072   -5.60167    23.31599  |L|: 27.00074
C.M.: mass: 526.4074 pos: -0.09195581   0.6230802    0.334629 vel: -0.02376386   0.07903938    0.00370518
Tree step number: 1024
**** Wallclock time per step (local): [Min/Max]
 Total       PP_single   PP_cluster  PP_cross    Tree_NB     Tree_Force  Force_corr  Kick        FindCluster CreateGroup MPI_comm    Output      Status      Other      
   0.0012207  7.7157e-06  0.00020317           0  0.00015424  0.00081939  5.4222e-06  3.7422e-06  1.2936e-05  1.4542e-05  6.0196e-07   7.997e-07  6.6729e-09  1.7986e-06
   0.0012208  7.7463e-06  0.00020321           0   0.0001529  0.00081517  5.4668e-06  3.7721e-06  1.2971e-05  1.4559e-05  6.3149e-07  7.9991e-07  6.7217e-09  1.8842e-06
**** FDPS tree soft force time profile (local):
 Sample_ptcl Domain_deco Ex_ptcl     SetRootCell Make_LT     Make_LET    Make_GT     Make_Group  Make_I_list Calc_force  Write_back 
           0           0           0  4.0677e-06  0.00011552  1.6312e-05   9.623e-05  1.7453e-06  4.9903e-05  0.00047118  9.3217e-06
**** Tree neighbor time profile (local):
 Sample_ptcl Domain_deco Ex_ptcl     SetRootCell Make_LT     Make_LET    Make_GT     Make_Group  Make_I_list Calc_force  Write_back 
           0           0           0  1.7239e-06  5.1956e-05  8.6474e-06  4.0629e-05  4.4247e-07  1.0593e-05  1.7457e-05  2.9036e-06
**** Number per step (global):
 PP_single   PP_cluster  PP_cross    Cluster     Cross       AR_step_sum
      981.78      18.221           0       6.959           0      94.968
 AR_tsyn_sum Stab_Ngroup Iso_Ngroup  Form_Ngroup End_Ngroup  Modf_Ngroup Merg_Ngroup H4_step_sum H4_no_NB    Ep-Ep_sum   Ep-Sp_sum  
      31.774           0           0           1           0           0           0      124.78    0.079102  8.9262e+05       19907
**** Number of members in clusters (global):
N_members:            1           2           3           4           5           6           7           8           9
Count    :       981.78      5.5312     0.44141     0.25977     0.27148     0.09375     0.12793     0.12109      0.1123

Time: 25  N_real(loc): 1000  N_real(glb): 1000  N_all(loc): 1000  N_all(glb): 1000  N_remove(glb): 0  N_escape(glb): 0
Energy:     Error/Total         Error     Error_cum         Total       Kinetic     Potential        Modify  Modify_group Modify_single      Error_PP  Error_PP_cum
Physic:   -4.494179e-06   0.001089809    -0.2715318     -242.4935      481.2004     -723.6939 -0.0004047206             0             0  1.005475e-06   -0.01041089
Slowdown: -4.494179e-06   0.001089809    -0.2715318     -242.4935      481.2004     -723.6939 -0.0004047189             0             0  1.005648e-06   -0.01041089
Angular Momentum:  |L|err: -0.0002636504  |L|err_cum: 0.001159254  L: -12.41047   -5.601686    23.31623  |L|: 27.00084
C.M.: mass: 526.4074 pos: -0.142315   0.7274454    0.3605158 vel: -0.04661393   0.1068311    0.03086276
Tree step number: 1024
**** Wallclock time per step (local): [Min/Max]
 Total       PP_single   PP_cluster  PP_cross    Tree_NB     Tree_Force  Force_corr  Kick        FindCluster CreateGroup MPI_comm    Output      Status      Other      
   0.0012071  7.5064e-06  0.00023462           0  0.00014985  0.00078052  6.4235e-06  3.6072e-06  1.2389e-05  1.2634e-05  6.0905e-07  8.3866e-07  5.0684e-09  1.6564e-06
   0.0012071  7.5367e-06  0.00023466           0  0.00014859  0.00077628  6.4684e-06  3.6371e-06  1.2422e-05  1.2651e-05   6.385e-07  8.3886e-07  5.0977e-09  1.7408e-06
**** FDPS tree soft force time profile (local):
 Sample_ptcl Domain_deco Ex_ptcl     SetRootCell Make_LT     Make_LET    Make_GT     Make_Group  Make_I_list Calc_force  Write_back 
           0           0           0  3.5858e-06  0.00011585  1.6707e-05  8.9338e-05  1.6203e-06  4.0064e-05  0.00046927  9.3336e-06
**** Tree neighbor time profile (local):
 Sample_ptcl Domain_deco Ex_ptcl     SetRootCell Make_LT     Make_LET    Make_GT     Make_Group  Make_I_list Calc_force  Write_back 
           0           0           0  1.7615e-06   5.211e-05  8.9339e-06  3.7967e-05   4.117e-07  8.7176e-06  2.6052e-05  2.7168e-06
**** Number per step (global):
 PP_single   PP_cluster  PP_cross    Cluster     Cross       AR_step_sum
      979.69       20.31           0       7.002           0      100.85
 AR_tsyn_sum Stab_Ngroup Iso_Ngroup  Form_Ngroup End_Ngroup  Modf_Ngroup Merg_Ngroup H4_step_sum H4_no_NB    Ep-Ep_sum   Ep-Sp_sum  
      34.077           0           0      1.0098   0.0019531           0           0      137.47     0.18457  8.9621e+05       16424
**** Number of members in clusters (global):
N_members:            1           2           3           4           5           6           7           8           9          10          11
Count    :       979.69      5.3887      0.4707     0.13379     0.09375     0.14062     0.33301     0.18164     0.13672    0.095703    0.027344

Time: 26  N_real(loc): 1000  N_real(glb): 1000  N_all(loc): 1000  N_all(glb): 1000  N_remove(glb): 0  N_escape(glb): 0
Energy:     Error/Total         Error     Error_cum         Total       Kinetic     Potential        Modify  Modify_group Modify_single      Error_PP  Error_PP_cum
Physic:    1.730595e-05  -0.004196653    -0.2757285     -242.4977      618.0988     -860.5965 -0.0004047103             0             0  2.665088e-07   -0.01041062
Slowdown:  1.730595e-05  -0.004196653    -0.2757285     -242.4977      618.0988     -860.5965 -0.0004047086             0             0  2.665114e-07   -0.01041062
Angular Momentum:  |L|err: 3.596235e-05  |L|err_cum: 0.001195216  L: -12.41048   -5.60177    23.31635  |L|: 27.00096
C.M.: mass: 526.4074 pos: -0.185536   0.8354429    0.391236 vel: -0.0544812   0.08627272    0.003190023
Tree step number: 1024
**** Wallclock time per step (local): [Min/Max]
 Total       PP_single   PP_cluster  PP_cross    Tree_NB     Tree_Force  Force_corr  Kick        FindCluster CreateGroup MPI_comm    Output      Status      Other      
   0.0011334  7.5713e-06  0.00019805           0  0.00014969  0.00074362  5.3294e-06  3.5165e-06  1.3588e-05   1.226e-05  6.4511e-07  5.1999e-07   6.292e-09  1.8659e-06
   0.0011334  7.6019e-06   0.0001981           0  0.00014853  0.00073941  5.3743e-06  3.5464e-06  1.3626e-05  1.2276e-05   6.749e-07  5.2027e-07  6.3213e-09  1.9434e-06
**** FDPS tree soft force time profile (local):
 Sample_ptcl Domain_deco Ex_ptcl     SetRootCell Make_LT     Make_LET    Make_GT     Make_Group  Make_I_list Calc_force  Write_back 
           0           0           0  3.7844e-06  0.00011574  1.5877e-05  8.9952e-05  1.4461e-06  3.3743e-05  0.00044027  9.2342e-06
**** Tree neighbor time profile (local):
 Sample_ptcl Domain_deco Ex_ptcl     SetRootCell Make_LT     Make_LET    Make_GT     Make_Group  Make_I_list Calc_force  Write_back 
           0           0           0  1.9079e-06  5.0438e-05  8.5041e-06  3.7104e-05  3.5483e-07  8.0517e-06  3.0547e-05  2.5313e-06
**** Number per step (global):
 PP_single   PP_cluster  PP_cross    Cluster     Cross       AR_step_sum
      979.04      20.962           0      8.2412           0      95.631
 AR_tsyn_sum Stab_Ngroup Iso_Ngroup  Form_Ngroup End_Ngroup  Modf_Ngroup Merg_Ngroup H4_step_sum H4_no_NB    Ep-Ep_sum   Ep-Sp_sum  
      32.958           0           0      1.0127   0.0029297           0           0      123.68     0.22363  9.1053e+05       10594
**** Number of members in clusters (global):
N_members:            1           2           3           4           5           6           7           8           9
Count    :       979.04      6.8955     0.35156      0.1084     0.20898     0.23242     0.31445     0.12695   0.0029297

Time: 27  N_real(loc): 1000  N_real(glb): 1000  N_all(loc): 1000  N_all(glb): 1000  N_remove(glb): 0  N_escape(glb): 0
Energy:     Error/Total         Error     Error_cum         Total       Kinetic     Potential        Modify  Modify_group Modify_single      Error_PP  Error_PP_cum
Physic:   -5.639787e-05    0.01367558    -0.2620529      -242.484      365.5558     -608.0398 -0.0004047158             0             0 -1.166114e-07   -0.01041074
Slowdown: -5.639787e-05    0.01367558    -0.2620529      -242.484      365.5558     -608.0398 -0.0004047142             0             0 -1.166114e-07   -0.01041074
Angular Momentum:  |L|err: -7.104489e-05  |L|err_cum: 0.001124171  L: -12.41038   -5.601784    23.31646  |L|: 27.00102
C.M.: mass: 526.4074 pos: -0.2288913   0.9263427    0.4217476 vel: -0.05544916   0.09807905    0.04778101
Tree step number: 1024
**** Wallclock time per step (local): [Min/Max]
 Total       PP_single   PP_cluster  PP_cross    Tree_NB     Tree_Force  Force_corr  Kick        FindCluster CreateGroup MPI_comm    Output      Status      Other      
   0.0010637  7.5003e-06  0.00020639           0  0.00015313  0.00066447  5.4445e-06  3.4232e-06  1.2307e-05  1.1865e-05  6.2584e-07  5.0008e-07  8.8057e-09  1.7231e-06
   0.0010637  7.5308e-06  0.00020644           0  0.00015192  0.00066032  5.4903e-06  3.4659e-06  1.2341e-05  1.1881e-05  6.5535e-07  5.0025e-07   8.835e-09  1.7863e-06
**** FDPS tree soft force time profile (local):
 Sample_ptcl Domain_deco Ex_ptcl     SetRootCell Make_LT     Make_LET    Make_GT     Make_Group  Make_I_list Calc_force  Write_back 
           0           0           0   3.475e-06  0.00011165  1.5172e-05  8.6727e-05  1.2113e-06  2.3333e-05   0.0003806  9.0402e-06
**** Tree neighbor time profile (local):
 Sample_ptcl Domain_deco Ex_ptcl     SetRootCell Make_LT     Make_LET    Make_GT     Make_Group  Make_I_list Calc_force  Write_back 
           0           0           0  1.6874e-06  4.9453e-05  8.5357e-06  3.6941e-05  2.1772e-07  7.5303e-06    3.61e-05   2.616e-06
**** Number per step (global):
 PP_single   PP_cluster  PP_cross    Cluster     Cross       AR_step_sum
      980.04      19.955           0      7.4189           0      98.621
 AR_tsyn_sum Stab_Ngroup Iso_Ngroup  Form_Ngroup End_Ngroup  Modf_Ngroup Merg_Ngroup H4_step_sum H4_no_NB    Ep-Ep_sum   Ep-Sp_sum  
      34.274           0           0      1.0107   0.0029297           0           0      119.59     0.19238  9.5032e+05      4171.1
**** Number of members in clusters (global):
N_members:            1           2           3           4           5           6           7           8           9          10
Count    :       980.04      5.9443     0.50586     0.03125     0.17871     0.25977     0.19922     0.16602    0.088867    0.044922

Time: 28  N_real(loc): 1000  N_real(glb): 1000  N_all(loc): 1000  N_all(glb): 1000  N_remove(glb): 0  N_escape(glb): 0
Energy:     Error/Total         Error     Error_cum         Total       Kinetic     Potential        Modify  Modify_group Modify_single      Error_PP  Error_PP_cum
Physic:    7.737969e-05   -0.01876479    -0.2808177     -242.5028      427.9639     -670.4667 -0.0004050604             0             0  1.565649e-06   -0.01040917
Slowdown:  7.737969e-05   -0.01876479    -0.2808177     -242.5028      427.9639     -670.4667 -0.0004050587             0             0  1.565559e-06   -0.01040917
Angular Momentum:  |L|err: 0.0001357887  |L|err_cum: 0.00125996  L: -12.41047   -5.601855    23.31661  |L|: 27.0012
C.M.: mass: 526.4074 pos: -0.3155137   1.016616    0.4594015 vel: -0.08810695   0.09897823    0.02816234
Tree step number: 1024
**** Wallclock time per step (local): [Min/Max]
 Total       PP_single   PP_cluster  PP_cross    Tree_NB     Tree_Force  Force_corr  Kick        FindCluster CreateGroup MPI_comm    Output      Status      Other      
   0.0010733  7.4853e-06  0.00024934           0  0.00014703  0.00063624  6.2766e-06  3.5421e-06  1.2151e-05  1.1662e-05  6.3539e-07  4.9725e-07  7.8564e-09  1.7426e-06
   0.0010733  7.5161e-06  0.00024939           0  0.00014582  0.00063227  6.3213e-06  3.5722e-06  1.2186e-05  1.1679e-05   6.649e-07  4.9772e-07  7.8857e-09  1.8117e-06
**** FDPS tree soft force time profile (local):
 Sample_ptcl Domain_deco Ex_ptcl     SetRootCell Make_LT     Make_LET    Make_GT     Make_Group  Make_I_list Calc_force  Write_back 
           0           0           0  3.7462e-06  0.00011408  1.5558e-05  8.8983e-05  1.3889e-06  2.8259e-05   0.0003422  8.7025e-06
**** Tree neighbor time profile (local):
 Sample_ptcl Domain_deco Ex_ptcl     SetRootCell Make_LT     Make_LET    Make_GT     Make_Group  Make_I_list Calc_force  Write_back 
           0           0           0  1.6895e-06  5.0261e-05  8.7947e-06   3.822e-05  3.9798e-07  7.2028e-06  2.6212e-05  2.6219e-06
**** Number per step (global):
 PP_single   PP_cluster  PP_cross    Cluster     Cross       AR_step_sum
      981.19      18.809           0      6.2236           0      109.76
 AR_tsyn_sum Stab_Ngroup Iso_Ngroup  Form_Ngroup End_Ngroup  Modf_Ngroup Merg_Ngroup H4_step_sum H4_no_NB    Ep-Ep_sum   Ep-Sp_sum  
      38.504           0           0      1.0107   0.0029297           0           0       123.1     0.20215  9.1913e+05      9609.5
**** Number of members in clusters (global):
N_members:            1           2           3           4           5           6           7           8           9          10          11          12
Count    :       981.19      4.8857      0.3125    0.041016     0.19336     0.18945     0.18359    0.083984     0.10156   0.0019531    0.029297    0.087891
N_members:           13          14
Count    :     0.021484    0.091797

Time: 29  N_real(loc): 1000  N_real(glb): 1000  N_all(loc): 1000  N_all(glb): 1000  N_remove(glb): 0  N_escape(glb): 0
Energy:     Error/Total         Error     Error_cum         Total       Kinetic     Potential        Modify  Modify_group Modify_single      Error_PP  Error_PP_cum
Physic:   -0.0004982254     0.1207609    -0.1600568      -242.382      315.7177     -558.0997 -0.0004049971             0             0   5.86897e-06    -0.0104033
Slowdown: -0.0004982254     0.1207609    -0.1600568      -242.382      315.7177     -558.0997 -0.0004049955             0             0  5.868977e-06    -0.0104033
Angular Momentum:  |L|err: 0.003324327  |L|err_cum: 0.004584288  L: -12.41269   -5.603423    23.31865  |L|: 27.00431
C.M.: mass: 526.4074 pos: -0.386487   1.133173    0.4733535 vel: -0.05392643   0.09250985    -0.03147383
Tree step number: 1024
**** Wallclock time per step (local): [Min/Max]
 Total       PP_single   PP_cluster  PP_cross    Tree_NB     Tree_Force  Force_corr  Kick        FindCluster CreateGroup MPI_comm    Output      Status      Other      
   0.0011207  7.7673e-06  0.00027477           0  0.00015212  0.00065118  6.7662e-06   3.512e-06  1.2119e-05  1.2755e-05  6.4519e-07  7.0204e-07  8.1895e-09  1.9874e-06
   0.0011207  7.7981e-06  0.00027484           0  0.00015089  0.00064689  6.8114e-06  3.5417e-06  1.2156e-05  1.2772e-05  6.7487e-07  7.0215e-07  8.2188e-09  2.0525e-06
**** FDPS tree soft force time profile (local):
 Sample_ptcl Domain_deco Ex_ptcl     SetRootCell Make_LT     Make_LET    Make_GT     Make_Group  Make_I_list Calc_force  Write_back 
           0           0           0  3.5832e-06  0.00011578  1.5509e-05  9.0439e-05  1.5109e-06  2.9788e-05  0.00035184  9.3408e-06
**** Tree neighbor time profile (local):
 Sample_ptcl Domain_deco Ex_ptcl     SetRootCell Make_LT     Make_LET    Make_GT     Make_Group  Make_I_list Calc_force  Write_back 
           0           0           0  1.7409e-06  5.2147e-05  8.8405e-06  3.8097e-05  3.7001e-07   7.119e-06   3.114e-05  2.6536e-06
**** Number per step (global):
 PP_single   PP_cluster  PP_cross    Cluster     Cross       AR_step_sum
      983.31      16.687           0           5           0      118.79
 AR_tsyn_sum Stab_Ngroup Iso_Ngroup  Form_Ngroup End_Ngroup  Modf_Ngroup Merg_Ngroup H4_step_sum H4_no_NB    Ep-Ep_sum   Ep-Sp_sum  
      41.401           0           0      1.0039  0.00097656           0           0      115.49     0.12891  9.0939e+05       12450
**** Number of members in clusters (global):
N_members:            1           2           3           5           6           7           8           9          10          11          12          13
Count    :       983.31      3.8613     0.13867     0.22363    0.016602     0.14062    0.044922     0.12109     0.19531      0.1582    0.091797   0.0078125

Time: 30  N_real(loc): 1000  N_real(glb): 1000  N_all(loc): 1000  N_all(glb): 1000  N_remove(glb): 0  N_escape(glb): 0
Energy:     Error/Total         Error     Error_cum         Total       Kinetic     Potential        Modify  Modify_group Modify_single      Error_PP  Error_PP_cum
Physic:    0.0008850265    -0.2147045    -0.3747613     -242.5967      1834.112     -2076.709 -0.0004044328             0             0 -8.920824e-05   -0.01049251
Slowdown:  0.0008850265    -0.2147045    -0.3747613     -242.5967      1834.112     -2076.709 -0.0004044311             0             0 -8.920824e-05   -0.01049251
Angular Momentum:  |L|err: 0.0001982897  |L|err_cum: 0.004782577  L: -12.41285   -5.603484    23.31876  |L|: 27.00449
C.M.: mass: 526.4074 pos: -0.4583666   1.222101    0.4742024 vel: -0.05644204   0.1078215    0.02199283
Tree step number: 1024
**** Wallclock time per step (local): [Min/Max]
 Total       PP_single   PP_cluster  PP_cross    Tree_NB     Tree_Force  Force_corr  Kick        FindCluster CreateGroup MPI_comm    Output      Status      Other      
   0.0011134  7.5193e-06  0.00022594           0  0.00015499  0.00069266  5.2879e-06  3.5152e-06  1.1669e-05  1.2228e-05   6.086e-07  5.0368e-07  5.1367e-09  1.6723e-06
   0.0011134  7.5703e-06  0.00022599           0  0.00015375  0.00068863  5.3329e-06  3.5453e-06  1.1704e-05  1.2245e-05  6.3824e-07  5.0379e-07   5.166e-09  1.7384e-06
**** FDPS tree soft force time profile (local):
 Sample_ptcl Domain_deco Ex_ptcl     SetRootCell Make_LT     Make_LET    Make_GT     Make_Group  Make_I_list Calc_force  Write_back 
           0           0           0  4.1247e-06  0.00011532  1.6188e-05  9.0258e-05  1.5836e-06  2.9633e-05  0.00039337  8.8349e-06
**** Tree neighbor time profile (local):
 Sample_ptcl Domain_deco Ex_ptcl     SetRootCell Make_LT     Make_LET    Make_GT     Make_Group  Make_I_list Calc_force  Write_back 
           0           0           0  2.0126e-06   5.105e-05  8.7232e-06  3.8287e-05  4.5508e-07  7.0998e-06  3.4862e-05  2.6908e-06
**** Number per step (global):
 PP_single   PP_cluster  PP_cross    Cluster     Cross       AR_step_sum
      984.53      15.469           0      5.2842           0      114.93
 AR_tsyn_sum Stab_Ngroup Iso_Ngroup  Form_Ngroup End_Ngroup  Modf_Ngroup Merg_Ngroup H4_step_sum H4_no_NB    Ep-Ep_sum   Ep-Sp_sum  
      40.142           0           0      1.0088   0.0029297           0           0      101.75     0.23145  9.0007e+05       13736
**** Number of members in clusters (global):
N_members:            1           2           3           4           5           6           7           8           9          10
Count    :       984.53      3.9385      0.3457    0.021484     0.18359     0.35059     0.23438      0.1084    0.076172    0.025391

Time: 31  N_real(loc): 1000  N_real(glb): 1000  N_all(loc): 1000  N_all(glb): 1000  N_remove(glb): 0  N_escape(glb): 0
Energy:     Error/Total         Error     Error_cum         Total       Kinetic     Potential        Modify  Modify_group Modify_single      Error_PP  Error_PP_cum
Physic:    0.0003371084   -0.08180897    -0.4565703     -242.6785      972.1193     -1214.798 -0.0004038438             0             0  -7.80306e-06   -0.01050031
Slowdown:  0.0003371084   -0.08180897    -0.4565703     -242.6785      972.1193     -1214.798 -0.0004038422             0             0  -7.80306e-06   -0.01050031
Angular Momentum:  |L|err: 0.0002546631  |L|err_cum: 0.00503724  L: -12.41296   -5.603628    23.31897  |L|: 27.00475
C.M.: mass: 526.4074 pos: -0.4972146   1.331476    0.4864249 vel: -0.02273977   0.1023126    -0.01270671
Tree step number: 1024
**** Wallclock time per step (local): [Min/Max]
 Total       PP_single   PP_cluster  PP_cross    Tree_NB     Tree_Force  Force_corr  Kick        FindCluster CreateGroup MPI_comm    Output      Status      Other      
   0.0011748  8.1363e-06  0.00029934           0  0.00016043  0.00067023  6.5981e-06  3.5291e-06  1.3715e-05   1.293e-05  6.5874e-07  4.9584e-07  5.3027e-09  1.7396e-06
   0.0011748  8.1672e-06  0.00029939           0  0.00015909  0.00066622  6.6434e-06  3.5595e-06  1.3754e-05  1.2947e-05  6.8865e-07  4.9595e-07   5.332e-09  1.8097e-06
**** FDPS tree soft force time profile (local):
 Sample_ptcl Domain_deco Ex_ptcl     SetRootCell Make_LT     Make_LET    Make_GT     Make_Group  Make_I_list Calc_force  Write_back 
           0           0           0  4.3658e-06  0.00011683  1.5912e-05  9.1707e-05  1.6325e-06  3.4893e-05  0.00036263  8.8545e-06
**** Tree neighbor time profile (local):
 Sample_ptcl Domain_deco Ex_ptcl     SetRootCell Make_LT     Make_LET    Make_GT     Make_Group  Make_I_list Calc_force  Write_back 
           0           0           0  1.8017e-06  5.2302e-05  1.0092e-05  4.6065e-05  4.2265e-07  8.1458e-06  2.7832e-05  2.8962e-06
**** Number per step (global):
 PP_single   PP_cluster  PP_cross    Cluster     Cross       AR_step_sum
      982.63      17.365           0      5.3564           0      124.96
 AR_tsyn_sum Stab_Ngroup Iso_Ngroup  Form_Ngroup End_Ngroup  Modf_Ngroup Merg_Ngroup H4_step_sum H4_no_NB    Ep-Ep_sum   Ep-Sp_sum  
      43.358           0           0     0.99023   0.0019531           0           0      127.76     0.09668   8.898e+05       14911
**** Number of members in clusters (global):
N_members:            1           2           3           6           7           8           9          10          11
Count    :       982.63      4.3232    0.033203    0.029297     0.18945     0.22461     0.30273     0.19727    0.056641

Time: 32  N_real(loc): 1000  N_real(glb): 1000  N_all(loc): 1000  N_all(glb): 1000  N_remove(glb): 0  N_escape(glb): 0
Energy:     Error/Total         Error     Error_cum         Total       Kinetic     Potential        Modify  Modify_group Modify_single      Error_PP  Error_PP_cum
Physic:   -0.0003179284    0.07712987    -0.3794404     -242.6014      316.4832     -559.0846 -0.0004039528             0             0 -6.147735e-06   -0.01050646
Slowdown: -0.0003179284    0.07712987    -0.3794404     -242.6014      316.4832     -559.0846 -0.0004039512             0             0 -6.147702e-06   -0.01050646
Angular Momentum:  |L|err: 0.000338908  |L|err_cum: 0.005376148  L: -12.41301   -5.603884    23.31931  |L|: 27.00512
C.M.: mass: 526.4074 pos: -0.5453613   1.455593    0.5076672 vel: -0.07120032   0.1016462    0.007875933
Tree step number: 1024
**** Wallclock time per step (local): [Min/Max]
 Total       PP_single   PP_cluster  PP_cross    Tree_NB     Tree_Force  Force_corr  Kick        FindCluster CreateGroup MPI_comm    Output      Status      Other      
   0.0010407   7.118e-06  0.00025965           0  0.00014324  0.00059798  5.8299e-06  3.4603e-06  1.1868e-05  1.2269e-05  6.1947e-07  4.9896e-07  5.4404e-09  1.6501e-06
   0.0010407  7.1483e-06  0.00025969           0  0.00014202  0.00059379  5.8747e-06    3.49e-06  1.1902e-05  1.2285e-05  6.4876e-07  4.9908e-07  5.4697e-09  1.7159e-06
**** FDPS tree soft force time profile (local):
 Sample_ptcl Domain_deco Ex_ptcl     SetRootCell Make_LT     Make_LET    Make_GT     Make_Group  Make_I_list Calc_force  Write_back 
           0           0           0  3.4552e-06  0.00011578  1.5055e-05  9.2016e-05   1.671e-06  3.9439e-05  0.00028644  9.1473e-06
**** Tree neighbor time profile (local):
 Sample_ptcl Domain_deco Ex_ptcl     SetRootCell Make_LT     Make_LET    Make_GT     Make_Group  Make_I_list Calc_force  Write_back 
           0           0           0  1.7176e-06  5.0808e-05  8.5022e-06  3.8944e-05  4.2392e-07  7.6911e-06  2.1665e-05  2.6428e-06
**** Number per step (global):
 PP_single   PP_cluster  PP_cross    Cluster     Cross       AR_step_sum
      985.82      14.177           0      4.1963           0      118.18
 AR_tsyn_sum Stab_Ngroup Iso_Ngroup  Form_Ngroup End_Ngroup  Modf_Ngroup Merg_Ngroup H4_step_sum H4_no_NB    Ep-Ep_sum   Ep-Sp_sum  
      41.576           0           0     0.96387   0.0019531           0           0      111.01     0.18457  8.6917e+05       20376
**** Number of members in clusters (global):
N_members:            1           2           3           5           6           7           8           9          10          11          12
Count    :       985.82      3.1455    0.050781   0.0058594     0.28516     0.19336     0.23926     0.10254     0.11523    0.052734   0.0058594

Time: 33  N_real(loc): 1000  N_real(glb): 1000  N_all(loc): 1000  N_all(glb): 1000  N_remove(glb): 0  N_escape(glb): 0
Energy:     Error/Total         Error     Error_cum         Total       Kinetic     Potential        Modify  Modify_group Modify_single      Error_PP  Error_PP_cum
Physic:   -0.0002296468    0.05569983    -0.3237406     -242.5457      609.6124     -852.1581 -0.0004038877             0             0  6.202657e-07   -0.01050584
Slowdown: -0.0002296468    0.05569983    -0.3237406     -242.5457      609.6124     -852.1581 -0.0004038861             0             0  6.202658e-07   -0.01050584
Angular Momentum:  |L|err: 0.0002181156  |L|err_cum: 0.005594264  L: -12.41312   -5.603986    23.31948  |L|: 27.00534
C.M.: mass: 526.4074 pos: -0.6169209   1.571322    0.5289947 vel: -0.06645112   0.1284732    0.04439303
Tree step number: 1024
**** Wallclock time per step (local): [Min/Max]
 Total       PP_single   PP_cluster  PP_cross    Tree_NB     Tree_Force  Force_corr  Kick        FindCluster CreateGroup MPI_comm    Output      Status      Other      
   0.0010606  7.3561e-06  0.00027224           0  0.00014578  0.00060047   6.326e-06  3.3933e-06  1.2853e-05  1.2698e-05  6.8618e-07  5.9394e-07  8.7666e-09  1.6594e-06
   0.0010606  7.3867e-06  0.00027229           0  0.00014462  0.00059638  6.3716e-06  3.4232e-06  1.2889e-05  1.2714e-05  7.1622e-07  5.9416e-07  8.7959e-09  1.7225e-06
**** FDPS tree soft force time profile (local):
 Sample_ptcl Domain_deco Ex_ptcl     SetRootCell Make_LT     Make_LET    Make_GT     Make_Group  Make_I_list Calc_force  Write_back 
           0           0           0  3.7922e-06  0.00011448  1.4964e-05  9.0951e-05  1.6028e-06  3.9341e-05  0.00029252   8.991e-06
**** Tree neighbor time profile (local):
 Sample_ptcl Domain_deco Ex_ptcl     SetRootCell Make_LT     Make_LET    Make_GT     Make_Group  Make_I_list Calc_force  Write_back 
           0           0           0  1.8027e-06  5.1121e-05  8.6297e-06  3.8199e-05  4.2934e-07  9.0093e-06    2.38e-05  2.5297e-06
**** Number per step (global):
 PP_single   PP_cluster  PP_cross    Cluster     Cross       AR_step_sum
      983.42      16.583           0      5.0293           0      118.89
 AR_tsyn_sum Stab_Ngroup Iso_Ngroup  Form_Ngroup End_Ngroup  Modf_Ngroup Merg_Ngroup H4_step_sum H4_no_NB    Ep-Ep_sum   Ep-Sp_sum  
       41.42           0           0       1.002  0.00097656           0           0      121.06     0.14258  8.7587e+05       17386
**** Number of members in clusters (global):
N_members:            1           2           3           6           7           8           9          10          11
Count    :       983.42      3.8779     0.15137    0.056641      0.2998     0.17578     0.20605     0.20508    0.056641

Time: 34  N_real(loc): 1000  N_real(glb): 1000  N_all(loc): 1000  N_all(glb): 1000  N_remove(glb): 0  N_escape(glb): 0
Energy:     Error/Total         Error     Error_cum         Total       Kinetic     Potential        Modify  Modify_group Modify_single      Error_PP  Error_PP_cum
Physic:    9.497034e-05   -0.02303683    -0.3467774     -242.5687      480.4973      -723.066 -0.0004055709             0             0 -1.002024e-05   -0.01051586
Slowdown:  9.497034e-05   -0.02303683    -0.3467774     -242.5687      480.4973      -723.066 -0.0004055693             0             0 -1.002024e-05   -0.01051586
Angular Momentum:  |L|err: 3.605187e-08  |L|err_cum: 0.0055943  L: -12.41309   -5.603994    23.3195  |L|: 27.00535
C.M.: mass: 526.4074 pos: -0.672695   1.685697    0.5489286 vel: -0.05061562   0.1072103    0.01340046
Tree step number: 1024
**** Wallclock time per step (local): [Min/Max]
 Total       PP_single   PP_cluster  PP_cross    Tree_NB     Tree_Force  Force_corr  Kick        FindCluster CreateGroup MPI_comm    Output      Status      Other      
   0.0010389   7.398e-06  0.00017304           0  0.00015618  0.00067069  4.7714e-06  3.5881e-06  1.1728e-05  1.1889e-05  7.9842e-07  4.9825e-07  5.1465e-09  1.6474e-06
   0.0010389  7.4289e-06  0.00017309           0  0.00015495  0.00066649  4.8164e-06  3.6181e-06  1.1763e-05  1.1906e-05  8.2825e-07  4.9837e-07  5.1758e-09  1.7118e-06
**** FDPS tree soft force time profile (local):
 Sample_ptcl Domain_deco Ex_ptcl     SetRootCell Make_LT     Make_LET    Make_GT     Make_Group  Make_I_list Calc_force  Write_back 
           0           0           0  3.9662e-06  0.00011613  1.5487e-05  9.2353e-05  1.5066e-06  2.7543e-05  0.00037056  9.1754e-06
**** Tree neighbor time profile (local):
 Sample_ptcl Domain_deco Ex_ptcl     SetRootCell Make_LT     Make_LET    Make_GT     Make_Group  Make_I_list Calc_force  Write_back 
           0           0           0  1.7333e-06  5.1481e-05  9.0623e-06  3.9388e-05  3.3473e-07  7.3488e-06  3.3562e-05  2.6652e-06
**** Number per step (global):
 PP_single   PP_cluster  PP_cross    Cluster     Cross       AR_step_sum
      986.64      13.356           0      4.7803           0      90.051
 AR_tsyn_sum Stab_Ngroup Iso_Ngroup  Form_Ngroup End_Ngroup  Modf_Ngroup Merg_Ngroup H4_step_sum H4_no_NB    Ep-Ep_sum   Ep-Sp_sum  
      31.059           0           0      1.0039  0.00097656           0           0      84.841     0.15918  9.1023e+05      8889.5
**** Number of members in clusters (global):
N_members:            1           2           3           4           5           6           7           8          10
Count    :       986.64      3.4746      0.2666     0.33594     0.28516     0.14062     0.25586   0.0058594    0.015625

Time: 35  N_real(loc): 1000  N_real(glb): 1000  N_all(loc): 1000  N_all(glb): 1000  N_remove(glb): 0  N_escape(glb): 0
Energy:     Error/Total         Error     Error_cum         Total       Kinetic     Potential        Modify  Modify_group Modify_single      Error_PP  Error_PP_cum
Physic:   -2.947823e-05   0.007150285    -0.3396271     -242.5616       912.606     -1155.168 -0.0004070846             0             0 -9.318341e-07   -0.01051679
Slowdown: -2.947823e-05   0.007150285    -0.3396271     -242.5616       912.606     -1155.168  -0.000407083             0             0  -9.31834e-07   -0.01051679
Angular Momentum:  |L|err: -0.002217328  |L|err_cum: 0.003376972  L: -12.40708   -5.601761    23.31872  |L|: 27.00145
C.M.: mass: 526.4074 pos: -0.7224087   1.781952    0.5870002 vel: -0.04964033   0.1015719    0.04028354
Tree step number: 1024
**** Wallclock time per step (local): [Min/Max]
 Total       PP_single   PP_cluster  PP_cross    Tree_NB     Tree_Force  Force_corr  Kick        FindCluster CreateGroup MPI_comm    Output      Status      Other      
   0.0010085   7.389e-06  0.00014863           0  0.00014372  0.00067814  4.7831e-06  3.4344e-06  1.0844e-05  1.1876e-05  6.4328e-07  5.3686e-07  7.0059e-09  1.6554e-06
   0.0010085  7.4193e-06  0.00014867           0  0.00014252  0.00067414  4.8277e-06  3.4644e-06  1.0877e-05  1.1892e-05  6.7279e-07  5.3704e-07  7.0352e-09  1.7491e-06
**** FDPS tree soft force time profile (local):
 Sample_ptcl Domain_deco Ex_ptcl     SetRootCell Make_LT     Make_LET    Make_GT     Make_Group  Make_I_list Calc_force  Write_back 
           0           0           0  3.9695e-06  0.00011351  1.5829e-05  9.0648e-05  1.5698e-06  3.7125e-05  0.00037132  8.8087e-06
**** Tree neighbor time profile (local):
 Sample_ptcl Domain_deco Ex_ptcl     SetRootCell Make_LT     Make_LET    Make_GT     Make_Group  Make_I_list Calc_force  Write_back 
           0           0           0  1.6392e-06  4.9872e-05  8.9301e-06  3.7752e-05  4.2613e-07  8.5512e-06  2.0218e-05   2.599e-06
**** Number per step (global):
 PP_single   PP_cluster  PP_cross    Cluster     Cross       AR_step_sum
      988.29      11.705           0      4.2803           0      78.565
 AR_tsyn_sum Stab_Ngroup Iso_Ngroup  Form_Ngroup End_Ngroup  Modf_Ngroup Merg_Ngroup H4_step_sum H4_no_NB    Ep-Ep_sum   Ep-Sp_sum  
      26.787           0           0      1.0088  0.00097656           0           0      63.189     0.26758  8.7938e+05       15910
**** Number of members in clusters (global):
N_members:            1           2           3           4           5           6           7
Count    :       988.29      3.1064     0.36816     0.10938     0.31445     0.29492    0.086914

Time: 36  N_real(loc): 1000  N_real(glb): 1000  N_all(loc): 1000  N_all(glb): 1000  N_remove(glb): 0  N_escape(glb): 0
Energy:     Error/Total         Error     Error_cum         Total       Kinetic     Potential        Modify  Modify_group Modify_single      Error_PP  Error_PP_cum
Physic:   -0.0002063175    0.05003438    -0.2895927     -242.5115      422.1192     -664.6308 -0.0004071198             0             0   3.78305e-06   -0.01051301
Slowdown: -0.0002063175    0.05003438    -0.2895927     -242.5115      422.1192     -664.6308 -0.0004071182             0             0   3.78305e-06   -0.01051301
Angular Momentum:  |L|err: 0.0337342  |L|err_cum: 0.03711117  L: -12.39081   -5.587014    23.28752  |L|: 26.96397
C.M.: mass: 526.4074 pos: -0.7699331   1.891697    0.6229164 vel: -0.03770479   0.1476326    0.03185784
Tree step number: 1024
**** Wallclock time per step (local): [Min/Max]
 Total       PP_single   PP_cluster  PP_cross    Tree_NB     Tree_Force  Force_corr  Kick        FindCluster CreateGroup MPI_comm    Output      Status      Other      
   0.0010706  8.2919e-06  0.00012558           0  0.00014976  0.00075614  4.9823e-06  3.5481e-06  1.0677e-05  1.2562e-05  6.3949e-07  4.8577e-07  5.0488e-09  1.6827e-06
   0.0010706  8.3228e-06  0.00012562           0  0.00014849  0.00075165  5.0272e-06  3.5783e-06   1.071e-05  1.2579e-05  6.6913e-07  4.8588e-07  5.0781e-09  1.7677e-06
**** FDPS tree soft force time profile (local):
 Sample_ptcl Domain_deco Ex_ptcl     SetRootCell Make_LT     Make_LET    Make_GT     Make_Group  Make_I_list Calc_force  Write_back 
           0           0           0   3.997e-06  0.00011992  1.6441e-05  9.3835e-05  1.8568e-06  3.9236e-05  0.00043213  9.8629e-06
**** Tree neighbor time profile (local):
 Sample_ptcl Domain_deco Ex_ptcl     SetRootCell Make_LT     Make_LET    Make_GT     Make_Group  Make_I_list Calc_force  Write_back 
           0           0           0  1.7608e-06  5.1943e-05   8.751e-06  4.0101e-05  4.4556e-07  9.2028e-06  1.9845e-05  2.7516e-06
**** Number per step (global):
 PP_single   PP_cluster  PP_cross    Cluster     Cross       AR_step_sum
         989      11.004           0      4.2598           0      60.221
 AR_tsyn_sum Stab_Ngroup Iso_Ngroup  Form_Ngroup End_Ngroup  Modf_Ngroup Merg_Ngroup H4_step_sum H4_no_NB    Ep-Ep_sum   Ep-Sp_sum  
        20.3           0           0      1.0137   0.0029297           0           0      58.195     0.55957  8.6788e+05       17884
**** Number of members in clusters (global):
N_members:            1           2           3           4           5           6           7           8           9          10          11          12
Count    :          989      3.3916     0.33594     0.23047   0.0097656    0.085938    0.068359    0.042969    0.060547    0.018555    0.013672   0.0019531

Time: 37  N_real(loc): 1000  N_real(glb): 1000  N_all(loc): 1000  N_all(glb): 1000  N_remove(glb): 0  N_escape(glb): 0
Energy:     Error/Total         Error     Error_cum         Total       Kinetic     Potential        Modify  Modify_group Modify_single      Error_PP  Error_PP_cum
Physic:     0.000605187    -0.1468537    -0.4364464     -242.6584      600.0319     -842.6903 -0.0004065641             0             0  1.302638e-06   -0.01051171
Slowdown:   0.000605187    -0.1468537    -0.4364464     -242.6584      600.0319     -842.6903 -0.0004065625             0             0  1.302639e-06   -0.01051171
Angular Momentum:  |L|err: -0.0001167054  |L|err_cum: 0.03699447  L: -12.39083   -5.587096    23.28762  |L|: 26.96408
C.M.: mass: 526.4074 pos: -0.8191748   1.993884    0.6350423 vel: -0.05035875   0.1111645    0.02274276
Tree step number: 1024
**** Wallclock time per step (local): [Min/Max]
 Total       PP_single   PP_cluster  PP_cross    Tree_NB     Tree_Force  Force_corr  Kick        FindCluster CreateGroup MPI_comm    Output      Status      Other      
   0.0011166  7.6726e-06  0.00026403           0  0.00014557  0.00066675  5.8281e-06  3.4288e-06  1.1479e-05  1.2441e-05  6.0194e-07  4.8721e-07  5.3125e-09  1.7714e-06
   0.0011166  7.7031e-06  0.00026407           0   0.0001444  0.00066263  5.8731e-06  3.4585e-06  1.1516e-05  1.2458e-05  6.3171e-07  4.8732e-07  5.3418e-09  1.8484e-06
**** FDPS tree soft force time profile (local):
 Sample_ptcl Domain_deco Ex_ptcl     SetRootCell Make_LT     Make_LET    Make_GT     Make_Group  Make_I_list Calc_force  Write_back 
           0           0           0  3.5281e-06   0.0001164  1.6596e-05  9.0831e-05  1.7382e-06  3.8047e-05  0.00035462  9.0399e-06
**** Tree neighbor time profile (local):
 Sample_ptcl Domain_deco Ex_ptcl     SetRootCell Make_LT     Make_LET    Make_GT     Make_Group  Make_I_list Calc_force  Write_back 
           0           0           0  1.7265e-06  5.2073e-05   8.886e-06  3.8751e-05  4.4282e-07  9.4456e-06  1.9574e-05   2.562e-06
**** Number per step (global):
 PP_single   PP_cluster  PP_cross    Cluster     Cross       AR_step_sum
      987.85      12.152           0      3.3525           0      127.21
 AR_tsyn_sum Stab_Ngroup Iso_Ngroup  Form_Ngroup End_Ngroup  Modf_Ngroup Merg_Ngroup H4_step_sum H4_no_NB    Ep-Ep_sum   Ep-Sp_sum  
      44.312           0           0      1.0098           0           0           0      93.246     0.19922  8.6944e+05       17642
**** Number of members in clusters (global):
N_members:            1           2           3           4           5           6           7           8           9          10          11          12
Count    :       987.85      2.1104     0.27344    0.054688       0.125     0.21582     0.26172     0.11719    0.048828    0.047852   0.0097656    0.017578
N_members:           13          14          15
Count    :     0.021484    0.044922   0.0039062

Time: 38  N_real(loc): 1000  N_real(glb): 1000  N_all(loc): 1000  N_all(glb): 1000  N_remove(glb): 0  N_escape(glb): 0
Energy:     Error/Total         Error     Error_cum         Total       Kinetic     Potential        Modify  Modify_group Modify_single      Error_PP  Error_PP_cum
Physic:    8.207172e-05   -0.01991703    -0.4563635     -242.6783      468.7777     -711.4561 -0.0004064871             0             0      3.31e-07   -0.01051138
Slowdown:  8.207172e-05   -0.01991703    -0.4563635     -242.6783      468.7777     -711.4561 -0.0004064855             0             0   3.30997e-07   -0.01051137
Angular Momentum:  |L|err: 5.681211e-05  |L|err_cum: 0.03705128  L: -12.39081   -5.587142    23.28753  |L|: 26.96401
C.M.: mass: 526.4074 pos: -0.879188   2.087449    0.6487788 vel: -0.05632726   0.09551755    0.0136299
Tree step number: 1024
**** Wallclock time per step (local): [Min/Max]
 Total       PP_single   PP_cluster  PP_cross    Tree_NB     Tree_Force  Force_corr  Kick        FindCluster CreateGroup MPI_comm    Output      Status      Other      
  0.00096073  7.2202e-06  0.00014448           0  0.00013977  0.00063994  4.3404e-06   3.323e-06  1.0341e-05  1.2261e-05  6.1905e-07  5.1163e-07  4.9502e-09  1.5981e-06
  0.00096076  7.2505e-06  0.00014452           0  0.00013854  0.00063574  4.3853e-06  3.3527e-06  1.0374e-05  1.2277e-05   6.482e-07  5.1171e-07  4.9697e-09  1.6729e-06
**** FDPS tree soft force time profile (local):
 Sample_ptcl Domain_deco Ex_ptcl     SetRootCell Make_LT     Make_LET    Make_GT     Make_Group  Make_I_list Calc_force  Write_back 
           0           0           0  3.4623e-06  0.00011645  1.5498e-05  9.1008e-05  1.7864e-06  3.9485e-05   0.0003287  9.2194e-06
**** Tree neighbor time profile (local):
 Sample_ptcl Domain_deco Ex_ptcl     SetRootCell Make_LT     Make_LET    Make_GT     Make_Group  Make_I_list Calc_force  Write_back 
           0           0           0  1.7536e-06  5.1192e-05  8.5355e-06  3.7791e-05  4.2059e-07  1.0063e-05  1.7243e-05  2.6698e-06
**** Number per step (global):
 PP_single   PP_cluster  PP_cross    Cluster     Cross       AR_step_sum
      990.69      9.3135           0      3.2334           0      78.849
 AR_tsyn_sum Stab_Ngroup Iso_Ngroup  Form_Ngroup End_Ngroup  Modf_Ngroup Merg_Ngroup H4_step_sum H4_no_NB    Ep-Ep_sum   Ep-Sp_sum  
      26.607           0           0      1.0029  0.00097656           0           0      47.026     0.10645   8.706e+05       15085
**** Number of members in clusters (global):
N_members:            1           2           3           4           5           6           7
Count    :       990.69      2.0996     0.24512     0.25879      0.4375     0.19043   0.0019531

Time: 39  N_real(loc): 1000  N_real(glb): 1000  N_all(loc): 1012  N_all(glb): 1012  N_remove(glb): 0  N_escape(glb): 0
Energy:     Error/Total         Error     Error_cum         Total       Kinetic     Potential        Modify  Modify_group Modify_single      Error_PP  Error_PP_cum
Physic:     -0.04874238       10.3401      9.883735     -212.1378      422.3667     -634.5044      20.20005             0             0    0.02125091    0.01073953
Slowdown:   -0.04874381       10.3404       9.88404     -212.1378      422.3667     -634.5044      20.19974             0             0    0.02155561    0.01104424
Angular Momentum:  |L|err: 60.35042  |L|err_cum: 60.38747  L: 8.607726   -10.37774    79.72653  |L|: 80.85858
C.M.: mass: 526.4074 pos: -0.9468757   2.161074    0.6574938 vel: -0.0814053   0.0868254    0.02650956
Tree step number: 1024
**** Wallclock time per step (local): [Min/Max]
 Total       PP_single   PP_cluster  PP_cross    Tree_NB     Tree_Force  Force_corr  Kick        FindCluster CreateGroup MPI_comm    Output      Status      Other      
   0.0011961  7.7462e-06   0.0002999           0  0.00014893  0.00069578  1.6689e-05  3.4657e-06  1.1168e-05  1.2902e-05  6.3223e-07  5.8769e-07  6.0566e-09  1.7237e-06
   0.0011961  7.7772e-06  0.00029995           0  0.00014773  0.00069155  1.6752e-05  3.5519e-06  1.1203e-05  1.2919e-05  6.6203e-07  5.8787e-07  6.0859e-09   1.799e-06
**** FDPS tree soft force time profile (local):
 Sample_ptcl Domain_deco Ex_ptcl     SetRootCell Make_LT     Make_LET    Make_GT     Make_Group  Make_I_list Calc_force  Write_back 
           0           0           0  4.9389e-06  0.00014792  1.6058e-05  9.6846e-05  1.8203e-06  4.0529e-05  0.00034452  9.3215e-06
**** Tree neighbor time profile (local):
 Sample_ptcl Domain_deco Ex_ptcl     SetRootCell Make_LT     Make_LET    Make_GT     Make_Group  Make_I_list Calc_force  Write_back 
           0           0           0  2.0062e-06  5.6424e-05  9.0709e-06  3.9094e-05  4.5983e-07  9.2178e-06  1.9991e-05  2.6141e-06
**** Number per step (global):
 PP_single   PP_cluster  PP_cross    Cluster     Cross       AR_step_sum
      990.43      9.5684           0      3.5146           0      162.19
 AR_tsyn_sum Stab_Ngroup Iso_Ngroup  Form_Ngroup End_Ngroup  Modf_Ngroup Merg_Ngroup H4_step_sum H4_no_NB    Ep-Ep_sum   Ep-Sp_sum  
      53.861     0.36523           0     0.63379   0.0019531   0.0019531           0      85.399    0.074219   8.693e+05       16261
**** Number of members in clusters (global):
N_members:            1           2           3           4           5           6           7
Count    :       990.43      2.5127    0.080078     0.43555     0.36719     0.10938   0.0097656

Time: 40  N_real(loc): 1000  N_real(glb): 1000  N_all(loc): 1012  N_all(glb): 1012  N_remove(glb): 0  N_escape(glb): 0
Energy:     Error/Total         Error     Error_cum         Total       Kinetic     Potential        Modify  Modify_group Modify_single      Error_PP  Error_PP_cum
Physic:    -0.003168144      0.384502      10.26824      -121.365      476.5545     -597.9196      110.5883             0             0  0.0003046849    0.01104422
Slowdown:  -0.003171357     0.3848918      10.26893      -121.365      476.5545     -597.9196      110.5876             0             0  0.0006945629     0.0117388
Angular Momentum:  |L|err: 109.3162  |L|err_cum: 169.7036  L: 33.40517   -21.3587    185.9572  |L|: 190.1373
C.M.: mass: 526.4074 pos: -1.045178   2.164853    0.6746034 vel: -0.09705465   0.05554925    0.03551845
Tree step number: 1024
**** Wallclock time per step (local): [Min/Max]
 Total       PP_single   PP_cluster  PP_cross    Tree_NB     Tree_Force  Force_corr  Kick        FindCluster CreateGroup MPI_comm    Output      Status      Other      
     0.00109  7.4534e-06  0.00023273           0  0.00014816  0.00066741  7.8332e-06  3.7071e-06  1.0248e-05  1.2742e-05  6.3238e-07  7.4258e-07  6.2422e-09  1.6804e-06
     0.00109  7.4843e-06  0.00023278           0  0.00014694  0.00066324  7.8779e-06  3.7371e-06  1.0283e-05  1.2758e-05  6.6192e-07  7.4277e-07  6.2715e-09  1.7667e-06
**** FDPS tree soft force time profile (local):
 Sample_ptcl Domain_deco Ex_ptcl     SetRootCell Make_LT     Make_LET    Make_GT     Make_Group  Make_I_list Calc_force  Write_back 
           0           0           0  3.6687e-06  0.00012086  1.5905e-05  9.3734e-05  1.8444e-06  3.7975e-05  0.00034895  9.1483e-06
**** Tree neighbor time profile (local):
 Sample_ptcl Domain_deco Ex_ptcl     SetRootCell Make_LT     Make_LET    Make_GT     Make_Group  Make_I_list Calc_force  Write_back 
           0           0           0   1.747e-06    5.21e-05  9.0026e-06  3.8881e-05  4.4198e-07  8.3408e-06   2.498e-05   2.656e-06
**** Number per step (global):
 PP_single   PP_cluster  PP_cross    Cluster     Cross       AR_step_sum
      991.63      8.3691           0      3.1025           0       124.8
 AR_tsyn_sum Stab_Ngroup Iso_Ngroup  Form_Ngroup End_Ngroup  Modf_Ngroup Merg_Ngroup H4_step_sum H4_no_NB    Ep-Ep_sum   Ep-Sp_sum  
      42.371           1           0   0.0078125   0.0019531           0           0      49.539    0.016602  8.7499e+05       18115
**** Number of members in clusters (global):
N_members:            1           2           3           4           5           6
Count    :       991.63      2.0479     0.27734     0.45312     0.31641   0.0078125

Time: 41  N_real(loc): 1000  N_real(glb): 1000  N_all(loc): 1012  N_all(glb): 1012  N_remove(glb): 0  N_escape(glb): 0
Energy:     Error/Total         Error     Error_cum         Total       Kinetic     Potential        Modify  Modify_group Modify_single      Error_PP  Error_PP_cum
Physic:      -0.6192634      17.16904      27.43728     -27.72494      557.0645     -584.7894      187.0593             0             0  0.0008299783    0.01187419
Slowdown:    -0.6192315      17.16815      27.43709     -27.72494      557.0645     -584.7894      187.0595             0             0 -5.411231e-05    0.01168469
Angular Momentum:  |L|err: 70.88614  |L|err_cum: 240.5898  L: 48.12045   -23.12627    255.5069  |L|: 261.0252
C.M.: mass: 526.4074 pos: -1.141597   2.162679    0.6977826 vel: -0.0894896   0.03302384    0.03655933
Tree step number: 1024
**** Wallclock time per step (local): [Min/Max]
 Total       PP_single   PP_cluster  PP_cross    Tree_NB     Tree_Force  Force_corr  Kick        FindCluster CreateGroup MPI_comm    Output      Status      Other      
   0.0010011  7.1468e-06  0.00016509           0  0.00014339  0.00065413  7.1918e-06  3.6527e-06   8.976e-06  1.2354e-05  6.1035e-07   5.063e-07  5.0879e-09  1.5097e-06
   0.0010011  7.1771e-06  0.00016513           0  0.00014221  0.00064957   7.236e-06  3.6986e-06  9.0094e-06   1.237e-05     6.4e-07  5.0645e-07  5.1172e-09  1.5838e-06
**** FDPS tree soft force time profile (local):
 Sample_ptcl Domain_deco Ex_ptcl     SetRootCell Make_LT     Make_LET    Make_GT     Make_Group  Make_I_list Calc_force  Write_back 
           0           0           0  3.5137e-06  0.00011776  1.5048e-05  9.0597e-05   1.783e-06  3.6069e-05  0.00034473  9.9559e-06
**** Tree neighbor time profile (local):
 Sample_ptcl Domain_deco Ex_ptcl     SetRootCell Make_LT     Make_LET    Make_GT     Make_Group  Make_I_list Calc_force  Write_back 
           0           0           0  1.9903e-06  5.0668e-05  8.6501e-06  3.8473e-05  4.1879e-07  8.0509e-06  2.2563e-05  2.5604e-06
**** Number per step (global):
 PP_single   PP_cluster  PP_cross    Cluster     Cross       AR_step_sum
      991.84      8.1592           0      3.3672           0      94.457
 AR_tsyn_sum Stab_Ngroup Iso_Ngroup  Form_Ngroup End_Ngroup  Modf_Ngroup Merg_Ngroup H4_step_sum H4_no_NB    Ep-Ep_sum   Ep-Sp_sum  
      30.337           1           0    0.016602   0.0039062    0.012695           0      44.237    0.020508  8.6952e+05       19099
**** Number of members in clusters (global):
N_members:            1           2           3           4           5
Count    :       991.84      2.4473     0.54102     0.25293     0.12598

Time: 42  N_real(loc): 1000  N_real(glb): 1000  N_all(loc): 1012  N_all(glb): 1012  N_remove(glb): 0  N_escape(glb): 0
Energy:     Error/Total         Error     Error_cum         Total       Kinetic     Potential        Modify  Modify_group Modify_single      Error_PP  Error_PP_cum
Physic:       0.9836696      18.18186      45.61914      18.48371      1028.277     -1009.793      215.0861             0             0  0.0003337985    0.01220799
Slowdown:     0.9836554       18.1816      45.61869      18.48371      1028.277     -1009.793      215.0866             0             0  7.031286e-05      0.011755
Angular Momentum:  |L|err: 32.06929  |L|err_cum: 272.6591  L: 51.35331   -23.25105    287.8267  |L|: 293.2951
C.M.: mass: 526.4074 pos: -1.224714   2.243401    0.7141482 vel: -0.101846   0.04710866    0.02528409
Tree step number: 1024
**** Wallclock time per step (local): [Min/Max]
 Total       PP_single   PP_cluster  PP_cross    Tree_NB     Tree_Force  Force_corr  Kick        FindCluster CreateGroup MPI_comm    Output      Status      Other      
  0.00092111  7.0792e-06  7.3878e-05           0  0.00014098  0.00066984  6.3933e-06  3.3065e-06  8.1986e-06  1.2333e-05  5.7695e-07  6.2793e-07  5.4014e-09   1.536e-06
  0.00092114  7.1095e-06  7.3915e-05           0  0.00013983  0.00066541  6.4379e-06  3.3362e-06  8.2316e-06  1.2349e-05  6.0637e-07  6.2806e-07  5.4307e-09  1.6139e-06
**** FDPS tree soft force time profile (local):
 Sample_ptcl Domain_deco Ex_ptcl     SetRootCell Make_LT     Make_LET    Make_GT     Make_Group  Make_I_list Calc_force  Write_back 
           0           0           0  3.9581e-06  0.00011638  1.5437e-05  9.0605e-05  1.8416e-06  3.5432e-05  0.00036141  9.6804e-06
**** Tree neighbor time profile (local):
 Sample_ptcl Domain_deco Ex_ptcl     SetRootCell Make_LT     Make_LET    Make_GT     Make_Group  Make_I_list Calc_force  Write_back 
           0           0           0  1.6823e-06  5.0831e-05  8.2997e-06  3.8713e-05   4.055e-07  7.6639e-06   1.911e-05  2.5109e-06
**** Number per step (global):
 PP_single   PP_cluster  PP_cross    Cluster     Cross       AR_step_sum
      994.23      5.7656           0       2.583           0      40.468
 AR_tsyn_sum Stab_Ngroup Iso_Ngroup  Form_Ngroup End_Ngroup  Modf_Ngroup Merg_Ngroup H4_step_sum H4_no_NB    Ep-Ep_sum   Ep-Sp_sum  
      10.778           1           0   0.0058594   0.0019531   0.0039062           0      24.041           0  8.7053e+05       19749
**** Number of members in clusters (global):
N_members:            1           2           3           4           5
Count    :       994.23      2.1357     0.33887    0.064453    0.043945

Time: 43  N_real(loc): 1000  N_real(glb): 1000  N_all(loc): 1012  N_all(glb): 1012  N_remove(glb): 0  N_escape(glb): 0
Energy:     Error/Total         Error     Error_cum         Total       Kinetic     Potential        Modify  Modify_group Modify_single      Error_PP  Error_PP_cum
Physic:       0.1816873      6.838651      52.45779      37.63968      611.5411     -573.9015      227.4034             0             0   -0.00269065   0.009517342
Slowdown:     0.1332044       6.85258      52.47127      51.44411      606.2659     -554.8218      241.1944             0             0  1.161709e-06    0.01175616
Angular Momentum:  |L|err: 22.59192  |L|err_cum: 295.251  L: 49.94776   -22.06775    311.4371  |L|: 316.188
C.M.: mass: 526.4074 pos: -1.312019   2.304852    0.7215916 vel: -0.101462   0.05335441    0.0212997
Tree step number: 1024
**** Wallclock time per step (local): [Min/Max]
 Total       PP_single   PP_cluster  PP_cross    Tree_NB     Tree_Force  Force_corr  Kick        FindCluster CreateGroup MPI_comm    Output      Status      Other      
  0.00094356  7.4497e-06  6.5549e-05           0  0.00014343  0.00069568   6.741e-06  3.4308e-06  9.2445e-06  1.2744e-05  5.8847e-07  5.0472e-07  5.3223e-09  1.6287e-06
  0.00094359  7.4803e-06  6.5585e-05           0  0.00014221  0.00069136   6.786e-06  3.4629e-06  9.2768e-06   1.276e-05  6.1791e-07  5.0482e-07  5.3516e-09  1.7085e-06
**** FDPS tree soft force time profile (local):
 Sample_ptcl Domain_deco Ex_ptcl     SetRootCell Make_LT     Make_LET    Make_GT     Make_Group  Make_I_list Calc_force  Write_back 
           0           0           0  3.6821e-06  0.00011855  1.5613e-05  9.3432e-05  2.0102e-06  3.6751e-05  0.00037938  9.4947e-06
**** Tree neighbor time profile (local):
 Sample_ptcl Domain_deco Ex_ptcl     SetRootCell Make_LT     Make_LET    Make_GT     Make_Group  Make_I_list Calc_force  Write_back 
           0           0           0  1.8871e-06  5.2108e-05  8.4848e-06  3.9045e-05  4.6124e-07  7.3595e-06  1.9213e-05  2.6494e-06
**** Number per step (global):
 PP_single   PP_cluster  PP_cross    Cluster     Cross       AR_step_sum
      992.84      7.1641           0      3.3281           0      38.112
 AR_tsyn_sum Stab_Ngroup Iso_Ngroup  Form_Ngroup End_Ngroup  Modf_Ngroup Merg_Ngroup H4_step_sum H4_no_NB    Ep-Ep_sum   Ep-Sp_sum  
      10.201           1           0   0.0048828   0.0019531           0           0      27.394   0.0019531  8.7374e+05       19404
**** Number of members in clusters (global):
N_members:            1           2           3
Count    :       992.84      2.8203     0.50781

Time: 44  N_real(loc): 1000  N_real(glb): 1000  N_all(loc): 1012  N_all(glb): 1012  N_remove(glb): 0  N_escape(glb): 0
Energy:     Error/Total         Error     Error_cum         Total       Kinetic     Potential        Modify  Modify_group Modify_single      Error_PP  Error_PP_cum
Physic:      0.07560893      3.556385      56.01418      47.03658      612.9221     -565.8856      233.2439             0             0   -0.00591373   0.003603612
Slowdown:    0.05823477      3.569168      56.04043      61.28931      607.4881     -546.1988      261.2748             0             0   3.04686e-06    0.01175921
Angular Momentum:  |L|err: 19.07184  |L|err_cum: 314.3228  L: 47.52696   -21.05727    331.4844  |L|: 335.5356
C.M.: mass: 526.4074 pos: -1.392205   2.363591    0.7317304 vel: -0.09228807   0.05726015    0.01892418
Tree step number: 1024
**** Wallclock time per step (local): [Min/Max]
 Total       PP_single   PP_cluster  PP_cross    Tree_NB     Tree_Force  Force_corr  Kick        FindCluster CreateGroup MPI_comm    Output      Status      Other      
  0.00085746  7.2947e-06  6.2273e-05           0  0.00014219  0.00061695  6.8029e-06  3.5878e-06  7.3133e-06  1.2245e-05  5.8323e-07  5.2643e-07  6.2627e-09  1.4341e-06
  0.00085749  7.3253e-06  6.2309e-05           0  0.00014082  0.00061275  6.8478e-06  3.6178e-06  7.3456e-06  1.2261e-05  6.1318e-07  5.2653e-07   6.292e-09  1.4994e-06
**** FDPS tree soft force time profile (local):
 Sample_ptcl Domain_deco Ex_ptcl     SetRootCell Make_LT     Make_LET    Make_GT     Make_Group  Make_I_list Calc_force  Write_back 
           0           0           0   3.725e-06  0.00011676  1.5287e-05  9.2635e-05  1.7031e-06  3.4371e-05  0.00030854  9.1781e-06
**** Tree neighbor time profile (local):
 Sample_ptcl Domain_deco Ex_ptcl     SetRootCell Make_LT     Make_LET    Make_GT     Make_Group  Make_I_list Calc_force  Write_back 
           0           0           0  1.6818e-06  5.1121e-05  8.1607e-06  3.9136e-05  4.3421e-07  7.2831e-06  2.1015e-05  2.9381e-06
**** Number per step (global):
 PP_single   PP_cluster  PP_cross    Cluster     Cross       AR_step_sum
      995.47      4.5332           0      2.0479           0      37.489
 AR_tsyn_sum Stab_Ngroup Iso_Ngroup  Form_Ngroup End_Ngroup  Modf_Ngroup Merg_Ngroup H4_step_sum H4_no_NB    Ep-Ep_sum   Ep-Sp_sum  
      10.096           1           0           0           0           0           0      13.213           0  8.8052e+05       17112
**** Number of members in clusters (global):
N_members:            1           2           3
Count    :       995.47      1.6104      0.4375

Time: 45  N_real(loc): 1000  N_real(glb): 1000  N_all(loc): 1012  N_all(glb): 1012  N_remove(glb): 0  N_escape(glb): 0
Energy:     Error/Total         Error     Error_cum         Total       Kinetic     Potential        Modify  Modify_group Modify_single      Error_PP  Error_PP_cum
Physic:      0.04205343      2.222421       58.2366      52.84757       612.423     -559.5754      236.8325             0             0   -0.00395721 -0.0003535978
Slowdown:    0.03318411      2.236186      58.27662      67.38724      606.8898     -539.5026      279.3893             0             0  3.388966e-06     0.0117626
Angular Momentum:  |L|err: 17.0313  |L|err_cum: 331.3541  L: 44.03097   -19.92849    349.5138  |L|: 352.8395
C.M.: mass: 526.4074 pos: -1.465492   2.427022    0.7424494 vel: -0.08314047   0.05790826    0.01673091
Tree step number: 1024
**** Wallclock time per step (local): [Min/Max]
 Total       PP_single   PP_cluster  PP_cross    Tree_NB     Tree_Force  Force_corr  Kick        FindCluster CreateGroup MPI_comm    Output      Status      Other      
  0.00085798  7.1634e-06  6.7668e-05           0  0.00014459   0.0006105  6.2502e-06  3.2967e-06   7.618e-06  1.1964e-05   6.049e-07  6.8944e-07  6.0762e-09   1.475e-06
  0.00085801  7.1942e-06  6.7704e-05           0  0.00014334  0.00060618  6.2949e-06  3.3263e-06  7.6499e-06   1.198e-05  6.3424e-07  6.8959e-07  6.1152e-09  1.5369e-06
**** FDPS tree soft force time profile (local):
 Sample_ptcl Domain_deco Ex_ptcl     SetRootCell Make_LT     Make_LET    Make_GT     Make_Group  Make_I_list Calc_force  Write_back 
           0           0           0  3.4413e-06  0.00011691  1.5285e-05  9.1389e-05  1.6883e-06  3.4564e-05  0.00030379  9.3674e-06
**** Tree neighbor time profile (local):
 Sample_ptcl Domain_deco Ex_ptcl     SetRootCell Make_LT     Make_LET    Make_GT     Make_Group  Make_I_list Calc_force  Write_back 
           0           0           0  1.7694e-06  5.1584e-05  8.3164e-06  3.9277e-05  4.1241e-07  6.8836e-06  2.3917e-05  2.7013e-06
**** Number per step (global):
 PP_single   PP_cluster  PP_cross    Cluster     Cross       AR_step_sum
      995.26      4.7363           0      2.1406           0      39.835
 AR_tsyn_sum Stab_Ngroup Iso_Ngroup  Form_Ngroup End_Ngroup  Modf_Ngroup Merg_Ngroup H4_step_sum H4_no_NB    Ep-Ep_sum   Ep-Sp_sum  
      10.981           1           0   0.0068359  0.00097656           0           0      18.317   0.0097656  8.8861e+05       15732
**** Number of members in clusters (global):
N_members:            1           2           3
Count    :       995.26      1.6855     0.45508

Time: 46  N_real(loc): 1000  N_real(glb): 1000  N_all(loc): 1012  N_all(glb): 1012  N_remove(glb): 0  N_escape(glb): 0
Energy:     Error/Total         Error     Error_cum         Total       Kinetic     Potential        Modify  Modify_group Modify_single      Error_PP  Error_PP_cum
Physic:      0.02603908       1.47843      59.71503      56.77736      609.5954      -552.818      239.2839             0             0  -0.002918434  -0.003272032
Slowdown:    0.02075601      1.484458      59.76108      71.51947      603.9942     -532.4748      296.5768             0             0  3.415092e-06    0.01176602
Angular Momentum:  |L|err: 16.41614  |L|err_cum: 347.7703  L: 39.51026   -18.64502    366.9417  |L|: 369.5333
C.M.: mass: 526.4074 pos: -1.531666   2.49098    0.7554036 vel: -0.07503469   0.06163061    0.0163
Tree step number: 1024
**** Wallclock time per step (local): [Min/Max]
 Total       PP_single   PP_cluster  PP_cross    Tree_NB     Tree_Force  Force_corr  Kick        FindCluster CreateGroup MPI_comm    Output      Status      Other      
  0.00091783  7.8588e-06  7.1026e-05           0  0.00014909   0.0006597  6.5987e-06  3.5105e-06  7.9685e-06  1.2659e-05  6.6449e-07  6.5566e-07   5.626e-09  1.5355e-06
  0.00091786  7.8899e-06  7.1064e-05           0  0.00014781  0.00065558  6.6441e-06  3.5402e-06  8.0014e-06  1.2675e-05  6.9406e-07  6.5582e-07  5.6553e-09  1.6053e-06
**** FDPS tree soft force time profile (local):
 Sample_ptcl Domain_deco Ex_ptcl     SetRootCell Make_LT     Make_LET    Make_GT     Make_Group  Make_I_list Calc_force  Write_back 
           0           0           0  3.8594e-06  0.00011881   1.569e-05  9.3777e-05  1.7396e-06  3.5395e-05  0.00034693  9.0365e-06
**** Tree neighbor time profile (local):
 Sample_ptcl Domain_deco Ex_ptcl     SetRootCell Make_LT     Make_LET    Make_GT     Make_Group  Make_I_list Calc_force  Write_back 
           0           0           0  1.7576e-06  5.2365e-05  8.5504e-06    3.97e-05   4.346e-07  7.3237e-06  2.5673e-05  2.7615e-06
**** Number per step (global):
 PP_single   PP_cluster  PP_cross    Cluster     Cross       AR_step_sum
      995.27      4.7334           0      2.1279           0      41.752
 AR_tsyn_sum Stab_Ngroup Iso_Ngroup  Form_Ngroup End_Ngroup  Modf_Ngroup Merg_Ngroup H4_step_sum H4_no_NB    Ep-Ep_sum   Ep-Sp_sum  
       11.88           1           0           0           0           0           0      14.597           0  8.9124e+05       15421
**** Number of members in clusters (global):
N_members:            1           2           3
Count    :       995.27      1.6504     0.47754

Time: 47  N_real(loc): 1000  N_real(glb): 1000  N_all(loc): 1012  N_all(glb): 1012  N_remove(glb): 0  N_escape(glb): 0
Energy:     Error/Total         Error     Error_cum         Total       Kinetic     Potential        Modify  Modify_group Modify_single      Error_PP  Error_PP_cum
Physic:      0.01515362     0.9032153      60.61824      59.60392      606.9124     -547.3085      241.2072             0             0  -0.002522045  -0.005794077
Slowdown:    0.01218568     0.9078196       60.6689       74.4989      601.2614     -526.7625      313.3905             0             0  3.428691e-06    0.01176944
Angular Momentum:  |L|err: 16.50049  |L|err_cum: 364.2708  L: 34.0276   -17.2159    384.4283  |L|: 386.3152
C.M.: mass: 526.4074 pos: -1.592765   2.554986    0.7655396 vel: -0.07085175   0.06084452    0.01224355
Tree step number: 1024
**** Wallclock time per step (local): [Min/Max]
 Total       PP_single   PP_cluster  PP_cross    Tree_NB     Tree_Force  Force_corr  Kick        FindCluster CreateGroup MPI_comm    Output      Status      Other      
  0.00092054  7.1293e-06  7.1915e-05           0  0.00014581   0.0006649  7.0434e-06  3.4689e-06  8.3182e-06  1.2832e-05  6.2956e-07  5.5355e-07   9.041e-09  1.5098e-06
  0.00092057    7.16e-06  7.1951e-05           0  0.00014466  0.00066073  7.0887e-06  3.4988e-06  8.3542e-06  1.2848e-05  6.5943e-07  5.5379e-07  9.0703e-09  1.5807e-06
**** FDPS tree soft force time profile (local):
 Sample_ptcl Domain_deco Ex_ptcl     SetRootCell Make_LT     Make_LET    Make_GT     Make_Group  Make_I_list Calc_force  Write_back 
           0           0           0  4.1464e-06  0.00011727  1.6267e-05  9.0903e-05  1.7349e-06  3.5631e-05  0.00035499  9.1896e-06
**** Tree neighbor time profile (local):
 Sample_ptcl Domain_deco Ex_ptcl     SetRootCell Make_LT     Make_LET    Make_GT     Make_Group  Make_I_list Calc_force  Write_back 
           0           0           0  1.6792e-06  5.1252e-05  8.6895e-06  3.8702e-05  4.6801e-07  7.0787e-06  2.4668e-05  2.4956e-06
**** Number per step (global):
 PP_single   PP_cluster  PP_cross    Cluster     Cross       AR_step_sum
      994.49      5.5078           0      2.4834           0      42.203
 AR_tsyn_sum Stab_Ngroup Iso_Ngroup  Form_Ngroup End_Ngroup  Modf_Ngroup Merg_Ngroup H4_step_sum H4_no_NB    Ep-Ep_sum   Ep-Sp_sum  
       12.19           1           0           0           0           0           0      20.475           0  8.8549e+05       17324
**** Number of members in clusters (global):
N_members:            1           2           3
Count    :       994.49      1.9424     0.54102

Time: 48  N_real(loc): 1000  N_real(glb): 1000  N_all(loc): 1012  N_all(glb): 1012  N_remove(glb): 0  N_escape(glb): 0
Energy:     Error/Total         Error     Error_cum         Total       Kinetic     Potential        Modify  Modify_group Modify_single      Error_PP  Error_PP_cum
Physic:      0.01191705     0.7357289      61.35397      61.73752      604.6592     -542.9217      242.6051             0             0  -0.001966493  -0.007760569
Slowdown:   0.009633597     0.7394151      61.40831      76.75379      598.9698      -522.216      329.8009             0             0   3.44028e-06    0.01177288
Angular Momentum:  |L|err: 16.96462  |L|err_cum: 381.2354  L: 27.602   -15.64339    402.3132  |L|: 403.5623
C.M.: mass: 526.4074 pos: -1.650908   2.617782    0.7709141 vel: -0.07059329   0.06096695    0.01044216
Tree step number: 1024
**** Wallclock time per step (local): [Min/Max]
 Total       PP_single   PP_cluster  PP_cross    Tree_NB     Tree_Force  Force_corr  Kick        FindCluster CreateGroup MPI_comm    Output      Status      Other      
  0.00089845  7.5186e-06  7.0235e-05           0  0.00014784  0.00064447  6.6102e-06  3.2904e-06  7.1772e-06  1.2307e-05  5.7598e-07  4.9186e-07  5.4111e-09  1.5044e-06
  0.00089848  7.5488e-06  7.0272e-05           0  0.00014663   0.0006403  6.6551e-06  3.3201e-06  7.2095e-06  1.2323e-05  6.0545e-07  4.9196e-07  5.4404e-09  1.5716e-06
**** FDPS tree soft force time profile (local):
 Sample_ptcl Domain_deco Ex_ptcl     SetRootCell Make_LT     Make_LET    Make_GT     Make_Group  Make_I_list Calc_force  Write_back 
           0           0           0   3.759e-06  0.00011575   1.576e-05  8.9787e-05  1.7531e-06  3.5042e-05  0.00033837  9.2037e-06
**** Tree neighbor time profile (local):
 Sample_ptcl Domain_deco Ex_ptcl     SetRootCell Make_LT     Make_LET    Make_GT     Make_Group  Make_I_list Calc_force  Write_back 
           0           0           0  1.6332e-06   5.218e-05  8.5882e-06  3.7921e-05  4.2854e-07  7.3748e-06  2.6587e-05  2.6598e-06
**** Number per step (global):
 PP_single   PP_cluster  PP_cross    Cluster     Cross       AR_step_sum
       996.1      3.9023           0      1.6758           0      42.329
 AR_tsyn_sum Stab_Ngroup Iso_Ngroup  Form_Ngroup End_Ngroup  Modf_Ngroup Merg_Ngroup H4_step_sum H4_no_NB    Ep-Ep_sum   Ep-Sp_sum  
      12.281           1           0   0.0068359  0.00097656           0           0      12.768   0.0097656  8.8534e+05       17782
**** Number of members in clusters (global):
N_members:            1           2           3
Count    :        996.1       1.125     0.55078

Time: 49  N_real(loc): 1000  N_real(glb): 1000  N_all(loc): 1012  N_all(glb): 1012  N_remove(glb): 0  N_escape(glb): 0
Energy:     Error/Total         Error     Error_cum         Total       Kinetic     Potential        Modify  Modify_group Modify_single      Error_PP  Error_PP_cum
Physic:     0.009666134      0.612984      61.96696      63.41564      602.5548     -539.1391      243.6702             0             0  -0.001601592  -0.009362161
Slowdown:   0.007844483     0.6160412      62.02436      78.53178      596.8346     -518.3028      345.9792             0             0   3.44561e-06    0.01177633
Angular Momentum:  |L|err: 17.57467  |L|err_cum: 398.8101  L: 20.25977   -13.93241    420.6987  |L|: 421.4167
C.M.: mass: 526.4074 pos: -1.70934   2.67476    0.7778293 vel: -0.07024389   0.05890972    0.00890996
Tree step number: 1024
**** Wallclock time per step (local): [Min/Max]
 Total       PP_single   PP_cluster  PP_cross    Tree_NB     Tree_Force  Force_corr  Kick        FindCluster CreateGroup MPI_comm    Output      Status      Other      
  0.00091739  7.4568e-06  6.9906e-05           0  0.00014802  0.00066386  6.5934e-06  3.4388e-06  7.1496e-06  1.2286e-05  6.4042e-07  5.4418e-07  7.2012e-09   1.636e-06
  0.00091742  7.4874e-06  6.9941e-05           0  0.00014678  0.00065927   6.638e-06  3.4683e-06  7.1818e-06  1.2302e-05  6.6972e-07  5.4435e-07  7.2305e-09  1.7064e-06
**** FDPS tree soft force time profile (local):
 Sample_ptcl Domain_deco Ex_ptcl     SetRootCell Make_LT     Make_LET    Make_GT     Make_Group  Make_I_list Calc_force  Write_back 
           0           0           0   3.629e-06  0.00011551  1.5736e-05  9.1019e-05  1.7997e-06  3.5645e-05  0.00035607  9.9787e-06
**** Tree neighbor time profile (local):
 Sample_ptcl Domain_deco Ex_ptcl     SetRootCell Make_LT     Make_LET    Make_GT     Make_Group  Make_I_list Calc_force  Write_back 
           0           0           0  1.6644e-06  5.2029e-05  8.5533e-06   3.866e-05  4.6201e-07  7.0532e-06  2.6307e-05  2.6921e-06
**** Number per step (global):
 PP_single   PP_cluster  PP_cross    Cluster     Cross       AR_step_sum
      996.33       3.668           0      1.5547           0      42.271
 AR_tsyn_sum Stab_Ngroup Iso_Ngroup  Form_Ngroup End_Ngroup  Modf_Ngroup Merg_Ngroup H4_step_sum H4_no_NB    Ep-Ep_sum   Ep-Sp_sum  
      12.291           1           0           0           0           0           0      11.356           0    8.88e+05       17127
**** Number of members in clusters (global):
N_members:            1           2           3
Count    :       996.33     0.99609     0.55859

Time: 50  N_real(loc): 1000  N_real(glb): 1000  N_all(loc): 1012  N_all(glb): 1012  N_remove(glb): 0  N_escape(glb): 0
Energy:     Error/Total         Error     Error_cum         Total       Kinetic     Potential        Modify  Modify_group Modify_single      Error_PP  Error_PP_cum
Physic:     0.008376733     0.5426697      62.50963      64.78298      600.2583     -535.4753      244.4949             0             0  -0.001285568   -0.01064773
Slowdown:    0.00681734     0.5452765      62.56963      79.98376      594.5126     -514.5288       362.002             0             0  3.444064e-06    0.01177977
Angular Momentum:  |L|err: 18.2344  |L|err_cum: 417.0445  L: 12.01483   -12.0843    439.5945  |L|: 439.9246
C.M.: mass: 526.4074 pos: -1.768961   2.726266    0.7846342 vel: -0.06937793   0.05777549    0.006669238
Tree step number: 1024
**** Wallclock time per step (local): [Min/Max]
 Total       PP_single   PP_cluster  PP_cross    Tree_NB     Tree_Force  Force_corr  Kick        FindCluster CreateGroup MPI_comm    Output      Status      Other      
   0.0010285  8.3362e-06  7.7935e-05           0  0.00015613  0.00075502  7.2136e-06  3.6348e-06  8.1822e-06  1.2877e-05  6.4256e-07  5.5059e-07  6.2324e-09  2.1041e-06
   0.0010285  8.3674e-06  7.7972e-05           0  0.00015475  0.00075033  7.2731e-06  3.6646e-06  8.2158e-06  1.2894e-05  6.7213e-07   5.509e-07   6.252e-09  2.1832e-06
**** FDPS tree soft force time profile (local):
 Sample_ptcl Domain_deco Ex_ptcl     SetRootCell Make_LT     Make_LET    Make_GT     Make_Group  Make_I_list Calc_force  Write_back 
           0           0           0  3.9989e-06  0.00012508  1.7473e-05  9.6109e-05  1.8484e-06  3.7316e-05  0.00042646  1.0321e-05
**** Tree neighbor time profile (local):
 Sample_ptcl Domain_deco Ex_ptcl     SetRootCell Make_LT     Make_LET    Make_GT     Make_Group  Make_I_list Calc_force  Write_back 
           0           0           0  1.7014e-06  5.3594e-05  9.2229e-06  4.0792e-05  4.8636e-07   7.184e-06  2.7586e-05  3.0535e-06
**** Number per step (global):
 PP_single   PP_cluster  PP_cross    Cluster     Cross       AR_step_sum
      996.41      3.5898           0      1.5127           0       42.49
 AR_tsyn_sum Stab_Ngroup Iso_Ngroup  Form_Ngroup End_Ngroup  Modf_Ngroup Merg_Ngroup H4_step_sum H4_no_NB    Ep-Ep_sum   Ep-Sp_sum  
      12.452           1           0           0           0           0           0      10.423           0  8.8503e+05       19264
**** Number of members in clusters (global):
N_members:            1           2           3
Count    :       996.41     0.94824     0.56445

Time: 51  N_real(loc): 1000  N_real(glb): 1000  N_all(loc): 1012  N_all(glb): 1012  N_remove(glb): 0  N_escape(glb): 0
Energy:     Error/Total         Error     Error_cum         Total       Kinetic     Potential        Modify  Modify_group Modify_single      Error_PP  Error_PP_cum
Physic:     0.007485743     0.4936302      63.00326      65.94271      598.3551     -532.4124       245.161             0             0   -0.00111308   -0.01176081
Slowdown:   0.006106026     0.4959146      63.06555      81.21725      592.5876     -511.3703      377.9404             0             0   3.44484e-06    0.01178322
Angular Momentum:  |L|err: 18.91638  |L|err_cum: 435.9609  L: 2.864793   -10.09701    458.9863  |L|: 459.1063
C.M.: mass: 526.4074 pos: -1.830153   2.772258    0.7897084 vel: -0.06838746   0.05355993    0.003672808
Tree step number: 1024
**** Wallclock time per step (local): [Min/Max]
 Total       PP_single   PP_cluster  PP_cross    Tree_NB     Tree_Force  Force_corr  Kick        FindCluster CreateGroup MPI_comm    Output      Status      Other      
   0.0011104  8.3548e-06  7.5021e-05           0  0.00015673  0.00083943  7.3536e-06  4.0995e-06  7.3677e-06  1.3241e-05  6.2229e-07  6.7548e-07  5.9189e-09  1.7654e-06
   0.0011104  8.3861e-06  7.5057e-05           0  0.00015527  0.00083462   7.399e-06  4.1297e-06  7.4014e-06  1.3258e-05  6.5167e-07  6.7562e-07  5.9482e-09  1.8542e-06
**** FDPS tree soft force time profile (local):
 Sample_ptcl Domain_deco Ex_ptcl     SetRootCell Make_LT     Make_LET    Make_GT     Make_Group  Make_I_list Calc_force  Write_back 
           0           0           0  3.8979e-06   0.0001223  1.7054e-05  9.5511e-05  1.7794e-06  3.7758e-05  0.00051109  1.0592e-05
**** Tree neighbor time profile (local):
 Sample_ptcl Domain_deco Ex_ptcl     SetRootCell Make_LT     Make_LET    Make_GT     Make_Group  Make_I_list Calc_force  Write_back 
           0           0           0  1.7793e-06  5.3326e-05  9.3168e-06   3.945e-05   4.898e-07    7.62e-06  2.7366e-05  3.1464e-06
**** Number per step (global):
 PP_single   PP_cluster  PP_cross    Cluster     Cross       AR_step_sum
      997.39      2.6113           0      1.0205           0       42.44
 AR_tsyn_sum Stab_Ngroup Iso_Ngroup  Form_Ngroup End_Ngroup  Modf_Ngroup Merg_Ngroup H4_step_sum H4_no_NB    Ep-Ep_sum   Ep-Sp_sum  
      12.422           1           0           0           0           0           0      6.2695           0  8.8505e+05       18970
**** Number of members in clusters (global):
N_members:            1           2           3
Count    :       997.39      0.4502     0.57031

Time: 52  N_real(loc): 1000  N_real(glb): 1000  N_all(loc): 1012  N_all(glb): 1012  N_remove(glb): 0  N_escape(glb): 0
Energy:     Error/Total         Error     Error_cum         Total       Kinetic     Potential        Modify  Modify_group Modify_single      Error_PP  Error_PP_cum
Physic:     0.007269697     0.4869424       63.4902      66.98248      597.0114     -530.0289      245.7138             0             0 -0.0009117687   -0.01267258
Slowdown:    0.00594011     0.4890101      63.55456      82.32341      591.2243     -508.9009       393.832             0             0  3.447073e-06    0.01178667
Angular Momentum:  |L|err: 19.54596  |L|err_cum: 455.5068  L: -7.201514   -7.965846    478.7872  |L|: 478.9076
C.M.: mass: 526.4074 pos: -1.892539   2.811908    0.7914611 vel: -0.07080667   0.05087997    0.002066382
Tree step number: 1024
**** Wallclock time per step (local): [Min/Max]
 Total       PP_single   PP_cluster  PP_cross    Tree_NB     Tree_Force  Force_corr  Kick        FindCluster CreateGroup MPI_comm    Output      Status      Other      
  0.00098297  1.1888e-05  7.7836e-05           0  0.00014925  0.00071203  7.0013e-06  4.1913e-06  8.5972e-06  1.3336e-05  6.9434e-07  6.2439e-07   5.958e-09   1.713e-06
    0.000983  1.1921e-05  7.7873e-05           0  0.00014798  0.00070713  7.0469e-06  4.2215e-06   8.631e-06  1.3353e-05  7.2414e-07  6.2456e-07  5.9873e-09  1.7931e-06
**** FDPS tree soft force time profile (local):
 Sample_ptcl Domain_deco Ex_ptcl     SetRootCell Make_LT     Make_LET    Make_GT     Make_Group  Make_I_list Calc_force  Write_back 
           0           0           0  3.8477e-06  0.00012255  1.6597e-05  9.5483e-05   1.722e-06  3.6062e-05  0.00038782  1.0681e-05
**** Tree neighbor time profile (local):
 Sample_ptcl Domain_deco Ex_ptcl     SetRootCell Make_LT     Make_LET    Make_GT     Make_Group  Make_I_list Calc_force  Write_back 
           0           0           0  1.7307e-06  5.3461e-05  9.0716e-06  4.1168e-05  4.6227e-07  7.1801e-06   2.055e-05   2.748e-06
**** Number per step (global):
 PP_single   PP_cluster  PP_cross    Cluster     Cross       AR_step_sum
      996.54      3.4629           0      1.4453           0      42.599
 AR_tsyn_sum Stab_Ngroup Iso_Ngroup  Form_Ngroup End_Ngroup  Modf_Ngroup Merg_Ngroup H4_step_sum H4_no_NB    Ep-Ep_sum   Ep-Sp_sum  
      12.513           1           0           0           0           0           0       9.792           0  8.9722e+05       14272
**** Number of members in clusters (global):
N_members:            1           2           3
Count    :       996.54     0.87305     0.57227

Time: 53  N_real(loc): 1000  N_real(glb): 1000  N_all(loc): 1012  N_all(glb): 1012  N_remove(glb): 0  N_escape(glb): 0
Energy:     Error/Total         Error     Error_cum         Total       Kinetic     Potential        Modify  Modify_group Modify_single      Error_PP  Error_PP_cum
Physic:      0.00693408     0.4715283      63.96173      68.00158      596.0333     -528.0317      246.2614             0             0 -0.0008884293   -0.01356101
Slowdown:   0.005677017     0.4734925      64.02805      83.40515      590.2276     -506.8224      409.7812             0             0  3.447943e-06    0.01179011
Angular Momentum:  |L|err: 20.01598  |L|err_cum: 475.5228  L: -18.29102   -5.662813    498.8027  |L|: 499.1701
C.M.: mass: 526.4074 pos: -1.953879   2.833614    0.7906682 vel: -0.06962334   0.04523743    -0.0002500253
Tree step number: 1024
**** Wallclock time per step (local): [Min/Max]
 Total       PP_single   PP_cluster  PP_cross    Tree_NB     Tree_Force  Force_corr  Kick        FindCluster CreateGroup MPI_comm    Output      Status      Other      
   0.0010698  8.3219e-06  7.7888e-05           0   0.0001631  0.00078819  7.2055e-06  3.8834e-06  8.2321e-06  1.3558e-05  6.2943e-07  5.7435e-07  5.2354e-09   1.959e-06
   0.0010698  8.3533e-06  7.7944e-05           0  0.00016178  0.00078351  7.2511e-06  3.9132e-06   8.302e-06  1.3576e-05  6.5944e-07  5.7451e-07  5.2646e-09  2.0483e-06
**** FDPS tree soft force time profile (local):
 Sample_ptcl Domain_deco Ex_ptcl     SetRootCell Make_LT     Make_LET    Make_GT     Make_Group  Make_I_list Calc_force  Write_back 
           0           0           0  3.9157e-06  0.00012644  1.7084e-05  9.5113e-05  1.8369e-06  3.7936e-05  0.00045027  1.0326e-05
**** Tree neighbor time profile (local):
 Sample_ptcl Domain_deco Ex_ptcl     SetRootCell Make_LT     Make_LET    Make_GT     Make_Group  Make_I_list Calc_force  Write_back 
           0           0           0  2.1338e-06  5.4241e-05   9.112e-06  4.2404e-05  4.9351e-07  1.5917e-05   1.852e-05  2.8698e-06
**** Number per step (global):
 PP_single   PP_cluster  PP_cross    Cluster     Cross       AR_step_sum
      996.11      3.8916           0      1.6855           0      42.339
 AR_tsyn_sum Stab_Ngroup Iso_Ngroup  Form_Ngroup End_Ngroup  Modf_Ngroup Merg_Ngroup H4_step_sum H4_no_NB    Ep-Ep_sum   Ep-Sp_sum  
      12.285           1           0   0.0068359   0.0019531           0           0      12.974   0.0097656  8.9364e+05       15345
**** Number of members in clusters (global):
N_members:            1           2           3
Count    :       996.11       1.165     0.52051

Time: 54  N_real(loc): 1000  N_real(glb): 1000  N_all(loc): 1012  N_all(glb): 1012  N_remove(glb): 0  N_escape(glb): 0
Energy:     Error/Total         Error     Error_cum         Total       Kinetic     Potential        Modify  Modify_group Modify_single      Error_PP  Error_PP_cum
Physic:     0.006031683     0.4171708       64.3789      69.16326      595.6245     -526.4613      247.0059             0             0 -0.0009862549   -0.01454726
Slowdown:   0.004953316     0.4192135      64.44726      84.63289      589.7984     -505.1655      425.9933             0             0  3.415795e-06    0.01179353
Angular Momentum:  |L|err: 20.58643  |L|err_cum: 496.1092  L: -31.0267   -3.048948    519.0695  |L|: 520.0049
C.M.: mass: 526.4074 pos: -2.023362   2.826795    0.7900802 vel: -0.07255297   0.03953371    -0.005010112
Tree step number: 1024
**** Wallclock time per step (local): [Min/Max]
 Total       PP_single   PP_cluster  PP_cross    Tree_NB     Tree_Force  Force_corr  Kick        FindCluster CreateGroup MPI_comm    Output      Status      Other      
    0.001012  7.9699e-06  6.8565e-05           0  0.00015322  0.00075051  7.1136e-06  3.9757e-06  8.2478e-06  1.2918e-05  6.4074e-07  8.1817e-07  6.7412e-09  1.6804e-06
    0.001012  8.0007e-06  6.8602e-05           0  0.00015194  0.00074611  7.1594e-06  4.0058e-06  8.2824e-06  1.2935e-05  6.7079e-07  8.1855e-07  6.7705e-09  1.7559e-06
**** FDPS tree soft force time profile (local):
 Sample_ptcl Domain_deco Ex_ptcl     SetRootCell Make_LT     Make_LET    Make_GT     Make_Group  Make_I_list Calc_force  Write_back 
           0           0           0   3.889e-06  0.00012002  1.6126e-05  9.4479e-05  1.6941e-06  3.3782e-05  0.00043476  9.7087e-06
**** Tree neighbor time profile (local):
 Sample_ptcl Domain_deco Ex_ptcl     SetRootCell Make_LT     Make_LET    Make_GT     Make_Group  Make_I_list Calc_force  Write_back 
           0           0           0   1.737e-06  5.2093e-05  9.0735e-06  3.9051e-05  4.2123e-07  6.9083e-06  2.9394e-05  2.7646e-06
**** Number per step (global):
 PP_single   PP_cluster  PP_cross    Cluster     Cross       AR_step_sum
      995.75       4.252           0      1.8828           0      38.824
 AR_tsyn_sum Stab_Ngroup Iso_Ngroup  Form_Ngroup End_Ngroup  Modf_Ngroup Merg_Ngroup H4_step_sum H4_no_NB    Ep-Ep_sum   Ep-Sp_sum  
      10.913           1           0           0           0           0           0      11.283           0  9.1061e+05       12758
**** Number of members in clusters (global):
N_members:            1           2           3
Count    :       995.75      1.3965     0.48633

Time: 55  N_real(loc): 1000  N_real(glb): 1000  N_all(loc): 1012  N_all(glb): 1012  N_remove(glb): 0  N_escape(glb): 0
Energy:     Error/Total         Error     Error_cum         Total       Kinetic     Potential        Modify  Modify_group Modify_single      Error_PP  Error_PP_cum
Physic:     0.005405833     0.3803797      64.75928      70.36468      596.0345     -525.6698      247.8269             0             0  -0.001164396   -0.01571166
Slowdown:    0.00445264     0.3824891      64.82975      85.90165      590.1881     -504.2864      442.3492             0             0  2.699112e-06    0.01179623
Angular Momentum:  |L|err: 24.82542  |L|err_cum: 520.9346  L: -47.27141   0.2204642    543.0505  |L|: 545.1041
C.M.: mass: 526.4074 pos: -2.093916   2.797215    0.7875917 vel: -0.07308126   0.03103507    -0.004312471
Tree step number: 1024
**** Wallclock time per step (local): [Min/Max]
 Total       PP_single   PP_cluster  PP_cross    Tree_NB     Tree_Force  Force_corr  Kick        FindCluster CreateGroup MPI_comm    Output      Status      Other      
   0.0010104  7.3997e-06  6.2055e-05           0    0.000156  0.00075524  6.6995e-06  3.7714e-06  7.4542e-06  1.2554e-05  8.0472e-07   5.904e-07  5.1172e-09  1.5712e-06
   0.0010104  7.4301e-06  6.2091e-05           0  0.00015472  0.00075091  6.7445e-06  3.8014e-06  7.4873e-06   1.257e-05  8.3411e-07  5.9056e-07  5.1465e-09  1.6476e-06
**** FDPS tree soft force time profile (local):
 Sample_ptcl Domain_deco Ex_ptcl     SetRootCell Make_LT     Make_LET    Make_GT     Make_Group  Make_I_list Calc_force  Write_back 
           0           0           0  4.5164e-06  0.00011599  1.5478e-05  9.0925e-05  1.4901e-06   3.065e-05  0.00045159  9.4559e-06
**** Tree neighbor time profile (local):
 Sample_ptcl Domain_deco Ex_ptcl     SetRootCell Make_LT     Make_LET    Make_GT     Make_Group  Make_I_list Calc_force  Write_back 
           0           0           0   1.746e-06  5.1504e-05  8.7051e-06  3.9205e-05  3.7156e-07  7.2445e-06  3.0949e-05  2.7699e-06
**** Number per step (global):
 PP_single   PP_cluster  PP_cross    Cluster     Cross       AR_step_sum
      996.62       3.375           0      1.4434           0      35.872
 AR_tsyn_sum Stab_Ngroup Iso_Ngroup  Form_Ngroup End_Ngroup  Modf_Ngroup Merg_Ngroup H4_step_sum H4_no_NB    Ep-Ep_sum   Ep-Sp_sum  
      9.7334           1           0           0           0           0           0      8.9795           0   9.174e+05       11076
**** Number of members in clusters (global):
N_members:            1           2           3
Count    :       996.62     0.95508     0.48828

Time: 56  N_real(loc): 1000  N_real(glb): 1000  N_all(loc): 1012  N_all(glb): 1012  N_remove(glb): 0  N_escape(glb): 0
Energy:     Error/Total         Error     Error_cum         Total       Kinetic     Potential        Modify  Modify_group Modify_single      Error_PP  Error_PP_cum
Physic:     0.005210177     0.3696506      65.12893      70.94781       595.334     -524.3861      248.0404             0             0 -0.0006585506   -0.01637021
Slowdown:   0.004289599     0.3711967      65.20095      86.53411      589.4758     -502.9417      458.1475             0             0  1.928497e-06    0.01179816
Angular Momentum:  |L|err: 30.80058  |L|err_cum: 551.7352  L: -65.16244   3.675937    572.4454  |L|: 576.154
C.M.: mass: 526.4074 pos: -2.153216   2.823177    0.7877846 vel: -0.06641591   0.02805565    0.009050959
Tree step number: 1024
**** Wallclock time per step (local): [Min/Max]
 Total       PP_single   PP_cluster  PP_cross    Tree_NB     Tree_Force  Force_corr  Kick        FindCluster CreateGroup MPI_comm    Output      Status      Other      
  0.00091494  7.3874e-06   6.125e-05           0  0.00014764  0.00067025  6.7086e-06  3.7173e-06  6.9728e-06  1.2363e-05  6.3332e-07  5.4587e-07  8.7969e-09  1.4912e-06
  0.00091497  7.4326e-06  6.1284e-05           0  0.00014638  0.00066576  6.7535e-06  3.7469e-06  7.0041e-06  1.2379e-05  6.6263e-07  5.4597e-07  8.8262e-09  1.5614e-06
**** FDPS tree soft force time profile (local):
 Sample_ptcl Domain_deco Ex_ptcl     SetRootCell Make_LT     Make_LET    Make_GT     Make_Group  Make_I_list Calc_force  Write_back 
           0           0           0  3.6235e-06  0.00011542  1.5654e-05  8.9643e-05  1.4515e-06  3.1173e-05  0.00036867  9.7485e-06
**** Tree neighbor time profile (local):
 Sample_ptcl Domain_deco Ex_ptcl     SetRootCell Make_LT     Make_LET    Make_GT     Make_Group  Make_I_list Calc_force  Write_back 
           0           0           0  1.6814e-06  4.9896e-05  8.3189e-06  3.8194e-05  3.5294e-07   6.694e-06  2.8547e-05  2.7226e-06
**** Number per step (global):
 PP_single   PP_cluster  PP_cross    Cluster     Cross       AR_step_sum
      996.77      3.2305           0      1.3711           0      36.327
 AR_tsyn_sum Stab_Ngroup Iso_Ngroup  Form_Ngroup End_Ngroup  Modf_Ngroup Merg_Ngroup H4_step_sum H4_no_NB    Ep-Ep_sum   Ep-Sp_sum  
      9.8398           1           0           0           0           0           0      7.9697           0  9.2119e+05       10567
**** Number of members in clusters (global):
N_members:            1           2           3
Count    :       996.77     0.88281     0.48828

Time: 57  N_real(loc): 1000  N_real(glb): 1000  N_all(loc): 1012  N_all(glb): 1012  N_remove(glb): 0  N_escape(glb): 0
Energy:     Error/Total         Error     Error_cum         Total       Kinetic     Potential        Modify  Modify_group Modify_single      Error_PP  Error_PP_cum
Physic:     0.005269981     0.3734414      65.50237      70.86199      594.3649      -523.503      247.5812             0             0  5.212276e-05   -0.01631808
Slowdown:   0.004327791     0.3742393      65.57519      86.47353      588.5043     -502.0308      473.2989             0             0   2.37475e-06    0.01180053
Angular Momentum:  |L|err: 31.07132  |L|err_cum: 582.8065  L: -80.60008   6.524004    601.9928  |L|: 607.3996
C.M.: mass: 526.4074 pos: -2.207783   2.92212    0.7941057 vel: -0.06246075   0.03801926    0.007289935
Tree step number: 1024
**** Wallclock time per step (local): [Min/Max]
 Total       PP_single   PP_cluster  PP_cross    Tree_NB     Tree_Force  Force_corr  Kick        FindCluster CreateGroup MPI_comm    Output      Status      Other      
  0.00088049  7.3352e-06  6.0535e-05           0  0.00014337  0.00064078  6.3709e-06  3.5045e-06  6.9194e-06  1.2262e-05  6.5458e-07  5.4937e-07  7.8174e-09   1.618e-06
  0.00088052  7.3658e-06   6.057e-05           0  0.00014216   0.0006367  6.4158e-06  3.5342e-06  6.9517e-06   1.228e-05  6.8441e-07  5.4956e-07  7.8467e-09  1.6886e-06
**** FDPS tree soft force time profile (local):
 Sample_ptcl Domain_deco Ex_ptcl     SetRootCell Make_LT     Make_LET    Make_GT     Make_Group  Make_I_list Calc_force  Write_back 
           0           0           0  3.9308e-06  0.00011698  1.5256e-05  9.0455e-05  1.5192e-06  3.2315e-05  0.00033688  8.9659e-06
**** Tree neighbor time profile (local):
 Sample_ptcl Domain_deco Ex_ptcl     SetRootCell Make_LT     Make_LET    Make_GT     Make_Group  Make_I_list Calc_force  Write_back 
           0           0           0  1.6802e-06  5.0364e-05  8.2782e-06  3.8504e-05  3.6316e-07  7.3017e-06  2.3527e-05   2.621e-06
**** Number per step (global):
 PP_single   PP_cluster  PP_cross    Cluster     Cross       AR_step_sum
      996.71       3.293           0      1.4043           0      35.762
 AR_tsyn_sum Stab_Ngroup Iso_Ngroup  Form_Ngroup End_Ngroup  Modf_Ngroup Merg_Ngroup H4_step_sum H4_no_NB    Ep-Ep_sum   Ep-Sp_sum  
      9.6084           1           0           0           0           0           0      9.4551           0  9.2053e+05       11703
**** Number of members in clusters (global):
N_members:            1           2           3
Count    :       996.71     0.91992     0.48438

Time: 58  N_real(loc): 1000  N_real(glb): 1000  N_all(loc): 1012  N_all(glb): 1012  N_remove(glb): 0  N_escape(glb): 0
Energy:     Error/Total         Error     Error_cum         Total       Kinetic     Potential        Modify  Modify_group Modify_single      Error_PP  Error_PP_cum
Physic:      0.00515836     0.3652026      65.86757      70.79819      593.4437     -522.6455      247.1522             0             0  0.0001407919   -0.01617729
Slowdown:   0.004233183     0.3658777      65.94106      86.43087      587.5808     -501.1499      488.5019             0             0   3.38969e-06    0.01180392
Angular Momentum:  |L|err: 27.75591  |L|err_cum: 610.5625  L: -94.23667   9.001216    628.1945  |L|: 635.2872
C.M.: mass: 526.4074 pos: -2.267101   3.032006    0.8019006 vel: -0.06102244   0.04504046    0.004533616
Tree step number: 1024
**** Wallclock time per step (local): [Min/Max]
 Total       PP_single   PP_cluster  PP_cross    Tree_NB     Tree_Force  Force_corr  Kick        FindCluster CreateGroup MPI_comm    Output      Status      Other      
   0.0008593  7.2927e-06  6.4905e-05           0  0.00013939  0.00061936  6.4422e-06  3.3213e-06  6.8933e-06  1.2185e-05  6.1872e-07  7.1337e-07  7.0059e-09  1.6781e-06
  0.00085933  7.3233e-06   6.494e-05           0  0.00013821   0.0006151  6.4866e-06   3.385e-06  6.9257e-06  1.2201e-05  6.4804e-07  7.1354e-07  7.0352e-09  1.7481e-06
**** FDPS tree soft force time profile (local):
 Sample_ptcl Domain_deco Ex_ptcl     SetRootCell Make_LT     Make_LET    Make_GT     Make_Group  Make_I_list Calc_force  Write_back 
           0           0           0  3.4381e-06  0.00011455  1.5048e-05  8.9362e-05  1.5348e-06  3.3385e-05  0.00031783  9.2785e-06
**** Tree neighbor time profile (local):
 Sample_ptcl Domain_deco Ex_ptcl     SetRootCell Make_LT     Make_LET    Make_GT     Make_Group  Make_I_list Calc_force  Write_back 
           0           0           0  1.8935e-06  5.0021e-05  8.3598e-06   3.713e-05  3.4312e-07  7.3518e-06  2.0606e-05  2.5786e-06
**** Number per step (global):
 PP_single   PP_cluster  PP_cross    Cluster     Cross       AR_step_sum
      996.54      3.4648           0      1.4902           0      38.696
 AR_tsyn_sum Stab_Ngroup Iso_Ngroup  Form_Ngroup End_Ngroup  Modf_Ngroup Merg_Ngroup H4_step_sum H4_no_NB    Ep-Ep_sum   Ep-Sp_sum  
      10.731           1           0           0           0           0           0      8.4717           0  9.2388e+05       11626
**** Number of members in clusters (global):
N_members:            1           2           3
Count    :       996.54      1.0059     0.48438

Time: 59  N_real(loc): 1000  N_real(glb): 1000  N_all(loc): 1012  N_all(glb): 1012  N_remove(glb): 0  N_escape(glb): 0
Energy:     Error/Total         Error     Error_cum         Total       Kinetic     Potential        Modify  Modify_group Modify_single      Error_PP  Error_PP_cum
Physic:     0.003620858     0.2569957      66.12457      70.97646      592.4124     -521.4359      247.0734             0             0  -0.000209334   -0.01638663
Slowdown:    0.00297629     0.2578538      66.19892      86.63599      586.5443     -499.9083      504.0819             0             0  3.454709e-06    0.01180738
Angular Momentum:  |L|err: 28.12403  |L|err_cum: 638.6865  L: -109.384   11.76689    654.3589  |L|: 663.5426
C.M.: mass: 526.4074 pos: -2.311494   3.107906    0.8031514 vel: -0.06084811   0.04932314    -0.0007721679
Tree step number: 1024
**** Wallclock time per step (local): [Min/Max]
 Total       PP_single   PP_cluster  PP_cross    Tree_NB     Tree_Force  Force_corr  Kick        FindCluster CreateGroup MPI_comm    Output      Status      Other      
  0.00079545   7.039e-06  6.9143e-05           0  0.00013304  0.00055839  6.2603e-06  3.7138e-06  7.0884e-06  1.1878e-05  6.0202e-07  5.3475e-07   9.207e-09  1.4256e-06
  0.00079548  7.0697e-06  6.9179e-05           0  0.00013177   0.0005542   6.305e-06  3.7442e-06  7.1203e-06  1.1894e-05  6.3129e-07  5.3491e-07  9.2266e-09  1.5078e-06
**** FDPS tree soft force time profile (local):
 Sample_ptcl Domain_deco Ex_ptcl     SetRootCell Make_LT     Make_LET    Make_GT     Make_Group  Make_I_list Calc_force  Write_back 
           0           0           0  3.7216e-06  0.00011506  1.4958e-05  8.9421e-05  1.4496e-06  3.3858e-05  0.00025633  9.0883e-06
**** Tree neighbor time profile (local):
 Sample_ptcl Domain_deco Ex_ptcl     SetRootCell Make_LT     Make_LET    Make_GT     Make_Group  Make_I_list Calc_force  Write_back 
           0           0           0  1.8133e-06  4.9777e-05  8.0433e-06  3.7364e-05   3.235e-07  7.3729e-06  1.5665e-05  2.7303e-06
**** Number per step (global):
 PP_single   PP_cluster  PP_cross    Cluster     Cross       AR_step_sum
      995.68      4.3232           0      1.8955           0      42.123
 AR_tsyn_sum Stab_Ngroup Iso_Ngroup  Form_Ngroup End_Ngroup  Modf_Ngroup Merg_Ngroup H4_step_sum H4_no_NB    Ep-Ep_sum   Ep-Sp_sum  
      12.184           1           0           0           0           0           0      12.817           0  9.2793e+05       10435
**** Number of members in clusters (global):
N_members:            1           2           3
Count    :       995.68      1.3633     0.53223

Time: 60  N_real(loc): 1000  N_real(glb): 1000  N_all(loc): 1012  N_all(glb): 1012  N_remove(glb): 0  N_escape(glb): 0
Energy:     Error/Total         Error     Error_cum         Total       Kinetic     Potential        Modify  Modify_group Modify_single      Error_PP  Error_PP_cum
Physic:     0.002644876     0.1884904      66.31306      71.26626      591.9578     -520.6916      247.1747             0             0 -0.0004494507   -0.01683608
Slowdown:   0.002178499     0.1894321      66.38835      86.95535      586.0832     -499.1279      519.8713             0             0  3.455921e-06    0.01181083
Angular Momentum:  |L|err: 29.39293  |L|err_cum: 668.0794  L: -126.0617   14.80204    681.3413  |L|: 693.0633
C.M.: mass: 526.4074 pos: -2.365524   3.161401    0.8083719 vel: -0.05950941   0.04772668    -0.00168226
Tree step number: 1024
**** Wallclock time per step (local): [Min/Max]
 Total       PP_single   PP_cluster  PP_cross    Tree_NB     Tree_Force  Force_corr  Kick        FindCluster CreateGroup MPI_comm    Output      Status      Other      
  0.00076499  7.2984e-06  7.1323e-05           0  0.00013293  0.00052539  6.2424e-06   3.261e-06   7.061e-06  1.2404e-05  6.1549e-07  5.2652e-07   7.083e-09  1.4193e-06
  0.00076502  7.3288e-06  7.1359e-05           0  0.00013169  0.00052154  6.3003e-06  3.2908e-06  7.0947e-06  1.2421e-05  6.4496e-07   5.267e-07  7.1123e-09  1.4804e-06
**** FDPS tree soft force time profile (local):
 Sample_ptcl Domain_deco Ex_ptcl     SetRootCell Make_LT     Make_LET    Make_GT     Make_Group  Make_I_list Calc_force  Write_back 
           0           0           0  3.4267e-06  0.00011442  1.4429e-05  9.1397e-05  1.4754e-06  3.5549e-05  0.00022155  8.4023e-06
**** Tree neighbor time profile (local):
 Sample_ptcl Domain_deco Ex_ptcl     SetRootCell Make_LT     Make_LET    Make_GT     Make_Group  Make_I_list Calc_force  Write_back 
           0           0           0    2.03e-06  5.1369e-05  8.1135e-06  3.8877e-05  3.1934e-07  7.2497e-06  1.2077e-05  2.6644e-06
**** Number per step (global):
 PP_single   PP_cluster  PP_cross    Cluster     Cross       AR_step_sum
      996.81      3.1895           0      1.3018           0      42.773
 AR_tsyn_sum Stab_Ngroup Iso_Ngroup  Form_Ngroup End_Ngroup  Modf_Ngroup Merg_Ngroup H4_step_sum H4_no_NB    Ep-Ep_sum   Ep-Sp_sum  
      12.542           1           0           0           0           0           0      7.8359           0  9.2268e+05       11766
**** Number of members in clusters (global):
N_members:            1           2           3
Count    :       996.81     0.71582     0.58594

Time: 61  N_real(loc): 1000  N_real(glb): 1000  N_all(loc): 1012  N_all(glb): 1012  N_remove(glb): 0  N_escape(glb): 0
Energy:     Error/Total         Error     Error_cum         Total       Kinetic     Potential        Modify  Modify_group Modify_single      Error_PP  Error_PP_cum
Physic:     0.003417908     0.2447984      66.55786       71.6223      591.8543      -520.232       247.286             0             0 -0.0004145001   -0.01725058
Slowdown:   0.002813991     0.2457801      66.63413      87.34219      585.9726     -498.6304      535.7015             0             0  3.457339e-06    0.01181429
Angular Momentum:  |L|err: 30.59878  |L|err_cum: 698.6782  L: -144.0306   18.05151    709.0769  |L|: 723.7823
C.M.: mass: 526.4074 pos: -2.424427   3.205106    0.8124796 vel: -0.06163165   0.04387074    -0.001653746
Tree step number: 1024
**** Wallclock time per step (local): [Min/Max]
 Total       PP_single   PP_cluster  PP_cross    Tree_NB     Tree_Force  Force_corr  Kick        FindCluster CreateGroup MPI_comm    Output      Status      Other      
  0.00077026  7.2309e-06  7.1373e-05           0  0.00013449  0.00052926  6.2989e-06  3.2301e-06  6.8819e-06  1.2022e-05  6.3742e-07  7.3589e-07  7.0244e-09  1.6707e-06
  0.00077029  7.2617e-06   7.141e-05           0   0.0001333  0.00052507  6.3437e-06  3.2599e-06  6.9138e-06  1.2038e-05  6.6676e-07  7.3602e-07  7.0537e-09  1.7319e-06
**** FDPS tree soft force time profile (local):
 Sample_ptcl Domain_deco Ex_ptcl     SetRootCell Make_LT     Make_LET    Make_GT     Make_Group  Make_I_list Calc_force  Write_back 
           0           0           0  3.6039e-06  0.00011614   1.491e-05  9.0145e-05  1.4712e-06  3.4438e-05  0.00022552  9.0838e-06
**** Tree neighbor time profile (local):
 Sample_ptcl Domain_deco Ex_ptcl     SetRootCell Make_LT     Make_LET    Make_GT     Make_Group  Make_I_list Calc_force  Write_back 
           0           0           0  1.6446e-06   5.054e-05  8.0087e-06  3.8528e-05  3.2203e-07   7.746e-06  1.5219e-05  2.5959e-06
**** Number per step (global):
 PP_single   PP_cluster  PP_cross    Cluster     Cross       AR_step_sum
      996.64      3.3613           0      1.3877           0      42.544
 AR_tsyn_sum Stab_Ngroup Iso_Ngroup  Form_Ngroup End_Ngroup  Modf_Ngroup Merg_Ngroup H4_step_sum H4_no_NB    Ep-Ep_sum   Ep-Sp_sum  
      12.429           1           0           0           0           0           0      9.9346           0  9.2685e+05       10801
**** Number of members in clusters (global):
N_members:            1           2           3
Count    :       996.64     0.80176     0.58594

Time: 62  N_real(loc): 1000  N_real(glb): 1000  N_all(loc): 1012  N_all(glb): 1012  N_remove(glb): 0  N_escape(glb): 0
Energy:     Error/Total         Error     Error_cum         Total       Kinetic     Potential        Modify  Modify_group Modify_single      Error_PP  Error_PP_cum
Physic:     0.003989809     0.2874014      66.84526      72.03388      591.8482     -519.8143      247.4102             0             0 -0.0003574553   -0.01760803
Slowdown:   0.003285457     0.2884154      66.92255      87.78549      585.9586     -498.1731      551.5763             0             0  3.457744e-06    0.01181775
Angular Momentum:  |L|err: 31.57341  |L|err_cum: 730.2516  L: -163.112   21.47789    737.3351  |L|: 755.4667
C.M.: mass: 526.4074 pos: -2.486385   3.23188    0.8153087 vel: -0.06292279   0.04241232    -0.003948765
Tree step number: 1024
**** Wallclock time per step (local): [Min/Max]
 Total       PP_single   PP_cluster  PP_cross    Tree_NB     Tree_Force  Force_corr  Kick        FindCluster CreateGroup MPI_comm    Output      Status      Other      
   0.0008364  7.1158e-06  7.1641e-05           0  0.00013728  0.00059245  6.3701e-06  3.3158e-06  6.8013e-06  1.1928e-05  6.3052e-07  6.3554e-07  6.5264e-09  1.5382e-06
  0.00083645  7.1467e-06  7.1677e-05           0  0.00013615  0.00058847  6.4149e-06  3.3455e-06  6.8339e-06  1.1944e-05  6.6017e-07  6.3584e-07  6.5752e-09  1.6069e-06
**** FDPS tree soft force time profile (local):
 Sample_ptcl Domain_deco Ex_ptcl     SetRootCell Make_LT     Make_LET    Make_GT     Make_Group  Make_I_list Calc_force  Write_back 
           0           0           0  3.6179e-06  0.00011648   1.538e-05  9.0105e-05   1.467e-06  3.4618e-05  0.00028818  8.7078e-06
**** Tree neighbor time profile (local):
 Sample_ptcl Domain_deco Ex_ptcl     SetRootCell Make_LT     Make_LET    Make_GT     Make_Group  Make_I_list Calc_force  Write_back 
           0           0           0  1.6398e-06  5.0718e-05  8.3774e-06   3.841e-05   3.366e-07  7.1633e-06  1.7508e-05  2.4589e-06
**** Number per step (global):
 PP_single   PP_cluster  PP_cross    Cluster     Cross       AR_step_sum
         996           4           0      1.7061           0      42.917
 AR_tsyn_sum Stab_Ngroup Iso_Ngroup  Form_Ngroup End_Ngroup  Modf_Ngroup Merg_Ngroup H4_step_sum H4_no_NB    Ep-Ep_sum   Ep-Sp_sum  
      12.556           1           0           0           0           0           0      13.233           0  9.2803e+05       11767
**** Number of members in clusters (global):
N_members:            1           2           3
Count    :          996      1.1182     0.58789

Time: 63  N_real(loc): 1000  N_real(glb): 1000  N_all(loc): 1012  N_all(glb): 1012  N_remove(glb): 0  N_escape(glb): 0
Energy:     Error/Total         Error     Error_cum         Total       Kinetic     Potential        Modify  Modify_group Modify_single      Error_PP  Error_PP_cum
Physic:     0.004810707       0.34888      67.19414      72.52157      591.9604     -519.4388       247.549             0             0 -0.0003681375   -0.01797617
Slowdown:    0.00396285     0.3499449      67.27249      88.30636      586.0622     -497.7558      567.4988             0             0  3.461749e-06    0.01182121
Angular Momentum:  |L|err: 32.25102  |L|err_cum: 762.5026  L: -183.1877   25.05829    765.8155  |L|: 787.8191
C.M.: mass: 526.4074 pos: -2.560643   3.24511    0.8133588 vel: -0.06283362   0.04377107    -0.007907754
Tree step number: 1024
**** Wallclock time per step (local): [Min/Max]
 Total       PP_single   PP_cluster  PP_cross    Tree_NB     Tree_Force  Force_corr  Kick        FindCluster CreateGroup MPI_comm    Output      Status      Other      
  0.00090385  7.1554e-06  7.2011e-05           0  0.00014064  0.00065512  6.6856e-06  3.4425e-06  7.1575e-06  1.2419e-05  7.3637e-07  5.4379e-07  6.2617e-09  1.5266e-06
  0.00090388  7.1856e-06  7.2075e-05           0  0.00013938  0.00065098  6.7308e-06  3.4725e-06  7.1897e-06  1.2436e-05    7.66e-07  5.4396e-07   6.291e-09  1.6017e-06
**** FDPS tree soft force time profile (local):
 Sample_ptcl Domain_deco Ex_ptcl     SetRootCell Make_LT     Make_LET    Make_GT     Make_Group  Make_I_list Calc_force  Write_back 
           0           0           0  3.6075e-06  0.00011522  1.5172e-05   9.006e-05  1.6185e-06  3.3974e-05  0.00035116  9.0633e-06
**** Tree neighbor time profile (local):
 Sample_ptcl Domain_deco Ex_ptcl     SetRootCell Make_LT     Make_LET    Make_GT     Make_Group  Make_I_list Calc_force  Write_back 
           0           0           0  1.8094e-06   5.041e-05  8.5744e-06  3.8008e-05  3.5948e-07  7.3102e-06  1.9827e-05  2.7148e-06
**** Number per step (global):
 PP_single   PP_cluster  PP_cross    Cluster     Cross       AR_step_sum
      996.39      3.6094           0      1.5107           0      42.878
 AR_tsyn_sum Stab_Ngroup Iso_Ngroup  Form_Ngroup End_Ngroup  Modf_Ngroup Merg_Ngroup H4_step_sum H4_no_NB    Ep-Ep_sum   Ep-Sp_sum  
      12.554           1           0   0.0068359   0.0019531           0           0      10.716   0.0097656  9.2793e+05       11309
**** Number of members in clusters (global):
N_members:            1           2           3
Count    :       996.39     0.92285     0.58789

Time: 64  N_real(loc): 1000  N_real(glb): 1000  N_all(loc): 1012  N_all(glb): 1012  N_remove(glb): 0  N_escape(glb): 0
Energy:     Error/Total         Error     Error_cum         Total       Kinetic     Potential        Modify  Modify_group Modify_single      Error_PP  Error_PP_cum
Physic:     0.005207154     0.3808903      67.57503      73.14751      591.7893     -518.6418       247.794             0             0 -0.0004538241   -0.01842999
Slowdown:    0.00429443     0.3820718      67.65456      88.96917      585.8807     -496.9115      583.5643             0             0  3.462677e-06    0.01182467
Angular Momentum:  |L|err: 32.50462  |L|err_cum: 795.0072  L: -204.2678   28.79649    794.0586  |L|: 820.4167
C.M.: mass: 526.4074 pos: -2.626133   3.23836    0.8090586 vel: -0.06696064   0.04104055    -0.007273254
Tree step number: 1024
**** Wallclock time per step (local): [Min/Max]
 Total       PP_single   PP_cluster  PP_cross    Tree_NB     Tree_Force  Force_corr  Kick        FindCluster CreateGroup MPI_comm    Output      Status      Other      
  0.00093589  7.6519e-06  7.1744e-05           0  0.00014409  0.00068417  6.5429e-06  3.3985e-06  7.1754e-06  1.2182e-05  6.4921e-07  5.2139e-07  5.4502e-09  1.5243e-06
  0.00093592  7.6829e-06  7.1785e-05           0  0.00014283  0.00067978  6.6005e-06  3.4282e-06  7.2081e-06  1.2198e-05  6.7899e-07  5.2151e-07  5.4795e-09  1.6024e-06
**** FDPS tree soft force time profile (local):
 Sample_ptcl Domain_deco Ex_ptcl     SetRootCell Make_LT     Make_LET    Make_GT     Make_Group  Make_I_list Calc_force  Write_back 
           0           0           0  3.5867e-06  0.00011693  1.5638e-05  9.1486e-05  1.7969e-06  3.1907e-05   0.0003782  9.5891e-06
**** Tree neighbor time profile (local):
 Sample_ptcl Domain_deco Ex_ptcl     SetRootCell Make_LT     Make_LET    Make_GT     Make_Group  Make_I_list Calc_force  Write_back 
           0           0           0  1.5817e-06   5.078e-05  8.7107e-06  3.8159e-05  3.7391e-07  7.0355e-06  2.2954e-05  2.7348e-06
**** Number per step (global):
 PP_single   PP_cluster  PP_cross    Cluster     Cross       AR_step_sum
         997      2.9951           0      1.2256           0      42.392
 AR_tsyn_sum Stab_Ngroup Iso_Ngroup  Form_Ngroup End_Ngroup  Modf_Ngroup Merg_Ngroup H4_step_sum H4_no_NB    Ep-Ep_sum   Ep-Sp_sum  
      12.292           1           0           0           0           0           0      7.6562           0  9.2555e+05       11768
**** Number of members in clusters (global):
N_members:            1           2           3
Count    :          997     0.68164     0.54395

Time: 65  N_real(loc): 1000  N_real(glb): 1000  N_all(loc): 1012  N_all(glb): 1012  N_remove(glb): 0  N_escape(glb): 0
Energy:     Error/Total         Error     Error_cum         Total       Kinetic     Potential        Modify  Modify_group Modify_single      Error_PP  Error_PP_cum
Physic:      0.00459732     0.3406061      67.91563      74.08798      592.3256     -518.2376      248.3939             0             0 -0.0007879101    -0.0192179
Slowdown:   0.003802964     0.3421019      67.99667      89.95665      586.4024     -496.4457      600.0313             0             0  3.427222e-06     0.0118281
Angular Momentum:  |L|err: 33.08623  |L|err_cum: 828.0935  L: -227.3687   32.87842    822.097  |L|: 853.593
C.M.: mass: 526.4074 pos: -2.70894   3.173639    0.8067601 vel: -0.07183145   0.03441214    -0.009124753
Tree step number: 1024
**** Wallclock time per step (local): [Min/Max]
 Total       PP_single   PP_cluster  PP_cross    Tree_NB     Tree_Force  Force_corr  Kick        FindCluster CreateGroup MPI_comm    Output      Status      Other      
  0.00092903  7.2844e-06  6.3172e-05           0  0.00014333  0.00068689  6.6402e-06  3.6133e-06   6.866e-06   1.213e-05  5.7966e-07   6.918e-07  6.7617e-09  1.5237e-06
  0.00092906  7.3145e-06  6.3206e-05           0  0.00014205  0.00068263  6.6848e-06  3.6429e-06  6.8979e-06  1.2146e-05  6.0899e-07    6.92e-07   6.791e-09  1.6024e-06
**** FDPS tree soft force time profile (local):
 Sample_ptcl Domain_deco Ex_ptcl     SetRootCell Make_LT     Make_LET    Make_GT     Make_Group  Make_I_list Calc_force  Write_back 
           0           0           0  3.5745e-06  0.00011516  1.5625e-05  8.7748e-05   1.582e-06  3.1702e-05  0.00038786  9.3284e-06
**** Tree neighbor time profile (local):
 Sample_ptcl Domain_deco Ex_ptcl     SetRootCell Make_LT     Make_LET    Make_GT     Make_Group  Make_I_list Calc_force  Write_back 
           0           0           0  1.7332e-06  5.0725e-05  8.7962e-06   3.697e-05  3.6927e-07  7.1368e-06  2.3665e-05  2.7502e-06
**** Number per step (global):
 PP_single   PP_cluster  PP_cross    Cluster     Cross       AR_step_sum
      997.41      2.5859           0      1.0508           0      38.737
 AR_tsyn_sum Stab_Ngroup Iso_Ngroup  Form_Ngroup End_Ngroup  Modf_Ngroup Merg_Ngroup H4_step_sum H4_no_NB    Ep-Ep_sum   Ep-Sp_sum  
      10.793           1           0           0           0           0           0      5.5566           0  9.1644e+05       14000
**** Number of members in clusters (global):
N_members:            1           2           3
Count    :       997.41     0.56641     0.48438

Time: 66  N_real(loc): 1000  N_real(glb): 1000  N_all(loc): 1012  N_all(glb): 1012  N_remove(glb): 0  N_escape(glb): 0
Energy:     Error/Total         Error     Error_cum         Total       Kinetic     Potential        Modify  Modify_group Modify_single      Error_PP  Error_PP_cum
Physic:     0.004521777     0.3400144      68.25565      75.19486      593.1348     -517.9399      249.1608             0             0  -0.001019929   -0.02023783
Slowdown:    0.00375027     0.3417138      68.33838      91.11713      587.1952     -496.0781      616.7188             0             0  2.449153e-06    0.01183055
Angular Momentum:  |L|err: 42.0038  |L|err_cum: 870.0973  L: -257.0255   38.06359    857.1782  |L|: 895.6927
C.M.: mass: 526.4074 pos: -2.795435   3.07014    0.8045646 vel: -0.07651094   0.01907104    -0.004557951
Tree step number: 1024
**** Wallclock time per step (local): [Min/Max]
 Total       PP_single   PP_cluster  PP_cross    Tree_NB     Tree_Force  Force_corr  Kick        FindCluster CreateGroup MPI_comm    Output      Status      Other      
  0.00091006   7.523e-06  5.9496e-05           0  0.00014558  0.00066852   6.794e-06  3.5219e-06   7.085e-06  1.2282e-05  6.1693e-07  5.2204e-07  6.6816e-09  1.8288e-06
  0.00091009  7.5541e-06  5.9532e-05           0  0.00014426  0.00066427  6.8392e-06  3.5518e-06  7.1177e-06  1.2299e-05  6.4643e-07   5.223e-07  6.7119e-09  1.9095e-06
**** FDPS tree soft force time profile (local):
 Sample_ptcl Domain_deco Ex_ptcl     SetRootCell Make_LT     Make_LET    Make_GT     Make_Group  Make_I_list Calc_force  Write_back 
           0           0           0  3.7244e-06  0.00011441  1.5148e-05  8.8974e-05  1.5985e-06  3.1085e-05  0.00036965   9.306e-06
**** Tree neighbor time profile (local):
 Sample_ptcl Domain_deco Ex_ptcl     SetRootCell Make_LT     Make_LET    Make_GT     Make_Group  Make_I_list Calc_force  Write_back 
           0           0           0  1.6839e-06  5.0384e-05  8.6909e-06  3.7456e-05  3.6389e-07  7.8392e-06  2.5575e-05  2.8605e-06
**** Number per step (global):
 PP_single   PP_cluster  PP_cross    Cluster     Cross       AR_step_sum
      996.96      3.0391           0      1.2773           0       35.12
 AR_tsyn_sum Stab_Ngroup Iso_Ngroup  Form_Ngroup End_Ngroup  Modf_Ngroup Merg_Ngroup H4_step_sum H4_no_NB    Ep-Ep_sum   Ep-Sp_sum  
       9.333           1           0           0           0           0           0      7.5713           0  9.1933e+05       12648
**** Number of members in clusters (global):
N_members:            1           2           3
Count    :       996.96     0.79297     0.48438

Time: 67  N_real(loc): 1000  N_real(glb): 1000  N_all(loc): 1012  N_all(glb): 1012  N_remove(glb): 0  N_escape(glb): 0
Energy:     Error/Total         Error     Error_cum         Total       Kinetic     Potential        Modify  Modify_group Modify_single      Error_PP  Error_PP_cum
Physic:     0.004754445     0.3591301      68.61478      75.53566      593.3556     -517.8199      249.1424             0             0 -0.0002649372   -0.02050277
Slowdown:   0.003935874     0.3600846      68.69846      91.48784      587.4104     -495.9226      632.6517             0             0  1.791717e-06    0.01183234
Angular Momentum:  |L|err: 51.31444  |L|err_cum: 921.4117  L: -289.2023   43.57604    900.7938  |L|: 947.0831
C.M.: mass: 526.4074 pos: -2.857862   3.128366    0.803614 vel: -0.07111341   0.02337556    0.008598275
Tree step number: 1024
**** Wallclock time per step (local): [Min/Max]
 Total       PP_single   PP_cluster  PP_cross    Tree_NB     Tree_Force  Force_corr  Kick        FindCluster CreateGroup MPI_comm    Output      Status      Other      
    0.000912  7.4065e-06   6.128e-05           0  0.00014599  0.00066873  6.4662e-06  3.3603e-06   6.955e-06  1.2551e-05  6.9797e-07  5.5058e-07  5.5576e-09  1.5363e-06
  0.00091203  7.4373e-06  6.1313e-05           0   0.0001448  0.00066456  6.5108e-06    3.39e-06   6.987e-06  1.2567e-05  7.2729e-07  5.5073e-07  5.5869e-09  1.6113e-06
**** FDPS tree soft force time profile (local):
 Sample_ptcl Domain_deco Ex_ptcl     SetRootCell Make_LT     Make_LET    Make_GT     Make_Group  Make_I_list Calc_force  Write_back 
           0           0           0   4.115e-06  0.00011821  1.5861e-05   9.166e-05  1.6143e-06  3.1046e-05  0.00036378  9.1362e-06
**** Tree neighbor time profile (local):
 Sample_ptcl Domain_deco Ex_ptcl     SetRootCell Make_LT     Make_LET    Make_GT     Make_Group  Make_I_list Calc_force  Write_back 
           0           0           0  1.6565e-06  5.0685e-05  8.2545e-06  3.8064e-05   3.609e-07  7.0014e-06  2.6768e-05  2.5967e-06
**** Number per step (global):
 PP_single   PP_cluster  PP_cross    Cluster     Cross       AR_step_sum
      996.46      3.5371           0      1.5264           0       35.87
 AR_tsyn_sum Stab_Ngroup Iso_Ngroup  Form_Ngroup End_Ngroup  Modf_Ngroup Merg_Ngroup H4_step_sum H4_no_NB    Ep-Ep_sum   Ep-Sp_sum  
      9.6133           1           0           0           0           0           0      10.314           0  9.2063e+05       11240
**** Number of members in clusters (global):
N_members:            1           2           3
Count    :       996.46       1.042     0.48438

Time: 68  N_real(loc): 1000  N_real(glb): 1000  N_all(loc): 1012  N_all(glb): 1012  N_remove(glb): 0  N_escape(glb): 0
Energy:     Error/Total         Error     Error_cum         Total       Kinetic     Potential        Modify  Modify_group Modify_single      Error_PP  Error_PP_cum
Physic:     0.005047906     0.3795094      68.99429      75.18156      592.5695     -517.3879      248.4088             0             0  0.0005330657   -0.01996971
Slowdown:   0.004165728     0.3796573      69.07812      91.13829       586.628     -495.4897      647.8747             0             0   2.74995e-06    0.01183509
Angular Momentum:  |L|err: 46.04075  |L|err_cum: 967.4525  L: -315.1044   47.93632    940.6351  |L|: 993.1682
C.M.: mass: 526.4074 pos: -2.906371   3.318293    0.811372 vel: -0.06639301   0.03406883    0.005330431
Tree step number: 1024
**** Wallclock time per step (local): [Min/Max]
 Total       PP_single   PP_cluster  PP_cross    Tree_NB     Tree_Force  Force_corr  Kick        FindCluster CreateGroup MPI_comm    Output      Status      Other      
  0.00091605  7.8967e-06  5.9683e-05           0  0.00014904  0.00067065  6.8282e-06   3.551e-06  6.9166e-06  1.2319e-05  5.8894e-07   6.644e-07  5.9199e-09   1.603e-06
  0.00091608  7.9279e-06  5.9717e-05           0  0.00014788  0.00066626   6.885e-06  3.5812e-06  6.9488e-06  1.2336e-05  6.1857e-07  6.6461e-07  5.9492e-09  1.6753e-06
**** FDPS tree soft force time profile (local):
 Sample_ptcl Domain_deco Ex_ptcl     SetRootCell Make_LT     Make_LET    Make_GT     Make_Group  Make_I_list Calc_force  Write_back 
           0           0           0  3.6065e-06  0.00011671  1.5657e-05  9.0559e-05  1.6158e-06  3.0745e-05  0.00036749  9.5832e-06
**** Tree neighbor time profile (local):
 Sample_ptcl Domain_deco Ex_ptcl     SetRootCell Make_LT     Make_LET    Make_GT     Make_Group  Make_I_list Calc_force  Write_back 
           0           0           0  2.0727e-06  5.0979e-05  8.4953e-06  3.9148e-05   3.617e-07  7.2004e-06  2.8418e-05  2.5393e-06
**** Number per step (global):
 PP_single   PP_cluster  PP_cross    Cluster     Cross       AR_step_sum
      996.96      3.0371           0      1.2764           0      34.942
 AR_tsyn_sum Stab_Ngroup Iso_Ngroup  Form_Ngroup End_Ngroup  Modf_Ngroup Merg_Ngroup H4_step_sum H4_no_NB    Ep-Ep_sum   Ep-Sp_sum  
      9.2598           1           0           0           0           0           0      6.1221           0  9.2348e+05       10411
**** Number of members in clusters (global):
N_members:            1           2           3
Count    :       996.96     0.79199     0.48438

Time: 69  N_real(loc): 1000  N_real(glb): 1000  N_all(loc): 1012  N_all(glb): 1012  N_remove(glb): 0  N_escape(glb): 0
Energy:     Error/Total         Error     Error_cum         Total       Kinetic     Potential        Modify  Modify_group Modify_single      Error_PP  Error_PP_cum
Physic:     0.005081294     0.3814785      69.37577      75.07507      592.5769     -517.5018      247.9208             0             0   0.000354243   -0.01961546
Slowdown:   0.004193703      0.381802      69.45992      91.04174      586.6357      -495.594       663.353             0             0  3.452548e-06    0.01183854
Angular Momentum:  |L|err: 40.27174  |L|err_cum: 1007.724  L: -338.7188   51.90492    975.0113  |L|: 1033.475
C.M.: mass: 526.4074 pos: -2.959236   3.467079    0.8175293 vel: -0.06680303   0.03879605    0.003533671
Tree step number: 1024
**** Wallclock time per step (local): [Min/Max]
 Total       PP_single   PP_cluster  PP_cross    Tree_NB     Tree_Force  Force_corr  Kick        FindCluster CreateGroup MPI_comm    Output      Status      Other      
  0.00094438  8.0968e-06  7.1631e-05           0  0.00015382  0.00068146  7.7391e-06  3.8175e-06  7.1931e-06  1.2508e-05  6.1249e-07  7.7309e-07  5.6357e-09  1.6956e-06
  0.00094441  8.1281e-06  7.1668e-05           0  0.00015251  0.00067587   7.785e-06  3.8474e-06  7.2272e-06  1.2524e-05  6.4239e-07   7.733e-07  5.6748e-09  1.7673e-06
**** FDPS tree soft force time profile (local):
 Sample_ptcl Domain_deco Ex_ptcl     SetRootCell Make_LT     Make_LET    Make_GT     Make_Group  Make_I_list Calc_force  Write_back 
           0           0           0  3.7353e-06   0.0001163   1.633e-05  9.1284e-05  1.6718e-06  3.0967e-05  0.00037554  1.2016e-05
**** Tree neighbor time profile (local):
 Sample_ptcl Domain_deco Ex_ptcl     SetRootCell Make_LT     Make_LET    Make_GT     Make_Group  Make_I_list Calc_force  Write_back 
           0           0           0  2.0714e-06  5.2089e-05  8.7578e-06  3.8846e-05  6.0505e-07  7.7109e-06  3.1222e-05  2.8389e-06
**** Number per step (global):
 PP_single   PP_cluster  PP_cross    Cluster     Cross       AR_step_sum
      997.22      2.7773           0      1.1445           0      40.771
 AR_tsyn_sum Stab_Ngroup Iso_Ngroup  Form_Ngroup End_Ngroup  Modf_Ngroup Merg_Ngroup H4_step_sum H4_no_NB    Ep-Ep_sum   Ep-Sp_sum  
      11.561           1           0           0           0           0           0      6.8027           0  9.2508e+05      9806.3
**** Number of members in clusters (global):
N_members:            1           2           3
Count    :       997.22     0.65625     0.48828

Time: 70  N_real(loc): 1000  N_real(glb): 1000  N_all(loc): 1012  N_all(glb): 1012  N_remove(glb): 0  N_escape(glb): 0
Energy:     Error/Total         Error     Error_cum         Total       Kinetic     Potential        Modify  Modify_group Modify_single      Error_PP  Error_PP_cum
Physic:     0.002611586     0.1965077      69.57227      75.24457      592.9507     -517.7061      247.8938             0             0 -0.0002155115   -0.01983097
Slowdown:   0.002160422     0.1970934      69.65702      91.22913      587.0064     -495.7773        679.31             0             0  3.472241e-06    0.01184201
Angular Momentum:  |L|err: 41.03734  |L|err_cum: 1048.762  L: -364.2746   56.19694    1009.355  |L|: 1074.547
C.M.: mass: 526.4074 pos: -3.021679   3.557419    0.8226821 vel: -0.06788591   0.04002409    0.002439498
Tree step number: 1024
**** Wallclock time per step (local): [Min/Max]
 Total       PP_single   PP_cluster  PP_cross    Tree_NB     Tree_Force  Force_corr  Kick        FindCluster CreateGroup MPI_comm    Output      Status      Other      
  0.00090914  7.3984e-06  7.1866e-05           0  0.00014865  0.00065304  6.4009e-06  3.3987e-06  7.0729e-06  1.2084e-05  6.0689e-07  6.3665e-07  9.0312e-09  1.4366e-06
  0.00090918   7.429e-06  7.1901e-05           0  0.00014745  0.00064896  6.4456e-06  3.4288e-06  7.1052e-06  1.2101e-05  6.3637e-07  6.3689e-07  9.0605e-09  1.5008e-06
**** FDPS tree soft force time profile (local):
 Sample_ptcl Domain_deco Ex_ptcl     SetRootCell Make_LT     Make_LET    Make_GT     Make_Group  Make_I_list Calc_force  Write_back 
           0           0           0  3.9024e-06  0.00011506  1.5349e-05   8.889e-05  1.6032e-06  3.0513e-05  0.00035575  8.8935e-06
**** Tree neighbor time profile (local):
 Sample_ptcl Domain_deco Ex_ptcl     SetRootCell Make_LT     Make_LET    Make_GT     Make_Group  Make_I_list Calc_force  Write_back 
           0           0           0  1.6586e-06  4.9751e-05   8.051e-06   3.749e-05   3.577e-07  7.6413e-06  3.1418e-05  2.6032e-06
**** Number per step (global):
 PP_single   PP_cluster  PP_cross    Cluster     Cross       AR_step_sum
      996.87      3.1279           0      1.2754           0       42.78
 AR_tsyn_sum Stab_Ngroup Iso_Ngroup  Form_Ngroup End_Ngroup  Modf_Ngroup Merg_Ngroup H4_step_sum H4_no_NB    Ep-Ep_sum   Ep-Sp_sum  
      12.513           1           0           0           0           0           0       9.084           0  9.2194e+05       11545
**** Number of members in clusters (global):
N_members:            1           2           3
Count    :       996.87     0.69824     0.57715

Time: 71  N_real(loc): 1000  N_real(glb): 1000  N_all(loc): 1012  N_all(glb): 1012  N_remove(glb): 0  N_escape(glb): 0
Energy:     Error/Total         Error     Error_cum         Total       Kinetic     Potential        Modify  Modify_group Modify_single      Error_PP  Error_PP_cum
Physic:     0.003275733      0.247489      69.81976      75.55226      593.7657     -518.2134       247.954             0             0 -0.0002749753   -0.02010595
Slowdown:   0.002710884     0.2482055      69.90522      91.55888      587.8165     -496.2576      695.3761             0             0  3.470527e-06    0.01184549
Angular Momentum:  |L|err: 42.37914  |L|err_cum: 1091.141  L: -391.5071   60.75307    1044.331  |L|: 1116.958
C.M.: mass: 526.4074 pos: -3.085636   3.625577    0.8338032 vel: -0.06908024   0.04054295    0.005444066
Tree step number: 1024
**** Wallclock time per step (local): [Min/Max]
 Total       PP_single   PP_cluster  PP_cross    Tree_NB     Tree_Force  Force_corr  Kick        FindCluster CreateGroup MPI_comm    Output      Status      Other      
  0.00091177  7.1704e-06  7.3176e-05           0  0.00015101  0.00065209  6.5004e-06   3.519e-06  6.8921e-06  1.2372e-05  6.2094e-07  5.0632e-07  5.2734e-09  1.6007e-06
   0.0009118   7.201e-06  7.3212e-05           0  0.00014977  0.00064791  6.5449e-06  3.5488e-06  6.9247e-06  1.2389e-05  6.5021e-07  5.0645e-07  5.3027e-09  1.6653e-06
**** FDPS tree soft force time profile (local):
 Sample_ptcl Domain_deco Ex_ptcl     SetRootCell Make_LT     Make_LET    Make_GT     Make_Group  Make_I_list Calc_force  Write_back 
           0           0           0   3.708e-06  0.00011429  1.5728e-05  8.9975e-05  1.6002e-06  3.1148e-05  0.00035292  9.1372e-06
**** Tree neighbor time profile (local):
 Sample_ptcl Domain_deco Ex_ptcl     SetRootCell Make_LT     Make_LET    Make_GT     Make_Group  Make_I_list Calc_force  Write_back 
           0           0           0  2.3804e-06  5.1231e-05  8.6939e-06  3.8562e-05  3.6228e-07  8.1025e-06  2.9708e-05  2.6676e-06
**** Number per step (global):
 PP_single   PP_cluster  PP_cross    Cluster     Cross       AR_step_sum
      996.58      3.4199           0      1.4121           0       42.93
 AR_tsyn_sum Stab_Ngroup Iso_Ngroup  Form_Ngroup End_Ngroup  Modf_Ngroup Merg_Ngroup H4_step_sum H4_no_NB    Ep-Ep_sum   Ep-Sp_sum  
       12.61           1           0           0           0           0           0      11.174           0  9.1967e+05       11922
**** Number of members in clusters (global):
N_members:            1           2           3
Count    :       996.58     0.81641      0.5957

Time: 72  N_real(loc): 1000  N_real(glb): 1000  N_all(loc): 1012  N_all(glb): 1012  N_remove(glb): 0  N_escape(glb): 0
Energy:     Error/Total         Error     Error_cum         Total       Kinetic     Potential        Modify  Modify_group Modify_single      Error_PP  Error_PP_cum
Physic:     0.004054614     0.3079729      70.12774      75.95615      595.1081      -519.152        248.05             0             0 -0.0002727141   -0.02037866
Slowdown:   0.003356706     0.3087748        70.214      91.98744      589.1529     -497.1655      711.5025             0             0  3.478349e-06    0.01184896
Angular Momentum:  |L|err: 43.43959  |L|err_cum: 1134.58  L: -420.033   65.50243    1079.754  |L|: 1160.425
C.M.: mass: 526.4074 pos: -3.156544   3.676874    0.8454889 vel: -0.07119992   0.03731208    0.001135664
Tree step number: 1024
**** Wallclock time per step (local): [Min/Max]
 Total       PP_single   PP_cluster  PP_cross    Tree_NB     Tree_Force  Force_corr  Kick        FindCluster CreateGroup MPI_comm    Output      Status      Other      
  0.00091211  7.4611e-06  7.1495e-05           0  0.00014775  0.00065645  6.5671e-06  3.3924e-06  7.3224e-06  1.2323e-05  7.6701e-07  5.3884e-07  5.2148e-09  1.5688e-06
  0.00091214  7.4916e-06   7.153e-05           0  0.00014659  0.00065246  6.6117e-06  3.4222e-06  7.3546e-06  1.2339e-05  7.9665e-07  5.3897e-07  5.2441e-09  1.6368e-06
**** FDPS tree soft force time profile (local):
 Sample_ptcl Domain_deco Ex_ptcl     SetRootCell Make_LT     Make_LET    Make_GT     Make_Group  Make_I_list Calc_force  Write_back 
           0           0           0  3.7808e-06  0.00011628   1.552e-05  9.1681e-05  1.6513e-06  3.1668e-05  0.00035406  8.8446e-06
**** Tree neighbor time profile (local):
 Sample_ptcl Domain_deco Ex_ptcl     SetRootCell Make_LT     Make_LET    Make_GT     Make_Group  Make_I_list Calc_force  Write_back 
           0           0           0  1.6354e-06  5.0433e-05  8.5154e-06  3.8587e-05  3.7448e-07  7.8422e-06  2.7992e-05  2.5072e-06
**** Number per step (global):
 PP_single   PP_cluster  PP_cross    Cluster     Cross       AR_step_sum
      996.21      3.7871           0      1.5957           0      43.042
 AR_tsyn_sum Stab_Ngroup Iso_Ngroup  Form_Ngroup End_Ngroup  Modf_Ngroup Merg_Ngroup H4_step_sum H4_no_NB    Ep-Ep_sum   Ep-Sp_sum  
      12.671           1           0           0           0           0           0      10.972           0  9.1873e+05       11920
**** Number of members in clusters (global):
N_members:            1           2           3
Count    :       996.21           1      0.5957

Time: 73  N_real(loc): 1000  N_real(glb): 1000  N_all(loc): 1012  N_all(glb): 1012  N_remove(glb): 0  N_escape(glb): 0
Energy:     Error/Total         Error     Error_cum         Total       Kinetic     Potential        Modify  Modify_group Modify_single      Error_PP  Error_PP_cum
Physic:     0.004821804     0.3686379      70.49637      76.45228      597.0711     -520.6189      248.1775             0             0 -0.0002960995   -0.02067476
Slowdown:    0.00399439     0.3695237      70.58352      92.51067      591.1087      -498.598      727.6875             0             0  3.477944e-06    0.01185244
Angular Momentum:  |L|err: 44.0601  |L|err_cum: 1178.64  L: -449.5388   70.38943    1115.258  |L|: 1204.508
C.M.: mass: 526.4074 pos: -3.230986   3.714591    0.8524313 vel: -0.07155501   0.03503606    -0.005425892
Tree step number: 1024
**** Wallclock time per step (local): [Min/Max]
 Total       PP_single   PP_cluster  PP_cross    Tree_NB     Tree_Force  Force_corr  Kick        FindCluster CreateGroup MPI_comm    Output      Status      Other      
  0.00092591  7.4558e-06  7.2583e-05           0  0.00014256   0.0006739  6.7216e-06  3.6826e-06  7.2533e-06  1.2553e-05  5.8466e-07  5.1148e-07  5.0781e-09  1.6754e-06
  0.00092594  7.4993e-06  7.2618e-05           0  0.00014139  0.00066979  6.7664e-06  3.7125e-06  7.2851e-06  1.2569e-05  6.1402e-07  5.1158e-07  5.1074e-09  1.7515e-06
**** FDPS tree soft force time profile (local):
 Sample_ptcl Domain_deco Ex_ptcl     SetRootCell Make_LT     Make_LET    Make_GT     Make_Group  Make_I_list Calc_force  Write_back 
           0           0           0  3.6875e-06  0.00011721  1.5551e-05  8.9866e-05  1.6484e-06  3.3953e-05  0.00036798  9.0111e-06
**** Tree neighbor time profile (local):
 Sample_ptcl Domain_deco Ex_ptcl     SetRootCell Make_LT     Make_LET    Make_GT     Make_Group  Make_I_list Calc_force  Write_back 
           0           0           0  1.7266e-06  5.0887e-05  9.3592e-06  3.8995e-05  4.0787e-07  6.9303e-06  2.1312e-05   2.572e-06
**** Number per step (global):
 PP_single   PP_cluster  PP_cross    Cluster     Cross       AR_step_sum
      995.41      4.5859           0      1.9189           0      42.923
 AR_tsyn_sum Stab_Ngroup Iso_Ngroup  Form_Ngroup End_Ngroup  Modf_Ngroup Merg_Ngroup H4_step_sum H4_no_NB    Ep-Ep_sum   Ep-Sp_sum  
      12.587           1           0   0.0039062  0.00097656           0           0      16.389   0.0039062  9.1182e+05       11794
**** Number of members in clusters (global):
N_members:            1           2           3
Count    :       995.41      1.1709     0.74805

Time: 74  N_real(loc): 1000  N_real(glb): 1000  N_all(loc): 1012  N_all(glb): 1012  N_remove(glb): 0  N_escape(glb): 0
Energy:     Error/Total         Error     Error_cum         Total       Kinetic     Potential        Modify  Modify_group Modify_single      Error_PP  Error_PP_cum
Physic:     0.005767202     0.4445051      70.94088      77.07465      598.7809     -521.7062      248.3553             0             0 -0.0002978243   -0.02097259
Slowdown:      0.004782       0.44551      71.02903      93.16394      592.8095     -499.6456      743.9537             0             0  3.480648e-06    0.01185592
Angular Momentum:  |L|err: 44.12256  |L|err_cum: 1222.763  L: -479.7954   75.37423    1150.322  |L|: 1248.65
C.M.: mass: 526.4074 pos: -3.310353   3.713178    0.855591 vel: -0.07411549   0.03234515    -0.006616341
Tree step number: 1024
**** Wallclock time per step (local): [Min/Max]
 Total       PP_single   PP_cluster  PP_cross    Tree_NB     Tree_Force  Force_corr  Kick        FindCluster CreateGroup MPI_comm    Output      Status      Other      
  0.00092222  7.2687e-06  7.2563e-05           0  0.00014527  0.00066773  6.7282e-06  3.7503e-06  7.1519e-06  1.2606e-05  6.3638e-07  6.3984e-07  5.9199e-09  1.5003e-06
  0.00092225  7.2991e-06   7.261e-05           0  0.00014397  0.00066352  6.7727e-06  3.7903e-06  7.1841e-06  1.2623e-05  6.6602e-07  6.3997e-07  5.9492e-09  1.5724e-06
**** FDPS tree soft force time profile (local):
 Sample_ptcl Domain_deco Ex_ptcl     SetRootCell Make_LT     Make_LET    Make_GT     Make_Group  Make_I_list Calc_force  Write_back 
           0           0           0  3.5474e-06  0.00011811  1.5377e-05  9.2892e-05  1.5981e-06  3.4569e-05  0.00035766  9.2233e-06
**** Tree neighbor time profile (local):
 Sample_ptcl Domain_deco Ex_ptcl     SetRootCell Make_LT     Make_LET    Make_GT     Make_Group  Make_I_list Calc_force  Write_back 
           0           0           0   2.002e-06   5.164e-05  8.3263e-06  3.8862e-05  3.9985e-07  6.8995e-06   2.447e-05  2.7953e-06
**** Number per step (global):
 PP_single   PP_cluster  PP_cross    Cluster     Cross       AR_step_sum
      996.52      3.4814           0      1.4443           0      42.831
 AR_tsyn_sum Stab_Ngroup Iso_Ngroup  Form_Ngroup End_Ngroup  Modf_Ngroup Merg_Ngroup H4_step_sum H4_no_NB    Ep-Ep_sum   Ep-Sp_sum  
      12.553           1           0           0           0           0           0      9.0781           0  9.0994e+05       12533
**** Number of members in clusters (global):
N_members:            1           2           3
Count    :       996.52     0.85156     0.59277

Time: 75  N_real(loc): 1000  N_real(glb): 1000  N_all(loc): 1012  N_all(glb): 1012  N_remove(glb): 0  N_escape(glb): 0
Energy:     Error/Total         Error     Error_cum         Total       Kinetic     Potential        Modify  Modify_group Modify_single      Error_PP  Error_PP_cum
Physic:     0.005196692     0.4050551      71.34593      77.94479      600.8888     -522.9441      248.8204             0             0 -0.0006011646   -0.02157375
Slowdown:   0.004319216     0.4063213      71.43535      94.07294      594.9053     -500.8324      760.5456             0             0  3.482185e-06     0.0118594
Angular Momentum:  |L|err: 43.85457  |L|err_cum: 1266.618  L: -511.0461   80.49477    1184.466  |L|: 1292.52
C.M.: mass: 526.4074 pos: -3.391955   3.650854    0.8601922 vel: -0.07641671   0.02900314    0.001358695
Tree step number: 1024
**** Wallclock time per step (local): [Min/Max]
 Total       PP_single   PP_cluster  PP_cross    Tree_NB     Tree_Force  Force_corr  Kick        FindCluster CreateGroup MPI_comm    Output      Status      Other      
  0.00090716  7.3898e-06    6.82e-05           0  0.00014433  0.00065822  6.5622e-06  3.3514e-06  7.4947e-06  1.2371e-05  6.3006e-07   5.628e-07  5.4395e-09  1.7056e-06
  0.00090719  7.4205e-06  6.8235e-05           0  0.00014313  0.00065397  6.6069e-06  3.3812e-06  7.5268e-06  1.2388e-05  6.5926e-07  5.6291e-07   5.459e-09  1.7777e-06
**** FDPS tree soft force time profile (local):
 Sample_ptcl Domain_deco Ex_ptcl     SetRootCell Make_LT     Make_LET    Make_GT     Make_Group  Make_I_list Calc_force  Write_back 
           0           0           0  3.7652e-06  0.00011619  1.5202e-05  9.1058e-05  1.6735e-06  3.5204e-05   0.0003517  9.2707e-06
**** Tree neighbor time profile (local):
 Sample_ptcl Domain_deco Ex_ptcl     SetRootCell Make_LT     Make_LET    Make_GT     Make_Group  Make_I_list Calc_force  Write_back 
           0           0           0  1.7974e-06  5.1329e-05  8.5375e-06  3.7978e-05  4.1484e-07  6.8291e-06  2.5065e-05   2.606e-06
**** Number per step (global):
 PP_single   PP_cluster  PP_cross    Cluster     Cross       AR_step_sum
      995.54      4.4629           0      1.9844           0      41.597
 AR_tsyn_sum Stab_Ngroup Iso_Ngroup  Form_Ngroup End_Ngroup  Modf_Ngroup Merg_Ngroup H4_step_sum H4_no_NB    Ep-Ep_sum   Ep-Sp_sum  
      11.926           1           0   0.0039062  0.00097656           0           0      14.382   0.0039062  9.0424e+05       14624
**** Number of members in clusters (global):
N_members:            1           2           3
Count    :       995.54      1.4902     0.49414

Time: 76  N_real(loc): 1000  N_real(glb): 1000  N_all(loc): 1012  N_all(glb): 1012  N_remove(glb): 0  N_escape(glb): 0
Energy:     Error/Total         Error     Error_cum         Total       Kinetic     Potential        Modify  Modify_group Modify_single      Error_PP  Error_PP_cum
Physic:     0.004995091      0.395684      71.74162      79.21458      602.3533     -523.1387      249.6945             0             0  -0.001043907   -0.02261766
Slowdown:   0.004165778     0.3973959      71.83275      95.39536      596.3525     -500.9572      777.5988             0             0   3.05681e-06    0.01186246
Angular Momentum:  |L|err: 49.56137  |L|err_cum: 1316.179  L: -547.738   86.4663    1222.18  |L|: 1342.094
C.M.: mass: 526.4074 pos: -3.474706   3.476646    0.8721015 vel: -0.07509541   0.0160567    0.01148135
Tree step number: 1024
**** Wallclock time per step (local): [Min/Max]
 Total       PP_single   PP_cluster  PP_cross    Tree_NB     Tree_Force  Force_corr  Kick        FindCluster CreateGroup MPI_comm    Output      Status      Other      
  0.00092257  7.3584e-06  5.8602e-05           0   0.0001483   0.0006792  6.5129e-06  3.6082e-06  7.6203e-06  1.2343e-05  5.9974e-07  5.5234e-07  5.7529e-09  1.5104e-06
   0.0009226  7.3892e-06  5.8637e-05           0  0.00014698  0.00067515  6.5578e-06  3.6381e-06  7.6529e-06   1.236e-05  6.2958e-07   5.526e-07  5.7822e-09  1.5819e-06
**** FDPS tree soft force time profile (local):
 Sample_ptcl Domain_deco Ex_ptcl     SetRootCell Make_LT     Make_LET    Make_GT     Make_Group  Make_I_list Calc_force  Write_back 
           0           0           0  3.5787e-06  0.00011882  1.5673e-05  9.3363e-05  1.7777e-06  3.3972e-05   0.0003687  8.8993e-06
**** Tree neighbor time profile (local):
 Sample_ptcl Domain_deco Ex_ptcl     SetRootCell Make_LT     Make_LET    Make_GT     Make_Group  Make_I_list Calc_force  Write_back 
           0           0           0  1.6327e-06  5.2419e-05  8.2625e-06   3.954e-05  4.0554e-07  6.5514e-06  2.6514e-05  2.8392e-06
**** Number per step (global):
 PP_single   PP_cluster  PP_cross    Cluster     Cross       AR_step_sum
      994.71      5.2871           0      2.3955           0       35.11
 AR_tsyn_sum Stab_Ngroup Iso_Ngroup  Form_Ngroup End_Ngroup  Modf_Ngroup Merg_Ngroup H4_step_sum H4_no_NB    Ep-Ep_sum   Ep-Sp_sum  
      9.3867           1           0   0.0039062  0.00097656           0           0      16.647   0.0039062  9.0496e+05       14371
**** Number of members in clusters (global):
N_members:            1           2           3
Count    :       994.71      1.8994     0.49609

Time: 77  N_real(loc): 1000  N_real(glb): 1000  N_all(loc): 1012  N_all(glb): 1012  N_remove(glb): 0  N_escape(glb): 0
Energy:     Error/Total         Error     Error_cum         Total       Kinetic     Potential        Modify  Modify_group Modify_single      Error_PP  Error_PP_cum
Physic:     0.005217559     0.4179814       72.1596      80.11053      601.5502     -521.4396      250.1725             0             0 -0.0006685964   -0.02328626
Slowdown:   0.004352633     0.4192987      72.25205      96.33219       595.538     -499.2058      794.2971             0             0  1.881507e-06    0.01186434
Angular Momentum:  |L|err: 65.36407  |L|err_cum: 1381.543  L: -593.5546   93.86647    1272.731  |L|: 1407.467
C.M.: mass: 526.4074 pos: -3.546998   3.41833    0.8868092 vel: -0.07239493   0.002161248    0.02716049
Tree step number: 1024
**** Wallclock time per step (local): [Min/Max]
 Total       PP_single   PP_cluster  PP_cross    Tree_NB     Tree_Force  Force_corr  Kick        FindCluster CreateGroup MPI_comm    Output      Status      Other      
  0.00092035  7.7985e-06  6.0998e-05           0  0.00014756  0.00067516  6.3957e-06  3.4837e-06  7.1341e-06  1.2553e-05   6.346e-07     4.8e-07  5.3525e-09  1.4614e-06
  0.00092038   7.829e-06  6.1033e-05           0   0.0001464  0.00067109  6.4404e-06  3.5133e-06  7.1655e-06  1.2569e-05  6.6411e-07  4.8011e-07  5.3818e-09  1.5315e-06
**** FDPS tree soft force time profile (local):
 Sample_ptcl Domain_deco Ex_ptcl     SetRootCell Make_LT     Make_LET    Make_GT     Make_Group  Make_I_list Calc_force  Write_back 
           0           0           0  3.6981e-06  0.00011877  1.5718e-05  9.5229e-05  1.6901e-06  3.2141e-05  0.00036398  8.9075e-06
**** Tree neighbor time profile (local):
 Sample_ptcl Domain_deco Ex_ptcl     SetRootCell Make_LT     Make_LET    Make_GT     Make_Group  Make_I_list Calc_force  Write_back 
           0           0           0  1.8565e-06  5.0947e-05  8.4293e-06  3.9308e-05  3.9603e-07  6.7327e-06  2.7533e-05  2.5315e-06
**** Number per step (global):
 PP_single   PP_cluster  PP_cross    Cluster     Cross       AR_step_sum
       996.2      3.8047           0      1.6533           0      36.212
 AR_tsyn_sum Stab_Ngroup Iso_Ngroup  Form_Ngroup End_Ngroup  Modf_Ngroup Merg_Ngroup H4_step_sum H4_no_NB    Ep-Ep_sum   Ep-Sp_sum  
      9.7695           1           0           0           0           0           0      9.5771           0  9.0212e+05       14365
**** Number of members in clusters (global):
N_members:            1           2           3
Count    :        996.2      1.1553     0.49805

Time: 78  N_real(loc): 1000  N_real(glb): 1000  N_all(loc): 1012  N_all(glb): 1012  N_remove(glb): 0  N_escape(glb): 0
Energy:     Error/Total         Error     Error_cum         Total       Kinetic     Potential        Modify  Modify_group Modify_single      Error_PP  Error_PP_cum
Physic:     0.005562125     0.4456286      72.60523      80.11841      600.8899     -520.7715      249.7347             0             0  0.0003263912   -0.02295986
Slowdown:   0.004628563     0.4459643      72.69801      96.35049      594.8784     -498.5279      810.0911             0             0  2.202939e-06    0.01186655
Angular Momentum:  |L|err: 66.31337  |L|err_cum: 1447.856  L: -636.9888   100.8406    1325.184  |L|: 1473.783
C.M.: mass: 526.4074 pos: -3.590172   3.583435    0.9056042 vel: -0.06515252   0.01453679    0.03408138
Tree step number: 1024
**** Wallclock time per step (local): [Min/Max]
 Total       PP_single   PP_cluster  PP_cross    Tree_NB     Tree_Force  Force_corr  Kick        FindCluster CreateGroup MPI_comm    Output      Status      Other      
  0.00094968  7.4432e-06  5.9313e-05           0  0.00015137  0.00070239   6.449e-06  3.5003e-06  7.1509e-06  1.2569e-05  6.0358e-07  7.1763e-07  6.3691e-09  1.5998e-06
  0.00094971  7.4736e-06  5.9348e-05           0  0.00015002  0.00069836  6.4938e-06  3.5299e-06  7.1832e-06  1.2586e-05  6.3351e-07  7.1793e-07  6.3984e-09  1.6717e-06
**** FDPS tree soft force time profile (local):
 Sample_ptcl Domain_deco Ex_ptcl     SetRootCell Make_LT     Make_LET    Make_GT     Make_Group  Make_I_list Calc_force  Write_back 
           0           0           0  4.1041e-06  0.00011971  1.6184e-05  9.5434e-05  1.7218e-06  3.5979e-05  0.00038452  8.8953e-06
**** Tree neighbor time profile (local):
 Sample_ptcl Domain_deco Ex_ptcl     SetRootCell Make_LT     Make_LET    Make_GT     Make_Group  Make_I_list Calc_force  Write_back 
           0           0           0  1.7153e-06  5.1906e-05  8.4885e-06  4.0036e-05  4.1062e-07  6.6998e-06   2.806e-05  2.8986e-06
**** Number per step (global):
 PP_single   PP_cluster  PP_cross    Cluster     Cross       AR_step_sum
       996.9      3.0957           0      1.2969           0      35.647
 AR_tsyn_sum Stab_Ngroup Iso_Ngroup  Form_Ngroup End_Ngroup  Modf_Ngroup Merg_Ngroup H4_step_sum H4_no_NB    Ep-Ep_sum   Ep-Sp_sum  
      9.5703           1           0           0           0           0           0      6.8008           0  8.9577e+05       16048
**** Number of members in clusters (global):
N_members:            1           2           3
Count    :        996.9     0.79492     0.50195

Time: 79  N_real(loc): 1000  N_real(glb): 1000  N_all(loc): 1012  N_all(glb): 1012  N_remove(glb): 0  N_escape(glb): 0
Energy:     Error/Total         Error     Error_cum         Total       Kinetic     Potential        Modify  Modify_group Modify_single      Error_PP  Error_PP_cum
Physic:     0.005744215      0.459063      73.06429      79.91745      600.5605      -520.643      249.0747             0             0  0.0006119591    -0.0223479
Slowdown:   0.004774926     0.4591149      73.15713      96.15121      594.5518     -498.4006      825.6648             0             0  3.333009e-06    0.01186988
Angular Momentum:  |L|err: 54.46224  |L|err_cum: 1502.319  L: -672.1602   106.463    1368.356  |L|: 1528.245
C.M.: mass: 526.4074 pos: -3.622802   3.784119    0.9334736 vel: -0.06616243   0.01789428    0.03178298
Tree step number: 1024
**** Wallclock time per step (local): [Min/Max]
 Total       PP_single   PP_cluster  PP_cross    Tree_NB     Tree_Force  Force_corr  Kick        FindCluster CreateGroup MPI_comm    Output      Status      Other      
  0.00097495  8.1153e-06  6.1892e-05           0  0.00015326  0.00072138  6.7837e-06  3.5676e-06  7.3374e-06  1.2856e-05  6.1163e-07  6.7935e-07  5.8213e-09  1.8275e-06
  0.00097498  8.1468e-06  6.1927e-05           0   0.0001521  0.00071719  6.8288e-06  3.5976e-06  7.3697e-06  1.2873e-05  6.4117e-07   6.795e-07  5.8604e-09  1.9029e-06
**** FDPS tree soft force time profile (local):
 Sample_ptcl Domain_deco Ex_ptcl     SetRootCell Make_LT     Make_LET    Make_GT     Make_Group  Make_I_list Calc_force  Write_back 
           0           0           0  3.5664e-06  0.00012089  1.5967e-05  9.4978e-05  1.7163e-06  3.5276e-05  0.00040442  9.2486e-06
**** Tree neighbor time profile (local):
 Sample_ptcl Domain_deco Ex_ptcl     SetRootCell Make_LT     Make_LET    Make_GT     Make_Group  Make_I_list Calc_force  Write_back 
           0           0           0  2.4352e-06  5.2252e-05  8.5136e-06  4.0144e-05  4.2464e-07  6.8788e-06  3.0089e-05  2.5407e-06
**** Number per step (global):
 PP_single   PP_cluster  PP_cross    Cluster     Cross       AR_step_sum
      996.15      3.8457           0      1.6719           0      37.152
 AR_tsyn_sum Stab_Ngroup Iso_Ngroup  Form_Ngroup End_Ngroup  Modf_Ngroup Merg_Ngroup H4_step_sum H4_no_NB    Ep-Ep_sum   Ep-Sp_sum  
       10.15           1           0           0           0           0           0      9.5215           0  8.9619e+05       16422
**** Number of members in clusters (global):
N_members:            1           2           3
Count    :       996.15      1.1699     0.50195

Time: 80  N_real(loc): 1000  N_real(glb): 1000  N_all(loc): 1012  N_all(glb): 1012  N_remove(glb): 0  N_escape(glb): 0
Energy:     Error/Total         Error     Error_cum         Total       Kinetic     Potential        Modify  Modify_group Modify_single      Error_PP  Error_PP_cum
Physic:     0.005037824     0.4033352      73.46763      80.06141      600.7748     -520.7134      248.8153             0             0  0.0001560271   -0.02219188
Slowdown:   0.004192122     0.4037304      73.56086      96.30693      594.7645     -498.4576      841.6505             0             0  3.480539e-06    0.01187336
Angular Momentum:  |L|err: 51.98503  |L|err_cum: 1554.304  L: -707.2308   112.0435    1408.684  |L|: 1580.227
C.M.: mass: 526.4074 pos: -3.674054   3.886953    0.9591419 vel: -0.06624126   0.01848222    0.03147997
Tree step number: 1024
**** Wallclock time per step (local): [Min/Max]
 Total       PP_single   PP_cluster  PP_cross    Tree_NB     Tree_Force  Force_corr  Kick        FindCluster CreateGroup MPI_comm    Output      Status      Other      
  0.00098753  7.8266e-06  7.1853e-05           0  0.00015649  0.00072141  6.6736e-06  3.5262e-06  7.7003e-06  1.2864e-05  6.4015e-07   5.613e-07  5.3418e-09  1.7486e-06
  0.00098756  7.8576e-06  7.1889e-05           0  0.00015528  0.00071697   6.719e-06  3.5562e-06  7.7533e-06  1.2881e-05  6.6979e-07  5.6143e-07  5.3711e-09  1.8254e-06
**** FDPS tree soft force time profile (local):
 Sample_ptcl Domain_deco Ex_ptcl     SetRootCell Make_LT     Make_LET    Make_GT     Make_Group  Make_I_list Calc_force  Write_back 
           0           0           0  4.1577e-06  0.00012236  1.6065e-05   9.802e-05  1.6956e-06  3.5226e-05  0.00039822   9.823e-06
**** Tree neighbor time profile (local):
 Sample_ptcl Domain_deco Ex_ptcl     SetRootCell Make_LT     Make_LET    Make_GT     Make_Group  Make_I_list Calc_force  Write_back 
           0           0           0  1.9309e-06  5.3549e-05  8.7895e-06  4.0968e-05  4.2142e-07  7.1733e-06  3.0569e-05  2.6291e-06
**** Number per step (global):
 PP_single   PP_cluster  PP_cross    Cluster     Cross       AR_step_sum
      995.94      4.0635           0      1.7676           0      42.476
 AR_tsyn_sum Stab_Ngroup Iso_Ngroup  Form_Ngroup End_Ngroup  Modf_Ngroup Merg_Ngroup H4_step_sum H4_no_NB    Ep-Ep_sum   Ep-Sp_sum  
      12.296           1           0   0.0039062   0.0019531           0           0      12.404   0.0039062  8.9927e+05       16537
**** Number of members in clusters (global):
N_members:            1           2           3
Count    :       995.94      1.2393     0.52832

Time: 81  N_real(loc): 1000  N_real(glb): 1000  N_all(loc): 1012  N_all(glb): 1012  N_remove(glb): 0  N_escape(glb): 0
Energy:     Error/Total         Error     Error_cum         Total       Kinetic     Potential        Modify  Modify_group Modify_single      Error_PP  Error_PP_cum
Physic:     0.003130967      0.251747      73.71937      80.40551      601.3654     -520.9599      248.9077             0             0 -0.0002557454   -0.02244762
Slowdown:   0.002610406     0.2523457       73.8132      96.66915       595.351     -498.6819      858.0059             0             0  3.493928e-06    0.01187685
Angular Momentum:  |L|err: 53.08638  |L|err_cum: 1607.39  L: -744.0222   117.8693    1449.22  |L|: 1633.309
C.M.: mass: 526.4074 pos: -3.724001   3.94807    0.9864795 vel: -0.06177867   0.01784799    0.02902459
Tree step number: 1024
**** Wallclock time per step (local): [Min/Max]
 Total       PP_single   PP_cluster  PP_cross    Tree_NB     Tree_Force  Force_corr  Kick        FindCluster CreateGroup MPI_comm    Output      Status      Other      
  0.00098666  7.5952e-06  7.4885e-05           0  0.00015678  0.00071749  6.8461e-06  3.7693e-06  7.1546e-06  1.2874e-05  6.5957e-07  6.6802e-07  7.2012e-09  1.6868e-06
  0.00098669  7.6263e-06  7.4921e-05           0  0.00015554  0.00071298  6.8913e-06  3.7992e-06  7.1876e-06  1.2891e-05  6.8924e-07  6.6815e-07  7.2305e-09  1.7587e-06
**** FDPS tree soft force time profile (local):
 Sample_ptcl Domain_deco Ex_ptcl     SetRootCell Make_LT     Make_LET    Make_GT     Make_Group  Make_I_list Calc_force  Write_back 
           0           0           0  3.7931e-06   0.0001202  1.5956e-05  9.4978e-05  1.6759e-06  3.6559e-05  0.00039974  9.8287e-06
**** Tree neighbor time profile (local):
 Sample_ptcl Domain_deco Ex_ptcl     SetRootCell Make_LT     Make_LET    Make_GT     Make_Group  Make_I_list Calc_force  Write_back 
           0           0           0  1.7072e-06  5.3406e-05  8.6023e-06  4.0249e-05   4.245e-07  7.9196e-06  3.1891e-05  2.7036e-06
**** Number per step (global):
 PP_single   PP_cluster  PP_cross    Cluster     Cross       AR_step_sum
      997.01      2.9863           0      1.1895           0       42.97
 AR_tsyn_sum Stab_Ngroup Iso_Ngroup  Form_Ngroup End_Ngroup  Modf_Ngroup Merg_Ngroup H4_step_sum H4_no_NB    Ep-Ep_sum   Ep-Sp_sum  
      12.621           1           0           0           0           0           0      8.1182           0  9.0161e+05       15968
**** Number of members in clusters (global):
N_members:            1           2           3
Count    :       997.01     0.58203     0.60742

Time: 82  N_real(loc): 1000  N_real(glb): 1000  N_all(loc): 1012  N_all(glb): 1012  N_remove(glb): 0  N_escape(glb): 0
Energy:     Error/Total         Error     Error_cum         Total       Kinetic     Potential        Modify  Modify_group Modify_single      Error_PP  Error_PP_cum
Physic:     0.004021444     0.3251923      74.04457      80.86456       602.311     -521.4464      249.0415             0             0 -0.0002301973   -0.02267782
Slowdown:   0.003354685     0.3259072      74.13911      97.14986       596.291     -499.1411      874.4244             0             0  3.498347e-06    0.01188035
Angular Momentum:  |L|err: 54.21686  |L|err_cum: 1661.607  L: -782.2348   123.89    1490.129  |L|: 1687.52
C.M.: mass: 526.4074 pos: -3.77397   3.982362    1.014961 vel: -0.05808066   0.01614468    0.02562425
Tree step number: 1024
**** Wallclock time per step (local): [Min/Max]
 Total       PP_single   PP_cluster  PP_cross    Tree_NB     Tree_Force  Force_corr  Kick        FindCluster CreateGroup MPI_comm    Output      Status      Other      
   0.0009594  7.4096e-06  7.3893e-05           0   0.0001514  0.00069819  6.6309e-06  3.5239e-06  7.2113e-06  1.2208e-05  5.9023e-07  4.9953e-07   5.127e-09  1.5494e-06
  0.00095943  7.4403e-06   7.393e-05           0  0.00015019  0.00069381  6.6755e-06  3.5537e-06  7.2438e-06  1.2224e-05  6.1984e-07  4.9966e-07  5.1465e-09  1.6165e-06
**** FDPS tree soft force time profile (local):
 Sample_ptcl Domain_deco Ex_ptcl     SetRootCell Make_LT     Make_LET    Make_GT     Make_Group  Make_I_list Calc_force  Write_back 
           0           0           0  4.1151e-06  0.00012007  1.5636e-05  9.3839e-05  1.7028e-06  3.3897e-05  0.00038511  9.5609e-06
**** Tree neighbor time profile (local):
 Sample_ptcl Domain_deco Ex_ptcl     SetRootCell Make_LT     Make_LET    Make_GT     Make_Group  Make_I_list Calc_force  Write_back 
           0           0           0   1.696e-06  5.1802e-05  8.8992e-06  3.9343e-05  4.0727e-07  6.7993e-06  3.0051e-05  2.6278e-06
**** Number per step (global):
 PP_single   PP_cluster  PP_cross    Cluster     Cross       AR_step_sum
      996.44      3.5645           0      1.4775           0      42.955
 AR_tsyn_sum Stab_Ngroup Iso_Ngroup  Form_Ngroup End_Ngroup  Modf_Ngroup Merg_Ngroup H4_step_sum H4_no_NB    Ep-Ep_sum   Ep-Sp_sum  
      12.613           1           0           0           0           0           0      10.838           0  9.0513e+05       16148
**** Number of members in clusters (global):
N_members:            1           2           3
Count    :       996.44     0.86816     0.60938

Time: 83  N_real(loc): 1000  N_real(glb): 1000  N_all(loc): 1012  N_all(glb): 1012  N_remove(glb): 0  N_escape(glb): 0
Energy:     Error/Total         Error     Error_cum         Total       Kinetic     Potential        Modify  Modify_group Modify_single      Error_PP  Error_PP_cum
Physic:     0.004728774     0.3849787      74.42954      81.41194      602.9365     -521.5245      249.2039             0             0 -0.0002433443   -0.02292116
Slowdown:   0.003947598     0.3857652      74.52487      97.72149      596.9097     -499.1882      890.8956             0             0  3.500712e-06    0.01188385
Angular Momentum:  |L|err: 54.99388  |L|err_cum: 1716.601  L: -821.5037   130.0457    1531.19  |L|: 1742.505
C.M.: mass: 526.4074 pos: -3.827214   3.99403    1.034153 vel: -0.0537774   0.009314607    0.02235233
Tree step number: 1024
**** Wallclock time per step (local): [Min/Max]
 Total       PP_single   PP_cluster  PP_cross    Tree_NB     Tree_Force  Force_corr  Kick        FindCluster CreateGroup MPI_comm    Output      Status      Other      
  0.00093561  7.1675e-06  7.3002e-05           0  0.00015021   0.0006771  6.3917e-06   3.412e-06  7.2378e-06  1.2084e-05  6.2338e-07  5.3977e-07   6.165e-09  1.5163e-06
  0.00093564  7.1981e-06  7.3037e-05           0  0.00014892  0.00067304  6.4362e-06  3.4418e-06  7.2701e-06    1.21e-05  6.5299e-07  5.4001e-07  6.1943e-09  1.5804e-06
**** FDPS tree soft force time profile (local):
 Sample_ptcl Domain_deco Ex_ptcl     SetRootCell Make_LT     Make_LET    Make_GT     Make_Group  Make_I_list Calc_force  Write_back 
           0           0           0  3.6114e-06  0.00011867  1.5241e-05  9.3688e-05  1.7324e-06   3.331e-05  0.00036786  8.8954e-06
**** Tree neighbor time profile (local):
 Sample_ptcl Domain_deco Ex_ptcl     SetRootCell Make_LT     Make_LET    Make_GT     Make_Group  Make_I_list Calc_force  Write_back 
           0           0           0  1.6438e-06  5.1953e-05  8.2825e-06  3.9956e-05  3.9042e-07  6.5451e-06  2.8884e-05  2.7657e-06
**** Number per step (global):
 PP_single   PP_cluster  PP_cross    Cluster     Cross       AR_step_sum
      996.23      3.7656           0      1.5771           0      43.028
 AR_tsyn_sum Stab_Ngroup Iso_Ngroup  Form_Ngroup End_Ngroup  Modf_Ngroup Merg_Ngroup H4_step_sum H4_no_NB    Ep-Ep_sum   Ep-Sp_sum  
      12.648           1           0           0           0           0           0      11.632           0  9.0678e+05       18396
**** Number of members in clusters (global):
N_members:            1           2           3
Count    :       996.23     0.96582     0.61133

Time: 84  N_real(loc): 1000  N_real(glb): 1000  N_all(loc): 1012  N_all(glb): 1012  N_remove(glb): 0  N_escape(glb): 0
Energy:     Error/Total         Error     Error_cum         Total       Kinetic     Potential        Modify  Modify_group Modify_single      Error_PP  Error_PP_cum
Physic:       0.0053372     0.4379021      74.86745      82.04715      603.6528     -521.6056      249.4012             0             0  -0.000227611   -0.02314878
Slowdown:   0.004460011     0.4387917      74.96367      98.38353      597.6181     -499.2345      907.4283             0             0  3.484912e-06    0.01188734
Angular Momentum:  |L|err: 55.33381  |L|err_cum: 1771.935  L: -861.4836   136.2805    1572.088  |L|: 1797.829
C.M.: mass: 526.4074 pos: -3.880264   3.980587    1.055761 vel: -0.0536156   0.01243876    0.02005477
Tree step number: 1024
**** Wallclock time per step (local): [Min/Max]
 Total       PP_single   PP_cluster  PP_cross    Tree_NB     Tree_Force  Force_corr  Kick        FindCluster CreateGroup MPI_comm    Output      Status      Other      
  0.00095516  7.8866e-06   7.517e-05           0  0.00015204  0.00068997  6.6469e-06   4.032e-06  7.6075e-06  1.2525e-05  6.0249e-07  6.9973e-07  8.3652e-09  1.6279e-06
  0.00095519  7.9175e-06  7.5207e-05           0  0.00015087  0.00068575  6.6921e-06   4.062e-06  7.6396e-06  1.2542e-05  6.3195e-07  6.9995e-07  8.3945e-09  1.6942e-06
**** FDPS tree soft force time profile (local):
 Sample_ptcl Domain_deco Ex_ptcl     SetRootCell Make_LT     Make_LET    Make_GT     Make_Group  Make_I_list Calc_force  Write_back 
           0           0           0  3.9619e-06  0.00012125  1.5506e-05  9.4372e-05  1.7174e-06  3.5225e-05  0.00037414  9.2163e-06
**** Tree neighbor time profile (local):
 Sample_ptcl Domain_deco Ex_ptcl     SetRootCell Make_LT     Make_LET    Make_GT     Make_Group  Make_I_list Calc_force  Write_back 
           0           0           0  1.8232e-06  5.2487e-05  8.4319e-06  3.9569e-05  4.2229e-07  7.1102e-06  2.9493e-05  2.5681e-06
**** Number per step (global):
 PP_single   PP_cluster  PP_cross    Cluster     Cross       AR_step_sum
      995.54      4.4648           0      1.9258           0      43.146
 AR_tsyn_sum Stab_Ngroup Iso_Ngroup  Form_Ngroup End_Ngroup  Modf_Ngroup Merg_Ngroup H4_step_sum H4_no_NB    Ep-Ep_sum   Ep-Sp_sum  
      12.686           1           0    0.011719   0.0029297           0           0      15.551    0.015625  9.1051e+05       18105
**** Number of members in clusters (global):
N_members:            1           2           3
Count    :       995.54      1.3125     0.61328

Time: 85  N_real(loc): 1000  N_real(glb): 1000  N_all(loc): 1012  N_all(glb): 1012  N_remove(glb): 0  N_escape(glb): 0
Energy:     Error/Total         Error     Error_cum         Total       Kinetic     Potential        Modify  Modify_group Modify_single      Error_PP  Error_PP_cum
Physic:     0.006045581     0.5005805      75.36803      82.80105      605.1691      -522.368      249.6546             0             0 -0.0003012551   -0.02345003
Slowdown:   0.005058016     0.5015938      75.46526      99.16809      599.1249     -499.9568      924.0477             0             0  3.479368e-06    0.01189082
Angular Momentum:  |L|err: 55.17491  |L|err_cum: 1827.109  L: -901.8682   142.5448    1612.418  |L|: 1852.992
C.M.: mass: 526.4074 pos: -3.93703   3.939197    1.080372 vel: -0.05407741   0.006241454    0.02095301
Tree step number: 1024
**** Wallclock time per step (local): [Min/Max]
 Total       PP_single   PP_cluster  PP_cross    Tree_NB     Tree_Force  Force_corr  Kick        FindCluster CreateGroup MPI_comm    Output      Status      Other      
  0.00094029  7.2468e-06  7.2098e-05           0  0.00015178  0.00068142  6.5312e-06  3.4362e-06  6.7323e-06  1.1723e-05  5.7624e-07   5.145e-07  5.7432e-09  1.4883e-06
  0.00094032  7.2773e-06  7.2134e-05           0  0.00015045  0.00067733  6.5753e-06  3.4659e-06  6.7642e-06   1.174e-05  6.0554e-07  5.1504e-07  5.7725e-09  1.5607e-06
**** FDPS tree soft force time profile (local):
 Sample_ptcl Domain_deco Ex_ptcl     SetRootCell Make_LT     Make_LET    Make_GT     Make_Group  Make_I_list Calc_force  Write_back 
           0           0           0  3.4985e-06  0.00011768  1.5348e-05  9.2241e-05  1.7662e-06  3.1794e-05  0.00037597  8.9559e-06
**** Tree neighbor time profile (local):
 Sample_ptcl Domain_deco Ex_ptcl     SetRootCell Make_LT     Make_LET    Make_GT     Make_Group  Make_I_list Calc_force  Write_back 
           0           0           0  1.6376e-06   5.165e-05  8.5286e-06  3.8837e-05  3.8871e-07  7.4658e-06  3.0311e-05  2.8538e-06
**** Number per step (global):
 PP_single   PP_cluster  PP_cross    Cluster     Cross       AR_step_sum
      996.48      3.5186           0      1.4609           0      42.696
 AR_tsyn_sum Stab_Ngroup Iso_Ngroup  Form_Ngroup End_Ngroup  Modf_Ngroup Merg_Ngroup H4_step_sum H4_no_NB    Ep-Ep_sum   Ep-Sp_sum  
       12.47           1           0           0           0           0           0      11.817           0  9.3597e+05       12132
**** Number of members in clusters (global):
N_members:            1           2           3
Count    :       996.48     0.86426     0.59668

Time: 86  N_real(loc): 1000  N_real(glb): 1000  N_all(loc): 1012  N_all(glb): 1012  N_remove(glb): 0  N_escape(glb): 0
Energy:     Error/Total         Error     Error_cum         Total       Kinetic     Potential        Modify  Modify_group Modify_single      Error_PP  Error_PP_cum
Physic:     0.005657588     0.4739027      75.84193      83.76409       605.637     -521.8729      250.1437             0             0 -0.0006069327   -0.02405696
Slowdown:    0.00474349     0.4751496      75.94041      100.1688      599.5805     -499.4117      940.9403             0             0  3.503909e-06    0.01189432
Angular Momentum:  |L|err: 54.84964  |L|err_cum: 1881.959  L: -942.7055   148.8423    1651.956  |L|: 1907.827
C.M.: mass: 526.4074 pos: -3.999428   3.836262    1.109139 vel: -0.05724784   0.006696247    0.02006512
Tree step number: 1024
**** Wallclock time per step (local): [Min/Max]
 Total       PP_single   PP_cluster  PP_cross    Tree_NB     Tree_Force  Force_corr  Kick        FindCluster CreateGroup MPI_comm    Output      Status      Other      
  0.00092087  7.4877e-06  7.2812e-05           0  0.00014957  0.00066372  6.3464e-06  3.5392e-06  7.0635e-06  1.1469e-05  5.8282e-07  5.2862e-07  7.4854e-09   1.509e-06
  0.00092092  7.5185e-06  7.2847e-05           0  0.00014838  0.00065947  6.3915e-06  3.5689e-06  7.0963e-06  1.1486e-05  6.1223e-07  5.2916e-07  7.5146e-09  1.5966e-06
**** FDPS tree soft force time profile (local):
 Sample_ptcl Domain_deco Ex_ptcl     SetRootCell Make_LT     Make_LET    Make_GT     Make_Group  Make_I_list Calc_force  Write_back 
           0           0           0  3.7955e-06  0.00011923  1.5052e-05  9.2269e-05  1.6681e-06  3.1878e-05  0.00035676  9.2254e-06
**** Tree neighbor time profile (local):
 Sample_ptcl Domain_deco Ex_ptcl     SetRootCell Make_LT     Make_LET    Make_GT     Make_Group  Make_I_list Calc_force  Write_back 
           0           0           0  1.7921e-06   5.164e-05  8.4381e-06  3.9497e-05  3.3835e-07  7.6305e-06  2.7796e-05  2.5725e-06
**** Number per step (global):
 PP_single   PP_cluster  PP_cross    Cluster     Cross       AR_step_sum
      996.03      3.9688           0      1.7207           0      42.134
 AR_tsyn_sum Stab_Ngroup Iso_Ngroup  Form_Ngroup End_Ngroup  Modf_Ngroup Merg_Ngroup H4_step_sum H4_no_NB    Ep-Ep_sum   Ep-Sp_sum  
      12.155           1           0           0           0           0           0      11.397           0  9.3773e+05       12061
**** Number of members in clusters (global):
N_members:            1           2           3
Count    :       996.03      1.1934     0.52734

Time: 87  N_real(loc): 1000  N_real(glb): 1000  N_all(loc): 1012  N_all(glb): 1012  N_remove(glb): 0  N_escape(glb): 0
Energy:     Error/Total         Error     Error_cum         Total       Kinetic     Potential        Modify  Modify_group Modify_single      Error_PP  Error_PP_cum
Physic:     0.005570275     0.4738711       76.3158      85.07141      607.9808     -522.9094      250.9772             0             0 -0.0009674188   -0.02502438
Slowdown:   0.004683646     0.4755094      76.41592      101.5255      601.9077     -500.3822      958.2262             0             0   3.28582e-06    0.01189761
Angular Momentum:  |L|err: 59.03833  |L|err_cum: 1940.997  L: -987.4223   155.6939    1693.886  |L|: 1966.849
C.M.: mass: 526.4074 pos: -4.072903   3.656947    1.139861 vel: -0.06323022   0.0002087467    0.01799128
Tree step number: 1024
**** Wallclock time per step (local): [Min/Max]
 Total       PP_single   PP_cluster  PP_cross    Tree_NB     Tree_Force  Force_corr  Kick        FindCluster CreateGroup MPI_comm    Output      Status      Other      
  0.00087935  7.0289e-06  6.2095e-05           0  0.00014634  0.00063644  6.7129e-06   3.315e-06  6.7845e-06  1.1654e-05    7.13e-07   5.364e-07   8.209e-09  1.4351e-06
  0.00087938  7.0595e-06   6.213e-05           0  0.00014482  0.00063254  6.7579e-06  3.3447e-06  6.8167e-06   1.167e-05  7.4228e-07  5.3658e-07  8.2383e-09  1.4973e-06
**** FDPS tree soft force time profile (local):
 Sample_ptcl Domain_deco Ex_ptcl     SetRootCell Make_LT     Make_LET    Make_GT     Make_Group  Make_I_list Calc_force  Write_back 
           0           0           0  3.5034e-06  0.00011768  1.5367e-05  9.2996e-05  1.7071e-06  3.1084e-05  0.00033131  8.5354e-06
**** Tree neighbor time profile (local):
 Sample_ptcl Domain_deco Ex_ptcl     SetRootCell Make_LT     Make_LET    Make_GT     Make_Group  Make_I_list Calc_force  Write_back 
           0           0           0   1.632e-06  5.0823e-05  8.3476e-06  3.9246e-05   3.282e-07  7.8618e-06  2.4907e-05  3.2384e-06
**** Number per step (global):
 PP_single   PP_cluster  PP_cross    Cluster     Cross       AR_step_sum
      996.42       3.584           0      1.5273           0      36.658
 AR_tsyn_sum Stab_Ngroup Iso_Ngroup  Form_Ngroup End_Ngroup  Modf_Ngroup Merg_Ngroup H4_step_sum H4_no_NB    Ep-Ep_sum   Ep-Sp_sum  
      10.051           1           0           0           0           0           0      9.0342           0  9.4603e+05      9274.6
**** Number of members in clusters (global):
N_members:            1           2           3
Count    :       996.42     0.99805      0.5293

Time: 88  N_real(loc): 1000  N_real(glb): 1000  N_all(loc): 1012  N_all(glb): 1012  N_remove(glb): 0  N_escape(glb): 0
Energy:     Error/Total         Error     Error_cum         Total       Kinetic     Potential        Modify  Modify_group Modify_single      Error_PP  Error_PP_cum
Physic:      0.00558455     0.4820628      76.79786      86.32079      612.5108       -526.19      251.7445             0             0 -0.0009147905   -0.02593917
Slowdown:   0.004703495     0.4836218      76.89954      102.8218      606.4227     -503.6009      975.4929             0             0  2.229853e-06    0.01189984
Angular Momentum:  |L|err: 74.24319  |L|err_cum: 2015.241  L: -1042.996   164.1728    1746.761  |L|: 2041.07
C.M.: mass: 526.4074 pos: -4.14034   3.556268    1.166269 vel: -0.06792875   -0.007042184    0.02377659
Tree step number: 1024
**** Wallclock time per step (local): [Min/Max]
 Total       PP_single   PP_cluster  PP_cross    Tree_NB     Tree_Force  Force_corr  Kick        FindCluster CreateGroup MPI_comm    Output      Status      Other      
  0.00087556  7.4565e-06  6.4771e-05           0  0.00014571  0.00062938  6.4049e-06  3.3151e-06   7.555e-06  1.1712e-05  5.9549e-07   5.688e-07  1.0899e-08  1.7009e-06
  0.00087559  7.4872e-06  6.4806e-05           0   0.0001444  0.00062525  6.4496e-06  3.3448e-06  7.5871e-06  1.1728e-05  6.2489e-07  5.6902e-07  1.0929e-08  1.7625e-06
**** FDPS tree soft force time profile (local):
 Sample_ptcl Domain_deco Ex_ptcl     SetRootCell Make_LT     Make_LET    Make_GT     Make_Group  Make_I_list Calc_force  Write_back 
           0           0           0  4.2649e-06  0.00011932  1.5349e-05  9.3553e-05  1.9928e-06  3.1754e-05  0.00032196  8.9946e-06
**** Tree neighbor time profile (local):
 Sample_ptcl Domain_deco Ex_ptcl     SetRootCell Make_LT     Make_LET    Make_GT     Make_Group  Make_I_list Calc_force  Write_back 
           0           0           0  1.6481e-06  5.1533e-05  8.1007e-06  3.8837e-05  3.2601e-07  8.1425e-06  2.4428e-05  2.8572e-06
**** Number per step (global):
 PP_single   PP_cluster  PP_cross    Cluster     Cross       AR_step_sum
      995.81      4.1934           0      1.8291           0      37.235
 AR_tsyn_sum Stab_Ngroup Iso_Ngroup  Form_Ngroup End_Ngroup  Modf_Ngroup Merg_Ngroup H4_step_sum H4_no_NB    Ep-Ep_sum   Ep-Sp_sum  
       10.23           1           0           0           0           0           0      12.769           0  9.5161e+05      8187.1
**** Number of members in clusters (global):
N_members:            1           2           3
Count    :       995.81      1.2939     0.53516

Time: 89  N_real(loc): 1000  N_real(glb): 1000  N_all(loc): 1012  N_all(glb): 1012  N_remove(glb): 0  N_escape(glb): 0
Energy:     Error/Total         Error     Error_cum         Total       Kinetic     Potential        Modify  Modify_group Modify_single      Error_PP  Error_PP_cum
Physic:     0.005856051     0.5093058      77.30717      86.97085      611.6156     -524.6447      251.8852             0             0 -0.0001926072   -0.02613178
Slowdown:   0.004929147     0.5101543      77.40969      103.4975      605.5209     -502.0235      992.1595             0             0  2.288349e-06    0.01190212
Angular Momentum:  |L|err: 81.70487  |L|err_cum: 2096.945  L: -1103.039   173.3045    1805.365  |L|: 2122.752
C.M.: mass: 526.4074 pos: -4.193487   3.625789    1.190434 vel: -0.06744056   -0.01445794    0.0323222
Tree step number: 1024
**** Wallclock time per step (local): [Min/Max]
 Total       PP_single   PP_cluster  PP_cross    Tree_NB     Tree_Force  Force_corr  Kick        FindCluster CreateGroup MPI_comm    Output      Status      Other      
  0.00097182  7.6878e-06  6.8288e-05           0  0.00016006  0.00070581  6.9194e-06  3.8322e-06  7.6735e-06  1.2413e-05   6.284e-07   5.038e-07  5.1465e-09  1.6695e-06
  0.00097185  7.7194e-06  6.8326e-05           0   0.0001588  0.00070149  6.9658e-06   3.865e-06  7.7072e-06   1.243e-05  6.5819e-07  5.0405e-07  5.1758e-09  1.7344e-06
**** FDPS tree soft force time profile (local):
 Sample_ptcl Domain_deco Ex_ptcl     SetRootCell Make_LT     Make_LET    Make_GT     Make_Group  Make_I_list Calc_force  Write_back 
           0           0           0  4.4886e-06   0.0001239   1.656e-05  9.4906e-05  1.4458e-06  2.7619e-05  0.00039353  9.4356e-06
**** Tree neighbor time profile (local):
 Sample_ptcl Domain_deco Ex_ptcl     SetRootCell Make_LT     Make_LET    Make_GT     Make_Group  Make_I_list Calc_force  Write_back 
           0           0           0  1.7882e-06  5.3433e-05    8.66e-06  4.0888e-05  2.4786e-07  8.3046e-06  3.3655e-05   2.735e-06
**** Number per step (global):
 PP_single   PP_cluster  PP_cross    Cluster     Cross       AR_step_sum
      995.73      4.2676           0      1.8057           0      37.895
 AR_tsyn_sum Stab_Ngroup Iso_Ngroup  Form_Ngroup End_Ngroup  Modf_Ngroup Merg_Ngroup H4_step_sum H4_no_NB    Ep-Ep_sum   Ep-Sp_sum  
      10.461           1           0   0.0058594  0.00097656           0           0      12.365     0.03125  9.7607e+05      3002.8
**** Number of members in clusters (global):
N_members:            1           2           3
Count    :       995.73      1.1494     0.65625

Time: 90  N_real(loc): 1000  N_real(glb): 1000  N_all(loc): 1012  N_all(glb): 1012  N_remove(glb): 0  N_escape(glb): 0
Energy:     Error/Total         Error     Error_cum         Total       Kinetic     Potential        Modify  Modify_group Modify_single      Error_PP  Error_PP_cum
Physic:     0.005945463     0.5176408      77.82481      87.06484      612.0925     -525.0277      251.4616             0             0  0.0004602439   -0.02567154
Slowdown:   0.004998589     0.5178417      77.92754      103.5976      605.9985     -502.4009      1008.268             0             0  2.805683e-06    0.01190493
Angular Momentum:  |L|err: 75.31872  |L|err_cum: 2172.264  L: -1157.932   181.6223    1859.469  |L|: 2198.049
C.M.: mass: 526.4074 pos: -4.238792   3.851134    1.215608 vel: -0.06727071   -0.0007627183    0.03299683
Tree step number: 1024
**** Wallclock time per step (local): [Min/Max]
 Total       PP_single   PP_cluster  PP_cross    Tree_NB     Tree_Force  Force_corr  Kick        FindCluster CreateGroup MPI_comm    Output      Status      Other      
  0.00095424  7.2621e-06  6.4238e-05           0  0.00015126  0.00070293  6.5369e-06  3.7491e-06  6.8813e-06  1.1863e-05  6.2284e-07  8.3093e-07  6.6729e-09  1.6272e-06
  0.00095427  7.2923e-06  6.4273e-05           0  0.00015006  0.00069875  6.5815e-06  3.7798e-06  6.9143e-06  1.1879e-05  6.5261e-07  8.3113e-07  6.7021e-09  1.6968e-06
**** FDPS tree soft force time profile (local):
 Sample_ptcl Domain_deco Ex_ptcl     SetRootCell Make_LT     Make_LET    Make_GT     Make_Group  Make_I_list Calc_force  Write_back 
           0           0           0  4.8225e-06  0.00011824  1.5302e-05  9.2113e-05  1.4212e-06  2.6859e-05  0.00040225  9.1336e-06
**** Tree neighbor time profile (local):
 Sample_ptcl Domain_deco Ex_ptcl     SetRootCell Make_LT     Make_LET    Make_GT     Make_Group  Make_I_list Calc_force  Write_back 
           0           0           0  1.6753e-06  5.1477e-05  8.4365e-06  3.9251e-05  3.0068e-07  7.3897e-06  2.9938e-05  2.5994e-06
**** Number per step (global):
 PP_single   PP_cluster  PP_cross    Cluster     Cross       AR_step_sum
      996.49      3.5078           0      1.4814           0      37.272
 AR_tsyn_sum Stab_Ngroup Iso_Ngroup  Form_Ngroup End_Ngroup  Modf_Ngroup Merg_Ngroup H4_step_sum H4_no_NB    Ep-Ep_sum   Ep-Sp_sum  
      10.279           1           0           0           0           0           0      10.336   0.0019531  9.6163e+05      4534.9
**** Number of members in clusters (global):
N_members:            1           2           3
Count    :       996.49     0.93652     0.54492

Time: 91  N_real(loc): 1000  N_real(glb): 1000  N_all(loc): 1012  N_all(glb): 1012  N_remove(glb): 0  N_escape(glb): 0
Energy:     Error/Total         Error     Error_cum         Total       Kinetic     Potential        Modify  Modify_group Modify_single      Error_PP  Error_PP_cum
Physic:      0.00608768     0.5307441      78.35555      87.18331      614.8533       -527.67      251.0493             0             0  0.0004634301   -0.02520811
Slowdown:   0.005119038     0.5309604       78.4585      103.7227       608.759     -505.0363      1024.395             0             0  3.446293e-06    0.01190838
Angular Momentum:  |L|err: 65.85726  |L|err_cum: 2238.121  L: -1206.502   188.9404    1906.262  |L|: 2263.886
C.M.: mass: 526.4074 pos: -4.289388   4.071379    1.242353 vel: -0.06380219   0.00686101    0.02868771
Tree step number: 1024
**** Wallclock time per step (local): [Min/Max]
 Total       PP_single   PP_cluster  PP_cross    Tree_NB     Tree_Force  Force_corr  Kick        FindCluster CreateGroup MPI_comm    Output      Status      Other      
  0.00097565  7.5422e-06  6.9228e-05           0  0.00014894  0.00072111   6.567e-06  3.5142e-06  7.3651e-06   1.249e-05  6.4536e-07  5.1128e-07  5.8701e-09  1.9741e-06
  0.00097568  7.5727e-06  6.9263e-05           0  0.00014777  0.00071618  6.6118e-06  3.5442e-06  7.3977e-06  1.2506e-05  6.7493e-07  5.1151e-07  5.8994e-09  2.0504e-06
**** FDPS tree soft force time profile (local):
 Sample_ptcl Domain_deco Ex_ptcl     SetRootCell Make_LT     Make_LET    Make_GT     Make_Group  Make_I_list Calc_force  Write_back 
           0           0           0  3.8369e-06  0.00011871  1.6042e-05   9.348e-05  1.4367e-06  3.0123e-05  0.00041093  1.0654e-05
**** Tree neighbor time profile (local):
 Sample_ptcl Domain_deco Ex_ptcl     SetRootCell Make_LT     Make_LET    Make_GT     Make_Group  Make_I_list Calc_force  Write_back 
           0           0           0  1.7701e-06  5.1776e-05  8.3851e-06  3.9327e-05  3.4481e-07  6.7523e-06  2.5535e-05  2.5477e-06
**** Number per step (global):
 PP_single   PP_cluster  PP_cross    Cluster     Cross       AR_step_sum
      995.79      4.2119           0      1.8018           0      39.105
 AR_tsyn_sum Stab_Ngroup Iso_Ngroup  Form_Ngroup End_Ngroup  Modf_Ngroup Merg_Ngroup H4_step_sum H4_no_NB    Ep-Ep_sum   Ep-Sp_sum  
      10.964           1           0           0           0           0           0      11.347           0  9.4573e+05      6344.7
**** Number of members in clusters (global):
N_members:            1           2           3
Count    :       995.79      1.1934      0.6084

Time: 92  N_real(loc): 1000  N_real(glb): 1000  N_all(loc): 1012  N_all(glb): 1012  N_remove(glb): 0  N_escape(glb): 0
Energy:     Error/Total         Error     Error_cum         Total       Kinetic     Potential        Modify  Modify_group Modify_single      Error_PP  Error_PP_cum
Physic:     0.005990433     0.5244087      78.87996      87.54104      612.9179     -525.3769      250.8826             0             0  0.0001990456   -0.02500906
Slowdown:    0.00504223     0.5248679      78.98336      104.0944      606.8203     -502.7259      1040.781             0             0  3.482563e-06    0.01191186
Angular Momentum:  |L|err: 64.12803  |L|err_cum: 2302.249  L: -1254.6   196.1437    1951.168  |L|: 2327.993
C.M.: mass: 526.4074 pos: -4.354838   4.169775    1.268399 vel: -0.07323647   0.009878784    0.03436875
Tree step number: 1024
**** Wallclock time per step (local): [Min/Max]
 Total       PP_single   PP_cluster  PP_cross    Tree_NB     Tree_Force  Force_corr  Kick        FindCluster CreateGroup MPI_comm    Output      Status      Other      
   0.0010157  7.7737e-06  7.6325e-05           0  0.00015708  0.00074294  6.6514e-06  3.6642e-06  9.2338e-06  1.2618e-05  7.1865e-07  8.9023e-07  5.0488e-09  1.6135e-06
   0.0010157  7.8047e-06  7.6362e-05           0  0.00015579  0.00073858  6.6965e-06   3.694e-06  9.2674e-06  1.2635e-05  7.4834e-07  8.9047e-07  5.0781e-09   1.692e-06
**** FDPS tree soft force time profile (local):
 Sample_ptcl Domain_deco Ex_ptcl     SetRootCell Make_LT     Make_LET    Make_GT     Make_Group  Make_I_list Calc_force  Write_back 
           0           0           0  3.7361e-06   0.0001225  1.6291e-05  9.3964e-05  1.5108e-06  3.0737e-05  0.00042689  9.5594e-06
**** Tree neighbor time profile (local):
 Sample_ptcl Domain_deco Ex_ptcl     SetRootCell Make_LT     Make_LET    Make_GT     Make_Group  Make_I_list Calc_force  Write_back 
           0           0           0  1.7206e-06   5.258e-05  8.5208e-06  4.0098e-05  3.5083e-07  6.8179e-06  2.9532e-05  2.7809e-06
**** Number per step (global):
 PP_single   PP_cluster  PP_cross    Cluster     Cross       AR_step_sum
      992.78      7.2217           0      3.2314           0      42.998
 AR_tsyn_sum Stab_Ngroup Iso_Ngroup  Form_Ngroup End_Ngroup  Modf_Ngroup Merg_Ngroup H4_step_sum H4_no_NB    Ep-Ep_sum   Ep-Sp_sum  
      12.534           1           0    0.010742   0.0029297           0           0      29.737   0.0039062  9.4263e+05      7487.5
**** Number of members in clusters (global):
N_members:            1           2           3
Count    :       992.78      2.4727     0.75879

Time: 93  N_real(loc): 1000  N_real(glb): 1000  N_all(loc): 1012  N_all(glb): 1012  N_remove(glb): 0  N_escape(glb): 0
Energy:     Error/Total         Error     Error_cum         Total       Kinetic     Potential        Modify  Modify_group Modify_single      Error_PP  Error_PP_cum
Physic:     0.004062163     0.3576822      79.23765      88.05215      612.4593     -524.4071       251.036             0             0  -0.000227108   -0.02523617
Slowdown:   0.003424811     0.3583186      79.34168      104.6243      606.3564      -501.732      1057.506             0             0  3.515886e-06    0.01191537
Angular Momentum:  |L|err: 64.77759  |L|err_cum: 2367.027  L: -1303.764   203.4658    1996.008  |L|: 2392.749
C.M.: mass: 526.4074 pos: -4.413221   4.209762    1.299771 vel: -0.06354554   0.01726811    0.02708338
Tree step number: 1024
**** Wallclock time per step (local): [Min/Max]
 Total       PP_single   PP_cluster  PP_cross    Tree_NB     Tree_Force  Force_corr  Kick        FindCluster CreateGroup MPI_comm    Output      Status      Other      
   0.0010643  7.5664e-06  7.5913e-05           0  0.00015662  0.00079323  6.8102e-06  3.5173e-06  8.5526e-06  1.2511e-05  6.5455e-07  5.3647e-07  5.0967e-09  1.6037e-06
   0.0010644   7.597e-06   7.595e-05           0  0.00015516  0.00078906  6.8549e-06  3.5472e-06   8.585e-06  1.2527e-05  6.9695e-07  5.3657e-07   5.127e-09  1.6825e-06
**** FDPS tree soft force time profile (local):
 Sample_ptcl Domain_deco Ex_ptcl     SetRootCell Make_LT     Make_LET    Make_GT     Make_Group  Make_I_list Calc_force  Write_back 
           0           0           0  3.9134e-06  0.00012119  1.5883e-05  9.5836e-05  1.8013e-06  3.8055e-05  0.00047118  9.1912e-06
**** Tree neighbor time profile (local):
 Sample_ptcl Domain_deco Ex_ptcl     SetRootCell Make_LT     Make_LET    Make_GT     Make_Group  Make_I_list Calc_force  Write_back 
           0           0           0  1.6517e-06  5.2633e-05  8.6535e-06  3.9862e-05  4.2548e-07  8.1553e-06  2.9822e-05  3.1327e-06
**** Number per step (global):
 PP_single   PP_cluster  PP_cross    Cluster     Cross       AR_step_sum
      993.42      6.5811           0      2.8398           0      43.251
 AR_tsyn_sum Stab_Ngroup Iso_Ngroup  Form_Ngroup End_Ngroup  Modf_Ngroup Merg_Ngroup H4_step_sum H4_no_NB    Ep-Ep_sum   Ep-Sp_sum  
      12.741           1           0           0           0           0           0      25.108           0  9.1607e+05       11768
**** Number of members in clusters (global):
N_members:            1           2           3           4
Count    :       993.42       1.999     0.78027    0.060547

Time: 94  N_real(loc): 1000  N_real(glb): 1000  N_all(loc): 1012  N_all(glb): 1012  N_remove(glb): 0  N_escape(glb): 0
Energy:     Error/Total         Error     Error_cum         Total       Kinetic     Potential        Modify  Modify_group Modify_single      Error_PP  Error_PP_cum
Physic:      0.00434238     0.3850009      79.62265      88.66126      612.2642     -523.6029      251.2602             0             0 -0.0002807096   -0.02551688
Slowdown:   0.003664768     0.3857364      79.72742      105.2554      606.1547     -500.8994      1074.324             0             0  3.517773e-06    0.01191889
Angular Momentum:  |L|err: 65.65726  |L|err_cum: 2432.684  L: -1354.04   210.9142    2041.013  |L|: 2458.383
C.M.: mass: 526.4074 pos: -4.482304   4.236942    1.317977 vel: -0.07253836   0.02205221    0.02503874
Tree step number: 1024
**** Wallclock time per step (local): [Min/Max]
 Total       PP_single   PP_cluster  PP_cross    Tree_NB     Tree_Force  Force_corr  Kick        FindCluster CreateGroup MPI_comm    Output      Status      Other      
   0.0011103  7.8943e-06  7.7322e-05           0  0.00015843  0.00083569  7.0714e-06  3.4394e-06  8.3231e-06  1.2981e-05  6.5269e-07  5.0394e-07  5.0684e-09  1.6619e-06
   0.0011104  7.9251e-06  7.7359e-05           0  0.00015728  0.00083132  7.1161e-06  3.4692e-06  8.3556e-06  1.2997e-05  6.8241e-07  5.0405e-07  5.0977e-09  1.7456e-06
**** FDPS tree soft force time profile (local):
 Sample_ptcl Domain_deco Ex_ptcl     SetRootCell Make_LT     Make_LET    Make_GT     Make_Group  Make_I_list Calc_force  Write_back 
           0           0           0  4.0042e-06  0.00012068  1.5991e-05  9.4588e-05  2.0568e-06  4.7563e-05  0.00050284  9.6325e-06
**** Tree neighbor time profile (local):
 Sample_ptcl Domain_deco Ex_ptcl     SetRootCell Make_LT     Make_LET    Make_GT     Make_Group  Make_I_list Calc_force  Write_back 
           0           0           0  2.0851e-06  5.2676e-05  8.8111e-06  4.0607e-05   4.964e-07  8.7463e-06  2.8389e-05  2.5094e-06
**** Number per step (global):
 PP_single   PP_cluster  PP_cross    Cluster     Cross       AR_step_sum
      994.75        5.25           0      2.3018           0      43.494
 AR_tsyn_sum Stab_Ngroup Iso_Ngroup  Form_Ngroup End_Ngroup  Modf_Ngroup Merg_Ngroup H4_step_sum H4_no_NB    Ep-Ep_sum   Ep-Sp_sum  
        12.9           1           0           0           0           0           0      17.854           0  8.8967e+05       15990
**** Number of members in clusters (global):
N_members:            1           2           3
Count    :       994.75      1.6553     0.64648

Time: 95  N_real(loc): 1000  N_real(glb): 1000  N_all(loc): 1012  N_all(glb): 1012  N_remove(glb): 0  N_escape(glb): 0
Energy:     Error/Total         Error     Error_cum         Total       Kinetic     Potential        Modify  Modify_group Modify_single      Error_PP  Error_PP_cum
Physic:     0.004785298     0.4275277      80.05017      89.34192      612.4737     -523.1318      251.5133             0             0 -0.0002855435   -0.02580242
Slowdown:   0.004042409     0.4283337      80.15575        105.96      606.3569     -500.3969      1091.194             0             0  3.508209e-06     0.0119224
Angular Momentum:  |L|err: 66.41788  |L|err_cum: 2499.102  L: -1405.277   218.4662    2086.136  |L|: 2524.776
C.M.: mass: 526.4074 pos: -4.544435   4.254732    1.343326 vel: -0.06496801   0.02402168    0.02131743
Tree step number: 1024
**** Wallclock time per step (local): [Min/Max]
 Total       PP_single   PP_cluster  PP_cross    Tree_NB     Tree_Force  Force_corr  Kick        FindCluster CreateGroup MPI_comm    Output      Status      Other      
   0.0011934  7.8337e-06  7.7276e-05           0  0.00016177  0.00091391  6.8281e-06  3.6941e-06   9.323e-06  1.3241e-05   6.352e-07  8.0857e-07  1.2603e-08  1.5986e-06
   0.0011934  7.8647e-06  7.7312e-05           0   0.0001606  0.00090962  6.8729e-06  3.7238e-06  9.3557e-06  1.3258e-05  6.6494e-07  8.0879e-07  1.2632e-08  1.6869e-06
**** FDPS tree soft force time profile (local):
 Sample_ptcl Domain_deco Ex_ptcl     SetRootCell Make_LT     Make_LET    Make_GT     Make_Group  Make_I_list Calc_force  Write_back 
           0           0           0  3.7314e-06  0.00012183   1.611e-05  9.4065e-05  1.8307e-06  4.6182e-05   0.0005784   9.456e-06
**** Tree neighbor time profile (local):
 Sample_ptcl Domain_deco Ex_ptcl     SetRootCell Make_LT     Make_LET    Make_GT     Make_Group  Make_I_list Calc_force  Write_back 
           0           0           0  1.8097e-06  5.2866e-05  9.2236e-06  3.9817e-05   5.003e-07  8.6675e-06  2.8794e-05  2.5644e-06
**** Number per step (global):
 PP_single   PP_cluster  PP_cross    Cluster     Cross       AR_step_sum
      994.06      5.9355           0       2.333           0      43.796
 AR_tsyn_sum Stab_Ngroup Iso_Ngroup  Form_Ngroup End_Ngroup  Modf_Ngroup Merg_Ngroup H4_step_sum H4_no_NB    Ep-Ep_sum   Ep-Sp_sum  
      13.025           1           0   0.0058594  0.00097656           0           0       24.52           0  8.8768e+05       16878
**** Number of members in clusters (global):
N_members:            1           2           3           4
Count    :       994.06      1.2646     0.86719     0.20117

Time: 96  N_real(loc): 1000  N_real(glb): 1000  N_all(loc): 1012  N_all(glb): 1012  N_remove(glb): 0  N_escape(glb): 0
Energy:     Error/Total         Error     Error_cum         Total       Kinetic     Potential        Modify  Modify_group Modify_single      Error_PP  Error_PP_cum
Physic:       0.0050856     0.4581235       80.5083      90.08249        611.18     -521.0975      251.7957             0             0 -0.0002965355   -0.02609896
Slowdown:   0.004300633     0.4589909      80.61474      106.7264       605.055     -498.3286       1108.12             0             0  3.521255e-06    0.01192592
Angular Momentum:  |L|err: 66.9841  |L|err_cum: 2566.086  L: -1457.294   226.0942    2131.26  |L|: 2591.735
C.M.: mass: 526.4074 pos: -4.604833   4.257848    1.354912 vel: -0.06250332   0.02609881    0.01431672
Tree step number: 1024
**** Wallclock time per step (local): [Min/Max]
 Total       PP_single   PP_cluster  PP_cross    Tree_NB     Tree_Force  Force_corr  Kick        FindCluster CreateGroup MPI_comm    Output      Status      Other      
   0.0012598  8.0819e-06    7.86e-05           0  0.00016917  0.00097211  7.2167e-06  3.6649e-06  8.9922e-06  1.3167e-05  6.8218e-07  4.8969e-07  5.3516e-09  1.7251e-06
   0.0012598  8.1128e-06  7.8636e-05           0  0.00016794  0.00096708  7.2619e-06   3.695e-06  9.0253e-06  1.3183e-05  7.1165e-07  4.8984e-07  5.3809e-09  1.8155e-06
**** FDPS tree soft force time profile (local):
 Sample_ptcl Domain_deco Ex_ptcl     SetRootCell Make_LT     Make_LET    Make_GT     Make_Group  Make_I_list Calc_force  Write_back 
           0           0           0  3.7925e-06  0.00012261  1.6864e-05  9.5323e-05  1.9323e-06  4.7869e-05  0.00062768  1.1033e-05
**** Tree neighbor time profile (local):
 Sample_ptcl Domain_deco Ex_ptcl     SetRootCell Make_LT     Make_LET    Make_GT     Make_Group  Make_I_list Calc_force  Write_back 
           0           0           0  1.6649e-06  5.4005e-05  9.0106e-06  4.1275e-05  5.0956e-07  9.4694e-06  3.0403e-05  2.6663e-06
**** Number per step (global):
 PP_single   PP_cluster  PP_cross    Cluster     Cross       AR_step_sum
      994.53      5.4727           0      2.4121           0      43.495
 AR_tsyn_sum Stab_Ngroup Iso_Ngroup  Form_Ngroup End_Ngroup  Modf_Ngroup Merg_Ngroup H4_step_sum H4_no_NB    Ep-Ep_sum   Ep-Sp_sum  
      12.894           1           0   0.0068359  0.00097656           0           0      17.593   0.0097656  8.6949e+05       20820
**** Number of members in clusters (global):
N_members:            1           2           3
Count    :       994.53      1.7637     0.64844

Time: 97  N_real(loc): 1000  N_real(glb): 1000  N_all(loc): 1012  N_all(glb): 1012  N_remove(glb): 0  N_escape(glb): 0
Energy:     Error/Total         Error     Error_cum         Total       Kinetic     Potential        Modify  Modify_group Modify_single      Error_PP  Error_PP_cum
Physic:     0.005451483       0.49543      81.00373      90.87986      611.7256     -520.8457      252.0977             0             0 -0.0002949662   -0.02639392
Slowdown:   0.004615058     0.4963547       81.1111      107.5511      605.5917     -498.0406      1125.092             0             0  3.524026e-06    0.01192945
Angular Momentum:  |L|err: 67.35874  |L|err_cum: 2633.445  L: -1509.91   233.772    2176.274  |L|: 2659.068
C.M.: mass: 526.4074 pos: -4.674588   4.25053    1.36188 vel: -0.06789817   0.02437169    0.01078954
Tree step number: 1024
**** Wallclock time per step (local): [Min/Max]
 Total       PP_single   PP_cluster  PP_cross    Tree_NB     Tree_Force  Force_corr  Kick        FindCluster CreateGroup MPI_comm    Output      Status      Other      
   0.0012051  8.2538e-06  7.7202e-05           0  0.00016241  0.00092642  7.0437e-06   3.559e-06  8.0989e-06  1.2926e-05   6.814e-07  4.8037e-07  5.2344e-09  1.7739e-06
   0.0012051  8.2843e-06  7.7237e-05           0   0.0001611  0.00092198  7.0884e-06  3.5887e-06  8.1312e-06  1.2942e-05  7.1069e-07   4.805e-07  5.2637e-09  1.8615e-06
**** FDPS tree soft force time profile (local):
 Sample_ptcl Domain_deco Ex_ptcl     SetRootCell Make_LT     Make_LET    Make_GT     Make_Group  Make_I_list Calc_force  Write_back 
           0           0           0  3.9079e-06  0.00012188   1.616e-05  9.4883e-05  1.9994e-06  4.6882e-05  0.00058858  9.8734e-06
**** Tree neighbor time profile (local):
 Sample_ptcl Domain_deco Ex_ptcl     SetRootCell Make_LT     Make_LET    Make_GT     Make_Group  Make_I_list Calc_force  Write_back 
           0           0           0   1.785e-06  5.3621e-05   8.646e-06  3.9037e-05  4.8185e-07  8.7887e-06  2.9738e-05  2.8278e-06
**** Number per step (global):
 PP_single   PP_cluster  PP_cross    Cluster     Cross       AR_step_sum
      994.81      5.1914           0      2.2607           0      43.601
 AR_tsyn_sum Stab_Ngroup Iso_Ngroup  Form_Ngroup End_Ngroup  Modf_Ngroup Merg_Ngroup H4_step_sum H4_no_NB    Ep-Ep_sum   Ep-Sp_sum  
      12.974           1           0           0           0           0           0      16.539           0  8.6699e+05       20876
**** Number of members in clusters (global):
N_members:            1           2           3
Count    :       994.81      1.5908     0.66992

Time: 98  N_real(loc): 1000  N_real(glb): 1000  N_all(loc): 1012  N_all(glb): 1012  N_remove(glb): 0  N_escape(glb): 0
Energy:     Error/Total         Error     Error_cum         Total       Kinetic     Potential        Modify  Modify_group Modify_single      Error_PP  Error_PP_cum
Physic:     0.005677494     0.5208413      81.52457      91.73789      611.8075     -520.0696      252.4349             0             0 -0.0003114329   -0.02670536
Slowdown:   0.004812185     0.5218254      81.63292      108.4383      605.6641     -497.2257      1142.129             0             0  3.524749e-06    0.01193297
Angular Momentum:  |L|err: 67.5618  |L|err_cum: 2701.007  L: -1562.967   241.4765    2221.079  |L|: 2726.604
C.M.: mass: 526.4074 pos: -4.738088   4.209745    1.376527 vel: -0.06402965   0.02506959    0.001573931
Tree step number: 1024
**** Wallclock time per step (local): [Min/Max]
 Total       PP_single   PP_cluster  PP_cross    Tree_NB     Tree_Force  Force_corr  Kick        FindCluster CreateGroup MPI_comm    Output      Status      Other      
   0.0012346  8.1041e-06   7.956e-05           0  0.00016764  0.00094809  7.2882e-06  3.5089e-06  8.1155e-06  1.3326e-05  6.3344e-07    4.91e-07  5.7334e-09  1.6744e-06
   0.0012346  8.1349e-06  7.9596e-05           0  0.00016638  0.00094352  7.3332e-06  3.5388e-06  8.1495e-06  1.3342e-05  6.6307e-07  4.9115e-07  5.7627e-09  1.7699e-06
**** FDPS tree soft force time profile (local):
 Sample_ptcl Domain_deco Ex_ptcl     SetRootCell Make_LT     Make_LET    Make_GT     Make_Group  Make_I_list Calc_force  Write_back 
           0           0           0  3.8819e-06  0.00012344  1.6775e-05  9.7114e-05  2.1449e-06  4.7759e-05  0.00060456  1.0112e-05
**** Tree neighbor time profile (local):
 Sample_ptcl Domain_deco Ex_ptcl     SetRootCell Make_LT     Make_LET    Make_GT     Make_Group  Make_I_list Calc_force  Write_back 
           0           0           0  1.8811e-06  5.4952e-05  9.1848e-06  4.0763e-05  5.0682e-07  9.3714e-06   3.094e-05  2.7915e-06
**** Number per step (global):
 PP_single   PP_cluster  PP_cross    Cluster     Cross       AR_step_sum
      994.55      5.4512           0      2.3975           0      43.693
 AR_tsyn_sum Stab_Ngroup Iso_Ngroup  Form_Ngroup End_Ngroup  Modf_Ngroup Merg_Ngroup H4_step_sum H4_no_NB    Ep-Ep_sum   Ep-Sp_sum  
       13.02           1           0           0           0           0           0       17.27           0  8.5763e+05       24265
**** Number of members in clusters (global):
N_members:            1           2           3
Count    :       994.55      1.7412     0.65625

Time: 99  N_real(loc): 1000  N_real(glb): 1000  N_all(loc): 1012  N_all(glb): 1012  N_remove(glb): 0  N_escape(glb): 0
Energy:     Error/Total         Error     Error_cum         Total       Kinetic     Potential        Modify  Modify_group Modify_single      Error_PP  Error_PP_cum
Physic:     0.005826717     0.5399475      82.06452      92.66754      611.7769     -519.1094      252.8246             0             0 -0.0003896103   -0.02709497
Slowdown:   0.004945289     0.5410125      82.17394      109.3996      605.6228     -496.2232      1159.249             0             0  3.529861e-06     0.0119365
Angular Momentum:  |L|err: 67.63479  |L|err_cum: 2768.642  L: -1616.328   249.1889    2265.615  |L|: 2794.212
C.M.: mass: 526.4074 pos: -4.809395   4.156355    1.381232 vel: -0.07422271   0.03152289    0.001007922
Tree step number: 1024
**** Wallclock time per step (local): [Min/Max]
 Total       PP_single   PP_cluster  PP_cross    Tree_NB     Tree_Force  Force_corr  Kick        FindCluster CreateGroup MPI_comm    Output      Status      Other      
   0.0012059  8.0198e-06  7.6177e-05           0  0.00016254  0.00092884  7.2086e-06  3.5886e-06  7.7661e-06  1.2921e-05  6.3047e-07  4.8299e-07  5.0391e-09  1.5989e-06
   0.0012059  8.0503e-06  7.6213e-05           0  0.00016136  0.00092431  7.2536e-06  3.6185e-06  7.7994e-06  1.2937e-05  6.5995e-07  4.8318e-07  5.0684e-09  1.6888e-06
**** FDPS tree soft force time profile (local):
 Sample_ptcl Domain_deco Ex_ptcl     SetRootCell Make_LT     Make_LET    Make_GT     Make_Group  Make_I_list Calc_force  Write_back 
           0           0           0  3.8363e-06  0.00012149  1.6161e-05  9.4694e-05  1.9387e-06  4.5414e-05  0.00059349  9.9571e-06
**** Tree neighbor time profile (local):
 Sample_ptcl Domain_deco Ex_ptcl     SetRootCell Make_LT     Make_LET    Make_GT     Make_Group  Make_I_list Calc_force  Write_back 
           0           0           0  1.9485e-06  5.3481e-05  8.7066e-06  3.9147e-05  5.3419e-07  8.5867e-06  2.9527e-05  2.5747e-06
**** Number per step (global):
 PP_single   PP_cluster  PP_cross    Cluster     Cross       AR_step_sum
      995.74      4.2646           0      1.8242           0      43.162
 AR_tsyn_sum Stab_Ngroup Iso_Ngroup  Form_Ngroup End_Ngroup  Modf_Ngroup Merg_Ngroup H4_step_sum H4_no_NB    Ep-Ep_sum   Ep-Sp_sum  
      12.751           1           0           0           0           0           0      12.272           0  8.6483e+05       20208
**** Number of members in clusters (global):
N_members:            1           2           3
Count    :       995.74       1.208     0.61621

Time: 100  N_real(loc): 1000  N_real(glb): 1000  N_all(loc): 1012  N_all(glb): 1012  N_remove(glb): 0  N_escape(glb): 0
Energy:     Error/Total         Error     Error_cum         Total       Kinetic     Potential        Modify  Modify_group Modify_single      Error_PP  Error_PP_cum
Physic:     0.005728965     0.5367509      82.60127      93.69072      611.8918      -518.201       253.311             0             0 -0.0005155526   -0.02761052
Slowdown:   0.004869965     0.5379215      82.71186       110.457       605.726     -495.2691      1176.501             0             0  3.526602e-06    0.01194003
Angular Momentum:  |L|err: 67.73527  |L|err_cum: 2836.377  L: -1669.959   256.9061    2309.941  |L|: 2861.921
C.M.: mass: 526.4074 pos: -4.885475   4.071591    1.38642 vel: -0.07893185   0.02687387    0.00441857
Tree step number: 1024
**** Wallclock time per step (local): [Min/Max]
 Total       PP_single   PP_cluster  PP_cross    Tree_NB     Tree_Force  Force_corr  Kick        FindCluster CreateGroup MPI_comm    Output      Status      Other      
   0.0012012  7.7889e-06  7.6075e-05           0  0.00016264  0.00092392  7.0714e-06  3.4129e-06  8.3023e-06  1.2919e-05  7.7717e-07  5.5918e-07  6.5068e-09  1.5909e-06
   0.0012012  7.8193e-06  7.6109e-05           0  0.00016141  0.00091932  7.1161e-06  3.4425e-06  8.3339e-06  1.2935e-05  8.0694e-07  5.5926e-07  6.5361e-09  1.6804e-06
**** FDPS tree soft force time profile (local):
 Sample_ptcl Domain_deco Ex_ptcl     SetRootCell Make_LT     Make_LET    Make_GT     Make_Group  Make_I_list Calc_force  Write_back 
           0           0           0  3.7817e-06  0.00012294  1.6396e-05  9.5854e-05  1.8945e-06  4.6118e-05  0.00058599  1.0099e-05
**** Tree neighbor time profile (local):
 Sample_ptcl Domain_deco Ex_ptcl     SetRootCell Make_LT     Make_LET    Make_GT     Make_Group  Make_I_list Calc_force  Write_back 
           0           0           0  2.0482e-06  5.3478e-05  9.4271e-06  4.0811e-05  5.1023e-07  8.1563e-06  2.9024e-05  2.6764e-06
**** Number per step (global):
 PP_single   PP_cluster  PP_cross    Cluster     Cross       AR_step_sum
      994.81      5.1914           0       2.293           0      43.591
 AR_tsyn_sum Stab_Ngroup Iso_Ngroup  Form_Ngroup End_Ngroup  Modf_Ngroup Merg_Ngroup H4_step_sum H4_no_NB    Ep-Ep_sum   Ep-Sp_sum  
      12.893           1           0           0           0           0           0      16.347           0   8.567e+05       21850
**** Number of members in clusters (global):
N_members:            1           2           3
Count    :       994.81      1.6875     0.60547

Time: 101  N_real(loc): 1000  N_real(glb): 1000  N_all(loc): 1012  N_all(glb): 1012  N_remove(glb): 0  N_escape(glb): 0
Energy:     Error/Total         Error     Error_cum         Total       Kinetic     Potential        Modify  Modify_group Modify_single      Error_PP  Error_PP_cum
Physic:     0.005638392     0.5347439      83.13601       94.8398      614.8766     -520.0368      253.9253             0             0 -0.0006615563   -0.02827208
Slowdown:   0.004801422     0.5360561      83.24791      111.6453      608.6974     -497.0521      1193.919             0             0  3.505808e-06    0.01194353
Angular Momentum:  |L|err: 68.49981  |L|err_cum: 2904.877  L: -1724.323   264.6971    2354.539  |L|: 2930.394
C.M.: mass: 526.4074 pos: -4.969313   3.973928    1.389878 vel: -0.0813352   0.0295876    -0.00299902
Tree step number: 1024
**** Wallclock time per step (local): [Min/Max]
 Total       PP_single   PP_cluster  PP_cross    Tree_NB     Tree_Force  Force_corr  Kick        FindCluster CreateGroup MPI_comm    Output      Status      Other      
   0.0011836  8.0594e-06  7.3749e-05           0  0.00016007  0.00091165   7.047e-06  3.3786e-06  7.7742e-06   1.282e-05  6.5946e-07  5.0732e-07   5.499e-09  1.6876e-06
   0.0011836  8.0906e-06  7.3783e-05           0  0.00015885  0.00090721  7.0921e-06  3.4083e-06  7.8063e-06  1.2837e-05  6.8889e-07  5.0743e-07  5.5283e-09  1.7764e-06
**** FDPS tree soft force time profile (local):
 Sample_ptcl Domain_deco Ex_ptcl     SetRootCell Make_LT     Make_LET    Make_GT     Make_Group  Make_I_list Calc_force  Write_back 
           0           0           0  4.3549e-06  0.00012158  1.6573e-05  9.5558e-05  2.0231e-06   4.551e-05  0.00057413  9.7779e-06
**** Tree neighbor time profile (local):
 Sample_ptcl Domain_deco Ex_ptcl     SetRootCell Make_LT     Make_LET    Make_GT     Make_Group  Make_I_list Calc_force  Write_back 
           0           0           0  1.6632e-06  5.3293e-05  8.7137e-06  4.0651e-05  4.9369e-07  8.5786e-06  2.7052e-05  2.6341e-06
**** Number per step (global):
 PP_single   PP_cluster  PP_cross    Cluster     Cross       AR_step_sum
      995.46       4.541           0      1.8691           0      42.055
 AR_tsyn_sum Stab_Ngroup Iso_Ngroup  Form_Ngroup End_Ngroup  Modf_Ngroup Merg_Ngroup H4_step_sum H4_no_NB    Ep-Ep_sum   Ep-Sp_sum  
      12.308           1           0    0.011719   0.0029297           0           0      17.018   0.0058594  8.5817e+05       21808
**** Number of members in clusters (global):
N_members:            1           2           3
Count    :       995.46      1.0664     0.80273

Time: 102  N_real(loc): 1000  N_real(glb): 1000  N_all(loc): 1012  N_all(glb): 1012  N_remove(glb): 0  N_escape(glb): 0
Energy:     Error/Total         Error     Error_cum         Total       Kinetic     Potential        Modify  Modify_group Modify_single      Error_PP  Error_PP_cum
Physic:      0.00552699     0.5312404      83.66725      96.11749      614.6521     -518.5346      254.6718             0             0 -0.0008032231    -0.0290753
Slowdown:   0.004715547      0.532695      83.78061      112.9657      608.4581     -495.4924      1211.513             0             0  3.411832e-06    0.01194694
Angular Momentum:  |L|err: 71.57948  |L|err_cum: 2976.456  L: -1781.231   272.8203    2400.929  |L|: 3001.945
C.M.: mass: 526.4074 pos: -5.054646   3.848565    1.395052 vel: -0.08353039   0.02460073    -0.008156009
Tree step number: 1024
**** Wallclock time per step (local): [Min/Max]
 Total       PP_single   PP_cluster  PP_cross    Tree_NB     Tree_Force  Force_corr  Kick        FindCluster CreateGroup MPI_comm    Output      Status      Other      
    0.001148   7.883e-06  7.1093e-05           0  0.00015637  0.00088119  7.0834e-06  3.7733e-06  8.5346e-06  1.2766e-05  6.2997e-07  7.3147e-07  6.2129e-09  1.6539e-06
    0.001148  7.9136e-06  7.1128e-05           0  0.00015513  0.00087673   7.128e-06  3.8031e-06  8.5663e-06  1.2783e-05   6.592e-07   7.318e-07  6.2324e-09  1.7404e-06
**** FDPS tree soft force time profile (local):
 Sample_ptcl Domain_deco Ex_ptcl     SetRootCell Make_LT     Make_LET    Make_GT     Make_Group  Make_I_list Calc_force  Write_back 
           0           0           0  3.8723e-06  0.00012102  1.6324e-05  9.5982e-05  1.9212e-06  4.2803e-05   0.0005472  9.7994e-06
**** Tree neighbor time profile (local):
 Sample_ptcl Domain_deco Ex_ptcl     SetRootCell Make_LT     Make_LET    Make_GT     Make_Group  Make_I_list Calc_force  Write_back 
           0           0           0  1.7895e-06  5.3114e-05  9.2008e-06   4.081e-05  5.0519e-07  8.2918e-06  2.3501e-05  2.6811e-06
**** Number per step (global):
 PP_single   PP_cluster  PP_cross    Cluster     Cross       AR_step_sum
      994.13      5.8652           0      2.6201           0      40.003
 AR_tsyn_sum Stab_Ngroup Iso_Ngroup  Form_Ngroup End_Ngroup  Modf_Ngroup Merg_Ngroup H4_step_sum H4_no_NB    Ep-Ep_sum   Ep-Sp_sum  
      11.535           1           0           0           0           0           0      23.357           0   8.619e+05       19580
**** Number of members in clusters (global):
N_members:            1           2           3
Count    :       994.13      1.9951       0.625

Time: 103  N_real(loc): 1000  N_real(glb): 1000  N_all(loc): 1012  N_all(glb): 1012  N_remove(glb): 0  N_escape(glb): 0
Energy:     Error/Total         Error     Error_cum         Total       Kinetic     Potential        Modify  Modify_group Modify_single      Error_PP  Error_PP_cum
Physic:     0.005546692     0.5404853      84.20774      97.44282      617.5648     -520.1219      255.4566             0             0 -0.0008266446   -0.02990194
Slowdown:   0.004740236     0.5419732      84.32258      114.3347      611.3557      -497.021      1229.188             0             0  3.097347e-06    0.01195004
Angular Momentum:  |L|err: 77.38985  |L|err_cum: 3053.846  L: -1842.993   281.5951    2450.755  |L|: 3079.305
C.M.: mass: 526.4074 pos: -5.140738   3.745799    1.399872 vel: -0.0762114   0.01840658    -0.01237147
Tree step number: 1024
**** Wallclock time per step (local): [Min/Max]
 Total       PP_single   PP_cluster  PP_cross    Tree_NB     Tree_Force  Force_corr  Kick        FindCluster CreateGroup MPI_comm    Output      Status      Other      
   0.0011027  7.7856e-06    7.22e-05           0   0.0001513  0.00083925   6.799e-06  3.6761e-06  8.6961e-06  1.3993e-05  6.1587e-07  5.4543e-07  5.5859e-09  1.6406e-06
   0.0011027  7.8164e-06  7.2236e-05           0  0.00015012  0.00083465  6.8439e-06  3.7058e-06  8.7277e-06  1.4009e-05  6.4516e-07  5.4554e-07  5.6162e-09  1.7261e-06
**** FDPS tree soft force time profile (local):
 Sample_ptcl Domain_deco Ex_ptcl     SetRootCell Make_LT     Make_LET    Make_GT     Make_Group  Make_I_list Calc_force  Write_back 
           0           0           0  3.8165e-06  0.00012075  1.6127e-05  9.5754e-05  2.0018e-06  4.4088e-05  0.00050676  1.0061e-05
**** Tree neighbor time profile (local):
 Sample_ptcl Domain_deco Ex_ptcl     SetRootCell Make_LT     Make_LET    Make_GT     Make_Group  Make_I_list Calc_force  Write_back 
           0           0           0  1.7874e-06  5.3178e-05  8.9415e-06   3.946e-05  5.4709e-07  8.3186e-06  2.0197e-05  2.5775e-06
**** Number per step (global):
 PP_single   PP_cluster  PP_cross    Cluster     Cross       AR_step_sum
      993.38      6.6152           0      2.9326           0      40.482
 AR_tsyn_sum Stab_Ngroup Iso_Ngroup  Form_Ngroup End_Ngroup  Modf_Ngroup Merg_Ngroup H4_step_sum H4_no_NB    Ep-Ep_sum   Ep-Sp_sum  
      11.683           1           0   0.0068359   0.0019531           0           0      27.042           0   8.564e+05       19940
**** Number of members in clusters (global):
N_members:            1           2           3
Count    :       993.38      2.1826        0.75

Time: 104  N_real(loc): 1000  N_real(glb): 1000  N_all(loc): 1012  N_all(glb): 1012  N_remove(glb): 0  N_escape(glb): 0
Energy:     Error/Total         Error     Error_cum         Total       Kinetic     Potential        Modify  Modify_group Modify_single      Error_PP  Error_PP_cum
Physic:     0.005454129     0.5382693      84.74601      98.69025      617.8515     -519.1612      256.1658             0             0 -0.0007164675   -0.03061841
Slowdown:   0.004667288     0.5396424      84.86223      115.6223      611.6287     -496.0065      1246.828             0             0  2.811161e-06    0.01195285
Angular Momentum:  |L|err: 83.03008  |L|err_cum: 3136.876  L: -1909.727   291.0207    2503.678  |L|: 3162.302
C.M.: mass: 526.4074 pos: -5.21902   3.674751    1.387718 vel: -0.07932694   0.01654577    -0.01485758
Tree step number: 1024
**** Wallclock time per step (local): [Min/Max]
 Total       PP_single   PP_cluster  PP_cross    Tree_NB     Tree_Force  Force_corr  Kick        FindCluster CreateGroup MPI_comm    Output      Status      Other      
   0.0010693   7.759e-06  7.4933e-05           0  0.00015183  0.00080323  6.9139e-06   3.438e-06   8.879e-06  1.3142e-05  6.3647e-07  7.2491e-07  5.8604e-09  1.6396e-06
   0.0010694  7.7899e-06  7.4972e-05           0  0.00015049  0.00079878  6.9589e-06  3.4675e-06  8.9119e-06  1.3159e-05  6.6607e-07  7.2511e-07  5.8896e-09   1.726e-06
**** FDPS tree soft force time profile (local):
 Sample_ptcl Domain_deco Ex_ptcl     SetRootCell Make_LT     Make_LET    Make_GT     Make_Group  Make_I_list Calc_force  Write_back 
           0           0           0  4.0831e-06  0.00012372  1.6504e-05  9.6554e-05  1.9839e-06  4.3683e-05  0.00046854  9.7699e-06
**** Tree neighbor time profile (local):
 Sample_ptcl Domain_deco Ex_ptcl     SetRootCell Make_LT     Make_LET    Make_GT     Make_Group  Make_I_list Calc_force  Write_back 
           0           0           0  2.2102e-06   5.446e-05  9.0935e-06  4.1186e-05  5.3457e-07  7.7779e-06  1.8616e-05   2.894e-06
**** Number per step (global):
 PP_single   PP_cluster  PP_cross    Cluster     Cross       AR_step_sum
       994.2      5.8008           0      2.5801           0      40.919
 AR_tsyn_sum Stab_Ngroup Iso_Ngroup  Form_Ngroup End_Ngroup  Modf_Ngroup Merg_Ngroup H4_step_sum H4_no_NB    Ep-Ep_sum   Ep-Sp_sum  
      11.877           1           0           0           0           0           0      23.855           0  8.5234e+05       19946
**** Number of members in clusters (global):
N_members:            1           2           3
Count    :        994.2      1.9395     0.64062

Time: 105  N_real(loc): 1000  N_real(glb): 1000  N_all(loc): 1012  N_all(glb): 1012  N_remove(glb): 0  N_escape(glb): 0
Energy:     Error/Total         Error     Error_cum         Total       Kinetic     Potential        Modify  Modify_group Modify_single      Error_PP  Error_PP_cum
Physic:     0.005363974     0.5353552      85.28136      99.80571      621.5475     -521.7418      256.7459             0             0 -0.0005648213   -0.03118323
Slowdown:   0.004594819     0.5365492      85.39877      116.7726       615.313     -498.5404      1264.373             0             0  2.887955e-06    0.01195574
Angular Momentum:  |L|err: 85.90404  |L|err_cum: 3222.78  L: -1979.392   300.7952    2557.761  |L|: 3248.171
C.M.: mass: 526.4074 pos: -5.290249   3.680603    1.380734 vel: -0.08035952   0.007451821    -0.008953598
Tree step number: 1024
**** Wallclock time per step (local): [Min/Max]
 Total       PP_single   PP_cluster  PP_cross    Tree_NB     Tree_Force  Force_corr  Kick        FindCluster CreateGroup MPI_comm    Output      Status      Other      
   0.0010527  7.5604e-06  7.4067e-05           0  0.00014767  0.00079297  6.8026e-06  3.4305e-06  8.5562e-06  1.2284e-05  6.4358e-07  4.8319e-07  5.1855e-09   1.521e-06
   0.0010527  7.5907e-06  7.4103e-05           0  0.00014642  0.00078891  6.8475e-06  3.4603e-06   8.589e-06    1.23e-05  6.7339e-07  4.8331e-07  5.2148e-09  1.6054e-06
**** FDPS tree soft force time profile (local):
 Sample_ptcl Domain_deco Ex_ptcl     SetRootCell Make_LT     Make_LET    Make_GT     Make_Group  Make_I_list Calc_force  Write_back 
           0           0           0   3.742e-06  0.00012194  1.6261e-05  9.5887e-05  2.0474e-06  4.3435e-05  0.00046065  9.0484e-06
**** Tree neighbor time profile (local):
 Sample_ptcl Domain_deco Ex_ptcl     SetRootCell Make_LT     Make_LET    Make_GT     Make_Group  Make_I_list Calc_force  Write_back 
           0           0           0  1.9355e-06  5.3423e-05  8.7784e-06  4.0007e-05  5.1321e-07  7.8677e-06  1.6316e-05  2.7059e-06
**** Number per step (global):
 PP_single   PP_cluster  PP_cross    Cluster     Cross       AR_step_sum
      993.77      6.2344           0       2.792           0        41.4
 AR_tsyn_sum Stab_Ngroup Iso_Ngroup  Form_Ngroup End_Ngroup  Modf_Ngroup Merg_Ngroup H4_step_sum H4_no_NB    Ep-Ep_sum   Ep-Sp_sum  
      12.013           1           0           0           0           0           0      26.902           0  8.5679e+05       17414
**** Number of members in clusters (global):
N_members:            1           2           3
Count    :       993.77      2.1416     0.65039

Time: 106  N_real(loc): 1000  N_real(glb): 1000  N_all(loc): 1012  N_all(glb): 1012  N_remove(glb): 0  N_escape(glb): 0
Energy:     Error/Total         Error     Error_cum         Total       Kinetic     Potential        Modify  Modify_group Modify_single      Error_PP  Error_PP_cum
Physic:     0.005401191     0.5444783      85.82584      100.8071      621.8525     -521.0454      257.2028             0             0 -0.0004218271   -0.03160506
Slowdown:   0.004630697     0.5455162      85.94429      117.8043      615.6079     -497.8036      1281.827             0             0  3.051841e-06    0.01195879
Angular Momentum:  |L|err: 86.74437  |L|err_cum: 3309.525  L: -2050.404   310.6892    2611.654  |L|: 3334.879
C.M.: mass: 526.4074 pos: -5.35938   3.727853    1.373076 vel: -0.06947019   0.01318075    -0.001702679
Tree step number: 1024
**** Wallclock time per step (local): [Min/Max]
 Total       PP_single   PP_cluster  PP_cross    Tree_NB     Tree_Force  Force_corr  Kick        FindCluster CreateGroup MPI_comm    Output      Status      Other      
   0.0010637  7.4412e-06  7.4216e-05           0  0.00014907  0.00080251  6.8955e-06  3.3923e-06  8.6459e-06  1.2295e-05   6.154e-07  6.7974e-07  5.5674e-09  1.7107e-06
   0.0010637  7.4721e-06  7.4252e-05           0  0.00014782  0.00079802  6.9402e-06   3.422e-06  8.6783e-06  1.2311e-05  6.4463e-07  6.7991e-07  5.5967e-09   1.798e-06
**** FDPS tree soft force time profile (local):
 Sample_ptcl Domain_deco Ex_ptcl     SetRootCell Make_LT     Make_LET    Make_GT     Make_Group  Make_I_list Calc_force  Write_back 
           0           0           0  3.4132e-06   0.0001206  1.5637e-05  9.3254e-05  1.9893e-06   4.237e-05   0.0004745  9.9195e-06
**** Tree neighbor time profile (local):
 Sample_ptcl Domain_deco Ex_ptcl     SetRootCell Make_LT     Make_LET    Make_GT     Make_Group  Make_I_list Calc_force  Write_back 
           0           0           0  1.8439e-06  5.3666e-05  8.8862e-06  3.9483e-05    4.89e-07  7.8124e-06  1.8195e-05  2.7028e-06
**** Number per step (global):
 PP_single   PP_cluster  PP_cross    Cluster     Cross       AR_step_sum
      994.43      5.5703           0      2.4551           0      41.807
 AR_tsyn_sum Stab_Ngroup Iso_Ngroup  Form_Ngroup End_Ngroup  Modf_Ngroup Merg_Ngroup H4_step_sum H4_no_NB    Ep-Ep_sum   Ep-Sp_sum  
      12.189           1           0   0.0058594  0.00097656           0           0      24.305   0.0078125  8.5585e+05       17352
**** Number of members in clusters (global):
N_members:            1           2           3
Count    :       994.43      1.7949     0.66016

Time: 107  N_real(loc): 1000  N_real(glb): 1000  N_all(loc): 1012  N_all(glb): 1012  N_remove(glb): 0  N_escape(glb): 0
Energy:     Error/Total         Error     Error_cum         Total       Kinetic     Potential        Modify  Modify_group Modify_single      Error_PP  Error_PP_cum
Physic:     0.005292906     0.5383769      86.36422      101.7167      626.0501     -524.3334       257.574             0             0 -0.0002905908   -0.03189565
Slowdown:   0.004541782     0.5392945      86.48358      118.7407      619.7966     -501.0558      1299.221             0             0  3.152275e-06    0.01196195
Angular Momentum:  |L|err: 86.34536  |L|err_cum: 3395.87  L: -2121.752   320.5593    2664.571  |L|: 3421.188
C.M.: mass: 526.4074 pos: -5.421824   3.837154    1.37295 vel: -0.07638762   0.02160417    0.004703072
Tree step number: 1024
**** Wallclock time per step (local): [Min/Max]
 Total       PP_single   PP_cluster  PP_cross    Tree_NB     Tree_Force  Force_corr  Kick        FindCluster CreateGroup MPI_comm    Output      Status      Other      
   0.0011335  8.3041e-06   7.768e-05           0  0.00016084   0.0008543  7.3246e-06  3.7487e-06  9.2649e-06  1.3082e-05  6.1352e-07  5.5286e-07  5.3232e-09  1.7531e-06
   0.0011336  8.3354e-06  7.7718e-05           0  0.00015938   0.0008496    7.37e-06  3.7785e-06  9.2984e-06  1.3098e-05  6.4348e-07  5.5303e-07  5.3525e-09  1.8424e-06
**** FDPS tree soft force time profile (local):
 Sample_ptcl Domain_deco Ex_ptcl     SetRootCell Make_LT     Make_LET    Make_GT     Make_Group  Make_I_list Calc_force  Write_back 
           0           0           0  4.0712e-06  0.00012586   1.703e-05  9.8051e-05  1.9896e-06  4.4938e-05  0.00051051  1.0334e-05
**** Tree neighbor time profile (local):
 Sample_ptcl Domain_deco Ex_ptcl     SetRootCell Make_LT     Make_LET    Make_GT     Make_Group  Make_I_list Calc_force  Write_back 
           0           0           0  1.8174e-06  5.6043e-05  9.1383e-06  4.0996e-05  5.0971e-07  8.7271e-06  2.3688e-05  3.1746e-06
**** Number per step (global):
 PP_single   PP_cluster  PP_cross    Cluster     Cross       AR_step_sum
         992      7.9961           0      3.6631           0      42.178
 AR_tsyn_sum Stab_Ngroup Iso_Ngroup  Form_Ngroup End_Ngroup  Modf_Ngroup Merg_Ngroup H4_step_sum H4_no_NB    Ep-Ep_sum   Ep-Sp_sum  
      12.354           1           0           0           0           0           0      33.835           0  8.5408e+05       18555
**** Number of members in clusters (global):
N_members:            1           2           3
Count    :          992      2.9932     0.66992

Time: 108  N_real(loc): 1000  N_real(glb): 1000  N_all(loc): 1012  N_all(glb): 1012  N_remove(glb): 0  N_escape(glb): 0
Energy:     Error/Total         Error     Error_cum         Total       Kinetic     Potential        Modify  Modify_group Modify_single      Error_PP  Error_PP_cum
Physic:     0.005173765     0.5306788       86.8949      102.5711       625.122     -522.5508      257.8978             0             0 -0.0002299193   -0.03212557
Slowdown:   0.004443443     0.5315235      87.01511      119.6198      618.8602     -499.2404      1316.592             0             0  3.227798e-06    0.01196517
Angular Momentum:  |L|err: 84.93573  |L|err_cum: 3480.806  L: -2192.556   330.2847    2715.927  |L|: 3506.087
C.M.: mass: 526.4074 pos: -5.480863   3.965056    1.366377 vel: -0.07031542   0.0280292    0.001990584
Tree step number: 1024
**** Wallclock time per step (local): [Min/Max]
 Total       PP_single   PP_cluster  PP_cross    Tree_NB     Tree_Force  Force_corr  Kick        FindCluster CreateGroup MPI_comm    Output      Status      Other      
   0.0010765  7.6004e-06  7.5352e-05           0  0.00015119  0.00081135  7.1095e-06  3.7218e-06  8.3704e-06   1.235e-05  8.5498e-07  5.8397e-07  6.1836e-09  1.5973e-06
   0.0010766  7.6308e-06  7.5387e-05           0  0.00015001  0.00080702  7.1542e-06  3.7514e-06  8.4025e-06   1.238e-05  8.8442e-07   5.841e-07  6.2227e-09  1.6834e-06
**** FDPS tree soft force time profile (local):
 Sample_ptcl Domain_deco Ex_ptcl     SetRootCell Make_LT     Make_LET    Make_GT     Make_Group  Make_I_list Calc_force  Write_back 
           0           0           0  3.6854e-06  0.00011951  1.6672e-05  9.3341e-05  1.9143e-06  4.2332e-05  0.00048663  9.5701e-06
**** Tree neighbor time profile (local):
 Sample_ptcl Domain_deco Ex_ptcl     SetRootCell Make_LT     Make_LET    Make_GT     Make_Group  Make_I_list Calc_force  Write_back 
           0           0           0  1.5848e-06  5.2681e-05   8.839e-06  3.9344e-05  4.8035e-07  7.8096e-06   2.547e-05  2.6356e-06
**** Number per step (global):
 PP_single   PP_cluster  PP_cross    Cluster     Cross       AR_step_sum
      994.35      5.6465           0      2.3779           0      42.365
 AR_tsyn_sum Stab_Ngroup Iso_Ngroup  Form_Ngroup End_Ngroup  Modf_Ngroup Merg_Ngroup H4_step_sum H4_no_NB    Ep-Ep_sum   Ep-Sp_sum  
      12.496           1           0           0           0           0           0      23.189           0  8.5688e+05       17575
**** Number of members in clusters (global):
N_members:            1           2           3
Count    :       994.35      1.4873     0.89062

Time: 109  N_real(loc): 1000  N_real(glb): 1000  N_all(loc): 1012  N_all(glb): 1012  N_remove(glb): 0  N_escape(glb): 0
Energy:     Error/Total         Error     Error_cum         Total       Kinetic     Potential        Modify  Modify_group Modify_single      Error_PP  Error_PP_cum
Physic:       0.0051593     0.5335546      87.42845      103.4161      625.7065     -522.2904      258.2092             0             0 -0.0002175625   -0.03234313
Slowdown:   0.004435129     0.5343835      87.54949      120.4888      619.4366     -498.9478      1333.976             0             0  3.332967e-06    0.01196851
Angular Momentum:  |L|err: 83.26252  |L|err_cum: 3564.068  L: -2262.49   339.8259    2765.651  |L|: 3589.313
C.M.: mass: 526.4074 pos: -5.548376   4.090138    1.360244 vel: -0.07252465   0.03845762    0.01039789
Tree step number: 1024
**** Wallclock time per step (local): [Min/Max]
 Total       PP_single   PP_cluster  PP_cross    Tree_NB     Tree_Force  Force_corr  Kick        FindCluster CreateGroup MPI_comm    Output      Status      Other      
   0.0011331    8.23e-06  7.7564e-05           0  0.00015957  0.00085633  6.9679e-06  3.6943e-06  8.6889e-06  1.2702e-05  6.7952e-07  6.9634e-07  5.9395e-09  1.6151e-06
   0.0011331  8.2609e-06    7.76e-05           0  0.00015833  0.00085188  7.0134e-06   3.724e-06  8.7217e-06  1.2719e-05  7.0896e-07  6.9649e-07  5.9687e-09  1.7042e-06
**** FDPS tree soft force time profile (local):
 Sample_ptcl Domain_deco Ex_ptcl     SetRootCell Make_LT     Make_LET    Make_GT     Make_Group  Make_I_list Calc_force  Write_back 
           0           0           0  3.6186e-06  0.00012308  1.6892e-05  9.4722e-05  2.0237e-06  4.3746e-05  0.00052389  9.8017e-06
**** Tree neighbor time profile (local):
 Sample_ptcl Domain_deco Ex_ptcl     SetRootCell Make_LT     Make_LET    Make_GT     Make_Group  Make_I_list Calc_force  Write_back 
           0           0           0  2.0665e-06  5.3645e-05  9.2953e-06  4.1258e-05  5.0829e-07  8.2697e-06  2.8318e-05  2.6771e-06
**** Number per step (global):
 PP_single   PP_cluster  PP_cross    Cluster     Cross       AR_step_sum
       994.5       5.502           0      2.4043           0      42.177
 AR_tsyn_sum Stab_Ngroup Iso_Ngroup  Form_Ngroup End_Ngroup  Modf_Ngroup Merg_Ngroup H4_step_sum H4_no_NB    Ep-Ep_sum   Ep-Sp_sum  
      12.396           1           0           0           0           0           0       24.23           0  8.5227e+05       19053
**** Number of members in clusters (global):
N_members:            1           2           3
Count    :        994.5      1.7109     0.69336

Time: 110  N_real(loc): 1000  N_real(glb): 1000  N_all(loc): 1012  N_all(glb): 1012  N_remove(glb): 0  N_escape(glb): 0
Energy:     Error/Total         Error     Error_cum         Total       Kinetic     Potential        Modify  Modify_group Modify_single      Error_PP  Error_PP_cum
Physic:     0.004955103     0.5167548       87.9452      104.2874      627.4885      -523.201      258.5638             0             0 -0.0002165516   -0.03255968
Slowdown:   0.004263972     0.5175822      88.06707       121.385        621.21      -499.825      1351.427             0             0  3.421876e-06    0.01197193
Angular Momentum:  |L|err: 81.95182  |L|err_cum: 3646.02  L: -2331.753   349.2153    2814.053  |L|: 3671.228
C.M.: mass: 526.4074 pos: -5.614794   4.227777    1.360546 vel: -0.07436501   0.04291216    0.009395265
Tree step number: 1024
**** Wallclock time per step (local): [Min/Max]
 Total       PP_single   PP_cluster  PP_cross    Tree_NB     Tree_Force  Force_corr  Kick        FindCluster CreateGroup MPI_comm    Output      Status      Other      
   0.0011527   8.044e-06  7.8605e-05           0  0.00015946  0.00087568  7.2456e-06  3.3786e-06  8.5225e-06     1.3e-05  6.9658e-07  4.9263e-07  5.6553e-09  1.5989e-06
   0.0011528   8.075e-06  7.8641e-05           0   0.0001582  0.00087094  7.2905e-06  3.4086e-06  8.5551e-06  1.3016e-05  7.2636e-07  4.9274e-07  5.6846e-09  1.6865e-06
**** FDPS tree soft force time profile (local):
 Sample_ptcl Domain_deco Ex_ptcl     SetRootCell Make_LT     Make_LET    Make_GT     Make_Group  Make_I_list Calc_force  Write_back 
           0           0           0  3.6702e-06  0.00012165  1.6457e-05  9.5279e-05  2.0375e-06  4.3619e-05  0.00054279  1.0371e-05
**** Tree neighbor time profile (local):
 Sample_ptcl Domain_deco Ex_ptcl     SetRootCell Make_LT     Make_LET    Make_GT     Make_Group  Make_I_list Calc_force  Write_back 
           0           0           0  2.1218e-06  5.2937e-05  8.7731e-06  3.9979e-05   5.074e-07  8.7172e-06  3.0614e-05  2.7388e-06
**** Number per step (global):
 PP_single   PP_cluster  PP_cross    Cluster     Cross       AR_step_sum
      994.53      5.4746           0      2.3232           0      42.641
 AR_tsyn_sum Stab_Ngroup Iso_Ngroup  Form_Ngroup End_Ngroup  Modf_Ngroup Merg_Ngroup H4_step_sum H4_no_NB    Ep-Ep_sum   Ep-Sp_sum  
      12.614           1           0           0           0           0           0      23.579           0  8.5093e+05       18647
**** Number of members in clusters (global):
N_members:            1           2           3
Count    :       994.53      1.4951     0.82812

Time: 111  N_real(loc): 1000  N_real(glb): 1000  N_all(loc): 1012  N_all(glb): 1012  N_remove(glb): 0  N_escape(glb): 0
Energy:     Error/Total         Error     Error_cum         Total       Kinetic     Potential        Modify  Modify_group Modify_single      Error_PP  Error_PP_cum
Physic:     0.004833137     0.5084681      88.45367      105.2046      631.3583     -526.1538      258.9724             0             0 -0.0003116837   -0.03287137
Slowdown:   0.004163924     0.5093658      88.57644      122.3283      625.0707     -502.7424      1368.959             0             0  3.475064e-06     0.0119754
Angular Momentum:  |L|err: 81.16622  |L|err_cum: 3727.186  L: -2400.712   358.5073    2861.512  |L|: 3752.358
C.M.: mass: 526.4074 pos: -5.683911   4.394436    1.349895 vel: -0.07303904   0.05112052    0.004981453
Tree step number: 1024
**** Wallclock time per step (local): [Min/Max]
 Total       PP_single   PP_cluster  PP_cross    Tree_NB     Tree_Force  Force_corr  Kick        FindCluster CreateGroup MPI_comm    Output      Status      Other      
   0.0011091  7.5295e-06  7.8102e-05           0  0.00014741  0.00084599  6.9903e-06  3.5237e-06  8.6136e-06  1.2077e-05  6.4178e-07   4.958e-07  5.3223e-09    1.62e-06
   0.0011091  7.5604e-06  7.8137e-05           0  0.00014623  0.00084142  7.0355e-06  3.5535e-06   8.646e-06  1.2093e-05  6.7139e-07   4.959e-07  5.3516e-09  1.7055e-06
**** FDPS tree soft force time profile (local):
 Sample_ptcl Domain_deco Ex_ptcl     SetRootCell Make_LT     Make_LET    Make_GT     Make_Group  Make_I_list Calc_force  Write_back 
           0           0           0  4.0462e-06  0.00012488  1.6206e-05  9.7189e-05  2.0929e-06  4.9853e-05  0.00050235  1.0002e-05
**** Tree neighbor time profile (local):
 Sample_ptcl Domain_deco Ex_ptcl     SetRootCell Make_LT     Make_LET    Make_GT     Make_Group  Make_I_list Calc_force  Write_back 
           0           0           0  2.3096e-06  5.3599e-05  8.8659e-06  4.0582e-05  5.1999e-07  9.1489e-06  1.8453e-05  2.5702e-06
**** Number per step (global):
 PP_single   PP_cluster  PP_cross    Cluster     Cross       AR_step_sum
      992.51      7.4902           0      3.2871           0      43.065
 AR_tsyn_sum Stab_Ngroup Iso_Ngroup  Form_Ngroup End_Ngroup  Modf_Ngroup Merg_Ngroup H4_step_sum H4_no_NB    Ep-Ep_sum   Ep-Sp_sum  
      12.791           1           0           0           0           0           0      32.963           0   8.407e+05       20351
**** Number of members in clusters (global):
N_members:            1           2           3
Count    :       992.51      2.3711     0.91602

Time: 112  N_real(loc): 1000  N_real(glb): 1000  N_all(loc): 1012  N_all(glb): 1012  N_remove(glb): 0  N_escape(glb): 0
Energy:     Error/Total         Error     Error_cum         Total       Kinetic     Potential        Modify  Modify_group Modify_single      Error_PP  Error_PP_cum
Physic:     0.004621696     0.4907071      88.94438      106.1747      632.5255     -526.3508      259.4518             0             0 -0.0003827036   -0.03325407
Slowdown:   0.003986731     0.4916683      89.06811      123.3262       626.228     -502.9018      1386.589             0             0  3.499336e-06     0.0119789
Angular Momentum:  |L|err: 80.80321  |L|err_cum: 3807.989  L: -2469.677   367.7461    2908.317  |L|: 3833.126
C.M.: mass: 526.4074 pos: -5.763631   4.49683    1.343824 vel: -0.07578595   0.04219994    0.001852101
Tree step number: 1024
**** Wallclock time per step (local): [Min/Max]
 Total       PP_single   PP_cluster  PP_cross    Tree_NB     Tree_Force  Force_corr  Kick        FindCluster CreateGroup MPI_comm    Output      Status      Other      
   0.0010951  7.7325e-06  7.8867e-05           0  0.00013747  0.00084021  6.9268e-06  3.4119e-06  8.8931e-06  1.2478e-05  6.2658e-07   6.261e-07  5.1074e-09  1.6186e-06
   0.0010951  7.7634e-06  7.8916e-05           0  0.00013632  0.00083575  6.9716e-06  3.4417e-06  8.9253e-06  1.2495e-05  6.5629e-07  6.2626e-07   5.127e-09  1.7028e-06
**** FDPS tree soft force time profile (local):
 Sample_ptcl Domain_deco Ex_ptcl     SetRootCell Make_LT     Make_LET    Make_GT     Make_Group  Make_I_list Calc_force  Write_back 
           0           0           0  3.9953e-06  0.00012395  1.6228e-05  9.5987e-05   2.047e-06  5.3796e-05   0.0004955  9.7968e-06
**** Tree neighbor time profile (local):
 Sample_ptcl Domain_deco Ex_ptcl     SetRootCell Make_LT     Make_LET    Make_GT     Make_Group  Make_I_list Calc_force  Write_back 
           0           0           0  1.7817e-06    5.38e-05  8.8326e-06  3.9984e-05  5.7166e-07  8.5748e-06  1.0108e-05  2.5069e-06
**** Number per step (global):
 PP_single   PP_cluster  PP_cross    Cluster     Cross       AR_step_sum
      991.98      8.0156           0      3.4844           0       43.52
 AR_tsyn_sum Stab_Ngroup Iso_Ngroup  Form_Ngroup End_Ngroup  Modf_Ngroup Merg_Ngroup H4_step_sum H4_no_NB    Ep-Ep_sum   Ep-Sp_sum  
      12.987           1           0           0           0           0           0      35.351           0  8.4496e+05       18334
**** Number of members in clusters (global):
N_members:            1           2           3
Count    :       991.98      2.4375      1.0469

Time: 113  N_real(loc): 1000  N_real(glb): 1000  N_all(loc): 1012  N_all(glb): 1012  N_remove(glb): 0  N_escape(glb): 0
Energy:     Error/Total         Error     Error_cum         Total       Kinetic     Potential        Modify  Modify_group Modify_single      Error_PP  Error_PP_cum
Physic:     0.004450023     0.4770376      89.42142      107.1989      634.6589       -527.46       259.999             0             0  -0.000447828    -0.0337019
Slowdown:   0.003843492     0.4780529      89.54616      124.3798       628.351     -503.9711      1404.316             0             0   3.53009e-06    0.01198243
Angular Momentum:  |L|err: 80.70181  |L|err_cum: 3888.691  L: -2538.854   376.9603    2954.638  |L|: 3913.791
C.M.: mass: 526.4074 pos: -5.84086   4.59254    1.324278 vel: -0.07949987   0.04986214    -0.01231177
Tree step number: 1024
**** Wallclock time per step (local): [Min/Max]
 Total       PP_single   PP_cluster  PP_cross    Tree_NB     Tree_Force  Force_corr  Kick        FindCluster CreateGroup MPI_comm    Output      Status      Other      
    0.001115  8.1406e-06  8.1569e-05           0  0.00014216   0.0008512  6.9317e-06  3.6483e-06  9.5383e-06  1.2404e-05  8.6384e-07   4.941e-07  7.0059e-09  1.5749e-06
   0.0011151   8.171e-06  8.1605e-05           0  0.00014087  0.00084694  6.9759e-06   3.678e-06  9.5712e-06   1.242e-05  8.9342e-07  4.9421e-07  7.0352e-09  1.6605e-06
**** FDPS tree soft force time profile (local):
 Sample_ptcl Domain_deco Ex_ptcl     SetRootCell Make_LT     Make_LET    Make_GT     Make_Group  Make_I_list Calc_force  Write_back 
           0           0           0  3.9302e-06  0.00012416  1.6374e-05   9.622e-05  2.0175e-06  5.5202e-05  0.00050218  9.4038e-06
**** Tree neighbor time profile (local):
 Sample_ptcl Domain_deco Ex_ptcl     SetRootCell Make_LT     Make_LET    Make_GT     Make_Group  Make_I_list Calc_force  Write_back 
           0           0           0  2.0807e-06  5.4106e-05  8.8777e-06  4.1619e-05  5.3529e-07  8.9831e-06  9.8124e-06  2.7728e-06
**** Number per step (global):
 PP_single   PP_cluster  PP_cross    Cluster     Cross       AR_step_sum
      991.02      8.9756           0      4.0186           0      44.127
 AR_tsyn_sum Stab_Ngroup Iso_Ngroup  Form_Ngroup End_Ngroup  Modf_Ngroup Merg_Ngroup H4_step_sum H4_no_NB    Ep-Ep_sum   Ep-Sp_sum  
      13.292           1           0   0.0068359  0.00097656           0           0       40.79   0.0097656  8.3808e+05       21488
**** Number of members in clusters (global):
N_members:            1           2           3
Count    :       991.02      3.0801     0.93848

Time: 114  N_real(loc): 1000  N_real(glb): 1000  N_all(loc): 1012  N_all(glb): 1012  N_remove(glb): 0  N_escape(glb): 0
Energy:     Error/Total         Error     Error_cum         Total       Kinetic     Potential        Modify  Modify_group Modify_single      Error_PP  Error_PP_cum
Physic:     0.004230031     0.4580153      89.87943      108.2771      637.1009     -528.8239      260.6192             0             0 -0.0005302291   -0.03423213
Slowdown:   0.003658421     0.4590915      90.00525       125.489      630.7818     -505.2928      1422.147             0             0  3.525173e-06    0.01198596
Angular Momentum:  |L|err: 80.73166  |L|err_cum: 3969.423  L: -2608.329   386.1625    3000.57  |L|: 3994.487
C.M.: mass: 526.4074 pos: -5.918151   4.625165    1.312839 vel: -0.06241032   0.05782796    0.001591358
Tree step number: 1024
**** Wallclock time per step (local): [Min/Max]
 Total       PP_single   PP_cluster  PP_cross    Tree_NB     Tree_Force  Force_corr  Kick        FindCluster CreateGroup MPI_comm    Output      Status      Other      
   0.0010995  8.6176e-06  8.1484e-05           0  0.00014243  0.00083518  7.0237e-06  3.6138e-06  9.0603e-06  1.3036e-05  6.4937e-07  6.1462e-07  7.7783e-09  1.7634e-06
   0.0010995  8.6485e-06  8.1521e-05           0   0.0001411  0.00083045  7.0685e-06   3.668e-06  9.0924e-06  1.3053e-05    6.79e-07  6.1515e-07  7.7979e-09  1.8527e-06
**** FDPS tree soft force time profile (local):
 Sample_ptcl Domain_deco Ex_ptcl     SetRootCell Make_LT     Make_LET    Make_GT     Make_Group  Make_I_list Calc_force  Write_back 
           0           0           0  4.1578e-06  0.00012757  1.6835e-05  9.9135e-05  2.2304e-06  5.7506e-05  0.00047798  1.0465e-05
**** Tree neighbor time profile (local):
 Sample_ptcl Domain_deco Ex_ptcl     SetRootCell Make_LT     Make_LET    Make_GT     Make_Group  Make_I_list Calc_force  Write_back 
           0           0           0  1.8689e-06  5.5402e-05   8.936e-06  4.1166e-05  5.7626e-07  9.7809e-06  1.0189e-05   2.878e-06
**** Number per step (global):
 PP_single   PP_cluster  PP_cross    Cluster     Cross       AR_step_sum
      993.21      6.7939           0      2.9756           0       44.37
 AR_tsyn_sum Stab_Ngroup Iso_Ngroup  Form_Ngroup End_Ngroup  Modf_Ngroup Merg_Ngroup H4_step_sum H4_no_NB    Ep-Ep_sum   Ep-Sp_sum  
      13.385           1           0           0           0           0           0      30.443   0.0019531  8.3166e+05       23309
**** Number of members in clusters (global):
N_members:            1           2           3
Count    :       993.21      2.1328     0.84277

Time: 115  N_real(loc): 1000  N_real(glb): 1000  N_all(loc): 1012  N_all(glb): 1012  N_remove(glb): 0  N_escape(glb): 0
Energy:     Error/Total         Error     Error_cum         Total       Kinetic     Potential        Modify  Modify_group Modify_single      Error_PP  Error_PP_cum
Physic:     0.004006818     0.4383802      90.31781      109.4086      637.7901     -528.3815      261.3123             0             0 -0.0006051292   -0.03483726
Slowdown:   0.003470214     0.4395132      90.44477      126.6531      631.4591     -504.8061      1440.083             0             0  3.535226e-06    0.01198949
Angular Momentum:  |L|err: 80.78253  |L|err_cum: 4050.205  L: -2678.097   395.3532    3046.147  |L|: 4075.233
C.M.: mass: 526.4074 pos: -5.99513   4.651355    1.310528 vel: -0.07867927   0.05410833    0.006554873
Tree step number: 1024
**** Wallclock time per step (local): [Min/Max]
 Total       PP_single   PP_cluster  PP_cross    Tree_NB     Tree_Force  Force_corr  Kick        FindCluster CreateGroup MPI_comm    Output      Status      Other      
   0.0011089  7.9889e-06  8.1705e-05           0  0.00014824  0.00083862  7.3386e-06  3.2962e-06  9.3898e-06  1.3208e-05  6.5102e-07  4.8708e-07  5.1758e-09  1.7185e-06
   0.0011089  8.0194e-06  8.1741e-05           0  0.00014702  0.00083412  7.3836e-06  3.3259e-06  9.4223e-06  1.3225e-05   6.805e-07  4.8718e-07  5.2051e-09   1.805e-06
**** FDPS tree soft force time profile (local):
 Sample_ptcl Domain_deco Ex_ptcl     SetRootCell Make_LT     Make_LET    Make_GT     Make_Group  Make_I_list Calc_force  Write_back 
           0           0           0  3.8197e-06  0.00012679  1.6614e-05  0.00010048  2.0965e-06  5.9375e-05  0.00047946  9.9146e-06
**** Tree neighbor time profile (local):
 Sample_ptcl Domain_deco Ex_ptcl     SetRootCell Make_LT     Make_LET    Make_GT     Make_Group  Make_I_list Calc_force  Write_back 
           0           0           0  1.8673e-06  5.6026e-05  9.0899e-06  4.1696e-05  5.6113e-07  1.3881e-05  9.7768e-06  2.6452e-06
**** Number per step (global):
 PP_single   PP_cluster  PP_cross    Cluster     Cross       AR_step_sum
       993.2      6.8027           0      3.0137           0      44.938
 AR_tsyn_sum Stab_Ngroup Iso_Ngroup  Form_Ngroup End_Ngroup  Modf_Ngroup Merg_Ngroup H4_step_sum H4_no_NB    Ep-Ep_sum   Ep-Sp_sum  
      13.657           1           0           0           0           0           0      30.467           0   8.314e+05       22870
**** Number of members in clusters (global):
N_members:            1           2           3
Count    :        993.2      2.2383     0.77539

Time: 116  N_real(loc): 1000  N_real(glb): 1000  N_all(loc): 1012  N_all(glb): 1012  N_remove(glb): 0  N_escape(glb): 0
Energy:     Error/Total         Error     Error_cum         Total       Kinetic     Potential        Modify  Modify_group Modify_single      Error_PP  Error_PP_cum
Physic:     0.003664051     0.4052227      90.72304      110.5942      639.3555     -528.7613      262.0927             0             0 -0.0006995268   -0.03553678
Slowdown:   0.003178266     0.4064139      90.85118      127.8728       633.012     -505.1392      1458.141             0             0  3.537611e-06    0.01199303
Angular Momentum:  |L|err: 80.77395  |L|err_cum: 4130.979  L: -2748.082   404.5237    3091.358  |L|: 4155.971
C.M.: mass: 526.4074 pos: -6.06905   4.683089    1.309411 vel: -0.06505316   0.04727841    0.0102524
Tree step number: 1024
**** Wallclock time per step (local): [Min/Max]
 Total       PP_single   PP_cluster  PP_cross    Tree_NB     Tree_Force  Force_corr  Kick        FindCluster CreateGroup MPI_comm    Output      Status      Other      
   0.0011003  7.8926e-06  8.2694e-05           0   0.0001439  0.00083393  7.1446e-06  3.3441e-06  9.1592e-06  1.2847e-05  6.4911e-07  4.8986e-07  5.4404e-09  1.6736e-06
   0.0011003  7.9232e-06   8.273e-05           0  0.00014271  0.00082969  7.1897e-06  3.3741e-06  9.1935e-06  1.2863e-05  6.7882e-07  4.8998e-07  5.4697e-09  1.7616e-06
**** FDPS tree soft force time profile (local):
 Sample_ptcl Domain_deco Ex_ptcl     SetRootCell Make_LT     Make_LET    Make_GT     Make_Group  Make_I_list Calc_force  Write_back 
           0           0           0  3.8895e-06   0.0001258   1.626e-05  9.8289e-05  2.0502e-06  5.7887e-05   0.0004789  9.4482e-06
**** Tree neighbor time profile (local):
 Sample_ptcl Domain_deco Ex_ptcl     SetRootCell Make_LT     Make_LET    Make_GT     Make_Group  Make_I_list Calc_force  Write_back 
           0           0           0  1.8051e-06  5.5586e-05  9.1279e-06  4.1992e-05  5.7768e-07  9.7447e-06  8.8374e-06  2.6204e-06
**** Number per step (global):
 PP_single   PP_cluster  PP_cross    Cluster     Cross       AR_step_sum
      993.29      6.7109           0       2.958           0      45.228
 AR_tsyn_sum Stab_Ngroup Iso_Ngroup  Form_Ngroup End_Ngroup  Modf_Ngroup Merg_Ngroup H4_step_sum H4_no_NB    Ep-Ep_sum   Ep-Sp_sum  
        13.8           1           0           0           0           0           0      28.671           0  8.3173e+05       21859
**** Number of members in clusters (global):
N_members:            1           2           3
Count    :       993.29      2.1631     0.79492

Time: 117  N_real(loc): 1000  N_real(glb): 1000  N_all(loc): 1012  N_all(glb): 1012  N_remove(glb): 0  N_escape(glb): 0
Energy:     Error/Total         Error     Error_cum         Total       Kinetic     Potential        Modify  Modify_group Modify_single      Error_PP  Error_PP_cum
Physic:     0.003380126      0.378015      91.10105      111.8346       645.086     -533.2514      262.9551             0             0 -0.0007861861   -0.03632297
Slowdown:   0.002936658     0.3792666      91.23045      129.1491      638.7294     -509.5803      1476.317             0             0  3.531722e-06    0.01199656
Angular Momentum:  |L|err: 80.6095  |L|err_cum: 4211.589  L: -2818.114   413.6537    3136.149  |L|: 4236.544
C.M.: mass: 526.4074 pos: -6.138164   4.719354    1.312908 vel: -0.07287479   0.03483641    0.01099572
Tree step number: 1024
**** Wallclock time per step (local): [Min/Max]
 Total       PP_single   PP_cluster  PP_cross    Tree_NB     Tree_Force  Force_corr  Kick        FindCluster CreateGroup MPI_comm    Output      Status      Other      
   0.0010395  7.6195e-06   8.187e-05           0  0.00014034  0.00077907   6.857e-06  3.4771e-06  8.3812e-06  1.2704e-05   6.341e-07  5.3087e-07  5.3125e-09  1.6116e-06
   0.0010396  7.6506e-06  8.1906e-05           0  0.00013913   0.0007749  6.9021e-06  3.5065e-06  8.4134e-06   1.272e-05  6.6335e-07  5.3099e-07  5.3418e-09  1.6957e-06
**** FDPS tree soft force time profile (local):
 Sample_ptcl Domain_deco Ex_ptcl     SetRootCell Make_LT     Make_LET    Make_GT     Make_Group  Make_I_list Calc_force  Write_back 
           0           0           0  3.8834e-06  0.00012632  1.6331e-05  9.7548e-05  1.9993e-06  5.5318e-05  0.00042846  9.2055e-06
**** Tree neighbor time profile (local):
 Sample_ptcl Domain_deco Ex_ptcl     SetRootCell Make_LT     Make_LET    Make_GT     Make_Group  Make_I_list Calc_force  Write_back 
           0           0           0  1.6851e-06  5.4278e-05  8.8854e-06  4.1526e-05  5.5552e-07  8.9789e-06  9.2826e-06  2.6292e-06
**** Number per step (global):
 PP_single   PP_cluster  PP_cross    Cluster     Cross       AR_step_sum
      993.01      6.9854           0      2.9414           0      45.776
 AR_tsyn_sum Stab_Ngroup Iso_Ngroup  Form_Ngroup End_Ngroup  Modf_Ngroup Merg_Ngroup H4_step_sum H4_no_NB    Ep-Ep_sum   Ep-Sp_sum  
      14.072           1           0           0           0           0           0      34.365           0  8.4144e+05       19622
**** Number of members in clusters (global):
N_members:            1           2           3           4
Count    :       993.01      1.8564      1.0674    0.017578

Time: 118  N_real(loc): 1000  N_real(glb): 1000  N_all(loc): 1012  N_all(glb): 1012  N_remove(glb): 0  N_escape(glb): 0
Energy:     Error/Total         Error     Error_cum         Total       Kinetic     Potential        Modify  Modify_group Modify_single      Error_PP  Error_PP_cum
Physic:     0.002968529     0.3358315      91.43688      113.1306      638.9379     -525.8073      263.9153             0             0 -0.0008909285    -0.0372139
Slowdown:   0.002583841     0.3371464      91.56759      130.4826      632.5675     -502.0848      1494.628             0             0  3.531359e-06    0.01200009
Angular Momentum:  |L|err: 80.16633  |L|err_cum: 4291.755  L: -2887.899   422.7087    3180.415  |L|: 4316.675
C.M.: mass: 526.4074 pos: -6.214278   4.622205    1.31937 vel: -0.07067293   0.03219879    0.006674032
Tree step number: 1024
**** Wallclock time per step (local): [Min/Max]
 Total       PP_single   PP_cluster  PP_cross    Tree_NB     Tree_Force  Force_corr  Kick        FindCluster CreateGroup MPI_comm    Output      Status      Other      
   0.0010591  7.9987e-06  8.3552e-05           0  0.00013767  0.00079895  7.3402e-06  3.4026e-06   8.622e-06  1.2012e-05  6.5919e-07  6.8684e-07  5.6357e-09   1.684e-06
   0.0010591  8.0289e-06  8.3588e-05           0  0.00013647  0.00079468  7.3851e-06  3.4324e-06   8.654e-06  1.2028e-05  6.8856e-07  6.8705e-07   5.665e-09  1.7708e-06
**** FDPS tree soft force time profile (local):
 Sample_ptcl Domain_deco Ex_ptcl     SetRootCell Make_LT     Make_LET    Make_GT     Make_Group  Make_I_list Calc_force  Write_back 
           0           0           0  3.7822e-06  0.00012222  1.6137e-05  9.6325e-05  1.9354e-06  5.5383e-05  0.00045531  9.4223e-06
**** Tree neighbor time profile (local):
 Sample_ptcl Domain_deco Ex_ptcl     SetRootCell Make_LT     Make_LET    Make_GT     Make_Group  Make_I_list Calc_force  Write_back 
           0           0           0  1.8186e-06  5.4065e-05  8.5536e-06  4.0267e-05  5.5791e-07  8.7935e-06  9.7021e-06  2.6002e-06
**** Number per step (global):
 PP_single   PP_cluster  PP_cross    Cluster     Cross       AR_step_sum
      991.22      8.7803           0      3.9121           0       46.39
 AR_tsyn_sum Stab_Ngroup Iso_Ngroup  Form_Ngroup End_Ngroup  Modf_Ngroup Merg_Ngroup H4_step_sum H4_no_NB    Ep-Ep_sum   Ep-Sp_sum  
      14.331           1           0   0.0068359   0.0019531           0           0      40.043   0.0097656  8.4293e+05       18572
**** Number of members in clusters (global):
N_members:            1           2           3
Count    :       991.22      2.9561     0.95605

Time: 119  N_real(loc): 1000  N_real(glb): 1000  N_all(loc): 1012  N_all(glb): 1012  N_remove(glb): 0  N_escape(glb): 0
Energy:     Error/Total         Error     Error_cum         Total       Kinetic     Potential        Modify  Modify_group Modify_single      Error_PP  Error_PP_cum
Physic:      0.00246572     0.2822806      91.71916       114.482      639.3225     -524.8406      264.9844             0             0  -0.001016093   -0.03822999
Slowdown:   0.002150872     0.2836427      91.85124      131.8733      632.9376     -501.0642      1513.087             0             0  3.544726e-06    0.01200364
Angular Momentum:  |L|err: 79.31009  |L|err_cum: 4371.065  L: -2957.015   431.6394    3223.993  |L|: 4395.95
C.M.: mass: 526.4074 pos: -6.285993   4.566141    1.324135 vel: -0.06679318   0.02842417    0.02034986
Tree step number: 1024
**** Wallclock time per step (local): [Min/Max]
 Total       PP_single   PP_cluster  PP_cross    Tree_NB     Tree_Force  Force_corr  Kick        FindCluster CreateGroup MPI_comm    Output      Status      Other      
   0.0010651  7.9627e-06  8.5556e-05           0  0.00013844  0.00080145   7.474e-06  3.4831e-06  8.3137e-06  1.2939e-05  7.5169e-07  5.1807e-07   5.293e-09  1.6364e-06
   0.0010651  7.9931e-06  8.5592e-05           0  0.00013724  0.00079704  7.5188e-06  3.5131e-06  8.3462e-06  1.2956e-05  7.8155e-07   5.182e-07  5.3223e-09  1.7202e-06
**** FDPS tree soft force time profile (local):
 Sample_ptcl Domain_deco Ex_ptcl     SetRootCell Make_LT     Make_LET    Make_GT     Make_Group  Make_I_list Calc_force  Write_back 
           0           0           0  4.0031e-06  0.00012301  1.6355e-05  9.6173e-05  1.9867e-06  5.6014e-05  0.00045658  9.7339e-06
**** Tree neighbor time profile (local):
 Sample_ptcl Domain_deco Ex_ptcl     SetRootCell Make_LT     Make_LET    Make_GT     Make_Group  Make_I_list Calc_force  Write_back 
           0           0           0  1.8384e-06  5.4383e-05  8.6188e-06  4.0761e-05  5.6136e-07  9.1278e-06  9.9955e-06  2.6055e-06
**** Number per step (global):
 PP_single   PP_cluster  PP_cross    Cluster     Cross       AR_step_sum
      993.54       6.457           0      2.7969           0      46.739
 AR_tsyn_sum Stab_Ngroup Iso_Ngroup  Form_Ngroup End_Ngroup  Modf_Ngroup Merg_Ngroup H4_step_sum H4_no_NB    Ep-Ep_sum   Ep-Sp_sum  
      14.515           1           0           0           0           0           0      31.006           0  8.4205e+05       18983
**** Number of members in clusters (global):
N_members:            1           2           3
Count    :       993.54      1.9336     0.86328

Time: 120  N_real(loc): 1000  N_real(glb): 1000  N_all(loc): 1012  N_all(glb): 1012  N_remove(glb): 0  N_escape(glb): 0
Energy:     Error/Total         Error     Error_cum         Total       Kinetic     Potential        Modify  Modify_group Modify_single      Error_PP  Error_PP_cum
Physic:     0.001862568     0.2158392        91.935      115.8826      639.9188     -524.0362      266.1691             0             0   -0.00114209   -0.03937208
Slowdown:   0.001629723     0.2172664       92.0685      133.3149      633.5186     -500.2037      1531.702             0             0  3.554091e-06    0.01200719
Angular Momentum:  |L|err: 77.85327  |L|err_cum: 4448.919  L: -3024.877   440.3764    3266.62  |L|: 4473.77
C.M.: mass: 526.4074 pos: -6.361798   4.472801    1.337542 vel: -0.07073288   0.03578268    0.01336501
Tree step number: 1024
**** Wallclock time per step (local): [Min/Max]
 Total       PP_single   PP_cluster  PP_cross    Tree_NB     Tree_Force  Force_corr  Kick        FindCluster CreateGroup MPI_comm    Output      Status      Other      
   0.0010058  7.3215e-06  8.4304e-05           0  0.00013458  0.00074993  6.7905e-06  3.4335e-06  8.6015e-06  1.1678e-05  6.4302e-07   4.877e-07   5.165e-09  1.6372e-06
   0.0010058  7.3515e-06   8.434e-05           0  0.00013344  0.00074561  6.8351e-06   3.463e-06  8.6329e-06  1.1695e-05  6.7258e-07   4.878e-07  5.1855e-09  1.7186e-06
**** FDPS tree soft force time profile (local):
 Sample_ptcl Domain_deco Ex_ptcl     SetRootCell Make_LT     Make_LET    Make_GT     Make_Group  Make_I_list Calc_force  Write_back 
           0           0           0  3.6535e-06  0.00011932  1.5543e-05  9.2756e-05  1.8858e-06  5.3431e-05  0.00041572  9.4781e-06
**** Tree neighbor time profile (local):
 Sample_ptcl Domain_deco Ex_ptcl     SetRootCell Make_LT     Make_LET    Make_GT     Make_Group  Make_I_list Calc_force  Write_back 
           0           0           0  1.9594e-06   5.313e-05  8.8066e-06  3.9452e-05  5.3816e-07  8.5806e-06   9.603e-06   2.482e-06
**** Number per step (global):
 PP_single   PP_cluster  PP_cross    Cluster     Cross       AR_step_sum
      991.67       8.332           0      3.7197           0      47.658
 AR_tsyn_sum Stab_Ngroup Iso_Ngroup  Form_Ngroup End_Ngroup  Modf_Ngroup Merg_Ngroup H4_step_sum H4_no_NB    Ep-Ep_sum   Ep-Sp_sum  
       14.94           1           0           0           0           0           0      38.405           0  8.3631e+05       20566
**** Number of members in clusters (global):
N_members:            1           2           3
Count    :       991.67      2.8271     0.89258

Time: 121  N_real(loc): 1000  N_real(glb): 1000  N_all(loc): 1012  N_all(glb): 1012  N_remove(glb): 0  N_escape(glb): 0
Energy:     Error/Total         Error     Error_cum         Total       Kinetic     Potential        Modify  Modify_group Modify_single      Error_PP  Error_PP_cum
Physic:    0.0008050541    0.09444575      92.02945       117.316       638.744      -521.428      267.5081             0             0  -0.001276226   -0.04064831
Slowdown:  0.0007117139    0.09593225      92.16443      134.7905      632.3282     -497.5377      1550.514             0             0  3.645803e-06    0.01201084
Angular Momentum:  |L|err: 75.64935  |L|err_cum: 4524.568  L: -3090.799   448.8367    3307.934  |L|: 4549.387
C.M.: mass: 526.4074 pos: -6.438673   4.378424    1.347912 vel: -0.06540454   0.03414574    0.01248004
Tree step number: 1024
**** Wallclock time per step (local): [Min/Max]
 Total       PP_single   PP_cluster  PP_cross    Tree_NB     Tree_Force  Force_corr  Kick        FindCluster CreateGroup MPI_comm    Output      Status      Other      
   0.0011261  8.8366e-06  9.3428e-05           0  0.00015197    0.000838  7.5314e-06  3.9547e-06  9.7764e-06  1.3384e-05  1.0865e-06  5.0702e-07    5.46e-09  1.8644e-06
   0.0011261   8.868e-06  9.3466e-05           0  0.00015061  0.00083307  7.5769e-06  3.9851e-06  9.8106e-06    1.34e-05  1.1162e-06  5.0709e-07  5.4893e-09  1.9516e-06
**** FDPS tree soft force time profile (local):
 Sample_ptcl Domain_deco Ex_ptcl     SetRootCell Make_LT     Make_LET    Make_GT     Make_Group  Make_I_list Calc_force  Write_back 
           0           0           0  3.8798e-06  0.00012871  1.7973e-05  0.00010152  2.3465e-06  5.5817e-05  0.00047716  1.1013e-05
**** Tree neighbor time profile (local):
 Sample_ptcl Domain_deco Ex_ptcl     SetRootCell Make_LT     Make_LET    Make_GT     Make_Group  Make_I_list Calc_force  Write_back 
           0           0           0  1.9003e-06  5.6573e-05   9.126e-06  4.3188e-05  5.8792e-07  9.1968e-06  1.8021e-05  2.9765e-06
**** Number per step (global):
 PP_single   PP_cluster  PP_cross    Cluster     Cross       AR_step_sum
      992.71      7.2949           0      3.1787           0      48.249
 AR_tsyn_sum Stab_Ngroup Iso_Ngroup  Form_Ngroup End_Ngroup  Modf_Ngroup Merg_Ngroup H4_step_sum H4_no_NB    Ep-Ep_sum   Ep-Sp_sum  
      15.221           1           0           0           0           0           0      32.575           0  8.3732e+05       21115
**** Number of members in clusters (global):
N_members:            1           2           3
Count    :       992.71      2.2412      0.9375

Time: 122  N_real(loc): 1000  N_real(glb): 1000  N_all(loc): 1012  N_all(glb): 1012  N_remove(glb): 0  N_escape(glb): 0
Energy:     Error/Total         Error     Error_cum         Total       Kinetic     Potential        Modify  Modify_group Modify_single      Error_PP  Error_PP_cum
Physic:   -0.0002443734    -0.0290195      92.00043      118.7507      639.3933     -520.6427      268.9718             0             0  -0.001493992    -0.0421423
Slowdown: -0.0002119979   -0.02888841      92.13555      136.2674      632.9618     -496.6943      1569.495             0             0  3.716418e-06    0.01201455
Angular Momentum:  |L|err: 72.76094  |L|err_cum: 4597.329  L: -3154.22   456.9504    3347.547  |L|: 4622.118
C.M.: mass: 526.4074 pos: -6.516108   4.295072    1.357841 vel: -0.07293049   0.02625931    0.01630506
Tree step number: 1024
**** Wallclock time per step (local): [Min/Max]
 Total       PP_single   PP_cluster  PP_cross    Tree_NB     Tree_Force  Force_corr  Kick        FindCluster CreateGroup MPI_comm    Output      Status      Other      
   0.0011729  9.2086e-06  9.8192e-05           0   0.0001723  0.00085881  8.1552e-06  4.4148e-06  9.4824e-06  1.4019e-05   6.983e-07  5.9956e-07  5.3906e-09  2.0295e-06
   0.0011729  9.2411e-06  9.8234e-05           0   0.0001709  0.00085301  8.2016e-06  4.4453e-06  9.5178e-06  1.4036e-05  7.2821e-07  5.9972e-07  5.4199e-09  2.1091e-06
**** FDPS tree soft force time profile (local):
 Sample_ptcl Domain_deco Ex_ptcl     SetRootCell Make_LT     Make_LET    Make_GT     Make_Group  Make_I_list Calc_force  Write_back 
           0           0           0  4.3744e-06  0.00013646  1.9059e-05  0.00010405  2.2104e-06  4.7611e-05  0.00049396  1.2649e-05
**** Tree neighbor time profile (local):
 Sample_ptcl Domain_deco Ex_ptcl     SetRootCell Make_LT     Make_LET    Make_GT     Make_Group  Make_I_list Calc_force  Write_back 
           0           0           0  2.1755e-06  5.8147e-05  9.9674e-06  4.4114e-05  5.7789e-07   8.761e-06  3.5586e-05  3.0781e-06
**** Number per step (global):
 PP_single   PP_cluster  PP_cross    Cluster     Cross       AR_step_sum
      993.19      6.8145           0      2.9072           0      48.877
 AR_tsyn_sum Stab_Ngroup Iso_Ngroup  Form_Ngroup End_Ngroup  Modf_Ngroup Merg_Ngroup H4_step_sum H4_no_NB    Ep-Ep_sum   Ep-Sp_sum  
      15.609           1           0           0           0           0           0      31.682           0  8.4451e+05       19219
**** Number of members in clusters (global):
N_members:            1           2           3
Count    :       993.19      1.9072           1

Time: 123  N_real(loc): 1000  N_real(glb): 1000  N_all(loc): 1012  N_all(glb): 1012  N_remove(glb): 0  N_escape(glb): 0
Energy:     Error/Total         Error     Error_cum         Total       Kinetic     Potential        Modify  Modify_group Modify_single      Error_PP  Error_PP_cum
Physic:   -0.0002325289    -0.0279361      91.97249      120.1404      640.1951     -520.0547      270.3894             0             0  -0.001450173   -0.04359247
Slowdown: -0.0001923201   -0.02648213      92.10906      137.6982      633.7482       -496.05      1588.469             0             0  3.804729e-06    0.01201836
Angular Momentum:  |L|err: 69.67475  |L|err_cum: 4667.004  L: -3215.134   464.7097    3385.204  |L|: 4691.763
C.M.: mass: 526.4074 pos: -6.588113   4.215681    1.37275 vel: -0.06294707   0.02004198    0.009734936
Tree step number: 1024
**** Wallclock time per step (local): [Min/Max]
 Total       PP_single   PP_cluster  PP_cross    Tree_NB     Tree_Force  Force_corr  Kick        FindCluster CreateGroup MPI_comm    Output      Status      Other      
   0.0011316  8.2551e-06  9.2114e-05           0  0.00015939   0.0008393  7.4534e-06  3.5679e-06  9.0383e-06  1.3144e-05  6.6151e-07  6.6515e-07  5.4395e-09  1.7729e-06
   0.0011316  8.2865e-06   9.215e-05           0  0.00015804  0.00083476  7.4989e-06  3.5982e-06  9.0726e-06  1.3161e-05  6.9071e-07  6.6557e-07   5.459e-09   1.854e-06
**** FDPS tree soft force time profile (local):
 Sample_ptcl Domain_deco Ex_ptcl     SetRootCell Make_LT     Make_LET    Make_GT     Make_Group  Make_I_list Calc_force  Write_back 
           0           0           0  3.7174e-06  0.00012518  1.7134e-05  0.00010081  2.1023e-06  4.4367e-05  0.00049799  1.0001e-05
**** Tree neighbor time profile (local):
 Sample_ptcl Domain_deco Ex_ptcl     SetRootCell Make_LT     Make_LET    Make_GT     Make_Group  Make_I_list Calc_force  Write_back 
           0           0           0  2.0403e-06  5.4201e-05  9.1792e-06  4.1122e-05  5.4097e-07  8.2129e-06  3.1072e-05  2.9158e-06
**** Number per step (global):
 PP_single   PP_cluster  PP_cross    Cluster     Cross       AR_step_sum
      992.26      7.7441           0      3.3389           0      48.878
 AR_tsyn_sum Stab_Ngroup Iso_Ngroup  Form_Ngroup End_Ngroup  Modf_Ngroup Merg_Ngroup H4_step_sum H4_no_NB    Ep-Ep_sum   Ep-Sp_sum  
      15.627           1           0           0           0           0           0      36.353           0  8.4642e+05       18183
**** Number of members in clusters (global):
N_members:            1           2           3
Count    :       992.26      2.2725      1.0664

Time: 124  N_real(loc): 1000  N_real(glb): 1000  N_all(loc): 1012  N_all(glb): 1012  N_remove(glb): 0  N_escape(glb): 0
Energy:     Error/Total         Error     Error_cum         Total       Kinetic     Potential        Modify  Modify_group Modify_single      Error_PP  Error_PP_cum
Physic:    -0.000212029   -0.02574848      91.94674      121.4385      645.2767     -523.8382      271.7133             0             0  -0.001344122   -0.04493659
Slowdown: -0.0001755001    -0.0244005      92.08466      139.0342      638.8156     -499.7814      1607.387             0             0  3.855173e-06    0.01202221
Angular Momentum:  |L|err: 67.30699  |L|err_cum: 4734.311  L: -3274.479   472.2147    3421.006  |L|: 4759.042
C.M.: mass: 526.4074 pos: -6.654161   4.196541    1.378373 vel: -0.06608635   -0.001319657    0.01063122
Tree step number: 1024
**** Wallclock time per step (local): [Min/Max]
 Total       PP_single   PP_cluster  PP_cross    Tree_NB     Tree_Force  Force_corr  Kick        FindCluster CreateGroup MPI_comm    Output      Status      Other      
   0.0011347   8.341e-06  9.3982e-05           0  0.00015927  0.00084085  7.8343e-06  3.4791e-06   9.293e-06  1.2593e-05   6.726e-07  5.4576e-07  6.3213e-09  1.7557e-06
   0.0011347  8.3721e-06  9.4019e-05           0    0.000158   0.0008361  7.8799e-06   3.509e-06  9.3263e-06  1.2609e-05  7.0225e-07  5.4586e-07  6.3506e-09   1.838e-06
**** FDPS tree soft force time profile (local):
 Sample_ptcl Domain_deco Ex_ptcl     SetRootCell Make_LT     Make_LET    Make_GT     Make_Group  Make_I_list Calc_force  Write_back 
           0           0           0  5.1528e-06  0.00012759  1.7297e-05  9.9577e-05  1.9462e-06  4.4557e-05  0.00049821  1.0407e-05
**** Tree neighbor time profile (local):
 Sample_ptcl Domain_deco Ex_ptcl     SetRootCell Make_LT     Make_LET    Make_GT     Make_Group  Make_I_list Calc_force  Write_back 
           0           0           0  1.7047e-06  5.4686e-05  8.9457e-06  4.1913e-05  5.3812e-07  7.6502e-06  3.0642e-05  2.7701e-06
**** Number per step (global):
 PP_single   PP_cluster  PP_cross    Cluster     Cross       AR_step_sum
      990.49      9.5088           0      4.1211           0      49.028
 AR_tsyn_sum Stab_Ngroup Iso_Ngroup  Form_Ngroup End_Ngroup  Modf_Ngroup Merg_Ngroup H4_step_sum H4_no_NB    Ep-Ep_sum   Ep-Sp_sum  
      15.717           1           0           0           0           0           0      40.981           0  8.4893e+05       17117
**** Number of members in clusters (global):
N_members:            1           2           3           4           5
Count    :       990.49       2.915      1.1465    0.058594  0.00097656

Time: 125  N_real(loc): 1000  N_real(glb): 1000  N_all(loc): 1012  N_all(glb): 1012  N_remove(glb): 0  N_escape(glb): 0
Energy:     Error/Total         Error     Error_cum         Total       Kinetic     Potential        Modify  Modify_group Modify_single      Error_PP  Error_PP_cum
Physic:   -0.0001849934   -0.02268271      91.92406      122.6137      643.9112     -521.2975      272.9111             0             0  -0.001186635   -0.04612323
Slowdown:  -0.000153249   -0.02149206      92.06317      140.2427      637.4374     -497.1947      1626.212             0             0  4.017477e-06    0.01202623
Angular Momentum:  |L|err: 66.51352  |L|err_cum: 4800.824  L: -3334.018   479.6606    3455.422  |L|: 4825.525
C.M.: mass: 526.4074 pos: -6.719704   4.155794    1.40389 vel: -0.07010905   0.01098892    0.006318795
Tree step number: 1024
**** Wallclock time per step (local): [Min/Max]
 Total       PP_single   PP_cluster  PP_cross    Tree_NB     Tree_Force  Force_corr  Kick        FindCluster CreateGroup MPI_comm    Output      Status      Other      
   0.0010319  8.1688e-06  9.1498e-05           0  0.00015967  0.00074091  7.4083e-06  3.9395e-06  9.1401e-06  1.2085e-05  6.3182e-07  6.1776e-07  5.2051e-09  1.8067e-06
   0.0010319  8.2003e-06  9.1537e-05           0  0.00015838  0.00073623  7.4543e-06  3.9701e-06  9.1741e-06  1.2101e-05   6.616e-07   6.179e-07  5.2344e-09  1.8751e-06
**** FDPS tree soft force time profile (local):
 Sample_ptcl Domain_deco Ex_ptcl     SetRootCell Make_LT     Make_LET    Make_GT     Make_Group  Make_I_list Calc_force  Write_back 
           0           0           0  3.7864e-06  0.00012462  1.6581e-05  9.7885e-05  1.9725e-06  3.8054e-05  0.00041084  1.0255e-05
**** Tree neighbor time profile (local):
 Sample_ptcl Domain_deco Ex_ptcl     SetRootCell Make_LT     Make_LET    Make_GT     Make_Group  Make_I_list Calc_force  Write_back 
           0           0           0  1.8101e-06  5.4202e-05  8.7882e-06  4.1578e-05  4.6331e-07  8.4858e-06  3.1757e-05  2.7907e-06
**** Number per step (global):
 PP_single   PP_cluster  PP_cross    Cluster     Cross       AR_step_sum
      990.48      9.5225           0      3.9834           0      49.133
 AR_tsyn_sum Stab_Ngroup Iso_Ngroup  Form_Ngroup End_Ngroup  Modf_Ngroup Merg_Ngroup H4_step_sum H4_no_NB    Ep-Ep_sum   Ep-Sp_sum  
      15.785           1           0           0           0           0           0      43.342           0   8.702e+05       13162
**** Number of members in clusters (global):
N_members:            1           2           3           4           5
Count    :       990.48      2.7598           1     0.11523      0.1084

Time: 126  N_real(loc): 1000  N_real(glb): 1000  N_all(loc): 1012  N_all(glb): 1012  N_remove(glb): 0  N_escape(glb): 0
Energy:     Error/Total         Error     Error_cum         Total       Kinetic     Potential        Modify  Modify_group Modify_single      Error_PP  Error_PP_cum
Physic:   -0.0001547306   -0.01913294      91.90493      123.6532      646.0676     -522.4144      273.9698             0             0 -0.0009987325   -0.04712196
Slowdown:  -0.000128299      -0.01813      92.04504      141.3105       639.583     -498.2725      1644.927             0             0  4.208776e-06    0.01203044
Angular Momentum:  |L|err: 68.0244  |L|err_cum: 4868.848  L: -3396.236   487.3211    3489.212  |L|: 4893.516
C.M.: mass: 526.4074 pos: -6.774893   4.209934    1.423691 vel: -0.05715655   0.008605635    0.01280179
Tree step number: 1024
**** Wallclock time per step (local): [Min/Max]
 Total       PP_single   PP_cluster  PP_cross    Tree_NB     Tree_Force  Force_corr  Kick        FindCluster CreateGroup MPI_comm    Output      Status      Other      
  0.00096147  7.5137e-06  8.7222e-05           0  0.00015538  0.00068149  6.7863e-06  3.5568e-06  8.8886e-06  1.1679e-05  6.4455e-07  5.0011e-07  6.4277e-09  1.5574e-06
   0.0009615  7.5446e-06  8.7259e-05           0  0.00015418  0.00067717  6.8317e-06   3.587e-06  8.9206e-06  1.1696e-05   6.738e-07  5.0021e-07   6.457e-09  1.6219e-06
**** FDPS tree soft force time profile (local):
 Sample_ptcl Domain_deco Ex_ptcl     SetRootCell Make_LT     Make_LET    Make_GT     Make_Group  Make_I_list Calc_force  Write_back 
           0           0           0  3.6733e-06  0.00012461  1.5722e-05  9.7399e-05  1.8695e-06  3.6141e-05  0.00035657  9.3904e-06
**** Tree neighbor time profile (local):
 Sample_ptcl Domain_deco Ex_ptcl     SetRootCell Make_LT     Make_LET    Make_GT     Make_Group  Make_I_list Calc_force  Write_back 
           0           0           0  1.7032e-06  5.3806e-05  8.5773e-06  4.1281e-05  4.1753e-07   8.429e-06  2.9182e-05  2.6094e-06
**** Number per step (global):
 PP_single   PP_cluster  PP_cross    Cluster     Cross       AR_step_sum
      989.74      10.258           0      4.6289           0      49.584
 AR_tsyn_sum Stab_Ngroup Iso_Ngroup  Form_Ngroup End_Ngroup  Modf_Ngroup Merg_Ngroup H4_step_sum H4_no_NB    Ep-Ep_sum   Ep-Sp_sum  
      15.976           1           0   0.0048828  0.00097656           0           0      45.581   0.0058594  8.7484e+05       12473
**** Number of members in clusters (global):
N_members:            1           2           3
Count    :       989.74      3.6289           1

Time: 127  N_real(loc): 1000  N_real(glb): 1000  N_all(loc): 1012  N_all(glb): 1012  N_remove(glb): 0  N_escape(glb): 0
Energy:     Error/Total         Error     Error_cum         Total       Kinetic     Potential        Modify  Modify_group Modify_single      Error_PP  Error_PP_cum
Physic:   -0.0001286745   -0.01603138       91.8889      124.5886      646.4977     -521.9092      274.9212             0             0 -0.0008347786   -0.04795674
Slowdown: -0.0001067866   -0.01519246      92.02985      142.2694      640.0039     -497.7345      1663.559             0             0  4.137913e-06    0.01203458
Angular Momentum:  |L|err: 72.83323  |L|err_cum: 4941.682  L: -3464.446   495.5693    3523.672  |L|: 4966.31
C.M.: mass: 526.4074 pos: -6.828892   4.313304    1.437684 vel: -0.07275809   0.00991421    0.004568352
Tree step number: 1024
**** Wallclock time per step (local): [Min/Max]
 Total       PP_single   PP_cluster  PP_cross    Tree_NB     Tree_Force  Force_corr  Kick        FindCluster CreateGroup MPI_comm    Output      Status      Other      
  0.00091976  7.4402e-06  8.8202e-05           0  0.00015153  0.00064276  6.7304e-06  3.4338e-06  8.5672e-06  1.1616e-05  6.2841e-07  8.6805e-07  8.3359e-09  1.5521e-06
  0.00091979  7.4712e-06   8.824e-05           0  0.00015024  0.00063841   6.775e-06  3.4633e-06  8.6006e-06  1.1632e-05  6.5788e-07   8.684e-07  8.3652e-09  1.6151e-06
**** FDPS tree soft force time profile (local):
 Sample_ptcl Domain_deco Ex_ptcl     SetRootCell Make_LT     Make_LET    Make_GT     Make_Group  Make_I_list Calc_force  Write_back 
           0           0           0  3.4986e-06   0.0001224   1.577e-05  9.6632e-05  1.8339e-06  3.6078e-05  0.00032203  9.4766e-06
**** Tree neighbor time profile (local):
 Sample_ptcl Domain_deco Ex_ptcl     SetRootCell Make_LT     Make_LET    Make_GT     Make_Group  Make_I_list Calc_force  Write_back 
           0           0           0  1.8664e-06  5.3442e-05  8.3237e-06   4.139e-05  4.0828e-07  8.6371e-06   2.527e-05  2.8483e-06
**** Number per step (global):
 PP_single   PP_cluster  PP_cross    Cluster     Cross       AR_step_sum
      990.38       9.623           0      4.2617           0      49.983
 AR_tsyn_sum Stab_Ngroup Iso_Ngroup  Form_Ngroup End_Ngroup  Modf_Ngroup Merg_Ngroup H4_step_sum H4_no_NB    Ep-Ep_sum   Ep-Sp_sum  
      16.133           1           0           0           0           0           0       43.99           0  8.7218e+05       13081
**** Number of members in clusters (global):
N_members:            1           2           3           4
Count    :       990.38      3.1699       1.084   0.0078125

Time: 128  N_real(loc): 1000  N_real(glb): 1000  N_all(loc): 1012  N_all(glb): 1012  N_remove(glb): 0  N_escape(glb): 0
Energy:     Error/Total         Error     Error_cum         Total       Kinetic     Potential        Modify  Modify_group Modify_single      Error_PP  Error_PP_cum
Physic:   -0.0001204058   -0.01511429      91.87378      125.5279      646.4981     -520.9701      275.8757             0             0 -0.0007905949   -0.04874734
Slowdown: -9.997751e-05   -0.01431989      92.01553      143.2311      639.9954     -496.7643      1682.216             0             0  3.809247e-06    0.01203839
Angular Momentum:  |L|err: 80.02049  |L|err_cum: 5021.702  L: -3540.621   504.6434    3560.104  |L|: 5046.286
C.M.: mass: 526.4074 pos: -6.88103   4.472106    1.449725 vel: -0.06488685   0.01994923    0.006675861
Tree step number: 1024
**** Wallclock time per step (local): [Min/Max]
 Total       PP_single   PP_cluster  PP_cross    Tree_NB     Tree_Force  Force_corr  Kick        FindCluster CreateGroup MPI_comm    Output      Status      Other      
  0.00086139  7.2396e-06  8.6546e-05           0  0.00014482  0.00059454  6.6137e-06  3.5943e-06  8.2174e-06  1.0801e-05  6.0054e-07   5.162e-07  7.9736e-09  1.5284e-06
  0.00086142  7.2702e-06  8.6584e-05           0  0.00014362  0.00059002  6.6591e-06  3.6296e-06  8.2502e-06  1.0817e-05  6.2987e-07  5.1638e-07  8.0029e-09  1.5928e-06
**** FDPS tree soft force time profile (local):
 Sample_ptcl Domain_deco Ex_ptcl     SetRootCell Make_LT     Make_LET    Make_GT     Make_Group  Make_I_list Calc_force  Write_back 
           0           0           0  3.5326e-06  0.00011856  1.5332e-05  9.3576e-05  1.7323e-06    3.47e-05  0.00028189  9.8238e-06
**** Tree neighbor time profile (local):
 Sample_ptcl Domain_deco Ex_ptcl     SetRootCell Make_LT     Make_LET    Make_GT     Make_Group  Make_I_list Calc_force  Write_back 
           0           0           0  1.8932e-06  5.2141e-05  8.0607e-06  4.1263e-05   3.987e-07  7.8311e-06  2.1408e-05  2.6044e-06
**** Number per step (global):
 PP_single   PP_cluster  PP_cross    Cluster     Cross       AR_step_sum
      990.88       9.123           0      4.0615           0      50.019
 AR_tsyn_sum Stab_Ngroup Iso_Ngroup  Form_Ngroup End_Ngroup  Modf_Ngroup Merg_Ngroup H4_step_sum H4_no_NB    Ep-Ep_sum   Ep-Sp_sum  
      16.174           1           0           0           0           0           0      41.006           0  8.7146e+05       13724
**** Number of members in clusters (global):
N_members:            1           2           3
Count    :       990.88      3.0615           1

Time: 129  N_real(loc): 1000  N_real(glb): 1000  N_all(loc): 1012  N_all(glb): 1012  N_remove(glb): 0  N_escape(glb): 0
Energy:     Error/Total         Error     Error_cum         Total       Kinetic     Potential        Modify  Modify_group Modify_single      Error_PP  Error_PP_cum
Physic:   -0.0001362896   -0.01725339      91.85653      126.5935      651.2093     -524.6157      276.9586             0             0 -0.0009060053   -0.04965334
Slowdown: -0.0001132454   -0.01634382      91.99918      144.3222      644.6965     -500.3743      1701.026             0             0  3.561804e-06    0.01204195
Angular Momentum:  |L|err: 86.0405  |L|err_cum: 5107.743  L: -3622.967   514.3627    3598.585  |L|: 5132.278
C.M.: mass: 526.4074 pos: -6.931412   4.652829    1.460298 vel: -0.06304025   0.02102882    0.01188065
Tree step number: 1024
**** Wallclock time per step (local): [Min/Max]
 Total       PP_single   PP_cluster  PP_cross    Tree_NB     Tree_Force  Force_corr  Kick        FindCluster CreateGroup MPI_comm    Output      Status      Other      
  0.00088282  7.4376e-06  8.9666e-05           0  0.00015126  0.00060398   6.846e-06  3.8209e-06  8.8503e-06  1.1558e-05  6.3483e-07  7.3715e-07  6.0859e-09  1.5666e-06
  0.00088285  7.4693e-06  8.9705e-05           0   0.0001498  0.00059997  6.8918e-06  3.8512e-06  8.8845e-06  1.1575e-05  6.6469e-07  7.3727e-07  6.1152e-09   1.631e-06
**** FDPS tree soft force time profile (local):
 Sample_ptcl Domain_deco Ex_ptcl     SetRootCell Make_LT     Make_LET    Make_GT     Make_Group  Make_I_list Calc_force  Write_back 
           0           0           0  3.5721e-06  0.00012141  1.5489e-05  9.6718e-05  1.7485e-06  3.5224e-05  0.00028558  8.7928e-06
**** Tree neighbor time profile (local):
 Sample_ptcl Domain_deco Ex_ptcl     SetRootCell Make_LT     Make_LET    Make_GT     Make_Group  Make_I_list Calc_force  Write_back 
           0           0           0  1.7776e-06  5.3246e-05    8.73e-06  4.2936e-05  4.1378e-07  8.5574e-06  2.2952e-05  3.1448e-06
**** Number per step (global):
 PP_single   PP_cluster  PP_cross    Cluster     Cross       AR_step_sum
         990       9.999           0      4.4463           0      50.229
 AR_tsyn_sum Stab_Ngroup Iso_Ngroup  Form_Ngroup End_Ngroup  Modf_Ngroup Merg_Ngroup H4_step_sum H4_no_NB    Ep-Ep_sum   Ep-Sp_sum  
      16.256           1           0           0           0           0           0      44.759           0  8.7234e+05       13334
**** Number of members in clusters (global):
N_members:            1           2           3
Count    :          990      3.3398      1.1064

Time: 130  N_real(loc): 1000  N_real(glb): 1000  N_all(loc): 1012  N_all(glb): 1012  N_remove(glb): 0  N_escape(glb): 0
Energy:     Error/Total         Error     Error_cum         Total       Kinetic     Potential        Modify  Modify_group Modify_single      Error_PP  Error_PP_cum
Physic:   -0.0001660036   -0.02122178      91.83531      127.8393      647.6232     -519.7839      278.2255             0             0  -0.001110415   -0.05076376
Slowdown: -0.0001381048   -0.02010791      91.97908      145.5989      641.0983     -495.4994      1720.052             0             0  3.451533e-06     0.0120454
Angular Momentum:  |L|err: 88.61762  |L|err_cum: 5196.36  L: -3707.642   524.3062    3638.093  |L|: 5220.846
C.M.: mass: 526.4074 pos: -6.984543   4.770769    1.471019 vel: -0.06163766   0.02253854    0.0031074
Tree step number: 1024
**** Wallclock time per step (local): [Min/Max]
 Total       PP_single   PP_cluster  PP_cross    Tree_NB     Tree_Force  Force_corr  Kick        FindCluster CreateGroup MPI_comm    Output      Status      Other      
  0.00089607  7.5551e-06   8.728e-05           0  0.00014775  0.00062392  7.0274e-06  3.8048e-06  8.5238e-06  1.1072e-05  6.0798e-07  5.0193e-07  7.1621e-09  1.5417e-06
   0.0008961  7.5858e-06  8.7319e-05           0  0.00014653  0.00061974  7.0724e-06  3.8352e-06  8.5566e-06  1.1089e-05  6.3751e-07  5.0222e-07  7.1914e-09  1.6058e-06
**** FDPS tree soft force time profile (local):
 Sample_ptcl Domain_deco Ex_ptcl     SetRootCell Make_LT     Make_LET    Make_GT     Make_Group  Make_I_list Calc_force  Write_back 
           0           0           0  3.6702e-06  0.00011971  1.5377e-05  9.4256e-05   1.686e-06  3.4612e-05  0.00031048  9.0875e-06
**** Tree neighbor time profile (local):
 Sample_ptcl Domain_deco Ex_ptcl     SetRootCell Make_LT     Make_LET    Make_GT     Make_Group  Make_I_list Calc_force  Write_back 
           0           0           0  1.6887e-06  5.3823e-05  8.3205e-06  3.9364e-05  4.0072e-07  7.8729e-06  2.4168e-05  2.6347e-06
**** Number per step (global):
 PP_single   PP_cluster  PP_cross    Cluster     Cross       AR_step_sum
      990.73      9.2725           0      4.1289           0      48.915
 AR_tsyn_sum Stab_Ngroup Iso_Ngroup  Form_Ngroup End_Ngroup  Modf_Ngroup Merg_Ngroup H4_step_sum H4_no_NB    Ep-Ep_sum   Ep-Sp_sum  
      15.749           1           0           0           0           0           0      41.185           0  8.7372e+05       12820
**** Number of members in clusters (global):
N_members:            1           2           3
Count    :       990.73      3.1143      1.0146

Time: 131  N_real(loc): 1000  N_real(glb): 1000  N_all(loc): 1012  N_all(glb): 1012  N_remove(glb): 0  N_escape(glb): 0
Energy:     Error/Total         Error     Error_cum         Total       Kinetic     Potential        Modify  Modify_group Modify_single      Error_PP  Error_PP_cum
Physic:   -0.0001932165   -0.02497456      91.81033      129.2569      648.3041     -519.0472      279.6681             0             0  -0.001319789   -0.05208354
Slowdown: -0.0001608349   -0.02365135      91.95543      147.0536      641.7648     -494.7112       1739.29             0             0  3.423027e-06    0.01204882
Angular Momentum:  |L|err: 88.42439  |L|err_cum: 5284.785  L: -3791.783   534.1546    3677.622  |L|: 5309.222
C.M.: mass: 526.4074 pos: -7.040886   4.875241    1.479966 vel: -0.05908265   0.01991387    0.008313031
Tree step number: 1024
**** Wallclock time per step (local): [Min/Max]
 Total       PP_single   PP_cluster  PP_cross    Tree_NB     Tree_Force  Force_corr  Kick        FindCluster CreateGroup MPI_comm    Output      Status      Other      
  0.00093315  7.5334e-06  8.5102e-05           0   0.0001524  0.00065867  6.9891e-06  3.5929e-06  8.5024e-06  1.1263e-05  6.3618e-07  5.2201e-07   6.418e-09  1.5885e-06
  0.00093318   7.564e-06   8.514e-05           0  0.00015115  0.00065448  7.0342e-06  3.6232e-06  8.5346e-06   1.128e-05   6.658e-07  5.2222e-07  6.4473e-09  1.6524e-06
**** FDPS tree soft force time profile (local):
 Sample_ptcl Domain_deco Ex_ptcl     SetRootCell Make_LT     Make_LET    Make_GT     Make_Group  Make_I_list Calc_force  Write_back 
           0           0           0  3.7956e-06  0.00012137  1.5533e-05   9.459e-05  1.8903e-06  3.4149e-05  0.00034301  9.1445e-06
**** Tree neighbor time profile (local):
 Sample_ptcl Domain_deco Ex_ptcl     SetRootCell Make_LT     Make_LET    Make_GT     Make_Group  Make_I_list Calc_force  Write_back 
           0           0           0  1.6984e-06  5.2949e-05  8.7399e-06  3.9943e-05  4.0573e-07  8.3265e-06  2.8152e-05   2.699e-06
**** Number per step (global):
 PP_single   PP_cluster  PP_cross    Cluster     Cross       AR_step_sum
      990.18      9.8203           0      4.3154           0      47.111
 AR_tsyn_sum Stab_Ngroup Iso_Ngroup  Form_Ngroup End_Ngroup  Modf_Ngroup Merg_Ngroup H4_step_sum H4_no_NB    Ep-Ep_sum   Ep-Sp_sum  
      15.095           1           0           0           0           0           0      44.083           0  8.7668e+05       12150
**** Number of members in clusters (global):
N_members:            1           2           3
Count    :       990.18       3.126      1.1895

Time: 132  N_real(loc): 1000  N_real(glb): 1000  N_all(loc): 1012  N_all(glb): 1012  N_remove(glb): 0  N_escape(glb): 0
Energy:     Error/Total         Error     Error_cum         Total       Kinetic     Potential        Modify  Modify_group Modify_single      Error_PP  Error_PP_cum
Physic:   -0.0002179623   -0.02851463      91.78182      130.8237      649.8442     -519.0205      281.2634             0             0  -0.001508323   -0.05359187
Slowdown: -0.0001816388   -0.02700289      91.92842      148.6625      643.2887     -494.6261      1758.722             0             0  3.421001e-06    0.01205225
Angular Momentum:  |L|err: 86.96189  |L|err_cum: 5371.747  L: -3874.129   543.7692    3716.685  |L|: 5396.139
C.M.: mass: 526.4074 pos: -7.094674   4.949899    1.49103 vel: -0.06316913   0.03252324    0.01152481
Tree step number: 1024
**** Wallclock time per step (local): [Min/Max]
 Total       PP_single   PP_cluster  PP_cross    Tree_NB     Tree_Force  Force_corr  Kick        FindCluster CreateGroup MPI_comm    Output      Status      Other      
  0.00095673  7.3488e-06  8.3622e-05           0  0.00015607  0.00067941  7.1573e-06  3.7613e-06  8.3792e-06  1.1244e-05  6.1487e-07  7.2894e-07  1.0048e-08  1.7435e-06
  0.00095676  7.3793e-06  8.3659e-05           0  0.00015481  0.00067535  7.2026e-06  3.7912e-06  8.4116e-06  1.1261e-05   6.443e-07  7.2948e-07  1.0077e-08  1.8068e-06
**** FDPS tree soft force time profile (local):
 Sample_ptcl Domain_deco Ex_ptcl     SetRootCell Make_LT     Make_LET    Make_GT     Make_Group  Make_I_list Calc_force  Write_back 
           0           0           0  3.7736e-06   0.0001204  1.5224e-05  9.6351e-05  1.8733e-06  3.3685e-05  0.00036335  8.8727e-06
**** Tree neighbor time profile (local):
 Sample_ptcl Domain_deco Ex_ptcl     SetRootCell Make_LT     Make_LET    Make_GT     Make_Group  Make_I_list Calc_force  Write_back 
           0           0           0  1.6742e-06  5.4382e-05  8.5079e-06  4.0316e-05  4.0856e-07  7.7774e-06  3.0897e-05  2.7174e-06
**** Number per step (global):
 PP_single   PP_cluster  PP_cross    Cluster     Cross       AR_step_sum
      990.47      9.5293           0      4.2646           0      46.552
 AR_tsyn_sum Stab_Ngroup Iso_Ngroup  Form_Ngroup End_Ngroup  Modf_Ngroup Merg_Ngroup H4_step_sum H4_no_NB    Ep-Ep_sum   Ep-Sp_sum  
      14.946           1           0           0           0           0           0      42.691           0   8.778e+05       12122
**** Number of members in clusters (global):
N_members:            1           2           3
Count    :       990.47      3.2646           1

Time: 133  N_real(loc): 1000  N_real(glb): 1000  N_all(loc): 1012  N_all(glb): 1012  N_remove(glb): 0  N_escape(glb): 0
Energy:     Error/Total         Error     Error_cum         Total       Kinetic     Potential        Modify  Modify_group Modify_single      Error_PP  Error_PP_cum
Physic:   -0.0002407061   -0.03190105      91.74992      132.5311      655.6409     -523.1098      283.0027             0             0  -0.001688748   -0.05528062
Slowdown: -0.0002008345   -0.03020891      91.89821       150.417      649.0672     -498.6502      1778.346             0             0  3.392964e-06    0.01205564
Angular Momentum:  |L|err: 84.90892  |L|err_cum: 5456.656  L: -3954.034   553.0881    3755.146  |L|: 5481.005
C.M.: mass: 526.4074 pos: -7.150146   4.975549    1.508436 vel: -0.05295928   0.02184407    0.0155483
Tree step number: 1024
**** Wallclock time per step (local): [Min/Max]
 Total       PP_single   PP_cluster  PP_cross    Tree_NB     Tree_Force  Force_corr  Kick        FindCluster CreateGroup MPI_comm    Output      Status      Other      
   0.0010961  7.9607e-06  8.5315e-05           0  0.00015762  0.00081428  7.2854e-06  3.5576e-06  8.7007e-06     1.2e-05  5.9597e-07  6.7919e-07  5.4404e-09  1.5713e-06
   0.0010962  7.9913e-06  8.5351e-05           0  0.00015638   0.0008099  7.3443e-06  3.5875e-06  8.7331e-06  1.2017e-05  6.2521e-07  6.7935e-07  5.4697e-09  1.6516e-06
**** FDPS tree soft force time profile (local):
 Sample_ptcl Domain_deco Ex_ptcl     SetRootCell Make_LT     Make_LET    Make_GT     Make_Group  Make_I_list Calc_force  Write_back 
           0           0           0  3.8009e-06  0.00012311  1.5676e-05  9.7605e-05  1.9428e-06  4.2282e-05   0.0004827  9.6214e-06
**** Tree neighbor time profile (local):
 Sample_ptcl Domain_deco Ex_ptcl     SetRootCell Make_LT     Make_LET    Make_GT     Make_Group  Make_I_list Calc_force  Write_back 
           0           0           0  1.7941e-06  5.3827e-05  8.6141e-06  4.0697e-05  4.8794e-07  9.1263e-06  2.9543e-05  2.6734e-06
**** Number per step (global):
 PP_single   PP_cluster  PP_cross    Cluster     Cross       AR_step_sum
      990.94      9.0586           0           4           0      46.895
 AR_tsyn_sum Stab_Ngroup Iso_Ngroup  Form_Ngroup End_Ngroup  Modf_Ngroup Merg_Ngroup H4_step_sum H4_no_NB    Ep-Ep_sum   Ep-Sp_sum  
      15.087           1           0           0           0           0           0      40.692           0  8.5664e+05       14679
**** Number of members in clusters (global):
N_members:            1           2           3
Count    :       990.94      2.9414      1.0586

Time: 134  N_real(loc): 1000  N_real(glb): 1000  N_all(loc): 1012  N_all(glb): 1012  N_remove(glb): 0  N_escape(glb): 0
Energy:     Error/Total         Error     Error_cum         Total       Kinetic     Potential        Modify  Modify_group Modify_single      Error_PP  Error_PP_cum
Physic:   -0.0002634225   -0.03540041      91.71452      134.3864      656.8165     -522.4301      284.8934             0             0  -0.001882259   -0.05716287
Slowdown: -0.0002200221   -0.03351476       91.8647      152.3245      650.2227     -497.8982      1798.173             0             0  3.392475e-06    0.01205903
Angular Momentum:  |L|err: 82.17525  |L|err_cum: 5538.831  L: -4030.628   562.0362    3792.979  |L|: 5563.141
C.M.: mass: 526.4074 pos: -7.211934   4.94666    1.528164 vel: -0.06874444   0.01892795    0.009637043
Tree step number: 1024
**** Wallclock time per step (local): [Min/Max]
 Total       PP_single   PP_cluster  PP_cross    Tree_NB     Tree_Force  Force_corr  Kick        FindCluster CreateGroup MPI_comm    Output      Status      Other      
   0.0011165  7.4331e-06  8.5558e-05           0  0.00015712  0.00083494  7.1998e-06  3.5788e-06  8.8697e-06  1.2135e-05  6.5869e-07  7.9637e-07  7.2793e-09  1.6171e-06
   0.0011166  7.4634e-06  8.5595e-05           0  0.00015593  0.00083069  7.2446e-06  3.6084e-06  8.9018e-06  1.2151e-05  6.8796e-07  7.9652e-07  7.3086e-09  1.7004e-06
**** FDPS tree soft force time profile (local):
 Sample_ptcl Domain_deco Ex_ptcl     SetRootCell Make_LT     Make_LET    Make_GT     Make_Group  Make_I_list Calc_force  Write_back 
           0           0           0  3.8157e-06  0.00012107  1.6027e-05  9.5876e-05  1.9713e-06   4.282e-05  0.00050606  9.3737e-06
**** Tree neighbor time profile (local):
 Sample_ptcl Domain_deco Ex_ptcl     SetRootCell Make_LT     Make_LET    Make_GT     Make_Group  Make_I_list Calc_force  Write_back 
           0           0           0  1.9794e-06  5.3252e-05  8.6247e-06  4.0555e-05  4.8906e-07  8.7061e-06  3.0268e-05  2.5918e-06
**** Number per step (global):
 PP_single   PP_cluster  PP_cross    Cluster     Cross       AR_step_sum
      990.35      9.6504           0      4.0088           0      46.825
 AR_tsyn_sum Stab_Ngroup Iso_Ngroup  Form_Ngroup End_Ngroup  Modf_Ngroup Merg_Ngroup H4_step_sum H4_no_NB    Ep-Ep_sum   Ep-Sp_sum  
      15.123           1           0           0           0           0           0      43.359           0  8.5354e+05       15560
**** Number of members in clusters (global):
N_members:            1           2           3           4
Count    :       990.35      2.5928      1.1992      0.2168

Time: 135  N_real(loc): 1000  N_real(glb): 1000  N_all(loc): 1012  N_all(glb): 1012  N_remove(glb): 0  N_escape(glb): 0
Energy:     Error/Total         Error     Error_cum         Total       Kinetic     Potential        Modify  Modify_group Modify_single      Error_PP  Error_PP_cum
Physic:   -0.0002890049   -0.03942387      91.67509      136.4125      656.6824     -520.2699      286.9589             0             0  -0.002112286   -0.05927516
Slowdown: -0.0002416128   -0.03730718      91.82739       154.409       650.066      -495.657      1818.233             0             0  3.413069e-06    0.01206244
Angular Momentum:  |L|err: 78.06948  |L|err_cum: 5616.9  L: -4102.146   570.4586    3830.124  |L|: 5641.176
C.M.: mass: 526.4074 pos: -7.281477   4.871605    1.554669 vel: -0.05012163   0.02057127    0.01423266
Tree step number: 1024
**** Wallclock time per step (local): [Min/Max]
 Total       PP_single   PP_cluster  PP_cross    Tree_NB     Tree_Force  Force_corr  Kick        FindCluster CreateGroup MPI_comm    Output      Status      Other      
   0.0011353  7.9947e-06  8.4876e-05           0  0.00016159  0.00084908  7.3118e-06  3.5806e-06  9.0865e-06  1.2224e-05  6.0494e-07  7.9166e-07  5.5771e-09  1.7799e-06
   0.0011354  8.0255e-06  8.4913e-05           0  0.00016037  0.00084442   7.357e-06  3.6106e-06  9.1202e-06   1.224e-05   6.345e-07  7.9218e-07  5.6162e-09   1.862e-06
**** FDPS tree soft force time profile (local):
 Sample_ptcl Domain_deco Ex_ptcl     SetRootCell Make_LT     Make_LET    Make_GT     Make_Group  Make_I_list Calc_force  Write_back 
           0           0           0  4.7085e-06  0.00012738    1.66e-05  0.00010008  2.3829e-06   4.383e-05  0.00050761   1.023e-05
**** Tree neighbor time profile (local):
 Sample_ptcl Domain_deco Ex_ptcl     SetRootCell Make_LT     Make_LET    Make_GT     Make_Group  Make_I_list Calc_force  Write_back 
           0           0           0  2.0257e-06  5.4818e-05  9.0186e-06  4.1596e-05  5.1043e-07  9.3204e-06  3.2044e-05  2.6682e-06
**** Number per step (global):
 PP_single   PP_cluster  PP_cross    Cluster     Cross       AR_step_sum
      990.95      9.0508           0      4.0254           0      45.456
 AR_tsyn_sum Stab_Ngroup Iso_Ngroup  Form_Ngroup End_Ngroup  Modf_Ngroup Merg_Ngroup H4_step_sum H4_no_NB    Ep-Ep_sum   Ep-Sp_sum  
      14.682           1           0           0           0           0           0      41.381           0  8.4657e+05       18680
**** Number of members in clusters (global):
N_members:            1           2           3
Count    :       990.95      3.0254           1

Time: 136  N_real(loc): 1000  N_real(glb): 1000  N_all(loc): 1012  N_all(glb): 1012  N_remove(glb): 0  N_escape(glb): 0
Energy:     Error/Total         Error     Error_cum         Total       Kinetic     Potential        Modify  Modify_group Modify_single      Error_PP  Error_PP_cum
Physic:   -0.0003230584    -0.0447871      91.63031      138.6347      658.1929     -519.5582      289.2259             0             0  -0.002395205   -0.06167037
Slowdown: -0.0001378764   -0.02160478      91.80579      156.6967      651.5514     -494.8547      1838.538             0             0   3.35142e-06     0.0120658
Angular Momentum:  |L|err: 70.6473  |L|err_cum: 5687.548  L: -4164.584   577.9831    3866.111  |L|: 5711.798
C.M.: mass: 526.4074 pos: -7.34631   4.659503    1.582533 vel: -0.06173162   0.003064943    0.01726763
Tree step number: 1024
**** Wallclock time per step (local): [Min/Max]
 Total       PP_single   PP_cluster  PP_cross    Tree_NB     Tree_Force  Force_corr  Kick        FindCluster CreateGroup MPI_comm    Output      Status      Other      
   0.0010821  7.8389e-06  8.7184e-05           0  0.00013873  0.00081777  7.0736e-06  3.4963e-06  8.9102e-06  1.1898e-05  5.9986e-07  4.8345e-07  5.0684e-09  1.7848e-06
   0.0010821  7.8694e-06   8.722e-05           0  0.00013738  0.00081333   7.118e-06  3.5257e-06  8.9422e-06  1.1914e-05  6.2935e-07  4.8358e-07  5.0977e-09  1.8694e-06
**** FDPS tree soft force time profile (local):
 Sample_ptcl Domain_deco Ex_ptcl     SetRootCell Make_LT     Make_LET    Make_GT     Make_Group  Make_I_list Calc_force  Write_back 
           0           0           0   4.292e-06  0.00012514  1.6165e-05  9.7502e-05  1.9902e-06  5.2512e-05  0.00047216  9.7684e-06
**** Tree neighbor time profile (local):
 Sample_ptcl Domain_deco Ex_ptcl     SetRootCell Make_LT     Make_LET    Make_GT     Make_Group  Make_I_list Calc_force  Write_back 
           0           0           0  1.8181e-06    5.45e-05  8.5456e-06  4.0759e-05   5.631e-07  8.9314e-06  9.5385e-06  2.9093e-06
**** Number per step (global):
 PP_single   PP_cluster  PP_cross    Cluster     Cross       AR_step_sum
      990.21       9.791           0      4.3281           0      46.828
 AR_tsyn_sum Stab_Ngroup Iso_Ngroup  Form_Ngroup End_Ngroup  Modf_Ngroup Merg_Ngroup H4_step_sum H4_no_NB    Ep-Ep_sum   Ep-Sp_sum  
      15.299           1           0           0           0           0           0      44.891           0  8.3773e+05       19877
**** Number of members in clusters (global):
N_members:            1           2           3
Count    :       990.21      3.1934      1.1348

Time: 137  N_real(loc): 1000  N_real(glb): 1000  N_all(loc): 1012  N_all(glb): 1012  N_remove(glb): 0  N_escape(glb): 0
Energy:     Error/Total         Error     Error_cum         Total       Kinetic     Potential        Modify  Modify_group Modify_single      Error_PP  Error_PP_cum
Physic:   -0.0003493939   -0.04925542      91.58105      140.9739      660.8755     -519.9016      291.6144             0             0  -0.002629842   -0.06430021
Slowdown: -0.0002930218   -0.04662209      91.75917      159.1079      654.2069     -495.0989      1859.058             0             0  3.488661e-06    0.01206928
Angular Momentum:  |L|err: 56.00235  |L|err_cum: 5743.55  L: -4210.199   583.825    3898.817  |L|: 5767.79
C.M.: mass: 526.4074 pos: -7.424566   4.381805    1.617533 vel: -0.06353967   0.0007499993    0.02008615
Tree step number: 1024
**** Wallclock time per step (local): [Min/Max]
 Total       PP_single   PP_cluster  PP_cross    Tree_NB     Tree_Force  Force_corr  Kick        FindCluster CreateGroup MPI_comm    Output      Status      Other      
   0.0011056  8.1132e-06    9.03e-05           0  0.00013979  0.00083642  7.1628e-06  3.5479e-06  8.8746e-06  1.2158e-05  6.7395e-07  4.8006e-07  5.0391e-09  1.6092e-06
   0.0011056  8.1434e-06  9.0335e-05           0  0.00013861  0.00083219  7.2073e-06  3.5774e-06  8.9068e-06  1.2174e-05  7.0316e-07  4.8021e-07  5.0684e-09  1.6937e-06
**** FDPS tree soft force time profile (local):
 Sample_ptcl Domain_deco Ex_ptcl     SetRootCell Make_LT     Make_LET    Make_GT     Make_Group  Make_I_list Calc_force  Write_back 
           0           0           0  3.9005e-06  0.00012402  1.6331e-05  9.5941e-05  2.0409e-06  5.2708e-05   0.0004917  9.3651e-06
**** Tree neighbor time profile (local):
 Sample_ptcl Domain_deco Ex_ptcl     SetRootCell Make_LT     Make_LET    Make_GT     Make_Group  Make_I_list Calc_force  Write_back 
           0           0           0  1.7184e-06  5.4016e-05  8.5964e-06  4.0675e-05  5.5642e-07  8.7234e-06  9.8824e-06  2.5592e-06
**** Number per step (global):
 PP_single   PP_cluster  PP_cross    Cluster     Cross       AR_step_sum
      992.23      7.7656           0      3.1729           0      50.354
 AR_tsyn_sum Stab_Ngroup Iso_Ngroup  Form_Ngroup End_Ngroup  Modf_Ngroup Merg_Ngroup H4_step_sum H4_no_NB    Ep-Ep_sum   Ep-Sp_sum  
       16.73           1           0           0           0           0           0      37.692           0  8.3512e+05       19994
**** Number of members in clusters (global):
N_members:            1           2           3
Count    :       992.23      1.7529      1.4199

Time: 138  N_real(loc): 1000  N_real(glb): 1000  N_all(loc): 1012  N_all(glb): 1012  N_remove(glb): 0  N_escape(glb): 0
Energy:     Error/Total         Error     Error_cum         Total       Kinetic     Potential        Modify  Modify_group Modify_single      Error_PP  Error_PP_cum
Physic:   -0.0003105978   -0.04441781      91.53663      143.0075      662.9941     -519.9866      293.6924             0             0  -0.002378929   -0.06667914
Slowdown: -0.0002607528     -0.042035      91.71713      161.2063      656.3011     -495.0949      1879.333             0             0  3.883486e-06    0.01207317
Angular Momentum:  |L|err: 36.15407  |L|err_cum: 5779.704  L: -4235.835   587.5023    3924.07  |L|: 5803.946
C.M.: mass: 526.4074 pos: -7.509927   4.077158    1.657634 vel: -0.06982625   -0.008997232    0.01708902
Tree step number: 1024
**** Wallclock time per step (local): [Min/Max]
 Total       PP_single   PP_cluster  PP_cross    Tree_NB     Tree_Force  Force_corr  Kick        FindCluster CreateGroup MPI_comm    Output      Status      Other      
   0.0011214    7.96e-06  9.3351e-05           0  0.00013671  0.00085294  7.1041e-06  3.3133e-06  8.7711e-06  1.2016e-05  6.9294e-07  5.0912e-07  5.2441e-09  1.7257e-06
   0.0011214    7.99e-06  9.3387e-05           0  0.00013551  0.00084852  7.1484e-06  3.3431e-06   8.803e-06  1.2032e-05   7.225e-07  5.0923e-07  5.2734e-09  1.8093e-06
**** FDPS tree soft force time profile (local):
 Sample_ptcl Domain_deco Ex_ptcl     SetRootCell Make_LT     Make_LET    Make_GT     Make_Group  Make_I_list Calc_force  Write_back 
           0           0           0  3.5578e-06  0.00012365  1.5975e-05  9.5267e-05  1.9707e-06  5.1244e-05  0.00051372  9.7589e-06
**** Tree neighbor time profile (local):
 Sample_ptcl Domain_deco Ex_ptcl     SetRootCell Make_LT     Make_LET    Make_GT     Make_Group  Make_I_list Calc_force  Write_back 
           0           0           0  1.7915e-06  5.4074e-05  8.8455e-06  4.0181e-05  5.5991e-07  8.6594e-06  9.5243e-06  2.5961e-06
**** Number per step (global):
 PP_single   PP_cluster  PP_cross    Cluster     Cross       AR_step_sum
      993.46       6.541           0      2.6748           0      50.752
 AR_tsyn_sum Stab_Ngroup Iso_Ngroup  Form_Ngroup End_Ngroup  Modf_Ngroup Merg_Ngroup H4_step_sum H4_no_NB    Ep-Ep_sum   Ep-Sp_sum  
      16.857           1           0           0           0           0           0       28.94           0  8.3421e+05       19552
**** Number of members in clusters (global):
N_members:            1           2           3
Count    :       993.46      1.4834      1.1914

Time: 139  N_real(loc): 1000  N_real(glb): 1000  N_all(loc): 1012  N_all(glb): 1012  N_remove(glb): 0  N_escape(glb): 0
Energy:     Error/Total         Error     Error_cum         Total       Kinetic     Potential        Modify  Modify_group Modify_single      Error_PP  Error_PP_cum
Physic:   -0.0001859006   -0.02682268      91.50981      144.2851      663.8997     -519.6146      294.9968             0             0  -0.001449088   -0.06812822
Slowdown: -0.0001560962   -0.02536926      91.69176      162.5232      657.1916     -494.6684      1898.874             0             0  4.336264e-06     0.0120775
Angular Momentum:  |L|err: 32.02753  |L|err_cum: 5811.732  L: -4262.376   590.8782    3942.273  |L|: 5835.966
C.M.: mass: 526.4074 pos: -7.585593   3.975459    1.688008 vel: -0.07709316   -0.00502217    0.01054315
Tree step number: 1024
**** Wallclock time per step (local): [Min/Max]
 Total       PP_single   PP_cluster  PP_cross    Tree_NB     Tree_Force  Force_corr  Kick        FindCluster CreateGroup MPI_comm    Output      Status      Other      
   0.0011535  8.1997e-06  9.2485e-05           0  0.00014018  0.00088128  7.3018e-06  3.6423e-06  9.1857e-06  1.2082e-05  6.9076e-07  4.9725e-07  5.2256e-09  1.7113e-06
   0.0011535  8.2303e-06  9.2523e-05           0  0.00013898  0.00087675  7.3464e-06  3.6721e-06  9.2176e-06  1.2129e-05  7.2009e-07   4.974e-07  5.2549e-09  1.7968e-06
**** FDPS tree soft force time profile (local):
 Sample_ptcl Domain_deco Ex_ptcl     SetRootCell Make_LT     Make_LET    Make_GT     Make_Group  Make_I_list Calc_force  Write_back 
           0           0           0  4.1052e-06  0.00012512  1.6078e-05  9.7545e-05   2.134e-06  5.2905e-05  0.00053535  9.9681e-06
**** Tree neighbor time profile (local):
 Sample_ptcl Domain_deco Ex_ptcl     SetRootCell Make_LT     Make_LET    Make_GT     Make_Group  Make_I_list Calc_force  Write_back 
           0           0           0  1.8415e-06  5.5164e-05   8.813e-06  4.0835e-05  5.6059e-07  8.8602e-06  1.0214e-05  2.6208e-06
**** Number per step (global):
 PP_single   PP_cluster  PP_cross    Cluster     Cross       AR_step_sum
      992.07      7.9336           0      3.3291           0      50.354
 AR_tsyn_sum Stab_Ngroup Iso_Ngroup  Form_Ngroup End_Ngroup  Modf_Ngroup Merg_Ngroup H4_step_sum H4_no_NB    Ep-Ep_sum   Ep-Sp_sum  
       16.67           1           0           0           0           0           0       36.02           0  8.3476e+05       19660
**** Number of members in clusters (global):
N_members:            1           2           3
Count    :       992.07      2.0537      1.2754

Time: 140  N_real(loc): 1000  N_real(glb): 1000  N_all(loc): 1012  N_all(glb): 1012  N_remove(glb): 0  N_escape(glb): 0
Energy:     Error/Total         Error     Error_cum         Total       Kinetic     Potential        Modify  Modify_group Modify_single      Error_PP  Error_PP_cum
Physic:   -8.399345e-05   -0.01218412      91.49763      145.0604      667.1857     -522.1253      295.7843             0             0 -0.0006648945   -0.06879312
Slowdown:   2.86336e-05   0.004676343      91.69644      163.3166      660.4696      -497.153      1917.901             0             0  4.718676e-06    0.01208222
Angular Momentum:  |L|err: 53.26741  |L|err_cum: 5864.999  L: -4317.373   596.7266    3960.663  |L|: 5889.197
C.M.: mass: 526.4074 pos: -7.644998   4.206788    1.70076 vel: -0.07524392   0.01473329    0.009405288
Tree step number: 1024
**** Wallclock time per step (local): [Min/Max]
 Total       PP_single   PP_cluster  PP_cross    Tree_NB     Tree_Force  Force_corr  Kick        FindCluster CreateGroup MPI_comm    Output      Status      Other      
   0.0011487  7.5836e-06  9.2867e-05           0  0.00013926  0.00087662  7.0674e-06  3.6632e-06  9.6067e-06  1.2603e-05   6.503e-07  4.9218e-07  5.8604e-09  1.8133e-06
   0.0011488  7.6142e-06  9.2903e-05           0  0.00013803  0.00087238  7.1124e-06  3.6931e-06  9.6389e-06  1.2619e-05  6.7992e-07   4.923e-07  5.8896e-09  1.8989e-06
**** FDPS tree soft force time profile (local):
 Sample_ptcl Domain_deco Ex_ptcl     SetRootCell Make_LT     Make_LET    Make_GT     Make_Group  Make_I_list Calc_force  Write_back 
           0           0           0  4.6954e-06  0.00012492  1.6706e-05  9.7211e-05  2.0306e-06  5.1742e-05  0.00053239  9.4034e-06
**** Tree neighbor time profile (local):
 Sample_ptcl Domain_deco Ex_ptcl     SetRootCell Make_LT     Make_LET    Make_GT     Make_Group  Make_I_list Calc_force  Write_back 
           0           0           0  1.8418e-06  5.4137e-05  8.7432e-06  4.1443e-05  5.6662e-07   8.983e-06   9.686e-06  2.6702e-06
**** Number per step (global):
 PP_single   PP_cluster  PP_cross    Cluster     Cross       AR_step_sum
      992.71       7.293           0      3.1465           0      51.242
 AR_tsyn_sum Stab_Ngroup Iso_Ngroup  Form_Ngroup End_Ngroup  Modf_Ngroup Merg_Ngroup H4_step_sum H4_no_NB    Ep-Ep_sum   Ep-Sp_sum  
      17.012           1           0           0           0           0           0      33.311           0  8.4045e+05       17537
**** Number of members in clusters (global):
N_members:            1           2           3
Count    :       992.71      2.1465           1

Time: 141  N_real(loc): 1000  N_real(glb): 1000  N_all(loc): 1012  N_all(glb): 1012  N_remove(glb): 0  N_escape(glb): 0
Energy:     Error/Total         Error     Error_cum         Total       Kinetic     Potential        Modify  Modify_group Modify_single      Error_PP  Error_PP_cum
Physic:   -9.941672e-05   -0.01452392       91.4831      146.0913      665.8718     -519.7805      296.8298             0             0 -0.0007864472   -0.06957957
Slowdown: -8.355405e-05   -0.01373371       91.6827      164.3692      659.1462      -494.777      1937.223             0             0  3.758949e-06    0.01208598
Angular Momentum:  |L|err: 80.47803  |L|err_cum: 5945.477  L: -4402.727   605.5278    3985.68  |L|: 5969.616
C.M.: mass: 526.4074 pos: -7.692813   4.557792    1.706205 vel: -0.06668727   0.02610166    0.0129329
Tree step number: 1024
**** Wallclock time per step (local): [Min/Max]
 Total       PP_single   PP_cluster  PP_cross    Tree_NB     Tree_Force  Force_corr  Kick        FindCluster CreateGroup MPI_comm    Output      Status      Other      
   0.0011276  7.7118e-06  9.5307e-05           0  0.00014025   0.0008529  7.3805e-06  3.5073e-06  9.0308e-06  1.2214e-05  6.7965e-07  4.8214e-07  4.8818e-09  1.6523e-06
   0.0011276  7.7425e-06  9.5344e-05           0  0.00013906   0.0008486  7.4251e-06  3.5367e-06  9.0626e-06   1.223e-05  7.0926e-07  4.8225e-07  4.9111e-09  1.7365e-06
**** FDPS tree soft force time profile (local):
 Sample_ptcl Domain_deco Ex_ptcl     SetRootCell Make_LT     Make_LET    Make_GT     Make_Group  Make_I_list Calc_force  Write_back 
           0           0           0  3.7749e-06  0.00012357  1.5839e-05  9.6784e-05  2.0389e-06  5.3296e-05  0.00050882  9.4525e-06
**** Tree neighbor time profile (local):
 Sample_ptcl Domain_deco Ex_ptcl     SetRootCell Make_LT     Make_LET    Make_GT     Make_Group  Make_I_list Calc_force  Write_back 
           0           0           0  1.6805e-06  5.4499e-05  9.1595e-06  4.0682e-05  5.5815e-07   8.649e-06  1.0379e-05  2.5874e-06
**** Number per step (global):
 PP_single   PP_cluster  PP_cross    Cluster     Cross       AR_step_sum
      992.38      7.6191           0      3.3096           0       51.61
 AR_tsyn_sum Stab_Ngroup Iso_Ngroup  Form_Ngroup End_Ngroup  Modf_Ngroup Merg_Ngroup H4_step_sum H4_no_NB    Ep-Ep_sum   Ep-Sp_sum  
      17.154           1           0           0           0           0           0       34.45           0  8.3757e+05       17988
**** Number of members in clusters (global):
N_members:            1           2           3
Count    :       992.38      2.3096           1

Time: 142  N_real(loc): 1000  N_real(glb): 1000  N_all(loc): 1012  N_all(glb): 1012  N_remove(glb): 0  N_escape(glb): 0
Energy:     Error/Total         Error     Error_cum         Total       Kinetic     Potential        Modify  Modify_group Modify_single      Error_PP  Error_PP_cum
Physic:   -0.0001882831    -0.0278161      91.45529      147.7355      668.9519     -521.2164      298.5018             0             0  -0.001513897   -0.07109346
Slowdown: -0.0001583746   -0.02629885       91.6564      166.0547      662.2095     -496.1548      1957.213             0             0  3.356961e-06    0.01208934
Angular Momentum:  |L|err: 86.91064  |L|err_cum: 6032.388  L: -4491.998   614.8883    4015.556  |L|: 6056.47
C.M.: mass: 526.4074 pos: -7.733292   4.843932    1.717655 vel: -0.06491305   0.02552713    0.01368299
Tree step number: 1024
**** Wallclock time per step (local): [Min/Max]
 Total       PP_single   PP_cluster  PP_cross    Tree_NB     Tree_Force  Force_corr  Kick        FindCluster CreateGroup MPI_comm    Output      Status      Other      
   0.0011518  7.9812e-06  9.0845e-05           0  0.00014077  0.00087973  7.6013e-06  3.5392e-06  9.5362e-06    1.24e-05  6.3777e-07  5.8602e-07  5.0781e-09  1.7517e-06
   0.0011518  8.0118e-06  9.0882e-05           0   0.0001394   0.0008754  7.6466e-06  3.5687e-06  9.5691e-06  1.2436e-05  6.6702e-07  5.8612e-07  5.1074e-09  1.8372e-06
**** FDPS tree soft force time profile (local):
 Sample_ptcl Domain_deco Ex_ptcl     SetRootCell Make_LT     Make_LET    Make_GT     Make_Group  Make_I_list Calc_force  Write_back 
           0           0           0  3.9709e-06  0.00012629  1.6914e-05  9.9336e-05  2.1502e-06  5.3682e-05  0.00052882  9.5806e-06
**** Tree neighbor time profile (local):
 Sample_ptcl Domain_deco Ex_ptcl     SetRootCell Make_LT     Make_LET    Make_GT     Make_Group  Make_I_list Calc_force  Write_back 
           0           0           0    1.79e-06  5.5266e-05  8.9235e-06  4.0581e-05  5.6143e-07   9.053e-06  1.0421e-05  2.9552e-06
**** Number per step (global):
 PP_single   PP_cluster  PP_cross    Cluster     Cross       AR_step_sum
      992.72      7.2812           0      3.0605           0      49.166
 AR_tsyn_sum Stab_Ngroup Iso_Ngroup  Form_Ngroup End_Ngroup  Modf_Ngroup Merg_Ngroup H4_step_sum H4_no_NB    Ep-Ep_sum   Ep-Sp_sum  
      16.205           1           0           0           0           0           0      36.528           0  8.3135e+05       19754
**** Number of members in clusters (global):
N_members:            1           2           3
Count    :       992.72      1.9004      1.1602

Time: 143  N_real(loc): 1000  N_real(glb): 1000  N_all(loc): 1012  N_all(glb): 1012  N_remove(glb): 0  N_escape(glb): 0
Energy:     Error/Total         Error     Error_cum         Total       Kinetic     Potential        Modify  Modify_group Modify_single      Error_PP  Error_PP_cum
Physic:   -0.0002590483   -0.03881083      91.41647      149.8208      669.1601     -519.3393      300.6259             0             0  -0.002116401   -0.07320986
Slowdown: -0.0002181431   -0.03669108      91.61971      168.1973      662.3951     -494.1978      1977.711             0             0  3.345409e-06    0.01209268
Angular Momentum:  |L|err: 79.43702  |L|err_cum: 6111.825  L: -4570.171   623.3187    4046.457  |L|: 6135.863
C.M.: mass: 526.4074 pos: -7.791299   4.980103    1.7412 vel: -0.05986456   0.0262491    0.02320303
Tree step number: 1024
**** Wallclock time per step (local): [Min/Max]
 Total       PP_single   PP_cluster  PP_cross    Tree_NB     Tree_Force  Force_corr  Kick        FindCluster CreateGroup MPI_comm    Output      Status      Other      
    0.001085  7.6249e-06  8.4257e-05           0  0.00013824  0.00082407  7.0006e-06  3.2793e-06  8.7755e-06  1.2043e-05  6.0961e-07  8.5268e-07  9.4609e-09  1.7583e-06
   0.0010851  7.6552e-06  8.4293e-05           0  0.00013704  0.00081983  7.0457e-06   3.309e-06  8.8071e-06  1.2059e-05  6.3902e-07   8.528e-07  9.4902e-09  1.8412e-06
**** FDPS tree soft force time profile (local):
 Sample_ptcl Domain_deco Ex_ptcl     SetRootCell Make_LT     Make_LET    Make_GT     Make_Group  Make_I_list Calc_force  Write_back 
           0           0           0  4.6323e-06    0.000123  1.6765e-05  9.5657e-05    1.95e-06   5.216e-05  0.00048154  9.3328e-06
**** Tree neighbor time profile (local):
 Sample_ptcl Domain_deco Ex_ptcl     SetRootCell Make_LT     Make_LET    Make_GT     Make_Group  Make_I_list Calc_force  Write_back 
           0           0           0  1.5919e-06  5.3881e-05  8.7551e-06  4.0529e-05  5.4194e-07  8.6457e-06  9.7748e-06  2.5955e-06
**** Number per step (global):
 PP_single   PP_cluster  PP_cross    Cluster     Cross       AR_step_sum
      992.38      7.6172           0      3.3086           0      46.064
 AR_tsyn_sum Stab_Ngroup Iso_Ngroup  Form_Ngroup End_Ngroup  Modf_Ngroup Merg_Ngroup H4_step_sum H4_no_NB    Ep-Ep_sum   Ep-Sp_sum  
      15.007           1           0   0.0068359   0.0019531           0           0      38.331   0.0097656  8.2693e+05       20399
**** Number of members in clusters (global):
N_members:            1           2           3
Count    :       992.38      2.3086           1

Time: 144  N_real(loc): 1000  N_real(glb): 1000  N_all(loc): 1012  N_all(glb): 1012  N_remove(glb): 0  N_escape(glb): 0
Energy:     Error/Total         Error     Error_cum         Total       Kinetic     Potential        Modify  Modify_group Modify_single      Error_PP  Error_PP_cum
Physic:   -0.0003089036   -0.04701931      91.36946      152.2135      675.4168     -523.2033      303.0656             0             0  -0.002571595   -0.07578146
Slowdown: -0.0002604274    -0.0444444      91.57527      170.6595       668.625     -497.9655      1998.595             0             0  3.315412e-06      0.012096
Angular Momentum:  |L|err: 68.35327  |L|err_cum: 6180.178  L: -4633.732   630.4744    4077.127  |L|: 6204.187
C.M.: mass: 526.4074 pos: -7.852706   4.997149    1.772242 vel: -0.05842448   0.01449028    0.02623035
Tree step number: 1024
**** Wallclock time per step (local): [Min/Max]
 Total       PP_single   PP_cluster  PP_cross    Tree_NB     Tree_Force  Force_corr  Kick        FindCluster CreateGroup MPI_comm    Output      Status      Other      
   0.0011171   8.002e-06  8.5427e-05           0  0.00014107  0.00085075  7.2654e-06  3.5419e-06  9.7631e-06  1.2282e-05  6.2554e-07  5.1239e-07  5.1465e-09  1.6424e-06
   0.0011172  8.0321e-06  8.5463e-05           0  0.00013966  0.00084621    7.31e-06  3.5716e-06  9.7961e-06  1.2298e-05  6.5485e-07  5.1249e-07  5.1758e-09   1.728e-06
**** FDPS tree soft force time profile (local):
 Sample_ptcl Domain_deco Ex_ptcl     SetRootCell Make_LT     Make_LET    Make_GT     Make_Group  Make_I_list Calc_force  Write_back 
           0           0           0  3.9226e-06  0.00012292  1.6796e-05  9.7781e-05  2.0169e-06   5.465e-05  0.00050276  9.9589e-06
**** Tree neighbor time profile (local):
 Sample_ptcl Domain_deco Ex_ptcl     SetRootCell Make_LT     Make_LET    Make_GT     Make_Group  Make_I_list Calc_force  Write_back 
           0           0           0  1.8869e-06  5.4072e-05  8.6228e-06  3.9791e-05  5.5964e-07  9.1129e-06  1.0371e-05  3.0282e-06
**** Number per step (global):
 PP_single   PP_cluster  PP_cross    Cluster     Cross       AR_step_sum
      992.03      7.9746           0      3.4043           0      45.775
 AR_tsyn_sum Stab_Ngroup Iso_Ngroup  Form_Ngroup End_Ngroup  Modf_Ngroup Merg_Ngroup H4_step_sum H4_no_NB    Ep-Ep_sum   Ep-Sp_sum  
      14.901           1           0           0           0           0           0      38.526           0  8.2882e+05       18962
**** Number of members in clusters (global):
N_members:            1           2           3
Count    :       992.03      2.2383       1.166

Time: 145  N_real(loc): 1000  N_real(glb): 1000  N_all(loc): 1012  N_all(glb): 1012  N_remove(glb): 0  N_escape(glb): 0
Energy:     Error/Total         Error     Error_cum         Total       Kinetic     Potential        Modify  Modify_group Modify_single      Error_PP  Error_PP_cum
Physic:   -0.0003530553   -0.05467532      91.31478      154.8633      676.1065     -521.2432      305.7701             0             0  -0.002995186   -0.07877664
Slowdown: -0.0002980389   -0.05167675      91.52359      173.3893      669.2843      -495.895      2019.822             0             0  3.379408e-06    0.01209938
Angular Momentum:  |L|err: 52.80662  |L|err_cum: 6232.984  L: -4677.323   635.9112    4107.081  |L|: 6256.984
C.M.: mass: 526.4074 pos: -7.918967   4.856336    1.807558 vel: -0.06483344   0.01209005    0.02851622
Tree step number: 1024
**** Wallclock time per step (local): [Min/Max]
 Total       PP_single   PP_cluster  PP_cross    Tree_NB     Tree_Force  Force_corr  Kick        FindCluster CreateGroup MPI_comm    Output      Status      Other      
   0.0011148   7.617e-06  8.7554e-05           0  0.00013866  0.00085072  7.0734e-06  3.3032e-06  8.7372e-06  1.2109e-05  6.1481e-07  4.9352e-07  3.6476e-08  1.5623e-06
   0.0011148  7.6472e-06   8.759e-05           0   0.0001375  0.00084632  7.1182e-06  3.3325e-06  8.7689e-06  1.2125e-05  6.4409e-07  4.9363e-07  3.6524e-08  1.6457e-06
**** FDPS tree soft force time profile (local):
 Sample_ptcl Domain_deco Ex_ptcl     SetRootCell Make_LT     Make_LET    Make_GT     Make_Group  Make_I_list Calc_force  Write_back 
           0           0           0  3.9183e-06  0.00012168  1.6012e-05  9.4636e-05  1.9164e-06  5.3528e-05  0.00051094  9.6584e-06
**** Tree neighbor time profile (local):
 Sample_ptcl Domain_deco Ex_ptcl     SetRootCell Make_LT     Make_LET    Make_GT     Make_Group  Make_I_list Calc_force  Write_back 
           0           0           0  1.6671e-06  5.3699e-05  8.7177e-06  4.0516e-05  5.9105e-07  8.9567e-06  9.9457e-06  2.5142e-06
**** Number per step (global):
 PP_single   PP_cluster  PP_cross    Cluster     Cross       AR_step_sum
      991.94      8.0645           0      3.3496           0      47.504
 AR_tsyn_sum Stab_Ngroup Iso_Ngroup  Form_Ngroup End_Ngroup  Modf_Ngroup Merg_Ngroup H4_step_sum H4_no_NB    Ep-Ep_sum   Ep-Sp_sum  
      15.625           1           0           0           0           0           0      40.438           0  8.2504e+05       19081
**** Number of members in clusters (global):
N_members:            1           2           3
Count    :       991.94      1.9844      1.3652

Time: 146  N_real(loc): 1000  N_real(glb): 1000  N_all(loc): 1012  N_all(glb): 1012  N_remove(glb): 0  N_escape(glb): 0
Energy:     Error/Total         Error     Error_cum         Total       Kinetic     Potential        Modify  Modify_group Modify_single      Error_PP  Error_PP_cum
Physic:   -0.0003743514   -0.05898386       91.2558      157.5628      682.0876     -524.5248      308.5285             0             0  -0.003240211   -0.08201686
Slowdown:  -0.000316391   -0.05574019      91.46785       176.175      675.2333     -499.0583      2041.189             0             0  3.458493e-06    0.01210284
Angular Momentum:  |L|err: 27.11703  |L|err_cum: 6260.102  L: -4689.594   638.5907    4134.014  |L|: 6284.12
C.M.: mass: 526.4074 pos: -7.982322   4.567953    1.858325 vel: -0.05190904   -0.003473245    0.02898743
Tree step number: 1024
**** Wallclock time per step (local): [Min/Max]
 Total       PP_single   PP_cluster  PP_cross    Tree_NB     Tree_Force  Force_corr  Kick        FindCluster CreateGroup MPI_comm    Output      Status      Other      
   0.0011318   7.823e-06   9.371e-05           0  0.00013993   0.0008586  7.1913e-06  3.3243e-06  9.1905e-06  1.2637e-05  5.8797e-07  4.8954e-07  5.2148e-09  1.6536e-06
   0.0011318  7.8531e-06  9.3746e-05           0  0.00013878  0.00085443  7.2361e-06  3.3539e-06  9.2229e-06  1.2653e-05  6.1737e-07  4.8965e-07  5.2441e-09  1.7374e-06
**** FDPS tree soft force time profile (local):
 Sample_ptcl Domain_deco Ex_ptcl     SetRootCell Make_LT     Make_LET    Make_GT     Make_Group  Make_I_list Calc_force  Write_back 
           0           0           0  3.7894e-06  0.00012443  1.6484e-05  9.7215e-05  2.0376e-06  5.3182e-05  0.00051312   9.207e-06
**** Tree neighbor time profile (local):
 Sample_ptcl Domain_deco Ex_ptcl     SetRootCell Make_LT     Make_LET    Make_GT     Make_Group  Make_I_list Calc_force  Write_back 
           0           0           0  1.9976e-06  5.4437e-05  8.9452e-06  4.0656e-05  5.5609e-07  9.1238e-06  9.3484e-06  2.5024e-06
**** Number per step (global):
 PP_single   PP_cluster  PP_cross    Cluster     Cross       AR_step_sum
      992.67      7.3281           0      3.1641           0      51.788
 AR_tsyn_sum Stab_Ngroup Iso_Ngroup  Form_Ngroup End_Ngroup  Modf_Ngroup Merg_Ngroup H4_step_sum H4_no_NB    Ep-Ep_sum   Ep-Sp_sum  
      17.445           1           0           0           0           0           0      36.812           0  8.2449e+05       18906
**** Number of members in clusters (global):
N_members:            1           2           3
Count    :       992.67      2.1641           1

Time: 147  N_real(loc): 1000  N_real(glb): 1000  N_all(loc): 1012  N_all(glb): 1012  N_remove(glb): 0  N_escape(glb): 0
Energy:     Error/Total         Error     Error_cum         Total       Kinetic     Potential        Modify  Modify_group Modify_single      Error_PP  Error_PP_cum
Physic:   -0.0002871439   -0.04580868      91.20999      159.5321      686.2926     -526.7605      310.5437             0             0  -0.002518933   -0.08453579
Slowdown: -0.0002428906   -0.04328582      91.42457      178.2112      679.4139     -501.2027      2061.881             0             0  3.926451e-06    0.01210676
Angular Momentum:  |L|err: 1.455794  |L|err_cum: 6261.557  L: -4675.708   638.6066    4151.966  |L|: 6285.609
C.M.: mass: 526.4074 pos: -8.043809   4.292962    1.903603 vel: -0.06291854   -0.004098763    0.01261491
Tree step number: 1024
**** Wallclock time per step (local): [Min/Max]
 Total       PP_single   PP_cluster  PP_cross    Tree_NB     Tree_Force  Force_corr  Kick        FindCluster CreateGroup MPI_comm    Output      Status      Other      
   0.0011051  7.7249e-06  9.3812e-05           0  0.00013786  0.00083441  7.2539e-06  3.2866e-06   9.053e-06  1.2106e-05    5.93e-07  7.1749e-07  5.4395e-09  1.5772e-06
   0.0011051  7.7553e-06  9.3848e-05           0  0.00013663  0.00082997  7.2986e-06  3.3161e-06  9.0852e-06  1.2122e-05  6.2237e-07  7.1764e-07  5.4687e-09  1.6605e-06
**** FDPS tree soft force time profile (local):
 Sample_ptcl Domain_deco Ex_ptcl     SetRootCell Make_LT     Make_LET    Make_GT     Make_Group  Make_I_list Calc_force  Write_back 
           0           0           0  3.7954e-06  0.00012171  1.6044e-05  9.6255e-05  2.0601e-06  5.2107e-05  0.00049329  9.7309e-06
**** Tree neighbor time profile (local):
 Sample_ptcl Domain_deco Ex_ptcl     SetRootCell Make_LT     Make_LET    Make_GT     Make_Group  Make_I_list Calc_force  Write_back 
           0           0           0  1.7116e-06  5.3534e-05  8.7873e-06  4.0918e-05  5.4625e-07  9.3526e-06  9.0509e-06   2.671e-06
**** Number per step (global):
 PP_single   PP_cluster  PP_cross    Cluster     Cross       AR_step_sum
      992.46       7.543           0      3.2715           0      52.667
 AR_tsyn_sum Stab_Ngroup Iso_Ngroup  Form_Ngroup End_Ngroup  Modf_Ngroup Merg_Ngroup H4_step_sum H4_no_NB    Ep-Ep_sum   Ep-Sp_sum  
      17.717           1           0           0           0           0           0      37.476           0   8.205e+05       19494
**** Number of members in clusters (global):
N_members:            1           2           3
Count    :       992.46      2.2715           1

Time: 148  N_real(loc): 1000  N_real(glb): 1000  N_all(loc): 1012  N_all(glb): 1012  N_remove(glb): 0  N_escape(glb): 0
Energy:     Error/Total         Error     Error_cum         Total       Kinetic     Potential        Modify  Modify_group Modify_single      Error_PP  Error_PP_cum
Physic:    -0.000112283   -0.01801138      91.19198      160.4105      687.4785      -527.068      311.4401             0             0  -0.001003818   -0.08553961
Slowdown: -9.492576e-05   -0.01700275      91.40756      179.1163      680.5893      -501.473      2081.482             0             0  4.808524e-06    0.01211157
Angular Momentum:  |L|err: 17.16474  |L|err_cum: 6278.722  L: -4689.662   640.4076    4161.956  |L|: 6302.771
C.M.: mass: 526.4074 pos: -8.098199   4.328899    1.929381 vel: -0.06091955   0.004224005    0.008978386
Tree step number: 1024
**** Wallclock time per step (local): [Min/Max]
 Total       PP_single   PP_cluster  PP_cross    Tree_NB     Tree_Force  Force_corr  Kick        FindCluster CreateGroup MPI_comm    Output      Status      Other      
   0.0013662  9.1517e-06  9.8628e-05           0  0.00019652   0.0010265  9.6462e-06  3.7579e-06  1.1304e-05  1.3479e-05  6.4307e-07   6.871e-07  5.6455e-09  2.2073e-06
   0.0013663  9.1826e-06  9.8668e-05           0  0.00019459   0.0010199   9.692e-06  3.7881e-06  1.1338e-05  1.3495e-05  6.7273e-07  6.8727e-07  5.6748e-09  2.2962e-06
**** FDPS tree soft force time profile (local):
 Sample_ptcl Domain_deco Ex_ptcl     SetRootCell Make_LT     Make_LET    Make_GT     Make_Group  Make_I_list Calc_force  Write_back 
           0           0           0  5.1024e-06  0.00022362  1.8528e-05  0.00014015  2.2961e-06  6.1789e-05  0.00051787  1.4162e-05
**** Tree neighbor time profile (local):
 Sample_ptcl Domain_deco Ex_ptcl     SetRootCell Make_LT     Make_LET    Make_GT     Make_Group  Make_I_list Calc_force  Write_back 
           0           0           0  2.7098e-06  7.2316e-05  9.7113e-06  4.4461e-05  5.9586e-07   3.313e-05  1.9113e-05   4.136e-06
**** Number per step (global):
 PP_single   PP_cluster  PP_cross    Cluster     Cross       AR_step_sum
      992.37      7.6338           0      3.1016           0      52.253
 AR_tsyn_sum Stab_Ngroup Iso_Ngroup  Form_Ngroup End_Ngroup  Modf_Ngroup Merg_Ngroup H4_step_sum H4_no_NB    Ep-Ep_sum   Ep-Sp_sum  
      17.516           1           0           0           0           0           0      39.562           0  8.1921e+05       19814
**** Number of members in clusters (global):
N_members:            1           2           3
Count    :       992.37      1.6709      1.4307

Time: 149  N_real(loc): 1000  N_real(glb): 1000  N_all(loc): 1012  N_all(glb): 1012  N_remove(glb): 0  N_escape(glb): 0
Energy:     Error/Total         Error     Error_cum         Total       Kinetic     Potential        Modify  Modify_group Modify_single      Error_PP  Error_PP_cum
Physic:   -8.156196e-05   -0.01315963      91.17882      161.3452      687.4474     -526.1021       312.388             0             0  -0.000728492    -0.0862681
Slowdown: -6.901162e-05   -0.01242698      91.39514      180.0708      680.5493     -500.4785      2101.155             0             0  4.164803e-06    0.01211574
Angular Momentum:  |L|err: 61.43716  |L|err_cum: 6340.159  L: -4759.569   646.8869    4174.985  |L|: 6364.154
C.M.: mass: 526.4074 pos: -8.139204   4.670084    1.932787 vel: -0.06058406   0.031152    0.01913567
Tree step number: 1024
**** Wallclock time per step (local): [Min/Max]
 Total       PP_single   PP_cluster  PP_cross    Tree_NB     Tree_Force  Force_corr  Kick        FindCluster CreateGroup MPI_comm    Output      Status      Other      
   0.0012066  8.6752e-06   0.0001004           0  0.00017729  0.00087954  9.8663e-06  4.6468e-06  1.4043e-05  1.3209e-05   7.812e-07  4.9835e-07  5.8506e-09   3.466e-06
   0.0012066  8.7061e-06  0.00010044           0  0.00017511  0.00087367   9.912e-06  4.6772e-06  1.4077e-05  1.3226e-05  8.1091e-07  4.9846e-07  5.8799e-09  3.5524e-06
**** FDPS tree soft force time profile (local):
 Sample_ptcl Domain_deco Ex_ptcl     SetRootCell Make_LT     Make_LET    Make_GT     Make_Group  Make_I_list Calc_force  Write_back 
           0           0           0  4.1477e-06  0.00013816  1.7553e-05   0.0001034  2.0038e-06  5.2953e-05   0.0005097  1.2684e-05
**** Tree neighbor time profile (local):
 Sample_ptcl Domain_deco Ex_ptcl     SetRootCell Make_LT     Make_LET    Make_GT     Make_Group  Make_I_list Calc_force  Write_back 
           0           0           0   2.452e-06  8.2238e-05  1.0264e-05  4.5389e-05  5.7859e-07  1.0505e-05   9.964e-06  4.5763e-06
**** Number per step (global):
 PP_single   PP_cluster  PP_cross    Cluster     Cross       AR_step_sum
       992.8      7.2041           0      2.9443           0      53.708
 AR_tsyn_sum Stab_Ngroup Iso_Ngroup  Form_Ngroup End_Ngroup  Modf_Ngroup Merg_Ngroup H4_step_sum H4_no_NB    Ep-Ep_sum   Ep-Sp_sum  
      18.075           1           0   0.0039062  0.00097656           0           0      35.182           0  8.2092e+05       19670
**** Number of members in clusters (global):
N_members:            1           2           3           4
Count    :        992.8      1.7773      1.0186     0.14844

Time: 150  N_real(loc): 1000  N_real(glb): 1000  N_all(loc): 1012  N_all(glb): 1012  N_remove(glb): 0  N_escape(glb): 0
Energy:     Error/Total         Error     Error_cum         Total       Kinetic     Potential        Modify  Modify_group Modify_single      Error_PP  Error_PP_cum
Physic:   -0.0002046282   -0.03340725      91.14541      163.2583      689.4336     -526.1753      314.3344             0             0  -0.001860211   -0.08812831
Slowdown:  -0.000173285   -0.03154364      91.36359      182.0333      682.5158     -500.4825      2121.875             0             0  3.395246e-06    0.01211913
Angular Momentum:  |L|err: 75.21977  |L|err_cum: 6415.379  L: -4840.689   654.7005    4195.702  |L|: 6439.318
C.M.: mass: 526.4074 pos: -8.185324   5.011201    1.931495 vel: -0.05566402   0.02497914    0.0212137
Tree step number: 1024
**** Wallclock time per step (local): [Min/Max]
 Total       PP_single   PP_cluster  PP_cross    Tree_NB     Tree_Force  Force_corr  Kick        FindCluster CreateGroup MPI_comm    Output      Status      Other      
   0.0011135  7.6113e-06  9.4685e-05           0  0.00013708  0.00084354  7.1696e-06  3.3367e-06  8.7158e-06  1.2379e-05  5.8825e-07  6.5975e-07  5.1953e-09   1.753e-06
   0.0011135  7.6416e-06   9.472e-05           0  0.00013579  0.00083883  7.2143e-06  3.3664e-06  8.7474e-06  1.2394e-05  6.1786e-07  6.5987e-07  5.2246e-09  1.8362e-06
**** FDPS tree soft force time profile (local):
 Sample_ptcl Domain_deco Ex_ptcl     SetRootCell Make_LT     Make_LET    Make_GT     Make_Group  Make_I_list Calc_force  Write_back 
           0           0           0  3.6845e-06  0.00012296  1.6217e-05  9.7038e-05   1.997e-06  5.1119e-05  0.00050061  1.0288e-05
**** Tree neighbor time profile (local):
 Sample_ptcl Domain_deco Ex_ptcl     SetRootCell Make_LT     Make_LET    Make_GT     Make_Group  Make_I_list Calc_force  Write_back 
           0           0           0  1.8076e-06  5.3297e-05  8.9077e-06  4.0322e-05  5.8431e-07  9.2958e-06  8.7033e-06  2.7945e-06
**** Number per step (global):
 PP_single   PP_cluster  PP_cross    Cluster     Cross       AR_step_sum
      993.79      6.2109           0      2.6055           0      52.214
 AR_tsyn_sum Stab_Ngroup Iso_Ngroup  Form_Ngroup End_Ngroup  Modf_Ngroup Merg_Ngroup H4_step_sum H4_no_NB    Ep-Ep_sum   Ep-Sp_sum  
      17.473           1           0   0.0068359   0.0019531           0           0      26.886   0.0097656  8.2042e+05       19649
**** Number of members in clusters (global):
N_members:            1           2           3
Count    :       993.79      1.6055           1

Time: 151  N_real(loc): 1000  N_real(glb): 1000  N_all(loc): 1012  N_all(glb): 1012  N_remove(glb): 0  N_escape(glb): 0
Energy:     Error/Total         Error     Error_cum         Total       Kinetic     Potential        Modify  Modify_group Modify_single      Error_PP  Error_PP_cum
Physic:   -0.0003034121   -0.05031496      91.09509      165.8305      689.3981     -523.5677      316.9569             0             0  -0.002817404   -0.09094571
Slowdown: -0.0002571705   -0.04749425       91.3161        184.68      682.4517     -497.7717      2143.344             0             0  3.307732e-06    0.01212244
Angular Momentum:  |L|err: 58.77983  |L|err_cum: 6474.159  L: -4897.034   660.7289    4219.884  |L|: 6498.071
C.M.: mass: 526.4074 pos: -8.234169   5.155842    1.93767 vel: -0.05184557   0.01722679    0.02363318
Tree step number: 1024
**** Wallclock time per step (local): [Min/Max]
 Total       PP_single   PP_cluster  PP_cross    Tree_NB     Tree_Force  Force_corr  Kick        FindCluster CreateGroup MPI_comm    Output      Status      Other      
   0.0011313  7.7236e-06  8.8971e-05           0  0.00014232  0.00086149  7.1677e-06  3.5269e-06  8.5721e-06  1.2507e-05  7.4507e-07  5.7356e-07  5.4404e-09  1.6661e-06
   0.0011314  7.7543e-06  8.9007e-05           0  0.00014103   0.0008567  7.2128e-06  3.5566e-06  8.6038e-06  1.2524e-05  7.7482e-07  5.7367e-07  5.4697e-09  1.7707e-06
**** FDPS tree soft force time profile (local):
 Sample_ptcl Domain_deco Ex_ptcl     SetRootCell Make_LT     Make_LET    Make_GT     Make_Group  Make_I_list Calc_force  Write_back 
           0           0           0  3.9267e-06  0.00012502  1.6819e-05  9.7667e-05  1.9063e-06    5.05e-05  0.00051399  1.0486e-05
**** Tree neighbor time profile (local):
 Sample_ptcl Domain_deco Ex_ptcl     SetRootCell Make_LT     Make_LET    Make_GT     Make_Group  Make_I_list Calc_force  Write_back 
           0           0           0  1.7292e-06  5.4993e-05    8.63e-06  4.0834e-05   5.539e-07  9.3504e-06  9.8921e-06  2.7926e-06
**** Number per step (global):
 PP_single   PP_cluster  PP_cross    Cluster     Cross       AR_step_sum
      994.83      5.1738           0      1.9072           0      48.409
 AR_tsyn_sum Stab_Ngroup Iso_Ngroup  Form_Ngroup End_Ngroup  Modf_Ngroup Merg_Ngroup H4_step_sum H4_no_NB    Ep-Ep_sum   Ep-Sp_sum  
      16.086           1           0           0           0           0           0      18.064           0  8.2368e+05       18618
**** Number of members in clusters (global):
N_members:            1           2           3
Count    :       994.83     0.54785      1.3594

Time: 152  N_real(loc): 1000  N_real(glb): 1000  N_all(loc): 1012  N_all(glb): 1012  N_remove(glb): 0  N_escape(glb): 0
Energy:     Error/Total         Error     Error_cum         Total       Kinetic     Potential        Modify  Modify_group Modify_single      Error_PP  Error_PP_cum
Physic:   -0.0003567414   -0.06018709      91.03491      168.7135      692.9008     -524.1873      319.9002             0             0  -0.003381805   -0.09432752
Slowdown: -0.0003026995   -0.05680201       91.2593      187.6515      685.9212     -498.2698      2165.222             0             0  3.281378e-06    0.01212572
Angular Momentum:  |L|err: 35.6485  |L|err_cum: 6509.807  L: -4922.013   664.3532    4245.229  |L|: 6533.724
C.M.: mass: 526.4074 pos: -8.285474   5.114298    1.957059 vel: -0.04827885   0.02116258    0.01721372
Tree step number: 1024
**** Wallclock time per step (local): [Min/Max]
 Total       PP_single   PP_cluster  PP_cross    Tree_NB     Tree_Force  Force_corr  Kick        FindCluster CreateGroup MPI_comm    Output      Status      Other      
   0.0011115  7.6042e-06  8.8805e-05           0  0.00014023  0.00084459  6.9595e-06  3.3416e-06  8.2369e-06   1.256e-05  6.3568e-07  4.7893e-07  4.9893e-09  1.7255e-06
   0.0011116  7.6346e-06  8.8841e-05           0  0.00013888   0.0008404  7.0055e-06  3.3709e-06  8.2687e-06  1.2576e-05  6.6496e-07  4.7905e-07  5.0186e-09  1.8094e-06
**** FDPS tree soft force time profile (local):
 Sample_ptcl Domain_deco Ex_ptcl     SetRootCell Make_LT     Make_LET    Make_GT     Make_Group  Make_I_list Calc_force  Write_back 
           0           0           0  3.8166e-06  0.00012378  1.6153e-05  9.5967e-05   1.887e-06  4.9141e-05  0.00050239  9.2504e-06
**** Tree neighbor time profile (local):
 Sample_ptcl Domain_deco Ex_ptcl     SetRootCell Make_LT     Make_LET    Make_GT     Make_Group  Make_I_list Calc_force  Write_back 
           0           0           0  1.7351e-06  5.3468e-05  8.7672e-06  3.9974e-05  5.6167e-07  8.8649e-06  9.6954e-06  2.9084e-06
**** Number per step (global):
 PP_single   PP_cluster  PP_cross    Cluster     Cross       AR_step_sum
      994.93      5.0723           0      2.0361           0      49.055
 AR_tsyn_sum Stab_Ngroup Iso_Ngroup  Form_Ngroup End_Ngroup  Modf_Ngroup Merg_Ngroup H4_step_sum H4_no_NB    Ep-Ep_sum   Ep-Sp_sum  
      16.317           1           0           0           0           0           0      18.301           0  8.2942e+05       17244
**** Number of members in clusters (global):
N_members:            1           2           3
Count    :       994.93      1.0361           1

Time: 153  N_real(loc): 1000  N_real(glb): 1000  N_all(loc): 1012  N_all(glb): 1012  N_remove(glb): 0  N_escape(glb): 0
Energy:     Error/Total         Error     Error_cum         Total       Kinetic     Potential        Modify  Modify_group Modify_single      Error_PP  Error_PP_cum
Physic:   -0.0003792107   -0.06508378      90.96982      171.6296      699.5391     -527.9094      322.8813             0             0  -0.003657062   -0.09798458
Slowdown: -0.0003221572   -0.06142339      91.19787      190.6628      692.5248      -501.862      2187.232             0             0  3.325403e-06    0.01212905
Angular Momentum:  |L|err: 5.890968  |L|err_cum: 6515.698  L: -4907.928   664.9481    4270.502  |L|: 6539.656
C.M.: mass: 526.4074 pos: -8.342826   4.865002    1.987441 vel: -0.04232638   -0.0001404658    0.02566161
Tree step number: 1024
**** Wallclock time per step (local): [Min/Max]
 Total       PP_single   PP_cluster  PP_cross    Tree_NB     Tree_Force  Force_corr  Kick        FindCluster CreateGroup MPI_comm    Output      Status      Other      
   0.0010795  7.7805e-06  9.5824e-05           0  0.00014161  0.00080247  7.1922e-06  3.5196e-06  9.0346e-06  1.2444e-05  6.1475e-07  7.2675e-07   5.792e-09  1.6913e-06
   0.0010795  7.8108e-06  9.5862e-05           0  0.00014041    0.000798   7.237e-06  3.5492e-06  9.0673e-06   1.246e-05  6.6065e-07  7.2706e-07  5.8213e-09  1.7765e-06
**** FDPS tree soft force time profile (local):
 Sample_ptcl Domain_deco Ex_ptcl     SetRootCell Make_LT     Make_LET    Make_GT     Make_Group  Make_I_list Calc_force  Write_back 
           0           0           0  3.9286e-06  0.00012467  1.6166e-05  9.5362e-05  1.9217e-06  5.0132e-05   0.0004585  9.8514e-06
**** Tree neighbor time profile (local):
 Sample_ptcl Domain_deco Ex_ptcl     SetRootCell Make_LT     Make_LET    Make_GT     Make_Group  Make_I_list Calc_force  Write_back 
           0           0           0  2.0191e-06  5.4769e-05  8.5927e-06  4.0355e-05  5.4749e-07   8.962e-06  9.6421e-06  2.6112e-06
**** Number per step (global):
 PP_single   PP_cluster  PP_cross    Cluster     Cross       AR_step_sum
      993.73      6.2725           0       2.582           0      53.502
 AR_tsyn_sum Stab_Ngroup Iso_Ngroup  Form_Ngroup End_Ngroup  Modf_Ngroup Merg_Ngroup H4_step_sum H4_no_NB    Ep-Ep_sum   Ep-Sp_sum  
      18.191           1           0           0           0           0           0      25.023           0  8.2812e+05       18864
**** Number of members in clusters (global):
N_members:            1           2           3
Count    :       993.73      1.4736      1.1084

Time: 154  N_real(loc): 1000  N_real(glb): 1000  N_all(loc): 1012  N_all(glb): 1012  N_remove(glb): 0  N_escape(glb): 0
Energy:     Error/Total         Error     Error_cum         Total       Kinetic     Potential        Modify  Modify_group Modify_single      Error_PP  Error_PP_cum
Physic:   -0.0003055755   -0.05311335      90.91671      173.8142      697.9475     -524.1333       325.119             0             0  -0.002991377     -0.100976
Slowdown: -0.0002597815   -0.05011834      91.14775       192.925      690.9058     -497.9808      2208.578             0             0  3.631448e-06    0.01213268
Angular Momentum:  |L|err: -24.32625  |L|err_cum: 6491.372  L: -4858.287   662.493    4290.521  |L|: 6515.398
C.M.: mass: 526.4074 pos: -8.408285   4.416897    2.033574 vel: -0.04672734   -0.005352555    0.02009338
Tree step number: 1024
**** Wallclock time per step (local): [Min/Max]
 Total       PP_single   PP_cluster  PP_cross    Tree_NB     Tree_Force  Force_corr  Kick        FindCluster CreateGroup MPI_comm    Output      Status      Other      
   0.0013101   1.196e-05  0.00010822           0   0.0001737  0.00096992   1.187e-05  4.0887e-06  1.3262e-05  1.7143e-05  8.4907e-07  6.4497e-07  5.6748e-09  4.0656e-06
   0.0013101  1.1991e-05  0.00010826           0  0.00017206  0.00096351  1.1935e-05  4.1188e-06  1.3299e-05  1.7161e-05  8.7899e-07  6.4513e-07  5.7139e-09  4.1523e-06
**** FDPS tree soft force time profile (local):
 Sample_ptcl Domain_deco Ex_ptcl     SetRootCell Make_LT     Make_LET    Make_GT     Make_Group  Make_I_list Calc_force  Write_back 
           0           0           0  6.0399e-06  0.00022136  2.0423e-05   0.0001211   3.734e-06  5.3406e-05  0.00048561  1.3755e-05
**** Tree neighbor time profile (local):
 Sample_ptcl Domain_deco Ex_ptcl     SetRootCell Make_LT     Make_LET    Make_GT     Make_Group  Make_I_list Calc_force  Write_back 
           0           0           0  2.5794e-06  6.9002e-05  9.9644e-06   4.796e-05  5.7318e-07  1.1933e-05  1.3924e-05  3.5122e-06
**** Number per step (global):
 PP_single   PP_cluster  PP_cross    Cluster     Cross       AR_step_sum
       995.1      4.8994           0      1.9189           0       56.12
 AR_tsyn_sum Stab_Ngroup Iso_Ngroup  Form_Ngroup End_Ngroup  Modf_Ngroup Merg_Ngroup H4_step_sum H4_no_NB    Ep-Ep_sum   Ep-Sp_sum  
      19.287           1           0           0           0           0           0      17.128           0  8.3129e+05       17794
**** Number of members in clusters (global):
N_members:            1           2           3
Count    :        995.1     0.85742      1.0615

Time: 155  N_real(loc): 1000  N_real(glb): 1000  N_all(loc): 1012  N_all(glb): 1012  N_remove(glb): 0  N_escape(glb): 0
Energy:     Error/Total         Error     Error_cum         Total       Kinetic     Potential        Modify  Modify_group Modify_single      Error_PP  Error_PP_cum
Physic:   -0.0001216725   -0.02125605      90.89545      174.6989      698.0716     -523.3727       326.025             0             0  -0.001205411    -0.1021814
Slowdown: -0.0001034143   -0.02004594      91.12771       193.841      691.0187     -497.1777      2228.625             0             0  4.698851e-06    0.01213738
Angular Momentum:  |L|err: -8.879476  |L|err_cum: 6482.493  L: -4838.491   661.6339    4299.582  |L|: 6506.547
C.M.: mass: 526.4074 pos: -8.466907   4.246242    2.064005 vel: -0.05053155   0.01007327    0.01290964
Tree step number: 1024
**** Wallclock time per step (local): [Min/Max]
 Total       PP_single   PP_cluster  PP_cross    Tree_NB     Tree_Force  Force_corr  Kick        FindCluster CreateGroup MPI_comm    Output      Status      Other      
   0.0010797  7.5123e-06  9.7558e-05           0   0.0001417   0.0008024  7.3469e-06  3.4512e-06  7.8311e-06  1.2395e-05  6.6221e-07  6.1125e-07  1.8717e-08  1.6179e-06
   0.0010798  7.5427e-06  9.7595e-05           0  0.00014044  0.00079824  7.3918e-06  3.4809e-06  7.8628e-06   1.241e-05  6.9147e-07  6.1136e-07  1.8756e-08   1.715e-06
**** FDPS tree soft force time profile (local):
 Sample_ptcl Domain_deco Ex_ptcl     SetRootCell Make_LT     Make_LET    Make_GT     Make_Group  Make_I_list Calc_force  Write_back 
           0           0           0  3.8582e-06   0.0001214  1.6169e-05    9.65e-05  1.8749e-06  4.8608e-05  0.00046501  9.1927e-06
**** Tree neighbor time profile (local):
 Sample_ptcl Domain_deco Ex_ptcl     SetRootCell Make_LT     Make_LET    Make_GT     Make_Group  Make_I_list Calc_force  Write_back 
           0           0           0  1.6789e-06  5.3719e-05  9.4228e-06  4.0967e-05  5.4626e-07  8.9303e-06   1.052e-05  2.7407e-06
**** Number per step (global):
 PP_single   PP_cluster  PP_cross    Cluster     Cross       AR_step_sum
      996.24      3.7637           0      1.3818           0      55.598
 AR_tsyn_sum Stab_Ngroup Iso_Ngroup  Form_Ngroup End_Ngroup  Modf_Ngroup Merg_Ngroup H4_step_sum H4_no_NB    Ep-Ep_sum   Ep-Sp_sum  
       19.01           1           0           0           0           0           0       12.92           0   8.284e+05       17844
**** Number of members in clusters (global):
N_members:            1           2           3
Count    :       996.24     0.38184           1

Time: 156  N_real(loc): 1000  N_real(glb): 1000  N_all(loc): 1012  N_all(glb): 1012  N_remove(glb): 0  N_escape(glb): 0
Energy:     Error/Total         Error     Error_cum         Total       Kinetic     Potential        Modify  Modify_group Modify_single      Error_PP  Error_PP_cum
Physic:   -8.975167e-05   -0.01576866      90.87969      175.6921      698.7813     -523.0892      327.0339             0             0 -0.0008916764     -0.103073
Slowdown:  -7.63254e-05    -0.0148726      91.11284      194.8579      691.7184     -496.8606      2248.799             0             0   4.37403e-06    0.01214175
Angular Momentum:  |L|err: 43.31147  |L|err_cum: 6525.804  L: -4890.318   666.0413    4305.959  |L|: 6549.817
C.M.: mass: 526.4074 pos: -8.504625   4.563309    2.067217 vel: -0.04842985   0.01173356    0.02660362
Tree step number: 1024
**** Wallclock time per step (local): [Min/Max]
 Total       PP_single   PP_cluster  PP_cross    Tree_NB     Tree_Force  Force_corr  Kick        FindCluster CreateGroup MPI_comm    Output      Status      Other      
     0.00109  7.7198e-06  0.00010019           0  0.00014072  0.00081149  7.0233e-06  3.4602e-06  8.0752e-06  1.2213e-05  5.9637e-07  6.3842e-07  9.3437e-09  1.6708e-06
     0.00109  7.7499e-06  0.00010023           0   0.0001394  0.00080698  7.0678e-06    3.49e-06  8.1069e-06  1.2229e-05  6.2579e-07  6.3857e-07   9.373e-09  1.7546e-06
**** FDPS tree soft force time profile (local):
 Sample_ptcl Domain_deco Ex_ptcl     SetRootCell Make_LT     Make_LET    Make_GT     Make_Group  Make_I_list Calc_force  Write_back 
           0           0           0  3.5016e-06  0.00012702   1.659e-05  9.5922e-05  1.8516e-06  5.0776e-05   0.0004626  9.8749e-06
**** Tree neighbor time profile (local):
 Sample_ptcl Domain_deco Ex_ptcl     SetRootCell Make_LT     Make_LET    Make_GT     Make_Group  Make_I_list Calc_force  Write_back 
           0           0           0  1.5938e-06  5.2756e-05  8.7986e-06  3.9986e-05   5.629e-07  8.9429e-06  1.0386e-05  2.8446e-06
**** Number per step (global):
 PP_single   PP_cluster  PP_cross    Cluster     Cross       AR_step_sum
      994.84      5.1582           0      2.0791           0        55.9
 AR_tsyn_sum Stab_Ngroup Iso_Ngroup  Form_Ngroup End_Ngroup  Modf_Ngroup Merg_Ngroup H4_step_sum H4_no_NB    Ep-Ep_sum   Ep-Sp_sum  
      19.134           1           0           0           0           0           0      20.523           0  8.2415e+05       20319
**** Number of members in clusters (global):
N_members:            1           2           3
Count    :       994.84      1.0791           1

Time: 157  N_real(loc): 1000  N_real(glb): 1000  N_all(loc): 1012  N_all(glb): 1012  N_remove(glb): 0  N_escape(glb): 0
Energy:     Error/Total         Error     Error_cum         Total       Kinetic     Potential        Modify  Modify_group Modify_single      Error_PP  Error_PP_cum
Physic:   -0.0002370545   -0.04218503       90.8375       177.955      701.8106     -523.8556       329.339             0             0  -0.002409869    -0.1054829
Slowdown: -0.0002016995   -0.03977177      91.07306      197.1832      694.7233     -497.5401       2270.33             0             0  3.397222e-06    0.01214515
Angular Momentum:  |L|err: 54.12012  |L|err_cum: 6579.924  L: -4949.551   671.4909    4320.01  |L|: 6603.896
C.M.: mass: 526.4074 pos: -8.534245   4.955944    2.067602 vel: -0.04613816   0.01666295    0.03757461
Tree step number: 1024
**** Wallclock time per step (local): [Min/Max]
 Total       PP_single   PP_cluster  PP_cross    Tree_NB     Tree_Force  Force_corr  Kick        FindCluster CreateGroup MPI_comm    Output      Status      Other      
     0.00107  7.8572e-06  0.00010068           0  0.00014023  0.00079088  7.5766e-06   3.655e-06  7.9461e-06  1.2359e-05  6.2512e-07  5.4105e-07  5.0879e-09   1.596e-06
     0.00107  7.8874e-06  0.00010071           0  0.00013899  0.00078613  7.6217e-06  3.6847e-06  7.9791e-06  1.2374e-05  6.5467e-07  5.4117e-07  5.1074e-09  1.6806e-06
**** FDPS tree soft force time profile (local):
 Sample_ptcl Domain_deco Ex_ptcl     SetRootCell Make_LT     Make_LET    Make_GT     Make_Group  Make_I_list Calc_force  Write_back 
           0           0           0  3.5384e-06  0.00012315  1.7143e-05  9.5352e-05  1.9351e-06  4.7989e-05  0.00045028  1.0363e-05
**** Tree neighbor time profile (local):
 Sample_ptcl Domain_deco Ex_ptcl     SetRootCell Make_LT     Make_LET    Make_GT     Make_Group  Make_I_list Calc_force  Write_back 
           0           0           0  2.0581e-06  5.3236e-05  8.9798e-06   3.999e-05  6.1272e-07  8.7729e-06   1.106e-05  2.6932e-06
**** Number per step (global):
 PP_single   PP_cluster  PP_cross    Cluster     Cross       AR_step_sum
      996.22      3.7754           0      1.3877           0       55.58
 AR_tsyn_sum Stab_Ngroup Iso_Ngroup  Form_Ngroup End_Ngroup  Modf_Ngroup Merg_Ngroup H4_step_sum H4_no_NB    Ep-Ep_sum   Ep-Sp_sum  
      18.922           1           0           0           0           0           0      13.417           0  8.2593e+05       19927
**** Number of members in clusters (global):
N_members:            1           2           3
Count    :       996.22      0.3877           1

Time: 158  N_real(loc): 1000  N_real(glb): 1000  N_all(loc): 1012  N_all(glb): 1012  N_remove(glb): 0  N_escape(glb): 0
Energy:     Error/Total         Error     Error_cum         Total       Kinetic     Potential        Modify  Modify_group Modify_single      Error_PP  Error_PP_cum
Physic:   -0.0003369966   -0.06096156      90.77654      180.8967      704.5356     -523.6389      332.3417             0             0  -0.003499976    -0.1089829
Slowdown: -0.0002869832   -0.05745832      91.01561      200.2149      697.4147     -497.1997      2292.647             0             0  3.265771e-06    0.01214841
Angular Momentum:  |L|err: 26.98158  |L|err_cum: 6606.906  L: -4967.389   674.2445    4340.398  |L|: 6630.883
C.M.: mass: 526.4074 pos: -8.580304   5.121658    2.092422 vel: -0.05007164   0.01189549    0.03514254
Tree step number: 1024
**** Wallclock time per step (local): [Min/Max]
 Total       PP_single   PP_cluster  PP_cross    Tree_NB     Tree_Force  Force_corr  Kick        FindCluster CreateGroup MPI_comm    Output      Status      Other      
   0.0011646  8.2036e-06  9.8942e-05           0  0.00015833  0.00085707  7.6773e-06   3.744e-06  1.5104e-05  1.3395e-05  7.4239e-07  6.6579e-07  8.6299e-09    4.57e-06
   0.0011646  8.2341e-06  9.8981e-05           0  0.00015705   0.0008523  7.7225e-06  3.7737e-06  1.5139e-05  1.3412e-05  7.7228e-07  6.6596e-07  8.6689e-09  4.6574e-06
**** FDPS tree soft force time profile (local):
 Sample_ptcl Domain_deco Ex_ptcl     SetRootCell Make_LT     Make_LET    Make_GT     Make_Group  Make_I_list Calc_force  Write_back 
           0           0           0   3.781e-06  0.00012957  1.7021e-05  0.00010336   1.993e-06  4.8438e-05  0.00049908  1.0452e-05
**** Tree neighbor time profile (local):
 Sample_ptcl Domain_deco Ex_ptcl     SetRootCell Make_LT     Make_LET    Make_GT     Make_Group  Make_I_list Calc_force  Write_back 
           0           0           0  5.2419e-06  6.5219e-05  9.6095e-06  4.0219e-05  5.7548e-07  9.1414e-06  1.2612e-05  2.7905e-06
**** Number per step (global):
 PP_single   PP_cluster  PP_cross    Cluster     Cross       AR_step_sum
      995.01      4.9883           0      1.9062           0      52.711
 AR_tsyn_sum Stab_Ngroup Iso_Ngroup  Form_Ngroup End_Ngroup  Modf_Ngroup Merg_Ngroup H4_step_sum H4_no_NB    Ep-Ep_sum   Ep-Sp_sum  
      17.792           1           0    0.010742   0.0019531           0           0       19.08    0.013672  8.2313e+05       20217
**** Number of members in clusters (global):
N_members:            1           2           3
Count    :       995.01     0.73047      1.1758

Time: 159  N_real(loc): 1000  N_real(glb): 1000  N_all(loc): 1012  N_all(glb): 1012  N_remove(glb): 0  N_escape(glb): 0
Energy:     Error/Total         Error     Error_cum         Total       Kinetic     Potential        Modify  Modify_group Modify_single      Error_PP  Error_PP_cum
Physic:    -0.000369416     -0.067953      90.70859      183.9471      707.7821      -523.835      335.4601             0             0  -0.003899253    -0.1128821
Slowdown: -0.0003149533   -0.06405048      90.95156       203.365       700.625     -497.2599      2315.179             0             0  3.263307e-06    0.01215168
Angular Momentum:  |L|err: -3.780204  |L|err_cum: 6603.126  L: -4941.241   673.9991    4364.518  |L|: 6627.153
C.M.: mass: 526.4074 pos: -8.636637   5.06277    2.128434 vel: -0.05172856   0.008478966    0.0355211
Tree step number: 1024
**** Wallclock time per step (local): [Min/Max]
 Total       PP_single   PP_cluster  PP_cross    Tree_NB     Tree_Force  Force_corr  Kick        FindCluster CreateGroup MPI_comm    Output      Status      Other      
   0.0010599  7.6966e-06  9.5301e-05           0  0.00014204  0.00078367  7.1744e-06  3.4324e-06  8.5046e-06  1.2279e-05  6.2861e-07   6.929e-07  5.4102e-09  1.6002e-06
     0.00106   7.727e-06  9.5338e-05           0  0.00014079  0.00077926  7.2194e-06  3.4622e-06  8.5372e-06  1.2295e-05  6.5796e-07   6.932e-07  5.4395e-09  1.6852e-06
**** FDPS tree soft force time profile (local):
 Sample_ptcl Domain_deco Ex_ptcl     SetRootCell Make_LT     Make_LET    Make_GT     Make_Group  Make_I_list Calc_force  Write_back 
           0           0           0  3.8769e-06  0.00012161  1.6271e-05  9.5265e-05   1.904e-06  4.8648e-05  0.00044531  9.7106e-06
**** Tree neighbor time profile (local):
 Sample_ptcl Domain_deco Ex_ptcl     SetRootCell Make_LT     Make_LET    Make_GT     Make_Group  Make_I_list Calc_force  Write_back 
           0           0           0    1.67e-06  5.3931e-05  8.7508e-06  4.0672e-05  5.5424e-07  8.7885e-06  1.2129e-05  2.6963e-06
**** Number per step (global):
 PP_single   PP_cluster  PP_cross    Cluster     Cross       AR_step_sum
      995.06      4.9395           0      1.9395           0      53.549
 AR_tsyn_sum Stab_Ngroup Iso_Ngroup  Form_Ngroup End_Ngroup  Modf_Ngroup Merg_Ngroup H4_step_sum H4_no_NB    Ep-Ep_sum   Ep-Sp_sum  
      18.032           1           0           0           0           0           0      18.189           0  8.1879e+05       22202
**** Number of members in clusters (global):
N_members:            1           2           3
Count    :       995.06     0.87891      1.0605

Time: 160  N_real(loc): 1000  N_real(glb): 1000  N_all(loc): 1012  N_all(glb): 1012  N_remove(glb): 0  N_escape(glb): 0
Energy:     Error/Total         Error     Error_cum         Total       Kinetic     Potential        Modify  Modify_group Modify_single      Error_PP  Error_PP_cum
Physic:   -0.0003491275    -0.0651611      90.64342      186.6398      714.4293     -527.7894       338.218             0             0   -0.00373082     -0.116613
Slowdown: -0.0002979683   -0.06142691      90.89013      206.1525      707.2389     -501.0864      2337.446             0             0  3.370741e-06    0.01215505
Angular Momentum:  |L|err: -35.0448  |L|err_cum: 6568.081  L: -4871.187   670.7166    4390.759  |L|: 6592.199
C.M.: mass: 526.4074 pos: -8.703844   4.822996    2.170674 vel: -0.05905177   -0.002488312    0.02323675
Tree step number: 1024
**** Wallclock time per step (local): [Min/Max]
 Total       PP_single   PP_cluster  PP_cross    Tree_NB     Tree_Force  Force_corr  Kick        FindCluster CreateGroup MPI_comm    Output      Status      Other      
   0.0010727  7.6977e-06  9.8634e-05           0  0.00013945  0.00079681  7.0004e-06  3.4122e-06  7.9664e-06  1.2129e-05  6.1039e-07   7.559e-07  5.8604e-09  1.5966e-06
   0.0010727  7.7285e-06  9.8672e-05           0  0.00013826  0.00079253  7.0451e-06   3.442e-06  7.9985e-06  1.2145e-05  6.3992e-07  7.5605e-07  5.8994e-09  1.6802e-06
**** FDPS tree soft force time profile (local):
 Sample_ptcl Domain_deco Ex_ptcl     SetRootCell Make_LT     Make_LET    Make_GT     Make_Group  Make_I_list Calc_force  Write_back 
           0           0           0  3.8926e-06  0.00012259  1.6101e-05  9.6073e-05  1.9099e-06  4.8393e-05  0.00045864  9.4316e-06
**** Tree neighbor time profile (local):
 Sample_ptcl Domain_deco Ex_ptcl     SetRootCell Make_LT     Make_LET    Make_GT     Make_Group  Make_I_list Calc_force  Write_back 
           0           0           0   1.854e-06  5.3122e-05  8.6137e-06  3.9952e-05  5.5956e-07  8.8428e-06   1.165e-05  2.5755e-06
**** Number per step (global):
 PP_single   PP_cluster  PP_cross    Cluster     Cross       AR_step_sum
      995.13       4.873           0      1.8262           0      56.406
 AR_tsyn_sum Stab_Ngroup Iso_Ngroup  Form_Ngroup End_Ngroup  Modf_Ngroup Merg_Ngroup H4_step_sum H4_no_NB    Ep-Ep_sum   Ep-Sp_sum  
      19.199           1           0   0.0048828  0.00097656           0           0      18.209           0  8.1913e+05       21973
**** Number of members in clusters (global):
N_members:            1           2           3           4
Count    :       995.13     0.63086      1.1699    0.025391

Time: 161  N_real(loc): 1000  N_real(glb): 1000  N_all(loc): 1012  N_all(glb): 1012  N_remove(glb): 0  N_escape(glb): 0
Energy:     Error/Total         Error     Error_cum         Total       Kinetic     Potential        Modify  Modify_group Modify_single      Error_PP  Error_PP_cum
Physic:   -0.0002151069   -0.04046986      90.60295      188.1383         719.5     -531.3616      339.7569             0             0  -0.002344527    -0.1189575
Slowdown: -0.0001835321   -0.03812152      90.85201      207.7104      712.2899     -504.5795      2358.555             0             0  3.807257e-06    0.01215886
Angular Momentum:  |L|err: -47.21809  |L|err_cum: 6520.863  L: -4788.764   666.2157    4411.567  |L|: 6545.077
C.M.: mass: 526.4074 pos: -8.788471   4.450741    2.220236 vel: -0.06000634   -0.002539366    0.02147632
Tree step number: 1024
**** Wallclock time per step (local): [Min/Max]
 Total       PP_single   PP_cluster  PP_cross    Tree_NB     Tree_Force  Force_corr  Kick        FindCluster CreateGroup MPI_comm    Output      Status      Other      
   0.0010704  7.9951e-06  0.00010328           0  0.00014105  0.00078617  7.4725e-06  3.4303e-06  8.9644e-06  1.2339e-05   6.267e-07  5.2112e-07  5.3809e-09  1.8105e-06
   0.0010705  8.0257e-06  0.00010332           0  0.00013984  0.00078184  7.5172e-06  3.4599e-06  8.9964e-06  1.2355e-05  6.5613e-07  5.2128e-07  5.4102e-09  1.8954e-06
**** FDPS tree soft force time profile (local):
 Sample_ptcl Domain_deco Ex_ptcl     SetRootCell Make_LT     Make_LET    Make_GT     Make_Group  Make_I_list Calc_force  Write_back 
           0           0           0  3.8722e-06  0.00012457   1.638e-05  9.7562e-05  2.3251e-06  4.7844e-05  0.00044488  9.5502e-06
**** Tree neighbor time profile (local):
 Sample_ptcl Domain_deco Ex_ptcl     SetRootCell Make_LT     Make_LET    Make_GT     Make_Group  Make_I_list Calc_force  Write_back 
           0           0           0  1.6935e-06   5.503e-05  8.6623e-06  4.0469e-05  5.6134e-07  8.5149e-06  1.1699e-05  2.6349e-06
**** Number per step (global):
 PP_single   PP_cluster  PP_cross    Cluster     Cross       AR_step_sum
       993.6      6.4033           0      2.4795           0       57.55
 AR_tsyn_sum Stab_Ngroup Iso_Ngroup  Form_Ngroup End_Ngroup  Modf_Ngroup Merg_Ngroup H4_step_sum H4_no_NB    Ep-Ep_sum   Ep-Sp_sum  
      19.499           1           0   0.0068359   0.0019531           0           0      25.546           0  8.2196e+05       20904
**** Number of members in clusters (global):
N_members:            1           2           3           4
Count    :        993.6      1.0488       1.417    0.013672

Time: 162  N_real(loc): 1000  N_real(glb): 1000  N_all(loc): 1012  N_all(glb): 1012  N_remove(glb): 0  N_escape(glb): 0
Energy:     Error/Total         Error     Error_cum         Total       Kinetic     Potential        Modify  Modify_group Modify_single      Error_PP  Error_PP_cum
Physic:   -7.916854e-05   -0.01494625      90.58801      188.7903      726.6817     -537.8914      340.4239             0             0 -0.0008570884    -0.1198146
Slowdown:  -6.75874e-05   -0.01408417      90.83792      208.3846      719.4636      -511.079      2378.815             0             0  4.995393e-06    0.01216385
Angular Momentum:  |L|err: -4.794431  |L|err_cum: 6516.068  L: -4775.515   665.8228    4418.9  |L|: 6540.302
C.M.: mass: 526.4074 pos: -8.843602   4.487663    2.239637 vel: -0.07001694   0.0197415    0.01796625
Tree step number: 1024
**** Wallclock time per step (local): [Min/Max]
 Total       PP_single   PP_cluster  PP_cross    Tree_NB     Tree_Force  Force_corr  Kick        FindCluster CreateGroup MPI_comm    Output      Status      Other      
   0.0010895   7.803e-06  0.00010145           0  0.00014228  0.00080449  7.8627e-06  3.7582e-06  9.6013e-06  1.2634e-05   6.351e-07  6.7623e-07   6.292e-09  1.7227e-06
   0.0010896  7.8338e-06  0.00010149           0   0.0001411  0.00080007  7.9079e-06  3.7882e-06   9.634e-06   1.265e-05  6.6463e-07  6.7638e-07  6.3213e-09  1.8079e-06
**** FDPS tree soft force time profile (local):
 Sample_ptcl Domain_deco Ex_ptcl     SetRootCell Make_LT     Make_LET    Make_GT     Make_Group  Make_I_list Calc_force  Write_back 
           0           0           0  4.2087e-06   0.0001235  1.6243e-05     9.7e-05  1.9473e-06  4.7583e-05  0.00046574  9.7383e-06
**** Tree neighbor time profile (local):
 Sample_ptcl Domain_deco Ex_ptcl     SetRootCell Make_LT     Make_LET    Make_GT     Make_Group  Make_I_list Calc_force  Write_back 
           0           0           0  1.8255e-06  5.4085e-05  9.5632e-06  4.0877e-05  5.6217e-07  9.2414e-06  1.2108e-05  2.5676e-06
**** Number per step (global):
 PP_single   PP_cluster  PP_cross    Cluster     Cross       AR_step_sum
      993.81      6.1865           0      2.2891           0      57.033
 AR_tsyn_sum Stab_Ngroup Iso_Ngroup  Form_Ngroup End_Ngroup  Modf_Ngroup Merg_Ngroup H4_step_sum H4_no_NB    Ep-Ep_sum   Ep-Sp_sum  
      19.379           1           0    0.015625   0.0048828           0           0      29.903    0.019531  8.2963e+05       17863
**** Number of members in clusters (global):
N_members:            1           2           3           4
Count    :       993.81     0.87793      1.2139     0.19727

Time: 163  N_real(loc): 1000  N_real(glb): 1000  N_all(loc): 1012  N_all(glb): 1012  N_remove(glb): 0  N_escape(glb): 0
Energy:     Error/Total         Error     Error_cum         Total       Kinetic     Potential        Modify  Modify_group Modify_single      Error_PP  Error_PP_cum
Physic:   -0.0001650698   -0.03144495      90.55656      190.4948      722.3735     -531.8787      342.1598             0             0  -0.001829988    -0.1216446
Slowdown: -0.0001409141   -0.02961107      90.80831      210.1357      715.1371     -505.0014       2400.19             0             0  3.886698e-06    0.01216774
Angular Momentum:  |L|err: 33.12578  |L|err_cum: 6549.194  L: -4815.84   669.1007    4423.745  |L|: 6573.396
C.M.: mass: 526.4074 pos: -8.890069   4.893455    2.236569 vel: -0.05611306   0.04074339    0.0303838
Tree step number: 1024
**** Wallclock time per step (local): [Min/Max]
 Total       PP_single   PP_cluster  PP_cross    Tree_NB     Tree_Force  Force_corr  Kick        FindCluster CreateGroup MPI_comm    Output      Status      Other      
   0.0011082  7.9362e-06  0.00010105           0  0.00014411   0.0008217   7.426e-06  3.8037e-06  9.9769e-06  1.2191e-05  6.5489e-07  8.6379e-07  8.0918e-09  1.7525e-06
   0.0011082  7.9669e-06  0.00010109           0  0.00014286  0.00081729  7.4711e-06  3.8336e-06  1.0025e-05  1.2208e-05  6.8431e-07  8.6399e-07  8.1211e-09  1.8382e-06
**** FDPS tree soft force time profile (local):
 Sample_ptcl Domain_deco Ex_ptcl     SetRootCell Make_LT     Make_LET    Make_GT     Make_Group  Make_I_list Calc_force  Write_back 
           0           0           0  4.1369e-06   0.0001244  1.6732e-05  9.7454e-05  1.9635e-06  4.7074e-05  0.00048128  9.7734e-06
**** Tree neighbor time profile (local):
 Sample_ptcl Domain_deco Ex_ptcl     SetRootCell Make_LT     Make_LET    Make_GT     Make_Group  Make_I_list Calc_force  Write_back 
           0           0           0  1.8562e-06  5.4329e-05  9.3427e-06  4.0926e-05  5.7009e-07  8.9787e-06   1.294e-05  2.7283e-06
**** Number per step (global):
 PP_single   PP_cluster  PP_cross    Cluster     Cross       AR_step_sum
      991.76      8.2412           0       3.291           0      57.026
 AR_tsyn_sum Stab_Ngroup Iso_Ngroup  Form_Ngroup End_Ngroup  Modf_Ngroup Merg_Ngroup H4_step_sum H4_no_NB    Ep-Ep_sum   Ep-Sp_sum  
      19.343           1           0           0           0           0           0      36.228           0  8.2964e+05       17391
**** Number of members in clusters (global):
N_members:            1           2           3           4
Count    :       991.76      1.6963      1.5303    0.064453

Time: 164  N_real(loc): 1000  N_real(glb): 1000  N_all(loc): 1012  N_all(glb): 1012  N_remove(glb): 0  N_escape(glb): 0
Energy:     Error/Total         Error     Error_cum         Total       Kinetic     Potential        Modify  Modify_group Modify_single      Error_PP  Error_PP_cum
Physic:   -0.0003100939   -0.05996658       90.4966       193.382      718.1147     -524.7327       345.107             0             0  -0.003516324    -0.1251609
Slowdown: -0.0002648696    -0.0564469      90.75187       213.112      710.8449     -497.7329      2422.864             0             0  3.356963e-06    0.01217109
Angular Momentum:  |L|err: 13.6757  |L|err_cum: 6562.87  L: -4820.616   670.5322    4438.659  |L|: 6587.082
C.M.: mass: 526.4074 pos: -8.935022   5.188754    2.236798 vel: -0.05702816   0.03955167    0.03067883
Tree step number: 1024
**** Wallclock time per step (local): [Min/Max]
 Total       PP_single   PP_cluster  PP_cross    Tree_NB     Tree_Force  Force_corr  Kick        FindCluster CreateGroup MPI_comm    Output      Status      Other      
   0.0011059  7.7168e-06  9.7867e-05           0  0.00013859  0.00083092    7.23e-06  3.3554e-06  8.9065e-06  1.1993e-05  8.0517e-07  4.8702e-07       5e-09  1.6209e-06
   0.0011059  7.7468e-06  9.7902e-05           0  0.00013735  0.00082643  7.2746e-06   3.385e-06  8.9383e-06  1.2009e-05  8.3443e-07  4.8713e-07  5.0293e-09  1.7603e-06
**** FDPS tree soft force time profile (local):
 Sample_ptcl Domain_deco Ex_ptcl     SetRootCell Make_LT     Make_LET    Make_GT     Make_Group  Make_I_list Calc_force  Write_back 
           0           0           0  3.8716e-06  0.00012181  1.6039e-05  9.4468e-05  1.9706e-06  4.6984e-05  0.00049728   9.849e-06
**** Tree neighbor time profile (local):
 Sample_ptcl Domain_deco Ex_ptcl     SetRootCell Make_LT     Make_LET    Make_GT     Make_Group  Make_I_list Calc_force  Write_back 
           0           0           0  1.6516e-06  5.2444e-05  8.6833e-06  3.9378e-05  5.4747e-07  9.2961e-06  1.1339e-05  2.6912e-06
**** Number per step (global):
 PP_single   PP_cluster  PP_cross    Cluster     Cross       AR_step_sum
      993.47      6.5254           0       2.415           0      55.779
 AR_tsyn_sum Stab_Ngroup Iso_Ngroup  Form_Ngroup End_Ngroup  Modf_Ngroup Merg_Ngroup H4_step_sum H4_no_NB    Ep-Ep_sum   Ep-Sp_sum  
      18.771           1           0   0.0039062  0.00097656           0           0      29.174           0   8.304e+05       16923
**** Number of members in clusters (global):
N_members:            1           2           3           4
Count    :       993.47     0.88379      1.3672     0.16406

Time: 165  N_real(loc): 1000  N_real(glb): 1000  N_all(loc): 1012  N_all(glb): 1012  N_remove(glb): 0  N_escape(glb): 0
Energy:     Error/Total         Error     Error_cum         Total       Kinetic     Potential        Modify  Modify_group Modify_single      Error_PP  Error_PP_cum
Physic:   -0.0003519557   -0.06914184      90.42746      196.4504      720.8245     -524.3741      348.2445             0             0  -0.004061731    -0.1292226
Slowdown: -0.0003008894   -0.06507686      90.68679      216.2817      713.5183     -497.2366      2445.829             0             0  3.245007e-06    0.01217434
Angular Momentum:  |L|err: -19.10504  |L|err_cum: 6543.765  L: -4772.87   668.872    4462.23  |L|: 6568.042
C.M.: mass: 526.4074 pos: -8.980604   5.296618    2.248637 vel: -0.05389861   0.03244632    0.02839687
Tree step number: 1024
**** Wallclock time per step (local): [Min/Max]
 Total       PP_single   PP_cluster  PP_cross    Tree_NB     Tree_Force  Force_corr  Kick        FindCluster CreateGroup MPI_comm    Output      Status      Other      
   0.0011199  7.6074e-06  9.3747e-05           0  0.00015175  0.00083524  7.2746e-06  3.6423e-06  8.7961e-06   1.238e-05  6.1575e-07  8.2652e-07  5.2344e-09  1.5829e-06
     0.00112  7.6376e-06  9.3783e-05           0  0.00015051  0.00083093  7.3194e-06   3.672e-06  8.8285e-06  1.2395e-05   6.451e-07  8.2668e-07  5.2637e-09  1.6644e-06
**** FDPS tree soft force time profile (local):
 Sample_ptcl Domain_deco Ex_ptcl     SetRootCell Make_LT     Make_LET    Make_GT     Make_Group  Make_I_list Calc_force  Write_back 
           0           0           0   4.612e-06  0.00012154  1.6422e-05  9.5595e-05  1.8373e-06  3.9371e-05  0.00051029  9.4864e-06
**** Tree neighbor time profile (local):
 Sample_ptcl Domain_deco Ex_ptcl     SetRootCell Make_LT     Make_LET    Make_GT     Make_Group  Make_I_list Calc_force  Write_back 
           0           0           0  1.8203e-06  5.3079e-05  8.9641e-06   3.969e-05  5.1072e-07  8.0673e-06  2.6576e-05  2.6749e-06
**** Number per step (global):
 PP_single   PP_cluster  PP_cross    Cluster     Cross       AR_step_sum
      994.36      5.6406           0           2           0      52.763
 AR_tsyn_sum Stab_Ngroup Iso_Ngroup  Form_Ngroup End_Ngroup  Modf_Ngroup Merg_Ngroup H4_step_sum H4_no_NB    Ep-Ep_sum   Ep-Sp_sum  
        17.6           1           0           0           0           0           0      24.288           0  8.3142e+05       17705
**** Number of members in clusters (global):
N_members:            1           2           3
Count    :       994.36     0.35938      1.6406

Time: 166  N_real(loc): 1000  N_real(glb): 1000  N_all(loc): 1012  N_all(glb): 1012  N_remove(glb): 0  N_escape(glb): 0
Energy:     Error/Total         Error     Error_cum         Total       Kinetic     Potential        Modify  Modify_group Modify_single      Error_PP  Error_PP_cum
Physic:   -0.0003377881   -0.06729791      90.36016      199.2311      724.0113     -524.7802      351.0925             0             0  -0.003958408     -0.133181
Slowdown: -0.0002889943   -0.06333626      90.62345      219.1609      716.6709       -497.51      2468.603             0             0  3.245026e-06    0.01217758
Angular Momentum:  |L|err: -44.91788  |L|err_cum: 6498.847  L: -4683.075   664.769    4492.152  |L|: 6523.231
C.M.: mass: 526.4074 pos: -9.035617   5.201526    2.274973 vel: -0.061538   0.01913163    0.0269772
Tree step number: 1024
**** Wallclock time per step (local): [Min/Max]
 Total       PP_single   PP_cluster  PP_cross    Tree_NB     Tree_Force  Force_corr  Kick        FindCluster CreateGroup MPI_comm    Output      Status      Other      
   0.0011268   7.607e-06   9.425e-05           0  0.00015366  0.00083994  7.1775e-06   3.701e-06  9.1514e-06  1.1905e-05  6.3979e-07  5.3356e-07  5.1465e-09  1.7088e-06
   0.0011268  7.6371e-06  9.4286e-05           0  0.00015244   0.0008356  7.2223e-06  3.7306e-06  9.1835e-06  1.1921e-05  6.6931e-07  5.3373e-07  5.1758e-09  1.7907e-06
**** FDPS tree soft force time profile (local):
 Sample_ptcl Domain_deco Ex_ptcl     SetRootCell Make_LT     Make_LET    Make_GT     Make_Group  Make_I_list Calc_force  Write_back 
           0           0           0  3.7209e-06  0.00012074  1.5694e-05  9.5599e-05  1.8163e-06  3.7748e-05  0.00051799  9.5402e-06
**** Tree neighbor time profile (local):
 Sample_ptcl Domain_deco Ex_ptcl     SetRootCell Make_LT     Make_LET    Make_GT     Make_Group  Make_I_list Calc_force  Write_back 
           0           0           0   2.075e-06  5.2091e-05   8.601e-06  3.9693e-05  4.7879e-07  8.3524e-06  2.9686e-05  2.6506e-06
**** Number per step (global):
 PP_single   PP_cluster  PP_cross    Cluster     Cross       AR_step_sum
      993.39      6.6113           0      2.5859           0      53.393
 AR_tsyn_sum Stab_Ngroup Iso_Ngroup  Form_Ngroup End_Ngroup  Modf_Ngroup Merg_Ngroup H4_step_sum H4_no_NB    Ep-Ep_sum   Ep-Sp_sum  
      17.865           1           0   0.0058594   0.0019531           0           0       30.13           0  8.3463e+05       16951
**** Number of members in clusters (global):
N_members:            1           2           3
Count    :       993.39      1.1465      1.4395

Time: 167  N_real(loc): 1000  N_real(glb): 1000  N_all(loc): 1012  N_all(glb): 1012  N_remove(glb): 0  N_escape(glb): 0
Energy:     Error/Total         Error     Error_cum         Total       Kinetic     Potential        Modify  Modify_group Modify_single      Error_PP  Error_PP_cum
Physic:   -0.0002663765   -0.05360051      90.30656      201.2209      726.2968     -525.0759      353.1359             0             0  -0.003161937     -0.136343
Slowdown: -0.0002279776   -0.05043528      90.57302      221.2291      718.9307     -497.7016      2490.651             0             0  3.295953e-06    0.01218088
Angular Momentum:  |L|err: -62.26942  |L|err_cum: 6436.577  L: -4564.042   658.9687    4525.595  |L|: 6461.094
C.M.: mass: 526.4074 pos: -9.114792   4.788051    2.324683 vel: -0.06304691   0.01813582    0.0197694
Tree step number: 1024
**** Wallclock time per step (local): [Min/Max]
 Total       PP_single   PP_cluster  PP_cross    Tree_NB     Tree_Force  Force_corr  Kick        FindCluster CreateGroup MPI_comm    Output      Status      Other      
   0.0011336  7.8114e-06  0.00010008           0  0.00015532  0.00083916   7.232e-06   3.492e-06  9.0693e-06  1.1935e-05  6.0822e-07  6.8612e-07  5.6748e-09  1.6479e-06
   0.0011337  7.8556e-06  0.00010011           0  0.00015406  0.00083482  7.2767e-06  3.5216e-06   9.102e-06  1.1951e-05  6.3786e-07  6.8627e-07  5.7041e-09  1.7291e-06
**** FDPS tree soft force time profile (local):
 Sample_ptcl Domain_deco Ex_ptcl     SetRootCell Make_LT     Make_LET    Make_GT     Make_Group  Make_I_list Calc_force  Write_back 
           0           0           0  3.7591e-06  0.00012007  1.5774e-05  9.4778e-05   1.869e-06  3.7755e-05  0.00051854  9.5929e-06
**** Tree neighbor time profile (local):
 Sample_ptcl Domain_deco Ex_ptcl     SetRootCell Make_LT     Make_LET    Make_GT     Make_Group  Make_I_list Calc_force  Write_back 
           0           0           0  1.6404e-06  5.3425e-05  8.8293e-06  3.9707e-05  5.3969e-07  7.6968e-06   2.938e-05  2.7218e-06
**** Number per step (global):
 PP_single   PP_cluster  PP_cross    Cluster     Cross       AR_step_sum
      992.91      7.0938           0      2.6719           0      56.893
 AR_tsyn_sum Stab_Ngroup Iso_Ngroup  Form_Ngroup End_Ngroup  Modf_Ngroup Merg_Ngroup H4_step_sum H4_no_NB    Ep-Ep_sum   Ep-Sp_sum  
      19.229           1           0   0.0058594  0.00097656           0           0      35.453           0  8.3647e+05       15817
**** Number of members in clusters (global):
N_members:            1           2           3           4
Count    :       992.91      1.1699      1.2539     0.24805

Time: 168  N_real(loc): 1000  N_real(glb): 1000  N_all(loc): 1012  N_all(glb): 1012  N_remove(glb): 0  N_escape(glb): 0
Energy:     Error/Total         Error     Error_cum         Total       Kinetic     Potential        Modify  Modify_group Modify_single      Error_PP  Error_PP_cum
Physic:   -0.0001215949   -0.02456251      90.28199      202.0029      725.7098     -523.7069      353.9424             0             0  -0.001463213    -0.1378062
Slowdown: -0.0001040092   -0.02309499      90.54992      222.0475      718.3325      -496.285      2511.501             0             0  4.314626e-06    0.01218519
Angular Momentum:  |L|err: -45.07747  |L|err_cum: 6391.5  L: -4476.747   654.735    4549.343  |L|: 6416.11
C.M.: mass: 526.4074 pos: -9.191144   4.434372    2.367717 vel: -0.06438251   0.02088717    0.01289646
Tree step number: 1024
**** Wallclock time per step (local): [Min/Max]
 Total       PP_single   PP_cluster  PP_cross    Tree_NB     Tree_Force  Force_corr  Kick        FindCluster CreateGroup MPI_comm    Output      Status      Other      
   0.0011425  7.5992e-06   0.0001001           0  0.00015563   0.0008484  7.1048e-06  3.5315e-06  8.7945e-06  1.2179e-05  6.3798e-07   4.878e-07  5.0674e-09  1.6149e-06
   0.0011425  7.6297e-06  0.00010013           0  0.00015441  0.00084377  7.1495e-06  3.5611e-06  8.8276e-06  1.2195e-05  6.6732e-07  4.8792e-07  5.0977e-09  1.7207e-06
**** FDPS tree soft force time profile (local):
 Sample_ptcl Domain_deco Ex_ptcl     SetRootCell Make_LT     Make_LET    Make_GT     Make_Group  Make_I_list Calc_force  Write_back 
           0           0           0  3.6572e-06  0.00011975  1.7052e-05  9.6334e-05  1.9168e-06  3.8997e-05  0.00052049  1.0163e-05
**** Tree neighbor time profile (local):
 Sample_ptcl Domain_deco Ex_ptcl     SetRootCell Make_LT     Make_LET    Make_GT     Make_Group  Make_I_list Calc_force  Write_back 
           0           0           0  1.8226e-06  5.2636e-05   8.669e-06  4.0087e-05  4.9504e-07  7.8543e-06  2.7578e-05  2.6565e-06
**** Number per step (global):
 PP_single   PP_cluster  PP_cross    Cluster     Cross       AR_step_sum
      993.25      6.7461           0       2.373           0      56.795
 AR_tsyn_sum Stab_Ngroup Iso_Ngroup  Form_Ngroup End_Ngroup  Modf_Ngroup Merg_Ngroup H4_step_sum H4_no_NB    Ep-Ep_sum   Ep-Sp_sum  
      19.212           1           0   0.0068359   0.0019531           0           0      30.479   0.0097656  8.3777e+05       14529
**** Number of members in clusters (global):
N_members:            1           2           3
Count    :       993.25     0.37305           2

Time: 169  N_real(loc): 1000  N_real(glb): 1000  N_all(loc): 1012  N_all(glb): 1012  N_remove(glb): 0  N_escape(glb): 0
Energy:     Error/Total         Error     Error_cum         Total       Kinetic     Potential        Modify  Modify_group Modify_single      Error_PP  Error_PP_cum
Physic:   -9.842559e-05   -0.01997658      90.26202      202.9612      727.7385     -524.7773      354.9207             0             0   -0.00118859    -0.1389948
Slowdown: -8.421631e-05   -0.01878324      90.53114      223.0357      720.3503     -497.3146      2532.552             0             0  4.743128e-06    0.01218994
Angular Momentum:  |L|err: -0.6418453  |L|err_cum: 6390.858  L: -4469.142   654.7396    4555.926  |L|: 6415.479
C.M.: mass: 526.4074 pos: -9.23879   4.643864    2.37363 vel: -0.06204545   0.02082668    0.01627709
Tree step number: 1024
**** Wallclock time per step (local): [Min/Max]
 Total       PP_single   PP_cluster  PP_cross    Tree_NB     Tree_Force  Force_corr  Kick        FindCluster CreateGroup MPI_comm    Output      Status      Other      
   0.0011269  7.7646e-06  0.00010013           0  0.00015153  0.00083571  7.4662e-06  3.5229e-06  9.2235e-06  1.2053e-05  6.1997e-07   7.521e-07  8.7568e-09  1.6717e-06
   0.0011269  7.7952e-06  0.00010019           0  0.00015035  0.00083118  7.5113e-06  3.5527e-06  9.2565e-06  1.2069e-05  6.4915e-07  7.5222e-07  8.7861e-09  1.7549e-06
**** FDPS tree soft force time profile (local):
 Sample_ptcl Domain_deco Ex_ptcl     SetRootCell Make_LT     Make_LET    Make_GT     Make_Group  Make_I_list Calc_force  Write_back 
           0           0           0  3.9693e-06  0.00012169  1.6525e-05  9.4579e-05  1.8786e-06  3.7515e-05  0.00050874  9.9461e-06
**** Tree neighbor time profile (local):
 Sample_ptcl Domain_deco Ex_ptcl     SetRootCell Make_LT     Make_LET    Make_GT     Make_Group  Make_I_list Calc_force  Write_back 
           0           0           0  1.9423e-06  5.1625e-05  8.8868e-06  3.9497e-05  5.0042e-07  7.3405e-06  2.5701e-05  2.5527e-06
**** Number per step (global):
 PP_single   PP_cluster  PP_cross    Cluster     Cross       AR_step_sum
      993.47      6.5264           0      2.3066           0      56.475
 AR_tsyn_sum Stab_Ngroup Iso_Ngroup  Form_Ngroup End_Ngroup  Modf_Ngroup Merg_Ngroup H4_step_sum H4_no_NB    Ep-Ep_sum   Ep-Sp_sum  
      19.161           1           0   0.0058594  0.00097656           0           0      28.894           0  8.3994e+05       13185
**** Number of members in clusters (global):
N_members:            1           2           3           4
Count    :       993.47      0.6875      1.3252     0.29395

Time: 170  N_real(loc): 1000  N_real(glb): 1000  N_all(loc): 1012  N_all(glb): 1012  N_remove(glb): 0  N_escape(glb): 0
Energy:     Error/Total         Error     Error_cum         Total       Kinetic     Potential        Modify  Modify_group Modify_single      Error_PP  Error_PP_cum
Physic:   -0.0002412201   -0.04954474      90.21247      205.3923      728.1663      -522.774      357.4013             0             0  -0.003000378    -0.1419951
Slowdown: -0.0002063516   -0.04654074       90.4846       225.541      720.7502     -495.2093      2555.179             0             0  3.624829e-06    0.01219356
Angular Momentum:  |L|err: 2.999622  |L|err_cum: 6393.858  L: -4465.213   655.0843    4563.96  |L|: 6418.489
C.M.: mass: 526.4074 pos: -9.280816   5.137079    2.355421 vel: -0.06951922   0.02406323    0.02848591
Tree step number: 1024
**** Wallclock time per step (local): [Min/Max]
 Total       PP_single   PP_cluster  PP_cross    Tree_NB     Tree_Force  Force_corr  Kick        FindCluster CreateGroup MPI_comm    Output      Status      Other      
   0.0011102  7.5937e-06  9.9726e-05           0  0.00015065  0.00082065  7.5413e-06  3.6017e-06  9.4232e-06  1.1634e-05   6.059e-07  5.7025e-07  5.1367e-09  1.6069e-06
   0.0011103  7.6237e-06  9.9762e-05           0  0.00014941  0.00081633   7.586e-06  3.6313e-06  9.4555e-06   1.165e-05    6.35e-07  5.7039e-07   5.166e-09  1.6891e-06
**** FDPS tree soft force time profile (local):
 Sample_ptcl Domain_deco Ex_ptcl     SetRootCell Make_LT     Make_LET    Make_GT     Make_Group  Make_I_list Calc_force  Write_back 
           0           0           0  3.5595e-06  0.00012061  1.5883e-05  9.4551e-05  1.8126e-06  3.7295e-05  0.00049751  9.4783e-06
**** Tree neighbor time profile (local):
 Sample_ptcl Domain_deco Ex_ptcl     SetRootCell Make_LT     Make_LET    Make_GT     Make_Group  Make_I_list Calc_force  Write_back 
           0           0           0  1.7783e-06  5.1262e-05  8.8632e-06  3.8794e-05  4.8212e-07  7.7463e-06  2.4868e-05  2.6663e-06
**** Number per step (global):
 PP_single   PP_cluster  PP_cross    Cluster     Cross       AR_step_sum
      991.84      8.1582           0       3.209           0      57.441
 AR_tsyn_sum Stab_Ngroup Iso_Ngroup  Form_Ngroup End_Ngroup  Modf_Ngroup Merg_Ngroup H4_step_sum H4_no_NB    Ep-Ep_sum   Ep-Sp_sum  
      19.484           1           0    0.016602   0.0029297           0           0      36.853   0.0078125  8.3982e+05       13553
**** Number of members in clusters (global):
N_members:            1           2           3           4           5
Count    :       991.84      1.7412      1.2637     0.13574    0.068359

Time: 171  N_real(loc): 1000  N_real(glb): 1000  N_all(loc): 1012  N_all(glb): 1012  N_remove(glb): 0  N_escape(glb): 0
Energy:     Error/Total         Error     Error_cum         Total       Kinetic     Potential        Modify  Modify_group Modify_single      Error_PP  Error_PP_cum
Physic:   -0.0003252806   -0.06779007      90.14468      208.4049      733.8496     -525.4447      360.4817             0             0  -0.004082496    -0.1460776
Slowdown: -0.0002786058   -0.06370428      90.42089      228.6538      726.3976     -497.7438      2578.504             0             0  3.291743e-06    0.01219685
Angular Momentum:  |L|err: -27.15728  |L|err_cum: 6366.7  L: -4403.587   652.5766    4586.127  |L|: 6391.4
C.M.: mass: 526.4074 pos: -9.32755   5.554969    2.344985 vel: -0.06276985   0.02113354    0.0215353
Tree step number: 1024
**** Wallclock time per step (local): [Min/Max]
 Total       PP_single   PP_cluster  PP_cross    Tree_NB     Tree_Force  Force_corr  Kick        FindCluster CreateGroup MPI_comm    Output      Status      Other      
   0.0011109  8.4735e-06  9.9764e-05           0  0.00015595  0.00081304  8.0322e-06  4.0754e-06  9.8721e-06  1.2491e-05  6.7721e-07    5.02e-07  5.1953e-09  1.7732e-06
   0.0011109  8.5044e-06  9.9802e-05           0  0.00015475  0.00080817   8.078e-06  4.1056e-06  9.9057e-06  1.2507e-05  7.0694e-07  5.0212e-07  5.2246e-09  1.8777e-06
**** FDPS tree soft force time profile (local):
 Sample_ptcl Domain_deco Ex_ptcl     SetRootCell Make_LT     Make_LET    Make_GT     Make_Group  Make_I_list Calc_force  Write_back 
           0           0           0  4.5152e-06  0.00012554  1.6807e-05  9.7914e-05  1.8449e-06  3.9047e-05  0.00047942  1.0647e-05
**** Tree neighbor time profile (local):
 Sample_ptcl Domain_deco Ex_ptcl     SetRootCell Make_LT     Make_LET    Make_GT     Make_Group  Make_I_list Calc_force  Write_back 
           0           0           0   1.771e-06  5.5098e-05  9.2677e-06  4.1244e-05  5.1011e-07   8.236e-06  2.4556e-05  2.6172e-06
**** Number per step (global):
 PP_single   PP_cluster  PP_cross    Cluster     Cross       AR_step_sum
      993.09      6.9131           0      2.4482           0      54.569
 AR_tsyn_sum Stab_Ngroup Iso_Ngroup  Form_Ngroup End_Ngroup  Modf_Ngroup Merg_Ngroup H4_step_sum H4_no_NB    Ep-Ep_sum   Ep-Sp_sum  
      18.178           1           0    0.011719   0.0029297           0           0      30.291   0.0078125  8.3895e+05       13894
**** Number of members in clusters (global):
N_members:            1           2           3           4
Count    :       993.09     0.68945       1.501     0.25781

Time: 172  N_real(loc): 1000  N_real(glb): 1000  N_all(loc): 1012  N_all(glb): 1012  N_remove(glb): 0  N_escape(glb): 0
Energy:     Error/Total         Error     Error_cum         Total       Kinetic     Potential        Modify  Modify_group Modify_single      Error_PP  Error_PP_cum
Physic:    -0.000317964   -0.06715065      90.07753      211.1895      744.8387     -533.6492      363.3335             0             0  -0.004053191    -0.1501308
Slowdown:   -0.00027249   -0.06309159       90.3578      231.5373      737.3527     -505.8154      2601.699             0             0  3.195857e-06    0.01220005
Angular Momentum:  |L|err: -48.44826  |L|err_cum: 6318.252  L: -4298.888   648.0184    4618.878  |L|: 6343.06
C.M.: mass: 526.4074 pos: -9.373877   5.720514    2.350356 vel: -0.06988827   0.0056343    0.02425495
Tree step number: 1024
**** Wallclock time per step (local): [Min/Max]
 Total       PP_single   PP_cluster  PP_cross    Tree_NB     Tree_Force  Force_corr  Kick        FindCluster CreateGroup MPI_comm    Output      Status      Other      
   0.0010388  7.9689e-06  9.4765e-05           0  0.00014724  0.00075751   7.478e-06  3.3892e-06  9.1576e-06  1.1839e-05  6.1182e-07  5.3744e-07  5.0781e-09  1.6858e-06
   0.0010388  7.9996e-06  9.4801e-05           0    0.000146  0.00075326  7.5228e-06  3.4189e-06  9.1903e-06  1.1855e-05  6.4126e-07  5.3752e-07  5.1074e-09  1.7663e-06
**** FDPS tree soft force time profile (local):
 Sample_ptcl Domain_deco Ex_ptcl     SetRootCell Make_LT     Make_LET    Make_GT     Make_Group  Make_I_list Calc_force  Write_back 
           0           0           0  4.0122e-06  0.00012334  1.5944e-05  9.5818e-05   1.747e-06  3.8849e-05  0.00043012  9.3658e-06
**** Tree neighbor time profile (local):
 Sample_ptcl Domain_deco Ex_ptcl     SetRootCell Make_LT     Make_LET    Make_GT     Make_Group  Make_I_list Calc_force  Write_back 
           0           0           0  2.0513e-06   5.338e-05  9.0179e-06  4.0198e-05   4.868e-07  7.8126e-06  2.0637e-05  2.6762e-06
**** Number per step (global):
 PP_single   PP_cluster  PP_cross    Cluster     Cross       AR_step_sum
      992.58      7.4199           0      2.8721           0      52.714
 AR_tsyn_sum Stab_Ngroup Iso_Ngroup  Form_Ngroup End_Ngroup  Modf_Ngroup Merg_Ngroup H4_step_sum H4_no_NB    Ep-Ep_sum   Ep-Sp_sum  
      17.639           1           0    0.015625   0.0029297           0           0      31.966           0  8.3607e+05       14444
**** Number of members in clusters (global):
N_members:            1           2           3
Count    :       992.58      1.1963      1.6758

Time: 173  N_real(loc): 1000  N_real(glb): 1000  N_all(loc): 1012  N_all(glb): 1012  N_remove(glb): 0  N_escape(glb): 0
Energy:     Error/Total         Error     Error_cum         Total       Kinetic     Potential        Modify  Modify_group Modify_single      Error_PP  Error_PP_cum
Physic:   -0.0002837692   -0.06059003      90.01694      213.5187      741.7481     -528.2294      365.7233             0             0  -0.003654517    -0.1537854
Slowdown: -0.0002433469   -0.05693228      90.30087      233.9552      734.2329     -500.2777      2624.522             0             0  3.235092e-06    0.01220329
Angular Momentum:  |L|err: -60.28365  |L|err_cum: 6257.968  L: -4165.115   642.2298    4659.858  |L|: 6282.907
C.M.: mass: 526.4074 pos: -9.441865   5.563469    2.383039 vel: -0.06598964   0.01275182    0.01649277
Tree step number: 1024
**** Wallclock time per step (local): [Min/Max]
 Total       PP_single   PP_cluster  PP_cross    Tree_NB     Tree_Force  Force_corr  Kick        FindCluster CreateGroup MPI_comm    Output      Status      Other      
   0.0010514  7.7663e-06  9.2558e-05           0   0.0001477  0.00077283   7.132e-06   3.547e-06  9.1841e-06  1.1677e-05  6.4921e-07  5.8934e-07  5.2637e-09  1.6116e-06
   0.0010515  7.7973e-06  9.2595e-05           0  0.00014653  0.00076812  7.1771e-06  3.5774e-06  9.2181e-06  1.1694e-05  6.7932e-07  5.8947e-07   5.293e-09  1.7121e-06
**** FDPS tree soft force time profile (local):
 Sample_ptcl Domain_deco Ex_ptcl     SetRootCell Make_LT     Make_LET    Make_GT     Make_Group  Make_I_list Calc_force  Write_back 
           0           0           0  3.5436e-06  0.00012249  1.6763e-05  9.6704e-05  2.0451e-06  3.8939e-05  0.00044282  1.0308e-05
**** Tree neighbor time profile (local):
 Sample_ptcl Domain_deco Ex_ptcl     SetRootCell Make_LT     Make_LET    Make_GT     Make_Group  Make_I_list Calc_force  Write_back 
           0           0           0  1.6387e-06  5.2957e-05  8.6819e-06  4.0434e-05  4.7599e-07   8.025e-06  2.0069e-05  2.5339e-06
**** Number per step (global):
 PP_single   PP_cluster  PP_cross    Cluster     Cross       AR_step_sum
      992.21        7.79           0        3.21           0        51.5
 AR_tsyn_sum Stab_Ngroup Iso_Ngroup  Form_Ngroup End_Ngroup  Modf_Ngroup Merg_Ngroup H4_step_sum H4_no_NB    Ep-Ep_sum   Ep-Sp_sum  
      17.127           1           0           0           0           0           0      33.333           0  8.3839e+05       13876
**** Number of members in clusters (global):
N_members:            1           2           3
Count    :       992.21      1.8398      1.3701

Time: 174  N_real(loc): 1000  N_real(glb): 1000  N_all(loc): 1012  N_all(glb): 1012  N_remove(glb): 0  N_escape(glb): 0
Energy:     Error/Total         Error     Error_cum         Total       Kinetic     Potential        Modify  Modify_group Modify_single      Error_PP  Error_PP_cum
Physic:   -0.0002106728   -0.04530588      89.97164      215.0533      740.2868     -525.2335      367.3032             0             0   -0.00274962     -0.156535
Slowdown: -0.0001806483   -0.04255287      90.25832      235.5564      732.7514     -497.1949      2646.602             0             0  3.382449e-06    0.01220667
Angular Momentum:  |L|err: -62.87673  |L|err_cum: 6195.092  L: -4017.129   636.0205    4706.233  |L|: 6220.167
C.M.: mass: 526.4074 pos: -9.53515   5.042789    2.435466 vel: -0.06638998   0.0006660255    0.0130577
Tree step number: 1024
**** Wallclock time per step (local): [Min/Max]
 Total       PP_single   PP_cluster  PP_cross    Tree_NB     Tree_Force  Force_corr  Kick        FindCluster CreateGroup MPI_comm    Output      Status      Other      
   0.0010447  7.8904e-06  9.9317e-05           0  0.00014677  0.00076094  7.1078e-06  3.4554e-06  8.3996e-06  1.1487e-05  6.3865e-07  5.6813e-07  4.9307e-09  1.6695e-06
   0.0010447  7.9212e-06  9.9354e-05           0   0.0001456  0.00075656  7.1527e-06  3.4852e-06  8.4324e-06  1.1503e-05  6.6805e-07  5.6824e-07  4.9502e-09  1.7839e-06
**** FDPS tree soft force time profile (local):
 Sample_ptcl Domain_deco Ex_ptcl     SetRootCell Make_LT     Make_LET    Make_GT     Make_Group  Make_I_list Calc_force  Write_back 
           0           0           0  3.6174e-06  0.00012061  1.5641e-05  9.5161e-05  1.7321e-06  3.7702e-05  0.00043952  9.5992e-06
**** Tree neighbor time profile (local):
 Sample_ptcl Domain_deco Ex_ptcl     SetRootCell Make_LT     Make_LET    Make_GT     Make_Group  Make_I_list Calc_force  Write_back 
           0           0           0  2.0148e-06  5.3041e-05  8.7625e-06  3.9738e-05  4.9584e-07  8.2519e-06   2.086e-05    2.54e-06
**** Number per step (global):
 PP_single   PP_cluster  PP_cross    Cluster     Cross       AR_step_sum
      993.22      6.7812           0      2.8516           0      55.217
 AR_tsyn_sum Stab_Ngroup Iso_Ngroup  Form_Ngroup End_Ngroup  Modf_Ngroup Merg_Ngroup H4_step_sum H4_no_NB    Ep-Ep_sum   Ep-Sp_sum  
      18.575           1           0           0           0           0           0      28.053           0  8.3731e+05       14617
**** Number of members in clusters (global):
N_members:            1           2           3
Count    :       993.22      1.7734      1.0781

Time: 175  N_real(loc): 1000  N_real(glb): 1000  N_all(loc): 1012  N_all(glb): 1012  N_remove(glb): 0  N_escape(glb): 0
Energy:     Error/Total         Error     Error_cum         Total       Kinetic     Potential        Modify  Modify_group Modify_single      Error_PP  Error_PP_cum
Physic:   -0.0001018943   -0.02197465      89.94966      215.6612       740.038     -524.3768      367.9331             0             0  -0.001335866    -0.1578708
Slowdown: -8.736127e-05   -0.02063447      90.23768       236.197      732.4937     -496.2967      2667.767             0             0  4.315808e-06    0.01221098
Angular Momentum:  |L|err: -41.68506  |L|err_cum: 6153.407  L: -3909.934   631.7905    4742.156  |L|: 6178.575
C.M.: mass: 526.4074 pos: -9.634152   4.496212    2.484899 vel: -0.06427732   0.006376007    0.003969238
Tree step number: 1024
**** Wallclock time per step (local): [Min/Max]
 Total       PP_single   PP_cluster  PP_cross    Tree_NB     Tree_Force  Force_corr  Kick        FindCluster CreateGroup MPI_comm    Output      Status      Other      
   0.0010695  7.5377e-06  9.7832e-05           0  0.00014997  0.00078368  7.5344e-06  3.5424e-06  8.7193e-06  1.1663e-05  5.9987e-07  6.0515e-07  5.1855e-09  1.5919e-06
   0.0010696   7.568e-06  9.7868e-05           0  0.00014877  0.00077914  7.5791e-06  3.5721e-06  8.7537e-06  1.1679e-05  6.2898e-07  6.0528e-07  5.2148e-09  1.6731e-06
**** FDPS tree soft force time profile (local):
 Sample_ptcl Domain_deco Ex_ptcl     SetRootCell Make_LT     Make_LET    Make_GT     Make_Group  Make_I_list Calc_force  Write_back 
           0           0           0  3.6037e-06  0.00012023   1.551e-05  9.3204e-05  1.7212e-06  3.7836e-05  0.00046224  9.9279e-06
**** Tree neighbor time profile (local):
 Sample_ptcl Domain_deco Ex_ptcl     SetRootCell Make_LT     Make_LET    Make_GT     Make_Group  Make_I_list Calc_force  Write_back 
           0           0           0  1.8104e-06  5.2466e-05  8.8621e-06  3.9261e-05  5.0932e-07  8.9942e-06   2.291e-05  2.6015e-06
**** Number per step (global):
 PP_single   PP_cluster  PP_cross    Cluster     Cross       AR_step_sum
      994.03      5.9688           0      2.4053           0      56.299
 AR_tsyn_sum Stab_Ngroup Iso_Ngroup  Form_Ngroup End_Ngroup  Modf_Ngroup Merg_Ngroup H4_step_sum H4_no_NB    Ep-Ep_sum   Ep-Sp_sum  
      18.827           1           0    0.053711    0.011719           0           0      28.907    0.060547  8.3891e+05       14152
**** Number of members in clusters (global):
N_members:            1           2           3
Count    :       994.03      1.2471      1.1582

Time: 176  N_real(loc): 1000  N_real(glb): 1000  N_all(loc): 1012  N_all(glb): 1012  N_remove(glb): 0  N_escape(glb): 0
Energy:     Error/Total         Error     Error_cum         Total       Kinetic     Potential        Modify  Modify_group Modify_single      Error_PP  Error_PP_cum
Physic:   -0.0001074485   -0.02328081      89.92638      216.6695      743.8207     -527.1513      368.9646             0             0  -0.001425178     -0.159296
Slowdown: -9.210464e-05   -0.02185091      90.21583        237.24      736.2645     -499.0244      2689.367             0             0  4.723719e-06    0.01221571
Angular Momentum:  |L|err: -13.89393  |L|err_cum: 6139.513  L: -3870.98   630.3672    4756.243  |L|: 6164.714
C.M.: mass: 526.4074 pos: -9.70171   4.635939    2.480888 vel: -0.06707019   0.0209679    0.01295703
Tree step number: 1024
**** Wallclock time per step (local): [Min/Max]
 Total       PP_single   PP_cluster  PP_cross    Tree_NB     Tree_Force  Force_corr  Kick        FindCluster CreateGroup MPI_comm    Output      Status      Other      
   0.0010749  7.9519e-06  9.7304e-05           0   0.0001531  0.00078574  7.1078e-06  3.7754e-06   8.822e-06  1.1597e-05  6.0583e-07  4.9434e-07  5.0977e-09  1.8414e-06
   0.0010749  7.9827e-06  9.7342e-05           0  0.00015188  0.00078141  7.1532e-06  3.8051e-06  8.8548e-06  1.1613e-05  6.3563e-07  4.9441e-07  5.1172e-09  1.9212e-06
**** FDPS tree soft force time profile (local):
 Sample_ptcl Domain_deco Ex_ptcl     SetRootCell Make_LT     Make_LET    Make_GT     Make_Group  Make_I_list Calc_force  Write_back 
           0           0           0  4.1813e-06  0.00012388  1.6114e-05   9.778e-05  1.7197e-06  3.8294e-05  0.00045797  9.5426e-06
**** Tree neighbor time profile (local):
 Sample_ptcl Domain_deco Ex_ptcl     SetRootCell Make_LT     Make_LET    Make_GT     Make_Group  Make_I_list Calc_force  Write_back 
           0           0           0  1.7538e-06  5.3697e-05  9.1384e-06  4.0178e-05  5.0409e-07  8.7636e-06   2.593e-05  2.6632e-06
**** Number per step (global):
 PP_single   PP_cluster  PP_cross    Cluster     Cross       AR_step_sum
      994.35      5.6543           0      2.2783           0      55.028
 AR_tsyn_sum Stab_Ngroup Iso_Ngroup  Form_Ngroup End_Ngroup  Modf_Ngroup Merg_Ngroup H4_step_sum H4_no_NB    Ep-Ep_sum   Ep-Sp_sum  
      18.285           1           0    0.077148    0.014648           0           0      27.934     0.11133  8.3711e+05       14487
**** Number of members in clusters (global):
N_members:            1           2           3
Count    :       994.35      1.1807      1.0977

Time: 177  N_real(loc): 1000  N_real(glb): 1000  N_all(loc): 1012  N_all(glb): 1012  N_remove(glb): 0  N_escape(glb): 0
Energy:     Error/Total         Error     Error_cum         Total       Kinetic     Potential        Modify  Modify_group Modify_single      Error_PP  Error_PP_cum
Physic:   -0.0002341377   -0.05128272       89.8751       219.028      755.5075     -536.4795      371.3745             0             0   -0.00314984    -0.1624459
Slowdown: -0.0002008103   -0.04812914       90.1677      239.6746      747.9237     -508.2491      2712.421             0             0  3.730001e-06    0.01221944
Angular Momentum:  |L|err: -18.47365  |L|err_cum: 6121.039  L: -3826.728   628.4357    4768.429  |L|: 6146.274
C.M.: mass: 526.4074 pos: -9.756233   5.112228    2.462775 vel: -0.07632599   0.005881265    0.02866752
Tree step number: 1024
**** Wallclock time per step (local): [Min/Max]
 Total       PP_single   PP_cluster  PP_cross    Tree_NB     Tree_Force  Force_corr  Kick        FindCluster CreateGroup MPI_comm    Output      Status      Other      
    0.001046  7.3256e-06  9.5293e-05           0  0.00015175  0.00076018  7.0327e-06  3.4099e-06  8.6306e-06  1.2314e-05   6.261e-07  8.5001e-07  6.7813e-09  1.7232e-06
    0.001046  7.3559e-06   9.533e-05           0  0.00015059  0.00075593  7.0776e-06  3.4393e-06  8.6629e-06  1.2332e-05  6.5562e-07  8.5015e-07  6.8203e-09  1.7994e-06
**** FDPS tree soft force time profile (local):
 Sample_ptcl Domain_deco Ex_ptcl     SetRootCell Make_LT     Make_LET    Make_GT     Make_Group  Make_I_list Calc_force  Write_back 
           0           0           0   3.907e-06  0.00012033  1.5684e-05  9.6704e-05    1.75e-06  3.8178e-05  0.00043743  9.3453e-06
**** Tree neighbor time profile (local):
 Sample_ptcl Domain_deco Ex_ptcl     SetRootCell Make_LT     Make_LET    Make_GT     Make_Group  Make_I_list Calc_force  Write_back 
           0           0           0   1.915e-06  5.3222e-05  8.4713e-06  3.9505e-05  5.1398e-07  8.3362e-06  2.7509e-05    2.52e-06
**** Number per step (global):
 PP_single   PP_cluster  PP_cross    Cluster     Cross       AR_step_sum
      993.31      6.6855           0      2.8428           0      55.693
 AR_tsyn_sum Stab_Ngroup Iso_Ngroup  Form_Ngroup End_Ngroup  Modf_Ngroup Merg_Ngroup H4_step_sum H4_no_NB    Ep-Ep_sum   Ep-Sp_sum  
      18.526           1           0    0.076172    0.014648           0           0      33.635     0.11133  8.3386e+05       15065
**** Number of members in clusters (global):
N_members:            1           2           3
Count    :       993.31      1.8428           1

Time: 178  N_real(loc): 1000  N_real(glb): 1000  N_all(loc): 1012  N_all(glb): 1012  N_remove(glb): 0  N_escape(glb): 0
Energy:     Error/Total         Error     Error_cum         Total       Kinetic     Potential        Modify  Modify_group Modify_single      Error_PP  Error_PP_cum
Physic:   -0.0002976256   -0.06602665      89.80907      221.8447      749.3638     -527.5191      374.2571             0             0  -0.004063219    -0.1665091
Slowdown: -0.0002554118   -0.06196002      90.10574      242.5887      741.7461     -499.1574      2736.043             0             0   3.40859e-06    0.01222285
Angular Momentum:  |L|err: -39.56786  |L|err_cum: 6081.471  L: -3726.857   624.2286    4797.254  |L|: 6106.781
C.M.: mass: 526.4074 pos: -9.81403   5.490219    2.460787 vel: -0.06986354   0.006040649    0.03738055
Tree step number: 1024
**** Wallclock time per step (local): [Min/Max]
 Total       PP_single   PP_cluster  PP_cross    Tree_NB     Tree_Force  Force_corr  Kick        FindCluster CreateGroup MPI_comm    Output      Status      Other      
   0.0010859  7.6057e-06  9.3671e-05           0  0.00015319  0.00080054  7.1459e-06  3.5708e-06  9.0878e-06   1.181e-05  6.5338e-07  5.2888e-07  5.1855e-09  1.5724e-06
   0.0010859   7.636e-06  9.3708e-05           0  0.00015194  0.00079604  7.1905e-06  3.6005e-06  9.1204e-06  1.1826e-05  6.8308e-07  5.2901e-07  5.2148e-09  1.6525e-06
**** FDPS tree soft force time profile (local):
 Sample_ptcl Domain_deco Ex_ptcl     SetRootCell Make_LT     Make_LET    Make_GT     Make_Group  Make_I_list Calc_force  Write_back 
           0           0           0  4.4059e-06  0.00012215  1.5769e-05  9.5739e-05  1.7742e-06   3.806e-05  0.00047702  9.8903e-06
**** Tree neighbor time profile (local):
 Sample_ptcl Domain_deco Ex_ptcl     SetRootCell Make_LT     Make_LET    Make_GT     Make_Group  Make_I_list Calc_force  Write_back 
           0           0           0  1.7448e-06  5.1927e-05  8.5337e-06  3.9797e-05  5.1968e-07  8.4467e-06  2.9164e-05  2.7012e-06
**** Number per step (global):
 PP_single   PP_cluster  PP_cross    Cluster     Cross       AR_step_sum
      994.04      5.9609           0      2.4727           0      53.306
 AR_tsyn_sum Stab_Ngroup Iso_Ngroup  Form_Ngroup End_Ngroup  Modf_Ngroup Merg_Ngroup H4_step_sum H4_no_NB    Ep-Ep_sum   Ep-Sp_sum  
      17.429           1           0    0.071289    0.015625           0           0      28.399     0.10156  8.3699e+05       14343
**** Number of members in clusters (global):
N_members:            1           2           3
Count    :       994.04       1.457      1.0156

Time: 179  N_real(loc): 1000  N_real(glb): 1000  N_all(loc): 1012  N_all(glb): 1012  N_remove(glb): 0  N_escape(glb): 0
Energy:     Error/Total         Error     Error_cum         Total       Kinetic     Potential        Modify  Modify_group Modify_single      Error_PP  Error_PP_cum
Physic:   -0.0002818264   -0.06323424      89.74584      224.3731      748.0218     -523.6488      376.8488             0             0  -0.003902301    -0.1704114
Slowdown: -0.0002419504   -0.05932867      90.04641      245.2101      740.3732     -495.1631      2759.468             0             0  3.272911e-06    0.01222612
Angular Momentum:  |L|err: -48.73649  |L|err_cum: 6032.735  L: -3591.665   618.8535    4839.214  |L|: 6058.138
C.M.: mass: 526.4074 pos: -9.876028   5.621498    2.4819 vel: -0.06472291   0.0001250803    0.03814904
Tree step number: 1024
**** Wallclock time per step (local): [Min/Max]
 Total       PP_single   PP_cluster  PP_cross    Tree_NB     Tree_Force  Force_corr  Kick        FindCluster CreateGroup MPI_comm    Output      Status      Other      
      0.0011  7.6988e-06  8.8861e-05           0  0.00015676  0.00081559  7.0517e-06  3.7224e-06  8.7704e-06  1.2122e-05  7.1759e-07  5.7099e-07  7.8857e-09  1.7113e-06
      0.0011  7.7294e-06  8.8899e-05           0  0.00015542  0.00081129  7.0965e-06  3.7524e-06  8.8036e-06  1.2138e-05    7.47e-07  5.7117e-07   7.915e-09  1.7935e-06
**** FDPS tree soft force time profile (local):
 Sample_ptcl Domain_deco Ex_ptcl     SetRootCell Make_LT     Make_LET    Make_GT     Make_Group  Make_I_list Calc_force  Write_back 
           0           0           0  3.5886e-06  0.00012168  1.5827e-05  9.6278e-05  1.8712e-06  3.8836e-05  0.00049002  9.4491e-06
**** Tree neighbor time profile (local):
 Sample_ptcl Domain_deco Ex_ptcl     SetRootCell Make_LT     Make_LET    Make_GT     Make_Group  Make_I_list Calc_force  Write_back 
           0           0           0  2.0298e-06  5.3421e-05  8.8011e-06  3.9883e-05  4.9156e-07  8.5999e-06  2.9825e-05  2.8832e-06
**** Number per step (global):
 PP_single   PP_cluster  PP_cross    Cluster     Cross       AR_step_sum
         995           5           0           2           0      49.749
 AR_tsyn_sum Stab_Ngroup Iso_Ngroup  Form_Ngroup End_Ngroup  Modf_Ngroup Merg_Ngroup H4_step_sum H4_no_NB    Ep-Ep_sum   Ep-Sp_sum  
      16.189           1           0    0.077148    0.017578           0           0       23.77     0.11133  8.4065e+05       13562
**** Number of members in clusters (global):
N_members:            1           2           3
Count    :          995           1           1

Time: 180  N_real(loc): 1000  N_real(glb): 1000  N_all(loc): 1012  N_all(glb): 1012  N_remove(glb): 0  N_escape(glb): 0
Energy:     Error/Total         Error     Error_cum         Total       Kinetic     Potential        Modify  Modify_group Modify_single      Error_PP  Error_PP_cum
Physic:   -0.0002520843   -0.05710345      89.68873      226.5252      750.7038     -524.1786       379.058             0             0  -0.003532335    -0.1739437
Slowdown:  -0.000216483   -0.05356783      89.99285      247.4459      743.0284     -495.5825      2782.594             0             0  3.281603e-06     0.0122294
Angular Momentum:  |L|err: -49.52548  |L|err_cum: 5983.209  L: -3437.177   613.0591    4890.248  |L|: 6008.706
C.M.: mass: 526.4074 pos: -9.944667   5.590106    2.51874 vel: -0.06534318   -0.003942114    0.04311032
Tree step number: 1024
**** Wallclock time per step (local): [Min/Max]
 Total       PP_single   PP_cluster  PP_cross    Tree_NB     Tree_Force  Force_corr  Kick        FindCluster CreateGroup MPI_comm    Output      Status      Other      
   0.0011293  7.8901e-06  8.7753e-05           0  0.00016099  0.00084037  7.3504e-06  3.5476e-06  9.0623e-06  1.2989e-05  6.1382e-07  5.0905e-07  5.3516e-09  1.6908e-06
   0.0011294   7.921e-06  8.7789e-05           0  0.00015966  0.00083597  7.3957e-06  3.5775e-06   9.095e-06  1.3006e-05  6.4366e-07  5.0917e-07  5.3809e-09  1.7732e-06
**** FDPS tree soft force time profile (local):
 Sample_ptcl Domain_deco Ex_ptcl     SetRootCell Make_LT     Make_LET    Make_GT     Make_Group  Make_I_list Calc_force  Write_back 
           0           0           0  3.7408e-06  0.00012311  1.6633e-05  9.7131e-05  2.0643e-06  3.9428e-05   0.0005105  9.7086e-06
**** Tree neighbor time profile (local):
 Sample_ptcl Domain_deco Ex_ptcl     SetRootCell Make_LT     Make_LET    Make_GT     Make_Group  Make_I_list Calc_force  Write_back 
           0           0           0  1.7572e-06   5.406e-05  9.0418e-06  4.1142e-05  5.4143e-07  8.7845e-06  3.2142e-05  2.8748e-06
**** Number per step (global):
 PP_single   PP_cluster  PP_cross    Cluster     Cross       AR_step_sum
       994.6      5.4023           0      2.2012           0      48.014
 AR_tsyn_sum Stab_Ngroup Iso_Ngroup  Form_Ngroup End_Ngroup  Modf_Ngroup Merg_Ngroup H4_step_sum H4_no_NB    Ep-Ep_sum   Ep-Sp_sum  
      15.452           1           0    0.076172    0.015625           0           0      24.767     0.10938    8.38e+05       15140
**** Number of members in clusters (global):
N_members:            1           2           3
Count    :        994.6      1.2012           1

Time: 181  N_real(loc): 1000  N_real(glb): 1000  N_all(loc): 1012  N_all(glb): 1012  N_remove(glb): 0  N_escape(glb): 0
Energy:     Error/Total         Error     Error_cum         Total       Kinetic     Potential        Modify  Modify_group Modify_single      Error_PP  Error_PP_cum
Physic:   -0.0002151898   -0.04911329      89.63962      228.2324       754.732     -526.4996      380.8144             0             0  -0.003046089    -0.1769898
Slowdown: -0.0001848286   -0.04606394      89.94678      249.2252      747.0349     -497.8097       2805.34             0             0  3.266483e-06    0.01223267
Angular Momentum:  |L|err: -45.89822  |L|err_cum: 5937.311  L: -3269.062   607.1896    4949.812  |L|: 5962.893
C.M.: mass: 526.4074 pos: -10.01997   5.333902    2.576856 vel: -0.06599937   0.0007818691    0.0390016
Tree step number: 1024
**** Wallclock time per step (local): [Min/Max]
 Total       PP_single   PP_cluster  PP_cross    Tree_NB     Tree_Force  Force_corr  Kick        FindCluster CreateGroup MPI_comm    Output      Status      Other      
   0.0011252   7.737e-06  8.9449e-05           0  0.00014207  0.00085502  7.1147e-06  3.4845e-06  9.0847e-06  1.1829e-05  5.9966e-07  5.9242e-07  6.5752e-09  1.8205e-06
   0.0011252  7.7675e-06  8.9486e-05           0  0.00014079  0.00085039  7.1596e-06  3.5142e-06  9.1171e-06  1.1845e-05  6.2919e-07  5.9255e-07  6.6143e-09  1.9043e-06
**** FDPS tree soft force time profile (local):
 Sample_ptcl Domain_deco Ex_ptcl     SetRootCell Make_LT     Make_LET    Make_GT     Make_Group  Make_I_list Calc_force  Write_back 
           0           0           0  3.8754e-06  0.00012271  1.6223e-05  9.5289e-05  1.9428e-06  4.6804e-05  0.00052139  1.0131e-05
**** Tree neighbor time profile (local):
 Sample_ptcl Domain_deco Ex_ptcl     SetRootCell Make_LT     Make_LET    Make_GT     Make_Group  Make_I_list Calc_force  Write_back 
           0           0           0  1.7471e-06  5.3274e-05  8.7386e-06  3.9714e-05  5.5065e-07  8.5858e-06  1.6356e-05  2.7713e-06
**** Number per step (global):
 PP_single   PP_cluster  PP_cross    Cluster     Cross       AR_step_sum
      994.54      5.4648           0       2.209           0      49.649
 AR_tsyn_sum Stab_Ngroup Iso_Ngroup  Form_Ngroup End_Ngroup  Modf_Ngroup Merg_Ngroup H4_step_sum H4_no_NB    Ep-Ep_sum   Ep-Sp_sum  
      16.198           1           0    0.076172    0.015625           0           0      25.856     0.10938  8.2468e+05       18292
**** Number of members in clusters (global):
N_members:            1           2           3
Count    :       994.54      1.1621      1.0469

Time: 182  N_real(loc): 1000  N_real(glb): 1000  N_all(loc): 1012  N_all(glb): 1012  N_remove(glb): 0  N_escape(glb): 0
Energy:     Error/Total         Error     Error_cum         Total       Kinetic     Potential        Modify  Modify_group Modify_single      Error_PP  Error_PP_cum
Physic:   -0.0001536667   -0.03523127      89.60439      229.2707      754.9913     -525.7206      381.8879             0             0  -0.002195299    -0.1791851
Slowdown: -0.0001319638    -0.0330326      89.91375      250.3155      747.2804     -496.9648      2827.457             0             0  3.376608e-06    0.01223604
Angular Momentum:  |L|err: -35.83511  |L|err_cum: 5901.476  L: -3102.214   601.9233    5014.452  |L|: 5927.122
C.M.: mass: 526.4074 pos: -10.1132   4.744914    2.657485 vel: -0.06542321   -0.003701343    0.02905009
Tree step number: 1024
**** Wallclock time per step (local): [Min/Max]
 Total       PP_single   PP_cluster  PP_cross    Tree_NB     Tree_Force  Force_corr  Kick        FindCluster CreateGroup MPI_comm    Output      Status      Other      
   0.0011073  7.5922e-06  9.3132e-05           0  0.00013898  0.00083506    7.21e-06  3.3972e-06  9.9632e-06  1.2056e-05  6.4041e-07  6.1995e-07   1.586e-08  1.7962e-06
   0.0011074  7.6229e-06  9.3168e-05           0   0.0001378  0.00083079  7.2551e-06  3.4268e-06  9.9956e-06  1.2072e-05  6.7011e-07  6.2009e-07  1.5899e-08  1.8818e-06
**** FDPS tree soft force time profile (local):
 Sample_ptcl Domain_deco Ex_ptcl     SetRootCell Make_LT     Make_LET    Make_GT     Make_Group  Make_I_list Calc_force  Write_back 
           0           0           0  3.6674e-06  0.00012267  1.5892e-05  9.5986e-05  1.8977e-06  4.8492e-05  0.00049817  9.4325e-06
**** Tree neighbor time profile (local):
 Sample_ptcl Domain_deco Ex_ptcl     SetRootCell Make_LT     Make_LET    Make_GT     Make_Group  Make_I_list Calc_force  Write_back 
           0           0           0  1.8031e-06  5.3009e-05  8.7081e-06  4.0083e-05  5.4298e-07   8.505e-06  1.2707e-05  2.5559e-06
**** Number per step (global):
 PP_single   PP_cluster  PP_cross    Cluster     Cross       AR_step_sum
       993.3      6.6953           0      2.8477           0      52.988
 AR_tsyn_sum Stab_Ngroup Iso_Ngroup  Form_Ngroup End_Ngroup  Modf_Ngroup Merg_Ngroup H4_step_sum H4_no_NB    Ep-Ep_sum   Ep-Sp_sum  
      17.331           1           0    0.080078    0.019531           0           0      30.575     0.11719  8.2172e+05       19627
**** Number of members in clusters (global):
N_members:            1           2           3
Count    :        993.3      1.8477           1

Time: 183  N_real(loc): 1000  N_real(glb): 1000  N_all(loc): 1012  N_all(glb): 1012  N_remove(glb): 0  N_escape(glb): 0
Energy:     Error/Total         Error     Error_cum         Total       Kinetic     Potential        Modify  Modify_group Modify_single      Error_PP  Error_PP_cum
Physic:   -8.707965e-05   -0.02000894      89.58438      229.7774       756.619     -526.8416      382.4146             0             0  -0.001255657    -0.1804408
Slowdown:  -7.47402e-05   -0.01874874        89.895      250.8521      748.9008     -498.0487      2849.057             0             0  4.539198e-06    0.01224058
Angular Momentum:  |L|err: -19.44391  |L|err_cum: 5882.032  L: -2979.005   598.4594    5066.403  |L|: 5907.712
C.M.: mass: 526.4074 pos: -10.20268   4.177325    2.73315 vel: -0.05693495   -0.005811616    0.02348133
Tree step number: 1024
**** Wallclock time per step (local): [Min/Max]
 Total       PP_single   PP_cluster  PP_cross    Tree_NB     Tree_Force  Force_corr  Kick        FindCluster CreateGroup MPI_comm    Output      Status      Other      
   0.0011198  7.7175e-06  9.4307e-05           0  0.00014005  0.00084535  7.3369e-06  3.6174e-06  9.5908e-06  1.1773e-05  6.1162e-07  7.0569e-07  5.6455e-09  2.0945e-06
   0.0011199  7.7483e-06  9.4343e-05           0  0.00013884  0.00084087  7.3819e-06  3.6471e-06  9.6236e-06  1.1789e-05  6.4113e-07  7.0586e-07  5.6748e-09  2.1801e-06
**** FDPS tree soft force time profile (local):
 Sample_ptcl Domain_deco Ex_ptcl     SetRootCell Make_LT     Make_LET    Make_GT     Make_Group  Make_I_list Calc_force  Write_back 
           0           0           0   4.057e-06  0.00012367  1.6326e-05  9.6648e-05   1.847e-06  4.8492e-05  0.00050564  9.8358e-06
**** Tree neighbor time profile (local):
 Sample_ptcl Domain_deco Ex_ptcl     SetRootCell Make_LT     Make_LET    Make_GT     Make_Group  Make_I_list Calc_force  Write_back 
           0           0           0  1.7243e-06  5.2937e-05   8.969e-06  3.9951e-05  5.9079e-07  8.6873e-06  1.3202e-05  2.6131e-06
**** Number per step (global):
 PP_single   PP_cluster  PP_cross    Cluster     Cross       AR_step_sum
      993.84      6.1621           0      2.5195           0      53.612
 AR_tsyn_sum Stab_Ngroup Iso_Ngroup  Form_Ngroup End_Ngroup  Modf_Ngroup Merg_Ngroup H4_step_sum H4_no_NB    Ep-Ep_sum   Ep-Sp_sum  
      17.531           1           0    0.076172    0.011719           0           0      28.716     0.10938  8.2149e+05       19306
**** Number of members in clusters (global):
N_members:            1           2           3           4
Count    :       993.84      1.4004      1.1152   0.0039062

Time: 184  N_real(loc): 1000  N_real(glb): 1000  N_all(loc): 1012  N_all(glb): 1012  N_remove(glb): 0  N_escape(glb): 0
Energy:     Error/Total         Error     Error_cum         Total       Kinetic     Potential        Modify  Modify_group Modify_single      Error_PP  Error_PP_cum
Physic:   -0.0001129806   -0.02607573       89.5583      230.7982      756.1233     -525.3251      383.4614             0             0  -0.001633168    -0.1820739
Slowdown: -9.700996e-05   -0.02443795      89.87056      251.9118       748.393     -496.4813      2871.215             0             0  4.608433e-06    0.01224519
Angular Momentum:  |L|err: -13.37494  |L|err_cum: 5868.657  L: -2903.114   596.0904    5095.094  |L|: 5894.351
C.M.: mass: 526.4074 pos: -10.27535   4.119388    2.765217 vel: -0.06162178   0.001851486    0.02793422
Tree step number: 1024
**** Wallclock time per step (local): [Min/Max]
 Total       PP_single   PP_cluster  PP_cross    Tree_NB     Tree_Force  Force_corr  Kick        FindCluster CreateGroup MPI_comm    Output      Status      Other      
   0.0011699   8.051e-06  9.4855e-05           0  0.00015143  0.00088224  7.3157e-06  3.6514e-06  9.9956e-06   1.259e-05  6.3467e-07  7.6567e-07  5.7725e-09  1.6981e-06
   0.0011699  8.0816e-06  9.4907e-05           0  0.00015019  0.00087756  7.3603e-06  3.6811e-06  1.0029e-05  1.2607e-05    6.64e-07  7.6582e-07  5.8018e-09  1.7841e-06
**** FDPS tree soft force time profile (local):
 Sample_ptcl Domain_deco Ex_ptcl     SetRootCell Make_LT     Make_LET    Make_GT     Make_Group  Make_I_list Calc_force  Write_back 
           0           0           0  4.0927e-06   0.0001256   1.706e-05  0.00010037  1.9646e-06  4.9161e-05  0.00053171  1.0241e-05
**** Tree neighbor time profile (local):
 Sample_ptcl Domain_deco Ex_ptcl     SetRootCell Make_LT     Make_LET    Make_GT     Make_Group  Make_I_list Calc_force  Write_back 
           0           0           0  1.9644e-06  5.5642e-05  9.4573e-06  4.2405e-05  5.7234e-07  9.3816e-06   1.413e-05  2.6779e-06
**** Number per step (global):
 PP_single   PP_cluster  PP_cross    Cluster     Cross       AR_step_sum
      993.61      6.3867           0      2.5781           0      52.827
 AR_tsyn_sum Stab_Ngroup Iso_Ngroup  Form_Ngroup End_Ngroup  Modf_Ngroup Merg_Ngroup H4_step_sum H4_no_NB    Ep-Ep_sum   Ep-Sp_sum  
      17.271           1           0    0.078125    0.017578           0           0      31.078     0.09375  8.2257e+05       18987
**** Number of members in clusters (global):
N_members:            1           2           3
Count    :       993.61      1.3477      1.2305

Time: 185  N_real(loc): 1000  N_real(glb): 1000  N_all(loc): 1012  N_all(glb): 1012  N_remove(glb): 0  N_escape(glb): 0
Energy:     Error/Total         Error     Error_cum         Total       Kinetic     Potential        Modify  Modify_group Modify_single      Error_PP  Error_PP_cum
Physic:   -0.0002061341   -0.04800392       89.5103      232.8771      759.4005     -526.5233      385.5884             0             0  -0.003018609    -0.1850925
Slowdown: -0.0001770491    -0.0449814      89.82558      254.0618      751.6457     -497.5839      2894.524             0             0  3.911472e-06     0.0122491
Angular Momentum:  |L|err: -21.6468  |L|err_cum: 5847.01  L: -2818.113   592.7022    5118.175  |L|: 5872.715
C.M.: mass: 526.4074 pos: -10.31746   4.620222    2.751955 vel: -0.05661576   0.0009646424    0.02845624
Tree step number: 1024
**** Wallclock time per step (local): [Min/Max]
 Total       PP_single   PP_cluster  PP_cross    Tree_NB     Tree_Force  Force_corr  Kick        FindCluster CreateGroup MPI_comm    Output      Status      Other      
   0.0011749  7.9172e-06  9.4283e-05           0  0.00014835  0.00089139  7.3655e-06  3.7526e-06  9.4625e-06  1.2479e-05  6.5933e-07  7.3038e-07  8.3467e-09  1.7346e-06
    0.001175  7.9479e-06   9.432e-05           0  0.00014715  0.00088695  7.4297e-06  3.7823e-06  9.4948e-06  1.2495e-05    6.89e-07   7.306e-07   8.376e-09  1.8226e-06
**** FDPS tree soft force time profile (local):
 Sample_ptcl Domain_deco Ex_ptcl     SetRootCell Make_LT     Make_LET    Make_GT     Make_Group  Make_I_list Calc_force  Write_back 
           0           0           0  4.1688e-06  0.00012342   1.657e-05  9.7388e-05  1.8592e-06  4.8024e-05  0.00054612   9.788e-06
**** Tree neighbor time profile (local):
 Sample_ptcl Domain_deco Ex_ptcl     SetRootCell Make_LT     Make_LET    Make_GT     Make_Group  Make_I_list Calc_force  Write_back 
           0           0           0  1.8542e-06  5.3601e-05  9.3786e-06  4.0248e-05  5.5655e-07   8.581e-06  1.3931e-05  2.6261e-06
**** Number per step (global):
 PP_single   PP_cluster  PP_cross    Cluster     Cross       AR_step_sum
      994.95      5.0488           0       2.001           0      53.212
 AR_tsyn_sum Stab_Ngroup Iso_Ngroup  Form_Ngroup End_Ngroup  Modf_Ngroup Merg_Ngroup H4_step_sum H4_no_NB    Ep-Ep_sum   Ep-Sp_sum  
       17.42           1           0    0.078125    0.017578           0           0      24.489     0.09375  8.2658e+05       17277
**** Number of members in clusters (global):
N_members:            1           2           3
Count    :       994.95      0.9541      1.0469

Time: 186  N_real(loc): 1000  N_real(glb): 1000  N_all(loc): 1012  N_all(glb): 1012  N_remove(glb): 0  N_escape(glb): 0
Energy:     Error/Total         Error     Error_cum         Total       Kinetic     Potential        Modify  Modify_group Modify_single      Error_PP  Error_PP_cum
Physic:   -0.0002563668   -0.06034115      89.44996      235.3704      760.8445     -525.4741       388.142             0             0  -0.003815898    -0.1889084
Slowdown: -0.0002202333   -0.05652172      89.76906      256.6448      753.0595     -496.4147      2918.348             0             0  3.523637e-06    0.01225263
Angular Momentum:  |L|err: -28.10078  |L|err_cum: 5818.909  L: -2686.793   587.7841    5157.055  |L|: 5844.618
C.M.: mass: 526.4074 pos: -10.35932   5.107492    2.734121 vel: -0.0558623   -4.345032e-05    0.02447778
Tree step number: 1024
**** Wallclock time per step (local): [Min/Max]
 Total       PP_single   PP_cluster  PP_cross    Tree_NB     Tree_Force  Force_corr  Kick        FindCluster CreateGroup MPI_comm    Output      Status      Other      
   0.0011642  8.2895e-06  9.6396e-05           0  0.00014909  0.00087748  7.4229e-06  3.6117e-06  9.8408e-06  1.2578e-05  6.1211e-07  4.8267e-07  5.0391e-09  1.9004e-06
   0.0011642    8.32e-06  9.6434e-05           0  0.00014783  0.00087291  7.4679e-06  3.6414e-06  9.8739e-06  1.2594e-05  6.4214e-07   4.828e-07  5.0684e-09   2.013e-06
**** FDPS tree soft force time profile (local):
 Sample_ptcl Domain_deco Ex_ptcl     SetRootCell Make_LT     Make_LET    Make_GT     Make_Group  Make_I_list Calc_force  Write_back 
           0           0           0  4.1597e-06   0.0001243  1.6704e-05  9.7772e-05  1.9573e-06  4.8001e-05   0.0005322  1.0076e-05
**** Tree neighbor time profile (local):
 Sample_ptcl Domain_deco Ex_ptcl     SetRootCell Make_LT     Make_LET    Make_GT     Make_Group  Make_I_list Calc_force  Write_back 
           0           0           0  1.7926e-06  5.4445e-05   9.738e-06  4.1147e-05  5.5931e-07  8.6058e-06  1.3969e-05  2.7463e-06
**** Number per step (global):
 PP_single   PP_cluster  PP_cross    Cluster     Cross       AR_step_sum
      993.44      6.5645           0      2.7822           0       52.35
 AR_tsyn_sum Stab_Ngroup Iso_Ngroup  Form_Ngroup End_Ngroup  Modf_Ngroup Merg_Ngroup H4_step_sum H4_no_NB    Ep-Ep_sum   Ep-Sp_sum  
      16.948           1           0    0.070312    0.013672           0           0      31.246     0.10156  8.2399e+05       17719
**** Number of members in clusters (global):
N_members:            1           2           3
Count    :       993.44      1.7822           1

Time: 187  N_real(loc): 1000  N_real(glb): 1000  N_all(loc): 1012  N_all(glb): 1012  N_remove(glb): 0  N_escape(glb): 0
Energy:     Error/Total         Error     Error_cum         Total       Kinetic     Potential        Modify  Modify_group Modify_single      Error_PP  Error_PP_cum
Physic:   -0.0002441479   -0.05801595      89.39194      237.6262       759.019     -521.3928      390.4558             0             0  -0.003672681    -0.1925811
Slowdown: -0.0002098181   -0.05433987      89.71472      258.9856      751.2069     -492.2213      2942.018             0             0  3.396316e-06    0.01225602
Angular Momentum:  |L|err: -24.04832  |L|err_cum: 5794.861  L: -2526.494   582.4146    5211.19  |L|: 5820.557
C.M.: mass: 526.4074 pos: -10.40947   5.393367    2.730515 vel: -0.05599624   0.0009784228    0.02066988
Tree step number: 1024
**** Wallclock time per step (local): [Min/Max]
 Total       PP_single   PP_cluster  PP_cross    Tree_NB     Tree_Force  Force_corr  Kick        FindCluster CreateGroup MPI_comm    Output      Status      Other      
   0.0011131   8.205e-06  8.9615e-05           0  0.00014809  0.00083437  7.2844e-06  3.6265e-06   9.348e-06  1.2833e-05  6.2362e-07  7.8229e-07  5.4014e-09  1.6522e-06
   0.0011132  8.2356e-06  8.9652e-05           0  0.00014687  0.00083007  7.3291e-06  3.6563e-06  9.3799e-06   1.285e-05  6.5307e-07  7.8245e-07  5.4307e-09  1.7387e-06
**** FDPS tree soft force time profile (local):
 Sample_ptcl Domain_deco Ex_ptcl     SetRootCell Make_LT     Make_LET    Make_GT     Make_Group  Make_I_list Calc_force  Write_back 
           0           0           0  3.7534e-06  0.00012649  1.6989e-05  9.9997e-05  2.0557e-06  4.9107e-05  0.00048679  9.4861e-06
**** Tree neighbor time profile (local):
 Sample_ptcl Domain_deco Ex_ptcl     SetRootCell Make_LT     Make_LET    Make_GT     Make_Group  Make_I_list Calc_force  Write_back 
           0           0           0  1.8037e-06  5.5375e-05  9.2806e-06   4.203e-05  5.6804e-07  9.0222e-06   1.442e-05  2.6547e-06
**** Number per step (global):
 PP_single   PP_cluster  PP_cross    Cluster     Cross       AR_step_sum
      994.43      5.5664           0      2.2832           0      48.177
 AR_tsyn_sum Stab_Ngroup Iso_Ngroup  Form_Ngroup End_Ngroup  Modf_Ngroup Merg_Ngroup H4_step_sum H4_no_NB    Ep-Ep_sum   Ep-Sp_sum  
      15.443           1           0    0.076172    0.016602           0           0      24.993     0.11133  8.2001e+05       18325
**** Number of members in clusters (global):
N_members:            1           2           3
Count    :       994.43      1.2832           1

Time: 188  N_real(loc): 1000  N_real(glb): 1000  N_all(loc): 1012  N_all(glb): 1012  N_remove(glb): 0  N_escape(glb): 0
Energy:     Error/Total         Error     Error_cum         Total       Kinetic     Potential        Modify  Modify_group Modify_single      Error_PP  Error_PP_cum
Physic:   -0.0002207317   -0.05288338      89.33906      239.5822      760.3531     -520.7709      392.4647             0             0  -0.003351132    -0.1959322
Slowdown: -0.0001897519   -0.04952889      89.66519      261.0192      752.5173      -491.498       2965.46             0             0  3.351322e-06    0.01225937
Angular Momentum:  |L|err: -15.70409  |L|err_cum: 5779.157  L: -2353.593   577.1461    5274.785  |L|: 5804.813
C.M.: mass: 526.4074 pos: -10.46113   5.516835    2.745691 vel: -0.05331906   0.0004389661    0.02241639
Tree step number: 1024
**** Wallclock time per step (local): [Min/Max]
 Total       PP_single   PP_cluster  PP_cross    Tree_NB     Tree_Force  Force_corr  Kick        FindCluster CreateGroup MPI_comm    Output      Status      Other      
   0.0010613  8.0989e-06  8.7634e-05           0  0.00014557  0.00078739  7.4863e-06  3.6609e-06  9.8834e-06  1.2521e-05  6.9471e-07   4.839e-07  4.8721e-09   1.676e-06
   0.0010613  8.1296e-06   8.767e-05           0  0.00014419  0.00078279  7.5472e-06  3.6906e-06  9.9153e-06  1.2537e-05  7.2396e-07  4.8402e-07  4.9014e-09  1.7597e-06
**** FDPS tree soft force time profile (local):
 Sample_ptcl Domain_deco Ex_ptcl     SetRootCell Make_LT     Make_LET    Make_GT     Make_Group  Make_I_list Calc_force  Write_back 
           0           0           0  3.7513e-06  0.00012773  1.6789e-05  9.9574e-05  2.2668e-06  4.8989e-05  0.00043979  1.0052e-05
**** Tree neighbor time profile (local):
 Sample_ptcl Domain_deco Ex_ptcl     SetRootCell Make_LT     Make_LET    Make_GT     Make_Group  Make_I_list Calc_force  Write_back 
           0           0           0  2.1173e-06  5.5236e-05  8.7088e-06  4.2215e-05  6.5441e-07  8.8837e-06  1.4166e-05  2.9689e-06
**** Number per step (global):
 PP_single   PP_cluster  PP_cross    Cluster     Cross       AR_step_sum
      993.06      6.9395           0      2.9697           0      46.607
 AR_tsyn_sum Stab_Ngroup Iso_Ngroup  Form_Ngroup End_Ngroup  Modf_Ngroup Merg_Ngroup H4_step_sum H4_no_NB    Ep-Ep_sum   Ep-Sp_sum  
      14.886           1           0    0.078125    0.016602           0           0      31.291     0.11328  8.1925e+05       18559
**** Number of members in clusters (global):
N_members:            1           2           3
Count    :       993.06      1.9697           1

Time: 189  N_real(loc): 1000  N_real(glb): 1000  N_all(loc): 1012  N_all(glb): 1012  N_remove(glb): 0  N_escape(glb): 0
Energy:     Error/Total         Error     Error_cum         Total       Kinetic     Potential        Modify  Modify_group Modify_single      Error_PP  Error_PP_cum
Physic:   -0.0001994618   -0.04812758      89.29093      241.2872      769.6945     -528.4074      394.2178             0             0  -0.003064319    -0.1989966
Slowdown: -0.0001714641   -0.04505989      89.62013      262.7948       761.838     -499.0432      2988.718             0             0  3.372444e-06    0.01226275
Angular Momentum:  |L|err: -5.843152  |L|err_cum: 5773.314  L: -2173.118   572.128    5345.789  |L|: 5798.9
C.M.: mass: 526.4074 pos: -10.5113   5.531039    2.769059 vel: -0.04716437   -0.005029186    0.0242329
Tree step number: 1024
**** Wallclock time per step (local): [Min/Max]
 Total       PP_single   PP_cluster  PP_cross    Tree_NB     Tree_Force  Force_corr  Kick        FindCluster CreateGroup MPI_comm    Output      Status      Other      
   0.0010676  7.7624e-06  8.8477e-05           0  0.00014423  0.00079495  7.1879e-06  3.7066e-06  9.2105e-06  1.2647e-05  6.3336e-07  5.0488e-07  5.6943e-09   1.902e-06
   0.0010676  7.7931e-06  8.8513e-05           0  0.00014294  0.00079029  7.2328e-06  3.7363e-06  9.2432e-06  1.2663e-05  6.9189e-07    5.05e-07  5.7236e-09  1.9881e-06
**** FDPS tree soft force time profile (local):
 Sample_ptcl Domain_deco Ex_ptcl     SetRootCell Make_LT     Make_LET    Make_GT     Make_Group  Make_I_list Calc_force  Write_back 
           0           0           0  4.0135e-06  0.00012422  1.6726e-05  9.7013e-05   1.929e-06  4.9546e-05  0.00045351  1.0229e-05
**** Tree neighbor time profile (local):
 Sample_ptcl Domain_deco Ex_ptcl     SetRootCell Make_LT     Make_LET    Make_GT     Make_Group  Make_I_list Calc_force  Write_back 
           0           0           0  1.7218e-06  5.3678e-05  9.1983e-06  4.1158e-05  5.4446e-07  8.4795e-06  1.5833e-05  2.7777e-06
**** Number per step (global):
 PP_single   PP_cluster  PP_cross    Cluster     Cross       AR_step_sum
      994.19      5.8057           0      2.1846           0      47.554
 AR_tsyn_sum Stab_Ngroup Iso_Ngroup  Form_Ngroup End_Ngroup  Modf_Ngroup Merg_Ngroup H4_step_sum H4_no_NB    Ep-Ep_sum   Ep-Sp_sum  
      15.214           1           0    0.069336    0.011719           0           0      28.134    0.070312  8.1695e+05       19268
**** Number of members in clusters (global):
N_members:            1           2           3           4
Count    :       994.19     0.82617      1.2803    0.078125

Time: 190  N_real(loc): 1000  N_real(glb): 1000  N_all(loc): 1012  N_all(glb): 1012  N_remove(glb): 0  N_escape(glb): 0
Energy:     Error/Total         Error     Error_cum         Total       Kinetic     Potential        Modify  Modify_group Modify_single      Error_PP  Error_PP_cum
Physic:   -0.0001792843   -0.04352008      89.24741      242.7434      762.9252     -520.1818      395.7175             0             0  -0.002773618    -0.2017702
Slowdown: -0.0001541458   -0.04074299      89.57939      264.3147      755.0512     -490.7365      3011.786             0             0  3.469966e-06    0.01226622
Angular Momentum:  |L|err: 5.598582  |L|err_cum: 5778.912  L: -1986.566   567.4637    5424.254  |L|: 5804.394
C.M.: mass: 526.4074 pos: -10.56658   5.280471    2.813391 vel: -0.04348528   0.006371554    0.0192739
Tree step number: 1024
**** Wallclock time per step (local): [Min/Max]
 Total       PP_single   PP_cluster  PP_cross    Tree_NB     Tree_Force  Force_corr  Kick        FindCluster CreateGroup MPI_comm    Output      Status      Other      
   0.0010217  7.5735e-06  8.5343e-05           0  0.00014123  0.00075609  7.1289e-06  3.2853e-06  9.3025e-06  1.2223e-05  6.7371e-07  4.9968e-07  5.1465e-09  1.5608e-06
   0.0010217  7.6038e-06  8.5379e-05           0  0.00014001  0.00075189  7.1734e-06  3.3168e-06  9.3344e-06  1.2239e-05  7.0289e-07  4.9978e-07  5.1758e-09  1.6431e-06
**** FDPS tree soft force time profile (local):
 Sample_ptcl Domain_deco Ex_ptcl     SetRootCell Make_LT     Make_LET    Make_GT     Make_Group  Make_I_list Calc_force  Write_back 
           0           0           0  3.9448e-06  0.00012322  1.6409e-05  9.4012e-05  1.8551e-06    4.79e-05  0.00042181  9.2498e-06
**** Tree neighbor time profile (local):
 Sample_ptcl Domain_deco Ex_ptcl     SetRootCell Make_LT     Make_LET    Make_GT     Make_Group  Make_I_list Calc_force  Write_back 
           0           0           0  1.6727e-06  5.2702e-05  8.6301e-06  4.0562e-05  5.4147e-07  8.9796e-06  1.4901e-05  2.6427e-06
**** Number per step (global):
 PP_single   PP_cluster  PP_cross    Cluster     Cross       AR_step_sum
      994.01      5.9912           0      2.3896           0      46.979
 AR_tsyn_sum Stab_Ngroup Iso_Ngroup  Form_Ngroup End_Ngroup  Modf_Ngroup Merg_Ngroup H4_step_sum H4_no_NB    Ep-Ep_sum   Ep-Sp_sum  
      15.005           1           0    0.046875   0.0097656           0           0      26.101    0.056641  8.1764e+05       19961
**** Number of members in clusters (global):
N_members:            1           2           3
Count    :       994.01      1.1777      1.2119

Time: 191  N_real(loc): 1000  N_real(glb): 1000  N_all(loc): 1012  N_all(glb): 1012  N_remove(glb): 0  N_escape(glb): 0
Energy:     Error/Total         Error     Error_cum         Total       Kinetic     Potential        Modify  Modify_group Modify_single      Error_PP  Error_PP_cum
Physic:   -0.0001524502   -0.03718017      89.21023       243.884      764.7131     -520.8291      396.8953             0             0  -0.002385164    -0.2041553
Slowdown: -0.0001310367    -0.0347916       89.5446      265.5104      756.8253     -491.3149      3034.588             0             0  3.409307e-06    0.01226963
Angular Momentum:  |L|err: 19.13736  |L|err_cum: 5798.05  L: -1796.608   563.3548    5510.602  |L|: 5823.393
C.M.: mass: 526.4074 pos: -10.62918   4.90432    2.867228 vel: -0.04783132   0.002882959    0.01571968
Tree step number: 1024
**** Wallclock time per step (local): [Min/Max]
 Total       PP_single   PP_cluster  PP_cross    Tree_NB     Tree_Force  Force_corr  Kick        FindCluster CreateGroup MPI_comm    Output      Status      Other      
   0.0010131  7.5069e-06  8.9036e-05           0  0.00014271   0.0007421   7.184e-06  3.4928e-06  9.0605e-06  1.2235e-05  6.5052e-07   5.476e-07  5.2051e-09  1.7387e-06
   0.0010131  7.5374e-06  8.9072e-05           0  0.00014148  0.00073785  7.2295e-06  3.5226e-06  9.0931e-06  1.2251e-05  6.8029e-07  5.4773e-07  5.2246e-09  1.8226e-06
**** FDPS tree soft force time profile (local):
 Sample_ptcl Domain_deco Ex_ptcl     SetRootCell Make_LT     Make_LET    Make_GT     Make_Group  Make_I_list Calc_force  Write_back 
           0           0           0  4.0072e-06  0.00012278  1.6221e-05  9.7324e-05  2.1713e-06  4.9273e-05   0.0004036   9.369e-06
**** Tree neighbor time profile (local):
 Sample_ptcl Domain_deco Ex_ptcl     SetRootCell Make_LT     Make_LET    Make_GT     Make_Group  Make_I_list Calc_force  Write_back 
           0           0           0  1.7342e-06  5.3948e-05  8.9094e-06  3.9729e-05  5.4072e-07  8.8435e-06  1.5672e-05  2.6516e-06
**** Number per step (global):
 PP_single   PP_cluster  PP_cross    Cluster     Cross       AR_step_sum
      994.62       5.377           0      2.1855           0      49.632
 AR_tsyn_sum Stab_Ngroup Iso_Ngroup  Form_Ngroup End_Ngroup  Modf_Ngroup Merg_Ngroup H4_step_sum H4_no_NB    Ep-Ep_sum   Ep-Sp_sum  
       16.09           1           0    0.054688    0.011719           0           0      23.688    0.070312   8.159e+05       20973
**** Number of members in clusters (global):
N_members:            1           2           3
Count    :       994.62      1.1797      1.0059

Time: 192  N_real(loc): 1000  N_real(glb): 1000  N_all(loc): 1012  N_all(glb): 1012  N_remove(glb): 0  N_escape(glb): 0
Energy:     Error/Total         Error     Error_cum         Total       Kinetic     Potential        Modify  Modify_group Modify_single      Error_PP  Error_PP_cum
Physic:   -0.0001222703   -0.02990894      89.18032      244.6132      785.8498     -541.2366      397.6544             0             0  -0.001808515    -0.2059639
Slowdown: -0.0001055164   -0.02809705       89.5165      266.2814       777.953     -511.6716      3057.013             0             0  3.371418e-06      0.012273
Angular Momentum:  |L|err: 32.58111  |L|err_cum: 5830.631  L: -1615.57   560.1798    5600.594  |L|: 5855.811
C.M.: mass: 526.4074 pos: -10.70099   4.309941    2.938303 vel: -0.05292711   -0.001773919    0.007292631
Tree step number: 1024
**** Wallclock time per step (local): [Min/Max]
 Total       PP_single   PP_cluster  PP_cross    Tree_NB     Tree_Force  Force_corr  Kick        FindCluster CreateGroup MPI_comm    Output      Status      Other      
   0.0010385  7.4009e-06  9.5916e-05           0  0.00014191  0.00076085   7.204e-06  3.5027e-06  1.0056e-05   1.183e-05  6.3535e-07  6.9655e-07  6.9961e-09  1.6371e-06
   0.0010385  7.4314e-06  9.5952e-05           0  0.00014063  0.00075665  7.2486e-06  3.5324e-06  1.0088e-05  1.1846e-05  6.6486e-07  6.9678e-07  7.0352e-09  1.7218e-06
**** FDPS tree soft force time profile (local):
 Sample_ptcl Domain_deco Ex_ptcl     SetRootCell Make_LT     Make_LET    Make_GT     Make_Group  Make_I_list Calc_force  Write_back 
           0           0           0  3.9038e-06  0.00012136  1.5963e-05  9.4036e-05  1.9049e-06  4.7096e-05   0.0004297  9.2963e-06
**** Tree neighbor time profile (local):
 Sample_ptcl Domain_deco Ex_ptcl     SetRootCell Make_LT     Make_LET    Make_GT     Make_Group  Make_I_list Calc_force  Write_back 
           0           0           0  1.7725e-06  5.3743e-05  8.7266e-06   3.972e-05  5.3688e-07  8.6081e-06  1.5597e-05  2.7534e-06
**** Number per step (global):
 PP_single   PP_cluster  PP_cross    Cluster     Cross       AR_step_sum
      994.02      5.9805           0      2.3506           0      54.469
 AR_tsyn_sum Stab_Ngroup Iso_Ngroup  Form_Ngroup End_Ngroup  Modf_Ngroup Merg_Ngroup H4_step_sum H4_no_NB    Ep-Ep_sum   Ep-Sp_sum  
      17.868           1           0    0.099609    0.018555           0           0      29.632    0.087891  8.1848e+05       19767
**** Number of members in clusters (global):
N_members:            1           2           3
Count    :       994.02      1.0713      1.2793

Time: 193  N_real(loc): 1000  N_real(glb): 1000  N_all(loc): 1012  N_all(glb): 1012  N_remove(glb): 0  N_escape(glb): 0
Energy:     Error/Total         Error     Error_cum         Total       Kinetic     Potential        Modify  Modify_group Modify_single      Error_PP  Error_PP_cum
Physic:   -8.588185e-05   -0.02105176      89.15927      245.1247      769.7102     -524.5855       398.187             0             0  -0.001344672    -0.2073085
Slowdown: -7.384274e-05   -0.01970301       89.4968       266.824      761.8072     -494.9832      3079.244             0             0  4.078076e-06    0.01227708
Angular Momentum:  |L|err: 36.53208  |L|err_cum: 5867.163  L: -1464.887   557.9769    5679.843  |L|: 5892.185
C.M.: mass: 526.4074 pos: -10.77169   3.732592    3.003243 vel: -0.04558904   0.004555242    0.006690623
Tree step number: 1024
**** Wallclock time per step (local): [Min/Max]
 Total       PP_single   PP_cluster  PP_cross    Tree_NB     Tree_Force  Force_corr  Kick        FindCluster CreateGroup MPI_comm    Output      Status      Other      
   0.0010798  7.8116e-06  9.6669e-05           0  0.00014859  0.00079429  7.2763e-06  3.7478e-06  9.1669e-06  1.2161e-05  6.9146e-07  6.8583e-07  5.7822e-09  1.7934e-06
   0.0010798  7.8423e-06  9.6705e-05           0  0.00014731  0.00078991  7.3209e-06  3.7955e-06  9.1995e-06  1.2177e-05  7.2102e-07  6.8596e-07  5.8115e-09  1.8762e-06
**** FDPS tree soft force time profile (local):
 Sample_ptcl Domain_deco Ex_ptcl     SetRootCell Make_LT     Make_LET    Make_GT     Make_Group  Make_I_list Calc_force  Write_back 
           0           0           0  4.0867e-06   0.0001267  1.7068e-05  9.7538e-05  2.0314e-06  4.9221e-05   0.0004484  9.6621e-06
**** Tree neighbor time profile (local):
 Sample_ptcl Domain_deco Ex_ptcl     SetRootCell Make_LT     Make_LET    Make_GT     Make_Group  Make_I_list Calc_force  Write_back 
           0           0           0  1.8011e-06  5.5301e-05  9.4073e-06  4.1819e-05  5.7183e-07  9.2644e-06  1.6162e-05   2.781e-06
**** Number per step (global):
 PP_single   PP_cluster  PP_cross    Cluster     Cross       AR_step_sum
         995           5           0           2           0      54.846
 AR_tsyn_sum Stab_Ngroup Iso_Ngroup  Form_Ngroup End_Ngroup  Modf_Ngroup Merg_Ngroup H4_step_sum H4_no_NB    Ep-Ep_sum   Ep-Sp_sum  
      17.942           1           0     0.19531    0.043945           0           0      28.504     0.27734   8.204e+05       20253
**** Number of members in clusters (global):
N_members:            1           2           3
Count    :          995           1           1

Time: 194  N_real(loc): 1000  N_real(glb): 1000  N_all(loc): 1012  N_all(glb): 1012  N_remove(glb): 0  N_escape(glb): 0
Energy:     Error/Total         Error     Error_cum         Total       Kinetic     Potential        Modify  Modify_group Modify_single      Error_PP  Error_PP_cum
Physic:   -0.0001013483   -0.02492713      89.13434      245.9551       768.967     -523.0118      399.0423             0             0  -0.001605563    -0.2089141
Slowdown:  -8.71052e-05   -0.02331732      89.47348      267.6914      761.0546     -493.3631      3101.834             0             0  4.249276e-06    0.01228132
Angular Momentum:  |L|err: 28.52855  |L|err_cum: 5895.692  L: -1340.985   555.7817    5739.864  |L|: 5920.572
C.M.: mass: 526.4074 pos: -10.82114   3.64659    3.034576 vel: -0.04216665   0.01273914    0.009660591
Tree step number: 1024
**** Wallclock time per step (local): [Min/Max]
 Total       PP_single   PP_cluster  PP_cross    Tree_NB     Tree_Force  Force_corr  Kick        FindCluster CreateGroup MPI_comm    Output      Status      Other      
   0.0010916  7.5327e-06  9.4207e-05           0  0.00014726  0.00081114  7.4391e-06   3.585e-06  8.7321e-06  1.1995e-05  5.9305e-07  5.6324e-07  4.8828e-09  1.6402e-06
   0.0010916  7.5633e-06  9.4275e-05           0  0.00014605  0.00080678  7.4842e-06  3.6147e-06   8.764e-06  1.2011e-05  6.2251e-07  5.6334e-07  4.9023e-09  1.7916e-06
**** FDPS tree soft force time profile (local):
 Sample_ptcl Domain_deco Ex_ptcl     SetRootCell Make_LT     Make_LET    Make_GT     Make_Group  Make_I_list Calc_force  Write_back 
           0           0           0  4.1965e-06  0.00012284  1.6586e-05  9.5626e-05  2.0331e-06  4.8466e-05  0.00046925  9.5908e-06
**** Tree neighbor time profile (local):
 Sample_ptcl Domain_deco Ex_ptcl     SetRootCell Make_LT     Make_LET    Make_GT     Make_Group  Make_I_list Calc_force  Write_back 
           0           0           0  1.8299e-06  5.4144e-05   8.854e-06  3.9921e-05  5.3791e-07  8.4771e-06  1.5718e-05   2.613e-06
**** Number per step (global):
 PP_single   PP_cluster  PP_cross    Cluster     Cross       AR_step_sum
      994.33       5.666           0       2.333           0      54.253
 AR_tsyn_sum Stab_Ngroup Iso_Ngroup  Form_Ngroup End_Ngroup  Modf_Ngroup Merg_Ngroup H4_step_sum H4_no_NB    Ep-Ep_sum   Ep-Sp_sum  
      17.766           1           0     0.19336    0.041992           0           0      30.764     0.27539  8.2465e+05       17776
**** Number of members in clusters (global):
N_members:            1           2           3
Count    :       994.33       1.333           1

Time: 195  N_real(loc): 1000  N_real(glb): 1000  N_all(loc): 1012  N_all(glb): 1012  N_remove(glb): 0  N_escape(glb): 0
Energy:     Error/Total         Error     Error_cum         Total       Kinetic     Potential        Modify  Modify_group Modify_single      Error_PP  Error_PP_cum
Physic:   -0.0001473778    -0.0364581      89.09789      247.3785      769.1848     -521.8063      400.5022             0             0  -0.002357748    -0.2112718
Slowdown: -0.0001266733   -0.03409654      89.43938      269.1692      761.2561     -492.0869      3125.082             0             0  3.815088e-06    0.01228514
Angular Momentum:  |L|err: 20.60959  |L|err_cum: 5916.301  L: -1217.368   552.6911    5788.644  |L|: 5941.031
C.M.: mass: 526.4074 pos: -10.86053   3.922057    3.030893 vel: -0.04503436   0.01167236    0.02051093
Tree step number: 1024
**** Wallclock time per step (local): [Min/Max]
 Total       PP_single   PP_cluster  PP_cross    Tree_NB     Tree_Force  Force_corr  Kick        FindCluster CreateGroup MPI_comm    Output      Status      Other      
   0.0010747  7.6081e-06  9.4435e-05           0  0.00014715  0.00079384  6.9329e-06  3.6807e-06  9.2172e-06  1.2424e-05  6.4448e-07  5.1444e-07  5.0684e-09  1.6416e-06
   0.0010747  7.6386e-06  9.4471e-05           0  0.00014593  0.00078941  6.9774e-06  3.7105e-06  9.2491e-06   1.244e-05  6.7383e-07  5.1457e-07  5.0977e-09  1.7232e-06
**** FDPS tree soft force time profile (local):
 Sample_ptcl Domain_deco Ex_ptcl     SetRootCell Make_LT     Make_LET    Make_GT     Make_Group  Make_I_list Calc_force  Write_back 
           0           0           0  3.7207e-06  0.00012088  1.6184e-05  9.5446e-05  1.8789e-06  4.8842e-05  0.00045447  9.7117e-06
**** Tree neighbor time profile (local):
 Sample_ptcl Domain_deco Ex_ptcl     SetRootCell Make_LT     Make_LET    Make_GT     Make_Group  Make_I_list Calc_force  Write_back 
           0           0           0  1.7695e-06  5.3677e-05   9.154e-06  3.9976e-05  5.5729e-07  8.9444e-06  1.4963e-05  2.6643e-06
**** Number per step (global):
 PP_single   PP_cluster  PP_cross    Cluster     Cross       AR_step_sum
      993.14      6.8613           0      2.9307           0      54.465
 AR_tsyn_sum Stab_Ngroup Iso_Ngroup  Form_Ngroup End_Ngroup  Modf_Ngroup Merg_Ngroup H4_step_sum H4_no_NB    Ep-Ep_sum   Ep-Sp_sum  
      17.887           1           0     0.19141    0.042969           0           0      36.695     0.27344    8.22e+05       17594
**** Number of members in clusters (global):
N_members:            1           2           3
Count    :       993.14      1.9307           1

Time: 196  N_real(loc): 1000  N_real(glb): 1000  N_all(loc): 1012  N_all(glb): 1012  N_remove(glb): 0  N_escape(glb): 0
Energy:     Error/Total         Error     Error_cum         Total       Kinetic     Potential        Modify  Modify_group Modify_single      Error_PP  Error_PP_cum
Physic:   -0.0001919784   -0.04785753      89.05003       249.286      773.6723     -524.3863      402.4575             0             0  -0.003109357    -0.2143812
Slowdown: -0.0001650197   -0.04474462      89.39464      271.1472      765.7216     -494.5744      3148.896             0             0  3.552437e-06    0.01228869
Angular Momentum:  |L|err: 22.94039  |L|err_cum: 5939.242  L: -1068.652   548.5335    5841.553  |L|: 5963.778
C.M.: mass: 526.4074 pos: -10.89   4.520898    3.003306 vel: -0.04949844   0.00713576    0.01871877
Tree step number: 1024
**** Wallclock time per step (local): [Min/Max]
 Total       PP_single   PP_cluster  PP_cross    Tree_NB     Tree_Force  Force_corr  Kick        FindCluster CreateGroup MPI_comm    Output      Status      Other      
   0.0010714  7.7902e-06  9.5758e-05           0   0.0001447  0.00079139  7.6264e-06  3.5584e-06  8.7897e-06   1.191e-05  5.9903e-07   6.985e-07  5.9199e-09  1.6394e-06
   0.0010714  7.8206e-06  9.5794e-05           0  0.00014337  0.00078712   7.671e-06  3.5882e-06  8.8219e-06  1.1926e-05  6.2853e-07   6.987e-07  5.9492e-09  1.7223e-06
**** FDPS tree soft force time profile (local):
 Sample_ptcl Domain_deco Ex_ptcl     SetRootCell Make_LT     Make_LET    Make_GT     Make_Group  Make_I_list Calc_force  Write_back 
           0           0           0  3.6228e-06  0.00012289  1.6144e-05  9.6232e-05  1.9483e-06  4.8682e-05  0.00045251  9.4148e-06
**** Tree neighbor time profile (local):
 Sample_ptcl Domain_deco Ex_ptcl     SetRootCell Make_LT     Make_LET    Make_GT     Make_Group  Make_I_list Calc_force  Write_back 
           0           0           0  1.6567e-06  5.3818e-05  8.6617e-06  4.0237e-05  5.8831e-07  8.6732e-06  1.5262e-05  2.8594e-06
**** Number per step (global):
 PP_single   PP_cluster  PP_cross    Cluster     Cross       AR_step_sum
      994.09      5.9141           0      2.4512           0      55.262
 AR_tsyn_sum Stab_Ngroup Iso_Ngroup  Form_Ngroup End_Ngroup  Modf_Ngroup Merg_Ngroup H4_step_sum H4_no_NB    Ep-Ep_sum   Ep-Sp_sum  
      18.168           1           0     0.19336    0.038086           0           0      31.385     0.25977  8.1966e+05       17559
**** Number of members in clusters (global):
N_members:            1           2           3
Count    :       994.09      1.4395      1.0117

Time: 197  N_real(loc): 1000  N_real(glb): 1000  N_all(loc): 1012  N_all(glb): 1012  N_remove(glb): 0  N_escape(glb): 0
Energy:     Error/Total         Error     Error_cum         Total       Kinetic     Potential        Modify  Modify_group Modify_single      Error_PP  Error_PP_cum
Physic:    -0.000203904   -0.05123037       88.9988      251.2474      814.7971     -563.5496      404.4702             0             0  -0.003328694    -0.2177099
Slowdown: -0.0001641671   -0.04484786      89.34979      273.1843      806.8236     -533.6393      3172.839             0             0  3.131275e-06    0.01229182
Angular Momentum:  |L|err: 37.1244  |L|err_cum: 5976.366  L: -892.1774   544.0607    5908.962  |L|: 6000.652
C.M.: mass: 526.4074 pos: -10.92772   5.054513    2.975635 vel: -0.04969651   0.01669609    0.01480323
Tree step number: 1024
**** Wallclock time per step (local): [Min/Max]
 Total       PP_single   PP_cluster  PP_cross    Tree_NB     Tree_Force  Force_corr  Kick        FindCluster CreateGroup MPI_comm    Output      Status      Other      
   0.0010541  7.8216e-06  9.4107e-05           0  0.00014336  0.00077724  7.0701e-06  3.5865e-06  8.7773e-06  1.2285e-05  6.4503e-07  5.1619e-07  5.0098e-09  1.6097e-06
   0.0010541  7.8521e-06  9.4143e-05           0  0.00014215  0.00077313  7.1145e-06  3.6163e-06  8.8092e-06  1.2301e-05   6.746e-07   5.163e-07  5.0391e-09  1.7067e-06
**** FDPS tree soft force time profile (local):
 Sample_ptcl Domain_deco Ex_ptcl     SetRootCell Make_LT     Make_LET    Make_GT     Make_Group  Make_I_list Calc_force  Write_back 
           0           0           0  3.8082e-06  0.00012148  1.5666e-05  9.5328e-05  1.9475e-06  4.9711e-05  0.00043982  9.0755e-06
**** Tree neighbor time profile (local):
 Sample_ptcl Domain_deco Ex_ptcl     SetRootCell Make_LT     Make_LET    Make_GT     Make_Group  Make_I_list Calc_force  Write_back 
           0           0           0  1.7131e-06  5.2615e-05  8.7242e-06  3.9829e-05  5.3218e-07   8.904e-06  1.6049e-05  2.6355e-06
**** Number per step (global):
 PP_single   PP_cluster  PP_cross    Cluster     Cross       AR_step_sum
      994.47      5.5273           0      2.2637           0      54.762
 AR_tsyn_sum Stab_Ngroup Iso_Ngroup  Form_Ngroup End_Ngroup  Modf_Ngroup Merg_Ngroup H4_step_sum H4_no_NB    Ep-Ep_sum   Ep-Sp_sum  
      17.911           1           0     0.19434    0.042969           0           0       30.18     0.27734  8.1894e+05       17850
**** Number of members in clusters (global):
N_members:            1           2           3
Count    :       994.47      1.2637           1

Time: 198  N_real(loc): 1000  N_real(glb): 1000  N_all(loc): 1012  N_all(glb): 1012  N_remove(glb): 0  N_escape(glb): 0
Energy:     Error/Total         Error     Error_cum         Total       Kinetic     Potential        Modify  Modify_group Modify_single      Error_PP  Error_PP_cum
Physic:   -0.0001220381   -0.03087852      88.96792      253.0235      777.5883     -524.5648      406.2772             0             0  -0.003166223    -0.2208761
Slowdown: -0.0001007487   -0.02770908      89.32208      275.0317      769.5944     -494.5627      3196.651             0             0  3.208588e-06    0.01229503
Angular Momentum:  |L|err: 53.60959  |L|err_cum: 6029.976  L: -701.3534   539.9026    5988.917  |L|: 6053.967
C.M.: mass: 526.4074 pos: -10.96885   5.406355    2.957948 vel: -0.0568277   0.01307873    0.01363824
Tree step number: 1024
**** Wallclock time per step (local): [Min/Max]
 Total       PP_single   PP_cluster  PP_cross    Tree_NB     Tree_Force  Force_corr  Kick        FindCluster CreateGroup MPI_comm    Output      Status      Other      
   0.0010473  7.6726e-06  9.2261e-05           0   0.0001436  0.00077183  7.3435e-06   3.701e-06  8.9104e-06   1.218e-05  7.4398e-07  7.0082e-07  5.4102e-09  1.6913e-06
   0.0010473  7.7255e-06  9.2296e-05           0  0.00014225  0.00076738  7.3887e-06  3.7313e-06  8.9428e-06  1.2196e-05  7.7372e-07  7.0101e-07  5.4395e-09   1.775e-06
**** FDPS tree soft force time profile (local):
 Sample_ptcl Domain_deco Ex_ptcl     SetRootCell Make_LT     Make_LET    Make_GT     Make_Group  Make_I_list Calc_force  Write_back 
           0           0           0  4.0881e-06   0.0001269  1.6255e-05  9.7543e-05   1.949e-06  5.0178e-05  0.00042695  9.7852e-06
**** Tree neighbor time profile (local):
 Sample_ptcl Domain_deco Ex_ptcl     SetRootCell Make_LT     Make_LET    Make_GT     Make_Group  Make_I_list Calc_force  Write_back 
           0           0           0  1.9132e-06  5.3525e-05  8.8125e-06  4.1332e-05  5.6584e-07  8.9273e-06  1.5034e-05  2.9247e-06
**** Number per step (global):
 PP_single   PP_cluster  PP_cross    Cluster     Cross       AR_step_sum
      994.27      5.7344           0      2.2793           0      53.307
 AR_tsyn_sum Stab_Ngroup Iso_Ngroup  Form_Ngroup End_Ngroup  Modf_Ngroup Merg_Ngroup H4_step_sum H4_no_NB    Ep-Ep_sum   Ep-Sp_sum  
      17.287           1           0     0.19336    0.043945           0           0      32.172     0.20312  8.1311e+05       19458
**** Number of members in clusters (global):
N_members:            1           2           3
Count    :       994.27      1.1035      1.1758

Time: 199  N_real(loc): 1000  N_real(glb): 1000  N_all(loc): 1012  N_all(glb): 1012  N_remove(glb): 0  N_escape(glb): 0
Energy:     Error/Total         Error     Error_cum         Total       Kinetic     Potential        Modify  Modify_group Modify_single      Error_PP  Error_PP_cum
Physic:   -0.0001758415   -0.04477089      88.92315      254.6093      777.3978     -522.7885      407.9077             0             0  -0.002929389    -0.2238055
Slowdown: -0.0001512137    -0.0418383      89.28024      276.6833      769.3859     -492.7025      3220.352             0             0  3.206947e-06    0.01229824
Angular Momentum:  |L|err: 68.04824  |L|err_cum: 6098.024  L: -504.5821   536.1984    6077.25  |L|: 6121.689
C.M.: mass: 526.4074 pos: -11.02071   5.618811    2.952617 vel: -0.05995924   0.01209042    0.01595958
Tree step number: 1024
**** Wallclock time per step (local): [Min/Max]
 Total       PP_single   PP_cluster  PP_cross    Tree_NB     Tree_Force  Force_corr  Kick        FindCluster CreateGroup MPI_comm    Output      Status      Other      
    0.001023  7.8719e-06  9.3807e-05           0  0.00014193  0.00074795  7.3414e-06  3.5347e-06  9.0399e-06  1.1928e-05  6.1418e-07  5.6169e-07  5.0879e-09   1.695e-06
    0.001023  7.9046e-06  9.3844e-05           0  0.00014073  0.00074339  7.3865e-06  3.5646e-06  9.0719e-06  1.1944e-05  6.4384e-07  5.6179e-07  5.1172e-09   1.778e-06
**** FDPS tree soft force time profile (local):
 Sample_ptcl Domain_deco Ex_ptcl     SetRootCell Make_LT     Make_LET    Make_GT     Make_Group  Make_I_list Calc_force  Write_back 
           0           0           0  3.6561e-06  0.00012411  1.5897e-05  9.5722e-05  1.9806e-06  5.0363e-05  0.00040883  9.9768e-06
**** Tree neighbor time profile (local):
 Sample_ptcl Domain_deco Ex_ptcl     SetRootCell Make_LT     Make_LET    Make_GT     Make_Group  Make_I_list Calc_force  Write_back 
           0           0           0  1.7706e-06  5.4416e-05  8.8221e-06  3.9739e-05  5.9267e-07  8.9453e-06  1.4556e-05  2.6043e-06
**** Number per step (global):
 PP_single   PP_cluster  PP_cross    Cluster     Cross       AR_step_sum
      993.91      6.0898           0      2.4512           0      51.703
 AR_tsyn_sum Stab_Ngroup Iso_Ngroup  Form_Ngroup End_Ngroup  Modf_Ngroup Merg_Ngroup H4_step_sum H4_no_NB    Ep-Ep_sum   Ep-Sp_sum  
      16.674           1           0     0.19043    0.042969           0           0      34.036     0.20703   8.115e+05       21300
**** Number of members in clusters (global):
N_members:            1           2           3
Count    :       993.91      1.2637      1.1875

Time: 200  N_real(loc): 1000  N_real(glb): 1000  N_all(loc): 1012  N_all(glb): 1012  N_remove(glb): 0  N_escape(glb): 0
Energy:     Error/Total         Error     Error_cum         Total       Kinetic     Potential        Modify  Modify_group Modify_single      Error_PP  Error_PP_cum
Physic:   -0.0001653484    -0.0423372      88.88081      256.0485      778.9364     -522.8879      409.3892             0             0  -0.002745655    -0.2265512
Slowdown: -0.0001423061   -0.03958729      89.24066      278.1841      770.9083     -492.7242      3243.967             0             0  3.242795e-06    0.01230148
Angular Momentum:  |L|err: 80.91732  |L|err_cum: 6178.941  L: -304.621   532.9256    6171.805  |L|: 6202.256
C.M.: mass: 526.4074 pos: -11.07261   5.761796    2.954004 vel: -0.0577847   0.01074302    0.01398332
Tree step number: 1024
**** Wallclock time per step (local): [Min/Max]
 Total       PP_single   PP_cluster  PP_cross    Tree_NB     Tree_Force  Force_corr  Kick        FindCluster CreateGroup MPI_comm    Output      Status      Other      
   0.0010041  8.1899e-06  8.8956e-05           0  0.00013878  0.00073694  7.1584e-06  3.3986e-06  9.0663e-06  1.1847e-05  6.0021e-07   6.999e-07  5.4697e-09  1.7375e-06
   0.0010041  8.2204e-06  8.8992e-05           0  0.00013757  0.00073252  7.2174e-06  3.4283e-06  9.0981e-06  1.1863e-05  6.2965e-07  7.0008e-07  5.5088e-09  1.8171e-06
**** FDPS tree soft force time profile (local):
 Sample_ptcl Domain_deco Ex_ptcl     SetRootCell Make_LT     Make_LET    Make_GT     Make_Group  Make_I_list Calc_force  Write_back 
           0           0           0  3.7844e-06   0.0001221  1.6101e-05  9.5098e-05  1.9379e-06  4.9481e-05  0.00040115  9.6707e-06
**** Tree neighbor time profile (local):
 Sample_ptcl Domain_deco Ex_ptcl     SetRootCell Make_LT     Make_LET    Make_GT     Make_Group  Make_I_list Calc_force  Write_back 
           0           0           0  1.6876e-06  5.2585e-05  8.5529e-06  4.0192e-05  5.3671e-07  8.5082e-06  1.4017e-05  2.6161e-06
**** Number per step (global):
 PP_single   PP_cluster  PP_cross    Cluster     Cross       AR_step_sum
      993.38       6.623           0      2.6348           0      52.297
 AR_tsyn_sum Stab_Ngroup Iso_Ngroup  Form_Ngroup End_Ngroup  Modf_Ngroup Merg_Ngroup H4_step_sum H4_no_NB    Ep-Ep_sum   Ep-Sp_sum  
      16.903           1           0     0.19238    0.039062           0           0      35.705     0.14648  8.1779e+05       19128
**** Number of members in clusters (global):
N_members:            1           2           3
Count    :       993.38      1.2812      1.3535
MemoryPool::finalize() is completed!
******** FDPS has successfully finished. ********
Info: removed 4 empty tmp file(s) on exit.
