     //==================================\\
     ||                                  ||
     || ::::::: ::::::. ::::::. .::::::. ||
     || ::      ::    : ::    : ::       ||
     || ::::::  ::    : ::::::'  `:::::. ||
     || ::      ::::::' ::      `......' ||
     ||     Framework for Developing     ||
     ||        Particle Simulator        ||
     ||     Version 8.0 (2025/09)       ||
     \\==================================//

       Home   : https://github.com/fdps/fdps 
       E-mail : fdps-support@mail.jmlab.jp
       Licence: MIT (see, https://github.com/FDPS/FDPS/blob/master/LICENSE)
       Note   : Please cite the following papers.
                - Iwasawa et al. (2016, Publications of the Astronomical Society of Japan, 68, 54)
                - Namekata et al. (2018, Publications of the Astronomical Society of Japan, 70, 70)
                - Iwasawa et al. (2020, Publications of the Astronomical Society of Japan, 72, 13)

       Copyright (C) 2015 
         Masaki Iwasawa, Ataru Tanikawa, Natsuki Hosono,
         Keigo Nitadori, Takayuki Muranushi, Daisuke Namekata,
         Kentaro Nomura, Junichiro Makino and many others
******** FDPS has successfully begun. ********

 ******************************************
  ██████╗ ███████╗████████╗ █████╗ ██████╗
  ██╔══██╗██╔════╝╚══██╔══╝██╔══██╗██╔══██╗
  ██████╔╝█████╗     ██║   ███████║██████╔╝
  ██╔═══╝ ██╔══╝     ██║   ██╔══██║██╔══██╗
  ██║     ███████╗   ██║   ██║  ██║██║  ██║
  ╚═╝     ╚══════╝   ╚═╝   ╚═╝  ╚═╝╚═╝  ╚═╝
 ******************************************
Version: 1762e_447e
============== PeTar ================
 Online document: (preparing)
 GitHub page: https://github.com/lwang-astro/PeTar
 License: MIT
 Please cite the following papers when you use PeTar for any publications
    FDPS: see above FPDS Logo message
    SDAR: Wang L., Nitadori K., Makino J., 2020, MNRAS, 493, 3398
    PeTar: Wang L., Iwasawa M., Nitadori K., Makino J., 2020, MNRAS, 497, 536
 Copyright (C) 2017
    Long Wang, Masaki Iwasawa, Keigo Nitadori, Junichiro Makino and many others
=====================================
Use quadrupole moment in tree force calculation
Use 3rd order tidal tensor method
Use Pseudoparticle multipole method
Use 4th-order KDKDK mode for tree step
Use orbit-dependent neighbor criterion
Check energy of short-range (hard) integration
Count isolated particles in hard clusters
Use SIMD
Calculate profile
Use AR TTL method
Use slowdown Tree method
Use slowdown timescale criterion
Print adjust group information
=====================================
Input data unit: 1
End time of simulation: 50
Output time interval for particle dataset snapshots: 0.5
Tree timestep (dt_soft): 0
Data file reading and writing format: 1
Reading data file name: input
----- Finish reading main options -----
----- Finish reading hard options -----
----- Parallelization information -----
MPI processors: 1
OMP threads:    4
----- Reading file: input -----
Number of particles = 1000
Time = 0
----- Unit set 1: Msun, pc, Myr -----
gravitational_constant = 0.0044985021514696 pc^3/(Msun*Myr^2)
----- Parameter list: -----
 Average mass                      = 1.9
 Mean inner changeover radius      = 0.0029786806970945
 Mean outer changeover radius      = 0.029786806970945
 Minimum neighbor searching radius = 0.035744168365133
 Velocity dispersion (1D)          = 1.0501163589066
 Tree time step                    = 0.00048828125
 Output time step                  = 0.5
----- Hard Parameter list: -----
 Mean search group radius:         = 0.0029786806970945
 Mean group radius                 = 0.0023829445576756
 Hermite timestep coefficient 4th  = 0.1
 Hermite timestep coefficient init = 0.001
 Hermite maximum timestep          = 0.000244140625
 AR slowdown maximum timescale     = 0.0009765625
 AR slowdown perturbation criterion= 0.0001
 Artificial particle ID offset     = 1001
 KDTree minimum particles+groups   = 32
-----  Save parameter files -----
Save PeTar parameters to file data.par
Save hard parameters to file data.par.hard
-----  Finish parameter initialization -----

Time: 0  N_real(loc): 1000  N_real(glb): 1000  N_all(loc): 1000  N_all(glb): 1000  N_remove(glb): 0  N_escape(glb): 0
Energy:     Error/Total         Error     Error_cum         Total       Kinetic     Potential        Modify  Modify_group Modify_single      Error_PP  Error_PP_cum
Physic:              -0             0             0     -3186.274      3148.379     -6334.653             0             0             0             0             0
Slowdown:            -0             0             0     -3186.274      3148.379     -6334.653             0             0             0             0             0
Angular Momentum:  |L|err: 0  |L|err_cum: 0  L: 23.5339   -26.38406    185.394  |L|: 188.735
C.M.: mass: 1900 pos: 0.01866724   -0.0582725    -0.06347792 vel: -0.005483145   -0.0358443    -0.02776199

Time: 0.5  N_real(loc): 1000  N_real(glb): 1000  N_all(loc): 1000  N_all(glb): 1000  N_remove(glb): 0  N_escape(glb): 0
Energy:     Error/Total         Error     Error_cum         Total       Kinetic     Potential        Modify  Modify_group Modify_single      Error_PP  Error_PP_cum
Physic:    -2.24209e-06   0.007143896   0.007143896     -3186.267      3240.395     -6426.661 -5.655738e-09             0             0 -2.807344e-07 -2.807344e-07
Slowdown:  -2.24209e-06   0.007143896   0.007143896     -3186.267      3240.395     -6426.661 -5.654269e-09             0             0 -2.825447e-07 -2.825447e-07
Angular Momentum:  |L|err: 0.001002296  |L|err_cum: 0.001002296  L: 23.53333   -26.38487    185.3939  |L|: 188.735
C.M.: mass: 1900 pos: 0.03069291   -0.09755151    -0.06502541 vel: -0.0222152   -0.131298    0.02645398
Tree step number: 2048
**** Wallclock time per step (local): [Min/Max]
 Total       PP_single   PP_cluster  PP_cross    Tree_NB     Tree_Force  Force_corr  Kick        FindCluster CreateGroup MPI_comm    Output      Status      Other      
   0.0018001  2.4421e-05    9.88e-05           0  0.00031596   0.0012828  2.9117e-05  1.6088e-05  3.9014e-05  2.5488e-05   1.458e-06  3.0282e-06  3.6299e-09  2.7879e-06
   0.0018001  2.4458e-05  9.8846e-05           0  0.00031178   0.0012464  2.9171e-05  1.6122e-05  3.9058e-05  2.5509e-05  1.4901e-06  3.0284e-06  3.6494e-09  2.8922e-06
**** FDPS tree soft force time profile (local):
 Sample_ptcl Domain_deco Ex_ptcl     SetRootCell Make_LT     Make_LET    Make_GT     Make_Group  Make_I_list Calc_force  Write_back 
           0           0           0  1.1467e-05   0.0002299  3.6327e-05   0.0001817  8.0414e-06  6.1021e-05   0.0006243  7.4302e-05
**** Tree neighbor time profile (local):
 Sample_ptcl Domain_deco Ex_ptcl     SetRootCell Make_LT     Make_LET    Make_GT     Make_Group  Make_I_list Calc_force  Write_back 
           0           0           0  8.0249e-06  0.00010383  1.8225e-05  7.9804e-05   4.723e-07  1.4667e-05  7.2049e-05  8.7354e-06
**** Number per step (global):
 PP_single   PP_cluster  PP_cross    Cluster     Cross       AR_step_sum
      967.32      32.676           0        15.6           0     0.33301
 AR_tsyn_sum Stab_Ngroup Iso_Ngroup  Form_Ngroup End_Ngroup  Modf_Ngroup Merg_Ngroup H4_step_sum H4_no_NB    Ep-Ep_sum   Ep-Sp_sum  
     0.11963           0           0     0.01123   0.0039062           0           0      157.32   0.0087891  9.4636e+05      8504.1
**** Number of members in clusters (global):
N_members:            1           2           3           4
Count    :       967.32      14.252      1.2188     0.12891

Time: 1  N_real(loc): 1000  N_real(glb): 1000  N_all(loc): 1000  N_all(glb): 1000  N_remove(glb): 0  N_escape(glb): 0
Energy:     Error/Total         Error     Error_cum         Total       Kinetic     Potential        Modify  Modify_group Modify_single      Error_PP  Error_PP_cum
Physic:   -2.061667e-07   0.000656902   0.007800798     -3186.266      3100.107     -6286.372  9.179747e-08             0             0 -4.453558e-07 -7.260902e-07
Slowdown: -2.061668e-07  0.0006569022   0.007800798     -3186.266      3100.107     -6286.372  9.165127e-08             0             0 -4.451713e-07  -7.27716e-07
Angular Momentum:  |L|err: 0.0004090788  |L|err_cum: 0.001411375  L: 23.53275   -26.38471    185.3936  |L|: 188.7345
C.M.: mass: 1900 pos: -0.0207074   -0.1400629    -0.04868348 vel: -0.125484   -0.04551647    0.02495474
Tree step number: 2048
**** Wallclock time per step (local): [Min/Max]
 Total       PP_single   PP_cluster  PP_cross    Tree_NB     Tree_Force  Force_corr  Kick        FindCluster CreateGroup MPI_comm    Output      Status      Other      
   0.0016226  1.8267e-05  9.5103e-05           0  0.00027906    0.001163   2.069e-05  9.9098e-06  3.1644e-05  2.3046e-05  1.8939e-06  4.3551e-06   3.542e-09  3.3256e-06
   0.0016226  1.8304e-05  9.5149e-05           0   0.0002748   0.0011368  2.0743e-05  9.9437e-06  3.1708e-05  2.3066e-05  1.9261e-06  4.3552e-06  3.5566e-09  3.4167e-06
**** FDPS tree soft force time profile (local):
 Sample_ptcl Domain_deco Ex_ptcl     SetRootCell Make_LT     Make_LET    Make_GT     Make_Group  Make_I_list Calc_force  Write_back 
           0           0           0  1.3234e-05  0.00021009  3.2052e-05   0.0001631  2.4455e-06  5.1052e-05   0.0005839  5.4049e-05
**** Tree neighbor time profile (local):
 Sample_ptcl Domain_deco Ex_ptcl     SetRootCell Make_LT     Make_LET    Make_GT     Make_Group  Make_I_list Calc_force  Write_back 
           0           0           0   6.438e-06    9.02e-05  1.4401e-05  6.6334e-05  4.1501e-07  1.4531e-05  6.6678e-05   8.844e-06
**** Number per step (global):
 PP_single   PP_cluster  PP_cross    Cluster     Cross       AR_step_sum
      967.12       32.88           0      15.671           0     0.26807
 AR_tsyn_sum Stab_Ngroup Iso_Ngroup  Form_Ngroup End_Ngroup  Modf_Ngroup Merg_Ngroup H4_step_sum H4_no_NB    Ep-Ep_sum   Ep-Sp_sum  
    0.094238           0           0    0.012695   0.0029297           0           0      164.94   0.0097656  9.4258e+05      9101.5
**** Number of members in clusters (global):
N_members:            1           2           3           4           5
Count    :       967.12       14.28      1.2456     0.14355   0.0019531

Time: 1.5  N_real(loc): 1000  N_real(glb): 1000  N_all(loc): 1000  N_all(glb): 1000  N_remove(glb): 0  N_escape(glb): 0
Energy:     Error/Total         Error     Error_cum         Total       Kinetic     Potential        Modify  Modify_group Modify_single      Error_PP  Error_PP_cum
Physic:    9.577201e-07  -0.003051554   0.004749244     -3186.269      3055.632     -6241.901  1.250884e-07             0             0 -1.499518e-07 -8.760421e-07
Slowdown:  9.577201e-07  -0.003051554   0.004749244     -3186.269      3055.632     -6241.901  1.249434e-07             0             0 -1.495255e-07 -8.772415e-07
Angular Momentum:  |L|err: 0.0006643922  |L|err_cum: 0.002075767  L: 23.5321   -26.38467    185.3932  |L|: 188.7341
C.M.: mass: 1900 pos: -0.0639155   -0.114503    -0.04187902 vel: -0.03870701   0.06911044    0.00698356
Tree step number: 2048
**** Wallclock time per step (local): [Min/Max]
 Total       PP_single   PP_cluster  PP_cross    Tree_NB     Tree_Force  Force_corr  Kick        FindCluster CreateGroup MPI_comm    Output      Status      Other      
   0.0016069  1.8561e-05  8.6166e-05           0  0.00029653   0.0011366   1.713e-05  8.2196e-06  3.4262e-05  2.2879e-05  1.4654e-06  4.1833e-06  5.2539e-09  3.6793e-06
    0.001607  1.8599e-05  8.6211e-05           0  0.00029201   0.0011161  1.7183e-05  8.2537e-06  3.4308e-05  2.2929e-05  1.4975e-06  4.1834e-06  5.2734e-09  3.7717e-06
**** FDPS tree soft force time profile (local):
 Sample_ptcl Domain_deco Ex_ptcl     SetRootCell Make_LT     Make_LET    Make_GT     Make_Group  Make_I_list Calc_force  Write_back 
           0           0           0  1.3792e-05  0.00022078  3.0147e-05  0.00016172  2.6649e-06  4.9249e-05  0.00056816  4.2574e-05
**** Tree neighbor time profile (local):
 Sample_ptcl Domain_deco Ex_ptcl     SetRootCell Make_LT     Make_LET    Make_GT     Make_Group  Make_I_list Calc_force  Write_back 
           0           0           0  8.4101e-06  9.8863e-05  1.5411e-05  6.8851e-05  4.8176e-07  1.6628e-05  6.7166e-05  9.3713e-06
**** Number per step (global):
 PP_single   PP_cluster  PP_cross    Cluster     Cross       AR_step_sum
      969.29      30.709           0      14.681           0     0.57275
 AR_tsyn_sum Stab_Ngroup Iso_Ngroup  Form_Ngroup End_Ngroup  Modf_Ngroup Merg_Ngroup H4_step_sum H4_no_NB    Ep-Ep_sum   Ep-Sp_sum  
     0.19434           0           0    0.025879   0.0063477           0           0      144.42    0.034668  9.4086e+05      8952.7
**** Number of members in clusters (global):
N_members:            1           2           3           4           5           6           7           8
Count    :       969.29      13.675     0.82812    0.099609    0.033203    0.019531    0.010742    0.014648

Time: 2  N_real(loc): 1000  N_real(glb): 1000  N_all(loc): 1000  N_all(glb): 1000  N_remove(glb): 0  N_escape(glb): 0
Energy:     Error/Total         Error     Error_cum         Total       Kinetic     Potential        Modify  Modify_group Modify_single      Error_PP  Error_PP_cum
Physic:    9.004069e-08 -0.0002868939    0.00446235     -3186.269      3127.338     -6313.607   1.40889e-07             0             0  7.276127e-08 -8.032808e-07
Slowdown:  9.004069e-08 -0.0002868939    0.00446235     -3186.269      3127.338     -6313.607  1.407471e-07             0             0   6.58733e-08 -8.113682e-07
Angular Momentum:  |L|err: 3.656826e-05  |L|err_cum: 0.002112336  L: 23.53204   -26.3844    185.3931  |L|: 188.7339
C.M.: mass: 1900 pos: -0.05033004   -0.08908858    -0.05754267 vel: 0.07338949   0.02515491    -0.004870773
Tree step number: 2048
**** Wallclock time per step (local): [Min/Max]
 Total       PP_single   PP_cluster  PP_cross    Tree_NB     Tree_Force  Force_corr  Kick        FindCluster CreateGroup MPI_comm    Output      Status      Other      
   0.0013975  1.5536e-05  8.5511e-05           0  0.00024663  0.00099503  1.0683e-05  6.7391e-06   2.608e-05    1.91e-05  1.2331e-06  4.2341e-06   3.498e-09  2.7329e-06
   0.0013976  1.5573e-05  8.5578e-05           0  0.00024381  0.00097969   1.088e-05  6.7725e-06  2.6121e-05   1.912e-05  1.2656e-06  4.2343e-06  3.5176e-09  2.8109e-06
**** FDPS tree soft force time profile (local):
 Sample_ptcl Domain_deco Ex_ptcl     SetRootCell Make_LT     Make_LET    Make_GT     Make_Group  Make_I_list Calc_force  Write_back 
           0           0           0   8.271e-06  0.00017831  2.7073e-05  0.00014037  2.4882e-06   4.345e-05  0.00051576  3.1954e-05
**** Tree neighbor time profile (local):
 Sample_ptcl Domain_deco Ex_ptcl     SetRootCell Make_LT     Make_LET    Make_GT     Make_Group  Make_I_list Calc_force  Write_back 
           0           0           0  4.1585e-06  7.9273e-05  1.5345e-05  6.0199e-05  3.9057e-07   1.383e-05  5.5246e-05  5.9401e-06
**** Number per step (global):
 PP_single   PP_cluster  PP_cross    Cluster     Cross       AR_step_sum
      966.66      33.342           0      15.701           0     0.33154
 AR_tsyn_sum Stab_Ngroup Iso_Ngroup  Form_Ngroup End_Ngroup  Modf_Ngroup Merg_Ngroup H4_step_sum H4_no_NB    Ep-Ep_sum   Ep-Sp_sum  
     0.11914           0           0    0.015137    0.003418           0           0      162.67    0.020508  9.3934e+05      8999.6
**** Number of members in clusters (global):
N_members:            1           2           3           4           5           6           7
Count    :       966.66      14.078      1.4058     0.16064    0.026367    0.017578    0.012695

Time: 2.5  N_real(loc): 1000  N_real(glb): 1000  N_all(loc): 1000  N_all(glb): 1000  N_remove(glb): 0  N_escape(glb): 0
Energy:     Error/Total         Error     Error_cum         Total       Kinetic     Potential        Modify  Modify_group Modify_single      Error_PP  Error_PP_cum
Physic:   -4.407426e-07   0.001404324   0.005866674     -3186.268      3319.052      -6505.32  2.347965e-07             0             0 -4.609837e-07 -1.264264e-06
Slowdown: -4.407426e-07   0.001404324   0.005866674     -3186.268      3319.052      -6505.32  2.346546e-07             0             0 -4.702537e-07 -1.281622e-06
Angular Momentum:  |L|err: -2.040148e-05  |L|err_cum: 0.002091934  L: 23.53193   -26.38462    185.3937  |L|: 188.7345
C.M.: mass: 1900 pos: 0.00442179   -0.07810267    -0.05612347 vel: 0.1040446   -0.06643118    0.0004097618
Tree step number: 2048
**** Wallclock time per step (local): [Min/Max]
 Total       PP_single   PP_cluster  PP_cross    Tree_NB     Tree_Force  Force_corr  Kick        FindCluster CreateGroup MPI_comm    Output      Status      Other      
   0.0014272  1.7442e-05  8.5901e-05           0  0.00025856   0.0010017  1.3134e-05   7.247e-06  2.6664e-05  2.1008e-05  1.8402e-06  4.4958e-06  3.4927e-09  2.8606e-06
   0.0014273  1.7479e-05  8.5946e-05           0  0.00025526  0.00098948  1.3185e-05  7.2806e-06  2.6707e-05  2.1028e-05  1.8723e-06  4.4959e-06  3.5122e-09  2.9401e-06
**** FDPS tree soft force time profile (local):
 Sample_ptcl Domain_deco Ex_ptcl     SetRootCell Make_LT     Make_LET    Make_GT     Make_Group  Make_I_list Calc_force  Write_back 
           0           0           0  1.1128e-05  0.00018781  2.7376e-05  0.00015462  2.5666e-06  4.4491e-05  0.00050162  2.6104e-05
**** Tree neighbor time profile (local):
 Sample_ptcl Domain_deco Ex_ptcl     SetRootCell Make_LT     Make_LET    Make_GT     Make_Group  Make_I_list Calc_force  Write_back 
           0           0           0  4.3869e-06  8.2905e-05  1.4012e-05  6.4668e-05  4.7199e-07  1.4571e-05  5.8315e-05  6.9321e-06
**** Number per step (global):
 PP_single   PP_cluster  PP_cross    Cluster     Cross       AR_step_sum
      967.66       32.34           0      15.306           0     0.31396
 AR_tsyn_sum Stab_Ngroup Iso_Ngroup  Form_Ngroup End_Ngroup  Modf_Ngroup Merg_Ngroup H4_step_sum H4_no_NB    Ep-Ep_sum   Ep-Sp_sum  
    0.092285           0           0    0.016113   0.0043945           0           0      161.74    0.020508  9.4271e+05      8451.1
**** Number of members in clusters (global):
N_members:            1           2           3           4           5
Count    :       967.66      13.773      1.3379     0.19385  0.00097656

Time: 3  N_real(loc): 1000  N_real(glb): 1000  N_all(loc): 1000  N_all(glb): 1000  N_remove(glb): 0  N_escape(glb): 0
Energy:     Error/Total         Error     Error_cum         Total       Kinetic     Potential        Modify  Modify_group Modify_single      Error_PP  Error_PP_cum
Physic:   -5.536961e-08  0.0001764224   0.006043096     -3186.268      3315.702     -6501.969  3.135328e-07             0             0 -5.941946e-07 -1.858459e-06
Slowdown: -5.536961e-08  0.0001764224   0.006043096     -3186.268      3315.702     -6501.969  3.133945e-07             0             0 -5.997725e-07 -1.881394e-06
Angular Momentum:  |L|err: -0.0009338292  |L|err_cum: 0.001158105  L: 23.53304   -26.38447    185.3934  |L|: 188.7343
C.M.: mass: 1900 pos: 0.05278369   -0.1047247    -0.06215751 vel: 0.1073944   -0.03730911    -0.01067734
Tree step number: 2048
**** Wallclock time per step (local): [Min/Max]
 Total       PP_single   PP_cluster  PP_cross    Tree_NB     Tree_Force  Force_corr  Kick        FindCluster CreateGroup MPI_comm    Output      Status      Other      
   0.0023182  2.3211e-05  0.00010589           0  0.00046808   0.0015973  4.5917e-05  1.9526e-05  7.4515e-05  4.0055e-05  1.8513e-06  4.3142e-06   3.082e-09  4.9179e-06
   0.0023182  2.3257e-05  0.00010594           0  0.00044996   0.0015454  4.5974e-05  1.9562e-05  7.4562e-05  4.0077e-05  1.8838e-06  4.3146e-06  3.0967e-09  5.0112e-06
**** FDPS tree soft force time profile (local):
 Sample_ptcl Domain_deco Ex_ptcl     SetRootCell Make_LT     Make_LET    Make_GT     Make_Group  Make_I_list Calc_force  Write_back 
           0           0           0  2.0137e-05  0.00033222  4.2209e-05  0.00023972  5.6618e-06  6.5798e-05   0.0007279   0.0001055
**** Tree neighbor time profile (local):
 Sample_ptcl Domain_deco Ex_ptcl     SetRootCell Make_LT     Make_LET    Make_GT     Make_Group  Make_I_list Calc_force  Write_back 
           0           0           0  9.8213e-06  0.00012954  2.2109e-05  0.00012727  3.4512e-07  1.9187e-05  0.00011142  3.6621e-05
**** Number per step (global):
 PP_single   PP_cluster  PP_cross    Cluster     Cross       AR_step_sum
      966.36      33.643           0      15.961           0     0.54248
 AR_tsyn_sum Stab_Ngroup Iso_Ngroup  Form_Ngroup End_Ngroup  Modf_Ngroup Merg_Ngroup H4_step_sum H4_no_NB    Ep-Ep_sum   Ep-Sp_sum  
     0.18311           0           0    0.033691   0.0078125           0           0      167.53    0.043945  9.6195e+05      4191.2
**** Number of members in clusters (global):
N_members:            1           2           3           4           5
Count    :       966.36      14.394       1.416     0.15039  0.00097656

Time: 3.5  N_real(loc): 1000  N_real(glb): 1000  N_all(loc): 1000  N_all(glb): 1000  N_remove(glb): 0  N_escape(glb): 0
Energy:     Error/Total         Error     Error_cum         Total       Kinetic     Potential        Modify  Modify_group Modify_single      Error_PP  Error_PP_cum
Physic:   -2.916949e-07  0.0009294177   0.006972514     -3186.267      3154.851     -6341.117  3.794306e-07             0             0 -1.314924e-06 -3.173383e-06
Slowdown: -2.916949e-07  0.0009294177   0.006972514     -3186.267      3154.851     -6341.117   3.79334e-07             0             0 -1.312234e-06 -3.193628e-06
Angular Momentum:  |L|err: -0.0004278646  |L|err_cum: 0.0007302403  L: 23.53336   -26.38436    185.3937  |L|: 188.7346
C.M.: mass: 1900 pos: 0.0937637   -0.1149102    -0.07938374 vel: 0.07065946   -0.02346088    -0.05659243
Tree step number: 2048
**** Wallclock time per step (local): [Min/Max]
 Total       PP_single   PP_cluster  PP_cross    Tree_NB     Tree_Force  Force_corr  Kick        FindCluster CreateGroup MPI_comm    Output      Status      Other      
   0.0020096  2.0535e-05  9.2788e-05           0  0.00038904   0.0014228   2.792e-05  1.6191e-05  4.7824e-05  3.2196e-05  2.0995e-06  4.5499e-06  3.4097e-09  4.7891e-06
   0.0020097  2.0573e-05  9.2843e-05           0  0.00037755   0.0013811  2.7976e-05  1.6225e-05  4.7869e-05  3.2217e-05  2.1399e-06    4.55e-06  3.4243e-09  4.8973e-06
**** FDPS tree soft force time profile (local):
 Sample_ptcl Domain_deco Ex_ptcl     SetRootCell Make_LT     Make_LET    Make_GT     Make_Group  Make_I_list Calc_force  Write_back 
           0           0           0  1.7233e-05  0.00025774  3.7555e-05  0.00019167  2.6742e-06  5.2234e-05  0.00072171  8.5212e-05
**** Tree neighbor time profile (local):
 Sample_ptcl Domain_deco Ex_ptcl     SetRootCell Make_LT     Make_LET    Make_GT     Make_Group  Make_I_list Calc_force  Write_back 
           0           0           0  7.1821e-06  0.00011735  1.8967e-05  9.3046e-05  2.5993e-07  1.5248e-05  0.00010054  2.3639e-05
**** Number per step (global):
 PP_single   PP_cluster  PP_cross    Cluster     Cross       AR_step_sum
      970.72      29.279           0      14.119           0      1.0029
 AR_tsyn_sum Stab_Ngroup Iso_Ngroup  Form_Ngroup End_Ngroup  Modf_Ngroup Merg_Ngroup H4_step_sum H4_no_NB    Ep-Ep_sum   Ep-Sp_sum  
     0.34912           0           0    0.046387    0.011719           0           0      146.43    0.050781  9.6551e+05      3712.8
**** Number of members in clusters (global):
N_members:            1           2           3           4
Count    :       970.72      13.157     0.88428    0.078125

Time: 4  N_real(loc): 1000  N_real(glb): 1000  N_all(loc): 1000  N_all(glb): 1000  N_remove(glb): 0  N_escape(glb): 0
Energy:     Error/Total         Error     Error_cum         Total       Kinetic     Potential        Modify  Modify_group Modify_single      Error_PP  Error_PP_cum
Physic:    6.052606e-07  -0.001928523   0.005043991     -3186.269      3449.342     -6635.611   3.96433e-07             0             0 -8.251074e-07 -3.998491e-06
Slowdown:  6.052606e-07  -0.001928523   0.005043991     -3186.269      3449.342     -6635.611  3.963369e-07             0             0 -8.132423e-07 -4.006871e-06
Angular Momentum:  |L|err: 0.0005058572  |L|err_cum: 0.001236097  L: 23.53283   -26.38453    185.3944  |L|: 188.7353
C.M.: mass: 1900 pos: 0.1018331   -0.1103493    -0.1116327 vel: 0.03315437   0.04154457    -0.03734868
Tree step number: 2048
**** Wallclock time per step (local): [Min/Max]
 Total       PP_single   PP_cluster  PP_cross    Tree_NB     Tree_Force  Force_corr  Kick        FindCluster CreateGroup MPI_comm    Output      Status      Other      
   0.0024539  2.6687e-05  0.00011426           0  0.00039809   0.0018208  3.8493e-05  2.4326e-05  4.9532e-05  2.8394e-05  1.8826e-06  4.1527e-06  4.2363e-09  6.2789e-06
    0.002454  2.6727e-05  0.00011431           0  0.00039308   0.0017647  3.8551e-05  2.4361e-05  4.9589e-05  2.8415e-05  1.9156e-06   4.153e-06  4.2656e-09  6.3982e-06
**** FDPS tree soft force time profile (local):
 Sample_ptcl Domain_deco Ex_ptcl     SetRootCell Make_LT     Make_LET    Make_GT     Make_Group  Make_I_list Calc_force  Write_back 
           0           0           0   4.793e-05  0.00032629  3.6011e-05   0.0002498  3.0123e-06  5.2595e-05  0.00086053  0.00011424
**** Tree neighbor time profile (local):
 Sample_ptcl Domain_deco Ex_ptcl     SetRootCell Make_LT     Make_LET    Make_GT     Make_Group  Make_I_list Calc_force  Write_back 
           0           0           0   1.716e-05  0.00012508  2.0592e-05  9.6407e-05  4.8335e-07  1.4859e-05  6.7346e-05   1.042e-05
**** Number per step (global):
 PP_single   PP_cluster  PP_cross    Cluster     Cross       AR_step_sum
      966.23      33.774           0      16.005           0     0.95605
 AR_tsyn_sum Stab_Ngroup Iso_Ngroup  Form_Ngroup End_Ngroup  Modf_Ngroup Merg_Ngroup H4_step_sum H4_no_NB    Ep-Ep_sum   Ep-Sp_sum  
      0.3374           0           0    0.039062   0.0097656           0           0      167.38    0.041016  9.4158e+05      8420.9
**** Number of members in clusters (global):
N_members:            1           2           3           4           5
Count    :       966.23      14.534      1.2124     0.22559    0.033203

Time: 4.5  N_real(loc): 1000  N_real(glb): 1000  N_all(loc): 1000  N_all(glb): 1000  N_remove(glb): 0  N_escape(glb): 0
Energy:     Error/Total         Error     Error_cum         Total       Kinetic     Potential        Modify  Modify_group Modify_single      Error_PP  Error_PP_cum
Physic:   -5.456621e-07   0.001738625   0.006782616     -3186.267       3094.63     -6280.897  4.241128e-07             0             0 -4.658773e-07 -4.464368e-06
Slowdown: -5.456621e-07   0.001738625   0.006782616     -3186.267       3094.63     -6280.897  4.240443e-07             0             0 -4.644522e-07 -4.471323e-06
Angular Momentum:  |L|err: 0.001000883  |L|err_cum: 0.00223698  L: 23.53243   -26.38552    185.3949  |L|: 188.7359
C.M.: mass: 1900 pos: 0.1087399   -0.08077281    -0.1073297 vel: -0.02656124   0.04222758    -0.008333859
Tree step number: 2048
**** Wallclock time per step (local): [Min/Max]
 Total       PP_single   PP_cluster  PP_cross    Tree_NB     Tree_Force  Force_corr  Kick        FindCluster CreateGroup MPI_comm    Output      Status      Other      
   0.0026302  2.7695e-05  0.00011395           0  0.00045724      0.0019  5.7783e-05  2.9699e-05  6.2412e-05  3.9775e-05  3.2758e-06   3.928e-06  4.0215e-09  8.5868e-06
   0.0026303  2.7733e-05    0.000114           0  0.00044789   0.0018324  5.7845e-05  2.9735e-05   6.246e-05  3.9797e-05  3.3085e-06  3.9282e-06  4.0459e-09  8.7752e-06
**** FDPS tree soft force time profile (local):
 Sample_ptcl Domain_deco Ex_ptcl     SetRootCell Make_LT     Make_LET    Make_GT     Make_Group  Make_I_list Calc_force  Write_back 
           0           0           0  6.2279e-05   0.0003506  4.0076e-05  0.00025908   2.448e-06  5.1633e-05  0.00086437  0.00013723
**** Tree neighbor time profile (local):
 Sample_ptcl Domain_deco Ex_ptcl     SetRootCell Make_LT     Make_LET    Make_GT     Make_Group  Make_I_list Calc_force  Write_back 
           0           0           0  3.3996e-05  0.00014162  2.2511e-05  0.00010655  5.2189e-07  1.7385e-05  8.7772e-05  1.9132e-05
**** Number per step (global):
 PP_single   PP_cluster  PP_cross    Cluster     Cross       AR_step_sum
      964.53      35.469           0      16.511           0     0.65674
 AR_tsyn_sum Stab_Ngroup Iso_Ngroup  Form_Ngroup End_Ngroup  Modf_Ngroup Merg_Ngroup H4_step_sum H4_no_NB    Ep-Ep_sum   Ep-Sp_sum  
     0.25684           0           0     0.03418   0.0083008           0           0      178.24     0.04248  9.3505e+05      8752.4
**** Number of members in clusters (global):
N_members:            1           2           3           4           5           6
Count    :       964.53      14.489      1.7188     0.19238    0.097656    0.012695

Time: 5  N_real(loc): 1000  N_real(glb): 1000  N_all(loc): 1000  N_all(glb): 1000  N_remove(glb): 0  N_escape(glb): 0
Energy:     Error/Total         Error     Error_cum         Total       Kinetic     Potential        Modify  Modify_group Modify_single      Error_PP  Error_PP_cum
Physic:    1.579209e-07 -0.0005031783   0.006279438     -3186.267      3168.939     -6355.207   4.57697e-07             0             0  -1.64716e-06 -6.111528e-06
Slowdown:  1.579209e-07 -0.0005031783   0.006279438     -3186.267      3168.939     -6355.207  4.576286e-07             0             0  -1.59471e-06 -6.066033e-06
Angular Momentum:  |L|err: -0.0002186782  |L|err_cum: 0.002018302  L: 23.53382   -26.38436    185.396  |L|: 188.737
C.M.: mass: 1900 pos: 0.09377936   -0.08686827    -0.1212738 vel: -0.05510727   0.02943188    -0.07069556
Tree step number: 2048
**** Wallclock time per step (local): [Min/Max]
 Total       PP_single   PP_cluster  PP_cross    Tree_NB     Tree_Force  Force_corr  Kick        FindCluster CreateGroup MPI_comm    Output      Status      Other      
   0.0027963  4.3415e-05  0.00011217           0  0.00052606   0.0019891   5.805e-05  3.8531e-05  5.6558e-05   3.764e-05  5.0584e-06  5.1759e-06  3.4683e-09  7.9611e-06
   0.0027964  4.3454e-05  0.00011222           0  0.00051278   0.0019169  5.8109e-05  3.8568e-05  5.6606e-05  3.7663e-05  5.0908e-06  5.1764e-06  3.4878e-09  8.0808e-06
**** FDPS tree soft force time profile (local):
 Sample_ptcl Domain_deco Ex_ptcl     SetRootCell Make_LT     Make_LET    Make_GT     Make_Group  Make_I_list Calc_force  Write_back 
           0           0           0  4.7616e-05  0.00037456  4.1899e-05  0.00027235  2.8777e-06  5.8939e-05  0.00090232  0.00014635
**** Tree neighbor time profile (local):
 Sample_ptcl Domain_deco Ex_ptcl     SetRootCell Make_LT     Make_LET    Make_GT     Make_Group  Make_I_list Calc_force  Write_back 
           0           0           0  3.1889e-05  0.00016939  1.9926e-05  0.00012074  5.1817e-07  1.6226e-05  0.00010055  2.7004e-05
**** Number per step (global):
 PP_single   PP_cluster  PP_cross    Cluster     Cross       AR_step_sum
      970.85      29.149           0       14.02           0     0.84375
 AR_tsyn_sum Stab_Ngroup Iso_Ngroup  Form_Ngroup End_Ngroup  Modf_Ngroup Merg_Ngroup H4_step_sum H4_no_NB    Ep-Ep_sum   Ep-Sp_sum  
     0.30225           0           0    0.040527    0.010254           0           0      143.71    0.044922  9.3172e+05       10387
**** Number of members in clusters (global):
N_members:            1           2           3           4           5
Count    :       970.85       12.99     0.96094    0.055664    0.012695

Time: 5.5  N_real(loc): 1000  N_real(glb): 1000  N_all(loc): 1000  N_all(glb): 1000  N_remove(glb): 0  N_escape(glb): 0
Energy:     Error/Total         Error     Error_cum         Total       Kinetic     Potential        Modify  Modify_group Modify_single      Error_PP  Error_PP_cum
Physic:    5.508231e-07  -0.001755071   0.004524367     -3186.269      3183.781     -6370.051  4.268316e-07             0             0 -8.820154e-07 -6.993543e-06
Slowdown:  5.508229e-07   -0.00175507   0.004524368     -3186.269      3183.781     -6370.051  4.261102e-07             0             0 -8.801688e-07 -6.946201e-06
Angular Momentum:  |L|err: 0.001509169  |L|err_cum: 0.003527471  L: 23.53414   -26.38315    185.3974  |L|: 188.7383
C.M.: mass: 1900 pos: 0.07866881   -0.07691462    -0.141826 vel: -0.02207696   0.004196318    -0.02396796
Tree step number: 2048
**** Wallclock time per step (local): [Min/Max]
 Total       PP_single   PP_cluster  PP_cross    Tree_NB     Tree_Force  Force_corr  Kick        FindCluster CreateGroup MPI_comm    Output      Status      Other      
   0.0028356  2.3548e-05  9.7885e-05           0  0.00055049   0.0020766  4.1744e-05  1.9384e-05  5.3464e-05  2.8495e-05   2.667e-06  3.7197e-06  3.7764e-09  9.5485e-06
   0.0028356  2.3615e-05  9.7931e-05           0  0.00054001   0.0020125  4.1802e-05  1.9419e-05   5.353e-05  2.8516e-05  2.7092e-06  3.7199e-06  3.7959e-09  9.6726e-06
**** FDPS tree soft force time profile (local):
 Sample_ptcl Domain_deco Ex_ptcl     SetRootCell Make_LT     Make_LET    Make_GT     Make_Group  Make_I_list Calc_force  Write_back 
           0           0           0  7.8804e-05  0.00036592  3.6239e-05  0.00030596  3.7795e-06  5.9675e-05  0.00089029   0.0001301
**** Tree neighbor time profile (local):
 Sample_ptcl Domain_deco Ex_ptcl     SetRootCell Make_LT     Make_LET    Make_GT     Make_Group  Make_I_list Calc_force  Write_back 
           0           0           0   4.425e-05  0.00016896  2.1722e-05    0.000125  5.0736e-07  1.8032e-05  9.6119e-05  2.1401e-05
**** Number per step (global):
 PP_single   PP_cluster  PP_cross    Cluster     Cross       AR_step_sum
      968.65      31.348           0      14.538           0     0.16016
 AR_tsyn_sum Stab_Ngroup Iso_Ngroup  Form_Ngroup End_Ngroup  Modf_Ngroup Merg_Ngroup H4_step_sum H4_no_NB    Ep-Ep_sum   Ep-Sp_sum  
     0.05127           0           0   0.0063477   0.0014648           0           0      148.52    0.027832  9.3112e+05       10142
**** Number of members in clusters (global):
N_members:            1           2           3           4           5           6           7           8           9
Count    :       968.65      12.886      1.3101     0.20312    0.079102    0.020508    0.013672   0.0097656    0.015625

Time: 6  N_real(loc): 1000  N_real(glb): 1000  N_all(loc): 1000  N_all(glb): 1000  N_remove(glb): 0  N_escape(glb): 0
Energy:     Error/Total         Error     Error_cum         Total       Kinetic     Potential        Modify  Modify_group Modify_single      Error_PP  Error_PP_cum
Physic:   -2.770409e-07  0.0008827265   0.005407093     -3186.268      3348.705     -6534.973  4.339182e-07             0             0 -1.984095e-06 -8.977638e-06
Slowdown: -2.770409e-07  0.0008827266   0.005407094     -3186.268      3348.705     -6534.973  4.330993e-07             0             0 -1.979859e-06 -8.926061e-06
Angular Momentum:  |L|err: -2.173437e-05  |L|err_cum: 0.003505737  L: 23.53377   -26.38443    185.3975  |L|: 188.7385
C.M.: mass: 1900 pos: 0.08447381   -0.06276886    -0.1332453 vel: 0.008123087   0.03074882    0.07013064
Tree step number: 2048
**** Wallclock time per step (local): [Min/Max]
 Total       PP_single   PP_cluster  PP_cross    Tree_NB     Tree_Force  Force_corr  Kick        FindCluster CreateGroup MPI_comm    Output      Status      Other      
   0.0026077  2.2137e-05  0.00010729           0  0.00047942   0.0019028  4.2293e-05  2.1914e-05  5.5873e-05  2.7621e-05  2.9837e-06  3.5929e-06  3.2388e-09  5.0708e-06
   0.0026078  2.2174e-05  0.00010733           0  0.00046883   0.0018477   4.235e-05  2.1949e-05  5.5933e-05  2.7642e-05  3.0161e-06  3.5931e-06  3.2534e-09  5.3445e-06
**** FDPS tree soft force time profile (local):
 Sample_ptcl Domain_deco Ex_ptcl     SetRootCell Make_LT     Make_LET    Make_GT     Make_Group  Make_I_list Calc_force  Write_back 
           0           0           0  5.1584e-05  0.00033669  4.1539e-05  0.00028696  2.7568e-06  5.4905e-05  0.00084549  0.00011203
**** Tree neighbor time profile (local):
 Sample_ptcl Domain_deco Ex_ptcl     SetRootCell Make_LT     Make_LET    Make_GT     Make_Group  Make_I_list Calc_force  Write_back 
           0           0           0     3.1e-05  0.00013683  2.0224e-05  0.00011517  5.3084e-07  1.6269e-05   9.382e-05  2.1713e-05
**** Number per step (global):
 PP_single   PP_cluster  PP_cross    Cluster     Cross       AR_step_sum
      966.63      33.371           0      15.681           0      1.6973
 AR_tsyn_sum Stab_Ngroup Iso_Ngroup  Form_Ngroup End_Ngroup  Modf_Ngroup Merg_Ngroup H4_step_sum H4_no_NB    Ep-Ep_sum   Ep-Sp_sum  
     0.62451           0           0    0.088867     0.01709           0           0      166.22     0.12012  9.2337e+05       11984
**** Number of members in clusters (global):
N_members:            1           2           3           4           5           6
Count    :       966.63      14.142      1.2183     0.19824    0.098633    0.024414

Time: 6.5  N_real(loc): 1000  N_real(glb): 1000  N_all(loc): 1000  N_all(glb): 1000  N_remove(glb): 0  N_escape(glb): 0
Energy:     Error/Total         Error     Error_cum         Total       Kinetic     Potential        Modify  Modify_group Modify_single      Error_PP  Error_PP_cum
Physic:    2.066407e-07 -0.0006584129    0.00474868     -3186.269      3338.417     -6524.686  2.517617e-07             0             0 -1.992025e-06 -1.096966e-05
Slowdown:  2.066407e-07 -0.0006584128   0.004748681     -3186.269      3338.417     -6524.686  2.507848e-07             0             0 -1.961785e-06 -1.088785e-05
Angular Momentum:  |L|err: -0.001721384  |L|err_cum: 0.001784353  L: 23.53494   -26.38452    185.3954  |L|: 188.7366
C.M.: mass: 1900 pos: 0.08653641   -0.049069    -0.08550103 vel: -0.01006235   0.05280122    0.1335872
Tree step number: 2048
**** Wallclock time per step (local): [Min/Max]
 Total       PP_single   PP_cluster  PP_cross    Tree_NB     Tree_Force  Force_corr  Kick        FindCluster CreateGroup MPI_comm    Output      Status      Other      
   0.0031975   4.022e-05  0.00012086           0  0.00060997   0.0022827  6.3252e-05  3.3236e-05   6.991e-05  3.8634e-05  2.9464e-06  4.7136e-06  3.7427e-09  1.0085e-05
   0.0031976  4.0259e-05   0.0001209           0  0.00059811   0.0022132  6.3313e-05  3.3272e-05  6.9961e-05  3.8656e-05  2.9788e-06  4.7137e-06  3.7573e-09  1.0202e-05
**** FDPS tree soft force time profile (local):
 Sample_ptcl Domain_deco Ex_ptcl     SetRootCell Make_LT     Make_LET    Make_GT     Make_Group  Make_I_list Calc_force  Write_back 
           0           0           0  8.0962e-05    0.000435  4.3276e-05  0.00037667  3.9552e-06  6.6268e-05  0.00090886  0.00014114
**** Tree neighbor time profile (local):
 Sample_ptcl Domain_deco Ex_ptcl     SetRootCell Make_LT     Make_LET    Make_GT     Make_Group  Make_I_list Calc_force  Write_back 
           0           0           0   4.729e-05  0.00020684  2.5942e-05  0.00012835  5.2776e-07  2.2099e-05  9.7872e-05   2.417e-05
**** Number per step (global):
 PP_single   PP_cluster  PP_cross    Cluster     Cross       AR_step_sum
      963.19      36.805           0      16.841           0      2.2622
 AR_tsyn_sum Stab_Ngroup Iso_Ngroup  Form_Ngroup End_Ngroup  Modf_Ngroup Merg_Ngroup H4_step_sum H4_no_NB    Ep-Ep_sum   Ep-Sp_sum  
     0.82861           0           0     0.12061    0.022461           0           0      188.26     0.16943  9.2426e+05       12055
**** Number of members in clusters (global):
N_members:            1           2           3           4           5           6
Count    :       963.19      14.569      1.6499     0.44141     0.13477    0.046387

Time: 7  N_real(loc): 1000  N_real(glb): 1000  N_all(loc): 1000  N_all(glb): 1000  N_remove(glb): 0  N_escape(glb): 0
Energy:     Error/Total         Error     Error_cum         Total       Kinetic     Potential        Modify  Modify_group Modify_single      Error_PP  Error_PP_cum
Physic:   -1.281108e-06    0.00408195   0.008830631     -3186.265      3009.803     -6196.068  5.006302e-07             0             0 -9.045391e-06 -2.001505e-05
Slowdown: -1.281108e-06    0.00408195   0.008830632     -3186.265      3009.803     -6196.068  4.996533e-07             0             0 -9.038073e-06 -1.992592e-05
Angular Momentum:  |L|err: 0.0007635136  |L|err_cum: 0.002547866  L: 23.53548   -26.38405    185.396  |L|: 188.7372
C.M.: mass: 1900 pos: 0.04183055   -0.05504914    -0.0462101 vel: -0.1042156   0.02537416    0.019113
Tree step number: 2048
**** Wallclock time per step (local): [Min/Max]
 Total       PP_single   PP_cluster  PP_cross    Tree_NB     Tree_Force  Force_corr  Kick        FindCluster CreateGroup MPI_comm    Output      Status      Other      
   0.0028641  2.5011e-05  0.00011947           0  0.00052928   0.0020737  4.5689e-05  1.9317e-05  6.3001e-05  3.2811e-05  5.2531e-06  3.1271e-06  4.6035e-09   6.903e-06
   0.0028641  2.5048e-05  0.00011953           0  0.00051912   0.0020219  4.5748e-05  1.9353e-05  6.3051e-05  3.2832e-05  5.2857e-06  3.1272e-06   4.623e-09  7.0196e-06
**** FDPS tree soft force time profile (local):
 Sample_ptcl Domain_deco Ex_ptcl     SetRootCell Make_LT     Make_LET    Make_GT     Make_Group  Make_I_list Calc_force  Write_back 
           0           0           0  6.6261e-05  0.00039808  4.1553e-05  0.00033308  3.5588e-06   6.162e-05  0.00083813  0.00010592
**** Tree neighbor time profile (local):
 Sample_ptcl Domain_deco Ex_ptcl     SetRootCell Make_LT     Make_LET    Make_GT     Make_Group  Make_I_list Calc_force  Write_back 
           0           0           0  2.5733e-05   0.0001427  2.2034e-05  0.00013274  5.7119e-07  2.1681e-05  8.9516e-05  2.0766e-05
**** Number per step (global):
 PP_single   PP_cluster  PP_cross    Cluster     Cross       AR_step_sum
      966.02      33.985           0      15.027           0      4.0029
 AR_tsyn_sum Stab_Ngroup Iso_Ngroup  Form_Ngroup End_Ngroup  Modf_Ngroup Merg_Ngroup H4_step_sum H4_no_NB    Ep-Ep_sum   Ep-Sp_sum  
      1.4268           0           0     0.14111    0.026855           0           0      178.72     0.18994  9.2807e+05       11824
**** Number of members in clusters (global):
N_members:            1           2           3           4           5           6           7           8           9          10          11          12
Count    :       966.02      12.741      1.5308     0.36719      0.1709     0.12842    0.022461    0.019531  0.00097656    0.018555    0.018555   0.0087891

Time: 7.5  N_real(loc): 1000  N_real(glb): 1000  N_all(loc): 1000  N_all(glb): 1000  N_remove(glb): 0  N_escape(glb): 0
Energy:     Error/Total         Error     Error_cum         Total       Kinetic     Potential        Modify  Modify_group Modify_single      Error_PP  Error_PP_cum
Physic:   -1.455259e-06   0.004636835    0.01346747      -3186.26      3340.297     -6526.557  2.370293e-07             0             0  -9.55679e-06 -2.957184e-05
Slowdown: -1.455259e-06   0.004636835    0.01346747      -3186.26      3340.297     -6526.557  2.360524e-07             0             0 -9.562344e-06 -2.948826e-05
Angular Momentum:  |L|err: 0.0001025153  |L|err_cum: 0.002650382  L: 23.53499   -26.38438    185.3964  |L|: 188.7376
C.M.: mass: 1900 pos: -0.004545585   -0.02479635    -0.03704499 vel: -0.06279786   0.0843776    0.01811359
Tree step number: 2048
**** Wallclock time per step (local): [Min/Max]
 Total       PP_single   PP_cluster  PP_cross    Tree_NB     Tree_Force  Force_corr  Kick        FindCluster CreateGroup MPI_comm    Output      Status      Other      
   0.0021887  3.2149e-05  0.00011419           0  0.00039041   0.0015314  4.0349e-05  2.6792e-05  6.2856e-05  3.1813e-05  2.3671e-06  4.0952e-06  4.4126e-09   6.046e-06
   0.0021887  3.2202e-05  0.00011424           0  0.00038231   0.0014835  4.0407e-05  2.6828e-05  6.2907e-05  3.1834e-05  2.3995e-06  4.0954e-06  4.4419e-09   6.154e-06
**** FDPS tree soft force time profile (local):
 Sample_ptcl Domain_deco Ex_ptcl     SetRootCell Make_LT     Make_LET    Make_GT     Make_Group  Make_I_list Calc_force  Write_back 
           0           0           0  2.5879e-05  0.00029041  4.2453e-05   0.0002064  2.2442e-06  5.7284e-05  0.00072871  9.7934e-05
**** Tree neighbor time profile (local):
 Sample_ptcl Domain_deco Ex_ptcl     SetRootCell Make_LT     Make_LET    Make_GT     Make_Group  Make_I_list Calc_force  Write_back 
           0           0           0  1.4883e-05  0.00013112  2.2556e-05  9.2662e-05  3.5906e-07  1.6973e-05  7.8888e-05  1.6607e-05
**** Number per step (global):
 PP_single   PP_cluster  PP_cross    Cluster     Cross       AR_step_sum
      966.81       33.19           0      13.697           0      3.8794
 AR_tsyn_sum Stab_Ngroup Iso_Ngroup  Form_Ngroup End_Ngroup  Modf_Ngroup Merg_Ngroup H4_step_sum H4_no_NB    Ep-Ep_sum   Ep-Sp_sum  
      1.3262           0           0     0.11084    0.023926           0           0      178.57     0.16846  9.5162e+05      6058.6
**** Number of members in clusters (global):
N_members:            1           2           3           4           5           6           7           8           9          10          11
Count    :       966.81      10.731      1.5439     0.83936     0.23584     0.13281    0.068848    0.077148    0.029297    0.019531    0.018555

Time: 8  N_real(loc): 1000  N_real(glb): 1000  N_all(loc): 1000  N_all(glb): 1000  N_remove(glb): 0  N_escape(glb): 0
Energy:     Error/Total         Error     Error_cum         Total       Kinetic     Potential        Modify  Modify_group Modify_single      Error_PP  Error_PP_cum
Physic:    1.964522e-06   -0.00625949   0.007207976     -3186.266      3146.077     -6332.344 -4.863432e-07             0             0 -5.870561e-05 -8.827745e-05
Slowdown:  1.964522e-06   -0.00625949   0.007207976     -3186.266      3146.077     -6332.344 -4.870683e-07             0             0 -5.874593e-05 -8.823419e-05
Angular Momentum:  |L|err: 0.0001338219  |L|err_cum: 0.002784203  L: 23.53555   -26.38419    185.3963  |L|: 188.7375
C.M.: mass: 1900 pos: -0.01372994   0.002202893    -0.03212695 vel: -0.006342543   0.02348438    -0.0579035
Tree step number: 2048
**** Wallclock time per step (local): [Min/Max]
 Total       PP_single   PP_cluster  PP_cross    Tree_NB     Tree_Force  Force_corr  Kick        FindCluster CreateGroup MPI_comm    Output      Status      Other      
   0.0023597  2.9102e-05  0.00016654           0  0.00042633   0.0016029  4.3587e-05  3.1432e-05  7.0166e-05  3.5447e-05  1.9195e-06  3.7012e-06  3.5811e-09  9.2054e-06
   0.0023597  2.9446e-05   0.0001666           0  0.00041421   0.0015515  4.3647e-05  3.1467e-05  7.0222e-05  3.5576e-05  1.9517e-06  3.7013e-06  3.5957e-09  9.3043e-06
**** FDPS tree soft force time profile (local):
 Sample_ptcl Domain_deco Ex_ptcl     SetRootCell Make_LT     Make_LET    Make_GT     Make_Group  Make_I_list Calc_force  Write_back 
           0           0           0  2.3396e-05  0.00030686  3.9516e-05   0.0002242  3.7811e-06  6.3798e-05  0.00076457  0.00010495
**** Tree neighbor time profile (local):
 Sample_ptcl Domain_deco Ex_ptcl     SetRootCell Make_LT     Make_LET    Make_GT     Make_Group  Make_I_list Calc_force  Write_back 
           0           0           0  1.2886e-05  0.00013581  1.7446e-05    9.24e-05  4.6104e-06   2.672e-05  0.00010084  2.4647e-05
**** Number per step (global):
 PP_single   PP_cluster  PP_cross    Cluster     Cross       AR_step_sum
      964.09      35.911           0      15.563           0       21.98
 AR_tsyn_sum Stab_Ngroup Iso_Ngroup  Form_Ngroup End_Ngroup  Modf_Ngroup Merg_Ngroup H4_step_sum H4_no_NB    Ep-Ep_sum   Ep-Sp_sum  
      7.0933           0           0     0.51562     0.11328           0           0      199.57     0.54785   9.557e+05      5411.3
**** Number of members in clusters (global):
N_members:            1           2           3           4           5           6           7           8           9          10
Count    :       964.09      12.654      2.0142     0.42432     0.20947     0.11133    0.086426    0.035156    0.021484   0.0068359

Time: 8.5  N_real(loc): 1000  N_real(glb): 1000  N_all(loc): 1000  N_all(glb): 1000  N_remove(glb): 0  N_escape(glb): 0
Energy:     Error/Total         Error     Error_cum         Total       Kinetic     Potential        Modify  Modify_group Modify_single      Error_PP  Error_PP_cum
Physic:   -4.980941e-06    0.01587053     0.0230785     -3186.251      3053.394     -6239.644  5.393483e-09             0             0 -8.097085e-05 -0.0001692483
Slowdown: -4.980941e-06    0.01587053     0.0230785     -3186.251      3053.394     -6239.644  4.668401e-09             0             0 -8.098317e-05 -0.0001692174
Angular Momentum:  |L|err: 0.0002215479  |L|err_cum: 0.003005751  L: 23.53565   -26.38411    185.3965  |L|: 188.7377
C.M.: mass: 1900 pos: 0.004134686   -0.02042231    -0.02968174 vel: 0.07289602   -0.0553265    -0.01050241
Tree step number: 2048
**** Wallclock time per step (local): [Min/Max]
 Total       PP_single   PP_cluster  PP_cross    Tree_NB     Tree_Force  Force_corr  Kick        FindCluster CreateGroup MPI_comm    Output      Status      Other      
   0.0025262  3.5073e-05  0.00014692           0  0.00047241   0.0017114  5.3097e-05  3.4947e-05  9.6449e-05  4.0422e-05  3.0074e-06  3.5358e-06  3.2388e-09  9.3643e-06
   0.0025262  3.5113e-05  0.00014703           0  0.00045417   0.0016466  5.3158e-05  3.4984e-05  9.6506e-05  4.0444e-05  3.0401e-06  3.5361e-06  3.2534e-09  9.4759e-06
**** FDPS tree soft force time profile (local):
 Sample_ptcl Domain_deco Ex_ptcl     SetRootCell Make_LT     Make_LET    Make_GT     Make_Group  Make_I_list Calc_force  Write_back 
           0           0           0  3.7611e-05  0.00032457  4.6549e-05  0.00025179  2.8161e-06  5.7821e-05  0.00079619  0.00013144
**** Tree neighbor time profile (local):
 Sample_ptcl Domain_deco Ex_ptcl     SetRootCell Make_LT     Make_LET    Make_GT     Make_Group  Make_I_list Calc_force  Write_back 
           0           0           0  1.9717e-05  0.00014665  2.9217e-05  0.00010012  3.0789e-07  1.7902e-05   0.0001133  3.7072e-05
**** Number per step (global):
 PP_single   PP_cluster  PP_cross    Cluster     Cross       AR_step_sum
      968.04       31.96           0      14.002           0      22.341
 AR_tsyn_sum Stab_Ngroup Iso_Ngroup  Form_Ngroup End_Ngroup  Modf_Ngroup Merg_Ngroup H4_step_sum H4_no_NB    Ep-Ep_sum   Ep-Sp_sum  
      7.0703           0           0      0.7085     0.16602           0           0      174.42     0.73682  9.6457e+05      3849.9
**** Number of members in clusters (global):
N_members:            1           2           3           4           5           6           7           9          11
Count    :       968.04      11.541      1.5693     0.56396     0.18066    0.075195    0.054688   0.0078125   0.0097656

Time: 9  N_real(loc): 1000  N_real(glb): 1000  N_all(loc): 1000  N_all(glb): 1000  N_remove(glb): 0  N_escape(glb): 0
Energy:     Error/Total         Error     Error_cum         Total       Kinetic     Potential        Modify  Modify_group Modify_single      Error_PP  Error_PP_cum
Physic:   -9.149629e-06    0.02915274    0.05223124     -3186.221      3219.016     -6405.238 -1.066671e-06             0             0 -9.999905e-05 -0.0002692474
Slowdown: -9.149629e-06    0.02915274    0.05223124     -3186.221      3219.016     -6405.238 -1.067395e-06             0             0 -9.981837e-05 -0.0002690357
Angular Momentum:  |L|err: 0.0001880233  |L|err_cum: 0.003193775  L: 23.53562   -26.3834    185.3966  |L|: 188.7377
C.M.: mass: 1900 pos: 0.02514781   -0.01892052    -0.01920979 vel: 0.02441547   0.05080725    -0.02666679
Tree step number: 2048
**** Wallclock time per step (local): [Min/Max]
 Total       PP_single   PP_cluster  PP_cross    Tree_NB     Tree_Force  Force_corr  Kick        FindCluster CreateGroup MPI_comm    Output      Status      Other      
   0.0024425  2.2205e-05  0.00013772           0  0.00044208   0.0017021    4.82e-05  2.7269e-05  7.7088e-05  3.9747e-05  4.7944e-06  3.0328e-06  4.1875e-09  7.5422e-06
   0.0024426  2.2243e-05  0.00013777           0  0.00042867   0.0016436  4.8263e-05  2.7305e-05  7.7138e-05  3.9768e-05  4.8272e-06   3.033e-06  4.2021e-09  7.6421e-06
**** FDPS tree soft force time profile (local):
 Sample_ptcl Domain_deco Ex_ptcl     SetRootCell Make_LT     Make_LET    Make_GT     Make_Group  Make_I_list Calc_force  Write_back 
           0           0           0  2.9607e-05  0.00034572  3.8432e-05  0.00024476  3.2883e-06  6.1307e-05  0.00078641  0.00011858
**** Tree neighbor time profile (local):
 Sample_ptcl Domain_deco Ex_ptcl     SetRootCell Make_LT     Make_LET    Make_GT     Make_Group  Make_I_list Calc_force  Write_back 
           0           0           0  1.1547e-05  0.00013182  1.9253e-05  0.00012324  4.7732e-07  1.5686e-05   9.586e-05  2.7327e-05
**** Number per step (global):
 PP_single   PP_cluster  PP_cross    Cluster     Cross       AR_step_sum
       967.9      32.097           0      13.879           0      25.587
 AR_tsyn_sum Stab_Ngroup Iso_Ngroup  Form_Ngroup End_Ngroup  Modf_Ngroup Merg_Ngroup H4_step_sum H4_no_NB    Ep-Ep_sum   Ep-Sp_sum  
      7.9102           0           0     0.75635     0.17725           0           0      174.54     0.83252   9.326e+05      9600.3
**** Number of members in clusters (global):
N_members:            1           2           3           4           5           6           7           8           9          11
Count    :        967.9      11.307      1.6108       0.479     0.28711     0.12451    0.025391    0.041992   0.0019531   0.0019531

Time: 9.5  N_real(loc): 1000  N_real(glb): 1000  N_all(loc): 1000  N_all(glb): 1000  N_remove(glb): 0  N_escape(glb): 0
Energy:     Error/Total         Error     Error_cum         Total       Kinetic     Potential        Modify  Modify_group Modify_single      Error_PP  Error_PP_cum
Physic:   -3.021284e-06    0.00962645    0.06185769     -3186.212      3048.249      -6234.46 -1.184026e-06             0             0 -9.969201e-05 -0.0003689394
Slowdown: -3.021284e-06    0.00962645    0.06185769     -3186.212      3048.249      -6234.46  -1.18475e-06             0             0 -9.974367e-05 -0.0003687794
Angular Momentum:  |L|err: -2.014812e-05  |L|err_cum: 0.003173627  L: 23.53475   -26.38255    185.3967  |L|: 188.7375
C.M.: mass: 1900 pos: 0.03052266   0.001837679    -0.01683947 vel: 0.003153156   0.04356391    0.0004116042
Tree step number: 2048
**** Wallclock time per step (local): [Min/Max]
 Total       PP_single   PP_cluster  PP_cross    Tree_NB     Tree_Force  Force_corr  Kick        FindCluster CreateGroup MPI_comm    Output      Status      Other      
   0.0026676  2.6226e-05   0.0001358           0  0.00045815   0.0019232  4.4677e-05  2.5547e-05  5.4149e-05  4.2542e-05  3.2685e-06  2.9807e-06  3.2144e-09   8.324e-06
   0.0026677  2.6264e-05  0.00013586           0  0.00045281   0.0018689  4.4735e-05  2.5583e-05  5.4198e-05  4.2565e-05  3.3012e-06  2.9809e-06   3.229e-09  8.4432e-06
**** FDPS tree soft force time profile (local):
 Sample_ptcl Domain_deco Ex_ptcl     SetRootCell Make_LT     Make_LET    Make_GT     Make_Group  Make_I_list Calc_force  Write_back 
           0           0           0  5.5087e-05  0.00035943  3.9543e-05  0.00031206  3.7408e-06  8.2121e-05  0.00077501  0.00011041
**** Tree neighbor time profile (local):
 Sample_ptcl Domain_deco Ex_ptcl     SetRootCell Make_LT     Make_LET    Make_GT     Make_Group  Make_I_list Calc_force  Write_back 
           0           0           0  3.2932e-05  0.00015191  2.9094e-05  0.00010949  6.4412e-07  1.8875e-05  6.0364e-05  1.1125e-05
**** Number per step (global):
 PP_single   PP_cluster  PP_cross    Cluster     Cross       AR_step_sum
      967.86      32.139           0      13.948           0      20.143
 AR_tsyn_sum Stab_Ngroup Iso_Ngroup  Form_Ngroup End_Ngroup  Modf_Ngroup Merg_Ngroup H4_step_sum H4_no_NB    Ep-Ep_sum   Ep-Sp_sum  
      6.1597           0           0     0.75391     0.17871           0           0      168.89     0.83838  9.2144e+05       11088
**** Number of members in clusters (global):
N_members:            1           2           3           4           5           6           7           8           9          10          11
Count    :       967.86      11.386      1.6465     0.52295     0.25928    0.043457    0.012695    0.019531    0.048828   0.0019531   0.0068359

Time: 10  N_real(loc): 1000  N_real(glb): 1000  N_all(loc): 1000  N_all(glb): 1000  N_remove(glb): 0  N_escape(glb): 0
Energy:     Error/Total         Error     Error_cum         Total       Kinetic     Potential        Modify  Modify_group Modify_single      Error_PP  Error_PP_cum
Physic:    4.635088e-06   -0.01476844    0.04708925     -3186.227      3090.035     -6276.262 -1.467156e-06             0             0  0.0005869704  0.0002180311
Slowdown:  4.635088e-06   -0.01476844    0.04708926     -3186.227      3090.035     -6276.262 -1.467967e-06             0             0  0.0005876296  0.0002188502
Angular Momentum:  |L|err: 0.0002066844  |L|err_cum: 0.003380311  L: 23.53484   -26.38306    185.3971  |L|: 188.738
C.M.: mass: 1900 pos: 0.002056625   0.0007889109    -0.03139619 vel: -0.0450905   0.03561083    -0.0545653
Tree step number: 2048
**** Wallclock time per step (local): [Min/Max]
 Total       PP_single   PP_cluster  PP_cross    Tree_NB     Tree_Force  Force_corr  Kick        FindCluster CreateGroup MPI_comm    Output      Status      Other      
   0.0028409  2.1228e-05  0.00014388           0   0.0004727   0.0020779  4.9469e-05  2.0244e-05  5.7537e-05    3.51e-05  2.7371e-06  4.8931e-06  5.1167e-09  5.3105e-06
    0.002841  2.1265e-05  0.00014393           0   0.0004667   0.0020312  4.9526e-05  2.0278e-05  5.7586e-05  3.5121e-05  2.7694e-06  4.8936e-06  5.1313e-09  5.5266e-06
**** FDPS tree soft force time profile (local):
 Sample_ptcl Domain_deco Ex_ptcl     SetRootCell Make_LT     Make_LET    Make_GT     Make_Group  Make_I_list Calc_force  Write_back 
           0           0           0  7.8443e-05  0.00039101  3.5725e-05  0.00031782  3.2578e-06  7.6802e-05  0.00082854  9.5427e-05
**** Tree neighbor time profile (local):
 Sample_ptcl Domain_deco Ex_ptcl     SetRootCell Make_LT     Make_LET    Make_GT     Make_Group  Make_I_list Calc_force  Write_back 
           0           0           0  3.2098e-05  0.00015336  2.0341e-05  0.00011983  6.5385e-07  1.9123e-05  4.5475e-05  1.2484e-05
**** Number per step (global):
 PP_single   PP_cluster  PP_cross    Cluster     Cross       AR_step_sum
      966.13      33.869           0      14.992           0      25.593
 AR_tsyn_sum Stab_Ngroup Iso_Ngroup  Form_Ngroup End_Ngroup  Modf_Ngroup Merg_Ngroup H4_step_sum H4_no_NB    Ep-Ep_sum   Ep-Sp_sum  
      7.9463           0           0     0.76172      0.1792           0           0      178.25     0.80908  9.1962e+05       10800
**** Number of members in clusters (global):
N_members:            1           2           3           4           5           6           7
Count    :       966.13      12.453      1.6855     0.46484     0.30225    0.072266    0.014648

Time: 10.5  N_real(loc): 1000  N_real(glb): 1000  N_all(loc): 1000  N_all(glb): 1000  N_remove(glb): 0  N_escape(glb): 0
Energy:     Error/Total         Error     Error_cum         Total       Kinetic     Potential        Modify  Modify_group Modify_single      Error_PP  Error_PP_cum
Physic:    -8.93935e-06    0.02848254    0.07557179     -3186.198      3975.087     -7161.285  -2.40744e-06             0             0 -8.667245e-05  0.0001313586
Slowdown:  -8.93935e-06    0.02848254     0.0755718     -3186.198      3975.087     -7161.285  -2.40825e-06             0             0 -8.679266e-05  0.0001320576
Angular Momentum:  |L|err: -0.0009798926  |L|err_cum: 0.002400418  L: 23.53464   -26.38268    185.3959  |L|: 188.7367
C.M.: mass: 1900 pos: -0.01334458   0.002309875    -0.05968219 vel: -0.03525767   -0.05196729    -0.05879784
Tree step number: 2048
**** Wallclock time per step (local): [Min/Max]
 Total       PP_single   PP_cluster  PP_cross    Tree_NB     Tree_Force  Force_corr  Kick        FindCluster CreateGroup MPI_comm    Output      Status      Other      
   0.0028769  2.7141e-05  0.00015466           0  0.00048838   0.0020936  3.2396e-05  2.2709e-05  5.9158e-05  3.1246e-05  1.5359e-06  4.6142e-06  3.0186e-09  4.9067e-06
   0.0028769  2.7179e-05  0.00015471           0  0.00048311   0.0020529  3.2452e-05  2.2743e-05  5.9209e-05  3.1267e-05  1.5681e-06  4.6144e-06  3.0381e-09  5.0331e-06
**** FDPS tree soft force time profile (local):
 Sample_ptcl Domain_deco Ex_ptcl     SetRootCell Make_LT     Make_LET    Make_GT     Make_Group  Make_I_list Calc_force  Write_back 
           0           0           0  7.0145e-05  0.00037515  3.7769e-05  0.00031507   3.378e-06  8.3079e-05   0.0008404  8.3574e-05
**** Tree neighbor time profile (local):
 Sample_ptcl Domain_deco Ex_ptcl     SetRootCell Make_LT     Make_LET    Make_GT     Make_Group  Make_I_list Calc_force  Write_back 
           0           0           0  4.8041e-05  0.00014548    2.08e-05  0.00012417  6.5351e-07  1.8635e-05  4.0404e-05  1.1009e-05
**** Number per step (global):
 PP_single   PP_cluster  PP_cross    Cluster     Cross       AR_step_sum
      967.69      32.308           0      13.244           0      31.454
 AR_tsyn_sum Stab_Ngroup Iso_Ngroup  Form_Ngroup End_Ngroup  Modf_Ngroup Merg_Ngroup H4_step_sum H4_no_NB    Ep-Ep_sum   Ep-Sp_sum  
      10.197           0           0     0.69434     0.15771           0           0      181.32     0.58057  9.0793e+05       14496
**** Number of members in clusters (global):
N_members:            1           2           3           4           5           6           7           8           9          10          11          12
Count    :       967.69      10.184      1.9653     0.45215     0.19824     0.17285     0.12402    0.067383    0.040039    0.021484   0.0087891   0.0058594
N_members:           15
Count    :    0.0039062

Time: 11  N_real(loc): 1000  N_real(glb): 1000  N_all(loc): 1000  N_all(glb): 1000  N_remove(glb): 0  N_escape(glb): 0
Energy:     Error/Total         Error     Error_cum         Total       Kinetic     Potential        Modify  Modify_group Modify_single      Error_PP  Error_PP_cum
Physic:    6.839479e-06   -0.02179208    0.05377971      -3186.22      3020.085     -6206.305 -9.643714e-07             0             0 -8.856608e-05  4.279254e-05
Slowdown:  6.839479e-06   -0.02179208    0.05377971      -3186.22      3020.085     -6206.305 -9.651519e-07             0             0 -8.786415e-05  4.419341e-05
Angular Momentum:  |L|err: 0.0005868844  |L|err_cum: 0.002987303  L: 23.53494   -26.3813    185.3945  |L|: 188.7353
C.M.: mass: 1900 pos: -0.02675975   -0.05120263    -0.06827926 vel: -0.05065242   -0.126731    -0.009951946
Tree step number: 2048
**** Wallclock time per step (local): [Min/Max]
 Total       PP_single   PP_cluster  PP_cross    Tree_NB     Tree_Force  Force_corr  Kick        FindCluster CreateGroup MPI_comm    Output      Status      Other      
   0.0027808  3.7718e-05  0.00017469           0  0.00045323   0.0019811  2.3939e-05  2.6354e-05  6.1036e-05  3.8565e-05  3.3338e-06  4.5373e-06  5.2397e-09  7.4332e-06
   0.0027808  3.7756e-05  0.00017474           0  0.00044992   0.0019503  2.3994e-05  2.6388e-05  6.1091e-05  3.8586e-05  3.3668e-06  4.5374e-06  5.2593e-09  7.7176e-06
**** FDPS tree soft force time profile (local):
 Sample_ptcl Domain_deco Ex_ptcl     SetRootCell Make_LT     Make_LET    Make_GT     Make_Group  Make_I_list Calc_force  Write_back 
           0           0           0  5.6158e-05  0.00032766  3.9806e-05   0.0003004  6.1246e-06  7.6403e-05  0.00084577  6.3825e-05
**** Tree neighbor time profile (local):
 Sample_ptcl Domain_deco Ex_ptcl     SetRootCell Make_LT     Make_LET    Make_GT     Make_Group  Make_I_list Calc_force  Write_back 
           0           0           0  3.2058e-05  0.00014477  1.8443e-05  0.00011949  6.8644e-07  1.9937e-05  3.6226e-05  7.0518e-06
**** Number per step (global):
 PP_single   PP_cluster  PP_cross    Cluster     Cross       AR_step_sum
      971.29      28.708           0      11.241           0      33.186
 AR_tsyn_sum Stab_Ngroup Iso_Ngroup  Form_Ngroup End_Ngroup  Modf_Ngroup Merg_Ngroup H4_step_sum H4_no_NB    Ep-Ep_sum   Ep-Sp_sum  
      10.761           0           0     0.72559     0.16602           0           0      161.23     0.31738  9.0958e+05       13245
**** Number of members in clusters (global):
N_members:            1           2           3           4           5           6           7           8           9          10          11          12
Count    :       971.29      8.6069      1.2261     0.60645     0.41699     0.12305     0.06543    0.038086    0.049805    0.022461    0.017578   0.0048828
N_members:           13          14          15
Count    :      0.03418   0.0048828    0.024414

Time: 11.5  N_real(loc): 1000  N_real(glb): 1000  N_all(loc): 1000  N_all(glb): 1000  N_remove(glb): 0  N_escape(glb): 0
Energy:     Error/Total         Error     Error_cum         Total       Kinetic     Potential        Modify  Modify_group Modify_single      Error_PP  Error_PP_cum
Physic:   -6.642094e-05     0.2116177     0.2653974     -3186.008       3304.46     -6490.468  6.653899e-06             0             0 -0.0001105546 -6.776209e-05
Slowdown: -6.642094e-05     0.2116177     0.2653974     -3186.008       3304.46     -6490.468  6.653118e-06             0             0 -0.0001105543 -6.636085e-05
Angular Momentum:  |L|err: 0.000384897  |L|err_cum: 0.0033722  L: 23.53548   -26.38111    185.3945  |L|: 188.7353
C.M.: mass: 1900 pos: -0.04146945   -0.1062681    -0.07019949 vel: -0.06536376   -0.08801158    -0.04362025
Tree step number: 2048
**** Wallclock time per step (local): [Min/Max]
 Total       PP_single   PP_cluster  PP_cross    Tree_NB     Tree_Force  Force_corr  Kick        FindCluster CreateGroup MPI_comm    Output      Status      Other      
   0.0028413  2.2283e-05  0.00016113           0  0.00050424   0.0020257   3.695e-05  1.9659e-05  6.3763e-05   3.574e-05  2.2116e-06  3.2225e-06  3.4683e-09  7.2527e-06
   0.0028414   2.232e-05  0.00016118           0  0.00050093   0.0019856  3.7005e-05  1.9693e-05  6.3814e-05  3.5761e-05  2.2441e-06  3.2228e-06  3.4829e-09  7.3845e-06
**** FDPS tree soft force time profile (local):
 Sample_ptcl Domain_deco Ex_ptcl     SetRootCell Make_LT     Make_LET    Make_GT     Make_Group  Make_I_list Calc_force  Write_back 
           0           0           0  7.2194e-05  0.00036958  3.9423e-05  0.00031791  3.3871e-06  7.6673e-05  0.00079322  8.2234e-05
**** Tree neighbor time profile (local):
 Sample_ptcl Domain_deco Ex_ptcl     SetRootCell Make_LT     Make_LET    Make_GT     Make_Group  Make_I_list Calc_force  Write_back 
           0           0           0  3.7809e-05   0.0001541  2.3065e-05  0.00015406  8.0325e-07  2.0303e-05  3.8912e-05  7.0986e-06
**** Number per step (global):
 PP_single   PP_cluster  PP_cross    Cluster     Cross       AR_step_sum
      967.07      32.934           0      12.548           0      33.989
 AR_tsyn_sum Stab_Ngroup Iso_Ngroup  Form_Ngroup End_Ngroup  Modf_Ngroup Merg_Ngroup H4_step_sum H4_no_NB    Ep-Ep_sum   Ep-Sp_sum  
      10.816           0           0     0.78271     0.17822           0           0      192.98     0.60645  9.0908e+05       13406
**** Number of members in clusters (global):
N_members:            1           2           3           4           5           6           7           8           9          10          11          12
Count    :       967.07      9.1157      1.6758     0.74805     0.34668     0.30371     0.17871    0.076172     0.03125   0.0058594    0.014648    0.010742
N_members:           13          14          15          18          19          20          21          22
Count    :     0.012695    0.012695   0.0039062   0.0019531  0.00097656   0.0039062   0.0039062  0.00097656

Time: 12  N_real(loc): 1000  N_real(glb): 1000  N_all(loc): 1000  N_all(glb): 1000  N_remove(glb): 0  N_escape(glb): 0
Energy:     Error/Total         Error     Error_cum         Total       Kinetic     Potential        Modify  Modify_group Modify_single      Error_PP  Error_PP_cum
Physic:     1.22823e-05   -0.03913198     0.2262654     -3186.047      3283.493     -6469.541  1.151334e-05             0             0  -0.001411037  -0.001478799
Slowdown:   1.22823e-05   -0.03913198     0.2262654     -3186.047      3283.493     -6469.541  1.151255e-05             0             0  -0.001411445  -0.001477806
Angular Momentum:  |L|err: 0.0005701587  |L|err_cum: 0.003942359  L: 23.53604   -26.38081    185.3947  |L|: 188.7355
C.M.: mass: 1900 pos: -0.03074218   -0.1167536    -0.084265 vel: -0.0008094483   0.007265769    0.0341198
Tree step number: 2048
**** Wallclock time per step (local): [Min/Max]
 Total       PP_single   PP_cluster  PP_cross    Tree_NB     Tree_Force  Force_corr  Kick        FindCluster CreateGroup MPI_comm    Output      Status      Other      
   0.0027907  2.0578e-05  0.00016447           0  0.00046134   0.0020426  2.5561e-05  1.2062e-05  5.7348e-05   2.945e-05  3.1522e-06  3.2768e-06  4.5688e-09  7.0881e-06
   0.0027907  2.0615e-05  0.00016455           0  0.00045568   0.0020088  2.5614e-05  1.2095e-05  5.7414e-05  2.9471e-05  3.1988e-06   3.277e-06  4.5889e-09  7.2154e-06
**** FDPS tree soft force time profile (local):
 Sample_ptcl Domain_deco Ex_ptcl     SetRootCell Make_LT     Make_LET    Make_GT     Make_Group  Make_I_list Calc_force  Write_back 
           0           0           0  7.5088e-05  0.00037866  4.0486e-05  0.00031228  3.3609e-06   7.111e-05  0.00083506  6.9779e-05
**** Tree neighbor time profile (local):
 Sample_ptcl Domain_deco Ex_ptcl     SetRootCell Make_LT     Make_LET    Make_GT     Make_Group  Make_I_list Calc_force  Write_back 
           0           0           0  2.9272e-05   0.0001396  2.0061e-05   0.0001139  6.6452e-07  1.9027e-05  4.2547e-05  1.1806e-05
**** Number per step (global):
 PP_single   PP_cluster  PP_cross    Cluster     Cross       AR_step_sum
      970.34      29.659           0      11.984           0       46.37
 AR_tsyn_sum Stab_Ngroup Iso_Ngroup  Form_Ngroup End_Ngroup  Modf_Ngroup Merg_Ngroup H4_step_sum H4_no_NB    Ep-Ep_sum   Ep-Sp_sum  
      14.927           0           0     0.96436     0.20215           0           0      167.84     0.73633  9.0845e+05       13189
**** Number of members in clusters (global):
N_members:            1           2           3           4           5           6           7           8           9          10          11          12
Count    :       970.34      9.3325      1.3018     0.68164     0.28516      0.2002    0.072754    0.023438    0.020508    0.010742   0.0087891   0.0087891
N_members:           13          14          16          17
Count    :     0.015625    0.012695   0.0029297   0.0068359

Time: 12.5  N_real(loc): 1000  N_real(glb): 1000  N_all(loc): 1000  N_all(glb): 1000  N_remove(glb): 0  N_escape(glb): 0
Energy:     Error/Total         Error     Error_cum         Total       Kinetic     Potential        Modify  Modify_group Modify_single      Error_PP  Error_PP_cum
Physic:   -2.044014e-05    0.06512191     0.2913873     -3185.982      3195.957     -6381.939  1.935279e-05             0             0  -0.000238916  -0.001717715
Slowdown: -2.044014e-05    0.06512191     0.2913873     -3185.982      3195.957     -6381.939  1.935201e-05             0             0 -0.0002389755  -0.001716782
Angular Momentum:  |L|err: -6.51799e-05  |L|err_cum: 0.003877179  L: 23.53551   -26.38054    185.3944  |L|: 188.7351
C.M.: mass: 1900 pos: 0.0005648496   -0.1136008    -0.09369671 vel: 0.06291232   -0.04489765    -0.03802756
Tree step number: 2048
**** Wallclock time per step (local): [Min/Max]
 Total       PP_single   PP_cluster  PP_cross    Tree_NB     Tree_Force  Force_corr  Kick        FindCluster CreateGroup MPI_comm    Output      Status      Other      
   0.0029975  4.0291e-05  0.00018662           0  0.00049926   0.0021096  5.5285e-05  3.0192e-05  7.2362e-05  3.3114e-05   6.846e-06  4.3702e-06  3.5029e-09  1.1409e-05
   0.0029975  4.0329e-05  0.00018667           0  0.00049605   0.0020573  5.5342e-05  3.0481e-05  7.2416e-05  3.3164e-05  6.8784e-06  4.3706e-06  3.5176e-09  1.1559e-05
**** FDPS tree soft force time profile (local):
 Sample_ptcl Domain_deco Ex_ptcl     SetRootCell Make_LT     Make_LET    Make_GT     Make_Group  Make_I_list Calc_force  Write_back 
           0           0           0  7.6339e-05  0.00040559   4.256e-05  0.00030856  3.5978e-06  8.0236e-05  0.00081301  0.00010646
**** Tree neighbor time profile (local):
 Sample_ptcl Domain_deco Ex_ptcl     SetRootCell Make_LT     Make_LET    Make_GT     Make_Group  Make_I_list Calc_force  Write_back 
           0           0           0  4.4651e-05   0.0001582  1.8025e-05  0.00013068   7.465e-07  1.7859e-05   4.558e-05  6.8766e-06
**** Number per step (global):
 PP_single   PP_cluster  PP_cross    Cluster     Cross       AR_step_sum
      966.91      33.093           0      11.899           0      39.518
 AR_tsyn_sum Stab_Ngroup Iso_Ngroup  Form_Ngroup End_Ngroup  Modf_Ngroup Merg_Ngroup H4_step_sum H4_no_NB    Ep-Ep_sum   Ep-Sp_sum  
      12.792           0           0     0.80469     0.17529           0           0      198.36     0.38379  9.0004e+05       14183
**** Number of members in clusters (global):
N_members:            1           2           3           4           5           6           7           8           9          10          11          12
Count    :       966.91      9.3286      1.2446     0.23486     0.10059    0.052734     0.14404     0.16602     0.15332     0.20117     0.14453    0.061523
N_members:           13          14
Count    :     0.049805     0.01709

Time: 13  N_real(loc): 1000  N_real(glb): 1000  N_all(loc): 1000  N_all(glb): 1000  N_remove(glb): 0  N_escape(glb): 0
Energy:     Error/Total         Error     Error_cum         Total       Kinetic     Potential        Modify  Modify_group Modify_single      Error_PP  Error_PP_cum
Physic:    2.816338e-06  -0.008972827     0.2824145     -3185.991       3390.02     -6576.011  1.862466e-05             0             0  0.0006957046   -0.00102201
Slowdown:  2.816338e-06  -0.008972827     0.2824145     -3185.991       3390.02     -6576.011  1.862388e-05             0             0  0.0006957015   -0.00102108
Angular Momentum:  |L|err: 7.19447e-05  |L|err_cum: 0.003949123  L: 23.53537   -26.3804    185.3943  |L|: 188.7349
C.M.: mass: 1900 pos: 0.04445173   -0.08235551    -0.09992422 vel: 0.05798517   0.02849463    0.007494798
Tree step number: 2048
**** Wallclock time per step (local): [Min/Max]
 Total       PP_single   PP_cluster  PP_cross    Tree_NB     Tree_Force  Force_corr  Kick        FindCluster CreateGroup MPI_comm    Output      Status      Other      
   0.0026878  2.2622e-05  0.00017739           0  0.00043467   0.0019474  3.2383e-05  1.3373e-05  6.4008e-05  2.4423e-05  1.7217e-06   5.287e-06  4.1533e-09  7.9137e-06
   0.0026878  2.2662e-05  0.00017745           0  0.00043004   0.0019059  3.2439e-05  1.3406e-05   6.406e-05  2.4443e-05  1.7538e-06  5.2872e-06   4.168e-09  8.0361e-06
**** FDPS tree soft force time profile (local):
 Sample_ptcl Domain_deco Ex_ptcl     SetRootCell Make_LT     Make_LET    Make_GT     Make_Group  Make_I_list Calc_force  Write_back 
           0           0           0  5.8605e-05  0.00036286  3.5537e-05  0.00028002  3.1638e-06  7.3617e-05  0.00080147  8.4901e-05
**** Tree neighbor time profile (local):
 Sample_ptcl Domain_deco Ex_ptcl     SetRootCell Make_LT     Make_LET    Make_GT     Make_Group  Make_I_list Calc_force  Write_back 
           0           0           0  2.5482e-05  0.00012876  2.1335e-05  0.00011729    6.68e-07  1.6124e-05  4.4513e-05   9.752e-06
**** Number per step (global):
 PP_single   PP_cluster  PP_cross    Cluster     Cross       AR_step_sum
      969.78       30.22           0      9.2271           0      20.353
 AR_tsyn_sum Stab_Ngroup Iso_Ngroup  Form_Ngroup End_Ngroup  Modf_Ngroup Merg_Ngroup H4_step_sum H4_no_NB    Ep-Ep_sum   Ep-Sp_sum  
      6.8398           0           0     0.37695    0.085938           0           0      187.24     0.17285  8.9568e+05       14323
**** Number of members in clusters (global):
N_members:            1           2           3           4           5           6           7           8           9          10          11          12
Count    :       969.78      7.0952     0.87598     0.17285    0.084961    0.017578    0.035156    0.045898    0.047852     0.14453     0.14258     0.16602
N_members:           13          14          15          16          17          18          19          20          21
Count    :     0.083008    0.060059    0.083496    0.074219    0.030273     0.03125    0.030273   0.0048828  0.00097656

Time: 13.5  N_real(loc): 1000  N_real(glb): 1000  N_all(loc): 1000  N_all(glb): 1000  N_remove(glb): 0  N_escape(glb): 0
Energy:     Error/Total         Error     Error_cum         Total       Kinetic     Potential        Modify  Modify_group Modify_single      Error_PP  Error_PP_cum
Physic:    2.843264e-07 -0.0009058615     0.2815086     -3185.992      3229.361     -6415.353  2.629625e-05             0             0   0.001044753  2.274307e-05
Slowdown:  2.843264e-07 -0.0009058615     0.2815086     -3185.992      3229.361     -6415.353  2.629548e-05             0             0   0.001044755  2.367448e-05
Angular Momentum:  |L|err: 0.0002897745  |L|err_cum: 0.004238898  L: 23.53625   -26.38136    185.3918  |L|: 188.7327
C.M.: mass: 1900 pos: 0.06237289   -0.06637452    -0.08911872 vel: 0.07254388   0.02926657    0.01975706
Tree step number: 2048
**** Wallclock time per step (local): [Min/Max]
 Total       PP_single   PP_cluster  PP_cross    Tree_NB     Tree_Force  Force_corr  Kick        FindCluster CreateGroup MPI_comm    Output      Status      Other      
   0.0028523  2.3123e-05  0.00018719           0  0.00046778   0.0020142  5.3035e-05  2.2457e-05  7.7552e-05  3.1137e-05  5.5936e-06  4.1177e-06  4.5547e-09  6.9879e-06
   0.0028523   2.316e-05  0.00018724           0  0.00046441   0.0019742  5.3092e-05  2.2492e-05  7.7605e-05  3.1158e-05   5.627e-06  4.1181e-06  4.5742e-09  7.1133e-06
**** FDPS tree soft force time profile (local):
 Sample_ptcl Domain_deco Ex_ptcl     SetRootCell Make_LT     Make_LET    Make_GT     Make_Group  Make_I_list Calc_force  Write_back 
           0           0           0   7.427e-05  0.00038916  3.6262e-05  0.00028856   3.327e-06  7.6184e-05  0.00082394  8.1941e-05
**** Tree neighbor time profile (local):
 Sample_ptcl Domain_deco Ex_ptcl     SetRootCell Make_LT     Make_LET    Make_GT     Make_Group  Make_I_list Calc_force  Write_back 
           0           0           0  4.8781e-05  0.00014831  2.0658e-05  0.00011738   6.557e-07   2.163e-05  4.5862e-05  7.1772e-06
**** Number per step (global):
 PP_single   PP_cluster  PP_cross    Cluster     Cross       AR_step_sum
      968.24      31.764           0      9.5088           0      13.542
 AR_tsyn_sum Stab_Ngroup Iso_Ngroup  Form_Ngroup End_Ngroup  Modf_Ngroup Merg_Ngroup H4_step_sum H4_no_NB    Ep-Ep_sum   Ep-Sp_sum  
       4.792           0           0     0.18164    0.031738           0           0      203.17     0.18652  8.9951e+05       13591
**** Number of members in clusters (global):
N_members:            1           2           3           4           5           6           7           8           9          10          11          12
Count    :       968.24       7.377      0.7959     0.21094    0.084961    0.040039   0.0039062   0.0087891    0.068359     0.13477     0.15234    0.083008
N_members:           13          14          15          16          17          18          19          20
Count    :      0.16406    0.089844    0.059082    0.084473    0.057617    0.042969    0.015625    0.035156

Time: 14  N_real(loc): 1000  N_real(glb): 1000  N_all(loc): 1012  N_all(glb): 1012  N_remove(glb): 0  N_escape(glb): 0
Energy:     Error/Total         Error     Error_cum         Total       Kinetic     Potential        Modify  Modify_group Modify_single      Error_PP  Error_PP_cum
Physic:     0.002799477     -8.994957     -8.713449     -3213.085      3472.294     -6685.379     -18.09779             0             0     0.1953147     0.1953375
Slowdown:   0.002799477     -8.994957     -8.713449     -3213.085      3472.294     -6685.379     -18.09779             0             0     0.1953147     0.1953384
Angular Momentum:  |L|err: 7.90281  |L|err_cum: 7.907049  L: 26.11971   -19.18638    187.4011  |L|: 190.1829
C.M.: mass: 1900 pos: 0.08646984   -0.06102841    -0.08232196 vel: 0.0651847   0.04141465    -0.005203901
Tree step number: 2048
**** Wallclock time per step (local): [Min/Max]
 Total       PP_single   PP_cluster  PP_cross    Tree_NB     Tree_Force  Force_corr  Kick        FindCluster CreateGroup MPI_comm    Output      Status      Other      
    0.004049  4.6245e-05  0.00025944           0  0.00068728   0.0028408  7.9711e-05  3.1891e-05  0.00011236  4.8523e-05  3.5025e-06  5.0714e-06  4.4126e-09  1.5186e-05
   0.0040491  4.6284e-05   0.0002595           0  0.00068054   0.0027636  7.9773e-05  3.1927e-05  0.00011242  4.8546e-05   3.535e-06  5.0715e-06  4.4272e-09  1.5324e-05
**** FDPS tree soft force time profile (local):
 Sample_ptcl Domain_deco Ex_ptcl     SetRootCell Make_LT     Make_LET    Make_GT     Make_Group  Make_I_list Calc_force  Write_back 
           0           0           0  0.00011822  0.00063898  0.00010056  0.00048915  4.3524e-06  0.00010021  0.00098497  0.00015671
**** Tree neighbor time profile (local):
 Sample_ptcl Domain_deco Ex_ptcl     SetRootCell Make_LT     Make_LET    Make_GT     Make_Group  Make_I_list Calc_force  Write_back 
           0           0           0  6.9025e-05  0.00025136   3.284e-05  0.00017893  8.4822e-07  2.6583e-05  6.2421e-05  1.4022e-05
**** Number per step (global):
 PP_single   PP_cluster  PP_cross    Cluster     Cross       AR_step_sum
      971.15      28.852           0      8.4517           0      29.687
 AR_tsyn_sum Stab_Ngroup Iso_Ngroup  Form_Ngroup End_Ngroup  Modf_Ngroup Merg_Ngroup H4_step_sum H4_no_NB    Ep-Ep_sum   Ep-Sp_sum  
      10.358    0.078613           0     0.19678    0.023926  0.00048828           0      193.97     0.16504  9.0157e+05       13605
**** Number of members in clusters (global):
N_members:            1           2           3           4           5           6           8           9          10          11          12          13
Count    :       971.15      6.6094     0.60303     0.13379    0.095703   0.0097656  0.00097656    0.036133    0.086914     0.25098     0.13477     0.12695
N_members:           14          15          16          17          18          19          20
Count    :        0.125     0.10742    0.091309    0.024902   0.0058594   0.0058594   0.0029297
Hard energy significant ! dE_SD: 1.39572 dE_SD/Etot_SD: -0.000797797
Thread: 3 Dump file: data.hard_large_energy_h4_n20_g1_t14.016357_M0_O3_c0_s1790684534
Hard energy significant ! dE_SD: -0.130706 dE_SD/Etot_SD: 0.000265186
Thread: 3 Dump file: data.hard_large_energy_h4_n6_g1_t14.133545_M0_O3_c1_s1790684536
Hard energy significant ! dE_SD: 0.0781038 dE_SD/Etot_SD: -0.000160049
Thread: 2 Dump file: data.hard_large_energy_h4_n6_g1_t14.148193_M0_O2_c2_s1790684537
Hard energy significant ! dE_SD: 21.6043 dE_SD/Etot_SD: -0.044447
Thread: 2 Dump file: data.hard_large_energy_h4_n6_g1_t14.155518_M0_O2_c3_s1790684538
Hard energy significant ! dE_SD: 44.9423 dE_SD/Etot_SD: -0.102711
Thread: 2 Dump file: data.hard_large_energy_h4_n5_g1_t14.178223_M0_O2_c4_s1790684539
Hard energy significant ! dE_SD: -0.062376 dE_SD/Etot_SD: 0.000135127
Thread: 2 Dump file: data.hard_large_energy_h4_n5_g1_t14.182861_M0_O2_c5_s1790684539
Hard energy significant ! dE_SD: -0.0654696 dE_SD/Etot_SD: 0.000142048
Thread: 3 Dump file: data.hard_large_energy_h4_n5_g1_t14.191162_M0_O3_c6_s1790684540
Hard energy significant ! dE_SD: 304.242 dE_SD/Etot_SD: -0.547256
Thread: 2 Dump file: data.hard_large_energy_h4_n8_g1_t14.240967_M0_O2_c7_s1790684541
Hard energy significant ! dE_SD: 0.157532 dE_SD/Etot_SD: -0.000102318
Thread: 2 Dump file: data.hard_large_energy_h4_n17_g1_t14.461670_M0_O2_c8_s1790684546

Time: 14.5  N_real(loc): 1000  N_real(glb): 1000  N_all(loc): 1012  N_all(glb): 1012  N_remove(glb): 0  N_escape(glb): 0
Energy:     Error/Total         Error     Error_cum         Total       Kinetic     Potential        Modify  Modify_group Modify_single      Error_PP  Error_PP_cum
Physic:    0.0006505847     -2.098095     -10.81154     -3224.938      3072.467     -6297.404     -27.85228             0             0      1.609369      1.804707
Slowdown:    -0.1210482      368.6836      359.9702     -3045.758      2953.781      -5999.54     -219.4548             0             0      372.3911      372.5864
Angular Momentum:  |L|err: 3.262137  |L|err_cum: 11.16919  L: 26.15687   -16.06521    188.7693  |L|: 191.2488
C.M.: mass: 1900 pos: 0.1159908   -0.03619663    -0.08431375 vel: 0.06443213   0.07636639    -0.01938519
Tree step number: 2048
**** Wallclock time per step (local): [Min/Max]
 Total       PP_single   PP_cluster  PP_cross    Tree_NB     Tree_Force  Force_corr  Kick        FindCluster CreateGroup MPI_comm    Output      Status      Other      
   0.0062586  5.0505e-05   0.0014505           0   0.0010116   0.0032749   9.318e-05   5.702e-05  0.00028233  6.4696e-05  2.1319e-05  4.8914e-06  3.5469e-09  4.8168e-05
   0.0062586  5.0547e-05   0.0014506           0   0.0010041   0.0031788  9.3246e-05  5.7067e-05  0.00028245  6.4724e-05   2.136e-05  4.8916e-06  3.5615e-09  4.8343e-05
**** FDPS tree soft force time profile (local):
 Sample_ptcl Domain_deco Ex_ptcl     SetRootCell Make_LT     Make_LET    Make_GT     Make_Group  Make_I_list Calc_force  Write_back 
           0           0           0  0.00018088  0.00077088  7.0732e-05  0.00052866  8.5685e-06  0.00010162   0.0010669  0.00019466
**** Tree neighbor time profile (local):
 Sample_ptcl Domain_deco Ex_ptcl     SetRootCell Make_LT     Make_LET    Make_GT     Make_Group  Make_I_list Calc_force  Write_back 
           0           0           0  0.00011404  0.00040604   4.877e-05  0.00026254  8.6196e-07  2.9716e-05   6.359e-05  1.5809e-05
**** Number per step (global):
 PP_single   PP_cluster  PP_cross    Cluster     Cross       AR_step_sum
      974.56      25.438           0      7.5518           0       372.9
 AR_tsyn_sum Stab_Ngroup Iso_Ngroup  Form_Ngroup End_Ngroup  Modf_Ngroup Merg_Ngroup H4_step_sum H4_no_NB    Ep-Ep_sum   Ep-Sp_sum  
      47.776     0.95605           0      0.2085    0.016602     0.15234           0      188.24     0.19189  9.1453e+05       14737
**** Number of members in clusters (global):
N_members:            1           2           3           4           5           6           7           8           9          10          11          12
Count    :       974.56      5.3413      0.7959     0.26465     0.17871     0.24072    0.094238    0.075195    0.033203    0.057129    0.040527     0.10254
N_members:           13          14          15          16          17          18          19          20          21
Count    :     0.052246    0.073242    0.031738    0.042969     0.04541    0.047852    0.023438   0.0083008   0.0024414

Time: 15  N_real(loc): 1000  N_real(glb): 1000  N_all(loc): 1012  N_all(glb): 1012  N_remove(glb): 0  N_escape(glb): 0
Energy:     Error/Total         Error     Error_cum         Total       Kinetic     Potential        Modify  Modify_group Modify_single      Error_PP  Error_PP_cum
Physic:     0.001515682     -4.872385     -15.68393     -3214.649      3440.425     -6655.075     -12.69163             0             0     0.5047017      2.309409
Slowdown:   0.001930847     -4.895175       355.075     -2535.247       2730.14     -5265.388      475.1304             0             0     0.4819124      373.0683
Angular Momentum:  |L|err: 3.349695  |L|err_cum: 14.51888  L: 28.50001   -13.13986    188.6692  |L|: 191.2616
C.M.: mass: 1900 pos: 0.1297376   -0.01618469    -0.101681 vel: 0.02374329   0.001711814    -0.06480589
Tree step number: 2048
**** Wallclock time per step (local): [Min/Max]
 Total       PP_single   PP_cluster  PP_cross    Tree_NB     Tree_Force  Force_corr  Kick        FindCluster CreateGroup MPI_comm    Output      Status      Other      
   0.0031349  2.1979e-05  0.00059708           0  0.00044028   0.0018946  4.3676e-05   1.443e-05  0.00010547  3.0909e-05  3.0033e-06   4.462e-06  4.5596e-09  1.2294e-05
    0.003135  2.2016e-05  0.00059716           0   0.0004371   0.0018608  4.3733e-05  1.4465e-05  0.00010554   3.093e-05  3.0365e-06  4.4624e-06  4.5742e-09  1.2431e-05
**** FDPS tree soft force time profile (local):
 Sample_ptcl Domain_deco Ex_ptcl     SetRootCell Make_LT     Make_LET    Make_GT     Make_Group  Make_I_list Calc_force  Write_back 
           0           0           0  7.3961e-05  0.00033172   3.542e-05   0.0002703  3.2926e-06  7.1932e-05  0.00081954  6.9586e-05
**** Tree neighbor time profile (local):
 Sample_ptcl Domain_deco Ex_ptcl     SetRootCell Make_LT     Make_LET    Make_GT     Make_Group  Make_I_list Calc_force  Write_back 
           0           0           0  3.0587e-05  0.00013635  2.2343e-05  0.00012029   6.212e-07   1.726e-05  4.1563e-05  6.8429e-06
**** Number per step (global):
 PP_single   PP_cluster  PP_cross    Cluster     Cross       AR_step_sum
      976.02       23.98           0      7.1162           0      142.79
 AR_tsyn_sum Stab_Ngroup Iso_Ngroup  Form_Ngroup End_Ngroup  Modf_Ngroup Merg_Ngroup H4_step_sum H4_no_NB    Ep-Ep_sum   Ep-Sp_sum  
      46.146           1           0     0.11475    0.019531   0.0073242           0      172.32    0.082031  9.2202e+05       13611
**** Number of members in clusters (global):
N_members:            1           2           3           4           5           6           7           8           9          10          11          12
Count    :       976.02       5.314     0.81299     0.11084    0.054688    0.060547    0.077148    0.011719   0.0058594    0.077148    0.085449    0.092773
N_members:           13          14          15          16          17          18          19          20          21          22
Count    :     0.077148    0.093262     0.12061    0.047852    0.015625   0.0019531   0.0087891    0.040039   0.0019531   0.0058594

Time: 15.5  N_real(loc): 1000  N_real(glb): 1000  N_all(loc): 1012  N_all(glb): 1012  N_remove(glb): 0  N_escape(glb): 0
Energy:     Error/Total         Error     Error_cum         Total       Kinetic     Potential        Modify  Modify_group Modify_single      Error_PP  Error_PP_cum
Physic:    9.815375e-05    -0.3152625     -15.99919     -3211.926      3384.782     -6596.708     -9.652639             0             0   -0.03858664      2.270822
Slowdown:  9.829202e-05    -0.3157066      354.7593     -3211.926      3384.782     -6596.708      478.1698             0             0   -0.03903073      373.0293
Angular Momentum:  |L|err: 1.75088  |L|err_cum: 16.26976  L: 29.71137   -11.60378    188.2379  |L|: 190.9213
C.M.: mass: 1900 pos: 0.1022318   -0.02028743    -0.1385792 vel: -0.04233376   0.01173396    -0.07261394
Tree step number: 2048
**** Wallclock time per step (local): [Min/Max]
 Total       PP_single   PP_cluster  PP_cross    Tree_NB     Tree_Force  Force_corr  Kick        FindCluster CreateGroup MPI_comm    Output      Status      Other      
   0.0029623  2.6658e-05  0.00036658           0  0.00046713   0.0019338  3.5447e-05  2.7288e-05  9.3487e-05  2.5849e-05  4.8963e-06  4.7988e-06  3.6836e-09  1.5205e-05
   0.0029624  2.6695e-05  0.00036665           0   0.0004632   0.0018956  3.5503e-05  2.7323e-05  9.3555e-05   2.587e-05    4.93e-06   4.799e-06  3.7031e-09  1.5401e-05
**** FDPS tree soft force time profile (local):
 Sample_ptcl Domain_deco Ex_ptcl     SetRootCell Make_LT     Make_LET    Make_GT     Make_Group  Make_I_list Calc_force  Write_back 
           0           0           0  6.8375e-05  0.00036666   4.145e-05  0.00027217  3.5299e-06  7.1911e-05  0.00080189  7.8408e-05
**** Tree neighbor time profile (local):
 Sample_ptcl Domain_deco Ex_ptcl     SetRootCell Make_LT     Make_LET    Make_GT     Make_Group  Make_I_list Calc_force  Write_back 
           0           0           0  4.5248e-05  0.00015563  2.8675e-05  0.00010747  6.3591e-07  2.3732e-05  4.2369e-05  8.3248e-06
**** Number per step (global):
 PP_single   PP_cluster  PP_cross    Cluster     Cross       AR_step_sum
      980.86      19.136           0      6.6333           0      120.17
 AR_tsyn_sum Stab_Ngroup Iso_Ngroup  Form_Ngroup End_Ngroup  Modf_Ngroup Merg_Ngroup H4_step_sum H4_no_NB    Ep-Ep_sum   Ep-Sp_sum  
      36.739           1           0     0.25293    0.049805    0.020508           0      129.19    0.026367  9.2141e+05       13233
**** Number of members in clusters (global):
N_members:            1           2           3           4           5           6           7           8           9          10          11          12
Count    :       980.86      4.5425     0.94238     0.37012     0.23145     0.13037     0.12988     0.02832     0.12256    0.024414    0.069336    0.021484
N_members:           13          14          15
Count    :   0.00097656   0.0048828    0.014648

Time: 16  N_real(loc): 1000  N_real(glb): 1000  N_all(loc): 1012  N_all(glb): 1012  N_remove(glb): 0  N_escape(glb): 0
Energy:     Error/Total         Error     Error_cum         Total       Kinetic     Potential        Modify  Modify_group Modify_single      Error_PP  Error_PP_cum
Physic:   -0.0007477758      2.400031     -13.59916      -3209.56      3214.951     -6424.511     -9.686761             0             0   -0.05332587      2.217496
Slowdown:  -0.001019557      2.397655      357.1569     -2351.665      2715.966     -5067.631      1336.033             0             0   -0.05561662      372.9737
Angular Momentum:  |L|err: -1.239142  |L|err_cum: 15.03062  L: 28.54675   -12.62986    188.8018  |L|: 191.365
C.M.: mass: 1900 pos: 0.04978125   -0.01971777    -0.180491 vel: -0.06647692   0.02900918    -0.04981662
Tree step number: 2048
**** Wallclock time per step (local): [Min/Max]
 Total       PP_single   PP_cluster  PP_cross    Tree_NB     Tree_Force  Force_corr  Kick        FindCluster CreateGroup MPI_comm    Output      Status      Other      
   0.0030697  3.1151e-05  0.00046306           0   0.0004668   0.0019304  3.8326e-05  3.6026e-05  9.9897e-05  3.3076e-05  2.9097e-06   4.726e-06  3.5269e-09  8.5993e-06
   0.0030698  3.1186e-05  0.00046314           0  0.00046135   0.0018882   3.838e-05  3.6059e-05  9.9979e-05  3.3099e-05  2.9464e-06  4.7261e-06  3.5415e-09  8.7255e-06
**** FDPS tree soft force time profile (local):
 Sample_ptcl Domain_deco Ex_ptcl     SetRootCell Make_LT     Make_LET    Make_GT     Make_Group  Make_I_list Calc_force  Write_back 
           0           0           0  4.2135e-05  0.00032403  3.9403e-05  0.00031175   3.338e-06  7.7223e-05  0.00082823  8.6288e-05
**** Tree neighbor time profile (local):
 Sample_ptcl Domain_deco Ex_ptcl     SetRootCell Make_LT     Make_LET    Make_GT     Make_Group  Make_I_list Calc_force  Write_back 
           0           0           0  3.7198e-05   0.0001382   2.205e-05  0.00011694  6.9415e-07  2.0616e-05  4.8762e-05  1.1547e-05
**** Number per step (global):
 PP_single   PP_cluster  PP_cross    Cluster     Cross       AR_step_sum
      981.49      18.513           0      7.6997           0      153.52
 AR_tsyn_sum Stab_Ngroup Iso_Ngroup  Form_Ngroup End_Ngroup  Modf_Ngroup Merg_Ngroup H4_step_sum H4_no_NB    Ep-Ep_sum   Ep-Sp_sum  
      45.503           1           0     0.28955    0.042969     0.13379           0      128.18    0.086914  9.1224e+05       15399
**** Number of members in clusters (global):
N_members:            1           2           3           4           5           6           7           8
Count    :       981.49      5.8765      1.1709     0.24805     0.28174    0.047363    0.039551    0.035645

Time: 16.5  N_real(loc): 1000  N_real(glb): 1000  N_all(loc): 1012  N_all(glb): 1012  N_remove(glb): 0  N_escape(glb): 0
Energy:     Error/Total         Error     Error_cum         Total       Kinetic     Potential        Modify  Modify_group Modify_single      Error_PP  Error_PP_cum
Physic:    0.0001524621    -0.4891824     -14.08834      -3208.55      3875.372     -7083.922     -8.187741             0             0   0.001778428      2.219275
Slowdown:  0.0002091227    -0.4915752      356.6654     -2350.655      2519.012     -4869.667       2195.43             0             0  6.149226e-06      372.9737
Angular Momentum:  |L|err: 0.1140713  |L|err_cum: 15.14469  L: 28.83552   -12.83075    189.5848  |L|: 192.1939
C.M.: mass: 1900 pos: 0.01961543   0.003028625    -0.1956 vel: -0.06483624   0.02697782    -0.04765648
Tree step number: 2048
**** Wallclock time per step (local): [Min/Max]
 Total       PP_single   PP_cluster  PP_cross    Tree_NB     Tree_Force  Force_corr  Kick        FindCluster CreateGroup MPI_comm    Output      Status      Other      
   0.0025825  2.6632e-05  0.00015373           0  0.00044918   0.0018356  3.2755e-05  1.4672e-05  5.3362e-05   3.049e-05  2.3413e-06  4.3278e-06   3.606e-09  8.3596e-06
   0.0025825  2.6668e-05  0.00015377           0  0.00044579    0.001807  3.2809e-05  1.4716e-05  5.3424e-05  3.0532e-05  2.3735e-06  4.3279e-06  3.6255e-09  8.4795e-06
**** FDPS tree soft force time profile (local):
 Sample_ptcl Domain_deco Ex_ptcl     SetRootCell Make_LT     Make_LET    Make_GT     Make_Group  Make_I_list Calc_force  Write_back 
           0           0           0   4.777e-05  0.00031713  3.1408e-05  0.00028781  4.3926e-06   7.952e-05  0.00076647  5.9137e-05
**** Tree neighbor time profile (local):
 Sample_ptcl Domain_deco Ex_ptcl     SetRootCell Make_LT     Make_LET    Make_GT     Make_Group  Make_I_list Calc_force  Write_back 
           0           0           0  2.9972e-05  0.00015186  1.7707e-05   0.0001108   6.147e-07  2.1213e-05  3.9247e-05   7.254e-06
**** Number per step (global):
 PP_single   PP_cluster  PP_cross    Cluster     Cross       AR_step_sum
      982.84      17.164           0      7.5679           0      39.447
 AR_tsyn_sum Stab_Ngroup Iso_Ngroup  Form_Ngroup End_Ngroup  Modf_Ngroup Merg_Ngroup H4_step_sum H4_no_NB    Ep-Ep_sum   Ep-Sp_sum  
       10.99           1           0     0.01416   0.0039062           0           0      82.261   0.0097656  9.1128e+05       15050
**** Number of members in clusters (global):
N_members:            1           2           3           4           5           6
Count    :       982.84      6.3076     0.73193     0.32324      0.1709     0.03418

Time: 17  N_real(loc): 1000  N_real(glb): 1000  N_all(loc): 1012  N_all(glb): 1012  N_remove(glb): 0  N_escape(glb): 0
Energy:     Error/Total         Error     Error_cum         Total       Kinetic     Potential        Modify  Modify_group Modify_single      Error_PP  Error_PP_cum
Physic:     1.54132e-05    -0.0494681     -14.13781     -3209.463      2646.683     -5856.146     -9.051971             0             0   0.001989804      2.221264
Slowdown:  2.101031e-05   -0.04924809      356.6161     -2343.996      2376.572     -4720.569      3060.032             0             0 -0.0008536719      372.9728
Angular Momentum:  |L|err: 0.249957  |L|err_cum: 15.39465  L: 28.80658   -12.48619    189.3995  |L|: 191.9841
C.M.: mass: 1900 pos: -0.006577223   0.02152744    -0.2172953 vel: -0.04518224   0.07887435    -0.06625725
Tree step number: 2048
**** Wallclock time per step (local): [Min/Max]
 Total       PP_single   PP_cluster  PP_cross    Tree_NB     Tree_Force  Force_corr  Kick        FindCluster CreateGroup MPI_comm    Output      Status      Other      
   0.0026014  1.9547e-05  0.00014726           0  0.00042776   0.0019031  2.8455e-05  1.1429e-05  5.5496e-05  3.0232e-05  1.8058e-06  4.5735e-06  4.1484e-09  7.2011e-06
   0.0026014  1.9583e-05  0.00014731           0  0.00042406   0.0018688  2.8509e-05  1.1462e-05  5.5546e-05  3.0253e-05  1.8382e-06  4.5738e-06   4.168e-09  7.3255e-06
**** FDPS tree soft force time profile (local):
 Sample_ptcl Domain_deco Ex_ptcl     SetRootCell Make_LT     Make_LET    Make_GT     Make_Group  Make_I_list Calc_force  Write_back 
           0           0           0  5.5824e-05  0.00033287  3.8133e-05  0.00031883  2.8966e-06    6.88e-05  0.00078056  7.0366e-05
**** Tree neighbor time profile (local):
 Sample_ptcl Domain_deco Ex_ptcl     SetRootCell Make_LT     Make_LET    Make_GT     Make_Group  Make_I_list Calc_force  Write_back 
           0           0           0  3.2653e-05  0.00012947  2.1787e-05  0.00011439  6.7278e-07  2.0016e-05  3.4642e-05  7.8767e-06
**** Number per step (global):
 PP_single   PP_cluster  PP_cross    Cluster     Cross       AR_step_sum
      982.74      17.261           0       7.686           0      39.601
 AR_tsyn_sum Stab_Ngroup Iso_Ngroup  Form_Ngroup End_Ngroup  Modf_Ngroup Merg_Ngroup H4_step_sum H4_no_NB    Ep-Ep_sum   Ep-Sp_sum  
      10.398           1           0    0.015137    0.003418   0.0068359           0      81.872    0.018066  9.1349e+05       14242
**** Number of members in clusters (global):
N_members:            1           2           3           4           5           6           7           8
Count    :       982.74      6.2119      1.1958      0.2041    0.019531    0.049805   0.0019531   0.0029297

Time: 17.5  N_real(loc): 1000  N_real(glb): 1000  N_all(loc): 1012  N_all(glb): 1012  N_remove(glb): 0  N_escape(glb): 0
Energy:     Error/Total         Error     Error_cum         Total       Kinetic     Potential        Modify  Modify_group Modify_single      Error_PP  Error_PP_cum
Physic:   -0.0005317361      1.705052     -12.43276     -3206.576      5680.008     -8886.584     -7.869268             0             0    0.02682238      2.248087
Slowdown: -0.0007290931      1.701155      358.3173     -2333.248      2718.182      -5051.43      3934.547             0             0    0.02462096      372.9975
Angular Momentum:  |L|err: 0.3029405  |L|err_cum: 15.69759  L: 29.8831   -12.44971    188.8489  |L|: 191.6035
C.M.: mass: 1900 pos: -0.04926674   0.05612161    -0.2554909 vel: -0.08952355   0.03591242    -0.08972825
Tree step number: 2048
**** Wallclock time per step (local): [Min/Max]
 Total       PP_single   PP_cluster  PP_cross    Tree_NB     Tree_Force  Force_corr  Kick        FindCluster CreateGroup MPI_comm    Output      Status      Other      
   0.0026005  3.5192e-05  0.00017431           0  0.00043764   0.0018476  2.8904e-05   1.288e-05  5.5092e-05  2.7113e-05     2.9e-06  3.9992e-06  3.5024e-09  8.5537e-06
   0.0026005   3.523e-05  0.00017437           0  0.00043442   0.0018149   2.896e-05  1.2914e-05  5.5145e-05  2.7134e-05  2.9322e-06  3.9994e-06  3.5176e-09  8.6813e-06
**** FDPS tree soft force time profile (local):
 Sample_ptcl Domain_deco Ex_ptcl     SetRootCell Make_LT     Make_LET    Make_GT     Make_Group  Make_I_list Calc_force  Write_back 
           0           0           0   5.533e-05  0.00031306    3.66e-05  0.00029441   3.095e-06  6.4959e-05  0.00078433  6.7362e-05
**** Tree neighbor time profile (local):
 Sample_ptcl Domain_deco Ex_ptcl     SetRootCell Make_LT     Make_LET    Make_GT     Make_Group  Make_I_list Calc_force  Write_back 
           0           0           0  2.7911e-05  0.00013668  2.0922e-05  0.00012163  7.4721e-07  1.5676e-05  3.3296e-05  6.9322e-06
**** Number per step (global):
 PP_single   PP_cluster  PP_cross    Cluster     Cross       AR_step_sum
      984.45      15.554           0      7.0898           0      50.031
 AR_tsyn_sum Stab_Ngroup Iso_Ngroup  Form_Ngroup End_Ngroup  Modf_Ngroup Merg_Ngroup H4_step_sum H4_no_NB    Ep-Ep_sum   Ep-Sp_sum  
      13.849           1           0    0.024902   0.0063477   0.0043945           0      73.749    0.024414  9.1629e+05       13843
**** Number of members in clusters (global):
N_members:            1           2           3           4           5           6
Count    :       984.45      6.3013     0.39404     0.24219     0.11328    0.039062

Time: 18  N_real(loc): 1000  N_real(glb): 1000  N_all(loc): 1012  N_all(glb): 1012  N_remove(glb): 0  N_escape(glb): 0
Energy:     Error/Total         Error     Error_cum         Total       Kinetic     Potential        Modify  Modify_group Modify_single      Error_PP  Error_PP_cum
Physic:    0.0003385739     -1.086044      -13.5188     -3207.702      3171.939     -6379.641     -7.909406             0             0   0.005827301      2.253914
Slowdown:  0.0004676265     -1.091615      357.2257     -2334.374      2446.748     -4781.122       4807.84             0             0   0.001410416      372.9989
Angular Momentum:  |L|err: 1.028696  |L|err_cum: 16.72628  L: 30.59127   -11.5753    188.6594  |L|: 191.4737
C.M.: mass: 1900 pos: -0.08893904   0.06165632    -0.2877618 vel: -0.05922808   -0.005240547    -0.04522362
Tree step number: 2048
**** Wallclock time per step (local): [Min/Max]
 Total       PP_single   PP_cluster  PP_cross    Tree_NB     Tree_Force  Force_corr  Kick        FindCluster CreateGroup MPI_comm    Output      Status      Other      
   0.0026493  2.2047e-05  0.00015861           0  0.00043006   0.0019085  3.5391e-05  2.2044e-05  6.0073e-05  2.9223e-05  2.1452e-06  3.8377e-06  3.9966e-09  6.1326e-06
   0.0026493  2.2085e-05  0.00015866           0  0.00042707     0.00188  3.5446e-05  2.2078e-05  6.0126e-05  2.9244e-05  2.1858e-06  3.8381e-06  4.0112e-09   6.266e-06
**** FDPS tree soft force time profile (local):
 Sample_ptcl Domain_deco Ex_ptcl     SetRootCell Make_LT     Make_LET    Make_GT     Make_Group  Make_I_list Calc_force  Write_back 
           0           0           0   6.448e-05  0.00032528  3.5403e-05  0.00029818  3.5283e-06  6.9256e-05   0.0008144  5.9115e-05
**** Tree neighbor time profile (local):
 Sample_ptcl Domain_deco Ex_ptcl     SetRootCell Make_LT     Make_LET    Make_GT     Make_Group  Make_I_list Calc_force  Write_back 
           0           0           0  2.0056e-05  0.00013815  2.4523e-05  0.00010877   6.324e-07   1.529e-05  3.2183e-05  6.4224e-06
**** Number per step (global):
 PP_single   PP_cluster  PP_cross    Cluster     Cross       AR_step_sum
      980.85      19.149           0      8.1846           0      38.993
 AR_tsyn_sum Stab_Ngroup Iso_Ngroup  Form_Ngroup End_Ngroup  Modf_Ngroup Merg_Ngroup H4_step_sum H4_no_NB    Ep-Ep_sum   Ep-Sp_sum  
       10.37           1           0    0.026855   0.0053711           0           0       91.66    0.022461  9.1318e+05       14714
**** Number of members in clusters (global):
N_members:            1           2           3           4           5           6           7           8
Count    :       980.85      6.5967     0.95508     0.34766     0.12012    0.085938    0.048828    0.030273

Time: 18.5  N_real(loc): 1000  N_real(glb): 1000  N_all(loc): 1012  N_all(glb): 1012  N_remove(glb): 0  N_escape(glb): 0
Energy:     Error/Total         Error     Error_cum         Total       Kinetic     Potential        Modify  Modify_group Modify_single      Error_PP  Error_PP_cum
Physic:    8.069885e-05    -0.2588565     -13.77766     -3207.685      2839.686      -6047.37     -7.633357             0             0    0.00041895      2.254333
Slowdown:  0.0001111012    -0.2593498      356.9663     -2334.356      2114.373      -4448.73      5681.445             0             0 -1.616152e-05      372.9988
Angular Momentum:  |L|err: -0.6415371  |L|err_cum: 16.08475  L: 30.05311   -12.12807    188.9976  |L|: 191.756
C.M.: mass: 1900 pos: -0.1188833   0.06872832    -0.2947251 vel: -0.06412243   0.02781596    -0.0466511
Tree step number: 2048
**** Wallclock time per step (local): [Min/Max]
 Total       PP_single   PP_cluster  PP_cross    Tree_NB     Tree_Force  Force_corr  Kick        FindCluster CreateGroup MPI_comm    Output      Status      Other      
   0.0025642  2.2223e-05  0.00010764           0  0.00045869   0.0018879  2.3785e-05  1.0193e-05  4.3065e-05  2.4943e-05  2.9921e-06  4.8453e-06  3.9385e-09  6.0264e-06
   0.0025643   2.226e-05  0.00010768           0  0.00045501   0.0018614  2.3838e-05  1.0227e-05   4.311e-05  2.4964e-05  3.0244e-06  4.8456e-06   3.958e-09  6.1663e-06
**** FDPS tree soft force time profile (local):
 Sample_ptcl Domain_deco Ex_ptcl     SetRootCell Make_LT     Make_LET    Make_GT     Make_Group  Make_I_list Calc_force  Write_back 
           0           0           0  5.7343e-05  0.00031851  3.4133e-05  0.00028421  3.2339e-06  6.7805e-05  0.00081691  5.5015e-05
**** Tree neighbor time profile (local):
 Sample_ptcl Domain_deco Ex_ptcl     SetRootCell Make_LT     Make_LET    Make_GT     Make_Group  Make_I_list Calc_force  Write_back 
           0           0           0   3.338e-05  0.00015929  2.2887e-05  0.00010708  6.2777e-07  1.6204e-05  3.7045e-05  7.8088e-06
**** Number per step (global):
 PP_single   PP_cluster  PP_cross    Cluster     Cross       AR_step_sum
      980.62      19.384           0      8.8164           0      24.128
 AR_tsyn_sum Stab_Ngroup Iso_Ngroup  Form_Ngroup End_Ngroup  Modf_Ngroup Merg_Ngroup H4_step_sum H4_no_NB    Ep-Ep_sum   Ep-Sp_sum  
      4.4214           1           0    0.023438   0.0053711           0           0      86.509    0.012695  9.2973e+05       12650
**** Number of members in clusters (global):
N_members:            1           2           3           4           5           6           7           9
Count    :       980.62      7.4268      1.1904     0.13672    0.021484   0.0019531    0.029297   0.0097656

Time: 19  N_real(loc): 1000  N_real(glb): 1000  N_all(loc): 1012  N_all(glb): 1012  N_remove(glb): 0  N_escape(glb): 0
Energy:     Error/Total         Error     Error_cum         Total       Kinetic     Potential        Modify  Modify_group Modify_single      Error_PP  Error_PP_cum
Physic:   -1.929511e-05    0.06189448     -13.71577      -3207.78       3846.75      -7054.53     -7.790463             0             0  0.0005233272      2.254856
Slowdown: -2.590636e-05    0.06047713      357.0268     -2334.451      2801.063     -5135.515      6554.618             0             0  0.0001387999       372.999
Angular Momentum:  |L|err: 0.3328338  |L|err_cum: 16.41758  L: 30.30955   -11.78681    188.6418  |L|: 191.4244
C.M.: mass: 1900 pos: -0.1479081   0.06926764    -0.3123214 vel: -0.07746063   -0.01794866    -0.02362353
Tree step number: 2048
**** Wallclock time per step (local): [Min/Max]
 Total       PP_single   PP_cluster  PP_cross    Tree_NB     Tree_Force  Force_corr  Kick        FindCluster CreateGroup MPI_comm    Output      Status      Other      
   0.0020134  2.0164e-05  0.00012152           0  0.00034423   0.0014229  3.0241e-05  1.3243e-05  5.2764e-05  2.8802e-05  4.0779e-06  3.2272e-06  3.6152e-09  1.0993e-05
   0.0020135  2.0201e-05  0.00012157           0  0.00034057   0.0013854  3.0296e-05  1.3277e-05  5.2811e-05  2.8865e-05  4.1107e-06  3.2274e-06  3.6299e-09    1.11e-05
**** FDPS tree soft force time profile (local):
 Sample_ptcl Domain_deco Ex_ptcl     SetRootCell Make_LT     Make_LET    Make_GT     Make_Group  Make_I_list Calc_force  Write_back 
           0           0           0  2.8055e-05  0.00029453  3.6713e-05  0.00023093  3.5346e-06  6.3153e-05  0.00059118   7.664e-05
**** Tree neighbor time profile (local):
 Sample_ptcl Domain_deco Ex_ptcl     SetRootCell Make_LT     Make_LET    Make_GT     Make_Group  Make_I_list Calc_force  Write_back 
           0           0           0  1.5992e-05   0.0001191  2.0702e-05  9.9278e-05  5.7118e-07  1.6619e-05  3.5454e-05  7.6806e-06
**** Number per step (global):
 PP_single   PP_cluster  PP_cross    Cluster     Cross       AR_step_sum
      982.26      17.744           0      7.5791           0      30.022
 AR_tsyn_sum Stab_Ngroup Iso_Ngroup  Form_Ngroup End_Ngroup  Modf_Ngroup Merg_Ngroup H4_step_sum H4_no_NB    Ep-Ep_sum   Ep-Sp_sum  
      6.6685           1           0   0.0097656   0.0019531           0           0      79.522    0.010742  9.4397e+05       10755
**** Number of members in clusters (global):
N_members:            1           2           3           4           5           6           7           8           9          10          11          12
Count    :       982.26      6.3569     0.78613     0.20947     0.03418     0.03418    0.037109     0.02832    0.032227     0.03125  0.00097656    0.012695
N_members:           13          14          15
Count    :     0.013672  0.00097656  0.00097656

Time: 19.5  N_real(loc): 1000  N_real(glb): 1000  N_all(loc): 1012  N_all(glb): 1012  N_remove(glb): 0  N_escape(glb): 0
Energy:     Error/Total         Error     Error_cum         Total       Kinetic     Potential        Modify  Modify_group Modify_single      Error_PP  Error_PP_cum
Physic:   -0.0006016693      1.929554     -11.78621     -3207.002       4123.19     -7330.192     -8.941654             0             0    0.01086682      2.265723
Slowdown: -0.0008242126      1.923441      358.9502      -2333.67      2384.146     -4717.816      7426.804             0             0   0.007048266       373.006
Angular Momentum:  |L|err: -1.673442  |L|err_cum: 14.74414  L: 28.06321   -13.2068    190.2143  |L|: 192.7263
C.M.: mass: 1900 pos: -0.1632458   0.06475074    -0.3518291 vel: -0.03265831   -0.05327048    -0.05091554
Tree step number: 2048
**** Wallclock time per step (local): [Min/Max]
 Total       PP_single   PP_cluster  PP_cross    Tree_NB     Tree_Force  Force_corr  Kick        FindCluster CreateGroup MPI_comm    Output      Status      Other      
   0.0023366  2.4568e-05  0.00015477           0  0.00037287   0.0016536  6.2984e-05  3.0271e-05  4.9498e-05  3.0709e-05  2.3356e-06  4.4985e-06  3.6255e-09  6.9467e-06
   0.0023367  2.4605e-05  0.00015483           0  0.00036865   0.0015989  6.3042e-05  3.0306e-05  4.9548e-05   3.073e-05  2.3678e-06  4.4986e-06  3.6401e-09  7.0446e-06
**** FDPS tree soft force time profile (local):
 Sample_ptcl Domain_deco Ex_ptcl     SetRootCell Make_LT     Make_LET    Make_GT     Make_Group  Make_I_list Calc_force  Write_back 
           0           0           0  3.6283e-05  0.00034956  5.1566e-05  0.00024732  5.0958e-06  6.0775e-05  0.00073188  0.00011108
**** Tree neighbor time profile (local):
 Sample_ptcl Domain_deco Ex_ptcl     SetRootCell Make_LT     Make_LET    Make_GT     Make_Group  Make_I_list Calc_force  Write_back 
           0           0           0  8.1107e-06  0.00013026  2.2193e-05  9.9299e-05   9.528e-07   2.115e-05  6.9889e-05  8.7898e-06
**** Number per step (global):
 PP_single   PP_cluster  PP_cross    Cluster     Cross       AR_step_sum
      980.99      19.013           0      8.2534           0      36.718
 AR_tsyn_sum Stab_Ngroup Iso_Ngroup  Form_Ngroup End_Ngroup  Modf_Ngroup Merg_Ngroup H4_step_sum H4_no_NB    Ep-Ep_sum   Ep-Sp_sum  
      8.9268           1           0   0.0053711   0.0019531           0           0      89.283   0.0068359  9.6501e+05      5809.3
**** Number of members in clusters (global):
N_members:            1           2           3           4           5           6           7           8           9          10
Count    :       980.99      6.5483      1.2725     0.31055    0.023438     0.03418    0.016602    0.019531    0.021484   0.0068359

Time: 20  N_real(loc): 1000  N_real(glb): 1000  N_all(loc): 1012  N_all(glb): 1012  N_remove(glb): 0  N_escape(glb): 0
Energy:     Error/Total         Error     Error_cum         Total       Kinetic     Potential        Modify  Modify_group Modify_single      Error_PP  Error_PP_cum
Physic:    1.272502e-05   -0.04081471     -11.82703     -3207.438      4050.375     -7257.813      -9.33734             0             0  0.0005343031      2.266257
Slowdown:  1.848727e-05   -0.04315125      358.9071     -2334.107      2309.442     -4643.548      8299.742             0             0  7.241785e-06       373.006
Angular Momentum:  |L|err: 1.213374  |L|err_cum: 15.95751  L: 29.2405   -12.09957    189.6403  |L|: 192.2624
C.M.: mass: 1900 pos: -0.1693651   0.04793514    -0.3679984 vel: -0.01261754   -0.0505368    0.02433812
Tree step number: 2048
**** Wallclock time per step (local): [Min/Max]
 Total       PP_single   PP_cluster  PP_cross    Tree_NB     Tree_Force  Force_corr  Kick        FindCluster CreateGroup MPI_comm    Output      Status      Other      
   0.0018651  2.0332e-05  0.00010154           0  0.00033854   0.0013233  3.0904e-05   1.593e-05  4.3776e-05  2.4628e-05  2.0389e-06  4.2956e-06  7.1567e-09   5.293e-06
   0.0018651  2.0369e-05  0.00010159           0  0.00033012   0.0012839  3.0959e-05  1.5964e-05   4.383e-05  2.4648e-05  2.0819e-06  4.2958e-06  7.1763e-09  5.3846e-06
**** FDPS tree soft force time profile (local):
 Sample_ptcl Domain_deco Ex_ptcl     SetRootCell Make_LT     Make_LET    Make_GT     Make_Group  Make_I_list Calc_force  Write_back 
           0           0           0  1.4361e-05  0.00024052  3.5102e-05  0.00020483  2.3303e-06  5.5847e-05  0.00062017  8.0356e-05
**** Tree neighbor time profile (local):
 Sample_ptcl Domain_deco Ex_ptcl     SetRootCell Make_LT     Make_LET    Make_GT     Make_Group  Make_I_list Calc_force  Write_back 
           0           0           0  7.6022e-06  0.00010871  1.8788e-05  8.1628e-05  3.7973e-07  1.9038e-05  7.2042e-05  1.7207e-05
**** Number per step (global):
 PP_single   PP_cluster  PP_cross    Cluster     Cross       AR_step_sum
      982.86      17.141           0      7.6968           0       26.48
 AR_tsyn_sum Stab_Ngroup Iso_Ngroup  Form_Ngroup End_Ngroup  Modf_Ngroup Merg_Ngroup H4_step_sum H4_no_NB    Ep-Ep_sum   Ep-Sp_sum  
      5.3389           1           0    0.020996   0.0063477           0           0      81.593    0.012695  9.7109e+05      4732.5
**** Number of members in clusters (global):
N_members:            1           2           3           4           5
Count    :       982.86       6.354     0.97559     0.32959    0.037598
Warning: step count is signficiant large
  T: 2.33249e-05  dT_err/T: 0.471377  ds: 4.42938e-09  ds_init: 0.00464454  |Int_err/E|: 5.16754e-09  |Int_err_cum/E|: 0.0606745  |dE/E|: 2.37664e-15  dE_cum: -71.8427  Etot_sd: -669.692  T_end_flag: 0  Step_count: 1000000  Fix:  none
  Binary[0]:   i1=2  i2=1  m1=10  m2=10  semi= 0.000237348  ecc= 0.601137  period= 7.65966e-05  stab= 0  SD= 1.26863  SD_org= 1.26863  Tscale= 0.000749522  pert_in= 1.82204e+12  pert_out= 1.43623e+08
  Binary[1]:   i1=0  i2=-1  m1=1  m2=20  semi= -0.00823996  ecc= 1.2424  period= 0.0152906  stab= 1.79769e+308  SD= 1  SD_org= 1  Tscale= 0.000976562  pert_in= -3.17041e+06  pert_out= 303392
Thread: 1 Dump file: data.dump_large_step_ar_n3_t20.273438_M0_O1_c9_s1790684610
Large H4-AR step cluster found (dump): step: 3583523
Warning: step count is signficiant large
  T: 3.35713e-05  dT_err/T: 0.799872  ds: 4.42938e-09  ds_init: 0.00464454  |Int_err/E|: 9.11503e-09  |Int_err_cum/E|: 0.0692164  |dE/E|: 5.2735e-16  dE_cum: -120.43  Etot_sd: -646.744  T_end_flag: 0  Step_count: 1000000  Fix:  none
  Binary[0]:   i1=2  i2=1  m1=10  m2=10  semi= 0.000237348  ecc= 0.601139  period= 7.65966e-05  stab= 0  SD= 1.22653  SD_org= 1.22653  Tscale= 0.000737947  pert_in= 1.82203e+12  pert_out= 1.48552e+08
  Binary[1]:   i1=0  i2=-1  m1=1  m2=20  semi= -0.00824  ecc= 1.2424  period= 0.0152907  stab= 1.79769e+308  SD= 1  SD_org= 1  Tscale= 0.000976562  pert_in= -3.17036e+06  pert_out= 303625
Warning: step count is signficiant large
  T: 4.74486e-05  dT_err/T: 0.78082  ds: 4.97181e-09  ds_init: 0.00464454  |Int_err/E|: 9.6104e-09  |Int_err_cum/E|: 0.0760301  |dE/E|: 6.05608e-15  dE_cum: -259.453  Etot_sd: -544.398  T_end_flag: 0  Step_count: 1000000  Fix:  none
  Binary[0]:   i1=1  i2=2  m1=10  m2=10  semi= 0.000237349  ecc= 0.601141  period= 7.65968e-05  stab= 0  SD= 1.17094  SD_org= 1.17094  Tscale= 0.000722323  pert_in= 1.82201e+12  pert_out= 1.55602e+08
  Binary[1]:   i1=0  i2=-1  m1=1  m2=20  semi= -0.00824014  ecc= 1.24239  period= 0.0152911  stab= 1.79769e+308  SD= 1  SD_org= 1  Tscale= 0.000976562  pert_in= -3.17023e+06  pert_out= 303940
Warning: step count is signficiant large
  T: 5.42367e-05  dT_err/T: 0.891085  ds: 1.10734e-09  ds_init: 0.00464453  |Int_err/E|: 6.07898e-09  |Int_err_cum/E|: 0.167715  |dE/E|: 0  dE_cum: -320.907  Etot_sd: -501.734  T_end_flag: 0  Step_count: 1000000  Fix:  none
  Binary[0]:   i1=1  i2=2  m1=10  m2=10  semi= 0.000237348  ecc= 0.60114  period= 7.65965e-05  stab= 0  SD= 1.14438  SD_org= 1.14438  Tscale= 0.000714703  pert_in= 1.82203e+12  pert_out= 1.59216e+08
  Binary[1]:   i1=0  i2=-1  m1=1  m2=20  semi= -0.00824021  ecc= 1.24239  period= 0.0152913  stab= 1.79769e+308  SD= 1  SD_org= 1  Tscale= 0.000976562  pert_in= -3.17016e+06  pert_out= 304094
