     //==================================\\
     ||                                  ||
     || ::::::: ::::::. ::::::. .::::::. ||
     || ::      ::    : ::    : ::       ||
     || ::::::  ::    : ::::::'  `:::::. ||
     || ::      ::::::' ::      `......' ||
     ||     Framework for Developing     ||
     ||        Particle Simulator        ||
     ||     Version 8.0 (2025/09)       ||
     \\==================================//

       Home   : https://github.com/fdps/fdps 
       E-mail : fdps-support@mail.jmlab.jp
       Licence: MIT (see, https://github.com/FDPS/FDPS/blob/master/LICENSE)
       Note   : Please cite the following papers.
                - Iwasawa et al. (2016, Publications of the Astronomical Society of Japan, 68, 54)
                - Namekata et al. (2018, Publications of the Astronomical Society of Japan, 70, 70)
                - Iwasawa et al. (2020, Publications of the Astronomical Society of Japan, 72, 13)

       Copyright (C) 2015 
         Masaki Iwasawa, Ataru Tanikawa, Natsuki Hosono,
         Keigo Nitadori, Takayuki Muranushi, Daisuke Namekata,
         Kentaro Nomura, Junichiro Makino and many others
******** FDPS has successfully begun. ********

 ******************************************
  ██████╗ ███████╗████████╗ █████╗ ██████╗
  ██╔══██╗██╔════╝╚══██╔══╝██╔══██╗██╔══██╗
  ██████╔╝█████╗     ██║   ███████║██████╔╝
  ██╔═══╝ ██╔══╝     ██║   ██╔══██║██╔══██╗
  ██║     ███████╗   ██║   ██║  ██║██║  ██║
  ╚═╝     ╚══════╝   ╚═╝   ╚═╝  ╚═╝╚═╝  ╚═╝
 ******************************************
Version: 1762e_447e
============== PeTar ================
 Online document: (preparing)
 GitHub page: https://github.com/lwang-astro/PeTar
 License: MIT
 Please cite the following papers when you use PeTar for any publications
    FDPS: see above FPDS Logo message
    SDAR: Wang L., Nitadori K., Makino J., 2020, MNRAS, 493, 3398
    PeTar: Wang L., Iwasawa M., Nitadori K., Makino J., 2020, MNRAS, 497, 536
 Copyright (C) 2017
    Long Wang, Masaki Iwasawa, Keigo Nitadori, Junichiro Makino and many others
=====================================
Use quadrupole moment in tree force calculation
Use 3rd order tidal tensor method
Use Pseudoparticle multipole method
Use 4th-order KDKDK mode for tree step
Use orbit-dependent neighbor criterion
Check energy of short-range (hard) integration
Count isolated particles in hard clusters
Use SIMD
Calculate profile
Use AR TTL method
Use slowdown Tree method
Use slowdown timescale criterion
Print adjust group information
=====================================
Input data unit: 1
End time of simulation: 50
Output time interval for particle dataset snapshots: 0.5
Tree timestep (dt_soft): 0
Data file reading and writing format: 1
Reading data file name: input
----- Finish reading main options -----
----- Finish reading hard options -----
----- Parallelization information -----
MPI processors: 1
OMP threads:    4
----- Reading file: input -----
Number of particles = 1000
Time = 0
----- Unit set 1: Msun, pc, Myr -----
gravitational_constant = 0.0044985021514696 pc^3/(Msun*Myr^2)
----- Parameter list: -----
 Average mass                      = 1.9
 Mean inner changeover radius      = 0.0029786806970945
 Mean outer changeover radius      = 0.029786806970945
 Minimum neighbor searching radius = 0.035744168365133
 Velocity dispersion (1D)          = 1.0678951658297
 Tree time step                    = 0.00048828125
 Output time step                  = 0.5
----- Hard Parameter list: -----
 Mean search group radius:         = 0.0029786806970945
 Mean group radius                 = 0.0023829445576756
 Hermite timestep coefficient 4th  = 0.1
 Hermite timestep coefficient init = 0.001
 Hermite maximum timestep          = 0.000244140625
 AR slowdown maximum timescale     = 0.0009765625
 AR slowdown perturbation criterion= 0.0001
 Artificial particle ID offset     = 1001
 KDTree minimum particles+groups   = 32
-----  Save parameter files -----
Save PeTar parameters to file data.par
Save hard parameters to file data.par.hard
-----  Finish parameter initialization -----

Time: 0  N_real(loc): 1000  N_real(glb): 1000  N_all(loc): 1000  N_all(glb): 1000  N_remove(glb): 0  N_escape(glb): 0
Energy:     Error/Total         Error     Error_cum         Total       Kinetic     Potential        Modify  Modify_group Modify_single      Error_PP  Error_PP_cum
Physic:              -0             0             0     -3125.975      3087.615     -6213.591             0             0             0             0             0
Slowdown:            -0             0             0     -3125.975      3087.615     -6213.591             0             0             0             0             0
Angular Momentum:  |L|err: 0  |L|err_cum: 0  L: 48.55371   8.185147    5.081056  |L|: 49.50026
C.M.: mass: 1900 pos: -0.08751858   -0.07550791    0.05786354 vel: -0.01165104   0.007620895    -0.04041792

Time: 0.5  N_real(loc): 1000  N_real(glb): 1000  N_all(loc): 1000  N_all(glb): 1000  N_remove(glb): 0  N_escape(glb): 0
Energy:     Error/Total         Error     Error_cum         Total       Kinetic     Potential        Modify  Modify_group Modify_single      Error_PP  Error_PP_cum
Physic:   -2.520758e-07  0.0007879826  0.0007879826     -3125.975      2960.731     -6086.706 -1.707911e-08             0             0  3.028109e-09  3.028109e-09
Slowdown: -2.520758e-07  0.0007879826  0.0007879826     -3125.975      2960.731     -6086.706 -1.707902e-08             0             0 -1.189471e-08 -1.189471e-08
Angular Momentum:  |L|err: 0.0005069602  |L|err_cum: 0.0005069602  L: 48.55334   8.185005    5.080737  |L|: 49.49985
C.M.: mass: 1900 pos: -0.08345352   -0.08562924    0.04238036 vel: 0.03005571   -0.04450173    -0.04979675
Tree step number: 2048
**** Wallclock time per step (local): [Min/Max]
 Total       PP_single   PP_cluster  PP_cross    Tree_NB     Tree_Force  Force_corr  Kick        FindCluster CreateGroup MPI_comm    Output      Status      Other      
   0.0018056  1.6135e-05  0.00010144           0  0.00032563   0.0012726  3.4113e-05  1.0026e-05  3.3411e-05  2.8785e-05    2.18e-06  4.2481e-06  2.9502e-09  5.1627e-06
   0.0018057  1.6171e-05  0.00010149           0  0.00032205   0.0012464  3.4168e-05   1.006e-05  3.3493e-05  2.8808e-05  2.2127e-06  4.2483e-06  2.9648e-09  5.2509e-06
**** FDPS tree soft force time profile (local):
 Sample_ptcl Domain_deco Ex_ptcl     SetRootCell Make_LT     Make_LET    Make_GT     Make_Group  Make_I_list Calc_force  Write_back 
           0           0           0  2.4027e-05   0.0002583  3.5971e-05  0.00020381  4.5326e-06  7.9628e-05  0.00053948  5.4036e-05
**** Tree neighbor time profile (local):
 Sample_ptcl Domain_deco Ex_ptcl     SetRootCell Make_LT     Make_LET    Make_GT     Make_Group  Make_I_list Calc_force  Write_back 
           0           0           0  9.0045e-06  0.00010635  1.6762e-05  9.8782e-05  6.0674e-07  1.9886e-05  4.2461e-05  7.5984e-06
**** Number per step (global):
 PP_single   PP_cluster  PP_cross    Cluster     Cross       AR_step_sum
      969.19      30.811           0      14.596           0      0.1748
 AR_tsyn_sum Stab_Ngroup Iso_Ngroup  Form_Ngroup End_Ngroup  Modf_Ngroup Merg_Ngroup H4_step_sum H4_no_NB    Ep-Ep_sum   Ep-Sp_sum  
    0.055664           0           0    0.010742    0.003418           0           0       144.2    0.026367  9.0423e+05       16976
**** Number of members in clusters (global):
N_members:            1           2           3           4           5           6           7           8
Count    :       969.19      13.226      1.1929     0.14111    0.011719    0.018555  0.00097656   0.0048828

Time: 1  N_real(loc): 1000  N_real(glb): 1000  N_all(loc): 1000  N_all(glb): 1000  N_remove(glb): 0  N_escape(glb): 0
Energy:     Error/Total         Error     Error_cum         Total       Kinetic     Potential        Modify  Modify_group Modify_single      Error_PP  Error_PP_cum
Physic:   -6.865497e-07   0.002146135   0.002934118     -3125.972      3179.906     -6305.879 -2.540637e-08             0             0  -5.44861e-07 -5.418329e-07
Slowdown: -6.865496e-07   0.002146135   0.002934118     -3125.972      3179.906     -6305.879 -2.513318e-08             0             0 -5.579813e-07  -5.69876e-07
Angular Momentum:  |L|err: 0.0004909119  |L|err_cum: 0.0009978721  L: 48.55326   8.18476    5.080253  |L|: 49.49968
C.M.: mass: 1900 pos: -0.06054043   -0.1255355    0.01053146 vel: 0.06292108   -0.0844184    -0.06856876
Tree step number: 2048
**** Wallclock time per step (local): [Min/Max]
 Total       PP_single   PP_cluster  PP_cross    Tree_NB     Tree_Force  Force_corr  Kick        FindCluster CreateGroup MPI_comm    Output      Status      Other      
   0.0018323  1.8199e-05  9.6699e-05           0  0.00036524     0.00126  2.2493e-05  1.2834e-05  3.5256e-05  3.3983e-05  1.8608e-06  5.7679e-06  2.5209e-08   4.034e-06
   0.0018323  1.8259e-05  9.6746e-05           0   0.0003614   0.0012369  2.2547e-05  1.2869e-05  3.5301e-05  3.4007e-05  1.9061e-06   5.768e-06  2.5233e-08  4.1229e-06
**** FDPS tree soft force time profile (local):
 Sample_ptcl Domain_deco Ex_ptcl     SetRootCell Make_LT     Make_LET    Make_GT     Make_Group  Make_I_list Calc_force  Write_back 
           0           0           0  2.2896e-05  0.00025965  3.1696e-05  0.00020224   2.714e-06  7.0078e-05  0.00052122  4.7838e-05
**** Tree neighbor time profile (local):
 Sample_ptcl Domain_deco Ex_ptcl     SetRootCell Make_LT     Make_LET    Make_GT     Make_Group  Make_I_list Calc_force  Write_back 
           0           0           0  2.5322e-05  0.00012707  1.6352e-05  9.8365e-05  5.6306e-07  1.5946e-05  3.9649e-05  8.1118e-06
**** Number per step (global):
 PP_single   PP_cluster  PP_cross    Cluster     Cross       AR_step_sum
      967.17      32.831           0      15.546           0     0.58936
 AR_tsyn_sum Stab_Ngroup Iso_Ngroup  Form_Ngroup End_Ngroup  Modf_Ngroup Merg_Ngroup H4_step_sum H4_no_NB    Ep-Ep_sum   Ep-Sp_sum  
     0.20996           0           0    0.030273   0.0063477           0           0      159.38     0.02832  9.1194e+05       15384
**** Number of members in clusters (global):
N_members:            1           2           3           4           5
Count    :       967.17      13.962      1.4434     0.12451    0.015625

Time: 1.5  N_real(loc): 1000  N_real(glb): 1000  N_all(loc): 1000  N_all(glb): 1000  N_remove(glb): 0  N_escape(glb): 0
Energy:     Error/Total         Error     Error_cum         Total       Kinetic     Potential        Modify  Modify_group Modify_single      Error_PP  Error_PP_cum
Physic:   -3.655195e-07   0.001142604   0.004076721     -3125.971      3187.635     -6313.607  5.988298e-08             0             0 -1.519841e-07  -6.93817e-07
Slowdown: -3.655195e-07   0.001142604   0.004076721     -3125.971      3187.635     -6313.607  6.015615e-08             0             0  -1.51169e-07  -7.21045e-07
Angular Momentum:  |L|err: 0.0005418091  |L|err_cum: 0.001539681  L: 48.5534   8.184598    5.079651  |L|: 49.49973
C.M.: mass: 1900 pos: -0.05610288   -0.1487778    -0.01460345 vel: 0.02150693   0.008461095    -0.006098636
Tree step number: 2048
**** Wallclock time per step (local): [Min/Max]
 Total       PP_single   PP_cluster  PP_cross    Tree_NB     Tree_Force  Force_corr  Kick        FindCluster CreateGroup MPI_comm    Output      Status      Other      
   0.0016166  2.6996e-05  8.8077e-05           0  0.00028681   0.0011267  1.4449e-05  2.1545e-05  3.0105e-05  2.9038e-05  2.0009e-06  3.2041e-06  2.8916e-09  3.8438e-06
   0.0016166  2.7032e-05   8.812e-05           0  0.00028444   0.0011104    1.45e-05  2.1578e-05  3.0148e-05  2.9059e-05  2.0333e-06  3.2042e-06  2.9062e-09  3.9375e-06
**** FDPS tree soft force time profile (local):
 Sample_ptcl Domain_deco Ex_ptcl     SetRootCell Make_LT     Make_LET    Make_GT     Make_Group  Make_I_list Calc_force  Write_back 
           0           0           0  1.6577e-05  0.00021089  2.9958e-05   0.0001886  2.7275e-06  6.6315e-05  0.00050004  3.4247e-05
**** Tree neighbor time profile (local):
 Sample_ptcl Domain_deco Ex_ptcl     SetRootCell Make_LT     Make_LET    Make_GT     Make_Group  Make_I_list Calc_force  Write_back 
           0           0           0   9.621e-06  9.0026e-05  1.6323e-05  8.3453e-05  5.1902e-07  1.5511e-05  3.7562e-05  5.1207e-06
**** Number per step (global):
 PP_single   PP_cluster  PP_cross    Cluster     Cross       AR_step_sum
      969.42      30.576           0        14.5           0     0.26074
 AR_tsyn_sum Stab_Ngroup Iso_Ngroup  Form_Ngroup End_Ngroup  Modf_Ngroup Merg_Ngroup H4_step_sum H4_no_NB    Ep-Ep_sum   Ep-Sp_sum  
    0.098633           0           0   0.0092773   0.0019531           0           0      147.74   0.0083008   9.142e+05       14911
**** Number of members in clusters (global):
N_members:            1           2           3           4           5           6
Count    :       969.42      13.185      1.0913     0.18701    0.033203   0.0029297

Time: 2  N_real(loc): 1000  N_real(glb): 1000  N_all(loc): 1000  N_all(glb): 1000  N_remove(glb): 0  N_escape(glb): 0
Energy:     Error/Total         Error     Error_cum         Total       Kinetic     Potential        Modify  Modify_group Modify_single      Error_PP  Error_PP_cum
Physic:    2.934062e-07 -0.0009171798   0.003159542     -3125.972      3068.051     -6194.023  7.193664e-08             0             0 -7.752399e-07 -1.469057e-06
Slowdown:  2.934064e-07 -0.0009171802   0.003159541     -3125.972      3068.051     -6194.023  7.263758e-08             0             0 -7.960785e-07 -1.517123e-06
Angular Momentum:  |L|err: 9.719375e-05  |L|err_cum: 0.001636875  L: 48.55389   8.185959    5.079648  |L|: 49.50044
C.M.: mass: 1900 pos: -0.07734727   -0.1135632    -0.02025116 vel: -0.06134627   0.08393552    -0.01859323
Tree step number: 2048
**** Wallclock time per step (local): [Min/Max]
 Total       PP_single   PP_cluster  PP_cross    Tree_NB     Tree_Force  Force_corr  Kick        FindCluster CreateGroup MPI_comm    Output      Status      Other      
   0.0020624  3.1789e-05  9.5511e-05           0  0.00038232    0.001443  3.3113e-05  2.7681e-05  4.0364e-05  3.7056e-05  3.1135e-06  4.7043e-06  3.0474e-09   3.769e-06
   0.0020624  3.1827e-05  9.5652e-05           0  0.00037457   0.0014084  3.3169e-05  2.7791e-05  4.0409e-05  3.7078e-05  3.1541e-06  4.7044e-06  3.0625e-09  3.8567e-06
**** FDPS tree soft force time profile (local):
 Sample_ptcl Domain_deco Ex_ptcl     SetRootCell Make_LT     Make_LET    Make_GT     Make_Group  Make_I_list Calc_force  Write_back 
           0           0           0   2.747e-05  0.00029291  3.6522e-05  0.00019189  2.5273e-06  6.4833e-05  0.00069325  7.0889e-05
**** Tree neighbor time profile (local):
 Sample_ptcl Domain_deco Ex_ptcl     SetRootCell Make_LT     Make_LET    Make_GT     Make_Group  Make_I_list Calc_force  Write_back 
           0           0           0  1.5146e-05  0.00012576  1.5999e-05  8.5506e-05  4.5121e-07  1.3822e-05  8.1376e-05  1.6773e-05
**** Number per step (global):
 PP_single   PP_cluster  PP_cross    Cluster     Cross       AR_step_sum
      970.61      29.393           0      14.125           0      0.2627
 AR_tsyn_sum Stab_Ngroup Iso_Ngroup  Form_Ngroup End_Ngroup  Modf_Ngroup Merg_Ngroup H4_step_sum H4_no_NB    Ep-Ep_sum   Ep-Sp_sum  
    0.068359           0           0    0.010742    0.003418           0           0      141.28   0.0097656  9.2598e+05       11799
**** Number of members in clusters (global):
N_members:            1           2           3           4
Count    :       970.61      13.012      1.0825    0.030273

Time: 2.5  N_real(loc): 1000  N_real(glb): 1000  N_all(loc): 1000  N_all(glb): 1000  N_remove(glb): 0  N_escape(glb): 0
Energy:     Error/Total         Error     Error_cum         Total       Kinetic     Potential        Modify  Modify_group Modify_single      Error_PP  Error_PP_cum
Physic:   -2.320245e-09   7.25302e-06   0.003166795     -3125.972      3213.039     -6339.011  1.786531e-07             0             0 -6.535397e-07 -2.122597e-06
Slowdown: -2.320245e-09   7.25302e-06   0.003166794     -3125.972      3213.039     -6339.011   1.79354e-07             0             0 -6.460757e-07 -2.163199e-06
Angular Momentum:  |L|err: 8.326765e-05  |L|err_cum: 0.001720143  L: 48.55394   8.185839    5.079499  |L|: 49.50045
C.M.: mass: 1900 pos: -0.08748493   -0.07872938    -0.05853783 vel: -0.0004238529   0.08238439    -0.05756143
Tree step number: 2048
**** Wallclock time per step (local): [Min/Max]
 Total       PP_single   PP_cluster  PP_cross    Tree_NB     Tree_Force  Force_corr  Kick        FindCluster CreateGroup MPI_comm    Output      Status      Other      
   0.0016912  1.7374e-05  8.4418e-05           0  0.00029959   0.0012081  2.1108e-05  1.5598e-05  4.1213e-05  2.7081e-05  1.3079e-06  4.6571e-06   3.356e-09  3.5342e-06
   0.0016912   1.741e-05  8.4461e-05           0  0.00029438   0.0011781  2.1161e-05  1.5632e-05  4.1254e-05  2.7102e-05   1.349e-06  4.6573e-06  3.4048e-09  3.6153e-06
**** FDPS tree soft force time profile (local):
 Sample_ptcl Domain_deco Ex_ptcl     SetRootCell Make_LT     Make_LET    Make_GT     Make_Group  Make_I_list Calc_force  Write_back 
           0           0           0  1.1301e-05  0.00021216  2.5328e-05  0.00015873  2.1857e-06  4.4671e-05  0.00064057  6.1669e-05
**** Tree neighbor time profile (local):
 Sample_ptcl Domain_deco Ex_ptcl     SetRootCell Make_LT     Make_LET    Make_GT     Make_Group  Make_I_list Calc_force  Write_back 
           0           0           0  6.5319e-06  9.2686e-05  1.6536e-05   7.113e-05  3.1978e-07  1.1278e-05  7.6275e-05  1.0892e-05
**** Number per step (global):
 PP_single   PP_cluster  PP_cross    Cluster     Cross       AR_step_sum
      972.39      27.608           0      13.125           0     0.33203
 AR_tsyn_sum Stab_Ngroup Iso_Ngroup  Form_Ngroup End_Ngroup  Modf_Ngroup Merg_Ngroup H4_step_sum H4_no_NB    Ep-Ep_sum   Ep-Sp_sum  
     0.11328           0           0    0.012695    0.003418           0           0       134.6     0.01709  9.5768e+05      7094.7
**** Number of members in clusters (global):
N_members:            1           2           3           4           5           6
Count    :       972.39      11.944      1.0439     0.10938    0.016602     0.01123

Time: 3  N_real(loc): 1000  N_real(glb): 1000  N_all(loc): 1000  N_all(glb): 1000  N_remove(glb): 0  N_escape(glb): 0
Energy:     Error/Total         Error     Error_cum         Total       Kinetic     Potential        Modify  Modify_group Modify_single      Error_PP  Error_PP_cum
Physic:   -1.042621e-07  0.0003259205   0.003492715     -3125.972      3128.903     -6254.875  2.228044e-07             0             0  2.436384e-07 -1.878958e-06
Slowdown: -1.042621e-07  0.0003259205   0.003492714     -3125.972      3128.903     -6254.875   2.23505e-07             0             0  2.444037e-07 -1.918795e-06
Angular Momentum:  |L|err: 0.0001154014  |L|err_cum: 0.001835544  L: 48.55417   8.186445    5.079844  |L|: 49.50081
C.M.: mass: 1900 pos: -0.06769345   -0.04268687    -0.0932484 vel: 0.06032753   0.05058647    -0.02810615
Tree step number: 2048
**** Wallclock time per step (local): [Min/Max]
 Total       PP_single   PP_cluster  PP_cross    Tree_NB     Tree_Force  Force_corr  Kick        FindCluster CreateGroup MPI_comm    Output      Status      Other      
   0.0017602  2.1967e-05  8.8408e-05           0   0.0003145   0.0012556  3.3899e-05  1.3514e-05   3.805e-05  2.1035e-05  1.3203e-06  3.9006e-06  3.1948e-09  3.4507e-06
   0.0017602  2.2025e-05  8.8454e-05           0   0.0003093   0.0012235  3.3955e-05  1.3549e-05  3.8094e-05  2.1057e-05  1.3523e-06  3.9008e-06  3.2095e-09   3.532e-06
**** FDPS tree soft force time profile (local):
 Sample_ptcl Domain_deco Ex_ptcl     SetRootCell Make_LT     Make_LET    Make_GT     Make_Group  Make_I_list Calc_force  Write_back 
           0           0           0  1.2183e-05  0.00021473  2.7136e-05  0.00019071  1.6881e-06   5.047e-05  0.00064157  6.6044e-05
**** Tree neighbor time profile (local):
 Sample_ptcl Domain_deco Ex_ptcl     SetRootCell Make_LT     Make_LET    Make_GT     Make_Group  Make_I_list Calc_force  Write_back 
           0           0           0  9.8728e-06  0.00010504  1.6678e-05  7.1956e-05  2.1013e-07  1.7571e-05   7.378e-05  1.0777e-05
**** Number per step (global):
 PP_single   PP_cluster  PP_cross    Cluster     Cross       AR_step_sum
      969.12      30.877           0      14.615           0     0.20898
 AR_tsyn_sum Stab_Ngroup Iso_Ngroup  Form_Ngroup End_Ngroup  Modf_Ngroup Merg_Ngroup H4_step_sum H4_no_NB    Ep-Ep_sum   Ep-Sp_sum  
    0.070801           0           0   0.0073242   0.0019531           0           0       152.3    0.014648  9.8264e+05      4180.2
**** Number of members in clusters (global):
N_members:            1           2           3           4           5           6
Count    :       969.12      13.151      1.3325    0.088379     0.03125     0.01123

Time: 3.5  N_real(loc): 1000  N_real(glb): 1000  N_all(loc): 1000  N_all(glb): 1000  N_remove(glb): 0  N_escape(glb): 0
Energy:     Error/Total         Error     Error_cum         Total       Kinetic     Potential        Modify  Modify_group Modify_single      Error_PP  Error_PP_cum
Physic:    -4.20727e-07    0.00131518   0.004807895     -3125.971      3386.942     -6512.912  4.121386e-07             0             0 -9.359507e-07 -2.814909e-06
Slowdown:  -4.20727e-07    0.00131518   0.004807895     -3125.971      3386.942     -6512.912  4.128391e-07             0             0 -9.334297e-07 -2.852225e-06
Angular Momentum:  |L|err: -0.000128223  |L|err_cum: 0.001707321  L: 48.55417   8.186434    5.080038  |L|: 49.50083
C.M.: mass: 1900 pos: 0.0003456442   -0.05291964    -0.1006448 vel: 0.1011629   -0.01775105    0.008309573
Tree step number: 2048
**** Wallclock time per step (local): [Min/Max]
 Total       PP_single   PP_cluster  PP_cross    Tree_NB     Tree_Force  Force_corr  Kick        FindCluster CreateGroup MPI_comm    Output      Status      Other      
    0.001554   1.692e-05  8.5618e-05           0  0.00027742   0.0011161  1.8257e-05  9.1429e-06  2.9235e-05  1.9702e-05  1.0295e-06  3.1887e-06  3.4634e-09  2.5759e-06
   0.0015541  1.6955e-05  8.5681e-05           0  0.00027381   0.0010927  1.8308e-05   9.176e-06  2.9277e-05  1.9723e-05  1.0614e-06  3.1888e-06   3.478e-09  2.6558e-06
**** FDPS tree soft force time profile (local):
 Sample_ptcl Domain_deco Ex_ptcl     SetRootCell Make_LT     Make_LET    Make_GT     Make_Group  Make_I_list Calc_force  Write_back 
           0           0           0  1.3428e-05  0.00021293   3.027e-05  0.00016861  1.9175e-06  5.7976e-05  0.00053424  4.8403e-05
**** Tree neighbor time profile (local):
 Sample_ptcl Domain_deco Ex_ptcl     SetRootCell Make_LT     Make_LET    Make_GT     Make_Group  Make_I_list Calc_force  Write_back 
           0           0           0  5.5076e-06  9.0236e-05  1.5284e-05  7.3386e-05  2.1197e-07   2.101e-05  5.3553e-05   7.601e-06
**** Number per step (global):
 PP_single   PP_cluster  PP_cross    Cluster     Cross       AR_step_sum
      970.38      29.617           0      13.955           0     0.18945
 AR_tsyn_sum Stab_Ngroup Iso_Ngroup  Form_Ngroup End_Ngroup  Modf_Ngroup Merg_Ngroup H4_step_sum H4_no_NB    Ep-Ep_sum   Ep-Sp_sum  
    0.062012           0           0   0.0097656   0.0029297           0           0      149.99    0.011719  9.9538e+05      1518.1
**** Number of members in clusters (global):
N_members:            1           2           3           4           5           6           7
Count    :       970.38      12.539      1.1821     0.18164    0.046875   0.0029297   0.0019531

Time: 4  N_real(loc): 1000  N_real(glb): 1000  N_all(loc): 1000  N_all(glb): 1000  N_remove(glb): 0  N_escape(glb): 0
Energy:     Error/Total         Error     Error_cum         Total       Kinetic     Potential        Modify  Modify_group Modify_single      Error_PP  Error_PP_cum
Physic:    4.650707e-07  -0.001453798   0.003354097     -3125.972       3109.45     -6235.422  5.473061e-07             0             0   7.23658e-08 -2.742543e-06
Slowdown:  4.650707e-07  -0.001453798   0.003354097     -3125.972       3109.45     -6235.422  5.480066e-07             0             0  1.205579e-07 -2.731667e-06
Angular Momentum:  |L|err: 0.0002550733  |L|err_cum: 0.001962394  L: 48.55412   8.186625    5.079834  |L|: 49.50079
C.M.: mass: 1900 pos: 0.003822378   -0.04668454    -0.09954067 vel: -0.03325421   -0.006365379    0.02250024
Tree step number: 2048
**** Wallclock time per step (local): [Min/Max]
 Total       PP_single   PP_cluster  PP_cross    Tree_NB     Tree_Force  Force_corr  Kick        FindCluster CreateGroup MPI_comm    Output      Status      Other      
   0.0020306   2.281e-05  8.8191e-05           0  0.00036376    0.001471  3.4501e-05  1.6275e-05  3.9043e-05  3.7832e-05  2.0597e-06   3.876e-06  4.4272e-09  7.2687e-06
   0.0020306  2.2846e-05  8.8236e-05           0  0.00035802   0.0014187  3.4556e-05   1.631e-05  3.9086e-05  3.7854e-05  2.0919e-06  3.8762e-06  4.4419e-09  7.3854e-06
**** FDPS tree soft force time profile (local):
 Sample_ptcl Domain_deco Ex_ptcl     SetRootCell Make_LT     Make_LET    Make_GT     Make_Group  Make_I_list Calc_force  Write_back 
           0           0           0  1.9609e-05  0.00025777  3.7267e-05  0.00021691   2.817e-06  6.0556e-05  0.00069582  0.00010671
**** Tree neighbor time profile (local):
 Sample_ptcl Domain_deco Ex_ptcl     SetRootCell Make_LT     Make_LET    Make_GT     Make_Group  Make_I_list Calc_force  Write_back 
           0           0           0  1.9189e-05  0.00010857  1.9002e-05  9.4991e-05  4.2526e-07  2.0529e-05  7.1599e-05  1.1926e-05
**** Number per step (global):
 PP_single   PP_cluster  PP_cross    Cluster     Cross       AR_step_sum
      972.64      27.357           0      13.005           0     0.33252
 AR_tsyn_sum Stab_Ngroup Iso_Ngroup  Form_Ngroup End_Ngroup  Modf_Ngroup Merg_Ngroup H4_step_sum H4_no_NB    Ep-Ep_sum   Ep-Sp_sum  
     0.11816           0           0    0.018066   0.0039062           0           0      136.81    0.019531  9.5532e+05      8040.1
**** Number of members in clusters (global):
N_members:            1           2           3           4           5
Count    :       972.64        11.9       0.875     0.21729    0.012695

Time: 4.5  N_real(loc): 1000  N_real(glb): 1000  N_all(loc): 1000  N_all(glb): 1000  N_remove(glb): 0  N_escape(glb): 0
Energy:     Error/Total         Error     Error_cum         Total       Kinetic     Potential        Modify  Modify_group Modify_single      Error_PP  Error_PP_cum
Physic:   -5.367267e-07   0.001677792   0.005031889      -3125.97      3077.753     -6203.723  5.985967e-07             0             0 -9.367724e-07 -3.679316e-06
Slowdown: -5.367267e-07   0.001677792   0.005031888      -3125.97      3077.753     -6203.723  5.992972e-07             0             0 -9.317234e-07 -3.663391e-06
Angular Momentum:  |L|err: 0.0007597683  |L|err_cum: 0.002722163  L: 48.55389   8.18779    5.080434  |L|: 49.50082
C.M.: mass: 1900 pos: -0.002278715   -0.05088825    -0.08293476 vel: -0.02333145   0.001496132    0.02644921
Tree step number: 2048
**** Wallclock time per step (local): [Min/Max]
 Total       PP_single   PP_cluster  PP_cross    Tree_NB     Tree_Force  Force_corr  Kick        FindCluster CreateGroup MPI_comm    Output      Status      Other      
   0.0017537  2.0309e-05  7.8992e-05           0  0.00031404   0.0012514  3.4643e-05  1.4585e-05  3.4908e-05  3.0165e-05  1.2805e-06   3.747e-06  4.4858e-09  3.8607e-06
   0.0017538  2.0345e-05  7.9036e-05           0  0.00031098   0.0012182  3.4699e-05  1.4619e-05  3.4951e-05  3.0187e-05  1.3123e-06  3.7471e-06  4.5005e-09  3.9459e-06
**** FDPS tree soft force time profile (local):
 Sample_ptcl Domain_deco Ex_ptcl     SetRootCell Make_LT     Make_LET    Make_GT     Make_Group  Make_I_list Calc_force  Write_back 
           0           0           0  2.2606e-05  0.00024089  2.9784e-05  0.00018678  2.4235e-06  5.8345e-05  0.00058219  6.8007e-05
**** Tree neighbor time profile (local):
 Sample_ptcl Domain_deco Ex_ptcl     SetRootCell Make_LT     Make_LET    Make_GT     Make_Group  Make_I_list Calc_force  Write_back 
           0           0           0  1.2358e-05  0.00011154  1.5491e-05  7.8202e-05  4.7794e-07  1.7759e-05  5.0862e-05  6.5225e-06
**** Number per step (global):
 PP_single   PP_cluster  PP_cross    Cluster     Cross       AR_step_sum
      973.15      26.851           0      12.672           0     0.25781
 AR_tsyn_sum Stab_Ngroup Iso_Ngroup  Form_Ngroup End_Ngroup  Modf_Ngroup Merg_Ngroup H4_step_sum H4_no_NB    Ep-Ep_sum   Ep-Sp_sum  
    0.086914           0           0    0.012207   0.0043945           0           0       130.1    0.020996  9.4183e+05        9501
**** Number of members in clusters (global):
N_members:            1           2           3           4           5           6
Count    :       973.15      11.363      1.1367     0.15527   0.0068359   0.0097656

Time: 5  N_real(loc): 1000  N_real(glb): 1000  N_all(loc): 1000  N_all(glb): 1000  N_remove(glb): 0  N_escape(glb): 0
Energy:     Error/Total         Error     Error_cum         Total       Kinetic     Potential        Modify  Modify_group Modify_single      Error_PP  Error_PP_cum
Physic:    5.841147e-07  -0.001825926   0.003205963     -3125.972      2969.901     -6095.873  6.943808e-07             0             0 -6.253333e-07 -4.304649e-06
Slowdown:  5.841147e-07  -0.001825926   0.003205962     -3125.972      2969.901     -6095.873  6.950814e-07             0             0 -6.147951e-07 -4.278186e-06
Angular Momentum:  |L|err: -9.749119e-05  |L|err_cum: 0.002624671  L: 48.55333   8.187725    5.080737  |L|: 49.50029
C.M.: mass: 1900 pos: -0.01376946   -0.04038617    -0.07394821 vel: -0.06502215   0.03941209    -0.02783471
Tree step number: 2048
**** Wallclock time per step (local): [Min/Max]
 Total       PP_single   PP_cluster  PP_cross    Tree_NB     Tree_Force  Force_corr  Kick        FindCluster CreateGroup MPI_comm    Output      Status      Other      
   0.0012096  1.3413e-05   7.937e-05           0  0.00021513  0.00084945  8.2189e-06  5.5683e-06  2.2722e-05  1.5843e-05  8.8749e-07   4.889e-06   3.459e-09  2.9277e-06
   0.0012096  1.3447e-05  7.9413e-05           0  0.00021265  0.00084121  8.2685e-06  5.6161e-06  2.2778e-05  1.5864e-05  9.1932e-07  4.8893e-06  3.4736e-09  2.9986e-06
**** FDPS tree soft force time profile (local):
 Sample_ptcl Domain_deco Ex_ptcl     SetRootCell Make_LT     Make_LET    Make_GT     Make_Group  Make_I_list Calc_force  Write_back 
           0           0           0  6.5228e-06  0.00016871  2.3757e-05  0.00013354  2.3677e-06  5.8579e-05  0.00039446  1.7771e-05
**** Tree neighbor time profile (local):
 Sample_ptcl Domain_deco Ex_ptcl     SetRootCell Make_LT     Make_LET    Make_GT     Make_Group  Make_I_list Calc_force  Write_back 
           0           0           0  3.4016e-06  7.5447e-05  1.3052e-05    5.79e-05  4.2968e-07  1.3659e-05   3.479e-05  5.3179e-06
**** Number per step (global):
 PP_single   PP_cluster  PP_cross    Cluster     Cross       AR_step_sum
      969.37      30.628           0      14.011           0     0.60889
 AR_tsyn_sum Stab_Ngroup Iso_Ngroup  Form_Ngroup End_Ngroup  Modf_Ngroup Merg_Ngroup H4_step_sum H4_no_NB    Ep-Ep_sum   Ep-Sp_sum  
     0.20068           0           0    0.020508   0.0048828           0           0      149.96    0.015137  9.4894e+05        7794
**** Number of members in clusters (global):
N_members:            1           2           3           4           5           6
Count    :       969.37      11.975      1.5542     0.40039    0.077148   0.0048828

Time: 5.5  N_real(loc): 1000  N_real(glb): 1000  N_all(loc): 1000  N_all(glb): 1000  N_remove(glb): 0  N_escape(glb): 0
Energy:     Error/Total         Error     Error_cum         Total       Kinetic     Potential        Modify  Modify_group Modify_single      Error_PP  Error_PP_cum
Physic:    -5.61447e-07   0.001755067   0.004961029      -3125.97       3089.62      -6215.59  7.355026e-07             0             0 -5.687968e-07 -4.873446e-06
Slowdown:  -5.61447e-07   0.001755067   0.004961029      -3125.97       3089.62      -6215.59  7.362029e-07             0             0 -5.738745e-07  -4.85206e-06
Angular Momentum:  |L|err: -0.0001368045  |L|err_cum: 0.002487867  L: 48.5533   8.187308    5.079892  |L|: 49.50011
C.M.: mass: 1900 pos: -0.01536691   -0.02410687    -0.0629412 vel: 0.02984923   -0.009975108    0.05714572
Tree step number: 2048
**** Wallclock time per step (local): [Min/Max]
 Total       PP_single   PP_cluster  PP_cross    Tree_NB     Tree_Force  Force_corr  Kick        FindCluster CreateGroup MPI_comm    Output      Status      Other      
   0.0016728  1.7659e-05   8.349e-05           0  0.00029067   0.0012087  1.9844e-05  7.4491e-06  3.6191e-05  2.6954e-05  1.3245e-06  4.5892e-06  3.6694e-09  3.4474e-06
   0.0016729  1.7698e-05  8.3554e-05           0  0.00028618   0.0011835    1.99e-05  7.4827e-06  3.6241e-05  2.6979e-05  1.3568e-06  4.5896e-06   3.689e-09  3.5432e-06
**** FDPS tree soft force time profile (local):
 Sample_ptcl Domain_deco Ex_ptcl     SetRootCell Make_LT     Make_LET    Make_GT     Make_Group  Make_I_list Calc_force  Write_back 
           0           0           0  1.0545e-05  0.00022364  3.2147e-05  0.00019482  3.2746e-06  5.8945e-05  0.00055945  5.2254e-05
**** Tree neighbor time profile (local):
 Sample_ptcl Domain_deco Ex_ptcl     SetRootCell Make_LT     Make_LET    Make_GT     Make_Group  Make_I_list Calc_force  Write_back 
           0           0           0  6.0472e-06  9.6981e-05  1.7259e-05  7.1572e-05  5.1078e-07   1.661e-05  4.8006e-05  9.4833e-06
**** Number per step (global):
 PP_single   PP_cluster  PP_cross    Cluster     Cross       AR_step_sum
      975.76      24.244           0      11.605           0     0.45605
 AR_tsyn_sum Stab_Ngroup Iso_Ngroup  Form_Ngroup End_Ngroup  Modf_Ngroup Merg_Ngroup H4_step_sum H4_no_NB    Ep-Ep_sum   Ep-Sp_sum  
     0.16309           0           0    0.015137    0.003418           0           0       121.3    0.020508  9.4462e+05      8348.4
**** Number of members in clusters (global):
N_members:            1           2           3           4           5           6
Count    :       975.76      10.706     0.79102    0.086914    0.016602   0.0048828

Time: 6  N_real(loc): 1000  N_real(glb): 1000  N_all(loc): 1000  N_all(glb): 1000  N_remove(glb): 0  N_escape(glb): 0
Energy:     Error/Total         Error     Error_cum         Total       Kinetic     Potential        Modify  Modify_group Modify_single      Error_PP  Error_PP_cum
Physic:     2.71969e-07 -0.0008501672   0.004110862     -3125.971      3448.397     -6574.368  9.103065e-07             0             0  -5.83502e-07 -5.456948e-06
Slowdown:   2.71969e-07 -0.0008501672   0.004110861     -3125.971      3448.397     -6574.368  9.110069e-07             0             0 -6.269483e-07 -5.479009e-06
Angular Momentum:  |L|err: -0.0001519406  |L|err_cum: 0.002335926  L: 48.55287   8.187168    5.080235  |L|: 49.4997
C.M.: mass: 1900 pos: 0.02267409   -0.01328036    -0.02774993 vel: 0.1135153   0.05180659    0.07386753
Tree step number: 2048
**** Wallclock time per step (local): [Min/Max]
 Total       PP_single   PP_cluster  PP_cross    Tree_NB     Tree_Force  Force_corr  Kick        FindCluster CreateGroup MPI_comm    Output      Status      Other      
   0.0021608  2.4509e-05  0.00011056           0  0.00038059   0.0015433  5.1222e-05  2.2059e-05  5.9949e-05  2.6471e-05  2.3992e-06  3.9848e-06  3.9819e-09  3.9511e-06
   0.0021608  2.4545e-05  0.00011061           0   0.0003685   0.0014848  5.1333e-05  2.2094e-05  5.9995e-05  2.6493e-05  2.4316e-06   3.985e-06  3.9966e-09  4.0411e-06
**** FDPS tree soft force time profile (local):
 Sample_ptcl Domain_deco Ex_ptcl     SetRootCell Make_LT     Make_LET    Make_GT     Make_Group  Make_I_list Calc_force  Write_back 
           0           0           0  2.7986e-05  0.00031132   3.385e-05  0.00023639  3.0325e-06  5.6556e-05  0.00069873  0.00011897
**** Tree neighbor time profile (local):
 Sample_ptcl Domain_deco Ex_ptcl     SetRootCell Make_LT     Make_LET    Make_GT     Make_Group  Make_I_list Calc_force  Write_back 
           0           0           0  8.9088e-06  0.00011163  1.7146e-05  0.00010284  3.8703e-07  1.9886e-05  8.5496e-05  2.4604e-05
**** Number per step (global):
 PP_single   PP_cluster  PP_cross    Cluster     Cross       AR_step_sum
       970.2      29.804           0      14.275           0     0.49023
 AR_tsyn_sum Stab_Ngroup Iso_Ngroup  Form_Ngroup End_Ngroup  Modf_Ngroup Merg_Ngroup H4_step_sum H4_no_NB    Ep-Ep_sum   Ep-Sp_sum  
     0.17578           0           0    0.013672    0.003418           0           0      150.32   0.0039062  9.6755e+05      4538.2
**** Number of members in clusters (global):
N_members:            1           2           3           4           5
Count    :        970.2      13.158      1.0161    0.063477    0.037109

Time: 6.5  N_real(loc): 1000  N_real(glb): 1000  N_all(loc): 1000  N_all(glb): 1000  N_remove(glb): 0  N_escape(glb): 0
Energy:     Error/Total         Error     Error_cum         Total       Kinetic     Potential        Modify  Modify_group Modify_single      Error_PP  Error_PP_cum
Physic:   -4.228972e-07   0.001321964   0.005432826      -3125.97      3181.304     -6307.274  9.557033e-07             0             0 -2.140653e-07 -5.671013e-06
Slowdown: -4.228972e-07   0.001321964   0.005432825      -3125.97      3181.304     -6307.274  9.563527e-07             0             0 -2.250657e-07 -5.704074e-06
Angular Momentum:  |L|err: 0.0003666864  |L|err_cum: 0.002702613  L: 48.55284   8.187666    5.080607  |L|: 49.49978
C.M.: mass: 1900 pos: 0.07724951   -0.0007525827    0.0009916978 vel: 0.1110073   -0.00585913    0.02064833
Tree step number: 2048
**** Wallclock time per step (local): [Min/Max]
 Total       PP_single   PP_cluster  PP_cross    Tree_NB     Tree_Force  Force_corr  Kick        FindCluster CreateGroup MPI_comm    Output      Status      Other      
   0.0021574  2.4476e-05  9.1654e-05           0  0.00038257   0.0015595  4.6961e-05  2.3036e-05   5.312e-05  3.2662e-05  2.1298e-06   3.857e-06   3.229e-09  5.5559e-06
   0.0021575  2.4513e-05   9.171e-05           0  0.00037472   0.0014972   4.702e-05  2.3071e-05  5.3166e-05  3.2685e-05  2.1624e-06  3.8571e-06  3.2974e-09  5.6592e-06
**** FDPS tree soft force time profile (local):
 Sample_ptcl Domain_deco Ex_ptcl     SetRootCell Make_LT     Make_LET    Make_GT     Make_Group  Make_I_list Calc_force  Write_back 
           0           0           0  3.0001e-05  0.00031462  4.1084e-05   0.0002297  2.7872e-06  6.5172e-05  0.00068581  0.00012684
**** Tree neighbor time profile (local):
 Sample_ptcl Domain_deco Ex_ptcl     SetRootCell Make_LT     Make_LET    Make_GT     Make_Group  Make_I_list Calc_force  Write_back 
           0           0           0  1.2492e-05  0.00011814  2.4306e-05  9.1374e-05  4.2058e-07  2.1921e-05  8.5599e-05   1.612e-05
**** Number per step (global):
 PP_single   PP_cluster  PP_cross    Cluster     Cross       AR_step_sum
      972.27      27.726           0      13.083           0     0.34082
 AR_tsyn_sum Stab_Ngroup Iso_Ngroup  Form_Ngroup End_Ngroup  Modf_Ngroup Merg_Ngroup H4_step_sum H4_no_NB    Ep-Ep_sum   Ep-Sp_sum  
     0.12061           0           0    0.019531   0.0043945           0           0      137.35    0.035156  9.6137e+05      6524.3
**** Number of members in clusters (global):
N_members:            1           2           3           4           5           6
Count    :       972.27      11.832      1.0327     0.15039    0.046875    0.021484

Time: 7  N_real(loc): 1000  N_real(glb): 1000  N_all(loc): 1000  N_all(glb): 1000  N_remove(glb): 0  N_escape(glb): 0
Energy:     Error/Total         Error     Error_cum         Total       Kinetic     Potential        Modify  Modify_group Modify_single      Error_PP  Error_PP_cum
Physic:    8.276365e-07  -0.002587169   0.002845657     -3125.973      3294.667     -6420.639  9.651182e-07             0             0 -3.555351e-07 -6.026548e-06
Slowdown:  8.276365e-07  -0.002587169   0.002845656     -3125.973      3294.667     -6420.639  9.657677e-07             0             0 -3.790944e-07 -6.083169e-06
Angular Momentum:  |L|err: 0.001020573  |L|err_cum: 0.003723185  L: 48.55229   8.187985    5.079105  |L|: 49.49915
C.M.: mass: 1900 pos: 0.1126253   -0.003774644    0.01048539 vel: 0.0086202   0.04646018    0.006179044
Tree step number: 2048
**** Wallclock time per step (local): [Min/Max]
 Total       PP_single   PP_cluster  PP_cross    Tree_NB     Tree_Force  Force_corr  Kick        FindCluster CreateGroup MPI_comm    Output      Status      Other      
   0.0021894  2.8894e-05  8.7365e-05           0  0.00043908   0.0015298  3.0179e-05  1.9171e-05    4.06e-05  4.3503e-05  3.4135e-06  4.0501e-06  4.2998e-09   4.406e-06
   0.0021894  2.8932e-05  8.7409e-05           0  0.00043301   0.0014925  3.0235e-05  1.9206e-05  4.0661e-05  4.3526e-05  3.4456e-06  4.0503e-06  4.3145e-09  4.5021e-06
**** FDPS tree soft force time profile (local):
 Sample_ptcl Domain_deco Ex_ptcl     SetRootCell Make_LT     Make_LET    Make_GT     Make_Group  Make_I_list Calc_force  Write_back 
           0           0           0  2.6009e-05  0.00027982  3.9103e-05  0.00023015  2.9898e-06  6.4884e-05  0.00068704  7.6402e-05
**** Tree neighbor time profile (local):
 Sample_ptcl Domain_deco Ex_ptcl     SetRootCell Make_LT     Make_LET    Make_GT     Make_Group  Make_I_list Calc_force  Write_back 
           0           0           0  2.4729e-05  0.00014537  2.2275e-05  0.00010766  5.6776e-07  1.8627e-05  5.8298e-05  1.2589e-05
**** Number per step (global):
 PP_single   PP_cluster  PP_cross    Cluster     Cross       AR_step_sum
      973.22      26.783           0      12.513           0     0.37646
 AR_tsyn_sum Stab_Ngroup Iso_Ngroup  Form_Ngroup End_Ngroup  Modf_Ngroup Merg_Ngroup H4_step_sum H4_no_NB    Ep-Ep_sum   Ep-Sp_sum  
     0.13818           0           0    0.018555   0.0048828           0           0      131.42    0.016602  9.1639e+05       13312
**** Number of members in clusters (global):
N_members:            1           2           3           4           5
Count    :       973.22      10.937      1.4287     0.11328     0.03418

Time: 7.5  N_real(loc): 1000  N_real(glb): 1000  N_all(loc): 1000  N_all(glb): 1000  N_remove(glb): 0  N_escape(glb): 0
Energy:     Error/Total         Error     Error_cum         Total       Kinetic     Potential        Modify  Modify_group Modify_single      Error_PP  Error_PP_cum
Physic:    1.206123e-07 -0.0003770309   0.002468626     -3125.973      3290.281     -6416.254  1.029493e-06             0             0 -3.119686e-07 -6.338517e-06
Slowdown:  1.206123e-07 -0.0003770309   0.002468625     -3125.973      3290.281     -6416.254  1.030143e-06             0             0 -3.043727e-07 -6.387541e-06
Angular Momentum:  |L|err: 0.0005145995  |L|err_cum: 0.004237785  L: 48.55212   8.188683    5.079342  |L|: 49.49912
C.M.: mass: 1900 pos: 0.1144764   0.01946789    0.03048935 vel: 0.01670019   0.07838694    0.01072848
Tree step number: 2048
**** Wallclock time per step (local): [Min/Max]
 Total       PP_single   PP_cluster  PP_cross    Tree_NB     Tree_Force  Force_corr  Kick        FindCluster CreateGroup MPI_comm    Output      Status      Other      
   0.0018566  3.2064e-05  8.3985e-05           0  0.00033854   0.0013088  1.4897e-05  2.4037e-05  2.8956e-05  4.0403e-05  1.1899e-06  3.4028e-06  3.6641e-09  2.9476e-06
   0.0018567   3.211e-05  8.4027e-05           0  0.00033569   0.0012866  1.4949e-05  2.4071e-05  2.8999e-05  4.0425e-05  1.2219e-06  3.4031e-06  3.6787e-09  3.0425e-06
**** FDPS tree soft force time profile (local):
 Sample_ptcl Domain_deco Ex_ptcl     SetRootCell Make_LT     Make_LET    Make_GT     Make_Group  Make_I_list Calc_force  Write_back 
           0           0           0  1.7504e-05  0.00028852   2.998e-05  0.00018757   2.685e-06   8.277e-05  0.00052402   4.627e-05
**** Tree neighbor time profile (local):
 Sample_ptcl Domain_deco Ex_ptcl     SetRootCell Make_LT     Make_LET    Make_GT     Make_Group  Make_I_list Calc_force  Write_back 
           0           0           0  1.5803e-05  0.00010421  1.5071e-05    9.53e-05  5.9486e-07  2.0023e-05   3.156e-05  6.1205e-06
**** Number per step (global):
 PP_single   PP_cluster  PP_cross    Cluster     Cross       AR_step_sum
      973.53       26.47           0      12.147           0     0.12256
 AR_tsyn_sum Stab_Ngroup Iso_Ngroup  Form_Ngroup End_Ngroup  Modf_Ngroup Merg_Ngroup H4_step_sum H4_no_NB    Ep-Ep_sum   Ep-Sp_sum  
    0.041016           0           0   0.0058594   0.0019531           0           0      129.77   0.0092773  8.6894e+05       21638
**** Number of members in clusters (global):
N_members:            1           2           3           4           5           6
Count    :       973.53      10.515      1.2222      0.2832     0.12109   0.0058594

Time: 8  N_real(loc): 1000  N_real(glb): 1000  N_all(loc): 1000  N_all(glb): 1000  N_remove(glb): 0  N_escape(glb): 0
Energy:     Error/Total         Error     Error_cum         Total       Kinetic     Potential        Modify  Modify_group Modify_single      Error_PP  Error_PP_cum
Physic:   -2.659529e-07  0.0008313613   0.003299987     -3125.972      3092.727     -6218.699  1.159436e-06             0             0 -1.711997e-06 -8.050513e-06
Slowdown: -2.659529e-07  0.0008313613   0.003299987     -3125.972      3092.727     -6218.699  1.160091e-06             0             0 -1.708141e-06 -8.095683e-06
Angular Momentum:  |L|err: 0.001387674  |L|err_cum: 0.005625459  L: 48.55237   8.190201    5.078977  |L|: 49.49958
C.M.: mass: 1900 pos: 0.09114072   0.01875105    0.03560086 vel: -0.04183529   -0.008089223    -0.04281103
Tree step number: 2048
**** Wallclock time per step (local): [Min/Max]
 Total       PP_single   PP_cluster  PP_cross    Tree_NB     Tree_Force  Force_corr  Kick        FindCluster CreateGroup MPI_comm    Output      Status      Other      
   0.0015087  1.5231e-05  8.1074e-05           0  0.00027185   0.0010761  1.0209e-05  6.8145e-06  2.8057e-05  2.4871e-05  1.1062e-06  3.7737e-06  5.6455e-09  2.8288e-06
   0.0015088  1.5267e-05  8.1116e-05           0  0.00026975   0.0010632  1.0261e-05  6.8479e-06  2.8098e-05  2.4892e-05  1.1385e-06  3.7738e-06  5.6602e-09   2.918e-06
**** FDPS tree soft force time profile (local):
 Sample_ptcl Domain_deco Ex_ptcl     SetRootCell Make_LT     Make_LET    Make_GT     Make_Group  Make_I_list Calc_force  Write_back 
           0           0           0  1.2157e-05  0.00019433  2.5875e-05  0.00016259  3.6774e-06  6.3265e-05  0.00049423  2.7592e-05
**** Tree neighbor time profile (local):
 Sample_ptcl Domain_deco Ex_ptcl     SetRootCell Make_LT     Make_LET    Make_GT     Make_Group  Make_I_list Calc_force  Write_back 
           0           0           0  7.0675e-06  8.5669e-05  1.4411e-05   7.841e-05  5.7402e-07  1.3986e-05  3.0164e-05  4.6001e-06
**** Number per step (global):
 PP_single   PP_cluster  PP_cross    Cluster     Cross       AR_step_sum
      970.72       29.28           0      13.682           0     0.38623
 AR_tsyn_sum Stab_Ngroup Iso_Ngroup  Form_Ngroup End_Ngroup  Modf_Ngroup Merg_Ngroup H4_step_sum H4_no_NB    Ep-Ep_sum   Ep-Sp_sum  
     0.12988           0           0    0.011719   0.0024414           0           0      149.27    0.017578  8.8486e+05       17891
**** Number of members in clusters (global):
N_members:            1           2           3           4           5           6
Count    :       970.72      12.007      1.4888     0.14062    0.038086   0.0078125

Time: 8.5  N_real(loc): 1000  N_real(glb): 1000  N_all(loc): 1000  N_all(glb): 1000  N_remove(glb): 0  N_escape(glb): 0
Energy:     Error/Total         Error     Error_cum         Total       Kinetic     Potential        Modify  Modify_group Modify_single      Error_PP  Error_PP_cum
Physic:    4.458584e-07  -0.001393742   0.001906246     -3125.973      2963.259     -6089.233  1.155852e-06             0             0 -1.622123e-07 -8.212726e-06
Slowdown:  4.458584e-07  -0.001393742   0.001906245     -3125.973      2963.259     -6089.233  1.156506e-06             0             0 -1.456758e-07 -8.241359e-06
Angular Momentum:  |L|err: 5.083208e-05  |L|err_cum: 0.005676291  L: 48.55216   8.190015    5.07858  |L|: 49.4993
C.M.: mass: 1900 pos: 0.04666852   0.003804559    0.04067128 vel: -0.08172605   -0.04142804    0.02324882
Tree step number: 2048
**** Wallclock time per step (local): [Min/Max]
 Total       PP_single   PP_cluster  PP_cross    Tree_NB     Tree_Force  Force_corr  Kick        FindCluster CreateGroup MPI_comm    Output      Status      Other      
   0.0021486   3.549e-05  9.1151e-05           0  0.00034858   0.0015818  3.2611e-05  2.0302e-05  3.2831e-05  3.3302e-05  2.3697e-06   3.687e-06  4.3198e-09  3.7778e-06
   0.0021486  3.5527e-05  9.1196e-05           0  0.00034578   0.0015451  3.2665e-05  2.0337e-05  3.2876e-05  3.3325e-05  2.4016e-06  3.6871e-06  4.3687e-09  3.8757e-06
**** FDPS tree soft force time profile (local):
 Sample_ptcl Domain_deco Ex_ptcl     SetRootCell Make_LT     Make_LET    Make_GT     Make_Group  Make_I_list Calc_force  Write_back 
           0           0           0  2.7899e-05  0.00041459  3.8722e-05  0.00020324  2.5423e-06  5.8986e-05  0.00066294  7.5341e-05
**** Tree neighbor time profile (local):
 Sample_ptcl Domain_deco Ex_ptcl     SetRootCell Make_LT     Make_LET    Make_GT     Make_Group  Make_I_list Calc_force  Write_back 
           0           0           0  9.3652e-06  0.00011113  1.6184e-05  9.2207e-05  5.6426e-07  1.5705e-05  5.7565e-05  6.8832e-06
**** Number per step (global):
 PP_single   PP_cluster  PP_cross    Cluster     Cross       AR_step_sum
      975.72      24.281           0      11.573           0     0.13721
 AR_tsyn_sum Stab_Ngroup Iso_Ngroup  Form_Ngroup End_Ngroup  Modf_Ngroup Merg_Ngroup H4_step_sum H4_no_NB    Ep-Ep_sum   Ep-Sp_sum  
    0.046387           0           0   0.0087891   0.0014648           0           0       121.6    0.011719  9.1087e+05       13716
**** Number of members in clusters (global):
N_members:            1           2           3           4           5
Count    :       975.72      10.613     0.80664     0.13086    0.022461

Time: 9  N_real(loc): 1000  N_real(glb): 1000  N_all(loc): 1000  N_all(glb): 1000  N_remove(glb): 0  N_escape(glb): 0
Energy:     Error/Total         Error     Error_cum         Total       Kinetic     Potential        Modify  Modify_group Modify_single      Error_PP  Error_PP_cum
Physic:    5.853014e-07  -0.001829638   7.66084e-05     -3125.975       3375.73     -6501.705  1.057887e-06             0             0 -1.334666e-06 -9.547391e-06
Slowdown:  5.853014e-07  -0.001829638  7.660775e-05     -3125.975       3375.73     -6501.705  1.058542e-06             0             0 -1.340139e-06 -9.581498e-06
Angular Momentum:  |L|err: 0.001430901  |L|err_cum: 0.007107192  L: 48.5526   8.191653    5.078418  |L|: 49.49999
C.M.: mass: 1900 pos: 0.0045584   -0.03791486    0.0535636 vel: -0.04507632   -0.08402633    0.03680344
Tree step number: 2048
**** Wallclock time per step (local): [Min/Max]
 Total       PP_single   PP_cluster  PP_cross    Tree_NB     Tree_Force  Force_corr  Kick        FindCluster CreateGroup MPI_comm    Output      Status      Other      
   0.0019804   1.968e-05   8.531e-05           0  0.00036533    0.001419   3.315e-05   1.795e-05  4.0388e-05  3.5558e-05  1.4191e-06  3.4502e-06  3.3901e-09  3.2509e-06
   0.0019805  1.9717e-05  8.5362e-05           0  0.00035778   0.0013804  3.3398e-05  1.7984e-05  4.0432e-05   3.558e-05   1.451e-06  3.4504e-06  3.4048e-09  3.3407e-06
**** FDPS tree soft force time profile (local):
 Sample_ptcl Domain_deco Ex_ptcl     SetRootCell Make_LT     Make_LET    Make_GT     Make_Group  Make_I_list Calc_force  Write_back 
           0           0           0  1.9104e-05  0.00025864  3.7638e-05  0.00019652   2.383e-06  5.3459e-05    0.000699  7.9053e-05
**** Tree neighbor time profile (local):
 Sample_ptcl Domain_deco Ex_ptcl     SetRootCell Make_LT     Make_LET    Make_GT     Make_Group  Make_I_list Calc_force  Write_back 
           0           0           0  1.1605e-05  0.00011821  1.9225e-05  8.9358e-05  4.0785e-07   1.402e-05  7.8509e-05  1.5545e-05
**** Number per step (global):
 PP_single   PP_cluster  PP_cross    Cluster     Cross       AR_step_sum
      974.05      25.953           0      11.564           0     0.40967
 AR_tsyn_sum Stab_Ngroup Iso_Ngroup  Form_Ngroup End_Ngroup  Modf_Ngroup Merg_Ngroup H4_step_sum H4_no_NB    Ep-Ep_sum   Ep-Sp_sum  
     0.15137           0           0    0.015137   0.0029297           0           0      136.01    0.033691   9.275e+05       11021
**** Number of members in clusters (global):
N_members:            1           2           3           4           5           6           7           8           9          10          11
Count    :       974.05      9.8848      1.1826     0.29004    0.068359    0.035156    0.015625    0.026367    0.016602    0.041016   0.0039062

Time: 9.5  N_real(loc): 1000  N_real(glb): 1000  N_all(loc): 1000  N_all(glb): 1000  N_remove(glb): 0  N_escape(glb): 0
Energy:     Error/Total         Error     Error_cum         Total       Kinetic     Potential        Modify  Modify_group Modify_single      Error_PP  Error_PP_cum
Physic:   -3.519315e-07   0.001100129   0.001176737     -3125.974      3392.397     -6518.371  1.068928e-06             0             0 -1.303732e-06 -1.085112e-05
Slowdown: -3.519315e-07   0.001100129   0.001176737     -3125.974      3392.397     -6518.371  1.069594e-06             0             0 -1.285179e-06 -1.086668e-05
Angular Momentum:  |L|err: -0.000152936  |L|err_cum: 0.006954256  L: 48.55312   8.191423    5.07812  |L|: 49.50043
C.M.: mass: 1900 pos: -0.02273477   -0.06886233    0.07444208 vel: -0.04167854   -0.08526585    0.03763366
Tree step number: 2048
**** Wallclock time per step (local): [Min/Max]
 Total       PP_single   PP_cluster  PP_cross    Tree_NB     Tree_Force  Force_corr  Kick        FindCluster CreateGroup MPI_comm    Output      Status      Other      
   0.0013732  1.3407e-05  8.0024e-05           0  0.00024832   0.0009637   8.672e-06  5.3586e-06  3.2095e-05  2.1078e-05  5.1091e-06   3.377e-06  3.0381e-09  3.1879e-06
   0.0013732  1.3442e-05  8.0067e-05           0  0.00024535  0.00095369  8.7229e-06   5.392e-06  3.2137e-05  2.1099e-05  5.1415e-06  3.3773e-06  3.0527e-09  3.2661e-06
**** FDPS tree soft force time profile (local):
 Sample_ptcl Domain_deco Ex_ptcl     SetRootCell Make_LT     Make_LET    Make_GT     Make_Group  Make_I_list Calc_force  Write_back 
           0           0           0  8.4304e-06  0.00020489  2.6892e-05  0.00016155  2.3552e-06  6.7385e-05   0.0004037  2.1301e-05
**** Tree neighbor time profile (local):
 Sample_ptcl Domain_deco Ex_ptcl     SetRootCell Make_LT     Make_LET    Make_GT     Make_Group  Make_I_list Calc_force  Write_back 
           0           0           0  5.8288e-06  8.5615e-05  1.7315e-05  6.9151e-05  5.5744e-07  1.4913e-05  2.9442e-05  6.2843e-06
**** Number per step (global):
 PP_single   PP_cluster  PP_cross    Cluster     Cross       AR_step_sum
      972.39      27.605           0      12.733           0     0.63574
 AR_tsyn_sum Stab_Ngroup Iso_Ngroup  Form_Ngroup End_Ngroup  Modf_Ngroup Merg_Ngroup H4_step_sum H4_no_NB    Ep-Ep_sum   Ep-Sp_sum  
     0.21924           0           0    0.026855   0.0068359           0           0      135.26    0.065918  8.8391e+05       19340
**** Number of members in clusters (global):
N_members:            1           2           3           4           5           6           7
Count    :       972.39      11.085      1.3628     0.17578    0.022949    0.073242    0.012695

Time: 10  N_real(loc): 1000  N_real(glb): 1000  N_all(loc): 1000  N_all(glb): 1000  N_remove(glb): 0  N_escape(glb): 0
Energy:     Error/Total         Error     Error_cum         Total       Kinetic     Potential        Modify  Modify_group Modify_single      Error_PP  Error_PP_cum
Physic:    5.423224e-08 -0.0001695286   0.001007209     -3125.974      3191.395      -6317.37  1.120479e-06             0             0 -2.134952e-06 -1.298607e-05
Slowdown:  5.423237e-08  -0.000169529   0.001007208     -3125.974      3191.395      -6317.37  1.121563e-06             0             0 -2.151672e-06 -1.301835e-05
Angular Momentum:  |L|err: -9.084808e-06  |L|err_cum: 0.006945171  L: 48.55372   8.191343    5.077919  |L|: 49.50098
C.M.: mass: 1900 pos: -0.05277357   -0.07168824    0.07277233 vel: -0.03465333   0.01266452    -0.04073704
Tree step number: 2048
**** Wallclock time per step (local): [Min/Max]
 Total       PP_single   PP_cluster  PP_cross    Tree_NB     Tree_Force  Force_corr  Kick        FindCluster CreateGroup MPI_comm    Output      Status      Other      
   0.0015611  1.3297e-05  7.8548e-05           0  0.00026157   0.0011418  8.9707e-06  5.2149e-06  2.3287e-05  2.9585e-05  1.0181e-06  3.5403e-06  4.0117e-09  2.1593e-06
   0.0015611  1.3331e-05  7.8588e-05           0  0.00025944    0.001134  9.0209e-06  5.2478e-06  2.3325e-05  2.9605e-05  1.0495e-06  3.5405e-06  4.0264e-09  2.2704e-06
**** FDPS tree soft force time profile (local):
 Sample_ptcl Domain_deco Ex_ptcl     SetRootCell Make_LT     Make_LET    Make_GT     Make_Group  Make_I_list Calc_force  Write_back 
           0           0           0  7.9186e-06  0.00016771  2.3671e-05  0.00015816  2.5945e-06  6.0886e-05  0.00057747  1.7094e-05
**** Tree neighbor time profile (local):
 Sample_ptcl Domain_deco Ex_ptcl     SetRootCell Make_LT     Make_LET    Make_GT     Make_Group  Make_I_list Calc_force  Write_back 
           0           0           0  4.2311e-06  7.2181e-05  1.3421e-05  7.6148e-05  5.6097e-07  1.4762e-05   2.593e-05  4.6329e-06
**** Number per step (global):
 PP_single   PP_cluster  PP_cross    Cluster     Cross       AR_step_sum
      969.98       30.02           0      13.504           0     0.80615
 AR_tsyn_sum Stab_Ngroup Iso_Ngroup  Form_Ngroup End_Ngroup  Modf_Ngroup Merg_Ngroup H4_step_sum H4_no_NB    Ep-Ep_sum   Ep-Sp_sum  
     0.29395           0           0    0.025879   0.0068359           0           0      153.62    0.046387    8.75e+05       19611
**** Number of members in clusters (global):
N_members:            1           2           3           4           5           6           7           8
Count    :       969.98      11.379      1.5518     0.36328     0.13721    0.054688   0.0063477    0.011719

Time: 10.5  N_real(loc): 1000  N_real(glb): 1000  N_all(loc): 1000  N_all(glb): 1000  N_remove(glb): 0  N_escape(glb): 0
Energy:     Error/Total         Error     Error_cum         Total       Kinetic     Potential        Modify  Modify_group Modify_single      Error_PP  Error_PP_cum
Physic:   -5.421023e-07   0.001694597   0.002701805     -3125.973      3146.954     -6272.926  1.308775e-06             0             0 -8.638915e-07 -1.384997e-05
Slowdown: -5.421022e-07   0.001694597   0.002701804     -3125.973      3146.954     -6272.926  1.309984e-06             0             0 -8.657589e-07 -1.388411e-05
Angular Momentum:  |L|err: 9.516929e-05  |L|err_cum: 0.007040341  L: 48.55362   8.191521    5.078068  |L|: 49.50093
C.M.: mass: 1900 pos: -0.06727413   -0.06162417    0.05486274 vel: -0.06014679   0.02875396    -0.01369179
Tree step number: 2048
**** Wallclock time per step (local): [Min/Max]
 Total       PP_single   PP_cluster  PP_cross    Tree_NB     Tree_Force  Force_corr  Kick        FindCluster CreateGroup MPI_comm    Output      Status      Other      
   0.0017389  1.9424e-05  7.3464e-05           0  0.00031426   0.0012578  1.7073e-05  8.4802e-06  2.7232e-05  2.9976e-05  1.2411e-06  5.1982e-06   3.811e-09  2.6794e-06
   0.0017389   1.946e-05  7.3507e-05           0  0.00031133   0.0012406  1.7125e-05  8.5134e-06  2.7289e-05  2.9997e-05  1.2728e-06  5.1983e-06  3.8257e-09  2.7829e-06
**** FDPS tree soft force time profile (local):
 Sample_ptcl Domain_deco Ex_ptcl     SetRootCell Make_LT     Make_LET    Make_GT     Make_Group  Make_I_list Calc_force  Write_back 
           0           0           0  1.6019e-05  0.00021226  2.8952e-05  0.00017594  2.8108e-06  5.4479e-05  0.00063788  3.6236e-05
**** Tree neighbor time profile (local):
 Sample_ptcl Domain_deco Ex_ptcl     SetRootCell Make_LT     Make_LET    Make_GT     Make_Group  Make_I_list Calc_force  Write_back 
           0           0           0  7.8593e-06  8.7602e-05  1.5178e-05  9.4013e-05  5.3625e-07  1.3096e-05  5.4498e-05  6.2579e-06
**** Number per step (global):
 PP_single   PP_cluster  PP_cross    Cluster     Cross       AR_step_sum
      977.54      22.463           0       10.21           0     0.34521
 AR_tsyn_sum Stab_Ngroup Iso_Ngroup  Form_Ngroup End_Ngroup  Modf_Ngroup Merg_Ngroup H4_step_sum H4_no_NB    Ep-Ep_sum   Ep-Sp_sum  
     0.12109           0           0    0.019043   0.0053711           0           0      111.12    0.031738  8.9935e+05       15162
**** Number of members in clusters (global):
N_members:            1           2           3           4           5           6           7
Count    :       977.54      8.8809     0.84668     0.31934      0.1123    0.036133    0.015137

Time: 11  N_real(loc): 1000  N_real(glb): 1000  N_all(loc): 1000  N_all(glb): 1000  N_remove(glb): 0  N_escape(glb): 0
Energy:     Error/Total         Error     Error_cum         Total       Kinetic     Potential        Modify  Modify_group Modify_single      Error_PP  Error_PP_cum
Physic:     4.66816e-07  -0.001459255   0.001242551     -3125.974      3172.947     -6298.922  1.253814e-06             0             0 -8.137238e-07 -1.466369e-05
Slowdown:   4.66816e-07  -0.001459255   0.001242549     -3125.974      3172.947     -6298.922  1.255024e-06             0             0 -8.013028e-07 -1.468541e-05
Angular Momentum:  |L|err: -0.0001343855  |L|err_cum: 0.006905955  L: 48.55446   8.191198    5.077816  |L|: 49.50167
C.M.: mass: 1900 pos: -0.07546453   -0.03986652    0.04032428 vel: -0.02217672   0.03268646    -0.09289522
Tree step number: 2048
**** Wallclock time per step (local): [Min/Max]
 Total       PP_single   PP_cluster  PP_cross    Tree_NB     Tree_Force  Force_corr  Kick        FindCluster CreateGroup MPI_comm    Output      Status      Other      
   0.0022962  2.2439e-05  9.0851e-05           0  0.00041894   0.0016537  4.3478e-05  2.2715e-05  3.9659e-05  5.1443e-05  2.8757e-06  3.7662e-06  4.6621e-09   5.567e-06
   0.0022962  2.2476e-05   9.091e-05           0  0.00041277   0.0015978  4.3551e-05  2.2751e-05  3.9703e-05  5.1466e-05  2.9084e-06  3.7665e-06  4.6768e-09   5.739e-06
**** FDPS tree soft force time profile (local):
 Sample_ptcl Domain_deco Ex_ptcl     SetRootCell Make_LT     Make_LET    Make_GT     Make_Group  Make_I_list Calc_force  Write_back 
           0           0           0  3.8572e-05  0.00030741  3.3624e-05  0.00024337  2.7407e-06  6.1949e-05   0.0007233   0.0001137
**** Tree neighbor time profile (local):
 Sample_ptcl Domain_deco Ex_ptcl     SetRootCell Make_LT     Make_LET    Make_GT     Make_Group  Make_I_list Calc_force  Write_back 
           0           0           0  2.3878e-05   0.0001358   2.362e-05  0.00010501   5.587e-07   1.906e-05  5.3244e-05  1.2742e-05
**** Number per step (global):
 PP_single   PP_cluster  PP_cross    Cluster     Cross       AR_step_sum
      974.96      25.042           0      11.355           0     0.50049
 AR_tsyn_sum Stab_Ngroup Iso_Ngroup  Form_Ngroup End_Ngroup  Modf_Ngroup Merg_Ngroup H4_step_sum H4_no_NB    Ep-Ep_sum   Ep-Sp_sum  
     0.18555           0           0    0.022949   0.0063477           0           0      133.48    0.021484  9.0971e+05       11225
**** Number of members in clusters (global):
N_members:            1           2           3           4           5           6
Count    :       974.96      9.5562      1.3838     0.30225     0.11035   0.0029297

Time: 11.5  N_real(loc): 1000  N_real(glb): 1000  N_all(loc): 1000  N_all(glb): 1000  N_remove(glb): 0  N_escape(glb): 0
Energy:     Error/Total         Error     Error_cum         Total       Kinetic     Potential        Modify  Modify_group Modify_single      Error_PP  Error_PP_cum
Physic:   -2.285209e-07  0.0007143501   0.001956901     -3125.973      3021.043     -6147.017   7.32404e-07             0             0 -2.280654e-06 -1.694434e-05
Slowdown: -2.285209e-07  0.0007143501     0.0019569     -3125.973      3021.043     -6147.017  7.336144e-07             0             0 -2.338126e-06 -1.702354e-05
Angular Momentum:  |L|err: 0.0002473449  |L|err_cum: 0.0071533  L: 48.55502   8.191496    5.078037  |L|: 49.5023
C.M.: mass: 1900 pos: -0.07209198   -0.003026214    -0.01118099 vel: -0.02015004   0.083019    -0.05161713
Tree step number: 2048
**** Wallclock time per step (local): [Min/Max]
 Total       PP_single   PP_cluster  PP_cross    Tree_NB     Tree_Force  Force_corr  Kick        FindCluster CreateGroup MPI_comm    Output      Status      Other      
   0.0019918  1.7711e-05  9.0015e-05           0  0.00037506   0.0014348  2.8885e-05  1.2964e-05  3.0055e-05  3.1739e-05  1.8956e-06  4.4148e-06   4.085e-09  3.2397e-06
   0.0019918  1.7756e-05   9.006e-05           0  0.00036965   0.0013991  2.8941e-05  1.2999e-05  3.0099e-05  3.1841e-05  1.9282e-06   4.415e-06  4.1045e-09  3.3552e-06
**** FDPS tree soft force time profile (local):
 Sample_ptcl Domain_deco Ex_ptcl     SetRootCell Make_LT     Make_LET    Make_GT     Make_Group  Make_I_list Calc_force  Write_back 
           0           0           0   2.443e-05  0.00026825  3.2109e-05  0.00019052  2.7198e-06  5.3436e-05  0.00070064  7.3064e-05
**** Tree neighbor time profile (local):
 Sample_ptcl Domain_deco Ex_ptcl     SetRootCell Make_LT     Make_LET    Make_GT     Make_Group  Make_I_list Calc_force  Write_back 
           0           0           0  1.9782e-05  0.00011369  2.2776e-05  9.7824e-05  5.0561e-07  1.6124e-05  5.6781e-05  1.1182e-05
**** Number per step (global):
 PP_single   PP_cluster  PP_cross    Cluster     Cross       AR_step_sum
      973.88      26.122           0      11.498           0     0.71191
 AR_tsyn_sum Stab_Ngroup Iso_Ngroup  Form_Ngroup End_Ngroup  Modf_Ngroup Merg_Ngroup H4_step_sum H4_no_NB    Ep-Ep_sum   Ep-Sp_sum  
     0.25049           0           0    0.025879   0.0058594           0           0      134.73    0.070312  8.9517e+05       13808
**** Number of members in clusters (global):
N_members:            1           2           3           4           5           6           7           8           9          11
Count    :       973.88      9.6064      1.2036      0.3667     0.16797     0.10449     0.03125    0.014648   0.0019531  0.00097656

Time: 12  N_real(loc): 1000  N_real(glb): 1000  N_all(loc): 1000  N_all(glb): 1000  N_remove(glb): 0  N_escape(glb): 0
Energy:     Error/Total         Error     Error_cum         Total       Kinetic     Potential        Modify  Modify_group Modify_single      Error_PP  Error_PP_cum
Physic:   -8.561088e-07   0.002676171   0.004633072     -3125.971      3341.039     -6467.009  9.193165e-07             0             0 -1.682029e-06 -1.862637e-05
Slowdown: -8.561088e-07   0.002676171   0.004633071     -3125.971      3341.039     -6467.009  9.203231e-07             0             0 -1.678999e-06 -1.870254e-05
Angular Momentum:  |L|err: 0.0001430843  |L|err_cum: 0.007296384  L: 48.55393   8.191608    5.077675  |L|: 49.5012
C.M.: mass: 1900 pos: -0.08795534   -0.001717382    -0.02458104 vel: -0.04202689   -0.05587075    -0.003739469
Tree step number: 2048
**** Wallclock time per step (local): [Min/Max]
 Total       PP_single   PP_cluster  PP_cross    Tree_NB     Tree_Force  Force_corr  Kick        FindCluster CreateGroup MPI_comm    Output      Status      Other      
   0.0019362  1.6214e-05  8.5275e-05           0  0.00035423   0.0014002  2.0432e-05  1.0489e-05  3.6767e-05  3.4612e-05  1.1406e-06  5.2489e-06  5.1465e-09  2.7549e-06
   0.0019362  1.6259e-05  8.5319e-05           0  0.00034996   0.0013711  2.0487e-05  1.0523e-05  3.6813e-05  3.4634e-05  1.1729e-06  5.2491e-06   5.313e-09  2.8523e-06
**** FDPS tree soft force time profile (local):
 Sample_ptcl Domain_deco Ex_ptcl     SetRootCell Make_LT     Make_LET    Make_GT     Make_Group  Make_I_list Calc_force  Write_back 
           0           0           0  2.8808e-05  0.00024895  2.9375e-05  0.00020641  2.9692e-06  6.1654e-05  0.00065531  5.9839e-05
**** Tree neighbor time profile (local):
 Sample_ptcl Domain_deco Ex_ptcl     SetRootCell Make_LT     Make_LET    Make_GT     Make_Group  Make_I_list Calc_force  Write_back 
           0           0           0  2.0621e-05  0.00011971  1.7036e-05  8.5622e-05  6.6393e-07  1.3219e-05  4.8304e-05   8.926e-06
**** Number per step (global):
 PP_single   PP_cluster  PP_cross    Cluster     Cross       AR_step_sum
      973.11      26.893           0      11.707           0     0.44092
 AR_tsyn_sum Stab_Ngroup Iso_Ngroup  Form_Ngroup End_Ngroup  Modf_Ngroup Merg_Ngroup H4_step_sum H4_no_NB    Ep-Ep_sum   Ep-Sp_sum  
     0.15576           0           0    0.010742   0.0019531           0           0      141.86     0.05957  8.8154e+05       16054
**** Number of members in clusters (global):
N_members:            1           2           3           4           5           6           7           8
Count    :       973.11      9.5938      1.2896     0.50586     0.14941     0.11426    0.053223  0.00097656

Time: 12.5  N_real(loc): 1000  N_real(glb): 1000  N_all(loc): 1000  N_all(glb): 1000  N_remove(glb): 0  N_escape(glb): 0
Energy:     Error/Total         Error     Error_cum         Total       Kinetic     Potential        Modify  Modify_group Modify_single      Error_PP  Error_PP_cum
Physic:   -1.605171e-06    0.00501771   0.009650782     -3125.966      3447.564     -6573.529  8.422493e-07             0             0 -8.960292e-06 -2.758667e-05
Slowdown: -1.605171e-06    0.00501771   0.009650781     -3125.966      3447.564     -6573.529  8.432563e-07             0             0 -8.974767e-06  -2.76773e-05
Angular Momentum:  |L|err: -0.0003646611  |L|err_cum: 0.006931723  L: 48.55322   8.19133    5.077962  |L|: 49.5005
C.M.: mass: 1900 pos: -0.113422   -0.0474086    -0.0495136 vel: -0.05274345   -0.02852676    -0.02710843
Tree step number: 2048
**** Wallclock time per step (local): [Min/Max]
 Total       PP_single   PP_cluster  PP_cross    Tree_NB     Tree_Force  Force_corr  Kick        FindCluster CreateGroup MPI_comm    Output      Status      Other      
   0.0022749  3.5632e-05  9.7209e-05           0  0.00041354   0.0016161  4.0846e-05  2.8241e-05  4.2677e-05  3.6625e-05  5.3507e-06  5.2233e-06  4.3101e-09   4.125e-06
    0.002275   3.567e-05  9.7256e-05           0  0.00040806   0.0015687  4.1007e-05  2.8287e-05  4.2744e-05  3.6648e-05  5.3833e-06  5.2235e-06  4.3247e-09  4.2212e-06
**** FDPS tree soft force time profile (local):
 Sample_ptcl Domain_deco Ex_ptcl     SetRootCell Make_LT     Make_LET    Make_GT     Make_Group  Make_I_list Calc_force  Write_back 
           0           0           0   2.872e-05  0.00034197  4.0833e-05  0.00026049  3.1508e-06  7.7447e-05  0.00066587  9.6727e-05
**** Tree neighbor time profile (local):
 Sample_ptcl Domain_deco Ex_ptcl     SetRootCell Make_LT     Make_LET    Make_GT     Make_Group  Make_I_list Calc_force  Write_back 
           0           0           0  2.0608e-05  0.00016334  1.8676e-05  0.00010768  7.2241e-07  1.5569e-05  4.9274e-05  1.1365e-05
**** Number per step (global):
 PP_single   PP_cluster  PP_cross    Cluster     Cross       AR_step_sum
      973.56      26.435           0      10.419           0      1.4043
 AR_tsyn_sum Stab_Ngroup Iso_Ngroup  Form_Ngroup End_Ngroup  Modf_Ngroup Merg_Ngroup H4_step_sum H4_no_NB    Ep-Ep_sum   Ep-Sp_sum  
     0.50244           0           0    0.027832   0.0073242           0           0      143.57     0.11328  8.9271e+05       17126
**** Number of members in clusters (global):
N_members:            1           2           3           4           5           6           7           8           9          11
Count    :       973.56      7.7393      1.4746     0.49805     0.21875     0.22656    0.077637     0.12109    0.061523   0.0019531

Time: 13  N_real(loc): 1000  N_real(glb): 1000  N_all(loc): 1000  N_all(glb): 1000  N_remove(glb): 0  N_escape(glb): 0
Energy:     Error/Total         Error     Error_cum         Total       Kinetic     Potential        Modify  Modify_group Modify_single      Error_PP  Error_PP_cum
Physic:    8.680341e-07  -0.002713447   0.006937335     -3125.968       3318.77     -6444.738   7.69858e-07             0             0 -1.001763e-05 -3.760429e-05
Slowdown:  8.680341e-07  -0.002713447   0.006937334     -3125.968       3318.77     -6444.738  7.709594e-07             0             0 -1.001854e-05 -3.769584e-05
Angular Momentum:  |L|err: 0.0005558767  |L|err_cum: 0.0074876  L: 48.55321   8.191866    5.077792  |L|: 49.50055
C.M.: mass: 1900 pos: -0.1048608   -0.05238997    -0.09202715 vel: 0.03988633   -0.05386156    -0.03717878
Tree step number: 2048
**** Wallclock time per step (local): [Min/Max]
 Total       PP_single   PP_cluster  PP_cross    Tree_NB     Tree_Force  Force_corr  Kick        FindCluster CreateGroup MPI_comm    Output      Status      Other      
   0.0018857  1.8416e-05  9.4175e-05           0  0.00035393   0.0013373  2.4534e-05  1.3073e-05  3.8834e-05  2.7821e-05  1.6749e-06   5.126e-06  4.7456e-09  4.9506e-06
   0.0018857  1.8452e-05  9.4218e-05           0  0.00034863   0.0013061  2.4588e-05  1.3108e-05   3.888e-05  2.7843e-05  1.7069e-06  5.1263e-06  4.7651e-09  5.0391e-06
**** FDPS tree soft force time profile (local):
 Sample_ptcl Domain_deco Ex_ptcl     SetRootCell Make_LT     Make_LET    Make_GT     Make_Group  Make_I_list Calc_force  Write_back 
           0           0           0  1.9348e-05  0.00025422  3.4121e-05  0.00019409  3.3388e-06  6.3804e-05  0.00061924  6.3989e-05
**** Tree neighbor time profile (local):
 Sample_ptcl Domain_deco Ex_ptcl     SetRootCell Make_LT     Make_LET    Make_GT     Make_Group  Make_I_list Calc_force  Write_back 
           0           0           0  1.4047e-05  0.00010979  2.0169e-05  9.7849e-05  5.0089e-07  1.4543e-05  5.5605e-05  1.1018e-05
**** Number per step (global):
 PP_single   PP_cluster  PP_cross    Cluster     Cross       AR_step_sum
      970.77      29.232           0      11.903           0       1.394
 AR_tsyn_sum Stab_Ngroup Iso_Ngroup  Form_Ngroup End_Ngroup  Modf_Ngroup Merg_Ngroup H4_step_sum H4_no_NB    Ep-Ep_sum   Ep-Sp_sum  
     0.47607           0           0    0.041992    0.010254           0           0       158.5     0.12207  9.1655e+05       13137
**** Number of members in clusters (global):
N_members:            1           2           3           4           5           6           7           8           9          10          11          12
Count    :       970.77      9.5195      1.0718     0.57617     0.25879     0.19531     0.14551    0.083008    0.023438    0.018555  0.00097656   0.0097656

Time: 13.5  N_real(loc): 1000  N_real(glb): 1000  N_all(loc): 1000  N_all(glb): 1000  N_remove(glb): 0  N_escape(glb): 0
Energy:     Error/Total         Error     Error_cum         Total       Kinetic     Potential        Modify  Modify_group Modify_single      Error_PP  Error_PP_cum
Physic:   -1.136274e-06   0.003551954    0.01048929     -3125.965      3272.673     -6398.638   7.48117e-07             0             0 -2.195672e-06 -3.979996e-05
Slowdown: -1.136275e-06   0.003551954    0.01048929     -3125.965      3272.673     -6398.638  7.489392e-07             0             0  -2.15343e-06 -3.984927e-05
Angular Momentum:  |L|err: -0.0003006503  |L|err_cum: 0.00718695  L: 48.55362   8.191482    5.077665  |L|: 49.50088
C.M.: mass: 1900 pos: -0.08637854   -0.03956352    -0.108722 vel: -0.006359852   0.04593315    -0.04172285
Tree step number: 2048
**** Wallclock time per step (local): [Min/Max]
 Total       PP_single   PP_cluster  PP_cross    Tree_NB     Tree_Force  Force_corr  Kick        FindCluster CreateGroup MPI_comm    Output      Status      Other      
    0.001718   1.927e-05   9.718e-05           0  0.00032017   0.0011969  3.0453e-05  1.3425e-05  3.7275e-05   2.308e-05  2.8474e-06  4.4408e-06  3.5903e-09  5.3164e-06
    0.001718  1.9306e-05  9.7225e-05           0  0.00031763    0.001165  3.0509e-05   1.346e-05   3.732e-05  2.3102e-05  2.8798e-06  4.4411e-06  3.6055e-09   5.402e-06
**** FDPS tree soft force time profile (local):
 Sample_ptcl Domain_deco Ex_ptcl     SetRootCell Make_LT     Make_LET    Make_GT     Make_Group  Make_I_list Calc_force  Write_back 
           0           0           0  2.4687e-05  0.00024631   2.931e-05  0.00019031  3.3074e-06  7.1415e-05  0.00050218    6.51e-05
**** Tree neighbor time profile (local):
 Sample_ptcl Domain_deco Ex_ptcl     SetRootCell Make_LT     Make_LET    Make_GT     Make_Group  Make_I_list Calc_force  Write_back 
           0           0           0  1.4738e-05  0.00012198  1.9617e-05   8.834e-05  5.6956e-07  1.2231e-05  3.8014e-05  5.4339e-06
**** Number per step (global):
 PP_single   PP_cluster  PP_cross    Cluster     Cross       AR_step_sum
       969.1      30.901           0      13.188           0      1.0732
 AR_tsyn_sum Stab_Ngroup Iso_Ngroup  Form_Ngroup End_Ngroup  Modf_Ngroup Merg_Ngroup H4_step_sum H4_no_NB    Ep-Ep_sum   Ep-Sp_sum  
     0.38086           0           0    0.031738   0.0083008           0           0      167.67    0.093262  8.7819e+05       19799
**** Number of members in clusters (global):
N_members:            1           2           3           4           5           6           7           8           9          10          11          12
Count    :        969.1      10.733      1.5488      0.4707     0.15918     0.15576    0.050781   0.0068359    0.015625   0.0058594   0.0087891   0.0048828
N_members:           13          14          15          16          18
Count    :    0.0097656   0.0039062   0.0068359   0.0068359  0.00097656

Time: 14  N_real(loc): 1000  N_real(glb): 1000  N_all(loc): 1000  N_all(glb): 1000  N_remove(glb): 0  N_escape(glb): 0
Energy:     Error/Total         Error     Error_cum         Total       Kinetic     Potential        Modify  Modify_group Modify_single      Error_PP  Error_PP_cum
Physic:   -1.610733e-06   0.005035088    0.01552438      -3125.96      3323.771      -6449.73  8.085298e-07             0             0 -3.520686e-06 -4.332065e-05
Slowdown: -1.610733e-06   0.005035088    0.01552438      -3125.96      3323.771      -6449.73   8.09352e-07             0             0 -3.527642e-06 -4.337691e-05
Angular Momentum:  |L|err: 0.0006827455  |L|err_cum: 0.007869695  L: 48.55306   8.191896    5.07706  |L|: 49.50034
C.M.: mass: 1900 pos: -0.09997262   -0.03433366    -0.09764072 vel: -0.008174927   0.002145064    0.01691967
Tree step number: 2048
**** Wallclock time per step (local): [Min/Max]
 Total       PP_single   PP_cluster  PP_cross    Tree_NB     Tree_Force  Force_corr  Kick        FindCluster CreateGroup MPI_comm    Output      Status      Other      
   0.0017691  2.1572e-05  8.2982e-05           0   0.0002981   0.0012869  2.1407e-05  9.0699e-06  3.4362e-05  2.6821e-05  2.1013e-06   4.644e-06   3.498e-09  3.9069e-06
   0.0017692  2.1608e-05  8.3024e-05           0  0.00029541   0.0012647  2.1461e-05  9.1037e-06  3.4416e-05  2.6842e-05  2.1333e-06  4.6442e-06  3.5127e-09   4.008e-06
**** FDPS tree soft force time profile (local):
 Sample_ptcl Domain_deco Ex_ptcl     SetRootCell Make_LT     Make_LET    Make_GT     Make_Group  Make_I_list Calc_force  Write_back 
           0           0           0  1.7523e-05  0.00028319  2.7495e-05  0.00019172  2.6339e-06  7.7992e-05  0.00056112  4.5826e-05
**** Tree neighbor time profile (local):
 Sample_ptcl Domain_deco Ex_ptcl     SetRootCell Make_LT     Make_LET    Make_GT     Make_Group  Make_I_list Calc_force  Write_back 
           0           0           0   7.829e-06  9.5928e-05  1.7358e-05  8.3544e-05  5.8375e-07   1.907e-05  3.5619e-05  5.7848e-06
**** Number per step (global):
 PP_single   PP_cluster  PP_cross    Cluster     Cross       AR_step_sum
      970.47      29.526           0      10.758           0     0.37207
 AR_tsyn_sum Stab_Ngroup Iso_Ngroup  Form_Ngroup End_Ngroup  Modf_Ngroup Merg_Ngroup H4_step_sum H4_no_NB    Ep-Ep_sum   Ep-Sp_sum  
     0.13232           0           0     0.01416   0.0039062           0           0      162.94     0.10596  8.8397e+05       18715
**** Number of members in clusters (global):
N_members:            1           2           3           4           5           6           7           8           9          10          11          12
Count    :       970.47      7.9595      1.2349     0.59863     0.30078     0.15674     0.12402     0.10254    0.069336    0.035156    0.020508    0.036133
N_members:           13          14          15          16          17
Count    :     0.032227    0.029297    0.033691   0.0087891    0.015625

Time: 14.5  N_real(loc): 1000  N_real(glb): 1000  N_all(loc): 1000  N_all(glb): 1000  N_remove(glb): 0  N_escape(glb): 0
Energy:     Error/Total         Error     Error_cum         Total       Kinetic     Potential        Modify  Modify_group Modify_single      Error_PP  Error_PP_cum
Physic:   -6.597574e-08  0.0002062375    0.01573061      -3125.96      3287.047     -6413.006  9.857663e-07             0             0 -4.213947e-06  -4.75346e-05
Slowdown: -6.597574e-08  0.0002062375    0.01573061      -3125.96      3287.047     -6413.006  9.865883e-07             0             0 -4.218609e-06 -4.759552e-05
Angular Momentum:  |L|err: 0.0002696947  |L|err_cum: 0.00813939  L: 48.55249   8.192014    5.076862  |L|: 49.49977
C.M.: mass: 1900 pos: -0.07069274   -0.01858698    -0.08813323 vel: 0.03282306   0.05630746    0.02667572
Tree step number: 2048
**** Wallclock time per step (local): [Min/Max]
 Total       PP_single   PP_cluster  PP_cross    Tree_NB     Tree_Force  Force_corr  Kick        FindCluster CreateGroup MPI_comm    Output      Status      Other      
    0.002135  2.0814e-05   9.826e-05           0  0.00035416   0.0015714  3.6414e-05  1.8323e-05  4.2498e-05  3.0941e-05  1.3009e-06  4.3904e-06  3.2285e-09  3.4429e-06
   0.0021351  2.0859e-05  9.8302e-05           0  0.00034901   0.0015275   3.647e-05  1.8358e-05   4.254e-05  3.0961e-05  1.3411e-06  4.3906e-06  3.2432e-09  3.5483e-06
**** FDPS tree soft force time profile (local):
 Sample_ptcl Domain_deco Ex_ptcl     SetRootCell Make_LT     Make_LET    Make_GT     Make_Group  Make_I_list Calc_force  Write_back 
           0           0           0  3.2763e-05  0.00027912  3.2213e-05  0.00020077  3.2482e-06  6.5935e-05  0.00077003  8.9389e-05
**** Tree neighbor time profile (local):
 Sample_ptcl Domain_deco Ex_ptcl     SetRootCell Make_LT     Make_LET    Make_GT     Make_Group  Make_I_list Calc_force  Write_back 
           0           0           0  2.4905e-05  0.00011586  1.6681e-05  8.6721e-05   5.908e-07  1.6704e-05  5.0768e-05  1.0697e-05
**** Number per step (global):
 PP_single   PP_cluster  PP_cross    Cluster     Cross       AR_step_sum
      971.62      28.377           0      10.447           0      1.3047
 AR_tsyn_sum Stab_Ngroup Iso_Ngroup  Form_Ngroup End_Ngroup  Modf_Ngroup Merg_Ngroup H4_step_sum H4_no_NB    Ep-Ep_sum   Ep-Sp_sum  
     0.45752           0           0    0.040039   0.0092773           0           0       163.8     0.14307  8.9365e+05       18004
**** Number of members in clusters (global):
N_members:            1           2           3           4           5           6           7           8           9          10          11          12
Count    :       971.62      8.1704     0.97656     0.47363     0.18164     0.15137    0.091797    0.056641    0.022461     0.03418     0.12012    0.055664
N_members:           13          14          15          16          17          18          19
Count    :    0.0097656    0.026367    0.018066    0.030273   0.0048828    0.012695    0.010742

Time: 15  N_real(loc): 1000  N_real(glb): 1000  N_all(loc): 1000  N_all(glb): 1000  N_remove(glb): 0  N_escape(glb): 0
Energy:     Error/Total         Error     Error_cum         Total       Kinetic     Potential        Modify  Modify_group Modify_single      Error_PP  Error_PP_cum
Physic:    4.340209e-06   -0.01356738   0.002163237     -3125.973      3408.863     -6534.836  -8.43668e-07             0             0 -3.137076e-05 -7.890535e-05
Slowdown:  4.340209e-06   -0.01356738   0.002163236     -3125.973      3408.863     -6534.836 -8.431565e-07             0             0 -3.136345e-05 -7.895898e-05
Angular Momentum:  |L|err: -8.889172e-05  |L|err_cum: 0.008050498  L: 48.55322   8.191945    5.076772  |L|: 49.50047
C.M.: mass: 1900 pos: -0.06412269   0.02219475    -0.09399984 vel: -0.0480541   0.06420118    0.01680138
Tree step number: 2048
**** Wallclock time per step (local): [Min/Max]
 Total       PP_single   PP_cluster  PP_cross    Tree_NB     Tree_Force  Force_corr  Kick        FindCluster CreateGroup MPI_comm    Output      Status      Other      
    0.001997  2.1797e-05  0.00013931           0  0.00034202   0.0014076  3.2167e-05  1.6097e-05  5.4585e-05  2.7377e-05   2.124e-06   4.137e-06   3.625e-09  4.7041e-06
    0.001997  2.1833e-05  0.00013936           0  0.00033419   0.0013585  3.2222e-05  1.6132e-05  5.4632e-05  2.7398e-05  2.1563e-06  4.1372e-06  3.6396e-09  4.8022e-06
**** FDPS tree soft force time profile (local):
 Sample_ptcl Domain_deco Ex_ptcl     SetRootCell Make_LT     Make_LET    Make_GT     Make_Group  Make_I_list Calc_force  Write_back 
           0           0           0  1.9029e-05  0.00024366  3.3225e-05  0.00018368  2.6369e-06  6.6592e-05  0.00067716   9.972e-05
**** Tree neighbor time profile (local):
 Sample_ptcl Domain_deco Ex_ptcl     SetRootCell Make_LT     Make_LET    Make_GT     Make_Group  Make_I_list Calc_force  Write_back 
           0           0           0  8.9536e-06  0.00010472  1.6783e-05    9.09e-05   4.836e-07  1.5981e-05  7.0077e-05  1.6071e-05
**** Number per step (global):
 PP_single   PP_cluster  PP_cross    Cluster     Cross       AR_step_sum
      968.78      31.218           0      11.544           0      15.706
 AR_tsyn_sum Stab_Ngroup Iso_Ngroup  Form_Ngroup End_Ngroup  Modf_Ngroup Merg_Ngroup H4_step_sum H4_no_NB    Ep-Ep_sum   Ep-Sp_sum  
      5.2988           0           0     0.35547     0.06543           0           0      176.94      0.1416  9.2905e+05       10931
**** Number of members in clusters (global):
N_members:            1           2           3           4           5           6           7           8           9          10          11          12
Count    :       968.78      8.8271      1.3325     0.36475     0.33936     0.14062     0.14551    0.074219     0.09668    0.030273    0.039062    0.029297
N_members:           13          14          15          16          17          18
Count    :     0.013672    0.010742    0.011719     0.02832    0.046875    0.013672

Time: 15.5  N_real(loc): 1000  N_real(glb): 1000  N_all(loc): 1000  N_all(glb): 1000  N_remove(glb): 0  N_escape(glb): 0
Energy:     Error/Total         Error     Error_cum         Total       Kinetic     Potential        Modify  Modify_group Modify_single      Error_PP  Error_PP_cum
Physic:   -2.020323e-06   0.006315462   0.008478699     -3125.967      3283.465     -6409.431  -3.05907e-06             0             0 -9.502157e-05 -0.0001739269
Slowdown: -2.020323e-06   0.006315462   0.008478698     -3125.967      3283.465     -6409.431 -3.058199e-06             0             0 -9.543308e-05 -0.0001743921
Angular Momentum:  |L|err: -0.0001427289  |L|err_cum: 0.007907769  L: 48.55308   8.191939    5.077056  |L|: 49.50036
C.M.: mass: 1900 pos: -0.08415227   0.02741076    -0.09427909 vel: -0.0467937   0.03480956    0.0199306
Tree step number: 2048
**** Wallclock time per step (local): [Min/Max]
 Total       PP_single   PP_cluster  PP_cross    Tree_NB     Tree_Force  Force_corr  Kick        FindCluster CreateGroup MPI_comm    Output      Status      Other      
    0.001901  1.8258e-05  0.00014953           0  0.00033701   0.0012884  3.2356e-05  1.3714e-05  6.4176e-05  2.4579e-05  2.9002e-06  4.0984e-06  5.9585e-09   7.035e-06
    0.001901  1.8294e-05  0.00014957           0  0.00033002   0.0012516  3.2411e-05  1.3748e-05  6.4225e-05  2.4599e-05  2.9329e-06  4.0985e-06  5.9731e-09  7.1158e-06
**** FDPS tree soft force time profile (local):
 Sample_ptcl Domain_deco Ex_ptcl     SetRootCell Make_LT     Make_LET    Make_GT     Make_Group  Make_I_list Calc_force  Write_back 
           0           0           0  1.5208e-05  0.00026691  3.1306e-05  0.00018087  2.2767e-06  5.1292e-05  0.00060656  7.5238e-05
**** Tree neighbor time profile (local):
 Sample_ptcl Domain_deco Ex_ptcl     SetRootCell Make_LT     Make_LET    Make_GT     Make_Group  Make_I_list Calc_force  Write_back 
           0           0           0  6.0863e-06  0.00010469  1.9518e-05  8.8372e-05  4.0816e-07  1.9446e-05  6.9436e-05  1.4406e-05
**** Number per step (global):
 PP_single   PP_cluster  PP_cross    Cluster     Cross       AR_step_sum
      968.37      31.633           0      11.622           0      25.274
 AR_tsyn_sum Stab_Ngroup Iso_Ngroup  Form_Ngroup End_Ngroup  Modf_Ngroup Merg_Ngroup H4_step_sum H4_no_NB    Ep-Ep_sum   Ep-Sp_sum  
      8.5391           0           0      0.4873     0.10254           0           0      188.73      0.1748  9.5667e+05      5096.4
**** Number of members in clusters (global):
N_members:            1           2           3           4           5           6           7           8           9          10          11          12
Count    :       968.37      8.3169      1.6616     0.55518     0.36914      0.1875     0.15186     0.14551    0.080078    0.060547     0.02832    0.030273
N_members:           13          14          15          16          17          18          19          20
Count    :   0.00097656  0.00097656   0.0058594   0.0048828   0.0097656   0.0068359   0.0039062   0.0019531

Time: 16  N_real(loc): 1000  N_real(glb): 1000  N_all(loc): 1000  N_all(glb): 1000  N_remove(glb): 0  N_escape(glb): 0
Energy:     Error/Total         Error     Error_cum         Total       Kinetic     Potential        Modify  Modify_group Modify_single      Error_PP  Error_PP_cum
Physic:    1.139499e-05   -0.03562077   -0.02714207     -3126.003      3384.243     -6510.246 -5.893781e-06             0             0 -9.055031e-05 -0.0002644772
Slowdown:  1.139499e-05   -0.03562077   -0.02714207     -3126.003      3384.243     -6510.246 -5.892913e-06             0             0  -9.05543e-05 -0.0002649464
Angular Momentum:  |L|err: 6.617449e-05  |L|err_cum: 0.007973944  L: 48.55305   8.192021    5.077069  |L|: 49.50035
C.M.: mass: 1900 pos: -0.08818492   0.0389921    -0.09038331 vel: 0.02137373   0.04918373    -0.002592239
Tree step number: 2048
**** Wallclock time per step (local): [Min/Max]
 Total       PP_single   PP_cluster  PP_cross    Tree_NB     Tree_Force  Force_corr  Kick        FindCluster CreateGroup MPI_comm    Output      Status      Other      
   0.0021575  2.1824e-05  0.00019925           0  0.00036181   0.0014181  4.4757e-05  3.1035e-05  8.3011e-05  3.3726e-05  2.5928e-06  4.3405e-06  4.7988e-09  1.1943e-05
   0.0021576  2.1861e-05   0.0001993           0  0.00035301   0.0013698  4.4815e-05   3.107e-05  8.3066e-05  3.3748e-05  2.6252e-06  4.3406e-06  4.8184e-09  1.2024e-05
**** FDPS tree soft force time profile (local):
 Sample_ptcl Domain_deco Ex_ptcl     SetRootCell Make_LT     Make_LET    Make_GT     Make_Group  Make_I_list Calc_force  Write_back 
           0           0           0  1.7349e-05  0.00027557  3.3576e-05  0.00019647  2.2965e-06  5.2355e-05  0.00067391  9.8169e-05
**** Tree neighbor time profile (local):
 Sample_ptcl Domain_deco Ex_ptcl     SetRootCell Make_LT     Make_LET    Make_GT     Make_Group  Make_I_list Calc_force  Write_back 
           0           0           0  1.2054e-05  0.00011629  1.8952e-05  8.1512e-05  3.2543e-07  1.6994e-05  8.6616e-05   1.796e-05
**** Number per step (global):
 PP_single   PP_cluster  PP_cross    Cluster     Cross       AR_step_sum
      972.15      27.847           0      9.5786           0      34.497
 AR_tsyn_sum Stab_Ngroup Iso_Ngroup  Form_Ngroup End_Ngroup  Modf_Ngroup Merg_Ngroup H4_step_sum H4_no_NB    Ep-Ep_sum   Ep-Sp_sum  
       11.82           0           0     0.53076    0.028809           0           0      166.84     0.20605   9.727e+05      2990.4
**** Number of members in clusters (global):
N_members:            1           2           3           4           5           6           7           8           9          10          11          12
Count    :       972.15      7.5674      0.7832     0.17432      0.1748     0.10742     0.11328     0.16113    0.071289     0.05957     0.05957     0.10254
N_members:           13          14          15          16          17          18          19          20
Count    :     0.094727    0.026367    0.049805  0.00097656    0.017578   0.0048828   0.0039062   0.0058594
Hard energy significant ! dE_SD: 0.0393295 dE_SD/Etot_SD: -0.000148528
Thread: 0 Dump file: data.hard_large_energy_h4_n6_g1_t16.387939_M0_O0_c0_s1790683088

Time: 16.5  N_real(loc): 1000  N_real(glb): 1000  N_all(loc): 1012  N_all(glb): 1012  N_remove(glb): 0  N_escape(glb): 0
Energy:     Error/Total         Error     Error_cum         Total       Kinetic     Potential        Modify  Modify_group Modify_single      Error_PP  Error_PP_cum
Physic:     -0.03804833      109.8768      109.8497     -2887.822      3130.393     -6018.215      128.3033             0             0     0.6261627     0.6258983
Slowdown:   -0.03916648      109.7747      109.7476     -2802.771      3122.447     -5925.219      213.4564             0             0     0.6092493     0.6089844
Angular Momentum:  |L|err: 6.940888  |L|err_cum: 6.948862  L: 49.5496   8.810666    -1.767565  |L|: 50.35787
C.M.: mass: 1900 pos: -0.08117172   0.05430332    -0.09560577 vel: 0.02653971   -0.02516911    -0.01891946
Tree step number: 2048
**** Wallclock time per step (local): [Min/Max]
 Total       PP_single   PP_cluster  PP_cross    Tree_NB     Tree_Force  Force_corr  Kick        FindCluster CreateGroup MPI_comm    Output      Status      Other      
   0.0020885  2.1169e-05  0.00023572           0  0.00035268   0.0013455  4.6631e-05  2.4953e-05  7.3034e-05  2.5705e-05  3.5716e-06  4.0083e-06  4.3096e-09  8.2974e-06
   0.0020886  2.1205e-05  0.00023578           0  0.00034731   0.0012956  4.6689e-05  2.4988e-05  7.3097e-05  2.5726e-05  3.6045e-06  4.0084e-06  4.3247e-09  8.3769e-06
**** FDPS tree soft force time profile (local):
 Sample_ptcl Domain_deco Ex_ptcl     SetRootCell Make_LT     Make_LET    Make_GT     Make_Group  Make_I_list Calc_force  Write_back 
           0           0           0    2.42e-05  0.00029062   3.159e-05  0.00021014  2.0445e-06  5.3939e-05  0.00057023  0.00010126
**** Tree neighbor time profile (local):
 Sample_ptcl Domain_deco Ex_ptcl     SetRootCell Make_LT     Make_LET    Make_GT     Make_Group  Make_I_list Calc_force  Write_back 
           0           0           0  1.2875e-05  0.00012973  1.8982e-05  9.5716e-05  3.6337e-07  1.8835e-05  5.7891e-05  1.1103e-05
**** Number per step (global):
 PP_single   PP_cluster  PP_cross    Cluster     Cross       AR_step_sum
      970.83      29.173           0      10.847           0      57.981
 AR_tsyn_sum Stab_Ngroup Iso_Ngroup  Form_Ngroup End_Ngroup  Modf_Ngroup Merg_Ngroup H4_step_sum H4_no_NB    Ep-Ep_sum   Ep-Sp_sum  
      18.868     0.31396           0     0.54248    0.010742   0.0029297           0      172.83     0.10742  9.7785e+05      3248.4
**** Number of members in clusters (global):
N_members:            1           2           3           4           5           6           7           8           9          10          11          12
Count    :       970.83      7.9531      1.3389     0.69629     0.24365     0.13477     0.10498     0.11621    0.080078    0.063477    0.042969    0.024414
N_members:           13          14          15          16
Count    :     0.026367    0.015625   0.0029297   0.0029297

Time: 17  N_real(loc): 1000  N_real(glb): 1000  N_all(loc): 1012  N_all(glb): 1012  N_remove(glb): 0  N_escape(glb): 0
Energy:     Error/Total         Error     Error_cum         Total       Kinetic     Potential        Modify  Modify_group Modify_single      Error_PP  Error_PP_cum
Physic:     -0.03844034       102.812      212.6617     -2674.585      3183.801     -5858.387      238.7283             0             0   0.002392387     0.6282906
Slowdown:   -0.03969314      102.7856      212.5331     -2589.506      3175.843     -5765.349      408.9877             0             0 -2.041215e-06     0.6089823
Angular Momentum:  |L|err: 8.674721  |L|err_cum: 15.62358  L: 60.87138   16.75191    0.7242359  |L|: 63.13854
C.M.: mass: 1900 pos: -0.06183062   0.02901433    -0.07269132 vel: 0.01379828   -0.05176235    0.02960217
Tree step number: 2048
**** Wallclock time per step (local): [Min/Max]
 Total       PP_single   PP_cluster  PP_cross    Tree_NB     Tree_Force  Force_corr  Kick        FindCluster CreateGroup MPI_comm    Output      Status      Other      
   0.0022704  2.9612e-05  9.8444e-05           0  0.00041368    0.001601  7.3639e-05    2.66e-05  5.3431e-05  4.0263e-05  3.5295e-06  4.5494e-06  4.7744e-09  6.4334e-06
   0.0022704  2.9649e-05  9.8489e-05           0  0.00040743   0.0015239  7.3701e-05  2.6636e-05  5.3476e-05  4.0286e-05  3.5621e-06  4.5496e-06  4.7896e-09  6.5191e-06
**** FDPS tree soft force time profile (local):
 Sample_ptcl Domain_deco Ex_ptcl     SetRootCell Make_LT     Make_LET    Make_GT     Make_Group  Make_I_list Calc_force  Write_back 
           0           0           0  3.0632e-05  0.00036427  3.7664e-05  0.00023696  3.1698e-06  6.5377e-05  0.00065193  0.00015575
**** Tree neighbor time profile (local):
 Sample_ptcl Domain_deco Ex_ptcl     SetRootCell Make_LT     Make_LET    Make_GT     Make_Group  Make_I_list Calc_force  Write_back 
           0           0           0  1.2768e-05  0.00014924  2.3533e-05  0.00012256  3.9139e-07  1.9037e-05  6.3847e-05  1.2933e-05
**** Number per step (global):
 PP_single   PP_cluster  PP_cross    Cluster     Cross       AR_step_sum
      976.88      23.117           0       10.19           0      15.146
 AR_tsyn_sum Stab_Ngroup Iso_Ngroup  Form_Ngroup End_Ngroup  Modf_Ngroup Merg_Ngroup H4_step_sum H4_no_NB    Ep-Ep_sum   Ep-Sp_sum  
         0.5           1           0    0.032715   0.0083008           0           0      110.24    0.062988  9.8389e+05      5886.8
**** Number of members in clusters (global):
N_members:            1           2           3           4           5           6           7           8           9
Count    :       976.88      8.5449      1.0757     0.31689     0.12402      0.0625    0.016602    0.027344    0.022461

Time: 17.5  N_real(loc): 1000  N_real(glb): 1000  N_all(loc): 1012  N_all(glb): 1012  N_remove(glb): 0  N_escape(glb): 0
Energy:     Error/Total         Error     Error_cum         Total       Kinetic     Potential        Modify  Modify_group Modify_single      Error_PP  Error_PP_cum
Physic:    -0.008444918      22.21354      234.8752     -2630.404      3296.487     -5926.891      260.6963             0             0 -6.040691e-06     0.6282846
Slowdown:  -0.008726957      22.21293      234.7461     -2545.323      3288.527      -5833.85      516.0369             0             0 -6.081594e-06     0.6089762
Angular Momentum:  |L|err: 5.511037  |L|err_cum: 21.13462  L: 65.86987   20.05003    2.621901  |L|: 68.90368
C.M.: mass: 1900 pos: -0.02871577   -0.008025525    -0.06527146 vel: 0.08155942   -0.03886978    0.05730603
Tree step number: 2048
**** Wallclock time per step (local): [Min/Max]
 Total       PP_single   PP_cluster  PP_cross    Tree_NB     Tree_Force  Force_corr  Kick        FindCluster CreateGroup MPI_comm    Output      Status      Other      
   0.0025423  4.1534e-05  0.00010628           0  0.00043156   0.0017787  7.4037e-05  5.3936e-05  6.4824e-05  5.3576e-05  4.6815e-06  5.7832e-06  3.9868e-09  7.9618e-06
   0.0025423  4.1572e-05  0.00010633           0   0.0004257   0.0017019   7.415e-05  5.3973e-05  6.4872e-05  5.3599e-05  4.7146e-06  5.7834e-06  4.0015e-09  8.0528e-06
**** FDPS tree soft force time profile (local):
 Sample_ptcl Domain_deco Ex_ptcl     SetRootCell Make_LT     Make_LET    Make_GT     Make_Group  Make_I_list Calc_force  Write_back 
           0           0           0  2.6774e-05   0.0003698  4.1178e-05  0.00025763  3.9608e-06  5.9071e-05  0.00080128  0.00015594
**** Tree neighbor time profile (local):
 Sample_ptcl Domain_deco Ex_ptcl     SetRootCell Make_LT     Make_LET    Make_GT     Make_Group  Make_I_list Calc_force  Write_back 
           0           0           0  1.1224e-05  0.00017474  2.9111e-05  9.9211e-05  3.7626e-07  1.9839e-05  7.3068e-05  1.2149e-05
**** Number per step (global):
 PP_single   PP_cluster  PP_cross    Cluster     Cross       AR_step_sum
      975.02      24.978           0      9.5488           0      15.061
 AR_tsyn_sum Stab_Ngroup Iso_Ngroup  Form_Ngroup End_Ngroup  Modf_Ngroup Merg_Ngroup H4_step_sum H4_no_NB    Ep-Ep_sum   Ep-Sp_sum  
     0.39502           1           0    0.022949   0.0053711           0           0      129.24     0.10645   9.719e+05      9391.1
**** Number of members in clusters (global):
N_members:            1           2           3           4           5           6           7           8           9          10          11          12
Count    :       975.02      7.2324       1.144     0.38721     0.17383     0.18164     0.19434    0.085938    0.077148    0.030273   0.0039062    0.019531
N_members:           13          14
Count    :    0.0087891   0.0097656

Time: 18  N_real(loc): 1000  N_real(glb): 1000  N_all(loc): 1012  N_all(glb): 1012  N_remove(glb): 0  N_escape(glb): 0
Energy:     Error/Total         Error     Error_cum         Total       Kinetic     Potential        Modify  Modify_group Modify_single      Error_PP  Error_PP_cum
Physic:    -0.003455804      9.028031      243.9032     -2612.426       3086.47     -5698.896      269.6462             0             0 -4.172269e-06     0.6282804
Slowdown:  -0.003572104      9.027939       243.774     -2527.345      3078.508     -5605.853      610.0676             0             0  -4.19491e-06      0.608972
Angular Momentum:  |L|err: 3.417871  |L|err_cum: 24.55249  L: 68.83942   21.93813    3.608011  |L|: 72.34062
C.M.: mass: 1900 pos: -0.01479092   -0.02565901    -0.04837671 vel: 0.06521561   -0.1056448    0.01258974
Tree step number: 2048
**** Wallclock time per step (local): [Min/Max]
 Total       PP_single   PP_cluster  PP_cross    Tree_NB     Tree_Force  Force_corr  Kick        FindCluster CreateGroup MPI_comm    Output      Status      Other      
   0.0026639  3.4231e-05  0.00010499           0  0.00047481   0.0019034  6.9774e-05  3.3988e-05  7.1595e-05  4.3906e-05  3.8938e-06   4.353e-06  4.0605e-09  9.9189e-06
   0.0026639   3.427e-05  0.00010505           0  0.00046502   0.0018201  6.9904e-05  3.4026e-05  7.1654e-05  4.3929e-05  3.9266e-06  4.3532e-06  4.0752e-09  1.0025e-05
**** FDPS tree soft force time profile (local):
 Sample_ptcl Domain_deco Ex_ptcl     SetRootCell Make_LT     Make_LET    Make_GT     Make_Group  Make_I_list Calc_force  Write_back 
           0           0           0  4.2341e-05  0.00033927  3.9424e-05  0.00024191  3.2981e-06  8.5941e-05  0.00087705  0.00016861
**** Tree neighbor time profile (local):
 Sample_ptcl Domain_deco Ex_ptcl     SetRootCell Make_LT     Make_LET    Make_GT     Make_Group  Make_I_list Calc_force  Write_back 
           0           0           0  2.7361e-05  0.00015097  3.1609e-05  0.00011894  5.4939e-07  2.0293e-05  7.3944e-05  2.0344e-05
**** Number per step (global):
 PP_single   PP_cluster  PP_cross    Cluster     Cross       AR_step_sum
       974.1      25.896           0      11.307           0       14.53
 AR_tsyn_sum Stab_Ngroup Iso_Ngroup  Form_Ngroup End_Ngroup  Modf_Ngroup Merg_Ngroup H4_step_sum H4_no_NB    Ep-Ep_sum   Ep-Sp_sum  
     0.22852           1           0    0.023438   0.0068359           0           0      129.34     0.04248  9.3772e+05       16897
**** Number of members in clusters (global):
N_members:            1           2           3           4           5           6           7           8           9          10
Count    :        974.1       9.249      1.3887     0.39746     0.12402    0.064453    0.042969    0.026367    0.012695  0.00097656

Time: 18.5  N_real(loc): 1000  N_real(glb): 1000  N_all(loc): 1012  N_all(glb): 1012  N_remove(glb): 0  N_escape(glb): 0
Energy:     Error/Total         Error     Error_cum         Total       Kinetic     Potential        Modify  Modify_group Modify_single      Error_PP  Error_PP_cum
Physic:    -0.001844515      4.801049      248.7043     -2602.878      2957.984     -5560.862      274.3928             0             0 -2.994773e-06     0.6282774
Slowdown:  -0.001906835      4.801024       248.575     -2517.798      2950.019     -5467.817      699.8949             0             0 -2.987852e-06     0.6089691
Angular Momentum:  |L|err: 2.371503  |L|err_cum: 26.92399  L: 70.8636   23.24353    4.436777  |L|: 74.71008
C.M.: mass: 1900 pos: -0.01064508   -0.06423822    -0.05443946 vel: 0.07371614   -0.06900756    0.007041858
Tree step number: 2048
**** Wallclock time per step (local): [Min/Max]
 Total       PP_single   PP_cluster  PP_cross    Tree_NB     Tree_Force  Force_corr  Kick        FindCluster CreateGroup MPI_comm    Output      Status      Other      
   0.0023657  3.0572e-05  9.3638e-05           0  0.00042372   0.0016952  5.5949e-05  2.3916e-05  5.5708e-05  3.4426e-05  3.9042e-06  4.7599e-06  3.4053e-09  7.2634e-06
   0.0023657   3.061e-05  9.3683e-05           0  0.00041179   0.0016415  5.6008e-05  2.3963e-05  5.5755e-05  3.4449e-05   3.937e-06    4.76e-06  3.4199e-09  7.4874e-06
**** FDPS tree soft force time profile (local):
 Sample_ptcl Domain_deco Ex_ptcl     SetRootCell Make_LT     Make_LET    Make_GT     Make_Group  Make_I_list Calc_force  Write_back 
           0           0           0  2.8689e-05  0.00032003  3.9922e-05  0.00023725  3.0225e-06  9.5039e-05  0.00078237  0.00010948
**** Tree neighbor time profile (local):
 Sample_ptcl Domain_deco Ex_ptcl     SetRootCell Make_LT     Make_LET    Make_GT     Make_Group  Make_I_list Calc_force  Write_back 
           0           0           0  1.2555e-05   0.0001349  1.7544e-05  0.00010389  5.7399e-07  1.6004e-05  9.1192e-05  2.4264e-05
**** Number per step (global):
 PP_single   PP_cluster  PP_cross    Cluster     Cross       AR_step_sum
      975.27      24.733           0      10.093           0      14.808
 AR_tsyn_sum Stab_Ngroup Iso_Ngroup  Form_Ngroup End_Ngroup  Modf_Ngroup Merg_Ngroup H4_step_sum H4_no_NB    Ep-Ep_sum   Ep-Sp_sum  
      0.3291           1           0    0.029785   0.0092773           0           0      125.92    0.083008  9.2519e+05       16848
**** Number of members in clusters (global):
N_members:            1           2           3           4           5           6           7           8           9          10          11          13
Count    :       975.27      7.6484       1.397     0.49707     0.28906     0.13672    0.063477    0.022461    0.027344   0.0097656  0.00097656  0.00097656

Time: 19  N_real(loc): 1000  N_real(glb): 1000  N_all(loc): 1012  N_all(glb): 1012  N_remove(glb): 0  N_escape(glb): 0
Energy:     Error/Total         Error     Error_cum         Total       Kinetic     Potential        Modify  Modify_group Modify_single      Error_PP  Error_PP_cum
Physic:    -0.001125645      2.923352      251.6276     -2597.047      2914.909     -5511.955      277.3008             0             0 -2.975701e-06     0.6282745
Slowdown:  -0.001163767      2.923343      251.4984     -2511.966      2906.942     -5418.908      787.8837             0             0 -2.984379e-06     0.6089661
Angular Momentum:  |L|err: 1.793268  |L|err_cum: 28.71726  L: 72.38017   24.21574    5.053858  |L|: 76.49074
C.M.: mass: 1900 pos: 0.00953281   -0.072523    -0.05983133 vel: 0.0797439   -0.06293013    -0.0406562
Tree step number: 2048
**** Wallclock time per step (local): [Min/Max]
 Total       PP_single   PP_cluster  PP_cross    Tree_NB     Tree_Force  Force_corr  Kick        FindCluster CreateGroup MPI_comm    Output      Status      Other      
   0.0032757  4.4367e-05  0.00011112           0  0.00055384   0.0023911  7.1223e-05  4.7671e-05  7.9521e-05  5.4005e-05  5.1217e-06  4.7168e-06  5.0386e-09  8.3837e-06
   0.0032757  4.4407e-05  0.00011117           0  0.00053881   0.0023084  7.1286e-05  4.7709e-05  7.9571e-05  5.4028e-05  5.1542e-06   4.717e-06  5.0581e-09  8.4917e-06
**** FDPS tree soft force time profile (local):
 Sample_ptcl Domain_deco Ex_ptcl     SetRootCell Make_LT     Make_LET    Make_GT     Make_Group  Make_I_list Calc_force  Write_back 
           0           0           0  5.3032e-05  0.00047821  5.7051e-05   0.0003879  3.9481e-06  0.00012264  0.00098583  0.00016754
**** Tree neighbor time profile (local):
 Sample_ptcl Domain_deco Ex_ptcl     SetRootCell Make_LT     Make_LET    Make_GT     Make_Group  Make_I_list Calc_force  Write_back 
           0           0           0  2.1127e-05  0.00020639  1.9589e-05  0.00014823  6.2777e-07  2.3316e-05  7.7163e-05  3.0592e-05
**** Number per step (global):
 PP_single   PP_cluster  PP_cross    Cluster     Cross       AR_step_sum
      975.68      24.321           0      10.103           0      14.588
 AR_tsyn_sum Stab_Ngroup Iso_Ngroup  Form_Ngroup End_Ngroup  Modf_Ngroup Merg_Ngroup H4_step_sum H4_no_NB    Ep-Ep_sum   Ep-Sp_sum  
     0.24463           1           0    0.027832   0.0073242           0           0      121.59     0.10107  9.1549e+05       20383
**** Number of members in clusters (global):
N_members:            1           2           3           4           5           6           7           8
Count    :       975.68      7.8799      1.1484     0.61865     0.20996      0.1416     0.09375    0.010742

Time: 19.5  N_real(loc): 1000  N_real(glb): 1000  N_all(loc): 1012  N_all(glb): 1012  N_remove(glb): 0  N_escape(glb): 0
Energy:     Error/Total         Error     Error_cum         Total       Kinetic     Potential        Modify  Modify_group Modify_single      Error_PP  Error_PP_cum
Physic:   -0.0007615871      1.974888      253.6025     -2593.121      3371.944     -5965.065      279.2515             0             0 -9.055572e-06     0.6282654
Slowdown:  -0.000787421      1.974884      253.4733     -2508.041      3363.976     -5872.016      874.9152             0             0 -9.018177e-06     0.6089571
Angular Momentum:  |L|err: 1.430442  |L|err_cum: 30.1477  L: 73.58296   24.98421    5.541637  |L|: 77.90617
C.M.: mass: 1900 pos: 0.0377656   -0.09101665    -0.0692425 vel: 0.06259862   -0.0197342    -0.01360822
Tree step number: 2048
**** Wallclock time per step (local): [Min/Max]
 Total       PP_single   PP_cluster  PP_cross    Tree_NB     Tree_Force  Force_corr  Kick        FindCluster CreateGroup MPI_comm    Output      Status      Other      
   0.0023769   2.989e-05  0.00010676           0  0.00041026   0.0017366  3.7396e-05  1.5292e-05   4.026e-05  3.1979e-05  2.4927e-06  4.3879e-06  3.6689e-09  6.6191e-06
   0.0023769  2.9927e-05  0.00010681           0  0.00040525   0.0016945  3.7454e-05  1.5337e-05  4.0304e-05     3.2e-05  2.5254e-06  4.3883e-06  3.6885e-09  6.7172e-06
**** FDPS tree soft force time profile (local):
 Sample_ptcl Domain_deco Ex_ptcl     SetRootCell Make_LT     Make_LET    Make_GT     Make_Group  Make_I_list Calc_force  Write_back 
           0           0           0  3.2253e-05  0.00029494   4.126e-05   0.0002533   3.165e-06  9.0053e-05  0.00078577  8.5772e-05
**** Tree neighbor time profile (local):
 Sample_ptcl Domain_deco Ex_ptcl     SetRootCell Make_LT     Make_LET    Make_GT     Make_Group  Make_I_list Calc_force  Write_back 
           0           0           0  1.6671e-05  0.00013406  1.8528e-05  0.00010343  8.3306e-07  1.8013e-05  6.5354e-05  1.0419e-05
**** Number per step (global):
 PP_single   PP_cluster  PP_cross    Cluster     Cross       AR_step_sum
      973.95      26.048           0      10.655           0       15.67
 AR_tsyn_sum Stab_Ngroup Iso_Ngroup  Form_Ngroup End_Ngroup  Modf_Ngroup Merg_Ngroup H4_step_sum H4_no_NB    Ep-Ep_sum   Ep-Sp_sum  
     0.61523           1           0    0.043945    0.011719           0           0         130    0.070801  9.4755e+05       12216
**** Number of members in clusters (global):
N_members:            1           2           3           4           5           6           7           8           9          10          11          14
Count    :       973.95      8.1538      1.4585     0.58057     0.18262     0.12988    0.047363    0.022461    0.043945    0.013672   0.0048828    0.010742
N_members:           15
Count    :    0.0068359

Time: 20  N_real(loc): 1000  N_real(glb): 1000  N_all(loc): 1012  N_all(glb): 1012  N_remove(glb): 0  N_escape(glb): 0
Energy:     Error/Total         Error     Error_cum         Total       Kinetic     Potential        Modify  Modify_group Modify_single      Error_PP  Error_PP_cum
Physic:    -0.000545729      1.413608      255.0161     -2590.312      2828.184     -5418.495      280.6475             0             0 -1.713735e-05     0.6282483
Slowdown: -0.0005642618      1.413606      254.8869     -2505.231      2820.213     -5325.444      961.3919             0             0 -1.717923e-05     0.6089399
Angular Momentum:  |L|err: 1.184568  |L|err_cum: 31.33227  L: 74.57487   25.61671    5.947596  |L|: 79.07592
C.M.: mass: 1900 pos: 0.05586145   -0.09678503    -0.07773718 vel: 0.03673854   -0.03050456    -0.002571784
Tree step number: 2048
**** Wallclock time per step (local): [Min/Max]
 Total       PP_single   PP_cluster  PP_cross    Tree_NB     Tree_Force  Force_corr  Kick        FindCluster CreateGroup MPI_comm    Output      Status      Other      
   0.0029933  3.8657e-05  0.00013403           0  0.00051162    0.002131  7.9311e-05  3.7425e-05  9.7055e-05  6.3414e-05  3.5435e-06  4.6916e-06  3.2974e-09  1.3423e-05
   0.0029933  3.8696e-05  0.00013408           0  0.00049666   0.0020225  7.9499e-05  3.7463e-05  9.7116e-05  6.3438e-05  3.5763e-06  4.6917e-06   3.312e-09  1.3549e-05
**** FDPS tree soft force time profile (local):
 Sample_ptcl Domain_deco Ex_ptcl     SetRootCell Make_LT     Make_LET    Make_GT     Make_Group  Make_I_list Calc_force  Write_back 
           0           0           0   3.456e-05  0.00044293  8.2841e-05  0.00034696  3.5915e-06   7.663e-05  0.00085394  0.00021869
**** Tree neighbor time profile (local):
 Sample_ptcl Domain_deco Ex_ptcl     SetRootCell Make_LT     Make_LET    Make_GT     Make_Group  Make_I_list Calc_force  Write_back 
           0           0           0  1.6131e-05   0.0001641  3.1453e-05  0.00014125  3.3719e-07  2.1179e-05  0.00010022  3.0348e-05
**** Number per step (global):
 PP_single   PP_cluster  PP_cross    Cluster     Cross       AR_step_sum
      971.37      28.631           0      11.547           0       17.98
 AR_tsyn_sum Stab_Ngroup Iso_Ngroup  Form_Ngroup End_Ngroup  Modf_Ngroup Merg_Ngroup H4_step_sum H4_no_NB    Ep-Ep_sum   Ep-Sp_sum  
      1.3682           1           0    0.070801    0.016602           0           0      157.16       0.104  9.7972e+05      6831.8
**** Number of members in clusters (global):
N_members:            1           2           3           4           5           6           7           8           9          10          11          12
Count    :       971.37       9.145      1.3237     0.36328     0.28125    0.084961     0.12354    0.046875    0.087891    0.031738    0.050781   0.0078125

Time: 20.5  N_real(loc): 1000  N_real(glb): 1000  N_all(loc): 1012  N_all(glb): 1012  N_remove(glb): 0  N_escape(glb): 0
Energy:     Error/Total         Error     Error_cum         Total       Kinetic     Potential        Modify  Modify_group Modify_single      Error_PP  Error_PP_cum
Physic:   -0.0004102011      1.061684      256.0778     -2588.205      3089.716      -5677.92      281.6929             0             0   0.001564664     0.6298129
Slowdown: -0.0004241433      1.061683      255.9486     -2503.124      3081.743     -5584.867      1047.518             0             0   0.001564664     0.6105045
Angular Momentum:  |L|err: 1.009931  |L|err_cum: 32.3422  L: 75.41736   26.1541    6.297036  |L|: 80.07165
C.M.: mass: 1900 pos: 0.07207617   -0.09644616    -0.06767578 vel: -0.005126787   -0.0157143    0.06107763
Tree step number: 2048
**** Wallclock time per step (local): [Min/Max]
 Total       PP_single   PP_cluster  PP_cross    Tree_NB     Tree_Force  Force_corr  Kick        FindCluster CreateGroup MPI_comm    Output      Status      Other      
   0.0040982  7.1332e-05  0.00019696           0  0.00063471   0.0029077  0.00012484  8.6862e-05  0.00010465  6.2712e-05  6.7332e-06  3.7928e-06  1.0513e-08   1.856e-05
   0.0040983  7.1375e-05  0.00019702           0  0.00062551   0.0027915  0.00012491  8.6901e-05  0.00010471  6.2738e-05  6.7676e-06  3.7931e-06  1.0562e-08   1.867e-05
**** FDPS tree soft force time profile (local):
 Sample_ptcl Domain_deco Ex_ptcl     SetRootCell Make_LT     Make_LET    Make_GT     Make_Group  Make_I_list Calc_force  Write_back 
           0           0           0  8.9477e-05  0.00075199  6.7741e-05  0.00054342  7.1975e-06  0.00013195   0.0010063  0.00023647
**** Tree neighbor time profile (local):
 Sample_ptcl Domain_deco Ex_ptcl     SetRootCell Make_LT     Make_LET    Make_GT     Make_Group  Make_I_list Calc_force  Write_back 
           0           0           0  3.8166e-05  0.00025269  3.9045e-05  0.00017105  8.6737e-07  2.1086e-05  8.3624e-05  1.8889e-05
**** Number per step (global):
 PP_single   PP_cluster  PP_cross    Cluster     Cross       AR_step_sum
      977.62      22.382           0      8.0635           0      23.626
 AR_tsyn_sum Stab_Ngroup Iso_Ngroup  Form_Ngroup End_Ngroup  Modf_Ngroup Merg_Ngroup H4_step_sum H4_no_NB    Ep-Ep_sum   Ep-Sp_sum  
      3.3359           1           0     0.16455    0.030762           0           0      132.32    0.092285  9.4417e+05       11672
**** Number of members in clusters (global):
N_members:            1           2           3           4           5           6           7           8           9          10          11          12
Count    :       977.62      6.3667     0.66846    0.033203     0.10645     0.13867     0.24414     0.25684     0.13574    0.088379    0.021973   0.0029297

Time: 21  N_real(loc): 1000  N_real(glb): 1000  N_all(loc): 1012  N_all(glb): 1012  N_remove(glb): 0  N_escape(glb): 0
Energy:     Error/Total         Error     Error_cum         Total       Kinetic     Potential        Modify  Modify_group Modify_single      Error_PP  Error_PP_cum
Physic:   -0.0003813248     0.9862599      257.0641     -2586.404      2945.382     -5531.786      282.5073             0             0   0.001324503     0.6311374
Slowdown:  -0.000394295     0.9862592      256.9348     -2501.323      2937.408     -5438.731      1133.413             0             0   0.001324503      0.611829
Angular Momentum:  |L|err: 0.8808103  |L|err_cum: 33.22301  L: 76.14936   26.62207    6.606972  |L|: 80.93894
C.M.: mass: 1900 pos: 0.06760726   -0.1074727    -0.05749976 vel: -0.01717925   -0.0662018    -0.03583934
Tree step number: 2048
**** Wallclock time per step (local): [Min/Max]
 Total       PP_single   PP_cluster  PP_cross    Tree_NB     Tree_Force  Force_corr  Kick        FindCluster CreateGroup MPI_comm    Output      Status      Other      
   0.0031012  3.7469e-05  0.00030146           0  0.00049961   0.0020191  7.5732e-05  4.5797e-05  0.00013256  3.8909e-05  7.7022e-06  5.2845e-06  4.3486e-09  2.5698e-05
   0.0031013  3.7534e-05  0.00030153           0  0.00048899   0.0019388  7.5807e-05  4.5835e-05  0.00013263  3.8944e-05  7.7361e-06  5.2847e-06  4.3687e-09  2.5816e-05
**** FDPS tree soft force time profile (local):
 Sample_ptcl Domain_deco Ex_ptcl     SetRootCell Make_LT     Make_LET    Make_GT     Make_Group  Make_I_list Calc_force  Write_back 
           0           0           0  2.7963e-05  0.00041914  4.3961e-05  0.00029946  4.4154e-06  7.0322e-05  0.00088531  0.00016265
**** Tree neighbor time profile (local):
 Sample_ptcl Domain_deco Ex_ptcl     SetRootCell Make_LT     Make_LET    Make_GT     Make_Group  Make_I_list Calc_force  Write_back 
           0           0           0  1.4291e-05   0.0001586  3.2787e-05  0.00013706  5.6293e-07  2.0352e-05  9.0458e-05  2.1727e-05
**** Number per step (global):
 PP_single   PP_cluster  PP_cross    Cluster     Cross       AR_step_sum
      975.08      24.923           0      7.9092           0      59.222
 AR_tsyn_sum Stab_Ngroup Iso_Ngroup  Form_Ngroup End_Ngroup  Modf_Ngroup Merg_Ngroup H4_step_sum H4_no_NB    Ep-Ep_sum   Ep-Sp_sum  
      15.576      1.0005           0     0.64453    0.046875  0.00048828           0      148.76     0.10791  9.5531e+05      9390.7
**** Number of members in clusters (global):
N_members:            1           2           3           4           5           6           7           8           9          10          11          12
Count    :       975.08      6.1333     0.66748    0.075195    0.020508     0.02832   0.0068359    0.074707     0.24316     0.24414     0.25244      0.1084
N_members:           13          14          16
Count    :     0.040039    0.013672  0.00097656
Hard energy significant ! dE_SD: 0.0580929 dE_SD/Etot_SD: -0.00010828
Thread: 3 Dump file: data.hard_large_energy_h4_n10_g2_t21.276855_M0_O3_c1_s1790683145
Hard energy significant ! dE_SD: -0.167722 dE_SD/Etot_SD: 0.000299936
Thread: 1 Dump file: data.hard_large_energy_h4_n10_g1_t21.356689_M0_O1_c2_s1790683146
Hard energy significant ! dE_SD: 0.0566977 dE_SD/Etot_SD: -0.000101041
Thread: 1 Dump file: data.hard_large_energy_h4_n10_g1_t21.373779_M0_O1_c3_s1790683146
Hard energy significant ! dE_SD: 0.0598949 dE_SD/Etot_SD: -0.000106127
Thread: 2 Dump file: data.hard_large_energy_h4_n10_g1_t21.374756_M0_O2_c4_s1790683146
Hard energy significant ! dE_SD: 0.0627362 dE_SD/Etot_SD: -0.000110426
Thread: 3 Dump file: data.hard_large_energy_h4_n10_g1_t21.375732_M0_O3_c5_s1790683146
Hard energy significant ! dE_SD: 0.0636963 dE_SD/Etot_SD: -0.000111305
Thread: 1 Dump file: data.hard_large_energy_h4_n10_g1_t21.376709_M0_O1_c6_s1790683146
Hard energy significant ! dE_SD: 0.0611277 dE_SD/Etot_SD: -0.000106004
Thread: 3 Dump file: data.hard_large_energy_h4_n10_g1_t21.377686_M0_O3_c7_s1790683146
Hard energy significant ! dE_SD: -0.0664011 dE_SD/Etot_SD: 0.000205405
Thread: 2 Dump file: data.hard_large_energy_h4_n6_g1_t21.401611_M0_O2_c8_s1790683146

Time: 21.5  N_real(loc): 1000  N_real(glb): 1000  N_all(loc): 1012  N_all(glb): 1012  N_remove(glb): 0  N_escape(glb): 0
Energy:     Error/Total         Error     Error_cum         Total       Kinetic     Potential        Modify  Modify_group Modify_single      Error_PP  Error_PP_cum
Physic:     -0.03938192      97.16076      354.2248     -2467.141      2864.784     -5331.926      304.6092             0             0      1.263286      1.894424
Slowdown:   -0.04078853      97.16076      354.0956     -2382.061      2856.808     -5238.869      1240.596             0             0      1.263286      1.875115
Angular Momentum:  |L|err: -2.009948  |L|err_cum: 31.21307  L: 74.90361   23.13213    12.59943  |L|: 79.4002
C.M.: mass: 1900 pos: 0.07245817   -0.135137    -0.06148229 vel: 0.0107458   -0.03884461    0.004335078
Tree step number: 2048
**** Wallclock time per step (local): [Min/Max]
 Total       PP_single   PP_cluster  PP_cross    Tree_NB     Tree_Force  Force_corr  Kick        FindCluster CreateGroup MPI_comm    Output      Status      Other      
   0.0026962  2.6472e-05  0.00030425           0  0.00044484   0.0017283  5.3421e-05  3.3479e-05  9.6708e-05   4.225e-05   7.633e-06  4.7747e-06  3.6055e-09  1.9242e-05
   0.0026963  2.6533e-05  0.00030451           0  0.00043029    0.001675  5.3483e-05  3.3517e-05   9.679e-05  4.2274e-05  7.6665e-06  4.7749e-06  3.6201e-09  1.9336e-05
**** FDPS tree soft force time profile (local):
 Sample_ptcl Domain_deco Ex_ptcl     SetRootCell Make_LT     Make_LET    Make_GT     Make_Group  Make_I_list Calc_force  Write_back 
           0           0           0  3.4327e-05  0.00034025  4.0416e-05  0.00025131  2.5273e-06  5.3018e-05  0.00081375  0.00010876
**** Tree neighbor time profile (local):
 Sample_ptcl Domain_deco Ex_ptcl     SetRootCell Make_LT     Make_LET    Make_GT     Make_Group  Make_I_list Calc_force  Write_back 
           0           0           0  1.1387e-05  0.00013666  1.9476e-05  0.00010845  4.9156e-07  2.2719e-05  9.9412e-05  2.9569e-05
**** Number per step (global):
 PP_single   PP_cluster  PP_cross    Cluster     Cross       AR_step_sum
      976.96      23.039           0      7.3135           0       62.64
 AR_tsyn_sum Stab_Ngroup Iso_Ngroup  Form_Ngroup End_Ngroup  Modf_Ngroup Merg_Ngroup H4_step_sum H4_no_NB    Ep-Ep_sum   Ep-Sp_sum  
      16.937      1.0913           0     0.38574    0.015625  0.00097656           0      166.32     0.13965  9.6869e+05      6446.6
**** Number of members in clusters (global):
N_members:            1           2           3           4           5           6           7           8           9          10          11          12
Count    :       976.96      5.6709     0.42236     0.16943     0.15771    0.089844    0.022461     0.12158    0.071289     0.23926     0.13086    0.086914
N_members:           13          14          15          16
Count    :     0.069336    0.048828   0.0097656   0.0029297
Hard energy significant ! dE_SD: -0.135483 dE_SD/Etot_SD: 0.000454405
Thread: 0 Dump file: data.hard_large_energy_h4_n3_g1_t21.720947_M0_O0_c9_s1790683150

Time: 22  N_real(loc): 1000  N_real(glb): 1000  N_all(loc): 1024  N_all(glb): 1024  N_remove(glb): 0  N_escape(glb): 0
Energy:     Error/Total         Error     Error_cum         Total       Kinetic     Potential        Modify  Modify_group Modify_single      Error_PP  Error_PP_cum
Physic:     -0.02436281      58.41625      412.6411     -2397.763       2950.96     -5348.724      315.5708             0             0   -0.03860772      1.855816
Slowdown:   -0.02699425      58.35265      412.4482     -2161.669      2903.768     -5065.438      1487.715             0             0   -0.06659602      1.808519
Angular Momentum:  |L|err: 9.759631  |L|err_cum: 40.9727  L: 86.20609   22.47978    12.61255  |L|: 89.97726
C.M.: mass: 1900 pos: 0.09246771   -0.1654289    -0.07311565 vel: 0.01744268   -0.02107803    -0.03469904
Tree step number: 2048
**** Wallclock time per step (local): [Min/Max]
 Total       PP_single   PP_cluster  PP_cross    Tree_NB     Tree_Force  Force_corr  Kick        FindCluster CreateGroup MPI_comm    Output      Status      Other      
   0.0024643  3.3551e-05  0.00022816           0  0.00040163   0.0016492  4.6414e-05  3.3831e-05  7.2741e-05  3.8309e-05  3.6308e-06  4.5494e-06  3.7964e-09  9.5015e-06
   0.0024643   3.359e-05  0.00022825           0   0.0003949   0.0015962  4.6539e-05  3.3868e-05    7.28e-05  3.8347e-05  3.6638e-06  4.5496e-06   3.811e-09   9.597e-06
**** FDPS tree soft force time profile (local):
 Sample_ptcl Domain_deco Ex_ptcl     SetRootCell Make_LT     Make_LET    Make_GT     Make_Group  Make_I_list Calc_force  Write_back 
           0           0           0  2.2893e-05  0.00032811  4.1501e-05  0.00023066  3.1668e-06  6.6143e-05  0.00076465    0.000108
**** Tree neighbor time profile (local):
 Sample_ptcl Domain_deco Ex_ptcl     SetRootCell Make_LT     Make_LET    Make_GT     Make_Group  Make_I_list Calc_force  Write_back 
           0           0           0  1.0994e-05  0.00013423  2.1902e-05   0.0001094  2.5538e-07  1.7733e-05  7.8328e-05   1.402e-05
**** Number per step (global):
 PP_single   PP_cluster  PP_cross    Cluster     Cross       AR_step_sum
      981.72      18.275           0      7.2388           0      71.736
 AR_tsyn_sum Stab_Ngroup Iso_Ngroup  Form_Ngroup End_Ngroup  Modf_Ngroup Merg_Ngroup H4_step_sum H4_no_NB    Ep-Ep_sum   Ep-Sp_sum  
      17.031      1.9165           0    0.054199   0.0078125   0.0063477           0      95.037    0.051758  9.9329e+05      6004.4
**** Number of members in clusters (global):
N_members:            1           2           3           4           5           6           7           8           9          10          11
Count    :       981.72      5.5996     0.69287     0.42334     0.19922    0.075195      0.1792    0.037109    0.021484   0.0058594   0.0048828

Time: 22.5  N_real(loc): 1000  N_real(glb): 1000  N_all(loc): 1024  N_all(glb): 1024  N_remove(glb): 0  N_escape(glb): 0
Energy:     Error/Total         Error     Error_cum         Total       Kinetic     Potential        Modify  Modify_group Modify_single      Error_PP  Error_PP_cum
Physic:     -0.01345045      31.78211      444.4232     -2362.903      2878.515     -5241.418      318.6494             0             0 -1.454141e-05      1.855801
Slowdown:   -0.01493513      31.76408      444.2123     -2126.803      2831.361     -4958.164      1726.911             0             0 -1.458311e-05      1.808505
Angular Momentum:  |L|err: 10.00569  |L|err_cum: 50.97839  L: 95.26946   27.16661    12.5736  |L|: 99.86185
C.M.: mass: 1900 pos: 0.1180472   -0.1958132    -0.1134781 vel: 0.04038377   -0.06644751    -0.01778509
Tree step number: 2048
**** Wallclock time per step (local): [Min/Max]
 Total       PP_single   PP_cluster  PP_cross    Tree_NB     Tree_Force  Force_corr  Kick        FindCluster CreateGroup MPI_comm    Output      Status      Other      
   0.0036146  4.9347e-05  0.00010514           0  0.00068384   0.0024968  0.00012522  7.8898e-05  0.00010954  6.7267e-05  7.0214e-06  4.5324e-06  3.7324e-09   2.038e-05
   0.0036147  4.9389e-05   0.0001052           0  0.00066607   0.0023785  0.00012544   7.894e-05  0.00010961  6.7292e-05  7.0548e-06  4.5326e-06   3.752e-09  2.0515e-05
**** FDPS tree soft force time profile (local):
 Sample_ptcl Domain_deco Ex_ptcl     SetRootCell Make_LT     Make_LET    Make_GT     Make_Group  Make_I_list Calc_force  Write_back 
           0           0           0  6.6311e-05  0.00058138  7.0312e-05  0.00041635  3.7659e-06  9.1148e-05  0.00097874  0.00023887
**** Tree neighbor time profile (local):
 Sample_ptcl Domain_deco Ex_ptcl     SetRootCell Make_LT     Make_LET    Make_GT     Make_Group  Make_I_list Calc_force  Write_back 
           0           0           0  1.7507e-05  0.00022292  4.5436e-05  0.00019049  2.9518e-07  3.5412e-05  0.00012032  3.6039e-05
**** Number per step (global):
 PP_single   PP_cluster  PP_cross    Cluster     Cross       AR_step_sum
      982.16      17.836           0      7.2549           0      28.006
 AR_tsyn_sum Stab_Ngroup Iso_Ngroup  Form_Ngroup End_Ngroup  Modf_Ngroup Merg_Ngroup H4_step_sum H4_no_NB    Ep-Ep_sum   Ep-Sp_sum  
     0.39014           2           0     0.03125   0.0078125           0           0      83.089    0.068848  9.9504e+05      7258.3
**** Number of members in clusters (global):
N_members:            1           2           3           4           5           6           7           8           9          10
Count    :       982.16      5.7515     0.59668     0.44043      0.2207     0.11035     0.08252    0.037109    0.014648  0.00097656

Time: 23  N_real(loc): 1000  N_real(glb): 1000  N_all(loc): 1024  N_all(glb): 1024  N_remove(glb): 0  N_escape(glb): 0
Energy:     Error/Total         Error     Error_cum         Total       Kinetic     Potential        Modify  Modify_group Modify_single      Error_PP  Error_PP_cum
Physic:    -0.005739156      13.47598      457.8992     -2348.076      2829.186     -5177.262      320.0001             0             0 -2.329258e-06      1.855799
Slowdown:  -0.006376566      13.46714      457.6794     -2111.974      2782.058     -4894.032      1964.373             0             0   -2.3127e-06      1.808502
Angular Momentum:  |L|err: 8.465619  |L|err_cum: 59.44401  L: 101.8504   33.43937    12.51578  |L|: 107.9275
C.M.: mass: 1900 pos: 0.1591543   -0.2545478    -0.1700552 vel: 0.07032174   -0.08731662    -0.1597963
Tree step number: 2048
**** Wallclock time per step (local): [Min/Max]
 Total       PP_single   PP_cluster  PP_cross    Tree_NB     Tree_Force  Force_corr  Kick        FindCluster CreateGroup MPI_comm    Output      Status      Other      
   0.0029025  5.6793e-05  9.7425e-05           0  0.00054673   0.0020301   9.066e-05  4.8863e-05  7.1681e-05  4.4137e-05  4.1844e-06  4.1114e-06  4.1782e-09  9.5842e-06
   0.0029025  5.6842e-05  9.7558e-05           0  0.00053278   0.0019398  9.0744e-05  4.8902e-05  7.1731e-05  4.4161e-05   4.217e-06  4.1117e-06  4.1929e-09  9.6787e-06
**** FDPS tree soft force time profile (local):
 Sample_ptcl Domain_deco Ex_ptcl     SetRootCell Make_LT     Make_LET    Make_GT     Make_Group  Make_I_list Calc_force  Write_back 
           0           0           0  4.5268e-05  0.00047055  5.9197e-05  0.00033975  2.9948e-06  7.3069e-05  0.00080441  0.00018336
**** Tree neighbor time profile (local):
 Sample_ptcl Domain_deco Ex_ptcl     SetRootCell Make_LT     Make_LET    Make_GT     Make_Group  Make_I_list Calc_force  Write_back 
           0           0           0  2.1277e-05  0.00020816  2.7295e-05    0.000144  2.7879e-07  1.8878e-05  9.3296e-05  2.8344e-05
**** Number per step (global):
 PP_single   PP_cluster  PP_cross    Cluster     Cross       AR_step_sum
      980.17      19.835           0      7.2671           0       27.15
 AR_tsyn_sum Stab_Ngroup Iso_Ngroup  Form_Ngroup End_Ngroup  Modf_Ngroup Merg_Ngroup H4_step_sum H4_no_NB    Ep-Ep_sum   Ep-Sp_sum  
     0.12012           2           0    0.010254   0.0029297           0           0      92.402    0.044434  9.9023e+05      6679.1
**** Number of members in clusters (global):
N_members:            1           2           3           4           5           6           7           8           9          10          11          12
Count    :       980.17      5.6509     0.67676     0.18945     0.17822    0.054688     0.08252     0.16992     0.13184    0.077148    0.037109    0.018555

Time: 23.5  N_real(loc): 1000  N_real(glb): 1000  N_all(loc): 1024  N_all(glb): 1024  N_remove(glb): 0  N_escape(glb): 0
Energy:     Error/Total         Error     Error_cum         Total       Kinetic     Potential        Modify  Modify_group Modify_single      Error_PP  Error_PP_cum
Physic:      -0.0026094      6.108961      464.0081     -2341.137      2474.409     -4815.546      320.8305             0             0 -3.655916e-06      1.855795
Slowdown:  -0.002898746      6.101954      463.7814     -2105.032      2427.305     -4532.338      2201.315             0             0 -3.652757e-06      1.808499
Angular Momentum:  |L|err: 8.751467  |L|err_cum: 68.19547  L: 108.0664   40.53086    12.99401  |L|: 116.1462
C.M.: mass: 1900 pos: 0.2119862   -0.2776573    -0.2521736 vel: 0.1145552   -0.05467956    -0.1417653
Tree step number: 2048
**** Wallclock time per step (local): [Min/Max]
 Total       PP_single   PP_cluster  PP_cross    Tree_NB     Tree_Force  Force_corr  Kick        FindCluster CreateGroup MPI_comm    Output      Status      Other      
   0.0031841  5.2291e-05  9.3506e-05           0   0.0005633   0.0022929  9.8188e-05  4.5014e-05  7.6807e-05  5.9325e-05  7.6902e-06  4.2484e-06  3.2437e-09  8.6149e-06
   0.0031842  5.2332e-05  9.3553e-05           0  0.00054572   0.0021905  9.8253e-05  4.5054e-05  7.6856e-05  5.9349e-05  7.7231e-06  4.2486e-06  3.2583e-09  8.7173e-06
**** FDPS tree soft force time profile (local):
 Sample_ptcl Domain_deco Ex_ptcl     SetRootCell Make_LT     Make_LET    Make_GT     Make_Group  Make_I_list Calc_force  Write_back 
           0           0           0  6.0576e-05  0.00055275  5.9879e-05  0.00035718  3.7543e-06  8.6117e-05  0.00090379   0.0002066
**** Tree neighbor time profile (local):
 Sample_ptcl Domain_deco Ex_ptcl     SetRootCell Make_LT     Make_LET    Make_GT     Make_Group  Make_I_list Calc_force  Write_back 
           0           0           0  2.0315e-05  0.00019576   3.581e-05  0.00014646  4.8397e-07  1.4466e-05   0.0001052  3.5602e-05
**** Number per step (global):
 PP_single   PP_cluster  PP_cross    Cluster     Cross       AR_step_sum
      984.07      15.928           0      7.0479           0      28.306
 AR_tsyn_sum Stab_Ngroup Iso_Ngroup  Form_Ngroup End_Ngroup  Modf_Ngroup Merg_Ngroup H4_step_sum H4_no_NB    Ep-Ep_sum   Ep-Sp_sum  
     0.48926           2           0    0.046387   0.0097656           0           0      65.636    0.055176  9.7409e+05      7961.1
**** Number of members in clusters (global):
N_members:            1           2           3           4           5           6           7           9          10
Count    :       984.07      5.7817     0.93652     0.19824    0.060547     0.05957  0.00048828   0.0087891   0.0019531

Time: 24  N_real(loc): 1000  N_real(glb): 1000  N_all(loc): 1024  N_all(glb): 1024  N_remove(glb): 0  N_escape(glb): 0
Energy:     Error/Total         Error     Error_cum         Total       Kinetic     Potential        Modify  Modify_group Modify_single      Error_PP  Error_PP_cum
Physic:   -9.116839e-05     0.2133893      464.2215     -2340.606      2842.353     -5182.959      321.1475             0             0  0.0003711438      1.856167
Slowdown: -9.760619e-05     0.2054122      463.9868       -2104.5       2795.27      -4899.77      2437.746             0             0 -1.093997e-05      1.808488
Angular Momentum:  |L|err: 9.760335  |L|err_cum: 77.95581  L: 114.6604   48.54289    13.92804  |L|: 125.2893
C.M.: mass: 1900 pos: 0.2574843   -0.3013848    -0.3490229 vel: 0.08755797   -0.04961449    -0.2006158
Tree step number: 2048
**** Wallclock time per step (local): [Min/Max]
 Total       PP_single   PP_cluster  PP_cross    Tree_NB     Tree_Force  Force_corr  Kick        FindCluster CreateGroup MPI_comm    Output      Status      Other      
   0.0026022   2.326e-05  8.8646e-05           0  0.00046266   0.0019214  5.7283e-05  1.9583e-05   4.322e-05  4.0207e-05  1.5278e-06  4.6356e-06  3.1558e-09  5.2742e-06
   0.0026022  2.3296e-05   8.869e-05           0   0.0004568   0.0018594  5.7366e-05  1.9619e-05  4.3263e-05  4.0229e-05  1.5594e-06  4.6358e-06  3.1704e-09  5.3796e-06
**** FDPS tree soft force time profile (local):
 Sample_ptcl Domain_deco Ex_ptcl     SetRootCell Make_LT     Make_LET    Make_GT     Make_Group  Make_I_list Calc_force  Write_back 
           0           0           0  0.00010455  0.00041244  3.5335e-05  0.00030738  3.7335e-06  7.3118e-05  0.00071573  0.00012587
**** Tree neighbor time profile (local):
 Sample_ptcl Domain_deco Ex_ptcl     SetRootCell Make_LT     Make_LET    Make_GT     Make_Group  Make_I_list Calc_force  Write_back 
           0           0           0  4.9782e-05  0.00015841  2.3736e-05  0.00010614  1.3448e-06  1.4068e-05  6.3166e-05   1.221e-05
**** Number per step (global):
 PP_single   PP_cluster  PP_cross    Cluster     Cross       AR_step_sum
      982.33      17.668           0      8.0786           0      28.012
 AR_tsyn_sum Stab_Ngroup Iso_Ngroup  Form_Ngroup End_Ngroup  Modf_Ngroup Merg_Ngroup H4_step_sum H4_no_NB    Ep-Ep_sum   Ep-Sp_sum  
     0.56201           2           0    0.025879   0.0068359           0           0      76.114    0.033203   9.599e+05       11376
**** Number of members in clusters (global):
N_members:            1           2           3           4           5           6           7
Count    :       982.33      6.9087     0.95801     0.13574    0.038086    0.023438    0.014648

Time: 24.5  N_real(loc): 1000  N_real(glb): 1000  N_all(loc): 1024  N_all(glb): 1024  N_remove(glb): 0  N_escape(glb): 0
Energy:     Error/Total         Error     Error_cum         Total       Kinetic     Potential        Modify  Modify_group Modify_single      Error_PP  Error_PP_cum
Physic:     0.004703991     -11.07737      453.1442     -2354.887      2849.641     -5204.528      317.9444             0             0   0.003819266      1.859986
Slowdown:    0.00523722     -11.09649      452.8903     -2118.775        2802.6     -4921.375      2670.675             0             0  0.0002461556      1.808734
Angular Momentum:  |L|err: 13.20023  |L|err_cum: 91.15604  L: 122.9059   59.98054    15.00129  |L|: 137.5811
C.M.: mass: 1900 pos: 0.283747   -0.3279325    -0.461578 vel: 0.1123091   -0.08436722    -0.2217384
Tree step number: 2048
**** Wallclock time per step (local): [Min/Max]
 Total       PP_single   PP_cluster  PP_cross    Tree_NB     Tree_Force  Force_corr  Kick        FindCluster CreateGroup MPI_comm    Output      Status      Other      
   0.0020647  2.0454e-05  8.6529e-05           0  0.00035491   0.0015048   3.697e-05  1.7981e-05   3.364e-05   3.082e-05  4.5337e-06  4.6954e-06  3.2969e-09   7.347e-06
   0.0020648  2.0489e-05  8.6571e-05           0  0.00034915   0.0014703  3.7025e-05  1.8015e-05  3.3689e-05  3.0841e-05  4.5743e-06  4.6956e-06  3.3169e-09  7.4466e-06
**** FDPS tree soft force time profile (local):
 Sample_ptcl Domain_deco Ex_ptcl     SetRootCell Make_LT     Make_LET    Make_GT     Make_Group  Make_I_list Calc_force  Write_back 
           0           0           0  2.1306e-05  0.00026819  2.7407e-05  0.00021772  2.7027e-06  6.5685e-05  0.00070963  7.0499e-05
**** Tree neighbor time profile (local):
 Sample_ptcl Domain_deco Ex_ptcl     SetRootCell Make_LT     Make_LET    Make_GT     Make_Group  Make_I_list Calc_force  Write_back 
           0           0           0  1.8976e-05  0.00012111  1.5866e-05  9.0213e-05  5.6621e-07  1.6031e-05  5.4141e-05  1.1913e-05
**** Number per step (global):
 PP_single   PP_cluster  PP_cross    Cluster     Cross       AR_step_sum
      980.98      19.021           0      8.6733           0      32.052
 AR_tsyn_sum Stab_Ngroup Iso_Ngroup  Form_Ngroup End_Ngroup  Modf_Ngroup Merg_Ngroup H4_step_sum H4_no_NB    Ep-Ep_sum   Ep-Sp_sum  
      2.1592           2           0   0.0078125   0.0014648           0           0      80.531    0.033691  9.5104e+05       14286
**** Number of members in clusters (global):
N_members:            1           2           3           4           5           6           7           8           9
Count    :       980.98      7.4199       1.084    0.035156    0.063965    0.046875   0.0087891   0.0058594   0.0087891

Time: 25  N_real(loc): 1000  N_real(glb): 1000  N_all(loc): 1024  N_all(glb): 1024  N_remove(glb): 0  N_escape(glb): 0
Energy:     Error/Total         Error     Error_cum         Total       Kinetic     Potential        Modify  Modify_group Modify_single      Error_PP  Error_PP_cum
Physic:      0.01754492     -42.09009      411.0541      -2398.99      2977.128     -5376.118      315.9311             0             0    0.04915446       1.90914
Slowdown:    0.01821138     -42.13948      410.7508     -2313.909      2969.138     -5283.047      2753.791             0             0    0.03747867      1.846213
Angular Momentum:  |L|err: 12.09769  |L|err_cum: 103.2537  L: 130.874   69.65975    15.35565  |L|: 149.0513
C.M.: mass: 1900 pos: 0.3032694   -0.3714782    -0.578497 vel: -0.01442079   -0.09917545    -0.2191363
Tree step number: 2048
**** Wallclock time per step (local): [Min/Max]
 Total       PP_single   PP_cluster  PP_cross    Tree_NB     Tree_Force  Force_corr  Kick        FindCluster CreateGroup MPI_comm    Output      Status      Other      
   0.0027505  2.2305e-05  0.00014664           0  0.00045648   0.0020008  4.7618e-05  2.3837e-05  5.9218e-05  3.4338e-05  2.9463e-06  4.3215e-06  3.9971e-09  7.3055e-06
   0.0027506  2.2342e-05  0.00014669           0  0.00045101   0.0019486  4.7675e-05  2.3873e-05  5.9267e-05   3.436e-05  2.9785e-06  4.3217e-06  4.0117e-09  7.4227e-06
**** FDPS tree soft force time profile (local):
 Sample_ptcl Domain_deco Ex_ptcl     SetRootCell Make_LT     Make_LET    Make_GT     Make_Group  Make_I_list Calc_force  Write_back 
           0           0           0  6.2119e-05  0.00035164  4.0311e-05  0.00025878  3.6726e-06  7.7672e-05  0.00090748  0.00010638
**** Tree neighbor time profile (local):
 Sample_ptcl Domain_deco Ex_ptcl     SetRootCell Make_LT     Make_LET    Make_GT     Make_Group  Make_I_list Calc_force  Write_back 
           0           0           0  2.6855e-05  0.00014434  1.7334e-05  0.00011637  6.8426e-07  1.9156e-05  6.5832e-05  1.1372e-05
**** Number per step (global):
 PP_single   PP_cluster  PP_cross    Cluster     Cross       AR_step_sum
      981.23      18.773           0      8.3081           0      52.458
 AR_tsyn_sum Stab_Ngroup Iso_Ngroup  Form_Ngroup End_Ngroup  Modf_Ngroup Merg_Ngroup H4_step_sum H4_no_NB    Ep-Ep_sum   Ep-Sp_sum  
       9.437           2           0    0.041992   0.0092773           0           0      87.625    0.072266  9.4043e+05       15589
**** Number of members in clusters (global):
N_members:            1           2           3           4           5           6           7
Count    :       981.23      6.9087     0.90674     0.28857     0.14893    0.049316   0.0058594

Time: 25.5  N_real(loc): 1000  N_real(glb): 1000  N_all(loc): 1024  N_all(glb): 1024  N_remove(glb): 0  N_escape(glb): 0
Energy:     Error/Total         Error     Error_cum         Total       Kinetic     Potential        Modify  Modify_group Modify_single      Error_PP  Error_PP_cum
Physic:    -0.003291523      7.856613      418.9107     -2386.923      5684.188     -8071.111      320.1412             0             0    0.09723586      2.006376
Slowdown:  -0.003377126      7.750323      418.5012     -2294.947      5601.532     -7896.479      2850.085             0             0    0.02195017      1.868163
Angular Momentum:  |L|err: -14.77869  |L|err_cum: 88.47503  L: 78.8578   91.27588    2.752571  |L|: 120.6541
C.M.: mass: 1900 pos: 0.2964953   -0.4204922    -0.6557779 vel: 0.006992116   -0.07775971    -0.1086312
Tree step number: 2048
**** Wallclock time per step (local): [Min/Max]
 Total       PP_single   PP_cluster  PP_cross    Tree_NB     Tree_Force  Force_corr  Kick        FindCluster CreateGroup MPI_comm    Output      Status      Other      
   0.0024838  2.5001e-05  0.00017175           0  0.00040821   0.0017798  3.8103e-05  2.1408e-05   4.542e-05  2.9113e-05  3.9636e-06  4.3308e-06  3.3022e-09  6.3232e-06
   0.0024838  2.5038e-05   0.0001718           0  0.00040141   0.0017347  3.8173e-05  2.1444e-05   4.547e-05  2.9135e-05  4.0108e-06  4.3311e-06  3.3169e-09  6.4534e-06
**** FDPS tree soft force time profile (local):
 Sample_ptcl Domain_deco Ex_ptcl     SetRootCell Make_LT     Make_LET    Make_GT     Make_Group  Make_I_list Calc_force  Write_back 
           0           0           0   3.496e-05   0.0003086  3.4581e-05  0.00024029  3.8239e-06  7.3603e-05  0.00084749  9.2156e-05
**** Tree neighbor time profile (local):
 Sample_ptcl Domain_deco Ex_ptcl     SetRootCell Make_LT     Make_LET    Make_GT     Make_Group  Make_I_list Calc_force  Write_back 
           0           0           0  1.3706e-05  0.00011839  1.7911e-05  0.00010603  5.8454e-07  1.8678e-05  7.6767e-05   1.417e-05
**** Number per step (global):
 PP_single   PP_cluster  PP_cross    Cluster     Cross       AR_step_sum
      983.14      16.858           0      7.0527           0      68.815
 AR_tsyn_sum Stab_Ngroup Iso_Ngroup  Form_Ngroup End_Ngroup  Modf_Ngroup Merg_Ngroup H4_step_sum H4_no_NB    Ep-Ep_sum   Ep-Sp_sum  
      16.668           2           0   0.0073242   0.0019531   0.0014648           0      77.336    0.064941  9.2864e+05       18969
**** Number of members in clusters (global):
N_members:            1           2           3           4           5           6           7
Count    :       983.14      5.4404      0.8999      0.4502     0.12158     0.11523    0.025391

Time: 26  N_real(loc): 1000  N_real(glb): 1000  N_all(loc): 1024  N_all(glb): 1024  N_remove(glb): 0  N_escape(glb): 0
Energy:     Error/Total         Error     Error_cum         Total       Kinetic     Potential        Modify  Modify_group Modify_single      Error_PP  Error_PP_cum
Physic:     -0.01124273      26.53543      445.4461     -2360.229      2730.996     -5091.225      320.3003             0             0     0.1742148      2.180591
Slowdown:   -0.01239912      26.33351      444.8347     -2123.821      2694.775     -4818.596      3086.853             0             0     0.1004705      1.968633
Angular Momentum:  |L|err: -7.671382  |L|err_cum: 80.80364  L: 71.67782   85.56851    2.567359  |L|: 111.6525
C.M.: mass: 1900 pos: 0.2872458   -0.473498    -0.6926684 vel: -0.0370355   -0.1014254    -0.06701886
Tree step number: 2048
**** Wallclock time per step (local): [Min/Max]
 Total       PP_single   PP_cluster  PP_cross    Tree_NB     Tree_Force  Force_corr  Kick        FindCluster CreateGroup MPI_comm    Output      Status      Other      
    0.002002    1.86e-05  0.00018249           0  0.00027156   0.0013621  3.9549e-05  2.4443e-05  6.3969e-05   5.077e-05  3.9193e-06  4.3887e-06  4.0752e-09  7.6147e-06
   0.0020021  1.8635e-05  0.00018254           0  0.00026924   0.0013348  3.9612e-05  2.4476e-05  6.4016e-05   5.079e-05  3.9517e-06   4.389e-06  4.0898e-09  7.7276e-06
**** FDPS tree soft force time profile (local):
 Sample_ptcl Domain_deco Ex_ptcl     SetRootCell Make_LT     Make_LET    Make_GT     Make_Group  Make_I_list Calc_force  Write_back 
           0           0           0  2.4501e-05  0.00025557  3.1842e-05  0.00018138  2.8327e-06  9.3844e-05  0.00065098  5.5985e-05
**** Tree neighbor time profile (local):
 Sample_ptcl Domain_deco Ex_ptcl     SetRootCell Make_LT     Make_LET    Make_GT     Make_Group  Make_I_list Calc_force  Write_back 
           0           0           0  7.8974e-06  0.00010579  2.3559e-05  7.1842e-05  7.3269e-07  1.4664e-05   3.067e-05  5.0406e-06
**** Number per step (global):
 PP_single   PP_cluster  PP_cross    Cluster     Cross       AR_step_sum
      984.17      15.829           0      6.1763           0      72.655
 AR_tsyn_sum Stab_Ngroup Iso_Ngroup  Form_Ngroup End_Ngroup  Modf_Ngroup Merg_Ngroup H4_step_sum H4_no_NB    Ep-Ep_sum   Ep-Sp_sum  
      16.905           2           0    0.014648   0.0039062           0           0      74.822    0.066406  9.0828e+05       22266
**** Number of members in clusters (global):
N_members:            1           2           3           4           5           6           7           8           9          10          11          12
Count    :       984.17      4.7891     0.65674     0.27734     0.12549     0.11963    0.039062    0.075195   0.0097656    0.070312   0.0039062   0.0097656

Time: 26.5  N_real(loc): 1000  N_real(glb): 1000  N_all(loc): 1024  N_all(glb): 1024  N_remove(glb): 0  N_escape(glb): 0
Energy:     Error/Total         Error     Error_cum         Total       Kinetic     Potential        Modify  Modify_group Modify_single      Error_PP  Error_PP_cum
Physic:    -0.008163844      18.99972      464.4458     -2327.301      2776.241     -5103.542      334.2287             0             0    0.01424587      2.194837
Slowdown:  -0.009043373      18.90829       463.743     -2090.844      2739.945     -4830.789      3337.329             0             0  0.0002110985      1.968844
Angular Momentum:  |L|err: -16.80351  |L|err_cum: 64.00013  L: 56.10254   71.71608    3.392144  |L|: 91.1164
C.M.: mass: 1900 pos: 0.3122325   -0.5320119    -0.7227733 vel: 0.07537115   -0.1236463    -0.0693192
Tree step number: 2048
**** Wallclock time per step (local): [Min/Max]
 Total       PP_single   PP_cluster  PP_cross    Tree_NB     Tree_Force  Force_corr  Kick        FindCluster CreateGroup MPI_comm    Output      Status      Other      
   0.0020653  2.3036e-05  8.9844e-05           0  0.00032308   0.0015066  4.5737e-05   2.867e-05  4.0626e-05  3.0218e-05  1.5525e-06  3.4044e-06  3.8452e-09  5.3922e-06
   0.0020653  2.3073e-05  8.9922e-05           0  0.00032095   0.0014735  4.5795e-05  2.8717e-05   4.067e-05  3.0256e-05  1.5844e-06  3.4047e-06  3.8599e-09  5.5115e-06
**** FDPS tree soft force time profile (local):
 Sample_ptcl Domain_deco Ex_ptcl     SetRootCell Make_LT     Make_LET    Make_GT     Make_Group  Make_I_list Calc_force  Write_back 
           0           0           0  1.5959e-05  0.00027943   4.921e-05  0.00022674  3.1496e-06  0.00010224  0.00070398  6.7856e-05
**** Tree neighbor time profile (local):
 Sample_ptcl Domain_deco Ex_ptcl     SetRootCell Make_LT     Make_LET    Make_GT     Make_Group  Make_I_list Calc_force  Write_back 
           0           0           0  1.1563e-05  0.00013544  1.9599e-05  9.5634e-05  6.6788e-07  1.5575e-05  2.4105e-05  4.6468e-06
**** Number per step (global):
 PP_single   PP_cluster  PP_cross    Cluster     Cross       AR_step_sum
      980.16      19.842           0      8.1626           0      35.693
 AR_tsyn_sum Stab_Ngroup Iso_Ngroup  Form_Ngroup End_Ngroup  Modf_Ngroup Merg_Ngroup H4_step_sum H4_no_NB    Ep-Ep_sum   Ep-Sp_sum  
      3.6748           2           0     0.02002   0.0043945           0           0      81.973    0.063965  9.0943e+05       22931
**** Number of members in clusters (global):
N_members:            1           2           3           4           5           6           7           8           9          10
Count    :       980.16      6.3677      0.9917     0.37354     0.19043     0.10547     0.06543     0.02832    0.032227   0.0078125

Time: 27  N_real(loc): 1000  N_real(glb): 1000  N_all(loc): 1024  N_all(glb): 1024  N_remove(glb): 0  N_escape(glb): 0
Energy:     Error/Total         Error     Error_cum         Total       Kinetic     Potential        Modify  Modify_group Modify_single      Error_PP  Error_PP_cum
Physic:    0.0002112573    -0.4916575      463.9542     -2327.292      2643.001     -4970.293      334.7292             0             0   0.001298935      2.196136
Slowdown:  0.0002480117    -0.5185458      463.2244     -2090.812      2606.619     -4697.431      3574.337             0             0 -2.601086e-06      1.968842
Angular Momentum:  |L|err: -34.35233  |L|err_cum: 29.6478  L: 41.83232   36.22543    11.97723  |L|: 56.61872
C.M.: mass: 1900 pos: 0.3819588   -0.6065817    -0.7380009 vel: 0.1216143   -0.1336179    -0.05687106
Tree step number: 2048
**** Wallclock time per step (local): [Min/Max]
 Total       PP_single   PP_cluster  PP_cross    Tree_NB     Tree_Force  Force_corr  Kick        FindCluster CreateGroup MPI_comm    Output      Status      Other      
   0.0017523  1.9421e-05  6.6061e-05           0   0.0002602   0.0013418  2.0361e-05  1.0335e-05  2.4189e-05  2.3974e-05  1.1111e-06  4.3137e-06  3.1309e-09  3.6427e-06
   0.0017524  1.9467e-05  6.6113e-05           0  0.00025758   0.0013189  2.0413e-05  1.0369e-05  2.4229e-05  2.3995e-05   1.143e-06  4.3139e-06  3.1455e-09  3.7719e-06
**** FDPS tree soft force time profile (local):
 Sample_ptcl Domain_deco Ex_ptcl     SetRootCell Make_LT     Make_LET    Make_GT     Make_Group  Make_I_list Calc_force  Write_back 
           0           0           0  1.3848e-05  0.00019979  2.8591e-05  0.00016905  2.6887e-06  8.3338e-05  0.00074377  4.7373e-05
**** Tree neighbor time profile (local):
 Sample_ptcl Domain_deco Ex_ptcl     SetRootCell Make_LT     Make_LET    Make_GT     Make_Group  Make_I_list Calc_force  Write_back 
           0           0           0  4.3461e-06  9.1998e-05  1.5819e-05   7.061e-05  6.2689e-07  1.5361e-05  2.5406e-05  5.7931e-06
**** Number per step (global):
 PP_single   PP_cluster  PP_cross    Cluster     Cross       AR_step_sum
       983.9      16.101           0       6.876           0      28.095
 AR_tsyn_sum Stab_Ngroup Iso_Ngroup  Form_Ngroup End_Ngroup  Modf_Ngroup Merg_Ngroup H4_step_sum H4_no_NB    Ep-Ep_sum   Ep-Sp_sum  
     0.35107           2           0    0.024414   0.0058594           0           0      67.682    0.064453  9.0412e+05       23597
**** Number of members in clusters (global):
N_members:            1           2           3           4           5           6           7           8           9          10
Count    :        983.9      5.8589     0.32031     0.33057     0.20264      0.1001    0.039062    0.011719   0.0078125   0.0048828

Time: 27.5  N_real(loc): 1000  N_real(glb): 1000  N_all(loc): 1024  N_all(glb): 1024  N_remove(glb): 0  N_escape(glb): 0
Energy:     Error/Total         Error     Error_cum         Total       Kinetic     Potential        Modify  Modify_group Modify_single      Error_PP  Error_PP_cum
Physic:       0.0162721     -38.82503      425.1291     -2385.988      2944.004     -5329.992      314.8586             0             0     0.1026432      2.298779
Slowdown:     0.0169336     -38.96264      424.2618     -2300.907      2936.004     -5236.911      3639.684             0             0    0.01825069      1.987092
Angular Momentum:  |L|err: 40.32152  |L|err_cum: 69.96932  L: -12.96744   -18.12361    25.54332  |L|: 33.8981
C.M.: mass: 1900 pos: 0.4249959   -0.6748718    -0.7262859 vel: 0.08360666   -0.1392883    -0.05227748
Tree step number: 2048
**** Wallclock time per step (local): [Min/Max]
 Total       PP_single   PP_cluster  PP_cross    Tree_NB     Tree_Force  Force_corr  Kick        FindCluster CreateGroup MPI_comm    Output      Status      Other      
   0.0019405  1.8044e-05  0.00012925           0  0.00026447   0.0014212  3.0164e-05  9.6147e-06  5.1892e-05  2.9245e-05    3.61e-06  4.9309e-06  3.7524e-09  6.7289e-06
   0.0019406   1.808e-05   0.0001293           0  0.00026204   0.0013928  3.0219e-05  9.6484e-06  5.1939e-05  2.9266e-05  3.6424e-06  4.9311e-06  3.7671e-09   6.893e-06
**** FDPS tree soft force time profile (local):
 Sample_ptcl Domain_deco Ex_ptcl     SetRootCell Make_LT     Make_LET    Make_GT     Make_Group  Make_I_list Calc_force  Write_back 
           0           0           0  1.6951e-05  0.00024161  3.5241e-05    0.000188  2.6236e-06  9.1852e-05  0.00071628  5.8715e-05
**** Tree neighbor time profile (local):
 Sample_ptcl Domain_deco Ex_ptcl     SetRootCell Make_LT     Make_LET    Make_GT     Make_Group  Make_I_list Calc_force  Write_back 
           0           0           0  5.4702e-06  0.00010563  1.5249e-05  8.1951e-05  6.5987e-07  1.5677e-05   2.041e-05  5.2686e-06
**** Number per step (global):
 PP_single   PP_cluster  PP_cross    Cluster     Cross       AR_step_sum
      980.96      19.038           0      7.5303           0      49.788
 AR_tsyn_sum Stab_Ngroup Iso_Ngroup  Form_Ngroup End_Ngroup  Modf_Ngroup Merg_Ngroup H4_step_sum H4_no_NB    Ep-Ep_sum   Ep-Sp_sum  
      8.6416           2           0    0.017578   0.0053711           0           0       86.17    0.048828   9.006e+05       23546
**** Number of members in clusters (global):
N_members:            1           2           3           4           5           6           7           8           9          10          11
Count    :       980.96      5.4619      1.1787     0.41992     0.19336     0.11377    0.071289    0.081055   0.0039062   0.0039062   0.0024414

Time: 28  N_real(loc): 1000  N_real(glb): 1000  N_all(loc): 1024  N_all(glb): 1024  N_remove(glb): 0  N_escape(glb): 0
Energy:     Error/Total         Error     Error_cum         Total       Kinetic     Potential        Modify  Modify_group Modify_single      Error_PP  Error_PP_cum
Physic:    -0.007087005        16.601      441.7301     -2342.457      2981.174     -5323.631      341.7884             0             0     0.1750758      2.473855
Slowdown:  -0.007806139      16.43792      440.6997     -2105.768      2770.044     -4875.812      3903.466             0             0     0.1133435      2.100436
Angular Momentum:  |L|err: -32.1062  |L|err_cum: 37.86312  L: 23.14357   -6.359398    29.08934  |L|: 37.71282
C.M.: mass: 1900 pos: 0.4724642   -0.7264517    -0.7500749 vel: 0.1028136   -0.06923698    -0.04301837
Tree step number: 2048
**** Wallclock time per step (local): [Min/Max]
 Total       PP_single   PP_cluster  PP_cross    Tree_NB     Tree_Force  Force_corr  Kick        FindCluster CreateGroup MPI_comm    Output      Status      Other      
   0.0019555  1.6853e-05  0.00021093           0  0.00026489   0.0013672   2.434e-05  6.9095e-06  4.4153e-05  2.9421e-05  1.7504e-06  3.3938e-06  3.7031e-09  4.2164e-06
   0.0019555  1.6888e-05  0.00021099           0  0.00026271   0.0013485  2.4394e-05  6.9636e-06  4.4202e-05  2.9442e-05   1.783e-06  3.3941e-06  3.7227e-09  4.3381e-06
**** FDPS tree soft force time profile (local):
 Sample_ptcl Domain_deco Ex_ptcl     SetRootCell Make_LT     Make_LET    Make_GT     Make_Group  Make_I_list Calc_force  Write_back 
           0           0           0  1.3295e-05  0.00024277  3.3095e-05  0.00018181  3.5099e-06  8.6695e-05  0.00070669   3.902e-05
**** Tree neighbor time profile (local):
 Sample_ptcl Domain_deco Ex_ptcl     SetRootCell Make_LT     Make_LET    Make_GT     Make_Group  Make_I_list Calc_force  Write_back 
           0           0           0  5.6327e-06  9.7798e-05  1.6377e-05  8.0403e-05  6.3188e-07  1.5349e-05  2.6012e-05  4.7698e-06
**** Number per step (global):
 PP_single   PP_cluster  PP_cross    Cluster     Cross       AR_step_sum
      979.46      20.542           0      7.5103           0       75.94
 AR_tsyn_sum Stab_Ngroup Iso_Ngroup  Form_Ngroup End_Ngroup  Modf_Ngroup Merg_Ngroup H4_step_sum H4_no_NB    Ep-Ep_sum   Ep-Sp_sum  
      18.316           2           0     0.09082    0.020996    0.003418           0      105.81     0.17627  9.0885e+05       19690
**** Number of members in clusters (global):
N_members:            1           2           3           4           5           6           7           8           9          10          11          12
Count    :       979.46      5.5815     0.89355     0.29102     0.10156     0.20166     0.11426     0.11816     0.12695    0.012695    0.024902    0.043945

Time: 28.5  N_real(loc): 1000  N_real(glb): 1000  N_all(loc): 1024  N_all(glb): 1024  N_remove(glb): 0  N_escape(glb): 0
Energy:     Error/Total         Error     Error_cum         Total       Kinetic     Potential        Modify  Modify_group Modify_single      Error_PP  Error_PP_cum
Physic:    -0.001285381       2.98666      444.7168     -2323.561      2752.502     -5076.063      357.6978             0             0    0.06436543       2.53822
Slowdown:   -0.00131459      2.942684      443.6424      -2238.48      2744.498     -4982.978        4004.5             0             0     0.0394286      2.139865
Angular Momentum:  |L|err: 18.60941  |L|err_cum: 56.47253  L: 31.16292   -15.33464    53.38765  |L|: 63.69081
C.M.: mass: 1900 pos: 0.5111914   -0.7623967    -0.7508662 vel: 0.05602136   -0.08824547    -0.0253966
Tree step number: 2048
**** Wallclock time per step (local): [Min/Max]
 Total       PP_single   PP_cluster  PP_cross    Tree_NB     Tree_Force  Force_corr  Kick        FindCluster CreateGroup MPI_comm    Output      Status      Other      
   0.0025012   3.308e-05  0.00018279           0   0.0003848   0.0017715  4.1788e-05  1.8535e-05  6.8497e-05  3.7985e-05  5.1277e-06  4.3325e-06  6.4771e-09  1.1504e-05
   0.0025013  3.3117e-05  0.00018285           0  0.00037794    0.001717  4.1846e-05   1.857e-05   6.855e-05  3.8007e-05  5.1612e-06  4.3327e-06  6.5259e-09  1.1633e-05
**** FDPS tree soft force time profile (local):
 Sample_ptcl Domain_deco Ex_ptcl     SetRootCell Make_LT     Make_LET    Make_GT     Make_Group  Make_I_list Calc_force  Write_back 
           0           0           0  4.0152e-05  0.00036072  3.8937e-05  0.00030543  7.1016e-06  0.00011864  0.00073528  0.00011087
**** Tree neighbor time profile (local):
 Sample_ptcl Domain_deco Ex_ptcl     SetRootCell Make_LT     Make_LET    Make_GT     Make_Group  Make_I_list Calc_force  Write_back 
           0           0           0   8.764e-06  0.00014367  2.4956e-05  0.00012465  7.4722e-07  1.8898e-05  3.1937e-05  1.4187e-05
**** Number per step (global):
 PP_single   PP_cluster  PP_cross    Cluster     Cross       AR_step_sum
      978.73      21.272           0      8.4253           0      71.246
 AR_tsyn_sum Stab_Ngroup Iso_Ngroup  Form_Ngroup End_Ngroup  Modf_Ngroup Merg_Ngroup H4_step_sum H4_no_NB    Ep-Ep_sum   Ep-Sp_sum  
      16.727           2           0     0.25635    0.066406   0.0029297           0       116.9     0.30371  8.9982e+05       22797
**** Number of members in clusters (global):
N_members:            1           2           3           4           5           6           7           8           9          10
Count    :       978.73      6.3135      1.1553     0.32324     0.26855     0.16846     0.11133     0.03418    0.027344    0.023438

Time: 29  N_real(loc): 1000  N_real(glb): 1000  N_all(loc): 1024  N_all(glb): 1024  N_remove(glb): 0  N_escape(glb): 0
Energy:     Error/Total         Error     Error_cum         Total       Kinetic     Potential        Modify  Modify_group Modify_single      Error_PP  Error_PP_cum
Physic:     -0.00362986      8.446678      453.1635     -2326.998      2451.836     -4778.834      345.8139             0             0      0.116748      2.654968
Slowdown:  -0.003993862      8.347787      451.9902     -2090.154      2427.955     -4518.109      4229.559             0             0    0.05827818      2.198143
Angular Momentum:  |L|err: 14.93114  |L|err_cum: 71.40367  L: 77.15658   -6.141664    68.91759  |L|: 103.6363
C.M.: mass: 1900 pos: 0.5519336   -0.7814924    -0.7609344 vel: 0.06049386   -0.01531632    -0.02222172
Tree step number: 2048
**** Wallclock time per step (local): [Min/Max]
 Total       PP_single   PP_cluster  PP_cross    Tree_NB     Tree_Force  Force_corr  Kick        FindCluster CreateGroup MPI_comm    Output      Status      Other      
   0.0020926  2.1422e-05    0.000185           0  0.00029774   0.0014439  3.2927e-05  1.1988e-05  8.0224e-05  3.0096e-05  5.2826e-06   4.146e-06  3.1167e-09  1.3947e-05
   0.0020926  2.1459e-05  0.00018506           0  0.00029357   0.0014115  3.2984e-05  1.2029e-05  8.0282e-05  3.0119e-05  5.3163e-06  4.1463e-06  3.1362e-09  1.4067e-05
**** FDPS tree soft force time profile (local):
 Sample_ptcl Domain_deco Ex_ptcl     SetRootCell Make_LT     Make_LET    Make_GT     Make_Group  Make_I_list Calc_force  Write_back 
           0           0           0  1.5943e-05  0.00027174  2.9357e-05  0.00022224  3.0449e-06  9.0898e-05  0.00066546  6.6437e-05
**** Tree neighbor time profile (local):
 Sample_ptcl Domain_deco Ex_ptcl     SetRootCell Make_LT     Make_LET    Make_GT     Make_Group  Make_I_list Calc_force  Write_back 
           0           0           0  1.0218e-05  0.00011807  1.7953e-05  8.5284e-05  6.3149e-07  1.9005e-05  2.7112e-05   8.765e-06
**** Number per step (global):
 PP_single   PP_cluster  PP_cross    Cluster     Cross       AR_step_sum
      980.36      19.638           0       7.853           0      76.184
 AR_tsyn_sum Stab_Ngroup Iso_Ngroup  Form_Ngroup End_Ngroup  Modf_Ngroup Merg_Ngroup H4_step_sum H4_no_NB    Ep-Ep_sum   Ep-Sp_sum  
      18.701           2           0     0.23047    0.057129           0           0      104.53     0.31201  9.1387e+05       22332
**** Number of members in clusters (global):
N_members:            1           2           3           4           5           6           7           8           9          10          11          12
Count    :       980.36      5.8745     0.97217     0.57812     0.20996     0.11279    0.020508    0.033203    0.019531    0.016602   0.0078125   0.0048828
N_members:           13
Count    :    0.0029297
Hard energy significant ! dE_SD: 0.0394489 dE_SD/Etot_SD: -0.000117134
Thread: 2 Dump file: data.hard_large_energy_h4_n4_g1_t29.257080_M0_O2_c10_s1790683224

Time: 29.5  N_real(loc): 1000  N_real(glb): 1000  N_all(loc): 1024  N_all(glb): 1024  N_remove(glb): 0  N_escape(glb): 0
Energy:     Error/Total         Error     Error_cum         Total       Kinetic     Potential        Modify  Modify_group Modify_single      Error_PP  Error_PP_cum
Physic:    -0.002493049      5.835321      458.9988     -2340.636      2654.985     -4995.621      326.3402             0             0     0.1734018       2.82837
Slowdown:  -0.002630994      5.590866       457.581     -2125.001      2619.386     -4744.388      4425.964             0             0   -0.05176767      2.146375
Angular Momentum:  |L|err: -47.90262  |L|err_cum: 23.50105  L: 32.46382   20.1537    -7.173273  |L|: 38.87836
C.M.: mass: 1900 pos: 0.5987383   -0.7799989    -0.7674599 vel: 0.04636913   0.00556526    -0.005138103
Tree step number: 2048
**** Wallclock time per step (local): [Min/Max]
 Total       PP_single   PP_cluster  PP_cross    Tree_NB     Tree_Force  Force_corr  Kick        FindCluster CreateGroup MPI_comm    Output      Status      Other      
   0.0019963   1.791e-05  0.00018936           0  0.00032168   0.0013656  2.3571e-05  1.6978e-05  5.7455e-05  2.9818e-05  2.9174e-06  4.3546e-06  6.2178e-09  5.0197e-06
   0.0019963  1.7945e-05  0.00018941           0  0.00031657   0.0013301  2.3624e-05  1.7012e-05  5.7506e-05   2.984e-05    2.95e-06   4.355e-06  6.2324e-09  5.1167e-06
**** FDPS tree soft force time profile (local):
 Sample_ptcl Domain_deco Ex_ptcl     SetRootCell Make_LT     Make_LET    Make_GT     Make_Group  Make_I_list Calc_force  Write_back 
           0           0           0  1.6268e-05  0.00025366  3.7835e-05  0.00019543  2.9594e-06  7.3167e-05  0.00064913  7.2834e-05
**** Tree neighbor time profile (local):
 Sample_ptcl Domain_deco Ex_ptcl     SetRootCell Make_LT     Make_LET    Make_GT     Make_Group  Make_I_list Calc_force  Write_back 
           0           0           0  5.8378e-06  0.00010576  1.5682e-05  9.3061e-05  5.7442e-07  1.5799e-05  6.0087e-05  1.0625e-05
**** Number per step (global):
 PP_single   PP_cluster  PP_cross    Cluster     Cross       AR_step_sum
      980.84      19.164           0      8.0347           0      80.173
 AR_tsyn_sum Stab_Ngroup Iso_Ngroup  Form_Ngroup End_Ngroup  Modf_Ngroup Merg_Ngroup H4_step_sum H4_no_NB    Ep-Ep_sum   Ep-Sp_sum  
      20.346      1.9995           0     0.29053    0.073242     0.01123           0       106.2     0.28955  9.3032e+05       19697
**** Number of members in clusters (global):
N_members:            1           2           3           4           5           6
Count    :       980.84        5.96      1.2896     0.62744    0.081055     0.07666
Hard energy significant ! dE_SD: 539.467 dE_SD/Etot_SD: -3.22695
Thread: 2 Dump file: data.hard_large_energy_h4_n3_g1_t29.568848_M0_O2_c11_s1790683227
Hard energy significant ! dE_SD: -0.113744 dE_SD/Etot_SD: 0.000366934
Thread: 0 Dump file: data.hard_large_energy_h4_n3_g1_t29.622803_M0_O0_c12_s1790683227

Time: 30  N_real(loc): 1000  N_real(glb): 1000  N_all(loc): 1024  N_all(glb): 1024  N_remove(glb): 0  N_escape(glb): 0
Energy:     Error/Total         Error     Error_cum         Total       Kinetic     Potential        Modify  Modify_group Modify_single      Error_PP  Error_PP_cum
Physic:     0.001968016     -4.571121      454.4277     -2322.706      3007.135     -5329.841       348.842             0             0     0.1235035      2.951874
Slowdown:    -0.2601417      534.8296      992.4106     -2055.917      2817.965     -4873.881      4175.855             0             0      539.5337      541.6801
Angular Momentum:  |L|err: 40.34893  |L|err_cum: 63.84998  L: -4.453982   7.870787    -30.51257  |L|: 31.82458
C.M.: mass: 1900 pos: 0.6200724   -0.8056544    -0.7632311 vel: 0.02447371   -0.03267961    0.0213082
Tree step number: 2048
**** Wallclock time per step (local): [Min/Max]
 Total       PP_single   PP_cluster  PP_cross    Tree_NB     Tree_Force  Force_corr  Kick        FindCluster CreateGroup MPI_comm    Output      Status      Other      
   0.0021731  2.2089e-05  0.00015468           0  0.00032632   0.0015417  4.6358e-05  3.0453e-05   6.165e-05  4.3311e-05  1.5988e-06  3.3497e-06  2.8911e-09   4.791e-06
   0.0021731  2.2126e-05  0.00015473           0  0.00032115   0.0014814  4.6416e-05  3.0488e-05    6.17e-05  4.3333e-05  1.6312e-06    3.35e-06  2.9058e-09  4.8828e-06
**** FDPS tree soft force time profile (local):
 Sample_ptcl Domain_deco Ex_ptcl     SetRootCell Make_LT     Make_LET    Make_GT     Make_Group  Make_I_list Calc_force  Write_back 
           0           0           0  2.1211e-05  0.00029696  3.6021e-05  0.00019326  2.8346e-06  6.6402e-05  0.00074164  0.00012239
**** Tree neighbor time profile (local):
 Sample_ptcl Domain_deco Ex_ptcl     SetRootCell Make_LT     Make_LET    Make_GT     Make_Group  Make_I_list Calc_force  Write_back 
           0           0           0  1.0358e-05  0.00010991  1.7407e-05  8.7351e-05  4.4351e-07  1.4542e-05  6.5225e-05  1.0794e-05
**** Number per step (global):
 PP_single   PP_cluster  PP_cross    Cluster     Cross       AR_step_sum
      981.96      18.042           0      8.1489           0      59.107
 AR_tsyn_sum Stab_Ngroup Iso_Ngroup  Form_Ngroup End_Ngroup  Modf_Ngroup Merg_Ngroup H4_step_sum H4_no_NB    Ep-Ep_sum   Ep-Sp_sum  
      11.795      1.9829           0     0.32861    0.080566   0.0073242           0      100.21     0.26367  9.7095e+05       11193
**** Number of members in clusters (global):
N_members:            1           2           3           4           5           6
Count    :       981.96      6.7715      1.0781     0.23389    0.063477   0.0019531

Time: 30.5  N_real(loc): 1000  N_real(glb): 1000  N_all(loc): 1024  N_all(glb): 1024  N_remove(glb): 0  N_escape(glb): 0
Energy:     Error/Total         Error     Error_cum         Total       Kinetic     Potential        Modify  Modify_group Modify_single      Error_PP  Error_PP_cum
Physic:    0.0001272407    -0.2960312      454.1317     -2326.544      2813.369     -5139.913      345.2998             0             0    0.02772566      2.979599
Slowdown:  0.0001448531    -0.3197406      992.0908     -2207.345      2773.105      -4980.45      4291.535             0             0   0.008072959      541.6882
Angular Momentum:  |L|err: -6.45615  |L|err_cum: 57.39383  L: 3.157478   11.33703    -29.89465  |L|: 32.12768
C.M.: mass: 1900 pos: 0.6606629   -0.8251204    -0.7415733 vel: 0.1064353   -0.007243537    0.05745477
Tree step number: 2048
**** Wallclock time per step (local): [Min/Max]
 Total       PP_single   PP_cluster  PP_cross    Tree_NB     Tree_Force  Force_corr  Kick        FindCluster CreateGroup MPI_comm    Output      Status      Other      
   0.0020015  2.0472e-05  0.00014382           0  0.00034798     0.00137  3.3254e-05  1.7924e-05     6.4e-05  3.0648e-05  1.6032e-06  3.5405e-06  4.4668e-09  7.6623e-06
   0.0020015  2.0508e-05  0.00014389           0  0.00034397   0.0013318  3.3318e-05  1.7966e-05  6.4048e-05  3.0669e-05  1.6352e-06  3.5409e-06  4.4814e-09  7.7455e-06
**** FDPS tree soft force time profile (local):
 Sample_ptcl Domain_deco Ex_ptcl     SetRootCell Make_LT     Make_LET    Make_GT     Make_Group  Make_I_list Calc_force  Write_back 
           0           0           0  1.3877e-05  0.00026578  3.3494e-05  0.00019693  3.5818e-06  6.2201e-05  0.00065275  7.7926e-05
**** Tree neighbor time profile (local):
 Sample_ptcl Domain_deco Ex_ptcl     SetRootCell Make_LT     Make_LET    Make_GT     Make_Group  Make_I_list Calc_force  Write_back 
           0           0           0  1.6083e-05  0.00011987  2.4158e-05  9.2747e-05  2.4678e-07  2.0748e-05  6.2308e-05  8.3877e-06
**** Number per step (global):
 PP_single   PP_cluster  PP_cross    Cluster     Cross       AR_step_sum
      980.97      19.033           0      7.7832           0       56.74
 AR_tsyn_sum Stab_Ngroup Iso_Ngroup  Form_Ngroup End_Ngroup  Modf_Ngroup Merg_Ngroup H4_step_sum H4_no_NB    Ep-Ep_sum   Ep-Sp_sum  
      11.067           2           0     0.36133    0.085449           0           0       104.4     0.31934  9.9646e+05      7166.9
**** Number of members in clusters (global):
N_members:            1           2           3           4           5           6           7           8
Count    :       980.97      6.0571     0.84863     0.41113     0.16895     0.22998    0.035156    0.032227

Time: 31  N_real(loc): 1000  N_real(glb): 1000  N_all(loc): 1024  N_all(glb): 1024  N_remove(glb): 0  N_escape(glb): 0
Energy:     Error/Total         Error     Error_cum         Total       Kinetic     Potential        Modify  Modify_group Modify_single      Error_PP  Error_PP_cum
Physic:     0.002422508     -5.647962      448.4837     -2331.452      2690.715     -5022.167      346.0393             0             0     0.2290969      3.208696
Slowdown:   0.002766545     -5.713093      986.3778     -2065.064      2514.245     -4579.309      4558.728             0             0     0.1637278      541.8519
Angular Momentum:  |L|err: 12.64649  |L|err_cum: 70.04032  L: -6.250155   13.01299    -38.26494  |L|: 40.89753
C.M.: mass: 1900 pos: 0.7195056   -0.8640915    -0.7264201 vel: 0.06919537   -0.09810711    0.03441302
Tree step number: 2048
**** Wallclock time per step (local): [Min/Max]
 Total       PP_single   PP_cluster  PP_cross    Tree_NB     Tree_Force  Force_corr  Kick        FindCluster CreateGroup MPI_comm    Output      Status      Other      
    0.002243  2.0193e-05  0.00026325           0  0.00036628   0.0014418  4.4009e-05  2.0049e-05  8.4668e-05  3.1315e-05  2.0461e-06  4.7315e-06  3.6006e-09  1.0622e-05
   0.0022431  2.0229e-05  0.00026332           0  0.00035999   0.0013991  4.4068e-05  2.0084e-05  8.4727e-05  3.1337e-05   2.079e-06   4.732e-06  3.6152e-09  1.0707e-05
**** FDPS tree soft force time profile (local):
 Sample_ptcl Domain_deco Ex_ptcl     SetRootCell Make_LT     Make_LET    Make_GT     Make_Group  Make_I_list Calc_force  Write_back 
           0           0           0  1.7689e-05  0.00029451  3.4539e-05  0.00021002  2.2704e-06  6.0859e-05  0.00065512  9.1312e-05
**** Tree neighbor time profile (local):
 Sample_ptcl Domain_deco Ex_ptcl     SetRootCell Make_LT     Make_LET    Make_GT     Make_Group  Make_I_list Calc_force  Write_back 
           0           0           0  1.0476e-05  0.00012394  1.8118e-05  9.9374e-05  3.6806e-07  2.0754e-05  6.6556e-05  1.3031e-05
**** Number per step (global):
 PP_single   PP_cluster  PP_cross    Cluster     Cross       AR_step_sum
      980.19       19.81           0      8.2056           0      98.467
 AR_tsyn_sum Stab_Ngroup Iso_Ngroup  Form_Ngroup End_Ngroup  Modf_Ngroup Merg_Ngroup H4_step_sum H4_no_NB    Ep-Ep_sum   Ep-Sp_sum  
      25.688           2           0     0.42432    0.096191   0.0092773           0      118.77     0.53174  9.8479e+05      7944.4
**** Number of members in clusters (global):
N_members:            1           2           3           4           5           6           7           9          10
Count    :       980.19      6.4072     0.89844     0.43359     0.31641     0.12061   0.0068359    0.012695   0.0097656

Time: 31.5  N_real(loc): 1000  N_real(glb): 1000  N_all(loc): 1024  N_all(glb): 1024  N_remove(glb): 0  N_escape(glb): 0
Energy:     Error/Total         Error     Error_cum         Total       Kinetic     Potential        Modify  Modify_group Modify_single      Error_PP  Error_PP_cum
Physic:    -0.006019154      13.95861      462.4423     -2319.032      2953.253     -5272.284      344.5013             0             0     0.1284245      3.337121
Slowdown:  -0.006772783      13.90152      1000.279     -2052.556      2792.564      -4845.12      4823.723             0             0    0.07583741      541.9277
Angular Momentum:  |L|err: -18.80781  |L|err_cum: 51.23251  L: 10.94188   19.35406    -27.86399  |L|: 35.64697
C.M.: mass: 1900 pos: 0.7391682   -0.9257852    -0.7302075 vel: 0.05657038   -0.09447246    0.002239425
Tree step number: 2048
**** Wallclock time per step (local): [Min/Max]
 Total       PP_single   PP_cluster  PP_cross    Tree_NB     Tree_Force  Force_corr  Kick        FindCluster CreateGroup MPI_comm    Output      Status      Other      
   0.0022018  2.6728e-05  0.00020582           0  0.00035121   0.0014632  3.3142e-05  2.4912e-05  8.4362e-05  4.1467e-05  4.4092e-06  3.0472e-06  4.8623e-09  1.0637e-05
   0.0022018  2.6765e-05  0.00020589           0   0.0003446   0.0014203  3.3199e-05  2.4948e-05  8.4416e-05  4.1489e-05  4.4418e-06  3.0476e-06  4.8872e-09  1.0739e-05
**** FDPS tree soft force time profile (local):
 Sample_ptcl Domain_deco Ex_ptcl     SetRootCell Make_LT     Make_LET    Make_GT     Make_Group  Make_I_list Calc_force  Write_back 
           0           0           0  1.1697e-05  0.00028766  3.9263e-05  0.00021394  3.0298e-06  6.0084e-05  0.00066834  8.7364e-05
**** Tree neighbor time profile (local):
 Sample_ptcl Domain_deco Ex_ptcl     SetRootCell Make_LT     Make_LET    Make_GT     Make_Group  Make_I_list Calc_force  Write_back 
           0           0           0  6.8407e-06  0.00011883  1.7883e-05  9.8664e-05  5.1728e-07  1.2825e-05  6.8176e-05  1.3594e-05
**** Number per step (global):
 PP_single   PP_cluster  PP_cross    Cluster     Cross       AR_step_sum
      980.15      19.854           0      8.1797           0      74.478
 AR_tsyn_sum Stab_Ngroup Iso_Ngroup  Form_Ngroup End_Ngroup  Modf_Ngroup Merg_Ngroup H4_step_sum H4_no_NB    Ep-Ep_sum   Ep-Sp_sum  
      17.697           2           0      0.5791     0.13965           0           0      111.63     0.52539  9.6704e+05       11264
**** Number of members in clusters (global):
N_members:            1           2           3           4           5           6           7           8           9
Count    :       980.15       6.104      1.2803     0.43555     0.18359     0.11865    0.036133    0.013672   0.0078125

Time: 32  N_real(loc): 1000  N_real(glb): 1000  N_all(loc): 1024  N_all(glb): 1024  N_remove(glb): 0  N_escape(glb): 0
Energy:     Error/Total         Error     Error_cum         Total       Kinetic     Potential        Modify  Modify_group Modify_single      Error_PP  Error_PP_cum
Physic:    0.0008288848     -1.928655      460.5136     -2326.807      2862.983      -5189.79       338.655             0             0     0.0033513      3.340472
Slowdown:  0.0009464116     -1.949926      998.3293     -2060.336      2702.215     -4762.551      5084.369             0             0  -0.004718842       541.923
Angular Momentum:  |L|err: 9.771611  |L|err_cum: 61.00412  L: -4.7035   9.123231    -24.65601  |L|: 26.70721
C.M.: mass: 1900 pos: 0.767493   -0.9868564    -0.7469199 vel: 0.03591632   -0.1218387    -0.04411577
Tree step number: 2048
**** Wallclock time per step (local): [Min/Max]
 Total       PP_single   PP_cluster  PP_cross    Tree_NB     Tree_Force  Force_corr  Kick        FindCluster CreateGroup MPI_comm    Output      Status      Other      
   0.0019353  2.0529e-05  0.00012787           0  0.00030659   0.0013861    3.22e-05  2.0006e-05  5.2173e-05  2.6133e-05  2.3641e-06  3.0795e-06  6.4819e-09  5.5425e-06
   0.0019353  2.0573e-05  0.00012793           0  0.00030149   0.0013415  3.2273e-05  2.0041e-05   5.222e-05  2.6154e-05  2.3965e-06  3.0798e-06  6.5308e-09  5.6407e-06
**** FDPS tree soft force time profile (local):
 Sample_ptcl Domain_deco Ex_ptcl     SetRootCell Make_LT     Make_LET    Make_GT     Make_Group  Make_I_list Calc_force  Write_back 
           0           0           0  2.0073e-05  0.00028219  2.9452e-05  0.00018945  2.6272e-06  5.5245e-05  0.00065795  9.0761e-05
**** Tree neighbor time profile (local):
 Sample_ptcl Domain_deco Ex_ptcl     SetRootCell Make_LT     Make_LET    Make_GT     Make_Group  Make_I_list Calc_force  Write_back 
           0           0           0  7.9242e-06  0.00010373  1.7199e-05   8.186e-05  5.0162e-07  1.6054e-05  5.7828e-05  1.0529e-05
**** Number per step (global):
 PP_single   PP_cluster  PP_cross    Cluster     Cross       AR_step_sum
      977.87      22.128           0      9.6216           0      55.705
 AR_tsyn_sum Stab_Ngroup Iso_Ngroup  Form_Ngroup End_Ngroup  Modf_Ngroup Merg_Ngroup H4_step_sum H4_no_NB    Ep-Ep_sum   Ep-Sp_sum  
      10.403           2           0     0.62109     0.13281           0           0      117.72     0.61084  9.6388e+05       13100
**** Number of members in clusters (global):
N_members:            1           2           3           4           5           6           7
Count    :       977.87      7.5435      1.5718     0.29395     0.15332    0.029785    0.029297

Time: 32.5  N_real(loc): 1000  N_real(glb): 1000  N_all(loc): 1024  N_all(glb): 1024  N_remove(glb): 0  N_escape(glb): 0
Energy:     Error/Total         Error     Error_cum         Total       Kinetic     Potential        Modify  Modify_group Modify_single      Error_PP  Error_PP_cum
Physic:    -0.002652598      6.136161      466.6498     -2313.264      2792.676      -5105.94      346.0614             0             0   0.003391167      3.343863
Slowdown:  -0.002978345      6.096033      1004.425     -2046.785      2631.976     -4678.761      5358.295             0             0   0.002395986      541.9254
Angular Momentum:  |L|err: -8.371231  |L|err_cum: 52.63289  L: 7.550085   20.54981    -25.5137  |L|: 33.61916
C.M.: mass: 1900 pos: 0.7997193   -1.056627    -0.7754359 vel: 0.1211486   -0.1776746    -0.05406472
Tree step number: 2048
**** Wallclock time per step (local): [Min/Max]
 Total       PP_single   PP_cluster  PP_cross    Tree_NB     Tree_Force  Force_corr  Kick        FindCluster CreateGroup MPI_comm    Output      Status      Other      
   0.0020885  2.1469e-05  0.00016442           0  0.00033304   0.0014681  3.4036e-05  1.8476e-05  5.5649e-05  2.7775e-05  2.1098e-06  5.3833e-06  3.7373e-09  9.3724e-06
   0.0020886  2.1505e-05  0.00016447           0   0.0003286   0.0014189  3.4093e-05  1.8519e-05  5.5699e-05  2.7797e-05  2.1421e-06  5.3834e-06   3.752e-09  9.4596e-06
**** FDPS tree soft force time profile (local):
 Sample_ptcl Domain_deco Ex_ptcl     SetRootCell Make_LT     Make_LET    Make_GT     Make_Group  Make_I_list Calc_force  Write_back 
           0           0           0  2.4536e-05  0.00029555  3.1727e-05  0.00021082   2.912e-06  6.0719e-05   0.0006752  0.00010018
**** Tree neighbor time profile (local):
 Sample_ptcl Domain_deco Ex_ptcl     SetRootCell Make_LT     Make_LET    Make_GT     Make_Group  Make_I_list Calc_force  Write_back 
           0           0           0  9.4625e-06  0.00011608  1.7548e-05  9.7034e-05   4.932e-07  1.2169e-05  5.5583e-05  9.2536e-06
**** Number per step (global):
 PP_single   PP_cluster  PP_cross    Cluster     Cross       AR_step_sum
      978.51      21.491           0       8.438           0      64.023
 AR_tsyn_sum Stab_Ngroup Iso_Ngroup  Form_Ngroup End_Ngroup  Modf_Ngroup Merg_Ngroup H4_step_sum H4_no_NB    Ep-Ep_sum   Ep-Sp_sum  
      12.766           2           0     0.79541     0.13477           0           0         121     0.31689  9.5794e+05       14149
**** Number of members in clusters (global):
N_members:            1           2           3           4           5           6           7           8           9          10
Count    :       978.51      6.3467      1.0527     0.34473     0.31836      0.1167     0.11914     0.12305    0.015625  0.00097656

Time: 33  N_real(loc): 1000  N_real(glb): 1000  N_all(loc): 1024  N_all(glb): 1024  N_remove(glb): 0  N_escape(glb): 0
Energy:     Error/Total         Error     Error_cum         Total       Kinetic     Potential        Modify  Modify_group Modify_single      Error_PP  Error_PP_cum
Physic:    7.558206e-05    -0.1747939       466.475     -2312.637      3227.874     -5540.511       346.863             0             0   0.005044568      3.348908
Slowdown:  8.735919e-05    -0.1787504      1004.247     -2046.155      3059.827     -5105.982      5625.582             0             0    0.00314977      541.9286
Angular Momentum:  |L|err: 4.573369  |L|err_cum: 57.20626  L: 11.54532   32.61584    -31.05863  |L|: 46.49437
C.M.: mass: 1900 pos: 0.8430114   -1.135454    -0.816293 vel: 0.04189871   -0.1555714    -0.05089367
Tree step number: 2048
**** Wallclock time per step (local): [Min/Max]
 Total       PP_single   PP_cluster  PP_cross    Tree_NB     Tree_Force  Force_corr  Kick        FindCluster CreateGroup MPI_comm    Output      Status      Other      
   0.0020208  1.9399e-05  0.00018006           0  0.00032557   0.0013869  3.3358e-05  1.5857e-05  6.2073e-05  3.2713e-05  2.6281e-06  3.8909e-06  4.6182e-09  4.9462e-06
   0.0020209  1.9436e-05  0.00018011           0   0.0003187   0.0013445  3.3414e-05  1.5892e-05  6.2124e-05  3.2736e-05  2.6605e-06  3.8912e-06  4.6328e-09  5.0335e-06
**** FDPS tree soft force time profile (local):
 Sample_ptcl Domain_deco Ex_ptcl     SetRootCell Make_LT     Make_LET    Make_GT     Make_Group  Make_I_list Calc_force  Write_back 
           0           0           0  2.3141e-05  0.00027536  3.4192e-05  0.00020296   2.837e-06  5.6308e-05  0.00063775  8.6276e-05
**** Tree neighbor time profile (local):
 Sample_ptcl Domain_deco Ex_ptcl     SetRootCell Make_LT     Make_LET    Make_GT     Make_Group  Make_I_list Calc_force  Write_back 
           0           0           0  1.2072e-05  0.00010953  1.6482e-05   8.894e-05  4.9927e-07  1.2735e-05  6.3642e-05  1.4148e-05
**** Number per step (global):
 PP_single   PP_cluster  PP_cross    Cluster     Cross       AR_step_sum
      982.18      17.823           0      7.4771           0      93.785
 AR_tsyn_sum Stab_Ngroup Iso_Ngroup  Form_Ngroup End_Ngroup  Modf_Ngroup Merg_Ngroup H4_step_sum H4_no_NB    Ep-Ep_sum   Ep-Sp_sum  
      23.458           2           0      1.1714     0.10547           0           0      105.78     0.63232  9.5751e+05       13610
**** Number of members in clusters (global):
N_members:            1           2           3           4           5           6
Count    :       982.18      5.7329      1.0713     0.33057     0.23242     0.10986

Time: 33.5  N_real(loc): 1000  N_real(glb): 1000  N_all(loc): 1024  N_all(glb): 1024  N_remove(glb): 0  N_escape(glb): 0
Energy:     Error/Total         Error     Error_cum         Total       Kinetic     Potential        Modify  Modify_group Modify_single      Error_PP  Error_PP_cum
Physic:     0.003977728     -9.264588      457.2104     -2329.116       2711.54     -5040.656      339.6493             0             0   0.004320467      3.353228
Slowdown:     0.0044979     -9.277513      994.9691     -2062.632      2543.614     -4606.246      5884.865             0             0   0.001101194      541.9297
Angular Momentum:  |L|err: 12.38096  |L|err_cum: 69.58722  L: 13.53193   44.78864    -42.62681  |L|: 63.29439
C.M.: mass: 1900 pos: 0.8454168   -1.196276    -0.8447838 vel: -0.01222005   -0.1543557    -0.03799864
Tree step number: 2048
**** Wallclock time per step (local): [Min/Max]
 Total       PP_single   PP_cluster  PP_cross    Tree_NB     Tree_Force  Force_corr  Kick        FindCluster CreateGroup MPI_comm    Output      Status      Other      
   0.0019018  2.0809e-05  0.00012073           0  0.00031377   0.0013627  3.4421e-05  1.4335e-05  4.6617e-05  2.9125e-05  2.3704e-06  4.2171e-06  4.2515e-09  5.2735e-06
   0.0019018  2.0846e-05  0.00012078           0  0.00030877   0.0013127  3.4477e-05   1.437e-05  4.6664e-05  2.9147e-05   2.403e-06  4.2175e-06  4.2661e-09  5.3581e-06
**** FDPS tree soft force time profile (local):
 Sample_ptcl Domain_deco Ex_ptcl     SetRootCell Make_LT     Make_LET    Make_GT     Make_Group  Make_I_list Calc_force  Write_back 
           0           0           0  1.8197e-05  0.00026205  3.9424e-05  0.00021675  2.4387e-06  6.1075e-05  0.00060207  0.00010154
**** Tree neighbor time profile (local):
 Sample_ptcl Domain_deco Ex_ptcl     SetRootCell Make_LT     Make_LET    Make_GT     Make_Group  Make_I_list Calc_force  Write_back 
           0           0           0   4.709e-06  0.00010434  1.9548e-05  8.8506e-05  5.2143e-07  1.1626e-05  5.4596e-05  1.0478e-05
**** Number per step (global):
 PP_single   PP_cluster  PP_cross    Cluster     Cross       AR_step_sum
      980.69      19.314           0      8.8071           0      67.022
 AR_tsyn_sum Stab_Ngroup Iso_Ngroup  Form_Ngroup End_Ngroup  Modf_Ngroup Merg_Ngroup H4_step_sum H4_no_NB    Ep-Ep_sum   Ep-Sp_sum  
      12.173           2           0      1.4727    0.097168           0           0      85.595      2.2334  9.5586e+05       12520
**** Number of members in clusters (global):
N_members:            1           2           3           4           5           6           7           8           9
Count    :       980.69      7.6689     0.75098     0.24658       0.125   0.0058594   0.0039062   0.0029297   0.0029297

Time: 34  N_real(loc): 1000  N_real(glb): 1000  N_all(loc): 1024  N_all(glb): 1024  N_remove(glb): 0  N_escape(glb): 0
Energy:     Error/Total         Error     Error_cum         Total       Kinetic     Potential        Modify  Modify_group Modify_single      Error_PP  Error_PP_cum
Physic:    -0.002202025      5.109414      462.3198     -2320.325      3125.451     -5445.776      343.3308             0             0    0.01057548      3.363804
Slowdown:  -0.002486213      5.106274      1000.075     -2053.836       2965.52     -5019.356      6155.038             0             0    0.01016283      541.9398
Angular Momentum:  |L|err: 26.6412  |L|err_cum: 96.22842  L: -0.03994801   47.74426    -67.95073  |L|: 83.04708
C.M.: mass: 1900 pos: 0.8534461   -1.267796    -0.8486976 vel: 0.04208869   -0.143669    -0.005513652
Tree step number: 2048
**** Wallclock time per step (local): [Min/Max]
 Total       PP_single   PP_cluster  PP_cross    Tree_NB     Tree_Force  Force_corr  Kick        FindCluster CreateGroup MPI_comm    Output      Status      Other      
   0.0019753  2.4605e-05   0.0001233           0  0.00033128   0.0013851  4.3711e-05   2.056e-05  5.5553e-05   3.016e-05  2.2842e-06  3.1625e-06  3.8105e-09  6.4787e-06
   0.0019753  2.4642e-05  0.00012337           0  0.00032685   0.0013361  4.3784e-05  2.0609e-05  5.5603e-05  3.0183e-05  2.3166e-06  3.1629e-06  3.8257e-09  6.5757e-06
**** FDPS tree soft force time profile (local):
 Sample_ptcl Domain_deco Ex_ptcl     SetRootCell Make_LT     Make_LET    Make_GT     Make_Group  Make_I_list Calc_force  Write_back 
           0           0           0  1.9711e-05  0.00028939  3.4932e-05  0.00021413  2.8395e-06  5.7518e-05  0.00060446  9.9482e-05
**** Tree neighbor time profile (local):
 Sample_ptcl Domain_deco Ex_ptcl     SetRootCell Make_LT     Make_LET    Make_GT     Make_Group  Make_I_list Calc_force  Write_back 
           0           0           0  8.5584e-06  0.00011044  1.9756e-05  9.9094e-05  7.7184e-07  1.5881e-05  5.4624e-05  9.2536e-06
**** Number per step (global):
 PP_single   PP_cluster  PP_cross    Cluster     Cross       AR_step_sum
      979.86      20.137           0      8.3525           0      64.755
 AR_tsyn_sum Stab_Ngroup Iso_Ngroup  Form_Ngroup End_Ngroup  Modf_Ngroup Merg_Ngroup H4_step_sum H4_no_NB    Ep-Ep_sum   Ep-Sp_sum  
      10.729           2           0      1.5273     0.13281           0           0      90.429      2.2739  9.5175e+05       14146
**** Number of members in clusters (global):
N_members:            1           2           3           4           5           6           7           8           9
Count    :       979.86      6.4722      1.1333     0.28174     0.25439     0.11914    0.061523    0.024414   0.0058594

Time: 34.5  N_real(loc): 1000  N_real(glb): 1000  N_all(loc): 1024  N_all(glb): 1024  N_remove(glb): 0  N_escape(glb): 0
Energy:     Error/Total         Error     Error_cum         Total       Kinetic     Potential        Modify  Modify_group Modify_single      Error_PP  Error_PP_cum
Physic:      0.00113361     -2.639176      459.6807     -2328.118      2992.259     -5320.377       338.177             0             0  0.0001885083      3.363992
Slowdown:   0.001283284     -2.645658      997.4297     -2061.631      2832.314     -4893.945      6416.378             0             0 -8.596866e-05      541.9397
Angular Momentum:  |L|err: 3.165497  |L|err_cum: 99.39391  L: -10.5743   39.25473    -68.52404  |L|: 79.67618
C.M.: mass: 1900 pos: 0.8897951   -1.33053    -0.8545473 vel: 0.1121905   -0.1092865    -0.01042466
Tree step number: 2048
**** Wallclock time per step (local): [Min/Max]
 Total       PP_single   PP_cluster  PP_cross    Tree_NB     Tree_Force  Force_corr  Kick        FindCluster CreateGroup MPI_comm    Output      Status      Other      
   0.0019383  1.8315e-05  0.00013524           0  0.00032001   0.0013557   3.168e-05  1.4566e-05  5.9971e-05  2.7685e-05  3.3367e-06  4.7984e-06  4.9609e-09  7.7605e-06
   0.0019384  1.8351e-05  0.00013529           0  0.00031361   0.0013188  3.1737e-05  1.4601e-05  6.0036e-05  2.7707e-05  3.3696e-06  4.7989e-06  4.9756e-09  7.8513e-06
**** FDPS tree soft force time profile (local):
 Sample_ptcl Domain_deco Ex_ptcl     SetRootCell Make_LT     Make_LET    Make_GT     Make_Group  Make_I_list Calc_force  Write_back 
           0           0           0  2.2579e-05  0.00027719  3.9048e-05  0.00025567  2.9328e-06  5.5191e-05  0.00057071   7.543e-05
**** Tree neighbor time profile (local):
 Sample_ptcl Domain_deco Ex_ptcl     SetRootCell Make_LT     Make_LET    Make_GT     Make_Group  Make_I_list Calc_force  Write_back 
           0           0           0  6.7886e-06  0.00011346  2.0309e-05  8.7959e-05   5.826e-07  1.6118e-05  4.8486e-05   1.318e-05
**** Number per step (global):
 PP_single   PP_cluster  PP_cross    Cluster     Cross       AR_step_sum
      980.37      19.634           0      7.0894           0      68.548
 AR_tsyn_sum Stab_Ngroup Iso_Ngroup  Form_Ngroup End_Ngroup  Modf_Ngroup Merg_Ngroup H4_step_sum H4_no_NB    Ep-Ep_sum   Ep-Sp_sum  
      12.088           2           0      1.4419     0.10205           0           0      96.588      1.7778  9.5658e+05       12574
**** Number of members in clusters (global):
N_members:            1           2           3           4           5           6           7           8           9          10          11          12
Count    :       980.37      5.2671     0.68604     0.30127     0.20508     0.19824     0.15527    0.091797      0.1084    0.029297    0.030273    0.016602

Time: 35  N_real(loc): 1000  N_real(glb): 1000  N_all(loc): 1024  N_all(glb): 1024  N_remove(glb): 0  N_escape(glb): 0
Energy:     Error/Total         Error     Error_cum         Total       Kinetic     Potential        Modify  Modify_group Modify_single      Error_PP  Error_PP_cum
Physic:     0.000802768     -1.859168      457.8215     -2315.947      2737.491     -5053.438      352.2072             0             0    0.03837065      3.402363
Slowdown:  0.0009307793     -1.907475      995.5223     -2049.331      2564.796     -4614.127      6697.072             0             0    0.01845481      541.9582
Angular Momentum:  |L|err: -29.20624  |L|err_cum: 70.18767  L: 32.70169   49.66244    -49.2757  |L|: 77.22599
C.M.: mass: 1900 pos: 0.9352889   -1.381062    -0.8814994 vel: 0.06431812   -0.09758576    -0.03832979
Tree step number: 2048
**** Wallclock time per step (local): [Min/Max]
 Total       PP_single   PP_cluster  PP_cross    Tree_NB     Tree_Force  Force_corr  Kick        FindCluster CreateGroup MPI_comm    Output      Status      Other      
   0.0020084  2.9496e-05  0.00013371           0  0.00032668   0.0013761  5.1215e-05  4.0363e-05  5.7331e-05  3.0891e-05  2.1742e-06  4.2298e-06  4.0405e-09  9.5038e-06
   0.0020084  2.9546e-05  0.00013376           0  0.00032289   0.0013241  5.1283e-05  4.0408e-05  5.7379e-05  3.0912e-05  2.2065e-06    4.23e-06  4.0601e-09  9.5889e-06
**** FDPS tree soft force time profile (local):
 Sample_ptcl Domain_deco Ex_ptcl     SetRootCell Make_LT     Make_LET    Make_GT     Make_Group  Make_I_list Calc_force  Write_back 
           0           0           0  2.3741e-05  0.00028891   3.367e-05  0.00021278  2.5894e-06  4.6692e-05  0.00059824   0.0001056
**** Tree neighbor time profile (local):
 Sample_ptcl Domain_deco Ex_ptcl     SetRootCell Make_LT     Make_LET    Make_GT     Make_Group  Make_I_list Calc_force  Write_back 
           0           0           0  7.3316e-06  0.00012132  2.3448e-05  8.9678e-05  5.3784e-07  1.3783e-05  5.0472e-05   7.947e-06
**** Number per step (global):
 PP_single   PP_cluster  PP_cross    Cluster     Cross       AR_step_sum
      981.46      18.537           0      6.8438           0       66.67
 AR_tsyn_sum Stab_Ngroup Iso_Ngroup  Form_Ngroup End_Ngroup  Modf_Ngroup Merg_Ngroup H4_step_sum H4_no_NB    Ep-Ep_sum   Ep-Sp_sum  
      11.728           2           0      1.4146    0.084961           0           0       84.74      2.0869  9.6432e+05       10032
**** Number of members in clusters (global):
N_members:            1           2           3           4           5           6           7           8           9
Count    :       981.46      5.1528     0.63623     0.18066     0.23096     0.34375     0.09375     0.12354    0.082031

Time: 35.5  N_real(loc): 1000  N_real(glb): 1000  N_all(loc): 1024  N_all(glb): 1024  N_remove(glb): 0  N_escape(glb): 0
Energy:     Error/Total         Error     Error_cum         Total       Kinetic     Potential        Modify  Modify_group Modify_single      Error_PP  Error_PP_cum
Physic:    -0.001393712      3.219445      461.0409     -2309.978      2851.568     -5161.546      354.9561             0             0  -0.006901374      3.395461
Slowdown:  -0.001573976      3.216197      998.7385     -2043.358      2678.888     -4722.246      6966.445             0             0  -0.006901374      541.9513
Angular Momentum:  |L|err: 25.93675  |L|err_cum: 96.12442  L: 43.70043   66.83159    -70.92515  |L|: 106.8015
C.M.: mass: 1900 pos: 0.9562221   -1.414663    -0.9039955 vel: 0.05164541   -0.05930101    -0.0309986
Tree step number: 2048
**** Wallclock time per step (local): [Min/Max]
 Total       PP_single   PP_cluster  PP_cross    Tree_NB     Tree_Force  Force_corr  Kick        FindCluster CreateGroup MPI_comm    Output      Status      Other      
   0.0018543  2.0039e-05  0.00012688           0  0.00031648   0.0012911  3.3377e-05  1.8081e-05  4.8852e-05  2.7416e-05  1.9559e-06  3.2639e-06  3.7129e-09   6.646e-06
   0.0018544  2.0076e-05  0.00012695           0  0.00031367   0.0012512  3.3434e-05  1.8117e-05   4.892e-05  2.7437e-05  1.9886e-06  3.2641e-06  3.7275e-09  6.7307e-06
**** FDPS tree soft force time profile (local):
 Sample_ptcl Domain_deco Ex_ptcl     SetRootCell Make_LT     Make_LET    Make_GT     Make_Group  Make_I_list Calc_force  Write_back 
           0           0           0  1.1613e-05   0.0002585  3.1789e-05  0.00019875  2.5754e-06  5.3874e-05  0.00058774  8.1057e-05
**** Tree neighbor time profile (local):
 Sample_ptcl Domain_deco Ex_ptcl     SetRootCell Make_LT     Make_LET    Make_GT     Make_Group  Make_I_list Calc_force  Write_back 
           0           0           0  8.7095e-06  0.00011463  1.8489e-05  8.7918e-05  4.7063e-07  1.7533e-05  5.1745e-05  5.9801e-06
**** Number per step (global):
 PP_single   PP_cluster  PP_cross    Cluster     Cross       AR_step_sum
      981.71      18.294           0      6.9814           0      59.542
 AR_tsyn_sum Stab_Ngroup Iso_Ngroup  Form_Ngroup End_Ngroup  Modf_Ngroup Merg_Ngroup H4_step_sum H4_no_NB    Ep-Ep_sum   Ep-Sp_sum  
      9.0684           2           0      1.3921    0.088867           0           0      86.718      2.0171  9.5778e+05       10392
**** Number of members in clusters (global):
N_members:            1           2           3           4           5           6           7           8           9          10          11
Count    :       981.71      5.4878     0.63525     0.24414     0.09668      0.1499     0.10449     0.11768    0.083984    0.051758   0.0097656

Time: 36  N_real(loc): 1000  N_real(glb): 1000  N_all(loc): 1024  N_all(glb): 1024  N_remove(glb): 0  N_escape(glb): 0
Energy:     Error/Total         Error     Error_cum         Total       Kinetic     Potential        Modify  Modify_group Modify_single      Error_PP  Error_PP_cum
Physic:     0.001562311     -3.619478      457.4215     -2316.746      2695.636     -5012.382      351.8079             0             0  1.948544e-05      3.395481
Slowdown:   0.001767462     -3.623509      995.1149      -2050.12       2522.97     -4573.089      7229.927             0             0  1.948471e-05      541.9513
Angular Momentum:  |L|err: 28.35563  |L|err_cum: 124.48  L: 55.90477   84.83016    -92.72889  |L|: 137.5505
C.M.: mass: 1900 pos: 0.9724054   -1.459298    -0.9328628 vel: 0.01379562   -0.06924661    -0.02414846
Tree step number: 2048
**** Wallclock time per step (local): [Min/Max]
 Total       PP_single   PP_cluster  PP_cross    Tree_NB     Tree_Force  Force_corr  Kick        FindCluster CreateGroup MPI_comm    Output      Status      Other      
   0.0020709  1.9934e-05  0.00014791           0  0.00035366   0.0014418  3.9562e-05  1.7069e-05  5.9529e-05  2.8903e-05  2.4354e-06  4.7409e-06  3.5859e-09  1.0554e-05
   0.0020709   1.997e-05  0.00014796           0  0.00034734   0.0013906  3.9619e-05  1.7104e-05  5.9578e-05  2.8925e-05  2.4769e-06  4.7412e-06  3.6006e-09  1.0649e-05
**** FDPS tree soft force time profile (local):
 Sample_ptcl Domain_deco Ex_ptcl     SetRootCell Make_LT     Make_LET    Make_GT     Make_Group  Make_I_list Calc_force  Write_back 
           0           0           0  2.5866e-05  0.00030297   4.116e-05  0.00023675  3.1286e-06  5.0043e-05  0.00062026  0.00010397
**** Tree neighbor time profile (local):
 Sample_ptcl Domain_deco Ex_ptcl     SetRootCell Make_LT     Make_LET    Make_GT     Make_Group  Make_I_list Calc_force  Write_back 
           0           0           0  8.5753e-06  0.00012815  1.6458e-05  0.00010336  4.6348e-07  1.5515e-05  5.4635e-05   1.304e-05
**** Number per step (global):
 PP_single   PP_cluster  PP_cross    Cluster     Cross       AR_step_sum
      981.07      18.932           0      7.6045           0      70.189
 AR_tsyn_sum Stab_Ngroup Iso_Ngroup  Form_Ngroup End_Ngroup  Modf_Ngroup Merg_Ngroup H4_step_sum H4_no_NB    Ep-Ep_sum   Ep-Sp_sum  
      12.983           2           0      1.4634     0.09082           0           0       90.18      1.6987  9.6619e+05      9335.7
**** Number of members in clusters (global):
N_members:            1           2           3           4           5           6           7           8           9
Count    :       981.07      5.8394     0.76318     0.45312     0.33057    0.085449    0.081055    0.047852   0.0039062

Time: 36.5  N_real(loc): 1000  N_real(glb): 1000  N_all(loc): 1024  N_all(glb): 1024  N_remove(glb): 0  N_escape(glb): 0
Energy:     Error/Total         Error     Error_cum         Total       Kinetic     Potential        Modify  Modify_group Modify_single      Error_PP  Error_PP_cum
Physic:     0.008048227     -18.50309      438.9184     -2299.027      2732.256     -5031.284      388.0297             0             0     0.1049301      3.500411
Slowdown:   0.009170382      -18.6361      976.4788     -2032.206      2561.603     -4593.809      7533.103             0             0  -0.008083386      541.9432
Angular Momentum:  |L|err: -13.46913  |L|err_cum: 111.0109  L: 43.85834   68.58612    -87.94099  |L|: 119.8383
C.M.: mass: 1900 pos: 0.9806429   -1.473569    -0.9526085 vel: 0.03574449   -0.03141136    -0.04059522
Tree step number: 2048
**** Wallclock time per step (local): [Min/Max]
 Total       PP_single   PP_cluster  PP_cross    Tree_NB     Tree_Force  Force_corr  Kick        FindCluster CreateGroup MPI_comm    Output      Status      Other      
   0.0020253  2.2323e-05  0.00018947           0  0.00033808   0.0013335  3.7765e-05  1.7953e-05  7.2961e-05  3.1455e-05  3.4805e-06  4.3563e-06  3.8501e-09  1.4398e-05
   0.0020253   2.236e-05  0.00018953           0  0.00033415   0.0012946   3.782e-05  1.7987e-05  7.3014e-05  3.1477e-05  3.5134e-06  4.3565e-06  3.8647e-09  1.4485e-05
**** FDPS tree soft force time profile (local):
 Sample_ptcl Domain_deco Ex_ptcl     SetRootCell Make_LT     Make_LET    Make_GT     Make_Group  Make_I_list Calc_force  Write_back 
           0           0           0  1.9481e-05  0.00029436  3.3465e-05  0.00019598  2.7199e-06  4.6487e-05  0.00058938  7.9193e-05
**** Tree neighbor time profile (local):
 Sample_ptcl Domain_deco Ex_ptcl     SetRootCell Make_LT     Make_LET    Make_GT     Make_Group  Make_I_list Calc_force  Write_back 
           0           0           0   1.746e-05  0.00012742  1.5953e-05  9.8119e-05  6.0238e-07  1.4258e-05  5.2243e-05  8.2997e-06
**** Number per step (global):
 PP_single   PP_cluster  PP_cross    Cluster     Cross       AR_step_sum
      982.64      17.358           0       6.665           0      103.26
 AR_tsyn_sum Stab_Ngroup Iso_Ngroup  Form_Ngroup End_Ngroup  Modf_Ngroup Merg_Ngroup H4_step_sum H4_no_NB    Ep-Ep_sum   Ep-Sp_sum  
      24.879           2           0      1.9546   0.0083008           0           0      70.165       2.207  9.6714e+05      7943.8
**** Number of members in clusters (global):
N_members:            1           2           3           4           5           6           7           8           9          10
Count    :       982.64       4.832     0.70996     0.55859     0.25684      0.2002    0.042969    0.041992    0.016602   0.0058594

Time: 37  N_real(loc): 1000  N_real(glb): 1000  N_all(loc): 1024  N_all(glb): 1024  N_remove(glb): 0  N_escape(glb): 0
Energy:     Error/Total         Error     Error_cum         Total       Kinetic     Potential        Modify  Modify_group Modify_single      Error_PP  Error_PP_cum
Physic:   -0.0008187886      1.885947      440.8043     -2303.338      2727.535     -5030.873      381.8327             0             0     0.1744234      3.674834
Slowdown: -0.0008604759      1.752293      978.2311     -2036.423      2559.925     -4596.349      7793.955             0             0    0.06203437      542.0053
Angular Momentum:  |L|err: 8.87306  |L|err_cum: 119.884  L: 16.25546   60.15218    -98.01317  |L|: 116.1426
C.M.: mass: 1900 pos: 1.000616   -1.496893    -0.9718408 vel: 0.03183095   -0.06077327    -0.05888532
Tree step number: 2048
**** Wallclock time per step (local): [Min/Max]
 Total       PP_single   PP_cluster  PP_cross    Tree_NB     Tree_Force  Force_corr  Kick        FindCluster CreateGroup MPI_comm    Output      Status      Other      
   0.0021174  2.3128e-05   0.0002902           0  0.00032165   0.0013496   3.206e-05  2.0158e-05  6.9865e-05  3.0958e-05  4.6939e-06  4.9595e-06  3.7422e-09  1.2169e-05
   0.0021175  2.3165e-05  0.00029026           0  0.00031645   0.0013098  3.2134e-05  2.0193e-05   6.994e-05   3.098e-05  4.7265e-06  4.9597e-06  3.7617e-09  1.2268e-05
**** FDPS tree soft force time profile (local):
 Sample_ptcl Domain_deco Ex_ptcl     SetRootCell Make_LT     Make_LET    Make_GT     Make_Group  Make_I_list Calc_force  Write_back 
           0           0           0  1.3165e-05  0.00027751  3.2672e-05  0.00024766  2.3898e-06   4.822e-05  0.00057372  8.1385e-05
**** Tree neighbor time profile (local):
 Sample_ptcl Domain_deco Ex_ptcl     SetRootCell Make_LT     Make_LET    Make_GT     Make_Group  Make_I_list Calc_force  Write_back 
           0           0           0  1.1086e-05  0.00011984  2.0807e-05  8.2085e-05  5.4738e-07  1.2493e-05  5.0333e-05   1.076e-05
**** Number per step (global):
 PP_single   PP_cluster  PP_cross    Cluster     Cross       AR_step_sum
      984.77      15.232           0      5.7305           0      142.56
 AR_tsyn_sum Stab_Ngroup Iso_Ngroup  Form_Ngroup End_Ngroup  Modf_Ngroup Merg_Ngroup H4_step_sum H4_no_NB    Ep-Ep_sum   Ep-Sp_sum  
      38.145           2           0      1.9897   0.0039062   0.0019531           0      63.819      2.3555  9.7299e+05      5767.8
**** Number of members in clusters (global):
N_members:            1           2           3           4           5           6           7           8           9
Count    :       984.77      4.3813     0.52783     0.20508    0.096191     0.22314     0.15723     0.11133     0.02832
Hard energy significant ! dE_SD: 0.0324338 dE_SD/Etot_SD: -0.000158238
Thread: 2 Dump file: data.hard_large_energy_h4_n4_g1_t37.218018_M0_O2_c13_s1790683291

Time: 37.5  N_real(loc): 1000  N_real(glb): 1000  N_all(loc): 1036  N_all(glb): 1036  N_remove(glb): 0  N_escape(glb): 0
Energy:     Error/Total         Error     Error_cum         Total       Kinetic     Potential        Modify  Modify_group Modify_single      Error_PP  Error_PP_cum
Physic:      -0.1101818      223.1291      663.9334     -2025.099      2996.581     -5021.681      436.9428             0             0     0.1141596      3.788994
Slowdown:     -0.128088      223.0735      1201.305     -1741.565       2781.19     -4522.754      8132.656             0             0     0.1058748      542.1111
Angular Momentum:  |L|err: -5.794045  |L|err_cum: 114.0899  L: 105.6956   -30.03606    96.13303  |L|: 145.9975
C.M.: mass: 1900 pos: 1.034422   -1.499769    -0.993772 vel: 0.05120348   -0.02571602    -0.04045354
Tree step number: 2048
**** Wallclock time per step (local): [Min/Max]
 Total       PP_single   PP_cluster  PP_cross    Tree_NB     Tree_Force  Force_corr  Kick        FindCluster CreateGroup MPI_comm    Output      Status      Other      
   0.0021417  2.7089e-05  0.00014939           0   0.0003673   0.0014908  4.1639e-05  2.2741e-05  5.7858e-05  2.7984e-05  1.9817e-06  4.0034e-06   7.832e-09  6.6338e-06
   0.0021417  2.7125e-05  0.00014944           0   0.0003596   0.0014406  4.1715e-05  2.2776e-05  5.7908e-05  2.8005e-05  2.0135e-06  4.0035e-06  7.8521e-09  6.7223e-06
**** FDPS tree soft force time profile (local):
 Sample_ptcl Domain_deco Ex_ptcl     SetRootCell Make_LT     Make_LET    Make_GT     Make_Group  Make_I_list Calc_force  Write_back 
           0           0           0  1.9162e-05  0.00030293  3.5567e-05  0.00021754  2.5343e-06  5.4469e-05  0.00068543  0.00010189
**** Tree neighbor time profile (local):
 Sample_ptcl Domain_deco Ex_ptcl     SetRootCell Make_LT     Make_LET    Make_GT     Make_Group  Make_I_list Calc_force  Write_back 
           0           0           0  8.8716e-06  0.00010683  2.2619e-05   0.0001045  3.3715e-07  1.8084e-05  7.8428e-05  1.5819e-05
**** Number per step (global):
 PP_single   PP_cluster  PP_cross    Cluster     Cross       AR_step_sum
      985.77      14.234           0       6.228           0      84.136
 AR_tsyn_sum Stab_Ngroup Iso_Ngroup  Form_Ngroup End_Ngroup  Modf_Ngroup Merg_Ngroup H4_step_sum H4_no_NB    Ep-Ep_sum   Ep-Sp_sum  
      15.363      2.5649           0      1.3418    0.003418           0           0      50.595      1.6465  9.9399e+05      4738.3
**** Number of members in clusters (global):
N_members:            1           2           3           4           5           6
Count    :       985.77      5.1997     0.48682      0.3418     0.19141   0.0083008

Time: 38  N_real(loc): 1000  N_real(glb): 1000  N_all(loc): 1036  N_all(glb): 1036  N_remove(glb): 0  N_escape(glb): 0
Energy:     Error/Total         Error     Error_cum         Total       Kinetic     Potential        Modify  Modify_group Modify_single      Error_PP  Error_PP_cum
Physic:     -0.09806931      174.6444      838.5778     -1780.826      3068.834      -4849.66      506.5713             0             0  0.0007935939      3.789788
Slowdown:    -0.1166242       174.618      1375.923     -1497.271      2853.407     -4350.678      8485.866             0             0  1.771041e-05      542.1112
Angular Momentum:  |L|err: 86.82672  |L|err_cum: 200.9167  L: 122.2189   -95.00376    160.9431  |L|: 223.3067
C.M.: mass: 1900 pos: 1.055122   -1.518765    -0.9949245 vel: 0.03037341   -0.03310691    -0.03377257
Tree step number: 2048
**** Wallclock time per step (local): [Min/Max]
 Total       PP_single   PP_cluster  PP_cross    Tree_NB     Tree_Force  Force_corr  Kick        FindCluster CreateGroup MPI_comm    Output      Status      Other      
    0.002206  3.9632e-05  9.3593e-05           0  0.00043896   0.0014881  5.1622e-05  5.6783e-05  5.3038e-05  2.9557e-05  2.0802e-06  4.4352e-06  3.7959e-09  6.0577e-06
   0.0022061  3.9669e-05  9.3649e-05           0  0.00042607   0.0014407   5.168e-05  5.6819e-05  5.3083e-05  2.9578e-05  2.1123e-06  4.4354e-06  3.8105e-09  6.1495e-06
**** FDPS tree soft force time profile (local):
 Sample_ptcl Domain_deco Ex_ptcl     SetRootCell Make_LT     Make_LET    Make_GT     Make_Group  Make_I_list Calc_force  Write_back 
           0           0           0   2.318e-05  0.00028872  4.0743e-05  0.00023999  2.4533e-06  5.8827e-05  0.00068547  9.6437e-05
**** Tree neighbor time profile (local):
 Sample_ptcl Domain_deco Ex_ptcl     SetRootCell Make_LT     Make_LET    Make_GT     Make_Group  Make_I_list Calc_force  Write_back 
           0           0           0  9.8396e-06  0.00013285  1.8811e-05   0.0001465  3.5223e-07  1.8795e-05  7.6164e-05   2.613e-05
**** Number per step (global):
 PP_single   PP_cluster  PP_cross    Cluster     Cross       AR_step_sum
      985.54       14.46           0      6.7441           0      61.599
 AR_tsyn_sum Stab_Ngroup Iso_Ngroup  Form_Ngroup End_Ngroup  Modf_Ngroup Merg_Ngroup H4_step_sum H4_no_NB    Ep-Ep_sum   Ep-Sp_sum  
       5.812           3           0           1           0           0           0      34.463      1.3481  9.9882e+05      5421.7
**** Number of members in clusters (global):
N_members:            1           2           3           4           5           6
Count    :       985.54      5.9966     0.55811     0.15527    0.033203  0.00097656

Time: 38.5  N_real(loc): 1000  N_real(glb): 1000  N_all(loc): 1036  N_all(glb): 1036  N_remove(glb): 0  N_escape(glb): 0
Energy:     Error/Total         Error     Error_cum         Total       Kinetic     Potential        Modify  Modify_group Modify_single      Error_PP  Error_PP_cum
Physic:      -0.0204546       35.4185      873.9963     -1731.566      3100.276     -4831.842       520.413             0             0  6.050321e-05      3.789848
Slowdown:   -0.02445847      35.41611      1411.339      -1448.01      2884.831     -4332.841      8783.266             0             0  1.333029e-05      542.1112
Angular Momentum:  |L|err: 23.32372  |L|err_cum: 224.2404  L: 127.487   -116.6626    173.8007  |L|: 245.0914
C.M.: mass: 1900 pos: 1.07475   -1.544359    -1.016131 vel: 0.007387616   -0.0767632    -0.03733867
Tree step number: 2048
**** Wallclock time per step (local): [Min/Max]
 Total       PP_single   PP_cluster  PP_cross    Tree_NB     Tree_Force  Force_corr  Kick        FindCluster CreateGroup MPI_comm    Output      Status      Other      
   0.0018165  2.3288e-05  8.5577e-05           0  0.00030726    0.001306  3.4571e-05  1.4735e-05  4.4001e-05  2.7249e-05  4.9329e-06   4.736e-06  3.7524e-09  5.0984e-06
   0.0018165  2.3325e-05  8.5621e-05           0  0.00030282   0.0012672  3.4628e-05  1.4778e-05  4.4045e-05   2.727e-05  4.9653e-06  4.7362e-06  3.7671e-09  5.3539e-06
**** FDPS tree soft force time profile (local):
 Sample_ptcl Domain_deco Ex_ptcl     SetRootCell Make_LT     Make_LET    Make_GT     Make_Group  Make_I_list Calc_force  Write_back 
           0           0           0  1.4351e-05  0.00024455  3.0122e-05    0.000196  3.2485e-06  5.1961e-05  0.00063046  7.9109e-05
**** Tree neighbor time profile (local):
 Sample_ptcl Domain_deco Ex_ptcl     SetRootCell Make_LT     Make_LET    Make_GT     Make_Group  Make_I_list Calc_force  Write_back 
           0           0           0  8.1222e-06  0.00010361  1.9067e-05  8.8512e-05  4.4282e-07   1.371e-05  5.3703e-05  9.4219e-06
**** Number per step (global):
 PP_single   PP_cluster  PP_cross    Cluster     Cross       AR_step_sum
      985.54      14.464           0      6.6885           0      64.197
 AR_tsyn_sum Stab_Ngroup Iso_Ngroup  Form_Ngroup End_Ngroup  Modf_Ngroup Merg_Ngroup H4_step_sum H4_no_NB    Ep-Ep_sum   Ep-Sp_sum  
      6.7788           3           0           1           0           0           0      35.824      1.3877  9.8728e+05      7438.4
**** Number of members in clusters (global):
N_members:            1           2           3           4           5           7           9
Count    :       985.54       5.877     0.58203     0.20117    0.020508   0.0068359  0.00097656

Time: 39  N_real(loc): 1000  N_real(glb): 1000  N_all(loc): 1036  N_all(glb): 1036  N_remove(glb): 0  N_escape(glb): 0
Energy:     Error/Total         Error     Error_cum         Total       Kinetic     Potential        Modify  Modify_group Modify_single      Error_PP  Error_PP_cum
Physic:    -0.003455754      5.936952      879.9333      -1717.99      3040.902     -4758.892       528.052             0             0    0.01175456      3.801603
Slowdown:  -0.004117085      5.905601      1417.244     -1434.413      2829.535     -4263.948      9074.513             0             0   0.002859794       542.114
Angular Momentum:  |L|err: 9.773132  |L|err_cum: 234.0135  L: 155.0063   -104.6877    180.2663  |L|: 259.7738
C.M.: mass: 1900 pos: 1.102476   -1.579219    -1.012741 vel: 0.04548583   -0.07196772    0.02749937
Tree step number: 2048
**** Wallclock time per step (local): [Min/Max]
 Total       PP_single   PP_cluster  PP_cross    Tree_NB     Tree_Force  Force_corr  Kick        FindCluster CreateGroup MPI_comm    Output      Status      Other      
   0.0024015  2.4188e-05  0.00011288           0  0.00038784   0.0017524  7.1145e-05  3.4796e-05  5.6568e-05   3.176e-05  2.2363e-06  4.3059e-06  3.2139e-09  1.0185e-05
   0.0024016  2.4226e-05  0.00011293           0  0.00037935   0.0016714  7.1207e-05  3.4833e-05  5.6616e-05  3.1782e-05  2.2688e-06   4.306e-06  3.2334e-09  1.0306e-05
**** FDPS tree soft force time profile (local):
 Sample_ptcl Domain_deco Ex_ptcl     SetRootCell Make_LT     Make_LET    Make_GT     Make_Group  Make_I_list Calc_force  Write_back 
           0           0           0  2.4698e-05  0.00036619  5.3656e-05  0.00025688  3.0397e-06  6.0544e-05  0.00075618  0.00016359
**** Tree neighbor time profile (local):
 Sample_ptcl Domain_deco Ex_ptcl     SetRootCell Make_LT     Make_LET    Make_GT     Make_Group  Make_I_list Calc_force  Write_back 
           0           0           0  9.2166e-06  0.00012607  2.6571e-05   0.0001071  4.5487e-07  1.3765e-05  7.2472e-05  1.7343e-05
**** Number per step (global):
 PP_single   PP_cluster  PP_cross    Cluster     Cross       AR_step_sum
      984.69      15.312           0      7.1035           0      67.038
 AR_tsyn_sum Stab_Ngroup Iso_Ngroup  Form_Ngroup End_Ngroup  Modf_Ngroup Merg_Ngroup H4_step_sum H4_no_NB    Ep-Ep_sum   Ep-Sp_sum  
      7.5723           3           0     0.99951           0           0           0      41.057      1.4736  9.7945e+05      9228.2
**** Number of members in clusters (global):
N_members:            1           2           3           4           5           6
Count    :       984.69      6.3564     0.51758      0.1416    0.047852    0.040039

Time: 39.5  N_real(loc): 1000  N_real(glb): 1000  N_all(loc): 1036  N_all(glb): 1036  N_remove(glb): 0  N_escape(glb): 0
Energy:     Error/Total         Error     Error_cum         Total       Kinetic     Potential        Modify  Modify_group Modify_single      Error_PP  Error_PP_cum
Physic:    -0.006743737      11.46913      891.4024     -1700.708      3255.817     -4956.525      533.8645             0             0   0.003690766      3.805293
Slowdown:  -0.008086191      11.45913      1428.703     -1417.123      3053.503     -4470.627      9363.921             0             0  0.0003783127      542.1144
Angular Momentum:  |L|err: -22.80881  |L|err_cum: 211.2047  L: 137.5771   -105.3237    159.3471  |L|: 235.3976
C.M.: mass: 1900 pos: 1.125671   -1.616031    -1.001897 vel: 0.08472186   -0.07945824    -0.0002776343
Tree step number: 2048
**** Wallclock time per step (local): [Min/Max]
 Total       PP_single   PP_cluster  PP_cross    Tree_NB     Tree_Force  Force_corr  Kick        FindCluster CreateGroup MPI_comm    Output      Status      Other      
   0.0023519  2.7627e-05  0.00010257           0  0.00040273   0.0016647  6.7766e-05  3.4016e-05  5.3818e-05  4.5599e-05  8.0023e-06  5.2857e-06  3.5566e-09   1.031e-05
    0.002352  2.7665e-05  0.00010262           0  0.00039304   0.0016016  6.7829e-05  3.4053e-05  5.3878e-05  4.5622e-05  8.0357e-06  5.2859e-06  3.5762e-09  1.0437e-05
**** FDPS tree soft force time profile (local):
 Sample_ptcl Domain_deco Ex_ptcl     SetRootCell Make_LT     Make_LET    Make_GT     Make_Group  Make_I_list Calc_force  Write_back 
           0           0           0  1.8333e-05   0.0003381  4.6216e-05   0.0002555  3.0095e-06  6.9391e-05  0.00074491  0.00012765
**** Tree neighbor time profile (local):
 Sample_ptcl Domain_deco Ex_ptcl     SetRootCell Make_LT     Make_LET    Make_GT     Make_Group  Make_I_list Calc_force  Write_back 
           0           0           0  2.3025e-05  0.00016545  2.0647e-05  0.00010048  5.7308e-07  1.4591e-05  5.5737e-05  1.9908e-05
**** Number per step (global):
 PP_single   PP_cluster  PP_cross    Cluster     Cross       AR_step_sum
      985.21      14.788           0      6.9321           0      67.299
 AR_tsyn_sum Stab_Ngroup Iso_Ngroup  Form_Ngroup End_Ngroup  Modf_Ngroup Merg_Ngroup H4_step_sum H4_no_NB    Ep-Ep_sum   Ep-Sp_sum  
      7.5679           3           0      1.0029  0.00097656           0           0      40.205      1.4629  9.5729e+05       12606
**** Number of members in clusters (global):
N_members:            1           2           3           4           5
Count    :       985.21      6.1494      0.6665    0.091797    0.024414
Hard energy significant ! dE_SD: -0.152793 dE_SD/Etot_SD: 0.000453136
Thread: 0 Dump file: data.hard_large_energy_h4_n6_g1_t39.813232_M0_O0_c14_s1790683314

Time: 40  N_real(loc): 1000  N_real(glb): 1000  N_all(loc): 1036  N_all(glb): 1036  N_remove(glb): 0  N_escape(glb): 0
Energy:     Error/Total         Error     Error_cum         Total       Kinetic     Potential        Modify  Modify_group Modify_single      Error_PP  Error_PP_cum
Physic:    -0.007154714      11.94979      903.3522     -1670.198       3217.26     -4887.457      552.4255             0             0   -0.08712815      3.718165
Slowdown:   -0.00857811      11.89461      1440.598     -1386.624      3003.291     -4389.915      9666.111             0             0    -0.1286983      541.9857
Angular Momentum:  |L|err: -8.257666  |L|err_cum: 202.947  L: 113.8586   -121.2561    147.0942  |L|: 222.044
C.M.: mass: 1900 pos: 1.173869   -1.661702    -0.9889459 vel: 0.1140801   -0.0977458    0.01352876
Tree step number: 2048
**** Wallclock time per step (local): [Min/Max]
 Total       PP_single   PP_cluster  PP_cross    Tree_NB     Tree_Force  Force_corr  Kick        FindCluster CreateGroup MPI_comm    Output      Status      Other      
   0.0025747  3.0674e-05  0.00017223           0  0.00039032   0.0017958  6.7524e-05  4.3823e-05  9.3092e-05  3.0862e-05  4.4887e-06  3.6782e-06  4.3296e-09  1.6199e-05
   0.0025748  3.0724e-05   0.0001723           0  0.00038354   0.0017263  6.7586e-05   4.386e-05  9.3154e-05  3.0885e-05  4.5218e-06  3.6784e-06  4.3442e-09  1.6297e-05
**** FDPS tree soft force time profile (local):
 Sample_ptcl Domain_deco Ex_ptcl     SetRootCell Make_LT     Make_LET    Make_GT     Make_Group  Make_I_list Calc_force  Write_back 
           0           0           0  2.9909e-05   0.0003819  3.9679e-05  0.00025369  2.7486e-06  7.5837e-05  0.00080063  0.00014076
**** Tree neighbor time profile (local):
 Sample_ptcl Domain_deco Ex_ptcl     SetRootCell Make_LT     Make_LET    Make_GT     Make_Group  Make_I_list Calc_force  Write_back 
           0           0           0  1.5484e-05  0.00013412  1.7167e-05  0.00011563   5.619e-07  1.7062e-05  6.5115e-05  1.3951e-05
**** Number per step (global):
 PP_single   PP_cluster  PP_cross    Cluster     Cross       AR_step_sum
      985.26      14.737           0      6.4287           0       94.86
 AR_tsyn_sum Stab_Ngroup Iso_Ngroup  Form_Ngroup End_Ngroup  Modf_Ngroup Merg_Ngroup H4_step_sum H4_no_NB    Ep-Ep_sum   Ep-Sp_sum  
      18.086           3           0      1.0054   0.0014648   0.0024414           0      40.563     0.98584  9.3936e+05       17798
**** Number of members in clusters (global):
N_members:            1           2           3           4           5           6           7
Count    :       985.26      5.4868     0.51221     0.11133     0.17285     0.10156    0.043945

Time: 40.5  N_real(loc): 1000  N_real(glb): 1000  N_all(loc): 1036  N_all(glb): 1036  N_remove(glb): 0  N_escape(glb): 0
Energy:     Error/Total         Error     Error_cum         Total       Kinetic     Potential        Modify  Modify_group Modify_single      Error_PP  Error_PP_cum
Physic:    -0.002369566      3.947095      907.2993     -1665.746      3312.476     -4978.223        552.93             0             0   0.003881001      3.722046
Slowdown:  -0.002847757      3.936081      1444.534     -1382.169       3098.48     -4480.649      9950.204             0             0  0.0002519679       541.986
Angular Momentum:  |L|err: -31.89947  |L|err_cum: 171.0476  L: 104.9248   -110.2839    114.8292  |L|: 190.6764
C.M.: mass: 1900 pos: 1.220116   -1.695167    -0.976827 vel: 0.1033857   -0.0667967    0.05556244
Tree step number: 2048
**** Wallclock time per step (local): [Min/Max]
 Total       PP_single   PP_cluster  PP_cross    Tree_NB     Tree_Force  Force_corr  Kick        FindCluster CreateGroup MPI_comm    Output      Status      Other      
   0.0022333  1.9807e-05  0.00012108           0  0.00038349   0.0015959  4.0631e-05  1.8189e-05  5.0761e-05  2.9461e-05  3.6116e-06  4.4114e-06  3.3657e-09  9.6521e-06
   0.0022333  1.9843e-05  0.00012113           0  0.00037766   0.0015549  4.0691e-05  1.8224e-05  5.0808e-05  2.9498e-05  3.7009e-06  4.4115e-06  3.3804e-09  9.7538e-06
**** FDPS tree soft force time profile (local):
 Sample_ptcl Domain_deco Ex_ptcl     SetRootCell Make_LT     Make_LET    Make_GT     Make_Group  Make_I_list Calc_force  Write_back 
           0           0           0  2.3359e-05  0.00030722  3.4944e-05  0.00021255  3.0202e-06  8.4972e-05  0.00078907  8.3662e-05
**** Tree neighbor time profile (local):
 Sample_ptcl Domain_deco Ex_ptcl     SetRootCell Make_LT     Make_LET    Make_GT     Make_Group  Make_I_list Calc_force  Write_back 
           0           0           0   1.298e-05  0.00013793  2.2035e-05   0.0001003  6.9673e-07  1.7511e-05   7.063e-05  1.2042e-05
**** Number per step (global):
 PP_single   PP_cluster  PP_cross    Cluster     Cross       AR_step_sum
      985.36      14.635           0      6.7144           0      75.312
 AR_tsyn_sum Stab_Ngroup Iso_Ngroup  Form_Ngroup End_Ngroup  Modf_Ngroup Merg_Ngroup H4_step_sum H4_no_NB    Ep-Ep_sum   Ep-Sp_sum  
      10.877           3           0      1.0068   0.0019531           0           0      39.893     0.79492  9.2226e+05       20950
**** Number of members in clusters (global):
N_members:            1           2           3           4           5
Count    :       985.36      5.6465     0.93896     0.11914   0.0097656

Time: 41  N_real(loc): 1000  N_real(glb): 1000  N_all(loc): 1036  N_all(glb): 1036  N_remove(glb): 0  N_escape(glb): 0
Energy:     Error/Total         Error     Error_cum         Total       Kinetic     Potential        Modify  Modify_group Modify_single      Error_PP  Error_PP_cum
Physic:     0.000793544     -1.328876      905.9704     -1674.609      3331.782     -5006.391      545.3961             0             0    0.03808404       3.76013
Slowdown:  0.0009772771     -1.359357      1443.175     -1390.964      3138.324     -4529.288      10226.35             0             0    0.02258043      542.0085
Angular Momentum:  |L|err: 41.09181  |L|err_cum: 212.1394  L: 109.9527   -134.963    149.1014  |L|: 229.207
C.M.: mass: 1900 pos: 1.279712   -1.735413    -0.9530665 vel: 0.1643579   -0.1466019    -0.01613311
Tree step number: 2048
**** Wallclock time per step (local): [Min/Max]
 Total       PP_single   PP_cluster  PP_cross    Tree_NB     Tree_Force  Force_corr  Kick        FindCluster CreateGroup MPI_comm    Output      Status      Other      
   0.0017086  1.5994e-05  0.00012509           0  0.00029836   0.0011694  2.5224e-05  7.3934e-06  5.2827e-05  2.5679e-05  2.3493e-06   3.975e-06  4.1533e-09  8.6664e-06
   0.0017087  1.6029e-05  0.00012514           0  0.00029379   0.0011453  2.5277e-05  7.4267e-06    5.29e-05    2.57e-05  2.3818e-06  3.9753e-06   4.168e-09  8.7507e-06
**** FDPS tree soft force time profile (local):
 Sample_ptcl Domain_deco Ex_ptcl     SetRootCell Make_LT     Make_LET    Make_GT     Make_Group  Make_I_list Calc_force  Write_back 
           0           0           0  1.6889e-05  0.00025297  3.5622e-05  0.00019013  3.7413e-06  7.8881e-05  0.00047731  4.9385e-05
**** Tree neighbor time profile (local):
 Sample_ptcl Domain_deco Ex_ptcl     SetRootCell Make_LT     Make_LET    Make_GT     Make_Group  Make_I_list Calc_force  Write_back 
           0           0           0   1.159e-05  0.00010007  2.0812e-05  9.8485e-05  6.7157e-07  1.4009e-05  3.6112e-05  9.5272e-06
**** Number per step (global):
 PP_single   PP_cluster  PP_cross    Cluster     Cross       AR_step_sum
      984.41      15.593           0      7.1064           0      81.685
 AR_tsyn_sum Stab_Ngroup Iso_Ngroup  Form_Ngroup End_Ngroup  Modf_Ngroup Merg_Ngroup H4_step_sum H4_no_NB    Ep-Ep_sum   Ep-Sp_sum  
      13.225           3           0      1.0166    0.003418           0           0      46.475      1.3623  9.0492e+05       24316
**** Number of members in clusters (global):
N_members:            1           2           3           4           5           6           7
Count    :       984.41      6.1758     0.64795     0.19043    0.046387    0.017578     0.02832

Time: 41.5  N_real(loc): 1000  N_real(glb): 1000  N_all(loc): 1036  N_all(glb): 1036  N_remove(glb): 0  N_escape(glb): 0
Energy:     Error/Total         Error     Error_cum         Total       Kinetic     Potential        Modify  Modify_group Modify_single      Error_PP  Error_PP_cum
Physic:     0.007819768     -12.86584      893.1046     -1645.297      3381.517     -5026.813      587.5743             0             0     0.1854425      3.945573
Slowdown:   0.009574354     -13.03605      1430.139      -1361.56      3159.303     -4520.863      10552.43             0             0    0.02210846      542.0307
Angular Momentum:  |L|err: 42.83099  |L|err_cum: 254.9704  L: 83.65796   -175.4703    178.4254  |L|: 263.8638
C.M.: mass: 1900 pos: 1.377287   -1.795421    -0.9526898 vel: 0.2046329   -0.1210168    -0.03442169
Tree step number: 2048
**** Wallclock time per step (local): [Min/Max]
 Total       PP_single   PP_cluster  PP_cross    Tree_NB     Tree_Force  Force_corr  Kick        FindCluster CreateGroup MPI_comm    Output      Status      Other      
   0.0019475  2.0061e-05  0.00014819           0  0.00028396   0.0013574   3.635e-05  3.0727e-05  5.3979e-05  3.1293e-05  2.9073e-06  3.1412e-06   3.625e-09  9.5985e-06
   0.0019475  2.0097e-05  0.00014824           0    0.000281   0.0013281  3.6405e-05  3.0761e-05  5.4027e-05  3.1315e-05  2.9395e-06  3.1415e-06  3.6396e-09  9.7012e-06
**** FDPS tree soft force time profile (local):
 Sample_ptcl Domain_deco Ex_ptcl     SetRootCell Make_LT     Make_LET    Make_GT     Make_Group  Make_I_list Calc_force  Write_back 
           0           0           0  1.2027e-05  0.00027037  3.1203e-05  0.00021544  6.6749e-06   9.125e-05  0.00060082   5.998e-05
**** Tree neighbor time profile (local):
 Sample_ptcl Domain_deco Ex_ptcl     SetRootCell Make_LT     Make_LET    Make_GT     Make_Group  Make_I_list Calc_force  Write_back 
           0           0           0  8.7328e-06  0.00010219   2.134e-05  8.7641e-05  6.8471e-07  1.4814e-05  2.5914e-05  6.3024e-06
**** Number per step (global):
 PP_single   PP_cluster  PP_cross    Cluster     Cross       AR_step_sum
      982.14      17.859           0       7.228           0      85.117
 AR_tsyn_sum Stab_Ngroup Iso_Ngroup  Form_Ngroup End_Ngroup  Modf_Ngroup Merg_Ngroup H4_step_sum H4_no_NB    Ep-Ep_sum   Ep-Sp_sum  
      14.835           3           0      1.0181   0.0048828           0           0      62.464      1.3306  9.0615e+05       21314
**** Number of members in clusters (global):
N_members:            1           2           3           4           5           6           7           9          12          13
Count    :       982.14      5.4038     0.89258     0.48926     0.33984    0.080078   0.0039062   0.0068359   0.0039062   0.0078125
Hard energy significant ! dE_SD: 0.140808 dE_SD/Etot_SD: -0.000467639
Thread: 3 Dump file: data.hard_large_energy_h4_n4_g1_t41.843506_M0_O3_c15_s1790683331
Hard energy significant ! dE_SD: 0.071913 dE_SD/Etot_SD: -0.000195254
Thread: 3 Dump file: data.hard_large_energy_h4_n5_g1_t41.857666_M0_O3_c16_s1790683331

Time: 42  N_real(loc): 1000  N_real(glb): 1000  N_all(loc): 1036  N_all(glb): 1036  N_remove(glb): 0  N_escape(glb): 0
Energy:     Error/Total         Error     Error_cum         Total       Kinetic     Potential        Modify  Modify_group Modify_single      Error_PP  Error_PP_cum
Physic:    -0.007524434      12.23724      905.3418     -1626.334      3197.412     -4823.746      594.2996             0             0     0.4191848      4.364758
Slowdown:  -0.009295661      12.17866      1442.317     -1310.145      3069.739     -4379.884       10875.4             0             0     0.3647455      542.3954
Angular Momentum:  |L|err: 62.39119  |L|err_cum: 317.3615  L: 99.79316   -200.7387    238.4128  |L|: 327.2543
C.M.: mass: 1900 pos: 1.478599   -1.854215    -0.9831109 vel: 0.2003604   -0.135418    -0.04654916
Tree step number: 2048
**** Wallclock time per step (local): [Min/Max]
 Total       PP_single   PP_cluster  PP_cross    Tree_NB     Tree_Force  Force_corr  Kick        FindCluster CreateGroup MPI_comm    Output      Status      Other      
   0.0020826  1.8852e-05  0.00024717           0  0.00028011    0.001406  2.4255e-05  1.3846e-05  6.7454e-05  3.0175e-05  4.1085e-06   3.805e-06  2.0014e-08  7.1819e-06
   0.0020826  1.8906e-05  0.00024723           0  0.00027768   0.0013837  2.4322e-05  1.3879e-05  6.7509e-05  3.0197e-05  4.1423e-06  3.8052e-06  2.0033e-08  7.2953e-06
**** FDPS tree soft force time profile (local):
 Sample_ptcl Domain_deco Ex_ptcl     SetRootCell Make_LT     Make_LET    Make_GT     Make_Group  Make_I_list Calc_force  Write_back 
           0           0           0  1.1973e-05  0.00025912  3.3038e-05  0.00019823  6.8976e-06   9.984e-05  0.00065323   4.598e-05
**** Tree neighbor time profile (local):
 Sample_ptcl Domain_deco Ex_ptcl     SetRootCell Make_LT     Make_LET    Make_GT     Make_Group  Make_I_list Calc_force  Write_back 
           0           0           0  9.0543e-06  0.00010974  1.9954e-05  7.3807e-05  6.8663e-07  1.7028e-05  2.4418e-05  5.2967e-06
**** Number per step (global):
 PP_single   PP_cluster  PP_cross    Cluster     Cross       AR_step_sum
      984.34      15.663           0      6.4458           0       113.2
 AR_tsyn_sum Stab_Ngroup Iso_Ngroup  Form_Ngroup End_Ngroup  Modf_Ngroup Merg_Ngroup H4_step_sum H4_no_NB    Ep-Ep_sum   Ep-Sp_sum  
      23.756           3           0      1.0303   0.0063477    0.015625           0      59.938      1.9048  8.8981e+05       23029
**** Number of members in clusters (global):
N_members:            1           2           3           4           5           6           7           8
Count    :       984.34      5.1675     0.45312     0.42578     0.21191      0.1123    0.069336   0.0058594
Hard energy significant ! dE_SD: 0.0610954 dE_SD/Etot_SD: -0.000196022
Thread: 3 Dump file: data.hard_large_energy_h4_n5_g1_t42.089600_M0_O3_c17_s1790683334
Hard energy significant ! dE_SD: 0.272761 dE_SD/Etot_SD: -0.000732346
Thread: 0 Dump file: data.hard_large_energy_h4_n5_g1_t42.173096_M0_O0_c18_s1790683335
Hard energy significant ! dE_SD: 0.0482819 dE_SD/Etot_SD: -0.000129111
Thread: 3 Dump file: data.hard_large_energy_h4_n5_g1_t42.176514_M0_O3_c19_s1790683335
Hard energy significant ! dE_SD: 0.0387558 dE_SD/Etot_SD: -0.000103498
Thread: 3 Dump file: data.hard_large_energy_h4_n5_g1_t42.177002_M0_O3_c20_s1790683335
Hard energy significant ! dE_SD: -0.0403004 dE_SD/Etot_SD: 0.000111134
Thread: 3 Dump file: data.hard_large_energy_h4_n4_g1_t42.196533_M0_O3_c21_s1790683335
Hard energy significant ! dE_SD: 0.055174 dE_SD/Etot_SD: -0.000151991
Thread: 2 Dump file: data.hard_large_energy_h4_n4_g1_t42.197021_M0_O2_c22_s1790683335
Hard energy significant ! dE_SD: -0.0607276 dE_SD/Etot_SD: 0.000176304
Thread: 0 Dump file: data.hard_large_energy_h4_n3_g1_t42.199463_M0_O0_c23_s1790683335

Time: 42.5  N_real(loc): 1000  N_real(glb): 1000  N_all(loc): 1036  N_all(glb): 1036  N_remove(glb): 0  N_escape(glb): 0
Energy:     Error/Total         Error     Error_cum         Total       Kinetic     Potential        Modify  Modify_group Modify_single      Error_PP  Error_PP_cum
Physic:    -0.004489308      7.234815      912.5766     -1611.566      5063.889     -6675.455      601.8331             0             0     0.3333383      4.698096
Slowdown:  -0.005660561       7.19336      1449.511     -1270.786      3581.752     -4852.538      11223.76             0             0     0.2956022       542.691
Angular Momentum:  |L|err: 40.88773  |L|err_cum: 358.2493  L: 75.66152   -241.0935    260.9479  |L|: 363.2418
C.M.: mass: 1900 pos: 1.568729   -1.906828    -0.9922227 vel: 0.1880037   -0.09019531    -0.00930302
Tree step number: 2048
**** Wallclock time per step (local): [Min/Max]
 Total       PP_single   PP_cluster  PP_cross    Tree_NB     Tree_Force  Force_corr  Kick        FindCluster CreateGroup MPI_comm    Output      Status      Other      
   0.0024134  2.3705e-05  0.00023579           0  0.00038148    0.001602  4.1444e-05  2.8261e-05  9.2754e-05  3.0964e-05  3.7139e-06  4.8753e-06  4.2124e-09  1.0914e-05
   0.0024134  2.3741e-05  0.00023585           0  0.00037852   0.0015601    4.15e-05  2.8295e-05  9.2812e-05  3.0987e-05  3.7489e-06  4.8755e-06  4.2319e-09  1.1028e-05
**** FDPS tree soft force time profile (local):
 Sample_ptcl Domain_deco Ex_ptcl     SetRootCell Make_LT     Make_LET    Make_GT     Make_Group  Make_I_list Calc_force  Write_back 
           0           0           0   2.883e-05  0.00031964    2.89e-05  0.00029074    3.51e-06  0.00010783  0.00065923  8.5244e-05
**** Tree neighbor time profile (local):
 Sample_ptcl Domain_deco Ex_ptcl     SetRootCell Make_LT     Make_LET    Make_GT     Make_Group  Make_I_list Calc_force  Write_back 
           0           0           0  1.3171e-05  0.00012751  2.6612e-05  0.00014077  7.6038e-07  1.5471e-05  2.7929e-05  6.3289e-06
**** Number per step (global):
 PP_single   PP_cluster  PP_cross    Cluster     Cross       AR_step_sum
       982.1      17.896           0      7.7798           0      93.281
 AR_tsyn_sum Stab_Ngroup Iso_Ngroup  Form_Ngroup End_Ngroup  Modf_Ngroup Merg_Ngroup H4_step_sum H4_no_NB    Ep-Ep_sum   Ep-Sp_sum  
      16.903      2.9551           0      1.0967   0.0068359    0.059082           0      71.068      1.9785  8.9386e+05       21437
**** Number of members in clusters (global):
N_members:            1           2           3           4           5           6           7           8           9
Count    :        982.1      6.8574     0.37012     0.20166      0.1333    0.019531     0.12305    0.052734    0.021973
Hard energy significant ! dE_SD: -0.0884578 dE_SD/Etot_SD: 0.000244777
Thread: 2 Dump file: data.hard_large_energy_h4_n3_g1_t42.629150_M0_O2_c24_s1790683339

Time: 43  N_real(loc): 1000  N_real(glb): 1000  N_all(loc): 1036  N_all(glb): 1036  N_remove(glb): 0  N_escape(glb): 0
Energy:     Error/Total         Error     Error_cum         Total       Kinetic     Potential        Modify  Modify_group Modify_single      Error_PP  Error_PP_cum
Physic:    -0.007475154      11.91796      924.4946     -1594.343      3065.716     -4660.059      607.1376             0             0   -0.01003164      4.688064
Slowdown:  -0.009437812      11.81212      1461.323     -1251.574      2990.362     -4241.936      11571.94             0             0   -0.06655657      542.6244
Angular Momentum:  |L|err: -96.82799  |L|err_cum: 261.4213  L: 37.91382   -212.5884    144.6766  |L|: 259.9281
C.M.: mass: 1900 pos: 1.671976   -1.950561    -0.9978808 vel: 0.1621594   -0.1425627    0.0001560303
Tree step number: 2048
**** Wallclock time per step (local): [Min/Max]
 Total       PP_single   PP_cluster  PP_cross    Tree_NB     Tree_Force  Force_corr  Kick        FindCluster CreateGroup MPI_comm    Output      Status      Other      
   0.0019556  2.1509e-05  0.00012887           0  0.00028808     0.00143  2.5792e-05  1.0121e-05   3.643e-05  3.1625e-05  1.2975e-06  5.1143e-06  5.3174e-09  4.7788e-06
   0.0019556  2.1545e-05  0.00012893           0  0.00028446   0.0014031  2.5847e-05  1.0154e-05  3.6475e-05  3.1645e-05  1.3294e-06  5.1144e-06   5.332e-09  4.8869e-06
**** FDPS tree soft force time profile (local):
 Sample_ptcl Domain_deco Ex_ptcl     SetRootCell Make_LT     Make_LET    Make_GT     Make_Group  Make_I_list Calc_force  Write_back 
           0           0           0   1.824e-05  0.00027451  3.7254e-05   0.0002056  3.5499e-06  8.9684e-05  0.00067723  5.5459e-05
**** Tree neighbor time profile (local):
 Sample_ptcl Domain_deco Ex_ptcl     SetRootCell Make_LT     Make_LET    Make_GT     Make_Group  Make_I_list Calc_force  Write_back 
           0           0           0  7.4394e-06  0.00011374   1.487e-05  8.1143e-05  6.8288e-07  1.6412e-05  2.3232e-05  7.6186e-06
**** Number per step (global):
 PP_single   PP_cluster  PP_cross    Cluster     Cross       AR_step_sum
      982.87      17.128           0      7.6479           0      79.691
 AR_tsyn_sum Stab_Ngroup Iso_Ngroup  Form_Ngroup End_Ngroup  Modf_Ngroup Merg_Ngroup H4_step_sum H4_no_NB    Ep-Ep_sum   Ep-Sp_sum  
       12.09           3           0      1.0098   0.0019531   0.0024414           0      53.555       1.583   8.955e+05       20226
**** Number of members in clusters (global):
N_members:            1           2           3           4           5
Count    :       982.87      6.4219     0.78857     0.26855     0.16895

Time: 43.5  N_real(loc): 1000  N_real(glb): 1000  N_all(loc): 1036  N_all(glb): 1036  N_remove(glb): 0  N_escape(glb): 0
Energy:     Error/Total         Error     Error_cum         Total       Kinetic     Potential        Modify  Modify_group Modify_single      Error_PP  Error_PP_cum
Physic:     -0.01710268      26.56988      951.0644     -1553.551      2947.105     -4500.656      621.3603             0             0      0.036629      4.724693
Slowdown:   -0.02188318      26.49511      1487.818     -1210.753      2787.631     -3998.384      11929.03             0             0   0.003759583      542.6282
Angular Momentum:  |L|err: 73.79954  |L|err_cum: 335.2208  L: 65.58226   -233.0178    237.2537  |L|: 338.9509
C.M.: mass: 1900 pos: 1.754454   -2.023671    -0.9891287 vel: 0.1733593   -0.1321294    0.01625836
Tree step number: 2048
**** Wallclock time per step (local): [Min/Max]
 Total       PP_single   PP_cluster  PP_cross    Tree_NB     Tree_Force  Force_corr  Kick        FindCluster CreateGroup MPI_comm    Output      Status      Other      
   0.0022873  2.0488e-05  0.00012291           0  0.00033022   0.0017113  3.6566e-05  1.3384e-05  4.5029e-05   3.776e-05  1.6795e-06  4.3739e-06  5.1567e-09  7.3467e-06
   0.0022874  2.0523e-05  0.00012296           0  0.00032301    0.001672  3.6622e-05  1.3419e-05  4.5076e-05  3.7782e-05  1.7118e-06  4.3741e-06  5.1714e-09  7.4779e-06
**** FDPS tree soft force time profile (local):
 Sample_ptcl Domain_deco Ex_ptcl     SetRootCell Make_LT     Make_LET    Make_GT     Make_Group  Make_I_list Calc_force  Write_back 
           0           0           0  9.9079e-06   0.0003258  6.8652e-05  0.00021424  5.4926e-06  9.9008e-05  0.00082428  8.0251e-05
**** Tree neighbor time profile (local):
 Sample_ptcl Domain_deco Ex_ptcl     SetRootCell Make_LT     Make_LET    Make_GT     Make_Group  Make_I_list Calc_force  Write_back 
           0           0           0   7.472e-06  0.00012425  1.9532e-05  0.00010074  8.2519e-07  1.4602e-05  2.8148e-05  1.4799e-05
**** Number per step (global):
 PP_single   PP_cluster  PP_cross    Cluster     Cross       AR_step_sum
      984.41      15.587           0      7.0259           0      74.795
 AR_tsyn_sum Stab_Ngroup Iso_Ngroup  Form_Ngroup End_Ngroup  Modf_Ngroup Merg_Ngroup H4_step_sum H4_no_NB    Ep-Ep_sum   Ep-Sp_sum  
       10.11           3           0           1           0           0           0      44.829      1.4517  8.8379e+05       23046
**** Number of members in clusters (global):
N_members:            1           2           3           4           5           6           7           9
Count    :       984.41      6.0776     0.68262      0.1709   0.0068359    0.027344    0.021484    0.039062

Time: 44  N_real(loc): 1000  N_real(glb): 1000  N_all(loc): 1036  N_all(glb): 1036  N_remove(glb): 0  N_escape(glb): 0
Energy:     Error/Total         Error     Error_cum         Total       Kinetic     Potential        Modify  Modify_group Modify_single      Error_PP  Error_PP_cum
Physic:    -0.007427457      11.41851       962.483     -1537.338      2844.141     -4381.478      626.1548             0             0 -9.597048e-07      4.724692
Slowdown:   -0.00953771      11.39312      1499.211     -1194.534      2684.933     -3879.467      12276.66             0             0 -9.611401e-07      542.6282
Angular Momentum:  |L|err: 58.47008  |L|err_cum: 393.6909  L: 71.76378   -249.8884    301.4792  |L|: 398.1004
C.M.: mass: 1900 pos: 1.831927   -2.08718    -0.9699108 vel: 0.1202371   -0.109573    0.03129287
Tree step number: 2048
**** Wallclock time per step (local): [Min/Max]
 Total       PP_single   PP_cluster  PP_cross    Tree_NB     Tree_Force  Force_corr  Kick        FindCluster CreateGroup MPI_comm    Output      Status      Other      
   0.0021193  1.9834e-05  7.5801e-05           0   0.0003109   0.0016437  2.5451e-05  9.0366e-06  2.5633e-05  2.6439e-05  2.8553e-06  5.3611e-06  5.8213e-09     7.7e-06
   0.0021193   1.987e-05  7.5858e-05           0   0.0003074   0.0016118  2.5506e-05  9.0845e-06  2.5674e-05   2.646e-05  2.8876e-06  5.3612e-06  5.8359e-09  7.8134e-06
**** FDPS tree soft force time profile (local):
 Sample_ptcl Domain_deco Ex_ptcl     SetRootCell Make_LT     Make_LET    Make_GT     Make_Group  Make_I_list Calc_force  Write_back 
           0           0           0  1.8634e-05  0.00027846  2.7935e-05  0.00019894  3.9586e-06  8.0436e-05  0.00084012  6.5705e-05
**** Tree neighbor time profile (local):
 Sample_ptcl Domain_deco Ex_ptcl     SetRootCell Make_LT     Make_LET    Make_GT     Make_Group  Make_I_list Calc_force  Write_back 
           0           0           0  1.9966e-05  0.00010611   1.817e-05  8.6976e-05  7.0707e-07  1.4382e-05  2.4385e-05  7.3977e-06
**** Number per step (global):
 PP_single   PP_cluster  PP_cross    Cluster     Cross       AR_step_sum
      984.49      15.513           0      7.4263           0       55.31
 AR_tsyn_sum Stab_Ngroup Iso_Ngroup  Form_Ngroup End_Ngroup  Modf_Ngroup Merg_Ngroup H4_step_sum H4_no_NB    Ep-Ep_sum   Ep-Sp_sum  
      2.3833           3           0       1.019   0.0043945           0           0      38.302      1.9658  8.9079e+05       20732
**** Number of members in clusters (global):
N_members:            1           2           3           4           5
Count    :       984.49      6.9536      0.2959     0.16602    0.010742

Time: 44.5  N_real(loc): 1000  N_real(glb): 1000  N_all(loc): 1036  N_all(glb): 1036  N_remove(glb): 0  N_escape(glb): 0
Energy:     Error/Total         Error     Error_cum         Total       Kinetic     Potential        Modify  Modify_group Modify_single      Error_PP  Error_PP_cum
Physic:    -0.003328891      5.091638      967.5746      -1529.53      2883.468     -4412.997      628.8709             0             0 -6.045184e-07      4.724692
Slowdown:  -0.004286543      5.086944      1504.298     -1186.724      2724.368     -3911.092      12622.18             0             0 -6.046241e-07      542.6282
Angular Momentum:  |L|err: 49.26375  |L|err_cum: 442.9547  L: 81.40211   -263.258    353.5755  |L|: 448.2709
C.M.: mass: 1900 pos: 1.899835   -2.145044    -0.9546128 vel: 0.1418758   -0.1244742    0.02090597
Tree step number: 2048
**** Wallclock time per step (local): [Min/Max]
 Total       PP_single   PP_cluster  PP_cross    Tree_NB     Tree_Force  Force_corr  Kick        FindCluster CreateGroup MPI_comm    Output      Status      Other      
   0.0026123  1.9315e-05  8.4872e-05           0  0.00043137   0.0019766  2.7013e-05  1.1941e-05  3.6682e-05   3.421e-05  2.5398e-06  3.2104e-06  5.7388e-09  7.9679e-06
   0.0026124  1.9351e-05  8.4915e-05           0  0.00042798   0.0019543  2.7067e-05  1.1985e-05  3.6724e-05  3.4232e-05  2.5729e-06  3.2106e-06  5.7534e-09  8.0987e-06
**** FDPS tree soft force time profile (local):
 Sample_ptcl Domain_deco Ex_ptcl     SetRootCell Make_LT     Make_LET    Make_GT     Make_Group  Make_I_list Calc_force  Write_back 
           0           0           0  4.4037e-05  0.00030576  3.2446e-05  0.00028095  3.6306e-06  8.3956e-05  0.00089565  4.6564e-05
**** Tree neighbor time profile (local):
 Sample_ptcl Domain_deco Ex_ptcl     SetRootCell Make_LT     Make_LET    Make_GT     Make_Group  Make_I_list Calc_force  Write_back 
           0           0           0  2.8798e-05  0.00013379  1.7315e-05  0.00011993  7.8126e-07  1.7705e-05   2.694e-05   7.253e-06
**** Number per step (global):
 PP_single   PP_cluster  PP_cross    Cluster     Cross       AR_step_sum
      983.49      16.514           0      7.5977           0      58.518
 AR_tsyn_sum Stab_Ngroup Iso_Ngroup  Form_Ngroup End_Ngroup  Modf_Ngroup Merg_Ngroup H4_step_sum H4_no_NB    Ep-Ep_sum   Ep-Sp_sum  
      3.6406           3           0      1.0049  0.00097656           0           0       44.76       1.585  8.8683e+05       22383
**** Number of members in clusters (global):
N_members:            1           2           3           4           5           8
Count    :       983.49      6.6694     0.62695     0.27246   0.0087891     0.02002

Time: 45  N_real(loc): 1000  N_real(glb): 1000  N_all(loc): 1036  N_all(glb): 1036  N_remove(glb): 0  N_escape(glb): 0
Energy:     Error/Total         Error     Error_cum         Total       Kinetic     Potential        Modify  Modify_group Modify_single      Error_PP  Error_PP_cum
Physic:     -0.00195588      2.981833      970.5564     -1524.548      2970.265     -4494.813      630.8708             0             0 -4.747021e-06      4.724687
Slowdown:  -0.002520612       2.97871      1507.277     -1181.741      2811.159     -3992.899      12966.99             0             0 -4.749913e-06      542.6282
Angular Momentum:  |L|err: 42.56813  |L|err_cum: 485.5228  L: 93.32951   -275.1539    396.8035  |L|: 491.8059
C.M.: mass: 1900 pos: 1.97556   -2.202339    -0.9370548 vel: 0.1398959   -0.104536    0.02159663
Tree step number: 2048
**** Wallclock time per step (local): [Min/Max]
 Total       PP_single   PP_cluster  PP_cross    Tree_NB     Tree_Force  Force_corr  Kick        FindCluster CreateGroup MPI_comm    Output      Status      Other      
   0.0025695   2.334e-05  8.4721e-05           0  0.00043708    0.001928   2.996e-05   9.868e-06  4.2778e-05  3.6474e-05  3.4819e-06  3.2195e-06  4.3052e-09  4.8946e-06
   0.0025696  2.3376e-05  8.4764e-05           0  0.00043483   0.0018938  3.0014e-05  9.9016e-06   4.282e-05  3.6495e-05  3.5137e-06  3.2197e-06  4.3247e-09  5.0303e-06
**** FDPS tree soft force time profile (local):
 Sample_ptcl Domain_deco Ex_ptcl     SetRootCell Make_LT     Make_LET    Make_GT     Make_Group  Make_I_list Calc_force  Write_back 
           0           0           0  5.3952e-05  0.00027409  3.2023e-05  0.00026846  3.0196e-06  8.2557e-05  0.00086916  7.0343e-05
**** Tree neighbor time profile (local):
 Sample_ptcl Domain_deco Ex_ptcl     SetRootCell Make_LT     Make_LET    Make_GT     Make_Group  Make_I_list Calc_force  Write_back 
           0           0           0   2.739e-05  0.00016359  1.7545e-05  0.00010126   7.526e-07   1.444e-05  2.6602e-05  4.9704e-06
**** Number per step (global):
 PP_single   PP_cluster  PP_cross    Cluster     Cross       AR_step_sum
      982.27      17.732           0      8.0239           0      55.573
 AR_tsyn_sum Stab_Ngroup Iso_Ngroup  Form_Ngroup End_Ngroup  Modf_Ngroup Merg_Ngroup H4_step_sum H4_no_NB    Ep-Ep_sum   Ep-Sp_sum  
       2.498           3           0      1.0337   0.0063477           0           0      52.565      2.0806   8.889e+05       22755
**** Number of members in clusters (global):
N_members:            1           2           3           4           5           6           7           8           9
Count    :       982.27       7.145       0.521     0.16895    0.053711    0.066406     0.02832    0.026855    0.013672

Time: 45.5  N_real(loc): 1000  N_real(glb): 1000  N_all(loc): 1036  N_all(glb): 1036  N_remove(glb): 0  N_escape(glb): 0
Energy:     Error/Total         Error     Error_cum         Total       Kinetic     Potential        Modify  Modify_group Modify_single      Error_PP  Error_PP_cum
Physic:    -0.001016615      1.547566       972.104     -1522.274      2809.865     -4332.139      631.5972             0             0 -2.214291e-06      4.724685
Slowdown:   -0.00130856      1.543401       1508.82     -1179.465      2650.933     -3830.398      13310.53             0             0 -2.176915e-06      542.6282
Angular Momentum:  |L|err: 36.64385  |L|err_cum: 522.1666  L: 105.1563   -287.3702    431.8142  |L|: 529.2476
C.M.: mass: 1900 pos: 2.054968   -2.265031    -0.9248306 vel: 0.1282829   -0.1355247    0.01773465
Tree step number: 2048
**** Wallclock time per step (local): [Min/Max]
 Total       PP_single   PP_cluster  PP_cross    Tree_NB     Tree_Force  Force_corr  Kick        FindCluster CreateGroup MPI_comm    Output      Status      Other      
   0.0027674  2.0912e-05  7.7917e-05           0   0.0004261   0.0021473  3.3142e-05  1.1108e-05  3.4435e-05  2.7814e-05  4.0262e-06  4.5986e-06  4.3291e-09  5.4082e-06
   0.0027674  2.0947e-05  7.7958e-05           0  0.00042396   0.0021219  3.3196e-05  1.1141e-05  3.4476e-05  2.7834e-05  4.0589e-06  4.5987e-06  4.3491e-09  5.5493e-06
**** FDPS tree soft force time profile (local):
 Sample_ptcl Domain_deco Ex_ptcl     SetRootCell Make_LT     Make_LET    Make_GT     Make_Group  Make_I_list Calc_force  Write_back 
           0           0           0  7.7026e-05  0.00042372   3.904e-05  0.00035344  3.2423e-06  8.2333e-05  0.00087483  5.2703e-05
**** Tree neighbor time profile (local):
 Sample_ptcl Domain_deco Ex_ptcl     SetRootCell Make_LT     Make_LET    Make_GT     Make_Group  Make_I_list Calc_force  Write_back 
           0           0           0  3.0415e-05  0.00012781  1.5241e-05  0.00013413  7.8614e-07  1.6708e-05  3.2958e-05  4.7305e-06
**** Number per step (global):
 PP_single   PP_cluster  PP_cross    Cluster     Cross       AR_step_sum
      983.08      16.921           0      7.7725           0       59.31
 AR_tsyn_sum Stab_Ngroup Iso_Ngroup  Form_Ngroup End_Ngroup  Modf_Ngroup Merg_Ngroup H4_step_sum H4_no_NB    Ep-Ep_sum   Ep-Sp_sum  
      3.8628           3           0      1.0718    0.016113           0           0       51.14      1.8198  8.8897e+05       24192
**** Number of members in clusters (global):
N_members:            1           2           3           4           5           6
Count    :       983.08       6.835     0.65527     0.15527    0.097656    0.029297

Time: 46  N_real(loc): 1000  N_real(glb): 1000  N_all(loc): 1036  N_all(glb): 1036  N_remove(glb): 0  N_escape(glb): 0
Energy:     Error/Total         Error     Error_cum         Total       Kinetic     Potential        Modify  Modify_group Modify_single      Error_PP  Error_PP_cum
Physic:    0.0004513278    -0.6878032      971.4162     -1523.955      2696.653     -4220.607      630.6043             0             0  0.0004321318      4.725117
Slowdown:  0.0005856342     -0.691718      1508.128     -1181.143      2642.451     -3823.594      13652.36             0             0  7.408951e-05      542.6283
Angular Momentum:  |L|err: 53.64825  |L|err_cum: 575.8149  L: 125.4085   -302.4274    483.8043  |L|: 584.1714
C.M.: mass: 1900 pos: 2.141255   -2.320463    -0.9120068 vel: 0.12441   -0.1397934    0.03026106
Tree step number: 2048
**** Wallclock time per step (local): [Min/Max]
 Total       PP_single   PP_cluster  PP_cross    Tree_NB     Tree_Force  Force_corr  Kick        FindCluster CreateGroup MPI_comm    Output      Status      Other      
   0.0024456  1.7808e-05  8.0481e-05           0  0.00041971   0.0018407  2.4733e-05  9.4668e-06  3.4976e-05  3.1562e-05  1.2901e-06  4.0681e-06  3.5713e-09  3.5767e-06
   0.0024456  1.7844e-05  8.0523e-05           0  0.00041372   0.0018216  2.4786e-05   9.508e-06  3.5018e-05  3.1583e-05  1.3219e-06  4.0683e-06  3.5859e-09   3.714e-06
**** FDPS tree soft force time profile (local):
 Sample_ptcl Domain_deco Ex_ptcl     SetRootCell Make_LT     Make_LET    Make_GT     Make_Group  Make_I_list Calc_force  Write_back 
           0           0           0  5.5767e-05  0.00030014  3.1727e-05  0.00028585  5.2357e-06  8.3334e-05  0.00076699  3.9784e-05
**** Tree neighbor time profile (local):
 Sample_ptcl Domain_deco Ex_ptcl     SetRootCell Make_LT     Make_LET    Make_GT     Make_Group  Make_I_list Calc_force  Write_back 
           0           0           0  3.2754e-05  0.00013037  1.9279e-05  0.00010806  7.8455e-07  1.5454e-05  2.8594e-05  1.2395e-05
**** Number per step (global):
 PP_single   PP_cluster  PP_cross    Cluster     Cross       AR_step_sum
      985.89      14.105           0      6.7603           0      60.366
 AR_tsyn_sum Stab_Ngroup Iso_Ngroup  Form_Ngroup End_Ngroup  Modf_Ngroup Merg_Ngroup H4_step_sum H4_no_NB    Ep-Ep_sum   Ep-Sp_sum  
      4.5029           3           0      1.0703    0.017578           0           0      37.338      2.0801  8.7776e+05       26344
**** Number of members in clusters (global):
N_members:            1           2           3           4           5           6           7
Count    :       985.89      6.4048      0.2627   0.0087891    0.051758    0.011719    0.020508

Time: 46.5  N_real(loc): 1000  N_real(glb): 1000  N_all(loc): 1036  N_all(glb): 1036  N_remove(glb): 0  N_escape(glb): 0
Energy:     Error/Total         Error     Error_cum         Total       Kinetic     Potential        Modify  Modify_group Modify_single      Error_PP  Error_PP_cum
Physic:      0.00246923     -3.777792      967.6384     -1529.947      2665.805     -4195.753      628.3896             0             0 -5.277432e-06      4.725112
Slowdown:   0.003185521      -3.78164      1504.347     -1187.134      2611.595     -3798.729      13992.96             0             0 -5.277598e-06      542.6283
Angular Momentum:  |L|err: 52.51  |L|err_cum: 628.3249  L: 146.2791   -314.5233    535.2708  |L|: 637.838
C.M.: mass: 1900 pos: 2.218019   -2.39241    -0.9007119 vel: 0.1119518   -0.1867896    0.02733923
Tree step number: 2048
**** Wallclock time per step (local): [Min/Max]
 Total       PP_single   PP_cluster  PP_cross    Tree_NB     Tree_Force  Force_corr  Kick        FindCluster CreateGroup MPI_comm    Output      Status      Other      
   0.0026535  1.7546e-05   8.213e-05           0  0.00050206    0.001978  2.3425e-05   1.091e-05  3.6189e-05  2.6733e-05  1.4789e-06  4.7001e-06  3.9629e-09  3.7058e-06
   0.0026535  1.7582e-05  8.2172e-05           0  0.00049663   0.0019475  2.3486e-05  1.0944e-05  3.6231e-05  2.6779e-05  1.5108e-06  4.7003e-06  4.0117e-09  3.8181e-06
**** FDPS tree soft force time profile (local):
 Sample_ptcl Domain_deco Ex_ptcl     SetRootCell Make_LT     Make_LET    Make_GT     Make_Group  Make_I_list Calc_force  Write_back 
           0           0           0  7.4062e-05  0.00038917  3.2225e-05   0.0002824  3.5716e-06  8.5921e-05  0.00074716  6.2826e-05
**** Tree neighbor time profile (local):
 Sample_ptcl Domain_deco Ex_ptcl     SetRootCell Make_LT     Make_LET    Make_GT     Make_Group  Make_I_list Calc_force  Write_back 
           0           0           0  3.8121e-05   0.0001742  1.6247e-05  0.00012246  7.6304e-07  1.7253e-05  4.5056e-05  1.1291e-05
**** Number per step (global):
 PP_single   PP_cluster  PP_cross    Cluster     Cross       AR_step_sum
      985.87      14.125           0       6.876           0       59.09
 AR_tsyn_sum Stab_Ngroup Iso_Ngroup  Form_Ngroup End_Ngroup  Modf_Ngroup Merg_Ngroup H4_step_sum H4_no_NB    Ep-Ep_sum   Ep-Sp_sum  
      4.3311           3           0      1.0151   0.0043945           0           0      30.173        1.79  8.7584e+05       26058
**** Number of members in clusters (global):
N_members:            1           2           3
Count    :       985.87      6.5024     0.37354

Time: 47  N_real(loc): 1000  N_real(glb): 1000  N_all(loc): 1048  N_all(glb): 1048  N_remove(glb): 0  N_escape(glb): 0
Energy:     Error/Total         Error     Error_cum         Total       Kinetic     Potential        Modify  Modify_group Modify_single      Error_PP  Error_PP_cum
Physic:      0.01024616     -15.86708      951.7713     -1548.588      2834.117     -4382.706      625.6156             0             0   0.001173273      4.726285
Slowdown:    0.01406956      -15.9482      1488.399     -1133.526      2754.855      -3888.38      14405.33             0             0 -0.0003441921      542.6279
Angular Momentum:  |L|err: 110.4764  |L|err_cum: 738.8013  L: 216.2976   -303.6265    653.5121  |L|: 752.3641
C.M.: mass: 1900 pos: 2.259287   -2.44576    -0.8877601 vel: 0.08639263   -0.1056676    0.05606381
Tree step number: 2048
**** Wallclock time per step (local): [Min/Max]
 Total       PP_single   PP_cluster  PP_cross    Tree_NB     Tree_Force  Force_corr  Kick        FindCluster CreateGroup MPI_comm    Output      Status      Other      
   0.0023135  2.0896e-05  9.5269e-05           0  0.00041052    0.001718  3.2563e-05  9.8298e-06  3.5188e-05  2.6114e-05  1.3851e-06  3.1773e-06  3.8843e-09  4.3634e-06
   0.0023136  2.0932e-05  9.5314e-05           0  0.00040202   0.0016805  3.2618e-05  9.8633e-06  3.5231e-05  2.6135e-05  1.4171e-06  3.1776e-06  3.9038e-09  4.4757e-06
**** FDPS tree soft force time profile (local):
 Sample_ptcl Domain_deco Ex_ptcl     SetRootCell Make_LT     Make_LET    Make_GT     Make_Group  Make_I_list Calc_force  Write_back 
           0           0           0  4.0511e-05  0.00028485  2.9283e-05  0.00023655  3.2797e-06  6.5608e-05  0.00081334  7.6691e-05
**** Tree neighbor time profile (local):
 Sample_ptcl Domain_deco Ex_ptcl     SetRootCell Make_LT     Make_LET    Make_GT     Make_Group  Make_I_list Calc_force  Write_back 
           0           0           0  2.3103e-05  0.00012685  1.6922e-05  0.00010011   7.396e-07  1.3019e-05  6.1897e-05  1.7439e-05
**** Number per step (global):
 PP_single   PP_cluster  PP_cross    Cluster     Cross       AR_step_sum
      984.63      15.369           0      7.2778           0      65.904
 AR_tsyn_sum Stab_Ngroup Iso_Ngroup  Form_Ngroup End_Ngroup  Modf_Ngroup Merg_Ngroup H4_step_sum H4_no_NB    Ep-Ep_sum   Ep-Sp_sum  
      6.2476      3.3315           0     0.67871   0.0019531           0           0      42.406     0.77344  9.0455e+05       20906
**** Number of members in clusters (global):
N_members:            1           2           3           4
Count    :       984.63      6.5815      0.5791     0.11719

Time: 47.5  N_real(loc): 1000  N_real(glb): 1000  N_all(loc): 1048  N_all(glb): 1048  N_remove(glb): 0  N_escape(glb): 0
Energy:     Error/Total         Error     Error_cum         Total       Kinetic     Potential        Modify  Modify_group Modify_single      Error_PP  Error_PP_cum
Physic:     0.003522961     -5.458746      946.3126     -1549.476       2773.31     -4322.786      630.1863             0             0    0.05873981      4.785025
Slowdown:   0.004856657     -5.509361      1482.889     -1134.394      2645.994     -3780.388      14825.03             0             0     0.0416501      542.6696
Angular Momentum:  |L|err: 44.14582  |L|err_cum: 782.9471  L: 212.8595   -325.7035    693.941  |L|: 795.5791
C.M.: mass: 1900 pos: 2.335793   -2.486317    -0.873955 vel: 0.1678526   -0.07989821    0.02236741
Tree step number: 2048
**** Wallclock time per step (local): [Min/Max]
 Total       PP_single   PP_cluster  PP_cross    Tree_NB     Tree_Force  Force_corr  Kick        FindCluster CreateGroup MPI_comm    Output      Status      Other      
   0.0025723  2.8413e-05  9.1913e-05           0  0.00044419   0.0019055  4.2282e-05     3.1e-05  3.7211e-05  2.9216e-05  1.3924e-06  4.2746e-06  4.1143e-09  4.2906e-06
   0.0025724  2.8492e-05  9.1957e-05           0  0.00043846   0.0018616  4.2338e-05  3.1034e-05  3.7255e-05  2.9238e-05  1.4242e-06  4.2748e-06  4.1387e-09  4.3968e-06
**** FDPS tree soft force time profile (local):
 Sample_ptcl Domain_deco Ex_ptcl     SetRootCell Make_LT     Make_LET    Make_GT     Make_Group  Make_I_list Calc_force  Write_back 
           0           0           0  4.9476e-05  0.00029912   3.075e-05    0.000286  3.5956e-06  7.5735e-05  0.00088384  8.9357e-05
**** Tree neighbor time profile (local):
 Sample_ptcl Domain_deco Ex_ptcl     SetRootCell Make_LT     Make_LET    Make_GT     Make_Group  Make_I_list Calc_force  Write_back 
           0           0           0  2.3842e-05   0.0001293  1.9735e-05  0.00012552  6.1408e-07  1.2864e-05  6.4722e-05  1.1887e-05
**** Number per step (global):
 PP_single   PP_cluster  PP_cross    Cluster     Cross       AR_step_sum
      985.38      14.623           0      7.0181           0      66.998
 AR_tsyn_sum Stab_Ngroup Iso_Ngroup  Form_Ngroup End_Ngroup  Modf_Ngroup Merg_Ngroup H4_step_sum H4_no_NB    Ep-Ep_sum   Ep-Sp_sum  
      5.4561           4           0           0           0           0           0      39.878           0  9.2873e+05       17060
**** Number of members in clusters (global):
N_members:            1           2           3           4
Count    :       985.38      6.4946     0.45996    0.063477

Time: 48  N_real(loc): 1000  N_real(glb): 1000  N_all(loc): 1048  N_all(glb): 1048  N_remove(glb): 0  N_escape(glb): 0
Energy:     Error/Total         Error     Error_cum         Total       Kinetic     Potential        Modify  Modify_group Modify_single      Error_PP  Error_PP_cum
Physic:     -0.03183861      47.15887      993.4714     -1481.185       2882.74     -4363.925      651.3191             0             0  7.628229e-05      4.785101
Slowdown:   -0.04418658      47.10641      1529.996     -1066.079      2755.185     -3821.265      15261.32             0             0 -4.678077e-06      542.6696
Angular Momentum:  |L|err: -118.6154  |L|err_cum: 664.3317  L: 163.2156   -322.1723    569.929  |L|: 674.7247
C.M.: mass: 1900 pos: 2.431307   -2.536851    -0.869559 vel: 0.2265591   -0.106472    0.03199445
Tree step number: 2048
**** Wallclock time per step (local): [Min/Max]
 Total       PP_single   PP_cluster  PP_cross    Tree_NB     Tree_Force  Force_corr  Kick        FindCluster CreateGroup MPI_comm    Output      Status      Other      
    0.002003  1.5535e-05  6.0917e-05           0  0.00032768    0.001529  1.6642e-05  8.4953e-06  2.8485e-05  2.5384e-05   1.364e-06  3.6457e-06  5.0293e-09  2.7553e-06
   0.0020031   1.557e-05  6.0958e-05           0  0.00032498    0.001512  1.6694e-05  8.5284e-06  2.8525e-05  2.5412e-05  1.3959e-06  3.6461e-06   5.083e-09  2.8709e-06
**** FDPS tree soft force time profile (local):
 Sample_ptcl Domain_deco Ex_ptcl     SetRootCell Make_LT     Make_LET    Make_GT     Make_Group  Make_I_list Calc_force  Write_back 
           0           0           0  3.0456e-05  0.00023387  2.9954e-05  0.00021958  2.7951e-06  6.5583e-05  0.00074014  3.5378e-05
**** Tree neighbor time profile (local):
 Sample_ptcl Domain_deco Ex_ptcl     SetRootCell Make_LT     Make_LET    Make_GT     Make_Group  Make_I_list Calc_force  Write_back 
           0           0           0  1.1827e-05  9.4284e-05  1.7892e-05  8.6155e-05  5.9707e-07  1.3943e-05  4.7175e-05  5.8137e-06
**** Number per step (global):
 PP_single   PP_cluster  PP_cross    Cluster     Cross       AR_step_sum
         986      13.999           0      6.8291           0      54.087
 AR_tsyn_sum Stab_Ngroup Iso_Ngroup  Form_Ngroup End_Ngroup  Modf_Ngroup Merg_Ngroup H4_step_sum H4_no_NB    Ep-Ep_sum   Ep-Sp_sum  
     0.11914           4           0   0.0014648  0.00048828           0           0      34.113           0  9.3666e+05       14752
**** Number of members in clusters (global):
N_members:            1           2           3           4
Count    :          986      6.5562     0.20508    0.067871

Time: 48.5  N_real(loc): 1000  N_real(glb): 1000  N_all(loc): 1048  N_all(glb): 1048  N_remove(glb): 0  N_escape(glb): 0
Energy:     Error/Total         Error     Error_cum         Total       Kinetic     Potential        Modify  Modify_group Modify_single      Error_PP  Error_PP_cum
Physic:     -0.01010244      14.75069      1008.222     -1460.112      2634.053     -4094.165       657.641             0             0  0.0005701689      4.785671
Slowdown:   -0.01410699      14.74182      1544.738     -1045.001      2522.665     -3567.666      15682.77             0             0  8.517569e-06      542.6696
Angular Momentum:  |L|err: -19.5519  |L|err_cum: 644.7798  L: 154.5114   -313.0972    553.9814  |L|: 654.8275
C.M.: mass: 1900 pos: 2.547475   -2.594347    -0.8239452 vel: 0.2455907   -0.07756398    0.1162793
Tree step number: 2048
**** Wallclock time per step (local): [Min/Max]
 Total       PP_single   PP_cluster  PP_cross    Tree_NB     Tree_Force  Force_corr  Kick        FindCluster CreateGroup MPI_comm    Output      Status      Other      
   0.0017959  1.4691e-05  6.3268e-05           0  0.00029706   0.0013632  1.4736e-05  6.3884e-06  2.4085e-05  2.1579e-05  1.0085e-06  3.9991e-06  3.8403e-09  2.7982e-06
    0.001796  1.4727e-05  6.3318e-05           0   0.0002946   0.0013466  1.4801e-05  6.4215e-06  2.4125e-05    2.16e-05  1.0408e-06  3.9994e-06  3.8599e-09  2.9327e-06
**** FDPS tree soft force time profile (local):
 Sample_ptcl Domain_deco Ex_ptcl     SetRootCell Make_LT     Make_LET    Make_GT     Make_Group  Make_I_list Calc_force  Write_back 
           0           0           0  1.2136e-05  0.00020634   2.861e-05  0.00020586  2.7342e-06  5.8893e-05  0.00066706  3.4825e-05
**** Tree neighbor time profile (local):
 Sample_ptcl Domain_deco Ex_ptcl     SetRootCell Make_LT     Make_LET    Make_GT     Make_Group  Make_I_list Calc_force  Write_back 
           0           0           0  7.6688e-06    8.84e-05  1.5775e-05  8.4014e-05  6.0727e-07  1.3422e-05  3.6755e-05   5.356e-06
**** Number per step (global):
 PP_single   PP_cluster  PP_cross    Cluster     Cross       AR_step_sum
      985.98      14.019           0      6.5664           0      58.247
 AR_tsyn_sum Stab_Ngroup Iso_Ngroup  Form_Ngroup End_Ngroup  Modf_Ngroup Merg_Ngroup H4_step_sum H4_no_NB    Ep-Ep_sum   Ep-Sp_sum  
      1.6211           4           0   0.0024414  0.00048828           0           0       28.76     0.02002  9.4491e+05       13195
**** Number of members in clusters (global):
N_members:            1           2           3           4           5           6
Count    :       985.98       5.854     0.61914    0.050293   0.0058594    0.037109

Time: 49  N_real(loc): 1000  N_real(glb): 1000  N_all(loc): 1048  N_all(glb): 1048  N_remove(glb): 0  N_escape(glb): 0
Energy:     Error/Total         Error     Error_cum         Total       Kinetic     Potential        Modify  Modify_group Modify_single      Error_PP  Error_PP_cum
Physic:    -0.004166146      6.045423      1014.268     -1451.083      2686.571     -4137.654      660.6249             0             0 -1.078075e-06       4.78567
Slowdown:  -0.005832275      6.042062       1550.78      -1035.97      2575.153     -3611.123      16100.87             0             0 -1.078288e-06      542.6696
Angular Momentum:  |L|err: -16.18802  |L|err_cum: 628.5918  L: 145.4615   -307.2514    540.0916  |L|: 638.1704
C.M.: mass: 1900 pos: 2.651722   -2.656516    -0.768371 vel: 0.2098667   -0.1086332    0.06017627
Tree step number: 2048
**** Wallclock time per step (local): [Min/Max]
 Total       PP_single   PP_cluster  PP_cross    Tree_NB     Tree_Force  Force_corr  Kick        FindCluster CreateGroup MPI_comm    Output      Status      Other      
   0.0016651  1.4544e-05  5.4329e-05           0  0.00028611   0.0012534  1.4518e-05  6.5394e-06  2.1063e-05  2.0702e-05  1.0082e-06  3.9797e-06    5.21e-09  3.2455e-06
   0.0016651  1.4579e-05  5.4369e-05           0  0.00028349   0.0012395  1.4582e-05  6.5722e-06  2.1101e-05  2.0722e-05  1.0399e-06    3.98e-06  5.2295e-09  3.4411e-06
**** FDPS tree soft force time profile (local):
 Sample_ptcl Domain_deco Ex_ptcl     SetRootCell Make_LT     Make_LET    Make_GT     Make_Group  Make_I_list Calc_force  Write_back 
           0           0           0  1.0922e-05  0.00018945  2.4502e-05  0.00017839  2.5275e-06  5.0554e-05  0.00064547  2.9276e-05
**** Tree neighbor time profile (local):
 Sample_ptcl Domain_deco Ex_ptcl     SetRootCell Make_LT     Make_LET    Make_GT     Make_Group  Make_I_list Calc_force  Write_back 
           0           0           0  5.2645e-06  9.2591e-05  1.3122e-05  7.4381e-05  5.1583e-07  1.0531e-05  4.6223e-05  5.6662e-06
**** Number per step (global):
 PP_single   PP_cluster  PP_cross    Cluster     Cross       AR_step_sum
      985.71      14.293           0      6.9824           0      55.054
 AR_tsyn_sum Stab_Ngroup Iso_Ngroup  Form_Ngroup End_Ngroup  Modf_Ngroup Merg_Ngroup H4_step_sum H4_no_NB    Ep-Ep_sum   Ep-Sp_sum  
    0.012207           4           0   0.0024414  0.00048828           0           0      30.092   0.0029297  9.5591e+05       10858
**** Number of members in clusters (global):
N_members:            1           2           3           4
Count    :       985.71      6.7124     0.21191    0.058105

Time: 49.5  N_real(loc): 1000  N_real(glb): 1000  N_all(loc): 1048  N_all(glb): 1048  N_remove(glb): 0  N_escape(glb): 0
Energy:     Error/Total         Error     Error_cum         Total       Kinetic     Potential        Modify  Modify_group Modify_single      Error_PP  Error_PP_cum
Physic:    -0.002236451      3.235176      1017.503     -1446.567      2750.729     -4197.296       661.906             0             0 -4.738049e-05      4.785623
Slowdown:  -0.003085057       3.23335      1554.013     -1048.068      2640.465     -3688.533      16500.65             0             0  1.370216e-06      542.6696
Angular Momentum:  |L|err: -2.205993  |L|err_cum: 626.3858  L: 140.9146   -307.3059    538.2734  |L|: 635.6352
C.M.: mass: 1900 pos: 2.763846   -2.715631    -0.7483552 vel: 0.21793   -0.1208122    0.01527122
Tree step number: 2048
**** Wallclock time per step (local): [Min/Max]
 Total       PP_single   PP_cluster  PP_cross    Tree_NB     Tree_Force  Force_corr  Kick        FindCluster CreateGroup MPI_comm    Output      Status      Other      
   0.0014281  1.3975e-05  5.8917e-05           0  0.00025091   0.0010505  1.1943e-05  5.2087e-06  2.2256e-05  2.0363e-05  1.1023e-06  3.4833e-06  3.3462e-09  2.5804e-06
   0.0014281   1.401e-05  5.8958e-05           0  0.00024747   0.0010387  1.1993e-05  5.2414e-06  2.2295e-05  2.0383e-05    1.15e-06  3.4835e-06  3.3657e-09  2.6614e-06
**** FDPS tree soft force time profile (local):
 Sample_ptcl Domain_deco Ex_ptcl     SetRootCell Make_LT     Make_LET    Make_GT     Make_Group  Make_I_list Calc_force  Write_back 
           0           0           0  8.7397e-06  0.00018569  2.4042e-05   0.0001516  2.2915e-06  4.0705e-05  0.00054881  2.4915e-05
**** Tree neighbor time profile (local):
 Sample_ptcl Domain_deco Ex_ptcl     SetRootCell Make_LT     Make_LET    Make_GT     Make_Group  Make_I_list Calc_force  Write_back 
           0           0           0  4.0138e-06  8.0787e-05  1.2866e-05  6.6318e-05  4.6613e-07  1.0447e-05  4.9796e-05  7.2342e-06
**** Number per step (global):
 PP_single   PP_cluster  PP_cross    Cluster     Cross       AR_step_sum
      985.79       14.21           0      6.8042           0      57.648
 AR_tsyn_sum Stab_Ngroup Iso_Ngroup  Form_Ngroup End_Ngroup  Modf_Ngroup Merg_Ngroup H4_step_sum H4_no_NB    Ep-Ep_sum   Ep-Sp_sum  
      1.1743           4           0     0.01123    0.003418           0           0      31.365   0.0087891  9.6737e+05      8900.8
**** Number of members in clusters (global):
N_members:            1           2           3           4
Count    :       985.79      6.2217     0.56348    0.019043

Time: 50  N_real(loc): 1000  N_real(glb): 1000  N_all(loc): 1048  N_all(glb): 1048  N_remove(glb): 0  N_escape(glb): 0
Energy:     Error/Total         Error     Error_cum         Total       Kinetic     Potential        Modify  Modify_group Modify_single      Error_PP  Error_PP_cum
Physic:    -0.001767324      2.549868      1020.053     -1442.784      2676.669     -4119.454      663.1384             0             0  0.0002026125      4.785825
Slowdown:  -0.002473323      2.541759      1556.555     -1027.669      2565.202     -3592.871         16917             0             0 -9.517173e-07      542.6696
Angular Momentum:  |L|err: -47.28404  |L|err_cum: 579.1018  L: 127.4564   -305.4804    485.4425  |L|: 587.5524
C.M.: mass: 1900 pos: 2.876319   -2.79729    -0.740524 vel: 0.2136153   -0.1343966    0.003236089
Tree step number: 2048
**** Wallclock time per step (local): [Min/Max]
 Total       PP_single   PP_cluster  PP_cross    Tree_NB     Tree_Force  Force_corr  Kick        FindCluster CreateGroup MPI_comm    Output      Status      Other      
    0.001732  1.8695e-05  6.3704e-05           0  0.00029086   0.0012995  2.2931e-05  1.0818e-05  2.7332e-05  2.1679e-05  1.4599e-06  3.7706e-06  4.2266e-09  2.6502e-06
   0.0017321  1.8731e-05  6.3747e-05           0  0.00028754   0.0012693  2.2999e-05  1.0852e-05  2.7373e-05    2.17e-05  1.4923e-06  3.7708e-06  4.2412e-09   2.737e-06
**** FDPS tree soft force time profile (local):
 Sample_ptcl Domain_deco Ex_ptcl     SetRootCell Make_LT     Make_LET    Make_GT     Make_Group  Make_I_list Calc_force  Write_back 
           0           0           0  1.5956e-05  0.00023709  3.0068e-05   0.0001797  2.5501e-06  5.3835e-05    0.000651  6.1982e-05
**** Tree neighbor time profile (local):
 Sample_ptcl Domain_deco Ex_ptcl     SetRootCell Make_LT     Make_LET    Make_GT     Make_Group  Make_I_list Calc_force  Write_back 
           0           0           0  6.1427e-06  9.3288e-05   2.192e-05  8.2225e-05  5.8671e-07  1.2336e-05  4.9688e-05  6.9681e-06
**** Number per step (global):
 PP_single   PP_cluster  PP_cross    Cluster     Cross       AR_step_sum
       983.8      16.203           0      7.7676           0      55.538
 AR_tsyn_sum Stab_Ngroup Iso_Ngroup  Form_Ngroup End_Ngroup  Modf_Ngroup Merg_Ngroup H4_step_sum H4_no_NB    Ep-Ep_sum   Ep-Sp_sum  
     0.25293           4           0     0.01123   0.0029297           0           0      42.943    0.014648  9.6716e+05      8689.9
**** Number of members in clusters (global):
N_members:            1           2           3           4
Count    :        983.8      7.1431     0.58154    0.042969
MemoryPool::finalize() is completed!
******** FDPS has successfully finished. ********
Info: removed 4 empty tmp file(s) on exit.
