0 1000 0
1 -0.169834147825833 -0.0685318380902408 0.0615547284032766 0.750322909923685 0.218639287300008 0.933874982364303 0 0 1 0 0 0 0 0 0 0 0 0 0
1 0.296127751645304 -0.648021712806774 2.59203560561803 -0.810176628619744 0.146806242149482 -0.0781655871602188 0 0 2 0 0 0 0 0 0 0 0 0 0
1 -0.126981410833405 -0.16292197430357 0.479947164285678 -1.23788650373846 -1.21214708845231 1.4058498744551 0 0 3 0 0 0 0 0 0 0 0 0 0
1 -13.2376165059318 -1.92066020078008 3.54696278480929 -0.26586274684673 -0.453191749890523 0.155483879278607 0 0 4 0 0 0 0 0 0 0 0 0 0
1 -0.125124947694265 0.518981026720168 0.851494206517511 0.0242416104858584 1.26248464176145 1.21056675920013 0 0 5 0 0 0 0 0 0 0 0 0 0
1 -0.669043127819694 0.216355418909567 0.310900299196425 0.734514481625155 -1.2985213402606 -0.248818275074864 0 0 6 0 0 0 0 0 0 0 0 0 0
1 -0.2388981508542 -0.213622103825209 0.0891871460367677 0.790219263579418 -1.2200988998389 -0.574520741029765 0 0 7 0 0 0 0 0 0 0 0 0 0
1 0.618885401405649 0.294021373120362 -2.78655663261982 0.12499307152325 -0.557958868502117 0.360609006610022 0 0 8 0 0 0 0 0 0 0 0 0 0
1 -0.109033772944846 1.69803206722492 -1.91102867639169 -0.593361045477547 -0.0516439958057922 -0.327350853508342 0 0 9 0 0 0 0 0 0 0 0 0 0
1 -0.215383582665637 -0.125775196120661 0.413165736970332 1.19320622607371 -1.22119280307873 0.942008711191225 0 0 10 0 0 0 0 0 0 0 0 0 0
1 -0.951110311304119 0.244524105849235 -0.156719877255225 -0.422073330297389 -0.329019220496257 0.114002993247529 0 0 11 0 0 0 0 0 0 0 0 0 0
1 0.0664531568760281 0.254472852942943 1.10338644455065 0.435082850706676 0.482031005633403 -0.684294016873292 0 0 12 0 0 0 0 0 0 0 0 0 0
1 -0.0155049120516943 0.340175726803763 0.29759568575194 1.82674993891552 -1.04071755577769 0.439811520119237 0 0 13 0 0 0 0 0 0 0 0 0 0
1 0.188285584615428 0.176449382891455 -0.402516156531238 0.643387837613563 -0.374548125846836 0.123053219324338 0 0 14 0 0 0 0 0 0 0 0 0 0
1 0.599245773824798 -0.756626184367417 -0.0705568371486754 0.00445975023641434 0.0872310857737175 -0.961939008053958 0 0 15 0 0 0 0 0 0 0 0 0 0
1 -0.0895912033808274 1.10455520954961 -1.68668760817296 -0.363720403986699 0.794207704413801 -0.148154962549064 0 0 16 0 0 0 0 0 0 0 0 0 0
1 0.451297401983419 0.887841327650423 0.843754643689552 -0.913518464654076 0.511913029213236 0.867583172363056 0 0 17 0 0 0 0 0 0 0 0 0 0
1 0.764086880784582 0.202494919759476 -0.528335026087211 -0.105733230206242 -0.434836235669221 -0.172326682231838 0 0 18 0 0 0 0 0 0 0 0 0 0
1 -3.05889985843314 1.51504409389923 -0.843053064277537 -0.999004466195237 -0.288594732723142 -0.139568147084275 0 0 19 0 0 0 0 0 0 0 0 0 0
1 -0.690197597506028 0.682773534960834 0.251476290566328 -0.311243265350371 0.241478590635491 0.0644700272143998 0 0 20 0 0 0 0 0 0 0 0 0 0
1 0.37946279745636 0.059777018704204 -0.465507144964926 -0.475805524735718 1.29699882183223 0.375407083827407 0 0 21 0 0 0 0 0 0 0 0 0 0
1 -0.699051130836084 1.38355029568884 -0.016253177427835 0.527718701347868 0.386404543395923 0.405623181963948 0 0 22 0 0 0 0 0 0 0 0 0 0
1 0.551402454139737 -0.244022067634735 0.364992083461161 -0.424165134688941 0.414267404694536 -1.13007552583959 0 0 23 0 0 0 0 0 0 0 0 0 0
1 0.623122129750215 0.144261728290047 -0.429320804625788 0.635975635158764 -0.8787988183192 -0.487194829219164 0 0 24 0 0 0 0 0 0 0 0 0 0
1 0.337888708120953 -0.052102299993193 0.0972624496350867 -1.56665086140463 0.460036668011106 0.215787682925267 0 0 25 0 0 0 0 0 0 0 0 0 0
1 -1.91654161175608 -2.13557851638913 0.0813698005610223 -0.240540793434536 -0.444393915868335 -0.0413097579741303 0 0 26 0 0 0 0 0 0 0 0 0 0
1 -0.827629880531275 0.245752472435299 -0.220136797924792 0.211045240170457 1.37285987195547 -1.47538591236126 0 0 27 0 0 0 0 0 0 0 0 0 0
1 -0.241280753660255 0.176635365015801 -0.281197475377357 -0.282083243454617 0.775596049948931 -0.165705898770099 0 0 28 0 0 0 0 0 0 0 0 0 0
1 -1.43405606387532 -1.7519009700199 1.61298188858016 0.931355661875775 -0.656523541287405 0.174492498488347 0 0 29 0 0 0 0 0 0 0 0 0 0
1 -0.555786274505455 -0.115010810636906 -0.139587664418641 -0.821038404422515 -0.829473830909613 -0.0217944278267001 0 0 30 0 0 0 0 0 0 0 0 0 0
1 -0.163913511172456 1.16052264330419 0.6321662300546 -0.747602556668071 0.300628448331338 -0.209929997219653 0 0 31 0 0 0 0 0 0 0 0 0 0
1 1.44103212788777 4.77728019010481 -2.39796167173229 0.261546746282762 -0.0659120735352473 -0.283992743160934 0 0 32 0 0 0 0 0 0 0 0 0 0
1 -0.524281724193639 0.472169842096121 -0.241639878581358 0.00365549288935178 -0.0206928534511239 1.68993412409162 0 0 33 0 0 0 0 0 0 0 0 0 0
1 0.838524804365301 -2.404981841252 1.47103704799126 0.390197300534991 -0.0672879259716997 0.824240496471512 0 0 34 0 0 0 0 0 0 0 0 0 0
1 0.0007487715083872 -0.128747361087396 0.150882879596178 -1.51476007848919 -0.635662250405456 0.789845388686345 0 0 35 0 0 0 0 0 0 0 0 0 0
1 0.458577870459103 1.09040012774948 0.701461901497832 0.812714950551542 0.392852606363117 0.358781308676316 0 0 36 0 0 0 0 0 0 0 0 0 0
1 2.62263253328859 -1.93345831217324 0.285389252053072 0.445100373669168 0.819220685645605 -0.074612779118682 0 0 37 0 0 0 0 0 0 0 0 0 0
1 -2.47562284868722 2.39781241006491 -0.840485595090232 -0.494387675155106 0.0976537303537782 -0.143403500764363 0 0 38 0 0 0 0 0 0 0 0 0 0
1 -1.41305207498284 -0.119067206463864 -2.49196256752324 0.465238504024418 -0.426752494052858 -0.228797435005101 0 0 39 0 0 0 0 0 0 0 0 0 0
1 -0.637192808662819 -0.327490050599052 -0.126734525120539 0.453494472787459 0.591577832669685 1.71653189359326 0 0 40 0 0 0 0 0 0 0 0 0 0
1 0.714083396609525 -1.44922849398559 0.178951667507608 0.130829940764951 0.495718483042106 0.580370386337611 0 0 41 0 0 0 0 0 0 0 0 0 0
1 -0.764177659019519 1.23658316678103 -0.572372275733336 -0.156435811386449 0.0729844408818378 0.87598402857058 0 0 42 0 0 0 0 0 0 0 0 0 0
1 0.0482384445301947 -0.115277135473826 0.195822683884922 1.34754552459667 0.387213754095187 0.272632807430869 0 0 43 0 0 0 0 0 0 0 0 0 0
1 0.180435400928701 0.457194465108 0.290751438999094 -0.150165389398654 0.384522269035854 -0.756347184592054 0 0 44 0 0 0 0 0 0 0 0 0 0
1 -1.56502597556306 5.5478020421955 -0.652819852356617 -0.413096966925466 -0.0487208966910727 -0.167747134775339 0 0 45 0 0 0 0 0 0 0 0 0 0
1 0.544842829271346 0.282679290250642 -0.162390041090461 0.739790826251844 -1.27320910716114 -1.46471445802214 0 0 46 0 0 0 0 0 0 0 0 0 0
1 2.58650544895946 1.25955290072885 2.49835158306397 -0.948334594447631 -0.102679519372867 -0.0339614450056783 0 0 47 0 0 0 0 0 0 0 0 0 0
1 -0.236072555448398 -0.168431134183675 -0.537821914268985 0.783279478722084 1.23845179434771 -0.397955973932847 0 0 48 0 0 0 0 0 0 0 0 0 0
1 -2.43299566992697 -0.358030512801523 0.834541984313905 0.0268594441878478 -0.214236537428191 -0.669617401086756 0 0 49 0 0 0 0 0 0 0 0 0 0
1 -0.798990487913049 -0.0826285825993977 -0.806029464038659 1.15929897862184 0.256527564102028 -0.0892978755189044 0 0 50 0 0 0 0 0 0 0 0 0 0
1 0.0257742402901457 -0.21679532920971 0.294697143370141 0.265272564573298 -0.0241406585551658 -1.12557273964192 0 0 51 0 0 0 0 0 0 0 0 0 0
1 0.154471261079264 -0.231547847419832 0.213561246836226 0.581617229033178 0.305531102299912 1.23640283890804 0 0 52 0 0 0 0 0 0 0 0 0 0
1 0.322842864762751 0.0052652312254901 0.997319409636098 -1.15875660240646 1.0366452230152 0.0681237762537893 0 0 53 0 0 0 0 0 0 0 0 0 0
1 -0.733021469400299 0.273535307597855 -0.339523015929769 -0.818460959305461 -0.244603224514535 0.362291341197876 0 0 54 0 0 0 0 0 0 0 0 0 0
1 -0.0517524914144607 -0.166084714138893 0.407431160457889 0.196306938952897 1.98858943301063 -0.800996750280112 0 0 55 0 0 0 0 0 0 0 0 0 0
1 -1.60649050102473 -1.93928885603366 -0.0125815961995318 0.656292560467343 0.0996340905720715 -0.035900746045437 0 0 56 0 0 0 0 0 0 0 0 0 0
1 -0.847103832491213 -0.188373925675502 -0.897129888387269 -0.65578278849221 -1.14371124560825 0.488435683349622 0 0 57 0 0 0 0 0 0 0 0 0 0
1 -0.0157483609269683 0.678658329647316 0.0650251179939565 0.00248985621705926 -0.63235334942519 -0.77703146542413 0 0 58 0 0 0 0 0 0 0 0 0 0
1 -0.432726743435665 0.911014079525793 -2.71016310775035 -0.157974119272037 0.497735525038918 0.106397429118297 0 0 59 0 0 0 0 0 0 0 0 0 0
1 4.96391243870361 3.60296723068008 2.80048601384756 0.638685157702249 -0.335212928065689 0.419466883396382 0 0 60 0 0 0 0 0 0 0 0 0 0
1 0.549840664396119 -0.765621073451409 -0.602228235344031 0.892848056955506 -0.172428016035224 0.925386824503213 0 0 61 0 0 0 0 0 0 0 0 0 0
1 -0.0124967722316339 1.78457971797597 0.831347495360804 0.332612969450404 0.276269943583298 -0.0582527867623605 0 0 62 0 0 0 0 0 0 0 0 0 0
1 -0.198631995062104 -0.477977501880126 -0.431542889224029 0.0982075111548154 1.73886574785444 1.55999661686185 0 0 63 0 0 0 0 0 0 0 0 0 0
1 -0.870704648372466 -0.281153496323435 0.63938223102671 0.266115389886327 0.240704966664768 -0.385706050051258 0 0 64 0 0 0 0 0 0 0 0 0 0
1 0.153296622046056 -0.242714999050879 0.280437294415493 -0.947967964219018 0.716212698496167 -1.08254468124938 0 0 65 0 0 0 0 0 0 0 0 0 0
1 0.420828975590283 -0.122169660779494 -0.51168094158919 -0.567546746851518 0.482814872899299 -0.230445600623344 0 0 66 0 0 0 0 0 0 0 0 0 0
1 -0.781314926510229 -0.392668612280132 -0.0363639508864478 0.0136905689857516 -0.350971356936506 0.549980587855255 0 0 67 0 0 0 0 0 0 0 0 0 0
1 0.0509086594266527 0.206679469196718 -0.172481071826162 0.315179295182535 -0.446210252308507 -0.821028444785852 0 0 68 0 0 0 0 0 0 0 0 0 0
1 0.0064441200707152 -0.403102586227657 0.231014236463092 0.365169395856201 -0.833018524538691 0.968165636929114 0 0 69 0 0 0 0 0 0 0 0 0 0
1 0.368466781232832 1.07320173415549 -0.0751691363151282 -0.873207785701787 -0.311734339482078 -0.521162877317641 0 0 70 0 0 0 0 0 0 0 0 0 0
1 0.261383804071103 2.14390624876583 0.369010198854345 1.28205989757616 -0.657039707260619 0.288760809704602 0 0 71 0 0 0 0 0 0 0 0 0 0
1 -0.430996707408593 0.927653448787461 -0.835521740747697 0.477103134045475 -0.0867694910480089 0.389409204341092 0 0 72 0 0 0 0 0 0 0 0 0 0
1 -0.172994549049216 0.582053465149528 0.183240502058749 -1.03031189655502 0.511020048450399 -1.04782153725995 0 0 73 0 0 0 0 0 0 0 0 0 0
1 -1.31724926025097 -1.87703276324667 -0.997291309688568 -0.78365611080538 -0.254705676487689 -0.16587105464375 0 0 74 0 0 0 0 0 0 0 0 0 0
1 0.104249955566368 -1.12325991266762 0.214264494344766 -0.855168281379127 0.913015808260487 -1.27755188409664 0 0 75 0 0 0 0 0 0 0 0 0 0
1 0.108457155043256 0.0233283364763932 1.01923770982794 -0.397540313649995 0.364599625520381 0.548580298446147 0 0 76 0 0 0 0 0 0 0 0 0 0
1 -0.924326865011514 1.40400182219215 -0.940365787676045 -0.171646035186198 -0.423673706186607 0.449169744057203 0 0 77 0 0 0 0 0 0 0 0 0 0
1 -0.776266391002482 1.53144379134396 0.767754471670666 -1.54692967593376 -0.129123478142535 -0.218251989234473 0 0 78 0 0 0 0 0 0 0 0 0 0
1 0.839104278267285 -0.831740287462461 -0.292503856125979 -0.086889941866051 -0.966668278603439 -0.873468703270026 0 0 79 0 0 0 0 0 0 0 0 0 0
1 0.594577927066631 0.905549836906765 0.363475829994053 -1.01404341529574 0.874262825253957 -0.284024068272349 0 0 80 0 0 0 0 0 0 0 0 0 0
1 -0.243625190163029 1.04743132047691 0.203262249436405 0.664785313451769 -0.22911676861534 -0.807965581857694 0 0 81 0 0 0 0 0 0 0 0 0 0
1 1.32934933442751 -0.636845590488164 -0.272101054618301 -0.0551497471734737 1.61609568690619 0.42493790552609 0 0 82 0 0 0 0 0 0 0 0 0 0
1 -0.0813173360320102 -0.642362365756074 -0.201938314727558 -1.22307136621724 -0.249379758228192 0.397467931717647 0 0 83 0 0 0 0 0 0 0 0 0 0
1 -0.0165998856268143 -1.24346942947944 -0.762286556618754 -0.211637847359635 0.188566320693146 -0.844955344289273 0 0 84 0 0 0 0 0 0 0 0 0 0
1 0.646322196513857 0.0188053856078732 -0.114081619882978 -0.699232153943561 -0.391369118810813 -0.473233822246924 0 0 85 0 0 0 0 0 0 0 0 0 0
1 -0.0649900998287061 -0.574568849189233 0.0199881136934564 -0.373438681128841 1.06110287266224 0.0653244852945849 0 0 86 0 0 0 0 0 0 0 0 0 0
1 -1.13769906519677 0.0747819068032469 -0.930550296824545 -0.461996873294947 -0.353724517411513 1.5200158608118 0 0 87 0 0 0 0 0 0 0 0 0 0
1 -0.546489989483168 -0.842568616348398 -0.204644077511974 1.6532995107284 -0.648052111142607 -0.676863812698289 0 0 88 0 0 0 0 0 0 0 0 0 0
1 0.472099560183172 -0.454327585861308 -0.496837308832599 -0.318307685871136 -0.411426268945553 0.429745272054949 0 0 89 0 0 0 0 0 0 0 0 0 0
1 -1.30271055258122 -0.87904575168096 -0.286227250588389 0.00663800772729712 -1.13524002459914 -0.276596420290024 0 0 90 0 0 0 0 0 0 0 0 0 0
1 -0.322260366671714 0.106817996082748 0.013372160841614 -0.711055385100255 0.958202556410206 -1.15995977555597 0 0 91 0 0 0 0 0 0 0 0 0 0
1 1.40163844070237 -0.556127825510276 -0.353977869212301 -0.88499148919015 0.28981224307838 -0.49134276535152 0 0 92 0 0 0 0 0 0 0 0 0 0
1 0.323319279576136 -0.153894715609226 0.179181518186346 0.925661144756872 0.861801836218635 1.21599350718467 0 0 93 0 0 0 0 0 0 0 0 0 0
1 0.0249009435326856 -0.481350392588535 0.302308174462483 -1.16351355979907 -0.346570338311999 0.839339801022849 0 0 94 0 0 0 0 0 0 0 0 0 0
1 -0.399947823135594 -1.85422705582532 1.46962823193831 0.311517672643837 0.0946542221030511 -0.543160252892979 0 0 95 0 0 0 0 0 0 0 0 0 0
1 0.632185322457865 0.485333294080171 1.0196883362851 0.0366392603369794 0.717446395303807 -1.29941124025567 0 0 96 0 0 0 0 0 0 0 0 0 0
1 -0.0378205950891541 -0.251232746397468 0.0992886242324949 0.801414258830035 0.198317165879118 -0.451937279994599 0 0 97 0 0 0 0 0 0 0 0 0 0
1 0.0436981190137424 -0.0234025428799995 0.202175095773467 0.12875042295319 0.174971288097064 0.357231218043393 0 0 98 0 0 0 0 0 0 0 0 0 0
1 0.11451189322031 -0.550504333138546 -0.457445609578148 -0.307036400222947 -0.953650970283232 0.567755084190671 0 0 99 0 0 0 0 0 0 0 0 0 0
1 -0.62114617093713 -0.351486791906175 1.87446989741522 0.110845428944025 -0.102536504809312 -0.663384619755174 0 0 100 0 0 0 0 0 0 0 0 0 0
1 -0.244356374385099 -0.0523307319800033 -0.0341276382171295 -1.1191482725365 -0.239337203934684 0.446694427980777 0 0 101 0 0 0 0 0 0 0 0 0 0
1 -3.80045811942787 -9.65698259140461 7.92505348446988 -0.287317834040193 -0.202573635279538 -0.152705600429758 0 0 102 0 0 0 0 0 0 0 0 0 0
1 0.731288162364034 0.163105482454574 -0.888188165349114 0.603239880747929 0.103069901599195 -1.38484463482115 0 0 103 0 0 0 0 0 0 0 0 0 0
1 -0.481183348250083 0.216932257958023 -0.360190656460269 -0.283830936149734 -0.522556921307564 -0.135227775940843 0 0 104 0 0 0 0 0 0 0 0 0 0
1 -0.911595332354772 2.77586653642946 2.02214334752769 0.618807939022291 -0.174221035677647 0.607584015025519 0 0 105 0 0 0 0 0 0 0 0 0 0
1 0.662956264128054 1.6621776108471 -1.63901553008483 0.102635819249402 -0.187218928900986 0.12085064823969 0 0 106 0 0 0 0 0 0 0 0 0 0
1 0.310957485393726 1.0191733622073 1.04100919389635 -0.307491754165079 0.0883877110978682 -1.12569181657431 0 0 107 0 0 0 0 0 0 0 0 0 0
1 0.414429236672807 0.189999535243459 -0.0249058634570201 0.767569203531817 0.509277438689302 0.0689844556299295 0 0 108 0 0 0 0 0 0 0 0 0 0
1 0.452973277127081 0.0576707713990516 -0.0649970067765027 -1.13030068712796 -1.49573479931882 -0.497429072841925 0 0 109 0 0 0 0 0 0 0 0 0 0
1 -0.67416918833462 -0.683294320373469 -1.76091028445323 -0.620812308456027 0.820902733129328 0.0214463088405794 0 0 110 0 0 0 0 0 0 0 0 0 0
1 -0.316396063186629 -0.4280039670084 -0.968903845418366 0.648083580664197 -0.54551156383776 0.658814009193542 0 0 111 0 0 0 0 0 0 0 0 0 0
1 0.0173411708715977 2.84645145946631 -2.63680967542707 0.649578762481743 -0.584828508000115 -0.062139425279898 0 0 112 0 0 0 0 0 0 0 0 0 0
1 -1.24950312081593 -0.839540209847696 -0.723221826750889 -1.44904658957327 -0.889453464741808 0.650585399925234 0 0 113 0 0 0 0 0 0 0 0 0 0
1 -0.282783640322567 0.100545067649522 -0.0186245517097138 0.477545546189369 -0.320155487735119 1.0962339040049 0 0 114 0 0 0 0 0 0 0 0 0 0
1 -0.751747977080857 1.22344390311532 -0.506801239735289 1.14156848348983 -0.769171067847817 -1.09004145112329 0 0 115 0 0 0 0 0 0 0 0 0 0
1 1.41323673498383 1.86467077700053 -2.34858442025731 0.483184249714216 -0.308936001117482 0.52266299523934 0 0 116 0 0 0 0 0 0 0 0 0 0
1 0.147539415398306 0.158093653726635 -0.0306262525821016 -0.601691337923866 0.258151254348416 0.567991578754978 0 0 117 0 0 0 0 0 0 0 0 0 0
1 -0.192975511651234 -0.0369620026639056 0.152197286751167 -0.751706107540762 -0.328700344331812 -0.586803698366415 0 0 118 0 0 0 0 0 0 0 0 0 0
1 1.68714990801576 1.38661407777321 -1.55472683055577 0.517443622981753 -1.06620975986211 0.543341699032369 0 0 119 0 0 0 0 0 0 0 0 0 0
1 0.161446254018989 0.457955881553935 -0.0975510310146318 0.866651149404732 -0.0279227974840564 1.77725126129865 0 0 120 0 0 0 0 0 0 0 0 0 0
1 0.439724226907374 -0.239246404448967 0.844036609522752 0.897021558506934 1.45605138887493 0.444482361878389 0 0 121 0 0 0 0 0 0 0 0 0 0
1 -0.299963650361942 -0.0075822865671614 0.315114265251752 -1.16818982205477 -1.90589302574355 0.468205633887741 0 0 122 0 0 0 0 0 0 0 0 0 0
1 -0.182439967604845 0.25503776258546 0.0740714679034483 -1.33932743166255 -0.925196119806806 0.509442808418261 0 0 123 0 0 0 0 0 0 0 0 0 0
1 0.336483156648648 0.872130600472054 0.308326459589408 -1.91898589424524 -0.553300422600389 -0.239719191033722 0 0 124 0 0 0 0 0 0 0 0 0 0
1 0.272774844106872 0.941198576423056 -0.760117286863912 0.434942180761905 0.598584869898659 -1.093356168356 0 0 125 0 0 0 0 0 0 0 0 0 0
1 3.26155938630337 -1.21383795835431 1.80215208595859 0.329023384756684 0.231971381981987 0.0101208538447076 0 0 126 0 0 0 0 0 0 0 0 0 0
1 -0.0021494498289609 -0.873815015963102 -0.390359452655305 -1.08362831943315 0.522636476419135 1.47717385810115 0 0 127 0 0 0 0 0 0 0 0 0 0
1 -0.600560903500797 0.144141227402349 0.308800733836709 0.263221963437692 -0.157906371251001 1.69701065324351 0 0 128 0 0 0 0 0 0 0 0 0 0
1 1.88321646343589 -1.07180416655567 2.184398687771 -0.698204178691319 0.386632045585764 0.449039338164096 0 0 129 0 0 0 0 0 0 0 0 0 0
1 0.657119700419292 -1.07686444353304 1.06865854363896 -0.490654975002706 -0.0296871052855641 -0.535600720936663 0 0 130 0 0 0 0 0 0 0 0 0 0
1 -0.0944939879632047 0.216917016277333 -2.55745561299592 -0.184704826538162 0.123474212720969 0.440977639589051 0 0 131 0 0 0 0 0 0 0 0 0 0
1 0.642094948203174 -0.0803057066804631 0.287450110511961 0.0220821702262454 -0.310147323881568 2.17721043718841 0 0 132 0 0 0 0 0 0 0 0 0 0
1 -1.39035020491492 -0.582141843084884 -0.270467006487489 -1.04638707463849 0.280397740231447 -0.391273503752274 0 0 133 0 0 0 0 0 0 0 0 0 0
1 2.02196309779844 1.17274861121466 0.294579309679903 -0.573015872218608 0.505881763446865 -0.768033545035884 0 0 134 0 0 0 0 0 0 0 0 0 0
1 -0.119370793993286 0.370424315053259 0.190898761739653 -0.150181023058032 2.71583224507825 -1.00085286266398 0 0 135 0 0 0 0 0 0 0 0 0 0
1 0.071856761669204 0.786186573938911 0.419740326856045 -0.510451641900733 0.404214317697731 -0.440678999512478 0 0 136 0 0 0 0 0 0 0 0 0 0
1 -0.335596402122276 0.200161085564207 0.0531088302236708 1.22335790293727 0.0365553672893561 -0.467182916957548 0 0 137 0 0 0 0 0 0 0 0 0 0
1 0.0074217417798584 0.0494658180615281 -0.0543813968523305 -0.578934186580603 -0.188592942543367 2.35089142273978 0 0 138 0 0 0 0 0 0 0 0 0 0
1 0.126157459645146 0.404110272011669 -0.334895638834394 -0.466002395429758 0.550753195913747 -1.06190403390189 0 0 139 0 0 0 0 0 0 0 0 0 0
1 -0.261515557218049 -1.22178746890228 1.12160372697847 1.02335687400133 0.1680522574301 1.09740660822341 0 0 140 0 0 0 0 0 0 0 0 0 0
1 -0.276974374349904 -0.26340479856411 0.696968851384823 0.319547867071839 0.76564315552619 0.434210329580178 0 0 141 0 0 0 0 0 0 0 0 0 0
1 0.22036368567008 0.272702199298473 -0.0745207315899946 -0.270758564828219 -1.94806584583846 -0.983150829631665 0 0 142 0 0 0 0 0 0 0 0 0 0
1 0.623999693564385 0.240713898198955 0.306036574696296 -0.842447311095669 0.201412872829759 0.252188079105212 0 0 143 0 0 0 0 0 0 0 0 0 0
1 -1.57414186795031 -1.01278010140939 -0.503610848311564 0.630096615100134 -1.28277399350567 0.129034624877866 0 0 144 0 0 0 0 0 0 0 0 0 0
1 0.562638330549165 0.27015212982379 0.34840716348515 -1.54127343210094 0.163018398555144 0.311957062804635 0 0 145 0 0 0 0 0 0 0 0 0 0
1 -0.653283816309895 0.479570167396802 0.259574024768948 0.813760624828439 0.0718683653460195 -0.559654619043229 0 0 146 0 0 0 0 0 0 0 0 0 0
1 -0.911352733828729 -0.420407885095274 0.189225342898222 0.997654465916608 -1.19048452952623 1.73169205575328 0 0 147 0 0 0 0 0 0 0 0 0 0
1 0.233494776070922 -0.751354989916608 -0.368107068156008 0.162837619549509 0.131188642827029 -1.06709169616911 0 0 148 0 0 0 0 0 0 0 0 0 0
1 0.579411675404932 -0.0283116309363217 -0.134813471297092 -0.521273577589132 1.10675609200619 0.0274129676725457 0 0 149 0 0 0 0 0 0 0 0 0 0
1 -0.406830128980755 0.034885891233721 0.249655881404714 1.12639125511452 -0.811477997688917 -0.180170181612811 0 0 150 0 0 0 0 0 0 0 0 0 0
1 -7.3329731779206 -7.87110561024628 1.80038689648461 -0.251420176232533 0.370187213514709 0.139726019188659 0 0 151 0 0 0 0 0 0 0 0 0 0
1 -0.124782056711399 -0.0275068069240422 -0.130106253891949 2.08741551917818 -0.655599796277635 -1.09411811254968 0 0 152 0 0 0 0 0 0 0 0 0 0
1 -0.217694437454563 -0.0343538053126623 0.0598609859791873 0.821783341874703 -0.934488806334914 0.12266461764731 0 0 153 0 0 0 0 0 0 0 0 0 0
1 0.44641167868226 -0.72733030754678 0.0936433245089691 -0.828160250989455 0.960362275747101 0.932480131863389 0 0 154 0 0 0 0 0 0 0 0 0 0
1 -1.4509938765463 -0.675601517944489 1.54870462141478 0.41067801235009 -0.154240986741604 -0.498016516128351 0 0 155 0 0 0 0 0 0 0 0 0 0
1 -0.141752294327639 -0.27727603860804 0.397500759834814 -0.0261419730140667 -0.809640455889875 -0.795677181357682 0 0 156 0 0 0 0 0 0 0 0 0 0
1 -2.45190588925651 0.0214591104520026 -0.756582022981147 -0.421734049358634 0.357683245646819 -0.312479199665289 0 0 157 0 0 0 0 0 0 0 0 0 0
1 -0.546187474167864 1.35420273578634 1.51244229228111 0.351500327186594 -0.286157388978974 0.420564482100504 0 0 158 0 0 0 0 0 0 0 0 0 0
1 -1.67187798867654 1.04735624333203 -3.12456356552997 0.217700800542576 -0.211183016557456 0.233747042579087 0 0 159 0 0 0 0 0 0 0 0 0 0
1 -0.680170066186267 -0.156823238503546 1.18581248366356 -0.320591616231785 -0.933087935810686 -0.945279032320533 0 0 160 0 0 0 0 0 0 0 0 0 0
1 -0.978754659816914 0.121460772515334 -0.717724633079436 -1.32633566416849 -0.584052217041487 0.501587348357494 0 0 161 0 0 0 0 0 0 0 0 0 0
1 0.228220236196877 -1.27140662136525 0.603308952530889 -0.871390513162456 -0.585921105103652 -0.716229803711988 0 0 162 0 0 0 0 0 0 0 0 0 0
1 -0.604124692353873 0.399915846953256 -0.503094655430166 1.83144557215586 -0.377419471943863 0.156454248806173 0 0 163 0 0 0 0 0 0 0 0 0 0
1 1.21164856232302 -0.0473257971888551 0.285129237834749 0.394708018069023 0.421616954373056 0.201415751166542 0 0 164 0 0 0 0 0 0 0 0 0 0
1 0.800311559593405 -0.489904659634605 -1.54252394553683 -0.717734961075391 -0.779204175629353 0.965057611344778 0 0 165 0 0 0 0 0 0 0 0 0 0
1 0.213510787863076 -0.990081114208398 -0.443102619347016 -0.0070169720150034 0.513322271410512 -0.939448413871668 0 0 166 0 0 0 0 0 0 0 0 0 0
1 0.560903380061968 0.521590173962557 1.43272686988547 -0.600907239151865 0.55112173335323 0.778359341111498 0 0 167 0 0 0 0 0 0 0 0 0 0
1 0.0059303256269865 1.27840474634123 -0.893590106611655 -0.425285384014644 -1.22757300685446 -0.394999018080211 0 0 168 0 0 0 0 0 0 0 0 0 0
1 0.15510697168971 -0.0854284966455829 0.21649116255968 -0.98029328571428 -0.438633614010519 0.609916077006166 0 0 169 0 0 0 0 0 0 0 0 0 0
1 -0.337517964261446 -0.458270325202291 0.0576553359134526 -0.953918733645016 -0.917374492347835 1.54697723953907 0 0 170 0 0 0 0 0 0 0 0 0 0
1 -0.465293105156261 -0.427745823061248 0.0904739532373064 -0.438706067911907 1.32606729319152 0.269030194359415 0 0 171 0 0 0 0 0 0 0 0 0 0
1 -0.218877694201157 -0.0063698783878624 0.36383146988763 -0.218375318641337 -0.927750227962479 1.0539418356864 0 0 172 0 0 0 0 0 0 0 0 0 0
1 -0.301792232522715 -0.216016160034613 0.260810249649267 0.955716901842363 -0.367168867979093 0.170799903603907 0 0 173 0 0 0 0 0 0 0 0 0 0
1 -0.619614702898194 0.318945162794966 -0.117004184609907 0.76065709212963 -0.815198670049038 1.716675425402 0 0 174 0 0 0 0 0 0 0 0 0 0
1 1.88858632930211 -0.304515956759487 0.575503711601912 -1.06195684454884 -0.406373051729748 0.20234291009698 0 0 175 0 0 0 0 0 0 0 0 0 0
1 0.273747638876399 0.492607639206495 -0.0074292097402528 1.82637583880354 -0.0131868842511685 1.11957584526466 0 0 176 0 0 0 0 0 0 0 0 0 0
1 -0.479553226408794 1.30123619873644 -0.185707998313732 -0.26986732059492 -0.0683212412268867 -1.04977196390823 0 0 177 0 0 0 0 0 0 0 0 0 0
1 -0.0644373158240429 0.237054410205552 0.636159003174767 0.44349535755832 -0.661101923050535 -0.140959633024101 0 0 178 0 0 0 0 0 0 0 0 0 0
1 -0.373085875738621 1.39689381312449 -0.12507572259281 -1.18257215143958 -0.895424648658244 -1.18308307510919 0 0 179 0 0 0 0 0 0 0 0 0 0
1 6.30510988808182 3.87049520710206 -1.51464832702907 -0.109079038174037 0.0597192729525756 0.535026144512586 0 0 180 0 0 0 0 0 0 0 0 0 0
1 -1.02733025054818 0.329975680548422 -0.0420538216496504 -0.032418920815666 -1.00861307050264 -0.349114772445822 0 0 181 0 0 0 0 0 0 0 0 0 0
1 0.225015935861227 -0.24122569021319 -0.103917648633033 1.28908823489154 0.587152590706191 -1.20846642018366 0 0 182 0 0 0 0 0 0 0 0 0 0
1 -0.0823075044778231 -0.313660196213399 -0.618443658959943 -1.46216975869039 1.17763839797684 0.253358534083826 0 0 183 0 0 0 0 0 0 0 0 0 0
1 -0.0957121477841838 0.7422430217819 0.405077168840692 -0.691968857078935 -0.847618075856622 -0.0377292728265829 0 0 184 0 0 0 0 0 0 0 0 0 0
1 0.465893347077223 0.497716944967965 0.320672283691401 0.851768777755574 -1.61518101606656 -0.849988161550136 0 0 185 0 0 0 0 0 0 0 0 0 0
1 0.913438253704939 -3.65473172918892 2.6333365349145 0.114308534309697 -0.610547778784557 0.501753778009268 0 0 186 0 0 0 0 0 0 0 0 0 0
1 0.675126772257908 0.512016069387267 -0.410953112737705 -0.0544317920768959 -1.83486859781127 1.08769585203966 0 0 187 0 0 0 0 0 0 0 0 0 0
1 -0.497957003508873 0.543786567621395 -0.0060455082663368 -0.382660772677016 -1.05742236186479 -1.83862349622156 0 0 188 0 0 0 0 0 0 0 0 0 0
1 -0.815285142200003 -0.718258342352036 -0.253043099922384 -0.607878845081384 -0.0183927744897866 -0.0622548599886391 0 0 189 0 0 0 0 0 0 0 0 0 0
1 -0.382951350240549 -0.0564978159856881 0.203662495540141 -0.642708878068687 0.685575397699923 0.122715327229528 0 0 190 0 0 0 0 0 0 0 0 0 0
1 0.675278887759007 0.872940257107905 2.00700741057599 0.194600390592238 -0.463363004474692 0.0235594738517377 0 0 191 0 0 0 0 0 0 0 0 0 0
1 -3.49452404252065 -1.0319887824658 1.69325621669239 0.514312800244981 0.576199574651196 -0.124352562305811 0 0 192 0 0 0 0 0 0 0 0 0 0
1 0.120836523843807 -1.14672130648119 0.253215345576385 1.06985258597754 -0.664260439860949 0.234215281931287 0 0 193 0 0 0 0 0 0 0 0 0 0
1 -2.38871347453343 1.16897596113914 0.615615564425241 0.254685808393854 -0.799306835054917 0.398256181770806 0 0 194 0 0 0 0 0 0 0 0 0 0
1 0.448520037061002 -0.0321367294253811 -0.734228260099489 -0.842611927870921 1.0011176939358 -0.886321772385708 0 0 195 0 0 0 0 0 0 0 0 0 0
1 0.0347023582231599 0.221894090934714 0.188513460567709 -0.807245309373037 1.11603503008719 0.361896186251654 0 0 196 0 0 0 0 0 0 0 0 0 0
1 -0.668710785059856 -0.413050329147337 0.336066791607941 -0.63584073950839 1.33315904580344 -0.594207158893947 0 0 197 0 0 0 0 0 0 0 0 0 0
1 0.604460281582163 0.209200460478304 0.0437010871168434 -0.745860133287207 -0.191167175308824 0.278745879008165 0 0 198 0 0 0 0 0 0 0 0 0 0
1 -0.309937596374587 -0.0727644992860734 -0.168359030379101 0.65543346951603 -1.32346929807809 -1.3095779326694 0 0 199 0 0 0 0 0 0 0 0 0 0
1 -3.03354852168963 -0.860370718874007 2.33911208783159 0.195285375519663 -0.421726498173983 -0.363508058968542 0 0 200 0 0 0 0 0 0 0 0 0 0
1 -2.33248210871407 1.38122192579618 4.11121219546861 -0.358128815438691 -0.329338586149255 0.3172209898209 0 0 201 0 0 0 0 0 0 0 0 0 0
1 1.9289404728457 -0.682022396424934 0.492570891165237 0.640465694046328 -0.726463028713421 -0.668738137288231 0 0 202 0 0 0 0 0 0 0 0 0 0
1 -0.26303275279538 0.326759769227297 -0.0822458890916262 0.383382266535556 -1.30889054585046 0.342703014413467 0 0 203 0 0 0 0 0 0 0 0 0 0
1 -0.0657779318398003 -0.0265257728920225 -0.222910996986763 1.22716430561296 -0.969028074264428 0.0776960970256757 0 0 204 0 0 0 0 0 0 0 0 0 0
1 0.480174125171632 -1.18891874515791 -1.70565697050972 0.382141181803395 -0.339549093226036 -0.398228100900907 0 0 205 0 0 0 0 0 0 0 0 0 0
1 -1.43785198757517 0.0308873841040463 1.26364961319494 -1.06417483175865 -0.464695514237852 -0.571617482424275 0 0 206 0 0 0 0 0 0 0 0 0 0
1 0.35041091502868 -0.114443166297886 0.243683746918469 1.98548574201129 0.146564159861148 -0.949594719398609 0 0 207 0 0 0 0 0 0 0 0 0 0
1 -0.684051746064424 0.211060150678006 -0.689502581860085 0.884099092768153 0.982422933527194 0.334227648880689 0 0 208 0 0 0 0 0 0 0 0 0 0
1 0.177428854924475 -1.10962003459505 -0.213628329286166 -1.16784493431635 -0.713384350742895 0.224813565215698 0 0 209 0 0 0 0 0 0 0 0 0 0
1 -0.702636704798583 2.22533197422771 -0.242172771262016 -0.761175378868906 -0.284028943446833 0.156316781686219 0 0 210 0 0 0 0 0 0 0 0 0 0
1 -0.645117122973724 0.90420474906163 -0.159518354954989 0.443402816858076 0.92186919631341 -0.5174405423541 0 0 211 0 0 0 0 0 0 0 0 0 0
1 1.04540849019086 -0.443094340356319 1.00077832168273 -0.678145984338093 0.220608450336735 0.695438871903643 0 0 212 0 0 0 0 0 0 0 0 0 0
1 -0.357207136349786 1.01893099539569 -0.490430714173461 0.573488304143905 0.229539092247995 0.577497117316857 0 0 213 0 0 0 0 0 0 0 0 0 0
1 -0.885531735297233 0.255260499863975 0.232802729389639 0.19893395637423 0.642457730719689 -0.833736413063124 0 0 214 0 0 0 0 0 0 0 0 0 0
1 0.369152914455516 -0.0065259804709741 -0.660787486161932 -0.424607498982096 -0.959757430694959 -0.365630815856597 0 0 215 0 0 0 0 0 0 0 0 0 0
1 -1.31671927784952 -0.0544835652712818 0.840993111149092 0.019391030742077 -0.323330624903225 0.238976279945059 0 0 216 0 0 0 0 0 0 0 0 0 0
1 0.887193048030459 -0.485396531199783 -0.0990987334932144 -0.260301722776427 -0.143868741135919 -0.989943051761074 0 0 217 0 0 0 0 0 0 0 0 0 0
1 -0.123432991105388 -2.29556495679541 -0.319874668637652 0.177479670515423 -0.528370389676276 -0.934836186200323 0 0 218 0 0 0 0 0 0 0 0 0 0
1 1.20577840218817 2.06160277419731 0.340588929225305 -0.487969673186648 0.240317347457188 0.223525211282358 0 0 219 0 0 0 0 0 0 0 0 0 0
1 1.01365821445331 0.269652007389931 -0.207273906659071 -0.196801108635193 1.39814134359381 -0.613381923350479 0 0 220 0 0 0 0 0 0 0 0 0 0
1 -0.104793255544088 -0.324169711848457 0.184846536474843 0.1390515802132 -0.101833920307722 0.338893261827963 0 0 221 0 0 0 0 0 0 0 0 0 0
1 -0.0968508657025419 -0.559906601671933 -0.207878262162606 -0.204981078177079 0.60947671185223 -0.22983747923903 0 0 222 0 0 0 0 0 0 0 0 0 0
1 0.215199812399141 0.025025209673587 0.396027382353287 0.488418627097875 -0.376943478253628 0.724156205489297 0 0 223 0 0 0 0 0 0 0 0 0 0
1 -0.302646320327783 -0.364355466100336 -0.979567093697059 -1.25545564828744 0.0969892586260733 -0.582619331649272 0 0 224 0 0 0 0 0 0 0 0 0 0
1 -1.2006766300256 -0.0239118532171793 0.522096008438389 0.153687194732888 -0.117236893503385 0.432606440292668 0 0 225 0 0 0 0 0 0 0 0 0 0
1 1.00541198551201 0.135351320936281 0.146196880891592 -0.992306751938071 0.0439972108191466 0.659188780405604 0 0 226 0 0 0 0 0 0 0 0 0 0
1 -0.025615800099456 0.323161303311127 -0.0996388605408964 -0.660848961115474 -0.719686076678849 0.839045816535916 0 0 227 0 0 0 0 0 0 0 0 0 0
1 -0.454038016150356 -0.540493647443484 -0.391497349087008 -0.81866948125665 -1.23656277046778 0.500752700155131 0 0 228 0 0 0 0 0 0 0 0 0 0
1 -1.21498242066999 0.694163879984648 -0.577646820593164 -0.0183605723931327 0.193091256446152 0.0151808223829164 0 0 229 0 0 0 0 0 0 0 0 0 0
1 1.15531048966794 -0.525604454068885 -1.15124531076075 0.699963845097557 -0.147897734624502 0.265432079146237 0 0 230 0 0 0 0 0 0 0 0 0 0
1 -0.388994666832442 0.444080482503347 -0.14598336151054 -1.80785085623378 -0.336944221887839 0.252917726328882 0 0 231 0 0 0 0 0 0 0 0 0 0
1 0.518439008159422 0.980095476349828 -0.250041381728052 0.901406622000075 -0.0734946431849756 0.418930150759601 0 0 232 0 0 0 0 0 0 0 0 0 0
1 -0.271904754105496 -0.0884135998047631 -1.2138578967677 -0.430533332296669 0.0941765246487137 -0.403027578093255 0 0 233 0 0 0 0 0 0 0 0 0 0
1 -0.554625242300031 -0.488060249904555 0.0235073337350914 1.17545354106458 0.474811884262996 0.76627115301889 0 0 234 0 0 0 0 0 0 0 0 0 0
1 0.42751913034474 0.811830892319727 -0.188147083809522 0.0734407302867343 -0.112398880255543 -1.48664914445372 0 0 235 0 0 0 0 0 0 0 0 0 0
1 0.651978868679389 0.103404880884779 0.089726114059425 0.0187718382118248 -0.0445648350007575 -0.126949480306757 0 0 236 0 0 0 0 0 0 0 0 0 0
1 -0.991731200412617 0.0563824456458323 -0.04040207147983 0.739640538183098 1.32949909365546 1.21679512630632 0 0 237 0 0 0 0 0 0 0 0 0 0
1 0.900419123279682 0.12546544931014 -1.13528200000162 -1.08347602137007 0.0241710994711632 1.05568828350899 0 0 238 0 0 0 0 0 0 0 0 0 0
1 -0.48021496570749 -1.80865669075453 -2.39917699012728 -0.950460170581921 -0.291752817842154 0.0335654093709999 0 0 239 0 0 0 0 0 0 0 0 0 0
1 -1.49889493115472 2.90551065607221 -2.1433316863683 0.00814521193029059 -0.761196784323665 0.0238843024376699 0 0 240 0 0 0 0 0 0 0 0 0 0
1 -0.796630392218728 0.525509049590852 0.0517933875460682 0.263944224631815 -0.308097153501824 1.32421827037785 0 0 241 0 0 0 0 0 0 0 0 0 0
1 3.20619314861315 3.80212057612222 -0.810034618017297 0.0680288647302749 -0.22153828049424 -0.0923136372858416 0 0 242 0 0 0 0 0 0 0 0 0 0
1 -0.592039638770109 0.0155146643298406 0.0909330136195829 -0.763342012789174 -1.61067330909821 -0.151135189249085 0 0 243 0 0 0 0 0 0 0 0 0 0
1 -0.16027092816496 -0.97387582027239 0.422588091331582 0.141899724282017 1.5891485415089 0.445128895329093 0 0 244 0 0 0 0 0 0 0 0 0 0
1 0.0654860933800688 0.757603724908491 0.111900074505204 0.054808906399303 0.697784031460223 -0.324308560641404 0 0 245 0 0 0 0 0 0 0 0 0 0
1 0.0759198598921799 -0.0404095734801403 -0.02828632232711 0.382351884970027 -1.28297998748689 0.476514430076121 0 0 246 0 0 0 0 0 0 0 0 0 0
1 -0.117803999112009 0.103342345471117 0.257021012957355 0.640469752904295 0.186893185476357 0.766496286485628 0 0 247 0 0 0 0 0 0 0 0 0 0
1 0.357344619325004 0.991030759695831 0.256984009460553 -0.367934064996444 -0.687832599839818 -0.568254502290374 0 0 248 0 0 0 0 0 0 0 0 0 0
1 -0.577982295712106 0.0146738536596316 -0.548042153809916 0.0427507339419466 0.630616004025889 0.443660590186599 0 0 249 0 0 0 0 0 0 0 0 0 0
1 0.84637551936575 0.159250219455867 0.357445540479224 -0.138817511243791 0.527766932790777 0.826001976614447 0 0 250 0 0 0 0 0 0 0 0 0 0
1 -0.197798600058792 0.484005444756156 0.333343791611784 0.630807490504142 -1.04049565024664 0.205980322334206 0 0 251 0 0 0 0 0 0 0 0 0 0
1 0.4608658023534 0.926228778972716 -0.420326796385241 -0.138117515719635 0.434122220048414 -0.914888366045623 0 0 252 0 0 0 0 0 0 0 0 0 0
1 0.967410745464641 0.106621222944784 -0.668569328433244 0.18212577597246 -0.641090042853965 -1.4708242904053 0 0 253 0 0 0 0 0 0 0 0 0 0
1 -0.160666019428736 0.0410807283460485 1.32937262594248 0.563475951030219 0.182738608862344 1.96059929548202 0 0 254 0 0 0 0 0 0 0 0 0 0
1 0.66440515726411 -2.60339515120268 0.521694784092094 0.16511983503079 -0.116398568604847 -0.288305920193323 0 0 255 0 0 0 0 0 0 0 0 0 0
1 -0.0393073123309456 -0.168875101274452 -0.801044084346182 -0.209488139272757 0.412833072660534 0.366011503809328 0 0 256 0 0 0 0 0 0 0 0 0 0
1 0.0243701676750249 0.277663924926943 0.0381990210685788 0.706780652979303 1.30358730589014 -0.437198234633218 0 0 257 0 0 0 0 0 0 0 0 0 0
1 -0.573724863604153 0.601409050531257 0.302486683689389 -0.266243827896607 1.71308802075272 0.327887314040294 0 0 258 0 0 0 0 0 0 0 0 0 0
1 -0.92940960396187 -0.110899224900903 0.418738253718497 -0.196945222873828 -1.03201562041231 -1.3954202847774 0 0 259 0 0 0 0 0 0 0 0 0 0
1 -0.804254605299836 -0.155025201615983 0.0162458843201625 1.18835694028073 0.250115613092866 -0.261873799196852 0 0 260 0 0 0 0 0 0 0 0 0 0
1 -0.284265808677903 -0.139405917723184 -0.0699667947282232 0.201271026530213 0.291417988754165 0.980664341318878 0 0 261 0 0 0 0 0 0 0 0 0 0
1 1.17176670934002 1.0428918270665 -0.706365397275474 0.0880190157175654 0.369692749826971 0.347462525526711 0 0 262 0 0 0 0 0 0 0 0 0 0
1 -0.0148156744779328 0.622658063137015 -0.215428216332528 0.405569269648721 0.558090146873912 -2.12465136432963 0 0 263 0 0 0 0 0 0 0 0 0 0
1 0.796934390562602 1.83281944957795 1.3493573789771 0.755437202417582 -0.180230866688371 -0.491831127536526 0 0 264 0 0 0 0 0 0 0 0 0 0
1 -0.442831363661163 -0.162902023044081 0.663955170704971 -1.3690326268422 -0.434190801046456 0.480863365432974 0 0 265 0 0 0 0 0 0 0 0 0 0
1 0.405579124007593 -0.144442602900221 -0.840111236861206 0.968085217551129 -1.00300311271447 0.271040807632944 0 0 266 0 0 0 0 0 0 0 0 0 0
1 -0.451955184752836 0.546657794428315 0.405737714936439 -0.269536464981688 0.457203637351116 0.245828238691181 0 0 267 0 0 0 0 0 0 0 0 0 0
1 -0.394014390692165 -0.761312597146277 0.393195855501043 0.212046146584446 0.600471908987652 0.241934869628098 0 0 268 0 0 0 0 0 0 0 0 0 0
1 -0.801432579269924 0.301112415850337 0.0520820458210731 0.0358851556570722 -0.491782009607004 0.836246133829944 0 0 269 0 0 0 0 0 0 0 0 0 0
1 -0.589119028442833 -0.272805431549637 -0.180065004881507 -0.465328461208756 -1.14776928697746 0.367229074884511 0 0 270 0 0 0 0 0 0 0 0 0 0
1 0.692891833435005 -0.8282333910923 -1.42762422144061 -0.723369464995714 -0.0368548759691222 0.323998481722423 0 0 271 0 0 0 0 0 0 0 0 0 0
1 -0.0145282023778397 -0.510976190233443 0.285124925904137 1.72272212663993 -1.41009946846125 0.0984941134953417 0 0 272 0 0 0 0 0 0 0 0 0 0
1 0.748978251856686 -1.43336400562006 -1.39778046039747 -0.0449318597755102 -0.414264062498255 -0.146978767388047 0 0 273 0 0 0 0 0 0 0 0 0 0
1 -0.109695907107048 -0.229132737349981 0.467080681939644 -1.16278357945032 0.337051165639356 0.127987849986031 0 0 274 0 0 0 0 0 0 0 0 0 0
1 -2.1316821575574 1.51188286639379 -2.06226600363505 0.0169777769148287 0.317315357974244 -0.481436200648783 0 0 275 0 0 0 0 0 0 0 0 0 0
1 0.768835838839262 -0.629515535867839 -0.0543223372458874 0.612062319262372 0.181838639239477 -1.66154731335348 0 0 276 0 0 0 0 0 0 0 0 0 0
1 0.219364188909255 0.450538780450129 -0.710893588894126 1.66401582640388 -0.798287533168962 0.446769898338175 0 0 277 0 0 0 0 0 0 0 0 0 0
1 -0.969242187651692 -0.464460023551271 -0.723113404891671 -1.34090563996424 -1.3045445506848 -0.188706368398218 0 0 278 0 0 0 0 0 0 0 0 0 0
1 -0.323931990732362 -0.715580318872904 0.255634398305487 0.735966269332808 -1.29293803273351 0.564345723067466 0 0 279 0 0 0 0 0 0 0 0 0 0
1 -0.37330405389965 0.006215963979844 0.0706833427830328 -1.05594956146056 -0.212005642053922 -1.52847545709996 0 0 280 0 0 0 0 0 0 0 0 0 0
1 1.0272861313525 0.496168505631772 -0.603049196244419 1.17972996126209 -0.494163802312452 -0.157081174422077 0 0 281 0 0 0 0 0 0 0 0 0 0
1 1.45772002037709 0.0170614517641874 -3.47307909122706 0.0169725776769759 -0.777378063611835 0.196069148865003 0 0 282 0 0 0 0 0 0 0 0 0 0
1 0.231217540045832 -0.891894262429801 -0.322990231378339 1.65044029108528 1.17808990816318 0.36400230128726 0 0 283 0 0 0 0 0 0 0 0 0 0
1 0.285364169502737 0.465650592765441 0.232679308078819 -0.704764533553247 -0.037305678860404 0.602066775869118 0 0 284 0 0 0 0 0 0 0 0 0 0
1 -0.316903131304614 1.29525207702199 -0.529803642018314 0.763359075050466 -1.11091491324369 0.277556591134027 0 0 285 0 0 0 0 0 0 0 0 0 0
1 -0.0623364916884229 0.80502572089874 -0.109704587684767 0.450362909774855 -0.679955534273127 -0.55177181917801 0 0 286 0 0 0 0 0 0 0 0 0 0
1 1.91693460175054 -1.40342477026886 1.4124871363233 -0.495470036674544 0.57214645822477 -0.623162227825949 0 0 287 0 0 0 0 0 0 0 0 0 0
1 0.291091913551857 -0.0727805671813263 0.689379363223614 0.43565457014368 0.00217227243673085 -0.255490373203753 0 0 288 0 0 0 0 0 0 0 0 0 0
1 -1.04659797024518 -0.223890731983409 2.2438597970935 -0.0142906142892958 0.963688575132032 0.281206852707515 0 0 289 0 0 0 0 0 0 0 0 0 0
1 2.28772039954765 -1.62196689433964 0.892769428259964 0.163914944276213 -0.0229536206308125 0.279464318510592 0 0 290 0 0 0 0 0 0 0 0 0 0
1 -0.302224149659419 0.470977062974516 0.0436784679958257 -2.44105449340037 0.397601112662037 -1.18143693023922 0 0 291 0 0 0 0 0 0 0 0 0 0
1 -0.169446575753711 0.0071273643314784 0.0389441445742376 -0.804081200510728 -0.567338619988404 -0.850808385821144 0 0 292 0 0 0 0 0 0 0 0 0 0
1 -0.463755965009587 0.111905113480509 0.104799361388562 0.0602809381118853 0.402155424696977 -1.7986671543382 0 0 293 0 0 0 0 0 0 0 0 0 0
1 -0.134501065456039 0.0386571054136852 0.316450250346953 -0.904699523607739 0.326324119101405 -0.293417339255782 0 0 294 0 0 0 0 0 0 0 0 0 0
1 0.447745542262574 -0.1081443968675 2.31490663465094 0.0719822616837098 0.739698032654487 0.220954045965108 0 0 295 0 0 0 0 0 0 0 0 0 0
1 -0.740322345324497 0.742194648347348 -0.52163638428792 0.57335697831317 1.33414967987505 0.312386936122701 0 0 296 0 0 0 0 0 0 0 0 0 0
1 -0.725641723859276 0.838477532916643 -0.0880341370100143 -0.827661760085542 -0.00435846793638677 0.793419012829278 0 0 297 0 0 0 0 0 0 0 0 0 0
1 0.172173540194173 -0.408110288111035 -0.323560111065097 -0.699037271396457 1.48587877748147 0.284525819140262 0 0 298 0 0 0 0 0 0 0 0 0 0
1 0.0734068742275933 -0.977216927075789 0.252417513401103 0.474703879700038 0.436752598681872 -0.0417642197671812 0 0 299 0 0 0 0 0 0 0 0 0 0
1 -2.59515364197747 1.64171449822376 -0.93570815099456 -0.2840225706379 -0.0715305662150348 -0.316976629834567 0 0 300 0 0 0 0 0 0 0 0 0 0
1 -2.29945515440975 0.116356079862837 -2.67542637001897 0.336584932946019 -0.440022153079068 -0.599708963037287 0 0 301 0 0 0 0 0 0 0 0 0 0
1 -0.813104361609141 0.245715530416467 -0.578416757748002 0.594844387458388 -0.81960716440327 -0.717848716116602 0 0 302 0 0 0 0 0 0 0 0 0 0
1 0.111966964828311 0.675567553524429 0.596226692957111 0.695501834547436 0.185694341279422 0.895275214047356 0 0 303 0 0 0 0 0 0 0 0 0 0
1 0.377823836233285 0.0784053694067998 -0.427084306909919 0.0895870287912269 -0.332598491823504 0.574025647649287 0 0 304 0 0 0 0 0 0 0 0 0 0
1 0.466530397783533 2.09648611167399 1.43068923167747 0.331500804926391 0.417967383575641 -0.381558401304132 0 0 305 0 0 0 0 0 0 0 0 0 0
1 1.02644380356379 -0.967072127568049 -0.181661581021435 0.439082269150492 0.251731161202144 0.553869195354567 0 0 306 0 0 0 0 0 0 0 0 0 0
1 1.16738628589639 0.192619373348553 -1.6723938516032 0.895833993373829 0.622159413857833 0.526739888945239 0 0 307 0 0 0 0 0 0 0 0 0 0
1 -0.454085933120359 0.18964674260036 -0.128739109674782 1.7784535859916 -1.05905674355557 -1.37161904255848 0 0 308 0 0 0 0 0 0 0 0 0 0
1 -0.904216498587211 0.878156363137607 0.885190284109006 -0.518481411477479 0.388430152795649 -1.48839261244952 0 0 309 0 0 0 0 0 0 0 0 0 0
1 -0.282379811001193 0.0207778937947409 -0.0581526987510199 -0.672769592645489 -0.967009584831255 0.0263409706386154 0 0 310 0 0 0 0 0 0 0 0 0 0
1 -0.101115196909291 -0.882373265266518 0.112927512004047 -0.332840128957112 0.855177606178331 -1.12223919297362 0 0 311 0 0 0 0 0 0 0 0 0 0
1 -0.186482528193218 1.89203714702865 0.458659831404962 0.083581714581467 0.515532826933413 -0.872193200622828 0 0 312 0 0 0 0 0 0 0 0 0 0
1 -0.491981068675086 -0.791282478562822 0.997188400688334 0.133804838768408 -1.31064896594085 -1.27179035913332 0 0 313 0 0 0 0 0 0 0 0 0 0
1 0.203571952699888 0.200570913715628 0.386709301937292 0.380327438827024 -0.540272249795616 1.27560830464218 0 0 314 0 0 0 0 0 0 0 0 0 0
1 0.608695212960139 -0.0096243721918742 -0.206874514874327 -0.293810450859372 0.325025609937045 0.846273069443907 0 0 315 0 0 0 0 0 0 0 0 0 0
1 1.61971527446772 -0.424333915820659 -0.0689899761497005 0.120152748107204 -1.00183390816244 1.0531926761169 0 0 316 0 0 0 0 0 0 0 0 0 0
1 -0.591094185381302 -0.377272891336475 1.14331683326287 -1.47531841234486 0.463277908478739 -0.285439484193523 0 0 317 0 0 0 0 0 0 0 0 0 0
1 0.699084502457639 -0.569367508329631 -0.79073457025896 0.554374111701514 -0.487176118145763 -0.500581538351269 0 0 318 0 0 0 0 0 0 0 0 0 0
1 -0.544735272996331 0.0606380701017571 -0.355153067803812 0.702193910814615 1.06584226853197 -0.621469229502293 0 0 319 0 0 0 0 0 0 0 0 0 0
1 0.95243988101218 0.343933671723401 -0.273306307580839 0.522583382131388 0.29502781018853 0.873759731517066 0 0 320 0 0 0 0 0 0 0 0 0 0
1 1.49883585087701 1.17685196352219 -0.484421016609317 -0.0203745532380065 -0.711814073710298 -0.106016333310157 0 0 321 0 0 0 0 0 0 0 0 0 0
1 -0.241453560177212 0.782252031656213 -0.474876724496894 0.230281191108135 -0.0496406659564852 -0.327081083422065 0 0 322 0 0 0 0 0 0 0 0 0 0
1 -3.50409412087765 -7.76589781446055 -8.70913740446422 0.375115968814464 0.547860423945839 -0.0811286534265185 0 0 323 0 0 0 0 0 0 0 0 0 0
1 -0.995296900874774 0.273249911841784 -0.654551060659487 -0.185723104773661 -1.50107171258436 -0.935030886495896 0 0 324 0 0 0 0 0 0 0 0 0 0
1 0.443643061394775 -1.69724564052659 0.302059326728413 0.808643161832938 0.788332199992914 0.268268839140068 0 0 325 0 0 0 0 0 0 0 0 0 0
1 -0.099599920026899 -0.389727243417356 0.390306743819779 -0.345108636339812 -1.17342078782623 1.36753957952259 0 0 326 0 0 0 0 0 0 0 0 0 0
1 1.07209880964509 -2.30500704585053 -1.40033010727332 0.220014590365076 -0.226224084369574 0.232849813528508 0 0 327 0 0 0 0 0 0 0 0 0 0
1 0.0004178599720531 0.505044591538214 0.539724441037326 -0.519506982544281 -0.969223377545594 -0.931956847376004 0 0 328 0 0 0 0 0 0 0 0 0 0
1 -0.215483285971848 -0.946170596016438 -0.977813905970641 0.661347868472707 -0.109910958648927 -1.10165050593198 0 0 329 0 0 0 0 0 0 0 0 0 0
1 -0.495776783119918 0.132630734908369 -0.0368885896710945 0.491282596889098 -0.159148919457605 0.430367268486746 0 0 330 0 0 0 0 0 0 0 0 0 0
1 -4.73928418710003 -1.24987700519246 -3.50645764876221 0.406985278399642 0.357828636045603 0.150885481528582 0 0 331 0 0 0 0 0 0 0 0 0 0
1 -0.723291017854561 -4.44288404887024 0.0562953176471713 -0.460042299277904 0.785649510247762 -0.257585164036097 0 0 332 0 0 0 0 0 0 0 0 0 0
1 -1.10659012082948 -1.00638269808783 0.269235713340948 0.116156758458282 -0.338316705994074 -0.503770905953327 0 0 333 0 0 0 0 0 0 0 0 0 0
1 0.210184495380108 -0.377988256065071 -1.2470353082005 0.655348123014162 -0.799132155150714 0.00103122334238478 0 0 334 0 0 0 0 0 0 0 0 0 0
1 -1.83840683162146 -3.83990045481224 3.071367607605 -0.156673201341732 0.240985414745263 -0.443020495228671 0 0 335 0 0 0 0 0 0 0 0 0 0
1 0.817423204374144 -1.13343540470133 0.333214078967455 -0.174018554695811 0.365354117356589 0.667252626523756 0 0 336 0 0 0 0 0 0 0 0 0 0
1 -0.352723360353196 0.224666245604158 0.300036461428008 -1.27131647209659 -1.32838956606145 -0.464587944673689 0 0 337 0 0 0 0 0 0 0 0 0 0
1 0.0124080983764058 0.0110347887670849 0.450332031161763 0.929240813677065 0.0770242622827073 0.00707168227706372 0 0 338 0 0 0 0 0 0 0 0 0 0
1 0.668092520231142 0.634740870984298 0.645666747642091 -0.00964534101121281 0.390466592764312 -0.57085129627676 0 0 339 0 0 0 0 0 0 0 0 0 0
1 -0.0801373338579676 0.0928811073864946 0.267857764486124 -0.969657436851447 0.1790375946379 0.568739228458582 0 0 340 0 0 0 0 0 0 0 0 0 0
1 -0.189656692994215 -0.0948463386125129 0.444009194433717 -0.909598058932762 -0.845100188604074 0.156227095445464 0 0 341 0 0 0 0 0 0 0 0 0 0
1 0.725551265612565 0.829182984249219 1.2866181248264 0.348460306238746 -0.858036419675413 0.0893365231603327 0 0 342 0 0 0 0 0 0 0 0 0 0
1 -0.140787832219436 0.0467901641263259 -0.090142932133048 0.18923131329913 -0.689623327770004 -0.0185944164073022 0 0 343 0 0 0 0 0 0 0 0 0 0
1 -0.212231901105673 0.631225320989376 0.0797005303085211 -0.370088654273886 0.656174956888892 -0.305536526485612 0 0 344 0 0 0 0 0 0 0 0 0 0
1 0.557472476085653 -0.819984380824143 -0.306012699381518 0.239708733058521 -0.443677313536008 -1.20045149272361 0 0 345 0 0 0 0 0 0 0 0 0 0
1 1.62449893793237 -1.11361370358552 0.208376318545513 0.633454141340832 -1.03309513850077 0.571452896137526 0 0 346 0 0 0 0 0 0 0 0 0 0
1 -0.112441740451378 0.963314284932486 1.18564382286437 0.0974985332734537 -1.11977863819074 0.335450422791032 0 0 347 0 0 0 0 0 0 0 0 0 0
1 -2.20680332511591 -1.38794544416033 -3.6951994360694 0.0557384103864324 -0.245799818540181 0.907134280678587 0 0 348 0 0 0 0 0 0 0 0 0 0
1 -0.0027771767963785 0.207279228953467 0.233511973011758 -0.170441847614464 -0.462856759623438 1.43673047388573 0 0 349 0 0 0 0 0 0 0 0 0 0
1 0.224725974459044 0.104765992762931 0.175137475417026 -1.06303539482954 0.0264812267918982 -2.45222828597489 0 0 350 0 0 0 0 0 0 0 0 0 0
1 -0.0620049899868935 0.0326620462107818 0.840958355766582 1.27992858458341 -1.66200144994906 0.41998491730257 0 0 351 0 0 0 0 0 0 0 0 0 0
1 -0.0538607179193607 1.23990869146128 -0.156373280116217 1.29401802949703 -0.508284639147008 0.749604300221709 0 0 352 0 0 0 0 0 0 0 0 0 0
1 -0.035632810510339 0.0518575888454229 0.812434359087898 0.382753138533006 -0.659397065388602 1.19899088714448 0 0 353 0 0 0 0 0 0 0 0 0 0
1 0.139613844881403 -0.312846186549881 0.316854302394981 0.543284468177198 -0.477156387126833 1.26049192816184 0 0 354 0 0 0 0 0 0 0 0 0 0
1 0.0288536422432986 0.292437330498428 0.192963399099906 -2.66638070465266 -1.07210225154671 0.398145199633318 0 0 355 0 0 0 0 0 0 0 0 0 0
1 0.325669628585387 -0.149703978595681 -0.252539445111518 -0.441521416482889 -2.06091152621692 1.17351662796656 0 0 356 0 0 0 0 0 0 0 0 0 0
1 -0.220502017396916 -0.452327763557641 -1.21166561990301 -0.407158983993683 0.773719108936476 -0.153951268737613 0 0 357 0 0 0 0 0 0 0 0 0 0
1 0.533048098079695 0.27168084010085 0.978306762680826 0.506793656192294 0.109039429323535 -1.80124504745906 0 0 358 0 0 0 0 0 0 0 0 0 0
1 0.606817427667952 -0.79340001031803 -0.0478438408345195 -1.53427912250401 -0.513344504277403 0.979913633200977 0 0 359 0 0 0 0 0 0 0 0 0 0
1 1.06084740726192 -0.128383255409224 0.557612533471397 0.267833453547916 -0.369159451856684 -0.873539766156887 0 0 360 0 0 0 0 0 0 0 0 0 0
1 0.890385394249908 0.127589419757028 0.676512013913338 -0.255390281534657 0.768536407958801 0.653736760635811 0 0 361 0 0 0 0 0 0 0 0 0 0
1 -0.104623158348394 0.203855408355211 0.0194784753155783 0.866756138554498 0.981391398846175 0.731915428856698 0 0 362 0 0 0 0 0 0 0 0 0 0
1 1.77080868688256 0.616023196926396 -0.913209005037347 -1.27508895330406 0.0932999735878507 -0.295903752167345 0 0 363 0 0 0 0 0 0 0 0 0 0
1 0.127081572335868 0.406423516058938 0.0995397680130874 -0.956827012371239 -1.01127011604716 -0.387185513755132 0 0 364 0 0 0 0 0 0 0 0 0 0
1 -0.086773370223531 -1.10638669751293 -0.748865409961342 0.334967624870687 0.941752003564746 -0.838263346583414 0 0 365 0 0 0 0 0 0 0 0 0 0
1 -3.35539927710331 -0.0838153360076793 -0.827104289564965 0.267814209712247 0.121325469444917 -0.0962736324974119 0 0 366 0 0 0 0 0 0 0 0 0 0
1 -3.433029873228 -2.12226803889627 0.201952689070092 -0.199807887875831 0.656859935098435 -0.0224312870419449 0 0 367 0 0 0 0 0 0 0 0 0 0
1 -0.884951209829575 -0.260049168657718 0.321421453073866 -2.1062128931316 -0.291226347323175 1.10336609341265 0 0 368 0 0 0 0 0 0 0 0 0 0
1 0.317966452123135 0.072454183567816 0.768490157827304 -0.599397235667187 0.618007898570818 0.79290716441899 0 0 369 0 0 0 0 0 0 0 0 0 0
1 0.0143920932037515 0.121591089632308 -0.727456812900603 -0.103914159964734 0.363815258155427 -1.62508287550493 0 0 370 0 0 0 0 0 0 0 0 0 0
1 0.25859533784467 0.383422749453043 -0.421973583715628 1.04719538653616 1.0537517814295 -0.160466378177472 0 0 371 0 0 0 0 0 0 0 0 0 0
1 -0.002507320521546 -1.41809303118611 0.764393310191863 -0.346713355934469 0.294944300064971 0.379992600687317 0 0 372 0 0 0 0 0 0 0 0 0 0
1 0.0785030110491219 0.504538481928958 0.638008375816132 -0.604207739341344 0.0864324204181197 -0.24922581855233 0 0 373 0 0 0 0 0 0 0 0 0 0
1 1.30025562112662 -0.505806869934076 0.992304223372446 -0.819524354988269 0.390003620228516 1.17817531624308 0 0 374 0 0 0 0 0 0 0 0 0 0
1 0.250364559644238 0.434465979532489 -0.165852723000345 -0.767654692663067 -0.564787540494746 -1.86382129667705 0 0 375 0 0 0 0 0 0 0 0 0 0
1 -0.555055566836618 -0.16097720384338 -0.270305154180502 -0.408318723110571 0.365655435406041 -0.246994714115734 0 0 376 0 0 0 0 0 0 0 0 0 0
1 0.442313427486244 -0.355670384027793 0.715454357352253 -0.350342419173694 0.806694785001723 -1.80642147837232 0 0 377 0 0 0 0 0 0 0 0 0 0
1 0.32488318452473 0.636433275037105 -0.125299471707272 0.730351132466781 0.735488870341478 -0.34453053472392 0 0 378 0 0 0 0 0 0 0 0 0 0
1 -1.9869184380329 0.0100005837461575 0.862947910503506 0.273217013928877 0.222067734653327 -0.487013776626342 0 0 379 0 0 0 0 0 0 0 0 0 0
1 -0.311345114099584 0.865003335651921 0.286955353610542 0.729089749536568 -0.756846303172776 -1.51999602941645 0 0 380 0 0 0 0 0 0 0 0 0 0
1 -0.0695906204212824 -0.0117173975790679 0.526860030008526 1.48196286895691 0.476201287884167 -0.538206149608553 0 0 381 0 0 0 0 0 0 0 0 0 0
1 0.87027873739537 0.462407013360456 -0.279928301050125 -0.187992553741749 -0.522178610791372 -0.526497050224858 0 0 382 0 0 0 0 0 0 0 0 0 0
1 0.0271389667950647 0.646015904831639 1.32120754587497 -0.315045951439892 -0.823683510757128 -0.575416416398829 0 0 383 0 0 0 0 0 0 0 0 0 0
1 -0.103616670864023 -0.322305356960501 0.378073006326113 -1.33877021466573 0.115898912806934 -0.0936524713879682 0 0 384 0 0 0 0 0 0 0 0 0 0
1 0.282395580191408 0.35153921933939 -0.0997915899296045 -0.672417796955869 0.951961483387236 -0.775322392385707 0 0 385 0 0 0 0 0 0 0 0 0 0
1 -0.148015929243975 -0.0887797906007463 0.108763033600197 -1.51442902362873 -1.5526897574987 -0.0306390788180561 0 0 386 0 0 0 0 0 0 0 0 0 0
1 0.590758897407943 0.184533541042192 2.49003414472119 0.287704151576744 0.209837144866143 -0.549630174276563 0 0 387 0 0 0 0 0 0 0 0 0 0
1 -1.05351851480873 0.301538336809488 -0.637134612390174 0.755653497222381 -0.142078444840835 0.534523768968976 0 0 388 0 0 0 0 0 0 0 0 0 0
1 0.384920230625311 0.459218833993193 2.37056322534472 0.0765047395044197 -0.716745664276968 -0.27521113909512 0 0 389 0 0 0 0 0 0 0 0 0 0
1 -3.8380080883342 -0.139938527708265 3.49861752174796 0.383458466667971 0.222564874650298 0.144274486853966 0 0 390 0 0 0 0 0 0 0 0 0 0
1 0.321903529310547 -0.414454839971331 0.0152239564438408 -0.0835383840364187 0.576378241973977 -0.583262460395355 0 0 391 0 0 0 0 0 0 0 0 0 0
1 0.466283171767392 -1.92470701758603 1.21620915765359 -0.555749593767669 0.231105921258964 -0.232181121636305 0 0 392 0 0 0 0 0 0 0 0 0 0
1 0.329074012757036 -1.3988896220741 -0.941045258734862 -1.3568507001347 0.118191052829295 0.0775123837325066 0 0 393 0 0 0 0 0 0 0 0 0 0
1 0.742423715165055 -0.819379274053142 0.521728515656538 0.978125682416476 0.530737968655895 1.09515669815775 0 0 394 0 0 0 0 0 0 0 0 0 0
1 -0.18876223118061 -0.949974867536566 -0.0764879465324055 0.795214456603195 0.228621188209294 -1.03489919909514 0 0 395 0 0 0 0 0 0 0 0 0 0
1 -0.482095897581659 4.6722334500621 5.25326146941742 -0.0869697594984926 -0.076536174067764 0.628091622663999 0 0 396 0 0 0 0 0 0 0 0 0 0
1 1.29769034902056 -0.0552316954814074 -0.741185396433128 -0.923965251071955 0.154304494759871 0.0839827370873538 0 0 397 0 0 0 0 0 0 0 0 0 0
1 0.531658544662194 -0.251840063773337 -0.173654894086157 -0.14127696472743 -0.511742850931138 -1.92876791355004 0 0 398 0 0 0 0 0 0 0 0 0 0
1 -0.614820011989966 -0.974075860516663 -0.140122732103537 -0.364899514176674 0.916804360402321 0.315999452351804 0 0 399 0 0 0 0 0 0 0 0 0 0
1 3.44547975550259 1.52682834646226 1.72228887566556 0.141744202998725 -0.632532893907793 -0.11949022186244 0 0 400 0 0 0 0 0 0 0 0 0 0
1 -0.296042633862162 -2.88416999912942 0.230418223414458 0.468268673740568 0.183019159061985 -1.19451857342722 0 0 401 0 0 0 0 0 0 0 0 0 0
1 -0.344034847273888 1.24792856771385 0.0691990372232778 -0.958450865974965 0.92219556811367 -0.830858893635947 0 0 402 0 0 0 0 0 0 0 0 0 0
1 -0.513856904917981 0.845712934858543 -0.523362512558095 0.698151905515041 0.669950494597218 -0.57619974317015 0 0 403 0 0 0 0 0 0 0 0 0 0
1 -0.181080149290803 0.656313675982979 -0.333622879716687 -1.14023271427183 -0.270176651368342 -1.71866367610924 0 0 404 0 0 0 0 0 0 0 0 0 0
1 0.482566129906175 0.127997364488369 -0.456719667396861 0.313539583137367 0.0417389859996735 0.200524523326014 0 0 405 0 0 0 0 0 0 0 0 0 0
1 1.59704929531649 0.0131393321150845 0.53770021599041 -0.304736515059169 -1.3133097878431 -0.233285576816664 0 0 406 0 0 0 0 0 0 0 0 0 0
1 0.230835752264113 1.76512231180685 -0.335187012521702 0.911472905915071 0.229876440759338 0.379811772067398 0 0 407 0 0 0 0 0 0 0 0 0 0
1 0.052492012734914 1.02295198710637 -0.926641462796148 -1.35363224625139 0.557453875459557 -1.41298391884147 0 0 408 0 0 0 0 0 0 0 0 0 0
1 -0.721552562331617 -0.697895203550545 0.471421255296108 0.369033160604126 0.309615283071048 -1.00327517532849 0 0 409 0 0 0 0 0 0 0 0 0 0
1 0.151702856157232 0.597577365271693 1.49078753709847 -0.233667917043505 0.91148495181995 0.439701521187296 0 0 410 0 0 0 0 0 0 0 0 0 0
1 -0.697481695146294 0.0700199722815672 0.524296308054538 0.145426987908028 0.318399339113213 0.697363934452481 0 0 411 0 0 0 0 0 0 0 0 0 0
1 -0.392338211731983 -0.257416171779021 1.01446678737541 0.296799743693998 -0.377034308867512 -0.322273084380871 0 0 412 0 0 0 0 0 0 0 0 0 0
1 -0.165408938604324 -0.125915859449311 -0.615173417152276 0.0944940643661594 -0.68505448020654 0.471641667735401 0 0 413 0 0 0 0 0 0 0 0 0 0
1 0.532636632405891 1.1877943861334 0.926511843623063 0.0217814979964527 -1.33747800822518 -0.284035157031706 0 0 414 0 0 0 0 0 0 0 0 0 0
1 0.480972031166361 0.221008952639109 -0.186645539400441 -0.395424044309467 -0.175360691958905 -0.459457953705638 0 0 415 0 0 0 0 0 0 0 0 0 0
1 -0.316621145605281 -0.158035366024166 0.452286255283254 -0.475173317790034 -0.514828638758261 -0.957383687445152 0 0 416 0 0 0 0 0 0 0 0 0 0
1 -0.768494473422647 5.96766525202447 5.01994289383087 0.0988578304161261 0.0163871391342056 0.0903842788168443 0 0 417 0 0 0 0 0 0 0 0 0 0
1 0.209797366291634 0.0753334939257306 -0.0824045420612742 -0.115707800279871 0.300105647338454 -1.84479645416355 0 0 418 0 0 0 0 0 0 0 0 0 0
1 -0.000577135270731 -0.659178193098914 0.383072365413829 0.327347046900529 -0.276615204185864 -0.673626115752821 0 0 419 0 0 0 0 0 0 0 0 0 0
1 -0.626945451768647 0.0221825381287867 0.110914226730385 -0.285904256089009 -1.12718250717317 0.733014865231885 0 0 420 0 0 0 0 0 0 0 0 0 0
1 0.947081735855432 -2.30318965434855 -3.57229886167009 -0.809274161034413 0.0561835985039613 -0.135029426292042 0 0 421 0 0 0 0 0 0 0 0 0 0
1 -0.265588248498738 -1.23142989143192 -0.0688269716036626 0.323873104843739 -0.838149539262831 -0.0118835908975191 0 0 422 0 0 0 0 0 0 0 0 0 0
1 -1.77241218540209 0.228345094566413 -0.0803491466479345 -0.633822384544841 0.675003796006911 -0.206318848265355 0 0 423 0 0 0 0 0 0 0 0 0 0
1 0.125989361287125 -0.191399306079789 0.293056310362006 0.943749192656956 1.03528217963005 -1.45549589988033 0 0 424 0 0 0 0 0 0 0 0 0 0
1 2.04861395847198 3.8356176845447 -3.05738265371489 -0.631802617908645 0.145860277429892 0.46146175032251 0 0 425 0 0 0 0 0 0 0 0 0 0
1 0.109241216126253 6.43198039366162 2.4537533919444 -0.414907400024671 0.373128668256046 0.410576503734692 0 0 426 0 0 0 0 0 0 0 0 0 0
1 0.353910461348956 0.476968866410783 0.0262298868018253 -0.260893677662961 0.215504828452932 0.411023364643468 0 0 427 0 0 0 0 0 0 0 0 0 0
1 -0.235969026104729 -0.0276604346756524 0.292535939081451 -1.47910788374474 0.136700710762868 0.239228564103751 0 0 428 0 0 0 0 0 0 0 0 0 0
1 1.43963924283033 -0.500727609721214 4.27875918553017 -0.0091036428582731 -0.851553236537068 -0.325078614504357 0 0 429 0 0 0 0 0 0 0 0 0 0
1 0.814707734172152 0.365238858779865 -0.142121386259555 -0.572596563401505 -1.20907309194346 -0.577400850475746 0 0 430 0 0 0 0 0 0 0 0 0 0
1 0.333183508559548 0.0752656607311508 1.24095839110016 0.81168125101028 -0.310426362669052 -0.224742034561215 0 0 431 0 0 0 0 0 0 0 0 0 0
1 0.0821917590247125 -0.459629714542781 0.311985002516044 -0.889743086796211 0.618899207170454 -1.64656237756403 0 0 432 0 0 0 0 0 0 0 0 0 0
1 1.00115598677326 0.340203944487734 -0.339395011340542 -0.294075779121963 0.674089370488 -1.12392378329393 0 0 433 0 0 0 0 0 0 0 0 0 0
1 0.315155386962126 0.440902922212403 -0.210363712872943 0.950120726296438 0.623737387167642 -0.52877361592413 0 0 434 0 0 0 0 0 0 0 0 0 0
1 0.436460146354335 0.229397911366709 -0.120622648234265 -0.740326576214378 -1.02064518256758 -0.417568337196179 0 0 435 0 0 0 0 0 0 0 0 0 0
1 -1.21766029413343 -1.24925869077675 -0.56264381760531 0.139616150083328 -1.00949650835259 -0.776384536350155 0 0 436 0 0 0 0 0 0 0 0 0 0
1 -0.0703133657106339 -0.709488211850113 -0.760793282026989 -0.842351974951966 0.5555842832128 1.54096048140084 0 0 437 0 0 0 0 0 0 0 0 0 0
1 0.404545127116185 0.369111288465281 0.620782606724324 -0.474283936347324 1.10540794792486 -0.0244263726033171 0 0 438 0 0 0 0 0 0 0 0 0 0
1 0.550720440044658 0.704877915469684 -0.481891671830383 -0.301930403983018 0.512521621817556 -1.64172882999938 0 0 439 0 0 0 0 0 0 0 0 0 0
1 10.3028045057375 0.899355158610713 0.765502418905625 -0.237638942354871 0.218867720624009 0.123305107558359 0 0 440 0 0 0 0 0 0 0 0 0 0
1 0.499772035654684 0.295472001054659 1.78799836623757 1.1671668585048 0.140674551256133 -0.445375092217454 0 0 441 0 0 0 0 0 0 0 0 0 0
1 -0.108347431668701 -0.122179290657993 -0.188438982395395 -0.767811580435764 1.47453179756829 -0.746076941154325 0 0 442 0 0 0 0 0 0 0 0 0 0
1 -0.459290671473468 1.90572597144441 -1.39156855508451 -0.998501456103476 0.142580238503683 -0.226756937346246 0 0 443 0 0 0 0 0 0 0 0 0 0
1 0.64573318959671 -0.370593298123592 -0.944258843767702 0.226044141244578 0.400787961877728 0.082115046050959 0 0 444 0 0 0 0 0 0 0 0 0 0
1 -0.361147474056524 0.562037998208138 -0.0544162469885781 -1.52050915819307 0.640296333501125 -0.442875331106388 0 0 445 0 0 0 0 0 0 0 0 0 0
1 -1.96011715333534 -1.54583802496261 0.646996628562082 0.196311702409022 0.160775057714306 -0.419945953869874 0 0 446 0 0 0 0 0 0 0 0 0 0
1 -0.67409733463651 -0.956321558885332 1.10516583454405 -0.895627402312581 -0.653277108460735 0.930253259952109 0 0 447 0 0 0 0 0 0 0 0 0 0
1 0.13970908701582 -0.356769325186178 0.0887825715427195 0.383769002040581 -0.620950728783321 0.710787436815494 0 0 448 0 0 0 0 0 0 0 0 0 0
1 -0.390758628422766 0.363488907873167 0.55485469198307 1.92750305431153 1.43898753917684 0.612369645280271 0 0 449 0 0 0 0 0 0 0 0 0 0
1 -1.19462932302969 0.171003917273114 3.18299518560994 0.607893455859661 0.091504425152858 0.944168033939496 0 0 450 0 0 0 0 0 0 0 0 0 0
1 1.25321889344945 0.0635320731947108 0.764707559344262 -0.0608750906804132 -1.27580878736835 -0.139942576972499 0 0 451 0 0 0 0 0 0 0 0 0 0
1 -0.283251517777923 -0.195449051502573 -0.229819007620602 0.0950836174804839 -0.039802480670511 -0.607978583948427 0 0 452 0 0 0 0 0 0 0 0 0 0
1 -0.752210231649831 0.511129575846611 0.689515575726679 1.18073468884032 -0.14112191134748 -1.37339354692219 0 0 453 0 0 0 0 0 0 0 0 0 0
1 0.188922705379906 -0.22715328036537 0.181528530689717 -0.126285860571817 -1.20023867760577 0.170324825497354 0 0 454 0 0 0 0 0 0 0 0 0 0
1 0.666137012420698 0.0335906025089256 0.529762769522606 1.57584121617886 -0.512968339207975 -0.37604970126343 0 0 455 0 0 0 0 0 0 0 0 0 0
1 0.518824300313664 -0.550857221303624 0.135457529585143 1.26126001624254 0.530067197477374 -1.11140564958407 0 0 456 0 0 0 0 0 0 0 0 0 0
1 -0.963872936372894 0.167936573046898 -0.0493989026857539 0.590872687465809 0.183284528384851 1.53218091307494 0 0 457 0 0 0 0 0 0 0 0 0 0
1 0.499721847625193 -1.41031110464307 -1.24732534159144 0.368818951819699 0.855056800971146 0.308800744893483 0 0 458 0 0 0 0 0 0 0 0 0 0
1 0.0805858998008408 0.464298576736237 0.505270694364789 0.550154931441087 0.385767165535869 -0.363080398907134 0 0 459 0 0 0 0 0 0 0 0 0 0
1 0.118677737279581 0.699541990139507 -1.54683772410793 0.360551847718749 0.68437740674846 0.826312163164798 0 0 460 0 0 0 0 0 0 0 0 0 0
1 -0.0469363076835184 0.0598776190057567 0.324410756363162 -1.49174160568029 -1.65069212833695 -0.873347990296058 0 0 461 0 0 0 0 0 0 0 0 0 0
1 0.263235758501622 -0.0140032168168464 -0.234561323210625 1.31861963871793 -0.759941478603344 -1.12209391914118 0 0 462 0 0 0 0 0 0 0 0 0 0
1 0.318423608349319 0.207659147506271 0.0676709905088322 1.57163209208653 0.388578964660683 -0.889425242232239 0 0 463 0 0 0 0 0 0 0 0 0 0
1 -1.07753778783675 -0.0377904852284837 -1.2341612644335 0.579390881531733 0.390811948442842 -1.31865334159879 0 0 464 0 0 0 0 0 0 0 0 0 0
1 0.280483805456515 -0.200775312962337 0.121138677259602 1.04280977644595 1.00748504195974 0.587214019247706 0 0 465 0 0 0 0 0 0 0 0 0 0
1 0.31145839193855 0.252131457746139 -0.44332433460217 -0.476511369347308 0.524096041806719 0.736849861665765 0 0 466 0 0 0 0 0 0 0 0 0 0
1 0.0848207353951426 0.756871283186268 0.0246453378465646 0.426720410699392 -0.319442485195317 -1.38228990143402 0 0 467 0 0 0 0 0 0 0 0 0 0
1 0.411255920551656 -0.417725962492884 -0.307134835567155 0.413416463716197 -0.863012558244954 1.02106386847725 0 0 468 0 0 0 0 0 0 0 0 0 0
1 3.65617716923289 5.96446189749337 1.19047438888822 0.251792244236936 -0.0485055320868347 0.384881541765543 0 0 469 0 0 0 0 0 0 0 0 0 0
1 0.312051870100373 -0.0285732097935576 0.441407126977253 -0.269446822430557 -0.529672522555599 0.117303875541148 0 0 470 0 0 0 0 0 0 0 0 0 0
1 -0.613745347860606 -1.34406609917559 0.765870307096875 -0.633671132647124 -0.715064658457884 -0.4652516929063 0 0 471 0 0 0 0 0 0 0 0 0 0
1 -0.417145134415907 -0.11271352713061 0.0250974291338114 1.0091617262567 -0.487291583189626 -0.444282753851296 0 0 472 0 0 0 0 0 0 0 0 0 0
1 -1.35907906072072 0.183942537668598 0.164514065908046 -0.427695928363365 0.646273740110491 -0.839198444846833 0 0 473 0 0 0 0 0 0 0 0 0 0
1 0.514945036279157 -0.167262889262821 2.11948449385417 -0.0733388665470582 1.43433632694475 -0.365390275099081 0 0 474 0 0 0 0 0 0 0 0 0 0
1 -0.29657248115677 -0.126866578932345 -0.275371720080398 -1.09220972371879 -0.159804339137816 -0.52976157181208 0 0 475 0 0 0 0 0 0 0 0 0 0
1 -0.145565474367164 0.155517427759918 -0.32427897007714 -0.237485166162659 0.639308675444631 -0.277884157628903 0 0 476 0 0 0 0 0 0 0 0 0 0
1 -0.367925327518392 0.0150805824361031 -0.477874493896858 -0.230845960884141 0.526398825533189 -0.294814228083241 0 0 477 0 0 0 0 0 0 0 0 0 0
1 -0.24323365341979 -0.189870577938577 0.559038280275442 -0.167931310343572 1.73867260638541 1.04145522878417 0 0 478 0 0 0 0 0 0 0 0 0 0
1 -0.661475783175694 0.184208920470885 1.23270315404055 0.647308869581864 0.874046169276869 -0.0597358986777784 0 0 479 0 0 0 0 0 0 0 0 0 0
1 -0.343711612984576 0.847252912955879 0.106002286708527 1.2861199825832 0.238590719233085 0.283942468309495 0 0 480 0 0 0 0 0 0 0 0 0 0
1 0.118559777933927 -0.280955168877246 -0.0047472848902844 0.963793499180573 2.1465651657562 0.529473568799405 0 0 481 0 0 0 0 0 0 0 0 0 0
1 -0.397393907967551 0.0678738204078837 -0.272940619061105 0.578256400454426 -0.560812626155904 0.943512736083414 0 0 482 0 0 0 0 0 0 0 0 0 0
1 -0.0231951574893434 -0.220508719598013 -0.184570962350274 2.28641931339025 0.258270931416023 1.03935496310945 0 0 483 0 0 0 0 0 0 0 0 0 0
1 0.0804505200825886 -0.243406588014406 0.297971613838963 -0.709736719585972 -0.274392370935115 -0.615083702888793 0 0 484 0 0 0 0 0 0 0 0 0 0
1 0.299590896523549 -0.167672949611022 -0.0615210022969116 -0.589551148087808 -0.200785352057778 0.262970910768805 0 0 485 0 0 0 0 0 0 0 0 0 0
1 1.98919917938474 -1.46584981221016 0.280428980175322 -0.391396322087817 -0.297251601423293 -0.224329075586883 0 0 486 0 0 0 0 0 0 0 0 0 0
1 0.885373550677912 -0.217165381578134 -0.813173965167362 0.222055724700485 1.32376964678551 -1.23426786559797 0 0 487 0 0 0 0 0 0 0 0 0 0
1 0.785177288523841 -0.0380872852922271 0.172913629216916 -1.33427195888763 0.0857162152379146 0.294501790445988 0 0 488 0 0 0 0 0 0 0 0 0 0
1 -1.2803151295511 -1.25360806383833 2.34365388328761 -0.484864913891607 0.371670678125236 -0.136430839267527 0 0 489 0 0 0 0 0 0 0 0 0 0
1 -0.590959303553332 -0.206443363455571 -0.0779449590115618 0.0442214462163846 -0.365855444247212 -1.12361068035156 0 0 490 0 0 0 0 0 0 0 0 0 0
1 -0.915014410734414 1.45817275027895 0.362942449267965 0.598316254131743 1.10984371494549 -0.0909991206036314 0 0 491 0 0 0 0 0 0 0 0 0 0
1 0.0257618718649826 -0.552176818971412 0.10750886366239 1.75505351149024 0.501835483409918 0.165561545365924 0 0 492 0 0 0 0 0 0 0 0 0 0
1 -0.322645904851104 0.577227176441093 -0.946452614274684 0.0653163534462889 0.177548856892128 -0.157517320403505 0 0 493 0 0 0 0 0 0 0 0 0 0
1 -0.824797841067794 -1.48186845237103 -0.100864977697167 -0.925323119257125 -0.246963747089855 -0.932449962886223 0 0 494 0 0 0 0 0 0 0 0 0 0
1 -0.254962267104106 0.22072508627848 -0.125687930951614 1.29251345573733 -0.194103754303777 1.09904738931021 0 0 495 0 0 0 0 0 0 0 0 0 0
1 1.09161221038769 0.311652255523912 0.0005326151163911 -0.0734610782019868 1.27099538946145 0.0696795494598814 0 0 496 0 0 0 0 0 0 0 0 0 0
1 0.438183615496157 -1.77049274799711 -4.33261836400366 -0.562881538012252 -0.195199922462634 0.114663530827964 0 0 497 0 0 0 0 0 0 0 0 0 0
1 -0.105740819249391 -0.0366108525719087 0.379231237407504 -0.425103119509089 0.519574841545519 0.140823578142319 0 0 498 0 0 0 0 0 0 0 0 0 0
1 -1.13100499302532 -2.34488876742375 0.990374679504118 0.359679102020661 0.395945737713007 0.609853211089789 0 0 499 0 0 0 0 0 0 0 0 0 0
1 -2.35876147640765 -1.44355883734466 -1.88962694631889 0.31674022403584 0.151216790191474 -0.801875200412386 0 0 500 0 0 0 0 0 0 0 0 0 0
1 2.31761177528545 -0.969662523192377 3.32634000111958 0.258993297600372 -0.371601413047153 -0.049721467509208 0 0 501 0 0 0 0 0 0 0 0 0 0
1 1.37396261600595 -1.33652011725911 0.328906669717908 -0.211276761519488 -0.146068843902142 0.226214550345559 0 0 502 0 0 0 0 0 0 0 0 0 0
1 -0.0639042056225285 1.74920230353674 -2.88808973680685 -0.778290396202468 -0.0815960876617178 -0.532377324898153 0 0 503 0 0 0 0 0 0 0 0 0 0
1 -0.395830956671929 1.67096109109934 -0.143095457697474 -0.518470461366729 -0.219323138816858 -1.29834254288507 0 0 504 0 0 0 0 0 0 0 0 0 0
1 0.855010124113691 -0.90408216880092 -0.126507874856633 0.423016123020898 -0.759186770258242 0.832623650430572 0 0 505 0 0 0 0 0 0 0 0 0 0
1 -0.800103616260861 -0.217441473061121 -2.19441019856139 -0.316244677365774 -0.685600448673053 0.636800589252913 0 0 506 0 0 0 0 0 0 0 0 0 0
1 2.4741328628821 -0.889429399607675 -0.80786872100138 0.333020118137057 0.948366037010356 0.302391640304282 0 0 507 0 0 0 0 0 0 0 0 0 0
1 0.579059676503939 0.338374702057458 0.119642089959657 -0.786236837952068 0.507173045892791 0.895079012431175 0 0 508 0 0 0 0 0 0 0 0 0 0
1 -0.164055652634754 -0.763257572803954 -1.0601288419506 0.10661066380639 0.249893835507666 0.649911532766395 0 0 509 0 0 0 0 0 0 0 0 0 0
1 -0.232938906476655 0.527431690202762 -0.0188070651221163 -0.692984800671796 -1.51299361509541 1.25220460038479 0 0 510 0 0 0 0 0 0 0 0 0 0
1 -0.272144465990548 -0.542246389779083 -0.255714515607984 -0.910155691431113 -1.28602280967642 2.36151400805057 0 0 511 0 0 0 0 0 0 0 0 0 0
1 -0.10009642495341 -0.525178988825508 0.0678550120992098 1.20614547937386 -0.072538278345535 -0.948950514298479 0 0 512 0 0 0 0 0 0 0 0 0 0
1 0.281303543011368 -0.0276020129202545 -0.169988057558268 0.868293491576269 0.275264057848102 -0.257536882908183 0 0 513 0 0 0 0 0 0 0 0 0 0
1 -0.773862705916597 -0.38830928408914 -0.377575604895065 -1.03083351503634 0.807848224061745 0.794369164164037 0 0 514 0 0 0 0 0 0 0 0 0 0
1 -0.576508656552331 -0.364394791218553 0.108713392500941 1.13980071619604 -0.0488128046136383 0.0304497998917993 0 0 515 0 0 0 0 0 0 0 0 0 0
1 -0.433660452118298 0.531593504969095 0.034107883484293 0.519437684937884 0.755863103735154 0.206296311988393 0 0 516 0 0 0 0 0 0 0 0 0 0
1 3.14020731875093 0.545223860645187 -1.48211577588371 -0.631358487901074 0.236736608121771 -0.221660405036748 0 0 517 0 0 0 0 0 0 0 0 0 0
1 0.859164881521961 -0.869606235906044 0.944512319656041 1.1962161619492 -0.632021464374078 -0.4372090132105 0 0 518 0 0 0 0 0 0 0 0 0 0
1 1.10225834654796 -0.572717897714837 0.556109381894671 -0.638487289434646 1.14610159509893 -0.273970943268654 0 0 519 0 0 0 0 0 0 0 0 0 0
1 0.578278864253195 0.521507988231309 0.252114941222206 0.476306356959537 -0.796596097942288 -0.762483927613899 0 0 520 0 0 0 0 0 0 0 0 0 0
1 -0.420639533516132 0.2267690348343 -0.0142782273574355 0.871074591984931 0.321613061761131 0.165761063837914 0 0 521 0 0 0 0 0 0 0 0 0 0
1 0.327614988511086 -0.661788978759819 0.20441795548785 0.963553314866765 0.259704830847253 -1.14439338995535 0 0 522 0 0 0 0 0 0 0 0 0 0
1 -0.0398909766376677 -0.0934708840798595 -0.0642154944611629 -0.259640501847932 1.200414514823 -1.18582689043913 0 0 523 0 0 0 0 0 0 0 0 0 0
1 -0.536218375154151 1.56118755224421 0.542875258494897 0.350326244983195 1.52631614375847 -0.150514634008433 0 0 524 0 0 0 0 0 0 0 0 0 0
1 -0.626736308357357 0.300029360593378 1.39565955243565 -0.20088599164093 -0.439234955616624 -0.882144883514851 0 0 525 0 0 0 0 0 0 0 0 0 0
1 -2.52596503686969 -2.31664265312578 -4.06000051311213 -0.0695301279823257 0.24914651585666 0.550765565118295 0 0 526 0 0 0 0 0 0 0 0 0 0
1 -0.0745421410422228 -0.31902642682007 -0.458419785559573 -0.700730129359637 -0.358814420821329 0.0220988860816952 0 0 527 0 0 0 0 0 0 0 0 0 0
1 -0.620322285681854 0.220104306951179 -0.222257243764064 -0.17998633675066 0.0712677041879383 -1.50457162591498 0 0 528 0 0 0 0 0 0 0 0 0 0
1 -0.0823638256088328 0.19177845066376 0.0141504193467526 0.578236193902514 -0.567493284037869 -0.0164977977192765 0 0 529 0 0 0 0 0 0 0 0 0 0
1 0.0656212246175211 0.459267775573693 -0.46150896792433 0.46591129637422 -0.901955628925021 1.37332923802587 0 0 530 0 0 0 0 0 0 0 0 0 0
1 -0.493328173549732 2.64603112257482 0.460011761211473 0.167893280174502 0.320962889930915 -0.211385068619394 0 0 531 0 0 0 0 0 0 0 0 0 0
1 0.753838048078076 0.455270183866857 0.220230299757569 0.878826083645515 0.931395478785159 -1.28881039272981 0 0 532 0 0 0 0 0 0 0 0 0 0
1 -0.828602639357298 0.384417759669852 -0.230715850743012 -0.118222306550381 0.173761510407248 -0.45084938249351 0 0 533 0 0 0 0 0 0 0 0 0 0
1 0.861136843988712 6.16500167773406 16.9832598355333 -0.288081025143595 -0.177512055555954 -0.285283672492014 0 0 534 0 0 0 0 0 0 0 0 0 0
1 -1.33347528809776 -0.211645964170114 -0.112319144260291 -0.829609013947941 -0.257922401670931 1.3299646750575 0 0 535 0 0 0 0 0 0 0 0 0 0
1 0.0329096287991216 0.0939340922002519 0.0720610040682521 0.596586077609584 1.01274551189494 0.0587323894211177 0 0 536 0 0 0 0 0 0 0 0 0 0
1 1.45775043732998 -1.92649399108366 -2.01796288538997 -0.0653665929455915 -0.0675688857394623 1.01956924954676 0 0 537 0 0 0 0 0 0 0 0 0 0
1 -0.409648520723038 -0.120252520217691 -0.0549528996853521 -0.700815387930678 -1.0661601847873 0.785568103480754 0 0 538 0 0 0 0 0 0 0 0 0 0
1 0.515736199623109 0.438537249110321 -0.069539601000011 1.40207446369777 0.69905000297861 -0.544465405545988 0 0 539 0 0 0 0 0 0 0 0 0 0
1 -1.01303536483457 0.0386858964681793 -0.589396058992631 0.0920184237940923 -0.859978363730294 0.883888758488397 0 0 540 0 0 0 0 0 0 0 0 0 0
1 0.0287341308732567 -0.14508294530719 0.131082293251967 -0.139865823178982 -0.486625380104109 0.77002700114064 0 0 541 0 0 0 0 0 0 0 0 0 0
1 0.845678360931017 -1.29777848158064 -1.85501933825083 -0.746148588751016 -0.22661863253221 -0.32280082259108 0 0 542 0 0 0 0 0 0 0 0 0 0
1 -0.271591743472874 -0.411745982094071 0.191121864411681 -0.156965286706841 0.778795813805942 0.96300792664741 0 0 543 0 0 0 0 0 0 0 0 0 0
1 0.72865650161581 0.396375573700821 -0.317957587369719 2.12263905871995 -0.792581050763845 -0.548318111634008 0 0 544 0 0 0 0 0 0 0 0 0 0
1 1.0163266125725 -1.04740300982017 -0.194623797506718 0.979621698029444 -0.437955325004808 0.275735127767258 0 0 545 0 0 0 0 0 0 0 0 0 0
1 -1.39822737662506 0.395285986780962 0.777631793089063 -0.122854635844534 -0.0268673847245073 -0.744136380877177 0 0 546 0 0 0 0 0 0 0 0 0 0
1 0.83344075261148 0.837447962936021 1.40030967404439 -0.22049870876357 0.530355616427479 -0.349396028385466 0 0 547 0 0 0 0 0 0 0 0 0 0
1 0.463305120456738 0.529650610884002 1.02228727206533 -1.37123422622872 -0.548272467649786 -0.500766369689253 0 0 548 0 0 0 0 0 0 0 0 0 0
1 0.262406985772443 -1.76699659132851 -0.324332726299636 -0.251474420032139 1.15936593942394 0.555990331701054 0 0 549 0 0 0 0 0 0 0 0 0 0
1 0.0263379501419042 -0.188267636961935 0.421560485131593 0.194606433095275 1.18608538350493 -0.337711265148091 0 0 550 0 0 0 0 0 0 0 0 0 0
1 -0.845204624699459 0.470655041482242 -0.722865124276817 0.388066220483842 -0.51720033119502 -1.28308904375919 0 0 551 0 0 0 0 0 0 0 0 0 0
1 0.0289985845692 1.04942311391255 -0.0922965287752244 1.06329026660158 -0.529285290057354 0.922592795788666 0 0 552 0 0 0 0 0 0 0 0 0 0
1 1.34495984695858 -0.721415035757827 -2.19480249180666 -0.0665195627688182 -0.378531385836096 -0.466911406195059 0 0 553 0 0 0 0 0 0 0 0 0 0
1 -0.0667242836128052 0.0939214616945537 0.044525636500552 2.62189674938445 -0.919041181871318 1.37877389585495 0 0 554 0 0 0 0 0 0 0 0 0 0
1 -0.891152562581995 0.199107947716447 0.42684719534825 -0.215177524151337 -0.800579045657387 0.299574602284027 0 0 555 0 0 0 0 0 0 0 0 0 0
1 0.316023823032695 -0.449175587341375 -1.39083055440924 -0.307943396305061 -0.296599730621575 0.459125328205567 0 0 556 0 0 0 0 0 0 0 0 0 0
1 -0.411755150199908 -0.124073891726384 0.227489300865612 -0.266845741116917 -0.394471119666408 -0.0614319056494288 0 0 557 0 0 0 0 0 0 0 0 0 0
1 -3.09472843865888 2.2774039515502 0.0364302189453916 -0.0545353975705776 0.597602516532762 -0.367401762091261 0 0 558 0 0 0 0 0 0 0 0 0 0
1 -0.671187376024819 -0.231585584100843 0.508914296047325 1.63688890659273 0.750787881900051 0.678392940264981 0 0 559 0 0 0 0 0 0 0 0 0 0
1 -0.303170332900135 0.187937340946736 0.0587976474498725 1.42661262720918 0.686710435493417 1.21869594476038 0 0 560 0 0 0 0 0 0 0 0 0 0
1 0.291672598560814 -0.0014845713037258 0.433817257439595 -0.964218879741355 1.6303102121287 0.152320768080869 0 0 561 0 0 0 0 0 0 0 0 0 0
1 0.271019720669799 -0.897054497480709 1.33257398014865 0.169287860860263 0.738291294869968 0.799739172246312 0 0 562 0 0 0 0 0 0 0 0 0 0
1 -0.0158972488271793 -0.677355044669127 -0.0802940858897528 -0.00017848819155004 0.0165620120517444 1.93945955042864 0 0 563 0 0 0 0 0 0 0 0 0 0
1 -0.649088301381014 0.551078644426223 0.146534862591285 -1.33845612737906 1.78113016508487 1.1196984149181 0 0 564 0 0 0 0 0 0 0 0 0 0
1 -0.325940674368274 -0.334674520617035 1.15807995151495 1.03629717948977 -0.538067979545137 1.15422798630266 0 0 565 0 0 0 0 0 0 0 0 0 0
1 0.150905558420913 0.0140992299547658 0.152112121307003 -0.440364482985702 -1.04281266510608 1.34270640630917 0 0 566 0 0 0 0 0 0 0 0 0 0
1 -0.127605858651583 -0.182333694200234 -1.21229220035135 0.817718790418327 0.16870750044385 1.02235128955503 0 0 567 0 0 0 0 0 0 0 0 0 0
1 1.4422620071181 -1.01749450829224 -0.411835283889801 0.909812610357619 0.387981548295523 -0.356118951176591 0 0 568 0 0 0 0 0 0 0 0 0 0
1 0.325719337143638 -0.278693746890288 0.511730769430376 -0.668554625970384 -1.10879875067305 1.15139487713412 0 0 569 0 0 0 0 0 0 0 0 0 0
1 -0.83330387676793 -0.11733916165276 0.219790770564988 0.247544163911991 -0.250741845360568 1.30862974494193 0 0 570 0 0 0 0 0 0 0 0 0 0
1 0.839810258115329 0.326210207545114 -0.17304370278077 0.645570444510361 0.609070264005882 1.48476551676435 0 0 571 0 0 0 0 0 0 0 0 0 0
1 0.82045921931209 -0.230628748484259 -0.112843653830043 -0.609873939726621 1.18747404119743 0.14798541100841 0 0 572 0 0 0 0 0 0 0 0 0 0
1 -0.0856103315867116 -0.379763418207266 -0.214085347098139 -0.0550554044997751 1.58266495955426 0.306744700367438 0 0 573 0 0 0 0 0 0 0 0 0 0
1 0.336970812594405 0.13869711948039 -0.258784704834174 0.0888624937373093 0.507052601796008 0.196459989645884 0 0 574 0 0 0 0 0 0 0 0 0 0
1 0.0596982310781949 0.645439118730327 -0.283485982859258 0.305626603686691 -0.134282639303103 0.401928127584253 0 0 575 0 0 0 0 0 0 0 0 0 0
1 0.077709438865509 0.517397580108594 -0.588984592304846 0.369201960976482 -1.11001190317407 -0.0542634795587235 0 0 576 0 0 0 0 0 0 0 0 0 0
1 1.57512865004304 -2.03880606106372 1.2003362013752 0.453355828698285 0.0338402970819073 0.354320842743873 0 0 577 0 0 0 0 0 0 0 0 0 0
1 0.760500029056027 -0.408895867518239 -0.442682852888711 -0.15158053117674 -0.501588801112089 0.998516158208286 0 0 578 0 0 0 0 0 0 0 0 0 0
1 -0.236780096812709 0.354190784444013 0.26385248564453 1.01919636290867 -0.0556358409898016 -0.623579537597455 0 0 579 0 0 0 0 0 0 0 0 0 0
1 0.0639733361198838 -0.286316521691777 0.527857419776359 -0.738906443543022 0.319598878576457 -0.811408214870405 0 0 580 0 0 0 0 0 0 0 0 0 0
1 -1.11351050740645 -0.317440336124658 0.719971842542567 1.69385179246731 0.126653075454133 -1.09535563927177 0 0 581 0 0 0 0 0 0 0 0 0 0
1 -0.0351877983971031 -1.28525305578223 -0.553362813154057 0.503077505687616 0.85468291676959 1.20336358344491 0 0 582 0 0 0 0 0 0 0 0 0 0
1 -0.46196391426773 -0.0080729621466043 -0.198023480625893 -0.560332428272758 0.259768657361583 -0.696061903241047 0 0 583 0 0 0 0 0 0 0 0 0 0
1 0.0038770320713487 0.313601293059624 -0.448229911785529 0.883157736299151 0.401779219166059 0.00350982153183601 0 0 584 0 0 0 0 0 0 0 0 0 0
1 -2.79234471399894 -0.697607325451148 -2.48611727356754 1.11781938852204 0.358667287190477 0.11857194642406 0 0 585 0 0 0 0 0 0 0 0 0 0
1 0.132469648758832 -0.460500212738725 -0.706347017084492 1.04932628052585 0.0169599321300776 -0.561764932853747 0 0 586 0 0 0 0 0 0 0 0 0 0
1 1.10885727258059 0.189864721367422 -0.529234186521554 0.252076325152797 0.730277532973712 -0.442879769621702 0 0 587 0 0 0 0 0 0 0 0 0 0
1 2.16566230258124 -2.56259583449994 1.5086916966301 -0.230658474493695 0.158732896428411 -0.21217129909245 0 0 588 0 0 0 0 0 0 0 0 0 0
1 1.39716312207662 0.671394489880066 -0.213696768551656 -0.66005588980805 0.178577401646113 0.873457258826194 0 0 589 0 0 0 0 0 0 0 0 0 0
1 0.0355828325829119 0.179595942921775 0.0845387718879245 0.460956444952811 0.778859365604846 -1.02126346856776 0 0 590 0 0 0 0 0 0 0 0 0 0
1 -0.0850471053563221 -0.126425190918981 -0.511921956267677 -0.433086843353885 -0.518160894536863 0.401940570939317 0 0 591 0 0 0 0 0 0 0 0 0 0
1 1.87747481536218 0.0271800474143886 0.553122450279986 0.595722422146225 -0.285392890794839 0.498541388718396 0 0 592 0 0 0 0 0 0 0 0 0 0
1 0.178813323252755 0.0730357845164103 -0.294541347683848 0.573738073400946 -0.29885713620504 2.57978342618193 0 0 593 0 0 0 0 0 0 0 0 0 0
1 -0.325997042454544 0.479437939610228 -0.561673056144426 -0.32103860186344 0.79863726418424 1.31153476769977 0 0 594 0 0 0 0 0 0 0 0 0 0
1 -0.358479253660299 -0.506647246048659 -0.40693808634167 -0.291762163774088 -0.592241209320433 1.92084840347314 0 0 595 0 0 0 0 0 0 0 0 0 0
1 0.489542555396198 0.0910099230263092 0.0376990916709938 0.748227129966705 1.43091068794698 -0.443301084347676 0 0 596 0 0 0 0 0 0 0 0 0 0
1 0.116006555535957 0.193949294526751 -0.227533571330185 -0.328224555623653 0.947649383547319 -0.248861591548245 0 0 597 0 0 0 0 0 0 0 0 0 0
1 0.587041986777352 -0.827763751152323 -0.984638316244022 1.13732080680401 1.07316893301267 0.0380120557016375 0 0 598 0 0 0 0 0 0 0 0 0 0
1 0.182275269282798 -0.720687333912204 -0.0641137783817131 0.421115930719694 -0.00216215089076632 0.586941960559871 0 0 599 0 0 0 0 0 0 0 0 0 0
1 0.346264315368119 -0.127983446713489 0.28371498408888 0.830330326301049 0.979844220773471 0.716304332059894 0 0 600 0 0 0 0 0 0 0 0 0 0
1 2.223991339955 -1.8208968549596 0.995677577737038 0.0179105806374765 -0.192173339210964 -0.0361953750748689 0 0 601 0 0 0 0 0 0 0 0 0 0
1 3.81764581869704 1.61500236787647 0.499802378340659 -0.306756631490376 -0.323811614484263 0.327211861355462 0 0 602 0 0 0 0 0 0 0 0 0 0
1 -1.06309169550393 -1.68687037521519 -0.0547939390703921 0.215467412613313 0.0264606589142884 0.584286004787139 0 0 603 0 0 0 0 0 0 0 0 0 0
1 1.18747613115833 -0.368514849231857 -0.34677146927711 -1.15523400810287 -0.780936589268916 -0.803401913415654 0 0 604 0 0 0 0 0 0 0 0 0 0
1 -0.179432010180258 0.251362594995176 0.14700133554797 -0.199808810068425 1.05823583842286 -1.02152047720159 0 0 605 0 0 0 0 0 0 0 0 0 0
1 -0.844703677474543 0.362819879841122 -0.891789410752809 0.501368042000047 -1.26244226247777 0.64527406337879 0 0 606 0 0 0 0 0 0 0 0 0 0
1 0.620417542635214 -0.616216566460408 0.804188638702599 0.50436147237767 0.339541551957528 -0.00664442976649621 0 0 607 0 0 0 0 0 0 0 0 0 0
1 1.31674806881056 0.965219726960441 -0.403895579920806 -0.91901781813881 1.38310103008874 0.358906497353868 0 0 608 0 0 0 0 0 0 0 0 0 0
1 0.684454998240158 -0.548323421263489 -0.534117202474435 -0.154591477307383 -1.5178135820923 0.483311994290575 0 0 609 0 0 0 0 0 0 0 0 0 0
1 -0.0452439596795466 0.272730379647881 0.0623071875619258 0.115245094219829 -0.825340900249133 -0.172932760246941 0 0 610 0 0 0 0 0 0 0 0 0 0
1 0.0526283624584298 -0.149938507089333 -0.554800563198007 -0.279034972881357 -0.0491974436845517 0.549246160272697 0 0 611 0 0 0 0 0 0 0 0 0 0
1 0.215906447728717 -0.492613447162572 -0.0815089492529895 -0.503815308728088 -0.498382259422736 0.462968064373892 0 0 612 0 0 0 0 0 0 0 0 0 0
1 0.292036474452643 -1.20547453640136 0.265993176846816 -0.549512720142185 -0.812402688579702 1.56637337542889 0 0 613 0 0 0 0 0 0 0 0 0 0
1 0.0615970446527062 1.52136406419285 -0.880806650109719 1.03586026728228 -0.316891974233492 0.291586059833775 0 0 614 0 0 0 0 0 0 0 0 0 0
1 0.972586389197051 -0.36180056861217 -0.545616987368615 -0.468701919943876 -0.778139349380643 -0.410416300492557 0 0 615 0 0 0 0 0 0 0 0 0 0
1 0.378938845974382 -0.133701743139173 -0.0643908057436384 0.0389531725385499 1.27341766506989 -0.519309821156295 0 0 616 0 0 0 0 0 0 0 0 0 0
1 0.955629290528209 1.65968109340105 -0.397004946974538 0.156193158002281 -0.16368026492949 -1.36633276790446 0 0 617 0 0 0 0 0 0 0 0 0 0
1 -2.84932646443483 -0.0976625736253932 0.861762084320195 -0.338497875214967 -0.606118174105908 -0.366623214435043 0 0 618 0 0 0 0 0 0 0 0 0 0
1 -0.453064340901257 1.07116688465682 0.845293477489348 0.344036702524926 0.313939398620681 -0.352094820571981 0 0 619 0 0 0 0 0 0 0 0 0 0
1 1.06303423192208 0.362565533572975 1.09217467325175 -0.969474518877735 -0.855095957538071 0.372284227572989 0 0 620 0 0 0 0 0 0 0 0 0 0
1 -0.274843921495659 -0.244061292605997 -0.331613084083185 -0.567819994931389 -1.17362495266374 -0.56944664489734 0 0 621 0 0 0 0 0 0 0 0 0 0
1 0.421331108072635 0.755537224902704 -0.10797259559489 0.0394332146223044 1.33804310827785 0.221965620126072 0 0 622 0 0 0 0 0 0 0 0 0 0
1 -0.516867481552701 -0.380134875775114 0.0388380036488256 -0.0746908942195689 -0.468161868723636 1.75713145868675 0 0 623 0 0 0 0 0 0 0 0 0 0
1 0.848825008446111 -2.99907455899702 -2.67126153796359 -0.417075251216227 0.0260034637730844 0.119781682449814 0 0 624 0 0 0 0 0 0 0 0 0 0
1 -0.761954125015703 -0.740888397882814 -0.553278325110159 0.565340516013774 -0.238828047239993 -0.462029090931656 0 0 625 0 0 0 0 0 0 0 0 0 0
1 -0.20441182848709 0.446140348563913 0.731153080376092 -1.21477808857357 0.0844451810669894 1.28566851219558 0 0 626 0 0 0 0 0 0 0 0 0 0
1 0.104531333732298 -0.916014306194266 -0.475931395111551 -0.511434541472781 -1.02889503686995 -0.357010392404968 0 0 627 0 0 0 0 0 0 0 0 0 0
1 -4.15976968188844 5.5094553998588 -2.52299330812013 -0.013224500343091 -0.0604368845943948 0.035017652487033 0 0 628 0 0 0 0 0 0 0 0 0 0
1 0.654953218542695 -0.557053986413363 0.374122969045299 -0.166117408112207 -0.490608311991817 -0.584622868509686 0 0 629 0 0 0 0 0 0 0 0 0 0
1 0.318009274559944 -0.737803314194273 0.29467537877866 2.23963685371203 0.460745803710461 -0.156411922516171 0 0 630 0 0 0 0 0 0 0 0 0 0
1 -0.238874718877623 -4.2233969655701 -1.57467967976578 -0.221570341954284 -0.0668672530108298 -0.306006761665019 0 0 631 0 0 0 0 0 0 0 0 0 0
1 0.841302354183881 2.09018107128733 -2.1036895196091 0.102432176595395 -0.570818668385595 0.132964821141478 0 0 632 0 0 0 0 0 0 0 0 0 0
1 0.227009307554124 0.807341305347312 0.152782616728545 -1.15784756972373 0.739390423901899 1.62037306552499 0 0 633 0 0 0 0 0 0 0 0 0 0
1 -0.959150745336826 0.39846114725085 0.0965948507778307 -1.29781179589751 0.0896114145364885 -0.0250256397014621 0 0 634 0 0 0 0 0 0 0 0 0 0
1 0.397658501671643 0.08009988218604 0.825715321246923 -0.436974057086032 -0.827038906767739 0.545196618809688 0 0 635 0 0 0 0 0 0 0 0 0 0
1 0.410742767667014 -0.307332413520065 -0.673009010941166 -0.869083379081767 -0.507611355907031 0.218568359005708 0 0 636 0 0 0 0 0 0 0 0 0 0
1 -0.269722769351204 1.32984239811196 -2.72706965389384 0.4043734496122 -0.254323188550073 -0.082834997775662 0 0 637 0 0 0 0 0 0 0 0 0 0
1 0.235807475416865 0.0757623921990317 -0.311739393384382 0.820702554454219 -0.195332166677588 -0.744431992601833 0 0 638 0 0 0 0 0 0 0 0 0 0
1 -0.161637175861153 -2.03703716475529 0.478421682759352 0.745987763506944 -0.344602366100437 -0.564697390600716 0 0 639 0 0 0 0 0 0 0 0 0 0
1 0.772219336076911 -0.0640369710899907 0.364790586381897 0.411958296844006 1.03318429062649 -0.926209602045429 0 0 640 0 0 0 0 0 0 0 0 0 0
1 -0.0506700783914314 0.764773889405728 -1.69575184482274 0.546715626334564 -0.0448230973664035 0.918398059192028 0 0 641 0 0 0 0 0 0 0 0 0 0
1 -0.128410088051312 0.315068866105616 -0.766087520204695 0.595612034241612 -0.315338608490339 -0.295557807207036 0 0 642 0 0 0 0 0 0 0 0 0 0
1 0.833196558089305 0.157677549772031 -0.120748742210273 0.0828030121314432 0.57135234158936 -0.859219927854646 0 0 643 0 0 0 0 0 0 0 0 0 0
1 -0.513077935284171 0.210192090615657 -0.399134152107586 -0.758251391078441 -0.797672686328681 0.990012959555463 0 0 644 0 0 0 0 0 0 0 0 0 0
1 -0.0068340008017383 0.275293842402235 0.554067926270417 0.409106963550433 -1.06600584840939 -0.206809829474719 0 0 645 0 0 0 0 0 0 0 0 0 0
1 -2.25846775852072 -0.0587003679282381 -1.20856433496221 -0.715180210903327 -0.231360336571127 -0.111304466787189 0 0 646 0 0 0 0 0 0 0 0 0 0
1 -3.24748659101852 1.91558156682018 -1.08560323497035 0.0889355621160235 0.212322450387424 0.0541519038081519 0 0 647 0 0 0 0 0 0 0 0 0 0
1 -1.97169112560096 -0.174884042756585 -0.671286442728092 0.31443736146416 0.347661804609145 0.144291131294628 0 0 648 0 0 0 0 0 0 0 0 0 0
1 -0.0184580964770582 0.696941872697359 -0.11901447933231 0.151166293185391 0.726555234846029 0.006724350206649 0 0 649 0 0 0 0 0 0 0 0 0 0
1 0.781921506131871 -1.50413455812788 2.3091476949396 -0.495588698982999 0.708902840379116 0.194550268178246 0 0 650 0 0 0 0 0 0 0 0 0 0
1 0.744373736460588 0.203473863569502 3.5681848203397 0.316872826257482 0.174516504488087 -0.222903355564724 0 0 651 0 0 0 0 0 0 0 0 0 0
1 0.231983709279938 -0.0385278484618591 0.488451718220495 0.523817076575692 -0.379089579957744 -1.32129800985002 0 0 652 0 0 0 0 0 0 0 0 0 0
1 -0.0663933430818386 -0.0630130712292085 -0.777505753439041 0.998037927023127 -0.498990718741939 -0.0424068250893016 0 0 653 0 0 0 0 0 0 0 0 0 0
1 -0.404554478555511 -0.367869041223459 0.134343111631582 0.454878317608671 1.04822918839203 0.328505058889984 0 0 654 0 0 0 0 0 0 0 0 0 0
1 -1.78739649719703 0.894435989878951 1.96186364123701 0.340883908330083 0.189973440578643 -0.220836430775427 0 0 655 0 0 0 0 0 0 0 0 0 0
1 0.865406537118774 -0.641105548321563 -0.503461140512102 0.961021633230941 -1.09856641599961 0.699145641933484 0 0 656 0 0 0 0 0 0 0 0 0 0
1 -1.14696726847356 0.507957023034325 0.991880603954122 0.213944866722535 -0.19707699306481 0.0270671686875388 0 0 657 0 0 0 0 0 0 0 0 0 0
1 -0.615631338346345 1.45321649463053 -0.307103116573608 -0.0283173907587391 0.50703539536783 -0.147794682672259 0 0 658 0 0 0 0 0 0 0 0 0 0
1 -0.0966869861992045 -1.26678389225929 -0.426806799603862 0.421310560670385 -0.445802698429617 0.762502093965811 0 0 659 0 0 0 0 0 0 0 0 0 0
1 0.0200151759827274 0.516499567691306 -0.0406341963599627 0.949196696654989 1.04644371869475 0.0396921934453512 0 0 660 0 0 0 0 0 0 0 0 0 0
1 -1.03496391577026 0.102949441535534 -1.3972508430395 -0.450021790079107 -0.948102862451911 0.109426113408916 0 0 661 0 0 0 0 0 0 0 0 0 0
1 0.0391325835783665 -1.10448170413633 -0.675125063283322 -0.69298517885591 0.606459767028431 -1.06126073366493 0 0 662 0 0 0 0 0 0 0 0 0 0
1 1.23554648363554 0.0775127664115015 -0.372627574938488 -0.293598522981116 0.815169029301128 0.934730088102991 0 0 663 0 0 0 0 0 0 0 0 0 0
1 0.40082447004328 0.320841510471216 0.500708045224874 -0.560679050090046 -0.239237070429383 0.215878629667165 0 0 664 0 0 0 0 0 0 0 0 0 0
1 -0.194188094115132 0.319558343239356 -0.307711606411333 -0.311998590623126 1.21926220018078 -0.473168976507562 0 0 665 0 0 0 0 0 0 0 0 0 0
1 0.173554171557167 -0.0880240102023609 0.172345783428347 0.770662016990316 -0.297140749589477 0.651051950218412 0 0 666 0 0 0 0 0 0 0 0 0 0
1 0.270725765940496 0.131293166388403 -0.14057913811057 0.119288655415869 -0.561725848325985 -1.40818818532045 0 0 667 0 0 0 0 0 0 0 0 0 0
1 0.0033141304334311 1.05073890010046 0.308771064692045 -0.720904551177608 0.164547518883072 0.537348774895862 0 0 668 0 0 0 0 0 0 0 0 0 0
1 -0.450328227532419 -0.311314470254432 -0.068806388413429 -0.303627533874334 -0.145038198685042 0.472135757930276 0 0 669 0 0 0 0 0 0 0 0 0 0
1 0.620557448868113 0.893581911261017 0.230792859191446 0.842391243685152 0.749361236316815 1.66886441917113 0 0 670 0 0 0 0 0 0 0 0 0 0
1 -0.416480132852748 -0.638120906216674 -0.0384811852337652 -1.80869087066467 -0.252534240601526 0.132050885155385 0 0 671 0 0 0 0 0 0 0 0 0 0
1 0.974918669819098 -1.37337030279998 -1.82742750089695 0.265680600453835 -0.651219192282857 -0.344136775085081 0 0 672 0 0 0 0 0 0 0 0 0 0
1 -0.505559388944197 0.145747323647565 -0.659244040095939 -0.396578162479845 0.495566656922831 -1.02109457516093 0 0 673 0 0 0 0 0 0 0 0 0 0
1 0.171533660993909 0.0504119782444075 0.0049839185161786 -0.82610640220157 0.89602104465095 -0.878231702484034 0 0 674 0 0 0 0 0 0 0 0 0 0
1 -0.352759790644648 1.64728854586908 1.2656219119393 -0.927667811529064 0.0707798912112248 -0.711272094775807 0 0 675 0 0 0 0 0 0 0 0 0 0
1 -0.109394223587739 -0.178626759791965 0.100174236698147 1.44520503411568 0.432133463984118 0.325290150542901 0 0 676 0 0 0 0 0 0 0 0 0 0
1 0.566637743059769 0.453095630494392 -0.632441380922473 -0.0482527439713138 -0.914430606376691 0.811911837795622 0 0 677 0 0 0 0 0 0 0 0 0 0
1 0.155175601283701 0.590352698097781 -0.091950386991084 -0.570425755708345 0.253848363928256 -0.0885793064366283 0 0 678 0 0 0 0 0 0 0 0 0 0
1 -0.641268930833832 0.595059842842058 -0.430384730019871 -0.876734560821347 -1.46688417049696 1.50301196226339 0 0 679 0 0 0 0 0 0 0 0 0 0
1 -0.0910799441076419 -0.0077012176020623 -0.250906274627201 0.200676996094019 -0.343477101420594 0.760211769276228 0 0 680 0 0 0 0 0 0 0 0 0 0
1 2.04582797702458 0.865352058748834 0.257020765403405 0.00891600406373879 0.140220257074137 0.00352093724808789 0 0 681 0 0 0 0 0 0 0 0 0 0
1 0.468150446324733 0.542232237169514 -0.0104925052086701 0.218867198882686 -0.0577706277444688 0.455453598929604 0 0 682 0 0 0 0 0 0 0 0 0 0
1 -0.526093655980604 -0.704297804500098 0.362303471168985 -0.224306157251594 1.28520582012276 0.170507033401063 0 0 683 0 0 0 0 0 0 0 0 0 0
1 -0.325814246408181 -0.0414776636997542 -0.769577392987873 -0.456731324275848 0.127176276453417 -0.508469391861519 0 0 684 0 0 0 0 0 0 0 0 0 0
1 -0.608722742395004 0.134433491069514 0.206710853081971 -1.43167646122797 -0.0505738717126601 -0.839959215364029 0 0 685 0 0 0 0 0 0 0 0 0 0
1 -0.043194503759207 -0.394041517406798 -0.366494105222263 0.447388736714846 0.849647908677731 -0.197407911913501 0 0 686 0 0 0 0 0 0 0 0 0 0
1 -0.477936126351563 0.415026231850754 0.588629650919712 0.0530759071495074 -0.307707062746316 0.120834811554113 0 0 687 0 0 0 0 0 0 0 0 0 0
1 -0.289904118036712 -1.69736535696767 -1.17724872004874 -0.284369813256187 1.16938624476853 0.94471453559818 0 0 688 0 0 0 0 0 0 0 0 0 0
1 -0.596111698360661 0.230863196331637 -0.538580507560705 -0.984737883033571 0.298692326364259 -0.116063173539066 0 0 689 0 0 0 0 0 0 0 0 0 0
1 0.484590985103493 -1.48585236596141 -0.0563323455247843 0.635597774857995 0.997007229610491 -1.04194901904186 0 0 690 0 0 0 0 0 0 0 0 0 0
1 0.312959372911074 -0.209167081663928 0.00227810859336 -0.69472144837132 -1.25708309174876 1.15400102965757 0 0 691 0 0 0 0 0 0 0 0 0 0
1 -0.0787664836111671 0.0532672839805293 -0.21860355844211 -0.698706951451868 -1.44640177976997 -0.598486381154538 0 0 692 0 0 0 0 0 0 0 0 0 0
1 0.0909091935354999 -1.29309303207364 0.612010065882437 -0.133031098836009 -0.904786810442735 0.234968774704645 0 0 693 0 0 0 0 0 0 0 0 0 0
1 -0.0014682009492685 -0.225627312252216 0.457329364997339 0.807514240033012 1.10991483986919 0.77132841049781 0 0 694 0 0 0 0 0 0 0 0 0 0
1 3.84222004373631 1.56722933777254 0.732776346220686 -0.295782193910453 -0.405255089579678 -0.199648191508111 0 0 695 0 0 0 0 0 0 0 0 0 0
1 0.397697207436033 -2.73501685725769 2.17264607014361 -0.592033471001903 -0.773297388600495 0.047114743412742 0 0 696 0 0 0 0 0 0 0 0 0 0
1 3.68779840320488 -1.59941236127872 3.53187356091579 0.37947764509228 -0.147988395332099 0.592733346257344 0 0 697 0 0 0 0 0 0 0 0 0 0
1 0.661958796643469 0.738897743188635 0.199039362691788 0.499116956009791 0.00708423533155561 0.0563028869489111 0 0 698 0 0 0 0 0 0 0 0 0 0
1 -2.72336533475458 2.0361994703889 5.84953004694582 0.595672489098458 0.14521548587654 -0.429857981498724 0 0 699 0 0 0 0 0 0 0 0 0 0
1 0.780554259980645 -0.000123131374463 1.08613913042468 -0.350559570288483 -0.0140387969356539 -1.26180930000696 0 0 700 0 0 0 0 0 0 0 0 0 0
1 -0.114405842323557 -0.0312352168855496 -0.0677655002311924 -0.614030600230606 -0.569970239402428 -0.820667447151179 0 0 701 0 0 0 0 0 0 0 0 0 0
1 0.0914096354466335 0.245795726491054 0.36548057425141 0.89872016067908 -0.865656589468352 0.148351719391488 0 0 702 0 0 0 0 0 0 0 0 0 0
1 0.276574674953868 0.514785239509849 0.517595489609798 0.0379304651223515 -0.405228535851947 -1.03692827945506 0 0 703 0 0 0 0 0 0 0 0 0 0
1 0.0352831443007259 0.410862093523366 -1.67874758932711 0.14355146104434 0.0426337919560548 0.172275969934513 0 0 704 0 0 0 0 0 0 0 0 0 0
1 0.338859640625115 -0.663358652352152 0.10254087063668 -0.775475183055797 0.0727597852628916 0.0571282931278952 0 0 705 0 0 0 0 0 0 0 0 0 0
1 0.523098348005164 -1.4511981067512 -1.31770898498658 0.264593154014171 0.511898633305975 -0.988914037837874 0 0 706 0 0 0 0 0 0 0 0 0 0
1 -0.739173728733739 -0.438415606260814 0.118937566880302 0.866756867432272 0.148597888183758 -1.02445503869004 0 0 707 0 0 0 0 0 0 0 0 0 0
1 0.461255748328859 -0.26042166007782 -1.0776661279977 0.770798722059732 0.000451608925822851 -1.11786860004019 0 0 708 0 0 0 0 0 0 0 0 0 0
1 -0.202597946622536 1.20156697362092 -0.409622100464895 1.68897620127598 -0.613051201154386 0.151041069303129 0 0 709 0 0 0 0 0 0 0 0 0 0
1 3.51551308414104 1.37667586481957 0.296518833455525 0.241074186842916 0.309659223820058 0.296120372197547 0 0 710 0 0 0 0 0 0 0 0 0 0
1 0.716330174514031 0.279995547265548 -0.044302071439343 1.1722068452774 0.0938713920692693 0.598942070304989 0 0 711 0 0 0 0 0 0 0 0 0 0
1 -0.62054746180992 0.118645298155918 0.45849423542518 -1.49054672749729 -0.692461478585424 0.707553242970922 0 0 712 0 0 0 0 0 0 0 0 0 0
1 0.210960157412009 -0.137889873035477 -0.878946809390715 -0.625177110402496 0.827556003781363 1.07012929580449 0 0 713 0 0 0 0 0 0 0 0 0 0
1 -0.18361256176687 0.196793102707537 0.1000383082083 -1.76962766931819 -0.0369263305211459 1.26775916761432 0 0 714 0 0 0 0 0 0 0 0 0 0
1 -0.0625229153787802 1.21800562540507 -0.0490590049957221 -0.814825735503666 1.00419130050684 -0.873151649139325 0 0 715 0 0 0 0 0 0 0 0 0 0
1 -1.84834547792499 -0.0184692246855084 1.71069146453396 -0.869186649416921 0.269793369357232 0.158712110371206 0 0 716 0 0 0 0 0 0 0 0 0 0
1 0.328387410413582 -0.440970241738497 -0.481215622826836 0.483648389135281 -1.28603991696277 1.66849557211576 0 0 717 0 0 0 0 0 0 0 0 0 0
1 0.365203879594358 0.660626376030684 -0.22034180406448 0.811622972516742 1.64199578447825 -0.751821025880433 0 0 718 0 0 0 0 0 0 0 0 0 0
1 0.616054128920905 1.61794920905513 -0.547513709043667 -0.355090627049675 0.757155605056823 -0.998346452046884 0 0 719 0 0 0 0 0 0 0 0 0 0
1 -0.259442874662914 0.792631426712933 0.244422866344809 0.425677475438635 -0.975773247287688 -0.236620975379166 0 0 720 0 0 0 0 0 0 0 0 0 0
1 0.244982227169115 0.327390695229466 -0.432037022340437 -0.447352874141036 -0.478685004951749 1.79589317006824 0 0 721 0 0 0 0 0 0 0 0 0 0
1 -0.264562602289632 -0.597267777270507 0.0481851778465528 -0.862935593468992 -0.754711984913634 -1.21834784746076 0 0 722 0 0 0 0 0 0 0 0 0 0
1 0.324272117374642 -0.143030488174227 -0.284371909593421 0.0839541203658988 -0.214771253399856 0.962579171554501 0 0 723 0 0 0 0 0 0 0 0 0 0
1 -0.786375028026293 0.296642296166957 -0.128374420323009 0.537648551202241 -0.678345515061383 0.644058753334613 0 0 724 0 0 0 0 0 0 0 0 0 0
1 -1.48651023888422 -0.692121936002691 -0.844645866492191 -0.0140859039339768 0.802236487529654 -0.0310352471869242 0 0 725 0 0 0 0 0 0 0 0 0 0
1 0.181264875212667 0.782997474019981 -0.274234459398729 0.435569956878461 -1.75474779361955 0.444360896645558 0 0 726 0 0 0 0 0 0 0 0 0 0
1 0.29580099854876 0.383148061829947 -0.171007467976689 -0.815526230571203 -1.4242740661306 0.633491905985183 0 0 727 0 0 0 0 0 0 0 0 0 0
1 -0.563013957153981 0.135729275389187 0.16614966716545 -1.06147528646127 0.0202590395908927 -0.334550654775922 0 0 728 0 0 0 0 0 0 0 0 0 0
1 0.283505704369182 0.421963712705563 -0.272961882377121 -0.476063105174697 0.998860245990074 -0.89133672488045 0 0 729 0 0 0 0 0 0 0 0 0 0
1 0.305696961109919 0.533818198750241 -0.324479846852504 -0.79582941218647 0.461784963101043 1.68466868553026 0 0 730 0 0 0 0 0 0 0 0 0 0
1 -0.350344741183879 0.0697814303337712 0.798209508048085 -0.884905299675107 -0.328380683667326 -1.44125679553311 0 0 731 0 0 0 0 0 0 0 0 0 0
1 -0.911307443888212 -0.0466645138414869 0.0948630996706211 -0.969663794492909 0.845528805777128 0.761537891576425 0 0 732 0 0 0 0 0 0 0 0 0 0
1 -0.953207153193722 0.220883967469754 0.121814638847979 0.0170627286399823 -0.67853624363124 0.0630701858693937 0 0 733 0 0 0 0 0 0 0 0 0 0
1 -0.977581311012115 0.0890608765166949 0.179610780275682 -0.015822033776915 -1.17246017161439 1.04888055137799 0 0 734 0 0 0 0 0 0 0 0 0 0
1 -0.215335284888292 -0.0830614578174826 0.812438160539256 1.05765428508042 -1.69778418574428 0.0726170832850313 0 0 735 0 0 0 0 0 0 0 0 0 0
1 4.69090030993027 1.1956149339525 0.646555431748895 0.167414971202672 0.093155177687569 0.834458062674022 0 0 736 0 0 0 0 0 0 0 0 0 0
1 0.641771262151787 -0.207584404826189 0.494480204055629 0.169223300297765 -0.103577893894829 1.40134365353362 0 0 737 0 0 0 0 0 0 0 0 0 0
1 0.145215457880398 0.0735802288656802 -1.07201034278523 0.987923360484547 0.279460186127361 -0.142517319315687 0 0 738 0 0 0 0 0 0 0 0 0 0
1 0.160510019770765 -0.541870479155951 0.228796662393849 -0.455368961309268 0.661182677329443 0.59974929751883 0 0 739 0 0 0 0 0 0 0 0 0 0
1 0.263573343349995 1.63012524592569 -0.257956999021893 -0.485355266051979 0.145895647178487 -0.175987653583625 0 0 740 0 0 0 0 0 0 0 0 0 0
1 -0.564803715284973 -0.212687050648009 1.11378798079732 0.544285318911991 0.158209628626466 -0.821195650833605 0 0 741 0 0 0 0 0 0 0 0 0 0
1 -1.91040762333484 0.44665023383228 -0.400838762766215 -0.428808761464565 -0.185021189770758 -0.351382102361212 0 0 742 0 0 0 0 0 0 0 0 0 0
1 -0.736799605387347 1.41036006587188 0.785968156491763 0.404731197390724 -0.164730300510271 -0.192805065824748 0 0 743 0 0 0 0 0 0 0 0 0 0
1 -0.875832447246682 -0.404499119401616 0.19136584958332 0.196224163426121 -1.26395591213163 0.229403305525907 0 0 744 0 0 0 0 0 0 0 0 0 0
1 -0.522466245318292 4.28772554860557 -0.0943395803639524 0.180669505400129 -0.714521707637487 0.188383980634268 0 0 745 0 0 0 0 0 0 0 0 0 0
1 -0.635734464987892 -0.136494165583333 0.455147489358807 -0.944690074665403 -0.944627330916176 -0.669533720447624 0 0 746 0 0 0 0 0 0 0 0 0 0
1 -0.814324125530718 1.91516022003087 -0.269781900713009 -0.0359217417692661 0.0895376716991258 0.450564000557183 0 0 747 0 0 0 0 0 0 0 0 0 0
1 -0.784148502016668 -0.914067509691339 0.640551195844555 -0.221212088902894 0.410575924427729 -0.377767859868484 0 0 748 0 0 0 0 0 0 0 0 0 0
1 -0.240513445751164 -0.371246598016879 -0.833343957329823 -0.479512771882195 -0.0191419418627899 0.698147008129719 0 0 749 0 0 0 0 0 0 0 0 0 0
1 -0.331607557445685 -0.0605297136640666 0.157533039133578 -0.748118970736861 0.391507970674941 0.233743249039899 0 0 750 0 0 0 0 0 0 0 0 0 0
1 0.757487097103342 -1.33587433112493 -1.03293786466338 -0.233127867599372 1.27892092188035 0.285493239129183 0 0 751 0 0 0 0 0 0 0 0 0 0
1 -0.673686609953401 0.642764433827774 0.371265283198269 -1.42355300126091 0.767990100670813 -1.22760983015083 0 0 752 0 0 0 0 0 0 0 0 0 0
1 -1.08734823166808 -0.90446613506873 -0.91291657264934 -0.177034811874867 -0.739438965000992 -0.139581662684085 0 0 753 0 0 0 0 0 0 0 0 0 0
1 0.263783851985512 -0.434770921581717 -0.209359756408517 -0.914959114938746 0.985017775877886 0.793438874464059 0 0 754 0 0 0 0 0 0 0 0 0 0
1 -0.351921822994537 -0.865890039012664 0.977975804144108 0.936347788598464 -0.581763164935532 1.1618993084718 0 0 755 0 0 0 0 0 0 0 0 0 0
1 -0.0703669105328902 -0.759437661245463 0.325139575253453 0.67219614272272 1.13247891177615 -0.922898484258639 0 0 756 0 0 0 0 0 0 0 0 0 0
1 0.531433453828223 0.362415520751993 0.196542052686147 0.765745748629867 1.48603731134536 0.280860713897253 0 0 757 0 0 0 0 0 0 0 0 0 0
1 -0.0989785395911493 -0.14057523080519 0.452184072386476 0.0538629063086431 -0.597044827675797 1.45211188106761 0 0 758 0 0 0 0 0 0 0 0 0 0
1 -1.16025736707257 0.0342690653416094 -0.407186179697375 0.566202612581328 0.00958621887337791 -0.585603594291001 0 0 759 0 0 0 0 0 0 0 0 0 0
1 -0.486266279919792 -1.42522497482811 -0.122527711535463 -0.66550399684169 1.40628752984959 0.323524655114929 0 0 760 0 0 0 0 0 0 0 0 0 0
1 0.896967122729324 -0.190898686978945 -0.0366822811078055 -0.366238021230294 -1.01639208862928 0.137632670163676 0 0 761 0 0 0 0 0 0 0 0 0 0
1 1.15677424804645 0.30357118052114 -1.13678176094538 0.0280147206236651 0.659732634964095 -0.38532061100888 0 0 762 0 0 0 0 0 0 0 0 0 0
1 0.623413007151758 0.559110494573488 0.320267328675761 -0.463881990067899 -0.463584321261608 1.16758327241381 0 0 763 0 0 0 0 0 0 0 0 0 0
1 -0.533589193993542 1.55679932219153 -0.78520172109977 -1.26101225490819 -0.887672348972126 -0.246782304961671 0 0 764 0 0 0 0 0 0 0 0 0 0
1 -0.152811901590956 0.511676356378607 -0.539982000324131 0.758007228076858 -0.059201216018607 -1.41896054347272 0 0 765 0 0 0 0 0 0 0 0 0 0
1 -0.944218122710006 -1.09430737540918 0.281700915099086 -0.15544890630573 0.0994829393757625 -0.185938800369305 0 0 766 0 0 0 0 0 0 0 0 0 0
1 3.58253424129886 -2.74358107351738 0.481313505935544 -0.473210220281315 0.449750878690601 0.0890861442075041 0 0 767 0 0 0 0 0 0 0 0 0 0
1 -0.267136347956496 0.299384705993455 -0.12136497087447 -0.52638745504785 0.880978013922715 1.53060405149592 0 0 768 0 0 0 0 0 0 0 0 0 0
1 -2.17882349639245 -0.634238500630627 1.61011159245438 -0.167240362298286 -0.72061377716647 -0.91309954151866 0 0 769 0 0 0 0 0 0 0 0 0 0
1 -0.771266378216218 -0.22599905731841 -0.332014519893575 -0.878887954292328 0.106737679528764 0.655043018877772 0 0 770 0 0 0 0 0 0 0 0 0 0
1 -0.308748336025693 -0.982341846943162 3.36810631034621 0.820820292094143 0.268377166241872 -0.0733331473697418 0 0 771 0 0 0 0 0 0 0 0 0 0
1 -0.737846854854035 0.451760277038899 0.539244444523055 -0.52922004412591 0.679364036816678 -0.853702051600394 0 0 772 0 0 0 0 0 0 0 0 0 0
1 0.683562412870497 -0.493637476471399 1.02396071990254 0.462658761579904 1.01801138935679 -0.0968693322646845 0 0 773 0 0 0 0 0 0 0 0 0 0
1 -0.11452086102145 -0.698051509850638 -0.393826453577284 0.229292908410569 0.235390916962556 -0.711713221808736 0 0 774 0 0 0 0 0 0 0 0 0 0
1 1.49177209074902 -1.74377820582584 -0.211881313933095 -0.838571750751107 -0.626150862517503 0.898790721596045 0 0 775 0 0 0 0 0 0 0 0 0 0
1 -0.292486430075732 -0.689512880432909 -0.771911218237961 -0.460071814043443 -1.21908026722501 -1.85287125754688 0 0 776 0 0 0 0 0 0 0 0 0 0
1 -0.855730699221718 -0.099620367107726 -2.00752364915857 -0.214650643530177 0.557600341379608 0.0922370053234993 0 0 777 0 0 0 0 0 0 0 0 0 0
1 -1.60464540023372 -0.707220078326304 -0.709763196215268 0.144916058037535 0.296322819293835 0.516881978794741 0 0 778 0 0 0 0 0 0 0 0 0 0
1 -1.84925697962808 -0.573458417541226 -1.07001057974967 -1.35841667519454 0.12803969145377 0.538427953158854 0 0 779 0 0 0 0 0 0 0 0 0 0
1 0.208904375161867 -0.241393164386438 -0.138380081947608 -0.875745878539231 1.84254905446659 1.6093325000939 0 0 780 0 0 0 0 0 0 0 0 0 0
1 -0.410400352627836 -0.907721717607135 -0.920503272701261 -1.49996169137303 -0.0859421125731864 0.939918814623436 0 0 781 0 0 0 0 0 0 0 0 0 0
1 0.942528774814103 -0.847962245275032 -0.674748596284311 -0.285687485368881 0.0635057322626695 0.85314575936542 0 0 782 0 0 0 0 0 0 0 0 0 0
1 -0.692676702372191 -0.161316091542832 -0.929727924226648 -0.784068015577484 0.525767525061725 -0.372409767626695 0 0 783 0 0 0 0 0 0 0 0 0 0
1 -1.56589263275499 -0.0668613517501746 -1.93010953523358 0.198253749842687 -0.6897969722083 0.058653605221777 0 0 784 0 0 0 0 0 0 0 0 0 0
1 -5.06515740779923 -3.08838710861849 2.09385674402245 -0.122455610340612 0.135461657062389 0.0225165698933589 0 0 785 0 0 0 0 0 0 0 0 0 0
1 -6.27656901500762 1.19509074473547 -0.55133149698616 0.220110516784876 0.145376230984211 -0.260531473683401 0 0 786 0 0 0 0 0 0 0 0 0 0
1 1.77862265076622 0.0816447204439801 -2.47919317965519 -0.379413782896996 -0.209865941639308 -0.525220869950961 0 0 787 0 0 0 0 0 0 0 0 0 0
1 -0.0388880059903114 -0.14007016732326 -0.231527313168286 2.47115163508075 0.317869181057342 0.784574869407845 0 0 788 0 0 0 0 0 0 0 0 0 0
1 -0.69102041783311 0.812334693170955 -0.683744115514518 0.581479665186144 -0.0964794840788493 -1.52371654871904 0 0 789 0 0 0 0 0 0 0 0 0 0
1 0.130175136611683 0.135749767217333 -0.0785230660117301 0.0679972844791074 -0.283770412897978 1.93645603409097 0 0 790 0 0 0 0 0 0 0 0 0 0
1 -0.119056821519994 0.130267657712303 -0.127835788910396 -0.380075755270548 0.776279475606021 0.34443814010237 0 0 791 0 0 0 0 0 0 0 0 0 0
1 0.0589550218106382 -0.172827763954239 0.560735555979189 2.10600798139305 -0.956947999984 0.88056483319264 0 0 792 0 0 0 0 0 0 0 0 0 0
1 0.150277244001278 0.489304443921463 -0.708863231289905 -0.588837349958764 1.71515401000755 -0.980004078387391 0 0 793 0 0 0 0 0 0 0 0 0 0
1 12.8511121745523 0.925644993548102 -1.57662899221552 -0.342761885436488 0.317589307228703 0.144845128346073 0 0 794 0 0 0 0 0 0 0 0 0 0
1 -0.0839574579073688 -2.67199357094446 -1.90918571316667 -0.528964469917176 0.118556831945599 0.881560225554666 0 0 795 0 0 0 0 0 0 0 0 0 0
1 -0.299250426064133 -0.145466661225757 0.0571109677389294 1.15739127258637 0.762106237914344 -0.274032982258827 0 0 796 0 0 0 0 0 0 0 0 0 0
1 -1.04756692076728 0.184930415249256 0.030045297373971 0.0908727139387793 -0.303507942539483 0.249721729155204 0 0 797 0 0 0 0 0 0 0 0 0 0
1 -0.0220446565642892 1.06558445430347 -1.13870685962216 0.285481809527418 0.213534341376931 -0.760838339109431 0 0 798 0 0 0 0 0 0 0 0 0 0
1 0.527241261179411 0.441782581197759 -1.13971391857635 1.71436061078674 -0.447193803923254 0.122145249784294 0 0 799 0 0 0 0 0 0 0 0 0 0
1 1.10668015138562 0.531411482574416 0.224320384058292 0.614449889388433 -0.32599129792603 -1.25972211338807 0 0 800 0 0 0 0 0 0 0 0 0 0
1 0.474855090984874 -0.103699978487779 0.474815518012156 0.641890173363578 -1.60275600873732 0.455845724532972 0 0 801 0 0 0 0 0 0 0 0 0 0
1 -0.196647185812234 -0.135644023638801 -0.004875644796405 -1.29958951285327 1.23874874411509 0.604465414112299 0 0 802 0 0 0 0 0 0 0 0 0 0
1 -0.43544198290694 -0.483379210691216 0.851825104104809 0.205592062442853 -1.00973870628182 -0.0380618895199485 0 0 803 0 0 0 0 0 0 0 0 0 0
1 0.758297074481769 0.758706917906769 -0.797448555212495 0.95199165711333 1.17052340306022 0.290677051512909 0 0 804 0 0 0 0 0 0 0 0 0 0
1 0.682807980386422 1.21753779639678 0.456873266693345 -1.00355930086516 0.184976671084006 0.829435554310964 0 0 805 0 0 0 0 0 0 0 0 0 0
1 -0.81181626010339 0.211252643802433 0.0670844823327222 1.73223526057929 0.284871824110198 -0.236801247988381 0 0 806 0 0 0 0 0 0 0 0 0 0
1 -1.16869893429178 -1.09312161616197 0.552780522543119 0.299918108359483 -0.386690552797179 -0.14274290804886 0 0 807 0 0 0 0 0 0 0 0 0 0
1 1.26080375791687 -0.326982606603317 -0.680919081322097 -0.253765292717792 0.331215456065635 -1.48585964926014 0 0 808 0 0 0 0 0 0 0 0 0 0
1 0.267332085561008 0.15172186470568 -0.163694304797503 1.03022232733835 -1.13162534910258 0.558528055131543 0 0 809 0 0 0 0 0 0 0 0 0 0
1 -0.881581539931585 0.609702658713828 0.0815200957959591 1.50364550478581 -0.0519931158318325 0.0641024181840926 0 0 810 0 0 0 0 0 0 0 0 0 0
1 -0.819746590254805 0.494200415775427 1.42326197371651 -1.62251288798659 0.191166195085989 -0.252861109777276 0 0 811 0 0 0 0 0 0 0 0 0 0
1 -0.657508723308161 -0.472899987711931 -0.495508829127982 -0.646041813031847 1.16250754269791 -0.518207052018608 0 0 812 0 0 0 0 0 0 0 0 0 0
1 0.626989529704223 -0.727205221492206 -0.662687225567629 0.373241424392349 0.548313405595118 -1.26770024788917 0 0 813 0 0 0 0 0 0 0 0 0 0
1 0.238852582785774 -0.448724569739025 -1.12505545683668 -0.0138592306132618 0.351151089182111 -0.314671462003768 0 0 814 0 0 0 0 0 0 0 0 0 0
1 0.367265072090642 0.140820509957587 -0.821006549290557 0.253102613924171 -1.83593053535485 -0.469114442478894 0 0 815 0 0 0 0 0 0 0 0 0 0
1 1.00608944398643 0.0774748490559484 -1.02103884619547 -0.171105206508046 0.205370477686148 0.0782841153053769 0 0 816 0 0 0 0 0 0 0 0 0 0
1 0.571963406184207 -0.269159669112045 0.197517310919929 -0.0242400264407926 0.195553023490916 -0.850916727669032 0 0 817 0 0 0 0 0 0 0 0 0 0
1 -0.0289517624934339 0.0889808976733222 0.202959720406191 1.33094297856717 -0.159697879095247 0.128949865865619 0 0 818 0 0 0 0 0 0 0 0 0 0
1 -0.361219023484547 -0.985318768662955 -0.242487777150496 0.432960950432473 0.134743502454423 -0.0631514649706221 0 0 819 0 0 0 0 0 0 0 0 0 0
1 4.49834703890081 0.136708195790246 1.76740724193625 -0.787202285918655 0.35233688189143 0.222660989730463 0 0 820 0 0 0 0 0 0 0 0 0 0
1 0.191478727576985 1.17751230201772 -0.672922964131616 -0.136371662940985 -0.511551700440312 0.773079485932622 0 0 821 0 0 0 0 0 0 0 0 0 0
1 -0.0566032400863532 -0.308115222952973 -0.196343392952767 0.0271967005674856 -0.713082925359141 -0.207192742932527 0 0 822 0 0 0 0 0 0 0 0 0 0
1 -0.103101297338708 -0.113199968650103 0.358695383460409 0.914348451762742 0.0963004604338511 0.62411798156609 0 0 823 0 0 0 0 0 0 0 0 0 0
1 -0.660950030931167 -0.112831107932133 1.24760106736449 -0.302078889947971 -0.0107103483808993 1.31437726975027 0 0 824 0 0 0 0 0 0 0 0 0 0
1 -1.15019754610759 -0.987715748070335 1.87939476976252 0.436855864089181 0.430271018360744 -0.0110538481863904 0 0 825 0 0 0 0 0 0 0 0 0 0
1 -0.401134649943757 0.266506851896636 -0.149877469598034 -0.526130579863862 1.46233606544062 -1.60946017934111 0 0 826 0 0 0 0 0 0 0 0 0 0
1 -0.274104242691532 -0.56794216067568 0.673286525864371 0.672557794482644 -0.505271364865584 0.68583760256353 0 0 827 0 0 0 0 0 0 0 0 0 0
1 -0.102380738279427 0.0829398743247532 -0.232055493378114 0.667010088960256 1.05954540274921 -1.017042455633 0 0 828 0 0 0 0 0 0 0 0 0 0
1 1.05492241384034 0.209018141922213 0.124445096590253 -0.536378480355904 -0.776088612254008 0.227400466759191 0 0 829 0 0 0 0 0 0 0 0 0 0
1 -1.1782970068055 -1.22398732421755 -1.6063696344217 -0.549809930230957 0.0131351841827585 0.516170479063648 0 0 830 0 0 0 0 0 0 0 0 0 0
1 1.69780000932346 -3.82610299673509 -2.20391375974485 -0.309542040891962 -0.433224490364657 0.104855533011239 0 0 831 0 0 0 0 0 0 0 0 0 0
1 1.82877860576576 -0.673373816325808 -0.226927522035698 0.0621542303768074 -1.06022348437041 -0.361031442994132 0 0 832 0 0 0 0 0 0 0 0 0 0
1 -0.416194230996102 0.740170990717723 0.165141818613635 0.473748996748373 -0.713617722322177 0.78313574475586 0 0 833 0 0 0 0 0 0 0 0 0 0
1 -0.863683224750717 0.00729978480818 1.01311039021841 -0.520416118890313 1.09254007264728 -0.140806620161608 0 0 834 0 0 0 0 0 0 0 0 0 0
1 0.388831780898139 -0.45685518468658 -0.0449907847801472 1.48981868964761 0.785718642231022 -0.446175576488793 0 0 835 0 0 0 0 0 0 0 0 0 0
1 0.111655616130277 0.350915582998952 1.51480893970925 -0.33142679536922 -0.192027350808082 1.22543078791884 0 0 836 0 0 0 0 0 0 0 0 0 0
1 -0.232252099626935 -0.0891676359826589 0.214596580056616 0.0116679350704342 -0.324739689894322 -0.473088964997339 0 0 837 0 0 0 0 0 0 0 0 0 0
1 -0.457811074336993 0.994421254350677 -3.05824004364277 0.163427199139666 0.343644799864849 0.0509183902671962 0 0 838 0 0 0 0 0 0 0 0 0 0
1 -0.46682040470019 0.192639966966861 0.282476771434232 -0.842771422284106 0.399369246764519 1.04157279755962 0 0 839 0 0 0 0 0 0 0 0 0 0
1 0.13645626396369 -0.226413098431405 0.115597096477434 -0.766173593050441 -0.714448742813815 -2.0547711934223 0 0 840 0 0 0 0 0 0 0 0 0 0
1 0.761766343668873 -0.731435708384675 1.00606524477595 -0.151472077726924 0.763971257334668 -0.0535771980053699 0 0 841 0 0 0 0 0 0 0 0 0 0
1 0.381095241132059 0.411649102467247 -0.611689229733534 0.595868258519104 -1.12159050592661 0.129502494777565 0 0 842 0 0 0 0 0 0 0 0 0 0
1 -0.592803885149244 -1.87880956445407 -1.31452679549442 0.385577323181975 -0.476058218214993 0.634385616421959 0 0 843 0 0 0 0 0 0 0 0 0 0
1 -0.500037766538206 -0.489866453462167 0.491766748533957 0.0815991494669782 1.29374827514189 0.0254731856204172 0 0 844 0 0 0 0 0 0 0 0 0 0
1 -0.216396188759255 0.303056088986148 -0.417693010859672 0.349589358010851 -0.789818542329518 -0.00473218125902209 0 0 845 0 0 0 0 0 0 0 0 0 0
1 -1.08237844131578 0.863413240073642 -0.0389226052833063 0.661766532962546 -0.120610393965619 -0.617558646873054 0 0 846 0 0 0 0 0 0 0 0 0 0
1 -0.135491453967164 -0.0659567460977991 0.451957425143301 0.445332855032886 1.41538901399528 0.0913024217741711 0 0 847 0 0 0 0 0 0 0 0 0 0
1 1.47166606316165 -0.167932222249527 -1.52454725863132 0.292526208446152 0.108773458251037 -1.00012315788974 0 0 848 0 0 0 0 0 0 0 0 0 0
1 -0.0012092491387514 0.0186293450648686 -0.0036536576385209 0.751852396736786 1.10466233381527 0.797595549287781 0 0 849 0 0 0 0 0 0 0 0 0 0
1 -0.905045063363184 -1.15953663152907 0.594904161407347 -0.244707557077385 -0.190827726115769 -0.956665385512741 0 0 850 0 0 0 0 0 0 0 0 0 0
1 0.400481401182322 -0.177162946896639 -0.0153567567476895 0.268584675654269 0.285974738806917 -0.623179467745287 0 0 851 0 0 0 0 0 0 0 0 0 0
1 0.394861278658944 0.70991049344447 0.208076191461558 -0.381701999684208 -0.658692132562638 -0.711263944658163 0 0 852 0 0 0 0 0 0 0 0 0 0
1 -1.0768951960698 -0.208525798803104 0.155653998151535 0.317172384759067 0.819918759362215 -0.283810756166433 0 0 853 0 0 0 0 0 0 0 0 0 0
1 0.210559506517753 0.423584721831316 -0.381632774188228 -1.06679974068796 1.56838374452736 -1.12024534672201 0 0 854 0 0 0 0 0 0 0 0 0 0
1 0.224051953956428 -0.798950470129243 1.66873177424125 0.0930730370451705 -0.0910429817704656 0.71890609002867 0 0 855 0 0 0 0 0 0 0 0 0 0
1 -0.224795172038356 -0.602457930388259 -0.443075319300225 -0.301618452963351 -1.06815356113967 1.12990463058419 0 0 856 0 0 0 0 0 0 0 0 0 0
1 0.876805618015576 -0.147081221283525 -0.992602389515522 -0.530794252268983 1.44508596256491 0.0493870756517543 0 0 857 0 0 0 0 0 0 0 0 0 0
1 0.279449554228952 0.960332397113448 -0.279132399427545 0.875554539856065 0.252832655276191 -1.36059926961414 0 0 858 0 0 0 0 0 0 0 0 0 0
1 -0.198599687446346 0.612383865767798 -0.159706852464223 -1.01524243300747 -0.0623679034287162 -0.103671791188916 0 0 859 0 0 0 0 0 0 0 0 0 0
1 -0.0030395567619159 0.733704477132216 -0.60981799038627 0.971589829988692 0.456068127858694 0.176003392180894 0 0 860 0 0 0 0 0 0 0 0 0 0
1 -0.0457455385233367 0.0949025565178002 0.168899612974939 0.249063041928738 -0.126408043360849 -0.500035803625869 0 0 861 0 0 0 0 0 0 0 0 0 0
1 -0.320633355033053 -0.452671962171915 -0.689468388808004 0.466921202028479 0.715752198204523 1.1341446555187 0 0 862 0 0 0 0 0 0 0 0 0 0
1 0.0472966546351246 -0.219708509026937 0.0102367008592581 -0.410087237781488 0.802292409901499 -1.27978844012805 0 0 863 0 0 0 0 0 0 0 0 0 0
1 -1.13031095572745 1.50580529950173 0.146334157569277 0.648488058380417 0.51714907695735 -1.40964269536496 0 0 864 0 0 0 0 0 0 0 0 0 0
1 -0.257789836460345 0.06112660301197 0.321429932918391 -1.22159148216641 -1.71510613927888 0.257517418846821 0 0 865 0 0 0 0 0 0 0 0 0 0
1 -0.138862052301802 -0.109588599502003 -0.358352944853914 -1.29287165924711 -0.814410887243606 -0.589495461249332 0 0 866 0 0 0 0 0 0 0 0 0 0
1 0.392788342758925 -1.39762055619257 0.0208278177374236 -0.170866775266379 0.152406745348632 0.270960253647038 0 0 867 0 0 0 0 0 0 0 0 0 0
1 -0.798224158704848 -0.601836831649467 1.8069149615968 0.500314161246303 1.18758933206603 -0.0456142400070201 0 0 868 0 0 0 0 0 0 0 0 0 0
1 -0.701332365424723 0.507475530329667 0.0666721656559532 0.8053754374462 1.05763690461215 0.665642757770008 0 0 869 0 0 0 0 0 0 0 0 0 0
1 -0.588436833514578 1.94739127922035 -1.5366311467196 -0.215599959751246 0.540028641426834 0.0844011399268051 0 0 870 0 0 0 0 0 0 0 0 0 0
1 0.454927953815436 -1.10050033916285 -0.828149846389642 -1.77538831955382 -0.225606638311422 -0.298621687507682 0 0 871 0 0 0 0 0 0 0 0 0 0
1 -0.194967008539278 0.506706935503397 -0.970421001907531 -1.2895044282262 -0.0915676415941853 0.576001132099296 0 0 872 0 0 0 0 0 0 0 0 0 0
1 0.363714219156173 -0.0022575404768224 -1.09971784205589 -1.51145146525151 -0.390172961643286 -1.24305156859237 0 0 873 0 0 0 0 0 0 0 0 0 0
1 -1.92352991012297 -0.533097553753209 0.178507745944327 0.789458943280385 -0.640983728746088 0.0489961138053669 0 0 874 0 0 0 0 0 0 0 0 0 0
1 -1.05979941066867 0.588919088437844 0.768080993227149 0.978841035307398 -0.064437015320001 1.15811754322436 0 0 875 0 0 0 0 0 0 0 0 0 0
1 -0.3904569644296 0.53731845551984 0.370471711676095 1.25881987109194 1.0279105760969 -0.442514987492498 0 0 876 0 0 0 0 0 0 0 0 0 0
1 0.0334415627301423 -0.226194348575328 1.15727331804909 -0.0108757367605581 -1.19799471790033 0.442029635358119 0 0 877 0 0 0 0 0 0 0 0 0 0
1 0.269571830981795 0.259303368347487 -0.197547299606248 0.167084412966437 -0.950204918394187 -0.486138564864324 0 0 878 0 0 0 0 0 0 0 0 0 0
1 -0.0916709403923661 0.770028573579107 -0.175336265325138 -1.05696249180334 0.415168693493239 -1.31387286012082 0 0 879 0 0 0 0 0 0 0 0 0 0
1 0.974174019649651 -1.94087238917528 -1.69835637697375 0.138948147066854 0.97643681984319 -0.330291855630819 0 0 880 0 0 0 0 0 0 0 0 0 0
1 -0.424574028237857 0.631744636848861 0.574850150064337 0.716882176786055 -0.52703513686413 -0.686397135399842 0 0 881 0 0 0 0 0 0 0 0 0 0
1 1.08168444132961 -0.546661026210524 -0.420101259464111 0.68177106783058 -0.0970785565818349 -0.838774255723507 0 0 882 0 0 0 0 0 0 0 0 0 0
1 -0.149780683416396 0.222415355532773 0.726597866655065 1.58523090964098 -0.735751897851507 0.245312709843256 0 0 883 0 0 0 0 0 0 0 0 0 0
1 -0.280384765094067 0.573595312853854 0.595679087090161 -0.631602145093153 1.16460658281736 -0.286548710958728 0 0 884 0 0 0 0 0 0 0 0 0 0
1 0.305251400938288 0.35763948203053 0.402909094983342 -0.400330505627369 -1.28578960408243 -0.0117703949361 0 0 885 0 0 0 0 0 0 0 0 0 0
1 0.366146786958588 -0.504526629408433 -0.45565305769643 -0.725273325500819 0.29474990532164 -0.0870485519369327 0 0 886 0 0 0 0 0 0 0 0 0 0
1 1.23105724624503 0.826811191976143 0.389136459896321 0.155246467737963 0.353472726974702 0.287328066336042 0 0 887 0 0 0 0 0 0 0 0 0 0
1 -0.244108663081843 0.673635157781924 -0.409966799999603 0.927394851742573 -0.257941074780768 0.785821975562315 0 0 888 0 0 0 0 0 0 0 0 0 0
1 0.212270339724701 -0.0650431184336708 -0.145885999060424 -1.76773168685972 -0.999424984904474 0.297801831359905 0 0 889 0 0 0 0 0 0 0 0 0 0
1 0.26637985628314 0.625272020491047 -0.548787000359839 0.553787143386601 -0.786152163123182 1.83224784614297 0 0 890 0 0 0 0 0 0 0 0 0 0
1 0.152300817396564 -0.753647311490752 -1.21241729701026 0.0184434204380405 -0.476357220328133 0.183411331532132 0 0 891 0 0 0 0 0 0 0 0 0 0
1 1.52283359213564 -0.0588523949528765 0.544488101584693 -0.870709941268349 0.803562369931618 0.291451931906029 0 0 892 0 0 0 0 0 0 0 0 0 0
1 0.499971419191894 0.211129073733975 -0.0157175857771756 -0.500087373043106 1.77055703417471 0.0571400813289299 0 0 893 0 0 0 0 0 0 0 0 0 0
1 1.05128707290251 1.11246369138551 -0.0202259363409255 -0.399289510474248 0.586048958045513 1.52080370893508 0 0 894 0 0 0 0 0 0 0 0 0 0
1 0.128323670588347 0.0380114580947701 -0.877797656711402 0.243046669451065 -0.687271047957479 -0.926940497772223 0 0 895 0 0 0 0 0 0 0 0 0 0
1 0.862249508258565 -0.551861632357002 0.101608184636237 0.407433527023664 1.53412057291746 0.0500209546716142 0 0 896 0 0 0 0 0 0 0 0 0 0
1 2.18276483814556 2.02885321238418 -0.440593736570447 0.349523549040604 0.04111158459718 0.433804189888638 0 0 897 0 0 0 0 0 0 0 0 0 0
1 -0.424502993106556 0.155290899866783 -0.0280665571847368 0.264615992110814 0.552747193926701 0.840999402955378 0 0 898 0 0 0 0 0 0 0 0 0 0
1 0.0869465581166827 0.0801655117153721 -0.44786310407979 -1.03333164594824 0.566992934302125 0.567131727311235 0 0 899 0 0 0 0 0 0 0 0 0 0
1 -0.232497698811622 -0.52619780086905 -0.133024591611311 0.629904002170724 1.61280134969806 0.993756085896281 0 0 900 0 0 0 0 0 0 0 0 0 0
1 -0.324961689502802 0.0435871605469475 -0.544205215833285 -1.62851503362888 -1.01366726127495 0.754698742935482 0 0 901 0 0 0 0 0 0 0 0 0 0
1 0.1536212087478 -0.87044046147244 0.34857015103488 -0.0372056850995138 -0.457809723485931 -0.28066649913425 0 0 902 0 0 0 0 0 0 0 0 0 0
1 -0.330065347340655 -0.250306897610465 0.375329794977426 0.200865441183367 -0.333654535898975 0.445337976543789 0 0 903 0 0 0 0 0 0 0 0 0 0
1 3.02499810117288 -3.56156439060396 7.63211477766696 -0.14403550968616 -0.350517340179947 -0.0809224387026089 0 0 904 0 0 0 0 0 0 0 0 0 0
1 0.470167868848696 -1.22502104440657 -0.37442755782863 0.593463689020798 0.884289154961141 -0.522364020976071 0 0 905 0 0 0 0 0 0 0 0 0 0
1 -0.75238854720868 0.904252310677666 -1.67098787506054 0.357702790173745 0.15680645869457 -0.340506838567711 0 0 906 0 0 0 0 0 0 0 0 0 0
1 0.929670143291232 -4.59237022128805 -0.727010344559728 0.215598154439248 0.295788897201383 0.294820160833803 0 0 907 0 0 0 0 0 0 0 0 0 0
1 0.109092823680848 0.157930900086872 -0.233866678403637 -0.445624603595608 1.2080342165306 -0.151281949284318 0 0 908 0 0 0 0 0 0 0 0 0 0
1 -0.93309822017804 1.06794393438232 -1.85772473992379 0.86246687098212 0.140341975554197 -0.989289673252058 0 0 909 0 0 0 0 0 0 0 0 0 0
1 -0.653197637633074 -0.716898335762734 0.503765495040324 0.569841945608579 -0.230741368480749 -1.01933920404942 0 0 910 0 0 0 0 0 0 0 0 0 0
1 -0.561587982905911 0.325829285912492 0.347044035375349 1.16440894445801 -0.833913543227299 0.240486911410372 0 0 911 0 0 0 0 0 0 0 0 0 0
1 0.962951650720615 -0.669049180074747 -0.703343954519666 0.945180585512657 0.387990693054277 -0.542085193494049 0 0 912 0 0 0 0 0 0 0 0 0 0
1 2.03789895114516 0.473486225937228 0.668360699318273 0.0686659784986923 -0.541393238701508 -0.795726958228776 0 0 913 0 0 0 0 0 0 0 0 0 0
1 1.3571570872661 2.04775493384865 0.665943278694333 -0.209430429000207 1.00987318616158 -0.224253507262611 0 0 914 0 0 0 0 0 0 0 0 0 0
1 0.217453489650409 -0.533064554248164 0.773966187239165 -0.2126289926282 -1.43604207115319 -0.377779669971829 0 0 915 0 0 0 0 0 0 0 0 0 0
1 0.674909114600185 0.171861554189132 0.529508902763879 1.07579568848404 -1.3840585457229 0.294598434192768 0 0 916 0 0 0 0 0 0 0 0 0 0
1 -0.862910228624863 1.37595522484432 -0.594825551037087 -0.0775173077035726 -0.198347326936448 0.669969048932794 0 0 917 0 0 0 0 0 0 0 0 0 0
1 0.63589951200061 -0.165872127200599 0.0541230582614484 1.27544453294235 -0.595871188568864 0.772408902960366 0 0 918 0 0 0 0 0 0 0 0 0 0
1 -2.14883474586141 2.63256346401253 1.74068926567372 -0.56869554464374 -0.180349310168432 -0.27483213572467 0 0 919 0 0 0 0 0 0 0 0 0 0
1 -0.570289617583507 1.62338508540074 -0.896295434511686 -0.743204285546815 0.0555617932273673 -0.0337539487411144 0 0 920 0 0 0 0 0 0 0 0 0 0
1 0.820565031767627 0.601660685004185 -0.995506409973608 0.469666158225238 -0.521186457884454 -0.253530422294009 0 0 921 0 0 0 0 0 0 0 0 0 0
1 -0.491303150980981 -0.0760353705166157 1.31771695906011 -1.34423028016694 -0.233575090749934 0.959754122741133 0 0 922 0 0 0 0 0 0 0 0 0 0
1 0.449241904377698 0.494646520458121 -0.0110805320785327 -0.614705706462421 1.37922272373003 -0.210166115025505 0 0 923 0 0 0 0 0 0 0 0 0 0
1 -0.0468288287532903 -0.16134780115763 0.516210291427027 0.484176094537121 0.331665500857896 -0.63074864651549 0 0 924 0 0 0 0 0 0 0 0 0 0
1 -0.248269476027183 0.128614433948407 0.275709353415541 0.739376715028459 0.580562815613472 -0.700801384210803 0 0 925 0 0 0 0 0 0 0 0 0 0
1 0.08730573339812 0.192498978791407 1.06444883429232 -0.137450065072656 0.165612510079655 0.343299297493459 0 0 926 0 0 0 0 0 0 0 0 0 0
1 4.15249379188295 -0.508256053399397 -1.60902487090122 -0.660987009264489 0.258948206281384 0.13847658291798 0 0 927 0 0 0 0 0 0 0 0 0 0
1 0.233508023818245 0.207780647853723 0.0214585423229819 -1.46387795415203 -0.40509983955733 0.394098590655985 0 0 928 0 0 0 0 0 0 0 0 0 0
1 0.745892160119764 0.128754914759875 -0.258985021040532 -0.808064027415698 -0.47849216770171 0.576808877878459 0 0 929 0 0 0 0 0 0 0 0 0 0
1 -0.799495943657007 0.821222964530263 -0.820851315168525 0.051713857780081 -1.1355533309052 -0.572284364447428 0 0 930 0 0 0 0 0 0 0 0 0 0
1 -0.103928982609923 0.545190489384894 -0.604240691598774 -1.14622327416319 1.69052327069786 -0.523303100944214 0 0 931 0 0 0 0 0 0 0 0 0 0
1 0.511400077880841 -1.2096622293225 -1.15287683764378 -0.362671663649133 -0.00460787525302864 -0.89726330463183 0 0 932 0 0 0 0 0 0 0 0 0 0
1 -0.46315462994216 0.287628640773583 -0.823990257505852 -0.596284936505611 0.16554443073289 1.19207682034481 0 0 933 0 0 0 0 0 0 0 0 0 0
1 -0.147061858251397 -1.49409477514531 -0.609719025805848 -0.513140726750128 0.393711477658622 0.0554201286155363 0 0 934 0 0 0 0 0 0 0 0 0 0
1 3.33258518651951 -4.76369124807249 0.757704066751899 -0.26788892716401 0.23729824023114 0.0202748695178471 0 0 935 0 0 0 0 0 0 0 0 0 0
1 1.8977556099305 0.379244358716901 -1.91052024985837 0.163492666529773 -0.88693289576338 -0.54934576499413 0 0 936 0 0 0 0 0 0 0 0 0 0
1 -3.9550174417221 -1.16875385472417 0.436295717481483 -0.521897203479604 -0.200068952232303 0.745759403346242 0 0 937 0 0 0 0 0 0 0 0 0 0
1 1.15726201762961 -0.44126129312748 0.734693954874925 0.188961988401059 -0.147183086727451 -0.509217172698358 0 0 938 0 0 0 0 0 0 0 0 0 0
1 -0.0519982335836222 0.0105220982102642 -0.552475826225011 0.983612391460697 0.3008953212729 -1.15968375989825 0 0 939 0 0 0 0 0 0 0 0 0 0
1 -0.0993333589450994 0.0092453919978658 -0.775356199770731 0.975581353304782 0.33711447937706 -0.62256269376151 0 0 940 0 0 0 0 0 0 0 0 0 0
1 0.776871644027278 -0.053092609832148 -0.334229986448864 -0.212515374003451 1.03850967462442 -0.546515904143434 0 0 941 0 0 0 0 0 0 0 0 0 0
1 -0.936364180543746 -0.21142894742313 -0.103214524070055 -1.86890213253252 -0.0635403702058526 -0.471750388458016 0 0 942 0 0 0 0 0 0 0 0 0 0
1 0.291151911188487 -1.01844073192152 -0.105908544358767 -0.550562062822335 -0.604511006270531 0.702565088322476 0 0 943 0 0 0 0 0 0 0 0 0 0
1 -0.473119319544488 0.0689249941349906 -1.22166911393594 -0.588346249199905 -0.541861976436719 -0.51209874649291 0 0 944 0 0 0 0 0 0 0 0 0 0
1 0.119535353766741 -0.14713892506939 -0.133008451494122 -0.277286501727565 -1.09999178457403 -0.0804830647996191 0 0 945 0 0 0 0 0 0 0 0 0 0
1 0.402064048565132 0.141749816957629 -0.180685176016048 0.291432748175196 0.715516214036228 -1.54572717035172 0 0 946 0 0 0 0 0 0 0 0 0 0
1 0.562670762366626 -0.229786523115779 0.127851729229409 0.36114854103377 0.611115913467001 0.909297844038255 0 0 947 0 0 0 0 0 0 0 0 0 0
1 -0.236645312231054 0.24325815033779 0.395600872033947 -0.792815817613203 -0.377484826588483 1.09916231082608 0 0 948 0 0 0 0 0 0 0 0 0 0
1 -0.420916979326786 0.66612022737321 0.983949170210971 0.0707540578232545 1.1599140147921 -0.847451813878058 0 0 949 0 0 0 0 0 0 0 0 0 0
1 -0.364193322498548 0.376109432060208 0.0541034167399581 0.652087356922763 0.982092800105998 -0.647030128921356 0 0 950 0 0 0 0 0 0 0 0 0 0
1 -0.0452362354858734 -0.274427044497581 -0.300713532145957 0.333311195544003 -0.589947150674921 -0.841215660956896 0 0 951 0 0 0 0 0 0 0 0 0 0
1 -1.00178940314381 1.11150704726913 0.0391169323080916 -0.431471173149969 -0.443260933295058 -0.262278329904505 0 0 952 0 0 0 0 0 0 0 0 0 0
1 -0.270525056243165 -0.159621588648989 0.160853696656682 -0.10817563634975 -1.64486580813453 -1.05342553070836 0 0 953 0 0 0 0 0 0 0 0 0 0
1 -2.15805224661182 2.33369041909479 -1.33468950323385 1.2279101466485 0.122938764554475 0.295634350429568 0 0 954 0 0 0 0 0 0 0 0 0 0
1 -0.623335462571914 -0.330738702595083 0.303696871417949 0.580961817028529 -0.146387463878977 0.842503463758181 0 0 955 0 0 0 0 0 0 0 0 0 0
1 -2.73505532932916 -1.27822317170388 0.229693298779298 0.91150101854728 0.656803113061594 0.391826864735365 0 0 956 0 0 0 0 0 0 0 0 0 0
1 0.121893393250356 -0.670884370389252 0.581428857143476 -0.221686339342273 -0.589517736021084 -0.641053684110045 0 0 957 0 0 0 0 0 0 0 0 0 0
1 3.2853018135437 14.4155658767739 -0.0929585303745953 -0.0154307611748207 -0.040521692327971 -0.318211264339691 0 0 958 0 0 0 0 0 0 0 0 0 0
1 -0.0556415983823936 -0.0150942385507413 -0.194028412146074 0.177462612367976 1.03347261083468 -0.590648909603446 0 0 959 0 0 0 0 0 0 0 0 0 0
1 0.52519330406483 1.07462224612269 -0.234850227355401 -0.037380095020186 -0.489345918811442 -0.820443208998358 0 0 960 0 0 0 0 0 0 0 0 0 0
1 -1.24853008116256 -0.0059478932715598 -0.349228525454257 0.590010356356152 -0.42330855039117 0.184063760347661 0 0 961 0 0 0 0 0 0 0 0 0 0
1 -0.286175255539627 0.168673987199147 -0.68726535244123 -0.365797793508384 1.66731150282032 0.174000515013247 0 0 962 0 0 0 0 0 0 0 0 0 0
1 14.5140877156758 -12.5740990536761 -7.49810003899069 0.126866167977358 0.00706517925158775 -0.433182857568729 0 0 963 0 0 0 0 0 0 0 0 0 0
1 -0.734988064264458 0.396144198777357 -0.118145594444417 0.871143501308584 -0.460275535379893 -0.242407455170059 0 0 964 0 0 0 0 0 0 0 0 0 0
1 3.27298104639261 -1.15907955514401 -1.14787966439657 -1.2184632113783 -0.206278633401967 0.184341988621991 0 0 965 0 0 0 0 0 0 0 0 0 0
1 0.65078044327382 -0.320054217872564 -0.749849077090317 -0.700285594624751 -0.14506470845889 -1.04863811622722 0 0 966 0 0 0 0 0 0 0 0 0 0
1 -0.711496603858851 0.286483629522199 0.107759248103927 1.47418185914647 -1.29805286263694 0.302233611590517 0 0 967 0 0 0 0 0 0 0 0 0 0
1 -0.284829404042698 -0.343357616668187 -0.653941264098384 -1.16469888344018 -0.405496861063577 -0.457119715794914 0 0 968 0 0 0 0 0 0 0 0 0 0
1 0.11274989247916 0.235134060268427 -0.0534323378298002 0.0545763097368434 -0.831933876851416 -0.897931767178713 0 0 969 0 0 0 0 0 0 0 0 0 0
1 -1.28959700654521 -1.98754599746512 0.399026225102074 1.33678788888877 0.0306305134334921 -0.298599661986699 0 0 970 0 0 0 0 0 0 0 0 0 0
1 0.348491902258395 -0.302268166339726 1.04130476190939 0.553416062907896 0.912002234747155 -0.563239581672944 0 0 971 0 0 0 0 0 0 0 0 0 0
1 0.0585507220226218 -0.480301323431031 -0.253230645137608 0.959448283284896 0.829279672108611 0.64095099521425 0 0 972 0 0 0 0 0 0 0 0 0 0
1 -0.269980177922971 0.188090215374614 0.0584018545888934 -0.311367844225477 0.0994202039134226 -0.00523792448428957 0 0 973 0 0 0 0 0 0 0 0 0 0
1 -1.15814851569611 0.107396623660025 0.189679655322014 0.295395581746012 -0.758794455396744 -0.640786590989033 0 0 974 0 0 0 0 0 0 0 0 0 0
1 0.621214363364318 0.793059040799338 0.505893374282505 0.571355219348751 -0.255528043325743 -0.377684854420313 0 0 975 0 0 0 0 0 0 0 0 0 0
1 5.77581803165485 6.96544131531292 2.37916951314732 0.297399665217832 0.551736031663696 -0.0138661244021102 0 0 976 0 0 0 0 0 0 0 0 0 0
1 -0.022546287337622 0.473877397166257 0.106148064078339 0.459866870583594 0.397677787869674 0.634117571147413 0 0 977 0 0 0 0 0 0 0 0 0 0
1 0.0742385544399395 -0.445833710432385 0.998852985989887 1.43168070632781 -0.624927875302291 0.886982519918247 0 0 978 0 0 0 0 0 0 0 0 0 0
1 -1.7283206037822 -0.138433668952584 -0.963361417200975 0.35297890290933 -0.550388349867913 0.637813577388109 0 0 979 0 0 0 0 0 0 0 0 0 0
1 -0.775315735092861 -0.130728467540555 -1.20883413089377 -0.0459753805416511 1.00095257540412 -0.707023724285081 0 0 980 0 0 0 0 0 0 0 0 0 0
1 0.251956976324191 -0.313736732462614 -0.719875279765655 -0.55516068705958 -0.0547490520994368 1.91034295981473 0 0 981 0 0 0 0 0 0 0 0 0 0
1 0.0996202584368098 -0.160835592118846 -1.12930640061545 -0.798576340963459 0.462660292759041 1.16135717692882 0 0 982 0 0 0 0 0 0 0 0 0 0
1 -1.79248882972822 -2.10446180933129 0.793431343374663 -0.685346262552217 0.521658884424764 1.08727381260817 0 0 983 0 0 0 0 0 0 0 0 0 0
1 -1.16913574569959 -0.52931586257039 0.560515450610861 1.04418078305746 -0.459302760684788 0.0694353307416364 0 0 984 0 0 0 0 0 0 0 0 0 0
1 -0.999727508383247 0.399894980482791 -1.05796778593 0.0853007260299261 0.975467425252238 1.08651011195963 0 0 985 0 0 0 0 0 0 0 0 0 0
1 -0.721042857167309 -0.468092913309482 0.264487265232866 0.0576726401586623 -0.865379323270051 0.276407410513675 0 0 986 0 0 0 0 0 0 0 0 0 0
1 0.0981915839969123 0.0376639624656429 -0.396939210854867 0.332137309160845 -1.34221141591826 -0.694992584659197 0 0 987 0 0 0 0 0 0 0 0 0 0
1 -0.0022359922641083 -0.0405307062261687 -0.165179369145982 -0.492789341599288 1.01929465296891 -0.874744307030504 0 0 988 0 0 0 0 0 0 0 0 0 0
1 -1.39557091248869 -2.63059261030069 -1.62551871876166 -0.168420977071367 -0.27817871202969 -0.251660773303373 0 0 989 0 0 0 0 0 0 0 0 0 0
1 0.183409210112545 -0.137473185687083 0.261096490272866 0.20436940329212 -0.590136019583424 1.00088104090316 0 0 990 0 0 0 0 0 0 0 0 0 0
1 0.52912284659726 -0.157911947831977 0.473062677248084 1.40045606707809 -0.804577941268965 1.05141169188074 0 0 991 0 0 0 0 0 0 0 0 0 0
1 0.355018408629197 -0.423021869179827 -0.277607115311792 -0.537297971294138 -0.11273539400772 0.676161147241354 0 0 992 0 0 0 0 0 0 0 0 0 0
1 0.0624963112820578 0.297295075556453 -0.707369891424695 -0.739916421860752 0.65925228666149 0.0994872394498303 0 0 993 0 0 0 0 0 0 0 0 0 0
1 -0.0397044571358929 -0.0446722375133771 0.516211755328066 0.459729659478159 0.515221388048398 -0.0550464813051721 0 0 994 0 0 0 0 0 0 0 0 0 0
1 -1.57585551862937 -0.703616307646284 0.399281431760384 1.12039028929601 0.610532618392466 0.663006552634112 0 0 995 0 0 0 0 0 0 0 0 0 0
1 -0.121230964326776 0.0612836152351843 -0.273868602673695 -1.61747231586943 -1.61112454031178 -0.200550958043607 0 0 996 0 0 0 0 0 0 0 0 0 0
1 1.16061926559288 0.0209567812184262 -0.145510983715077 -0.499063016819936 0.357190314248864 0.380776402770304 0 0 997 0 0 0 0 0 0 0 0 0 0
1 0.0893705542151964 0.0458103417790062 0.101217678913381 1.25403486149644 0.847404321053997 -0.335732430269974 0 0 998 0 0 0 0 0 0 0 0 0 0
1 0.0951479009872367 0.189696550497663 0.178923725589789 -1.00695496820274 1.78217841991262 -1.40448453524227 0 0 999 0 0 0 0 0 0 0 0 0 0
1 0.480564405164572 -0.136020175727441 -0.43872668943965 0.321095249995765 1.44218025840404 -0.859600783881878 0 0 1000 0 0 0 0 0 0 0 0 0 0
