1.0000000000000000	-0.1698341478258333 -0.0685318380902408 0.0615547284032766	0.7336599050722744 0.2137837944757796 0.9131356937780994
1.0000000000000000	0.2961277516453036 -0.6480217128067743 2.5920356056180269	-0.7921844056519513 0.1435460016679498 -0.0764297031283737
1.0000000000000000	-0.1269814108334048 -0.1629219743035696 0.4799471642856781	-1.2103957946790951 -1.1852279946216848 1.3746290720931136
1.0000000000000000	-13.2376165059317756 -1.9206602007800833 3.5469627848092919	-0.2599585259014214 -0.4431273679728592 0.1520309277553771
1.0000000000000000	-0.1251249476942649 0.5189810267201683 0.8514942065175112	0.0237032581740878 1.2344476627058014 1.1836827609712084
1.0000000000000000	-0.6690431278196942 0.2163554189095671 0.3109002991964253	0.7182025468449735 -1.2696840661933257 -0.2432925739802332
1.0000000000000000	-0.2388981508542004 -0.2136221038252087 0.0891871460367677	0.7726702493502760 -1.1930032139437603 -0.5617619117731869
1.0000000000000000	0.6188854014056485 0.2940213731203620 -2.7865566326198246	0.1222172530994243 -0.5455678416391846 0.3526006817313158
1.0000000000000000	-0.1090337729448458 1.6980320672249154 -1.9110286763916866	-0.5801838149163264 -0.0504970973954189 -0.3200811183210241
1.0000000000000000	-0.2153835826656370 -0.1257751961206614 0.4131657369703318	1.1667077667159613 -1.1940728240229450 0.9210887905583245
1.0000000000000000	-0.9511103113041187 0.2445241058492346 -0.1567198772552248	-0.4127000193436931 -0.3217124345847168 0.1114712400457611
1.0000000000000000	0.0664531568760281 0.2544728529429428 1.1033864445506507	0.4254206272076922 0.4713261679173105 -0.6690973670414073
1.0000000000000000	-0.0155049120516943 0.3401757268037625 0.2975956857519402	1.7861818812274477 -1.0176055310060681 0.4300442833781937
1.0000000000000000	0.1882855846154283 0.1764493828914550 -0.4025161565312380	0.6290996231425643 -0.3662302440981535 0.1203204807081183
1.0000000000000000	0.5992457738247978 -0.7566261843674175 -0.0705568371486754	0.0043607090918050 0.0852938771583107 -0.9405764798064942
1.0000000000000000	-0.0895912033808274 1.1045552095496092 -1.6866876081729592	-0.3556429818847885 0.7765701157747702 -0.1448647699838833
1.0000000000000000	0.4512974019834186 0.8878413276504228 0.8437546436895523	-0.8932312491005325 0.5005445781417527 0.8483160775977397
1.0000000000000000	0.7640868807845823 0.2024949197594762 -0.5283350260872113	-0.1033851300688473 -0.4251794889423186 -0.1684996894743478
1.0000000000000000	-3.0588998584331395 1.5150440938992287 -0.8430530642775368	-0.9768187964700716 -0.2821856848747343 -0.1364686486134044
1.0000000000000000	-0.6901975975060280 0.6827735349608344 0.2514762905663285	-0.3043312439101228 0.2361158876258224 0.0630382911417889
1.0000000000000000	0.3794627974563598 0.0597770187042040 -0.4655071449649262	-0.4652389411193317 1.2681953595167030 0.3670701265303069
1.0000000000000000	-0.6990511308360844 1.3835502956888437 -0.0162531774278350	0.5159992414134327 0.3778233569546509 0.3966151922577601
1.0000000000000000	0.5514024541397369 -0.2440220676347346 0.3649920834611611	-0.4147453694070311 0.4050674460062048 -1.1049790590777806
1.0000000000000000	0.6231221297502152 0.1442617282900470 -0.4293208046257885	0.6218520292367390 -0.8592826489747827 -0.4763753144535988
1.0000000000000000	0.3378887081209530 -0.0521022999931930 0.0972624496350867	-1.5318590263709573 0.4498202756692068 0.2109955178988463
1.0000000000000000	-1.9165416117560803 -2.1355785163891299 0.0813698005610223	-0.2351989168172147 -0.4345249142983248 -0.0403923600266206
1.0000000000000000	-0.8276298805312751 0.2457524724352995 -0.2201367979247922	0.2063583942614264 1.3423717042557408 -1.4426208690842539
1.0000000000000000	-0.2412807536602548 0.1766353650158007 -0.2811974753773568	-0.2758188013164132 0.7583717848064101 -0.1620259389040275
1.0000000000000000	-1.4340560638753208 -1.7519009700199035 1.6129818885801581	0.9106723218004962 -0.6419436120211515 0.1706174077635529
1.0000000000000000	-0.5557862745054554 -0.1150108106369064 -0.1395876644186405	-0.8028049655455416 -0.8110530599511859 -0.0213104220049307
1.0000000000000000	-0.1639135111724561 1.1605226433041933 0.6321662300545996	-0.7309999648187113 0.2939521583943473 -0.2052679183788468
1.0000000000000000	1.4410321278877705 4.7772801901048121 -2.3979616717322858	0.2557383741212038 -0.0644483128176170 -0.2776858952765512
1.0000000000000000	-0.5242817241936386 0.4721698420961206 -0.2416398785813576	0.0035743125136176 -0.0202333111488894 1.6524044416897270
1.0000000000000000	0.8385248043653007 -2.4049818412520017 1.4710370479912627	0.3815318853839557 -0.0657936106281607 0.8059359462441565
1.0000000000000000	0.0007487715083872 -0.1287473610873956 0.1508828795961776	-1.4811206224593141 -0.6215456040625613 0.7723046773879477
1.0000000000000000	0.4585778704591033 1.0904001277494821 0.7014619014978319	0.7946663570929852 0.3841282227688804 0.3508135729081560
1.0000000000000000	2.6226325332885909 -1.9334583121732414 0.2853892520530717	0.4352156832409251 0.8010276142642756 -0.0729557950602341
1.0000000000000000	-2.4756228486872156 2.3978124100649088 -0.8404855950902321	-0.4834084232615110 0.0954850579580375 -0.1402188276091895
1.0000000000000000	-1.4130520749828357 -0.1190672064638640 -2.4919625675232369	0.4549065904614825 -0.4172752692677614 -0.2237163522885039
1.0000000000000000	-0.6371928086628195 -0.3274900505990523 -0.1267345251205391	0.4434233680668076 0.5784402033031976 1.6784115338224841
1.0000000000000000	0.7140833966095246 -1.4492284939855926 0.1789516675076080	0.1279244984429275 0.4847096768619714 0.5674816494547904
1.0000000000000000	-0.7641776590195186 1.2365831667810319 -0.5723722757333363	-0.1529617195659931 0.0713636185979824 0.8565303694529156
1.0000000000000000	0.0482384445301947 -0.1152771354738262 0.1958226838849222	1.3176195323113817 0.3786145968820917 0.2665782384809003
1.0000000000000000	0.1804354009287009 0.4571944651079997 0.2907514389990936	-0.1468305497196710 0.3759828837263059 -0.7395503939842745
1.0000000000000000	-1.5650259755630611 5.5478020421955003 -0.6528198523566173	-0.4039230010596471 -0.0476389138178442 -0.1640218435925659
1.0000000000000000	0.5448428292713461 0.2826792902506425 -0.1623900410904609	0.7233617155798572 -1.2449339615553088 -1.4321864040374372
1.0000000000000000	2.5865054489594579 1.2595529007288540 2.4983515830639726	-0.9272741900016990 -0.1003992353687114 -0.0332072367635921
1.0000000000000000	-0.2360725554483981 -0.1684311341836747 -0.5378219142689854	0.7658845816966371 1.2109485314398110 -0.3891182558829409
1.0000000000000000	-2.4329956699269673 -0.3580305128015226 0.8345419843139046	0.0262629556055469 -0.2094788198971100 -0.6547466862847351
1.0000000000000000	-0.7989904879130488 -0.0826285825993977 -0.8060294640386592	1.1335535238989229 0.2508306568256828 -0.0873147680950041
1.0000000000000000	0.0257742402901457 -0.2167953292097098 0.2946971433701409	0.2593814502650859 -0.0236045481614929 -1.1005762697578074
1.0000000000000000	0.1544712610792637 -0.2315478474198323 0.2135612468362263	0.5687008025441754 0.2987459353104112 1.2089450787483274
1.0000000000000000	0.3228428647627509 0.0052652312254901 0.9973194096360981	-1.1330231926542984 1.0136236357068065 0.0666108985324776
1.0000000000000000	-0.7330214694002993 0.2735353075978550 -0.3395230159297690	-0.8002847597582770 -0.2391711303283517 0.3542456554055837
1.0000000000000000	-0.0517524914144607 -0.1660847141388933 0.4074311604578892	0.1919473979701082 1.9444272797144015 -0.7832083920154826
1.0000000000000000	-1.6064905010247268 -1.9392888560336614 -0.0125815961995318	0.6417177607719373 0.0974214387756108 -0.0351034702357656
1.0000000000000000	-0.8471038324912129 -0.1883739256755018 -0.8971298883872691	-0.6412193096998210 -1.1183119598045899 0.4775886119706010
1.0000000000000000	-0.0157483609269683 0.6786583296473160 0.0650251179939565	0.0024345620421441 -0.6183101864217451 -0.7597753228929394
1.0000000000000000	-0.4327267434356649 0.9110140795257935 -2.7101631077503470	-0.1544658650510707 0.4866819248372575 0.1040345785987036
1.0000000000000000	4.9639124387036144 3.6029672306800844 2.8004860138475576	0.6245013793042269 -0.3277685936694728 0.4101514558376651
1.0000000000000000	0.5498406643961188 -0.7656210734514086 -0.6022282353440309	0.8730198852338998 -0.1685987728790924 0.9048360390451269
1.0000000000000000	-0.0124967722316339 1.7845797179759710 0.8313474953608040	0.3252263743587550 0.2701346019199394 -0.0569591217874657
1.0000000000000000	-0.1986319950621042 -0.4779775018801258 -0.4315428892240288	0.0960265405178078 1.7002494027992219 1.5253525578158644
1.0000000000000000	-0.8707046483724663 -0.2811534963234354 0.6393822310267098	0.2602055583004010 0.2353594441247436 -0.3771403755953412
1.0000000000000000	0.1532966220460562 -0.2427149990508793 0.2804372944154929	-0.9269157018159284 0.7003072056585602 -1.0585037689475514
1.0000000000000000	0.4208289755902831 -0.1221696607794938 -0.5116809415891895	-0.5549427945116501 0.4720926272327330 -0.2253279158100632
1.0000000000000000	-0.7813149265102290 -0.3926686122801324 -0.0363639508864478	0.0133865318646522 -0.3431770628452679 0.5377667408802962
1.0000000000000000	0.0509086594266527 0.2066794691967178 -0.1724810718261622	0.3081798632643161 -0.4363009139414803 -0.8027952270902809
1.0000000000000000	0.0064441200707152 -0.4031025862276574 0.2310142364630919	0.3570597948640659 -0.8145190338099401 0.9466648290879142
1.0000000000000000	0.3684667812328323 1.0732017341554900 -0.0751691363151282	-0.8538157807703127 -0.3048114123763743 -0.5095890076699687
1.0000000000000000	0.2613838040711031 2.1439062487658291 0.3690101988543452	1.2535881955788359 -0.6424483150948559 0.2823480736554068
1.0000000000000000	-0.4309967074085925 0.9276534487874614 -0.8355217407476971	0.4665077334091927 -0.0848425334259440 0.3807612910556248
1.0000000000000000	-0.1729945490492165 0.5820534651495284 0.1832405020587490	-1.0074309583566843 0.4996714284977403 -1.0245517488423856
1.0000000000000000	-1.3172492602509704 -1.8770327632466690 -0.9972913096885676	-0.7662528496181195 -0.2490492292876058 -0.1621874270326475
1.0000000000000000	0.1042499555663678 -1.1232599126676175 0.2142644943447656	-0.8361768937606391 0.8927397555887034 -1.2491802950633331
1.0000000000000000	0.1084571550432565 0.0233283364763932 1.0192377098279428	-0.3887118264915063 0.3565026778615576 0.5363975487879681
1.0000000000000000	-0.9243268650115137 1.4040018221921533 -0.9403657876760445	-0.1678341580874116 -0.4142648544399368 0.4391946819534838
1.0000000000000000	-0.7762663910024824 1.5314437913439645 0.7677544716706663	-1.5125758046152156 -0.1262559325641405 -0.2134050974398275
1.0000000000000000	0.8391042782672848 -0.8317402874624605 -0.2925038561259788	-0.0849603092989206 -0.9452007237640008 -0.8540709039390366
1.0000000000000000	0.5945779270666308 0.9055498369067653 0.3634758299940530	-0.9915237639227984 0.8548473902379901 -0.2777165247268368
1.0000000000000000	-0.2436251901630289 1.0474313204769112 0.2032622494364054	0.6500219085807651 -0.2240285942087166 -0.7900224613262457
1.0000000000000000	1.3293493344275091 -0.6368455904881639 -0.2721010546183013	-0.0539249938138847 1.5802057921487405 0.4155009787207369
1.0000000000000000	-0.0813173360320102 -0.6423623657560736 -0.2019383147275580	-1.1959096684477160 -0.2438415878401618 0.3886410520010666
1.0000000000000000	-0.0165998856268143 -1.2434694294794417 -0.7622865566187536	-0.2069378409615171 0.1843786816447231 -0.8261907633136639
1.0000000000000000	0.6463221965138569 0.0188053856078732 -0.1140816198829784	-0.6837037612751177 -0.3826776801792777 -0.4627243504293114
1.0000000000000000	-0.0649900998287061 -0.5745688491892330 0.0199881136934564	-0.3651454376825135 1.0375381352922768 0.0638737736063462
1.0000000000000000	-1.1376990651967738 0.0747819068032469 -0.9305502968245448	-0.4517369491486440 -0.3458690817427679 1.4862596855332073
1.0000000000000000	-0.5464899894831675 -0.8425686163483976 -0.2046440775119741	1.6165834016988847 -0.6336603135190557 -0.6618321711935896
1.0000000000000000	0.4720995601831718 -0.4543275858613079 -0.4968373088325985	-0.3112387793460090 -0.4022894055701104 0.4202015843194237
1.0000000000000000	-1.3027105525812188 -0.8790457516809596 -0.2862272505883887	0.0064905923232081 -1.1100288657937423 -0.2704538283043360
1.0000000000000000	-0.3222603666717145 0.1068179960827483 0.0133721608416140	-0.6952644247352677 0.9369230064525473 -1.1341996460012234
1.0000000000000000	1.4016384407023734 -0.5561278255102757 -0.3539778692123010	-0.8653377943838271 0.2833761570299025 -0.4804311341398452
1.0000000000000000	0.3233192795761362 -0.1538947156092260 0.1791815181863455	0.9051042672554049 0.8426631320848029 1.1889889929395099
1.0000000000000000	0.0249009435326856 -0.4813503925885353 0.3023081744624829	-1.1376745085916569 -0.3388737810667523 0.8206999287872435
1.0000000000000000	-0.3999478231355944 -1.8542270558253162 1.4696282319383074	0.3045995572272465 0.0925521621216092 -0.5310978704049252
1.0000000000000000	0.6321853224578646 0.4853332940801707 1.0196883362851028	0.0358255837656359 0.7015135048009827 -1.2705542034865860
1.0000000000000000	-0.0378205950891541 -0.2512327463974677 0.0992886242324949	0.7836166286280831 0.1939129822223799 -0.4419007570662919
1.0000000000000000	0.0436981190137424 -0.0234025428799995 0.2021750957734673	0.1258911621017410 0.1710855645187772 0.3492979063443832
1.0000000000000000	0.1145118932203099 -0.5505043331385459 -0.4574456095781482	-0.3002178039108672 -0.9324725009412821 0.5551465051413592
1.0000000000000000	-0.6211461709371304 -0.3514867919061748 1.8744698974152185	0.1083837982303383 -0.1002593968408797 -0.6486523211792776
1.0000000000000000	-0.2443563743850992 -0.0523307319800033 -0.0341276382171295	-1.0942944757936806 -0.2340220563661625 0.4367743371477529
1.0000000000000000	-3.8004581194278693 -9.6569825914046064 7.9250534844698830	-0.2809371432746722 -0.1980749248939332 -0.1493143483073122
1.0000000000000000	0.7312881623640343 0.1631054824545736 -0.8881881653491138	0.5898432632029715 0.1007809480730975 -1.3540903121644954
1.0000000000000000	-0.4811833482500829 0.2169322579580228 -0.3601906564602693	-0.2775276816395867 -0.5109520930399964 -0.1322246674701492
1.0000000000000000	-0.9115953323547722 2.7758665364294597 2.0221433475276904	0.6050655894903167 -0.1703519735387747 0.5940909239095364
1.0000000000000000	0.6629562641280542 1.6621776108471040 -1.6390155300848299	0.1003565057279006 -0.1830612124307926 0.1181668238338496
1.0000000000000000	0.3109574853937261 1.0191733622072969 1.0410091938963530	-0.3006630454535953 0.0864248164036643 -1.1006927022560786
1.0000000000000000	0.4144292366728070 0.1899995352434585 -0.0249058634570201	0.7505231968151292 0.4979675182279143 0.0674524641318286
1.0000000000000000	0.4529732771270806 0.0576707713990516 -0.0649970067765027	-1.1051992200341734 -1.4625178524712223 -0.4863822782627213
1.0000000000000000	-0.6741691883346204 -0.6832943203734690 -1.7609102844532343	-0.6070254463319983 0.8026723072103573 0.0209700339680825
1.0000000000000000	-0.3163960631866288 -0.4280039670084000 -0.9689038454183660	0.6336910841724864 -0.5333969639574846 0.6441832137237816
1.0000000000000000	0.0173411708715977 2.8464514594663135 -2.6368096754270716	0.6351530613236809 -0.5718407661396940 -0.0607594466983989
1.0000000000000000	-1.2495031208159324 -0.8395402098476964 -0.7232218267508892	-1.4168664841378196 -0.8697006793715684 0.6361373435859794
1.0000000000000000	-0.2827836403225670 0.1005450676495221 -0.0186245517097138	0.4669403205622691 -0.3130455456358188 1.0718889844787542
1.0000000000000000	-0.7517479770808574 1.2234439031153195 -0.5068012397352886	1.1162167836722861 -0.7520894872835023 -1.0658340522179885
1.0000000000000000	1.4132367349838257 1.8646707770005313 -2.3485844202573145	0.4724538010092287 -0.3020752188898417 0.5110558113054102
1.0000000000000000	0.1475394153983058 0.1580936537266346 -0.0306262525821016	-0.5883291100746632 0.2524182885190199 0.5553777476868091
1.0000000000000000	-0.1929755116512343 -0.0369620026639056 0.1521972867511673	-0.7350123849432997 -0.3214006399514431 -0.5737720919162006
1.0000000000000000	1.6871499080157610 1.3866140777732130 -1.5547268305557687	0.5059523497098850 -1.0425316098733157 0.5312752870286751
1.0000000000000000	0.1614462540189889 0.4579558815539352 -0.0975510310146318	0.8474047527986627 -0.0273026941874783 1.7377824592701943
1.0000000000000000	0.4397242269073738 -0.2392464044489667 0.8440366095227517	0.8771007025880591 1.4237157224094195 0.4346113961189949
1.0000000000000000	-0.2999636503619420 -0.0075822865671614 0.3151142652517516	-1.1422469214518221 -1.8635673759277078 0.4578078269625568
1.0000000000000000	-0.1824399676048450 0.2550377625854604 0.0740714679034483	-1.3095839449633497 -0.9046495694763426 0.4981292154625921
1.0000000000000000	0.3364831566486484 0.8721306004720545 0.3083264595894079	-1.8763694809081495 -0.5410128494713536 -0.2343955603803844
1.0000000000000000	0.2727748441068718 0.9411985764230564 -0.7601172868639121	0.4252830812298704 0.5852916298027158 -1.0690751569452090
1.0000000000000000	3.2615593863033743 -1.2138379583543055 1.8021520859585884	0.3217165063661716 0.2268198129545296 0.0098960921661232
1.0000000000000000	-0.0021494498289609 -0.8738150159631024 -0.3903594526553050	-1.0595633419347614 0.5110298814092852 1.4443691085215051
1.0000000000000000	-0.6005609035007967 0.1441412274023486 0.3088007338367091	0.2573763884249204 -0.1543996215630673 1.6593238168509417
1.0000000000000000	1.8832164634358906 -1.0718041665556663 2.1843986877709969	-0.6826986150693959 0.3780458068262928 0.4390671720855424
1.0000000000000000	0.6571197004192924 -1.0768644435330446 1.0686585436389644	-0.4797586180866283 -0.0290278206324432 -0.5237062188584924
1.0000000000000000	-0.0944939879632047 0.2169170162773331 -2.5574556129959243	-0.1806029426959138 0.1207321247767226 0.4311845059253284
1.0000000000000000	0.6420949482031745 -0.0803057066804631 0.2874501105119611	0.0215917742850539 -0.3032596408665093 2.1288594304450625
1.0000000000000000	-1.3903502049149179 -0.5821418430848838 -0.2704670064874890	-1.0231491424488290 0.2741707293751792 -0.3825841885187622
1.0000000000000000	2.0219630977984431 1.1727486112146583 0.2945793096799028	-0.5602904627549876 0.4946472533885051 -0.7509772263260089
1.0000000000000000	-0.1193707939932860 0.3704243150532588 0.1908987617396530	-0.1468458361902073 2.6555196446273919 -0.9786261441597931
1.0000000000000000	0.0718567616692040 0.7861865739389107 0.4197403268560448	-0.4991156449947246 0.3952376157368492 -0.4308924979813735
1.0000000000000000	-0.3355964021222759 0.2001610855642065 0.0531088302236708	1.1961898418237815 0.0357435537962167 -0.4568078223032324
1.0000000000000000	0.0074217417798584 0.0494658180615281 -0.0543813968523305	-0.5660773445036086 -0.1844047122827961 2.2986833471710426
1.0000000000000000	0.1261574596451462 0.4041102720116693 -0.3348956388343945	-0.4556535175358324 0.5385221910302980 -1.0383215045207175
1.0000000000000000	-0.2615155572180494 -1.2217874689022783 1.1216037269784704	1.0006303914020662 0.1643201901510498 1.0730356455419501
1.0000000000000000	-0.2769743743499035 -0.2634047985641098 0.6969688513848229	0.3124514188775313 0.7486399220566429 0.4245674828369497
1.0000000000000000	0.2203636856700802 0.2727021992984734 -0.0745207315899946	-0.2647456186424865 -1.9048036313828516 -0.9613172339528563
1.0000000000000000	0.6239996935643850 0.2407138981989553 0.3060365746962955	-0.8237384279652411 0.1969399403993204 0.2465875421496959
1.0000000000000000	-1.5741418679503136 -1.0127801014093909 -0.5036108483115639	0.6161035691523048 -1.2542864330242507 0.1261690525330756
1.0000000000000000	0.5626383305491652 0.2701521298237902 0.3484071634851501	-1.5070451733915546 0.1593981220980787 0.3050291895087575
1.0000000000000000	-0.6532838163098946 0.4795701673968020 0.2595740247689483	0.7956888092673465 0.0702723286202510 -0.5472259333281949
1.0000000000000000	-0.9113527338287294 -0.4204078850952737 0.1892253428982222	0.9754987766983610 -1.1640465130020594 1.6932350224619723
1.0000000000000000	0.2334947760709219 -0.7513549899166077 -0.3681070681560084	0.1592213577925259 0.1282752345291278 -1.0433939603343174
1.0000000000000000	0.5794116754049315 -0.0283116309363217 -0.1348134712970916	-0.5096972495343701 1.0821774980614849 0.0268041865634021
1.0000000000000000	-0.4068301289807546 0.0348858912337210 0.2496558814047138	1.1013766078202369 -0.7934568742053246 -0.1761690021598215
1.0000000000000000	-7.3329731779206044 -7.8711056102462793 1.8003868964846086	-0.2458366926937844 0.3619661779403681 0.1366230147290912
1.0000000000000000	-0.1247820567113991 -0.0275068069240422 -0.1301062538919488	2.0410586580681955 -0.6410403813357819 -1.0698201800511464
1.0000000000000000	-0.2176944374545633 -0.0343538053126623 0.0598609859791873	0.8035333595919290 -0.9137358860820445 0.1199405090109874
1.0000000000000000	0.4464116786822596 -0.7273303075467803 0.0936433245089691	-0.8097686517226990 0.9390347632211766 0.9117718198078980
1.0000000000000000	-1.4509938765463033 -0.6756015179444892 1.5487046214147768	0.4015577660912452 -0.1508156371003105 -0.4869566757388670
1.0000000000000000	-0.1417522943276393 -0.2772760386080401 0.3975007598348138	-0.0255614178725435 -0.7916601401272075 -0.7780069589004361
1.0000000000000000	-2.4519058892565129 0.0214591104520026 -0.7565820229811474	-0.4123682730808142 0.3497398954189985 -0.3055397308697574
1.0000000000000000	-0.5461874741678642 1.3542027357863402 1.5124422922811056	0.3436942858413037 -0.2798024691201245 0.4112246793130823
1.0000000000000000	-1.6718779886765442 1.0473562433320278 -3.1245635655299715	0.2128661494242114 -0.2064931109409661 0.2285560400747196
1.0000000000000000	-0.6801700661862672 -0.1568232385035459 1.1858124836635575	-0.3134719886875119 -0.9123661257798720 -0.9242864851209600
1.0000000000000000	-0.9787546598169137 0.1214607725153344 -0.7177246330794357	-1.2968806957617744 -0.5710817148785864 0.4904482077174504
1.0000000000000000	0.2282202361968766 -1.2714066213652502 0.6033089525308891	-0.8520388658166806 -0.5729090990889631 -0.7003239310055398
1.0000000000000000	-0.6041246923538728 0.3999158469532563 -0.5030946554301660	1.7907732348857233 -0.3690378239775801 0.1529797475315870
1.0000000000000000	1.2116485623230222 -0.0473257971888551 0.2851292378347487	0.3859424299029312 0.4122537785147187 0.1969427548146378
1.0000000000000000	0.8003115595934049 -0.4899046596346046 -1.5425239455368283	-0.7017956621678817 -0.7618997820315733 0.9436258258467658
1.0000000000000000	0.2135107878630764 -0.9900811142083982 -0.4431026193470163	-0.0068611406560221 0.5019225242007136 -0.9185853517540713
1.0000000000000000	0.5609033800619676 0.5215901739625569 1.4327268698854723	-0.5875624243943710 0.5388825440720223 0.7610737094114067
1.0000000000000000	0.0059303256269865 1.2784047463412276 -0.8935901066116551	-0.4158407404840467 -1.2003113376475900 -0.3862269674503798
1.0000000000000000	0.1551069716897098 -0.0854284966455829 0.2164911625596798	-0.9585231497373268 -0.4288925359472194 0.5963711959746899
1.0000000000000000	-0.3375179642614465 -0.4582703252022912 0.0576553359134526	-0.9327343178736850 -0.8970016429860761 1.5126223119385234
1.0000000000000000	-0.4652931051562609 -0.4277458230612478 0.0904739532373064	-0.4289633808084263 1.2966182847079621 0.2630556314419065
1.0000000000000000	-0.2188776942011568 -0.0063698783878624 0.3638314698876303	-0.2135256879745629 -0.9071469565642911 1.0305361290381336
1.0000000000000000	-0.3017922325227147 -0.2160161600346131 0.2608102496492673	0.9344925527503252 -0.3590148631532976 0.1670068172077285
1.0000000000000000	-0.6196147028981940 0.3189451627949665 -0.1170041846099070	0.7437645880506791 -0.7970949186984732 1.6785518781086342
1.0000000000000000	1.8885863293021135 -0.3045159567594866 0.5755037116019122	-1.0383731423605278 -0.3973484090820328 0.1978493236050825
1.0000000000000000	0.2737476388763985 0.4926076392064946 -0.0074292097402528	1.7858160890478239 -0.0128940328489975 1.0947125530814761
1.0000000000000000	-0.4795532264087939 1.3012361987364383 -0.1857079983137316	-0.2638741669635488 -0.0668039782472267 -1.0264588608480312
1.0000000000000000	-0.0644373158240429 0.2370544102055524 0.6361590031747666	0.4336463109720654 -0.6464203180970248 -0.1378292327419447
1.0000000000000000	-0.3730858757386208 1.3968938131244879 -0.1250757225928100	-1.1563098512539352 -0.8755392565592849 -1.1568094284439556
1.0000000000000000	6.3051098880818230 3.8704952071020586 -1.5146483270290652	-0.1066566350749953 0.0583930405774604 0.5231444025002682
1.0000000000000000	-1.0273302505481803 0.3299756805484215 -0.0420538216496504	-0.0316989686088436 -0.9862140150230549 -0.3413617089713830
1.0000000000000000	0.2250159358612273 -0.2412256902131898 -0.1039176486330330	1.2604604491371654 0.5741132361322374 -1.1816290658180129
1.0000000000000000	-0.0823075044778231 -0.3136601962133987 -0.6184436589599435	-1.4296982168243373 1.1514856654943766 0.2477320039236121
1.0000000000000000	-0.0957121477841838 0.7422430217818997 0.4050771688406916	-0.6766017660971281 -0.8287943615286418 -0.0368913894995051
1.0000000000000000	0.4658933470772226 0.4977169449679651 0.3206722836914012	0.8328528855599532 -1.5793114341163534 -0.8311118128844769
1.0000000000000000	0.9134382537049386 -3.6547317291889203 2.6333365349145019	0.1117699957197537 -0.5969888690600228 0.4906109413364118
1.0000000000000000	0.6751267722579084 0.5120160693872672 -0.4109531127377052	-0.0532229829049348 -1.7941202427461922 1.0635405436788343
1.0000000000000000	-0.4979570035088726 0.5437865676213947 -0.0060455082663368	-0.3741627270659466 -1.0339393604627183 -1.7977917532049759
1.0000000000000000	-0.8152851422000028 -0.7182583423520356 -0.2530430999223844	-0.5943792064448784 -0.0179843118312422 -0.0608723178587179
1.0000000000000000	-0.3829513502405491 -0.0564978159856881 0.2036624955401409	-0.6284357417807488 0.6703502912466983 0.1199900924460451
1.0000000000000000	0.6752788877590071 0.8729402571079048 2.0070074105759939	0.1902787482571338 -0.4530727415899949 0.0230362702791211
1.0000000000000000	-3.4945240425206507 -1.0319887824657969 1.6932562166923912	0.5028910555904084 0.5634034622297184 -0.1215909681686972
1.0000000000000000	0.1208365238438066 -1.1467213064811910 0.2532153455763848	1.0460935369139177 -0.6495086912662958 0.2290138808711857
1.0000000000000000	-2.3887134745334313 1.1689759611391428 0.6156155644252408	0.2490298024199944 -0.7815560060529877 0.3894117967717841
1.0000000000000000	0.4485200370610021 -0.0321367294253811 -0.7342282600994887	-0.8238993889676406 0.9788850941174314 -0.8666385349450761
1.0000000000000000	0.0347023582231599 0.2218940909347144 0.1885134605677093	-0.7893181844932582 1.0912503715425375 0.3538592759728098
1.0000000000000000	-0.6687107850598563 -0.4130503291473371 0.3360667916079408	-0.6217201293190644 1.3035525452499863 -0.5810111380335420
1.0000000000000000	0.6044602815821634 0.2092004604783039 0.0437010871168434	-0.7292962367900273 -0.1869217770576561 0.2725555523197583
1.0000000000000000	-0.3099375963745866 -0.0727644992860734 -0.1683590303791010	0.6408777483220269 -1.2940779852940927 -1.2804951162489522
1.0000000000000000	-3.0335485216896281 -0.8603707188740070 2.3391120878315950	0.1909485211911383 -0.4123608895911982 -0.3554353525777222
1.0000000000000000	-2.3324821087140730 1.3812219257961771 4.1112121954686067	-0.3501755700957065 -0.3220247078360901 0.3101762164007566
1.0000000000000000	1.9289404728456971 -0.6820223964249338 0.4925708911652369	0.6262423738918880 -0.7103298988146514 -0.6538869489817316
1.0000000000000000	-0.2630327527953797 0.3267597692272967 -0.0822458890916262	0.3748681981488173 -1.2798229947641049 0.3350923418400475
1.0000000000000000	-0.0657779318398003 -0.0265257728920225 -0.2229109969867631	1.1999117127526593 -0.9475081136060722 0.0759706393266616
1.0000000000000000	0.4801741251716317 -1.1889187451579142 -1.7056569705097249	0.3736546751512643 -0.3320084622351833 -0.3893843395156190
1.0000000000000000	-1.4378519875751705 0.0308873841040463 1.2636496131949435	-1.0405418730020655 -0.4543756592717264 -0.5589231280912115
1.0000000000000000	0.3504109150286803 -0.1144431662978860 0.2436837469184686	1.9413925147967470 0.1433092954894105 -0.9285063303771117
1.0000000000000000	-0.6840517460644238 0.2110601506780057 -0.6895025818600848	0.8644652161037421 0.9606055028037136 0.3268051953461951
1.0000000000000000	0.1774288549244753 -1.1096200345950542 -0.2136283292861664	-1.1419096929038433 -0.6975416692252028 0.2198209553962361
1.0000000000000000	-0.7026367047985828 2.2253319742277093 -0.2421727712620163	-0.7442713647929440 -0.2777212916345257 0.1528453332509588
1.0000000000000000	-0.6451171229737244 0.9042047490616300 -0.1595183549549893	0.4335558253951779 0.9013965295623730 -0.5059493374961276
1.0000000000000000	1.0454084901908591 -0.4430943403563185 1.0007783216827264	-0.6630858686498498 0.2157092267763123 0.6799947196018448
1.0000000000000000	-0.3572071363497857 1.0189309953956904 -0.4904307141734610	0.5607524030168169 0.2244415389717582 0.5646721893555006
1.0000000000000000	-0.8855317352972333 0.2552604998639748 0.2328027293896385	0.1945160751709072 0.6281901718564028 -0.8152209796251640
1.0000000000000000	0.3691529144555164 -0.0065259804709741 -0.6607874861619319	-0.4151779097720271 -0.9384433504338702 -0.3575109677513818
1.0000000000000000	-1.3167192778495245 -0.0544835652712818 0.8409931111490921	0.0189603990299760 -0.3161501700615625 0.2336691476964891
1.0000000000000000	0.8871930480304591 -0.4853965311997827 -0.0990987334932144	-0.2545209998208995 -0.1406737360257088 -0.9679586159189210
1.0000000000000000	-0.1234329911053884 -2.2955649567954053 -0.3198746686376515	0.1735382413364498 -0.5166364571919103 -0.9140755514124096
1.0000000000000000	1.2057784021881730 2.0616027741973060 0.3405889292253050	-0.4771329508580216 0.2349804330785978 0.2185612129414448
1.0000000000000000	1.0136582144533091 0.2696520073899309 -0.2072739066590707	-0.1924305932416478 1.3670917305763581 -0.5997600735717000
1.0000000000000000	-0.1047932555440884 -0.3241697118484566 0.1848465364748434	0.1359635535448895 -0.0995724151801522 0.3313671953954135
1.0000000000000000	-0.0968508657025419 -0.5599066016719330 -0.2078782621626057	-0.2004289038332894 0.5959415881446946 -0.2247332994506433
1.0000000000000000	0.2151998123991413 0.0250252096735870 0.3960273823532874	0.4775719345003125 -0.3685724010496988 0.7080743050093098
1.0000000000000000	-0.3026463203277829 -0.3643554661003357 -0.9795670936970589	-1.2275747675606721 0.0948353426711609 -0.5696806506875186
1.0000000000000000	-1.2006766300256035 -0.0239118532171793 0.5220960084383887	0.1502741435817588 -0.1146333225616287 0.4229992123671852
1.0000000000000000	1.0054119855120147 0.1353513209362815 0.1461968808915921	-0.9702698235663739 0.0430201305146114 0.6445496620998458
1.0000000000000000	-0.0256158000994560 0.3231613033111269 -0.0996388605408964	-0.6461729738845409 -0.7037034478285422 0.8204124730426251
1.0000000000000000	-0.4540380161503562 -0.5404936474434843 -0.3914973490870081	-0.8004886509001989 -1.2091014585834408 0.4896320951973397
1.0000000000000000	-1.2149824206699893 0.6941638799846483 -0.5776468205931637	-0.0179528248716122 0.1888031286276182 0.0148436900447333
1.0000000000000000	1.1553104896679409 -0.5256044540688846 -1.1512453107607512	0.6844192031941678 -0.1446132545200474 0.2595374223737504
1.0000000000000000	-0.3889946668324420 0.4440804825033469 -0.1459833615105396	-1.7677025051843445 -0.3294614393022153 0.2473009855295715
1.0000000000000000	0.5184390081594217 0.9800954763498279 -0.2500413817280521	0.8813883835632288 -0.0718624904414742 0.4096266428402978
1.0000000000000000	-0.2719047541054957 -0.0884135998047631 -1.2138578967677005	-0.4209721434939930 0.0920850732664414 -0.3940772309824314
1.0000000000000000	-0.5546252423000307 -0.4880602499045553 0.0235073337350914	1.1493493294000834 0.4642673671939569 0.7492539731202400
1.0000000000000000	0.4275191303447403 0.8118308923197270 -0.1881470838095216	0.0718097748289255 -0.1099027508395008 -1.4536339698152456
1.0000000000000000	0.6519788686793890 0.1034048808847793 0.0897261140594250	0.0183549573901725 -0.0435751490242285 -0.1241302143903657
1.0000000000000000	-0.9917312004126173 0.0563824456458323 -0.0404020714798300	0.7232147650752261 1.2999738725079653 1.1897728098814171
1.0000000000000000	0.9004191232796823 0.1254654493101404 -1.1352820000016155	-1.0594144260732992 0.0236343130523760 1.0322437921346308
1.0000000000000000	-0.4802149657074901 -1.8086566907545267 -2.3991769901272773	-0.9293525618123980 -0.2852736359395099 0.0328199962004952
1.0000000000000000	-1.4988949311547155 2.9055106560722144 -2.1433316863683025	0.0079643248693797 -0.7442922948801091 0.0233538851438251
1.0000000000000000	-0.7966303922187280 0.5255090495908521 0.0517933875460682	0.2580826098025558 -0.3012550002160756 1.2948103245830453
1.0000000000000000	3.2061931486131532 3.8021205761222232 -0.8100346180172975	0.0665180947830374 -0.2166184074718045 -0.0902635564931576
1.0000000000000000	-0.5920396387701089 0.0155146643298406 0.0909330136195829	-0.7463898825874122 -1.5749038333050871 -0.1477788124700093
1.0000000000000000	-0.1602709281649596 -0.9738758202723903 0.4225880913315823	0.1387484466616044 1.5538570829827685 0.4352435714981490
1.0000000000000000	0.0654860933800688 0.7576037249084907 0.1119000745052037	0.0535917223560689 0.6822877983748691 -0.3171063880196574
1.0000000000000000	0.0759198598921799 -0.0404095734801403 -0.0282863223271100	0.3738606990686804 -1.2544878523367926 0.4659321032470852
1.0000000000000000	-0.1178039991120089 0.1033423454711171 0.2570210129573552	0.6262463426116370 0.1827427030439269 0.7494741068728570
1.0000000000000000	0.3573446193250045 0.9910307596958307 0.2569840094605526	-0.3597630668449169 -0.6725573659418485 -0.5556348322746156
1.0000000000000000	-0.5779822957121064 0.0146738536596316 -0.5480421538099161	0.0418013351195803 0.6166114236039357 0.4338078741507651
1.0000000000000000	0.8463755193657504 0.1592502194558670 0.3574455404792240	-0.1357346827272642 0.5160464017431492 0.8076583078265637
1.0000000000000000	-0.1977986000587919 0.4840054447561558 0.3333437916117840	0.6167986575929281 -1.0173885535038560 0.2014059569976884
1.0000000000000000	0.4608658023533995 0.9262287789727162 -0.4203267963852412	-0.1350502325485328 0.4244813300221348 -0.8945707280256567
1.0000000000000000	0.9674107454646411 0.1066212229447835 -0.6685693284332440	0.1780811671134495 -0.6268528572996110 -1.4381605506174662
1.0000000000000000	-0.1606660194287358 0.0410807283460485 1.3293726259424752	0.5509624020215338 0.1786803903463684 1.9170587409551560
1.0000000000000000	0.6644051572641101 -2.6033951512026801 0.5216947840920938	0.1614528903383219 -0.1138136149965969 -0.2819032862295539
1.0000000000000000	-0.0393073123309456 -0.1688751012744520 -0.8010440843461824	-0.2048358731152835 0.4036649673000501 0.3578832014704497
1.0000000000000000	0.0243701676750249 0.2776639249269432 0.0381990210685788	0.6910846249176311 1.2746375279811930 -0.4274890331569328
1.0000000000000000	-0.5737248636041532 0.6014090505312575 0.3024866836893888	-0.2603311439878210 1.6750441417465509 0.3206056652564060
1.0000000000000000	-0.9294096039618699 -0.1108992249009031 0.4187382537184968	-0.1925715070232187 -1.0090968462922341 -1.3644311004309286
1.0000000000000000	-0.8042546052998362 -0.1550252016159827 0.0162458843201625	1.1619661727868784 0.2445611010031263 -0.2560581639166790
1.0000000000000000	-0.2842658086779027 -0.1394059177231844 -0.0699667947282232	0.1968012441909500 0.2849462426616821 0.9588859650213140
1.0000000000000000	1.1717667093400186 1.0428918270664962 -0.7063653972754735	0.0860643089286346 0.3614826951925939 0.3397461547855803
1.0000000000000000	-0.0148156744779328 0.6226580631370151 -0.2154282163325275	0.3965624772152777 0.5456962046099999 -2.0774675778249843
1.0000000000000000	0.7969343905626022 1.8328194495779522 1.3493573789770998	0.7386606204922072 -0.1762283395546763 -0.4809086508857069
1.0000000000000000	-0.4428313636611633 -0.1629020230440814 0.6639551707049708	-1.3386294537535226 -0.4245483879885757 0.4701844584116088
1.0000000000000000	0.4055791240075926 -0.1444426029002209 -0.8401112368612064	0.9465861956456481 -0.9807286419338284 0.2650215934615712
1.0000000000000000	-0.4519551847528362 0.5466577944283146 0.4057377149364390	-0.2635506589184309 0.4470501603260858 0.2403689396617252
1.0000000000000000	-0.3940143906921647 -0.7613125971462771 0.3931958555010428	0.2073370727676555 0.5871367619459411 0.2365620336757104
1.0000000000000000	-0.8014325792699236 0.3011124158503369 0.0520820458210731	0.0350882260752896 -0.4808606237562754 0.8176749650695516
1.0000000000000000	-0.5891190284428335 -0.2728054315496372 -0.1800650048815068	-0.4549945498966129 -1.1222798810906633 0.3590737329971068
1.0000000000000000	0.6928918334350052 -0.8282333910923000 -1.4276242214406138	-0.7073050362742030 -0.0360364110536179 0.3168031952645706
1.0000000000000000	-0.0145282023778397 -0.5109761902334429 0.2851249259041365	1.6844642955459141 -1.3787842920576272 0.0963067780570900
1.0000000000000000	0.7489782518566858 -1.4333640056200629 -1.3977804603974655	-0.0439340229941458 -0.4050641780326783 -0.1437146955042621
1.0000000000000000	-0.1096959071070481 -0.2291327373499813 0.4670806819396441	-1.1369607394846732 0.3295660080706060 0.1251455241859893
1.0000000000000000	-2.1316821575573992 1.5118828663937911 -2.0622660036350497	0.0166007382087512 0.3102684888470710 -0.4707445722299321
1.0000000000000000	0.7688358388392623 -0.6295155358678390 -0.0543223372458874	0.5984697749586515 0.1778004070493794 -1.6246480389516424
1.0000000000000000	0.2193641889092547 0.4505387804501291 -0.7108935888941262	1.6270617318114484 -0.7805593405973558 0.4368481314761848
1.0000000000000000	-0.9692421876516922 -0.4644600235512713 -0.7231134048916712	-1.3111271047649320 -1.2755735144956553 -0.1845156192014072
1.0000000000000000	-0.3239319907323618 -0.7155803188729039 0.2556343983054866	0.7196220935730481 -1.2642247515220870 0.5518128583541893
1.0000000000000000	-0.3733040538996504 0.0062159639798440 0.0706833427830328	-1.0324992676833809 -0.2072974677527663 -1.4945314129823315
1.0000000000000000	1.0272861313524955 0.4961685056317719 -0.6030491962444187	1.1535307798058541 -0.4831895221373185 -0.1535927505223902
1.0000000000000000	1.4577200203770886 0.0170614517641874 -3.4730790912270622	0.0165956544344200 -0.7601142239049258 0.1917148886717724
1.0000000000000000	0.2312175400458323 -0.8918942624298005 -0.3229902313783387	1.6137876789717602 1.1519271486425968 0.3559186188725901
1.0000000000000000	0.2853641695027370 0.4656505927654410 0.2326793080788192	-0.6891132790248545 -0.0364772026142245 0.5886962103772547
1.0000000000000000	-0.3169031313046136 1.2952520770219855 -0.5298036420183138	0.7464065659337877 -1.0862439611188688 0.2713926758870864
1.0000000000000000	-0.0623364916884229 0.8050257208987401 -0.1097045876847670	0.4403613501113802 -0.6648552325010686 -0.5395181929349173
1.0000000000000000	1.9169346017505373 -1.4034247702688596 1.4124871363232991	-0.4844667479362648 0.5594403565143931 -0.6093231792134851
1.0000000000000000	0.2910919135518568 -0.0727805671813263 0.6893793632236145	0.4259796500261780 0.0021240310920070 -0.2498164996329514
1.0000000000000000	-1.0465979702451769 -0.2238907319834094 2.2438597970935041	-0.0139732514951138 0.9422871928867440 0.2749618732607439
1.0000000000000000	2.2877203995476481 -1.6219668943396370 0.8927694282599640	0.1602747575305210 -0.0224438717122202 0.2732580368769790
1.0000000000000000	-0.3022241496594186 0.4709770629745161 0.0436784679958257	-2.3868440963458246 0.3887712752925669 -1.1551998407943380
1.0000000000000000	-0.1694465757537112 0.0071273643314784 0.0389441445742376	-0.7862243434591407 -0.5547392896837744 -0.8319138217967020
1.0000000000000000	-0.4637559650095870 0.1119051134805091 0.1047993613885616	0.0589422324014225 0.3932244461754389 -1.7587227529046126
1.0000000000000000	-0.1345010654560395 0.0386571054136852 0.3164502503469533	-0.8846081571419628 0.3190771854041894 -0.2869011920305771
1.0000000000000000	0.4477455422625743 -0.1081443968675003 2.3149066346509386	0.0703836955733226 0.7232709827221395 0.2160471474935819
1.0000000000000000	-0.7403223453244971 0.7421946483473479 -0.5216363842879201	0.5606239936410186 1.3045211795397402 0.3054495162954705
1.0000000000000000	-0.7256417238592757 0.8384775329166434 -0.0880341370100143	-0.8092812311942741 -0.0042616760466441 0.7757989392781182
1.0000000000000000	0.1721735401941734 -0.4081102881110354 -0.3235601110650967	-0.6835132066364180 1.4528807109819415 0.2782071328227034
1.0000000000000000	0.0734068742275933 -0.9772169270757894 0.2524175134011029	0.4641617611723903 0.4270532937900056 -0.0408367292329168
1.0000000000000000	-2.5951536419774683 1.6417144982237624 -0.9357081509945604	-0.2777150603515215 -0.0699420312574837 -0.3099372831068305
1.0000000000000000	-2.2994551544097463 0.1163560798628372 -2.6754263700189673	0.3291101293695672 -0.4302502386479458 -0.5863907593301115
1.0000000000000000	-0.8131043616091413 0.2457155304164673 -0.5784167577480018	0.5816342151672852 -0.8014055101873656 -0.7019068909623539
1.0000000000000000	0.1119669648283107 0.6755675535244290 0.5962266929571111	0.6800562839852021 0.1815704825131565 0.8753931405591082
1.0000000000000000	0.3778238362332851 0.0784053694067998 -0.4270843069099194	0.0875974999155546 -0.3252122182477835 0.5612778133167501
1.0000000000000000	0.4665303977835331 2.0964861116739901 1.4306892316774669	0.3241389085379459 0.4086852565765329 -0.3730848369121377
1.0000000000000000	1.0264438035637875 -0.9670721275680485 -0.1816615810214349	0.4293312274533022 0.2461407713781294 0.5415689910462926
1.0000000000000000	1.1673862858963850 0.1926193733485533 -1.6723938516032049	0.8759395106381698 0.6083426355156677 0.5150421662596575
1.0000000000000000	-0.4540859331203588 0.1896467426003597 -0.1287391096747824	1.7389580830028959 -1.0355374461672233 -1.3411584309229299
1.0000000000000000	-0.9042164985872108 0.8781563631376070 0.8851902841090064	-0.5069670912287559 0.3798039820698659 -1.4553387192602856
1.0000000000000000	-0.2823798110011927 0.0207778937947409 -0.0581526987510199	-0.6578288746721118 -0.9455344503387700 0.0257559962019602
1.0000000000000000	-0.1011151969092910 -0.8823732652665184 0.1129275120040470	-0.3254484891574949 0.8361860114767697 -1.0973167537549278
1.0000000000000000	-0.1864825281932183 1.8920371470286461 0.4586598314049617	0.0817255503925022 0.5040839881966001 -0.8528237273718732
1.0000000000000000	-0.4919810686750862 -0.7912824785628223 0.9971884006883340	0.1308333305710015 -1.2815423642509320 -1.2435467207691797
1.0000000000000000	0.2035719526998883 0.2005709137156276 0.3867093019372919	0.3718812113768401 -0.5282740034401342 1.2472798781905399
1.0000000000000000	0.6086952129601386 -0.0096243721918742 -0.2068745148743270	-0.2872855734988197 0.3178075132434971 0.8274792247201785
1.0000000000000000	1.6197152744677195 -0.4243339158206588 -0.0689899761497005	0.1174844225127955 -0.9795854028173040 1.0298036066382790
1.0000000000000000	-0.5910941853813021 -0.3772728913364749 1.1433168332628680	-1.4425548680932594 0.4529895353870551 -0.2791005074050030
1.0000000000000000	0.6990845024576390 -0.5693675083296306 -0.7907345702589595	0.5420626943229371 -0.4763570189115682 -0.4894647345168748
1.0000000000000000	-0.5447352729963314 0.0606380701017571 -0.3551530678038115	0.6865997441061447 1.0421722797091673 -0.6076677786212956
1.0000000000000000	0.9524398810121797 0.3439336717234013 -0.2733063075808392	0.5109779662277105 0.2884758979818606 0.8543554690952814
1.0000000000000000	1.4988358508770101 1.1768519635221923 -0.4844210166093171	-0.0199220796763439 -0.6960062645568450 -0.1036619460817898
1.0000000000000000	-0.2414535601772122 0.7822520316562135 -0.4748767244968943	0.2251671574649220 -0.0485382570513056 -0.3198173392290204
1.0000000000000000	-3.5040941208776513 -7.7658978144605477 -8.7091374044642187	0.3667854765350368 0.5356936611009808 -0.0793269662758863
1.0000000000000000	-0.9952969008747738 0.2732499118417844 -0.6545510606594873	-0.1815986072340924 -1.4677362447500442 -0.9142659278469804
1.0000000000000000	0.4436430613947747 -1.6972456405265932 0.3020593267284131	0.7906849937556064 0.7708250932535752 0.2623111842304935
1.0000000000000000	-0.0995999200268990 -0.3897272434173562 0.3903067438197795	-0.3374445402479324 -1.1473617190950267 1.3371695636978009
1.0000000000000000	1.0720988096450945 -2.3050070458505281 -1.4003301072733232	0.2151285551152562 -0.2212001500534279 0.2276787364879971
1.0000000000000000	0.0004178599720531 0.5050445915382143 0.5397244410373264	-0.5079698866406559 -0.9476990796352642 -0.9112601563064072
1.0000000000000000	-0.2154832859718478 -0.9461705960164383 -0.9778139059706406	0.6466608016177822 -0.1074700804443997 -1.0771852957109953
1.0000000000000000	-0.4957767831199180 0.1326307349083692 -0.0368885896710945	0.4803723018852983 -0.1556145755345486 0.4208097675923479
1.0000000000000000	-4.7392841871000346 -1.2498770051924564 -3.5064576487622072	0.3979470395577601 0.3498820570200368 0.1475346502032075
1.0000000000000000	-0.7232910178545614 -4.4428840488702424 0.0562953176471713	-0.4498257818780801 0.7682019800875830 -0.2518647698148657
1.0000000000000000	-1.1065901208294762 -1.0063826980878303 0.2692357133409480	0.1135771749161624 -0.3308034435856724 -0.4925832733502479
1.0000000000000000	0.2101844953801084 -0.3779882560650708 -1.2470353082005035	0.6407942971763531 -0.7813852054013741 0.0010083221629995
1.0000000000000000	-1.8384068316214586 -3.8399004548122435 3.0713676076049987	-0.1531938376177742 0.2356336640764367 -0.4331819942797660
1.0000000000000000	0.8174232043741443 -1.1334354047013340 0.3332140789674546	-0.1701539892096974 0.3572404141103225 0.6524344281110056
1.0000000000000000	-0.3527233603531959 0.2246662456041584 0.3000364614280081	-1.2430833577107048 -1.2988889850568044 -0.4542704785885976
1.0000000000000000	0.0124080983764058 0.0110347887670849 0.4503320311617631	0.9086044396817612 0.0753137245407322 0.0069146359247108
1.0000000000000000	0.6680925202311416 0.6347408709842980 0.6456667476420913	-0.0094311394162226 0.3817951972311448 -0.5581739572358118
1.0000000000000000	-0.0801373338579676 0.0928811073864946 0.2678577644861236	-0.9481234994482761 0.1750615674253767 0.5561087937515345
1.0000000000000000	-0.1896566929942150 -0.0948463386125129 0.4440091944337167	-0.8893979068803983 -0.8263323909580311 0.1527576387423568
1.0000000000000000	0.7255512656125652 0.8291829842492187 1.2866181248263970	0.3407217770047512 -0.8389813370774518 0.0873525574581790
1.0000000000000000	-0.1407878322194359 0.0467901641263259 -0.0901429321330480	0.1850289062423297 -0.6743083257831317 -0.0181814757297537
1.0000000000000000	-0.2122319011056734 0.6312253209893757 0.0797005303085211	-0.3618698074813168 0.6416027689076855 -0.2987512390369983
1.0000000000000000	0.5574724760856528 -0.8199843808241428 -0.3060126993815178	0.2343853346535785 -0.4338242261117374 -1.1737921320902343
1.0000000000000000	1.6244989379323695 -1.1136137035855231 0.2083763185455134	0.6193865321945486 -1.0101523906822898 0.5587621969002329
1.0000000000000000	-0.1124417404513780 0.9633142849324861 1.1856438228643658	0.0953333074600686 -1.0949108424272076 0.3280008141646033
1.0000000000000000	-2.2068033251159060 -1.3879454441603289 -3.6951994360694047	0.0545005841247053 -0.2403411506591382 0.8869888436675198
1.0000000000000000	-0.0027771767963785 0.2072792289534666 0.2335119730117581	-0.1666567128463256 -0.4525777393121725 1.4048238820172196
1.0000000000000000	0.2247259744590443 0.1047659927629307 0.1751374754170260	-1.0394277404356949 0.0258931375776830 -2.3977697438118639
1.0000000000000000	-0.0620049899868935 0.0326620462107818 0.8409583557665815	1.2515042143125565 -1.6250920901823831 0.4106579853617026
1.0000000000000000	-0.0538607179193607 1.2399086914612807 -0.1563732801162168	1.2652807639568948 -0.4969967665577716 0.7329572540952580
1.0000000000000000	-0.0356328105103390 0.0518575888454229 0.8124343590878977	0.3742530416814826 -0.6447533215361142 1.1723639633160188
1.0000000000000000	0.1396138448814029 -0.3128461865498811 0.3168543023949808	0.5312193271436483 -0.4665598038579251 1.2324992028480672
1.0000000000000000	0.0288536422432986 0.2924373304984283 0.1929633990999062	-2.6071663130491127 -1.0482932424088354 0.3893032793010033
1.0000000000000000	0.3256696285853868 -0.1497039785956814 -0.2525394451115177	-0.4317162067424527 -2.0151432599071883 1.1474554308387721
1.0000000000000000	-0.2205020173969164 -0.4523277635576409 -1.2116656199030058	-0.3981168875364758 0.7565365264838770 -0.1505323530895264
1.0000000000000000	0.5330480980796951 0.2716808401008503 0.9783067626808264	0.4955388950219932 0.1066179058490648 -1.7612433967465149
1.0000000000000000	0.6068174276679520 -0.7934000103180303 -0.0478438408345195	-1.5002061918716476 -0.5019442633250255 0.9581519284628768
1.0000000000000000	1.0608474072619214 -0.1283832554092244 0.5576125334713968	0.2618854675850557 -0.3609612405854095 -0.8541403886770595
1.0000000000000000	0.8903853942499076 0.1275894197570276 0.6765120139133377	-0.2497186307774547 0.7514689217806098 0.6392187195764917
1.0000000000000000	-0.1046231583483942 0.2038554083552115 0.0194784753155783	0.8475074103726646 0.9595968762162193 0.7156612132642388
1.0000000000000000	1.7708086868825581 0.6160231969263964 -0.9132090050373469	-1.2467720604918044 0.0912279884572235 -0.2893323872353904
1.0000000000000000	0.1270815723358679 0.4064235160589378 0.0995397680130874	-0.9355780101906660 -0.9888120534891413 -0.3785869836972483
1.0000000000000000	-0.0867733702235310 -1.1063866975129331 -0.7488654099613419	0.3275287381134460 0.9208377838379078 -0.8196473800093697
1.0000000000000000	-3.3553992771033121 -0.0838153360076793 -0.8271042895649653	0.2618666511122232 0.1186311003150098 -0.0941356090089242
1.0000000000000000	-3.4330298732279982 -2.1222680388962711 0.2019526890700916	-0.1953705985954547 0.6422725352729977 -0.0219331379919028
1.0000000000000000	-0.8849512098295748 -0.2600491686577182 0.3214214530738661	-2.0594385841078702 -0.2847588571611084 1.0788627838052105
1.0000000000000000	0.3179664521231353 0.0724541835678160 0.7684901578273040	-0.5860859547323419 0.6042833161598358 0.7752984578838586
1.0000000000000000	0.0143920932037515 0.1215910896323077 -0.7274568129006029	-0.1016064573360102 0.3557357295531647 -1.5889933952553676
1.0000000000000000	0.2585953378446702 0.3834227494530434 -0.4219735837156283	1.0239395035350696 1.0303502954640376 -0.1569027764232202
1.0000000000000000	-0.0025073205215460 -1.4180930311861117 0.7643933101918627	-0.3390136225855664 0.2883942424326134 0.3715538092483123
1.0000000000000000	0.0785030110491219 0.5045384819289581 0.6380083758161316	-0.5907896278073003 0.0845129483858813 -0.2436910668224956
1.0000000000000000	1.3002556211266201 -0.5058068699340762 0.9923042233724459	-0.8013245397854951 0.3813425062867916 1.1520106599987872
1.0000000000000000	0.2503645596442384 0.4344659795324887 -0.1658527230003452	-0.7506067874227036 -0.5522448639979860 -1.8224299664938262
1.0000000000000000	-0.5550555668366183 -0.1609772038433803 -0.2703051541805017	-0.3992508714241479 0.3575350405553290 -0.2415095102586353
1.0000000000000000	0.4423134274862439 -0.3556703840277930 0.7154543573522534	-0.3425620923928689 0.7887798860451414 -1.7663048706295663
1.0000000000000000	0.3248831845247303 0.6364332750371050 -0.1252994717072725	0.7141316564217743 0.7191552965526877 -0.3368792769845716
1.0000000000000000	-1.9869184380328959 0.0100005837461575 0.8629479105035063	0.2671494710505076 0.2171361036302969 -0.4761982826366224
1.0000000000000000	-0.3113451140995840 0.8650033356519208 0.2869553536105417	0.7128982860040506 -0.7400384282502008 -1.4862402945490925
1.0000000000000000	-0.0695906204212824 -0.0117173975790679 0.5268600300085258	1.4490517660858138 0.4656259152475128 -0.5262537867480098
1.0000000000000000	0.8702787373953700 0.4624070133604563 -0.2799283010501246	-0.1838176567825897 -0.5105821839598838 -0.5148047204477455
1.0000000000000000	0.0271389667950647 0.6460159048316390 1.3212075458749739	-0.3080494807899505 -0.8053913299450447 -0.5626376961822089
1.0000000000000000	-0.1036166708640225 -0.3223053569605013 0.3780730063261126	-1.3090391025180754 0.1133250554438800 -0.0915726580643380
1.0000000000000000	0.2823955801914079 0.3515392193393903 -0.0997915899296045	-0.6574848915831806 0.9308205337957447 -0.7581042045696849
1.0000000000000000	-0.1480159292439754 -0.0887797906007463 0.1087630336001974	-1.4807969195918038 -1.5182079675656563 -0.0299586529477599
1.0000000000000000	0.5907588974079426 0.1845335410421916 2.4900341447211862	0.2813148815570113 0.2051771280698197 -0.5374241092086799
1.0000000000000000	-1.0535185148087267 0.3015383368094884 -0.6371346123901741	0.7388721118699296 -0.1389231982338717 0.5226531836013640
1.0000000000000000	0.3849202306253114 0.4592188339931934 2.3705632253447213	0.0748057392091366 -0.7008283354534499 -0.2690993111271184
1.0000000000000000	-3.8380080883342020 -0.1399385277082654 3.4986175217479611	0.3749427060455846 0.2176222032524208 0.1410704710327955
1.0000000000000000	0.3219035293105474 -0.4144548399713311 0.0152239564438408	-0.0816831821225928 0.5635781617482029 -0.5703094969729776
1.0000000000000000	0.4662831717673924 -1.9247070175860299 1.2162091576535878	-0.5434076299882847 0.2259735721913880 -0.2270248947571007
1.0000000000000000	0.3290740127570364 -1.3988896220741049 -0.9410452587348617	-1.3267180605738453 0.1155662921287479 0.0757910058975815
1.0000000000000000	0.7424237151650547 -0.8193792740531418 0.5217285156565383	0.9564036840930445 0.5189514575023966 1.0708357009802643
1.0000000000000000	-0.1887622311806101 -0.9499748675365660 -0.0764879465324055	0.7775545102347200 0.2235440195424678 -1.0119163870989067
1.0000000000000000	-0.4820958975816588 4.6722334500620972 5.2532614694174216	-0.0850383543590750 -0.0748364756806666 0.6141431031437237
1.0000000000000000	1.2976903490205596 -0.0552316954814074 -0.7411853964331283	-0.9034460356014952 0.1508777347465857 0.0821176670794773
1.0000000000000000	0.5316585446621938 -0.2518400637733374 -0.1736548940861570	-0.1381395172131525 -0.5003781791412186 -1.8859342632967107
1.0000000000000000	-0.6148200119899661 -0.9740758605166628 -0.1401227321035369	-0.3567959066570508 0.8964441724044202 0.3089818065649828
1.0000000000000000	3.4454797555025931 1.5268283464622598 1.7222888756655559	0.1385963791604957 -0.6184857436202795 -0.1168366095040056
1.0000000000000000	-0.2960426338621616 -2.8841699991294241 0.2304182234144583	0.4578694668403070 0.1789547101493684 -1.1679909697503699
1.0000000000000000	-0.3440348472738882 1.2479285677138539 0.0691990372232778	-0.9371658016135378 0.9017156533700431 -0.8124073635115352
1.0000000000000000	-0.5138569049179808 0.8457129348585432 -0.5233625125580947	0.6826475027642281 0.6550723825283575 -0.5634036270062415
1.0000000000000000	-0.1810801492908028 0.6563136759829786 -0.3336228797166870	-1.1149106789209713 -0.2641766281877276 -1.6804959741849239
1.0000000000000000	0.4825661299061751 0.1279973644883689 -0.4567196673968610	0.3065765655807546 0.0408120558513241 0.1960713191644240
1.0000000000000000	1.5970492953164881 0.0131393321150845 0.5377002159904102	-0.2979689940869660 -1.2841440952102308 -0.2281048224416507
1.0000000000000000	0.2308357522641134 1.7651223118068529 -0.3351870125217016	0.8912311176765420 0.2247713957221455 0.3713769964302988
1.0000000000000000	0.0524920127349140 1.0229519871063746 -0.9266414627961485	-1.3235710814009001 0.5450740633701666 -1.3816046852032291
1.0000000000000000	-0.7215525623316174 -0.6978952035505447 0.4714212552961081	0.3608377539809919 0.3027394155003660 -0.9809946626416266
1.0000000000000000	0.1517028561572321 0.5975773652716927 1.4907875370984669	-0.2284786717414913 0.8912428960686356 0.4299367272781489
1.0000000000000000	-0.6974816951462937 0.0700199722815672 0.5242963080545375	0.1421973775989359 0.3113283971732035 0.6818770307883475
1.0000000000000000	-0.3923382117319828 -0.2574161717790208 1.0144667873754136	0.2902084807808433 -0.3686612145174451 -0.3151161151646920
1.0000000000000000	-0.1654089386043242 -0.1259158594493114 -0.6151734171522756	0.0923955611322345 -0.6698409421735307 0.4611675541322299
1.0000000000000000	0.5326366324058913 1.1877943861334042 0.9265118436230634	0.0212977793174871 -1.3077755931116908 -0.2777273672294833
1.0000000000000000	0.4809720311663606 0.2210089526391086 -0.1866455394004409	-0.3866425547913569 -0.1714663205859778 -0.4492544133227446
1.0000000000000000	-0.3166211456052814 -0.1580353660241662 0.4522862552832542	-0.4646207740853488 -0.5033954384763367 -0.9361223227479416
1.0000000000000000	-0.7684944734226470 5.9676652520244664 5.0199428938308737	0.0966624176331266 0.0160232171810271 0.0883770447893381
1.0000000000000000	0.2097973662916342 0.0753334939257306 -0.0824045420612742	-0.1131381871014522 0.2934409676500185 -1.8038276234654183
1.0000000000000000	-0.0005771352707310 -0.6591781930989136 0.3830723654138294	0.3200773962495140 -0.2704721950515808 -0.6586663763041510
1.0000000000000000	-0.6269454517686471 0.0221825381287867 0.1109142267303854	-0.2795549577492658 -1.1021502879285716 0.7167362336001286
1.0000000000000000	0.9470817358554320 -2.3031896543485515 -3.5722988616700873	-0.7913019798666956 0.0549358856032098 -0.1320307227263785
1.0000000000000000	-0.2655882484987378 -1.2314298914319164 -0.0688269716036626	0.3166806027278150 -0.8195361000965334 -0.0116196827452308
1.0000000000000000	-1.7724121854020920 0.2283450945664131 -0.0803491466479345	-0.6197465975351159 0.6600134613405636 -0.2017369650200031
1.0000000000000000	0.1259893612871249 -0.1913993060797890 0.2930563103620055	0.9227906197974964 1.0122908624869935 -1.4231725695912671
1.0000000000000000	2.0486139584719845 3.8356176845447023 -3.0573826537148943	-0.6177716854286324 0.1426210447231503 0.4512137100685529
1.0000000000000000	0.1092412161262531 6.4319803936616244 2.4537533919443995	-0.4056932284619225 0.3648423095068729 0.4014585117566754
1.0000000000000000	0.3539104613489556 0.4769688664107827 0.0262298868018253	-0.2550998087045380 0.2107189449959293 0.4018954488774493
1.0000000000000000	-0.2359690261047289 -0.0276604346756524 0.2925359390814506	-1.4462601837523410 0.1336648916821679 0.2339158291845115
1.0000000000000000	1.4396392428303302 -0.5007276097212144 4.2787591855301690	-0.0089014711757793 -0.8326421310330467 -0.3178593406971276
1.0000000000000000	0.8147077341721518 0.3652388587798654 -0.1421213862595552	-0.5598804658551424 -1.1822222647458558 -0.5645780603870572
1.0000000000000000	0.3331835085595476 0.0752656607311508 1.2409583911001560	0.7936556137219842 -0.3035324828224592 -0.2197510132786712
1.0000000000000000	0.0821917590247125 -0.4596297145427808 0.3119850025160436	-0.8699838695635900 0.6051548307756774 -1.6099958852943335
1.0000000000000000	1.0011559867732553 0.3402039444877344 -0.3393950113405417	-0.2875450094101736 0.6591193431808664 -1.0989639330668513
1.0000000000000000	0.3151553869621256 0.4409029222124033 -0.2103637128729429	0.9290206558303595 0.6098855655440194 -0.5170307286806396
1.0000000000000000	0.4364601463543348 0.2293979113667093 -0.1206226482342653	-0.7238855677259884 -0.9979789206105516 -0.4082950721306045
1.0000000000000000	-1.2176602941334291 -1.2492586907767484 -0.5626438176053098	0.1365155855724954 -0.9870778336810808 -0.7591427606764277
1.0000000000000000	-0.0703133657106339 -0.7094882118501132 -0.7607932820269890	-0.8236452090254832 0.5432459906135728 1.5067391726312296
1.0000000000000000	0.4045451271161847 0.3691112884652810 0.6207826067243241	-0.4637511438285603 1.0808592932650551 -0.0238839171354002
1.0000000000000000	0.5507204400446577 0.7048779154696837 -0.4818916718303832	-0.2952252005035332 0.5011396552564289 -1.6052696800824959
1.0000000000000000	10.3028045057375444 0.8993551586107132 0.7655024189056254	-0.2323615094030424 0.2140071548031598 0.1205667750640764
1.0000000000000000	0.4997720356546836 0.2954720010546587 1.7879983662375698	1.1412466756495925 0.1375504820066823 -0.4354843009005909
1.0000000000000000	-0.1083474316687013 -0.1221792906579928 -0.1884389823953951	-0.7507601910665241 1.4417857222832622 -0.7295082298360950
1.0000000000000000	-0.4592906714734682 1.9057259714444146 -1.3915685550845058	-0.9763269571149208 0.1394138481742934 -0.2217211695493175
1.0000000000000000	0.6457331895967100 -0.3705932981235919 -0.9442588437677019	0.2210242030654618 0.3918873516673389 0.0802914533115875
1.0000000000000000	-0.3611474740565239 0.5620379982081379 -0.0544162469885781	-1.4867420278755932 0.6260767744681286 -0.4330400539301300
1.0000000000000000	-1.9601171533353361 -1.5458380249626120 0.6469966285620815	0.1919520556404558 0.1572046008733280 -0.4106198872202821
1.0000000000000000	-0.6740973346365101 -0.9563215588853321 1.1051658345440463	-0.8757375075054128 -0.6387692752550238 0.9095944017743690
1.0000000000000000	0.1397090870158201 -0.3567693251861784 0.0887825715427195	0.3752463451174794 -0.6071607926513483 0.6950024269866152
1.0000000000000000	-0.3907586284227656 0.3634889078731666 0.5548546919830705	1.8846974937717820 1.4070308229026940 0.5987702759484729
1.0000000000000000	-1.1946293230296907 0.1710039172731143 3.1829951856099394	0.5943934927502305 0.0894723151638365 0.9232001595456822
1.0000000000000000	1.2532188934494459 0.0635320731947108 0.7647075593442624	-0.0595231901614207 -1.2474759086407705 -0.1368347632456745
1.0000000000000000	-0.2832515177779226 -0.1954490515025729 -0.2298190076206020	0.0929720215816887 -0.0389185560032256 -0.5944767303332728
1.0000000000000000	-0.7522102316498314 0.5111295758466113 0.6895155757266793	1.1545131946167506 -0.1379879072242914 -1.3428935274871110
1.0000000000000000	0.1889227053799057 -0.2271532803653697 0.1815285306897175	-0.1234813321753870 -1.1735840431233571 0.1665422895304500
1.0000000000000000	0.6661370124206977 0.0335906025089256 0.5297627695226059	1.5408452837836795 -0.5015764520460710 -0.3676984728607659
1.0000000000000000	0.5188243003136642 -0.5508572213036237 0.1354575295851428	1.2332502333989457 0.5182955826615110 -1.0867237992953866
1.0000000000000000	-0.9638729363728937 0.1679365730468977 -0.0493989026857539	0.5777507178076924 0.1792141862091390 1.4981545790124424
1.0000000000000000	0.4997218476251925 -1.4103111046430654 -1.2473253415914403	0.3606283022977632 0.8360678890848448 0.3019429664060814
1.0000000000000000	0.0805858998008408 0.4642985767362373 0.5052706943647887	0.5379372126824229 0.3772001338408180 -0.3550171898961535
1.0000000000000000	0.1186777372795807 0.6995419901395074 -1.5468377241079276	0.3525447922120291 0.6691789050127137 0.8079616058227664
1.0000000000000000	-0.0469363076835184 0.0598776190057567 0.3244107563631621	-1.4586133387917946 -1.6140339234775773 -0.8539528717320353
1.0000000000000000	0.2632357585016221 -0.0140032168168464 -0.2345613232106245	1.2893360260939233 -0.7430648667109475 -1.0971747061315589
1.0000000000000000	0.3184236083493195 0.2076591475062712 0.0676709905088322	1.5367296349861119 0.3799494891539902 -0.8696730836212354
1.0000000000000000	-1.0775377878367527 -0.0377904852284837 -1.2341612644335005	0.5665238972745038 0.3821328833273245 -1.2893689805086799
1.0000000000000000	0.2804838054565150 -0.2007753129623369 0.1211386772596022	1.0196512881015301 0.9851110374879780 0.5741733004823206
1.0000000000000000	0.3114583919385499 0.2521314577461390 -0.4433243346021695	-0.4659291104902591 0.5124570330922992 0.7204860632833507
1.0000000000000000	0.0848207353951426 0.7568712831862684 0.0246453378465646	0.4172438984142974 -0.3123483772983613 -1.3515923137300927
1.0000000000000000	0.4112559205516563 -0.4177259624928841 -0.3071348355671546	0.4042354025364756 -0.8438469666647552 0.9983883084363553
1.0000000000000000	3.6561771692328886 5.9644618974933685 1.1904743888882168	0.2462004978944255 -0.0474283319829949 0.3763341778068578
1.0000000000000000	0.3120518701003726 -0.0285732097935576 0.4414071269772533	-0.2634630071292033 -0.5179096725929070 0.1146988170771454
1.0000000000000000	-0.6137453478606063 -1.3440660991755855 0.7658703070968745	-0.6195987046060135 -0.6991846610389496 -0.4549194864475992
1.0000000000000000	-0.4171451344159073 -0.1127135271306096 0.0250974291338114	0.9867504863517620 -0.4764699197333331 -0.4344162209427175
1.0000000000000000	-1.3590790607207228 0.1839425376685985 0.1645140659080463	-0.4181977519982427 0.6319214361565900 -0.8205617118178478
1.0000000000000000	0.5149450362791571 -0.1672628892628206 2.1194844938541686	-0.0717101732565990 1.4024829037607671 -0.3572757688696850
1.0000000000000000	-0.2965724811567700 -0.1268665789323455 -0.2753717200803981	-1.0679541722963553 -0.1562554397997955 -0.5179967442632406
1.0000000000000000	-0.1455654743671641 0.1555174277599179 -0.3242789700771401	-0.2322111482384179 0.6251110501028080 -0.2717129678578599
1.0000000000000000	-0.3679253275183919 0.0150805824361031 -0.4778744938968579	-0.2257193849589411 0.5147086771082546 -0.2882670590606191
1.0000000000000000	-0.2432336534197904 -0.1898705779385770 0.5590382802754423	-0.1642019290306076 1.7000605505731163 1.0183268219339459
1.0000000000000000	-0.6614757831756936 0.1842089204708850 1.2327031540405473	0.6329335777021307 0.8546355457088125 -0.0584092970822435
1.0000000000000000	-0.3437116129845757 0.8472529129558792 0.1060022867085269	1.2575581151180817 0.2332921494313360 0.2776367369178683
1.0000000000000000	0.1185597779339272 -0.2809551688772457 -0.0047472848902844	0.9423897868052739 2.0988947224073446 0.5177151371576262
1.0000000000000000	-0.3973939079675510 0.0678738204078837 -0.2729406190611051	0.5654146105014695 -0.5483582236756196 0.9225594143991218
1.0000000000000000	-0.0231951574893434 -0.2205087195980130 -0.1845709623502736	2.2356430201337192 0.2525353078248395 1.0162731984937468
1.0000000000000000	0.0804505200825886 -0.2434065880144060 0.2979716138389632	-0.6939750438524029 -0.2682987259889053 -0.6014240603672795
1.0000000000000000	0.2995908965235488 -0.1676729496110219 -0.0615210022969116	-0.5764585268832376 -0.1963263554695346 0.2571309110780508
1.0000000000000000	1.9891991793847414 -1.4658498122101606 0.2804289801753220	-0.3827042793319359 -0.2906503037538543 -0.2193472252056957
1.0000000000000000	0.8853735506779121 -0.2171653815781343 -0.8131739651673620	0.2171243603918249 1.2943716639239988 -1.2068575184522403
1.0000000000000000	0.7851772885238406 -0.0380872852922271 0.1729136292169158	-1.3046407430071154 0.0838126485315492 0.2879615599691528
1.0000000000000000	-1.2803151295511010 -1.2536080638383260 2.3436538832876086	-0.4740971413691387 0.3634166980976795 -0.1334010134331702
1.0000000000000000	-0.5909593035533320 -0.2064433634555707 -0.0779449590115618	0.0432393861418562 -0.3577306076444934 -1.0986577834452120
1.0000000000000000	-0.9150144107344145 1.4581727502789477 0.3629424492679650	0.5850289793952047 1.0851965517550075 -0.0889782323060228
1.0000000000000000	0.0257618718649826 -0.5521768189714120 0.1075088636623897	1.7160776721687134 0.4906908322416365 0.1618847912682516
1.0000000000000000	-0.3226459048511039 0.5772271764410928 -0.9464526142746841	0.0638658223483345 0.1736058912374381 -0.1540192106705478
1.0000000000000000	-0.8247978410677940 -1.4818684523710344 -0.1008649776971673	-0.9047737485510223 -0.2414792309416015 -0.9117423208166895
1.0000000000000000	-0.2549622671041059 0.2207250862784795 -0.1256879309516141	1.2638096034377162 -0.1897931411572724 1.0746399885261020
1.0000000000000000	1.0916122103876900 0.3116522555239121 0.0005326151163911	-0.0718296708621869 1.2427694056075513 0.0681321214720939
1.0000000000000000	0.4381836154961575 -1.7704927479971080 -4.3326183640036593	-0.5503811895960997 -0.1908649658566571 0.1121171085540386
1.0000000000000000	-0.1057408192493910 -0.0366108525719087 0.3792312374075044	-0.4156625236682260 0.5080362386442369 0.1376961993368165
1.0000000000000000	-1.1310049930253230 -2.3448887674237495 0.9903746795041175	0.3516914282569338 0.3871526625434405 0.5963097261706476
1.0000000000000000	-2.3587614764076519 -1.4435588373446622 -1.8896269463188919	0.3097061273556745 0.1478586012367592 -0.7840673337219553
1.0000000000000000	2.3176117752854477 -0.9696625231923773 3.3263400011195809	0.2532416318611014 -0.3633489712430964 -0.0486172641810577
1.0000000000000000	1.3739626160059484 -1.3365201172591070 0.3289066697179079	-0.2065847740356625 -0.1428249793974201 0.2211908277589048
1.0000000000000000	-0.0639042056225285 1.7492023035367441 -2.8880897368068510	-0.7610062956156327 -0.0797840198352115 -0.5205544072846402
1.0000000000000000	-0.3958309566719291 1.6709610910993415 -0.1430954576974743	-0.5069563842956373 -0.2144524591697394 -1.2695092395102785
1.0000000000000000	0.8550101241136914 -0.9040821688009203 -0.1265078748566331	0.4136218747353982 -0.7423269187614695 0.8141329289784774
1.0000000000000000	-0.8001036162608614 -0.2174414730611211 -2.1944101985613935	-0.3092215856762047 -0.6703747858933705 0.6226586629332417
1.0000000000000000	2.4741328628821027 -0.8894293996076750 -0.8078687210013796	0.3256244811776316 0.9273049342949614 0.2956761937908220
1.0000000000000000	0.5790596765039393 0.3383747020574576 0.1196420899596565	-0.7687762645484312 0.4959098593201247 0.8752012961449249
1.0000000000000000	-0.1640556526347537 -0.7632575728039538 -1.0601288419505970	0.1042430778181141 0.2443442486053743 0.6354784415196206
1.0000000000000000	-0.2329389064766546 0.5274316902027617 -0.0188070651221163	-0.6775951478398939 -1.4793933882929926 1.2243959182091513
1.0000000000000000	-0.2721444659905485 -0.5422463897790835 -0.2557145156079840	-0.8899431555998427 -1.2574631002056753 2.3090700284620755
1.0000000000000000	-0.1000964249534102 -0.5251789888255080 0.0678550120992098	1.1793596679472087 -0.0709273643403801 -0.9278764316410375
1.0000000000000000	0.2813035430113682 -0.0276020129202545 -0.1699880575582681	0.8490106221993298 0.2691510546721650 -0.2518175609035374
1.0000000000000000	-0.7738627059165973 -0.3883092840891398 -0.3775756048950653	-1.0079409928504002 0.7899077097862134 0.7767279898626658
1.0000000000000000	-0.5765086565523305 -0.3643947912185533 0.1087133925009414	1.1144882745626812 -0.0477287806696397 0.0297735774859379
1.0000000000000000	-0.4336604521182982 0.5315935049690954 0.0341078834842930	0.5079021279801397 0.7390770634877326 0.2017149292236839
1.0000000000000000	3.1402073187509290 0.5452238606451874 -1.4821157758837133	-0.6173374185618146 0.2314792140085608 -0.2167378198995457
1.0000000000000000	0.8591648815219610 -0.8696062359060439 0.9445123196560410	1.1696508586027790 -0.6179856718002760 -0.4274995723659603
1.0000000000000000	1.1022583465479616 -0.5727178977148373 0.5561093818946705	-0.6243079052512476 1.1206492249436764 -0.2678866572946387
1.0000000000000000	0.5782788642531947 0.5215079882313085 0.2521149412222056	0.4657286509721490 -0.7789054683892378 -0.7455508535774882
1.0000000000000000	-0.4206395335161325 0.2267690348343002 -0.0142782273574355	0.8517299605466325 0.3144707501809768 0.1620798788782453
1.0000000000000000	0.3276149885110859 -0.6617889787598193 0.2044179554878500	0.9421549364514628 0.2539373635353693 -1.1189789552412526
1.0000000000000000	-0.0398909766376677 -0.0934708840798595 -0.0642154944611629	-0.2538744631402045 1.1737559753866493 -1.1594923097313001
1.0000000000000000	-0.5362183751541515 1.5611875522442071 0.5428752584948970	0.3425462773952064 1.4924200531928515 -0.1471720383825770
1.0000000000000000	-0.6267363083573574 0.3000293605933781 1.3956595524356499	-0.1964247600711333 -0.4294805230922414 -0.8625544054963267
1.0000000000000000	-2.5259650368696906 -2.3166426531257849 -4.0600005131121311	-0.0679860183135879 0.2436135252635115 0.5385342855422931
1.0000000000000000	-0.0745421410422228 -0.3190264268200699 -0.4584197855595733	-0.6851684699852265 -0.3508459497059930 0.0216081189184914
1.0000000000000000	-0.6203222856818538 0.2201043069511790 -0.2222572437640639	-0.1759892400836143 0.0696850068120135 -1.4711584327812830
1.0000000000000000	-0.0823638256088328 0.1917784506637600 0.0141504193467526	0.5653948526921824 -0.5548905189883153 -0.0161314182847716
1.0000000000000000	0.0656212246175211 0.4592677755736931 -0.4615089679243305	0.4555644415879254 -0.8819251982640897 1.3428306467485029
1.0000000000000000	-0.4933281735497315 2.6460311225748194 0.4600117612114731	0.1641647434271016 0.3138350172226355 -0.2066906758755034
1.0000000000000000	0.7538380480780762 0.4552701838668572 0.2202302997575695	0.8593093087987751 0.9107112544647828 -1.2601887772325757
1.0000000000000000	-0.8286026393572978 0.3844177596698516 -0.2307158507430119	-0.1155968517741241 0.1699026533037128 -0.4408370193517411
1.0000000000000000	0.8611368439887118 6.1650016777340566 16.9832598355333033	-0.2816833855992355 -0.1735699071771796 -0.2789481559352209
1.0000000000000000	-1.3334752880977552 -0.2116459641701143 -0.1123191442602911	-0.8111852408745658 -0.2521945181510641 1.3004291143814377
1.0000000000000000	0.0329096287991216 0.0939340922002519 0.0720610040682521	0.5833372262497024 0.9902546840729970 0.0574280735366960
1.0000000000000000	1.4577504373299834 -1.9264939910836572 -2.0179628853899660	-0.0639149461399737 -0.0660683309036842 0.9969268816717413
1.0000000000000000	-0.4096485207230384 -0.1202525202176907 -0.0549528996853521	-0.6852518351528220 -1.0424831357507700 0.7681223811840103
1.0000000000000000	0.5157361996231090 0.4385372491103206 -0.0695396010000110	1.3709375048209453 0.6835256554784169 -0.5323740385171437
1.0000000000000000	-1.0130353648345705 0.0386858964681793 -0.5893960589926315	0.0899748990371899 -0.8408801548692544 0.8642595528810439
1.0000000000000000	0.0287341308732567 -0.1450829453071903 0.1310822932519666	-0.1367597139833897 -0.4758185115382549 0.7529264121995015
1.0000000000000000	0.8456783609310174 -1.2977784815806428 -1.8550193382508273	-0.7295782862988411 -0.2215859361779317 -0.3156321334817179
1.0000000000000000	-0.2715917434728743 -0.4117459820940712 0.1911218644116815	-0.1534794364158438 0.7615004890170100 0.9416216600927819
1.0000000000000000	0.7286565016158099 0.3963755737008210 -0.3179575873697188	2.0754999610521954 -0.7749795864884745 -0.5361411845624313
1.0000000000000000	1.0163266125725019 -1.0474030098201730 -0.1946237975067182	0.9578664765229171 -0.4282293102333835 0.2696116631749832
1.0000000000000000	-1.3982273766250639 0.3952859867809618 0.7776317930890628	-0.1201263073262108 -0.0262707198005285 -0.7276107650913965
1.0000000000000000	0.8334407526114798 0.8374479629360213 1.4003096740443881	-0.2156019223196763 0.5185775964675096 -0.3416367188414693
1.0000000000000000	0.4633051204567378 0.5296506108840024 1.0222872720653344	-1.3407821605089194 -0.5360965542296929 -0.4896454611614783
1.0000000000000000	0.2624069857724433 -1.7669965913285071 -0.3243327262996364	-0.2458897318591132 1.1336189976503717 0.5436430216670123
1.0000000000000000	0.0263379501419042 -0.1882676369619350 0.4215604851315933	0.1902846565696029 1.1597450622404009 -0.3302114482357821
1.0000000000000000	-0.8452046246994587 0.4706550414822422 -0.7228651242768169	0.3794481318861629 -0.5057144608932188 -1.2545944867115795
1.0000000000000000	0.0289985845692000 1.0494231139125534 -0.0922965287752244	1.0396769520719145 -0.5175310396681414 0.9021040595008906
1.0000000000000000	1.3449598469585824 -0.7214150357578274 -2.1948024918066600	-0.0650423110649574 -0.3701250447325841 -0.4565423411915678
1.0000000000000000	-0.0667242836128052 0.0939214616945537 0.0445256365005520	2.5636702475982562 -0.8986313190380947 1.3481543908234843
1.0000000000000000	-0.8911525625819946 0.1991079477164471 0.4268471953482496	-0.2103989093957078 -0.7827999636844225 0.2929217159264375
1.0000000000000000	0.3160238230326950 -0.4491755873413750 -1.3908305544092379	-0.3011046576250530 -0.2900129095543936 0.4489291746960427
1.0000000000000000	-0.4117551501999083 -0.1240738917263836 0.2274893008656123	-0.2609196900527674 -0.3857107924875253 -0.0600676395070396
1.0000000000000000	-3.0947284386588843 2.2774039515501960 0.0364302189453916	-0.0533242875507802 0.5843310923225995 -0.3592425852046506
1.0000000000000000	-0.6711873760248188 -0.2315855841008426 0.5089142960473247	1.6005372406219476 0.7341145510540645 0.6633273402342591
1.0000000000000000	-0.3031703329001351 0.1879373409467357 0.0587976474498725	1.3949307302367338 0.6714601223724909 1.1916314153806173
1.0000000000000000	0.2916725985608137 -0.0014845713037258 0.4338172574395947	-0.9428057206088609 1.5941046443462050 0.1489380622299168
1.0000000000000000	0.2710197206697987 -0.8970544974807093 1.3325739801486534	0.1655283535741453 0.7218954854584927 0.7819787419958769
1.0000000000000000	-0.0158972488271793 -0.6773550446691274 -0.0802940858897528	-0.0001745243653595 0.0161942065595792 1.8963884626736476
1.0000000000000000	-0.6490883013810143 0.5510786444262226 0.1465348625912854	-1.3087319904122408 1.7415752212210078 1.0948324007352257
1.0000000000000000	-0.3259406743682735 -0.3346745206170345 1.1580799515149505	1.0132833214548422 -0.5261186851347334 1.1285951470530187
1.0000000000000000	0.1509055584209132 0.0140992299547658 0.1521121213070033	-0.4305849661679018 -1.0196541126109360 1.3128878800900754
1.0000000000000000	-0.1276058586515828 -0.1823336942002340 -1.2122922003513517	0.7995590727932633 0.1649608816732050 0.9996471387522324
1.0000000000000000	1.4422620071181012 -1.0174945082922375 -0.4118352838898006	0.8896076935947743 0.3793653400790317 -0.3482103404535911
1.0000000000000000	0.3257193371436379 -0.2786937468902885 0.5117307694303761	-0.6537075130425504 -1.0841747938174835 1.1258249549448529
1.0000000000000000	-0.8333038767679302 -0.1173391616527598 0.2197907705649877	0.2420467579956187 -0.2451734260434509 1.2795679856643332
1.0000000000000000	0.8398102581153288 0.3262102075451145 -0.1730437027807698	0.6312337591892405 0.5955441666020160 1.4517921733120429
1.0000000000000000	0.8204592193120899 -0.2306287484842590 -0.1128436538300427	-0.5963299944705086 1.1611028809307025 0.1446989838062584
1.0000000000000000	-0.0856103315867116 -0.3797634182072662 -0.2140853470981388	-0.0538327462813696 1.5475174869788990 0.2999325820610851
1.0000000000000000	0.3369708125944046 0.1386971194803895 -0.2587847048341742	0.0868890551754989 0.4957920900191429 0.1920970497472335
1.0000000000000000	0.0596982310781949 0.6454391187303273 -0.2834859828592581	0.2988393158235635 -0.1313005202173411 0.3930021968266063
1.0000000000000000	0.0777094388655090 0.5173975801085938 -0.5889845923048463	0.3610028056720987 -1.0853610048966977 -0.0530584082338543
1.0000000000000000	1.5751286500430355 -2.0388060610637169 1.2003362013752035	0.4432878029548314 0.0330887792660561 0.3464521640143411
1.0000000000000000	0.7605000290560273 -0.4088958675182390 -0.4426828528887112	-0.1482142643428584 -0.4904496282095934 0.9763413327186459
1.0000000000000000	-0.2367800968127090 0.3541907844440129 0.2638524856445297	0.9965622760174477 -0.0544002925664972 -0.6097312214620944
1.0000000000000000	0.0639733361198838 -0.2863165216917765 0.5278574197763590	-0.7224969730461819 0.3125012975299626 -0.7933886411081765
1.0000000000000000	-1.1135105074064504 -0.3174403361246585 0.7199718425425666	1.6562351073545964 0.1238403920310017 -1.0710302240541205
1.0000000000000000	-0.0351877983971031 -1.2852530557822328 -0.5533628131540566	0.4919052719639241 0.8357023080207541 1.1766395517463548
1.0000000000000000	-0.4619639142677300 -0.0080729621466043 -0.1980234806258925	-0.5478886899206119 0.2539997726046178 -0.6806039147974221
1.0000000000000000	0.0038770320713487 0.3136012930596241 -0.4482299117855287	0.8635447650705232 0.3928565953335540 0.0034318761933170
1.0000000000000000	-2.7923447139989381 -0.6976073254511485 -2.4861172735675434	1.0929951033408292 0.3507020835861978 0.1159387269229967
1.0000000000000000	0.1324696487588322 -0.4605002127387247 -0.7063470170844917	1.0260230751034074 0.0165832897170240 -0.5492893817574250
1.0000000000000000	1.1088572725805892 0.1898647213674220 -0.5292341865215543	0.2464782700042827 0.7140596914099321 -0.4330443938758801
1.0000000000000000	2.1656623025812411 -2.5625958344999380 1.5086916966300989	-0.2255360622246918 0.1552077914525624 -0.2074594459165059
1.0000000000000000	1.3971631220766194 0.6713944898800662 -0.2136967685516556	-0.6453975149289031 0.1746115942975359 0.8540597136508759
1.0000000000000000	0.0355828325829119 0.1795959429217746 0.0845387718879245	0.4507196264084878 0.7615626294716525 -0.9985834758523006
1.0000000000000000	-0.0850471053563221 -0.1264251909189807 -0.5119219562676772	-0.4234689467437147 -0.5066536922573046 0.3930143638423993
1.0000000000000000	1.8774748153621770 0.0271800474143886 0.5531224502799860	0.5824927506554185 -0.2790549487421883 0.4874698920747867
1.0000000000000000	0.1788133232527545 0.0730357845164103 -0.2945413476838484	0.5609966254535665 -0.2922201831750846 2.5224921677417087
1.0000000000000000	-0.3259970424545443 0.4794379396102275 -0.5616730561444255	-0.3139090477613475 0.7809013048637750 1.2824084943207554
1.0000000000000000	-0.3584792536602989 -0.5066472460486587 -0.4069380863416697	-0.2852827743190600 -0.5790888478323433 1.8781906279439984
1.0000000000000000	0.4895425553961977 0.0910099230263092 0.0376990916709938	0.7316106677319855 1.3991333405944619 -0.4334563521378166
1.0000000000000000	0.1160065555359573 0.1939492945267512 -0.2275335713301847	-0.3209354174534410 0.9266041961131631 -0.2433349284909755
1.0000000000000000	0.5870419867773518 -0.8277637511523226 -0.9846383162440220	1.1120634384486838 1.0493362352492619 0.0371678923951580
1.0000000000000000	0.1822752692827984 -0.7206873339122040 -0.0641137783817131	0.4117638814835831 -0.0021141343230915 0.5739072836135144
1.0000000000000000	0.3462643153681194 -0.1279834467134887 0.2837149840888796	0.8118905344828371 0.9580840575311735 0.7003968042444173
1.0000000000000000	2.2239913399549973 -1.8208968549596043 0.9956775777370381	0.0175128264331111 -0.1879055962949046 -0.0353915562090255
1.0000000000000000	3.8176458186970361 1.6150023678764671 0.4998023783406587	-0.2999442482202896 -0.3166204779326111 0.3199452128750632
1.0000000000000000	-1.0630916955039305 -1.6868703752151930 -0.0547939390703921	0.2106823600789822 0.0258730264669396 0.5713103107178088
1.0000000000000000	1.1874761311583288 -0.3685148492318574 -0.3467714692771095	-1.1295788273441116 -0.7635937226130716 -0.7855601418212891
1.0000000000000000	-0.1794320101802576 0.2513625949951761 0.1470013355479703	-0.1953715003082000 1.0347347715137225 -0.9988347768953614
1.0000000000000000	-0.8447036774745433 0.3628198798411222 -0.8917894107528086	0.4902337716669735 -1.2344062245718583 0.6309439600241371
1.0000000000000000	0.6204175426352135 -0.6162165664604081 0.8041886387025992	0.4931607246063555 0.3320010884414943 -0.0064968717431843
1.0000000000000000	1.3167480688105604 0.9652197269604411 -0.4038955799208056	-0.8986084741621782 1.3523854290194612 0.3509359814233091
1.0000000000000000	0.6844549982401582 -0.5483234212634891 -0.5341172024744349	-0.1511583440493017 -1.4841063145313107 0.4725787086623547
1.0000000000000000	-0.0452439596795466 0.2727303796478810 0.0623071875619258	0.1126857567150188 -0.8070119124986220 -0.1690923078432475
1.0000000000000000	0.0526283624584298 -0.1499385070893326 -0.5548005631980073	-0.2728382260603011 -0.0481048777613333 0.5370486233026833
1.0000000000000000	0.2159064477287166 -0.4926134471625720 -0.0815089492529895	-0.4926266900380294 -0.4873142966872482 0.4526865722314021
1.0000000000000000	0.2920364744526428 -1.2054745364013570 0.2659931768468161	-0.5373092634696807 -0.7943610297657934 1.5315877027422511
1.0000000000000000	0.0615970446527062 1.5213640641928490 -0.8808066501097188	1.0128561120967994 -0.3098545075185771 0.2851105812560146
1.0000000000000000	0.9725863891970510 -0.3618005686121697 -0.5456169873686146	-0.4582930916079735 -0.7608586032081424 -0.4013018662726274
1.0000000000000000	0.3789388459743823 -0.1337017431391727 -0.0643908057436384	0.0380881091179838 1.2451378878562473 -0.5077771037690668
1.0000000000000000	0.9556292905282090 1.6596810934010520 -0.3970049469745385	0.1527244549743892 -0.1600452898907060 -1.3359895526845620
1.0000000000000000	-2.8493264644348315 -0.0976625736253932 0.8617620843201949	-0.3309805894406693 -0.5926576360601192 -0.3584813273621930
1.0000000000000000	-0.4530643409012571 1.0711668846568212 0.8452934774893484	0.3363964117015800 0.3069675020504470 -0.3442755768493764
1.0000000000000000	1.0630342319220760 0.3625655335729746 1.0921746732517479	-0.9479446436763744 -0.8361061760714122 0.3640166219753090
1.0000000000000000	-0.2748439214956594 -0.2440612926059967 -0.3316130840831847	-0.5552099743587372 -1.1475613498850905 -0.5568005000428414
1.0000000000000000	0.4213311080726350 0.7555372249027044 -0.1079725955948903	0.0385574905335584 1.3083281435476717 0.2170362568398265
1.0000000000000000	-0.5168674815527009 -0.3801348757751143 0.0388380036488256	-0.0730321753982771 -0.4577650337255138 1.7181094727745259
1.0000000000000000	0.8488250084461110 -2.9990745589970182 -2.6712615379635860	-0.4078129364947877 0.0254259846140801 0.1171215973992661
1.0000000000000000	-0.7619541250157035 -0.7408883978828137 -0.5532783251101593	0.5527855591592717 -0.2335242069104770 -0.4517684513032188
1.0000000000000000	-0.2044118284870897 0.4461403485639134 0.7311530803760915	-1.1878005660754967 0.0825698412057281 1.2571166708847483
1.0000000000000000	0.1045313337322979 -0.9160143061942656 -0.4759313951115514	-0.5000767165509666 -1.0060455639774055 -0.3490819847527837
1.0000000000000000	-4.1597696818884353 5.5094553998588047 -2.5229933081201281	-0.0129308135710893 -0.0590947156590188 0.0342399882233418
1.0000000000000000	0.6549532185426948 -0.5570539864133627 0.3741229690452988	-0.1624283095378888 -0.4797129913575405 -0.5716396934454816
1.0000000000000000	0.3180092745599436 -0.7378033141942734 0.2946753787786603	2.1898994949492590 0.4505136630401522 -0.1529383612144500
1.0000000000000000	-0.2388747188776232 -4.2233969655700951 -1.5746796797657774	-0.2166497569180513 -0.0653822798791507 -0.2992110313377823
1.0000000000000000	0.8413023541838811 2.0901810712873252 -2.1036895196091003	0.1001573855248099 -0.5581420539376203 0.1300119678693149
1.0000000000000000	0.2270093075541245 0.8073413053473117 0.1527826167285452	-1.1321343475678638 0.7229702052765380 1.5843881796913872
1.0000000000000000	-0.9591507453368260 0.3984611472508504 0.0965948507778307	-1.2689902792341603 0.0876213441075912 -0.0244698758426756
1.0000000000000000	0.3976585016716431 0.0800998821860400 0.8257153212469235	-0.4272698340950195 -0.8086722100648781 0.5330890131587790
1.0000000000000000	0.4107427676670144 -0.3073324135200650 -0.6730090109411656	-0.8497829680582084 -0.4963384354427332 0.2137144413413159
1.0000000000000000	-0.2697227693512038 1.3298423981119587 -2.7270696538938375	0.3953932136850377 -0.2486752355573180 -0.0809954165079878
1.0000000000000000	0.2358074754168652 0.0757623921990317 -0.3117393933843822	0.8024765740588896 -0.1909942732214007 -0.7278998119364033
1.0000000000000000	-0.1616371758611526 -2.0370371647552901 0.4784216827593519	0.7294210326261376 -0.3369495131458025 -0.5521567161328189
1.0000000000000000	0.7722193360769106 -0.0640369710899907 0.3647905863818968	0.4028096183109344 1.0102395629373651 -0.9056405445260794
1.0000000000000000	-0.0506700783914314 0.7647738894057278 -1.6957518448227438	0.5345742869012776 -0.0438276759565100 0.8980024786846977
1.0000000000000000	-0.1284100880513120 0.3150688661056157 -0.7660875202046946	0.5823848142209203 -0.3083356385774967 -0.2889941249440705
1.0000000000000000	0.8331965580893049 0.1576775497720315 -0.1207487422102726	0.0809641411938652 0.5586638754451815 -0.8401385621694019
1.0000000000000000	-0.5130779352841714 0.2101920906156570 -0.3991341521075863	-0.7414123122751377 -0.7799581481394047 0.9680269712165092
1.0000000000000000	-0.0068340008017383 0.2752938424022353 0.5540679262704173	0.4000216067950600 -1.0423322268409323 -0.2022170426275104
1.0000000000000000	-2.2584677585207209 -0.0587003679282381 -1.2085643349622091	-0.6992976473212995 -0.2262223375046973 -0.1088326418628414
1.0000000000000000	-3.2474865910185229 1.9155815668201812 -1.0856032349703517	0.0869605008678564 0.2076072404770287 0.0529493103328172
1.0000000000000000	-1.9716911256009644 -0.1748840427565851 -0.6712864427280923	0.3074544062454860 0.3399410083223287 0.1410867458374091
1.0000000000000000	-0.0184580964770582 0.6969418726973593 -0.1190144793323103	0.1478092256569929 0.7104200572539062 0.0065750173279190
1.0000000000000000	0.7819215061318705 -1.5041345581278840 2.3091476949395995	-0.4845827750184782 0.6931596832501172 0.1902297389506006
1.0000000000000000	0.7443737364605881 0.2034738635695015 3.5681848203397046	0.3098357847765744 0.1706408806433724 -0.2179531672577340
1.0000000000000000	0.2319837092799385 -0.0385278484618591 0.4884517182204954	0.5121842630592819 -0.3706708426029198 -1.2919549165536579
1.0000000000000000	-0.0663933430818386 -0.0630130712292085 -0.7775057534390408	0.9758737219856326 -0.4879092434767744 -0.0414650637184968
1.0000000000000000	-0.4045544785555112 -0.3678690412234588 0.1343431116315824	0.4447764807690019 1.0249503469484944 0.3212096913654164
1.0000000000000000	-1.7873964971970295 0.8944359898789509 1.9618636412370061	0.3333136340613019 0.1857545525237345 -0.2159321442759608
1.0000000000000000	0.8654065371187738 -0.6411055483215625 -0.5034611405121024	0.9396794778401822 -1.0741696965641649 0.6836191705045833
1.0000000000000000	-1.1469672684735599 0.5079570230343248 0.9918806039541218	0.2091936265498276 -0.1927003508910105 0.0264660670055973
1.0000000000000000	-0.6156313383463450 1.4532164946305322 -0.3071031165736077	-0.0276885244221906 0.4957752657075077 -0.1445124911227158
1.0000000000000000	-0.0966869861992045 -1.2667838922592922 -0.4268067996038622	0.4119541891354750 -0.4359024109287859 0.7455686164950838
1.0000000000000000	0.0200151759827274 0.5164995676913058 -0.0406341963599627	0.9281171468343475 1.0232045285664424 0.0388107180123136
1.0000000000000000	-1.0349639157702555 0.1029494415355344 -1.3972508430394983	-0.4400278059262157 -0.9270476042587699 0.1069960025399979
1.0000000000000000	0.0391325835783665 -1.1044817041363320 -0.6751250632833217	-0.6775955176253797 0.5929916429627436 -1.0376924905528193
1.0000000000000000	1.2355464836355379 0.0775127664115015 -0.3726275749384881	-0.2870783520679033 0.7970659362057223 0.9139718095181035
1.0000000000000000	0.4008244700432803 0.3208415104712159 0.5007080452248743	-0.5482276140374203 -0.2339241466035498 0.2110844449156619
1.0000000000000000	-0.1941880941151325 0.3195583432393564 -0.3077116064113330	-0.3050697950866615 1.1921850955261728 -0.4626609447697544
1.0000000000000000	0.1735541715571673 -0.0880240102023609 0.1723457834283474	0.7535473257579592 -0.2905419136929898 0.6365935328336717
1.0000000000000000	0.2707257659404955 0.1312931663884030 -0.1405791381105696	0.1166395194003966 -0.5492511652101906 -1.3769154542691195
1.0000000000000000	0.0033141304334311 1.0507389001004577 0.3087710646920445	-0.7048948627157455 0.1608932840607410 0.5254154524228748
1.0000000000000000	-0.4503282275324190 -0.3113144702544319 -0.0688063884134290	-0.2968846409104445 -0.1418172225208272 0.4616506716815875
1.0000000000000000	0.6205574488681134 0.8935819112610167 0.2307928591914457	0.8236836056873480 0.7327195880996813 1.6318026481053631
1.0000000000000000	-0.4164801328527485 -0.6381209062166735 -0.0384811852337652	-1.7685238647609722 -0.2469260161682374 0.1291183283709986
1.0000000000000000	0.9749186698190978 -1.3733703027999753 -1.8274275008969505	0.2597804245752412 -0.6367570608234241 -0.3364942618725030
1.0000000000000000	-0.5055593889441972 0.1457473236475654 -0.6592440400959392	-0.3877710425612529 0.4845612224634961 -0.9984183331928089
1.0000000000000000	0.1715336609939089 0.0504119782444075 0.0049839185161786	-0.8077604143533971 0.8761224079219943 -0.8587281275223654
1.0000000000000000	-0.3527597906446480 1.6472885458690818 1.2656219119393042	-0.9070663704167595 0.0692080270777481 -0.6954763217703852
1.0000000000000000	-0.1093942235877389 -0.1786267597919653 0.1001742366981469	1.4131102410922294 0.4225367398116464 0.3180661789902213
1.0000000000000000	0.5666377430597693 0.4530956304943921 -0.6324413809224728	-0.0471811577299052 -0.8941231341819758 0.7938810796871140
1.0000000000000000	0.1551756012837014 0.5903526980977807 -0.0919503869910840	-0.5577578669780057 0.2482109557354429 -0.0866121568356142
1.0000000000000000	-0.6412689308338315 0.5950598428420577 -0.4303847300198713	-0.8572642340498359 -1.4343079320186083 1.4696334057943263
1.0000000000000000	-0.0910799441076419 -0.0077012176020623 -0.2509062746272008	0.1962204058509981 -0.3358492380945206 0.7433291548284868
1.0000000000000000	2.0458279770245773 0.8653520587488339 0.2570207654034047	0.0087179994219981 0.1371062766891719 0.0034427450542065
1.0000000000000000	0.4681504463247326 0.5422322371695137 -0.0104925052086701	0.2140066446485524 -0.0564876704501580 0.4453389863698887
1.0000000000000000	-0.5260936559806038 -0.7042978045000976 0.3623034711689849	-0.2193248158357165 1.2566642541749113 0.1667204510014256
1.0000000000000000	-0.3258142464081811 -0.0414776636997542 -0.7695773929878726	-0.4465883362748907 0.1243519738984769 -0.4971774163249543
1.0000000000000000	-0.6087227423950037 0.1344334910695137 0.2067108530819710	-1.3998821077521868 -0.0494507383809211 -0.8213055873120462
1.0000000000000000	-0.0431945037592070 -0.3940415174067983 -0.3664941052222628	0.4374532268273706 0.8307791162724346 -0.1930239207672677
1.0000000000000000	-0.4779361263515631 0.4150262318507543 0.5886296509197119	0.0518972091694401 -0.3008735725095906 0.1181513388458752
1.0000000000000000	-0.2899041180367117 -1.6973653569676741 -1.1772487200487383	-0.2780545914827183 1.1434167742751804 0.9237345246166793
1.0000000000000000	-0.5961116983606611 0.2308631963316374 -0.5385805075607051	-0.9628690424246327 0.2920590333947125 -0.1134856683100864
1.0000000000000000	0.4845909851034925 -1.4858523659614113 -0.0563323455247843	0.6214825603737650 0.9748659140726511 -1.0188096462070595
1.0000000000000000	0.3129593729110737 -0.2091670816639279 0.0022781085933600	-0.6792932284522891 -1.2291660691183777 1.1283732306107932
1.0000000000000000	-0.0787664836111671 0.0532672839805293 -0.2186035584421101	-0.6831902223639336 -1.4142804096843289 -0.5851953282747914
1.0000000000000000	0.0909091935354999 -1.2930930320736371 0.6120100658824368	-0.1300767736834982 -0.8846935055302773 0.2297506402440678
1.0000000000000000	-0.0014682009492685 -0.2256273122522160 0.4573293649973394	0.7895811428007525 1.0852660971521755 0.7541989201461650
1.0000000000000000	3.8422200437363125 1.5672293377725424 0.7327763462206857	-0.2892135285173203 -0.3962552743875609 -0.1952144487292674
1.0000000000000000	0.3976972074360333 -2.7350168572576918 2.1726460701436103	-0.5788857229203398 -0.7561241716196303 0.0460684296354653
1.0000000000000000	3.6877984032048770 -1.5994123612787181 3.5318735609157899	0.3710502896729741 -0.1447019018547484 0.5795700555012568
1.0000000000000000	0.6619587966434693 0.7388977431886352 0.1990393626917878	0.4880326772953660 0.0069269102037513 0.0550525249168181
1.0000000000000000	-2.7233653347545799 2.0361994703889024 5.8495300469458167	0.5824439265097072 0.1419905725576777 -0.4203117907368566
1.0000000000000000	0.7805542599806454 -0.0001231313744630 1.0861391304246766	-0.3427744210638384 -0.0137270264454385 -1.2337873187912904
1.0000000000000000	-0.1144058423235572 -0.0312352168855496 -0.0677655002311924	-0.6003943447794732 -0.5573124666772316 -0.8024422464110534
1.0000000000000000	0.0914096354466335 0.2457957264910541 0.3654805742514099	0.8787615825797139 -0.8464322798288745 0.1450571572939683
1.0000000000000000	0.2765746749538681 0.5147852395098494 0.5175954896097982	0.0370881137613698 -0.3962293103591290 -1.0139004060920009
1.0000000000000000	0.0352831443007259 0.4108620935233655 -1.6787475893271140	0.1403635020200684 0.0416869901553874 0.1684501033844802
1.0000000000000000	0.3388596406251147 -0.6633586523521516 0.1025408706366799	-0.7582536020984439 0.0711439520812199 0.0558596006583560
1.0000000000000000	0.5230983480051644 -1.4511981067511970 -1.3177089849865771	0.2587171279050440 0.5005305019356089 -0.9669524541088147
1.0000000000000000	-0.7391737287337389 -0.4384156062608143 0.1189375668803015	0.8475081230636825 0.1452978592242706 -1.0017041682928132
1.0000000000000000	0.4612557483288587 -0.2604216600778202 -1.0776661279976958	0.7536809949114982 0.0004415796949112 -1.0930432219804946
1.0000000000000000	-0.2025979466225358 1.2015669736209171 -0.4096221004648948	1.6514677922116183 -0.5994366959808238 0.1476867827189485
1.0000000000000000	3.5155130841410407 1.3766758648195705 0.2965188334555254	0.2357204647430249 0.3027823804229630 0.2895441966159816
1.0000000000000000	0.7163301745140315 0.2799955472655482 -0.0443020714393430	1.1461747355132221 0.0917867170036792 0.5856408975816062
1.0000000000000000	-0.6205474618099202 0.1186452981559176 0.4584942354251803	-1.4574449961986045 -0.6770834475744058 0.6918400574019847
1.0000000000000000	0.2109601574120092 -0.1378898730354770 -0.8789468093907150	-0.6112933157244322 0.8091778235026540 1.0463641016303677
1.0000000000000000	-0.1836125617668704 0.1967931027075373 0.1000383082083001	-1.7303281703304259 -0.0361062787587904 1.2396050530577913
1.0000000000000000	-0.0625229153787802 1.2180056254050740 -0.0490590049957221	-0.7967302662008131 0.9818904427151072 -0.8537608908761850
1.0000000000000000	-1.8483454779249875 -0.0184692246855084 1.7106914645339584	-0.8498839449886524 0.2638018580185540 0.1551874670075084
1.0000000000000000	0.3283874104135824 -0.4409702417384969 -0.4812156228268361	0.4729076329249212 -1.2574798275771999 1.6314419923236296
1.0000000000000000	0.3652038795943582 0.6606263760306836 -0.2203418040644798	0.7935986294643113 1.6055307060954831 -0.7351247512019591
1.0000000000000000	0.6160541289209051 1.6179492090551315 -0.5475137090436670	-0.3472048531209264 0.7403408612265736 -0.9761753953540561
1.0000000000000000	-0.2594428746629138 0.7926314267129326 0.2444228663448093	0.4162241244286126 -0.9541034913221068 -0.2313661492122700
1.0000000000000000	0.2449822271691149 0.3273906952294660 -0.4320370223404367	-0.4374181606816496 -0.4680544744770503 1.7560103726623759
1.0000000000000000	-0.2645626022896322 -0.5972677772705066 0.0481851778465528	-0.8437717111054761 -0.7379515084578204 -1.1912910485486607
1.0000000000000000	0.3242721173746421 -0.1430304881742268 -0.2843719095934212	0.0820896858718286 -0.2100016610150134 0.9412024266979293
1.0000000000000000	-0.7863750280262929 0.2966422961669571 -0.1283744203230090	0.5257085713634971 -0.6632809682390686 0.6297556393160103
1.0000000000000000	-1.4865102388842173 -0.6921219360026910 -0.8446458664921909	-0.0137730873019853 0.7844205974550128 -0.0303460232973151
1.0000000000000000	0.1812648752126671 0.7829974740199807 -0.2742344593987291	0.4258969158335960 -1.7157787436127196 0.4344926283591279
1.0000000000000000	0.2958009985487599 0.3831480618299475 -0.1710074679766891	-0.7974152048291760 -1.3926441034041723 0.6194234581700495
1.0000000000000000	-0.5630139571539809 0.1357292753891868 0.1661496671654502	-1.0379022786082179 0.0198091313306980 -0.3271210279981113
1.0000000000000000	0.2835057043691821 0.4219637127055627 -0.2729618823771208	-0.4654908012690224 0.9766777790752541 -0.8715421164865336
1.0000000000000000	0.3056969611099186 0.5338181987502407 -0.3244798468525041	-0.7781558090207255 0.4515297450093502 1.6472559368206834
1.0000000000000000	-0.3503447411838795 0.0697814303337712 0.7982095080480854	-0.8652535189464270 -0.3210880782401316 -1.4092496841168551
1.0000000000000000	-0.9113074438882116 -0.0466645138414869 0.0948630996706211	-0.9481297159006457 0.8267514894959226 0.7446258268986163
1.0000000000000000	-0.9532071531937221 0.2208839674697542 0.1218146388479788	0.0166838033448247 -0.6634674611511271 0.0616695371630548
1.0000000000000000	-0.9775813110121145 0.0890608765166949 0.1796107802756824	-0.0154706615582382 -1.1464224360350712 1.0255872446096554
1.0000000000000000	-0.2153352848882917 -0.0830614578174826 0.8124381605392562	1.0341661331789864 -1.6600801709134045 0.0710044191972497
1.0000000000000000	4.6909003099302735 1.1956149339525004 0.6465554317488951	0.1636970566348857 0.0910864081521968 0.8159266030014790
1.0000000000000000	0.6417712621517871 -0.2075844048261893 0.4944802040556293	0.1654652267583074 -0.1012776589884423 1.3702229243269108
1.0000000000000000	0.1452154578803976 0.0735802288656802 -1.0720103427852277	0.9659837774985359 0.2732539962647990 -0.1393523262816757
1.0000000000000000	0.1605100197707651 -0.5418704791559513 0.2287966623938491	-0.4452562283630629 0.6464992790028080 0.5864301980724292
1.0000000000000000	0.2635733433499955 1.6301252459256927 -0.2579569990218932	-0.4745766038974352 0.1426556289882092 -0.1720793587859214
1.0000000000000000	-0.5648037152849734 -0.2126870506480087 1.1137879807973250	0.5321979512071920 0.1546961442659646 -0.8029587198631922
1.0000000000000000	-1.9104076233348448 0.4466502338322803 -0.4008387627662146	-0.4192858715486243 -0.1809122802039728 -0.3435786865266360
1.0000000000000000	-0.7367996053873469 1.4103600658718831 0.7859681564917628	0.3957430166802017 -0.1610720065140822 -0.1885232936640915
1.0000000000000000	-0.8758324472466824 -0.4044991194016160 0.1913658495833202	0.1918664607038812 -1.2358862594297546 0.2243087677710938
1.0000000000000000	-0.5224662453182918 4.2877255486055681 -0.0943395803639524	0.1766572370751616 -0.6986537679500101 0.1842003909534512
1.0000000000000000	-0.6357344649878922 -0.1364941655833332 0.4551474893588069	-0.9237106069068750 -0.9236492565569221 -0.6546648640066867
1.0000000000000000	-0.8143241255307180 1.9151602200308711 -0.2697819007130088	-0.0351239996912143 0.0875492389348133 0.4405579751141923
1.0000000000000000	-0.7841485020166683 -0.9140675096913392 0.6405511958445547	-0.2162994598710094 0.4014579453148334 -0.3693784749804018
1.0000000000000000	-0.2405134457511643 -0.3712465980168793 -0.8333439573298235	-0.4688638585430054 -0.0187168418613018 0.6826427141389542
1.0000000000000000	-0.3316075574456847 -0.0605297136640666 0.1575330391335776	-0.7315049104783402 0.3828134484519876 0.2285523307816086
1.0000000000000000	0.7574870971033421 -1.3358743311249262 -1.0329378646633807	-0.2279506155956952 1.2505189295594306 0.2791530685629687
1.0000000000000000	-0.6736866099534011 0.6427644338277742 0.3712652831982692	-1.3919390517832642 0.7509347467637669 -1.2003473431803560
1.0000000000000000	-1.0873482316680789 -0.9044661350687297 -0.9129165726493405	-0.1731032620179672 -0.7230176683856634 -0.1364818640617699
1.0000000000000000	0.2637838519855115 -0.4347709215817172 -0.2093597564085168	-0.8946399057430450 0.9631427194707082 0.7758183598301174
1.0000000000000000	-0.3519218229945366 -0.8658900390126639 0.9779758041441079	0.9155535844795860 -0.5688434975343610 1.1360961062000106
1.0000000000000000	-0.0703669105328902 -0.7594376612454631 0.3251395752534535	0.6572681597981050 1.1073290711522472 -0.9024029593090876
1.0000000000000000	0.5314334538282226 0.3624155207519930 0.1965420526861468	0.7487402367954170 1.4530357241609224 0.2746234214244473
1.0000000000000000	-0.0989785395911493 -0.1405752308051899 0.4521840723864763	0.0526667308257123 -0.5837857884961419 1.4198637023181711
1.0000000000000000	-1.1602573670725698 0.0342690653416094 -0.4071861796973749	0.5536285104773635 0.0093733302497185 -0.5725986394860535
1.0000000000000000	-0.4862662799197922 -1.4252249748281056 -0.1225277115354629	-0.6507246316092813 1.3750570081336193 0.3163398912933378
1.0000000000000000	0.8969671227293238 -0.1908986869789448 -0.0366822811078055	-0.3581046884427448 -0.9938202784396004 0.1345761543351998
1.0000000000000000	1.1567742480464451 0.3035711805211402 -1.1367817609453785	0.0273925759183801 0.6450814388568634 -0.3767634962977720
1.0000000000000000	0.6234130071517581 0.5591104945734880 0.3202673286757605	-0.4535802016661970 -0.4532891434227685 1.1416538419308222
1.0000000000000000	-0.5335891939935421 1.5567993221915339 -0.7852017210997704	-1.2330079742933810 -0.8679591182260601 -0.2413018182399785
1.0000000000000000	-0.1528119015909564 0.5116763563786071 -0.5399820003241312	0.7411735715913677 -0.0578864885370381 -1.3874485822795675
1.0000000000000000	-0.9442181227100059 -1.0943073754091803 0.2817009150990858	-0.1519967314545290 0.0972736443115621 -0.1818095127097636
1.0000000000000000	3.5825342412988630 -2.7435810735173773 0.4813135059355441	-0.4627012726109231 0.4397629108777696 0.0871077388656306
1.0000000000000000	-0.2671363479564964 0.2993847059934545 -0.1213649708744699	-0.5146975591361335 0.8614134494854203 1.4966127360258141
1.0000000000000000	-2.1788234963924511 -0.6342385006306266 1.6101115924543803	-0.1635263254063407 -0.7046105461493879 -0.8928216293172405
1.0000000000000000	-0.7712663782162179 -0.2259990573184103 -0.3320145198935750	-0.8593698054359796 0.1043672728034818 0.6404959687249878
1.0000000000000000	-0.3087483360256927 -0.9823418469431615 3.3681063103462106	0.8025916970074064 0.2624171056280348 -0.0717045810895046
1.0000000000000000	-0.7378468548540354 0.4517602770388988 0.5392444445230546	-0.5174672427038787 0.6642768708890093 -0.8347432256877970
1.0000000000000000	0.6835624128704972 -0.4936374764713992 1.0239607199025433	0.4523841383652970 0.9954036180955196 -0.0947180796078204
1.0000000000000000	-0.1145208610214498 -0.6980515098506378 -0.3938264535772844	0.2242008223304197 0.2301634076602953 -0.6959076523519564
1.0000000000000000	1.4917720907490239 -1.7437782058258366 -0.2118813139330954	-0.8199489352056737 -0.6122454429683318 0.8788305764954769
1.0000000000000000	-0.2924864300757316 -0.6895128804329088 -0.7719112182379612	-0.4498546411862486 -1.1920072028971482 -1.8117231034052426
1.0000000000000000	-0.8557306992217183 -0.0996203671077260 -2.0075236491585686	-0.2098837296225828 0.5452172766075336 0.0901886263564472
1.0000000000000000	-1.6046454002337192 -0.7072200783263044 -0.7097631962152678	0.1416977943457434 0.2897421478120338 0.5054031783924724
1.0000000000000000	-1.8492569796280842 -0.5734584175412262 -1.0700105797496660	-1.3282492588067021 0.1251962143699050 0.5264706645342361
1.0000000000000000	0.2089043751618668 -0.2413931643864378 -0.1383800819476075	-0.8562975082046691 1.8016301335227238 1.5735928006899127
1.0000000000000000	-0.4104003526278365 -0.9077217176071355 -0.9205032727012606	-1.4666508746437066 -0.0840335291888764 0.9190453059502232
1.0000000000000000	0.9425287748141030 -0.8479622452750318 -0.6747485962843114	-0.2793430010252363 0.0620954110385810 0.8341992874674581
1.0000000000000000	-0.6926767023721915 -0.1613160915428324 -0.9297279242266483	-0.7666556069003554 0.5140913964177142 -0.3641393740633327
1.0000000000000000	-1.5658926327549940 -0.0668613517501746 -1.9301095352335815	0.1938509745152280 -0.6744781139642351 0.0573510389593893
1.0000000000000000	-5.0651574077992310 -3.0883871086184871 2.0938567440224483	-0.1197361432922237 0.1324533546115945 0.0220165269006582
1.0000000000000000	-6.2765690150076185 1.1950907447354664 -0.5513314969861605	0.2152223512223906 0.1421477478736312 -0.2547456484706624
1.0000000000000000	1.7786226507662244 0.0816447204439801 -2.4791931796551925	-0.3709878457151660 -0.2052052853306294 -0.5135568813024670
1.0000000000000000	-0.0388880059903114 -0.1400701673232597 -0.2315273131682857	2.4162728473757258 0.3108100127499117 0.7671512046332117
1.0000000000000000	-0.6910204178331099 0.8123346931709546 -0.6837441155145181	0.5685662936845612 -0.0943368890840744 -1.4898781893837731
1.0000000000000000	0.1301751366116826 0.1357497672173332 -0.0785230660117301	0.0664872158590871 -0.2774685024747885 1.8934516477609771
1.0000000000000000	-0.1190568215199940 0.1302676577123031 -0.1278357889103965	-0.3716351171529935 0.7590400330980094 0.3367889342422949
1.0000000000000000	0.0589550218106382 -0.1728277639542390 0.5607355559791890	2.0592382230037876 -0.9356963109373432 0.8610094445814048
1.0000000000000000	0.1502772440012782 0.4893044439214634 -0.7088632312899054	-0.5757605806248084 1.6770642499699999 -0.9582403650626415
1.0000000000000000	12.8511121745523411 0.9256449935481024 -1.5766289922155232	-0.3351499054684395 0.3105363542972161 0.1416284398451455
1.0000000000000000	-0.0839574579073688 -2.6719935709444553 -1.9091857131666725	-0.5172173442305169 0.1159239481035235 0.8619827314905147
1.0000000000000000	-0.2992504260641332 -0.1454666612257571 0.0571109677389294	1.1316881837761805 0.7451815515270547 -0.2679473185366704
1.0000000000000000	-1.0475669207672793 0.1849304152492565 0.0300452973739710	0.0888546328523618 -0.2967677054334465 0.2441759643526357
1.0000000000000000	-0.0220446565642892 1.0655844543034680 -1.1387068596221563	0.2791418927872663 0.2087922180600937 -0.7439418099377323
1.0000000000000000	0.5272412611794111 0.4417825811977591 -1.1397139185763465	1.6762884703832006 -0.4372626230600020 0.1194326751543393
1.0000000000000000	1.1066801513856241 0.5314114825744155 0.2243203840582920	0.6008043224566307 -0.3187517554476965 -1.2317464839501389
1.0000000000000000	0.4748550909848739 -0.1036999784877787 0.4748155180121563	0.6276352186882400 -1.5671623585955023 0.4457224037347838
1.0000000000000000	-0.1966471858122344 -0.1356440236388010 -0.0048756447964050	-1.2707285170458509 1.2112388866125789 0.5910415801940627
1.0000000000000000	-0.4354419829069400 -0.4833792106912160 0.8518251041048089	0.2010263194959330 -0.9873146529323874 -0.0372166195150792
1.0000000000000000	0.7582970744817688 0.7587069179067691 -0.7974485552124951	0.9308500374304193 1.1445286788076099 0.2842217599904286
1.0000000000000000	0.6828079803864217 1.2175377963967766 0.4568732666933455	-0.9812724783813601 0.1808687501783472 0.8110156333907542
1.0000000000000000	-0.8118162601033896 0.2112526438024333 0.0670844823327222	1.6937661639156287 0.2785454537909694 -0.2315424183673423
1.0000000000000000	-1.1686989342917757 -1.0931216161619728 0.5527805225431186	0.2932575934951189 -0.3781030147225259 -0.1395729051902715
1.0000000000000000	1.2608037579168663 -0.3269826066033171 -0.6809190813220972	-0.2481297293520057 0.3238598966414334 -1.4528620075559118
1.0000000000000000	0.2673320855610082 0.1517218647056803 -0.1636943047975026	1.0073433782733217 -1.1064944642093124 0.5461243878981217
1.0000000000000000	-0.8815815399315848 0.6097026587138279 0.0815200957959591	1.4702528787448534 -0.0508384642413141 0.0626788458913349
1.0000000000000000	-0.8197465902548046 0.4942004157754273 1.4232619737165140	-1.5864804814501219 0.1869208186033928 -0.2472456263057926
1.0000000000000000	-0.6575087233081611 -0.4728999877119314 -0.4955088291279824	-0.6316946596630948 1.1366908328952627 -0.5066988246839267
1.0000000000000000	0.6269895297042227 -0.7272052214922056 -0.6626872255676293	0.3649525615798975 0.5361365830342103 -1.2395474418088361
1.0000000000000000	0.2388525827857740 -0.4487245697390250 -1.1250554568366802	-0.0135514478921277 0.3433528036370051 -0.3076833079322065
1.0000000000000000	0.3672650720906415 0.1408205099575867 -0.8210065492905568	0.2474817671821306 -1.7951585970162174 -0.4586964529339824
1.0000000000000000	1.0060894439864350 0.0774748490559484 -1.0210388461954703	-0.1673053400126524 0.2008096556443833 0.0765455990267596
1.0000000000000000	0.5719634061842066 -0.2691596691120454 0.1975173109199295	-0.0237017093071437 0.1912102252955780 -0.8320197576128494
1.0000000000000000	-0.0289517624934339 0.0889808976733222 0.2029597204061910	1.3013856919436364 -0.1561513439982517 0.1260861758301833
1.0000000000000000	-0.3612190234845473 -0.9853187686629545 -0.2424877771504959	0.4233458496243939 0.1317511486219614 -0.0617490112360211
1.0000000000000000	4.4983470389008131 0.1367081957902458 1.7674072419362523	-0.7697202720605973 0.3445122625247031 0.2177161838301930
1.0000000000000000	0.1914787275769854 1.1775123020177238 -0.6729229641316160	-0.1333431512813691 -0.5001912736781183 0.7559111080859009
1.0000000000000000	-0.0566032400863532 -0.3081152229529733 -0.1963433929527668	0.0265927222702689 -0.6972469378295512 -0.2025914524281321
1.0000000000000000	-0.1031012973387082 -0.1131999686501032 0.3586953834604093	0.8940428040394812 0.0941618411564982 0.6102577077864367
1.0000000000000000	-0.6609500309311670 -0.1128311079321327 1.2476010673644886	-0.2953703889250928 -0.0104724953383348 1.2851878707158431
1.0000000000000000	-1.1501975461075935 -0.9877157480703348 1.8793947697625193	0.4271542659020411 0.4207156549678071 -0.0108083667762928
1.0000000000000000	-0.4011346499437571 0.2665068518966360 -0.1498774695980337	-0.5144463885792875 1.4298608302711229 -1.5737176444647059
1.0000000000000000	-0.2741042426915324 -0.5679421606756798 0.6732865258643711	0.6576217800759157 -0.4940504104036041 0.6706066731228199
1.0000000000000000	-0.1023807382794274 0.0829398743247532 -0.2320554933781139	0.6521972767679500 1.0360152533258129 -0.9944562022370759
1.0000000000000000	1.0549224138403408 0.2090181419222130 0.1244450965902532	-0.5244667059689645 -0.7588534083970069 0.2223504076037174
1.0000000000000000	-1.1782970068054970 -1.2239873242175461 -1.6063696344217013	-0.5375998731826869 0.0128434809242458 0.5047074794896816
1.0000000000000000	1.6978000093234635 -3.8261029967350897 -2.2039137597448533	-0.3026677998673573 -0.4236035369201860 0.1025269245785831
1.0000000000000000	1.8287786057657560 -0.6733738163258081 -0.2269275220356976	0.0607739230069981 -1.0366782762606943 -0.3530137367418540
1.0000000000000000	-0.4161942309961024 0.7401709907177227 0.1651418186136346	0.4632280840496363 -0.6977698581401859 0.7657440397424720
1.0000000000000000	-0.8636832247507171 0.0072997848081800 1.0131103902184115	-0.5088588330882533 1.0682771849090706 -0.1376796179551817
1.0000000000000000	0.3888317808981393 -0.4568551846865805 -0.0449907847801472	1.4567331264521008 0.7682695768030838 -0.4362670081946839
1.0000000000000000	0.1116556161302769 0.3509155829989525 1.5148089397092468	-0.3240665425686137 -0.1877628499701109 1.1982166926351980
1.0000000000000000	-0.2322520996269352 -0.0891676359826589 0.2145965800566162	0.0114088161549471 -0.3175279428496994 -0.4625827101374130
1.0000000000000000	-0.4578110743369928 0.9944212543506771 -3.0582400436427690	0.1597978441298430 0.3360132123289010 0.0497876059437712
1.0000000000000000	-0.4668204047001900 0.1926399669668606 0.2824767714342317	-0.8240553413642542 0.3905001430648619 1.0184417797680951
1.0000000000000000	0.1364562639636902 -0.2264130984314051 0.1155970964774337	-0.7491585797419436 -0.6985824235129667 -2.0091392902620822
1.0000000000000000	0.7617663436688727 -0.7314357083846753 1.0060652447759468	-0.1481082194032141 0.7470051530095312 -0.0523873674691022
1.0000000000000000	0.3810952411320591 0.4116491024672471 -0.6116892297335345	0.5826353483264570 -1.0966824726060600 0.1266265320817596
1.0000000000000000	-0.5928038851492438 -1.8788095644540692 -1.3145267954944193	0.3770145074638352 -0.4654860228378361 0.6202973212835646
1.0000000000000000	-0.5000377665382060 -0.4898664534621671 0.4917667485339570	0.0797870136445794 1.2650170002466805 0.0249074827610749
1.0000000000000000	-0.2163961887592553 0.3030560889861482 -0.4176930108596725	0.3418257550453912 -0.7722784272290621 -0.0046270900266554
1.0000000000000000	-1.0823784413157762 0.8634132400736415 -0.0389226052833063	0.6470701684994410 -0.1179319050734379 -0.6038440413441852
1.0000000000000000	-0.1354914539671642 -0.0659567460977991 0.4519574251433013	0.4354430017100546 1.3839563685370226 0.0892747978314032
1.0000000000000000	1.4716660631616529 -0.1679322222495267 -1.5245472586313236	0.2860298512564207 0.1063578414031840 -0.9779126445074134
1.0000000000000000	-0.0012092491387514 0.0186293450648686 -0.0036536576385209	0.7351554253812878 1.0801302375883146 0.7798827241408087
1.0000000000000000	-0.9050450633631842 -1.1595366315290656 0.5949041614073467	-0.2392731458967747 -0.1865898662770308 -0.9354199727056115
1.0000000000000000	0.4004814011823218 -0.1771629468966389 -0.0153567567476895	0.2626200067174017 0.2796238752025985 -0.6093400362725154
1.0000000000000000	0.3948612786589437 0.7099104934444702 0.2080761914615583	-0.3732252462912221 -0.6440640437020787 -0.6954683526487473
1.0000000000000000	-1.0768951960697979 -0.2085257988031040 0.1556539981515355	0.3101286907493621 0.8017101853145364 -0.2775079498088811
1.0000000000000000	0.2105595065177528 0.4235847218313158 -0.3816327741882282	-1.0431084885357726 1.5335534260094443 -1.0953671863988754
1.0000000000000000	0.2240519539564283 -0.7989504701292430 1.6687317742412540	0.0910060916709757 -0.0890211194137872 0.7029407829489822
1.0000000000000000	-0.2247951720383562 -0.6024579303882595 -0.4430753193002254	-0.2949201772229578 -1.0444322436430040 1.1048119590263297
1.0000000000000000	0.8768056180155755 -0.1470812212835252 -0.9926023895155216	-0.5190064911814822 1.4129938138560691 0.0482902984238460
1.0000000000000000	0.2794495542289516 0.9603323971134481 -0.2791323994275450	0.8561104187285626 0.2472178037159601 -1.3303833826532721
1.0000000000000000	-0.1985996874463459 0.6123838657677978 -0.1597068524642225	-0.9926961541149882 -0.0609828508551373 -0.1013694710322368
1.0000000000000000	-0.0030395567619159 0.7337044771322162 -0.6098179903862705	0.9500129784271039 0.4459398679767502 0.1720947478639119
1.0000000000000000	-0.0457455385233367 0.0949025565178002 0.1688996129749387	0.2435319051060764 -0.1236008015561265 -0.4889311193472777
1.0000000000000000	-0.3206333550330532 -0.4526719621719149 -0.6894683888080041	0.4565519194812915 0.6998569320553095 1.1089578224270233
1.0000000000000000	0.0472966546351246 -0.2197085090269369 0.0102367008592581	-0.4009801113132995 0.7844752779152214 -1.2513671821541927
1.0000000000000000	-1.1303109557274473 1.5058052995017339 0.1463341575692766	0.6340865793372491 0.5056643448982964 -1.3783376628770030
1.0000000000000000	-0.2577898364603453 0.0611266030119700 0.3214299329183912	-1.1944626493338202 -1.6770174423438582 0.2517985290957350
1.0000000000000000	-0.1388620523018021 -0.1095885995020031 -0.3583529448539140	-1.2641598520433639 -0.7963246307989486 -0.5764040767257262
1.0000000000000000	0.3927883427589250 -1.3976205561925725 0.0208278177374236	-0.1670722037991450 0.1490221301335773 0.2649428284007278
1.0000000000000000	-0.7982241587048482 -0.6018368316494670 1.8069149615967954	0.4892032952633829 1.1612156114452434 -0.0446012490767449
1.0000000000000000	-0.7013323654247229 0.5074755303296665 0.0666721656559532	0.7874898382676575 1.0341491386923045 0.6508603109656639
1.0000000000000000	-0.5884368335145782 1.9473912792203543 -1.5366311467196041	-0.2108119636394597 0.5280358050720019 0.0825267781214219
1.0000000000000000	0.4549279538154363 -1.1005003391628521 -0.8281498463896418	-1.7359608893226532 -0.2205964161004592 -0.2919899632702028
1.0000000000000000	-0.1949670085392777 0.5067069355033968 -0.9704210019075314	-1.2608673997425150 -0.0895341277084487 0.5632094266460208
1.0000000000000000	0.3637142191561734 -0.0022575404768224 -1.0997178420558855	-1.4778854861709534 -0.3815080870049620 -1.2154461549177227
1.0000000000000000	-1.9235299101229708 -0.5330975537532094 0.1785077459443271	0.7719268140758955 -0.6267489041918740 0.0479080189714745
1.0000000000000000	-1.0597994106686652 0.5889190884378440 0.7680809932271493	0.9571031505855443 -0.0630060123682228 1.1323983255568431
1.0000000000000000	-0.3904569644296001 0.5373184555198399 0.3704717116760951	1.2308642784509158 1.0050829658909637 -0.4326877127473363
1.0000000000000000	0.0334415627301423 -0.2261943485753281 1.1572733180490939	-0.0106342108095215 -1.1713899167776187 0.4322131392055646
1.0000000000000000	0.2695718309817952 0.2593033683474866 -0.1975472996062484	0.1633738393626827 -0.9291029782086655 -0.4753425073833981
1.0000000000000000	-0.0916709403923661 0.7700285735791069 -0.1753362653251377	-1.0334897030936530 0.4059487191830650 -1.2846946629036253
1.0000000000000000	0.9741740196496510 -1.9408723891752786 -1.6983563769737491	0.1358624174189282 0.9547523274053971 -0.3229568073203292
1.0000000000000000	-0.4245740282378571 0.6317446368488612 0.5748501500643368	0.7009618163229969 -0.5153308573782165 -0.6711537799779406
1.0000000000000000	1.0816844413296074 -0.5466610262105240 -0.4201012594641115	0.6666304470917467 -0.0949226575177165 -0.8201469429925385
1.0000000000000000	-0.1497806834163963 0.2224153555327728 0.7265978666550650	1.5500264530149130 -0.7194124828060824 0.2398648595641725
1.0000000000000000	-0.2803847650940670 0.5735953128538542 0.5956790870901607	-0.6175756646689864 1.1387432579970578 -0.2801851007081012
1.0000000000000000	0.3052514009382877 0.3576394820305300 0.4029090949833420	-0.3914400545039792 -1.2572350735898234 -0.0115090006146295
1.0000000000000000	0.3661467869585879 -0.5045266294084327 -0.4556530576964300	-0.7091666162672604 0.2882041647646483 -0.0851153969925090
1.0000000000000000	1.2310572462450253 0.8268111919761427 0.3891364598963207	0.1517987885975979 0.3456228830121613 0.2809471483339638
1.0000000000000000	-0.2441086630818432 0.6736351577819240 -0.4099667999996033	0.9067994724606963 -0.2522127765726174 0.7683706153306626
1.0000000000000000	0.2122703397247011 -0.0650431184336708 -0.1458859990604242	-1.7284742934300994 -0.9772299763930345 0.2911883143060094
1.0000000000000000	0.2663798562831399 0.6252720204910475 -0.5487870003598394	0.5414887612702425 -0.7686934701593743 1.7915576921499801
1.0000000000000000	0.1523008173965643 -0.7536473114907519 -1.2124172970102616	0.0180338330455045 -0.4657783847783300 0.1793381733402348
1.0000000000000000	1.5228335921356426 -0.0588523949528765 0.5444881015846932	-0.8513734079123286 0.7857170349545169 0.2849794320115546
1.0000000000000000	0.4999714191918936 0.2111290737339749 -0.0157175857771756	-0.4889815435223285 1.7312368960582338 0.0558711270696353
1.0000000000000000	1.0512870729025097 1.1124636913855102 -0.0202259363409255	-0.3904221775404498 0.5730341127010335 1.4870300373000185
1.0000000000000000	0.1283236705883466 0.0380114580947701 -0.8777976567114024	0.2376491428946728 -0.6720082848792271 -0.9063552086825982
1.0000000000000000	0.8622495082585654 -0.5518616323570023 0.1016081846362370	0.3983853335757082 1.5000511633191653 0.0489101003989517
1.0000000000000000	2.1827648381455620 2.0288532123841825 -0.4405937365704473	0.3417614075461660 0.0401985876400943 0.4241703626056467
1.0000000000000000	-0.4245029931065565 0.1552908998667833 -0.0280665571847368	0.2587394588182986 0.5404719067774109 0.8223226746479561
1.0000000000000000	0.0869465581166827 0.0801655117153721 -0.4478631040797895	-1.0103836458247968 0.5544012809085849 0.5545369916333162
1.0000000000000000	-0.2324976988116223 -0.5261978008690495 -0.1330245916113115	0.6159152337281327 1.5769846148510387 0.9716869710373299
1.0000000000000000	-0.3249616895028017 0.0435871605469475 -0.5442052158332851	-1.5923493327725429 -0.9911559634471190 0.7379385605545842
1.0000000000000000	0.1536212087477997 -0.8704404614724405 0.3485701510348800	-0.0363794294926094 -0.4476427866343761 -0.2744335197398473
1.0000000000000000	-0.3300653473406547 -0.2503068976104648 0.3753297949774258	0.1964046659935767 -0.3262448099305311 0.4354480094835783
1.0000000000000000	3.0249981011728786 -3.5615643906039613 7.6321147776669589	-0.1408368010169550 -0.3427331287921912 -0.0791253311228514
1.0000000000000000	0.4701678688486964 -1.2250210444065688 -0.3744275578286299	0.5802841789745228 0.8646510574376816 -0.5107634765963028
1.0000000000000000	-0.7523885472086798 0.9042523106776659 -1.6709878750605425	0.3497590059054034 0.1533241356208606 -0.3329449381806235
1.0000000000000000	0.9296701432912322 -4.5923702212880526 -0.7270103445597281	0.2108101984194303 0.2892200829430508 0.2882728600579717
1.0000000000000000	0.1090928236808485 0.1579309000868716 -0.2338666784036368	-0.4357282711853704 1.1812064604478676 -0.1479223132909142
1.0000000000000000	-0.9330982201780400 1.0679439343823216 -1.8577247399237911	0.8433133979036862 0.1372252920722092 -0.9673197474949917
1.0000000000000000	-0.6531976376330744 -0.7168983357627335 0.5037654950403236	0.5571870220035156 -0.2256171153204568 -0.9967019449738099
1.0000000000000000	-0.5615879829059109 0.3258292859124916 0.3470440353753492	1.1385500087465756 -0.8153941761219196 0.2351462313930984
1.0000000000000000	0.9629516507206145 -0.6690491800747468 -0.7033439545196657	0.9241902245979701 0.3793742817530102 -0.5300466856868062
1.0000000000000000	2.0378989511451624 0.4734862259372281 0.6683606993182726	0.0671410596701216 -0.5293700976729049 -0.7780556303378119
1.0000000000000000	1.3571570872661018 2.0477549338486538 0.6659432786943332	-0.2047794444596729 0.9874461463127839 -0.2192733350860177
1.0000000000000000	0.2174534896504089 -0.5330645542481638 0.7739661872391649	-0.2079069750956761 -1.4041507671799611 -0.3693900228075897
1.0000000000000000	0.6749091146001854 0.1718615541891323 0.5295089027638789	1.0519046563174212 -1.3533216803586730 0.2880560574730286
1.0000000000000000	-0.8629102286248627 1.3759552248443174 -0.5948255510370872	-0.0757958205181896 -0.1939424734696354 0.6550905248133615
1.0000000000000000	0.6358995120006097 -0.1658721272005993 0.0541230582614484	1.2471197434963195 -0.5826382133063222 0.7552554172716374
1.0000000000000000	-2.1488347458614085 2.6325634640125308 1.7406892656737214	-0.5560660800571685 -0.1763441526681884 -0.2687287245795013
1.0000000000000000	-0.5702896175835068 1.6233850854007434 -0.8962954345116865	-0.7266993695275038 0.0543278892403561 -0.0330043485300737
1.0000000000000000	0.8205650317676272 0.6016606850041855 -0.9955064099736081	0.4592359162993365 -0.5096120645647814 -0.2479000748785274
1.0000000000000000	-0.4913031509809813 -0.0760353705166157 1.3177169590601079	-1.3143779120950176 -0.2283879069136696 0.9384401159423498
1.0000000000000000	0.4492419043776978 0.4946465204581208 -0.0110805320785327	-0.6010544584017499 1.3485932512286189 -0.2054987925328091
1.0000000000000000	-0.0468288287532903 -0.1613478011576300 0.5162102914270270	0.4734236191621793 0.3242999469387137 -0.6167411203985317
1.0000000000000000	-0.2482694760271832 0.1286144339484066 0.2757093534155410	0.7229568008467206 0.5676698053039516 -0.6852381424244531
1.0000000000000000	0.0873057333981200 0.1924989787914067 1.0644488342923237	-0.1343976044975611 0.1619346241689182 0.3356753827975835
1.0000000000000000	4.1524937918829483 -0.5082560533993968 -1.6090248709012214	-0.6463079562908651 0.2531975419201299 0.1354013256621356
1.0000000000000000	0.2335080238182448 0.2077806478537235 0.0214585423229819	-1.4313684770598389 -0.3961034721232933 0.3853465365187834
1.0000000000000000	0.7458921601197637 0.1287549147598753 -0.2589850210405324	-0.7901187206271220 -0.4678659197139114 0.5639992341859815
1.0000000000000000	-0.7994959436570068 0.8212229645302632 -0.8208513151685246	0.0505654078904698 -1.1103352142628204 -0.5595752001462286
1.0000000000000000	-0.1039289826099227 0.5451904893848937 -0.6042406915987741	-1.1207682017862513 1.6529805046587387 -0.5116817016846893
1.0000000000000000	0.5114000778808414 -1.2096622293225019 -1.1528768376437764	-0.3546175317401533 -0.0045055445808868 -0.8773370800686038
1.0000000000000000	-0.4631546299421601 0.2876286407735833 -0.8239902575058520	-0.5830427728206093 0.1618680567131941 1.1656034425791191
1.0000000000000000	-0.1470618582513968 -1.4940947751453089 -0.6097190258058478	-0.5017450112439026 0.3849680204410507 0.0541893706848203
1.0000000000000000	3.3325851865195055 -4.7636912480724920 0.7577040667518994	-0.2619397092553803 0.2320283735165480 0.0198246097101438
1.0000000000000000	1.8977556099304966 0.3792443587169008 -1.9105202498583655	0.1598618576346629 -0.8672360866302508 -0.5371460160245429
1.0000000000000000	-3.9550174417220982 -1.1687538547241696 0.4362957174814828	-0.5103070260793126 -0.1956258652925716 0.7291977438372614
1.0000000000000000	1.1572620176296138 -0.4412612931274802 0.7346939548749253	0.1847655624518913 -0.1439144773650708 -0.4979085906107376
1.0000000000000000	-0.0519982335836222 0.0105220982102642 -0.5524758262250110	0.9617685455191086 0.2942131046807838 -1.1339297600380405
1.0000000000000000	-0.0993333589450994 0.0092453919978658 -0.7753561997707306	0.9539158588782334 0.3296279157508585 -0.6087369594686437
1.0000000000000000	0.7768716440272777 -0.0530926098321480 -0.3342299864488641	-0.2077958796881579 1.0154466819880039 -0.5343790000962936
1.0000000000000000	-0.9363641805437459 -0.2114289474231300 -0.1032145240700549	-1.8273979682729333 -0.0621292797500004 -0.4612738604091384
1.0000000000000000	0.2911519111884875 -1.0184407319215172 -0.1059085443587672	-0.5383353025802089 -0.5910861598517522 0.6869626785861934
1.0000000000000000	-0.4731193195444883 0.0689249941349906 -1.2216691139359410	-0.5752803861227340 -0.5298284257844027 -0.5007261710532501
1.0000000000000000	0.1195353537667413 -0.1471389250693899 -0.1330084514941224	-0.2711285845662894 -1.0755634108692564 -0.0786957147380985
1.0000000000000000	0.4020640485651322 0.1417498169576294 -0.1806851760160484	0.2849606743087626 0.6996261885711100 -1.5114000040105648
1.0000000000000000	0.5626707623666256 -0.2297865231157794 0.1278517292294088	0.3531282342941860 0.5975443867333842 0.8891043590917166
1.0000000000000000	-0.2366453122310543 0.2432581503377896 0.3956008720339474	-0.7752091396876853 -0.3691017272407398 1.0747523578904226
1.0000000000000000	-0.4209169793267856 0.6661202273732101 0.9839491702109705	0.0691827673919310 1.1341549014822538 -0.8286317918592405
1.0000000000000000	-0.3641933224985479 0.3761094320602078 0.0541034167399581	0.6376059454554625 0.9602827009123507 -0.6326610272524199
1.0000000000000000	-0.0452362354858734 -0.2744270444975814 -0.3007135321459575	0.3259090944020503 -0.5768457351326821 -0.8225341300397165
1.0000000000000000	-1.0017894031438110 1.1115070472691317 0.0391169323080916	-0.4218891569855250 -0.4334170927508745 -0.2564537108960532
1.0000000000000000	-0.2705250562431655 -0.1596215886489893 0.1608536966566824	-0.1057732957981553 -1.6083369929026246 -1.0300312900465913
1.0000000000000000	-2.1580522466118195 2.3336904190947929 -1.3346895032338455	1.2006409903158195 0.1202085677244114 0.2890689683116840
1.0000000000000000	-0.6233354625719139 -0.3307387025950829 0.3036968714179492	0.5680599457840331 -0.1431365235324414 0.8237933336018720
1.0000000000000000	-2.7350553293291577 -1.2782231717038788 0.2296932987792980	0.8912586059896473 0.6422169751273542 0.3831252605838111
1.0000000000000000	0.1218933932503556 -0.6708843703892516 0.5814288571434761	-0.2167631782617628 -0.5764258568242848 -0.6268173060026158
1.0000000000000000	3.2853018135436982 14.4155658767738579 -0.0929585303745953	-0.0150880782513536 -0.0396217955676322 -0.3111444991225589
1.0000000000000000	-0.0556415983823936 -0.0150942385507413 -0.1940284121460744	0.1735215620125599 1.0105214801942866 -0.5775319095544894
1.0000000000000000	0.5251933040648304 1.0746222461226895 -0.2348502273554013	-0.0365499661564267 -0.4784786331250667 -0.8022229880894209
1.0000000000000000	-1.2485300811625646 -0.0059478932715598 -0.3492285254542568	0.5769075371561561 -0.4139078079434568 0.1799761131612601
1.0000000000000000	-0.2861752555396265 0.1686739871991465 -0.6872653524412303	-0.3576742372004932 1.6302842185766147 0.1701363501484043
1.0000000000000000	14.5140877156757941 -12.5740990536761235 -7.4981000389906942	0.1240487522427087 0.0069082773169830 -0.4235628286961602
1.0000000000000000	-0.7349880642644583 0.3961441987773573 -0.1181455944444167	0.8517973395473022 -0.4500538383244201 -0.2370241241427182
1.0000000000000000	3.2729810463926086 -1.1590795551440147 -1.1478796643965656	-1.1914038504899009 -0.2016976432393863 0.1802481626037518
1.0000000000000000	0.6507804432738197 -0.3200542178725636 -0.7498490770903172	-0.6847338073791878 -0.1418431435714943 -1.0253501934049734
1.0000000000000000	-0.7114966038588513 0.2864836295221985 0.1077592481039267	1.4414435552163458 -1.2692259924168787 0.2955216745436999
1.0000000000000000	-0.2848294040426975 -0.3433576166681874 -0.6539412640983838	-1.1388335088281083 -0.3964916766639409 -0.4469681024811996
1.0000000000000000	0.1127498924791602 0.2351340602684265 -0.0534323378298002	0.0533642911487270 -0.8134584737380581 -0.8779906975474305
1.0000000000000000	-1.2895970065452051 -1.9875459974651222 0.3990262251020736	1.3071007997925215 0.0299502777813575 -0.2919684268871068
1.0000000000000000	0.3484919022583948 -0.3022681663397265 1.0413047619093889	0.5411259216645470 0.8917486912912650 -0.5507312819025463
1.0000000000000000	0.0585507220226218 -0.4803013234310314 -0.2532306451376078	0.9381410685009571 0.8108632129857956 0.6267168975990545
1.0000000000000000	-0.2699801779229710 0.1880902153746141 0.0584018545888934	-0.3044530561651868 0.0972123020644626 -0.0051216018184897
1.0000000000000000	-1.1581485156961122 0.1073966236600245 0.1896796553220135	0.2888355021501218 -0.7419433163414466 -0.6265561444264258
1.0000000000000000	0.6212143633643176 0.7930590407993383 0.5058933742825051	0.5586666892959299 -0.2498533331852228 -0.3692973128988228
1.0000000000000000	5.7758180316548469 6.9654413153129164 2.3791695131473167	0.2907950793804668 0.5394832001817879 -0.0135581885852415
1.0000000000000000	-0.0225462873376220 0.4738773971662571 0.1061480640783387	0.4496542490653243 0.3888462477141902 0.6200352286990544
1.0000000000000000	0.0742385544399395 -0.4458337104323848 0.9988529859898868	1.3998862585777867 -0.6110496155820823 0.8672846087428876
1.0000000000000000	-1.7283206037822001 -0.1384336689525837 -0.9633614172009749	0.3451400256821615 -0.5381654474045702 0.6236491548524914
1.0000000000000000	-0.7753157350928609 -0.1307284675405553 -1.2088341308937693	-0.0449543694824408 0.9787236425015000 -0.6913222981497353
1.0000000000000000	0.2519569763241908 -0.3137367324626137 -0.7198752797656551	-0.5428318015898203 -0.0535331972872256 1.8679184868495002
1.0000000000000000	0.0996202584368098 -0.1608355921188461 -1.1293064006154496	-0.7808417346123762 0.4523856355403474 1.1355660141941584
1.0000000000000000	-1.7924888297282189 -2.1044618093312915 0.7934313433746635	-0.6701262446815578 0.5100739995612116 1.0631278768054881
1.0000000000000000	-1.1691357456995910 -0.5293158625703898 0.5605154506108613	1.0209918477021398 -0.4491026667940989 0.0678933263090050
1.0000000000000000	-0.9997275083832469 0.3998949804827908 -1.0579677859299961	0.0834063864157858 0.9538044609146249 1.0623811362516504
1.0000000000000000	-0.7210428571673085 -0.4680929133094822 0.2644872652328664	0.0563918589509351 -0.8461611710968414 0.2702690160152004
1.0000000000000000	0.0981915839969123 0.0376639624656429 -0.3969392108548674	0.3247612774274619 -1.3124038823360318 -0.6795583434055905
1.0000000000000000	-0.0022359922641083 -0.0405307062261687 -0.1651793691459819	-0.4818455851429816 0.9966583832738172 -0.8553181793739785
1.0000000000000000	-1.3955709124886930 -2.6305926103006887 -1.6255187187616580	-0.1646807213482608 -0.2720009808598110 -0.2460719466382102
1.0000000000000000	0.1834092101125448 -0.1374731856870834 0.2610964902728662	0.1998308128885791 -0.5770304096823334 0.9786536966228835
1.0000000000000000	0.5291228465972603 -0.1579119478319773 0.4730626772480845	1.3693550491946258 -0.7867100527087364 1.0280621741052274
1.0000000000000000	0.3550184086291971 -0.4230218691798272 -0.2776071153117918	-0.5253657770562760 -0.1102317913688678 0.6611451103753549
1.0000000000000000	0.0624963112820578 0.2972950755564526 -0.7073698914246953	-0.7234845219893243 0.6446117580228792 0.0972778488905382
1.0000000000000000	-0.0397044571358929 -0.0446722375133771 0.5162117553280658	0.4495200851137021 0.5037794656773033 -0.0538240212510943
1.0000000000000000	-1.5758555186293715 -0.7036163076462844 0.3992814317603836	1.0955089101203299 0.5969740453465587 0.6482826500890292
1.0000000000000000	-0.1212309643267759 0.0612836152351843 -0.2738686026736954	-1.5815518492411407 -1.5753450436758940 -0.1960971668256696
1.0000000000000000	1.1606192655928849 0.0209567812184262 -0.1455109837150770	-0.4879799359750823 0.3492579109322561 0.3723202048283947
1.0000000000000000	0.0893705542151964 0.0458103417790062 0.1012176789133807	1.2261855332877649 0.8285853537452886 -0.3282765588839686
1.0000000000000000	0.0951479009872367 0.1896965504976626 0.1789237255897891	-0.9845927354914694 1.7426001966379157 -1.3732940540308523
1.0000000000000000	0.4805644051645723 -0.1360201757274413 -0.4387266894396502	0.3139644378645070 1.4101526389290617 -0.8405109602304089
