                my_rank                   Time                N_steps             N_real_loc            Total                  PP_single              PP_cluster             PP_cross               Tree_NB                Tree_Force             Force_corr             Kick                   FindCluster            CreateGroup            MPI_comm               Output                 Status                 Other              Bar_Total              Bar_PP_single          Bar_PP_cluster         Bar_PP_cross           Bar_Tree_NB            Bar_Tree_Force         Bar_Force_corr         Bar_Kick               Bar_FindCluster        Bar_CreateGroup        Bar_MPI_comm           Bar_Output             Bar_Status             Bar_Other                  Sample_ptcl            Domain_deco            Ex_ptcl                SetRootCell            Make_LT                Make_LET               Make_GT                Make_Group             Make_I_list            Calc_force             Write_back             Sample_ptcl            Domain_deco            Ex_ptcl                SetRootCell            Make_LT                Make_LET               Make_GT                Make_Group             Make_I_list            Calc_force             Write_back             PP_single              PP_cluster             PP_cross               Cluster                Cross                  AR_step_sum            AR_tsyn_sum            Stab_Ngroup            Iso_Ngroup             Form_Ngroup            End_Ngroup             Modf_Ngroup            Merg_Ngroup            H4_step_sum            H4_no_NB               Ep-Ep_sum              Ep-Sp_sum  
                      0                      1                   1024                   1000     0.0012124709072223    7.6997558542402e-06    0.00014638161522829                      0    0.00019491149706941     0.0008013452031399    1.6871107412442e-05    3.9835996039628e-06    2.3603450199694e-05    1.3525831065841e-05    7.2141992291108e-07    5.0951074204164e-07    5.2832032082506e-09    1.9072324501934e-06    3.0251967153561e-08    3.0007814899591e-08    3.4333988985225e-08                      0   -1.3333486501566e-06   -4.3479140368063e-06    4.4711910618389e-08    2.9298845127812e-08    3.1525386745557e-08    1.5887666293679e-08    2.9540039747644e-08    7.8124173796823e-11    2.9297453352228e-11    7.1893524022926e-08                      0                      0                      0    4.1265556678383e-06     0.0001143430019459    1.6497304691221e-05    0.00012671499803218    1.6969912008946e-06    3.8105871120742e-05    0.00036634448629602    9.5149160053154e-06                      0                      0                      0    1.7367841680382e-06    5.0539104481828e-05    8.6570371014005e-06     5.005631446231e-05    3.6842382833413e-07    9.1244121147582e-06    3.0979609372039e-05    2.9097841931502e-06          918.654296875           81.345703125                      0                 28.125                      0            3.908203125             1.20703125                      0                      0            0.076171875            0.013671875                      0                      0         450.2705078125               0.515625        899169.12792969        18458.458984375
                      0                      2                   1024                   1000     0.0011955018076231    7.4306728565787e-06    0.00012537816016955                      0     0.0001993641962903    0.00080253887209203    1.5783186535501e-05    4.1719121091077e-06    2.2562820320537e-05    1.2497741226802e-05    6.7433106920589e-07    4.9904101651066e-07    5.0585935440495e-09    1.7712685744797e-06    2.9940425250174e-08    2.9568361981092e-08    3.3789080866597e-08                      0   -1.3992626985981e-06   -4.7514950605176e-06    4.6655307173182e-08    2.9916962240861e-08    3.2083975476382e-08    1.6138664626908e-08    2.9327133610479e-08    7.8125061975243e-11    2.9297453352228e-11    7.6276332805492e-08                      0                      0                      0     4.031998042997e-06      0.000114617872085    1.6626525373376e-05    0.00013967527049275    1.7623320127669e-06    4.6490095699347e-05     0.0003122768554471    1.0374969708238e-05                      0                      0                      0    1.7708847757092e-06    5.0786588872143e-05    8.7606523369033e-06    5.4947210941236e-05    4.4132813581399e-07    1.1636745120391e-05    1.7842213874353e-05    3.0548642566686e-06         925.0927734375          74.9072265625                      0          22.6611328125                      0             3.03515625            1.001953125                      0                      0           0.0615234375             0.01171875                      0                      0           438.96484375             1.28515625        896340.47949219        20833.884765625
                      0                      3                   1024                   1000     0.0012043883505921    7.9025898527263e-06    0.00015646043165862                      0    0.00018473623828807    0.00078985082421656    2.3752559555668e-05    4.1285703051841e-06    2.0297921881962e-05    1.2369478513463e-05    7.6358885880978e-07    5.1659472699583e-07    5.1757815811015e-09    1.9775058524019e-06    3.1973622860448e-08     2.956347344707e-08    4.2642574804574e-08                      0   -1.3981396431717e-06   -4.2691035009312e-06    4.6451185120588e-08    3.0020532726382e-08    3.4407236171319e-08    1.6505862454608e-08    2.9704115611651e-08    7.8125061975243e-11    2.9297453352228e-11     7.186427364303e-08                      0                      0                      0    4.0440371176231e-06    0.00011420617089186    1.6095585923637e-05     0.0001139895146407    1.5400878847771e-06    3.6258609383388e-05    0.00040324706248906    9.5214804574084e-06                      0                      0                      0     1.737877924235e-06    5.1304332995272e-05    8.8825078190524e-06    4.6151304691655e-05    3.8732421447918e-07    9.4962412120481e-06    3.5546728522462e-05    3.0530898529335e-06          935.568359375           64.431640625                      0          19.1630859375                      0           5.6630859375            1.896484375                      0                      0           0.1025390625           0.0166015625                      0                      0              362.71875            0.681640625        910265.59277344        17011.370117188
                      0                      4                   1024                   1000     0.0011605604462863    7.9895029472254e-06    0.00012430379687167                      0    0.00018406792285397    0.00078712505178125    1.6435261729342e-05    3.8499277597026e-06    1.9669191405391e-05     1.248717870439e-05    6.6753220728799e-07    4.9460937390222e-07    4.8242192463022e-09    1.7200048700872e-06    3.0368123127289e-08    2.9700185422143e-08    3.5613270554791e-08                      0   -1.2759169933929e-06    -4.384862319462e-06    4.6201158454551e-08     2.969824297594e-08    3.3145497901899e-08    1.6743169517497e-08     2.952247868393e-08     6.835954025064e-11    2.9297453352228e-11     7.145413682963e-08                      0                      0                      0    3.8402910123025e-06    0.00011533045407219    1.6600081078622e-05    0.00011606362111571    1.4879423666514e-06    3.3586453131562e-05    0.00039484079299257     9.615082058545e-06                      0                      0                      0    2.2534228563131e-06    5.1464726555039e-05    8.8554970796295e-06    4.7101350575396e-05    3.5112595941911e-07    8.1251689403317e-06    3.3880912111428e-05    2.8063584025517e-06         938.3330078125          61.6669921875                      0          20.3994140625                      0            2.451171875           0.8212890625                      0                      0           0.0419921875           0.0068359375                      0                      0         350.4892578125             0.57421875        919559.04003906        16371.916015625
                      0                      5                   1024                   1000     0.0010703682177899    8.1967353482426e-06    0.00010824932615439                      0    0.00016594665722902    0.00072914863673912    1.8432222658404e-05    5.0615742273052e-06    1.8494092776322e-05    1.2385708969553e-05    7.0089941406337e-07    5.0402246110082e-07    5.1074220408509e-09    1.7518955264251e-06    2.9913084453881e-08    2.9980471438762e-08    3.5103521867086e-08                      0   -1.3073906686145e-06   -4.8679794533157e-06    4.5748057786454e-08    2.9862299300021e-08    3.3880843908207e-08    1.6487315512848e-08     2.937792409341e-08    7.8124173796823e-11    2.9296565173809e-11    6.9275377434508e-08                      0                      0                      0     4.244881845139e-06    0.00011275293651369    1.6108304699891e-05    0.00010103779197479    1.4355488060502e-06    3.4180347632251e-05    0.00038162292382804    1.0638550766551e-05                      0                      0                      0    1.9100673913641e-06    4.9903083987779e-05    8.6439814523942e-06    4.1735315444491e-05    3.3824607914568e-07    7.9631708977956e-06    3.0175871089888e-05    2.8990742482193e-06         945.2060546875          54.7939453125                      0          16.9599609375                      0           1.3115234375            0.458984375                      0                      0           0.0341796875            0.005859375                      0                      0           305.03515625           0.6220703125         924650.3359375         13410.37109375
                      0                      6                   1024                   1000     0.0011179735126872    7.7923857295659e-06    0.00014313250488485                      0    0.00016794628809702    0.00073652053223316    1.9713450182479e-05    4.0946005928078e-06     2.178142577236e-05    1.2372811519334e-05    7.2069921586149e-07    5.0556835962112e-07    5.5478519556118e-09    1.8716269467589e-06    2.9993175054699e-08    3.1116210941207e-08    3.6994119767542e-08                      0   -1.2583124924248e-06    -4.443838844459e-06    4.5447264618304e-08    3.0415034046882e-08    3.2375973013643e-08    1.6707027761242e-08    2.9665013556723e-08    9.7656105424448e-11    2.9296565173809e-11    6.7041967533044e-08                      0                      0                      0    3.8409502094439e-06    0.00011199837109555    1.5930453123758e-05    9.4268597658598e-05    1.4754687356344e-06    3.5644459967621e-05    0.00040855854393484    9.7053437491113e-06                      0                      0                      0    1.9308310337252e-06    4.9857919920626e-05    8.8851572224158e-06    4.0317553717806e-05    2.8203810131799e-07    8.7426220849451e-06    3.6503658201958e-05    2.7598613385749e-06         936.7294921875          63.2705078125                      0          19.7353515625                      0           2.8427734375            1.001953125                      0                      0             0.05078125            0.009765625                      0                      0            375.6171875              1.0078125        919160.74121094          15045.0546875
                      0                      7                   1024                   1000      0.001012518748027    7.6463359253154e-06    8.7584093744653e-05                      0    0.00016451974901166     0.0007058787207237    1.0436911121126e-05    3.6823789120177e-06     1.697331348538e-05    1.1560679691769e-05    6.5474705124302e-07    5.2598828137462e-07    5.1562496494739e-09    1.6288027442357e-06    3.0154308383601e-08    2.9671887169513e-08    3.2667975879974e-08                      0   -1.1705371365522e-06   -4.1699100981063e-06    4.4562488810129e-08    3.0172841114506e-08    6.8693378096896e-08    1.5983405710074e-08    2.9464849227168e-08    1.2695178241984e-10    2.9297453352228e-11    6.7155296434862e-08                      0                      0                      0     3.602304660788e-06    0.00010954476073621    1.5588215820372e-05    9.8744738314949e-05    1.4362109519439e-06    3.2415343755865e-05    0.00036747271680326    9.1341992014549e-06                      0                      0                      0    2.0078310472016e-06    4.9704580078469e-05    8.5541220560259e-06    4.1476018548536e-05    3.3708692015466e-07    7.4904941484988e-06    2.9501630850248e-05    2.5810390695824e-06          951.955078125           48.044921875                      0          16.9970703125                      0            1.275390625           0.3974609375                      0                      0                0.03125              0.0078125                      0                      0           274.79296875           0.3857421875        887922.08984375        20850.202148438
                      0                      8                   1024                   1000    0.00093887513379887    7.4953154358681e-06    7.7330486330851e-05                      0     0.0001489668613166    0.00066253391012694    8.0728408251574e-06    3.7621464876736e-06    1.5409947264011e-05    1.0606195317564e-05    6.8558103727412e-07    5.3399218824524e-07     4.960937438625e-09    1.8215185395576e-06    3.0118149751956e-08    2.9979498883392e-08    3.2832040197661e-08                      0   -1.2545048795332e-06   -4.4475635272434e-06    4.5375982971052e-08     2.979395663516e-08     3.195021314184e-08    1.5751957960219e-08    2.9744154694811e-08    7.8125061975243e-11    2.9296565173809e-11    6.6036140111692e-08                      0                      0                      0    3.6345058553877e-06    0.00010917487304063    1.5591146468097e-05    8.8617978514449e-05    1.3756660042219e-06     3.164321582183e-05    0.00035864273436115    9.6703779313145e-06                      0                      0                      0    1.6570439536068e-06    4.9802142582323e-05    8.2677451214153e-06    3.8026018560622e-05    2.9498926590321e-07    7.6055341891035e-06    2.7514767574566e-05      2.73889746083e-06            955.0546875             44.9453125                      0          16.9736328125                      0           0.3154296875             0.11328125                      0                      0             0.01953125            0.005859375                      0                      0           259.59765625             0.21484375        903898.52832031         17013.68359375
                      0                      9                   1024                   1000    0.00091976971192498    7.6375761466352e-06    6.4098732443618e-05                      0    0.00014806730078476    0.00066170870020343    6.5186240014725e-06    3.4669452935177e-06    1.3832217745424e-05    1.0248348624842e-05    6.2025488922757e-07    5.0006054674867e-07    5.8701177252374e-09    1.6287636759316e-06    3.0048831867191e-08    2.9737334372726e-08     3.231348788546e-08                      0   -1.2600751677638e-06   -3.9728739897882e-06    4.4387666875423e-08    2.9697247327931e-08    3.1798843558306e-08    1.6047841278066e-08    2.9252908539945e-08    7.9102058236913e-11    2.9296565173809e-11    6.5805689786202e-08                      0                      0                      0    4.3006953021063e-06     0.0001098949824252    1.5367006824363e-05     8.805538182699e-05    1.3558525404633e-06    3.6261171862506e-05    0.00035502599805604    8.7398173658215e-06                      0                      0                      0    1.6117587948727e-06     5.018940038326e-05    8.2711484266085e-06    3.7939398436215e-05    3.2173047070927e-07      7.81442773512e-06    2.7110781237738e-05     2.748381825235e-06            963.8984375             36.1015625                      0           14.185546875                      0           0.3564453125           0.1259765625                      0                      0               0.015625             0.00390625                      0                      0         205.3544921875           0.1865234375        918879.67089844         15832.14453125
                      0                     10                   1024                   1000    0.00090389089060672    7.1757568278485e-06    6.6865724612342e-05                      0     0.0001493028164079    0.00064158569240824    6.9583515420746e-06    3.6380107468759e-06    1.3840041991564e-05    1.0182123041602e-05    7.0245216488019e-07    6.1030859388467e-07    5.4111319869321e-09    1.5737236322977e-06    2.9911141119499e-08    2.9990237848665e-08    3.3783198460924e-08                      0   -1.1672783362116e-06   -4.1946210735944e-06    4.4952135347387e-08    2.9935535827974e-08    3.1835938330005e-08    1.5867189340213e-08    2.9682625246608e-08    1.5625012395049e-10    1.9531043449206e-11    6.1828119513052e-08                      0                      0                      0    3.4789169989224e-06    0.00011089853903457    1.5640185529797e-05     8.693174216301e-05    1.2559804680734e-06    2.7225995127722e-05     0.0003543142929594    9.1359980505246e-06                      0                      0                      0    1.8089960915901e-06    5.0238029301042e-05     8.449431660118e-06    3.6823405284103e-05    2.1784569970151e-07    7.9818642433338e-06     3.269650196458e-05    2.6060859461552e-06         964.3349609375          35.6650390625                      0           13.978515625                      0           0.5185546875            0.181640625                      0                      0            0.021484375            0.005859375                      0                      0         209.7958984375           0.1884765625        964446.57617188          8491.44140625
                      0                     11                   1024                   1000    0.00087002491113264    7.3147529269235e-06    7.4440460941183e-05                      0    0.00014522557911612    0.00060446906739298    7.2288535495346e-06    3.5942939522471e-06    1.3330096673592e-05    1.0044443359725e-05      7.10018573713e-07     5.958710946885e-07    5.9873039859326e-09    1.5654843918966e-06    3.0152348173829e-08    2.9897476494511e-08    3.5783197738226e-08                      0   -1.2426122983911e-06   -4.1676259385781e-06    4.4760713358016e-08    2.9881831231648e-08     4.612208126531e-08    1.6500987243262e-08    2.9575215165778e-08    3.7207037451026e-10    1.9531043449206e-11    6.2420902224858e-08                      0                      0                      0    3.6937031140383e-06    0.00011439717380668    1.5137706028234e-05    8.9952101562929e-05    1.4603886624442e-06    2.8326384778232e-05    0.00030811002832465    9.1084570152944e-06                      0                      0                      0    1.6933486408632e-06    4.9897712894875e-05    8.4985791026781e-06    3.7830280272821e-05    2.1254883364463e-07    8.4184150361821e-06    2.6903509763976e-05    2.7106826223644e-06          965.939453125           34.060546875                      0          12.4658203125                      0                  0.375           0.1416015625                      0                      0           0.0068359375            0.001953125                      0                      0         219.1123046875            0.322265625        960056.26171875            7735.078125
                      0                     12                   1024                   1000    0.00086968510742658    7.3619179694617e-06    6.4861307623509e-05                      0     0.0001435714501925      0.000612859887692    6.8091113201163e-06    3.5193320435667e-06    1.2878299813224e-05    1.3274270497909e-05    6.5408886040785e-07    6.6923828079268e-07    5.6152344996008e-09    1.7102695242244e-06    2.9980463445156e-08    2.9877927687494e-08    3.1932601451956e-08                      0   -1.1736767895343e-06   -4.7310371273923e-06    4.4777350716174e-08    2.9791005218271e-08     3.250290969703e-08    1.8921879174627e-08    2.9356440833794e-08    8.7890583699846e-11    3.9062975076831e-11    6.0550767955192e-08                      0                      0                      0    3.4682890923676e-06    0.00010996330954871    1.5136894524481e-05    8.6815859367206e-05    1.1787197147228e-06    2.7343862337936e-05    0.00032629698726527    1.0217222661701e-05                      0                      0                      0    1.6738740464817e-06    4.8011738270404e-05    8.2125761640128e-06    3.7002934569763e-05    2.1270508554494e-07    8.8043456933917e-06    2.8652811523422e-05     2.578767593242e-06         968.3095703125          31.6904296875                      0                   11.5                      0           0.3623046875           0.1533203125                      0                      0             0.00390625            0.001953125                      0                      0         193.6357421875             0.05859375        962046.97460938          6389.11328125
                      0                     13                   1024                   1000    0.00090343588086306    7.7031660090654e-06    5.9456294924765e-05                      0    0.00015282035349795    0.00064593725002826     7.084514658473e-06     3.619007804545e-06    1.2319290012108e-05    1.0107798847692e-05    6.6709079771243e-07    5.0962011677314e-07    6.0566405224449e-09    1.6802128914861e-06    3.0118171956417e-08    3.0046876986489e-08    3.3411122757343e-08                      0   -1.1644081938655e-06   -4.2335341667865e-06    4.5025380757124e-08    3.0027342390326e-08    3.1451190096732e-08    1.6127916779851e-08    2.9598626660743e-08    1.8652279720754e-10    2.9296565173809e-11    6.1382841032298e-08                      0                      0                      0    3.6313251818854e-06    0.00011104603614331    1.5032585908514e-05    8.7243864250297e-05    1.2152324444514e-06    2.6596906253396e-05    0.00035884234863559    9.2165615486195e-06                      0                      0                      0     1.677903304298e-06     4.984876369285e-05    8.6543554669305e-06    3.7672035156255e-05    2.3366308532502e-07    8.4515517553285e-06    3.5040986329449e-05    2.5505390439662e-06            969.7734375             30.2265625                      0             10.8828125                      0           0.8095703125           0.2958984375                      0                      0           0.0244140625           0.0048828125                      0                      0         177.3525390625           0.1474609375        967159.25390625          5440.55078125
                      0                     14                   1024                   1000    0.00093725858592641    7.3353319987035e-06    7.2864223644942e-05                      0    0.00015459845409627    0.00066346437791864    7.3066582082504e-06    3.6862246082237e-06     1.356167086719e-05    1.0024597656866e-05    6.1728615108336e-07    7.8750878884648e-07    5.6064450859594e-09    1.6451113387106e-06     2.974122104149e-08    3.0173833209801e-08    3.2288089535371e-08                      0   -1.2094218710956e-06   -4.0467764002017e-06    4.4994141745747e-08    2.9683582702944e-08    3.2610351752282e-08     1.627931744963e-08    2.9580067284485e-08    2.9296920445177e-10    1.9531931627625e-11    6.1035177800761e-08                      0                      0                      0    3.4819726479896e-06    0.00011048687306037    1.5157640612884e-05    8.6914002916494e-05    1.2348291065223e-06    2.6839852557359e-05    0.00037596538865081    8.8629668226758e-06                      0                      0                      0    1.8944072142091e-06    4.8502283191532e-05    8.2070214872942e-06     3.814541993119e-05     2.117880866237e-07     9.056790031714e-06    3.7132633798009e-05    2.6439140654588e-06         965.9150390625          34.0849609375                      0          12.0439453125                      0              0.8515625             0.30859375                      0                      0           0.0283203125           0.0068359375                      0                      0            218.0703125            0.423828125        975203.26953125          3884.04296875
                      0                     15                   1024                   1000     0.0009818060576281    8.0266738571311e-06    6.5837626948451e-05                      0    0.00016352819434839    0.00070372953123687    7.9995068444916e-06    3.8839463076812e-06     1.301667773479e-05    1.0864135749244e-05    8.1280078489954e-07    7.2416699214983e-07    6.7216792132285e-09    1.8143759827893e-06     3.047852814575e-08    3.0413086271608e-08    3.4189471698198e-08                      0   -1.2714433497152e-06   -4.3493213581769e-06    7.6059578191234e-08    3.0198269662662e-08    3.2592770260464e-08    1.6914054157269e-08    2.9851550564786e-08     2.353521821874e-10    3.0273561435479e-11    6.5581061470255e-08                      0                      0                      0    4.5314189467405e-06    0.00011852616112495    1.6320865232622e-05    9.1489531247824e-05     1.321166012147e-06    2.8030801734857e-05    0.00040157607033642    9.5622969187303e-06                      0                      0                      0    1.8103085919208e-06    5.2567955089344e-05     9.215014643793e-06    3.8986204089042e-05    2.5213573984217e-07    8.9596103318712e-06    4.0043676768242e-05    2.8967421883408e-06         972.7705078125          27.2294921875                      0           9.7861328125                      0             0.15234375           0.0576171875                      0                      0           0.0107421875            0.001953125                      0                      0         172.8369140625           0.2724609375        973247.63085938          4463.52734375
                      0                     16                   1024                   1000     0.0010970574541105    7.8727519525756e-06    0.00020438014550628                      0     0.0001545715673883    0.00068896712694411    9.2963710986993e-06    3.6180781322059e-06    1.2977051770058e-05    1.0750431636453e-05    6.4226563356584e-07     5.598603518564e-07    5.1562505376523e-09    1.7255703346208e-06    3.0716796217689e-08    2.9970700587967e-08    4.3191410448173e-08                      0   -1.1898808578437e-06   -4.2400781445906e-06    4.4911141472426e-08     2.970410495351e-08    3.3855463321686e-08    1.6134777069965e-08    2.9376959531646e-08    7.9102058236913e-11    2.9296565173809e-11    6.1030291043096e-08                      0                      0                      0     3.757636709345e-06    0.00011409918456273    1.5654838863455e-05    8.9031428710307e-05     1.272868135338e-06    2.5786926745042e-05    0.00039679137305537    9.2576738355277e-06                      0                      0                      0    1.7906425746617e-06     5.001726269338e-05    8.6042617253312e-06    3.7266489254506e-05    2.6522462359679e-07    8.1263183568936e-06     3.719797948154e-05    2.6205214842534e-06         976.1591796875          23.8408203125                      0             6.70703125                      0          42.8447265625          14.1591796875                      0                      0            0.474609375             0.02734375                      0                      0         184.7158203125            0.283203125        972498.79101562        4086.6201171875
                      0                     17                   1024                   1000     0.0011696836884747    7.4593320338323e-06    0.00028485403027201                      0    0.00015614868066205    0.00067788683983672    9.8791816398602e-06    3.5757597602881e-06    1.3848457015797e-05    1.1318355467083e-05    6.8340330816596e-07    5.0913085924975e-07        5.214843668e-09     1.752421877832e-06    3.1026339719631e-08    3.0591796651436e-08    4.8797855534133e-08                      0   -1.2044960877589e-06   -4.1793818228442e-06    4.4848602165359e-08    2.9809561929994e-08    3.5724599278808e-08    1.6084940490657e-08    2.9609363849659e-08    7.8125950153662e-11    2.9296565173809e-11    6.1906268555845e-08                      0                      0                      0    3.4859648607721e-06    0.00011371699411367    1.5255439450357e-05    8.9200579096449e-05    1.3065468964513e-06    2.6931916023543e-05    0.00038543824901804    9.1227734220212e-06                      0                      0                      0    2.0293769571467e-06    5.1570819319835e-05    8.4819833912064e-06    3.8302616210295e-05    2.5840332540383e-07    8.4780654292516e-06    3.5372174822079e-05    2.6461054574156e-06          974.037109375           25.962890625                      0           7.3330078125                      0          85.3544921875          28.0947265625                      0                      0           1.0107421875              0.0078125                      0                      0             166.984375            0.373046875        967733.15039062          6420.77734375
                      0                     18                   1024                   1000     0.0010552163984245    7.4866865285017e-06    0.00023285442578125                      0    0.00014929448535028    0.00062686782912191     7.077150406154e-06    3.4203838037428e-06    1.2360904289466e-05    1.1082899418646e-05     6.345038912059e-07    6.8851269485748e-07    7.6308594998409e-09    1.7185790941454e-06    3.1399424393896e-08    2.9762714959247e-08    4.5957023075971e-08                      0   -1.2576845724865e-06   -4.2475214812043e-06    4.4795884335258e-08    2.9655293332098e-08    3.2819322370869e-08    1.6299795291275e-08    2.9262700707022e-08    9.7656993602868e-11    2.9297453352228e-11    7.9055673118944e-08                      0                      0                      0    3.4302900155936e-06    0.00011237359377159    1.5185591796474e-05    8.9831359379566e-05    1.3506826048726e-06    2.8827110350349e-05    0.00033414741113802    9.2696679789839e-06                      0                      0                      0    1.6557870896605e-06    5.1079921882469e-05    8.4478105453201e-06    3.9055141602518e-05    2.9224902498015e-07    8.0936435491452e-06    2.9140766614866e-05    2.7436962799499e-06         980.1962890625          19.8037109375                      0             6.05859375                      0          79.4326171875          26.4365234375                      0                      0           0.9599609375             0.01171875                      0                      0         145.9599609375           0.0947265625        956230.15039062        8572.0556640625
                      0                     19                   1024                   1000     0.0010559552207035    7.4497021387288e-06    0.00021847515235507                      0    0.00015219618065565     0.0006379612978602     7.397190431746e-06    4.2603457170998e-06    1.2618774408502e-05    1.0671761718761e-05    7.7507617213257e-07    5.8293164162393e-07    6.1347655844202e-09    1.8474618954656e-06    3.0456059896267e-08    3.0066402700868e-08     5.697753557854e-08                      0   -1.1757382738509e-06   -4.1090087981033e-06    4.5194346043331e-08    3.1045884973935e-08    3.4956046057744e-08    1.6262699631397e-08    2.9459945594112e-08    4.1992187505002e-10    2.9296565173809e-11    6.0716802252614e-08                      0                      0                      0    3.8339296555279e-06    0.00011433865137445    1.6287102542201e-05    9.1090907211822e-05    1.2354081908583e-06    2.9845208980639e-05    0.00034002251759002    8.9820937443363e-06                      0                      0                      0    1.8656826288321e-06    5.0902685551968e-05    8.7100400349982e-06    4.0181248055937e-05    3.1794141897024e-07    8.9847011750521e-06    2.9920776364101e-05    2.5760517532447e-06          978.978515625           21.021484375                      0           6.5068359375                      0            79.83203125          26.5888671875                      0                      0              1.2109375            0.041015625                      0                      0         130.9482421875           0.4912109375        956931.00976562         7782.232421875
                      0                     20                   1024                   1000     0.0010688571816297    8.0997802989202e-06    0.00024111920118663                      0    0.00015189884180433    0.00062918599316042    7.5786543067835e-06    3.5778300953027e-06    1.1804745111199e-05    1.0805779303347e-05    6.8659864371767e-07    4.9265429602485e-07    5.4013673533859e-09    1.8545429778527e-06    3.1315429360745e-08    3.0222642166677e-08     4.650001361739e-08                      0   -1.2212177766813e-06   -3.9958037030274e-06    4.4879885585658e-08    2.9944336787935e-08    3.4208003540925e-08    1.6669922331403e-08    2.9832042613975e-08     6.835954025064e-11    2.9296565173809e-11    6.3720692722313e-08                      0                      0                      0    3.5027998297466e-06    0.00011758894042924     1.595131444887e-05    9.3400041039082e-05    1.3249687613737e-06    3.0425468743545e-05    0.00032502079591623    8.7843837688339e-06                      0                      0                      0     1.945204095577e-06    5.2723985340286e-05    8.7280029292813e-06     3.861807714145e-05    3.1302441882985e-07    9.7114697164002e-06     2.842186718599e-05    2.6837207087738e-06          981.927734375           18.072265625                      0            5.091796875                      0             87.8359375           28.689453125           0.0146484375                      0             1.19921875            0.048828125             0.00390625                      0         131.7275390625           0.4990234375        951804.46972656         9218.130859375
                      0                     21                   1024                   1000     0.0010703689687572    7.4095380844241e-06    0.00025544099220021                      0    0.00014715952246824    0.00061894402049489    8.4733535175019e-06    3.5374384745879e-06    1.3328934567625e-05     1.113262694119e-05    6.4300098046033e-07    5.0475585933185e-07    6.8886718551653e-09    1.7135507679455e-06    3.0491187352766e-08    3.0160153485781e-08    4.6051741975361e-08                      0   -1.2199394481271e-06   -4.3554014244052e-06    4.4706058410782e-08    2.9809584134455e-08     3.506152435051e-08    1.6077148501381e-08    2.9820308000694e-08    7.8125061975243e-11    2.9296565173809e-11    6.3266592853495e-08                      0                      0                      0    3.6471093816104e-06    0.00011406836231398    1.5525954117024e-05    9.1036718760762e-05    1.3073935507535e-06    2.9765180666885e-05    0.00032174165234178    9.4611113334864e-06                      0                      0                      0    2.1651884800633e-06    5.1571886720225e-05    8.6938769605638e-06    3.8502736328994e-05    3.0764649050496e-07    8.9315703215576e-06    2.6033893552935e-05    2.6691582011296e-06           978.20703125            21.79296875                      0           6.0498046875                      0          93.5439453125            31.59765625                      0                      0           1.1728515625           0.0341796875                      0                      0          145.037109375                0.46875        956637.11621094        7802.2451171875
                      0                     22                   1024                   1000     0.0011006692987987    7.5760195219488e-06    0.00026264035838874                      0     0.0001494583779369     0.0006426668486279      7.17336133782e-06    3.5598378840263e-06    1.1861270510671e-05    1.0878943362158e-05    6.5804393312163e-07    7.2910839854501e-07    6.7998042752038e-09    1.7034843837749e-06    3.0672846484947e-08    3.0173830545266e-08    4.4190432646474e-08                      0   -1.1576865217577e-06    -4.415490259646e-06    4.5700173423313e-08    2.9754855468411e-08    3.5511729556958e-08    1.6154280579883e-08    2.9568346882058e-08    8.7891471878265e-11    2.9297453352228e-11    6.3143554385192e-08                      0                      0                      0    3.5860741922633e-06    0.00011473164551035    1.5794603514863e-05    9.0787719745578e-05    1.4433662176572e-06    2.8840416998577e-05       0.00034556344532    9.5894345779612e-06                      0                      0                      0    2.0208408075817e-06    5.0733145510407e-05    8.5074052798007e-06    3.7935838877345e-05    3.0934960193463e-07    8.8288915947032e-06    3.0035851573018e-05    2.5457236452198e-06           981.68359375            18.31640625                      0            5.259765625                      0          102.947265625          34.9404296875                      0                      0            1.064453125           0.0498046875                      0                      0           141.21484375           0.4091796875        957234.70410156        6913.8818359375
                      0                     23                   1024                   1000     0.0013134636015453    7.7068388852908e-06    0.00029742269531763                      0    0.00017594274610122     0.0007912185654213     7.908740260909e-06    3.4742480456984e-06    1.2761114267512e-05     1.182832813118e-05    6.8223925531186e-07    5.8548632786426e-07    6.2910157083707e-09     1.943941398963e-06    3.1129875566194e-08    3.0288083152641e-08    4.5979479779135e-08                      0    -1.418594728797e-06   -4.2325566651513e-06    4.5142577675961e-08     2.983399571832e-08    3.5224622330077e-08    1.5906241657149e-08    2.9367159370963e-08    8.7890583699846e-11    3.9062086898412e-11    6.8310530565441e-08                      0                      0                      0    3.9467793042647e-06    0.00011587722560247    1.6178174786496e-05    0.00011228677537467    1.6368408299883e-06    3.4693559578969e-05    0.00041740522656664    9.2756679848094e-06                      0                      0                      0    1.7017499951422e-06    5.2009319330359e-05    8.7361640641603e-06    4.5961176764919e-05    4.0973145765122e-07    9.2088291125947e-06    2.9872067369041e-05    3.0780244140161e-06         981.6376953125          18.3623046875                      0             5.12890625                      0          101.943359375             36.3359375                      0                      0           0.8154296875           0.0380859375                      0                      0         190.4638671875           0.4345703125        930728.04101562        11946.884765625
                      0                     24                   1024                   1000     0.0014607671259839    8.7499882841513e-06    0.00022528788672727                      0    0.00020163998827805    0.00098594055370782    5.6946503832478e-06    3.5956269517357e-06    1.2159900387054e-05    1.2297623035451e-05    6.8355956095445e-07    6.8097949323942e-07    5.0000004137019e-09    2.1698417995708e-06    3.0285160157462e-08    3.0138695095161e-08    3.9976566057476e-08                      0   -1.3456904159881e-06   -4.4810273704954e-06    4.4499024909328e-08    2.9770516718486e-08     3.561623262982e-08    1.5944345399532e-08    2.9566392001357e-08    1.5820322829541e-10    2.9297453352228e-11    7.8962898442114e-08                      0                      0                      0    4.0251806776581e-06    0.00012111591893937     1.714720899848e-05     0.0001362171396444    1.9809648375002e-06    4.5043069329509e-05    0.00050944074513293    9.8928144680599e-06                      0                      0                      0    1.9914716871128e-06    5.2999890644223e-05     9.677512693429e-06      5.47749335853e-05    5.6664745873292e-07    1.0340374985596e-05    2.0373291997444e-05    2.9666025307407e-06          985.583984375           14.416015625                      0           4.9833984375                      0          97.8798828125            34.97265625                      0                      0           0.9462890625            0.037109375                      0                      0          138.845703125                 0.4375        892635.32714844        17044.870117188
                      0                     25                   1024                   1000     0.0012315331806612    8.0074931716467e-06    0.00018291405566373                      0    0.00017538148340002    0.00082695481345851    6.0028349624375e-06    3.7985595691126e-06    1.1738861331878e-05    1.1774367188799e-05    6.6245216157057e-07    5.5536035237225e-07     5.273437686526e-09    1.7991132832407e-06    3.0409158746636e-08    3.0294909691975e-08     3.926267666543e-08                      0   -1.2515595546603e-06   -4.3012637060968e-06    6.0179696781404e-08    3.0168931353103e-08    3.4215807076521e-08    1.6118165468981e-08     2.961621969888e-08    7.9102058236913e-11    1.9531043449206e-11    7.5991221315519e-08                      0                      0                      0    3.8375517865674e-06    0.00011775653805124    1.6503108419386e-05    0.00011107911621266    1.8876630889508e-06    4.1808013677702e-05    0.00044129274608107    9.4994638670798e-06                      0                      0                      0    1.9262148400756e-06    5.3316920904045e-05    8.7236933694612e-06     4.577257032512e-05    4.7422362392524e-07    9.0972412278845e-06    2.5694935524179e-05    2.7454394384563e-06            985.1953125             14.8046875                      0           5.0498046875                      0          79.6435546875            27.88671875                      0                      0           1.0126953125            0.041015625                      0                      0         112.2568359375           0.5400390625        877621.28808594        19581.318359375
                      0                     26                   1024                   1000     0.0010545633505874    8.0175595780219e-06    0.00010590905567742                      0    0.00015792485157018    0.00074840727732983    4.3968838019381e-06    3.5432626983578e-06    1.0424161128064e-05    1.0787357427766e-05    6.5756055001032e-07    7.2315039112425e-07    7.5244139807751e-09    1.8497568499143e-06    3.0504878623105e-08    3.0054686739334e-08    3.6457992180772e-08                      0   -1.1998164142213e-06   -4.3283857600329e-06     4.503419592794e-08    2.9967776704609e-08    3.3126964282815e-08    1.6405265590436e-08    2.9541987522919e-08    9.8632213507699e-11    2.9296565173809e-11    7.0976543753432e-08                      0                      0                      0     3.577415048639e-06    0.00011678246386015    1.6202163089396e-05    9.6790016605119e-05    1.7573691408757e-06     3.793214355774e-05    0.00042071564549673    9.5177910202082e-06                      0                      0                      0    1.7406425927291e-06    5.0952864252274e-05     8.677943351465e-06    4.1332957029461e-05    4.0683397806163e-07     9.303766596247e-06    2.9064780275867e-05    2.6342295145199e-06         986.8388671875          13.1611328125                      0           5.8017578125                      0          64.1259765625           21.900390625                      0                      0           1.2236328125           0.0400390625                      0                      0              64.609375              0.5703125        890943.37402344         16348.85546875
                      0                     27                   1024                   1000     0.0011831405537164    9.0958320217993e-06    0.00016901467676433                      0    0.00017128164746083    0.00079340954296026    6.2645937646266e-06    3.6915351486755e-06    1.2283666007029e-05    1.2572559564994e-05     7.170927753819e-07     6.118642579267e-07    5.1464841277493e-09    2.0271630978286e-06    3.0716786447726e-08    3.0700202380274e-08    4.1218736868132e-08                      0   -1.2444120898181e-06   -4.7936269762516e-06    4.5806641146839e-08    3.0457035116171e-08    3.6143554815737e-08    1.6644528422205e-08    2.9786111355179e-08    2.2460966420113e-10    2.9297453352228e-11    7.5343725036703e-08                      0                      0                      0    3.7276806610365e-06    0.00012170125487199    1.7675050798083e-05    0.00010795450585555    1.9031308493567e-06     3.771629296434e-05    0.00042964847267069    1.0506322254855e-05                      0                      0                      0    1.9879394947964e-06    5.3558701173628e-05    9.1949033151906e-06    4.4387059569218e-05    4.5807422210942e-07    9.1082431685763e-06     2.995008009421e-05    2.8423495965768e-06         987.0244140625          12.9755859375                      0           4.6259765625                      0          81.6240234375          27.8349609375                      0                      0             1.20703125           0.0361328125                      0                      0            75.08984375            0.486328125        895754.84570312        14795.635742188
                      0                     28                   1024                   1000     0.0014060956513813    9.1674111377671e-06    0.00013340573535903                      0    0.00020583254198581     0.0010175603642741    5.6265537073941e-06     3.838400378875e-06    1.1631926755129e-05    1.3364996099163e-05    6.5925587033888e-07    6.5934667947687e-07    6.0068359175602e-09    2.0209062610022e-06    3.0471674072885e-08    3.0727517419393e-08    3.8791023726503e-08                      0   -1.4623095809796e-06   -4.8283251761205e-06    4.5947281535064e-08     3.008983817665e-08    3.4160162698527e-08    1.6605480546161e-08    2.9625006447986e-08    1.1718803705207e-10    2.9297453352228e-11    7.9597643143359e-08                      0                      0                      0     4.623760737843e-06    0.00012386536523401     1.816638770169e-05    0.00013490890235968    2.0300918199823e-06     4.539378809465e-05    0.00055122575293698    1.0633719720765e-05                      0                      0                      0    1.9000634781108e-06    5.4038310535631e-05    9.6091708918777e-06    5.3171668947805e-05    5.1879200224647e-07    1.0616515637274e-05    3.0612918943795e-05    3.2035585979528e-06         988.1865234375          11.8134765625                      0           4.5166015625                      0            70.41015625            24.03515625                      0                      0              1.2109375            0.037109375                      0                      0              65.453125            0.521484375        873938.40332031        20280.685546875
                      0                     29                   1024                   1000     0.0014789444101675    9.2961435385064e-06    0.00016389132227079                      0    0.00020753395997009     0.0010481012617092     6.322781219481e-06    3.8795996086805e-06    1.8795079100187e-05    1.4090087892882e-05    8.9498730471149e-07    7.8846777373798e-07    6.4384764186798e-09    3.2763700872351e-06    3.1320283255809e-08    3.0610357804051e-08    4.1177727894137e-08                      0   -1.5272851285886e-06   -4.9347226633856e-06    4.6151388488624e-08    3.0557652408447e-08    3.7560536902959e-08    1.7069333502207e-08    3.0107416115754e-08    2.7343727282414e-10    4.0039083160082e-11    7.7565450062878e-08                      0                      0                      0    4.4076923879643e-06    0.00026629995119354    2.0080003904077e-05    0.00014122981738396    3.7196152229413e-06    4.7633250997769e-05    0.00045411453025679    1.0845448236374e-05                      0                      0                      0    2.8205058502095e-06    6.3298833987702e-05    1.1305302726861e-05     5.026504297323e-05    7.3700877134542e-07    1.9275879893144e-05    2.6500594723977e-05    3.3458740142933e-06         987.8251953125          12.1748046875                      0             4.44921875                      0           74.505859375          25.4541015625                      0                      0           1.2119140625           0.0361328125                      0                      0          67.7724609375                0.53125          875685.234375            18601.28125
                      0                     30                   1024                   1000     0.0013902333925939    8.5724912102236e-06    0.00017750300877672                      0     0.0001970607392634    0.00096602583398475     6.345351572179e-06    3.4688193455423e-06    1.2499242187047e-05    1.2675440423493e-05    6.8114550710874e-07    4.7818261705856e-07    5.5771485207856e-09    1.9033886715647e-06    3.0354509128472e-08      2.99941298465e-08    3.9401346185741e-08                      0   -1.3559472336055e-06    -4.704757812668e-06    4.5005858595459e-08    2.9970690818004e-08    3.5076169524473e-08    1.6005870406843e-08    2.9743159934981e-08    7.8125061975243e-11    2.9296565173809e-11    7.7334929571293e-08                      0                      0                      0    4.0539209100743e-06    0.00012277245896186    1.7244128916793e-05    0.00013567966898442     2.147468746827e-06    4.7198716815799e-05    0.00049783193945707    1.0335699233366e-05                      0                      0                      0    1.8987607459664e-06    5.3774898455927e-05    9.6383339780459e-06    5.5046148434101e-05    5.1305663806289e-07    1.1798677733488e-05    1.8053125003803e-05    2.9809160100314e-06         985.4912109375          14.5087890625                      0               4.921875                      0          82.8466796875          28.4287109375                      0                      0            1.205078125           0.0361328125                      0                      0           81.111328125             0.60546875        881621.44238281          15688.4140625
                      0                     31                   1024                   1000     0.0013702696874835    9.4608837812871e-06    0.00018676436423704                      0    0.00020164033495274    0.00093099812305653    6.1873935619516e-06    3.6851230511559e-06    1.3010262697399e-05    1.3363753889273e-05    6.6851268964996e-07    5.1043261706241e-07    5.2246091897246e-09    2.1701757999537e-06    3.0377925952507e-08    3.0956055496745e-08    4.0124020550536e-08                      0   -1.3459590215703e-06   -5.4863964962237e-06      6.04482375266e-08    3.0084954971699e-08    3.6830050120784e-08    1.6427743609881e-08    2.9978528992558e-08    9.8632213507699e-11    2.9297453352228e-11    8.0690409021145e-08                      0                      0                      0    4.1430029220635e-06     0.0001249450673777    1.8805555654922e-05    0.00013172926464033    2.3080468718462e-06    5.0179832037145e-05    0.00046573347557022    1.2046674823907e-05                      0                      0                      0    1.9980761694072e-06    5.5742032246009e-05    1.0437541023478e-05    5.2984428710268e-05    5.8031153127303e-07    1.2041846686905e-05    2.1516542967781e-05    2.9797431793099e-06          988.005859375           11.994140625                      0           3.7724609375                      0          85.6787109375             29.3671875                      0                      0           1.2060546875              0.0390625                      0                      0          75.2197265625           0.5263671875        878525.04785156         18555.85546875
                      0                     32                   1024                   1000     0.0011503024462902    9.4831982444532e-06    0.00013503574318996                      0    0.00017708026659946    0.00078886442287018    5.5443759787721e-06    3.8521494065691e-06    1.2176757797633e-05    1.3148722660894e-05    7.2398927475348e-07    5.3635839858401e-07    5.4003912453027e-09    2.0697822096238e-06    3.1686528068064e-08    3.1599626915124e-08    5.4734359267172e-08                      0   -1.5875254053554e-06   -5.3287978305505e-06     4.622460103576e-08     3.123243175196e-08    3.8941415425597e-08    1.7846663702414e-08    3.0224609481877e-08    1.0742162714905e-10    1.9531043449206e-11    7.3571304604059e-08                      0                      0                      0    4.1037812374967e-06    0.00012679444430663    1.7654127947075e-05    0.00011166155760112      1.79273924239e-06    3.7094595719545e-05    0.00041888480565255    1.1630567394505e-05                      0                      0                      0    2.2553418030924e-06    5.6712337888065e-05    9.9658779353362e-06    4.5882119147578e-05    4.2921484144642e-07    9.8863105497671e-06     3.014206737717e-05    3.4612060648698e-06         987.3095703125          12.6904296875                      0            4.888671875                      0          71.0185546875          24.3154296875                      0                      0            1.216796875            0.037109375                      0                      0          68.3154296875           0.4912109375        916824.18066406          11168.9453125
                      0                     33                   1024                   1000     0.0014618164931335    8.7000371040702e-06    0.00015849659473499                      0    0.00021420371191638     0.0010423215478506    5.4728789402603e-06    3.9018359254683e-06     1.126898241921e-05     1.246178222214e-05    6.4905761387735e-07    4.9889550712834e-07    5.1562496494739e-09    2.0407646461607e-06    3.0165050901587e-08    3.0129913675125e-08    3.8433580762387e-08                      0   -1.4762675917268e-06   -4.6393535511058e-06    4.5079125321479e-08    2.9845725002531e-08    6.4459967141772e-08    1.5777346540347e-08    2.9533223866451e-08    7.8125950153662e-11    2.9297453352228e-11    7.9488266635508e-08                      0                      0                      0     4.289286151149e-06    0.00012052624413084    1.7685135762058e-05    0.00014973600098767    2.0241865019699e-06     4.298250099577e-05    0.00053301227148506    1.0215893571086e-05                      0                      0                      0    2.3225625005452e-06    5.2394611335771e-05    9.2710761627757e-06    5.7799145507076e-05    5.2122948268618e-07    1.0304924805027e-05    2.6245060544383e-05    3.2171865305131e-06         988.6083984375          11.3916015625                      0             3.85546875                      0          80.2802734375            27.39453125                      0                      0           1.2080078125           0.0361328125                      0                      0          67.5087890625            0.521484375        886319.66699219        15878.591796875
                      0                     34                   1024                   1000     0.0016086799951065    9.3961513591978e-06    0.00019693713182889                      0    0.00022244106934011     0.0011389365508023    6.1308408287886e-06    3.5679960923574e-06    1.2494910166083e-05    1.3647875984901e-05    6.7433398331929e-07    5.0896484360408e-07    5.2939457262369e-09    2.0368154354244e-06     3.017381722259e-08    3.0335923106861e-08    4.1383813709217e-08                      0   -1.3385136563571e-06   -5.3028319983994e-06    5.6147472449197e-08     2.968065704323e-08    3.5840839629486e-08    1.6129879654159e-08    2.9722646566199e-08    7.8125061975243e-11    2.9297453352228e-11    7.9209974579442e-08                      0                      0                      0    4.1097275369495e-06    0.00012267229979024    1.7947347635605e-05    0.00015062054294113    2.1271913954735e-06    4.1601197247054e-05    0.00062215833886725    1.1581179693465e-05                      0                      0                      0    1.8852968839411e-06    5.3852392559506e-05    9.8523349549851e-06    5.9228368157527e-05    5.3098047025912e-07     1.035935449778e-05    3.0137401370034e-05    2.9645273436074e-06         986.5400390625          13.4599609375                      0            4.376953125                      0          93.2490234375          31.9794921875                      0                      0           1.1962890625            0.037109375                      0                      0           88.173828125            0.482421875        873940.42578125          17955.0546875
                      0                     35                   1024                   1000     0.0015819760546814    9.5594785225472e-06     0.0001867574707104                      0    0.00022737719629351     0.0011143019287028    7.1298818369314e-06    4.1860986410569e-06    1.2542082037825e-05    1.4356440437346e-05    6.8970702749027e-07    5.0246679705879e-07    5.5078128724517e-09    2.3066308481035e-06    3.0407219853146e-08    3.0272445883384e-08    4.1536122985519e-08                      0   -1.3692949254462e-06   -5.6660517939733e-06    4.7121090140934e-08    3.0957015617616e-08    3.9579108879195e-08     1.702635277212e-08    2.9591799233231e-08    7.8125950153662e-11    2.9296565173809e-11    7.9608422964839e-08                      0                      0                      0    4.1744101793029e-06     0.0001286580644706    1.9276640626842e-05    0.00015817539061835    2.2589736197176e-06     4.205842869176e-05    0.00057619964551847    1.2366505883321e-05                      0                      0                      0    2.0183847686539e-06    5.6436566407747e-05    1.1070426755744e-05    6.1943870110603e-05    5.9884375858132e-07    1.0825959969374e-05    2.5804953118325e-05    3.0675800832825e-06         988.0205078125          11.9794921875                      0           3.7626953125                      0          88.9169921875           30.697265625                      0                      0            1.208984375           0.0361328125                      0                      0          74.9658203125               0.484375        875313.75097656        17223.864257812
                      0                     36                   1024                   1000     0.0014662446620983    8.1421093822698e-06    0.00017978937206475                      0    0.00020978359376311     0.0010303562636977    6.0484413886286e-06     3.577189464643e-06    1.1017889639753e-05    1.2351560527257e-05    7.4854493270493e-07     5.351357428296e-07    5.0976565191263e-09    1.9206113330839e-06    3.0159188924017e-08    2.9569345194602e-08    5.8811510328383e-08                      0   -1.2974667846777e-06   -4.5247909756796e-06    4.4793948994482e-08    2.9573234527902e-08    3.4081047317613e-08    1.6190412566175e-08    2.9574217741413e-08    9.7655217246029e-11    2.9296565173809e-11    7.7214810545456e-08                      0                      0                      0    4.2213056818952e-06    0.00012060589355301    1.7844735346273e-05    0.00015064520019337    2.1837744030861e-06    4.7445444327998e-05    0.00050859528417657    1.0024467755443e-05                      0                      0                      0    2.2720263608278e-06    5.4602335930909e-05    9.2601767613942e-06    5.8742206044293e-05    6.4161913915228e-07    1.0742128910834e-05    1.8326370110344e-05    2.8549638626529e-06          987.595703125           12.404296875                      0                      4                      0           79.931640625           27.470703125                      0                      0           1.1181640625           0.1337890625                      0                      0               91.46875           0.4599609375        868831.76757812        18584.469726562
                      0                     37                   1024                   1000     0.0012443890214859    8.1604374884137e-06    0.00016157446681131                      0    0.00017384427440881    0.00086361524122225     5.126814430767e-06    3.7501962948383e-06    1.1415693353278e-05    1.1609878902696e-05     7.571338045409e-07    5.1997070382725e-07    7.0439449828541e-09    1.9734472775923e-06    2.9939458912054e-08    3.0094732039743e-08    3.8484373021674e-08                      0   -1.2092812671227e-06   -4.5411737721324e-06    8.4704084635234e-08    3.0136718898177e-08     3.403027548643e-08    1.6154300119808e-08    2.9849600124976e-08     1.181632569569e-10    3.9062086898412e-11    7.7451174362864e-08                      0                      0                      0    3.8995703253164e-06    0.00011823914650044    1.6819225553633e-05    0.00012455453415861    2.0602870902664e-06    5.0131975583234e-05    0.00042856450390261    1.0188221661878e-05                      0                      0                      0    1.6911562443767e-06    5.1998223626448e-05    8.8041054659982e-06    4.8762254878376e-05    5.5878807980747e-07     1.044621483004e-05    1.3303729500258e-05    2.7059667901952e-06         989.0185546875          10.9814453125                      0           3.8466796875                      0          83.9482421875          29.0244140625                      0                      0            1.216796875             0.10546875                      0                      0             71.9140625           0.5673828125        863760.58398438        20433.036132812
                      0                     38                   1024                   1000      0.001028614862296    7.5559882928289e-06    0.00013269597168275                      0    0.00014744091503172    0.00070748701953516    4.5102753833959e-06    3.3890966761874e-06    9.7023886809211e-06    1.0814195314346e-05    6.2389453869827e-07    7.7678613230603e-07    7.7587891667008e-09    1.6941328171427e-06    3.0469726297611e-08    2.9669923407027e-08    3.8093755705404e-08                      0   -1.1682295069093e-06   -4.2609716626174e-06    4.4804681742505e-08    2.9672840184958e-08    3.2052734688648e-08     1.597364551742e-08    2.9523430811196e-08    9.7656105424448e-11    2.9296565173809e-11    7.0061508594677e-08                      0                      0                      0    3.8825976735879e-06     0.0001164924257937    1.5771366177475e-05    9.2640237325803e-05    1.6807929767992e-06    3.8454077145644e-05    0.00039420403807799    9.3261318427906e-06                      0                      0                      0    1.7186347625042e-06    5.1062007807801e-05    8.8225400540765e-06    3.8979722670973e-05    4.0846484949952e-07    7.9666494015029e-06    2.6503022464652e-05    2.5707226587457e-06         990.9892578125           9.0107421875                      0           3.2705078125                      0            74.40234375           25.650390625                      0                      0               1.203125           0.0302734375                      0                      0          53.0419921875           0.5849609375        890077.08203125        13534.576171875
                      0                     39                   1024                   1000     0.0012506550537212    9.4033583923903e-06    0.00016318934960591                      0    0.00019116073827785    0.00084592027636443    5.8194345626816e-06    3.7372792949242e-06    1.2868971674962e-05    1.3179708981959e-05    6.6436426315875e-07    6.9188769469264e-07     6.164062149594e-09    1.9622617193349e-06    3.1213854612133e-08    3.0939468764757e-08     4.232811523508e-08                      0   -1.5183271697694e-06   -4.6603945795809e-06    4.5765669476339e-08    3.0872071121735e-08    1.6118066969995e-07    1.6610352204793e-08    2.9781241472904e-08    9.7655217246029e-11    2.9296565173809e-11      7.34384730805e-08                      0                      0                      0    3.9391758166474e-06    0.00012661107618062    1.8028114285862e-05    0.00012404642284203    2.0338086033078e-06    4.3894729491178e-05    0.00042422332714853    1.0341770538602e-05                      0                      0                      0    2.1784951274029e-06    5.7936139647552e-05    9.7332333997002e-06    5.0159061500743e-05    5.2482225676442e-07    1.0926475592754e-05    2.7278582011014e-05    3.3214306709439e-06         987.9873046875          12.0126953125                      0             4.12890625                      0           82.896484375          28.6474609375                      0                      0           1.2060546875           0.0341796875                      0                      0          70.6474609375           0.4501953125         886912.1953125          13884.0078125
                      0                     40                   1024                   1000     0.0013891702705093    9.1940468713858e-06    0.00019967799803933                      0    0.00019533400976712    0.00094125785546595    6.2429794960295e-06    3.8248925759987e-06    1.3255818344327e-05     1.457822557871e-05    7.6087402156588e-07     6.367148444042e-07    5.4101567670273e-09    2.1934765603859e-06    4.5037121587654e-08    3.0056638067322e-08    4.2644518138957e-08                      0   -1.3167373005274e-06   -4.9912129282959e-06    4.5542961402134e-08    3.0339843526406e-08    3.6317401530539e-08    1.6542951897236e-08    2.9548842483962e-08    1.1718714887365e-10    2.9296565173809e-11     8.187107702895e-08                      0                      0                      0     4.143226562725e-06    0.00012882875979603     1.957705958322e-05    0.00013613100391563    2.3073583887978e-06    5.1382032233427e-05    0.00046552042088965    1.1018850607947e-05                      0                      0                      0    2.2025644446089e-06    5.6369078126117e-05    1.0316573232139e-05    5.3940074207226e-05    6.2530858890852e-07    1.0780083973039e-05    1.7928825201352e-05    2.9765419844452e-06          989.658203125           10.341796875                      0           2.9052734375                      0           94.083984375          32.8740234375                      0                      0           1.2216796875           0.0478515625                      0                      0          69.5556640625            0.541015625        859877.72070312        19843.244140625
                      0                     41                   1024                   1000     0.0011124073544941    8.0900029155728e-06    0.00012881797752495                      0    0.00016174270799674     0.0007777605693402     5.129460950215e-06    3.3376123109718e-06    1.0357345680667e-05    1.1710666004916e-05    9.7487987016365e-07    5.4033105545415e-07    5.0781245874987e-09      1.86344726405e-06    3.0343748846917e-08     3.022169092759e-08    3.6702153316526e-08                      0   -1.2854463040668e-06   -4.2779862923226e-06    4.4935526410939e-08    2.9763681297368e-08    3.3099608387488e-08    1.6153336446223e-08     2.965525869314e-08    9.7655217246029e-11    2.9296565173809e-11    7.9562517463216e-08                      0                      0                      0    3.9655488635049e-06    0.00012253032225829    1.6723704096222e-05    0.00010971267187365    2.0329658312335e-06    4.9571441396168e-05    0.00039391473242123     9.426743149632e-06                      0                      0                      0    1.7774941456494e-06    5.3924811524553e-05    9.1350087947362e-06    4.5187497071275e-05    5.2167773301193e-07    1.0372826164229e-05     1.573869725835e-05    2.8339560564916e-06         990.9052734375           9.0947265625                      0            3.205078125                      0          64.1103515625          21.7314453125                      0                      0            1.205078125                0.03125                      0                      0          53.3251953125             0.73828125        847589.65136719         22585.33984375
                      0                     42                   1024                   1000     0.0011242365381028    9.0305654225631e-06    0.00017873019042902                      0    0.00016328572948687     0.0007317874394257    6.0859980495209e-06    3.6169579935574e-06    1.2694499007537e-05    1.3452460926544e-05     6.986874883097e-07    6.9583203110568e-07    7.8466797504007e-09    2.1084697277018e-06     3.127733805286e-08    3.0442385501317e-08    4.2748057538233e-08                      0   -1.4189189663227e-06   -4.8513349923951e-06    4.6176756640648e-08    3.0080083313067e-08    3.6701158556696e-08    1.6453118867332e-08    2.9477540408607e-08    7.6367268064814e-10    2.9296565173809e-11    7.8247057722081e-08                      0                      0                      0    4.6048027302348e-06    0.00012985900293661    1.9102268559834e-05    0.00010336240038988    1.9684452983171e-06    4.7508173818933e-05    0.00037399620215872    1.0730251958968e-05                      0                      0                      0    2.0858613227759e-06    5.6497498043484e-05    1.0311235350891e-05    4.4891302732886e-05    6.0328904805118e-07    9.8474482417288e-06    2.4760537114865e-05    3.1135546905148e-06          988.001953125           11.998046875                      0            4.357421875                      0          91.4072265625          30.9189453125                      0                      0           1.2177734375            0.033203125                      0                      0          72.7822265625           0.6708984375        855976.39746094        19516.491210938
                      0                     43                   1024                   1000     0.0010355234326163    8.4913242268669e-06    0.00013548595995783                      0    0.00015314864353488    0.00070182764260274    4.7753271399387e-06    3.6103447467184e-06     1.074263769496e-05    1.1924973629895e-05    6.5513574387666e-07    4.9745703201154e-07    5.3124997734244e-09    2.0953662147605e-06    3.0281258389664e-08    2.9784204436112e-08    3.9486319991511e-08                      0   -1.3071562676714e-06   -4.6185820243849e-06    4.4952136235565e-08    2.9917976540617e-08    3.4085936739814e-08    1.6493156174135e-08    2.9405252455206e-08    7.9101170058493e-11    1.9531043449206e-11    7.1748042174136e-08                      0                      0                      0    3.6818329975929e-06    0.00012004922559949    1.6357276357404e-05     9.536675392674e-05     1.971307634463e-06    3.7182743176878e-05    0.00038298201851994    1.0120281245918e-05                      0                      0                      0      1.97941797353e-06    5.3529057611357e-05    8.8032275309402e-06    4.0205970708307e-05     4.612304680407e-07    7.9324531387925e-06    2.8698293941254e-05    2.8737734236728e-06         990.1279296875           9.8720703125                      0           3.6220703125                      0             75.8828125            25.98828125                      0                      0                1.21875            0.048828125                      0                      0            55.32421875             0.55859375             875588.875          15125.8359375
                      0                     44                   1024                   1000     0.0010671125419934    1.0439147451358e-05     0.0001142466084163                      0    0.00017057392578934    0.00072964515330387    5.1348993928002e-06     3.834472649622e-06    1.2693086926419e-05    1.4888392581014e-05    7.5120802378592e-07    5.5068261683999e-07    5.2636721648014e-09    2.4093681680881e-06    3.1544935552574e-08    3.0887727930917e-08    4.5169919360433e-08                      0   -1.4317675756104e-06   -5.8822363682154e-06    4.6624997196432e-08    3.0276367191107e-08     5.628906940558e-08    1.8153312630886e-08     2.987987990366e-08    8.7890583699846e-11    2.9296565173809e-11    8.2153321478984e-08                      0                      0                      0     4.514548847645e-06    0.00013170833300524     2.169915720085e-05     0.0001070730390591    2.1840907997728e-06    3.7505249993686e-05    0.00037752732227414    1.2931986328901e-05                      0                      0                      0    2.1596748052133e-06    5.9713074225698e-05    1.0894486326407e-05    4.6746759755578e-05    5.9408593333643e-07    8.7481709023507e-06    2.9630971681627e-05     3.164596686922e-06         990.8134765625           9.1865234375                      0            3.904296875                      0          59.1181640625            19.91015625                      0                      0           1.2138671875           0.0322265625                      0                      0           47.419921875            0.576171875        886567.42871094        12125.395507812
                      0                     45                   1024                   1000     0.0011774992460971    8.8079423941068e-06    0.00017052953320373                      0    0.00017182667674831    0.00078714220410436    5.6245156052626e-06    3.6705761718991e-06    1.1949582026993e-05    1.2814275391015e-05    6.7634960654317e-07    5.3615429695952e-07    7.0351555692127e-09    2.1102333738199e-06    5.8069336006383e-08    3.0146497742578e-08    4.7301744743322e-08                      0   -1.3076249878452e-06   -4.6478837951724e-06    4.5293942818603e-08    3.0442381060425e-08    3.6278320791894e-08     1.651172887307e-08    2.9466794337907e-08    7.8125061975243e-11    1.9531043449206e-11    6.9622084097887e-08                      0                      0                      0    4.0712714817204e-06    0.00012255340429768    1.7175337898578e-05    0.00010511819529135     1.908127935657e-06    4.1121877935701e-05    0.00043177905077929      1.01886006032e-05                      0                      0                      0    2.4882177687147e-06    5.5723341804814e-05    9.8227168034981e-06    4.4618843742406e-05    5.3407033284714e-07    8.7832499966467e-06    3.0721515611454e-05    2.8919453018972e-06                    987                     13                      0                  4.625                      0           90.419921875           31.666015625                      0                      0            1.220703125           0.0361328125                      0                      0           77.611328125           0.5810546875        873444.80664062         15481.69140625
                      0                     46                   1024                   1000     0.0011648555878869    8.0294804813974e-06    0.00019736899412681                      0    0.00016414729688474    0.00075791938865777    5.4790410262129e-06    3.7752197350471e-06    1.1453036129261e-05    1.1745731435475e-05     6.531894687356e-07     7.156044921075e-07    6.0556644143617e-09    1.8323271433474e-06    2.9987326399805e-08    3.0252932603503e-08    4.1630866753906e-08                      0   -1.2150673782685e-06   -4.5355585731599e-06    4.5262688708192e-08    3.0089843505721e-08    3.3984356662131e-08    1.5961926003172e-08    2.9805649504056e-08    9.7656993602868e-11    2.9296565173809e-11    7.1491215614117e-08                      0                      0                      0    4.0457744159283e-06    0.00012122403516557    1.6824470726817e-05    0.00010407301561877    1.8442529148288e-06    4.6130298830604e-05    0.00039590620704466      9.91708298681e-06                      0                      0                      0    1.7661064530827e-06    5.3324070306893e-05    8.9919335861666e-06    4.3572774401923e-05    5.1903416498078e-07     8.456468741258e-06    2.5946355475703e-05    2.6821923881926e-06         986.9287109375          13.0712890625                      0              4.4140625                      0           102.37890625           35.623046875                      0                      0           1.2412109375             0.05078125                      0                      0          84.6533203125             0.73828125        867538.50878906        17261.330078125
                      0                     47                   1024                   1000    0.00099675809178201    7.6812060418874e-06    0.00011657797265929                      0    0.00015081458790345    0.00068803652929184    4.3414912047623e-06    3.6742890658914e-06     1.016384276209e-05    1.0503529279227e-05    7.4389161319743e-07     4.810498035468e-07    5.0488280223249e-09    1.6342646569356e-06    3.0393558780872e-08    3.0059564615215e-08    3.7118188522811e-08                      0   -1.1879286940797e-06   -4.0279804975896e-06    4.4800800402811e-08    2.9699191550492e-08    3.1841786984899e-08    1.5933590447048e-08    2.9727536876578e-08    9.7656105424448e-11    2.9297453352228e-11    6.5283219718992e-08                      0                      0                      0    3.6496835837951e-06    0.00011667462988108    1.5284598631204e-05    9.5094465813794e-05    1.6200332213501e-06    3.8322691398918e-05    0.00037064692774269    8.8237353583764e-06                      0                      0                      0     1.905766607635e-06    5.2062072265713e-05    8.7084082025513e-06     3.927779687718e-05    4.8389355811196e-07    7.4942880843309e-06    2.8418838868838e-05    2.6118876945702e-06         988.8154296875          11.1845703125                      0              4.5390625                      0            70.77734375          24.3564453125                      0                      0             1.21484375                0.03125                      0                      0            57.49609375           0.5810546875           882916.53125        14755.720703125
                      0                     48                   1024                   1000     0.0010097447793056    7.6615097572841e-06    0.00013715823340643                      0    0.00015271145508589    0.00067843078518504    4.5749775567927e-06    3.4473993961726e-06    9.9699775439888e-06    1.1157110344939e-05    6.3615233969472e-07    5.0541113338909e-07     4.979492373991e-09    1.7648330139508e-06    2.9687494240704e-08    3.0077139001605e-08     3.989257368886e-08                      0    -1.160689424573e-06   -4.2548086147676e-06    4.4956049549683e-08    2.9933591605413e-08    3.4660178727108e-08    1.6783205047943e-08    2.9510729859794e-08    7.8125061975243e-11    1.9531043449206e-11    6.2937499656357e-08                      0                      0                      0    3.5023925466504e-06    0.00011676353418011    1.5830408194972e-05     9.288651856032e-05    1.7881122911234e-06    3.2648564451954e-05     0.0003720335644557     9.298657252188e-06                      0                      0                      0    2.5691396583483e-06    5.1558841804855e-05    8.4671367233113e-06    3.9918678721662e-05     3.681201246053e-07    7.4000996104218e-06    3.1857966801496e-05    2.5607812368378e-06         991.0439453125           8.9560546875                      0           3.2275390625                      0           78.849609375              27.140625                      0                      0           1.1982421875           0.0341796875                      0                      0          58.2919921875            0.572265625        906738.21972656           11394.859375
                      0                     49                   1024                   1000    0.00097777392967746    7.4511162218016e-06    0.00014658823045366                      0    0.00014836944824026    0.00064248235350917    4.3000634661894e-06    3.6794667925832e-06     9.551625003823e-06    1.0550049806213e-05    7.2116404759015e-07    6.9385546908052e-07    2.8541014884809e-08    1.7933661879965e-06    3.0456069666229e-08    3.0244120985401e-08    4.2858407489632e-08                      0   -1.0738271427613e-06   -5.8890244485355e-06    4.5786140212556e-08    2.9862292194593e-08    3.3676748500966e-08     1.607520427882e-08    2.9668946410766e-08    7.8125061975243e-11    4.8828496801434e-11    6.1870125911412e-08                      0                      0                      0    3.7473838059299e-06    0.00011793816504291    1.6033616204503e-05    9.3050583992671e-05     1.550016612839e-06    3.4226159164596e-05    0.00033101803322211    1.2571887720192e-05                      0                      0                      0    1.7277392689863e-06    5.1438810544369e-05     8.459090823365e-06    3.9080271492686e-05    3.7391015972332e-07    8.0608915871139e-06    2.7768138680884e-05    2.4837060426108e-06         991.1748046875           8.8251953125                      0           3.4384765625                      0           94.349609375           32.490234375                      0                      0           1.2197265625            0.048828125                      0                      0            54.19921875               0.359375        916969.44824219        10705.009765625
                      0                     50                   1024                   1000    0.00088030355468671    7.4067548840873e-06    0.00010421101271696                      0    0.00014594748243102    0.00059071530858024    4.0043623341646e-06    3.5196142604832e-06    9.5408017699583e-06    1.0273774406322e-05    6.6298728906844e-07    5.8482031306539e-07    7.6904296264502e-09     1.674569329424e-06     2.997267145588e-08    3.2676758188188e-08    3.7371102656891e-08                      0    -1.255945336176e-06   -3.9420117090572e-06    4.5252935620965e-08    3.0093759484373e-08    3.2826148910203e-08    1.5713872869583e-08    2.9546871616049e-08    7.8125950153662e-11    2.9296565173809e-11    6.1365222236986e-08                      0                      0                      0    3.5358388466022e-06    0.00011619100878058    1.4905339832616e-05    9.2409552751249e-05    1.5480742261431e-06     3.328570409078e-05    0.00028705974411913    8.6449501672803e-06                      0                      0                      0    1.6826084090482e-06    5.2201926768802e-05    8.5086992172023e-06    3.9297651369452e-05    3.7568457944559e-07    8.4502431629829e-06    2.4028315423585e-05    2.7411855674231e-06         991.8740234375           8.1259765625                      0           3.0966796875                      0          63.2177734375          21.2158203125                      0                      0            1.208984375           0.0322265625                      0                      0           42.201171875            0.638671875        927651.41210938         9696.013671875
                      0                     51                   1024                   1000    0.00087296049511121    7.0405781160687e-06    0.00011075650781134                      0    0.00014193938181872    0.00058293585447444    4.0791357491798e-06    3.2391835729229e-06     8.629873060606e-06     1.004205077404e-05    6.3223535384793e-07     5.122802742008e-07    5.3027342516998e-09     1.548431622922e-06    2.9895525166523e-08    2.9596695760858e-08    3.6201161179861e-08                      0   -1.2101220914218e-06   -3.9934443227807e-06    6.6204102644463e-08    2.9817368130125e-08    3.0997051148063e-08    1.5790036833607e-08    2.9169928694728e-08    7.8125950153662e-11    2.9296565173809e-11    6.0822262781812e-08                      0                      0                      0    3.6789863306907e-06    0.00011531282909072    1.4481957015811e-05    9.0968556626159e-05    1.2956386727936e-06    2.9822836948412e-05    0.00028562463376236    8.7101269370393e-06                      0                      0                      0    1.6280429644411e-06    5.0182833978951e-05    8.7314023495821e-06    3.9239143541536e-05    2.9274806223611e-07    8.2183086043131e-06    2.2624882804578e-05    2.6354355462388e-06         993.6533203125           6.3466796875                      0             2.25390625                      0          66.3173828125          22.3369140625                      0                      0           1.2119140625           0.0400390625                      0                      0               40.40625            0.970703125        941488.64453125         7261.271484375
                      0                     52                   1024                   1000    0.00095543530565312    7.5055995889528e-06    0.00011564328416824                      0    0.00015121413378161    0.00064961460544133    4.1376962665041e-06    3.6104091671874e-06     9.117388672486e-06    1.0305535163013e-05    6.2821778179512e-07    4.9282031167053e-07    5.7050781876455e-09    1.6397265678592e-06    3.0269533546345e-08    3.0126945382847e-08    3.8411127611937e-08                      0   -1.1398290951092e-06   -3.9123007988806e-06    4.4833002199596e-08    3.0047822896506e-08    3.2262707172492e-08    1.5812489095879e-08    2.9441373783357e-08    7.8125061975243e-11    3.0273561435479e-11    6.1402315232328e-08                      0                      0                      0    3.7911005996705e-06    0.00011581837401398    1.5139785150886e-05     9.348070213111e-05      1.17312598924e-06    2.8450982411776e-05    0.00035014271973921    8.5877792841416e-06                      0                      0                      0    1.6590556626284e-06    5.2945794917214e-05    8.7499677761116e-06    3.9565004879449e-05    1.7808008578868e-07    7.8375752039506e-06    2.9282358397609e-05    2.5056484185271e-06              992.84375                7.15625                      0           2.6494140625                      0            74.03515625          25.3447265625                      0                      0            1.208984375           0.0400390625                      0                      0           38.052734375             0.37109375        955561.32128906        6385.1669921875
                      0                     53                   1024                   1000     0.0009442870673988     7.704182610091e-06    0.00014619270409799                      0    0.00014351713573202    0.00061462263963996    4.2658750070146e-06    3.3514023485282e-06    9.6722460893872e-06    1.0528627930384e-05    7.0565527643396e-07    4.9934570256482e-07     4.960937438625e-09     1.673630886323e-06    3.0178700427541e-08    3.0358402902664e-08    3.9678705654467e-08                      0   -1.1369892582991e-06   -3.9767197508311e-06    4.4833010193202e-08    2.9921883637485e-08    3.2577152531132e-08    1.6558603377348e-08    2.9751943131373e-08    7.8125061975243e-11    3.0273561435479e-11    6.1749989122006e-08                      0                      0                      0    3.8150253942604e-06    0.00011714952932707    1.5160325176566e-05    9.4303476582347e-05     1.289647477698e-06    2.9679228487289e-05    0.00031150941211511    8.7372656301099e-06                      0                      0                      0    1.6640019628866e-06    5.1351053700799e-05    8.3902949254977e-06    3.9833989256444e-05    3.5259082586947e-07    7.5204228524584e-06    2.3590938472928e-05    2.5009394413189e-06         991.1455078125           8.8544921875                      0           3.1083984375                      0          89.0009765625           31.037109375                      0                      0            1.208984375             0.03515625                      0                      0          51.9677734375             0.45703125        931904.74804688        10720.517578125
                      0                     54                   1024                   1000     0.0010422332909856    7.3892500180861e-06    0.00017348579101295                      0    0.00015150846875045    0.00067613005860778    5.1405917904646e-06    3.6359873094582e-06    9.7672509502544e-06    1.0513742194185e-05    6.8511523476644e-07    5.0761230507845e-07     5.508788980535e-09    1.7346132707985e-06    3.0921878391155e-08     2.962107004123e-08    2.6111326345557e-07                      0   -1.1989872978901e-06   -4.0500878473182e-06    4.4854499670066e-08     3.027245920606e-08    3.3817416422721e-08    1.5924798368872e-08    2.9304701776312e-08    7.8124173796823e-11    2.9296565173809e-11    8.6071292315637e-08                      0                      0                      0    3.5899072212686e-06    0.00011859537208458    1.5413397466801e-05    9.2458826184583e-05    1.5601386715858e-06    3.1508646502587e-05    0.00037074166306894    8.9354081964643e-06                      0                      0                      0    1.6860625011716e-06    5.1811893565734e-05    8.3177265572942e-06     3.922507420917e-05     3.618085893109e-07    7.9876318306304e-06    3.0838966792679e-05    2.6309511662603e-06            990.3984375              9.6015625                      0             2.98046875                      0          91.4443359375            31.66015625                      0                      0            1.216796875            0.041015625                      0                      0          61.7548828125            0.724609375        918939.77539062        13003.228515625
                      0                     55                   1024                   1000      0.001289183422859     8.273341788545e-06    9.2205560535241e-05                      0    0.00019061432616674    0.00096422605078317    4.5554316354668e-06    3.5485556741932e-06    9.6953593828886e-06    1.0881404278962e-05    8.0049706063789e-07    6.5811328120446e-07    6.5947265426303e-09     1.840995109248e-06    3.0102550674371e-08    2.9772471599188e-08    3.5112301510765e-08                      0   -1.2264003901308e-06   -4.5568672035756e-06    4.4403297927431e-08    2.9851561222927e-08    3.2415030659649e-08     1.553123674114e-08    2.9423823377783e-08    3.2324276588724e-10    2.9296565173809e-11     7.754790765091e-08                      0                      0                      0    3.8852831858449e-06     0.0001207795839866    1.6573680648335e-05    0.00012590515233324    2.0953535191381e-06     4.867715135326e-05     0.0005274606787351    9.9907509811814e-06                      0                      0                      0    1.7037919972651e-06    5.2494742186937e-05    8.8206953234859e-06    4.9572235348627e-05    5.0709083154743e-07    9.8368740264476e-06    2.7943007807174e-05    2.7314687418567e-06           991.53515625             8.46484375                      0           3.4912109375                      0             54.2890625          18.1064453125                      0                      0            1.212890625             0.03515625                      0                      0           44.685546875             0.56640625        888878.69335938        16073.931640625
                      0                     56                   1024                   1000     0.0013596352656151     8.274653319873e-06    0.00015382800880204                      0    0.00019911237890202    0.00096317491212705    4.7856982394734e-06    3.5062617245174e-06     1.010166992188e-05    1.1916979481441e-05    6.7441602169538e-07     5.028779295202e-07    5.3134767696861e-09    1.7688193203469e-06    2.9961912950682e-08    2.9949242197347e-08    3.8822264514238e-08                      0   -1.2913154456839e-06    -4.589317318171e-06    4.4678711397239e-08    2.9848653326781e-08    3.3179682112916e-08    1.5944342734997e-08    5.6966787731483e-08     6.933653651231e-11    2.9297453352228e-11    7.8393564528767e-08                      0                      0                      0    4.4393203442183e-06    0.00012332481149269    1.8034662107702e-05    0.00013337896483545    2.0164609120243e-06    4.7928548818632e-05    0.00049591250292025    1.0067393532154e-05                      0                      0                      0    2.0170126857622e-06    5.3936749996986e-05    9.4648984445556e-06    5.2498068367157e-05    5.6649608115578e-07    9.8203476515124e-06    2.5066520521477e-05    2.8329687573603e-06               992.6875                 7.3125                      0            2.490234375                      0             91.8046875           32.240234375                      0                      0           1.2119140625           0.0400390625                      0                      0          49.0791015625                0.40625        875956.50585938        16893.010742188
                      0                     57                   1024                   1000     0.0013543637275273    8.4473368993088e-06    0.00017454977635545                      0    0.00019487104785387    0.00093991363477564    5.3920419791353e-06    3.6319121070605e-06    1.0360060550774e-05    1.2300498056561e-05    7.2430957498426e-07    4.8988378953396e-07    5.5468749593501e-09    1.8832724775208e-06    3.0309572629506e-08    2.9998033390655e-08    3.9268551965677e-08                      0   -1.2774677511374e-06   -4.6063368790428e-06    4.4629866025048e-08    2.9706067827817e-08    3.3624027118151e-08    1.6185558671111e-08    2.9305671667146e-08    7.8124173796823e-11    1.9531043449206e-11    7.9533204022653e-08                      0                      0                      0    4.0530205032141e-06     0.0001240480341993    1.7349832037716e-05    0.00013592604586865    2.4071367041856e-06    4.6816560540286e-05     0.0004655292343454    1.0105378892789e-05                      0                      0                      0    1.7761435557873e-06    5.3894528315723e-05    9.0860517572011e-06    5.3604425791498e-05    5.1993163197039e-07    1.0154774417792e-05    1.9724976568547e-05    2.8125019424508e-06         991.1435546875           8.8564453125                      0             2.84765625                      0          95.8681640625           33.634765625                      0                      0           1.2119140625           0.0361328125                      0                      0           59.099609375              0.5078125        876672.04785156        14772.173828125
                      0                     58                   1024                   1000     0.0012861929775374    8.7247099651577e-06    0.00015759564063256                      0    0.00018901215041289    0.00089483401562251    5.1490966761492e-06    3.8938232371777e-06    9.7928232447586e-06    1.2109499022195e-05    7.1703809378931e-07    5.1418847668572e-07    6.3105476399983e-09    1.7283749729202e-06    3.0539052175982e-08    2.9969723591705e-08    3.9699238563173e-08                      0   -1.3254521391559e-06   -4.9009258029642e-06     4.460743951995e-08    2.9805650392234e-08    3.4476572707831e-08    1.6387701862186e-08    2.9531276091177e-08    7.8125950153662e-11    2.9296565173809e-11     7.812989721856e-08                      0                      0                      0    3.8909267736642e-06    0.00012099556249812    1.7386011748499e-05    0.00012864723632422    1.9950732461638e-06    4.5577463875013e-05    0.00044705701364478    1.0673680684192e-05                      0                      0                      0    1.9966435580443e-06    5.4305715819325e-05    9.3832441496744e-06    5.2425599605499e-05    5.5739746596117e-07    9.0830722676571e-06    1.9965000966238e-05    2.9109502008851e-06            992.3515625              7.6484375                      0           2.5009765625                      0          93.7197265625          32.6064453125                      0                      0           1.2099609375           0.0400390625                      0                      0          52.2509765625            0.466796875        864536.81445312         17196.11328125
                      0                     59                   1024                   1000     0.0013917159296719    8.0990039155182e-06    0.00014192558300685                      0    0.00021077831250427    0.00099516320312265    5.1605009740996e-06    3.7044716849621e-06     9.750108408646e-06    1.2127264655604e-05    7.1232131038101e-07    5.2347363332927e-07    5.0087889391648e-09    1.6996962717286e-06    2.9972665238631e-08    2.9637709175745e-08    3.7500012872727e-08                      0   -1.3583202944645e-06   -4.7428749692102e-06    4.4918001762539e-08    3.0259752925588e-08    3.2293983487364e-08    1.5850567969267e-08    2.9476545648777e-08    8.7889695521426e-11    2.9296565173809e-11    8.1776371452236e-08                      0                      0                      0    4.3473310444853e-06    0.00012102726073415    1.7547947256169e-05    0.00014664359961269    2.1518838213552e-06    4.4766635739713e-05    0.00049231057521926    1.0379051735399e-05                      0                      0                      0     2.073000969105e-06    5.2878373043797e-05     8.944230471819e-06    5.7273046892625e-05    5.2780369941274e-07    9.3684599589139e-06    2.6154384763721e-05    2.9658173845704e-06            992.7734375              7.2265625                      0             2.58984375                      0                     86          29.6494140625                      0                      0            1.201171875           0.0341796875                      0                      0          48.7041015625           0.4228515625        856024.87109375        19940.428710938
                      0                     60                   1024                   1000     0.0013555547978417    8.4231748251895e-06    0.00013912408202899                      0    0.00019874675194487    0.00097279258788685    4.9712138556757e-06    3.5901845762965e-06    1.0334798826506e-05    1.2495192391881e-05    6.6088770278583e-07    7.4856249909772e-07    5.0488280223249e-09    1.8277499913566e-06    2.9958962421972e-08    2.9845700133535e-08    3.7135748698347e-08                      0   -1.3057705379182e-06   -4.5872402463232e-06    4.4883792682526e-08    2.9802744272445e-08    3.3159206935807e-08    1.5892573479448e-08    2.9515617505638e-08     1.953122108489e-10    2.9297453352228e-11    7.8275366632852e-08                      0                      0                      0    3.9870488386384e-06    0.00012301872560005    1.7257475606769e-05    0.00012826790234577    2.1337685724987e-06    4.7043055652729e-05    0.00052891753513862     1.008542381431e-05                      0                      0                      0    1.9557294770323e-06    5.4697542970494e-05    9.2235439295152e-06    5.0966180649148e-05    5.2066895417369e-07    9.9550244234692e-06     3.054969725369e-05    2.8694345814984e-06          992.509765625            7.490234375                      0            2.751953125                      0          81.5908203125           28.021484375                      0                      0              1.2109375           0.0400390625                      0                      0          52.5576171875           0.6435546875        848389.25683594        20754.240234375
                      0                     61                   1024                   1000      0.001226827449198    8.0310127099636e-06    0.00015321467286711                      0    0.00017483142382613    0.00085522062793064    4.7042636763805e-06    3.7499091716242e-06    1.0499364246463e-05    1.1738465809152e-05    6.2291992897201e-07    4.9466796880893e-07    4.9990234174402e-09    1.7067968860474e-06    3.0007798912379e-08    2.9809583246276e-08     3.863479758337e-08                      0   -1.2960136785978e-06   -4.4674941195311e-06    4.4737312521193e-08    2.9898464148914e-08    3.3159177625919e-08    1.6335955699276e-08    2.9150394986743e-08    1.0742162714905e-10    2.9296565173809e-11    7.5751921180256e-08                      0                      0                      0    3.7973046858042e-06    0.00012171116993986    1.6646673807408e-05    0.00011367182810051    2.0075732338753e-06    4.6476830078745e-05    0.00045767681642062    9.7801513643248e-06                      0                      0                      0    1.8064228495263e-06    5.2616457995036e-05    8.9477617217781e-06    4.5893506831263e-05    5.3229003693644e-07    9.0774423924245e-06    2.4619306646656e-05    2.8335800843493e-06           992.23046875             7.76953125                      0             2.73828125                      0          93.4697265625          33.0400390625                      0                      0              1.1953125           0.0341796875                      0                      0            55.39453125           0.3232421875        848405.48144531        20927.291992188
                      0                     62                   1024                   1000     0.0011477133115356    8.0233447219413e-06    0.00014837638963527                      0    0.00016633679198552    0.00078952301466373    4.5500116918618e-06     3.762860344203e-06    1.0486541027532e-05    1.1698323234555e-05    6.8000488173681e-07    5.7716894552584e-07     5.567382999061e-09    1.9028740316784e-06    3.0198213707422e-08    2.9956058966718e-08    3.8373995536745e-08                      0    -1.253987322869e-06   -4.3297021043998e-06     4.496388594788e-08    2.9911144672212e-08    3.3253900966201e-08    1.6007809300334e-08    2.9607412521671e-08    2.7343816100256e-10    2.9296565173809e-11    7.4619135759235e-08                      0                      0                      0    4.1155224614897e-06    0.00011989924317479    1.6360237319546e-05    0.00011116934376521    2.0184892370878e-06    4.5770342762985e-05    0.00040705660353613    9.5024892265982e-06                      0                      0                      0    1.7766533249031e-06    5.4002500000649e-05    9.5610419821313e-06    4.5562207027672e-05    5.0412988628068e-07    9.5043046872689e-06    1.8880299811563e-05    2.7791142587219e-06         993.8212890625           6.1787109375                      0               2.296875                      0          94.8583984375          33.5126953125                      0                      0           1.2021484375              0.0390625                      0                      0             49.1640625            0.322265625         858813.8046875         15789.13671875
                      0                     63                   1024                   1000      0.001307419623048    8.4484814424357e-06    0.00015109295996218                      0     0.0001799978798962    0.00093254218655314    5.1480614811084e-06    3.5103427711292e-06    1.0072778335868e-05    1.1926809569296e-05    6.5578517105536e-07    4.8311425793202e-07    5.2343755996276e-09    1.7818525357427e-06    3.0305666420816e-08    2.9816412450145e-08    5.0950199614874e-08                      0   -1.2845693113661e-06   -4.4779463035383e-06    4.4722675340836e-08    2.9584923844084e-08    3.2299820595938e-08    1.6084951148798e-08    2.9460943906656e-08    7.8125061975243e-11    2.9296565173809e-11    1.1384862386166e-07                      0                      0                      0    4.5109062671855e-06    0.00012181548924506    1.7216113277208e-05    0.00011872647168243    1.9406728632987e-06    4.3592881846521e-05    0.00052041342479825    9.8185000316775e-06                      0                      0                      0    1.7435732431181e-06    5.3136908200635e-05    8.8496816399442e-06    4.9421193347499e-05    5.2281835039025e-07    9.3002597632008e-06    2.1661680667862e-05    2.8169726533633e-06            990.7109375              9.2890625                      0           3.3681640625                      0           89.533203125          31.2568359375                      0                      0              1.2109375           0.0361328125                      0                      0           58.455078125            0.435546875        861110.81738281        15352.725585938
                      0                     64                   1024                   1000      0.001117983421878    8.0022871298269e-06    0.00016259740331481                      0    0.00015891278417168     0.0007559969794606    4.4358144766221e-06     3.588516620745e-06    9.3224365080857e-06    1.0478762692223e-05    6.5721679387565e-07    5.8059472696215e-07    6.9863288487682e-09    1.7307656259291e-06     2.999217940669e-08    3.0099588599342e-08    3.9530295481427e-08                      0   -1.1905947694402e-06   -4.0993085992369e-06    4.4670879439934e-08    2.9915056209973e-08    3.2801739102695e-08    1.5806631559201e-08    2.9312491101052e-08    8.7891471878265e-11    2.9296565173809e-11    6.7756843691313e-08                      0                      0                      0    3.9123662407547e-06    0.00011804709279861    1.5791748039895e-05    9.8907144524318e-05    1.7567870882473e-06    3.5442516582052e-05    0.00042270722655857    8.9967577867611e-06                      0                      0                      0    1.9004892708452e-06    5.2126823230303e-05    8.4097363277635e-06    4.1229443355384e-05    4.3150389217317e-07    7.4945126860015e-06    2.8592105483227e-05    2.6193447464351e-06           992.04296875             7.95703125                      0            2.939453125                      0          100.759765625           34.607421875                      0                      0             1.23828125              0.0390625                      0                      0          56.0576171875            0.451171875        872349.59082031           13674.890625
                      0                     65                   1024                   1000    0.00098251748926348    7.6632968788459e-06    0.00017282093457638                      0    0.00014639613866407    0.00062146724317458    4.4462265549328e-06    3.3687734521948e-06    1.0552072261305e-05    1.0858614257536e-05    6.4539063959757e-07    6.6883691474118e-07    7.5439459124027e-09    1.7771679718948e-06    3.0210919987894e-08    3.0051769961403e-08      4.21035046827e-08                      0   -1.2245859455362e-06   -4.0150790754367e-06    4.4711909730211e-08    3.0213869628426e-08    3.4952150507195e-08    1.5886707060986e-08    2.9387703825989e-08    9.7655217246029e-11    2.9296565173809e-11     6.159767629299e-08                      0                      0                      0    3.9406933671771e-06    0.00011880190527158    1.5957290057322e-05    9.3751944331366e-05    1.7655146375972e-06    3.4018249046142e-05    0.00030997269823363    8.7818261844674e-06                      0                      0                      0    1.7063564410336e-06    5.1946168955652e-05    8.6972675870101e-06    3.9398709971827e-05    4.4983008073984e-07    8.1783222691811e-06    2.4583515625842e-05    2.6854775470042e-06          991.083984375            8.916015625                      0                 3.0625                      0          104.083984375          36.4736328125                      0                      0           1.2060546875           0.0361328125                      0                      0          63.1982421875             0.42578125        876032.08203125        13934.768554688
                      0                     66                   1024                   1000    0.00092746491404672    7.4184990275228e-06    0.00016272642870341                      0    0.00013996378515202    0.00058509542383778    4.4515957240421e-06    3.2725400433975e-06    9.5187109456774e-06    1.0264519529457e-05    6.8167479927439e-07     5.155878906038e-07    6.5361325241042e-09    1.6602626962126e-06    3.0194318156873e-08    3.0169931442003e-08    4.1332049782739e-08                      0   -1.1206757939419e-06   -4.0316787135453e-06    4.5000954074226e-08    2.9736336948361e-08    3.3720692904637e-08    1.6150392134762e-08    2.9676757939967e-08    8.8867579961516e-11    2.9296565173809e-11    6.1821301855502e-08                      0                      0                      0    3.6410136470266e-06    0.00011671998534979    1.4969419917854e-05    9.1819161136542e-05    1.6664218787099e-06    3.2184129894475e-05    0.00028127998632854    8.8052871083377e-06                      0                      0                      0    2.0396357678365e-06    5.0667050772724e-05    8.3953789040692e-06    3.9316472645545e-05    4.1215722834664e-07    7.4589882661513e-06    2.0785023444603e-05    2.4717480453518e-06         992.1513671875           7.8486328125                      0           2.7666015625                      0          99.8486328125            35.01171875                      0                      0           1.2021484375              0.0390625                      0                      0          60.2138671875            0.357421875        883306.01464844        12685.176757812
                      0                     67                   1024                   1000    0.00088566083985064    7.4642421870053e-06    0.00010050181052801                      0    0.00014146654102554    0.00060593707129719    3.8366464778505e-06    3.3732324471458e-06    8.6603916207295e-06    9.8395136740592e-06    6.6134961240749e-07    5.5558496114827e-07     8.384765770586e-09    1.6949599652705e-06    3.0319347033014e-08    3.0028307840269e-08    3.7204139324842e-08                      0   -1.1264032968583e-06   -4.0495820332609e-06     4.467776104633e-08      2.97041218289e-08    3.2273432815089e-08    1.5831061794813e-08     2.996877679351e-08      2.45117703912e-10    2.9297453352228e-11     6.156443799199e-08                      0                      0                      0    3.7460410275969e-06    0.00011493679977193    1.4781073242709e-05    9.3112174813115e-05    1.6643623155232e-06    3.2440005876211e-05    0.00030356987304092    8.8396240309763e-06                      0                      0                      0    1.6818613373104e-06    5.0705922856942e-05    8.1074873090614e-06    3.8830777333132e-05     4.098457058177e-07     7.876766595416e-06    2.2840398449908e-05    2.4760673813518e-06              994.09375                5.90625                      0                 2.1875                      0                65.4375           22.486328125                      0                      0             1.20703125           0.0361328125                      0                      0            33.99609375             0.69921875        889529.75878906         10598.89453125
                      0                     68                   1024                   1000    0.00092424121385637    7.3938769240556e-06    0.00016397887306585                      0    0.00014288570410237    0.00057817680468908    4.0354726538183e-06     3.352501934728e-06    9.5494697385234e-06    1.0089172860717e-05    7.5100293184249e-07    5.7798144492693e-07    5.4687498973749e-09    1.6771747990418e-06    3.0037104359337e-08     2.991211811576e-08    4.1898426950127e-08                      0   -1.1423085997109e-06   -4.0777421768112e-06      4.46406387411e-08    2.9557587488682e-08    3.3602532312216e-08    1.5840808664791e-08    2.9861317862867e-08    9.7656993602868e-11    2.9296565173809e-11    6.1498046655117e-08                      0                      0                      0     3.498627940246e-06    0.00011644139452471    1.4756420884332e-05    9.3433179704228e-05    1.6951386614394e-06    3.3107268563093e-05    0.00027224858593211     8.897339839109e-06                      0                      0                      0     2.051059579955e-06    5.2320403332473e-05    8.8469882753017e-06    3.9933583972918e-05    4.1430077679649e-07    8.2152431595262e-06    2.0421440430241e-05    2.5038652387011e-06          991.611328125            8.388671875                      0               3.171875                      0         102.6650390625          35.8388671875                      0                      0                 1.1875           0.0400390625                      0                      0             66.4765625              0.3203125        885947.68261719        10640.176757812
                      0                     69                   1024                   1000     0.0010362496738328    8.0334150691641e-06    0.00017377365136895                      0    0.00015962234765343    0.00065837352344023     5.347080072049e-06    3.6377968770651e-06    1.0119799800812e-05    1.1944496101535e-05    6.4967088153622e-07    5.6935156234061e-07    1.9382812688207e-08    2.1578349658213e-06    3.0492197211629e-08     3.081738242372e-08    4.2993186788465e-08                      0   -1.5335224761159e-06   -4.3757489596175e-06    4.5162086514949e-08    3.0252961913391e-08    3.4844712004656e-08    1.6531262581054e-08     2.931251508187e-08    7.8125950153662e-11    3.9062086898412e-11    6.3492188395742e-08                      0                      0                      0    3.8825537016507e-06    0.00012279058691966    1.6062327117261e-05    9.6597127926756e-05    1.7975204933407e-06    3.5764257813931e-05    0.00033730248241515    9.5747372759192e-06                      0                      0                      0    2.1470068363172e-06    5.3716373055401e-05    1.3127589837403e-05    4.1858328121869e-05     4.534306574655e-07    8.0881406363531e-06    2.8995561525136e-05    3.3216582187023e-06         991.1025390625           8.8974609375                      0               2.890625                      0           99.126953125          34.3857421875                      0                      0             1.19921875           0.0361328125                      0                      0          63.5576171875           0.3544921875        883186.41699219        11482.764648438
                      0                     70                   1024                   1000     0.0014224439023467    8.1349638598738e-06    0.00020093970115553                      0    0.00019714900488754    0.00097966782810666    5.1499150330869e-06    3.6391347721931e-06    1.0615141598613e-05    1.1979962895481e-05    9.0892870208137e-07    4.8422070264564e-07    6.3798824001537e-09    1.8108652435345e-06     3.105469481568e-08    3.0148432195176e-08    4.0208977480916e-08                      0   -1.4336327982534e-06   -4.5870205331866e-06    4.5143553784044e-08    2.9683585367479e-08    3.3012709010904e-08    1.5856442381335e-08    2.9435528681176e-08    8.9842799866346e-11    2.9296565173809e-11    7.7217743310598e-08                      0                      0                      0    4.4329414032873e-06    0.00012400087891606    1.7216173830548e-05    0.00012734916797452    2.0501318331867e-06    4.7682607415389e-05    0.00053975920801008    1.0053460933079e-05                      0                      0                      0    1.7940996199783e-06    5.3794681645236e-05    9.6192177831966e-06    5.1485852541333e-05    5.6638085244032e-07    1.0354430665771e-05    3.1129849629608e-05    3.1264531381581e-06         990.9892578125           9.0107421875                      0                      3                      0         105.2529296875          36.8037109375                      0                      0           1.1884765625           0.0380859375                      0                      0          77.7529296875           0.5048828125        857712.90039062        16206.336914062
                      0                     71                   1024                   1000     0.0014587556904599    8.5461611263327e-06    0.00017691293263233                      0    0.00020296819824051     0.0010338421601803    5.0699492240014e-06    3.5663632687033e-06    1.0198817380846e-05    1.2584326175791e-05    6.5917478941913e-07    5.2491211022243e-07    5.2636721648014e-09    1.8042871339219e-06    2.9663079104125e-08     3.001659987234e-08    3.9048841493639e-08                      0   -1.2938749884839e-06   -4.6168720642115e-06    4.4751929273446e-08    2.9820307112516e-08    3.3778325025935e-08    1.6009757963786e-08    2.9528341549678e-08    7.8125061975243e-11    1.9531931627625e-11    7.8488270105481e-08                      0                      0                      0    4.3005165908383e-06    0.00012319486232748    1.7215094739065e-05    0.00013077668264572    2.2801337911105e-06    4.9362301755451e-05    0.00057855622950598    1.0182093753919e-05                      0                      0                      0    1.7530234490692e-06    5.3462911122182e-05    9.2203583852424e-06    5.2498083976893e-05    5.6731444875169e-07    9.8972519468887e-06    3.3529820318456e-05    2.8562372911267e-06          992.466796875            7.533203125                      0           2.5869140625                      0            107.5078125          37.6474609375                      0                      0           1.2099609375            0.037109375                      0                      0          50.7900390625            0.400390625        837477.74902344         20123.87109375
                      0                     72                   1024                   1000     0.0014134061982363    8.0022480535291e-06    9.9676601549525e-05                      0    0.00019747243943602     0.0010735690986339    4.4574482611637e-06    3.5862841949452e-06     9.567324223525e-06    1.1993089838569e-05     6.608437361777e-07    5.9085644465995e-07    5.2050781462754e-09    1.7614462901605e-06    2.9488297137448e-08    2.9470710316559e-08    3.4607405829945e-08                      0   -1.2445664401284e-06   -4.4946669710555e-06    5.8880825548613e-08    2.9752944996631e-08    3.1839872960404e-08    1.5672850572912e-08    2.9186538519355e-08    7.8125061975243e-11    1.9531043449206e-11     7.811521651746e-08                      0                      0                      0    3.7356845608016e-06    0.00012229305369083    1.7083240252624e-05    0.00013663165919109    2.3120527368192e-06    5.2442665034569e-05    0.00059589328514598    1.0139839837109e-05                      0                      0                      0    1.9628437382124e-06    5.3208854517983e-05    9.0902343865551e-06    5.3124181635056e-05    5.8306444561396e-07    1.0391055655923e-05    2.4624332029433e-05    2.7441826260244e-06           993.20703125             6.79296875                      0             2.83203125                      0          63.9775390625                21.8125                      0                      0           1.2119140625            0.037109375                      0                      0              36.515625            0.849609375        836327.12597656        20008.438476562
                      0                     73                   1024                   1000     0.0014716326035229    8.6594570403165e-06    8.1476735352304e-05                      0    0.00020935907421116     0.0011377769492285    4.3909306679524e-06    3.4128379065024e-06    8.6738476428039e-06    1.2536045903566e-05    6.7812109083576e-07    5.5237499996252e-07    5.4296878104765e-09    1.9323339977007e-06     2.983886293606e-08    2.9816407121075e-08    1.0661913929511e-07                      0   -1.2761611527523e-06   -4.4731552355515e-06    4.4790033015829e-08    3.0139647222427e-08    3.3436551305499e-08    1.6166021410413e-08    4.7902318556226e-08    7.8125061975243e-11    2.9297453352228e-11    7.8927738123014e-08                      0                      0                      0    3.8350127278264e-06    0.00012217389938751     1.693188183971e-05     0.0001404659980313    2.1879638625322e-06    4.7478728518513e-05    0.00065056283690357    9.8750370973733e-06                      0                      0                      0    1.9309218854957e-06    5.4050776368442e-05    9.2241211033794e-06    5.3990245107549e-05    5.6547266780171e-07    9.8515644522124e-06    3.0610573237055e-05    2.8080214864445e-06          994.201171875            5.798828125                      0              2.4921875                      0          49.0341796875          15.4541015625                      0                      0              1.2109375            0.037109375                      0                      0          29.1708984375            1.212890625        839306.96191406        19169.754882812
                      0                     74                   1024                   1000     0.0015064693505975    8.8689453043855e-06    9.4928353534307e-05                      0    0.00021360579005059      0.001151939211903    4.5698623187818e-06    3.5775947493377e-06    1.0684141595441e-05    1.3153179691194e-05     6.590859369382e-07    6.4307617186898e-07    5.7333986447361e-09    1.9131513919746e-06    2.9351538977096e-08    2.9832047054867e-08    3.5775394202631e-08                      0   -1.3163066148181e-06   -4.7362089716785e-06    4.5043927698885e-08    2.9917964994297e-08    3.3676741395539e-08    1.6042966066721e-08    2.9549795499406e-08    1.7578116739969e-10    2.9296565173809e-11    7.8576147366505e-08                      0                      0                      0    4.4221103223663e-06    0.00012462483300357    1.7171998028864e-05    0.00014787369141533    2.1931269404973e-06    4.9061176766507e-05    0.00064253790038915    1.0514476558754e-05                      0                      0                      0    2.0349111355955e-06    5.4265751956883e-05    1.0091575187055e-05    5.6868568357515e-05     5.722666038821e-07    9.9181230543977e-06    2.7834079101119e-05    2.9079843679725e-06          992.361328125            7.638671875                      0               3.265625                      0           59.169921875          19.8994140625                      0                      0           1.2080078125            0.037109375                      0                      0            39.79296875             1.01171875        841413.34179688        18626.178710938
                      0                     75                   1024                   1000     0.0015112949941489    8.3537949127077e-06    5.5662120114874e-05                      0    0.00021060981836918     0.0012027758984141    4.4817617199655e-06    3.5708466645801e-06    8.7749336028509e-06    1.2037178707125e-05    6.6195216508191e-07    4.6590429647608e-07    5.1464841277493e-09    1.7811640695697e-06    2.9721692662577e-08    2.9826175307335e-08    3.3752934669451e-08                      0   -1.2914199132297e-06    -4.471022486463e-06    4.4749029370905e-08    2.9646491483959e-08    3.1997088534297e-08    1.5838867994944e-08    2.9577150506555e-08    8.8866691783096e-11    2.9296565173809e-11    7.8122054603114e-08                      0                      0                      0    4.4297646315528e-06    0.00012176509767414    1.7461943364161e-05     0.0001518973779131    2.1418271352047e-06    4.8922955094177e-05    0.00067875041598953    9.8794208831521e-06                      0                      0                      0    1.8257334195582e-06    5.3060657223547e-05    9.0894091719917e-06    5.9097153303433e-05    5.7550389964689e-07    9.8752148387504e-06    2.0753510749039e-05    2.8443427773084e-06         994.2236328125           5.7763671875                      0                   2.75                      0           32.798828125             9.60546875                      0                      0              1.2109375           0.0380859375                      0                      0           25.732421875            1.771484375        849899.39941406         16726.70703125
                      0                     76                   1024                   1000     0.0014989174804612    8.4998007912063e-06    0.00011795613278398                      0    0.00020587111718395     0.0011320135039314    4.9409550797463e-06    3.4684785079619e-06    9.5056943250071e-06    1.1612013661733e-05    6.8350978743581e-07    7.0033300847427e-07    5.2636721648014e-09    1.8094951297343e-06    2.9696284542524e-08    4.1700161546032e-08    3.5547833121541e-08                      0    -1.350059586791e-06   -4.5398838022237e-06    4.4412131749993e-08    2.9572258419819e-08    3.3231453144822e-08    1.5450192236699e-08    2.9305666338075e-08    3.8281200431811e-10    1.9531931627625e-11    7.8108380208164e-08                      0                      0                      0    3.9389872812379e-06    0.00012188566503291      1.73781445163e-05    0.00015054276267534    2.1181113165625e-06    4.8845894524696e-05    0.00061069084179088    9.9948916503223e-06                      0                      0                      0    1.9685810448422e-06    5.2905671870107e-05    9.3976904178561e-06    5.8943608380879e-05    5.8728514940043e-07    1.0087281255622e-05    1.5451288073898e-05     2.963073244544e-06         993.0791015625           6.9208984375                      0           2.8564453125                      0             75.5078125          25.1806640625                      0                      0           1.2158203125             0.03515625                      0                      0           40.939453125            0.619140625        856563.37890625        14955.127929688
                      0                     77                   1024                   1000     0.0014757091435396    8.5820976680751e-06    0.00011914113474898                      0      0.000204808065428      0.001108846710947    4.5443280995983e-06    3.4942392836967e-06    9.0311982301472e-06    1.1908699217855e-05    6.6285546296285e-07    6.6277148480509e-07     5.567382999061e-09     1.807755865002e-06    3.0354498470331e-08    2.9887700314646e-08    3.6465826802612e-08                      0   -1.3018281252997e-06   -4.4849023312921e-06    4.4450204406132e-08    2.9818354008171e-08    3.2546866535199e-08    1.5908203643278e-08    2.9295902592708e-08    1.2792966685993e-10    2.9297453352228e-11    7.8870123765284e-08                      0                      0                      0    3.9655840078368e-06    0.00012191272755757    1.7505649394067e-05     0.0001491434628722    2.2836806534698e-06    4.8099693356285e-05    0.00058809344141419    9.8715126828353e-06                      0                      0                      0    1.7242724723587e-06    5.4012639663981e-05    9.4389716602805e-06    5.8462709960239e-05    6.4107520092449e-07     9.933759766767e-06    1.3196361325463e-05     2.865541019581e-06          994.177734375            5.822265625                      0           2.4091796875                      0            70.91015625            22.51171875             0.00390625                      0            1.248046875              0.0390625             0.00390625                      0          39.3017578125               1.015625        858757.77832031         14774.54296875
                      0                     78                   1024                   1000     0.0013718396103224    7.9366367193856e-06    8.3420947255775e-05                      0    0.00020256112791994     0.0010440409785231    4.0643554930497e-06    3.4171796947646e-06    9.1909794965872e-06    1.1642722667737e-05    7.0448436684245e-07    5.0705468712664e-07    2.3305664065276e-08    1.6220702896419e-06    2.9475600626938e-08    2.9745133467429e-08    3.5690435495894e-08                      0   -1.3067363413555e-06   -4.5485331696682e-06    4.4498054130315e-08    2.9616225916129e-08    3.2397459825972e-08    1.5726580926412e-08      2.93525594941e-08     6.835865207222e-11    3.9062086898412e-11    7.7185546842884e-08                      0                      0                      0    4.0617685588273e-06    0.00011992038184427     1.722631344947e-05    0.00014715028711709    2.0312607533768e-06    4.6643944326519e-05    0.00053333873441019    9.9885410094203e-06                      0                      0                      0    1.8578642633216e-06    5.2661303708845e-05     9.154360353314e-06    5.7896579104266e-05    5.6442481177754e-07    9.3407382815158e-06    1.6278503903067e-05    2.8665957039209e-06             994.921875               5.078125                      0           2.2236328125                      0          54.0146484375           17.611328125                      0                      0              1.2109375             0.03515625                      0                      0          28.2197265625             1.20703125        861196.51757812          15440.9453125
                      0                     79                   1024                   1000     0.0014221807333712    9.3183330065472e-06    9.1333204094823e-05                      0    0.00021489261718788      0.001069300495093    4.3845771466877e-06    3.5330273258083e-06    9.7157392620062e-06    1.4275228529925e-05    8.6029589763115e-07    4.9282910197235e-07    5.3525388565845e-09    1.8833945611973e-06    2.9756843211715e-08    3.0041017673454e-08    3.5992195890344e-08                      0   -1.2904746045095e-06   -4.7688730653306e-06    4.4731454984515e-08     4.764648497968e-08     3.568260886766e-08    1.6289062543251e-08    2.9713877580662e-08    5.8594018526037e-11    3.0273561435479e-11    7.8187520458073e-08                      0                      0                      0    4.0823623255193e-06    0.00012809023925353    1.8484225598137e-05    0.00015507533300863    2.2446933449771e-06     5.139265627907e-05    0.00052915098532225    1.0547982424391e-05                      0                      0                      0    2.2534834016597e-06    5.4188624015516e-05    9.5600429714793e-06    5.9394082031261e-05     5.947773500381e-07    9.7904785230085e-06    2.2408626947801e-05    2.9311279243771e-06           994.57421875             5.42578125                      0           2.3271484375                      0             52.6953125           17.025390625                      0                      0           1.2158203125           0.0400390625                      0                      0          31.2119140625             1.47265625        864638.45703125        16395.977539062
                      0                     80                   1024                   1000     0.0014611272207086    9.5722871167325e-06    7.6368770510982e-05                      0    0.00022444009961031     0.0011122706728264    4.8019043061842e-06    3.9032431642383e-06     9.268144518515e-06     1.407087110028e-05    7.3028614178128e-07    9.1677831992598e-07    7.7490227567978e-09    2.5112597725752e-06    2.9988241223577e-08    3.0486340563129e-08    3.6499022471048e-08                      0   -1.3243984557931e-06   -5.1343584059893e-06    4.5606420862043e-08     2.989550473842e-08    3.4855475838924e-08    1.6020522686233e-08    2.9988290073391e-08    1.8554668912429e-10    4.0039083160082e-11    7.9508780892468e-08                      0                      0                      0    4.0276289379193e-06    0.00013039718064967    2.1792929687514e-05    0.00015436708692285    2.1785175796651e-06    5.1311613256999e-05    0.00056689612503202    1.1583789033764e-05                      0                      0                      0    1.9136377158446e-06    5.6466597663452e-05    1.0296404296284e-05    6.0179763664792e-05    6.0801952983525e-07     1.016646190255e-05    2.8549403324973e-05    2.9254892686126e-06         994.8154296875           5.1845703125                      0           2.2451171875                      0            43.95703125          14.1083984375                      0                      0             1.20703125           0.0341796875                      0                      0          26.1005859375              1.1796875        868084.79296875        16210.712890625
                      0                     81                   1024                   1000     0.0015389675566482    1.0251077145362e-05    9.7012624021175e-05                      0    0.00023752454297643     0.0011520257470483    5.1264453073685e-06    3.8354062503743e-06    1.1061770507581e-05    1.5855825203914e-05    9.4753710566664e-07    5.7826562471774e-07    1.1887695272605e-08    2.2228193161666e-06    3.0514619275834e-08    3.0594724975685e-08    3.8146494851787e-08                      0   -1.4266953067832e-06   -5.0902998403046e-06    4.6716814416925e-08    3.0403328743489e-08    3.7835921951057e-08    1.7283198872065e-08    2.9638666632081e-08    8.7890583699846e-11    3.0273561435479e-11    1.6179887118994e-07                      0                      0                      0    4.4703632831045e-06    0.00013465741405394     1.944873144577e-05    0.00016416847164802    2.3621962723652e-06    5.5149492188988e-05    0.00058871682908279    1.1265833994578e-05                      0                      0                      0    2.4635263624617e-06    5.7326461913476e-05    1.0568426753288e-05    6.5145889648122e-05    6.4941503286065e-07    1.0098516626478e-05    3.2914644522819e-05    3.1523339769635e-06               993.8125                 6.1875                      0             2.73046875                      0          56.0380859375          18.3251953125                      0                      0           1.2138671875           0.0419921875                      0                      0           30.267578125            0.908203125        861210.68457031        20584.943359375
                      0                     82                   1024                   1000     0.0014188353662217    8.7784706952476e-06    0.00012537916015187                      0    0.00021134557715108     0.0010367446650434    4.8041513780461e-06    3.4969970714727e-06    9.7361914024319e-06    1.3248708987668e-05    7.1828126113616e-07    5.0622460978644e-07    5.0585935440495e-09    1.9842519565216e-06    3.0174819087847e-08    2.9907234910809e-08    3.7891605408902e-08                      0   -1.2234746282758e-06    -4.623264672432e-06    4.5530257786197e-08    2.9935526058011e-08    3.4422870776041e-08    1.6097651212021e-08    2.9800797385349e-08    8.7889695521426e-11    2.9297453352228e-11    7.8952192339443e-08                      0                      0                      0    4.1495302518513e-06    0.00012617771189483    1.7644899421576e-05    0.00014512481055817    2.1746894223185e-06    5.4084244141883e-05    0.00053489732813539    1.0221259791443e-05                      0                      0                      0     1.800639663152e-06    5.6789541999613e-05    9.2625791019429e-06    5.8099960939195e-05    6.2121290689277e-07    9.8296425621314e-06    2.5125163086059e-05    2.7993027522655e-06          994.033203125            5.966796875                      0           2.1630859375                      0          73.7666015625             25.2109375                      0                      0             1.20703125             0.03515625                      0                      0            37.41796875             0.69921875        858031.60351562        23049.422851562
                      0                     83                   1024                   1000     0.0012912875742179    7.5649394348787e-06    9.7516031231315e-05                      0    0.00019181646289557    0.00096227919435954    4.0572373043446e-06    3.4259326220365e-06    8.9542920003183e-06     1.108498047131e-05    6.3991016663323e-07    5.0640039006566e-07    4.9414063951758e-09    1.6781318148418e-06    2.9670910173252e-08    2.9735335083103e-08    3.5120113039966e-08                      0   -1.3544755885775e-06   -4.1054296744392e-06    4.4279325983609e-08     2.981347613229e-08    3.1719733506463e-08    1.5512722661981e-08    2.9374022325612e-08    8.7890583699846e-11    2.9297453352228e-11    7.7350611249472e-08                      0                      0                      0    4.9523720706546e-06    0.00012335794138618    1.6894499045961e-05    0.00014360642967937    2.2532607326653e-06    5.8306250974915e-05    0.00045451209374114    9.0372841814457e-06                      0                      0                      0    1.9624140561447e-06    5.3859024415459e-05    8.9492939423508e-06    5.5818407234121e-05    6.2200391948153e-07    9.5742822399103e-06    9.5064775242903e-06    2.9535361454336e-06         993.7880859375           6.2119140625                      0           2.5419921875                      0            64.40234375           21.943359375                      0                      0           1.2119140625           0.0400390625                      0                      0           32.732421875              0.4609375        862953.10839844            22112.15625
                      0                     84                   1024                   1000     0.0011930603603574    7.9380879141056e-06    8.3735313490152e-05                      0    0.00018378605468605     0.0008848011699234     4.331682614378e-06    3.4717373216253e-06    8.3481777544137e-06    1.1664649410825e-05    7.3486132468048e-07    8.1091308601344e-07    5.3037112479615e-09    1.6764921966228e-06    2.9759763542359e-08    2.9978523663488e-08    3.5734392334064e-08                      0   -1.1961708903385e-06   -4.3965078138086e-06    4.5334013876186e-08    2.9652324151641e-08    3.1643553555227e-08    1.5740241998685e-08    2.9754886554656e-08    2.1484414247652e-10    2.9297453352228e-11    7.7538086173945e-08                      0                      0                      0     4.370059587977e-06    0.00012243129102618    1.6983464854903e-05    0.00012675553124186    2.0526777406715e-06    5.7099910147684e-05    0.00043194831152515    9.6194892522661e-06                      0                      0                      0    1.9964345785439e-06    5.3073123053693e-05    8.7117216782673e-06    5.1223117194965e-05    5.8196387442422e-07    1.0089427737725e-05    1.6220781249743e-05    2.7008495928627e-06             994.921875               5.078125                      0                 2.1875                      0          53.7392578125          17.4853515625                      0                      0            1.208984375             0.03515625                      0                      0            27.89453125            1.216796875        879762.76757812        17944.758789062
                      0                     85                   1024                   1000      0.001137886764651    7.3297021581098e-06    0.00012332465428599                      0    0.00016327743163735    0.00081235786718281    4.1336767830913e-06     3.376815413958e-06    8.9434853434156e-06    1.0362750003878e-05    6.2961522573346e-07    5.2105663961299e-07    6.9570313954159e-09    1.5957978538594e-06    2.9741210383349e-08     2.977734325782e-08    4.7959971993805e-08                      0   -1.1830849668826e-06   -4.0679424051504e-06    4.4634762552676e-08    2.9709954496582e-08    3.1943366174403e-08     1.605762989243e-08    2.9639664056447e-08     6.835865207222e-11    2.9297453352228e-11    7.3208003215086e-08                      0                      0                      0    3.6175634416935e-06    0.00011750967285007    1.5662950187512e-05    0.00010087621289845    1.7988251856949e-06    4.4719357422451e-05    0.00046198214649884    9.0091015856331e-06                      0                      0                      0    2.0711767492188e-06    5.1572736325944e-05    8.5420292936789e-06    4.1483523436803e-05    5.1529396305483e-07    8.0110273597001e-06     2.911073143963e-05    2.5987109495418e-06         994.4013671875           5.5986328125                      0             2.15234375                      0           82.357421875            28.25390625                      0                      0           1.2177734375              0.0390625                      0                      0          35.4482421875            0.626953125        881534.37011719        19430.393554688
                      0                     86                   1024                   1000     0.0010050684208824    7.2624951066302e-06    0.00011022337790667                      0    0.00015030809961836    0.00070629642481634    4.0563417860184e-06    3.3869013744692e-06    8.8293007713958e-06    1.0074988276543e-05    6.2241503329119e-07    5.0874902246534e-07    5.0683590657741e-09    1.6006523368972e-06     3.021387318114e-08    2.9554689362499e-08    3.6191416974418e-08                      0   -1.1767929919415e-06   -3.9605888790817e-06    4.4855470449079e-08     3.008596038967e-08    3.1322246130117e-08    1.5526367747043e-08    2.9271472357095e-08    1.1718714887365e-10    1.9531043449206e-11    6.2561543501261e-08                      0                      0                      0    3.6247909882547e-06    0.00011606248437257    1.4764868184081e-05    9.2754649428706e-05     1.569290066783e-06    4.1009453115137e-05    0.00039541214746386    8.6453506025208e-06                      0                      0                      0    1.6322207088137e-06     5.081529296902e-05    8.1243671896658e-06    3.9953528323089e-05    4.2422852075674e-07    7.4871738267035e-06    3.0866603509594e-05    2.5738252213969e-06         994.1162109375           5.8837890625                      0            2.283203125                      0           69.537109375           23.572265625                      0                      0            1.216796875             0.03515625                      0                      0              34.359375            0.912109375        891231.92675781        18262.822265625
                      0                     87                   1024                   1000     0.0009390144218564     6.671203117925e-06    0.00011681368164229                      0    0.00014638976368619    0.00063962361326553     3.986787096899e-06    3.3753007659953e-06    7.5137949204773e-06    1.0368912107594e-05    6.3019333573777e-07    5.2345410050947e-07    5.3037103597831e-09    1.4683603293264e-06    2.9745106822077e-08    2.9458020023299e-08    3.5142574184022e-08                      0   -1.1391054544063e-06   -3.8152040975348e-06    4.4598634119097e-08    2.9918922450634e-08    3.0916989857133e-08    1.5323235125209e-08     2.956052824743e-08    9.7656993602868e-11    2.9296565173809e-11    5.9692380816045e-08                      0                      0                      0    3.3937724799316e-06    0.00011361265915966    1.4390535143072e-05     9.130181931738e-05    1.3657851436477e-06    2.8929306647996e-05    0.00034765622068811    8.3384950926302e-06                      0                      0                      0     1.644235362086e-06    5.0384716817398e-05      8.05745898802e-06    3.8639719720734e-05    3.2685448214664e-07    6.6887041079156e-06    2.9087277345852e-05    2.4799716840107e-06           994.82421875             5.17578125                      0                      2                      0           79.837890625           26.826171875                      0                      0           1.2236328125           0.0380859375                      0                      0            36.61328125            0.986328125        918855.66992188        14143.938476562
                      0                     88                   1024                   1000    0.00093799794724791    7.1972167896561e-06    0.00010027051563632                      0    0.00014908853613438    0.00065070456348337    3.8963212913856e-06    3.3577079960878e-06    7.7495634771552e-06    1.1049110339556e-05    6.3104880876352e-07    5.9358691295586e-07    6.0371094789957e-09    1.6012118928543e-06    2.9679685376038e-08    2.9747057261886e-08    3.5609368786993e-08                      0   -1.1485165991587e-06   -3.9135546927582e-06     4.508988737939e-08    2.9423838476816e-08    3.1894517249498e-08    1.5921863827373e-08    2.9582990279664e-08    8.7891471878265e-11    2.9297453352228e-11    6.0929703060708e-08                      0                      0                      0    3.8966796589435e-06    0.00011561421289308    1.4690173834708e-05    9.1977965822387e-05    1.2957939512503e-06    2.6780537106141e-05    0.00035799200684572    8.5453525588974e-06                      0                      0                      0    1.6635810489163e-06    5.1206736332077e-05    8.5663544915349e-06    3.8986436531552e-05    1.6362889976307e-07    7.5387656268688e-06    2.9566838861683e-05    2.5131523457844e-06            994.7734375              5.2265625                      0               2.203125                      0            67.88671875           22.798828125                      0                      0           1.2158203125           0.0361328125                      0                      0           31.130859375              0.9765625        950536.72265625        8157.6298828125
                      0                     89                   1024                   1000    0.00097519896288123    7.4123877027432e-06    0.00016260041405669                      0    0.00014926976075635    0.00062233520704336    4.1131738406364e-06    3.7049140573231e-06     9.690161123288e-06    1.1237789061092e-05    6.7450292817739e-07    6.8844433620541e-07    6.0371094789957e-09    1.6702509908484e-06    3.0920900506715e-08    2.9985364413676e-08    4.2013667211904e-08                      0   -1.3332763577623e-06   -3.9576484258674e-06    4.4957031875015e-08    3.0762708824739e-08    3.2694333462757e-08    1.6089829912858e-08    2.9704128934327e-08    1.2695267059826e-10    2.9296565173809e-11    6.1050775990168e-08                      0                      0                      0    3.5489980900749e-06    0.00011756762012638     1.546783498263e-05    9.3440254885557e-05    1.3398935925224e-06    2.8193551767863e-05    0.00032365032909265    8.6655156259496e-06                      0                      0                      0    1.9034375160487e-06    5.2243136712704e-05    8.3435898394768e-06    4.0424197257138e-05    1.4946483872791e-07    7.9107070307671e-06    2.6670420895769e-05    2.8939121143878e-06          993.376953125            6.623046875                      0             2.37890625                      0         107.9228515625          38.1220703125                      0                      0            1.212890625            0.037109375                      0                      0          44.9208984375           0.3212890625        954910.66992188        7198.9541015625
                      0                     90                   1024                   1000    0.00092484922946312    7.0250156287699e-06     0.0001055721855483                      0    0.00014818216992829    0.00063378995897079    3.8761806697707e-06    3.5357343692866e-06    7.7733808749869e-06    1.0660007814245e-05    6.7048728258357e-07    5.1815039014969e-07    5.0195305689726e-09    1.6174082055898e-06    2.9802725620698e-08    2.9963872272276e-08     3.616992927391e-08                      0   -1.1069618954807e-06   -3.8026386652845e-06    4.4491232920052e-08    3.0016614083195e-08    3.4226570022611e-08    1.5641592909788e-08    3.0590814326104e-08    8.7891471878265e-11    2.9296565173809e-11    6.1670867523844e-08                      0                      0                      0    3.5408183434171e-06    0.00011707922755555    1.5114816410033e-05    9.5007234378386e-05     1.260506853562e-06    2.7051753912488e-05    0.00033569527050847    8.3125829863917e-06                      0                      0                      0    1.9110771534159e-06    5.2647035168718e-05    8.3027646526901e-06    4.0214654296378e-05    1.3767772433226e-07    6.7893017625664e-06    2.7274454087234e-05    2.4185781120067e-06          994.400390625            5.599609375                      0                 2.0625                      0            67.88671875          22.9892578125                      0                      0            1.208984375            0.037109375                      0                      0          33.7080078125            1.037109375        949072.37890625         8271.357421875
                      0                     91                   1024                   1000    0.00092488609473396    7.1685107299047e-06    0.00011357111035881                      0    0.00014627053125338    0.00062652325489054    4.0437090031986e-06    3.4322978290646e-06    8.2741474720649e-06    1.0988705073878e-05    6.1123436978505e-07    7.0980273392252e-07    2.1945312234095e-08    1.5880966941495e-06    3.0046877874668e-08    2.9793970846015e-08    3.7728510982049e-08                      0   -1.1489550537647e-06   -4.3384365371324e-06    4.4580064084698e-08    2.9748063568036e-08    3.1736344219269e-08    1.5537105824137e-08    2.9368140808117e-08    1.1718714887365e-10    4.8828496801434e-11    6.1779326543387e-08                      0                      0                      0    3.9775722529001e-06    0.00011682966404791    1.4939657252633e-05    9.2586371111203e-05    1.4182519798567e-06    2.9980101555083e-05    0.00032526987889803    9.4284052831739e-06                      0                      0                      0    1.6415273575987e-06    5.1701125977743e-05    8.3208662049472e-06    3.9482625973086e-05    3.2607715905186e-07    7.6739482519628e-06    2.6079180656779e-05    2.5129746061836e-06          993.529296875            6.470703125                      0            2.599609375                      0                 74.875            26.07421875                      0                      0           1.2080078125           0.0361328125                      0                      0          36.5166015625            0.767578125        926601.94140625        11977.266601562
                      0                     92                   1024                   1000     0.0009569046699216    7.1438857407458e-06     0.0001203774296874                      0    0.00015004837499344    0.00064922199900952    3.8589238240405e-06    3.6205439410963e-06    8.0077167865511e-06    1.0196429684584e-05    6.3026173346969e-07    4.8070703062564e-07    5.5380855457088e-09    1.5584082211362e-06    3.0181647403538e-08    3.0229497127721e-08    3.6997076513501e-08                      0   -1.1775263795144e-06   -3.7751337860215e-06    4.5494141787117e-08    3.0198216371957e-08    3.2164051866346e-08    1.6240242928234e-08    2.9491243225266e-08    7.8125950153662e-11    2.9297453352228e-11     6.187600032348e-08                      0                      0                      0    3.4109541369176e-06    0.00011937701465481     1.474525391032e-05    9.4031798833605e-05    1.5076904098521e-06    3.1580738291126e-05    0.00034500882909683    8.2672499992498e-06                      0                      0                      0    1.6205527213486e-06     5.336308790227e-05    8.1324091851798e-06    4.0045295912172e-05    3.3454296577418e-07    7.4572763590908e-06    2.7775226564053e-05     2.589742185144e-06          993.884765625            6.115234375                      0              2.3203125                      0           81.212890625          27.9619140625                      0                      0           1.2099609375           0.0380859375                      0                      0          35.0341796875               0.453125        918817.29882812         13202.36328125
                      0                     93                   1024                   1000    0.00089989192965945    6.5630136560912e-06    8.9213815419598e-05                      0    0.00014463199121018    0.00063077797557387    3.7890380895078e-06     3.332965804681e-06    7.8595742172283e-06    9.4979824325492e-06    6.2549999224615e-07      5.36398436779e-07    5.2929687299752e-09    1.4550751972209e-06    2.9418942837367e-08    2.9310550431205e-08    3.4292964024019e-08                      0   -1.1491533227215e-06   -3.7623642326068e-06    4.4244130137372e-08    2.9282227309579e-08    3.1352545448726e-08    1.5758785387732e-08    2.9291026493183e-08    7.8125950153662e-11    2.9296565173809e-11    6.0173813487552e-08                      0                      0                      0     3.274456064517e-06    0.00011460635254412    1.4592451176298e-05    9.1840005860711e-05    1.3578427768834e-06    2.9598172865519e-05     0.0003351728974561     8.220025361716e-06                      0                      0                      0    1.8324912129941e-06    5.0835425767559e-05    7.8867129014171e-06    3.8902748054959e-05    3.2839843910892e-07    7.0590693468375e-06    2.7183013658671e-05    2.4958652344864e-06         993.6650390625           6.3349609375                      0              2.5390625                      0          61.0048828125          20.3720703125                      0                      0             1.20703125             0.03515625                      0                      0           36.439453125             0.55078125        920327.90527344        12755.967773438
                      0                     94                   1024                   1000    0.00097031079004406    6.9912207045775e-06    0.00013389409276421                      0    0.00014797562207036    0.00065179945899718    3.9958613307078e-06    3.3856630894391e-06    8.1948417820499e-06     9.742221672937e-06    6.3213476231283e-07    5.1193750039147e-07    5.2929687299752e-09    1.5968203266326e-06    2.9729476658247e-08    2.9692380110191e-08    3.9057620249139e-08                      0   -1.2528544806045e-06    -3.807259776778e-06    4.4784171038259e-08    2.9579110716327e-08     3.183009589236e-08    1.5699209043873e-08     5.588669971246e-08     6.835865207222e-11    2.9296565173809e-11    6.2354479801741e-08                      0                      0                      0    3.5048837769835e-06    0.00011808948925651    1.4573876929269e-05    9.3927545893102e-05    1.4226357576419e-06    2.9835875012374e-05    0.00035085578124772    8.3697187607257e-06                      0                      0                      0    1.6844150456663e-06    5.1866375982534e-05    7.9546230393746e-06    3.9538238289616e-05      3.33304685185e-07    6.9275166136862e-06    2.8804650385794e-05    2.7078300730565e-06           993.44921875             6.55078125                      0            2.291015625                      0                86.8125           30.482421875                      0                      0              1.2109375              0.0390625                      0                      0          40.2021484375             0.37109375        918618.58398438        11864.012695312
                      0                     95                   1024                   1000    0.00086757821190631    6.6007949053315e-06    5.5678550763716e-05                      0    0.00014308746972613    0.00063448737012362    3.6195381314386e-06    3.2759033130603e-06    7.2339921919351e-06    9.3828945324503e-06      6.17341793685e-07    5.1406054701886e-07    6.3007812300953e-09    1.4953818379126e-06    2.9642581722555e-08    2.9608393958824e-08    3.2108401271103e-08                      0   -1.0744775185145e-06   -3.9305741728057e-06    4.4277327582165e-08    2.9531241452219e-08    3.0222665259316e-08    1.5713871093226e-08    2.9470700546597e-08    7.8124173796823e-11    2.9297453352228e-11    6.0166061466305e-08                      0                      0                      0    3.7323163937231e-06    0.00011518796874199    1.4492829106594e-05    9.2932000984369e-05    1.3582851394744e-06    2.8460114252837e-05    0.00033822240822001    8.5506982268058e-06                      0                      0                      0    1.6714892581149e-06    5.0206155271404e-05    7.7686923694031e-06    3.8477783201429e-05    3.3913184172008e-07    6.6443378790026e-06    2.7256914071572e-05    2.3391015497864e-06         994.0341796875           5.9658203125                      0           2.7529296875                      0              37.453125          11.5830078125                      0                      0           1.2060546875           0.0341796875                      0                      0           29.017578125             1.39453125        912767.11425781        12622.842773438
                      0                     96                   1024                   1000    0.00088157370019992    7.3691738320392e-06    6.4578957040595e-05                      0    0.00014539438086203    0.00063564087011425    3.8627324006058e-06    3.4845517600246e-06    7.1887275465699e-06    9.7348056629087e-06    6.6203612369975e-07    4.8370019456456e-07    6.9560543991543e-09    1.4298105268651e-06    2.9710932381022e-08    3.0028314057517e-08    3.3325185277988e-08                      0   -1.0653183544207e-06   -3.8999238016757e-06    4.4714820290892e-08     2.980859736823e-08    3.0974623754787e-08    1.5763693461679e-08    4.0624034802761e-08    7.8125061975243e-11    2.9296565173809e-11    6.5795902060017e-08                      0                      0                      0    3.8420830081876e-06     0.0001188400039096    1.4622867173131e-05    0.00010401475098742    1.3688867293027e-06    2.9077194331428e-05    0.00032354908886578    8.5156171776291e-06                      0                      0                      0    1.7113339811914e-06    5.2408351564281e-05    7.9402060482181e-06     4.035380273848e-05    3.1893945795503e-07    6.3003349630719e-06    2.5475967758481e-05    2.5699267549584e-06         995.1513671875           4.8486328125                      0           2.1826171875                      0            44.18359375          14.7080078125                      0                      0           1.2119140625           0.0400390625                      0                      0           22.724609375            1.357421875        900123.29492188        15275.311523438
                      0                     97                   1024                   1000    0.00081217166112957    6.9913574280989e-06    4.6239490234967e-05                      0    0.00013914529786074    0.00059119804003949    3.6324482364236e-06    3.3823544978162e-06    7.4276972590326e-06    9.7478789058414e-06    6.0841993576588e-07    6.2602636674569e-07    5.4296878104765e-09    1.4847587790356e-06    2.9441429738597e-08    2.9995143258077e-08    3.2486322076863e-08                      0   -1.2352538920624e-06   -3.8336044596576e-06    4.5130829740003e-08    2.9933580947272e-08    3.1699241453964e-08    1.5649423978914e-08    2.9502930765091e-08    1.9628920711057e-10    2.9296565173809e-11    6.1804728446191e-08                      0                      0                      0    3.2909902349942e-06    0.00011617869727232    1.4344644530873e-05    9.1849308585523e-05    1.3593974648174e-06    2.8512498994715e-05    0.00029516052249967    8.3759853568566e-06                      0                      0                      0    1.5635273324932e-06    5.0689580086249e-05    7.9215146566725e-06    3.9509008781025e-05    3.4234179491222e-07    6.2411269654561e-06    2.1962628911965e-05     2.680441398617e-06         994.7978515625           5.2021484375                      0           2.2939453125                      0            27.57421875           7.8544921875                      0                      0           1.2060546875            0.033203125                      0                      0              23.921875               1.609375         894486.3671875        16014.360351562
                      0                     98                   1024                   1000    0.00081469052831462    6.7596513826373e-06    5.2616436517994e-05                      0    0.00014047337986955    0.00058649591211068    3.6625673729418e-06    3.3966406345343e-06    7.2130888648658e-06    9.3568730470395e-06     6.433535233441e-07    7.3071191408758e-07    5.4892570489073e-09    1.5571747962184e-06    2.9890627750717e-08    2.9719742222767e-08    3.2135755390073e-08                      0   -1.1878691799083e-06   -3.7518408166903e-06    4.4183581238144e-08     2.982127700335e-08    3.0937483685989e-08    1.6018547377428e-08    2.9335926576834e-08    8.7890583699846e-11    2.9296565173809e-11    6.0479502295152e-08                      0                      0                      0    3.3112900412746e-06    0.00011500290234689    1.4938549828258e-05    9.3247762710469e-05    1.2396172088813e-06    2.7981062523885e-05    0.00029038888573218     8.204970697534e-06                      0                      0                      0    1.7539365266828e-06    5.1349996108563e-05    7.9021279253411e-06    4.0538041995219e-05    3.5264356235132e-07    6.3519257853528e-06    2.1064499980739e-05    2.5746347729338e-06          995.072265625            4.927734375                      0           2.2900390625                      0           35.373046875               10.78125                      0                      0            1.212890625            0.041015625                      0                      0            23.12890625            1.630859375        900830.18847656        14490.272460938
                      0                     99                   1024                   1000    0.00083874954298224    6.7053564674069e-06     5.502377345401e-05                      0    0.00013896357910959    0.00060978755664021    3.5689726765042e-06    3.3668857470914e-06    7.5301650364068e-06    9.4465908277996e-06    6.3276756367969e-07    5.1410058610202e-07      5.08691400114e-09    1.4380947321868e-06    2.9798816747473e-08    2.9824220426633e-08    3.2826159568344e-08                      0   -1.1885400503786e-06   -3.8353251747836e-06    4.4734371762445e-08    2.9719709360165e-08    3.2602534005832e-08    1.5788080176549e-08    2.9663105749478e-08    7.8125950153662e-11    2.9296565173809e-11    6.1287117603115e-08                      0                      0                      0    3.6130234315479e-06    0.00011512788866952    1.4639711912068e-05    9.0912127913789e-05    1.2805966802532e-06    2.7169832974572e-05    0.00031746328811089    8.3716044727566e-06                      0                      0                      0    1.5790381144853e-06    5.0052244148446e-05    8.0003164022457e-06    3.7869911133193e-05    3.0948339624359e-07    6.2076337945527e-06    2.3869602528315e-05    2.5802685703624e-06          994.708984375            5.291015625                      0              2.5078125                      0           36.654296875            11.19140625                      0                      0           1.2060546875            0.033203125                      0                      0          26.1611328125            1.763671875        909290.77148438        12121.182617188
                      0                    100                   1024                   1000    0.00088061563181974    6.9618183609066e-06    5.5283123043814e-05                      0     0.0001445778828213    0.00064565093360613    3.8227509735478e-06    3.3659267604236e-06    6.9667128981266e-06    9.8281796923061e-06    6.2527735966711e-07     4.999824216867e-07    5.0585935440495e-09    1.4742226559505e-06    2.9847628368884e-08    3.0018562746648e-08    3.3207052219097e-08                      0   -1.2173788768166e-06   -4.0670390379915e-06     4.406933928891e-08    2.9453109284816e-08    3.1134765876573e-08    1.6236318067797e-08    2.9213859775723e-08    7.9100281880073e-11    2.9297453352228e-11    6.2353522345404e-08                      0                      0                      0    3.5181367286086e-06    0.00011553882520143    1.4592054703222e-05    9.2703423828944e-05    1.2606435770834e-06       2.7147752931e-05    0.00034966727246744    8.8507968785123e-06                      0                      0                      0    1.9890029259173e-06    5.1465246077242e-05    8.0880527306704e-06    3.8773496092048e-05    3.2955956008607e-07    5.8021025362009e-06    2.7508772466156e-05    2.6414716680634e-06          995.357421875            4.642578125                      0           2.1044921875                      0           35.861328125          10.8115234375                      0                      0           1.2119140625            0.041015625                      0                      0           22.259765625             1.72265625        910442.72753906        10794.752929688
                      0                    101                   1024                   1000    0.00095038768849776    7.5982245997253e-06    4.6089639668345e-05                      0    0.00015672234181441    0.00070989400194321    3.9988046740547e-06    3.4315595662804e-06    7.3602500121339e-06    1.0603454114744e-05    6.0422167358354e-07    8.0245898370634e-07    7.2304686682401e-09    1.5149462937458e-06    2.9914078325533e-08    3.0148450846923e-08    3.1914042963876e-08                      0   -1.3250878776461e-06   -4.1832324155777e-06    4.4493161155401e-08    2.9616184171743e-08    3.1097666663982e-08    1.5324220115076e-08    2.9088863762183e-08    1.0742251532747e-10    3.9062086898412e-11    6.9099582056253e-08                      0                      0                      0    3.7005312378824e-06    0.00011476876466876     1.558048243222e-05    9.8700343733604e-05    1.6497245756142e-06    3.1710179702493e-05    0.00038679184863177    9.1237011643486e-06                      0                      0                      0    1.6240957041447e-06    5.1834815448792e-05    8.4582978514547e-06    4.0963687506945e-05    4.0970507164673e-07    7.0755927739086e-06    2.9500789051617e-05    2.8767939461716e-06         995.2568359375           4.7431640625                      0            2.248046875                      0           28.759765625           8.3583984375                      0                      0             1.20703125           0.0341796875                      0                      0          20.5595703125            1.822265625           898207.65625        11316.362304688
                      0                    102                   1024                   1000     0.0013268328739944    9.2108906333266e-06    5.2501316414322e-05                      0     0.0002037129091681     0.0010244948300748    5.8621377112544e-06    3.6050253928721e-06     8.706337903952e-06    1.3067582034232e-05    6.7701854256086e-07    6.7410156212588e-07    6.8095706851068e-09    2.0408476375522e-06    2.9893548081361e-08     3.060057895965e-08    3.5378895368865e-08                      0   -1.4073037188922e-06   -4.7698437608545e-06    4.5349615618306e-08    2.9850577121238e-08    3.3451159175968e-08    1.6086900700429e-08    2.9603509865694e-08     1.953122108489e-10    3.9062086898412e-11    8.0611336272796e-08                      0                      0                      0     4.351324253804e-06    0.00012654451270677    1.7701315440988e-05    0.00013979089744787    2.1309980224871e-06    4.7416540032152e-05    0.00054600872852006    1.0486020515899e-05                      0                      0                      0    1.7162197423204e-06    5.5077506822876e-05    9.6114765648636e-06    5.4797804691198e-05    5.6948536286683e-07    9.7847656146399e-06    2.7319505852219e-05    3.0893105513741e-06         995.5888671875           4.4111328125                      0           2.1142578125                      0          28.7099609375           8.0439453125                      0                      0             1.21484375              0.0390625                      0                      0          21.4775390625              2.0234375        877263.28613281           14759.546875
                      0                    103                   1024                   1000     0.0013016324570279    7.8771894660434e-06    3.5704288072758e-05                      0    0.00020169001170256      0.001024409182631    4.1113369180223e-06    3.5022919773198e-06    7.8001103434033e-06    1.1281502922067e-05    6.3797851623804e-07     7.120839837782e-07    6.4287108969552e-09    1.6882353417458e-06    2.9750962582398e-08    2.9819338998038e-08    3.3458994685986e-08                      0   -1.2871210950394e-06    -4.311657193945e-06    4.4536096588388e-08    2.9684576574596e-08    3.0970702447064e-08    1.6250972123544e-08    2.9408194102132e-08    1.4746159848755e-10    3.0273561435479e-11    7.7247055862983e-08                      0                      0                      0    4.1542636726177e-06     0.0001227211083874    1.6475285168127e-05    0.00013997782712405    1.9074931794094e-06    4.5382063468935e-05    0.00054749550390554    9.4632167870756e-06                      0                      0                      0    1.7117822048718e-06    5.3070981437031e-05    8.8089335941177e-06    5.4978916995907e-05    5.2808203054866e-07    9.4533456920232e-06    2.5879716795352e-05    2.8176669788493e-06               995.0625                 4.9375                      0            2.326171875                      0          18.7509765625           4.2529296875                      0                      0           1.2080078125             0.03515625                      0                      0          20.1044921875            1.748046875        873649.47851562         15494.65234375
                      0                    104                   1024                   1000      0.001341982003928    7.4387011723687e-06    7.3270369146172e-05                      0     0.0001985169863179      0.001031671508791    4.1604590057531e-06    3.4208749930542e-06    8.0688330061918e-06    1.0874630853586e-05    6.5369043777963e-07    5.3297363322713e-07     5.263671276623e-09    1.5492304585862e-06    2.9457037697966e-08    2.9687484470742e-08    3.4220700051435e-08                      0    -1.372413056977e-06   -4.1838486302126e-06    4.4574229640659e-08    2.9717763361248e-08    3.1604500350113e-08    1.5595690960879e-08    3.1349626894439e-08    8.7891471878265e-11    2.9296565173809e-11    9.2161153375514e-08                      0                      0                      0    3.7753818347142e-06    0.00011932062597353    1.6221708003528e-05    0.00013939777443195    2.0396396616107e-06    4.3950093759015e-05    0.00055754927148133    9.1679042748538e-06                      0                      0                      0    1.8210869123791e-06     5.203859765146e-05    8.9381250063525e-06    5.4351075200465e-05     5.275888455003e-07    8.9472724562611e-06    2.3852414074099e-05    2.9871562237105e-06         994.3779296875           5.6220703125                      0              2.5703125                      0          48.8798828125          15.6806640625                      0                      0           1.2080078125            0.037109375                      0                      0          28.6298828125            1.357421875        871806.51269531             15690.3125
                      0                    105                   1024                   1000     0.0013023286230469    7.5719618886083e-06    3.6496426749189e-05                      0    0.00019797734375171     0.0010291856738318     3.962153330761e-06    3.3763906079898e-06    7.8147099680237e-06    1.1270018564602e-05    6.8250586604535e-07    5.6071191423257e-07    7.2499997116893e-09    1.6506894748858e-06    2.9204099583069e-08    2.9474607643465e-08    3.4441408836017e-08                      0   -1.3233974787141e-06    -4.373732427787e-06    4.4627920914309e-08    2.9383787847337e-08    3.0929673044966e-08    1.5374028272674e-08    2.9125949652098e-08    1.1718714887365e-10    2.9297453352228e-11    7.6986331976059e-08                      0                      0                      0    3.9650966812133e-06     0.0001196029316457    1.6013982437002e-05    0.00013971813086933    1.9504638535395e-06    4.3702830072156e-05    0.00055439813378122    9.5509228561497e-06                      0                      0                      0    1.7336064503937e-06    5.2082209961668e-05    8.5224668060491e-06    5.4395689464748e-05    5.3204687500141e-07    9.2637324398126e-06    2.2511576163176e-05    2.8726855623162e-06         995.2333984375           4.7666015625                      0            2.271484375                      0          19.3037109375           4.4365234375                      0                      0            1.208984375            0.037109375                      0                      0          21.1494140625             1.87109375         871223.6796875           14233.140625
                      0                    106                   1024                   1000     0.0012435652031213    7.5201005742542e-06    4.8568757811118e-05                      0    0.00019204764745595    0.00096410447755435    4.0552363254065e-06    3.4158642518989e-06    8.1809609282502e-06    1.0993923824643e-05    6.4523436993369e-07    5.3041015668498e-07    5.1171875625755e-09    1.7234209046535e-06     2.947068189485e-08    2.9644523280581e-08    3.4316392394373e-08                      0    -1.247017604733e-06   -4.1692763748102e-06    4.4730454007436e-08    2.9728511208305e-08    3.0906248227325e-08     1.591016385305e-08    2.9644514398797e-08    1.0742251532747e-10    2.9296565173809e-11    7.8151360050072e-08                      0                      0                      0     4.365837900977e-06    0.00012426744726923    1.5782567386324e-05    0.00013746480858767    1.9372656021588e-06    4.4657106446522e-05    0.00049404956639698    9.1371718902167e-06                      0                      0                      0    1.7390175655052e-06     5.291523241624e-05    8.9325517746985e-06    5.4264362306711e-05    5.2347558643362e-07    8.7822314593922e-06    1.9737368157635e-05    2.7329404401755e-06          994.505859375            5.494140625                      0           2.5224609375                      0          29.1787109375             8.38671875                      0                      0           1.2080078125           0.0361328125                      0                      0          24.4853515625             1.67578125        866940.48925781             15880.6875
                      0                    107                   1024                   1000     0.0012830041406247    7.9175429927858e-06    0.00010216217480252                      0    0.00019470426465684    0.00094458538669784    4.3858261520313e-06    3.5577236277007e-06    9.1367187460278e-06    1.1726957027669e-05    6.3428224095219e-07    5.2354199286953e-07    5.4111328751105e-09    1.6760390559867e-06    2.9704084525406e-08    3.0169900355759e-08    3.5595693503865e-08                      0   -1.2406660250264e-06   -4.2666484860732e-06    4.4734350446163e-08    2.9794903433356e-08    3.1884759721379e-08     1.599218091286e-08    2.9686526126227e-08    1.0742251532747e-10    2.9296565173809e-11    7.9402358466041e-08                      0                      0                      0    4.1352402329053e-06    0.00012357352637249    1.6741325200798e-05    0.00013792694042181    2.0380664098596e-06    4.5206236333861e-05    0.00047669528805905    9.4314043312949e-06                      0                      0                      0    1.7618427605726e-06    5.4444578126756e-05    9.2005244018978e-06    5.5257492172167e-05    5.3228612095779e-07    9.1303691407418e-06    1.8695399412572e-05    2.7437148553133e-06         993.7587890625           6.2412109375                      0           2.6181640625                      0             68.5546875          23.0908203125                      0                      0           1.2177734375              0.0390625                      0                      0            33.69140625              0.7421875        860698.30175781        17429.119140625
                      0                    108                   1024                   1000     0.0012034397236365    7.5043515819218e-06    0.00010135094336317                      0    0.00017856030370567    0.00088413114743702    4.2370107173895e-06    3.3094580098592e-06    8.6040986113645e-06    1.0972283217114e-05    6.4784961306685e-07     5.236103515216e-07    4.9414063951758e-09    1.5442382625963e-06    2.9401352463765e-08    2.9833022274772e-08    3.5678688448115e-08                      0   -1.2573945369354e-06   -4.4210146707968e-06    4.4316411873524e-08     2.957421951777e-08    3.1414053580647e-08    1.5716802082011e-08    2.9888679975443e-08    8.7890583699846e-11    2.9296565173809e-11     7.750978525678e-08                      0                      0                      0    3.7299306772098e-06    0.00012194587987491    1.6434687502453e-05    0.00012578779688344    1.9299482465485e-06    4.3380833029794e-05     0.0004546627118831    9.6356533267894e-06                      0                      0                      0    1.6767333939072e-06    5.2787926754227e-05    8.6176181559594e-06    4.9293532227601e-05    5.1579100457388e-07     8.424703107579e-06    1.9649975596892e-05    2.7559062534266e-06         993.6611328125           6.3388671875                      0           2.7958984375                      0          71.7783203125           24.634765625                      0                      0             1.20703125           0.0361328125                      0                      0           30.892578125              0.8203125        859972.24414062          17078.4453125
                      0                    109                   1024                   1000     0.0011706640029292    7.4773281522056e-06     3.720659568085e-05                      0    0.00018156056250707      0.000914033749984    4.1251513538398e-06    3.4360703100589e-06    7.6717519439384e-06    1.0748911136282e-05    6.2773827469442e-07    4.8795703122551e-07    5.2246091897246e-09    1.6162451084156e-06    2.9596665562792e-08    2.9723624450639e-08    3.3538073651584e-08                      0   -1.2365478578857e-06   -4.2680576424203e-06    4.5094743050811e-08    2.9821325853163e-08    3.1021482271854e-08    1.5726555169238e-08    2.9583966387747e-08     6.835865207222e-11    2.9297453352228e-11    7.7868167025485e-08                      0                      0                      0    4.0811904202798e-06    0.00012101283005883    1.6005000986752e-05    0.00012478248242509    1.9398378983126e-06    4.3264211908145e-05    0.00048735222169061    9.3451142557655e-06                      0                      0                      0    1.6782207161725e-06    5.2008193369701e-05     8.503626947487e-06    4.9198357420011e-05    5.0235937454346e-07    8.3462714934868e-06    2.2854072255107e-05    2.7078085960142e-06          995.423828125            4.576171875                      0           2.1337890625                      0            20.80078125              4.9453125                      0                      0           1.2119140625              0.0390625                      0                      0             19.5078125            1.744140625         857503.6953125        16746.055664062
                      0                    110                   1024                   1000     0.0012266982861338    7.8206806568559e-06    5.6886080098906e-05                      0    0.00018580366991916    0.00094547958396163    4.0254560209618e-06    3.3736465052669e-06    7.4320693128627e-06    1.1180668934685e-05     6.313779126188e-07    4.8716406286786e-07    5.1757815811015e-09    1.7882168030781e-06    2.9391578060256e-08    2.9985355531892e-08    3.4507825041885e-08                      0   -1.1775507937628e-06   -4.5704960891513e-06    6.4981422021049e-08    2.9591763706094e-08    3.0893526847819e-08    1.5889635385236e-08     2.935547094296e-08    8.7890583699846e-11    2.9297453352228e-11    8.3363289604677e-08                      0                      0                      0    3.5611816358028e-06    0.00012075744825069    1.6052857431781e-05    0.00012464044337701    1.9153418300277e-06    4.4101347669745e-05    0.00051669119923758    9.9663368775538e-06                      0                      0                      0    1.7227099391448e-06    5.2734319324621e-05    8.6017470657396e-06    4.9478101572298e-05    5.4020117179476e-07     8.635488287112e-06    2.4601505865363e-05    2.5899013804676e-06          995.587890625            4.412109375                      0            2.060546875                      0           35.720703125          10.8310546875                      0                      0            1.205078125            0.033203125                      0                      0             23.1015625             1.73046875        854689.86425781        16329.995117188
                      0                    111                   1024                   1000     0.0012558102021831    7.5000556849503e-06    5.6032779285786e-05                      0    0.00019191421191511    0.00096943456834087    4.1629228588747e-06    3.3915341921542e-06    7.7769824491369e-06     1.102721385049e-05    6.3645116465949e-07    5.2646777337628e-07    5.0292969788757e-09    1.5851425709812e-06    2.9408213642057e-08    3.0228493486106e-08    3.4542972038309e-08                      0   -1.2105322282352e-06   -4.2901543357843e-06    4.4538087884405e-08    2.9414078284162e-08    3.1127919797314e-08    1.6352519338625e-08    2.9670893297862e-08    7.8125950153662e-11    2.9297453352228e-11    7.8417981441703e-08                      0                      0                      0    3.8484472515421e-06    0.00012105277344077    1.6148375009628e-05    0.00012588325389551    1.9930185573003e-06    4.4124164059411e-05    0.00054016176075145    9.4005556725563e-06                      0                      0                      0    1.7229511808381e-06    5.2685182624579e-05    8.7385380904692e-06    5.0801849603488e-05    5.2047753662521e-07    9.3177197193484e-06    2.7491385742984e-05    2.6556279211221e-06           994.88671875             5.11328125                      0             2.30859375                      0          35.1748046875             10.5703125                      0                      0                1.21875             0.04296875                      0                      0          24.9990234375            1.666015625        849655.64453125        17056.686523438
                      0                    112                   1024                   1000     0.0012586813515618    7.5720654404421e-06    5.0712342778425e-05                      0     0.0001890031904308    0.00098023090819233    4.2734501919384e-06    3.5454511895239e-06     8.046003911133e-06    1.0568198248961e-05    6.1952244934105e-07     5.027021483528e-07    4.8925778983744e-09    1.7693574072553e-06    2.9791012323699e-08    2.9814462010336e-08    3.3150389100456e-08                      0   -1.1786210993847e-06   -4.4637783398471e-06    4.4939461929516e-08    2.9918948207808e-08    3.1411135914539e-08    1.5763665928148e-08    2.9450207605919e-08    8.8866691783096e-11    2.9297453352228e-11    7.8142591064534e-08                      0                      0                      0    3.6795117335231e-06    0.00012250862403551    1.5892662125871e-05    0.00012541335451299    1.8749560810605e-06     4.392736233072e-05    0.00055416096189198    9.7313603468763e-06                      0                      0                      0    1.7926962856407e-06    5.3767614266675e-05    8.5990253824164e-06    4.9883060543543e-05    5.1539745449247e-07    8.0874804790909e-06    2.8593845692093e-05    2.6292578318987e-06           993.99609375             6.00390625                      0           2.6240234375                      0          29.4599609375               8.390625                      0                      0           1.2060546875            0.033203125                      0                      0           28.169921875            1.072265625        838429.54980469        20886.900390625
                      0                    113                   1024                   1000      0.001292554825187     7.656130867062e-06    5.5117779307778e-05                      0    0.00019189798437402      0.001007276455069    3.8530927692904e-06    3.3588867243139e-06    7.7448828230686e-06    1.1056251949526e-05    6.5668165571964e-07    4.9277050795382e-07    5.2158206642616e-09     1.735287119331e-06    2.9111323129882e-08    2.9492197128889e-08    4.7454096652189e-08                      0   -1.2951035142095e-06    -4.485678709365e-06    4.4510742647219e-08    2.9407215329513e-08    3.1401388156382e-08    1.6232418964535e-08    2.9739268825324e-08    7.8124173796823e-11    3.0273561435479e-11    7.8440430151261e-08                      0                      0                      0    3.6899629050069e-06    0.00012106304493198    1.5655788101476e-05    0.00013304230956468    2.0447949182767e-06    4.8931930658469e-05    0.00054649733398016    9.7764863200567e-06                      0                      0                      0        1.711258796e-06    5.2810360349653e-05    8.4717646400279e-06    5.3242616209204e-05    5.5133789178541e-07    8.9878261784193e-06    2.1081258791966e-05    2.8532831981565e-06         995.4541015625           4.5458984375                      0               2.109375                      0          35.0615234375            10.18359375                      0                      0              1.2109375              0.0390625                      0                      0           22.119140625            1.669921875        829873.80664062        22639.158203125
                      0                    114                   1024                   1000     0.0013657569013601    7.7277890664362e-06    5.1421640617555e-05                      0    0.00019652473438114     0.0010785939150626    3.8936679800372e-06    3.3534150354342e-06    7.9847636866859e-06    1.1653711913695e-05    6.1586717148288e-07    6.2547460899509e-07    4.9999995255234e-09    1.5752275395187e-06    2.9636725074056e-08    2.9688454361576e-08    3.5122051045278e-08                      0   -1.2673437481681e-06   -4.4356278934288e-06    4.4336909255094e-08    2.9494148456877e-08    3.0756850399882e-08    1.5649412432595e-08    2.9352529296034e-08    1.5625012395049e-10    2.9296565173809e-11    7.6378942281963e-08                      0                      0                      0    3.8601005938332e-06    0.00012248481149335    1.5984051758622e-05    0.00015077017967169    2.2746562731157e-06    5.5651022470293e-05    0.00055863717283788    9.6890898291235e-06                      0                      0                      0    1.8159189485445e-06    5.3087576175059e-05     8.648897463992e-06    5.8864604490338e-05    6.2976367320999e-07    9.7693681748723e-06     9.998044916415e-06    2.7759355560875e-06         995.6611328125           4.3388671875                      0           2.0341796875                      0          31.0634765625              8.6015625                      0                      0           1.2119140625             0.03515625                      0                      0             21.1015625             1.85546875        827635.79492188        23582.962890625
                      0                    115                   1024                   1000     0.0013067601806496    7.6457031426003e-06    4.2289196295009e-05                      0    0.00019337776171557       0.00103183062207    3.8561396609182e-06    3.3252763556035e-06    8.0094375078943e-06    1.1501561517413e-05    6.6031153078683e-07    5.6890136868049e-07    5.3027342516998e-09    1.5585400623408e-06    2.9346683305675e-08    2.9587889471827e-08    3.3735349624919e-08                      0   -1.3210820579701e-06   -4.1864589794827e-06    4.4383774877588e-08    2.9531251222181e-08    3.0275391971202e-08    1.5640631900737e-08    2.9135736490105e-08    8.7890583699846e-11    2.9296565173809e-11    7.5517565534255e-08                      0                      0                      0    3.9901064594616e-06    0.00012079318942693    1.6056400382602e-05    0.00014640442774194    2.2026923822693e-06    5.4204629875265e-05    0.00051939390821154    9.1765722700643e-06                      0                      0                      0    1.8395986467468e-06    5.2104433593492e-05    8.5197939396764e-06    5.7519079088131e-05    6.0054785233632e-07    9.3681679853574e-06     9.865047839952e-06    2.8775215055177e-06         994.1962890625           5.8037109375                      0             2.77734375                      0          25.3154296875           6.9228515625                      0                      0           1.2099609375           0.0380859375                      0                      0          24.5869140625             1.82421875        825561.47265625        23022.958007812
                      0                    116                   1024                   1000     0.0013689307499982    7.5156699157475e-06    9.3122686513958e-05                      0    0.00019435158691472     0.0010420395165918    3.9899609580729e-06    3.3252558511165e-06    8.3862920110533e-06    1.1461669921609e-05    7.5368163532374e-07    5.1154589897351e-07    4.9501958088172e-09    1.5490624853953e-06    2.9183599536964e-08    2.9538071544266e-08    3.7754877446616e-08                      0    -1.290179683977e-06   -4.2262138792992e-06    4.4193386727898e-08    3.0416964946767e-08    3.0844721443657e-08    1.5771478345528e-08    2.9313491189953e-08     6.835954025064e-11    2.9297453352228e-11    7.5532263998923e-08                      0                      0                      0    3.8340068373444e-06    0.00012046981444236    1.6304691412117e-05    0.00014799135156096    2.0521650263561e-06    5.1685599633977e-05     0.0005290442968553    9.3554169877663e-06                      0                      0                      0    1.7503076206182e-06    5.2581803717366e-05    8.6688437459514e-06    5.7494899415644e-05    5.9123633544544e-07    9.1588232455919e-06    1.0062430658486e-05    2.8156523486089e-06         994.4306640625           5.5693359375                      0           2.3544921875                      0           62.330078125          20.5791015625                      0                      0            1.208984375           0.0361328125                      0                      0           31.314453125              0.9609375        824435.76171875        22517.057617188
                      0                    117                   1024                   1000      0.001383119359371    7.1732041284633e-06    8.4046282235128e-05                      0     0.0001947280605501     0.0010654755937605    4.2403535100988e-06    3.3777900299015e-06    8.1925293002882e-06    1.1444470700894e-05    6.2690430358003e-07    4.8190917922852e-07     4.960937438625e-09    1.4879159939696e-06    2.9429688908067e-08    2.9463878448155e-08    3.5310524282295e-08                      0   -1.2077099844632e-06   -4.0691445049035e-06    4.4482423966485e-08    2.9440452742335e-08    3.0849611754036e-08    1.5581041346024e-08    2.9060526429703e-08    9.7656105424448e-11    2.9297453352228e-11    7.5778350705491e-08                      0                      0                      0    3.9895713044302e-06    0.00012109893652568    1.5732844718563e-05     0.0001476488202794     2.152153325774e-06     5.126586620996e-05    0.00055432285153678    8.9356992090117e-06                      0                      0                      0    1.7249179613543e-06      5.26139082071e-05    8.4026415967386e-06    5.7342567385099e-05    5.9024414778008e-07     9.279865247791e-06    1.0665983379177e-05    2.6468281442149e-06           994.01953125             5.98046875                      0           2.5224609375                      0           55.603515625            18.27734375                      0                      0           1.2158203125              0.0390625                      0                      0            34.10546875            0.986328125        828670.36035156            20797.34375
                      0                    118                   1024                   1000     0.0013601938915864    7.4282382955815e-06    3.9933900397138e-05                      0    0.00019379780371409     0.0010881943144536    3.9213017579698e-06    3.2960917950575e-06     7.300927733489e-06    1.1554346688314e-05    6.2981836990161e-07    6.4928906251538e-07    2.3432617624053e-08    1.5925488208168e-06    2.9392574596443e-08    2.9507798871009e-08    4.8533189023203e-08                      0   -1.2450498036998e-06   -4.2292597628446e-06    4.4173811275527e-08    2.9358401931745e-08     3.144922988696e-08    1.5644518569502e-08    2.8980453592453e-08    9.7656993602868e-11    5.8593130347617e-11    7.5980472580284e-08                      0                      0                      0    4.1503554477629e-06    0.00012156273632424    1.5929119152602e-05    0.00015106668362996    2.1022890290823e-06    5.1712139645055e-05    0.00057212830272224    9.2785185579203e-06                      0                      0                      0    1.8389345761705e-06    5.2223944348562e-05    8.6116875124276e-06    5.8065470701862e-05    6.1668748596588e-07    9.0863056598778e-06    1.0217280271618e-05    2.7302646445904e-06         995.8818359375           4.1181640625                      0                      2                      0           23.443359375            5.916015625                      0                      0           1.2099609375           0.0380859375                      0                      0           18.232421875              2.0859375        834051.35351562        18723.353515625
                      0                    119                   1024                   1000     0.0013616298085912    7.0252607331511e-06    9.0094462881218e-05                      0    0.00019329710156413     0.0010398413828208    4.1084824138338e-06    3.2804794800612e-06    8.1456709004613e-06    1.1224355462858e-05    6.1920997129761e-07     4.891210929614e-07    5.0087889391648e-09    1.5497617464888e-06    2.9094729292467e-08     2.938475862635e-08     3.622853839147e-08                      0   -1.2606865560372e-06   -4.3124657764793e-06    4.4216818650966e-08    2.9688465907896e-08    3.0518542359914e-08    1.5332036085169e-08    2.9167956050458e-08    7.9102058236913e-11    2.9296565173809e-11    7.5087892348336e-08                      0                      0                      0    3.9346171529786e-06    0.00011702592091556    1.5766206051815e-05    0.00014618345214945    2.1457773549116e-06    5.0848530273484e-05      0.000534509914071    9.4843915690035e-06                      0                      0                      0    1.6088876950704e-06    5.1853141593838e-05    8.6068212850066e-06    5.7650619152305e-05    5.9140137054214e-07    9.0190156258885e-06    9.9450702979453e-06    2.7501201360636e-06         994.1279296875           5.8720703125                      0           2.5751953125                      0             62.3046875           20.607421875                      0                      0             1.20703125             0.03515625                      0                      0           32.759765625            1.099609375        830427.43261719         20006.11328125
                      0                    120                   1024                   1000     0.0013625659345626    7.1437578084144e-06    5.3599747072752e-05                      0    0.00019470211034278     0.0010760544892356    3.9296123013344e-06    3.3579208968959e-06    7.6844667935561e-06    1.1375017590964e-05    6.5158203721438e-07    7.2132910222678e-07    5.3525388565845e-09    1.5100009589375e-06    2.9275403434781e-08    2.9258792721976e-08    3.5509752471796e-08                      0   -1.2483896414395e-06   -4.2104189761361e-06    4.4385733311003e-08    2.9368185217038e-08    3.0896512015488e-08     1.566502838557e-08    2.9166986159623e-08    1.1718626069523e-10    3.9062086898412e-11    7.6157251172049e-08                      0                      0                      0    4.0482919994034e-06    0.00012087584667775    1.5713948243068e-05     0.0001496798369276    2.3355566760586e-06    5.2738833966615e-05    0.00055992664843529    9.2159794791158e-06                      0                      0                      0    1.8793369145342e-06    5.2939224620019e-05    8.5508310485594e-06    5.7959832025389e-05     6.187529324464e-07    9.2625429735094e-06    9.8712089942055e-06    2.7349404279065e-06            995.5078125              4.4921875                      0            2.130859375                      0           34.408203125          10.0185546875                      0                      0           1.2119140625              0.0390625                      0                      0          22.0751953125            1.865234375        837810.57910156         16748.00390625
                      0                    121                   1024                   1000     0.0013068726943244    7.2794394556652e-06    4.7422628917992e-05                      0    0.00019148123340962     0.0010292811015757    4.0048378808777e-06     3.245252935713e-06     7.966556641037e-06    1.1275331055494e-05     6.772646345965e-07    6.4237109320686e-07     5.557616589158e-09    1.5374785027333e-06    2.9297838821662e-08    2.9664094292059e-08    3.5440428369782e-08                      0   -1.2762245642506e-06   -4.0874189135565e-06    6.9966796800713e-08    2.9386704625267e-08    3.0365237435603e-08    1.5434578948259e-08    2.8949215469254e-08    1.2695355877668e-10    2.9296565173809e-11    7.5309574576465e-08                      0                      0                      0    3.9749843860903e-06      0.000118914280268    1.6064951175565e-05    0.00014159367479305     2.100770505109e-06    5.0904705100052e-05    0.00053588424901641    8.9753290817285e-06                      0                      0                      0    1.8099013461281e-06    5.2673536124814e-05    8.6199648423602e-06    5.6341009770478e-05    6.1245997606818e-07    9.4548955180684e-06      1.00980312423e-05    2.7895683398782e-06          994.693359375            5.306640625                      0           2.3857421875                      0          28.2548828125           8.0908203125                      0                      0           1.2060546875             0.03515625                      0                      0            22.74609375              1.2421875        837096.83789062        16110.405273438
                      0                    122                   1024                   1000      0.001370163357433    8.0555849644171e-06    6.2345426770527e-05                      0    0.00020175303321412     0.0010638759521582    4.2042861343461e-06    3.5937441360545e-06    9.1935761741269e-06    1.1875037104758e-05    7.1575879889707e-07    6.4523730447519e-07    5.3623043783091e-09    1.7183955494104e-06    3.0050781418822e-08    3.0243175075384e-08    3.5165999001663e-08                      0   -1.4307929694368e-06   -4.2815585956646e-06    4.4605482862892e-08    2.9696312964234e-08    3.2774429392646e-08    1.6102535305151e-08    4.9832993731513e-08    1.2695355877668e-10    2.9297453352228e-11    7.8173814976878e-08                      0                      0                      0    4.6972646341459e-06    0.00012433304395199    1.6490905288435e-05    0.00015013523828955      2.24064742671e-06    5.1632570319704e-05    0.00054932249902429    9.4300683564086e-06                      0                      0                      0    1.9578622927341e-06    5.5569570298175e-05    9.4495761642222e-06    5.8359492184579e-05    6.2991210469932e-07    9.3213857441654e-06    1.1575847648437e-05    3.1056796876427e-06         994.1962890625           5.8037109375                      0              2.5859375                      0          36.8037109375           10.857421875                      0                      0           1.2197265625           0.0419921875                      0                      0          26.8583984375              1.2265625        835431.58007812        16911.301757812
                      0                    123                   1024                   1000     0.0013877003730345    7.3928408195201e-06    9.7500651370375e-05                      0    0.00019670905858415     0.0010535004414223    4.1495771210265e-06    3.4309872880556e-06    8.2581249980507e-06    1.2001604497769e-05    6.7593261210419e-07    5.0323046885126e-07    4.9023443082774e-09    1.5866699074607e-06    3.0083000979175e-08     2.986330560617e-08    3.6064454533857e-08                      0   -1.3384834289809e-06   -4.1714472862608e-06    4.4786153452492e-08    2.9560535352857e-08    3.1145500400953e-08    1.5841796319194e-08    2.9538095525083e-08    7.8125061975243e-11    2.9296565173809e-11    7.6244154101346e-08                      0                      0                      0    4.2085097433642e-06    0.00012228601073705     1.562337986627e-05    0.00014757419432687    2.2371845886937e-06    5.1634438478665e-05    0.00054418466894823    9.1542695397351e-06                      0                      0                      0    1.7720458842518e-06    5.3261532240612e-05     8.665302732247e-06    5.7968359386429e-05    5.9718750300419e-07    9.1586298758273e-06    1.1531835937717e-05    2.9108906280939e-06         994.7646484375           5.2353515625                      0            2.146484375                      0           66.162109375                 22.375                      0                      0           1.2060546875            0.033203125                      0                      0           29.236328125               0.734375        827408.33007812         20110.05859375
                      0                    124                   1024                   1000     0.0014105023349682     8.123127940074e-06    9.3526500958063e-05                      0    0.00020253461522746     0.0010719802021608    4.2851230572793e-06     3.405159160863e-06    8.9825537337163e-06    1.2363874024146e-05    6.4368165553219e-07     4.997460942846e-07    4.9306638771895e-09    2.0174814627794e-06    2.9454101380111e-08    3.0131825035085e-08    3.5667984121801e-08                      0   -1.3416709121472e-06   -4.3393349171694e-06    4.4799807419338e-08    2.9927736733271e-08      3.15898613934e-08     1.629590862251e-08    2.9250967870098e-08    7.8124173796823e-11    2.9297453352228e-11    7.8639652123513e-08                      0                      0                      0    4.0252119086759e-06    0.00012510199510452    1.6683314466803e-05    0.00015068073535485    2.3175175627443e-06    5.3017911129771e-05    0.00055176389454292    9.6388007602144e-06                      0                      0                      0    2.1945859423056e-06     5.470394335827e-05    9.3127402323034e-06    5.8814856429557e-05    6.5362304724204e-07    9.8875673790744e-06    1.2928884767227e-05    2.9678085899931e-06          994.642578125            5.357421875                      0           2.2783203125                      0          61.6748046875          20.2216796875                      0                      0           1.2158203125           0.0400390625                      0                      0          28.8935546875                 0.8125        826118.57714844        21094.752929688
                      0                    125                   1024                   1000     0.0012128543818202    7.6843320355735e-06    5.1428195307679e-05                      0    0.00018564633007578    0.00093622229687895     4.103121107768e-06    3.3143056512586e-06    8.4977705068212e-06    1.1339750972006e-05    6.4305958247246e-07    5.2965722652232e-07    5.0292969788757e-09    1.5825351589172e-06    2.9582021277008e-08    2.9805664603089e-08     3.486719091228e-08                      0   -1.2148183827776e-06   -4.0433046804011e-06     4.445609569359e-08    2.9542970736429e-08    3.0584007326695e-08    1.5827166244264e-08    2.9281246760604e-08    7.8125061975243e-11    2.9296565173809e-11    7.6835958928712e-08                      0                      0                      0    4.0506679779284e-06    0.00012083288673281    1.5874614266664e-05    0.00013716386134099    2.1098173714762e-06    5.0658791013625e-05    0.00046281985156593    8.8938984248443e-06                      0                      0                      0    1.7017529438945e-06    5.2233481440567e-05    8.6421435376849e-06    5.2572375968118e-05    5.8669334990213e-07    8.9483857301786e-06    1.2832972665855e-05    2.6597246209903e-06          994.455078125            5.544921875                      0           2.6123046875                      0           32.068359375             9.44921875                      0                      0             1.20703125           0.0341796875                      0                      0          26.3095703125             1.67578125        833223.68359375           18031.671875
                      0                    126                   1024                   1000       0.00118821839063    7.2894843672344e-06    8.8584663087588e-05                      0    0.00018198940332859    0.00087910816210446    4.0658154452089e-06    3.4335986045519e-06    8.2960165963541e-06    1.0871208018237e-05      6.61739265162e-07    5.3027441371256e-07    5.0087898273432e-09     1.610050774481e-06    2.9788051136848e-08    2.9822276204072e-08    3.5461900971256e-08                      0   -1.2862734237729e-06   -4.1586972496788e-06    4.4586928815704e-08    2.9960914638139e-08    3.1718765391986e-08    1.6149431125712e-08    2.9309574323122e-08    7.8124173796823e-11    2.9296565173809e-11    7.7464859415954e-08                      0                      0                      0    4.0439911952461e-06    0.00012177828711657    1.5847641597233e-05    0.00013002275293772    2.0566171947678e-06    5.0991290041047e-05    0.00042505610644739    9.1111582145587e-06                      0                      0                      0    1.8514570419015e-06    5.3234732427576e-05    8.8792402346272e-06    5.1187182621426e-05    5.9701173515947e-07    8.7259482475233e-06    1.3249289055217e-05    2.8003017460421e-06          994.509765625            5.490234375                      0            2.302734375                      0          59.0966796875           19.291015625                      0                      0           1.2099609375           0.0380859375                      0                      0           29.865234375            0.935546875        824395.54296875        20175.521484375
                      0                    127                   1024                   1000     0.0011635872314386    7.6992587834113e-06    7.6450815418738e-05                      0    0.00017666884667911    0.00087047046777489    4.5831728696655e-06    3.3235742247228e-06    8.0648027278585e-06    1.1478875975079e-05    6.2372167253244e-07     6.343818359511e-07        5.214843668e-09    1.7021543055051e-06    2.9665019773972e-08    2.9772470711009e-08    3.5916989382656e-08                      0   -1.2262871047497e-06   -4.5799668164648e-06    4.4704088431047e-08    2.9692388103797e-08    3.1550760226651e-08    1.6030271332568e-08    2.9299800807792e-08    2.8417890263199e-10    2.9297453352228e-11    7.9143541498183e-08                      0                      0                      0    3.8979638601333e-06    0.00012145156247634    1.6287610358212e-05    0.00012116632911763    2.2348349499879e-06    4.9601312523073e-05    0.00045815219041323    9.9885693352064e-06                      0                      0                      0    1.7779228569381e-06    5.3611875985737e-05    8.8335586081456e-06    4.6999958987826e-05    6.4124119703024e-07    8.9621777332738e-06    2.0730195312346e-05     2.678857419447e-06         995.2744140625           4.7255859375                      0            2.146484375                      0            51.51953125             16.2734375                      0                      0           1.2138671875           0.0361328125                      0                      0          25.9091796875             1.45703125        831834.61621094        18300.065429688
                      0                    128                   1024                   1000     0.0012381463945186    7.8030039079025e-06    0.00013141378222592                      0    0.00017647059962478    0.00088807881149844    4.3650107555138e-06    3.4443798808681e-06    9.5430400417484e-06    1.1568845699195e-05    6.4618260608995e-07    8.2473828122431e-07    5.4990234588104e-09    1.7440849511274e-06    3.2400393479293e-08    2.9978520110774e-08    3.9699210141464e-08                      0   -1.2593007872042e-06   -4.2658643231164e-06    4.5032219730956e-08    3.0140613560548e-08    3.3559574674769e-08     1.692673290421e-08    2.9550769831133e-08    1.1718714887365e-10    2.9296565173809e-11    8.0617201803079e-08                      0                      0                      0     3.843241193735e-06    0.00012162927539894    1.6481505842769e-05    0.00011058651170792    1.9355507863139e-06    4.3218073252582e-05    0.00051297408200845     9.381246106166e-06                      0                      0                      0    2.1340068245834e-06    5.5038214845204e-05    8.6929658262846e-06    4.4997298833671e-05    5.5591308001368e-07    8.9510644487589e-06    3.0484579096601e-05    2.7620507934145e-06          994.490234375            5.509765625                      0           2.1416015625                      0          88.0830078125          30.2197265625                      0                      0           1.2255859375            0.037109375                      0                      0          38.0966796875            0.572265625        833693.04199219        18011.201171875
                      0                    129                   1024                   1000     0.0012890728867196    9.2207724762261e-06    0.00013790852930473                      0    0.00017842700098925    0.00092478211032443    6.4870986369314e-06    3.8662207018092e-06     9.840526363547e-06    1.2714491204768e-05    6.9957226944695e-07    8.1429394516164e-07    5.7236331230115e-09    1.8771552685592e-06    3.0645508353189e-08    3.0583999333089e-08    3.9785166272566e-08                      0   -1.2432421705455e-06   -5.4115526983978e-06    4.6098644013171e-08    3.0794944372303e-08    3.5105488294107e-08    1.6719717166325e-08    2.9873038265293e-08     1.953122108489e-10    3.9062975076831e-11     8.459475520084e-08                      0                      0                      0    4.0203642477366e-06    0.00013596226074064    1.8481289073335e-05    0.00011221371486592    2.1323837930964e-06    4.4303030277248e-05    0.00053440370508184    1.1844675768202e-05                      0                      0                      0    2.5808330281762e-06    5.6009447264138e-05    9.6886503824223e-06    4.5967669906055e-05    6.0650585531619e-07    9.6487578007398e-06    3.1246543958474e-05    2.7572910097362e-06         994.3173828125           5.6826171875                      0           2.2861328125                      0          85.6611328125          29.4345703125                      0                      0           1.2158203125           0.0380859375                      0                      0          38.1533203125            0.732421875        839893.67578125        15986.544921875
                      0                    130                   1024                   1000     0.0012607610263622     8.902254880816e-06    7.9398931654318e-05                      0     0.0001937030410204    0.00094313969044091    4.5067392573372e-06    3.8089677500963e-06    8.8763388754742e-06    1.2926101564226e-05    6.8382421680724e-07    5.6620019517339e-07    5.4794924153612e-09    1.9039638416984e-06    2.9787099009582e-08    4.9652335576411e-08    3.4809578330908e-08                      0   -1.4926142535288e-06     -4.86398925581e-06     4.530759589727e-08    3.0009759122152e-08     3.361619871356e-08    1.6084956477869e-08    2.9627918785025e-08    7.8125950153662e-11    2.9296565173809e-11    8.0765624410617e-08                      0                      0                      0    3.7351972537181e-06       0.00012466345897    1.7156957020426e-05     0.0001233231982205    2.1613232510376e-06    4.4049523457268e-05    0.00052427397262456    1.0652047858883e-05                      0                      0                      0    1.9393330248363e-06    5.4963397455587e-05    1.0043325190168e-05    5.0701605464276e-05    5.9415429376486e-07     1.017768750522e-05    2.8358462878408e-05    3.2490634840343e-06          994.533203125            5.466796875                      0           2.2431640625                      0            48.29296875             15.4453125                      0                      0             1.20703125                0.03125                      0                      0           26.908203125             0.92578125        846092.42285156               14394.75
                      0                    131                   1024                   1000     0.0012641837226575    8.8077304774004e-06    0.00010942542967296                      0    0.00018504041015976    0.00092533887206248    4.5538457076333e-06    3.4372392594406e-06     9.839560560998e-06    1.2518553710095e-05    6.6786033681154e-07    6.1870214906889e-07     6.281250186646e-09    1.8665498160431e-06    3.0232416570186e-08    2.9848639115926e-08    3.6815429815817e-08                      0   -1.3095703081945e-06   -4.6050039728129e-06    4.4878919247537e-08    2.9722674987909e-08    3.3184561765154e-08    1.5975590628159e-08    2.9695315539868e-08    8.7889695521426e-11    3.9062975076831e-11    8.0628932863647e-08                      0                      0                      0    3.8697197277671e-06    0.00012380996484218    1.7893891628873e-05    0.00012116653417582    2.0466806489594e-06    4.2986734385408e-05    0.00051132893262462    1.0110805712671e-05                      0                      0                      0    1.8251806617187e-06    5.3071492180479e-05     9.461469725025e-06    4.8817006844892e-05    5.6131348458166e-07    9.5025380710823e-06    2.6566167003139e-05    2.8845585999804e-06          994.123046875            5.876953125                      0           2.3662109375                      0           67.228515625          22.4365234375                      0                      0           1.2060546875            0.037109375                      0                      0            33.23828125              0.8828125        849836.62597656        13848.098632812
                      0                    132                   1024                   1000     0.0011519232500126    7.9968066346581e-06    9.0828516611019e-05                      0    0.00017493407129265     0.0008441055879107    4.6158427977616e-06    3.4934785171359e-06    9.1174384753145e-06    1.1770138668155e-05    7.0657519390949e-07    5.1055859362492e-07     5.038086392517e-09    1.7935117506696e-06    2.9712877491761e-08     2.987014013911e-08     3.596875597367e-08                      0   -1.1845126808296e-06   -4.5939326280831e-06     4.461327929306e-08     2.974414936574e-08    3.2529298366057e-08     1.592577714149e-08    2.9388689704035e-08    7.8124173796823e-11    2.9296565173809e-11    8.0085928111373e-08                      0                      0                      0    4.0113154389232e-06    0.00012167553514164     1.672613477588e-05     0.0001157233144502    2.1288066376357e-06    4.3314082025958e-05    0.00045374615725891    1.0044684566779e-05                      0                      0                      0    1.7508076037842e-06    5.4986978520688e-05    8.9442236239634e-06    4.6844376949018e-05    5.4476855915198e-07    9.1442636618311e-06    2.2941727548798e-05    2.6244755861882e-06           994.84765625             5.15234375                      0               2.140625                      0          59.0986328125          20.2177734375                      0                      0           1.2099609375           0.0361328125                      0                      0            27.22265625            0.908203125        850630.10839844        14219.154296875
                      0                    133                   1024                   1000      0.001156282490248    9.0623125128531e-06    8.8525792993899e-05                      0    0.00017759858496902    0.00084342468649723    4.8193984394374e-06     3.616484386626e-06    9.9815185503616e-06    1.3750346676389e-05    7.1447461547081e-07    6.3057226551422e-07    5.4501958501874e-09    2.0315361268786e-06    3.0112298432527e-08    5.8872086761141e-08    3.6415980453341e-08                      0   -1.6472285135904e-06   -5.1306083834746e-06    4.5460964770427e-08    3.0074189361073e-08    3.4741218790657e-08    1.7308583899478e-08    2.9637682530392e-08    1.3671819232286e-10    3.9062086898412e-11    8.3430672148666e-08                      0                      0                      0    4.0225888673362e-06    0.00013133834864387    1.8167181619511e-05    0.00011982201755334    2.2694941446133e-06    4.7026741199829e-05    0.00043754067481938    1.1309495103973e-05                      0                      0                      0    1.9217607452049e-06    5.6299515619251e-05    9.7623535131319e-06    4.8919683586668e-05    5.7829883015614e-07    9.7864433721284e-06    2.1861895494801e-05    3.5740459001232e-06             995.078125               4.921875                      0           2.1103515625                      0          52.3349609375           17.166015625                      0                      0            1.201171875             0.03515625                      0                      0            27.53515625              1.1640625        849363.65234375        14838.119140625
                      0                    134                   1024                   1000      0.001032177142581    8.3844316236537e-06    6.6535373035137e-05                      0    0.00015963131641072    0.00076320720605327    4.1469248079906e-06    3.5592216907077e-06    8.6059228747715e-06    1.2480987314767e-05    8.6204199689632e-07    5.2679980466763e-07     5.028319982614e-09    2.0773867426271e-06     3.068748011259e-08    3.0384771143588e-08    3.5505864026675e-08                      0   -1.1911542694421e-06   -4.2993202988839e-06    4.5690425665157e-08    4.6541984488613e-08    3.4066382603726e-08    1.6527351043294e-08     2.961033551685e-08    7.8124173796823e-11    2.9296565173809e-11    7.9589809409697e-08                      0                      0                      0     3.935196279059e-06    0.00012655219237878    1.7353429693223e-05    0.00010618298337928    2.0353339689194e-06    4.2591197274788e-05    0.00040897869335854     9.638664046463e-06                      0                      0                      0    1.8204531349042e-06    5.5724366225363e-05     9.780419920169e-06    4.3858320314172e-05    5.2422461926938e-07    9.3218544892082e-06    2.1920511730222e-05    2.6889540771791e-06             995.265625               4.734375                      0            2.177734375                      0           38.107421875          11.2197265625                      0                      0           1.2119140625           0.0380859375                      0                      0          25.0751953125            1.568359375        857400.59570312        12663.444335938
                      0                    135                   1024                   1000    0.00094129228417295    8.0730214868652e-06    4.3004476570019e-05                      0    0.00015656260547292    0.00070200789649366    4.1960527319418e-06    3.5451699202937e-06    7.8328359327529e-06    1.1493245103189e-05    6.2262599431762e-07     4.959306636465e-07    5.4882809408241e-09    1.6258837884919e-06    2.9645497612307e-08    3.0188469501979e-08    3.2502918578814e-08                      0   -1.1760234190916e-06   -4.2218593803156e-06    4.5093748290981e-08    2.9715820026865e-08    3.1798840005592e-08    1.6343745024017e-08    2.9479502394736e-08    7.8125061975243e-11    2.9297453352228e-11    6.4774442698479e-08                      0                      0                      0    3.5493740107029e-06    0.00012066278319711    1.5839293928899e-05    9.7233080088799e-05    1.9787997995735e-06    3.4553349585131e-05    0.00038576948144708    9.2133916043124e-06                      0                      0                      0     1.612504893167e-06    5.3620843756264e-05    8.7490742179952e-06     4.098043847911e-05    4.3362011403758e-07    8.3745996013462e-06    3.0560900390775e-05    2.5800722518454e-06         993.8115234375           6.1884765625                      0            2.888671875                      0          24.5478515625           6.2255859375                      0                      0             1.19921875           0.0322265625                      0                      0          24.5576171875                 1.6875        865243.44335938        10960.486328125
                      0                    136                   1024                   1000     0.0010035936835928     8.580274434955e-06    9.8338462898973e-05                      0    0.00016119900292377    0.00070028014946377    4.2893515930231e-06    3.6373388789812e-06    9.5871953060822e-06    1.2376842777329e-05    7.8273242287707e-07    5.0452050803784e-07    6.3789062920705e-09    1.8638652505842e-06    4.4809564947457e-08    3.0978525522585e-08    3.7805664376833e-08                      0   -1.3729365306858e-06   -4.4915390180478e-06    4.5559539252338e-08    3.1021481383675e-08    3.3760747975009e-08    1.7039068822555e-08     2.968847478968e-08     6.835954025064e-11    2.9296565173809e-11    7.1874031171149e-08                      0                      0                      0    4.7352099441511e-06    0.00012464318065675    1.7089395500491e-05    9.9902057615786e-05    1.8867783211363e-06    3.4505474626023e-05    0.00037437686132069    9.8503467009792e-06                      0                      0                      0    1.7365703435246e-06    5.5198113266819e-05    9.6530634676739e-06    4.2083877925592e-05    4.8415332365437e-07    8.7535214801093e-06    3.1227814464074e-05    3.0110312581044e-06           994.45703125             5.54296875                      0           2.2587890625                      0            64.12109375          21.4775390625                      0                      0           1.2119140625              0.0390625                      0                      0            31.15234375             1.00390625        864823.93847656         11410.51171875
                      0                    137                   1024                   1000    0.00097406764158503     8.210137692366e-06    8.2459301760984e-05                      0    0.00016082261132766    0.00068784692676971    4.3458671772356e-06    4.1759882893899e-06    9.5367666084201e-06    1.1571129885368e-05    6.9898143983949e-07    5.0842480447955e-07    8.4248048537461e-09    1.8270146577848e-06    3.1184545612462e-08    3.0420888919025e-08    3.8634762944412e-08                      0   -1.2655126928607e-06   -4.5403076018857e-06    4.6418948684845e-08    3.0320318700205e-08    3.3356453599254e-08    1.6680656855783e-08    2.9875972806792e-08    8.7890583699846e-11    3.0273561435479e-11    6.8221663873658e-08                      0                      0                      0    4.0360195230349e-06    0.00012731120313614    1.7228083982523e-05    0.00010264069922794     1.782847649956e-06    3.4963982417757e-05    0.00035727656641438    9.9135029349995e-06                      0                      0                      0      1.97365624377e-06    5.4598613282941e-05    9.5002724664894e-06     4.443274511523e-05    5.0861035294503e-07    9.3353086034753e-06    2.8882103524808e-05    2.7945058498346e-06         994.2607421875           5.7392578125                      0            2.494140625                      0          48.3955078125          15.5205078125                      0                      0            1.201171875           0.0341796875                      0                      0            29.49609375           1.5888671875        863729.11328125        11764.815429688
                      0                    138                   1024                   1000    0.00092270246190385    8.6242724526286e-06    5.8783247065541e-05                      0    0.00016142715039891    0.00066038639941102    4.1684365266192e-06     3.626022464509e-06    8.6916132735482e-06    1.1877913093095e-05    6.8276659970223e-07    4.8516796891107e-07    6.0175784355465e-09     1.805999979787e-06    3.0050764543432e-08    3.0918956284154e-08    3.4474597399026e-08                      0   -1.2783144676121e-06   -4.9370107371161e-06    4.5568389062112e-08    3.0236322778876e-08    3.3305664004502e-08    1.6921881673682e-08     3.009571170054e-08    8.7890583699846e-11    2.9297453352228e-11     7.009471136854e-08                      0                      0                      0    3.8127636710072e-06    0.00012808605468084    1.6561743166221e-05    0.00010169194724963    1.9705868838926e-06    3.6081908199037e-05    0.00032848612599778    1.0710735353747e-05                      0                      0                      0    2.0892802767847e-06      5.69123291152e-05    9.8635722691753e-06    4.4132462872604e-05    4.6285449428751e-07    9.3440185606752e-06    2.6561231441846e-05    2.8220263770251e-06           994.99609375             5.00390625                      0              2.2109375                      0             35.1015625            10.79296875                      0                      0           1.2041015625             0.03515625                      0                      0              23.859375            1.185546875        864052.91601562        11582.439453125
                      0                    139                   1024                   1000    0.00093367883886675    8.6972831665477e-06     6.514161619986e-05                      0    0.00015838462889839    0.00066647056249991    4.2503632879942e-06    4.0474882858632e-06     9.284596670156e-06     1.165177734741e-05    6.8716797319013e-07    1.0583505867245e-06    6.3691407703459e-09    1.8444511660221e-06    3.0530284078623e-08    3.0767556502553e-08    3.9057606038284e-08                      0   -1.2330781267167e-06   -4.6302792915398e-06    4.5672842396982e-08    3.2180655473724e-08    3.4876937782258e-08    1.6672871971934e-08    5.0146477192925e-08    6.4648375541765e-10    2.9296565173809e-11     6.906151739372e-08                      0                      0                      0    4.0174931594805e-06    0.00013004024415508      1.68180664053e-05    0.00010374543263136    1.9407500149171e-06    3.5790148457338e-05    0.00033120356247984     1.011592285316e-05                      0                      0                      0    2.0817978532151e-06    5.5801893545926e-05    9.3523124826689e-06    4.2527580069063e-05    4.7149120430134e-07     9.358739243126e-06    2.7394668951075e-05    2.7334872880758e-06         995.0087890625           4.9912109375                      0             2.25390625                      0               38.96875                11.8125                      0                      0           1.2080078125            0.037109375                      0                      0          25.2392578125            1.353515625        864357.40820312        11120.286132812
                      0                    140                   1024                   1000     0.0010136325898396     8.382202155488e-06    0.00012281040431361                      0    0.00015935383886134    0.00068773623930163    4.6112207163773e-06    4.4967050820688e-06    9.1928574077471e-06     1.182509472919e-05    6.6064745674055e-07    6.9372851552174e-07     6.565429089278e-09    1.8377138619741e-06     3.125586811592e-08     3.007908677688e-08    4.2003912348321e-08                      0   -1.3201679402997e-06   -4.5079618145039e-06     4.491013871899e-08    3.0539077044978e-08    3.4435553963874e-08    1.6711905637123e-08    2.9900374620695e-08     3.535154391443e-10    2.9296565173809e-11    6.5895521927928e-08                      0                      0                      0    4.1530673913215e-06    0.00012490167381607    1.6103188466232e-05    9.7151379877758e-05    1.9287646519928e-06    3.5032474608343e-05    0.00036577207033517    9.8316396233145e-06                      0                      0                      0    1.6959570219299e-06    5.4768822262297e-05    9.0826953131895e-06    4.1860020511209e-05    4.6467382563975e-07    9.7541474692875e-06    2.9929391606842e-05    2.9052870837987e-06         993.9521484375           6.0478515625                      0             2.47265625                      0          79.8525390625          27.3759765625                      0                      0               1.203125           0.0341796875                      0                      0           37.439453125             0.69921875        865695.44238281        11029.712890625
                      0                    141                   1024                   1000      0.001017355489247    8.3748642589754e-06    0.00010203693359578                      0    0.00015749653417352    0.00071603017480282    4.2709765288862e-06    3.9553417909843e-06     8.479675789097e-06    1.1343136725017e-05    6.3786035386926e-07    5.9435937416197e-07    5.5078119842733e-09    1.6645986322672e-06    3.0528326533386e-08    3.0886726953838e-08    3.8267589985708e-08                      0   -1.1996504216683e-06   -4.2212714737033e-06    4.5783216329198e-08    3.0010721907558e-08     3.277538240809e-08    1.6263658864091e-08    2.9566409764925e-08    2.2460966420113e-10    2.9296565173809e-11     6.509668271093e-08                      0                      0                      0    3.8390849432801e-06     0.0001225254042776    1.5724164050823e-05    9.6802805641616e-05    1.7862636800814e-06    3.4241208982877e-05    0.00039949183884769    9.2405459053424e-06                      0                      0                      0     1.662428718241e-06    5.2610239249518e-05    9.1090732308174e-06    4.1058989248555e-05    4.5464257869554e-07    8.7187158204216e-06    3.2624285155158e-05    2.6555039145393e-06         994.6005859375           5.3994140625                      0              2.1328125                      0          63.2236328125          20.7724609375                      0                      0           1.2119140625              0.0390625                      0                      0            30.70703125             0.98828125        865610.16894531        10843.260742188
                      0                    142                   1024                   1000     0.0011824827675628    8.3422314354209e-06    6.0378920885285e-05                      0    0.00018690053906223    0.00089377185057238    4.0972714838716e-06    3.5537197282665e-06    8.1498701147709e-06    1.1981734370892e-05    6.9191894169762e-07    6.2892675689596e-07    5.1074220408509e-09    1.8380165958121e-06    2.9824199110351e-08    3.0205070444822e-08    2.1025389251861e-07                      0   -1.3929755926512e-06   -4.4056035362061e-06    4.5641609602853e-08     2.961815859237e-08     3.126073000459e-08    1.6122085888526e-08    2.9837882387085e-08     2.050777325735e-10    1.9531043449206e-11    7.9459955060202e-08                      0                      0                      0    4.1264013281861e-06    0.00012462666503588     1.730872559591e-05    0.00012820500095145    2.0775976601328e-06    4.3911730462476e-05    0.00045815441407271     9.637460931522e-06                      0                      0                      0    1.8206718852554e-06    5.4134488284951e-05    9.6109414133849e-06    5.2055291027919e-05    5.5376660146322e-07    1.0664128906157e-05    2.1355972660508e-05       3.0387597727e-06         995.4208984375           4.5791015625                      0             2.16015625                      0          36.1884765625          10.8525390625                      0                      0            1.201171875           0.0341796875                      0                      0             21.4296875            1.791015625        848784.80859375        13001.506835938
                      0                    143                   1024                   1000     0.0012077473935648    8.0012207019919e-06    8.4434025367841e-05                      0    0.00018633271092572    0.00089582071580274    4.1040537031023e-06    3.4842109446487e-06    8.9143398511737e-06    1.1645286121187e-05    6.5553417538666e-07    5.3478515660288e-07    5.0683599539525e-09    1.6578330148675e-06    3.0072241585799e-08    2.9867166517761e-08     3.530954906239e-08                      0   -1.2936464761637e-06   -4.2795674106699e-06    4.4817378253015e-08    2.9795897305007e-08    3.2201164401613e-08    1.6247067691211e-08    2.9546867175156e-08    7.8125061975243e-11    2.9296565173809e-11    7.9723630364015e-08                      0                      0                      0    3.9391445092463e-06    0.00012433213084329    1.6552348647281e-05    0.00012665387694621    2.0086630705407e-06    4.3274285156158e-05    0.00046897602928464    9.3731845725031e-06                      0                      0                      0     1.827339853655e-06     5.371324998471e-05    9.0991308709931e-06    5.1552190413418e-05    5.4262793280913e-07     1.074916016286e-05    2.4129561511543e-05    2.8273251864164e-06         993.6396484375           6.3603515625                      0              2.6953125                      0             51.7734375          16.6962890625                      0                      0           1.2099609375            0.037109375                      0                      0          30.4990234375            0.701171875        848722.19824219           13152.078125
                      0                    144                   1024                   1000     0.0013204132665949    8.8639355553255e-06    7.8284670885331e-05                      0    0.00020460143359902     0.0009928208535035    4.5395293124528e-06    3.5868544898676e-06    9.2335370931451e-06      1.29069453223e-05    8.6054100734145e-07    5.2805273487166e-07    5.7236331230115e-09    2.0851631044039e-06    2.9850595772984e-08    3.0234368786353e-08    3.6338861697516e-08                      0   -1.2933173731966e-06   -4.8293535535038e-06    4.5147459992734e-08    2.9852530225583e-08     3.257226399711e-08    5.8377945144628e-08    2.9791040745408e-08    7.8125061975243e-11    2.9296565173809e-11    7.9724592261243e-08                      0                      0                      0    4.3548261743354e-06    0.00012743036620577    1.7257857418684e-05    0.00013746096095701    2.1478662066698e-06    4.3986018548381e-05     0.0005291433134893    1.0567614284085e-05                      0                      0                      0    1.8695752039832e-06    5.7182814432011e-05    9.8784462831958e-06    5.4544326168582e-05    5.6916406876439e-07    1.0256207026771e-05    2.8516962898628e-05    2.8551816333433e-06         994.9833984375           5.0166015625                      0             2.20703125                      0          45.9912109375           14.505859375                      0                      0           1.2041015625            0.037109375                      0                      0          25.3935546875             1.34765625        850661.96289062        12283.920898438
                      0                    145                   1024                   1000     0.0012791817070203    8.0910292874492e-06    6.4934729500976e-05                      0    0.00019834076855751    0.00097446882421259    4.3029179632725e-06    3.5420234247852e-06    8.4522050709523e-06    1.1951269534016e-05    6.6453907354713e-07    5.4251367220814e-07    5.1855471028261e-09    1.8504501992922e-06    3.0054678745728e-08    2.9868163053948e-08    3.5019525945756e-08                      0   -1.2341220596568e-06   -4.7333135198002e-06    4.4666018439443e-08    3.0090836489194e-08    3.2059582544264e-08    1.6530250057656e-08    3.0134731154874e-08    8.7889695521426e-11    2.9296565173809e-11    7.9046871270805e-08                      0                      0                      0    4.1549882823233e-06     0.0001248730703205     1.658700587015e-05    0.00013396084569539    2.2573554749883e-06    4.3288552730836e-05    0.00052251358689404    1.0323576188576e-05                      0                      0                      0    2.1223388575464e-06    5.4114520520621e-05    9.1801689396931e-06    5.3424991192763e-05    5.4953319938988e-07    1.0034379879897e-05     2.942625391622e-05    2.7215771565281e-06          994.244140625            5.755859375                      0            2.587890625                      0          37.9951171875          11.2041015625                      0                      0            1.208984375           0.0341796875                      0                      0          28.2197265625            1.498046875        846507.22558594        12858.897460938
                      0                    146                   1024                   1000     0.0012866527382815     8.004633793135e-06    3.1006885754081e-05                      0    0.00019958778319662      0.001017092799791    4.0606699247547e-06    3.5708906311882e-06      7.25686815084e-06    1.1159553702456e-05     6.447802896048e-07    5.6149511706849e-07    5.2939457262369e-09    1.7017284736909e-06    2.9538094636905e-08    3.0010748552911e-08    3.4660152081756e-08                      0   -1.2318798701116e-06   -4.6373584021708e-06    4.4519524955433e-08    3.0028338038335e-08    3.1648438536536e-08    1.5759771265778e-08    2.9462889017395e-08     6.835954025064e-11    1.9531043449206e-11    7.7647468899045e-08                      0                      0                      0    3.8820859247224e-06    0.00012224771388425     1.663243845762e-05    0.00013867452932548    2.0589413898264e-06       4.4078207039e-05    0.00054316944921684    1.0109382821533e-05                      0                      0                      0    1.9121728511706e-06    5.3636568366322e-05     8.780386715479e-06    5.5298288080152e-05    5.7458496627305e-07    9.2845146557607e-06     2.436372460668e-05    2.7006386584816e-06            995.8984375              4.1015625                      0             2.05078125                      0           15.521484375           2.8955078125                      0                      0             1.20703125            0.037109375                      0                      0                17.3125             2.31640625             839881.875        12945.944335938
                      0                    147                   1024                   1000     0.0013833967382952    7.9872148353033e-06    5.3831938474858e-05                      0    0.00020367290918966     0.0010852389599467    4.2222431488881e-06    3.4846523284671e-06    8.3227617011516e-06    1.1730648435737e-05    6.6532616838089e-07    6.0180468874904e-07    5.6552735827609e-09    1.6820038952758e-06    2.9463866013657e-08    3.0291015029604e-08    3.4352528821557e-08                      0    -1.293209954234e-06   -4.6219394729263e-06    4.4601525139853e-08    2.9848650662245e-08     3.083007893423e-08    1.5571293587868e-08    2.9666012757446e-08     6.835954025064e-11    2.9297453352228e-11    7.6505872748101e-08                      0                      0                      0    4.0492968711447e-06     0.0001222631269675    1.6429028309339e-05    0.00014893692090734    2.1776250056504e-06    4.6855088839948e-05    0.00057463855763018    1.0075174793123e-05                      0                      0                      0    2.1265117071678e-06    5.3427718742505e-05    9.4999453175149e-06    5.8215170901654e-05    6.1306250387361e-07    9.0447363438884e-06    1.6033519525394e-05    2.8283163988618e-06             994.984375               5.015625                      0             2.22265625                      0            31.76953125            8.955078125                      0                      0            1.212890625            0.037109375                      0                      0           23.025390625            1.552734375        829145.73828125        14080.202148438
                      0                    148                   1024                   1000     0.0011016145468599    7.9147568294857e-06    8.2635627935979e-05                      0     0.0001638843242322    0.00081434973632444    4.3866708896445e-06    3.3521806637182e-06    8.5952851547333e-06    1.1437019539429e-05    6.9096581967187e-07     6.922890625205e-07    5.6552735827609e-09    1.6809755729597e-06    2.9393562250846e-08       3.0125004713e-08    3.4711904461915e-08                      0   -1.2705673588798e-06   -4.4052051038079e-06    4.4943390342667e-08    2.9713853599844e-08    3.1798822242024e-08    1.6337899033658e-08    2.9382800192934e-08    8.7891471878265e-11    2.9296565173809e-11    7.4039082420541e-08                      0                      0                      0    3.7971855633145e-06    0.00012347777343091    1.6598067381857e-05    0.00010673515039805     1.941568377184e-06    3.9375714845136e-05    0.00045750161913816    9.6013926116356e-06                      0                      0                      0    1.6705976690901e-06    5.3328318352364e-05    8.5556201074866e-06    4.3951955088772e-05    5.2963282204388e-07     9.059138650791e-06    2.7762837893519e-05    2.7825976518514e-06         993.9287109375           6.0712890625                      0             2.57421875                      0          54.0146484375            17.49609375                      0                      0           1.2158203125             0.03515625                      0                      0          31.0458984375            0.630859375        848195.64160156        12168.288085938
                      0                    149                   1024                   1000    0.00096541586818333    8.1594560521481e-06    9.1284736320141e-05                      0    0.00015169594628706    0.00068254683593594    4.0364472733145e-06     3.351455069911e-06    8.9834521661558e-06    1.0563213886705e-05    6.3877146594393e-07    5.3131054578159e-07    5.7529296881853e-09    1.7043701054931e-06    2.9744136043064e-08     3.070118825832e-08     3.665722214663e-08                      0   -1.1805029211942e-06   -4.2933798720668e-06    4.5224593847593e-08    2.9881845442503e-08    3.4463859321932e-08    1.5730467595176e-08    2.9569319437428e-08    7.8125950153662e-11    1.9531931627625e-11    6.4250997411364e-08                      0                      0                      0    4.0034785024901e-06    0.00012069298729322    1.5090605477219e-05    9.6972517577676e-05    1.7176904414384e-06    3.3023344724548e-05    0.00036920312205879    9.4815312330354e-06                      0                      0                      0     2.062979500117e-06    5.2721038068526e-05    8.3691455152746e-06    4.0849476564908e-05    4.2641698172474e-07    8.3000400499245e-06      2.71582109308e-05    2.5919433488397e-06         993.2646484375           6.7353515625                      0           2.8583984375                      0          58.7861328125          19.1982421875                      0                      0           1.2119140625             0.03515625                      0                      0          34.6669921875                   1.25        861972.22753906        10534.750976562
                      0                    150                   1024                   1000     0.0011737037597799    8.0811728464525e-06    0.00011465464354732                      0    0.00017561799900889    0.00084218968553529    4.4057333932201e-06     3.717729484265e-06    8.8949257710524e-06    1.1167371075871e-05    6.3075975820226e-07    4.8039355515783e-07    4.9707029603496e-09     1.706078111674e-06    3.0084962965304e-08    3.0071298340317e-08    3.5819355481692e-08                      0   -1.2371494086949e-06   -4.1729736048879e-06    4.5124017411524e-08    2.9831048742324e-08    3.2458963517001e-08    1.6202149843991e-08     2.973633161929e-08    7.8125950153662e-11    2.9296565173809e-11    7.6370121782077e-08                      0                      0                      0    3.7260566525532e-06    0.00012146153710191    1.6112291041814e-05      0.000116360142556    2.0541962939546e-06    4.4844601573502e-05    0.00044728672656369    9.1298720450439e-06                      0                      0                      0    1.8114257755997e-06    5.4471086932573e-05      8.99100490237e-06    4.8051917979741e-05    5.6760644984166e-07    8.8310859327478e-06    2.3012164064085e-05    2.7005693254978e-06         993.5517578125           6.4482421875                      0           2.5791015625                      0          71.3623046875          24.0888671875                      0                      0            1.216796875           0.0361328125                      0                      0              35.984375            0.744140625        834992.00390625        14982.624023438
                      0                    151                   1024                   1000     0.0011647443154335    7.8412294728381e-06    9.7622625013116e-05                      0    0.00017575120019497    0.00085145195019809    4.1727119102219e-06    3.4196709135514e-06    8.6782724499912e-06     1.095272949847e-05     6.710292970169e-07    4.8409277297878e-07    5.2539057548984e-09    1.6283408239559e-06    2.9816417779216e-08    2.9908187926253e-08    3.5766586137242e-08                      0   -1.1952978296037e-06   -4.1515868964836e-06    4.4618165162547e-08      2.94159905323e-08    3.1865230454287e-08    1.5963872002089e-08     2.933007259287e-08     6.835954025064e-11    2.9296565173809e-11    7.6400421988865e-08                      0                      0                      0     3.694622066952e-06     0.0001219321533048    1.5281549820223e-05    0.00012200850780442    2.0197070442762e-06    4.7889432620352e-05    0.00043067698143329     9.068426751746e-06                      0                      0                      0     1.725925776519e-06    5.2915739244597e-05    8.3761679539052e-06    4.9780133783983e-05    5.5667187748298e-07    9.0164023545114e-06    1.8329683586948e-05    2.6094765486206e-06          994.419921875            5.580078125                      0               2.328125                      0          65.3876953125          21.7685546875                      0                      0            1.208984375            0.033203125                      0                      0          30.4912109375             0.71484375        813912.53417969        19558.572265625
                      0                    152                   1024                   1000     0.0014093261123076    8.2703554609154e-06    6.5549494153494e-05                      0    0.00021058896289183     0.0010912460126766    4.3126347506472e-06    3.6188105134727e-06     8.014680664914e-06    1.2363414053418e-05      6.33978510578e-07    7.1024511694162e-07    1.0126953498002e-08    1.8213466779216e-06    2.9764635200991e-08    2.9463874007263e-08    3.4862299713723e-08                      0      -1.3473789231e-06     -4.67886623845e-06      4.46142571775e-08    2.9811521251588e-08    3.2062474453198e-08    1.5801739472465e-08    2.9225605047145e-08    1.2793055503835e-10    4.8828496801434e-11    7.7773435691597e-08                      0                      0                      0    3.9640556774856e-06     0.0001239593193576    1.6773797877789e-05    0.00015123885742252    2.2425166035234e-06    5.1186684571825e-05    0.00056990634570919    1.0216974614785e-05                      0                      0                      0    2.5839072215206e-06    5.7184461914161e-05    9.2775595783579e-06    5.9998042964082e-05    6.3010254436335e-07    9.3896543011951e-06    1.5641656261778e-05    2.9432392718576e-06             995.703125               4.296875                      0             2.03515625                      0           38.228515625             10.6953125                      0                      0           1.2373046875           0.0361328125                      0                      0           24.697265625              1.8828125         815745.3203125        18062.520507812
                      0                    153                   1024                   1000     0.0012364633037327    7.8365605453712e-06    3.8634659166092e-05                      0    0.00019685830370353    0.00096062499412763    4.1628818303607e-06    3.4351005924194e-06    8.0252880900744e-06     1.186527051189e-05    6.5102342716727e-07     4.701103506477e-07    5.0390625006003e-09    1.6007256018469e-06    2.9379886079539e-08    2.9742165175151e-08    3.4926745051678e-08                      0   -1.3404550767149e-06   -4.5343652281815e-06    4.4454075975864e-08    2.9940418144747e-08    3.0672870465764e-08    1.5683611742645e-08     2.925682895949e-08    7.8124173796823e-11    2.9296565173809e-11    7.7545903032217e-08                      0                      0                      0    4.3641933453742e-06    0.00012282390917928    1.6401197294513e-05    0.00015019529394333    2.2304511881899e-06    4.8541076158592e-05    0.00044823981932485    9.8671503687697e-06                      0                      0                      0    1.7786122956664e-06    5.3027814470141e-05    8.8375429765364e-06    5.7454919935473e-05    5.9621288173162e-07     9.104493153167e-06    1.2640319336121e-05    2.9162128951654e-06          995.583984375            4.416015625                      0            2.095703125                      0          21.8447265625            5.349609375                      0                      0              1.2109375           0.0380859375                      0                      0          18.7509765625            1.880859375        813293.99707031        17397.643554688
                      0                    154                   1024                   1000     0.0013271397490495    7.4447851758919e-06    0.00011876621387685                      0    0.00020027888867435    0.00096776266015564    4.3791973043383e-06    3.3039238180876e-06    8.8321328188812e-06    1.1465886713857e-05    6.5910741842146e-07    4.8283007814121e-07    5.4306639185597e-09    1.5995136859459e-06    2.9326184147749e-08    2.9654295907733e-08    3.6030286310051e-08                      0    -1.346636733679e-06   -4.3402216798327e-06    4.3923847670158e-08    2.9223620856555e-08    3.1004862677264e-08    1.5772470440822e-08       2.9195303064e-08    1.2695267059826e-10    2.9296565173809e-11    7.6117176561752e-08                      0                      0                      0    3.7378290667078e-06    0.00012144535450975    1.5833832017087e-05    0.00014687433398208    2.2759394733285e-06    4.8349826182736e-05    0.00045783243262676    9.4685556710772e-06                      0                      0                      0    1.7631084006098e-06    5.1849117181035e-05    8.7861152424651e-06    5.7235160149105e-05    5.9864549584177e-07    8.9325419896369e-06    1.6876458000858e-05    2.9363418123651e-06         994.3583984375           5.6416015625                      0             2.19140625                      0          78.2763671875          26.8857421875                      0                      0                1.21875            0.037109375                      0                      0          33.6123046875            0.916015625        815850.55957031        18293.755859375
                      0                    155                   1024                   1000     0.0012513161299008    8.0113251925695e-06    6.4255765628296e-05                      0    0.00019723201367672    0.00094911061620184    4.2021543240622e-06    3.4788037037714e-06    8.2936367187258e-06    1.1825103523044e-05    6.8797460706094e-07    5.1965722658309e-07    4.8818353803881e-09    1.6426201030484e-06    2.9647469368399e-08    3.0108369131199e-08     3.600292153294e-08                      0   -1.4300478614615e-06   -4.2888369042871e-06    4.4850605895874e-08    2.9849621441258e-08    3.1516615983662e-08    1.6306631600571e-08    2.9607419627098e-08    7.8125061975243e-11    2.9297453352228e-11    7.7193367253869e-08                      0                      0                      0    3.8823242238806e-06    0.00012484673340474    1.6445125982756e-05    0.00014264369922223    2.1362929469859e-06    4.9771505832297e-05    0.00045856036038661    9.4484023396291e-06                      0                      0                      0    1.7133838055017e-06    5.4129513665124e-05    8.7733779414734e-06    5.5934310548622e-05    7.7003028486899e-07    9.1769287244858e-06    1.8425302724445e-05     3.096417001025e-06            995.2890625              4.7109375                      0             2.14453125                      0          40.0322265625             12.0234375                      0                      0           1.2158203125           0.0361328125                      0                      0             23.3671875            1.787109375        811704.79199219        18606.333007812
                      0                    156                   1024                   1000     0.0013643346113161    8.0738574244066e-06    5.5137322275911e-05                      0    0.00020645994728063     0.0010617131201034    4.1705185473973e-06    3.5591328204632e-06    8.0111953169038e-06    1.2171833005503e-05    6.8168456746065e-07    5.2100781289255e-07    5.1074220408509e-09    1.7195156196692e-06    2.9611317842182e-08    2.9854505534388e-08    5.9276364261507e-08                      0   -1.3037939439187e-06   -4.5588886905534e-06      4.45420020867e-08    2.9784200883398e-08    3.1242196385506e-08    1.6190436546992e-08    2.9449197747056e-08    8.7890583699846e-11    2.9297453352228e-11    7.8551766868884e-08                      0                      0                      0    3.9688955020267e-06    0.00012398534372338    1.7104542964219e-05    0.00014950221386734     2.334076187438e-06    4.9325323233873e-05    0.00054633163379236    1.0003800785086e-05                      0                      0                      0    1.9582011754338e-06    5.4289099606031e-05    9.0047822274286e-06    5.6838591778963e-05    5.7588183288715e-07    9.8180771521683e-06    2.0556441396202e-05    2.8487402339294e-06          995.138671875            4.861328125                      0            2.294921875                      0          33.2041015625           9.4619140625                      0                      0            1.212890625            0.037109375                      0                      0          22.8037109375            1.787109375        824048.27539062        16553.825195312
                      0                    157                   1024                   1000     0.0012837694853474    9.1035390603622e-06    5.6085527330829e-05                      0    0.00020316629687578    0.00098127741211584    4.3445214910065e-06    3.5580537263158e-06    8.7824843717499e-06    1.2409372069477e-05    6.9854881257214e-07    4.7766503996627e-07    5.1367186060247e-09     1.852704100358e-06    3.0012681229152e-08    3.0255849381433e-08    3.4021461203793e-08                      0    -1.263745130764e-06   -4.5270995547853e-06    4.4791011788448e-08    2.9848616911465e-08     3.475487453386e-08    1.5875971648427e-08    2.9349590313643e-08    9.7656105424448e-11    2.9297453352228e-11    7.9916002704294e-08                      0                      0                      0    4.0735165960371e-06    0.00012866979297055    1.7409405261404e-05    0.00014279925293881    2.1457216590193e-06     4.694809573369e-05    0.00049662001658035    9.9176943058055e-06                      0                      0                      0    1.8945742148446e-06    5.4610798819965e-05    9.1479755823798e-06    5.6695841792909e-05    5.7438672129706e-07    1.0278960949073e-05    2.4523892575345e-05    2.7981220753759e-06          994.994140625            5.005859375                      0            2.232421875                      0          32.1083984375            9.572265625                      0                      0           1.2138671875              0.0390625                      0                      0          22.0263671875              1.6328125        836561.87109375        14062.966796875
                      0                    158                   1024                   1000     0.0011066389628969    7.1831083943152e-06    8.0917196288333e-05                      0    0.00016294239062109    0.00082455414649196    3.9231376884885e-06     3.571207038533e-06    8.1251308428065e-06    1.0566943356771e-05    6.7587107910327e-07    6.7903222689125e-07     5.380859313675e-09    1.5625371290184e-06    4.5697248651777e-08    4.0135747170211e-08    3.5048818958217e-08                      0   -1.2227431618328e-06   -4.0095722493305e-06    4.4570294122082e-08    2.9693353553739e-08    3.1721659077277e-08    1.5573232481358e-08    2.9304654702855e-08    1.2695267059826e-10    1.9531931627625e-11    7.7464838099672e-08                      0                      0                      0    3.5831142737308e-06    0.00011832758397201     1.529957909252e-05    0.00010851699022663    1.9780634854527e-06    4.5387610329684e-05    0.00045591531740907    8.7818828093944e-06                      0                      0                      0    1.7256640632013e-06    5.2056150404489e-05    8.3427285115789e-06    4.3677758778671e-05    4.9187695161379e-07    8.8946299001691e-06    2.4606945307148e-05    2.6628505862547e-06         995.2294921875           4.7705078125                      0                      2                      0           54.763671875          17.9794921875                      0                      0           1.2080078125           0.0341796875                      0                      0                25.9375             0.91796875        837594.72753906        14173.875976562
                      0                    159                   1024                   1000     0.0012338061581971     7.843665017937e-06    3.9545834956911e-05                      0    0.00019571899414039    0.00095789579199224    4.5546513742778e-06    3.4274052662653e-06    8.6019619134348e-06    1.1483839831072e-05    6.3398926020142e-07    4.8916113293274e-07    5.1171875625755e-09    1.5785683320502e-06    2.9676781032606e-08    2.9643538290713e-08    3.4570301288284e-08                      0   -1.2788701289068e-06   -4.4776748229225e-06    4.5539049864374e-08    2.9576173510293e-08    3.1916987275338e-08    1.6093743226975e-08    2.9332992923514e-08    8.7890583699846e-11    1.9531043449206e-11    7.8038091544386e-08                      0                      0                      0    4.0794687317103e-06    0.00012422291897618    1.6035007831761e-05    0.00014068113573362     2.180510741745e-06    5.2829267579213e-05    0.00046810916601281     9.766976568848e-06                      0                      0                      0    2.1529873110993e-06    5.3923766600406e-05    8.7213808770414e-06     5.509754004418e-05    5.8000096903044e-07    9.2480986344512e-06     1.854910743404e-05     2.830808599974e-06         995.2294921875           4.7705078125                      0             2.19921875                      0          21.4990234375             5.15234375                      0                      0            1.216796875             0.03515625                      0                      0            21.26953125            1.662109375        824839.30859375        17673.135742188
                      0                    160                   1024                   1000     0.0012519546318233    7.2516464744155e-06    5.7847516591103e-05                      0    0.00019531376757431    0.00095991337597123    4.0761913844278e-06    3.3730302639867e-06    8.4338144556995e-06    1.1075434573904e-05    6.3912109471431e-07    5.6374609425092e-07    5.3710937919504e-09    1.5264960762096e-06    2.9406261425891e-08    2.9460927919445e-08    3.4533197634801e-08                      0   -1.3011269492935e-06   -4.2579218950678e-06    4.4689469902437e-08    2.9602514217686e-08    3.1160146463094e-08    1.5700185151957e-08    2.9508777643628e-08    6.9334760155471e-11    2.9296565173809e-11    7.7996102909594e-08                      0                      0                      0    3.8236220882837e-06    0.00012156238378402    1.5888008781495e-05    0.00014092471581684    2.2142344127118e-06    5.5562890634242e-05    0.00046681045216523    9.3263105505059e-06                      0                      0                      0    1.8447880671957e-06    5.3155042006203e-05    8.5798994060582e-06    5.5738187502818e-05    5.9104296123991e-07    9.2752158300513e-06     1.750347558005e-05    2.8311064443898e-06          994.998046875            5.001953125                      0           2.2919921875                      0            34.87890625          10.3193359375                      0                      0           1.2080078125             0.03515625                      0                      0           24.076171875              1.8046875        814913.13378906        21493.325195312
                      0                    161                   1024                   1000     0.0012901795263707    7.2071523451456e-06    0.00010051836816238                      0    0.00019695554492394    0.00095283293847448    4.5765918095242e-06    3.3557285226138e-06    8.8984326085395e-06    1.1258639647238e-05    6.4278709466237e-07    5.1276953172419e-07    5.1269530843001e-09    1.6009619079327e-06    2.9604487750134e-08    2.9689463332261e-08    3.5555667743381e-08                      0    -1.234335966771e-06   -4.0196816444293e-06    4.4712903601862e-08    2.9592780670384e-08    3.1610336570509e-08     1.564648144381e-08    2.9478520957582e-08    7.8124173796823e-11    2.9297453352228e-11    7.6960959383143e-08                      0                      0                      0    3.9261035214011e-06     0.0001211821874918    1.6199699222064e-05    0.00014415331735851    2.1360654409719e-06    5.7450926746583e-05    0.00044656080371741    9.0097900553587e-06                      0                      0                      0    1.6929599535587e-06    5.2708018544401e-05     8.292961912737e-06    5.6677602538358e-05    5.7230664918251e-07    9.5729697404678e-06    1.5111204099583e-05    2.7274570530977e-06         993.0419921875           6.9580078125                      0           2.5087890625                      0             59.4921875           19.810546875                      0                      0            1.220703125             0.03515625                      0                      0          35.6611328125                   1.25        825731.26367188        19697.044921875
                      0                    162                   1024                   1000     0.0011754393203232    7.2082675668383e-06    2.9334525384783e-05                      0    0.00018485608006724    0.00092280799123934    3.7151709184613e-06    3.4520146510175e-06    7.5088994195838e-06    1.1285953135598e-05    6.9139647518313e-07    7.5771191365703e-07    5.3906248353996e-09    1.5240234327862e-06    2.9244151988905e-08    2.9691392455788e-08    5.3535175403852e-08                      0   -1.3235498030895e-06   -4.1339921388328e-06    4.4077150818111e-08    2.9365237352863e-08    3.0163072040068e-08    1.5666012487259e-08    2.9089845199337e-08    2.1582025055977e-10    2.9296565173809e-11    7.4768561120209e-08                      0                      0                      0    3.7009716802316e-06    0.00012036593751308    1.5659557615066e-05    0.00013934278029204    2.1017256015554e-06    5.6628897476152e-05    0.00043737584665848    9.0530234340136e-06                      0                      0                      0    1.6467714756274e-06    5.1725233390698e-05    8.7168183613429e-06    5.5047734373481e-05    5.4748243183411e-07    9.3344423666153e-06    1.1247212901466e-05    2.8675498011665e-06         995.9560546875           4.0439453125                      0           2.0107421875                      0          15.8955078125             3.01171875                      0                      0           1.2080078125           0.0322265625                      0                      0          16.8876953125             2.27734375        834972.62695312        17692.158203125
                      0                    163                   1024                   1000      0.001111699052748    7.0703193273403e-06    9.0324503922545e-05                      0    0.00016210271289907    0.00082138732617221    3.9651562611098e-06    3.3560595849025e-06     7.806608397054e-06    1.0965913094019e-05    6.8978125167263e-07    4.8508984296092e-07    5.3124997734244e-09    1.5537431474755e-06    2.9840820481297e-08    2.9789092081955e-08    3.5523421537675e-08                      0   -1.2250722445373e-06   -4.2893701133195e-06    4.4216804440111e-08    2.9588878014408e-08    3.0822252305995e-08    1.5502924277655e-08     2.935060372522e-08     6.835954025064e-11    2.9297453352228e-11    7.5343733030309e-08                      0                      0                      0    3.6622470798164e-06    0.00012002906345465     1.524088085425e-05     0.0001166258437344    2.0131435594095e-06    5.6013694334389e-05    0.00041494285741983    9.3343632707743e-06                      0                      0                      0     1.669496090706e-06    5.2716435553712e-05    8.3316357351038e-06    4.7451564451961e-05    5.2132324057652e-07    9.3046181639522e-06    1.3526397458996e-05    2.6625039089012e-06          994.333984375            5.666015625                      0           2.3876953125                      0          55.5771484375          18.0048828125                      0                      0                1.21875           0.0380859375                      0                      0            32.66796875            1.416015625        839119.96289062         18818.38671875
                      0                    164                   1024                   1000     0.0011912125546907    7.8295019472208e-06    9.0671114235441e-05                      0    0.00018457216894685    0.00087492028025959    4.2199667946718e-06     3.509380850808e-06    8.5407675589622e-06    1.1812581064419e-05    6.3637793967786e-07    7.8022558547275e-07    7.4746093758904e-09    1.6493134857853e-06    3.0074213341891e-08    2.9945319113267e-08    3.6278325232786e-08                      0   -1.2725644626954e-06   -4.1078740213862e-06    4.5169919360433e-08    2.9753880248506e-08      3.15127168804e-08    1.6146484149715e-08    2.9291997272196e-08    2.5390622937493e-10    3.9062975076831e-11    7.6364276679897e-08                      0                      0                      0    4.0929472602258e-06    0.00012319981736741    1.6108362308032e-05    0.00013574575098652    2.1078212677494e-06    5.7068872080457e-05    0.00040238094337131    9.0507158230224e-06                      0                      0                      0    1.9431045039653e-06    5.4047936525414e-05    8.8281718779726e-06    5.3779928709474e-05     5.804550795574e-07    9.4673964818881e-06     1.361851171211e-05      2.78039845103e-06         994.1064453125           5.8935546875                      0            2.498046875                      0           57.029296875                18.9375                      0                      0              1.2109375            0.037109375                      0                      0           31.083984375              1.1796875        837063.95410156        19456.814453125
                      0                    165                   1024                   1000     0.0013787990566243     7.385957031758e-06    8.7787969727415e-05                      0    0.00020093590918879     0.0010498693759864    4.1758095727928e-06    3.2328779333568e-06    8.5937363225597e-06    1.1687092771773e-05    6.3859862731164e-07    6.5983593788843e-07    6.4179683789689e-09    1.5802109238905e-06    2.9217775754375e-08    2.9638662191189e-08    3.5286142008317e-08                      0   -1.2874814352415e-06   -4.3993066620729e-06    4.4177745017748e-08    2.9578118621032e-08    3.1297846980749e-08     1.581738917622e-08    2.9225603270788e-08    1.2792966685993e-10     6.835954025064e-11    7.6632867163084e-08                      0                      0                      0    3.9814472749811e-06    0.00012250358983579    1.6666966817347e-05       0.00014733758593    2.1421806879474e-06    5.6724724591284e-05    0.00053275864742464    9.6423300979254e-06                      0                      0                      0    1.8196152504757e-06    5.2885707022554e-05    9.3337900475277e-06    5.8441788088892e-05    6.0543750102227e-07    1.0020655268228e-05    1.4115919920954e-05    2.8456025384926e-06         994.3896484375           5.6103515625                      0           2.4228515625                      0           58.576171875          19.0556640625                      0                      0             1.21484375             0.03515625                      0                      0           30.728515625             1.10546875        847928.92578125        17183.419921875
                      0                    166                   1024                   1000     0.0011534077480464    7.8895029167469e-06    4.3784772468136e-05                      0    0.00017277539159011    0.00089836888574357    3.8756728573119e-06    3.5636523385563e-06    7.4011064619128e-06    1.0911186524964e-05    6.3964647445403e-07     5.751044920288e-07    5.5957025679731e-09    1.5421806667248e-06    2.9693371317308e-08    2.9670921719571e-08    3.3731438975337e-08                      0   -1.2288378750114e-06   -4.1442929870072e-06    4.4925772435533e-08    2.9670884416078e-08    3.0902334913208e-08    1.5989252588611e-08    2.9452164262977e-08    7.8125061975243e-11    1.9531043449206e-11     7.410743130265e-08                      0                      0                      0    3.7346005852257e-06    0.00012121039648072    1.5856337880926e-05    0.00011938377537835    1.9457773641207e-06    4.9874684549422e-05    0.00048845881250426     9.063349605043e-06                      0                      0                      0    1.9779101458894e-06    5.2631764662081e-05    8.9669560550121e-06    4.7940702164517e-05    5.2654297011401e-07    9.1021845811667e-06    2.1747447258136e-05     2.686399397156e-06         995.4423828125           4.5576171875                      0           2.2060546875                      0           26.677734375           7.1884765625                      0                      0            1.220703125           0.0400390625                      0                      0            21.83984375             2.05078125            866366.1875        14180.139648438
                      0                    167                   1024                   1000    0.00094327927636062    7.2913202995295e-06      8.73919033193e-05                      0    0.00015202255469404    0.00066665382323805    3.9592275502542e-06    3.4006298559319e-06    7.8038906234923e-06    1.0204581064599e-05    6.9668946345303e-07    5.7198339931119e-07    6.4570313540457e-09    1.4694863388343e-06    3.0308616061347e-08    3.0138649798062e-08    3.5863269687297e-08                      0   -1.2012158174812e-06   -3.9282178221356e-06     4.509375450823e-08    3.0159156949594e-08    3.2246114223256e-08    1.5936521435833e-08    2.9942389900839e-08    7.9102058236913e-11    2.9296565173809e-11    6.2173812764854e-08                      0                      0                      0    3.4572158194024e-06    0.00012060199414421    1.5341744138198e-05    9.6500033200719e-05    1.3774892639873e-06    2.6226510740024e-05    0.00036227145315326    8.6230420137667e-06                      0                      0                      0    1.6610761504054e-06    5.2842125971786e-05    8.2565507897314e-06    4.0569121099843e-05    2.0187207994127e-07    7.0598447265979e-06    3.0349851566136e-05    2.6192421866966e-06           994.73046875             5.26953125                      0           2.1220703125                      0            55.89453125          18.1982421875                      0                      0              1.2109375           0.0380859375                      0                      0           30.025390625             1.07421875        927498.46777344        7229.7607421875
                      0                    168                   1024                   1000     0.0011588090371077    8.3771142742606e-06     7.556625781735e-05                      0    0.00016720649510571    0.00087503352932661    4.0186816061549e-06    3.4294785296041e-06    8.3969482478352e-06    1.1656815417815e-05    6.4616406447726e-07    8.6520996056549e-07    7.2695316433169e-09    1.7035576318492e-06    3.0922841176562e-08    3.0271480433441e-08    3.8068346697173e-08                      0   -1.2834794969052e-06   -4.6117616605557e-06    4.5092753531151e-08    3.0905268566528e-08    3.2713858288957e-08    1.6049803264195e-08    2.9688462355182e-08    1.5624923577207e-10    2.9296565173809e-11    7.6620107591907e-08                      0                      0                      0    3.9958681652408e-06    0.00012327951465707    1.6729127925608e-05    0.00011159870606203    1.9143808493993e-06    4.8209535169264e-05    0.00049305082029782    1.0129470680909e-05                      0                      0                      0    1.6734433483379e-06    5.4327289074507e-05     8.780165034139e-06    4.5725343746916e-05    5.2231151936866e-07    9.0168457083095e-06     2.355127441156e-05    2.8158242209031e-06         994.7294921875           5.2705078125                      0           2.3310546875                      0          45.2255859375           13.845703125                      0                      0            1.220703125            0.041015625                      0                      0          28.6748046875            1.662109375        867400.45507812        13759.922851562
                      0                    169                   1024                   1000     0.0012213948417932    7.6230546914857e-06    7.0074398422548e-05                      0    0.00018348555371617    0.00092801654198293    4.0991875076557e-06    3.3880165952738e-06    8.5056582053156e-06    1.1292913089989e-05     7.790742353464e-07    5.6163183614899e-07    5.0292960906972e-09    1.5632060410553e-06    2.9904297704775e-08    2.9894525077623e-08     3.458985631255e-08                      0   -1.2926728425455e-06   -4.3123740320894e-06    4.4945322130729e-08    2.9937509360423e-08    3.1451171444985e-08    1.5868161007404e-08     2.969043588763e-08     6.835954025064e-11    2.9296565173809e-11    7.8983398488219e-08                      0                      0                      0    3.7408398636529e-06    0.00012253389551109    1.5699637713418e-05    0.00012797019043465    1.9198066247839e-06    5.3630849623509e-05    0.00048328362206895    9.4101796825896e-06                      0                      0                      0    1.9277461165146e-06    5.3879724601913e-05      8.60676171488e-06     5.099551952803e-05     5.709960984035e-07    9.1521738321276e-06    1.6851348638269e-05    2.8063691397406e-06          994.310546875            5.689453125                      0             2.39453125                      0           42.708984375          13.4580078125                      0                      0               1.203125            0.044921875                      0                      0            27.55078125               1.171875        847193.55371094        16995.463867188
                      0                    170                   1024                   1000     0.0010501944365249     7.122417982508e-06    7.8474295889031e-05                      0    0.00015548952733457    0.00077851972169007    3.9287460991133e-06    3.3654179638631e-06    8.2399189498261e-06    1.0422400388066e-05    6.3155761242939e-07    6.6526562569891e-07    6.5156244843934e-09    1.5194384754835e-06    2.9340802676359e-08      2.98759683659e-08    3.4126973247339e-08                      0   -1.1934765753452e-06   -3.9054287022111e-06    4.4554644418326e-08    2.9892571973278e-08    3.1158183588786e-08    1.5616230975013e-08    2.9427735803722e-08    9.7656105424448e-11    2.9297453352228e-11    7.7332044767786e-08                      0                      0                      0    3.5125136630398e-06    0.00012061590333534    1.5545053708266e-05    0.00010822927342868     1.898562493885e-06    5.3757307629354e-05    0.00040038136912823    8.5652998089714e-06                      0                      0                      0    1.6628906243099e-06     5.179870802241e-05    8.5272226444388e-06     4.404137792946e-05    5.2872168421203e-07     8.757016597194e-06    1.6439585935224e-05    2.5922910120713e-06         995.0654296875           4.9345703125                      0                      2                      0          51.4404296875          16.8408203125                      0                      0           1.1708984375            0.037109375                      0                      0          25.6337890625             0.84765625        831711.04003906        19281.599609375
                      0                    171                   1024                   1000     0.0010465378476612    7.2130243928825e-06    4.0400230469473e-05                      0    0.00015991396973813    0.00080852976174839    3.6757734438453e-06    3.2398447151749e-06    7.3835439353687e-06    1.0876762694956e-05    9.8703614437312e-07    6.9282910075685e-07    5.4794924153612e-09     1.586134740883e-06    2.9583022254087e-08    2.9493172348793e-08    3.4514657798468e-08                      0   -1.1656533169813e-06   -4.0405595393977e-06    4.4095696871693e-08    2.9512684740496e-08    3.0559576202904e-08     1.543946837046e-08    2.9599596551577e-08    1.4746071030913e-10    2.9296565173809e-11    7.5336905602796e-08                      0                      0                      0    3.4849150578609e-06    0.00011805797560438    1.5383060553376e-05    0.00011319492677941    1.8376083934513e-06    5.2700401354855e-05     0.0004136366152423    8.8526084134344e-06                      0                      0                      0    1.6573847831935e-06    5.2287782218663e-05    8.3351308459712e-06    4.6219491223631e-05    5.3757909768137e-07    8.9624804822108e-06    1.3827545902956e-05    2.5809336010596e-06         995.6083984375           4.3916015625                      0              2.0703125                      0          23.2646484375            5.861328125                      0                      0           1.1767578125           0.0380859375                      0                      0             19.3203125            1.814453125        823002.45214844        18353.750976562
                      0                    172                   1024                   1000     0.0012370106347612     7.128535183476e-06    6.6866329115456e-05                      0    0.00019199299901818    0.00093957752344309    4.2861435467501e-06    3.2926601658545e-06    7.9638339975929e-06    1.0915954096191e-05    6.6712303592453e-07     5.211152345197e-07    6.1250000626956e-09    1.6237363302807e-06     2.984278602014e-08    2.9572275295209e-08    3.6193350538838e-08                      0   -1.2910263693655e-06   -3.9893789010037e-06     4.454688617983e-08    2.9750020225094e-08    3.0908232417914e-08    1.5363281313796e-08    2.9322272609988e-08    1.0742162714905e-10    1.9531043449206e-11    7.5848597624883e-08                      0                      0                      0     3.733367180736e-06    0.00011977837596522    1.5630597647309e-05    0.00014338733496988    2.0268154328207e-06    5.3425214846747e-05    0.00043922577343114    8.7601455129871e-06                      0                      0                      0    1.7133476637454e-06    5.1551208005485e-05    8.6456552779168e-06    5.6279977548535e-05     5.769033162295e-07    1.0003444335993e-05    1.1246961907574e-05    2.8084599676959e-06         995.0888671875           4.9111328125                      0            2.142578125                      0          42.4716796875          13.3154296875                      0                      0            1.177734375              0.0390625                      0                      0          23.0654296875            1.259765625        807588.63085938        18354.245117188
                      0                    173                   1024                   1000      0.001133076663093    7.3797773492146e-06    8.3420962901926e-05                      0    0.00016821994335814    0.00084224961717805    4.3744843640781e-06     3.347156263267e-06    8.4322070312837e-06    1.1049821285525e-05    6.1494725933642e-07    4.9168457039173e-07    4.8916009021127e-09    1.5851171939474e-06    2.9740245821586e-08    2.9991220173997e-08    3.6013676485425e-08                      0   -1.2274140388513e-06   -4.0736699498112e-06    4.4889631567457e-08    4.5196311582174e-08    3.1911145725871e-08    1.5638680572749e-08    2.9639656062841e-08    9.8632213507699e-11    2.9296565173809e-11    7.8012675430728e-08                      0                      0                      0    3.7441728446552e-06    0.00012217043652019    1.5637591801898e-05    0.00012063285547281    2.0808359710855e-06    5.4544764648945e-05    0.00042125927443148    8.9275625017038e-06                      0                      0                      0    1.7336123052658e-06     5.349324314885e-05    8.3324628974424e-06    4.8508332024966e-05    5.7275195786133e-07    9.9554443373506e-06    1.3859235346025e-05    2.6755761526331e-06           994.42578125             5.57421875                      0           2.1767578125                      0          52.1240234375          16.8896484375                      0                      0           1.1689453125           0.0361328125                      0                      0           26.212890625                 0.6875        809201.98046875        16968.840820312
                      0                    174                   1024                   1000      0.001123429337901    7.6799765675872e-06    6.3815989278737e-05                      0    0.00017270763182964    0.00084785739258741    3.9074882982604e-06    3.3980009677137e-06     7.935707044382e-06    1.1559625971103e-05    7.0303809796002e-07    4.9444335914473e-07    4.8925778983744e-09    1.5168017295508e-06    2.9452145611231e-08    2.9681656243952e-08    3.4700181394953e-08                      0   -1.2772763904323e-06   -4.0601581776656e-06     4.473828063567e-08    3.0078119550581e-08    4.3967791185651e-08    1.5843746759003e-08    2.9493171460615e-08    8.7890583699846e-11    2.9296565173809e-11    7.5954154077351e-08                      0                      0                      0    3.9028632725646e-06    0.00012084518946676    1.5632210935479e-05    0.00012096883982959    2.1095566351548e-06    5.4878107438761e-05    0.00042484419530719    8.9178945277268e-06                      0                      0                      0    1.9879902337649e-06    5.2452410153947e-05     8.449849610237e-06    4.8701524401729e-05    5.6369628964603e-07    9.7839072346062e-06    1.7065915994152e-05    2.7889658316127e-06         994.6923828125           5.3076171875                      0           2.3291015625                      0          40.8662109375          12.6982421875                      0                      0           1.1787109375              0.0390625                      0                      0          24.6748046875             1.11328125        809818.84082031        16836.666992188
                      0                    175                   1024                   1000     0.0011313626787066     7.681809566229e-06    6.5934878884732e-05                      0    0.00017246357715095    0.00085448842382174    3.9554003894438e-06    3.4297861324362e-06     7.999790026858e-06    1.0501062504886e-05    6.7303027151411e-07    7.0561718779061e-07    7.7099606698994e-09    1.5352870965657e-06    2.9675764068315e-08    3.0012681229152e-08    3.5179707147392e-08                      0   -1.2262861481815e-06   -4.1003916377846e-06    4.4483390304606e-08    3.0023466379703e-08    3.1003906109106e-08    1.5520499552224e-08     2.936426124478e-08    1.2792966685993e-10    4.0039083160082e-11    7.7719729318915e-08                      0                      0                      0    3.6168349684118e-06    0.00012185576660073    1.6301296875021e-05    0.00012180716116816    2.0091894654684e-06    5.4190348634187e-05    0.00042992075878967    8.9718828109042e-06                      0                      0                      0    1.7106357415031e-06    5.2509203109175e-05    8.5079072329464e-06    4.8740304699812e-05    5.7787011975563e-07    9.3754589904904e-06    1.7525937495932e-05    2.6733252083133e-06           994.26953125             5.73046875                      0            2.552734375                      0            41.15234375            12.73046875                      0                      0           1.1689453125            0.037109375                      0                      0           27.771484375            1.361328125        804584.11425781        17783.833984375
                      0                    176                   1024                   1000     0.0011067589531342    7.3300087821693e-06    9.3631649430215e-05                      0    0.00016571351367034    0.00080829380957415    4.1501562551005e-06    3.3987470642316e-06    8.2923574291627e-06    1.0830596666622e-05    6.3971387209705e-07    8.5241699210314e-07    7.2304686682401e-09     1.572805665262e-06    2.9520518474158e-08    2.9645518928589e-08    3.5530296038644e-08                      0   -1.2291660116404e-06   -4.0521943134308e-06    4.4662113118932e-08    3.0117198512869e-08    3.0852524979252e-08    1.5800789121556e-08    2.9574231064089e-08    8.7891471878265e-11    3.9062975076831e-11    7.4936477467702e-08                      0                      0                      0    3.5236523503457e-06    0.00011892585155326      1.51605732297e-05    0.00010962476955267    1.8764345792732e-06    4.8579294933404e-05     0.0004308681279408    8.8925693200181e-06                      0                      0                      0    1.9502744255107e-06    5.3468556641789e-05    8.4961035256015e-06    4.4805521488556e-05    5.3018553813899e-07    9.0105371137739e-06    2.1619531246131e-05    2.7025761761834e-06         993.8759765625           6.1240234375                      0             2.46484375                      0          57.5224609375            18.81640625                      0                      0           1.1787109375           0.0380859375                      0                      0            31.87109375            1.033203125        818116.25878906         13856.66015625
                      0                    177                   1024                   1000      0.001037697433623    7.3826796880283e-06    7.0513968758235e-05                      0    0.00015662509569747    0.00077288744530257    4.0698271526196e-06    3.4357012026476e-06    7.6889247981882e-06    1.0138151369077e-05    6.1403125517501e-07    6.4650000108912e-07    5.4599604837335e-09    1.5333076319735e-06    2.9515612176567e-08    2.9741216600598e-08    3.4028316164836e-08                      0   -1.3962343983209e-06   -4.1380556909942e-06    4.4636691676203e-08    2.9703113746393e-08    3.0668965145253e-08    1.5498057059915e-08    2.9248018229566e-08    1.1718803705207e-10    2.9297453352228e-11    7.4335943622827e-08                      0                      0                      0    3.4631913932159e-06    0.00011893660936391    1.5296474636273e-05    0.00010070885156832    1.8243574348986e-06    4.4004761733163e-05    0.00043167066991145    9.0215820378603e-06                      0                      0                      0    1.6910810476389e-06    5.2493176748492e-05    8.3670400332636e-06    4.3451224615687e-05    4.8251368234276e-07    8.7235390653362e-06    2.3934468763365e-05     3.010044934193e-06          995.224609375            4.775390625                      0            2.087890625                      0          46.4794921875           14.798828125                      0                      0           1.1728515625            0.037109375                      0                      0           22.525390625            1.205078125        825586.61230469        13181.629882812
                      0                    178                   1024                   1000     0.0010585528515659    7.5279443434439e-06    9.8662758783341e-05                      0    0.00015993021970662     0.0007614629160404    4.0094804623081e-06    3.3561171797203e-06    8.1374042970594e-06    1.0518677738602e-05    6.2588963611887e-07    4.8063769586548e-07    5.0976565191263e-09    1.7711923847585e-06    3.0088858515853e-08    3.0268548556478e-08    3.6193361196979e-08                      0   -1.1760361466884e-06   -4.0507567824477e-06    4.4803703858065e-08    3.0069349676864e-08     3.209471710619e-08    1.5807627207209e-08    2.9784165356261e-08    8.7891471878265e-11    2.9296565173809e-11    7.5913106911685e-08                      0                      0                      0    3.8366269530243e-06    0.00012403062303168    1.5520954119275e-05    0.00010900425484639    1.8814931843636e-06    4.7069382824283e-05    0.00039144626465593    8.8695820110729e-06                      0                      0                      0    1.7054599608102e-06    5.4296890638739e-05    8.7649970783588e-06    4.5176835932637e-05    4.9948339597705e-07     9.818674822526e-06    1.8168165999199e-05     2.573569321207e-06                994.875                  5.125                      0            2.103515625                      0          66.5263671875           22.744140625                      0                      0           1.1748046875              0.0390625                      0                      0           30.248046875             0.58984375        820477.32421875           13412.609375
                      0                    179                   1024                   1000     0.0010391800781226    7.6240302711028e-06    3.2897444340207e-05                      0    0.00016192577149088    0.00080716541600623     3.891168963932e-06    3.3668642664963e-06    7.0991044873736e-06    1.0604316395657e-05     7.223173854598e-07    4.8099999983009e-07    5.2832032082506e-09    1.4910575929505e-06     2.960154521503e-08     2.961134715207e-08    3.3383785513763e-08                      0    -1.178279314118e-06   -3.9359169905495e-06    4.4675783961168e-08     2.956151146094e-08    3.0902346459527e-08    1.5726563162843e-08    2.9363290465767e-08    7.8125950153662e-11    1.9531043449206e-11    7.6544943716783e-08                      0                      0                      0     3.569383785873e-06     0.0001197765449481    1.5118524429703e-05    0.00010908503611962    1.9297412361396e-06    4.5282168930072e-05    0.00043742299610283    8.6322783072745e-06                      0                      0                      0     1.683902357108e-06    5.2301891596329e-05    8.4496884742435e-06    4.4148391612708e-05    4.8632126681269e-07    8.8223408329924e-06    2.2578181630983e-05    2.5923115467563e-06         995.7626953125           4.2373046875                      0           2.0283203125                      0           17.361328125             3.66796875                      0                      0            1.177734375           0.0380859375                      0                      0          17.0537109375            1.955078125        821381.26660156        13035.333007812
                      0                    180                   1024                   1000      0.001092479976573    7.2577431744492e-06    0.00010323643555665                      0    0.00016178447559057    0.00078830393943541    4.1531962775565e-06    3.3619208990032e-06    8.5627910122454e-06    1.1172630861367e-05    6.4207714434161e-07    5.4081152356389e-07    5.0390625006003e-09    1.6139941623194e-06     2.993163761289e-08    3.0678729778799e-08     3.603321552248e-08                      0    -1.148835941045e-06   -4.1437500275521e-06    4.5064447284915e-08     2.979495139499e-08     3.177146457034e-08    1.5945302855869e-08    2.9630858655594e-08     6.835954025064e-11    2.9297453352228e-11    7.6272443472192e-08                      0                      0                      0    3.5810088157007e-06    0.00012076419434859    1.5507202163256e-05     0.0001057662656212    1.9957500070333e-06    4.4492606445345e-05    0.00042802403319708    9.0549502003157e-06                      0                      0                      0    2.0484814369226e-06     5.306568749841e-05    8.3716601606554e-06    4.4098121089853e-05    4.9425781423196e-07     8.542568335379e-06    2.4302719735303e-05     2.509985356447e-06         994.2919921875           5.7080078125                      0            2.400390625                      0          67.2978515625          22.3564453125                      0                      0            1.169921875            0.037109375                      0                      0           31.861328125             0.94921875        821860.82421875        12941.786132812
                      0                    181                   1024                   1000       0.00102863690819     7.105932617435e-06    7.7397646471411e-05                      0    0.00015601813965649    0.00075794762892034    3.9542538816661e-06    3.3336220841562e-06    7.8055214673967e-06    1.0358176764313e-05    6.8520212970213e-07     5.198046872934e-07    7.1523444944432e-09    1.5858603905627e-06    2.9992195393902e-08     2.983787972255e-08    3.5878906068376e-08                      0   -1.1218330104867e-06   -4.0025927496856e-06    4.4532201926017e-08     2.986816749484e-08    3.2724631893188e-08    1.5923827589859e-08    2.9783200794498e-08    8.7890583699846e-11    3.9062086898412e-11    7.5745126615345e-08                      0                      0                      0    3.7520849716088e-06    0.00012175114350921    1.5769252937226e-05    0.00010450043945021     1.898543000145e-06    4.3387825199304e-05    0.00040536672558034    8.8060439376036e-06                      0                      0                      0    1.6153066395574e-06    5.3586287102725e-05    8.6623632755689e-06    4.3332385736505e-05    5.0016797459307e-07    8.2718671858828e-06    2.0378252928666e-05    2.4510849687687e-06         995.3310546875           4.6689453125                      0            2.076171875                      0           51.412109375          17.0205078125                      0                      0           1.1787109375              0.0390625                      0                      0           25.966796875             1.28515625        816062.44433594        13448.630859375
                      0                    182                   1024                   1000     0.0010230972412195     7.050650402185e-06    6.0626165053534e-05                      0    0.00016182188964642    0.00076408485155266    3.9637167956741e-06    3.3235185634695e-06    7.4259062534665e-06    1.0255137704362e-05    6.7743261578102e-07    4.9944335955843e-07    4.9902340037988e-09    1.5173583953754e-06     2.948045008111e-08    3.0009788432039e-08    3.4982415186846e-08                      0   -1.1652392517547e-06   -4.0457012051576e-06    4.4815426925027e-08    2.9450198724135e-08    3.0984391052868e-08    1.5583985657486e-08    2.9221689068493e-08    7.8125061975243e-11    2.9296565173809e-11    7.7243157647899e-08                      0                      0                      0    3.8361992071856e-06    0.00011778517090111    1.4876371104755e-05    0.00010574684474118    1.8773319876431e-06    4.1969247093654e-05    0.00040619261520725    8.8389560684021e-06                      0                      0                      0    1.5751132877995e-06    5.2789630881733e-05    8.4786738421272e-06    4.3689493169907e-05    4.9282910996595e-07    7.8926601565499e-06    2.2783132793691e-05    2.5415146414076e-06           995.02734375             4.97265625                      0           2.3662109375                      0                37.8125           10.693359375                      0                      0           1.1806640625           0.0361328125                      0                      0          25.0693359375            1.818359375        816500.35644531        12957.715820312
                      0                    183                   1024                   1000     0.0010748440263537    7.0034482302361e-06    6.9584966819747e-05                      0    0.00017119931739007    0.00079711031054686    3.9258232549244e-06    3.3895732505229e-06    7.5895263638159e-06    1.0291863283385e-05    6.1426368347384e-07    4.6390722729939e-07    4.9804684820742e-09    1.5340234567063e-06    2.9780290233816e-08     2.997072101607e-08    3.5519520658056e-08                      0   -1.1314531178641e-06   -4.1022685497438e-06     4.442772461033e-08    2.9926789935075e-08    3.0819360397061e-08    1.5530262409413e-08    2.9497096321052e-08    8.7890583699846e-11    2.9297453352228e-11    7.5090836659797e-08                      0                      0                      0    3.6093007542704e-06    0.00011920079980499    1.5563981429878e-05    0.00010920504296674    1.9639394608362e-06    4.2048162097963e-05    0.00042521899706838    8.9575351491789e-06                      0                      0                      0    1.6615019564625e-06    5.3015302738046e-05    8.4550790955262e-06    4.5110603507759e-05    5.1776757103994e-07    8.1164589662563e-06    2.7715656258032e-05    2.4634960942294e-06         995.0654296875           4.9345703125                      0                      2                      0          44.9091796875           14.412109375                      0                      0            1.177734375           0.0380859375                      0                      0            24.97265625              1.1796875        814288.37011719        12932.817382812
                      0                    184                   1024                   1000     0.0012678201386702    7.8354316572771e-06    6.3142561502971e-05                      0    0.00019129917969174    0.00097428342283568     4.084084966216e-06    3.3587597512152e-06    8.0999609268773e-06     1.106599999634e-05    6.5282422312407e-07    5.1009863266671e-07    4.7548835979683e-09    1.5999589750848e-06    2.9742198925931e-08    2.9766598075298e-08    3.5670904452445e-08                      0   -1.2496904346904e-06   -4.2577959389334e-06    4.4812487942636e-08    2.9628901110357e-08    3.1374034037412e-08    1.5695309052433e-08    2.9333985906987e-08    8.7890583699846e-11    2.9296565173809e-11    9.6155274853515e-08                      0                      0                      0    3.7844462728032e-06    0.00012390428418563    1.6163990220086e-05    0.00013595447852133    2.1951533089037e-06    4.8589987321712e-05    0.00050766510253197    9.3149932016701e-06                      0                      0                      0    1.9060644573798e-06    5.3748201169768e-05    8.6931054612549e-06     5.361540528348e-05    5.6356543165492e-07    8.8255322250319e-06    2.0691296875874e-05     2.730988288846e-06         994.7431640625           5.2568359375                      0            2.341796875                      0           38.193359375          11.4443359375                      0                      0           1.1767578125            0.037109375                      0                      0          24.7197265625             1.30078125        812491.38183594        12762.006835938
                      0                    185                   1024                   1000     0.0013687391035067    7.4565615264532e-06    4.0378660175477e-05                      0    0.00020869512304511     0.0010810122099745      3.95111816065e-06    3.3528085721102e-06    7.9205263441295e-06      1.11931396507e-05    6.6295116951665e-07    5.7876367165477e-07    6.5556644557319e-09    1.5484345494698e-06    2.9385759603429e-08    2.9636732179483e-08    3.4184576946927e-08                      0   -1.2881875068871e-06   -4.3819989965499e-06    4.4025391332525e-08     2.968261281211e-08    3.1284171697621e-08    1.5780268647347e-08    2.9416998614806e-08    9.7656993602868e-11    2.9297453352228e-11     7.781835709153e-08                      0                      0                      0    3.8398125079553e-06    0.00012302807811881    1.6132059582397e-05    0.00015012025783623    2.3056952986877e-06    5.2244398422552e-05    0.00056225238184027    9.5839170111134e-06                      0                      0                      0    1.8926328175795e-06    5.3723787102555e-05    8.7555205183776e-06    6.2321815443411e-05    5.9852344591604e-07    9.2779404186061e-06    1.7256530276732e-05     2.813301758664e-06         995.6748046875           4.3251953125                      0                      2                      0            22.43359375           5.6279296875                      0                      0           1.1708984375              0.0390625                      0                      0          18.6904296875            1.896484375        807410.61523438         14072.86328125
                      0                    186                   1024                   1000      0.001408113919922    7.3494414118969e-06     7.127307226984e-05                      0    0.00020764897363534     0.0010900320830087    4.0827627030282e-06    3.5081611509113e-06    8.1101943436579e-06    1.1047611323534e-05    6.1361328462795e-07    5.4722949283104e-07    7.1523436062648e-09    1.5194765765614e-06     2.945899169049e-08    2.9541015855727e-08    3.5271485288035e-08                      0   -1.2361083934209e-06   -4.3652402341721e-06    4.4333978266309e-08     2.982910629612e-08    3.1171860648271e-08    1.5730467595176e-08    2.9367181575424e-08    1.0742162714905e-10    3.9062086898412e-11    7.6946306215575e-08                      0                      0                      0    4.0082285206466e-06    0.00012169214645485    1.6013786128255e-05     0.0001484608837794    2.3411318323951e-06     5.345581444427e-05    0.00057248126855747     9.553286147046e-06                      0                      0                      0    1.9087627087799e-06    5.2928142571851e-05    8.5943056626903e-06    5.7572300790731e-05    5.9442773725493e-07    9.4436875057724e-06    2.2002615224004e-05    2.7346230426772e-06         994.7158203125           5.2841796875                      0               2.296875                      0                45.8125          14.2314453125                      0                      0           1.1787109375           0.0361328125                      0                      0          29.2880859375            1.341796875        803524.37207031        15048.994140625
                      0                    187                   1024                   1000     0.0014302438261611    7.7108593536934e-06    5.3993101555072e-05                      0    0.00020902443261406     0.0011271429345818    4.3675722665171e-06    3.4867236351488e-06    7.7700322318464e-06    1.1358901348402e-05    7.2470215872755e-07    7.0142773367365e-07    5.5576174773364e-09      1.74437889644e-06    2.9388663946861e-08    3.0040032683587e-08    3.5268557851964e-08                      0   -1.2916484504188e-06   -4.1853271204317e-06       4.4762689555e-08    2.9814453128552e-08    3.1531251387662e-08    1.5680671872076e-08     2.953514144366e-08    1.3671908050128e-10    3.0273561435479e-11    7.7763672834408e-08                      0                      0                      0    4.2245136633312e-06    0.00012550736621986    1.6527494135055e-05    0.00014631329199233    2.2219316440086e-06      5.35973613216e-05    0.00062067398047372    9.2336660326708e-06                      0                      0                      0    1.8037548832339e-06    5.4276889658311e-05    8.7879140746594e-06    5.7021105465793e-05    6.2146972634736e-07    9.3416250006584e-06    2.6500359368242e-05    2.8171298884772e-06          995.763671875            4.236328125                      0                      2                      0           32.349609375            9.283203125                      0                      0             1.16796875           0.0361328125                      0                      0          20.0888671875            1.826171875        799655.20507812           15491.515625
                      0                    188                   1024                   1000     0.0014454661181471    7.5661650456027e-06    7.9580227546394e-05                      0    0.00020785657714484      0.001118668362313    4.2240898183721e-06    3.4415029324109e-06    8.0365292927098e-06    1.1197903306837e-05    6.8641406247849e-07    5.3739745986547e-07     5.273437686526e-09    1.5526445205083e-06    2.9569356740922e-08    2.9875987017647e-08     3.492577160813e-08                      0   -1.2614365276775e-06   -4.4707568376268e-06    4.4732420434457e-08    2.9529286571517e-08     3.084963751121e-08    1.5581056445058e-08    2.9487314812116e-08    9.7656105424448e-11    2.9296565173809e-11    7.6831040196623e-08                      0                      0                      0    3.9641181492911e-06    0.00012112100879502    1.5817805678608e-05    0.00014299884864677    2.1796962812459e-06    5.1349374035503e-05    0.00062223933202166    9.7812529373797e-06                      0                      0                      0     1.712964846412e-06    5.3377705084401e-05    8.8180576174324e-06    5.5866339848443e-05    6.1105760629232e-07    9.1178759822341e-06    2.6889637686267e-05    2.7669580093814e-06          994.759765625            5.240234375                      0           2.3134765625                      0             53.1796875              17.609375                      0                      0             1.17578125           0.0380859375                      0                      0           28.591796875             1.21484375        801656.00878906         15861.45703125
                      0                    189                   1024                   1000      0.001386245167974    7.4333837787321e-06    5.1699325182675e-05                      0    0.00020341124610646     0.0010925889111384     3.935531230681e-06    3.3094355487151e-06    7.8289687408528e-06     1.102089453564e-05    7.2477831292161e-07    6.7012890614393e-07    5.4296878104765e-09    1.5244657971536e-06    2.9449239491441e-08    2.9596667339149e-08    3.4700184947667e-08                      0   -1.3766396191883e-06   -4.1238154384615e-06    4.4196282189546e-08    2.9371094001363e-08    3.1375991582649e-08    1.5960931243342e-08    2.9152348979267e-08    1.0742162714905e-10    2.9297453352228e-11    7.5405278465723e-08                      0                      0                      0    4.3345575928555e-06    0.00012333479783866    1.5623431629308e-05    0.00014228588183052    2.1525156128632e-06    5.0380804684558e-05    0.00060355620411556    9.0363437568186e-06                      0                      0                      0    1.8573124940247e-06    5.2431323246616e-05      8.76328613586e-06    5.5577208972757e-05     5.993447214081e-07    9.3193574111083e-06    2.6133778328052e-05    2.9753095605045e-06          994.990234375            5.009765625                      0           2.3330078125                      0          31.4990234375           9.0146484375                      0                      0             1.17578125           0.0380859375                      0                      0          22.7744140625            1.853515625        811072.62207031        14583.588867188
                      0                    190                   1024                   1000     0.0010070974736447    7.0214335847751e-06    6.0820998047717e-05                      0    0.00015642382226222     0.0007538591454832    3.8101435571036e-06    3.2815302688505e-06    7.4395683409278e-06    9.8359990161612e-06    6.9214354958547e-07    5.0706445353654e-07    6.3300777952691e-09    1.4214316435002e-06    2.9448240290719e-08    2.9459000572274e-08    4.4612304073155e-08                      0    -1.106503918713e-06   -3.8122138867891e-06    4.4607419091847e-08    2.9465834217035e-08    3.0785153981583e-08    1.5599602498639e-08    2.9178700344801e-08    7.8125061975243e-11    2.9296565173809e-11     6.942089747497e-08                      0                      0                      0    3.5873134489606e-06    0.00011811298437703    1.4979849617625e-05    0.00010157640137098    1.7946621193587e-06    3.8769364257618e-05    0.00041856276073826    8.3482929715828e-06                      0                      0                      0    1.6112890808273e-06     5.131490429644e-05    7.9407255837438e-06    4.1667502923559e-05    4.4693457645906e-07    7.8749619225604e-06    2.9034886716239e-05    2.4115918044743e-06         994.9052734375           5.0947265625                      0           2.3408203125                      0          39.0419921875           11.830078125                      0                      0           1.1669921875           0.0361328125                      0                      0          24.3134765625             1.58203125        842882.48242188        9093.7783203125
                      0                    191                   1024                   1000    0.00097669935155231    7.3486484302165e-06    0.00010586502832322                      0    0.00014938326562497    0.00068307447754101    3.9031133090006e-06    3.3868388440439e-06    8.4788193204233e-06    1.0230469712269e-05    7.5518650799467e-07     7.140195315003e-07    7.8955073590237e-09     1.469304674373e-06    2.9690444769415e-08    2.9842766480215e-08    3.5276369381165e-08                      0    -1.222873044604e-06    -3.934150345053e-06    4.4776329310992e-08    4.4515632957598e-08    3.0832983277662e-08    1.5759763272172e-08    2.9480456298359e-08    8.7890583699846e-11    2.9297453352228e-11    6.3778355929855e-08                      0                      0                      0    3.4158573836152e-06    0.00011845842381408    1.4568303728701e-05    9.5818011719651e-05    1.8152959135875e-06    3.7064919938601e-05    0.00037213381153745    8.5831191221075e-06                      0                      0                      0     1.643290029385e-06    5.1718684576763e-05    8.0852334152226e-06    4.0494634762744e-05    4.0766504660894e-07    8.3294326183037e-06    2.7309462883984e-05    2.6539482416155e-06          993.669921875            6.330078125                      0           2.4462890625                      0          72.3740234375           25.318359375                      0                      0           1.1767578125              0.0390625                      0                      0          33.8564453125            0.314453125        853372.88867188        8255.4189453125
                      0                    192                   1024                   1000     0.0010981706171656    7.0557245956948e-06    8.4979489242798e-05                      0    0.00016522364161009    0.00081018691210399    4.1139316504513e-06    3.4330527194371e-06    8.1451454896353e-06    1.0214683599408e-05     6.215576355828e-07    4.8736035118679e-07    5.2343747114492e-09     1.644668943257e-06    2.9868176376624e-08    3.0131818817836e-08    3.5275397713974e-08                      0   -1.1088017481953e-06   -4.0362187387899e-06    4.4353532402397e-08    2.9504889198506e-08    3.1106448972196e-08    1.5497051641944e-08    2.9472645657336e-08     6.835954025064e-11    2.9297453352228e-11    6.7679689408351e-08                      0                      0                      0    3.4234804937583e-06    0.00011881016603787     1.508779687498e-05    0.00010615869824182    1.8900185470017e-06    4.2256772453619e-05    0.00045401778416565    8.8057509728401e-06                      0                      0                      0    1.8648076167693e-06    5.2082814449683e-05    8.1487861303131e-06    4.4172829107403e-05    4.9590038120328e-07    8.6403906314203e-06     2.974072069506e-05     2.423366215254e-06         994.2919921875           5.7080078125                      0            2.376953125                      0          53.4580078125          17.2060546875                      0                      0           1.1826171875            0.041015625                      0                      0          31.6552734375            1.138671875        829936.78613281        12124.418945312
                      0                    193                   1024                   1000     0.0012332957206933    7.3263662150325e-06    7.5366973633528e-05                      0    0.00017769380175547    0.00094131279686316     4.051738281774e-06    3.3569677544421e-06    8.4742588084552e-06    1.0479357427151e-05    8.5406737415639e-07    6.9872265662241e-07    7.2695307551385e-09     1.526848667055e-06    2.9288070635403e-08    2.9830087733274e-08    3.5098637773956e-08                      0   -1.3856660068257e-06   -4.4639150749148e-06    4.4333007487296e-08    2.9288062641797e-08    3.0874982570595e-08    1.6189460438909e-08    2.9300767145912e-08     2.148432542981e-10    3.9062086898412e-11    7.5960906009698e-08                      0                      0                      0    3.6563300982451e-06    0.00011970113962878    1.5111615266683e-05    0.00011730864354131    2.0498818305015e-06    4.7609480487765e-05    0.00054090900683512    9.7333672117728e-06                      0                      0                      0    1.6440341861212e-06    5.2520834975311e-05    8.4646933524724e-06    4.7448724608046e-05     5.539247931452e-07     8.403198236806e-06    2.8236714848084e-05    2.9951269455708e-06           994.52734375             5.47265625                      0            2.341796875                      0           48.599609375          15.4970703125                      0                      0             1.16796875           0.0361328125                      0                      0           25.736328125             1.16796875        812727.32519531        15371.763671875
                      0                    194                   1024                   1000     0.0011319584140814    7.1749189247683e-06    8.2059832018366e-05                      0    0.00015363646972766     0.0008574620722559    4.1301425826035e-06    3.3943212729426e-06    8.1100566502457e-06    1.1020094733638e-05    6.9371190392076e-07    4.8507031280565e-07    5.1367186060247e-09     1.654945297247e-06    3.0182611077123e-08     2.978514945795e-08    3.5095705008814e-08                      0   -1.0876230502888e-06   -4.0081806655934e-06    4.4610366067843e-08    2.9752943220274e-08    3.1678712097971e-08    1.5791016494404e-08    2.9716788141343e-08    7.8125061975243e-11    1.9531043449206e-11    7.6754922417877e-08                      0                      0                      0    3.6050117113717e-06    0.00012207965531097    1.5432006811089e-05    9.7377534184595e-05    2.0859424090247e-06    5.1841819330711e-05    0.00052104776660045    8.8199306631509e-06                      0                      0                      0    1.8100839804802e-06    5.3124538088589e-05    8.5897949109182e-06    4.0320875005051e-05    5.6429297501381e-07     8.471570308366e-06    2.6447379876338e-05    2.3910371105273e-06            994.4140625              5.5859375                      0            2.447265625                      0           53.833984375             17.7265625                      0                      0             1.17578125           0.0380859375                      0                      0            27.23046875             1.10546875        800665.40332031        16236.385742188
                      0                    195                   1024                   1000     0.0011704239648349    7.4236093627889e-06    0.00011396619334025                      0    0.00015575799705303    0.00086203987402822    4.1971660218465e-06    3.4387724765494e-06     8.653797850755e-06    1.0434907224521e-05    6.1301954712434e-07    4.9804492086025e-07    4.9804684820742e-09    1.5515996194537e-06     2.991014547149e-08    4.1763676961182e-08    5.1096661124461e-08                      0   -1.1606484511262e-06   -4.1906464804953e-06    4.4898442297381e-08     2.986721181486e-08    3.1671886446816e-08    1.5975587075445e-08    2.9544941604343e-08    8.7890583699846e-11    1.9531043449206e-11    7.5432606827519e-08                      0                      0                      0    3.4678349676298e-06    0.00012191066209333    1.5565289070985e-05    9.6730780248855e-05    2.1175331994527e-06    4.6683708993633e-05    0.00052988674608034     9.146698245921e-06                      0                      0                      0     2.359956043918e-06     5.315404883266e-05     8.266717779648e-06    4.0797284168725e-05    5.7020605392921e-07    8.5101660225462e-06    2.7838397454794e-05    2.5399541039306e-06           994.58203125             5.41796875                      0           2.1220703125                      0          71.8642578125          23.9384765625                      0                      0             1.17578125           0.0380859375                      0                      0           35.595703125             0.80078125        794691.19726562         17697.78515625
                      0                    196                   1024                   1000     0.0010992761709216    7.0608183619925e-06    9.8020473625837e-05                      0    0.00014641287402206    0.00081660454783528    4.3147382671194e-06    3.4127480441626e-06    8.2577558657704e-06    1.0184313488537e-05    6.3858203169787e-07    4.8024609355934e-07     4.930664765368e-09    1.9649716653802e-06    2.9467756235135e-08    2.9545912383355e-08    3.5114262608715e-08                      0   -1.1839599665109e-06   -4.2485087909938e-06    4.4834950863049e-08    2.9577138960235e-08     3.058789932453e-08    1.5470708270016e-08    2.9304681348208e-08     6.835954025064e-11    2.9296565173809e-11    7.5421855427749e-08                      0                      0                      0    3.4472060406188e-06    0.00011846594140685    1.5200461921161e-05    9.5496476557599e-05    2.0603984385303e-06    4.6018344746379e-05     0.0004931834218711    9.2443241941353e-06                      0                      0                      0    1.6345244207017e-06    5.1893297832173e-05    8.2988769518622e-06    3.9407678712244e-05     5.330800743053e-07    8.1179502160467e-06    2.4269181626124e-05    2.5808251953308e-06         994.1513671875           5.8486328125                      0           2.1708984375                      0          57.2744140625          18.8037109375                      0                      0           1.1669921875           0.0361328125                      0                      0           33.677734375           1.0107421875        786646.47753906        19738.698242188
                      0                    197                   1024                   1000     0.0010160721279613    7.2293583901484e-06    7.7207380869915e-05                      0    0.00014461274414401    0.00075658577442006    3.9833818830104e-06    3.4049814434667e-06    8.0959765655919e-06    1.0362140629105e-05     6.412968591718e-07    5.1278906276764e-07    5.2050781462754e-09     1.572055670529e-06    2.9752915686743e-08    2.9720697014568e-08    3.4312494179289e-08                      0   -1.1370136476785e-06   -3.8800224970714e-06    4.4651360830983e-08    2.9836889403612e-08    4.8613277847664e-08    1.5907236416979e-08    2.9566403547676e-08    7.8124173796823e-11    2.9296565173809e-11    7.6349627065042e-08                      0                      0                      0    3.3827500107719e-06     0.0001197538466613     1.525867870722e-05    9.5197566396088e-05    1.9804824100689e-06    4.4565854487644e-05    0.00043244730272907    8.5165429988265e-06                      0                      0                      0    1.7856455158949e-06    5.3019555661393e-05    8.3751484440953e-06    4.0374713861979e-05    5.4549902372969e-07    8.2680478525887e-06    1.9304125974173e-05    2.4796865085719e-06           994.86328125             5.13671875                      0                      2                      0           49.220703125            15.61328125                      0                      0             1.17578125           0.0380859375                      0                      0          25.7607421875                 0.5625        796404.44628906        16164.928710938
                      0                    198                   1024                   1000    0.00097329430175641    7.0712763680092e-06    6.3878517591043e-05                      0    0.00013724763672585     0.0007346038613143    3.8110029354499e-06    3.5863378862189e-06    7.9597704942813e-06     1.043434960124e-05    6.7286816918255e-07    5.8809863379139e-07    5.8212892284359e-09    1.5225615150882e-06    2.9557634562138e-08    2.9648448141018e-08    3.5532245590275e-08                      0   -1.4210175596219e-06   -3.9928672128653e-06     4.472557879609e-08      3.00849878343e-08    3.1084970153472e-08    1.5852528179039e-08     2.923827047141e-08    9.8632213507699e-11    2.9296565173809e-11    7.6169932583525e-08                      0                      0                      0    3.6478544824803e-06    0.00011903214842857    1.5165211921797e-05    9.4486855462428e-05    1.9116025091748e-06    4.3202167932854e-05    0.00041491460059007    8.7398066543898e-06                      0                      0                      0    1.7792490316637e-06    5.1809999032315e-05       8.1440986337e-06    4.0336928719853e-05    5.2595605914973e-07    8.3671953214903e-06    1.5019910153846e-05    3.0617890569573e-06            995.2421875              4.7578125                      0            2.181640625                      0          41.4189453125           12.982421875                      0                      0           1.1748046875            0.037109375                      0                      0          23.1240234375            1.521484375        794881.15332031        16456.543945312
                      0                    199                   1024                   1000     0.0010639100058523    7.2272685631702e-06    0.00010705550780976                      0    0.00014461484082862    0.00077407925391615    3.9764482409055e-06    3.3966269663566e-06     8.139623052017e-06     1.041564940607e-05    6.2741407180766e-07    7.3559472557605e-07    5.8505857936098e-09    1.5522344023466e-06    2.9746101581907e-08    3.0041992005181e-08    3.7481462378253e-08                      0   -1.1766259930823e-06   -4.0641161911381e-06    4.4751966576939e-08    2.9772461829225e-08    3.1753918605659e-08    1.6705076433254e-08    2.9631841869104e-08    1.4648460222588e-10    2.9297453352228e-11    7.5671866106575e-08                      0                      0                      0    3.5038408219279e-06    0.00011909856837011    1.4918755830706e-05    9.6655582022542e-05    2.0572256236306e-06    4.3257334989555e-05    0.00045142568458445    8.8844198984361e-06                      0                      0                      0    1.8998242161672e-06    5.3422246098833e-05    8.5999199335163e-06     4.037111523747e-05    5.6136327231116e-07    8.1529999889085e-06    1.9155079111322e-05     2.555464857501e-06         994.3818359375           5.6181640625                      0              2.3203125                      0          70.2392578125           23.923828125                      0                      0             1.16796875            0.037109375                      0                      0            31.68359375            1.001953125         798176.7109375        15222.056640625
                      0                    200                   1024                   1000     0.0010358216054653     7.285958984582e-06    6.8094986341194e-05                      0    0.00014616524219058    0.00078385612793674    3.9022920024223e-06    3.4583251879994e-06    7.7321777398609e-06    1.0378966786462e-05    6.4292869605964e-07    6.9294433568956e-07    5.4199222887519e-09    1.5442920160424e-06    2.9451158845006e-08    2.9661152645133e-08    3.3526330156519e-08                      0   -1.1294004087503e-06    -4.050841793557e-06    4.4508759344808e-08    2.9691402225751e-08    3.0820343610571e-08    1.5835926348018e-08    2.9536127321705e-08    1.0742251532747e-10    2.9296565173809e-11    7.4998062871146e-08                      0                      0                      0     3.699409153235e-06    0.00011816191603575    1.5083509762093e-05    9.3906992189474e-05    1.8490830093754e-06    4.2750374041667e-05    0.00046326064353508    8.8516454974652e-06                      0                      0                      0    1.6863105596343e-06    5.1208625981403e-05    8.3171054789943e-06    3.9523334947944e-05    5.5471386506412e-07    8.2332978479371e-06     2.328383203487e-05    2.4667597768868e-06          995.271484375            4.728515625                      0             2.08984375                      0          44.7060546875            13.99609375                      0                      0             1.17578125           0.0380859375                      0                      0          23.7236328125            1.310546875        799370.64648438        13522.771484375
