0 1000 0
0.220456715763703 0.0971874637798736 -1.21017469608617 1.01043101605939 0.605753848247456 0.309157552145965 -0.0194815070565264 0 0 1 0 0 0 0 0 0 0 0 0 0
0.176429226415931 -0.547752587841189 0.0259108496027628 -0.238981539945456 -0.730581509948352 0.670595817009644 0.887300660072658 0 0 2 0 0 0 0 0 0 0 0 0 0
0.256517510975453 0.913102560159142 -0.76052249246252 -0.280013710815196 0.182666939207824 -0.206541282652669 -0.00428316728266881 0 0 3 0 0 0 0 0 0 0 0 0 0
0.113621948688993 -0.0003221375917406 -0.547204382051056 0.840338930772932 -0.0674874407095736 -0.0990373192698338 0.38924770650171 0 0 4 0 0 0 0 0 0 0 0 0 0
0.281861064638133 -0.916599455372269 0.598532204324215 -0.328863205075821 1.32869282112977 0.936538932135405 0.359898423788537 0 0 5 0 0 0 0 0 0 0 0 0 0
0.0979030373405734 0.17279682962623 2.60897423030863 -0.513100185822822 0.621942090744664 -0.616190073334771 0.124820034245497 0 0 6 0 0 0 0 0 0 0 0 0 0
6.9279364390207 0.397886841616849 0.338377209539248 -0.896972024841861 -0.409540175408539 0.690568341279383 -0.762591268015793 0 0 7 0 0 0 0 0 0 0 0 0 0
0.360776627528717 -0.270797050488351 -0.789909044170762 -0.828810179918934 0.836118814946716 -0.757146615228715 0.733878234531666 0 0 8 0 0 0 0 0 0 0 0 0 0
0.216979888569945 -0.943627785459357 0.145518188547849 -0.117567002378405 0.91890714025304 -0.305051866814076 0.0227244677879505 0 0 9 0 0 0 0 0 0 0 0 0 0
0.42864496209721 0.538122129622584 -1.44137250929057 0.599794928000995 0.249769706323413 -0.0268466409686353 0.806050690186886 0 0 10 0 0 0 0 0 0 0 0 0 0
0.114670813535646 2.24269430852651 -0.390203331272277 0.665330135501508 -0.302399832329637 -0.641496921023315 -0.209816953219875 0 0 11 0 0 0 0 0 0 0 0 0 0
0.11305065875065 0.562639207970982 1.03967028922819 1.40866256592624 -0.0370516004477013 -0.893687004653141 -0.826683759047448 0 0 12 0 0 0 0 0 0 0 0 0 0
0.55594416508169 -0.618493590811863 -1.32542764680183 -1.44413967479014 0.43236389268271 -0.262380780227569 -0.397937715142753 0 0 13 0 0 0 0 0 0 0 0 0 0
0.115274747432226 -2.18366093006462 0.767456079851569 -4.83693840133055 0.305839267072888 0.162320668350685 0.0395194480239111 0 0 14 0 0 0 0 0 0 0 0 0 0
0.341895730170872 2.84000554855113 -1.13413261399417 -2.76772074464786 -0.00052171278213802 -0.243728041976055 -0.272776110146302 0 0 15 0 0 0 0 0 0 0 0 0 0
0.469934225752114 -0.151187131001246 -1.04643718566182 0.0272063265905802 0.114510582809135 -0.278077345968181 0.50532817502495 0 0 16 0 0 0 0 0 0 0 0 0 0
0.261352959437259 0.354660006082118 -0.141418446781355 -1.28532101071441 0.605302033703168 0.189699243370931 -0.476149068951905 0 0 17 0 0 0 0 0 0 0 0 0 0
0.132049163421256 0.767191429217447 -0.881857100104987 1.75228932222364 -0.521830775479684 0.0157239593573794 0.938761246911057 0 0 18 0 0 0 0 0 0 0 0 0 0
0.118303693187741 0.234176283744923 -0.589579731832251 0.140538168436198 0.911914803083179 -0.966308886248514 1.29902554574931 0 0 19 0 0 0 0 0 0 0 0 0 0
0.339157832806902 -0.0962644361253463 -0.86889209435942 -0.500201674840116 0.233903520988563 0.241889808321587 -1.19635338070053 0 0 20 0 0 0 0 0 0 0 0 0 0
0.26404458361974 5.35591808552718 0.717962352817232 0.101712767537265 0.0706520909543817 0.0901995482664365 -0.441715607029531 0 0 21 0 0 0 0 0 0 0 0 0 0
0.449235794424446 0.389826160921606 -0.661687305234388 0.543669462483039 0.976559989885965 -0.535375330552224 0.113039975372331 0 0 22 0 0 0 0 0 0 0 0 0 0
0.191655574618425 -0.178948401042414 -0.209554435802399 0.411976643751242 0.0894193276403373 -0.058333404154101 -0.552334363838426 0 0 23 0 0 0 0 0 0 0 0 0 0
0.193805907116338 -1.15732994267757 0.184834232377982 1.26921578403059 0.092495157328569 -0.333591026316697 0.598936764579058 0 0 24 0 0 0 0 0 0 0 0 0 0
0.604480620449689 -0.229421174517163 0.732832075199265 -0.120233373388776 0.773978517460116 0.00895941226269924 0.161731912956064 0 0 25 0 0 0 0 0 0 0 0 0 0
0.203139804106826 3.01312747521084 1.85092259196513 4.01292939411796 -0.44767610380735 0.138443826932439 0.1743640650078 0 0 26 0 0 0 0 0 0 0 0 0 0
0.601010080963711 -0.237368597741731 -0.0495063265538888 0.0216740454482943 -1.05925209990439 0.00181019721940837 0.902668327365683 0 0 27 0 0 0 0 0 0 0 0 0 0
1.72958891410408 2.30290237358179 1.23201224217598 -1.92051139573672 -0.230765876725144 -0.557094027077711 0.0308863215766356 0 0 28 0 0 0 0 0 0 0 0 0 0
0.0859989893567915 0.623086938882454 -0.101619266197741 -0.312032428312068 -1.40093808058962 0.629221820314035 0.749810401575388 0 0 29 0 0 0 0 0 0 0 0 0 0
1.34315394112687 0.0325767527308275 -1.22538357021747 1.53232045510831 -0.77743359461932 0.238439882487 -0.342591566073942 0 0 30 0 0 0 0 0 0 0 0 0 0
0.221922027246598 -2.49588605800035 3.42206624683614 0.819622598974822 -0.237329821903034 0.602937041340724 0.0473107632985192 0 0 31 0 0 0 0 0 0 0 0 0 0
0.623160654454609 -0.0924110943428602 -0.17379228040994 0.326117068485935 0.124852660823894 -0.0381891829089408 0.470158459956706 0 0 32 0 0 0 0 0 0 0 0 0 0
0.437997776062119 -0.613419774349919 -0.288882766254111 -0.273708841581025 0.0316181025697985 -0.651386640730777 0.923495646394238 0 0 33 0 0 0 0 0 0 0 0 0 0
0.0988371781788448 0.364355893708854 -0.390404726878566 0.0460351804961235 0.331857691586629 0.812245241226676 1.10488845827858 0 0 34 0 0 0 0 0 0 0 0 0 0
0.39491115816961 0.664090490706054 2.15793158153525 -0.698274881316886 0.577080902342578 -0.500200684621443 -0.481245017499051 0 0 35 0 0 0 0 0 0 0 0 0 0
2.79978899404076 -0.0150053932094247 -1.07410952213521 -0.526491980698611 -0.142748956674822 -0.675568014738506 0.453219149917952 0 0 36 0 0 0 0 0 0 0 0 0 0
0.365385730502017 2.36637289421225 -0.478945641816957 1.6389594066234 -0.0491456056707762 0.0717544612181126 0.191666197245289 0 0 37 0 0 0 0 0 0 0 0 0 0
0.101622438803282 -0.221752007579618 0.316490144627439 1.03032251470662 0.16413469742664 0.275378771710792 0.914148120561313 0 0 38 0 0 0 0 0 0 0 0 0 0
0.45730002327338 -0.145973114421592 -0.394103075107094 1.79509250775712 -0.493641757031667 -0.119841011412133 -0.702636046510225 0 0 39 0 0 0 0 0 0 0 0 0 0
1.2865758666078 -0.108271039875208 -0.172746510847533 -0.0710121049834214 1.47867980655186 1.07196207658654 0.518620875537654 0 0 40 0 0 0 0 0 0 0 0 0 0
0.228206545302182 1.64986894625761 0.0659155182009438 -0.0337991760810673 0.203658337655394 -0.330354209766706 0.0686281489346037 0 0 41 0 0 0 0 0 0 0 0 0 0
0.161966012853131 0.449970136274659 0.0592649575824952 0.0063601659024676 -0.585044407922189 0.153618657798137 0.113106786181046 0 0 42 0 0 0 0 0 0 0 0 0 0
0.205261209227164 0.248486336087182 0.420245635985105 -0.730700097007294 0.474181537121958 0.683576716647651 0.0244635074468275 0 0 43 0 0 0 0 0 0 0 0 0 0
0.97481994465551 -1.54325714281842 -0.341605467849403 0.58425824350192 0.1610126837696 -0.220410218967667 -0.770795041394589 0 0 44 0 0 0 0 0 0 0 0 0 0
0.337756390435962 -0.314529478069346 0.454756910017702 0.60257870487788 0.395333843218807 0.927094745109901 1.06154356020113 0 0 45 0 0 0 0 0 0 0 0 0 0
0.143589321945157 0.0194696938806724 -1.04325560240409 0.236525115054553 0.104357476381611 0.30886789648578 -1.08835267766877 0 0 46 0 0 0 0 0 0 0 0 0 0
0.493451371536424 -0.656554561797776 -0.352325731656602 0.0316391481257535 -0.333223146835305 0.109615363684413 0.316764920165994 0 0 47 0 0 0 0 0 0 0 0 0 0
2.89214038991962 -0.195187866809463 -0.668225396582511 0.454661860686747 0.27262837447327 0.275274624690156 -1.31076221821479 0 0 48 0 0 0 0 0 0 0 0 0 0
0.484128952588087 -0.425742752033388 -0.384822405210379 0.0123169252431647 -0.209380103317383 0.00582233104176651 0.740813038890815 0 0 49 0 0 0 0 0 0 0 0 0 0
0.186287562371503 0.140720686881294 -0.026506032223248 -0.686385340136677 0.949064087667159 1.10910712741775 0.506712874884188 0 0 50 0 0 0 0 0 0 0 0 0 0
1.13943328444697 2.01574325545074 1.02917585213019 -0.0994165318110903 0.73686491763127 0.105125326800418 0.357471112714819 0 0 51 0 0 0 0 0 0 0 0 0 0
0.180999541835717 -2.22704157462268 3.46983127102609 -1.62986420228077 -0.276912028265702 -0.147698125572975 0.0790504010073236 0 0 52 0 0 0 0 0 0 0 0 0 0
1.01840076157941 2.25913434145317 -1.37964872958689 -2.20263276432616 0.560233267800995 0.652960867155339 0.324941573865458 0 0 53 0 0 0 0 0 0 0 0 0 0
0.207665889680554 -0.230500351978922 1.42309919152391 1.47666234331948 1.02614894806508 -0.486175397779537 0.42098560015438 0 0 54 0 0 0 0 0 0 0 0 0 0
0.482914906638728 2.06599641688756 -0.424572321203009 -3.38180879063551 0.231603398944437 -0.245843156078557 0.187032666007814 0 0 55 0 0 0 0 0 0 0 0 0 0
0.26582119296955 -1.0565282815525 2.59318591554936 0.920007992278118 0.691718250406918 -0.472469517769624 -0.622515089100592 0 0 56 0 0 0 0 0 0 0 0 0 0
0.164374753672123 -0.545205010287756 0.265111757423022 -0.63852319343226 0.012116668096161 -0.057936440342859 0.469781445229781 0 0 57 0 0 0 0 0 0 0 0 0 0
0.517761380564472 0.189798641770853 0.615566742895798 0.997290814878116 -0.154959357278147 -0.3642568878188 1.10100495834118 0 0 58 0 0 0 0 0 0 0 0 0 0
0.861020157563892 -0.512332591746453 -0.134449461248342 1.14003164743474 -0.679307239066185 0.458329875550002 -0.633368759529855 0 0 59 0 0 0 0 0 0 0 0 0 0
0.544722790470374 -2.6576765314519 -1.47180327785513 1.46561186302316 -0.755382743435982 0.443643804285248 0.55742640704492 0 0 60 0 0 0 0 0 0 0 0 0 0
0.18593655486952 0.487056822926121 0.370637794456305 0.229250760409438 -0.0626391281275387 -0.345271030139651 -0.839275838327726 0 0 61 0 0 0 0 0 0 0 0 0 0
0.253722437134574 -0.183128792974121 1.69218430124066 0.283012082543849 -0.116178207373351 -0.223634943649654 -0.415731844713584 0 0 62 0 0 0 0 0 0 0 0 0 0
0.0996305255685031 1.03505555239456 -0.337904332436082 -0.107451625729973 0.252708297878008 0.340562205641296 0.226998163075051 0 0 63 0 0 0 0 0 0 0 0 0 0
0.224716741805779 0.491929660600625 -0.96455016667873 0.360615683749462 -0.198852825378506 -1.23574434286251 0.291108253342641 0 0 64 0 0 0 0 0 0 0 0 0 0
0.185198107555945 -0.251376261016798 0.489550200636238 -0.541713994768492 -1.13937647979765 0.733092861967659 -0.650568696490981 0 0 65 0 0 0 0 0 0 0 0 0 0
1.50393510189931 0.663088202760113 2.15590188779899 -1.69809108371458 0.648077076802006 0.120877889180594 0.114424732142835 0 0 66 0 0 0 0 0 0 0 0 0 0
0.418067373596416 0.36271359931661 0.248261325726543 0.0387159393001251 0.298213779608538 -0.0672234230178654 1.03665983053528 0 0 67 0 0 0 0 0 0 0 0 0 0
0.0925138123712331 0.448322200172591 0.0193511988554104 -0.598342424007263 0.519074959496112 -0.706474804518696 0.53478083904322 0 0 68 0 0 0 0 0 0 0 0 0 0
12.2545661573237 0.620245570434216 -0.0847513891143714 0.713723878110774 1.05942298614523 -0.697574499726598 -0.165782708700303 0 0 69 0 0 0 0 0 0 0 0 0 0
0.490903754915306 -0.0375378138410101 -0.125460027189682 0.511408459432928 -1.28276355831106 -0.095023112259114 0.427213666298575 0 0 70 0 0 0 0 0 0 0 0 0 0
1.04991232279675 0.414959292880549 1.50688871706919 -1.23453264912186 -0.0445622873560343 -0.897675755237841 0.231269583213017 0 0 71 0 0 0 0 0 0 0 0 0 0
0.212787226077476 -2.04355119755806 0.549723307120102 0.492056431569867 0.427553241642139 -0.384255000921029 -0.33577015549221 0 0 72 0 0 0 0 0 0 0 0 0 0
0.12314476295443 -1.05115118219656 0.723376131518443 1.44446792968185 -0.519885239494139 -0.500836885039668 -0.449428253813161 0 0 73 0 0 0 0 0 0 0 0 0 0
0.437955647811089 0.201419002346193 -0.243175422332482 -0.0628925101949504 1.20677844886046 0.942966320919322 -0.00246036057723312 0 0 74 0 0 0 0 0 0 0 0 0 0
0.376768744405539 -2.31724807612123 0.748971048176356 1.29587665461426 0.223954344751721 0.200419307647111 0.552173011253122 0 0 75 0 0 0 0 0 0 0 0 0 0
0.274194808709526 1.7199929596682 1.58202815526385 3.76657635170373 0.140118424785253 0.387241711979279 0.222435539932161 0 0 76 0 0 0 0 0 0 0 0 0 0
0.275347468131464 -0.206234447365065 -0.472493819571688 0.14380271316999 0.0791345214731997 0.931188779289604 -1.18711434181732 0 0 77 0 0 0 0 0 0 0 0 0 0
0.301073682389038 -0.0258032074577054 -0.409242269231857 0.194623181546185 -0.396089391226852 -0.933419273708633 -1.13138918786062 0 0 78 0 0 0 0 0 0 0 0 0 0
0.253495828041034 -2.07008095570458 -0.281080277636492 0.126504459706308 -0.358104085306832 0.346379506999138 0.0276240466823547 0 0 79 0 0 0 0 0 0 0 0 0 0
0.0833934448921914 0.0489496602490399 -2.36422270128907 -0.647650041333008 -0.13795451831314 -0.256778601038086 -0.867735317845189 0 0 80 0 0 0 0 0 0 0 0 0 0
0.194965285771891 0.502052476795168 0.578616012311627 -0.634035782757082 0.269292742230744 0.0401957937466356 1.13349581783785 0 0 81 0 0 0 0 0 0 0 0 0 0
0.0811503854776589 1.20843282351504 0.115260856300614 0.0262653136612121 -0.245539476983002 -0.476124597786968 0.601283218990965 0 0 82 0 0 0 0 0 0 0 0 0 0
0.38450935974598 0.242671597101924 -0.554689641585491 -0.095879892732129 0.160881764627693 -0.814296567247996 0.56834487394053 0 0 83 0 0 0 0 0 0 0 0 0 0
0.582367328495807 -0.676178278681939 0.980582325619464 1.53285407487921 0.896346961122622 0.216375466927742 -0.38856238370038 0 0 84 0 0 0 0 0 0 0 0 0 0
0.14604664344592 -0.0133331593861861 -0.707654727187557 -0.927103172873388 -0.151241579897058 -0.12103196322173 -0.355758317371979 0 0 85 0 0 0 0 0 0 0 0 0 0
0.0813529531081327 2.43308327667862 0.903539754922332 5.39055469097506 0.25314548725193 0.612738488353204 0.0407035641366847 0 0 86 0 0 0 0 0 0 0 0 0 0
0.0967259197507037 -0.486492616382032 1.38277649085666 -3.1280702043021 -0.173226074281773 -0.0148834536763775 -0.280507533340142 0 0 87 0 0 0 0 0 0 0 0 0 0
0.529266169358278 -0.644440509598847 -0.557344856198382 0.462328454322559 -1.22045044723918 0.253955728695763 -0.500755824246867 0 0 88 0 0 0 0 0 0 0 0 0 0
0.67864396396144 -0.630976248713747 1.31257508156228 1.98669565895453 0.00257410288030874 -0.0944869432258506 -0.584349701349885 0 0 89 0 0 0 0 0 0 0 0 0 0
0.463854986468795 -3.14113552006754 1.62692196016287 -1.26030734472196 1.01143649228473 -0.10290712807558 -0.283695175356412 0 0 90 0 0 0 0 0 0 0 0 0 0
0.336316626742888 -0.114109729363157 0.517225215234188 0.787780323298 0.605640438474443 0.0191620609309224 -0.849541110771266 0 0 91 0 0 0 0 0 0 0 0 0 0
42.677330042021 -0.244337312057933 0.307449060721257 -0.323727681537566 -0.615092201212039 0.383726003756903 -0.0141469907350832 0 0 92 0 0 0 0 0 0 0 0 0 0
0.233873054337458 0.337757888509007 -2.22157570309953 -1.02925938721616 0.165953955277533 0.507801770829539 -0.752371645873526 0 0 93 0 0 0 0 0 0 0 0 0 0
0.306259102123688 -1.09936567345069 0.87986591884033 0.452846331785686 0.0491893574221169 0.299938606088261 0.169222624602251 0 0 94 0 0 0 0 0 0 0 0 0 0
0.211719977737267 0.840099415199403 0.0331633397898358 -0.329536349963465 -0.0693310921610864 -0.0548882028927157 1.23021357396222 0 0 95 0 0 0 0 0 0 0 0 0 0
0.177864484745393 -0.99393371525398 1.39156749345567 -0.712470539123522 0.265309356014358 -0.405915140130681 0.577159860543302 0 0 96 0 0 0 0 0 0 0 0 0 0
0.216687049462668 1.45340015643388 0.362785381113063 1.39784810018984 -0.140337546275319 -0.570048104770991 0.429630498348562 0 0 97 0 0 0 0 0 0 0 0 0 0
0.153707647311041 -1.14674158576849 0.98473587349223 -0.527487119104517 -0.944121575918586 -0.352958158951316 0.288238013492034 0 0 98 0 0 0 0 0 0 0 0 0 0
0.107367463075686 1.16630386254885 -0.184820272175093 0.672099542034954 1.06542462192986 0.357731678047471 -0.270355111673993 0 0 99 0 0 0 0 0 0 0 0 0 0
0.170291826269659 -0.244603326181928 -0.478077337533526 -0.265182093912483 0.502624987813986 -0.824266363913034 0.705039563586871 0 0 100 0 0 0 0 0 0 0 0 0 0
0.176348249451566 0.386077298383874 -0.0361275895300537 0.912016702817623 0.529358719404566 0.857424631780588 -0.20175643767118 0 0 101 0 0 0 0 0 0 0 0 0 0
0.125738872319643 -1.15813774914307 0.503882637796841 0.50973415836376 0.201474358676417 0.210539576152403 0.585160947905677 0 0 102 0 0 0 0 0 0 0 0 0 0
1.15742774792956 0.307711965554181 0.65224664203019 0.448170205478143 0.703075202628705 -1.30074994611767 0.726026679003652 0 0 103 0 0 0 0 0 0 0 0 0 0
2.69553500064336 -0.410583992730084 0.555037817251857 -0.0069295637003016 -0.143467564454169 0.542931125015788 0.397727603909171 0 0 104 0 0 0 0 0 0 0 0 0 0
0.511642362339667 -0.0684558420990372 -0.337692013274089 0.0036335725955728 -0.551536521065979 -0.733275857490764 0.541424665452087 0 0 105 0 0 0 0 0 0 0 0 0 0
0.142330585172539 0.263463471966909 1.43915319562606 -0.796803715890246 -0.640514379403197 -0.591007601887831 -0.321185059700848 0 0 106 0 0 0 0 0 0 0 0 0 0
0.105396827319253 -0.675156214865971 -1.2083172708841 0.126823888116466 -0.337995634582275 0.0335737785254306 0.534843595569071 0 0 107 0 0 0 0 0 0 0 0 0 0
1.32776263901235 -0.358230449828818 0.224175268132907 -0.194348462754978 0.462101328044136 0.252525417814089 0.732625323774091 0 0 108 0 0 0 0 0 0 0 0 0 0
0.305363686621577 0.0824629713161081 0.0305403622251917 -1.29202988067807 -0.215458221989039 0.702199695495607 -0.123929219132054 0 0 109 0 0 0 0 0 0 0 0 0 0
0.153083026586553 -0.277465676495442 0.463423474992023 0.31432165317852 -0.819516596493527 0.560072705871218 1.39718557966967 0 0 110 0 0 0 0 0 0 0 0 0 0
1.22528163815239 -0.220952392215264 0.670565093349556 -0.135871003498499 0.307827226763157 0.389389854506862 0.384832445198063 0 0 111 0 0 0 0 0 0 0 0 0 0
0.336352539479191 -0.247528690932759 -1.19791970691778 0.0420555619946226 0.242200624020038 0.0769875100186296 0.346737863603915 0 0 112 0 0 0 0 0 0 0 0 0 0
0.0995668964127858 -1.34533642830521 1.62819727082688 0.57668530780291 0.0123475979444177 -0.0350055187434042 -0.708431017311537 0 0 113 0 0 0 0 0 0 0 0 0 0
0.094083096294749 1.07403779726546 0.0494156989493713 1.01301948690334 0.194643378040111 0.343283071814692 -0.46604786842939 0 0 114 0 0 0 0 0 0 0 0 0 0
0.15783347693785 0.440901877971504 -0.968798041788799 0.202617432880983 -0.0825104434510969 0.485726936138245 -0.661536494631929 0 0 115 0 0 0 0 0 0 0 0 0 0
0.442216687153249 0.244038206328624 -1.01847062967997 1.11325722758941 -0.265079588001345 0.336933478151123 -0.10888585017966 0 0 116 0 0 0 0 0 0 0 0 0 0
0.118098026318976 1.69575170640542 -4.87451109707152 2.96692953163181 0.106035370817748 0.229090168801299 -0.0242562019028288 0 0 117 0 0 0 0 0 0 0 0 0 0
0.249608741654607 -0.83982868085942 -0.314291693988251 -1.191680115385 0.397755621225617 -0.665827081461771 -0.21263126538501 0 0 118 0 0 0 0 0 0 0 0 0 0
0.108207722902296 -2.19913428916945 0.684137799545241 1.9077560373404 0.111287732895945 -0.437820745224992 0.554937573489944 0 0 119 0 0 0 0 0 0 0 0 0 0
0.292024115737651 0.114911747943492 0.373452444047968 0.24187617420325 -0.336310719879492 0.877100358380509 -0.820930392692655 0 0 120 0 0 0 0 0 0 0 0 0 0
1.25945834527332 0.596703296830197 0.596003186044653 0.059716427327496 -0.973327199456506 -0.331605091143412 0.372985770527273 0 0 121 0 0 0 0 0 0 0 0 0 0
0.587530966219636 1.11529798493168 -0.277330758756416 -0.0652998930265547 0.648922350998795 -0.572423600388447 -0.521936641604027 0 0 122 0 0 0 0 0 0 0 0 0 0
0.118254993835915 -0.230283961013373 -0.205114642980023 0.818626770366294 -1.10200311914602 0.436013721604503 -0.657306940334967 0 0 123 0 0 0 0 0 0 0 0 0 0
0.644302277070082 0.0999554334903508 -0.743429192358479 -0.943685704092438 0.672528769617008 0.389229520783813 -0.491214726699494 0 0 124 0 0 0 0 0 0 0 0 0 0
0.30085249072923 0.212144211302633 -0.673355492384121 1.55804471773871 -0.297341569773325 -0.134608477235603 0.355899604409427 0 0 125 0 0 0 0 0 0 0 0 0 0
0.243611114291389 -0.912450555143496 0.368608125157815 -2.14825884590964 0.321350597449502 0.207061631092506 0.00261093902442787 0 0 126 0 0 0 0 0 0 0 0 0 0
1.08385615604216 -0.0500869988900533 1.66946751236105 -1.49122131588718 0.0572223317928474 0.396284102935137 -0.524039002175834 0 0 127 0 0 0 0 0 0 0 0 0 0
0.744738826091517 -0.441398335897461 0.782538354391629 -0.627781901932135 -0.286724566854266 -0.0258937594573361 0.661293464547901 0 0 128 0 0 0 0 0 0 0 0 0 0
0.227605107986055 -2.52071233572879 -0.967269031747756 1.97033862195852 -0.133516338597879 -0.489084522234545 0.00216268269233528 0 0 129 0 0 0 0 0 0 0 0 0 0
0.232195427039246 0.713913582779775 0.228873724733552 -1.76284485275309 -0.34142933731189 0.630859733222485 -0.33120664595774 0 0 130 0 0 0 0 0 0 0 0 0 0
0.270292477268365 -0.107482390083202 0.673930633236465 -0.381195191619086 -0.594090476694756 -0.0222059281990885 -0.900376394457696 0 0 131 0 0 0 0 0 0 0 0 0 0
1.13939890548258 -0.0052308344947017 0.104185429806564 -0.213074496533733 -1.42432923911047 -0.854697148688198 0.0137202531420159 0 0 132 0 0 0 0 0 0 0 0 0 0
0.100829590281021 -0.59257922425874 0.466158332265384 0.874814292669979 0.33937660539789 0.22772143462669 -1.33418668795387 0 0 133 0 0 0 0 0 0 0 0 0 0
2.53132622919228 0.0109521171567724 0.188189576078037 -0.295271423114566 0.0117221009674378 1.51786043651943 0.404555773472146 0 0 134 0 0 0 0 0 0 0 0 0 0
0.239470096947128 -0.0009373302717435 0.0988567728159463 0.169109855483911 1.27327111100495 -0.053355980896757 0.0198285698148774 0 0 135 0 0 0 0 0 0 0 0 0 0
0.14204001175143 -0.847972038685806 0.350184196487005 0.555664354829091 -0.711204869571351 0.486471747864538 0.502445700118073 0 0 136 0 0 0 0 0 0 0 0 0 0
1.05339864621713 -0.100376451168838 0.952316817030336 -0.383844790047492 0.893291014914536 -0.209931712514514 -0.581126268031508 0 0 137 0 0 0 0 0 0 0 0 0 0
0.0898774917710088 -0.501651990625023 -0.965011199887777 0.599101837522829 0.199164737858402 0.351571176588351 0.0147237136389616 0 0 138 0 0 0 0 0 0 0 0 0 0
0.300362986632207 0.215875903401797 0.119176747629922 0.2012599113473 -0.433286430030148 0.822514739270094 1.02351724355545 0 0 139 0 0 0 0 0 0 0 0 0 0
0.0942940012274076 -0.835853754731706 -0.347332594044219 -1.3042895317661 0.489602819818592 -0.675564645103099 0.750013700739127 0 0 140 0 0 0 0 0 0 0 0 0 0
0.175285203324313 0.695538092538677 -1.27680036372301 -0.318357162630158 0.363707030683521 -0.510242456011645 -0.3225380812765 0 0 141 0 0 0 0 0 0 0 0 0 0
0.111198435309399 -0.282305768132673 0.367081752398935 -0.365570979654706 0.260808631824031 0.34347276834229 -0.059968527539269 0 0 142 0 0 0 0 0 0 0 0 0 0
0.427289283584594 0.163511793588999 -0.0360979514820764 -0.586577399253404 0.343680549753129 -1.01301354740087 0.763835715562624 0 0 143 0 0 0 0 0 0 0 0 0 0
0.448119877744871 -0.712993969851863 0.458915111069368 -3.25334872935823 0.171028896029549 0.397150863821317 0.619334130758195 0 0 144 0 0 0 0 0 0 0 0 0 0
0.0865104294380872 0.232202483471491 -0.611672137851056 0.367425042140462 0.87151981446671 0.271219934048661 -0.187569809319384 0 0 145 0 0 0 0 0 0 0 0 0 0
0.158540472528338 -0.756322387732427 -1.04452099670573 3.72032434335651 0.79842890062574 -0.0820376534006791 -0.336222955801935 0 0 146 0 0 0 0 0 0 0 0 0 0
0.268022166277916 0.249734581646851 0.0486311433926167 -0.207767096597727 0.787883299780948 -0.121942475793329 -0.940883857564099 0 0 147 0 0 0 0 0 0 0 0 0 0
0.0921174739285766 0.0305291381772739 0.623599739848254 0.561060225802192 0.418857200171898 -0.405621907134054 -0.285611602316293 0 0 148 0 0 0 0 0 0 0 0 0 0
0.148241734192297 -1.39515963748964 3.20420806199215 1.44336047272784 0.613117233528233 -0.243772372857035 0.11182659819426 0 0 149 0 0 0 0 0 0 0 0 0 0
0.319264530083922 2.42498780060766 2.53708686447061 -0.927241429684914 0.459970748289738 0.179871314813944 -0.200409302099204 0 0 150 0 0 0 0 0 0 0 0 0 0
0.57682189680936 -0.351711692911087 -0.193633888582321 -0.324992883589283 -0.150054998796305 -0.543939697201407 0.0258656577718439 0 0 151 0 0 0 0 0 0 0 0 0 0
0.549939976004288 -0.110856944939983 1.72794039531487 0.610694256090017 0.034074148626013 -1.00886764204824 0.499511862755031 0 0 152 0 0 0 0 0 0 0 0 0 0
0.146619640121153 -0.222959884454458 0.662364792831076 0.221912219729474 -0.177717026008975 0.325065184127946 0.943551012217546 0 0 153 0 0 0 0 0 0 0 0 0 0
0.251225701261611 -0.0988722376633627 0.265553391051235 0.0040980885267211 -0.264144243290466 -0.662003002773965 0.437549627126326 0 0 154 0 0 0 0 0 0 0 0 0 0
0.580931393984913 -0.275593494981738 -1.04009684964045 -0.776293100251885 -0.493175457810946 -0.30781418236699 0.411030004171027 0 0 155 0 0 0 0 0 0 0 0 0 0
0.184853843338516 -2.66364348113957 -0.122797155256174 0.178624876798799 0.0355589674389273 0.578894169435684 -0.329724032429494 0 0 156 0 0 0 0 0 0 0 0 0 0
0.182747224439563 0.281676586106862 0.802551519623417 1.84529473804273 0.702896297461978 0.288962246715737 -0.535724735844372 0 0 157 0 0 0 0 0 0 0 0 0 0
0.0913068923968027 -0.064216998588606 -0.29306556027043 -0.0726695254249261 0.830167916751086 0.0819340707496836 0.694643241419304 0 0 158 0 0 0 0 0 0 0 0 0 0
0.108645748251456 3.62031613642027 -3.58216280929614 -0.550197144306532 0.583328634722715 0.541329202655632 0.141319461743743 0 0 159 0 0 0 0 0 0 0 0 0 0
0.142448830836407 -1.51794698404586 0.334215510812425 0.16922407192649 0.157615067226855 0.34563729740663 0.693604615416989 0 0 160 0 0 0 0 0 0 0 0 0 0
0.299464437072041 0.128682739118787 -1.57464459219498 0.33511710762959 0.679677489482697 -0.712016832519358 0.20855877710749 0 0 161 0 0 0 0 0 0 0 0 0 0
0.372972971441181 0.42288948067578 0.239474568057866 -0.424592153344835 0.35867868343331 0.605819602739621 0.551646661653518 0 0 162 0 0 0 0 0 0 0 0 0 0
1.72213921558579 -0.713510910832787 1.27571840359178 -2.42050364604893 0.467382428464314 -0.107525390348669 0.49184407320197 0 0 163 0 0 0 0 0 0 0 0 0 0
0.0851491747836078 -0.12447321665528 0.747229815328302 0.239606544304101 0.458652754914263 -0.803152360429126 -0.666025387933831 0 0 164 0 0 0 0 0 0 0 0 0 0
0.107981509979942 1.92589861587008 0.173015466329561 0.923230544872518 0.22579424292393 0.611699534537445 -0.550964182227696 0 0 165 0 0 0 0 0 0 0 0 0 0
1.2887226417356 2.34765298140024 -3.75804117058238 -4.12677278747184 0.423455746035692 -0.357210333502068 0.0867272481147549 0 0 166 0 0 0 0 0 0 0 0 0 0
0.141739961654341 -0.508136449325906 1.99109831668106 -0.0375675999671022 0.406201402745176 -0.00701178576264021 0.0901127939772827 0 0 167 0 0 0 0 0 0 0 0 0 0
0.0865831761807059 0.636882148065166 0.82415364509285 0.0572047697156926 -0.367035322370607 0.441098303862451 -1.5413737789399 0 0 168 0 0 0 0 0 0 0 0 0 0
0.314415056442016 -1.01565393130835 -0.610609557702666 1.5674724858197 0.880060429046666 0.19217931618499 0.539182141398029 0 0 169 0 0 0 0 0 0 0 0 0 0
0.656359834679868 0.869919702240724 -0.272289455064236 0.078944549918529 1.04808344020586 -0.302575454563813 -0.556398499630742 0 0 170 0 0 0 0 0 0 0 0 0 0
0.218930587184428 6.02268131839278 0.387377184554373 0.618410778095015 -0.371240675574371 -0.210164620738399 -0.0626905245314157 0 0 171 0 0 0 0 0 0 0 0 0 0
0.85565615246963 -1.94848041227724 -1.10403040293135 0.701248709745111 -0.678226000050027 -0.285984138149195 0.25591451608489 0 0 172 0 0 0 0 0 0 0 0 0 0
1.09316275292257 -2.13063826175401 -2.62017426691262 -3.06333742164726 0.16136204906615 -0.348423254056977 -0.301252293434366 0 0 173 0 0 0 0 0 0 0 0 0 0
0.116524000303266 1.0094100083155 1.51229482038146 0.982985684975963 -0.319261726838138 0.0347129265983296 0.683617120248481 0 0 174 0 0 0 0 0 0 0 0 0 0
0.808081880119017 -0.283327697509347 0.945382151050591 0.131928173454499 0.556462771288296 0.351623455364948 0.184246768579844 0 0 175 0 0 0 0 0 0 0 0 0 0
0.75393387002223 1.88311191488748 0.947036933226134 0.87793825109861 0.342501784162309 0.231346313316504 -0.0418065266061196 0 0 176 0 0 0 0 0 0 0 0 0 0
0.286897299940143 -0.486333352077471 0.154502524558978 0.123670956152099 0.612684318624779 0.669279226302931 0.377019471777197 0 0 177 0 0 0 0 0 0 0 0 0 0
0.360055754282223 1.07161476571792 0.806916302573918 -1.06239694684229 -0.41964856275564 -0.664640900704523 -0.461492627971239 0 0 178 0 0 0 0 0 0 0 0 0 0
0.208592728140206 -0.935996794584972 -1.68143898734712 -1.28967335681521 0.0305444231374796 0.769527303895289 -0.640772337158301 0 0 179 0 0 0 0 0 0 0 0 0 0
0.218648156346865 0.681688927379317 -0.978995379006706 1.29630148980823 0.928984035492699 -0.0357274285199183 0.940185354914824 0 0 180 0 0 0 0 0 0 0 0 0 0
0.759611523938592 0.0198949627103055 0.16714108105555 -0.0980112561389241 -0.828478548581471 -0.302898980428115 1.03337455675542 0 0 181 0 0 0 0 0 0 0 0 0 0
0.373902617277993 4.11020261127639 -2.49610796453297 -1.46281294181298 0.171751936115751 -0.0343785002617353 0.860980253006317 0 0 182 0 0 0 0 0 0 0 0 0 0
0.352363437752391 2.01521013016457 -0.913146415180176 -1.68739487020562 -0.533320083575324 0.30792376242875 0.131802125551831 0 0 183 0 0 0 0 0 0 0 0 0 0
0.508390838564986 -0.263891994135826 0.138843770923488 0.220697019891181 0.259043532923816 0.585291383755846 0.674273281598246 0 0 184 0 0 0 0 0 0 0 0 0 0
0.285113830088647 0.790806239231537 1.46496397995333 0.807059174442437 0.179285814288083 0.105527514089927 -0.50400860195235 0 0 185 0 0 0 0 0 0 0 0 0 0
0.348042947530348 0.496432041412563 -0.184008672462398 -0.222273518969361 0.324612972385874 0.129452011299809 0.20573473760586 0 0 186 0 0 0 0 0 0 0 0 0 0
0.192672816823006 0.583246359007001 -0.174325531979691 -0.206295696988012 0.244462792214122 1.48835038970534 -0.156160924778918 0 0 187 0 0 0 0 0 0 0 0 0 0
1.15888037607405 3.83042840374162 0.98922986701351 4.78811715985525 0.355572494081498 -0.0566792732593486 0.52302890830846 0 0 188 0 0 0 0 0 0 0 0 0 0
0.778967518465159 7.50301817153308 -4.1784049717023 -2.32570599111782 -0.213505162443166 0.0693073148442913 0.138645031780005 0 0 189 0 0 0 0 0 0 0 0 0 0
0.775462460639068 0.173114153836808 -0.45068754862797 -0.881161491764582 -0.191932408403155 0.229454217150472 0.565887120700831 0 0 190 0 0 0 0 0 0 0 0 0 0
0.884855515146687 0.671224875965757 0.621845902031054 -1.54029279098528 0.496712168252753 0.263409207914753 -0.482694378137467 0 0 191 0 0 0 0 0 0 0 0 0 0
2.92354859312482 -0.921670506209706 2.50330956176332 -0.462226877634254 0.281130396825871 0.146827999307274 0.779616819379544 0 0 192 0 0 0 0 0 0 0 0 0 0
0.109799188414326 0.0438611764457685 0.15446047254795 0.0573995416841992 0.126965412177668 1.43906642775425 -0.0106335907481842 0 0 193 0 0 0 0 0 0 0 0 0 0
0.0843182545884893 -2.56956471127907 -1.40394349032218 -9.11541495237139 -0.263494871945331 0.191371417808379 0.345471453684953 0 0 194 0 0 0 0 0 0 0 0 0 0
0.155092857879491 1.63922116167615 -0.945467659831301 0.013642761470418 -0.228497907008717 -0.617375325822243 -0.0744569551433372 0 0 195 0 0 0 0 0 0 0 0 0 0
0.253695380237421 0.254257997429878 0.687798914111965 0.122371165263088 -0.676483336793126 0.878599221227416 -0.146715044040297 0 0 196 0 0 0 0 0 0 0 0 0 0
0.126911186614226 -0.0265139210238657 0.671089050162095 0.53884814101122 0.531511661452521 -0.324925613260558 0.553499629306983 0 0 197 0 0 0 0 0 0 0 0 0 0
0.674518339221322 2.35584387410513 -1.27041657194856 3.98679941267149 -0.354957759809338 -0.198500453057507 -0.227275291833415 0 0 198 0 0 0 0 0 0 0 0 0 0
1.12776366001601 -0.222333607372791 -1.20468542710184 -0.666438866980158 -0.724840669186958 -1.09623718590496 0.075128998295256 0 0 199 0 0 0 0 0 0 0 0 0 0
0.17012299599967 -0.631454819621045 -0.166516226411757 -0.66263170601247 0.212001247500843 0.510915144343271 -0.27417753488443 0 0 200 0 0 0 0 0 0 0 0 0 0
1.1153169995638 1.08463712527172 0.526126900710782 -0.501735540116433 -0.26140801451084 0.230339991926448 -0.894223033912 0 0 201 0 0 0 0 0 0 0 0 0 0
0.163686512481003 -0.472939101248054 -0.174195242183325 0.314414223771863 -0.440488194848668 0.191648971100762 -0.19579451245411 0 0 202 0 0 0 0 0 0 0 0 0 0
0.413101167885371 0.496614945729661 1.47574209279927 0.983126351832307 0.337914705894687 -0.259618131027161 0.0549597995011083 0 0 203 0 0 0 0 0 0 0 0 0 0
1.46105296964792 0.229575893399002 -0.134206100234723 -1.30028465394947 -0.664373020851871 -0.246365468702971 0.461084646584439 0 0 204 0 0 0 0 0 0 0 0 0 0
0.0914662523803649 0.330396170691162 0.124143233181953 -1.14912121408925 0.917339198562669 0.955004494231701 -0.316843686274309 0 0 205 0 0 0 0 0 0 0 0 0 0
0.472719575893626 -0.360284560931152 0.449529924236687 0.0719663109167793 -0.611891374555208 0.479777708210309 -1.31985771651981 0 0 206 0 0 0 0 0 0 0 0 0 0
0.158498783840601 -0.554104235054981 0.0648166337069591 -2.84594764408341 0.657935367280797 0.298496602718211 0.416804067367493 0 0 207 0 0 0 0 0 0 0 0 0 0
0.319566346652328 -1.13138214511775 -3.82809800702105 -7.13718992567717 -0.0558075600289839 -0.379525223862293 0.389151509325383 0 0 208 0 0 0 0 0 0 0 0 0 0
0.48729610682664 -0.389318539604259 0.318635934508524 -0.0932636575126373 0.240597555581865 0.30453923775838 -0.907778933773462 0 0 209 0 0 0 0 0 0 0 0 0 0
0.578346948646658 -1.96336706701137 0.484403259070578 0.326445074038113 0.134954300758701 0.222544342037267 0.765864883094113 0 0 210 0 0 0 0 0 0 0 0 0 0
0.164474428300536 -1.28381389934136 0.0760142313108594 -0.169113262935269 -0.208369859504219 0.852944380761631 0.716684506145386 0 0 211 0 0 0 0 0 0 0 0 0 0
0.152799973615129 -0.216863523226952 -0.335808102077322 -0.0077954533748113 -0.849729553146211 0.274307557577748 0.563670385302984 0 0 212 0 0 0 0 0 0 0 0 0 0
0.160966277656958 -2.47823332851042 1.35363141083975 0.775274385169839 -0.0240042100730569 0.519277474967764 -0.0553273678116436 0 0 213 0 0 0 0 0 0 0 0 0 0
0.13091562920043 -0.641745631998001 0.124415541593199 1.04997630104002 0.249719667196879 1.07137903572526 0.749029694038576 0 0 214 0 0 0 0 0 0 0 0 0 0
0.196590540390885 0.0555611134178489 -0.573204071817173 -0.340669744396697 0.177344990729183 0.522861736561249 -0.179686082383687 0 0 215 0 0 0 0 0 0 0 0 0 0
0.329514077026628 -0.0112641773281263 0.260711813331742 -0.0505341619722783 1.62122361461985 -0.287466277940114 0.0105536181869898 0 0 216 0 0 0 0 0 0 0 0 0 0
0.68192048354957 -0.314235001914457 -0.3815208470848 0.106687287997193 -0.985754777879438 -0.908847678934508 -0.21178889377046 0 0 217 0 0 0 0 0 0 0 0 0 0
0.24722932747064 -1.15338123574675 3.02329065612388 -6.9010591950542 -0.414927953322938 -0.112206931386345 0.245297553276367 0 0 218 0 0 0 0 0 0 0 0 0 0
0.106539993478889 -1.27013972182996 -0.665952679439279 0.494048644140152 0.584378717753162 0.510866527968217 -0.304826289153541 0 0 219 0 0 0 0 0 0 0 0 0 0
0.246129835828445 -1.33477458497492 -0.82222036477111 -0.963786335439801 0.300869752781132 -0.477412822922757 0.741645250901841 0 0 220 0 0 0 0 0 0 0 0 0 0
2.75903100245782 -0.170603037204551 0.206028452004909 0.733634566871531 -0.172101295346852 -1.00886853714337 -0.010060029616311 0 0 221 0 0 0 0 0 0 0 0 0 0
1.73247488562753 -0.65596346222767 -0.0361822995640523 -0.17033638712735 -0.28127872316299 -0.164629729289875 1.33797901142397 0 0 222 0 0 0 0 0 0 0 0 0 0
0.0915229027804586 -0.0786724458461613 -1.09510362082527 -3.70253180618369 -0.179114712206507 0.824485797505712 -0.166289035462789 0 0 223 0 0 0 0 0 0 0 0 0 0
0.130407276147894 0.418292015896283 -0.603147614962833 3.02097141547275 0.369899968668489 0.0713708808463851 0.487132812476684 0 0 224 0 0 0 0 0 0 0 0 0 0
0.632689246847543 -0.510690565145718 0.564766592060251 -0.257994234708257 -0.324922217761772 -0.362010103012049 -0.849435071788833 0 0 225 0 0 0 0 0 0 0 0 0 0
0.108764389987642 -0.71937415839068 -0.350352258169073 2.33557744352257 -0.122714794554448 -0.382356040248227 0.520866396334206 0 0 226 0 0 0 0 0 0 0 0 0 0
0.124801580211973 0.319417626093132 -0.0705462657590931 -0.474822378531935 -0.733640148739715 0.470931652584336 -0.299578435798903 0 0 227 0 0 0 0 0 0 0 0 0 0
0.619233399094867 0.346850194949059 -0.528496677708512 0.0992811625684676 0.425677308061952 0.359311514416869 -1.12486283541597 0 0 228 0 0 0 0 0 0 0 0 0 0
0.405066625547209 0.127948822078325 -1.46138254670917 -3.20866405253462 0.297865539630652 0.350596829958574 0.0470207524494495 0 0 229 0 0 0 0 0 0 0 0 0 0
1.1536316170302 -0.301630297027362 -0.144430490680113 0.157067098380481 1.4982540627217 -0.208346064442639 0.271537655996927 0 0 230 0 0 0 0 0 0 0 0 0 0
0.171860335466481 0.160588732704211 0.760039857217402 -0.524285351146499 0.356422343995153 -1.13068892408251 0.847941623993102 0 0 231 0 0 0 0 0 0 0 0 0 0
0.588329814105047 0.158451464236095 -0.649353177538422 1.0168200364072 0.972138688432351 -0.540906201740614 -0.219795139766146 0 0 232 0 0 0 0 0 0 0 0 0 0
0.569516655988457 5.26274322523192 3.61743387650164 1.31972596911644 0.0121692010222738 -0.146133199018616 0.114552684074287 0 0 233 0 0 0 0 0 0 0 0 0 0
0.084704434494475 -2.33385166498174 -0.968456004844191 7.41476160872151 0.330094299703095 0.500852026774086 -0.188430182714039 0 0 234 0 0 0 0 0 0 0 0 0 0
0.147383186229862 0.15395519717228 0.0165952097452002 0.103418053516711 -0.0631230760839842 0.364428549156614 -0.792636693741202 0 0 235 0 0 0 0 0 0 0 0 0 0
0.244153456709831 0.0036857072975544 -0.820706139884511 1.48663740202416 0.705509134456145 0.656983903419749 0.585054874186582 0 0 236 0 0 0 0 0 0 0 0 0 0
0.133649726454865 1.70085839708993 -0.952385578519589 0.888455330342143 1.10523806050821 -0.581783646620649 -0.120694075149883 0 0 237 0 0 0 0 0 0 0 0 0 0
0.0811920255360956 -0.141061057328935 -0.445892516238189 1.52042237435562 0.860187445465082 0.0944602084336999 -0.115188342570542 0 0 238 0 0 0 0 0 0 0 0 0 0
0.180973225172177 0.47492387378533 -0.0280117517631957 0.356312086373992 0.0258430313720861 -1.20614057121414 0.19467726026432 0 0 239 0 0 0 0 0 0 0 0 0 0
0.224887599995042 -0.627956340608761 2.29825470946186 1.40235540363679 0.0345132652133199 0.355389116551344 0.0664274329953117 0 0 240 0 0 0 0 0 0 0 0 0 0
0.164293616233374 -0.601762979552164 0.0314717072612315 -0.683719059427239 -1.15018636118363 0.694133736026122 -0.0818285711325082 0 0 241 0 0 0 0 0 0 0 0 0 0
0.387206663461885 0.379678172822954 -0.0097051724959448 -0.182399221605948 -0.492697375745665 0.474763832396981 -1.70283187063739 0 0 242 0 0 0 0 0 0 0 0 0 0
0.0816237048608799 -0.972957998102384 0.764276918319849 -0.37130528590037 -0.366270516563337 0.600016797961973 0.305924590436927 0 0 243 0 0 0 0 0 0 0 0 0 0
0.0816561821473972 0.136499800887195 1.00745867887091 -1.03051124304355 0.116481152261487 0.662306250220555 0.152184791844546 0 0 244 0 0 0 0 0 0 0 0 0 0
1.39144578445796 -0.056927512192488 -2.84419898668757 0.0548205921631315 0.384426257948931 -0.238401403402957 0.0990891457629928 0 0 245 0 0 0 0 0 0 0 0 0 0
0.120888133956142 0.0124561532410692 0.170477562697029 0.25710366963533 -0.0910351241687222 0.296726578995829 1.03415009443571 0 0 246 0 0 0 0 0 0 0 0 0 0
0.50535089430572 -0.0804498702047328 -0.179069963971041 -0.680782493216568 1.38269347007378 -0.250629120588971 -0.242346011414093 0 0 247 0 0 0 0 0 0 0 0 0 0
0.088528647277256 1.05736006875555 -0.125987380932406 -0.740805542015868 -0.0929030712340005 -0.860752632207367 0.481613401963638 0 0 248 0 0 0 0 0 0 0 0 0 0
0.174594910790459 -0.581853181404419 1.24296886261551 -1.00431789805445 1.12551011441103 -0.675821240652139 0.210761011681456 0 0 249 0 0 0 0 0 0 0 0 0 0
0.130115258928496 -0.613350376557958 0.0698677502252676 0.628239371065716 0.596569237547059 -0.2442584037227 -1.03279528280862 0 0 250 0 0 0 0 0 0 0 0 0 0
0.539633412051097 -2.87972556700167 -0.0923234969587087 0.598941517412113 0.533094437371766 0.211764136548384 0.0916247972760669 0 0 251 0 0 0 0 0 0 0 0 0 0
0.127624226461903 -0.010878249610032 -0.213532555893832 0.168786265235034 0.0716063559991683 0.427626141157555 -0.797371652504049 0 0 252 0 0 0 0 0 0 0 0 0 0
1.36130285501465 -0.191933270814142 1.27824563731993 -0.0330532585468875 -0.41435511700738 -0.569962403888896 -0.0463946967586517 0 0 253 0 0 0 0 0 0 0 0 0 0
0.163920503817784 0.254559067290538 -0.332404167005254 0.792302243801182 -0.367979379714976 0.926177561564869 1.19171803064733 0 0 254 0 0 0 0 0 0 0 0 0 0
0.120787087473511 0.19355596341641 0.771864375177274 0.59207394383068 0.822892908799154 -0.340946047182728 0.661061413762064 0 0 255 0 0 0 0 0 0 0 0 0 0
0.126107154805557 -1.47253794131881 -0.532875981484475 1.78897752603323 -0.419455130393974 0.128136264097556 0.0604425430630139 0 0 256 0 0 0 0 0 0 0 0 0 0
0.107742179509819 0.230277930325242 -0.0702550447525858 0.122070829079798 -1.00197690893721 -1.4751651982327 -0.36866320518843 0 0 257 0 0 0 0 0 0 0 0 0 0
0.149297821164356 -0.259468964329348 -0.207430770817075 0.153147601485657 -0.329615214352188 -0.686473263536376 1.04623059154806 0 0 258 0 0 0 0 0 0 0 0 0 0
0.142580746851892 1.16260624674332 -1.26985129648085 -0.0748341856404385 0.0167832764325118 0.0125688515129452 0.735658158345255 0 0 259 0 0 0 0 0 0 0 0 0 0
0.150452798413978 -0.123929531529811 0.814868877484258 1.51843417810966 0.807784151371359 -0.591733914143107 0.441930179099437 0 0 260 0 0 0 0 0 0 0 0 0 0
0.153605073346595 1.55079433245638 1.1813146045516 0.809863660574484 -0.345383902970373 -0.584502979226332 0.413783285628713 0 0 261 0 0 0 0 0 0 0 0 0 0
0.26425701921912 -0.871348362652832 0.331317949401671 1.17974631971677 -0.239601149075832 -0.63120316719731 0.254549837019341 0 0 262 0 0 0 0 0 0 0 0 0 0
0.55355683078657 -0.461551000068615 0.0047706218993087 0.736039927495099 -0.217287886000663 0.0855012836050924 -0.435744704999808 0 0 263 0 0 0 0 0 0 0 0 0 0
0.113352185446633 0.960070592188171 0.114969500000708 1.48511031998969 0.804063476649912 -0.365297342738999 0.336398987038279 0 0 264 0 0 0 0 0 0 0 0 0 0
0.149781250617791 -0.187741553558753 0.477081883985275 -0.231611581000338 -0.551447030265854 1.22264461533462 0.963550806896647 0 0 265 0 0 0 0 0 0 0 0 0 0
0.391015951787207 -0.100183596760995 -0.269297540729362 1.15968977721024 0.332381661297952 -0.235801484090368 0.125650626373811 0 0 266 0 0 0 0 0 0 0 0 0 0
0.218599954736975 0.0079648531852503 -0.31665251032385 -0.0909389737860624 -0.797551797517696 -0.2554593303488 0.874232524603303 0 0 267 0 0 0 0 0 0 0 0 0 0
0.457650822768567 2.66865997509552 -2.46928433190514 2.63306084629423 -0.149822988572404 -0.157289941127653 0.589156389250489 0 0 268 0 0 0 0 0 0 0 0 0 0
0.600739225325239 -0.617724609349047 0.735429831576754 -0.927757209858068 -0.156281274155729 0.273087278033754 -0.278861378719399 0 0 269 0 0 0 0 0 0 0 0 0 0
0.299379072672189 -1.16384688419161 0.281845047078029 -0.572581715125308 -1.07656222514414 -0.367731091392271 0.248728156133809 0 0 270 0 0 0 0 0 0 0 0 0 0
0.178355807140304 -0.256660450623817 -1.54760513814857 -1.41981235963031 -1.04116107577089 0.419641434722257 0.193854945031516 0 0 271 0 0 0 0 0 0 0 0 0 0
0.464988114116167 2.04410169707291 -4.93162190919002 1.86964607492846 0.00983204753758718 -0.242537101007535 0.0407149154140467 0 0 272 0 0 0 0 0 0 0 0 0 0
1.08429285636345 0.479632607137692 -0.299146826414732 -1.69269818946687 -0.531861343189716 -0.12879376345663 -0.827496482131086 0 0 273 0 0 0 0 0 0 0 0 0 0
0.455484118159198 -0.788730904362077 -0.1379086184796 1.08550066378315 0.149781429667213 -0.603020987553558 0.432613955046344 0 0 274 0 0 0 0 0 0 0 0 0 0
2.20985888369673 -0.592058309871979 0.962718257456066 -1.77262184165655 -0.552962279772328 -0.943726192886473 -0.589377834579073 0 0 275 0 0 0 0 0 0 0 0 0 0
0.323751889753328 0.917947941041049 0.894205140666353 -0.0196450419898333 -0.523261209195891 -0.156153730679147 -0.592153894608644 0 0 276 0 0 0 0 0 0 0 0 0 0
0.187461491474046 -0.568980177273185 -0.134681899232337 0.336338857451569 -0.55804155239991 -1.09061319544419 -0.561243584859171 0 0 277 0 0 0 0 0 0 0 0 0 0
0.0814020427428153 -1.7093359035604 4.20152868844837 1.12500855741484 0.0919864402464718 0.392039046294217 -0.342449969535205 0 0 278 0 0 0 0 0 0 0 0 0 0
0.574784824690793 -0.0819386628628932 -0.422395600813296 0.627668842800845 -0.994507319675268 0.253781640901716 -0.610964008988056 0 0 279 0 0 0 0 0 0 0 0 0 0
0.13731472242433 1.48795804525103 1.92188497151707 -1.39978197656309 -0.319348579813741 0.0925709973262476 -0.626495386802977 0 0 280 0 0 0 0 0 0 0 0 0 0
1.51794746311625 -1.34187200674141 -1.7732074035143 1.0045377617143 -0.231790133200154 -0.53082660373414 -0.410332920714427 0 0 281 0 0 0 0 0 0 0 0 0 0
0.0898087704801905 -0.396373912208887 -1.15892463801958 0.900206372086474 0.160135961245385 0.786238349675401 -1.04554773970157 0 0 282 0 0 0 0 0 0 0 0 0 0
0.0813799452859528 0.630148311722448 -0.601997492512664 -0.776581446352303 -0.752671012311733 0.441434163604531 0.0739995264368823 0 0 283 0 0 0 0 0 0 0 0 0 0
0.441008863546913 -2.05627651095094 -0.972494116520564 0.287811376154867 -0.412642722395982 -0.00498306879906194 0.333716180660028 0 0 284 0 0 0 0 0 0 0 0 0 0
0.179844725337213 -0.258359767206839 1.13567206382658 -1.91440279432385 -0.0623137254831069 -0.367916299037851 0.402645404022077 0 0 285 0 0 0 0 0 0 0 0 0 0
0.657868702043974 -1.53516661698126 -1.09074425908958 0.140008722425542 -0.92565124849405 -0.701253722874771 0.37660299934395 0 0 286 0 0 0 0 0 0 0 0 0 0
0.0880021878712673 0.420383808700173 0.608663663218781 0.477170576794037 0.943990610915371 0.569262754530675 0.15379367873478 0 0 287 0 0 0 0 0 0 0 0 0 0
1.11369541434472 -0.0629172155728979 -1.47069197054692 -0.295596602215954 -0.252525654669919 0.11093121735909 0.389493093468257 0 0 288 0 0 0 0 0 0 0 0 0 0
0.431702137301842 -3.23690119586906 -1.67859515681448 0.175818374336332 0.278798748790149 0.242846881416641 -0.0218034130734836 0 0 289 0 0 0 0 0 0 0 0 0 0
0.0900995941736144 14.4686335872576 5.08950862821121 -0.427412576228228 0.184012160007323 -0.190601670526116 0.193787867359585 0 0 290 0 0 0 0 0 0 0 0 0 0
10.4460841230412 0.811447178633116 0.303922068401083 -1.34928407528584 0.137218579005026 0.174892667518318 -0.87718984151356 0 0 291 0 0 0 0 0 0 0 0 0 0
0.26062673806291 -0.13724814005649 -0.528903886517828 -0.80818466869081 -0.644289935337704 -0.126524634311295 0.564468732649765 0 0 292 0 0 0 0 0 0 0 0 0 0
0.531166202075048 0.281568678001617 -0.756973580987303 -4.86977867880286 -0.304780865566855 0.0942474927310202 0.439662982499703 0 0 293 0 0 0 0 0 0 0 0 0 0
0.148344762078193 -8.03184073831893 -7.51251776294067 -1.58071480041028 0.172058465740066 0.107582096371749 0.103766806173562 0 0 294 0 0 0 0 0 0 0 0 0 0
0.246474197943848 -0.665178681902488 0.48325427959047 0.666849577634753 -0.317655516183518 0.932278010505536 0.0963025155338776 0 0 295 0 0 0 0 0 0 0 0 0 0
0.429389549760458 -0.349888441040478 0.0964672166569913 0.226160908107797 0.113541062958191 -0.985162953778388 -1.04744106337896 0 0 296 0 0 0 0 0 0 0 0 0 0
0.406460706301319 -0.655761200955731 -0.28427484247382 0.153205472475127 -0.938116449307893 -0.149528135440172 -0.701926639486584 0 0 297 0 0 0 0 0 0 0 0 0 0
0.401346168916727 2.80235694856137 -0.652754526454145 1.56611066728704 -0.357456605137366 -0.2203266469187 0.0513824974549542 0 0 298 0 0 0 0 0 0 0 0 0 0
0.281683753597244 -0.470037478873924 -2.97667581457412 0.122444108372061 0.170286386607554 0.560124724846118 -0.231576738857062 0 0 299 0 0 0 0 0 0 0 0 0 0
0.61631981185007 -0.535003499309064 2.09935874366602 -1.62982955560758 -0.349324387890229 -0.716560376003331 0.325562600717342 0 0 300 0 0 0 0 0 0 0 0 0 0
0.316482006357777 3.30233956961753 -4.5898108233561 1.78281945501595 0.175404792827579 -0.0219755947010154 0.466493992856646 0 0 301 0 0 0 0 0 0 0 0 0 0
0.360710485501779 0.0481078211984482 0.263586600984188 -0.50905945923912 0.825519674891881 0.213742039672944 -0.602718918555895 0 0 302 0 0 0 0 0 0 0 0 0 0
0.099967023697215 -0.170846549490011 0.755838737935469 -0.0405691511393194 0.245989516109276 -0.768910941301652 -1.00516889907014 0 0 303 0 0 0 0 0 0 0 0 0 0
0.50959131817207 -0.196376510306817 0.0459786063895433 -0.0071874718288829 0.906729388450299 -0.661238231727664 -0.457387392124419 0 0 304 0 0 0 0 0 0 0 0 0 0
0.167672198467598 0.469259780185443 0.18552827283305 -0.201924436162342 -0.350614716596053 -0.204386052156466 -0.00144896540590034 0 0 305 0 0 0 0 0 0 0 0 0 0
0.0807022628119175 0.852195150783354 0.303039375318126 1.28150582463557 -0.528278238343467 -0.93949477600771 0.026406409649632 0 0 306 0 0 0 0 0 0 0 0 0 0
0.178842745470197 -1.34324681232928 0.859476272702629 0.162015201591058 0.497478810974335 0.518172851419365 0.500390688490793 0 0 307 0 0 0 0 0 0 0 0 0 0
0.321811429629874 -0.189687391503518 0.728281003862564 -1.05660166290387 -0.0335953883511943 0.634590436605155 0.356913577300515 0 0 308 0 0 0 0 0 0 0 0 0 0
0.449431055943949 -0.0150081656218787 0.0816493826291479 0.119859641103888 0.138693851163576 -0.222169139688306 1.57999105770262 0 0 309 0 0 0 0 0 0 0 0 0 0
0.415236751625204 -0.275573864204697 -0.388475420055532 0.221555759557514 -1.23925729351989 0.274488419965757 0.547871469034849 0 0 310 0 0 0 0 0 0 0 0 0 0
0.112718589865195 0.792476536541833 1.18345498045116 -0.553270116738753 -0.643801605181291 -0.0321926724185986 0.741690820596188 0 0 311 0 0 0 0 0 0 0 0 0 0
0.247581803511785 0.544050969528074 0.384670631908992 -0.998335065043363 0.546865977760368 -0.125148727506741 -0.0522238254339614 0 0 312 0 0 0 0 0 0 0 0 0 0
0.14401451053135 0.278906734475135 0.258264188330783 -1.25502622193303 0.0779230690197545 -0.553054623102892 0.820294200627713 0 0 313 0 0 0 0 0 0 0 0 0 0
0.234333038939638 0.915922707236674 -0.597487498198905 0.0078517779062469 -0.770321156431397 -0.259592112898507 -0.48619782862608 0 0 314 0 0 0 0 0 0 0 0 0 0
0.599874141985516 -0.537915780187957 -0.326431482969986 -0.134959730652265 -0.615280847107695 0.86070077000022 -0.523855285578258 0 0 315 0 0 0 0 0 0 0 0 0 0
0.0837391256763878 -3.35511275970787 0.475985243184101 -1.05271247180931 0.160831938296279 0.19624416166261 0.665001343870054 0 0 316 0 0 0 0 0 0 0 0 0 0
0.0859907385152398 0.26042467267035 -0.404829800515719 -0.795095305673427 0.969683577251024 -0.120631729693467 0.698516981403818 0 0 317 0 0 0 0 0 0 0 0 0 0
0.289550024002046 -1.10237336568796 0.717305387723325 -0.362165473328553 0.343385694520141 0.0480124158180728 1.35273143338674 0 0 318 0 0 0 0 0 0 0 0 0 0
0.154294138819646 0.266414345676248 -0.156862023644997 0.185455700210787 -0.361656110552621 0.743358015275049 0.348009158783053 0 0 319 0 0 0 0 0 0 0 0 0 0
0.942325170656557 -0.321373997728103 -0.388053676051064 0.0173250271011475 -0.527533624068241 -0.313731333585772 -0.498201616897845 0 0 320 0 0 0 0 0 0 0 0 0 0
0.629994127772598 0.203987652148771 1.50226458384802 1.95353085865982 -0.614956707511725 -0.156970596929727 -0.0444927806395222 0 0 321 0 0 0 0 0 0 0 0 0 0
0.945235147582452 -0.372789315694614 1.06872053918524 0.197617094378381 -0.155054395834501 0.360709383919198 -0.40550903459659 0 0 322 0 0 0 0 0 0 0 0 0 0
0.139344281355689 1.56252993487611 0.831285454919076 -0.0698707528279499 0.336460811356247 -0.0700685676833522 0.526121319512504 0 0 323 0 0 0 0 0 0 0 0 0 0
0.318374100098227 1.30905237451997 -2.5760954542543 0.69108031497225 -0.151296772288345 0.330846583298604 -0.0412643996296766 0 0 324 0 0 0 0 0 0 0 0 0 0
0.104499356940658 -1.40113880437832 -2.03730435650622 -0.207095522928898 0.680042816408806 0.0890454538616994 -0.0154235283848142 0 0 325 0 0 0 0 0 0 0 0 0 0
0.0910876756506232 3.26896188880901 -0.46642930295789 1.24083797920664 0.127460786416168 -0.133009064194333 -0.333392024356616 0 0 326 0 0 0 0 0 0 0 0 0 0
0.374825083148643 -0.296060523177335 -0.0686650581338496 0.0793866706013236 -0.363824170198958 0.179751375219585 0.564023224938309 0 0 327 0 0 0 0 0 0 0 0 0 0
0.0916851087280922 0.173693655690554 -0.213285206091978 0.431352939864684 -0.857392703238167 0.833746331529851 0.315928793804132 0 0 328 0 0 0 0 0 0 0 0 0 0
0.846246180921614 2.0544691454822 -1.33813757664392 -0.440241068180148 0.210436230440381 0.75915986461836 0.270520318049521 0 0 329 0 0 0 0 0 0 0 0 0 0
0.13254861342392 2.68871858291394 -1.32262141294983 2.15084921832451 -0.425585207996429 -0.0926166895220365 0.416343141811703 0 0 330 0 0 0 0 0 0 0 0 0 0
0.272137946420482 0.117917789262674 -0.619859633286323 0.33907356372341 0.232250716133833 0.345012659815918 1.21965807481645 0 0 331 0 0 0 0 0 0 0 0 0 0
0.353315546578699 -0.819072972218197 -0.792425644530006 0.0755609200706157 0.673425111849189 0.840881266357851 0.38303393767473 0 0 332 0 0 0 0 0 0 0 0 0 0
0.167253832383616 -2.45880799841745 -0.1917502252103 1.92627063477112 -0.189231862462754 0.808410937171876 0.693086975447275 0 0 333 0 0 0 0 0 0 0 0 0 0
0.11039060987122 0.970691912107185 2.30272794271825 0.291443685878735 0.170603136168633 0.355953458352217 -0.242552388725216 0 0 334 0 0 0 0 0 0 0 0 0 0
0.236515716839978 -0.854244970617601 -0.972698475894859 -0.136572684693872 0.864933065591821 -0.445440429408168 0.166943684182749 0 0 335 0 0 0 0 0 0 0 0 0 0
0.166584039151768 0.863074335674029 0.637114895990971 -0.309544933036061 0.317604760194055 -0.593257207738132 -0.181522792767634 0 0 336 0 0 0 0 0 0 0 0 0 0
0.283199411107003 1.10350503774586 -0.487770103987392 -0.783339443159144 -0.033401645227382 0.610100830854987 -0.646783033175426 0 0 337 0 0 0 0 0 0 0 0 0 0
0.148274863666139 1.59679157530992 -1.24041479373323 -0.146954538199825 -0.335128220744094 0.136599091049116 -0.0290877844744035 0 0 338 0 0 0 0 0 0 0 0 0 0
0.0804236808874522 1.17738743129885 0.87769016279211 -0.515853088957296 1.35685041731892 -0.223501520598172 0.10192683664453 0 0 339 0 0 0 0 0 0 0 0 0 0
0.112118599592993 0.173638113403369 0.404000014013664 -0.461548788603788 -0.603373242787713 0.598148134585405 0.222094685227652 0 0 340 0 0 0 0 0 0 0 0 0 0
0.0979850685181384 -0.435442793320108 -1.44618813332416 1.00402377345723 0.306234095618963 0.971381965784455 0.355019252527155 0 0 341 0 0 0 0 0 0 0 0 0 0
0.102305029821738 0.33284172315396 -0.165605550011397 0.0981589310631241 0.455217011822527 0.658588441924573 0.121533704925497 0 0 342 0 0 0 0 0 0 0 0 0 0
0.889835203724778 0.59478150361833 -0.459724530708711 0.428255084936732 -0.477880394253969 -0.0579407107680171 1.18936283120338 0 0 343 0 0 0 0 0 0 0 0 0 0
0.427936190724692 0.684963532560351 -0.276297450402937 -0.482992225297728 -0.16888229123476 0.175962809430648 -0.987797657128652 0 0 344 0 0 0 0 0 0 0 0 0 0
0.135703403571529 -0.349886528027326 -0.0484332657586156 -0.480163668266537 -0.641687826862503 0.215902296541314 -0.901456843463174 0 0 345 0 0 0 0 0 0 0 0 0 0
0.517706158573593 0.755834632086684 -0.0526264893080761 0.350921654007991 -1.04346719332639 1.12912609967257 0.766227552042193 0 0 346 0 0 0 0 0 0 0 0 0 0
0.266969315951042 -0.0805234349269053 1.64961159080177 0.233868378308115 0.210815323771069 -0.357080660172118 0.125495402180773 0 0 347 0 0 0 0 0 0 0 0 0 0
0.096144445147224 -1.51058415816704 0.661478022796198 -0.374596632695826 -0.0456876595973951 0.111893145767472 0.745967248479645 0 0 348 0 0 0 0 0 0 0 0 0 0
0.133025860124014 1.78628129612133 1.8929801717156 0.810640966068039 0.249478851083445 -0.172314555534525 0.392856422119541 0 0 349 0 0 0 0 0 0 0 0 0 0
0.0929771862551769 0.223646905234127 2.25987721619456 2.03161993903875 -0.505984105376599 -0.380349506683643 0.368090891818237 0 0 350 0 0 0 0 0 0 0 0 0 0
1.30448193421033 -0.237949748086193 -0.667060384175346 -0.0191190355297531 -0.0450818044896006 -1.03269658709565 0.266019173185042 0 0 351 0 0 0 0 0 0 0 0 0 0
0.161504381121707 -0.227930856333691 1.0353509931639 1.58675932305019 0.0894321734651033 0.41212686765744 -0.353151697797664 0 0 352 0 0 0 0 0 0 0 0 0 0
0.31359756711402 0.605861472536127 0.268620984344036 -0.57804915869337 0.837648164908682 -0.102679662556784 1.42355351745014 0 0 353 0 0 0 0 0 0 0 0 0 0
0.0923005088990525 -0.189496710701105 0.968123724801211 -0.155121139435745 1.31535287115695 -0.0297164971662588 0.460962001796501 0 0 354 0 0 0 0 0 0 0 0 0 0
0.172469550511664 0.577222904456858 -0.161009120577489 1.10855535459839 -0.312237256804872 0.0639649560735497 -0.156458402997212 0 0 355 0 0 0 0 0 0 0 0 0 0
0.208581045653687 -1.27262201211467 0.707507944498566 0.869646793146606 0.103195925056013 -0.461622311922651 0.248257803914225 0 0 356 0 0 0 0 0 0 0 0 0 0
2.57828708386515 -0.288196565752505 -0.250190280088572 -0.131444528552115 -0.101245770501741 0.30401716324503 0.734849176636122 0 0 357 0 0 0 0 0 0 0 0 0 0
0.200900821256778 1.93802145486715 -0.438974615411742 -0.296970388568284 1.13484653244868 0.490704627028897 0.069182773123837 0 0 358 0 0 0 0 0 0 0 0 0 0
0.849430899801796 -1.04822715884834 0.172636607905919 0.452861444324727 -0.491175228777188 0.295110168685985 0.553151522507065 0 0 359 0 0 0 0 0 0 0 0 0 0
0.437365506141827 0.609821596338018 -0.495380686816273 0.0456606822500873 0.38392373382581 -0.0402085089201324 0.986998930512366 0 0 360 0 0 0 0 0 0 0 0 0 0
0.708754586434184 0.72129140084264 -0.313435619185249 0.418826333811084 0.497095266287184 -1.08411177542348 0.457080905590753 0 0 361 0 0 0 0 0 0 0 0 0 0
0.0951616548086667 -0.644404566719174 1.77984316158687 -0.0740240799292604 -0.058303527870376 -0.528578233659556 -0.394318746289694 0 0 362 0 0 0 0 0 0 0 0 0 0
0.157949638820153 1.63762656516145 0.0227508008782801 -0.880608686072183 1.11481093911604 0.538357029399034 0.559887527738975 0 0 363 0 0 0 0 0 0 0 0 0 0
0.137135087944259 -0.660625830643111 0.0726129152187192 1.16846510402026 0.835707144500454 0.0788817977082807 -0.151313026388823 0 0 364 0 0 0 0 0 0 0 0 0 0
0.100782137641818 -0.792598078016665 -1.20203175167425 0.59632177404091 -0.592870237459924 0.304261137047786 -0.423289020126148 0 0 365 0 0 0 0 0 0 0 0 0 0
0.36666449176093 0.284781360611329 0.289013165418499 -0.205429972024903 0.583570622622843 0.24131357990032 0.909465631421681 0 0 366 0 0 0 0 0 0 0 0 0 0
1.6410104732964 -0.200322536581691 -0.868013592610603 -0.397178405200874 0.246030303705027 -0.189211476929151 -0.323439419135427 0 0 367 0 0 0 0 0 0 0 0 0 0
0.224661471739345 -1.41874220414805 2.15719245238991 1.0673657239924 0.946633651850668 0.100013496572705 0.609649851385874 0 0 368 0 0 0 0 0 0 0 0 0 0
0.243765248106446 0.0589003396116477 1.64330509448491 -0.643654910246721 0.0362688661868203 0.451577177601696 0.902759897916579 0 0 369 0 0 0 0 0 0 0 0 0 0
10.3388692842389 -0.0008897383842833 -0.0285873017108243 0.302751551016023 -0.941122798961823 -0.997763384230514 0.498461647564033 0 0 370 0 0 0 0 0 0 0 0 0 0
0.291815739505584 0.0363426230600311 0.63633762152964 -0.998356342393813 0.451289066718624 0.396792151460677 -0.291627386738001 0 0 371 0 0 0 0 0 0 0 0 0 0
0.212682453338059 2.39121760026871 -0.0439034838304072 -0.656619038245765 0.315507259061323 -0.273443871818048 -0.333123573354502 0 0 372 0 0 0 0 0 0 0 0 0 0
0.580962408560523 1.0257598878639 0.122683790141377 0.0328180391547731 0.262342118508146 0.940927517808257 0.77620115649125 0 0 373 0 0 0 0 0 0 0 0 0 0
0.57902421443971 -0.551896246989736 0.55691706881245 -0.0809196190167063 0.716909095003148 0.70493043046641 -0.371440441701755 0 0 374 0 0 0 0 0 0 0 0 0 0
0.237551787666531 2.24276588841421 -5.33545313479925 2.4636704692237 0.482828117338669 -0.18921342943468 0.119937418146397 0 0 375 0 0 0 0 0 0 0 0 0 0
0.358273755141068 -1.81089058086503 -2.93833094188617 0.756665699565897 0.130774254018301 -0.214929910971265 -0.135220075416172 0 0 376 0 0 0 0 0 0 0 0 0 0
0.0923649528541086 -0.244926631938711 0.401082632377531 -0.32402204135599 0.0244968249894173 -0.471359938116433 -0.156542115109176 0 0 377 0 0 0 0 0 0 0 0 0 0
2.29745926057503 -0.770072428545388 -0.84914116016149 2.42224046820924 0.103113177504538 0.571589423017437 -0.563730416990428 0 0 378 0 0 0 0 0 0 0 0 0 0
0.116114555687805 0.201675946427323 -0.37735863609265 0.819857123539156 -0.0686572808675428 0.323759001140985 0.589976332462953 0 0 379 0 0 0 0 0 0 0 0 0 0
0.198521358691911 0.444075243563399 0.979715844473124 0.791571309583777 -0.27083930117709 0.0649695661731119 0.906014370706164 0 0 380 0 0 0 0 0 0 0 0 0 0
0.100775050880417 1.7086280560059 0.552068001425889 0.830692424773525 -0.532596285383496 0.249940806217685 1.2919106082626 0 0 381 0 0 0 0 0 0 0 0 0 0
1.3126919146285 0.536317684564171 -0.689650240465703 -1.48351837769414 0.30535232905462 0.219712656289865 0.546992473013128 0 0 382 0 0 0 0 0 0 0 0 0 0
0.111256186298352 0.851044067350435 -0.335974480906347 -1.03856388096767 0.110707505436554 0.191476918121428 0.581879887250207 0 0 383 0 0 0 0 0 0 0 0 0 0
0.428310673102982 0.840347849807628 -2.0331467324235 1.54827310862509 -0.290639801238872 0.700211367135786 0.276102545724925 0 0 384 0 0 0 0 0 0 0 0 0 0
0.592900739895433 -0.857919283904045 0.993012129287623 1.91404364423165 1.20535200593041 -0.42527867979369 -0.303936241167414 0 0 385 0 0 0 0 0 0 0 0 0 0
0.223400951944484 0.606708942217157 0.532694604166027 0.874250850549646 0.455862812175931 -0.19740151755819 0.520883849643467 0 0 386 0 0 0 0 0 0 0 0 0 0
0.252935582645849 -0.778599950392307 -1.02141955716049 -0.885631672627991 0.0242040516616849 -0.402400215366301 -0.668012027111303 0 0 387 0 0 0 0 0 0 0 0 0 0
0.143980940783003 0.475424291805322 1.14606508660801 -0.0819969506713765 0.282900896984588 -0.374046297328058 -0.266973093307548 0 0 388 0 0 0 0 0 0 0 0 0 0
0.262608026797447 0.0466855593949685 0.855403869800012 0.221088296575533 -0.406590948661869 0.373918315387219 0.385736442333312 0 0 389 0 0 0 0 0 0 0 0 0 0
0.106880212958535 -0.961328871455379 -0.37466851184698 0.376464897091329 -0.033157088592859 0.609337887020055 0.634424778947773 0 0 390 0 0 0 0 0 0 0 0 0 0
0.341344632348639 0.336086954013921 -0.792781383378998 -0.125060796252646 0.00693155582123502 -1.25764478835482 0.00741035944300073 0 0 391 0 0 0 0 0 0 0 0 0 0
0.0993680622864505 0.340456105099563 0.235331010085652 0.470308610059981 -0.0617726947939802 0.879545060689983 -0.0770756622804311 0 0 392 0 0 0 0 0 0 0 0 0 0
0.194017344812459 -0.284959988891575 -0.137396480222483 -0.477808116186903 -0.629819122658637 0.722134236966466 -0.199503992579028 0 0 393 0 0 0 0 0 0 0 0 0 0
0.112569250881559 -0.0297885255039695 -0.445312823474102 -0.458554198092782 -0.564939971901152 -0.53647652428703 0.318590947913891 0 0 394 0 0 0 0 0 0 0 0 0 0
0.251388391531765 0.18938653160392 0.0362160668201304 0.164809672250113 0.436614608869484 -1.03919219590075 0.696478037846835 0 0 395 0 0 0 0 0 0 0 0 0 0
0.603218774090666 1.00598666520274 0.310824561855293 -0.0844584430752478 0.308899362910169 0.405805956012549 0.682178642307542 0 0 396 0 0 0 0 0 0 0 0 0 0
0.257201932539303 -3.82276260422276 6.72003373634785 2.88032308508439 -0.0212410096272047 -0.365186471087466 -0.0428140721222165 0 0 397 0 0 0 0 0 0 0 0 0 0
0.0968019527623856 0.0012394391608202 0.33370542013858 -0.0787517176707663 0.647746688102198 1.47797067735178 -0.518407421177256 0 0 398 0 0 0 0 0 0 0 0 0 0
0.0817985597308008 0.692511705348967 -1.76622466867838 -0.59996777379741 -0.21591547881686 -0.155927667252731 0.480284173050901 0 0 399 0 0 0 0 0 0 0 0 0 0
0.0873923234438534 1.11832569036373 0.186268173129784 -0.0605061492823504 0.59081646290287 -0.0804531712614923 -0.0539657972689026 0 0 400 0 0 0 0 0 0 0 0 0 0
0.178971308823965 0.519828367219076 0.0845651168678036 1.29669200784421 0.192328462339631 -0.142064780747997 -0.219042061698897 0 0 401 0 0 0 0 0 0 0 0 0 0
1.35568859882385 0.0600317138266754 -0.183076791776602 0.191933030367459 0.83538111954169 -0.827025870282105 0.651433390003759 0 0 402 0 0 0 0 0 0 0 0 0 0
0.197261334480967 -0.747137639470716 0.737090282219275 0.0740872682548302 -0.194298356531589 1.01269145966661 -0.277661355115115 0 0 403 0 0 0 0 0 0 0 0 0 0
0.21795316072713 0.0079731962769396 1.35610004730297 -1.30630017942929 -0.71585409255451 -0.00842806911240303 0.307912074791841 0 0 404 0 0 0 0 0 0 0 0 0 0
0.145309061566469 -2.39664983152505 -1.48857098432151 -0.345424819118981 -0.118499541712284 0.129092500970534 0.64805181461772 0 0 405 0 0 0 0 0 0 0 0 0 0
3.20605916818988 0.66393493337986 -0.0123730094499208 -0.798665193493247 -0.212067673969595 0.323183684078794 0.0450570419102695 0 0 406 0 0 0 0 0 0 0 0 0 0
0.127506400212455 -0.834786252587908 -0.106168088473903 -1.25849068221989 -0.131491188496039 -0.414133105033004 0.160959646327905 0 0 407 0 0 0 0 0 0 0 0 0 0
0.16283734469421 6.1903062846951 -3.11660881373418 -0.324208649690299 0.125849353995164 0.195988184801016 0.616806895417573 0 0 408 0 0 0 0 0 0 0 0 0 0
0.123383183656663 -0.0516812559839077 -0.574949184519399 -0.187329039677323 -0.796973242659748 -0.0063467982486105 -0.206460437812352 0 0 409 0 0 0 0 0 0 0 0 0 0
0.199237676637517 -3.53393077289809 0.802029688787273 0.0867193508459548 0.380576428369373 -0.0847884058457846 0.00963951027577435 0 0 410 0 0 0 0 0 0 0 0 0 0
0.136916281248189 -2.11030648638865 1.70151157130904 1.12890152987619 -0.353672564895104 0.496193345168969 0.639338563283033 0 0 411 0 0 0 0 0 0 0 0 0 0
0.169122023612197 -0.546398825086088 -0.627799496537406 0.0365028611352135 -0.380025663860812 0.741295363026502 0.125727063355357 0 0 412 0 0 0 0 0 0 0 0 0 0
0.208143451082801 0.625792240365745 -0.471252531118953 0.0683837053342216 1.13577719885947 -0.212687543988859 -0.297741099418874 0 0 413 0 0 0 0 0 0 0 0 0 0
0.869754033865951 -0.751697014775528 1.31278842025551 0.538151782268923 0.313526005274859 0.506079736545106 -0.11016072188794 0 0 414 0 0 0 0 0 0 0 0 0 0
0.18140662409452 -2.46974792266018 1.19275582909505 0.331437946402172 0.093094875646812 0.0682493891869217 -0.192100350374081 0 0 415 0 0 0 0 0 0 0 0 0 0
0.371130544321267 1.56623413441186 -1.1774722768446 1.10906575162543 0.462445775804905 -0.125515069416278 0.839512712408555 0 0 416 0 0 0 0 0 0 0 0 0 0
0.933931366033078 0.575387326499465 3.27842793148886 -0.729329775394245 -0.10267971501278 -0.0357369986159445 0.836619242560338 0 0 417 0 0 0 0 0 0 0 0 0 0
0.491379190588965 0.227250930706483 1.6724678348581 0.916966076959627 0.0114739017104055 -0.386158550940919 -0.965252591003827 0 0 418 0 0 0 0 0 0 0 0 0 0
2.86107286129491 -0.396536457884299 -0.0676279504889777 0.390491860234451 1.38229708555939 0.947602677830531 -0.936785272205893 0 0 419 0 0 0 0 0 0 0 0 0 0
4.50986687667086 0.589008078704993 0.476760855595786 -1.65568151920822 0.496322977587492 -0.610557353115411 -0.196415250376795 0 0 420 0 0 0 0 0 0 0 0 0 0
0.275177644784772 -0.103470566554664 -0.053804053918409 0.213917980930122 1.00031414883568 0.0666272428107689 -0.72805964668791 0 0 421 0 0 0 0 0 0 0 0 0 0
2.540578816645 -0.576760340763078 -2.30848712105898 1.56586894294364 0.469788857118404 0.257379861693554 -0.502915690032397 0 0 422 0 0 0 0 0 0 0 0 0 0
0.421069624297011 0.719038457457364 -0.121372506145034 1.97480573522643 -0.0341930498683266 0.560122812612057 -0.133204450351583 0 0 423 0 0 0 0 0 0 0 0 0 0
0.140628180460053 0.0855762000052294 0.306896984215234 0.217985947036405 -0.924869584508995 -0.347790094354116 0.0701801100247789 0 0 424 0 0 0 0 0 0 0 0 0 0
1.17004096181982 -3.65718877614264 2.15073858936213 0.22999674539987 0.156274694897692 -0.570345988288954 0.13761160426144 0 0 425 0 0 0 0 0 0 0 0 0 0
1.67578120246073 -5.01081269012742 -0.215376161839241 0.301331158514771 -0.373885185985936 -0.148326736117081 0.087311814097683 0 0 426 0 0 0 0 0 0 0 0 0 0
0.109783495874368 -0.35741522469596 -0.979755329982534 -0.286254679550213 0.284892198527979 -1.16734781587451 0.12290074430938 0 0 427 0 0 0 0 0 0 0 0 0 0
0.150618587246339 0.871372890383399 0.18897796966718 -0.323984439417156 0.0417377112062692 0.234157233643782 -0.0440714367797782 0 0 428 0 0 0 0 0 0 0 0 0 0
0.124204470609657 0.406220148187602 0.537752005133273 0.262222442313745 0.925792250337696 0.213683924982695 0.247746555902444 0 0 429 0 0 0 0 0 0 0 0 0 0
0.146948311677348 0.459419999166901 0.592463702065575 0.445737136795027 -1.1768418693008 -0.808530612394207 -0.568285554171486 0 0 430 0 0 0 0 0 0 0 0 0 0
0.456792758673508 0.701037754661057 -0.206348062731687 0.252735052944167 0.33473896873796 0.0317183971256658 -0.453181082256416 0 0 431 0 0 0 0 0 0 0 0 0 0
0.101365822670754 -0.34364691905795 -0.103766015299 -0.210028971701329 -0.0400379404158551 -0.580969893295939 0.596755516386559 0 0 432 0 0 0 0 0 0 0 0 0 0
0.140174391675344 0.853774738069007 0.227220072081495 0.430314447547436 0.630354198239271 0.451239976892812 0.264259185730487 0 0 433 0 0 0 0 0 0 0 0 0 0
0.0833314524961465 0.363462695813712 -0.490853782446151 -0.38113796052895 -0.873059630484459 0.929441640926288 -0.0674860059182813 0 0 434 0 0 0 0 0 0 0 0 0 0
0.227719556659205 0.412512909439637 1.3703396483553 0.747570566153902 -0.0886636414102625 0.221858218365387 0.202872682898779 0 0 435 0 0 0 0 0 0 0 0 0 0
1.15208350670919 0.583562486604382 -0.660885318504477 -2.4232520118286 0.405178934829031 0.311998677943408 -0.150891082707075 0 0 436 0 0 0 0 0 0 0 0 0 0
0.137718158593886 -0.564950061098873 -0.984439229324121 -1.05315017992698 0.548914481996007 -0.130330877793998 -0.698003172644467 0 0 437 0 0 0 0 0 0 0 0 0 0
0.193301297955125 0.0607116844401021 -1.55033529842236 1.72922992217084 0.417536417989364 0.265491699789658 0.286472815254757 0 0 438 0 0 0 0 0 0 0 0 0 0
0.183407692684837 -1.19104039120076 0.0352654258780667 -2.98120982640857 0.880951174941806 -0.164556680791708 0.171468891795419 0 0 439 0 0 0 0 0 0 0 0 0 0
1.20462203968945 -0.673512381869473 -1.98364971343576 -1.02624052985134 -0.138632148411326 -0.163981938803361 -0.545802992834564 0 0 440 0 0 0 0 0 0 0 0 0 0
0.248885093587984 0.212420696819886 0.629591475393246 0.821625351813428 0.952888450843321 0.246154054010169 -0.0918460390734683 0 0 441 0 0 0 0 0 0 0 0 0 0
1.52399082863956 0.307733132610366 -0.166030495185607 2.59934334065715 0.587330369818917 -0.620898591219364 0.184282430893216 0 0 442 0 0 0 0 0 0 0 0 0 0
1.61221493028752 -0.144209483606971 0.006942010889775 0.674438810786362 1.35305733380278 -0.910194507281915 -0.0734899011768325 0 0 443 0 0 0 0 0 0 0 0 0 0
0.266461761018809 0.601849466718389 0.166425164879686 0.311941686896928 -0.332706156740508 0.374735389903088 0.160592222120443 0 0 444 0 0 0 0 0 0 0 0 0 0
0.13098528370083 0.0913532968224214 1.75627753287074 0.497802671236234 -0.208498568840187 0.314736278095109 -0.756765327146828 0 0 445 0 0 0 0 0 0 0 0 0 0
0.46179044250735 -0.719598697548457 0.151552665762776 0.71777194117271 0.357951343846975 0.516102751445597 1.27133599372609 0 0 446 0 0 0 0 0 0 0 0 0 0
0.404944458105769 1.70827383060571 -0.686749313418823 0.835570241272329 0.626539920172321 0.426122960682926 0.441456905832921 0 0 447 0 0 0 0 0 0 0 0 0 0
0.423521198903811 -0.57370322633185 0.365815617144757 0.926915211394082 -0.00956616799339341 0.623142152126656 0.220425005050452 0 0 448 0 0 0 0 0 0 0 0 0 0
0.917890814640395 3.03657963236471 0.703750165415535 0.232130960661157 -0.0523410154044474 -0.434478718900292 0.304160068870452 0 0 449 0 0 0 0 0 0 0 0 0 0
0.188001655528236 -1.7291162988616 0.662032871183305 -0.526574076371328 -0.767897504250364 -0.242938611116183 -0.230340776298694 0 0 450 0 0 0 0 0 0 0 0 0 0
0.451573272433641 0.607865913193336 0.604831084092801 0.165978705949088 -0.44784787861943 -0.742070856474655 -0.729753851120176 0 0 451 0 0 0 0 0 0 0 0 0 0
0.299258276992251 0.254452153438835 -0.436002091991902 0.747777944343922 -0.210019890585323 0.862360723848769 -0.517177469959239 0 0 452 0 0 0 0 0 0 0 0 0 0
0.0865729601950735 1.01371918534887 0.099612401799433 -0.452348845077899 0.499770012771785 0.521972760292203 0.050619647086493 0 0 453 0 0 0 0 0 0 0 0 0 0
0.213016416092252 0.532859259423184 -0.659933558006981 0.557074450427266 0.114953186209534 0.582526813483447 0.596649554457344 0 0 454 0 0 0 0 0 0 0 0 0 0
0.124193412829211 -0.61869521654774 -1.4355984506547 -0.969913221888435 0.0657702597472627 -0.114892632741441 0.267976096752759 0 0 455 0 0 0 0 0 0 0 0 0 0
0.119536541751846 1.17255599276678 -0.879424400097793 0.661258740301592 -0.952453960722309 0.541317800800238 0.564399202683397 0 0 456 0 0 0 0 0 0 0 0 0 0
0.131538527635487 -0.0250664299271087 0.386219344297913 -0.678945775407032 0.644113090884062 0.125875490018868 -0.468570740060184 0 0 457 0 0 0 0 0 0 0 0 0 0
0.285117032322174 0.0830973710053675 0.260050941232425 -0.855346167366263 -0.435974991454471 0.181063500538586 0.159530557804172 0 0 458 0 0 0 0 0 0 0 0 0 0
0.661388310323752 2.12894793472723 2.34266413786175 2.47167899982894 -0.297760395468514 -0.229566784241218 0.307854952126337 0 0 459 0 0 0 0 0 0 0 0 0 0
1.30892660026119 2.11632185393419 1.3812535958429 -0.160001441511297 -0.155402505618359 -0.193472783213607 -0.569294235105987 0 0 460 0 0 0 0 0 0 0 0 0 0
1.87775586326348 -7.75716190591838 -2.54778057202304 0.587462070518412 0.0725379037178916 -0.30910879074998 -0.527421583380691 0 0 461 0 0 0 0 0 0 0 0 0 0
0.187403376393579 0.210623473428571 -0.579772584802373 -0.38669109288889 0.41203584680284 0.526847189438242 -1.32196809172359 0 0 462 0 0 0 0 0 0 0 0 0 0
0.133593290070004 0.402769176464964 5.618665354031 1.06114578441048 -0.332793000375368 -0.236890686684955 0.202527817620836 0 0 463 0 0 0 0 0 0 0 0 0 0
0.100907602618586 1.66545690211043 -0.906617985540915 -0.962917938031869 1.00089885377333 -0.184647335380244 -0.398108925943211 0 0 464 0 0 0 0 0 0 0 0 0 0
0.690008246219552 -0.347580552624729 -1.82780247587501 1.80235660646988 0.199510764405603 0.58165401447116 -0.379938292411166 0 0 465 0 0 0 0 0 0 0 0 0 0
0.896424723316881 0.0974843997622541 0.257329309914748 -0.0326843703351722 0.817178410085736 -0.678448747341087 0.485237044100053 0 0 466 0 0 0 0 0 0 0 0 0 0
0.202554037692027 0.0217271572038069 0.698253802319903 0.131791275342555 -0.153538935852916 -0.0309631773646308 -0.180036409701207 0 0 467 0 0 0 0 0 0 0 0 0 0
0.366252804068033 -0.412075416584237 0.925172169920719 0.302914475019667 1.1260629325323 0.51975323481756 0.680505085808129 0 0 468 0 0 0 0 0 0 0 0 0 0
1.87972503817128 -0.236188014841619 0.283675019136228 -0.507509460569225 0.393700981979602 -0.0487507928856459 -0.553413533307767 0 0 469 0 0 0 0 0 0 0 0 0 0
0.161878132972657 -1.70773916455412 -0.399433300121253 -1.63012049764182 0.313965422284363 0.419494377712176 0.201767245960412 0 0 470 0 0 0 0 0 0 0 0 0 0
0.402425979685163 0.0270394367229804 0.0598887415067768 -0.476129123902207 -0.253045601449136 0.118938082319045 0.330741031312929 0 0 471 0 0 0 0 0 0 0 0 0 0
0.364363967483313 0.744935777406042 -1.41030273256791 -0.406577504203193 -0.0593823203557687 0.336326261935648 -0.768398438962273 0 0 472 0 0 0 0 0 0 0 0 0 0
0.663721240198948 0.10943396240016 -0.181140446535378 -0.975747795702427 1.1741359069703 -0.159113601938358 1.47963944441491 0 0 473 0 0 0 0 0 0 0 0 0 0
0.105726045457468 -0.24643325963316 2.75461022940957 3.96598521894852 0.143857444455846 0.264459356622276 -0.119253292679707 0 0 474 0 0 0 0 0 0 0 0 0 0
0.630270302904291 -1.35935257362966 2.20361041776655 -0.64243695103366 -0.0134026836784989 -0.512794916000003 0.163614423766225 0 0 475 0 0 0 0 0 0 0 0 0 0
0.0906542627690355 2.89540624636324 -0.191058881635632 0.0173643954727445 -0.301349877273762 -0.0260362145920145 0.236285683169591 0 0 476 0 0 0 0 0 0 0 0 0 0
0.106112195687922 2.18796122337723 -1.80375755214239 4.84429979029487 -0.252238682584657 0.394541405726039 -0.118436161988869 0 0 477 0 0 0 0 0 0 0 0 0 0
0.267760094806182 1.94363311473852 -2.78391009238495 1.49459123338935 0.645999385491431 -0.422852202271754 0.0177354767320909 0 0 478 0 0 0 0 0 0 0 0 0 0
0.0911099257806426 -0.274073021428219 0.849798059157392 0.213674372660682 -0.0776114899212049 -0.158446198399724 -0.0189404123554034 0 0 479 0 0 0 0 0 0 0 0 0 0
0.0912634765882972 -0.847217096276172 2.98569778234896 -1.09220598816092 -0.0736941036392827 -0.834413643964351 0.483024508098045 0 0 480 0 0 0 0 0 0 0 0 0 0
0.254152798571534 -2.75865477699524 5.39294654394404 -0.152960005721789 0.482335900297516 -0.200412573681795 0.0151014358994034 0 0 481 0 0 0 0 0 0 0 0 0 0
0.119775882225564 0.345394303051144 -0.658593998088413 -0.200341881641476 -0.39488418215931 0.399708098858566 -0.175023821989227 0 0 482 0 0 0 0 0 0 0 0 0 0
0.358402663028778 1.41641247897525 0.620071081917627 -0.259737883198721 -0.766723185924801 0.000632293693059705 0.0286524793629596 0 0 483 0 0 0 0 0 0 0 0 0 0
0.431155225153428 0.790748167037651 -0.589337062547816 -1.68809071232232 0.317515705288994 -0.352627694872324 -0.46721793474069 0 0 484 0 0 0 0 0 0 0 0 0 0
0.475714420894604 -1.33926633403725 -0.26377085201636 0.416417198288125 -0.0425041719143578 -0.162115300340419 -0.407664082045653 0 0 485 0 0 0 0 0 0 0 0 0 0
0.121282670609932 -2.26670628147068 -0.435627120633381 0.416683114293174 0.218033812753868 -0.193351868550886 0.798311412737796 0 0 486 0 0 0 0 0 0 0 0 0 0
0.692369221626839 -0.280952677477082 -0.30365298751176 0.529669946493151 -0.0417059714536326 -0.687982460774295 0.877846526640296 0 0 487 0 0 0 0 0 0 0 0 0 0
0.297963222740284 -0.223730126756174 -0.758539444061954 -3.16172948289126 -0.376418446070068 0.430771467857179 0.601125347716776 0 0 488 0 0 0 0 0 0 0 0 0 0
0.664940776257286 0.290994110506178 0.0879332493650163 0.67196109993045 -0.051319561352471 -0.802046809908804 1.22396530907256 0 0 489 0 0 0 0 0 0 0 0 0 0
0.336462728882724 -0.412114225388696 0.0418099615006353 0.161803891126666 -1.21246120198661 -0.178464097329298 0.584790778191896 0 0 490 0 0 0 0 0 0 0 0 0 0
0.429786789899117 1.15226555045136 1.21873433430678 -0.820732425966097 0.799941120902389 -0.880832345906488 -0.445187487543436 0 0 491 0 0 0 0 0 0 0 0 0 0
0.100734799623364 -0.456147530674135 1.1911821238069 -1.32510598651482 0.68617987546183 0.138625116954096 0.139228495371661 0 0 492 0 0 0 0 0 0 0 0 0 0
2.80579046417626 -0.148277430487229 -1.06243829855173 -0.09121345003647 -0.255113924291957 1.2639669538565 -0.122081747070616 0 0 493 0 0 0 0 0 0 0 0 0 0
1.61554326702443 0.314674903696194 0.433957788547061 0.389979105954154 1.31730585230672 -1.1368350272604 0.449026249193479 0 0 494 0 0 0 0 0 0 0 0 0 0
0.113265762498754 0.236520265556518 0.495577450223441 -0.107504794053004 -0.589350084730163 0.267940238554447 -0.0358187976169638 0 0 495 0 0 0 0 0 0 0 0 0 0
0.219044395135361 -1.15968413419864 1.84629099205284 1.18761061797741 0.178180215659547 0.665167924874871 -0.387511573870962 0 0 496 0 0 0 0 0 0 0 0 0 0
0.236277027302655 -0.101998624303081 0.254455073066894 0.202009865032624 -0.693126280783959 -0.885956204185589 -0.993482634957613 0 0 497 0 0 0 0 0 0 0 0 0 0
0.120657550991145 0.979216834891591 0.918474853008593 -0.622403534350045 -1.01416860371911 0.435326364291631 0.567761051001546 0 0 498 0 0 0 0 0 0 0 0 0 0
0.181702364336302 -0.403812285601758 0.381271463109046 0.0585498936517615 1.18847678669937 -0.616120415260648 0.619558148358887 0 0 499 0 0 0 0 0 0 0 0 0 0
0.098482287559841 0.0844935543734888 0.151657019083024 0.27998105501481 0.807306615571928 0.897988346598783 -0.65487169754311 0 0 500 0 0 0 0 0 0 0 0 0 0
0.140607980899772 -0.443668707634616 -0.226732533865322 -1.31920389666248 0.0310033334286386 -0.223845415176549 0.0207149347634984 0 0 501 0 0 0 0 0 0 0 0 0 0
0.093589378224188 -0.540158212080603 0.152299807955116 -0.629498773933606 -0.609564567488367 0.0673709661030571 0.205998422998402 0 0 502 0 0 0 0 0 0 0 0 0 0
0.900325143298936 -0.11628911861149 1.48237133748195 0.257513268373598 0.187893525614048 0.0854390372017047 0.314041609416659 0 0 503 0 0 0 0 0 0 0 0 0 0
0.28384197095743 -1.26531694564267 1.91837807810641 -2.33018283649778 0.131369866999934 -0.692382822774071 0.318025024182275 0 0 504 0 0 0 0 0 0 0 0 0 0
1.00030759022277 0.305677976560492 -1.1892626366813 0.588831228304158 0.748651772895231 0.740371176516051 0.198845042135378 0 0 505 0 0 0 0 0 0 0 0 0 0
0.413336297501754 0.531253160356476 -0.09021272897626 -0.703324743723801 0.0191458366582561 1.35613124174916 0.421160621393279 0 0 506 0 0 0 0 0 0 0 0 0 0
0.757081468966841 -1.87649087129046 -0.136385697512003 0.494477372715013 0.759212284696499 0.287913187525318 0.693784136288364 0 0 507 0 0 0 0 0 0 0 0 0 0
0.460821364503724 0.248175956877658 -1.06005554726525 -0.214484290271649 0.137072173631502 -0.695254746127802 0.0806020749242077 0 0 508 0 0 0 0 0 0 0 0 0 0
0.139980692703122 0.705662724511071 -0.500676940972024 -0.242520949354575 0.0586439404823123 0.220833947604733 -0.933833344626686 0 0 509 0 0 0 0 0 0 0 0 0 0
0.363080164657168 -1.06671347511178 -0.3961495263546 1.37490713175311 0.505952935270547 0.156777427429286 -0.0639888519250906 0 0 510 0 0 0 0 0 0 0 0 0 0
0.282290016546672 -0.351928336552793 2.01927031205514 1.78745085785737 1.34415614284378 0.348313690209068 0.12320979479384 0 0 511 0 0 0 0 0 0 0 0 0 0
0.141617930396731 0.428885057351691 0.511255064924121 0.690100746234363 0.136227878922966 1.06462834462783 0.0244868704852765 0 0 512 0 0 0 0 0 0 0 0 0 0
0.100572833183823 -1.59284027685802 4.30945674454261 -0.0019749660211345 0.93582341906094 -0.0988314980244094 0.337750239641449 0 0 513 0 0 0 0 0 0 0 0 0 0
0.2483674049628 -5.10018073394562 -1.70171193882613 -5.94023063123284 0.218539781730909 -0.00212266027921173 -0.210889754049931 0 0 514 0 0 0 0 0 0 0 0 0 0
0.167772113533391 0.23876137455532 1.05286314803041 -1.55480645487983 -0.075639567214565 -0.821093449827662 0.0180328287988287 0 0 515 0 0 0 0 0 0 0 0 0 0
0.119079384968631 -0.501301999801388 0.115672128649886 0.118600419669744 0.876668021870757 -1.31644555061919 -0.525382787490634 0 0 516 0 0 0 0 0 0 0 0 0 0
0.367835050221279 0.601670948673434 -0.126478229591883 -0.177058323105517 0.136666039501683 -0.342572988721851 0.929596854172433 0 0 517 0 0 0 0 0 0 0 0 0 0
0.0885969722816164 -0.309466510236687 0.227246262465603 -0.975328841809798 -0.196369786508243 -0.932105127329201 0.373655803968462 0 0 518 0 0 0 0 0 0 0 0 0 0
0.266242234768546 -0.803132775878157 1.01059967581557 0.99770084439536 0.590524189925839 0.385974683234121 -0.219093791504071 0 0 519 0 0 0 0 0 0 0 0 0 0
0.204288537706022 1.24331701090766 -0.835159788902905 0.710097992852356 0.615105769216792 -0.648465992676507 0.360880477721048 0 0 520 0 0 0 0 0 0 0 0 0 0
7.81890546519536 -0.552666995802997 0.313972820659501 0.512876770127322 -0.0659991365754992 0.141803457620507 -0.00853103341269471 0 0 521 0 0 0 0 0 0 0 0 0 0
1.02356114563116 0.718170456188215 0.240102801402009 0.265923412473012 1.05642227069011 0.258177678859475 -0.166247194234323 0 0 522 0 0 0 0 0 0 0 0 0 0
0.087906153224427 0.250456131473567 -0.751627385603358 -0.52121118932644 0.875389705403611 -0.0556960428528386 0.0657650814344317 0 0 523 0 0 0 0 0 0 0 0 0 0
0.107615533824799 -0.619852681048982 -0.484666620622492 0.0370901397450223 1.4291745481769 0.304360329476057 -0.337772899799368 0 0 524 0 0 0 0 0 0 0 0 0 0
0.0854554276941723 -0.945417611569043 -0.537030963596273 -0.644352409245616 0.708824293908241 0.0113928343987297 -0.488530591407464 0 0 525 0 0 0 0 0 0 0 0 0 0
2.12404927030941 0.567715663561365 -5.01274922170882 1.90190166809506 0.055470500447081 0.246248260756313 0.00926823118775567 0 0 526 0 0 0 0 0 0 0 0 0 0
0.100385044251498 -0.687905255339306 0.930647973120094 -0.483934337890708 0.254470572414547 0.56053674976834 0.71593539128345 0 0 527 0 0 0 0 0 0 0 0 0 0
0.132024418728561 -1.5170267555461 0.159760230208882 -0.831959854441383 -0.406720146818255 -0.126978043523419 0.798195425709556 0 0 528 0 0 0 0 0 0 0 0 0 0
0.360838588494847 0.315553218263655 -0.461832218883405 0.547883324178539 -0.289305512099674 -0.60762289826851 -0.0663969927019461 0 0 529 0 0 0 0 0 0 0 0 0 0
0.106298593900781 2.14499951566575 -0.669739642403767 2.33257063616323 0.0516511829558644 -0.01303854821492 0.921701034712779 0 0 530 0 0 0 0 0 0 0 0 0 0
0.31133082711188 -0.0659336921989134 -1.49670325608874 0.540250257525025 0.47887605392418 -0.854501112138379 -0.237202222474628 0 0 531 0 0 0 0 0 0 0 0 0 0
0.132007061021603 0.831236704944449 0.356593052095851 0.622267016458755 -0.450083226427982 -0.224922290991328 0.873265662387358 0 0 532 0 0 0 0 0 0 0 0 0 0
0.164735036749184 0.787824305202953 -0.763670755397727 0.389696076147705 0.0204319678800805 -0.0341524768880339 -0.570858197177756 0 0 533 0 0 0 0 0 0 0 0 0 0
1.10382785481498 -3.54019706628951 -6.81532320637873 -3.42944237260014 0.347715876136977 -0.227676400171929 -0.0853328005922077 0 0 534 0 0 0 0 0 0 0 0 0 0
0.167526103615597 -0.0486848111969374 -0.141779065928669 0.673958159081786 -0.0651258865561641 1.24112562348509 1.0130552605253 0 0 535 0 0 0 0 0 0 0 0 0 0
0.105388118505891 -0.44975192234657 0.174485638025124 -0.438193962221139 -0.518998147503713 1.1644366676689 0.421546401437589 0 0 536 0 0 0 0 0 0 0 0 0 0
0.649142662198013 0.480429008807355 -0.652700058163821 0.610845942789298 -0.476202797035265 0.752923320739376 0.453100771691003 0 0 537 0 0 0 0 0 0 0 0 0 0
0.462559313203383 -2.16012342498215 -0.167991593749816 -3.41448628132095 -0.55419734841736 0.470971408681902 0.462825901088335 0 0 538 0 0 0 0 0 0 0 0 0 0
0.0848668530482375 -0.537700657711493 0.927307476440771 -0.0830577113287005 0.0411811292954903 0.082712238540456 -0.562834981764495 0 0 539 0 0 0 0 0 0 0 0 0 0
0.0842315409985451 0.3021213339214 0.202689456017926 -0.322740055387216 0.662461354963183 1.18390750636435 -0.5247941293786 0 0 540 0 0 0 0 0 0 0 0 0 0
0.100329572003468 -0.439273840306543 -0.705832519589595 0.453459519965332 0.188656653880367 0.00601848270778213 0.105953354124036 0 0 541 0 0 0 0 0 0 0 0 0 0
0.0833188139076244 0.328606520317591 0.122794048882463 0.656892676333229 -0.351404320780204 0.934891158755586 0.21878465993475 0 0 542 0 0 0 0 0 0 0 0 0 0
1.18454716261671 0.747159320550689 0.0630727476391288 -0.188955262172384 0.345927109480719 0.503611012832447 0.248588587877825 0 0 543 0 0 0 0 0 0 0 0 0 0
0.0802977165673201 0.563402263754832 -0.130237025721414 0.853770259368744 0.104528451443186 0.418031320214206 0.82655676683591 0 0 544 0 0 0 0 0 0 0 0 0 0
0.47645482542608 0.524258311918689 0.497445246975027 0.583816369663701 -0.915745446227701 -1.42997536637006 0.0628668507327626 0 0 545 0 0 0 0 0 0 0 0 0 0
0.0804068897641286 0.835290102143869 1.37890087979515 -0.0702019890012923 0.786490460192853 0.1938717052483 0.0123612884870419 0 0 546 0 0 0 0 0 0 0 0 0 0
0.183208657085864 0.424144672027529 -0.354231463717199 -0.0248596844430005 -0.182339245823357 -0.855025375603136 -0.393210401409377 0 0 547 0 0 0 0 0 0 0 0 0 0
0.271837641384401 -0.0783217926730763 0.552712518882032 -0.784320940989299 0.501011086630158 0.159921700695573 -0.0093193043063504 0 0 548 0 0 0 0 0 0 0 0 0 0
0.101131999937913 1.81856260066048 0.0864157374014091 -5.6484125759844 0.382045462265576 -0.308141785742809 0.349056148584261 0 0 549 0 0 0 0 0 0 0 0 0 0
0.36119458555731 -0.28340023624695 0.637572791514332 -1.29169287003854 0.478841625239396 0.91475705050249 0.137565261873764 0 0 550 0 0 0 0 0 0 0 0 0 0
0.2499706851371 -0.61099616264118 0.618556383577767 0.486084601803056 0.513553096077239 -0.135544156183895 -0.0641540269928096 0 0 551 0 0 0 0 0 0 0 0 0 0
0.0867914842243797 -1.04456078124511 1.04065368517295 1.21017981807297 -0.17001396287567 0.734448334368095 0.321940367145689 0 0 552 0 0 0 0 0 0 0 0 0 0
0.112797801306927 0.785835257289956 -0.459924056469376 -0.745348478831237 0.204823836592347 -0.187597730488927 0.253378898858304 0 0 553 0 0 0 0 0 0 0 0 0 0
0.30908654640403 1.0772751509906 -0.865285051918019 1.42485295899886 0.107491276906136 -0.444040295199432 0.782058711386072 0 0 554 0 0 0 0 0 0 0 0 0 0
0.288677779874469 0.384187279965488 1.70521809342531 1.48234066967804 -0.350402939331928 0.340348743236421 0.841184114625599 0 0 555 0 0 0 0 0 0 0 0 0 0
0.310011633634841 -2.58092758718656 2.18073669734116 0.483758342654065 0.662805572815846 -0.41067199186566 0.171699537644053 0 0 556 0 0 0 0 0 0 0 0 0 0
0.386032590217709 -0.558607789273166 0.698235279551045 0.640506200279883 0.248241209689677 0.67921928084543 -0.382584742109312 0 0 557 0 0 0 0 0 0 0 0 0 0
0.385844028169491 0.204071270546067 -0.0621486222404645 0.71534488403613 -0.228787698628943 -0.0321924669219355 -0.299915470311649 0 0 558 0 0 0 0 0 0 0 0 0 0
0.08725420547693 -0.169070366918459 -0.171029471740517 -0.0890986999471719 -1.04688715654846 0.252947416439708 0.797493758636953 0 0 559 0 0 0 0 0 0 0 0 0 0
0.152684541707672 -0.503943893232818 -0.693683137730252 0.398503905552599 -0.283836974745213 0.722861527160662 0.173868886107751 0 0 560 0 0 0 0 0 0 0 0 0 0
0.202768756084822 -0.0560518495711268 0.490043634447737 -1.10040232347797 0.592069241444211 0.787754865904334 -0.0649429282114274 0 0 561 0 0 0 0 0 0 0 0 0 0
0.197198730071372 0.811998303361157 0.28281850160224 -0.196151105668089 -1.52908682664647 0.113359201721536 0.581576384447869 0 0 562 0 0 0 0 0 0 0 0 0 0
0.470395443059419 0.440446107296598 -1.12740270861302 -0.951330301233061 -0.159202473517231 -0.121783052419735 0.192778792142005 0 0 563 0 0 0 0 0 0 0 0 0 0
0.353840904299401 -1.37977353237836 -0.773947777585466 0.504928674652439 -0.247901573564387 -0.516012068382612 -0.430864629799342 0 0 564 0 0 0 0 0 0 0 0 0 0
0.555225545821378 1.29857491978498 -0.212602703553838 -0.234677364700482 0.980629653274865 -0.251786006623752 0.210935762128976 0 0 565 0 0 0 0 0 0 0 0 0 0
0.301879238754917 0.340756941287152 0.0502369314778438 0.0815212479586288 -1.02780051808101 -0.510635323421517 -0.403463249344775 0 0 566 0 0 0 0 0 0 0 0 0 0
1.90859848568321 2.58494214741498 -4.57172987493405 -4.53320735461344 -0.246502703208208 -0.289025367205536 0.291382289546231 0 0 567 0 0 0 0 0 0 0 0 0 0
0.342734709720642 0.453499038515068 0.115980071614315 -0.325194137979371 1.13768236250269 -0.69390347723774 1.44029544030199 0 0 568 0 0 0 0 0 0 0 0 0 0
0.440788570117809 -0.144509112302604 0.0059919982458373 0.681575765465612 0.207863918509383 -1.06496306469978 0.0650108508607427 0 0 569 0 0 0 0 0 0 0 0 0 0
0.0831952492096494 -2.40550060848214 -1.03449469181115 0.468690678791953 0.288813094144172 0.297038382641764 0.532043208175487 0 0 570 0 0 0 0 0 0 0 0 0 0
0.0995850641732527 0.175845040806326 0.176548693680937 0.206047126716808 0.0602034506050736 0.543683215741025 -0.464643766877108 0 0 571 0 0 0 0 0 0 0 0 0 0
0.116922648451036 -0.392077044363721 -0.112332374026283 0.0178330746586932 0.181699611697965 0.624457877590099 0.774219805492908 0 0 572 0 0 0 0 0 0 0 0 0 0
0.535887522216059 -1.58132977496418 0.140153643055786 -0.129618287779383 -0.798386832886751 0.0767184912358986 0.143106038408212 0 0 573 0 0 0 0 0 0 0 0 0 0
0.175340514815627 -0.170494155315554 0.335128688147968 -0.569184903389361 0.102166187983445 -1.04157324579595 0.190423379190998 0 0 574 0 0 0 0 0 0 0 0 0 0
0.11560441617762 0.379859152608897 0.75871900908236 0.949083420313958 0.402117481958898 0.971164223299507 -0.0918670410573724 0 0 575 0 0 0 0 0 0 0 0 0 0
0.260237173076683 -4.46252163708742 7.74318368657275 -0.343421260893396 -0.375594549957187 -0.238445454220432 0.240492716005539 0 0 576 0 0 0 0 0 0 0 0 0 0
0.112917438953564 -2.1242714457929 1.41492619368689 -2.38217887523169 0.73976283910963 0.247510590175393 -0.204435369654574 0 0 577 0 0 0 0 0 0 0 0 0 0
0.113315231483732 -3.52682980228495 2.14632982820526 0.500870756461198 0.0534004354720597 -0.0951440354555486 -0.577998325002832 0 0 578 0 0 0 0 0 0 0 0 0 0
0.127270912942187 0.28786413141244 0.872929633408844 -0.0688161242782954 1.50740629123168 0.0989179089402485 -0.521794190732248 0 0 579 0 0 0 0 0 0 0 0 0 0
0.351208763650006 0.0479282979522358 -1.15879452458827 -0.0079949658921467 0.423334620953586 -0.707178972182473 1.32505154339054 0 0 580 0 0 0 0 0 0 0 0 0 0
3.15501760513681 0.0926881703725422 -0.0569845638233359 0.0652527398873873 0.0572745895532499 0.770295616670004 -0.814312097997769 0 0 581 0 0 0 0 0 0 0 0 0 0
0.0938747887032998 1.53138972714836 0.210170344941449 0.774617576732274 0.228540960036233 -0.361832912198826 0.439817561399298 0 0 582 0 0 0 0 0 0 0 0 0 0
0.411628368514251 2.53263953668931 -0.083162804777895 2.15152560444719 0.161160050119878 -0.293744599504357 0.416353312724212 0 0 583 0 0 0 0 0 0 0 0 0 0
0.445826158534747 0.0004493891609801 0.941136392077757 0.355216894033441 0.73112940948559 -0.159569524788085 -1.03811574807648 0 0 584 0 0 0 0 0 0 0 0 0 0
0.320495209589349 -0.0165147607404502 -0.708809611504526 -0.510036146197 0.204566224053668 -0.766295526623859 0.573467847707834 0 0 585 0 0 0 0 0 0 0 0 0 0
0.295425172978249 -0.768923424151181 0.479934360224162 0.554788775815361 0.967374831407131 -0.042711058216895 0.941966389817293 0 0 586 0 0 0 0 0 0 0 0 0 0
0.153825378173175 -0.23958571980101 0.145917707832803 0.186788036905237 -0.105449859645397 -1.05167476186841 1.19523014096873 0 0 587 0 0 0 0 0 0 0 0 0 0
0.118414461352922 -0.626350871228836 0.929274035376533 -0.535757893981458 0.275909837449579 -0.127740899730473 0.268812927087991 0 0 588 0 0 0 0 0 0 0 0 0 0
0.113075057262735 0.155096864639245 0.955818880449216 2.22079102220161 0.471873008719722 -0.214399856142372 -0.655414173622853 0 0 589 0 0 0 0 0 0 0 0 0 0
0.132304997315956 -1.08877029799949 0.228269685512697 -0.445065382045998 0.147125505080146 -0.387926002570329 -0.278694456564653 0 0 590 0 0 0 0 0 0 0 0 0 0
0.67152391640654 -0.0048636347784753 0.668037744978867 -0.189509917381338 0.388036877093772 -0.397845271514603 0.135068519766739 0 0 591 0 0 0 0 0 0 0 0 0 0
0.17180312187902 -0.550727711300979 -1.41331244781094 -0.327487393668903 0.468438836111839 0.0646715585879546 -0.477047938509121 0 0 592 0 0 0 0 0 0 0 0 0 0
0.215483548744829 0.554481095752133 -1.28528738990058 -2.11395532029215 -0.0684892349445228 -0.308014450816079 0.483654218848458 0 0 593 0 0 0 0 0 0 0 0 0 0
0.256875489481237 -0.218995992929118 1.12519947233052 1.16275792898766 0.339990340900418 0.220665320982189 -0.283653028433075 0 0 594 0 0 0 0 0 0 0 0 0 0
0.127084838229926 1.24279275587361 -1.41605730681878 -0.934873343274524 -0.130219889747186 -0.361112895051252 0.219867253145917 0 0 595 0 0 0 0 0 0 0 0 0 0
6.67849310695419 -0.644331532506047 -1.31040226215977 4.11414735484717 0.343714830244177 0.149555811116256 0.0639609138366082 0 0 596 0 0 0 0 0 0 0 0 0 0
0.180506425855256 -1.41678989184524 -0.27354977175166 -0.283347524484936 0.4527297470787 -0.152409394748546 -0.274811312369838 0 0 597 0 0 0 0 0 0 0 0 0 0
0.0898067691284214 1.25387946996379 0.554616864424357 0.0456217300820163 0.553591950353585 -0.677509781729585 0.520681429896202 0 0 598 0 0 0 0 0 0 0 0 0 0
0.577054587135964 0.2293417681232 0.476736438557435 0.270643208775385 -0.627601802021365 -0.659796287287664 0.0291043221710475 0 0 599 0 0 0 0 0 0 0 0 0 0
0.225932085836201 -0.499669107240806 -0.990301797203063 0.800351279444368 1.36181169396296 -0.355730025376353 -0.232822826166274 0 0 600 0 0 0 0 0 0 0 0 0 0
2.05047052691169 0.347527628033795 0.37832133233573 -0.0990660079796982 -0.548376888628331 -1.24772500489532 0.113034358866746 0 0 601 0 0 0 0 0 0 0 0 0 0
0.184550283923215 0.460280951255672 2.08561421431724 2.628820412762 -0.159550669028741 -0.505548646356939 -0.384341729479782 0 0 602 0 0 0 0 0 0 0 0 0 0
0.112247702133115 -0.81344035896326 0.0493219032725936 0.255759465360843 0.0765953699204917 -0.388372091764672 0.786769710179602 0 0 603 0 0 0 0 0 0 0 0 0 0
0.0830907816964404 -1.95111974101469 -1.62061319687577 2.57407851395787 0.307871786678567 0.354074740946532 0.590424490345689 0 0 604 0 0 0 0 0 0 0 0 0 0
0.138827299690024 -0.0137434323813078 0.0594328284607 0.12891407748283 -0.433069526107342 0.5238469365177 -0.241964024000506 0 0 605 0 0 0 0 0 0 0 0 0 0
0.416993682548084 0.667805860770772 0.9709791371686 -0.699479755772532 0.564102592855243 -0.117946852171575 -0.674831424074504 0 0 606 0 0 0 0 0 0 0 0 0 0
0.707450148523813 -0.0874730296081403 0.648113321081158 -0.514940639833312 -0.164228447743576 -0.114552440567983 -0.749353228383699 0 0 607 0 0 0 0 0 0 0 0 0 0
0.317834839053022 0.265172932887435 0.0531066133765446 0.682862275156142 0.291674068608726 0.633524514666769 0.422011251796723 0 0 608 0 0 0 0 0 0 0 0 0 0
0.0936254077504306 0.326223009152432 -1.59824494800127 0.98826842017815 0.0126507358577628 0.531600729544446 -0.524653088335425 0 0 609 0 0 0 0 0 0 0 0 0 0
0.176779987880394 0.629020877428143 0.568842041148965 -0.62938756072093 -0.473671446790242 0.526392025014512 0.74186473659726 0 0 610 0 0 0 0 0 0 0 0 0 0
0.272631407610289 1.20836951627683 1.3204782416884 0.676409042013271 -0.735917932532405 -0.0278086147158771 0.53603277951793 0 0 611 0 0 0 0 0 0 0 0 0 0
0.132071818400154 0.79699554939252 0.447682117881186 0.153525440394049 0.16783770865854 -0.139481540509142 -0.602769550240803 0 0 612 0 0 0 0 0 0 0 0 0 0
0.164809542933788 0.110482367578043 -1.02974770725267 0.190294388589081 0.4530662750351 1.06615421812476 0.15527634692908 0 0 613 0 0 0 0 0 0 0 0 0 0
0.643680793820324 -0.766485009165032 -0.40507123005093 -0.0546729050388315 0.587952852578573 0.293393036665601 0.39264142689873 0 0 614 0 0 0 0 0 0 0 0 0 0
0.17015992441595 0.608400431699504 0.158198003482374 0.511885317201936 0.198054751897408 -1.09109802949776 0.130774335586443 0 0 615 0 0 0 0 0 0 0 0 0 0
0.081716210017245 1.08086671108419 -0.124328559462342 -0.226023062053018 1.04167787172615 0.0223883357011668 1.23084805849618 0 0 616 0 0 0 0 0 0 0 0 0 0
0.710887987944747 -1.412330126284 -0.439489013486145 -1.57997727231358 -0.114455977143381 -0.250684640678305 0.172250264152248 0 0 617 0 0 0 0 0 0 0 0 0 0
0.107123725565807 -2.28985647406363 -0.118472305747637 0.637255447479142 -0.359185395209901 0.211595449076111 -0.60307360181997 0 0 618 0 0 0 0 0 0 0 0 0 0
0.177525423570838 0.750559705032783 -0.24166780422629 -0.046653025286519 0.522013877286239 0.0745195516861137 -0.45065033431707 0 0 619 0 0 0 0 0 0 0 0 0 0
0.343708658531016 0.351576054519672 0.866335914312729 0.0287334953542387 1.17584265399429 0.0533691747848644 -0.88555951256442 0 0 620 0 0 0 0 0 0 0 0 0 0
0.444633724208354 -0.479176799543542 -0.516908579620745 -0.637884801857409 -0.359323552943151 0.582998280066251 0.777196061450928 0 0 621 0 0 0 0 0 0 0 0 0 0
0.0990682419183569 -0.0405144220626825 0.363472012626305 0.489735489749919 0.443129202704163 0.356145257409098 -0.432862424998557 0 0 622 0 0 0 0 0 0 0 0 0 0
0.283794287833407 -1.87875212633487 -0.251441825072539 0.581667090503014 -0.132151605490952 0.0794690960928283 0.228236184303084 0 0 623 0 0 0 0 0 0 0 0 0 0
0.246400501571208 -2.4064786902443 -0.578555978370018 0.460054279187106 -0.417624492833627 -0.296877270672081 -0.491605216071232 0 0 624 0 0 0 0 0 0 0 0 0 0
0.0964732380167687 -1.51307153544325 -0.587370213856263 -0.566279003511428 -0.35638150641266 -0.420227441772053 -0.101655484950134 0 0 625 0 0 0 0 0 0 0 0 0 0
0.259979709119785 1.64622622405004 2.28656203455136 2.51105154710403 1.00306362249291 -0.251876469201388 -0.0418240655221668 0 0 626 0 0 0 0 0 0 0 0 0 0
0.101763977656042 4.39538033543888 1.18912895721206 -1.64586771886538 -0.0801902559279348 0.345454645768497 -0.0981713077424205 0 0 627 0 0 0 0 0 0 0 0 0 0
0.415033289090609 -1.46104830914033 0.679501541435714 0.406294909350545 -0.155652716101026 0.492742795721402 0.574396658069201 0 0 628 0 0 0 0 0 0 0 0 0 0
0.296849800968408 -0.0433823197529443 0.663335653728218 0.481777634437045 0.725472672265363 0.655872013646533 0.568253728808214 0 0 629 0 0 0 0 0 0 0 0 0 0
0.873629023778229 0.716030564243896 -1.14477369591436 -0.459032290556421 0.542645507255509 -0.104285760964407 0.475909980769685 0 0 630 0 0 0 0 0 0 0 0 0 0
0.172857760459485 -0.700818674832017 0.323903860919323 0.384385831846342 1.23033173871551 0.0220699963062792 0.457575301496162 0 0 631 0 0 0 0 0 0 0 0 0 0
0.144094649478303 0.0780756196018558 -0.313860349567921 -0.0279869541828434 -0.264884528426989 -0.913171291346487 -0.548792089145808 0 0 632 0 0 0 0 0 0 0 0 0 0
0.347908207736074 -0.470561702801907 -0.0567273287005289 0.136380120036111 -0.139256289730122 -1.08119577458593 -0.045094342793119 0 0 633 0 0 0 0 0 0 0 0 0 0
3.62681161868655 1.42934951304048 -1.27514078970978 -0.66131830048036 0.233771758503923 0.69962822486261 -0.18170385097095 0 0 634 0 0 0 0 0 0 0 0 0 0
0.122810855303342 -0.763198428373539 0.312417088832753 0.0803121242060216 -0.465974837448958 0.0565175674490854 0.128842403845373 0 0 635 0 0 0 0 0 0 0 0 0 0
0.498713245210383 -1.06429558421002 -2.79147141643927 -2.20293589625766 0.259382158981449 -0.212957310511434 -0.0656084857058211 0 0 636 0 0 0 0 0 0 0 0 0 0
0.120017606154661 -2.63121133424918 3.37337903992285 0.258485792785329 0.438389708160006 0.102038919092794 0.203922232413564 0 0 637 0 0 0 0 0 0 0 0 0 0
0.245050548877849 1.84457805867819 0.338911820619277 0.893953281031632 0.044684464352606 -0.214519723073319 -0.142872732099409 0 0 638 0 0 0 0 0 0 0 0 0 0
1.1396426070732 -0.0215895510689029 -0.658153119661864 -1.40325220489354 -0.560119865460119 -0.377639689183516 -0.108054346239735 0 0 639 0 0 0 0 0 0 0 0 0 0
0.688579147013617 0.393251080451992 2.47435261451262 -0.116240053678305 -0.126420051178354 -0.733320649791414 0.00446537000857447 0 0 640 0 0 0 0 0 0 0 0 0 0
0.0811599820351384 0.713912314756525 0.427408722726617 -0.466396449772643 0.383949219783111 0.473261865171707 0.563931478146396 0 0 641 0 0 0 0 0 0 0 0 0 0
0.303679551524727 0.0354503906024953 -0.145662857974824 0.0100871521099944 1.82692559519106 0.488560440009892 0.439146195450874 0 0 642 0 0 0 0 0 0 0 0 0 0
0.159972862583428 -0.191644351966915 0.105515560547703 -0.951604265576502 0.754941141342347 0.702478363225527 0.700579710776449 0 0 643 0 0 0 0 0 0 0 0 0 0
0.649836751561911 0.466259232286372 -1.36716741638893 1.4666178667301 0.0252830954862272 -0.517236231421444 -0.481008859318716 0 0 644 0 0 0 0 0 0 0 0 0 0
0.221739474514315 -1.18876607873569 -0.867484679176911 0.457807208491779 -0.783532997197961 0.428401950509208 -0.0688619866674505 0 0 645 0 0 0 0 0 0 0 0 0 0
0.445386210981309 0.414413160095186 0.517085326050941 0.409662857197327 0.7775317887133 0.0700157968477478 -0.341853693100577 0 0 646 0 0 0 0 0 0 0 0 0 0
0.188199534424426 0.229604827384002 -0.0006736555416115 -0.399942839934458 -0.508220683748682 0.394400831214663 0.0619974093858431 0 0 647 0 0 0 0 0 0 0 0 0 0
0.327137324110024 0.0539562276952102 -0.486674417811313 -0.0184745176373441 -0.23512995024397 0.495143724132518 0.113028759999285 0 0 648 0 0 0 0 0 0 0 0 0 0
0.389058648293857 -0.486440382623708 -0.286032638118152 -0.547730951417609 0.662017404027333 0.22539473963852 -0.148972109512568 0 0 649 0 0 0 0 0 0 0 0 0 0
0.521371332289507 -0.723559442344091 -0.564076286082111 1.93003812714753 -0.163464486181827 -0.677115081422042 0.711152050970793 0 0 650 0 0 0 0 0 0 0 0 0 0
0.0966079397347528 -0.0916204312810649 0.142570364452931 0.982297597919406 0.38245488689107 -0.345207070523154 1.54014318258061 0 0 651 0 0 0 0 0 0 0 0 0 0
0.473313124557093 -1.11084794899719 -0.0435786245592655 -0.288013035564486 0.128170825528779 0.324145489494156 1.11515683794293 0 0 652 0 0 0 0 0 0 0 0 0 0
0.14295387071629 0.356675254078321 3.33451949478876 1.22812834790747 0.16741325261696 -0.118053443953078 -0.0242681690202095 0 0 653 0 0 0 0 0 0 0 0 0 0
0.153802781577087 0.904040044953224 -0.880475565828832 0.809381549284105 0.000242224425795668 0.0823609925309827 0.35441120057926 0 0 654 0 0 0 0 0 0 0 0 0 0
0.0889427891748808 -3.20472070204137 1.42887327398718 -8.81192393532505 0.243185261298514 -0.187614649624196 0.0461290328234159 0 0 655 0 0 0 0 0 0 0 0 0 0
0.584505085927353 -0.232492921116091 1.5953572009758 0.278655183109676 0.301502117706533 0.706766249479531 0.082081187798719 0 0 656 0 0 0 0 0 0 0 0 0 0
0.517684358387333 0.485567633639769 -1.51099230905194 -0.131216557290878 -0.439164355307484 0.423352143061633 1.42613122704195 0 0 657 0 0 0 0 0 0 0 0 0 0
0.0903403410207764 -0.375198698421962 1.5324727200593 -0.186552918787172 0.291479209793919 -0.408456876387645 0.104528674098646 0 0 658 0 0 0 0 0 0 0 0 0 0
0.0828574862600133 0.637164361683369 -0.863888956325711 -1.5578418735096 -0.355858345941818 0.151352712558627 -0.434943803706582 0 0 659 0 0 0 0 0 0 0 0 0 0
0.0855864694492483 -0.423657066289219 -0.0568679633183349 0.21050393490961 0.108029874953299 0.691261171419509 0.351757421698553 0 0 660 0 0 0 0 0 0 0 0 0 0
0.142742451854972 0.787563608809697 0.911143396812525 1.13432813476019 0.560685451151716 0.623709409010447 1.07205753016701 0 0 661 0 0 0 0 0 0 0 0 0 0
0.65440496628213 0.889476532268822 0.309714058860361 -5.00841303090481 0.391220793721711 -0.0984509457160611 0.0911781456965517 0 0 662 0 0 0 0 0 0 0 0 0 0
0.242627688848045 3.93525055153573 -4.08655802474765 -0.834872787852095 -0.243478857799944 -0.0318650456967849 -0.142683657031161 0 0 663 0 0 0 0 0 0 0 0 0 0
1.94300637593797 0.0596763070101706 0.348984812010535 -0.167283993641527 -0.208243436502477 -1.23830919639126 -0.160291129351258 0 0 664 0 0 0 0 0 0 0 0 0 0
0.324088136406149 0.256873379887827 -0.506432889671269 -0.657822190266635 0.0497819419434212 -0.370581809902171 0.2522361162847 0 0 665 0 0 0 0 0 0 0 0 0 0
0.304227100512381 0.98207417367977 0.769596524471835 0.989236552997972 -0.0635204666995484 -0.469250030362677 0.746504679871532 0 0 666 0 0 0 0 0 0 0 0 0 0
0.252668474013666 -3.93089319367246 4.54153061721658 3.28347486696602 -0.196249935670735 0.330314908860925 0.400752500908986 0 0 667 0 0 0 0 0 0 0 0 0 0
0.431806317268537 0.539264784726428 1.21421465118374 0.241734797101319 -0.566320584275245 -0.173994589189422 -0.908748976722867 0 0 668 0 0 0 0 0 0 0 0 0 0
0.212310112052597 -0.553182866916385 0.309688610151706 1.60626030174956 0.649569972501636 0.433789392476574 0.150090531882779 0 0 669 0 0 0 0 0 0 0 0 0 0
0.216363091831769 -0.57710484743094 1.67281658736953 -1.52386316910467 0.444761058645743 0.106861152185089 0.0377245914828298 0 0 670 0 0 0 0 0 0 0 0 0 0
0.26465337472294 0.27236864154606 -0.455454880026968 0.244516116626303 -0.0948043332282462 0.538882048731532 -0.552916230508356 0 0 671 0 0 0 0 0 0 0 0 0 0
0.210226755483531 5.84002689053973 10.1341277894196 -2.9682007625264 -0.160850667129791 -0.404801525725491 -0.0111882633850655 0 0 672 0 0 0 0 0 0 0 0 0 0
0.320344894209333 1.23426181907031 1.59307755940172 -0.255367434831196 0.567948069213634 -0.214284009582574 0.790519030639852 0 0 673 0 0 0 0 0 0 0 0 0 0
0.364551720559679 1.49371538052704 0.632250413136576 0.195979078006267 -0.465008946914387 0.13684202424515 -1.37026380929129 0 0 674 0 0 0 0 0 0 0 0 0 0
0.134954924655338 -1.40138064451617 -0.142679911736413 -1.17591394462922 0.272941052833916 -0.0878954844547151 -0.324913439976491 0 0 675 0 0 0 0 0 0 0 0 0 0
0.0973815747171387 -0.0166731084935114 0.278015795001651 0.194419710656815 -0.254733409463104 0.305839261949013 -0.446023369728738 0 0 676 0 0 0 0 0 0 0 0 0 0
0.100464886320133 0.515345940835686 0.850723464103557 -1.22163434364624 0.134198306428938 -0.363904973708749 0.680378390665803 0 0 677 0 0 0 0 0 0 0 0 0 0
0.166736264207442 -1.4325739058496 -1.46671444466165 0.245192050918812 0.32552246839734 0.247881733942581 0.229830714282471 0 0 678 0 0 0 0 0 0 0 0 0 0
0.377807111797462 -1.11406417740623 1.52088477674309 0.16572854767332 -0.240026975726819 0.942528975846452 -0.223746101580005 0 0 679 0 0 0 0 0 0 0 0 0 0
0.550717772692011 -1.78246047276181 1.99687953748023 0.492685766623826 -0.136247958663387 -0.192092137209108 0.845806280405094 0 0 680 0 0 0 0 0 0 0 0 0 0
2.97495671793502 0.517580580069486 -1.09093910781196 1.80942874497678 -0.209530101941229 0.677106028094568 0.270632826109167 0 0 681 0 0 0 0 0 0 0 0 0 0
0.16709657418861 -0.400185925369587 -1.06825048665032 -0.156557620197334 0.0210306579699035 -0.253736161634264 0.16085142673689 0 0 682 0 0 0 0 0 0 0 0 0 0
0.108254713197074 0.789448911373319 -0.574253563593138 1.18805973276835 0.729946233228146 -0.437663487493168 0.653741971700022 0 0 683 0 0 0 0 0 0 0 0 0 0
0.30590969247964 0.245922958617977 -0.768352788989339 0.299158049635512 -0.571828925512258 0.233122540677051 0.829148835396042 0 0 684 0 0 0 0 0 0 0 0 0 0
0.42726747051602 0.996747693430639 -1.71512783749973 -0.564939223689475 0.683411083843497 0.385330362938018 0.296422719518898 0 0 685 0 0 0 0 0 0 0 0 0 0
0.258873683425337 -0.855462520095289 1.17819016943645 1.12073949328885 0.279629606607401 0.944320496201048 0.894246568470361 0 0 686 0 0 0 0 0 0 0 0 0 0
0.102046895506627 0.888986483593782 -0.0219140246657691 -0.227882122025064 -0.560441525526878 0.180286906796441 0.0232430449920677 0 0 687 0 0 0 0 0 0 0 0 0 0
0.124977393678633 0.486377273803112 -0.526698889838066 1.17365368961579 -0.397488126900159 -0.973271869913875 -0.167365387881955 0 0 688 0 0 0 0 0 0 0 0 0 0
0.532258889488183 -0.0470900940100748 -0.456920151609578 0.189803444453758 0.00907086258597444 -0.47988842778421 1.06279133445004 0 0 689 0 0 0 0 0 0 0 0 0 0
0.843475004044677 -0.0717453423778539 -1.89532388622482 1.06148625620274 0.206732439713557 -0.170041455460298 0.254099573109892 0 0 690 0 0 0 0 0 0 0 0 0 0
0.267742551591747 -0.336554158233485 -2.00764862261129 -1.03784611529046 -0.605510733414087 0.0961783704406619 0.108731518303027 0 0 691 0 0 0 0 0 0 0 0 0 0
0.135680546165478 0.11244776670845 -0.630366904796196 0.647448935028066 0.275848676084405 0.211827974650885 -0.303862157221036 0 0 692 0 0 0 0 0 0 0 0 0 0
0.2535685036504 -0.149353855096842 0.185088246606777 -0.509292309480343 0.370671911061637 -0.385992511421022 0.440176710352168 0 0 693 0 0 0 0 0 0 0 0 0 0
0.114331415703407 0.554954296069304 -0.909274268908896 0.199008794204812 -0.333370527158596 -0.478665877599305 0.0989455427767622 0 0 694 0 0 0 0 0 0 0 0 0 0
0.504022538702898 1.08965266758671 0.553612284607293 -2.146353973818 -0.110017457943744 0.658490352723466 0.120384632556094 0 0 695 0 0 0 0 0 0 0 0 0 0
0.168146703585364 0.14000195921638 1.65616219667689 0.45897557800751 0.966426249326575 -0.488846707038575 0.364772269885562 0 0 696 0 0 0 0 0 0 0 0 0 0
0.448311720982957 -0.0772232108034001 -0.96936792611396 -0.167594853781133 1.22152161042262 -0.0549025492571699 0.877338696244422 0 0 697 0 0 0 0 0 0 0 0 0 0
2.34439804318802 -0.496357514643336 -0.481856508143579 -0.0101999695869134 1.04733736517152 0.527513224029739 -0.712429374324593 0 0 698 0 0 0 0 0 0 0 0 0 0
0.108742824744765 -0.592254846246945 1.02051762076459 0.513693892353122 0.0539645301533979 -0.444188474772623 0.818355046443954 0 0 699 0 0 0 0 0 0 0 0 0 0
3.48386333561595 0.16218094264213 -0.430828594919489 0.0430638624372999 0.668106261667187 0.488942425765221 -0.563110567812953 0 0 700 0 0 0 0 0 0 0 0 0 0
0.146783713275027 0.846917171634217 0.0831204808392894 1.01640787610037 0.418494785567091 -0.855701454489536 0.138725221868503 0 0 701 0 0 0 0 0 0 0 0 0 0
0.51959763524642 -0.354434376895387 -0.313794801982039 -0.689149802302321 -0.869878449710564 1.23676834672168 -0.112979846583 0 0 702 0 0 0 0 0 0 0 0 0 0
0.284033401742079 -1.54032857276226 0.842886827159254 -0.0826683196617427 -0.377742087169335 0.597123332756268 0.008735693850901 0 0 703 0 0 0 0 0 0 0 0 0 0
0.39513055871252 -2.11442859587599 -1.64446267419821 0.208415301047557 0.195221855171806 0.373568202548709 -0.346525959979732 0 0 704 0 0 0 0 0 0 0 0 0 0
0.400014879848668 -0.739298336772728 -0.495764067580511 -0.016148186449244 -1.11445507919383 0.133276261675649 -0.0125721848953294 0 0 705 0 0 0 0 0 0 0 0 0 0
0.169786257786721 -0.828130236872776 -0.317778445165519 -0.950193220185423 0.168218242194655 0.00811348556156874 0.438721684034884 0 0 706 0 0 0 0 0 0 0 0 0 0
0.867038029498317 -0.354566267168031 0.299085649922259 -0.0017454475760506 -0.429633707616237 1.16079878581595 -0.431341363488511 0 0 707 0 0 0 0 0 0 0 0 0 0
1.18507779408179 -1.73570114651669 -0.216472655875894 1.61587349210006 0.427304597477984 -0.538611287958231 0.995075366663604 0 0 708 0 0 0 0 0 0 0 0 0 0
0.0960012831195831 -1.32379808949808 1.54087588316012 0.267752615502408 0.32689682794147 -0.15451019141413 -0.601668396834673 0 0 709 0 0 0 0 0 0 0 0 0 0
0.175001483600948 -0.197212979590745 -1.35165515845229 0.131159006504482 -0.2140817141579 -0.914018936819726 -0.211445127478213 0 0 710 0 0 0 0 0 0 0 0 0 0
1.1362164950837 0.0564741980859359 0.090834602964734 0.925810409579787 -0.765464654261791 0.154050749773749 -0.999028634670982 0 0 711 0 0 0 0 0 0 0 0 0 0
0.218480687833319 0.172623514294651 -0.302032097852103 -0.10592306316409 0.396576450902192 -0.730093558893901 0.797111340228104 0 0 712 0 0 0 0 0 0 0 0 0 0
1.0489295838239 0.850172034109167 1.77647301846243 0.40028659732519 0.435351296328888 0.415774268026791 0.386628647028138 0 0 713 0 0 0 0 0 0 0 0 0 0
0.239503684747521 7.70194251319494 3.77659566771179 -6.78807103063659 0.0975238040993461 0.325716537063348 0.135464795048482 0 0 714 0 0 0 0 0 0 0 0 0 0
0.100942664570257 -1.34546664104587 0.784418395408485 0.23983388846156 0.108232202232792 0.117229930148658 0.04531734846233 0 0 715 0 0 0 0 0 0 0 0 0 0
0.0849666298693186 -1.09371744036111 4.80284112930553 -4.01245130906767 0.269749209655682 -0.0580403601685825 -0.0315874161098376 0 0 716 0 0 0 0 0 0 0 0 0 0
0.232757886780028 2.27012773082862 -0.835513123134068 -1.65746583703862 0.467180025759708 0.0491813665454372 -0.376399994734689 0 0 717 0 0 0 0 0 0 0 0 0 0
0.0828387675775502 0.607204217680234 1.85546609614671 3.28357371161543 -0.319974349369236 -0.0160594543511029 -0.27937460939861 0 0 718 0 0 0 0 0 0 0 0 0 0
0.102269075870492 0.411600369850256 0.0279658465083245 0.547822428301439 -0.304456603625467 -0.805133045643381 1.68122700776225 0 0 719 0 0 0 0 0 0 0 0 0 0
0.390963671487629 0.660116678803669 1.89546753264321 -1.59495175806713 0.497582878174604 -0.249842300253715 -0.341146809878415 0 0 720 0 0 0 0 0 0 0 0 0 0
0.102369276243085 -1.20315926967017 0.40394325036435 0.827965313174491 0.339138460704584 0.903277364717839 0.754268475810663 0 0 721 0 0 0 0 0 0 0 0 0 0
0.304309938694063 -1.284764758093 0.497756197603536 -0.706055860217155 -0.303320193576364 0.359054871658289 0.785033764568023 0 0 722 0 0 0 0 0 0 0 0 0 0
1.00122421531242 -0.205348748933649 0.731432407057461 -1.60949465198325 1.05247038532038 0.160834525770925 0.233904654751429 0 0 723 0 0 0 0 0 0 0 0 0 0
0.164341635325149 -1.20481991622874 -0.0081246081039701 0.284980929400715 -0.761696183020354 0.465837037815326 -0.421948114361427 0 0 724 0 0 0 0 0 0 0 0 0 0
0.202847411610663 -0.130504778641915 0.0440472322673583 0.570678217005911 -0.40630783812577 -0.466592238906252 0.388500403577313 0 0 725 0 0 0 0 0 0 0 0 0 0
0.121801917698818 0.884371313230653 1.36444273155176 -1.22221020489728 0.345269343222915 -0.592674575720989 0.131515997020284 0 0 726 0 0 0 0 0 0 0 0 0 0
0.307849736251867 0.135689839130072 -0.190537159676469 0.173245113369379 0.643386653061466 -0.502476105030545 -1.01475319615329 0 0 727 0 0 0 0 0 0 0 0 0 0
0.105131665624866 0.06020739622662 -0.201458840818211 0.640612906121012 0.43952293997912 0.207008296006219 0.435708321679563 0 0 728 0 0 0 0 0 0 0 0 0 0
0.353450195112872 -0.593478507790142 -2.05301356721467 -1.66550446202497 0.132282532927795 -0.106088897423219 -0.583332094928558 0 0 729 0 0 0 0 0 0 0 0 0 0
0.118404512682092 -1.43956026685547 -0.351150886312682 -4.22684921064731 0.213519528796705 0.127656248860667 0.116599075021064 0 0 730 0 0 0 0 0 0 0 0 0 0
0.105160197186014 -0.532161171933024 0.442226249794803 0.437472074335241 0.535038884169188 0.280943095323228 0.649821232142689 0 0 731 0 0 0 0 0 0 0 0 0 0
0.761674949886683 -1.28348420842283 0.591211203877941 -0.924526044067658 0.606997921489553 -0.107214402065054 0.558038734137263 0 0 732 0 0 0 0 0 0 0 0 0 0
0.227718021536441 -0.341347073410037 -0.591254182767944 -0.659903635440597 0.317782848727372 -0.597695968518468 0.88073169728514 0 0 733 0 0 0 0 0 0 0 0 0 0
1.7429827592142 -0.511025588897945 -0.513407879476164 0.0460809690693227 -0.473876825857809 0.691116773796283 1.28686317967426 0 0 734 0 0 0 0 0 0 0 0 0 0
0.326120518541383 1.33458842769427 -0.567671838250822 1.03862885226247 0.508480337965808 -0.296060493105909 0.090754028055401 0 0 735 0 0 0 0 0 0 0 0 0 0
0.212448846773175 -0.658473044367607 0.508679597365773 -0.070422554210991 0.680025052613953 -0.352418116223605 1.04520119809609 0 0 736 0 0 0 0 0 0 0 0 0 0
0.205597482885603 1.980627831061 1.85722434936205 -0.084023870069603 -0.472201682994095 0.0805747404590327 0.0240937951008196 0 0 737 0 0 0 0 0 0 0 0 0 0
1.13538438115287 -0.887224547459328 -0.869578089552764 -0.452678183966544 0.913345605322317 0.45658512963735 0.0716155580873436 0 0 738 0 0 0 0 0 0 0 0 0 0
0.104499706429818 0.810122499933183 0.849828905392592 -0.543697200824995 0.52184268149628 0.101460304236295 -0.0437668481064811 0 0 739 0 0 0 0 0 0 0 0 0 0
1.12702404393809 -0.316306182619657 -0.861154251607745 0.385968165451534 0.603356073828741 -0.24918472301522 -0.0531635142040059 0 0 740 0 0 0 0 0 0 0 0 0 0
0.161398864844479 0.562356257229511 -0.480158322282208 1.36107220443144 0.155426776664169 0.428957271177478 0.490320789585521 0 0 741 0 0 0 0 0 0 0 0 0 0
0.141045156384473 0.0724532910607086 0.135706409227478 -0.235527156219482 0.650515939185078 -0.0350191617551588 -0.229924047721092 0 0 742 0 0 0 0 0 0 0 0 0 0
1.16891054128094 2.58894384050472 -0.149837566724018 -1.07039242989527 0.284434779591726 0.151221348957759 0.197646111392103 0 0 743 0 0 0 0 0 0 0 0 0 0
0.71128335892941 0.367625550275814 -0.129972961697731 0.407388868101864 -0.601720908375939 -1.10929302979577 0.0699600692552129 0 0 744 0 0 0 0 0 0 0 0 0 0
0.0893684078648417 -0.232482082422405 -0.446777374345229 0.620988146382198 -1.3016436798761 -1.0007007987911 0.239004251488011 0 0 745 0 0 0 0 0 0 0 0 0 0
0.141811599997458 0.510661721521481 -2.98185750671772 -0.63313043624129 -0.160302550770174 0.0510343438118995 0.247797058081026 0 0 746 0 0 0 0 0 0 0 0 0 0
0.987340981538211 -0.651970033848597 -0.231632280176269 -0.615455388859628 -1.07469612037808 -0.164640580971178 0.0584573496785588 0 0 747 0 0 0 0 0 0 0 0 0 0
0.0922137430646107 0.754324720290526 2.05466120008688 -0.754532827263297 0.6106687426048 -0.758318419944019 -0.247182314561844 0 0 748 0 0 0 0 0 0 0 0 0 0
0.55746812735368 -0.156498498195196 -0.376298964631824 1.11559799237145 1.08432818868674 0.592205368638435 -0.187334909367316 0 0 749 0 0 0 0 0 0 0 0 0 0
0.126884234457064 2.06831191566313 1.02592464887351 0.515333949541254 -0.148797469175294 -0.0638144228532552 0.745792848718766 0 0 750 0 0 0 0 0 0 0 0 0 0
0.113565124339809 0.0405695808545183 0.790552214689721 0.270190735419968 -0.286041751519431 0.216782625779147 0.477134766967523 0 0 751 0 0 0 0 0 0 0 0 0 0
0.203675869340974 0.0816614513938313 0.855876859221521 -0.553063255784707 0.286179468377755 0.266962133745622 0.141054683737835 0 0 752 0 0 0 0 0 0 0 0 0 0
0.888192259313898 0.253729407063385 -0.854498076259472 -0.307677935854977 -0.00839470895902748 0.481323271820516 -0.0754289981616584 0 0 753 0 0 0 0 0 0 0 0 0 0
0.0836893077376006 0.0912216769747101 0.484054608086313 1.20312293435439 -0.518757918316246 0.413812732287759 -0.0153478819447401 0 0 754 0 0 0 0 0 0 0 0 0 0
1.19722010622769 -0.0693730338220582 0.623041513655953 -0.79047973931586 -0.157868883311341 0.625515239442016 0.284466380255827 0 0 755 0 0 0 0 0 0 0 0 0 0
0.398884326408359 -1.12198227844545 0.870704755175535 0.935666127824021 0.286128452303627 -0.718742548709717 -0.417199557287097 0 0 756 0 0 0 0 0 0 0 0 0 0
0.0924630405652325 0.781526808225445 -0.608068302717665 -1.57484215684628 -0.030845368786744 1.02567517466923 0.500527264113589 0 0 757 0 0 0 0 0 0 0 0 0 0
0.172465208895154 -0.832696260628127 0.0111439989504165 0.495711512941404 -0.608484173899701 -0.0358059575140099 -0.945117105168818 0 0 758 0 0 0 0 0 0 0 0 0 0
2.57722896630096 -3.86470359146699 -3.24467563117428 0.580723025238589 0.015912545986079 -0.00376237523360826 0.237716422207911 0 0 759 0 0 0 0 0 0 0 0 0 0
0.101972985702787 -0.331936739271215 0.679019728956522 0.192020673369275 -1.19905696976448 0.113204045384045 0.996425944280652 0 0 760 0 0 0 0 0 0 0 0 0 0
0.933228915354214 1.24995373696514 -0.0478627273843006 0.151328957824477 0.472532170343804 0.105951721236673 -0.814175425511817 0 0 761 0 0 0 0 0 0 0 0 0 0
1.69159870368505 -0.252490964089104 -0.129018477116073 -0.724856015780067 -0.505094768864525 -1.07007332465292 -0.251298616275645 0 0 762 0 0 0 0 0 0 0 0 0 0
0.625696592133852 1.65720475224561 0.0835334649988302 0.940094967747431 -0.172964147681631 0.321083874763869 0.540536186603588 0 0 763 0 0 0 0 0 0 0 0 0 0
0.196779312108861 0.97596284314496 -1.00990030506527 -0.45781414403273 0.758524374199412 -0.0178988822961067 0.108853163593088 0 0 764 0 0 0 0 0 0 0 0 0 0
0.525844804445418 1.41182318818487 0.308903369270892 -0.0991451540454702 -1.3568551923523 -0.0786886367351751 0.634224311660867 0 0 765 0 0 0 0 0 0 0 0 0 0
0.173985209036458 -1.65513426131142 0.66250826088219 2.94054163313845 0.183694126184116 0.385382498709196 0.0878347919475205 0 0 766 0 0 0 0 0 0 0 0 0 0
0.105520220692905 -0.315611354632838 -0.312152328175855 0.936742621464909 -1.02872868486686 -0.0284541532221072 -0.0234329433115807 0 0 767 0 0 0 0 0 0 0 0 0 0
0.458004525186791 0.0810308205780756 0.640180181610743 0.537042348729563 0.278597528875647 -0.154832811946824 0.684329246829739 0 0 768 0 0 0 0 0 0 0 0 0 0
0.269931544171768 -1.62204111724139 -0.569757423126527 -2.05260661977215 -0.17612906256812 -0.410168114709648 0.123461312496477 0 0 769 0 0 0 0 0 0 0 0 0 0
0.143961549758284 0.341441971164517 -0.112505549928392 0.328631485394458 1.09354439281285 1.16333508822687 1.08037833229043 0 0 770 0 0 0 0 0 0 0 0 0 0
0.338753141057574 -0.149753137666251 0.287485325734365 0.675960957156484 -0.525580658277466 0.565261337225392 1.19640619433645 0 0 771 0 0 0 0 0 0 0 0 0 0
0.198851058589384 2.14933492896378 0.951614387921408 1.91465610032201 0.0383236619649279 -0.416506611467454 0.727451423771109 0 0 772 0 0 0 0 0 0 0 0 0 0
0.09445031296984 0.868905841877 1.32901699139916 -1.57248166135624 0.324973557525625 0.688842119601082 0.159323539286424 0 0 773 0 0 0 0 0 0 0 0 0 0
0.100264918517364 -0.156950393283375 -0.638949026487955 0.168526791137449 0.18081701886894 -1.57951349504337 0.486615542394779 0 0 774 0 0 0 0 0 0 0 0 0 0
0.105890654734041 -0.0548165944339966 1.0256156073291 -0.717256141754782 -0.126937317386497 -0.324133070897783 0.146247640286268 0 0 775 0 0 0 0 0 0 0 0 0 0
0.476078171885008 1.04411560098123 -0.75931651951988 2.73270623633193 -0.517014009549026 0.1095406400004 -0.0654913340758943 0 0 776 0 0 0 0 0 0 0 0 0 0
1.34462951551295 -0.792342714593779 -0.86080929966914 -0.775588914402545 0.177651631483581 0.446757754764792 -0.638295447947222 0 0 777 0 0 0 0 0 0 0 0 0 0
15.8090667973674 0.215285352325161 -0.480331185580663 -0.314406904153639 -0.660068296693165 0.120706205794658 0.197854753714241 0 0 778 0 0 0 0 0 0 0 0 0 0
0.33313741910502 -0.627670777086834 -1.55326833268352 -0.151602989622293 -0.536108871298924 -0.0839915974489724 0.491138010887843 0 0 779 0 0 0 0 0 0 0 0 0 0
0.507582395297624 -0.292145597995552 1.50346106755997 2.55657956069744 -0.608460347691351 0.351901935671874 0.0833426232260204 0 0 780 0 0 0 0 0 0 0 0 0 0
0.102017479492334 1.42332780290616 -0.0703954858719718 -0.445063000463489 0.292726035674667 -1.05290625027723 0.424663391834136 0 0 781 0 0 0 0 0 0 0 0 0 0
0.222560517725188 -1.12857801563755 -0.119337676819042 -1.3848006439713 -0.474783618285799 -0.204085440895491 0.234364583802417 0 0 782 0 0 0 0 0 0 0 0 0 0
0.368657832219076 -0.612003974711814 1.28249054610702 -0.997829944966297 -0.269302421810246 -0.540022850334193 0.227848051602201 0 0 783 0 0 0 0 0 0 0 0 0 0
0.271837406012752 -0.288669023569844 -0.0097828584419807 -0.407738325377191 0.330729440795309 0.876869472396897 -0.50069621337911 0 0 784 0 0 0 0 0 0 0 0 0 0
0.278427375591397 1.6935418661899 -0.0908998829428833 -0.905790868029755 0.0648636015928698 0.394868298647384 -0.628115292467113 0 0 785 0 0 0 0 0 0 0 0 0 0
0.364638343324557 -0.508141994921706 -0.0329019464612027 0.118661141568713 -0.808331562555577 0.0928450367350828 0.171392097917663 0 0 786 0 0 0 0 0 0 0 0 0 0
0.12231470291126 0.878462376514619 0.822820529260603 0.995784405027145 0.225468064966241 -0.333471693133018 -0.986935978969603 0 0 787 0 0 0 0 0 0 0 0 0 0
0.17119966670314 2.25245677511608 0.0358796274837694 -0.76642726711784 -0.514146381719106 0.0149873996938985 0.350761715046695 0 0 788 0 0 0 0 0 0 0 0 0 0
0.278291553476611 -2.11603062534814 -3.83237505839433 4.41755120953954 0.336104402216369 -0.024977703872215 -0.00868580173991198 0 0 789 0 0 0 0 0 0 0 0 0 0
0.350488989838787 -0.0613146488357551 -0.0587917730100617 0.373279083789801 0.54306843136118 0.53210624479867 0.320123954458412 0 0 790 0 0 0 0 0 0 0 0 0 0
0.51954179852304 -0.295058335568557 0.347496054308635 -0.663742533954445 -0.36207870038347 -0.961074345714596 -0.4456651046699 0 0 791 0 0 0 0 0 0 0 0 0 0
0.565592840100292 0.598913652722864 -0.382910189080545 -1.15365084960358 0.868223023597166 -0.511965156285433 0.178448463265974 0 0 792 0 0 0 0 0 0 0 0 0 0
0.217372582132279 -0.531137914884033 -0.471904078744505 0.113539101077455 0.891143773913229 1.28593070376683 0.601783888317278 0 0 793 0 0 0 0 0 0 0 0 0 0
1.07941429395632 -0.303248403006449 0.360640283530964 -0.241375076280872 -0.53968754914685 0.24178706804452 -1.051729171835 0 0 794 0 0 0 0 0 0 0 0 0 0
0.970948437974078 -0.207317229419171 -0.350407317249963 0.221128818565652 -0.652558897968519 1.52780031237071 -0.455394512560828 0 0 795 0 0 0 0 0 0 0 0 0 0
0.465832434249667 0.471186801050685 -0.371052065184293 0.477940837351433 -0.0117435246335807 -0.364755124444618 -0.721703867014141 0 0 796 0 0 0 0 0 0 0 0 0 0
0.207669832005341 -0.323119258858679 1.71897763884741 1.08394052462936 -0.681926455209098 -0.821388304279328 -0.949448086767389 0 0 797 0 0 0 0 0 0 0 0 0 0
0.102027851504682 -0.7169237608846 -1.4289871056479 0.479622258750277 0.192398233409676 -0.489543514987769 1.21123792140259 0 0 798 0 0 0 0 0 0 0 0 0 0
2.35403560078945 -0.964099144454625 -0.83167084586998 0.0482676255310543 0.0392570838877667 -0.511975842407554 0.730819494238482 0 0 799 0 0 0 0 0 0 0 0 0 0
0.100193088728395 0.120466514022548 -1.78414355891787 -0.632589263206778 -0.08387385363758 -0.369866413667515 0.5899832079747 0 0 800 0 0 0 0 0 0 0 0 0 0
0.219501917888596 0.570313842528266 -0.595598158228231 -0.0889363169249176 1.35122843816565 0.123218023041495 0.440501974506368 0 0 801 0 0 0 0 0 0 0 0 0 0
1.51146058307997 0.517132008353141 0.336169545898321 -0.133181977480127 -0.277662962180556 -0.549708785418471 -0.403335536832198 0 0 802 0 0 0 0 0 0 0 0 0 0
0.126595441955681 0.502111588759448 -0.0767433661955366 0.180966572669313 0.788177712407571 -1.0289347236187 0.243411150688046 0 0 803 0 0 0 0 0 0 0 0 0 0
0.128019410918512 0.69699266110789 0.161452347568563 -1.64321738849221 -0.708435931884113 0.983300874263812 -0.0646104502481193 0 0 804 0 0 0 0 0 0 0 0 0 0
0.31817632716489 0.0534490597937632 0.36940590020734 -0.0097038059400904 0.493250834259446 -0.804454908775258 -0.543673783176501 0 0 805 0 0 0 0 0 0 0 0 0 0
0.344727511207684 0.619132227372932 -3.79981427964035 1.3721833535186 0.164065351026569 -0.305456952882624 0.376378446056168 0 0 806 0 0 0 0 0 0 0 0 0 0
0.278908136696052 1.05544469542934 -0.120191299829474 1.02893673008782 -0.790266186196427 -1.19506463926631 0.490629187419443 0 0 807 0 0 0 0 0 0 0 0 0 0
0.154749036967397 -0.532653115285976 2.44854460975975 -3.42692361579411 0.164056229034012 -0.399752232066482 0.218346620027395 0 0 808 0 0 0 0 0 0 0 0 0 0
0.172874344706525 0.554892964738573 0.444816315396263 -0.503515086255154 0.892289622085273 -0.359448950259523 0.144421174620464 0 0 809 0 0 0 0 0 0 0 0 0 0
0.211846250461344 -5.28504951795002 0.0138643589579962 3.2147848130397 -0.0243882932055067 0.0105501184393218 0.171472106312715 0 0 810 0 0 0 0 0 0 0 0 0 0
0.213560810776149 -0.155640080095069 1.6168087005154 0.66322818611956 0.199028850453449 0.274412420576096 0.103021646427028 0 0 811 0 0 0 0 0 0 0 0 0 0
1.02962633373834 0.558023259271218 -0.0409489012817263 1.04523836407395 -0.678807016958901 -0.222852160721742 -0.0618703840684698 0 0 812 0 0 0 0 0 0 0 0 0 0
0.142853182559444 1.38567401211044 -0.565705336513434 1.0088275807154 0.955722790706908 0.0341061748324978 0.576165493438332 0 0 813 0 0 0 0 0 0 0 0 0 0
0.0979647646693028 -1.01956465373648 -1.46719484689726 -0.164811550521826 -0.208098820154509 -0.389663469206817 0.601874562780446 0 0 814 0 0 0 0 0 0 0 0 0 0
0.203144387509572 1.36501152609224 -1.70771419642706 1.49745254778549 0.435169511602161 -0.217170520186699 -0.254990198044671 0 0 815 0 0 0 0 0 0 0 0 0 0
0.479915717867864 -0.752853412897037 0.109584953633159 0.167130813644222 0.497219496561313 -1.02417789261848 0.889002156675881 0 0 816 0 0 0 0 0 0 0 0 0 0
6.42802445697064 0.455092572231911 1.33063552136713 0.478695270644146 0.631182216028292 0.215489752490544 -0.286807367737255 0 0 817 0 0 0 0 0 0 0 0 0 0
0.497241772426971 -0.165112401056945 0.730134904666741 0.235675515700905 -0.865232764111776 -0.855248791899073 -0.884023786426069 0 0 818 0 0 0 0 0 0 0 0 0 0
0.684639727456894 -0.331245303384891 1.34417482258626 1.24185710696962 -0.662859138320122 -0.92189017488214 -0.414732726742169 0 0 819 0 0 0 0 0 0 0 0 0 0
0.218548020227301 0.196879873758634 0.0542422633043024 0.182492619938117 0.458082893720462 -0.497150385811735 1.06861305797936 0 0 820 0 0 0 0 0 0 0 0 0 0
0.0890270552101742 -0.879958078267305 0.877600924742386 -1.41863858070115 -0.431680672734658 -0.27800607826457 0.577738505114658 0 0 821 0 0 0 0 0 0 0 0 0 0
0.334190903740041 -0.0776074190728049 -0.500604955189408 -2.30466803819471 -0.149218482024099 -0.672616897461026 -0.295714464567582 0 0 822 0 0 0 0 0 0 0 0 0 0
0.327271583573979 0.540337302004441 1.22048636719918 -0.302000711009761 0.305512966716226 0.236165924052502 0.469256523732901 0 0 823 0 0 0 0 0 0 0 0 0 0
0.17855221386453 -0.669108590269659 0.208688070624671 1.22763569676701 0.742326228868287 -0.179226795780206 -0.160643426853036 0 0 824 0 0 0 0 0 0 0 0 0 0
0.34323691085756 0.601213283987958 -0.150676552349635 5.25426454020874 -0.22548466663648 0.500869976137414 0.0640910253714349 0 0 825 0 0 0 0 0 0 0 0 0 0
0.0819996459860988 0.724486644829526 0.739406993123333 1.03410139737926 -0.691335458107879 -0.129640281058151 -0.369952118710647 0 0 826 0 0 0 0 0 0 0 0 0 0
0.350287732997495 0.108711165797109 1.29907779133889 0.929582865724877 0.657825132468423 -0.285354682922954 0.0616747222672099 0 0 827 0 0 0 0 0 0 0 0 0 0
0.13105464440831 -0.181819085387957 -0.1660434671167 0.0609049307753972 -0.372204408762904 0.503789476846353 0.736437785735245 0 0 828 0 0 0 0 0 0 0 0 0 0
0.127929929833797 -0.401145985206089 -0.111917318715318 -0.869290181429295 -0.21246839147153 0.418197049564375 -0.653549002814604 0 0 829 0 0 0 0 0 0 0 0 0 0
0.4290330787134 -2.64915658948572 0.826070394940288 0.941835312963041 0.109530633813034 0.333680994640636 -0.538509090343861 0 0 830 0 0 0 0 0 0 0 0 0 0
0.637851360695399 0.460950384901334 -0.61339452775247 0.0212643933336214 0.47126673269363 0.183404440757388 -0.172704319216612 0 0 831 0 0 0 0 0 0 0 0 0 0
0.11173830684403 3.09831135830017 3.24047057096177 -0.875486611283361 0.0289218405043328 -0.131494463219869 -0.327939675399597 0 0 832 0 0 0 0 0 0 0 0 0 0
0.267751671064636 -0.125070556140909 -1.40807916295417 -0.537525746652984 0.00854067509463271 0.471517784106573 0.210151653563554 0 0 833 0 0 0 0 0 0 0 0 0 0
0.199989836914424 3.67803983194224 3.07660356353141 1.56150764452702 -0.488471186838729 -0.312333978323372 0.309452746801501 0 0 834 0 0 0 0 0 0 0 0 0 0
0.215282632479972 1.39522400371646 -0.994985158459356 0.973384852319112 0.962974446087487 0.310597978311196 0.751291596860851 0 0 835 0 0 0 0 0 0 0 0 0 0
0.270083540557014 -0.239592968409158 0.58309609553051 -0.059879395941595 -0.775539177338863 -0.464711358907068 0.6853109379711 0 0 836 0 0 0 0 0 0 0 0 0 0
0.0900734262669638 0.436988668454486 -0.079535647388804 -0.0093484434640046 -0.484494951010044 1.19599757684363 -0.556882804718275 0 0 837 0 0 0 0 0 0 0 0 0 0
0.182334559242687 0.252785312411765 0.339762213952112 0.677144927720465 0.358440664303293 -1.27015526329273 -0.184281891994618 0 0 838 0 0 0 0 0 0 0 0 0 0
0.0909298612614759 1.56604824300374 -0.163069291986487 0.367910483002639 0.603005758379395 0.296652456198513 -0.42898438285429 0 0 839 0 0 0 0 0 0 0 0 0 0
0.382297929910493 -3.725723086498 3.41825037252263 1.5346590406495 0.394376614456505 -0.381228845853717 -0.17579337169265 0 0 840 0 0 0 0 0 0 0 0 0 0
0.159677565170465 -0.459484800340325 0.79370002223495 0.286365631651216 -0.676252374252878 -0.0587802070575627 0.596310624839497 0 0 841 0 0 0 0 0 0 0 0 0 0
0.133338874586266 -3.51071277396232 0.350058268210658 3.24946119846597 0.971025279183421 -0.16910222343039 -0.388600219972513 0 0 842 0 0 0 0 0 0 0 0 0 0
0.652619057137968 1.47629906064059 -1.0600794415585 0.209816820562202 0.218218211172235 -0.656582981947368 1.00971146987987 0 0 843 0 0 0 0 0 0 0 0 0 0
0.123419457379905 -0.861945945477026 -1.07765425940069 0.593148984554912 -0.33788108940814 -0.678865577715829 0.637160848576724 0 0 844 0 0 0 0 0 0 0 0 0 0
1.8588228802044 0.094550129311161 -0.372236648655327 1.56138070321044 0.494430777966353 0.149141702599386 0.191963124739928 0 0 845 0 0 0 0 0 0 0 0 0 0
0.632330461826874 0.681574136789066 0.32035276275452 -0.538155336766712 0.110515135670412 -0.091537243027139 -0.937582448717063 0 0 846 0 0 0 0 0 0 0 0 0 0
0.156275744215569 -6.46287442864927 0.566211404382917 -10.1903862348739 0.0246078560661115 0.14818817125163 -0.0503862208488841 0 0 847 0 0 0 0 0 0 0 0 0 0
0.146014584780813 -0.372862524115904 0.423922618202092 0.593068384366063 -0.158688572669026 0.247115142992761 -0.0748041883062978 0 0 848 0 0 0 0 0 0 0 0 0 0
0.135401475031731 -0.0084114080218073 -1.01369030974702 1.78719707408426 -0.519912715141985 0.173769475718294 0.155588223891361 0 0 849 0 0 0 0 0 0 0 0 0 0
0.311519434767828 -0.71222250257326 -0.156568889125031 -0.387846240151613 -0.913880345520106 -1.43639295128903 -0.10768661524929 0 0 850 0 0 0 0 0 0 0 0 0 0
0.0878432786620374 0.772821150454612 -0.384379492377168 -0.980878352048443 0.01983178669116 0.442549017103463 0.537354519267922 0 0 851 0 0 0 0 0 0 0 0 0 0
0.983172362723255 1.49917527813675 1.00054156811353 2.01753794007818 -0.332485278721904 0.599175083524288 0.0750744067953928 0 0 852 0 0 0 0 0 0 0 0 0 0
0.0937329940583568 0.0209295738844072 -0.495931420294483 0.225469076952504 -1.08218566941496 1.03469410248659 0.595296919609069 0 0 853 0 0 0 0 0 0 0 0 0 0
0.513361132935314 -0.106789063340402 1.12001074307511 -0.782841535006731 0.201441802502088 -0.00991877309726471 -0.115792518716041 0 0 854 0 0 0 0 0 0 0 0 0 0
0.257184641575298 -0.212366474322271 -0.137937508366516 -0.166535290246959 0.0249972582751037 -0.841542858604889 -0.0798312297395763 0 0 855 0 0 0 0 0 0 0 0 0 0
0.0905239139651767 0.120342549915262 -0.256438072843317 -0.0566553734646571 -0.808853519210158 1.09706277131693 -0.292838453494917 0 0 856 0 0 0 0 0 0 0 0 0 0
0.179492191694728 -0.705288336240009 0.13836879845559 0.0694552286335053 -0.193632204530666 0.616029745381949 0.641692416456137 0 0 857 0 0 0 0 0 0 0 0 0 0
0.932489325712011 1.20164603924611 0.594642881379396 0.263825571914627 -0.40545254706082 0.844177764434909 0.480722569347669 0 0 858 0 0 0 0 0 0 0 0 0 0
0.525491393396023 0.601490051938558 0.787782135366374 0.0897480133301558 0.964855976382645 1.34944255581268 -0.239554639572701 0 0 859 0 0 0 0 0 0 0 0 0 0
0.650589299266014 -0.282516430506986 0.093102250401724 0.402098452014675 -0.883414481500713 -0.393568497518403 -0.339446000670748 0 0 860 0 0 0 0 0 0 0 0 0 0
0.131849677284208 -0.564416684049005 -0.0478310622029621 -0.297101019698185 0.659315650522067 -0.205082258520379 -0.264999946663691 0 0 861 0 0 0 0 0 0 0 0 0 0
0.0868940517860344 3.10394367386932 3.65069458276595 -0.115813386729838 0.18305682600225 0.0791954904011929 0.854513079321957 0 0 862 0 0 0 0 0 0 0 0 0 0
0.174981112571803 -0.0532344683573881 -1.63409088642233 1.28638819640808 -0.0643528979575525 -0.099822063015326 1.00481582304207 0 0 863 0 0 0 0 0 0 0 0 0 0
1.7532123502832 0.0256894803823781 0.0907367583870539 0.13316943724488 -0.224299213732106 0.936923595095693 0.452035098053949 0 0 864 0 0 0 0 0 0 0 0 0 0
0.170570349690453 -0.398047754430539 0.23879575499002 0.430594448159797 -0.495798452457595 -0.382682520256182 -1.06635128501505 0 0 865 0 0 0 0 0 0 0 0 0 0
0.18237444072904 -0.291675450988112 0.0736593469978219 4.38957247079173 0.530805397180724 -0.627671620739609 -0.294063856181602 0 0 866 0 0 0 0 0 0 0 0 0 0
0.119350100005151 -1.4230544345143 1.17659391256602 0.587082202134257 -0.244896436523493 0.405136473226961 0.117613940713607 0 0 867 0 0 0 0 0 0 0 0 0 0
0.599247734731265 -0.930082378632295 -0.173202226691468 0.514031652948522 0.207514403720583 0.405083743580833 -0.566468562943684 0 0 868 0 0 0 0 0 0 0 0 0 0
0.922174753000519 3.41537790991472 1.35217811426812 1.57526276686471 -0.122492638002541 -0.101982371356003 -0.0764895658762817 0 0 869 0 0 0 0 0 0 0 0 0 0
0.137805499967291 -0.248898225333519 -0.728042525618885 -0.619247280091598 0.521232721487593 1.30595552949 0.135042969878814 0 0 870 0 0 0 0 0 0 0 0 0 0
0.0827061904357462 -0.143182495120415 -0.284955971319025 1.09553318671679 -0.398416700365815 0.410550162234117 -0.0267685461124053 0 0 871 0 0 0 0 0 0 0 0 0 0
0.466559775091297 -0.0968839052781949 -0.107186208072636 0.0817626360237871 1.04174691933316 1.08074775249135 -0.024673092011022 0 0 872 0 0 0 0 0 0 0 0 0 0
0.327927844023471 0.492248989040436 0.158803987293962 0.649660403222948 0.649514137305642 -0.984477494841266 -0.10375694075305 0 0 873 0 0 0 0 0 0 0 0 0 0
0.279698387877449 0.0553000742324447 -0.0030142284042378 0.85325097219848 -0.0106812231154096 -0.826958698573484 0.819232909123971 0 0 874 0 0 0 0 0 0 0 0 0 0
0.311921868703068 -2.1086857155899 -1.26140914037343 0.55121010641685 -0.128698456836594 0.467638372233288 0.168901680814315 0 0 875 0 0 0 0 0 0 0 0 0 0
0.187698828274251 0.969568641593664 -0.199115963402766 0.60073820919472 -0.277401199124848 -0.406547171981281 0.747110962540898 0 0 876 0 0 0 0 0 0 0 0 0 0
0.259345712438197 0.179618973893728 0.784756365712087 -0.134496649735109 -0.0124573718750694 -1.20671302507687 0.344443154660286 0 0 877 0 0 0 0 0 0 0 0 0 0
0.24756369449053 0.0179209130392338 0.450648826004252 0.0731999824654458 -0.491604719869443 0.482205785567432 -1.68904108982623 0 0 878 0 0 0 0 0 0 0 0 0 0
0.14575209202461 -1.33252649958684 -0.0506587747180489 0.670070635886667 0.601483451314688 -0.701149719269966 0.376544106970417 0 0 879 0 0 0 0 0 0 0 0 0 0
0.165571573760303 0.149227417578326 0.442712898601417 0.515241497168866 -0.172826281209398 1.24114476779612 -0.955113770390297 0 0 880 0 0 0 0 0 0 0 0 0 0
0.10488307901259 1.93368699196183 -0.503998410514722 -4.26715609244538 0.17116765718035 0.395072937989549 0.145093218141759 0 0 881 0 0 0 0 0 0 0 0 0 0
0.157985175471475 0.244804108855337 -3.35755778639319 2.62406626783327 -0.605305320731083 0.111449603173789 0.619011099438629 0 0 882 0 0 0 0 0 0 0 0 0 0
0.277887180553028 0.0870949014242502 0.387015410534156 0.68829973688265 1.0602169453914 0.545615016598021 0.773944972099461 0 0 883 0 0 0 0 0 0 0 0 0 0
0.138389406847818 1.38084708831354 0.768420214344685 -0.39249228968571 0.84408699150915 0.593630423453794 0.285622354490764 0 0 884 0 0 0 0 0 0 0 0 0 0
0.3674907098652 -1.10408020731545 -3.44237350571106 2.55694246282831 0.294508609245939 0.393765575035504 -0.194460222411825 0 0 885 0 0 0 0 0 0 0 0 0 0
0.152154631759192 -0.195599343301598 -0.147688497177507 -0.587019736312112 0.409884056089931 0.175106676190588 0.129700655223569 0 0 886 0 0 0 0 0 0 0 0 0 0
1.63382652287474 -0.417103152524308 -0.082330580859631 -0.031901998818349 -0.693823041864327 0.507276966406983 0.60957213797493 0 0 887 0 0 0 0 0 0 0 0 0 0
0.458621428072901 -0.80994032417255 -0.168682057800962 0.843380930138953 -0.480435122917176 -0.783573604277858 -0.197707276202762 0 0 888 0 0 0 0 0 0 0 0 0 0
4.55230689616494 0.612519982872869 -0.43905547851418 0.585863947969094 -0.758248603320645 0.245438558026746 -0.371810951211386 0 0 889 0 0 0 0 0 0 0 0 0 0
0.10110230825685 0.226673748416459 0.910131660308315 -0.395221818292181 0.677831807146624 0.0326592851007789 -1.01111177239332 0 0 890 0 0 0 0 0 0 0 0 0 0
0.255585323933851 -0.100741276811469 -0.603337543277368 -0.18932013549742 -0.73863964168527 0.737745581118998 0.495831671327131 0 0 891 0 0 0 0 0 0 0 0 0 0
32.5717555235456 -0.0667344407161607 0.964908348180567 -0.253965340221358 -0.0834260770077975 -0.475734208827016 -0.338802424236608 0 0 892 0 0 0 0 0 0 0 0 0 0
0.159749981059942 0.48205970135398 0.730284561132063 -1.00174779606155 0.186202205503158 -0.0862442742525574 0.267441765412711 0 0 893 0 0 0 0 0 0 0 0 0 0
0.137615884344568 -2.02711274754922 -0.412681621950458 1.26446269209693 -0.240293996435778 0.00130054798988496 0.600503581503421 0 0 894 0 0 0 0 0 0 0 0 0 0
0.123275936749955 0.452123945482395 1.34166041701277 0.0601948525169519 -1.35204731032274 -0.0495047463963134 0.151201023412682 0 0 895 0 0 0 0 0 0 0 0 0 0
0.140459751730685 3.56371119923594 0.222342245834405 0.246696784869313 0.19408496491701 -0.707899495243243 -0.0594930475558073 0 0 896 0 0 0 0 0 0 0 0 0 0
0.870399321349106 -1.19124603974436 1.40519514254755 -0.531050507591339 0.869222816651233 -0.261832228739893 0.121107773215879 0 0 897 0 0 0 0 0 0 0 0 0 0
0.188443568244905 -0.737196239683267 -0.40570944965734 0.575927019380187 0.585174040079954 0.0160095791057946 0.653775130930645 0 0 898 0 0 0 0 0 0 0 0 0 0
0.114612992844929 0.0036268585424337 0.129829655704105 1.29404853113665 -0.930862564916641 0.208685123308767 -0.638016022041573 0 0 899 0 0 0 0 0 0 0 0 0 0
0.50356979827746 0.330724000237261 0.613784092664091 0.483750274982205 -0.0649984614867407 -0.488293642320849 0.0851971953699549 0 0 900 0 0 0 0 0 0 0 0 0 0
0.157840422061851 0.527284752886444 -1.48525912941175 1.36083301778033 0.577374582075635 -0.208619092678769 0.587552669985787 0 0 901 0 0 0 0 0 0 0 0 0 0
2.24046774968338 -0.266248364300772 -0.393784979981236 0.235905907326834 0.356222931453632 -1.32472979394754 0.51977730079221 0 0 902 0 0 0 0 0 0 0 0 0 0
0.173914731049783 0.481286666196646 0.794498121748208 0.32602245752017 -0.396940317496855 -0.350604388327102 -0.707502668441901 0 0 903 0 0 0 0 0 0 0 0 0 0
0.0933538898864234 4.74006644787772 1.66362361458171 -1.80559673207894 0.0151124627757471 -0.0181705362640615 0.107285837560625 0 0 904 0 0 0 0 0 0 0 0 0 0
1.21951792721785 0.136733251361767 -0.142428204843323 -0.249555566908702 -0.171079143530685 -0.217097839842072 0.8819038648061 0 0 905 0 0 0 0 0 0 0 0 0 0
0.966881025255385 -2.16631590578584 1.72792326992421 0.096960155183251 0.266133258123663 0.332819215429402 -0.069864454839793 0 0 906 0 0 0 0 0 0 0 0 0 0
0.359815405691786 -0.252611922876751 -2.79108193369147 2.1765297440134 0.536457434315907 0.29588441014158 -0.655874507674376 0 0 907 0 0 0 0 0 0 0 0 0 0
0.331719942305613 -0.299083253574513 -0.128865749418914 0.0687539536495428 -1.02798423322465 0.432947900180557 0.343024697943558 0 0 908 0 0 0 0 0 0 0 0 0 0
0.378591760759081 0.819802719838461 0.849074030511877 0.106925127960723 -0.183668607625825 0.453957491857141 -0.217565307391009 0 0 909 0 0 0 0 0 0 0 0 0 0
0.113655790512124 -0.360284780962547 -0.917659589283289 0.0550172723934384 -0.133489536253494 0.425071281425598 -0.137050881847538 0 0 910 0 0 0 0 0 0 0 0 0 0
1.0471428892047 1.47972919053117 -0.948176318748795 0.900573641248013 0.385402696056851 0.610918077316951 0.103966282818521 0 0 911 0 0 0 0 0 0 0 0 0 0
0.134387853483614 0.254033010580241 -0.283389555477491 -1.27709369372662 -0.267421472638185 -0.918221589768594 -0.725530009559714 0 0 912 0 0 0 0 0 0 0 0 0 0
0.25150393986718 -0.444261646865959 -1.19329210427018 -2.2473196687161 0.176204788516892 0.384269592694226 -0.192497627730086 0 0 913 0 0 0 0 0 0 0 0 0 0
1.73835442561263 -0.762373469118136 -1.77102684935065 -0.191123677782127 -0.157326705056735 -0.275373544441192 0.501012332400523 0 0 914 0 0 0 0 0 0 0 0 0 0
0.956079855816161 0.498972553247523 -0.292929921191923 0.403443184739369 0.683248391561555 0.624604177541706 -0.838927376551542 0 0 915 0 0 0 0 0 0 0 0 0 0
0.145590250337087 0.194482668282561 0.47342287119439 0.370874953153012 -0.722733314594919 0.271002552355675 0.0514865029337461 0 0 916 0 0 0 0 0 0 0 0 0 0
0.532508241941552 -0.875861587504153 0.371538596827004 0.317409887669902 -0.0410535470325514 0.45293032731044 0.507109944172643 0 0 917 0 0 0 0 0 0 0 0 0 0
0.208335601906223 1.49915589048884 0.129210355645875 -1.02532899076844 -0.277210046247288 0.539245973560136 0.471460795794071 0 0 918 0 0 0 0 0 0 0 0 0 0
0.335926206756067 -0.8988219230257 -0.301773394803074 1.17172658698936 0.412956350600618 -0.176529943853205 -0.278901535623465 0 0 919 0 0 0 0 0 0 0 0 0 0
0.909607447373329 0.538729406159434 1.99279503744744 0.135860178625265 -0.255837238106873 0.600203705739705 -0.656773535929138 0 0 920 0 0 0 0 0 0 0 0 0 0
0.122219595718629 0.825442818301278 0.950864295908199 -0.65930475197226 -0.276569736695608 -0.227357687917101 0.565080004232266 0 0 921 0 0 0 0 0 0 0 0 0 0
0.381028794285421 -0.369923233803025 0.743360500546339 1.38253713065057 0.182213456029825 0.462704333387594 1.04386388040133 0 0 922 0 0 0 0 0 0 0 0 0 0
0.180648142674831 -0.0786120117974155 0.272106754454664 -1.60358844973204 -0.444708573515893 -0.330275631167746 0.175421755760543 0 0 923 0 0 0 0 0 0 0 0 0 0
0.518004260961704 -0.497271411119681 -1.1119095917994 -2.42350259465743 0.337397376127943 -0.0412796302686338 0.61524995351438 0 0 924 0 0 0 0 0 0 0 0 0 0
0.1875101881333 2.58606457405102 -0.301916341357474 -2.96328401679756 -0.388020627273828 0.44258751565741 0.679198068267188 0 0 925 0 0 0 0 0 0 0 0 0 0
1.02320764702067 -1.98038027771094 5.75504241942419 -4.90477631252982 0.177467514214522 0.604834887983737 -0.00608834997065815 0 0 926 0 0 0 0 0 0 0 0 0 0
0.179268156534668 0.387278304813832 -0.683880180174128 0.508584224533402 0.696539054629561 0.494517121396826 -0.689258790108287 0 0 927 0 0 0 0 0 0 0 0 0 0
0.121207632495155 -0.343743945598016 0.509702024407246 -0.673051578007294 -0.145249260759079 0.123284382441975 0.480464976438798 0 0 928 0 0 0 0 0 0 0 0 0 0
0.656717711837263 -0.697987309042732 -0.0790852948390607 1.70944102461677 0.0818485111997788 -0.0339418976226906 -0.362001261225446 0 0 929 0 0 0 0 0 0 0 0 0 0
0.128295178335194 -0.182990649373063 -1.07208715198597 -0.593981860445051 -0.381943776960758 -0.686992745630857 0.664463790900038 0 0 930 0 0 0 0 0 0 0 0 0 0
0.531617222407328 -0.388198944562992 -0.114582195619976 -0.463246111083436 0.36698208562668 0.364903378898795 -0.427441782741489 0 0 931 0 0 0 0 0 0 0 0 0 0
0.151280077770921 -0.0754024943604908 -0.597213384365635 -0.354539566686678 -0.672827706011225 0.311406186010816 0.711054824625176 0 0 932 0 0 0 0 0 0 0 0 0 0
0.226824905219981 -0.345545049272626 0.291804150383738 0.453119988839444 -0.378035500003661 0.569844528230556 -0.504835715932826 0 0 933 0 0 0 0 0 0 0 0 0 0
1.03002444963078 1.03805062238979 -0.185256062667485 -0.0328708949778614 -0.0905184275403646 -0.143633418870472 -0.372430260645783 0 0 934 0 0 0 0 0 0 0 0 0 0
2.12349215562538 1.43177595165298 0.263396596393532 5.33368193622028 -0.31493957860038 0.364114554009589 -0.401908741052051 0 0 935 0 0 0 0 0 0 0 0 0 0
0.0805257466801394 0.115255401885746 -0.267762156365303 0.032453197650805 -0.830213174572801 0.0728216905272306 -0.135217648839354 0 0 936 0 0 0 0 0 0 0 0 0 0
0.708451761262273 0.362353983402331 -0.772866179428073 0.614790234565096 -0.329395059587817 0.377268282572551 0.48453800692078 0 0 937 0 0 0 0 0 0 0 0 0 0
0.197365856298832 -0.545363540522871 0.939424704529146 -0.488049217049704 0.695839750958768 -0.71394181308315 0.745687498925572 0 0 938 0 0 0 0 0 0 0 0 0 0
0.180140460606285 0.933155172967685 0.247744067569181 0.424413180241506 -0.490551513890394 0.500752916114238 0.767669711380777 0 0 939 0 0 0 0 0 0 0 0 0 0
0.82184450712637 -0.0588175902087597 -0.210978369030467 -0.0224700463314737 -0.328417292307285 0.262830568963052 0.918610688562285 0 0 940 0 0 0 0 0 0 0 0 0 0
0.0802643806251688 0.0071670971075326 -0.294123001542063 -0.205348018468987 -0.796088074157951 0.606992715661136 -0.0189149608999818 0 0 941 0 0 0 0 0 0 0 0 0 0
0.181830569146571 0.224368408798474 -2.2655498483065 3.64669587519775 0.619453402126947 -0.453827589519423 0.311330591035118 0 0 942 0 0 0 0 0 0 0 0 0 0
0.237547221942055 -0.313683566352484 1.23416495940788 0.574180093498763 -1.1187010982924 0.558556318054094 -0.684302719266838 0 0 943 0 0 0 0 0 0 0 0 0 0
0.159926505569356 0.329432167254028 0.282116540563374 -1.39274138336784 0.636863037424814 -0.468915773321181 -0.156628190947503 0 0 944 0 0 0 0 0 0 0 0 0 0
0.19164322090026 -0.364621672734877 0.586838040535697 1.3683114762016 -0.268689021199903 0.0541284187227391 -0.0643404939385852 0 0 945 0 0 0 0 0 0 0 0 0 0
1.61509249043456 0.19168364078408 0.191142939346952 0.475152993295065 0.504909234297695 -0.540760885435333 -1.04663302646046 0 0 946 0 0 0 0 0 0 0 0 0 0
0.138069097338392 -0.208662914604806 0.591200382263497 -0.401693180486794 0.853936741409517 -0.44764300943285 0.716198826303132 0 0 947 0 0 0 0 0 0 0 0 0 0
0.125084704799208 -0.0238526510638335 3.21228841826328 5.43573068592435 -0.0936535258692016 0.131178950417309 0.116119009852305 0 0 948 0 0 0 0 0 0 0 0 0 0
0.432603775000878 -2.09152374583849 0.124159135386593 -0.845694488014664 0.0816057824716045 0.46004697894488 0.297059710321797 0 0 949 0 0 0 0 0 0 0 0 0 0
0.0988769501081466 0.390204428405261 0.854734884793606 -1.4441206512948 -0.158354208508322 0.455346062080812 -0.3360437519497 0 0 950 0 0 0 0 0 0 0 0 0 0
0.982505192211623 -0.505840755106994 0.327297758532174 -0.203786561999479 1.2332685425375 0.287225015296674 -0.498628255634278 0 0 951 0 0 0 0 0 0 0 0 0 0
0.101242479481987 -0.160737743218733 2.56739304340691 0.0100394115164362 -0.469114849796179 0.125401972564316 -0.579313881072591 0 0 952 0 0 0 0 0 0 0 0 0 0
0.454597056319689 -0.803103504685328 0.849874457706742 0.635662461933775 0.65634781923974 0.350800414004132 0.209652354831025 0 0 953 0 0 0 0 0 0 0 0 0 0
0.107763683149193 -0.128704504467019 0.418148524075313 0.334942930865685 -0.00774040717622258 1.01875116281492 0.075387258867623 0 0 954 0 0 0 0 0 0 0 0 0 0
0.081179501675944 -2.8257673725718 -0.495536571963118 -2.51725505442304 0.0218569424589237 -0.255118787929438 0.503822823934867 0 0 955 0 0 0 0 0 0 0 0 0 0
0.407042856030199 -0.713586158622623 -1.94681291480395 -0.905655577634484 -0.319024722706266 0.284551743418531 0.575505335004773 0 0 956 0 0 0 0 0 0 0 0 0 0
0.120623301490136 2.67232381894522 -1.1569589979115 4.91539266551369 -0.132985739833759 -0.00793678679765608 -0.106374696910621 0 0 957 0 0 0 0 0 0 0 0 0 0
0.548585944792232 1.40866847565297 -1.58701486398426 -4.30645039919284 -0.151394294364501 0.061161973262473 -0.280366748240545 0 0 958 0 0 0 0 0 0 0 0 0 0
0.665695222850915 -0.602587652844773 -0.0879101486894828 0.874367816373458 0.754746551774075 0.0926565642756092 -1.46682126600175 0 0 959 0 0 0 0 0 0 0 0 0 0
0.134387592117111 1.61141580369 -0.962586307103249 1.64352692446126 0.468815619114944 -0.542162213601051 0.200814881473002 0 0 960 0 0 0 0 0 0 0 0 0 0
0.87531995186808 -0.319693711804973 0.0326710099627268 0.0709251130550525 -0.215255075659661 0.00184971774425983 0.619959645865072 0 0 961 0 0 0 0 0 0 0 0 0 0
1.76667341715614 2.77619516370623 0.582194002242126 -4.07200574093869 -0.137585296258378 0.619700199308897 0.0324844659310058 0 0 962 0 0 0 0 0 0 0 0 0 0
0.316926910280749 0.0326980705072819 0.458881387558716 -0.288348098709057 1.09542402163638 0.0656952201680161 0.638681229113132 0 0 963 0 0 0 0 0 0 0 0 0 0
0.386048375661037 -1.82170647173473 1.26635893498156 0.544677885432111 -0.0556845739498414 0.442170455460737 0.537655117357524 0 0 964 0 0 0 0 0 0 0 0 0 0
0.221919772168484 -0.301611799024138 1.49190445921775 0.55906182452375 0.868301160334873 0.0791553549982721 0.192122022325985 0 0 965 0 0 0 0 0 0 0 0 0 0
0.0983640909585927 -0.627242922106841 0.153668692048175 -0.723092542692346 -0.42299815393347 -0.169099621188971 1.33687839896594 0 0 966 0 0 0 0 0 0 0 0 0 0
0.166777612960634 1.23853349768231 -0.0608684533836693 -0.787088947517803 -1.00572757380156 -1.20148659026327 0.102628724429899 0 0 967 0 0 0 0 0 0 0 0 0 0
0.245378940261128 0.548347958904011 0.953591108914723 -1.79673415731536 0.110378862398982 -1.02302443118451 -0.118359394681592 0 0 968 0 0 0 0 0 0 0 0 0 0
0.134864689534695 -0.113377567600243 0.922097440692732 0.716559372497636 -0.0926667114316491 0.837256334922133 0.00459844981411048 0 0 969 0 0 0 0 0 0 0 0 0 0
0.132005964902746 0.0437571055918135 0.457555928034542 1.05511593717097 -0.0586628368801021 -0.489210171823177 0.246498644628198 0 0 970 0 0 0 0 0 0 0 0 0 0
0.396511374405837 -0.21150057608905 -0.734437646771319 -0.521939143051686 0.160946415150711 -0.555963724045029 -0.0698723213322656 0 0 971 0 0 0 0 0 0 0 0 0 0
0.554729890877635 -0.292089012953901 0.0165492555908924 0.0310243541524876 0.671682322638107 1.17470926055095 -0.589001313704193 0 0 972 0 0 0 0 0 0 0 0 0 0
0.31240612794667 0.214802922230079 -0.745403208354402 0.56656104429394 -0.512597823627518 0.00628891330105895 0.792892211248321 0 0 973 0 0 0 0 0 0 0 0 0 0
0.802771151717283 -0.223761042951802 -0.979437953984604 2.8220608642626 -0.557038347819157 0.589498705809599 0.433648467754062 0 0 974 0 0 0 0 0 0 0 0 0 0
0.310862842661879 0.733764265541658 -1.35701255654743 -0.0306940812246484 0.85500500495132 0.372213612208777 -0.170064781233872 0 0 975 0 0 0 0 0 0 0 0 0 0
0.347051205735306 -0.516637847726201 -2.55576495320366 0.822469609789626 -0.144561453302621 -0.288866345625064 -0.768542539326442 0 0 976 0 0 0 0 0 0 0 0 0 0
1.126229677757 -0.43503137375578 -0.304516927565756 0.694311954852334 -1.22992160554795 0.55244955441782 -0.428422365893804 0 0 977 0 0 0 0 0 0 0 0 0 0
0.0843898610826749 0.780136690350505 0.357402394440803 -1.04060988024038 -0.35198335629244 -0.273569432819464 0.190642432940566 0 0 978 0 0 0 0 0 0 0 0 0 0
0.250825989892149 -0.671888698319225 -0.209764723666364 -0.666921862777816 0.59426851637497 -0.532645584613561 -0.661918868311313 0 0 979 0 0 0 0 0 0 0 0 0 0
0.675855685854221 -1.80256539532896 1.33544410554386 1.19454228498671 -0.297652851160877 0.593823436910989 -0.832278233809899 0 0 980 0 0 0 0 0 0 0 0 0 0
0.365678948681794 -0.111706762720131 -0.269384735523736 0.677366716744862 0.713373825338792 -1.13617181084383 -1.06907872475397 0 0 981 0 0 0 0 0 0 0 0 0 0
0.0832074402992584 -0.144131152883796 -0.159194954437563 -0.749214106500554 0.386001336312552 0.144984438129476 -0.949565533331326 0 0 982 0 0 0 0 0 0 0 0 0 0
0.53286738569333 0.304491773146117 -1.0009741450783 0.891549653651881 -0.853196503421197 -0.559492556908471 0.733975698477486 0 0 983 0 0 0 0 0 0 0 0 0 0
0.391168185042328 1.03708781361712 0.828618856171983 0.0747084667342586 0.276694052876777 0.235621531414779 0.74396498311627 0 0 984 0 0 0 0 0 0 0 0 0 0
0.0939588386373383 -0.983826406221274 -2.01573574114658 -0.135801108965309 -0.634574541096366 -0.409661998787058 -0.246609602979585 0 0 985 0 0 0 0 0 0 0 0 0 0
0.144468167463246 0.385204900555233 -0.318565373348315 -0.115432073526684 0.423719131035873 1.24066998719735 0.0212531771187372 0 0 986 0 0 0 0 0 0 0 0 0 0
0.546231353587751 1.30646608794702 0.300699919091719 0.876166873029172 0.834268562036005 0.767789142676726 -0.513977786262337 0 0 987 0 0 0 0 0 0 0 0 0 0
0.259293782781643 -0.915941928899555 0.705143782432313 -0.861012606705803 0.597039324569817 0.393717985042207 0.723750706913072 0 0 988 0 0 0 0 0 0 0 0 0 0
0.0928549189758237 0.346076646932868 -0.14778383557676 1.35239155834266 -0.906093125479615 -0.423291505203684 0.655507290393279 0 0 989 0 0 0 0 0 0 0 0 0 0
0.162083602219995 1.07165511560008 1.40483724635119 1.71002437156884 0.623297673128484 0.00102330489513022 -0.333957708243139 0 0 990 0 0 0 0 0 0 0 0 0 0
0.191673565301635 0.689240118512605 -0.936391719017334 0.87712626268876 0.151446098488053 0.446802894903639 -0.572879880100729 0 0 991 0 0 0 0 0 0 0 0 0 0
0.61779842051751 0.264479351481267 -0.27055027711152 -0.400119636119019 0.953954495709157 0.790765925655614 1.2461574449709 0 0 992 0 0 0 0 0 0 0 0 0 0
0.0961681272095993 0.582480902464515 0.733978979999954 0.296834704216764 0.430633364015445 0.0173903892020416 1.16660633083557 0 0 993 0 0 0 0 0 0 0 0 0 0
0.199613424604037 0.041579229093973 0.28727619708017 0.655087258252391 -0.952337294378779 -0.49526721188153 -0.695644478888301 0 0 994 0 0 0 0 0 0 0 0 0 0
0.201518595540291 -0.197391330265753 -0.462596126910972 1.24108663997013 -0.506901055920837 0.0577942912138487 0.43338328851039 0 0 995 0 0 0 0 0 0 0 0 0 0
0.150361695417733 0.674712853194977 0.538668743056401 -0.225957314461191 1.17923507068519 0.973533627296582 0.967372179557461 0 0 996 0 0 0 0 0 0 0 0 0 0
0.11960137370478 0.158779916633018 -0.316596049566733 1.28416470659205 0.521847657866669 0.676645495490075 0.725973723246847 0 0 997 0 0 0 0 0 0 0 0 0 0
0.223452476387006 2.53122683429559 -1.67799740279771 -1.7856180770005 0.259202261624928 0.25167396254433 -0.479833320371463 0 0 998 0 0 0 0 0 0 0 0 0 0
0.700946126197249 0.857151381832566 -0.359642236736243 0.159968874550125 0.157447303364793 0.229285551502094 -0.0531424990689974 0 0 999 0 0 0 0 0 0 0 0 0 0
0.346308063744407 0.311519731116844 0.215151421477815 0.31473753459506 0.474976595437548 0.00691414085298417 -0.486909110927675 0 0 1000 0 0 0 0 0 0 0 0 0 0
