0.2204567157637027	0.0971874637798736 -1.2101746960861650 1.0104310160593890	0.5923014010695676 0.3022918497621976 -0.0190488660664909
0.1764292264159305	-0.5477525878411892 0.0259108496027628 -0.2389815399454560	-0.7143569177313051 0.6557033737637041 0.8675956837112753
0.2565175109754525	0.9131025601591416 -0.7605224924625203 -0.2800137108151959	0.1786103123156479 -0.2019544596337527 -0.0041880476531512
0.1136219486889925	-0.0003221375917406 -0.5472043820510556 0.8403389307729319	-0.0659886945869645 -0.0968379204381604 0.3806033797244592
0.2818610646381329	-0.9165994553722692 0.5985322043242154 -0.3288632050758208	1.2991855055037973 0.9157404831432319 0.3519058793756081
0.0979030373405734	0.1727968296262302 2.6089742303086316 -0.5131001858228225	0.6081301386660204 -0.6025058607836545 0.1220480585951765
6.9279364390206952	0.3978868416168491 0.3383772095392484 -0.8969720248418609	-0.4004451979802559 0.6752323526419850 -0.7456558101875325
0.3607766275287166	-0.2707970504883509 -0.7899090441707622 -0.8288101799189340	0.8175504736558584 -0.7403320710425748 0.7175804293858927
0.2169798885699455	-0.9436277854593571 0.1455181885478486 -0.1175670023784045	0.8985002541863607 -0.2982773425800078 0.0222198078448936
0.4286449620972098	0.5381221296225839 -1.4413725092905720 0.5997949280009945	0.2442228760545284 -0.0262504367173884 0.7881500951451692
0.1146708135356462	2.2426943085265103 -0.3902033312722772 0.6653301355015078	-0.2956842038894939 -0.6272506996087727 -0.2051573848351556
0.1130506587506503	0.5626392079709822 1.0396702892281875 1.4086625659262417	-0.0362287667185868 -0.8738402017670444 -0.8083249493864302
0.5559441650816901	-0.6184935908118628 -1.3254276468018265 -1.4441396747901434	0.4227620512007814 -0.2565538860250539 -0.3891004025800096
0.1152747474322264	-2.1836609300646224 0.7674560798515694 -4.8369384013305492	0.2990472564284239 0.1587158869313270 0.0386418088828985
0.3418957301708718	2.8400055485511277 -1.1341326139941674 -2.7677207446478578	-0.0005101267003260 -0.2383153836496752 -0.2667183587613962
0.4699342257521136	-0.1511871310012457 -1.0464371856618151 0.0272063265905802	0.1119675571709064 -0.2719018659133255 0.4941059589355445
0.2613529594372589	0.3546600060821184 -0.1414184467813550 -1.2853210107144055	0.5918596203225209 0.1854864446268270 -0.4655748559817224
0.1320491634212564	0.7671914292174467 -0.8818571001049873 1.7522893222236378	-0.5102420732976891 0.0153747651536704 0.9179134452449900
0.1183036931877408	0.2341762837449234 -0.5895797318322513 0.1405381684361977	0.8916632012903012 -0.9448493127148231 1.2701770743983181
0.3391578328069025	-0.0962644361253463 -0.8688920943594202 -0.5002016748401157	0.2287090434463663 0.2365179730807051 -1.1697850300304982
0.2640445836197405	5.3559180855271791 0.7179623528172321 0.1017127675372646	0.0690830649806781 0.0881964166940425 -0.4319060847484838
0.4492357944244458	0.3898261609216056 -0.6616873052343876 0.5436694624830394	0.9548727621151665 -0.5234858338937457 0.1105296086580530
0.1916555746184245	-0.1789484010424140 -0.2095544358023990 0.4119766437512423	0.0874335230346478 -0.0570379488460418 -0.5400682447282200
0.1938059071163380	-1.1573299426775734 0.1848342323779824 1.2692157840305902	0.0904410453790156 -0.3261827107549780 0.5856357096840604
0.6044806204496886	-0.2294211745171633 0.7328320751992646 -0.1202333733887763	0.7567901741205300 0.0087604436212988 0.1581402064859934
0.2031398041068263	3.0131274752108421 1.8509225919651271 4.0129293941179620	-0.4377342121351887 0.1353692971142602 0.1704918265052700
0.6010100809637108	-0.2373685977417310 -0.0495063265538888 0.0216740454482943	-1.0357284640855540 0.0017699967608457 0.8826220692557727
1.7295889141040766	2.3029023735817877 1.2320122421759767 -1.9205113957367168	-0.2256410792911938 -0.5447222064214128 0.0302004049939658
0.0859989893567915	0.6230869388824543 -0.1016192661977408 -0.3120324283120677	-1.3698263582569425 0.6152482016148910 0.7331587783957630
1.3431539411268745	0.0325767527308275 -1.2253835702174742 1.5323204551083056	-0.7601685216921071 0.2331446624342705 -0.3349833685205402
0.2219220272465978	-2.4958860580003517 3.4220662468361378 0.8196225989748219	-0.2320592538296741 0.5895471491861883 0.0462600963550730
0.6231606544546090	-0.0924110943428602 -0.1737922804099404 0.3261170684859350	0.1220799606097529 -0.0373410860007072 0.4597172851030859
0.4379977760621195	-0.6134197743499186 -0.2888827662541106 -0.2737088415810247	0.0309159347570543 -0.6369207906133321 0.9029868598003588
0.0988371781788448	0.3643558937088536 -0.3904047268785660 0.0460351804961235	0.3244878695383481 0.7942070789686796 1.0803513403296703
0.3949111581696105	0.6640904907060536 2.1579315815352476 -0.6982748813168863	0.5642652175911036 -0.4890923387022529 -0.4705576348332070
2.7997889940407603	-0.0150053932094247 -1.0741095221352059 -0.5264919806986115	-0.1395788194896891 -0.6605651500276444 0.4431541595065529
0.3653857305020169	2.3663728942122488 -0.4789456418169575 1.6389594066233979	-0.0480541909546762 0.0701609540499663 0.1874097168255791
0.1016224388032820	-0.2217520075796180 0.3164901446274385 1.0303225147066220	0.1604896304516980 0.2692632209948219 0.8938469217489644
0.4573000232733805	-0.1459731144215924 -0.3941030751070939 1.7950925077571234	-0.4826790703224018 -0.1171796087971424 -0.6870320609502397
1.2865758666077958	-0.1082710398752083 -0.1727465108475328 -0.0710121049834214	1.4458416132028638 1.0481561804231083 0.5071034581019984
0.2282065453021818	1.6498689462576084 0.0659155182009438 -0.0337991760810673	0.1991355384398842 -0.3230177767093889 0.0671040702166062
0.1619660128531307	0.4499701362746590 0.0592649575824952 0.0063601659024676	-0.5720518714041589 0.1502071287000608 0.1105949357471388
0.2052612092271638	0.2484863360871821 0.4202456359851045 -0.7307000970072942	0.4636510186624910 0.6683959964601663 0.0239202272965380
0.9748199446555103	-1.5432571428184199 -0.3416054678494026 0.5842582435019203	0.1574369497818638 -0.2155153976855445 -0.7536773959857513
0.3377563904359619	-0.3145294780693457 0.4547569100177015 0.6025787048778800	0.3865543568665217 0.9065060305295946 1.0379690361399985
0.1435893219451572	0.0194696938806724 -1.0432556024040873 0.2365251150545533	0.1020399286801755 0.3020086267107025 -1.0641827826699841
0.4934513715364238	-0.6565545617977756 -0.3523257316566019 0.0316391481257535	-0.3258230010595571 0.1071810499873298 0.3097302750396451
2.8921403899196165	-0.1951878668094633 -0.6682253965825108 0.4546618606867474	0.2665739039694404 0.2691613868481331 -1.2816531014434835
0.4841289525880866	-0.4257427520333881 -0.3848224052103787 0.0123169252431647	-0.2047302363984572 0.0056930300046899 0.7243612271471468
0.1862875623715033	0.1407206868812944 -0.0265060322232480 -0.6863853401366772	0.9279874827975222 1.0844763221998024 0.4954599076872703
1.1394332844469712	2.0157432554507411 1.0291758521301912 -0.0994165318110903	0.7205007848893109 0.1027907268470995 0.3495324734881262
0.1809995418357170	-2.2270415746226808 3.4698312710260870 -1.6298642022807710	-0.2707624273280539 -0.1444180783420875 0.0772948672257082
1.0184007615794144	2.2591343414531724 -1.3796487295868931 -2.2026327643261601	0.5477917315826236 0.6384600569664339 0.3177253434263583
0.2076658896805539	-0.2305003519789222 1.4230991915239062 1.4766623433194790	1.0033604597039549 -0.4753785223213948 0.4116364452705714
0.4829149066387277	2.0659964168875566 -0.4245723212030090 -3.3818087906355125	0.2264600020027034 -0.2403835257670693 0.1828790860226610
0.2658211929695503	-1.0565282815525021 2.5931859155493635 0.9200079922781176	0.6763567248425293 -0.4619770194564117 -0.6086904120014823
0.1643747536721231	-0.5452050102877560 0.2651117574230215 -0.6385231934322598	0.0118475838171140 -0.0566498007191206 0.4593486430356397
0.5177613805644716	0.1897986417708526 0.6155667428957983 0.9972908148781158	-0.1515180542232268 -0.3561675516028747 1.0765540842979915
0.8610201575638924	-0.5123325917464532 -0.1344494612483422 1.1400316474347378	-0.6642213344903682 0.4481513872767158 -0.6193030465239022
0.5447227904703742	-2.6576765314519015 -1.4718032778551329 1.4656118630231560	-0.7386073709235980 0.4337914610269897 0.5450472049679921
0.1859365548695198	0.4870568229261211 0.3706377944563045 0.2292507604094380	-0.0612480522559737 -0.3376033276422640 -0.8206373865614744
0.2537224371345742	-0.1831287929741207 1.6921843012406625 0.2830120825438486	-0.1135981474984800 -0.2186685083966529 -0.4064993640659482
0.0996305255685031	1.0350555523945597 -0.3379043324360818 -0.1074516257299734	0.2470962080193079 0.3329990756745124 0.2219570381906123
0.2247167418057791	0.4919296606006249 -0.9645501666787303 0.3606156837494617	-0.1944367459143511 -1.2083012064370000 0.2846433857855145
0.1851981075559448	-0.2513762610167977 0.4895502006362381 -0.5417139947684922	-1.1140734595121784 0.7168124982016858 -0.6361210110978913
1.5039351018993106	0.6630882027601135 2.1559018877989873 -1.6980910837145777	0.6336847247466247 0.1181934598139770 0.1118836130571719
0.4180673735964158	0.3627135993166098 0.2482613257265433 0.0387159393001251	0.2915911140992575 -0.0657305401416261 1.0136379188263203
0.0925138123712331	0.4483222001725913 0.0193511988554104 -0.5983424240072632	0.5075474578645686 -0.6907855686718374 0.5229045447203863
12.2545661573237403	0.6202455704342162 -0.0847513891143714 0.7137238781107735	1.0358955553226432 -0.6820829198755354 -0.1621010430563286
0.4909037549153064	-0.0375378138410101 -0.1254600271896817 0.5114084594329279	-1.2542762295721306 -0.0929128600468621 0.4177261999024787
1.0499123227967493	0.4149592928805492 1.5068887170691943 -1.2345326491218611	-0.0435726579570345 -0.8777403710629887 0.2261335995770458
0.2127872260774758	-2.0435511975580627 0.5497233071201015 0.4920564315698667	0.4180582340320907 -0.3757215510425271 -0.3283134463128320
0.1231447629544301	-1.0511511821965587 0.7233761315184428 1.4444679296818543	-0.5083397433440237 -0.4897144105226231 -0.4394474507820881
0.4379556478110895	0.2014190023461929 -0.2431754223324820 -0.0628925101949504	1.1799785805877669 0.9220251339018642 -0.0024057214349486
0.3767687444055387	-2.3172480761212255 0.7489710481763555 1.2958766546142610	0.2189808163098503 0.1959684400919946 0.5399104754253612
0.2741948087095260	1.7199929596681987 1.5820281552638491 3.7665763517037321	0.1370067058691848 0.3786419338836918 0.2174957407710337
0.2753474681314639	-0.2062344473650646 -0.4724938195716878 0.1438027131699899	0.0773771195629260 0.9105091453058041 -1.1607511696746833
0.3010736823890384	-0.0258032074577054 -0.4092422692318573 0.1946231815461853	-0.3872931258318949 -0.9126901053992327 -1.1062635475838547
0.2534958280410341	-2.0700809557045829 -0.2810802776364917 0.1265044597063078	-0.3501513891651339 0.3386871876933836 0.0270105779773534
0.0833934448921914	0.0489496602490399 -2.3642227012890693 -0.6476500413330082	-0.1348908549523087 -0.2510761187891151 -0.8484648442667335
0.1949652857718905	0.5020524767951683 0.5786160123116272 -0.6340357827570815	0.2633123487083114 0.0393031344697456 1.1083233939895540
0.0811503854776589	1.2084328235150441 0.1152608563006144 0.0262653136612121	-0.2400865907095490 -0.4655509282669912 0.5879300545565518
0.3845093597459798	0.2426715971019241 -0.5546896415854913 -0.0958798927321290	0.1573089380632378 -0.7962128495964581 0.5557231969711985
0.5823673284958065	-0.6761782786819387 0.9805823256194636 1.5328540748792141	0.8764410865129129 0.2115702485244953 -0.3799332764199777
0.1460466434459203	-0.0133331593861861 -0.7076547271875565 -0.9271031728733882	-0.1478828404180574 -0.1183441122129626 -0.3478577155245663
0.0813529531081327	2.4330832766786190 0.9035397549223317 5.3905546909750646	0.2475236883885301 0.5991309278362079 0.0397996284075354
0.0967259197507037	-0.4864926163820321 1.3827764908566602 -3.1280702043020994	-0.1693791080250167 -0.0145529252365083 -0.2742780842228553
0.5292661693582779	-0.6444405095988468 -0.5573448561983818 0.4623284543225592	-1.1933469542573121 0.2483159361699938 -0.4896351499099392
0.6786439639614402	-0.6309762487137474 1.3125750815622836 1.9866956589545264	0.0025169377741720 -0.0923885981366311 -0.5713725927214092
0.4638549864687952	-3.1411355200675417 1.6269219601628704 -1.2603073447219606	0.9889747348801106 -0.1006217893878110 -0.2773949357918673
0.3363166267428884	-0.1141097293631568 0.5172252152341883 0.7877803232980000	0.5921905098756534 0.0187365141296293 -0.8306746901102012
42.6773300420209978	-0.2443373120579332 0.3074490607212571 -0.3237276815375665	-0.6014323699616464 0.3752043017301535 -0.0138328175009545
0.2338730543374581	0.3377578885090067 -2.2215757030995338 -1.0292593872161568	0.1622684866275330 0.4965246216728540 -0.7356631431483069
0.3062591021236884	-1.0993656734506931 0.8798659188403302 0.4528463317856864	0.0480969710768221 0.2932776360148799 0.1654645660684890
0.2117199777372668	0.8400994151994028 0.0331633397898358 -0.3295363499634655	-0.0677914026357442 -0.0536692578505344 1.2028932636263865
0.1778644847453932	-0.9939337152539796 1.3915674934556717 -0.7124705391235224	0.2594174246499784 -0.3969006666822473 0.5643424223056095
0.2166870494626675	1.4534001564338792 0.3627853811130627 1.3978481001898393	-0.1372209611577750 -0.5573886028289504 0.4200893594820646
0.1537076473110408	-1.1467415857684866 0.9847358734922304 -0.5274871191045174	-0.9231547332542017 -0.3451197424013683 0.2818368875852337
0.1073674630756858	1.1663038625488542 -0.1848202721750934 0.6720995420349540	1.0417639081102099 0.3497872522436339 -0.2643511252864713
0.1702918262696588	-0.2446033261819283 -0.4780773375335263 -0.2651820939124835	0.4914628035069167 -0.8059612392272718 0.6893822012524610
0.1763482494515659	0.3860772983838739 -0.0361275895300537 0.9120167028176227	0.5176028383126876 0.8383831356325736 -0.1972758754289049
0.1257388723196428	-1.1581377491430651 0.5038826377968408 0.5097341583637596	0.1970000607819263 0.2058639599177902 0.5721658232935288
1.1574277479295640	0.3077119655541807 0.6522466420301901 0.4481702054781426	0.6874614643869924 -1.2718631796655619 0.7099032394625060
2.6955350006433609	-0.4105839927300836 0.5550378172518574 -0.0069295637003016	-0.1402814685867737 0.5308738309488381 0.3888949574501249
0.5116423623396666	-0.0684558420990372 -0.3376920132740891 0.0036335725955728	-0.5392881202711971 -0.7169914298007796 0.5294008265051746
0.1423305851725388	0.2634634719669085 1.4391531956260635 -0.7968037158902463	-0.6262899780551442 -0.5778826360801375 -0.3140522530955686
0.1053968273192527	-0.6751562148659714 -1.2083172708841048 0.1268238881164658	-0.3304895024566112 0.0328281794945996 0.5229659075632235
1.3277626390123498	-0.3582304498288184 0.2241752681329072 -0.1943484627549777	0.4518390841899190 0.2469173893153072 0.7163553429926762
0.3053636866215769	0.0824629713161081 0.0305403622251917 -1.2920298806780732	-0.2106733735580550 0.6866054003222235 -0.1211770265062966
0.1530830265865534	-0.2774656764954418 0.4634234749920229 0.3143216531785196	-0.8013169535896850 0.5476347353765891 1.3661571920455688
1.2252816381523910	-0.2209523922152637 0.6705650933495564 -0.1358710034984987	0.3009910679505831 0.3807423709382237 0.3762861715650647
0.3363525394791914	-0.2475286909327590 -1.1979197069177778 0.0420555619946226	0.2368218862530269 0.0752777884627879 0.3390375859941222
0.0995668964127858	-1.3453364283052140 1.6281972708268844 0.5766853078029096	0.0120733852264933 -0.0342281239432017 -0.6926983383246298
0.0940830962947490	1.0740377972654589 0.0494156989493713 1.0130194869033362	0.1903207810492940 0.3356595174550938 -0.4556979806811696
0.1578334769378498	0.4409018779715037 -0.9687980417887990 0.2026174328809831	-0.0806780698139152 0.4749400200168175 -0.6468452388090757
0.4422166871532487	0.2440382063286242 -1.0184706296799719 1.1132572275894077	-0.2591927592740638 0.3294509341600219 -0.1064677373567709
0.1180980263189761	1.6957517064054215 -4.8745110970715197 2.9669295316318123	0.1036805608086325 0.2240025851174493 -0.0237175255481048
0.2496087416546065	-0.8398286808594203 -0.3142916939882505 -1.1916801153850005	0.3889223525642188 -0.6510405412377410 -0.2079091973796061
0.1082077229022957	-2.1991342891694461 0.6841377995452413 1.9077560373403977	0.1088162795941444 -0.4280977191714833 0.5426136428768786
0.2920241157376512	0.1149117479434923 0.3734524440479684 0.2418761742032499	-0.3288420059660342 0.8576219080578946 -0.8026993525162337
1.2594583452733206	0.5967032968301967 0.5960031860446534 0.0597164273274960	-0.9517117647789175 -0.3242408787897770 0.3647025852191836
0.5875309662196361	1.1152979849316780 -0.2773307587564164 -0.0652998930265547	0.6345112272814327 -0.5597113439663358 -0.5103455883706109
0.1182549938359147	-0.2302839610133729 -0.2051146429800228 0.8186267703662944	-1.0775300781689494 0.4263308255309763 -0.6427096135163293
0.6443022770700823	0.0999554334903508 -0.7434291923584786 -0.9436857040924379	0.6575933997880614 0.3805855978709534 -0.4803059389418196
0.3008524907292299	0.2121442113026334 -0.6733554923841206 1.5580447177387124	-0.2907382741067126 -0.1316191220132679 0.3479958648908074
0.2436111142913888	-0.9124505551434964 0.3686081251578147 -2.1482588459096390	0.3142141146185970 0.2024632522907894 0.0025529558693684
1.0838561560421620	-0.0500869988900533 1.6694675123610485 -1.4912213158871783	0.0559515509334835 0.3874835134257264 -0.5124012601848925
0.7447388260915174	-0.4413983358974605 0.7825383543916291 -0.6277819019321353	-0.2803570512348945 -0.0253187165874566 0.6466076058832786
0.2276051079860552	-2.5207123357287862 -0.9672690317477564 1.9703386219585191	-0.1305512373483044 -0.4782230415854030 0.0021146543145291
0.2321954270392463	0.7139135827797750 0.2288737247335519 -1.7628448527530918	-0.3338469502771921 0.6168497401165640 -0.3238512821864611
0.2702924772683646	-0.1074823900832016 0.6739306332364654 -0.3811951916190864	-0.5808970470867647 -0.0217127838682708 -0.8803810350857288
1.1393989054825808	-0.0052308344947017 0.1041854298065635 -0.2130744965337334	-1.3926980511147362 -0.8357162238800686 0.0134155568017546
0.1008295902810215	-0.5925792242587401 0.4661583322653843 0.8748142926699793	0.3318398049784874 0.2226642474879683 -1.3045573657513505
2.5313262291922798	0.0109521171567724 0.1881895760780369 -0.2952714231145657	0.0114617791477175 1.4841521284257013 0.3955714885371199
0.2394700969471280	-0.0009373302717435 0.0988567728159463 0.1691098554839112	1.2449945884314957 -0.0521710631009978 0.0193882213320416
0.1420400117514300	-0.8479720386858056 0.3501841964870054 0.5556643548290915	-0.6954105894883669 0.4756682911294032 0.4912874973924106
1.0533986462171336	-0.1003764511688381 0.9523168170303358 -0.3838447900474915	0.8734530060807716 -0.2052695955808190 -0.5682207446955940
0.0898774917710088	-0.5016519906250226 -0.9650111998877769 0.5991018375228285	0.1947417315110386 0.3437635618352528 0.0143967326704320
0.3003629866322065	0.2158759034017969 0.1191767476299218 0.2012599113472995	-0.4236641010433163 0.8042485142761000 1.0007871995046824
0.0942940012274076	-0.8358537547317063 -0.3473325940442187 -1.3042895317661041	0.4787298289316005 -0.6605618552243532 0.7333575627367411
0.1752852033243134	0.6955380925386768 -1.2768003637230125 -0.3183571626301577	0.3556299055729625 -0.4989111046594891 -0.3153752270680075
0.1111984353093994	-0.2823057681326731 0.3670817523989347 -0.3655709796547057	0.2550166515447458 0.3358450012442588 -0.0586367597735474
0.4272892835845941	0.1635117935889994 -0.0360979514820764 -0.5865773992534036	0.3360481682915867 -0.9905167671058368 0.7468726213191139
0.4481198777448707	-0.7129939698518634 0.4589151110693685 -3.2533487293582266	0.1672307242203451 0.3883310254782904 0.6055800956767954
0.0865104294380872	0.2322024834714906 -0.6116721378510562 0.3674250421404620	0.8521652956262332 0.2651967418775573 -0.1834043005746426
0.1585404725283376	-0.7563223877324271 -1.0445209967057345 3.7203243433565087	0.7806975685969925 -0.0802157793801286 -0.3287561909336555
0.2680221662779158	0.2497345816468508 0.0486311433926167 -0.2077670965977269	0.7703861621180047 -0.1192344043232148 -0.9199889174311917
0.0921174739285766	0.0305291381772739 0.6235997398482536 0.5610602258021924	0.4095553123230755 -0.3966139457390059 -0.2792688031666579
0.1482417341922972	-1.3951596374896387 3.2042080619921509 1.4433604727278428	0.5995012619223499 -0.2383587300402781 0.1093431778913707
0.3192645300839215	2.4249878006076639 2.5370868644706133 -0.9272414296849141	0.4497558198783979 0.1758767725285709 -0.1959586567450773
0.5768218968093597	-0.3517116929110868 -0.1936338885823211 -0.3249928835892832	-0.1467226106473468 -0.5318600049869395 0.0252912389779662
0.5499399760042879	-0.1108569449399828 1.7279403953148653 0.6106942560900173	0.0333174374869107 -0.9864629331002047 0.4884188140391513
0.1466196401211535	-0.2229598844544577 0.6623647928310757 0.2219122197294742	-0.1737703256918186 0.3178462085795395 0.9225968405053513
0.2512257012616109	-0.0988722376633627 0.2655533910512350 0.0040980885267211	-0.2582781864911754 -0.6473013868417091 0.4278326220034515
0.5809313939849134	-0.2755934949817377 -1.0400968496404477 -0.7762931002518849	-0.4822231265714051 -0.3009783132414744 0.4019019409558529
0.1848538433385156	-2.6636434811395713 -0.1227971552561739 0.1786248767987986	0.0347692817727836 0.5660382160505728 -0.3224015942107836
0.1827472244395625	0.2816765861068622 0.8025515196234173 1.8452947380427303	0.6872865323065488 0.2825450371980527 -0.5238274796706224
0.0913068923968027	-0.0642169985886060 -0.2930655602704303 -0.0726695254249261	0.8117317316881572 0.0801144970696841 0.6792167583029260
0.1086457482514562	3.6203161364202687 -3.5821628092961357 -0.5501971443065315	0.5703742017155446 0.5293074837253402 0.1381810704651482
0.1424488308364066	-1.5179469840458644 0.3342155108124246 0.1692240719264896	0.1541147867541134 0.3379614609269728 0.6782011978766268
0.2994644370720406	0.1286827391187873 -1.5746445921949779 0.3351171076295904	0.6645833624677072 -0.6962045205432215 0.2039271500189608
0.3729729714411813	0.4228894806757799 0.2394745680578658 -0.4245921533448347	0.3507132267437968 0.5923656953005474 0.5393958148809835
1.7221392155857895	-0.7135109108327868 1.2757184035917817 -2.4205036460489255	0.4570029031026843 -0.1051374903161188 0.4809213090566826
0.0851491747836078	-0.1244732166552798 0.7472298153283021 0.2396065443041014	0.4484670962076316 -0.7853161308521652 -0.6512344437636304
0.1079815099799424	1.9258986158700828 0.1730154663295609 0.9232305448725177	0.2207798544313218 0.5981150468764731 -0.5387284918069586
1.2887226417355993	2.3476529814002376 -3.7580411705823793 -4.1267727874718387	0.4140517346997357 -0.3492774856023232 0.0848012286143872
0.1417399616543412	-0.5081364493259058 1.9910983166810552 -0.0375675999671022	0.3971805720400589 -0.0068560695788017 0.0881115890249105
0.0865831761807059	0.6368821480651660 0.8241536450928499 0.0572047697156926	-0.3588842832960806 0.4313024905132939 -1.5071432917501577
0.3144150564420155	-1.0156539313083515 -0.6106095577026661 1.5674724858196996	0.8605162421308880 0.1879114405336159 0.5272081039281844
0.6563598346798680	0.8699197022407239 -0.2722894550642361 0.0789445499185290	1.0248078355057355 -0.2958559259440258 -0.5440421250938006
0.2189305871844279	6.0226813183927774 0.3873771845543733 0.6184107780950145	-0.3629962449481409 -0.2054973314304996 -0.0612983072599070
0.8556561524696296	-1.9484804122772406 -1.1040304029313548 0.7012487097451109	-0.6631641073905912 -0.2796330658063669 0.2502312232430083
1.0931627529225749	-2.1306382617540058 -2.6201742669126227 -3.0633374216472595	0.1577785564513557 -0.3406855476696214 -0.2945621492836214
0.1165240003032665	1.0094100083154978 1.5122948203814588 0.9829856849759632	-0.3121716331827086 0.0339420296196229 0.6684355027867857
0.8080818801190172	-0.2833276975093472 0.9453821510505905 0.1319281734544988	0.5441049694206318 0.3438146796163680 0.1801550571871917
0.7539338700222300	1.8831119148874815 0.9470369332261339 0.8779382510986103	0.3348955804656985 0.2262086256754045 -0.0408780965309547
0.2868972999401433	-0.4863333520774712 0.1545025245589778 0.1236709561520989	0.5990779610971032 0.6544160216115424 0.3686467069259428
0.3600557542822228	1.0716147657179205 0.8069163025739179 -1.0623969468422865	-0.4103291005019873 -0.6498807029197960 -0.4512439019933039
0.2085927281402058	-0.9359967945849715 -1.6814389873471194 -1.2896733568152055	0.0298660993595543 0.7524378121198027 -0.6265422071416066
0.2186481563468646	0.6816889273793171 -0.9789953790067064 1.2963014898082330	0.9083533639703915 -0.0349340017074325 0.9193059269739068
0.7596115239385917	0.0198949627103055 0.1671410810555498 -0.0980112561389241	-0.8100798806323518 -0.2961722670176521 1.0104256036782837
0.3739026172779933	4.1102026112763870 -2.4961079645329662 -1.4628129418129761	0.1679377071925968 -0.0336150301489758 0.8418597944103344
0.3523634377523910	2.0152101301645668 -0.9131464151801758 -1.6873948702056236	-0.5214762293861006 0.3010854597735154 0.1288750931655748
0.5083908385649856	-0.2638919941358260 0.1388437709234877 0.2206970198911805	0.2532907515696183 0.5722933624532524 0.6592991700339452
0.2851138300886470	0.7908062392315370 1.4649639799533281 0.8070591744424367	0.1753042746685943 0.1031839824504407 -0.4928156906492168
0.3480429475303484	0.4964320414125628 -0.1840086724623983 -0.2222735189693613	0.3174040394555880 0.1265771697298871 0.2011658261605478
0.1926728168230059	0.5832463590070009 -0.1743255319796914 -0.2062956969880118	0.2390338167173350 1.4552974341894507 -0.1526929375793049
1.1588803760740456	3.8304284037416236 0.9892298670135096 4.7881171598552505	0.3476760189565270 -0.0554205525235110 0.5114135982582070
0.7789675184651589	7.5030181715330837 -4.1784049717023031 -2.3257059911178226	-0.2087636871256213 0.0677681533603295 0.1355660336491747
0.7754624606390677	0.1731141538368077 -0.4506875486279701 -0.8811614917645820	-0.1876700160250654 0.2243585487615864 0.5533200249706105
0.8848555151466868	0.6712248759657572 0.6218459020310545 -1.5402927909852815	0.4856812945317412 0.2575594746181435 -0.4719748083918608
2.9235485931248228	-0.9216705062097060 2.5033095617633156 -0.4622268776342544	0.2748871152943703 0.1435672756476044 0.7623032618808353
0.1097991884143261	0.0438611764457685 0.1544604725479495 0.0573995416841992	0.1241457924498193 1.4071079595400682 -0.0103974423221113
0.0843182545884893	-2.5695647112790674 -1.4039434903221826 -9.1154149523713901	-0.2576432362409200 0.1871214837850575 0.3377993002259023
0.1550928578794905	1.6392211616761487 -0.9454676598313005 0.0136427614704180	-0.2234234761434638 -0.6036647914466323 -0.0728034315891905
0.2536953802374212	0.2542579974298779 0.6877989141119653 0.1223711652630876	-0.6614601448129840 0.8590874844909665 -0.1434568288661566
0.1269111866142260	-0.0265139210238657 0.6710890501620950 0.5388481410112196	0.5197079683009084 -0.3177097372710342 0.5412076322395678
0.6745183392213221	2.3558438741051284 -1.2704165719485585 3.9867994126714867	-0.3470749365668088 -0.1940921989997432 -0.2222280125349444
1.1277636600160059	-0.2223336073727913 -1.2046854271018406 -0.6664388669801580	-0.7087435682889061 -1.0718921934951071 0.0734605501557706
0.1701229959996704	-0.6314548196210453 -0.1665162264117570 -0.6626317060124699	0.2072931707929477 0.4995688540777676 -0.2680886609696090
1.1153169995638019	1.0846371252717166 0.5261269007107817 -0.5017355401164328	-0.2556027232737180 0.2252246524476970 -0.8743643270069501
0.1636865124810026	-0.4729391012480543 -0.1741952421833255 0.3144142237718627	-0.4307059306652395 0.1873928732354516 -0.1914463513254116
0.4131011678853708	0.4966149457296606 1.4757420927992748 0.9831263518323071	0.3304103710153764 -0.2538525891256617 0.0537392644573194
1.4610529696479220	0.2295758933990022 -0.1342061002347230 -1.3002846539494672	-0.6496187720835285 -0.2408942389885068 0.4508449809666998
0.0914662523803649	0.3303961706911620 0.1241432331819532 -1.1491212140892464	0.8969671329974663 0.9337959661299530 -0.3098072919276879
0.4727195758936256	-0.3602845609311515 0.4495299242366868 0.0719663109167793	-0.5983026265536483 0.4691229112238753 -1.2905466089384392
0.1584987838406013	-0.5541042350549813 0.0648166337069591 -2.8459476440834064	0.6433240844958570 0.2918676563360073 0.4075477750368502
0.3195663466523275	-1.1313821451177504 -3.8280980070210520 -7.1371899256771707	-0.0545681981073242 -0.3710968118242108 0.3805093188736987
0.4872961068266397	-0.3893185396042587 0.3186359345085243 -0.0932636575126373	0.2352544184033586 0.2977760978767403 -0.8876191804493718
0.5783469486466585	-1.9633670670113652 0.4844032590705778 0.3264450740381127	0.1319572655642279 0.2176021266231083 0.7488567255478908
0.1644744283005365	-1.2838138993413595 0.0760142313108594 -0.1691132629352691	-0.2037424278559445 0.8340023810350604 0.7007685355080960
0.1527999736151289	-0.2168635232269521 -0.3358081020773225 -0.0077954533748113	-0.8308589475986582 0.2682157961477775 0.5511525183410707
0.1609662776569583	-2.4782333285104179 1.3536314108397471 0.7752743851698388	-0.0234711298970267 0.5077454759175204 -0.0540986698922972
0.1309156292004295	-0.6417456319980015 0.1244155415931989 1.0499763010400236	0.2441739481858237 1.0475860876040282 0.7323954086388613
0.1965905403908853	0.0555611134178489 -0.5732040718171733 -0.3406697443966971	0.1734065524890468 0.5112501390240995 -0.1756956536990630
0.3295140770266284	-0.0112641773281263 0.2607118133317421 -0.0505341619722783	1.5852198399805011 -0.2810822905653709 0.0103192457738275
0.6819204835495705	-0.3142350019144573 -0.3815208470848000 0.1066872879971933	-0.9638633542951888 -0.8886641911548013 -0.2070855329671352
0.2472293274706396	-1.1533812357467537 3.0232906561238835 -6.9010591950542013	-0.4057133253170979 -0.1097150647282377 0.2398500395909606
0.1065399934788894	-1.2701397218299553 -0.6659526794392795 0.4940486441401523	0.5714009647348346 0.4995213173643935 -0.2980567744981512
0.2461298358284451	-1.3347745849749177 -0.8222203647711100 -0.9637863354398010	0.2941881040084126 -0.4668105447845401 0.7251749575783175
2.7590310024578200	-0.1706030372045512 0.2060284520049088 0.7336345668715313	-0.1682793079313397 -0.9864638083172600 -0.0098366187087073
1.7324748856275347	-0.6559634622276700 -0.0361822995640523 -0.1703363871273501	-0.2750321476330758 -0.1609736687570534 1.3082654701425065
0.0915229027804586	-0.0786724458461613 -1.0951036208252711 -3.7025318061836918	-0.1751369723841158 0.8061757996873673 -0.1625961254263160
0.1304072761478944	0.4182920158962832 -0.6031476149628330 3.0209714154727472	0.3616853121640158 0.0697858921461018 0.4763146749651879
0.6326892468475432	-0.5106905651457183 0.5647665920602510 -0.2579942347082566	-0.3177064171787322 -0.3539706628950429 -0.8305710060179842
0.1087643899876417	-0.7193741583906798 -0.3503522581690732 2.3355774435225696	-0.1199895716004951 -0.3738647620673826 0.5092991108704897
0.1248015802119729	0.3194176260931322 -0.0705462657590931 -0.4748223785319349	-0.7173476309504309 0.4604733068402433 -0.2929254643074650
0.6192333990948674	0.3468501949490592 -0.5284966777085122 0.0992811625684676	0.4162239607689939 0.3513320039571593 -1.0998821309275348
0.4050666255472090	0.1279488220783252 -1.4613825467091717 -3.2086640525346168	0.2912506077576019 0.3428108532794358 0.0459765260026496
1.1536316170302015	-0.3016302970273622 -0.1444304906801130 0.1570670983804813	1.4649811686309231 -0.2037191612298165 0.2655074079272289
0.1718603354664806	0.1605887327042107 0.7600398572174020 -0.5242853511464992	0.3485069955916951 -1.1055788351084987 0.8291107243798318
0.5883298141050473	0.1584514642360946 -0.6493531775384221 1.0168200364072000	0.9505496479441167 -0.5288938767208718 -0.2149139780265790
0.5695166559884569	5.2627432252319171 3.6174338765016434 1.3197259691164402	0.0118989501036492 -0.1428879053297335 0.1120087234604942
0.0847044344944750	-2.3338516649817445 -0.9684560048441914 7.4147616087215100	0.3227636386708532 0.4897292159927599 -0.1842455669876776
0.1473831862298617	0.1539551971722796 0.0165952097452002 0.1034180535167111	-0.0617212528034844 0.3563354007237526 -0.7750339937589255
0.2441534567098306	0.0036857072975544 -0.8207061398845114 1.4866374020241628	0.6898413439959644 0.6423937505333136 0.5720621052360721
0.1336497264548648	1.7008583970899342 -0.9523855785195887 0.8884553303421427	1.0806931786704868 -0.5688635243667555 -0.1180137278845122
0.0811920255360956	-0.1410610573289347 -0.4458925162381893 1.5204223743556173	0.8410845933632249 0.0923624570648178 -0.1126302653937785
0.1809732251721766	0.4749238737853300 -0.0280117517631957 0.3563120863739920	0.0252691150602784 -1.1793548687868145 0.1903539108245785
0.2248875999950421	-0.6279563406087607 2.2982547094618613 1.4023554036367887	0.0337468022703904 0.3474967138339116 0.0649522272890376
0.1642936162333738	-0.6017629795521636 0.0314717072612315 -0.6837190594272392	-1.1246432774486830 0.6787185678925681 -0.0800113403646197
0.3872066634618854	0.3796781728229542 -0.0097051724959448 -0.1823992216059480	-0.4817556616466482 0.4642203824531295 -1.6650157579393858
0.0816237048608799	-0.9729579981023844 0.7642769183198491 -0.3713052859003702	-0.3581364621266358 0.5866917579250307 0.2991306849501085
0.0816561821473972	0.1364998008871950 1.0074586788709057 -1.0305112430435488	0.1138943646536981 0.6475978998362290 0.1488051057237068
1.3914457844579609	-0.0569275121924880 -2.8441989866875690 0.0548205921631315	0.3758890048323175 -0.2331070378851949 0.0968885959800483
0.1208881339561424	0.0124561532410692 0.1704775626970295 0.2571036696353298	-0.0890134363119214 0.2901369409080716 1.0111839183896931
0.5053508943057202	-0.0804498702047328 -0.1790699639710409 -0.6807824932165679	1.3519869200069612 -0.2450632046385919 -0.2369640449160638
0.0885286472772560	1.0573600687555484 -0.1259873809324058 -0.7408055420158677	-0.0908399004228620 -0.8416372285636283 0.4709178382972682
0.1745949107904592	-0.5818531814044188 1.2429688626155067 -1.0043178980544460	1.1005150352941611 -0.6608127523563222 0.2060804778557019
0.1301152589284961	-0.6133503765579582 0.0698677502252676 0.6282393710657161	0.5833207601675531 -0.2388339672402219 -1.0098591941188759
0.5396334120510968	-2.8797255670016728 -0.0923234969587087 0.5989415174121125	0.5212555942834090 0.2070613255479583 0.0895900140896174
0.1276242264619032	-0.0108782496100320 -0.2135325558938325 0.1687862652350337	0.0700161379188923 0.4181295146112285 -0.7796637996072158
1.3613028550146493	-0.1919332708141418 1.2782456373199307 -0.0330532585468875	-0.4051532104234490 -0.5573048051730465 -0.0453643736178486
0.1639205038177836	0.2545590672905376 -0.3324041670052536 0.7923022438011819	-0.3598073752242252 0.9056092155934093 1.1652526208037044
0.1207870874735106	0.1935559634164105 0.7718643751772744 0.5920739438306799	0.8046182855000922 -0.3333743929480824 0.6463807084298522
0.1261071548055570	-1.4725379413188091 -0.5328759814844755 1.7889775260332332	-0.4101399638433290 0.1252906423498252 0.0591002484656211
0.1077421795098191	0.2302779303252421 -0.0702550447525858 0.1220708290797984	-0.9797252278625666 -1.4424050565261288 -0.3604760144531556
0.1492978211643560	-0.2594689643293484 -0.2074307708170751 0.1531476014856568	-0.3222951927412152 -0.6712282174776948 1.0229961345001879
0.1425807468518920	1.1626062467433174 -1.2698512964808530 -0.0748341856404385	0.0164105571500285 0.0122897252448186 0.7193208250460047
0.1504527984139784	-0.1239295315298106 0.8148688774842576 1.5184341781096597	0.7898450600079321 -0.5785928185538581 0.4321158916494277
0.1536050733465947	1.5507943324563798 1.1813146045515976 0.8098636605744836	-0.3377136938181832 -0.5715224666367554 0.4045940781492754
0.2642570192191197	-0.8713483626528322 0.3313179494016708 1.1797463197167735	-0.2342801398721281 -0.6171855471858079 0.2488968506676240
0.5535568307865696	-0.4615510000686146 0.0047706218993087 0.7360399274950989	-0.2124624047969101 0.0836024900527825 -0.4260677831874028
0.1133521854466329	0.9600705921881706 0.1149695000007081 1.4851103199896876	0.7862070132058968 -0.3571849003308548 0.3289283129073257
0.1497812506177907	-0.1877415535587535 0.4770818839852747 -0.2316115810003383	-0.5392006168629226 1.1954923947540896 0.9421524841777896
0.3910159517872069	-0.1001835967609952 -0.2692975407293619 1.1596897772102392	0.3250002030464762 -0.2305648570043483 0.1228602051176310
0.2185999547369748	0.0079648531852503 -0.3166525103238501 -0.0909389737860624	-0.7798399440003346 -0.2497861461708402 0.8548177624974687
0.4576508227685666	2.6686599750955184 -2.4692843319051416 2.6330608462942302	-0.1464957528550662 -0.1537968809832483 0.5760725347626678
0.6007392253252387	-0.6177246093490472 0.7354298315767539 -0.9277572098580676	-0.1528106142638345 0.2670226163013840 -0.2726684870390091
0.2993790726721888	-1.1638468841916108 0.2818450470780295 -0.5725817151253083	-1.0526541699012988 -0.3595646008335504 0.2432044563806438
0.1783558071403037	-0.2566604506238166 -1.5476051381485738 -1.4198123596303125	-1.0180392014055830 0.4103221307663897 0.1895498573861736
0.4649881141161669	2.0441016970729127 -4.9316219091900155 1.8696460749284558	0.0096136996054485 -0.2371508908341755 0.0398107275982461
1.0842928563634526	0.4796326071376923 -0.2991468264147324 -1.6926981894668691	-0.5200498843836009 -0.1259335401088879 -0.8091196236959916
0.4554841181591980	-0.7887309043620768 -0.1379086184795998 1.0855006637831477	0.1464551168808291 -0.5896292311401368 0.4230065602348781
2.2098588836967350	-0.5920583098719789 0.9627182574560659 -1.7726218416565498	-0.5406822160442589 -0.9227681308008173 -0.5762890622824843
0.3237518897533277	0.9179479410410488 0.8942051406663533 -0.0196450419898333	-0.5116407402590262 -0.1526859032445070 -0.5790034721863178
0.1874614914740463	-0.5689801772731846 -0.1346818992323369 0.3363388574515694	-0.5456486893113049 -1.0663930993677631 -0.5487796117435391
0.0814020427428153	-1.7093359035603952 4.2015286884483736 1.1250085574148372	0.0899436257731048 0.3833327300616405 -0.3348449165263465
0.5747848246907928	-0.0819386628628932 -0.4223956008132963 0.6276688428008452	-0.9724215215830873 0.2481457144790850 -0.5973958557154330
0.1373147224243300	1.4879580452510264 1.9218849715170725 -1.3997819765630850	-0.3122565573466822 0.0905152011388380 -0.6125823161348486
1.5179474631162517	-1.3418720067414065 -1.7732074035142951 1.0045377617143041	-0.2266425893054645 -0.5190381241924731 -0.4012203381741266
0.0898087704801905	-0.3963739122088871 -1.1589246380195808 0.9002063720864737	0.1565796973171142 0.7687777426997479 -1.0223284472761283
0.0813799452859528	0.6301483117224479 -0.6019974925126643 -0.7765814463523033	-0.7359558613230179 0.4316308915566754 0.0723561613580454
0.4410088635469132	-2.0562765109509438 -0.9724941165205636 0.2878113761548666	-0.4034788442919764 -0.0048724059118230 0.3263050856983965
0.1798447253372131	-0.2583597672068394 1.1356720638265825 -1.9144027943238473	-0.0609298760813339 -0.3597456954287941 0.3937035441483053
0.6578687020439742	-1.5351666169812568 -1.0907442590895822 0.1400087224255420	-0.9050945907665938 -0.6856804356516467 0.3682394834201692
0.0880021878712673	0.4203838087001733 0.6086636632187814 0.4771705767940371	0.9230266766927461 0.5566206934726743 0.1503782628105418
1.1136954143447177	-0.0629172155728979 -1.4706919705469204 -0.2955966022159541	-0.2469176209110962 0.1084676814752989 0.3808433171916500
0.4317021373018420	-3.2369011958690574 -1.6785951568144832 0.1758183743363320	0.2726072479813440 0.2374537917086288 -0.0213192077093455
0.0900995941736144	14.4686335872576226 5.0895086282112114 -0.4274125762282285	0.1799256587498415 -0.1863688308798009 0.1894842693603103
10.4460841230411816	0.8114471786331159 0.3039220684010829 -1.3492840752858437	0.1341712592212048 0.1710086899284153 -0.8577094039693633
0.2606267380629100	-0.1372481400564905 -0.5289038865178280 -0.8081846686908101	-0.6299816872804254 -0.1237148032805906 0.5519331361669529
0.5311662020750476	0.2815686780016173 -0.7569735809873033 -4.8697786788028647	-0.2980123596684090 0.0921544653053083 0.4298990444491865
0.1483447620781931	-8.0318407383189285 -7.5125177629406670 -1.5807148004102811	0.1682374294749668 0.1051929370244094 0.1014623759451675
0.2464741979438481	-0.6651786819024880 0.4832542795904703 0.6668495776347526	-0.3106010928982404 0.9115741871163546 0.0941638506173189
0.4293895497604575	-0.3498884410404778 0.0964672166569913 0.2261609081077971	0.1110195682018877 -0.9632846732925791 -1.0241797244410014
0.4064607063013195	-0.6557612009557314 -0.2842748424738201 0.1532054724751274	-0.9172829671640581 -0.1462074477558317 -0.6863384082805175
0.4013461689167273	2.8023569485613735 -0.6527545264541449 1.5661106672870442	-0.3495182880917381 -0.2154336815861141 0.0502414063419872
0.2816837535972442	-0.4700374788739242 -2.9766758145741234 0.1224441083720613	0.1665047042829938 0.5476855991256260 -0.2264339339766385
0.6163198118500699	-0.5350034993090637 2.0993587436660239 -1.6298295556075761	-0.3415666693224689 -0.7006471620207185 0.3183325786515859
0.3164820063577768	3.3023395696175295 -4.5898108233560997 1.7828194550159462	0.1715094420723374 -0.0214875655654624 0.4561341976760417
0.3607104855017791	0.0481078211984482 0.2635866009841880 -0.5090594592391200	0.8071867169537355 0.2089953038383913 -0.5893338704238108
0.0999670236972150	-0.1708465494900112 0.7558387379354686 -0.0405691511393194	0.2405266354666710 -0.7518351375700096 -0.9828463309862221
0.5095913181720699	-0.1963765103068173 0.0459786063895433 -0.0071874718288829	0.8865929431960808 -0.6465535996612691 -0.4472298343141180
0.1676721984675977	0.4692597801854428 0.1855282728330502 -0.2019244361623420	-0.3428283426944347 -0.1998470920186367 -0.0014167871033739
0.0807022628119175	0.8521951507833541 0.3030393753181257 1.2815058246355722	-0.5165463523354723 -0.9186306842900738 0.0258199819579267
0.1788427454701974	-1.3432468123292753 0.8594762727026288 0.1620152015910581	0.4864309118217129 0.5066653836040103 0.4892781230077924
0.3218114296298735	-0.1896873915035177 0.7282810038625641 -1.0566016629038708	-0.0328493094141432 0.6204975928655366 0.3489873196967084
0.4494310559439490	-0.0150081656218787 0.0816493826291479 0.1198596411038884	0.1356137688626976 -0.2172352566847386 1.5449029665468288
0.4152367516252041	-0.2755738642046971 -0.3884754200555316 0.2215557595575144	-1.2117361422649320 0.2683926419839673 0.5357044609031028
0.1127185898651952	0.7924765365418327 1.1834549804511552 -0.5532701167387530	-0.6295042018518726 -0.0314777446860234 0.7252195152709943
0.2475818035117850	0.5440509695280740 0.3846706319089924 -0.9983350650433634	0.5347212993559474 -0.1223694523093399 -0.0510640502957428
0.1440145105313501	0.2789067344751348 0.2582641883307829 -1.2550262219330268	0.0761925707770112 -0.5407725086346078 0.8020772888636386
0.2343330389396376	0.9159227072366745 -0.5974874981989050 0.0078517779062469	-0.7532140349547699 -0.2538271488018418 -0.4754004550286704
0.5998741419855165	-0.5379157801879569 -0.3264314829699863 -0.1349597306522648	-0.6016168264510707 0.8415865181008811 -0.5122216235247887
0.0837391256763878	-3.3551127597078723 0.4759852431841008 -1.0527124718093097	0.1572602182639462 0.1918860148239670 0.6502331414434102
0.0859907385152398	0.2604246726703498 -0.4048298005157193 -0.7950953056734272	0.9481490593276538 -0.1179527669821716 0.6830044711285981
0.2895500240020460	-1.1023733656879635 0.7173053877233253 -0.3621654733285531	0.3357598611382493 0.0469461667310153 1.3226902735886585
0.1542941388196457	0.2664143456762484 -0.1568620236449966 0.1854557002107869	-0.3536245318216803 0.7268496852600118 0.3402806485317436
0.9423251706565566	-0.3213739977281028 -0.3880536760510640 0.0173250271011475	-0.5158182742890036 -0.3067640576777084 -0.4871376658315052
0.6299941277725977	0.2039876521487706 1.5022645838480204 1.9535308586598197	-0.6012998852753929 -0.1534846287104778 -0.0435046948302744
0.9452351475824521	-0.3727893156946144 1.0687205391852410 0.1976170943783806	-0.1516109821843893 0.3526988298834612 -0.3965035798498321
0.1393442813556889	1.5625299348761053 0.8312854549190762 -0.0698707528279499	0.3289887642445452 -0.0685125004650957 0.5144373338797595
0.3183741000982275	1.3090523745199711 -2.5760954542542973 0.6910803149722504	-0.1479368071089533 0.3234992157190406 -0.0403480089902254
0.1044993569406578	-1.4011388043783242 -2.0373043565062190 -0.2070955229288985	0.6649405762944276 0.0870679521620053 -0.0150810060855442
0.0910876756506232	3.2689618888090086 -0.4664293029578899 1.2408379792066362	0.1246301655270450 -0.1300552283822593 -0.3259881281863115
0.3748250831486430	-0.2960605231773352 -0.0686650581338496 0.0793866706013236	-0.3557444436800087 0.1757594965261349 0.5514975221919929
0.0916851087280922	0.1736936556905541 -0.2132852060919781 0.4313529398646840	-0.8383519161521452 0.8152306778247804 0.3089127171866740
0.8462461809216141	2.0544691454821957 -1.3381375766439250 -0.4402410681801479	0.2057629092844311 0.7423006106360733 0.2645126627954349
0.1325486134239199	2.6887185829139360 -1.3226214129498328 2.1508492183245114	-0.4161339060413092 -0.0905598786124719 0.4070970856136251
0.2721379464204822	0.1179177892626744 -0.6198596332863225 0.3390735637234101	0.2270929437154551 0.3373506951494051 1.1925721786656867
0.3533155465786987	-0.8190729722181969 -0.7924256445300056 0.0755609200706157	0.6584698362506520 0.8222071616017983 0.3745276048981151
0.1672538323836160	-2.4588079984174471 -0.1917502252103005 1.9262706347711229	-0.1850294432102496 0.7904579262883379 0.6776950535406093
0.1103906098712201	0.9706919121071853 2.3027279427182537 0.2914436858787347	0.1668144195400380 0.3480485228571742 -0.2371658390456110
0.2365157168399777	-0.8542449706176012 -0.9726984758948589 -0.1365726846938721	0.8457248238102024 -0.4355481870974571 0.1632362358526262
0.1665840391517676	0.8630743356740286 0.6371148959909710 -0.3095449330360610	0.3105514640865393 -0.5800822831824091 -0.1774915748259664
0.2831994111070034	1.1035050377458600 -0.4877701039873918 -0.7833394431591441	-0.0326598688946754 0.5965518468509935 -0.6324194189540391
0.1482748636661387	1.5967915753099153 -1.2404147937332251 -0.1469545381998246	-0.3276857675092980 0.1335655287164912 -0.0284418094049990
0.0804236808874522	1.1773874312988468 0.8776901627921103 -0.5158530889572963	1.3267177840387687 -0.2185380483747212 0.0996632680515495
0.1121185995929932	0.1736381134033686 0.4040000140136638 -0.4615487886037884	-0.5899736635681403 0.5848645934104826 0.2171624556922410
0.0979850685181384	-0.4354427933201076 -1.4461881333241580 1.0040237734572326	0.2994333167096732 0.9498097304250341 0.3471350636679801
0.1023050298217383	0.3328417231539603 -0.1656055500113974 0.0981589310631241	0.4451076533368390 0.6439626558027181 0.1188347113481990
0.8898352037247780	0.5947815036183296 -0.4597245307087114 0.4282550849367325	-0.4672677323952796 -0.0566539763076235 1.1629497251069045
0.4279361907246919	0.6849635325603506 -0.2762974504029369 -0.4829922252977280	-0.1651317907489781 0.1720550663663865 -0.9658608657349026
0.1357034035715286	-0.3498865280273262 -0.0484332657586156 -0.4801636682665368	-0.6274373658534046 0.2111075862011159 -0.8814374897192079
0.5177061585735933	0.7558346320866840 -0.0526264893080761 0.3509216540079913	-1.0202941052136314 1.1040507175566081 0.7492113404243684
0.2669693159510423	-0.0805234349269053 1.6496115908017726 0.2338683783081149	0.2061335837944687 -0.3491506920289378 0.1227084281090618
0.0961444451472240	-1.5105841581670367 0.6614780227961984 -0.3745966326958265	-0.0446730381811326 0.1094082475908289 0.7294009731920170
0.1330258601240137	1.7862812961213270 1.8929801717156038 0.8106409660680394	0.2439384800632525 -0.1684878320840405 0.3841319537858319
0.0929771862551769	0.2236469052341270 2.2598772161945626 2.0316199390387459	-0.4947473225313513 -0.3719027891553911 0.3599164108914166
1.3044819342103269	-0.2379497480861934 -0.6670603841753457 -0.0191190355297531	-0.0440806377692655 -1.0097626902184207 0.2601114783582892
0.1615043811217065	-0.2279308563336907 1.0353509931639047 1.5867593230501928	0.0874460835821851 0.4029744455411129 -0.3453089831799205
0.3135975671140203	0.6058614725361269 0.2686209843440358 -0.5780491586933703	0.8190458601528960 -0.1003993753728320 1.3919395565090737
0.0923005088990525	-0.1894967107011046 0.9681237248012107 -0.1551211394357450	1.2861418061827625 -0.0290565597847671 0.4507250598470242
0.1724695505116639	0.5772229044568578 -0.1610091205774893 1.1085553545983908	-0.3053031610227506 0.0625444365088702 -0.1529838094672726
0.2085810456536871	-1.2726220121146661 0.7075079444985657 0.8696467931466059	0.1009041728289234 -0.4513707059522710 0.2427445496388837
2.5782870838651450	-0.2881965657525054 -0.2501902800885715 -0.1314445285521151	-0.0989973268746802 0.2972656174784493 0.7185298090233325
0.2009008212567776	1.9380214548671504 -0.4389746154117422 -0.2969703885682844	1.1096441122297316 0.4798071674516285 0.0676463774347946
0.8494308998017960	-1.0482271588483396 0.1726366079059194 0.4528614443247265	-0.4802673181806170 0.2885564274800619 0.5408672561182941
0.4373655061418266	0.6098215963380180 -0.4953806868162732 0.0456606822500873	0.3753976406535222 -0.0393155672674881 0.9650798770622491
0.7087545864341838	0.7212914008426401 -0.3134356191852486 0.4188263338110845	0.4860558848099494 -1.0600360614416258 0.4469301541654498
0.0951616548086667	-0.6444045667191742 1.7798431615868664 -0.0740240799292604	-0.0570087360482028 -0.5168396854220845 -0.3855618029849835
0.1579496388201532	1.6376265651614490 0.0227508008782801 -0.8806086860721833	1.0900534649123244 0.5264013158335518 0.5474536696392571
0.1371350879442592	-0.6606258306431105 0.0726129152187192 1.1684651040202625	0.8171479454956068 0.0771300082313544 -0.1479527002419709
0.1007821376418182	-0.7925980780166650 -1.2020317516742460 0.5963217740409102	-0.5797039066543560 0.2975041731650782 -0.4138887114022307
0.3666644917609299	0.2847813606113289 0.2890131654184993 -0.2054299720249028	0.5706108156020314 0.2359545414124782 0.8892684202901275
1.6410104732964013	-0.2003225365816908 -0.8680135926106032 -0.3971784052008740	0.2405665172605376 -0.1850095103940578 -0.3162565482155728
0.2246614717393454	-1.4187422041480524 2.1571924523899066 1.0673657239924002	0.9256110215608631 0.0977924190118890 0.5961108826339572
0.2437652481064464	0.0589003396116477 1.6433050944849059 -0.6436549102467213	0.0354634152466543 0.4415486517475026 0.8827116062281740
10.3388692842389265	-0.0008897383842833 -0.0285873017108243 0.3027515510160227	-0.9202225524713236 -0.9756052761784971 0.4873919217943025
0.2918157395055840	0.0363426230600311 0.6363376215296399 -0.9983563423938133	0.4412669391670533 0.3879802793222359 -0.2851509903815123
0.2126824533380592	2.3912176002687104 -0.0439034838304072 -0.6566190382457652	0.3085005437939878 -0.2673712909299661 -0.3257256388845420
0.5809624085605225	1.0257598878638976 0.1226837901413771 0.0328180391547731	0.2565160828965251 0.9200316080783257 0.7589634532767774
0.5790242144397095	-0.5518962469897356 0.5569170688124495 -0.0809196190167063	0.7009881367462921 0.6892754917361464 -0.3631915747136524
0.2375517876665313	2.2427658884142057 -5.3354531347992529 2.4636704692237013	0.4721055775425302 -0.1850114195387773 0.1172738745520236
0.3582737551410677	-1.8108905808650251 -2.9383309418861732 0.7566656995658972	0.1278700483752024 -0.2101567951542474 -0.1322171379570223
0.0923649528541086	-0.2449266319387114 0.4010826323775309 -0.3240220413559897	0.0239528049305278 -0.4608920811021863 -0.1530656625192112
2.2974592605750268	-0.7700724285453879 -0.8491411601614904 2.4222404682092415	0.1008232629167278 0.5588956918214600 -0.5512112168581079
0.1161145556878052	0.2016759464273225 -0.3773586360926500 0.8198571235391564	-0.0671325551940366 0.3165690330147974 0.5768742688580348
0.1985213586919108	0.4440752435633994 0.9797158444731240 0.7915713095837774	-0.2648245620164195 0.0635267364500441 0.8858938044075019
0.1007750508804173	1.7086280560059008 0.5520680014258886 0.8306924247735246	-0.5207685051440646 0.2443901762002781 1.2632201438660673
1.3126919146284961	0.5363176845641714 -0.6896502404657034 -1.4835183776941363	0.2985711322217202 0.2148333263250548 0.5348449854301751
0.1112561862983519	0.8510440673504355 -0.3359744809063466 -1.0385638809676720	0.1082489376975466 0.1872246411705413 0.5689576277057471
0.4283106731029823	0.8403478498076281 -2.0331467324235013 1.5482731086250938	-0.2841853369622197 0.6846612283178428 0.2699709215960965
0.5929007398954332	-0.8579192839040447 0.9930121292876234 1.9140436442316457	1.1785838157860928 -0.4158341851489453 -0.2971864925003943
0.2234009519444836	0.6067089422171574 0.5326946041660271 0.8742508505496464	0.4457391118991557 -0.1930176684163820 0.5093161765805274
0.2529355826458489	-0.7785999503923069 -1.0214195571604887 -0.8856316726279911	0.0236665334479555 -0.3934638005878439 -0.6531769640986490
0.1439809407830030	0.4754242918053216 1.1460650866080102 -0.0819969506713765	0.2766182965780485 -0.3657395600758751 -0.2610442140341800
0.2626080267974469	0.0466855593949685 0.8554038698000116 0.2210882965755335	-0.3975614670073886 0.3656144203296073 0.3771700929323326
0.1068802129585348	-0.9613288714553793 -0.3746685118469799 0.3764648970913288	-0.0324207433196784 0.5958058463036172 0.6203356140966861
0.3413446323486389	0.3360869540139211 -0.7927813833789983 -0.1250607962526462	0.0067776213661498 -1.2297152916907208 0.0072457918232249
0.0993680622864505	0.3404561050995630 0.2353310100856516 0.4703086100599810	-0.0604008604818152 0.8600123189604233 -0.0753639830587009
0.1940173448124586	-0.2849599888915746 -0.1373964802224835 -0.4778081161869032	-0.6158322392014343 0.7060972399152018 -0.1950734521380359
0.1125692508815590	-0.0297885255039695 -0.4453128234741021 -0.4585541980927822	-0.5523939102415099 -0.5245625725622028 0.3115157507681119
0.2513883915317649	0.1893865316039196 0.0362160668201304 0.1648096722501125	0.4269183684247815 -1.0161140459831355 0.6810108079781340
0.6032187740906659	1.0059866652027440 0.3108245618552930 -0.0844584430752478	0.3020393943357142 0.3967939073008073 0.6670289702450756
0.2572019325393027	-3.8227626042227616 6.7200337363478502 2.8803230850843922	-0.0207692939941275 -0.3570764908923802 -0.0418632666995836
0.0968019527623856	0.0012394391608202 0.3337054201385795 -0.0787517176707663	0.6333616732458214 1.4451482321868550 -0.5068947440887178
0.0817985597308008	0.6925117053489673 -1.7662246686783827 -0.5999677737974102	-0.2111204757276088 -0.1524648601845508 0.4696181286055615
0.0873923234438534	1.1183256903637253 0.1862681731297840 -0.0605061492823504	0.5776957418673824 -0.0786664850690396 -0.0527673368063353
0.1789713088239654	0.5198283672190758 0.0845651168678036 1.2966920078442064	0.1880572744835177 -0.1389098375901780 -0.2141776241501047
1.3556885988238481	0.0600317138266754 -0.1830767917766025 0.1919330303674591	0.8168291608268536 -0.8086594630906280 0.6369665016888237
0.1972613344809666	-0.7471376394707162 0.7370902822192749 0.0740872682548302	-0.1899834217019484 0.9902018322245728 -0.2714951132929068
0.2179531607271296	0.0079731962769396 1.3561000473029721 -1.3063001794292941	-0.6999565635581594 -0.0082409004218958 0.3010740316930555
0.1453090615664690	-2.3966498315250502 -1.4885709843215087 -0.3454248191189815	-0.1158679301590100 0.1262256433263076 0.6336600235793270
3.2060591681898778	0.6639349333798595 -0.0123730094499208 -0.7986651934932474	-0.2073581220774074 0.3160064924663859 0.0440564251118068
0.1275064002124555	-0.8347862525879080 -0.1061680884739026 -1.2584906822198871	-0.1285710613309893 -0.4049361288417846 0.1573850901839162
0.1628373446942098	6.1903062846951045 -3.1166088137341812 -0.3242086496902986	0.1230545194400235 0.1916357226397703 0.6031089846183794
0.1233831836566635	-0.0516812559839077 -0.5749491845193986 -0.1873290396773229	-0.7792742375604179 -0.0062058499600686 -0.2018754101777283
0.1992376766375167	-3.5339307728980911 0.8020296887872733 0.0867193508459548	0.3721246714146285 -0.0829054437247221 0.0094254381684642
0.1369162812481887	-2.1103064863886529 1.7015115713090414 1.1289015298761866	-0.3458182829763272 0.4851739933559885 0.6251402741987208
0.1691220236121966	-0.5463988250860877 -0.6277994965374057 0.0365028611352135	-0.3715861381621798 0.7248328399353501 0.1229349446036359
0.2081434510828012	0.6257922403657452 -0.4712525311189534 0.0683837053342216	1.1105541106071881 -0.2079642261606972 -0.2911289310864620
0.8697540338659505	-0.7516970147755277 1.3127884202555054 0.5381517822689226	0.3065632892524075 0.4948408299440673 -0.1077142969967680
0.1814066240945200	-2.4697479226601793 1.1927558290950524 0.3314379464021722	0.0910274452857931 0.0667337218814370 -0.1878342283779309
0.3711305443212670	1.5662341344118600 -1.1774722768445953 1.1090657516254321	0.4521758825311747 -0.1227276585789614 0.8208690001952267
0.9339313660330781	0.5753873264994650 3.2784279314888618 -0.7293297753942455	-0.1003994266638966 -0.0349433592728877 0.8180397878839718
0.4913791905889654	0.2272509307064830 1.6724678348581021 0.9169660769596271	0.0112190918447644 -0.3775828274455559 -0.9438164754407702
2.8610728612949119	-0.3965364578842994 -0.0676279504889777 0.3904918602344510	1.3515993383119944 0.9265585276265800 -0.9159813525480430
4.5098668766708574	0.5890080787049933 0.4767608555957864 -1.6556815192082197	0.4853007469264985 -0.5969982307662602 -0.1920533040379147
0.2751776447847717	-0.1034705665546644 -0.0538040539184090 0.2139179809301223	0.9780993939687627 0.0651475997724071 -0.7118910594511018
2.5405788166449987	-0.5767603407630784 -2.3084871210589766 1.5658689429436430	0.4593558903226826 0.2516640267812348 -0.4917470498749049
0.4210696242970111	0.7190384574573642 -0.1213725061450341 1.9748057352264285	-0.0334336981967931 0.5476837293580360 -0.1302462754470426
0.1406281804600534	0.0855762000052294 0.3068969842152340 0.2179859470364048	-0.9043302858020383 -0.3400664490370824 0.0686215656989308
1.1700409618198231	-3.6571887761426418 2.1507385893621311 0.2299967453998701	0.1528041811165018 -0.5576798710157812 0.1345555562598514
1.6757812024607277	-5.0108126901274233 -0.2153761618392409 0.3013311585147708	-0.3655820266587235 -0.1450327288425806 0.0853728126855535
0.1097834958743681	-0.3574152246959596 -0.9797553299825341 -0.2862546795502133	0.2785653757381967 -1.1414236143581511 0.1201713918244908
0.1506185872463391	0.8713728903833992 0.1889779696671795 -0.3239844394171562	0.0408108093682491 0.2289571217071813 -0.0430927080815638
0.1242044706096573	0.4062201481876019 0.5377520051332733 0.2622224423137454	0.9052324612725531 0.2089384797463002 0.2422446553096148
0.1469483116773475	0.4594199991669005 0.5924637020655746 0.4457371367950270	-1.1507068259506004 -0.7905749437898608 -0.5556651945624353
0.4567927586735080	0.7010377546610571 -0.2063480627316875 0.2527350529441671	0.3273051599254259 0.0310140019936583 -0.4431169372432055
0.1013658226707537	-0.3436469190579500 -0.1037660152989998 -0.2100289717013289	-0.0391487867107420 -0.5680678426954873 0.5835029021678806
0.1401743916753442	0.8537747380690065 0.2272200720814952 0.4303144475474356	0.6163554319421890 0.4412189395172110 0.2583905763149694
0.0833314524961465	0.3634626958137122 -0.4908537824461507 -0.3811379605289505	-0.8536709157512077 0.9088008070039532 -0.0659872916591992
0.2277195566592048	0.4125129094396371 1.3703396483552961 0.7475705661539020	-0.0866946189168494 0.2169312402336331 0.1983673313299397
1.1520835067091901	0.5835624866043825 -0.6608853185044773 -2.4232520118285965	0.3961808108647341 0.3050698804677537 -0.1475401269919707
0.1377181585938861	-0.5649500610988731 -0.9844392293241214 -1.0531501799269800	0.5367243108636348 -0.1274365185518008 -0.6825020729202729
0.1933012979551250	0.0607116844401021 -1.5503352984223566 1.7292299221708378	0.4082638617784584 0.2595957189751384 0.2801108904790989
0.1834076926848368	-1.1910403912007597 0.0352654258780667 -2.9812098264085658	0.8613872065386502 -0.1609022425037407 0.1676609486577851
1.2046220396894549	-0.6735123818694727 -1.9836497134357558 -1.0262405298513404	-0.1355534363914914 -0.1603402642580617 -0.5336819209637327
0.2488850935879840	0.2124206968198861 0.6295914753932462 0.8216253518134282	0.9317269153640563 0.2406875193463365 -0.0898063425982271
1.5239908286395583	0.3077331326103656 -0.1660304951856066 2.5993433406571453	0.5742870671658383 -0.6071098129468544 0.1801899275198141
1.6122149302875157	-0.1442094836069713 0.0069420108897750 0.6744388107863621	1.3230089364805038 -0.8899811094368351 -0.0718578537427967
0.2664617610188090	0.6018494667183888 0.1664251648796861 0.3119416868969284	-0.3253174921661783 0.3664133494357569 0.1570258256518027
0.1309852837008295	0.0913532968224214 1.7562775328707436 0.4978026712362335	-0.2038682788435112 0.3077466846021596 -0.7399592505218866
0.4617904425073504	-0.7195986975484574 0.1515526657627760 0.7177719411727104	0.3500020397537577 0.5046412559515582 1.2431024458081870
0.4049444581057691	1.7082738306057130 -0.6867493134188227 0.8355702412723294	0.6126258605169979 0.4166597164353538 0.4316531287306989
0.4235211989038109	-0.5737032263318501 0.3658156171447573 0.9269152113940823	-0.0093537246552318 0.6093035493508708 0.2155298554022804
0.9178908146403951	3.0365796323647056 0.7037501654155353 0.2321309606611569	-0.0511786377373430 -0.4248299118265393 0.2974053494874215
0.1880016555282360	-1.7291162988615996 0.6620328711833047 -0.5265740763713284	-0.7508442067040969 -0.2375434842953376 -0.2252254194007776
0.4515732724336411	0.6078659131933360 0.6048310840928011 0.1659787059490876	-0.4379021722103207 -0.7255911113969187 -0.7135476393669085
0.2992582769922514	0.2544521534388351 -0.4360020919919020 0.7477779443439219	-0.2053558154125797 0.8432096080623414 -0.5056921073546937
0.0865729601950735	1.0137191853488705 0.0996124017994330 -0.4523488450778985	0.4886712311175599 0.5103809049429675 0.0494954971853995
0.2130164160922522	0.5328592594231837 -0.6599335580069811 0.5570744504272658	0.1124003313331057 0.5695901871446106 0.5833992934176991
0.1241934128292114	-0.6186952165477400 -1.4355984506547037 -0.9699132218884345	0.0643096483987986 -0.1123411226230086 0.2620249430012264
0.1195365417518459	1.1725559927667817 -0.8794244000977927 0.6612587403015923	-0.9313020743033337 0.5292963350798237 0.5518651503066647
0.1315385276354867	-0.0250664299271087 0.3862193442979132 -0.6789457754070323	0.6298087701492068 0.1230800750407074 -0.4581648249380586
0.2851170323221739	0.0830973710053675 0.2600509412324248 -0.8553461673662627	-0.4262929554915307 0.1770424824569252 0.1559877385413168
0.6613883103237519	2.1289479347272309 2.3426641378617536 2.4716789998289448	-0.2911477986137091 -0.2244686159873353 0.3010181775950438
1.3089266002611857	2.1163218539341924 1.3812535958428955 -0.1600014415112966	-0.1519513612233366 -0.1891761825331985 -0.5566514749343485
1.8777558632634790	-7.7571619059183803 -2.5477805720230422 0.5874620705184121	0.0709269980323844 -0.3022441712484848 -0.5157087217762053
0.1874033763935785	0.2106234734285710 -0.5797725848023726 -0.3866910928888903	0.4028854460574745 0.5151470838470980 -1.2926101173975237
0.1335932900700037	0.4027691764649644 5.6186653540310019 1.0611457844104830	-0.3254024071968466 -0.2316298708291703 0.1980301247436393
0.1009076026185861	1.6654569021104293 -0.9066179855409153 -0.9629179380318686	0.9786711139087774 -0.1805467282888863 -0.3892678111689649
0.6900082462195516	-0.3475805526247290 -1.8278024758750089 1.8023566064698828	0.1950800735773875 0.5687367710593058 -0.3715007070383196
0.8964247233168806	0.0974843997622541 0.2573293099147476 -0.0326843703351722	0.7990306931073072 -0.6633819079591894 0.4744610073924095
0.2025540376920268	0.0217271572038069 0.6982538023199027 0.1317912753425549	-0.1501291772021267 -0.0302755539856587 -0.1760382010251764
0.3662528040680332	-0.4120754165842374 0.9251721699207194 0.3029144750196667	1.1010555765531429 0.5082106701980392 0.6653925797174061
1.8797250381712778	-0.2361880148416192 0.2836750191362280 -0.5075094605692249	0.3849577578477429 -0.0476681460843557 -0.5411234482412173
0.1618781329726573	-1.7077391645541200 -0.3994333001212526 -1.6301204976418178	0.3069929477863744 0.4101783395657882 0.1972864436900451
0.4024259796851632	0.0270394367229804 0.0598887415067768 -0.4761291239022074	-0.2474260208275025 0.1162967317531914 0.3233960078084641
0.3643639674833128	0.7449357774060423 -1.4103027325679147 -0.4065775042031930	-0.0580635709492274 0.3288572028676520 -0.7513340167689713
0.6637212401989483	0.1094339624001602 -0.1811404465353781 -0.9757477957024266	1.1480609570316762 -0.1555800423389394 1.4467799396409817
0.1057260454574681	-0.2464332596331601 2.7546102294095749 3.9659852189485250	0.1406626902198023 0.2585863018559670 -0.1166049419920399
0.6302703029042913	-1.3593525736296646 2.2036104177665496 -0.6424369510336602	-0.0131050398504843 -0.5014068801822570 0.1599809109133993
0.0906542627690355	2.8954062463632360 -0.1910588816356319 0.0173643954727445	-0.2946575660027445 -0.0254580081100836 0.2310383030977570
0.1061121956879215	2.1879612233772274 -1.8037575521423890 4.8442997902948708	-0.2466370218382867 0.3857795176499255 -0.1158059579584424
0.2677600948061822	1.9436331147385206 -2.7839100923849540 1.4945912333893505	0.6316531743440907 -0.4134615943019130 0.0173416111964391
0.0911099257806426	-0.2740730214282193 0.8497980591573919 0.2136743726606820	-0.0758879111580111 -0.1549274603501412 -0.0185197878765402
0.0912634765882972	-0.8472170962761720 2.9856977823489559 -1.0922059881609156	-0.0720575213222286 -0.8158831707326660 0.4722976068994576
0.2541527985715344	-2.7586547769952401 5.3929465439440420 -0.1529600057217885	0.4716242915483120 -0.1959618556730871 0.0147660665586477
0.1197758822255645	0.3453943030511436 -0.6585939980884130 -0.2003418816414756	-0.3861146817801531 0.3908314700067214 -0.1711369317499093
0.3584026630287778	1.4164124789752477 0.6200710819176267 -0.2597378831987215	-0.7496959673795844 0.0006182518548916 0.0280161714529712
0.4311552251534276	0.7907481670376515 -0.5893370625478163 -1.6880907123223181	0.3104643868930680 -0.3447966171953854 -0.4568420624192088
0.4757144208946038	-1.3392663340372462 -0.2637708520163603 0.4164171982881250	-0.0415602486868421 -0.1585150796883068 -0.3986107684828786
0.1212826706099319	-2.2667062814706793 -0.4356271206333806 0.4166831142931742	0.2131917661741379 -0.1890579531165030 0.7805826898540189
0.6923692216268388	-0.2809526774770815 -0.3036529875117601 0.5296699464931514	-0.0407797744850030 -0.6727038987979140 0.8583515055783789
0.2979632227402837	-0.2237301267561738 -0.7585394440619543 -3.1617294828912570	-0.3680590286644819 0.4212049905927657 0.5877756892526228
0.6649407762572861	0.2909941105061776 0.0879332493650163 0.6719610999304504	-0.0501798679105162 -0.7842351321527188 1.1967837588182744
0.3364627288827240	-0.4121142253886960 0.0418099615006353 0.1618038911266658	-1.1855351323922436 -0.1745008062178706 0.5718038742266912
0.4297867898991168	1.1522655504513621 1.2187343343067820 -0.8207324259660966	0.7821762058209678 -0.8612710164322060 -0.4353008625095853
0.1007347996233644	-0.4561475306741349 1.1911821238069014 -1.3251059865148223	0.6709413449004702 0.1355465610873043 0.1361365398107300
2.8057904641762570	-0.1482774304872287 -1.0624382985517298 -0.0912134500364700	-0.2494484108151374 1.2358970559424491 -0.1193705826948501
1.6155432670244330	0.3146749036961941 0.4339577885470607 0.3899791059541537	1.2880514159600929 -1.1115884469894861 0.4390543737918831
0.1132657624987538	0.2365202655565184 0.4955774502234411 -0.1075047940530038	-0.5762619286960673 0.2619898811338333 -0.0350233416998256
0.2190443951353610	-1.1596841341986375 1.8462909920528412 1.1876106179774111	0.1742232289293102 0.6503960230542000 -0.3789058027423072
0.2362770273026548	-0.1019986243030807 0.2544550730668944 0.2020098650326245	-0.6777334859930901 -0.8662810852025060 -0.9714195928364893
0.1206575509911445	0.9792168348915913 0.9184748530085931 -0.6224035343500446	-0.9916461721894132 0.4256587328969347 0.5551523394426212
0.1817023643363020	-0.4038122856017579 0.3812714631090463 0.0585498936517615	1.1620833576828205 -0.6024377496605994 0.6057991383442723
0.0984822875598410	0.0844935543734888 0.1516570190830243 0.2799810550148100	0.7893781292176743 0.8780460204642825 -0.6403284520565476
0.1406079808997720	-0.4436687076346157 -0.2267325338653224 -1.3192038966624848	0.0303148182726988 -0.2188743058185365 0.0202549020843737
0.0935893782241880	-0.5401582120806034 0.1522998079551158 -0.6294987739336061	-0.5960274927023401 0.0658748066226893 0.2014236556863461
0.9003251432989356	-0.1162891186114904 1.4823713374819520 0.2575132683735977	0.1837208278495963 0.0835416260037224 0.3070674429717257
0.2838419709574298	-1.2653169456426654 1.9183780781064101 -2.3301828364977788	0.1284524341157756 -0.6770065385338747 0.3109623949452735
1.0003075902227678	0.3056779765604919 -1.1892626366812973 0.5888312283041578	0.7320258802844892 0.7239291775540493 0.1944291355197613
0.4133362975017545	0.5312531603564761 -0.0902127289762600 -0.7033247437238008	0.0187206501620137 1.3260145797606364 0.4118075796765961
0.7570814689668411	-1.8764908712904564 -0.1363856975120028 0.4944773727150125	0.7423518665807379 0.2815192752815781 0.6783767319882864
0.4608213645037235	0.2481759568776581 -1.0600555472652509 -0.2144842902716491	0.1340281051857612 -0.6798146828504162 0.0788120819122225
0.1399806927031222	0.7056627245110707 -0.5006769409720243 -0.2425209493545749	0.0573415888523161 0.2159297162509706 -0.9130949807221297
0.3630801646571681	-1.0667134751117771 -0.3961495263546003 1.3749071317531096	0.4947168446441048 0.1532957490754806 -0.0625678016866374
0.2822900165466721	-0.3519283365527931 2.0192703120551410 1.7874508578573707	1.3143054211970984 0.3405784169913588 0.1204735789843033
0.1416179303967312	0.4288850573516909 0.5112550649241210 0.6901007462343629	0.1332025603869486 1.0409853143579877 0.0239430714938083
0.1005728331838235	-1.5928402768580250 4.3094567445426133 -0.0019749660211345	0.9150408600245082 -0.0966366700253278 0.3302495571922318
0.2483674049628004	-5.1001807339456162 -1.7017119388261288 -5.9402306312328435	0.2136864987043001 -0.0020755207102840 -0.2062063611421974
0.1677721135333908	0.2387613745553199 1.0528631480304054 -1.5548064548798295	-0.0739597804737029 -0.8028587885145329 0.0176323597343960
0.1190793849686314	-0.5013019998013881 0.1156721286498862 0.1186004196697441	0.8571991727815103 -1.2872102196617323 -0.5137152030133126
0.3678350502212790	0.6016709486734338 -0.1264782295918829 -0.1770583231055171	0.1336309903926656 -0.3349652037301665 0.9089525733087355
0.0885969722816164	-0.3094665102366871 0.2272462624656028 -0.9753288418097982	-0.1920088498208773 -0.9114051432912741 0.3653577387062439
0.2662422347685458	-0.8031327758781571 1.0105996758155693 0.9977008443953600	0.5774099596238346 0.3774030430320298 -0.2142282051512330
0.2042885377060224	1.2433170109076608 -0.8351597889029051 0.7100979928523555	0.6014456366511576 -0.6340650036635999 0.3528661240720878
7.8189054651953613	-0.5526669958029971 0.3139728206595014 0.5128767701273225	-0.0645334423811712 0.1386543178687733 -0.0083415781138318
1.0235611456311624	0.7181704561882151 0.2401028014020086 0.2659234124730124	1.0329614790911481 0.2524441262003958 -0.1625552133985763
0.0879061532244270	0.2504561314735666 -0.7516273856033576 -0.5212111893264395	0.8559492448830884 -0.0544591574799055 0.0643045850847910
0.1076155338247988	-0.6198526810489815 -0.4846666206224917 0.0370901397450223	1.3974357566315276 0.2976011627498910 -0.3302717141183870
0.0854554276941723	-0.9454176115690428 -0.5370309635962729 -0.6443524092456162	0.6930828811218560 0.0111398248579752 -0.4776814123313340
2.1240492703094080	0.5677156635613654 -5.0127492217088241 1.9019016680950631	0.0542386238698965 0.2407796339699460 0.0090624043641268
0.1003850442514985	-0.6879052553393065 0.9306479731200935 -0.4839343378907076	0.2488193463536024 0.5480884738897137 0.7000360568229501
0.1320244187285611	-1.5170267555461026 0.1597602302088822 -0.8319598544413832	-0.3976877959597584 -0.1241581432814438 0.7804692786399897
0.3608385884948466	0.3155532182636546 -0.4618322188834052 0.5478833241785395	-0.2828806794204390 -0.5941289436420863 -0.0649224630069590
0.1062985939007811	2.1449995156657473 -0.6697396424037673 2.3325706361632306	0.0505041249348556 -0.0127489910265587 0.9012321024572899
0.3113308271118805	-0.0659336921989134 -1.4967032560887397 0.5402502575250251	0.4682412806762535 -0.8355245408664906 -0.2319344881010870
0.1320070610216032	0.8312367049444492 0.3565930520958510 0.6222670164587553	-0.4400878779102744 -0.2199272666139431 0.8538723721432812
0.1647350367491840	0.7878243052029529 -0.7636707553977268 0.3896960761477049	0.0199782192667744 -0.0333940262522525 -0.5581807048831282
1.1038278548149831	-3.5401970662895077 -6.8153232063787303 -3.4294423726001417	0.3399938790416566 -0.2226202131483948 -0.0834377486732985
0.1675261036155969	-0.0486848111969374 -0.1417790659286692 0.6739581590817856	-0.0636795853046827 1.2135629807724411 0.9905575538744406
0.1053881185058906	-0.4497519223465696 0.1744856380251235 -0.4381939622211395	-0.5074723516958696 1.1385771162865526 0.4121847924032015
0.6491426621980131	0.4804290088073550 -0.6527000581638207 0.6108459427892982	-0.4656273908837173 0.7362025665410314 0.4430384101970254
0.4625593132033831	-2.1601234249821477 -0.1679915937498156 -3.4144862813209529	-0.5418898565586125 0.4605121800432083 0.4525475660765766
0.0848668530482375	-0.5377006577114932 0.9273074764407707 -0.0830577113287005	0.0402665879051613 0.0808753834826639 -0.5503356672591723
0.0842315409985451	0.3021213339214003 0.2026894560179262 -0.3227400553872158	0.6477495600471167 1.1576155509125614 -0.5131396176901365
0.1003295720034683	-0.4392738403065435 -0.7058325195895954 0.4534595199653318	0.1844670087325480 0.0058848255779897 0.1036003655234728
0.0833188139076244	0.3286065203175910 0.1227940488824629 0.6568926763332286	-0.3436004115239048 0.9141293031493521 0.2139259387072747
1.1845471626167112	0.7471593205506890 0.0630727476391288 -0.1889552621723841	0.3382448369187662 0.4924269311003512 0.2430679876255484
0.0802977165673201	0.5634022637548318 -0.1302370257214140 0.8537702593687436	0.1022071067654854 0.4087477733244017 0.8082007773897741
0.4764548254260805	0.5242583119186887 0.4974452469750268 0.5838163696637012	-0.8954087743610490 -1.3982187904317773 0.0614707176480625
0.0804068897641286	0.8352901021438693 1.3789008797951476 -0.0702019890012923	0.7690242544027162 0.1895662453957779 0.0120867717325819
0.1832086570858641	0.4241446720275286 -0.3542314637171986 -0.0248596844430005	-0.1782898962732199 -0.8360371616044413 -0.3844780719820701
0.2718376413844015	-0.0783217926730763 0.5527125188820323 -0.7843209409892986	0.4898847434828085 0.1563701950180944 -0.0091123432622257
0.1011319999379133	1.8185626006604805 0.0864157374014091 -5.6484125759843975	0.3735610813317213 -0.3012986412741470 0.3413043870155438
0.3611945855573105	-0.2834002362469499 0.6375727915143324 -1.2916928700385415	0.4682076165760693 0.8944423287089955 0.1345102430336471
0.2499706851370996	-0.6109961626411795 0.6185563835777671 0.4860846018030557	0.5021482227644111 -0.1325340216108982 -0.0627293085830686
0.0867914842243797	-1.0445607812451123 1.0406536851729464 1.2101798180729655	-0.1662383304769567 0.7181378685715344 0.3147907868401123
0.1127978013069273	0.7858352572899557 -0.4599240564693762 -0.7453484788312374	0.2002751542348136 -0.1834316016770421 0.2477519164416931
0.3090865464040298	1.0772751509906007 -0.8652850519180186 1.4248529589988599	0.1051041344573556 -0.4341791467588461 0.7646909248910021
0.2886777798744692	0.3841872799654878 1.7052180934253127 1.4823406696780350	-0.3426212685328442 0.3327903537954044 0.8225032842823521
0.3100116336348406	-2.5809275871865571 2.1807366973411551 0.4837583426540650	0.6480861335860137 -0.4015518793083984 0.1678864723745433
0.3860325902177091	-0.5586077892731662 0.6982352795510447 0.6405062002798830	0.2427283239351955 0.6641353296262814 -0.3740883849682355
0.3858440281694912	0.2040712705460666 -0.0621486222404645 0.7153448840361302	-0.2237068321356289 -0.0314775437529846 -0.2932550140324662
0.0872542054769300	-0.1690703669184590 -0.1710294717405171 -0.0890986999471719	-1.0236381186505981 0.2473300162889974 0.7797831940341895
0.1526845417076719	-0.5039438932328175 -0.6936831377302523 0.3985039055525987	-0.2775335861312760 0.7068083786099917 0.1700076444284616
0.2027687560848217	-0.0560518495711268 0.4900436344477368 -1.1004023234779698	0.5789206989805943 0.7702605804724505 -0.0635006900583076
0.1971987300713718	0.8119983033611570 0.2828185016022403 -0.1961511056680894	-1.4951292053694845 0.1108417456992615 0.5686608650263626
0.4703954430594187	0.4404461072965982 -1.1274027086130225 -0.9513303012330607	-0.1556669402774906 -0.1190785213885603 0.1884976034614703
0.3538409042994013	-1.3797735323783595 -0.7739477775854656 0.5049286746524391	-0.2423962303736854 -0.5045525867579332 -0.4212960836151694
0.5552255458213776	1.2985749197849752 -0.2126027035538375 -0.2346773647004819	0.9588520473216918 -0.2461943988047725 0.2062513474840215
0.3018792387549173	0.3407569412871519 0.0502369314778438 0.0815212479586288	-1.0049753520190927 -0.4992952473570131 -0.3945032269433773
1.9085984856832134	2.5849421474149801 -4.5717298749340491 -4.5332073546134435	-0.2410284258202739 -0.2826067559220066 0.2849113362538443
0.3427347097206418	0.4534990385150681 0.1159800716143150 -0.3251941379793705	1.1124169647985542 -0.6784934226403145 1.4083096784495939
0.4407885701178094	-0.1445091123026038 0.0059919982458373 0.6815757654656119	0.2032477226865643 -1.0413126010407798 0.0635671042964840
0.0831952492096494	-2.4055006084821380 -1.0344946918111495 0.4686906787919533	0.2823991969737330 0.2904418200877584 0.5202277105520839
0.0995850641732527	0.1758450408063256 0.1765486936809366 0.2060471267168081	0.0588664657199846 0.5316092194099730 -0.4543250611048985
0.1169226484510356	-0.3920770443637207 -0.1123323740262832 0.0178330746586932	0.1776644670006902 0.6105900554748935 0.7570261036821794
0.5358875222160588	-1.5813297749641784 0.1401536430557860 -0.1296182877793825	-0.7806564350890255 0.0750147439895475 0.1399279712311019
0.1753405148156274	-0.1704941553155536 0.3351286881479685 -0.5691849033893611	0.0998973039289899 -1.0184422180500921 0.1861944989991289
0.1156044161776201	0.3798591526088972 0.7587190090823605 0.9490834203139584	0.3931873460612754 0.9495968235169234 -0.0898268781747284
0.2602371730766834	-4.4625216370874243 7.7431836865727472 -0.3434212608933956	-0.3672534294538339 -0.2331501104318807 0.2351519070811026
0.1129174389535642	-2.1242714457929046 1.4149261936868922 -2.3821788752316930	0.7233343499698938 0.2420139298571210 -0.1998953142846792
0.1133152314837317	-3.5268298022849454 2.1463298282052552 0.5008707564611976	0.0522145304389469 -0.0930310978077566 -0.5651622663322936
0.1272709129421873	0.2878641314124396 0.8729296334088444 -0.0688161242782954	1.4739301464790255 0.0967211619467036 -0.5102063010162144
0.3512087636500064	0.0479282979522358 -1.1587945245882749 -0.0079949658921467	0.4139332995366019 -0.6914740983362372 1.2956250924533905
3.1550176051368100	0.0926881703725422 -0.0569845638233359 0.0652527398873873	0.0560026481651275 0.7531890623747366 -0.7962280354427831
0.0938747887032998	1.5313897271483639 0.2101703449414488 0.7746175767322742	0.2234655730588889 -0.3537974070961204 0.4300501904948464
0.4116283685142509	2.5326395366893135 -0.0831628047778950 2.1515256044471855	0.1575810434529027 -0.2872211845560985 0.4071070306527640
0.4458261585347472	0.0004493891609801 0.9411363920777570 0.3552168940334413	0.7148926496370784 -0.1560258401550892 -1.0150615036735133
0.3204952095893491	-0.0165147607404502 -0.7088096115045263 -0.5100361461969998	0.2000232626982857 -0.7492778054415932 0.5607324008727430
0.2954251729782490	-0.7689234241511812 0.4799343602241621 0.5547887758153609	0.9458915855996577 -0.0417625405042353 0.9210474090480830
0.1538253781731751	-0.2395857198010103 0.1459177078328026 0.1867880369052372	-0.1031080525386003 -1.0283194018929322 1.1686867349576602
0.1184144613529222	-0.6263508712288364 0.9292740353765330 -0.5357578939814578	0.2697824929434097 -0.1249040581469621 0.2628431891938830
0.1130750572627349	0.1550968646392447 0.9558188804492165 2.2207910222016101	0.4613937575472553 -0.2096385116654912 -0.6408588809477681
0.1323049973159565	-1.0887702979994949 0.2282696855126967 -0.4450653820459984	0.1438581744782242 -0.3793110279009899 -0.2725052718544720
0.6715239164065404	-0.0048636347784753 0.6680377449788674 -0.1895099173813379	0.3794194401475944 -0.3890100119194609 0.1320689480218558
0.1718031218790202	-0.5507277113009785 -1.4133124478109380 -0.3274873936689034	0.4580358502833582 0.0632353469512754 -0.4664537636430744
0.2154835487448290	0.5544810957521329 -1.2852873899005810 -2.1139553202921495	-0.0669682411976225 -0.3011741341732416 0.4729133331731202
0.2568754894812372	-0.2189959929291176 1.1251994723305156 1.1627579289876619	0.3324399107790286 0.2157648344510787 -0.2773537248580601
0.1270848382299261	1.2427927558736112 -1.4160573068187758 -0.9348733432745239	-0.1273279953029287 -0.3530933799297450 0.2149844899283983
6.6784931069541908	-0.6443315325060470 -1.3104022621597713 4.1141473548471748	0.3360816874890891 0.1462345088166361 0.0625404840410307
0.1805064258552561	-1.4167898918452437 -0.2735497717516595 -0.2833475244849356	0.4426756252170641 -0.1490247206962055 -0.2687083636651169
0.0898067691284214	1.2538794699637879 0.5546168644243573 0.0456217300820163	0.5412979030408331 -0.6624637946878370 0.5091182521261378
0.5770545871359645	0.2293417681231997 0.4767364385574353 0.2706432087753853	-0.6136641603293373 -0.6451436776037408 0.0284579798361420
0.2259320858362011	-0.4996691072408062 -0.9903017972030629 0.8003512794443683	1.3315688817509232 -0.3478300518313079 -0.2276523484551215
2.0504705269116896	0.3475276280337953 0.3783213323357303 -0.0990660079796982	-0.5361986562502943 -1.2200158045832719 0.1105241168825793
0.1845502839232151	0.4602809512556718 2.0856142143172405 2.6288204127620043	-0.1560074031402691 -0.4943215340890672 -0.3758063535526732
0.1122477021331151	-0.8134403589632603 0.0493219032725936 0.2557594653608434	0.0748943569250195 -0.3797472104453937 0.7692973028676636
0.0830907816964404	-1.9511197410146945 -1.6206131968757684 2.5740785139578732	0.3010346382892703 0.3462115275911594 0.5773124741498593
0.1388272996900239	-0.0137434323813078 0.0594328284607000 0.1289140774828303	-0.4234520140747445 0.5122134598783172 -0.2365905405942781
0.4169936825480837	0.6678058607707720 0.9709791371685997 -0.6994797557725319	0.5515751275238219 -0.1153275146251004 -0.6598449174058202
0.7074501485238132	-0.0874730296081403 0.6481133210811579 -0.5149406398333116	-0.1605812987823787 -0.1120084853619246 -0.7327117580049689
0.3178348390530221	0.2651729328874348 0.0531066133765446 0.6828622751561424	0.2851966355516016 0.6194553426852641 0.4126393194686086
0.0936254077504306	0.3262230091524320 -1.5982449480012748 0.9882684201781504	0.0123697911202587 0.5197950583883919 -0.5130017088551826
0.1767799878803943	0.6290208774281431 0.5688420411489651 -0.6293875607209296	-0.4631522563037846 0.5147020276139889 0.7253895689840681
0.2726314076102886	1.2083695162768340 1.3204782416884000 0.6764090420132711	-0.7195748302255930 -0.0271910471649026 0.5241286823785658
0.1320718184001543	0.7969955493925196 0.4476821178811855 0.1535254403940493	0.1641104060310470 -0.1363839653778930 -0.5893833776914845
0.1648095429337876	0.1104823675780430 -1.0297477072526693 0.1902943885890815	0.4430046796352098 1.0424773015945532 0.1518280042382626
0.6436807938203241	-0.7664850091650318 -0.4050712300509298 -0.0546729050388315	0.5748957259663608 0.2868774291469317 0.3839217331312241
0.1701599244159503	0.6084004316995039 0.1581980034823740 0.5118853172019356	0.1936563958722042 -1.0668671663341467 0.1278701281318969
0.0817162100172450	1.0808667110841921 -0.1243285594623423 -0.2260230620530182	1.0185445204708312 0.0218911405049792 1.2035136576684662
0.7108879879447468	-1.4123301262839982 -0.4394890134861446 -1.5799772723135850	-0.1119141641756726 -0.2451174917500903 0.1684249684705295
0.1071237255658074	-2.2898564740636314 -0.1184723057476370 0.6372554474791422	-0.3512086855775811 0.2068963842496746 -0.5896806769605838
0.1775254235708375	0.7505597050327834 -0.2416678042262903 -0.0466530252865190	0.5104211088199146 0.0728646380018215 -0.4406423915930781
0.3437086585310156	0.3515760545196717 0.8663359143127286 0.0287334953542387	1.1497298009961123 0.0521839639821629 -0.8658932032209212
0.4446337242083537	-0.4791767995435418 -0.5169085796207452 -0.6378848018574087	-0.3513437751345186 0.5700511835020589 0.7599362636076618
0.0990682419183569	-0.0405144220626825 0.3634720126263047 0.4897354897499190	0.4332882876037408 0.3482360624831186 -0.4232495122214733
0.2837942878334074	-1.8787521263348723 -0.2514418250725389 0.5816670905030141	-0.1292168119316816 0.0777042640235707 0.2231675657176586
0.2464005015712078	-2.4064786902443016 -0.5785559783700177 0.4600542791871059	-0.4083499806761050 -0.2902842860569831 -0.4806877564121542
0.0964732380167687	-1.5130715354432476 -0.5873702138562626 -0.5662790035114281	-0.3484670649211809 -0.4108951239015297 -0.0993979424754300
0.2599797091197850	1.6462262240500374 2.2865620345513604 2.5110515471040342	0.9807878079245246 -0.2462828524095381 -0.0408952459466424
0.1017639776560421	4.3953803354388841 1.1891289572120571 -1.6458677188653767	-0.0784094085009264 0.3377828655759285 -0.0959911411027698
0.4150332890906089	-1.4610483091403257 0.6795015414357141 0.4062949093505454	-0.1521960150870711 0.4818000729456334 0.5616405844195046
0.2968498009684084	-0.0433823197529443 0.6633356537282181 0.4817776344370451	0.7093615359830487 0.6413065533616968 0.5556340759697762
0.8736290237782294	0.7160305642438958 -1.1447736959143595 -0.4590322905564214	0.5305945561244627 -0.1019698059030596 0.4653410774168515
0.1728577604594853	-0.7008186748320167 0.3239038609193227 0.3843858318463418	1.2030088042030249 0.0215798707208036 0.4474135706361896
0.1440946494783027	0.0780756196018558 -0.3138603495679214 -0.0279869541828434	-0.2590020315394934 -0.8928917857407964 -0.5366046360867213
0.3479082077360738	-0.4705617028019066 -0.0567273287005289 0.1363801200361115	-0.1361637169182392 -1.0571848185042627 -0.0440928976249189
3.6268116186865549	1.4293495130404843 -1.2751407897097837 -0.6613183004803602	0.2285802071137762 0.6840910363389980 -0.1776686121288401
0.1228108553033416	-0.7631984283735394 0.3124170888327535 0.0803121242060216	-0.4556265715565614 0.0552624378400351 0.1259811003026612
0.4987132452103832	-1.0642955842100199 -2.7914714164392653 -2.2029358962576566	0.2536218574948302 -0.2082280017681405 -0.0641514669994071
0.1200176061546613	-2.6312113342491759 3.3733790399228467 0.2584857927853290	0.4286540467037647 0.0997728613976490 0.1993935726817649
0.2450505488778489	1.8445780586781939 0.3389118206192774 0.8939532810316321	0.0436921216739506 -0.2097557166182084 -0.1396998461370851
1.1396426070731973	-0.0215895510689029 -0.6581531196618643 -1.4032522048935432	-0.5476808476557941 -0.3692531506815930 -0.1056546992720153
0.6885791470136174	0.3932510804519916 2.4743526145126244 -0.1162400536783048	-0.1236125427066820 -0.7170352273639466 0.0043662040613108
0.0811599820351384	0.7139123147565252 0.4274087227266165 -0.4663964497726426	0.3754225606243340 0.4627517705830371 0.5514078128924963
0.3036795515247272	0.0354503906024953 -0.1456628579748235 0.0100871521099944	1.7863536365673649 0.4777105980626161 0.4293937340925759
0.1599728625834276	-0.1916443519669147 0.1055155605477026 -0.9516042655765024	0.7381755758313645 0.6868778794609728 0.6850213918645891
0.6498367515619113	0.4662592322863723 -1.3671674163889267 1.4666178667301037	0.0247216141064456 -0.5057495638553727 -0.4703267212013899
0.2217394745143146	-1.1887660787356862 -0.8674846791769107 0.4578072084917792	-0.7661324700904018 0.4188880949607824 -0.0673327149329193
0.4453862109813091	0.4144131600951863 0.5170853260509415 0.4096628571973272	0.7602645351134156 0.0684609015525101 -0.3342618820665954
0.1881995344244256	0.2296048273840020 -0.0006736555416115 -0.3999428399344583	-0.4969342314667540 0.3856420649861353 0.0606205846618369
0.3271373241100242	0.0539562276952102 -0.4866744178113130 -0.0184745176373441	-0.2299082364327447 0.4841476820708344 0.1105186423535258
0.3890586482938566	-0.4864403826237082 -0.2860326381181522 -0.5477309514176086	0.6473154682752347 0.2203892232263112 -0.1456637699287673
0.5213713322895072	-0.7235594423440912 -0.5640762860821109 1.9300381271475255	-0.1598343031096377 -0.6620778597972267 0.6953589438715815
0.0966079397347528	-0.0916204312810649 0.1425703644529308 0.9822975979194057	0.3739614135458947 -0.3375407884267519 1.5059400242020191
0.4733131245570933	-1.1108479489971890 -0.0435786245592655 -0.2880130355644859	0.1253244362484452 0.3169469383202975 1.0903916820947452
0.1429538707162904	0.3566752540783211 3.3345194947887586 1.2281283479074723	0.1636953762151445 -0.1154317392399491 -0.0237292269023955
0.1538027815770872	0.9040400449532238 -0.8804755658288319 0.8093815492841048	0.0002368451594441 0.0805319378667045 0.3465405152029505
0.0889427891748808	-3.2047207020413713 1.4288732739871781 -8.8119239353250514	0.2377846569250969 -0.1834481450759056 0.0451046094883939
0.5845050859273526	-0.2324929211160915 1.5953572009758035 0.2786551831096764	0.2948064255137339 0.6910705412875897 0.0802583469759075
0.5176843583873334	0.4855676336397687 -1.5109923090519377 -0.1312165572908779	-0.4294114906591165 0.4139504325175576 1.3944600208976980
0.0903403410207764	-0.3751986984219623 1.5324727200592965 -0.1865529187871716	0.2850061041181568 -0.3993859566238709 0.1022073244762624
0.0828574862600133	0.6371643616833694 -0.8638889563257115 -1.5578418735095954	-0.3479555226821012 0.1479915050701137 -0.4252846681325521
0.0855864694492483	-0.4236570662892188 -0.0568679633183349 0.2105039349096101	0.1056307714384840 0.6759097965639467 0.3439456708553346
0.1427424518549722	0.7875636088096969 0.9111433968125253 1.1343281347601897	0.5482338729457319 0.6098582087195369 1.0482495141916190
0.6544049662821296	0.8894765322688220 0.3097140588603612 -5.0084130309048129	0.3825326490608734 -0.0962645689382822 0.0891532816493660
0.2426276888480448	3.9352505515357321 -4.0865580247476512 -0.8348727878520953	-0.2380717333005083 -0.0311573938258192 -0.1395149700060389
1.9430063759379701	0.0596763070101706 0.3489848120105349 -0.1672839936415274	-0.2036188124281995 -1.2108091002671593 -0.1567314194840898
0.3240881364061494	0.2568733798878267 -0.5064328896712691 -0.6578221902666349	0.0486763956124419 -0.3623520112187316 0.2466345125301508
0.3042271005123815	0.9820741736797698 0.7695965244718349 0.9892365529979719	-0.0621098182563520 -0.4588290297120997 0.7299264694266918
0.2526684740136664	-3.9308931936724645 4.5415306172165799 3.2834748669660221	-0.1918916606041995 0.3229793485894114 0.3918526782079294
0.4318063172685365	0.5392647847264282 1.2142146511837431 0.2417347971013189	-0.5537438622820540 -0.1701305559239615 -0.8885676808999964
0.2123101120525969	-0.5531828669163850 0.3096886101517063 1.6062603017495556	0.6351444665495033 0.4241558938112294 0.1467573546229138
0.2163630918317688	-0.5771048474309403 1.6728165873695331 -1.5238631691046738	0.4348839036503210 0.1044880034064271 0.0368868121179963
0.2646533747229397	0.2723686415460601 -0.4554548800269679 0.2445161166263034	-0.0926989396122127 0.5269146756530997 -0.5406371894321323
0.2102267554835306	5.8400268905397255 10.1341277894196171 -2.9682007625263989	-0.1572785311716756 -0.3958117831789013 -0.0109397969120330
0.3203448942093327	1.2342618190703143 1.5930775594017179 -0.2553674348311961	0.5553352043957139 -0.2095252378004130 0.7729633592502845
0.3645517205596787	1.4937153805270382 0.6322504131365762 0.1959790780062675	-0.4546821313048623 0.1338030669059619 -1.3398332943757161
0.1349549246553381	-1.4013806445161745 -0.1426799117364127 -1.1759139446292168	0.2668796384383685 -0.0859435210206851 -0.3176978343285607
0.0973815747171387	-0.0166731084935114 0.2780157950016509 0.1944197106568146	-0.2490763463752508 0.2990472514183387 -0.4361181816086143
0.1004648863201329	0.5153459408356859 0.8507234641035575 -1.2216343436462442	0.1312180601889507 -0.3558234527233668 0.6652686981927158
0.1667362642074423	-1.4325739058496003 -1.4667144446616516 0.2451920509188124	0.3182933375812498 0.2423768313458022 0.2247266847287397
0.3778071117974619	-1.1140641774062261 1.5208847767430929 0.1657285476733205	-0.2346965098592468 0.9215975012914214 -0.2187771977563288
0.5507177726920112	-1.7824604727618101 1.9968795374802328 0.4926857666238258	-0.1332221942009453 -0.1878261976091049 0.8270228020288616
2.9749567179350205	0.5175805800694864 -1.0909391078119575 1.8094287449767796	-0.2048769038861166 0.6620690075240430 0.2646226723010335
0.1670965741886102	-0.4001859253695869 -1.0682504866503155 -0.1565576201973338	0.0205636137798007 -0.2481012452051230 0.1572792739095884
0.1082547131970739	0.7894489113733191 -0.5742535635931380 1.1880597327683484	0.7137357490956728 -0.4279439537845066 0.6392238149145438
0.3059096924796397	0.2459229586179769 -0.7683527889893387 0.2991580496355117	-0.5591298754979697 0.2279454069724834 0.8107352818659347
0.4272674705160203	0.9967476934306394 -1.7151278374997332 -0.5649392236894755	0.6682340419926088 0.3767730316582295 0.2898398294750451
0.2588736834253365	-0.8554625200952891 1.1781901694364469 1.1207394932888515	0.2734196542923757 0.9233492359591275 0.8743873389150563
0.1020468955066273	0.8889864835937824 -0.0219140246657691 -0.2278821220250639	-0.5479953643670968 0.1762831351364490 0.0227268686014204
0.1249773936786328	0.4863772738031121 -0.5266988898380663 1.1736536896157919	-0.3886607986934419 -0.9516576639825040 -0.1636485744495638
0.5322588894881832	-0.0470900940100748 -0.4569201516095778 0.1898034444537577	0.0088694188805011 -0.4692311719620240 1.0391891000949909
0.8434750040446771	-0.0717453423778539 -1.8953238862248203 1.0614862562027430	0.2021413715210084 -0.1662652125123599 0.2484565861192616
0.2677425515917473	-0.3365541582334847 -2.0076486226112857 -1.0378461152904623	-0.5920636852765238 0.0940424625108127 0.1063168328482419
0.1356805461654778	0.1124477667084501 -0.6303669047961963 0.6474489350280657	0.2697226898362746 0.2071237459480308 -0.2971140537938741
0.2535685036503996	-0.1493538550968423 0.1850882466067765 -0.5092923094803434	0.3624401114316220 -0.3774204752945082 0.4304013635473871
0.1143314157034067	0.5549542960693041 -0.9092742689088957 0.1990087942048117	-0.3259671083932996 -0.4680357719006088 0.0967481820971019
0.5040225387028976	1.0896526675867126 0.5536122846072926 -2.1463539738179960	-0.1075742146264860 0.6438667449448443 0.1177111573232489
0.1681467035853644	0.1400019592163798 1.6561621966768887 0.4589755780075104	0.9449640694196643 -0.4779905077365858 0.3566714881789481
0.4483117209829566	-0.0772232108034001 -0.9693679261139596 -0.1675948537811325	1.1943943292862267 -0.0536832856141071 0.8578549529673606
2.3443980431880211	-0.4963575146433356 -0.4818565081435790 -0.0101999695869134	1.0240783291403679 0.5157983272900345 -0.6966079007114979
0.1087428247447653	-0.5922548462469450 1.0205176207645859 0.5136938923531222	0.0527660978306509 -0.4343240355929245 0.8001811989861193
3.4838633356159452	0.1621809426421298 -0.4308285949194893 0.0430638624372999	0.6532691059144059 0.4780841007629698 -0.5506051331537581
0.1467837132750269	0.8469171716342174 0.0831204808392894 1.0164078761003734	0.4092009461414716 -0.8366982262808063 0.1356444428939639
0.5195976352464197	-0.3544343768953871 -0.3137948019820388 -0.6891498023023208	-0.8505603819347334 1.2093024694454679 -0.1104708151955458
0.2840334017420793	-1.5403285727622575 0.8428868271592540 -0.0826683196617427	-0.3693532746356424 0.5838625501531881 0.0085416934983957
0.3951305587125203	-2.1144285958759914 -1.6444626741982080 0.2084153010475567	0.1908864114890856 0.3652720827194017 -0.3388303882786507
0.4000148798486676	-0.7392983367727277 -0.4957640675805107 -0.0161481864492440	-1.0897055078483793 0.1303164920011430 -0.0122929846001858
0.1697862577867209	-0.8281302368727761 -0.3177784451655190 -0.9501932201854232	0.1644824887627483 0.0079333030728213 0.4289786501320067
0.8670380294983174	-0.3545662671680305 0.2990856499222594 -0.0017454475760506	-0.4200924974790353 1.1350200237073407 -0.4217622301082522
1.1850777940817923	-1.7357011465166894 -0.2164726558758938 1.6158734921000604	0.4178151117024136 -0.5266499278750304 0.9729769535098316
0.0960012831195831	-1.3237980894980785 1.5408758831601195 0.2677526155024082	0.3196371756532924 -0.1510788633351464 -0.5883066784560939
0.1750014836009484	-0.1972129795907448 -1.3516551584522898 0.1311590065044824	-0.2093274349076845 -0.8937206068912723 -0.2067494009604998
1.1362164950836986	0.0564741980859359 0.0908346029647340 0.9258104095797868	-0.7484653849087536 0.1506296248728655 -0.9768424282176652
0.2184806878333189	0.1726235142946513 -0.3020320978521026 -0.1059230631640903	0.3877693689939367 -0.7138798029857018 0.7794092682885889
1.0489295838238952	0.8501720341091670 1.7764730184624289 0.4002865973251896	0.4256831112490345 0.4065408452516202 0.3780424837430806
0.2395036847475211	7.7019425131949442 3.7765956677117876 -6.7880710306365915	0.0953580170770617 0.3184830964133442 0.1324564229099877
0.1009426645702570	-1.3454666410458700 0.7844183954084848 0.2398338884615601	0.1058286054786065 0.1146265138475397 0.0443109508336641
0.0849666298693186	-1.0937174403611125 4.8028411293055253 -4.0124513090676741	0.2637586790058664 -0.0567514127163915 -0.0308859297751937
0.2327578867800281	2.2701277308286225 -0.8355131231340679 -1.6574658370386219	0.4568049953124729 0.0480891576597603 -0.3680409870922694
0.0828387675775502	0.6072042176802340 1.8554660961467098 3.2835737116154333	-0.3128684299506104 -0.0157028095489461 -0.2731703200050694
0.1022690758704917	0.4116003698502557 0.0279658465083245 0.5478224283014391	-0.2976952988643327 -0.7872528294482617 1.6438906910695912
0.3909636714876291	0.6601166788036692 1.8954675326432102 -1.5949517580671269	0.4865326679206670 -0.2442938578349183 -0.3335706971503291
0.1023692762430846	-1.2031592696701745 0.4039432503643499 0.8279653131744910	0.3316069489497384 0.8832175812414246 0.7375178487066912
0.3043099386940634	-1.2847647580929953 0.4977561976035356 -0.7060558602171555	-0.2965841259576800 0.3510810606640690 0.7675999087514009
1.0012242153124151	-0.2053487489336488 0.7314324070574606 -1.6094946519832518	1.0290973563156518 0.1572627482765285 0.2287101520308782
0.1643416353251486	-1.2048199162287403 -0.0081246081039701 0.2849809294007153	-0.7447806030412489 0.4554918321466457 -0.4125775841754797
0.2028474116106631	-0.1305047786419151 0.0440472322673583 0.5706782170059113	-0.3972846437273147 -0.4562302618991578 0.3798726727377445
0.1218019176988181	0.8843713132306527 1.3644427315517578 -1.2222102048972849	0.3376016781882014 -0.5795125901279446 0.1285953189130278
0.3078497362518674	0.1356898391300719 -0.1905371596764691 0.1732451133693794	0.6290984648967377 -0.4913172270793261 -0.9922177821244107
0.1051316656248655	0.0602073962266200 -0.2014588408182115 0.6406129061210122	0.4297621119618557 0.2024111016582755 0.4260322078598679
0.3534501951128718	-0.5934785077901424 -2.0530135672146730 -1.6655044620249708	0.1293448317610313 -0.1037328987071146 -0.5703775850779036
0.1184045126820916	-1.4395602668554710 -0.3511508863126825 -4.2268492106473134	0.2087777344343652 0.1248212871849071 0.1140096686107708
0.1051601971860137	-0.5321611719330244 0.4422262497948031 0.4374720743352410	0.5231568592374004 0.2747039733419768 0.6353901462721473
0.7616749498866826	-1.2834842084228271 0.5912112038779411 -0.9245260440676580	0.5935178462088910 -0.1048334083913663 0.5456459336360097
0.2277180215364407	-0.3413470734100367 -0.5912541827679436 -0.6599036354405967	0.3107255976691868 -0.5844224689473234 0.8611726029931296
1.7429827592141978	-0.5110255888979450 -0.5134078794761636 0.0460809690693227	-0.4633530743585475 0.6757686056911271 1.2582848074528956
0.3261205185413834	1.3345884276942697 -0.5676718382508218 1.0386288522624707	0.4971881193405863 -0.2894856473059368 0.0887385827187712
0.2124488467731746	-0.6584730443676066 0.5086795973657727 -0.0704225542109910	0.6649232069939922 -0.3445916928228370 1.0219896015898013
0.2055974828856026	1.9806278310610037 1.8572243493620473 -0.0840238700696030	-0.4617151326962038 0.0787853544847906 0.0235587254403521
1.1353843811528723	-0.8872245474593284 -0.8695780895527637 -0.4526781839665442	0.8930622285904937 0.4464453882945155 0.0700251356491333
0.1044997064298180	0.8101224999331832 0.8498289053925919 -0.5436972008249946	0.5102537149081084 0.0992070962916152 -0.0427948836460018
1.1270240439380934	-0.3163061826196567 -0.8611542516077453 0.3859681654515341	0.5899568758936025 -0.2436508839259640 -0.0519828706658931
0.1613988648444793	0.5623562572295114 -0.4801583222822082 1.3610722044314352	0.1519750932631412 0.4194310831907554 0.4794318541851055
0.1410451563844733	0.0724532910607086 0.1357064092274784 -0.2355271562194815	0.6360694254145424 -0.0342414639739756 -0.2248179454390461
1.1689105412809420	2.5889438405047156 -0.1498375667240183 -1.0703924298952743	0.2781181150602793 0.1478630587629726 0.1932568303646535
0.7112833589294104	0.3676255502758142 -0.1299729616977313 0.4073888681018639	-0.5883580238326919 -1.0846580960990184 0.0684064115459965
0.0893684078648417	-0.2324820824224045 -0.4467773743452290 0.6209881463821976	-1.2727370655828119 -0.9784774572876891 0.2336964980536167
0.1418115999974576	0.5106617215214811 -2.9818575067177164 -0.6331304362412904	-0.1567425872586662 0.0499009844178584 0.2422940359470103
0.9873409815382109	-0.6519700338485970 -0.2316322801762687 -0.6154553888596284	-1.0508295071762077 -0.1609842794466242 0.0571591418157688
0.0922137430646107	0.7543247202905262 2.0546612000868789 -0.7545328272632970	0.5971071465425609 -0.7414778525785282 -0.2416929445156251
0.5574681273536797	-0.1564984981951962 -0.3762989646318237 1.1155979923714539	1.0602476686471165 0.5790538030922657 -0.1831746172286373
0.1268842344570639	2.0683119156631329 1.0259246488735079 0.5153339495412540	-0.1454930079653894 -0.0623972462969617 0.7292304464623666
0.1135651243398088	0.0405695808545183 0.7905522146897210 0.2701907354199676	-0.2796893997116484 0.2119683652823869 0.4665386638343197
0.2036758693409737	0.0816614513938313 0.8558768592215211 -0.5530632557847066	0.2798240581845123 0.2610334978597758 0.1379221725904984
0.8881922593138976	0.2537294070633853 -0.8544980762594725 -0.3076779358549767	-0.0082082811234111 0.4706341513000489 -0.0737538876916441
0.0836893077376006	0.0912216769747101 0.4840546080863125 1.2031229343543901	-0.5072374574649436 0.4046228708634451 -0.0150070395848419
1.1972201062276921	-0.0693730338220582 0.6230415136559533 -0.7904797393158602	-0.1543629661472614 0.6116239356691996 0.2781490139438377
0.3988843264083592	-1.1219822784454467 0.8707047551755350 0.9356661278240210	0.2797741750640491 -0.7027808735193868 -0.4079344820039923
0.0924630405652325	0.7815268082254451 -0.6080683027176649 -1.5748421568462836	-0.0301603616745537 1.0028972077626539 0.4894116655894335
0.1724652088951540	-0.8326962606281266 0.0111439989504165 0.4957115129414043	-0.5949710922549883 -0.0350107867470317 -0.9241281540115341
2.5772289663009582	-3.8647035914669918 -3.2446756311742808 0.5807230252385894	0.0155591636923259 -0.0036788212384666 0.2324372686006819
0.1019729857027866	-0.3319367392712146 0.6790197289565215 0.1920206733692749	-1.1724285783878445 0.1106900350393187 0.9742975377985574
0.9332289153542142	1.2499537369651439 -0.0478627273843006 0.1513289578244774	0.4620382806561136 0.1035987688989103 -0.7960943981491019
1.6915987036850517	-0.2524909640891044 -0.1290184771160728 -0.7248560157800669	-0.4938777362073881 -1.0463093734737297 -0.2457178323134706
0.6256965921338515	1.6572047522456144 0.0835334649988302 0.9400949677474314	-0.1691229982327463 0.3139533152512402 0.5285320787979843
0.1967793121088608	0.9759628431449595 -1.0099003050652706 -0.4578141440327300	0.7416792330474736 -0.0175013878859131 0.1064357766666676
0.5258448044454183	1.4118231881848682 0.3089033692708921 -0.0991451540454702	-1.3267224530292674 -0.0769411369343194 0.6201395987428481
0.1739852090364578	-1.6551342613114199 0.6625082608821895 2.9405416331384484	0.1796146877512783 0.3768240096097591 0.0858841763592360
0.1055202206929047	-0.3156113546328384 -0.3121523281758555 0.9367426214649089	-1.0058829062827201 -0.0278222496950898 -0.0229125497011505
0.4580045251867908	0.0810308205780756 0.6401801816107427 0.5370423487295634	0.2724104967140963 -0.1513943191825688 0.6691318146187915
0.2699315441717682	-1.6220411172413916 -0.5697574231265272 -2.0526066197721500	-0.1722176273910367 -0.4010591921445678 0.1207195110375563
0.1439615497582836	0.3414419711645165 -0.1125055499283916 0.3286314853944575	1.0692592013550437 1.1375000004765707 1.0563855297860487
0.3387531410575745	-0.1497531376662507 0.2874853257343652 0.6759609571564836	-0.5139086795295751 0.5527081387558699 1.1698366707929000
0.1988510585893839	2.1493349289637771 0.9516143879214081 1.9146561003220139	0.0374725785756304 -0.4072569249714995 0.7112963438140057
0.0944503129698400	0.8689058418769998 1.3290169913991621 -1.5724816613562380	0.3177566168004902 0.6735444665120462 0.1557853174449186
0.1002649185173644	-0.1569503932833745 -0.6389490264879555 0.1685267911374487	0.1768014745975584 -1.5444360094932441 0.4758088923025937
0.1058906547340415	-0.0548165944339966 1.0256156073290961 -0.7172561417547820	-0.1241183215815428 -0.3169347955133599 0.1429998051110825
0.4760781718850078	1.0441156009812282 -0.7593165195198803 2.7327062363319281	-0.5055322770370344 0.1071079857503270 -0.0640369170469075
1.3446295155129540	-0.7923427145937794 -0.8608092996691399 -0.7755889144025448	0.1737063834335474 0.4368362575845869 -0.6241203241370490
15.8090667973673558	0.2152853523251610 -0.4803311855806634 -0.3144069041536391	-0.6454096462846646 0.1180255891346171 0.1934608392043529
0.3331374191050200	-0.6276707770868338 -1.5532683326835153 -0.1516029896222930	-0.5242030843301554 -0.0821263306721492 0.4802309268179078
0.5075823952976239	-0.2921455979955523 1.5034610675599696 2.5565795606974429	-0.5949477951737918 0.3440869754943722 0.0814917687248754
0.1020174794923340	1.4233278029061627 -0.0703954858719718 -0.4450630004634890	0.2862252407661423 -1.0295235416801571 0.4152325613679991
0.2225605177251876	-1.1285780156375462 -0.1193376768190417 -1.3848006439712988	-0.4642397289413150 -0.1995531566659054 0.2291598670794587
0.3686578322190758	-0.6120039747118141 1.2824905461070233 -0.9978299449662965	-0.2633218133258571 -0.5280301425866627 0.2227880525817552
0.2718374060127517	-0.2886690235698436 -0.0097828584419807 -0.4077383253771905	0.3233846746904901 0.8573961495390239 -0.4895768628671183
0.2784273755913972	1.6935418661899024 -0.0908998829428833 -0.9057908680297551	0.0634231251077097 0.3860991510057389 -0.6141662472930967
0.3646383433245565	-0.5081419949217064 -0.0329019464612027 0.1186611415687132	-0.7903803144059214 0.0907831547412311 0.1675858602014428
0.1223147029112601	0.8784623765146193 0.8228205292606030 0.9957844050271447	0.2204609201614090 -0.3260660276961878 -0.9650183235333930
0.1711996667031402	2.2524567751160753 0.0358796274837694 -0.7664272671178398	-0.5027283328502639 0.0146545628439150 0.3429720766360722
0.2782915534766114	-2.1160306253481398 -3.8323750583943288 4.4175512095395373	0.3286402701598368 -0.0244230045616980 -0.0084929093803474
0.3504889898387872	-0.0613146488357551 -0.0587917730100617 0.3732790837898013	0.5310080880253489 0.5202893472719130 0.3130147126431307
0.5195417985230405	-0.2950583355685567 0.3474960543086348 -0.6637425339544453	-0.3540377368712463 -0.9397310196966859 -0.4357678728207826
0.5655928401002919	0.5989136527228638 -0.3829101890805446 -1.1536508496035767	0.8489417191574854 -0.5005955475874857 0.1744855193523597
0.2173725821322785	-0.5311379148840328 -0.4719040787445048 0.1135391010774551	0.8713534505316188 1.2573730397637108 0.5884196051294550
1.0794142939563205	-0.3032484030064493 0.3606402835309635 -0.2413750762808721	-0.5277022876937588 0.2364175144369356 -1.0283726035350416
0.9709484379740780	-0.2073172294191711 -0.3504073172499634 0.2211288185656521	-0.6380670146222053 1.4938712617175598 -0.4452812121780919
0.4658324342496670	0.4711868010506853 -0.3710520651842927 0.4779408373514329	-0.0114827270418319 -0.3566547235001561 -0.7056764275233740
0.2076698320053411	-0.3231192588586788 1.7189776388474107 1.0839405246293556	-0.6667823836618088 -0.8031470949038997 -0.9283629541308605
0.1020278515046820	-0.7169237608845996 -1.4289871056478980 0.4796222587502771	0.1881254960931058 -0.4786718411293138 1.1843390181522599
2.3540356007894476	-0.9640991444546246 -0.8316708458699797 0.0482676255310543	0.0383852712713285 -0.5006059963945754 0.7145896169190760
0.1001930887283955	0.1204665140225478 -1.7841435589178694 -0.6325892632067781	-0.0820112016892187 -0.3616525023450652 0.5768809916799409
0.2195019178885957	0.5703138425282661 -0.5955981582282307 -0.0889363169249176	1.3212206565522533 0.1204816245008582 0.4307194043073557
1.5114605830799663	0.5171320083531409 0.3361695458983206 -0.1331819774801271	-0.2714966846689951 -0.5375009745717753 -0.3943783506419691
0.1265954419556813	0.5021115887594476 -0.0767433661955366 0.1809665726693133	0.7706740364942811 -1.0060843693716373 0.2380055298131416
0.1280194109185125	0.6969926611078900 0.1614523475685628 -1.6432173884922110	-0.6927031437554670 0.9614639464270750 -0.0631755956919047
0.3181763271648895	0.0534490597937632 0.3694059002073405 -0.0097038059400904	0.4822968290764465 -0.7865897524933758 -0.5315999963217500
0.3447275112076840	0.6191322273729316 -3.7998142796403505 1.3721833535185988	0.1604218240811071 -0.2986734325869451 0.3680199169620240
0.2789081366960516	1.0554446954293373 -0.1201912998294743 1.0289367300878232	-0.7727161299202083 -1.1685249086803584 0.4797334031882978
0.1547490369673973	-0.5326531152859756 2.4485446097597530 -3.4269236157941085	0.1604129046677385 -0.3908746231141395 0.2134976266930780
0.1728743447065250	0.5548929647385733 0.4448163153962634 -0.5035150862551537	0.8724738519614704 -0.3514663876550861 0.1412139011898932
0.2118462504613435	-5.2850495179500188 0.0138643589579962 3.2147848130397025	-0.0238466833964149 0.0103158237477799 0.1676640917877944
0.2135608107761495	-0.1556400800950694 1.6168087005153979 0.6632281861195605	0.1946088618634519 0.2683183303719043 0.1007337645410962
1.0296263337383356	0.5580232592712183 -0.0409489012817263 1.0452383640739531	-0.6637322212047532 -0.2179031093384766 -0.0604963802945528
0.1428531825594440	1.3856740121104412 -0.5657053365134338 1.0088275807154032	0.9344983108362711 0.0333487524625014 0.5633701378848748
0.0979647646693028	-1.0195646537364838 -1.4671948468972564 -0.1648115505218255	-0.2034774076880287 -0.3810099092635770 0.5885082659142461
0.2031443875095721	1.3650115260922395 -1.7077141964270577 1.4974525477854943	0.4255053635572213 -0.2123476454169252 -0.2493274322529236
0.4799157178678638	-0.7528534128970373 0.1095849536331586 0.1671308136442216	0.4861773562056901 -1.0014331770197689 0.8692593938551231
6.4280244569706388	0.4550925722319107 1.3306355213671268 0.4786952706441460	0.6171650612957079 0.2107042038371721 -0.2804380132942295
0.4972417724269715	-0.1651124010569449 0.7301349046667414 0.2356755157009046	-0.8460178666918639 -0.8362556163208058 -0.8643915821482097
0.6846397274568942	-0.3312453033848913 1.3441748225862626 1.2418571069696207	-0.6481385095194458 -0.9014170422436992 -0.4055224342849575
0.2185480202273007	0.1968798737586343 0.0542422633043024 0.1824926199381166	0.4479098903648949 -0.4861097802523179 1.0448815360787396
0.0890270552101742	-0.8799580782673045 0.8776009247423856 -1.4186385807011528	-0.4220940040498794 -0.2718321809070770 0.5649082164665989
0.3341909037400405	-0.0776074190728049 -0.5006049551894083 -2.3046680381947051	-0.1459046710541783 -0.6576795705084564 -0.2891473032926811
0.3272715835739786	0.5403373020044412 1.2204863671991755 -0.3020007110097612	0.2987282024777479 0.2309212035645923 0.4588353788789968
0.1785522138645298	-0.6691085902696589 0.2086880706246711 1.2276356967670141	0.7258408125370442 -0.1752465668306565 -0.1570758932410451
0.3432369108575604	0.6012132839879580 -0.1506765523496353 5.2542645402087427	-0.2204771531454356 0.4897467667406061 0.0626677060877352
0.0819996459860988	0.7244866448295264 0.7394069931233331 1.0341013973792594	-0.6759824335100089 -0.1267612584351716 -0.3617363040695990
0.3502877329974949	0.1087111657971087 1.2990777913388880 0.9295828657248766	0.6432162977537587 -0.2790175893822521 0.0603050637072008
0.1310546444083099	-0.1818190853879574 -0.1660434671166995 0.0609049307753972	-0.3639385757636649 0.4926014318249982 0.7200831386437461
0.1279299298337971	-0.4011459852060887 -0.1119173187153178 -0.8692901814292955	-0.2077499405338907 0.4089098221939012 -0.6390351314393561
0.4290330787134002	-2.6491565894857185 0.8260703949402879 0.9418353129630407	0.1070982017781512 0.3262706810823233 -0.5265499998426245
0.6378513606953988	0.4609503849013336 -0.6133945277524703 0.0212643933336214	0.4608009455647514 0.1793314355942895 -0.1688689399806794
0.1117383068440300	3.0983113583001685 3.2404705709617727 -0.8754866112833614	0.0282795506818290 -0.1285742633304786 -0.3206568637862490
0.2677516710646364	-0.1250705561409088 -1.4080791629541693 -0.5375257466529836	0.0083510056754347 0.4610464216835684 0.2054846522277993
0.1999898369144236	3.6780398319422432 3.0766035635314148 1.5615076445270195	-0.4776233270060925 -0.3053977345712089 0.3025804888002624
0.2152826324799716	1.3952240037164565 -0.9949851584593556 0.9733848523191115	0.9415889230617107 0.3037002872624660 0.7346070796246790
0.2700835405570142	-0.2395929684091577 0.5830960955305100 -0.0598793959415950	-0.7583161752106584 -0.4543911520660408 0.6700917045809076
0.0900734262669638	0.4369886684544860 -0.0795356473888040 -0.0093484434640046	-0.4737353945412358 1.1694371277867761 -0.5445156748413111
0.1823345592426875	0.2527853124117652 0.3397622139521118 0.6771449277204654	0.3504804934898545 -1.2419479367745445 -0.1801894005889565
0.0909298612614759	1.5660482430037350 -0.1630692919864874 0.3679104830026385	0.5896143401720978 0.2900644642134070 -0.4194575927774583
0.3822979299104929	-3.7257230864980002 3.4182503725226256 1.5346590406494987	0.3856183860283745 -0.3727626001561088 -0.1718893914641129
0.1596775651704654	-0.4594848003403248 0.7937000222349498 0.2863656316512163	-0.6612343114376303 -0.0574748292496710 0.5830678906736715
0.1333388745862656	-3.5107127739623234 0.3500582682106583 3.2494611984659687	0.9494609650409659 -0.1653468387391622 -0.3799702724325665
0.6526190571379682	1.4762990606405875 -1.0600794415585015 0.2098168205622022	0.2133720695133074 -0.6420017326361143 0.9872880213904174
0.1234194573799053	-0.8619459454770259 -1.0776542594006935 0.5931489845549121	-0.3303775010763109 -0.6637894814573726 0.6230109216978515
1.8588228802044022	0.0945501293111610 -0.3722366486553267 1.5613807032104405	0.4834505688550810 0.1458295967299088 0.1877000502202405
0.6323304618268742	0.6815741367890664 0.3203527627545196 -0.5381553367667118	0.1080608400365260 -0.0895044042260406 -0.9167608255399715
0.1562757442155694	-6.4628744286492710 0.5662114043829166 -10.1903862348739445	0.0240613702536842 0.1448972411949441 -0.0492672548259293
0.1460145847808131	-0.3728625241159038 0.4239226182020919 0.5930683843660627	-0.1551644520253998 0.2416272646778576 -0.0731429534750430
0.1354014750317309	-0.0084114080218073 -1.0136903097470205 1.7871970740842613	-0.5083666088187726 0.1699104417228969 0.1521329551061016
0.3115194347678280	-0.7122225025732600 -0.1565688891250311 -0.3878462401516127	-0.8935850933965116 -1.4044938550475250 -0.1052951347698875
0.0878432786620374	0.7728211504546124 -0.3843794923771678 -0.9808783520484429	0.0193913667686488 0.4327209866362443 0.5254210692251940
0.9831723627232548	1.4991752781367513 1.0005415681135252 2.0175379400781774	-0.3251015193576472 0.5858687360949865 0.0734071710118345
0.0937329940583568	0.0209295738844072 -0.4959314202944825 0.2254690769525036	-1.0581527299683702 1.0117158452303692 0.5820766975842820
0.5133611329353144	-0.1067890633404015 1.1200107430751116 -0.7828415350067310	0.1969682276078990 -0.0096984991831221 -0.1132210241293724
0.2571846415752984	-0.2123664743222708 -0.1379375083665160 -0.1665352902469589	0.0244421247047421 -0.8228540613548769 -0.0780583554865698
0.0905239139651767	0.1203425499152624 -0.2564380728433175 -0.0566553734646571	-0.7908906795628250 1.0726994444892639 -0.2863351620363618
0.1794921916947280	-0.7052883362400092 0.1383687984555904 0.0694552286335053	-0.1893320634569886 0.6023490933584665 0.6274418535223604
0.9324893257120112	1.2016460392461064 0.5946428813793960 0.2638255719146274	-0.3964483467767338 0.8254304517803318 0.4700467890945541
0.5254913933960229	0.6014900519385579 0.7877821353663740 0.0897480133301558	0.9434286687491736 1.3194744346786791 -0.2342346632417322
0.6505892992660143	-0.2825164305069858 0.0931022504017240 0.4020984520146751	-0.8637958085315643 -0.3848282155720896 -0.3319076591365093
0.1318496772842082	-0.5644166840490050 -0.0478310622029621 -0.2971010196981852	0.6446737147128863 -0.2005278371859550 -0.2591148865935813
0.0868940517860344	3.1039436738693165 3.6506945827659525 -0.1158133867298384	0.1789915405905734 0.0774367345064820 0.8355362422855086
0.1749811125718026	-0.0532344683573881 -1.6340908864223320 1.2863881964080801	-0.0629237630655124 -0.0976052367685153 0.9825010959923118
1.7532123502832027	0.0256894803823781 0.0907367583870539 0.1331694372448797	-0.2193180265163703 0.9161166035937701 0.4419964028038644
0.1705703496904528	-0.3980477544305391 0.2387957549900198 0.4305944481597970	-0.4847878703344088 -0.3741839916796963 -1.0426699920670326
0.1823744407290399	-0.2916754509881123 0.0736593469978219 4.3895724707917321	0.5190173885894935 -0.6137324285289644 -0.2875333512518286
0.1193501000051505	-1.4230544345142977 1.1765939125660196 0.5870822021342567	-0.2394578307500142 0.3961392922405099 0.1150019963909901
0.5992477347312647	-0.9300823786322947 -0.1732022266914680 0.5140316529485218	0.2029059698447130 0.3960877336026739 -0.5538885546730291
0.9221747530005191	3.4153779099147230 1.3521781142681217 1.5752627668647063	-0.1197723486520450 -0.0997175694604610 -0.0747909025535686
0.1378054999672909	-0.2488982253335187 -0.7280425256188853 -0.6192472800915982	0.5096573007560778 1.2769531585963343 0.1320439655401772
0.0827061904357462	-0.1431824951204154 -0.2849559713190249 1.0955331867167859	-0.3895687506054198 0.4014327552423061 -0.0261740761744134
0.4665597750912970	-0.0968839052781949 -0.1071862080726359 0.0817626360237871	1.0186120346838861 1.0567467459850324 -0.0241251574531917
0.3279278440234710	0.4922489890404360 0.1588039872939621 0.6496604032229485	0.6350898713291651 -0.9626144368755787 -0.1014527296137268
0.2796983878774486	0.0553000742324447 -0.0030142284042378 0.8532509721984796	-0.0104440168802846 -0.8085937831164214 0.8010395662863435
0.3119218687030683	-2.1086857155898966 -1.2614091403734260 0.5512101064168503	-0.1258403500371428 0.4572531629291741 0.1651507497290482
0.1876988282742514	0.9695686415936640 -0.1991159634027662 0.6007382091947198	-0.2712407347892002 -0.3975186625096186 0.7305192879049380
0.2593457124381973	0.1796189738937285 0.7847563657120874 -0.1344966497351087	-0.0121807213220279 -1.1799146097210613 0.3367938374380204
0.2475636944905302	0.0179209130392338 0.4506488260042524 0.0731999824654458	-0.4806872712299048 0.4714970663773099 -1.6515312397313309
0.1457520920246095	-1.3325264995868438 -0.0506587747180489 0.6700706358866672	0.5881258401652172 -0.6855787417358422 0.3681818989154124
0.1655715737603026	0.1492274175783260 0.4427128986014175 0.5152414971688658	-0.1689881934685661 1.2135816999308513 -0.9339028155078437
0.1048830790125902	1.9336869919618316 -0.5039984105147218 -4.2671560924453829	0.1673664037942705 0.3862992457627576 0.1418710201176463
0.1579851754714745	0.2448041088553374 -3.3575577863931909 2.6240662678332689	-0.5918628343528487 0.1089745550927411 0.6052642381651651
0.2778871805530284	0.0870949014242502 0.3870154105341555 0.6882997368826500	1.0366718824978807 0.5334981192617797 0.7567573737278088
0.1383894068478176	1.3808470883135429 0.7684202143446848 -0.3924922896857100	0.8253416947195847 0.5804472106061928 0.2792793165592219
0.3674907098652003	-1.1040802073154519 -3.4423735057110587 2.5569424628283142	0.2879682273387060 0.3850209164353790 -0.1901416929005990
0.1521546317591921	-0.1955993433015978 -0.1476884971775071 -0.5870197363121124	0.4007814418357065 0.1712179459435331 0.1268202918245077
1.6338265228747375	-0.4171031525243079 -0.0823305808596310 -0.0319019988183490	-0.6784147735578437 0.4960114719905747 0.5960348950652156
0.4586214280729011	-0.8099403241725500 -0.1686820578009624 0.8433809301389525	-0.4697657262106690 -0.7661721753772699 -0.1933166368407562
4.5523068961649358	0.6125199828728688 -0.4390554785141800 0.5858639479690941	-0.7414095864272486 0.2399879129391017 -0.3635538560302288
0.1011023082568497	0.2266737484164591 0.9101316603083155 -0.3952218182921809	0.6627786686358015 0.0319339949371969 -0.9886572262960621
0.2555853239338514	-0.1007412768114690 -0.6033375432773680 -0.1893201354974205	-0.7222360962649420 0.7213618907975302 0.4848203514866547
32.5717555235456047	-0.0667344407161607 0.9649083481805674 -0.2539653402213584	-0.0815733691835669 -0.4651692089785202 -0.3312783751051500
0.1597499810599419	0.4820597013539804 0.7302845611320630 -1.0017477960615548	0.1820670682007953 -0.0843289805286554 0.2615024779731274
0.1376158843445680	-2.0271127475492183 -0.4126816219504577 1.2644626920969348	-0.2349576006314952 0.0012716657084321 0.5871677310855005
0.1232759367499548	0.4521239454823947 1.3416604170127659 0.0601948525169519	-1.3220213433780077 -0.0484053559625953 0.1478431846030950
0.1404597517306850	3.5637111992359443 0.2223422458344049 0.2466967848693130	0.1897747690410414 -0.6921786201806001 -0.0581718391441537
0.8703993213491062	-1.1912460397443605 1.4051951425475537 -0.5310505075913391	0.8499193090290420 -0.2560175166472122 0.1184182386355672
0.1884435682449054	-0.7371962396832665 -0.4057094496573398 0.5759270193801870	0.5721786247197009 0.0156540419220292 0.6392562377523240
0.1146129928449295	0.0036268585424337 0.1298296557041045 1.2940485311366468	-0.9101901754293201 0.2040506903518089 -0.6238471036599686
0.5035697982774604	0.3307240002372605 0.6137840926640908 0.4837502749822049	-0.0635549900629534 -0.4774497253575075 0.0833051549417605
0.1578404220618511	0.5272847528864439 -1.4852591294117454 1.3608330177803298	0.5645523753497519 -0.2039861261154043 0.5745044305398818
2.2404677496833831	-0.2662483643007721 -0.3937849799812357 0.2359059073268340	0.3483120115596904 -1.2953104883506954 0.5082342017208591
0.1739147310497830	0.4812866661966464 0.7944981217482077 0.3260224575201700	-0.3881251549199275 -0.3428182437933910 -0.6917906060208932
0.0933538898864234	4.7400664478777150 1.6636236145817089 -1.8055967320789397	0.0147768485525660 -0.0177670090227680 0.1049032574632874
1.2195179272178487	0.1367332513617671 -0.1424282048433234 -0.2495555669087017	-0.1672798558361148 -0.2122765791412802 0.8623187392776304
0.9668810252553850	-2.1663159057858414 1.7279232699242142 0.0969601551832510	0.2602230297238834 0.3254280400727720 -0.0683129205143184
0.3598154056917864	-0.2526119228767514 -2.7910819336914736 2.1765297440134037	0.5245439065369270 0.2893134747530449 -0.6413089920027217
0.3317199423056129	-0.2990832535745127 -0.1288657494189137 0.0687539536495428	-1.0051549872575545 0.4233330891895792 0.3354068814936129
0.3785917607590805	0.8198027198384610 0.8490740305118775 0.1069251279607235	-0.1795897359034723 0.4438761045116328 -0.2127336652745186
0.1136557905121238	-0.3602847809625473 -0.9176595892832892 0.0550172723934384	-0.1305250302244417 0.4156313926378354 -0.1340072862450155
1.0471428892046990	1.4797291905311671 -0.9481763187487946 0.9005736412480134	0.3768437584191943 0.5973509440846976 0.1016574226570151
0.1343878534836140	0.2540330105802411 -0.2833895554774914 -1.2770936937266173	-0.2614826358560396 -0.8978299282550993 -0.7094175999434768
0.2515039398671803	-0.4442616468659594 -1.1932921042701838 -2.2473196687161043	0.1722916716347259 0.3757358187648596 -0.1882226830864822
1.7383544256126289	-0.7623734691181359 -1.7710268493506458 -0.1911236777821268	-0.1538328284671429 -0.2692581098112664 0.4898859615873815
0.9560798558161613	0.4989725532475229 -0.2929299211919234 0.4034431847393686	0.6680749627447984 0.6107331064296067 -0.8202966633471687
0.1455902503370871	0.1944826682825611 0.4734228711943902 0.3708749531530120	-0.7066830133604870 0.2649841877490197 0.0503431020901621
0.5325082419415523	-0.8758615875041526 0.3715385968270037 0.3174098876699023	-0.0401418389608352 0.4428717510074824 0.4958481589489894
0.2083356019062227	1.4991558904888398 0.1292103556458752 -1.0253289907684373	-0.2710538269923701 0.5272705185197855 0.4609906989548775
0.3359262067560673	-0.8988219230256995 -0.3017733948030739 1.1717265869893592	0.4037855075109693 -0.1726096059934098 -0.2727077521474521
0.9096074473733294	0.5387294061594340 1.9927950374474392 0.1358601786252649	-0.2501556614371968 0.5868745148962684 -0.6421880548372990
0.1222195957186291	0.8254428183012782 0.9508642959081989 -0.6593047519722599	-0.2704277372932699 -0.2223085787846698 0.5525308327656575
0.3810287942854210	-0.3699232338030248 0.7433605005463394 1.3825371306505720	0.1781668999915376 0.4524286981243841 1.0206819827499447
0.1806481426748306	-0.0786120117974155 0.2721067544546641 -1.6035884497320367	-0.4348325840985996 -0.3229409431665357 0.1715260282962457
0.5180042609617038	-0.4972714111196813 -1.1119095917993969 -2.4235025946574265	0.3299045299934102 -0.0403629013905290 0.6015866189358278
0.1875101881332996	2.5860645740510151 -0.3019163413574735 -2.9632840167975618	-0.3794035512000497 0.4327586302228401 0.6641145881322744
1.0232076470206679	-1.9803802777109434 5.7550424194241874 -4.9047763125298198	0.1735263549999845 0.5914028488716691 -0.0059531412441800
0.1792681565346677	0.3872783048138318 -0.6838801801741282 0.5085842245334016	0.6810704697136752 0.4835349947897908 -0.6739518836929942
0.1212076324951552	-0.3437439455980158 0.5097020244072457 -0.6730515780072936	-0.1420235973751117 0.1205465102064827 0.4697949167519000
0.6567177118372634	-0.6979873090427324 -0.0790852948390607 1.7094410246167651	0.0800308376072967 -0.0331881234845525 -0.3539620174648765
0.1282951783351945	-0.1829906493730626 -1.0720871519859743 -0.5939818604450509	-0.3734616542316116 -0.6717361630289813 0.6497075263305875
0.5316172224073278	-0.3881989445629918 -0.1145821956199761 -0.4632461110834356	0.3588322288219610 0.3567996855522791 -0.4179492503859980
0.1512800777709210	-0.0754024943604908 -0.5972133843656353 -0.3545395666866775	-0.6578856974691049 0.3044905464646568 0.6952638767070948
0.2268249052199812	-0.3455450492726262 0.2918041503837381 0.4531199888394442	-0.3696401714227873 0.5571895472711967 -0.4936244362657696
1.0300244496307813	1.0380506223897870 -0.1852560626674850 -0.0328708949778614	-0.0885082143677446 -0.1404436397449663 -0.3641594119779952
2.1234921556253785	1.4317759516529842 0.2633965963935316 5.3336819362202830	-0.3079454702548766 0.3560283787113462 -0.3929832408262137
0.0805257466801394	0.1152554018857459 -0.2677621563653030 0.0324531976508050	-0.8117759844342003 0.0712044825671717 -0.1322147652690843
0.7084517612622732	0.3623539834023312 -0.7728661794280728 0.6147902345650963	-0.3220799271250474 0.3688899921863103 0.4737774942758510
0.1973658562988319	-0.5453635405228712 0.9394247045291461 -0.4880492170497043	0.6803866960237813 -0.6980867515653840 0.7291274362540260
0.1801404606062852	0.9331551729676848 0.2477440675691810 0.4244131802415062	-0.4796574546157631 0.4896323063604747 0.7506214726080602
0.8218445071263702	-0.0588175902087597 -0.2109783690304670 -0.0224700463314737	-0.3211238738835290 0.2569936859520088 0.8982103860290357
0.0802643806251688	0.0071670971075326 -0.2941230015420631 -0.2053480184689869	-0.7784087266844835 0.5935127559903581 -0.0184949016413985
0.1818305691465710	0.2243684087984735 -2.2655498483064984 3.6466958751977465	0.6056967182934310 -0.4437490870162338 0.3044166302854210
0.2375472219420551	-0.3136835663524842 1.2341649594078832 0.5741800934987630	-1.0938572322960631 0.5461520231639539 -0.6691058761741269
0.1599265055693564	0.3294321672540281 0.2821165405633742 -1.3927413833678430	0.6227197242699841 -0.4585021957768826 -0.1531498268044023
0.1916432209002603	-0.3646216727348768 0.5868380405356973 1.3683114762016015	-0.2627220349802901 0.0529263467989751 -0.0629116345122486
1.6150924904345620	0.1916836407840795 0.1911429393469520 0.4751529932950649	0.4936963219510897 -0.5287517875678848 -1.0233896322272638
0.1380690973383916	-0.2086629146048060 0.5912003822634970 -0.4016931804867939	0.8349727035576652 -0.4377018527132207 0.7002936415361131
0.1250847047992080	-0.0238526510638335 3.2122884182632778 5.4357306859243479	-0.0915736891278859 0.1282657573662949 0.1135402646228587
0.4326037750008779	-2.0915237458384892 0.1241591353865932 -0.8456944880146640	0.0797934993449094 0.4498303576200496 0.2904626741274011
0.0988769501081466	0.3902044284052612 0.8547348847936063 -1.4441206512948048	-0.1548375133498552 0.4452338376755960 -0.3285809668008452
0.9825051922116230	-0.5058407551069940 0.3272977585321737 -0.2037865619994791	1.2058803881367710 0.2808463858292334 -0.4875548298694571
0.1012424794819867	-0.1607377432187329 2.5673930434069083 0.0100394115164362	-0.4586968512056557 0.1226170733568155 -0.5664486068244891
0.4545970563196889	-0.8031035046853284 0.8498744577067419 0.6356624619337746	0.6417717923697666 0.3430099161756406 0.2049964418108369
0.1077636831491926	-0.1287045044670185 0.4181485240753132 0.3349429308656854	-0.0075685099295526 0.9961269628286834 0.0737130753345979
0.0811795016759440	-2.8257673725718040 -0.4955365719631182 -2.5172550544230394	0.0213715483260602 -0.2494531664420349 0.4926340383487628
0.4070428560301991	-0.7135861586226231 -1.9468129148039468 -0.9056555776344838	-0.3119398923860572 0.2782324813803472 0.5627246401034633
0.1206233014901357	2.6723238189452236 -1.1569589979114978 4.9153926655136893	-0.1300324220039142 -0.0077605283958869 -0.1040123512228562
0.5485859447922319	1.4086684756529653 -1.5870148639842572 -4.3064503991928449	-0.1480321634364607 0.0598037017186945 -0.2741404256475407
0.6656952228509151	-0.6025876528447733 -0.0879101486894828 0.8743678163734581	0.7379853076650875 0.0905988678363568 -1.4342464244924826
0.1343875921171108	1.6114158036899964 -0.9625863071032491 1.6435269244612563	0.4584042657730554 -0.5301219953483461 0.1963552291020513
0.8753199518680802	-0.3196937118049726 0.0326710099627268 0.0709251130550525	-0.2104747386573259 0.0018086396226422 0.6061917194828441
1.7666734171561398	2.7761951637062268 0.5821940022421258 -4.0720057409386907	-0.1345298324990885 0.6059380346582746 0.0317630581127921
0.3169269102807490	0.0326980705072819 0.4588813875587160 -0.2883480987090567	1.0710970877983406 0.0642362752818930 0.6244975379603462
0.3860483756610371	-1.8217064717347329 1.2663589349815605 0.5446778854321107	-0.0544479432757636 0.4323508320065605 0.5257149916990593
0.2219197721684840	-0.3016117990241384 1.4919044592177493 0.5590618245237501	0.8490181206518427 0.0773974904216920 0.1878554190439315
0.0983640909585927	-0.6272429221068405 0.1536686920481750 -0.7230925426923456	-0.4136043047014796 -0.1653442942877440 1.3071892998419619
0.1667776129606344	1.2385334976823086 -0.0608684533836693 -0.7870889475178035	-0.9833925987930566 -1.1748042424131984 0.1003495684685762
0.2453789402611282	0.5483479589040114 0.9535911089147231 -1.7967341573153632	0.1079275930916986 -1.0003053314016259 -0.1157308954825073
0.1348646895346953	-0.1133775676002432 0.9220974406927318 0.7165593724976360	-0.0906087896466048 0.8186627318398275 0.0044963284600267
0.1320059649027460	0.0437571055918135 0.4575559280345418 1.0551159371709693	-0.0573600656030928 -0.4783459007758247 0.2410244573723094
0.3965113744058368	-0.2115005760890497 -0.7344376467713190 -0.5219391430516864	0.1573721528417720 -0.5436170049079143 -0.0683206123094700
0.5547298908776350	-0.2920890129539008 0.0165492555908924 0.0310243541524876	0.6567657505160271 1.1486215777031104 -0.5759209030997260
0.3124061279466697	0.2148029222300795 -0.7454032083544019 0.5665610442939403	-0.5012141647934880 0.0061492505086003 0.7752838367898892
0.8027711517172832	-0.2237610429518018 -0.9794379539846036 2.8220608642626037	-0.5446677636754900 0.5764072492315175 0.4240180987137143
0.3108628426618786	0.7337642655416581 -1.3570125565474260 -0.0306940812246484	0.8360172433395452 0.3639475748214517 -0.1662880202723246
0.3470512057353059	-0.5166378477262009 -2.5557649532036555 0.8224696097896265	-0.1413510645941734 -0.2824512658575418 -0.7514749169841968
1.1262296777569962	-0.4350313737557803 -0.3045169275657560 0.6943119548523342	-1.2026077791819332 0.5401808771807624 -0.4189080569650430
0.0843898610826749	0.7801366903505050 0.3574023944408034 -1.0406098802403783	-0.3441665879438457 -0.2674940635004970 0.1864086880515870
0.2508259898921489	-0.6718886983192248 -0.2097647236663637 -0.6669218627778163	0.5810711329012286 -0.5208167095477563 -0.6472191208185522
0.6758556858542205	-1.8025653953289604 1.3354441055438580 1.1945422849867131	-0.2910426426262147 0.5806359376633183 -0.8137951832935448
0.3656789486817935	-0.1117067627201315 -0.2693847355237356 0.6773667167448616	0.6975313775669411 -1.1109399591360760 -1.0453368614288485
0.0832074402992584	-0.1441311528837961 -0.1591949544375629 -0.7492141065005536	0.3774291042048035 0.1417646558677608 -0.9284777924675408
0.5328673856933300	0.3044917731461175 -1.0009741450782992 0.8915496536518813	-0.8342489046104937 -0.5470674702333987 0.7176757288740098
0.3911681850423276	1.0370878136171242 0.8286188561719828 0.0747084667342586	0.2705492926882453 0.2303889006778864 0.7274431736939686
0.0939588386373383	-0.9838264062212740 -2.0157357411465786 -0.1358011089653089	-0.6204820503606828 -0.4005643159321899 -0.2411329515852259
0.1444681674632461	0.3852049005552332 -0.3185653733483153 -0.1154320735266845	0.4143092705042201 1.2131174631543766 0.0207811912727054
0.5462313535877508	1.3064660879470245 0.3006999190917192 0.8761668730291717	0.8157413107516222 0.7507382516002645 -0.5025634815240244
0.2592937827816428	-0.9159419288995554 0.7051437824323129 -0.8610126067058026	0.5837804076019187 0.3849743833101029 0.7076778116555748
0.0928549189758237	0.3460766469328685 -0.1477838355767598 1.3523915583426629	-0.8859708102124031 -0.4138911412917153 0.6409499298015983
0.1620836022199946	1.0716551156000782 1.4048372463511873 1.7100243715688357	0.6094556165767665 0.0010005795668662 -0.3265412494904836
0.1916735653016345	0.6892401185126052 -0.9363917190173339 0.8771262626887601	0.1480828171055207 0.4368803952612375 -0.5601574907199159
0.6177984205175104	0.2644793514812670 -0.2705502771115201 -0.4001196361190194	0.9327692857418336 0.7732047712762683 1.2184830566821498
0.0961681272095993	0.5824809024645153 0.7339789799999535 0.2968347042167641	0.4210699537305335 0.0170041872937579 1.1406985960545903
0.1996134246040373	0.0415792290939730 0.2872761970801699 0.6550872582523906	-0.9311879988600976 -0.4842684274312916 -0.6801957605121667
0.2015185955402909	-0.1973913302657532 -0.4625961269109724 1.2410866399701324	-0.4956439096411728 0.0565108084064556 0.4237588085119004
0.1503616954177334	0.6747128531949768 0.5386687430564010 -0.2259573144611909	1.1530468796491709 0.9519136083152826 0.9458889926416773
0.1196013737047805	0.1587799166330180 -0.3165960495667334 1.2841647065920523	0.5102585807643663 0.6616187023255389 0.7098514597354084
0.2234524763870064	2.5312268342955884 -1.6779974027977143 -1.7856180770005028	0.2534459552589238 0.2460848429754286 -0.4691772883624830
0.7009461261972486	0.8571513818325658 -0.3596422367362434 0.1599688745501250	0.1539507485547102 0.2241936288025373 -0.0519623222303442
0.3463080637444071	0.3115197311168441 0.2151514214778147 0.3147375345950597	0.4644284204992573 0.0067605931456533 -0.4760959413305892
