     //==================================\\
     ||                                  ||
     || ::::::: ::::::. ::::::. .::::::. ||
     || ::      ::    : ::    : ::       ||
     || ::::::  ::    : ::::::'  `:::::. ||
     || ::      ::::::' ::      `......' ||
     ||     Framework for Developing     ||
     ||        Particle Simulator        ||
     ||     Version 8.0 (2025/09)       ||
     \\==================================//

       Home   : https://github.com/fdps/fdps 
       E-mail : fdps-support@mail.jmlab.jp
       Licence: MIT (see, https://github.com/FDPS/FDPS/blob/master/LICENSE)
       Note   : Please cite the following papers.
                - Iwasawa et al. (2016, Publications of the Astronomical Society of Japan, 68, 54)
                - Namekata et al. (2018, Publications of the Astronomical Society of Japan, 70, 70)
                - Iwasawa et al. (2020, Publications of the Astronomical Society of Japan, 72, 13)

       Copyright (C) 2015 
         Masaki Iwasawa, Ataru Tanikawa, Natsuki Hosono,
         Keigo Nitadori, Takayuki Muranushi, Daisuke Namekata,
         Kentaro Nomura, Junichiro Makino and many others
******** FDPS has successfully begun. ********

 ******************************************
  ██████╗ ███████╗████████╗ █████╗ ██████╗
  ██╔══██╗██╔════╝╚══██╔══╝██╔══██╗██╔══██╗
  ██████╔╝█████╗     ██║   ███████║██████╔╝
  ██╔═══╝ ██╔══╝     ██║   ██╔══██║██╔══██╗
  ██║     ███████╗   ██║   ██║  ██║██║  ██║
  ╚═╝     ╚══════╝   ╚═╝   ╚═╝  ╚═╝╚═╝  ╚═╝
 ******************************************
Version: 1762e_447e
============== PeTar ================
 Online document: (preparing)
 GitHub page: https://github.com/lwang-astro/PeTar
 License: MIT
 Please cite the following papers when you use PeTar for any publications
    FDPS: see above FPDS Logo message
    SDAR: Wang L., Nitadori K., Makino J., 2020, MNRAS, 493, 3398
    PeTar: Wang L., Iwasawa M., Nitadori K., Makino J., 2020, MNRAS, 497, 536
 Copyright (C) 2017
    Long Wang, Masaki Iwasawa, Keigo Nitadori, Junichiro Makino and many others
=====================================
Use quadrupole moment in tree force calculation
Use 3rd order tidal tensor method
Use Pseudoparticle multipole method
Use 4th-order KDKDK mode for tree step
Use orbit-dependent neighbor criterion
Check energy of short-range (hard) integration
Count isolated particles in hard clusters
Use SIMD
Calculate profile
Use AR TTL method
Use slowdown Tree method
Use slowdown timescale criterion
Print adjust group information
=====================================
Input data unit: 1
End time of simulation: 20
Output time interval for particle dataset snapshots: 0.5
Tree timestep (dt_soft): 0
Data file reading and writing format: 1
Reading data file name: input
----- Finish reading main options -----
----- Finish reading hard options -----
----- Parallelization information -----
MPI processors: 1
OMP threads:    4
----- Reading file: input -----
Number of particles = 1000
Time = 0
----- Unit set 1: Msun, pc, Myr -----
gravitational_constant = 0.0044985021514696 pc^3/(Msun*Myr^2)
----- Parameter list: -----
 Average mass                      = 1.9
 Mean inner changeover radius      = 0.0029786806970945
 Mean outer changeover radius      = 0.029786806970945
 Minimum neighbor searching radius = 0.035744168365133
 Velocity dispersion (1D)          = 1.0401856237223
 Tree time step                    = 0.00048828125
 Output time step                  = 0.5
----- Hard Parameter list: -----
 Mean search group radius:         = 0.0029786806970945
 Mean group radius                 = 0.0023829445576756
 Hermite timestep coefficient 4th  = 0.1
 Hermite timestep coefficient init = 0.001
 Hermite maximum timestep          = 0.000244140625
 AR slowdown maximum timescale     = 0.0009765625
 AR slowdown perturbation criterion= 0.0001
 Artificial particle ID offset     = 1001
 KDTree minimum particles+groups   = 32
-----  Save parameter files -----
Save PeTar parameters to file data.par
Save hard parameters to file data.par.hard
-----  Finish parameter initialization -----

Time: 0  N_real(loc): 1000  N_real(glb): 1000  N_all(loc): 1000  N_all(glb): 1000  N_remove(glb): 0  N_escape(glb): 0
Energy:     Error/Total         Error     Error_cum         Total       Kinetic     Potential        Modify  Modify_group Modify_single      Error_PP  Error_PP_cum
Physic:              -0             0             0     -3118.637       3082.14     -6200.777             0             0             0             0             0
Slowdown:            -0             0             0     -3118.637       3082.14     -6200.777             0             0             0             0             0
Angular Momentum:  |L|err: 0  |L|err_cum: 0  L: -18.52637   228.9649    183.3424  |L|: 293.9092
C.M.: mass: 1900 pos: 0.01491673   0.008799223    -0.07568781 vel: 0.02634996   -0.003872113    0.01987878

Time: 0.5  N_real(loc): 1000  N_real(glb): 1000  N_all(loc): 1000  N_all(glb): 1000  N_remove(glb): 0  N_escape(glb): 0
Energy:     Error/Total         Error     Error_cum         Total       Kinetic     Potential        Modify  Modify_group Modify_single      Error_PP  Error_PP_cum
Physic:   -1.306663e-06   0.004075001   0.004075001     -3118.633      3347.459     -6466.092  3.161121e-07             0             0 -4.254428e-07 -4.254428e-07
Slowdown: -1.306663e-06   0.004075001   0.004075001     -3118.633      3347.459     -6466.092  3.160494e-07             0             0 -4.176745e-07 -4.176745e-07
Angular Momentum:  |L|err: 0.000658639  |L|err_cum: 0.000658639  L: -18.52698   228.9648    183.3422  |L|: 293.909
C.M.: mass: 1900 pos: 0.0159508   0.01202212    -0.07984342 vel: -0.0449107   0.02484389    -0.004562412
Tree step number: 2048
**** Wallclock time per step (local): [Min/Max]
 Total       PP_single   PP_cluster  PP_cross    Tree_NB     Tree_Force  Force_corr  Kick        FindCluster CreateGroup MPI_comm    Output      Status      Other      
   0.0010885  1.0064e-05  6.9108e-05           0  0.00018773  0.00077984  5.9554e-06  4.2558e-06  1.8174e-05  1.4148e-05  8.4696e-07  2.4103e-06  2.8276e-09  2.0493e-06
   0.0010885  1.0099e-05  6.9145e-05           0  0.00018614  0.00077402  6.0038e-06  4.2879e-06  1.8209e-05  1.4166e-05  8.7781e-07  2.4106e-06  2.8423e-09  2.1342e-06
**** FDPS tree soft force time profile (local):
 Sample_ptcl Domain_deco Ex_ptcl     SetRootCell Make_LT     Make_LET    Make_GT     Make_Group  Make_I_list Calc_force  Write_back 
           0           0           0  4.9716e-06  0.00013364  1.8516e-05  0.00010468  1.6234e-06  3.0715e-05  0.00042927  1.2667e-05
**** Tree neighbor time profile (local):
 Sample_ptcl Domain_deco Ex_ptcl     SetRootCell Make_LT     Make_LET    Make_GT     Make_Group  Make_I_list Calc_force  Write_back 
           0           0           0  2.5093e-06  6.0772e-05  1.0121e-05  4.5728e-05  2.7051e-07  9.9084e-06  4.2704e-05  3.4192e-06
**** Number per step (global):
 PP_single   PP_cluster  PP_cross    Cluster     Cross       AR_step_sum
      965.23      34.767           0      16.185           0     0.48779
 AR_tsyn_sum Stab_Ngroup Iso_Ngroup  Form_Ngroup End_Ngroup  Modf_Ngroup Merg_Ngroup H4_step_sum H4_no_NB    Ep-Ep_sum   Ep-Sp_sum  
     0.17822           0           0    0.025879   0.0058594           0           0      165.26    0.030762   9.508e+05      6986.2
**** Number of members in clusters (global):
N_members:            1           2           3           4           5           6
Count    :       965.23      14.457      1.2446     0.31836     0.14355    0.021484

Time: 1  N_real(loc): 1000  N_real(glb): 1000  N_all(loc): 1000  N_all(glb): 1000  N_remove(glb): 0  N_escape(glb): 0
Energy:     Error/Total         Error     Error_cum         Total       Kinetic     Potential        Modify  Modify_group Modify_single      Error_PP  Error_PP_cum
Physic:     6.22953e-07  -0.001942763   0.002132238     -3118.635      3009.237     -6127.871   3.52008e-07             0             0 -2.130532e-07  -6.38496e-07
Slowdown:   6.22953e-07  -0.001942763   0.002132238     -3118.635      3009.237     -6127.871  3.519461e-07             0             0 -1.883632e-07 -6.060376e-07
Angular Momentum:  |L|err: -0.000137557  |L|err_cum: 0.000521082  L: -18.52683   228.9651    183.3422  |L|: 293.9092
C.M.: mass: 1900 pos: -0.01240303   0.005519941    -0.0717807 vel: -0.04165842   -0.04011234    0.05715361
Tree step number: 2048
**** Wallclock time per step (local): [Min/Max]
 Total       PP_single   PP_cluster  PP_cross    Tree_NB     Tree_Force  Force_corr  Kick        FindCluster CreateGroup MPI_comm    Output      Status      Other      
   0.0010506   9.341e-06  7.0894e-05           0  0.00017936  0.00074749  9.3992e-06  4.1702e-06  1.6968e-05  1.3831e-05  7.3356e-07  2.6698e-06  3.8501e-09  1.9442e-06
   0.0010507  9.3743e-06  7.0931e-05           0  0.00017785  0.00074045  9.4465e-06  4.2019e-06  1.7003e-05  1.3849e-05  7.6412e-07  2.6701e-06  3.8696e-09  2.0117e-06
**** FDPS tree soft force time profile (local):
 Sample_ptcl Domain_deco Ex_ptcl     SetRootCell Make_LT     Make_LET    Make_GT     Make_Group  Make_I_list Calc_force  Write_back 
           0           0           0  4.5098e-06  0.00012568    1.83e-05  9.9809e-05  1.5753e-06  2.8185e-05  0.00041107  1.5145e-05
**** Tree neighbor time profile (local):
 Sample_ptcl Domain_deco Ex_ptcl     SetRootCell Make_LT     Make_LET    Make_GT     Make_Group  Make_I_list Calc_force  Write_back 
           0           0           0  2.3485e-06  6.0648e-05  9.8512e-06  4.3282e-05  4.0304e-07  8.0887e-06  3.9284e-05  3.2797e-06
**** Number per step (global):
 PP_single   PP_cluster  PP_cross    Cluster     Cross       AR_step_sum
      965.02      34.983           0      16.251           0     0.58691
 AR_tsyn_sum Stab_Ngroup Iso_Ngroup  Form_Ngroup End_Ngroup  Modf_Ngroup Merg_Ngroup H4_step_sum H4_no_NB    Ep-Ep_sum   Ep-Sp_sum  
     0.20312           0           0    0.028809   0.0087891           0           0      174.76    0.033691  9.3579e+05       10146
**** Number of members in clusters (global):
N_members:            1           2           3           4           5           6           7
Count    :       965.02      14.362       1.499     0.26367    0.061523    0.057617   0.0078125

Time: 1.5  N_real(loc): 1000  N_real(glb): 1000  N_all(loc): 1000  N_all(glb): 1000  N_remove(glb): 0  N_escape(glb): 0
Energy:     Error/Total         Error     Error_cum         Total       Kinetic     Potential        Modify  Modify_group Modify_single      Error_PP  Error_PP_cum
Physic:    1.938062e-07 -0.0006044108   0.001527828     -3118.635      2913.452     -6032.087  3.609643e-07             0             0 -4.020101e-07 -1.040506e-06
Slowdown:  1.938062e-07 -0.0006044109   0.001527828     -3118.635      2913.452     -6032.087  3.609397e-07             0             0 -4.036343e-07 -1.009672e-06
Angular Momentum:  |L|err: 0.0003568285  |L|err_cum: 0.0008779105  L: -18.52714   228.9645    183.3423  |L|: 293.9088
C.M.: mass: 1900 pos: 0.001318986   -0.02813057    -0.03200125 vel: 0.06158879   -0.04503537    0.06016801
Tree step number: 2048
**** Wallclock time per step (local): [Min/Max]
 Total       PP_single   PP_cluster  PP_cross    Tree_NB     Tree_Force  Force_corr  Kick        FindCluster CreateGroup MPI_comm    Output      Status      Other      
  0.00097696  8.9604e-06  5.4316e-05           0  0.00016845  0.00070881  5.0135e-06  3.9837e-06  1.4568e-05  1.1871e-05  7.0708e-07   3.085e-06  3.9092e-09  1.7448e-06
  0.00097699  8.9928e-06   5.435e-05           0  0.00016694  0.00070408  5.0597e-06  4.0144e-06  1.4601e-05  1.1887e-05  7.3697e-07  3.0852e-06  3.9287e-09  1.8093e-06
**** FDPS tree soft force time profile (local):
 Sample_ptcl Domain_deco Ex_ptcl     SetRootCell Make_LT     Make_LET    Make_GT     Make_Group  Make_I_list Calc_force  Write_back 
           0           0           0  3.7732e-06  0.00012195  1.7127e-05  9.4568e-05  1.5574e-06  2.8194e-05  0.00038846  1.0403e-05
**** Tree neighbor time profile (local):
 Sample_ptcl Domain_deco Ex_ptcl     SetRootCell Make_LT     Make_LET    Make_GT     Make_Group  Make_I_list Calc_force  Write_back 
           0           0           0  2.1109e-06  5.4028e-05  9.6309e-06  4.0923e-05  3.0511e-07   8.464e-06  3.7822e-05  3.2423e-06
**** Number per step (global):
 PP_single   PP_cluster  PP_cross    Cluster     Cross       AR_step_sum
      972.69      27.306           0      13.079           0     0.64258
 AR_tsyn_sum Stab_Ngroup Iso_Ngroup  Form_Ngroup End_Ngroup  Modf_Ngroup Merg_Ngroup H4_step_sum H4_no_NB    Ep-Ep_sum   Ep-Sp_sum  
     0.22314           0           0    0.027344   0.0073242           0           0      134.26    0.027832  9.4515e+05      8623.8
**** Number of members in clusters (global):
N_members:            1           2           3           4           5           6
Count    :       972.69      12.043     0.93164    0.095703   0.0058594   0.0019531

Time: 2  N_real(loc): 1000  N_real(glb): 1000  N_all(loc): 1000  N_all(glb): 1000  N_remove(glb): 0  N_escape(glb): 0
Energy:     Error/Total         Error     Error_cum         Total       Kinetic     Potential        Modify  Modify_group Modify_single      Error_PP  Error_PP_cum
Physic:    1.624671e-07 -0.0005066758   0.001021152     -3118.636       3141.79     -6260.426  3.912949e-07             0             0  -1.35537e-06 -2.395876e-06
Slowdown:  1.624671e-07 -0.0005066758   0.001021152     -3118.636       3141.79     -6260.426  3.912701e-07             0             0  -1.36061e-06 -2.370282e-06
Angular Momentum:  |L|err: -3.185975e-05  |L|err_cum: 0.0008460508  L: -18.52666   228.9649    183.3416  |L|: 293.9087
C.M.: mass: 1900 pos: 0.05419696   -0.03449    8.261563e-05 vel: 0.1395135   0.01072979    0.0794871
Tree step number: 2048
**** Wallclock time per step (local): [Min/Max]
 Total       PP_single   PP_cluster  PP_cross    Tree_NB     Tree_Force  Force_corr  Kick        FindCluster CreateGroup MPI_comm    Output      Status      Other      
   0.0009498  8.3326e-06  5.3481e-05           0  0.00016155   0.0006915  4.8248e-06  3.7625e-06  1.3855e-05  1.1281e-05  6.8417e-07  2.9061e-06   3.625e-09  1.6561e-06
  0.00094983  8.3646e-06  5.3514e-05           0  0.00016018  0.00068699  4.8705e-06   3.793e-06  1.3888e-05  1.1297e-05  7.1382e-07  2.9062e-06  3.6396e-09  1.7191e-06
**** FDPS tree soft force time profile (local):
 Sample_ptcl Domain_deco Ex_ptcl     SetRootCell Make_LT     Make_LET    Make_GT     Make_Group  Make_I_list Calc_force  Write_back 
           0           0           0  3.8622e-06  0.00011691  1.6216e-05  9.2667e-05  1.3593e-06  2.8014e-05   0.0003809  9.8844e-06
**** Tree neighbor time profile (local):
 Sample_ptcl Domain_deco Ex_ptcl     SetRootCell Make_LT     Make_LET    Make_GT     Make_Group  Make_I_list Calc_force  Write_back 
           0           0           0  1.9836e-06  5.1501e-05  8.7768e-06  3.9788e-05    2.75e-07  7.9473e-06  3.6429e-05   2.962e-06
**** Number per step (global):
 PP_single   PP_cluster  PP_cross    Cluster     Cross       AR_step_sum
      971.99      28.008           0      13.062           0      0.2793
 AR_tsyn_sum Stab_Ngroup Iso_Ngroup  Form_Ngroup End_Ngroup  Modf_Ngroup Merg_Ngroup H4_step_sum H4_no_NB    Ep-Ep_sum   Ep-Sp_sum  
    0.095215           0           0   0.0092773   0.0019531           0           0      137.53   0.0019531  9.4683e+05      8203.9
**** Number of members in clusters (global):
N_members:            1           2           3           4           5
Count    :       971.99      11.528      1.2383     0.23828    0.056641

Time: 2.5  N_real(loc): 1000  N_real(glb): 1000  N_all(loc): 1000  N_all(glb): 1000  N_remove(glb): 0  N_escape(glb): 0
Energy:     Error/Total         Error     Error_cum         Total       Kinetic     Potential        Modify  Modify_group Modify_single      Error_PP  Error_PP_cum
Physic:    8.277164e-07  -0.002581348  -0.001560197     -3118.638      3035.867     -6154.505  4.227357e-07             0             0 -1.547271e-06 -3.943147e-06
Slowdown:  8.277164e-07  -0.002581348  -0.001560197     -3118.638      3035.867     -6154.505  4.227102e-07             0             0 -1.534256e-06 -3.904538e-06
Angular Momentum:  |L|err: 0.0001097287  |L|err_cum: 0.0009557795  L: -18.52637   228.9644    183.3416  |L|: 293.9083
C.M.: mass: 1900 pos: 0.0962367   -0.02608938    0.0007991745 vel: 0.02061253   -0.01245283    -0.01948175
Tree step number: 2048
**** Wallclock time per step (local): [Min/Max]
 Total       PP_single   PP_cluster  PP_cross    Tree_NB     Tree_Force  Force_corr  Kick        FindCluster CreateGroup MPI_comm    Output      Status      Other      
  0.00094136  8.5326e-06  5.5261e-05           0  0.00015724  0.00068583  4.8737e-06  3.7165e-06  1.4075e-05  1.1168e-05   6.673e-07  2.6298e-06  3.3267e-09  1.6214e-06
  0.00094139   8.565e-06  5.5305e-05           0  0.00015595  0.00068118  4.9191e-06  3.7469e-06  1.4117e-05  1.1184e-05   7.132e-07  2.6301e-06  3.3413e-09  1.6848e-06
**** FDPS tree soft force time profile (local):
 Sample_ptcl Domain_deco Ex_ptcl     SetRootCell Make_LT     Make_LET    Make_GT     Make_Group  Make_I_list Calc_force  Write_back 
           0           0           0  3.8971e-06  0.00011474  1.6223e-05  9.1256e-05  1.2723e-06  2.8325e-05  0.00037844  1.0157e-05
**** Tree neighbor time profile (local):
 Sample_ptcl Domain_deco Ex_ptcl     SetRootCell Make_LT     Make_LET    Make_GT     Make_Group  Make_I_list Calc_force  Write_back 
           0           0           0   1.936e-06  5.0918e-05  8.6369e-06    3.84e-05  2.7674e-07  7.7311e-06  3.4743e-05  2.8051e-06
**** Number per step (global):
 PP_single   PP_cluster  PP_cross    Cluster     Cross       AR_step_sum
      970.73      29.271           0      13.828           0     0.60303
 AR_tsyn_sum Stab_Ngroup Iso_Ngroup  Form_Ngroup End_Ngroup  Modf_Ngroup Merg_Ngroup H4_step_sum H4_no_NB    Ep-Ep_sum   Ep-Sp_sum  
     0.20703           0           0    0.032715   0.0078125           0           0      143.63    0.041992  9.4551e+05      8466.5
**** Number of members in clusters (global):
N_members:            1           2           3           4           5           6
Count    :       970.73      12.546      1.0518     0.13281    0.087891   0.0087891

Time: 3  N_real(loc): 1000  N_real(glb): 1000  N_all(loc): 1000  N_all(glb): 1000  N_remove(glb): 0  N_escape(glb): 0
Energy:     Error/Total         Error     Error_cum         Total       Kinetic     Potential        Modify  Modify_group Modify_single      Error_PP  Error_PP_cum
Physic:   -1.088958e-06   0.003396062   0.001835865     -3118.635      2936.624     -6055.259  5.361125e-07             0             0 -6.450372e-07 -4.588184e-06
Slowdown: -1.088958e-06   0.003396062   0.001835865     -3118.635      2936.624     -6055.259  5.359708e-07             0             0 -6.091571e-07 -4.513695e-06
Angular Momentum:  |L|err: 0.0006962935  |L|err_cum: 0.001652073  L: -18.52653   228.9648    183.3408  |L|: 293.9081
C.M.: mass: 1900 pos: 0.09657321   -0.02503166    -0.02102098 vel: -0.008806575   0.002030988    -0.06959837
Tree step number: 2048
**** Wallclock time per step (local): [Min/Max]
 Total       PP_single   PP_cluster  PP_cross    Tree_NB     Tree_Force  Force_corr  Kick        FindCluster CreateGroup MPI_comm    Output      Status      Other      
  0.00093274  8.0209e-06  4.9365e-05           0  0.00015796  0.00068463  4.8762e-06  3.6227e-06  1.3268e-05  1.0981e-05   7.021e-07  2.0898e-06  2.6274e-09  1.5806e-06
  0.00093278  8.0527e-06  4.9398e-05           0  0.00015663  0.00068015  4.9218e-06  3.6528e-06    1.33e-05  1.0997e-05  7.3185e-07  2.0902e-06   2.647e-09  1.6458e-06
**** FDPS tree soft force time profile (local):
 Sample_ptcl Domain_deco Ex_ptcl     SetRootCell Make_LT     Make_LET    Make_GT     Make_Group  Make_I_list Calc_force  Write_back 
           0           0           0  3.9805e-06   0.0001135  1.5782e-05  8.9522e-05   1.247e-06  2.6755e-05  0.00038218  9.8142e-06
**** Tree neighbor time profile (local):
 Sample_ptcl Domain_deco Ex_ptcl     SetRootCell Make_LT     Make_LET    Make_GT     Make_Group  Make_I_list Calc_force  Write_back 
           0           0           0  1.9699e-06  5.0643e-05  8.5642e-06  3.7936e-05  2.6411e-07  8.1162e-06  3.6074e-05   2.889e-06
**** Number per step (global):
 PP_single   PP_cluster  PP_cross    Cluster     Cross       AR_step_sum
      973.33      26.666           0      12.575           0     0.20654
 AR_tsyn_sum Stab_Ngroup Iso_Ngroup  Form_Ngroup End_Ngroup  Modf_Ngroup Merg_Ngroup H4_step_sum H4_no_NB    Ep-Ep_sum   Ep-Sp_sum  
    0.078125           0           0    0.012207   0.0029297           0           0       124.7    0.015625  9.4781e+05      8635.8
**** Number of members in clusters (global):
N_members:            1           2           3           4           5           6
Count    :       973.33      11.439     0.84131      0.2334     0.03418    0.026367

Time: 3.5  N_real(loc): 1000  N_real(glb): 1000  N_all(loc): 1000  N_all(glb): 1000  N_remove(glb): 0  N_escape(glb): 0
Energy:     Error/Total         Error     Error_cum         Total       Kinetic     Potential        Modify  Modify_group Modify_single      Error_PP  Error_PP_cum
Physic:    7.740888e-07  -0.002414102 -0.0005782371     -3118.637      3342.757     -6461.395  5.257821e-07             0             0 -3.488058e-06 -8.076242e-06
Slowdown:  7.740888e-07  -0.002414102 -0.0005782369     -3118.637      3342.757     -6461.395  5.256404e-07             0             0 -3.484242e-06 -7.997937e-06
Angular Momentum:  |L|err: 0.001061145  |L|err_cum: 0.002713218  L: -18.52556   228.9645    183.3399  |L|: 293.9072
C.M.: mass: 1900 pos: 0.1008755   -0.04791547    -0.04912489 vel: 0.03877101   -0.03277058    -0.05129849
Tree step number: 2048
**** Wallclock time per step (local): [Min/Max]
 Total       PP_single   PP_cluster  PP_cross    Tree_NB     Tree_Force  Force_corr  Kick        FindCluster CreateGroup MPI_comm    Output      Status      Other      
   0.0010122  8.3464e-06  5.8209e-05           0  0.00016846  0.00074242  5.0515e-06  3.6234e-06   1.471e-05  1.1145e-05  6.5839e-07  2.2911e-06   2.583e-09   1.632e-06
   0.0010123  8.3783e-06  5.8242e-05           0  0.00016713  0.00073792  5.0968e-06  3.6536e-06  1.4742e-05  1.1161e-05  6.8795e-07  2.2912e-06  2.5977e-09   1.702e-06
**** FDPS tree soft force time profile (local):
 Sample_ptcl Domain_deco Ex_ptcl     SetRootCell Make_LT     Make_LET    Make_GT     Make_Group  Make_I_list Calc_force  Write_back 
           0           0           0  3.9905e-06  0.00011512  1.6335e-05  9.7422e-05  1.3554e-06   3.034e-05  0.00040568  9.9852e-06
**** Tree neighbor time profile (local):
 Sample_ptcl Domain_deco Ex_ptcl     SetRootCell Make_LT     Make_LET    Make_GT     Make_Group  Make_I_list Calc_force  Write_back 
           0           0           0  1.9554e-06  5.1513e-05    9.06e-06  4.1402e-05  3.1645e-07  7.9625e-06  3.3383e-05  2.8895e-06
**** Number per step (global):
 PP_single   PP_cluster  PP_cross    Cluster     Cross       AR_step_sum
      970.11      29.893           0      14.083           0        1.02
 AR_tsyn_sum Stab_Ngroup Iso_Ngroup  Form_Ngroup End_Ngroup  Modf_Ngroup Merg_Ngroup H4_step_sum H4_no_NB    Ep-Ep_sum   Ep-Sp_sum  
     0.38281           0           0    0.041504    0.010742           0           0      153.92     0.04834  9.3751e+05       10160
**** Number of members in clusters (global):
N_members:            1           2           3           4           5           6
Count    :       970.11      12.761      1.0122     0.23096    0.064453    0.014648

Time: 4  N_real(loc): 1000  N_real(glb): 1000  N_all(loc): 1000  N_all(glb): 1000  N_remove(glb): 0  N_escape(glb): 0
Energy:     Error/Total         Error     Error_cum         Total       Kinetic     Potential        Modify  Modify_group Modify_single      Error_PP  Error_PP_cum
Physic:   -1.116834e-06   0.003482997    0.00290476     -3118.634      3142.782     -6261.416  6.850444e-07             0             0 -1.353001e-05 -2.160625e-05
Slowdown: -1.116834e-06   0.003482997    0.00290476     -3118.634      3142.782     -6261.416  6.845996e-07             0             0 -1.353887e-05  -2.15368e-05
Angular Momentum:  |L|err: 0.001052351  |L|err_cum: 0.003765569  L: -18.52577   228.9651    183.3387  |L|: 293.907
C.M.: mass: 1900 pos: 0.1096449   -0.04713723    -0.05161963 vel: 0.02572712   -0.01116674    0.01123046
Tree step number: 2048
**** Wallclock time per step (local): [Min/Max]
 Total       PP_single   PP_cluster  PP_cross    Tree_NB     Tree_Force  Force_corr  Kick        FindCluster CreateGroup MPI_comm    Output      Status      Other      
   0.0011443  8.6225e-06     5.9e-05           0  0.00018701  0.00085512  5.4616e-06  3.5974e-06  1.4219e-05  1.1553e-05  7.4812e-07  1.9702e-06  3.1943e-09  1.7174e-06
   0.0011443  8.6546e-06  5.9032e-05           0  0.00018556  0.00085015  5.5073e-06  3.6277e-06  1.4251e-05  1.1569e-05  7.7785e-07  1.9705e-06   3.209e-09  1.8012e-06
**** FDPS tree soft force time profile (local):
 Sample_ptcl Domain_deco Ex_ptcl     SetRootCell Make_LT     Make_LET    Make_GT     Make_Group  Make_I_list Calc_force  Write_back 
           0           0           0  4.2584e-06  0.00011972  1.7485e-05  0.00011721  1.7106e-06  3.4595e-05  0.00044265  1.0945e-05
**** Tree neighbor time profile (local):
 Sample_ptcl Domain_deco Ex_ptcl     SetRootCell Make_LT     Make_LET    Make_GT     Make_Group  Make_I_list Calc_force  Write_back 
           0           0           0  2.0629e-06  5.2375e-05   9.215e-06  4.8945e-05  4.1038e-07  8.2937e-06  2.4974e-05  3.1517e-06
**** Number per step (global):
 PP_single   PP_cluster  PP_cross    Cluster     Cross       AR_step_sum
      971.29      28.709           0      13.431           0     0.77979
 AR_tsyn_sum Stab_Ngroup Iso_Ngroup  Form_Ngroup End_Ngroup  Modf_Ngroup Merg_Ngroup H4_step_sum H4_no_NB    Ep-Ep_sum   Ep-Sp_sum  
     0.25977           0           0    0.030273   0.0078125           0           0      151.91    0.039551   9.293e+05       11246
**** Number of members in clusters (global):
N_members:            1           2           3           4           5           6           7
Count    :       971.29       11.98      1.1499     0.24561    0.025391    0.021484   0.0087891

Time: 4.5  N_real(loc): 1000  N_real(glb): 1000  N_all(loc): 1000  N_all(glb): 1000  N_remove(glb): 0  N_escape(glb): 0
Energy:     Error/Total         Error     Error_cum         Total       Kinetic     Potential        Modify  Modify_group Modify_single      Error_PP  Error_PP_cum
Physic:    1.904981e-07  -0.000594094   0.002310666     -3118.635      3040.835      -6159.47  7.465455e-07             0             0  -1.36404e-05 -3.524665e-05
Slowdown:  1.904981e-07  -0.000594094   0.002310666     -3118.635      3040.835      -6159.47  7.460999e-07             0             0 -1.362893e-05 -3.516574e-05
Angular Momentum:  |L|err: 0.0002695446  |L|err_cum: 0.004035114  L: -18.52581   228.9648    183.3384  |L|: 293.9065
C.M.: mass: 1900 pos: 0.09211282   -0.06228152    -0.05117284 vel: -0.0561051   -0.04356798    0.00759382
Tree step number: 2048
**** Wallclock time per step (local): [Min/Max]
 Total       PP_single   PP_cluster  PP_cross    Tree_NB     Tree_Force  Force_corr  Kick        FindCluster CreateGroup MPI_comm    Output      Status      Other      
  0.00099199  8.1556e-06  5.9061e-05           0  0.00016583  0.00072338  5.0752e-06  3.6599e-06  1.4921e-05  1.1767e-05  6.5706e-07  2.4679e-06    4.98e-09  1.6856e-06
  0.00099202  8.1884e-06  5.9095e-05           0   0.0001644  0.00071855  5.1215e-06  3.6904e-06  1.4954e-05  1.1784e-05  6.8659e-07  2.4683e-06  4.9995e-09  1.7548e-06
**** FDPS tree soft force time profile (local):
 Sample_ptcl Domain_deco Ex_ptcl     SetRootCell Make_LT     Make_LET    Make_GT     Make_Group  Make_I_list Calc_force  Write_back 
           0           0           0  4.1609e-06  0.00011699  1.6334e-05   9.408e-05  1.3962e-06  2.8895e-05  0.00040146  1.0548e-05
**** Tree neighbor time profile (local):
 Sample_ptcl Domain_deco Ex_ptcl     SetRootCell Make_LT     Make_LET    Make_GT     Make_Group  Make_I_list Calc_force  Write_back 
           0           0           0  2.0206e-06  5.2032e-05   8.897e-06  4.0081e-05  3.0869e-07  8.7466e-06  3.5722e-05  3.0935e-06
**** Number per step (global):
 PP_single   PP_cluster  PP_cross    Cluster     Cross       AR_step_sum
      972.91      27.092           0      12.962           0      3.2021
 AR_tsyn_sum Stab_Ngroup Iso_Ngroup  Form_Ngroup End_Ngroup  Modf_Ngroup Merg_Ngroup H4_step_sum H4_no_NB    Ep-Ep_sum   Ep-Sp_sum  
      1.1479           0           0     0.11133    0.024902           0           0      141.46      0.1333  9.4974e+05      8531.3
**** Number of members in clusters (global):
N_members:            1           2           3           4           5           6
Count    :       972.91      12.018      0.7915    0.098633    0.040039    0.014648

Time: 5  N_real(loc): 1000  N_real(glb): 1000  N_all(loc): 1000  N_all(glb): 1000  N_remove(glb): 0  N_escape(glb): 0
Energy:     Error/Total         Error     Error_cum         Total       Kinetic     Potential        Modify  Modify_group Modify_single      Error_PP  Error_PP_cum
Physic:    1.051873e-07 -0.0003280407   0.001982625     -3118.635       3147.95     -6266.585  7.572104e-07             0             0 -1.364676e-05 -4.889341e-05
Slowdown:  1.051873e-07 -0.0003280407   0.001982625     -3118.635       3147.95     -6266.585  7.567648e-07             0             0  -1.36422e-05 -4.880794e-05
Angular Momentum:  |L|err: -0.0005227774  |L|err_cum: 0.003512336  L: -18.52574   228.9648    183.339  |L|: 293.9069
C.M.: mass: 1900 pos: 0.04791839   -0.08045599    -0.04341294 vel: -0.1191083   -0.02869007    0.01414291
Tree step number: 2048
**** Wallclock time per step (local): [Min/Max]
 Total       PP_single   PP_cluster  PP_cross    Tree_NB     Tree_Force  Force_corr  Kick        FindCluster CreateGroup MPI_comm    Output      Status      Other      
  0.00095619  8.3288e-06  5.8587e-05           0  0.00016103  0.00069368  4.8491e-06  3.6333e-06  1.4288e-05  1.1545e-05  7.2614e-07  2.1329e-06  2.7002e-09  1.5867e-06
  0.00095622  8.3607e-06  5.8621e-05           0  0.00015962  0.00068926  4.8947e-06  3.6638e-06   1.432e-05  1.1562e-05   7.558e-07  2.1332e-06  2.7148e-09  1.6498e-06
**** FDPS tree soft force time profile (local):
 Sample_ptcl Domain_deco Ex_ptcl     SetRootCell Make_LT     Make_LET    Make_GT     Make_Group  Make_I_list Calc_force  Write_back 
           0           0           0  3.8369e-06  0.00011576  1.6089e-05  9.0044e-05  1.2268e-06  2.7456e-05   0.0003879  9.7183e-06
**** Tree neighbor time profile (local):
 Sample_ptcl Domain_deco Ex_ptcl     SetRootCell Make_LT     Make_LET    Make_GT     Make_Group  Make_I_list Calc_force  Write_back 
           0           0           0  2.0415e-06  5.1125e-05  8.7782e-06  3.8075e-05  2.4131e-07  9.7159e-06  3.6553e-05  3.0628e-06
**** Number per step (global):
 PP_single   PP_cluster  PP_cross    Cluster     Cross       AR_step_sum
      972.33      27.667           0      13.182           0      2.7026
 AR_tsyn_sum Stab_Ngroup Iso_Ngroup  Form_Ngroup End_Ngroup  Modf_Ngroup Merg_Ngroup H4_step_sum H4_no_NB    Ep-Ep_sum   Ep-Sp_sum  
     0.94434           0           0    0.089844    0.019043           0           0      146.16     0.09082  9.6183e+05        6964
**** Number of members in clusters (global):
N_members:            1           2           3           4
Count    :       972.33      11.955      1.1509    0.076172

Time: 5.5  N_real(loc): 1000  N_real(glb): 1000  N_all(loc): 1000  N_all(glb): 1000  N_remove(glb): 0  N_escape(glb): 0
Energy:     Error/Total         Error     Error_cum         Total       Kinetic     Potential        Modify  Modify_group Modify_single      Error_PP  Error_PP_cum
Physic:    2.287153e-08 -7.132796e-05   0.001911297     -3118.635      3222.319     -6340.954  8.083237e-07             0             0 -1.416876e-05 -6.306216e-05
Slowdown:  2.287151e-08  -7.13279e-05   0.001911298     -3118.635      3222.319     -6340.954  8.078251e-07             0             0 -1.416825e-05 -6.297619e-05
Angular Momentum:  |L|err: -0.000287402  |L|err_cum: 0.003224934  L: -18.52576   228.9649    183.3393  |L|: 293.9071
C.M.: mass: 1900 pos: 0.01164753   -0.1040807    -0.03292229 vel: -0.05609646   -0.02460469    0.01847067
Tree step number: 2048
**** Wallclock time per step (local): [Min/Max]
 Total       PP_single   PP_cluster  PP_cross    Tree_NB     Tree_Force  Force_corr  Kick        FindCluster CreateGroup MPI_comm    Output      Status      Other      
   0.0009322  7.9138e-06  5.3079e-05           0   0.0001609  0.00067654   4.934e-06  3.7214e-06  1.3501e-05  1.1386e-05  6.3436e-07  2.3905e-06   2.916e-09  1.5676e-06
  0.00093223  7.9456e-06  5.3113e-05           0  0.00015949  0.00067208  4.9795e-06  3.7525e-06  1.3534e-05  1.1404e-05  6.6388e-07  2.3907e-06  2.9307e-09  1.6315e-06
**** FDPS tree soft force time profile (local):
 Sample_ptcl Domain_deco Ex_ptcl     SetRootCell Make_LT     Make_LET    Make_GT     Make_Group  Make_I_list Calc_force  Write_back 
           0           0           0  3.7368e-06  0.00011497  1.6156e-05  9.0094e-05  1.2354e-06  2.8174e-05  0.00037091  9.8066e-06
**** Tree neighbor time profile (local):
 Sample_ptcl Domain_deco Ex_ptcl     SetRootCell Make_LT     Make_LET    Make_GT     Make_Group  Make_I_list Calc_force  Write_back 
           0           0           0  1.9773e-06   5.161e-05  8.5685e-06  3.8595e-05  2.4771e-07  9.8066e-06   3.532e-05  3.0505e-06
**** Number per step (global):
 PP_single   PP_cluster  PP_cross    Cluster     Cross       AR_step_sum
       974.4      25.597           0       12.06           0     0.24121
 AR_tsyn_sum Stab_Ngroup Iso_Ngroup  Form_Ngroup End_Ngroup  Modf_Ngroup Merg_Ngroup H4_step_sum H4_no_NB    Ep-Ep_sum   Ep-Sp_sum  
    0.087402           0           0    0.015137   0.0043945           0           0      132.62   0.0068359  9.6772e+05      6291.6
**** Number of members in clusters (global):
N_members:            1           2           3           4           5
Count    :        974.4      10.861     0.99658       0.125    0.077148

Time: 6  N_real(loc): 1000  N_real(glb): 1000  N_all(loc): 1000  N_all(glb): 1000  N_remove(glb): 0  N_escape(glb): 0
Energy:     Error/Total         Error     Error_cum         Total       Kinetic     Potential        Modify  Modify_group Modify_single      Error_PP  Error_PP_cum
Physic:    1.906945e-06  -0.005947076  -0.004035779     -3118.641      3258.638     -6377.279  1.167948e-06             0             0 -1.247269e-05 -7.553486e-05
Slowdown:  1.906945e-06  -0.005947076  -0.004035778     -3118.641      3258.638     -6377.279  1.167449e-06             0             0 -1.247906e-05 -7.545525e-05
Angular Momentum:  |L|err: 0.0001835686  |L|err_cum: 0.003408503  L: -18.52575   228.9644    183.3391  |L|: 293.9067
C.M.: mass: 1900 pos: -0.004954744   -0.1205612    -0.04024364 vel: 0.009644241   -0.02379007    0.003187836
Tree step number: 2048
**** Wallclock time per step (local): [Min/Max]
 Total       PP_single   PP_cluster  PP_cross    Tree_NB     Tree_Force  Force_corr  Kick        FindCluster CreateGroup MPI_comm    Output      Status      Other      
   0.0009097  8.4454e-06  5.5809e-05           0  0.00015614  0.00065452  5.2583e-06  3.7633e-06  1.5264e-05  1.1052e-05  6.4293e-07  3.6524e-06  3.5806e-09  1.5705e-06
  0.00090973  8.4783e-06  5.5842e-05           0  0.00015481   0.0006479   5.304e-06  3.7942e-06  1.5296e-05  1.1068e-05  6.7269e-07  3.6528e-06  3.5957e-09  1.6348e-06
**** FDPS tree soft force time profile (local):
 Sample_ptcl Domain_deco Ex_ptcl     SetRootCell Make_LT     Make_LET    Make_GT     Make_Group  Make_I_list Calc_force  Write_back 
           0           0           0  3.7886e-06  0.00011564  1.5867e-05  8.9803e-05   1.269e-06  2.7708e-05  0.00034553  1.4165e-05
**** Tree neighbor time profile (local):
 Sample_ptcl Domain_deco Ex_ptcl     SetRootCell Make_LT     Make_LET    Make_GT     Make_Group  Make_I_list Calc_force  Write_back 
           0           0           0  1.9556e-06  5.1596e-05  8.7293e-06  3.7754e-05   2.312e-07  9.7998e-06  3.1684e-05  2.8728e-06
**** Number per step (global):
 PP_single   PP_cluster  PP_cross    Cluster     Cross       AR_step_sum
      972.94      27.059           0      12.176           0       1.208
 AR_tsyn_sum Stab_Ngroup Iso_Ngroup  Form_Ngroup End_Ngroup  Modf_Ngroup Merg_Ngroup H4_step_sum H4_no_NB    Ep-Ep_sum   Ep-Sp_sum  
      0.4209           0           0    0.040527    0.010254           0           0      144.57    0.027832  9.7206e+05      4839.7
**** Number of members in clusters (global):
N_members:            1           2           3           4           5           6
Count    :       972.94      10.198      1.4414      0.3623      0.1543    0.019531

Time: 6.5  N_real(loc): 1000  N_real(glb): 1000  N_all(loc): 1000  N_all(glb): 1000  N_remove(glb): 0  N_escape(glb): 0
Energy:     Error/Total         Error     Error_cum         Total       Kinetic     Potential        Modify  Modify_group Modify_single      Error_PP  Error_PP_cum
Physic:    1.972718e-06  -0.006152213   -0.01018799     -3118.647      2995.433      -6114.08  9.820763e-07             0             0  -7.15962e-06 -8.269448e-05
Slowdown:  1.972718e-06  -0.006152213   -0.01018799     -3118.647      2995.433      -6114.08  9.815769e-07             0             0 -7.154419e-06 -8.260967e-05
Angular Momentum:  |L|err: 2.084807e-06  |L|err_cum: 0.003410588  L: -18.52576   228.9644    183.3391  |L|: 293.9066
C.M.: mass: 1900 pos: 0.01293612   -0.1141886    -0.02941103 vel: 0.06267628   0.03107619    0.02133176
Tree step number: 2048
**** Wallclock time per step (local): [Min/Max]
 Total       PP_single   PP_cluster  PP_cross    Tree_NB     Tree_Force  Force_corr  Kick        FindCluster CreateGroup MPI_comm    Output      Status      Other      
  0.00087171  7.8208e-06  5.1488e-05           0  0.00015395   0.0006247  4.7626e-06  3.8263e-06  1.3885e-05  1.0979e-05  6.6291e-07  2.1003e-06  2.7441e-09  1.6376e-06
  0.00087174  7.8527e-06  5.1529e-05           0  0.00015266   0.0006204  4.8082e-06  3.8569e-06  1.3917e-05  1.0996e-05  6.9268e-07  2.1005e-06  2.7588e-09  1.7166e-06
**** FDPS tree soft force time profile (local):
 Sample_ptcl Domain_deco Ex_ptcl     SetRootCell Make_LT     Make_LET    Make_GT     Make_Group  Make_I_list Calc_force  Write_back 
           0           0           0  3.6642e-06  0.00011465  1.5695e-05  8.8672e-05  1.2547e-06  2.8278e-05  0.00032173  9.4577e-06
**** Tree neighbor time profile (local):
 Sample_ptcl Domain_deco Ex_ptcl     SetRootCell Make_LT     Make_LET    Make_GT     Make_Group  Make_I_list Calc_force  Write_back 
           0           0           0  1.8061e-06  5.0859e-05  8.8288e-06  3.8012e-05   2.293e-07  9.4568e-06  3.0164e-05  2.8086e-06
**** Number per step (global):
 PP_single   PP_cluster  PP_cross    Cluster     Cross       AR_step_sum
      974.97      25.025           0      11.426           0      1.3721
 AR_tsyn_sum Stab_Ngroup Iso_Ngroup  Form_Ngroup End_Ngroup  Modf_Ngroup Merg_Ngroup H4_step_sum H4_no_NB    Ep-Ep_sum   Ep-Sp_sum  
     0.47949           0           0     0.04834    0.011719           0           0      126.91     0.03418  9.7257e+05      4459.3
**** Number of members in clusters (global):
N_members:            1           2           3           4           5           6
Count    :       974.97       9.812      1.1543     0.38672    0.047852    0.025391

Time: 7  N_real(loc): 1000  N_real(glb): 1000  N_all(loc): 1000  N_all(glb): 1000  N_remove(glb): 0  N_escape(glb): 0
Energy:     Error/Total         Error     Error_cum         Total       Kinetic     Potential        Modify  Modify_group Modify_single      Error_PP  Error_PP_cum
Physic:    2.941917e-07 -0.0009174804   -0.01110547     -3118.648      3324.421     -6443.069  1.054057e-06             0             0 -9.005576e-06 -9.170005e-05
Slowdown:  2.941917e-07 -0.0009174804   -0.01110547     -3118.648      3324.421     -6443.069  1.053557e-06             0             0 -9.004345e-06 -9.161401e-05
Angular Momentum:  |L|err: -0.0005051166  |L|err_cum: 0.002905471  L: -18.52589   228.9641    183.3397  |L|: 293.9068
C.M.: mass: 1900 pos: 0.03935909   -0.1003978    -0.02585091 vel: -0.006256336   0.0531223    -0.003618301
Tree step number: 2048
**** Wallclock time per step (local): [Min/Max]
 Total       PP_single   PP_cluster  PP_cross    Tree_NB     Tree_Force  Force_corr  Kick        FindCluster CreateGroup MPI_comm    Output      Status      Other      
  0.00085684  7.6252e-06  5.4461e-05           0  0.00015133  0.00060756  4.9356e-06  3.5978e-06  1.5024e-05  1.1135e-05  6.7049e-07  2.9357e-06  3.7915e-09  1.6703e-06
  0.00085687  7.6655e-06  5.4495e-05           0  0.00014995  0.00060332  4.9811e-06  3.6283e-06  1.5057e-05  1.1152e-05  6.9997e-07  2.9361e-06   3.811e-09  1.7318e-06
**** FDPS tree soft force time profile (local):
 Sample_ptcl Domain_deco Ex_ptcl     SetRootCell Make_LT     Make_LET    Make_GT     Make_Group  Make_I_list Calc_force  Write_back 
           0           0           0  3.8205e-06  0.00011325   1.546e-05  8.7051e-05   1.276e-06  2.8111e-05  0.00030749  9.3301e-06
**** Tree neighbor time profile (local):
 Sample_ptcl Domain_deco Ex_ptcl     SetRootCell Make_LT     Make_LET    Make_GT     Make_Group  Make_I_list Calc_force  Write_back 
           0           0           0  1.9025e-06  5.0945e-05  8.3378e-06  3.7393e-05  2.2598e-07  9.5079e-06  2.8455e-05  2.9649e-06
**** Number per step (global):
 PP_single   PP_cluster  PP_cross    Cluster     Cross       AR_step_sum
      972.33      27.667           0      12.533           0      1.7339
 AR_tsyn_sum Stab_Ngroup Iso_Ngroup  Form_Ngroup End_Ngroup  Modf_Ngroup Merg_Ngroup H4_step_sum H4_no_NB    Ep-Ep_sum   Ep-Sp_sum  
      0.6167           0           0     0.05127   0.0092773           0           0      141.38     0.04248  9.7248e+05      3832.9
**** Number of members in clusters (global):
N_members:            1           2           3           4           5           6
Count    :       972.33      10.456      1.6367     0.37061    0.053711    0.015625

Time: 7.5  N_real(loc): 1000  N_real(glb): 1000  N_all(loc): 1000  N_all(glb): 1000  N_remove(glb): 0  N_escape(glb): 0
Energy:     Error/Total         Error     Error_cum         Total       Kinetic     Potential        Modify  Modify_group Modify_single      Error_PP  Error_PP_cum
Physic:   -2.224743e-07  0.0006938188   -0.01041165     -3118.647      3009.342     -6127.989 -3.075268e-07             0             0 -8.646459e-06 -0.0001003465
Slowdown: -2.224744e-07  0.0006938191   -0.01041165     -3118.647      3009.342     -6127.989 -3.083275e-07             0             0 -8.633976e-06  -0.000100248
Angular Momentum:  |L|err: -0.001645624  |L|err_cum: 0.001259848  L: -18.52567   228.9645    183.3415  |L|: 293.9082
C.M.: mass: 1900 pos: 0.03645   -0.07791116    -0.02971979 vel: -0.00364726   0.05832829    0.06761684
Tree step number: 2048
**** Wallclock time per step (local): [Min/Max]
 Total       PP_single   PP_cluster  PP_cross    Tree_NB     Tree_Force  Force_corr  Kick        FindCluster CreateGroup MPI_comm    Output      Status      Other      
  0.00086637  7.6283e-06   5.774e-05           0  0.00015243  0.00061407  4.9128e-06  3.6966e-06  1.4652e-05  1.1036e-05  6.1211e-07  2.1383e-06   2.769e-09  1.6366e-06
   0.0008664  7.6598e-06  5.7775e-05           0  0.00015107  0.00060974  4.9584e-06  3.7271e-06  1.4692e-05  1.1053e-05  6.4166e-07  2.1384e-06  2.7837e-09  1.6992e-06
**** FDPS tree soft force time profile (local):
 Sample_ptcl Domain_deco Ex_ptcl     SetRootCell Make_LT     Make_LET    Make_GT     Make_Group  Make_I_list Calc_force  Write_back 
           0           0           0  3.7167e-06  0.00011355  1.6111e-05  8.9032e-05  1.2963e-06  2.7916e-05  0.00031109  9.5016e-06
**** Tree neighbor time profile (local):
 Sample_ptcl Domain_deco Ex_ptcl     SetRootCell Make_LT     Make_LET    Make_GT     Make_Group  Make_I_list Calc_force  Write_back 
           0           0           0  1.8338e-06  5.0554e-05  8.9645e-06  3.8072e-05  2.3437e-07  9.2982e-06  2.8783e-05  2.9313e-06
**** Number per step (global):
 PP_single   PP_cluster  PP_cross    Cluster     Cross       AR_step_sum
      973.24      26.762           0      12.256           0      4.0303
 AR_tsyn_sum Stab_Ngroup Iso_Ngroup  Form_Ngroup End_Ngroup  Modf_Ngroup Merg_Ngroup H4_step_sum H4_no_NB    Ep-Ep_sum   Ep-Sp_sum  
      1.3608           0           0     0.12061    0.023926           0           0      140.55     0.10498  9.7097e+05      3986.8
**** Number of members in clusters (global):
N_members:            1           2           3           4           5           6           7
Count    :       973.24      10.516      1.4219     0.19092     0.06543    0.057617   0.0039062

Time: 8  N_real(loc): 1000  N_real(glb): 1000  N_all(loc): 1000  N_all(glb): 1000  N_remove(glb): 0  N_escape(glb): 0
Energy:     Error/Total         Error     Error_cum         Total       Kinetic     Potential        Modify  Modify_group Modify_single      Error_PP  Error_PP_cum
Physic:    7.104801e-07  -0.002215738   -0.01262739     -3118.649      3330.978     -6449.628 -6.480034e-08             0             0  -3.85612e-06 -0.0001042026
Slowdown:  7.104801e-07  -0.002215738   -0.01262739     -3118.649      3330.978     -6449.628 -6.559754e-08             0             0 -3.847446e-06 -0.0001040954
Angular Momentum:  |L|err: -0.0001450828  |L|err_cum: 0.001114765  L: -18.52562   228.9641    183.3422  |L|: 293.9084
C.M.: mass: 1900 pos: 0.0455298   -0.0649218    -0.01863078 vel: 0.01009622   0.001845722    0.03190108
Tree step number: 2048
**** Wallclock time per step (local): [Min/Max]
 Total       PP_single   PP_cluster  PP_cross    Tree_NB     Tree_Force  Force_corr  Kick        FindCluster CreateGroup MPI_comm    Output      Status      Other      
  0.00091254  7.9852e-06   5.493e-05           0  0.00015564  0.00065711  5.0628e-06  3.8991e-06   1.472e-05  1.1653e-05  7.5459e-07  3.2712e-06  3.3022e-09  1.7668e-06
  0.00091257  8.0169e-06  5.4964e-05           0  0.00015427  0.00065269  5.1087e-06  3.9298e-06  1.4753e-05   1.167e-05  7.8425e-07  3.2718e-06  3.3169e-09  1.8296e-06
**** FDPS tree soft force time profile (local):
 Sample_ptcl Domain_deco Ex_ptcl     SetRootCell Make_LT     Make_LET    Make_GT     Make_Group  Make_I_list Calc_force  Write_back 
           0           0           0  4.1301e-06  0.00011381  1.5952e-05   8.825e-05  1.3165e-06  2.7433e-05  0.00035462  9.7461e-06
**** Tree neighbor time profile (local):
 Sample_ptcl Domain_deco Ex_ptcl     SetRootCell Make_LT     Make_LET    Make_GT     Make_Group  Make_I_list Calc_force  Write_back 
           0           0           0  1.9399e-06   5.071e-05  8.6304e-06  3.8064e-05  2.2999e-07  7.9249e-06  3.3366e-05  2.9418e-06
**** Number per step (global):
 PP_single   PP_cluster  PP_cross    Cluster     Cross       AR_step_sum
      975.69       24.31           0      10.675           0      3.6479
 AR_tsyn_sum Stab_Ngroup Iso_Ngroup  Form_Ngroup End_Ngroup  Modf_Ngroup Merg_Ngroup H4_step_sum H4_no_NB    Ep-Ep_sum   Ep-Sp_sum  
      1.2612           0           0     0.11914    0.024902           0           0      129.87    0.030762  9.7405e+05      4294.4
**** Number of members in clusters (global):
N_members:            1           2           3           4           5           6           7           8
Count    :       975.69      8.4531      1.8403     0.17725     0.13867   0.0068359    0.029297    0.029297

Time: 8.5  N_real(loc): 1000  N_real(glb): 1000  N_all(loc): 1000  N_all(glb): 1000  N_remove(glb): 0  N_escape(glb): 0
Energy:     Error/Total         Error     Error_cum         Total       Kinetic     Potential        Modify  Modify_group Modify_single      Error_PP  Error_PP_cum
Physic:   -3.337277e-07   0.001040779   -0.01158661     -3118.648      3010.575     -6129.224 -4.996104e-07             0             0 -1.463656e-05 -0.0001188392
Slowdown: -3.337277e-07   0.001040779   -0.01158661     -3118.648      3010.575     -6129.224 -5.003383e-07             0             0 -1.480181e-05 -0.0001188972
Angular Momentum:  |L|err: 0.0008107435  |L|err_cum: 0.001925508  L: -18.5259   228.9633    183.3433  |L|: 293.9084
C.M.: mass: 1900 pos: 0.04741065   -0.06058122    -0.03784562 vel: -0.003835104   -0.01317758    -0.04223746
Tree step number: 2048
**** Wallclock time per step (local): [Min/Max]
 Total       PP_single   PP_cluster  PP_cross    Tree_NB     Tree_Force  Force_corr  Kick        FindCluster CreateGroup MPI_comm    Output      Status      Other      
  0.00085628  7.8981e-06  5.5687e-05           0  0.00014968   0.0006102  4.7373e-06  3.5449e-06  1.3419e-05  1.1003e-05  6.1722e-07  2.2073e-06  2.6226e-09  1.5427e-06
  0.00085631  7.9303e-06  5.5721e-05           0  0.00014829  0.00060575  4.7825e-06  3.5753e-06  1.3452e-05   1.102e-05  6.4695e-07  2.2077e-06  2.6372e-09  1.6047e-06
**** FDPS tree soft force time profile (local):
 Sample_ptcl Domain_deco Ex_ptcl     SetRootCell Make_LT     Make_LET    Make_GT     Make_Group  Make_I_list Calc_force  Write_back 
           0           0           0  3.9333e-06  0.00011501  1.5756e-05  8.9946e-05   1.321e-06  2.5594e-05  0.00030703  9.7384e-06
**** Tree neighbor time profile (local):
 Sample_ptcl Domain_deco Ex_ptcl     SetRootCell Make_LT     Make_LET    Make_GT     Make_Group  Make_I_list Calc_force  Write_back 
           0           0           0  1.9803e-06  5.1084e-05  8.5007e-06  3.8262e-05  2.3381e-07  6.9659e-06   2.814e-05   2.996e-06
**** Number per step (global):
 PP_single   PP_cluster  PP_cross    Cluster     Cross       AR_step_sum
      975.57      24.426           0      11.024           0      3.5278
 AR_tsyn_sum Stab_Ngroup Iso_Ngroup  Form_Ngroup End_Ngroup  Modf_Ngroup Merg_Ngroup H4_step_sum H4_no_NB    Ep-Ep_sum   Ep-Sp_sum  
      1.2183           0           0       0.125    0.030762           0           0      131.74    0.049316  9.6751e+05      5920.9
**** Number of members in clusters (global):
N_members:            1           2           3           4           5           6           7           8
Count    :       975.57      9.3325      1.2661     0.27393    0.088867    0.018555    0.040039   0.0039062

Time: 9  N_real(loc): 1000  N_real(glb): 1000  N_all(loc): 1000  N_all(glb): 1000  N_remove(glb): 0  N_escape(glb): 0
Energy:     Error/Total         Error     Error_cum         Total       Kinetic     Potential        Modify  Modify_group Modify_single      Error_PP  Error_PP_cum
Physic:   -5.452845e-09  1.700551e-05   -0.01156961     -3118.648      3175.821     -6294.469 -4.516778e-07             0             0 -8.734346e-06 -0.0001275735
Slowdown: -5.452845e-09  1.700551e-05   -0.01156961     -3118.648      3175.821     -6294.469 -4.524058e-07             0             0 -8.787542e-06 -0.0001276848
Angular Momentum:  |L|err: -4.352805e-05  |L|err_cum: 0.00188198  L: -18.52608   228.9633    183.3433  |L|: 293.9085
C.M.: mass: 1900 pos: 0.0439184   -0.08258096    -0.04786258 vel: 0.03849966   -0.09481712    0.02042004
Tree step number: 2048
**** Wallclock time per step (local): [Min/Max]
 Total       PP_single   PP_cluster  PP_cross    Tree_NB     Tree_Force  Force_corr  Kick        FindCluster CreateGroup MPI_comm    Output      Status      Other      
    0.000902  7.6791e-06  5.5713e-05           0  0.00015541  0.00065018  4.7487e-06  3.6299e-06  1.3447e-05  1.1057e-05  7.1984e-07  2.3298e-06  3.0625e-09   1.533e-06
  0.00090203  7.7111e-06  5.5747e-05           0  0.00015409  0.00064555  4.7945e-06  3.6605e-06  1.3487e-05  1.1073e-05  7.4947e-07    2.33e-06  3.0771e-09  1.5955e-06
**** FDPS tree soft force time profile (local):
 Sample_ptcl Domain_deco Ex_ptcl     SetRootCell Make_LT     Make_LET    Make_GT     Make_Group  Make_I_list Calc_force  Write_back 
           0           0           0  3.8712e-06  0.00011548  1.5811e-05  9.0533e-05  1.4459e-06  2.4053e-05  0.00034737  1.0119e-05
**** Tree neighbor time profile (local):
 Sample_ptcl Domain_deco Ex_ptcl     SetRootCell Make_LT     Make_LET    Make_GT     Make_Group  Make_I_list Calc_force  Write_back 
           0           0           0  2.0916e-06  5.1293e-05  8.5806e-06  3.8135e-05  2.3603e-07  7.0796e-06  3.3351e-05  2.8585e-06
**** Number per step (global):
 PP_single   PP_cluster  PP_cross    Cluster     Cross       AR_step_sum
      974.26      25.739           0      11.622           0      3.0757
 AR_tsyn_sum Stab_Ngroup Iso_Ngroup  Form_Ngroup End_Ngroup  Modf_Ngroup Merg_Ngroup H4_step_sum H4_no_NB    Ep-Ep_sum   Ep-Sp_sum  
      1.0947           0           0      0.1084    0.026855           0           0      139.94    0.057129  9.6437e+05      5805.9
**** Number of members in clusters (global):
N_members:            1           2           3           4           5           6           7           8
Count    :       974.26      9.7202      1.5464      0.2373    0.049316    0.023438    0.036133   0.0087891

Time: 9.5  N_real(loc): 1000  N_real(glb): 1000  N_all(loc): 1000  N_all(glb): 1000  N_remove(glb): 0  N_escape(glb): 0
Energy:     Error/Total         Error     Error_cum         Total       Kinetic     Potential        Modify  Modify_group Modify_single      Error_PP  Error_PP_cum
Physic:   -1.611721e-07   0.000502639   -0.01106697     -3118.648      3263.958     -6382.606 -4.194089e-07             0             0   -2.7695e-05 -0.0001552685
Slowdown: -1.611719e-07  0.0005026385   -0.01106697     -3118.648      3263.958     -6382.606 -4.197099e-07             0             0 -2.756661e-05 -0.0001552514
Angular Momentum:  |L|err: 1.429688e-06  |L|err_cum: 0.00188341  L: -18.52584   228.9634    183.3435  |L|: 293.9086
C.M.: mass: 1900 pos: 0.07970226   -0.1190663    -0.01968522 vel: 0.0862826   -0.05060882    0.05097995
Tree step number: 2048
**** Wallclock time per step (local): [Min/Max]
 Total       PP_single   PP_cluster  PP_cross    Tree_NB     Tree_Force  Force_corr  Kick        FindCluster CreateGroup MPI_comm    Output      Status      Other      
  0.00090726  7.9598e-06  5.1849e-05           0  0.00015752   0.0006538  5.1047e-06   3.925e-06  1.4531e-05  1.1139e-05  7.1501e-07  3.4588e-06  3.3955e-09  1.5693e-06
  0.00090729  7.9922e-06  5.1882e-05           0  0.00015621  0.00064933  5.1505e-06  3.9559e-06  1.4564e-05  1.1156e-05  7.4494e-07  3.4591e-06  3.4102e-09   1.634e-06
**** FDPS tree soft force time profile (local):
 Sample_ptcl Domain_deco Ex_ptcl     SetRootCell Make_LT     Make_LET    Make_GT     Make_Group  Make_I_list Calc_force  Write_back 
           0           0           0  3.8759e-06  0.00011493   1.596e-05  9.1121e-05  1.3541e-06  2.5682e-05  0.00034917  9.8107e-06
**** Tree neighbor time profile (local):
 Sample_ptcl Domain_deco Ex_ptcl     SetRootCell Make_LT     Make_LET    Make_GT     Make_Group  Make_I_list Calc_force  Write_back 
           0           0           0  2.2109e-06  5.2411e-05  8.7096e-06  3.8837e-05  2.3571e-07  8.8462e-06  3.1631e-05  2.8267e-06
**** Number per step (global):
 PP_single   PP_cluster  PP_cross    Cluster     Cross       AR_step_sum
       974.1      25.897           0      12.015           0     0.27637
 AR_tsyn_sum Stab_Ngroup Iso_Ngroup  Form_Ngroup End_Ngroup  Modf_Ngroup Merg_Ngroup H4_step_sum H4_no_NB    Ep-Ep_sum   Ep-Sp_sum  
     0.10156           0           0    0.010742   0.0029297           0           0      134.97    0.012207  9.5203e+05      8431.6
**** Number of members in clusters (global):
N_members:            1           2           3           4           5           6
Count    :        974.1      10.549      1.1519     0.23584    0.070801   0.0078125

Time: 10  N_real(loc): 1000  N_real(glb): 1000  N_all(loc): 1000  N_all(glb): 1000  N_remove(glb): 0  N_escape(glb): 0
Energy:     Error/Total         Error     Error_cum         Total       Kinetic     Potential        Modify  Modify_group Modify_single      Error_PP  Error_PP_cum
Physic:    9.967782e-07  -0.003108603   -0.01417557     -3118.651       3344.12     -6462.771 -4.096359e-07             0             0 -3.644067e-05 -0.0001917092
Slowdown:  9.967782e-07  -0.003108603   -0.01417557     -3118.651       3344.12     -6462.771 -4.099368e-07             0             0 -3.642122e-05 -0.0001916726
Angular Momentum:  |L|err: -0.0001346324  |L|err_cum: 0.001748778  L: -18.52575   228.9634    183.3431  |L|: 293.9084
C.M.: mass: 1900 pos: 0.09456345   -0.1207565    0.002285393 vel: 0.005772677   0.001091793    0.02993325
Tree step number: 2048
**** Wallclock time per step (local): [Min/Max]
 Total       PP_single   PP_cluster  PP_cross    Tree_NB     Tree_Force  Force_corr  Kick        FindCluster CreateGroup MPI_comm    Output      Status      Other      
  0.00092264   7.957e-06   5.765e-05           0  0.00015725  0.00066441  5.2358e-06  3.6898e-06  1.5007e-05  1.1234e-05  6.3749e-07  2.3986e-06  4.1875e-09   1.564e-06
  0.00092267  7.9892e-06  5.7684e-05           0  0.00015599  0.00065967  5.2814e-06  3.7202e-06   1.504e-05  1.1251e-05   6.669e-07  2.3987e-06  4.2124e-09  1.6261e-06
**** FDPS tree soft force time profile (local):
 Sample_ptcl Domain_deco Ex_ptcl     SetRootCell Make_LT     Make_LET    Make_GT     Make_Group  Make_I_list Calc_force  Write_back 
           0           0           0   4.393e-06  0.00011728  1.6109e-05   9.389e-05   1.378e-06  2.9166e-05  0.00035145  1.0336e-05
**** Tree neighbor time profile (local):
 Sample_ptcl Domain_deco Ex_ptcl     SetRootCell Make_LT     Make_LET    Make_GT     Make_Group  Make_I_list Calc_force  Write_back 
           0           0           0  2.4462e-06  5.2412e-05  8.8007e-06  3.9497e-05  2.9562e-07  8.3699e-06  3.1694e-05  2.7647e-06
**** Number per step (global):
 PP_single   PP_cluster  PP_cross    Cluster     Cross       AR_step_sum
      972.03      27.971           0      12.639           0      2.0029
 AR_tsyn_sum Stab_Ngroup Iso_Ngroup  Form_Ngroup End_Ngroup  Modf_Ngroup Merg_Ngroup H4_step_sum H4_no_NB    Ep-Ep_sum   Ep-Sp_sum  
     0.69092           0           0    0.052734    0.016602           0           0      152.32    0.035156    9.38e+05       10649
**** Number of members in clusters (global):
N_members:            1           2           3           4           5
Count    :       972.03      10.633      1.4194     0.48584     0.10059

Time: 10.5  N_real(loc): 1000  N_real(glb): 1000  N_all(loc): 1000  N_all(glb): 1000  N_remove(glb): 0  N_escape(glb): 0
Energy:     Error/Total         Error     Error_cum         Total       Kinetic     Potential        Modify  Modify_group Modify_single      Error_PP  Error_PP_cum
Physic:   -2.777023e-07  0.0008660564   -0.01330951      -3118.65      3266.714     -6385.364 -8.296253e-07             0             0   -4.4784e-05 -0.0002364932
Slowdown: -2.777024e-07  0.0008660565   -0.01330951      -3118.65      3266.714     -6385.364 -8.300305e-07             0             0 -4.472344e-05 -0.0002363961
Angular Momentum:  |L|err: 0.0004314858  |L|err_cum: 0.002180263  L: -18.52565   228.9629    183.3429  |L|: 293.9079
C.M.: mass: 1900 pos: 0.09143198   -0.1127498    -0.001538708 vel: -0.04195971   -0.00647869    0.0160612
Tree step number: 2048
**** Wallclock time per step (local): [Min/Max]
 Total       PP_single   PP_cluster  PP_cross    Tree_NB     Tree_Force  Force_corr  Kick        FindCluster CreateGroup MPI_comm    Output      Status      Other      
  0.00090155   7.869e-06  5.9515e-05           0  0.00015381  0.00064373  5.0694e-06  3.6765e-06  1.5644e-05  1.1218e-05  7.0346e-07  2.9152e-06  3.6592e-09  1.7125e-06
  0.00090158  7.9014e-06  5.9551e-05           0  0.00015243  0.00063915   5.115e-06   3.707e-06  1.5677e-05  1.1235e-05  7.4803e-07  2.9154e-06  3.6787e-09  1.7759e-06
**** FDPS tree soft force time profile (local):
 Sample_ptcl Domain_deco Ex_ptcl     SetRootCell Make_LT     Make_LET    Make_GT     Make_Group  Make_I_list Calc_force  Write_back 
           0           0           0  3.9475e-06  0.00011809  1.5937e-05    9.07e-05    1.35e-06  3.1765e-05  0.00033078  1.0036e-05
**** Tree neighbor time profile (local):
 Sample_ptcl Domain_deco Ex_ptcl     SetRootCell Make_LT     Make_LET    Make_GT     Make_Group  Make_I_list Calc_force  Write_back 
           0           0           0  1.8638e-06  5.1749e-05  8.6445e-06  3.8589e-05  3.0812e-07  9.0598e-06  2.9173e-05  2.9729e-06
**** Number per step (global):
 PP_single   PP_cluster  PP_cross    Cluster     Cross       AR_step_sum
      969.97      30.027           0      13.215           0      1.2119
 AR_tsyn_sum Stab_Ngroup Iso_Ngroup  Form_Ngroup End_Ngroup  Modf_Ngroup Merg_Ngroup H4_step_sum H4_no_NB    Ep-Ep_sum   Ep-Sp_sum  
     0.43945           0           0    0.033691   0.0087891           0           0      163.79    0.046875  9.2372e+05       11787
**** Number of members in clusters (global):
N_members:            1           2           3           4           5           6           7           8          10
Count    :       969.97      10.843      1.6279     0.47168     0.14697    0.083496    0.016602    0.017578   0.0078125

Time: 11  N_real(loc): 1000  N_real(glb): 1000  N_all(loc): 1000  N_all(glb): 1000  N_remove(glb): 0  N_escape(glb): 0
Energy:     Error/Total         Error     Error_cum         Total       Kinetic     Potential        Modify  Modify_group Modify_single      Error_PP  Error_PP_cum
Physic:    3.336165e-07  -0.001040433   -0.01434995     -3118.651       2892.81     -6011.461 -6.171775e-07             0             0 -4.551022e-05 -0.0002820034
Slowdown:  3.336164e-07  -0.001040433   -0.01434995     -3118.651       2892.81     -6011.461 -6.175995e-07             0             0 -4.612418e-05 -0.0002825202
Angular Momentum:  |L|err: 0.0001110513  |L|err_cum: 0.002291315  L: -18.52512   228.963    183.3421  |L|: 293.9074
C.M.: mass: 1900 pos: 0.07543726   -0.1388539    -0.002575441 vel: -0.01278387   -0.03978278    -0.04489673
Tree step number: 2048
**** Wallclock time per step (local): [Min/Max]
 Total       PP_single   PP_cluster  PP_cross    Tree_NB     Tree_Force  Force_corr  Kick        FindCluster CreateGroup MPI_comm    Output      Status      Other      
  0.00092698  8.3787e-06  5.6648e-05           0  0.00015837   0.0006684  4.9776e-06  3.7856e-06  1.4813e-05  1.1299e-05  6.9294e-07  2.1932e-06  2.7051e-09  1.6887e-06
  0.00092701   8.411e-06  5.6683e-05           0  0.00015703  0.00066387  5.0233e-06  3.8167e-06  1.4846e-05  1.1316e-05  7.2277e-07  2.1934e-06  2.7197e-09  1.7532e-06
**** FDPS tree soft force time profile (local):
 Sample_ptcl Domain_deco Ex_ptcl     SetRootCell Make_LT     Make_LET    Make_GT     Make_Group  Make_I_list Calc_force  Write_back 
           0           0           0  3.8845e-06  0.00011711  1.6495e-05  9.1848e-05  1.4895e-06  2.9198e-05  0.00035615  9.9383e-06
**** Tree neighbor time profile (local):
 Sample_ptcl Domain_deco Ex_ptcl     SetRootCell Make_LT     Make_LET    Make_GT     Make_Group  Make_I_list Calc_force  Write_back 
           0           0           0  1.8607e-06  5.2834e-05  8.7443e-06  3.9574e-05  3.1328e-07  7.8509e-06  3.2431e-05  2.8958e-06
**** Number per step (global):
 PP_single   PP_cluster  PP_cross    Cluster     Cross       AR_step_sum
      972.56      27.436           0      12.107           0     0.31006
 AR_tsyn_sum Stab_Ngroup Iso_Ngroup  Form_Ngroup End_Ngroup  Modf_Ngroup Merg_Ngroup H4_step_sum H4_no_NB    Ep-Ep_sum   Ep-Sp_sum  
     0.10938           0           0    0.012695   0.0039062           0           0      151.37    0.030273  9.1738e+05       10914
**** Number of members in clusters (global):
N_members:            1           2           3           4           5           6           7           8           9
Count    :       972.56      9.8662      1.6328     0.39062       0.104     0.08252    0.025391   0.0029297   0.0029297

Time: 11.5  N_real(loc): 1000  N_real(glb): 1000  N_all(loc): 1000  N_all(glb): 1000  N_remove(glb): 0  N_escape(glb): 0
Energy:     Error/Total         Error     Error_cum         Total       Kinetic     Potential        Modify  Modify_group Modify_single      Error_PP  Error_PP_cum
Physic:   -9.202154e-07   0.002869828   -0.01148012     -3118.648        3177.3     -6295.948 -1.737473e-07             0             0 -5.424417e-05 -0.0003362476
Slowdown: -9.202153e-07   0.002869828   -0.01148012     -3118.648        3177.3     -6295.948 -1.739923e-07             0             0 -5.424966e-05 -0.0003367699
Angular Momentum:  |L|err: 0.0002579857  |L|err_cum: 0.0025493  L: -18.52467   228.9632    183.3416  |L|: 293.9072
C.M.: mass: 1900 pos: 0.07310172   -0.1581846    -0.01670584 vel: 0.03216811   -0.04688084    -0.04255757
Tree step number: 2048
**** Wallclock time per step (local): [Min/Max]
 Total       PP_single   PP_cluster  PP_cross    Tree_NB     Tree_Force  Force_corr  Kick        FindCluster CreateGroup MPI_comm    Output      Status      Other      
  0.00095568  7.9212e-06  5.4267e-05           0  0.00016057   0.0006978  5.0732e-06   3.751e-06  1.4512e-05  1.1091e-05  6.8319e-07  2.5558e-06  2.6807e-09  1.5739e-06
  0.00095571  7.9531e-06    5.43e-05           0  0.00015938   0.0006933  5.1184e-06  3.7814e-06  1.4544e-05  1.1107e-05  7.3287e-07  2.5564e-06  2.6953e-09  1.6606e-06
**** FDPS tree soft force time profile (local):
 Sample_ptcl Domain_deco Ex_ptcl     SetRootCell Make_LT     Make_LET    Make_GT     Make_Group  Make_I_list Calc_force  Write_back 
           0           0           0  3.8205e-06  0.00011489  1.6427e-05  0.00010315  1.6856e-06   3.753e-05  0.00033856  9.9043e-06
**** Tree neighbor time profile (local):
 Sample_ptcl Domain_deco Ex_ptcl     SetRootCell Make_LT     Make_LET    Make_GT     Make_Group  Make_I_list Calc_force  Write_back 
           0           0           0  2.1622e-06  5.1234e-05  8.6621e-06  4.1916e-05   3.624e-07  8.9154e-06  2.2349e-05    2.83e-06
**** Number per step (global):
 PP_single   PP_cluster  PP_cross    Cluster     Cross       AR_step_sum
      972.75      27.247           0      11.947           0     0.27197
 AR_tsyn_sum Stab_Ngroup Iso_Ngroup  Form_Ngroup End_Ngroup  Modf_Ngroup Merg_Ngroup H4_step_sum H4_no_NB    Ep-Ep_sum   Ep-Sp_sum  
    0.094727           0           0    0.015625   0.0043945           0           0      144.03    0.032715  9.0196e+05       13362
**** Number of members in clusters (global):
N_members:            1           2           3           4           5           6           7           8           9          10          11          13
Count    :       972.75      9.6973      1.6392     0.41992    0.086914    0.040039    0.021484   0.0029297    0.013672    0.010742   0.0087891   0.0029297
N_members:           14
Count    :    0.0029297

Time: 12  N_real(loc): 1000  N_real(glb): 1000  N_all(loc): 1000  N_all(glb): 1000  N_remove(glb): 0  N_escape(glb): 0
Energy:     Error/Total         Error     Error_cum         Total       Kinetic     Potential        Modify  Modify_group Modify_single      Error_PP  Error_PP_cum
Physic:    1.660845e-06  -0.005179599   -0.01665972     -3118.654      3454.105     -6572.759 -1.145866e-06             0             0 -5.479117e-05 -0.0003910388
Slowdown:  1.660845e-06  -0.005179599   -0.01665972     -3118.654      3454.105     -6572.759 -1.146117e-06             0             0   -5.5741e-05 -0.0003925109
Angular Momentum:  |L|err: -1.628988e-05  |L|err_cum: 0.002533011  L: -18.52462   228.9638    183.341  |L|: 293.9073
C.M.: mass: 1900 pos: 0.08184537   -0.164361    -0.03924189 vel: -0.08592915   -0.0117295    -0.01449745
Tree step number: 2048
**** Wallclock time per step (local): [Min/Max]
 Total       PP_single   PP_cluster  PP_cross    Tree_NB     Tree_Force  Force_corr  Kick        FindCluster CreateGroup MPI_comm    Output      Status      Other      
   0.0011991  8.9995e-06  7.4934e-05           0  0.00019446  0.00087762  6.1635e-06  3.9592e-06  1.7417e-05  1.5189e-05   7.591e-07  2.2262e-06  2.6074e-09  1.8428e-06
   0.0011992  9.0401e-06  7.4968e-05           0  0.00019299  0.00087286  6.2096e-06  3.9897e-06   1.745e-05  1.5211e-05  7.8887e-07  2.2265e-06  2.6221e-09  1.9309e-06
**** FDPS tree soft force time profile (local):
 Sample_ptcl Domain_deco Ex_ptcl     SetRootCell Make_LT     Make_LET    Make_GT     Make_Group  Make_I_list Calc_force  Write_back 
           0           0           0  4.3067e-06  0.00012055  1.7935e-05  0.00011119  2.0709e-06  4.1206e-05   0.0004715  1.0596e-05
**** Tree neighbor time profile (local):
 Sample_ptcl Domain_deco Ex_ptcl     SetRootCell Make_LT     Make_LET    Make_GT     Make_Group  Make_I_list Calc_force  Write_back 
           0           0           0  2.1505e-06  5.3827e-05  9.7035e-06  5.0244e-05   4.512e-07  9.3591e-06   2.866e-05   3.249e-06
**** Number per step (global):
 PP_single   PP_cluster  PP_cross    Cluster     Cross       AR_step_sum
       967.5        32.5           0      14.245           0      9.5161
 AR_tsyn_sum Stab_Ngroup Iso_Ngroup  Form_Ngroup End_Ngroup  Modf_Ngroup Merg_Ngroup H4_step_sum H4_no_NB    Ep-Ep_sum   Ep-Sp_sum  
      3.2163           0           0     0.40088    0.063477           0           0      169.98     0.31055  8.8341e+05       19135
**** Number of members in clusters (global):
N_members:            1           2           3           4           5           6           7           8           9
Count    :        967.5      11.536      1.8833     0.54053     0.17871    0.064453    0.013672    0.015625    0.012695

Time: 12.5  N_real(loc): 1000  N_real(glb): 1000  N_all(loc): 1000  N_all(glb): 1000  N_remove(glb): 0  N_escape(glb): 0
Energy:     Error/Total         Error     Error_cum         Total       Kinetic     Potential        Modify  Modify_group Modify_single      Error_PP  Error_PP_cum
Physic:    4.060632e-07  -0.001266371   -0.01792609     -3118.655      3340.109     -6458.763 -3.378155e-06             0             0 -0.0001050156 -0.0004960543
Slowdown:  4.060625e-07  -0.001266369   -0.01792609     -3118.655      3340.109     -6458.763  -3.38054e-06             0             0 -0.0001045492 -0.0004970601
Angular Momentum:  |L|err: 0.0005078948  |L|err_cum: 0.003040905  L: -18.52463   228.9629    183.341  |L|: 293.9066
C.M.: mass: 1900 pos: 0.03750155   -0.1389063    -0.0424116 vel: -0.05671172   0.04165222    -0.004734968
Tree step number: 2048
**** Wallclock time per step (local): [Min/Max]
 Total       PP_single   PP_cluster  PP_cross    Tree_NB     Tree_Force  Force_corr  Kick        FindCluster CreateGroup MPI_comm    Output      Status      Other      
   0.0010826  8.3667e-06  7.8965e-05           0  0.00016819  0.00078469  6.3031e-06  3.8023e-06  1.6672e-05  1.4154e-05  6.8486e-07  3.1839e-06  2.7544e-09  1.5898e-06
   0.0010826  8.3988e-06  7.8999e-05           0  0.00016685  0.00078013  6.3482e-06  3.8479e-06  1.6721e-05   1.417e-05  7.1418e-07  3.1843e-06  2.7739e-09  1.6719e-06
**** FDPS tree soft force time profile (local):
 Sample_ptcl Domain_deco Ex_ptcl     SetRootCell Make_LT     Make_LET    Make_GT     Make_Group  Make_I_list Calc_force  Write_back 
           0           0           0  3.9309e-06  0.00011553  1.6833e-05  9.6084e-05  1.6042e-06  3.8272e-05  0.00043814  1.0028e-05
**** Tree neighbor time profile (local):
 Sample_ptcl Domain_deco Ex_ptcl     SetRootCell Make_LT     Make_LET    Make_GT     Make_Group  Make_I_list Calc_force  Write_back 
           0           0           0  1.9718e-06  5.1732e-05  8.7798e-06   4.287e-05  3.7873e-07  9.1559e-06  2.7674e-05  2.8923e-06
**** Number per step (global):
 PP_single   PP_cluster  PP_cross    Cluster     Cross       AR_step_sum
      968.58       31.42           0      12.472           0       15.23
 AR_tsyn_sum Stab_Ngroup Iso_Ngroup  Form_Ngroup End_Ngroup  Modf_Ngroup Merg_Ngroup H4_step_sum H4_no_NB    Ep-Ep_sum   Ep-Sp_sum  
      5.1069           0           0     0.51221    0.082031           0           0      173.69     0.33594   8.725e+05       22424
**** Number of members in clusters (global):
N_members:            1           2           3           4           5           6           7           8           9          10          11          12
Count    :       968.58      9.5361       1.585     0.56592     0.33008     0.13086    0.083008    0.073242    0.074219    0.033203    0.015137     0.02832
N_members:           13          14
Count    :     0.011719   0.0048828

Time: 13  N_real(loc): 1000  N_real(glb): 1000  N_all(loc): 1000  N_all(glb): 1000  N_remove(glb): 0  N_escape(glb): 0
Energy:     Error/Total         Error     Error_cum         Total       Kinetic     Potential        Modify  Modify_group Modify_single      Error_PP  Error_PP_cum
Physic:    9.794459e-07  -0.003054557   -0.02098065     -3118.658      3093.896     -6212.553 -1.832508e-06             0             0 -0.0001130536 -0.0006091079
Slowdown:  9.794446e-07  -0.003054553   -0.02098064     -3118.658      3093.896     -6212.553 -1.839029e-06             0             0 -0.0001085527 -0.0006056128
Angular Momentum:  |L|err: 0.001592402  |L|err_cum: 0.004633307  L: -18.52346   228.9623    183.34  |L|: 293.9054
C.M.: mass: 1900 pos: 0.04182455   -0.1358357    -0.03875672 vel: -0.01670157   0.03142157    0.03312774
Tree step number: 2048
**** Wallclock time per step (local): [Min/Max]
 Total       PP_single   PP_cluster  PP_cross    Tree_NB     Tree_Force  Force_corr  Kick        FindCluster CreateGroup MPI_comm    Output      Status      Other      
  0.00095146  8.0574e-06    8.03e-05           0  0.00015584  0.00066656   7.226e-06  3.8673e-06  1.6419e-05  1.2879e-05  6.8818e-07  2.0635e-06  3.3169e-09  1.5897e-06
  0.00095149  8.0893e-06  8.0336e-05           0  0.00015447  0.00066208  7.2713e-06  3.8976e-06  1.6452e-05  1.2896e-05  7.1783e-07  2.0639e-06  3.3315e-09  1.6546e-06
**** FDPS tree soft force time profile (local):
 Sample_ptcl Domain_deco Ex_ptcl     SetRootCell Make_LT     Make_LET    Make_GT     Make_Group  Make_I_list Calc_force  Write_back 
           0           0           0  3.8547e-06  0.00011724  1.6354e-05   9.166e-05  1.6094e-06  3.8232e-05  0.00034345  1.0047e-05
**** Tree neighbor time profile (local):
 Sample_ptcl Domain_deco Ex_ptcl     SetRootCell Make_LT     Make_LET    Make_GT     Make_Group  Make_I_list Calc_force  Write_back 
           0           0           0  1.9381e-06  5.1815e-05  9.2523e-06  3.9601e-05  3.5755e-07  9.3329e-06  2.7368e-05   2.963e-06
**** Number per step (global):
 PP_single   PP_cluster  PP_cross    Cluster     Cross       AR_step_sum
      970.67      29.327           0      10.663           0      12.388
 AR_tsyn_sum Stab_Ngroup Iso_Ngroup  Form_Ngroup End_Ngroup  Modf_Ngroup Merg_Ngroup H4_step_sum H4_no_NB    Ep-Ep_sum   Ep-Sp_sum  
      4.1421           0           0     0.37305    0.066406           0           0      167.36     0.18213  8.8032e+05       19861
**** Number of members in clusters (global):
N_members:            1           2           3           4           5           6           7           8           9          10          11          12
Count    :       970.67      8.2959      1.0513     0.31494     0.14404     0.16211     0.19336      0.1123    0.087891    0.055664     0.07666    0.086914
N_members:           13          14          15          16          18
Count    :     0.036133     0.03125   0.0087891  0.00097656   0.0048828

Time: 13.5  N_real(loc): 1000  N_real(glb): 1000  N_all(loc): 1000  N_all(glb): 1000  N_remove(glb): 0  N_escape(glb): 0
Energy:     Error/Total         Error     Error_cum         Total       Kinetic     Potential        Modify  Modify_group Modify_single      Error_PP  Error_PP_cum
Physic:    3.201713e-06   -0.00998508   -0.03096573     -3118.668      2951.502     -6070.169 -2.227482e-06             0             0  -1.33773e-05 -0.0006224852
Slowdown:  3.201713e-06   -0.00998508   -0.03096572     -3118.668      2951.502     -6070.169 -2.234001e-06             0             0 -1.335979e-05 -0.0006189726
Angular Momentum:  |L|err: 0.0003041893  |L|err_cum: 0.004937496  L: -18.52346   228.9628    183.339  |L|: 293.9052
C.M.: mass: 1900 pos: 0.06748809   -0.1493164    -0.03321406 vel: 0.06060116   -0.05824642    0.008438943
Tree step number: 2048
**** Wallclock time per step (local): [Min/Max]
 Total       PP_single   PP_cluster  PP_cross    Tree_NB     Tree_Force  Force_corr  Kick        FindCluster CreateGroup MPI_comm    Output      Status      Other      
  0.00099793  9.3981e-06  6.7964e-05           0  0.00016753  0.00070767  8.7959e-06  4.9518e-06  1.9157e-05  1.2507e-05   6.663e-07  1.8296e-06  2.6465e-09  1.9515e-06
  0.00099797  9.4771e-06     6.8e-05           0  0.00016608  0.00070257  8.8488e-06  4.9828e-06  1.9192e-05  1.2524e-05  6.9595e-07  1.8297e-06   2.666e-09  2.0181e-06
**** FDPS tree soft force time profile (local):
 Sample_ptcl Domain_deco Ex_ptcl     SetRootCell Make_LT     Make_LET    Make_GT     Make_Group  Make_I_list Calc_force  Write_back 
           0           0           0  4.0163e-06  0.00012202  1.7091e-05  9.4748e-05  1.8385e-06  3.1098e-05   0.0003811  1.1204e-05
**** Tree neighbor time profile (local):
 Sample_ptcl Domain_deco Ex_ptcl     SetRootCell Make_LT     Make_LET    Make_GT     Make_Group  Make_I_list Calc_force  Write_back 
           0           0           0  1.9496e-06  5.4304e-05  9.3431e-06  4.1005e-05  3.4173e-07  9.2716e-06  3.5282e-05  3.1301e-06
**** Number per step (global):
 PP_single   PP_cluster  PP_cross    Cluster     Cross       AR_step_sum
      970.48      29.518           0      10.032           0      3.7915
 AR_tsyn_sum Stab_Ngroup Iso_Ngroup  Form_Ngroup End_Ngroup  Modf_Ngroup Merg_Ngroup H4_step_sum H4_no_NB    Ep-Ep_sum   Ep-Sp_sum  
      1.2759           0           0    0.077148    0.017578           0           0      174.73     0.12451  9.0687e+05       13518
**** Number of members in clusters (global):
N_members:            1           2           3           4           5           6           7           8           9          10          11          12
Count    :       970.48      7.5303      1.1255     0.27979     0.14209    0.089844     0.11816    0.078125      0.1665     0.17676     0.13086    0.057617
N_members:           13          14          15
Count    :     0.067383    0.052734    0.016602

Time: 14  N_real(loc): 1000  N_real(glb): 1000  N_all(loc): 1000  N_all(glb): 1000  N_remove(glb): 0  N_escape(glb): 0
Energy:     Error/Total         Error     Error_cum         Total       Kinetic     Potential        Modify  Modify_group Modify_single      Error_PP  Error_PP_cum
Physic:   -2.871984e-06    0.00895674   -0.02200899     -3118.659      3095.596     -6214.254 -2.068027e-06             0             0 -3.286012e-06 -0.0006257712
Slowdown: -2.871985e-06    0.00895674   -0.02200898     -3118.659      3095.596     -6214.254 -2.074821e-06             0             0 -3.284004e-06 -0.0006222566
Angular Momentum:  |L|err: -0.0003510292  |L|err_cum: 0.004586467  L: -18.52264   228.9634    183.3402  |L|: 293.9064
C.M.: mass: 1900 pos: 0.1046233   -0.1704969    -0.02882405 vel: 0.04926276   0.05647918    0.005971734
Tree step number: 2048
**** Wallclock time per step (local): [Min/Max]
 Total       PP_single   PP_cluster  PP_cross    Tree_NB     Tree_Force  Force_corr  Kick        FindCluster CreateGroup MPI_comm    Output      Status      Other      
    0.001308  9.8381e-06  6.4891e-05           0  0.00019796  0.00099168  8.4399e-06  4.2158e-06   1.779e-05  1.2634e-05  7.7204e-07  2.7187e-06  3.3804e-09  2.0259e-06
    0.001308  9.8709e-06  6.4924e-05           0  0.00019654   0.0009863  8.4862e-06  4.2467e-06  1.7823e-05  1.2651e-05  8.0191e-07  2.7191e-06   3.395e-09  2.1193e-06
**** FDPS tree soft force time profile (local):
 Sample_ptcl Domain_deco Ex_ptcl     SetRootCell Make_LT     Make_LET    Make_GT     Make_Group  Make_I_list Calc_force  Write_back 
           0           0           0  5.2673e-06  0.00012452  1.9189e-05   0.0001255  1.9207e-06  3.9877e-05  0.00055084  1.1906e-05
**** Tree neighbor time profile (local):
 Sample_ptcl Domain_deco Ex_ptcl     SetRootCell Make_LT     Make_LET    Make_GT     Make_Group  Make_I_list Calc_force  Write_back 
           0           0           0  2.0595e-06  5.4184e-05  1.0183e-05  4.9494e-05  4.5116e-07   9.586e-06   3.108e-05  3.0776e-06
**** Number per step (global):
 PP_single   PP_cluster  PP_cross    Cluster     Cross       AR_step_sum
      971.99      28.011           0      9.5889           0      1.6792
 AR_tsyn_sum Stab_Ngroup Iso_Ngroup  Form_Ngroup End_Ngroup  Modf_Ngroup Merg_Ngroup H4_step_sum H4_no_NB    Ep-Ep_sum   Ep-Sp_sum  
     0.59424           0           0    0.044434    0.012695           0           0       158.7     0.14551  8.7846e+05       18610
**** Number of members in clusters (global):
N_members:            1           2           3           4           5           6           7           8           9          10          11          12
Count    :       971.99      7.4409     0.68066     0.33301     0.15137     0.22314     0.18652    0.073242     0.15039    0.083984    0.042969    0.063477
N_members:           13          14          15          16          17          19
Count    :     0.021484    0.067383    0.018555    0.044922   0.0048828   0.0019531

Time: 14.5  N_real(loc): 1000  N_real(glb): 1000  N_all(loc): 1000  N_all(glb): 1000  N_remove(glb): 0  N_escape(glb): 0
Energy:     Error/Total         Error     Error_cum         Total       Kinetic     Potential        Modify  Modify_group Modify_single      Error_PP  Error_PP_cum
Physic:   -9.957564e-06    0.03105393   0.009044949     -3118.628      3270.466     -6389.094  -1.93193e-06             0             0 -4.596041e-06 -0.0006303673
Slowdown: -9.957564e-06    0.03105393   0.009044955     -3118.628      3270.466     -6389.094 -1.938725e-06             0             0 -4.422814e-06 -0.0006266794
Angular Momentum:  |L|err: 0.0007713269  |L|err_cum: 0.005357794  L: -18.52229   228.9632    183.3394  |L|: 293.9057
C.M.: mass: 1900 pos: 0.09714492   -0.1279014    -0.03991259 vel: -0.02822707   0.03963865    -0.04527947
Tree step number: 2048
**** Wallclock time per step (local): [Min/Max]
 Total       PP_single   PP_cluster  PP_cross    Tree_NB     Tree_Force  Force_corr  Kick        FindCluster CreateGroup MPI_comm    Output      Status      Other      
   0.0013199  1.0202e-05  7.2071e-05           0  0.00020544  0.00098454  9.3074e-06  4.1133e-06  2.0315e-05  1.3525e-05  8.1182e-07  3.0534e-06  2.7344e-09  2.0991e-06
     0.00132  1.0243e-05  7.2106e-05           0  0.00020394   0.0009785  9.3605e-06  4.1443e-06  2.0349e-05  1.3544e-05  8.4196e-07  3.0537e-06   2.749e-09  2.2018e-06
**** FDPS tree soft force time profile (local):
 Sample_ptcl Domain_deco Ex_ptcl     SetRootCell Make_LT     Make_LET    Make_GT     Make_Group  Make_I_list Calc_force  Write_back 
           0           0           0  5.4214e-06  0.00012798  1.9968e-05  0.00012449  2.1038e-06  4.0517e-05  0.00054677  1.3406e-05
**** Tree neighbor time profile (local):
 Sample_ptcl Domain_deco Ex_ptcl     SetRootCell Make_LT     Make_LET    Make_GT     Make_Group  Make_I_list Calc_force  Write_back 
           0           0           0   2.261e-06  5.7051e-05  1.0769e-05  5.0901e-05  4.8503e-07  1.0359e-05  3.4475e-05  3.2715e-06
**** Number per step (global):
 PP_single   PP_cluster  PP_cross    Cluster     Cross       AR_step_sum
      969.45      30.551           0      9.9204           0      1.9375
 AR_tsyn_sum Stab_Ngroup Iso_Ngroup  Form_Ngroup End_Ngroup  Modf_Ngroup Merg_Ngroup H4_step_sum H4_no_NB    Ep-Ep_sum   Ep-Sp_sum  
      0.6748           0           0    0.036621   0.0087891           0           0      171.77     0.14307  8.6863e+05       20454
**** Number of members in clusters (global):
N_members:            1           2           3           4           5           6           7           8           9          10          11          12
Count    :       969.45      7.4014     0.87109     0.32227     0.25684     0.20166     0.16699    0.060547    0.052734     0.11719     0.16113     0.11719
N_members:           13          14          15          16          17          19          20          21          22
Count    :     0.043945    0.049805    0.049805    0.016602   0.0068359    0.016602   0.0048828   0.0019531  0.00097656

Time: 15  N_real(loc): 1000  N_real(glb): 1000  N_all(loc): 1000  N_all(glb): 1000  N_remove(glb): 0  N_escape(glb): 0
Energy:     Error/Total         Error     Error_cum         Total       Kinetic     Potential        Modify  Modify_group Modify_single      Error_PP  Error_PP_cum
Physic:    8.051461e-07  -0.002510953   0.006533996      -3118.63      3138.423     -6257.054  -2.25229e-06             0             0 -1.627437e-05 -0.0006466416
Slowdown:  8.051461e-07  -0.002510953   0.006534002      -3118.63      3138.423     -6257.054 -2.259021e-06             0             0 -1.629377e-05 -0.0006429732
Angular Momentum:  |L|err: -0.0006518049  |L|err_cum: 0.004705989  L: -18.5231   228.9619    183.3409  |L|: 293.9057
C.M.: mass: 1900 pos: 0.09407944   -0.1038018    -0.06605039 vel: 0.0631411   0.009117407    -0.02312593
Tree step number: 2048
**** Wallclock time per step (local): [Min/Max]
 Total       PP_single   PP_cluster  PP_cross    Tree_NB     Tree_Force  Force_corr  Kick        FindCluster CreateGroup MPI_comm    Output      Status      Other      
   0.0012831  1.0813e-05  7.9992e-05           0  0.00021332  0.00092788  1.2378e-05  4.4157e-06  2.0824e-05  1.3948e-05  9.7872e-07  2.3774e-06  3.3804e-09  2.1657e-06
   0.0012831  1.0847e-05  8.0029e-05           0  0.00021168  0.00092132  1.2426e-05  4.4475e-06  2.0859e-05  1.3966e-05  1.0092e-06  2.3778e-06  3.4004e-09  2.2826e-06
**** FDPS tree soft force time profile (local):
 Sample_ptcl Domain_deco Ex_ptcl     SetRootCell Make_LT     Make_LET    Make_GT     Make_Group  Make_I_list Calc_force  Write_back 
           0           0           0  5.3429e-06   0.0001356  2.0753e-05  0.00013842  2.2831e-06  4.3777e-05  0.00044914   1.443e-05
**** Tree neighbor time profile (local):
 Sample_ptcl Domain_deco Ex_ptcl     SetRootCell Make_LT     Make_LET    Make_GT     Make_Group  Make_I_list Calc_force  Write_back 
           0           0           0  2.7398e-06  5.9325e-05  1.1768e-05  5.5351e-05  6.0541e-07  1.1113e-05  3.1021e-05  3.5773e-06
**** Number per step (global):
 PP_single   PP_cluster  PP_cross    Cluster     Cross       AR_step_sum
      969.89      30.111           0      9.0249           0      1.3628
 AR_tsyn_sum Stab_Ngroup Iso_Ngroup  Form_Ngroup End_Ngroup  Modf_Ngroup Merg_Ngroup H4_step_sum H4_no_NB    Ep-Ep_sum   Ep-Sp_sum  
     0.47754           0           0    0.033691   0.0097656           0           0      178.29     0.23682  8.6361e+05       22702
**** Number of members in clusters (global):
N_members:            1           2           3           4           5           6           7           8           9          10          11          12
Count    :       969.89      6.5791     0.83447     0.26074     0.32031       0.104    0.082031    0.042969    0.062012     0.11719     0.11133      0.1377
N_members:           13          14          15          16          17          18          19          20          21          22
Count    :      0.11133    0.060547    0.086914    0.023438    0.035156    0.011719    0.015625    0.019531   0.0068359   0.0019531

Time: 15.5  N_real(loc): 1000  N_real(glb): 1000  N_all(loc): 1000  N_all(glb): 1000  N_remove(glb): 0  N_escape(glb): 0
Energy:     Error/Total         Error     Error_cum         Total       Kinetic     Potential        Modify  Modify_group Modify_single      Error_PP  Error_PP_cum
Physic:   -2.875205e-06   0.008966677    0.01550067     -3118.621      3288.766     -6407.387 -2.086007e-06             0             0 -1.905462e-05 -0.0006656962
Slowdown: -2.875205e-06   0.008966677    0.01550068     -3118.621      3288.766     -6407.387 -2.092815e-06             0             0 -1.905707e-05 -0.0006620302
Angular Momentum:  |L|err: -0.0006754273  |L|err_cum: 0.004030562  L: -18.52432   228.9617    183.341  |L|: 293.9057
C.M.: mass: 1900 pos: 0.100668   -0.09552716    -0.0863479 vel: 0.03575121   -0.0733386    -0.003670442
Tree step number: 2048
**** Wallclock time per step (local): [Min/Max]
 Total       PP_single   PP_cluster  PP_cross    Tree_NB     Tree_Force  Force_corr  Kick        FindCluster CreateGroup MPI_comm    Output      Status      Other      
   0.0011366  9.8006e-06  7.2947e-05           0  0.00019429  0.00081569  8.2276e-06  4.6112e-06  1.8274e-05  1.2998e-05   7.929e-07  2.3471e-06  2.5537e-09  1.9366e-06
   0.0011366  9.8483e-06  7.2983e-05           0   0.0001926  0.00081011  8.2748e-06  4.6423e-06  1.8309e-05  1.3015e-05  8.2289e-07  2.3474e-06  2.5732e-09  2.0217e-06
**** FDPS tree soft force time profile (local):
 Sample_ptcl Domain_deco Ex_ptcl     SetRootCell Make_LT     Make_LET    Make_GT     Make_Group  Make_I_list Calc_force  Write_back 
           0           0           0  4.6384e-06  0.00012891  1.9242e-05  0.00012743  2.1853e-06  4.2039e-05  0.00037401  1.2335e-05
**** Tree neighbor time profile (local):
 Sample_ptcl Domain_deco Ex_ptcl     SetRootCell Make_LT     Make_LET    Make_GT     Make_Group  Make_I_list Calc_force  Write_back 
           0           0           0  2.5424e-06  5.6367e-05  1.0662e-05  5.2006e-05  4.8757e-07  1.0945e-05  2.4418e-05   3.651e-06
**** Number per step (global):
 PP_single   PP_cluster  PP_cross    Cluster     Cross       AR_step_sum
      972.64      27.364           0      9.7754           0      4.2319
 AR_tsyn_sum Stab_Ngroup Iso_Ngroup  Form_Ngroup End_Ngroup  Modf_Ngroup Merg_Ngroup H4_step_sum H4_no_NB    Ep-Ep_sum   Ep-Sp_sum  
      1.4775           0           0    0.098633    0.024414           0           0      160.15     0.13037  8.7617e+05       17328
**** Number of members in clusters (global):
N_members:            1           2           3           4           5           6           7           8           9          10          11          12
Count    :       972.64      7.6289     0.78369     0.25684     0.27246     0.27344    0.062988    0.078125    0.083008    0.086914     0.10742    0.066406
N_members:           13          14          15          16          17          18
Count    :     0.044922    0.012695  0.00097656   0.0029297   0.0048828   0.0087891

Time: 16  N_real(loc): 1000  N_real(glb): 1000  N_all(loc): 1000  N_all(glb): 1000  N_remove(glb): 0  N_escape(glb): 0
Energy:     Error/Total         Error     Error_cum         Total       Kinetic     Potential        Modify  Modify_group Modify_single      Error_PP  Error_PP_cum
Physic:    2.082396e-06  -0.006494219   0.009006453     -3118.628      3334.052      -6452.68 -1.664515e-06             0             0 -1.476682e-05 -0.0006804631
Slowdown:  2.082396e-06  -0.006494219    0.00900646     -3118.628      3334.052      -6452.68 -1.671323e-06             0             0 -1.478287e-05 -0.0006768131
Angular Momentum:  |L|err: -7.710287e-05  |L|err_cum: 0.003953459  L: -18.52437   228.9618    183.3411  |L|: 293.9058
C.M.: mass: 1900 pos: 0.09395544   -0.104298    -0.06692579 vel: 0.003467124   0.09703209    0.07025665
Tree step number: 2048
**** Wallclock time per step (local): [Min/Max]
 Total       PP_single   PP_cluster  PP_cross    Tree_NB     Tree_Force  Force_corr  Kick        FindCluster CreateGroup MPI_comm    Output      Status      Other      
   0.0012677  9.9553e-06  7.8584e-05           0  0.00021984  0.00091052  1.0194e-05  4.2344e-06  1.9625e-05  1.2998e-05  7.9994e-07  3.5391e-06  3.0625e-09  1.9882e-06
   0.0012677  9.9875e-06  7.8618e-05           0  0.00021834  0.00090537   1.024e-05  4.2649e-06  1.9659e-05  1.3015e-05  8.2984e-07    3.54e-06   3.082e-09  2.0784e-06
**** FDPS tree soft force time profile (local):
 Sample_ptcl Domain_deco Ex_ptcl     SetRootCell Make_LT     Make_LET    Make_GT     Make_Group  Make_I_list Calc_force  Write_back 
           0           0           0  4.8144e-06  0.00013118  1.9259e-05  0.00015143  2.2432e-06  4.5187e-05  0.00038887  1.1503e-05
**** Tree neighbor time profile (local):
 Sample_ptcl Domain_deco Ex_ptcl     SetRootCell Make_LT     Make_LET    Make_GT     Make_Group  Make_I_list Calc_force  Write_back 
           0           0           0  2.4013e-06  5.8415e-05  1.0588e-05  5.8969e-05   5.254e-07  1.1887e-05  2.4033e-05  3.2618e-06
**** Number per step (global):
 PP_single   PP_cluster  PP_cross    Cluster     Cross       AR_step_sum
      970.46      29.541           0      9.1572           0      2.8472
 AR_tsyn_sum Stab_Ngroup Iso_Ngroup  Form_Ngroup End_Ngroup  Modf_Ngroup Merg_Ngroup H4_step_sum H4_no_NB    Ep-Ep_sum   Ep-Sp_sum  
      1.0093           0           0    0.058594    0.012207           0           0      175.79     0.12842  8.8015e+05       16458
**** Number of members in clusters (global):
N_members:            1           2           3           4           5           6           7           8           9          10          11          12
Count    :       970.46      6.6011      1.1084     0.29395      0.1377     0.13721     0.13232    0.094727    0.075195    0.052734    0.041016       0.125
N_members:           13          14          15          16          17          18          19          20          21
Count    :      0.10889    0.069336    0.048828    0.018555    0.022461    0.044922     0.02832   0.0058594    0.010742

Time: 16.5  N_real(loc): 1000  N_real(glb): 1000  N_all(loc): 1000  N_all(glb): 1000  N_remove(glb): 0  N_escape(glb): 0
Energy:     Error/Total         Error     Error_cum         Total       Kinetic     Potential        Modify  Modify_group Modify_single      Error_PP  Error_PP_cum
Physic:   -1.393083e-06   0.004344502    0.01335096     -3118.624      3557.371     -6675.994 -2.087773e-06             0             0 -7.833775e-06 -0.0006882968
Slowdown: -1.393083e-06   0.004344502    0.01335096     -3118.624      3557.371     -6675.994 -2.094581e-06             0             0 -7.934155e-06 -0.0006847473
Angular Momentum:  |L|err: 0.0002099777  |L|err_cum: 0.004163437  L: -18.52435   228.9615    183.341  |L|: 293.9056
C.M.: mass: 1900 pos: 0.08056161   -0.05034297    -0.02474099 vel: -0.01808143   0.1361287    0.08658484
Tree step number: 2048
**** Wallclock time per step (local): [Min/Max]
 Total       PP_single   PP_cluster  PP_cross    Tree_NB     Tree_Force  Force_corr  Kick        FindCluster CreateGroup MPI_comm    Output      Status      Other      
    0.001064  1.0414e-05  8.8621e-05           0   0.0001708  0.00074334  1.2006e-05  4.1985e-06  2.1092e-05  1.3429e-05  1.0405e-06  2.6675e-06  3.2827e-09  2.3091e-06
   0.0010641  1.0448e-05   8.866e-05           0  0.00016932  0.00073696  1.2053e-05    4.23e-06  2.1128e-05  1.3447e-05  1.0811e-06  2.6678e-06  3.3022e-09  2.3882e-06
**** FDPS tree soft force time profile (local):
 Sample_ptcl Domain_deco Ex_ptcl     SetRootCell Make_LT     Make_LET    Make_GT     Make_Group  Make_I_list Calc_force  Write_back 
           0           0           0  4.7076e-06  0.00012937  1.9801e-05  0.00010741   1.893e-06  4.3207e-05  0.00038088   1.388e-05
**** Tree neighbor time profile (local):
 Sample_ptcl Domain_deco Ex_ptcl     SetRootCell Make_LT     Make_LET    Make_GT     Make_Group  Make_I_list Calc_force  Write_back 
           0           0           0  2.1667e-06  5.8454e-05  1.1718e-05  4.4222e-05  4.6875e-07  1.0271e-05  2.8166e-05  3.2124e-06
**** Number per step (global):
 PP_single   PP_cluster  PP_cross    Cluster     Cross       AR_step_sum
      967.37      32.633           0      9.5308           0      3.1914
 AR_tsyn_sum Stab_Ngroup Iso_Ngroup  Form_Ngroup End_Ngroup  Modf_Ngroup Merg_Ngroup H4_step_sum H4_no_NB    Ep-Ep_sum   Ep-Sp_sum  
      1.1294           0           0     0.07373    0.018555           0           0      203.21     0.22314  8.7239e+05       17976
**** Number of members in clusters (global):
N_members:            1           2           3           4           5           6           7           8           9          10          11          12
Count    :       967.37      7.1118      0.7915     0.39795     0.10156     0.10449    0.053711    0.056641     0.06543    0.082031     0.12891    0.079102
N_members:           13          14          15          16          17          18          19          20          21          23          24          25
Count    :      0.11182     0.10547     0.13135    0.054688    0.058594    0.026367    0.023438    0.022461   0.0019531   0.0087891   0.0029297   0.0048828
N_members:           26
Count    :    0.0048828

Time: 17  N_real(loc): 1000  N_real(glb): 1000  N_all(loc): 1000  N_all(glb): 1000  N_remove(glb): 0  N_escape(glb): 0
Energy:     Error/Total         Error     Error_cum         Total       Kinetic     Potential        Modify  Modify_group Modify_single      Error_PP  Error_PP_cum
Physic:   -4.113903e-06    0.01282966    0.02618062     -3118.611       3083.41     -6202.021 -1.196782e-06             0             0  -0.004362233   -0.00505053
Slowdown: -4.113903e-06    0.01282966    0.02618062     -3118.611       3083.41     -6202.021 -1.203588e-06             0             0  -0.004362231  -0.005046978
Angular Momentum:  |L|err: -0.0005026492  |L|err_cum: 0.003660787  L: -18.52395   228.9622    183.342  |L|: 293.9066
C.M.: mass: 1900 pos: 0.07440217   0.009992509    -0.01089661 vel: -0.0436499   0.1285354    -0.01084699
Tree step number: 2048
**** Wallclock time per step (local): [Min/Max]
 Total       PP_single   PP_cluster  PP_cross    Tree_NB     Tree_Force  Force_corr  Kick        FindCluster CreateGroup MPI_comm    Output      Status      Other      
   0.0011847  1.0324e-05  0.00010514           0  0.00018659   0.0008348  1.0131e-05  4.2384e-06  1.9247e-05  1.5354e-05  7.5743e-07  3.2077e-06  3.2534e-09  1.9583e-06
   0.0011848  1.0358e-05  0.00010518           0  0.00018498  0.00082743  1.0178e-05  4.2704e-06  1.9299e-05  1.5372e-05  7.8747e-07  3.2079e-06  3.2681e-09  2.0398e-06
**** FDPS tree soft force time profile (local):
 Sample_ptcl Domain_deco Ex_ptcl     SetRootCell Make_LT     Make_LET    Make_GT     Make_Group  Make_I_list Calc_force  Write_back 
           0           0           0  4.4144e-06  0.00012924  1.9636e-05  0.00011685  2.0207e-06  4.1349e-05  0.00043759  1.5962e-05
**** Tree neighbor time profile (local):
 Sample_ptcl Domain_deco Ex_ptcl     SetRootCell Make_LT     Make_LET    Make_GT     Make_Group  Make_I_list Calc_force  Write_back 
           0           0           0  3.0196e-06  5.8304e-05  1.0581e-05  4.6215e-05   5.035e-07  9.6304e-06  3.5115e-05  3.4893e-06
**** Number per step (global):
 PP_single   PP_cluster  PP_cross    Cluster     Cross       AR_step_sum
      971.75      28.252           0      8.5259           0      9.8569
 AR_tsyn_sum Stab_Ngroup Iso_Ngroup  Form_Ngroup End_Ngroup  Modf_Ngroup Merg_Ngroup H4_step_sum H4_no_NB    Ep-Ep_sum   Ep-Sp_sum  
      3.4243           0           0     0.15137    0.027832           0           0         180     0.17285  8.7339e+05       18038
**** Number of members in clusters (global):
N_members:            1           2           3           4           5           6           7           8           9          10          11          12
Count    :       971.75      6.4053     0.68555    0.099121      0.1084      0.1582     0.10547     0.13281     0.12891      0.2168     0.17188    0.054688
N_members:           13          14          15          16          17          18
Count    :     0.070312    0.046387    0.069824     0.03125    0.027344    0.013672

Time: 17.5  N_real(loc): 1000  N_real(glb): 1000  N_all(loc): 1012  N_all(glb): 1012  N_remove(glb): 0  N_escape(glb): 0
Energy:     Error/Total         Error     Error_cum         Total       Kinetic     Potential        Modify  Modify_group Modify_single      Error_PP  Error_PP_cum
Physic:     -0.02987496      89.31789      89.34407     -2989.724      2909.167     -5898.891      39.56891             0             0     0.2718322     0.2667817
Slowdown:   -0.03024432      89.29816      89.32434     -2952.559      2898.914     -5851.473      76.75303             0             0     0.2718322     0.2667852
Angular Momentum:  |L|err: 8.829686  |L|err_cum: 8.833347  L: -25.02408   224.1911    179.7343  |L|: 288.4307
C.M.: mass: 1900 pos: 0.03679639   0.02401746    -0.002386604 vel: -0.07133413   -0.006559013    0.0591914
Tree step number: 2048
**** Wallclock time per step (local): [Min/Max]
 Total       PP_single   PP_cluster  PP_cross    Tree_NB     Tree_Force  Force_corr  Kick        FindCluster CreateGroup MPI_comm    Output      Status      Other      
   0.0013012  9.6184e-06  0.00019775           0  0.00018839  0.00085619  1.2122e-05  3.9402e-06  1.8809e-05  1.4439e-05   7.179e-07  2.1279e-06  2.6025e-09  1.9415e-06
   0.0013013  9.6518e-06   0.0001978           0   0.0001869  0.00085092  1.2169e-05  3.9888e-06  1.8846e-05  1.4456e-05  7.4772e-07  2.1281e-06  2.6172e-09  2.0305e-06
**** FDPS tree soft force time profile (local):
 Sample_ptcl Domain_deco Ex_ptcl     SetRootCell Make_LT     Make_LET    Make_GT     Make_Group  Make_I_list Calc_force  Write_back 
           0           0           0  4.1647e-06   0.0001261  1.8752e-05  0.00011365   2.007e-06  3.7198e-05  0.00046397  1.1794e-05
**** Tree neighbor time profile (local):
 Sample_ptcl Domain_deco Ex_ptcl     SetRootCell Make_LT     Make_LET    Make_GT     Make_Group  Make_I_list Calc_force  Write_back 
           0           0           0  2.2521e-06  5.6071e-05  9.9756e-06  4.6952e-05   5.013e-07  8.2201e-06  3.4048e-05  3.2254e-06
**** Number per step (global):
 PP_single   PP_cluster  PP_cross    Cluster     Cross       AR_step_sum
      973.39      26.609           0      8.0498           0      47.965
 AR_tsyn_sum Stab_Ngroup Iso_Ngroup  Form_Ngroup End_Ngroup  Modf_Ngroup Merg_Ngroup H4_step_sum H4_no_NB    Ep-Ep_sum   Ep-Sp_sum  
      15.779     0.30518           0     0.19336    0.033691           0           0      180.88     0.15283  8.8249e+05       17441
**** Number of members in clusters (global):
N_members:            1           2           3           4           5           6           7           8           9          10          11          12
Count    :       973.39      6.3384     0.50293      0.2124     0.07373    0.037109    0.047852    0.061523    0.014648    0.054688     0.12109     0.18848
N_members:           13          14          15          16          17          18          19
Count    :      0.12793    0.058105    0.066406    0.069336    0.055664    0.016602   0.0029297

Time: 18  N_real(loc): 1000  N_real(glb): 1000  N_all(loc): 1012  N_all(glb): 1012  N_remove(glb): 0  N_escape(glb): 0
Energy:     Error/Total         Error     Error_cum         Total       Kinetic     Potential        Modify  Modify_group Modify_single      Error_PP  Error_PP_cum
Physic:     -0.05350233      148.9503      238.2944     -2783.996      2813.585     -5597.581      96.34644             0             0  -0.000224709      0.266557
Slowdown:   -0.05421086      148.9055      238.2298     -2746.783      2794.955     -5541.738      170.7883             0             0 -3.215476e-06      0.266782
Angular Momentum:  |L|err: 10.37414  |L|err_cum: 19.20749  L: -22.75965   221.607    166.1126  |L|: 277.8868
C.M.: mass: 1900 pos: 0.03283534   -0.01875555    0.01787619 vel: 0.002087446   -0.07018112    0.02173019
Tree step number: 2048
**** Wallclock time per step (local): [Min/Max]
 Total       PP_single   PP_cluster  PP_cross    Tree_NB     Tree_Force  Force_corr  Kick        FindCluster CreateGroup MPI_comm    Output      Status      Other      
   0.0011982  1.0122e-05  5.4121e-05           0  0.00019583  0.00089311  8.6561e-06  4.3943e-06  1.6311e-05  1.6051e-05   7.444e-07  2.3115e-06  2.8472e-09  1.9009e-06
   0.0011983  1.0156e-05  5.4155e-05           0  0.00019429  0.00088727  8.7035e-06  4.4255e-06  1.6345e-05  1.6069e-05  7.7435e-07  2.3118e-06  2.8667e-09  1.9984e-06
**** FDPS tree soft force time profile (local):
 Sample_ptcl Domain_deco Ex_ptcl     SetRootCell Make_LT     Make_LET    Make_GT     Make_Group  Make_I_list Calc_force  Write_back 
           0           0           0  4.7338e-06  0.00013094   1.945e-05  0.00011279  1.8464e-06  3.8251e-05  0.00048648  1.2893e-05
**** Tree neighbor time profile (local):
 Sample_ptcl Domain_deco Ex_ptcl     SetRootCell Make_LT     Make_LET    Make_GT     Make_Group  Make_I_list Calc_force  Write_back 
           0           0           0   2.538e-06  5.6477e-05  1.0332e-05  4.7857e-05  4.8889e-07  8.4981e-06  3.4398e-05  3.3331e-06
**** Number per step (global):
 PP_single   PP_cluster  PP_cross    Cluster     Cross       AR_step_sum
      978.42      21.578           0      8.7378           0      14.569
 AR_tsyn_sum Stab_Ngroup Iso_Ngroup  Form_Ngroup End_Ngroup  Modf_Ngroup Merg_Ngroup H4_step_sum H4_no_NB    Ep-Ep_sum   Ep-Sp_sum  
     0.23633           1           0     0.02002   0.0048828           0           0      103.61    0.012695  9.1093e+05       16814
**** Number of members in clusters (global):
N_members:            1           2           3           4           5           6           7           8           9          10
Count    :       978.42       7.041     0.70312     0.38672     0.15381     0.21777     0.16992    0.033203    0.013672    0.018555

Time: 18.5  N_real(loc): 1000  N_real(glb): 1000  N_all(loc): 1012  N_all(glb): 1012  N_remove(glb): 0  N_escape(glb): 0
Energy:     Error/Total         Error     Error_cum         Total       Kinetic     Potential        Modify  Modify_group Modify_single      Error_PP  Error_PP_cum
Physic:     -0.02620392      70.74319      309.0375     -2699.717      3082.747     -5782.465      109.8819             0             0 -7.223028e-06     0.2665497
Slowdown:   -0.02656882      70.73952      308.9693     -2662.501      3064.101     -5726.602      221.5437             0             0 -7.248119e-06     0.2667747
Angular Momentum:  |L|err: 18.5396  |L|err_cum: 37.74709  L: -12.32915   217.8874    147.7935  |L|: 263.5713
C.M.: mass: 1900 pos: 0.04368882   -0.04329641    0.006621646 vel: 0.05973688   -0.02005015    -0.02447497
Tree step number: 2048
**** Wallclock time per step (local): [Min/Max]
 Total       PP_single   PP_cluster  PP_cross    Tree_NB     Tree_Force  Force_corr  Kick        FindCluster CreateGroup MPI_comm    Output      Status      Other      
   0.0011959  9.1431e-06  5.1554e-05           0  0.00019996  0.00089133  7.6683e-06  3.9495e-06  1.4801e-05  1.6497e-05   6.663e-07  2.7699e-06  2.5977e-09  1.8649e-06
    0.001196  9.1755e-06  5.1587e-05           0  0.00019851  0.00088645   7.714e-06  3.9801e-06  1.4834e-05  1.6522e-05  6.9587e-07  2.7701e-06  2.6172e-09  1.9573e-06
**** FDPS tree soft force time profile (local):
 Sample_ptcl Domain_deco Ex_ptcl     SetRootCell Make_LT     Make_LET    Make_GT     Make_Group  Make_I_list Calc_force  Write_back 
           0           0           0  4.3855e-06  0.00012572  1.8443e-05    0.000114  1.7759e-06  3.7476e-05  0.00047746  1.0873e-05
**** Tree neighbor time profile (local):
 Sample_ptcl Domain_deco Ex_ptcl     SetRootCell Make_LT     Make_LET    Make_GT     Make_Group  Make_I_list Calc_force  Write_back 
           0           0           0   2.073e-06  5.4855e-05  1.0039e-05  5.0531e-05  5.0627e-07  8.2655e-06  3.0915e-05  3.1436e-06
**** Number per step (global):
 PP_single   PP_cluster  PP_cross    Cluster     Cross       AR_step_sum
      980.06      19.938           0      8.1265           0      14.775
 AR_tsyn_sum Stab_Ngroup Iso_Ngroup  Form_Ngroup End_Ngroup  Modf_Ngroup Merg_Ngroup H4_step_sum H4_no_NB    Ep-Ep_sum   Ep-Sp_sum  
     0.29492           1           0    0.022461   0.0063477           0           0      100.37    0.013672  9.0854e+05       18475
**** Number of members in clusters (global):
N_members:            1           2           3           4           5           6           7           8           9          10
Count    :       980.06      6.4946     0.80469     0.34619     0.13086     0.11084     0.11426    0.094727    0.029297  0.00097656

Time: 19  N_real(loc): 1000  N_real(glb): 1000  N_all(loc): 1012  N_all(glb): 1012  N_remove(glb): 0  N_escape(glb): 0
Energy:     Error/Total         Error     Error_cum         Total       Kinetic     Potential        Modify  Modify_group Modify_single      Error_PP  Error_PP_cum
Physic:     -0.01100834      29.34335      338.3809     -2665.556      3338.962     -6004.518      114.6996             0             0 -5.018878e-06     0.2665447
Slowdown:   -0.01116403      29.34286      338.3122      -2628.34      3320.306     -5948.646      263.5787             0             0 -4.993213e-06     0.2667698
Angular Momentum:  |L|err: 14.66342  |L|err_cum: 52.41051  L: -4.954357   214.5442    134.8171  |L|: 253.4352
C.M.: mass: 1900 pos: 0.09072151   -0.06186387    -0.004445299 vel: 0.04166563   -0.01701375    0.01095702
Tree step number: 2048
**** Wallclock time per step (local): [Min/Max]
 Total       PP_single   PP_cluster  PP_cross    Tree_NB     Tree_Force  Force_corr  Kick        FindCluster CreateGroup MPI_comm    Output      Status      Other      
   0.0011855  9.2204e-06  5.6711e-05           0  0.00019476  0.00088183  7.8112e-06  4.0077e-06  1.5359e-05   1.586e-05  7.1594e-07  2.0599e-06  2.8716e-09  1.8652e-06
   0.0011855  9.2533e-06  5.6744e-05           0  0.00019338   0.0008766  7.8573e-06  4.0382e-06  1.5391e-05  1.5877e-05  7.4559e-07  2.0602e-06  2.8911e-09  1.9717e-06
**** FDPS tree soft force time profile (local):
 Sample_ptcl Domain_deco Ex_ptcl     SetRootCell Make_LT     Make_LET    Make_GT     Make_Group  Make_I_list Calc_force  Write_back 
           0           0           0  4.3971e-06  0.00013056  1.8735e-05  0.00010995  1.8865e-06  3.7161e-05  0.00047859    1.15e-05
**** Tree neighbor time profile (local):
 Sample_ptcl Domain_deco Ex_ptcl     SetRootCell Make_LT     Make_LET    Make_GT     Make_Group  Make_I_list Calc_force  Write_back 
           0           0           0   2.137e-06  5.5032e-05  9.6369e-06  4.8427e-05  4.4416e-07  8.4162e-06  3.3099e-05   2.998e-06
**** Number per step (global):
 PP_single   PP_cluster  PP_cross    Cluster     Cross       AR_step_sum
      976.12      23.876           0      10.336           0      15.366
 AR_tsyn_sum Stab_Ngroup Iso_Ngroup  Form_Ngroup End_Ngroup  Modf_Ngroup Merg_Ngroup H4_step_sum H4_no_NB    Ep-Ep_sum   Ep-Sp_sum  
     0.48877           1           0    0.038574   0.0083008           0           0       114.7    0.012207  9.0735e+05       15170
**** Number of members in clusters (global):
N_members:            1           2           3           4           5           6           7           8           9          11
Count    :       976.12      8.5415     0.92383     0.59668      0.1123    0.078613    0.066406    0.014648  0.00097656  0.00097656

Time: 19.5  N_real(loc): 1000  N_real(glb): 1000  N_all(loc): 1012  N_all(glb): 1012  N_remove(glb): 0  N_escape(glb): 0
Energy:     Error/Total         Error     Error_cum         Total       Kinetic     Potential        Modify  Modify_group Modify_single      Error_PP  Error_PP_cum
Physic:    -0.005897658      15.61377      353.9947     -2647.453      3201.647       -5849.1      117.1895             0             0 -8.433863e-07     0.2665439
Slowdown:  -0.005981698      15.61364      353.9258     -2610.236      3182.983     -5793.219      303.2854             0             0 -8.566948e-07     0.2667689
Angular Momentum:  |L|err: 10.6887  |L|err_cum: 63.09921  L: 0.4820891   211.9835    125.6205  |L|: 246.4097
C.M.: mass: 1900 pos: 0.1347774   -0.1010978    0.02512688 vel: 0.06422064   -0.08732102    0.05250283
Tree step number: 2048
**** Wallclock time per step (local): [Min/Max]
 Total       PP_single   PP_cluster  PP_cross    Tree_NB     Tree_Force  Force_corr  Kick        FindCluster CreateGroup MPI_comm    Output      Status      Other      
   0.0011791  9.0752e-06  5.5383e-05           0  0.00019624  0.00087382  7.7765e-06  3.8138e-06  1.5826e-05  1.5853e-05  7.9824e-07  3.2312e-06  3.2725e-09  1.8962e-06
   0.0011791  9.1076e-06  5.5417e-05           0  0.00019482  0.00086889  7.8224e-06  3.8445e-06   1.586e-05  1.5871e-05   8.281e-07  3.2315e-06  3.2876e-09  1.9885e-06
**** FDPS tree soft force time profile (local):
 Sample_ptcl Domain_deco Ex_ptcl     SetRootCell Make_LT     Make_LET    Make_GT     Make_Group  Make_I_list Calc_force  Write_back 
           0           0           0  4.2663e-06   0.0001242  1.7539e-05  0.00010926  1.7961e-06  3.7226e-05  0.00048257  1.0869e-05
**** Tree neighbor time profile (local):
 Sample_ptcl Domain_deco Ex_ptcl     SetRootCell Make_LT     Make_LET    Make_GT     Make_Group  Make_I_list Calc_force  Write_back 
           0           0           0  2.0645e-06  5.4518e-05  9.5016e-06  4.7936e-05  4.4628e-07   7.866e-06  3.4921e-05  3.0921e-06
**** Number per step (global):
 PP_single   PP_cluster  PP_cross    Cluster     Cross       AR_step_sum
       975.9      24.096           0      10.971           0      14.577
 AR_tsyn_sum Stab_Ngroup Iso_Ngroup  Form_Ngroup End_Ngroup  Modf_Ngroup Merg_Ngroup H4_step_sum H4_no_NB    Ep-Ep_sum   Ep-Sp_sum  
     0.25732           1           0    0.018555   0.0053711           0           0      110.08    0.011719  9.0237e+05       14920
**** Number of members in clusters (global):
N_members:            1           2           3           4           5           6
Count    :        975.9      9.3779      1.1865     0.27637     0.10693    0.023438

Time: 20  N_real(loc): 1000  N_real(glb): 1000  N_all(loc): 1012  N_all(glb): 1012  N_remove(glb): 0  N_escape(glb): 0
Energy:     Error/Total         Error     Error_cum         Total       Kinetic     Potential        Modify  Modify_group Modify_single      Error_PP  Error_PP_cum
Physic:    -0.003381035       8.91631       362.911     -2637.154      3250.498     -5887.652      118.5719             0             0 -1.552987e-05     0.2665283
Slowdown:  -0.003429418      8.916271      362.8421     -2599.937      3231.826     -5831.763      341.8847             0             0 -1.552866e-05     0.2667534
Angular Momentum:  |L|err: 7.896462  |L|err_cum: 70.99568  L: 4.450116   210.0439    118.8873  |L|: 241.3968
C.M.: mass: 1900 pos: 0.1706517   -0.139902    0.0484874 vel: 0.07996667   -0.03242968    0.07775157
Tree step number: 2048
**** Wallclock time per step (local): [Min/Max]
 Total       PP_single   PP_cluster  PP_cross    Tree_NB     Tree_Force  Force_corr  Kick        FindCluster CreateGroup MPI_comm    Output      Status      Other      
   0.0012923  9.7408e-06  6.5002e-05           0  0.00022123  0.00094639   8.652e-06   4.462e-06  1.8173e-05  1.8378e-05  7.5658e-07   2.359e-06  3.5371e-09  1.9308e-06
   0.0012923  9.7736e-06  6.5036e-05           0  0.00021962  0.00094105   8.699e-06  4.4932e-06  1.8207e-05  1.8395e-05   7.867e-07  2.3593e-06  3.5518e-09  2.0258e-06
**** FDPS tree soft force time profile (local):
 Sample_ptcl Domain_deco Ex_ptcl     SetRootCell Make_LT     Make_LET    Make_GT     Make_Group  Make_I_list Calc_force  Write_back 
           0           0           0  4.6387e-06  0.00012965   2.017e-05  0.00012668  2.1487e-06  4.0816e-05  0.00048565  1.1956e-05
**** Tree neighbor time profile (local):
 Sample_ptcl Domain_deco Ex_ptcl     SetRootCell Make_LT     Make_LET    Make_GT     Make_Group  Make_I_list Calc_force  Write_back 
           0           0           0  2.3386e-06  5.6047e-05   1.134e-05  5.7887e-05  5.5217e-07   8.744e-06  3.4964e-05   3.477e-06
**** Number per step (global):
 PP_single   PP_cluster  PP_cross    Cluster     Cross       AR_step_sum
      974.58      25.422           0      10.711           0      17.234
 AR_tsyn_sum Stab_Ngroup Iso_Ngroup  Form_Ngroup End_Ngroup  Modf_Ngroup Merg_Ngroup H4_step_sum H4_no_NB    Ep-Ep_sum   Ep-Sp_sum  
       1.167           1           0    0.085449    0.017578           0           0      123.23    0.018555   8.907e+05       17568
**** Number of members in clusters (global):
N_members:            1           2           3           4           5           6           7           8           9          10          11          12
Count    :       974.58      8.5557      1.2051     0.47559     0.27881     0.10205    0.045898    0.016602   0.0039062   0.0058594    0.018555   0.0029297
MemoryPool::finalize() is completed!
******** FDPS has successfully finished. ********
Info: removed 4 empty tmp file(s) on exit.
