     //==================================\\
     ||                                  ||
     || ::::::: ::::::. ::::::. .::::::. ||
     || ::      ::    : ::    : ::       ||
     || ::::::  ::    : ::::::'  `:::::. ||
     || ::      ::::::' ::      `......' ||
     ||     Framework for Developing     ||
     ||        Particle Simulator        ||
     ||     Version 8.0 (2025/09)       ||
     \\==================================//

       Home   : https://github.com/fdps/fdps 
       E-mail : fdps-support@mail.jmlab.jp
       Licence: MIT (see, https://github.com/FDPS/FDPS/blob/master/LICENSE)
       Note   : Please cite the following papers.
                - Iwasawa et al. (2016, Publications of the Astronomical Society of Japan, 68, 54)
                - Namekata et al. (2018, Publications of the Astronomical Society of Japan, 70, 70)
                - Iwasawa et al. (2020, Publications of the Astronomical Society of Japan, 72, 13)

       Copyright (C) 2015 
         Masaki Iwasawa, Ataru Tanikawa, Natsuki Hosono,
         Keigo Nitadori, Takayuki Muranushi, Daisuke Namekata,
         Kentaro Nomura, Junichiro Makino and many others
******** FDPS has successfully begun. ********

 ******************************************
  ██████╗ ███████╗████████╗ █████╗ ██████╗
  ██╔══██╗██╔════╝╚══██╔══╝██╔══██╗██╔══██╗
  ██████╔╝█████╗     ██║   ███████║██████╔╝
  ██╔═══╝ ██╔══╝     ██║   ██╔══██║██╔══██╗
  ██║     ███████╗   ██║   ██║  ██║██║  ██║
  ╚═╝     ╚══════╝   ╚═╝   ╚═╝  ╚═╝╚═╝  ╚═╝
 ******************************************
Version: 1762e_447e
============== PeTar ================
 Online document: (preparing)
 GitHub page: https://github.com/lwang-astro/PeTar
 License: MIT
 Please cite the following papers when you use PeTar for any publications
    FDPS: see above FPDS Logo message
    SDAR: Wang L., Nitadori K., Makino J., 2020, MNRAS, 493, 3398
    PeTar: Wang L., Iwasawa M., Nitadori K., Makino J., 2020, MNRAS, 497, 536
 Copyright (C) 2017
    Long Wang, Masaki Iwasawa, Keigo Nitadori, Junichiro Makino and many others
=====================================
Use quadrupole moment in tree force calculation
Use 3rd order tidal tensor method
Use Pseudoparticle multipole method
Use 4th-order KDKDK mode for tree step
Use orbit-dependent neighbor criterion
Check energy of short-range (hard) integration
Count isolated particles in hard clusters
Use SIMD
Calculate profile
Use AR TTL method
Use slowdown Tree method
Use slowdown timescale criterion
Print adjust group information
=====================================
Input data unit: 1
End time of simulation: 50
Output time interval for particle dataset snapshots: 0.5
Tree timestep (dt_soft): 0
Data file reading and writing format: 1
Reading data file name: input
----- Finish reading main options -----
----- Finish reading hard options -----
----- Parallelization information -----
MPI processors: 1
OMP threads:    4
----- Reading file: input -----
Number of particles = 1000
Time = 0
----- Unit set 1: Msun, pc, Myr -----
gravitational_constant = 0.0044985021514696 pc^3/(Msun*Myr^2)
----- Parameter list: -----
 Average mass                      = 1.9
 Mean inner changeover radius      = 0.0029786806970945
 Mean outer changeover radius      = 0.029786806970945
 Minimum neighbor searching radius = 0.035744168365133
 Velocity dispersion (1D)          = 1.0306462569848
 Tree time step                    = 0.00048828125
 Output time step                  = 0.5
----- Hard Parameter list: -----
 Mean search group radius:         = 0.0029786806970945
 Mean group radius                 = 0.0023829445576756
 Hermite timestep coefficient 4th  = 0.1
 Hermite timestep coefficient init = 0.001
 Hermite maximum timestep          = 0.000244140625
 AR slowdown maximum timescale     = 0.0009765625
 AR slowdown perturbation criterion= 0.0001
 Artificial particle ID offset     = 1001
 KDTree minimum particles+groups   = 32
-----  Save parameter files -----
Save PeTar parameters to file data.par
Save hard parameters to file data.par.hard
-----  Finish parameter initialization -----

Time: 0  N_real(loc): 1000  N_real(glb): 1000  N_all(loc): 1000  N_all(glb): 1000  N_remove(glb): 0  N_escape(glb): 0
Energy:     Error/Total         Error     Error_cum         Total       Kinetic     Potential        Modify  Modify_group Modify_single      Error_PP  Error_PP_cum
Physic:              -0             0             0     -2990.017      2957.006     -5947.023             0             0             0             0             0
Slowdown:            -0             0             0     -2990.017      2957.006     -5947.023             0             0             0             0             0
Angular Momentum:  |L|err: 0  |L|err_cum: 0  L: 141.7244   90.14786    -75.75653  |L|: 184.2593
C.M.: mass: 1900 pos: 0.06535332   0.01396028    0.0471451 vel: -0.05215606   -0.01443491    -0.04109396

Time: 0.5  N_real(loc): 1000  N_real(glb): 1000  N_all(loc): 1000  N_all(glb): 1000  N_remove(glb): 0  N_escape(glb): 0
Energy:     Error/Total         Error     Error_cum         Total       Kinetic     Potential        Modify  Modify_group Modify_single      Error_PP  Error_PP_cum
Physic:    1.442478e-06  -0.004313042  -0.004313042     -2990.022      3005.866     -5995.888   2.75484e-08             0             0  -1.55776e-07  -1.55776e-07
Slowdown:  1.442478e-06  -0.004313042  -0.004313042     -2990.022      3005.866     -5995.888  2.751096e-08             0             0 -1.563534e-07 -1.563534e-07
Angular Momentum:  |L|err: 0.0005489301  |L|err_cum: 0.0005489301  L: 141.7249   90.14779    -75.75635  |L|: 184.2596
C.M.: mass: 1900 pos: 0.05118641   0.01067656    0.02495538 vel: -0.005684451   -0.01298089    -0.05491293
Tree step number: 2048
**** Wallclock time per step (local): [Min/Max]
 Total       PP_single   PP_cluster  PP_cross    Tree_NB     Tree_Force  Force_corr  Kick        FindCluster CreateGroup MPI_comm    Output      Status      Other      
   0.0025232  2.8416e-05  9.0991e-05           0  0.00052036    0.001742  3.5091e-05  2.0685e-05   5.185e-05  7.6416e-05  1.5364e-06  2.9692e-06  3.4736e-09  4.1751e-06
   0.0025233  2.8455e-05  9.1034e-05           0  0.00051077   0.0016986  3.5147e-05   2.072e-05   5.191e-05  7.6442e-05  1.5683e-06  2.9694e-06  3.4932e-09  4.3146e-06
**** FDPS tree soft force time profile (local):
 Sample_ptcl Domain_deco Ex_ptcl     SetRootCell Make_LT     Make_LET    Make_GT     Make_Group  Make_I_list Calc_force  Write_back 
           0           0           0  3.2614e-05  0.00032368  3.1939e-05  0.00025534   3.406e-06   7.469e-05  0.00082508  8.8792e-05
**** Tree neighbor time profile (local):
 Sample_ptcl Domain_deco Ex_ptcl     SetRootCell Make_LT     Make_LET    Make_GT     Make_Group  Make_I_list Calc_force  Write_back 
           0           0           0  4.2301e-05  0.00015917  1.8786e-05   0.0001317  7.7091e-07   2.055e-05  9.8967e-05  1.9599e-05
**** Number per step (global):
 PP_single   PP_cluster  PP_cross    Cluster     Cross       AR_step_sum
      977.84      22.161           0      10.811           0     0.32373
 AR_tsyn_sum Stab_Ngroup Iso_Ngroup  Form_Ngroup End_Ngroup  Modf_Ngroup Merg_Ngroup H4_step_sum H4_no_NB    Ep-Ep_sum   Ep-Sp_sum  
     0.11279           0           0     0.01709    0.003418           0           0      112.86     0.15625  9.1024e+05       13591
**** Number of members in clusters (global):
N_members:            1           2           3           4
Count    :       977.84      10.289     0.50537    0.016602

Time: 1  N_real(loc): 1000  N_real(glb): 1000  N_all(loc): 1000  N_all(glb): 1000  N_remove(glb): 0  N_escape(glb): 0
Energy:     Error/Total         Error     Error_cum         Total       Kinetic     Potential        Modify  Modify_group Modify_single      Error_PP  Error_PP_cum
Physic:    -4.24099e-07   0.001268065  -0.003044977     -2990.021      3086.977     -6076.997  1.703532e-08             0             0 -1.075214e-07 -2.632974e-07
Slowdown:  -4.24099e-07   0.001268065  -0.003044977     -2990.021      3086.977     -6076.997  1.699067e-08             0             0 -1.053096e-07 -2.616629e-07
Angular Momentum:  |L|err: 0.000285592  |L|err_cum: 0.0008345221  L: 141.7252   90.1477    -75.75645  |L|: 184.2598
C.M.: mass: 1900 pos: 0.04748853   0.02309148    0.009767969 vel: -0.01035949   0.01629049    0.0118641
Tree step number: 2048
**** Wallclock time per step (local): [Min/Max]
 Total       PP_single   PP_cluster  PP_cross    Tree_NB     Tree_Force  Force_corr  Kick        FindCluster CreateGroup MPI_comm    Output      Status      Other      
   0.0024937  3.1724e-05  9.6637e-05           0  0.00045863   0.0017507  4.6645e-05  3.8406e-05  4.6073e-05  6.8231e-05  2.4264e-06  4.8668e-06  3.5859e-09  6.0276e-06
   0.0024938  3.1764e-05  9.6682e-05           0  0.00045219    0.001697  4.6703e-05  3.8442e-05  4.6135e-05  6.8258e-05  2.4592e-06  4.8671e-06  3.6006e-09  6.1883e-06
**** FDPS tree soft force time profile (local):
 Sample_ptcl Domain_deco Ex_ptcl     SetRootCell Make_LT     Make_LET    Make_GT     Make_Group  Make_I_list Calc_force  Write_back 
           0           0           0  4.1429e-05  0.00034648  3.9973e-05  0.00023382   3.619e-06  6.6807e-05  0.00080839  0.00010975
**** Tree neighbor time profile (local):
 Sample_ptcl Domain_deco Ex_ptcl     SetRootCell Make_LT     Make_LET    Make_GT     Make_Group  Make_I_list Calc_force  Write_back 
           0           0           0  1.9447e-05  0.00014193  3.4554e-05  0.00011903  7.1093e-07  1.5967e-05  7.3941e-05  1.3255e-05
**** Number per step (global):
 PP_single   PP_cluster  PP_cross    Cluster     Cross       AR_step_sum
       972.7      27.302           0      13.229           0     0.21338
 AR_tsyn_sum Stab_Ngroup Iso_Ngroup  Form_Ngroup End_Ngroup  Modf_Ngroup Merg_Ngroup H4_step_sum H4_no_NB    Ep-Ep_sum   Ep-Sp_sum  
     0.07959           0           0    0.013184   0.0029297           0           0      134.82     0.19482  9.0821e+05       14572
**** Number of members in clusters (global):
N_members:            1           2           3           4           5
Count    :        972.7      12.473     0.69971    0.025391     0.03125

Time: 1.5  N_real(loc): 1000  N_real(glb): 1000  N_all(loc): 1000  N_all(glb): 1000  N_remove(glb): 0  N_escape(glb): 0
Energy:     Error/Total         Error     Error_cum         Total       Kinetic     Potential        Modify  Modify_group Modify_single      Error_PP  Error_PP_cum
Physic:   -8.296512e-07   0.002480672 -0.0005643051     -2990.018      3079.301     -6069.319   4.77184e-08             0             0  1.946026e-08 -2.438371e-07
Slowdown: -8.296512e-07   0.002480672  -0.000564305     -2990.018      3079.301     -6069.319  4.766246e-08             0             0  2.184037e-08 -2.398226e-07
Angular Momentum:  |L|err: 0.001019158  |L|err_cum: 0.00185368  L: 141.7261   90.1477    -75.75722  |L|: 184.2608
C.M.: mass: 1900 pos: 0.02880003   0.03726222    0.03303116 vel: -0.05734398   0.03454801    0.0741029
Tree step number: 2048
**** Wallclock time per step (local): [Min/Max]
 Total       PP_single   PP_cluster  PP_cross    Tree_NB     Tree_Force  Force_corr  Kick        FindCluster CreateGroup MPI_comm    Output      Status      Other      
   0.0024152  2.5824e-05  9.1226e-05           0  0.00042307   0.0017498  3.8181e-05  2.6231e-05  3.6958e-05  6.7374e-05  4.2861e-06   5.011e-06  2.9209e-09  4.7465e-06
   0.0024153  2.5863e-05   9.127e-05           0  0.00041653   0.0016966  3.8237e-05  2.6266e-05  3.7016e-05  6.7399e-05  4.3321e-06  5.0113e-06  2.9404e-09  4.8937e-06
**** FDPS tree soft force time profile (local):
 Sample_ptcl Domain_deco Ex_ptcl     SetRootCell Make_LT     Make_LET    Make_GT     Make_Group  Make_I_list Calc_force  Write_back 
           0           0           0  3.6032e-05  0.00032061  4.2866e-05  0.00025538  3.0456e-06  7.0592e-05  0.00080744  0.00010803
**** Tree neighbor time profile (local):
 Sample_ptcl Domain_deco Ex_ptcl     SetRootCell Make_LT     Make_LET    Make_GT     Make_Group  Make_I_list Calc_force  Write_back 
           0           0           0   2.974e-05  0.00013742  1.6725e-05   0.0001063  7.4223e-07  1.6824e-05  6.9802e-05  1.3446e-05
**** Number per step (global):
 PP_single   PP_cluster  PP_cross    Cluster     Cross       AR_step_sum
      973.66      26.344           0      12.704           0     0.22852
 AR_tsyn_sum Stab_Ngroup Iso_Ngroup  Form_Ngroup End_Ngroup  Modf_Ngroup Merg_Ngroup H4_step_sum H4_no_NB    Ep-Ep_sum   Ep-Sp_sum  
    0.087891           0           0    0.013184   0.0043945           0           0      130.53     0.24463  9.1308e+05       13276
**** Number of members in clusters (global):
N_members:            1           2           3           4
Count    :       973.66      11.804      0.8623    0.037109

Time: 2  N_real(loc): 1000  N_real(glb): 1000  N_all(loc): 1000  N_all(glb): 1000  N_remove(glb): 0  N_escape(glb): 0
Energy:     Error/Total         Error     Error_cum         Total       Kinetic     Potential        Modify  Modify_group Modify_single      Error_PP  Error_PP_cum
Physic:    9.117947e-07  -0.002726285   -0.00329059     -2990.021       3125.92     -6115.941  1.152667e-07             0             0 -5.534761e-07 -7.973132e-07
Slowdown:  9.117948e-07  -0.002726285   -0.00329059     -2990.021       3125.92     -6115.941  1.155984e-07             0             0 -5.530777e-07 -7.929003e-07
Angular Momentum:  |L|err: 0.0002162272  |L|err_cum: 0.002069907  L: 141.7251   90.14881    -75.75825  |L|: 184.261
C.M.: mass: 1900 pos: 0.01712015   0.04897438    0.06829176 vel: -0.009790531   0.01488889    0.06594299
Tree step number: 2048
**** Wallclock time per step (local): [Min/Max]
 Total       PP_single   PP_cluster  PP_cross    Tree_NB     Tree_Force  Force_corr  Kick        FindCluster CreateGroup MPI_comm    Output      Status      Other      
   0.0028122  2.9951e-05  9.6151e-05           0  0.00057395   0.0019448  6.5796e-05  4.5018e-05  4.4114e-05  7.7763e-05  5.7523e-06  3.6612e-06  3.4443e-09  6.8003e-06
   0.0028122   2.999e-05  9.6198e-05           0  0.00056431   0.0018706  6.5857e-05  4.5055e-05  4.4175e-05   7.779e-05  5.7845e-06  3.6613e-06  3.4639e-09  6.9799e-06
**** FDPS tree soft force time profile (local):
 Sample_ptcl Domain_deco Ex_ptcl     SetRootCell Make_LT     Make_LET    Make_GT     Make_Group  Make_I_list Calc_force  Write_back 
           0           0           0  4.5499e-05  0.00038082  3.6822e-05  0.00027372  3.4556e-06  7.3187e-05  0.00086755  0.00015408
**** Tree neighbor time profile (local):
 Sample_ptcl Domain_deco Ex_ptcl     SetRootCell Make_LT     Make_LET    Make_GT     Make_Group  Make_I_list Calc_force  Write_back 
           0           0           0  3.4723e-05  0.00022156  2.7021e-05  0.00012642  7.0321e-07   1.905e-05  8.4901e-05  1.9652e-05
**** Number per step (global):
 PP_single   PP_cluster  PP_cross    Cluster     Cross       AR_step_sum
      976.21      23.786           0      11.557           0     0.10693
 AR_tsyn_sum Stab_Ngroup Iso_Ngroup  Form_Ngroup End_Ngroup  Modf_Ngroup Merg_Ngroup H4_step_sum H4_no_NB    Ep-Ep_sum   Ep-Sp_sum  
     0.04248           0           0   0.0087891   0.0024414           0           0      114.81     0.17285   9.138e+05       12668
**** Number of members in clusters (global):
N_members:            1           2           3           4
Count    :       976.21      10.935      0.5708    0.050781

Time: 2.5  N_real(loc): 1000  N_real(glb): 1000  N_all(loc): 1000  N_all(glb): 1000  N_remove(glb): 0  N_escape(glb): 0
Energy:     Error/Total         Error     Error_cum         Total       Kinetic     Potential        Modify  Modify_group Modify_single      Error_PP  Error_PP_cum
Physic:    5.425692e-07  -0.001622294  -0.004912884     -2990.022      2986.134     -5976.156  1.635208e-07             0             0 -9.137027e-08 -8.886835e-07
Slowdown:  5.425691e-07  -0.001622294  -0.004912884     -2990.022      2986.134     -5976.156  1.637788e-07             0             0 -9.199309e-08 -8.848933e-07
Angular Momentum:  |L|err: 0.001626326  |L|err_cum: 0.003696233  L: 141.7239   90.1501    -75.75942  |L|: 184.2612
C.M.: mass: 1900 pos: 0.03374085   0.05444788    0.08049446 vel: 0.06378631   0.0155244    -0.001377159
Tree step number: 2048
**** Wallclock time per step (local): [Min/Max]
 Total       PP_single   PP_cluster  PP_cross    Tree_NB     Tree_Force  Force_corr  Kick        FindCluster CreateGroup MPI_comm    Output      Status      Other      
   0.0023245  3.9238e-05  0.00010019           0  0.00041695   0.0016422  3.4998e-05  2.8008e-05  5.7009e-05  4.2355e-05  1.7717e-06  4.3067e-06   3.209e-09  8.7203e-06
   0.0023246  3.9278e-05  0.00010023           0  0.00041126   0.0015944  3.5064e-05  2.8044e-05  5.7068e-05  4.2378e-05  1.8041e-06  4.3071e-06  3.2236e-09  8.8471e-06
**** FDPS tree soft force time profile (local):
 Sample_ptcl Domain_deco Ex_ptcl     SetRootCell Make_LT     Make_LET    Make_GT     Make_Group  Make_I_list Calc_force  Write_back 
           0           0           0  2.1815e-05   0.0002942  3.7028e-05  0.00030002    3.17e-06  6.3354e-05  0.00075331  9.7391e-05
**** Tree neighbor time profile (local):
 Sample_ptcl Domain_deco Ex_ptcl     SetRootCell Make_LT     Make_LET    Make_GT     Make_Group  Make_I_list Calc_force  Write_back 
           0           0           0  1.1399e-05  0.00013942  2.4174e-05  0.00011064   6.911e-07  1.7241e-05  7.8013e-05   1.175e-05
**** Number per step (global):
 PP_single   PP_cluster  PP_cross    Cluster     Cross       AR_step_sum
      971.38      28.622           0       13.67           0     0.33105
 AR_tsyn_sum Stab_Ngroup Iso_Ngroup  Form_Ngroup End_Ngroup  Modf_Ngroup Merg_Ngroup H4_step_sum H4_no_NB    Ep-Ep_sum   Ep-Sp_sum  
     0.12109           0           0    0.010254   0.0024414           0           0      135.97     0.29053  9.1694e+05       11989
**** Number of members in clusters (global):
N_members:            1           2           3           4           5
Count    :       971.38      12.589     0.90381     0.15234    0.024414

Time: 3  N_real(loc): 1000  N_real(glb): 1000  N_all(loc): 1000  N_all(glb): 1000  N_remove(glb): 0  N_escape(glb): 0
Energy:     Error/Total         Error     Error_cum         Total       Kinetic     Potential        Modify  Modify_group Modify_single      Error_PP  Error_PP_cum
Physic:   -5.418425e-07    0.00162012  -0.003292764     -2990.021      3018.486     -6008.506  2.025576e-07             0             0 -6.060603e-07 -1.494744e-06
Slowdown: -5.418425e-07    0.00162012  -0.003292764     -2990.021      3018.486     -6008.506  2.028189e-07             0             0 -6.073473e-07 -1.492241e-06
Angular Momentum:  |L|err: 0.001269378  |L|err_cum: 0.004965611  L: 141.7247   90.15109    -75.7603  |L|: 184.2627
C.M.: mass: 1900 pos: 0.05651424   0.08452362    0.07874293 vel: 0.03766862   0.08394313    0.01357264
Tree step number: 2048
**** Wallclock time per step (local): [Min/Max]
 Total       PP_single   PP_cluster  PP_cross    Tree_NB     Tree_Force  Force_corr  Kick        FindCluster CreateGroup MPI_comm    Output      Status      Other      
    0.002098  4.1978e-05  8.2711e-05           0  0.00036293   0.0014959  3.7176e-05   4.584e-05  4.7121e-05  2.6707e-05  1.5769e-06  3.1245e-06  4.0703e-09   4.594e-06
    0.002098  4.2016e-05  8.2755e-05           0  0.00035767   0.0014473  3.7233e-05  4.5875e-05  4.7179e-05  2.6729e-05  1.6098e-06  3.1247e-06   4.085e-09  4.7073e-06
**** FDPS tree soft force time profile (local):
 Sample_ptcl Domain_deco Ex_ptcl     SetRootCell Make_LT     Make_LET    Make_GT     Make_Group  Make_I_list Calc_force  Write_back 
           0           0           0  2.1565e-05  0.00032461  4.3338e-05  0.00024081  3.7058e-06  7.1714e-05  0.00065119  9.8814e-05
**** Tree neighbor time profile (local):
 Sample_ptcl Domain_deco Ex_ptcl     SetRootCell Make_LT     Make_LET    Make_GT     Make_Group  Make_I_list Calc_force  Write_back 
           0           0           0  6.6926e-06  0.00013229   2.101e-05  8.5177e-05   7.056e-07  2.3808e-05  7.4381e-05   1.087e-05
**** Number per step (global):
 PP_single   PP_cluster  PP_cross    Cluster     Cross       AR_step_sum
      978.56       21.44           0      10.342           0     0.23096
 AR_tsyn_sum Stab_Ngroup Iso_Ngroup  Form_Ngroup End_Ngroup  Modf_Ngroup Merg_Ngroup H4_step_sum H4_no_NB    Ep-Ep_sum   Ep-Sp_sum  
    0.084961           0           0    0.016113   0.0048828           0           0      102.55     0.19141  9.1056e+05       13710
**** Number of members in clusters (global):
N_members:            1           2           3           4
Count    :       978.56      9.5981     0.73096    0.012695

Time: 3.5  N_real(loc): 1000  N_real(glb): 1000  N_all(loc): 1000  N_all(glb): 1000  N_remove(glb): 0  N_escape(glb): 0
Energy:     Error/Total         Error     Error_cum         Total       Kinetic     Potential        Modify  Modify_group Modify_single      Error_PP  Error_PP_cum
Physic:    1.090428e-07 -0.0003260403  -0.003618804     -2990.021      3110.156     -6100.177  2.029671e-07             0             0 -2.898972e-07 -1.784641e-06
Slowdown:  1.090428e-07 -0.0003260402  -0.003618804     -2990.021      3110.156     -6100.177  2.031605e-07             0             0 -2.937907e-07 -1.786031e-06
Angular Momentum:  |L|err: 0.0005173046  |L|err_cum: 0.005482915  L: 141.7256   90.15024    -75.76132  |L|: 184.2634
C.M.: mass: 1900 pos: 0.06142265   0.1461784    0.07893562 vel: -0.04465685   0.1190805    -0.002252325
Tree step number: 2048
**** Wallclock time per step (local): [Min/Max]
 Total       PP_single   PP_cluster  PP_cross    Tree_NB     Tree_Force  Force_corr  Kick        FindCluster CreateGroup MPI_comm    Output      Status      Other      
   0.0018162  2.2029e-05  8.4338e-05           0   0.0003301   0.0013041  2.7904e-05  1.3146e-05  3.1037e-05  2.8478e-05  1.7637e-06  3.8761e-06  3.7617e-09  5.5991e-06
   0.0018162   2.208e-05  8.4384e-05           0  0.00032604   0.0012694  2.7959e-05  1.3181e-05  3.1094e-05    2.85e-05  1.7959e-06  3.8763e-06  3.7812e-09  5.7189e-06
**** FDPS tree soft force time profile (local):
 Sample_ptcl Domain_deco Ex_ptcl     SetRootCell Make_LT     Make_LET    Make_GT     Make_Group  Make_I_list Calc_force  Write_back 
           0           0           0  1.6662e-05  0.00025826  3.5905e-05  0.00021372  3.2548e-06  6.3747e-05  0.00059619  7.1132e-05
**** Tree neighbor time profile (local):
 Sample_ptcl Domain_deco Ex_ptcl     SetRootCell Make_LT     Make_LET    Make_GT     Make_Group  Make_I_list Calc_force  Write_back 
           0           0           0  8.5069e-06  0.00011514  2.2466e-05  8.4274e-05  9.5411e-07  1.8867e-05  5.7504e-05   8.471e-06
**** Number per step (global):
 PP_single   PP_cluster  PP_cross    Cluster     Cross       AR_step_sum
      976.63       23.37           0      11.393           0     0.65918
 AR_tsyn_sum Stab_Ngroup Iso_Ngroup  Form_Ngroup End_Ngroup  Modf_Ngroup Merg_Ngroup H4_step_sum H4_no_NB    Ep-Ep_sum   Ep-Sp_sum  
     0.24707           0           0    0.026367   0.0058594           0           0      116.41     0.17529  9.0807e+05       14338
**** Number of members in clusters (global):
N_members:            1           2           3           4           5
Count    :       976.63      10.821     0.56104   0.0087891   0.0019531

Time: 4  N_real(loc): 1000  N_real(glb): 1000  N_all(loc): 1000  N_all(glb): 1000  N_remove(glb): 0  N_escape(glb): 0
Energy:     Error/Total         Error     Error_cum         Total       Kinetic     Potential        Modify  Modify_group Modify_single      Error_PP  Error_PP_cum
Physic:     7.88337e-07  -0.002357146   -0.00597595     -2990.023      3166.999     -6157.022  2.628213e-07             0             0 -8.649015e-07 -2.649542e-06
Slowdown:  7.883369e-07  -0.002357146   -0.00597595     -2990.023      3166.999     -6157.022  2.625766e-07             0             0 -8.639171e-07 -2.649948e-06
Angular Momentum:  |L|err: -0.0008536365  |L|err_cum: 0.004629279  L: 141.7261   90.1504    -75.76  |L|: 184.2633
C.M.: mass: 1900 pos: 0.05000446   0.1679284    0.09025457 vel: -0.03823532   0.03678687    0.04540375
Tree step number: 2048
**** Wallclock time per step (local): [Min/Max]
 Total       PP_single   PP_cluster  PP_cross    Tree_NB     Tree_Force  Force_corr  Kick        FindCluster CreateGroup MPI_comm    Output      Status      Other      
   0.0017723  2.0777e-05  8.0114e-05           0   0.0003327   0.0012558  2.9811e-05  1.0066e-05  3.1088e-05  2.9632e-05  2.6797e-06  5.6775e-06  3.6689e-09  3.6591e-06
   0.0017723  2.0827e-05  8.0159e-05           0  0.00032707   0.0012295  2.9866e-05  1.0105e-05   3.114e-05  2.9654e-05  2.7118e-06  5.6778e-06  3.6885e-09  3.7814e-06
**** FDPS tree soft force time profile (local):
 Sample_ptcl Domain_deco Ex_ptcl     SetRootCell Make_LT     Make_LET    Make_GT     Make_Group  Make_I_list Calc_force  Write_back 
           0           0           0  1.7685e-05  0.00026072  3.2503e-05  0.00021012  3.3653e-06  6.4882e-05  0.00056046  5.3997e-05
**** Tree neighbor time profile (local):
 Sample_ptcl Domain_deco Ex_ptcl     SetRootCell Make_LT     Make_LET    Make_GT     Make_Group  Make_I_list Calc_force  Write_back 
           0           0           0  9.7205e-06  0.00011448  2.1562e-05   8.322e-05  6.1126e-07  1.7866e-05  5.5848e-05  1.1636e-05
**** Number per step (global):
 PP_single   PP_cluster  PP_cross    Cluster     Cross       AR_step_sum
       976.9      23.096           0       11.05           0     0.33203
 AR_tsyn_sum Stab_Ngroup Iso_Ngroup  Form_Ngroup End_Ngroup  Modf_Ngroup Merg_Ngroup H4_step_sum H4_no_NB    Ep-Ep_sum   Ep-Sp_sum  
     0.11768           0           0     0.02002   0.0048828           0           0      117.28      0.2666  9.1141e+05       12992
**** Number of members in clusters (global):
N_members:            1           2           3           4
Count    :        976.9      10.095     0.91504    0.040039

Time: 4.5  N_real(loc): 1000  N_real(glb): 1000  N_all(loc): 1000  N_all(glb): 1000  N_remove(glb): 0  N_escape(glb): 0
Energy:     Error/Total         Error     Error_cum         Total       Kinetic     Potential        Modify  Modify_group Modify_single      Error_PP  Error_PP_cum
Physic:      1.6956e-07 -0.0005069885  -0.006482939     -2990.024      3040.158     -6030.182  3.815369e-07             0             0 -1.441397e-07 -2.793682e-06
Slowdown:  1.695599e-07 -0.0005069881  -0.006482938     -2990.024      3040.158     -6030.182  3.809063e-07             0             0 -1.540273e-07 -2.803976e-06
Angular Momentum:  |L|err: -0.0002952101  |L|err_cum: 0.004334069  L: 141.7249   90.15101    -75.75948  |L|: 184.2624
C.M.: mass: 1900 pos: 0.02776454   0.1663411    0.1175545 vel: -0.04134371   0.001732016    0.03119569
Tree step number: 2048
**** Wallclock time per step (local): [Min/Max]
 Total       PP_single   PP_cluster  PP_cross    Tree_NB     Tree_Force  Force_corr  Kick        FindCluster CreateGroup MPI_comm    Output      Status      Other      
   0.0016992  1.8803e-05  8.0599e-05           0  0.00031298   0.0012049  1.9245e-05  1.7551e-05  3.3077e-05  2.9286e-05  2.1313e-06  3.3663e-06  3.3315e-09   5.295e-06
   0.0016992   1.884e-05  8.0642e-05           0  0.00030984   0.0011773  1.9312e-05  1.7586e-05  3.3128e-05  2.9307e-05  2.1634e-06  3.3666e-06  3.3462e-09  5.4104e-06
**** FDPS tree soft force time profile (local):
 Sample_ptcl Domain_deco Ex_ptcl     SetRootCell Make_LT     Make_LET    Make_GT     Make_Group  Make_I_list Calc_force  Write_back 
           0           0           0  1.1832e-05  0.00024695  3.2789e-05  0.00017846  3.6377e-06  7.2183e-05  0.00054328  5.6843e-05
**** Tree neighbor time profile (local):
 Sample_ptcl Domain_deco Ex_ptcl     SetRootCell Make_LT     Make_LET    Make_GT     Make_Group  Make_I_list Calc_force  Write_back 
           0           0           0  1.7518e-05  0.00011533  1.7134e-05  8.6923e-05  6.3183e-07  1.8433e-05  4.4189e-05   6.605e-06
**** Number per step (global):
 PP_single   PP_cluster  PP_cross    Cluster     Cross       AR_step_sum
      973.21      26.792           0      12.654           0     0.19824
 AR_tsyn_sum Stab_Ngroup Iso_Ngroup  Form_Ngroup End_Ngroup  Modf_Ngroup Merg_Ngroup H4_step_sum H4_no_NB    Ep-Ep_sum   Ep-Sp_sum  
    0.075195           0           0    0.013672    0.003418           0           0      126.09     0.33203  9.1298e+05       11681
**** Number of members in clusters (global):
N_members:            1           2           3           4           5
Count    :       973.21      11.366      1.1284     0.12598     0.03418

Time: 5  N_real(loc): 1000  N_real(glb): 1000  N_all(loc): 1000  N_all(glb): 1000  N_remove(glb): 0  N_escape(glb): 0
Energy:     Error/Total         Error     Error_cum         Total       Kinetic     Potential        Modify  Modify_group Modify_single      Error_PP  Error_PP_cum
Physic:    7.154101e-08 -0.0002139094  -0.006696848     -2990.024      2734.794     -5724.818  3.898263e-07             0             0 -3.626547e-07 -3.156337e-06
Slowdown:  7.154097e-08 -0.0002139092  -0.006696847     -2990.024      2734.794     -5724.818  3.890733e-07             0             0 -3.625468e-07 -3.166522e-06
Angular Momentum:  |L|err: 0.0005035803  |L|err_cum: 0.004837649  L: 141.7255   90.15097    -75.76007  |L|: 184.2632
C.M.: mass: 1900 pos: 0.0124229   0.1231244    0.1414726 vel: -0.01631813   -0.06047069    0.03418293
Tree step number: 2048
**** Wallclock time per step (local): [Min/Max]
 Total       PP_single   PP_cluster  PP_cross    Tree_NB     Tree_Force  Force_corr  Kick        FindCluster CreateGroup MPI_comm    Output      Status      Other      
   0.0020977  1.9837e-05  9.1827e-05           0  0.00035674    0.001556  3.4926e-05  1.4687e-05  3.5057e-05  3.7811e-05  2.2025e-06  3.9588e-06  3.1553e-09  4.0948e-06
   0.0020977  1.9875e-05  9.1871e-05           0  0.00035313   0.0014981  3.4981e-05  1.4722e-05  3.5109e-05  3.7834e-05   2.235e-06  3.9589e-06  3.1748e-09  4.2091e-06
**** FDPS tree soft force time profile (local):
 Sample_ptcl Domain_deco Ex_ptcl     SetRootCell Make_LT     Make_LET    Make_GT     Make_Group  Make_I_list Calc_force  Write_back 
           0           0           0  1.8202e-05  0.00030079  4.2234e-05  0.00026434   2.874e-06   7.463e-05  0.00068153  0.00011743
**** Tree neighbor time profile (local):
 Sample_ptcl Domain_deco Ex_ptcl     SetRootCell Make_LT     Make_LET    Make_GT     Make_Group  Make_I_list Calc_force  Write_back 
           0           0           0  2.2682e-05  0.00014389  2.3654e-05  8.9632e-05  6.7393e-07  1.7336e-05  4.4391e-05  7.6388e-06
**** Number per step (global):
 PP_single   PP_cluster  PP_cross    Cluster     Cross       AR_step_sum
      978.43      21.566           0      10.432           0     0.26123
 AR_tsyn_sum Stab_Ngroup Iso_Ngroup  Form_Ngroup End_Ngroup  Modf_Ngroup Merg_Ngroup H4_step_sum H4_no_NB    Ep-Ep_sum   Ep-Sp_sum  
     0.09668           0           0    0.013184   0.0039062           0           0      106.81     0.17773  9.0948e+05       10849
**** Number of members in clusters (global):
N_members:            1           2           3           4           5
Count    :       978.43      9.7749     0.61963     0.02832   0.0087891

Time: 5.5  N_real(loc): 1000  N_real(glb): 1000  N_all(loc): 1000  N_all(glb): 1000  N_remove(glb): 0  N_escape(glb): 0
Energy:     Error/Total         Error     Error_cum         Total       Kinetic     Potential        Modify  Modify_group Modify_single      Error_PP  Error_PP_cum
Physic:      -5.331e-07   0.001593981  -0.005102867     -2990.023      2974.801     -5964.824  4.363749e-07             0             0  4.133837e-09 -3.152203e-06
Slowdown: -5.330999e-07   0.001593981  -0.005102867     -2990.023      2974.801     -5964.824  4.360136e-07             0             0  2.420188e-08 -3.142321e-06
Angular Momentum:  |L|err: -0.0009046206  |L|err_cum: 0.003933028  L: 141.7252   90.14991    -75.75981  |L|: 184.2622
C.M.: mass: 1900 pos: 0.01032626   0.09240048    0.1728302 vel: 0.02163331   -0.06726056    0.0295749
Tree step number: 2048
**** Wallclock time per step (local): [Min/Max]
 Total       PP_single   PP_cluster  PP_cross    Tree_NB     Tree_Force  Force_corr  Kick        FindCluster CreateGroup MPI_comm    Output      Status      Other      
   0.0017672  2.5412e-05  7.3153e-05           0  0.00032744   0.0012657  2.6231e-05  1.5235e-05  3.0394e-05   2.523e-05  1.5508e-06  6.0439e-06  3.2139e-09  5.4877e-06
   0.0017672  2.5449e-05  7.3197e-05           0  0.00032218    0.001234  2.6301e-05   1.527e-05  3.0445e-05  2.5252e-05  1.5833e-06  6.0441e-06  3.2334e-09  5.6262e-06
**** FDPS tree soft force time profile (local):
 Sample_ptcl Domain_deco Ex_ptcl     SetRootCell Make_LT     Make_LET    Make_GT     Make_Group  Make_I_list Calc_force  Write_back 
           0           0           0  2.8645e-05  0.00025554  3.7112e-05  0.00018657  4.0614e-06  6.7111e-05   0.0005763  6.4812e-05
**** Tree neighbor time profile (local):
 Sample_ptcl Domain_deco Ex_ptcl     SetRootCell Make_LT     Make_LET    Make_GT     Make_Group  Make_I_list Calc_force  Write_back 
           0           0           0  7.4834e-06  0.00011085  1.6834e-05  9.8075e-05  7.0794e-07  1.8057e-05  4.8085e-05  1.0847e-05
**** Number per step (global):
 PP_single   PP_cluster  PP_cross    Cluster     Cross       AR_step_sum
       981.3      18.696           0      8.9434           0      0.1582
 AR_tsyn_sum Stab_Ngroup Iso_Ngroup  Form_Ngroup End_Ngroup  Modf_Ngroup Merg_Ngroup H4_step_sum H4_no_NB    Ep-Ep_sum   Ep-Sp_sum  
    0.057617           0           0   0.0068359   0.0014648           0           0      90.357     0.19531  9.1102e+05       10540
**** Number of members in clusters (global):
N_members:            1           2           3           4           5           6
Count    :        981.3      8.2197     0.66992    0.024414    0.026367   0.0029297

Time: 6  N_real(loc): 1000  N_real(glb): 1000  N_all(loc): 1000  N_all(glb): 1000  N_remove(glb): 0  N_escape(glb): 0
Energy:     Error/Total         Error     Error_cum         Total       Kinetic     Potential        Modify  Modify_group Modify_single      Error_PP  Error_PP_cum
Physic:    4.665626e-07  -0.001395033    -0.0064979     -2990.024      3026.293     -6016.317  5.782518e-07             0             0 -1.289535e-07 -3.281156e-06
Slowdown:  4.665626e-07  -0.001395033    -0.0064979     -2990.024      3026.293     -6016.317  5.780248e-07             0             0 -1.279517e-07 -3.270272e-06
Angular Momentum:  |L|err: -0.000825367  |L|err_cum: 0.003107662  L: 141.7259   90.14774    -75.75929  |L|: 184.2615
C.M.: mass: 1900 pos: 0.02483284   0.07831881    0.187051 vel: 0.07921757   -0.01659226    -0.008155097
Tree step number: 2048
**** Wallclock time per step (local): [Min/Max]
 Total       PP_single   PP_cluster  PP_cross    Tree_NB     Tree_Force  Force_corr  Kick        FindCluster CreateGroup MPI_comm    Output      Status      Other      
   0.0021362  2.3553e-05  8.5591e-05           0  0.00040891    0.001542  3.8968e-05  2.3652e-05  4.3039e-05  2.8186e-05  2.4779e-06  4.0182e-06   3.625e-09  3.8683e-06
   0.0021362  2.3592e-05  8.5635e-05           0  0.00040163   0.0014791  3.9026e-05  2.3695e-05  4.3093e-05  2.8224e-05   2.511e-06  4.0184e-06  3.6445e-09  3.9837e-06
**** FDPS tree soft force time profile (local):
 Sample_ptcl Domain_deco Ex_ptcl     SetRootCell Make_LT     Make_LET    Make_GT     Make_Group  Make_I_list Calc_force  Write_back 
           0           0           0  2.4042e-05  0.00030211  3.3541e-05   0.0002618  3.7331e-06   7.825e-05  0.00066517  0.00012757
**** Tree neighbor time profile (local):
 Sample_ptcl Domain_deco Ex_ptcl     SetRootCell Make_LT     Make_LET    Make_GT     Make_Group  Make_I_list Calc_force  Write_back 
           0           0           0  1.1707e-05  0.00013711  3.2287e-05  0.00012635  7.2459e-07  2.1729e-05  5.7959e-05  1.4905e-05
**** Number per step (global):
 PP_single   PP_cluster  PP_cross    Cluster     Cross       AR_step_sum
      977.57      22.427           0      10.633           0     0.36768
 AR_tsyn_sum Stab_Ngroup Iso_Ngroup  Form_Ngroup End_Ngroup  Modf_Ngroup Merg_Ngroup H4_step_sum H4_no_NB    Ep-Ep_sum   Ep-Sp_sum  
     0.13281           0           0     0.02002   0.0039062           0           0      108.38     0.28418  9.1007e+05       10343
**** Number of members in clusters (global):
N_members:            1           2           3           4           5
Count    :       977.57      9.5781     0.94922     0.10449  0.00097656

Time: 6.5  N_real(loc): 1000  N_real(glb): 1000  N_all(loc): 1000  N_all(glb): 1000  N_remove(glb): 0  N_escape(glb): 0
Energy:     Error/Total         Error     Error_cum         Total       Kinetic     Potential        Modify  Modify_group Modify_single      Error_PP  Error_PP_cum
Physic:    8.015002e-07  -0.002396507  -0.008894407     -2990.026      2804.675     -5794.701  6.095044e-07             0             0 -1.207048e-07 -3.401861e-06
Slowdown:  8.015002e-07  -0.002396507  -0.008894407     -2990.026      2804.675     -5794.701  6.092283e-07             0             0 -1.181371e-07 -3.388409e-06
Angular Momentum:  |L|err: -6.690853e-05  |L|err_cum: 0.003040753  L: 141.7265   90.14805    -75.75873  |L|: 184.2619
C.M.: mass: 1900 pos: 0.0559565   0.07223532    0.16996 vel: 0.0504628   0.007317178    -0.03239474
Tree step number: 2048
**** Wallclock time per step (local): [Min/Max]
 Total       PP_single   PP_cluster  PP_cross    Tree_NB     Tree_Force  Force_corr  Kick        FindCluster CreateGroup MPI_comm    Output      Status      Other      
   0.0017737  2.8464e-05  7.5224e-05           0  0.00033083   0.0012737   1.854e-05  9.8826e-06   3.123e-05  2.1581e-05  1.2951e-06  3.6148e-06  3.6006e-09  4.0443e-06
   0.0017738  2.8501e-05  7.5268e-05           0  0.00032735   0.0012505  1.8593e-05  9.9163e-06  3.1283e-05  2.1614e-05  1.3273e-06  3.6151e-06   3.625e-09   4.148e-06
**** FDPS tree soft force time profile (local):
 Sample_ptcl Domain_deco Ex_ptcl     SetRootCell Make_LT     Make_LET    Make_GT     Make_Group  Make_I_list Calc_force  Write_back 
           0           0           0  9.4919e-06  0.00023654  3.2965e-05  0.00020108  3.6094e-06  5.2185e-05  0.00064068  4.7906e-05
**** Tree neighbor time profile (local):
 Sample_ptcl Domain_deco Ex_ptcl     SetRootCell Make_LT     Make_LET    Make_GT     Make_Group  Make_I_list Calc_force  Write_back 
           0           0           0  9.3894e-06  0.00011752   1.519e-05  8.6362e-05  6.0021e-07  1.3213e-05  7.2879e-05  7.2876e-06
**** Number per step (global):
 PP_single   PP_cluster  PP_cross    Cluster     Cross       AR_step_sum
      977.77       22.23           0      10.811           0     0.31592
 AR_tsyn_sum Stab_Ngroup Iso_Ngroup  Form_Ngroup End_Ngroup  Modf_Ngroup Merg_Ngroup H4_step_sum H4_no_NB    Ep-Ep_sum   Ep-Sp_sum  
       0.125           0           0    0.022461   0.0053711           0           0      103.82     0.17041  9.1752e+05        8414
**** Number of members in clusters (global):
N_members:            1           2           3           4
Count    :       977.77       10.21     0.59131   0.0087891

Time: 7  N_real(loc): 1000  N_real(glb): 1000  N_all(loc): 1000  N_all(glb): 1000  N_remove(glb): 0  N_escape(glb): 0
Energy:     Error/Total         Error     Error_cum         Total       Kinetic     Potential        Modify  Modify_group Modify_single      Error_PP  Error_PP_cum
Physic:   -1.084722e-07  0.0003243346  -0.008570073     -2990.026      3231.798     -6221.824  6.506843e-07             0             0 -4.645463e-07 -3.866408e-06
Slowdown: -1.084722e-07  0.0003243346  -0.008570072     -2990.026      3231.798     -6221.824  6.503348e-07             0             0 -4.623028e-07 -3.850712e-06
Angular Momentum:  |L|err: -0.0001150865  |L|err_cum: 0.002925666  L: 141.7265   90.1481    -75.75854  |L|: 184.2619
C.M.: mass: 1900 pos: 0.05999805   0.07541313    0.1626379 vel: 0.007400052   -0.01784316    0.06811997
Tree step number: 2048
**** Wallclock time per step (local): [Min/Max]
 Total       PP_single   PP_cluster  PP_cross    Tree_NB     Tree_Force  Force_corr  Kick        FindCluster CreateGroup MPI_comm    Output      Status      Other      
   0.0017123   1.888e-05  6.8463e-05           0  0.00031163    0.001246  2.4105e-05  1.4305e-05  3.2228e-05  2.0774e-05  8.7987e-07  3.0567e-06  3.2046e-09  3.1274e-06
   0.0017123  1.8917e-05  6.8505e-05           0  0.00030553    0.001219  2.4158e-05  1.4339e-05  3.2288e-05  2.0794e-05  9.1169e-07  3.0569e-06  3.2192e-09  3.2312e-06
**** FDPS tree soft force time profile (local):
 Sample_ptcl Domain_deco Ex_ptcl     SetRootCell Make_LT     Make_LET    Make_GT     Make_Group  Make_I_list Calc_force  Write_back 
           0           0           0  1.0752e-05  0.00022496  3.2219e-05   0.0001886  3.8108e-06  4.7748e-05  0.00063076  5.5766e-05
**** Tree neighbor time profile (local):
 Sample_ptcl Domain_deco Ex_ptcl     SetRootCell Make_LT     Make_LET    Make_GT     Make_Group  Make_I_list Calc_force  Write_back 
           0           0           0  9.2664e-06  0.00010271  2.0579e-05  7.5269e-05  5.4368e-07  1.2715e-05   6.992e-05  1.2503e-05
**** Number per step (global):
 PP_single   PP_cluster  PP_cross    Cluster     Cross       AR_step_sum
      980.59      19.411           0      9.4326           0     0.68896
 AR_tsyn_sum Stab_Ngroup Iso_Ngroup  Form_Ngroup End_Ngroup  Modf_Ngroup Merg_Ngroup H4_step_sum H4_no_NB    Ep-Ep_sum   Ep-Sp_sum  
     0.24561           0           0    0.028809   0.0063477           0           0       93.24     0.16357  9.1505e+05      9129.5
**** Number of members in clusters (global):
N_members:            1           2           3           4
Count    :       980.59      8.9414     0.43652    0.054688

Time: 7.5  N_real(loc): 1000  N_real(glb): 1000  N_all(loc): 1000  N_all(glb): 1000  N_remove(glb): 0  N_escape(glb): 0
Energy:     Error/Total         Error     Error_cum         Total       Kinetic     Potential        Modify  Modify_group Modify_single      Error_PP  Error_PP_cum
Physic:    3.250399e-07  -0.000971878  -0.009541951     -2990.027      3245.645     -6235.672  6.969903e-07             0             0 -9.989333e-07 -4.865341e-06
Slowdown:  3.250399e-07 -0.0009718782   -0.00954195     -2990.027      3245.645     -6235.672  6.967586e-07             0             0 -9.987663e-07 -4.849478e-06
Angular Momentum:  |L|err: 0.0003446816  |L|err_cum: 0.003270348  L: 141.7266   90.1482    -75.75891  |L|: 184.2622
C.M.: mass: 1900 pos: 0.05393894   0.06707122    0.2061366 vel: -0.01690226   -0.05664796    0.08304188
Tree step number: 2048
**** Wallclock time per step (local): [Min/Max]
 Total       PP_single   PP_cluster  PP_cross    Tree_NB     Tree_Force  Force_corr  Kick        FindCluster CreateGroup MPI_comm    Output      Status      Other      
   0.0018452  1.7415e-05  9.0723e-05           0  0.00034611   0.0013207  1.8659e-05  8.6615e-06  3.6728e-05  2.3794e-05  1.6939e-06  3.4239e-06  3.7085e-09  4.1072e-06
   0.0018453  1.7453e-05  9.0767e-05           0  0.00034093   0.0012967  1.8712e-05  8.6955e-06  3.6784e-05  2.3815e-05  1.7264e-06  3.4242e-06   3.728e-09  4.2138e-06
**** FDPS tree soft force time profile (local):
 Sample_ptcl Domain_deco Ex_ptcl     SetRootCell Make_LT     Make_LET    Make_GT     Make_Group  Make_I_list Calc_force  Write_back 
           0           0           0  1.8925e-05  0.00026576  4.1776e-05  0.00021317  2.8762e-06  5.0457e-05  0.00062536  4.9907e-05
**** Tree neighbor time profile (local):
 Sample_ptcl Domain_deco Ex_ptcl     SetRootCell Make_LT     Make_LET    Make_GT     Make_Group  Make_I_list Calc_force  Write_back 
           0           0           0  1.1239e-05  0.00011304  1.7727e-05  9.4367e-05  6.5961e-07  1.6906e-05  7.1831e-05  1.0686e-05
**** Number per step (global):
 PP_single   PP_cluster  PP_cross    Cluster     Cross       AR_step_sum
      974.04      25.957           0      12.275           0     0.50732
 AR_tsyn_sum Stab_Ngroup Iso_Ngroup  Form_Ngroup End_Ngroup  Modf_Ngroup Merg_Ngroup H4_step_sum H4_no_NB    Ep-Ep_sum   Ep-Sp_sum  
     0.18262           0           0    0.025879   0.0043945           0           0      129.86     0.33936  9.1369e+05      9415.7
**** Number of members in clusters (global):
N_members:            1           2           3           4           5
Count    :       974.04          11      1.1514     0.11621   0.0078125

Time: 8  N_real(loc): 1000  N_real(glb): 1000  N_all(loc): 1000  N_all(glb): 1000  N_remove(glb): 0  N_escape(glb): 0
Energy:     Error/Total         Error     Error_cum         Total       Kinetic     Potential        Modify  Modify_group Modify_single      Error_PP  Error_PP_cum
Physic:    2.711232e-07 -0.0008106659   -0.01035262     -2990.028      2878.062      -5868.09   7.20684e-07             0             0 -4.228119e-07 -5.288153e-06
Slowdown:  2.711232e-07 -0.0008106659   -0.01035262     -2990.028      2878.062      -5868.09   7.20375e-07             0             0 -4.229146e-07 -5.272393e-06
Angular Momentum:  |L|err: 0.0004022761  |L|err_cum: 0.003672624  L: 141.7272   90.14755    -75.75892  |L|: 184.2623
C.M.: mass: 1900 pos: 0.05063655   0.03608682    0.2204154 vel: 0.001343121   -0.08580238    -0.0007835675
Tree step number: 2048
**** Wallclock time per step (local): [Min/Max]
 Total       PP_single   PP_cluster  PP_cross    Tree_NB     Tree_Force  Force_corr  Kick        FindCluster CreateGroup MPI_comm    Output      Status      Other      
   0.0014258  1.4489e-05  6.6813e-05           0  0.00024046   0.0010494  9.5936e-06  5.9531e-06  2.4504e-05  1.7396e-05  1.1784e-06  3.5089e-06  3.1357e-09  4.0216e-06
   0.0014258  1.4526e-05  6.6856e-05           0  0.00023818   0.0010381  9.6461e-06  5.9871e-06  2.4552e-05  1.7417e-05  1.2108e-06  3.5092e-06  3.1504e-09  4.1591e-06
**** FDPS tree soft force time profile (local):
 Sample_ptcl Domain_deco Ex_ptcl     SetRootCell Make_LT     Make_LET    Make_GT     Make_Group  Make_I_list Calc_force  Write_back 
           0           0           0  1.1311e-05  0.00019651  2.7297e-05  0.00014634  2.3733e-06  4.3115e-05  0.00055656  2.4312e-05
**** Tree neighbor time profile (local):
 Sample_ptcl Domain_deco Ex_ptcl     SetRootCell Make_LT     Make_LET    Make_GT     Make_Group  Make_I_list Calc_force  Write_back 
           0           0           0  6.2906e-06  8.2187e-05  1.3807e-05  6.5993e-05  5.2291e-07  1.0481e-05    4.79e-05  4.9192e-06
**** Number per step (global):
 PP_single   PP_cluster  PP_cross    Cluster     Cross       AR_step_sum
      977.59      22.414           0      10.912           0     0.50195
 AR_tsyn_sum Stab_Ngroup Iso_Ngroup  Form_Ngroup End_Ngroup  Modf_Ngroup Merg_Ngroup H4_step_sum H4_no_NB    Ep-Ep_sum   Ep-Sp_sum  
     0.16895           0           0    0.029297   0.0087891           0           0      103.22     0.17041  9.1229e+05      9791.2
**** Number of members in clusters (global):
N_members:            1           2           3           4
Count    :       977.59      10.357       0.521     0.03418

Time: 8.5  N_real(loc): 1000  N_real(glb): 1000  N_all(loc): 1000  N_all(glb): 1000  N_remove(glb): 0  N_escape(glb): 0
Energy:     Error/Total         Error     Error_cum         Total       Kinetic     Potential        Modify  Modify_group Modify_single      Error_PP  Error_PP_cum
Physic:   -1.282558e-07  0.0003834883  -0.009969128     -2990.027      2862.254     -5852.281   7.28328e-07             0             0 -2.441333e-07 -5.532286e-06
Slowdown: -1.282558e-07  0.0003834882  -0.009969128     -2990.027      2862.254     -5852.281  7.280898e-07             0             0 -2.442705e-07 -5.516663e-06
Angular Momentum:  |L|err: 0.0002626552  |L|err_cum: 0.003935279  L: 141.7273   90.14881    -75.75908  |L|: 184.263
C.M.: mass: 1900 pos: 0.05443977   -0.004171492    0.2256516 vel: -0.00888296   -0.04949024    0.03084386
Tree step number: 2048
**** Wallclock time per step (local): [Min/Max]
 Total       PP_single   PP_cluster  PP_cross    Tree_NB     Tree_Force  Force_corr  Kick        FindCluster CreateGroup MPI_comm    Output      Status      Other      
    0.001652  1.5523e-05  7.1767e-05           0  0.00030218   0.0011908  1.8635e-05  8.3659e-06  2.6821e-05  2.2483e-05  2.3381e-06  3.3686e-06  3.3901e-09  7.5241e-06
    0.001652   1.556e-05  7.1814e-05           0  0.00029842   0.0011742  1.8688e-05  8.4003e-06  2.6875e-05  2.2505e-05  2.3703e-06  3.3688e-06  3.4048e-09  7.6571e-06
**** FDPS tree soft force time profile (local):
 Sample_ptcl Domain_deco Ex_ptcl     SetRootCell Make_LT     Make_LET    Make_GT     Make_Group  Make_I_list Calc_force  Write_back 
           0           0           0   1.438e-05  0.00022141  3.2815e-05  0.00017782  2.4479e-06  4.4303e-05  0.00061811  3.4514e-05
**** Tree neighbor time profile (local):
 Sample_ptcl Domain_deco Ex_ptcl     SetRootCell Make_LT     Make_LET    Make_GT     Make_Group  Make_I_list Calc_force  Write_back 
           0           0           0  5.5582e-06  0.00010969  1.7103e-05  7.7969e-05  5.6542e-07  1.2195e-05  5.8545e-05  7.8871e-06
**** Number per step (global):
 PP_single   PP_cluster  PP_cross    Cluster     Cross       AR_step_sum
      979.05      20.947           0      10.136           0     0.45361
 AR_tsyn_sum Stab_Ngroup Iso_Ngroup  Form_Ngroup End_Ngroup  Modf_Ngroup Merg_Ngroup H4_step_sum H4_no_NB    Ep-Ep_sum   Ep-Sp_sum  
     0.15186           0           0    0.024414   0.0048828           0           0      103.54     0.18945  9.1301e+05      9725.5
**** Number of members in clusters (global):
N_members:            1           2           3           4
Count    :       979.05      9.4897     0.61816     0.02832

Time: 9  N_real(loc): 1000  N_real(glb): 1000  N_all(loc): 1000  N_all(glb): 1000  N_remove(glb): 0  N_escape(glb): 0
Energy:     Error/Total         Error     Error_cum         Total       Kinetic     Potential        Modify  Modify_group Modify_single      Error_PP  Error_PP_cum
Physic:   -2.031338e-07  0.0006073756  -0.009361753     -2990.027      2810.945     -5800.972  7.745941e-07             0             0 -8.214548e-07 -6.353741e-06
Slowdown: -2.031338e-07  0.0006073755  -0.009361752     -2990.027      2810.945     -5800.972   7.74443e-07             0             0  -8.23325e-07 -6.339988e-06
Angular Momentum:  |L|err: 0.0009176687  |L|err_cum: 0.004852948  L: 141.7286   90.14923    -75.75852  |L|: 184.2641
C.M.: mass: 1900 pos: 0.0371201   -0.0125411    0.2322279 vel: -0.02325125   0.04391344    -0.04793769
Tree step number: 2048
**** Wallclock time per step (local): [Min/Max]
 Total       PP_single   PP_cluster  PP_cross    Tree_NB     Tree_Force  Force_corr  Kick        FindCluster CreateGroup MPI_comm    Output      Status      Other      
   0.0020773  2.5486e-05  7.5954e-05           0  0.00037049   0.0015196  4.2161e-05  1.9698e-05  4.1354e-05  2.3273e-05  2.0404e-06  3.4345e-06  3.8745e-09  4.2438e-06
   0.0020774  2.5525e-05     7.6e-05           0  0.00036232   0.0014749  4.2218e-05  1.9826e-05   4.143e-05  2.3296e-05  2.0727e-06  3.4348e-06   3.894e-09  4.3764e-06
**** FDPS tree soft force time profile (local):
 Sample_ptcl Domain_deco Ex_ptcl     SetRootCell Make_LT     Make_LET    Make_GT     Make_Group  Make_I_list Calc_force  Write_back 
           0           0           0  3.2176e-05  0.00030313  3.5183e-05  0.00022047  2.9678e-06  4.9517e-05  0.00073021  9.2492e-05
**** Tree neighbor time profile (local):
 Sample_ptcl Domain_deco Ex_ptcl     SetRootCell Make_LT     Make_LET    Make_GT     Make_Group  Make_I_list Calc_force  Write_back 
           0           0           0  1.6225e-05   0.0001333   2.049e-05  9.7736e-05  6.0381e-07  1.3675e-05  6.5356e-05  1.6863e-05
**** Number per step (global):
 PP_single   PP_cluster  PP_cross    Cluster     Cross       AR_step_sum
      980.07      19.926           0      9.5938           0      0.3457
 AR_tsyn_sum Stab_Ngroup Iso_Ngroup  Form_Ngroup End_Ngroup  Modf_Ngroup Merg_Ngroup H4_step_sum H4_no_NB    Ep-Ep_sum   Ep-Sp_sum  
     0.12061           0           0    0.024414   0.0048828           0           0      97.213     0.21094  9.1161e+05      9404.8
**** Number of members in clusters (global):
N_members:            1           2           3           4
Count    :       980.07      8.8965     0.65625    0.041016

Time: 9.5  N_real(loc): 1000  N_real(glb): 1000  N_all(loc): 1000  N_all(glb): 1000  N_remove(glb): 0  N_escape(glb): 0
Energy:     Error/Total         Error     Error_cum         Total       Kinetic     Potential        Modify  Modify_group Modify_single      Error_PP  Error_PP_cum
Physic:    2.125327e-07 -0.0006354787  -0.009997231     -2990.027      3100.357     -6090.384  7.925312e-07             0             0 -1.076911e-06 -7.430652e-06
Slowdown:  2.125328e-07 -0.0006354788  -0.009997231     -2990.027      3100.357     -6090.384  7.925478e-07             0             0 -1.073387e-06 -7.413376e-06
Angular Momentum:  |L|err: -0.000717127  |L|err_cum: 0.004135821  L: 141.7281   90.14861    -75.75836  |L|: 184.2632
C.M.: mass: 1900 pos: 0.02744591   -0.02470682    0.2046728 vel: -0.05724145   -0.02418199    -0.0676105
Tree step number: 2048
**** Wallclock time per step (local): [Min/Max]
 Total       PP_single   PP_cluster  PP_cross    Tree_NB     Tree_Force  Force_corr  Kick        FindCluster CreateGroup MPI_comm    Output      Status      Other      
   0.0020642  1.9379e-05  7.5917e-05           0  0.00039445    0.001513  2.3483e-05  1.6642e-05  4.6081e-05  3.0073e-05  1.8301e-06  3.1407e-06  3.2729e-09  5.3172e-06
   0.0020642  1.9416e-05   7.596e-05           0  0.00038554   0.0014546  2.3538e-05  1.6677e-05  4.6138e-05  3.0095e-05  1.8626e-06  3.1409e-06  3.2876e-09  5.4313e-06
**** FDPS tree soft force time profile (local):
 Sample_ptcl Domain_deco Ex_ptcl     SetRootCell Make_LT     Make_LET    Make_GT     Make_Group  Make_I_list Calc_force  Write_back 
           0           0           0  1.9396e-05  0.00029706  3.5856e-05  0.00022452  4.0429e-06  5.4143e-05  0.00070027  0.00011849
**** Tree neighbor time profile (local):
 Sample_ptcl Domain_deco Ex_ptcl     SetRootCell Make_LT     Make_LET    Make_GT     Make_Group  Make_I_list Calc_force  Write_back 
           0           0           0  1.5062e-05  0.00014179  1.9858e-05  0.00010687   6.037e-07  1.5878e-05  6.3933e-05  1.8288e-05
**** Number per step (global):
 PP_single   PP_cluster  PP_cross    Cluster     Cross       AR_step_sum
      978.75       21.25           0      10.086           0     0.37256
 AR_tsyn_sum Stab_Ngroup Iso_Ngroup  Form_Ngroup End_Ngroup  Modf_Ngroup Merg_Ngroup H4_step_sum H4_no_NB    Ep-Ep_sum   Ep-Sp_sum  
     0.13379           0           0    0.022949   0.0068359           0           0      102.68     0.24512  9.0798e+05       10603
**** Number of members in clusters (global):
N_members:            1           2           3           4           5
Count    :       978.75       9.165     0.80225    0.083008    0.036133

Time: 10  N_real(loc): 1000  N_real(glb): 1000  N_all(loc): 1000  N_all(glb): 1000  N_remove(glb): 0  N_escape(glb): 0
Energy:     Error/Total         Error     Error_cum         Total       Kinetic     Potential        Modify  Modify_group Modify_single      Error_PP  Error_PP_cum
Physic:    5.916559e-08 -0.0001769067   -0.01017414     -2990.028      2893.931     -5883.958  8.074394e-07             0             0 -4.249549e-07 -7.855607e-06
Slowdown:  5.916558e-08 -0.0001769067   -0.01017414     -2990.028      2893.931     -5883.958  8.074141e-07             0             0  -4.24577e-07 -7.837953e-06
Angular Momentum:  |L|err: -0.0006181167  |L|err_cum: 0.003517704  L: 141.7279   90.14777    -75.75719  |L|: 184.2622
C.M.: mass: 1900 pos: 0.001527526   -0.03588954    0.1752192 vel: -0.05909947   0.00804709    -0.03653422
Tree step number: 2048
**** Wallclock time per step (local): [Min/Max]
 Total       PP_single   PP_cluster  PP_cross    Tree_NB     Tree_Force  Force_corr  Kick        FindCluster CreateGroup MPI_comm    Output      Status      Other      
   0.0018439  1.7706e-05  7.8807e-05           0  0.00031876   0.0013454  2.3148e-05  1.4687e-05  4.1155e-05  2.8477e-05  1.3653e-06  4.9365e-06   4.814e-09  3.7429e-06
   0.0018439  1.7744e-05   7.885e-05           0  0.00031335   0.0013144  2.3202e-05  1.4721e-05  4.1211e-05   2.851e-05  1.4254e-06  4.9367e-06  4.8481e-09  3.8881e-06
**** FDPS tree soft force time profile (local):
 Sample_ptcl Domain_deco Ex_ptcl     SetRootCell Make_LT     Make_LET    Make_GT     Make_Group  Make_I_list Calc_force  Write_back 
           0           0           0  1.6056e-05  0.00025849  3.5607e-05  0.00020338  3.0578e-06  5.1619e-05  0.00065644  6.3536e-05
**** Tree neighbor time profile (local):
 Sample_ptcl Domain_deco Ex_ptcl     SetRootCell Make_LT     Make_LET    Make_GT     Make_Group  Make_I_list Calc_force  Write_back 
           0           0           0  6.3287e-06  0.00010177  1.7753e-05  8.9032e-05  6.9832e-07  1.4052e-05  6.1085e-05  1.1182e-05
**** Number per step (global):
 PP_single   PP_cluster  PP_cross    Cluster     Cross       AR_step_sum
      979.86      20.143           0      9.6055           0    0.083984
 AR_tsyn_sum Stab_Ngroup Iso_Ngroup  Form_Ngroup End_Ngroup  Modf_Ngroup Merg_Ngroup H4_step_sum H4_no_NB    Ep-Ep_sum   Ep-Sp_sum  
    0.021484           0           0   0.0029297  0.00097656           0           0      96.982     0.21191  9.1072e+05      9966.8
**** Number of members in clusters (global):
N_members:            1           2           3           4
Count    :       979.86       8.748      0.7832    0.074219

Time: 10.5  N_real(loc): 1000  N_real(glb): 1000  N_all(loc): 1000  N_all(glb): 1000  N_remove(glb): 0  N_escape(glb): 0
Energy:     Error/Total         Error     Error_cum         Total       Kinetic     Potential        Modify  Modify_group Modify_single      Error_PP  Error_PP_cum
Physic:   -4.019806e-07   0.001201933  -0.008972206     -2990.026      2770.037     -5760.063  8.627161e-07             0             0  -1.97395e-07 -8.053002e-06
Slowdown: -4.019805e-07   0.001201932  -0.008972206     -2990.026      2770.037     -5760.063  8.629904e-07             0             0 -1.955235e-07 -8.033476e-06
Angular Momentum:  |L|err: -0.0004382304  |L|err_cum: 0.003079474  L: 141.7274   90.14734    -75.75697  |L|: 184.2616
C.M.: mass: 1900 pos: -0.007777315   -0.01372318    0.1579465 vel: -0.05759584   0.02255273    -0.01867681
Tree step number: 2048
**** Wallclock time per step (local): [Min/Max]
 Total       PP_single   PP_cluster  PP_cross    Tree_NB     Tree_Force  Force_corr  Kick        FindCluster CreateGroup MPI_comm    Output      Status      Other      
   0.0020316  3.5337e-05  7.7193e-05           0  0.00035167   0.0014787   3.609e-05  3.4262e-05  4.1829e-05  2.7899e-05  2.1037e-06  5.4301e-06  3.6201e-09  4.3009e-06
   0.0020317  3.5439e-05  7.7239e-05           0  0.00034562    0.001419  3.6148e-05  3.4298e-05  4.1919e-05  2.7921e-05  2.1366e-06  5.4303e-06  3.6396e-09  4.4361e-06
**** FDPS tree soft force time profile (local):
 Sample_ptcl Domain_deco Ex_ptcl     SetRootCell Make_LT     Make_LET    Make_GT     Make_Group  Make_I_list Calc_force  Write_back 
           0           0           0  1.6415e-05  0.00027583  4.4577e-05  0.00021292   3.257e-06  6.0293e-05  0.00069033  0.00012106
**** Tree neighbor time profile (local):
 Sample_ptcl Domain_deco Ex_ptcl     SetRootCell Make_LT     Make_LET    Make_GT     Make_Group  Make_I_list Calc_force  Write_back 
           0           0           0  5.5005e-06  0.00011008  1.8573e-05  0.00010298  6.0764e-07  1.5362e-05  7.4062e-05  1.2519e-05
**** Number per step (global):
 PP_single   PP_cluster  PP_cross    Cluster     Cross       AR_step_sum
      981.01      18.992           0      9.0327           0    0.097168
 AR_tsyn_sum Stab_Ngroup Iso_Ngroup  Form_Ngroup End_Ngroup  Modf_Ngroup Merg_Ngroup H4_step_sum H4_no_NB    Ep-Ep_sum   Ep-Sp_sum  
    0.039062           0           0   0.0078125   0.0019531           0           0      89.541     0.20605  9.0818e+05      9908.5
**** Number of members in clusters (global):
N_members:            1           2           3           4
Count    :       981.01      8.2354     0.66846     0.12891

Time: 11  N_real(loc): 1000  N_real(glb): 1000  N_all(loc): 1000  N_all(glb): 1000  N_remove(glb): 0  N_escape(glb): 0
Energy:     Error/Total         Error     Error_cum         Total       Kinetic     Potential        Modify  Modify_group Modify_single      Error_PP  Error_PP_cum
Physic:    1.539895e-07 -0.0004604327  -0.009432638     -2990.027      3059.741     -6049.768  9.249225e-07             0             0 -2.550954e-06 -1.060396e-05
Slowdown:  1.539895e-07 -0.0004604328  -0.009432639     -2990.027      3059.741     -6049.768  9.252926e-07             0             0 -2.550732e-06 -1.058421e-05
Angular Momentum:  |L|err: 0.0004621632  |L|err_cum: 0.003541637  L: 141.7279   90.14734    -75.75646  |L|: 184.2617
C.M.: mass: 1900 pos: -0.03347707   -0.007989007    0.1484111 vel: -0.02671414   0.05439489    -0.05220229
Tree step number: 2048
**** Wallclock time per step (local): [Min/Max]
 Total       PP_single   PP_cluster  PP_cross    Tree_NB     Tree_Force  Force_corr  Kick        FindCluster CreateGroup MPI_comm    Output      Status      Other      
   0.0020647  2.2746e-05  7.6194e-05           0  0.00039767    0.001482  3.0206e-05  1.7694e-05  3.9724e-05  2.7337e-05  1.9482e-06  3.7985e-06   6.061e-09  7.3443e-06
   0.0020648  2.2784e-05  7.6237e-05           0  0.00039098   0.0014445  3.0262e-05  1.7745e-05  3.9783e-05   2.737e-05  1.9808e-06  3.7987e-06  6.0806e-09  7.4672e-06
**** FDPS tree soft force time profile (local):
 Sample_ptcl Domain_deco Ex_ptcl     SetRootCell Make_LT     Make_LET    Make_GT     Make_Group  Make_I_list Calc_force  Write_back 
           0           0           0  2.1377e-05  0.00027368  3.7526e-05   0.0002202  3.1566e-06  6.4095e-05  0.00069152  7.6491e-05
**** Tree neighbor time profile (local):
 Sample_ptcl Domain_deco Ex_ptcl     SetRootCell Make_LT     Make_LET    Make_GT     Make_Group  Make_I_list Calc_force  Write_back 
           0           0           0  1.6008e-05  0.00012206  1.9809e-05  0.00010963  6.6177e-07  1.6662e-05  6.8288e-05  1.3769e-05
**** Number per step (global):
 PP_single   PP_cluster  PP_cross    Cluster     Cross       AR_step_sum
      982.34       17.66           0      8.5786           0      0.6665
 AR_tsyn_sum Stab_Ngroup Iso_Ngroup  Form_Ngroup End_Ngroup  Modf_Ngroup Merg_Ngroup H4_step_sum H4_no_NB    Ep-Ep_sum   Ep-Sp_sum  
     0.23193           0           0    0.020996   0.0058594           0           0      85.976     0.13428  8.9716e+05       14442
**** Number of members in clusters (global):
N_members:            1           2           3           4           5
Count    :       982.34      8.1265      0.4082    0.037109   0.0068359

Time: 11.5  N_real(loc): 1000  N_real(glb): 1000  N_all(loc): 1000  N_all(glb): 1000  N_remove(glb): 0  N_escape(glb): 0
Energy:     Error/Total         Error     Error_cum         Total       Kinetic     Potential        Modify  Modify_group Modify_single      Error_PP  Error_PP_cum
Physic:    -7.49341e-07   0.002240548   -0.00719209     -2990.025      3377.473     -6367.498  1.025563e-06             0             0 -1.832247e-07 -1.078718e-05
Slowdown:  -7.49341e-07   0.002240548  -0.007192091     -2990.025      3377.473     -6367.498  1.025938e-06             0             0  -1.83427e-07 -1.076763e-05
Angular Momentum:  |L|err: 0.0004864362  |L|err_cum: 0.004028073  L: 141.7283   90.14738    -75.75766  |L|: 184.2625
C.M.: mass: 1900 pos: -0.0526361   0.01898774    0.1349594 vel: 0.01810369   0.04538037    -0.03985149
Tree step number: 2048
**** Wallclock time per step (local): [Min/Max]
 Total       PP_single   PP_cluster  PP_cross    Tree_NB     Tree_Force  Force_corr  Kick        FindCluster CreateGroup MPI_comm    Output      Status      Other      
   0.0021333  2.1671e-05  8.2415e-05           0  0.00038549   0.0015632  2.5452e-05  1.6359e-05  3.4989e-05  2.8324e-05  2.1044e-06  5.1264e-06  3.8057e-09  6.9944e-06
   0.0021334  2.1721e-05  8.2469e-05           0  0.00038065   0.0015269  2.5507e-05  1.6394e-05  3.5051e-05  2.8346e-05  2.1366e-06  5.1267e-06  3.8257e-09   7.281e-06
**** FDPS tree soft force time profile (local):
 Sample_ptcl Domain_deco Ex_ptcl     SetRootCell Make_LT     Make_LET    Make_GT     Make_Group  Make_I_list Calc_force  Write_back 
           0           0           0  2.7533e-05  0.00028012  3.5863e-05  0.00021699   2.986e-06  6.7962e-05  0.00074998  7.4556e-05
**** Tree neighbor time profile (local):
 Sample_ptcl Domain_deco Ex_ptcl     SetRootCell Make_LT     Make_LET    Make_GT     Make_Group  Make_I_list Calc_force  Write_back 
           0           0           0  1.3284e-05  0.00012661  2.0539e-05   0.0001032  7.2465e-07  1.7394e-05  5.7108e-05  1.0045e-05
**** Number per step (global):
 PP_single   PP_cluster  PP_cross    Cluster     Cross       AR_step_sum
      977.14      22.859           0      10.793           0     0.23096
 AR_tsyn_sum Stab_Ngroup Iso_Ngroup  Form_Ngroup End_Ngroup  Modf_Ngroup Merg_Ngroup H4_step_sum H4_no_NB    Ep-Ep_sum   Ep-Sp_sum  
     0.08252           0           0   0.0092773   0.0024414           0           0       111.2     0.22266  9.0606e+05       13766
**** Number of members in clusters (global):
N_members:            1           2           3           4           5           6
Count    :       977.14      9.8799     0.66797     0.16602    0.042969    0.036133

Time: 12  N_real(loc): 1000  N_real(glb): 1000  N_all(loc): 1000  N_all(glb): 1000  N_remove(glb): 0  N_escape(glb): 0
Energy:     Error/Total         Error     Error_cum         Total       Kinetic     Potential        Modify  Modify_group Modify_single      Error_PP  Error_PP_cum
Physic:     4.80026e-07   -0.00143529  -0.008627381     -2990.026       3297.16     -6287.186  1.093749e-06             0             0 -1.266552e-06 -1.205373e-05
Slowdown:   4.80026e-07   -0.00143529  -0.008627381     -2990.026       3297.16     -6287.186  1.094081e-06             0             0 -1.266979e-06 -1.203461e-05
Angular Momentum:  |L|err: 0.0002742151  |L|err_cum: 0.004302288  L: 141.7282   90.14715    -75.75838  |L|: 184.2627
C.M.: mass: 1900 pos: -0.0478344   0.035837    0.1360138 vel: 0.03588602   0.03706004    0.0681818
Tree step number: 2048
**** Wallclock time per step (local): [Min/Max]
 Total       PP_single   PP_cluster  PP_cross    Tree_NB     Tree_Force  Force_corr  Kick        FindCluster CreateGroup MPI_comm    Output      Status      Other      
   0.0021312  2.0752e-05  8.4806e-05           0  0.00041131   0.0015183  3.2877e-05  2.5651e-05  3.8887e-05  2.9305e-05  1.5206e-06  4.5257e-06  5.3521e-09  5.3051e-06
   0.0021312  2.0791e-05  8.4851e-05           0  0.00040596   0.0014793  3.2933e-05  2.5698e-05  3.8951e-05  2.9327e-05  1.5528e-06  4.5258e-06  5.3716e-09  5.4217e-06
**** FDPS tree soft force time profile (local):
 Sample_ptcl Domain_deco Ex_ptcl     SetRootCell Make_LT     Make_LET    Make_GT     Make_Group  Make_I_list Calc_force  Write_back 
           0           0           0  2.7617e-05  0.00027889  3.8906e-05  0.00023311  3.7201e-06  5.5742e-05  0.00072121  7.9632e-05
**** Tree neighbor time profile (local):
 Sample_ptcl Domain_deco Ex_ptcl     SetRootCell Make_LT     Make_LET    Make_GT     Make_Group  Make_I_list Calc_force  Write_back 
           0           0           0  2.2782e-05   0.0001303  1.9714e-05   9.435e-05  5.8334e-07  1.7054e-05  9.1258e-05  1.1099e-05
**** Number per step (global):
 PP_single   PP_cluster  PP_cross    Cluster     Cross       AR_step_sum
      975.34      24.658           0      11.568           0     0.73486
 AR_tsyn_sum Stab_Ngroup Iso_Ngroup  Form_Ngroup End_Ngroup  Modf_Ngroup Merg_Ngroup H4_step_sum H4_no_NB    Ep-Ep_sum   Ep-Sp_sum  
     0.25195           0           0    0.018066   0.0048828           0           0      120.19      0.3374  9.4718e+05      6081.8
**** Number of members in clusters (global):
N_members:            1           2           3           4           5           6
Count    :       975.34      10.233      1.1836     0.12158    0.026367   0.0039062

Time: 12.5  N_real(loc): 1000  N_real(glb): 1000  N_all(loc): 1000  N_all(glb): 1000  N_remove(glb): 0  N_escape(glb): 0
Energy:     Error/Total         Error     Error_cum         Total       Kinetic     Potential        Modify  Modify_group Modify_single      Error_PP  Error_PP_cum
Physic:    6.635391e-08 -0.0001983999  -0.008825781     -2990.026      2990.981     -5981.008  1.161371e-06             0             0 -1.230378e-06 -1.328411e-05
Slowdown:  6.635392e-08    -0.0001984  -0.008825781     -2990.026      2990.981     -5981.008  1.161732e-06             0             0 -1.230415e-06 -1.326503e-05
Angular Momentum:  |L|err: 0.000792988  |L|err_cum: 0.005095276  L: 141.7293   90.14766    -75.75797  |L|: 184.2636
C.M.: mass: 1900 pos: -0.0320029   0.05154224    0.1387433 vel: 0.008795097   0.04187997    0.02919967
Tree step number: 2048
**** Wallclock time per step (local): [Min/Max]
 Total       PP_single   PP_cluster  PP_cross    Tree_NB     Tree_Force  Force_corr  Kick        FindCluster CreateGroup MPI_comm    Output      Status      Other      
   0.0031619  4.1936e-05   8.212e-05           0  0.00061878   0.0022964  5.5688e-05  3.3685e-05  4.1738e-05   5.286e-05  1.5133e-06  4.3119e-06   5.166e-09  5.1537e-06
   0.0031619  4.1985e-05  8.2164e-05           0   0.0006109   0.0022293  5.5749e-05  3.3722e-05  4.1819e-05  5.2885e-05  1.5455e-06  4.3121e-06  5.2002e-09  5.3711e-06
**** FDPS tree soft force time profile (local):
 Sample_ptcl Domain_deco Ex_ptcl     SetRootCell Make_LT     Make_LET    Make_GT     Make_Group  Make_I_list Calc_force  Write_back 
           0           0           0  9.9296e-05  0.00042744   4.129e-05  0.00030727  4.0451e-06  7.3578e-05  0.00097201  0.00013637
**** Tree neighbor time profile (local):
 Sample_ptcl Domain_deco Ex_ptcl     SetRootCell Make_LT     Make_LET    Make_GT     Make_Group  Make_I_list Calc_force  Write_back 
           0           0           0  5.4509e-05  0.00018354  3.2773e-05  0.00015762  1.0171e-06  2.1033e-05  6.7136e-05   1.624e-05
**** Number per step (global):
 PP_single   PP_cluster  PP_cross    Cluster     Cross       AR_step_sum
      979.05      20.946           0      9.7891           0    0.072754
 AR_tsyn_sum Stab_Ngroup Iso_Ngroup  Form_Ngroup End_Ngroup  Modf_Ngroup Merg_Ngroup H4_step_sum H4_no_NB    Ep-Ep_sum   Ep-Sp_sum  
    0.020508           0           0   0.0024414  0.00097656           0           0      97.995     0.23242  9.0338e+05       14599
**** Number of members in clusters (global):
N_members:            1           2           3           4           5
Count    :       979.05      8.7793     0.67725     0.30713    0.025391

Time: 13  N_real(loc): 1000  N_real(glb): 1000  N_all(loc): 1000  N_all(glb): 1000  N_remove(glb): 0  N_escape(glb): 0
Energy:     Error/Total         Error     Error_cum         Total       Kinetic     Potential        Modify  Modify_group Modify_single      Error_PP  Error_PP_cum
Physic:    4.550257e-07  -0.001360539   -0.01018632     -2990.028      2711.872       -5701.9  1.171859e-06             0             0 -8.684617e-07 -1.415257e-05
Slowdown:   4.55026e-07   -0.00136054   -0.01018632     -2990.028      2711.872       -5701.9  1.173073e-06             0             0 -8.664639e-07 -1.413149e-05
Angular Momentum:  |L|err: -0.001341558  |L|err_cum: 0.003753719  L: 141.7281   90.14699    -75.75687  |L|: 184.2618
C.M.: mass: 1900 pos: -0.03690246   0.05002888    0.1452555 vel: 0.03771771   -0.06725345    0.03487342
Tree step number: 2048
**** Wallclock time per step (local): [Min/Max]
 Total       PP_single   PP_cluster  PP_cross    Tree_NB     Tree_Force  Force_corr  Kick        FindCluster CreateGroup MPI_comm    Output      Status      Other      
   0.0028904  2.6674e-05  8.0019e-05           0  0.00052527   0.0021172  4.7855e-05  4.0033e-05  3.8481e-05  6.2437e-05   2.272e-06  3.0451e-06  5.1318e-09  5.0385e-06
   0.0028904  2.6716e-05  8.0067e-05           0  0.00052059    0.002061  4.7978e-05  4.0069e-05  3.8566e-05  6.2474e-05  2.3049e-06  3.0453e-06  5.1514e-09  5.2169e-06
**** FDPS tree soft force time profile (local):
 Sample_ptcl Domain_deco Ex_ptcl     SetRootCell Make_LT     Make_LET    Make_GT     Make_Group  Make_I_list Calc_force  Write_back 
           0           0           0  5.2431e-05  0.00033563  4.0151e-05  0.00028736  4.9155e-06  8.6236e-05   0.0010315  0.00011472
**** Tree neighbor time profile (local):
 Sample_ptcl Domain_deco Ex_ptcl     SetRootCell Make_LT     Make_LET    Make_GT     Make_Group  Make_I_list Calc_force  Write_back 
           0           0           0  2.0008e-05  0.00019204  2.0615e-05   0.0001214  9.5911e-07  1.9494e-05  6.8085e-05  9.8424e-06
**** Number per step (global):
 PP_single   PP_cluster  PP_cross    Cluster     Cross       AR_step_sum
      981.48      18.521           0      8.8032           0      0.1582
 AR_tsyn_sum Stab_Ngroup Iso_Ngroup  Form_Ngroup End_Ngroup  Modf_Ngroup Merg_Ngroup H4_step_sum H4_no_NB    Ep-Ep_sum   Ep-Sp_sum  
    0.058105           0           0     0.01123   0.0024414           0           0       92.12     0.20654  8.7472e+05       20751
**** Number of members in clusters (global):
N_members:            1           2           3           4           5
Count    :       981.48       7.998     0.72314    0.054688    0.027344

Time: 13.5  N_real(loc): 1000  N_real(glb): 1000  N_all(loc): 1000  N_all(glb): 1000  N_remove(glb): 0  N_escape(glb): 0
Energy:     Error/Total         Error     Error_cum         Total       Kinetic     Potential        Modify  Modify_group Modify_single      Error_PP  Error_PP_cum
Physic:   -8.679405e-07   0.002595164  -0.007591156     -2990.025      2969.629     -5959.654  1.225379e-06             0             0   -2.9192e-06 -1.707177e-05
Slowdown: -8.679403e-07   0.002595163  -0.007591158     -2990.025      2969.629     -5959.654  1.227071e-06             0             0 -2.918415e-06 -1.704991e-05
Angular Momentum:  |L|err: -0.0006328093  |L|err_cum: 0.00312091  L: 141.7273   90.14819    -75.75758  |L|: 184.2622
C.M.: mass: 1900 pos: -0.00679355   0.01616194    0.1482872 vel: 0.07879567   -0.0629699    0.02152255
Tree step number: 2048
**** Wallclock time per step (local): [Min/Max]
 Total       PP_single   PP_cluster  PP_cross    Tree_NB     Tree_Force  Force_corr  Kick        FindCluster CreateGroup MPI_comm    Output      Status      Other      
   0.0040572  3.9119e-05  9.2213e-05           0  0.00077796     0.00292  7.4978e-05  2.8592e-05  5.3332e-05  0.00014915  1.1197e-05  3.1263e-06  4.5645e-09  1.6139e-05
   0.0040572  3.9158e-05  9.2257e-05           0  0.00076916   0.0028174  7.5042e-05  2.8636e-05  5.3414e-05  0.00014919   1.123e-05  3.1265e-06   4.584e-09  1.6355e-05
**** FDPS tree soft force time profile (local):
 Sample_ptcl Domain_deco Ex_ptcl     SetRootCell Make_LT     Make_LET    Make_GT     Make_Group  Make_I_list Calc_force  Write_back 
           0           0           0  0.00011805  0.00056761  6.5813e-05  0.00042656  4.7833e-06  0.00010338   0.0011841  0.00020743
**** Tree neighbor time profile (local):
 Sample_ptcl Domain_deco Ex_ptcl     SetRootCell Make_LT     Make_LET    Make_GT     Make_Group  Make_I_list Calc_force  Write_back 
           0           0           0  9.1302e-05  0.00025839  3.5798e-05  0.00021483  1.0176e-06  2.8849e-05  6.0481e-05   1.819e-05
**** Number per step (global):
 PP_single   PP_cluster  PP_cross    Cluster     Cross       AR_step_sum
      982.01      17.987           0      8.4766           0     0.51562
 AR_tsyn_sum Stab_Ngroup Iso_Ngroup  Form_Ngroup End_Ngroup  Modf_Ngroup Merg_Ngroup H4_step_sum H4_no_NB    Ep-Ep_sum   Ep-Sp_sum  
     0.17969           0           0    0.015625   0.0029297           0           0      91.059      0.2168  8.7673e+05       17923
**** Number of members in clusters (global):
N_members:            1           2           3           4           5           6
Count    :       982.01      7.5918     0.79785    0.038086    0.035156    0.013672

Time: 14  N_real(loc): 1000  N_real(glb): 1000  N_all(loc): 1000  N_all(glb): 1000  N_remove(glb): 0  N_escape(glb): 0
Energy:     Error/Total         Error     Error_cum         Total       Kinetic     Potential        Modify  Modify_group Modify_single      Error_PP  Error_PP_cum
Physic:   -3.180132e-07   0.000950867  -0.006640289     -2990.024      3109.165      -6099.19  1.169405e-06             0             0 -1.577489e-07 -1.722952e-05
Slowdown: -3.180131e-07   0.000950867  -0.006640291     -2990.024      3109.165      -6099.19  1.171173e-06             0             0 -1.571704e-07 -1.720708e-05
Angular Momentum:  |L|err: 0.0006327187  |L|err_cum: 0.003753628  L: 141.7277   90.14857    -75.75824  |L|: 184.2629
C.M.: mass: 1900 pos: -0.008331087   0.003312405    0.1770752 vel: -0.01770086   0.01946002    -0.006574515
Tree step number: 2048
**** Wallclock time per step (local): [Min/Max]
 Total       PP_single   PP_cluster  PP_cross    Tree_NB     Tree_Force  Force_corr  Kick        FindCluster CreateGroup MPI_comm    Output      Status      Other      
   0.0029435   2.104e-05  8.8292e-05           0  0.00053275   0.0021968  3.4557e-05  1.5776e-05   4.386e-05  5.6439e-05   2.873e-06  4.7616e-06  3.1455e-09  3.7812e-06
   0.0029435  2.1077e-05  8.8335e-05           0  0.00052511   0.0021446  3.4614e-05   1.581e-05  4.3937e-05  5.6465e-05   2.905e-06  4.7618e-06  3.1602e-09  4.0216e-06
**** FDPS tree soft force time profile (local):
 Sample_ptcl Domain_deco Ex_ptcl     SetRootCell Make_LT     Make_LET    Make_GT     Make_Group  Make_I_list Calc_force  Write_back 
           0           0           0  6.1203e-05  0.00037215   4.311e-05    0.000269  3.5674e-06  7.2336e-05   0.0010744  0.00010654
**** Tree neighbor time profile (local):
 Sample_ptcl Domain_deco Ex_ptcl     SetRootCell Make_LT     Make_LET    Make_GT     Make_Group  Make_I_list Calc_force  Write_back 
           0           0           0  5.2144e-05  0.00015483  2.3176e-05  0.00013877   8.497e-07  1.8998e-05  7.7389e-05   1.577e-05
**** Number per step (global):
 PP_single   PP_cluster  PP_cross    Cluster     Cross       AR_step_sum
      979.19      20.808           0      9.7378           0     0.62061
 AR_tsyn_sum Stab_Ngroup Iso_Ngroup  Form_Ngroup End_Ngroup  Modf_Ngroup Merg_Ngroup H4_step_sum H4_no_NB    Ep-Ep_sum   Ep-Sp_sum  
     0.21045           0           0    0.019043   0.0043945           0           0      106.17     0.22705  8.6194e+05       21275
**** Number of members in clusters (global):
N_members:            1           2           3           4           5           6           7
Count    :       979.19      8.8003     0.68262     0.12988     0.11133    0.012695  0.00097656

Time: 14.5  N_real(loc): 1000  N_real(glb): 1000  N_all(loc): 1000  N_all(glb): 1000  N_remove(glb): 0  N_escape(glb): 0
Energy:     Error/Total         Error     Error_cum         Total       Kinetic     Potential        Modify  Modify_group Modify_single      Error_PP  Error_PP_cum
Physic:    1.193996e-06  -0.003570082   -0.01021037     -2990.028      3223.828     -6213.856   1.27588e-06             0             0 -1.157646e-06 -1.838717e-05
Slowdown:  1.193996e-06  -0.003570083   -0.01021037     -2990.028      3223.828     -6213.856  1.277775e-06             0             0 -1.157592e-06 -1.836467e-05
Angular Momentum:  |L|err: 0.0007344323  |L|err_cum: 0.004488061  L: 141.7268   90.15018    -75.75958  |L|: 184.2635
C.M.: mass: 1900 pos: -0.0363333   0.01816906    0.1728365 vel: -0.02544062   0.04314372    -0.02324261
Tree step number: 2048
**** Wallclock time per step (local): [Min/Max]
 Total       PP_single   PP_cluster  PP_cross    Tree_NB     Tree_Force  Force_corr  Kick        FindCluster CreateGroup MPI_comm    Output      Status      Other      
   0.0025794  2.3115e-05  8.1292e-05           0  0.00045376   0.0019394   3.285e-05  1.7366e-05   3.879e-05  4.3365e-05  1.9904e-06  3.6804e-06  6.0811e-09   5.053e-06
   0.0025794  2.3153e-05  8.1335e-05           0   0.0004418   0.0018876  3.2905e-05  1.7399e-05  3.8873e-05  4.3389e-05  2.0229e-06  3.6806e-06  6.1006e-09   5.202e-06
**** FDPS tree soft force time profile (local):
 Sample_ptcl Domain_deco Ex_ptcl     SetRootCell Make_LT     Make_LET    Make_GT     Make_Group  Make_I_list Calc_force  Write_back 
           0           0           0  3.5122e-05  0.00031757  3.2473e-05  0.00023509  3.0568e-06  7.3289e-05  0.00099889  0.00010557
**** Tree neighbor time profile (local):
 Sample_ptcl Domain_deco Ex_ptcl     SetRootCell Make_LT     Make_LET    Make_GT     Make_Group  Make_I_list Calc_force  Write_back 
           0           0           0  1.9086e-05  0.00014005  1.5928e-05  0.00010267  7.3003e-07  1.7358e-05  7.3435e-05  2.4358e-05
**** Number per step (global):
 PP_single   PP_cluster  PP_cross    Cluster     Cross       AR_step_sum
      977.51      22.492           0      10.069           0     0.31885
 AR_tsyn_sum Stab_Ngroup Iso_Ngroup  Form_Ngroup End_Ngroup  Modf_Ngroup Merg_Ngroup H4_step_sum H4_no_NB    Ep-Ep_sum   Ep-Sp_sum  
     0.10449           0           0    0.014648   0.0043945           0           0      115.87     0.32031  8.5369e+05       21547
**** Number of members in clusters (global):
N_members:            1           2           3           4           5           6           7           8           9          10
Count    :       977.51      8.6377     0.86035     0.36523     0.12793    0.048828    0.011719  0.00097656    0.013672   0.0029297

Time: 15  N_real(loc): 1000  N_real(glb): 1000  N_all(loc): 1000  N_all(glb): 1000  N_remove(glb): 0  N_escape(glb): 0
Energy:     Error/Total         Error     Error_cum         Total       Kinetic     Potential        Modify  Modify_group Modify_single      Error_PP  Error_PP_cum
Physic:   -6.697744e-07   0.002002643  -0.008207729     -2990.026       3184.55     -6174.576  1.337843e-06             0             0 -2.390124e-06 -2.077729e-05
Slowdown: -6.697743e-07   0.002002642  -0.008207731     -2990.026       3184.55     -6174.576  1.340027e-06             0             0 -2.389948e-06 -2.075462e-05
Angular Momentum:  |L|err: -0.0006414916  |L|err_cum: 0.003846569  L: 141.7264   90.1499    -75.75914  |L|: 184.2629
C.M.: mass: 1900 pos: -0.005510441   0.03714924    0.1571707 vel: 0.05995588   0.02833486    -0.0785097
Tree step number: 2048
**** Wallclock time per step (local): [Min/Max]
 Total       PP_single   PP_cluster  PP_cross    Tree_NB     Tree_Force  Force_corr  Kick        FindCluster CreateGroup MPI_comm    Output      Status      Other      
   0.0023179  2.9499e-05  9.3439e-05           0  0.00043471   0.0016482  4.6297e-05  4.1079e-05  5.1303e-05  3.5552e-05  2.5618e-06    3.13e-06  3.4487e-09  4.4678e-06
    0.002318  2.9537e-05  9.3507e-05           0  0.00042479   0.0015834  4.6355e-05  4.1114e-05  5.1365e-05  3.5574e-05  2.6152e-06  3.1304e-06  3.4683e-09  4.5917e-06
**** FDPS tree soft force time profile (local):
 Sample_ptcl Domain_deco Ex_ptcl     SetRootCell Make_LT     Make_LET    Make_GT     Make_Group  Make_I_list Calc_force  Write_back 
           0           0           0  4.0031e-05  0.00035383  4.0737e-05  0.00022936   3.051e-06  6.8321e-05  0.00073305  0.00013139
**** Tree neighbor time profile (local):
 Sample_ptcl Domain_deco Ex_ptcl     SetRootCell Make_LT     Make_LET    Make_GT     Make_Group  Make_I_list Calc_force  Write_back 
           0           0           0  1.8016e-05   0.0001527  1.9074e-05  0.00011491  6.5716e-07  2.2494e-05  7.6103e-05  2.0266e-05
**** Number per step (global):
 PP_single   PP_cluster  PP_cross    Cluster     Cross       AR_step_sum
      974.54      25.462           0      11.132           0     0.21631
 AR_tsyn_sum Stab_Ngroup Iso_Ngroup  Form_Ngroup End_Ngroup  Modf_Ngroup Merg_Ngroup H4_step_sum H4_no_NB    Ep-Ep_sum   Ep-Sp_sum  
    0.072266           0           0   0.0024414  0.00048828           0           0      130.76     0.39941  8.9225e+05       14241
**** Number of members in clusters (global):
N_members:            1           2           3           4           5           6           7
Count    :       974.54      8.8472      1.6201      0.4375     0.21582   0.0039062   0.0078125

Time: 15.5  N_real(loc): 1000  N_real(glb): 1000  N_all(loc): 1000  N_all(glb): 1000  N_remove(glb): 0  N_escape(glb): 0
Energy:     Error/Total         Error     Error_cum         Total       Kinetic     Potential        Modify  Modify_group Modify_single      Error_PP  Error_PP_cum
Physic:    4.261538e-07  -0.001274211   -0.00948194     -2990.027      2680.536     -5670.562  1.374176e-06             0             0 -2.725516e-06 -2.350281e-05
Slowdown:  4.261538e-07  -0.001274211  -0.009481942     -2990.027      2680.536     -5670.562  1.376313e-06             0             0 -2.726364e-06 -2.348098e-05
Angular Momentum:  |L|err: 1.266221e-05  |L|err_cum: 0.003859231  L: 141.7263   90.14977    -75.75928  |L|: 184.2629
C.M.: mass: 1900 pos: 0.002292862   0.03251209    0.138145 vel: 0.05760609   -0.008714646    -0.01817216
Tree step number: 2048
**** Wallclock time per step (local): [Min/Max]
 Total       PP_single   PP_cluster  PP_cross    Tree_NB     Tree_Force  Force_corr  Kick        FindCluster CreateGroup MPI_comm    Output      Status      Other      
   0.0026691  2.7564e-05  8.5282e-05           0  0.00049764   0.0019503   3.377e-05  1.8828e-05  4.2393e-05  5.6083e-05  1.3902e-06  3.0006e-06  3.6055e-09  4.4039e-06
   0.0026691  2.7601e-05  8.5333e-05           0  0.00049071   0.0019035  3.3826e-05  1.8862e-05  4.2463e-05  5.6107e-05  1.4228e-06  3.0008e-06   3.625e-09  4.5675e-06
**** FDPS tree soft force time profile (local):
 Sample_ptcl Domain_deco Ex_ptcl     SetRootCell Make_LT     Make_LET    Make_GT     Make_Group  Make_I_list Calc_force  Write_back 
           0           0           0  4.5209e-05  0.00033964    3.78e-05  0.00026612  3.4864e-06  7.8154e-05  0.00095516  9.5659e-05
**** Tree neighbor time profile (local):
 Sample_ptcl Domain_deco Ex_ptcl     SetRootCell Make_LT     Make_LET    Make_GT     Make_Group  Make_I_list Calc_force  Write_back 
           0           0           0  3.5473e-05  0.00016202  1.7551e-05  0.00013242  9.3307e-07  1.8136e-05  6.4978e-05  1.4346e-05
**** Number per step (global):
 PP_single   PP_cluster  PP_cross    Cluster     Cross       AR_step_sum
      979.21      20.791           0      9.0093           0      1.0005
 AR_tsyn_sum Stab_Ngroup Iso_Ngroup  Form_Ngroup End_Ngroup  Modf_Ngroup Merg_Ngroup H4_step_sum H4_no_NB    Ep-Ep_sum   Ep-Sp_sum  
      0.3501           0           0    0.022461   0.0073242           0           0      109.57     0.40527  8.6364e+05       20743
**** Number of members in clusters (global):
N_members:            1           2           3           4           5           6           7           8
Count    :       979.21      7.2788      1.2017     0.22314     0.14062     0.12402    0.040039  0.00097656

Time: 16  N_real(loc): 1000  N_real(glb): 1000  N_all(loc): 1000  N_all(glb): 1000  N_remove(glb): 0  N_escape(glb): 0
Energy:     Error/Total         Error     Error_cum         Total       Kinetic     Potential        Modify  Modify_group Modify_single      Error_PP  Error_PP_cum
Physic:   -3.549608e-07   0.001061342  -0.008420598     -2990.026      3049.293     -6039.319  1.540386e-06             0             0  -5.31831e-06 -2.882112e-05
Slowdown: -3.549609e-07   0.001061342    -0.0084206     -2990.026      3049.293     -6039.319  1.542224e-06             0             0 -5.318335e-06 -2.879932e-05
Angular Momentum:  |L|err: -0.0004291928  |L|err_cum: 0.003430038  L: 141.7263   90.1502    -75.75825  |L|: 184.2626
C.M.: mass: 1900 pos: 0.01565619   0.05209716    0.1152878 vel: 0.02990188   0.006581355    -0.04527214
Tree step number: 2048
**** Wallclock time per step (local): [Min/Max]
 Total       PP_single   PP_cluster  PP_cross    Tree_NB     Tree_Force  Force_corr  Kick        FindCluster CreateGroup MPI_comm    Output      Status      Other      
   0.0025643  2.4052e-05  7.8545e-05           0  0.00046157   0.0019036  3.9152e-05  1.4277e-05  3.7724e-05  4.4856e-05  2.1271e-06   4.468e-06  3.7178e-09  3.8586e-06
   0.0025644  2.4097e-05  7.8588e-05           0  0.00045635   0.0018567  3.9208e-05  1.4311e-05  3.7797e-05  4.4879e-05  2.1594e-06  4.4682e-06  3.7324e-09  4.0206e-06
**** FDPS tree soft force time profile (local):
 Sample_ptcl Domain_deco Ex_ptcl     SetRootCell Make_LT     Make_LET    Make_GT     Make_Group  Make_I_list Calc_force  Write_back 
           0           0           0  2.7559e-05  0.00029174  4.1018e-05  0.00024728  3.1294e-06  7.8834e-05  0.00098384  9.5904e-05
**** Tree neighbor time profile (local):
 Sample_ptcl Domain_deco Ex_ptcl     SetRootCell Make_LT     Make_LET    Make_GT     Make_Group  Make_I_list Calc_force  Write_back 
           0           0           0  2.9067e-05  0.00015168  1.7563e-05  0.00012569  9.7138e-07  1.9459e-05  6.2252e-05  1.0857e-05
**** Number per step (global):
 PP_single   PP_cluster  PP_cross    Cluster     Cross       AR_step_sum
       981.9      18.105           0      7.9409           0      1.2217
 AR_tsyn_sum Stab_Ngroup Iso_Ngroup  Form_Ngroup End_Ngroup  Modf_Ngroup Merg_Ngroup H4_step_sum H4_no_NB    Ep-Ep_sum   Ep-Sp_sum  
     0.42334           0           0    0.035156   0.0073242           0           0      98.155     0.25391   8.563e+05       22308
**** Number of members in clusters (global):
N_members:            1           2           3           4           5           6           7           8
Count    :        981.9      6.5527     0.79248     0.41406     0.14453    0.023438   0.0068359   0.0068359

Time: 16.5  N_real(loc): 1000  N_real(glb): 1000  N_all(loc): 1000  N_all(glb): 1000  N_remove(glb): 0  N_escape(glb): 0
Energy:     Error/Total         Error     Error_cum         Total       Kinetic     Potential        Modify  Modify_group Modify_single      Error_PP  Error_PP_cum
Physic:   -5.977001e-07   0.001787138  -0.006633461     -2990.024      3178.733     -6168.757  1.396771e-06             0             0 -3.856537e-06 -3.267766e-05
Slowdown:    -5.977e-07   0.001787138  -0.006633463     -2990.024      3178.733     -6168.757  1.398679e-06             0             0 -3.851613e-06 -3.265093e-05
Angular Momentum:  |L|err: 8.480036e-05  |L|err_cum: 0.003514839  L: 141.7262   90.15035    -75.75826  |L|: 184.2626
C.M.: mass: 1900 pos: 0.02470797   0.03231104    0.1089236 vel: 0.01947237   -0.05835739    0.03558444
Tree step number: 2048
**** Wallclock time per step (local): [Min/Max]
 Total       PP_single   PP_cluster  PP_cross    Tree_NB     Tree_Force  Force_corr  Kick        FindCluster CreateGroup MPI_comm    Output      Status      Other      
   0.0023925   3.768e-05  8.7882e-05           0  0.00041153   0.0017554  3.2326e-05  1.6857e-05  3.8912e-05  5.0381e-05  4.0577e-06  2.9478e-06  3.7178e-09  8.3026e-06
   0.0023926   3.772e-05  8.7939e-05           0  0.00040708   0.0017033  3.2383e-05  1.6905e-05  3.8978e-05  5.0415e-05  4.0907e-06   2.948e-06  3.7378e-09  8.4418e-06
**** FDPS tree soft force time profile (local):
 Sample_ptcl Domain_deco Ex_ptcl     SetRootCell Make_LT     Make_LET    Make_GT     Make_Group  Make_I_list Calc_force  Write_back 
           0           0           0  2.7749e-05  0.00028677  4.3717e-05  0.00023838  3.3118e-06  7.4883e-05   0.0008448  0.00010593
**** Tree neighbor time profile (local):
 Sample_ptcl Domain_deco Ex_ptcl     SetRootCell Make_LT     Make_LET    Make_GT     Make_Group  Make_I_list Calc_force  Write_back 
           0           0           0   2.727e-05  0.00013866  2.0157e-05  0.00010799  8.1825e-07    1.68e-05   4.832e-05  9.3398e-06
**** Number per step (global):
 PP_single   PP_cluster  PP_cross    Cluster     Cross       AR_step_sum
      975.24      24.761           0      10.669           0     0.65479
 AR_tsyn_sum Stab_Ngroup Iso_Ngroup  Form_Ngroup End_Ngroup  Modf_Ngroup Merg_Ngroup H4_step_sum H4_no_NB    Ep-Ep_sum   Ep-Sp_sum  
     0.21045           0           0    0.019531   0.0048828           0           0       134.8     0.40186  8.6139e+05       21119
**** Number of members in clusters (global):
N_members:            1           2           3           4           5           6           7           8           9
Count    :       975.24      8.5786      1.4033       0.396     0.14355     0.03418    0.055664    0.021484    0.036133

Time: 17  N_real(loc): 1000  N_real(glb): 1000  N_all(loc): 1000  N_all(glb): 1000  N_remove(glb): 0  N_escape(glb): 0
Energy:     Error/Total         Error     Error_cum         Total       Kinetic     Potential        Modify  Modify_group Modify_single      Error_PP  Error_PP_cum
Physic:    -3.58139e-07   0.001070844  -0.005562617     -2990.023      2995.346     -5985.369  1.827939e-06             0             0 -3.938696e-06 -3.661635e-05
Slowdown: -3.581389e-07   0.001070843  -0.005562619     -2990.023      2995.346     -5985.369  1.830304e-06             0             0 -3.948536e-06 -3.659947e-05
Angular Momentum:  |L|err: -0.0002443143  |L|err_cum: 0.003270525  L: 141.7262   90.14997    -75.75834  |L|: 184.2624
C.M.: mass: 1900 pos: 0.02011232   0.005231016    0.117005 vel: 0.005768066   -0.02739968    -0.006244888
Tree step number: 2048
**** Wallclock time per step (local): [Min/Max]
 Total       PP_single   PP_cluster  PP_cross    Tree_NB     Tree_Force  Force_corr  Kick        FindCluster CreateGroup MPI_comm    Output      Status      Other      
   0.0022098   1.892e-05    8.86e-05           0  0.00038816   0.0016145  2.0754e-05  1.9004e-05  3.6576e-05  4.4557e-05  2.5038e-06  4.1301e-06  4.0703e-09  4.0731e-06
   0.0022098  1.8958e-05  8.8643e-05           0  0.00038472    0.001583  2.0818e-05  1.9039e-05   3.664e-05   4.458e-05  2.5363e-06  4.1303e-06  4.0898e-09  4.2105e-06
**** FDPS tree soft force time profile (local):
 Sample_ptcl Domain_deco Ex_ptcl     SetRootCell Make_LT     Make_LET    Make_GT     Make_Group  Make_I_list Calc_force  Write_back 
           0           0           0  3.0359e-05  0.00027848  3.5008e-05  0.00024375  3.5313e-06  7.5166e-05  0.00076499  6.4764e-05
**** Tree neighbor time profile (local):
 Sample_ptcl Domain_deco Ex_ptcl     SetRootCell Make_LT     Make_LET    Make_GT     Make_Group  Make_I_list Calc_force  Write_back 
           0           0           0  1.5107e-05  0.00011374  1.8516e-05  0.00011039  7.4249e-07  1.7108e-05  5.2784e-05  7.3207e-06
**** Number per step (global):
 PP_single   PP_cluster  PP_cross    Cluster     Cross       AR_step_sum
      972.72      27.284           0      11.645           0     0.52002
 AR_tsyn_sum Stab_Ngroup Iso_Ngroup  Form_Ngroup End_Ngroup  Modf_Ngroup Merg_Ngroup H4_step_sum H4_no_NB    Ep-Ep_sum   Ep-Sp_sum  
     0.18994           0           0    0.015625   0.0048828           0           0      146.16     0.43799  8.6276e+05       20337
**** Number of members in clusters (global):
N_members:            1           2           3           4           5           6           7           9          10
Count    :       972.72      9.2354      1.4966     0.53662     0.22656    0.080078     0.03418    0.027344   0.0078125

Time: 17.5  N_real(loc): 1000  N_real(glb): 1000  N_all(loc): 1000  N_all(glb): 1000  N_remove(glb): 0  N_escape(glb): 0
Energy:     Error/Total         Error     Error_cum         Total       Kinetic     Potential        Modify  Modify_group Modify_single      Error_PP  Error_PP_cum
Physic:    3.401175e-06   -0.01016963   -0.01573224     -2990.033       2732.87     -5722.903  1.562778e-06             0             0 -7.064404e-06 -4.368076e-05
Slowdown:  3.401175e-06   -0.01016963   -0.01573225     -2990.033       2732.87     -5722.903  1.565124e-06             0             0 -7.064467e-06 -4.366393e-05
Angular Momentum:  |L|err: -0.000754306  |L|err_cum: 0.002516219  L: 141.7262   90.14935    -75.75747  |L|: 184.2618
C.M.: mass: 1900 pos: 0.02414442   0.001189639    0.1073283 vel: 0.01648007   0.007208394    -0.000466999
Tree step number: 2048
**** Wallclock time per step (local): [Min/Max]
 Total       PP_single   PP_cluster  PP_cross    Tree_NB     Tree_Force  Force_corr  Kick        FindCluster CreateGroup MPI_comm    Output      Status      Other      
   0.0021998  1.9984e-05  8.2334e-05           0  0.00037511   0.0016252  3.7078e-05  1.3421e-05  3.7124e-05  4.6842e-05  1.4426e-06  4.2107e-06  4.1094e-09  4.5283e-06
   0.0021999  2.0084e-05  8.2377e-05           0  0.00036933   0.0015813  3.7133e-05  1.3461e-05  3.7186e-05  4.6864e-05  1.4748e-06  4.2109e-06   4.124e-09  4.6642e-06
**** FDPS tree soft force time profile (local):
 Sample_ptcl Domain_deco Ex_ptcl     SetRootCell Make_LT     Make_LET    Make_GT     Make_Group  Make_I_list Calc_force  Write_back 
           0           0           0  2.4261e-05  0.00025957  3.0223e-05  0.00021781  3.3624e-06  7.3875e-05  0.00082645  8.9804e-05
**** Tree neighbor time profile (local):
 Sample_ptcl Domain_deco Ex_ptcl     SetRootCell Make_LT     Make_LET    Make_GT     Make_Group  Make_I_list Calc_force  Write_back 
           0           0           0  1.0131e-05  0.00011885  1.5487e-05  0.00010509  7.8338e-07  1.3401e-05  5.3502e-05  1.1973e-05
**** Number per step (global):
 PP_single   PP_cluster  PP_cross    Cluster     Cross       AR_step_sum
      975.54      24.464           0      10.262           0     0.68262
 AR_tsyn_sum Stab_Ngroup Iso_Ngroup  Form_Ngroup End_Ngroup  Modf_Ngroup Merg_Ngroup H4_step_sum H4_no_NB    Ep-Ep_sum   Ep-Sp_sum  
     0.24463           0           0    0.023926   0.0063477           0           0         135     0.46289  8.6308e+05       20852
**** Number of members in clusters (global):
N_members:            1           2           3           4           5           6           7           8           9          10          11
Count    :       975.54      8.1108      1.3672     0.33643     0.16992     0.12695    0.063477    0.052734     0.02832   0.0019531   0.0039062

Time: 18  N_real(loc): 1000  N_real(glb): 1000  N_all(loc): 1000  N_all(glb): 1000  N_remove(glb): 0  N_escape(glb): 0
Energy:     Error/Total         Error     Error_cum         Total       Kinetic     Potential        Modify  Modify_group Modify_single      Error_PP  Error_PP_cum
Physic:     1.21699e-06  -0.003638846   -0.01937109     -2990.037      3218.675     -6208.712  1.560846e-06             0             0 -7.639791e-06 -5.132055e-05
Slowdown:  1.216991e-06  -0.003638847   -0.01937109     -2990.037      3218.675     -6208.712  1.563846e-06             0             0  -7.63932e-06 -5.130325e-05
Angular Momentum:  |L|err: -0.0008253007  |L|err_cum: 0.001690918  L: 141.7258   90.1488    -75.75656  |L|: 184.2609
C.M.: mass: 1900 pos: 0.03132366   0.009188391    0.09904071 vel: 0.008915367   -0.004448057    -0.06637639
Tree step number: 2048
**** Wallclock time per step (local): [Min/Max]
 Total       PP_single   PP_cluster  PP_cross    Tree_NB     Tree_Force  Force_corr  Kick        FindCluster CreateGroup MPI_comm    Output      Status      Other      
   0.0021064  2.2604e-05  8.5041e-05           0  0.00038013   0.0015329  2.3795e-05  1.5987e-05  4.2273e-05  3.2926e-05  2.0508e-06   3.336e-06  3.2627e-09  4.0857e-06
   0.0021065  2.2642e-05  8.5084e-05           0  0.00037311    0.001499   2.385e-05  1.6023e-05  4.2339e-05  3.2948e-05  2.0832e-06  3.3361e-06  3.2827e-09  4.2225e-06
**** FDPS tree soft force time profile (local):
 Sample_ptcl Domain_deco Ex_ptcl     SetRootCell Make_LT     Make_LET    Make_GT     Make_Group  Make_I_list Calc_force  Write_back 
           0           0           0   1.538e-05  0.00027531  3.1614e-05  0.00023063  3.8185e-06  6.6187e-05  0.00074204   6.974e-05
**** Tree neighbor time profile (local):
 Sample_ptcl Domain_deco Ex_ptcl     SetRootCell Make_LT     Make_LET    Make_GT     Make_Group  Make_I_list Calc_force  Write_back 
           0           0           0  1.1729e-05  0.00012166  2.0211e-05  9.9759e-05  7.4442e-07  1.8414e-05  5.9638e-05  1.4477e-05
**** Number per step (global):
 PP_single   PP_cluster  PP_cross    Cluster     Cross       AR_step_sum
      977.21      22.786           0      9.6777           0      1.5815
 AR_tsyn_sum Stab_Ngroup Iso_Ngroup  Form_Ngroup End_Ngroup  Modf_Ngroup Merg_Ngroup H4_step_sum H4_no_NB    Ep-Ep_sum   Ep-Sp_sum  
     0.56445           0           0    0.044922     0.01123           0           0      121.79     0.45166    9.04e+05       12108
**** Number of members in clusters (global):
N_members:            1           2           3           4           5           6           7           8
Count    :       977.21      7.5854      1.3447     0.38867     0.19678     0.09375    0.067383  0.00097656

Time: 18.5  N_real(loc): 1000  N_real(glb): 1000  N_all(loc): 1000  N_all(glb): 1000  N_remove(glb): 0  N_escape(glb): 0
Energy:     Error/Total         Error     Error_cum         Total       Kinetic     Potential        Modify  Modify_group Modify_single      Error_PP  Error_PP_cum
Physic:    7.257141e-08 -0.0002169912   -0.01958808     -2990.037      3261.168     -6251.206  1.583446e-06             0             0  -7.40224e-06 -5.872279e-05
Slowdown:   7.25717e-08 -0.0002169921   -0.01958809     -2990.037      3261.168     -6251.206   1.58729e-06             0             0 -7.402044e-06  -5.87053e-05
Angular Momentum:  |L|err: -0.0003819656  |L|err_cum: 0.001308952  L: 141.7255   90.14847    -75.75679  |L|: 184.2606
C.M.: mass: 1900 pos: 0.01816899   0.006309226    0.09587246 vel: -0.002106373   0.01806796    0.0263244
Tree step number: 2048
**** Wallclock time per step (local): [Min/Max]
 Total       PP_single   PP_cluster  PP_cross    Tree_NB     Tree_Force  Force_corr  Kick        FindCluster CreateGroup MPI_comm    Output      Status      Other      
   0.0017498  2.0604e-05  9.3252e-05           0  0.00031871   0.0012403  2.9911e-05  1.1988e-05   3.945e-05  2.4212e-05  1.5634e-06  3.6549e-06  3.1504e-09  3.5265e-06
   0.0017498  2.0658e-05  9.3296e-05           0  0.00031504   0.0012043  2.9966e-05  1.2036e-05  3.9507e-05  2.4233e-05  1.5952e-06  3.6551e-06  3.1704e-09  3.6239e-06
**** FDPS tree soft force time profile (local):
 Sample_ptcl Domain_deco Ex_ptcl     SetRootCell Make_LT     Make_LET    Make_GT     Make_Group  Make_I_list Calc_force  Write_back 
           0           0           0  1.3626e-05   0.0002269  3.3901e-05  0.00018298  2.8696e-06  5.4184e-05  0.00060024  7.3658e-05
**** Tree neighbor time profile (local):
 Sample_ptcl Domain_deco Ex_ptcl     SetRootCell Make_LT     Make_LET    Make_GT     Make_Group  Make_I_list Calc_force  Write_back 
           0           0           0   7.051e-06  0.00011943  1.6809e-05  7.6834e-05   5.849e-07  1.7366e-05  5.8507e-05  7.6789e-06
**** Number per step (global):
 PP_single   PP_cluster  PP_cross    Cluster     Cross       AR_step_sum
      975.39       24.61           0      10.443           0      2.4409
 AR_tsyn_sum Stab_Ngroup Iso_Ngroup  Form_Ngroup End_Ngroup  Modf_Ngroup Merg_Ngroup H4_step_sum H4_no_NB    Ep-Ep_sum   Ep-Sp_sum  
     0.81299           0           0     0.05957    0.015625           0           0      134.69     0.45166  9.3108e+05      5885.6
**** Number of members in clusters (global):
N_members:            1           2           3           4           5           6           7           8          10          11          12          13
Count    :       975.39      8.1416      1.4673     0.48828     0.23584    0.057617    0.027344   0.0078125   0.0058594   0.0029297   0.0053711   0.0029297

Time: 19  N_real(loc): 1000  N_real(glb): 1000  N_all(loc): 1000  N_all(glb): 1000  N_remove(glb): 0  N_escape(glb): 0
Energy:     Error/Total         Error     Error_cum         Total       Kinetic     Potential        Modify  Modify_group Modify_single      Error_PP  Error_PP_cum
Physic:   -1.914618e-05    0.05724669    0.03765861      -2989.98      2734.044     -5724.023  1.516539e-06             0             0 -7.825929e-06 -6.654872e-05
Slowdown: -1.914618e-05    0.05724669    0.03765861      -2989.98      2734.044     -5724.023  1.521541e-06             0             0 -7.798709e-06 -6.650401e-05
Angular Momentum:  |L|err: 0.00181416  |L|err_cum: 0.003123112  L: 141.723   90.1502    -75.75801  |L|: 184.26
C.M.: mass: 1900 pos: -0.006571229   0.03003111    0.1046938 vel: -0.06089264   0.09583158    0.03705144
Tree step number: 2048
**** Wallclock time per step (local): [Min/Max]
 Total       PP_single   PP_cluster  PP_cross    Tree_NB     Tree_Force  Force_corr  Kick        FindCluster CreateGroup MPI_comm    Output      Status      Other      
   0.0018883  2.4977e-05  8.1038e-05           0  0.00036207   0.0013298  2.2362e-05  1.7949e-05  3.8564e-05  3.5549e-05  1.7133e-06  5.7847e-06  3.2437e-09  5.5443e-06
   0.0018883  2.5015e-05  8.1084e-05           0  0.00035627   0.0012959  2.2417e-05  1.7984e-05  3.8624e-05  3.5571e-05  1.7453e-06   5.785e-06  3.2583e-09  5.7087e-06
**** FDPS tree soft force time profile (local):
 Sample_ptcl Domain_deco Ex_ptcl     SetRootCell Make_LT     Make_LET    Make_GT     Make_Group  Make_I_list Calc_force  Write_back 
           0           0           0  2.3748e-05  0.00028029  3.6263e-05  0.00021277  3.0088e-06   5.575e-05  0.00059291  6.9439e-05
**** Tree neighbor time profile (local):
 Sample_ptcl Domain_deco Ex_ptcl     SetRootCell Make_LT     Make_LET    Make_GT     Make_Group  Make_I_list Calc_force  Write_back 
           0           0           0  7.7547e-06   0.0001223  1.7286e-05  0.00010403  7.3829e-07  1.8198e-05  5.8394e-05  1.1994e-05
**** Number per step (global):
 PP_single   PP_cluster  PP_cross    Cluster     Cross       AR_step_sum
      978.18      21.821           0       9.061           0      1.3105
 AR_tsyn_sum Stab_Ngroup Iso_Ngroup  Form_Ngroup End_Ngroup  Modf_Ngroup Merg_Ngroup H4_step_sum H4_no_NB    Ep-Ep_sum   Ep-Sp_sum  
     0.43164           0           0    0.041992    0.010742           0           0      119.13     0.39893  9.1458e+05      9221.3
**** Number of members in clusters (global):
N_members:            1           2           3           4           5           6           7           8           9          10          11          12
Count    :       978.18      7.1055      1.2065     0.36133     0.12012     0.11816    0.064941    0.022461    0.038086    0.012695   0.0029297   0.0083008

Time: 19.5  N_real(loc): 1000  N_real(glb): 1000  N_all(loc): 1000  N_all(glb): 1000  N_remove(glb): 0  N_escape(glb): 0
Energy:     Error/Total         Error     Error_cum         Total       Kinetic     Potential        Modify  Modify_group Modify_single      Error_PP  Error_PP_cum
Physic:   -6.241613e-07   0.001866229    0.03952484     -2989.978      3183.619     -6173.597  1.519889e-06             0             0 -4.284462e-06 -7.083318e-05
Slowdown: -6.241613e-07   0.001866229    0.03952484     -2989.978      3183.619     -6173.597  1.524896e-06             0             0   -4.2863e-06 -7.079031e-05
Angular Momentum:  |L|err: 0.0003797638  |L|err_cum: 0.003502876  L: 141.723   90.14942    -75.75934  |L|: 184.2602
C.M.: mass: 1900 pos: -0.03196868   0.05637774    0.1270367 vel: -0.04924668   0.07233175    0.08660732
Tree step number: 2048
**** Wallclock time per step (local): [Min/Max]
 Total       PP_single   PP_cluster  PP_cross    Tree_NB     Tree_Force  Force_corr  Kick        FindCluster CreateGroup MPI_comm    Output      Status      Other      
   0.0017686  1.9178e-05   8.011e-05           0  0.00034261   0.0012561  1.7833e-05  1.1652e-05  3.2777e-05  3.3956e-05  9.4289e-07  4.1441e-06  2.6909e-09  2.8017e-06
   0.0017686  1.9216e-05  8.0153e-05           0  0.00033556   0.0012276  1.7885e-05  1.1685e-05  3.2835e-05  3.3977e-05  9.7455e-07  4.1443e-06  2.7056e-09  2.9205e-06
**** FDPS tree soft force time profile (local):
 Sample_ptcl Domain_deco Ex_ptcl     SetRootCell Make_LT     Make_LET    Make_GT     Make_Group  Make_I_list Calc_force  Write_back 
           0           0           0  1.2376e-05  0.00025589   3.411e-05  0.00019234  3.1595e-06  5.8814e-05  0.00055347  5.8587e-05
**** Tree neighbor time profile (local):
 Sample_ptcl Domain_deco Ex_ptcl     SetRootCell Make_LT     Make_LET    Make_GT     Make_Group  Make_I_list Calc_force  Write_back 
           0           0           0  1.1365e-05  0.00011366  1.9961e-05  9.4418e-05  7.9274e-07  1.4292e-05  4.3022e-05  1.4537e-05
**** Number per step (global):
 PP_single   PP_cluster  PP_cross    Cluster     Cross       AR_step_sum
      975.89      24.114           0      9.9072           0     0.47803
 AR_tsyn_sum Stab_Ngroup Iso_Ngroup  Form_Ngroup End_Ngroup  Modf_Ngroup Merg_Ngroup H4_step_sum H4_no_NB    Ep-Ep_sum   Ep-Sp_sum  
     0.16211           0           0    0.017578   0.0048828           0           0      123.69     0.43604  8.9027e+05       13308
**** Number of members in clusters (global):
N_members:            1           2           3           4           5           6           7           8           9
Count    :       975.89      7.7202      1.1431     0.46777     0.25977     0.17285     0.11621    0.022461   0.0048828

Time: 20  N_real(loc): 1000  N_real(glb): 1000  N_all(loc): 1000  N_all(glb): 1000  N_remove(glb): 0  N_escape(glb): 0
Energy:     Error/Total         Error     Error_cum         Total       Kinetic     Potential        Modify  Modify_group Modify_single      Error_PP  Error_PP_cum
Physic:    7.586589e-07  -0.002268375    0.03725646      -2989.98      3127.836     -6117.816  2.698969e-06             0             0 -1.053858e-05 -8.137176e-05
Slowdown:  7.586587e-07  -0.002268375    0.03725646      -2989.98      3127.836     -6117.816  2.703422e-06             0             0 -1.051767e-05 -8.130797e-05
Angular Momentum:  |L|err: -4.383762e-05  |L|err_cum: 0.003459038  L: 141.7227   90.1495    -75.75907  |L|: 184.2599
C.M.: mass: 1900 pos: -0.05310337   0.07107115    0.1240185 vel: -0.03336639   0.04654143    -0.03113889
Tree step number: 2048
**** Wallclock time per step (local): [Min/Max]
 Total       PP_single   PP_cluster  PP_cross    Tree_NB     Tree_Force  Force_corr  Kick        FindCluster CreateGroup MPI_comm    Output      Status      Other      
   0.0019844  2.5721e-05   8.877e-05           0  0.00039262   0.0013657  2.8553e-05  1.2527e-05  4.5911e-05  4.3404e-05  2.5865e-06  4.7731e-06  5.3716e-09  8.0446e-06
   0.0019844  2.5758e-05  8.8815e-05           0  0.00038733   0.0013339  2.8609e-05  1.2561e-05  4.5979e-05  4.3427e-05   2.619e-06  4.7732e-06  5.3862e-09   8.174e-06
**** FDPS tree soft force time profile (local):
 Sample_ptcl Domain_deco Ex_ptcl     SetRootCell Make_LT     Make_LET    Make_GT     Make_Group  Make_I_list Calc_force  Write_back 
           0           0           0  3.0752e-05   0.0002925   3.303e-05  0.00023596  3.7268e-06   7.691e-05  0.00053491  6.5817e-05
**** Tree neighbor time profile (local):
 Sample_ptcl Domain_deco Ex_ptcl     SetRootCell Make_LT     Make_LET    Make_GT     Make_Group  Make_I_list Calc_force  Write_back 
           0           0           0  1.8254e-05  0.00013574  2.7488e-05  0.00010218  8.0278e-07  1.8672e-05  3.7032e-05  1.0997e-05
**** Number per step (global):
 PP_single   PP_cluster  PP_cross    Cluster     Cross       AR_step_sum
      973.65      26.348           0      11.014           0     0.98242
 AR_tsyn_sum Stab_Ngroup Iso_Ngroup  Form_Ngroup End_Ngroup  Modf_Ngroup Merg_Ngroup H4_step_sum H4_no_NB    Ep-Ep_sum   Ep-Sp_sum  
     0.33594           0           0    0.024902   0.0068359           0           0      138.81     0.44678  8.7129e+05       18355
**** Number of members in clusters (global):
N_members:            1           2           3           4           5           6           7           8           9          10          11
Count    :       973.65      8.5557      1.4102     0.54199      0.3291     0.10742    0.036621    0.016602   0.0087891   0.0058594   0.0019531

Time: 20.5  N_real(loc): 1000  N_real(glb): 1000  N_all(loc): 1000  N_all(glb): 1000  N_remove(glb): 0  N_escape(glb): 0
Energy:     Error/Total         Error     Error_cum         Total       Kinetic     Potential        Modify  Modify_group Modify_single      Error_PP  Error_PP_cum
Physic:     5.69924e-07  -0.001704063     0.0355524     -2989.982      3508.562     -6498.544  2.708084e-06             0             0 -9.149024e-06 -9.052078e-05
Slowdown:  5.699242e-07  -0.001704063     0.0355524     -2989.982      3508.562     -6498.544  2.713082e-06             0             0 -9.148574e-06 -9.045655e-05
Angular Momentum:  |L|err: 0.0003699988  |L|err_cum: 0.003829037  L: 141.7231   90.14976    -75.75958  |L|: 184.2605
C.M.: mass: 1900 pos: -0.07289903   0.06265621    0.1005077 vel: -0.1076744   -0.06744607    -0.01899088
Tree step number: 2048
**** Wallclock time per step (local): [Min/Max]
 Total       PP_single   PP_cluster  PP_cross    Tree_NB     Tree_Force  Force_corr  Kick        FindCluster CreateGroup MPI_comm    Output      Status      Other      
   0.0020353  2.0449e-05  9.1407e-05           0  0.00038676   0.0014275  3.2204e-05  1.6416e-05  3.3561e-05  4.9193e-05  1.6074e-06  3.5648e-06  5.3027e-09   5.479e-06
   0.0020354  2.0487e-05  9.1452e-05           0  0.00038225   0.0013968  3.2268e-05  1.6451e-05  3.3629e-05  4.9225e-05  1.6397e-06   3.565e-06  5.3223e-09  5.6157e-06
**** FDPS tree soft force time profile (local):
 Sample_ptcl Domain_deco Ex_ptcl     SetRootCell Make_LT     Make_LET    Make_GT     Make_Group  Make_I_list Calc_force  Write_back 
           0           0           0  1.8461e-05   0.0002771  3.7559e-05  0.00023121  3.6639e-06  7.8706e-05  0.00059426  6.3303e-05
**** Tree neighbor time profile (local):
 Sample_ptcl Domain_deco Ex_ptcl     SetRootCell Make_LT     Make_LET    Make_GT     Make_Group  Make_I_list Calc_force  Write_back 
           0           0           0  1.7698e-05   0.0001248  1.9208e-05   0.0001124  9.3846e-07  2.0171e-05  3.8515e-05  9.4321e-06
**** Number per step (global):
 PP_single   PP_cluster  PP_cross    Cluster     Cross       AR_step_sum
      974.72      25.282           0       10.66           0     0.58496
 AR_tsyn_sum Stab_Ngroup Iso_Ngroup  Form_Ngroup End_Ngroup  Modf_Ngroup Merg_Ngroup H4_step_sum H4_no_NB    Ep-Ep_sum   Ep-Sp_sum  
     0.20215           0           0    0.018555   0.0048828           0           0      142.96     0.43457  8.6427e+05       18035
**** Number of members in clusters (global):
N_members:            1           2           3           4           5           6           7           8           9          10
Count    :       974.72      8.3169      1.4531     0.55859     0.11035     0.11914    0.045898    0.043945   0.0068359   0.0053711

Time: 21  N_real(loc): 1000  N_real(glb): 1000  N_all(loc): 1000  N_all(glb): 1000  N_remove(glb): 0  N_escape(glb): 0
Energy:     Error/Total         Error     Error_cum         Total       Kinetic     Potential        Modify  Modify_group Modify_single      Error_PP  Error_PP_cum
Physic:    -2.76849e-07  0.0008277732    0.03638018     -2989.981       2997.41     -5987.391  2.905072e-06             0             0 -9.137499e-06 -9.965828e-05
Slowdown: -2.768486e-07  0.0008277721    0.03638017     -2989.981       2997.41     -5987.391  2.911193e-06             0             0 -9.137263e-06 -9.959381e-05
Angular Momentum:  |L|err: -0.0004338462  |L|err_cum: 0.003395191  L: 141.7238   90.14947    -75.75947  |L|: 184.2609
C.M.: mass: 1900 pos: -0.07305848   0.05923734    0.09784122 vel: 0.01822785   -0.01515123    -0.02534319
Tree step number: 2048
**** Wallclock time per step (local): [Min/Max]
 Total       PP_single   PP_cluster  PP_cross    Tree_NB     Tree_Force  Force_corr  Kick        FindCluster CreateGroup MPI_comm    Output      Status      Other      
   0.0017964  1.8193e-05  8.6419e-05           0  0.00031663   0.0012804  1.9135e-05  1.1097e-05  3.9663e-05  3.5446e-05  1.5629e-06  3.5916e-06  5.6304e-09  4.3779e-06
   0.0017965  1.8229e-05  8.6462e-05           0  0.00031231   0.0012622  1.9233e-05  1.1131e-05  3.9798e-05  3.5467e-05   1.595e-06  3.5919e-06  5.6455e-09  4.5036e-06
**** FDPS tree soft force time profile (local):
 Sample_ptcl Domain_deco Ex_ptcl     SetRootCell Make_LT     Make_LET    Make_GT     Make_Group  Make_I_list Calc_force  Write_back 
           0           0           0  1.6303e-05  0.00021769  3.1309e-05  0.00019759  3.8766e-06  6.4666e-05  0.00061148   3.845e-05
**** Tree neighbor time profile (local):
 Sample_ptcl Domain_deco Ex_ptcl     SetRootCell Make_LT     Make_LET    Make_GT     Make_Group  Make_I_list Calc_force  Write_back 
           0           0           0  8.0872e-06  9.2691e-05  1.9191e-05  8.1126e-05  7.5196e-07  1.6782e-05  4.6524e-05  9.0884e-06
**** Number per step (global):
 PP_single   PP_cluster  PP_cross    Cluster     Cross       AR_step_sum
      976.66      23.336           0       9.438           0      1.7397
 AR_tsyn_sum Stab_Ngroup Iso_Ngroup  Form_Ngroup End_Ngroup  Modf_Ngroup Merg_Ngroup H4_step_sum H4_no_NB    Ep-Ep_sum   Ep-Sp_sum  
     0.56836           0           0    0.040039   0.0087891           0           0      134.94     0.46436  8.6215e+05       18970
**** Number of members in clusters (global):
N_members:            1           2           3           4           5           6           7           8           9          10          11          12
Count    :       976.66      7.3735      1.1763     0.38477      0.1875    0.076172     0.11133    0.032227   0.0039062    0.032715   0.0087891    0.029297
N_members:           13
Count    :     0.021484

Time: 21.5  N_real(loc): 1000  N_real(glb): 1000  N_all(loc): 1000  N_all(glb): 1000  N_remove(glb): 0  N_escape(glb): 0
Energy:     Error/Total         Error     Error_cum         Total       Kinetic     Potential        Modify  Modify_group Modify_single      Error_PP  Error_PP_cum
Physic:    1.438765e-06  -0.004301886    0.03207829     -2989.985       3501.91     -6491.896  3.096409e-06             0             0 -2.892322e-06 -0.0001025506
Slowdown:  1.438765e-06  -0.004301886    0.03207828     -2989.985       3501.91     -6491.896  3.102124e-06             0             0 -2.894307e-06 -0.0001024881
Angular Momentum:  |L|err: 0.0001157534  |L|err_cum: 0.003510944  L: 141.724   90.14979    -75.75943  |L|: 184.2611
C.M.: mass: 1900 pos: -0.03825216   0.03859152    0.1002324 vel: -0.007581034   -0.0419725    0.01842813
Tree step number: 2048
**** Wallclock time per step (local): [Min/Max]
 Total       PP_single   PP_cluster  PP_cross    Tree_NB     Tree_Force  Force_corr  Kick        FindCluster CreateGroup MPI_comm    Output      Status      Other      
   0.0020562  2.3945e-05  8.4088e-05           0  0.00034452   0.0015101  3.0565e-05  1.2269e-05  4.8611e-05  4.0383e-05  2.1584e-06  4.7573e-06   3.165e-09  3.7188e-06
   0.0020562  2.4024e-05  8.4152e-05           0  0.00033968   0.0014638  3.0619e-05  1.2303e-05  4.8675e-05  4.0406e-05  2.1908e-06  4.7575e-06  3.1797e-09  3.8509e-06
**** FDPS tree soft force time profile (local):
 Sample_ptcl Domain_deco Ex_ptcl     SetRootCell Make_LT     Make_LET    Make_GT     Make_Group  Make_I_list Calc_force  Write_back 
           0           0           0  2.4205e-05  0.00025194  3.5043e-05  0.00021401  5.6724e-06  7.1492e-05  0.00071063  9.4373e-05
**** Tree neighbor time profile (local):
 Sample_ptcl Domain_deco Ex_ptcl     SetRootCell Make_LT     Make_LET    Make_GT     Make_Group  Make_I_list Calc_force  Write_back 
           0           0           0  1.4823e-05  0.00011453  1.8368e-05  9.0469e-05  8.3871e-07   1.592e-05   4.945e-05  1.0092e-05
**** Number per step (global):
 PP_single   PP_cluster  PP_cross    Cluster     Cross       AR_step_sum
      975.37       24.63           0      9.8755           0     0.92578
 AR_tsyn_sum Stab_Ngroup Iso_Ngroup  Form_Ngroup End_Ngroup  Modf_Ngroup Merg_Ngroup H4_step_sum H4_no_NB    Ep-Ep_sum   Ep-Sp_sum  
     0.32227           0           0    0.024902   0.0073242           0           0      139.82     0.41504  8.6941e+05       17850
**** Number of members in clusters (global):
N_members:            1           2           3           4           5           6           7           8           9          10          11          12
Count    :       975.37      7.4941      1.3057     0.61621     0.18457    0.064453    0.070312    0.028809    0.038086   0.0019531    0.017578    0.032227
N_members:           13          14
Count    :     0.015625   0.0058594

Time: 22  N_real(loc): 1000  N_real(glb): 1000  N_all(loc): 1000  N_all(glb): 1000  N_remove(glb): 0  N_escape(glb): 0
Energy:     Error/Total         Error     Error_cum         Total       Kinetic     Potential        Modify  Modify_group Modify_single      Error_PP  Error_PP_cum
Physic:    7.787224e-06   -0.02328387   0.008794421     -2990.009      2979.053     -5969.061  2.074336e-06             0             0 -9.527536e-06 -0.0001120781
Slowdown:  7.787224e-06   -0.02328387   0.008794415     -2990.009      2979.053     -5969.061  2.080139e-06             0             0 -9.546373e-06 -0.0001120345
Angular Momentum:  |L|err: 0.0002953508  |L|err_cum: 0.003806295  L: 141.7238   90.15006    -75.75959  |L|: 184.2612
C.M.: mass: 1900 pos: -0.03768713   0.03991706    0.1230244 vel: 0.007871903   0.01743417    0.01534449
Tree step number: 2048
**** Wallclock time per step (local): [Min/Max]
 Total       PP_single   PP_cluster  PP_cross    Tree_NB     Tree_Force  Force_corr  Kick        FindCluster CreateGroup MPI_comm    Output      Status      Other      
   0.0017756  1.6301e-05  8.1269e-05           0  0.00032923   0.0012833  1.5714e-05  6.1938e-06  3.0177e-05  2.8201e-05  2.0886e-06   2.763e-06  3.3608e-09  2.9059e-06
   0.0017756  1.6338e-05  8.1312e-05           0  0.00032646   0.0012614  1.5767e-05   6.264e-06  3.0236e-05  2.8223e-05  2.1208e-06  2.7632e-06  3.3804e-09  3.0334e-06
**** FDPS tree soft force time profile (local):
 Sample_ptcl Domain_deco Ex_ptcl     SetRootCell Make_LT     Make_LET    Make_GT     Make_Group  Make_I_list Calc_force  Write_back 
           0           0           0  1.7766e-05  0.00022784  3.1349e-05  0.00019701  3.2476e-06   6.589e-05  0.00063076  4.5444e-05
**** Tree neighbor time profile (local):
 Sample_ptcl Domain_deco Ex_ptcl     SetRootCell Make_LT     Make_LET    Make_GT     Make_Group  Make_I_list Calc_force  Write_back 
           0           0           0  6.4159e-06  0.00011071  1.6916e-05  0.00010082  6.9377e-07  1.6447e-05  4.5205e-05  5.9069e-06
**** Number per step (global):
 PP_single   PP_cluster  PP_cross    Cluster     Cross       AR_step_sum
      975.86      24.145           0      10.124           0      1.0054
 AR_tsyn_sum Stab_Ngroup Iso_Ngroup  Form_Ngroup End_Ngroup  Modf_Ngroup Merg_Ngroup H4_step_sum H4_no_NB    Ep-Ep_sum   Ep-Sp_sum  
     0.37158           0           0    0.030762   0.0083008           0           0      130.06     0.43311   8.815e+05       14958
**** Number of members in clusters (global):
N_members:            1           2           3           4           5           6           7           8           9          10          11
Count    :       975.86      8.0879      1.2471     0.41992    0.077148    0.076172     0.11523    0.031738    0.043945    0.019531   0.0048828

Time: 22.5  N_real(loc): 1000  N_real(glb): 1000  N_all(loc): 1000  N_all(glb): 1000  N_remove(glb): 0  N_escape(glb): 0
Energy:     Error/Total         Error     Error_cum         Total       Kinetic     Potential        Modify  Modify_group Modify_single      Error_PP  Error_PP_cum
Physic:   -6.088962e-08  0.0001820605   0.008976481     -2990.009      3229.391       -6219.4  2.112307e-06             0             0 -5.454958e-06 -0.0001175331
Slowdown: -6.088404e-08  0.0001820438   0.008976459     -2990.009      3229.391       -6219.4  2.134795e-06             0             0 -5.433132e-06 -0.0001174676
Angular Momentum:  |L|err: -0.0002151136  |L|err_cum: 0.003591181  L: 141.7232   90.14954    -75.75944  |L|: 184.2604
C.M.: mass: 1900 pos: -0.05018103   0.04335951    0.1286699 vel: -0.0001300158   -0.02651133    0.03459491
Tree step number: 2048
**** Wallclock time per step (local): [Min/Max]
 Total       PP_single   PP_cluster  PP_cross    Tree_NB     Tree_Force  Force_corr  Kick        FindCluster CreateGroup MPI_comm    Output      Status      Other      
   0.0018516  1.5349e-05  7.9842e-05           0  0.00034546   0.0013235  1.5079e-05  9.3532e-06  3.4493e-05  4.1214e-05  1.2657e-06  4.0235e-06  5.5718e-09  3.0065e-06
   0.0018517  1.5385e-05  7.9884e-05           0  0.00034011   0.0013058  1.5131e-05  9.3869e-06  3.4553e-05  4.1237e-05    1.35e-06  4.0237e-06  5.5918e-09  3.1323e-06
**** FDPS tree soft force time profile (local):
 Sample_ptcl Domain_deco Ex_ptcl     SetRootCell Make_LT     Make_LET    Make_GT     Make_Group  Make_I_list Calc_force  Write_back 
           0           0           0  2.1742e-05  0.00023125  2.9019e-05   0.0001999  2.9052e-06  5.7057e-05  0.00062738   3.735e-05
**** Tree neighbor time profile (local):
 Sample_ptcl Domain_deco Ex_ptcl     SetRootCell Make_LT     Make_LET    Make_GT     Make_Group  Make_I_list Calc_force  Write_back 
           0           0           0  1.1527e-05  9.9931e-05  1.7035e-05  9.5274e-05  7.1439e-07  1.5023e-05  4.8271e-05  1.1111e-05
**** Number per step (global):
 PP_single   PP_cluster  PP_cross    Cluster     Cross       AR_step_sum
      974.79      25.209           0      9.7793           0     0.43262
 AR_tsyn_sum Stab_Ngroup Iso_Ngroup  Form_Ngroup End_Ngroup  Modf_Ngroup Merg_Ngroup H4_step_sum H4_no_NB    Ep-Ep_sum   Ep-Sp_sum  
     0.14404           0           0    0.015625   0.0039062           0           0      141.68     0.52246  8.8987e+05       14048
**** Number of members in clusters (global):
N_members:            1           2           3           4           5           6           7           8           9          10          11          12
Count    :       974.79      7.0293      1.5034     0.50049       0.375      0.1709     0.09375    0.030273   0.0078125    0.014648     0.03418   0.0078125
N_members:           13          14
Count    :     0.010742  0.00097656

Time: 23  N_real(loc): 1000  N_real(glb): 1000  N_all(loc): 1000  N_all(glb): 1000  N_remove(glb): 0  N_escape(glb): 0
Energy:     Error/Total         Error     Error_cum         Total       Kinetic     Potential        Modify  Modify_group Modify_single      Error_PP  Error_PP_cum
Physic:   -2.316589e-06   0.006926606    0.01590309     -2990.002      3214.656     -6204.658  1.906914e-06             0             0 -1.390161e-05 -0.0001314347
Slowdown: -2.316589e-06   0.006926605    0.01590306     -2990.002      3214.656     -6204.658  1.929854e-06             0             0 -1.390163e-05 -0.0001313693
Angular Momentum:  |L|err: -0.001327844  |L|err_cum: 0.002263338  L: 141.7236   90.1494    -75.75796  |L|: 184.26
C.M.: mass: 1900 pos: -0.04217956   0.02960153    0.1061837 vel: 0.04263883   -0.01283393    -0.05731374
Tree step number: 2048
**** Wallclock time per step (local): [Min/Max]
 Total       PP_single   PP_cluster  PP_cross    Tree_NB     Tree_Force  Force_corr  Kick        FindCluster CreateGroup MPI_comm    Output      Status      Other      
   0.0021739  1.9054e-05  9.4894e-05           0  0.00039085   0.0015789  2.3579e-05  1.2949e-05  4.0362e-05  4.4624e-05   2.025e-06  3.8408e-06   3.938e-09  3.1136e-06
    0.002174  1.9092e-05  9.4938e-05           0  0.00038662   0.0015402  2.3634e-05  1.2983e-05  4.0429e-05  4.4647e-05  2.0573e-06  3.8412e-06  3.9575e-09  3.3031e-06
**** FDPS tree soft force time profile (local):
 Sample_ptcl Domain_deco Ex_ptcl     SetRootCell Make_LT     Make_LET    Make_GT     Make_Group  Make_I_list Calc_force  Write_back 
           0           0           0  3.5915e-05  0.00027993  3.5532e-05  0.00023656  3.1828e-06  7.3165e-05  0.00071801  7.9093e-05
**** Tree neighbor time profile (local):
 Sample_ptcl Domain_deco Ex_ptcl     SetRootCell Make_LT     Make_LET    Make_GT     Make_Group  Make_I_list Calc_force  Write_back 
           0           0           0  2.1286e-05  0.00012081  1.8398e-05  0.00010899  7.6735e-07  1.7893e-05  4.4092e-05  8.9206e-06
**** Number per step (global):
 PP_single   PP_cluster  PP_cross    Cluster     Cross       AR_step_sum
      972.73      27.274           0      10.073           0      2.1255
 AR_tsyn_sum Stab_Ngroup Iso_Ngroup  Form_Ngroup End_Ngroup  Modf_Ngroup Merg_Ngroup H4_step_sum H4_no_NB    Ep-Ep_sum   Ep-Sp_sum  
     0.72461           0           0    0.057617    0.013184           0           0      155.68     0.44727  8.7454e+05       18519
**** Number of members in clusters (global):
N_members:            1           2           3           4           5           6           7           8           9          10          11          12
Count    :       972.73      7.3491      1.1196     0.75244     0.28516      0.1582     0.10596    0.066406    0.055664    0.050781    0.061523    0.037109
N_members:           13          14          15
Count    :     0.018555   0.0029297   0.0097656

Time: 23.5  N_real(loc): 1000  N_real(glb): 1000  N_all(loc): 1000  N_all(glb): 1000  N_remove(glb): 0  N_escape(glb): 0
Energy:     Error/Total         Error     Error_cum         Total       Kinetic     Potential        Modify  Modify_group Modify_single      Error_PP  Error_PP_cum
Physic:   -3.986454e-07    0.00119195    0.01709504         -2990      3364.017     -6354.018  3.408359e-06             0             0 -2.951803e-05 -0.0001609527
Slowdown: -3.986456e-07    0.00119195    0.01709501         -2990      3364.017     -6354.018  3.430999e-06             0             0 -2.952661e-05 -0.0001608959
Angular Momentum:  |L|err: -5.635168e-05  |L|err_cum: 0.002206986  L: 141.7229   90.14932    -75.75708  |L|: 184.2591
C.M.: mass: 1900 pos: -0.04280526   0.03703909    0.1051199 vel: 0.01647904   0.05060121    0.006675731
Tree step number: 2048
**** Wallclock time per step (local): [Min/Max]
 Total       PP_single   PP_cluster  PP_cross    Tree_NB     Tree_Force  Force_corr  Kick        FindCluster CreateGroup MPI_comm    Output      Status      Other      
   0.0017056  2.0673e-05  0.00010525           0  0.00031223   0.0011837  1.8393e-05  1.3327e-05  3.5569e-05  3.2037e-05  1.3723e-06  3.6623e-06  3.3706e-09  3.4006e-06
   0.0017057  2.0711e-05  0.00010529           0  0.00030846   0.0011613  1.8447e-05  1.3361e-05  3.5632e-05  3.2059e-05  1.4042e-06  3.6626e-06  3.3906e-09  3.5313e-06
**** FDPS tree soft force time profile (local):
 Sample_ptcl Domain_deco Ex_ptcl     SetRootCell Make_LT     Make_LET    Make_GT     Make_Group  Make_I_list Calc_force  Write_back 
           0           0           0  1.2118e-05  0.00022682  3.1891e-05   0.0001908  2.9775e-06  6.9623e-05  0.00053117  4.6504e-05
**** Tree neighbor time profile (local):
 Sample_ptcl Domain_deco Ex_ptcl     SetRootCell Make_LT     Make_LET    Make_GT     Make_Group  Make_I_list Calc_force  Write_back 
           0           0           0  5.5925e-06  0.00010881  1.7623e-05  8.3438e-05  8.3595e-07  1.4891e-05  4.6327e-05  7.9418e-06
**** Number per step (global):
 PP_single   PP_cluster  PP_cross    Cluster     Cross       AR_step_sum
      972.57      27.432           0      9.3315           0        9.48
 AR_tsyn_sum Stab_Ngroup Iso_Ngroup  Form_Ngroup End_Ngroup  Modf_Ngroup Merg_Ngroup H4_step_sum H4_no_NB    Ep-Ep_sum   Ep-Sp_sum  
      3.1904           0           0     0.31787    0.053223           0           0      167.09     0.76514  8.7188e+05       20288
**** Number of members in clusters (global):
N_members:            1           2           3           4           5           6           7           8           9          10          11          12
Count    :       972.57      6.1572      1.4624     0.52832     0.43262     0.21973     0.14307    0.087891    0.070801    0.044922    0.042969    0.042969
N_members:           13          14          15          16
Count    :     0.053711    0.021484    0.017578   0.0058594

Time: 24  N_real(loc): 1000  N_real(glb): 1000  N_all(loc): 1000  N_all(glb): 1000  N_remove(glb): 0  N_escape(glb): 0
Energy:     Error/Total         Error     Error_cum         Total       Kinetic     Potential        Modify  Modify_group Modify_single      Error_PP  Error_PP_cum
Physic:    1.030516e-05   -0.03081275   -0.01371771     -2990.031      2920.568     -5910.599   1.29456e-06             0             0 -7.497714e-05 -0.0002359299
Slowdown:  1.030516e-05   -0.03081275   -0.01371773     -2990.031      2920.568     -5910.599  1.316713e-06             0             0 -7.497718e-05  -0.000235873
Angular Momentum:  |L|err: 0.000241888  |L|err_cum: 0.002448874  L: 141.7225   90.14939    -75.75683  |L|: 184.2588
C.M.: mass: 1900 pos: -0.03707509   0.03311933    0.09987206 vel: -0.004984201   -0.01990705    0.01065155
Tree step number: 2048
**** Wallclock time per step (local): [Min/Max]
 Total       PP_single   PP_cluster  PP_cross    Tree_NB     Tree_Force  Force_corr  Kick        FindCluster CreateGroup MPI_comm    Output      Status      Other      
   0.0015419  1.5927e-05  0.00012977           0  0.00027014   0.0010438  1.5675e-05  6.1835e-06  3.9839e-05  2.7417e-05  1.1958e-06  3.3725e-06   3.542e-09  3.1473e-06
   0.0015419  1.5964e-05  0.00012982           0  0.00026761   0.0010296  1.5727e-05  6.2275e-06  3.9919e-05  2.7482e-05  1.2277e-06  3.3726e-06  3.5566e-09  3.2439e-06
**** FDPS tree soft force time profile (local):
 Sample_ptcl Domain_deco Ex_ptcl     SetRootCell Make_LT     Make_LET    Make_GT     Make_Group  Make_I_list Calc_force  Write_back 
           0           0           0   1.396e-05  0.00020974  2.9791e-05  0.00018052  3.0766e-06  6.6122e-05  0.00044682  3.0016e-05
**** Tree neighbor time profile (local):
 Sample_ptcl Domain_deco Ex_ptcl     SetRootCell Make_LT     Make_LET    Make_GT     Make_Group  Make_I_list Calc_force  Write_back 
           0           0           0  5.8827e-06  9.0369e-05  1.4198e-05  7.9368e-05  7.5378e-07  1.5098e-05  3.5188e-05  5.4184e-06
**** Number per step (global):
 PP_single   PP_cluster  PP_cross    Cluster     Cross       AR_step_sum
      968.83      31.169           0      9.6338           0      12.724
 AR_tsyn_sum Stab_Ngroup Iso_Ngroup  Form_Ngroup End_Ngroup  Modf_Ngroup Merg_Ngroup H4_step_sum H4_no_NB    Ep-Ep_sum   Ep-Sp_sum  
      4.4116           0           0     0.21484    0.019043           0           0      186.38     0.53711   8.794e+05       19843
**** Number of members in clusters (global):
N_members:            1           2           3           4           5           6           7           8           9          10          11          12
Count    :       968.83       6.542       1.293     0.49707      0.2666     0.15918     0.15039     0.12939    0.097168    0.064453    0.095703    0.061523
N_members:           13          14          15          16          17          18          19          20          21          22          23          24
Count    :     0.069336    0.054688    0.017578    0.021484    0.017578    0.024414   0.0058594   0.0087891    0.040039    0.013672   0.0029297  0.00097656

Time: 24.5  N_real(loc): 1000  N_real(glb): 1000  N_all(loc): 1000  N_all(glb): 1000  N_remove(glb): 0  N_escape(glb): 0
Energy:     Error/Total         Error     Error_cum         Total       Kinetic     Potential        Modify  Modify_group Modify_single      Error_PP  Error_PP_cum
Physic:    8.731349e-06   -0.02610723   -0.03982494     -2990.057      3137.025     -6127.082  2.204558e-06             0             0 -0.0002443285 -0.0004802584
Slowdown:  8.731349e-06   -0.02610723   -0.03982497     -2990.057      3137.025     -6127.082  2.226856e-06             0             0 -0.0002443285 -0.0004802016
Angular Momentum:  |L|err: 4.99446e-07  |L|err_cum: 0.002449374  L: 141.7222   90.14893    -75.75656  |L|: 184.2582
C.M.: mass: 1900 pos: -0.06188422   0.01825823    0.09175248 vel: -0.04080528   -0.0499539    -0.02269972
Tree step number: 2048
**** Wallclock time per step (local): [Min/Max]
 Total       PP_single   PP_cluster  PP_cross    Tree_NB     Tree_Force  Force_corr  Kick        FindCluster CreateGroup MPI_comm    Output      Status      Other      
   0.0016371  1.9586e-05  0.00014306           0  0.00028281   0.0010977  1.6667e-05  1.5931e-05  4.6881e-05  2.6736e-05   2.195e-06  4.0681e-06  3.4927e-09   3.899e-06
   0.0016371  1.9624e-05  0.00014311           0  0.00027738   0.0010782   1.672e-05  1.5965e-05  4.6947e-05  2.6757e-05  2.2272e-06  4.0684e-06  3.5073e-09  3.9998e-06
**** FDPS tree soft force time profile (local):
 Sample_ptcl Domain_deco Ex_ptcl     SetRootCell Make_LT     Make_LET    Make_GT     Make_Group  Make_I_list Calc_force  Write_back 
           0           0           0  1.6324e-05  0.00023325  3.1857e-05   0.0001965  2.9941e-06  7.4848e-05  0.00046215  4.0724e-05
**** Tree neighbor time profile (local):
 Sample_ptcl Domain_deco Ex_ptcl     SetRootCell Make_LT     Make_LET    Make_GT     Make_Group  Make_I_list Calc_force  Write_back 
           0           0           0   4.438e-06  0.00010337  1.5137e-05  7.2819e-05  6.9738e-07  2.2272e-05  4.0348e-05  1.1217e-05
**** Number per step (global):
 PP_single   PP_cluster  PP_cross    Cluster     Cross       AR_step_sum
      975.66      24.343           0      8.3491           0      40.363
 AR_tsyn_sum Stab_Ngroup Iso_Ngroup  Form_Ngroup End_Ngroup  Modf_Ngroup Merg_Ngroup H4_step_sum H4_no_NB    Ep-Ep_sum   Ep-Sp_sum  
      12.754           0           0      1.0376    0.038574           0           0       143.8      1.6147  8.8884e+05       18904
**** Number of members in clusters (global):
N_members:            1           2           3           4           5           6           7           8           9          10          11          12
Count    :       975.66      5.8608     0.95117     0.43066     0.23633     0.31934     0.15967     0.16162    0.052734    0.052734    0.044922    0.017578
N_members:           13          14
Count    :      0.03125    0.030273

Time: 25  N_real(loc): 1000  N_real(glb): 1000  N_all(loc): 1000  N_all(glb): 1000  N_remove(glb): 0  N_escape(glb): 0
Energy:     Error/Total         Error     Error_cum         Total       Kinetic     Potential        Modify  Modify_group Modify_single      Error_PP  Error_PP_cum
Physic:   -0.0002689192     0.8038677     0.7640427     -2989.253      4033.469     -7022.722  2.448968e-07             0             0  -0.001059812  -0.001540071
Slowdown: -0.0002689192     0.8038677     0.7640427     -2989.253      4033.469     -7022.722   2.75183e-07             0             0  -0.001059812  -0.001540014
Angular Momentum:  |L|err: 0.0006598025  |L|err_cum: 0.003109176  L: 141.7213   90.14828    -75.75641  |L|: 184.2571
C.M.: mass: 1900 pos: -0.09005796   0.002047811    0.06548817 vel: 0.02024261   -0.02778441    -0.07094385
Tree step number: 2048
**** Wallclock time per step (local): [Min/Max]
 Total       PP_single   PP_cluster  PP_cross    Tree_NB     Tree_Force  Force_corr  Kick        FindCluster CreateGroup MPI_comm    Output      Status      Other      
   0.0020511  1.7812e-05  0.00018154           0   0.0003267   0.0014223  2.7804e-05  1.0878e-05  4.4638e-05  3.2003e-05  2.0717e-06  3.8549e-06  3.9092e-09  5.6346e-06
   0.0020512   1.786e-05   0.0001816           0  0.00032358   0.0013988  2.7858e-05  1.0912e-05  4.4716e-05  3.2025e-05  2.1042e-06  3.8551e-06  3.9238e-09  5.7879e-06
**** FDPS tree soft force time profile (local):
 Sample_ptcl Domain_deco Ex_ptcl     SetRootCell Make_LT     Make_LET    Make_GT     Make_Group  Make_I_list Calc_force  Write_back 
           0           0           0  1.5706e-05  0.00023398  2.9822e-05  0.00020019  3.0978e-06  7.3347e-05  0.00070061  4.8843e-05
**** Tree neighbor time profile (local):
 Sample_ptcl Domain_deco Ex_ptcl     SetRootCell Make_LT     Make_LET    Make_GT     Make_Group  Make_I_list Calc_force  Write_back 
           0           0           0  8.3874e-06  9.9123e-05  1.7084e-05  8.6671e-05  8.2873e-07  1.8403e-05  4.4695e-05  6.7782e-06
**** Number per step (global):
 PP_single   PP_cluster  PP_cross    Cluster     Cross       AR_step_sum
      973.39      26.605           0      8.4268           0      60.825
 AR_tsyn_sum Stab_Ngroup Iso_Ngroup  Form_Ngroup End_Ngroup  Modf_Ngroup Merg_Ngroup H4_step_sum H4_no_NB    Ep-Ep_sum   Ep-Sp_sum  
       19.32   0.0078125           0      1.1128    0.024902   0.0078125           0      167.72     0.93799  8.8832e+05       19853
**** Number of members in clusters (global):
N_members:            1           2           3           4           5           6           7           8           9          10          11          12
Count    :       973.39      5.6909     0.83154     0.45264     0.43506     0.17969     0.28467    0.088867     0.13965     0.10059     0.11084    0.063477
N_members:           13          14          15          16          19          21
Count    :     0.016602    0.021484   0.0029297  0.00097656  0.00097656   0.0058594
Hard energy significant ! dE_SD: 0.592853 dE_SD/Etot_SD: -0.000686408
Thread: 1 Dump file: data.hard_large_energy_h4_n13_g1_t25.039307_M0_O1_c0_s1790684079
Hard energy significant ! dE_SD: 0.340976 dE_SD/Etot_SD: -0.00109295
Thread: 3 Dump file: data.hard_large_energy_h4_n7_g1_t25.071533_M0_O3_c1_s1790684079
Hard energy significant ! dE_SD: -0.162736 dE_SD/Etot_SD: 0.00071221
Thread: 3 Dump file: data.hard_large_energy_h4_n3_g1_t25.096436_M0_O3_c2_s1790684080
Hard energy significant ! dE_SD: 0.0768501 dE_SD/Etot_SD: -0.000298941
Thread: 2 Dump file: data.hard_large_energy_h4_n4_g1_t25.098389_M0_O2_c3_s1790684080
Hard energy significant ! dE_SD: 0.0326761 dE_SD/Etot_SD: -0.000115378
Thread: 2 Dump file: data.hard_large_energy_h4_n6_g1_t25.099365_M0_O2_c4_s1790684080
Hard energy significant ! dE_SD: -0.176806 dE_SD/Etot_SD: 0.000768564
Thread: 0 Dump file: data.hard_large_energy_h4_n3_g1_t25.119385_M0_O0_c5_s1790684080
Hard energy significant ! dE_SD: -0.0270342 dE_SD/Etot_SD: 0.000120033
Thread: 1 Dump file: data.hard_large_energy_h4_n4_g1_t25.120850_M0_O1_c6_s1790684080
Hard energy significant ! dE_SD: -0.0336195 dE_SD/Etot_SD: 0.000146018
Thread: 2 Dump file: data.hard_large_energy_h4_n3_g1_t25.230713_M0_O2_c7_s1790684081
Hard energy significant ! dE_SD: 0.0721503 dE_SD/Etot_SD: -0.000312606
Thread: 0 Dump file: data.hard_large_energy_h4_n3_g1_t25.276123_M0_O0_c8_s1790684081

Time: 25.5  N_real(loc): 1000  N_real(glb): 1000  N_all(loc): 1012  N_all(glb): 1012  N_remove(glb): 0  N_escape(glb): 0
Energy:     Error/Total         Error     Error_cum         Total       Kinetic     Potential        Modify  Modify_group Modify_single      Error_PP  Error_PP_cum
Physic:    -0.008073155      22.40159      23.16563     -2774.825      2734.643     -5509.468       192.027             0             0      1.142073      1.140533
Slowdown:  -0.008216364       22.1824      22.94644     -2699.783       2723.08     -5422.863       267.288             0             0      1.110761      1.109221
Angular Momentum:  |L|err: 30.07188  |L|err_cum: 30.07499  L: 161.402   74.08002    -59.65925  |L|: 187.3437
C.M.: mass: 1900 pos: -0.0990467   0.02425145    0.05465661 vel: -0.0568465   0.02981782    0.04787551
Tree step number: 2048
**** Wallclock time per step (local): [Min/Max]
 Total       PP_single   PP_cluster  PP_cross    Tree_NB     Tree_Force  Force_corr  Kick        FindCluster CreateGroup MPI_comm    Output      Status      Other      
   0.0020043  1.6935e-05  0.00024313           0  0.00032206   0.0013454  2.3574e-05  1.2935e-05   3.761e-05  2.5722e-05   2.576e-06  3.8498e-06  3.5903e-09  4.2415e-06
   0.0020043  1.6973e-05  0.00024319           0  0.00031789   0.0013134   2.365e-05   1.297e-05  3.7692e-05  2.5744e-05  2.6088e-06  3.8501e-06  3.6104e-09  4.3834e-06
**** FDPS tree soft force time profile (local):
 Sample_ptcl Domain_deco Ex_ptcl     SetRootCell Make_LT     Make_LET    Make_GT     Make_Group  Make_I_list Calc_force  Write_back 
           0           0           0  1.1515e-05  0.00024322  3.0509e-05  0.00019769  3.0363e-06  6.4637e-05  0.00065282   6.581e-05
**** Tree neighbor time profile (local):
 Sample_ptcl Domain_deco Ex_ptcl     SetRootCell Make_LT     Make_LET    Make_GT     Make_Group  Make_I_list Calc_force  Write_back 
           0           0           0  4.6814e-06  9.7675e-05  1.5187e-05  9.6147e-05   6.102e-07  1.6083e-05  5.9277e-05   8.741e-06
**** Number per step (global):
 PP_single   PP_cluster  PP_cross    Cluster     Cross       AR_step_sum
      979.06      20.942           0      8.2612           0      86.996
 AR_tsyn_sum Stab_Ngroup Iso_Ngroup  Form_Ngroup End_Ngroup  Modf_Ngroup Merg_Ngroup H4_step_sum H4_no_NB    Ep-Ep_sum   Ep-Sp_sum  
      26.979     0.69971           0     0.76172     0.13379    0.012695           0      141.16     0.38867  9.4363e+05       13398
**** Number of members in clusters (global):
N_members:            1           2           3           4           5           6           7           8           9          10          11          12
Count    :       979.06      6.2461       1.269     0.27588     0.13379     0.11328    0.043457    0.045898    0.023438   0.0068359     0.04248    0.035645
N_members:           13          14          15
Count    :     0.012695    0.010742   0.0019531

Time: 26  N_real(loc): 1000  N_real(glb): 1000  N_all(loc): 1012  N_all(glb): 1012  N_remove(glb): 0  N_escape(glb): 0
Energy:     Error/Total         Error     Error_cum         Total       Kinetic     Potential        Modify  Modify_group Modify_single      Error_PP  Error_PP_cum
Physic:   -0.0009332076      2.337272      25.50291     -2504.557      2839.259     -5343.816      459.9574             0             0   0.004619394      1.145152
Slowdown:  -0.000872793      2.120473      25.06692     -2429.526      2827.684      -5257.21      610.4666             0             0 -2.040736e-05      1.109201
Angular Momentum:  |L|err: 19.4717  |L|err_cum: 49.54669  L: 170.4864   64.33567    -44.75081  |L|: 187.6361
C.M.: mass: 1900 pos: -0.131913   0.03579599    0.08117684 vel: -0.0514971   -0.008412107    0.02796382
Tree step number: 2048
**** Wallclock time per step (local): [Min/Max]
 Total       PP_single   PP_cluster  PP_cross    Tree_NB     Tree_Force  Force_corr  Kick        FindCluster CreateGroup MPI_comm    Output      Status      Other      
    0.001592  1.7921e-05  0.00010912           0  0.00027703   0.0011115  1.6125e-05  1.1549e-05  3.5473e-05  2.4058e-05  2.0721e-06  4.1213e-06  3.1997e-09  3.4913e-06
   0.0015921  1.7958e-05  0.00010916           0  0.00027394   0.0010914  1.6188e-05  1.1585e-05  3.5533e-05  2.4079e-05  2.1048e-06  4.1215e-06  3.2144e-09  3.5855e-06
**** FDPS tree soft force time profile (local):
 Sample_ptcl Domain_deco Ex_ptcl     SetRootCell Make_LT     Make_LET    Make_GT     Make_Group  Make_I_list Calc_force  Write_back 
           0           0           0  9.3121e-06  0.00021576  3.6116e-05  0.00017235  2.0273e-06  5.1544e-05  0.00053747  4.1803e-05
**** Tree neighbor time profile (local):
 Sample_ptcl Domain_deco Ex_ptcl     SetRootCell Make_LT     Make_LET    Make_GT     Make_Group  Make_I_list Calc_force  Write_back 
           0           0           0  4.1427e-06   9.055e-05  1.6982e-05   7.599e-05  3.6191e-07  1.6591e-05  5.3981e-05  6.5409e-06
**** Number per step (global):
 PP_single   PP_cluster  PP_cross    Cluster     Cross       AR_step_sum
         981      18.999           0      8.1177           0      35.645
 AR_tsyn_sum Stab_Ngroup Iso_Ngroup  Form_Ngroup End_Ngroup  Modf_Ngroup Merg_Ngroup H4_step_sum H4_no_NB    Ep-Ep_sum   Ep-Sp_sum  
      7.0083           1           0     0.57275      0.1123           0           0      101.51     0.60352  1.0086e+06      3342.6
**** Number of members in clusters (global):
N_members:            1           2           3           4           5           6           7           8           9
Count    :          981      6.6548     0.94092     0.16113     0.14941    0.091797    0.062012     0.02832    0.029297

Time: 26.5  N_real(loc): 1000  N_real(glb): 1000  N_all(loc): 1012  N_all(glb): 1012  N_remove(glb): 0  N_escape(glb): 0
Energy:     Error/Total         Error     Error_cum         Total       Kinetic     Potential        Modify  Modify_group Modify_single      Error_PP  Error_PP_cum
Physic:   -5.816611e-05     0.1421051      25.64501     -2443.091      2841.093     -5284.183      521.2818             0             0 -0.0004427683      1.144709
Slowdown: -5.192899e-05     0.1229709      25.18989     -2368.059      2829.518     -5197.578      746.8414             0             0 -0.0004427683      1.108758
Angular Momentum:  |L|err: -1.191738  |L|err_cum: 48.35495  L: 168.0459   66.79663    -42.58878  |L|: 185.7822
C.M.: mass: 1900 pos: -0.1375055   0.05804775    0.0904922 vel: 0.01735471   0.02484378    0.04563168
Tree step number: 2048
**** Wallclock time per step (local): [Min/Max]
 Total       PP_single   PP_cluster  PP_cross    Tree_NB     Tree_Force  Force_corr  Kick        FindCluster CreateGroup MPI_comm    Output      Status      Other      
   0.0015628  1.6957e-05  0.00010839           0  0.00027952   0.0010764  1.7043e-05  8.9813e-06  3.5765e-05  2.5974e-05  1.0196e-06   4.484e-06  3.2822e-09  3.5497e-06
   0.0015628  1.6994e-05  0.00010844           0  0.00027492   0.0010635  1.7096e-05  9.0153e-06  3.5827e-05  2.5997e-05  1.0517e-06  4.4841e-06  3.2969e-09  3.6415e-06
**** FDPS tree soft force time profile (local):
 Sample_ptcl Domain_deco Ex_ptcl     SetRootCell Make_LT     Make_LET    Make_GT     Make_Group  Make_I_list Calc_force  Write_back 
           0           0           0  1.0627e-05  0.00021443  2.8671e-05  0.00016948  2.1649e-06  4.9999e-05  0.00052868  2.7281e-05
**** Tree neighbor time profile (local):
 Sample_ptcl Domain_deco Ex_ptcl     SetRootCell Make_LT     Make_LET    Make_GT     Make_Group  Make_I_list Calc_force  Write_back 
           0           0           0  4.8945e-06  8.7052e-05  1.6793e-05  7.1971e-05  3.4261e-07  1.7978e-05  5.7548e-05  9.5568e-06
**** Number per step (global):
 PP_single   PP_cluster  PP_cross    Cluster     Cross       AR_step_sum
      979.96      20.038           0      8.0435           0      38.602
 AR_tsyn_sum Stab_Ngroup Iso_Ngroup  Form_Ngroup End_Ngroup  Modf_Ngroup Merg_Ngroup H4_step_sum H4_no_NB    Ep-Ep_sum   Ep-Sp_sum  
      7.5762           1           0      0.6582     0.12939           0           0      107.69     0.86377  1.0187e+06      218.59
**** Number of members in clusters (global):
N_members:            1           2           3           4           5           6           7           8           9          10
Count    :       979.96      6.2217     0.85986     0.35791      0.2876     0.15137     0.10547    0.041016    0.014648   0.0039062

Time: 27  N_real(loc): 1000  N_real(glb): 1000  N_all(loc): 1012  N_all(glb): 1012  N_remove(glb): 0  N_escape(glb): 0
Energy:     Error/Total         Error     Error_cum         Total       Kinetic     Potential        Modify  Modify_group Modify_single      Error_PP  Error_PP_cum
Physic:   -4.776258e-06    0.01155632      25.65657     -2419.535       2979.84     -5399.376      544.8256             0             0 -0.0004202251      1.144289
Slowdown: -4.829879e-06    0.01132367      25.20121     -2344.504      2968.267     -5312.771      845.4166             0             0 -0.0004201477      1.108338
Angular Momentum:  |L|err: -1.818736  |L|err_cum: 46.53621  L: 165.7592   69.08398    -41.9296  |L|: 184.4093
C.M.: mass: 1900 pos: -0.1395337   0.06852406    0.1192174 vel: 0.02575963   -0.008262341    0.007592335
Tree step number: 2048
**** Wallclock time per step (local): [Min/Max]
 Total       PP_single   PP_cluster  PP_cross    Tree_NB     Tree_Force  Force_corr  Kick        FindCluster CreateGroup MPI_comm    Output      Status      Other      
   0.0024207  2.5438e-05  0.00018417           0  0.00042675     0.00164  4.9581e-05  2.2848e-05  6.7975e-05  3.6173e-05  3.0512e-06   3.739e-06  4.4077e-09  1.2102e-05
   0.0024208  2.5477e-05  0.00018423           0  0.00042027   0.0015927  4.9648e-05  2.2884e-05    6.81e-05  3.6197e-05  3.0839e-06  3.7391e-06  4.4224e-09  1.2217e-05
**** FDPS tree soft force time profile (local):
 Sample_ptcl Domain_deco Ex_ptcl     SetRootCell Make_LT     Make_LET    Make_GT     Make_Group  Make_I_list Calc_force  Write_back 
           0           0           0  2.8828e-05  0.00035792  4.5175e-05  0.00029287  5.6999e-06  5.8324e-05   0.0006868  9.6871e-05
**** Tree neighbor time profile (local):
 Sample_ptcl Domain_deco Ex_ptcl     SetRootCell Make_LT     Make_LET    Make_GT     Make_Group  Make_I_list Calc_force  Write_back 
           0           0           0  9.6232e-06  0.00014279   2.302e-05  0.00013149  4.2648e-07  2.1688e-05  6.7268e-05  1.3411e-05
**** Number per step (global):
 PP_single   PP_cluster  PP_cross    Cluster     Cross       AR_step_sum
      979.04      20.963           0      7.7329           0      58.911
 AR_tsyn_sum Stab_Ngroup Iso_Ngroup  Form_Ngroup End_Ngroup  Modf_Ngroup Merg_Ngroup H4_step_sum H4_no_NB    Ep-Ep_sum   Ep-Sp_sum  
      14.987           1           0     0.78223     0.11377           0           0       117.9     0.27246   1.015e+06      2181.7
**** Number of members in clusters (global):
N_members:            1           2           3           4           5           6           7           8           9
Count    :       979.04       5.625     0.74805     0.45654     0.36768     0.13281     0.24658       0.125     0.03125

Time: 27.5  N_real(loc): 1000  N_real(glb): 1000  N_all(loc): 1012  N_all(glb): 1012  N_remove(glb): 0  N_escape(glb): 0
Energy:     Error/Total         Error     Error_cum         Total       Kinetic     Potential        Modify  Modify_group Modify_single      Error_PP  Error_PP_cum
Physic:   -2.137943e-05    0.05146644      25.70803     -2407.287       3428.57     -5835.857      557.0222             0             0   0.002622773      1.146912
Slowdown: -2.204202e-05    0.05140764      25.25262     -2332.256      3416.997     -5749.253      932.6444             0             0   0.002622773      1.110961
Angular Momentum:  |L|err: -1.585553  |L|err_cum: 44.95066  L: 163.909   70.93538    -41.70824  |L|: 183.4055
C.M.: mass: 1900 pos: -0.115992   0.04741637    0.1120771 vel: 0.0763369   -0.05176213    -0.0301332
Tree step number: 2048
**** Wallclock time per step (local): [Min/Max]
 Total       PP_single   PP_cluster  PP_cross    Tree_NB     Tree_Force  Force_corr  Kick        FindCluster CreateGroup MPI_comm    Output      Status      Other      
   0.0025323  3.2459e-05   0.0001975           0  0.00047606   0.0016384  4.3854e-05  3.7565e-05  8.1657e-05  4.6102e-05  6.2368e-06  6.5295e-06  4.6523e-09  2.2353e-05
   0.0025323    3.25e-05  0.00019758           0  0.00046328   0.0015919  4.3914e-05  3.7603e-05   8.174e-05  4.6126e-05  6.2698e-06  6.5298e-06  4.6719e-09  2.2524e-05
**** FDPS tree soft force time profile (local):
 Sample_ptcl Domain_deco Ex_ptcl     SetRootCell Make_LT     Make_LET    Make_GT     Make_Group  Make_I_list Calc_force  Write_back 
           0           0           0  2.4647e-05  0.00039025  4.8995e-05   0.0002833  3.5866e-06  6.6136e-05  0.00065805  9.4895e-05
**** Tree neighbor time profile (local):
 Sample_ptcl Domain_deco Ex_ptcl     SetRootCell Make_LT     Make_LET    Make_GT     Make_Group  Make_I_list Calc_force  Write_back 
           0           0           0  1.2595e-05  0.00016222  2.5092e-05  0.00012912  4.9763e-07  2.7529e-05  7.2715e-05  2.6016e-05
**** Number per step (global):
 PP_single   PP_cluster  PP_cross    Cluster     Cross       AR_step_sum
      981.43      18.568           0       7.061           0      61.422
 AR_tsyn_sum Stab_Ngroup Iso_Ngroup  Form_Ngroup End_Ngroup  Modf_Ngroup Merg_Ngroup H4_step_sum H4_no_NB    Ep-Ep_sum   Ep-Sp_sum  
      15.784           1           0      0.8125    0.012695           0           0      94.914     0.10303  9.9595e+05      7255.3
**** Number of members in clusters (global):
N_members:            1           2           3           4           5           6           7           8           9          10          11
Count    :       981.43      5.3062     0.64844     0.43799      0.3623    0.072266    0.037598    0.036133      0.1416    0.017578  0.00097656

Time: 28  N_real(loc): 1000  N_real(glb): 1000  N_all(loc): 1012  N_all(glb): 1012  N_remove(glb): 0  N_escape(glb): 0
Energy:     Error/Total         Error     Error_cum         Total       Kinetic     Potential        Modify  Modify_group Modify_single      Error_PP  Error_PP_cum
Physic:   -1.113449e-05    0.02672005      25.73475     -2399.754      3847.708     -6247.462      564.5286             0             0  -0.001331885       1.14558
Slowdown:  -1.26308e-05    0.02936312      25.28198     -2324.723      3836.135     -6160.858      1015.179             0             0  -0.001331899      1.109629
Angular Momentum:  |L|err: -1.336907  |L|err_cum: 43.61375  L: 162.3738   72.47313    -41.64841  |L|: 182.6259
C.M.: mass: 1900 pos: -0.1076327   0.03358137    0.1163778 vel: -0.00871216   0.02574252    0.0009759371
Tree step number: 2048
**** Wallclock time per step (local): [Min/Max]
 Total       PP_single   PP_cluster  PP_cross    Tree_NB     Tree_Force  Force_corr  Kick        FindCluster CreateGroup MPI_comm    Output      Status      Other      
   0.0038833   5.863e-05  0.00030068           0  0.00070574   0.0025619  7.1356e-05  3.6125e-05  0.00015252  6.6595e-05  9.4786e-06  5.1846e-06  4.8477e-09  3.0657e-05
   0.0038833  5.8721e-05  0.00030077           0  0.00068575   0.0024621  7.1448e-05  3.6164e-05  0.00015268  6.6627e-05  9.5157e-06  5.1847e-06  4.8628e-09  3.0918e-05
**** FDPS tree soft force time profile (local):
 Sample_ptcl Domain_deco Ex_ptcl     SetRootCell Make_LT     Make_LET    Make_GT     Make_Group  Make_I_list Calc_force  Write_back 
           0           0           0  4.7074e-05  0.00063756  7.7945e-05  0.00051618  5.8027e-06   8.734e-05  0.00089239   0.0002027
**** Tree neighbor time profile (local):
 Sample_ptcl Domain_deco Ex_ptcl     SetRootCell Make_LT     Make_LET    Make_GT     Make_Group  Make_I_list Calc_force  Write_back 
           0           0           0  2.8554e-05   0.0002596   3.942e-05  0.00018461  9.2412e-07  2.8339e-05  0.00010958  4.0751e-05
**** Number per step (global):
 PP_single   PP_cluster  PP_cross    Cluster     Cross       AR_step_sum
      976.66      23.344           0      8.3677           0      70.675
 AR_tsyn_sum Stab_Ngroup Iso_Ngroup  Form_Ngroup End_Ngroup  Modf_Ngroup Merg_Ngroup H4_step_sum H4_no_NB    Ep-Ep_sum   Ep-Sp_sum  
      19.811           1           0     0.65576   0.0092773           0           0      154.48     0.14795  9.8033e+05       10336
**** Number of members in clusters (global):
N_members:            1           2           3           4           5           6           7           8           9          10          11          12
Count    :       976.66      6.1089     0.73242     0.61768      0.2041     0.22852     0.13086     0.13086     0.10986    0.060547    0.017578    0.026367

Time: 28.5  N_real(loc): 1000  N_real(glb): 1000  N_all(loc): 1024  N_all(glb): 1024  N_remove(glb): 0  N_escape(glb): 0
Energy:     Error/Total         Error     Error_cum         Total       Kinetic     Potential        Modify  Modify_group Modify_single      Error_PP  Error_PP_cum
Physic:     -0.02992429      67.68003      93.41479     -2261.709      2769.939     -5031.647       634.894             0             0     0.0697895       1.21537
Slowdown:   -0.03354298      67.49487      92.77685     -2012.191      2757.123     -4769.313      1335.248             0             0    0.03701801      1.146647
Angular Momentum:  |L|err: -11.17393  |L|err_cum: 32.43983  L: 156.8713   72.67554    -53.00497  |L|: 180.831
C.M.: mass: 1900 pos: -0.1201691   0.04075748    0.1218863 vel: -0.02464949   0.008665888    -0.004655114
Tree step number: 2048
**** Wallclock time per step (local): [Min/Max]
 Total       PP_single   PP_cluster  PP_cross    Tree_NB     Tree_Force  Force_corr  Kick        FindCluster CreateGroup MPI_comm    Output      Status      Other      
   0.0033089  4.3078e-05   0.0002027           0   0.0006037   0.0022675  7.8558e-05  5.4282e-05  8.7731e-05  4.5347e-05  1.3664e-05   3.469e-06  3.3657e-09  1.0866e-05
    0.003309  4.3127e-05  0.00020276           0  0.00059195    0.002174  7.8627e-05  5.4347e-05  8.7822e-05  4.5372e-05    1.37e-05  3.4692e-06  3.3804e-09  1.1001e-05
**** FDPS tree soft force time profile (local):
 Sample_ptcl Domain_deco Ex_ptcl     SetRootCell Make_LT     Make_LET    Make_GT     Make_Group  Make_I_list Calc_force  Write_back 
           0           0           0  4.1506e-05  0.00053037  7.8654e-05  0.00036346  3.9951e-06  8.5933e-05  0.00089434  0.00018929
**** Tree neighbor time profile (local):
 Sample_ptcl Domain_deco Ex_ptcl     SetRootCell Make_LT     Make_LET    Make_GT     Make_Group  Make_I_list Calc_force  Write_back 
           0           0           0  3.4737e-05  0.00020903  3.8063e-05  0.00018998   5.291e-07  1.9574e-05   9.689e-05  2.4001e-05
**** Number per step (global):
 PP_single   PP_cluster  PP_cross    Cluster     Cross       AR_step_sum
      979.11      20.894           0      8.8613           0      57.622
 AR_tsyn_sum Stab_Ngroup Iso_Ngroup  Form_Ngroup End_Ngroup  Modf_Ngroup Merg_Ngroup H4_step_sum H4_no_NB    Ep-Ep_sum   Ep-Sp_sum  
      11.774      1.9004           0    0.092285   0.0073242   0.0024414           0      98.346    0.047852  9.8587e+05        9120
**** Number of members in clusters (global):
N_members:            1           2           3           4           5           6           7           8           9          10
Count    :       979.11      6.8809      1.4321      0.3457    0.045898    0.038086     0.02832    0.026367    0.054199   0.0097656

Time: 29  N_real(loc): 1000  N_real(glb): 1000  N_all(loc): 1024  N_all(glb): 1024  N_remove(glb): 0  N_escape(glb): 0
Energy:     Error/Total         Error     Error_cum         Total       Kinetic     Potential        Modify  Modify_group Modify_single      Error_PP  Error_PP_cum
Physic:     -0.01507762      33.36746      126.7823     -2213.046       2570.16     -4783.206      650.1896             0             0 -7.317432e-07      1.215369
Slowdown:   -0.01699445      33.36903      126.1459     -1963.526      2557.343     -4520.869      1600.062             0             0 -7.300585e-07      1.146646
Angular Momentum:  |L|err: -0.6289545  |L|err_cum: 31.81087  L: 158.7817   72.03144    -55.93798  |L|: 183.1099
C.M.: mass: 1900 pos: -0.1250559   0.03316925    0.1145233 vel: -0.0101102   -0.004729572    0.02549594
Tree step number: 2048
**** Wallclock time per step (local): [Min/Max]
 Total       PP_single   PP_cluster  PP_cross    Tree_NB     Tree_Force  Force_corr  Kick        FindCluster CreateGroup MPI_comm    Output      Status      Other      
   0.0023036  3.0959e-05  7.4066e-05           0  0.00038204   0.0017189  5.1654e-05  3.1328e-05  4.7699e-05  3.5269e-05  2.1677e-06  3.1372e-06  1.7206e-08  1.6323e-05
   0.0023036  3.1001e-05  7.4112e-05           0  0.00037494   0.0016332  5.1727e-05  3.1497e-05  4.7773e-05  3.5292e-05  2.2007e-06  3.1374e-06   1.723e-08   1.643e-05
**** FDPS tree soft force time profile (local):
 Sample_ptcl Domain_deco Ex_ptcl     SetRootCell Make_LT     Make_LET    Make_GT     Make_Group  Make_I_list Calc_force  Write_back 
           0           0           0  1.7966e-05   0.0003238   4.098e-05  0.00027387  2.7558e-06   5.663e-05  0.00077417  0.00017314
**** Tree neighbor time profile (local):
 Sample_ptcl Domain_deco Ex_ptcl     SetRootCell Make_LT     Make_LET    Make_GT     Make_Group  Make_I_list Calc_force  Write_back 
           0           0           0  1.4646e-05  0.00013623  2.7433e-05  9.2554e-05  4.0802e-07  1.3035e-05  7.2649e-05  1.4611e-05
**** Number per step (global):
 PP_single   PP_cluster  PP_cross    Cluster     Cross       AR_step_sum
      984.66      15.341           0      7.0469           0      28.497
 AR_tsyn_sum Stab_Ngroup Iso_Ngroup  Form_Ngroup End_Ngroup  Modf_Ngroup Merg_Ngroup H4_step_sum H4_no_NB    Ep-Ep_sum   Ep-Sp_sum  
    0.013672           2           0   0.0029297  0.00097656           0           0      58.379    0.010742  9.9673e+05      9132.4
**** Number of members in clusters (global):
N_members:            1           2           3           4           5           6           7           8
Count    :       984.66      6.2393     0.50879     0.19238    0.081055    0.020508  0.00097656   0.0039062

Time: 29.5  N_real(loc): 1000  N_real(glb): 1000  N_all(loc): 1024  N_all(glb): 1024  N_remove(glb): 0  N_escape(glb): 0
Energy:     Error/Total         Error     Error_cum         Total       Kinetic     Potential        Modify  Modify_group Modify_single      Error_PP  Error_PP_cum
Physic:    -0.008951829      19.54995      146.3322     -2183.905      2595.054     -4778.959      659.7799             0             0 -2.334057e-06      1.215366
Slowdown:   -0.01010587      19.54865      145.6945     -1934.385      2582.238     -4516.623      1859.173             0             0 -2.326444e-06      1.146644
Angular Momentum:  |L|err: -1.512017  |L|err_cum: 30.29886  L: 160.4188   70.38718    -62.41279  |L|: 185.9675
C.M.: mass: 1900 pos: -0.124627   0.03758108    0.1204024 vel: -0.004150784   0.01334445    0.01427821
Tree step number: 2048
**** Wallclock time per step (local): [Min/Max]
 Total       PP_single   PP_cluster  PP_cross    Tree_NB     Tree_Force  Force_corr  Kick        FindCluster CreateGroup MPI_comm    Output      Status      Other      
   0.0020768   2.443e-05  6.6145e-05           0  0.00038194   0.0015249  4.0796e-05  2.1638e-05  4.0738e-05  2.9086e-05  4.5283e-06  4.7001e-06  7.3379e-09  5.1408e-06
   0.0020769  2.4468e-05  6.6188e-05           0  0.00036967   0.0014678  4.0854e-05  2.1684e-05  4.0794e-05  2.9108e-05  4.5605e-06  4.7004e-06  7.3574e-09  5.2401e-06
**** FDPS tree soft force time profile (local):
 Sample_ptcl Domain_deco Ex_ptcl     SetRootCell Make_LT     Make_LET    Make_GT     Make_Group  Make_I_list Calc_force  Write_back 
           0           0           0  2.3792e-05  0.00029618    3.98e-05  0.00021395  2.6042e-06  4.3821e-05  0.00073745  0.00011593
**** Tree neighbor time profile (local):
 Sample_ptcl Domain_deco Ex_ptcl     SetRootCell Make_LT     Make_LET    Make_GT     Make_Group  Make_I_list Calc_force  Write_back 
           0           0           0  7.5475e-06    0.000128  2.3895e-05  9.6629e-05  4.2256e-07  1.4325e-05  7.6523e-05  2.4957e-05
**** Number per step (global):
 PP_single   PP_cluster  PP_cross    Cluster     Cross       AR_step_sum
      984.56      15.437           0       6.625           0        29.1
 AR_tsyn_sum Stab_Ngroup Iso_Ngroup  Form_Ngroup End_Ngroup  Modf_Ngroup Merg_Ngroup H4_step_sum H4_no_NB    Ep-Ep_sum   Ep-Sp_sum  
     0.21777           2           0    0.018066   0.0039062           0           0      62.979    0.068848  1.0138e+06      6601.5
**** Number of members in clusters (global):
N_members:            1           2           3           4           5           6           7           8           9          10
Count    :       984.56      5.5425     0.50879     0.28027     0.16016    0.083984    0.016602     0.01709   0.0097656   0.0058594

Time: 30  N_real(loc): 1000  N_real(glb): 1000  N_all(loc): 1024  N_all(glb): 1024  N_remove(glb): 0  N_escape(glb): 0
Energy:     Error/Total         Error     Error_cum         Total       Kinetic     Potential        Modify  Modify_group Modify_single      Error_PP  Error_PP_cum
Physic:     -0.00476314      10.32564      156.6578     -2167.822      2660.914     -4828.736       665.538             0             0 -1.686091e-06      1.215365
Slowdown:  -0.005381126      10.32262      156.0172     -1918.302        2648.1     -4566.401      2114.455             0             0 -1.685255e-06      1.146642
Angular Momentum:  |L|err: -0.5059892  |L|err_cum: 29.79287  L: 160.9384   69.91784    -65.30738  |L|: 187.2291
C.M.: mass: 1900 pos: -0.1508213   0.05869107    0.1344142 vel: -0.02305413   -0.000331533    0.02670892
Tree step number: 2048
**** Wallclock time per step (local): [Min/Max]
 Total       PP_single   PP_cluster  PP_cross    Tree_NB     Tree_Force  Force_corr  Kick        FindCluster CreateGroup MPI_comm    Output      Status      Other      
   0.0021683  2.7754e-05  7.3085e-05           0  0.00037232    0.001573  5.5583e-05  2.9502e-05  5.0152e-05  3.6383e-05  4.5394e-06  3.6934e-06   4.124e-09  6.6373e-06
   0.0021684  2.7794e-05  7.3134e-05           0  0.00036543   0.0015126  5.5648e-05  2.9541e-05  5.0622e-05  3.6408e-05  4.5725e-06  3.6936e-06  4.1436e-09  6.7759e-06
**** FDPS tree soft force time profile (local):
 Sample_ptcl Domain_deco Ex_ptcl     SetRootCell Make_LT     Make_LET    Make_GT     Make_Group  Make_I_list Calc_force  Write_back 
           0           0           0  1.6864e-05  0.00030307  3.6079e-05  0.00023407   2.418e-06  4.6137e-05  0.00075675  0.00012278
**** Tree neighbor time profile (local):
 Sample_ptcl Domain_deco Ex_ptcl     SetRootCell Make_LT     Make_LET    Make_GT     Make_Group  Make_I_list Calc_force  Write_back 
           0           0           0  6.8243e-06  0.00012729  2.2143e-05  0.00010287  4.4638e-07  1.9072e-05   6.824e-05  1.4221e-05
**** Number per step (global):
 PP_single   PP_cluster  PP_cross    Cluster     Cross       AR_step_sum
      985.05      14.955           0      6.7881           0      28.546
 AR_tsyn_sum Stab_Ngroup Iso_Ngroup  Form_Ngroup End_Ngroup  Modf_Ngroup Merg_Ngroup H4_step_sum H4_no_NB    Ep-Ep_sum   Ep-Sp_sum  
    0.054688           2           0   0.0053711  0.00097656           0           0      54.977    0.018066  1.0175e+06      5134.2
**** Number of members in clusters (global):
N_members:            1           2           3           4           5           6           7           8
Count    :       985.05      6.1152     0.34131     0.12891     0.13574    0.010742   0.0078125     0.04834

Time: 30.5  N_real(loc): 1000  N_real(glb): 1000  N_all(loc): 1024  N_all(glb): 1024  N_remove(glb): 0  N_escape(glb): 0
Energy:     Error/Total         Error     Error_cum         Total       Kinetic     Potential        Modify  Modify_group Modify_single      Error_PP  Error_PP_cum
Physic:    -0.002940519      6.344309      163.0021     -2157.548      2574.308     -4731.856      669.4675             0             0 -1.134502e-05      1.215353
Slowdown:  -0.003326824      6.347672      162.3648     -1908.028      2561.495     -4469.523      2367.901             0             0 -1.134525e-05      1.146631
Angular Momentum:  |L|err: -0.3503494  |L|err_cum: 29.44252  L: 161.1841   69.70331    -67.37791  |L|: 188.0922
C.M.: mass: 1900 pos: -0.1657999   0.06283249    0.1460927 vel: -0.03330831   0.01717899    0.00180042
Tree step number: 2048
**** Wallclock time per step (local): [Min/Max]
 Total       PP_single   PP_cluster  PP_cross    Tree_NB     Tree_Force  Force_corr  Kick        FindCluster CreateGroup MPI_comm    Output      Status      Other      
   0.0019028  2.2369e-05  8.1917e-05           0  0.00033525   0.0013785  3.4656e-05  1.9775e-05  3.7307e-05  2.8736e-05  1.5566e-06   3.391e-06  5.4253e-09  4.1999e-06
   0.0019028  2.2407e-05  8.1962e-05           0  0.00032961   0.0013366  3.4733e-05   1.981e-05  3.7369e-05  2.8758e-05   1.589e-06  3.3912e-06  5.4448e-09  4.3213e-06
**** FDPS tree soft force time profile (local):
 Sample_ptcl Domain_deco Ex_ptcl     SetRootCell Make_LT     Make_LET    Make_GT     Make_Group  Make_I_list Calc_force  Write_back 
           0           0           0  2.7466e-05  0.00027369  3.6719e-05  0.00020727  2.5826e-06   4.402e-05  0.00065944   8.526e-05
**** Tree neighbor time profile (local):
 Sample_ptcl Domain_deco Ex_ptcl     SetRootCell Make_LT     Make_LET    Make_GT     Make_Group  Make_I_list Calc_force  Write_back 
           0           0           0  5.1517e-06  0.00011164  2.2499e-05  8.4938e-05  4.1204e-07  1.2757e-05   7.019e-05  1.1704e-05
**** Number per step (global):
 PP_single   PP_cluster  PP_cross    Cluster     Cross       AR_step_sum
      983.44      16.562           0      7.0479           0      30.683
 AR_tsyn_sum Stab_Ngroup Iso_Ngroup  Form_Ngroup End_Ngroup  Modf_Ngroup Merg_Ngroup H4_step_sum H4_no_NB    Ep-Ep_sum   Ep-Sp_sum  
     0.75342           2           0    0.061035    0.010254           0           0      69.466    0.059082  1.0122e+06      5461.3
**** Number of members in clusters (global):
N_members:            1           2           3           4           5           6           7           8
Count    :       983.44       5.688     0.66016     0.41748     0.18555    0.076172    0.013672   0.0068359

Time: 31  N_real(loc): 1000  N_real(glb): 1000  N_all(loc): 1024  N_all(glb): 1024  N_remove(glb): 0  N_escape(glb): 0
Energy:     Error/Total         Error     Error_cum         Total       Kinetic     Potential        Modify  Modify_group Modify_single      Error_PP  Error_PP_cum
Physic:    -0.002102387      4.520262      167.5224     -2150.062      2586.668      -4736.73      672.4331             0             0 -1.948852e-05      1.215334
Slowdown:  -0.002378347      4.520147       166.885     -1900.542      2573.857     -4474.399      2620.387             0             0 -1.948829e-05      1.146611
Angular Momentum:  |L|err: -0.3271725  |L|err_cum: 29.11535  L: 161.2306   69.68492    -68.79381  |L|: 188.6369
C.M.: mass: 1900 pos: -0.1832079   0.06817484    0.1510054 vel: -0.0328364   0.02304799    0.01170925
Tree step number: 2048
**** Wallclock time per step (local): [Min/Max]
 Total       PP_single   PP_cluster  PP_cross    Tree_NB     Tree_Force  Force_corr  Kick        FindCluster CreateGroup MPI_comm    Output      Status      Other      
   0.0018189  2.2347e-05  0.00010447           0  0.00032897   0.0012664  3.2259e-05  1.7225e-05  4.3685e-05  2.6759e-05  1.5273e-06  4.4739e-06  3.6841e-09  6.3824e-06
    0.001819  2.2386e-05  0.00010454           0  0.00032567   0.0012319  3.2314e-05  1.7259e-05  4.3746e-05  2.6779e-05  1.5596e-06   4.474e-06  3.6987e-09  6.5146e-06
**** FDPS tree soft force time profile (local):
 Sample_ptcl Domain_deco Ex_ptcl     SetRootCell Make_LT     Make_LET    Make_GT     Make_Group  Make_I_list Calc_force  Write_back 
           0           0           0  9.2776e-06  0.00023963  2.9428e-05    0.000204  1.9754e-06  3.7036e-05   0.0006144  7.0555e-05
**** Tree neighbor time profile (local):
 Sample_ptcl Domain_deco Ex_ptcl     SetRootCell Make_LT     Make_LET    Make_GT     Make_Group  Make_I_list Calc_force  Write_back 
           0           0           0  6.9201e-06  0.00011586  1.7544e-05  9.6328e-05   3.745e-07   1.604e-05  5.8645e-05   6.991e-06
**** Number per step (global):
 PP_single   PP_cluster  PP_cross    Cluster     Cross       AR_step_sum
      983.56      16.436           0      7.1797           0      56.899
 AR_tsyn_sum Stab_Ngroup Iso_Ngroup  Form_Ngroup End_Ngroup  Modf_Ngroup Merg_Ngroup H4_step_sum H4_no_NB    Ep-Ep_sum   Ep-Sp_sum  
      9.1592           2           0     0.91797    0.003418           0           0      61.427      1.1641  1.0138e+06      4905.5
**** Number of members in clusters (global):
N_members:            1           2           3           4           5           6           7           8           9
Count    :       983.56       6.165     0.55566     0.15234     0.15039    0.045898    0.091797   0.0078125    0.010742

Time: 31.5  N_real(loc): 1000  N_real(glb): 1000  N_all(loc): 1024  N_all(glb): 1024  N_remove(glb): 0  N_escape(glb): 0
Energy:     Error/Total         Error     Error_cum         Total       Kinetic     Potential        Modify  Modify_group Modify_single      Error_PP  Error_PP_cum
Physic:    -0.001494034      3.204061      170.7265     -2144.571      2713.657     -4858.227      674.7204             0             0 -4.758515e-05      1.215286
Slowdown:  -0.001693894      3.210015       170.095      -1895.05      2700.847     -4595.897      2872.188             0             0 -4.758488e-05      1.146564
Angular Momentum:  |L|err: -0.4134229  |L|err_cum: 28.70192  L: 161.0993   69.82995    -69.79019  |L|: 188.9441
C.M.: mass: 1900 pos: -0.2179159   0.09089471    0.1738353 vel: -0.03843601   0.01744016    0.05433683
Tree step number: 2048
**** Wallclock time per step (local): [Min/Max]
 Total       PP_single   PP_cluster  PP_cross    Tree_NB     Tree_Force  Force_corr  Kick        FindCluster CreateGroup MPI_comm    Output      Status      Other      
   0.0017452  1.8167e-05   0.0001378           0  0.00029755   0.0011845  2.9833e-05  1.1588e-05  6.2312e-05  2.5281e-05   5.603e-06  4.3092e-06  4.3193e-09  9.7396e-06
   0.0017453  1.8237e-05  0.00013785           0  0.00029252   0.0011458  2.9887e-05  1.1622e-05  6.2374e-05  2.5302e-05  5.6353e-06  4.3093e-06   4.334e-09    9.83e-06
**** FDPS tree soft force time profile (local):
 Sample_ptcl Domain_deco Ex_ptcl     SetRootCell Make_LT     Make_LET    Make_GT     Make_Group  Make_I_list Calc_force  Write_back 
           0           0           0  1.2086e-05  0.00022844  3.3951e-05   0.0001806  2.3201e-06  3.6359e-05  0.00055422  7.8929e-05
**** Tree neighbor time profile (local):
 Sample_ptcl Domain_deco Ex_ptcl     SetRootCell Make_LT     Make_LET    Make_GT     Make_Group  Make_I_list Calc_force  Write_back 
           0           0           0  1.7039e-05  0.00010712  2.0939e-05  7.6839e-05  4.2714e-07  1.1188e-05  4.8982e-05  1.0438e-05
**** Number per step (global):
 PP_single   PP_cluster  PP_cross    Cluster     Cross       AR_step_sum
      982.04      17.963           0      7.2803           0       61.56
 AR_tsyn_sum Stab_Ngroup Iso_Ngroup  Form_Ngroup End_Ngroup  Modf_Ngroup Merg_Ngroup H4_step_sum H4_no_NB    Ep-Ep_sum   Ep-Sp_sum  
      11.031           2           0      0.7334    0.069824           0           0      81.104     0.37012  1.0142e+06      4279.5
**** Number of members in clusters (global):
N_members:            1           2           3           4           5           6           7           8           9
Count    :       982.04      5.8599     0.60596     0.27783     0.19238     0.19434    0.052734    0.057617    0.039551

Time: 32  N_real(loc): 1000  N_real(glb): 1000  N_all(loc): 1024  N_all(glb): 1024  N_remove(glb): 0  N_escape(glb): 0
Energy:     Error/Total         Error     Error_cum         Total       Kinetic     Potential        Modify  Modify_group Modify_single      Error_PP  Error_PP_cum
Physic:    -0.001083984      2.320221      173.0467     -2140.457      2322.114     -4462.571      676.5138             0             0   -0.03980965      1.175477
Slowdown:  -0.001226465      2.319168      172.4142     -1890.937      2309.305     -4200.242      3123.503             0             0   -0.03980965      1.106754
Angular Momentum:  |L|err: -0.492454  |L|err_cum: 28.20947  L: 160.8535   70.0772    -70.55851  |L|: 189.1116
C.M.: mass: 1900 pos: -0.2322888   0.1084416    0.1977727 vel: -0.004770392   0.03901415    0.06630926
Tree step number: 2048
**** Wallclock time per step (local): [Min/Max]
 Total       PP_single   PP_cluster  PP_cross    Tree_NB     Tree_Force  Force_corr  Kick        FindCluster CreateGroup MPI_comm    Output      Status      Other      
   0.0019981   2.098e-05  0.00015279           0  0.00031308   0.0013837  4.2674e-05  2.1875e-05  5.5157e-05  3.0524e-05  3.1612e-06  5.5876e-06  3.1948e-09  6.8686e-06
   0.0019981  2.1018e-05  0.00015287           0  0.00030707   0.0013487  4.2741e-05   2.191e-05  5.5226e-05  3.0546e-05  3.1934e-06  5.5878e-06  3.2095e-09  6.9629e-06
**** FDPS tree soft force time profile (local):
 Sample_ptcl Domain_deco Ex_ptcl     SetRootCell Make_LT     Make_LET    Make_GT     Make_Group  Make_I_list Calc_force  Write_back 
           0           0           0  1.7564e-05  0.00029836  4.3935e-05  0.00024464  2.9213e-06  4.3946e-05  0.00060468  7.1716e-05
**** Tree neighbor time profile (local):
 Sample_ptcl Domain_deco Ex_ptcl     SetRootCell Make_LT     Make_LET    Make_GT     Make_Group  Make_I_list Calc_force  Write_back 
           0           0           0  7.3969e-06  0.00010885  2.0183e-05  8.8107e-05  3.6944e-07  1.1534e-05  5.4006e-05  1.2491e-05
**** Number per step (global):
 PP_single   PP_cluster  PP_cross    Cluster     Cross       AR_step_sum
      983.53      16.473           0      5.8828           0      58.352
 AR_tsyn_sum Stab_Ngroup Iso_Ngroup  Form_Ngroup End_Ngroup  Modf_Ngroup Merg_Ngroup H4_step_sum H4_no_NB    Ep-Ep_sum   Ep-Sp_sum  
      10.207           2           0     0.47803    0.054199           0           0      83.583     0.25537  1.0107e+06      5217.5
**** Number of members in clusters (global):
N_members:            1           2           3           4           5           6           7           8           9          10
Count    :       983.53      4.6294      0.2124     0.03418     0.23193     0.43457     0.14941     0.11426    0.053223    0.023438

Time: 32.5  N_real(loc): 1000  N_real(glb): 1000  N_all(loc): 1024  N_all(glb): 1024  N_remove(glb): 0  N_escape(glb): 0
Energy:     Error/Total         Error     Error_cum         Total       Kinetic     Potential        Modify  Modify_group Modify_single      Error_PP  Error_PP_cum
Physic:   -0.0008996294      1.922536      174.9692     -2137.031      2588.197     -4725.228      678.0169             0             0 -1.249934e-05      1.175464
Slowdown:  -0.001018545      1.922515      174.3367     -1887.511       2575.39     -4462.901      3374.526             0             0 -1.249894e-05      1.106742
Angular Momentum:  |L|err: -0.6921787  |L|err_cum: 27.51729  L: 160.5251   70.24745    -72.97983  |L|: 189.8132
C.M.: mass: 1900 pos: -0.2321743   0.115178    0.2180579 vel: -0.01553113   0.01994312    0.0641536
Tree step number: 2048
**** Wallclock time per step (local): [Min/Max]
 Total       PP_single   PP_cluster  PP_cross    Tree_NB     Tree_Force  Force_corr  Kick        FindCluster CreateGroup MPI_comm    Output      Status      Other      
   0.0022033   3.005e-05  0.00014115           0  0.00040018    0.001507  5.6704e-05   2.499e-05  5.0669e-05  3.4502e-05  4.5731e-06   4.688e-06  4.1387e-09   8.199e-06
   0.0022034   3.009e-05   0.0001412           0  0.00039408   0.0014511  5.6804e-05  2.5036e-05  5.0738e-05  3.4534e-05  4.6057e-06  4.6882e-06  4.1533e-09  8.3065e-06
**** FDPS tree soft force time profile (local):
 Sample_ptcl Domain_deco Ex_ptcl     SetRootCell Make_LT     Make_LET    Make_GT     Make_Group  Make_I_list Calc_force  Write_back 
           0           0           0  2.7329e-05  0.00031848   4.041e-05  0.00022816  3.2134e-06  4.8147e-05  0.00066767  0.00011412
**** Tree neighbor time profile (local):
 Sample_ptcl Domain_deco Ex_ptcl     SetRootCell Make_LT     Make_LET    Make_GT     Make_Group  Make_I_list Calc_force  Write_back 
           0           0           0  1.0164e-05  0.00016185  2.2838e-05  0.00010312   4.716e-07  1.3678e-05   6.332e-05  1.2595e-05
**** Number per step (global):
 PP_single   PP_cluster  PP_cross    Cluster     Cross       AR_step_sum
      985.11      14.886           0      6.3594           0      68.892
 AR_tsyn_sum Stab_Ngroup Iso_Ngroup  Form_Ngroup End_Ngroup  Modf_Ngroup Merg_Ngroup H4_step_sum H4_no_NB    Ep-Ep_sum   Ep-Sp_sum  
      13.269           2           0      1.0293   0.0078125           0           0      54.683     0.45996  1.0051e+06      5461.6
**** Number of members in clusters (global):
N_members:            1           2           3           4           5           6           7
Count    :       985.11      5.0771     0.70117     0.37256     0.13232    0.056641    0.019531

Time: 33  N_real(loc): 1000  N_real(glb): 1000  N_all(loc): 1024  N_all(glb): 1024  N_remove(glb): 0  N_escape(glb): 0
Energy:     Error/Total         Error     Error_cum         Total       Kinetic     Potential        Modify  Modify_group Modify_single      Error_PP  Error_PP_cum
Physic:   -0.0007064444      1.507738       176.477     -2134.263      2564.958     -4699.221      679.2777             0             0 -4.090221e-06       1.17546
Slowdown: -0.0008005714      1.508871      175.8455     -1884.743      2552.153     -4436.895      3625.306             0             0 -4.090599e-06      1.106738
Angular Momentum:  |L|err: -0.4167732  |L|err_cum: 27.10052  L: 160.2655   70.50772    -73.53555  |L|: 189.9048
C.M.: mass: 1900 pos: -0.2287156   0.1064649    0.2431139 vel: 0.0169979   0.0002449413    0.02509175
Tree step number: 2048
**** Wallclock time per step (local): [Min/Max]
 Total       PP_single   PP_cluster  PP_cross    Tree_NB     Tree_Force  Force_corr  Kick        FindCluster CreateGroup MPI_comm    Output      Status      Other      
   0.0021231   2.914e-05  0.00010969           0  0.00036222   0.0015051  4.2825e-05  2.7081e-05  4.8626e-05  3.7557e-05  4.2428e-06  4.8751e-06  2.7087e-08  6.4094e-06
   0.0021232  2.9179e-05  0.00010973           0  0.00035578   0.0014544  4.2883e-05  2.7117e-05  4.8693e-05   3.758e-05  4.2753e-06  4.8753e-06  2.7107e-08  6.5236e-06
**** FDPS tree soft force time profile (local):
 Sample_ptcl Domain_deco Ex_ptcl     SetRootCell Make_LT     Make_LET    Make_GT     Make_Group  Make_I_list Calc_force  Write_back 
           0           0           0  2.4864e-05  0.00030592  3.7495e-05   0.0002364  2.7786e-06  4.7825e-05  0.00069571   0.0001031
**** Tree neighbor time profile (local):
 Sample_ptcl Domain_deco Ex_ptcl     SetRootCell Make_LT     Make_LET    Make_GT     Make_Group  Make_I_list Calc_force  Write_back 
           0           0           0  7.6315e-06  0.00012698  1.7565e-05  0.00010275  4.1237e-07  1.2044e-05  6.5216e-05    1.33e-05
**** Number per step (global):
 PP_single   PP_cluster  PP_cross    Cluster     Cross       AR_step_sum
      984.97      15.025           0      6.7217           0      60.748
 AR_tsyn_sum Stab_Ngroup Iso_Ngroup  Form_Ngroup End_Ngroup  Modf_Ngroup Merg_Ngroup H4_step_sum H4_no_NB    Ep-Ep_sum   Ep-Sp_sum  
      10.233           2           0      1.0054  0.00097656           0           0      51.394      1.0146  9.9698e+05        5942
**** Number of members in clusters (global):
N_members:            1           2           3           4           5           6           7
Count    :       984.97      5.6753     0.72559     0.16064     0.10645    0.052734  0.00097656
Hard energy significant ! dE_SD: 0.133092 dE_SD/Etot_SD: -0.000611257
Thread: 3 Dump file: data.hard_large_energy_h4_n3_g1_t33.466553_M0_O3_c9_s1790684156

Time: 33.5  N_real(loc): 1000  N_real(glb): 1000  N_all(loc): 1036  N_all(glb): 1036  N_remove(glb): 0  N_escape(glb): 0
Energy:     Error/Total         Error     Error_cum         Total       Kinetic     Potential        Modify  Modify_group Modify_single      Error_PP  Error_PP_cum
Physic:   -0.0007957202      1.682122      178.1591     -2113.962      2411.188     -4525.151      697.8961             0             0    0.08497104      1.260431
Slowdown:  -0.000901139      1.680122      177.5257     -1864.442      2398.384     -4262.826      3893.447             0             0    0.08297821      1.189716
Angular Momentum:  |L|err: 1.981369  |L|err_cum: 29.08189  L: 159.1749   67.44147    -70.69119  |L|: 186.7679
C.M.: mass: 1900 pos: -0.2170025   0.1006437    0.2704501 vel: 0.009771884   0.004849129    0.0398709
Tree step number: 2048
**** Wallclock time per step (local): [Min/Max]
 Total       PP_single   PP_cluster  PP_cross    Tree_NB     Tree_Force  Force_corr  Kick        FindCluster CreateGroup MPI_comm    Output      Status      Other      
   0.0022622  3.6971e-05  0.00020542           0  0.00035409   0.0015187  5.2023e-05  3.7048e-05  6.3892e-05  3.2075e-05  3.4428e-06  4.3274e-06  3.7378e-09  1.1975e-05
   0.0022623  3.7012e-05  0.00020549           0  0.00034753   0.0014654  5.2102e-05  3.7084e-05  6.3972e-05  3.2098e-05   3.476e-06  4.3276e-06  3.7573e-09  1.2097e-05
**** FDPS tree soft force time profile (local):
 Sample_ptcl Domain_deco Ex_ptcl     SetRootCell Make_LT     Make_LET    Make_GT     Make_Group  Make_I_list Calc_force  Write_back 
           0           0           0   1.719e-05  0.00033239  3.4554e-05  0.00022082  2.2028e-06  4.4813e-05  0.00069875  0.00010858
**** Tree neighbor time profile (local):
 Sample_ptcl Domain_deco Ex_ptcl     SetRootCell Make_LT     Make_LET    Make_GT     Make_Group  Make_I_list Calc_force  Write_back 
           0           0           0  1.3736e-05   0.0001293  1.6399e-05  8.6254e-05  3.8976e-07  1.1594e-05  7.5439e-05  1.3536e-05
**** Number per step (global):
 PP_single   PP_cluster  PP_cross    Cluster     Cross       AR_step_sum
      984.44      15.562           0      6.7095           0      81.913
 AR_tsyn_sum Stab_Ngroup Iso_Ngroup  Form_Ngroup End_Ngroup  Modf_Ngroup Merg_Ngroup H4_step_sum H4_no_NB    Ep-Ep_sum   Ep-Sp_sum  
      18.355      2.2158           0     0.56006   0.0048828   0.0063477           0      90.963     0.21436  1.0011e+06        6287
**** Number of members in clusters (global):
N_members:            1           2           3           4           5           6           7           8           9
Count    :       984.44      5.5225       0.854    0.099609    0.085449    0.015137    0.066406    0.023438    0.042969
Hard energy significant ! dE_SD: -0.119587 dE_SD/Etot_SD: 0.000550564
Thread: 3 Dump file: data.hard_large_energy_h4_n3_g1_t33.539307_M0_O3_c10_s1790684157

Time: 34  N_real(loc): 1000  N_real(glb): 1000  N_all(loc): 1036  N_all(glb): 1036  N_remove(glb): 0  N_escape(glb): 0
Energy:     Error/Total         Error     Error_cum         Total       Kinetic     Potential        Modify  Modify_group Modify_single      Error_PP  Error_PP_cum
Physic:    -0.002229509      4.699209      182.8583     -2107.732      2487.671     -4595.403      699.4268             0             0   -0.01984432      1.240587
Slowdown:  -0.002613095      4.681857      182.2075      -1791.69      2418.262     -4209.952      4211.037             0             0   -0.02254909      1.167167
Angular Momentum:  |L|err: 6.955926  |L|err_cum: 36.03781  L: 155.6426   57.21348    -80.26597  |L|: 184.2298
C.M.: mass: 1900 pos: -0.2216281   0.08154719    0.281583 vel: -0.04357898   -0.01290462    0.02701582
Tree step number: 2048
**** Wallclock time per step (local): [Min/Max]
 Total       PP_single   PP_cluster  PP_cross    Tree_NB     Tree_Force  Force_corr  Kick        FindCluster CreateGroup MPI_comm    Output      Status      Other      
    0.002011   2.074e-05  0.00011902           0  0.00032842   0.0014409  3.7428e-05  1.4542e-05  5.1471e-05   3.128e-05  2.4888e-06  4.5961e-06  3.5811e-09     4.8e-06
   0.0020111  2.0778e-05  0.00011917           0  0.00032079   0.0014015  3.7483e-05  1.4577e-05  5.1535e-05  3.1302e-05  2.5212e-06  4.5963e-06  3.5957e-09  4.8997e-06
**** FDPS tree soft force time profile (local):
 Sample_ptcl Domain_deco Ex_ptcl     SetRootCell Make_LT     Make_LET    Make_GT     Make_Group  Make_I_list Calc_force  Write_back 
           0           0           0  1.3313e-05  0.00026204  3.6806e-05  0.00020434  2.5284e-06  5.8793e-05  0.00071756  8.0506e-05
**** Tree neighbor time profile (local):
 Sample_ptcl Domain_deco Ex_ptcl     SetRootCell Make_LT     Make_LET    Make_GT     Make_Group  Make_I_list Calc_force  Write_back 
           0           0           0  1.1793e-05   0.0001063  1.7839e-05  9.0791e-05  4.2009e-07  1.1904e-05  6.6469e-05  1.5673e-05
**** Number per step (global):
 PP_single   PP_cluster  PP_cross    Cluster     Cross       AR_step_sum
      985.96      14.042           0      6.4927           0      58.185
 AR_tsyn_sum Stab_Ngroup Iso_Ngroup  Form_Ngroup End_Ngroup  Modf_Ngroup Merg_Ngroup H4_step_sum H4_no_NB    Ep-Ep_sum   Ep-Sp_sum  
      7.3833      2.8945           0    0.034668   0.0019531   0.0039062           0      51.334    0.013672  1.0058e+06      8407.3
**** Number of members in clusters (global):
N_members:            1           2           3           4           5
Count    :       985.96      5.6133     0.70361     0.17383   0.0019531

Time: 34.5  N_real(loc): 1000  N_real(glb): 1000  N_all(loc): 1036  N_all(glb): 1036  N_remove(glb): 0  N_escape(glb): 0
Energy:     Error/Total         Error     Error_cum         Total       Kinetic     Potential        Modify  Modify_group Modify_single      Error_PP  Error_PP_cum
Physic:     -0.01546443      31.80007      214.6584     -2056.336      2635.711     -4692.047      719.0226             0             0 -3.634825e-05      1.240551
Slowdown:   -0.01825567      31.77011      213.9776     -1740.288      2566.318     -4306.606      4546.711             0             0  -7.70566e-06      1.167159
Angular Momentum:  |L|err: 4.657153  |L|err_cum: 40.69496  L: 147.4395   49.93683    -78.30424  |L|: 174.2517
C.M.: mass: 1900 pos: -0.2666586   0.06846496    0.3046911 vel: -0.08087386   0.007986668    0.05913092
Tree step number: 2048
**** Wallclock time per step (local): [Min/Max]
 Total       PP_single   PP_cluster  PP_cross    Tree_NB     Tree_Force  Force_corr  Kick        FindCluster CreateGroup MPI_comm    Output      Status      Other      
   0.0021707  2.9462e-05   7.522e-05           0  0.00036972    0.001593  3.3557e-05  1.8167e-05  3.8568e-05  5.5402e-05  1.3392e-06  3.6545e-06  5.6455e-09  3.1955e-06
   0.0021708  2.9501e-05  7.5271e-05           0   0.0003639   0.0015461  3.3613e-05  1.8201e-05  3.8628e-05  5.5432e-05  1.3713e-06  3.6549e-06  5.6602e-09  3.3128e-06
**** FDPS tree soft force time profile (local):
 Sample_ptcl Domain_deco Ex_ptcl     SetRootCell Make_LT     Make_LET    Make_GT     Make_Group  Make_I_list Calc_force  Write_back 
           0           0           0  3.6315e-05   0.0002855  3.6822e-05  0.00023384  3.6108e-06  7.7042e-05  0.00078215  9.5996e-05
**** Tree neighbor time profile (local):
 Sample_ptcl Domain_deco Ex_ptcl     SetRootCell Make_LT     Make_LET    Make_GT     Make_Group  Make_I_list Calc_force  Write_back 
           0           0           0  7.2989e-06  0.00011816  2.2255e-05  0.00010922  6.4363e-07  1.7076e-05   7.335e-05  1.2024e-05
**** Number per step (global):
 PP_single   PP_cluster  PP_cross    Cluster     Cross       AR_step_sum
      983.81      16.194           0      7.2422           0      41.432
 AR_tsyn_sum Stab_Ngroup Iso_Ngroup  Form_Ngroup End_Ngroup  Modf_Ngroup Merg_Ngroup H4_step_sum H4_no_NB    Ep-Ep_sum   Ep-Sp_sum  
     0.35352           3           0    0.022949   0.0053711           0           0      55.138    0.039551  9.7851e+05       13567
**** Number of members in clusters (global):
N_members:            1           2           3           4           5           6           7           8           9
Count    :       983.81      6.2896     0.55371     0.24268    0.069336    0.012695    0.041016    0.025391   0.0078125

Time: 35  N_real(loc): 1000  N_real(glb): 1000  N_all(loc): 1036  N_all(glb): 1036  N_remove(glb): 0  N_escape(glb): 0
Energy:     Error/Total         Error     Error_cum         Total       Kinetic     Potential        Modify  Modify_group Modify_single      Error_PP  Error_PP_cum
Physic:    -0.006882243      13.99494      228.6533     -2033.485       2432.24     -4465.725      727.8792             0             0 -1.423526e-05      1.240536
Slowdown:  -0.008137262      13.97523      227.9529     -1717.436      2362.852     -4080.287      4871.637             0             0 -1.413694e-05      1.167145
Angular Momentum:  |L|err: 2.651178  |L|err_cum: 43.34614  L: 143.6121   47.1822    -70.34571  |L|: 166.7307
C.M.: mass: 1900 pos: -0.2992784   0.05613385    0.3386703 vel: -0.05776133   0.03130766    0.05894903
Tree step number: 2048
**** Wallclock time per step (local): [Min/Max]
 Total       PP_single   PP_cluster  PP_cross    Tree_NB     Tree_Force  Force_corr  Kick        FindCluster CreateGroup MPI_comm    Output      Status      Other      
   0.0021712  2.8427e-05  8.2137e-05           0  0.00039839   0.0015659  5.5641e-05  2.6457e-05  4.3915e-05  2.9333e-05  2.1767e-06  3.3228e-06  4.7549e-09  5.0713e-06
   0.0021713  2.8466e-05  8.2182e-05           0  0.00038869   0.0015037  5.5701e-05  2.6493e-05  4.3977e-05  2.9386e-05  2.2089e-06  3.3234e-06  4.7695e-09   5.182e-06
**** FDPS tree soft force time profile (local):
 Sample_ptcl Domain_deco Ex_ptcl     SetRootCell Make_LT     Make_LET    Make_GT     Make_Group  Make_I_list Calc_force  Write_back 
           0           0           0   2.526e-05  0.00028845  3.7192e-05  0.00022645  3.9686e-06  9.2948e-05  0.00071897  0.00012621
**** Tree neighbor time profile (local):
 Sample_ptcl Domain_deco Ex_ptcl     SetRootCell Make_LT     Make_LET    Make_GT     Make_Group  Make_I_list Calc_force  Write_back 
           0           0           0  8.6704e-06  0.00013161  2.1579e-05  0.00011993  6.7509e-07  1.6725e-05   7.068e-05  1.9861e-05
**** Number per step (global):
 PP_single   PP_cluster  PP_cross    Cluster     Cross       AR_step_sum
      984.14      15.856           0      7.2725           0      45.664
 AR_tsyn_sum Stab_Ngroup Iso_Ngroup  Form_Ngroup End_Ngroup  Modf_Ngroup Merg_Ngroup H4_step_sum H4_no_NB    Ep-Ep_sum   Ep-Sp_sum  
      1.7871           3           0     0.16748    0.038086           0           0      60.707       0.125  9.5001e+05       20026
**** Number of members in clusters (global):
N_members:            1           2           3           4           5           6           7
Count    :       984.14      6.4224     0.58301     0.13428    0.080078    0.043945   0.0087891

Time: 35.5  N_real(loc): 1000  N_real(glb): 1000  N_all(loc): 1036  N_all(glb): 1036  N_remove(glb): 0  N_escape(glb): 0
Energy:     Error/Total         Error     Error_cum         Total       Kinetic     Potential        Modify  Modify_group Modify_single      Error_PP  Error_PP_cum
Physic:    -0.004494637      9.073021      237.7263     -2018.632      2553.952     -4572.584      733.6587             0             0 -2.879576e-06      1.240533
Slowdown:  -0.005324389      9.065214      237.0181     -1702.583      2484.566     -4187.149      5193.473             0             0 -2.880123e-06      1.167142
Angular Momentum:  |L|err: 2.857786  |L|err_cum: 46.20393  L: 141.3921   45.60394    -63.48738  |L|: 161.5615
C.M.: mass: 1900 pos: -0.3314775   0.0665698    0.3537382 vel: -0.09362678   0.06284298    0.01299202
Tree step number: 2048
**** Wallclock time per step (local): [Min/Max]
 Total       PP_single   PP_cluster  PP_cross    Tree_NB     Tree_Force  Force_corr  Kick        FindCluster CreateGroup MPI_comm    Output      Status      Other      
   0.0022413  2.2083e-05  8.2502e-05           0  0.00041134   0.0016299  4.4559e-05  1.6737e-05  4.1273e-05  4.3349e-05  2.8318e-06  3.1546e-06  5.8218e-09  5.0419e-06
   0.0022413  2.2121e-05  8.2545e-05           0  0.00040278   0.0015745  4.4618e-05  1.6772e-05  4.1336e-05  4.3371e-05   2.864e-06  3.1548e-06  5.8413e-09  5.1593e-06
**** FDPS tree soft force time profile (local):
 Sample_ptcl Domain_deco Ex_ptcl     SetRootCell Make_LT     Make_LET    Make_GT     Make_Group  Make_I_list Calc_force  Write_back 
           0           0           0  3.1603e-05  0.00030306  4.3572e-05  0.00022346  3.1712e-06   8.537e-05   0.0007869  0.00011252
**** Tree neighbor time profile (local):
 Sample_ptcl Domain_deco Ex_ptcl     SetRootCell Make_LT     Make_LET    Make_GT     Make_Group  Make_I_list Calc_force  Write_back 
           0           0           0  1.9306e-05  0.00013798  2.1887e-05  0.00010211  5.9509e-07  2.0234e-05  8.4483e-05  1.7529e-05
**** Number per step (global):
 PP_single   PP_cluster  PP_cross    Cluster     Cross       AR_step_sum
      986.18       13.82           0      6.7222           0      45.421
 AR_tsyn_sum Stab_Ngroup Iso_Ngroup  Form_Ngroup End_Ngroup  Modf_Ngroup Merg_Ngroup H4_step_sum H4_no_NB    Ep-Ep_sum   Ep-Sp_sum  
      1.6572           3           0     0.16309    0.027832           0           0      47.223     0.14648   9.522e+05       19049
**** Number of members in clusters (global):
N_members:            1           2           3           4
Count    :       986.18       6.376     0.31689    0.029297

Time: 36  N_real(loc): 1000  N_real(glb): 1000  N_all(loc): 1036  N_all(glb): 1036  N_remove(glb): 0  N_escape(glb): 0
Energy:     Error/Total         Error     Error_cum         Total       Kinetic     Potential        Modify  Modify_group Modify_single      Error_PP  Error_PP_cum
Physic:    -0.003692196      7.408613      245.1349      -2006.56      2752.864     -4759.424      738.3224             0             0 -8.748897e-07      1.240533
Slowdown:  -0.004386306      7.415093      244.4332      -1690.51      2683.487     -4373.997      5514.181             0             0 -8.767832e-07      1.167141
Angular Momentum:  |L|err: 6.415362  |L|err_cum: 52.61929  L: 133.5455   41.46627    -57.53574  |L|: 151.2091
C.M.: mass: 1900 pos: -0.3877668   0.0919392    0.3475952 vel: -0.08265352   0.08869439    0.01604293
Tree step number: 2048
**** Wallclock time per step (local): [Min/Max]
 Total       PP_single   PP_cluster  PP_cross    Tree_NB     Tree_Force  Force_corr  Kick        FindCluster CreateGroup MPI_comm    Output      Status      Other      
   0.0021811  2.7606e-05  9.0437e-05           0  0.00035116      0.0016  4.3635e-05  2.5912e-05  5.1393e-05  3.0966e-05  1.4618e-06  4.7547e-06  3.7817e-09  3.9262e-06
   0.0021812  2.7646e-05  9.0481e-05           0  0.00034251   0.0015563  4.3694e-05  2.5949e-05  5.1456e-05  3.0987e-05   1.494e-06  4.7549e-06  3.7964e-09   4.033e-06
**** FDPS tree soft force time profile (local):
 Sample_ptcl Domain_deco Ex_ptcl     SetRootCell Make_LT     Make_LET    Make_GT     Make_Group  Make_I_list Calc_force  Write_back 
           0           0           0  2.3917e-05  0.00032658  4.0933e-05  0.00025821  3.1185e-06  6.6004e-05  0.00073852  8.9203e-05
**** Tree neighbor time profile (local):
 Sample_ptcl Domain_deco Ex_ptcl     SetRootCell Make_LT     Make_LET    Make_GT     Make_Group  Make_I_list Calc_force  Write_back 
           0           0           0  7.8078e-06  0.00011201  1.9911e-05  8.8881e-05  5.0454e-07  1.2868e-05   8.024e-05  1.7694e-05
**** Number per step (global):
 PP_single   PP_cluster  PP_cross    Cluster     Cross       AR_step_sum
      985.23       14.77           0      6.8369           0      47.179
 AR_tsyn_sum Stab_Ngroup Iso_Ngroup  Form_Ngroup End_Ngroup  Modf_Ngroup Merg_Ngroup H4_step_sum H4_no_NB    Ep-Ep_sum   Ep-Sp_sum  
      2.3115           3           0     0.17529    0.030762           0           0      51.708     0.12305   9.761e+05       13519
**** Number of members in clusters (global):
N_members:            1           2           3           4           5           6
Count    :       985.23      6.0659     0.57471      0.1123    0.039062    0.044922

Time: 36.5  N_real(loc): 1000  N_real(glb): 1000  N_all(loc): 1036  N_all(glb): 1036  N_remove(glb): 0  N_escape(glb): 0
Energy:     Error/Total         Error     Error_cum         Total       Kinetic     Potential        Modify  Modify_group Modify_single      Error_PP  Error_PP_cum
Physic:    -0.002744134      5.481514      250.6165     -1997.538      2391.132      -4388.67      741.8626             0             0 -2.094937e-05      1.240512
Slowdown:  -0.003260049      5.481733      249.9149     -1681.488      2321.758     -4003.246      5833.771             0             0 -2.094942e-05       1.16712
Angular Momentum:  |L|err: 3.507791  |L|err_cum: 56.12708  L: 131.2985   39.79989    -53.24805  |L|: 147.1689
C.M.: mass: 1900 pos: -0.4330503   0.1079183    0.3582198 vel: -0.08146767   -0.004365224    0.05452963
Tree step number: 2048
**** Wallclock time per step (local): [Min/Max]
 Total       PP_single   PP_cluster  PP_cross    Tree_NB     Tree_Force  Force_corr  Kick        FindCluster CreateGroup MPI_comm    Output      Status      Other      
    0.001942   2.075e-05  7.7728e-05           0  0.00032625   0.0014231  4.0306e-05  2.3247e-05  4.1344e-05  2.5486e-05  2.1199e-06  3.7902e-06  4.2021e-09  5.8591e-06
    0.001942  2.0789e-05  7.7772e-05           0   0.0003231   0.0013761  4.0366e-05  2.3299e-05  4.1404e-05  2.5508e-05  2.1526e-06  3.7903e-06  4.2168e-09  5.9563e-06
**** FDPS tree soft force time profile (local):
 Sample_ptcl Domain_deco Ex_ptcl     SetRootCell Make_LT     Make_LET    Make_GT     Make_Group  Make_I_list Calc_force  Write_back 
           0           0           0  1.6558e-05  0.00030491   3.964e-05  0.00023008  2.8938e-06  6.0467e-05  0.00061796  9.5773e-05
**** Tree neighbor time profile (local):
 Sample_ptcl Domain_deco Ex_ptcl     SetRootCell Make_LT     Make_LET    Make_GT     Make_Group  Make_I_list Calc_force  Write_back 
           0           0           0  5.9667e-06  0.00011954  2.1707e-05   9.149e-05   4.673e-07  1.6319e-05  5.3934e-05  6.7502e-06
**** Number per step (global):
 PP_single   PP_cluster  PP_cross    Cluster     Cross       AR_step_sum
      986.67      13.334           0      6.2544           0      45.796
 AR_tsyn_sum Stab_Ngroup Iso_Ngroup  Form_Ngroup End_Ngroup  Modf_Ngroup Merg_Ngroup H4_step_sum H4_no_NB    Ep-Ep_sum   Ep-Sp_sum  
      1.7441           3           0     0.11768    0.020996           0           0      47.074     0.13477  9.7502e+05       12430
**** Number of members in clusters (global):
N_members:            1           2           3           4           5           6           8
Count    :       986.67      5.7617     0.25781     0.14697    0.083984  0.00097656   0.0029297

Time: 37  N_real(loc): 1000  N_real(glb): 1000  N_all(loc): 1036  N_all(glb): 1036  N_remove(glb): 0  N_escape(glb): 0
Energy:     Error/Total         Error     Error_cum         Total       Kinetic     Potential        Modify  Modify_group Modify_single      Error_PP  Error_PP_cum
Physic:    -0.002186809       4.35256       254.969      -1990.37      2380.534     -4370.904      744.6782             0             0  -3.33591e-05      1.240478
Slowdown:  -0.002599578      4.352526      254.2674      -1674.32      2311.163     -3985.483      6152.638             0             0  -3.33594e-05      1.167087
Angular Momentum:  |L|err: 3.558697  |L|err_cum: 59.68578  L: 128.4669   37.73335    -50.47116  |L|: 143.0905
C.M.: mass: 1900 pos: -0.475378   0.1128804    0.3968339 vel: -0.06488766   0.01423435    0.05336591
Tree step number: 2048
**** Wallclock time per step (local): [Min/Max]
 Total       PP_single   PP_cluster  PP_cross    Tree_NB     Tree_Force  Force_corr  Kick        FindCluster CreateGroup MPI_comm    Output      Status      Other      
   0.0023599  4.2983e-05  9.1234e-05           0  0.00038635   0.0016652  6.6945e-05  4.7727e-05  6.6765e-05  3.8097e-05  9.8726e-06  4.7827e-06   3.229e-09  1.1446e-05
   0.0023599  4.3022e-05  9.1295e-05           0  0.00038128   0.0015966  6.7008e-05  4.7763e-05  6.6828e-05   3.812e-05  9.9054e-06  4.7829e-06  3.2485e-09  1.1554e-05
**** FDPS tree soft force time profile (local):
 Sample_ptcl Domain_deco Ex_ptcl     SetRootCell Make_LT     Make_LET    Make_GT     Make_Group  Make_I_list Calc_force  Write_back 
           0           0           0  3.0659e-05  0.00034294  4.8761e-05  0.00025951   3.474e-06  5.1644e-05  0.00073374  0.00013896
**** Tree neighbor time profile (local):
 Sample_ptcl Domain_deco Ex_ptcl     SetRootCell Make_LT     Make_LET    Make_GT     Make_Group  Make_I_list Calc_force  Write_back 
           0           0           0  1.4706e-05  0.00015487  2.1757e-05   0.0001015  4.6038e-07  1.5792e-05  6.1933e-05  1.0542e-05
**** Number per step (global):
 PP_single   PP_cluster  PP_cross    Cluster     Cross       AR_step_sum
       984.2      15.801           0      7.5601           0      48.295
 AR_tsyn_sum Stab_Ngroup Iso_Ngroup  Form_Ngroup End_Ngroup  Modf_Ngroup Merg_Ngroup H4_step_sum H4_no_NB    Ep-Ep_sum   Ep-Sp_sum  
      2.6865           3           0     0.19873    0.036133           0           0      59.454        0.25  9.7803e+05       11698
**** Number of members in clusters (global):
N_members:            1           2           3           4           5
Count    :        984.2      7.1147     0.28271    0.089355    0.073242

Time: 37.5  N_real(loc): 1000  N_real(glb): 1000  N_all(loc): 1036  N_all(glb): 1036  N_remove(glb): 0  N_escape(glb): 0
Energy:     Error/Total         Error     Error_cum         Total       Kinetic     Potential        Modify  Modify_group Modify_single      Error_PP  Error_PP_cum
Physic:    -0.001916233      3.801977       258.771      -1984.09       2433.47      -4417.56      747.1569             0             0 -5.596182e-05      1.240422
Slowdown:  -0.002281724      3.806005      258.0734     -1668.039      2364.103     -4032.142      6471.163             0             0 -5.596305e-05      1.167031
Angular Momentum:  |L|err: 3.624801  |L|err_cum: 63.31058  L: 125.4802   35.42928    -48.3662  |L|: 139.0676
C.M.: mass: 1900 pos: -0.5083911   0.1312684    0.4179283 vel: -0.0873638   0.02796419    0.02764033
Tree step number: 2048
**** Wallclock time per step (local): [Min/Max]
 Total       PP_single   PP_cluster  PP_cross    Tree_NB     Tree_Force  Force_corr  Kick        FindCluster CreateGroup MPI_comm    Output      Status      Other      
   0.0025051  2.9429e-05  0.00010018           0  0.00040439    0.001845   6.235e-05  2.7775e-05  5.6895e-05  3.6624e-05  4.0079e-06  3.0583e-06  4.5254e-09  8.4725e-06
   0.0025052  2.9468e-05  0.00010024           0  0.00039826   0.0017755  6.2412e-05  2.7812e-05  5.6968e-05  3.6647e-05  4.0747e-06  3.0585e-06    4.54e-09  8.6224e-06
**** FDPS tree soft force time profile (local):
 Sample_ptcl Domain_deco Ex_ptcl     SetRootCell Make_LT     Make_LET    Make_GT     Make_Group  Make_I_list Calc_force  Write_back 
           0           0           0  2.5587e-05  0.00033757  4.0144e-05  0.00023263  3.3537e-06  7.4851e-05  0.00093264  0.00014146
**** Tree neighbor time profile (local):
 Sample_ptcl Domain_deco Ex_ptcl     SetRootCell Make_LT     Make_LET    Make_GT     Make_Group  Make_I_list Calc_force  Write_back 
           0           0           0  8.7563e-06  0.00015517  2.5659e-05  0.00011304  6.9692e-07  1.7577e-05   5.465e-05  1.2721e-05
**** Number per step (global):
 PP_single   PP_cluster  PP_cross    Cluster     Cross       AR_step_sum
      984.37      15.635           0      7.5269           0       50.17
 AR_tsyn_sum Stab_Ngroup Iso_Ngroup  Form_Ngroup End_Ngroup  Modf_Ngroup Merg_Ngroup H4_step_sum H4_no_NB    Ep-Ep_sum   Ep-Sp_sum  
      3.3159           3           0     0.24609    0.047363           0           0       61.97     0.32812  9.5354e+05       15127
**** Number of members in clusters (global):
N_members:            1           2           3           4           5
Count    :       984.37       7.062     0.34961     0.11426  0.00097656

Time: 38  N_real(loc): 1000  N_real(glb): 1000  N_all(loc): 1036  N_all(glb): 1036  N_remove(glb): 0  N_escape(glb): 0
Energy:     Error/Total         Error     Error_cum         Total       Kinetic     Potential        Modify  Modify_group Modify_single      Error_PP  Error_PP_cum
Physic:    -0.001651454      3.267697      262.0387     -1978.679      2291.984     -4270.663      749.3001             0             0 -4.425935e-05      1.240378
Slowdown:  -0.001965317      3.267592       261.341     -1662.628      2222.619     -3885.247      6789.357             0             0 -4.425941e-05      1.166987
Angular Momentum:  |L|err: 3.162033  |L|err_cum: 66.47261  L: 122.7932   33.2951    -46.98186  |L|: 135.6246
C.M.: mass: 1900 pos: -0.5536654   0.1586657    0.4316022 vel: -0.1036281   0.07248389    -0.005217718
Tree step number: 2048
**** Wallclock time per step (local): [Min/Max]
 Total       PP_single   PP_cluster  PP_cross    Tree_NB     Tree_Force  Force_corr  Kick        FindCluster CreateGroup MPI_comm    Output      Status      Other      
   0.0020132  3.0823e-05  8.3659e-05           0  0.00033183   0.0014639  3.4015e-05  1.8614e-05  4.5157e-05  3.0747e-05  2.1759e-06  4.6394e-06  3.4248e-09  6.7522e-06
   0.0020133   3.087e-05  8.3702e-05           0  0.00032642    0.001428  3.4071e-05  1.8648e-05   4.523e-05  3.0769e-05  2.2089e-06  4.6396e-06  3.4443e-09  6.8867e-06
**** FDPS tree soft force time profile (local):
 Sample_ptcl Domain_deco Ex_ptcl     SetRootCell Make_LT     Make_LET    Make_GT     Make_Group  Make_I_list Calc_force  Write_back 
           0           0           0  2.1798e-05  0.00026087  3.8305e-05  0.00022113  3.2278e-06  8.2585e-05  0.00070885  7.3577e-05
**** Tree neighbor time profile (local):
 Sample_ptcl Domain_deco Ex_ptcl     SetRootCell Make_LT     Make_LET    Make_GT     Make_Group  Make_I_list Calc_force  Write_back 
           0           0           0  1.1864e-05  0.00014646  1.8951e-05  8.5216e-05  7.3446e-07  1.3249e-05  3.7853e-05  1.1257e-05
**** Number per step (global):
 PP_single   PP_cluster  PP_cross    Cluster     Cross       AR_step_sum
      984.02      15.984           0      7.7354           0      48.584
 AR_tsyn_sum Stab_Ngroup Iso_Ngroup  Form_Ngroup End_Ngroup  Modf_Ngroup Merg_Ngroup H4_step_sum H4_no_NB    Ep-Ep_sum   Ep-Sp_sum  
      2.8931           3           0     0.20459    0.038574           0           0      63.903     0.25586  9.2879e+05       20423
**** Number of members in clusters (global):
N_members:            1           2           3           4           5
Count    :       984.02      7.3955     0.23389    0.038574    0.067383

Time: 38.5  N_real(loc): 1000  N_real(glb): 1000  N_all(loc): 1036  N_all(glb): 1036  N_remove(glb): 0  N_escape(glb): 0
Energy:     Error/Total         Error     Error_cum         Total       Kinetic     Potential        Modify  Modify_group Modify_single      Error_PP  Error_PP_cum
Physic:    -0.001231269      2.431301        264.47      -1974.63      2102.316     -4076.946      750.9178             0             0  -3.02245e-05      1.240348
Slowdown:  -0.001461197       2.42351      263.7645     -1658.579      2032.954     -3691.533      7107.033             0             0 -3.022432e-05      1.166956
Angular Momentum:  |L|err: 2.373083  |L|err_cum: 68.8457  L: 120.6032   31.59841    -46.33567  |L|: 133.006
C.M.: mass: 1900 pos: -0.5907988   0.2053023    0.4328639 vel: -0.07415313   0.1216886    0.01697267
Tree step number: 2048
**** Wallclock time per step (local): [Min/Max]
 Total       PP_single   PP_cluster  PP_cross    Tree_NB     Tree_Force  Force_corr  Kick        FindCluster CreateGroup MPI_comm    Output      Status      Other      
   0.0024299  3.5586e-05  8.8657e-05           0  0.00036745   0.0017911  5.6121e-05  2.5488e-05  7.0017e-05  4.2942e-05   2.005e-06    4.57e-06   5.249e-09  7.7255e-06
   0.0024299  3.5624e-05    8.87e-05           0  0.00035781   0.0017363   5.618e-05  2.5523e-05  7.0135e-05  4.2973e-05  2.0372e-06  4.5703e-06  5.2739e-09  7.8699e-06
**** FDPS tree soft force time profile (local):
 Sample_ptcl Domain_deco Ex_ptcl     SetRootCell Make_LT     Make_LET    Make_GT     Make_Group  Make_I_list Calc_force  Write_back 
           0           0           0  2.5345e-05  0.00034921  5.8132e-05  0.00028415  3.9956e-06   0.0001012  0.00080102   0.0001115
**** Tree neighbor time profile (local):
 Sample_ptcl Domain_deco Ex_ptcl     SetRootCell Make_LT     Make_LET    Make_GT     Make_Group  Make_I_list Calc_force  Write_back 
           0           0           0   1.078e-05  0.00015332  2.4864e-05   9.391e-05  7.1823e-07  1.8544e-05  3.5685e-05  1.9706e-05
**** Number per step (global):
 PP_single   PP_cluster  PP_cross    Cluster     Cross       AR_step_sum
      987.57      12.425           0      5.9639           0      46.212
 AR_tsyn_sum Stab_Ngroup Iso_Ngroup  Form_Ngroup End_Ngroup  Modf_Ngroup Merg_Ngroup H4_step_sum H4_no_NB    Ep-Ep_sum   Ep-Sp_sum  
      2.0918           3           0     0.19629    0.035645           0           0       41.99     0.26367  9.2994e+05       20232
**** Number of members in clusters (global):
N_members:            1           2           3           4
Count    :       987.57      5.5283     0.37354    0.062012

Time: 39  N_real(loc): 1000  N_real(glb): 1000  N_all(loc): 1036  N_all(glb): 1036  N_remove(glb): 0  N_escape(glb): 0
Energy:     Error/Total         Error     Error_cum         Total       Kinetic     Potential        Modify  Modify_group Modify_single      Error_PP  Error_PP_cum
Physic:    -0.001063355      2.095979       266.566       -1971.1      2260.645     -4231.745      752.3513             0             0 -3.113927e-05      1.240317
Slowdown:  -0.001266599      2.096283      265.8608      -1655.05      2191.286     -3846.336      7424.516             0             0 -3.113916e-05      1.166925
Angular Momentum:  |L|err: 1.648332  |L|err_cum: 70.49403  L: 119.3352   30.55141    -45.48451  |L|: 131.3131
C.M.: mass: 1900 pos: -0.6419503   0.2611188    0.4523623 vel: -0.09208266   0.1093207    0.06863528
Tree step number: 2048
**** Wallclock time per step (local): [Min/Max]
 Total       PP_single   PP_cluster  PP_cross    Tree_NB     Tree_Force  Force_corr  Kick        FindCluster CreateGroup MPI_comm    Output      Status      Other      
   0.0022552  3.7455e-05  9.3228e-05           0  0.00036574   0.0016247  3.5903e-05  3.2529e-05  5.2193e-05  3.7404e-05  1.7995e-06  3.1334e-06  3.9526e-09   4.661e-06
   0.0022552  3.7492e-05  9.3273e-05           0  0.00036008   0.0015942   3.596e-05  3.2563e-05  5.2261e-05  3.7427e-05  1.8316e-06  3.1335e-06  3.9673e-09  4.8003e-06
**** FDPS tree soft force time profile (local):
 Sample_ptcl Domain_deco Ex_ptcl     SetRootCell Make_LT     Make_LET    Make_GT     Make_Group  Make_I_list Calc_force  Write_back 
           0           0           0  2.0481e-05  0.00033624  4.1569e-05  0.00025683  3.9399e-06  8.5822e-05  0.00076395  6.2816e-05
**** Tree neighbor time profile (local):
 Sample_ptcl Domain_deco Ex_ptcl     SetRootCell Make_LT     Make_LET    Make_GT     Make_Group  Make_I_list Calc_force  Write_back 
           0           0           0  7.4342e-06  0.00013565  2.3531e-05  0.00011806  7.5317e-07  2.1631e-05   3.408e-05  1.1755e-05
**** Number per step (global):
 PP_single   PP_cluster  PP_cross    Cluster     Cross       AR_step_sum
      987.11      12.885           0      6.1816           0      49.291
 AR_tsyn_sum Stab_Ngroup Iso_Ngroup  Form_Ngroup End_Ngroup  Modf_Ngroup Merg_Ngroup H4_step_sum H4_no_NB    Ep-Ep_sum   Ep-Sp_sum  
      3.0083           3           0     0.27832    0.048828           0           0      46.944     0.27637  9.2049e+05       21440
**** Number of members in clusters (global):
N_members:            1           2           3           4           5
Count    :       987.11      5.8511      0.2085    0.052734    0.069336

Time: 39.5  N_real(loc): 1000  N_real(glb): 1000  N_all(loc): 1036  N_all(glb): 1036  N_remove(glb): 0  N_escape(glb): 0
Energy:     Error/Total         Error     Error_cum         Total       Kinetic     Potential        Modify  Modify_group Modify_single      Error_PP  Error_PP_cum
Physic:     -0.00102604       2.01896      268.5849      -1967.72      2540.451     -4508.171      753.7125             0             0 -3.257416e-05      1.240284
Slowdown:  -0.001222462      2.019103      267.8799      -1651.67      2471.095     -4122.764      7741.928             0             0 -3.257316e-05      1.166893
Angular Momentum:  |L|err: 1.998866  |L|err_cum: 72.49289  L: 117.3317   28.98212    -45.44203  |L|: 129.1189
C.M.: mass: 1900 pos: -0.7047522   0.3154117    0.5036428 vel: -0.1062732   0.07518305    0.09590567
Tree step number: 2048
**** Wallclock time per step (local): [Min/Max]
 Total       PP_single   PP_cluster  PP_cross    Tree_NB     Tree_Force  Force_corr  Kick        FindCluster CreateGroup MPI_comm    Output      Status      Other      
   0.0025288  3.1524e-05  9.8869e-05           0   0.0004014   0.0018835   4.918e-05    2.43e-05  5.9258e-05  3.9322e-05    2.92e-06  3.2242e-06  4.1631e-09  6.6515e-06
   0.0025289  3.1564e-05  9.8914e-05           0  0.00039304   0.0018175  4.9241e-05  2.4359e-05   5.933e-05  3.9345e-05  2.9526e-06  3.2244e-06  4.1777e-09  6.7928e-06
**** FDPS tree soft force time profile (local):
 Sample_ptcl Domain_deco Ex_ptcl     SetRootCell Make_LT     Make_LET    Make_GT     Make_Group  Make_I_list Calc_force  Write_back 
           0           0           0  3.3231e-05  0.00038043   4.089e-05   0.0002787  3.5657e-06  7.5593e-05  0.00088621  0.00013379
**** Tree neighbor time profile (local):
 Sample_ptcl Domain_deco Ex_ptcl     SetRootCell Make_LT     Make_LET    Make_GT     Make_Group  Make_I_list Calc_force  Write_back 
           0           0           0  1.6635e-05  0.00013183  1.8939e-05  0.00013405  9.7151e-07  1.4256e-05  5.6722e-05  1.7218e-05
**** Number per step (global):
 PP_single   PP_cluster  PP_cross    Cluster     Cross       AR_step_sum
      984.19      15.805           0      7.4146           0      51.214
 AR_tsyn_sum Stab_Ngroup Iso_Ngroup  Form_Ngroup End_Ngroup  Modf_Ngroup Merg_Ngroup H4_step_sum H4_no_NB    Ep-Ep_sum   Ep-Sp_sum  
      3.5347           3           0     0.33838    0.055664           0           0      61.211     0.36035  9.2048e+05       19538
**** Number of members in clusters (global):
N_members:            1           2           3           4           5
Count    :       984.19      6.6738     0.52588     0.19434    0.020508

Time: 40  N_real(loc): 1000  N_real(glb): 1000  N_all(loc): 1036  N_all(glb): 1036  N_remove(glb): 0  N_escape(glb): 0
Energy:     Error/Total         Error     Error_cum         Total       Kinetic     Potential        Modify  Modify_group Modify_single      Error_PP  Error_PP_cum
Physic:   -0.0008394086       1.64939      270.2343     -1964.943      2334.493     -4299.435      754.8406             0             0  -4.39704e-05       1.24024
Slowdown:  -0.001000304      1.649394      269.5293     -1648.892       2265.14     -3914.032      8059.107             0             0 -4.397021e-05      1.166849
Angular Momentum:  |L|err: 1.709278  |L|err_cum: 74.20217  L: 115.5137   27.59559    -45.6538  |L|: 127.2368
C.M.: mass: 1900 pos: -0.7644087   0.3580194    0.5196557 vel: -0.1001483   0.09728218    0.01606385
Tree step number: 2048
**** Wallclock time per step (local): [Min/Max]
 Total       PP_single   PP_cluster  PP_cross    Tree_NB     Tree_Force  Force_corr  Kick        FindCluster CreateGroup MPI_comm    Output      Status      Other      
   0.0029806  4.3196e-05   0.0001019           0   0.0004955   0.0021574  7.6468e-05    5.57e-05  7.7612e-05  4.8028e-05  3.4026e-06  4.6349e-06  5.4253e-09  1.2457e-05
   0.0029806  4.3238e-05  0.00010195           0  0.00048504   0.0020694  7.6568e-05  5.5738e-05  7.7689e-05  4.8053e-05  3.4354e-06  4.6352e-06  5.4448e-09  1.2595e-05
**** FDPS tree soft force time profile (local):
 Sample_ptcl Domain_deco Ex_ptcl     SetRootCell Make_LT     Make_LET    Make_GT     Make_Group  Make_I_list Calc_force  Write_back 
           0           0           0  3.2646e-05  0.00043352  4.8407e-05  0.00028795  4.0707e-06  8.8504e-05   0.0010175  0.00017887
**** Tree neighbor time profile (local):
 Sample_ptcl Domain_deco Ex_ptcl     SetRootCell Make_LT     Make_LET    Make_GT     Make_Group  Make_I_list Calc_force  Write_back 
           0           0           0  1.4735e-05  0.00017032  2.9304e-05  0.00015271  7.8588e-07  1.5948e-05  8.1091e-05  2.1567e-05
**** Number per step (global):
 PP_single   PP_cluster  PP_cross    Cluster     Cross       AR_step_sum
      985.02      14.981           0      7.1948           0      47.103
 AR_tsyn_sum Stab_Ngroup Iso_Ngroup  Form_Ngroup End_Ngroup  Modf_Ngroup Merg_Ngroup H4_step_sum H4_no_NB    Ep-Ep_sum   Ep-Sp_sum  
      2.2993           3           0     0.30566    0.052246           0           0      52.775     0.40625  9.2035e+05       16337
**** Number of members in clusters (global):
N_members:            1           2           3           4           5
Count    :       985.02      6.7559      0.3501    0.025391    0.063477

Time: 40.5  N_real(loc): 1000  N_real(glb): 1000  N_all(loc): 1036  N_all(glb): 1036  N_remove(glb): 0  N_escape(glb): 0
Energy:     Error/Total         Error     Error_cum         Total       Kinetic     Potential        Modify  Modify_group Modify_single      Error_PP  Error_PP_cum
Physic:    -0.000715324      1.403869      271.6382     -1962.564      2309.449     -4272.013      755.8151             0             0 -4.277685e-05      1.240197
Slowdown:  -0.000852794      1.404137      270.9335     -1646.514      2240.099     -3886.612      8376.131             0             0 -4.277652e-05      1.166806
Angular Momentum:  |L|err: 1.512102  |L|err_cum: 75.71427  L: 113.8452   26.34632    -46.01158  |L|: 125.5863
C.M.: mass: 1900 pos: -0.807447   0.424989    0.5399028 vel: -0.1050522   0.1375019    0.01387487
Tree step number: 2048
**** Wallclock time per step (local): [Min/Max]
 Total       PP_single   PP_cluster  PP_cross    Tree_NB     Tree_Force  Force_corr  Kick        FindCluster CreateGroup MPI_comm    Output      Status      Other      
   0.0027708  3.7401e-05  9.0729e-05           0  0.00044248   0.0020269  9.1534e-05  4.2808e-05  5.9954e-05  3.7739e-05   4.735e-06  5.0779e-06  5.8413e-09  1.0703e-05
   0.0027709  3.7459e-05  9.0775e-05           0  0.00043748   0.0019474  9.1614e-05  4.2845e-05  6.0028e-05  3.7763e-05  4.7684e-06  5.0782e-06   5.856e-09  1.0839e-05
**** FDPS tree soft force time profile (local):
 Sample_ptcl Domain_deco Ex_ptcl     SetRootCell Make_LT     Make_LET    Make_GT     Make_Group  Make_I_list Calc_force  Write_back 
           0           0           0  6.1249e-05  0.00054494    5.04e-05  0.00031045  4.6754e-06  8.2537e-05  0.00077442  0.00016138
**** Tree neighbor time profile (local):
 Sample_ptcl Domain_deco Ex_ptcl     SetRootCell Make_LT     Make_LET    Make_GT     Make_Group  Make_I_list Calc_force  Write_back 
           0           0           0  2.0033e-05   0.0001682  3.1133e-05  0.00014006   7.668e-07  1.5334e-05  5.2935e-05  1.0437e-05
**** Number per step (global):
 PP_single   PP_cluster  PP_cross    Cluster     Cross       AR_step_sum
      985.98      14.018           0      6.6782           0      47.762
 AR_tsyn_sum Stab_Ngroup Iso_Ngroup  Form_Ngroup End_Ngroup  Modf_Ngroup Merg_Ngroup H4_step_sum H4_no_NB    Ep-Ep_sum   Ep-Sp_sum  
      2.4668           3           0     0.29736    0.050781           0           0       49.08     0.38574  9.1633e+05       17346
**** Number of members in clusters (global):
N_members:            1           2           3           4
Count    :       985.98      6.1216     0.45215     0.10449

Time: 41  N_real(loc): 1000  N_real(glb): 1000  N_all(loc): 1036  N_all(glb): 1036  N_remove(glb): 0  N_escape(glb): 0
Energy:     Error/Total         Error     Error_cum         Total       Kinetic     Potential        Modify  Modify_group Modify_single      Error_PP  Error_PP_cum
Physic:   -0.0006377116      1.250211      272.8884     -1960.465          2543     -4503.465       756.664             0             0 -2.768164e-05       1.24017
Slowdown: -0.0007604215      1.250448      272.1839     -1644.415      2473.652     -4118.067      8693.031             0             0 -2.768279e-05      1.166778
Angular Momentum:  |L|err: 1.353431  |L|err_cum: 77.06771  L: 112.307   25.21599    -46.46663  |L|: 124.1284
C.M.: mass: 1900 pos: -0.8611995   0.5010831    0.570586 vel: -0.1562843   0.135225    0.05546025
Tree step number: 2048
**** Wallclock time per step (local): [Min/Max]
 Total       PP_single   PP_cluster  PP_cross    Tree_NB     Tree_Force  Force_corr  Kick        FindCluster CreateGroup MPI_comm    Output      Status      Other      
   0.0021995  3.9305e-05  8.5436e-05           0  0.00038168   0.0015513  5.5809e-05  4.1223e-05  4.3402e-05   4.334e-05  2.8123e-06  4.3933e-06  5.6406e-09  5.1376e-06
   0.0021996  3.9344e-05  8.5481e-05           0   0.0003748   0.0015017  5.5868e-05   4.127e-05  4.3464e-05  4.3363e-05   2.845e-06  4.3936e-06   5.665e-09  5.2397e-06
**** FDPS tree soft force time profile (local):
 Sample_ptcl Domain_deco Ex_ptcl     SetRootCell Make_LT     Make_LET    Make_GT     Make_Group  Make_I_list Calc_force  Write_back 
           0           0           0  1.9605e-05  0.00036302  4.0542e-05  0.00029249  3.7362e-06  8.8932e-05  0.00058238  0.00010099
**** Tree neighbor time profile (local):
 Sample_ptcl Domain_deco Ex_ptcl     SetRootCell Make_LT     Make_LET    Make_GT     Make_Group  Make_I_list Calc_force  Write_back 
           0           0           0  7.2313e-06  0.00014823   2.399e-05  0.00011172  6.6573e-07   1.712e-05  4.6892e-05  1.4178e-05
**** Number per step (global):
 PP_single   PP_cluster  PP_cross    Cluster     Cross       AR_step_sum
      986.19      13.806           0      6.5898           0      48.702
 AR_tsyn_sum Stab_Ngroup Iso_Ngroup  Form_Ngroup End_Ngroup  Modf_Ngroup Merg_Ngroup H4_step_sum H4_no_NB    Ep-Ep_sum   Ep-Sp_sum  
      2.6484           3           0     0.30566    0.070312           0           0      48.397     0.26465  9.1002e+05       20262
**** Number of members in clusters (global):
N_members:            1           2           3           4           5           7
Count    :       986.19      6.0811     0.41992    0.064453    0.022461   0.0019531

Time: 41.5  N_real(loc): 1000  N_real(glb): 1000  N_all(loc): 1036  N_all(glb): 1036  N_remove(glb): 0  N_escape(glb): 0
Energy:     Error/Total         Error     Error_cum         Total       Kinetic     Potential        Modify  Modify_group Modify_single      Error_PP  Error_PP_cum
Physic:   -0.0005369996      1.051803      273.9402     -1958.666      2554.778     -4513.444      757.4114             0             0 -5.600105e-05      1.240114
Slowdown: -0.0006406837      1.052397      273.2363     -1642.615      2485.434     -4128.049      9009.828             0             0 -5.600199e-05      1.166722
Angular Momentum:  |L|err: 1.223428  |L|err_cum: 78.29113  L: 110.881   24.18734    -46.99201  |L|: 122.8327
C.M.: mass: 1900 pos: -0.9219366   0.5619119    0.5869764 vel: -0.1361919   0.08109404    0.01754431
Tree step number: 2048
**** Wallclock time per step (local): [Min/Max]
 Total       PP_single   PP_cluster  PP_cross    Tree_NB     Tree_Force  Force_corr  Kick        FindCluster CreateGroup MPI_comm    Output      Status      Other      
   0.0019537  2.1073e-05  9.4399e-05           0   0.0003479   0.0013765  3.6434e-05  1.6754e-05  5.9831e-05  3.8243e-05  1.2665e-06  4.0889e-06  3.8799e-09  4.5301e-06
   0.0019537   2.116e-05  9.4446e-05           0  0.00033985    0.001335   3.649e-05  1.6789e-05  5.9901e-05  3.8267e-05  1.2991e-06  4.0891e-06  3.8945e-09  4.6192e-06
**** FDPS tree soft force time profile (local):
 Sample_ptcl Domain_deco Ex_ptcl     SetRootCell Make_LT     Make_LET    Make_GT     Make_Group  Make_I_list Calc_force  Write_back 
           0           0           0  3.0093e-05   0.0003212  4.2554e-05  0.00024836  2.8947e-06  8.1051e-05  0.00051487  8.4918e-05
**** Tree neighbor time profile (local):
 Sample_ptcl Domain_deco Ex_ptcl     SetRootCell Make_LT     Make_LET    Make_GT     Make_Group  Make_I_list Calc_force  Write_back 
           0           0           0  1.0422e-05  0.00012916  1.9581e-05  0.00010328  6.2188e-07  1.6737e-05  4.5736e-05  1.6479e-05
**** Number per step (global):
 PP_single   PP_cluster  PP_cross    Cluster     Cross       AR_step_sum
      982.89      17.108           0      7.7471           0      49.076
 AR_tsyn_sum Stab_Ngroup Iso_Ngroup  Form_Ngroup End_Ngroup  Modf_Ngroup Merg_Ngroup H4_step_sum H4_no_NB    Ep-Ep_sum   Ep-Sp_sum  
      2.7891           3           0     0.28125    0.064941           0           0      69.168     0.27783  9.1684e+05       15228
**** Number of members in clusters (global):
N_members:            1           2           3           4           5           6           7           8
Count    :       982.89      6.4995      1.0229      0.1416    0.052734   0.0058594    0.020508   0.0039062

Time: 42  N_real(loc): 1000  N_real(glb): 1000  N_all(loc): 1036  N_all(glb): 1036  N_remove(glb): 0  N_escape(glb): 0
Energy:     Error/Total         Error     Error_cum         Total       Kinetic     Potential        Modify  Modify_group Modify_single      Error_PP  Error_PP_cum
Physic:   -0.0004733289     0.9263397      274.8665     -1957.074      2504.655     -4461.729      758.0769             0             0  -2.25844e-05      1.240091
Slowdown: -0.0005644185      0.926224      274.1625     -1641.023      2435.313     -4076.337      9326.544             0             0   -2.2582e-05        1.1667
Angular Momentum:  |L|err: 1.119606  |L|err_cum: 79.41074  L: 109.5496   23.24301    -47.56809  |L|: 121.672
C.M.: mass: 1900 pos: -0.9603263   0.6045262    0.6040054 vel: -0.06849659   0.1027782    0.05688472
Tree step number: 2048
**** Wallclock time per step (local): [Min/Max]
 Total       PP_single   PP_cluster  PP_cross    Tree_NB     Tree_Force  Force_corr  Kick        FindCluster CreateGroup MPI_comm    Output      Status      Other      
   0.0017059  2.5441e-05  9.2891e-05           0  0.00029077   0.0011965  1.9256e-05  2.1512e-05  3.8735e-05  2.7812e-05  1.4097e-06  4.2313e-06  3.7178e-09  3.4305e-06
   0.0017059  2.5479e-05  9.2945e-05           0  0.00028687   0.0011818  1.9311e-05  2.1546e-05  3.8809e-05  2.7835e-05  1.4421e-06  4.2315e-06  3.7373e-09  3.5116e-06
**** FDPS tree soft force time profile (local):
 Sample_ptcl Domain_deco Ex_ptcl     SetRootCell Make_LT     Make_LET    Make_GT     Make_Group  Make_I_list Calc_force  Write_back 
           0           0           0  1.6437e-05   0.0003594  6.6376e-05   0.0002068  2.7396e-06  7.4131e-05  0.00038861  3.1029e-05
**** Tree neighbor time profile (local):
 Sample_ptcl Domain_deco Ex_ptcl     SetRootCell Make_LT     Make_LET    Make_GT     Make_Group  Make_I_list Calc_force  Write_back 
           0           0           0  7.9267e-06  0.00011677  1.5734e-05  8.6207e-05  6.6022e-07  1.6508e-05  3.3034e-05  8.1894e-06
**** Number per step (global):
 PP_single   PP_cluster  PP_cross    Cluster     Cross       AR_step_sum
      984.73       15.27           0      7.2236           0      61.874
 AR_tsyn_sum Stab_Ngroup Iso_Ngroup  Form_Ngroup End_Ngroup  Modf_Ngroup Merg_Ngroup H4_step_sum H4_no_NB    Ep-Ep_sum   Ep-Sp_sum  
      5.9878           3           0     0.97363    0.003418           0           0      40.454      1.2695   9.168e+05       13533
**** Number of members in clusters (global):
N_members:            1           2           3           4
Count    :       984.73      6.5215     0.58154     0.12061

Time: 42.5  N_real(loc): 1000  N_real(glb): 1000  N_all(loc): 1036  N_all(glb): 1036  N_remove(glb): 0  N_escape(glb): 0
Energy:     Error/Total         Error     Error_cum         Total       Kinetic     Potential        Modify  Modify_group Modify_single      Error_PP  Error_PP_cum
Physic:   -0.0004243738      0.829926      275.6965     -1955.648      2526.656     -4482.304      758.6728             0             0  1.993388e-09      1.240091
Slowdown: -0.0005061702     0.8299156      274.9924     -1639.598      2457.317     -4096.915      9643.191             0             0  2.459609e-09        1.1667
Angular Momentum:  |L|err: 1.030276  |L|err_cum: 80.44102  L: 108.3022   22.37431    -48.18016  |L|: 120.6288
C.M.: mass: 1900 pos: -0.9862407   0.6488525    0.6434634 vel: -0.05621851   0.06516024    0.09148737
Tree step number: 2048
**** Wallclock time per step (local): [Min/Max]
 Total       PP_single   PP_cluster  PP_cross    Tree_NB     Tree_Force  Force_corr  Kick        FindCluster CreateGroup MPI_comm    Output      Status      Other      
    0.001513  2.9181e-05  7.7195e-05           0  0.00028745    0.001016  1.8181e-05  2.0684e-05  3.9756e-05  2.5146e-05  5.1915e-06  4.8891e-06   4.936e-09  8.5374e-06
    0.001513  2.9219e-05  7.7237e-05           0  0.00028305  0.00099908  1.8233e-05  2.0717e-05   3.981e-05  2.5168e-05  5.2242e-06  4.8894e-06  4.9507e-09  8.6159e-06
**** FDPS tree soft force time profile (local):
 Sample_ptcl Domain_deco Ex_ptcl     SetRootCell Make_LT     Make_LET    Make_GT     Make_Group  Make_I_list Calc_force  Write_back 
           0           0           0  1.2213e-05  0.00023183  3.2333e-05  0.00020808  3.2456e-06  6.7842e-05  0.00037261  3.5286e-05
**** Tree neighbor time profile (local):
 Sample_ptcl Domain_deco Ex_ptcl     SetRootCell Make_LT     Make_LET    Make_GT     Make_Group  Make_I_list Calc_force  Write_back 
           0           0           0  1.4893e-05  0.00011382  1.8511e-05  7.7699e-05  6.4881e-07  1.8579e-05  2.9098e-05  9.1412e-06
**** Number per step (global):
 PP_single   PP_cluster  PP_cross    Cluster     Cross       AR_step_sum
      984.23      15.772           0      7.4658           0      56.034
 AR_tsyn_sum Stab_Ngroup Iso_Ngroup  Form_Ngroup End_Ngroup  Modf_Ngroup Merg_Ngroup H4_step_sum H4_no_NB    Ep-Ep_sum   Ep-Sp_sum  
      3.6836           3           0      1.0146   0.0039062           0           0      43.004      1.7988  9.1375e+05       14096
**** Number of members in clusters (global):
N_members:            1           2           3           4           5
Count    :       984.23      6.7354     0.63232    0.086426    0.011719

Time: 43  N_real(loc): 1000  N_real(glb): 1000  N_all(loc): 1036  N_all(glb): 1036  N_remove(glb): 0  N_escape(glb): 0
Energy:     Error/Total         Error     Error_cum         Total       Kinetic     Potential        Modify  Modify_group Modify_single      Error_PP  Error_PP_cum
Physic:   -0.0003771978     0.7371849      276.4337     -1954.372      2507.841     -4462.214      759.2115             0             0  -4.77773e-07      1.240091
Slowdown: -0.0004505121     0.7380838      275.7305     -1638.322      2438.506     -4076.828      9959.779             0             0 -4.781349e-07      1.166699
Angular Momentum:  |L|err: 0.9492468  |L|err_cum: 81.39026  L: 107.1342   21.57655    -48.81465  |L|: 119.6919
C.M.: mass: 1900 pos: -1.001096   0.6793858    0.6825949 vel: -0.07634557   0.04984834    0.03311553
Tree step number: 2048
**** Wallclock time per step (local): [Min/Max]
 Total       PP_single   PP_cluster  PP_cross    Tree_NB     Tree_Force  Force_corr  Kick        FindCluster CreateGroup MPI_comm    Output      Status      Other      
   0.0021313  3.8606e-05  7.1739e-05           0  0.00036593   0.0015301  5.1293e-05  2.8963e-05     5.2e-05   3.412e-05  2.6981e-06  4.3665e-06  3.5713e-09  6.5114e-06
   0.0021313  3.8646e-05  7.1783e-05           0  0.00035966    0.001479   5.135e-05  2.8998e-05  5.2063e-05  3.4156e-05  2.7305e-06  4.3667e-06  3.5908e-09  6.6218e-06
**** FDPS tree soft force time profile (local):
 Sample_ptcl Domain_deco Ex_ptcl     SetRootCell Make_LT     Make_LET    Make_GT     Make_Group  Make_I_list Calc_force  Write_back 
           0           0           0   2.269e-05   0.0003569  4.3248e-05  0.00025753  3.9317e-06   8.988e-05  0.00060214  0.00010393
**** Tree neighbor time profile (local):
 Sample_ptcl Domain_deco Ex_ptcl     SetRootCell Make_LT     Make_LET    Make_GT     Make_Group  Make_I_list Calc_force  Write_back 
           0           0           0  1.1719e-05  0.00014075  2.0352e-05   0.0001096  6.2855e-07  2.1575e-05  4.3338e-05   1.292e-05
**** Number per step (global):
 PP_single   PP_cluster  PP_cross    Cluster     Cross       AR_step_sum
       985.4      14.602           0      7.0347           0      51.646
 AR_tsyn_sum Stab_Ngroup Iso_Ngroup  Form_Ngroup End_Ngroup  Modf_Ngroup Merg_Ngroup H4_step_sum H4_no_NB    Ep-Ep_sum   Ep-Sp_sum  
      2.1045           3           0           1           0           0           0      33.188           2  9.0092e+05       19104
**** Number of members in clusters (global):
N_members:            1           2           3           4
Count    :        985.4      6.5957     0.34521     0.09375

Time: 43.5  N_real(loc): 1000  N_real(glb): 1000  N_all(loc): 1036  N_all(glb): 1036  N_remove(glb): 0  N_escape(glb): 0
Energy:     Error/Total         Error     Error_cum         Total       Kinetic     Potential        Modify  Modify_group Modify_single      Error_PP  Error_PP_cum
Physic:   -0.0003396735     0.6634577      277.0971     -1953.222      2668.021     -4621.242      759.6986             0             0  3.510816e-06      1.240094
Slowdown: -0.0004052158     0.6634076      276.3939     -1637.171      2598.688     -4235.859      10276.32             0             0  3.510487e-06      1.166703
Angular Momentum:  |L|err: 0.8783437  |L|err_cum: 82.26861  L: 106.0381   20.84373    -49.45922  |L|: 118.8476
C.M.: mass: 1900 pos: -1.020931   0.7159524    0.7017784 vel: -0.05539651   0.1083387    0.03109482
Tree step number: 2048
**** Wallclock time per step (local): [Min/Max]
 Total       PP_single   PP_cluster  PP_cross    Tree_NB     Tree_Force  Force_corr  Kick        FindCluster CreateGroup MPI_comm    Output      Status      Other      
   0.0020036   2.584e-05  7.7996e-05           0  0.00032304   0.0014779  5.3409e-05   2.216e-05  3.5258e-05  2.4103e-05  3.5517e-06  3.1985e-06  5.3521e-09  6.8256e-06
   0.0020037  2.5878e-05  7.8053e-05           0  0.00031864   0.0014301  5.3493e-05  2.2195e-05  3.5336e-05  2.4134e-05  3.5843e-06  3.1987e-06  5.3765e-09  7.1615e-06
**** FDPS tree soft force time profile (local):
 Sample_ptcl Domain_deco Ex_ptcl     SetRootCell Make_LT     Make_LET    Make_GT     Make_Group  Make_I_list Calc_force  Write_back 
           0           0           0  2.0974e-05  0.00027222  3.3827e-05   0.0002393  3.3829e-06   7.602e-05  0.00068801   9.729e-05
**** Tree neighbor time profile (local):
 Sample_ptcl Domain_deco Ex_ptcl     SetRootCell Make_LT     Make_LET    Make_GT     Make_Group  Make_I_list Calc_force  Write_back 
           0           0           0  7.3249e-06  0.00011923  1.9738e-05  8.5726e-05   6.379e-07  1.5453e-05  5.5184e-05  9.2078e-06
**** Number per step (global):
 PP_single   PP_cluster  PP_cross    Cluster     Cross       AR_step_sum
      984.18      15.819           0       7.584           0      56.758
 AR_tsyn_sum Stab_Ngroup Iso_Ngroup  Form_Ngroup End_Ngroup  Modf_Ngroup Merg_Ngroup H4_step_sum H4_no_NB    Ep-Ep_sum   Ep-Sp_sum  
      3.9897           3           0      1.0029  0.00097656           0           0      43.036      1.8018  8.9416e+05       19685
**** Number of members in clusters (global):
N_members:            1           2           3           4           5           6
Count    :       984.18       7.166     0.23828     0.12695    0.051758  0.00097656

Time: 44  N_real(loc): 1000  N_real(glb): 1000  N_all(loc): 1036  N_all(glb): 1036  N_remove(glb): 0  N_escape(glb): 0
Energy:     Error/Total         Error     Error_cum         Total       Kinetic     Potential        Modify  Modify_group Modify_single      Error_PP  Error_PP_cum
Physic:   -0.0003056884     0.5967594      277.6939     -1952.182      2536.832     -4489.014      760.1418             0             0 -4.094783e-08      1.240094
Slowdown: -0.0003647624     0.5967992      276.9907     -1636.131      2467.502     -4103.633      10592.81             0             0 -3.962387e-08      1.166703
Angular Momentum:  |L|err: 0.8175377  |L|err_cum: 83.08614  L: 105.0074   20.16825    -50.10454  |L|: 118.0838
C.M.: mass: 1900 pos: -1.053982   0.748786    0.7095157 vel: -0.09150101   0.07628064    0.004778679
Tree step number: 2048
**** Wallclock time per step (local): [Min/Max]
 Total       PP_single   PP_cluster  PP_cross    Tree_NB     Tree_Force  Force_corr  Kick        FindCluster CreateGroup MPI_comm    Output      Status      Other      
   0.0020479  1.9016e-05  7.6945e-05           0  0.00036197   0.0014782  4.1941e-05  1.8722e-05  4.8577e-05   3.216e-05  5.5938e-06  6.5066e-06  3.9429e-09   4.512e-06
   0.0020479  1.9053e-05  7.6988e-05           0  0.00035462   0.0014371  4.2016e-05  1.8757e-05  4.8639e-05  3.2183e-05  5.6268e-06  6.5067e-06  3.9624e-09  4.6298e-06
**** FDPS tree soft force time profile (local):
 Sample_ptcl Domain_deco Ex_ptcl     SetRootCell Make_LT     Make_LET    Make_GT     Make_Group  Make_I_list Calc_force  Write_back 
           0           0           0  1.7841e-05  0.00028844  3.3807e-05  0.00020694  3.5134e-06  9.0427e-05  0.00069967   8.368e-05
**** Tree neighbor time profile (local):
 Sample_ptcl Domain_deco Ex_ptcl     SetRootCell Make_LT     Make_LET    Make_GT     Make_Group  Make_I_list Calc_force  Write_back 
           0           0           0  1.0352e-05  0.00012738  2.1936e-05  0.00010447  7.9844e-07  1.6973e-05  5.0859e-05   1.521e-05
**** Number per step (global):
 PP_single   PP_cluster  PP_cross    Cluster     Cross       AR_step_sum
       986.4      13.597           0      6.5952           0      56.897
 AR_tsyn_sum Stab_Ngroup Iso_Ngroup  Form_Ngroup End_Ngroup  Modf_Ngroup Merg_Ngroup H4_step_sum H4_no_NB    Ep-Ep_sum   Ep-Sp_sum  
      4.0967           3           0      1.0029  0.00097656           0           0      29.011      1.7891  8.8007e+05       22887
**** Number of members in clusters (global):
N_members:            1           2           3           4
Count    :        986.4      6.2759     0.23242    0.086914

Time: 44.5  N_real(loc): 1000  N_real(glb): 1000  N_all(loc): 1036  N_all(glb): 1036  N_remove(glb): 0  N_escape(glb): 0
Energy:     Error/Total         Error     Error_cum         Total       Kinetic     Potential        Modify  Modify_group Modify_single      Error_PP  Error_PP_cum
Physic:   -0.0002780614     0.5425627      278.2364     -1951.234      2665.722     -4616.956      760.5475             0             0 -1.940261e-06      1.240092
Slowdown: -0.0003320464     0.5429566      277.5337     -1635.183      2596.395     -4231.578      10909.27             0             0 -1.942854e-06      1.166701
Angular Momentum:  |L|err: 0.7661815  |L|err_cum: 83.85233  L: 104.033   19.54222    -50.74831  |L|: 117.3889
C.M.: mass: 1900 pos: -1.091025   0.7527763    0.6969364 vel: -0.08383964   0.04980868    -0.01022871
Tree step number: 2048
**** Wallclock time per step (local): [Min/Max]
 Total       PP_single   PP_cluster  PP_cross    Tree_NB     Tree_Force  Force_corr  Kick        FindCluster CreateGroup MPI_comm    Output      Status      Other      
   0.0019233  2.5505e-05  6.7958e-05           0  0.00030685   0.0014226  3.1619e-05  1.2869e-05    3.71e-05  4.4962e-05  2.1899e-06   4.892e-06  3.8989e-09   4.004e-06
   0.0019233  2.5542e-05   6.802e-05           0  0.00030289    0.001387  3.1673e-05  1.2904e-05  3.7163e-05  4.4985e-05  2.2224e-06  4.8922e-06  3.9185e-09  4.1328e-06
**** FDPS tree soft force time profile (local):
 Sample_ptcl Domain_deco Ex_ptcl     SetRootCell Make_LT     Make_LET    Make_GT     Make_Group  Make_I_list Calc_force  Write_back 
           0           0           0  1.7451e-05  0.00028503  4.1713e-05  0.00021982  3.6871e-06  9.2952e-05  0.00063809  7.3358e-05
**** Tree neighbor time profile (local):
 Sample_ptcl Domain_deco Ex_ptcl     SetRootCell Make_LT     Make_LET    Make_GT     Make_Group  Make_I_list Calc_force  Write_back 
           0           0           0   7.121e-06  0.00012306  2.2015e-05  8.7307e-05  7.1522e-07  1.6809e-05  2.8103e-05  8.3397e-06
**** Number per step (global):
 PP_single   PP_cluster  PP_cross    Cluster     Cross       AR_step_sum
      986.91      13.093           0      6.3989           0      52.396
 AR_tsyn_sum Stab_Ngroup Iso_Ngroup  Form_Ngroup End_Ngroup  Modf_Ngroup Merg_Ngroup H4_step_sum H4_no_NB    Ep-Ep_sum   Ep-Sp_sum  
      2.4092           3           0           1           0           0           0      26.922           2  8.7859e+05       21777
**** Number of members in clusters (global):
N_members:            1           2           3           5
Count    :       986.91      6.1274     0.25977    0.011719

Time: 45  N_real(loc): 1000  N_real(glb): 1000  N_all(loc): 1036  N_all(glb): 1036  N_remove(glb): 0  N_escape(glb): 0
Energy:     Error/Total         Error     Error_cum         Total       Kinetic     Potential        Modify  Modify_group Modify_single      Error_PP  Error_PP_cum
Physic:   -0.0002427956     0.4735457        278.71     -1950.388      2568.684     -4519.072      760.9193             0             0 -3.521842e-06      1.240089
Slowdown:  -0.000289747     0.4735445      278.0072     -1634.338       2499.36     -4133.698      11225.69             0             0 -3.523782e-06      1.166697
Angular Momentum:  |L|err: 0.7226175  |L|err_cum: 84.57494  L: 103.1088   18.95908    -51.38626  |L|: 116.7536
C.M.: mass: 1900 pos: -1.140187   0.753728    0.6877479 vel: -0.09168308   0.03806864    0.007945194
Tree step number: 2048
**** Wallclock time per step (local): [Min/Max]
 Total       PP_single   PP_cluster  PP_cross    Tree_NB     Tree_Force  Force_corr  Kick        FindCluster CreateGroup MPI_comm    Output      Status      Other      
   0.0020785  2.2736e-05  8.8163e-05           0  0.00031874   0.0015456  3.9259e-05  1.7947e-05  4.4826e-05  2.9458e-05  3.2697e-06  3.2109e-06  5.6992e-09  6.8134e-06
   0.0020785  2.2774e-05  8.8207e-05           0   0.0003135   0.0015069  3.9315e-05  1.7981e-05   4.489e-05  2.9497e-05  3.3028e-06   3.211e-06  5.7187e-09  6.9592e-06
**** FDPS tree soft force time profile (local):
 Sample_ptcl Domain_deco Ex_ptcl     SetRootCell Make_LT     Make_LET    Make_GT     Make_Group  Make_I_list Calc_force  Write_back 
           0           0           0  1.9262e-05   0.0003081  4.1409e-05  0.00025141  3.8865e-06  9.8024e-05  0.00068678  7.9235e-05
**** Tree neighbor time profile (local):
 Sample_ptcl Domain_deco Ex_ptcl     SetRootCell Make_LT     Make_LET    Make_GT     Make_Group  Make_I_list Calc_force  Write_back 
           0           0           0  6.2497e-06   0.0001317  1.9828e-05  9.2682e-05  7.5665e-07  1.7238e-05  2.5772e-05  1.0877e-05
**** Number per step (global):
 PP_single   PP_cluster  PP_cross    Cluster     Cross       AR_step_sum
      984.72      15.282           0      7.1328           0      59.953
 AR_tsyn_sum Stab_Ngroup Iso_Ngroup  Form_Ngroup End_Ngroup  Modf_Ngroup Merg_Ngroup H4_step_sum H4_no_NB    Ep-Ep_sum   Ep-Sp_sum  
      5.1216           3           0      1.0054   0.0014648           0           0      41.582      1.5693  8.7511e+05       21844
**** Number of members in clusters (global):
N_members:            1           2           3           4
Count    :       984.72       6.228     0.79297     0.11182

Time: 45.5  N_real(loc): 1000  N_real(glb): 1000  N_all(loc): 1036  N_all(glb): 1036  N_remove(glb): 0  N_escape(glb): 0
Energy:     Error/Total         Error     Error_cum         Total       Kinetic     Potential        Modify  Modify_group Modify_single      Error_PP  Error_PP_cum
Physic:   -0.0002322138     0.4527221      279.1627     -1949.592      2476.183     -4425.775      761.2632             0             0  6.713072e-06      1.240095
Slowdown: -0.0002771404     0.4527203        278.46     -1633.541      2406.862     -4040.403      11542.08             0             0  6.713137e-06      1.166704
Angular Momentum:  |L|err: 0.684914  |L|err_cum: 85.25986  L: 102.2298   18.41336    -52.01674  |L|: 116.1711
C.M.: mass: 1900 pos: -1.18235   0.7583431    0.6884301 vel: -0.08451434   0.02707308    0.03598585
Tree step number: 2048
**** Wallclock time per step (local): [Min/Max]
 Total       PP_single   PP_cluster  PP_cross    Tree_NB     Tree_Force  Force_corr  Kick        FindCluster CreateGroup MPI_comm    Output      Status      Other      
   0.0018971  2.3164e-05   8.535e-05           0  0.00028586   0.0014131   3.301e-05  1.3253e-05  3.8898e-05  3.0886e-05  2.7849e-06  3.2099e-06   4.897e-09  5.7671e-06
   0.0018972  2.3202e-05  8.5395e-05           0  0.00028328   0.0013753  3.3065e-05  1.3287e-05   3.896e-05  3.0909e-05  2.8174e-06  3.2102e-06  4.9116e-09  5.9046e-06
**** FDPS tree soft force time profile (local):
 Sample_ptcl Domain_deco Ex_ptcl     SetRootCell Make_LT     Make_LET    Make_GT     Make_Group  Make_I_list Calc_force  Write_back 
           0           0           0  2.0147e-05  0.00026231  4.1078e-05  0.00021975  3.2681e-06  8.6697e-05   0.0006481  7.7511e-05
**** Tree neighbor time profile (local):
 Sample_ptcl Domain_deco Ex_ptcl     SetRootCell Make_LT     Make_LET    Make_GT     Make_Group  Make_I_list Calc_force  Write_back 
           0           0           0  9.4168e-06  0.00012107  1.6277e-05  8.5619e-05  7.7691e-07  1.7658e-05  2.0757e-05  5.5653e-06
**** Number per step (global):
 PP_single   PP_cluster  PP_cross    Cluster     Cross       AR_step_sum
      985.82      14.184           0      6.6704           0      60.515
 AR_tsyn_sum Stab_Ngroup Iso_Ngroup  Form_Ngroup End_Ngroup  Modf_Ngroup Merg_Ngroup H4_step_sum H4_no_NB    Ep-Ep_sum   Ep-Sp_sum  
      5.3354           3           0      1.0078   0.0019531           0           0       34.09      1.4336  8.8283e+05       22057
**** Number of members in clusters (global):
N_members:            1           2           3           4           5
Count    :       985.82      5.9595     0.60889    0.071777    0.030273

Time: 46  N_real(loc): 1000  N_real(glb): 1000  N_all(loc): 1036  N_all(glb): 1036  N_remove(glb): 0  N_escape(glb): 0
Energy:     Error/Total         Error     Error_cum         Total       Kinetic     Potential        Modify  Modify_group Modify_single      Error_PP  Error_PP_cum
Physic:   -0.0002144595     0.4179505      279.5806     -1948.855      2468.909     -4417.765      761.5817             0             0 -2.474232e-06      1.240093
Slowdown: -0.0002562877     0.4184677      278.8784     -1632.805      2399.591     -4032.396      11858.45             0             0 -2.474213e-06      1.166701
Angular Momentum:  |L|err: 0.6527143  |L|err_cum: 85.91257  L: 101.3907   17.90053    -52.63757  |L|: 115.634
C.M.: mass: 1900 pos: -1.215336   0.7643401    0.708721 vel: -0.08501929   0.05260099    0.01546194
Tree step number: 2048
**** Wallclock time per step (local): [Min/Max]
 Total       PP_single   PP_cluster  PP_cross    Tree_NB     Tree_Force  Force_corr  Kick        FindCluster CreateGroup MPI_comm    Output      Status      Other      
   0.0018867  1.8451e-05  7.6722e-05           0   0.0002827   0.0014287  2.4047e-05  1.1591e-05  3.4979e-05  2.7025e-05  1.8506e-06  3.3066e-06  4.3784e-09   4.427e-06
   0.0018868  1.8488e-05  7.6764e-05           0  0.00027973   0.0014023  2.4101e-05  1.1624e-05  3.5039e-05  2.7047e-05  1.8829e-06  3.3068e-06  4.3931e-09  4.5713e-06
**** FDPS tree soft force time profile (local):
 Sample_ptcl Domain_deco Ex_ptcl     SetRootCell Make_LT     Make_LET    Make_GT     Make_Group  Make_I_list Calc_force  Write_back 
           0           0           0  1.8401e-05  0.00025557  3.3209e-05  0.00019296  3.0972e-06  8.0578e-05  0.00074701  5.4431e-05
**** Tree neighbor time profile (local):
 Sample_ptcl Domain_deco Ex_ptcl     SetRootCell Make_LT     Make_LET    Make_GT     Make_Group  Make_I_list Calc_force  Write_back 
           0           0           0  6.5843e-06  0.00010919  1.7091e-05  8.6647e-05  7.3401e-07  1.5739e-05  2.8585e-05  6.3579e-06
**** Number per step (global):
 PP_single   PP_cluster  PP_cross    Cluster     Cross       AR_step_sum
      984.14      15.858           0      7.3784           0       57.26
 AR_tsyn_sum Stab_Ngroup Iso_Ngroup  Form_Ngroup End_Ngroup  Modf_Ngroup Merg_Ngroup H4_step_sum H4_no_NB    Ep-Ep_sum   Ep-Sp_sum  
      4.1001           3           0      1.0107   0.0029297           0           0      43.602      1.6372     8.9e+05       21777
**** Number of members in clusters (global):
N_members:            1           2           3           4           5           6           7
Count    :       984.14       6.604     0.59277    0.094727    0.048828    0.017578    0.020508

Time: 46.5  N_real(loc): 1000  N_real(glb): 1000  N_all(loc): 1036  N_all(glb): 1036  N_remove(glb): 0  N_escape(glb): 0
Energy:     Error/Total         Error     Error_cum         Total       Kinetic     Potential        Modify  Modify_group Modify_single      Error_PP  Error_PP_cum
Physic:   -0.0001959579     0.3817607      279.9624     -1948.177      2629.016     -4577.193      761.8783             0             0  1.107775e-06      1.240094
Slowdown: -0.0002340888     0.3820624      279.2605     -1632.126        2559.7     -4191.827       12174.8             0             0   1.10768e-06      1.166702
Angular Momentum:  |L|err: 0.6229806  |L|err_cum: 86.53555  L: 100.5896   17.41793    -53.24689  |L|: 115.1385
C.M.: mass: 1900 pos: -1.257836   0.7796585    0.7139142 vel: -0.07633798   0.03220873    0.02283407
Tree step number: 2048
**** Wallclock time per step (local): [Min/Max]
 Total       PP_single   PP_cluster  PP_cross    Tree_NB     Tree_Force  Force_corr  Kick        FindCluster CreateGroup MPI_comm    Output      Status      Other      
   0.0026588  3.5434e-05  0.00011422           0  0.00041813   0.0019514  7.0948e-05  3.6884e-05  6.4626e-05   3.739e-05  3.1014e-06  4.5152e-06  7.4312e-09  9.1648e-06
   0.0026588  3.5474e-05  0.00011429           0  0.00041114   0.0018689  7.1012e-05   3.692e-05  6.4699e-05  3.7426e-05  3.1476e-06  4.5154e-06  7.4556e-09  9.3127e-06
**** FDPS tree soft force time profile (local):
 Sample_ptcl Domain_deco Ex_ptcl     SetRootCell Make_LT     Make_LET    Make_GT     Make_Group  Make_I_list Calc_force  Write_back 
           0           0           0   2.902e-05  0.00037556  4.1625e-05  0.00029583  5.3977e-06  7.5014e-05  0.00089546  0.00016693
**** Tree neighbor time profile (local):
 Sample_ptcl Domain_deco Ex_ptcl     SetRootCell Make_LT     Make_LET    Make_GT     Make_Group  Make_I_list Calc_force  Write_back 
           0           0           0  1.6908e-05  0.00014208  2.8009e-05  0.00012277  6.3962e-07  2.4568e-05  6.4809e-05  1.4437e-05
**** Number per step (global):
 PP_single   PP_cluster  PP_cross    Cluster     Cross       AR_step_sum
      983.84      16.159           0      7.5537           0      64.705
 AR_tsyn_sum Stab_Ngroup Iso_Ngroup  Form_Ngroup End_Ngroup  Modf_Ngroup Merg_Ngroup H4_step_sum H4_no_NB    Ep-Ep_sum   Ep-Sp_sum  
      6.9077           3           0      1.0049   0.0014648           0           0      45.365      1.4668  9.1242e+05       17748
**** Number of members in clusters (global):
N_members:            1           2           3           4           5           6
Count    :       983.84      6.7979     0.51758     0.19336    0.032227    0.012695

Time: 47  N_real(loc): 1000  N_real(glb): 1000  N_all(loc): 1036  N_all(glb): 1036  N_remove(glb): 0  N_escape(glb): 0
Energy:     Error/Total         Error     Error_cum         Total       Kinetic     Potential        Modify  Modify_group Modify_single      Error_PP  Error_PP_cum
Physic:   -0.0001730459     0.3370177      280.2994     -1947.563      2668.269     -4615.831      762.1554             0             0  3.991952e-06      1.240098
Slowdown: -0.0002065681     0.3370184      279.5975     -1631.512      2598.956     -4230.468      12491.13             0             0  3.992848e-06      1.166706
Angular Momentum:  |L|err: 0.5945772  |L|err_cum: 87.13013  L: 99.82243   16.96352    -53.84912  |L|: 114.6822
C.M.: mass: 1900 pos: -1.289151   0.7857493    0.7370559 vel: -0.04107386   -0.00889922    0.03472649
Tree step number: 2048
**** Wallclock time per step (local): [Min/Max]
 Total       PP_single   PP_cluster  PP_cross    Tree_NB     Tree_Force  Force_corr  Kick        FindCluster CreateGroup MPI_comm    Output      Status      Other      
   0.0021392  2.3343e-05  0.00012836           0  0.00035217   0.0015269  5.4727e-05  2.6327e-05  5.6025e-05  3.2293e-05  2.1229e-06  3.5671e-06  8.2285e-09  9.2494e-06
   0.0021393  2.3397e-05  0.00012841           0  0.00034421   0.0014561  5.4802e-05  2.6362e-05  5.6091e-05  3.2315e-05   2.155e-06  3.5672e-06   8.248e-09  9.3517e-06
**** FDPS tree soft force time profile (local):
 Sample_ptcl Domain_deco Ex_ptcl     SetRootCell Make_LT     Make_LET    Make_GT     Make_Group  Make_I_list Calc_force  Write_back 
           0           0           0  1.9589e-05  0.00030087  4.0887e-05  0.00021351  4.1759e-06  6.1987e-05  0.00068701  0.00014327
**** Tree neighbor time profile (local):
 Sample_ptcl Domain_deco Ex_ptcl     SetRootCell Make_LT     Make_LET    Make_GT     Make_Group  Make_I_list Calc_force  Write_back 
           0           0           0   1.336e-05  0.00012201   1.969e-05  8.6963e-05  4.9029e-07  1.7541e-05  6.7556e-05  1.6381e-05
**** Number per step (global):
 PP_single   PP_cluster  PP_cross    Cluster     Cross       AR_step_sum
      983.62      16.376           0       7.439           0      78.277
 AR_tsyn_sum Stab_Ngroup Iso_Ngroup  Form_Ngroup End_Ngroup  Modf_Ngroup Merg_Ngroup H4_step_sum H4_no_NB    Ep-Ep_sum   Ep-Sp_sum  
      11.867           3           0     0.99805           0           0           0       49.72     0.45117  9.3971e+05       14362
**** Number of members in clusters (global):
N_members:            1           2           3           4           5           6
Count    :       983.62      6.4946     0.49854     0.34814    0.086914    0.010742

Time: 47.5  N_real(loc): 1000  N_real(glb): 1000  N_all(loc): 1036  N_all(glb): 1036  N_remove(glb): 0  N_escape(glb): 0
Energy:     Error/Total         Error     Error_cum         Total       Kinetic     Potential        Modify  Modify_group Modify_single      Error_PP  Error_PP_cum
Physic:    -0.000164857     0.3209739      280.6204     -1946.984      2494.064     -4441.047      762.4136             0             0 -0.0001643575      1.239934
Slowdown: -0.0001968804     0.3210988      279.9186     -1630.933      2424.754     -4055.687      12807.44             0             0 -0.0001650488      1.166541
Angular Momentum:  |L|err: 0.5705918  |L|err_cum: 87.70072  L: 99.08672   16.53342    -54.44088  |L|: 114.26
C.M.: mass: 1900 pos: -1.3012   0.7717258    0.7621238 vel: -0.03178828   0.0185291    0.06869633
Tree step number: 2048
**** Wallclock time per step (local): [Min/Max]
 Total       PP_single   PP_cluster  PP_cross    Tree_NB     Tree_Force  Force_corr  Kick        FindCluster CreateGroup MPI_comm    Output      Status      Other      
   0.0021286  1.8097e-05  0.00019595           0  0.00035286   0.0014128  3.9906e-05  1.9316e-05  7.9224e-05  3.3724e-05  3.4294e-06  5.0286e-06  4.1191e-09  1.1015e-05
   0.0021286  1.8134e-05  0.00019602           0  0.00034785   0.0013716  3.9976e-05   1.935e-05  7.9296e-05  3.3746e-05  3.4621e-06  5.0288e-06  4.1338e-09  1.1109e-05
**** FDPS tree soft force time profile (local):
 Sample_ptcl Domain_deco Ex_ptcl     SetRootCell Make_LT     Make_LET    Make_GT     Make_Group  Make_I_list Calc_force  Write_back 
           0           0           0  1.7947e-05  0.00031922  3.6742e-05  0.00023195  2.7876e-06  7.0658e-05  0.00057284  8.4242e-05
**** Tree neighbor time profile (local):
 Sample_ptcl Domain_deco Ex_ptcl     SetRootCell Make_LT     Make_LET    Make_GT     Make_Group  Make_I_list Calc_force  Write_back 
           0           0           0  8.9612e-06  0.00012986  2.4967e-05  0.00010341  5.1398e-07  1.7457e-05  4.6775e-05  1.0451e-05
**** Number per step (global):
 PP_single   PP_cluster  PP_cross    Cluster     Cross       AR_step_sum
      983.67      16.335           0      6.5811           0       86.65
 AR_tsyn_sum Stab_Ngroup Iso_Ngroup  Form_Ngroup End_Ngroup  Modf_Ngroup Merg_Ngroup H4_step_sum H4_no_NB    Ep-Ep_sum   Ep-Sp_sum  
      15.759           3           0     0.77148   0.0029297           0           0       65.65    0.070801   9.544e+05       10992
**** Number of members in clusters (global):
N_members:            1           2           3           4           5           6           7           8           9
Count    :       983.67      5.4053     0.33398     0.29541      0.2168     0.18262    0.042969    0.075684     0.02832

Time: 48  N_real(loc): 1000  N_real(glb): 1000  N_all(loc): 1036  N_all(glb): 1036  N_remove(glb): 0  N_escape(glb): 0
Energy:     Error/Total         Error     Error_cum         Total       Kinetic     Potential        Modify  Modify_group Modify_single      Error_PP  Error_PP_cum
Physic:   -0.0001673209      0.325676      280.9461     -1946.415      2742.305      -4688.72      762.6563             0             0 -0.0003137074       1.23962
Slowdown:    -0.0001999     0.3259099      280.2445     -1630.365      2672.999     -4303.363      13123.73             0             0 -0.0003137073      1.166228
Angular Momentum:  |L|err: 0.54889  |L|err_cum: 88.24961  L: 98.37951   16.12656    -55.01864  |L|: 113.8668
C.M.: mass: 1900 pos: -1.325295   0.7933592    0.7913542 vel: -0.07586357   0.08438591    0.04639747
Tree step number: 2048
**** Wallclock time per step (local): [Min/Max]
 Total       PP_single   PP_cluster  PP_cross    Tree_NB     Tree_Force  Force_corr  Kick        FindCluster CreateGroup MPI_comm    Output      Status      Other      
   0.0023307  2.4491e-05  0.00017638           0  0.00038088   0.0015949  5.0602e-05  2.5209e-05  8.8399e-05  3.7526e-05  3.2822e-06   4.062e-06  5.3521e-09  1.4525e-05
   0.0023309  2.4529e-05  0.00017644           0  0.00037552   0.0015279  5.0661e-05  2.5243e-05   8.848e-05  3.7548e-05  3.3222e-06  4.0621e-06  5.3716e-09   1.463e-05
**** FDPS tree soft force time profile (local):
 Sample_ptcl Domain_deco Ex_ptcl     SetRootCell Make_LT     Make_LET    Make_GT     Make_Group  Make_I_list Calc_force  Write_back 
           0           0           0  2.1581e-05  0.00038436  3.7847e-05  0.00024559  2.7131e-06  7.8293e-05  0.00060878  0.00013564
**** Tree neighbor time profile (local):
 Sample_ptcl Domain_deco Ex_ptcl     SetRootCell Make_LT     Make_LET    Make_GT     Make_Group  Make_I_list Calc_force  Write_back 
           0           0           0  1.8634e-05  0.00014522  2.1291e-05  0.00011062  5.5429e-07  2.0225e-05   4.903e-05  1.1209e-05
**** Number per step (global):
 PP_single   PP_cluster  PP_cross    Cluster     Cross       AR_step_sum
      983.85      16.145           0      6.5835           0       79.14
 AR_tsyn_sum Stab_Ngroup Iso_Ngroup  Form_Ngroup End_Ngroup  Modf_Ngroup Merg_Ngroup H4_step_sum H4_no_NB    Ep-Ep_sum   Ep-Sp_sum  
      13.315           3           0     0.61816    0.003418           0           0       75.69    0.089844  9.6649e+05      8177.1
**** Number of members in clusters (global):
N_members:            1           2           3           4           5           6           7           8
Count    :       983.85      5.4067     0.10449     0.68164     0.18115     0.10547    0.079102    0.024902

Time: 48.5  N_real(loc): 1000  N_real(glb): 1000  N_all(loc): 1048  N_all(glb): 1048  N_remove(glb): 0  N_escape(glb): 0
Energy:     Error/Total         Error     Error_cum         Total       Kinetic     Potential        Modify  Modify_group Modify_single      Error_PP  Error_PP_cum
Physic:    -0.003868542      7.421251      288.3673     -1918.359       3645.35     -5563.708      783.2916             0             0   0.004902117      1.244522
Slowdown:  -0.006426228      7.473932      287.7184     -1163.036      2735.849     -3898.885      13899.63             0             0  -0.005111728      1.161116
Angular Momentum:  |L|err: 15.89014  |L|err_cum: 104.1397  L: 84.27523   4.479279    -61.41875  |L|: 104.3774
C.M.: mass: 1900 pos: -1.385154   0.8448863    0.8089654 vel: -0.1480866   0.07667147    0.02697352
Tree step number: 2048
**** Wallclock time per step (local): [Min/Max]
 Total       PP_single   PP_cluster  PP_cross    Tree_NB     Tree_Force  Force_corr  Kick        FindCluster CreateGroup MPI_comm    Output      Status      Other      
   0.0017273  2.5083e-05  0.00010923           0  0.00028305   0.0012051  3.9213e-05  1.6931e-05  4.9714e-05  2.6398e-05  3.6213e-06   5.348e-06  3.4541e-09  6.1152e-06
   0.0017273   2.512e-05  0.00010928           0  0.00027934   0.0011634   3.927e-05  1.6975e-05  4.9774e-05  2.6419e-05  3.6545e-06  5.3482e-06  3.4736e-09  6.2306e-06
**** FDPS tree soft force time profile (local):
 Sample_ptcl Domain_deco Ex_ptcl     SetRootCell Make_LT     Make_LET    Make_GT     Make_Group  Make_I_list Calc_force  Write_back 
           0           0           0  1.9068e-05  0.00026554  3.7576e-05    0.000192  4.0365e-06  6.0811e-05  0.00049228  8.4949e-05
**** Tree neighbor time profile (local):
 Sample_ptcl Domain_deco Ex_ptcl     SetRootCell Make_LT     Make_LET    Make_GT     Make_Group  Make_I_list Calc_force  Write_back 
           0           0           0  6.2415e-06  0.00010473  1.7503e-05   8.659e-05  5.2638e-07  1.4817e-05  3.3073e-05  7.8199e-06
**** Number per step (global):
 PP_single   PP_cluster  PP_cross    Cluster     Cross       AR_step_sum
      984.88      15.124           0      6.7734           0        67.5
 AR_tsyn_sum Stab_Ngroup Iso_Ngroup  Form_Ngroup End_Ngroup  Modf_Ngroup Merg_Ngroup H4_step_sum H4_no_NB    Ep-Ep_sum   Ep-Sp_sum  
      6.4531      3.7456           0     0.14697   0.0063477           0           0      51.603    0.021973  9.7423e+05      9273.3
**** Number of members in clusters (global):
N_members:            1           2           3           4           5           6           7
Count    :       984.88      5.6548     0.84082     0.15137    0.098145   0.0029297    0.025391

Time: 49  N_real(loc): 1000  N_real(glb): 1000  N_all(loc): 1048  N_all(glb): 1048  N_remove(glb): 0  N_escape(glb): 0
Energy:     Error/Total         Error     Error_cum         Total       Kinetic     Potential        Modify  Modify_group Modify_single      Error_PP  Error_PP_cum
Physic:   -0.0008985382      1.720369      290.0877     -1914.631      3228.512     -5143.142      785.2992             0             0  0.0002655249      1.244788
Slowdown:  -0.001480045      1.715825      289.4343     -1159.306      2318.782     -3478.089      14656.97             0             0 -4.264038e-06      1.161112
Angular Momentum:  |L|err: 11.98474  |L|err_cum: 116.1245  L: 74.72394   -4.100313    -65.12102  |L|: 99.20296
C.M.: mass: 1900 pos: -1.460599   0.8828239    0.8286323 vel: -0.1185748   0.04803413    0.04501259
Tree step number: 2048
**** Wallclock time per step (local): [Min/Max]
 Total       PP_single   PP_cluster  PP_cross    Tree_NB     Tree_Force  Force_corr  Kick        FindCluster CreateGroup MPI_comm    Output      Status      Other      
   0.0022488  2.9032e-05  7.1959e-05           0  0.00041614   0.0016098  5.4348e-05  3.3895e-05  4.4702e-05  4.0256e-05  1.3466e-06  3.3216e-06  4.3394e-09  3.0028e-06
   0.0022488   2.907e-05   7.202e-05           0  0.00040743   0.0015568  5.4418e-05   3.393e-05  4.4771e-05  4.0279e-05  1.3788e-06  3.3217e-06  4.3589e-09  3.1043e-06
**** FDPS tree soft force time profile (local):
 Sample_ptcl Domain_deco Ex_ptcl     SetRootCell Make_LT     Make_LET    Make_GT     Make_Group  Make_I_list Calc_force  Write_back 
           0           0           0  2.2639e-05  0.00032579  3.5281e-05  0.00030234  2.7585e-06  6.6635e-05  0.00069193  0.00010788
**** Tree neighbor time profile (local):
 Sample_ptcl Domain_deco Ex_ptcl     SetRootCell Make_LT     Make_LET    Make_GT     Make_Group  Make_I_list Calc_force  Write_back 
           0           0           0  1.6945e-05  0.00014439  2.3793e-05  0.00011998  5.0567e-07  1.5899e-05  7.0545e-05  1.7906e-05
**** Number per step (global):
 PP_single   PP_cluster  PP_cross    Cluster     Cross       AR_step_sum
      986.38      13.618           0      6.7075           0      54.516
 AR_tsyn_sum Stab_Ngroup Iso_Ngroup  Form_Ngroup End_Ngroup  Modf_Ngroup Merg_Ngroup H4_step_sum H4_no_NB    Ep-Ep_sum   Ep-Sp_sum  
     0.18457           4           0   0.0043945  0.00097656           0           0      28.008   0.0048828  9.8279e+05      8969.8
**** Number of members in clusters (global):
N_members:            1           2           3
Count    :       986.38      6.5049     0.20264

Time: 49.5  N_real(loc): 1000  N_real(glb): 1000  N_all(loc): 1048  N_all(glb): 1048  N_remove(glb): 0  N_escape(glb): 0
Energy:     Error/Total         Error     Error_cum         Total       Kinetic     Potential        Modify  Modify_group Modify_single      Error_PP  Error_PP_cum
Physic:   -0.0001719778     0.3287868      290.4165     -1911.798      5687.105     -7598.903      787.8032             0             0   -0.01034677      1.234441
Slowdown: -0.0002936882     0.3392057      289.7735     -1154.986      2795.614       -3950.6      15416.28             0             0   -0.01648285      1.144629
Angular Momentum:  |L|err: -6.419741  |L|err_cum: 109.7047  L: 78.96048   1.085161    -62.96377  |L|: 100.9969
C.M.: mass: 1900 pos: -1.520922   0.9157779    0.8434189 vel: -0.08976246   0.05117213    0.02486085
Tree step number: 2048
**** Wallclock time per step (local): [Min/Max]
 Total       PP_single   PP_cluster  PP_cross    Tree_NB     Tree_Force  Force_corr  Kick        FindCluster CreateGroup MPI_comm    Output      Status      Other      
   0.0020675  2.1008e-05  9.8341e-05           0  0.00037568   0.0014755  4.0627e-05  1.7797e-05  4.4629e-05  4.2069e-05  1.9435e-06  3.0962e-06  5.4644e-09  4.4375e-06
   0.0020675  2.1046e-05  9.8387e-05           0   0.0003699   0.0014214  4.0687e-05  1.7833e-05  4.4697e-05  4.2092e-05  1.9889e-06  3.0964e-06  5.4839e-09  4.5413e-06
**** FDPS tree soft force time profile (local):
 Sample_ptcl Domain_deco Ex_ptcl     SetRootCell Make_LT     Make_LET    Make_GT     Make_Group  Make_I_list Calc_force  Write_back 
           0           0           0  1.7889e-05  0.00032059  3.3666e-05  0.00023236   3.171e-06  6.1104e-05  0.00063462  0.00010987
**** Tree neighbor time profile (local):
 Sample_ptcl Domain_deco Ex_ptcl     SetRootCell Make_LT     Make_LET    Make_GT     Make_Group  Make_I_list Calc_force  Write_back 
           0           0           0  8.7605e-06  0.00013297  2.6014e-05  0.00010195   4.811e-07  1.9293e-05   6.449e-05  1.2008e-05
**** Number per step (global):
 PP_single   PP_cluster  PP_cross    Cluster     Cross       AR_step_sum
      986.38      13.617           0      6.6079           0      67.889
 AR_tsyn_sum Stab_Ngroup Iso_Ngroup  Form_Ngroup End_Ngroup  Modf_Ngroup Merg_Ngroup H4_step_sum H4_no_NB    Ep-Ep_sum   Ep-Sp_sum  
      5.3584           4           0   0.0097656   0.0019531   0.0058594           0      32.677     0.01123  9.7463e+05      9766.9
**** Number of members in clusters (global):
N_members:            1           2           3           4
Count    :       986.38      6.3086     0.19775     0.10156

Time: 50  N_real(loc): 1000  N_real(glb): 1000  N_all(loc): 1048  N_all(glb): 1048  N_remove(glb): 0  N_escape(glb): 0
Energy:     Error/Total         Error     Error_cum         Total       Kinetic     Potential        Modify  Modify_group Modify_single      Error_PP  Error_PP_cum
Physic:    -0.001456043      2.781526       293.198     -1910.333      2886.192     -4796.525      786.4869             0             0   0.007287037      1.241728
Slowdown:  -0.002399206      2.767522       292.541     -1153.516      2361.323     -3514.839      16171.79             0             0  -0.001758861       1.14287
Angular Momentum:  |L|err: -20.51332  |L|err_cum: 89.19142  L: 93.80752   17.47351    -56.32669  |L|: 110.8055
C.M.: mass: 1900 pos: -1.563038   0.9559724    0.8510944 vel: -0.0761872   0.0544656    0.01637681
Tree step number: 2048
**** Wallclock time per step (local): [Min/Max]
 Total       PP_single   PP_cluster  PP_cross    Tree_NB     Tree_Force  Force_corr  Kick        FindCluster CreateGroup MPI_comm    Output      Status      Other      
   0.0018697   2.221e-05  9.7334e-05           0  0.00031554   0.0013503  3.0074e-05  1.6488e-05  4.0736e-05   2.554e-05  2.2505e-06  3.2511e-06  5.9341e-09  6.0418e-06
   0.0018697  2.2249e-05   9.738e-05           0   0.0003111   0.0013124   3.013e-05  1.6524e-05    4.08e-05  2.5561e-05  2.2831e-06  3.2512e-06  5.9492e-09  6.1506e-06
**** FDPS tree soft force time profile (local):
 Sample_ptcl Domain_deco Ex_ptcl     SetRootCell Make_LT     Make_LET    Make_GT     Make_Group  Make_I_list Calc_force  Write_back 
           0           0           0  2.2313e-05  0.00028333  4.5171e-05  0.00019836  3.2917e-06  6.5929e-05  0.00060421  7.7513e-05
**** Tree neighbor time profile (local):
 Sample_ptcl Domain_deco Ex_ptcl     SetRootCell Make_LT     Make_LET    Make_GT     Make_Group  Make_I_list Calc_force  Write_back 
           0           0           0   7.579e-06  0.00010928  1.7422e-05  9.0929e-05  5.3633e-07  1.8084e-05   4.773e-05  9.2919e-06
**** Number per step (global):
 PP_single   PP_cluster  PP_cross    Cluster     Cross       AR_step_sum
      986.57      13.427           0      6.4961           0      67.557
 AR_tsyn_sum Stab_Ngroup Iso_Ngroup  Form_Ngroup End_Ngroup  Modf_Ngroup Merg_Ngroup H4_step_sum H4_no_NB    Ep-Ep_sum   Ep-Sp_sum  
      4.8921           4           0   0.0073242   0.0024414           0           0      35.519   0.0087891  9.6662e+05       10060
**** Number of members in clusters (global):
N_members:            1           2           3           4           5
Count    :       986.57      6.1885     0.23633    0.015625    0.055664
MemoryPool::finalize() is completed!
******** FDPS has successfully finished. ********
Info: removed 4 empty tmp file(s) on exit.
