0 1000 0
1 0.132928947136821 1.14194873329119 -0.203772321652339 -0.884672558361377 0.223462507181614 -2.44357676846139 0 0 1 0 0 0 0 0 0 0 0 0 0
1 0.0602368155050161 -0.486472000965355 -0.0610153649543917 0.969831862097176 1.04448305586292 -0.605413093965827 0 0 2 0 0 0 0 0 0 0 0 0 0
1 -0.594347327272582 0.0065373137376302 0.479521005892067 0.52580833481155 0.784237230523001 0.173041242101049 0 0 3 0 0 0 0 0 0 0 0 0 0
1 -1.02868282969401 1.19301154108828 0.449942782945263 0.265114440795188 -2.51264902793086 1.85292823241106 0 0 4 0 0 0 0 0 0 0 0 0 0
1 -0.10070615128943 -0.972565047808198 -0.417434198818909 -3.05706185305553 -1.15693327718715 2.28958314853254 0 0 5 0 0 0 0 0 0 0 0 0 0
1 0.713143971314811 0.360598247543292 -0.984277198985555 1.07189365408839 -1.01222401517273 2.29615684768372 0 0 6 0 0 0 0 0 0 0 0 0 0
1 0.288313786751473 0.566866327160286 0.42822088009117 0.213000949661098 2.21949886761047 0.468403615963827 0 0 7 0 0 0 0 0 0 0 0 0 0
1 -0.0326610374387467 0.127611251563064 0.318472632543708 1.40778292799605 -0.0739450146341743 1.95653366759697 0 0 8 0 0 0 0 0 0 0 0 0 0
1 -1.94275030169782 0.0804918051519076 -4.07896689403723 0.124564943553059 0.821548758772263 1.67650519190262 0 0 9 0 0 0 0 0 0 0 0 0 0
1 -0.721438048196196 -0.187554471847754 0.516399626939407 -1.55928114461167 -0.303040153944828 -1.30205190994483 0 0 10 0 0 0 0 0 0 0 0 0 0
1 -0.121130850133521 0.936571776242506 -0.200612599429137 0.717056370411842 -0.305535879927808 1.16529335088272 0 0 11 0 0 0 0 0 0 0 0 0 0
1 -0.0438648600939731 -0.223154703979199 -0.159317853280371 -1.80212324442311 -0.0330053664536727 2.73865478930909 0 0 12 0 0 0 0 0 0 0 0 0 0
1 -1.08093685014571 -1.71565209345658 5.04903728407225 -1.98547378461634 -0.890364356076186 -0.529774130897392 0 0 13 0 0 0 0 0 0 0 0 0 0
1 -0.227018452312743 0.571488649896173 -0.80010504685297 2.14128514873864 -0.573278176902495 -0.383316951932626 0 0 14 0 0 0 0 0 0 0 0 0 0
1 0.324055081453201 -1.5246225304775 0.833170156915164 1.32917151358918 -1.07999887604603 1.03541691305608 0 0 15 0 0 0 0 0 0 0 0 0 0
1 -0.290438113365112 0.477431739520981 -0.523112275901844 4.69737822926984 1.11053574748704 1.32003167165421 0 0 16 0 0 0 0 0 0 0 0 0 0
1 -0.246465899765594 -0.0908097244631364 0.550882010027502 1.09183330816233 -1.27675281879699 -1.87815207621204 0 0 17 0 0 0 0 0 0 0 0 0 0
1 -0.290812105554665 -0.72645021507659 0.393746165232224 1.83421293641772 -0.920714303195313 0.984503760688661 0 0 18 0 0 0 0 0 0 0 0 0 0
1 0.0718378740923383 -0.306453169570531 0.0103316971026586 3.16493115982362 -1.91634798480336 0.6919750991848 0 0 19 0 0 0 0 0 0 0 0 0 0
1 0.548847804458961 -0.0178673254397189 -0.982182288220824 -2.28207911123837 1.61406896967109 -1.81875169790922 0 0 20 0 0 0 0 0 0 0 0 0 0
1 0.0051306322429946 0.282247383533465 0.360799003992626 -3.3438694905442 3.41829096820461 0.725460898789496 0 0 21 0 0 0 0 0 0 0 0 0 0
1 -0.126305173564355 -0.413484864543891 -0.273549983066372 3.18549942074006 -1.52729424759556 0.107407780400343 0 0 22 0 0 0 0 0 0 0 0 0 0
1 1.04419281729644 -1.24387830110054 -1.04640631659112 0.186451420595213 1.38798415532178 0.383195926120711 0 0 23 0 0 0 0 0 0 0 0 0 0
1 0.411096252329972 -0.189342111436534 0.043207288442735 -0.969985359573144 5.68641314471835 1.6923084739909 0 0 24 0 0 0 0 0 0 0 0 0 0
1 0.241472867981761 0.210139230526466 -0.681295699017867 0.616254693696499 -1.49922992159562 1.0844061289141 0 0 25 0 0 0 0 0 0 0 0 0 0
1 1.20425305986989 0.388124579304539 -0.263678168296488 1.33685978367746 -2.79936959920643 -1.11939626482083 0 0 26 0 0 0 0 0 0 0 0 0 0
1 1.91773613128341 0.121992308478106 0.264574859021325 -0.178202674736192 -1.10595750270866 -1.13204716169262 0 0 27 0 0 0 0 0 0 0 0 0 0
1 4.00699727030624 -2.78456822478939 1.88550569385283 1.66226943260104 -1.18627107148461 0.149197027236467 0 0 28 0 0 0 0 0 0 0 0 0 0
1 0.50701413561 0.219125892492349 0.05227244803836 -1.11295346612242 0.900413606961149 3.54604548530576 0 0 29 0 0 0 0 0 0 0 0 0 0
1 0.820758339202274 0.378370168197318 -0.323800916335158 1.94409817478997 -1.50910968852509 -0.504794037722982 0 0 30 0 0 0 0 0 0 0 0 0 0
1 0.749262726973408 -0.55082204157625 -0.0091579453193769 -1.98885729349947 -2.57988051670589 -1.54223630274496 0 0 31 0 0 0 0 0 0 0 0 0 0
1 -0.440428291823885 0.712628953154761 -0.104146641003016 2.64689218434121 -1.23261034065472 -0.914026116260178 0 0 32 0 0 0 0 0 0 0 0 0 0
1 6.07202505139129 0.153137541940844 2.93410655340288 1.00441944167201 0.0622981232286387 -0.216061139813658 0 0 33 0 0 0 0 0 0 0 0 0 0
1 0.497116206061858 0.825590727098418 -0.0618042485392649 2.88829747085029 -1.70549457248371 1.24878159721086 0 0 34 0 0 0 0 0 0 0 0 0 0
1 0.535731046507492 0.0091715911403238 0.280248141621692 -0.471906151124465 -0.499447859130004 1.31107797332115 0 0 35 0 0 0 0 0 0 0 0 0 0
1 -1.63620374511293 -5.63904522307154 -8.72800486226642 -0.850937156395388 -0.39972460135181 -0.258022795364233 0 0 36 0 0 0 0 0 0 0 0 0 0
1 0.402651499772936 -1.30006924457345 -0.890822528500078 0.0584257691423788 -0.814521759205333 -1.28053422469356 0 0 37 0 0 0 0 0 0 0 0 0 0
1 0.0600547076200608 0.0609419953084087 0.277774674264337 -4.13627249525376 -1.08106477778538 -3.25009720178704 0 0 38 0 0 0 0 0 0 0 0 0 0
1 -0.99264128854269 0.581488200560282 1.15731845618654 1.59379188006101 0.0540885563661959 0.651471691149138 0 0 39 0 0 0 0 0 0 0 0 0 0
1 -0.458222550338049 -0.238245721443064 0.180918588945658 -0.0431203263600336 0.923760481664783 -0.565136202996734 0 0 40 0 0 0 0 0 0 0 0 0 0
1 -0.31934154612295 -0.237066404574497 -0.549238004443322 1.39792988090622 -1.27961020861217 0.0133118466103318 0 0 41 0 0 0 0 0 0 0 0 0 0
1 -0.607989238999744 -0.5339604324171 0.326766722248524 2.99922235881141 1.13700186924517 -0.773118144020692 0 0 42 0 0 0 0 0 0 0 0 0 0
1 -0.0722412913858958 0.485405666929468 0.0752308778625695 -3.2630763456704 0.286652905922708 -2.09312218310173 0 0 43 0 0 0 0 0 0 0 0 0 0
1 0.720960544003875 -4.07698915567365 -0.039360743642974 0.064222203060886 0.738582672205593 -0.989250389944296 0 0 44 0 0 0 0 0 0 0 0 0 0
1 -0.587167004133559 -0.734189980195765 0.352954672451105 1.43299798789642 0.864090797065551 -0.17379063115395 0 0 45 0 0 0 0 0 0 0 0 0 0
1 0.207885643218342 -0.871780344622891 0.668071103542897 2.621231364314 3.29340769799947 0.716962006190935 0 0 46 0 0 0 0 0 0 0 0 0 0
1 0.39101332938982 0.496994053600086 -0.206009656036676 3.34598107166045 -1.46584272282135 0.764266358565985 0 0 47 0 0 0 0 0 0 0 0 0 0
1 -0.653056047477895 -0.545474784595657 1.32956774731006 0.879702358835692 -0.145213545717098 2.02101411617969 0 0 48 0 0 0 0 0 0 0 0 0 0
1 -0.144910784642933 0.0870548507488546 0.225800398538161 0.0909814277308229 -1.23833817417737 1.1104888062527 0 0 49 0 0 0 0 0 0 0 0 0 0
1 -0.57995267775238 0.179360735683027 0.500521502190728 -0.382747650311395 1.06001922556631 5.40156163790082 0 0 50 0 0 0 0 0 0 0 0 0 0
1 3.98434036106012 -0.925350770882156 -5.94179389631251 -0.163254397819734 -0.357022690679347 0.0747428819969158 0 0 51 0 0 0 0 0 0 0 0 0 0
1 1.07657625006562 0.460025727694015 0.226669829649713 1.39767476042411 -1.83871884758134 2.07046878060315 0 0 52 0 0 0 0 0 0 0 0 0 0
1 0.437830247588376 -0.621920510738844 -0.679563848062588 -0.415464682954511 -1.17310716827227 1.25429082604187 0 0 53 0 0 0 0 0 0 0 0 0 0
1 2.79363158744227 6.59630289445686 -1.36736986150387 -1.26410695918446 0.613693104533302 -0.135535287919199 0 0 54 0 0 0 0 0 0 0 0 0 0
1 -0.0672371479924257 -0.815203349371239 -0.635086125069544 0.143936221109172 -3.99092035711195 1.98150674151108 0 0 55 0 0 0 0 0 0 0 0 0 0
1 -0.0801392423134489 0.439016123147885 -0.0566765994852632 -0.97194605147292 4.15535084014473 -0.31164406476688 0 0 56 0 0 0 0 0 0 0 0 0 0
1 -2.19095176680664 8.26519785604261 -1.77263133690136 0.480554954094911 -0.591875486531145 0.362805739799337 0 0 57 0 0 0 0 0 0 0 0 0 0
1 0.31091431823677 -0.240343264151386 -0.152339634105956 1.31942029431234 0.392756937608469 1.92197539137386 0 0 58 0 0 0 0 0 0 0 0 0 0
1 -0.897670849489179 -0.029236492375782 0.27547961950152 -0.150016215938037 2.43162529368416 -1.75296317188058 0 0 59 0 0 0 0 0 0 0 0 0 0
1 4.44996935533089 -2.44591016393041 -1.33041517549377 -0.861178225056251 1.6379998021817 -1.06811102888404 0 0 60 0 0 0 0 0 0 0 0 0 0
1 -0.0593353337669617 0.175101075414722 -0.179914830709348 -2.21222770987939 -0.523875211652087 -2.2844644228994 0 0 61 0 0 0 0 0 0 0 0 0 0
1 0.625459882250935 -0.117094672436134 -0.335719836226417 0.508941142910973 -0.872304183248779 1.98864914548787 0 0 62 0 0 0 0 0 0 0 0 0 0
1 0.397962060409398 2.61718746442655 3.09623818850332 -0.709210070633369 -0.0546669385420873 0.53823640338587 0 0 63 0 0 0 0 0 0 0 0 0 0
1 -0.696797245760241 -0.683395883677775 0.012947275730023 0.17846417104193 -1.45248645246316 1.98725299987184 0 0 64 0 0 0 0 0 0 0 0 0 0
1 0.380982122321884 0.191461858463742 -0.155096488590074 2.05241258637272 2.36896146031314 1.74590263658153 0 0 65 0 0 0 0 0 0 0 0 0 0
1 0.247816362797702 0.387694937713797 -1.31798607002452 -0.705014128346071 -1.78442970925674 -1.39750964587925 0 0 66 0 0 0 0 0 0 0 0 0 0
1 0.11395781579412 1.30351015461075 -1.05644005689646 -1.99087520083106 0.219986504449343 -0.735096765174375 0 0 67 0 0 0 0 0 0 0 0 0 0
1 -1.08682542247418 1.07642066634353 -0.0679024065885502 1.11202358110813 1.48819832543969 -0.641536605229336 0 0 68 0 0 0 0 0 0 0 0 0 0
1 -0.340013721830114 0.296719858623794 0.112992277421288 3.75377843198158 1.19026057603868 -0.698389894134792 0 0 69 0 0 0 0 0 0 0 0 0 0
1 1.23699001028883 -0.800786958823754 -0.893265695042048 -1.32499425739123 2.19568653050168 -0.73474188096891 0 0 70 0 0 0 0 0 0 0 0 0 0
1 0.193893190442597 -0.775873135483311 0.55762986370733 -0.167763513085948 0.401549421672169 -1.99946306573666 0 0 71 0 0 0 0 0 0 0 0 0 0
1 -0.0011550391854851 -0.167426213016006 0.744691561847505 0.720908337448191 -0.579523556075983 0.86434816717688 0 0 72 0 0 0 0 0 0 0 0 0 0
1 1.64522717054857 1.43813008037274 0.0439011277463711 1.15494901642881 -2.19500441616653 -2.37095656375179 0 0 73 0 0 0 0 0 0 0 0 0 0
1 -1.83700996565929 -0.583899153091187 -0.511729338145947 0.425832103057964 -0.906755462200432 -0.803526548515616 0 0 74 0 0 0 0 0 0 0 0 0 0
1 0.470975128625907 0.436971935313589 0.911171704349211 -1.50711270124713 -2.5173957015411 -0.59795838529743 0 0 75 0 0 0 0 0 0 0 0 0 0
1 0.343906731698488 -0.297463721879499 -0.063829447656709 1.82451151559495 -0.443150359984324 0.58910424923551 0 0 76 0 0 0 0 0 0 0 0 0 0
1 -0.192457977040429 -0.0017793653773956 -0.0597170525299624 -0.622773075040631 2.69490802147628 -0.278712403109687 0 0 77 0 0 0 0 0 0 0 0 0 0
1 -0.106302630998259 0.369497779286612 -0.0551288422077001 -2.43744445451701 1.73848027373405 2.49398221220536 0 0 78 0 0 0 0 0 0 0 0 0 0
1 2.05553788926705 0.446744264159219 -0.517387165522548 -0.51930136188359 -1.41630014708394 -0.700221366409218 0 0 79 0 0 0 0 0 0 0 0 0 0
1 -0.898389329208596 -0.0949753552085256 0.401560380161761 0.137502266385952 0.857420430408291 0.0288829532488309 0 0 80 0 0 0 0 0 0 0 0 0 0
1 -0.616747876313138 0.858334149152367 -0.0325109888811379 -1.59465910724154 -0.297654959089855 -1.00072364767987 0 0 81 0 0 0 0 0 0 0 0 0 0
1 1.01741441866596 -0.1695322149635 0.798434513604349 0.0944797099998185 -0.0240281508583998 -2.09983497943615 0 0 82 0 0 0 0 0 0 0 0 0 0
1 0.10322160486491 -0.240370314746337 -0.238987986111472 0.522966552419917 0.016752660333769 -2.42609159898077 0 0 83 0 0 0 0 0 0 0 0 0 0
1 -0.0830973872893002 0.0468318998040168 -0.0840710490758286 -1.13970828940576 -1.95776172119309 -2.04212672640249 0 0 84 0 0 0 0 0 0 0 0 0 0
1 -0.282766741875801 -0.903464985736892 -0.0440183740514445 -1.68667776491104 -1.67998091947519 -0.604929893721362 0 0 85 0 0 0 0 0 0 0 0 0 0
1 -1.22743638144398 0.0620151147612163 -0.0292028223301469 1.42549207490657 0.136868684272232 -2.01414871874857 0 0 86 0 0 0 0 0 0 0 0 0 0
1 0.300820791751147 -0.107045921873019 0.969295395582911 -3.0487365476267 1.87748432248518 1.01627040030007 0 0 87 0 0 0 0 0 0 0 0 0 0
1 0.0094481979066 0.155815616898449 0.150678474102044 1.62568948792707 2.96143108904251 0.0530479540678381 0 0 88 0 0 0 0 0 0 0 0 0 0
1 -0.0361747868949971 -0.191023966266353 0.226025378029086 -1.59469679427242 -0.621927079157391 4.31713398320705 0 0 89 0 0 0 0 0 0 0 0 0 0
1 -0.571060853254141 0.459873962561649 -0.0261717185584768 0.850289175371561 3.63289162778174 -1.15793057629227 0 0 90 0 0 0 0 0 0 0 0 0 0
1 -0.49650811576591 0.084096290641766 -0.942631282913906 -0.328179931519858 -1.15569445895132 -1.87191708771253 0 0 91 0 0 0 0 0 0 0 0 0 0
1 2.51586178099017 0.36318140947608 -0.268155330424944 1.01582498440166 2.20517099632532 -0.891338212202091 0 0 92 0 0 0 0 0 0 0 0 0 0
1 -0.126486875171635 2.88589980360893 -1.81789265902827 -1.3891774342756 0.629570732421103 0.600569408359349 0 0 93 0 0 0 0 0 0 0 0 0 0
1 -1.26671436921005 1.15887431887228 0.14587277472463 -0.111313809753744 -0.796688041592062 2.19300134022052 0 0 94 0 0 0 0 0 0 0 0 0 0
1 0.0264125842101934 0.972894679881962 0.682435607240179 -1.55244919430396 2.14691980387027 2.18261847593206 0 0 95 0 0 0 0 0 0 0 0 0 0
1 -0.279441470257265 -0.109722797813839 0.283719108814446 -1.97092458048918 1.0047299867996 -0.560051172417796 0 0 96 0 0 0 0 0 0 0 0 0 0
1 0.947590838463849 -0.633913930985267 -0.324515105080139 3.16183550002099 0.164239708691293 0.433987186364137 0 0 97 0 0 0 0 0 0 0 0 0 0
1 -0.165393071664628 -0.461561986857223 0.076128008173781 1.2854899470887 -0.793300787591073 0.235235900730681 0 0 98 0 0 0 0 0 0 0 0 0 0
1 -0.347184235709065 0.291199165002366 -0.18966458735266 -2.47343795603497 0.720708666008696 1.59553895599996 0 0 99 0 0 0 0 0 0 0 0 0 0
1 -0.170269626758647 0.297096883750432 0.280826023944796 2.09472913773561 -1.17271448785562 2.69258514318245 0 0 100 0 0 0 0 0 0 0 0 0 0
1 -0.112946303920736 0.24329131962014 -1.43308575877931 1.24975085862575 0.654702917075241 -2.27937967192863 0 0 101 0 0 0 0 0 0 0 0 0 0
1 -0.0300885081321443 0.211145562210933 -0.467552151139572 0.364179988515077 0.194394113677578 -2.62693504436582 0 0 102 0 0 0 0 0 0 0 0 0 0
1 -0.517309054438067 -0.366776834302796 1.63665514949743 0.321602692943644 -1.39667219025866 0.403972014718281 0 0 103 0 0 0 0 0 0 0 0 0 0
1 -0.268100319925716 -0.0068851406246905 -0.307476675394353 -0.685354870420738 1.06228617510439 4.83410000333205 0 0 104 0 0 0 0 0 0 0 0 0 0
1 -0.0265834420059805 0.483238896484184 1.17446770132809 1.76587525209303 -2.35190649264301 0.593873064803408 0 0 105 0 0 0 0 0 0 0 0 0 0
1 0.290018282541105 -0.128524067770309 -0.0971187868538303 1.62238831154965 0.931109418592471 1.88158110005696 0 0 106 0 0 0 0 0 0 0 0 0 0
1 -0.356411771208324 -0.0448982353367248 0.446397819543728 1.60763148715306 -1.43701153974984 -3.59218163420606 0 0 107 0 0 0 0 0 0 0 0 0 0
1 1.00633699485861 -2.69387132139264 -2.72897261946035 -0.802330583844032 -0.641015595080931 -0.214758865908183 0 0 108 0 0 0 0 0 0 0 0 0 0
1 0.0984839858911706 1.22417460395963 0.633440241785225 -0.2881724728418 -0.157997200046171 3.58556411221737 0 0 109 0 0 0 0 0 0 0 0 0 0
1 0.247490471534061 -0.264881424163194 -0.842080192140125 1.16540980936108 1.34596355323323 -1.14617713603997 0 0 110 0 0 0 0 0 0 0 0 0 0
1 -0.0794653803234494 -0.866042998953371 0.291335744880422 3.78835726381921 -1.39134981536162 -0.127186141772394 0 0 111 0 0 0 0 0 0 0 0 0 0
1 0.551607640394234 0.464598446922561 -0.701675515413863 -0.145343671491704 0.472933704381168 -2.71731092183413 0 0 112 0 0 0 0 0 0 0 0 0 0
1 -1.23361119400169 0.535991390075626 0.0745894625482959 -1.80290449798588 1.09817142558081 0.207771189334363 0 0 113 0 0 0 0 0 0 0 0 0 0
1 0.435216770030432 -0.732414708159866 -0.44600742470181 0.136103076454593 0.791171851184825 -3.82651766658447 0 0 114 0 0 0 0 0 0 0 0 0 0
1 -0.0463025990819799 0.0560530530618268 0.339932803416628 -0.367429064563383 2.84148748818179 1.9899135748419 0 0 115 0 0 0 0 0 0 0 0 0 0
1 0.338932514159585 -1.08455819963238 -0.0605327392031002 -1.12236762668122 0.676608689775391 -0.0585502566173804 0 0 116 0 0 0 0 0 0 0 0 0 0
1 -0.542077833128934 0.490648425511364 -0.39502606131932 0.982710397547598 -1.47527895989958 -3.94211758689899 0 0 117 0 0 0 0 0 0 0 0 0 0
1 -0.561810853837819 4.82874924354302 -0.164206748431886 0.699493546492217 -0.896536979980383 -1.76405963129127 0 0 118 0 0 0 0 0 0 0 0 0 0
1 0.199641089537332 0.537048494791587 -0.915450548906704 -1.74308983105617 2.47310232178215 -0.175065740132629 0 0 119 0 0 0 0 0 0 0 0 0 0
1 2.53217444422714 3.18847343929962 1.1497400172997 -1.17056004558715 0.869861431026487 -0.321266410283352 0 0 120 0 0 0 0 0 0 0 0 0 0
1 -0.583060574417308 -1.01170823150235 0.100200467778442 -0.750244056645379 0.249236804392464 2.08809245609233 0 0 121 0 0 0 0 0 0 0 0 0 0
1 -1.8816262528182 0.527062859288303 -0.822104797410619 1.00507250713789 -0.181880070536701 -0.423821638254265 0 0 122 0 0 0 0 0 0 0 0 0 0
1 0.34760381097906 0.405716621718472 0.106608883709988 2.48545793293229 0.376005717581049 2.11093682675812 0 0 123 0 0 0 0 0 0 0 0 0 0
1 -1.87918718395405 -0.888887497460377 -1.63446347937241 -0.673195791196399 0.094366811903956 1.86419563088796 0 0 124 0 0 0 0 0 0 0 0 0 0
1 -0.0595434066217644 0.0196277198667119 -0.218911827278561 2.70939723356245 0.959825033700903 1.41484795283409 0 0 125 0 0 0 0 0 0 0 0 0 0
1 -0.506415816405077 -0.171482609146342 0.314674860078989 0.664220032893202 0.00257121502442444 4.9415813949141 0 0 126 0 0 0 0 0 0 0 0 0 0
1 -0.366750337612931 -0.842685657330813 2.09368804970242 -0.448083159137024 0.914362477236016 -2.23139697472646 0 0 127 0 0 0 0 0 0 0 0 0 0
1 -0.620971747831326 -0.222618735155139 0.407598573443005 2.42314658549611 4.56378017135251 -1.74538409298037 0 0 128 0 0 0 0 0 0 0 0 0 0
1 2.42141652843919 6.275158880278 2.71305945604 -1.62912402045004 -0.00952923581860864 0.298572333835602 0 0 129 0 0 0 0 0 0 0 0 0 0
1 0.259446790124017 -0.397138213519219 -0.912612143461558 -0.11086463229319 -1.80170673223629 1.60615257257986 0 0 130 0 0 0 0 0 0 0 0 0 0
1 0.393089293952114 0.190999182052586 -0.0124480660826886 3.28678761780897 -1.04264693257825 2.87160043083485 0 0 131 0 0 0 0 0 0 0 0 0 0
1 -0.0692920641244039 0.387279492036016 -0.322707191755816 0.715041877403628 -0.536640386868607 -2.08589695986155 0 0 132 0 0 0 0 0 0 0 0 0 0
1 0.0800630946407622 -0.0910981419717253 0.0366869442748755 -1.29626267679767 1.77290102396905 3.06293207150609 0 0 133 0 0 0 0 0 0 0 0 0 0
1 -4.63729050996916 0.0188935004365339 0.563006442390288 0.354027584125305 1.26149502875034 -0.538523926422619 0 0 134 0 0 0 0 0 0 0 0 0 0
1 0.351111131115362 -0.157441149019806 -0.551345062616824 0.282523860647877 0.416607957448635 0.0608168437331029 0 0 135 0 0 0 0 0 0 0 0 0 0
1 1.37174965616605 -0.178991965092668 -0.668302689550965 3.63546679890639 0.121881934572277 1.17929815708833 0 0 136 0 0 0 0 0 0 0 0 0 0
1 1.24413673903281 0.113868934646089 1.54751801991824 3.46590016025857 0.459806598007462 0.627522704874589 0 0 137 0 0 0 0 0 0 0 0 0 0
1 -0.782919380419212 0.130864435422695 -0.96423601705174 -1.87220147846519 -0.815399067062027 -1.12973973082617 0 0 138 0 0 0 0 0 0 0 0 0 0
1 -0.134337115127379 -0.203976260213926 0.2237757113974 1.8812158552434 -2.48970884455975 -0.219349813260261 0 0 139 0 0 0 0 0 0 0 0 0 0
1 -0.314614273150501 0.305741105933647 0.236237984522554 2.14989035333575 -0.391289716952691 3.50611441713753 0 0 140 0 0 0 0 0 0 0 0 0 0
1 -1.9756870471533 -1.06368178012474 1.11786906243506 2.03518875939809 1.06697432925311 -0.879915024578342 0 0 141 0 0 0 0 0 0 0 0 0 0
1 0.199138936797339 -0.735253604681421 1.65196943311151 0.88059752594154 -3.00868713858914 0.202049702413758 0 0 142 0 0 0 0 0 0 0 0 0 0
1 0.746753467517746 0.601906620771973 -0.0889028875247532 -0.00515143087541915 -0.775184123055385 -1.38449691253767 0 0 143 0 0 0 0 0 0 0 0 0 0
1 0.403725706731834 -0.0385301842655801 0.714084800374801 1.01436914874587 -0.743215930242589 -2.60344201552286 0 0 144 0 0 0 0 0 0 0 0 0 0
1 -0.334492626551745 -1.30761561978153 -1.62741387017409 1.43437128810438 -1.75656749463046 -1.11467795292927 0 0 145 0 0 0 0 0 0 0 0 0 0
1 -0.11224971502238 0.220166373663068 0.162795789930799 -3.03158274594172 -0.424519956951465 0.620147077658586 0 0 146 0 0 0 0 0 0 0 0 0 0
1 0.882532289063918 1.0615849048984 2.13065241247949 0.805444356987954 -3.01760734003718 0.180949804270176 0 0 147 0 0 0 0 0 0 0 0 0 0
1 -7.40777760785988 0.28892339996414 -4.94170410100417 -0.0781806933122025 0.440495417159489 -0.114260731506452 0 0 148 0 0 0 0 0 0 0 0 0 0
1 0.100542430196154 -0.276917042120898 1.18163622481357 -2.14548033866146 -2.51152791233915 2.03914559406175 0 0 149 0 0 0 0 0 0 0 0 0 0
1 -0.0423817129940534 0.370593211926133 0.128848020173385 1.02439349288458 -0.756632193883727 -4.23267580773254 0 0 150 0 0 0 0 0 0 0 0 0 0
1 -0.408382173893936 1.07171881892709 1.3844640272851 -2.72257375098632 1.45408217276043 1.04159892245268 0 0 151 0 0 0 0 0 0 0 0 0 0
1 0.893000238992832 -0.0671059795007573 -1.41371421359989 2.24683376255119 -0.201414543725579 -2.60338683583565 0 0 152 0 0 0 0 0 0 0 0 0 0
1 -0.321970203110199 -0.507763752102787 -0.025609485903572 -2.65267290672559 0.625090866827063 -1.03526121314415 0 0 153 0 0 0 0 0 0 0 0 0 0
1 -1.98713268506652 -2.04648974449752 2.36073090647619 -0.902017293530621 -0.539855697216643 0.755670230877587 0 0 154 0 0 0 0 0 0 0 0 0 0
1 0.283073284866471 0.283498328044197 0.0965658395555542 -0.667825077293534 -5.28821862276663 -1.24590634523716 0 0 155 0 0 0 0 0 0 0 0 0 0
1 1.64102841035824 1.8130075777236 -2.84491392772103 0.439146781091339 -0.578484924834944 1.74872988840828 0 0 156 0 0 0 0 0 0 0 0 0 0
1 -0.0011522043236359 -0.198586830927869 -0.147785311929929 -1.58937788868727 2.17878136078076 0.790599572760782 0 0 157 0 0 0 0 0 0 0 0 0 0
1 0.248616428207734 0.869048994479824 -0.237288774521902 -1.25327719393411 -0.0749838351720307 0.762508792246736 0 0 158 0 0 0 0 0 0 0 0 0 0
1 2.08248308631341 0.0997286017080331 -1.08965133993617 0.33170485902949 0.0755724420720677 -0.669648307230114 0 0 159 0 0 0 0 0 0 0 0 0 0
1 -1.48754380330169 0.180954791661984 0.110688211099809 -1.6117028807877 -2.8016207540014 -3.09021099465436 0 0 160 0 0 0 0 0 0 0 0 0 0
1 -0.1454089418854 -0.164143708886235 0.97623164152077 -3.02664243260153 -1.38151377582285 0.199374776285425 0 0 161 0 0 0 0 0 0 0 0 0 0
1 1.61379034142075 -1.77871107097044 1.60831140747364 0.481637626059738 1.67769848369878 1.20391593104567 0 0 162 0 0 0 0 0 0 0 0 0 0
1 1.07639519369323 0.892366385002989 -2.54402623853093 -0.820688644169537 -0.111297381208956 1.36249802898309 0 0 163 0 0 0 0 0 0 0 0 0 0
1 -0.177327224914647 0.465399021143598 -0.124526820989829 0.986050757671627 -1.96840672512977 2.88141547631539 0 0 164 0 0 0 0 0 0 0 0 0 0
1 -0.179684083390516 1.74530444658183 0.509187907167437 -0.476496292677416 0.898624251035486 -3.61497428369346 0 0 165 0 0 0 0 0 0 0 0 0 0
1 -0.291028746148539 2.20865649855827 1.07360532320908 -0.346780583617822 1.30437318253128 0.319980902613397 0 0 166 0 0 0 0 0 0 0 0 0 0
1 -0.306783834443204 -0.0151870272165191 0.0772065759433287 -4.30280590181199 -3.49137736421733 -1.0315929753287 0 0 167 0 0 0 0 0 0 0 0 0 0
1 -0.290612454894332 0.917302310258996 -1.10047890822413 0.830253763990469 -0.358968609824336 2.81795381370844 0 0 168 0 0 0 0 0 0 0 0 0 0
1 -0.507830738292446 0.647864655774533 -0.0452452989522998 -2.43871368139835 -0.353971957497199 0.685784671982671 0 0 169 0 0 0 0 0 0 0 0 0 0
1 -0.233182512922491 -0.67665870667717 -0.297400162313608 -3.2187249310299 3.67182130017042 0.584937319238998 0 0 170 0 0 0 0 0 0 0 0 0 0
1 0.0864185942131724 -2.74292703471395 0.745364938831864 1.47721209224853 0.34588458098835 1.55666961535479 0 0 171 0 0 0 0 0 0 0 0 0 0
1 -0.098306752635533 0.0272222049150417 0.0249859111996975 3.56514599558525 -0.446834664065644 -1.50180237670791 0 0 172 0 0 0 0 0 0 0 0 0 0
1 -0.0994106036241321 -0.49507615814138 0.25245823176292 0.360235046680102 0.248616352667303 4.57078364438808 0 0 173 0 0 0 0 0 0 0 0 0 0
1 -0.342988770392269 -0.0967870965981623 -0.20007803288082 -1.74926936442434 -2.9211572572938 0.699333210575769 0 0 174 0 0 0 0 0 0 0 0 0 0
1 -0.793709301496662 0.0161122450930643 0.598053347596114 2.47410789794851 -3.44463308902123 -1.20622950838446 0 0 175 0 0 0 0 0 0 0 0 0 0
1 0.212301786854487 1.07348678469901 -0.410812646346158 -0.958413357953563 3.02501210732262 -2.1048988074523 0 0 176 0 0 0 0 0 0 0 0 0 0
1 -0.195200663894974 -0.006683218583678 -0.0483771762499503 -1.65008588006726 2.23680611438976 -1.88557522256893 0 0 177 0 0 0 0 0 0 0 0 0 0
1 -0.388354485555486 0.0607535986772382 0.246488715533383 2.1301217783691 -0.769345903340727 4.06677485302814 0 0 178 0 0 0 0 0 0 0 0 0 0
1 -0.114683477159504 0.307472518805438 -0.346677687022014 0.669550351228605 -1.9844730518995 2.4800697981195 0 0 179 0 0 0 0 0 0 0 0 0 0
1 0.636695483494101 0.275814728937066 -0.736076004658175 2.70380586496512 0.799561537906977 -2.20186249259875 0 0 180 0 0 0 0 0 0 0 0 0 0
1 1.47905177315712 0.718425392551325 -2.33377623685953 0.853915738703333 0.672337081462411 -0.0343676921854075 0 0 181 0 0 0 0 0 0 0 0 0 0
1 -0.272315494291147 -0.377280328529425 0.231949822561697 3.37676754892162 0.609555446420171 0.629416635491362 0 0 182 0 0 0 0 0 0 0 0 0 0
1 -1.33508697043878 0.0777049800201451 0.117077607015334 -0.20853021122003 -2.91343098356391 -1.73070149606935 0 0 183 0 0 0 0 0 0 0 0 0 0
1 -0.185818875104769 0.0812153983095748 0.393210970604936 -1.40298369326978 -0.111659685764878 -3.07496395625438 0 0 184 0 0 0 0 0 0 0 0 0 0
1 -0.462525190659995 0.389422724745835 0.538905213130831 1.6084955763806 -0.480858559687862 -2.54472863294178 0 0 185 0 0 0 0 0 0 0 0 0 0
1 0.129828686927276 1.64504660796143 -0.461907046857078 -2.15860010168356 -0.763855409362716 0.570959449418898 0 0 186 0 0 0 0 0 0 0 0 0 0
1 0.0850004099307857 -1.07243911452522 -1.38975143270897 1.74489821486073 2.92944790049693 2.13924218601218 0 0 187 0 0 0 0 0 0 0 0 0 0
1 -0.297181432925251 -0.423087819996745 -0.2695445487266 1.93425681328241 -3.43927967054716 -1.21991210560692 0 0 188 0 0 0 0 0 0 0 0 0 0
1 1.94295550066021 1.09097199681046 -1.05114063293887 -0.806750663816837 -0.66274231882914 0.619572893689323 0 0 189 0 0 0 0 0 0 0 0 0 0
1 0.39465165567108 0.484473262340629 0.12380770291892 -1.6625924940258 1.99389059606303 -1.63913062739739 0 0 190 0 0 0 0 0 0 0 0 0 0
1 0.927240667939949 -1.77756826130054 0.611421653547101 0.0549914468389247 0.706754562079082 -1.29186376180222 0 0 191 0 0 0 0 0 0 0 0 0 0
1 0.418485381163677 0.154483255313229 -0.110377819342769 0.571006747464742 -2.67091942536473 -2.3869842112276 0 0 192 0 0 0 0 0 0 0 0 0 0
1 0.763788989989058 -0.0560850575099657 -0.367481696755937 -0.377864532341945 -0.818124656593289 -3.12294660349059 0 0 193 0 0 0 0 0 0 0 0 0 0
1 1.58135529228583 -0.134014717170842 1.56768057530933 -0.54266985723928 -1.57487692715637 -0.414536493367059 0 0 194 0 0 0 0 0 0 0 0 0 0
1 0.0479152107798064 0.247243377407421 0.561152214978218 -1.81398763079033 -2.43372250491536 0.914565882057974 0 0 195 0 0 0 0 0 0 0 0 0 0
1 -0.474139652815514 -0.0508961687750367 0.37533686241374 0.452655432136997 -1.94129460685683 -2.97236969299278 0 0 196 0 0 0 0 0 0 0 0 0 0
1 -0.806381611580448 0.253611675923044 -0.659252950843371 -1.00727610778691 0.783234610737127 0.965854089904518 0 0 197 0 0 0 0 0 0 0 0 0 0
1 0.832031337469712 -0.918731198378701 -1.38238406673101 -0.232971557689958 -0.37375399209937 -1.50969815850867 0 0 198 0 0 0 0 0 0 0 0 0 0
1 0.607604552144342 -0.759505857462189 -0.463939085740118 -1.34533462147334 -0.578807508819228 -0.791917706698466 0 0 199 0 0 0 0 0 0 0 0 0 0
1 -0.182369545408677 -0.0963687909785377 0.229136044785894 -1.74116533061829 3.06141914636679 0.850683120073832 0 0 200 0 0 0 0 0 0 0 0 0 0
1 -0.443291483998016 -0.316599505898427 0.318499091457194 -0.503496795657731 1.04047813142621 -3.07590313918644 0 0 201 0 0 0 0 0 0 0 0 0 0
1 -0.414437788500689 0.0932078851547368 0.339597013278305 -0.617806539715696 3.02438975705272 2.67612729773147 0 0 202 0 0 0 0 0 0 0 0 0 0
1 0.987172652953564 0.24253761141366 0.222829164413531 0.112960093383801 -1.02073969290609 -1.32513897478246 0 0 203 0 0 0 0 0 0 0 0 0 0
1 -2.56161087897637 2.68195935912258 1.30234348309377 1.38123886971362 -0.40846463219495 0.00892303902007724 0 0 204 0 0 0 0 0 0 0 0 0 0
1 -0.24907296566804 -0.397038570776587 0.469486224786451 -1.5330262269033 5.25993341062125 1.71587092633782 0 0 205 0 0 0 0 0 0 0 0 0 0
1 -0.958272480678637 -1.42050418098321 2.28635440545173 0.481331527662158 -0.293724296944274 -2.40703843298471 0 0 206 0 0 0 0 0 0 0 0 0 0
1 -7.24749002647535 -1.14879727292916 1.7751714012077 -1.45550929797804 -1.15239801196123 0.0605087395252836 0 0 207 0 0 0 0 0 0 0 0 0 0
1 0.0309673134248808 0.367912219497663 -0.776887400474658 -1.38511523616244 0.0537177754090033 0.038394436758548 0 0 208 0 0 0 0 0 0 0 0 0 0
1 0.302585744215167 0.0681744106374742 0.292310116709032 -0.900458692975945 -1.98979934797262 0.913007032047202 0 0 209 0 0 0 0 0 0 0 0 0 0
1 0.728368043901847 -0.734124022375845 -1.85384126394726 1.87711687698662 -0.231738781891405 1.3842139532954 0 0 210 0 0 0 0 0 0 0 0 0 0
1 0.81722431804281 -0.0085136416508316 0.906112022182836 -2.31843284732809 -1.00682587893235 -1.99017139491817 0 0 211 0 0 0 0 0 0 0 0 0 0
1 1.52029478375632 -3.16193032663901 -0.817213398415618 -1.44628925742337 0.307926727601379 0.610536302209562 0 0 212 0 0 0 0 0 0 0 0 0 0
1 -0.882367074577499 -0.377315333525123 -0.320525678881245 -0.693601182665269 3.89115881923335 0.810866230554858 0 0 213 0 0 0 0 0 0 0 0 0 0
1 0.495044709561779 -0.717222118699881 -0.020326713849603 2.54895378739455 1.02259677696924 1.08250082055098 0 0 214 0 0 0 0 0 0 0 0 0 0
1 -0.15714749502653 -0.111598263813627 1.10033976764412 -1.60666549099846 2.44960976009311 1.53780504331894 0 0 215 0 0 0 0 0 0 0 0 0 0
1 -0.93570448769826 -0.929893197329216 1.04489783971007 -0.85006212787889 -1.10052458328717 2.11471179525896 0 0 216 0 0 0 0 0 0 0 0 0 0
1 0.0180173630684406 0.656765229941151 0.518950487491914 0.852946199414268 0.669335985888009 -1.79210927238033 0 0 217 0 0 0 0 0 0 0 0 0 0
1 0.204267336600483 -0.853350013693003 -0.0876132722349159 0.0551676979686234 -0.396965746973669 2.48147967493563 0 0 218 0 0 0 0 0 0 0 0 0 0
1 -0.398522397148554 -0.297511300657727 0.370323613053492 -1.3593550483393 1.44839190366779 0.692684903713321 0 0 219 0 0 0 0 0 0 0 0 0 0
1 0.137727866841395 -0.137087538286341 0.376060838340044 3.99268187167992 1.4912759130391 -1.77902300547902 0 0 220 0 0 0 0 0 0 0 0 0 0
1 0.444487586040863 0.22641483509947 -0.313165933934122 -0.606585514176084 1.30407713939387 1.46160357525511 0 0 221 0 0 0 0 0 0 0 0 0 0
1 -0.364045624918687 -0.482993585223063 -0.0313135510277157 2.24806123227764 1.35503607265792 -1.92643113146619 0 0 222 0 0 0 0 0 0 0 0 0 0
1 -0.39996768901543 0.0465805989422416 -0.594839182345271 -2.86958242196257 1.54541433514423 0.137462914147871 0 0 223 0 0 0 0 0 0 0 0 0 0
1 -0.377979093275352 -0.481570341361338 3.071552045158 0.178213412912357 0.497346701333016 -1.45872879881635 0 0 224 0 0 0 0 0 0 0 0 0 0
1 -0.582753757348241 0.0685015186591613 0.503274587283532 -4.5281524263379 1.73820022809156 -0.623564936736505 0 0 225 0 0 0 0 0 0 0 0 0 0
1 0.0601318826267757 -0.0582061630304713 0.712340758696193 3.80476796409582 2.26454716290723 0.275654000319474 0 0 226 0 0 0 0 0 0 0 0 0 0
1 -0.0369057586966814 0.52657490162032 0.122789438503352 -1.43810893531929 -5.01736780509706 0.254990501361809 0 0 227 0 0 0 0 0 0 0 0 0 0
1 -2.2560647931403 1.40948758592838 0.585846458010284 1.41753822471325 1.34624178822701 -0.729152139468739 0 0 228 0 0 0 0 0 0 0 0 0 0
1 -0.398000325877427 -0.549795579324835 0.64528015722274 -0.0572675675741987 -1.78995089040116 1.72403090719521 0 0 229 0 0 0 0 0 0 0 0 0 0
1 -0.427324348025625 -0.0888854221483326 -0.030488921523776 -1.62244026186656 -2.03933194648794 1.59124813659735 0 0 230 0 0 0 0 0 0 0 0 0 0
1 1.20872031622154 -2.22457973273369 1.92584447831453 1.09442826795437 -0.577171313039261 0.669869313539046 0 0 231 0 0 0 0 0 0 0 0 0 0
1 -0.71960040027972 0.0646803837638962 -0.0306683886494554 0.904674339727585 1.97639489356553 2.92048168160141 0 0 232 0 0 0 0 0 0 0 0 0 0
1 0.617970114868096 -0.385717542663134 -1.51938613476743 -2.50721410499554 -2.50969570715917 1.75431892976478 0 0 233 0 0 0 0 0 0 0 0 0 0
1 -0.939516072536772 -0.665601268661292 3.27332599285758 0.555657046446949 0.974920381073882 0.451156613220413 0 0 234 0 0 0 0 0 0 0 0 0 0
1 0.141122553086396 -1.15886276671364 -0.341746713358756 0.830924202376319 -0.970915333194787 -1.49927388682565 0 0 235 0 0 0 0 0 0 0 0 0 0
1 0.812206524706204 1.94040343162562 0.540362302447745 -0.416948874285915 3.24156811790245 -2.02961504261758 0 0 236 0 0 0 0 0 0 0 0 0 0
1 -0.371404742890185 0.0952984414461042 -0.160082755845224 -2.80380036791516 -5.21353290845592 -0.138855913612108 0 0 237 0 0 0 0 0 0 0 0 0 0
1 -0.108848170522733 -0.0753522609832421 -0.254697007077714 -3.99617031868975 -1.02417417690187 1.06772833499848 0 0 238 0 0 0 0 0 0 0 0 0 0
1 -0.592990188859972 0.0190260382515759 0.724526927083159 1.7462102176043 -4.50362581193621 -0.303700536342056 0 0 239 0 0 0 0 0 0 0 0 0 0
1 -0.233237787720278 -0.412179910369143 0.128562977359613 -3.11908073580091 1.40922180455991 0.942292712629132 0 0 240 0 0 0 0 0 0 0 0 0 0
1 -0.223680784020963 -0.207691083182461 -0.214563597358214 3.61341357768044 1.21860670185073 0.462075332403716 0 0 241 0 0 0 0 0 0 0 0 0 0
1 -0.638286311637803 0.384651566461822 0.346080293874112 1.90885060534936 -0.55686467311382 1.39394341361109 0 0 242 0 0 0 0 0 0 0 0 0 0
1 -0.105139395911576 -0.826036871368646 0.11488668705935 0.875098574987355 0.971639960925411 0.459670930679635 0 0 243 0 0 0 0 0 0 0 0 0 0
1 -2.05360430614386 -0.55760336641272 0.612148776338019 -0.0870139593570204 -0.535344210659296 3.94052698730015 0 0 244 0 0 0 0 0 0 0 0 0 0
1 1.53876225912314 0.0026171858870513 3.40781224386269 -0.153506783571227 1.65008137699746 -0.242134339726032 0 0 245 0 0 0 0 0 0 0 0 0 0
1 -1.41393032761051 0.830920252848857 -2.05982635266607 -0.556061467037968 -1.49635117745385 -0.28322507277109 0 0 246 0 0 0 0 0 0 0 0 0 0
1 -0.131558478716988 0.0920658928205271 0.245369318023528 -1.57799912807792 3.84260424753243 -0.531139843554088 0 0 247 0 0 0 0 0 0 0 0 0 0
1 -0.0490115107980449 -0.922304336091176 0.921875751074308 0.0743770467905135 2.16735502003054 -0.492721008022745 0 0 248 0 0 0 0 0 0 0 0 0 0
1 0.0918603489923234 -0.222575647031654 0.310965024404277 0.528266891369167 0.406820950170419 -1.64498440257212 0 0 249 0 0 0 0 0 0 0 0 0 0
1 -0.0520766210878356 0.175310604965546 0.507296966008383 1.00323111764208 -0.329625577073476 -0.429522195175664 0 0 250 0 0 0 0 0 0 0 0 0 0
1 -0.979377289830415 -0.466692825143551 -0.155381175113679 2.8856239030267 1.42483717921297 -0.717413359831929 0 0 251 0 0 0 0 0 0 0 0 0 0
1 0.304864355904343 -0.31866248237427 2.40280869061443 2.46234794266184 -1.90253301431379 1.54339377768561 0 0 252 0 0 0 0 0 0 0 0 0 0
1 0.0137302381141129 0.110472185492774 -0.286575846203489 -1.32194371262521 5.00128507732584 0.715619656908256 0 0 253 0 0 0 0 0 0 0 0 0 0
1 -1.20396363877909 0.107926798495156 1.29402069211676 -0.0221485593263305 -1.63515378162147 0.850915688707437 0 0 254 0 0 0 0 0 0 0 0 0 0
1 1.41408732474632 0.31629054674471 0.439512651941376 0.511475371285941 -1.25811543671785 -1.32255030332034 0 0 255 0 0 0 0 0 0 0 0 0 0
1 -0.19113171658871 -0.0109052282264073 0.0414126257251284 3.17547516184583 -1.26202660526177 -2.02206996860341 0 0 256 0 0 0 0 0 0 0 0 0 0
1 0.28568136595643 0.29912565792367 2.50723092006041 1.28331957570142 -1.1913866605662 1.8847504886182 0 0 257 0 0 0 0 0 0 0 0 0 0
1 0.598803295735553 -2.00962389795144 0.207217901247424 -1.93307658260967 0.0193300407157887 -0.0897476511557076 0 0 258 0 0 0 0 0 0 0 0 0 0
1 -0.966766259127917 -3.73285786618195 0.218247790431878 0.938284552871842 0.819759570270703 -0.804869429312175 0 0 259 0 0 0 0 0 0 0 0 0 0
1 -0.534693610193867 -0.0009216329252104 0.417645104237738 -4.90972265852121 -3.63669591526924 -2.56391659496041 0 0 260 0 0 0 0 0 0 0 0 0 0
1 -1.02968931490533 0.303394346393894 0.617091698111039 -0.758602642482837 -0.621953847350951 -2.71648651182226 0 0 261 0 0 0 0 0 0 0 0 0 0
1 1.07586283235666 -0.71822217922293 -2.42988873835002 -0.252280164970562 1.1864799191542 0.45969553981891 0 0 262 0 0 0 0 0 0 0 0 0 0
1 1.26533641116049 -0.188249772939869 0.255995335282856 -1.46679474814956 1.53959230735606 0.871993982647999 0 0 263 0 0 0 0 0 0 0 0 0 0
1 1.88159912484399 -1.07681054129231 0.990844322582377 -1.85447829838548 -2.3104089715656 0.3819577217158 0 0 264 0 0 0 0 0 0 0 0 0 0
1 -0.79033625597185 -0.367371942902534 -0.999835875947119 -0.894374740487429 0.54401023074688 -2.23526932945548 0 0 265 0 0 0 0 0 0 0 0 0 0
1 -1.01791922984274 -0.268095688922148 -0.430080373246558 -0.340818283442446 2.04028744598305 -2.38036194715323 0 0 266 0 0 0 0 0 0 0 0 0 0
1 0.954145253848691 1.22908670050024 -0.963194926478604 -2.59685572831559 -0.31027382601133 -1.72608638166226 0 0 267 0 0 0 0 0 0 0 0 0 0
1 0.280292829656225 -0.23503280674032 0.72742618957927 -0.572545113106343 -0.993366592806787 -1.82778750364862 0 0 268 0 0 0 0 0 0 0 0 0 0
1 0.270244181498615 -0.738934858272589 0.399031455933966 -0.255148341353466 -2.92883274711343 -3.30754098026573 0 0 269 0 0 0 0 0 0 0 0 0 0
1 0.828248670824151 -0.182130763031574 -0.154717628658095 -3.91104917179202 0.691239633155882 1.93470363867384 0 0 270 0 0 0 0 0 0 0 0 0 0
1 0.829694968216239 -0.0021294949524157 0.284537734791458 2.96234159211782 3.26004044721996 -2.96318553308929 0 0 271 0 0 0 0 0 0 0 0 0 0
1 -1.58959795227758 0.0549570361309833 -0.581070491049547 1.35878256671027 -3.08620397769719 -0.46722951889263 0 0 272 0 0 0 0 0 0 0 0 0 0
1 1.16198553233552 -0.0134054206892204 -0.0865463282637202 1.89769438049013 1.17344568682539 -1.2340223251651 0 0 273 0 0 0 0 0 0 0 0 0 0
1 -0.180878211079787 -0.100471960056769 -0.969970978472558 0.136283659901955 0.191239364935525 1.94359475216916 0 0 274 0 0 0 0 0 0 0 0 0 0
1 -0.185244659074279 -0.631578103648953 -0.144396715668902 3.56223482085529 -1.91826058824066 -1.31153366185322 0 0 275 0 0 0 0 0 0 0 0 0 0
1 0.833880938542094 -0.796442296274899 0.0121039948294402 -0.542629243155363 1.37879220604628 2.31378328723209 0 0 276 0 0 0 0 0 0 0 0 0 0
1 0.15384547006662 0.221517192243726 0.406142311794743 -1.53636230070925 0.447923008379589 1.21233976741518 0 0 277 0 0 0 0 0 0 0 0 0 0
1 2.43050225169107 3.2922762308003 0.710243388631178 1.40827619676392 -0.892578664795939 -1.88931583009136 0 0 278 0 0 0 0 0 0 0 0 0 0
1 -1.07685599967674 -0.733804940905806 -1.52959498959113 0.146187389635951 1.00093306082968 -0.831603777717515 0 0 279 0 0 0 0 0 0 0 0 0 0
1 -0.243826509817389 -0.843269311405678 -0.703046240131819 2.07903033015657 0.967330148116395 -0.795557336269985 0 0 280 0 0 0 0 0 0 0 0 0 0
1 0.0415243187578983 -0.0215324005310676 0.462463830424274 -0.504584612726283 -0.71440925772375 -2.74538298715846 0 0 281 0 0 0 0 0 0 0 0 0 0
1 -0.526420476276544 0.154831942611171 -1.01241046740256 1.94791284316676 -1.82376436145938 1.67449218339789 0 0 282 0 0 0 0 0 0 0 0 0 0
1 -0.167608084463754 -0.132113868459556 -0.112291084438136 1.02865910748831 1.69869192508258 -1.93470305157978 0 0 283 0 0 0 0 0 0 0 0 0 0
1 0.425303488390212 -0.329629838358824 -0.546314389276451 -0.461714685637953 3.17319797920482 -2.79441608421713 0 0 284 0 0 0 0 0 0 0 0 0 0
1 -0.356624647412501 -0.682818423093344 0.797903728331721 -1.49465325595045 -0.551701596626272 -1.24824765901368 0 0 285 0 0 0 0 0 0 0 0 0 0
1 -0.50886489699116 -0.091682430314134 -0.0801265857366956 0.433427337226801 1.77112257532674 3.10410410999047 0 0 286 0 0 0 0 0 0 0 0 0 0
1 -0.656831654671528 0.554780802199295 0.357427632551308 2.75066074211318 1.43298094043526 -1.59399597924559 0 0 287 0 0 0 0 0 0 0 0 0 0
1 0.234276079533089 0.544250932469613 -0.499444652242337 -0.629098951784305 -0.0179614571199597 -0.302264120167827 0 0 288 0 0 0 0 0 0 0 0 0 0
1 0.0785644391668493 0.631728407162249 1.01841757791351 -0.220498939785577 -1.92256782651964 1.80766459524959 0 0 289 0 0 0 0 0 0 0 0 0 0
1 -0.616186768933468 0.343459935942582 -0.69254119953347 1.06315414054961 -1.60105647801025 0.773746305657521 0 0 290 0 0 0 0 0 0 0 0 0 0
1 0.0360433949406362 -0.196122802736613 -0.13709317642754 -1.86909933844583 2.93747555246785 2.61545029681019 0 0 291 0 0 0 0 0 0 0 0 0 0
1 -0.152012665655778 0.613865176424101 0.0395841808278254 -3.88649368038186 1.8793391555874 1.89385375922404 0 0 292 0 0 0 0 0 0 0 0 0 0
1 0.103139113721732 0.0006236960356528 0.36757557580889 -1.80720624211241 -1.02858497663949 -0.545212929878839 0 0 293 0 0 0 0 0 0 0 0 0 0
1 -0.085437595975597 -1.12805822551535 -0.0837799043114975 -1.48711994029929 -2.23985514421104 0.18129471255607 0 0 294 0 0 0 0 0 0 0 0 0 0
1 2.26431736554368 1.6999865607862 0.306014398604626 1.39697321089298 -0.582501359424707 0.767349368665349 0 0 295 0 0 0 0 0 0 0 0 0 0
1 -0.555167706610947 0.032109486855134 0.507636712596311 3.9085830044273 3.69091274142589 -0.384915432200715 0 0 296 0 0 0 0 0 0 0 0 0 0
1 0.0715412253642094 -0.148594525196503 0.160754968148101 1.69431687300016 0.705834714489922 -0.996269529765287 0 0 297 0 0 0 0 0 0 0 0 0 0
1 -0.187110875410988 -0.576572344886322 2.35757073886835 -0.193201209819801 0.686480925268 1.63238319110369 0 0 298 0 0 0 0 0 0 0 0 0 0
1 -1.73808564702734 2.42567125707794 -0.354937326798061 -0.761054588790087 -0.172078079482263 0.49361418901645 0 0 299 0 0 0 0 0 0 0 0 0 0
1 0.0960097033444325 -0.79652745287443 0.207702256946105 -0.500725867051801 -0.722859094301449 -0.507459092283335 0 0 300 0 0 0 0 0 0 0 0 0 0
1 -0.526371857639363 -0.673277046926423 0.321310080537771 -1.78159965119262 2.81311893327839 -0.131899258416418 0 0 301 0 0 0 0 0 0 0 0 0 0
1 -0.26023714432458 2.10140150474095 0.559469096117737 -0.454374182157412 -1.53611158138999 -1.48876011863773 0 0 302 0 0 0 0 0 0 0 0 0 0
1 1.55744959459944 0.0665877451130899 0.906878478642756 -0.750061576875264 -2.49006936772211 -1.83299553959399 0 0 303 0 0 0 0 0 0 0 0 0 0
1 0.196642835890616 -1.24430024528021 -0.696289173631529 -0.0160141651236192 3.04332905248767 -1.97150282970043 0 0 304 0 0 0 0 0 0 0 0 0 0
1 0.103515115026174 0.470053582885522 0.560042828005606 2.69385672724964 0.494339180047334 -1.57204643221314 0 0 305 0 0 0 0 0 0 0 0 0 0
1 -1.11339643451024 -2.36508623107622 1.83818557996147 -1.67368399453823 -1.5845395781784 -1.07876767901749 0 0 306 0 0 0 0 0 0 0 0 0 0
1 0.42443586188807 -0.883484344852077 -0.0932976457685757 -1.08985961360077 0.701847168372139 0.143533057530229 0 0 307 0 0 0 0 0 0 0 0 0 0
1 -0.776496508881519 0.442771040427096 0.504728460316712 1.62747516083047 -0.090419454080353 1.12244542387631 0 0 308 0 0 0 0 0 0 0 0 0 0
1 0.424630811917727 -0.688198518321242 1.19934981982286 1.31023333235744 -0.0435277335628402 0.611563250229873 0 0 309 0 0 0 0 0 0 0 0 0 0
1 0.180818068673369 -0.0647213765371598 0.0690834756641894 -0.317805461537896 -1.69173370363717 1.42783391937076 0 0 310 0 0 0 0 0 0 0 0 0 0
1 0.001024632217613 -0.160391217729932 -0.813180652015451 -1.08469361795822 2.20834565655828 2.80206853440883 0 0 311 0 0 0 0 0 0 0 0 0 0
1 -0.970790696862583 -0.0434545460153366 -1.00198205894689 0.639182805635304 -3.16922103368243 1.09030022825838 0 0 312 0 0 0 0 0 0 0 0 0 0
1 0.228058786796599 0.218775821017016 -0.271711905878165 -0.77569782884481 1.47302143461701 2.04858160277162 0 0 313 0 0 0 0 0 0 0 0 0 0
1 3.24539305609578 -5.31934888351805 -3.37551740775904 -0.908621382170089 0.167297126642496 -1.07785167096954 0 0 314 0 0 0 0 0 0 0 0 0 0
1 -3.84761176830969 3.17082026437599 -0.754162942630902 0.401223594210547 0.0543729130576981 -0.0137811252448242 0 0 315 0 0 0 0 0 0 0 0 0 0
1 1.08976621429808 -0.152831530510305 1.36941821508059 0.634569680685666 0.542000703584174 2.07331160681974 0 0 316 0 0 0 0 0 0 0 0 0 0
1 -0.569481269389698 1.89592085761399 -0.489402909789675 1.52623778215251 0.716254402035523 0.843177072029356 0 0 317 0 0 0 0 0 0 0 0 0 0
1 -0.416075632375348 0.236524630489368 -0.985087640151323 2.00618736753904 0.0109799470395606 0.153070069950292 0 0 318 0 0 0 0 0 0 0 0 0 0
1 0.0562344835441731 -0.493850884945507 0.0896944516091071 0.76424390597679 1.2887006444418 1.13975603903279 0 0 319 0 0 0 0 0 0 0 0 0 0
1 1.84650608301613 -1.82959356448424 -0.81947658661115 2.25029071829254 -1.83475943833874 0.503651184525782 0 0 320 0 0 0 0 0 0 0 0 0 0
1 0.96148301635956 0.257627559262635 -1.26920302215262 2.16374026409395 1.31899334678629 -0.329047586786663 0 0 321 0 0 0 0 0 0 0 0 0 0
1 0.332613516224897 -0.835219982721059 0.404443007893895 1.67252256799861 -2.96689975968586 -2.3538704660244 0 0 322 0 0 0 0 0 0 0 0 0 0
1 -0.406759102642602 0.75866438824411 0.45746002177372 1.87907338504407 -0.991171614096305 2.60296781213499 0 0 323 0 0 0 0 0 0 0 0 0 0
1 -0.236787981063105 0.21448002626058 0.422925393015226 3.17718243051665 0.443503230161073 -0.775046094876455 0 0 324 0 0 0 0 0 0 0 0 0 0
1 0.0770415795931151 -0.0912772224581125 0.695309962715665 1.94336386145537 -0.937593483602362 -0.251689890878264 0 0 325 0 0 0 0 0 0 0 0 0 0
1 0.305197207556551 0.416904124049726 -0.0226788371908592 4.62172860977059 1.01868465336171 -1.03704518247557 0 0 326 0 0 0 0 0 0 0 0 0 0
1 -0.2937900875195 -0.288273245371844 0.924838067609474 0.24994092031262 -2.31077646059337 2.63779152264436 0 0 327 0 0 0 0 0 0 0 0 0 0
1 0.106024224499517 1.26535290451884 1.502701134586 2.58869395837168 1.84160975327395 0.685731717769048 0 0 328 0 0 0 0 0 0 0 0 0 0
1 -0.350080842797572 -1.26361999735116 0.190384440219089 0.511584402015936 1.34490505800747 -1.94483853755536 0 0 329 0 0 0 0 0 0 0 0 0 0
1 0.375139685073383 0.332768211928225 -0.22828380701405 0.0385053502379082 -0.553215434786127 -4.32164112846354 0 0 330 0 0 0 0 0 0 0 0 0 0
1 -0.0842604085495286 -0.135918005154438 0.764693120723057 1.69194527339369 -0.104290574498732 -0.727916262136982 0 0 331 0 0 0 0 0 0 0 0 0 0
1 2.14706123754775 0.0265198458275458 -0.0673997487846965 -3.03347603604252 -0.897354634602962 0.670139621978171 0 0 332 0 0 0 0 0 0 0 0 0 0
1 -0.784592475910035 0.213591199275102 -0.263694439603561 -0.290990050951786 -2.49958987453072 -1.79990105578034 0 0 333 0 0 0 0 0 0 0 0 0 0
1 0.199329168456732 0.126755473358132 1.76126760027074 0.20469914280482 1.27859089428438 0.101411203108079 0 0 334 0 0 0 0 0 0 0 0 0 0
1 -0.196907767295127 -0.290519438075282 0.501589580141035 -0.425566108035173 -1.02962621118065 1.48305601401586 0 0 335 0 0 0 0 0 0 0 0 0 0
1 -0.323778282570016 -0.462466037329758 0.35606354257994 -3.02722951671213 -1.05600700597911 -0.402962545220075 0 0 336 0 0 0 0 0 0 0 0 0 0
1 -0.926465011877088 0.432994100876721 -0.0314098758153652 1.43112671092807 2.05146697445306 0.0647118292737301 0 0 337 0 0 0 0 0 0 0 0 0 0
1 -0.308303240867124 0.223351151579212 -0.207719844550721 -0.556001455450563 -1.54434609158172 -2.54590111465443 0 0 338 0 0 0 0 0 0 0 0 0 0
1 0.0381920258745117 -0.183208810367566 -0.794200713830315 -0.829946549132103 -0.498063054032945 -2.51405426572646 0 0 339 0 0 0 0 0 0 0 0 0 0
1 -1.52326168169523 -1.17397120530328 0.805864652917975 -0.0342378434859616 -3.35694831133374 1.0616472219186 0 0 340 0 0 0 0 0 0 0 0 0 0
1 -0.151697156077723 -0.398697202799643 0.0298475936273507 2.3504875654387 1.36732866288253 1.61344834816494 0 0 341 0 0 0 0 0 0 0 0 0 0
1 -0.13907566851099 1.22995676794999 0.931911392021911 1.17991652738564 -1.97443666073428 0.591102716703778 0 0 342 0 0 0 0 0 0 0 0 0 0
1 -1.62977437059353 -2.24879356636782 1.41422389838256 -2.17227147230337 -0.0196247333360371 0.73280912634543 0 0 343 0 0 0 0 0 0 0 0 0 0
1 -0.0968741077420875 0.114191883624599 0.110335873098788 -3.25163659772855 2.64544728329533 -2.6365584218626 0 0 344 0 0 0 0 0 0 0 0 0 0
1 3.53436784874659 -2.40324363968726 3.31561588096152 0.654720341781831 -0.782108704627585 -1.83792805804998 0 0 345 0 0 0 0 0 0 0 0 0 0
1 1.57771166429969 -0.714265478389 0.52845513691161 -0.245195673297517 1.03427989802093 0.193651256381614 0 0 346 0 0 0 0 0 0 0 0 0 0
1 0.0399943671790227 -0.337820185084784 0.349962708784453 0.634591893076068 -2.32946268043489 3.39063925893022 0 0 347 0 0 0 0 0 0 0 0 0 0
1 -0.772767768298985 0.779071664281831 -0.820417849815573 1.05112049981786 0.480229438584685 -3.23376138344923 0 0 348 0 0 0 0 0 0 0 0 0 0
1 -0.796868699657932 -0.63959989724375 0.351716586591175 3.12922099977567 -1.92869982984239 1.99767357174139 0 0 349 0 0 0 0 0 0 0 0 0 0
1 -0.783783954488364 0.427160077653095 -0.995935782675413 -1.67248535791306 -1.49624043934661 2.06044802685566 0 0 350 0 0 0 0 0 0 0 0 0 0
1 0.134575666220946 0.827387395766636 -0.960873986097476 0.173364091784049 1.08421987274157 1.05186300130177 0 0 351 0 0 0 0 0 0 0 0 0 0
1 -0.695431151376844 0.472696907275594 -0.113629025949355 0.660731616836921 -2.00898065658353 -2.62339734963271 0 0 352 0 0 0 0 0 0 0 0 0 0
1 -0.260155316670416 -0.105878359659354 -0.115967710518045 1.55119980690991 2.80758183020369 -2.01238352045303 0 0 353 0 0 0 0 0 0 0 0 0 0
1 -0.145076997233322 0.42767272870697 0.372322898291096 0.183955243521658 2.05399681615504 2.94029568401599 0 0 354 0 0 0 0 0 0 0 0 0 0
1 0.957937914192507 1.13160911478534 -1.8654980868895 -0.906196450768593 -0.375314125943266 1.88992223410337 0 0 355 0 0 0 0 0 0 0 0 0 0
1 -1.86293655921671 -1.55787073377821 0.0187280559334317 -0.366416545086013 0.667642342531236 0.803347622898229 0 0 356 0 0 0 0 0 0 0 0 0 0
1 -1.92886880600569 -2.09866192905588 -0.0870912088660765 -1.58869513587394 -1.22722118478415 -0.843862588194322 0 0 357 0 0 0 0 0 0 0 0 0 0
1 0.0271312371221924 0.465493352439332 0.118744688133754 1.04724568502867 2.25575471530486 1.92628649277047 0 0 358 0 0 0 0 0 0 0 0 0 0
1 -0.632639744153052 1.01610142704593 0.43264369324479 0.691846667122204 -0.647011750685402 0.0361334535357702 0 0 359 0 0 0 0 0 0 0 0 0 0
1 0.0227520939960699 -0.384208542810021 -0.1197555407876 0.744277117757777 0.175678915041825 1.10888100542291 0 0 360 0 0 0 0 0 0 0 0 0 0
1 0.241331242935219 0.440299321341862 -0.249795849287253 1.73110415678962 0.411401732664042 -1.76944519008197 0 0 361 0 0 0 0 0 0 0 0 0 0
1 -0.261393071798484 -0.376279261024972 1.27920555967845 -0.468821596238666 1.6173768457158 1.22683054520008 0 0 362 0 0 0 0 0 0 0 0 0 0
1 0.889973779177194 -0.0861638109096582 -0.215113597329697 2.17719231790639 -2.34629469791346 -3.80641981162568 0 0 363 0 0 0 0 0 0 0 0 0 0
1 -0.484340264601943 1.00223066039843 -0.100294357077729 -0.284608933058837 -1.80047641330565 0.553493751402872 0 0 364 0 0 0 0 0 0 0 0 0 0
1 -0.723135886621326 -0.467463461184234 -0.285068446624725 1.81645221141663 -0.229772580259512 -2.33792268733891 0 0 365 0 0 0 0 0 0 0 0 0 0
1 -1.03361676347054 0.544510555620776 -1.17537552203133 2.20072512443818 0.00507172559953402 -3.51025052396448 0 0 366 0 0 0 0 0 0 0 0 0 0
1 2.27135621966803 -0.527812631666566 -0.506590412419686 -1.08475269378283 0.000457961882758141 0.229735774840954 0 0 367 0 0 0 0 0 0 0 0 0 0
1 2.81815131117809 1.20670017015746 2.08979866919731 0.869649209691765 2.55525525145377 -0.88516668643034 0 0 368 0 0 0 0 0 0 0 0 0 0
1 0.35237889012045 0.394388960990172 -0.115108486332057 -2.14239235587934 2.9809950833099 -1.32696781228965 0 0 369 0 0 0 0 0 0 0 0 0 0
1 -0.0812449339710049 -0.126399877555463 -0.287010188026745 1.1271237770047 -0.148354056216939 -0.150003131522467 0 0 370 0 0 0 0 0 0 0 0 0 0
1 2.25030213901694 -0.413619442118823 0.366910017476588 -0.686254596541626 -2.14199479578317 -0.976747783905586 0 0 371 0 0 0 0 0 0 0 0 0 0
1 -0.0863647136457011 -0.54313348007273 0.247926494386148 -0.109009891228468 2.77344627295132 -0.840784219132468 0 0 372 0 0 0 0 0 0 0 0 0 0
1 -0.589735040728079 0.712952371610462 0.46221813766052 0.743589814971306 -0.566743782064156 -1.43811358026068 0 0 373 0 0 0 0 0 0 0 0 0 0
1 0.0456317581747268 -0.300036996127462 0.190101931779195 -2.69414328257078 -0.955091323615082 2.19343912234013 0 0 374 0 0 0 0 0 0 0 0 0 0
1 -0.124376771771137 -0.207997312652039 -0.344278456697976 4.03004329381539 -0.424087227983334 -3.1849299200915 0 0 375 0 0 0 0 0 0 0 0 0 0
1 0.728810541389027 -0.956875192458208 -1.30778643493934 1.00142241594128 -0.154166955120798 -0.418506228097636 0 0 376 0 0 0 0 0 0 0 0 0 0
1 -0.159677029899779 -1.03880396857941 1.21513098447269 -1.64809881437766 -1.2406095400834 -0.0498899735105589 0 0 377 0 0 0 0 0 0 0 0 0 0
1 -1.43832208609725 -1.45075497147073 -0.912181565525524 -0.923769514806004 -2.33142868505448 -0.133899976110804 0 0 378 0 0 0 0 0 0 0 0 0 0
1 0.679362640333596 -0.372872459903497 0.415066821063608 0.710873427259195 3.29864373639559 3.0965741079098 0 0 379 0 0 0 0 0 0 0 0 0 0
1 1.26171349502542 -1.55700844917582 -0.569617434512126 -0.652958451126973 0.0450859395330577 0.870193196567437 0 0 380 0 0 0 0 0 0 0 0 0 0
1 1.14549290751484 0.276386123843183 -1.63361141940966 -1.06815855758271 1.85888013986567 -1.44945209547513 0 0 381 0 0 0 0 0 0 0 0 0 0
1 -1.02929755101739 -1.33955020405965 1.28469054858786 -1.45833266063867 1.05616437898745 -0.215811136423604 0 0 382 0 0 0 0 0 0 0 0 0 0
1 -0.260797547452764 0.677556156384856 -0.864995852973997 -3.1550458683172 1.93063501990432 0.405298592124819 0 0 383 0 0 0 0 0 0 0 0 0 0
1 -0.21861448912794 3.18733139759141 -2.05178136817325 -1.74615344749184 0.235597510013752 0.398560191701707 0 0 384 0 0 0 0 0 0 0 0 0 0
1 0.600326651047292 0.615877526483962 -1.35715302890167 -1.79949539724875 -1.95425617522125 1.61819844181578 0 0 385 0 0 0 0 0 0 0 0 0 0
1 0.211974072151856 -1.44184807541895 -1.16030869336246 -3.25684389135468 0.934648155374783 0.859084020756265 0 0 386 0 0 0 0 0 0 0 0 0 0
1 1.17865661495295 -0.369794410505458 -0.674208788883628 2.11401449456882 2.94367777800309 1.64709026437783 0 0 387 0 0 0 0 0 0 0 0 0 0
1 -1.47916755317208 -0.767688174307845 0.868638506183922 2.4400412891372 -0.374729549282959 -0.615105356588488 0 0 388 0 0 0 0 0 0 0 0 0 0
1 -0.66376234696338 -0.0739645937118875 0.889874167737781 -1.20971196434376 -1.45192691083862 -2.31532069778536 0 0 389 0 0 0 0 0 0 0 0 0 0
1 0.136931105311184 0.136628156037284 0.93158197646793 1.91292989553718 0.361285333154496 -1.34302037695523 0 0 390 0 0 0 0 0 0 0 0 0 0
1 -0.595005431431625 0.122085435604684 0.0587493922039082 -1.24396642841065 2.13099232932052 -1.30315978707772 0 0 391 0 0 0 0 0 0 0 0 0 0
1 -0.253088128732739 0.351333715561005 0.307554673597649 0.749722625961976 -0.0068132961975402 -1.88087803932246 0 0 392 0 0 0 0 0 0 0 0 0 0
1 -1.19447988026965 0.348456299400464 -0.0413300114980954 -1.01692103978503 -1.72539219712802 -1.31179342278333 0 0 393 0 0 0 0 0 0 0 0 0 0
1 1.26124935883716 0.275251732495461 2.44921397601957 0.333707444744109 1.11595244338137 1.06718688688952 0 0 394 0 0 0 0 0 0 0 0 0 0
1 -0.0674821704895003 1.14272386103919 -0.839177103091165 0.124690836146272 -0.315047314133108 0.964436108939756 0 0 395 0 0 0 0 0 0 0 0 0 0
1 0.416684275781348 0.0357332744325021 1.05860338088738 -0.430719849031007 3.62900484173506 2.51054989607996 0 0 396 0 0 0 0 0 0 0 0 0 0
1 1.91692996728309 0.0205873391111416 0.359367473320293 0.0711993892435689 0.287411243611111 1.69362276533008 0 0 397 0 0 0 0 0 0 0 0 0 0
1 -0.431378483835478 -0.36504367920914 -0.827662997782735 -1.87909748880098 1.17552131678482 2.49554600848545 0 0 398 0 0 0 0 0 0 0 0 0 0
1 -0.379678815586349 -0.485105406058471 -0.664373809208276 0.471146979674042 0.853403997952949 0.421676101672723 0 0 399 0 0 0 0 0 0 0 0 0 0
1 -0.205613156166914 0.0639734256447101 -0.157959231419388 0.68123523585458 0.304523294597034 3.59634686566828 0 0 400 0 0 0 0 0 0 0 0 0 0
1 -0.295268712040491 0.414779626941536 0.454123318442205 -3.54836360512091 -1.01042519294128 -0.761998316762885 0 0 401 0 0 0 0 0 0 0 0 0 0
1 -0.713548517910379 1.91454388503883 3.72622406337361 1.69015434941709 1.16783218360715 -0.592631388317747 0 0 402 0 0 0 0 0 0 0 0 0 0
1 -0.238224248940638 0.541975429886121 0.0530879798765167 1.15067023429245 0.6640584875807 4.05255333755271 0 0 403 0 0 0 0 0 0 0 0 0 0
1 -0.11508598199304 -0.0661600295891236 -0.464756746212572 -2.90589983048265 -4.33672857434589 -2.0418961253391 0 0 404 0 0 0 0 0 0 0 0 0 0
1 0.35666414943189 0.0056348021286982 -0.631380442437449 2.32887254079309 -0.724035591325772 -1.23288479806947 0 0 405 0 0 0 0 0 0 0 0 0 0
1 -0.0609780790711707 0.67394866761584 -0.753723197670901 -0.851769321363731 -0.58240638884425 2.06493568644481 0 0 406 0 0 0 0 0 0 0 0 0 0
1 -2.66844297897281 -0.151906444304799 -2.65662536865515 1.55647552502447 0.655735721036 0.823984813911973 0 0 407 0 0 0 0 0 0 0 0 0 0
1 -0.943422084540329 -0.550256696275029 0.724399536149368 -1.31385406005466 2.39199864124098 -1.25742114462925 0 0 408 0 0 0 0 0 0 0 0 0 0
1 0.556800058787267 1.12799992485632 -0.0889311969923997 -0.682346600603066 -0.600342833668387 -2.54327348452874 0 0 409 0 0 0 0 0 0 0 0 0 0
1 -0.0946245781137928 -0.733566793672023 0.431120789841495 4.14333756066352 -0.6044523617395 -0.600167294275586 0 0 410 0 0 0 0 0 0 0 0 0 0
1 0.414514710870598 0.411527946374214 -0.361924114820885 2.57244395631555 1.97237071453446 -0.177336324573604 0 0 411 0 0 0 0 0 0 0 0 0 0
1 0.112320967145807 0.95369167476147 0.59910738812714 -0.453038354336321 -1.27477070249141 2.05427731367157 0 0 412 0 0 0 0 0 0 0 0 0 0
1 -0.984668224143506 0.486939632311459 0.253577645837449 -0.889620503800883 0.638045704463388 -3.02869192599361 0 0 413 0 0 0 0 0 0 0 0 0 0
1 1.90848298318264 0.490142954525338 -0.748447266385955 -0.252073773691725 0.749899176449114 2.13274917646958 0 0 414 0 0 0 0 0 0 0 0 0 0
1 0.400216561465277 0.236524954589008 -0.318063712655199 0.454318707470798 0.77733053418081 2.08914528239007 0 0 415 0 0 0 0 0 0 0 0 0 0
1 -0.11159004133345 -0.438381334596547 0.681646041033296 -1.02394643563695 0.913291739549731 1.48806053352254 0 0 416 0 0 0 0 0 0 0 0 0 0
1 0.0657820870133461 -0.714130293608382 0.646809026125542 2.2879726345899 -0.305174980391109 -0.141396718165214 0 0 417 0 0 0 0 0 0 0 0 0 0
1 1.3249137378052 -0.683496009946577 0.924075999625808 0.315240004404697 0.602491297779952 1.35819438659725 0 0 418 0 0 0 0 0 0 0 0 0 0
1 -0.270078675744282 1.05834757368275 0.875502345213282 -1.33294855727193 -3.40457106472444 -2.12509565120421 0 0 419 0 0 0 0 0 0 0 0 0 0
1 0.734360111737596 0.186503870461338 0.337534040464517 -1.19818482748039 2.94730691563243 -1.91370926121597 0 0 420 0 0 0 0 0 0 0 0 0 0
1 -0.119143438141527 -0.198890412353658 0.0455440046962739 -3.35783012715277 0.622558620978396 0.890380476714377 0 0 421 0 0 0 0 0 0 0 0 0 0
1 -0.282595650194322 0.221500707756311 -0.121495958595738 -1.5054741047605 1.5840907542201 2.23393741229255 0 0 422 0 0 0 0 0 0 0 0 0 0
1 0.266326052137275 -1.78347320896779 -0.466248621163375 1.04250152526525 2.03305926332555 0.223372092109689 0 0 423 0 0 0 0 0 0 0 0 0 0
1 -0.641440453684148 -0.544923363663599 -1.2800336488375 -2.7671941378002 -0.78258734746838 1.53780609874597 0 0 424 0 0 0 0 0 0 0 0 0 0
1 6.24323705077527 1.92216376091272 -1.64625392013938 -0.0238225373773107 -0.572432843199332 -0.700690307310364 0 0 425 0 0 0 0 0 0 0 0 0 0
1 -0.273013892880789 -0.26162316626112 0.41747794023771 -2.71180886235105 3.12431962779139 -2.38915992327496 0 0 426 0 0 0 0 0 0 0 0 0 0
1 -0.606015595119466 0.217246839972657 0.499059473905541 -1.57442512233393 0.696207068026868 2.4404015480322 0 0 427 0 0 0 0 0 0 0 0 0 0
1 -0.173356037670016 -0.0173100127436547 0.153349745088004 3.23794865246143 3.03802050050921 -0.703270844307103 0 0 428 0 0 0 0 0 0 0 0 0 0
1 -0.580233502539265 -1.00609797921145 0.0884674810864244 -2.22184666022018 0.885669802681411 0.372766453411504 0 0 429 0 0 0 0 0 0 0 0 0 0
1 -0.234227630508404 0.558675589783299 -0.4046583009957 -2.01516811934248 -2.6425620129126 0.337068347299152 0 0 430 0 0 0 0 0 0 0 0 0 0
1 -0.0528339250529006 -0.2049591545514 -0.384550611585684 3.43383307786468 2.3279030356926 0.12686642162387 0 0 431 0 0 0 0 0 0 0 0 0 0
1 1.03273474361155 -0.607691220931708 -2.46876105644036 1.57436855676738 -1.30998390322565 -0.78978890244112 0 0 432 0 0 0 0 0 0 0 0 0 0
1 0.174961793173146 -0.165357369554069 -0.413971253120545 0.644055897844933 0.737757399635956 3.18443864380506 0 0 433 0 0 0 0 0 0 0 0 0 0
1 0.0292622496373841 0.399648051340993 1.42502260827352 0.544392203945039 0.108954783939122 -2.2387541303404 0 0 434 0 0 0 0 0 0 0 0 0 0
1 1.36984017981612 -0.682116332599951 -6.18483002620178 -0.135216104758606 -0.252533202034133 0.653128231421636 0 0 435 0 0 0 0 0 0 0 0 0 0
1 0.875705858877227 0.404228128168143 -0.830067607725336 1.95534771178221 -2.33963387391287 -0.438936268603274 0 0 436 0 0 0 0 0 0 0 0 0 0
1 0.250317777151633 0.404558729165597 0.401496231510576 1.02904362298066 -2.99569643313662 -0.668146919134464 0 0 437 0 0 0 0 0 0 0 0 0 0
1 0.445218949833029 -1.51121122904241 0.224701581682432 -0.973388385397432 -0.344450012896081 -1.20295300524178 0 0 438 0 0 0 0 0 0 0 0 0 0
1 -0.199337366536049 0.0123132348238982 -0.13975068614352 1.33754271148409 -2.94328413727399 0.168073238575549 0 0 439 0 0 0 0 0 0 0 0 0 0
1 0.0437166654383854 -0.0465715763132763 0.261563807654459 -0.0791224333085166 -0.742254916505669 0.628447177134908 0 0 440 0 0 0 0 0 0 0 0 0 0
1 -0.600431356206468 -1.10993828311171 1.8147956359142 -1.06140191008321 1.78902501726232 1.9936352708118 0 0 441 0 0 0 0 0 0 0 0 0 0
1 2.72342329218954 1.85761539718855 3.2992459950257 2.17465379822006 -0.158881202482159 -0.637607394126569 0 0 442 0 0 0 0 0 0 0 0 0 0
1 0.423384114676942 0.0853600005601554 0.789246455025602 2.51846374615824 -1.31613549365937 -0.545152885506574 0 0 443 0 0 0 0 0 0 0 0 0 0
1 -0.296808814147913 -0.912033179023608 -0.28994348576543 0.9684343509896 2.78844877685322 1.28441765109085 0 0 444 0 0 0 0 0 0 0 0 0 0
1 -2.86553185237562 0.670192696026402 5.16001471191793 1.59916494156847 0.372811022146889 0.179766695599226 0 0 445 0 0 0 0 0 0 0 0 0 0
1 -0.0256319998958229 0.493638819611844 0.322682566843332 2.78738160388442 -2.18728392632499 0.766471946703878 0 0 446 0 0 0 0 0 0 0 0 0 0
1 0.718668478706466 1.92642706988667 0.928249264991172 0.254112209322028 0.582293934230317 -0.520369448672893 0 0 447 0 0 0 0 0 0 0 0 0 0
1 -0.411911885102672 0.303347033302387 0.227754394546351 -0.0588016981403016 0.859071746082184 3.75666670580728 0 0 448 0 0 0 0 0 0 0 0 0 0
1 -0.607566207200747 -1.45719044503191 0.671142089061375 0.232388278376976 -2.45901141113511 0.740514928649152 0 0 449 0 0 0 0 0 0 0 0 0 0
1 0.0380192518734428 -0.0986907259999595 0.677300681022221 -0.384088272090986 -1.37856870640007 -3.53113224219418 0 0 450 0 0 0 0 0 0 0 0 0 0
1 -0.8711211860391 0.382271504775911 -0.959962910175016 -1.27465989750326 -0.969208424388157 -3.55416575233211 0 0 451 0 0 0 0 0 0 0 0 0 0
1 0.0941199007160623 0.273957921647256 -0.50211121160619 2.49932114911025 -4.02096827332174 0.879441470610492 0 0 452 0 0 0 0 0 0 0 0 0 0
1 -0.226843640153859 -0.0876501931959696 1.8217365206434 1.75720018703058 -0.891316734764084 -0.833233609348147 0 0 453 0 0 0 0 0 0 0 0 0 0
1 -1.54822220448834 0.306683945369955 0.560810784592409 -0.928056468660263 -0.0197667506607637 2.95238440421183 0 0 454 0 0 0 0 0 0 0 0 0 0
1 -1.19080882141304 1.41937426946732 1.54699391461685 -1.30413070062097 -1.5799134205264 0.0882339839697311 0 0 455 0 0 0 0 0 0 0 0 0 0
1 -0.0240606443826696 0.75012800082532 0.425311790510433 0.864656818984416 -0.833510945010687 0.240435588235587 0 0 456 0 0 0 0 0 0 0 0 0 0
1 1.668149765425 0.17204070318317 -0.0616298568652031 -0.768363866282028 -0.194434500531857 1.33135410868292 0 0 457 0 0 0 0 0 0 0 0 0 0
1 -0.307533190392392 -0.5613121853208 0.615006899226245 -1.85318159869059 1.23969528328599 3.88329938674597 0 0 458 0 0 0 0 0 0 0 0 0 0
1 -0.148905885606372 2.70950717232689 -0.836887061933983 0.205487616679535 -0.602147126128316 1.52792337158128 0 0 459 0 0 0 0 0 0 0 0 0 0
1 0.671244362919303 -0.350094811377693 0.368583972080922 0.715240240893751 0.317987231876581 1.25543394510084 0 0 460 0 0 0 0 0 0 0 0 0 0
1 -0.32690868107241 -0.681854639608874 1.2347514836758 1.48127507751981 0.119778986110782 1.77539257594031 0 0 461 0 0 0 0 0 0 0 0 0 0
1 -0.244893649032323 0.187710503349391 0.159768547970362 -1.84352338191367 2.33671761830399 -3.32460874270109 0 0 462 0 0 0 0 0 0 0 0 0 0
1 0.0057646068045701 0.219971200087086 -0.554998991186369 1.08254679933979 -2.85575933704051 1.71425730141386 0 0 463 0 0 0 0 0 0 0 0 0 0
1 0.0037135019958834 -0.267121676618837 -0.0847455473138789 -1.76433243454469 3.49477235252634 -0.745633686690432 0 0 464 0 0 0 0 0 0 0 0 0 0
1 -0.178431818143789 0.0600997719152384 -1.00597073066262 -0.883498146648132 -2.15504389182529 -3.94098555544822 0 0 465 0 0 0 0 0 0 0 0 0 0
1 -1.95689074611607 -0.762553452601417 -0.468930374211271 1.20785107660563 0.68161459789368 -0.117151924955147 0 0 466 0 0 0 0 0 0 0 0 0 0
1 -0.792746626517547 -0.366050804254695 0.351864116351274 -0.598633871321547 0.0516094940509273 1.93821719524821 0 0 467 0 0 0 0 0 0 0 0 0 0
1 -0.182117538425359 -0.169993908115316 -0.219664427588581 -3.57812139999356 -0.386236178831243 0.0352180471412314 0 0 468 0 0 0 0 0 0 0 0 0 0
1 0.930827158590425 0.425462538572866 1.07466671932293 -0.926012531208548 0.290455475959508 -0.616178738435535 0 0 469 0 0 0 0 0 0 0 0 0 0
1 0.332161139824175 -1.91985811533746 0.472747055363519 0.376219089176924 0.0202836701492783 2.81840187041142 0 0 470 0 0 0 0 0 0 0 0 0 0
1 -0.0944802239687428 -0.231402964143113 -0.0925307756895025 0.468550219556229 -1.41021810869297 2.50713650070851 0 0 471 0 0 0 0 0 0 0 0 0 0
1 0.558430051110046 -1.04482936382652 -0.629388002443882 -1.88457199065368 0.544482445320498 -1.70852324831731 0 0 472 0 0 0 0 0 0 0 0 0 0
1 2.94466513823844 4.33369733089851 -0.0803716312137914 0.463987179751376 0.84441608668716 -1.3130319954124 0 0 473 0 0 0 0 0 0 0 0 0 0
1 5.29281270378557 3.16156685584193 0.0653095708755334 -0.404143699241655 -0.575436462196202 0.151938090149839 0 0 474 0 0 0 0 0 0 0 0 0 0
1 1.01025103634995 -0.518771367356919 -0.499889465008403 3.28905426953752 0.446022428432438 -0.580601532472936 0 0 475 0 0 0 0 0 0 0 0 0 0
1 0.0030517080625993 2.35978052813311 -0.546049665997255 0.393675800397359 -1.12721765334018 0.79413116540459 0 0 476 0 0 0 0 0 0 0 0 0 0
1 -0.22619751966858 1.53151388612692 0.57454175461421 -0.570818482127176 -0.224570486231123 2.51428376003496 0 0 477 0 0 0 0 0 0 0 0 0 0
1 -0.467253751427828 0.0134148156330485 -0.31393135583452 4.44656533169981 -1.30715478653939 0.125737901982966 0 0 478 0 0 0 0 0 0 0 0 0 0
1 -1.09138909761405 -0.736357738053637 -0.450232440708414 -1.60309234972554 -0.0715978556609199 -0.0626544946242248 0 0 479 0 0 0 0 0 0 0 0 0 0
1 -0.258850216685197 0.153053933064434 0.316656061526736 -1.67319579866407 -2.92632639232337 0.100543568345417 0 0 480 0 0 0 0 0 0 0 0 0 0
1 0.421511686737812 0.764963094524329 1.44201916649726 -1.49496098081344 -1.05668857161463 -0.834047633689332 0 0 481 0 0 0 0 0 0 0 0 0 0
1 0.175654182776562 -0.109434929942819 0.678716082012457 -1.29971341540814 -1.89745361908601 0.152268829240942 0 0 482 0 0 0 0 0 0 0 0 0 0
1 0.147050581446051 -0.223982210300739 0.560513132015484 -3.66986709773173 -1.47247691579864 2.71035320538669 0 0 483 0 0 0 0 0 0 0 0 0 0
1 -0.625733877941758 0.430841627050496 -0.347169291044226 -3.49509666607528 1.22447015763996 2.23449419434473 0 0 484 0 0 0 0 0 0 0 0 0 0
1 -1.24608996487015 -1.46542359684045 0.389448718341329 -1.1269241718467 -2.03384719875527 0.159380927023249 0 0 485 0 0 0 0 0 0 0 0 0 0
1 6.49322381455e-05 -0.345288780669027 1.02299056654934 1.81633900874072 -1.66192923735028 3.6827912020892 0 0 486 0 0 0 0 0 0 0 0 0 0
1 0.702146005703088 -2.39236386810343 2.57930205462757 0.79586461148032 1.06533857020313 0.683805193294113 0 0 487 0 0 0 0 0 0 0 0 0 0
1 -0.762293172803099 -0.528804921629161 0.0736246504447263 -1.86300152180092 -0.201907422636446 0.134018089066387 0 0 488 0 0 0 0 0 0 0 0 0 0
1 0.583094006855377 2.1158219467826 0.462861193643753 1.50919495121023 -0.983950952850175 0.0462980557583269 0 0 489 0 0 0 0 0 0 0 0 0 0
1 -0.312242807717453 1.76880906772916 -0.939980866638596 -2.95274127828693 -1.64377706113725 -0.0984057704103728 0 0 490 0 0 0 0 0 0 0 0 0 0
1 1.17702148635692 -0.876905046999237 -0.670720273781107 -0.0485327067303363 -0.189709325474017 -1.34451884743262 0 0 491 0 0 0 0 0 0 0 0 0 0
1 1.97732186323208 -2.04515031707482 0.205683204399141 -0.507288184758755 1.02243232079359 -0.1142153805262 0 0 492 0 0 0 0 0 0 0 0 0 0
1 -0.252967588716807 0.171996628914091 -0.0713428062420016 -3.42578861951576 -0.684263481107942 1.49928396019787 0 0 493 0 0 0 0 0 0 0 0 0 0
1 0.301161612421821 0.17686605890239 0.277260191484046 0.880946335891858 -1.61821943843409 -0.979446708423344 0 0 494 0 0 0 0 0 0 0 0 0 0
1 -0.733839140708258 -0.980482992638161 -0.683769670522004 -1.01944005195283 -0.775728639321203 -1.51796854286298 0 0 495 0 0 0 0 0 0 0 0 0 0
1 -0.540487287335426 0.185311598031821 0.629135767156983 0.0384808700174907 1.96753593902617 -1.4285057776916 0 0 496 0 0 0 0 0 0 0 0 0 0
1 -0.143550955983659 0.0239145438644105 -0.116637674394469 -1.73677826915011 -2.36345841521874 -1.19030313553937 0 0 497 0 0 0 0 0 0 0 0 0 0
1 -0.992181708617433 0.294531943027127 -0.396336648823995 -0.191678466901796 -1.67340395179724 0.420703216069559 0 0 498 0 0 0 0 0 0 0 0 0 0
1 0.593680650513016 0.726649408522816 -0.897050871035983 -2.05489204595916 -1.05023052977852 1.71425182759105 0 0 499 0 0 0 0 0 0 0 0 0 0
1 -1.07110686439262 0.251816215929081 -0.213257059751059 0.277865286098216 1.30344243877806 1.05769673035498 0 0 500 0 0 0 0 0 0 0 0 0 0
10 -0.110458127086434 1.28428622960989 2.19980977612455 -0.538641467269204 2.07752134123228 0.849945689462911 0 0 501 0 0 0 0 0 0 0 0 0 0
10 0.750076795137816 0.123437042157613 0.573313275504375 -1.95505218457086 0.183238031734482 1.42556091340225 0 0 502 0 0 0 0 0 0 0 0 0 0
10 0.285767477195526 -0.0847005808118662 -1.21449125146706 2.13022241158879 -1.65481311640072 0.226829667898363 0 0 503 0 0 0 0 0 0 0 0 0 0
10 -0.607482661794253 0.734875773372918 1.04945084639346 -0.812432101043505 -0.469232696653231 2.18747566032969 0 0 504 0 0 0 0 0 0 0 0 0 0
10 -0.186829284919372 -0.29793034766604 0.258197909021685 -3.32230436121731 1.15572254499088 -3.78964796429578 0 0 505 0 0 0 0 0 0 0 0 0 0
10 2.79848750836837 1.69915812385206 -2.37928253115783 -0.0872863120594209 1.92393042710225 1.76568265633585 0 0 506 0 0 0 0 0 0 0 0 0 0
10 0.356355683249397 -0.300205077857766 0.549020194421269 -3.27824724483822 -3.77633365481138 1.44142710513783 0 0 507 0 0 0 0 0 0 0 0 0 0
10 0.851290008633033 -0.144099981839048 0.253318804955932 -0.0584088172921803 0.0995781868167262 0.451310282172395 0 0 508 0 0 0 0 0 0 0 0 0 0
10 -0.0170954995990178 0.293203138731685 -0.255710381908642 -2.1589774443986 0.741245512094642 2.93026011709739 0 0 509 0 0 0 0 0 0 0 0 0 0
10 -0.569803575325643 -0.643368476458502 0.56183676358966 0.237571489736476 1.67740986012534 -1.22510986709675 0 0 510 0 0 0 0 0 0 0 0 0 0
10 -0.480101351610461 3.25281111690865 -0.0208468142567016 -0.183641448823676 -1.02483540151646 -1.02275929029584 0 0 511 0 0 0 0 0 0 0 0 0 0
10 -0.0096965132227927 -0.309090551100174 -0.619024929041038 -2.00261951935925 -1.69232437777717 -1.15777813177273 0 0 512 0 0 0 0 0 0 0 0 0 0
10 -0.410970142054179 -0.08302552867348 0.473190510582699 0.565636398563324 1.24003951512926 1.40556455031724 0 0 513 0 0 0 0 0 0 0 0 0 0
10 0.600151776471565 -1.19167131148012 -0.294628415098591 -0.322662779037932 -0.0503518029980905 -1.14817281638717 0 0 514 0 0 0 0 0 0 0 0 0 0
10 -0.758103177840721 -0.856726319466821 0.295727757667989 1.12336540451973 -0.724018038910221 -1.43063708295363 0 0 515 0 0 0 0 0 0 0 0 0 0
10 -0.296215540608992 -0.229665585211499 0.401366364103115 2.20970127810979 -0.738933566066094 -1.10690320216875 0 0 516 0 0 0 0 0 0 0 0 0 0
10 -0.86562202570826 -0.36191830012817 -0.195756794365198 2.3951651098585 0.651727476890715 2.19872359241362 0 0 517 0 0 0 0 0 0 0 0 0 0
10 0.165186313547 1.14654077305455 -0.292271209110894 -2.09465891474614 1.53611884466043 1.87587888727373 0 0 518 0 0 0 0 0 0 0 0 0 0
10 -0.498088927874696 3.87043990128524 0.94376634222537 0.385954593298931 1.14076585229065 -2.46378022013318 0 0 519 0 0 0 0 0 0 0 0 0 0
10 0.192445643452617 -0.241789962589455 -0.987501008185349 2.1118596097445 -2.72706048858316 -0.00774364386931691 0 0 520 0 0 0 0 0 0 0 0 0 0
10 0.211064575210687 -0.570727729720308 -0.550858075795706 2.04874476258103 2.02421388336325 3.11734401395927 0 0 521 0 0 0 0 0 0 0 0 0 0
10 0.432482883440497 -0.684327267655637 -0.169729486057207 3.25227325239895 -1.36365191581802 1.24191308254293 0 0 522 0 0 0 0 0 0 0 0 0 0
10 -0.112677362194212 0.414097334562757 -0.531981773879839 0.624647048235403 -0.422174716229317 1.82337690818931 0 0 523 0 0 0 0 0 0 0 0 0 0
10 0.543863374732798 0.140546231241956 1.03957064954173 -0.299677471461686 -0.707782826421823 -1.92565664813028 0 0 524 0 0 0 0 0 0 0 0 0 0
10 -0.286827149879123 -0.354701348024041 0.383260282835338 -1.73113685232381 3.56659231291531 0.806165596865371 0 0 525 0 0 0 0 0 0 0 0 0 0
10 0.0634966590306498 0.0200315298314884 -0.34767279529279 0.999455091548904 0.643178725389104 0.821667773352767 0 0 526 0 0 0 0 0 0 0 0 0 0
10 0.101373442510139 -0.0194702929684943 0.179975948060435 -2.29489535210332 -1.26849847764826 1.90836919130164 0 0 527 0 0 0 0 0 0 0 0 0 0
10 1.0893670112785 -0.951808653069729 -2.59686521786367 2.55455230878704 -0.857881821740602 0.502560941763212 0 0 528 0 0 0 0 0 0 0 0 0 0
10 -0.850333256661575 0.222758597837336 4.3686617444217 -1.46636392741826 1.06040800306504 0.960265991655152 0 0 529 0 0 0 0 0 0 0 0 0 0
10 0.591704833488239 0.493578161514616 -0.119707922120935 -1.75688079677732 -0.316240226936108 -2.28255155126928 0 0 530 0 0 0 0 0 0 0 0 0 0
10 0.16984287143895 0.575732264742909 0.988724219007793 -1.20727397470304 -3.35243322164762 0.600569077745514 0 0 531 0 0 0 0 0 0 0 0 0 0
10 2.67170191321915 5.55530479483577 -8.602768878252 -0.324797176583954 -0.991858286947016 -0.635621570591733 0 0 532 0 0 0 0 0 0 0 0 0 0
10 -0.746366347793389 0.618072551363056 -0.856112907318452 -1.01349838874773 -1.12745440876597 1.58456690916984 0 0 533 0 0 0 0 0 0 0 0 0 0
10 -1.24123422604174 0.168287765824059 0.242923467803108 -1.32173434459248 0.384806656835895 0.603207196155747 0 0 534 0 0 0 0 0 0 0 0 0 0
10 -0.134942898226192 0.50287001245469 -0.416280409830664 -0.533291101963922 -1.85815653297501 1.67000476073677 0 0 535 0 0 0 0 0 0 0 0 0 0
10 -0.206351115995561 -0.613824361610434 -0.740533682209284 -1.02544415032108 1.33460725348631 4.39430591221971 0 0 536 0 0 0 0 0 0 0 0 0 0
10 0.892375753814193 -0.190874114913944 -0.082645691231509 0.093725406861397 0.706500992724895 2.74480741442023 0 0 537 0 0 0 0 0 0 0 0 0 0
10 0.728611863954836 -0.31164929088032 -0.133870470235891 0.126623056396458 1.41485937793476 0.00536945744778545 0 0 538 0 0 0 0 0 0 0 0 0 0
10 0.115197519764478 -0.42635489021931 0.174786813080255 0.614852823884233 1.01904347837962 2.71884842301444 0 0 539 0 0 0 0 0 0 0 0 0 0
10 -0.474831575447233 -0.375473388046953 -0.334951410460493 2.63897648329504 2.08048889304484 0.462489802151415 0 0 540 0 0 0 0 0 0 0 0 0 0
10 0.291933913161737 0.365683248139076 -0.650211675506908 -0.841261313567906 -1.70955980191515 2.6073222518724 0 0 541 0 0 0 0 0 0 0 0 0 0
10 0.301363980255026 0.101748084065331 0.0265290218007826 -3.53416470131843 -2.04611376312541 -0.551187982744309 0 0 542 0 0 0 0 0 0 0 0 0 0
10 0.69779925922983 0.0072841776825054 -0.0289610839284935 -0.877465475487941 -0.765804063303939 -1.6367419282641 0 0 543 0 0 0 0 0 0 0 0 0 0
10 0.0612761312765002 0.625453535498054 1.31954339751848 0.5021270222743 1.57762583104199 1.0694940643033 0 0 544 0 0 0 0 0 0 0 0 0 0
10 -0.508457022379854 1.17623881594945 1.63296830491453 1.4028355565375 -2.39521060695762 0.478890059647516 0 0 545 0 0 0 0 0 0 0 0 0 0
10 -0.301628059462936 1.00530007417182 -1.29887568940819 0.199017301192063 0.670814935214251 -1.32691321718386 0 0 546 0 0 0 0 0 0 0 0 0 0
10 0.27585085452886 0.27025885502088 -0.0054647429351287 -0.193872119662674 0.170432074892748 2.5418651899646 0 0 547 0 0 0 0 0 0 0 0 0 0
10 0.645253977643734 0.356444221826438 0.20935708473354 1.31760311154854 -2.99054009474131 0.453029851620415 0 0 548 0 0 0 0 0 0 0 0 0 0
10 -0.243246443937101 -0.609149713248585 0.193767227570809 2.46685150373051 -0.234830617983416 5.01931534722188 0 0 549 0 0 0 0 0 0 0 0 0 0
10 0.363542852478757 0.487949714578534 -0.0616514838056309 2.8570345763903 -3.98067923138192 0.0826890464370445 0 0 550 0 0 0 0 0 0 0 0 0 0
10 0.069320484372886 0.474426264439987 -0.119641259255295 3.70168268290869 1.26638193550059 1.79635915100193 0 0 551 0 0 0 0 0 0 0 0 0 0
10 -2.36796161585753 -0.522967238146204 -1.52457979271137 1.53900310398091 1.12163335195613 -0.727298376104726 0 0 552 0 0 0 0 0 0 0 0 0 0
10 -2.80369702246291 0.13022167405083 -0.232557917116922 0.998868189817942 -2.09001799974967 -0.665045752034152 0 0 553 0 0 0 0 0 0 0 0 0 0
10 -0.0551285691361899 0.33743434856292 -0.132074969275679 1.3848145895214 -0.394840170177736 -3.24495988832172 0 0 554 0 0 0 0 0 0 0 0 0 0
10 -0.0729813351636805 -0.196527322392397 0.403207243986548 -0.230396069421705 -1.53758755641307 -0.78891798813585 0 0 555 0 0 0 0 0 0 0 0 0 0
10 -0.0462434857414721 -0.0370020570350736 -0.41981783351732 2.00459497155678 4.2000444851771 -0.13069548808901 0 0 556 0 0 0 0 0 0 0 0 0 0
10 0.189307950690906 0.740752393722331 1.42949791941137 -0.203229820820358 -0.718716369981021 2.22131452055015 0 0 557 0 0 0 0 0 0 0 0 0 0
10 0.485309349175674 -0.0481219379544663 0.857381497190768 1.59764504343665 -0.487671510930476 -1.46947778164312 0 0 558 0 0 0 0 0 0 0 0 0 0
10 0.774890835502695 -0.871374143845604 0.527049707075301 -0.948407640340057 -0.296750750480134 -0.245878426040911 0 0 559 0 0 0 0 0 0 0 0 0 0
10 0.6265967770678 0.862288829338066 -0.124242904496046 0.547080672525934 -0.959192863623052 0.718021643095383 0 0 560 0 0 0 0 0 0 0 0 0 0
10 0.389286087110271 -0.15971139913171 0.187673561076225 0.0669467349932481 1.57210778072098 2.67944422179364 0 0 561 0 0 0 0 0 0 0 0 0 0
10 0.191233138263253 0.558857313908389 2.2272062153419 -0.0330589323232075 0.214078806885327 -1.16131961632653 0 0 562 0 0 0 0 0 0 0 0 0 0
10 -0.18904197423799 -0.40628367999051 0.53284287037932 2.37937585187493 -0.964824387367239 -3.35305280976518 0 0 563 0 0 0 0 0 0 0 0 0 0
10 -0.349337377386579 -0.177452141370462 0.181635641699163 -3.00766711317035 -0.855733760876328 -0.672860716593183 0 0 564 0 0 0 0 0 0 0 0 0 0
10 -0.139929627231179 0.521475287968185 0.822507583009793 0.0388185441290708 2.14291211222263 -0.360166025199605 0 0 565 0 0 0 0 0 0 0 0 0 0
10 -0.196004651640398 -0.36912371062195 0.410286072890076 -2.28992595090687 3.96663126960862 0.356090444092394 0 0 566 0 0 0 0 0 0 0 0 0 0
10 0.14777761319789 -0.79318818257697 0.709351661894824 -0.0897218732521152 -1.66497748945955 -0.20775947149116 0 0 567 0 0 0 0 0 0 0 0 0 0
10 -0.622578769695733 -1.46611310463394 6.32112601910673 0.548080096392626 -0.349272286867508 0.620503570739424 0 0 568 0 0 0 0 0 0 0 0 0 0
10 0.635162131773355 -0.259429986954798 -0.0591973962619621 -1.23213481812519 0.673773275086524 -1.38142831161228 0 0 569 0 0 0 0 0 0 0 0 0 0
10 0.954716352358042 -0.382053739594766 0.43838397570984 -1.92752775885448 -0.699623664778995 1.56543793258569 0 0 570 0 0 0 0 0 0 0 0 0 0
10 -0.127378160014367 -1.0261241119205 -0.607057170775447 3.45319803898056 -1.55846930890623 1.7470597965193 0 0 571 0 0 0 0 0 0 0 0 0 0
10 -1.40419966393518 1.51832326106553 1.93045428305673 -0.482000730125783 1.9028762186278 0.285274446444359 0 0 572 0 0 0 0 0 0 0 0 0 0
10 -1.04725887219489 0.623125897156316 0.507902759110686 2.9763853308723 -0.866270622900159 1.51154428247098 0 0 573 0 0 0 0 0 0 0 0 0 0
10 1.81132534901926 -1.62212224260306 -0.175303679667333 0.475294531232929 -1.34171857069177 -0.363388707958785 0 0 574 0 0 0 0 0 0 0 0 0 0
10 -0.743632308885614 0.897311973109479 0.239600296486376 1.20621276049238 0.433442340869313 0.0356876315206966 0 0 575 0 0 0 0 0 0 0 0 0 0
10 -0.380190266372892 -0.0285046647950753 -0.682458370703742 2.37990069892643 1.90755655196225 2.7507763022143 0 0 576 0 0 0 0 0 0 0 0 0 0
10 1.31361797583635 -0.24657499477201 0.298231608094724 0.874402563422284 1.14051078073928 -2.48781844701599 0 0 577 0 0 0 0 0 0 0 0 0 0
10 3.32847806037364 1.11567736945353 -1.12962120283456 1.35186181351096 0.228261529781024 0.298637690869834 0 0 578 0 0 0 0 0 0 0 0 0 0
10 0.138612134997435 -0.242757667223898 0.0923986419367867 0.158035032390577 -1.82903471666093 -1.15101351452771 0 0 579 0 0 0 0 0 0 0 0 0 0
10 -0.150610469911411 0.304495322240876 -0.100457587376396 -2.06129338990902 1.86244090843563 -0.259025402376386 0 0 580 0 0 0 0 0 0 0 0 0 0
10 -0.443950289271915 -0.306878868943381 0.136027583344666 4.58471665613526 0.289349540663605 1.60873662896391 0 0 581 0 0 0 0 0 0 0 0 0 0
10 0.77555314703298 -1.52319149776191 -0.703074422777559 -0.655865368659761 0.626793785331615 1.98331095149264 0 0 582 0 0 0 0 0 0 0 0 0 0
10 -1.23430240933227 0.175867743090991 0.0704461347125937 -0.0342029665338252 -0.120786157931276 3.53699874063438 0 0 583 0 0 0 0 0 0 0 0 0 0
10 2.20358626281647 1.01957839712724 -2.07718659187979 0.963674314502308 -1.61416805216328 1.69996326358258 0 0 584 0 0 0 0 0 0 0 0 0 0
10 -0.0732599972124919 -0.621233207039958 0.454538659429626 0.278310634778016 0.300696100402362 0.353748774608584 0 0 585 0 0 0 0 0 0 0 0 0 0
10 -0.531398435129846 0.15939277570131 -0.106454561846759 -2.28541156064058 -0.0605146728752032 -1.51789123221443 0 0 586 0 0 0 0 0 0 0 0 0 0
10 0.186962467834564 0.653029720370906 -0.733891831221404 -0.526568767622794 1.78821967478123 1.57314890363481 0 0 587 0 0 0 0 0 0 0 0 0 0
10 -0.202795505234929 0.0796381507647162 0.211387161054693 4.4004764556407 -0.749664299118803 0.182302540166216 0 0 588 0 0 0 0 0 0 0 0 0 0
10 0.425775225376657 0.023178688059428 -1.17586598548515 0.475171669136926 2.28819513903614 -3.47681330895533 0 0 589 0 0 0 0 0 0 0 0 0 0
10 0.724490875908115 1.26819243910751 1.38474911533076 -2.72907145524564 0.955659952499732 0.739689636205433 0 0 590 0 0 0 0 0 0 0 0 0 0
10 0.102483596057129 1.64282982665292 1.55530875379752 -0.284981642112245 -2.73351741263899 2.63319666652586 0 0 591 0 0 0 0 0 0 0 0 0 0
10 -0.619434328980946 0.0602530530843014 -2.30235741034416 -0.156999625804315 0.314335027159179 -2.04910741860779 0 0 592 0 0 0 0 0 0 0 0 0 0
10 0.24545343233936 0.613265592734786 0.439655311774442 4.08975151515949 0.577236594506468 2.50123149446869 0 0 593 0 0 0 0 0 0 0 0 0 0
10 1.18232526871435 -0.193973022325259 0.207609575957789 2.37756160070368 1.4251092108072 0.169319370489034 0 0 594 0 0 0 0 0 0 0 0 0 0
10 -0.45089132377844 0.0993666972692702 -0.214118312431902 -3.0769462905806 -1.19416419984678 -3.46983331154151 0 0 595 0 0 0 0 0 0 0 0 0 0
10 0.629899065794788 0.85646698155073 0.528928292252292 -2.29078480438338 -0.659744724657473 -0.378398424908432 0 0 596 0 0 0 0 0 0 0 0 0 0
10 -0.32936576517066 -0.149496216835814 -0.0343121363858722 -0.398859571399482 2.65190069357212 1.64436685243216 0 0 597 0 0 0 0 0 0 0 0 0 0
10 -6.65027324279245 6.68411417753984 0.979678550037689 0.700723451873488 0.118226560964443 -0.59860152857061 0 0 598 0 0 0 0 0 0 0 0 0 0
10 -0.195208696144631 0.271996028168925 0.294618739760737 0.845520497895796 -0.937883800119807 1.91343589962496 0 0 599 0 0 0 0 0 0 0 0 0 0
10 0.353436497218576 0.552471171294936 0.007498098471791 0.476013218592934 -0.227251589472289 -1.95406836580387 0 0 600 0 0 0 0 0 0 0 0 0 0
10 0.126420329527443 -0.578036009099934 -0.697159882496948 -0.207241665004963 2.28398294566142 0.588190975221877 0 0 601 0 0 0 0 0 0 0 0 0 0
10 0.423434024278955 0.379603738224921 0.609359080146873 3.54002046367733 -2.21791693098942 0.335183474998184 0 0 602 0 0 0 0 0 0 0 0 0 0
10 -0.463915905838766 -0.509063065847952 -0.974633667326517 0.339694814589486 1.09977293504666 1.52321356776454 0 0 603 0 0 0 0 0 0 0 0 0 0
10 0.190166327679552 0.431874917926208 0.0412836607037195 -3.64715719593454 2.64658846041634 0.498380970089812 0 0 604 0 0 0 0 0 0 0 0 0 0
10 -1.61893287450888 1.62255884482469 -5.77804033563494 0.299397479784388 -0.474213709514508 -0.709358612230768 0 0 605 0 0 0 0 0 0 0 0 0 0
10 -0.122594927421724 0.588600637125363 1.2473380498925 2.05318042084542 1.91690212178578 -1.20019832118663 0 0 606 0 0 0 0 0 0 0 0 0 0
10 1.64913751302097 0.0601268967189311 1.91199688819301 1.69775425943343 1.28212598552133 -0.145945536630866 0 0 607 0 0 0 0 0 0 0 0 0 0
10 -0.562717618947478 -0.112149466270647 0.327151702353223 -1.79712407709038 -4.40974465750865 -0.636262386763055 0 0 608 0 0 0 0 0 0 0 0 0 0
10 -0.633817354893789 0.429790870323618 0.744189489605012 4.08916831728197 -1.12791627660809 -0.41358839557404 0 0 609 0 0 0 0 0 0 0 0 0 0
10 0.300512197986984 -1.41375702352586 -0.763547035636816 1.89875007282311 -0.453795180908774 1.09746914666658 0 0 610 0 0 0 0 0 0 0 0 0 0
10 -0.122686910559742 0.400423890306027 0.919971868586046 2.35570320507986 -1.99140038266625 0.268802629721567 0 0 611 0 0 0 0 0 0 0 0 0 0
10 -0.239081813722092 0.222897451280742 0.233628289779903 -4.93098017263468 -1.02696224084565 -0.332502196369379 0 0 612 0 0 0 0 0 0 0 0 0 0
10 -0.331954051958487 0.0442031580714265 0.229293253927073 -3.60798277837745 -1.11036494806709 1.01621026094444 0 0 613 0 0 0 0 0 0 0 0 0 0
10 0.25619429349554 -0.1494842917208 0.309998273560553 -0.233820539944264 -0.633771171671032 2.36995478013537 0 0 614 0 0 0 0 0 0 0 0 0 0
10 -0.590493904416588 -1.11292269145423 1.1223584204113 0.660452045758942 -1.29185256044445 -1.598655061478 0 0 615 0 0 0 0 0 0 0 0 0 0
10 -1.05608526464648 -0.0864249450751589 -0.148646749359281 -0.858071379780093 -1.17644263212384 1.26851995787768 0 0 616 0 0 0 0 0 0 0 0 0 0
10 0.427067006276832 -0.231126534331127 0.835649577174184 -2.95014089981898 -2.10564743981458 -1.74861063551912 0 0 617 0 0 0 0 0 0 0 0 0 0
10 -0.0983928499130843 0.0489685949408166 0.343311562334548 3.51978442672271 3.11857035026491 0.375275398494501 0 0 618 0 0 0 0 0 0 0 0 0 0
10 -2.21766675819107 -0.656882418536231 0.630869417992396 0.381579804693067 1.83323744201457 -0.207104657309628 0 0 619 0 0 0 0 0 0 0 0 0 0
10 0.480088613242617 -0.271894647246928 -0.807655001874568 -0.60660166410936 -0.565330562344603 -0.705024831785483 0 0 620 0 0 0 0 0 0 0 0 0 0
10 -2.52264818452246 -3.48418080397933 0.368655230832944 0.70095229416409 2.03573537934506 -1.18514322967718 0 0 621 0 0 0 0 0 0 0 0 0 0
10 0.0905368649910485 -0.0183068529605552 0.163930451071855 2.21270817264972 1.00877127712058 2.01594435694176 0 0 622 0 0 0 0 0 0 0 0 0 0
10 -0.442412430819975 -0.323927330350867 -0.701975180977956 2.31135198072412 0.0286070023159542 -3.11420982054569 0 0 623 0 0 0 0 0 0 0 0 0 0
10 -0.342031334950448 -0.925510794791633 0.672632068900295 -1.46848561341165 -1.17997108127059 0.340983244174133 0 0 624 0 0 0 0 0 0 0 0 0 0
10 -0.676053175564429 0.618665029942421 -0.396759858074167 0.656237289412111 -1.15486677881011 -3.79986388251238 0 0 625 0 0 0 0 0 0 0 0 0 0
10 -0.589238181424881 0.0298288106075258 0.355452357395485 -1.02050867090698 -2.0391861093543 -3.60383197923591 0 0 626 0 0 0 0 0 0 0 0 0 0
10 -0.296258616952488 0.111803824660042 0.122781787356088 5.18178105638322 -0.245570049083882 1.15664261384969 0 0 627 0 0 0 0 0 0 0 0 0 0
10 0.678690132370219 0.308879351745055 -0.065564852793865 -0.830608158150605 1.40065702788249 -1.24905890030722 0 0 628 0 0 0 0 0 0 0 0 0 0
10 -0.658513604945311 0.432549846078517 1.56059026304006 -1.46926400169066 1.81818244592483 1.06794548013636 0 0 629 0 0 0 0 0 0 0 0 0 0
10 0.101732650505826 0.0554206495236299 -0.711136659113883 0.481726472542951 0.798651900062335 -3.91441807936825 0 0 630 0 0 0 0 0 0 0 0 0 0
10 1.71863430128308 2.63048041624495 0.822914497208549 -0.918794238921061 -0.780535332742124 0.173475271847641 0 0 631 0 0 0 0 0 0 0 0 0 0
10 7.37308505532432 1.16812489197341 2.0900294624665 -0.965133564977953 0.100099035193024 -0.891218281985944 0 0 632 0 0 0 0 0 0 0 0 0 0
10 -0.406157878748292 0.0828927370518109 -0.179594313377606 3.09837165540027 2.13552513570614 3.39524905634033 0 0 633 0 0 0 0 0 0 0 0 0 0
10 -0.296824574572412 0.0335715058967186 -0.759657121857233 1.38746275701061 2.76571380725368 -1.7559143971707 0 0 634 0 0 0 0 0 0 0 0 0 0
10 3.03746372446713 -0.38376474022606 -3.47608863445056 -1.90195533534951 -0.0588901184355306 0.681952286877758 0 0 635 0 0 0 0 0 0 0 0 0 0
10 0.333670265418692 -1.57630660193116 -0.465845671640001 2.06108601716693 1.32500060156757 -1.61443480252206 0 0 636 0 0 0 0 0 0 0 0 0 0
10 0.732976841367933 -1.36442662105872 -0.755088146992123 -0.636517732142827 1.69872062292423 0.448339349475594 0 0 637 0 0 0 0 0 0 0 0 0 0
10 -0.867764397774948 0.611122069124315 1.22430875484007 0.0424569288824729 -2.2016813496227 0.360040753738141 0 0 638 0 0 0 0 0 0 0 0 0 0
10 0.36786377940739 0.23757825658346 0.515310788820036 -1.72733309059065 -2.75193922458157 1.25302982265107 0 0 639 0 0 0 0 0 0 0 0 0 0
10 -0.77210798980948 -0.0432949207194645 0.213712922544733 0.988388812737108 0.188722039230771 -3.33746629582471 0 0 640 0 0 0 0 0 0 0 0 0 0
10 0.409898669517962 -0.0125624744291436 -0.472358761850373 -0.582455196472419 0.846090600547687 -0.00892094545995771 0 0 641 0 0 0 0 0 0 0 0 0 0
10 -0.417671219390805 -0.0353786400906466 -0.750915506967862 0.457641706925746 1.25198182292899 2.52641668562724 0 0 642 0 0 0 0 0 0 0 0 0 0
10 1.54654224387136 -0.161193172431086 -0.454649580159727 2.2708356492538 0.365820960407003 0.728308578090004 0 0 643 0 0 0 0 0 0 0 0 0 0
10 0.0034977725257419 0.161955807926295 -0.219178880377659 -0.281821206966453 -2.97995041648025 -0.909602379240722 0 0 644 0 0 0 0 0 0 0 0 0 0
10 0.0343555837556831 0.194755628265579 -0.350769771975182 -2.2471696751049 -1.43038320124018 2.33222105306797 0 0 645 0 0 0 0 0 0 0 0 0 0
10 0.647634110367935 0.0254104604384678 -1.76222841991796 1.20157053455302 -1.8224533811064 -2.71267492151517 0 0 646 0 0 0 0 0 0 0 0 0 0
10 0.0498067049140798 0.201718861006207 0.203778188354427 -0.619085724947805 -2.82322131780117 0.397443908970016 0 0 647 0 0 0 0 0 0 0 0 0 0
10 0.897638409870214 -1.24469935888985 -0.494952253738839 -0.590629712763223 1.91295483246412 -0.985487277437387 0 0 648 0 0 0 0 0 0 0 0 0 0
10 -0.0804543119003341 -1.11773502134906 0.540232001409699 -5.10533602214228 1.04004865215463 0.291281205015209 0 0 649 0 0 0 0 0 0 0 0 0 0
10 -3.39527672654877 -0.0322153648472566 2.33554993520174 1.40672234204894 0.0463039928047548 -1.08784256972163 0 0 650 0 0 0 0 0 0 0 0 0 0
10 -0.512469123921058 0.746851150376565 1.0010290350948 -0.0736283629564215 3.67181921170336 1.30751517186582 0 0 651 0 0 0 0 0 0 0 0 0 0
10 -0.130240478965013 -0.184400351520229 -0.384629355894623 -0.910646420305324 2.61457508988103 -2.47468000475147 0 0 652 0 0 0 0 0 0 0 0 0 0
10 -2.03966437794643 2.69267313495931 0.158332453788862 -0.122496608617987 -1.48455263018897 0.0734299265273742 0 0 653 0 0 0 0 0 0 0 0 0 0
10 -0.20683474492151 -0.533938231281244 0.403348525790678 -1.34415469888348 2.44165676414933 0.280559399005855 0 0 654 0 0 0 0 0 0 0 0 0 0
10 -0.687696543467824 -0.346821202927632 0.332827742039176 -3.92498090232833 0.387326276268052 -1.6458256506464 0 0 655 0 0 0 0 0 0 0 0 0 0
10 0.975695945710083 -0.655412185863841 0.782871675741678 1.21541363073187 0.0638951933125254 2.02952836304611 0 0 656 0 0 0 0 0 0 0 0 0 0
10 -1.02686984882487 2.05943723075591 -2.97124103511359 -0.48338838447329 0.963372563027212 -0.904849188296974 0 0 657 0 0 0 0 0 0 0 0 0 0
10 -0.751892972251691 0.790846793412096 -0.0626192752812144 -2.29942799102775 1.50881570767223 2.12083166652343 0 0 658 0 0 0 0 0 0 0 0 0 0
10 1.80490252345271 1.88361591087244 1.61332209814639 1.86893323772666 1.29448846844837 -0.506715547998988 0 0 659 0 0 0 0 0 0 0 0 0 0
10 -0.314069047882314 0.458964239471255 -0.0496482453230349 -0.288149860650506 0.710055047157274 -3.76563312589285 0 0 660 0 0 0 0 0 0 0 0 0 0
10 -0.400304435520257 -0.430164495591063 0.645929322503464 0.783514082061952 0.000631288826383418 -0.353713767343543 0 0 661 0 0 0 0 0 0 0 0 0 0
10 0.525533351440114 -0.489429824771917 -0.606731733588173 0.399636907957495 -2.14818712471525 0.540955653486269 0 0 662 0 0 0 0 0 0 0 0 0 0
10 -1.87723516649199 -3.90132358169711 -1.91444678196773 -0.12879257499629 0.980838111263424 -1.42489405612564 0 0 663 0 0 0 0 0 0 0 0 0 0
10 -0.119343324691241 0.65164500271242 -0.664677663107225 -4.32320423725114 0.458909373654026 2.29283656115079 0 0 664 0 0 0 0 0 0 0 0 0 0
10 -0.444783619807724 0.120426266818619 0.522128655775586 0.438644152861208 2.19132226958665 0.164189049930519 0 0 665 0 0 0 0 0 0 0 0 0 0
10 -0.244031047183265 0.355681931712582 0.693846214975053 -2.54957886018281 -2.43616830806795 -1.48791118446968 0 0 666 0 0 0 0 0 0 0 0 0 0
10 1.4121000338574 -0.279248387017891 -0.667351539991191 1.50234250995402 2.8275051028837 0.0726440508821343 0 0 667 0 0 0 0 0 0 0 0 0 0
10 -0.14480260325485 0.434162888139255 0.236574651906321 -1.57233588296829 1.79773476917273 -2.08893386549209 0 0 668 0 0 0 0 0 0 0 0 0 0
10 -0.464581152033708 0.155776691072877 0.183138756144344 -2.7892280761441 -1.69591968508865 0.484733416725049 0 0 669 0 0 0 0 0 0 0 0 0 0
10 0.39963894831855 -1.22205541576914 -1.21427472827699 0.682847935795915 0.00994365549491978 0.550140161236255 0 0 670 0 0 0 0 0 0 0 0 0 0
10 0.0720798322130035 -0.63055805533495 -0.107104173436506 0.662851875544378 -4.13950237496389 -0.989744432826755 0 0 671 0 0 0 0 0 0 0 0 0 0
10 0.969450261521703 3.86666352953845 3.1631511619586 -1.24738442459027 0.563730621980333 -0.321638611769189 0 0 672 0 0 0 0 0 0 0 0 0 0
10 -0.434183110245729 -0.180897764439694 1.39732005806676 2.41813652042886 -0.916136423328903 1.35698315577193 0 0 673 0 0 0 0 0 0 0 0 0 0
10 -0.660358204262187 0.770522352125502 0.368526225565073 2.85540056003775 1.75455765343724 -1.46902113762108 0 0 674 0 0 0 0 0 0 0 0 0 0
10 1.04004403467333 1.78156476560252 -0.473758582027644 -1.79559503610395 -1.53976227291559 -0.892540322620556 0 0 675 0 0 0 0 0 0 0 0 0 0
10 -0.0729608704653481 -0.0710863081986634 -0.10122407671089 0.156601679550856 -0.285138161361108 -0.330905850589371 0 0 676 0 0 0 0 0 0 0 0 0 0
10 0.0662709708648232 -1.98387666087221 -0.933802717758631 -1.66379139852504 -2.76190742974315 1.48501364296371 0 0 677 0 0 0 0 0 0 0 0 0 0
10 -0.712185418259977 -0.564048117252313 1.02293143107981 -1.75477074219247 0.28025056967216 1.97465936749934 0 0 678 0 0 0 0 0 0 0 0 0 0
10 -1.49882556118232 -0.34158352068101 0.930048222235443 -1.31353315941096 -1.00494478449313 -1.02603082143312 0 0 679 0 0 0 0 0 0 0 0 0 0
10 -0.192521195018579 0.207227673230032 0.606533535383106 2.02417182545878 -1.86836790085976 -0.536264246319947 0 0 680 0 0 0 0 0 0 0 0 0 0
10 0.0313064746866674 -0.448321629631843 -0.588976311460934 -0.798770904265665 -1.31738318368344 -1.1324021523046 0 0 681 0 0 0 0 0 0 0 0 0 0
10 0.436397930582191 0.300600544449444 -0.179076200700708 -3.48582223662367 -1.21795878546421 -3.91737567165671 0 0 682 0 0 0 0 0 0 0 0 0 0
10 -0.650846891759301 -0.278847356763123 0.225811438616682 -0.348805104145795 -2.7443341308205 -2.25653330594862 0 0 683 0 0 0 0 0 0 0 0 0 0
10 0.568820239242983 -1.15587881239046 -1.47540060603388 1.22087938409825 -1.30403668266596 -0.465755216760398 0 0 684 0 0 0 0 0 0 0 0 0 0
10 -0.197075545464052 0.173629406076372 -0.648922697165773 -0.400617252736779 0.0886509575225501 -2.56699904710371 0 0 685 0 0 0 0 0 0 0 0 0 0
10 0.0284201510735469 -0.0933827568771067 0.208765847950113 2.96239112541274 2.13551096709897 -1.95961189655954 0 0 686 0 0 0 0 0 0 0 0 0 0
10 0.0899159779548368 -0.584635332843661 0.359433349775649 3.28789275109406 1.45896624639318 -1.6934335569429 0 0 687 0 0 0 0 0 0 0 0 0 0
10 -0.606086022635728 -1.28383333215352 -0.375001906612651 -1.34785084107612 1.47023674490049 3.88512126917401 0 0 688 0 0 0 0 0 0 0 0 0 0
10 -0.348129836166843 0.201727153512028 0.580038141594397 -1.24093711943185 0.438760412672548 -0.387109015853789 0 0 689 0 0 0 0 0 0 0 0 0 0
10 0.0783681069615497 -1.62041682634212 -1.99489590678165 -1.96532976828417 0.394174610754498 -0.480390760479404 0 0 690 0 0 0 0 0 0 0 0 0 0
10 -0.217423159500934 -0.559713676337868 0.881605565999791 -0.215028003367816 2.2449409213448 -0.569223301613394 0 0 691 0 0 0 0 0 0 0 0 0 0
10 -0.128114717974968 -0.0402977186452331 0.0864353344462213 -2.15071350890841 -3.72518418954425 -0.192579189995442 0 0 692 0 0 0 0 0 0 0 0 0 0
10 -0.0789058580248809 -0.755842752842037 0.559245592061544 2.0730793775079 2.52105184279004 -1.79504912233828 0 0 693 0 0 0 0 0 0 0 0 0 0
10 0.136572901180707 0.492259636242907 1.01734300863115 -0.290886874573433 -3.31791491578852 0.0595226924094621 0 0 694 0 0 0 0 0 0 0 0 0 0
10 -0.0480165234239762 0.371643902062056 -0.0663184090941889 -0.0697002476597902 -0.880421526984636 0.999241537867233 0 0 695 0 0 0 0 0 0 0 0 0 0
10 0.136879087193316 0.0831454279813784 -0.0442206349271756 1.16610644087928 -2.29725820283993 0.649970824735711 0 0 696 0 0 0 0 0 0 0 0 0 0
10 0.242010136676563 -0.0194612884396751 -0.453344173384435 1.3883274275986 0.272137799222459 -0.829866637902414 0 0 697 0 0 0 0 0 0 0 0 0 0
10 -0.0745415978837658 0.379747687512353 0.458210353966875 -2.25696628793832 0.458284492700196 3.02246287765773 0 0 698 0 0 0 0 0 0 0 0 0 0
10 0.603035683453041 -0.273476308121736 0.597452920462645 0.580033088459854 -0.214103769200164 2.27083778707325 0 0 699 0 0 0 0 0 0 0 0 0 0
10 0.11017477759161 -0.123906036144654 -0.941650449984438 3.09730877431042 2.13126935624583 -1.55356681814259 0 0 700 0 0 0 0 0 0 0 0 0 0
10 0.105577747849195 -0.0800625878616678 0.228710083990244 1.72318274663503 -2.50594419823217 0.585326798819218 0 0 701 0 0 0 0 0 0 0 0 0 0
10 -0.0051862353790567 -1.47633296537775 3.39794275701452 -0.296962463359897 0.383339687172498 -0.148464333054182 0 0 702 0 0 0 0 0 0 0 0 0 0
10 -0.115429559686286 -0.224071554702214 -0.531979414775321 -2.76142140728562 -1.56156535014864 -0.151872103778353 0 0 703 0 0 0 0 0 0 0 0 0 0
10 -0.543711887123313 0.258238144566809 0.0295479694274596 -2.38423490209717 3.84249816515317 -0.673946080165565 0 0 704 0 0 0 0 0 0 0 0 0 0
10 0.229926654547566 -0.751910234193524 0.272590063722344 -0.158859984376324 1.89958119994308 -0.494475947980953 0 0 705 0 0 0 0 0 0 0 0 0 0
10 -0.0686462617600698 0.737731829440175 0.0386456481922467 -3.41453011395393 1.77431302106301 0.498912718760455 0 0 706 0 0 0 0 0 0 0 0 0 0
10 -0.229666649934723 -0.0170789988036461 0.151520251598149 -1.68754362849588 -2.2128696050105 1.18487805499607 0 0 707 0 0 0 0 0 0 0 0 0 0
10 1.12816108808877 0.14872262555393 1.96789896911585 0.382990864914801 2.54562292235139 -1.71462803879551 0 0 708 0 0 0 0 0 0 0 0 0 0
10 0.918185789030755 -1.36520192630406 -0.326920759159691 0.536446000543544 1.4603664972352 1.6304487998441 0 0 709 0 0 0 0 0 0 0 0 0 0
10 0.706471448467163 -1.01413971571994 -0.80041379045271 2.82631946600377 0.0959889455367143 -0.385140961471508 0 0 710 0 0 0 0 0 0 0 0 0 0
10 -0.837361208734136 -0.050994557197855 0.514680831395181 1.22310239892934 0.693823129086 0.567403043363493 0 0 711 0 0 0 0 0 0 0 0 0 0
10 -1.37331064740541 -0.943262798376525 -4.48195108039885 -0.0184176729312922 -0.331336824573902 -1.2624738329581 0 0 712 0 0 0 0 0 0 0 0 0 0
10 1.33344334583197 -1.05243238892799 1.18379499434767 0.748979704275203 -0.467449169267509 0.602545337256425 0 0 713 0 0 0 0 0 0 0 0 0 0
10 1.08473372477459 -0.831184333462707 -0.0815007091723393 1.01493156470795 -2.2111776093582 -1.49453576426073 0 0 714 0 0 0 0 0 0 0 0 0 0
10 0.437233189903739 -0.10754192535148 -0.504292726261971 0.635160086731957 -4.15108984209348 -2.30470327132066 0 0 715 0 0 0 0 0 0 0 0 0 0
10 0.924318294576958 -1.50276010011133 0.0946939546808536 -2.76565473628096 0.949553470866679 -2.80004966309964 0 0 716 0 0 0 0 0 0 0 0 0 0
10 -0.659126534295875 -1.40999462582951 -0.299092651098683 -3.17926818246606 1.94468729089876 -1.85359737569045 0 0 717 0 0 0 0 0 0 0 0 0 0
10 -0.397770685862836 0.344921091538926 -0.107366549850935 1.39130852599545 -1.3047267633651 4.31534080110755 0 0 718 0 0 0 0 0 0 0 0 0 0
10 1.26165241474246 0.687664879749054 -0.947722011393616 -3.60289033462587 -1.50975935499326 -2.52724767880465 0 0 719 0 0 0 0 0 0 0 0 0 0
10 0.0176179301688509 -0.0916473013022249 0.0628123717122296 1.07870878235206 3.13870316882613 1.03573236021079 0 0 720 0 0 0 0 0 0 0 0 0 0
10 0.131510230856728 0.611073659593934 -0.195755632285412 -1.48079203718358 1.13555578181694 1.96081633254211 0 0 721 0 0 0 0 0 0 0 0 0 0
10 0.130170944839824 -0.588595344313515 -0.486774426707592 -0.401448563684889 -1.46466169671418 -0.103828608695665 0 0 722 0 0 0 0 0 0 0 0 0 0
10 0.0036494872734929 -1.21823049150026 0.227111118205792 0.637461287244544 2.02532162878278 0.440649073911907 0 0 723 0 0 0 0 0 0 0 0 0 0
10 0.760097051761799 0.419679230087749 1.70087950696208 0.700162976052067 -0.618263849724098 0.309282565936554 0 0 724 0 0 0 0 0 0 0 0 0 0
10 -0.151678032356075 0.14290287649671 -0.399698251864482 -1.42696466560654 0.846317101613111 -1.79005922238382 0 0 725 0 0 0 0 0 0 0 0 0 0
10 1.66225183845278 0.908898972436156 -1.50997756234393 2.22536579079301 -0.43961584025255 -1.25667939516061 0 0 726 0 0 0 0 0 0 0 0 0 0
10 -0.924865075145675 -2.13065114445933 0.253469734509687 0.121082198668805 -0.35222304687242 1.12933128939998 0 0 727 0 0 0 0 0 0 0 0 0 0
10 -0.349279307449827 -0.278246515728005 -0.582680668191972 0.621525809896676 -0.476490384716523 -3.14210628644954 0 0 728 0 0 0 0 0 0 0 0 0 0
10 0.599749742829627 -0.0972631732469042 -1.76011730245546 0.179626888041463 -1.45465947022532 0.505035326512312 0 0 729 0 0 0 0 0 0 0 0 0 0
10 0.131225986632075 -0.337247652337823 1.1037625475605 -0.464296281556711 4.18902001289097 -0.281233254815208 0 0 730 0 0 0 0 0 0 0 0 0 0
10 -0.157229808422769 -0.352112102585173 -0.635670196116166 0.365782115014885 -0.378873947001265 1.89006270739498 0 0 731 0 0 0 0 0 0 0 0 0 0
10 0.0134128303069709 0.197005811054017 -0.576050045941192 2.63784083784192 -2.18835475102419 1.8188857672968 0 0 732 0 0 0 0 0 0 0 0 0 0
10 -0.181745415382148 0.131719248268045 0.386771660410017 -3.89960419195253 1.32247226941905 -0.0711716954124976 0 0 733 0 0 0 0 0 0 0 0 0 0
10 -0.0007027768278527 -0.112340676515636 0.133833534835043 -2.56876143982976 -0.0373676127162769 -0.282540782807514 0 0 734 0 0 0 0 0 0 0 0 0 0
10 -0.213096898305505 -0.43822610949286 0.282563213010564 -1.99396111597181 2.57783051624752 1.88073908354422 0 0 735 0 0 0 0 0 0 0 0 0 0
10 0.455443473460693 -0.21928465059377 -0.114352291358131 0.83631033767151 5.65966978996959 -2.23408609978773 0 0 736 0 0 0 0 0 0 0 0 0 0
10 0.289535042112898 -0.650232123381539 -0.416583415187689 -2.11692556755254 1.56379044946865 -0.65309856232177 0 0 737 0 0 0 0 0 0 0 0 0 0
10 0.533119899680933 -0.337986812960279 -0.484292906342734 2.06528969067516 -2.9421739643974 1.14159206402455 0 0 738 0 0 0 0 0 0 0 0 0 0
10 -0.0574884577909627 -0.422213757852168 -0.0661886326179282 1.79383980212416 0.823266784698596 0.437884683460021 0 0 739 0 0 0 0 0 0 0 0 0 0
10 -0.518503835761082 0.398456798958481 0.188003997212612 2.99870060687851 -2.2458218052076 -2.89252001456581 0 0 740 0 0 0 0 0 0 0 0 0 0
10 0.306820689958465 -0.488996493052464 0.640009166273431 -3.87036542987611 -0.975488359369174 0.965117731083343 0 0 741 0 0 0 0 0 0 0 0 0 0
10 -0.0712906426640427 -0.250011081363173 -0.167556011204722 -0.403151833476125 0.53236544371357 -6.43758529409158 0 0 742 0 0 0 0 0 0 0 0 0 0
10 0.563569206251706 1.3397155778318 2.02800718375786 0.304206860390816 0.354368870661643 -1.48402754635722 0 0 743 0 0 0 0 0 0 0 0 0 0
10 -1.04722842446492 1.93537305347442 0.483934840516168 0.787104494756516 -0.796809596585982 1.52804989430927 0 0 744 0 0 0 0 0 0 0 0 0 0
10 0.198133091373568 -0.707517233326394 -0.510543264677161 -0.0315578679574546 -2.90156767116127 0.19661822244498 0 0 745 0 0 0 0 0 0 0 0 0 0
10 -0.237469539482558 -0.192774663522319 -0.343357286495225 0.220913732855909 -1.64567005627218 -0.255552952832471 0 0 746 0 0 0 0 0 0 0 0 0 0
10 0.945951700246121 -0.289112132434737 -0.334399147871526 -0.95561535104177 -0.700984539712398 0.605233566103672 0 0 747 0 0 0 0 0 0 0 0 0 0
10 4.54476011896298 1.03684013800049 -2.96740071275727 0.449410761413161 -0.586820840750729 -2.08970038640182 0 0 748 0 0 0 0 0 0 0 0 0 0
10 -2.15531715738241 -1.00725085965061 -0.298432960527177 2.4310218874626 -1.35430038110673 -1.27189699799108 0 0 749 0 0 0 0 0 0 0 0 0 0
10 -0.242012140313655 -0.554108992747585 -0.60523136002496 2.28598444723134 -1.29583687149713 0.80673925981254 0 0 750 0 0 0 0 0 0 0 0 0 0
10 -1.3759835484203 -0.526191840162398 -0.320066726017933 -0.955471320567982 0.366650184175481 -0.0319113760519535 0 0 751 0 0 0 0 0 0 0 0 0 0
10 -0.0481975240793141 0.244422188876333 0.256905010915784 1.40244440817237 -3.29731865405261 1.37585109104975 0 0 752 0 0 0 0 0 0 0 0 0 0
10 -0.301718679123576 1.38041204405903 0.797899763562883 0.0118915517197853 1.00019632338663 0.42129721702683 0 0 753 0 0 0 0 0 0 0 0 0 0
10 -7.22486518685757 -2.50513150754967 1.03859234514112 -0.0709154046086196 1.60841663212143 -0.315633844625457 0 0 754 0 0 0 0 0 0 0 0 0 0
10 0.427107024702201 0.0601198212878222 0.0866174394709516 -4.47813809333435 -0.873851864548869 2.78573980804988 0 0 755 0 0 0 0 0 0 0 0 0 0
10 -0.229051676182615 0.13491690601019 0.33608196906556 0.278461442793163 3.11993773261163 1.59818730909093 0 0 756 0 0 0 0 0 0 0 0 0 0
10 -0.379247542203484 0.141317669569171 0.587086246095665 3.17120303182238 1.52970090519345 -0.50462279424155 0 0 757 0 0 0 0 0 0 0 0 0 0
10 0.156104027393502 0.86770062245776 -0.196484448381615 1.25361152080254 -0.883431170989162 -0.659950525998326 0 0 758 0 0 0 0 0 0 0 0 0 0
10 6.17254652955838 -7.95777303042204 -4.63271312339174 -0.0267695522305216 -1.25605911011141 -0.651247314462163 0 0 759 0 0 0 0 0 0 0 0 0 0
10 -0.0848259582651994 -0.0469812048433234 -0.685947068609325 -2.02692125600959 1.98319806233908 1.79699521666741 0 0 760 0 0 0 0 0 0 0 0 0 0
10 -0.77856527012853 0.584659992667135 0.366682306165414 -0.508305659290079 0.585418377222948 -3.49999076479782 0 0 761 0 0 0 0 0 0 0 0 0 0
10 -0.177284012218374 0.479803027185277 1.02174504274613 2.29434116775848 0.596358033981428 0.371139013712385 0 0 762 0 0 0 0 0 0 0 0 0 0
10 -0.392244665312439 1.5467534675277 0.682495585965643 2.24312614024895 -0.561938840867417 -3.00424171291164 0 0 763 0 0 0 0 0 0 0 0 0 0
10 -0.703499073408356 -0.0781727632233803 -0.196432843435435 0.548675671484135 2.45850702539906 -3.95998757373973 0 0 764 0 0 0 0 0 0 0 0 0 0
10 0.471423045038885 0.84460048708896 -0.389071471827808 0.383477627665527 0.683850843923554 -3.93821206374328 0 0 765 0 0 0 0 0 0 0 0 0 0
10 0.566354918111609 -0.245504960369717 -0.711759545147402 -0.487867622741174 -2.51854849955394 -1.21900574495265 0 0 766 0 0 0 0 0 0 0 0 0 0
10 0.392071162294116 -0.20190987072086 -0.122321825796646 0.749193020860306 0.240029340101926 -2.56413590114377 0 0 767 0 0 0 0 0 0 0 0 0 0
10 -1.9141242115801 0.207118920670159 0.516835834013394 0.617639187581601 0.766732283717071 0.133572247577079 0 0 768 0 0 0 0 0 0 0 0 0 0
10 -0.539318281095902 -0.0281017251617643 -0.376302586223953 -0.203376273939569 2.53897084000918 -1.90172008333803 0 0 769 0 0 0 0 0 0 0 0 0 0
10 -0.759649249398502 0.0915770260954228 0.0602831292135579 0.0669478664248203 1.73405721857093 0.413895721013597 0 0 770 0 0 0 0 0 0 0 0 0 0
10 2.88432872582814 1.42116467772091 -1.50196538642965 -1.55404587851852 1.23683608858639 -0.0256065029386492 0 0 771 0 0 0 0 0 0 0 0 0 0
10 0.270391246945068 -0.177104823621066 0.56728757354531 0.196819030093411 -1.48223237547419 0.844787454592073 0 0 772 0 0 0 0 0 0 0 0 0 0
10 0.348110348631275 -0.268426175624879 -0.0075719502380506 -1.1747763986673 -1.2293882097849 3.25353219601023 0 0 773 0 0 0 0 0 0 0 0 0 0
10 -0.579807713681202 0.114684495715436 0.201962527753872 2.14555106720973 -0.491746355620641 0.13978058226067 0 0 774 0 0 0 0 0 0 0 0 0 0
10 -0.215160633606658 0.144834515276562 0.0243110719049278 2.31051189516768 -4.75724956808576 -1.49756534742245 0 0 775 0 0 0 0 0 0 0 0 0 0
10 0.982415523831088 -1.60458902873844 0.335277406982715 -0.637404336885355 2.48510853295371 2.21631579591603 0 0 776 0 0 0 0 0 0 0 0 0 0
10 0.906963295818665 -0.949546319898446 1.86660473658921 0.793668085121064 2.30663186496437 -1.42713661555765 0 0 777 0 0 0 0 0 0 0 0 0 0
10 0.199534823346147 -0.232348015999635 -0.295611579478452 2.46612194436719 0.605673357455866 -2.92400957804095 0 0 778 0 0 0 0 0 0 0 0 0 0
10 -0.520742195452187 -0.324743991501367 0.188960984396696 -2.61326395213563 -0.141993121830078 -2.26150165497934 0 0 779 0 0 0 0 0 0 0 0 0 0
10 -0.0485140344024192 0.362649458445682 -0.38804812798266 0.510575063157348 -3.22455560049155 1.92667789988605 0 0 780 0 0 0 0 0 0 0 0 0 0
10 -4.2347189634806 -1.00814824832561 7.44537185584256 0.382098203454731 -0.849452150294648 -0.56073439905942 0 0 781 0 0 0 0 0 0 0 0 0 0
10 -0.309462789519065 0.936138344535326 1.06940714533582 2.51854123841926 2.24312663523757 0.263577694081589 0 0 782 0 0 0 0 0 0 0 0 0 0
10 -0.46567315382716 -0.388797120395499 -0.0667538569840539 -0.733481353909987 -0.628048353014244 -0.892346734941812 0 0 783 0 0 0 0 0 0 0 0 0 0
10 0.241458917815368 0.346338460264376 0.693302238347538 1.26578328363543 -0.317794042472723 1.43595578579424 0 0 784 0 0 0 0 0 0 0 0 0 0
10 0.69732727033122 0.0851873488773591 0.940719250608777 -1.32183120155427 3.49586555091785 0.141644332262895 0 0 785 0 0 0 0 0 0 0 0 0 0
10 0.105677268578602 -0.494089097673642 0.0769702291310358 -1.41128979700295 -1.81821551507361 -1.05065868336656 0 0 786 0 0 0 0 0 0 0 0 0 0
10 -1.17446144983043 -2.3685493194439 0.0747985974014274 0.820464067257307 -0.43243793305277 1.92061639940101 0 0 787 0 0 0 0 0 0 0 0 0 0
10 0.319021743797161 0.780010732887221 0.985543524519417 -2.32431980492544 1.97659568021176 2.28150123442929 0 0 788 0 0 0 0 0 0 0 0 0 0
10 0.94043448927505 -1.94982832655079 -0.525104777340255 -2.10086092730333 -0.291397902380624 -1.05393453710015 0 0 789 0 0 0 0 0 0 0 0 0 0
10 0.33884446208355 0.0219733150790363 -0.343967496210737 -2.17230633630856 1.01488291167325 3.62892319039014 0 0 790 0 0 0 0 0 0 0 0 0 0
10 0.388133596716953 -4.21529078658447 -0.849477400056271 -1.16126646307187 -0.331131744457207 -1.76300856829894 0 0 791 0 0 0 0 0 0 0 0 0 0
10 1.32641357419895 1.10263116358946 0.547951446489657 0.0499577817593124 0.133224629363087 0.574748609300557 0 0 792 0 0 0 0 0 0 0 0 0 0
10 0.114908505690435 -0.979724059059948 -1.18178912348339 -0.399754212692953 -1.54122960237328 2.37802215339396 0 0 793 0 0 0 0 0 0 0 0 0 0
10 1.44789460939524 -0.624809763522877 0.253280167153023 -0.941208926237577 -1.23992373937676 0.241751885616407 0 0 794 0 0 0 0 0 0 0 0 0 0
10 0.0902647831613116 0.16942114527938 -0.0164954009568299 -0.77033696911285 -1.32077147544539 2.28787364055505 0 0 795 0 0 0 0 0 0 0 0 0 0
10 0.298609988807889 -0.483739798485438 0.369224088519055 -0.811922339932175 4.44103889098368 0.571116007201182 0 0 796 0 0 0 0 0 0 0 0 0 0
10 0.0097117878141257 -0.335246224832518 -0.184987491788347 0.122125956533184 1.73603631253786 2.92369890167633 0 0 797 0 0 0 0 0 0 0 0 0 0
10 -1.25495775504412 1.04344427616523 -0.570572540786881 -1.03949587511985 -0.829737318152875 1.58502218805539 0 0 798 0 0 0 0 0 0 0 0 0 0
10 1.10984529055921 -0.467576485084723 -1.33500154371843 -1.61967255808588 -0.393219018615946 -0.965225092657016 0 0 799 0 0 0 0 0 0 0 0 0 0
10 -1.57760642255268 2.01524216166245 1.31542267832179 -0.928016726242747 -0.276248882365173 -1.04058167762127 0 0 800 0 0 0 0 0 0 0 0 0 0
10 -1.58237674287441 2.10947328862793 -1.64661504714795 -0.0372865480184311 0.510802847518946 -0.0122130848513833 0 0 801 0 0 0 0 0 0 0 0 0 0
10 -0.916392020476487 -0.352814361046847 -0.705002037052651 -0.563643853238778 -2.13253238388251 0.432796896531667 0 0 802 0 0 0 0 0 0 0 0 0 0
10 0.188664257206578 -0.128834274398375 -0.356260686738439 3.72032618740231 -3.42427331582132 -2.4549701737076 0 0 803 0 0 0 0 0 0 0 0 0 0
10 0.557202868230692 -0.445680039881154 1.55371424378349 -2.06505902200701 0.719567266241253 -1.14511254607329 0 0 804 0 0 0 0 0 0 0 0 0 0
10 0.703826911799572 1.72297884460003 0.494759904598642 -0.761192112541079 2.33837455160896 1.52948928564711 0 0 805 0 0 0 0 0 0 0 0 0 0
10 -0.969387914669684 0.639594022792584 0.2504048242594 -1.03897343825055 -1.35680806109219 0.667108304006066 0 0 806 0 0 0 0 0 0 0 0 0 0
10 -1.12868228893234 -0.15164505915413 0.634279625611134 -1.42896299237541 0.89459740480023 3.11079703648794 0 0 807 0 0 0 0 0 0 0 0 0 0
10 -0.640642970384723 0.214883326297633 1.14171385346262 -1.13957580139576 -0.900519915356846 0.479035456722243 0 0 808 0 0 0 0 0 0 0 0 0 0
10 -0.427813660546395 -0.238056730143847 0.068167836224555 -3.02800225514687 -4.43400726313828 -0.0820586949629165 0 0 809 0 0 0 0 0 0 0 0 0 0
10 0.50283520425163 -0.771640463601899 0.810432485466483 0.209146321901029 -1.9181715684858 -0.468149678045446 0 0 810 0 0 0 0 0 0 0 0 0 0
10 0.0864942689712259 -0.0181170309035439 0.167621859408557 0.797822099690588 -0.478707214213043 -1.4037525645259 0 0 811 0 0 0 0 0 0 0 0 0 0
10 0.0763481764594709 -0.418662761497289 -0.950783989241147 0.634663993117211 0.17968112681374 -5.0873101952867 0 0 812 0 0 0 0 0 0 0 0 0 0
10 1.13220095578391 -0.959816487698765 -0.14837935882752 -1.00110554996636 1.56393834726569 0.98430910062386 0 0 813 0 0 0 0 0 0 0 0 0 0
10 -1.07399992057411 -1.49383498904046 1.00288553824425 0.964155786652321 -0.335739337311364 -0.858092956786906 0 0 814 0 0 0 0 0 0 0 0 0 0
10 -0.182396265968905 -0.203072316814319 0.160461224331629 -0.721732572896311 0.218392392051206 1.02436340750487 0 0 815 0 0 0 0 0 0 0 0 0 0
10 -0.102441429046803 -0.0413108055858585 -0.250055054541225 0.747946762801607 2.05003643838767 0.210103890012878 0 0 816 0 0 0 0 0 0 0 0 0 0
10 0.710327294566446 0.341241530772291 0.504842350509748 -1.26977127549057 3.41784832642973 2.8395794100536 0 0 817 0 0 0 0 0 0 0 0 0 0
10 -0.198224032635413 -0.272880024126518 0.463281454260037 3.98299792527339 -1.15462262370576 -1.83390120841319 0 0 818 0 0 0 0 0 0 0 0 0 0
10 -0.631964160745338 -0.0704838446195944 0.286215077642992 -3.65538185040578 1.04890705647743 2.78386946516649 0 0 819 0 0 0 0 0 0 0 0 0 0
10 0.120725858575308 -0.418591194628951 0.42560178264467 2.73327251606053 -1.10039845201072 0.379386766443639 0 0 820 0 0 0 0 0 0 0 0 0 0
10 0.276178132585373 -0.115169209972537 -0.28377466227443 2.85407627147162 -1.59954066812198 1.43126512480156 0 0 821 0 0 0 0 0 0 0 0 0 0
10 -0.255450502174732 -0.280713700744521 -0.529707260969931 2.1239242455253 -3.11359453962741 -1.59988282725316 0 0 822 0 0 0 0 0 0 0 0 0 0
10 0.341064467243711 0.154893910709727 -0.0282225368326485 -1.32131989220169 -4.11623847810354 1.00239653986929 0 0 823 0 0 0 0 0 0 0 0 0 0
10 -0.0157565717182332 0.0490360805826036 -0.397264816409555 -0.49292346753307 -2.00117323880727 3.56261488678562 0 0 824 0 0 0 0 0 0 0 0 0 0
10 0.0317600575896797 -0.0520189252748618 0.336056540880172 1.73111769089565 0.558471551771671 -3.98854074537876 0 0 825 0 0 0 0 0 0 0 0 0 0
10 -3.42377382998087 -1.15032617454265 5.68149360830489 -0.168857416322932 -0.720970986949597 0.628757877122626 0 0 826 0 0 0 0 0 0 0 0 0 0
10 -0.571218130841291 -0.486471802057531 0.0591408177431587 0.667540218383677 0.584350335862559 -0.0917349400131138 0 0 827 0 0 0 0 0 0 0 0 0 0
10 0.17575857613759 -0.786011294185975 0.641977402886223 -1.83878674804858 1.17953950771679 -0.779288599470738 0 0 828 0 0 0 0 0 0 0 0 0 0
10 0.306218855192798 0.0506914879757211 0.0220139029690345 1.72739987729167 3.79569070127438 1.70823017458631 0 0 829 0 0 0 0 0 0 0 0 0 0
10 -6.04969834070478 -3.58022277639205 3.655074270818 1.27628303430296 -1.25707293993875 0.114855761349218 0 0 830 0 0 0 0 0 0 0 0 0 0
10 0.58982780297042 0.475401831962035 -0.781744902251228 -2.43156402055264 -2.00635986254536 -1.80889599277095 0 0 831 0 0 0 0 0 0 0 0 0 0
10 -0.027468998754572 3.49120846396814 -1.20032629013065 -1.63338886656962 1.48711515058529 0.365306417366958 0 0 832 0 0 0 0 0 0 0 0 0 0
10 -3.52210369548367 -0.934695127076343 0.151797109289723 -1.18483459489146 -1.05066262863905 0.457778535573692 0 0 833 0 0 0 0 0 0 0 0 0 0
10 -0.780912424557187 0.225493340361837 0.506171088947441 -1.12225436488877 1.34063757401879 2.49876891013247 0 0 834 0 0 0 0 0 0 0 0 0 0
10 0.414097672188355 0.126921634868954 0.226039100319192 -2.40692323586313 1.64865544715049 0.727172658347572 0 0 835 0 0 0 0 0 0 0 0 0 0
10 -0.406909254558353 -0.520631556905485 0.391822603015375 -2.9385980601584 3.7899614633074 1.5778700184483 0 0 836 0 0 0 0 0 0 0 0 0 0
10 -0.497809484198798 0.166506339515311 -0.522712554558822 2.37734737908811 -0.248692670106669 -1.38683011095549 0 0 837 0 0 0 0 0 0 0 0 0 0
10 2.54582715943722 0.70219597938004 1.94155943110507 0.850560846156268 1.20399980402793 -1.47023189766081 0 0 838 0 0 0 0 0 0 0 0 0 0
10 0.680768942748812 0.136548886754718 1.04541284359129 -0.310636899042403 -1.09106681673033 -3.2954878718521 0 0 839 0 0 0 0 0 0 0 0 0 0
10 1.4214609357912 -0.374209343293902 1.33217829253179 -0.778962142148647 2.03319456843825 1.79851736192603 0 0 840 0 0 0 0 0 0 0 0 0 0
10 -0.488949507001301 0.914717221243492 0.749805938842967 2.23695136955599 -0.220389106136717 -1.24408135088156 0 0 841 0 0 0 0 0 0 0 0 0 0
10 -0.353322439539045 -0.290090275348272 0.243793373786443 -2.36046988642054 -2.29533474517586 1.5372829940121 0 0 842 0 0 0 0 0 0 0 0 0 0
10 0.435295036529795 0.224417263323213 -0.225084393742307 1.47770539364274 -0.945681322126438 -3.44283716223083 0 0 843 0 0 0 0 0 0 0 0 0 0
10 1.62778559567934 -1.28186786381319 0.0770987102754081 1.91243426182882 1.96886677777195 -1.64760297104784 0 0 844 0 0 0 0 0 0 0 0 0 0
10 0.901456709973595 -1.04765273288609 1.04896769049783 -0.658665954127508 -0.750832364114182 0.796745435325324 0 0 845 0 0 0 0 0 0 0 0 0 0
10 -0.534705639443697 0.494281607572796 0.265971627139631 -0.574762934175522 2.91193332654031 -0.714411133082672 0 0 846 0 0 0 0 0 0 0 0 0 0
10 -0.984810021809198 -0.478641428026534 -1.34643425379166 1.41452068255815 -3.1575968938868 -1.40209393899322 0 0 847 0 0 0 0 0 0 0 0 0 0
10 -0.865678486832194 2.40175474999993 3.06625811962266 0.653314408572726 0.188837383226345 -2.06873325973939 0 0 848 0 0 0 0 0 0 0 0 0 0
10 0.413060900893344 0.0385514554745636 0.11304134184079 -0.589993706799637 1.25982240880944 -0.222311778256853 0 0 849 0 0 0 0 0 0 0 0 0 0
10 0.641385504744928 -0.808847326504089 1.67024455270776 1.00055245452052 -2.91876195508764 -1.87696549943262 0 0 850 0 0 0 0 0 0 0 0 0 0
10 -0.155056288433425 1.04965943836738 -0.495228140915313 1.65915172924933 -1.376995078244 -2.59639811472473 0 0 851 0 0 0 0 0 0 0 0 0 0
10 0.18424674432404 0.495964820677607 0.407554406388802 -2.76040510948907 -0.0468391238892107 1.92550501264176 0 0 852 0 0 0 0 0 0 0 0 0 0
10 0.221411202353974 0.374900307850937 -0.109126336374584 1.55625717039783 -3.52489292760476 -0.370922612880304 0 0 853 0 0 0 0 0 0 0 0 0 0
10 -0.283487301315817 0.55881084504114 0.0782519677907901 -4.29030460225578 -1.60604021985739 -0.773518861533272 0 0 854 0 0 0 0 0 0 0 0 0 0
10 -0.321075727997761 -0.982340228247425 0.331527917562744 -0.178582826228151 -1.16360960602319 3.8598332361789 0 0 855 0 0 0 0 0 0 0 0 0 0
10 -1.39771158428314 1.52596836793715 -0.987977227278483 -0.257105214753579 1.46856127103265 -0.264873477866709 0 0 856 0 0 0 0 0 0 0 0 0 0
10 -0.488186455664575 0.317019306387106 -0.363780005566999 1.86934548436783 0.39501632640306 -2.87096070820695 0 0 857 0 0 0 0 0 0 0 0 0 0
10 0.537198678569421 1.29848617842353 0.0299514392918718 -0.279988637859446 0.737855400946547 2.31895861887921 0 0 858 0 0 0 0 0 0 0 0 0 0
10 -0.672214446818674 0.619057320714036 -0.867398637971008 1.35293235497866 -1.40406519152368 -2.42558009861018 0 0 859 0 0 0 0 0 0 0 0 0 0
10 -2.46036251878873 -0.540270381719024 0.437865114947169 0.0947262225062752 0.104629949263314 -0.827708890102917 0 0 860 0 0 0 0 0 0 0 0 0 0
10 0.903130203542599 0.434230184766675 -1.24187354162159 -1.93745396331518 -0.395049115748919 0.193833014657448 0 0 861 0 0 0 0 0 0 0 0 0 0
10 -0.213863989426174 -0.754759605328528 0.428863134416782 0.976669727565369 -1.64762890048439 1.11289102590962 0 0 862 0 0 0 0 0 0 0 0 0 0
10 0.0657260116579068 -0.423848484498411 -0.111050963862703 -3.34254067182389 -0.0864421140246567 -0.134715169195653 0 0 863 0 0 0 0 0 0 0 0 0 0
10 0.541320488480991 -0.207469623205041 0.606744738546693 -2.48206334392558 -0.8458662570337 -0.106697757971627 0 0 864 0 0 0 0 0 0 0 0 0 0
10 2.36953537258948 -1.45303601616838 4.06751983276559 0.0771957073794422 1.10348001958578 -0.404849818386228 0 0 865 0 0 0 0 0 0 0 0 0 0
10 0.0398489877157254 -3.10218408937648 2.07991145106714 -0.558126878201822 -0.0981647268151966 0.894676430036861 0 0 866 0 0 0 0 0 0 0 0 0 0
10 0.767798795664111 -0.97414791736779 -0.560465549756301 -1.81381971166828 0.965295454131904 -3.94586740116639 0 0 867 0 0 0 0 0 0 0 0 0 0
10 -1.16579910150337 -0.944778456404792 -1.18259281365642 2.1612912829496 0.473255650101865 0.929769843028391 0 0 868 0 0 0 0 0 0 0 0 0 0
10 -0.207819906330322 0.437082651884281 -0.580012206236396 -0.535353144248899 1.51695949799918 0.625859467309448 0 0 869 0 0 0 0 0 0 0 0 0 0
10 -0.0923471608846762 -0.0037498608610057 0.427182338950419 -4.21291934440371 -1.02229560420141 2.33132085792157 0 0 870 0 0 0 0 0 0 0 0 0 0
10 -2.29073058697559 -0.995119468672495 3.27761665407561 1.41058974144006 1.989561103405 1.53900014490448 0 0 871 0 0 0 0 0 0 0 0 0 0
10 -2.47785908208665 13.1107405153795 -8.709843355508 -0.361425577871725 0.134030274606298 0.710294075922521 0 0 872 0 0 0 0 0 0 0 0 0 0
10 -0.782720376349226 0.198415183543008 -0.176837620988925 -0.8729475486025 -1.06231484761893 -3.63736938736391 0 0 873 0 0 0 0 0 0 0 0 0 0
10 0.0348230350879379 0.103355851580874 -0.654221087347454 3.40762820828864 -0.678248083320729 2.67543389387141 0 0 874 0 0 0 0 0 0 0 0 0 0
10 0.401066362925624 -0.853854953314398 1.06413189852189 -0.472899566876295 2.92089320394929 1.93332442708976 0 0 875 0 0 0 0 0 0 0 0 0 0
10 0.101108951897875 -0.147598326330484 0.0935690280187368 -0.246217248734212 3.10501956666145 -4.1193016500824 0 0 876 0 0 0 0 0 0 0 0 0 0
10 -0.943646338169026 0.809584621996244 -2.93719815487007 0.612814366951037 -1.51336441147358 1.00539056003774 0 0 877 0 0 0 0 0 0 0 0 0 0
10 0.0362419116718032 -0.702449139261599 -0.344281332078183 2.93664185399462 -0.267764482639796 0.842057902029602 0 0 878 0 0 0 0 0 0 0 0 0 0
10 0.0351524315942696 1.06917055046567 -0.142211190408563 2.81852469742702 -0.66410045662685 0.83868973300687 0 0 879 0 0 0 0 0 0 0 0 0 0
10 -0.194450198486244 1.4911292543888 -1.35638163209746 -0.471735313265571 -0.4692237725274 1.65275109590574 0 0 880 0 0 0 0 0 0 0 0 0 0
10 -2.30159254188986 -2.92790965175494 0.158710020634432 1.62291238480652 0.174898823659679 -0.945539647838424 0 0 881 0 0 0 0 0 0 0 0 0 0
10 0.0223749980583976 0.169297667758969 0.833801340286128 -1.81748504188794 1.54558794873608 1.17085265068169 0 0 882 0 0 0 0 0 0 0 0 0 0
10 -0.625282285413255 -1.35359269596489 0.168895122314935 3.07490576214425 -0.167179643851331 0.00219543000877533 0 0 883 0 0 0 0 0 0 0 0 0 0
10 1.98770122893123 -1.89046270331698 0.358197806336553 -1.60338639795322 0.166095353821658 1.27045296161285 0 0 884 0 0 0 0 0 0 0 0 0 0
10 0.172746164020212 0.337212712979521 -0.216190482886041 3.4339114295048 -0.906304948685103 0.463268134279727 0 0 885 0 0 0 0 0 0 0 0 0 0
10 0.755396111931281 0.311509925643867 -0.158996839070361 0.402234294509228 -3.5838158227851 -1.94602873339578 0 0 886 0 0 0 0 0 0 0 0 0 0
10 0.0831555280824356 0.757822968690566 1.19948704623405 -1.49086954609052 -0.0655243549670627 -3.24084446507108 0 0 887 0 0 0 0 0 0 0 0 0 0
10 -0.933141500613295 0.203581466401238 0.428362735549735 -0.866318874044283 -0.59044571643337 -0.256509011224867 0 0 888 0 0 0 0 0 0 0 0 0 0
10 0.435532125259925 -0.139484662965204 -0.115126092390567 2.50807074560088 3.30547878152925 -2.88325442236139 0 0 889 0 0 0 0 0 0 0 0 0 0
10 0.490739641512421 -1.71663863060861 0.0945816146682312 -1.38307686281517 0.3186615857971 0.324022727658191 0 0 890 0 0 0 0 0 0 0 0 0 0
10 -0.401590033326146 0.0379962428930313 -2.55510535375232 -1.36831106068668 -1.55511079251658 1.38481265828156 0 0 891 0 0 0 0 0 0 0 0 0 0
10 0.157554823671264 0.0776976611476029 -0.482170443934094 0.517720722368705 0.723241363894104 -2.08966263697092 0 0 892 0 0 0 0 0 0 0 0 0 0
10 0.793717788676863 0.0656138393037905 -0.634945291130309 0.80901270046223 -2.03899110984474 0.56954667397769 0 0 893 0 0 0 0 0 0 0 0 0 0
10 1.31542523943366 1.54599093904101 -0.70777155373555 -2.21140579500721 -2.40658470887051 0.259651953307934 0 0 894 0 0 0 0 0 0 0 0 0 0
10 0.931442590140866 0.876025957094127 -0.564146102765209 -0.694011944233157 -2.04130944449256 1.07099481518752 0 0 895 0 0 0 0 0 0 0 0 0 0
10 0.498149811543886 -0.450493874310247 0.298657521693252 0.0255721371936073 -3.18258572008643 -0.933146224227417 0 0 896 0 0 0 0 0 0 0 0 0 0
10 -0.220247074523014 -0.0544109160709723 0.0365923201048587 -0.672444515798755 -2.23772542474946 0.705289126733697 0 0 897 0 0 0 0 0 0 0 0 0 0
10 4.50972629945302 -5.84774709590099 4.25581132663057 0.234311228139614 1.10440007887279 0.792728515264564 0 0 898 0 0 0 0 0 0 0 0 0 0
10 -0.922109882056558 0.298570472630755 -0.60366274928736 -0.66680120317082 -2.06751866408325 0.466157607544323 0 0 899 0 0 0 0 0 0 0 0 0 0
10 -0.225414020151925 -0.392507020241841 0.076578407094314 0.935427012284497 4.54641840907789 1.69514038031589 0 0 900 0 0 0 0 0 0 0 0 0 0
10 0.0322060815876315 -0.105661239490443 0.0005226474542728 -0.668831488322681 -2.07977825276628 0.770884614884323 0 0 901 0 0 0 0 0 0 0 0 0 0
10 0.100858773038046 -0.102228356271884 0.482617368004175 -1.29508367771381 -1.78851123125708 0.153644820040894 0 0 902 0 0 0 0 0 0 0 0 0 0
10 -0.313234171470031 0.718457809866666 0.827425038220206 3.87330871127839 -0.343429999943692 1.39387060014368 0 0 903 0 0 0 0 0 0 0 0 0 0
10 -4.20447414789578 -3.87222689890306 -3.13125959570137 -0.5481626067546 -1.06410215403164 0.789036265942106 0 0 904 0 0 0 0 0 0 0 0 0 0
10 0.999371357832075 -0.194872357516013 -1.71063621185957 0.300644261322124 2.78804671304688 -0.509654666101805 0 0 905 0 0 0 0 0 0 0 0 0 0
10 3.2172337550671 0.686336743954036 1.96776749936972 -0.816460436261417 1.83223124985279 1.01151393549062 0 0 906 0 0 0 0 0 0 0 0 0 0
10 1.26252563660418 0.421353066901542 0.0373445948649882 1.33604630444234 1.330175896975 -1.88627516142104 0 0 907 0 0 0 0 0 0 0 0 0 0
10 0.421132746969876 0.43767950185517 -0.374051529462096 2.79138372797825 -1.62817247523041 -0.603486551110938 0 0 908 0 0 0 0 0 0 0 0 0 0
10 0.589467122868383 -0.748134028269094 -2.99031726808848 1.63544263296514 0.0465352736828158 -0.323510061691998 0 0 909 0 0 0 0 0 0 0 0 0 0
10 -2.50152542404928 -1.02112987100142 1.36204984676698 -0.364889029451366 0.669179187184273 -1.59240857864252 0 0 910 0 0 0 0 0 0 0 0 0 0
10 -0.886436632994464 0.566458298225881 -0.481910922470205 3.21558706506179 1.95203665306688 0.956102457045547 0 0 911 0 0 0 0 0 0 0 0 0 0
10 -0.41617609220354 0.963171973720919 -2.0798977206399 -0.897928450484751 0.401781690301614 -1.57968665990876 0 0 912 0 0 0 0 0 0 0 0 0 0
10 -0.648038309894447 -0.177572549597772 0.14065467971418 -2.21748044732007 -2.11351296469556 -1.16111349354686 0 0 913 0 0 0 0 0 0 0 0 0 0
10 -0.734014579406751 -1.40863162838373 -0.831906789451463 -0.39848099597787 -0.201635404985065 2.9980278998503 0 0 914 0 0 0 0 0 0 0 0 0 0
10 -0.121425550563939 0.475778627789644 -0.462435705545732 0.0961122002923728 1.47688609920306 3.94732093732462 0 0 915 0 0 0 0 0 0 0 0 0 0
10 0.784124951914587 0.080220745002233 -0.226495382509545 -3.98719088741196 -1.66515549025331 0.595961592875772 0 0 916 0 0 0 0 0 0 0 0 0 0
10 0.0939897835648343 0.991710901224053 -0.984701529719289 1.05227807192327 1.35613083807604 -0.53404226802132 0 0 917 0 0 0 0 0 0 0 0 0 0
10 -0.541489494276653 0.437647384998286 0.461437193146412 2.37667668235108 1.23124695858252 -0.665572370945956 0 0 918 0 0 0 0 0 0 0 0 0 0
10 0.210324903783606 -0.795436588358231 2.21030856954316 -0.388823454859402 -2.14289585852656 0.846151814669692 0 0 919 0 0 0 0 0 0 0 0 0 0
10 0.499767965803305 1.89268470334191 1.49179146099371 1.06227502266133 1.11162282992077 1.61784127306639 0 0 920 0 0 0 0 0 0 0 0 0 0
10 0.619911162043521 -0.0418798046003077 0.233788598689364 3.13775298138598 -0.157305538425717 -0.58554845722052 0 0 921 0 0 0 0 0 0 0 0 0 0
10 -0.904286724285918 0.324735320974214 -0.325612576001599 -1.32850186883045 -2.05013801133255 1.08200247511806 0 0 922 0 0 0 0 0 0 0 0 0 0
10 -0.435127812894316 -0.228830692170308 0.0923027665319896 -2.70089694639805 -3.9006118243513 -3.10648955874801 0 0 923 0 0 0 0 0 0 0 0 0 0
10 0.156799994327427 0.169997497584058 0.602399207432554 0.649120226664891 -1.45556784539339 -1.48004744987494 0 0 924 0 0 0 0 0 0 0 0 0 0
10 -0.563931139007879 1.19030860172623 -0.927528744885372 3.38543345927037 -1.11910451516798 -1.67167567580515 0 0 925 0 0 0 0 0 0 0 0 0 0
10 -0.616339466857465 -0.199497145472828 0.455758654339509 -1.52723776724969 0.045976957290828 -0.911985950138295 0 0 926 0 0 0 0 0 0 0 0 0 0
10 3.37028773147416 2.28411151846319 -1.3657799636023 -1.90743307896897 -1.32093167651896 1.58277340450076 0 0 927 0 0 0 0 0 0 0 0 0 0
10 -0.533514296669305 -0.983431037432121 2.18987537116904 1.34387286468705 -0.1084716309072 1.79597926005294 0 0 928 0 0 0 0 0 0 0 0 0 0
10 1.56417530863338 0.226436870752708 1.12798038164161 -2.05502030187256 1.10388712057341 -0.410783804691422 0 0 929 0 0 0 0 0 0 0 0 0 0
10 -0.241360389380781 0.427305820937412 -0.139914211940318 1.44502497213148 1.4515674069183 1.36094269741579 0 0 930 0 0 0 0 0 0 0 0 0 0
10 -0.102823296536597 -0.281890896710075 -0.351248959785029 -0.7821404759073 -0.587667030078896 0.364794063911335 0 0 931 0 0 0 0 0 0 0 0 0 0
10 -0.287104226333893 -0.277928056041733 -0.729250580143122 1.71843444829568 -1.49080194011183 -3.52778683442681 0 0 932 0 0 0 0 0 0 0 0 0 0
10 2.03624295950919 -0.698797505529503 2.92553312551421 0.0877642543786038 0.58944654315584 1.21854322950178 0 0 933 0 0 0 0 0 0 0 0 0 0
10 -1.09727181524158 -0.671361835210264 -0.13553608112738 -0.823309293052356 1.28846019728759 -1.59998948847618 0 0 934 0 0 0 0 0 0 0 0 0 0
10 0.0512915657124064 0.135772057462736 0.298718607660799 -4.18392649429349 -4.10330040289264 -0.740070191263089 0 0 935 0 0 0 0 0 0 0 0 0 0
10 -0.368204091480513 1.0256262189664 1.18635578332194 1.98619340971095 -0.735966604896537 -1.47682900353878 0 0 936 0 0 0 0 0 0 0 0 0 0
10 0.483317233343516 0.346879766336738 -0.160284462803344 2.39798803153488 1.27137924610608 1.61287878551561 0 0 937 0 0 0 0 0 0 0 0 0 0
10 -0.411635443995957 0.17462096582111 -0.252475768254966 2.33176017228351 2.32196494481991 -2.60632781401629 0 0 938 0 0 0 0 0 0 0 0 0 0
10 -0.329209415689172 -0.318459989158498 -0.645331524690058 -0.336388104925335 -2.64484327285713 -1.62924855528325 0 0 939 0 0 0 0 0 0 0 0 0 0
10 2.33352442566085 -0.544485757528107 -1.19884058335764 0.0413175367467271 -0.398926963005875 0.464006631484956 0 0 940 0 0 0 0 0 0 0 0 0 0
10 0.527197279982076 0.694969525066402 0.478029619421052 0.646824146626609 1.94284193106035 0.583597766126934 0 0 941 0 0 0 0 0 0 0 0 0 0
10 -0.973780994842503 0.554086951081728 0.193190392421311 -0.234389336722254 -1.00071598895364 -0.0362925088866074 0 0 942 0 0 0 0 0 0 0 0 0 0
10 -0.72705638166338 0.941864647167383 -0.283912517718791 -1.2491662336886 0.83714979631383 -3.39965321824005 0 0 943 0 0 0 0 0 0 0 0 0 0
10 -0.0917080212353663 -0.264673909054494 0.222596986289377 0.187184305113747 2.02407211749425 0.898025360029793 0 0 944 0 0 0 0 0 0 0 0 0 0
10 -1.43108825083652 0.128511731532951 -0.763603406934231 0.340787303290478 -1.10595272132909 2.05672439161573 0 0 945 0 0 0 0 0 0 0 0 0 0
10 0.0316683390148362 0.999048005021547 -0.0192208208027263 -0.902424525669019 -1.33280147562655 -0.462194507785249 0 0 946 0 0 0 0 0 0 0 0 0 0
10 0.048752632404175 0.631713735409651 0.167809206172316 1.21257077398935 -0.500296003247473 1.47168722895822 0 0 947 0 0 0 0 0 0 0 0 0 0
10 0.568850004307641 -0.572558223142237 0.501804226778625 -0.290970804604213 0.634844490259945 -2.05402108164044 0 0 948 0 0 0 0 0 0 0 0 0 0
10 -0.195735784256459 0.557757418879541 -0.0041346913957595 0.824731949538361 1.81162324532986 -1.72863314607307 0 0 949 0 0 0 0 0 0 0 0 0 0
10 -1.26626550691704 0.46818619787876 0.296088179224875 1.95586703943613 -0.663932259247066 0.683413356475788 0 0 950 0 0 0 0 0 0 0 0 0 0
10 1.06847931296537 0.809693264709947 0.360472013140366 1.13250488181291 3.05218524686468 2.37701098513917 0 0 951 0 0 0 0 0 0 0 0 0 0
10 -0.414835785204577 0.344130110455933 -1.27752554113737 1.05057113023379 -0.634390983310832 0.156073884949021 0 0 952 0 0 0 0 0 0 0 0 0 0
10 3.49305854305295 1.52267554256759 -2.03632325572779 0.834255961440666 1.95727701337758 -0.825727376447451 0 0 953 0 0 0 0 0 0 0 0 0 0
10 -0.937961475203247 0.747817506476254 0.577200386026291 -0.127451290411406 -0.47190735720295 0.805510402571137 0 0 954 0 0 0 0 0 0 0 0 0 0
10 -0.51025151252997 -0.544981903103652 0.325961123735225 -0.078842651279388 -0.308075604843061 1.73841566905101 0 0 955 0 0 0 0 0 0 0 0 0 0
10 0.235183841296568 0.512958039976356 0.193546879501189 2.54208816536706 -2.67417367825595 0.130829306287354 0 0 956 0 0 0 0 0 0 0 0 0 0
10 -1.15478274012881 0.753876514974941 -0.421150465589032 -3.23788421526202 -0.110416134303512 -0.866558495474861 0 0 957 0 0 0 0 0 0 0 0 0 0
10 -1.6066588058827 0.344319755315527 -1.59736670505111 -0.375744341339688 -1.07932165143778 1.91883015066228 0 0 958 0 0 0 0 0 0 0 0 0 0
10 0.70463471536208 3.04937222056304 -2.14592452049511 -0.630212709368082 -0.177456708167621 0.147294544681566 0 0 959 0 0 0 0 0 0 0 0 0 0
10 -0.327104830244698 -1.02710238424415 1.80360898339152 -1.91157859296305 -0.206202426462442 0.0132166461189619 0 0 960 0 0 0 0 0 0 0 0 0 0
10 -0.815016608512363 -0.589904811546037 -0.133631802093664 0.254090477629144 -2.02698750610462 0.764938764580118 0 0 961 0 0 0 0 0 0 0 0 0 0
10 -0.979001753515855 -0.0130009605470265 0.0802925444243703 -1.47433910886934 0.62581123570157 3.4870839275594 0 0 962 0 0 0 0 0 0 0 0 0 0
10 -0.713205780832203 -0.537039093039892 0.0736457456308642 -0.24981403546335 2.66073146760525 -0.100473368448376 0 0 963 0 0 0 0 0 0 0 0 0 0
10 0.354736471571064 0.115041050555432 -0.214960953104249 -1.41778535674898 -1.06333729975478 -0.52405865399143 0 0 964 0 0 0 0 0 0 0 0 0 0
10 -0.172578431335134 -0.512689400471003 0.367204497763078 -1.2720270590847 -1.34554755786893 -2.0477630154067 0 0 965 0 0 0 0 0 0 0 0 0 0
10 0.0552739170307209 0.249196791815999 0.187230315408802 1.06083732931608 -3.80378586259478 -2.99031483359245 0 0 966 0 0 0 0 0 0 0 0 0 0
10 -0.961474314172278 -1.5810281586496 -1.50563833714819 0.230712639717741 -2.32189360812126 2.05071465860693 0 0 967 0 0 0 0 0 0 0 0 0 0
10 -1.39203327863262 2.90879681746385 -1.12030190682597 1.00328803681652 -0.627052575039331 0.198643018432844 0 0 968 0 0 0 0 0 0 0 0 0 0
10 -0.0505935663317551 -0.457709906257549 1.12776895313727 1.96690248186866 -0.0469799464453741 0.732787494277424 0 0 969 0 0 0 0 0 0 0 0 0 0
10 1.38658552698788 1.08380103061507 -2.21352893611412 0.587780576623458 1.0276741337586 -1.69451974227656 0 0 970 0 0 0 0 0 0 0 0 0 0
10 -0.609537427511376 0.277748265270534 0.286342568597586 -1.45885613642223 0.187689784430051 0.642993700951512 0 0 971 0 0 0 0 0 0 0 0 0 0
10 0.732766060274604 -0.207469513796846 0.876570338193853 1.97293324933024 2.11389286895471 2.0541656500641 0 0 972 0 0 0 0 0 0 0 0 0 0
10 -0.342084625796351 -0.963046279038116 -1.75293624231802 -1.68882314323165 1.64316696885864 -0.133928906244033 0 0 973 0 0 0 0 0 0 0 0 0 0
10 0.0269325506170771 -0.289666767383379 0.263692485482603 2.45156396365893 3.69412997125427 1.83228625025454 0 0 974 0 0 0 0 0 0 0 0 0 0
10 1.46255337582324 0.287315471020126 -0.168309098268926 0.0173318780519884 1.51330957793811 2.23799129379862 0 0 975 0 0 0 0 0 0 0 0 0 0
10 5.81313932941618 3.86318384128174 -10.418233624554 -0.333611447195977 -0.219539301169733 0.446125400322284 0 0 976 0 0 0 0 0 0 0 0 0 0
10 1.01182780171414 -2.62146808491155 -1.01912345414603 -0.699005306236708 1.2538168103337 -2.32440597204089 0 0 977 0 0 0 0 0 0 0 0 0 0
10 0.237560989891293 -0.481440107534428 0.886483356336396 -0.167872752371476 0.955512043193242 3.96584654531541 0 0 978 0 0 0 0 0 0 0 0 0 0
10 -0.960747433230087 0.0025228110959236 -0.442857899498949 0.96618925352451 0.437880329537078 1.80451720039997 0 0 979 0 0 0 0 0 0 0 0 0 0
10 -0.508169712834004 0.880573733237682 0.0021707576966349 -0.501608502614549 1.00429456207806 -0.834015995961304 0 0 980 0 0 0 0 0 0 0 0 0 0
10 -0.972568980429436 1.98564122956256 -0.538309943408572 0.732532109543386 -0.45213713525956 -0.570385870358061 0 0 981 0 0 0 0 0 0 0 0 0 0
10 -0.547914550424147 0.241075070023925 -0.0781140455993741 0.609785431231966 -1.21701649857904 2.79866941288349 0 0 982 0 0 0 0 0 0 0 0 0 0
10 1.32499917855642 0.127249714877933 0.0223713217883381 1.69573442012353 0.465790900636998 1.84382734689572 0 0 983 0 0 0 0 0 0 0 0 0 0
10 0.14548932789081 -0.616517095174371 -0.105228091078913 -2.62725980811091 2.61590903802562 -1.00871487919025 0 0 984 0 0 0 0 0 0 0 0 0 0
10 1.30853348911113 0.39185982256679 -0.797526284105422 1.53050907448528 0.149400755904066 0.190452135829812 0 0 985 0 0 0 0 0 0 0 0 0 0
10 0.211560797788748 0.0989971587873512 0.238461639816054 -0.837165354252556 3.88738118246256 -0.341877805730818 0 0 986 0 0 0 0 0 0 0 0 0 0
10 -0.6037532043731 -0.318238103570225 -1.64023381813027 0.48164098368604 1.3648765686829 1.34634371689889 0 0 987 0 0 0 0 0 0 0 0 0 0
10 0.260623530406898 0.702048330357411 -0.009945133866816 -1.40467768130492 0.926831895917314 -1.89412318139467 0 0 988 0 0 0 0 0 0 0 0 0 0
10 0.0243984673307568 0.139330380206165 -0.470514013079846 -1.5540054977851 1.06648112597711 0.0574510961597782 0 0 989 0 0 0 0 0 0 0 0 0 0
10 -0.522331381306524 -0.329250816946595 -0.53035623195704 0.726718391815025 3.32991100669954 -0.185403802072343 0 0 990 0 0 0 0 0 0 0 0 0 0
10 -0.255070562527119 0.535098210367161 0.200142160497424 1.09389280797377 -2.07725025629909 0.469027831593258 0 0 991 0 0 0 0 0 0 0 0 0 0
10 0.107240943213325 -0.778489132749381 0.468192930694449 -0.911516599228919 2.89264857819432 1.6815045482875 0 0 992 0 0 0 0 0 0 0 0 0 0
10 -0.150835632126229 0.0790939780866345 0.193479242999533 -1.20064800702892 -2.39367761959089 -0.470956070544937 0 0 993 0 0 0 0 0 0 0 0 0 0
10 3.2295484450488 -6.02361673318007 -3.0033024794654 -0.416795798472216 -0.0335173755519201 -0.0265235274791426 0 0 994 0 0 0 0 0 0 0 0 0 0
10 0.651321075571449 0.702671292312243 -0.733975608265244 1.2282897058727 -0.637775552642705 0.71237312547321 0 0 995 0 0 0 0 0 0 0 0 0 0
10 0.48460435604311 -3.45354456075012 -2.87889104305017 0.291361288467121 1.01198496974572 2.05208375112457 0 0 996 0 0 0 0 0 0 0 0 0 0
10 0.0728866407388072 -0.572521379270789 0.234836584124726 -4.37586272275992 1.78972070743813 -2.33044890915846 0 0 997 0 0 0 0 0 0 0 0 0 0
10 0.244248693674443 -1.23095874636472 0.60103941491743 -1.90945829631497 2.61551723496468 -2.09539887584506 0 0 998 0 0 0 0 0 0 0 0 0 0
10 0.124435764378072 -0.311611887201407 -0.327816579105619 -2.2890963173069 3.31259418951696 -1.87931338667992 0 0 999 0 0 0 0 0 0 0 0 0 0
10 -0.51333062520826 0.644733086947477 -0.470899088369266 -1.35646277391931 -1.24376747675279 -3.33858181457229 0 0 1000 0 0 0 0 0 0 0 0 0 0
