0.9999999999999999	0.1329289471368214 1.1419487332911902 -0.2037723216523390	-0.8650259463001981 0.2184999013594700 -2.3893103572814298
0.9999999999999999	0.0602368155050161 -0.4864720009653546 -0.0610153649543917	0.9482940510968140 1.0212874077001455 -0.5919682141834862
0.9999999999999999	-0.5943473272725821 0.0065373137376302 0.4795210058920666	0.5141312998736612 0.7668210639578744 0.1691983805563885
0.9999999999999999	-1.0286828296940094 1.1930115410882789 0.4499427829452629	0.2592268380647868 -2.4568486753245953 1.8117788129842682
0.9999999999999999	-0.1007061512894297 -0.9725650478081981 -0.4174341988189088	-2.9891713011147614 -1.1312403594372631 2.2387365935265291
0.9999999999999999	0.7131439713148107 0.3605982475432923 -0.9842771989855554	1.0480892774366284 -0.9897447686343903 2.2451643054242183
0.9999999999999999	0.2883137867514729 0.5668663271602857 0.4282208800911698	0.2082706717892433 2.1702087287788365 0.4580014122965855
0.9999999999999999	-0.0326610374387467 0.1276112515630642 0.3184726325437084	1.3765191968095474 -0.0723028601413678 1.9130834016329081
0.9999999999999999	-1.9427503016978198 0.0804918051519076 -4.0789668940372277	0.1217986329002881 0.8033039860590258 1.6392737362498448
0.9999999999999999	-0.7214380481961956 -0.1875544718477542 0.5163996269394066	-1.5246529746148096 -0.2963103053842016 -1.2731362297686655
0.9999999999999999	-0.1211308501335207 0.9365717762425064 -0.2006125994291373	0.7011321414953575 -0.2987506068378067 1.1394147744694683
0.9999999999999999	-0.0438648600939731 -0.2231547039791990 -0.1593178532803705	-1.7621020909070644 -0.0322723905921252 2.6778353508552675
0.9999999999999999	-1.0809368501457095 -1.7156520934565780 5.0490372840722459	-1.9413808229489784 -0.8705913418331189 -0.5180090244391704
0.9999999999999999	-0.2270184523127434 0.5714886498961733 -0.8001050468529701	2.0937319628372295 -0.5605469422346029 -0.3748043340381108
0.9999999999999999	0.3240550814532012 -1.5246225304774972 0.8331701569151637	1.2996535672671810 -1.0560145004218040 1.0124226037829716
0.9999999999999999	-0.2904381133651122 0.4774317395209814 -0.5231122759018444	4.5930598948727273 1.0858732157912900 1.2907167009157805
0.9999999999999999	-0.2464658997655938 -0.0908097244631364 0.5508820100275023	1.0675861160931348 -1.2483989752287152 -1.8364424912537551
0.9999999999999999	-0.2908121055546647 -0.7264502150765897 0.3937461652322238	1.7934791421355230 -0.9002672840546252 0.9626401194168577
0.9999999999999999	0.0718378740923383 -0.3064531695705312 0.0103316971026586	3.0946450702306989 -1.8737901535743768 0.6766078695796900
0.9999999999999999	0.5488478044589606 -0.0178673254397189 -0.9821822882208241	-2.2313992042290836 1.5782240838007155 -1.7783612633843622
0.9999999999999999	0.0051306322429946 0.2822473835334646 0.3607990039926265	-3.2696095781698218 3.3423783201521662 0.7093500239699231
0.9999999999999999	-0.1263051735643551 -0.4134848645438914 -0.2735499830663723	3.1147565557682912 -1.4933764355167551 0.1050224922234534
0.9999999999999999	1.0441928172964374 -1.2438783011005428 -1.0464063165911159	0.1823107487793328 1.3571601108898126 0.3746859959405973
0.9999999999999999	0.4110962523299716 -0.1893421114365342 0.0432072884427350	-0.9484441397348634 5.5601305421690022 1.6547260625527909
0.9999999999999999	0.2414728679817609 0.2101392305264657 -0.6812956990178666	0.6025690460707138 -1.4659353558472989 1.0603238779951834
0.9999999999999999	1.2042530598698904 0.3881245793045395 -0.2636781682964876	1.3071710979576792 -2.7372018197137131 -1.0945369607203332
0.9999999999999999	1.9177361312834105 0.1219923084781061 0.2645748590213250	-0.1742451892397606 -1.0813966436580364 -1.1069069092788630
0.9999999999999999	4.0069972703062398 -2.7845682247893944 1.8855056938528330	1.6253541215350360 -1.1599266265025900 0.1458836927297141
0.9999999999999999	0.5070141356099997 0.2191258924923485 0.0522724480383600	-1.0882372422671727 0.8804174211821553 3.4672956932582495
0.9999999999999999	0.8207583392022744 0.3783701681973179 -0.3238009163351576	1.9009240734934552 -1.4755957151029520 -0.4935836836363710
0.9999999999999999	0.7492627269734081 -0.5508220415762503 -0.0091579453193769	-1.9446891916168836 -2.5225871021008377 -1.5079866608177619
0.9999999999999999	-0.4404282918238850 0.7126289531547612 -0.1041466410030156	2.5881105894765049 -1.2052368034554957 -0.8937276268923031
0.9999999999999999	6.0720250513912877 0.1531375419408444 2.9341065534028754	0.9821135173718479 0.0609146203182742 -0.2112629019172799
0.9999999999999999	0.4971162060618581 0.8255907270984183 -0.0618042485392649	2.8241548008977091 -1.6676193270933741 1.2210489323308948
0.9999999999999999	0.5357310465074923 0.0091715911403238 0.2802481416216925	-0.4614261639328214 -0.4883562317924408 1.2819618443304330
0.9999999999999999	-1.6362037451129270 -5.6390452230715447 -8.7280048622664204	-0.8320397326625799 -0.3908476060162540 -0.2522926823234806
0.9999999999999999	0.4026514997729359 -1.3000692445734541 -0.8908225285000783	0.0571282626131355 -0.7964330405407269 -1.2520964045013991
0.9999999999999999	0.0600547076200608 0.0609419953084087 0.2777746742643373	-4.0444150726113142 -1.0570567308516188 -3.1779197636138692
0.9999999999999999	-0.9926412885426900 0.5814882005602821 1.1573184561865428	1.5583973033016538 0.0528873696968093 0.6370039522508565
0.9999999999999999	-0.4582225503380490 -0.2382457214430640 0.1809185889456584	-0.0421627197111780 0.9032458136679240 -0.5525857834804224
0.9999999999999999	-0.3193415461229502 -0.2370664045744967 -0.5492380044433220	1.3668849640052547 -1.2511929087643157 0.0130162200717902
0.9999999999999999	-0.6079892389997439 -0.5339604324170996 0.3267667222485238	2.9326162935369027 1.1117515837844456 -0.7559489076637205
0.9999999999999999	-0.0722412913858958 0.4854056669294676 0.0752308778625695	-3.1906106695470928 0.2802869817334189 -2.0466385896643802
0.9999999999999999	0.7209605440038754 -4.0769891556736528 -0.0393607436429740	0.0627959706121385 0.7221803919508404 -0.9672813365822199
0.9999999999999999	-0.5871670041335587 -0.7341899801957653 0.3529546724511051	1.4011742862493446 0.8449012601966494 -0.1699311273433276
0.9999999999999999	0.2078856432183425 -0.8717803446228908 0.6680711035428967	2.5630196392519529 3.2202684299275108 0.7010398728941504
0.9999999999999999	0.3910133293898203 0.4969940536000858 -0.2060096560366757	3.2716742657607387 -1.4332896125821013 0.7472937006981212
0.9999999999999999	-0.6530560474778947 -0.5454747845956567 1.3295677473100580	0.8601661238637818 -0.1419886754848665 1.9761318827075718
0.9999999999999999	-0.1449107846429334 0.0870548507488546 0.2258003985381612	0.0889609323526115 -1.2108374345210184 1.0858273170174715
0.9999999999999999	-0.5799526777523796 0.1793607356830267 0.5005215021907284	-0.3742476753410808 1.0364785535908334 5.2816049544687651
0.9999999999999999	3.9843403610601236 -0.9253507708821563 -5.9417938963125057	-0.1596288803433168 -0.3490940099098117 0.0730830086425894
0.9999999999999999	1.0765762500656237 0.4600257276940147 0.2266698296497130	1.3666355091822506 -1.7978849870228950 2.0244882689066674
0.9999999999999999	0.4378302475883759 -0.6219205107388437 -0.6795638480625881	-0.4062381353759957 -1.1470550643345976 1.2264358134293167
0.9999999999999999	2.7936315874422664 6.5963028944568638 -1.3673698615038696	-1.2360339520631232 0.6000643441117980 -0.1325253502906593
0.9999999999999999	-0.0672371479924257 -0.8152033493712394 -0.6350861250695443	0.1407397174186746 -3.9022908825315832 1.9375018790575833
0.9999999999999999	-0.0801392423134489 0.4390161231478850 -0.0566765994852632	-0.9503612890235772 4.0630697298482481 -0.3047231424620390
0.9999999999999999	-2.1909517668066409 8.2651978560426080 -1.7726313369013615	0.4698828962041723 -0.5787312469336862 0.3547486303569364
0.9999999999999999	0.3109143182367697 -0.2403432641513864 -0.1523396341059562	1.2901189009063858 0.3840346786047277 1.8792925879472460
0.9999999999999999	-0.8976708494891785 -0.0292364923757820 0.2754796195015204	-0.1466846890701986 2.3776242982066345 -1.7140337543577189
0.9999999999999999	4.4499693553308894 -2.4459101639304142 -1.3304151754937670	-0.8420533699408700 1.6016234656879362 -1.0443906559342770
0.9999999999999999	-0.0593353337669617 0.1751010754147218 -0.1799148307093482	-2.1630990473067717 -0.5122411070847873 -2.2337315434175289
0.9999999999999999	0.6254598822509347 -0.1170946724361341 -0.3357198362264169	0.4976386908316802 -0.8529322453202698 1.9444856661101835
0.9999999999999999	0.3979620604093977 2.6171874644265465 3.0962381885033228	-0.6934600906029915 -0.0534529072895547 0.5262833686561477
0.9999999999999999	-0.6967972457602407 -0.6833958836777752 0.0129472757300230	0.1745008782935093 -1.4202299553152005 1.9431205257865005
0.9999999999999999	0.3809821223218845 0.1914618584637421 -0.1550964885900742	2.0068330626349971 2.3163520893557492 1.7071300178614064
0.9999999999999999	0.2478163627977020 0.3876949377137968 -1.3179860700245236	-0.6893573308718499 -1.7448014898473518 -1.3664740614646058
0.9999999999999999	0.1139578157941205 1.3035101546107535 -1.0564400568964571	-1.9466622857097908 0.2151010929253135 -0.7187718991702140
0.9999999999999999	-1.0868254224741802 1.0764206663435312 -0.0679024065885502	1.0873280079331455 1.4551487469333086 -0.6272895025167441
0.9999999999999999	-0.3400137218301144 0.2967198586237937 0.1129922774212876	3.6704153527046968 1.1638275330239156 -0.6828802061854697
0.9999999999999999	1.2369900102888332 -0.8007869588237544 -0.8932656950420481	-1.2955690786488552 2.1469252107738197 -0.7184248961545129
0.9999999999999999	0.1938931904425967 -0.7758731354833106 0.5576298637073303	-0.1640378581772834 0.3926319011314660 -1.9550594332153306
0.9999999999999999	-0.0011550391854851 -0.1674262130160056 0.7446915618475046	0.7048985649016705 -0.5666536254118867 0.8451529146896000
0.9999999999999999	1.6452271705485693 1.4381300803727350 0.0439011277463711	1.1293001647019671 -2.1462582446826119 -2.3183028859795134
0.9999999999999999	-1.8370099656592864 -0.5838991530911869 -0.5117293381459466	0.4163753181120495 -0.8866184379061508 -0.7856820090525807
0.9999999999999999	0.4709751286259068 0.4369719353135889 0.9111717043492109	-1.4736430764757682 -2.4614899358595439 -0.5846790580326311
0.9999999999999999	0.3439067316984883 -0.2974637218794991 -0.0638294476567090	1.7839931683157708 -0.4333089750277135 0.5760215526615827
0.9999999999999999	-0.1924579770404292 -0.0017793653773956 -0.0597170525299624	-0.6089426686469550 2.6350601015446706 -0.2725228198466127
0.9999999999999999	-0.1063026309982592 0.3694977792866123 -0.0551288422077001	-2.3833142284057107 1.6998724892026451 2.4385964081046452
0.9999999999999999	2.0555378892670535 0.4467442641592188 -0.5173871655225482	-0.5077688323580153 -1.3848472673840360 -0.6846710055296273
0.9999999999999999	-0.8983893292085956 -0.0949753552085256 0.4015603801617614	0.1344486465356636 0.8383790275634211 0.0282415270258767
0.9999999999999999	-0.6167478763131383 0.8583341491523667 -0.0325109888811379	-1.5592452712932070 -0.2910447037427739 -0.9784997987534080
0.9999999999999999	1.0174144186659635 -0.1695322149634998 0.7984345136043492	0.0923815255444792 -0.0234945390107159 -2.0532023097059078
0.9999999999999999	0.1032216048649105 -0.2403703147463372 -0.2389879861114723	0.5113526271554134 0.0163806209668196 -2.3722134945685007
0.9999999999999999	-0.0830973872893002 0.0468318998040168 -0.0840710490758286	-1.1143979003660702 -1.9142841828869999 -1.9967756287628100
0.9999999999999999	-0.2827667418758009 -0.9034649857368918 -0.0440183740514445	-1.6492203990119498 -1.6426722756349803 -0.5914957447429340
0.9999999999999999	-1.2274363814439819 0.0620151147612163 -0.0292028223301469	1.3938350629112517 0.1338291348730726 -1.9694189505006778
0.9999999999999999	0.3008207917511474 -0.1070459218730193 0.9692953955829112	-2.9810308822233287 1.8357895668536339 0.9937012925378294
0.9999999999999999	0.0094481979066000 0.1558156168984491 0.1506784741020440	1.5895865361633144 2.8956642839094395 0.0518698768636119
0.9999999999999999	-0.0361747868949971 -0.1910239662663531 0.2260253780290855	-1.5592821213788601 -0.6081154604527489 4.2212600287336599
0.9999999999999999	-0.5710608532541414 0.4598739625616488 -0.0261717185584768	0.8314061418576845 3.5522131758542494 -1.1322155107449368
0.9999999999999999	-0.4965081157659100 0.0840962906417660 -0.9426312829139064	-0.3208917843518515 -1.1300290526021879 -1.8303459679966676
0.9999999999999999	2.5158617809901687 0.3631814094760801 -0.2681553304249444	0.9932657683369496 2.1561990476829704 -0.8715435707780650
0.9999999999999999	-0.1264868751716345 2.8858998036089329 -1.8178926590282696	-1.3583268897691532 0.6155893651592320 0.5872320960732053
0.9999999999999999	-1.2667143692100531 1.1588743188722761 0.1458727747246301	-0.1088417773428658 -0.7789953701748188 2.1442996526031721
0.9999999999999999	0.0264125842101934 0.9728946798819618 0.6824356072401788	-1.5179727467450199 2.0992414847967926 2.1341473686631489
0.9999999999999999	-0.2794414702572651 -0.1097227978138387 0.2837191088144459	-1.9271547243217937 0.9824171659820889 -0.5476136801333278
0.9999999999999999	0.9475908384638485 -0.6339139309852675 -0.3245151050801386	3.0916181581547120 0.1605923096494649 0.4243492951359845
0.9999999999999999	-0.1653930716646283 -0.4615619868572233 0.0761280081737810	1.2569420713121762 -0.7756833395597948 0.2300118339945338
0.9999999999999999	-0.3471842357090646 0.2911991650023661 -0.1896645873526603	-2.4185083942210244 0.7047033277212408 1.5601055805654489
0.9999999999999999	-0.1702696267586474 0.2970968837504322 0.2808260239447957	2.0482098574059853 -1.1466711044775990 2.6327888092170562
0.9999999999999999	-0.1129463039207357 0.2432913196201398 -1.4330857587793113	1.2219966686031491 0.6401634198278930 -2.2287597134691257
0.9999999999999999	-0.0300885081321443 0.2111455622109333 -0.4675521511395723	0.3560923600618414 0.1900770522944666 -2.5685966532415812
0.9999999999999999	-0.5173090544380665 -0.3667768343027955 1.6366551494974300	0.3144606116318902 -1.3656552038727867 0.3950006937682520
0.9999999999999999	-0.2681003199257163 -0.0068851406246905 -0.3074766753943525	-0.6701346613884430 1.0386951592161080 4.7267453820851539
0.9999999999999999	-0.0265834420059805 0.4832388964841841 1.1744677013280880	1.7266590859551685 -2.2996758746268795 0.5806844634305037
0.9999999999999999	0.2900182825411053 -0.1285240677703089 -0.0971187868538303	1.5863586715790747 0.9104315470334398 1.8397953640972755
0.9999999999999999	-0.3564117712083238 -0.0448982353367248 0.4463978195437278	1.5719295634673784 -1.4050987060329243 -3.5124072607912673
0.9999999999999999	1.0063369948586087 -2.6938713213926411 -2.7289726194603490	-0.7845126040993006 -0.6267800628462168 -0.2099895486220088
0.9999999999999999	0.0984839858911706 1.2241746039596308 0.6334402417852246	-0.2817728024472305 -0.1544884332524894 3.5059366992639256
0.9999999999999999	0.2474904715340606 -0.2648814241631940 -0.8420801921401245	1.1395286466637546 1.3160726930172855 -1.1207230882882433
0.9999999999999999	-0.0794653803234494 -0.8660429989533711 0.2913357448804224	3.7042262655103388 -1.3604510270975965 -0.1243616201306366
0.9999999999999999	0.5516076403942344 0.4645984469225606 -0.7016755154138634	-0.1421159114551157 0.4624308975145882 -2.6569654832576677
0.9999999999999999	-1.2336111940016903 0.5359913900756256 0.0745894625482959	-1.7628659945638994 1.0737834780050159 0.2031570528205069
0.9999999999999999	0.4352167700304324 -0.7324147081598663 -0.4460074247018102	0.1330805295041267 0.7736016821013131 -3.7415392105104202
0.9999999999999999	-0.0463025990819799 0.0560530530618268 0.3399328034166282	-0.3592692813495248 2.7783843639474375 1.9457220152974191
0.9999999999999999	0.3389325141595846 -1.0845581996323805 -0.0605327392031002	-1.0974423352352205 0.6615827139840076 -0.0572499854978887
0.9999999999999999	-0.5420778331289338 0.4906484255113644 -0.3950260613193203	0.9608865828868778 -1.4425162917991297 -3.8545719134208776
0.9999999999999999	-0.5618108538378187 4.8287492435430224 -0.1642067484318863	0.6839593488759990 -0.8766268854740036 -1.7248837860576822
0.9999999999999999	0.1996410895373317 0.5370484947915868 -0.9154505489067044	-1.7043796784976042 2.4181802136592818 -0.1711779189844753
0.9999999999999999	2.5321744442271412 3.1884734392996239 1.1497400172996977	-1.1445645075854245 0.8505437411978192 -0.3141317970623702
0.9999999999999999	-0.5830605744173077 -1.0117082315023489 0.1002004677784422	-0.7335828029500934 0.2437018086915274 2.0417205617174186
0.9999999999999999	-1.8816262528182042 0.5270628592883031 -0.8221047974106195	0.9827520797046374 -0.1778409182495396 -0.4144095012650299
0.9999999999999999	0.3476038109790597 0.4057166217184716 0.1066088837099879	2.4302614341360078 0.3676554659582528 2.0640576096636218
0.9999999999999999	-1.8791871839540462 -0.8888874974603773 -1.6344634793724111	-0.6582456083000834 0.0922711346645023 1.8227959875735618
0.9999999999999999	-0.0595434066217644 0.0196277198667119 -0.2189118272785606	2.6492275404208110 0.9385094521272438 1.3834273231421632
0.9999999999999999	-0.5064158164050775 -0.1714826091463415 0.3146748600789895	0.6494691816475308 0.0025141140511510 4.8318398507495113
0.9999999999999999	-0.3667503376129311 -0.8426856573308132 2.0936880497024180	-0.4381322276703375 0.8940565180381541 -2.1818426053695776
0.9999999999999999	-0.6209717478313264 -0.2226187351551393 0.4075985734430052	2.3693338832904551 4.4624287530095055 -1.7066229899615852
0.9999999999999999	2.4214165284391869 6.2751588802779965 2.7130594560400025	-1.5929447953493816 -0.0093176126619975 0.2919417056335319
0.9999999999999999	0.2594467901240167 -0.3971382135192186 -0.9126121434615577	-0.1084025751157822 -1.7616948285305614 1.5704834923011810
0.9999999999999999	0.3930892939521139 0.1909991820525856 -0.0124480660826886	3.2137953670103374 -1.0194920606343478 2.8078285650455173
0.9999999999999999	-0.0692920641244039 0.3872794920360159 -0.3227071917558162	0.6991623859012959 -0.5247227961198939 -2.0395738225802282
0.9999999999999999	0.0800630946407622 -0.0910981419717253 0.0366869442748755	-1.2674755626278782 1.7335288310468437 2.9949111550552772
0.9999999999999999	-4.6372905099691586 0.0188935004365339 0.5630064423902884	0.3461654180181647 1.2334800268010673 -0.5265645064450347
0.9999999999999999	0.3511111311153615 -0.1574411490198060 -0.5513450626168240	0.2762496333807209 0.4073560202835968 0.0594662367494041
0.9999999999999999	1.3717496561660458 -0.1789919650926680 -0.6683026895509645	3.5547311581494272 0.1191752075881796 1.1531085650434580
0.9999999999999999	1.2441367390328082 0.1138689346460890 1.5475180199182417	3.3889302178230283 0.4495953150092015 0.6135868197544627
0.9999999999999999	-0.7829193804192118 0.1308644354226954 -0.9642360170517401	-1.8306240430625318 -0.7972908653390218 -1.1046507213255774
0.9999999999999999	-0.1343371151273791 -0.2039762602139262 0.2237757113974001	1.8394382305595740 -2.4344179424603847 -0.2144785412330170
0.9999999999999999	-0.3146142731505014 0.3057411059336470 0.2362379845225538	2.1021460649582639 -0.3826000416600190 3.4282514053999518
0.9999999999999999	-1.9756870471533039 -1.0636817801247407 1.1178690624350647	1.9899917385916277 1.0432791998767648 -0.8603740667727632
0.9999999999999999	0.1991389367973394 -0.7352536046814211 1.6519694331115129	0.8610414112969849 -2.9418708815834917 0.1975626274130904
0.9999999999999999	0.7467534675177455 0.6019066207719732 -0.0889028875247532	-0.0050370290405111 -0.7579690058939995 -1.3537503120204046
0.9999999999999999	0.4037257067318344 -0.0385301842655801 0.7140848003748006	0.9918422635566723 -0.7267107556204553 -2.5456253523752133
0.9999999999999999	-0.3344926265517446 -1.3076156197815318 -1.6274138701740859	1.4025170885107123 -1.7175580331069751 -1.0899234320533004
0.9999999999999999	-0.1122497150223802 0.2201663736630682 0.1627957899307995	-2.9642580283635001 -0.4150923118554063 0.6063749888326380
0.9999999999999999	0.8825322890639183 1.0615849048983959 2.1306524124794857	0.7875572272595066 -2.9505929851752137 0.1769313111300390
0.9999999999999999	-7.4077776078598783 0.2889233999641403 -4.9417041010041665	-0.0764444738062829 0.4307129925845827 -0.1117232545105663
0.9999999999999999	0.1005424301961543 -0.2769170421208975 1.1816362248135697	-2.0978339869122413 -2.4557524572194165 1.9938607007482285
0.9999999999999999	-0.0423817129940534 0.3705932119261326 0.1288480201733854	1.0016439892829543 -0.7398290738527795 -4.1386774816973331
0.9999999999999999	-0.4083821738939356 1.0717188189270885 1.3844640272851043	-2.6621114366667085 1.4217902382098468 1.0184673244853175
0.9999999999999999	0.8930002389928321 -0.0671059795007573 -1.4137142135998910	2.1969365764323370 -0.1969415741882565 -2.5455713981062589
0.9999999999999999	-0.3219702031101986 -0.5077637521027873 -0.0256094859035720	-2.5937629348596483 0.6112089874272044 -1.0122703616201707
0.9999999999999999	-1.9871326850665185 -2.0464897444975234 2.3607309064761939	-0.8819854934357984 -0.5278667015684924 0.7388884739078307
0.9999999999999999	0.2830732848664707 0.2834983280441968 0.0965658395555542	-0.6529941660209891 -5.1707790358887049 -1.2182375333156366
0.9999999999999999	1.6410284103582415 1.8130075777236030 -2.8449139277210347	0.4293943067272671 -0.5656380598632037 1.7098944827063314
0.9999999999999999	-0.0011522043236359 -0.1985868309278687 -0.1477853119299292	-1.5540813368698503 2.1303954673145089 0.7730421127096473
0.9999999999999999	0.2486164282077341 0.8690489944798241 -0.2372887745219018	-1.2254446918386999 -0.0733186107830060 0.7455751660220714
0.9999999999999999	2.0824830863134083 0.0997286017080331 -1.0896513399361667	0.3243384310527582 0.0738941460314898 -0.6547769060713126
0.9999999999999999	-1.4875438033016897 0.1809547916619837 0.1106882110998092	-1.5759105404947300 -2.7394029813620402 -3.0215842739254835
0.9999999999999999	-0.1454089418853998 -0.1641437088862347 0.9762316415207699	-2.9594274284067970 -1.3508334241444446 0.1949471054512357
0.9999999999999999	1.6137903414207475 -1.7787110709704399 1.6083114074736391	0.4709415244300121 1.6404405276863188 1.1771796329340385
0.9999999999999999	1.0763951936932274 0.8923663850029886 -2.5440262385309285	-0.8024629726907265 -0.1088257136395584 1.3322399747950684
0.9999999999999999	-0.1773272249146469 0.4653990211435977 -0.1245268209898289	0.9641527610337653 -1.9246927849360405 2.8174256401718316
0.9999999999999999	-0.1796840833905158 1.7453044465818288 0.5091879071674373	-0.4659143686397105 0.8786678028762234 -3.5346937361715489
0.9999999999999999	-0.2910287461485388 2.2086564985582737 1.0736053232090759	-0.3390793572914310 1.2754059520481018 0.3128748376617776
0.9999999999999999	-0.3067838344432039 -0.0151870272165191 0.0772065759433287	-4.2072501421939563 -3.4138416296840792 -1.0086835872169451
0.9999999999999999	-0.2906124548943316 0.9173023102589962 -1.1004789082241344	0.8118156724510783 -0.3509967145138016 2.7553733200998316
0.9999999999999999	-0.5078307382924456 0.6478646557745327 -0.0452452989522998	-2.3845552685778282 -0.3461110267338845 0.6705549180125672
0.9999999999999999	-0.2331825129224913 -0.6766587066771699 -0.2974001623136083	-3.1472442012910689 3.5902783067084831 0.5719471609227047
0.9999999999999999	0.0864185942131724 -2.7429270347139481 0.7453649388318641	1.4444064935734169 0.3382032528897279 1.5220994416207381
0.9999999999999999	-0.0983067526355330 0.0272222049150417 0.0249859111996975	3.4859720236396754 -0.4369114589007348 -1.4684506824467192
0.9999999999999999	-0.0994106036241321 -0.4950761581413796 0.2524582317629200	0.3522350266206195 0.2430951358207369 4.4692766944684328
0.9999999999999999	-0.3429887703922692 -0.0967870965981623 -0.2000780328808199	-1.7104219781586192 -2.8562848444882691 0.6838025736640403
0.9999999999999999	-0.7937093014966624 0.0161122450930643 0.5980533475961139	2.4191634582130606 -3.3681354409892279 -1.1794418308601640
0.9999999999999999	0.2123017868544869 1.0734867846990115 -0.4108126463461578	-0.9371291265619596 2.9578333090302724 -2.0581536813520316
0.9999999999999999	-0.1952006638949736 -0.0066832185836780 -0.0483771762499503	-1.6134411386350664 2.1871316200583331 -1.8437007860219177
0.9999999999999999	-0.3883544855554859 0.0607535986772382 0.2464887155333833	2.0828165061221551 -0.7522604400685433 3.9764608186179533
0.9999999999999999	-0.1146834771595037 0.3074725188054382 -0.3466776870220137	0.6546811254549705 -1.9404023142824689 2.4249929578266913
0.9999999999999999	0.6366954834941009 0.2758147289370662 -0.7360760046581749	2.6437603436977954 0.7818050525205721 -2.1529640184737278
0.9999999999999999	1.4790517731571211 0.7184253925513254 -2.3337762368595310	0.8349521672749244 0.6574059686015081 -0.0336044620960111
0.9999999999999999	-0.2723154942911472 -0.3772803285294252 0.2319498225616973	3.3017770437596616 0.5960185741928038 0.6154386903799463
0.9999999999999999	-1.3350869704387789 0.0777049800201451 0.1170776070153341	-0.2038992185163971 -2.8487301541326007 -1.6922664609079152
0.9999999999999999	-0.1858188751047694 0.0812153983095748 0.3932109706049357	-1.3718265424241776 -0.1091799722162185 -3.0066758383743206
0.9999999999999999	-0.4625251906599948 0.3894227247458345 0.5389052131308308	1.5727744631929108 -0.4701797593914187 -2.4882158635788585
0.9999999999999999	0.1298286869272758 1.6450466079614288 -0.4619070468570781	-2.1106623891455460 -0.7468918777636587 0.5582797085369444
0.9999999999999999	0.0850004099307857 -1.0724391145252241 -1.3897514327089653	1.7061479021155155 2.8643913709250164 2.0917343697741204
0.9999999999999999	-0.2971814329252508 -0.4230878199967453 -0.2695445487265996	1.8913012667606115 -3.3629009100458784 -1.1928205679966770
0.9999999999999999	1.9429555006602117 1.0909719968104594 -1.0511406329388735	-0.7888345239159169 -0.6480242843298223 0.6058135562136787
0.9999999999999999	0.3946516556710801 0.4844732623406292 0.1238077029189196	-1.6256700084832945 1.9496107157129068 -1.6027291777879178
0.9999999999999999	0.9272406679399489 -1.7775682613005361 0.6114216535471005	0.0537702089780732 0.6910591134383393 -1.2631743377614901
0.9999999999999999	0.4184853811636765 0.1544832553132293 -0.1103778193427695	0.5583259561982719 -2.6116042388577538 -2.3339745950132058
0.9999999999999999	0.7637889899890582 -0.0560850575099657 -0.3674816967559372	-0.3694730005730030 -0.7999559255821849 -3.0535928976175395
0.9999999999999999	1.5813552922858323 -0.1340147171708415 1.5676805753093284	-0.5306183653491920 -1.5399024094780440 -0.4053305588171403
0.9999999999999999	0.0479152107798064 0.2472433774074212 0.5611522149782182	-1.7737029956119477 -2.3796749350357289 0.8942554056909171
0.9999999999999999	-0.4741396528155137 -0.0508961687750367 0.3753368624137401	0.4426029606451119 -1.8981827665754751 -2.9063599657680528
0.9999999999999999	-0.8063816115804479 0.2536116759230444 -0.6592529508433712	-0.9849067432789448 0.7658407101299435 0.9444046163872155
0.9999999999999999	0.8320313374697119 -0.9187311983787009 -1.3823840667310057	-0.2277977769820977 -0.3654537462969072 -1.4761711164755902
0.9999999999999999	0.6076045521443416 -0.7595058574621889 -0.4639390857401179	-1.3154577284344962 -0.5659534799738762 -0.7743309738210484
0.9999999999999999	-0.1823695454086765 -0.0963687909785377 0.2291360447858935	-1.7024979169388228 2.9934318286220853 0.8317913379233380
0.9999999999999999	-0.4432914839980164 -0.3165995058984271 0.3184990914571944	-0.4923152504353311 1.0173714237375127 -3.0075941641400235
0.9999999999999999	-0.4144377885006891 0.0932078851547368 0.3395970132783053	-0.6040864290375311 2.9572247797772016 2.6166964559494588
0.9999999999999999	0.9871726529535639 0.2425376114136595 0.2228291644135307	0.1104515006710162 -0.9980713320844105 -1.2957105821883461
0.9999999999999999	-2.5616108789763739 2.6819593591225850 1.3023434830937712	1.3505646230891415 -0.3993935401919262 0.0087248781475857
0.9999999999999999	-0.2490729656680398 -0.3970385707765874 0.4694862247864507	-1.4989811202986960 5.1431219754643589 1.6777652451813296
0.9999999999999999	-0.9582724806786375 -1.4205041809832095 2.2863544054517271	0.4706422237977898 -0.2872013328707700 -2.3535834570591656
0.9999999999999999	-7.2474900264753490 -1.1487972729291551 1.7751714012076985	-1.4231856701469969 -1.1268058123760916 0.0591649748515312
0.9999999999999999	0.0309673134248808 0.3679122194976630 -0.7768874004746581	-1.3543549040511855 0.0525248229609190 0.0375417816183232
0.9999999999999999	0.3025857442151674 0.0681744106374742 0.2923101167090317	-0.8804615059367287 -1.9456103251531376 0.8927311742756170
0.9999999999999999	0.7283680439018468 -0.7341240223758446 -1.8538412639472555	1.8354302815032566 -0.2265923783951965 1.3534736366742612
0.9999999999999999	0.8172243180428101 -0.0085136416508316 0.9061120221828365	-2.2669456046066552 -0.9844665130069786 -1.9459741097625962
0.9999999999999999	1.5202947837563219 -3.1619303266390140 -0.8172133984156178	-1.4141703862090600 0.3010883590962471 0.5969776473542610
0.9999999999999999	-0.8823670745774991 -0.3773153335251232 -0.3205256788812448	-0.6781978413586967 3.8047448267709778 0.7928586930601615
0.9999999999999999	0.4950447095617789 -0.7172221186998811 -0.0203267138496030	2.4923471867381770 0.9998871744363690 1.0584608822978172
0.9999999999999999	-0.1571474950265296 -0.1115982638136266 1.1003397676441224	-1.5709850199412425 2.3952093695723904 1.5036538098187511
0.9999999999999999	-0.9357044876982598 -0.9298931973292162 1.0448978397100739	-0.8311841365853987 -1.0760843773066910 2.0677487445008329
0.9999999999999999	0.0180173630684406 0.6567652299411514 0.5189504874919140	0.8340041592994620 0.6544715206923374 -1.7523105069355069
0.9999999999999999	0.2042673366004830 -0.8533500136930027 -0.0876132722349159	0.0539425459617550 -0.3881500196645574 2.4263715244110347
0.9999999999999999	-0.3985223971485540 -0.2975113006577270 0.3703236130534924	-1.3291667927686805 1.4162263373517958 0.6773019109265913
0.9999999999999999	0.1377278668413950 -0.1370875382863410 0.3760608383400436	3.9040132777745176 1.4581579881495457 -1.7395148569485703
0.9999999999999999	0.4444875860408630 0.2264148350994701 -0.3131659339341215	-0.5931145975456170 1.2751164833710558 1.4291446070652762
0.9999999999999999	-0.3640456249186873 -0.4829935852230628 -0.0313135510277157	2.1981367867832029 1.3249437319417972 -1.8836493759513611
0.9999999999999999	-0.3999676890154300 0.0465805989422416 -0.5948391823452709	-2.8058553716669232 1.5110941161780123 0.1344101682233622
0.9999999999999999	-0.3779790932753516 -0.4815703413613381 3.0715520451580010	0.1742556889448893 0.4863017360420217 -1.4263336730243890
0.9999999999999999	-0.5827537573482412 0.0685015186591613 0.5032745872835321	-4.4275922210581893 1.6995986627516977 -0.6097169448538284
0.9999999999999999	0.0601318826267757 -0.0582061630304713 0.7123407586961928	3.7202725205931473 2.2142566015199923 0.2695323373875754
0.9999999999999999	-0.0369057586966814 0.5265749016203196 0.1227894385033524	-1.4061717308848469 -4.9059432131355196 0.2493277288340613
0.9999999999999999	-2.2560647931402964 1.4094875859283824 0.5858464580102840	1.3860578500598069 1.3163447490300100 -0.7129592903944394
0.9999999999999999	-0.3980003258774273 -0.5497955793248350 0.6452801572227399	-0.0559957821286305 -1.7502000578248584 1.6857440109927468
0.9999999999999999	-0.4273243480256254 -0.0888854221483326 -0.0304889215237760	-1.5864094681948628 -1.9940429147010534 1.5559100507289363
0.9999999999999999	1.2087203162215427 -2.2245797327336927 1.9258444783145308	1.0701234475933601 -0.5643536204670774 0.6549930043211286
0.9999999999999999	-0.7196004002797196 0.0646803837638962 -0.0306683886494554	0.8845835325398368 1.9325035538980022 2.8556242718310880
0.9999999999999999	0.6179701148680959 -0.3857175426631335 -1.5193861347674342	-2.4515344499529999 -2.4539609412459003 1.7153594038713726
0.9999999999999999	-0.9395160725367718 -0.6656012686612922 3.2733259928575822	0.5433171379379473 0.9532695653721126 0.4411374271667682
0.9999999999999999	0.1411225530863957 -1.1588627667136413 -0.3417467133587557	0.8124712218898785 -0.9493534607084747 -1.4659783447072450
0.9999999999999999	0.8122065247062045 1.9404034316256238 0.5403623024477449	-0.4076893661153290 3.1695800917334549 -1.9845418016777898
0.9999999999999999	-0.3714047428901852 0.0952984414461042 -0.1600827558452239	-2.7415341908931787 -5.0977519253650208 -0.1357722322642989
0.9999999999999999	-0.1088481705227334 -0.0753522609832421 -0.2546970070777145	-3.9074242541264765 -1.0014295438209737 1.0440164608296902
0.9999999999999999	-0.5929901888599719 0.0190260382515759 0.7245269270831588	1.7074307681929999 -4.4036102882720556 -0.2969560221555458
0.9999999999999999	-0.2332377877202775 -0.4121799103691435 0.1285629773596129	-3.0498128822605204 1.3779261191216470 0.9213664849552564
0.9999999999999999	-0.2236807840209634 -0.2076910831824607 -0.2145635973582136	3.5331676899716880 1.1915441543577268 0.4518136658549187
0.9999999999999999	-0.6382863116378029 0.3846515664618215 0.3460802938741116	1.8664592742612653 -0.5444979458995084 1.3629870272920879
0.9999999999999999	-0.1051393959115763 -0.8260368713686460 0.1148866870593500	0.8556645798265781 0.9500619960670931 0.4494626605513162
0.9999999999999999	-2.0536043061438614 -0.5576033664127196 0.6121487763380189	-0.0850815726369429 -0.5234554051045017 3.8530166375053243
0.9999999999999999	1.5387622591231427 0.0026171858870513 3.4078122438626925	-0.1500977389511823 1.6134367355684403 -0.2367570739859281
0.9999999999999999	-1.4139303276105106 0.8309202528488571 -2.0598263526660743	-0.5437125772461338 -1.4631205422172662 -0.2769352731405473
0.9999999999999999	-0.1315584787169883 0.0920658928205271 0.2453693180235284	-1.5429552732536556 3.7572685442347744 -0.5193444076519381
0.9999999999999999	-0.0490115107980449 -0.9223043360911759 0.9218757510743076	0.0727252978233522 2.1192228802066682 -0.4817787691033575
0.9999999999999999	0.0918603489923234 -0.2225756470316544 0.3109650244042772	0.5165352573522618 0.3977863606934239 -1.6084529536212417
0.9999999999999999	-0.0520766210878356 0.1753106049655460 0.5072969660083827	0.9809515833785534 -0.3223053253294866 -0.4199834614820216
0.9999999999999999	-0.9793772898304154 -0.4666928251435506 -0.1553811751136792	2.8215406070756663 1.3931947109960392 -0.7014812029735410
0.9999999999999999	0.3048643559043429 -0.3186624823742701 2.4028086906144335	2.4076646654064393 -1.8602819828869246 1.5091184308115191
0.9999999999999999	0.0137302381141129 0.1104721854927737 -0.2865758462034887	-1.2925862797047503 4.8902176470174110 0.6997273342067680
0.9999999999999999	-1.2039636387790897 0.1079267984951563 1.2940206921167576	-0.0216566890307215 -1.5988406489213998 0.8320187417242835
0.9999999999999999	1.4140873247463190 0.3162905467447104 0.4395126519413764	0.5001166396246870 -1.2301754879992386 -1.2931793993681950
0.9999999999999999	-0.1911317165887096 -0.0109052282264073 0.0414126257251284	3.1049549133933962 -1.2339997981791662 -1.9771642869947288
0.9999999999999999	0.2856813659564298 0.2991256579236695 2.5072309200604055	1.2548198990515385 -1.1649286097158831 1.8428943675799470
0.9999999999999999	0.5988032957355535 -2.0096238979514447 0.2072179012474242	-1.8901472463890194 0.0189007634566711 -0.0877545552141718
0.9999999999999999	-0.9667662591279169 -3.7328578661819520 0.2182477904318776	0.9174473375213242 0.8015545314590796 -0.7869950674501005
0.9999999999999999	-0.5346936101938672 -0.0009216329252104 0.4176451042377385	-4.8006886261119641 -3.5559329785685594 -2.5069777035905836
0.9999999999999999	-1.0296893149053319 0.3033943463938944 0.6170916981110395	-0.7417557631662104 -0.6081416341842010 -2.6561593815605820
0.9999999999999999	1.0758628323566590 -0.7182221792229297 -2.4298887383500203	-0.2466775829925619 1.1601308361294251 0.4494867231762819
0.9999999999999999	1.2653364111604883 -0.1882497729398689 0.2559953352828560	-1.4342204955428761 1.5054013826923298 0.8526289335856667
0.9999999999999999	1.8815991248439934 -1.0768105412923050 0.9908443225823771	-1.8132944554371442 -2.2590999212983527 0.3734752893046246
0.9999999999999999	-0.7903362559718498 -0.3673719429025342 -0.9998358759471194	-0.8745126645163830 0.5319289721390706 -2.1856289637032011
0.9999999999999999	-1.0179192298427437 -0.2680956889221479 -0.4300803732465580	-0.3332494665566222 1.9949771946751933 -2.3274993967113677
0.9999999999999999	0.9541452538486911 1.2290867005002402 -0.9631949264786039	-2.5391853319741853 -0.3033833336650172 -1.6877538379384915
0.9999999999999999	0.2802928296562254 -0.2350328067403201 0.7274261895792696	-0.5598301581567299 -0.9713061277240241 -1.7871964039529658
0.9999999999999999	0.2702441814986153 -0.7389348582725888 0.3990314559339662	-0.2494820635501737 -2.8637898787314944 -3.2340878433942821
0.9999999999999999	0.8282486708241509 -0.1821307630315738 -0.1547176286580948	-3.8241934587893325 0.6758887366173031 1.8917381691528043
0.9999999999999999	0.8296949682162389 -0.0021294949524157 0.2845377347914583	2.8965545667342925 3.1876421916564350 -2.8973797656517526
0.9999999999999999	-1.5895979522775769 0.0549570361309833 -0.5810704910495473	1.3286070246847586 -3.0176662439126267 -0.4568533893128705
0.9999999999999999	1.1619855323355197 -0.0134054206892204 -0.0865463282637202	1.8555508043705891 1.1473860651427343 -1.2066174309268738
0.9999999999999999	-0.1808782110797868 -0.1004719600567687 -0.9699709784725583	0.1332571025943217 0.1869923635131306 1.9004318307706094
0.9999999999999999	-0.1852446590742787 -0.6315781036489532 -0.1443967156689021	3.4831254996327647 -1.8756602823385342 -1.2824074130325975
0.9999999999999999	0.8338809385420941 -0.7964422962748989 0.0121039948294402	-0.5305786532138479 1.3481722943861438 2.2623993009105399
0.9999999999999999	0.1538454700666197 0.2215171922437259 0.4061423117947431	-1.5022431073171068 0.4379756335054212 1.1854163946128591
0.9999999999999999	2.4305022516910659 3.2922762308002951 0.7102433886311779	1.3770015111739609 -0.8727564756756931 -1.8473583229617108
0.9999999999999999	-1.0768559996767380 -0.7338049409058061 -1.5295949895911336	0.1429408924938520 0.9787045613024062 -0.8131357053725463
0.9999999999999999	-0.2438265098173893 -0.8432693114056775 -0.7030462401318186	2.0328596854655410 0.9458478946255363 -0.7778897753058790
0.9999999999999999	0.0415243187578983 -0.0215324005310676 0.4624638304242737	-0.4933789095035725 -0.6985438152990288 -2.6844141303783120
0.9999999999999999	-0.5264204762765435 0.1548319426111706 -1.0124104674025616	1.9046540265605711 -1.7832626068136086 1.6373054321917402
0.9999999999999999	-0.1676080844637540 -0.1321138684595563 -0.1122910844381357	1.0058148740631685 1.6609677513777170 -1.8917375950967992
0.9999999999999999	0.4253034883902120 -0.3296298383588244 -0.5463143892764515	-0.4514610282525813 3.1027283019196736 -2.7323583112871961
0.9999999999999999	-0.3566246474125010 -0.6828184230933436 0.7979037283317211	-1.4614603277782126 -0.5394495298700410 -1.2205268517148340
0.9999999999999999	-0.5088648969911599 -0.0916824303141340 -0.0801265857366956	0.4238018790041824 1.7317898777977345 3.0351688540360540
0.9999999999999999	-0.6568316546715284 0.5547808021992953 0.3574276325513083	2.6895746781209744 1.4011576173744149 -1.5585968698967942
0.9999999999999999	0.2342760795330890 0.5442509324696132 -0.4994446522423367	-0.6151280617222312 -0.0175625730619496 -0.2955515055932887
0.9999999999999999	0.0785644391668493 0.6317284071622487 1.0184175779135087	-0.2156021482111977 -1.8798718664246403 1.7675203806428026
0.9999999999999999	-0.6161867689334678 0.3434599359425822 -0.6925411995334704	1.0395438490771316 -1.5655005706700620 0.7565631192261707
0.9999999999999999	0.0360433949406362 -0.1961228027366132 -0.1370931764275401	-1.8275907946810381 2.8722407465805451 2.5573669564137163
0.9999999999999999	-0.1520126656557781 0.6138651764241012 0.0395841808278254	-3.8001832902889223 1.8376032082335065 1.8517954747701932
0.9999999999999999	0.1031391137217318 0.0006236960356528 0.3675755758088902	-1.7670722065104856 -1.0057423894958113 -0.5331049619953224
0.9999999999999999	-0.0854375959755970 -1.1280582255153506 -0.0837799043114975	-1.4540943103310466 -2.1901129377012523 0.1772685597691800
0.9999999999999999	2.2643173655436799 1.6999865607862032 0.3060143986046259	1.3659495395075953 -0.5695652983639645 0.7503082439926425
0.9999999999999999	-0.5551677066109471 0.0321094868551340 0.5076367125963107	3.8217820595227412 3.6089457694687526 -0.3763673156107582
0.9999999999999999	0.0715412253642094 -0.1485945251965030 0.1607549681481006	1.6566898594820736 0.6901596936205260 -0.9741445969020754
0.9999999999999999	-0.1871108754109882 -0.5765723448863216 2.3575707388683464	-0.1889106401811199 0.6712357090592815 1.5961315870636517
0.9999999999999999	-1.7380856470273385 2.4256712570779380 -0.3549373267980611	-0.7441532571934182 -0.1682566076395250 0.4826521145315557
0.9999999999999999	0.0960097033444325 -0.7965274528744298 0.2077022569461046	-0.4896058579976204 -0.7068059997791772 -0.4961895532558387
0.9999999999999999	-0.5263718576393630 -0.6732770469264232 0.3213100805377712	-1.7420342810853526 2.7506458116225678 -0.1289700689250383
0.9999999999999999	-0.2602371443245800 2.1014015047409544 0.5594690961177369	-0.4442835410460872 -1.5019979559169065 -1.4556980639525425
0.9999999999999999	1.5574495945994362 0.0665877451130899 0.9068784786427563	-0.7334043756502601 -2.4347704592042771 -1.7922887809905805
0.9999999999999999	0.1966428358906162 -1.2443002452802101 -0.6962891736315285	-0.0156585260945866 2.9757434755376133 -1.9277201319027495
0.9999999999999999	0.1035151150261742 0.4700535828855216 0.5600428280056057	2.6340321542271670 0.4833610051223419 -1.5371347735390475
0.9999999999999999	-1.1133964345102418 -2.3650862310762193 1.8381855799614699	-1.6365151914111151 -1.5493504744881976 -1.0548106455439439
0.9999999999999999	0.4244358618880696 -0.8834843448520772 -0.0932976457685757	-1.0656562529028644 0.6862607020429650 0.1403455072071189
0.9999999999999999	-0.7764965088815188 0.4427710404270958 0.5047284603167119	1.5913325532387246 -0.0884114388883925 1.0975184047274562
0.9999999999999999	0.4246308119177267 -0.6881985183212420 1.1993498198228636	1.2811359609660011 -0.0425610793051390 0.5979817891405923
0.9999999999999999	0.1808180686733695 -0.0647213765371598 0.0690834756641894	-0.3107477082994278 -1.6541640565716598 1.3961249002127289
0.9999999999999999	0.0010246322176130 -0.1603912177299319 -0.8131806520154512	-1.0606049825463391 2.1593032057652377 2.7398408175614417
0.9999999999999999	-0.9707906968625829 -0.0434545460153366 -1.0019820589468911	0.6249879755823041 -3.0988396755218286 1.0660870824878332
0.9999999999999999	0.2280587867965992 0.2187758210170161 -0.2717119058781647	-0.7584713034191308 1.4403089011375907 2.0030871566684523
0.9999999999999999	3.2453930560957756 -5.3193488835180496 -3.3755174077590411	-0.8884429199387608 0.1635818291405783 -1.0539149799996532
0.9999999999999999	-3.8476117683096858 3.1708202643759935 -0.7541629426309019	0.3923133095738817 0.0531654114579430 -0.0134750770703979
0.9999999999999999	1.0897662142980760 -0.1528315305103050 1.3694182150805927	0.6204772978889063 0.5299640721101208 2.0272679622688421
0.9999999999999999	-0.5694812693896976 1.8959208576139861 -0.4894029097896754	1.4923434318240676 0.7003479830549596 0.8244519825298867
0.9999999999999999	-0.4160756323753481 0.2365246304893677 -0.9850876401513226	1.9616344032139355 0.0107361068097494 0.1496707237695303
0.9999999999999999	0.0562344835441731 -0.4938508849455068 0.0896944516091071	0.7472717467310501 1.2600814662102093 1.1144445895799646
0.9999999999999999	1.8465060830161260 -1.8295935644842449 -0.8194765866111497	2.2003167608669227 -1.7940135074630319 0.4924662106696253
0.9999999999999999	0.9614830163595603 0.2576275592626355 -1.2692030221526198	2.1156883999686005 1.2897014349363471 -0.3217401709228333
0.9999999999999999	0.3326135162248975 -0.8352199827210586 0.4044430078938947	1.6353795575746182 -2.9010115075274343 -2.3015962325227965
0.9999999999999999	-0.4067591026426017 0.7586643882441100 0.4574600217737202	1.8373433398634829 -0.9691598946141600 2.5451616799910544
0.9999999999999999	-0.2367879810631051 0.2144800262605797 0.4229253930152262	3.1066242674200457 0.4336540087418019 -0.7578340430142692
0.9999999999999999	0.0770415795931151 -0.0912772224581125 0.6953099627156647	1.9002060676265999 -0.9167716153649844 -0.2461004175764527
0.9999999999999999	0.3051972075565509 0.4169041240497260 -0.0226788371908592	4.5190902853532533 0.9960619304026713 -1.0140147129561436
0.9999999999999999	-0.2937900875195004 -0.2882732453718437 0.9248380676094740	0.2443902877614176 -2.2594592492112624 2.5792120332571775
0.9999999999999999	0.1060242244995172 1.2653529045188394 1.5027011345860000	2.5312048168078847 1.8007116921227444 0.6705031397943817
0.9999999999999999	-0.3500808427975722 -1.2636199973511626 0.1903844402190894	0.5002232490243997 1.3150377046188499 -1.9016479944466722
0.9999999999999999	0.3751396850733827 0.3327682119282250 -0.2282838070140497	0.0376502319557212 -0.5409297490476308 -4.2256670803074385
0.9999999999999999	-0.0842604085495286 -0.1359180051544381 0.7646931207230574	1.6543709278339218 -0.1019745125394815 -0.7117508591524958
0.9999999999999999	2.1470612375477462 0.0265198458275458 -0.0673997487846965	-2.9661092726974467 -0.8774263818039834 0.6552573098103605
0.9999999999999999	-0.7845924759100349 0.2135911992751016 -0.2636944396035612	-0.2845278084071532 -2.4440795367081964 -1.7599292521370591
0.9999999999999999	0.1993291684567318 0.1267554733581323 1.7612676002707390	0.2001532296192781 1.2501962311431487 0.0991590855903702
0.9999999999999999	-0.1969077672951271 -0.2905194380752824 0.5015895801410347	-0.4161152302477588 -1.0067605005311044 1.4501206348216229
0.9999999999999999	-0.3237782825700160 -0.4624660373297583 0.3560635425799401	-2.9600014746836112 -1.0325554364867884 -0.3940136423448821
0.9999999999999999	-0.9264650118770880 0.4329941008767212 -0.0314098758153652	1.3993445661850747 2.0059084506552289 0.0632747233145885
0.9999999999999999	-0.3083032408671239 0.2233511515792121 -0.2077198445507209	-0.5436538983827588 -1.5100495959317288 -2.4893623070775481
0.9999999999999999	0.0381920258745117 -0.1832088103675662 -0.7942007138303153	-0.8115152801521828 -0.4870021801399926 -2.4582227059107398
0.9999999999999999	-1.5232616816952300 -1.1739712053032803 0.8058646529179748	-0.0334774970476975 -3.2823979474065865 1.0380703957610222
0.9999999999999999	-0.1516971560777226 -0.3986972027996430 0.0298475936273507	2.2982884586433747 1.3369633310477289 1.5776172449193984
0.9999999999999999	-0.1390756685109902 1.2299567679499870 0.9319113920219108	1.1537132027102870 -1.9305888090673720 0.5779756386073376
0.9999999999999999	-1.6297743705935330 -2.2487935663678229 1.4142238983825597	-2.1240301489973090 -0.0191889116085368 0.7165350637172565
0.9999999999999999	-0.0968741077420875 0.1141918836245986 0.1103358730987884	-3.1794249729915656 2.5866977764727452 -2.5780063169042253
0.9999999999999999	3.5343678487465890 -2.4032436396872594 3.3156158809615235	0.6401804575704626 -0.7647398078936903 -1.7971117591701444
0.9999999999999999	1.5777116642996913 -0.7142654783889997 0.5284551369116103	-0.2397504221400963 1.0113108393256665 0.1893506922086549
0.9999999999999999	0.0399943671790227 -0.3378201850847835 0.3499627087844527	0.6204990169914666 -2.2777304896249175 3.3153406939074892
0.9999999999999999	-0.7727677682989847 0.7790716642818309 -0.8204178498155733	1.0277774487711251 0.4695646096702376 -3.1619467275083681
0.9999999999999999	-0.7968686996579324 -0.6395998972437495 0.3517165865911751	3.0597279535008357 -1.8858676915769523 1.9533096799060099
0.9999999999999999	-0.7837839544883644 0.4271600776530951 -0.9959357826754127	-1.6353431738424020 -1.4630122633573648 2.0146900538369983
0.9999999999999999	0.1345756662209462 0.8273873957666356 -0.9608739860974755	0.1695140604651974 1.0601417581584469 1.0285034609466805
0.9999999999999999	-0.6954311513768435 0.4726969072755943 -0.1136290259493547	0.6460582355617134 -1.9643656595145367 -2.5651375228488575
0.9999999999999999	-0.2601553166704162 -0.1058783596593538 -0.1159677105180448	1.5167511054692511 2.7452316753054782 -1.9676929533375731
0.9999999999999999	-0.1450769972333222 0.4276727287069698 0.3723228982910957	0.1798700062528727 2.0083821101935060 2.8749982492724300
0.9999999999999999	0.9579379141925074 1.1316091147853351 -1.8654980868894973	-0.8860718408762687 -0.3669792330342491 1.8479512600878523
0.9999999999999999	-1.8629365592167053 -1.5578707337782145 0.0187280559334317	-0.3582792476802518 0.6528154893917834 0.7855070569756399
0.9999999999999999	-1.9288688060056913 -2.0986619290558819 -0.0870912088660765	-1.5534137464796467 -1.1999673287638271 -0.8251222749038273
0.9999999999999999	0.0271312371221924 0.4654933524393324 0.1187446881337542	1.0239886850098057 2.2056594146448538 1.8835079493597313
0.9999999999999999	-0.6326397441530520 1.0161014270459310 0.4326436932447900	0.6764822897078693 -0.6326430571562557 0.0353310098097403
0.9999999999999999	0.0227520939960699 -0.3842085428100214 -0.1197555407876002	0.7277483765185515 0.1717774766412166 1.0842552218720947
0.9999999999999999	0.2413312429352188 0.4402993213418617 -0.2497958492872526	1.6926601794281675 0.4022654141848997 -1.7301497435526361
0.9999999999999999	-0.2613930717984840 -0.3762792610249719 1.2792055596784466	-0.4584101101581394 1.5814584992675149 1.1995853644170364
0.9999999999999999	0.8899737791771938 -0.0861638109096582 -0.2151135973296971	2.1288417135520352 -2.2941887053906536 -3.7218876842592419
0.9999999999999999	-0.4843402646019426 1.0022306603984272 -0.1002943570777291	-0.2782884009657991 -1.7604918322499883 0.5412018848706490
0.9999999999999999	-0.7231358866213262 -0.4674634611842338 -0.2850684466247250	1.7761128433780535 -0.2246698417332756 -2.2860026185710289
0.9999999999999999	-1.0336167634705389 0.5445105556207755 -1.1753755220313269	2.1518519087331347 0.0049590938417237 -3.4322956584833828
0.9999999999999999	2.2713562196680335 -0.5278126316665658 -0.5065904124196863	-1.0606627464281329 0.0004477915667872 0.2246338536812942
0.9999999999999999	2.8181513111780867 1.2067001701574622 2.0897986691973061	0.8503362328274530 2.4985087092804874 -0.8655091008825444
0.9999999999999999	0.3523788901204498 0.3943889609901721 -0.1151084863320571	-2.0948145813672010 2.9147938053290958 -1.2974988052775962
0.9999999999999999	-0.0812449339710049 -0.1263998775554627 -0.2870101880267451	1.1020928620266643 -0.1450594422237174 -0.1466718952304284
0.9999999999999999	2.2503021390169358 -0.4136194421188232 0.3669100174765884	-0.6710144065910905 -2.0944258501975113 -0.9550563856468299
0.9999999999999999	-0.0863647136457011 -0.5431334800727301 0.2479264943861482	-0.1065890237294647 2.7118541929413715 -0.8221122695796831
0.9999999999999999	-0.5897350407280786 0.7129523716104622 0.4622181376605199	0.7270763372000008 -0.5541576617882845 -1.4061762726724059
0.9999999999999999	0.0456317581747268 -0.3000369961274622 0.1901019317791950	-2.6343123457912605 -0.9338808672256361 2.1447277125545194
0.9999999999999999	-0.1243767717711368 -0.2079973126520392 -0.3442784566979760	3.9405449857295132 -0.4146691928362718 -3.1141997024638868
0.9999999999999999	0.7288105413890269 -0.9568751924582080 -1.3077864349393367	0.9791830489241663 -0.1507432495573275 -0.4092121345588347
0.9999999999999999	-0.1596770298997786 -1.0388039685794084 1.2151309844726876	-1.6114982012598051 -1.2130583584365264 -0.0487820280384851
0.9999999999999999	-1.4383220860972497 -1.4507549714707313 -0.9121815655255240	-0.9032546462031473 -2.2796528336497399 -0.1309263551243873
0.9999999999999999	0.6793626403335957 -0.3728724599034968 0.4150668210636085	0.6950865077736053 3.2253881875436656 3.0278060765723356
0.9999999999999999	1.2617134950254154 -1.5570084491758220 -0.5696174345121257	-0.6384576945926903 0.0440846809825942 0.8508681389631816
0.9999999999999999	1.1454929075148412 0.2763861238431827 -1.6336114194096585	-1.0444371291261458 1.8175985417975509 -1.4172629846545031
0.9999999999999999	-1.0292975510173858 -1.3395502040596534 1.2846905485878564	-1.4259463321955448 1.0327093145902495 -0.2110184505470916
0.9999999999999999	-0.2607975474527637 0.6775561563848560 -0.8649958529739974	-3.0849793090866733 1.8877599053669798 0.3962978108378223
0.9999999999999999	-0.2186144891279403 3.1873313975914148 -2.0517813681732546	-1.7073752588186133 0.2303654127388083 0.3897090553175335
0.9999999999999999	0.6003266510472924 0.6158775264839624 -1.3571530289016713	-1.7595326023802131 -1.9108564873029839 1.5822618495434442
0.9999999999999999	0.2119740721518560 -1.4418480754189456 -1.1603086933624582	-3.1845166241952017 0.9138916963337603 0.8400056732657339
0.9999999999999999	1.1786566149529463 -0.3697944105054581 -0.6742087888836276	2.0670669293098345 2.8783052344660063 1.6105120489147997
0.9999999999999999	-1.4791675531720783 -0.7676881743078452 0.8686385061839225	2.3858533930983166 -0.3664076385228253 -0.6014452331864121
0.9999999999999999	-0.6637623469633795 -0.0739645937118875 0.8898741677377809	-1.1828469492095204 -1.4196828398670189 -2.2639025689910612
0.9999999999999999	0.1369311053111842 0.1366281560372844 0.9315819764679302	1.8704479724768979 0.3532619885658183 -1.3131948781456249
0.9999999999999999	-0.5950054314316249 0.1220854356046835 0.0587493922039082	-1.2163406977319677 2.0836677240710304 -1.2742195034117856
0.9999999999999999	-0.2530881287327389 0.3513337155610047 0.3075546735976487	0.7330729520837156 -0.0066619880259621 -1.8391079167797197
0.9999999999999999	-1.1944798802696461 0.3484562994004639 -0.0413300114980954	-0.9943374827653404 -1.6870750697005079 -1.2826614052495611
0.9999999999999999	1.2612493588371636 0.2752517324954610 2.4492139760195655	0.3262965437877614 1.0911696189039717 1.0434870370803084
0.9999999999999999	-0.0674821704895003 1.1427238610391894 -0.8391771030911651	0.1219217296986982 -0.3080508132207775 0.9430181256293798
0.9999999999999999	0.4166842757813485 0.0357332744325021 1.0586033808873774	-0.4211545181060429 3.5484127066904629 2.4547961605284989
0.9999999999999999	1.9169299672830931 0.0205873391111416 0.3593674733202934	0.0696182089907845 0.2810284784265469 1.6560111664012578
0.9999999999999999	-0.4313784838354782 -0.3650436792091398 -0.8276629977827348	-1.8373669083295030 1.1494155999721525 2.4401254759436104
0.9999999999999999	-0.3796788155863493 -0.4851054060584707 -0.6643738092082760	0.4606838519936754 0.8344517911496816 0.4123116122842663
0.9999999999999999	-0.2056131561669143 0.0639734256447101 -0.1579592314193877	0.6661065147534865 0.2977605087775874 3.5164799917165275
0.9999999999999999	-0.2952687120404911 0.4147796269415362 0.4541233184422051	-3.4695623327824254 -0.9879858942482990 -0.7450760270646032
0.9999999999999999	-0.7135485179103790 1.9145438850388334 3.7262240633736070	1.6526197762999886 1.1418972253595598 -0.5794703618209801
0.9999999999999999	-0.2382242489406377 0.5419754298861208 0.0530879798765167	1.1251164048107649 0.6493112238975174 3.9625551314055594
0.9999999999999999	-0.1150859819930403 -0.0661600295891236 -0.4647567462125721	-2.8413662512294633 -4.2404194675362277 -1.9965501488367101
0.9999999999999999	0.3566641494318897 0.0056348021286982 -0.6313804424374485	2.2771534556734618 -0.7079563694183909 -1.2055051657808156
0.9999999999999999	-0.0609780790711707 0.6739486676158402 -0.7537231976709010	-0.8328534170957806 -0.5694724368691043 2.0190780524768130
0.9999999999999999	-2.6684429789728061 -0.1519064443047990 -2.6566253686551549	1.5219096616054499 0.6411732875072444 0.8056859418262192
0.9999999999999999	-0.9434220845403288 -0.5502566962750294 0.7243995361493680	-1.2846762803451728 2.3388776656764474 -1.2294966145954345
0.9999999999999999	0.5568000587872666 1.1279999248563211 -0.0889311969923997	-0.6671931985600059 -0.5870105531027529 -2.4867930307792032
0.9999999999999999	-0.0946245781137928 -0.7335667936720228 0.4311207898414953	4.0513232386146418 -0.5910288176854657 -0.5868389120498737
0.9999999999999999	0.4145147108705984 0.4115279463742138 -0.3619241148208853	2.5153156911950969 1.9285687429427760 -0.1733980787895297
0.9999999999999999	0.1123209671458073 0.9536916747614701 0.5991073881271403	-0.4429773789931197 -1.2464608773226515 2.0086563784833715
0.9999999999999999	-0.9846682241435057 0.4869396323114593 0.2535776458374492	-0.8698640088642480 0.6238761269011405 -2.9614314071039560
0.9999999999999999	1.9084829831826371 0.4901429545253375 -0.7484472663859547	-0.2464757752054918 0.7332455817767735 2.0853855555480667
0.9999999999999999	0.4002165614652766 0.2365249545890079 -0.3180637126551993	0.4442292983290159 0.7600677499969685 2.0427500070821241
0.9999999999999999	-0.1115900413334499 -0.4383813345965468 0.6816460410332956	-1.0012068601835775 0.8930095590570443 1.4550140150685000
0.9999999999999999	0.0657820870133461 -0.7141302936083822 0.6468090261255416	2.2371618455205065 -0.2983977220780138 -0.1382566111931373
0.9999999999999999	1.3249137378051956 -0.6834960099465767 0.9240759996258082	0.3082392242695305 0.5891113045996015 1.3280319067452975
0.9999999999999999	-0.2700786757442815 1.0583475736827519 0.8755023452132820	-1.3033467312011227 -3.3289631052470399 -2.0779019980751463
0.9999999999999999	0.7343601117375959 0.1865038704613382 0.3375340404645169	-1.1715758044462599 2.8818537770113837 -1.8712100301754677
0.9999999999999999	-0.1191434381415271 -0.1988904123536579 0.0455440046962739	-3.2832601800553931 0.6087329771329941 0.8706071044677509
0.9999999999999999	-0.2825956501943223 0.2215007077563109 -0.1214959585957376	-1.4720408695766651 1.5489116179128677 2.1843266254613649
0.9999999999999999	0.2663260521372751 -1.7834732089677938 -0.4662486211633747	1.0193498824947154 1.9879095338957988 0.2184114942054188
0.9999999999999999	-0.6414404536841484 -0.5449233636635988 -1.2800336488374964	-2.7057409038217184 -0.7652078211403829 1.5036548418070896
0.9999999999999999	6.2432370507752744 1.9221637609127249 -1.6462539201393835	-0.0232934917482343 -0.5597203815149260 -0.6851295322951958
0.9999999999999999	-0.2730138928807894 -0.2616231662611203 0.4174779402377098	-2.6515856122918877 3.0549354300990359 -2.3361019893297241
0.9999999999999999	-0.6060155951194661 0.2172468399726572 0.4990594739055407	-1.5394606382369409 0.6807458557958593 2.3862056514436381
0.9999999999999999	-0.1733560376700157 -0.0173100127436547 0.1533497450880043	3.1660410065785833 2.9705528147046789 -0.6876527612983667
0.9999999999999999	-0.5802335025392645 -1.0060979792114466 0.0884674810864244	-2.1725043821307306 0.8660010440394436 0.3644881386493031
0.9999999999999999	-0.2342276305084041 0.5586755897832986 -0.4046583009957004	-1.9704157124721826 -2.5838765815350686 0.3295828081639099
0.9999999999999999	-0.0528339250529006 -0.2049591545513997 -0.3845506115856838	3.3575752740862908 2.2762054811273242 0.1240490002562953
0.9999999999999999	1.0327347436115504 -0.6076912209317078 -2.4687610564403610	1.5394053288659495 -1.2808920711010767 -0.7722494455767352
0.9999999999999999	0.1749617931731456 -0.1653573695540692 -0.4139712531205453	0.6297528472404124 0.7213734468514831 3.1137193363323070
0.9999999999999999	0.0292622496373841 0.3996480513409926 1.4250226082735222	0.5323024625611213 0.1065351402505848 -2.1890363749025816
0.9999999999999999	1.3698401798161164 -0.6821163325999507 -6.1848300262017757	-0.1322132554789394 -0.2469250006651183 0.6386237044442057
0.9999999999999999	0.8757058588772271 0.4042281281681431 -0.8300676077253361	1.9119237832619755 -2.2876758034928968 -0.4291884692538712
0.9999999999999999	0.2503177771516327 0.4045587291655973 0.4014962315105756	1.0061908503207033 -2.9291686708378686 -0.6533088604696621
0.9999999999999999	0.4452189498330286 -1.5112112290424058 0.2247015816824317	-0.9517715919160312 -0.3368005433676353 -1.1762380915729467
0.9999999999999999	-0.1993373665360486 0.0123132348238982 -0.1397506861435201	1.3078388594549772 -2.8779203356229570 0.1643407053518710
0.9999999999999999	0.0437166654383854 -0.0465715763132763 0.2615638076544590	-0.0773652998495245 -0.7257710838635665 0.6144907615397618
0.9999999999999999	-0.6004313562064685 -1.1099382831117093 1.8147956359142019	-1.0378305317564964 1.7492947462714388 1.9493610606682514
0.9999999999999999	2.7234232921895432 1.8576153971885518 3.2992459950257036	2.1263595687481600 -0.1553528039583460 -0.6234475504631166
0.9999999999999999	0.4233841146769418 0.0853600005601554 0.7892464550256015	2.4625342615785875 -1.2869070483781344 -0.5330462510751659
0.9999999999999999	-0.2968088141479129 -0.9120331790236078 -0.2899434857654302	0.9469275756061136 2.7265235245623902 1.2558935886261404
0.9999999999999999	-2.8655318523756166 0.6701926960264015 5.1600147119179347	1.5636510410502638 0.3645317176120924 0.1757744766741815
0.9999999999999999	-0.0256319998958229 0.4936388196118441 0.3226825668433317	2.7254800511343116 -2.1387092097679963 0.7494503076235844
0.9999999999999999	0.7186684787064663 1.9264270698866699 0.9282492649911719	0.2484689417091996 0.5693624796223090 -0.5088131993126757
0.9999999999999999	-0.4119118851026717 0.3033470333023873 0.2277543945463512	-0.0574958430632086 0.8399936711848934 3.6732394843855563
0.9999999999999999	-0.6075662072007471 -1.4571904450319109 0.6711420890613751	0.2272274510067971 -2.4044022308322099 0.7240697372716455
0.9999999999999999	0.0380192518734428 -0.0986907259999595 0.6773006810222213	-0.3755585248893811 -1.3479537581705399 -3.4527136401437097
0.9999999999999999	-0.8711211860390996 0.3822715047759114 -0.9599629101750156	-1.2463525330671172 -0.9476844585542333 -3.4752356271945835
0.9999999999999999	0.0941199007160623 0.2739579216472562 -0.5021112116061900	2.4438167790822960 -3.9316715012792312 0.8599110293864533
0.9999999999999999	-0.2268436401538586 -0.0876501931959696 1.8217365206434046	1.7181766748145331 -0.8715225703062399 -0.8147293420636271
0.9999999999999999	-1.5482222044883378 0.3066839453699550 0.5608107845924094	-0.9074463963365462 -0.0193277750439983 2.8868185058500018
0.9999999999999999	-1.1908088214130383 1.4193742694673164 1.5469939146168534	-1.2751688551222993 -1.5448270535198017 0.0862745032135105
0.9999999999999999	-0.0240606443826696 0.7501280008253204 0.4253117905104333	0.8454547120262166 -0.8150005187172540 0.2350960479920019
0.9999999999999999	1.6681497654249984 0.1720407031831703 -0.0616298568652031	-0.7513002118711454 -0.1901165422464395 1.3017876917729190
0.9999999999999999	-0.3075331903923917 -0.5613121853207995 0.6150068992262453	-1.8120265525616333 1.2121644052514067 3.7970599348179914
0.9999999999999999	-0.1489058856063717 2.7095071723268949 -0.8368870619339833	0.2009241932409734 -0.5887747762357085 1.4939915880564629
0.9999999999999999	0.6712443629193034 -0.3500948113776935 0.3685839720809221	0.6993563441790034 0.3109254419227260 1.2275535463536240
0.9999999999999999	-0.3269086810724104 -0.6818546396088742 1.2347514836758042	1.4483792489684790 0.1171189609399340 1.7359650511842570
0.9999999999999999	-0.2448936490323228 0.1877105033493908 0.1597685479703616	-1.8025828233218484 2.2848243114421041 -3.2507765687450765
0.9999999999999999	0.0057646068045701 0.2199712000870855 -0.5549989911863694	1.0585058399998801 -2.7923392667505014 1.6761874552819762
0.9999999999999999	0.0037135019958834 -0.2671216766188365 -0.0847455473138789	-1.7251505309569319 3.4171612228453316 -0.7290748190690749
0.9999999999999999	-0.1784318181437887 0.0600997719152384 -1.0059707306626151	-0.8638776156619368 -2.1071851548074600 -3.8534650218736171
0.9999999999999999	-1.9568907461160749 -0.7625534526014168 -0.4689303742112715	1.1810273876537560 0.6664774520045190 -0.1145502409760740
0.9999999999999999	-0.7927466265175469 -0.3660508042546952 0.3518641163512741	-0.5853395430128669 0.0504633618478777 1.8951736974416520
0.9999999999999999	-0.1821175384253591 -0.1699939081153163 -0.2196644275885808	-3.4986592731432737 -0.3776587313928992 0.0344359325574834
0.9999999999999999	0.9308271585904248 0.4254625385728664 1.0746667193229273	-0.9054478501946570 0.2840051051377981 -0.6024947776073475
0.9999999999999999	0.3321611398241753 -1.9198581153374641 0.4727470553635192	0.3678640990450270 0.0198332148991031 2.7558114264588718
0.9999999999999999	-0.0944802239687428 -0.2314029641431125 -0.0925307756895025	0.4581447601489067 -1.3789002975533773 2.4514585690847723
0.9999999999999999	0.5584300511100460 -1.0448293638265236 -0.6293880024438817	-1.8427198336586481 0.5323906998761184 -1.6705807427654606
0.9999999999999999	2.9446651382384448 4.3336973308985121 -0.0803716312137914	0.4536830553205018 0.8256634814248363 -1.2838724719322538
0.9999999999999999	5.2928127037855734 3.1615668558419339 0.0653095708755334	-0.3951685655597902 -0.5626572968069575 0.1485638827255468
0.9999999999999999	1.0102510363499511 -0.5187713673569191 -0.4998894650084028	3.2160116814397814 0.4361172612164139 -0.5677076623479832
0.9999999999999999	0.0030517080625993 2.3597805281331072 -0.5460496659972552	0.3849331354924963 -1.1021846535772970 0.7764952765269085
0.9999999999999999	-0.2261975196685804 1.5315138861269151 0.5745417546142101	-0.5581418718155869 -0.2195832746558649 2.4584471036605144
0.9999999999999999	-0.4672537514278276 0.0134148156330485 -0.3139313558345205	4.3478169945315361 -1.2781257828110300 0.1229455425294053
0.9999999999999999	-1.0913890976140508 -0.7363577380536366 -0.4502324407084141	-1.5674912301976094 -0.0700078263542713 -0.0612630774969078
0.9999999999999999	-0.2588502166851975 0.1530539330644343 0.3166560615267358	-1.6360378372827000 -2.8613391845129956 0.0983107190681795
0.9999999999999999	0.4215116867378119 0.7649630945243291 1.4420191664972604	-1.4617612187556608 -1.0332218660637651 -0.8155252887326973
0.9999999999999999	0.1756541827765616 -0.1094349299428194 0.6787160820124567	-1.2708496680002512 -1.8553153897423675 0.1488872768362334
0.9999999999999999	0.1470505814460510 -0.2239822103007389 0.5605131320154840	-3.5883675027643425 -1.4397764748724322 2.6501622822346991
0.9999999999999999	-0.6257338779417576 0.4308416270504962 -0.3471692910442262	-3.4174783341108701 1.1972773958206051 2.1848710426211562
0.9999999999999999	-1.2460899648701502 -1.4654235968404479 0.3894487183413288	-1.1018976896557731 -1.9886799710301664 0.1558414307276063
0.9999999999999999	0.0000649322381455 -0.3452887806690267 1.0229905665493366	1.7760021546820683 -1.6250214812649939 3.6010045914772597
0.9999999999999999	0.7021460057030883 -2.3923638681034256 2.5793020546275693	0.7781902266164603 1.0416797674011551 0.6686193991479125
0.9999999999999999	-0.7622931728030989 -0.5288049216291606 0.0736246504447263	-1.8216283969964082 -0.1974235073535325 0.1310418450536364
0.9999999999999999	0.5830940068553772 2.1158219467826012 0.4628611936437535	1.4756790842932836 -0.9620995882123017 0.0452698787994355
0.9999999999999999	-0.3122428077174526 1.7688090677291581 -0.9399808666385956	-2.8871674545447545 -1.6072724245573120 -0.0962203968757681
0.9999999999999999	1.1770214863569179 -0.8769050469992369 -0.6707202737811071	-0.0474549031380377 -0.1854963028288032 -1.3146600709228313
0.9999999999999999	1.9773218632320828 -2.0451503170748171 0.2056832043991406	-0.4960224412076781 0.9997263704670123 -0.1116789106748297
0.9999999999999999	-0.2529675887168069 0.1719966289140907 -0.0713428062420016	-3.3497094652850796 -0.6690675094075654 1.4659881943722486
0.9999999999999999	0.3011616124218210 0.1768660589023905 0.2772601914840460	0.8613824749532502 -1.5822823798735075 -0.9576953730471977
0.9999999999999999	-0.7338391407082576 -0.9804829926381606 -0.6837696705220040	-0.9968005532693400 -0.7585014296632941 -1.4842578339675414
0.9999999999999999	-0.5404872873354264 0.1853115980318205 0.6291357671569835	0.0376262953866119 1.9238413370571916 -1.3967818380529125
0.9999999999999999	-0.1435509559836594 0.0239145438644105 -0.1166376743944693	-1.6982082823592048 -2.3109712546668852 -1.1638691473726497
0.9999999999999999	-0.9921817086174327 0.2945319430271274 -0.3963366488239951	-0.1874217140002751 -1.6362413677972396 0.4113603323089071
0.9999999999999999	0.5936806505130162 0.7266494085228157 -0.8970508710359835	-2.0092574589325851 -1.0269072429891286 1.6761821030206094
0.9999999999999999	-1.0711068643926249 0.2518162159290811 -0.2132570597510595	0.2716945154219432 1.2744958780458249 1.0342076358383041
10.0000000000000000	-0.1104581270864338 1.2842862296098927 2.1998097761245474	-0.5266794369705550 2.0313842078327613 0.8310702840079504
10.0000000000000000	0.7500767951378156 0.1234370421576128 0.5733132755043747	-1.9116348190534203 0.1791687221460741 1.3939023726568767
10.0000000000000000	0.2857674771955263 -0.0847005808118662 -1.2144912514670572	2.0829149045016133 -1.6180633935519706 0.2217922849174557
10.0000000000000000	-0.6074826617942528 0.7348757733729184 1.0494508463934604	-0.7943897890441197 -0.4588120809458301 2.1388966857864142
10.0000000000000000	-0.1868292849193717 -0.2979303476660397 0.2581979090216848	-3.2485233624544443 1.1300565149132107 -3.7054883023968528
10.0000000000000000	2.7984875083683662 1.6991581238520643 -2.3792825311578256	-0.0853478769909038 1.8812042066755770 1.7264707673218713
10.0000000000000000	0.3563556832493966 -0.3002050778577660 0.5490201944212688	-3.2054446567492936 -3.6924696741459533 1.4094162115236240
10.0000000000000000	0.8512900086330328 -0.1440999818390482 0.2533188049559321	-0.0571116872258683 0.0973667765184714 0.4412876834727304
10.0000000000000000	-0.0170954995990178 0.2932031387316852 -0.2557103819086419	-2.1110313519172226 0.7247840960819339 2.8651855499992633
10.0000000000000000	-0.5698035753256429 -0.6433684764585018 0.5618367635896595	0.2322955547574437 1.6401583138012219 -1.1979028987515852
10.0000000000000000	-0.4801013516104607 3.2528111169086533 -0.0208468142567016	-0.1795631802379815 -1.0020760841059035 -1.0000460787030336
10.0000000000000000	-0.0096965132227927 -0.3090905511001737 -0.6190249290410378	-1.9581457890155936 -1.6547416131512955 -1.1320664516794923
10.0000000000000000	-0.4109701420541788 -0.0830255286734800 0.4731905105826991	0.5530748708147530 1.2125009924702046 1.3743500843704490
10.0000000000000000	0.6001517764715654 -1.1916713114801230 -0.2946284150985911	-0.3154971555691966 -0.0492336013191363 -1.1226744490086984
10.0000000000000000	-0.7581031778407207 -0.8567263194668214 0.2957277576679892	1.0984179546446828 -0.7079392068029935 -1.3988658117601580
10.0000000000000000	-0.2962155406089919 -0.2296655852114991 0.4013663641031150	2.1606287219738483 -0.7225234932382744 -1.0823213412341599
10.0000000000000000	-0.8656220257082595 -0.3619183001281698 -0.1957567943651978	2.3419738140608550 0.6372540575593871 2.1498948262880759
10.0000000000000000	0.1651863135469998 1.1465407730545483 -0.2922712091108943	-2.0481411939130996 1.5020050578862461 1.8342197847914641
10.0000000000000000	-0.4980889278746961 3.8704399012852373 0.9437663422253697	0.3773833992496667 1.1154319771288541 -2.4090651351772028
10.0000000000000000	0.1924456434526172 -0.2417899625894553 -0.9875010081853489	2.0649598996900003 -2.6664985337896252 -0.0075716747428842
10.0000000000000000	0.2110645752106874 -0.5707277297203085 -0.5508580757957056	2.0032466930609818 1.9792605901708511 3.0481147291525454
10.0000000000000000	0.4324828834404974 -0.6843272676556371 -0.1697294860572071	3.1800474889761716 -1.3333682363669705 1.2143329521140873
10.0000000000000000	-0.1126773621942121 0.4140973345627567 -0.5319817738798387	0.6107750250604413 -0.4127991537193210 1.7828837580198720
10.0000000000000000	0.5438633747327980 0.1405462312419562 1.0395706495417285	-0.2930223006082034 -0.6920645423145031 -1.8828920921696899
10.0000000000000000	-0.2868271498791232 -0.3547013480240414 0.3832602828353380	-1.6926921488671911 3.4873862214750897 0.7882624500016108
10.0000000000000000	0.0634966590306498 0.0200315298314884 -0.3476727952927901	0.9772594144357795 0.6288951548360299 0.8034203575901091
10.0000000000000000	0.1013734425101387 -0.0194702929684943 0.1799759480604350	-2.2439308248580203 -1.2403279446583924 1.8659885513499985
10.0000000000000000	1.0893670112784988 -0.9518086530697292 -2.5968652178636749	2.4978213774086648 -0.8388301724193058 0.4914001797766407
10.0000000000000000	-0.8503332566615752 0.2227585978373361 4.3686617444217015	-1.4337992423828660 1.0368586972050569 0.9389406173849973
10.0000000000000000	0.5917048334882394 0.4935781615146158 -0.1197079221209354	-1.7178643775092062 -0.3092172340806937 -2.2318611524165224
10.0000000000000000	0.1698428714389497 0.5757322647429094 0.9887242190077929	-1.1804631019022838 -3.2779831278313090 0.5872317728015686
10.0000000000000000	2.6717019132191493 5.5553047948357683 -8.6027688782520038	-0.3175841528876718 -0.9698313179864247 -0.6215058276571227
10.0000000000000000	-0.7463663477933893 0.6180725513630556 -0.8561129073184520	-0.9909908412035433 -1.1024161511910739 1.5493771985190430
10.0000000000000000	-1.2412342260417377 0.1682877658240594 0.2429234678031075	-1.2923815612708796 0.3762609559051271 0.5898113044629677
10.0000000000000000	-0.1349428982261918 0.5028700124546899 -0.4162804098306637	-0.5214478913918997 -1.8168910046083073 1.6329176652183055
10.0000000000000000	-0.2063511159955609 -0.6138243616104341 -0.7405336822092837	-1.0026713139520227 1.3049685914576716 4.2967181406543373
10.0000000000000000	0.8923757538141925 -0.1908741149139438 -0.0826456912315090	0.0916439738029412 0.6908111752961583 2.6838513398318566
10.0000000000000000	0.7286118639548361 -0.3116492908803204 -0.1338704702358906	0.1238110396299047 1.3834384945167271 0.0052502137270906
10.0000000000000000	0.1151975197644783 -0.4263548902193104 0.1747868130802551	0.6011983086724711 0.9964127867141302 2.6584688399525969
10.0000000000000000	-0.4748315754472332 -0.3754733880469527 -0.3349514104604930	2.5803706785644169 2.0342858569125224 0.4522189311503407
10.0000000000000000	0.2919339131617368 0.3656832481390764 -0.6502116755069082	-0.8225787688076615 -1.6715942768107825 2.5494194172960745
10.0000000000000000	0.3013639802550258 0.1017480840653313 0.0265290218007826	-3.4556787550879728 -2.0006741222580380 -0.5389473222113099
10.0000000000000000	0.6977992592298302 0.0072841776825054 -0.0289610839284935	-0.8579789167255436 -0.7487972564301341 -1.6003935263554527
10.0000000000000000	0.0612761312765002 0.6254535354980540 1.3195433975184805	0.4909758966755466 1.5425902663155473 1.0457429772095408
10.0000000000000000	-0.5084570223798540 1.1762388159494543 1.6329683049145296	1.3716816954796036 -2.3420183007704858 0.4682549753635905
10.0000000000000000	-0.3016280594629355 1.0053000741718208 -1.2988756894081914	0.1945975690855021 0.6559176258397974 -1.2974454226078076
10.0000000000000000	0.2758508545288596 0.2702588550208800 -0.0054647429351287	-0.1895666506069297 0.1666471571550471 2.4854160113085513
10.0000000000000000	0.6452539776437340 0.3564442218264384 0.2093570847335397	1.2883420737345723 -2.9241268432625827 0.4429690651036440
10.0000000000000000	-0.2432464439371013 -0.6091497132485851 0.1937672275708086	2.4120682123892485 -0.2296155516766769 4.9078475046765622
10.0000000000000000	0.3635428524787568 0.4879497145785345 -0.0616514838056309	2.7935861858675048 -3.8922771894515065 0.0808527064243437
10.0000000000000000	0.0693204843728860 0.4744262644399869 -0.1196412592552947	3.6194765344785891 1.2382584062095381 1.7564660051947922
10.0000000000000000	-2.3679616158575310 -0.5229672381462039 -1.5245797927113716	1.5048252642151223 1.0967243671204576 -0.7111466949962698
10.0000000000000000	-2.8036970224629090 0.1302216740508302 -0.2325579171169216	0.9766855464883539 -2.0436033433280683 -0.6502765634008443
10.0000000000000000	-0.0551285691361899 0.3374343485629200 -0.1320749692756786	1.3540609341041019 -0.3860716472069093 -3.1728965384671439
10.0000000000000000	-0.0729813351636805 -0.1965273223923966 0.4032072439865482	-0.2252794845863705 -1.5034411528138691 -0.7713978723432909
10.0000000000000000	-0.0462434857414721 -0.0370020570350736 -0.4198178335173205	1.9600773708086394 4.1067708283194584 -0.1277930316622081
10.0000000000000000	0.1893079506909056 0.7407523937223309 1.4294979194113673	-0.1987165380117268 -0.7027552761620943 2.1719840601005309
10.0000000000000000	0.4853093491756742 -0.0481219379544663 0.8573814971907677	1.5621648964792207 -0.4768414101231377 -1.4368439448233881
10.0000000000000000	0.7748908355026947 -0.8713741438456042 0.5270497070753009	-0.9273456137071396 -0.2901605755974114 -0.2404180124619180
10.0000000000000000	0.6265967770677998 0.8622888293380663 -0.1242429044960462	0.5349312262277531 -0.9378913211423419 0.7020759776171247
10.0000000000000000	0.3892860871102710 -0.1597113991317104 0.1876735610762251	0.0654599967433231 1.5371947596328241 2.6199397184973532
10.0000000000000000	0.1912331382632531 0.5588573139083886 2.2272062153419001	-0.0323247668827039 0.2093245921991761 -1.1355292877294036
10.0000000000000000	-0.1890419742379905 -0.4062836799905102 0.5328428703793201	2.3265352004184083 -0.9433977812556192 -3.2785889562733126
10.0000000000000000	-0.3493373773865789 -0.1774521413704617 0.1816356416991631	-2.9408735086630866 -0.8367298152145219 -0.6579179749593760
10.0000000000000000	-0.1399296272311794 0.5214752879681848 0.8225075830097929	0.0379564705063779 2.0953227950768412 -0.3521675379538607
10.0000000000000000	-0.1960046516403985 -0.3691237106219496 0.4102860728900761	-2.2390717830217186 3.8785412016991008 0.3481824664484006
10.0000000000000000	0.1477776131978901 -0.7931881825769695 0.7093516618948240	-0.0877293497805479 -1.6280020384671570 -0.2031455952045680
10.0000000000000000	-0.6225787696957334 -1.4661131046339406 6.3211260191067309	0.5359084551107666 -0.3415157253477103 0.6067235649941637
10.0000000000000000	0.6351621317733550 -0.2594299869547975 -0.0591973962619621	-1.2047718412248849 0.6588102675559935 -1.3507498579041175
10.0000000000000000	0.9547163523580424 -0.3820537395947657 0.4383839757098399	-1.8847216496817190 -0.6840865775247089 1.5306730340063455
10.0000000000000000	-0.1273781600143668 -1.0261241119205002 -0.6070571707754473	3.3765101824385444 -1.5238591679767437 1.7082614798477980
10.0000000000000000	-1.4041996639351835 1.5183232610655277 1.9304542830567266	-0.4712965647614522 1.8606175653956172 0.2789391347775870
10.0000000000000000	-1.0472588721948934 0.6231258971563165 0.5079027591106858	2.9102864252517389 -0.8470326769423473 1.4779762421261977
10.0000000000000000	1.8113253490192582 -1.6221222426030599 -0.1753036796673330	0.4647392956469750 -1.3119219821070816 -0.3553186520887314
10.0000000000000000	-0.7436323088856142 0.8973119731094785 0.2396002964863760	1.1794254549015626 0.4238165494491275 0.0348950885111473
10.0000000000000000	-0.3801902663728918 -0.0285046647950753 -0.6824583707037420	2.3270483917829341 1.8651939589249185 2.6896876718889864
10.0000000000000000	1.3136179758363538 -0.2465749947720104 0.2982316080947238	0.8549840251320522 1.1151825701499483 -2.4325695264462195
10.0000000000000000	3.3284780603736364 1.1156773694535302 -1.1296212028345562	1.3218399660383024 0.2231923483288435 0.2920056112332360
10.0000000000000000	0.1386121349974348 -0.2427576672238984 0.0923986419367867	0.1545254254245780 -1.7884159191351794 -1.1254520615546666
10.0000000000000000	-0.1506104699114106 0.3044953222408760 -0.1004575873763957	-2.0155166432550651 1.8210802336084666 -0.2532730236613673
10.0000000000000000	-0.4439502892719147 -0.3068788689433806 0.1360275833446664	4.4829002849794151 0.2829237302077818 1.5730101625338835
10.0000000000000000	0.7755531470329803 -1.5231914977619083 -0.7030744227775586	-0.6413000559453171 0.6128740878951111 1.9392660215438258
10.0000000000000000	-1.2343024093322728 0.1758677430909910 0.0704461347125937	-0.0334433946351826 -0.1181037657119089 3.4584498566870430
10.0000000000000000	2.2035862628164735 1.0195783971272385 -2.0771865918797880	0.9422732489539231 -1.5783209658908881 1.6622108562741369
10.0000000000000000	-0.0732599972124919 -0.6212332070399577 0.4545386594296258	0.2721299738969867 0.2940183080631757 0.3458928002413841
10.0000000000000000	-0.5313984351298460 0.1593927757013100 -0.1064545618467595	-2.2346576473337150 -0.0591707764349311 -1.4841822402167388
10.0000000000000000	0.1869624678345642 0.6530297203709060 -0.7338918312214040	-0.5148748451616069 1.7485072886576392 1.5382127615197783
10.0000000000000000	-0.2027955052349291 0.0796381507647162 0.2113871610546933	4.3027516500149225 -0.7330159205501459 0.1782540057671760
10.0000000000000000	0.4257752253766572 0.0231786880594280 -1.1758659854851545	0.4646191620451633 2.2373794086373269 -3.3996010097327680
10.0000000000000000	0.7244908759081152 1.2681924391075110 1.3847491153307587	-2.6684648413502616 0.9344368681260701 0.7232627727395655
10.0000000000000000	0.1024835960571294 1.6428298266529162 1.5553087537975214	-0.2786528329791712 -2.6728120639073962 2.5747192186847734
10.0000000000000000	-0.6194343289809464 0.0602530530843014 -2.3023574103441597	-0.1535130129182542 0.3073543445580648 -2.0036012953030964
10.0000000000000000	0.2454534323393598 0.6132655927347855 0.4396553117744419	3.9989272201301755 0.5644174521779325 2.4456846999145045
10.0000000000000000	1.1823252687143497 -0.1939730223252593 0.2076095759577887	2.3247612397349875 1.3934607013729254 0.1655591634440652
10.0000000000000000	-0.4508913237784396 0.0993666972692702 -0.2141183124319021	-3.0086141494592691 -1.1676444660198464 -3.3927760225541834
10.0000000000000000	0.6298990657947876 0.8564669815507295 0.5289282922522915	-2.2399115632706152 -0.6450932600650108 -0.3699950365717269
10.0000000000000000	-0.3293657651706599 -0.1494962168358142 -0.0343121363858722	-0.3900017864573473 2.5930078708447111 1.6078491178978893
10.0000000000000000	-6.6502732427924505 6.6841141775398398 0.9796785500376886	0.6851619407912093 0.1156010117071015 -0.5853079185225728
10.0000000000000000	-0.1952086961446314 0.2719960281689255 0.2946187397607367	0.8267433661141770 -0.9170554845975671 1.8709427393380644
10.0000000000000000	0.3534364972185758 0.5524711712949361 0.0074980984717910	0.4654420225574077 -0.2222048365506002 -1.9106728487155131
10.0000000000000000	0.1264203295274427 -0.5780360090999340 -0.6971598824969485	-0.2026392880500283 2.2332607587193105 0.5751285604347887
10.0000000000000000	0.4234340242789555 0.3796037382249211 0.6093590801468726	3.4614044739745116 -2.1686619234555824 0.3277397946891615
10.0000000000000000	-0.4639159058387662 -0.5090630658479522 -0.9746336673265170	0.3321509474508975 1.0753494215036752 1.4893863785188071
10.0000000000000000	0.1901663276795516 0.4318749179262076 0.0412836607037195	-3.5661619374319065 2.5878136105852283 0.4873130359875438
10.0000000000000000	-1.6189328745088825 1.6225588448246873 -5.7780403356349437	0.2927485269240062 -0.4636824765776787 -0.6936053334215239
10.0000000000000000	-0.1225949274217240 0.5886006371253629 1.2473380498925017	2.0075838452099437 1.8743319844055331 -1.1735445829306248
10.0000000000000000	1.6491375130209682 0.0601268967189311 1.9119968881930058	1.6600509091994371 1.2536528158575773 -0.1427044105066894
10.0000000000000000	-0.5627176189474784 -0.1121494662706472 0.3271517023532231	-1.7572139439742400 -4.3118140257103779 -0.6221324127249689
10.0000000000000000	-0.6338173548937888 0.4297908703236179 0.7441894896050119	3.9983569737818367 -1.1028677619745511 -0.4044035161697341
10.0000000000000000	0.3005121979869844 -1.4137570235258647 -0.7635470356368163	1.8565830521222701 -0.4437173981288258 1.0730967951452353
10.0000000000000000	-0.1226869105597417 0.4004238903060269 0.9199718685860460	2.3033882705155952 -1.9471758044232022 0.2628331205090894
10.0000000000000000	-0.2390818137220919 0.2228974512807422 0.2336282897799030	-4.8214740580643847 -1.0041556910587450 -0.3251180613017574
10.0000000000000000	-0.3319540519584872 0.0442031580714265 0.2292932539270734	-3.5278574966557170 -1.0857062094469894 0.9936424887436783
10.0000000000000000	0.2561942934955399 -0.1494842917207997 0.3099982735605532	-0.2286279052267035 -0.6196965219854554 2.3173233497515686
10.0000000000000000	-0.5904939044165883 -1.1129226914542267 1.1223584204113004	0.6457848731362580 -1.2631633851609958 -1.5631524842638091
10.0000000000000000	-1.0560852646464827 -0.0864249450751589 -0.1486467493592810	-0.8390155207958772 -1.1503164549443645 1.2403489478596375
10.0000000000000000	0.4270670062768317 -0.2311265343311266 0.8356495771741836	-2.8846248247053627 -2.0588856882527620 -1.7097778781588993
10.0000000000000000	-0.0983928499130843 0.0489685949408166 0.3433115623345484	3.4416178344426385 3.0493138312533641 0.3669413656360812
10.0000000000000000	-2.2176667581910681 -0.6568824185362305 0.6308694179923963	0.3731057649793560 1.7925253112958357 -0.2025053229912193
10.0000000000000000	0.4800886132426168 -0.2718946472469275 -0.8076550018745675	-0.5931303888247553 -0.5527758265389796 -0.6893677966116520
10.0000000000000000	-2.5226481845224571 -3.4841808039793327 0.3686552308329437	0.6853857010029513 1.9905262193239883 -1.1588238315559960
10.0000000000000000	0.0905368649910485 -0.0183068529605552 0.1639304510718550	2.1635688400664059 0.9863687082234975 1.9711747115589311
10.0000000000000000	-0.4424124308199747 -0.3239273303508666 -0.7019751809779563	2.2600219883185324 0.0279717043501443 -3.0450501392114999
10.0000000000000000	-0.3420313349504484 -0.9255107947916332 0.6726320689002947	-1.4358738104440527 -1.1537665450746568 0.3334107638769485
10.0000000000000000	-0.6760531755644292 0.6186650299424206 -0.3967598580741669	0.6416637171640472 -1.1292197533980770 -3.7154773477663725
10.0000000000000000	-0.5892381814248813 0.0298288106075258 0.3554523573954854	-0.9978454405706463 -1.9939003162861431 -3.5237988775413536
10.0000000000000000	-0.2962586169524877 0.1118038246600421 0.1227817873560882	5.0667052113843773 -0.2401164838719893 1.1309561510867647
10.0000000000000000	0.6786901323702195 0.3088793517450549 -0.0655648527938650	-0.8121621963042680 1.3695515471060336 -1.2213200771415638
10.0000000000000000	-0.6585136049453114 0.4325498460785173 1.5605902630400614	-1.4366349124487154 1.7778046532218523 1.0442287836564905
10.0000000000000000	0.1017326505058264 0.0554206495236299 -0.7111366591138834	0.4710283978302218 0.7809156157115338 -3.8274875504129309
10.0000000000000000	1.7186343012830789 2.6304804162449549 0.8229144972085494	-0.8983898601421337 -0.7632013771022758 0.1696227714665833
10.0000000000000000	7.3730850553243164 1.1681248919734148 2.0900294624664952	-0.9437000927184925 0.0978760580094905 -0.8714263039455725
10.0000000000000000	-0.4061578787482917 0.0828927370518109 -0.1795943133776060	3.0295637045266122 2.0880998668972737 3.3198481179586135
10.0000000000000000	-0.2968245745724115 0.0335715058967186 -0.7596571218572329	1.3566502916767527 2.7042934481278116 -1.7169194394908229
10.0000000000000000	3.0374637244671261 -0.3837647402260604 -3.4760886344505559	-1.8597171328890254 -0.0575822997401223 0.6668076416664982
10.0000000000000000	0.3336702654186917 -1.5763066019311560 -0.4658456716400009	2.0153138758008646 1.2955752819351396 -1.5785817923168335
10.0000000000000000	0.7329768413679334 -1.3644266210587221 -0.7550881469921228	-0.6223820874511526 1.6609958119040593 0.4383827285906604
10.0000000000000000	-0.8677643977749482 0.6111220691243148 1.2243087548400713	0.0415140548177364 -2.1527868982807341 0.3520450484932426
10.0000000000000000	0.3678637794073896 0.2375782565834597 0.5153107888200359	-1.6889728602313709 -2.6908247683341209 1.2252028141222717
10.0000000000000000	-0.7721079898094803 -0.0432949207194645 0.2137129225447332	0.9664388930906548 0.1845309420195844 -3.2633485841791949
10.0000000000000000	0.4098986695179615 -0.0125624744291436 -0.4723587618503732	-0.5695201605882868 0.8273008080527561 -0.0087228310807852
10.0000000000000000	-0.4176712193908046 -0.0353786400906466 -0.7509155069678617	0.4474785013487139 1.2241780881457025 2.4703105839308725
10.0000000000000000	1.5465422438713614 -0.1611931724310864 -0.4546495801597266	2.2204054345558126 0.3576968896137634 0.7121344626398013
10.0000000000000000	0.0034977725257419 0.1619558079262949 -0.2191788803776590	-0.2755625840764892 -2.9137723382288208 -0.8894021312439172
10.0000000000000000	0.0343555837556831 0.1947556282655789 -0.3507697719751823	-2.1972650291145173 -1.3986175681955193 2.2804276049300420
10.0000000000000000	0.6476341103679354 0.0254104604384678 -1.7622284199179570	1.1748863224867683 -1.7819807404216892 -2.6524324382060778
10.0000000000000000	0.0498067049140798 0.2017188610062066 0.2037781883544274	-0.6053372064075762 -2.7605238446293741 0.3886175627452897
10.0000000000000000	0.8976384098702136 -1.2446993588898463 -0.4949522537388392	-0.5775131390334379 1.8704723556100911 -0.9636017944436547
10.0000000000000000	-0.0804543119003341 -1.1177350213490602 0.5402320014096991	-4.9919578515174594 1.0169514822463834 0.2848124965856787
10.0000000000000000	-3.3952767265487660 -0.0322153648472566 2.3355499352017439	1.3754821641200332 0.0452756839972525 -1.0636840030870545
10.0000000000000000	-0.5124691239210584 0.7468511503765649 1.0010290350948010	-0.0719932405938789 3.5902762646216355 1.2784781647800216
10.0000000000000000	-0.1302404789650129 -0.1844003515202294 -0.3846293558946233	-0.8904229864760009 2.5565111858860217 -2.4197228597949696
10.0000000000000000	-2.0396643779464307 2.6926731349593052 0.1583324537888624	-0.1197762310889434 -1.4515840144745276 0.0717992109970583
10.0000000000000000	-0.2068347449215096 -0.5339382312812438 0.4033485257906784	-1.3143040093039542 2.3874329919994990 0.2743287980673616
10.0000000000000000	-0.6876965434678239 -0.3468212029276322 0.3328277420391765	-3.8378157965422908 0.3787246201874856 -1.6092755194447783
10.0000000000000000	0.9756959457100827 -0.6554121858638410 0.7828716757416780	1.1884219942544310 0.0624762230237777 1.9844570470670349
10.0000000000000000	-1.0268698488248651 2.0594372307559072 -2.9712410351135943	-0.4726534023888253 0.9419781987086941 -0.8847544981109567
10.0000000000000000	-0.7518929722516908 0.7908467934120957 -0.0626192752812144	-2.2483628039420203 1.4753082629117045 2.0737327070209166
10.0000000000000000	1.8049025234527118 1.8836159108724397 1.6133220981463938	1.8274283826898201 1.2657407555042934 -0.4954625214381294
10.0000000000000000	-0.3140690478823144 0.4589642394712555 -0.0496482453230349	-0.2817506924224679 0.6942863020755687 -3.6820067802015473
10.0000000000000000	-0.4003044355202573 -0.4301644955910628 0.6459293225034645	0.7661139750175401 0.0006172693040717 -0.3458585704099249
10.0000000000000000	0.5255333514401139 -0.4894298247719167 -0.6067317335881732	0.3907618600974004 -2.1004806612613947 0.5289422302531223
10.0000000000000000	-1.8772351664919857 -3.9013235816971084 -1.9144467819677295	-0.1259323780416125 0.9590558759214525 -1.3932503247988453
10.0000000000000000	-0.1193433246912408 0.6516450027124197 -0.6646776631072250	-4.2271954759215955 0.4487180160153093 2.2419177550785725
10.0000000000000000	-0.4447836198077236 0.1204262668186189 0.5221286557755862	0.4289028407534485 2.1426578703977186 0.1605427759072202
10.0000000000000000	-0.2440310471832650 0.3556819317125822 0.6938462149750528	-2.4929583780485256 -2.3820664223340877 -1.4548679827263062
10.0000000000000000	1.4121000338573955 -0.2792483870178906 -0.6673515399911910	1.4689788205334375 2.7647124963624221 0.0710307879039344
10.0000000000000000	-0.1448026032548504 0.4341628881392547 0.2365746519063209	-1.5374177962359883 1.7578110739422041 -2.0425432852837453
10.0000000000000000	-0.4645811520337079 0.1557766910728774 0.1831387561443440	-2.7272855173473749 -1.6582570766750169 0.4739685644625050
10.0000000000000000	0.3996389483185503 -1.2220554157691381 -1.2142747282769877	0.6676834002120288 0.0097228289980060 0.5379227704910258
10.0000000000000000	0.0720798322130035 -0.6305580553349497 -0.1071041734365062	0.6481314080338155 -4.0475732238688407 -0.9677644078698651
10.0000000000000000	0.9694502615217032 3.8666635295384548 3.1631511619586021	-1.2196827878101355 0.5512114172956428 -0.3144957327801199
10.0000000000000000	-0.4341831102457286 -0.1808977644396944 1.3973200580667604	2.3644350806375920 -0.8957910687294596 1.3268475746656485
10.0000000000000000	-0.6603582042621868 0.7705223521255025 0.3685262255650734	2.7919884573878764 1.7155928260214319 -1.4363974418505576
10.0000000000000000	1.0400440346733315 1.7815647656025151 -0.4737585820276443	-1.7557188595910815 -1.5055675736943976 -0.8727189849948414
10.0000000000000000	-0.0729608704653481 -0.0710863081986634 -0.1012240767108897	0.1531239041669748 -0.2788058762832535 -0.3235571668149526
10.0000000000000000	0.0662709708648232 -1.9838766608722063 -0.9338027177586309	-1.6268422879771860 -2.7005716018052328 1.4520347891797694
10.0000000000000000	-0.7121854182599775 -0.5640481172523130 1.0229314310798088	-1.7158011825488264 0.2740268271470486 1.9308065700099577
10.0000000000000000	-1.4988255611823169 -0.3415835206810097 0.9300482222354434	-1.2843625061918249 -0.9826271934960586 -1.0032449564020574
10.0000000000000000	-0.1925211950185785 0.2072276732300320 0.6065335353831062	1.9792194662790035 -1.8268756006987394 -0.5243550088171548
10.0000000000000000	0.0313064746866674 -0.4483216296318429 -0.5889763114609340	-0.7810319770958973 -1.2881270299787460 -1.1072540163380256
10.0000000000000000	0.4363979305821912 0.3006005444494443 -0.1790762007007077	-3.4084098691325582 -1.1909106267546830 -3.8303794611474924
10.0000000000000000	-0.6508468917593007 -0.2788473567631227 0.2258114386166817	-0.3410589177163155 -2.6833885668093931 -2.2064207145201977
10.0000000000000000	0.5688202392429834 -1.1558788123904580 -1.4754006060338785	1.1937663653817046 -1.2750769250971965 -0.4554118281555675
10.0000000000000000	-0.1970755454640523 0.1736294060763719 -0.6489226971657734	-0.3917204335971490 0.0866822167101035 -2.5099917013200019
10.0000000000000000	0.0284201510735469 -0.0933827568771067 0.2087658479501135	2.8966030000047724 2.0880860129433896 -1.9160932699690547
10.0000000000000000	0.0899159779548368 -0.5846353328436609 0.3594333497756488	3.2148759577404271 1.4265658474180660 -1.6558261599120019
10.0000000000000000	-0.6060860226357275 -1.2838333321535187 -0.3750019066126511	-1.3179180683901441 1.4375860531929836 3.7988413572849455
10.0000000000000000	-0.3481298361668431 0.2017271535120284 0.5800381415943974	-1.2133786629754251 0.4290165186926701 -0.3785121846443400
10.0000000000000000	0.0783681069615497 -1.6204168263421213 -1.9948959067816541	-1.9216841604659665 0.3854208683798005 -0.4697223489640800
10.0000000000000000	-0.2174231595009342 -0.5597136763378684 0.8816055659997915	-0.2102527091366008 2.1950857710238463 -0.5565821167170339
10.0000000000000000	-0.1281147179749680 -0.0402977186452331 0.0864353344462213	-2.1029509400744355 -3.6424561248646210 -0.1883024340351304
10.0000000000000000	-0.0789058580248809 -0.7558427528420369 0.5592455920615441	2.0270408902540731 2.4650648823341186 -1.7551850693573001
10.0000000000000000	0.1365729011807071 0.4922596362429068 1.0173430086311503	-0.2844269233469384 -3.2442313968566889 0.0582008256514702
10.0000000000000000	-0.0480165234239762 0.3716439020620564 -0.0663184090941889	-0.0681523600109675 -0.8608693208858997 0.9770506033069298
10.0000000000000000	0.1368790871933161 0.0831454279813784 -0.0442206349271756	1.1402098075436307 -2.2462412019292732 0.6355364167460261
10.0000000000000000	0.2420101366765634 -0.0194612884396751 -0.4533441733844350	1.3574957598520085 0.2660942233050483 -0.8114371435733683
10.0000000000000000	-0.0745415978837658 0.3797476875123527 0.4582103539668753	-2.2068440809418561 0.4481070122791785 2.9553406920926584
10.0000000000000000	0.6030356834530406 -0.2734763081217360 0.5974529204626445	0.5671518422135307 -0.2093490001564593 2.2204075248990405
10.0000000000000000	0.1101747775916101 -0.1239060361446541 -0.9416504499844376	3.0285244276643888 2.0839385988437913 -1.5190655506411981
10.0000000000000000	0.1055777478491948 -0.0800625878616678 0.2287100839902436	1.6849146861942688 -2.4502927449975189 0.5723279910267474
10.0000000000000000	-0.0051862353790567 -1.4763329653777466 3.3979427570145200	-0.2903675868044740 0.3748265643788152 -0.1451672700574050
10.0000000000000000	-0.1154295596862862 -0.2240715547022140 -0.5319794147753210	-2.7000963728266942 -1.5268864530215758 -0.1484993617647707
10.0000000000000000	-0.5437118871233134 0.2582381445668095 0.0295479694274596	-2.3312863419304741 3.7571648177094770 -0.6589792350181474
10.0000000000000000	0.2299266545475659 -0.7519102341935238 0.2725900637223439	-0.1553320570595015 1.8573957217554040 -0.4834947357440107
10.0000000000000000	-0.0686462617600698 0.7377318294401752 0.0386456481922467	-3.3387009861189734 1.7349094708223527 0.4878329757015880
10.0000000000000000	-0.2296666499347227 -0.0170789988036461 0.1515202515981490	-1.6500670336902452 -2.1637266873731025 1.1585645458154219
10.0000000000000000	1.1281610880887714 0.1487226255539296 1.9678989691158513	0.3744854886884904 2.4890902928075120 -1.6765499594100368
10.0000000000000000	0.9181857890307549 -1.3652019263040607 -0.3269207591596906	0.5245327266832455 1.4279350017997943 1.5942401543363351
10.0000000000000000	0.7064714484671633 -1.0141397157199408 -0.8004137904527096	2.7635531898434911 0.0938572443131401 -0.3765878363775010
10.0000000000000000	-0.8373612087341357 -0.0509945571978550 0.5146808313951806	1.1959400119922206 0.6784148588425171 0.5548022823588311
10.0000000000000000	-1.3733106474054131 -0.9432627983765246 -4.4819510803988480	-0.0180086573336783 -0.3239785698247737 -1.2344370939419573
10.0000000000000000	1.3334433458319652 -1.0524323889279876 1.1837949943476718	0.7323465290370716 -0.4570681617409169 0.5891641439793606
10.0000000000000000	1.0847337247745921 -0.8311843334627070 -0.0815007091723393	0.9923921895097427 -2.1620722671851733 -1.4613454453178973
10.0000000000000000	0.4372331899037392 -0.1075419253514804 -0.5042927262619706	0.6210545923286033 -4.0589033590971386 -2.2535209319796143
10.0000000000000000	0.9243182945769582 -1.5027601001113344 0.0946939546808536	-2.7042356889901566 0.9284659978834349 -2.7378667808987429
10.0000000000000000	-0.6591265342958748 -1.4099946258295075 -0.2990926510986826	-3.1086636994525363 1.9015001066422907 -1.8124330960780450
10.0000000000000000	-0.3977706858628362 0.3449210915389260 -0.1073665498509349	1.3604106546765167 -1.2757516806371483 4.2195066692247094
10.0000000000000000	1.2616524147424550 0.6876648797490535 -0.9477220113936159	-3.5228781447660733 -1.4762309539222127 -2.4711231225960137
10.0000000000000000	0.0176179301688509 -0.0916473013022249 0.0628123717122296	1.0547530568426007 3.0689995446430332 1.0127310455571952
10.0000000000000000	0.1315102308567277 0.6110736595939343 -0.1957556322854118	-1.4479069358849501 1.1103376107452467 1.9172709581043232
10.0000000000000000	0.1301709448398245 -0.5885953443135147 -0.4867744267075922	-0.3925332829760089 -1.4321348144409169 -0.1015228059705597
10.0000000000000000	0.0036494872734929 -1.2182304915002595 0.2271111182057923	0.6233046882903385 1.9803437350256723 0.4308632369619056
10.0000000000000000	0.7600970517617990 0.4196792300877495 1.7008795069620837	0.6846139118925835 -0.6045335832066434 0.3024140872742379
10.0000000000000000	-0.1516780323560755 0.1429028764967105 -0.3996982518644819	-1.3952749506434068 0.8275222790327302 -1.7503059839948623
10.0000000000000000	1.6622518384527800 0.9088989724361565 -1.5099775623439289	2.1759453606319279 -0.4298529491266074 -1.2287713377345642
10.0000000000000000	-0.9248650751456750 -2.1306511444593346 0.2534697345096874	0.1183932320423656 -0.3444009555285599 1.1042513504760374
10.0000000000000000	-0.3492793074498274 -0.2782465157280048 -0.5826806681919717	0.6077231024908230 -0.4659085918815029 -3.0723270865846670
10.0000000000000000	0.5997497428296269 -0.0972631732469042 -1.7601173024554599	0.1756377739316685 -1.4223547151806188 0.4938196139377567
10.0000000000000000	0.1312259866320751 -0.3372476523378232 1.1037625475605004	-0.4539852926614654 4.0959911850699520 -0.2749876890362816
10.0000000000000000	-0.1572298084227694 -0.3521121025851732 -0.6356701961161662	0.3576589068915022 -0.3704599983753364 1.8480886137797479
10.0000000000000000	0.0134128303069709 0.1970058110540175 -0.5760500459411925	2.5792602532737625 -2.1397562538296571 1.7784923553887004
10.0000000000000000	-0.1817454153821484 0.1317192482680447 0.3867716604100168	-3.8130026465249864 1.2931030984264844 -0.0695911301781745
10.0000000000000000	-0.0007027768278527 -0.1123406765156357 0.1338335348350432	-2.5117149552190798 -0.0365377610567557 -0.2762661797367884
10.0000000000000000	-0.2130968983055052 -0.4382261094928603 0.2825632130105640	-1.9496796695311800 2.5205826275981993 1.8389720469005946
10.0000000000000000	0.4554434734606927 -0.2192846505937703 -0.1143522913581311	0.8177377430864363 5.5339810979140127 -2.1844720109376183
10.0000000000000000	0.2895350421128977 -0.6502321233815388 -0.4165834151876887	-2.0699133538300649 1.5290621378291498 -0.6385946942291330
10.0000000000000000	0.5331198996809333 -0.3379868129602790 -0.4842929063427339	2.0194241950596989 -2.8768348172195082 1.1162398405357272
10.0000000000000000	-0.0574884577909627 -0.4222137578521684 -0.0661886326179282	1.7540026054584092 0.8049838584464405 0.4281602374803635
10.0000000000000000	-0.5185038357610817 0.3984567989584812 0.1880039972126116	2.9321061285552741 -2.1959470924130997 -2.8282835712984493
10.0000000000000000	0.3068206899584653 -0.4889964930524639 0.6400091662734305	-3.7844132123950840 -0.9538249301313328 0.9436846104595048
10.0000000000000000	-0.0712906426640427 -0.2500110813631729 -0.1675560112047224	-0.3941987269293039 0.5205427899547705 -6.2946208269693829
10.0000000000000000	0.5635692062517058 1.3397155778318002 2.0280071837578575	0.2974511018720740 0.3464991253387604 -1.4510705915881190
10.0000000000000000	-1.0472284244649213 1.9353730534744167 0.4839348405161684	0.7696246526229089 -0.7791142257023810 1.4941153009957575
10.0000000000000000	0.1981330913735683 -0.7075172333263940 -0.5105432646771609	-0.0308570378216285 -2.8371302995419336 0.1922517685474046
10.0000000000000000	-0.2374695394825583 -0.1927746635223187 -0.3433572864952252	0.2160077296489752 -1.6091233804759277 -0.2498776895071478
10.0000000000000000	0.9459517002461211 -0.2891121324347370 -0.3343991478715264	-0.9343932571673995 -0.6854172304492712 0.5917926732362963
10.0000000000000000	4.5447601189629800 1.0368401380004877 -2.9674007127572732	0.4394303468494301 -0.5737888536062439 -2.0432927834670420
10.0000000000000000	-2.1553171573824113 -1.0072508596506138 -0.2984329605271769	2.3770342922966821 -1.3242243784654877 -1.2436509914148230
10.0000000000000000	-0.2420121403136551 -0.5541089927475854 -0.6052313600249598	2.2352178113860659 -1.2670592135170657 0.7888233731692192
10.0000000000000000	-1.3759835484202991 -0.5261918401623984 -0.3200667260179325	-0.9342524252904442 0.3585076981646137 -0.0312026952867307
10.0000000000000000	-0.0481975240793141 0.2444221888763331 0.2569050109157838	1.3712992336506584 -3.2240925323356078 1.3452964950194750
10.0000000000000000	-0.3017186791235764 1.3804120440590344 0.7978997635628825	0.0116274667753209 0.9779841851611732 0.4119411418245973
10.0000000000000000	-7.2248651868575680 -2.5051315075496667 1.0385923451411248	-0.0693405310236542 1.5726972721103480 -0.3086243181739748
10.0000000000000000	0.4271070247022008 0.0601198212878222 0.0866174394709516	-4.3786885952747623 -0.8544455560571389 2.7238747159377086
10.0000000000000000	-0.2290516761826151 0.1349169060101904 0.3360819690655599	0.2722774328011647 3.0506508470760449 1.5626951196180654
10.0000000000000000	-0.3792475422034837 0.1413176695691714 0.5870862460956647	3.1007776578864621 1.4957296465962169 -0.4934162430922127
10.0000000000000000	0.1561040273935025 0.8677006224577600 -0.1964844483816152	1.2257715940501446 -0.8638121273835536 -0.6452944910153084
10.0000000000000000	6.1725465295583826 -7.9577730304220369 -4.6327131233917376	-0.0261750599488816 -1.2281648278382289 -0.6367845584716062
10.0000000000000000	-0.0848259582651994 -0.0469812048433234 -0.6859470686093254	-1.9819078380856334 1.9391556394075664 1.7570879452549808
10.0000000000000000	-0.7785652701285303 0.5846599926671349 0.3666823061654138	-0.4970173198901642 0.5724175356775887 -3.4222637457739093
10.0000000000000000	-0.1772840122183735 0.4798030271852765 1.0217450427461285	2.2433889477162605 0.5831142469638885 0.3628968407702495
10.0000000000000000	-0.3922446653124387 1.5467534675277019 0.6824955859656426	2.1933112921842723 -0.5494594276604787 -2.9375241789339697
10.0000000000000000	-0.7034990734083562 -0.0781727632233803 -0.1964328434354355	0.5364908038026708 2.4039090463827706 -3.8720450475552930
10.0000000000000000	0.4714230450388847 0.8446004870889604 -0.3890714718278078	0.3749614415199544 0.6686640359782945 -3.8507531232576322
10.0000000000000000	0.5663549181116089 -0.2455049603697170 -0.7117595451474021	-0.4770331667262177 -2.4626171327896684 -1.1919343355988956
10.0000000000000000	0.3920711622941162 -0.2019098707208600 -0.1223218257966461	0.7325551083347409 0.2346988217268361 -2.5071921394708419
10.0000000000000000	-1.9141242115801038 0.2071189206701594 0.5168358340133937	0.6039227934225315 0.7497048631301001 0.1306059047132884
10.0000000000000000	-0.5393182810959019 -0.0281017251617643 -0.3763025862239525	-0.1988597387325323 2.4825859384353182 -1.8594871053020656
10.0000000000000000	-0.7596492493985021 0.0915770260954228 0.0602831292135579	0.0654611030483137 1.6955476602680808 0.4047040165940568
10.0000000000000000	2.8843287258281363 1.4211646777209057 -1.5019653864296523	-1.5195339721505001 1.2093687069138619 -0.0250378393978575
10.0000000000000000	0.2703912469450679 -0.1771048236210663 0.5672875735453098	0.1924481167040944 -1.4493152874621047 0.8260266020736423
10.0000000000000000	0.3481103486312751 -0.2684261756248786 -0.0075719502380506	-1.1486872248310600 -1.2020862289537457 3.1812784742468225
10.0000000000000000	-0.5798077136812017 0.1146844957154360 0.2019625277538725	2.0979031447365881 -0.4808257615657378 0.1366763660764947
10.0000000000000000	-0.2151606336066581 0.1448345152765619 0.0243110719049278	2.2592005591958979 -4.6516016242685545 -1.4643077481683611
10.0000000000000000	0.9824155238310877 -1.6045890287384443 0.3352774069827147	-0.6232490026721014 2.4299197935546912 2.1670963460349597
10.0000000000000000	0.9069632958186645 -0.9495463198984458 1.8666047365892056	0.7760424802276629 2.2554066958432144 -1.3954430819681138
10.0000000000000000	0.1995348233461471 -0.2323480159996351 -0.2956115794784516	2.4113548549185460 0.5922226977996337 -2.8590738215285687
10.0000000000000000	-0.5207421954521869 -0.3247439915013674 0.1889609843966955	-2.5552291655970190 -0.1388397700576227 -2.2112787275570267
10.0000000000000000	-0.0485140344024192 0.3626494584456815 -0.3880481279826601	0.4992363253394324 -3.1529453845378668 1.8838906641928612
10.0000000000000000	-4.2347189634806046 -1.0081482483256066 7.4453718558425619	0.3736126512562396 -0.8305877052481280 -0.5482817338291524
10.0000000000000000	-0.3094627895190648 0.9361383445353262 1.0694071453358220	2.4626100329086538 2.1933117761802960 0.2577242190815364
10.0000000000000000	-0.4656731538271598 -0.3887971203954987 -0.0667538569840539	-0.7171923626010797 -0.6141007944167586 -0.8725296964683523
10.0000000000000000	0.2414589178153685 0.3463384602643761 0.6933022383475376	1.2376730490722876 -0.3107365428263233 1.4040663980271293
10.0000000000000000	0.6973272703312198 0.0851873488773591 0.9407192506087773	-1.2924762672547401 3.4182301437292990 0.1384987263318278
10.0000000000000000	0.1056772685786018 -0.4940890976736420 0.0769702291310358	-1.3799481860469454 -1.7778369879783089 -1.0273258882372029
10.0000000000000000	-1.1744614498304276 -2.3685493194439036 0.0747985974014274	0.8022433831327782 -0.4228344472987166 1.8779637761668724
10.0000000000000000	0.3190217437971606 0.7800107328872210 0.9855435245194167	-2.2727018259547043 1.9326998815189114 2.2308341607800801
10.0000000000000000	0.9404344892750504 -1.9498283265507905 -0.5251047773402553	-2.0542054735502897 -0.2849266023618720 -1.0305289925372663
10.0000000000000000	0.3388444620835499 0.0219733150790363 -0.3439674962107372	-2.1240642387504041 0.9923446169508597 3.5483328686405105
10.0000000000000000	0.3881335967169531 -4.2152907865844735 -0.8494774000562715	-1.1354773148904393 -0.3237780440818481 -1.7238560648392898
10.0000000000000000	1.3264135741989487 1.1026311635894619 0.5479514464896568	0.0488483304166821 0.1302660063275323 0.5619847195959352
10.0000000000000000	0.1149085056904350 -0.9797240590599477 -1.1817891234833864	-0.3908765597552976 -1.5070023170247679 2.3252115645732121
10.0000000000000000	1.4478946093952390 -0.6248097635228766 0.2532801671530230	-0.9203067670516305 -1.2123877878399545 0.2363831133323870
10.0000000000000000	0.0902647831613116 0.1694211452793798 -0.0164954009568299	-0.7532294964716986 -1.2914400753083637 2.2370650499232378
10.0000000000000000	0.2986099888078887 -0.4837397984854377 0.3692240885190549	-0.7938913485945464 4.3424132837857154 0.5584327895187053
10.0000000000000000	0.0097117878141257 -0.3352462248325184 -0.1849874917883469	0.1194138103634736 1.6974828029549209 2.8587700445957838
10.0000000000000000	-1.2549577550441160 1.0434442761652256 -0.5705725407868808	-1.0164109811614519 -0.8113106957281595 1.5498223666720228
10.0000000000000000	1.1098452905592062 -0.4675764850847235 -1.3350015437184277	-1.5837032289661968 -0.3844864978196253 -0.9437895877711491
10.0000000000000000	-1.5776064225526762 2.0152421616624472 1.3154226783217942	-0.9074075365098286 -0.2701140084246775 -1.0174726704016213
10.0000000000000000	-1.5823767428744122 2.1094732886279330 -1.6466150471479548	-0.0364584966257492 0.4994590511164237 -0.0119418593704101
10.0000000000000000	-0.9163920204764872 -0.3528143610468475 -0.7050020370526514	-0.5511265754950658 -2.0851735774427120 0.4231854389962494
10.0000000000000000	0.1886642572065781 -0.1288342743983749 -0.3562606867384393	3.6377060081573216 -3.3482278131191685 -2.4004507403096293
10.0000000000000000	0.5572028682306923 -0.4456800398811544 1.5537142437834914	-2.0191986490301872 0.7035872759068071 -1.1196821404995478
10.0000000000000000	0.7038269117995724 1.7229788446000287 0.4947599045986420	-0.7442877268474353 2.2864444479395467 1.4955227266498503
10.0000000000000000	-0.9693879146696840 0.6395940227925836 0.2504048242593996	-1.0159001464543365 -1.3266763684497391 0.6522933106757949
10.0000000000000000	-1.1286822889323351 -0.1516450591541303 0.6342796256111338	-1.3972288990143822 0.8747303839494855 3.0417131455055566
10.0000000000000000	-0.6406429703847227 0.2148833262976335 1.1417138534626183	-1.1142683546204295 -0.8805213687045665 0.4683971434923132
10.0000000000000000	-0.4278136605463947 -0.2380567301438467 0.0681678362245550	-2.9607570523144973 -4.3355378127727393 -0.0802363536560163
10.0000000000000000	0.5028352042516296 -0.7716404636018992 0.8104324854664826	0.2045016467479722 -1.8755732395146589 -0.4577531137752033
10.0000000000000000	0.0864942689712259 -0.0181170309035439 0.1676218594085565	0.7801042433624925 -0.4680761905199924 -1.3725783387578858
10.0000000000000000	0.0763481764594709 -0.4186627614972889 -0.9507839892411466	0.6205695158508784 0.1756908081813140 -4.9743323382287095
10.0000000000000000	1.1322009557839072 -0.9598164876987646 -0.1483793588275204	-0.9788732198385784 1.5292067511446998 0.9624497823196231
10.0000000000000000	-1.0739999205741078 -1.4938349890404616 1.0028855382442545	0.9427440286771622 -0.3282833125353147 -0.8390366186253060
10.0000000000000000	-0.1823962659689047 -0.2030723168143192 0.1604612243316295	-0.7057044959116763 0.2135423822219310 1.0016145720326897
10.0000000000000000	-0.1024414290468029 -0.0413108055858585 -0.2500550545412248	0.7313365268987378 2.0045096836176484 0.2054379493994684
10.0000000000000000	0.7103272945664459 0.3412415307722911 0.5048423505097478	-1.2415724764883713 3.3419455084676928 2.7765186599953382
10.0000000000000000	-0.1982240326354132 -0.2728800241265177 0.4632814542600371	3.8945443903030403 -1.1289810204361590 -1.7931743369174193
10.0000000000000000	-0.6319641607453382 -0.0704838446195944 0.2862150776429924	-3.5742039405999049 1.0256131610897281 2.7220459092144478
10.0000000000000000	0.1207258585753078 -0.4185911946289513 0.4256017826446701	2.6725726059378618 -1.0759610471256615 0.3709614292372162
10.0000000000000000	0.2761781325853735 -0.1151692099725366 -0.2837746622744304	2.7906935783286584 -1.5640184235517609 1.3994799061939474
10.0000000000000000	-0.2554505021747316 -0.2807137007445206 -0.5297072609699314	2.0767566067138743 -3.0444485223154585 -1.5643529840888060
10.0000000000000000	0.3410644672437113 0.1548939107097266 -0.0282225368326485	-1.2919763129469108 -4.0248259664728128 0.9801355397239260
10.0000000000000000	-0.0157565717182332 0.0490360805826036 -0.3972648164095550	-0.4819767324377588 -1.9567316271415034 3.4834971251431677
10.0000000000000000	0.0317600575896797 -0.0520189252748618 0.3360565408801715	1.6926734129717798 0.5460691393523404 -3.8999641166882508
10.0000000000000000	-3.4237738299808718 -1.1503261745426510 5.6814936083048879	-0.1651074682536778 -0.7049598230968381 0.6147945615710289
10.0000000000000000	-0.5712181308412907 -0.4864718020575308 0.0591408177431587	0.6527156331946548 0.5713732131429665 -0.0896977108011765
10.0000000000000000	0.1757585761375905 -0.7860112941859750 0.6419774028862234	-1.7979513795716100 1.1533445558106652 -0.7619823310070039
10.0000000000000000	0.3062188551927975 0.0506914879757211 0.0220139029690345	1.6890381637481411 3.7113968436121874 1.6702941775509133
10.0000000000000000	-6.0496983407047837 -3.5802227763920471 3.6550742708180031	1.2479396236045930 -1.2291561427575151 0.1123050700624903
10.0000000000000000	0.5898278029704199 0.4754018319620345 -0.7817449022512283	-2.3775643858152371 -1.9618030674893887 -1.7687244315609869
10.0000000000000000	-0.0274689987545720 3.4912084639681376 -1.2003262901306504	-1.5971149287117750 1.4540896269859513 0.3571937734314872
10.0000000000000000	-3.5221036954836715 -0.9346951270763431 0.1517971092897230	-1.1585220508631746 -1.0273297458939552 0.4476122913363782
10.0000000000000000	-0.7809124245571873 0.2254933403618372 0.5061710889474409	-1.0973315887355537 1.3108649919685786 2.4432768041053130
10.0000000000000000	0.4140976721883546 0.1269216348689545 0.2260391003191917	-2.3534708182097215 1.6120424724554145 0.7110237691511978
10.0000000000000000	-0.4069092545583531 -0.5206315569054850 0.3918226030153748	-2.8733383258691365 3.7057948392919147 1.5428290308620713
10.0000000000000000	-0.4978094841987982 0.1665063395153113 -0.5227125545588223	2.3245517755055669 -0.2431697584193276 -1.3560316952849840
10.0000000000000000	2.5458271594372190 0.7021959793800403 1.9415594311050721	0.8316717794378296 1.1772616432837086 -1.4375813135997297
10.0000000000000000	0.6807689427488116 0.1365488867547179 1.0454128435912908	-0.3037383436507018 -1.0668366467329395 -3.2223024077403593
10.0000000000000000	1.4214609357911974 -0.3742093432939020 1.3321782925317875	-0.7616631235767520 1.9880418341825481 1.7585762870491266
10.0000000000000000	-0.4889495070013011 0.9147172212434921 0.7498059388429665	2.1872736494300331 -0.2154947537236634 -1.2164530680301138
10.0000000000000000	-0.3533224395390449 -0.2900902753482721 0.2437933737864432	-2.3080490944537395 -2.2443604599866092 1.5031433540671910
10.0000000000000000	0.4352950365297953 0.2244172633232128 -0.2250843937423075	1.4448888398396185 -0.9246798409640361 -3.3663793977428718
10.0000000000000000	1.6277855956793432 -1.2818678638131946 0.0770987102754081	1.8699633456920666 1.9251426208311275 -1.6110133695087399
10.0000000000000000	0.9014567099735953 -1.0476527328860910 1.0489676904978285	-0.6440384466318323 -0.7341580454170453 0.7790514893207763
10.0000000000000000	-0.5347056394436972 0.4942816075727964 0.2659716271396311	-0.5619987263472527 2.8472657567441852 -0.6985456490103958
10.0000000000000000	-0.9848100218091979 -0.4786414280265336 -1.3464342537916572	1.3831073208119564 -3.0874736820459336 -1.3709565476133487
10.0000000000000000	-0.8656784868321938 2.4017547499999350 3.0662581196226557	0.6388057470143967 0.1846437244812749 -2.0227912901055145
10.0000000000000000	0.4130609008933438 0.0385514554745636 0.1130413418407897	-0.5768912573493015 1.2318445520330283 -0.2173747275675754
10.0000000000000000	0.6413855047449275 -0.8088473265040887 1.6702445527077641	0.9783324074137901 -2.8539427366225083 -1.8352822657084094
10.0000000000000000	-0.1550562884334247 1.0496594383673796 -0.4952281409153131	1.6223056554482209 -1.3464150767997127 -2.5387378809645051
10.0000000000000000	0.1842467443240401 0.4959648206776071 0.4075544063888022	-2.6991026447463216 -0.0457989310092131 1.8827438241684809
10.0000000000000000	0.2214112023539744 0.3749003078509366 -0.1091263363745838	1.5216961561499556 -3.4466128868695582 -0.3626852457198760
10.0000000000000000	-0.2834873013158172 0.5588108450411401 0.0782519677907901	-4.1950264687269900 -1.5703736346830639 -0.7563407261306124
10.0000000000000000	-0.3210757279977606 -0.9823402282474254 0.3315279175627440	-0.1746168984116581 -1.1377684218425235 3.7741149153207161
10.0000000000000000	-1.3977115842831420 1.5259683679371510 -0.9879772272784835	-0.2513954791396181 1.4359477878773774 -0.2589912263876069
10.0000000000000000	-0.4881864556645747 0.3170193063871061 -0.3637800055669993	1.8278314742489696 0.3862438913938315 -2.8072030492359263
10.0000000000000000	0.5371986785694209 1.2984861784235298 0.0299514392918718	-0.2737707122579661 0.7214692717706936 2.2674596999397219
10.0000000000000000	-0.6722144468186736 0.6190573207140363 -0.8673986379710084	1.3228867331584089 -1.3728840230046004 -2.3717133534847603
10.0000000000000000	-2.4603625187887266 -0.5402703817190240 0.4378651149471686	0.0926225635558396 0.1023063505445244 -0.8093273145586715
10.0000000000000000	0.9031302035425985 0.4342301847666747 -1.2418735416215929	-1.8944274151941956 -0.3862759525611663 0.1895284140369914
10.0000000000000000	-0.2138639894261741 -0.7547596053285279 0.4288631344167820	0.9549800627645130 -1.6110387231101075 1.0881761887127819
10.0000000000000000	0.0657260116579068 -0.4238484844984113 -0.1110509638627033	-3.2683102695610771 -0.0845224267189532 -0.1317234445819207
10.0000000000000000	0.5413204884809910 -0.2074696232050405 0.6067447385466934	-2.4269422314094462 -0.8270814467097946 -0.1043282378154367
10.0000000000000000	2.3695353725894841 -1.4530360161683755 4.0675198327655853	0.0754813622227649 1.0789741799311359 -0.3958590033669339
10.0000000000000000	0.0398489877157254 -3.1021840893764758 2.0799114510671428	-0.5457321202167230 -0.0959847063233188 0.8748076542111797
10.0000000000000000	0.7677987956641110 -0.9741479173677902 -0.5604655497563006	-1.7735388056005383 0.9438583866740008 -3.8582384526442826
10.0000000000000000	-1.1657991015033742 -0.9447784564047915 -1.1825928136564154	2.1132938052546146 0.4627456935360885 0.9091217204665294
10.0000000000000000	-0.2078199063303221 0.4370826518842805 -0.5800122062363956	-0.5234641402989274 1.4832711977483963 0.6119605190004606
10.0000000000000000	-0.0923471608846762 -0.0037498608610057 0.4271823389504186	-4.1193597655264815 -0.9995926900465988 2.2795474011178984
10.0000000000000000	-2.2907305869755912 -0.9951194686724952 3.2776166540756053	1.3792636771628104 1.9453773714680607 1.5048223708532080
10.0000000000000000	-2.4778590820866548 13.1107405153794687 -8.7098433555080046	-0.3533991187594575 0.1310537599797784 0.6945200225429851
10.0000000000000000	-0.7827203763492261 0.1984151835430084 -0.1768376209889248	-0.8535613229588375 -1.0387231949778031 -3.5565914943442469
10.0000000000000000	0.0348230350879379 0.1033558515808745 -0.6542210873474543	3.3319523564446749 -0.6631857002409128 2.6160184510486153
10.0000000000000000	0.4010663629256240 -0.8538549533143975 1.0641318985218915	-0.4623975181278555 2.8560266551818927 1.8903895867938367
10.0000000000000000	0.1011089518978752 -0.1475983263304839 0.0935690280187368	-0.2407493106559567 3.0360639804482243 -4.0278211122074126
10.0000000000000000	-0.9436463381690258 0.8095846219962440 -2.9371981548700732	0.5992051213389605 -1.4797559501073883 0.9830630693561937
10.0000000000000000	0.0362419116718032 -0.7024491392615987 -0.3442813320781833	2.8714255626981928 -0.2618180283675728 0.8233576668093892
10.0000000000000000	0.0351524315942696 1.0691705504656730 -0.1422111904085631	2.7559315257593444 -0.6493522609043945 0.8200642973376555
10.0000000000000000	-0.1944501984862440 1.4911292543888015 -1.3563816320974598	-0.4612591200032261 -0.4588033550050073 1.6160471659510369
10.0000000000000000	-2.3015925418898560 -2.9279096517549368 0.1587100206344318	1.5868711063332392 0.1710147093555544 -0.9245413129472033
10.0000000000000000	0.0223749980583976 0.1692976677589685 0.8338013402861275	-1.7771227369792140 1.5112638741977056 1.1448506145708881
10.0000000000000000	-0.6252822854132554 -1.3535926959648938 0.1688951223149349	3.0066189366260905 -0.1634669553811958 0.0021466743858251
10.0000000000000000	1.9877012289312288 -1.8904627033169759 0.3581978063365532	-1.5677787482674375 0.1624067450241356 1.2422390238763645
10.0000000000000000	0.1727461640202120 0.3372127129795207 -0.2161904828860411	3.3576518857105491 -0.8861779292951003 0.4529799782512880
10.0000000000000000	0.7553961119312811 0.3115099256438675 -0.1589968390703607	0.3933015644643826 -3.5042272354558075 -1.9028117586817110
10.0000000000000000	0.0831555280824356 0.7578229686905656 1.1994870462340512	-1.4577606457080787 -0.0640692046174449 -3.1688725096237444
10.0000000000000000	-0.9331415006132954 0.2035814664012376 0.4283627355497346	-0.8470798565357593 -0.5773332288532905 -0.2508125159667052
10.0000000000000000	0.4355321252599254 -0.1394846629652036 -0.1151260923905675	2.4523720664736799 3.2320714415101892 -2.8192237473117054
10.0000000000000000	0.4907396415124212 -1.7166386306086114 0.0945816146682312	-1.3523617984473457 0.3115848199408699 0.3168269027519718
10.0000000000000000	-0.4015900333261457 0.0379962428930313 -2.5551053537523165	-1.3379239119792261 -1.5205752367745624 1.3540590457528034
10.0000000000000000	0.1575548236712644 0.0776976611476029 -0.4821704439340941	0.5062232953350791 0.7071797800134602 -2.0432558723671330
10.0000000000000000	0.7937177886768627 0.0656138393037905 -0.6349452911303090	0.7910463257529390 -1.9937096472824649 0.5568983076995496
10.0000000000000000	1.3154252394336614 1.5459909390410065 -0.7077715537355497	-2.1622953853378695 -2.3531398091495106 0.2538856602887214
10.0000000000000000	0.9314425901408663 0.8760259570941270 -0.5641461027652092	-0.6785994808247429 -1.9959764968683589 1.0472103997508149
10.0000000000000000	0.4981498115438863 -0.4504938743102473 0.2986575216932520	0.0250042368396632 -3.1119075619328620 -0.9124231197403662
10.0000000000000000	-0.2202470745230135 -0.0544109160709723 0.0365923201048587	-0.6575110170599274 -2.1880305145773584 0.6896262221562457
10.0000000000000000	4.5097262994530167 -5.8477470959009858 4.2558113266305737	0.2291076963273872 1.0798738067454654 0.7751237761302512
10.0000000000000000	-0.9221098820565582 0.2985704726307550 -0.6036627492873603	-0.6519930298678194 -2.0216036679204574 0.4558052827341650
10.0000000000000000	-0.2254140201519252 -0.3925070202418409 0.0765784070943140	0.9146532565618810 4.4454525569027084 1.6574950785298903
10.0000000000000000	0.0322060815876315 -0.1056612394904426 0.0005226474542728	-0.6539782268971031 -2.0335909983757299 0.7537649802472814
10.0000000000000000	0.1008587730380464 -0.1022283562718836 0.4826173680041749	-1.2663227464943163 -1.7487923703118993 0.1502327099375309
10.0000000000000000	-0.3132341714700314 0.7184578098666664 0.8274250382202061	3.7872911300564520 -0.3358031826367759 1.3629158308500275
10.0000000000000000	-4.2044741478957848 -3.8722268989030555 -3.1312595957013682	-0.5359891331009132 -1.0404708092859136 0.7715135234622453
10.0000000000000000	0.9993713578320751 -0.1948723575160129 -1.7106362118595715	0.2939676202137389 2.7261303896999300 -0.4983363682576651
10.0000000000000000	3.2172337550670975 0.6863367439540355 1.9677674993697218	-0.7983286638865172 1.7915414644265246 0.9890504582444510
10.0000000000000000	1.2625256366041788 0.4213530669015422 0.0373445948649882	1.3063756842890868 1.3006356455294226 -1.8443851807871714
10.0000000000000000	0.4211327469698764 0.4376795018551701 -0.3740515294620961	2.7293932969434582 -1.5920143818350549 -0.5900844555652409
10.0000000000000000	0.5894671228683833 -0.7481340282690944 -2.9903172680884818	1.5991230855184684 0.0455018286408440 -0.3163256219579076
10.0000000000000000	-2.5015254240492846 -1.0211298710014216 1.3620498467669842	-0.3567856547741985 0.6543182041394547 -1.5570447219344132
10.0000000000000000	-0.8864366329944642 0.5664582982258807 -0.4819109224702046	3.1441760203547719 1.9086862558045998 0.9348695456290271
10.0000000000000000	-0.4161760922035397 0.9631719737209189 -2.0798977206398961	-0.8779874545098733 0.3928590115906777 -1.5446053287516879
10.0000000000000000	-0.6480383098944473 -0.1775725495977725 0.1406546797141797	-2.1682351331188028 -2.0665765373008260 -1.1353277424787229
10.0000000000000000	-0.7340145794067513 -1.4086316283837317 -0.8319067894514627	-0.3896316183547751 -0.1971575306098527 2.9314483608556121
10.0000000000000000	-0.1214255505639385 0.4757786277896440 -0.4624357055457317	0.0939777618545082 1.4440877401092376 3.8596597089937341
10.0000000000000000	0.7841249519145865 0.0802207450022330 -0.2264953825095451	-3.8986442360679403 -1.6281760862587433 0.5827266099344233
10.0000000000000000	0.0939897835648343 0.9917109012240529 -0.9847015297192886	1.0289093137718301 1.3260141850521989 -0.5221823757200145
10.0000000000000000	-0.5414894942766534 0.4376473849982861 0.4614371931464121	2.3238959734529923 1.2039036990701175 -0.6507914872765971
10.0000000000000000	0.2103249037836060 -0.7954365883582308 2.2103085695431601	-0.3801885497685745 -2.0953069023392477 0.8273606627451093
10.0000000000000000	0.4997679658033048 1.8926847033419052 1.4917914609937124	1.0386842544440296 1.0869361565393152 1.5819126127184662
10.0000000000000000	0.6199111620435210 -0.0418798046003077 0.2337885986893640	3.0680704587549212 -0.1538121318999749 -0.5725447268874106
10.0000000000000000	-0.9042867242859178 0.3247353209742139 -0.3256125760015992	-1.2989987938308061 -2.0046090008530864 1.0579736040098029
10.0000000000000000	-0.4351278128943156 -0.2288306921703085 0.0923027665319896	-2.6409160257494131 -3.8139879016468097 -3.0375013272763942
10.0000000000000000	0.1567999943274274 0.1699974975840583 0.6023992074325545	0.6347047085686016 -1.4232429173543222 -1.4471788842062085
10.0000000000000000	-0.5639311390078787 1.1903086017262323 -0.9275287448853722	3.3102505034924530 -1.0942516901791044 -1.6345514729752508
10.0000000000000000	-0.6163394668574647 -0.1994971454728280 0.4557586543395087	-1.4933212094738775 0.0449559112155215 -0.8917327683273891
10.0000000000000000	3.3702877314741619 2.2841115184631904 -1.3657799636023047	-1.8650732279924989 -1.2915967186719992 1.5476235236040670
10.0000000000000000	-0.5335142966693048 -0.9834310374321206 2.1898753711690371	1.3140284340188784 -0.1060627169740895 1.7560945507797820
10.0000000000000000	1.5641753086333838 0.2264368707527080 1.1279803816416087	-2.0093828665670950 1.0793722401102870 -0.4016612090197133
10.0000000000000000	-0.2413603893807809 0.4273058209374124 -0.1399142119403180	1.4129341778846620 1.4193313197300697 1.3307191836864338
10.0000000000000000	-0.1028232965365967 -0.2818908967100753 -0.3512489597850292	-0.7647708736038683 -0.5746162509493952 0.3566927982078280
10.0000000000000000	-0.2871042263338927 -0.2779280560417330 -0.7292505801431225	1.6802718370118381 -1.4576945411079749 -3.4494425264504267
10.0000000000000000	2.0362429595091873 -0.6987975055295034 2.9255331255142094	0.0858152052730129 0.5763562449944104 1.1914820915886284
10.0000000000000000	-1.0972718152415799 -0.6713618352102636 -0.1355360811273798	-0.8050254227841029 1.2598463588531017 -1.5644572766030382
10.0000000000000000	0.0512915657124064 0.1357720574627360 0.2987186076607987	-4.0910107822043464 -4.0121752171680765 -0.7236348765148625
10.0000000000000000	-0.3682040914805126 1.0256262189663972 1.1863557833219445	1.9420844667690085 -0.7196224216846528 -1.4440319124128078
10.0000000000000000	0.4833172333435156 0.3468797663367383 -0.1602844628033443	2.3447340449184351 1.2431447376489062 1.5770603309911173
10.0000000000000000	-0.4116354439959575 0.1746209658211097 -0.2524757682549656	2.2799769592838746 2.2703992620603732 -2.5484470636954231
10.0000000000000000	-0.3292094156891716 -0.3184599891584983 -0.6453315246900582	-0.3289176724619334 -2.5861071797644595 -1.5930665645406223
10.0000000000000000	2.3335244256608463 -0.5444857575281069 -1.1988405833576410	0.0403999660499599 -0.3900676814458844 0.4537020750742945
10.0000000000000000	0.5271972799820757 0.6949695250664015 0.4780296194210519	0.6324596193668128 1.8996957281460911 0.5706373563092004
10.0000000000000000	-0.9737809948425029 0.5540869510817279 0.1931903924213108	-0.2291840702919390 -0.9784923101104699 -0.0354865328946056
10.0000000000000000	-0.7270563816633798 0.9418646471673827 -0.2839125177187906	-1.2214250268869993 0.8185585592173197 -3.3241544732071824
10.0000000000000000	-0.0917080212353663 -0.2646739090544943 0.2225969862893767	0.1830273575609452 1.9791219726068443 0.8780822119092222
10.0000000000000000	-1.4310882508365150 0.1285117315329514 -0.7636034069342312	0.3332191744050015 -1.0813919684622841 2.0110491122630130
10.0000000000000000	0.0316683390148362 0.9990480050215466 -0.0192208208027263	-0.8823836818531424 -1.3032029159123206 -0.4519301946159969
10.0000000000000000	0.0487526324041750 0.6317137354096507 0.1678092061723161	1.1856422710442456 -0.4891855405133660 1.4390043252223068
10.0000000000000000	0.5688500043076410 -0.5725582231422373 0.5018042267786248	-0.2845089894782003 0.6207460045530798 -2.0084058367963866
10.0000000000000000	-0.1957357842564593 0.5577574188795414 -0.0041346913957595	0.8064164852302430 1.7713911178996486 -1.6902440443698401
10.0000000000000000	-1.2662655069170419 0.4681861978787599 0.2960881792248746	1.9124315778024772 -0.6491877988147344 0.6682362641547863
10.0000000000000000	1.0684793129653702 0.8096932647099474 0.3604720131403660	1.1073544644521871 2.9844029935131395 2.3242228521188668
10.0000000000000000	-0.4148357852045767 0.3441301104559329 -1.2775255411373660	1.0272402794649940 -0.6203025689857585 0.1526078307106552
10.0000000000000000	3.4930585430529493 1.5226755425675944 -2.0363232557277926	0.8157289899875121 1.9138102393551994 -0.8073898059192028
10.0000000000000000	-0.9379614752032472 0.7478175064762537 0.5772003860262906	-0.1246208804074520 -0.4614273432269818 0.7876218061170185
10.0000000000000000	-0.5102515125299704 -0.5449819031036522 0.3259611237352245	-0.0770917311576765 -0.3012339301051494 1.6998093192460850
10.0000000000000000	0.2351838412965683 0.5129580399763556 0.1935468795011885	2.4856340349227009 -2.6147862220221691 0.1279238780556682
10.0000000000000000	-1.1547827401288075 0.7538765149749413 -0.4211504655890321	-3.1659780003862048 -0.1079640372700352 -0.8473141565067260
10.0000000000000000	-1.6066588058826969 0.3443197553155269 -1.5973667050511058	-0.3673998943025181 -1.0553523154675279 1.8762171960441507
10.0000000000000000	0.7046347153620797 3.0493722205630434 -2.1459245204951118	-0.6162170852244861 -0.1735157889313780 0.1440234600856486
10.0000000000000000	-0.3271048302446976 -1.0271023842441487 1.8036089833915230	-1.8691266793307759 -0.2016231286866803 0.0129231337718285
10.0000000000000000	-0.8150166085123633 -0.5899048115460372 -0.1336318020936640	0.2484476926289337 -1.9819726169132390 0.7479511740685518
10.0000000000000000	-0.9790017535158554 -0.0130009605470265 0.0802925444243703	-1.4415973127722284 0.6119133585094378 3.4096435407156758
10.0000000000000000	-0.7132057808322033 -0.5370390930398916 0.0736457456308642	-0.2442662207427523 2.6016425330057280 -0.0982420781548899
10.0000000000000000	0.3547364715710636 0.1150410505554317 -0.2149609531042489	-1.3862994938420787 -1.0397229407232740 -0.5124204755773244
10.0000000000000000	-0.1725784313351342 -0.5126894004710030 0.3672044977630776	-1.2437781641405121 -1.3156659359858245 -2.0022867483102686
10.0000000000000000	0.0552739170307209 0.2491967918159992 0.1872303154088015	1.0372784890738862 -3.7193122293845229 -2.9239065846633849
10.0000000000000000	-0.9614743141722782 -1.5810281586495956 -1.5056383371481896	0.2255890245594494 -2.2703295095913067 2.0051728420726356
10.0000000000000000	-1.3920332786326157 2.9087968174638474 -1.1203019068259694	0.9810072385045789 -0.6131271304583671 0.1942315983148282
10.0000000000000000	-0.0505935663317551 -0.4577099062575494 1.1277689531372679	1.9232219475758181 -0.0459366262092668 0.7165139120494208
10.0000000000000000	1.3865855269878775 1.0838010306150694 -2.2135289361141206	0.5747272758774659 1.0048517744117025 -1.6568882234825548
10.0000000000000000	-0.6095374275113757 0.2777482652705344 0.2863425685975862	-1.4264581827449399 0.1835216113046478 0.6287142393801319
10.0000000000000000	0.7327660602746041 -0.2074695137968464 0.8765703381938531	1.9291187850905176 2.0669480047304019 2.0085471946765354
10.0000000000000000	-0.3420846257963510 -0.9630462790381162 -1.7529362423180195	-1.6513181332464084 1.6066758810727806 -0.1309546427836312
10.0000000000000000	0.0269325506170771 -0.2896667673833795 0.2636924854826030	2.3971201746186273 3.6120915517703045 1.7915952433915516
10.0000000000000000	1.4625533758232390 0.2873154710201262 -0.1683090982689260	0.0169469755463542 1.4797023343029196 2.1882904792656164
10.0000000000000000	5.8131393294161757 3.8631838412817388 -10.4182336245540323	-0.3262026781318977 -0.2146638210370010 0.4362179463293573
10.0000000000000000	1.0118278017141362 -2.6214680849115535 -1.0191234541460348	-0.6834819513518510 1.2259723245569136 -2.2727860794899546
10.0000000000000000	0.2375609898912930 -0.4814401075344283 0.8864833563363955	-0.1641446715009748 0.9342922435566705 3.8777739043890342
10.0000000000000000	-0.9607474332300874 0.0025228110959236 -0.4428578994989492	0.9447323367678336 0.4281559802483756 1.7644428824402816
10.0000000000000000	-0.5081697128340043 0.8805737332376818 0.0021707576966349	-0.4904688921854540 0.9819914110762376 -0.8154943536083191
10.0000000000000000	-0.9725689804294355 1.9856412295625643 -0.5383099434085723	0.7162641988429421 -0.4420961739898323 -0.5577188673927388
10.0000000000000000	-0.5479145504241474 0.2410750700239249 -0.0781140455993741	0.5962434515528824 -1.1899892659677753 2.7365171829734201
10.0000000000000000	1.3249991785564188 0.1272497148779326 0.0223713217883381	1.6580759260331723 0.4554467195725461 1.8028800379169656
10.0000000000000000	0.1454893278908104 -0.6165170951743714 -0.1052280910789126	-2.5689142047054081 2.5578155100059239 -0.9863135627659050
10.0000000000000000	1.3085334891111320 0.3918598225667897 -0.7975262841054221	1.4965198682435661 0.1460828970362258 0.1862226170168832
10.0000000000000000	0.2115607977887478 0.0989971587873512 0.2384616398160536	-0.8185737716487912 3.8010510829201638 -0.3342854592088900
10.0000000000000000	-0.6037532043730999 -0.3182381035702255 -1.6402338181302663	0.4709448074908941 1.3345656924125011 1.3164444140925367
10.0000000000000000	0.2606235304068980 0.7020483303574108 -0.0099451338668160	-1.3734829107485578 0.9062490186336087 -1.8520589136729755
10.0000000000000000	0.0243984673307568 0.1393303802061649 -0.4705140130798456	-1.5194944881834513 1.0427969495497897 0.0561752349520662
10.0000000000000000	-0.5223313813065236 -0.3292508169465949 -0.5303562319570396	0.7105795908691037 3.2559610812400579 -0.1812863955363819
10.0000000000000000	-0.2550705625271190 0.5350982103671612 0.2001421604974243	1.0695998789893129 -2.0311191430936750 0.4586117654836951
10.0000000000000000	0.1072409432133247 -0.7784891327493808 0.4681929306944485	-0.8912738406589624 2.8284092798143980 1.6441620680363904
10.0000000000000000	-0.1508356321262292 0.0790939780866345 0.1934792429995328	-1.1739842822494237 -2.3405193576473633 -0.4604971825321880
10.0000000000000000	3.2295484450487950 -6.0236167331800701 -3.0033024794653969	-0.4075396897753668 -0.0327730291058213 -0.0259344988606423
10.0000000000000000	0.6513210755714495 0.7026712923122431 -0.7339756082652439	1.2010121203729149 -0.6236119745522037 0.6965529010221377
10.0000000000000000	0.4846043560431105 -3.4535445607501214 -2.8788910430501740	0.2848908015620434 0.9895110318752316 2.0065115300871392
10.0000000000000000	0.0728866407388072 -0.5725213792707894 0.2348365841247259	-4.2786845334575725 1.7499749867140419 -2.2786948163996255
10.0000000000000000	0.2442486936744435 -1.2309587463647180 0.6010394149174304	-1.8670534697606302 2.5574324080205115 -2.0488647221199674
10.0000000000000000	0.1244357643780718 -0.3116118872014068 -0.3278165791056187	-2.2382605737408285 3.2390288320946627 -1.8375780115962119
10.0000000000000000	-0.5133306252082602 0.6447330869474772 -0.4708990883692660	-1.3263387493378489 -1.2161461643484224 -3.2644393297337180
