0 1000 0
1 -0.314046842102376 0.197804351663381 -1.18786388498055 0.148976665972322 0.473963318618809 1.78552319157806 0 0 1 0 0 0 0 0 0 0 0 0 0
1 -0.446057069887351 -0.193151946454082 1.83996091316707 0.734581258938442 0.743326379005177 1.76376432739853 0 0 2 0 0 0 0 0 0 0 0 0 0
1 1.64555033775745 0.241558020214142 0.913688250518598 -0.35549328923859 -0.438257333262483 0.0856677297480185 0 0 3 0 0 0 0 0 0 0 0 0 0
1 -3.00814783671446 -0.840773123906527 0.0846813103198692 -0.678693841991237 -0.718501271554765 -0.599284621037937 0 0 4 0 0 0 0 0 0 0 0 0 0
1 -0.789715331874892 0.714499713591033 -1.24820939499383 -0.915153176079495 -0.0984172037230526 -0.339068836948777 0 0 5 0 0 0 0 0 0 0 0 0 0
1 -0.113178764230924 0.498047904800474 -0.309043155621242 2.27723383279961 0.385088247159223 0.285865517168807 0 0 6 0 0 0 0 0 0 0 0 0 0
1 -0.0118207676677962 0.77866692458365 0.747311807656391 0.429570943993086 1.0624070759845 -0.713180829722163 0 0 7 0 0 0 0 0 0 0 0 0 0
1 -0.805685398146588 0.608261596153562 -1.54427532839174 -0.00314520956811056 0.0984106631896418 -1.09901268558665 0 0 8 0 0 0 0 0 0 0 0 0 0
1 0.435965541987591 0.0880514786801634 -1.139181081257 0.428929245938136 -0.232199845571719 1.04769527634333 0 0 9 0 0 0 0 0 0 0 0 0 0
1 -0.713632046735876 -0.454599727930515 0.420351792635674 -0.959752698222897 -0.334902069372962 0.255743313190385 0 0 10 0 0 0 0 0 0 0 0 0 0
1 -1.55935814156002 -2.43651596081541 0.965988793452611 -0.0151669896328263 -0.422431291347335 0.0693618696770017 0 0 11 0 0 0 0 0 0 0 0 0 0
1 0.485381662807519 0.514165127678291 0.0705774280669289 0.0548082521807773 -0.0542810169375707 2.14994086005961 0 0 12 0 0 0 0 0 0 0 0 0 0
1 0.196316583481691 -0.478959409237357 -0.281485659700334 -1.49298925107247 1.06386295604744 -0.560453428358994 0 0 13 0 0 0 0 0 0 0 0 0 0
1 -1.50449684619116 -0.60147205109745 1.06001823763748 -0.927051973216781 0.689161646403698 -0.0590103663043024 0 0 14 0 0 0 0 0 0 0 0 0 0
1 -1.97882933062121 -1.07154040999998 0.9616955434539 -0.907235667202567 -0.393183627579386 -0.049887181786582 0 0 15 0 0 0 0 0 0 0 0 0 0
1 0.712177216769732 0.882033055504579 -1.12460621271304 -2.08017724312889 0.0628942788868645 -0.0937423806378202 0 0 16 0 0 0 0 0 0 0 0 0 0
1 -1.07802696306778 -2.88984043116521 1.56341996569141 1.07537145489168 0.981380150634076 0.258621244963302 0 0 17 0 0 0 0 0 0 0 0 0 0
1 0.308435814473536 -0.395939368137958 -0.0716068378606999 0.325884754855803 -1.70908361508036 -1.43351636915505 0 0 18 0 0 0 0 0 0 0 0 0 0
1 0.191140596662789 0.27439734445839 0.176769639394627 -1.4098317647828 1.19284978934037 0.600613147556054 0 0 19 0 0 0 0 0 0 0 0 0 0
1 -0.188948336546317 -0.629557459183378 1.04303507840234 -2.08052092596715 0.344156933190582 -1.03469410597261 0 0 20 0 0 0 0 0 0 0 0 0 0
1 0.0749295456209837 -0.358405647019821 0.345213544796555 -0.809816773756014 1.83248013211733 -0.725942424578032 0 0 21 0 0 0 0 0 0 0 0 0 0
1 0.307772656730287 -0.0392118787507278 0.0362512141392947 1.01132467375268 -0.600076533743631 -0.55870205389233 0 0 22 0 0 0 0 0 0 0 0 0 0
1 2.3256442869717 0.453462913011727 0.628390023639443 -0.816558608507103 -0.4792262856368 -0.99355982092157 0 0 23 0 0 0 0 0 0 0 0 0 0
1 -0.0107119590247939 -0.249022389029963 -0.10851647377502 -0.0776762854386327 -0.269901642122051 0.401138348271228 0 0 24 0 0 0 0 0 0 0 0 0 0
1 -0.169490500102729 -0.313088199111085 -0.120791455159192 -1.24582708685078 -1.31759463411004 0.292528573071549 0 0 25 0 0 0 0 0 0 0 0 0 0
1 0.493174914914864 0.467081707264647 0.376880181039726 2.07121158643012 -0.62884153126433 1.56302030619301 0 0 26 0 0 0 0 0 0 0 0 0 0
1 0.717100959669958 -0.480240535145398 0.137926327636545 0.628086637839131 -0.918699946497871 1.02041019887935 0 0 27 0 0 0 0 0 0 0 0 0 0
1 -0.235004827519306 -0.0002559686301433 -0.0180905516991251 -0.368521934823103 0.283044702006386 -1.72350247695734 0 0 28 0 0 0 0 0 0 0 0 0 0
1 0.201055259873207 -0.60070273188936 -0.764711040417005 0.558594179317022 -0.71413597624593 -1.52237070174979 0 0 29 0 0 0 0 0 0 0 0 0 0
1 0.686477676101823 -0.740693597717024 0.371877603471568 0.196926347579397 0.548696184676348 -0.0365531521906801 0 0 30 0 0 0 0 0 0 0 0 0 0
1 -0.745216572407606 1.59461065236649 1.39313199771374 -2.05541003603942 0.208454934490017 -0.482124705356744 0 0 31 0 0 0 0 0 0 0 0 0 0
1 1.61700139613052 -1.08362378561808 0.537712477859036 0.0886396134253346 -1.27540256189363 -0.898901582360564 0 0 32 0 0 0 0 0 0 0 0 0 0
1 -1.40883827695116 -0.929962528698817 -0.605169965622766 0.160637698600541 -1.26701079908032 0.306227197799909 0 0 33 0 0 0 0 0 0 0 0 0 0
1 -1.98962291599261 0.293579035571561 -1.50894400766543 0.624465886877728 0.1193884296627 -0.218345031556798 0 0 34 0 0 0 0 0 0 0 0 0 0
1 0.670553341077108 0.86902482983469 -0.0812613579993675 -0.351862199798211 0.205966436314295 -1.83816678458834 0 0 35 0 0 0 0 0 0 0 0 0 0
1 0.190280290180237 0.773985188281311 1.16143554034429 0.317626691109148 -0.0854279505790882 0.138057123403947 0 0 36 0 0 0 0 0 0 0 0 0 0
1 -1.34003423007261 -0.30269516345216 -0.74867164998378 -0.342999720840478 1.21420435211918 0.352164678314245 0 0 37 0 0 0 0 0 0 0 0 0 0
1 0.48392647103724 -0.751126475878515 -2.14753803417627 -1.2892171036437 -0.378008672409128 0.698116318403512 0 0 38 0 0 0 0 0 0 0 0 0 0
1 0.79700105201362 4.30324675589591 1.81361033273133 -0.760841886800805 0.447581085650204 0.393776108937425 0 0 39 0 0 0 0 0 0 0 0 0 0
1 0.334033721627111 0.461797211792512 0.298884404986708 -1.10709731683202 0.39064646068418 -0.239738543665418 0 0 40 0 0 0 0 0 0 0 0 0 0
1 -0.191354300580468 0.0035306080805759 0.125638604678179 0.363994062499094 -1.29802643662676 -1.72944763899667 0 0 41 0 0 0 0 0 0 0 0 0 0
1 0.796784545915572 -0.179298383648628 0.0853854299210315 0.575922562854189 0.00882548798740372 0.109114568268667 0 0 42 0 0 0 0 0 0 0 0 0 0
1 -0.232079921403508 1.06442947639765 0.404747308365315 0.0205274122099766 -0.520676397750327 -2.62018660095246 0 0 43 0 0 0 0 0 0 0 0 0 0
1 0.528656298520015 -0.0436065497180551 0.577287786731815 0.934496720876613 -0.926618349162574 -0.589751289348559 0 0 44 0 0 0 0 0 0 0 0 0 0
1 -0.168873338708913 2.08432003247176 -1.00953977712618 -0.0319979680454477 1.92260749693277 -0.754428636324808 0 0 45 0 0 0 0 0 0 0 0 0 0
1 1.58703526227005 -0.580653102137967 0.579166437789492 -0.687808999083123 -0.9164519570652 -0.465539845681284 0 0 46 0 0 0 0 0 0 0 0 0 0
1 -0.174564012665325 -0.104763991738152 0.416117066488393 0.515261529062792 2.49789493572711 -0.484392407652016 0 0 47 0 0 0 0 0 0 0 0 0 0
1 0.0234984845306576 -0.27135206538104 -0.0153126345487514 -0.905867582831677 0.464064664011262 0.209439665687908 0 0 48 0 0 0 0 0 0 0 0 0 0
1 0.61331393137736 -0.190010882600753 0.7621100309883 -0.513312357842159 0.3911462702225 -1.2434166550196 0 0 49 0 0 0 0 0 0 0 0 0 0
1 -0.49569448894424 -1.16321794525582 -1.69655107131482 -0.149080323937487 -1.37047718376784 -0.715253514934638 0 0 50 0 0 0 0 0 0 0 0 0 0
1 0.955815347759976 0.712557030931288 -0.730065395029388 -0.506640617112129 1.6393137407488 1.08070063600514 0 0 51 0 0 0 0 0 0 0 0 0 0
1 0.244086372103797 -0.482723045244491 0.0710521592098377 -2.41925376362307 1.26024013682146 0.7406079297498 0 0 52 0 0 0 0 0 0 0 0 0 0
1 0.308331804425853 0.790558194865553 0.771802483860512 1.67960848337701 -0.706935153743161 -0.405239079182856 0 0 53 0 0 0 0 0 0 0 0 0 0
1 -0.339954828502109 0.422284795965534 0.910489955904067 -1.50059649805749 -0.413861734649662 0.249361910317777 0 0 54 0 0 0 0 0 0 0 0 0 0
1 -0.979645273964187 0.725785547647293 0.238558520807271 -1.07256020333603 -1.08055970230394 -1.01598747843136 0 0 55 0 0 0 0 0 0 0 0 0 0
1 -5.66548494277901 0.369192223570686 1.6557373462648 -0.752282648050582 0.0754595652773987 0.00997683024520603 0 0 56 0 0 0 0 0 0 0 0 0 0
1 -0.317329887396571 0.613879280666967 -0.195402171357454 0.692984016709151 0.884925375790594 -0.384174231570542 0 0 57 0 0 0 0 0 0 0 0 0 0
1 0.593978132016267 2.01581808473016 3.06492350220084 -0.994700797629273 -0.35625671323673 0.583789115416605 0 0 58 0 0 0 0 0 0 0 0 0 0
1 1.49580381942488 -3.59466646203305 -0.920359342366643 0.0307713653708256 -0.191476490992433 0.202006473850336 0 0 59 0 0 0 0 0 0 0 0 0 0
1 -0.991760010689943 0.450931642590411 -5.07333660019626 -0.57858688714869 0.318226986971268 -0.389351374490389 0 0 60 0 0 0 0 0 0 0 0 0 0
1 0.612185343982597 0.312087067514114 -1.24739536896802 -1.0176484774734 -1.18709680396395 -1.11181562375835 0 0 61 0 0 0 0 0 0 0 0 0 0
1 0.751678391746749 -0.249103802854622 0.578342011524151 0.0692235558622849 0.511258645426304 -1.15978193100627 0 0 62 0 0 0 0 0 0 0 0 0 0
1 0.314279028978786 -1.42636402597487 -1.30202099974427 -0.762378205406594 -0.652106611277739 1.44665412392446 0 0 63 0 0 0 0 0 0 0 0 0 0
1 -0.946149684809733 -0.0914453521245614 -0.2130073626988 0.987264156949047 -2.3177717380928 -0.0634099847773763 0 0 64 0 0 0 0 0 0 0 0 0 0
1 -1.5120041261936 0.879880950387428 -1.39489774272945 1.22452592306673 0.668563277297929 -0.14232293311233 0 0 65 0 0 0 0 0 0 0 0 0 0
1 0.265376352484241 -2.98565163122388 2.58811759357544 -0.426106249962827 0.0616152291875207 -0.243747618072631 0 0 66 0 0 0 0 0 0 0 0 0 0
1 0.351523630702999 -0.0310330110203102 -0.12244673302407 0.593731792079945 -0.636132631853396 0.615382582123263 0 0 67 0 0 0 0 0 0 0 0 0 0
1 -0.574551761945927 0.270647844003743 -0.485131466581531 1.12936279322644 1.16845547166674 -0.272046690089132 0 0 68 0 0 0 0 0 0 0 0 0 0
1 1.19933557352929 -0.517992273501635 1.67587150425498 -0.480249004306968 1.2461793026767 -1.56224790057073 0 0 69 0 0 0 0 0 0 0 0 0 0
1 -0.175755304742306 -0.0287451345148731 0.513637805783353 0.0756498414209477 -1.29709499154527 1.13190116602988 0 0 70 0 0 0 0 0 0 0 0 0 0
1 0.0704046740696496 -0.688051180514809 0.126977478288927 0.676113378294531 -1.01443554710233 -1.67257916722428 0 0 71 0 0 0 0 0 0 0 0 0 0
1 1.77815724982236 0.632074585293204 3.117273780182 -0.671548030339032 -0.359553509708445 0.00709693331434438 0 0 72 0 0 0 0 0 0 0 0 0 0
1 3.55202979174286 0.280426466269283 -0.903143129414593 -0.297190729477081 0.548833878942789 0.0357893597124118 0 0 73 0 0 0 0 0 0 0 0 0 0
1 -0.261446791434763 0.150286295481188 0.39260709906672 0.412355628833945 -1.73761088236996 -1.74825498141546 0 0 74 0 0 0 0 0 0 0 0 0 0
1 0.531353179993734 -0.285457607074078 0.0100077687142239 0.798534567027516 -1.24148782216325 -1.86156380683649 0 0 75 0 0 0 0 0 0 0 0 0 0
1 0.527205685285069 0.187500811898964 -0.379956581913738 -1.43402148605552 0.90945211976017 -1.62717837824391 0 0 76 0 0 0 0 0 0 0 0 0 0
1 0.21462360717732 -0.275309302192721 0.466555638740445 0.919377075832104 -0.863520419881122 -0.7353768225719 0 0 77 0 0 0 0 0 0 0 0 0 0
1 0.901411635025616 -0.524942977879609 0.111557443967061 0.659420531554057 0.659153347768912 -1.01283028013811 0 0 78 0 0 0 0 0 0 0 0 0 0
1 -0.552402383094954 0.335575745938225 0.130522477293465 -0.114030463242085 0.359061794883442 -0.905480357590793 0 0 79 0 0 0 0 0 0 0 0 0 0
1 0.381972330008239 0.253264208470284 0.509552107187273 1.68688628170798 -2.27048122127348 0.0720466904508257 0 0 80 0 0 0 0 0 0 0 0 0 0
1 1.7734061637829 -0.380952549765062 0.56598140478852 -1.5643998339867 -0.0297590528331624 1.12027325752748 0 0 81 0 0 0 0 0 0 0 0 0 0
1 1.27338130783837 3.11458506965819 5.00402106437306 -0.0852474514263863 -0.413746712128043 0.134290656291577 0 0 82 0 0 0 0 0 0 0 0 0 0
1 -0.780977905176783 1.05435276501677 0.224701250310018 -0.134391635430372 0.572150949537298 0.733562172441185 0 0 83 0 0 0 0 0 0 0 0 0 0
1 1.32908679991235 -0.464430651033472 2.76264367754969 -0.18884304686672 -1.24540385874301 -0.425255821443788 0 0 84 0 0 0 0 0 0 0 0 0 0
1 -5.32290962291665 0.978685451852461 1.49796122294157 -0.731577464634343 -0.404648798102452 0.363621847726247 0 0 85 0 0 0 0 0 0 0 0 0 0
1 -0.112943953897953 -2.06719224028658 0.251845296229771 -0.845961555485855 -0.182523149221389 -0.724132037510449 0 0 86 0 0 0 0 0 0 0 0 0 0
1 -0.0194193967669738 -0.736065843103129 0.594778186287847 -0.956010362275188 -0.369036668284515 -1.09194001401443 0 0 87 0 0 0 0 0 0 0 0 0 0
1 -0.812528494143121 -0.419004158620254 0.808619635547387 0.900292771888391 -0.0994704139544162 -0.159296427968808 0 0 88 0 0 0 0 0 0 0 0 0 0
1 -0.310181396453617 0.630466774315568 0.208148151606896 0.726633757504045 -0.0849829285929128 -0.413229598453887 0 0 89 0 0 0 0 0 0 0 0 0 0
1 1.84403655279341 -1.34451623721746 1.29366891187599 -0.178983757411149 -1.02932081456213 -0.605533788544232 0 0 90 0 0 0 0 0 0 0 0 0 0
1 -1.66698647938447 0.271593543603043 -0.260153316915911 -0.270668156323736 -1.37770392908875 -0.852117855065316 0 0 91 0 0 0 0 0 0 0 0 0 0
1 0.342973682707524 -0.172473320678506 -0.112758073370983 1.44738010088535 -0.694645721327103 1.09970403575932 0 0 92 0 0 0 0 0 0 0 0 0 0
1 0.904532965118312 1.29392444064268 0.585752809454643 -1.33053700500535 -0.630974293006535 0.913833253600381 0 0 93 0 0 0 0 0 0 0 0 0 0
1 0.211185209339366 -0.777516813582427 -0.169153970172364 0.232651239178334 -0.59995236792176 -2.56279423361745 0 0 94 0 0 0 0 0 0 0 0 0 0
1 -1.17035821315049 1.08728319590526 -0.224692291969785 -1.25019417494259 0.931758355979854 -0.276232844376137 0 0 95 0 0 0 0 0 0 0 0 0 0
1 0.769142959903606 -0.968951244665513 -0.964958858833097 -1.66402006461227 1.27895882459873 -0.851981088346402 0 0 96 0 0 0 0 0 0 0 0 0 0
1 1.0227077134938 -2.95082871555668 -1.7907065633015 -1.18762633728913 0.906647672580689 -0.637679626330911 0 0 97 0 0 0 0 0 0 0 0 0 0
1 -1.394790831358 -1.16311881323582 0.0410397917135982 0.156896071436712 1.35742025114593 -0.606012345215665 0 0 98 0 0 0 0 0 0 0 0 0 0
1 0.284490463388535 -0.906354471432728 0.351091741360112 -0.404747663491061 0.960932833616584 1.81028588697371 0 0 99 0 0 0 0 0 0 0 0 0 0
1 2.07571531043317 -1.40234211267384 1.47270326828747 0.767137720506067 -0.0378467152345939 -0.0822035315220933 0 0 100 0 0 0 0 0 0 0 0 0 0
1 -0.190718036051325 -0.579303278423034 0.181676116047241 -1.61466852213195 0.683346421275346 1.5018527058463 0 0 101 0 0 0 0 0 0 0 0 0 0
1 1.60865627026691 0.125085880573187 0.865597289457019 -1.36790271139662 0.419077495156382 0.660996349504583 0 0 102 0 0 0 0 0 0 0 0 0 0
1 0.0671225962492766 0.0528965381181729 -0.0198006383449718 2.2602301134786 1.23449322601459 -2.21576262502286 0 0 103 0 0 0 0 0 0 0 0 0 0
1 0.4962722888358 0.388204054071609 0.149984657299101 1.14790576456025 -0.214249444670584 1.52896709204156 0 0 104 0 0 0 0 0 0 0 0 0 0
1 -0.853032898303654 0.315201076121626 -0.383016148064 0.422849750349902 0.486692925828632 -1.74419087044779 0 0 105 0 0 0 0 0 0 0 0 0 0
1 0.941302614698528 -0.424614331936724 -1.22555027791096 0.573404571919249 -0.888784282405474 0.951538453805645 0 0 106 0 0 0 0 0 0 0 0 0 0
1 -1.20093232816975 -0.397817297189082 -0.0214098981752096 -0.955224677009894 -1.079304782932 2.04019561739465 0 0 107 0 0 0 0 0 0 0 0 0 0
1 0.488362628919026 -0.266666027942604 2.6628379656436 -0.725994503363496 -1.20543853900758 0.605336462644401 0 0 108 0 0 0 0 0 0 0 0 0 0
1 -0.26551033409859 0.709821433653628 -0.126938410980589 1.50215195510975 -1.04320426811484 0.206591336765369 0 0 109 0 0 0 0 0 0 0 0 0 0
1 -0.612703171581455 0.254560236669127 0.645951839472796 -0.157520739982006 0.83818833665032 1.48724669533515 0 0 110 0 0 0 0 0 0 0 0 0 0
1 0.399396428724595 0.520973491620663 0.697755810080611 -0.826832333653923 0.129713926519423 -2.13845186358989 0 0 111 0 0 0 0 0 0 0 0 0 0
1 -0.910130311735817 0.0049246347081481 1.01514347280968 -0.0848745563634659 1.58681528522103 0.0783822438136791 0 0 112 0 0 0 0 0 0 0 0 0 0
1 0.15554266412516 0.486412462253795 -0.572523259925786 0.987929120594681 0.664712398353628 0.182045260419975 0 0 113 0 0 0 0 0 0 0 0 0 0
1 -4.76105988573807 2.74177274829042 -1.66401472712653 -0.515770678480782 -0.286315829246709 -0.952325816467602 0 0 114 0 0 0 0 0 0 0 0 0 0
1 0.315722675882952 0.593464119463485 1.98253096607659 0.356898760499613 -0.762945947984232 0.866951135345023 0 0 115 0 0 0 0 0 0 0 0 0 0
1 0.753546815065243 -2.36540741008046 -1.14569181933026 -0.219682322243786 0.76425348964185 -0.554314136601051 0 0 116 0 0 0 0 0 0 0 0 0 0
1 -1.01092391165979 0.723380187747895 1.66660667025908 0.327513577645214 -1.24078994491295 0.654979133119939 0 0 117 0 0 0 0 0 0 0 0 0 0
1 0.0462316812417106 0.326652432666002 0.502959186780721 -0.611994626454298 -0.139633201263615 2.60389037625444 0 0 118 0 0 0 0 0 0 0 0 0 0
1 -1.12532118563913 0.542258074269261 1.90854909125114 -1.57279823781345 0.0361264032278658 0.162514651297869 0 0 119 0 0 0 0 0 0 0 0 0 0
1 0.960009574974428 1.83882090965566 -1.40959431850462 -1.52255307772967 -0.584726353408196 -0.49275875935517 0 0 120 0 0 0 0 0 0 0 0 0 0
1 0.115174181477219 0.213070379301076 0.248530105248036 0.606891019415236 -0.177228995540572 0.0915421451757765 0 0 121 0 0 0 0 0 0 0 0 0 0
1 -0.218411045050373 -1.03879133426278 0.810064738447492 -1.31697385880799 1.41573028439949 0.127153998145967 0 0 122 0 0 0 0 0 0 0 0 0 0
1 0.179947724238106 -0.458726274565714 -0.105209996275868 0.115743456839418 0.135277907550115 -1.21528586982062 0 0 123 0 0 0 0 0 0 0 0 0 0
1 -1.29644576039485 -2.11522081909411 -0.761684130748417 -0.0133239001855015 1.48574793128627 0.00462323565241613 0 0 124 0 0 0 0 0 0 0 0 0 0
1 4.70051457587942 -0.198119280924012 1.16084223593164 -0.664315043627214 0.0595645566231526 -0.894759306954419 0 0 125 0 0 0 0 0 0 0 0 0 0
1 -0.116139027954567 0.0978506182963903 0.773306144786118 -0.0090007723022471 0.787647390863558 -1.79055082431427 0 0 126 0 0 0 0 0 0 0 0 0 0
1 2.43523181908959 -2.95896408319857 -0.414206878070788 -0.397256228741296 0.936898686856104 0.774773165059294 0 0 127 0 0 0 0 0 0 0 0 0 0
1 0.4381444490018 -0.301886541839905 0.284006085345635 1.46180006015903 0.207036894145719 0.996923384301176 0 0 128 0 0 0 0 0 0 0 0 0 0
1 -0.44949512210898 0.34672347491638 -0.678235099272288 1.69445940910254 0.0758139752271817 0.0153341760879644 0 0 129 0 0 0 0 0 0 0 0 0 0
1 -0.123808091237 -0.226143730801424 -0.488759713543907 -0.910864340793478 -0.297844103591703 -0.426265963012448 0 0 130 0 0 0 0 0 0 0 0 0 0
1 -1.05660363208605 -0.21755041160897 -0.160146110696584 0.481759506945762 0.222605175355379 -1.17066682232574 0 0 131 0 0 0 0 0 0 0 0 0 0
1 2.51893979326495 -0.746576092275391 -1.17218804928229 -0.996239729900411 0.306254874333491 -0.505148404491215 0 0 132 0 0 0 0 0 0 0 0 0 0
1 -0.626012649254953 -1.34042220650545 -2.30559563784066 -1.0055474443208 1.39276636884301 0.000470014720331897 0 0 133 0 0 0 0 0 0 0 0 0 0
1 -0.107061424171923 -0.163891104665637 0.231653912518692 -0.937701829245999 0.998415506557392 -1.7400344853879 0 0 134 0 0 0 0 0 0 0 0 0 0
1 0.520762537697534 -0.326739476156541 0.420182394518509 -2.55245701916884 -0.826081710400386 -1.41592384557827 0 0 135 0 0 0 0 0 0 0 0 0 0
1 0.0579320520169049 0.646612573602966 1.36818212508851 -2.04156024132093 -0.994492949413477 -0.190256938044123 0 0 136 0 0 0 0 0 0 0 0 0 0
1 -0.471034043171177 0.217365797864367 0.405585610290718 0.0977674187968114 0.667064484706432 -0.140367688526907 0 0 137 0 0 0 0 0 0 0 0 0 0
1 -0.492765759218234 -0.665072787277749 -0.263368649720769 1.8633557483858 -2.08890398654244 0.346926860341668 0 0 138 0 0 0 0 0 0 0 0 0 0
1 -0.0932402194711769 -0.105337575000757 -0.173557505014434 -1.71553066171062 0.130578153068869 -2.38148968170972 0 0 139 0 0 0 0 0 0 0 0 0 0
1 -1.06950901558868 -0.298486896245032 0.968739400795524 1.01752438130623 0.930429653380322 -0.852725254664505 0 0 140 0 0 0 0 0 0 0 0 0 0
1 -0.307919552003971 -0.0293260754292563 0.257398760239505 0.533836720623972 -1.75819512366452 -0.372373997235285 0 0 141 0 0 0 0 0 0 0 0 0 0
1 -0.549662194858569 0.359952649968302 -0.267794956910721 1.02894930628325 -0.0616461711886019 -1.80088686286161 0 0 142 0 0 0 0 0 0 0 0 0 0
1 -0.093407402378539 0.573104343025878 0.194052859842497 -0.265338065485439 -0.814079811713363 2.3424219434237 0 0 143 0 0 0 0 0 0 0 0 0 0
1 -0.29064169332399 0.154524978335943 0.802972787553189 2.08539858112099 -0.53874356898553 -0.133738994773278 0 0 144 0 0 0 0 0 0 0 0 0 0
1 0.607763268455223 -1.28118078750929 -2.69691195733935 -0.344946801804023 0.81612086260911 0.246638900760759 0 0 145 0 0 0 0 0 0 0 0 0 0
1 1.11002840541182 3.16713917760278 -3.33191016009863 -0.218928759522111 -0.307096054392485 0.034441100178482 0 0 146 0 0 0 0 0 0 0 0 0 0
1 -1.43942692741155 2.55691049389513 -1.72937520957158 0.873768472834443 0.657794370488961 -0.186312134005772 0 0 147 0 0 0 0 0 0 0 0 0 0
1 1.21041641729973 -1.35972006611725 -1.45594227978875 -0.566682511067733 0.646246274978841 0.499520217094832 0 0 148 0 0 0 0 0 0 0 0 0 0
1 0.50045732995854 2.37578249666294 2.46786526907713 -0.443806226324276 0.124844523777493 -0.370167325890186 0 0 149 0 0 0 0 0 0 0 0 0 0
1 -0.323670574723845 1.47546652429871 -0.11669046996232 0.204127121399503 -0.2308172921857 0.512475167811334 0 0 150 0 0 0 0 0 0 0 0 0 0
1 0.265563613576427 1.00389477167937 0.534080257647162 -0.712085476111015 2.00536541583203 -0.162373564517273 0 0 151 0 0 0 0 0 0 0 0 0 0
1 -1.1950609066796 1.42879456883824 -0.26829017859983 0.641349614439692 -2.05497476990037 -0.022838665149611 0 0 152 0 0 0 0 0 0 0 0 0 0
1 -0.614653419477095 -0.541887183752081 1.15973024238636 0.799741501481574 -0.826517495679202 -0.122809795825384 0 0 153 0 0 0 0 0 0 0 0 0 0
1 -0.226973833170042 0.487233946617127 -0.156239756352685 1.96762783006867 -0.768473377094112 -1.38787452274499 0 0 154 0 0 0 0 0 0 0 0 0 0
1 0.308812062632799 0.376450479510807 0.0071796586932441 -0.907618052688444 0.734121226145352 -1.79202441887726 0 0 155 0 0 0 0 0 0 0 0 0 0
1 -0.236426011079053 -1.05691139922158 -1.02754036925271 -0.700067327222109 -1.34133987326505 -0.648269268865212 0 0 156 0 0 0 0 0 0 0 0 0 0
1 -0.398926567236581 -0.24275648643717 -0.57734507647757 -1.52363108677019 0.713195972709543 -1.18600897046013 0 0 157 0 0 0 0 0 0 0 0 0 0
1 0.26612242123621 -0.178635906599338 -0.135863787098761 -0.739852962656211 -0.140141476894641 1.67406437883504 0 0 158 0 0 0 0 0 0 0 0 0 0
1 0.862007304189533 0.184390218651805 0.117395775537538 -2.05755845901678 -0.659494597507493 -0.820647551381115 0 0 159 0 0 0 0 0 0 0 0 0 0
1 0.656007803858941 -0.517429544861274 0.647294463057855 0.237970981116833 -2.36284315173695 -0.0414561735069216 0 0 160 0 0 0 0 0 0 0 0 0 0
1 -0.373346616888965 0.0730327620703687 -0.627913779684487 -2.00651875892914 0.271678249239312 1.13367360076119 0 0 161 0 0 0 0 0 0 0 0 0 0
1 0.740218916015749 -0.393771334364714 -0.35080667811121 -1.10518209623055 0.97272515658765 -1.37697200414812 0 0 162 0 0 0 0 0 0 0 0 0 0
1 -0.608392432021225 2.80753001619107 0.373052098117829 -0.824969130531355 -0.434182659295763 -0.328712255711283 0 0 163 0 0 0 0 0 0 0 0 0 0
1 -0.792157272727129 -0.132801924685179 -0.538793318151801 -0.705661043508278 0.938029431837077 -0.742563878359994 0 0 164 0 0 0 0 0 0 0 0 0 0
1 -0.319376633830985 -0.377406974477915 0.806554462887264 1.01836544222682 0.764362920624684 1.56800390907721 0 0 165 0 0 0 0 0 0 0 0 0 0
1 3.00335103608673 -1.65201488245213 -1.76385194631599 -0.628571683838149 0.149853419096411 -0.360034328164926 0 0 166 0 0 0 0 0 0 0 0 0 0
1 -1.04640055668121 0.548956369371472 0.590987684750498 0.113506598869198 -0.0249043585764509 -0.870338852621457 0 0 167 0 0 0 0 0 0 0 0 0 0
1 0.211185918682786 -1.8756391121752 6.34092147082691 0.664478889232134 -0.0414547631289057 -0.222232969477152 0 0 168 0 0 0 0 0 0 0 0 0 0
1 0.197985602162663 -0.509234889982989 -0.54688177906551 0.812696503167627 0.193719498969275 -0.280885528582129 0 0 169 0 0 0 0 0 0 0 0 0 0
1 4.03389480760898 -0.976628577736791 4.95940739455637 0.202804271941325 -0.595949519590819 0.0875175789225579 0 0 170 0 0 0 0 0 0 0 0 0 0
1 0.14275077171694 -0.27468142350091 -0.79298440542018 -2.2249355271865 0.325701516011006 0.784201956078139 0 0 171 0 0 0 0 0 0 0 0 0 0
1 0.543170230791726 -0.384262634407748 -1.63490309554137 -1.98971721350039 -0.297392983441758 0.653663468587857 0 0 172 0 0 0 0 0 0 0 0 0 0
1 0.860340884966326 1.42551361999302 -1.50654229339496 -0.112979927457861 0.0927491109428109 -0.587819060986313 0 0 173 0 0 0 0 0 0 0 0 0 0
1 0.166767292232339 -0.034688590237721 -0.121982554930992 2.03619788033097 -0.0303123459410298 1.38072297767523 0 0 174 0 0 0 0 0 0 0 0 0 0
1 -0.841655179396177 -0.255092148987275 0.498030906711532 0.183545909668826 -0.405203077277191 0.987175427477282 0 0 175 0 0 0 0 0 0 0 0 0 0
1 0.105996188998671 0.442228556457066 -0.321580053410129 -1.11764207609068 -0.666375626433461 -0.966456214005311 0 0 176 0 0 0 0 0 0 0 0 0 0
1 -0.670249600202748 0.372262699131431 0.712863448039665 2.04696725189972 -1.80573503639697 -0.201002394864924 0 0 177 0 0 0 0 0 0 0 0 0 0
1 0.0732418307334707 -0.805355029490481 -0.12944692911897 0.711535380806496 1.93213750940518 -0.932036467109155 0 0 178 0 0 0 0 0 0 0 0 0 0
1 -0.0430418744992284 -1.1395382051568 0.63400994980434 1.14815805189948 0.0240791938605022 -1.11439468037647 0 0 179 0 0 0 0 0 0 0 0 0 0
1 0.272796194131289 0.644209987735623 -0.230168681686954 -1.54895697344724 2.54084250980603 -0.0489177707433886 0 0 180 0 0 0 0 0 0 0 0 0 0
1 -0.508953014110176 0.0598953752586368 0.089617391354553 -0.210118452223481 -0.300223554604216 0.236130776562079 0 0 181 0 0 0 0 0 0 0 0 0 0
1 -0.884296568910499 -0.313134344802208 1.23794196951008 0.756864820897693 -0.29518171042649 -0.451180267260748 0 0 182 0 0 0 0 0 0 0 0 0 0
1 -0.458150922580525 0.67213921332362 0.249346192839038 -0.0521167939009557 0.28530237844667 -0.364227266049928 0 0 183 0 0 0 0 0 0 0 0 0 0
1 -0.991277108675475 -0.276448614398503 -0.104281879669393 -0.267049245477239 -0.529078024775702 0.585127439133884 0 0 184 0 0 0 0 0 0 0 0 0 0
1 0.91824096577455 -0.409730547067932 0.0037283222924791 -0.596660808529878 -0.508576620285586 0.119435836719169 0 0 185 0 0 0 0 0 0 0 0 0 0
1 -0.405269086712416 0.822540587300246 -1.31912018092039 -2.3682006455703 -0.110716292698072 -0.245407240908081 0 0 186 0 0 0 0 0 0 0 0 0 0
1 -0.0774729227121446 5.00884811237455 0.678830190728878 -1.29695533658399 0.597231568845448 0.519487179129447 0 0 187 0 0 0 0 0 0 0 0 0 0
1 0.0879084069018522 0.598325222025031 0.0690174838267232 -0.199874281412397 -0.594919818680737 -0.326175243467342 0 0 188 0 0 0 0 0 0 0 0 0 0
1 -0.137444423768396 0.242888231732573 -0.217025534460661 -2.15417621355895 0.0789385500702186 -2.27618227851007 0 0 189 0 0 0 0 0 0 0 0 0 0
1 1.50594419893565 -0.925714670028327 0.16669141464792 -0.608855459620507 -0.388758871674947 -1.14514618889802 0 0 190 0 0 0 0 0 0 0 0 0 0
1 -0.673343781574095 -0.28220005204461 0.120496883759474 -0.223832033248359 -2.25186212549461 -1.26960461780199 0 0 191 0 0 0 0 0 0 0 0 0 0
1 0.822801792903711 -0.528816422062523 0.323408519594749 1.55394677158946 -1.213032716172 -0.0983139149111098 0 0 192 0 0 0 0 0 0 0 0 0 0
1 -1.06409798238682 0.623667884571152 -1.90703431503568 0.409978598884235 -0.950339418958963 -1.10016224334565 0 0 193 0 0 0 0 0 0 0 0 0 0
1 -0.266492360970006 -0.505359779392336 0.147943234714217 2.4558599653627 -1.1692963145109 0.848030893480249 0 0 194 0 0 0 0 0 0 0 0 0 0
1 0.81443617995303 -0.378404125330558 -0.433089820361257 -0.706518684645204 -0.62833090498814 -0.69193183090024 0 0 195 0 0 0 0 0 0 0 0 0 0
1 0.597610904571638 -0.937218309249662 0.0426648509022699 0.372800873165208 -1.57621607666956 -0.744662296957511 0 0 196 0 0 0 0 0 0 0 0 0 0
1 0.596985480291202 0.647198837401719 0.726846343771621 -1.08146946011709 -0.369775068285177 0.496317508227687 0 0 197 0 0 0 0 0 0 0 0 0 0
1 -0.789873712651842 0.305309620483015 0.126209611721759 0.226127439792443 0.989589856758289 -0.520298641759338 0 0 198 0 0 0 0 0 0 0 0 0 0
1 0.769174827916522 -0.0159945604934739 0.995889435816506 1.71092181934685 -1.42091647930371 1.26753358436889 0 0 199 0 0 0 0 0 0 0 0 0 0
1 0.127983181549611 -0.0170282796516039 -0.241458431258092 0.442678653110072 1.1695477568968 -0.730707970454289 0 0 200 0 0 0 0 0 0 0 0 0 0
1 0.56981088095758 1.56054684656883 0.0864172152763192 1.13901443923576 0.336989106517597 0.152612159159394 0 0 201 0 0 0 0 0 0 0 0 0 0
1 0.362105169497579 1.15604791438168 1.08901392126633 0.835529496216814 0.301777609338683 -0.503838972114638 0 0 202 0 0 0 0 0 0 0 0 0 0
1 -0.670945536070703 0.928015425862354 1.42709320253117 0.40596364536349 0.486329087832792 -0.390041443505192 0 0 203 0 0 0 0 0 0 0 0 0 0
1 1.63479983153911 1.11404040820701 -0.846532910619323 -1.00549764196068 -0.917965051449921 0.019878824594028 0 0 204 0 0 0 0 0 0 0 0 0 0
1 -0.130210851034525 0.379125753326688 0.16213582837452 0.199530575145313 -1.73728383516331 1.56225989667185 0 0 205 0 0 0 0 0 0 0 0 0 0
1 -0.20770858317475 -0.154230837573683 -0.188754732139301 -2.13973849465312 -1.27286194393356 -0.831296666473972 0 0 206 0 0 0 0 0 0 0 0 0 0
1 0.337939615277204 -0.54035434839876 -0.129109542943989 -1.45355326601281 -0.051465272459601 1.17584963879172 0 0 207 0 0 0 0 0 0 0 0 0 0
1 -2.03996603532503 -0.135992385737232 0.369391469549649 0.806890382120304 0.177780119926113 -0.627119878531007 0 0 208 0 0 0 0 0 0 0 0 0 0
1 0.548248766548477 -0.579065041287044 -0.651229247838182 1.48351161299637 -1.5171106393336 -0.191851862405075 0 0 209 0 0 0 0 0 0 0 0 0 0
1 0.46967043098642 -1.65209576714466 -0.213719623827435 -0.0470338287619202 0.0807334599774718 0.808872497517814 0 0 210 0 0 0 0 0 0 0 0 0 0
1 0.540142142552904 -0.445099745311902 0.0467724730763926 -1.1242023482894 -0.764590529894416 0.461151976409183 0 0 211 0 0 0 0 0 0 0 0 0 0
1 -0.0555440568733725 0.22005097459576 0.199338339071776 1.29773111151297 2.2767782861271 -0.690968904139107 0 0 212 0 0 0 0 0 0 0 0 0 0
1 -0.0095808082615328 0.304397184896203 -0.507879020010786 -0.552175383814013 0.565405617926678 -0.501474049712199 0 0 213 0 0 0 0 0 0 0 0 0 0
1 -0.895735987327787 0.831811149411543 4.75353990927752 -0.760693710543925 0.836667094144171 0.377263972591252 0 0 214 0 0 0 0 0 0 0 0 0 0
1 -0.0642885149532418 -0.0199163583744886 0.137198269527259 -1.23558835591133 1.55884630803051 -0.138546407781969 0 0 215 0 0 0 0 0 0 0 0 0 0
1 0.603236036778162 -0.517295882998725 -0.29794172091676 -0.191101065872839 0.229896639303165 1.30957930315308 0 0 216 0 0 0 0 0 0 0 0 0 0
1 -0.210578258648028 -0.0322560169920275 0.393967348573929 -1.57931322440897 0.425895112332232 -0.685052973240773 0 0 217 0 0 0 0 0 0 0 0 0 0
1 0.072172224066149 -0.135918860570835 1.55281423399996 1.16125396177559 -0.0540458663556114 1.31671505695684 0 0 218 0 0 0 0 0 0 0 0 0 0
1 0.0118521301962941 -0.727791698977708 -0.0319546560158825 -2.64860029952794 0.425920753802255 -0.58060373244193 0 0 219 0 0 0 0 0 0 0 0 0 0
1 0.431173938422283 -0.442495118768938 0.4376380258609 -0.618597983986783 0.919072327775153 2.59396357671364 0 0 220 0 0 0 0 0 0 0 0 0 0
1 -0.1200147128894 -0.584178525764978 0.0478357456882829 1.25934019397775 -0.0396347935386341 -2.82542556631908 0 0 221 0 0 0 0 0 0 0 0 0 0
1 -0.13376489994042 -2.38422311824388 1.75930636064717 -0.892227005390393 -0.478864451398288 -0.134526938212414 0 0 222 0 0 0 0 0 0 0 0 0 0
1 0.479707545871905 0.278067262563959 0.0442422716134757 -0.489355805666971 -0.256327222584769 0.777063795480599 0 0 223 0 0 0 0 0 0 0 0 0 0
1 -2.44698875529023 -0.0374477042545679 -0.802964352682509 -1.30549606305636 -0.0413073270135773 1.79575330252743 0 0 224 0 0 0 0 0 0 0 0 0 0
1 0.249756131927454 -0.444209501252808 -0.251744310766233 -0.0965329136243265 -2.37982621031276 0.629056037447765 0 0 225 0 0 0 0 0 0 0 0 0 0
1 3.39475645512934 4.28295298133978 2.90404605293732 0.225109372789634 0.259841171950817 0.489321372342232 0 0 226 0 0 0 0 0 0 0 0 0 0
1 0.69999391289145 -0.476311568081626 0.676124722209583 -0.634732821196638 -1.47381983295275 -0.36885610300533 0 0 227 0 0 0 0 0 0 0 0 0 0
1 0.262907854314449 0.526001539166541 -0.795328904191683 -0.439801347490798 0.646244503781534 -1.56518876381566 0 0 228 0 0 0 0 0 0 0 0 0 0
1 0.262523268512622 -0.314604216701087 1.08931216323674 -0.440553884935473 1.59041036758561 0.568216420090598 0 0 229 0 0 0 0 0 0 0 0 0 0
1 -0.0636808116650976 1.39200683053153 -0.633290780214409 0.342888314080043 -0.130942408234778 1.0010471925662 0 0 230 0 0 0 0 0 0 0 0 0 0
1 -1.20838230913479 -0.242218847683225 -0.443403396685425 -0.30087934237656 -0.30226981561782 -1.64985241204848 0 0 231 0 0 0 0 0 0 0 0 0 0
1 -0.383550643676606 -0.478700896918246 -0.516549935797947 -0.936670367932861 -1.91285372770149 0.637647902637822 0 0 232 0 0 0 0 0 0 0 0 0 0
1 1.44997828908852 0.317573339011269 0.274149438095088 -0.455545086809533 0.0105177775302642 -1.56237859519587 0 0 233 0 0 0 0 0 0 0 0 0 0
1 -0.0068637432349437 -0.782376183957477 0.353511252814262 -1.1920839439023 -1.41945462096026 -0.117256882493087 0 0 234 0 0 0 0 0 0 0 0 0 0
1 -0.0852929834697701 0.543716952442887 1.0276742126225 -0.754272528319756 -0.387794212856058 -0.882735436142949 0 0 235 0 0 0 0 0 0 0 0 0 0
1 1.97332990976621 0.7423629309957 0.431101471698617 0.242052122837236 -0.140815860180681 0.281252017437588 0 0 236 0 0 0 0 0 0 0 0 0 0
1 0.10043914158832 -0.59726099321099 0.525684959260422 0.891589255571777 0.490545008642226 1.53272123779588 0 0 237 0 0 0 0 0 0 0 0 0 0
1 -0.152661176085573 0.365024397316318 0.0733446478893614 0.536587320654951 -0.664094439886368 1.44482351661327 0 0 238 0 0 0 0 0 0 0 0 0 0
1 0.873812917600272 -0.671123154998156 0.308208595150473 -0.16361816297502 -1.1940934411351 0.577009587460219 0 0 239 0 0 0 0 0 0 0 0 0 0
1 0.0496169472941229 0.452504634219079 0.345211522833677 -1.37757982122883 0.370578087085251 -0.222840282780439 0 0 240 0 0 0 0 0 0 0 0 0 0
1 -0.278110209233567 1.19892749695833 0.317268682626431 -0.717254854276674 1.32400486262556 -2.04396488722839 0 0 241 0 0 0 0 0 0 0 0 0 0
1 0.0948501926734916 0.421976238782623 0.376627186318593 -1.27612369951359 0.264308112230874 -1.27320965450962 0 0 242 0 0 0 0 0 0 0 0 0 0
1 0.29310654464822 -0.161055277850678 0.317380547584714 -1.68069062940865 -1.88670869195137 0.350707308056468 0 0 243 0 0 0 0 0 0 0 0 0 0
1 -1.23303085133057 0.692485860672927 0.649423001873035 1.40667037118786 0.436931104329137 -1.21313353547213 0 0 244 0 0 0 0 0 0 0 0 0 0
1 0.868377487493851 -0.338907672986838 -0.367978578377933 1.81710377811892 0.0579348379126981 0.952703658698172 0 0 245 0 0 0 0 0 0 0 0 0 0
1 0.0184532266115179 -0.0641735302706342 0.840745302873886 -1.15012509327881 0.627230785518367 -0.771223488113631 0 0 246 0 0 0 0 0 0 0 0 0 0
1 0.692919199322373 0.530455591820259 -1.37785488092379 -1.89626678767182 -0.307175295060062 0.550482638935711 0 0 247 0 0 0 0 0 0 0 0 0 0
1 0.065824405249179 -0.281144789955379 0.438872388377639 -0.595410337277335 0.401547971875179 0.188799170044376 0 0 248 0 0 0 0 0 0 0 0 0 0
1 -0.407490330402036 -0.398203255120641 0.305638831472175 1.60057003296653 -0.541634091683476 1.84284399992614 0 0 249 0 0 0 0 0 0 0 0 0 0
1 0.172953240425753 0.266734510195357 0.37845294125716 -0.0290224523293099 -0.621434783320569 1.79734646477661 0 0 250 0 0 0 0 0 0 0 0 0 0
1 0.332818764253949 -0.0056502894391337 0.782584043571152 0.135997229883443 -1.35786833686292 -0.885844753846468 0 0 251 0 0 0 0 0 0 0 0 0 0
1 1.64682357021742 -3.06178517597723 -0.65421059454094 -0.884174088280311 -0.0310383220985693 -0.29522352415109 0 0 252 0 0 0 0 0 0 0 0 0 0
1 0.445584834390883 1.23365480801335 -0.741078056772382 -2.30188224215964 -0.095165487823343 -0.213344107097074 0 0 253 0 0 0 0 0 0 0 0 0 0
1 0.700570924789358 0.307109096311062 -0.711214251690455 -1.52640658811899 -1.05580436697682 0.413908382861254 0 0 254 0 0 0 0 0 0 0 0 0 0
1 -0.586150742121493 -0.952588238794339 -0.64627413586357 -0.164480068288921 0.182046096261042 0.841334017772292 0 0 255 0 0 0 0 0 0 0 0 0 0
1 -0.332048288633134 0.71425920014053 -0.498141766409258 0.359779651105132 2.26993141540927 1.62788160097398 0 0 256 0 0 0 0 0 0 0 0 0 0
1 0.72042497923314 -0.304979319400847 -3.00720320231132 -1.12464883101612 -1.52011708475843 0.610117500063315 0 0 257 0 0 0 0 0 0 0 0 0 0
1 -0.589197186326969 -0.502062659793893 0.075455300027802 0.145476721682777 0.608462495530837 -0.546793474396431 0 0 258 0 0 0 0 0 0 0 0 0 0
1 0.0878000032772588 -0.0171471383029842 0.502034635641835 -0.686455541404547 1.13743091259509 1.79335739657226 0 0 259 0 0 0 0 0 0 0 0 0 0
1 -1.21568558262982 0.166502999040662 4.34107929147287 0.104924324270276 -0.463777511130141 -0.681395833213411 0 0 260 0 0 0 0 0 0 0 0 0 0
1 0.660364782175164 -0.658625794845349 0.0496739347826282 1.90165271162684 1.52544297469579 0.0949491743455274 0 0 261 0 0 0 0 0 0 0 0 0 0
1 -0.422977389093004 -0.181987248421686 0.399794032335292 0.823713920842835 2.350547899765 -0.683071283450009 0 0 262 0 0 0 0 0 0 0 0 0 0
1 0.371170717950521 0.144341821234573 -0.0651400440734003 -0.711230555405903 -1.58404917758207 0.197231787911664 0 0 263 0 0 0 0 0 0 0 0 0 0
1 -0.0319824239676351 0.0316554843254915 1.34217227480985 -0.572078990490694 0.681390041682084 0.28338370553213 0 0 264 0 0 0 0 0 0 0 0 0 0
1 -0.418893848395232 0.380996495340898 0.142809303863372 -1.9327749566665 1.09686032693812 0.870577150336682 0 0 265 0 0 0 0 0 0 0 0 0 0
1 1.55543316501057 -0.180372004500362 0.166016534637907 1.11411799697763 -0.55835309349624 -1.47964798432106 0 0 266 0 0 0 0 0 0 0 0 0 0
1 0.556658326708101 -0.626387650854243 -0.231288880430665 -0.429006915386192 0.964996799630371 -0.586750472067037 0 0 267 0 0 0 0 0 0 0 0 0 0
1 -0.0469225209837984 -0.428569777047516 0.434108361081978 0.0363194697769683 0.894491215442412 -2.38608104818816 0 0 268 0 0 0 0 0 0 0 0 0 0
1 0.901931653131189 2.38733992542583 2.91356450385794 -0.495021331055122 -0.0448611760968173 -0.517331868019592 0 0 269 0 0 0 0 0 0 0 0 0 0
1 0.571344447667796 -0.145706747329952 -0.0386456220025741 -2.26804291561323 -0.466187315977676 0.802179153883546 0 0 270 0 0 0 0 0 0 0 0 0 0
1 0.11308741253919 0.279074265379951 -0.243710332748941 0.722935652925354 -1.90182215644111 -0.571087361396277 0 0 271 0 0 0 0 0 0 0 0 0 0
1 -0.0595424662282804 -0.621028491355816 -0.715008220563396 -1.58747546830369 0.137105609912794 0.913684105366686 0 0 272 0 0 0 0 0 0 0 0 0 0
1 -0.933433007284382 -0.382610848829705 -0.283721271586668 0.383976581770018 -1.00682710525464 -1.05013943434519 0 0 273 0 0 0 0 0 0 0 0 0 0
1 1.86529803549885 -2.63569757803126 -0.402925122569312 -0.322423145064171 -0.319128267811305 0.0903824273106386 0 0 274 0 0 0 0 0 0 0 0 0 0
1 -0.11324936961045 0.537735084900789 0.304897667125703 -0.640386542817267 -3.27783472801135 -0.655856095745351 0 0 275 0 0 0 0 0 0 0 0 0 0
1 0.853679416550713 -0.0380286473252375 -0.200200223317775 -0.0481718909549451 1.23334107290152 -1.66881728039567 0 0 276 0 0 0 0 0 0 0 0 0 0
1 0.062852229591554 0.107697589713716 0.463123033046574 -1.24735820799615 0.757239032784991 0.416949305994783 0 0 277 0 0 0 0 0 0 0 0 0 0
1 0.948574292527319 -0.320311151534939 0.427557626534345 -0.428528606845366 -1.04314509811468 0.361736346934997 0 0 278 0 0 0 0 0 0 0 0 0 0
1 -0.283982451021842 -0.184810633366367 -0.864664747637408 1.53697600132853 2.19496814839832 -1.0932917760704 0 0 279 0 0 0 0 0 0 0 0 0 0
1 0.802909307318571 0.451133598908726 -0.0440091913988396 0.613355849470045 0.378522545028778 -1.90662675176287 0 0 280 0 0 0 0 0 0 0 0 0 0
1 1.82285868621834 0.0456617102901083 -1.25841213432652 0.475106978394619 0.549149530353694 -0.23197350858801 0 0 281 0 0 0 0 0 0 0 0 0 0
1 -0.0130690407073598 0.0897175373207992 0.0517424185431493 -0.988957064433212 -1.38317770686678 -1.77675431104811 0 0 282 0 0 0 0 0 0 0 0 0 0
1 0.886481905481312 -1.50191029998344 0.438932101226146 -0.863085509766976 0.146235041630387 -1.05873882334189 0 0 283 0 0 0 0 0 0 0 0 0 0
1 0.0742066189659043 0.127843464098115 -0.0034439256441356 0.600807243445001 1.7292780343818 -0.482424306531934 0 0 284 0 0 0 0 0 0 0 0 0 0
1 -0.76402101970964 0.391070208275184 0.375969998530921 -0.258419682848599 -0.273562935767208 -1.07080467930586 0 0 285 0 0 0 0 0 0 0 0 0 0
1 0.715094295364556 0.264512633324696 0.745388604649271 -0.798281215464433 -0.416747914787075 1.31756743180079 0 0 286 0 0 0 0 0 0 0 0 0 0
1 -2.00510987504153 2.22929443801017 0.211874478261999 0.12521082019461 0.280679156382423 0.977778664208811 0 0 287 0 0 0 0 0 0 0 0 0 0
1 0.350761221060121 -0.514836378408866 -0.59792656604399 0.354342224386074 0.292001433892493 -0.361128884224663 0 0 288 0 0 0 0 0 0 0 0 0 0
1 -0.0652148995978705 0.375237242141786 0.360178509862334 0.980486623431624 -2.45251559307742 0.887042968730576 0 0 289 0 0 0 0 0 0 0 0 0 0
1 -0.55748917243577 0.194484786853089 -0.197955259959499 -1.62012542275022 1.66319174088248 0.725524522033766 0 0 290 0 0 0 0 0 0 0 0 0 0
1 -1.27296678431428 -0.0254783623659423 -0.767519782271726 0.686319791228818 -0.653256603272971 0.519330409923661 0 0 291 0 0 0 0 0 0 0 0 0 0
1 -0.0108666751585579 -0.470819023754598 -0.0396372683450624 -0.232861628271167 -1.23973109574196 -0.199929289320322 0 0 292 0 0 0 0 0 0 0 0 0 0
1 0.0485314824736055 -0.18087865891309 0.12617079937286 0.733871664710399 0.0348573704578124 3.14272849003249 0 0 293 0 0 0 0 0 0 0 0 0 0
1 0.304111979136369 -0.28365816069811 -0.169647207731389 2.02426707268544 -0.0789951420603771 2.14167111970632 0 0 294 0 0 0 0 0 0 0 0 0 0
1 0.480688575827567 -0.112817524971539 -0.328693910977581 0.438168521156116 0.171166507548828 0.127143561768174 0 0 295 0 0 0 0 0 0 0 0 0 0
1 0.307294814049043 -0.328651121079031 0.5536445272959 0.353772626973022 -1.36064417359787 1.36748326072092 0 0 296 0 0 0 0 0 0 0 0 0 0
1 1.09631235244894 0.21593151288091 -0.992637573925918 0.285356917917605 -1.40274389977413 0.721203322886483 0 0 297 0 0 0 0 0 0 0 0 0 0
1 1.84920554873579 -2.82137404504029 -3.36478531483453 -0.338717835037634 -0.860157022785419 0.567110305165282 0 0 298 0 0 0 0 0 0 0 0 0 0
1 -0.216791348026747 -0.0023410858085031 -0.0925694614829795 0.675362326263988 -0.937500778589357 -1.47269602170363 0 0 299 0 0 0 0 0 0 0 0 0 0
1 0.109845573447855 -0.0507900754220047 -0.389422626345345 1.96111741435173 0.11526380304272 -1.61759105681209 0 0 300 0 0 0 0 0 0 0 0 0 0
1 2.78475894366588 -0.45019320773189 1.06159984555467 -0.327654215535135 -0.699386150546116 1.17715927923217 0 0 301 0 0 0 0 0 0 0 0 0 0
1 -1.89906512566185 2.45220609136201 -1.25959074402555 -0.393303615418632 0.168390309401033 1.02985598599527 0 0 302 0 0 0 0 0 0 0 0 0 0
1 0.37268014407235 -0.743317515206203 0.937677072741086 0.728468894126506 2.15714603454373 -0.174703022168401 0 0 303 0 0 0 0 0 0 0 0 0 0
1 0.465645367357087 0.155150440869813 1.67207189135621 -1.85745504464205 -0.0670890807976339 0.244382282478621 0 0 304 0 0 0 0 0 0 0 0 0 0
1 0.763574019181336 0.310418837984078 0.0432177281370423 0.129357659019028 1.75809369986319 -1.05941447659628 0 0 305 0 0 0 0 0 0 0 0 0 0
1 0.559538621975306 1.41118889205817 -0.0556604562094381 -0.853511349067313 0.589360889625081 1.24124420285961 0 0 306 0 0 0 0 0 0 0 0 0 0
1 -1.66876737890094 -0.440882439754296 0.444939306691396 0.959240626579998 0.710369126027177 -0.190930995551978 0 0 307 0 0 0 0 0 0 0 0 0 0
1 -0.0834510559630075 0.72880456227966 0.626665544560166 -0.199038807547409 -1.082281639164 -3.0852754464303 0 0 308 0 0 0 0 0 0 0 0 0 0
1 0.472375084348262 -0.294861792128815 -0.613508626310928 0.6034800599481 -2.05478730927662 0.399763141665823 0 0 309 0 0 0 0 0 0 0 0 0 0
1 0.243517521388864 0.159912206454151 -0.0936305186648003 -0.850000121925282 -0.106852655645082 0.0672152838541309 0 0 310 0 0 0 0 0 0 0 0 0 0
1 -0.803071453786468 -1.02884586686071 1.69520965191771 -0.69093033612702 -0.769040957369827 0.658572045166956 0 0 311 0 0 0 0 0 0 0 0 0 0
1 0.221056441316919 -0.921567543473884 1.01942430856731 -1.48424048917714 -0.257807754734767 1.01918989277546 0 0 312 0 0 0 0 0 0 0 0 0 0
1 -0.495671624572348 -1.21437834995465 0.179317010674762 -0.364921211351586 -0.322229960155592 -2.07421145475296 0 0 313 0 0 0 0 0 0 0 0 0 0
1 -0.128645960839085 0.651421122126768 -0.289417153272633 1.75368055673626 0.408509270753338 -0.566264273850871 0 0 314 0 0 0 0 0 0 0 0 0 0
1 0.54413584291762 -0.291694514315318 0.106381681804576 0.0317911840940402 0.909109896523387 0.830004151861432 0 0 315 0 0 0 0 0 0 0 0 0 0
1 -0.165320930138347 -0.155674958671952 0.750389625395077 1.70486587003942 -0.484155174777265 -1.78831160711017 0 0 316 0 0 0 0 0 0 0 0 0 0
1 -0.811367666112163 -0.15174018652242 0.172643857220101 -0.304553053208925 2.16053536409094 1.56037360627213 0 0 317 0 0 0 0 0 0 0 0 0 0
1 0.462690118442662 0.122390775385545 0.0226127919068328 0.0955129917209428 0.481849911436584 0.466647729157529 0 0 318 0 0 0 0 0 0 0 0 0 0
1 -0.75722586328508 0.0160459163159431 0.94405942652396 1.90570190539717 0.429414662998421 1.1236594842314 0 0 319 0 0 0 0 0 0 0 0 0 0
1 2.41579999622896 -2.79798737778623 0.448231058418159 0.243071955735666 -0.419430653658235 -1.43299977476082 0 0 320 0 0 0 0 0 0 0 0 0 0
1 -0.055326156978456 -1.05184939564968 0.567489819102088 0.0282215160512501 -1.79166430760591 -0.696888937194668 0 0 321 0 0 0 0 0 0 0 0 0 0
1 0.200299809479849 0.576365509643713 -0.381781240053952 0.360732250498537 0.611945599721947 2.10549344314288 0 0 322 0 0 0 0 0 0 0 0 0 0
1 0.0974399606460643 0.0198234352581464 0.159456458406709 -1.51322954207212 -1.25423709543152 -0.717595947527696 0 0 323 0 0 0 0 0 0 0 0 0 0
1 -0.255259577986063 -0.531749445577014 -0.198398626151582 0.652064257831919 -0.0707483419811133 -1.00103348165479 0 0 324 0 0 0 0 0 0 0 0 0 0
1 -0.848910882789349 0.904077789649997 1.12741443257007 -0.960536326551218 1.03046933697742 -0.85316655446793 0 0 325 0 0 0 0 0 0 0 0 0 0
1 0.321504717959006 0.36646535969626 1.42700367947481 0.0184160921064566 0.726384428847852 1.81651709192443 0 0 326 0 0 0 0 0 0 0 0 0 0
1 0.435340767788131 -2.28339622353418 -0.650146281207743 -0.300787665880788 0.717232435021298 -0.98487690171562 0 0 327 0 0 0 0 0 0 0 0 0 0
1 0.274475146944568 0.0721856888564814 0.390791581821198 -0.61572749159229 -0.45776153332964 0.685867430473508 0 0 328 0 0 0 0 0 0 0 0 0 0
1 0.408554975933486 -0.84525127933733 0.71712441129382 1.99208799641979 0.799301094551207 -1.23388185802841 0 0 329 0 0 0 0 0 0 0 0 0 0
1 -0.274288133220449 -0.918962288530863 0.495854028540964 -0.0238386611250451 0.68794802852399 -0.018806234894082 0 0 330 0 0 0 0 0 0 0 0 0 0
1 0.328189542508019 -0.151245217101738 -0.294972600905508 1.11291773216884 -0.67512847185963 2.02924969415241 0 0 331 0 0 0 0 0 0 0 0 0 0
1 0.331216693855875 0.531150559798667 -0.0723474859097016 0.540885792322479 -0.559457662448617 -1.2918354628892 0 0 332 0 0 0 0 0 0 0 0 0 0
1 0.270778155105965 0.37544151601891 0.461978400325363 -2.10646717189018 0.00335163832520625 1.42031498907441 0 0 333 0 0 0 0 0 0 0 0 0 0
1 -0.508997030526711 -0.469813374577856 -0.81125480501077 -0.691459560093345 0.507707943428991 -0.197015986541878 0 0 334 0 0 0 0 0 0 0 0 0 0
1 0.150745693996623 -0.495748975420973 1.59971083962227 0.44575424439047 -1.83434877870126 -0.948679744551673 0 0 335 0 0 0 0 0 0 0 0 0 0
1 -0.914654912004918 -0.387400159217339 -0.48766763169171 -0.765516707497498 0.832284233620732 2.0921337900647 0 0 336 0 0 0 0 0 0 0 0 0 0
1 0.0605784802927944 -0.0301294453950068 0.0551266603202156 -1.14267217939496 -1.58558595037177 0.790544538821657 0 0 337 0 0 0 0 0 0 0 0 0 0
1 -0.0449136489059606 0.173117381612869 -0.0830581115234428 1.08820780036295 1.50389996570322 -0.452709187647802 0 0 338 0 0 0 0 0 0 0 0 0 0
1 -0.011507904686781 0.157234900089746 1.6604514427381 0.264085669224847 -1.19999595259431 -0.148969784079615 0 0 339 0 0 0 0 0 0 0 0 0 0
1 0.261583703322666 0.188369567075219 -0.243107134441978 0.165310164126727 0.366685322246668 -0.483755474583449 0 0 340 0 0 0 0 0 0 0 0 0 0
1 -0.0866015310896603 0.428130986394577 0.398252317847474 1.68285879142997 0.461788456890113 2.62442480520171 0 0 341 0 0 0 0 0 0 0 0 0 0
1 -0.254091750085843 0.676686774583716 0.207292672236956 -0.517616938848104 -0.409937621943477 1.32764941952514 0 0 342 0 0 0 0 0 0 0 0 0 0
1 -0.190734862659893 0.466910740303423 1.27495128669277 -1.99345836455465 1.26786699338141 0.113163896732298 0 0 343 0 0 0 0 0 0 0 0 0 0
1 0.933527142827484 -0.197107572648989 -0.124200430085695 -0.623686861786948 0.387322412059283 -0.969566947263331 0 0 344 0 0 0 0 0 0 0 0 0 0
1 0.308723231585223 -0.723923733779589 -0.580610199134294 0.108406563362568 -0.0198675796562089 -1.38552078877154 0 0 345 0 0 0 0 0 0 0 0 0 0
1 0.0872749665153653 -0.100407222465952 0.370957832673237 0.0107650478857683 -3.33400207257695 -0.923882694615555 0 0 346 0 0 0 0 0 0 0 0 0 0
1 -0.49263610250696 -0.0472383486852197 0.0668127936808095 -1.03915331027332 -1.1995571179659 -1.06632704047619 0 0 347 0 0 0 0 0 0 0 0 0 0
1 0.0268765994103685 -0.204573529614671 0.0144321900442052 1.45869364959853 -0.0920365098599656 1.06301353537007 0 0 348 0 0 0 0 0 0 0 0 0 0
1 0.442370303409483 -0.343781004772869 0.352934885886066 -0.70909411491271 1.11083810241983 0.00383648683032585 0 0 349 0 0 0 0 0 0 0 0 0 0
1 0.488013086839853 -1.05494865126002 1.63615391311503 0.662092806108443 1.11271442566913 -0.197526593027517 0 0 350 0 0 0 0 0 0 0 0 0 0
1 -0.741395514122453 0.155012076783184 0.323357184385395 -0.799227546626929 -0.29117891475449 -0.295017749203819 0 0 351 0 0 0 0 0 0 0 0 0 0
1 -0.169381464670896 -0.350388980047048 -0.221120416581887 -0.403260930143525 0.916747382120646 0.731701906991275 0 0 352 0 0 0 0 0 0 0 0 0 0
1 -1.38783807493585 2.10230749831269 0.880777633282568 -0.293828745331885 -0.204837105308956 -0.669250554056798 0 0 353 0 0 0 0 0 0 0 0 0 0
1 -0.132657174208576 0.400353241750384 -0.849254414859035 -0.452100777470383 -0.00214311328625848 -0.179872415616852 0 0 354 0 0 0 0 0 0 0 0 0 0
1 -0.108241101653833 0.12099339424514 1.20416027728044 0.0283553075074549 0.146609891335314 -1.75611407584536 0 0 355 0 0 0 0 0 0 0 0 0 0
1 -0.582909603005506 -0.162362649248326 -0.216625977483818 -0.310817762423005 -2.47699111569157 -0.364708971442339 0 0 356 0 0 0 0 0 0 0 0 0 0
1 0.709354973412048 -1.42096818527723 -0.427509873852082 -1.01685407875448 -0.644194798436675 0.724538419170396 0 0 357 0 0 0 0 0 0 0 0 0 0
1 0.0741700769566568 -0.212403676890298 0.114670915557283 -0.930176374753737 -0.823025019680605 -1.73632018174819 0 0 358 0 0 0 0 0 0 0 0 0 0
1 1.11095613182087 0.229773510202436 -1.44217045517466 -0.00562236821650236 1.22335259821157 -0.94682349548242 0 0 359 0 0 0 0 0 0 0 0 0 0
1 -0.751244934170571 0.541016320980132 -1.13360936871077 0.0416973102491405 -0.513860513953272 1.16193517626375 0 0 360 0 0 0 0 0 0 0 0 0 0
1 -0.298581734168535 -0.304677317542646 -0.22982316523296 1.70676484809752 -0.115068625194959 0.927682873360269 0 0 361 0 0 0 0 0 0 0 0 0 0
1 -0.387835879843748 -0.236366423674283 -0.683006705582239 -0.626221895120985 0.544151276308738 0.380049530000183 0 0 362 0 0 0 0 0 0 0 0 0 0
1 -0.0780100135141241 -0.19025735751589 -0.118292338181175 1.87834090949043 0.73854493137014 -1.33231113914824 0 0 363 0 0 0 0 0 0 0 0 0 0
1 0.682803989817647 0.85183020280239 -0.708231193333643 0.988704760310479 -0.224504212989261 -0.54736817296368 0 0 364 0 0 0 0 0 0 0 0 0 0
1 0.0717182324981933 -0.50443832013215 -0.233369771529232 -1.11408627085247 -0.211280210902216 -1.12794787399873 0 0 365 0 0 0 0 0 0 0 0 0 0
1 0.396950109294426 -0.16715462844208 0.406926183503156 -0.621457674371364 -0.661956762857654 1.14707874550116 0 0 366 0 0 0 0 0 0 0 0 0 0
1 2.72467530747814 -0.228117355451307 -0.568396870144076 -0.268006680353425 0.57542458655131 0.011798731860329 0 0 367 0 0 0 0 0 0 0 0 0 0
1 0.317224611700637 0.779037067044543 0.0173624428546356 -1.10309932991173 -0.438897274195744 0.811140156838855 0 0 368 0 0 0 0 0 0 0 0 0 0
1 0.382916050360256 0.0342922404309493 0.233651050549119 2.67147617922318 -1.63407993867784 1.1014866016641 0 0 369 0 0 0 0 0 0 0 0 0 0
1 -0.887487028853251 0.306152771044109 0.0885015339522533 0.316113180894564 0.603378904968067 1.37816648378162 0 0 370 0 0 0 0 0 0 0 0 0 0
1 -0.434211481655069 -0.116951267344181 -0.142597006886918 -1.8676030572544 0.656934344531098 1.43444435304496 0 0 371 0 0 0 0 0 0 0 0 0 0
1 0.52328114058227 0.0690296278294885 -0.955829106990476 0.799274505965953 0.203579947025282 0.390647918004696 0 0 372 0 0 0 0 0 0 0 0 0 0
1 -1.31420395908845 0.911642674735904 -0.50810262065645 -0.704592721864325 1.16265266904236 0.247114841320378 0 0 373 0 0 0 0 0 0 0 0 0 0
1 -0.652204936364932 -0.502727140223959 -0.264243632220723 0.479916774954824 -0.375060470941082 -1.70480222886768 0 0 374 0 0 0 0 0 0 0 0 0 0
1 -5.30215335547835 2.33263835922694 -3.90363349781433 0.680832869113583 -0.0252770022482677 -0.247380692457069 0 0 375 0 0 0 0 0 0 0 0 0 0
1 -0.891080952515357 -0.24267138460519 -0.273658947391521 0.569121571577942 -0.00771387645071496 1.18990765147935 0 0 376 0 0 0 0 0 0 0 0 0 0
1 -0.410169586204486 -0.322198741618611 0.152930526659272 1.08199165315953 -2.77214696636153 -2.14603413427179 0 0 377 0 0 0 0 0 0 0 0 0 0
1 0.860344348734797 0.238219635682197 0.910117882075135 -0.3249505875673 0.407217901757681 -0.428774506539664 0 0 378 0 0 0 0 0 0 0 0 0 0
1 2.12371987731161 -1.24743310107827 -0.386647644830303 -0.739856460841252 0.125358018865672 -0.538270689535898 0 0 379 0 0 0 0 0 0 0 0 0 0
1 0.765896678000029 -0.221469402284704 -1.03144671043807 0.458198910548527 -0.350409530826109 0.0325119665076867 0 0 380 0 0 0 0 0 0 0 0 0 0
1 -0.543366609570623 -0.67910055964354 -0.304344130273043 -0.756728950175752 -0.518928623488625 -0.218364231192714 0 0 381 0 0 0 0 0 0 0 0 0 0
1 0.607699388724294 0.17841260193376 0.568329961003231 0.625173445854826 -1.11185945362373 -1.20289174616055 0 0 382 0 0 0 0 0 0 0 0 0 0
1 -0.240746262296054 0.212175845184167 -0.478514271963451 -0.485390485181249 0.576107340718261 0.0936916360267629 0 0 383 0 0 0 0 0 0 0 0 0 0
1 0.504061696357716 -0.315290952404103 2.64125027659765 -0.110263164805058 0.26852511719923 -1.09338928183172 0 0 384 0 0 0 0 0 0 0 0 0 0
1 0.358431620664274 0.0602874959504957 -0.629125962131103 -1.51652570001835 0.45922984336458 0.110619634727822 0 0 385 0 0 0 0 0 0 0 0 0 0
1 -0.206406396095285 -0.603212190140153 -0.0715441367985843 -0.758196464688756 1.1723186760423 -1.49103837431849 0 0 386 0 0 0 0 0 0 0 0 0 0
1 -0.0885106625706964 0.423053660794048 0.6411185122243 -0.504880291349943 1.53844666072691 -0.0603416634487137 0 0 387 0 0 0 0 0 0 0 0 0 0
1 0.846583880319912 2.19412454301976 0.89040226662578 -2.20215850085705 -0.373053325682926 0.180921035998418 0 0 388 0 0 0 0 0 0 0 0 0 0
1 0.455770874580338 0.175685958528697 0.286756413076995 -0.634770955447661 -1.21548784029784 3.12995937153428 0 0 389 0 0 0 0 0 0 0 0 0 0
1 -0.86505629785519 1.02662663146105 -0.0372369915061644 -0.284621163809661 -0.294116078161389 0.38942359445221 0 0 390 0 0 0 0 0 0 0 0 0 0
1 -0.650297970550162 1.37254371956658 0.34943923380043 0.435001601035555 -1.56722599274553 -1.29622436554497 0 0 391 0 0 0 0 0 0 0 0 0 0
1 -0.198588461008273 0.79896682233685 0.405470472581125 0.69574636315903 0.58484147400872 -0.839488762334116 0 0 392 0 0 0 0 0 0 0 0 0 0
1 0.0827429071371374 0.233545873485368 0.602330994322083 -0.37947236541005 -0.375436392183764 -0.828423822314535 0 0 393 0 0 0 0 0 0 0 0 0 0
1 1.70259418487809 0.039657291723212 -0.741034586082586 -1.71953107867519 0.372564899383184 0.248002518428887 0 0 394 0 0 0 0 0 0 0 0 0 0
1 -0.471598654257183 1.87513116523898 -0.113631858119187 -0.339645866973202 0.601520240868625 1.15000702669128 0 0 395 0 0 0 0 0 0 0 0 0 0
1 0.721691692508605 0.351984506007173 0.243553567833108 1.62844547339724 1.61744357752758 -0.0791778218604988 0 0 396 0 0 0 0 0 0 0 0 0 0
1 0.299065206222982 -0.761008644673948 -0.411597047810876 0.46952733696501 1.06359991896309 -0.74321179342928 0 0 397 0 0 0 0 0 0 0 0 0 0
1 0.965626470000613 0.210506394219201 -0.294910160183843 -0.651810298199767 0.0651221470447352 -0.714077853650987 0 0 398 0 0 0 0 0 0 0 0 0 0
1 1.66571162723055 3.13124703244104 -4.41337640733923 -0.100852797068587 -0.653144733303318 -0.559433022696578 0 0 399 0 0 0 0 0 0 0 0 0 0
1 0.625029237763342 1.12352774312265 -0.252769220119811 -0.0437325190303057 -0.960586056699319 -0.848826069920901 0 0 400 0 0 0 0 0 0 0 0 0 0
1 -0.176164719798517 0.366182199289038 0.0381650031292579 -0.98055354490149 1.93325531171327 -1.72070747710597 0 0 401 0 0 0 0 0 0 0 0 0 0
1 0.562435136836403 -0.191487761536796 -0.511226392813535 -0.17127786181248 1.97208411836757 -0.938221677548075 0 0 402 0 0 0 0 0 0 0 0 0 0
1 -0.0992417756678277 -0.0048601046976365 0.0539752124586135 1.07674597446636 -1.49355910581942 -0.171654692771888 0 0 403 0 0 0 0 0 0 0 0 0 0
1 1.23422181688989 -0.395946223754177 -0.300755104720002 -0.782300169087233 -0.42436592943675 -1.26372722206962 0 0 404 0 0 0 0 0 0 0 0 0 0
1 0.0182125530256396 -0.324443706022813 0.354140910553593 -2.3440645104185 -1.31413522679344 0.798938960723827 0 0 405 0 0 0 0 0 0 0 0 0 0
1 0.240767840313194 -0.210362217295811 -0.172003983196863 2.96737976528159 0.0804599655877472 -0.761312037845493 0 0 406 0 0 0 0 0 0 0 0 0 0
1 0.481806773634243 -0.876016387346316 -0.0186248307395597 1.13894069931092 0.313605206068728 0.969452628442865 0 0 407 0 0 0 0 0 0 0 0 0 0
1 -1.66645598400704 0.213989779151815 0.0359668564142841 -0.696735708382412 0.377624818710063 0.306398914898273 0 0 408 0 0 0 0 0 0 0 0 0 0
1 0.340090664381422 -0.386137808772115 -0.364291903027877 -0.464698754082426 -0.461249928603278 0.454280838084135 0 0 409 0 0 0 0 0 0 0 0 0 0
1 0.155975790951229 -0.0867113638985846 0.0735835023686394 0.0916725507280825 -1.0434285377843 0.263497225735364 0 0 410 0 0 0 0 0 0 0 0 0 0
1 0.0165702035735566 0.167556601439103 -0.609853764966857 -0.779138674861701 -1.41168410523564 1.08569908172438 0 0 411 0 0 0 0 0 0 0 0 0 0
1 -1.4125865145092 -0.638648692452424 1.67939403998245 -0.146107405763917 -1.03273437892165 0.412990111291336 0 0 412 0 0 0 0 0 0 0 0 0 0
1 0.446478217899793 1.55161274248372 1.22475386874273 0.736490920888252 -1.29521904984422 -0.690005722404269 0 0 413 0 0 0 0 0 0 0 0 0 0
1 1.40623363861775 3.45647236742892 -0.409519895888376 -0.0187846233085783 -1.03645275108179 -0.673629051066786 0 0 414 0 0 0 0 0 0 0 0 0 0
1 0.449956754320932 -0.907277188319255 0.580977131932324 -1.04053169937313 -0.996465292269987 1.62757973888194 0 0 415 0 0 0 0 0 0 0 0 0 0
1 -0.0718632841992147 -0.707727990084958 0.432043413567278 -1.01777524765856 -0.327341061010967 -0.71784183708186 0 0 416 0 0 0 0 0 0 0 0 0 0
1 -7.99301492784216 -2.52118825590612 12.6425986881716 -0.357263879561769 -0.460365072661436 0.584413508131584 0 0 417 0 0 0 0 0 0 0 0 0 0
1 -0.60965955899141 -0.421038482469323 1.14695925260286 0.161357729927291 0.23626947686131 0.767934329236777 0 0 418 0 0 0 0 0 0 0 0 0 0
1 0.210001405146983 0.157630557645513 -0.322463751547748 0.475902531469144 0.986855083090326 0.0799329802744136 0 0 419 0 0 0 0 0 0 0 0 0 0
1 0.41966626074053 3.40518820124274 1.2683138365241 -0.628434851526226 0.365821861159351 1.35110101887598 0 0 420 0 0 0 0 0 0 0 0 0 0
1 0.576078721076072 1.23621382587763 1.42486713757068 -1.26119075986196 0.0703143923013515 1.60215708543155 0 0 421 0 0 0 0 0 0 0 0 0 0
1 0.0726294509323859 -3.1612207632525 -1.03885772744907 0.0730153453820927 0.951948550110669 -0.773894737964517 0 0 422 0 0 0 0 0 0 0 0 0 0
1 -0.327027307953883 1.17314125657475 -0.321532860304698 -1.31115334720697 1.57398374559369 -0.182464531077311 0 0 423 0 0 0 0 0 0 0 0 0 0
1 0.5945002805487 1.28846601430489 0.899386727862896 -0.372068886112235 -1.01234744449049 -1.42258935873864 0 0 424 0 0 0 0 0 0 0 0 0 0
1 0.227238118400146 0.607033951097812 0.301150587691248 1.36600989971509 2.22455944514578 -1.36356500269873 0 0 425 0 0 0 0 0 0 0 0 0 0
1 -1.46829006950326 0.207533664759704 -0.0367309087451125 0.369058786838538 0.25023227952984 -0.439825323466061 0 0 426 0 0 0 0 0 0 0 0 0 0
1 0.46842568374908 0.0705391650812908 -0.529281188719614 0.445531344218902 0.546721512913688 0.539542271288775 0 0 427 0 0 0 0 0 0 0 0 0 0
1 -0.699563965733416 -0.43528358972922 -0.126109078917755 1.79248938951734 0.229170301097151 1.54641510621371 0 0 428 0 0 0 0 0 0 0 0 0 0
1 -0.336797425845236 0.0978011072337707 -0.69587876145022 0.242495960066644 -2.57163285977459 -1.06952007015686 0 0 429 0 0 0 0 0 0 0 0 0 0
1 -1.91831477811504 2.45339597249485 -0.588674089830139 -0.933747183775058 1.38354576101175 0.638921080147689 0 0 430 0 0 0 0 0 0 0 0 0 0
1 0.500767030099631 0.15732963652689 -0.494649200363474 -0.117827876983601 -0.179158079414467 0.812604386625023 0 0 431 0 0 0 0 0 0 0 0 0 0
1 -0.0205630145454345 -0.363305910911942 0.676384649588991 -0.613969144475748 0.454158547261514 -1.74148560512662 0 0 432 0 0 0 0 0 0 0 0 0 0
1 -0.866790542827508 0.7864586390776 1.71437326200224 -0.505044924085353 -1.1851005546362 1.43907359257712 0 0 433 0 0 0 0 0 0 0 0 0 0
1 0.119982745334662 2.32012688400177 1.00214157926293 0.958685679004349 0.713260809548384 -1.43579978004996 0 0 434 0 0 0 0 0 0 0 0 0 0
1 0.802694648841736 0.0974505111703612 0.0903048372862631 1.03619095227853 -0.225832850571941 0.413292660101509 0 0 435 0 0 0 0 0 0 0 0 0 0
1 -0.771879243669651 1.63268150390929 1.46953948732877 0.564511747787729 -0.269597769325592 0.0892641250046144 0 0 436 0 0 0 0 0 0 0 0 0 0
1 1.52217546897775 1.2729021563701 0.526910537491859 -0.870941890035343 0.266994565660601 -0.00395650905775804 0 0 437 0 0 0 0 0 0 0 0 0 0
1 -0.454761959640481 0.234097177761784 -0.838630446814896 0.800710036312994 -0.319099202797487 1.65532894834198 0 0 438 0 0 0 0 0 0 0 0 0 0
1 -0.18479514364954 0.916275320539328 0.337859647041934 0.0687224440381606 0.702043141281924 0.359282862210607 0 0 439 0 0 0 0 0 0 0 0 0 0
1 0.683540313821745 1.43390137922859 -1.99419893902483 -0.768595855919159 -0.303489915942312 0.00219095188201771 0 0 440 0 0 0 0 0 0 0 0 0 0
1 -0.327207938574036 1.34240999402884 0.251575490928632 0.863287014571195 -1.67372728107244 -1.38261679025849 0 0 441 0 0 0 0 0 0 0 0 0 0
1 -0.841663290379455 -0.486438789418549 0.279325093671945 -0.845596585814637 0.125291482875453 1.218432647559 0 0 442 0 0 0 0 0 0 0 0 0 0
1 0.387505428961087 -1.17857077091387 1.06903911503405 -1.12178141012485 -1.08831051004995 0.80708911837128 0 0 443 0 0 0 0 0 0 0 0 0 0
1 -4.06034258820227 -0.413113037317202 -2.67434649954425 -0.479175180065765 0.145559214248027 -0.155390417729313 0 0 444 0 0 0 0 0 0 0 0 0 0
1 -0.822919739283673 0.0598896278640003 -1.52195088758206 -1.75666027406137 0.130851568686731 0.187175968387735 0 0 445 0 0 0 0 0 0 0 0 0 0
1 0.361481651775187 -0.287380135146584 -0.667698589873921 0.82282240628326 0.320303727937319 -2.19340481526475 0 0 446 0 0 0 0 0 0 0 0 0 0
1 -0.785721238505671 0.214219316780029 -0.942392698414633 -2.48638289949912 1.08477826382066 0.9144431198993 0 0 447 0 0 0 0 0 0 0 0 0 0
1 -0.472828361697697 -0.0319669118853452 1.27740565093037 0.813583958427911 -1.28554370485256 -0.166351771890835 0 0 448 0 0 0 0 0 0 0 0 0 0
1 0.727247700131671 -1.3755510556662 0.585403225013977 -0.0917371110839865 -0.950357183965861 0.803453729683566 0 0 449 0 0 0 0 0 0 0 0 0 0
1 -0.588544424619781 -0.690832839788635 -0.825098665409418 -2.5304368321412 0.529741528686445 1.06962441147643 0 0 450 0 0 0 0 0 0 0 0 0 0
1 0.170334196769182 0.529381147728877 0.023299598570449 -0.9336429177153 -0.171382541883789 2.12556196244457 0 0 451 0 0 0 0 0 0 0 0 0 0
1 -0.313445176158959 -0.613205077199898 0.47145668834276 -1.24730505804303 -0.784935878901467 1.31451704229067 0 0 452 0 0 0 0 0 0 0 0 0 0
1 -0.0029622477685088 -0.336559989538062 0.741742602898361 -0.556305847340905 -0.65217720616654 0.458932611985645 0 0 453 0 0 0 0 0 0 0 0 0 0
1 0.0834784061135728 -1.13537117538768 -0.107188333542235 -0.426651668907807 -0.132223680983319 -0.76159199313737 0 0 454 0 0 0 0 0 0 0 0 0 0
1 -1.64942015608566 -0.462082138100722 0.625339097640766 0.858700086406073 0.127553179413999 0.869479890625478 0 0 455 0 0 0 0 0 0 0 0 0 0
1 -0.175447188114951 -0.397111751203889 2.09023449490999 0.78993553873147 0.370256827185252 0.512083414465606 0 0 456 0 0 0 0 0 0 0 0 0 0
1 -0.0692909064537861 0.254266247662542 -0.0729209562395114 1.68881663238639 1.50788308686423 -2.14762491266017 0 0 457 0 0 0 0 0 0 0 0 0 0
1 -0.333448175465481 0.832008126493025 -2.11802491945012 -0.952879117373827 -0.0940288388947105 -0.378553032447509 0 0 458 0 0 0 0 0 0 0 0 0 0
1 -0.0905572790804064 0.0705086938195711 -0.581205221583863 -1.95500921328592 -1.96571618315955 -0.46548914715988 0 0 459 0 0 0 0 0 0 0 0 0 0
1 0.506444707832999 -0.808734515668555 1.13114386567861 0.408414520635381 -0.330467281994835 -0.163668423682263 0 0 460 0 0 0 0 0 0 0 0 0 0
1 -0.441027383947353 0.0374471227432706 0.400359760885312 1.02801145518896 0.263792633640151 0.303754025735801 0 0 461 0 0 0 0 0 0 0 0 0 0
1 -0.495708485276654 -0.0145998348386162 0.366166395354085 0.949618387629575 -1.08775663738864 2.3860173578477 0 0 462 0 0 0 0 0 0 0 0 0 0
1 0.283156906487132 -0.512409556313058 0.154525344322406 0.155701507061614 -1.51948347816905 -0.989112858588077 0 0 463 0 0 0 0 0 0 0 0 0 0
1 0.163893825213957 0.140790746651446 0.343165825184978 -2.65979548708801 -1.04410897213783 0.477142193146164 0 0 464 0 0 0 0 0 0 0 0 0 0
1 -1.51784727069676 -1.63926070206093 0.574237273422731 -0.523587621791397 1.25887072850083 0.516694718976067 0 0 465 0 0 0 0 0 0 0 0 0 0
1 -1.9997131997053 0.566249406486642 1.71497073922033 -0.98946571356842 -0.293425021259059 0.415797354670583 0 0 466 0 0 0 0 0 0 0 0 0 0
1 -0.807814913807309 0.344670890584179 0.544479497236746 -0.937861641082055 0.398895881741491 -0.0358413391013851 0 0 467 0 0 0 0 0 0 0 0 0 0
1 0.0179487500858583 0.548353034844135 -0.835639436976252 0.113887557766254 2.59742014411325 -0.524341126774082 0 0 468 0 0 0 0 0 0 0 0 0 0
1 -0.256686522025882 0.580512124032655 1.30436178123027 -1.26865803217872 -0.214595688935056 -0.271609334746375 0 0 469 0 0 0 0 0 0 0 0 0 0
1 0.868803682409668 1.3223422760283 0.0973616766474202 -1.64309684281969 0.0196651252151247 1.22614979331784 0 0 470 0 0 0 0 0 0 0 0 0 0
1 -0.360583183812827 -0.409322887117295 0.553187765998597 1.66200297788027 1.3874216424822 0.574581046128117 0 0 471 0 0 0 0 0 0 0 0 0 0
1 0.309292357292835 -0.154144887793961 0.174385969179913 2.1808233675179 0.878353356546649 -0.716316605033585 0 0 472 0 0 0 0 0 0 0 0 0 0
1 -0.692515455797295 -0.33098932576189 1.24461841804691 -1.10487790823314 0.839643702206236 0.104147446713932 0 0 473 0 0 0 0 0 0 0 0 0 0
1 -1.51245602314687 -0.117090420854914 -0.754789160295467 0.86333592706534 -0.104764549914609 -1.27132243705795 0 0 474 0 0 0 0 0 0 0 0 0 0
1 -0.268557160195481 0.0420077867946407 -0.211515536292811 -2.19887480870394 0.0720104631768744 -0.490403158710927 0 0 475 0 0 0 0 0 0 0 0 0 0
1 -0.794255973155106 -0.0991828584059455 0.553171658322641 0.358909064867181 -0.864588324497253 0.399153324074973 0 0 476 0 0 0 0 0 0 0 0 0 0
1 0.150317622019877 0.605152819414579 -0.131152621949418 -0.201001213576011 -0.939133919381171 -1.92272268574136 0 0 477 0 0 0 0 0 0 0 0 0 0
1 -1.67586556698886 0.217806356735762 0.343797120923127 -0.0319649323678532 -1.58248559393404 0.0783351584590471 0 0 478 0 0 0 0 0 0 0 0 0 0
1 0.615007270100778 -0.167879073526384 -0.384501067067418 2.10949667509466 0.366625767722192 0.278751877612697 0 0 479 0 0 0 0 0 0 0 0 0 0
1 -0.230735063352145 1.04732793673318 1.09947123212986 -1.2169010909684 1.26355598383676 0.590602945698791 0 0 480 0 0 0 0 0 0 0 0 0 0
1 0.993121113413027 -0.431922642274684 -0.972148429298927 -0.56237141453983 0.738450781700676 0.322289941088634 0 0 481 0 0 0 0 0 0 0 0 0 0
1 -0.660435199002125 -0.533671066400449 -0.276084926050374 -0.280248255044459 0.105562804685415 0.0883092115163639 0 0 482 0 0 0 0 0 0 0 0 0 0
1 5.23201514335507 -2.87554773395349 -7.6007205593433 0.179107760008154 0.344155888652458 -0.572410047947955 0 0 483 0 0 0 0 0 0 0 0 0 0
1 -0.23923118748761 0.280894341123285 -0.156611630958745 -1.37908412741103 0.646499953526981 -1.12505237299527 0 0 484 0 0 0 0 0 0 0 0 0 0
1 0.502697450819826 -0.192895176240785 -0.520365981946238 -1.55604196706414 -1.50434486498538 2.16911685572607 0 0 485 0 0 0 0 0 0 0 0 0 0
1 0.121507252219738 0.637087961174305 0.0109645389756424 -1.6734064825382 -0.277620229799264 0.404553911379916 0 0 486 0 0 0 0 0 0 0 0 0 0
1 -0.809354614526929 -0.320544020297068 0.643457126691483 -1.12195231771794 1.54566882191932 0.279920792775077 0 0 487 0 0 0 0 0 0 0 0 0 0
1 -0.0190495297291342 0.808064572950402 -0.949717591938398 0.457149170589789 -1.12168927570607 -1.79331062097116 0 0 488 0 0 0 0 0 0 0 0 0 0
1 -9.95915100311733 7.5755496918507 -5.92603149509868 -0.641267929917403 -0.52259049611315 -0.150783267901846 0 0 489 0 0 0 0 0 0 0 0 0 0
1 2.81994966896949 1.46534926977747 -0.56501207712564 -1.58855309456536 0.381069548336356 0.525552021312989 0 0 490 0 0 0 0 0 0 0 0 0 0
1 0.0707997854672816 -0.200639057353689 0.0151924267919513 -1.44950885909313 0.652396040100013 0.568969041691236 0 0 491 0 0 0 0 0 0 0 0 0 0
1 1.51805969319376 -3.15485038917441 0.639174009244881 -0.665242588326105 -0.160098751399755 1.30821330298064 0 0 492 0 0 0 0 0 0 0 0 0 0
1 -0.347226844283234 0.202446849013798 -1.97770061555105 0.587685215267684 0.385516674176481 1.24540654719388 0 0 493 0 0 0 0 0 0 0 0 0 0
1 0.20202699693356 0.0027166811241065 0.242942536742264 0.0512149718301896 -0.685608564271321 1.39562832896461 0 0 494 0 0 0 0 0 0 0 0 0 0
1 -1.1425286137029 0.759586045459006 -0.0172075027296622 -1.61217508605762 0.0753782459405375 -0.557674705399762 0 0 495 0 0 0 0 0 0 0 0 0 0
1 0.782645244883393 -0.486882406565591 1.56093939464881 -0.891750189065454 1.21443860121634 -0.812158474678868 0 0 496 0 0 0 0 0 0 0 0 0 0
1 -0.163577585560987 0.0207874707304662 0.0693676137609201 1.51526203011818 -0.140376069363764 -0.727685478812593 0 0 497 0 0 0 0 0 0 0 0 0 0
1 -0.398812988568148 -0.282125569903104 -0.83300028275559 0.552309766811818 -0.775721042925182 0.761900240647181 0 0 498 0 0 0 0 0 0 0 0 0 0
1 -1.00538603122658 0.353286665345871 0.296891631087318 -0.232467552540042 -1.47822639113653 -0.387130793006776 0 0 499 0 0 0 0 0 0 0 0 0 0
1 0.305386904782867 -0.240092275889993 -0.293822775948466 -1.14407304129086 -0.592443274054043 -0.668546270093326 0 0 500 0 0 0 0 0 0 0 0 0 0
1 -0.313162158806815 0.246622483329032 -0.931826721248159 -1.89316448602962 0.438075806442939 1.6145269060218 0 0 501 0 0 0 0 0 0 0 0 0 0
1 0.0385758472952934 -0.237480094431763 -0.212056099540967 -1.42054446361018 -2.8618175320255 -0.378226549424447 0 0 502 0 0 0 0 0 0 0 0 0 0
1 0.825574954534605 -0.159843547684895 -0.304991103480362 0.117698324523391 1.60283143445975 -0.626987631863427 0 0 503 0 0 0 0 0 0 0 0 0 0
1 0.192009871251592 -0.265808700659609 -0.25794523064331 0.718741952536968 1.66924089256914 -0.598126002336848 0 0 504 0 0 0 0 0 0 0 0 0 0
1 -0.118225500390744 0.11948583627818 0.130606166635389 0.540510763986099 -1.10708876847982 0.792808241101685 0 0 505 0 0 0 0 0 0 0 0 0 0
1 0.858502957573 1.11159718420935 0.264046532663035 0.480205338052145 -0.398325504036494 -2.1132507117785 0 0 506 0 0 0 0 0 0 0 0 0 0
1 -0.83679570133529 -1.43050539360678 -0.669911506835079 -0.722199043165484 0.597752714775379 -0.774663600383263 0 0 507 0 0 0 0 0 0 0 0 0 0
1 1.24093422626951 0.407236484723814 -0.126007660453917 0.466994374299474 -0.372257752091803 -1.2783310234192 0 0 508 0 0 0 0 0 0 0 0 0 0
1 0.299496447409819 -0.096397937595012 0.0524016230342538 -2.19056517750924 -0.713850458737792 0.389155841918139 0 0 509 0 0 0 0 0 0 0 0 0 0
1 -0.243261435208954 -0.166957475784154 -0.533495706626795 -1.23731958785086 -1.87164892933195 2.37294080013969 0 0 510 0 0 0 0 0 0 0 0 0 0
1 0.0550587417020869 -0.696627115075229 0.714957359048228 0.681074391935754 -1.173729715367 0.570428791016287 0 0 511 0 0 0 0 0 0 0 0 0 0
1 -0.132136412333948 -0.440585296177524 0.162268864865481 1.73904740516379 0.221449966024984 2.22953552457263 0 0 512 0 0 0 0 0 0 0 0 0 0
1 0.293784967080672 0.937601032800912 1.08541075985462 0.52444417863723 -1.02501708758698 0.726227358780787 0 0 513 0 0 0 0 0 0 0 0 0 0
1 0.0312451764506938 -0.422744580370563 1.88003891682049 -0.329972020348798 0.156990267971467 0.746627238284175 0 0 514 0 0 0 0 0 0 0 0 0 0
1 3.34335207841617 0.656409517963671 1.50398996559976 -1.03929078739725 -0.727942550399923 0.554613838568448 0 0 515 0 0 0 0 0 0 0 0 0 0
1 0.480319784872396 0.110443622678331 0.0043969392660869 0.350696393760279 2.20986397052384 1.26495134745298 0 0 516 0 0 0 0 0 0 0 0 0 0
1 -0.16685971282847 0.134612271887627 -0.577622900915381 -1.22798422453911 -2.36220698174847 0.433353521784594 0 0 517 0 0 0 0 0 0 0 0 0 0
1 0.0372005724813649 -0.778813713468636 0.814380351514776 0.453851960285598 -1.27425933950839 -1.03426098697049 0 0 518 0 0 0 0 0 0 0 0 0 0
1 -0.137070071548401 -0.173991134792952 0.136644740470051 -1.42124346612613 0.322592407494885 2.47948511865551 0 0 519 0 0 0 0 0 0 0 0 0 0
1 -6.4444449169283 -1.44149836966957 5.85312057927183 0.154014661413642 0.539151382369182 -0.626165900878902 0 0 520 0 0 0 0 0 0 0 0 0 0
1 0.218285969963679 -0.162477809984291 0.546993290883699 -1.16506179142109 2.17010311219813 1.68213055124757 0 0 521 0 0 0 0 0 0 0 0 0 0
1 -0.39382226728159 -0.148955833442635 0.136161760191086 1.16627044754267 0.215055724697736 1.63653714400998 0 0 522 0 0 0 0 0 0 0 0 0 0
1 -1.69254524524046 0.565697610677798 -1.16885056475562 -1.03819187035958 0.204925698065156 -0.0892200744235038 0 0 523 0 0 0 0 0 0 0 0 0 0
1 0.0876067566075762 0.0359903212294249 0.355003690384744 1.75592640847292 -0.301030554473973 1.26776320432559 0 0 524 0 0 0 0 0 0 0 0 0 0
1 -0.066058322941526 1.06681582795896 0.336231888913126 1.61498073323414 -0.421717609863675 -1.12741111948787 0 0 525 0 0 0 0 0 0 0 0 0 0
1 -0.012583069797013 1.06121073907142 0.5761007375654 -0.100738997906756 -0.250986710919782 -0.800652189464204 0 0 526 0 0 0 0 0 0 0 0 0 0
1 0.0949109939403503 -0.288303188724173 0.83990751712396 -2.75328563216317 -0.421707248417955 -0.0244729933009524 0 0 527 0 0 0 0 0 0 0 0 0 0
1 -0.449277661531449 0.1112874640244 0.41705071290385 0.753109482921206 -1.34700000951299 -0.876030197412572 0 0 528 0 0 0 0 0 0 0 0 0 0
1 -0.895662267556974 -1.34887823185784 1.06798646135447 0.0155791423878636 1.06168406441691 1.00615085879194 0 0 529 0 0 0 0 0 0 0 0 0 0
1 0.636660872963582 -0.0327475390720856 0.255601775677286 1.5428987363279 0.974286590442066 -0.479943296175937 0 0 530 0 0 0 0 0 0 0 0 0 0
1 1.3311310939102 -0.594468554272603 -1.15654270868498 -1.04553504682607 -0.6526967300035 0.548849348310229 0 0 531 0 0 0 0 0 0 0 0 0 0
1 -0.0851395955651496 0.0372120087037049 0.0916378803814594 -0.579609348561874 2.02814959076911 -0.484212039153429 0 0 532 0 0 0 0 0 0 0 0 0 0
1 -0.0480767972513752 0.431131608870633 0.163794190778217 -0.144508829080221 2.27941327870019 -1.76321638983523 0 0 533 0 0 0 0 0 0 0 0 0 0
1 0.865426042107933 -1.61253875699902 -0.114159098016321 1.14221911792229 0.591722635518873 -1.17496769238383 0 0 534 0 0 0 0 0 0 0 0 0 0
1 -0.122675154895897 0.0002491550470867 0.0987906117173941 -0.265714444816392 -0.87839159499722 2.00882902852793 0 0 535 0 0 0 0 0 0 0 0 0 0
1 -0.650179368062326 0.446312806442786 0.704662367143945 0.964764317197373 -1.01256100169487 0.407738878767125 0 0 536 0 0 0 0 0 0 0 0 0 0
1 -0.0742242922849402 0.368075901030127 0.251607707619011 1.28824626587394 -0.176506199786254 -0.421397532710833 0 0 537 0 0 0 0 0 0 0 0 0 0
1 -0.222480280469354 -0.307662838358488 -0.220452497799499 0.429866181840328 1.26477657061083 1.34298305472734 0 0 538 0 0 0 0 0 0 0 0 0 0
1 -0.226998421035677 0.341264167975401 0.697542463320863 1.18464157362132 -0.400841504617926 1.76425270334468 0 0 539 0 0 0 0 0 0 0 0 0 0
1 2.21418631306351 0.581108484056675 -0.370874610123054 -1.30455110780173 0.45796496168418 0.994085785032228 0 0 540 0 0 0 0 0 0 0 0 0 0
1 0.352352942321036 0.104868775004263 0.344031263591462 0.187847960000512 0.829539816219315 -1.12215167877383 0 0 541 0 0 0 0 0 0 0 0 0 0
1 1.83543699745653 0.166507049553093 1.13611153909756 -1.05183765991243 0.886677095890118 1.20272623362439 0 0 542 0 0 0 0 0 0 0 0 0 0
1 1.05549665626739 -2.30749141712937 -2.08879713081245 0.758589163506663 0.879636673870736 -0.235047533857856 0 0 543 0 0 0 0 0 0 0 0 0 0
1 0.441108565699082 -0.511559711331066 -0.244402362202509 1.14000755180754 0.983817988735481 0.2105365084504 0 0 544 0 0 0 0 0 0 0 0 0 0
1 -0.887962920981882 -0.721024214266371 0.41694051236952 1.58547259350133 -1.20886006541908 0.133939597022872 0 0 545 0 0 0 0 0 0 0 0 0 0
1 0.205137949519947 -0.900111887557037 -0.502958118643406 -0.378879865884446 0.46059972902878 -1.09784857634214 0 0 546 0 0 0 0 0 0 0 0 0 0
1 -0.1793339726144 -0.471118352469304 -0.155706277391864 1.35401401800261 1.12464718307166 0.409941318465875 0 0 547 0 0 0 0 0 0 0 0 0 0
1 2.10706256746538 2.21533211225169 0.037356834356744 -0.0522775890319509 0.744738620429837 0.653340871408033 0 0 548 0 0 0 0 0 0 0 0 0 0
1 -0.155660932853675 -0.275245795026814 0.470192653949875 -0.951134253220829 -0.567844888569899 0.711990357261816 0 0 549 0 0 0 0 0 0 0 0 0 0
1 0.129942088692229 0.197141969166279 -0.0295884980540065 -0.324681765501255 -0.749131733835102 -0.0500381243134423 0 0 550 0 0 0 0 0 0 0 0 0 0
1 -1.10304714362863 0.258863543985036 1.16835026694306 -0.687251764348455 -1.11117150422013 -0.227808179816111 0 0 551 0 0 0 0 0 0 0 0 0 0
1 0.215674274459529 0.150151945834144 -0.0057115902970467 -1.25625494217449 0.912790463131256 1.04380670656362 0 0 552 0 0 0 0 0 0 0 0 0 0
1 0.418289558816572 0.252223707463894 0.14913957681626 -0.275066572653444 0.984071249979033 3.79644160344566 0 0 553 0 0 0 0 0 0 0 0 0 0
1 -0.350069345730144 -0.002662247344428 0.434035244541586 3.27573428799103 -0.729463543100331 -0.503878326186394 0 0 554 0 0 0 0 0 0 0 0 0 0
1 0.287573042586645 -0.222817067653994 -0.186645744075853 0.683184711281405 2.32132393358444 0.980675957374851 0 0 555 0 0 0 0 0 0 0 0 0 0
1 0.294281948739886 -0.953141366366419 -0.417422726196789 -0.703160744407368 0.44917649172527 -0.929344151391011 0 0 556 0 0 0 0 0 0 0 0 0 0
1 0.185025200807601 -0.67044815969724 0.216732898393554 -2.45367442259798 -0.751807971359584 -0.313273830566597 0 0 557 0 0 0 0 0 0 0 0 0 0
1 -0.684107546796007 0.586269862467184 1.76682648709765 0.420713257125654 0.111602791017238 1.80484521159557 0 0 558 0 0 0 0 0 0 0 0 0 0
1 -0.186490200884907 -0.438637961860569 -0.612866562836951 -0.761873717200965 0.72789319183095 0.88688461270401 0 0 559 0 0 0 0 0 0 0 0 0 0
1 0.041023078987033 0.0295802038788408 0.467235772446743 0.634201636851175 -1.46735446315586 -0.428010190071314 0 0 560 0 0 0 0 0 0 0 0 0 0
1 -1.15843279374344 0.977247467819297 0.20970894953511 -0.129501933845919 -0.780738170928664 -0.178174562557167 0 0 561 0 0 0 0 0 0 0 0 0 0
1 -0.166326484775551 0.424858697071392 0.129561182074027 -0.0212780482554335 -1.48446990109549 -1.32742636968402 0 0 562 0 0 0 0 0 0 0 0 0 0
1 0.102126793370657 -0.563079354329175 -0.382220946862261 -1.44150908183229 -1.5216902750395 -0.398545644581944 0 0 563 0 0 0 0 0 0 0 0 0 0
1 -0.21625173850874 -0.346797167766707 0.79717364221374 -1.56281169736684 1.96394048793437 -1.16177752090396 0 0 564 0 0 0 0 0 0 0 0 0 0
1 -0.0975978317850543 1.03681083377345 -0.970459642270161 1.37427656284799 -0.391857337868081 -0.255519994323922 0 0 565 0 0 0 0 0 0 0 0 0 0
1 -0.0618878320241673 0.214587172941079 -1.36660915965244 0.174905378149162 -1.40274198510832 1.39855365029386 0 0 566 0 0 0 0 0 0 0 0 0 0
1 0.215333335414452 0.378139391650753 0.547405900258053 -2.39557244247942 0.398925959377412 1.55830204320061 0 0 567 0 0 0 0 0 0 0 0 0 0
1 0.737330674392807 0.258271816262736 0.449147106009589 -0.641897432481156 0.0247314387074006 -1.48870351798925 0 0 568 0 0 0 0 0 0 0 0 0 0
1 -0.38546450894027 0.152568745994697 -0.182534546667191 -0.264991358118338 -0.395643130054152 -0.532469605367829 0 0 569 0 0 0 0 0 0 0 0 0 0
1 0.645164053635637 -0.954738572315458 0.252757505103309 2.29075811523608 -0.491607003290546 0.0539953521258907 0 0 570 0 0 0 0 0 0 0 0 0 0
1 -0.0398493312722194 -0.628261075238733 0.486311320172285 1.82543467988663 1.42838538067738 0.702213781530063 0 0 571 0 0 0 0 0 0 0 0 0 0
1 -1.07280787659531 0.456281513568535 0.0603776968310717 1.28110191237004 0.396975942604886 -1.35593065035551 0 0 572 0 0 0 0 0 0 0 0 0 0
1 -0.169904072242015 -0.0781268994322681 -0.0211784359821709 -0.904274419175214 -2.89662758172092 0.418311921880717 0 0 573 0 0 0 0 0 0 0 0 0 0
1 0.481768248888494 -0.207274406868467 -0.751767405598659 -1.06779424270979 -1.38018133621524 -0.473989705199035 0 0 574 0 0 0 0 0 0 0 0 0 0
1 0.372545220959836 1.67233243185729 0.587914941191652 -0.855460356495671 0.311244135213069 -0.0530562551296732 0 0 575 0 0 0 0 0 0 0 0 0 0
1 -0.0554414694640228 0.229404505805907 -0.484265340499267 0.942025858106272 0.0675770975993544 -0.341608753046417 0 0 576 0 0 0 0 0 0 0 0 0 0
1 1.19897368696736 -0.258148604382848 -0.633455234231543 1.41725501864498 0.0494128703472809 0.214126799089326 0 0 577 0 0 0 0 0 0 0 0 0 0
1 -1.43723108223124 3.28231365132506 1.07517435798143 -0.928521053983589 0.653971055013604 -0.692521978993515 0 0 578 0 0 0 0 0 0 0 0 0 0
1 0.157725791060516 -0.0335535902982455 -0.651439267690226 -1.30492602965865 -1.74973073881142 -0.78604940641527 0 0 579 0 0 0 0 0 0 0 0 0 0
1 -0.841777655867609 0.703062890095849 -0.780223820832281 0.32593765593132 1.03280950940711 -0.536856722519391 0 0 580 0 0 0 0 0 0 0 0 0 0
1 -0.0959162420760956 0.143296279224608 -0.174266323075077 -0.839578335561261 1.96507412195577 -2.39394931304595 0 0 581 0 0 0 0 0 0 0 0 0 0
1 1.14106366990624 -0.150825190644849 -0.55264256071507 0.843276553558901 1.82896712495997 0.168598060442429 0 0 582 0 0 0 0 0 0 0 0 0 0
1 -1.44023998094461 2.54589424452509 0.935623901928475 0.287724660089719 -1.26993069076862 -0.125739549168585 0 0 583 0 0 0 0 0 0 0 0 0 0
1 3.44105399984443 -2.31326247605821 -2.83833580693338 -0.00638691223553123 -0.804556288352893 0.882369027642434 0 0 584 0 0 0 0 0 0 0 0 0 0
1 0.0987836413375159 -0.244142000663646 0.232615581188442 0.277893287995601 -0.470538495664867 1.24290407083228 0 0 585 0 0 0 0 0 0 0 0 0 0
1 1.29653843710068 -0.0565431824186088 -0.171094348041215 1.55685588027661 -1.14985767057363 -0.0672006407968879 0 0 586 0 0 0 0 0 0 0 0 0 0
1 0.322380012061898 0.361646287594567 0.76046126317082 1.35817810620796 1.6285383309287 -0.841859475627918 0 0 587 0 0 0 0 0 0 0 0 0 0
1 -0.0553679546684475 0.320701396767075 0.635176855226009 -0.121175185676934 -2.34961063754028 1.38882696671239 0 0 588 0 0 0 0 0 0 0 0 0 0
1 5.12317383815649 1.08790702672802 6.63822674290829 -0.256787220014641 -0.259905011871867 0.0740696973798616 0 0 589 0 0 0 0 0 0 0 0 0 0
1 -1.90643329421961 -4.99037451619808 -2.94460743030718 -0.967039006247851 -0.351764166487202 0.443925891031077 0 0 590 0 0 0 0 0 0 0 0 0 0
1 -0.356849282866046 1.03159762413317 -0.073044303687812 0.58430110840047 -0.900817666781759 -0.834380311023065 0 0 591 0 0 0 0 0 0 0 0 0 0
1 9.91652160977082 -5.401303683327 4.40661673917392 -0.390092325898947 -0.188113182307165 -0.0390279176561163 0 0 592 0 0 0 0 0 0 0 0 0 0
1 -0.236244563077754 -0.496759655014195 -0.653515776555251 -1.97724948753206 -0.245809051053869 0.215695980569717 0 0 593 0 0 0 0 0 0 0 0 0 0
1 1.66780346649922 -3.85002612844168 -1.02119229920102 -0.541649884025014 0.13617767764535 -0.726227722819375 0 0 594 0 0 0 0 0 0 0 0 0 0
1 0.740512163804903 1.16356149505184 0.638494983575648 -0.101770457521527 0.218495951165726 1.11058801490282 0 0 595 0 0 0 0 0 0 0 0 0 0
1 3.85235467963428 3.45009701665969 -0.770215662292548 -0.980642421743108 -0.247743357871922 -0.476170235199971 0 0 596 0 0 0 0 0 0 0 0 0 0
1 0.123082542129336 0.473629359787041 0.637324419115133 -1.9847938056144 0.790170818138045 -0.188252994592306 0 0 597 0 0 0 0 0 0 0 0 0 0
1 2.25218823658087 -2.26531822549386 6.55446604995873 -0.367774923991504 0.033491074002902 0.29255430918668 0 0 598 0 0 0 0 0 0 0 0 0 0
1 -0.562828954653843 -0.137684269082633 0.182683076778477 -1.41455815549803 -1.51897464387526 1.15110744222777 0 0 599 0 0 0 0 0 0 0 0 0 0
1 1.51908470795333 0.884338554449848 0.0325981394987826 -1.76510594356475 0.399533400951328 -0.246340239294233 0 0 600 0 0 0 0 0 0 0 0 0 0
1 -0.209163416688294 0.697031968329511 -0.725999417643348 0.651161548270048 -0.549248036637815 0.132409998116758 0 0 601 0 0 0 0 0 0 0 0 0 0
1 1.94266714728751 1.87622439073521 -0.820258996735104 0.581305049606101 -0.401108761802275 -0.156119218849867 0 0 602 0 0 0 0 0 0 0 0 0 0
1 -1.21146979770509 0.319064772457193 -0.981992335862505 -0.298885911079577 -0.235515614719696 -0.632205337031021 0 0 603 0 0 0 0 0 0 0 0 0 0
1 0.488299295809019 0.373240467331975 0.611164896169532 -1.25830150726807 0.556487665833593 -1.51963733625831 0 0 604 0 0 0 0 0 0 0 0 0 0
1 -0.919029480272861 2.36715766577025 0.481476026470527 0.437799107996037 0.354472601943063 0.335662183491682 0 0 605 0 0 0 0 0 0 0 0 0 0
1 -0.507124388926581 1.04392805867672 -1.1889813345057 -1.24958056068553 -0.973979082328397 0.160993589868024 0 0 606 0 0 0 0 0 0 0 0 0 0
1 0.610321433923996 0.503350810706664 -0.0993736082049413 0.268109782539105 0.677803404149865 0.816265561018646 0 0 607 0 0 0 0 0 0 0 0 0 0
1 0.33385973958654 0.043904675575963 0.111397834390545 1.2527186115663 1.21835563714635 -1.31287739224859 0 0 608 0 0 0 0 0 0 0 0 0 0
1 2.1851410805563 1.28889180533922 0.276371817823173 -0.10066481953112 -0.37902050352339 -0.980442907961072 0 0 609 0 0 0 0 0 0 0 0 0 0
1 0.326959700268843 -0.613879191582695 0.800337930916047 -1.30693554505773 0.0295821803282138 -0.0658577143463774 0 0 610 0 0 0 0 0 0 0 0 0 0
1 0.108486008215849 0.330080951480493 0.52868435353694 -1.38723267546907 -1.08732229803609 1.21517224741938 0 0 611 0 0 0 0 0 0 0 0 0 0
1 -0.542009347812373 0.23066404409435 -0.5923130239001 -0.921248857728903 -0.782089376078191 -0.645227878431856 0 0 612 0 0 0 0 0 0 0 0 0 0
1 0.0940904270019712 0.0850963588431694 -0.217414908747899 0.0500625763673265 -0.948916053004327 -0.509584896909552 0 0 613 0 0 0 0 0 0 0 0 0 0
1 0.150251486248344 0.235049370743858 0.663162513041217 -1.72536644306395 1.65697109480627 -0.824884803917549 0 0 614 0 0 0 0 0 0 0 0 0 0
1 0.13317792968284 0.494985171624873 0.361196607755325 0.393574796557822 -0.364001946516311 -1.14486330088211 0 0 615 0 0 0 0 0 0 0 0 0 0
1 0.641765129863474 -0.098126618723858 0.548943728292813 -0.944386239900958 0.538877970553715 0.357168155905299 0 0 616 0 0 0 0 0 0 0 0 0 0
1 0.736567693685187 -0.0252525663516138 0.155066815084646 -1.02886728004219 -1.44790048980167 -1.52681645055117 0 0 617 0 0 0 0 0 0 0 0 0 0
1 -0.72115728566312 0.201764353223224 0.42828625177171 -0.0682475587806616 0.927839659620721 -1.07233743948183 0 0 618 0 0 0 0 0 0 0 0 0 0
1 0.945558876743957 0.163744357220372 0.560721631672312 -1.22796602167191 0.657890450719527 1.38817583353757 0 0 619 0 0 0 0 0 0 0 0 0 0
1 0.660575769224172 0.211285382497591 -0.322201905934645 -2.26811828862411 -0.854194131610988 -0.461669705559674 0 0 620 0 0 0 0 0 0 0 0 0 0
1 0.700578644621384 -1.12839482178314 0.980022282211393 -0.529205198453699 -0.873479749155442 -1.71308911274835 0 0 621 0 0 0 0 0 0 0 0 0 0
1 -0.312793031192338 0.154620003842524 0.286493411655478 -0.544236826803388 -0.504890527038681 -0.878928353994561 0 0 622 0 0 0 0 0 0 0 0 0 0
1 -0.0918917889197617 0.247979686864136 -0.279462433530062 2.57165903078279 -1.9631584993219 0.475064980208804 0 0 623 0 0 0 0 0 0 0 0 0 0
1 -0.24285631544957 -0.142978004953096 -0.197170691857571 0.114372369020669 1.0498166898961 2.21648109992265 0 0 624 0 0 0 0 0 0 0 0 0 0
1 0.570938449334383 -0.0146887821732175 -0.247742181771416 0.865521833050759 0.611376271995525 0.191574877222982 0 0 625 0 0 0 0 0 0 0 0 0 0
1 0.618356787587473 -0.05561601770115 0.608839778253115 1.55786304937134 0.149956488306362 0.747376826674652 0 0 626 0 0 0 0 0 0 0 0 0 0
1 -3.77137260426036 -0.682206871058035 3.20690992457052 0.641137662817761 0.0929616972283395 -0.607661744584903 0 0 627 0 0 0 0 0 0 0 0 0 0
1 0.931643100175241 -0.991957426720887 -0.479216831921676 0.0250020265865454 -1.11223544727498 -1.03796848307585 0 0 628 0 0 0 0 0 0 0 0 0 0
1 0.459275002888786 -0.35051006055262 -0.682625222696658 0.358385510856819 1.33013465119959 0.630902494176905 0 0 629 0 0 0 0 0 0 0 0 0 0
1 -1.08035515687997 0.0366129622447945 -1.06636724578682 -0.807360996920077 -0.408556812806446 -2.27167009558541 0 0 630 0 0 0 0 0 0 0 0 0 0
1 0.705667944648586 0.110854669935466 0.1503419926145 -0.327123541697796 0.0701388301205836 0.786454952958367 0 0 631 0 0 0 0 0 0 0 0 0 0
1 -0.296477973735537 1.18480733183807 1.23621694024594 0.321390692620463 -0.343310595317188 0.332319009233613 0 0 632 0 0 0 0 0 0 0 0 0 0
1 -0.961354559778936 0.58060048473959 1.00286638004855 1.34080353484832 -0.96828405571055 0.464376117402132 0 0 633 0 0 0 0 0 0 0 0 0 0
1 0.631707750876438 -0.267627485941423 -0.0004149131072576 1.81206863746755 1.70522023990459 0.511590311601262 0 0 634 0 0 0 0 0 0 0 0 0 0
1 0.0835476812117645 1.03465083932052 -0.151687164201322 -1.47348227939655 -0.206144450920621 -0.258924536148691 0 0 635 0 0 0 0 0 0 0 0 0 0
1 0.35572156373503 0.483475497382873 0.0099511897624875 -0.625786871127912 -1.77695624556695 -0.85569261816747 0 0 636 0 0 0 0 0 0 0 0 0 0
1 -0.35746402913383 -2.09398835530948 1.05251335406069 -0.655361017452257 0.04455641215004 -0.985562044079621 0 0 637 0 0 0 0 0 0 0 0 0 0
1 1.02619912155598 0.820674533240618 0.0693360659949289 0.603755655986162 1.71793449805386 -0.347003471690809 0 0 638 0 0 0 0 0 0 0 0 0 0
1 0.288903807009859 0.0041092003382914 1.82375871094196 0.974998622281185 -0.897192717443656 -0.887591777592809 0 0 639 0 0 0 0 0 0 0 0 0 0
1 0.678213071694302 -0.13477229017674 0.866676549330956 -0.383913054950224 -0.988579110000719 -0.190391324195908 0 0 640 0 0 0 0 0 0 0 0 0 0
1 -0.0752341507585463 -0.993727479389218 -0.648016545177663 -0.493633972509151 -1.25829823822166 -0.442572749787301 0 0 641 0 0 0 0 0 0 0 0 0 0
1 1.34884753218447 -0.406735443574841 2.77570519199555 -0.559633367505895 0.224137898907682 0.103999782314352 0 0 642 0 0 0 0 0 0 0 0 0 0
1 1.03426799123508 -2.40036997024004 -3.14744700398424 0.0174697250092617 -0.727293607342853 -0.647126913901664 0 0 643 0 0 0 0 0 0 0 0 0 0
1 0.369279719083432 0.0721226639075029 0.315624397470643 -0.943261581310933 -1.31207235123908 1.0690072904824 0 0 644 0 0 0 0 0 0 0 0 0 0
1 -2.13043907774991 -2.52222959994353 -1.48672343794587 0.443259816547472 0.599061475507357 0.354936230594589 0 0 645 0 0 0 0 0 0 0 0 0 0
1 1.52586031166511 -0.874100623089731 1.12583607475515 -1.5714847713914 0.174506311369969 -0.887189850816875 0 0 646 0 0 0 0 0 0 0 0 0 0
1 0.961495682045791 0.932436611557617 0.458376500475419 0.377973349954102 0.485088295745834 -1.71936600199798 0 0 647 0 0 0 0 0 0 0 0 0 0
1 0.738994429675769 0.392311555995391 0.753601350510294 -1.61251710847674 -1.40216679745868 -1.46241751441946 0 0 648 0 0 0 0 0 0 0 0 0 0
1 0.0133858937899464 0.247177976166521 0.332583810361622 1.2819458461066 -1.50734731997703 -2.45884701523954 0 0 649 0 0 0 0 0 0 0 0 0 0
1 0.477146988779099 1.28508168535663 -0.101168186142847 0.178032217186989 -0.643224680181065 1.43841818193528 0 0 650 0 0 0 0 0 0 0 0 0 0
1 -0.741336419179325 0.617704236499335 0.921716337165372 -0.447124783144666 -0.482431401612306 1.24296321195536 0 0 651 0 0 0 0 0 0 0 0 0 0
1 0.665272604866123 -0.199478571403444 1.6325180188198 -0.644299345169155 -0.150783049335058 -1.15345919411703 0 0 652 0 0 0 0 0 0 0 0 0 0
1 -0.218608534502615 -0.177227681116885 0.139739916258998 -1.26951059875715 -0.522275336261542 0.0156574240318805 0 0 653 0 0 0 0 0 0 0 0 0 0
1 -1.17522522601393 1.95199623614995 1.85258089643585 0.235584251426779 0.860095978887342 -1.26929742988998 0 0 654 0 0 0 0 0 0 0 0 0 0
1 -0.773874637805222 3.60360683096872 0.406989570317461 -0.423665186119831 0.892376607731502 0.0376573605974953 0 0 655 0 0 0 0 0 0 0 0 0 0
1 0.122346543123282 0.568252163044133 0.380412845956932 0.522765974154687 -1.35598709452494 1.01642061404461 0 0 656 0 0 0 0 0 0 0 0 0 0
1 0.708732029918196 -1.31327974748764 -1.29788905233203 -0.989218365463617 -1.03492095440107 -0.118730906516944 0 0 657 0 0 0 0 0 0 0 0 0 0
1 -0.635055220283917 -0.678076519540089 0.301254760680041 0.0603246642198521 -0.165571540509203 -2.25802936443487 0 0 658 0 0 0 0 0 0 0 0 0 0
1 0.128768491707465 0.304723867755524 -0.125499800529343 1.82354988494732 -2.96432403504972 -0.638037365285376 0 0 659 0 0 0 0 0 0 0 0 0 0
1 -0.0922981133212369 -0.0090294394343227 0.0772256376804207 -0.940901549167722 1.06759562574921 0.264784534783126 0 0 660 0 0 0 0 0 0 0 0 0 0
1 0.201216654494233 1.38681483773988 0.729024237760117 -0.0502058041695528 1.07468682540881 -0.942107471412342 0 0 661 0 0 0 0 0 0 0 0 0 0
1 0.123354638666461 0.442439797399753 -0.157214333645258 0.950243914430638 0.417951312568888 -1.0416325805446 0 0 662 0 0 0 0 0 0 0 0 0 0
1 -0.0507928169347173 0.247574307843643 -0.365249546745046 0.495154052316741 0.34307513631923 0.333951853563831 0 0 663 0 0 0 0 0 0 0 0 0 0
1 -0.0376398210671646 -0.832087520549782 -0.29064164673537 -0.13367341570371 0.666957233220409 1.95977886050498 0 0 664 0 0 0 0 0 0 0 0 0 0
1 -0.331976317912724 -0.733948395482411 -1.92542613829179 -0.224793942587149 -0.118780571614799 -0.336882011917331 0 0 665 0 0 0 0 0 0 0 0 0 0
1 -0.54485336522105 -0.528342650042644 0.936293443007892 -0.99779332189711 1.24820747732955 -0.14577978148209 0 0 666 0 0 0 0 0 0 0 0 0 0
1 0.409195534254903 -0.558110328715087 0.846832414939696 -1.53214960035841 -0.184464468292528 0.368152952456338 0 0 667 0 0 0 0 0 0 0 0 0 0
1 0.862583528479281 -1.37821594725072 -0.0052312525608427 0.344501298695812 1.40760164621453 -0.589018747695663 0 0 668 0 0 0 0 0 0 0 0 0 0
1 -3.19605545069059 -0.858425197697841 0.990113752840865 -0.5208009388178 0.994990595068684 -0.00466308099075072 0 0 669 0 0 0 0 0 0 0 0 0 0
1 0.593016492914118 -0.798307064021117 0.0405877184801947 1.33258650181361 -2.03643809958894 -0.142578430048051 0 0 670 0 0 0 0 0 0 0 0 0 0
1 -0.402739132982926 0.196647772178479 0.62297566177889 -1.14210102613974 0.669830189909881 1.15381829553475 0 0 671 0 0 0 0 0 0 0 0 0 0
1 -0.13667041955065 -0.40602585971174 0.452078732388973 0.6613108897236 -0.725346167594424 -1.02539796627029 0 0 672 0 0 0 0 0 0 0 0 0 0
1 0.236728113158574 -0.0952602394388372 1.92935977160106 0.798368504594413 1.58699089576657 1.49661740851791 0 0 673 0 0 0 0 0 0 0 0 0 0
1 -0.138746811955244 0.182641485643375 -0.206239799072587 -0.560460149307486 -0.6793382567587 -2.36930202158557 0 0 674 0 0 0 0 0 0 0 0 0 0
1 0.328406246487188 0.472083012103106 -0.390879778444927 0.398652667729499 -0.984195442367755 0.765195992627273 0 0 675 0 0 0 0 0 0 0 0 0 0
1 0.99591883853836 0.228085909166925 -0.484533814653995 -0.300717148195606 -0.848564202482624 1.50575228205899 0 0 676 0 0 0 0 0 0 0 0 0 0
1 0.371793943573005 0.417497025576162 -1.08498450287408 -0.0435348538799895 -0.25330110012732 0.0789155122861197 0 0 677 0 0 0 0 0 0 0 0 0 0
1 0.104736870708331 -0.0946088292911874 -0.423710857223131 1.69037705091025 -0.295728173397599 -2.15663114859332 0 0 678 0 0 0 0 0 0 0 0 0 0
1 -0.43808389430167 -0.518663844140966 0.534567667552293 -2.42908901417532 -0.964081825306979 0.0353528648217895 0 0 679 0 0 0 0 0 0 0 0 0 0
1 0.0014575350987562 -0.507415728815107 -0.993907911705082 -0.374101886809312 1.81767951333584 0.0993270624662487 0 0 680 0 0 0 0 0 0 0 0 0 0
1 -0.680689185872638 0.63369596428441 2.14046377768151 -0.117574367165773 0.288609034355709 -1.58615634455373 0 0 681 0 0 0 0 0 0 0 0 0 0
1 0.118450928919047 -0.0381375573131151 -0.032631742783936 -0.0544678073905075 0.129132781897396 2.0748364784276 0 0 682 0 0 0 0 0 0 0 0 0 0
1 -0.0250156378825118 -2.07006218677238 0.781879956542515 0.596933443792068 -0.682474444012374 -0.599654594653868 0 0 683 0 0 0 0 0 0 0 0 0 0
1 -0.556135081942194 1.58286106355584 -1.10470415406936 0.421736742064387 1.03069902509284 0.958524348695929 0 0 684 0 0 0 0 0 0 0 0 0 0
1 0.373003299819129 -0.350475929452297 -0.869072508309219 -1.2387834145545 0.962253821656481 -1.3189493938837 0 0 685 0 0 0 0 0 0 0 0 0 0
1 0.749031488746334 0.622559155289568 -0.203981037591598 0.0269276406681817 0.339023296322836 0.48716819574273 0 0 686 0 0 0 0 0 0 0 0 0 0
1 0.886372547286171 -0.551406852022266 -0.129852410514996 -2.44504826518561 0.924972082945045 0.340806124431277 0 0 687 0 0 0 0 0 0 0 0 0 0
1 0.600456042491025 0.675332094401219 -0.155348799083249 1.42355557654919 -0.820796242695681 1.51131134934721 0 0 688 0 0 0 0 0 0 0 0 0 0
1 0.0944359140705372 0.598994674672916 0.574587189692141 -1.68892291062507 -1.34304391044148 -1.44061192992274 0 0 689 0 0 0 0 0 0 0 0 0 0
1 0.244416870709777 0.0172902594321594 0.349961885121245 0.342571602339999 0.343983313503488 1.93771621043279 0 0 690 0 0 0 0 0 0 0 0 0 0
1 0.654020557912038 0.917631603699037 -0.569217211748817 0.255410334641886 1.73257048261745 -1.53808465287915 0 0 691 0 0 0 0 0 0 0 0 0 0
1 -1.57240803153148 1.06312179909655 0.109551500718379 -0.7471655904275 0.732011281303348 -0.841923760592635 0 0 692 0 0 0 0 0 0 0 0 0 0
1 0.81219595305072 -0.257543358663349 -1.23172465175459 -0.906472381971952 -1.01703744435992 0.487628798223558 0 0 693 0 0 0 0 0 0 0 0 0 0
1 0.266803760104889 0.435326245912882 0.0796239030063263 -1.38960722198327 -1.71331251607246 1.99592882381595 0 0 694 0 0 0 0 0 0 0 0 0 0
1 -0.62347414161615 0.33032466286273 -0.479212181308457 0.711622407391883 -0.578924892689664 1.54920272339382 0 0 695 0 0 0 0 0 0 0 0 0 0
1 0.264175290690563 1.05156861332711 -0.0872038230760551 0.0540128567579652 0.990381558591177 1.88363996743851 0 0 696 0 0 0 0 0 0 0 0 0 0
1 -0.332175699023947 -0.471584132742246 0.0413565494019254 0.928537620154459 -1.9438835729845 -0.864978742257125 0 0 697 0 0 0 0 0 0 0 0 0 0
1 0.263937260200983 1.56790265110056 -0.594609189194516 -0.518780353491177 -1.32112441097704 0.162968291582071 0 0 698 0 0 0 0 0 0 0 0 0 0
1 1.38686333183947 -1.03639373588093 1.10192260437969 0.0860848337426584 -1.11333323957043 -1.26559329094146 0 0 699 0 0 0 0 0 0 0 0 0 0
1 -0.428984103532434 -0.789016914633501 -0.395925007956212 0.716570478569586 0.762387008764287 -0.306303447914059 0 0 700 0 0 0 0 0 0 0 0 0 0
1 -0.246276924282981 -1.66228772470524 0.294982547325023 -1.92659917929348 0.0919900579924523 -1.17935479254108 0 0 701 0 0 0 0 0 0 0 0 0 0
1 0.947618650314416 -0.0064302011132691 0.381133000209319 -1.11563268371965 -1.08658579179243 1.19455341697837 0 0 702 0 0 0 0 0 0 0 0 0 0
1 0.923553804804652 0.691184230122669 0.448618506271917 -1.17201455475945 -0.382369435590657 0.642863815304644 0 0 703 0 0 0 0 0 0 0 0 0 0
1 -0.10155799105197 -0.108350674084747 0.73595779803301 -0.652361596821222 2.87347838035345 -0.232358576738014 0 0 704 0 0 0 0 0 0 0 0 0 0
1 -0.264195595437642 0.425672288504014 0.171573804097039 -2.42321226273626 -2.22906103744376 0.101849644769592 0 0 705 0 0 0 0 0 0 0 0 0 0
1 0.660298928031476 -0.554288876350749 0.0432697035731154 1.41627777889748 -0.638771105345884 -1.12622868493501 0 0 706 0 0 0 0 0 0 0 0 0 0
1 -0.286282127420906 0.29244786957735 1.24482303209106 0.165805147540035 0.518218549612713 0.861187935882217 0 0 707 0 0 0 0 0 0 0 0 0 0
1 -0.305228237228812 0.323977808291734 -0.561434792155727 1.76257436112478 -0.586925037911985 -0.918510131028207 0 0 708 0 0 0 0 0 0 0 0 0 0
1 -0.0670046750405466 0.620423744020128 0.0793963457933805 -0.178366602325401 -2.30766379196092 0.216189376569842 0 0 709 0 0 0 0 0 0 0 0 0 0
1 -1.87359879955546 0.877646211595785 1.64737311677363 -0.901997193946575 -1.2506179604136 0.00306916767913389 0 0 710 0 0 0 0 0 0 0 0 0 0
1 0.838143354338445 1.30807959687186 1.50731086630303 -0.795542550746192 0.0542944787976686 -0.711987602342418 0 0 711 0 0 0 0 0 0 0 0 0 0
1 6.37565972745888 -0.401858405462149 -2.54535422532183 -0.654946889619366 0.491920380437648 -0.0115937535599401 0 0 712 0 0 0 0 0 0 0 0 0 0
1 0.0858305700534197 0.337959269196227 0.231185449684254 0.0715816884229125 1.08948839515733 -0.366104367984654 0 0 713 0 0 0 0 0 0 0 0 0 0
1 0.364106849143164 1.03636578036314 0.55123579422298 1.30542435956525 -1.06561020419691 1.62460993546022 0 0 714 0 0 0 0 0 0 0 0 0 0
1 -0.251378232668826 0.538135704273195 -0.841992061983101 0.561452940521674 0.79243211470969 -1.22142928677429 0 0 715 0 0 0 0 0 0 0 0 0 0
1 -0.556423872824329 -2.54717177885198 0.232943269586176 0.547607150272205 0.577094942804946 -1.08169924550196 0 0 716 0 0 0 0 0 0 0 0 0 0
1 -0.84548170180043 0.496829913562446 0.0341134638565681 0.404803199004127 0.581072629160341 2.71961004045908 0 0 717 0 0 0 0 0 0 0 0 0 0
1 1.80982101297704 0.430974431474221 2.91843550853838 0.700478052251732 1.214727531922 0.917558648500155 0 0 718 0 0 0 0 0 0 0 0 0 0
1 0.0154900538916628 -0.164396552998074 0.127353275568222 -0.562556896720915 -1.02176019637543 0.48358154572914 0 0 719 0 0 0 0 0 0 0 0 0 0
1 0.284519414005234 -0.0826328935369704 -0.0723683459490368 -0.818846074764268 1.85814415893736 1.27413731407871 0 0 720 0 0 0 0 0 0 0 0 0 0
1 0.375633971633101 -0.0277267384717217 -0.12557594186882 0.9435637625005 1.03854791976425 0.559342820479897 0 0 721 0 0 0 0 0 0 0 0 0 0
1 5.0332319944267 3.07305910230261 -2.64359829345038 -1.30545535462592 -0.357265500626046 0.159440832771527 0 0 722 0 0 0 0 0 0 0 0 0 0
1 0.580303211985796 -0.0008278047575854 0.144120547874658 0.979738336943088 -0.228314083177237 -1.70211879160297 0 0 723 0 0 0 0 0 0 0 0 0 0
1 0.946173473545432 -0.0074414598877901 0.574515967015252 -0.629266411579205 0.422044747504498 -0.845281854798081 0 0 724 0 0 0 0 0 0 0 0 0 0
1 -0.619175133724541 1.5779549206573 2.01285899570835 -0.302049941589106 0.133750246981807 0.945382419655708 0 0 725 0 0 0 0 0 0 0 0 0 0
1 0.882421125249416 -0.359873162175573 -0.800004261657544 0.143059502703034 0.534245043400146 0.901589052852656 0 0 726 0 0 0 0 0 0 0 0 0 0
1 0.365598386542561 -0.268644407981547 -0.406864158144944 -0.332839798370335 1.70793572266932 0.859598779062847 0 0 727 0 0 0 0 0 0 0 0 0 0
1 0.882127096787777 -0.507789384483706 0.419878669156498 -1.26417248798324 0.468630981350982 0.555683240142595 0 0 728 0 0 0 0 0 0 0 0 0 0
1 0.349939013997521 0.317222734254533 0.406601848349989 1.530156113468 -0.238962347176357 2.00451727029923 0 0 729 0 0 0 0 0 0 0 0 0 0
1 0.0968990126174692 0.0494304505791784 -0.610607154459528 -1.02629221220611 -0.0902857652522384 -1.35488578616564 0 0 730 0 0 0 0 0 0 0 0 0 0
1 -0.0129631772020443 1.69589897779284 0.147131728888199 0.417969637745417 0.207682458620004 -0.593473611649957 0 0 731 0 0 0 0 0 0 0 0 0 0
1 0.695146581859589 -0.172993422782608 -0.72264840776537 -0.648840881977706 0.587238811298255 1.7484872219441 0 0 732 0 0 0 0 0 0 0 0 0 0
1 -0.829683915795205 -0.595397067960389 -0.410631602242226 1.77197820624447 0.710257666517318 -0.898148020352606 0 0 733 0 0 0 0 0 0 0 0 0 0
1 -2.15412437672721 2.53570384040003 1.32010122803016 -0.818834340625924 0.79934703777312 0.628701080351239 0 0 734 0 0 0 0 0 0 0 0 0 0
1 -3.07565943500153 -0.63682262544578 0.0250342461430722 0.399680227788713 0.0113883341196964 0.185736506262761 0 0 735 0 0 0 0 0 0 0 0 0 0
1 -0.94934623580119 1.30988996175979 -0.514940269023105 0.422026534150502 -1.00919465532353 -0.176429569522001 0 0 736 0 0 0 0 0 0 0 0 0 0
1 0.13061242177691 0.447014393708626 -0.0464420102062736 0.843520285308952 1.09840178463815 0.35410079938383 0 0 737 0 0 0 0 0 0 0 0 0 0
1 2.34727576541556 -1.03269086024856 -0.600815266301048 -1.37510131547058 0.114774198293175 0.310751616855079 0 0 738 0 0 0 0 0 0 0 0 0 0
1 0.0305004811037086 -0.752165678588159 1.12898739719964 -0.513215382837523 0.276065385268957 0.125116247282374 0 0 739 0 0 0 0 0 0 0 0 0 0
1 0.959048821924674 -0.54594704243286 0.216721567129127 1.43125008093946 1.44261550076006 0.142188264359523 0 0 740 0 0 0 0 0 0 0 0 0 0
1 -0.830967144791163 -1.47461663084286 -0.154547622371763 -0.449031821101758 1.92265257906576 -0.198666559955785 0 0 741 0 0 0 0 0 0 0 0 0 0
1 0.0009394593459922 -0.375275154211788 0.144754052139973 0.496094698536346 2.79831612129189 1.58248332775812 0 0 742 0 0 0 0 0 0 0 0 0 0
1 -0.582041082096668 -1.00962530612634 0.618425784499674 0.507242083449003 -0.521476488378632 -1.08439117855776 0 0 743 0 0 0 0 0 0 0 0 0 0
1 -0.508917041333913 -1.46259347940478 -1.71219054077997 0.28432230834455 0.422321724657945 0.525586934374406 0 0 744 0 0 0 0 0 0 0 0 0 0
1 1.67309688379608 0.164994975242154 1.48500349925221 -1.46521873327489 -0.922832243920602 0.655762360774163 0 0 745 0 0 0 0 0 0 0 0 0 0
1 -0.671254354119272 1.4418645351764 1.22157462179456 -0.97022477289445 0.8381604184534 0.095294380307499 0 0 746 0 0 0 0 0 0 0 0 0 0
1 -0.580803080132815 -0.186494698197455 0.154992171344166 -0.234601733420458 -0.552466039924404 0.0766827383709268 0 0 747 0 0 0 0 0 0 0 0 0 0
1 -0.091927664227691 -0.535251006921577 0.67219454389405 -0.94091367552047 0.483209797360895 1.65906781461727 0 0 748 0 0 0 0 0 0 0 0 0 0
1 0.009155564585875 0.172698107150343 0.563888505658709 1.00004539691465 -0.492499790108652 -0.451966496181459 0 0 749 0 0 0 0 0 0 0 0 0 0
1 -0.571618029680201 -0.295104756103151 1.47650507202792 0.084007354106691 -1.09908403729965 0.109770329426055 0 0 750 0 0 0 0 0 0 0 0 0 0
1 0.363505017934951 -0.119083186540847 -0.410082397272435 -0.664323523239392 -1.51921740180318 1.14232314625216 0 0 751 0 0 0 0 0 0 0 0 0 0
1 -0.994346906646154 -1.32193969996935 2.21968397029595 0.106993740601143 0.439766662910721 -1.00281955962981 0 0 752 0 0 0 0 0 0 0 0 0 0
1 0.492195106374611 0.445357935992993 -3.21217255735317 0.765003528578482 1.02437320962802 -0.0659955687801635 0 0 753 0 0 0 0 0 0 0 0 0 0
1 -0.492228339114158 0.852784008483235 -0.387228571098688 1.46150628754618 -0.157286469696599 -1.35412410506669 0 0 754 0 0 0 0 0 0 0 0 0 0
1 -1.2828590186279 1.68940591980881 -0.392170610089777 -5.93803845363937e-05 0.29931341282013 0.917445520952481 0 0 755 0 0 0 0 0 0 0 0 0 0
1 0.295777252053814 -0.396158356113651 0.0561090794825377 -1.69198856259627 -0.672759347699284 2.08378011413014 0 0 756 0 0 0 0 0 0 0 0 0 0
1 -0.421886983845986 0.178830940159614 -0.236257058736608 -0.190100283336589 -0.493218402924004 -1.37162066121604 0 0 757 0 0 0 0 0 0 0 0 0 0
1 -2.1497626704658 3.17158185336171 2.43484438875289 -0.0424744762832914 -0.200350638747092 0.444291579328535 0 0 758 0 0 0 0 0 0 0 0 0 0
1 -0.531887224740007 0.303639039327788 0.519085213017043 1.15237808850319 -0.00800510483093178 -1.02051248901564 0 0 759 0 0 0 0 0 0 0 0 0 0
1 -0.564234638476905 0.367722383050975 0.272035704617602 1.98520119977079 -0.351827341747587 -0.748800529639796 0 0 760 0 0 0 0 0 0 0 0 0 0
1 1.21896891304252 -0.0503074176042517 0.862199586423979 0.0104367616956651 -0.0883373480563952 2.19802007411263 0 0 761 0 0 0 0 0 0 0 0 0 0
1 0.0473490825332044 -0.144157633223904 -0.512020846842702 -0.316697585099268 -2.17989863117515 -1.79033026388272 0 0 762 0 0 0 0 0 0 0 0 0 0
1 -1.31446410888918 3.3425757108413 2.43354910959412 -0.99227131150889 0.397332164068605 -0.489161955058582 0 0 763 0 0 0 0 0 0 0 0 0 0
1 -0.382724616026311 0.449464412699582 0.213390899838522 -1.48770486914801 0.37316235271199 1.0392776693415 0 0 764 0 0 0 0 0 0 0 0 0 0
1 -0.226521751859196 0.360396014696009 -0.0111250229827355 -0.000646052433088005 -0.438741148864047 -0.0869760583404806 0 0 765 0 0 0 0 0 0 0 0 0 0
1 0.690729666591777 0.772782899741635 0.581899750309128 -1.16582528583274 0.323477662759137 -0.244754370891541 0 0 766 0 0 0 0 0 0 0 0 0 0
1 0.818119670100575 -1.85271332167721 0.224357972531826 -1.71723038507556 0.958133522222264 0.317534414422795 0 0 767 0 0 0 0 0 0 0 0 0 0
1 0.339169020646108 -0.44304191901333 -0.1203494794964 -1.05234375446623 0.0114392335042794 -0.751294710541531 0 0 768 0 0 0 0 0 0 0 0 0 0
1 -0.312024172308576 -0.437712300673134 0.0862705776973122 -1.15754291431453 -0.175248085528526 -0.605338604049118 0 0 769 0 0 0 0 0 0 0 0 0 0
1 -0.670526668365008 0.464834902518665 -0.204450952413348 0.667739006490831 0.933652640030989 1.69832583378398 0 0 770 0 0 0 0 0 0 0 0 0 0
1 0.512188887861011 -0.492051504735674 0.432730247667116 1.6000685924728 0.97315400985149 1.27554789594137 0 0 771 0 0 0 0 0 0 0 0 0 0
1 1.16350747549519 0.616481048171283 0.554595202964715 1.39548316997422 1.68838089706709 0.654821685049217 0 0 772 0 0 0 0 0 0 0 0 0 0
1 -0.0769014649890693 0.863687719714582 0.536711785791376 0.84923202481196 -0.227655625370603 0.899497569612782 0 0 773 0 0 0 0 0 0 0 0 0 0
1 -0.031166788126373 0.0042876249985607 0.439744502445737 1.44763040658938 0.0343621468371422 -0.0302141423890299 0 0 774 0 0 0 0 0 0 0 0 0 0
1 4.76517784306223 -5.33676984986603 -1.40938234608786 -1.28569417393548 0.256769050782755 0.290710058392033 0 0 775 0 0 0 0 0 0 0 0 0 0
1 0.187351509068459 0.178759469054363 -0.567949191373603 2.0381571618223 -1.80713161494715 1.4599289656098 0 0 776 0 0 0 0 0 0 0 0 0 0
1 -2.05379156059795 1.75209446059667 1.12519649004592 0.654244707717516 -0.149614608150552 0.590365299933064 0 0 777 0 0 0 0 0 0 0 0 0 0
1 1.41977254058276 -0.24885856892615 0.261664009240509 -0.83469930372763 -1.71264697744759 -0.626500930932225 0 0 778 0 0 0 0 0 0 0 0 0 0
1 -1.36649351923847 0.483428986367617 -0.81672196720764 -0.747421271983983 -1.59216257487779 1.05363256130918 0 0 779 0 0 0 0 0 0 0 0 0 0
1 1.27289790727848 -0.236262615881575 0.0708086826493847 -1.42279570901867 -0.34233304262923 -0.120840987624694 0 0 780 0 0 0 0 0 0 0 0 0 0
1 -0.372229408246873 -0.415900160663711 -0.0485137875812674 0.100030145604252 -0.958538808311972 -2.92682749098517 0 0 781 0 0 0 0 0 0 0 0 0 0
1 1.01550238453177 0.211574326161385 -0.526097812122783 -0.117751330928907 -0.106621858823009 -1.5247257370741 0 0 782 0 0 0 0 0 0 0 0 0 0
1 0.856882457429898 0.243069777220863 -0.16022072020056 1.02606395546027 0.201375658699202 -1.33461879613144 0 0 783 0 0 0 0 0 0 0 0 0 0
1 0.204471201409428 -0.363848069070424 -0.0388416301441767 2.85766141220499 -0.327594245929643 -0.457462865399062 0 0 784 0 0 0 0 0 0 0 0 0 0
1 -0.0643157927214884 -0.0851503363816689 0.61166737029408 0.66083181829636 -0.665727564439142 0.581498987723465 0 0 785 0 0 0 0 0 0 0 0 0 0
1 -0.391268224372637 -0.546409911859274 -0.428339945553376 -2.78427029413318 -0.315304564380364 -0.819254214170738 0 0 786 0 0 0 0 0 0 0 0 0 0
1 2.72800704826941 -1.42858788583369 -7.63117889237862 -0.278933678803888 0.0312224105679688 0.498712085091406 0 0 787 0 0 0 0 0 0 0 0 0 0
1 -0.362361545735981 0.0690928428595464 0.357709483673144 0.0177620118075945 -0.333478198342681 -0.683288787516222 0 0 788 0 0 0 0 0 0 0 0 0 0
1 0.430961993722561 -0.403723529801155 0.477504922194153 -2.08590753783209 0.908307295325312 0.932557892634151 0 0 789 0 0 0 0 0 0 0 0 0 0
1 0.0206830531347749 0.565993784913819 -0.401812743688827 0.568835813848479 -2.07180574171222 0.941689337634509 0 0 790 0 0 0 0 0 0 0 0 0 0
1 0.0547645956135715 2.48157470172162 -0.261184148133458 1.65054891428914 -0.508835303235349 -0.905768623558838 0 0 791 0 0 0 0 0 0 0 0 0 0
1 -0.0772004223765851 0.330260199003686 -0.138901448519163 -0.802215366211722 1.51425432271149 0.596549433033152 0 0 792 0 0 0 0 0 0 0 0 0 0
1 1.35968587847078 0.393017829169149 7.21482392885607 0.667491860970504 0.157673526544257 -0.0789689042241186 0 0 793 0 0 0 0 0 0 0 0 0 0
1 -0.290731409780305 0.397389132017163 0.176774737004578 1.17677401573344 0.622851168011264 1.95096952516068 0 0 794 0 0 0 0 0 0 0 0 0 0
1 0.789166336143747 0.798298530499724 2.33003451556512 1.1992574458097 -0.962907224941262 0.765848281407353 0 0 795 0 0 0 0 0 0 0 0 0 0
1 -1.20550214248533 0.967233206442841 -0.652119071939309 -1.14981891486241 0.576236874234469 -0.437524938983429 0 0 796 0 0 0 0 0 0 0 0 0 0
1 0.928512915676932 -0.947601795724672 -1.17425114570716 -0.172555085538768 -0.222883415477524 0.730509953293633 0 0 797 0 0 0 0 0 0 0 0 0 0
1 -0.150166619344763 -0.55503233721923 0.46877268419265 2.29334586380622 0.296155325728847 0.770573238030432 0 0 798 0 0 0 0 0 0 0 0 0 0
1 -0.461035549692305 -0.214680684490755 -0.0573290530395254 -2.24061909766683 -0.0211930921213043 -1.2575039941435 0 0 799 0 0 0 0 0 0 0 0 0 0
1 0.0921899540196384 -0.249374323579365 -0.254789520732944 -0.229549008810018 2.28502733416198 0.341283206808123 0 0 800 0 0 0 0 0 0 0 0 0 0
1 0.186593273455332 0.514613846024266 0.785535844341182 0.17931034152454 -0.625929940671493 -0.195460999032496 0 0 801 0 0 0 0 0 0 0 0 0 0
1 -0.529936793310398 0.223853941848834 -0.539441362149096 -1.6984232861192 0.621966523937475 0.144256068852277 0 0 802 0 0 0 0 0 0 0 0 0 0
1 0.044213167410129 1.48851328585142 0.526864933114593 1.04994204969978 0.177904589007323 -0.0594574983898785 0 0 803 0 0 0 0 0 0 0 0 0 0
1 -0.110882827263469 0.589288634062938 -0.649597280165852 -1.32743263520159 0.9026805021851 -0.185845122246703 0 0 804 0 0 0 0 0 0 0 0 0 0
1 0.185032359690261 -0.500128136886235 -0.130776610935115 -0.966358513755878 -0.0519302982721482 -0.0115074235442402 0 0 805 0 0 0 0 0 0 0 0 0 0
1 0.0099566753641839 -0.105138489176402 0.0723532569182785 -0.138233570517912 -2.67619047631775 -0.0605722929569682 0 0 806 0 0 0 0 0 0 0 0 0 0
1 0.53563460817992 0.0974481466751204 -1.18231002798014 -0.76181973343048 -0.0529025094934613 -1.98282852145143 0 0 807 0 0 0 0 0 0 0 0 0 0
1 0.501907828446603 0.642132719584963 -0.755144415591158 -0.471008403332416 -0.104057420140274 -0.62730428323368 0 0 808 0 0 0 0 0 0 0 0 0 0
1 0.862613150945588 -0.153194588111554 -1.55688994605219 -0.287638462087253 -0.0587422457917866 0.982863211029519 0 0 809 0 0 0 0 0 0 0 0 0 0
1 1.59211842266907 -2.30094722307603 -0.573692665813967 -0.0370171567347732 0.180564726891342 0.27730391769512 0 0 810 0 0 0 0 0 0 0 0 0 0
1 0.451589675387037 0.710160950109344 0.493900112203844 0.441359747358593 2.08545768091564 -0.347010847386726 0 0 811 0 0 0 0 0 0 0 0 0 0
1 -3.06629937026375 -4.56061202222181 -1.59526889180518 -0.786695730636237 0.461319028759422 -0.357156135592838 0 0 812 0 0 0 0 0 0 0 0 0 0
1 -0.256428408037833 -0.173613458157659 0.0878569031097486 -0.0305156410815325 -0.709375801207935 -0.660269853889431 0 0 813 0 0 0 0 0 0 0 0 0 0
1 0.0419686944554419 0.549891217982362 -0.416378221112494 0.880645718453633 -0.261368951345174 -0.115885116707906 0 0 814 0 0 0 0 0 0 0 0 0 0
1 -2.1083004063715 1.73999421572064 1.08644284701531 0.0747145582168086 -0.119969338560756 0.961397791794831 0 0 815 0 0 0 0 0 0 0 0 0 0
1 0.487223886262535 1.94056973976621 -0.846768862789351 0.167814224682337 -0.679606122525254 0.210156846637965 0 0 816 0 0 0 0 0 0 0 0 0 0
1 0.564946881766508 1.09435021533032 0.675703130323402 -0.631686566416861 0.604840943770294 -0.522369398508154 0 0 817 0 0 0 0 0 0 0 0 0 0
1 0.918444553813418 0.662688632457825 1.23663595975481 -0.884951958305479 0.987739654228082 -0.410996076599322 0 0 818 0 0 0 0 0 0 0 0 0 0
1 0.208657119334466 0.16200925372983 0.0190441666103701 -0.871426610601992 0.967018430229254 1.20810699347595 0 0 819 0 0 0 0 0 0 0 0 0 0
1 -0.169944801184123 1.00359176631924 0.264656855124529 1.13530787084677 -0.0869249018924183 -1.77514728756779 0 0 820 0 0 0 0 0 0 0 0 0 0
1 -0.0811670501250265 0.224392700995799 -0.411038081325042 0.945596931428734 -2.50566091041172 0.659884916895553 0 0 821 0 0 0 0 0 0 0 0 0 0
1 -0.846274562811635 1.55181882932872 -0.35373681023008 0.8277912908965 0.844990598540282 0.358803552219153 0 0 822 0 0 0 0 0 0 0 0 0 0
1 1.25910090803272 0.488483824881338 0.0054320658081542 0.236434125723964 -1.10833708859409 -0.893248544366633 0 0 823 0 0 0 0 0 0 0 0 0 0
1 -0.347838772465461 -0.122793841599692 0.297100971778082 -1.73424892057379 0.457485987206392 -0.639035595766137 0 0 824 0 0 0 0 0 0 0 0 0 0
1 1.11561869383939 -1.55728061463106 2.05467397303185 0.0841133376864912 -1.24347731774437 -0.294416169890078 0 0 825 0 0 0 0 0 0 0 0 0 0
1 0.180025753271227 0.0445751438302169 0.437774561088121 -2.82434401794771 1.01408625274632 -0.0757628460201269 0 0 826 0 0 0 0 0 0 0 0 0 0
1 0.372586560929782 -1.38513331760314 0.333471320101643 -1.23082594627854 0.425180716436213 -0.409929897941196 0 0 827 0 0 0 0 0 0 0 0 0 0
1 -0.422934826678366 -0.374740771327473 1.00710946219083 -0.606329274743103 -0.811539250296492 0.0227561565925997 0 0 828 0 0 0 0 0 0 0 0 0 0
1 -0.0748568917834028 -2.93942235357233 -1.53374541980543 1.0449441792091 -0.147177011170271 0.128372793610811 0 0 829 0 0 0 0 0 0 0 0 0 0
1 0.325966260491475 0.564051413950889 -1.54123396710765 -0.0827422252084454 -1.19389737945958 0.232848842719648 0 0 830 0 0 0 0 0 0 0 0 0 0
1 0.0637654387895822 -0.586332353444101 -1.19242364637753 0.944945034971169 -0.29586424583072 -1.55478678316522 0 0 831 0 0 0 0 0 0 0 0 0 0
1 -0.370548135323868 0.912403092289157 -0.29882844866426 -0.861036483623073 0.0184970144627102 -0.319949444576634 0 0 832 0 0 0 0 0 0 0 0 0 0
1 -0.387679355459467 0.609268246648555 0.649773306235423 1.33373674316334 -0.528548135865562 -1.81634571021665 0 0 833 0 0 0 0 0 0 0 0 0 0
1 1.18888781026932 -0.762883251241624 0.0116060670819576 -2.70911442519226 -0.667043261669751 0.355804324972541 0 0 834 0 0 0 0 0 0 0 0 0 0
1 -0.730398196452863 0.784666723427815 -0.707733000208531 0.299977963683251 -0.227907692916232 -0.174649656291752 0 0 835 0 0 0 0 0 0 0 0 0 0
1 -0.576661023659365 0.61734426981867 0.0459479403573388 0.411790739503043 -0.609317548932188 -0.943560746371104 0 0 836 0 0 0 0 0 0 0 0 0 0
1 -0.533990652403518 0.370030876122987 -0.611802220561882 0.312089920860943 1.37553510793405 0.561288150877044 0 0 837 0 0 0 0 0 0 0 0 0 0
1 0.314858852886531 0.572250681312453 -0.116937935895785 -0.239688115081272 0.642989193392502 -0.462684405460533 0 0 838 0 0 0 0 0 0 0 0 0 0
1 0.0488330037459324 0.135863279852891 0.17149142747318 2.5301548652277 0.789872196298547 -0.168053384224404 0 0 839 0 0 0 0 0 0 0 0 0 0
1 -1.27509855056647 -1.2946480414505 2.77576454479116 0.219708449469636 -0.0670627910537847 1.33273676966971 0 0 840 0 0 0 0 0 0 0 0 0 0
1 -1.43797387383973 -0.952583918695714 -0.468821115421953 -0.47208835025417 1.42213467581526 0.231894128963627 0 0 841 0 0 0 0 0 0 0 0 0 0
1 -1.17237365820518 -2.08069525060251 -1.55986890486282 -0.641057082106618 -1.14024803447444 0.479608606189131 0 0 842 0 0 0 0 0 0 0 0 0 0
1 -0.617263591994395 -0.537670721562668 0.66459821895547 0.38625782839007 1.17090053837079 0.569663021718353 0 0 843 0 0 0 0 0 0 0 0 0 0
1 -1.34235158123207 0.464256890236763 0.360151862652949 -1.91325311978933 -0.608271771793811 1.66936802156618 0 0 844 0 0 0 0 0 0 0 0 0 0
1 -0.427427902334148 0.495026019228237 0.0274417203858027 0.296627641500698 -0.976253884521647 0.0643971200628636 0 0 845 0 0 0 0 0 0 0 0 0 0
1 -0.616963366612736 -0.207266781332 -0.838034391941031 -1.3945124813883 0.265370246364661 -0.33840663211338 0 0 846 0 0 0 0 0 0 0 0 0 0
1 -0.566249173838149 -0.498636158533792 -0.324714742431105 -1.31220803349512 -2.68894360059461 -0.349933512127 0 0 847 0 0 0 0 0 0 0 0 0 0
1 -0.148603316723238 -2.06718424948784 -2.97610459421834 -0.765790217931243 0.686083180911534 0.0183140090742243 0 0 848 0 0 0 0 0 0 0 0 0 0
1 -1.89534056563867 1.39445850164567 0.206155144844591 0.41057887981182 -0.262409892860047 0.29467972283972 0 0 849 0 0 0 0 0 0 0 0 0 0
1 0.942588780090107 0.719024509142597 1.39312444073347 -0.838175667250007 -0.483015909643105 0.467694791564809 0 0 850 0 0 0 0 0 0 0 0 0 0
1 0.694653077645218 -0.33165589767125 0.456308539923095 -0.598872156017922 1.25422514263258 -0.0827562029014903 0 0 851 0 0 0 0 0 0 0 0 0 0
1 -0.489846446005511 0.873505436598334 -0.354512921006579 -0.199610845387842 1.4771131214614 0.512523896610522 0 0 852 0 0 0 0 0 0 0 0 0 0
1 -0.077364965310234 0.526127791364952 0.867511335716302 0.116295967027208 -0.454708496878497 0.768125597901591 0 0 853 0 0 0 0 0 0 0 0 0 0
1 1.94076427667108 -3.00092865349598 0.457909641950374 -1.32952286861721 -0.20505245188369 0.697336791652783 0 0 854 0 0 0 0 0 0 0 0 0 0
1 0.278377357290203 -0.468980169521669 -0.302198759403914 0.129106292747695 0.120916040535936 2.13448934019207 0 0 855 0 0 0 0 0 0 0 0 0 0
1 -0.175162507951789 0.442910668473117 0.0385439382347972 -1.24875747839954 -0.591280027760912 -0.768978386099141 0 0 856 0 0 0 0 0 0 0 0 0 0
1 0.561375806964175 0.0427447272778104 1.35018160678624 1.00328207179992 0.524162859997832 0.857258085151225 0 0 857 0 0 0 0 0 0 0 0 0 0
1 -0.211892303227023 2.16274517746191 -0.69775268600115 -1.26648046068985 -0.393054786881658 0.394334905686062 0 0 858 0 0 0 0 0 0 0 0 0 0
1 0.624645972185985 0.967189561379489 0.518209841707126 0.339497654758677 -0.298978379551625 -0.28343107203851 0 0 859 0 0 0 0 0 0 0 0 0 0
1 -1.04938206593419 1.21589635283412 0.844400511671933 -1.4024948553639 0.728938902928294 2.05635186362094 0 0 860 0 0 0 0 0 0 0 0 0 0
1 0.528118483834765 0.132111346778894 0.533672680073084 -0.902528878211774 -1.6813024938999 1.08335897191669 0 0 861 0 0 0 0 0 0 0 0 0 0
1 0.182339009463295 -0.0855950114846458 -0.0658164581893067 0.293161308534758 -2.18708077483471 0.529666406142371 0 0 862 0 0 0 0 0 0 0 0 0 0
1 1.22727082950941 0.51901988538547 -1.76749879382971 -1.14289744939 0.00594891147131825 1.10072657868654 0 0 863 0 0 0 0 0 0 0 0 0 0
1 1.54239434857418 1.91675994080234 -1.56008939690827 0.476155197486199 -0.872693919142779 0.0220217990430626 0 0 864 0 0 0 0 0 0 0 0 0 0
1 0.102199078460425 -0.138820026713637 0.035028821049968 0.489357352549405 -0.213562978519576 2.93521469603282 0 0 865 0 0 0 0 0 0 0 0 0 0
1 0.254393805585584 0.522939991296595 1.18429071912038 0.936973172394971 -1.28193901753361 1.22477553580391 0 0 866 0 0 0 0 0 0 0 0 0 0
1 -0.414202187317261 -1.1307494826949 1.33729528682949 -0.601784274081232 -0.217571564368456 0.966183357430548 0 0 867 0 0 0 0 0 0 0 0 0 0
1 2.51568943768269 0.217282948145279 0.656199807423698 -0.690969388670605 -0.583169384994146 0.509962231122386 0 0 868 0 0 0 0 0 0 0 0 0 0
1 1.17390055890569 0.368245481092946 -0.82817370881506 -1.58560103273108 -1.64876659555317 0.125345184299771 0 0 869 0 0 0 0 0 0 0 0 0 0
1 -0.817001231151303 -0.786491889488019 -0.0005111730822286 1.09138711478248 0.052497057099707 -1.21783915124242 0 0 870 0 0 0 0 0 0 0 0 0 0
1 1.19338492996869 2.40217664694739 -1.57388620760043 0.178218587275372 -0.521779932355186 -0.0282128735356605 0 0 871 0 0 0 0 0 0 0 0 0 0
1 -0.0809906122394082 -0.0782588790824469 0.0192753557433036 1.18978260606114 -1.72437192972247 1.36165811783831 0 0 872 0 0 0 0 0 0 0 0 0 0
1 -0.365195641890519 0.413016351551605 -0.156746317698913 0.626362627015561 0.557497808563631 -0.667561120174973 0 0 873 0 0 0 0 0 0 0 0 0 0
1 -0.476452920353675 3.26567852580397 -1.1974815836629 -0.530921549957367 -0.149585452355654 -0.326212986696872 0 0 874 0 0 0 0 0 0 0 0 0 0
1 -0.352259044132419 -0.455189837189038 0.128993947062876 0.149836091401383 0.534960125381255 -0.0411342748113948 0 0 875 0 0 0 0 0 0 0 0 0 0
1 2.50718413712524 -0.627379708447321 2.44638149718447 -1.10289201261137 -0.897364511725572 0.790503500983947 0 0 876 0 0 0 0 0 0 0 0 0 0
1 -0.648656234330015 -1.26705007639732 -1.2886749599923 -0.00513188184284192 0.930900473150637 -0.987284949661745 0 0 877 0 0 0 0 0 0 0 0 0 0
1 -0.245931608113856 -0.378164377328643 -0.307242204814997 -0.647975840831344 -0.313652381864536 -3.01275876065455 0 0 878 0 0 0 0 0 0 0 0 0 0
1 -1.49337862909532 -0.212823367165523 1.17325554172228 0.33586572545075 0.736380332571017 1.11707964482228 0 0 879 0 0 0 0 0 0 0 0 0 0
1 -0.25196169875895 0.231834568684164 -0.611729585326287 0.785494995724908 -1.31678937291831 2.14379264824649 0 0 880 0 0 0 0 0 0 0 0 0 0
1 -0.0185001280157939 0.997655817746146 0.817564305988438 0.825648857402658 0.852588197826652 0.31277684518863 0 0 881 0 0 0 0 0 0 0 0 0 0
1 1.46926110886605 -0.637171249530947 0.949347749707295 0.326050877862731 -0.927128949667779 -0.514253828304941 0 0 882 0 0 0 0 0 0 0 0 0 0
1 -0.248436521849976 1.26882687416975 1.70847585327747 0.312899621691557 -0.46263507367607 0.941995411137193 0 0 883 0 0 0 0 0 0 0 0 0 0
1 3.6110602390542 5.28729174631995 -7.38038309971617 0.274160590802465 0.00564341965855824 0.388624714760555 0 0 884 0 0 0 0 0 0 0 0 0 0
1 -0.937641479746367 -0.260411709707003 -1.02430669673552 0.394264385984392 -0.296092899831739 -0.0111235490340161 0 0 885 0 0 0 0 0 0 0 0 0 0
1 -0.570080979598413 0.29243565515007 0.0861719568817106 -2.33476485866778 -0.961351551991878 0.476197262146694 0 0 886 0 0 0 0 0 0 0 0 0 0
1 -0.534181827817683 -0.0644251406113298 -0.1558750597386 1.5110426447677 -1.8549403908428 -1.64584699844416 0 0 887 0 0 0 0 0 0 0 0 0 0
1 -4.8344514172505 -2.13362316398026 -2.13529254293359 0.505254718168115 -0.976228597250265 0.0174936119125649 0 0 888 0 0 0 0 0 0 0 0 0 0
1 -0.629613919439844 -0.816107339831719 0.782904612412503 0.103158435723285 0.293567518089389 0.632980026208645 0 0 889 0 0 0 0 0 0 0 0 0 0
1 -1.88136934056472 0.0808856635188632 -2.67508035859255 -0.176871035187728 -0.101545448167123 -1.10199668354936 0 0 890 0 0 0 0 0 0 0 0 0 0
1 -0.125091536398862 -0.0265871824803746 0.418197867426331 -1.96185041211789 -2.22140322005985 1.25758401000774 0 0 891 0 0 0 0 0 0 0 0 0 0
1 0.141259258773548 0.457307397203619 0.230522598161535 -1.31233484321569 -0.644523400865015 1.06290738922379 0 0 892 0 0 0 0 0 0 0 0 0 0
1 -0.0274551712308831 0.0253187889472666 0.292785389317271 -2.07287787574778 -0.282007679871892 0.319886446483731 0 0 893 0 0 0 0 0 0 0 0 0 0
1 -0.441062324541168 -0.0626407151284821 0.0127304259850301 -0.227400422546405 1.006356186538 1.06936411802982 0 0 894 0 0 0 0 0 0 0 0 0 0
1 0.403070522347202 -0.0574595915762142 -1.34672998245228 -2.25697417199787 -0.369784272267518 -0.801767931532876 0 0 895 0 0 0 0 0 0 0 0 0 0
1 0.206025823738035 0.383711338411171 0.318089098471434 -0.367363356346344 -2.78147635403903 -0.367233074337274 0 0 896 0 0 0 0 0 0 0 0 0 0
1 0.939920240423763 0.201052526573551 0.111979864372817 -1.65422247228872 0.260794029207986 -1.01481195551498 0 0 897 0 0 0 0 0 0 0 0 0 0
1 -0.759094482642676 -0.948970501756748 0.4792057712274 0.710229269910306 0.139326956624442 -0.0543376116619909 0 0 898 0 0 0 0 0 0 0 0 0 0
1 -0.185945636034577 0.259500137951958 -1.05939643711974 0.0124694635824089 -0.613688889343344 -0.021565056421129 0 0 899 0 0 0 0 0 0 0 0 0 0
1 -4.8228317972844 -0.553877529891933 -4.47202825086116 0.2926535298197 -0.117974841486326 0.247763883084387 0 0 900 0 0 0 0 0 0 0 0 0 0
10 0.774119676077244 -0.396889290165861 -0.290161431684732 0.667638347516804 0.296080899025879 -0.0620771946532107 0 0 901 0 0 0 0 0 0 0 0 0 0
10 0.409504288256536 0.776014269019928 -0.477127642856101 0.792409844720801 1.09880229971764 -0.0503061805161052 0 0 902 0 0 0 0 0 0 0 0 0 0
10 0.086076129013778 1.19008227862076 0.788756987494969 0.787319567582056 -0.345857937666856 -2.09831003650603 0 0 903 0 0 0 0 0 0 0 0 0 0
10 -0.984977057795285 0.799211325552275 -0.420342031639257 -0.275077377538461 -0.189756788125483 -0.346806202384999 0 0 904 0 0 0 0 0 0 0 0 0 0
10 0.717799249565713 0.712506768541889 0.124077483479009 -0.460867574238645 1.56838365094431 -1.30370440653891 0 0 905 0 0 0 0 0 0 0 0 0 0
10 -0.0443692845917158 0.0175460091821677 -0.0467778816278525 2.35939926624363 0.419749661203987 -0.0540354442248846 0 0 906 0 0 0 0 0 0 0 0 0 0
10 7.00944994871127 -2.16018835218174 -3.76277819314429 0.238347344252412 0.507195638367874 0.317575237923048 0 0 907 0 0 0 0 0 0 0 0 0 0
10 -0.318866225518402 0.824183200551596 -0.095456455353719 1.72998921196622 -0.697360473611112 -0.715212197953402 0 0 908 0 0 0 0 0 0 0 0 0 0
10 -0.239422666736741 0.0546467100059422 0.112509265532957 -1.97075672253591 1.13400019920675 1.05598060773483 0 0 909 0 0 0 0 0 0 0 0 0 0
10 1.3604337114824 -0.112033169202643 -0.0314868224171196 -0.11555335911735 0.673356429932328 0.327524697920647 0 0 910 0 0 0 0 0 0 0 0 0 0
10 0.207526690560871 -0.442646346729541 0.282337588881527 -0.227650095088504 -0.150184448252025 1.62817353445308 0 0 911 0 0 0 0 0 0 0 0 0 0
10 1.2379073134189 -1.17185984421689 -0.0249452237786235 -0.764558404433201 -0.99635433824141 -0.770040749275909 0 0 912 0 0 0 0 0 0 0 0 0 0
10 0.0127153855068415 0.274090301475097 -0.674465071311442 0.438711553468826 -0.153557500345669 -0.12101183940724 0 0 913 0 0 0 0 0 0 0 0 0 0
10 0.165092354329456 -0.0674246959848408 0.280709350307256 -1.0060454906846 1.95386062496648 -1.89446420098986 0 0 914 0 0 0 0 0 0 0 0 0 0
10 0.254788371830627 0.704503079290777 0.259050267029961 -0.14533918011732 -1.84836428629104 0.121230587543233 0 0 915 0 0 0 0 0 0 0 0 0 0
10 0.949312053138988 1.12450473984439 -1.38109803247256 -0.92315696743129 0.85177881116094 0.223177599614351 0 0 916 0 0 0 0 0 0 0 0 0 0
10 -0.160845707564022 -0.0097649259143633 0.165533549259037 2.16244242876798 1.64786032343105 -1.43467842496225 0 0 917 0 0 0 0 0 0 0 0 0 0
10 -0.134184053606076 -0.161473077383121 0.154419553946386 0.331597524362714 -1.27149490191515 -0.667656327061952 0 0 918 0 0 0 0 0 0 0 0 0 0
10 -0.862409373605095 0.511648829853598 0.0775680304873318 -0.233090009755921 0.105704734653229 1.89216598498167 0 0 919 0 0 0 0 0 0 0 0 0 0
10 0.614628675014523 -0.0378193468835126 0.269546600886173 0.765272293435974 -0.243997931331998 -1.03622522373541 0 0 920 0 0 0 0 0 0 0 0 0 0
10 0.233169952119699 -0.0713483086692696 -0.386493557594042 0.259878087570633 -1.04039213579147 1.30664453477376 0 0 921 0 0 0 0 0 0 0 0 0 0
10 0.304157976798339 -0.12883700512097 -0.268446931756261 -0.528151252803436 -0.894358534991867 -0.963991533240525 0 0 922 0 0 0 0 0 0 0 0 0 0
10 -2.69573648037567 0.988695413762948 -1.0858210235511 0.394245545535079 -0.765759357797193 0.0397068307028739 0 0 923 0 0 0 0 0 0 0 0 0 0
10 0.171228583720866 0.0848591670205261 0.688451790255754 -0.564655478194334 -0.258457936779985 0.00451961811617746 0 0 924 0 0 0 0 0 0 0 0 0 0
10 0.944886192941988 0.0383484585489831 0.12759504295861 -0.921513543718266 -0.524061453963535 0.357445153048024 0 0 925 0 0 0 0 0 0 0 0 0 0
10 0.0292099143527956 -0.996966038973781 0.227432677222915 1.35920009344324 -0.0223620298883086 1.18792525009787 0 0 926 0 0 0 0 0 0 0 0 0 0
10 0.880982089781966 -0.445350661884269 0.125960093939024 0.343450155310335 -0.10946350472079 1.38613948095525 0 0 927 0 0 0 0 0 0 0 0 0 0
10 0.432193903175108 -1.64303024567664 -1.70902759954633 -0.16356273011915 0.00851498595995579 0.12178712095718 0 0 928 0 0 0 0 0 0 0 0 0 0
10 0.650960527926461 0.195842277946962 0.0976364262337696 2.28889455808535 0.411167685243605 1.15915116567755 0 0 929 0 0 0 0 0 0 0 0 0 0
10 -1.11795441867038 0.298231883542873 0.0308486965016499 -0.471479113437053 -1.24295952280985 -1.37301147338481 0 0 930 0 0 0 0 0 0 0 0 0 0
10 0.55563562421633 0.374353755309782 0.111849139752643 1.23115962847814 -0.491934731970866 0.140323065988468 0 0 931 0 0 0 0 0 0 0 0 0 0
10 -0.663075698820409 1.11092370823032 0.952356957024124 -1.30919654105047 -0.422233024140006 0.851979638931113 0 0 932 0 0 0 0 0 0 0 0 0 0
10 0.606492387419149 -1.29423577343652 1.59343356959342 0.331334817931181 -1.1651957080232 0.354827111993382 0 0 933 0 0 0 0 0 0 0 0 0 0
10 -0.382880753019145 -0.736493662040288 -0.0319088714705064 1.53108162843836 1.32477121329737 1.29368162581875 0 0 934 0 0 0 0 0 0 0 0 0 0
10 -2.53428119580396 0.57931781079271 -0.698005610024355 1.07035319365184 1.37637124759434 -0.327406300862981 0 0 935 0 0 0 0 0 0 0 0 0 0
10 -0.719068140549291 1.10624391590745 0.584005603156694 -0.284707821390697 -0.379178414463828 -1.11441814713122 0 0 936 0 0 0 0 0 0 0 0 0 0
10 -0.726622218527605 -0.67138725289116 -0.413496788612331 0.340294578500102 -0.621277936404947 0.292833243779705 0 0 937 0 0 0 0 0 0 0 0 0 0
10 0.058784093056374 -0.509146424965269 -0.999727504894846 -2.34229489065274 -0.220901929986797 0.919859204066443 0 0 938 0 0 0 0 0 0 0 0 0 0
10 0.111480089113132 0.922144144723282 0.37043537369411 -0.235519963418637 -2.02256655443368 -0.801596667266288 0 0 939 0 0 0 0 0 0 0 0 0 0
10 -0.159280581218555 0.252747129719381 -0.515147084213445 0.622058262278117 1.79956729074156 0.556369043282697 0 0 940 0 0 0 0 0 0 0 0 0 0
10 0.422751950965937 -0.534322791895027 0.0375352227825497 0.163366682348455 -0.341999500680141 -1.24133396799975 0 0 941 0 0 0 0 0 0 0 0 0 0
10 -0.338406362930103 0.79524415345205 -0.527102650224126 -1.29302276596418 0.97200822270788 2.03411457535756 0 0 942 0 0 0 0 0 0 0 0 0 0
10 0.0522376618958788 0.500051628702182 0.201715953826738 0.524039942199836 -1.68278824756844 -1.2554698831238 0 0 943 0 0 0 0 0 0 0 0 0 0
10 -0.340175789407016 -0.23600157755028 -0.233648075661911 0.216323881834092 -1.74614589181168 3.12498611780901 0 0 944 0 0 0 0 0 0 0 0 0 0
10 -2.72434438009474 0.137387401450296 -3.66878420426314 0.466290187840732 -0.174738315232755 -0.265695070469649 0 0 945 0 0 0 0 0 0 0 0 0 0
10 0.255773148785346 0.682007294438324 0.381104757072265 0.507006411740768 0.67444473126035 -0.977903492829935 0 0 946 0 0 0 0 0 0 0 0 0 0
10 -1.42244224331981 -1.71726424449936 2.5296698992797 -0.038957854794775 0.371750908020418 -0.874782219672595 0 0 947 0 0 0 0 0 0 0 0 0 0
10 -0.0446095860908329 0.273025451040104 0.599376875472477 -1.88912492987678 -1.33543958735227 0.603806600375282 0 0 948 0 0 0 0 0 0 0 0 0 0
10 -0.398461092660194 0.0385499165208207 0.264684452909975 -1.88147302718772 0.356526277147085 0.912409792889817 0 0 949 0 0 0 0 0 0 0 0 0 0
10 0.112318966266493 0.605557739775736 -0.190391840189931 0.655020080132739 1.30230109450772 -0.297804233270218 0 0 950 0 0 0 0 0 0 0 0 0 0
10 -0.461942653823457 -0.0608127231247826 0.409490008801966 -0.76652756758231 -0.681560531644507 1.30604701397863 0 0 951 0 0 0 0 0 0 0 0 0 0
10 -1.68846536058418 -10.4480526128954 -2.08413929456733 -0.0391003587842285 -0.120701768000028 0.109014511749894 0 0 952 0 0 0 0 0 0 0 0 0 0
10 -0.206139605966469 0.216951094285133 -1.30438628208133 0.0492575588705096 -0.500759260640253 -0.60437937118365 0 0 953 0 0 0 0 0 0 0 0 0 0
10 0.277283215581591 -0.0317679568053657 0.0847579106115224 -0.13652865848263 2.75824285270772 -2.74732289487966 0 0 954 0 0 0 0 0 0 0 0 0 0
10 -0.175465426891421 2.25694145595974 -1.14126792143596 -0.147600885415532 -0.328706172814035 0.427174696774995 0 0 955 0 0 0 0 0 0 0 0 0 0
10 0.61929483049668 0.71767830791152 0.0165580420088955 -2.05199404190377 0.0716857778698042 0.459597592732523 0 0 956 0 0 0 0 0 0 0 0 0 0
10 -5.28876026892563 1.49597073590759 -1.76019951266985 -0.712906357602534 0.50090681040474 0.471865981033214 0 0 957 0 0 0 0 0 0 0 0 0 0
10 -0.25974029028462 -0.18197426408077 0.746246204855618 0.615592549105994 -1.89457905111098 -0.923685947349236 0 0 958 0 0 0 0 0 0 0 0 0 0
10 0.436303312948232 0.917332663613313 0.137035221520562 -0.238240818326446 1.88512392469626 -0.640348159313394 0 0 959 0 0 0 0 0 0 0 0 0 0
10 0.726211453729468 0.283609876749465 -0.590860113341988 -1.13100793893 -0.73271952525361 -0.692619576216514 0 0 960 0 0 0 0 0 0 0 0 0 0
10 1.35348541078058 -0.388601655083131 0.169533068935424 -0.22061378568764 -0.0362275838379865 0.153585518501545 0 0 961 0 0 0 0 0 0 0 0 0 0
10 1.14460533418776 -0.332629930102313 1.77755022827595 0.495690284362654 -1.08698319616869 -0.436348366634286 0 0 962 0 0 0 0 0 0 0 0 0 0
10 -0.743751774939945 0.569640523906915 -0.853524804441546 -0.598632379337238 -1.04086283699729 0.412827026294235 0 0 963 0 0 0 0 0 0 0 0 0 0
10 0.136858443782173 1.14559720638512 -0.418694060011312 1.40642759625829 1.74910180718544 0.292428087701545 0 0 964 0 0 0 0 0 0 0 0 0 0
10 -0.248540094180351 1.94214134968006 -0.106954979250838 1.06091910019786 0.120790841268592 1.11922911095096 0 0 965 0 0 0 0 0 0 0 0 0 0
10 -0.375605495494548 0.286975735238767 -0.550170752808581 0.207232296898539 -1.29584724474857 0.393243619847963 0 0 966 0 0 0 0 0 0 0 0 0 0
10 -0.0206454801268043 -0.603962951222489 -0.145525491123997 0.0791377972838507 -0.832734965824958 -2.38785778264049 0 0 967 0 0 0 0 0 0 0 0 0 0
10 -0.35142671127398 -0.568925503033937 -0.985089774197864 -0.661038090799661 -0.943933894177304 0.684601184369103 0 0 968 0 0 0 0 0 0 0 0 0 0
10 1.2795224160555 0.225276157527103 0.0740025799607215 1.82269716515795 0.828154397197329 1.22564488902714 0 0 969 0 0 0 0 0 0 0 0 0 0
10 -0.526850374899528 -0.0998056443346454 -0.210991016968117 -0.531065727188672 2.09341677740094 0.162563133528313 0 0 970 0 0 0 0 0 0 0 0 0 0
10 0.262827363378635 -0.209819689116014 -0.0852699306147378 1.22807495690276 1.23360245092947 -1.12929002214609 0 0 971 0 0 0 0 0 0 0 0 0 0
10 -0.0885386074830342 0.624709642199169 1.01880946794622 -1.09580118641961 0.820536878718008 -0.706224445428589 0 0 972 0 0 0 0 0 0 0 0 0 0
10 -0.868606174769328 -0.948607993044198 0.0467289502712545 0.908849748316518 1.62695665034322 -0.563925196550842 0 0 973 0 0 0 0 0 0 0 0 0 0
10 -0.372926507672237 -0.264373291124633 -0.123043108063052 3.27129708406481 -0.554194181448812 0.333849904503634 0 0 974 0 0 0 0 0 0 0 0 0 0
10 0.565431716676849 -0.12275772244015 -0.0347949527111156 2.46358855951348 -0.460433344516 -0.352510277053433 0 0 975 0 0 0 0 0 0 0 0 0 0
10 -0.892885619359323 1.80847025919259 0.714511728518727 0.69981408721593 -0.0856719113620578 0.685756555997341 0 0 976 0 0 0 0 0 0 0 0 0 0
10 -1.19365736844928 -0.48654069698868 -0.28537094871133 -0.835913989628854 -1.90524326726358 0.52440116913028 0 0 977 0 0 0 0 0 0 0 0 0 0
10 0.246787477113834 0.0715206159805085 0.199107924786138 -0.438541085101004 -0.151257004582309 -1.80432002759534 0 0 978 0 0 0 0 0 0 0 0 0 0
10 0.871829632947151 -1.90480954066029 -0.129877435623145 -1.16263731632846 -0.546440884162079 0.446312505834249 0 0 979 0 0 0 0 0 0 0 0 0 0
10 0.770781912402362 0.0120390081832357 0.670804137594667 0.317174824151974 -0.698182454436499 0.870322978919077 0 0 980 0 0 0 0 0 0 0 0 0 0
10 0.485485654420393 -0.58998959458139 0.754234095076631 1.71103305198167 1.0178111012199 0.299248796208901 0 0 981 0 0 0 0 0 0 0 0 0 0
10 1.57874398596043 -0.228832413289132 -0.719683098809757 -0.515396225531521 0.0858924866988885 0.290539205998967 0 0 982 0 0 0 0 0 0 0 0 0 0
10 -0.371176514291275 -0.10770215401178 0.401862206468663 2.38052123639974 -0.63400005929074 -0.975977471047528 0 0 983 0 0 0 0 0 0 0 0 0 0
10 0.456373597179292 -0.247090236396181 0.446438606191615 -2.29303344669865 0.922610663154518 1.72146027092581 0 0 984 0 0 0 0 0 0 0 0 0 0
10 -0.27020208446582 0.265290333581137 0.402761943911063 1.22757812457679 -0.950465406442955 1.4112503548812 0 0 985 0 0 0 0 0 0 0 0 0 0
10 -0.703492387327658 -0.164336213163692 -0.0969123097670858 -0.110173362055792 1.58119589323941 -1.43753499658147 0 0 986 0 0 0 0 0 0 0 0 0 0
10 -1.1915419763924 1.06433173256813 -1.54771738558926 -0.905495257143428 -0.295127365347054 0.701999722404197 0 0 987 0 0 0 0 0 0 0 0 0 0
10 -0.462438431188055 -0.390378918381348 -0.0122441219649387 0.319610179326002 0.882182819173382 1.34982246316979 0 0 988 0 0 0 0 0 0 0 0 0 0
10 0.688125551175021 1.16340409963233 0.937467988534739 -0.128956724197623 0.754015196407447 -0.677710936765052 0 0 989 0 0 0 0 0 0 0 0 0 0
10 0.360399439728457 -0.57537391535437 -0.0007087412702864 -0.581406790166472 0.879838182009954 -1.04205583401068 0 0 990 0 0 0 0 0 0 0 0 0 0
10 -2.89142765837002 -1.30392839807583 2.88044690379649 0.498035517852568 -0.194262697219247 0.471355942403106 0 0 991 0 0 0 0 0 0 0 0 0 0
10 -1.45477249035924 0.0402889805034123 -1.01760458402986 1.29842540116909 -0.459223095240034 0.2181326084011 0 0 992 0 0 0 0 0 0 0 0 0 0
10 0.114400580121449 -0.214996826381828 -0.463673298326413 -0.234901763631765 1.06431816957077 1.82395283925191 0 0 993 0 0 0 0 0 0 0 0 0 0
10 0.68746676900723 0.196117802232372 0.754097237374771 0.644435598689598 -0.364234023436011 -1.00223753398744 0 0 994 0 0 0 0 0 0 0 0 0 0
10 0.533860197724542 -0.40837246792321 -0.0373200253808865 -0.619325192059793 0.153803853856798 -2.21674471664655 0 0 995 0 0 0 0 0 0 0 0 0 0
10 -0.479523850958407 0.383561302401746 -0.0394024245168834 -0.534967216015575 1.49478238787546 -0.883500176323952 0 0 996 0 0 0 0 0 0 0 0 0 0
10 -0.0148012620455242 -1.0313444686079 -0.640678343509302 -1.13845996558459 0.0611463990354514 -0.067614138749222 0 0 997 0 0 0 0 0 0 0 0 0 0
10 -0.0438846846353508 0.128690206105026 -0.0381183008693262 -0.280108426421612 -0.240941859258322 1.02205291656412 0 0 998 0 0 0 0 0 0 0 0 0 0
10 0.451205962326369 -0.52168336011846 -0.355336872105239 2.1237972371142 1.86446289716072 -0.0659069537595744 0 0 999 0 0 0 0 0 0 0 0 0 0
10 0.0905942821953516 0.314451717700963 0.441754308462236 2.34992578027679 1.80583704537537 0.633623153083086 0 0 1000 0 0 0 0 0 0 0 0 0 0
