1.0000000000000000	-0.3140468421023763 0.1978043516633809 -1.1878638849805492	0.1456682251996735 0.4634376463074847 1.7458706883556889
1.0000000000000000	-0.4460570698873507 -0.1931519464540815 1.8399609131670669	0.7182678411824907 0.7268187515614080 1.7245950402083354
1.0000000000000000	1.6455503377574499 0.2415580202141417 0.9136882505185977	-0.3475985730772121 -0.4285246115586208 0.0837652397966644
1.0000000000000000	-3.0081478367144614 -0.8407731239065266 0.0846813103198692	-0.6636215596016823 -0.7025449545940059 -0.5859758410238139
1.0000000000000000	-0.7897153318748915 0.7144997135910334 -1.2482093949938331	-0.8948296572170001 -0.0962315762799744 -0.3315388713828658
1.0000000000000000	-0.1131787642309242 0.4980479048004741 -0.3090431556212415	2.2266615286597897 0.3765362927329779 0.2795170791344157
1.0000000000000000	-0.0118207676677962 0.7786669245836502 0.7473118076563908	0.4200311276965136 1.0388133751562760 -0.6973426679541820
1.0000000000000000	-0.8056853981465880 0.6082615961535618 -1.5442753283917425	-0.0030753614512545 0.0962251809972797 -1.0746060554951404
1.0000000000000000	0.4359655419875914 0.0880514786801634 -1.1391810812570047	0.4194036803297160 -0.2270432028755075 1.0244282919002148
1.0000000000000000	-0.7136320467358764 -0.4545997279305147 0.4203517926356737	-0.9384387230594983 -0.3274646384576824 0.2500638223844321
1.0000000000000000	-1.5593581415600153 -2.4365159608154050 0.9659887934526108	-0.0148301644892907 -0.4130500308739953 0.0678214966514089
1.0000000000000000	0.4853816628075195 0.5141651276782911 0.0705774280669289	0.0535910826662832 -0.0530755561464798 2.1021954500399960
1.0000000000000000	0.1963165834816910 -0.4789594092373573 -0.2814856597003342	-1.4598332767516848 1.0402369233575139 -0.5480070028637557
1.0000000000000000	-1.5044968461911619 -0.6014720510974501 1.0600182376374818	-0.9064642085051960 0.6738568973342620 -0.0576998771708810
1.0000000000000000	-1.9788293306212086 -1.0715404099999826 0.9616955434538995	-0.8870879786220510 -0.3844518927393596 -0.0487792983124954
1.0000000000000000	0.7121772167697324 0.8820330555045787 -1.1246062127130387	-2.0339811280488211 0.0614975366837984 -0.0916605706295004
1.0000000000000000	-1.0780269630677761 -2.8898404311652084 1.5634199656914092	1.0514898440106419 0.9595858778019206 0.2528778416865182
1.0000000000000000	0.3084358144735358 -0.3959393681379580 -0.0716068378606999	0.3186475784623549 -1.6711286650276582 -1.4016811554118962
1.0000000000000000	0.1911405966627890 0.2743973444583898 0.1767696393946269	-1.3785225334831241 1.1663592456505854 0.5872748639195252
1.0000000000000000	-0.1889483365463171 -0.6295574591833784 1.0430350784023412	-2.0343171784547915 0.3365139723112658 -1.0117158486389799
1.0000000000000000	0.0749295456209837 -0.3584056470198212 0.3452135447965548	-0.7918325423652618 1.7917848195689055 -0.7098208561404928
1.0000000000000000	0.3077726567302870 -0.0392118787507278 0.0362512141392947	0.9888653995892281 -0.5867501671076920 -0.5462945225330016
1.0000000000000000	2.3256442869717047 0.4534629130117275 0.6283900236394433	-0.7984246559447340 -0.4685837345206390 -0.9714950646716689
1.0000000000000000	-0.0107119590247939 -0.2490223890299627 -0.1085164737750203	-0.0759512677109518 -0.2639077262858132 0.3922299567574863
1.0000000000000000	-0.1694905001027292 -0.3130881991110847 -0.1207914551591925	-1.2181600350819337 -1.2883337845611449 0.2860321633687407
1.0000000000000000	0.4931749149148644 0.4670817072646471 0.3768801810397264	2.0252145786665006 -0.6148763579400982 1.5283090977246498
1.0000000000000000	0.7171009596699582 -0.4802405351453976 0.1379263276365449	0.6141382290207410 -0.8982976617441752 0.9977491553879718
1.0000000000000000	-0.2350048275193065 -0.0002559686301433 -0.0180905516991251	-0.3603378813887844 0.2767589080098010 -1.6852273160164650
1.0000000000000000	0.2010552598732074 -0.6007027318893600 -0.7647110404170046	0.5461890436123480 -0.6982766027956867 -1.4885622306856698
1.0000000000000000	0.6864776761018232 -0.7406935977170237 0.3718776034715682	0.1925530509071423 0.5365108614424592 -0.0357413878899611
1.0000000000000000	-0.7452165724076057 1.5946106523664880 1.3931319977137446	-2.0097639456039711 0.2038256135153169 -0.4714177867779665
1.0000000000000000	1.6170013961305181 -1.0836237856180764 0.5377124778590356	0.0866711245400842 -1.2470787045313421 -0.8789389752887127
1.0000000000000000	-1.4088382769511616 -0.9299625286988175 -0.6051699656227660	0.1570702922003117 -1.2388733041262965 0.2994265720758552
1.0000000000000000	-1.9896229159926120 0.2935790355715606 -1.5089440076654277	0.6105978868940383 0.1167370778828719 -0.2134960734988835
1.0000000000000000	0.6705533410771077 0.8690248298346900 -0.0812613579993675	-0.3440481220661820 0.2013923793554294 -1.7973451841224630
1.0000000000000000	0.1902802901802373 0.7739851882813109 1.1614355403442913	0.3105729079647317 -0.0835307855903633 0.1349911814120042
1.0000000000000000	-1.3400342300726125 -0.3026951634521596 -0.7486716499837799	-0.3353824590765012 1.1872395710330919 0.3443438832063864
1.0000000000000000	0.4839264710372398 -0.7511264758785151 -2.1475380341762711	-1.2605864560006439 -0.3696139396095274 0.6826127059633830
1.0000000000000000	0.7970010520136200 4.3032467558959056 1.8136103327313347	-0.7439452788427626 0.4376413041202128 0.3850312164027409
1.0000000000000000	0.3340337216271111 0.4617972117925125 0.2988844049867083	-1.0825111450420191 0.3819710706841210 -0.2344144832331258
1.0000000000000000	-0.1913543005804683 0.0035306080805759 0.1256386046781788	0.3559105630496048 -1.2692001532696768 -1.6910404492151525
1.0000000000000000	0.7967845459155725 -0.1792983836486282 0.0853854299210315	0.5631326022492913 0.0086294935066206 0.1066913761251598
1.0000000000000000	-0.2320799214035082 1.0644294763976463 0.4047473083653148	0.0200715439901504 -0.5091133317330424 -2.5619980777635418
1.0000000000000000	0.5286562985200149 -0.0436065497180551 0.5772877867318154	0.9137436248593553 -0.9060402142778584 -0.5766542234512378
1.0000000000000000	-0.1688733387089127 2.0843200324717577 -1.0095397771261774	-0.0312873642644292 1.8799106558460346 -0.7376744524116426
1.0000000000000000	1.5870352622700497 -0.5806531021379667 0.5791664377894917	-0.6725342893055266 -0.8960995951624892 -0.4552012399896348
1.0000000000000000	-0.1745640126653253 -0.1047639917381523 0.4161170664883931	0.5038187152489482 2.4424222387298049 -0.4736351284433710
1.0000000000000000	0.0234984845306576 -0.2713520653810397 -0.0153126345487514	-0.8857502763655913 0.4537588188271210 0.2047884760210618
1.0000000000000000	0.6133139313773602 -0.1900108826007531 0.7621100309882995	-0.5019128307906890 0.3824597805630130 -1.2158031335865120
1.0000000000000000	-0.4956944889442403 -1.1632179452558227 -1.6965510713148222	-0.1457695811517275 -1.3400419302791915 -0.6993693234329335
1.0000000000000000	0.9558153477599760 0.7125570309312879 -0.7300653950293876	-0.4953892545997948 1.6029082245986190 1.0567006758513109
1.0000000000000000	0.2440863721037968 -0.4827230452444906 0.0710521592098377	-2.3655275123426134 1.2322530032339538 0.7241606730244664
1.0000000000000000	0.3083318044258532 0.7905581948655533 0.7718024838605116	1.6423081105151116 -0.6912356945627756 -0.3962396195460821
1.0000000000000000	-0.3399548285021089 0.4222847959655336 0.9104899559040671	-1.4672715836820429 -0.4046707849917578 0.2438241362921849
1.0000000000000000	-0.9796452739641873 0.7257855476472930 0.2385585208072707	-1.0487410241063346 -1.0565628719744993 -0.9934246537352658
1.0000000000000000	-5.6654849427790053 0.3691922235706864 1.6557373462647997	-0.7355761217692861 0.0737837759796542 0.0097552670107921
1.0000000000000000	-0.3173298873965714 0.6138792806669673 -0.1954021713574542	0.6775943812873177 0.8652731492159919 -0.3756425753998699
1.0000000000000000	0.5939781320162675 2.0158180847301610 3.0649235022008439	-0.9726107028215797 -0.3483450431244378 0.5708244561562651
1.0000000000000000	1.4958038194248828 -3.5946664620330480 -0.9203593423666427	0.0300880017100909 -0.1872242235271326 0.1975203588600222
1.0000000000000000	-0.9917600106899429 0.4509316425904110 -5.0733366001962619	-0.5657377578204895 0.3111598725894192 -0.3807047454774266
1.0000000000000000	0.6121853439825969 0.3120870675141142 -1.2473953689680182	-0.9950487656787897 -1.1607340212980775 -1.0871246688540894
1.0000000000000000	0.7516783917467492 -0.2491038028546217 0.5783420115241514	0.0676862544792278 0.4999047267648962 -1.1340257509838558
1.0000000000000000	0.3142790289787861 -1.4263640259748700 -1.3020209997442713	-0.7454474792255265 -0.6376247722139911 1.4145271498357750
1.0000000000000000	-0.9461496848097330 -0.0914453521245614 -0.2130073626988000	0.9653392134090204 -2.2662991771387069 -0.0620017898922158
1.0000000000000000	-1.5120041261935970 0.8798809503874280 -1.3948977427294549	1.1973319228211403 0.6537159722433317 -0.1391622569640312
1.0000000000000000	0.2653763524842406 -2.9856516312238788 2.5881175935754372	-0.4166433768232219 0.0602468918366369 -0.2383345250046386
1.0000000000000000	0.3515236307029986 -0.0310330110203102 -0.1224467330240702	0.5805463280603654 -0.6220055393835801 0.6017163021579656
1.0000000000000000	-0.5745517619459269 0.2706478440037428 -0.4851314665815305	1.1042821546725026 1.1425066715760939 -0.2660051375031576
1.0000000000000000	1.1993355735292868 -0.5179922735016348 1.6758715042549837	-0.4695837408812973 1.2185044289768685 -1.5275538455152005
1.0000000000000000	-0.1757553047423056 -0.0287451345148731 0.5136378057833535	0.0739698265127878 -1.2682893935140696 1.1067641558554364
1.0000000000000000	0.0704046740696496 -0.6880511805148088 0.1269774782889272	0.6610984022707135 -0.9919071873531543 -1.6354348998572321
1.0000000000000000	1.7781572498223630 0.6320745852932038 3.1172737801820016	-0.6566344405505604 -0.3515686250709460 0.0069393261925532
1.0000000000000000	3.5520297917428554 0.2804264662692832 -0.9031431294145931	-0.2905907836383295 0.5366454978251549 0.0349945575457321
1.0000000000000000	-0.2614467914347634 0.1502862954811878 0.3926070990667196	0.4031981264401222 -1.6990224050892373 -1.7094301223427275
1.0000000000000000	0.5313531799937337 -0.2854576070740782 0.0100077687142239	0.7808008883827423 -1.2139171358226479 -1.8202226104872008
1.0000000000000000	0.5272056852850689 0.1875008118989638 -0.3799565819137383	-1.4021750547882179 0.8892552086925996 -1.5910423615340534
1.0000000000000000	0.2146236071773202 -0.2753093021927214 0.4665556387404449	0.8989597535402600 -0.8443435498222898 -0.7190457371151376
1.0000000000000000	0.9014116350256163 -0.5249429778796091 0.1115574439670613	0.6447762665701681 0.6445150163432942 -0.9903375698018154
1.0000000000000000	-0.5524023830949539 0.3355757459382251 0.1305224772934654	-0.1114980999927679 0.3510878301397726 -0.8853716505370166
1.0000000000000000	0.3819723300082387 0.2532642084702839 0.5095521071872730	1.6494242851140890 -2.2200588776335062 0.0704466935206610
1.0000000000000000	1.7734061637829026 -0.3809525497650623 0.5659814047885202	-1.5296579892709110 -0.0290981703848538 1.0953944773673676
1.0000000000000000	1.2733813078383718 3.1145850696581880 5.0040210643730596	-0.0833542949228314 -0.4045583168648013 0.1313083591663123
1.0000000000000000	-0.7809779051767826 1.0543527650167714 0.2247012503100182	-0.1314070957827780 0.5594447480848478 0.7172713863322524
1.0000000000000000	1.3290867999123519 -0.4644306510334723 2.7626436775496916	-0.1846492623447800 -1.2177462059301534 -0.4158118344322109
1.0000000000000000	-5.3229096229166544 0.9786854518524606 1.4979612229415713	-0.7153307544764135 -0.3956624472970577 0.3555466143399208
1.0000000000000000	-0.1129439538979533 -2.0671922402865768 0.2518452962297715	-0.8271746287950505 -0.1784697155853562 -0.7080506737475788
1.0000000000000000	-0.0194193967669738 -0.7360658431031287 0.5947781862878471	-0.9347794960789125 -0.3608411837635921 -1.0676904522453201
1.0000000000000000	-0.8125284941431211 -0.4190041586202537 0.8086196355473874	0.8802992695879054 -0.0972613970519964 -0.1557588082094345
1.0000000000000000	-0.3101813964536175 0.6304667743155679 0.2081481516068959	0.7104968360981399 -0.0830956465538041 -0.4040526871364870
1.0000000000000000	1.8440365527934126 -1.3445162372174644 1.2936689118759899	-0.1750089258038224 -1.0064618860929819 -0.5920862284034500
1.0000000000000000	-1.6669864793844658 0.2715935436030432 -0.2601533169159110	-0.2646572179100285 -1.3471081856420453 -0.8331942106381837
1.0000000000000000	0.3429736827075243 -0.1724733206785063 -0.1127580733709832	1.4152370044612541 -0.6792191831374822 1.0752820523164324
1.0000000000000000	0.9045329651183117 1.2939244406426822 0.5857528094546428	-1.3009887341526816 -0.6169617557823255 0.8935390472837004
1.0000000000000000	0.2111852093393657 -0.7775168135824266 -0.1691539701723636	0.2274845720329723 -0.5866287587328679 -2.5058802673995197
1.0000000000000000	-1.1703582131504919 1.0872831959052642 -0.2246922919697852	-1.2224301398494930 0.9110660729631811 -0.2700983266037464
1.0000000000000000	0.7691429599036059 -0.9689512446655131 -0.9649588588330971	-1.6270658758986429 1.2505559905426433 -0.8330604812042453
1.0000000000000000	1.0227077134937967 -2.9508287155566832 -1.7907065633015038	-1.1612517948645582 0.8865130420543890 -0.6235181785506765
1.0000000000000000	-1.3947908313580013 -1.1631188132358214 0.0410397917135982	0.1534117582630901 1.3272749631224694 -0.5925541573944104
1.0000000000000000	0.2844904633885348 -0.9063544714327283 0.3510917413601120	-0.3957591171050326 0.9395926502679762 1.7700834593013999
1.0000000000000000	2.0757153104331683 -1.4023421126738369 1.4727032682874703	0.7501012960687633 -0.0370062237725537 -0.0803779737169944
1.0000000000000000	-0.1907180360513245 -0.5793032784230336 0.1816761160472415	-1.5788103215334375 0.6681708154364367 1.4684998938867559
1.0000000000000000	1.6086562702669145 0.1250858805731866 0.8655972894570194	-1.3375246312196778 0.4097707150453785 0.6463170891049773
1.0000000000000000	0.0671225962492766 0.0528965381181729 -0.0198006383449718	2.2100354241680651 1.2070778741146950 -2.1665554598383587
1.0000000000000000	0.4962722888358000 0.3882040540716089 0.1499846572991012	1.1224133278095541 -0.2094914404983255 1.4950121298041317
1.0000000000000000	-0.8530328983036540 0.3152010761216259 -0.3830161480639999	0.4134591968317980 0.4758845572223015 -1.7054562662504926
1.0000000000000000	0.9413026146985279 -0.4246143319367242 -1.2255502779109626	0.5606705302988444 -0.8690463580882148 0.9304068987613244
1.0000000000000000	-1.2009323281697513 -0.3978172971890817 -0.0214098981752096	-0.9340112591378184 -1.0553358215737823 1.9948874053957222
1.0000000000000000	0.4883626289190264 -0.2666660279426039 2.6628379656435954	-0.7098717783718338 -1.1786684271558614 0.5918932846734590
1.0000000000000000	-0.2655103340985901 0.7098214336536276 -0.1269384109805887	1.4687924974889044 -1.0200370189868939 0.2020034021558138
1.0000000000000000	-0.6127031715814547 0.2545602366691273 0.6459518394727961	-0.1540225543078073 0.8195740358802418 1.4542182504191665
1.0000000000000000	0.3993964287245951 0.5209734916206631 0.6977558100806114	-0.8084702244809809 0.1268332683943656 -2.0909615986569778
1.0000000000000000	-0.9101303117358166 0.0049246347081481 1.0151434728096844	-0.0829896810308047 1.5515756431333034 0.0766415483189026
1.0000000000000000	0.1555426641251599 0.4864124622537948 -0.5725232599257863	0.9659894096894210 0.6499506127649598 0.1780024396325049
1.0000000000000000	-4.7610598857380735 2.7417727482904208 -1.6640147271265280	-0.5043165575895313 -0.2799573907815166 -0.9311767758478280
1.0000000000000000	0.3157226758829524 0.5934641194634847 1.9825309660765866	0.3489728319440365 -0.7460026135018579 0.8476980767176925
1.0000000000000000	0.7535468150652432 -2.3654074100804552 -1.1456918193302645	-0.2148036659307470 0.7472811175642002 -0.5420040511362102
1.0000000000000000	-1.0109239116597901 0.7233801877478948 1.6666066702590800	0.3202402287163377 -1.2132347568756201 0.6404335017279024
1.0000000000000000	0.0462316812417106 0.3266524326660022 0.5029591867807210	-0.5984035854574524 -0.1365322580839505 2.5460637560110584
1.0000000000000000	-1.1253211856391314 0.5422580742692605 1.9085490912511363	-1.5378698832072404 0.0353241160735109 0.1589055619482216
1.0000000000000000	0.9600095749744280 1.8388209096556560 -1.4095943185046169	-1.4887405565002141 -0.5717408801743058 -0.4818156820625611
1.0000000000000000	0.1151741814772186 0.2130703793010756 0.2485301052480360	0.5934133181921430 -0.1732931332958705 0.0895091975088478
1.0000000000000000	-0.2184110450503730 -1.0387913342627790 0.8100647384474919	-1.2877267952993898 1.3842900600837575 0.1243301903427400
1.0000000000000000	0.1799477242381057 -0.4587262745657142 -0.1052099962758681	0.1131730518080291 0.1322736857677549 -1.1882970706291716
1.0000000000000000	-1.2964457603948465 -2.1152208190941066 -0.7616841307484169	-0.0130280059638346 1.4527527705900429 0.0045205638599298
1.0000000000000000	4.7005145758794180 -0.1981192809240118 1.1608422359316442	-0.6495620824042236 0.0582417601539835 -0.8748886906165245
1.0000000000000000	-0.1161390279545665 0.0978506182963903 0.7733061447861184	-0.0088008851462571 0.7701554922135555 -1.7507866685386182
1.0000000000000000	2.4352318190895907 -2.9589640831985724 -0.4142068780707884	-0.3884340504774835 0.9160922485108437 0.7575671743619840
1.0000000000000000	0.4381444490018004 -0.3018865418399055 0.2840060853456350	1.4293367284760117 0.2024390646966326 0.9747839307813778
1.0000000000000000	-0.4494951221089801 0.3467234749163798 -0.6782350992722884	1.6568292301742877 0.0741303152718383 0.0149936381046951
1.0000000000000000	-0.1238080912369999 -0.2261437308014242 -0.4887597135439068	-0.8906360674342627 -0.2912296477654541 -0.4167995430008424
1.0000000000000000	-1.0566036320860450 -0.2175504116089698 -0.1601461106965845	0.4710606986123381 0.2176616089683779 -1.1446689130498726
1.0000000000000000	2.5189397932649471 -0.7465760922753915 -1.1721880492822914	-0.9741154588259918 0.2994536339751149 -0.4939301807059706
1.0000000000000000	-0.6260126492549535 -1.3404222065054485 -2.3055956378406584	-0.9832164695878719 1.3618361220732884 0.0004595767376160
1.0000000000000000	-0.1070614241719228 -0.1638911046656372 0.2316539125186922	-0.9168775548925854 0.9762429163173028 -1.7013921852686229
1.0000000000000000	0.5207625376975338 -0.3267394761565407 0.4201823945185086	-2.4957726195178278 -0.8077362709022594 -1.3844793226987868
1.0000000000000000	0.0579320520169049 0.6466125736029659 1.3681821250885142	-1.9962217240563589 -0.9724074704528846 -0.1860317541403477
1.0000000000000000	-0.4710340431711769 0.2173657978643673 0.4055856102907183	0.0955962216333304 0.6522504645054532 -0.1372504340169217
1.0000000000000000	-0.4927657592182339 -0.6650727872777494 -0.2633686497207691	1.8219747569958180 -2.0425140698791888 0.3392223855342209
1.0000000000000000	-0.0932402194711769 -0.1053375750007570 -0.1735575050144341	-1.6774325370755443 0.1276783023921840 -2.3286020867888269
1.0000000000000000	-1.0695090155886799 -0.2984868962450324 0.9687394007955236	0.9949274254117906 0.9097668778964315 -0.8337881212417226
1.0000000000000000	-0.3079195520039713 -0.0293260754292563 0.2573987602395052	0.5219813930737005 -1.7191495161162562 -0.3641043980528449
1.0000000000000000	-0.5496621948585687 0.3599526499683015 -0.2677949569107211	1.0060986281876070 -0.0602771466846173 -1.7608931666332019
1.0000000000000000	-0.0934074023785390 0.5731043430258779 0.1940528598424972	-0.2594454965474903 -0.7960009077206881 2.2904019561740903
1.0000000000000000	-0.2906416933239905 0.1545249783359426 0.8029727875531893	2.0390865117242591 -0.5267792712345990 -0.1307689488247186
1.0000000000000000	0.6077632684552234 -1.2811807875092915 -2.6969119573393523	-0.3372862996976385 0.7979966314106035 0.2411615987277699
1.0000000000000000	1.1100284054118179 3.1671391776027793 -3.3319101600986309	-0.2140668381629438 -0.3002761332938327 0.0336762398606485
1.0000000000000000	-1.4394269274115452 2.5569104938951304 -1.7293752095715780	0.8543640162874204 0.6431862189295177 -0.1821745554355926
1.0000000000000000	1.2104164172997334 -1.3597200661172477 -1.4559422797887513	-0.5540977514845672 0.6318945809644949 0.4884269828476262
1.0000000000000000	0.5004573299585400 2.3757824966629424 2.4678652690771283	-0.4339502760333811 0.1220720042690747 -0.3619467319758017
1.0000000000000000	-0.3236705747238451 1.4754665242987051 -0.1166904699623200	0.1995939115385240 -0.2256913529285996 0.5010942328904793
1.0000000000000000	0.2655636135764273 1.0038947716793738 0.5340802576471622	-0.6962716397132120 1.9608307052282190 -0.1587676083915736
1.0000000000000000	-1.1950609066796043 1.4287945688382426 -0.2682901785998297	0.6271066643771036 -2.0093383457588470 -0.0223314691368618
1.0000000000000000	-0.6146534194770945 -0.5418871837520811 1.1597302423863585	0.7819810195039981 -0.8081623783582091 -0.1200824631042668
1.0000000000000000	-0.2269738331700418 0.4872339466171268 -0.1562397563526852	1.9239311874037974 -0.7514072906913903 -1.3570529130089879
1.0000000000000000	0.3088120626327986 0.3764504795108067 0.0071796586932441	-0.8874618721758248 0.7178180246956885 -1.7522275378402254
1.0000000000000000	-0.2364260110790534 -1.0569113992215842 -1.0275403692527101	-0.6845203872106376 -1.3115516947088592 -0.6338726486510960
1.0000000000000000	-0.3989265672365807 -0.2427564864371703 -0.5773450764775705	-1.4897946253549414 0.6973574746494559 -1.1596703461595574
1.0000000000000000	0.2661224212362102 -0.1786359065993380 -0.1358637870987609	-0.7234224720727306 -0.1370292460424378 1.6368871282177813
1.0000000000000000	0.8620073041895332 0.1843902186518051 0.1173957755375383	-2.0118646568801153 -0.6448486876833290 -0.8024227924818396
1.0000000000000000	0.6560078038589410 -0.5174295448612738 0.6472944630578548	0.2326861743217853 -2.3103696548201111 -0.0405355239957171
1.0000000000000000	-0.3733466168889648 0.0730327620703687 -0.6279137796844866	-1.9619584351375041 0.2656448789060541 1.1084972287491399
1.0000000000000000	0.7402189160157493 -0.3937713343647136 -0.3508066781112102	-1.0806384572351015 0.9511230919446315 -1.3463925151282412
1.0000000000000000	-0.6083924320212245 2.8075300161910732 0.3730520981178290	-0.8066483989603221 -0.4245404270480772 -0.3214122868056387
1.0000000000000000	-0.7921572727271293 -0.1328019246851793 -0.5387933181518005	-0.6899898794855427 0.9171978821579438 -0.7260731843615218
1.0000000000000000	-0.3193766338309851 -0.3774069744779149 0.8065544628872636	0.9957498082379042 0.7473881183280269 1.5331820258607700
1.0000000000000000	3.0033510360867313 -1.6520148824521306 -1.7638519463159859	-0.6146125032257383 0.1465255075847418 -0.3520387656177332
1.0000000000000000	-1.0464005566812122 0.5489563693714724 0.5909876847504980	0.1109858694837437 -0.0243512881020029 -0.8510105603198437
1.0000000000000000	0.2111859186827862 -1.8756391121752025 6.3409214708269062	0.6497222893622718 -0.0405341449390636 -0.2172976689557836
1.0000000000000000	0.1979856021626630 -0.5092348899829889 -0.5468817790655105	0.7946483193844825 0.1894174192800564 -0.2746476850303031
1.0000000000000000	4.0338948076089753 -0.9766285777367906 4.9594073945563677	0.1983004396278636 -0.5827148047703061 0.0855740079308117
1.0000000000000000	0.1427507717169404 -0.2746814235009098 -0.7929844054201799	-2.1755246522242078 0.3184684089452028 0.7667865728800639
1.0000000000000000	0.5431702307917259 -0.3842626344077480 -1.6349030955413655	-1.9455300147050543 -0.2907885459917949 0.6391470551820915
1.0000000000000000	0.8603408849663255 1.4255136199930161 -1.5065422933949575	-0.1104708942743559 0.0906893592476891 -0.5747649055881222
1.0000000000000000	0.1667672922323389 -0.0346885902377210 -0.1219825549309922	1.9909784491905362 -0.0296391760820362 1.3500601878667786
1.0000000000000000	-0.8416551793961774 -0.2550921489872754 0.4980309067115318	0.1794697627955028 -0.3962044171627572 0.9652524544216941
1.0000000000000000	0.1059961889986710 0.4422285564570658 -0.3215800534101290	-1.0928217286246356 -0.6515769042443018 -0.9449933686494573
1.0000000000000000	-0.6702496002027476 0.3722626991314305 0.7128634480396654	2.0015086569428515 -1.7656336730054381 -0.1965385782381333
1.0000000000000000	0.0732418307334707 -0.8053550294904813 -0.1294469291189696	0.6957337608032697 1.8892290279140755 -0.9113380078621749
1.0000000000000000	-0.0430418744992284 -1.1395382051567984 0.6340099498043398	1.1226600124074817 0.0235444484611429 -1.0896464503545653
1.0000000000000000	0.2727961941312885 0.6442099877356230 -0.2301686816869535	-1.5145580803549319 2.4844160426042330 -0.0478314157348494
1.0000000000000000	-0.5089530141101758 0.0598953752586368 0.0896173913545530	-0.2054521882157263 -0.2935562564573597 0.2308868366218450
1.0000000000000000	-0.8842965689104986 -0.3131343448022083 1.2379419695100793	0.7400565347375875 -0.2886263804374535 -0.4411605559034187
1.0000000000000000	-0.4581509225805249 0.6721392133236199 0.2493461928390383	-0.0509593956952953 0.2789664464721823 -0.3561385876676790
1.0000000000000000	-0.9912771086754746 -0.2764486143985030 -0.1042818796693926	-0.2611186750333681 -0.5173283772879171 0.5721330586771112
1.0000000000000000	0.9182409657745504 -0.4097305470679319 0.0037283222924791	-0.5834102975622849 -0.4972822634439503 0.1167834321339406
1.0000000000000000	-0.4052690867124157 0.8225405873002465 -1.3191201809203885	-2.3156081706180625 -0.1082575298135087 -0.2399572913040647
1.0000000000000000	-0.0774729227121446 5.0088481123745465 0.6788301907288781	-1.2681528399792128 0.5839683825592934 0.5079505230156676
1.0000000000000000	0.0879084069018522 0.5983252220250306 0.0690174838267232	-0.1954355176790787 -0.5817079712297705 -0.3189316159672050
1.0000000000000000	-0.1374444237683963 0.2428882317325731 -0.2170255344606610	-2.1063367457477145 0.0771855002494193 -2.2256333270548043
1.0000000000000000	1.5059441989356526 -0.9257146700283267 0.1666914146479196	-0.5953341325448136 -0.3801254008331629 -1.1197150361918791
1.0000000000000000	-0.6733437815740948 -0.2822000520446104 0.1204968837594741	-0.2188612210732416 -2.2018532706062031 -1.2414095198968012
1.0000000000000000	0.8228017929037106 -0.5288164220625227 0.3234085195947490	1.5194370661661452 -1.1860939545173037 -0.0961305812830701
1.0000000000000000	-1.0640979823868240 0.6236678845711515 -1.9070343150356770	0.4008738850445934 -0.9292344918147147 -1.0757300841302613
1.0000000000000000	-0.2664923609700064 -0.5053597793923365 0.1479432347142171	2.4013207716689009 -1.1433288411687674 0.8291980113899969
1.0000000000000000	0.8144361799530304 -0.3784041253305575 -0.4330898203612570	-0.6908284743182231 -0.6143770715390546 -0.6765655621876020
1.0000000000000000	0.5976109045716385 -0.9372183092496617 0.0426648509022699	0.3645217940167468 -1.5412118194557054 -0.7281250017440037
1.0000000000000000	0.5969854802912017 0.6471988374017191 0.7268463437716212	-1.0574524260878122 -0.3615631855407284 0.4852953990290234
1.0000000000000000	-0.7898737126518425 0.3053096204830151 0.1262096117217593	0.2211056517376421 0.9676132645924617 -0.5087439648633599
1.0000000000000000	0.7691748279165225 -0.0159945604934739 0.9958894358165058	1.6729260468612903 -1.3893610811212211 1.2393844795150708
1.0000000000000000	0.1279831815496106 -0.0170282796516039 -0.2414584312580921	0.4328477437151569 1.1435746995779044 -0.7144805698303600
1.0000000000000000	0.5698108809575796 1.5605468465688259 0.0864172152763192	1.1137194590668360 0.3295053271440649 0.1492229821599657
1.0000000000000000	0.3621051694975788 1.1560479143816786 1.0890139212663299	0.8169742423856694 0.2950757990887879 -0.4926498279133374
1.0000000000000000	-0.6709455360707032 0.9280154258623540 1.4270932025311658	0.3969480947215985 0.4755287992600176 -0.3813794895925239
1.0000000000000000	1.6347998315391092 1.1140404082070059 -0.8465329106193235	-0.9831677732275281 -0.8975790870825385 0.0194373600641973
1.0000000000000000	-0.1302108510345249 0.3791257533266879 0.1621358283745198	0.1950994443645815 -1.6987026208744513 1.5275655752095640
1.0000000000000000	-0.2077085831747496 -0.1542308375736833 -0.1887547321393013	-2.0922196565027797 -1.2445945080517202 -0.8128354143874195
1.0000000000000000	0.3379396152772037 -0.5403543483987600 -0.1291095429439892	-1.4212730773060280 -0.0503223430976804 1.1497366306767127
1.0000000000000000	-2.0399660353250271 -0.1359923857372319 0.3693914695496492	0.7889711393862725 0.1738320184332312 -0.6131929392890203
1.0000000000000000	0.5482487665484765 -0.5790650412870442 -0.6512292478381820	1.4505661159609737 -1.4834189825695654 -0.1875912587746556
1.0000000000000000	0.4696704309864197 -1.6520957671446557 -0.2137196238274347	-0.0459893119192718 0.0789405491953492 0.7909092364044323
1.0000000000000000	0.5401421425529043 -0.4450997453119018 0.0467724730763926	-1.0992363117526553 -0.7476106729015530 0.4509108155456222
1.0000000000000000	-0.0555440568733725 0.2200509745957596 0.1993383390717763	1.2689113866705513 2.2262160986667934 -0.6756240198905176
1.0000000000000000	-0.0095808082615328 0.3043971848962030 -0.5078790200107856	-0.5399127952969465 0.5528492153033256 -0.4903374251833536
1.0000000000000000	-0.8957359873277871 0.8318111494115431 4.7535399092775199	-0.7438003932513478 0.8180865767904389 0.3688857779201203
1.0000000000000000	-0.0642885149532418 -0.0199163583744886 0.1371982695272595	-1.2081486836094559 1.5242277947880458 -0.1354695998710240
1.0000000000000000	0.6032360367781622 -0.5172958829987248 -0.2979417209167604	-0.1868571357653702 0.2247911457011890 1.2804964562972345
1.0000000000000000	-0.2105782586480281 -0.0322560169920275 0.3939673485739292	-1.5442401864246980 0.4164369280903223 -0.6698394686741254
1.0000000000000000	0.0721722240661490 -0.1359188605708355 1.5528142339999611	1.1354650912201762 -0.0528456277365163 1.2874737408623782
1.0000000000000000	0.0118521301962941 -0.7277916989777085 -0.0319546560158825	-2.5897807712198295 0.4164620001202634 -0.5677098134605532
1.0000000000000000	0.4311739384222829 -0.4424951187689379 0.4376380258609001	-0.6048602970896936 0.8986617732606013 2.5363574086338807
1.0000000000000000	-0.1200147128894000 -0.5841785257649778 0.0478357456882829	1.2313730461214236 -0.0387545928300004 -2.7626791416848349
1.0000000000000000	-0.1337648999404201 -2.3842231182438849 1.7593063606471726	-0.8724126258442700 -0.4682299358166839 -0.1315393937906302
1.0000000000000000	0.4797075458719052 0.2780672625639590 0.0442422716134757	-0.4784883004155001 -0.2506347644484276 0.7598069349706814
1.0000000000000000	-2.4469887552902287 -0.0374477042545679 -0.8029643526825092	-1.2765038958913979 -0.0403899830523006 1.7558736112689128
1.0000000000000000	0.2497561319274545 -0.4442095012528075 -0.2517443107662330	-0.0943891320780499 -2.3269755573958903 0.6150861004177640
1.0000000000000000	3.3947564551293410 4.2829529813397800 2.9040460529373151	0.2201101937411450 0.2540706768059294 0.4784546317784037
1.0000000000000000	0.6999939128914502 -0.4763115680816259 0.6761247222095826	-0.6206368154115756 -1.4410895688200800 -0.3606646284380997
1.0000000000000000	0.2629078543144485 0.5260015391665410 -0.7953289041916833	-0.4300343366612326 0.6318928491015450 -1.5304293987211177
1.0000000000000000	0.2625232685126224 -0.3146042167010869 1.0893121632367357	-0.4307701619211592 1.5550908867056932 0.5555975957958905
1.0000000000000000	-0.0636808116650976 1.3920068305315312 -0.6332907802144090	0.3352735264127052 -0.1280344682601162 0.9788161584266211
1.0000000000000000	-1.2083823091347889 -0.2422188476832250 -0.4434033966854247	-0.2941974806402318 -0.2955570745599909 -1.6132128554222933
1.0000000000000000	-0.3835506436766056 -0.4787008969182455 -0.5165499357979474	-0.9158690000436341 -1.8703734961596166 0.6234871593703313
1.0000000000000000	1.4499782890885178 0.3175733390112692 0.2741494380950875	-0.4454284425072612 0.0102842010584613 -1.5276816377030764
1.0000000000000000	-0.0068637432349437 -0.7823761839574773 0.3535112528142625	-1.1656104079382308 -1.3879316874037986 -0.1146528676402792
1.0000000000000000	-0.0852929834697701 0.5437169524428868 1.0276742126225040	-0.7375218112185601 -0.3791821649434783 -0.8631318432625743
1.0000000000000000	1.9733299097662125 0.7423629309957003 0.4311014716986167	0.2366766829515725 -0.1376886527739598 0.2750060349825031
1.0000000000000000	0.1004391415883204 -0.5972609932109899 0.5256849592604220	0.8717890390322487 0.4796510938347042 1.4986829043217627
1.0000000000000000	-0.1526611760855728 0.3650243973163178 0.0733446478893614	0.5246709083889463 -0.6493463777823515 1.4127371962459350
1.0000000000000000	0.8738129176002724 -0.6711231549981564 0.3082085951504734	-0.1599845670826742 -1.1675752787019475 0.5641954864538437
1.0000000000000000	0.0496169472941229 0.4525046342190792 0.3452115228336771	-1.3469868339419651 0.3623483710773041 -0.2178914951798605
1.0000000000000000	-0.2781102092335669 1.1989274969583337 0.3172686826264315	-0.7013262174745201 1.2946016561428173 -1.9985729681205695
1.0000000000000000	0.0948501926734916 0.4219762387826225 0.3766271863185927	-1.2477838272869055 0.2584384162664814 -1.2449344967483928
1.0000000000000000	0.2931065446482196 -0.1610552778506783 0.3173805475847136	-1.6433662244875631 -1.8448090835675846 0.3429188779042224
1.0000000000000000	-1.2330308513305659 0.6924858606729269 0.6494230018730355	1.3754313474163204 0.4272278352234278 -1.1861925348447657
1.0000000000000000	0.8683774874938511 -0.3389076729868380 -0.3679785783779327	1.7767499402314590 0.0566482338753735 0.9315462270419023
1.0000000000000000	0.0184532266115179 -0.0641735302706342 0.8407453028738860	-1.1245833701679095 0.6133013832785906 -0.7540963278550353
1.0000000000000000	0.6929191993223731 0.5304555918202588 -1.3778548809237852	-1.8541549152171244 -0.3003536142022299 0.5382576425216530
1.0000000000000000	0.0658244052491790 -0.2811447899553792 0.4388723883776391	-0.5821875964981130 0.3926304835312466 0.1846063599291795
1.0000000000000000	-0.4074903304020355 -0.3982032551206413 0.3056388314721749	1.5650249284900355 -0.5296056018452421 1.8019185288988915
1.0000000000000000	0.1729532404257530 0.2667345101953567 0.3784529412571598	-0.0283779281417007 -0.6076340974127391 1.7574313929240293
1.0000000000000000	0.3328187642539486 -0.0056502894391337 0.7825840435711524	0.1329770335501645 -1.3277130978511953 -0.8661721099278095
1.0000000000000000	1.6468235702174163 -3.0617851759772297 -0.6542105945409400	-0.8645385461321919 -0.0303490299220040 -0.2886672655721264
1.0000000000000000	0.4455848343908835 1.2336548080133534 -0.7410780567723823	-2.2507625516088297 -0.0930520737661226 -0.2086062084609521
1.0000000000000000	0.7005709247893583 0.3071090963110619 -0.7112142516904547	-1.4925084889850633 -1.0323572976465476 0.4047163972502081
1.0000000000000000	-0.5861507421214930 -0.9525882387943392 -0.6462741358635700	-0.1608273313944318 0.1780032569113986 0.8226498584131937
1.0000000000000000	-0.3320482886331339 0.7142592001405303 -0.4981417664092583	0.3517897443696266 2.2195212817360463 1.5917299672496277
1.0000000000000000	0.7204249792331399 -0.3049793194008467 -3.0072032023113167	-1.0996728790899539 -1.4863586615208688 0.5965681458732379
1.0000000000000000	-0.5891971863269695 -0.5020626597938926 0.0754553000278020	0.1422460068970400 0.5949498953145339 -0.5346504061306442
1.0000000000000000	0.0878000032772588 -0.0171471383029842 0.5020346356418354	-0.6712108889150414 1.1121710990347617 1.7535309130620622
1.0000000000000000	-1.2156855826298205 0.1665029990406622 4.3410792914728695	0.1025941881365890 -0.4534780429735274 -0.6662635456017740
1.0000000000000000	0.6603647821751640 -0.6586257948453487 0.0496739347826282	1.8594212297669028 1.4915662752751528 0.0928405641300698
1.0000000000000000	-0.4229773890930039 -0.1819872484216863 0.3997940323352924	0.8054210646903093 2.2983474530783319 -0.6679017878109326
1.0000000000000000	0.3711707179505214 0.1443418212345727 -0.0651400440734003	-0.6954357048975991 -1.5488709645996017 0.1928517080882202
1.0000000000000000	-0.0319824239676351 0.0316554843254915 1.3421722748098461	-0.5593743870887991 0.6662578826874901 0.2770903830203964
1.0000000000000000	-0.4188938483952316 0.3809964953408982 0.1428093038633719	-1.8898523188879266 1.0725014959503432 0.8512435659722348
1.0000000000000000	1.5554331650105739 -0.1803720045003619 0.1660165346379072	1.0893759114793116 -0.5459533117720302 -1.4467882898947870
1.0000000000000000	0.5566583267081007 -0.6263876508542425 -0.2312888804306651	-0.4194796249118866 0.9435663646254314 -0.5737200476546795
1.0000000000000000	-0.0469225209837984 -0.4285697770475158 0.4341083610819781	0.0355128950434901 0.8746265528213855 -2.3330914892183223
1.0000000000000000	0.9019316531311894 2.3873399254258270 2.9135645038579443	-0.4840280070717689 -0.0438649090429201 -0.5058430765771497
1.0000000000000000	0.5713444476677959 -0.1457067473299523 -0.0386456220025741	-2.2176747213248387 -0.4558343314092154 0.7843645370618081
1.0000000000000000	0.1130874125391903 0.2790742653799508 -0.2437103327489414	0.7068808582061336 -1.8595869115883021 -0.5584047798734855
1.0000000000000000	-0.0595424662282804 -0.6210284913558161 -0.7150082205633956	-1.5522211650164148 0.1340607989215305 0.8933932113009162
1.0000000000000000	-0.9334330072843822 -0.3826108488297054 -0.2837212715866677	0.3754493149623008 -0.9844677120953764 -1.0268181705829860
1.0000000000000000	1.8652980354988531 -2.6356975780312557 -0.4029251225693123	-0.3152628433336030 -0.3120411379843582 0.0883752344009718
1.0000000000000000	-0.1132493696104503 0.5377350849007889 0.3048976671257026	-0.6261649804357750 -3.2050413010046608 -0.6412909889617351
1.0000000000000000	0.8536794165507130 -0.0380286473252375 -0.2002002233177749	-0.0471021002794005 1.2059513077625466 -1.6317565561773741
1.0000000000000000	0.0628522295915540 0.1076975897137164 0.4631230330465739	-1.2196571534283263 0.7404224362102479 0.4076897882369021
1.0000000000000000	0.9485742925273187 -0.3203111515349390 0.4275576265343454	-0.4190119385411040 -1.0199791630209796 0.3537029863322634
1.0000000000000000	-0.2839824510218416 -0.1848106333663674 -0.8646647476374081	1.5028431790090813 2.1462227823409652 -1.0690121946692117
1.0000000000000000	0.8029093073185707 0.4511335989087264 -0.0440091913988396	0.5997345787342228 0.3701164002599554 -1.8642848075222422
1.0000000000000000	1.8228586862183420 0.0456617102901083 -1.2584121343265224	0.4645559079405212 0.5369541393195008 -0.2268218923333577
1.0000000000000000	-0.0130690407073598 0.0897175373207992 0.0517424185431493	-0.9669945251790616 -1.3524604029766067 -1.7372965451806477
1.0000000000000000	0.8864819054813120 -1.5019102999834377 0.4389321012261457	-0.8439182980955482 0.1429874862433584 -1.0352265862551742
1.0000000000000000	0.0742066189659043 0.1278434640981153 -0.0034439256441356	0.5874646493699983 1.6908746111419719 -0.4717107344766737
1.0000000000000000	-0.7640210197096400 0.3910702082751836 0.3759699985309208	-0.2526807558185761 -0.2674877107333377 -1.0470244863646603
1.0000000000000000	0.7150942953645565 0.2645126333246956 0.7453886046492711	-0.7805531631950087 -0.4074928694804907 1.2883071863547484
1.0000000000000000	-2.0051098750415268 2.2292944380101742 0.2118744782619990	0.1224301660565617 0.2744458958986586 0.9560643723888079
1.0000000000000000	0.3507612210601208 -0.5148363784088658 -0.5979265660439900	0.3464730708177723 0.2855167307797164 -0.3531090140191375
1.0000000000000000	-0.0652148995978705 0.3752372421417863 0.3601785098623335	0.9587121938535029 -2.3980506704619460 0.8673437151213927
1.0000000000000000	-0.5574891724357701 0.1944847868530891 -0.1979552599594991	-1.5841460365124702 1.6262559473986160 0.7094122342832886
1.0000000000000000	-1.2729667843142822 -0.0254783623659423 -0.7675197822717257	0.6710781534491214 -0.6387492254419244 0.5077972353056512
1.0000000000000000	-0.0108666751585579 -0.4708190237545976 -0.0396372683450624	-0.2276902888514705 -1.2121994223922887 -0.1954893039835794
1.0000000000000000	0.0485314824736055 -0.1808786589130904 0.1261707993728596	0.7175740054657600 0.0340832657018947 3.0729354724083766
1.0000000000000000	0.3041119791363686 -0.2836581606981103 -0.1696472077313893	1.9793125982763664 -0.0772408354572057 2.0941093622472273
1.0000000000000000	0.4806885758275667 -0.1128175249715388 -0.3286939109775814	0.4284377717718249 0.1673652796935103 0.1243199857337112
1.0000000000000000	0.3072948140490429 -0.3286511210790310 0.5536445272959001	0.3459161228978002 -1.3304272894192830 1.3371144956115961
1.0000000000000000	1.0963123524489420 0.2159315128809101 -0.9926375739259177	0.2790197747426380 -1.3715920742093164 0.7051869993687421
1.0000000000000000	1.8492055487357912 -2.8213740450402875 -3.3647853148345335	-0.3311956644443548 -0.8410548463036882 0.5545160452256311
1.0000000000000000	-0.2167913480267469 -0.0023410858085031 -0.0925694614829795	0.6603640294371712 -0.9166809691243566 -1.4399907149220474
1.0000000000000000	0.1098455734478554 -0.0507900754220047 -0.3894226263453454	1.9175653535558652 0.1127040500565177 -1.5816679532112656
1.0000000000000000	2.7847589436658753 -0.4501932077318905 1.0615998455546660	-0.3203777433511759 -0.6838543379552620 1.1510171869125763
1.0000000000000000	-1.8990651256618452 2.4522060913620054 -1.2595907440255500	-0.3845692159152709 0.1646507347387518 1.0069851725575716
1.0000000000000000	0.3726801440723495 -0.7433175152062027 0.9376770727410857	0.7122912184133036 2.1092406136064152 -0.1708232561803889
1.0000000000000000	0.4656453673570868 0.1551504408698127 1.6720718913562054	-1.8162050947727404 -0.0655991813636404 0.2389550949241931
1.0000000000000000	0.7635740191813365 0.3104188379840781 0.0432177281370423	0.1264849128036414 1.7190503447122250 -1.0358872347518706
1.0000000000000000	0.5595386219753061 1.4111888920581686 -0.0556604562094381	-0.8345567582342951 0.5762724936382742 1.2136789267625014
1.0000000000000000	-1.6687673789009367 -0.4408824397542963 0.4449393066913960	0.9379380233901283 0.6945934059515535 -0.1866908423284939
1.0000000000000000	-0.0834510559630075 0.7288045622796600 0.6266655445601659	-0.1946185978324756 -1.0582465684424944 -3.0167583332622714
1.0000000000000000	0.4723750843482625 -0.2948617921288152 -0.6135086263109281	0.5900781085567082 -2.0091550482190725 0.3908852904355167
1.0000000000000000	0.2435175213888635 0.1599122064541514 -0.0936305186648003	-0.8311235076462629 -0.1044796955556972 0.0657225817306355
1.0000000000000000	-0.8030714537864680 -1.0288458668607090 1.6952096519177087	-0.6755863083882930 -0.7519622662701639 0.6439466231806592
1.0000000000000000	0.2210564413169191 -0.9215675434738843 1.0194243085673069	-1.4512788054210934 -0.2520824172686434 0.9965559495715174
1.0000000000000000	-0.4956716245723481 -1.2143783499546543 0.1793170106747619	-0.3568171219859125 -0.3150739486326487 -2.0281478265786355
1.0000000000000000	-0.1286459608390854 0.6514211221267681 -0.2894171532726331	1.7147352076895470 0.3994371874271058 -0.5536888023871024
1.0000000000000000	0.5441358429176200 -0.2916945143153182 0.1063816818045761	0.0310851725251745 0.8889205854735950 0.8115716036528682
1.0000000000000000	-0.1653209301383466 -0.1556749586719518 0.7503896253950775	1.6670045867335979 -0.4734031639837124 -1.7485971793737951
1.0000000000000000	-0.8113676661121634 -0.1517401865224199 0.1726438572201011	-0.2977896065168227 2.1125546736743939 1.5257211751288926
1.0000000000000000	0.4626901184426622 0.1223907753855450 0.0226127919068328	0.0933918603741995 0.4711490954202691 0.4562845198352355
1.0000000000000000	-0.7572258632850800 0.0160459163159431 0.9440594265239602	1.8633804999396111 0.4198783173555332 1.0987055034993101
1.0000000000000000	2.4157999962289587 -2.7979873777862343 0.4482310584181588	0.2376738676270713 -0.4101160306815112 -1.4011760334314529
1.0000000000000000	-0.0553261569784560 -1.0518493956496833 0.5674898191020875	0.0275947788789519 -1.7518754238401528 -0.6814125821643384
1.0000000000000000	0.2002998094798495 0.5763655096437135 -0.3817812400539521	0.3527211886468755 0.5983556474999057 2.0587351115050136
1.0000000000000000	0.0974399606460643 0.0198234352581464 0.1594564584067095	-1.4796240758557035 -1.2263832760564508 -0.7016597358022370
1.0000000000000000	-0.2552595779860629 -0.5317494455770138 -0.1983986261515820	0.6375833593441075 -0.0691771784859450 -0.9788027520040933
1.0000000000000000	-0.8489108827893490 0.9040777896499966 1.1274144325700655	-0.9392049487436192 1.0075849023770853 -0.8342196207569414
1.0000000000000000	0.3215047179590061 0.3664653596962596 1.4270036794748098	0.0180071116154502 0.7102530444774723 1.7761762830339125
1.0000000000000000	0.4353407677881312 -2.2833962235341798 -0.6501462812077434	-0.2941078400757549 0.7013042961009970 -0.9630049738106080
1.0000000000000000	0.2744751469445681 0.0721856888564814 0.3907915818211983	-0.6020535519539651 -0.4475956666743933 0.6706358386211856
1.0000000000000000	0.4085549759334859 -0.8452512793373304 0.7171244112938198	1.9478481478029415 0.7815503930331115 -1.2064800832532214
1.0000000000000000	-0.2742881332204487 -0.9189622885308633 0.4958540285409643	-0.0233092574233533 0.6726702312113912 -0.0183885901985352
1.0000000000000000	0.3281895425080192 -0.1512452171017383 -0.2949726009055081	1.0882023018853184 -0.6601353684195842 1.9841845667903515
1.0000000000000000	0.3312166938558755 0.5311505597986665 -0.0723474859097016	0.5288739205505708 -0.5470333507019743 -1.2631466673044616
1.0000000000000000	0.2707781551059650 0.3754415160189096 0.4619784003253630	-2.0596872159001451 0.0032772058842739 1.3887729486535973
1.0000000000000000	-0.5089970305267109 -0.4698133745778559 -0.8112548050107702	-0.6761037794660927 0.4964328779704170 -0.1926406991874154
1.0000000000000000	0.1507456939966226 -0.4957489754209728 1.5997108396222686	0.4358550329461995 -1.7936119676637468 -0.9276116750887443
1.0000000000000000	-0.9146549120049181 -0.3874001592173389 -0.4876676316917103	-0.7485162821577418 0.8138010498619082 2.0456721466408174
1.0000000000000000	0.0605784802927944 -0.0301294453950068 0.0551266603202156	-1.1172959689434310 -1.5503736090798550 0.7729883009520424
1.0000000000000000	-0.0449136489059606 0.1731173816128689 -0.0830581115234428	1.0640411227672493 1.4705016886506175 -0.4426555223654500
1.0000000000000000	-0.0115079046867810 0.1572349000897461 1.6604514427380981	0.2582209132254208 -1.1733467084951479 -0.1456614961385145
1.0000000000000000	0.2615837033226661 0.1883695670752189 -0.2431071344419782	0.1616389926478880 0.3585420558973056 -0.4730123402431952
1.0000000000000000	-0.0866015310896603 0.4281309863945769 0.3982523178474736	1.6454862364473550 0.4515331612091272 2.5661421609123543
1.0000000000000000	-0.2540917500858431 0.6766867745837158 0.2072926722369556	-0.5061218166158967 -0.4008338181106516 1.2981652755306967
1.0000000000000000	-0.1907348626598934 0.4669107403034228 1.2749512866927692	-1.9491880831060415 1.2397104842541553 0.1106507779999292
1.0000000000000000	0.9335271428274837 -0.1971075726489893 -0.1242004300856953	-0.6098361622197790 0.3787208417942089 -0.9480350194328730
1.0000000000000000	0.3087232315852229 -0.7239237337795886 -0.5806101991342937	0.1059990944350650 -0.0194263648514645 -1.3547514502378477
1.0000000000000000	0.0872749665153653 -0.1004072224659518 0.3709578326732365	0.0105259800887255 -3.2599612936333737 -0.9033653125405771
1.0000000000000000	-0.4926361025069601 -0.0472383486852197 0.0668127936808095	-1.0160760239190938 -1.1729176194088848 -1.0426462859455177
1.0000000000000000	0.0268765994103685 -0.2045735296146707 0.0144321900442052	1.4262993043926018 -0.0899925834517216 1.0394063664262518
1.0000000000000000	0.4423703034094831 -0.3437810047728695 0.3529348858860661	-0.6933467100012717 1.0861688560927600 0.0037512869812734
1.0000000000000000	0.4880130868398527 -1.0549486512600221 1.6361539131150320	0.6473891958436425 1.0880035103712831 -0.1931399662374125
1.0000000000000000	-0.7413955141224534 0.1550120767831843 0.3233571843853952	-0.7814784784448318 -0.2847124779643943 -0.2884660604292685
1.0000000000000000	-0.1693814646708957 -0.3503889800470479 -0.2211204165818870	-0.3943054008020988 0.8963884594837934 0.7154524332450694
1.0000000000000000	-1.3878380749358452 2.1023074983126881 0.8807776332825682	-0.2873034616917423 -0.2002881282827056 -0.6543879861122956
1.0000000000000000	-0.1326571742085761 0.4003532417503842 -0.8492544148590350	-0.4420606236263780 -0.0020955195014843 -0.1758778488850920
1.0000000000000000	-0.1082411016538329 0.1209933942451398 1.2041602772804421	0.0277255991241563 0.1433540113691354 -1.7171146837457452
1.0000000000000000	-0.5829096030055056 -0.1623626492483264 -0.2166259774838176	-0.3039151904574413 -2.4219826460956360 -0.3566095954535201
1.0000000000000000	0.7093549734120482 -1.4209681852772278 -0.4275098738520819	-0.9942720087905177 -0.6298886631586048 0.7084480305737081
1.0000000000000000	0.0741700769566568 -0.2124036768902976 0.1146709155572835	-0.9095192240254391 -0.8047474624923739 -1.6977603680607538
1.0000000000000000	1.1109561318208747 0.2297735102024357 -1.4421704551746648	-0.0054975079095213 1.1961846549042556 -0.9257966491873264
1.0000000000000000	-0.7512449341705710 0.5410163209801319 -1.1336093687107704	0.0407713056266202 -0.5024488135724025 1.1361311774479923
1.0000000000000000	-0.2985817341685350 -0.3046773175426462 -0.2298231652329604	1.6688613927079463 -0.1125132066751327 0.9070810977581552
1.0000000000000000	-0.3878358798437481 -0.2363664236742828 -0.6830067055822391	-0.6123148980955018 0.5320668853923584 0.3716094742876191
1.0000000000000000	-0.0780100135141241 -0.1902573575158898 -0.1182923381811753	1.8366271309645594 0.7221434892554948 -1.3027234687178177
1.0000000000000000	0.6828039898176468 0.8518302028023899 -0.7082311933336430	0.9667478241703551 -0.2195184731954667 -0.5352123419195114
1.0000000000000000	0.0717182324981933 -0.5044383201321495 -0.2333697715292319	-1.0893448899209031 -0.2065881468152639 -1.1028986576573370
1.0000000000000000	0.3969501092944265 -0.1671546284420795 0.4069261835031556	-0.6076564801041526 -0.6472561738112089 1.1216046750063873
1.0000000000000000	2.7246753074781425 -0.2281173554513070 -0.5683968701440758	-0.2620548474080689 0.5626456848937553 0.0115367082387270
1.0000000000000000	0.3172246117006371 0.7790370670445426 0.0173624428546356	-1.0786019445289778 -0.4291503408254995 0.7931265360499676
1.0000000000000000	0.3829160503602559 0.0342922404309493 0.2336510505491186	2.6121486284499440 -1.5977906536438087 1.0770250313927607
1.0000000000000000	-0.8874870288532513 0.3061527710441090 0.0885015339522533	0.3090930094494765 0.5899792000040481 1.3475604680228281
1.0000000000000000	-0.4342114816550688 -0.1169512673441805 -0.1425970068869181	-1.8261277425706173 0.6423452922374757 1.4025885308412891
1.0000000000000000	0.5232811405822697 0.0690296278294885 -0.9558291069904763	0.7815243949212644 0.1990588886915077 0.3819724956407867
1.0000000000000000	-1.3142039590884504 0.9116426747359042 -0.5081026206564503	-0.6889452828918322 1.1368327363060293 0.2416269697049477
1.0000000000000000	-0.6522049363649317 -0.5027271402239587 -0.2642436322207232	0.4692588896049565 -0.3667312111461238 -1.6669423588908903
1.0000000000000000	-5.3021533554783460 2.3326383592269400 -3.9036334978143272	0.6657130836838763 -0.0247156561857640 -0.2418869168785292
1.0000000000000000	-0.8910809525153568 -0.2426713846051902 -0.2736589473915211	0.5564826458796585 -0.0075425683925157 1.1634824461349611
1.0000000000000000	-0.4101695862044857 -0.3221987416186107 0.1529305266592721	1.0579630223829242 -2.7105837410643043 -2.0983754839524211
1.0000000000000000	0.8603443487347974 0.2382196356821974 0.9101178820751352	-0.3177341569539083 0.3981744968678326 -0.4192523773495024
1.0000000000000000	2.1237198773116117 -1.2474331010782749 -0.3866476448303034	-0.7234258925708532 0.1225740957721680 -0.5263168933869561
1.0000000000000000	0.7658966780000290 -0.2214694022847045 -1.0314467104380722	0.4480233307169612 -0.3426277136445841 0.0317899479627624
1.0000000000000000	-0.5433666095706232 -0.6791005596435404 -0.3043441302730426	-0.7399236814025195 -0.5074043716546967 -0.2135148467535413
1.0000000000000000	0.6076993887242937 0.1784126019337604 0.5683299610032312	0.6112897325582248 -1.0871675253555382 -1.1761781929198114
1.0000000000000000	-0.2407462622960541 0.2121758451841670 -0.4785142719634515	-0.4746110408880892 0.5633132766075193 0.0916109529435164
1.0000000000000000	0.5040616963577159 -0.3152909524041031 2.6412502765976504	-0.1078144648842923 0.2625617709233291 -1.0691075350442032
1.0000000000000000	0.3584316206642744 0.0602874959504957 -0.6291259621311029	-1.4828470334569601 0.4490313688055737 0.1081630184020343
1.0000000000000000	-0.2064063960952854 -0.6032121901401533 -0.0715441367985843	-0.7413586056785392 1.1462840827652789 -1.4579257246361907
1.0000000000000000	-0.0885106625706964 0.4230536607940478 0.6411185122242999	-0.4936680217619052 1.5042811783295607 -0.0590016091634322
1.0000000000000000	0.8465838803199125 2.1941245430197629 0.8904022666257798	-2.1532534530462555 -0.3647686401249152 0.1769031817376831
1.0000000000000000	0.4557708745803382 0.1756859585286967 0.2867564130769950	-0.6206741027856056 -1.1884945557908106 3.0604499276631101
1.0000000000000000	-0.8650562978551899 1.0266266314610502 -0.0372369915061644	-0.2783003600988204 -0.2875844134974652 0.3807753615943449
1.0000000000000000	-0.6502979705501623 1.3725437195665779 0.3494392338004297	0.4253411819112553 -1.5324213853225306 -1.2674381021829859
1.0000000000000000	-0.1985884610082735 0.7989668223368499 0.4054704725811246	0.6802953821595974 0.5718534442020534 -0.8208455819987313
1.0000000000000000	0.0827429071371374 0.2335458734853676 0.6023309943220835	-0.3710451272407572 -0.3670987840131830 -0.8100263697142204
1.0000000000000000	1.7025941848780923 0.0396572917232120 -0.7410345860825855	-1.6813441136669773 0.3642910606881634 0.2424949334770120
1.0000000000000000	-0.4715986542571829 1.8751311652389793 -0.1136318581191872	-0.3321030868524245 0.5881618127048960 1.1244679255769841
1.0000000000000000	0.7216916925086045 0.3519845060071726 0.2435535678331083	1.5922813173191099 1.5815237491140137 -0.0774194583448229
1.0000000000000000	0.2990652062229824 -0.7610086446739476 -0.4115970478108764	0.4591001779508814 1.0399797277424248 -0.7267067106765799
1.0000000000000000	0.9656264700006130 0.2105063942192007 -0.2949101601838433	-0.6373350395911681 0.0636759288394947 -0.6982197709744480
1.0000000000000000	1.6657116272305490 3.1312470324410371 -4.4133764073392303	-0.0986130805084151 -0.6386398398557580 -0.5470092581440860
1.0000000000000000	0.6250292377633418 1.1235277431226480 -0.2527692201198106	-0.0427613169423400 -0.9392535744956158 -0.8299755287285303
1.0000000000000000	-0.1761647197985173 0.3661821992890380 0.0381650031292579	-0.9587776291462018 1.8903220063163009 -1.6824943869021889
1.0000000000000000	0.5624351368364029 -0.1914877615367959 -0.5112263928135354	-0.1674741610263600 1.9282885114400257 -0.9173858585188093
1.0000000000000000	-0.0992417756678277 -0.0048601046976365 0.0539752124586135	1.0528338385593055 -1.4603904762907469 -0.1678426234073574
1.0000000000000000	1.2342218168898946 -0.3959462237541774 -0.3007551047200024	-0.7649270203530630 -0.4149417049495923 -1.2356626480659443
1.0000000000000000	0.0182125530256396 -0.3244437060228129 0.3541409105535935	-2.2920080454051930 -1.2849512029953469 0.7811963013934917
1.0000000000000000	0.2407678403131943 -0.2103622172958114 -0.1720039831968626	2.9014808532653009 0.0786731285084032 -0.7444049888772736
1.0000000000000000	0.4818067736342432 -0.8760163873463156 -0.0186248307395597	1.1136473567418919 0.3066407311726028 0.9479232393794297
1.0000000000000000	-1.6664559840070403 0.2139897791518148 0.0359668564142841	-0.6812627562235767 0.3692386104483174 0.2995944757189651
1.0000000000000000	0.3400906643814220 -0.3861378087721154 -0.3642919030278771	-0.4543788271665501 -0.4510065924391046 0.4441922699372968
1.0000000000000000	0.1559757909512294 -0.0867113638985846 0.0735835023686394	0.0896367070435566 -1.0202563081252431 0.2576455377585062
1.0000000000000000	0.0165702035735566 0.1675566014391032 -0.6098537649668573	-0.7618357358904482 -1.3803337375698117 1.0615881171960753
1.0000000000000000	-1.4125865145091996 -0.6386486924524241 1.6793940399824498	-0.1428626848859174 -1.0097996427719254 0.4038185184517514
1.0000000000000000	0.4464782178997928 1.5516127424837203 1.2247538687427275	0.7201350937830545 -1.2664551123104599 -0.6746822282821279
1.0000000000000000	1.4062336386177465 3.4564723674289173 -0.4095198958883761	-0.0183674585583315 -1.0134354381474333 -0.6586692464313143
1.0000000000000000	0.4499567543209315 -0.9072771883192552 0.5809771319323239	-1.0174238020593351 -0.9743360119564680 1.5914348088440153
1.0000000000000000	-0.0718632841992147 -0.7077279900849582 0.4320434135672778	-0.9951727205797778 -0.3200715432932602 -0.7019001646956906
1.0000000000000000	-7.9930149278421583 -2.5211882559061234 12.6425986881715993	-0.3493298425229999 -0.4501413871818634 0.5714349824962458
1.0000000000000000	-0.6096595589914096 -0.4210384824693232 1.1469592526028636	0.1577743332309751 0.2310224566955784 0.7508802138893751
1.0000000000000000	0.2100014051469825 0.1576305576455133 -0.3224637515477476	0.4653337935487258 0.9649392241718694 0.0781578463680856
1.0000000000000000	0.4196662607405302 3.4051882012427384 1.2683138365241047	-0.6144787096554651 0.3576977703624029 1.3210960669619238
1.0000000000000000	0.5760787210760725 1.2362138258776272 1.4248671375706849	-1.2331825150487052 0.0687528658644731 1.5665767360457314
1.0000000000000000	0.0726294509323859 -3.1612207632525045 -1.0388577274490747	0.0713938367779466 0.9308078877385170 -0.7567082551813971
1.0000000000000000	-0.3270273079538826 1.1731412565747481 -0.3215328603046976	-1.2820355443297049 1.5390290634935089 -0.1784123992200274
1.0000000000000000	0.5945002805487002 1.2884660143048905 0.8993867278628960	-0.3638060627699791 -0.9898654568612302 -1.3909968096204997
1.0000000000000000	0.2272381184001462 0.6070339510978116 0.3011505876912480	1.3356738546803715 2.1751569221300771 -1.3332832533949579
1.0000000000000000	-1.4682900695032564 0.2075336647597037 -0.0367309087451125	0.3608628111136706 0.2446751765377307 -0.4300577801833514
1.0000000000000000	0.4684256837490797 0.0705391650812908 -0.5292811887196143	0.4356370828922289 0.5345800427525568 0.5275602361341507
1.0000000000000000	-0.6995639657334156 -0.4352835897292203 -0.1261090789177549	1.7526821825154046 0.2240809378530387 1.5120726623454348
1.0000000000000000	-0.3367974258452364 0.0978011072337707 -0.6958787614502203	0.2371106635421798 -2.5145226073063145 -1.0457684055308654
1.0000000000000000	-1.9183147781150363 2.4533959724948473 -0.5886740898301395	-0.9130107333115945 1.3528202834567171 0.6247320624362980
1.0000000000000000	0.5007670300996313 0.1573296365268902 -0.4946492003634736	-0.1152111816117258 -0.1751793765027347 0.7945582485456365
1.0000000000000000	-0.0205630145454345 -0.3633059109119420 0.6763846495889915	-0.6003342538203954 0.4440726949221557 -1.7028110788618740
1.0000000000000000	-0.8667905428275076 0.7864586390776001 1.7143732620022420	-0.4938289983700226 -1.1587821042328701 1.4071149652481374
1.0000000000000000	0.1199827453346621 2.3201268840017746 1.0021415792629262	0.9373953999672183 0.6974208716061530 -1.4039138568238414
1.0000000000000000	0.8026946488417357 0.0974505111703612 0.0903048372862631	1.0131794533139531 -0.2208176046892441 0.4041143483250182
1.0000000000000000	-0.7718792436696512 1.6326815039092875 1.4695394873287733	0.5519751960342691 -0.2636106018290553 0.0872817671046536
1.0000000000000000	1.5221754689777534 1.2729021563701024 0.5269105374918591	-0.8516002056125237 0.2610652095339768 -0.0038686437816854
1.0000000000000000	-0.4547619596404812 0.2340971777617836 -0.8386304468148963	0.7829280453285875 -0.3120127184399236 1.6185677700118253
1.0000000000000000	-0.1847951436495401 0.9162753205393277 0.3378596470419337	0.0671962712354068 0.6864523228298126 0.3513039880527425
1.0000000000000000	0.6835403138217450 1.4339013792285948 -1.9941989390248327	-0.7515270495338422 -0.2967500791669492 0.0021422957083138
1.0000000000000000	-0.3272079385740361 1.3424099940288421 0.2515754909286320	0.8441153279257451 -1.6365575166475643 -1.3519119430800102
1.0000000000000000	-0.8416632903794554 -0.4864387894185490 0.2793250936719447	-0.8268177642893840 0.1225090373984699 1.1913739654251192
1.0000000000000000	0.3875054289610870 -1.1785707709138671 1.0690391150340450	-1.0968691372461830 -1.0641415515002917 0.7891654621466437
1.0000000000000000	-4.0603425882022730 -0.4131130373172019 -2.6743464995442463	-0.4685337638907968 0.1423266674856885 -0.1519395417794507
1.0000000000000000	-0.8229197392836726 0.0598896278640003 -1.5219508875820578	-1.7176487521128478 0.1279456460566147 0.1830192059750967
1.0000000000000000	0.3614816517751874 -0.2873801351465837 -0.6676985898739206	0.8045493486884415 0.3131904937524700 -2.1446941673630584
1.0000000000000000	-0.7857212385056707 0.2142193167800294 -0.9423926984146330	-2.4311658592503642 1.0606877486122326 0.8941353698070489
1.0000000000000000	-0.4728283616976973 -0.0319669118853452 1.2774056509303728	0.7955160662350780 -1.2569946352355326 -0.1626574686176751
1.0000000000000000	0.7272477001316709 -1.3755510556662045 0.5854032250139769	-0.0896998336573885 -0.9292518623002772 0.7856108073650105
1.0000000000000000	-0.5885444246197807 -0.6908328397886349 -0.8250986654094185	-2.4742414519222384 0.5179771462508966 1.0458704296615493
1.0000000000000000	0.1703341967691825 0.5293811477288767 0.0232995985704490	-0.9129087827693774 -0.1675765163858511 2.0783579535788559
1.0000000000000000	-0.3134451761589594 -0.6132050771998977 0.4714566883427598	-1.2196051838175810 -0.7675041969080278 1.2853245392186545
1.0000000000000000	-0.0029622477685088 -0.3365599895380617 0.7417426028983615	-0.5439515304054777 -0.6376937993471510 0.4487407382752114
1.0000000000000000	0.0834784061135728 -1.1353711753876778 -0.1071883335422345	-0.4171766832251809 -0.1292872867874915 -0.7446787269840898
1.0000000000000000	-1.6494201560856603 -0.4620821381007217 0.6253390976407659	0.8396302652444796 0.1247205066816625 0.8501706739614553
1.0000000000000000	-0.1754471881149511 -0.3971117512038894 2.0902344949099856	0.7723928254008554 0.3620342456459476 0.5007111795162091
1.0000000000000000	-0.0692909064537861 0.2542662476625421 -0.0729209562395114	1.6513117669925601 1.4743963535398634 -2.0999309346870016
1.0000000000000000	-0.3334481754654812 0.8320081264930248 -2.1180249194501157	-0.9317177891701839 -0.0919406672849240 -0.3701462106208495
1.0000000000000000	-0.0905572790804064 0.0705086938195711 -0.5812052215838626	-1.9115928020652484 -1.9220619939254577 -0.4551516673697549
1.0000000000000000	0.5064447078329991 -0.8087345156685551 1.1311438656786148	0.3993445414987633 -0.3231283378545416 -0.1600337116112725
1.0000000000000000	-0.4410273839473525 0.0374471227432706 0.4003597608853122	1.0051816046825108 0.2579343853100299 0.2970083236686924
1.0000000000000000	-0.4957084852766538 -0.0145998348386162 0.3661663953540854	0.9285294729892506 -1.0635999791202606 2.3330292132988246
1.0000000000000000	0.2831569064871324 -0.5124095563130576 0.1545253443224056	0.1522437225088226 -1.4857391259261672 -0.9671468594918720
1.0000000000000000	0.1638938252139572 0.1407907466514459 0.3431658251849782	-2.6007273385363190 -1.0209216315434895 0.4665459250940321
1.0000000000000000	-1.5178472706967565 -1.6392607020609329 0.5742372734227306	-0.5119599039559704 1.2309140064297404 0.5052200771983394
1.0000000000000000	-1.9997131997053001 0.5662494064866417 1.7149707392203331	-0.9674918783470329 -0.2869087034336284 0.4065634191923449
1.0000000000000000	-0.8078149138073087 0.3446708905841790 0.5444794972367462	-0.9170338176628131 0.3900372904273298 -0.0350453825879579
1.0000000000000000	0.0179487500858583 0.5483530348441351 -0.8356394369762518	0.1113583681300649 2.5397372133509335 -0.5126966752670374
1.0000000000000000	-0.2566865220258819 0.5805121240326552 1.3043617812302712	-1.2404839558372127 -0.2098299954469284 -0.2655774948508989
1.0000000000000000	0.8688036824096683 1.3223422760283028 0.0973616766474202	-1.6066073123773523 0.0192284064737277 1.1989197305216870
1.0000000000000000	-0.3605831838128274 -0.4093228871172953 0.5531877659985966	1.6250935841816334 1.3566100902106752 0.5618208776292838
1.0000000000000000	0.3092923572928348 -0.1541448877939612 0.1743859691799134	2.1323921256187082 0.8588470799185260 -0.7004088046626291
1.0000000000000000	-0.6925154557972952 -0.3309893257618898 1.2446184180469093	-1.0803410245773024 0.8209970810005186 0.1018345633047971
1.0000000000000000	-1.5124560231468678 -0.1170904208549139 -0.7547891602954668	0.8441631541820630 -0.1024379620143937 -1.2430891902035304
1.0000000000000000	-0.2685571601954813 0.0420077867946407 -0.2115155362928105	-2.1500426844005478 0.0704112707739787 -0.4795123940752338
1.0000000000000000	-0.7942559731551064 -0.0991828584059455 0.5531716583226415	0.3509384919178554 -0.8453877386494402 0.3902890155385395
1.0000000000000000	0.1503176220198767 0.6051528194145787 -0.1311526219494175	-0.1965374231830223 -0.9182778414875019 -1.8800232865670961
1.0000000000000000	-1.6758655669888580 0.2178063567357617 0.3437971209231272	-0.0312550622358393 -1.5473421046706086 0.0765955086253883
1.0000000000000000	0.6150072701007779 -0.1678790735263837 -0.3845010670674180	2.0626494405690425 0.3584838239465073 0.2725614177086100
1.0000000000000000	-0.2307350633521447 1.0473279367331778 1.0994712321298570	-1.1898764213037689 1.2354952126537970 0.5774869664060389
1.0000000000000000	0.9931211134130271 -0.4319226422746837 -0.9721484292989265	-0.5498823948326685 0.7220514304410190 0.3151325975224256
1.0000000000000000	-0.6604351990021246 -0.5336710664004487 -0.2760849260503745	-0.2740245639220857 0.1032184893202076 0.0863480601234642
1.0000000000000000	5.2320151433550715 -2.8755477339534874 -7.6007205593433040	0.1751301745786427 0.3365129509700135 -0.5596980924954384
1.0000000000000000	-0.2392311874876099 0.2808943411232855 -0.1566116309587447	-1.3484577328259419 0.6321426258756734 -1.1000674592982893
1.0000000000000000	0.5026974508198261 -0.1928951762407847 -0.5203659819462377	-1.5214857320041921 -1.4709367077081374 2.1209455894456428
1.0000000000000000	0.1215072522197377 0.6370879611743049 0.0109645389756424	-1.6362438423360592 -0.2714549012789536 0.3955696677978215
1.0000000000000000	-0.8093546145269289 -0.3205440202970682 0.6434571266914835	-1.0970362493613324 1.5113429513672174 0.2737043738621903
1.0000000000000000	-0.0190495297291342 0.8080645729504021 -0.9497175919383979	0.4469969031505197 -1.0967790489281530 -1.7534851762431456
1.0000000000000000	-9.9591510031173271 7.5755496918506982 -5.9260314950986803	-0.6270267938865782 -0.5109849222237426 -0.1474347065140357
1.0000000000000000	2.8199496689694898 1.4653492697774659 -0.5650120771256404	-1.5532748595929575 0.3726068402827002 0.5138806785284566
1.0000000000000000	0.0707997854672816 -0.2006390573536890 0.0151924267919513	-1.4173184876786586 0.6379077734651406 0.5563335033428634
1.0000000000000000	1.5180596931937647 -3.1548503891744062 0.6391740092448808	-0.6504690283960605 -0.1565433138194871 1.2791607919538013
1.0000000000000000	-0.3472268442832335 0.2024468490137976 -1.9777006155510475	0.5746340322855419 0.3769552053380102 1.2177488346765011
1.0000000000000000	0.2020269969335605 0.0027166811241065 0.2429425367422639	0.0500776010891601 -0.6703827212622308 1.3646345244189551
1.0000000000000000	-1.1425286137029032 0.7595860454590058 -0.0172075027296622	-1.5763722591347005 0.0737042625645991 -0.5452899891680134
1.0000000000000000	0.7826452448833932 -0.4868824065655905 1.5609393946488104	-0.8719463985505741 1.1874686179782319 -0.7941222393131318
1.0000000000000000	-0.1635775855609867 0.0207874707304662 0.0693676137609201	1.4816114268577953 -0.1372586287340110 -0.7115252010130143
1.0000000000000000	-0.3988129885681482 -0.2821255699031042 -0.8330002827555899	0.5400441939469265 -0.7584940019663529 0.7449801290015352
1.0000000000000000	-1.0053860312265808 0.3532866653458707 0.2968916310873180	-0.2273049646668237 -1.4453982671365593 -0.3785334781751417
1.0000000000000000	0.3053869047828673 -0.2400922758899927 -0.2938227759484660	-1.1186657208088862 -0.5792864251571430 -0.6536993427309582
1.0000000000000000	-0.3131621588068149 0.2466224833290319 -0.9318267212481590	-1.8511215088020763 0.4283471160464443 1.5786718504024626
1.0000000000000000	0.0385758472952934 -0.2374800944317631 -0.2120560995409669	-1.3889973270697433 -2.7982629226842439 -0.3698269780603887
1.0000000000000000	0.8255749545346053 -0.1598435476848951 -0.3049911034803618	0.1150845062238327 1.5672361092802067 -0.6130636295261174
1.0000000000000000	0.1920098712515919 -0.2658087006596095 -0.2579452306433098	0.7027802905863101 1.6321707608656035 -0.5848429526699955
1.0000000000000000	-0.1182255003907442 0.1194858362781801 0.1306061666353893	0.5285072207603482 -1.0825027865297334 0.7752017314336551
1.0000000000000000	0.8585029575730001 1.1115971842093453 0.2640465326630352	0.4695410443569810 -0.3894795795439638 -2.0663201084384122
1.0000000000000000	-0.8367957013352896 -1.4305053936067846 -0.6699115068350793	-0.7061606069125191 0.5844779549959406 -0.7574600428739893
1.0000000000000000	1.2409342262695082 0.4072364847238144 -0.1260076604539168	0.4566234667587130 -0.3639907344557406 -1.2499421314325374
1.0000000000000000	0.2994964474098187 -0.0963979375950120 0.0524016230342538	-2.1419175916533275 -0.6979974259970764 0.3805135552491948
1.0000000000000000	-0.2432614352089542 -0.1669574757841536 -0.5334957066267952	-1.2098414687338537 -1.8300837648179615 2.3202430568855816
1.0000000000000000	0.0550587417020869 -0.6966271150752295 0.7149573590482284	0.6659492428207537 -1.1476637860414620 0.5577608348785021
1.0000000000000000	-0.1321364123339480 -0.4405852961775242 0.1622688648654811	1.7004270259033172 0.2165320542707041 2.1800224938881159
1.0000000000000000	0.2937849670806720 0.9376010328009118 1.0854107598546208	0.5127974385772535 -1.0022537353324459 0.7100994625876373
1.0000000000000000	0.0312451764506938 -0.4227445803705625 1.8800389168204872	-0.3226440748693496 0.1535038629020827 0.7300463060892752
1.0000000000000000	3.3433520784161743 0.6564095179636713 1.5039899655997637	-1.0162104479815373 -0.7117765636115210 0.5422970973887532
1.0000000000000000	0.4803197848723961 0.1104436226783315 0.0043969392660869	0.3429082059903037 2.1607878013508395 1.2368595883441598
1.0000000000000000	-0.1668597128284701 0.1346122718876268 -0.5776229009153813	-1.2007134231010577 -2.3097476127537111 0.4237297028389527
1.0000000000000000	0.0372005724813649 -0.7788137134686361 0.8143803515147762	0.4437729165618358 -1.2459608705753997 -1.0112923482476410
1.0000000000000000	-0.1370700715484011 -0.1739911347929524 0.1366447404700510	-1.3896808062927724 0.3154283468217784 2.4244212627946218
1.0000000000000000	-6.4444449169282967 -1.4414983696695687 5.8531205792718266	0.1505943379550597 0.5271780279890310 -0.6122601473611341
1.0000000000000000	0.2182859699636793 -0.1624778099842910 0.5469932908836987	-1.1391883574290276 2.1219099433526059 1.6447741688614919
1.0000000000000000	-0.3938222672815899 -0.1489558334426349 0.1361617601910858	1.1403701719833945 0.2102798148373715 1.6001932899046549
1.0000000000000000	-1.6925452452404588 0.5656976106777984 -1.1688505647556231	-1.0151359354498277 0.2003747535906154 -0.0872386947890831
1.0000000000000000	0.0876067566075762 0.0359903212294249 0.3550036903847443	1.7169311840487036 -0.2943453346529057 1.2396090001226714
1.0000000000000000	-0.0660583229415260 1.0668158279589559 0.3362318889131259	1.5791155991206778 -0.4123521986705155 -1.1023738232716678
1.0000000000000000	-0.0125830697970130 1.0612107390714194 0.5761007375654005	-0.0985018085731429 -0.2454128536826077 -0.7828714831297923
1.0000000000000000	0.0949109939403503 -0.2883031887241734 0.8399075171239596	-2.6921412751946230 -0.4123420673294848 -0.0239295024909173
1.0000000000000000	-0.4492776615314490 0.1112874640243996 0.4170507129038500	0.7363845944743960 -1.3170861319057485 -0.8565755129874988
1.0000000000000000	-0.8956622675569740 -1.3488782318578367 1.0679864613544749	0.0152331642473105 1.0381064200693046 0.9838064835642084
1.0000000000000000	0.6366608729635816 -0.0327475390720856 0.2556017756772862	1.5086343832225395 0.9526498498221490 -0.4692848218486707
1.0000000000000000	1.3311310939102010 -0.5944685542726028 -1.1565427086849787	-1.0223160362811885 -0.6382017857139087 0.5366606236523118
1.0000000000000000	-0.0851395955651496 0.0372120087037049 0.0916378803814594	-0.5667375126372700 1.9831088942591129 -0.4734587655284166
1.0000000000000000	-0.0480767972513752 0.4311316088706327 0.1637941907782172	-0.1412996090388389 2.2287925739089554 -1.7240592711209661
1.0000000000000000	0.8654260421079334 -1.6125387569990208 -0.1141590980163209	1.1168529689595057 0.5785817904028110 -1.1488742703391328
1.0000000000000000	-0.1226751548958974 0.0002491550470867 0.0987906117173941	-0.2598135173296970 -0.8588844691780639 1.9642173987811820
1.0000000000000000	-0.6501793680623260 0.4463128064427864 0.7046623671439454	0.9433390451107694 -0.9900742714345527 0.3986839041353409
1.0000000000000000	-0.0742242922849402 0.3680759010301266 0.2516077076190111	1.2596371783808611 -0.1725863892294350 -0.4120392297201288
1.0000000000000000	-0.2224802804693544 -0.3076628383584877 -0.2204524977994990	0.4203198089670923 1.2366886929073735 1.3131583847614974
1.0000000000000000	-0.2269984210356766 0.3412641679754008 0.6975424633208632	1.1583333161666118 -0.3919397053422318 1.7250725704097352
1.0000000000000000	2.2141863130635060 0.5811084840566749 -0.3708746101230535	-1.2755799259935923 0.4477945773371318 0.9720093482879535
1.0000000000000000	0.3523529423210363 0.1048687750042625 0.3440312635914624	0.1836762741471051 0.8111175798737578 -1.0972311830510910
1.0000000000000000	1.8354369974565319 0.1665070495530931 1.1361115390975625	-1.0284786823332999 0.8669859675038685 1.1760163560493555
1.0000000000000000	1.0554966562673855 -2.3074914171293677 -2.0887971308124467	0.7417425835281518 0.8601018976159671 -0.2298276503314640
1.0000000000000000	0.4411085656990822 -0.5115597113310664 -0.2444023622025089	1.1146905168147740 0.9619695769351915 0.2058609603426328
1.0000000000000000	-0.8879629209818816 -0.7210242142663710 0.4169405123695201	1.5502627696136708 -1.1820139690673097 0.1309650961440241
1.0000000000000000	0.2051379495199467 -0.9001118875570370 -0.5029581186434058	-0.3704657858132722 0.4503708323526207 -1.0734677985306718
1.0000000000000000	-0.1793339726144004 -0.4711183524693041 -0.1557062773918645	1.3239443748497088 1.0996712677426761 0.4008374325414996
1.0000000000000000	2.1070625674653765 2.2153321122516934 0.0373568343567440	-0.0511166199236665 0.7281996302415765 0.6388316221689234
1.0000000000000000	-0.1556609328536755 -0.2752457950268141 0.4701926539498746	-0.9300116745734930 -0.5552343151648413 0.6961786332423303
1.0000000000000000	0.1299420886922287 0.1971419691662790 -0.0295884980540065	-0.3174713048287132 -0.7324951823582059 -0.0489268887411803
1.0000000000000000	-1.1030471436286264 0.2588635439850359 1.1683502669430619	-0.6719894295163177 -1.0864948537797856 -0.2227490662594521
1.0000000000000000	0.2156742744595293 0.1501519458341442 -0.0057115902970467	-1.2283563109062614 0.8925194148741473 1.0206260786161530
1.0000000000000000	0.4182895588165716 0.2522237074638942 0.1491395768162602	-0.2689579551849310 0.9622172138091901 3.7121310699145083
1.0000000000000000	-0.3500693457301441 -0.0026622473444280 0.4340352445415861	3.2029875070906861 -0.7132637784432132 -0.4926883080185919
1.0000000000000000	0.2875730425866445 -0.2228170676539944 -0.1866457440758531	0.6680126966621937 2.2697724862603179 0.9588973231104907
1.0000000000000000	0.2942819487398859 -0.9531413663664190 -0.4174227261967886	-0.6875451064727974 0.4392012797708345 -0.9087054824946648
1.0000000000000000	0.1850252008076013 -0.6704481596972398 0.2167328983935538	-2.3991837649534071 -0.7351119865930147 -0.3063167147841642
1.0000000000000000	-0.6841075467960066 0.5862698624671838 1.7668264870976524	0.4113701503754542 0.1091243409745216 1.7647636092359684
1.0000000000000000	-0.1864902008849071 -0.4386379618605694 -0.6128665628369513	-0.7449541945821326 0.7117283011867057 0.8671888758303603
1.0000000000000000	0.0410230789870330 0.0295802038788408 0.4672357724467430	0.6201174274903036 -1.4347677805223891 -0.4185050346518474
1.0000000000000000	-1.1584327937434384 0.9772474678192975 0.2097089495351097	-0.1266259836071602 -0.7633997107033345 -0.1742177013697748
1.0000000000000000	-0.1663264847755507 0.4248586970713920 0.1295611820740267	-0.0208055100767114 -1.4515031226104222 -1.2979471791310002
1.0000000000000000	0.1021267933706566 -0.5630793543291748 -0.3822209468622606	-1.4094963676978325 -1.4878969147409233 -0.3896948312569810
1.0000000000000000	-0.2162517385087403 -0.3467971677667075 0.7971736422137395	-1.5281051216370491 1.9203257329462002 -1.1359770232634814
1.0000000000000000	-0.0975978317850543 1.0368108337734470 -0.9704596422701609	1.3437569335909743 -0.3831550569759502 -0.2498454629338501
1.0000000000000000	-0.0618878320241673 0.2145871729410790 -1.3666091596524421	0.1710211182843873 -1.3715902020639812 1.3674948808606080
1.0000000000000000	0.2153333354144524 0.3781393916507534 0.5474059002580531	-2.3423721007292246 0.3900667001057799 1.5236956168708420
1.0000000000000000	0.7373306743928073 0.2582718162627362 0.4491471060095890	-0.6276423165969441 0.0241822083990715 -1.4556427202787141
1.0000000000000000	-0.3854645089402698 0.1525687459946973 -0.1825345466671906	-0.2591064887807391 -0.3868567751283911 -0.5206446384101021
1.0000000000000000	0.6451640536356374 -0.9547385723154577 0.2527575051033087	2.2398854668299868 -0.4806895039412982 0.0527962353156112
1.0000000000000000	-0.0398493312722194 -0.6282610752387334 0.4863113201722852	1.7848958311795113 1.3966641147888930 0.6866191735371489
1.0000000000000000	-1.0728078765953120 0.4562815135685350 0.0603776968310717	1.2526514850958048 0.3881599888734565 -1.3258184430561935
1.0000000000000000	-0.1699040722420150 -0.0781268994322681 -0.0211784359821709	-0.8841924933344379 -2.8322999185127538 0.4090221434513066
1.0000000000000000	0.4817682488884936 -0.2072744068684667 -0.7517674055986590	-1.0440809048771602 -1.3495305750602549 -0.4634634469003867
1.0000000000000000	0.3725452209598358 1.6723324318572934 0.5879149411916521	-0.8364624825377420 0.3043320944551026 -0.0518779935773059
1.0000000000000000	-0.0554414694640228 0.2294045058059072 -0.4842653404992667	0.9211055566784832 0.0660763603964123 -0.3340223815868603
1.0000000000000000	1.1989736869673580 -0.2581486043828480 -0.6334552342315434	1.3857809333691258 0.0483155202764926 0.2093715186029481
1.0000000000000000	-1.4372310822312393 3.2823136513250595 1.0751743579814301	-0.9079006642520017 0.6394478107966819 -0.6771426044028461
1.0000000000000000	0.1577257910605160 -0.0335535902982455 -0.6514392676902258	-1.2759465216690191 -1.7108731064455898 -0.7685929954496526
1.0000000000000000	-0.8417776558676086 0.7030628900958494 -0.7802238208322806	0.3186993047225143 1.0098731047762217 -0.5249343274365020
1.0000000000000000	-0.0959162420760956 0.1432962792246076 -0.1742663230750768	-0.8209331660035045 1.9214341914745592 -2.3407850173943983
1.0000000000000000	1.1410636699062422 -0.1508251906448487 -0.5526425607150696	0.8245492547956768 1.7883498284957384 0.1648538720910748
1.0000000000000000	-1.4402399809446114 2.5458942445250896 0.9356239019284754	0.2813349346214762 -1.2417283515072681 -0.1229471531346920
1.0000000000000000	3.4410539998444349 -2.3132624760582097 -2.8383358069333804	-0.0062450731044603 -0.7866888806558247 0.8627735718808128
1.0000000000000000	0.0987836413375159 -0.2441420006636463 0.2326155811884421	0.2717218954593977 -0.4600888810624865 1.2153019327551933
1.0000000000000000	1.2965384371006816 -0.0565431824186088 -0.1710943480412151	1.5222815700124626 -1.1243218863268900 -0.0657082638631617
1.0000000000000000	0.3223800120618977 0.3616462875945671 0.7604612631708196	1.3280159879072908 1.5923721126910988 -0.8231636470172463
1.0000000000000000	-0.0553679546684475 0.3207013967670749 0.6351768552260092	-0.1184841540156313 -2.2974310053653251 1.3579842053118967
1.0000000000000000	5.1231738381564913 1.0879070267280240 6.6382267429082864	-0.2510845463573497 -0.2541330989841651 0.0724247739602786
1.0000000000000000	-1.9064332942196052 -4.9903745161980773 -2.9446074303071850	-0.9455632183710688 -0.3439522658572127 0.4340672832529005
1.0000000000000000	-0.3568492828660458 1.0315976241331681 -0.0730443036878120	0.5713250789134429 -0.8808125077318408 -0.8158505780419507
1.0000000000000000	9.9165216097708164 -5.4013036833270025 4.4066167391739199	-0.3814292420013581 -0.1839356064555664 -0.0381611943125489
1.0000000000000000	-0.2362445630777542 -0.4967596550141946 -0.6535157765552506	-1.9333391692311783 -0.2403501781392087 0.2109058520488795
1.0000000000000000	1.6678034664992218 -3.8500261284416801 -1.0211922992010163	-0.5296210434739603 0.1331534739681776 -0.7100998185417369
1.0000000000000000	0.7405121638049034 1.1635614950518371 0.6384949835756479	-0.0995103617614446 0.2136436415185925 1.0859243224638850
1.0000000000000000	3.8523546796342778 3.4500970166596878 -0.7702156622925485	-0.9588645322306230 -0.2422415283002451 -0.4655955521744439
1.0000000000000000	0.1230825421293364 0.4736293597870413 0.6373244191151335	-1.9407159447699713 0.7726228797745259 -0.1840723138204721
1.0000000000000000	2.2521882365808659 -2.2653182254938580 6.5544660499587346	-0.3596074600081356 0.0327473116557733 0.2860573279419326
1.0000000000000000	-0.5628289546538428 -0.1376842690826327 0.1826830767784774	-1.3831439615610961 -1.4852415917115751 1.1255439033291774
1.0000000000000000	1.5190847079533285 0.8843385544498477 0.0325981394987826	-1.7259068620601430 0.3906606517518810 -0.2408695698688851
1.0000000000000000	-0.2091634166882938 0.6970319683295113 -0.7259994176433482	0.6367006969560728 -0.5370504579979004 0.1294694662313336
1.0000000000000000	1.9426671472875070 1.8762243907352147 -0.8202589967351041	0.5683955559286108 -0.3922010273382766 -0.1526521578462806
1.0000000000000000	-1.2114697977050943 0.3190647724571926 -0.9819923358625046	-0.2922483190235863 -0.2302853361572881 -0.6181654610540146
1.0000000000000000	0.4882992958090191 0.3732404673319747 0.6111648961695324	-1.2303574263359296 0.5441293111133856 -1.4858895671690877
1.0000000000000000	-0.9190294802728610 2.3671576657702547 0.4814760264705265	0.4280765624573125 0.3466005529788780 0.3282078721305569
1.0000000000000000	-0.5071243889265806 1.0439280586767230 -1.1889813345057001	-1.2218301526018303 -0.9523491707804994 0.1574182799134213
1.0000000000000000	0.6103214339239961 0.5033508107066641 -0.0993736082049413	0.2621556599232643 0.6627508964064988 0.7981381163899380
1.0000000000000000	0.3338597395865399 0.0439046755759630 0.1113978343905446	1.2248985143442823 1.1912986652426401 -1.2837213021612310
1.0000000000000000	2.1851410805562992 1.2888918053392158 0.2763718178231733	-0.0984292775344297 -0.3706033002027065 -0.9586694492064305
1.0000000000000000	0.3269597002688432 -0.6138791915826949 0.8003379309160470	-1.2779114101955891 0.0289252258252859 -0.0643951608255631
1.0000000000000000	0.1084860082158488 0.3300809514804933 0.5286843535369398	-1.3564253197350891 -1.0631752854797696 1.1881859715290324
1.0000000000000000	-0.5420093478123725 0.2306640440943499 -0.5923130239000995	-0.9007899673196336 -0.7647209085884370 -0.6308988007422668
1.0000000000000000	0.0940904270019712 0.0850963588431694 -0.2174149087478994	0.0489507977692724 -0.9278427356556662 -0.4982681484841668
1.0000000000000000	0.1502514862483444 0.2350493707438575 0.6631625130412172	-1.6870498875769853 1.6201734480514685 -0.8065659450532626
1.0000000000000000	0.1331779296828399 0.4949851716248735 0.3611966077553251	0.3848343747238374 -0.3559182719803159 -1.1194384304903193
1.0000000000000000	0.6417651298634741 -0.0981266187238580 0.5489437282928127	-0.9234135196375247 0.5269106880425523 0.3492362446762731
1.0000000000000000	0.7365676936851870 -0.0252525663516138 0.1550668150846456	-1.0060184235671232 -1.4157458366958753 -1.4929092492832010
1.0000000000000000	-0.7211572856631198 0.2017643532232242 0.4282862517717099	-0.0667319321244334 0.9072344021440916 -1.0485232073424298
1.0000000000000000	0.9455588767439566 0.1637443572203723 0.5607216316723120	-1.2006956244790941 0.6432801654316224 1.3573475323582851
1.0000000000000000	0.6605757692241720 0.2112853824975912 -0.3222019059346451	-2.2177484204686002 -0.8352243776946001 -0.4514170470819099
1.0000000000000000	0.7005786446213843 -1.1283948217831392 0.9800222822113933	-0.5174527267210656 -0.8540817045198781 -1.6750452094913810
1.0000000000000000	-0.3127930311923380 0.1546200038425243 0.2864934116554776	-0.5321505360005880 -0.4936780301387368 -0.8594093079505807
1.0000000000000000	-0.0918917889197617 0.2479796868641363 -0.2794624335300617	2.5145481971145651 -1.9195611105634829 0.4645148424411066
1.0000000000000000	-0.2428563154495704 -0.1429780049530961 -0.1971706918575715	0.1118324128036151 1.0265025935710823 2.1672579790068496
1.0000000000000000	0.5709384493343833 -0.0146887821732175 -0.2477421817714160	0.8463005160519304 0.5977989632774230 0.1873204248180836
1.0000000000000000	0.6183567875874731 -0.0556160177011500 0.6088397782531146	1.5232663721192137 0.1466262878565272 0.7307792477869456
1.0000000000000000	-3.7713726042603604 -0.6822068710580347 3.2069099245705215	0.6268994197298069 0.0908972244641149 -0.5941669272680961
1.0000000000000000	0.9316431001752407 -0.9919574267208874 -0.4792168319216755	0.0244467871225804 -1.0875351690231270 -1.0149175091013729
1.0000000000000000	0.4592750028887858 -0.3505100605526200 -0.6826252226966578	0.3504265648788937 1.3005953157310457 0.6168915514451871
1.0000000000000000	-1.0803551568799676 0.0366129622447945 -1.0663672457868205	-0.7894313028768990 -0.3994836736768375 -2.2212213496882658
1.0000000000000000	0.7056679446485855 0.1108546699354658 0.1503419926144996	-0.3198588546007760 0.0685812025296969 0.7689895357050219
1.0000000000000000	-0.2964779737355367 1.1848073318380732 1.2362169402459391	0.3142533193648904 -0.3356864297217478 0.3249389423452935
1.0000000000000000	-0.9613545597789362 0.5806004847395897 1.0028663800485500	1.3110272671767960 -0.9467806180513033 0.4540633555301296
1.0000000000000000	0.6317077508764380 -0.2676274859414234 -0.0004149131072576	1.7718266188674805 1.6673510868313595 0.5002290273709651
1.0000000000000000	0.0835476812117645 1.0346508393205196 -0.1516871642013220	-1.4407595115784304 -0.2015664406528405 -0.2531743974484964
1.0000000000000000	0.3557215637350297 0.4834754973828727 0.0099511897624875	-0.6118895350188306 -1.7374939951824631 -0.8366895861938214
1.0000000000000000	-0.3574640291338302 -2.0939883553094765 1.0525133540606926	-0.6408069052576243 0.0435669132263125 -0.9636749006848720
1.0000000000000000	1.0261991215559849 0.8206745332406181 0.0693360659949289	0.5903475842190518 1.6797829895541565 -0.3392972955155030
1.0000000000000000	0.2889038070098587 0.0041092003382914 1.8237587109419591	0.9533460690160283 -0.8772680604650572 -0.8678803361580738
1.0000000000000000	0.6782130716943024 -0.1347722901767397 0.8666765493309559	-0.3753871989320386 -0.9666249642748198 -0.1861631558742643
1.0000000000000000	-0.0752341507585463 -0.9937274793892180 -0.6480165451776627	-0.4826714586768363 -1.2303542298877770 -0.4327441922699009
1.0000000000000000	1.3488475321844655 -0.4067354435748414 2.7757051919955500	-0.5472051537402908 0.2191602941358067 0.1016901782034683
1.0000000000000000	1.0342679912350781 -2.4003699702400398 -3.1474470039842442	0.0170817612289584 -0.7111420321380036 -0.6327556628533412
1.0000000000000000	0.3692797190834319 0.0721226639075029 0.3156243974706429	-0.9223138372161516 -1.2829341393239957 1.0452670135537430
1.0000000000000000	-2.1304390777499100 -2.5222295999435302 -1.4867234379458694	0.4334160008037716 0.5857576510597101 0.3470538854680876
1.0000000000000000	1.5258603116651066 -0.8741006230897308 1.1258360747551466	-1.5365855859563227 0.1706309138917613 -0.8674873352828799
1.0000000000000000	0.9614956820457907 0.9324366115576169 0.4583765004754192	0.3695794015877522 0.4743155624086667 -1.6811827029760249
1.0000000000000000	0.7389944296757694 0.3923115559953907 0.7536013505102943	-1.5767066859957559 -1.3710277880541637 -1.4299404704490988
1.0000000000000000	0.0133858937899464 0.2471779761665207 0.3325838103616218	1.2534766769390329 -1.4738724848449232 -2.4042414858042425
1.0000000000000000	0.4771469887790985 1.2850816853566349 -0.1011681861428469	0.1740785171740225 -0.6289400890741588 1.4064741098205373
1.0000000000000000	-0.7413364191793249 0.6177042364993346 0.9217163371653718	-0.4371951350795641 -0.4717176719910733 1.2153597604853195
1.0000000000000000	0.6652726048661226 -0.1994785714034439 1.6325180188198023	-0.6299908881404254 -0.1474344928011303 -1.1278434280338281
1.0000000000000000	-0.2186085345026149 -0.1772276811168852 0.1397399162589978	-1.2413175888060581 -0.5106767613722548 0.0153097074299306
1.0000000000000000	-1.1752252260139326 1.9519962361499481 1.8525808964358550	0.2303524485955961 0.8409951580549677 -1.2411091539458430
1.0000000000000000	-0.7738746378052225 3.6036068309687188 0.4069895703174610	-0.4142565235849141 0.8725589058497512 0.0368210742812595
1.0000000000000000	0.1223465431232816 0.5682521630441330 0.3804128459569316	0.5111565032878336 -1.3258736337260213 0.9938481703688300
1.0000000000000000	0.7087320299181959 -1.3132797474876432 -1.2978890523320308	-0.9672500232941090 -1.0119376592678202 -0.1160941568653770
1.0000000000000000	-0.6350552202839174 -0.6780765195400894 0.3012547606800413	0.0589849874496768 -0.1618945644416042 -2.2078835488712323
1.0000000000000000	0.1287684917074654 0.3047238677555238 -0.1254998005293427	1.7830528933483869 -2.8984929840130311 -0.6238679729177454
1.0000000000000000	-0.0922981133212369 -0.0090294394343227 0.0772256376804207	-0.9200062161436027 1.0438866987580115 0.2589042585323072
1.0000000000000000	0.2012166544942326 1.3868148377398799 0.7290242377601168	-0.0490908448002177 1.0508204186275518 -0.9211853575343439
1.0000000000000000	0.1233546386664607 0.4424397973997528 -0.1572143336452578	0.9291411082297831 0.4086695424711348 -1.0185002351057961
1.0000000000000000	-0.0507928169347173 0.2475743078436433 -0.3652495467450460	0.4841577808890322 0.3354561997450198 0.3265355248305962
1.0000000000000000	-0.0376398210671646 -0.8320875205497816 -0.2906416467353696	-0.1307048261205906 0.6521455948366560 1.9162565260162125
1.0000000000000000	-0.3319763179127238 -0.7339483954824111 -1.9254261382917901	-0.2198017685426722 -0.1161427190117487 -0.3294006108769409
1.0000000000000000	-0.5448533652210495 -0.5283426500426436 0.9362934430078919	-0.9756345489960304 1.2204875623766380 -0.1425423364115125
1.0000000000000000	0.4091955342549027 -0.5581103287150866 0.8468324149396962	-1.4981239616817870 -0.1803679222729166 0.3599770933006249
1.0000000000000000	0.8625835284792811 -1.3782159472507187 -0.0052312525608427	0.3368506902236948 1.3763419408936439 -0.5759379499209787
1.0000000000000000	-3.1960554506905892 -0.8584251976978409 0.9901137528408654	-0.5092351070200976 0.9728940645036990 -0.0045595243218236
1.0000000000000000	0.5930164929141184 -0.7983070640211165 0.0405877184801947	1.3029927161901604 -1.9912133337124724 -0.1394120798804430
1.0000000000000000	-0.4027391329829261 0.1966477721784788 0.6229756617788901	-1.1167374997330888 0.6549547495408472 1.1281945546068677
1.0000000000000000	-0.1366704195506496 -0.4060258597117400 0.4520787323889731	0.6466246440845378 -0.7092378406997982 -1.0026261555463918
1.0000000000000000	0.2367281131585743 -0.0952602394388372 1.9293597716010551	0.7806385138273406 1.5517473537587758 1.4633808608808765
1.0000000000000000	-0.1387468119552437 0.1826414856433747 -0.2062397990725875	-0.5480135745549140 -0.6642516633488436 -2.3166850875189438
1.0000000000000000	0.3284062464871881 0.4720830121031059 -0.3908797784449271	0.3897994776582000 -0.9623386481608740 0.7482026896522577
1.0000000000000000	0.9959188385383597 0.2280859091669248 -0.4845338146539950	-0.2940388884316924 -0.8297194767842724 1.4723128691753813
1.0000000000000000	0.3717939435730055 0.4174970255761619 -1.0849845028740812	-0.0425680414958635 -0.2476758454476801 0.0771629740833226
1.0000000000000000	0.1047368707083306 -0.0946088292911874 -0.4237108572231307	1.6528375320877524 -0.2891607076800399 -2.1087371621290503
1.0000000000000000	-0.4380838943016702 -0.5186638441409658 0.5345676675522932	-2.3751443438308879 -0.9426717098489816 0.0345677562368782
1.0000000000000000	0.0014575350987562 -0.5074157288151067 -0.9939079117050822	-0.3657939150382524 1.7773128896483092 0.0971212290818998
1.0000000000000000	-0.6806891858726384 0.6336959642844104 2.1404637776815059	-0.1149633016837337 0.2821996688998158 -1.5509313360742667
1.0000000000000000	0.1184509289190469 -0.0381375573131151 -0.0326317427839360	-0.0532581983984456 0.1262650297032755 2.0287589698660704
1.0000000000000000	-0.0250156378825118 -2.0700621867723843 0.7818799565425147	0.5836768782010110 -0.6673182028512206 -0.5863375983476991
1.0000000000000000	-0.5561350819421940 1.5828610635558367 -1.1047041540693632	0.4123709059875550 1.0078094896297480 0.9372376524465236
1.0000000000000000	0.3730032998191295 -0.3504759294522973 -0.8690725083092190	-1.2112727870985562 0.9408843020983207 -1.2896584581300758
1.0000000000000000	0.7490314887463343 0.6225591552895681 -0.2039810375915985	0.0263296375935634 0.3314943421130508 0.4763492724475058
1.0000000000000000	0.8863725472861714 -0.5514068520222656 -0.1298524105149957	-2.3907491753326000 0.9044305079755427 0.3332375775700773
1.0000000000000000	0.6004560424910255 0.6753320944012193 -0.1553487990832494	1.3919415698801125 -0.8025681816926545 1.4777484819295983
1.0000000000000000	0.0944359140705372 0.5989946746729160 0.5745871896921406	-1.6514156850276731 -1.3132178890054296 -1.4086191395390060
1.0000000000000000	0.2444168707097768 0.0172902594321594 0.3499618851212449	0.3349638481367757 0.3363442083316954 1.8946838383859608
1.0000000000000000	0.6540205579120376 0.9176316036990373 -0.5692172117488172	0.2497382385497239 1.6940939414170779 -1.5039272098718335
1.0000000000000000	-1.5724080315314830 1.0631217990965502 0.1095515007183791	-0.7305727026275437 0.7157549370410013 -0.8232265043557179
1.0000000000000000	0.8121959530507196 -0.2575433586633492 -1.2317246517545948	-0.8863416442606316 -0.9944513022532384 0.4767996459705463
1.0000000000000000	0.2668037601048887 0.4353262459128817 0.0796239030063263	-1.3587471328466907 -1.6752636515239898 1.9516036789557187
1.0000000000000000	-0.6234741416161500 0.3303246628627305 -0.4792121813084566	0.6958188547215413 -0.5660682570093386 1.5147983727411691
1.0000000000000000	0.2641752906905633 1.0515686133271089 -0.0872038230760551	0.0528133512086970 0.9683873844865498 1.8418085086084299
1.0000000000000000	-0.3321756990239466 -0.4715841327422460 0.0413565494019254	0.9079168625250209 -1.9007142375173089 -0.8457694860982486
1.0000000000000000	0.2639372602009832 1.5679026511005645 -0.5946091891945163	-0.5072593944044835 -1.2917851729259631 0.1593491278895556
1.0000000000000000	1.3868633318394672 -1.0363937358809328 1.1019226043796917	0.0841730808382553 -1.0886085817906406 -1.2374872756939534
1.0000000000000000	-0.4289841035324337 -0.7890169146335008 -0.3959250079562124	0.7006570402314218 0.7454560870802032 -0.2995011288443736
1.0000000000000000	-0.2462769242829814 -1.6622877247052379 0.2949825473250234	-1.8838136918097568 0.0899471631769846 -1.1531639427486309
1.0000000000000000	0.9476186503144162 -0.0064302011132691 0.3811330002093189	-1.0908569603939371 -1.0624551354034968 1.1680250395036551
1.0000000000000000	0.9235538048046518 0.6911842301226686 0.4486185062719166	-1.1459867153404681 -0.3738778599290183 0.6285872382049168
1.0000000000000000	-0.1015579910519696 -0.1083506740847474 0.7359577980330101	-0.6378740950950498 2.8096648094775132 -0.2271984089752492
1.0000000000000000	-0.2641955954376423 0.4256722885040142 0.1715738040970393	-2.3693981019850168 -2.1795585440642222 0.0995877904366587
1.0000000000000000	0.6602989280314764 -0.5542888763507486 0.0432697035731154	1.3848253959453001 -0.6245854182416452 -1.1012176479632385
1.0000000000000000	-0.2862821274209057 0.2924478695773500 1.2448230320910554	0.1621229835792817 0.5067100669420112 0.8420628651109655
1.0000000000000000	-0.3052282372288123 0.3239778082917339 -0.5614347921557274	1.7234315004418010 -0.5738907367800410 -0.8981120616543831
1.0000000000000000	-0.0670046750405466 0.6204237440201282 0.0793963457933805	-0.1744054763614073 -2.2564157060337844 0.2113882908200108
1.0000000000000000	-1.8735987995554635 0.8776462115957850 1.6473731167736285	-0.8819658402188590 -1.2228445139867126 0.0030010082836912
1.0000000000000000	0.8381433543384452 1.3080795968718615 1.5073108663030321	-0.7778753181357210 0.0530887190485729 -0.6961759395035712
1.0000000000000000	6.3756597274588795 -0.4018584054621491 -2.5453542253218258	-0.6404019742838425 0.4809959216781865 -0.0113362820509934
1.0000000000000000	0.0858305700534197 0.3379592691962273 0.2311854496842544	0.0699920181547016 1.0652932783963276 -0.3579740033387556
1.0000000000000000	0.3641068491431636 1.0363657803631416 0.5512357942229803	1.2764337847755238 -1.0419453690074187 1.5885309581583285
1.0000000000000000	-0.2513782326688263 0.5381357042731947 -0.8419920619831013	0.5489843180818997 0.7748339579731939 -1.1943040559410114
1.0000000000000000	-0.5564238728243291 -2.5471717788519777 0.2329432695861762	0.5354460120729447 0.5642789462459957 -1.0576771084497958
1.0000000000000000	-0.8454817018004301 0.4968299135624462 0.0341134638565681	0.3958134192977360 0.5681682970245869 2.6592135435658637
1.0000000000000000	1.8098210129770429 0.4309744314742212 2.9184355085383764	0.6849219909498527 1.1877511321748335 0.8971817094393888
1.0000000000000000	0.0154900538916628 -0.1643965529980739 0.1273532755682219	-0.5500637578665940 -0.9990691724389343 0.4728422739623260
1.0000000000000000	0.2845194140052343 -0.0826328935369704 -0.0723683459490368	-0.8006613226583473 1.8168789053705432 1.2458415550594146
1.0000000000000000	0.3756339716331012 -0.0277267384717217 -0.1255759418688195	0.9226093076328484 1.0154840777882437 0.5469210591182375
1.0000000000000000	5.0332319944266981 3.0730591023026057 -2.6435982934503763	-1.2764640915047565 -0.3493314275870409 0.1559000061023064
1.0000000000000000	0.5803032119857962 -0.0008278047575854 0.1441205478746576	0.9579805251454240 -0.2232437346308826 -1.6643185148060893
1.0000000000000000	0.9461734735454318 -0.0074414598877901 0.5745159670152524	-0.6152918026071286 0.4126720713111312 -0.8265100227494738
1.0000000000000000	-0.6191751337245412 1.5779549206572974 2.0128589957083474	-0.2953420834449649 0.1307799511466950 0.9243875764531145
1.0000000000000000	0.8824211252494156 -0.3598731621755731 -0.8000042616575436	0.1398824689805483 0.5223806479081785 0.8815667630318773
1.0000000000000000	0.3655983865425607 -0.2686444079815474 -0.4068641581449441	-0.3254481659123153 1.6700062647568155 0.8405089999339551
1.0000000000000000	0.8821270967877772 -0.5077893844837058 0.4198786691564977	-1.2360980256128633 0.4582237284036250 0.5433427499298072
1.0000000000000000	0.3499390139975211 0.3172227342545332 0.4066018483499887	1.4961747457063170 -0.2336555243436257 1.9600013951233972
1.0000000000000000	0.0968990126174692 0.0494304505791784 -0.6106071544595275	-1.0035005422667080 -0.0882807189921364 -1.3247967829786258
1.0000000000000000	-0.0129631772020443 1.6958989777928446 0.1471317288881992	0.4086874606862057 0.2030702926181821 -0.5802938812441338
1.0000000000000000	0.6951465818595887 -0.1729934227826084 -0.7226484077653702	-0.6344315675063035 0.5741975419565061 1.7096572053251917
1.0000000000000000	-0.8296839157952046 -0.5953970679603890 -0.4106316022422264	1.7326265070537190 0.6944844217097813 -0.8782021482187774
1.0000000000000000	-2.1541243767272076 2.5357038404000307 1.3201012280301574	-0.8006498491091459 0.7815953159581364 0.6147390261297501
1.0000000000000000	-3.0756594350015303 -0.6368226254457805 0.0250342461430722	0.3908042178914094 0.0111354245201411 0.1816117111058926
1.0000000000000000	-0.9493462358011896 1.3098899617597892 -0.5149402690231052	0.4126542624352629 -0.9867826841371715 -0.1725114607531026
1.0000000000000000	0.1306124217769099 0.4470143937086261 -0.0464420102062736	0.8247875738050529 1.0740087212994847 0.3462370073284582
1.0000000000000000	2.3472757654155632 -1.0326908602485607 -0.6008152663010476	-1.3445633702901558 0.1122253183407154 0.3038505138356248
1.0000000000000000	0.0305004811037086 -0.7521656785881586 1.1289873971996396	-0.5018180093854584 0.2699345863912961 0.1223376933985956
1.0000000000000000	0.9590488219246744 -0.5459470424328601 0.2167215671291274	1.3994651964226028 1.4105782155193261 0.1390305789050329
1.0000000000000000	-0.8309671447911632 -1.4746166308428588 -0.1545476223717625	-0.4390598219604583 1.8799547368050116 -0.1942546170328463
1.0000000000000000	0.0009394593459922 -0.3752751542117881 0.1447540521399734	0.4850775374459150 2.7361717372031635 1.5473398888214196
1.0000000000000000	-0.5820410820966678 -1.0096253061263403 0.6184257844996742	0.4959773637055929 -0.5098956541260390 -1.0603092596530455
1.0000000000000000	-0.5089170413339126 -1.4625934794047795 -1.7121905407799696	0.2780081415496278 0.4129428974173543 0.5139148162483453
1.0000000000000000	1.6730968837960816 0.1649949752421541 1.4850034992522132	-1.4326794804571625 -0.9023381900217935 0.6411993356360079
1.0000000000000000	-0.6712543541192720 1.4418645351763997 1.2215746217945580	-0.9486782362182031 0.8195467376844500 0.0931781038345635
1.0000000000000000	-0.5808030801328150 -0.1864946981974554 0.1549921713441659	-0.2293917501313538 -0.5401969965808711 0.0749797851162752
1.0000000000000000	-0.0919276642276910 -0.5352510069215767 0.6721945438940500	-0.9200180731969980 0.4724787812994336 1.6222236043737135
1.0000000000000000	0.0091555645858750 0.1726981071503433 0.5638885056587094	0.9778366104308255 -0.4815624639476615 -0.4419293244265504
1.0000000000000000	-0.5716180296802006 -0.2951047561031506 1.4765050720279167	0.0821417374095062 -1.0746758226451203 0.1073325742841346
1.0000000000000000	0.3635050179349515 -0.1190831865408469 -0.4100823972724353	-0.6495703737030547 -1.4854789585252453 1.1169546870512859
1.0000000000000000	-0.9943469066461538 -1.3219396999693505 2.2196839702959523	0.1046176473283300 0.4300004223486205 -0.9805491651553825
1.0000000000000000	0.4921951063746112 0.4453579359929932 -3.2121725573531688	0.7480144998023971 1.0016241564724673 -0.0645299538186434
1.0000000000000000	-0.4922283391141580 0.8527840084832354 -0.3872285710986884	1.4290494799002260 -0.1537934866449652 -1.3240520171246664
1.0000000000000000	-1.2828590186279023 1.6894059198088118 -0.3921706100897769	-0.0000580616781201 0.2926663269002541 0.8970710942032158
1.0000000000000000	0.2957772520538143 -0.3961583561136509 0.0561090794825377	-1.6544132556794877 -0.6578188572434016 2.0375039872895564
1.0000000000000000	-0.4218869838459864 0.1788309401596138 -0.2362570587366076	-0.1858785783858304 -0.4822651179689126 -1.3411600136337050
1.0000000000000000	-2.1497626704658015 3.1715818533617126 2.4348443887528854	-0.0415312125297675 -0.1959012961756847 0.4344248504257151
1.0000000000000000	-0.5318872247400066 0.3036390393277881 0.5190852130170435	1.1267863313737947 -0.0078273292374244 -0.9978491738875919
1.0000000000000000	-0.5642346384769049 0.3677223830509755 0.2720357046176015	1.9411142916072455 -0.3440140381354196 -0.7321713334722478
1.0000000000000000	1.2189689130425245 -0.0503074176042517 0.8621995864239789	0.0102049844055573 -0.0863755718134518 2.1492069315655615
1.0000000000000000	0.0473490825332044 -0.1441576332239039 -0.5120208468427018	-0.3096644353351540 -2.1314879256156605 -1.7505710062642419
1.0000000000000000	-1.3144641088891789 3.3425757108413046 2.4335491095941206	-0.9702351701903876 0.3885082994498774 -0.4782987547984494
1.0000000000000000	-0.3827246160263110 0.4494644126995821 0.2133908998385217	-1.4546662492095652 0.3648752459058868 1.0161976212486619
1.0000000000000000	-0.2265217518591955 0.3603960146960088 -0.0111250229827355	-0.0006317050438714 -0.4289976826905584 -0.0850445133177765
1.0000000000000000	0.6907296665917766 0.7727828997416348 0.5818997503091278	-1.1399348963260334 0.3162939425333657 -0.2393189200801233
1.0000000000000000	0.8181196701005754 -1.8527133216772067 0.2243579725318263	-1.6790945133607860 0.9368555053605468 0.3104826805385736
1.0000000000000000	0.3391690206461079 -0.4430419190133296 -0.1203494794964000	-1.0289735376514408 0.0111851935424747 -0.7346101241574288
1.0000000000000000	-0.3120241723085764 -0.4377123006731337 0.0862705776973122	-1.1318364578784550 -0.1713562148942422 -0.5918953785223342
1.0000000000000000	-0.6705266683650082 0.4648349025186647 -0.2044509524133477	0.6529100066595926 0.9129182891740351 1.6606097901535197
1.0000000000000000	0.5121888878610106 -0.4920515047356738 0.4327302476671164	1.5645346238756368 0.9515424213302570 1.2472208110327665
1.0000000000000000	1.1635074754951944 0.6164810481712829 0.5545952029647149	1.3644925890872477 1.6508857083866373 0.6402795502290319
1.0000000000000000	-0.0769014649890693 0.8636877197145820 0.5367117857913759	0.8303724682633615 -0.2225998997092516 0.8795217269881527
1.0000000000000000	-0.0311667881263730 0.0042876249985607 0.4397445024457375	1.4154817514316960 0.0335990398976108 -0.0295431534127493
1.0000000000000000	4.7651778430622285 -5.3367698498660259 -1.4093823460878563	-1.2571417627344226 0.2510667806237377 0.2842540338600979
1.0000000000000000	0.1873515090684588 0.1787594690543632 -0.5679491913736027	1.9928942193928365 -1.7669992366487646 1.4275071867797475
1.0000000000000000	-2.0537915605979471 1.7520944605966655 1.1251964900459224	0.6397153862820084 -0.1462920000994286 0.5772545982247965
1.0000000000000000	1.4197725405827641 -0.2488585689261503 0.2616640092405089	-0.8161624866272474 -1.6746128930333708 -0.6125877371413034
1.0000000000000000	-1.3664935192384720 0.4834289863676172 -0.8167219672076405	-0.7308227060647005 -1.5568041813667630 1.0302337229577276
1.0000000000000000	1.2728979072784792 -0.2362626158815749 0.0708086826493847	-1.3911985773192606 -0.3347305863071793 -0.1181573777596504
1.0000000000000000	-0.3722294082468733 -0.4159001606637113 -0.0485137875812674	0.0978086983054346 -0.9372517909466197 -2.8618291548867951
1.0000000000000000	1.0155023845317697 0.2115743261613851 -0.5260978121227828	-0.1151363354748462 -0.1042540242182856 -1.4908649659075601
1.0000000000000000	0.8568824574298979 0.2430697772208628 -0.1602207202005598	1.0032773545960756 0.1969035527119247 -1.3049798777663044
1.0000000000000000	0.2044712014094278 -0.3638480690704239 -0.0388416301441767	2.7941991010513800 -0.3203191055373888 -0.4473036314950082
1.0000000000000000	-0.0643157927214884 -0.0851503363816689 0.6116673702940796	0.6461562117693532 -0.6509432342670896 0.5685851871112564
1.0000000000000000	-0.3912682243726369 -0.5464099118592745 -0.4283399455533762	-2.7224378366603048 -0.3083023505115692 -0.8010603981953547
1.0000000000000000	2.7280070482694092 -1.4285878858336942 -7.6311788923786184	-0.2727391814992492 0.0305290301954840 0.4876367976605843
1.0000000000000000	-0.3623615457359809 0.0690928428595464 0.3577094836731440	0.0173675569868682 -0.3260723884395970 -0.6681144615950593
1.0000000000000000	0.4309619937225612 -0.4037235298011549 0.4775049221941527	-2.0395841656375486 0.8881358082650054 0.9118478536847016
1.0000000000000000	0.0206830531347749 0.5659937849138188 -0.4018127436888270	0.5562032341945046 -2.0257955390798021 0.9207765095787569
1.0000000000000000	0.0547645956135715 2.4815747017216192 -0.2611841481334579	1.6138938898955970 -0.4975352016201095 -0.8856535147583471
1.0000000000000000	-0.0772004223765851 0.3302601990036860 -0.1389014485191633	-0.7843999451946276 1.4806260983938078 0.5833013954679013
1.0000000000000000	1.3596858784707764 0.3930178291691490 7.2148239288560658	0.6526683496921939 0.1541719478199537 -0.0772151803049984
1.0000000000000000	-0.2907314097803050 0.3973891320171631 0.1767747370045782	1.1506404792602258 0.6090190273462081 1.9076428264383753
1.0000000000000000	0.7891663361437466 0.7982985304997235 2.3300345155651230	1.1726246023054936 -0.9415231947478001 0.7488404925477098
1.0000000000000000	-1.2055021424853298 0.9672332064428415 -0.6521190719393094	-1.1242839912939140 0.5634399334721154 -0.4278084821293586
1.0000000000000000	0.9285129156769315 -0.9476017957246723 -1.1742511457071603	-0.1687230204512701 -0.2179336699955702 0.7142869501909112
1.0000000000000000	-0.1501666193447628 -0.5550323372192304 0.4687726841926502	2.2424157472535295 0.2895783739070074 0.7534605183815360
1.0000000000000000	-0.4610355496923053 -0.2146806844907548 -0.0573290530395254	-2.1908599254480512 -0.0207224406295758 -1.2295776242060363
1.0000000000000000	0.0921899540196384 -0.2493743235793649 -0.2547895207329439	-0.2244512353089708 2.2342819536715695 0.3337040650072588
1.0000000000000000	0.1865932734553320 0.5146138460242659 0.7855358443411821	0.1753282572096209 -0.6120294273057040 -0.1911202444959304
1.0000000000000000	-0.5299367933103980 0.2238539418488338 -0.5394413621490961	-1.6607050782888835 0.6081540292519014 0.1410524620540045
1.0000000000000000	0.0442131674101290 1.4885132858514241 0.5268649331145930	1.0266251694120336 0.1739537233326784 -0.0581370794462212
1.0000000000000000	-0.1108828272634687 0.5892886340629379 -0.6495972801658521	-1.2979533055053483 0.8826339736994997 -0.1817179149701414
1.0000000000000000	0.1850323596902608 -0.5001281368862349 -0.1307766109351146	-0.9448978381055053 -0.0507770417200698 -0.0112518692331444
1.0000000000000000	0.0099566753641839 -0.1051384891764019 0.0723532569182785	-0.1351637100275768 -2.6167582314796989 -0.0592271169026936
1.0000000000000000	0.5356346081799199 0.0974481466751204 -1.1823100279801351	-0.7449014096712554 -0.0517276622901006 -1.9387943052020293
1.0000000000000000	0.5019078284466031 0.6421327195849627 -0.7551444155911576	-0.4605483531247244 -0.1017465360213301 -0.6133732487729352
1.0000000000000000	0.8626131509455881 -0.1531945881115542 -1.5568899460521921	-0.2812506508851402 -0.0574377110192700 0.9610360027208680
1.0000000000000000	1.5921184226690694 -2.3009472230760339 -0.5736926658139668	-0.0361950879239999 0.1765547854642705 0.2711456137638985
1.0000000000000000	0.4515896753870371 0.7101609501093438 0.4939001122038438	0.4315581279302300 2.0391442990437696 -0.3393045074136000
1.0000000000000000	-3.0662993702637489 -4.5606120222218127 -1.5952688918051821	-0.7692249662455982 0.4510741580342995 -0.3492244913082464
1.0000000000000000	-0.2564284080378325 -0.1736134581576594 0.0878569031097486	-0.0298379564891252 -0.6936221406696963 -0.6456067273433965
1.0000000000000000	0.0419686944554419 0.5498912179823624 -0.4163782211124936	0.8610885335604530 -0.2555645276141756 -0.1133115657255612
1.0000000000000000	-2.1083004063714990 1.7399942157206445 1.0864428470153094	0.0730553138707119 -0.1173050860848959 0.9400472827580728
1.0000000000000000	0.4872238862625348 1.9405697397662143 -0.8467688627893508	0.1640874435817817 -0.6645135804118344 0.2054897299755647
1.0000000000000000	0.5649468817665082 1.0943502153303224 0.6757031303234021	-0.6176582111826515 0.5914087701726611 -0.5107687347053450
1.0000000000000000	0.9184445538134185 0.6626886324578247 1.2366359597548093	-0.8652991413922795 0.9658041509498909 -0.4018687668401388
1.0000000000000000	0.2086571193344664 0.1620092537298298 0.0190441666103701	-0.8520741616122814 0.9455430993001318 1.1812776211789520
1.0000000000000000	-0.1699448011841233 1.0035917663192360 0.2646568551245290	1.1100952053269524 -0.0849944929407723 -1.7357252101215370
1.0000000000000000	-0.0811670501250265 0.2243927009957994 -0.4110380813250425	0.9245973243962391 -2.4500157483701845 0.6452303389449455
1.0000000000000000	-0.8462745628116346 1.5518188293287183 -0.3537368102300797	0.8094078854136976 0.8262252346460819 0.3508353224713242
1.0000000000000000	1.2591009080327233 0.4884838248813375 0.0054320658081542	0.2311834490727898 -1.0837233842276375 -0.8734114787093806
1.0000000000000000	-0.3478387724654613 -0.1227938415996920 0.2971009717780823	-1.6957351049953586 0.4473262398183668 -0.6248440349172779
1.0000000000000000	1.1156186938393935 -1.5572806146310598 2.0546739730318508	0.0822453673294607 -1.2158624491269345 -0.2878778408555685
1.0000000000000000	0.1800257532712266 0.0445751438302169 0.4377745610881209	-2.7616216120999408 0.9915656500487700 -0.0740803215308794
1.0000000000000000	0.3725865609297819 -1.3851333176031442 0.3334713201016433	-1.2034920365140538 0.4157383973399941 -0.4008262656413011
1.0000000000000000	-0.4229348266783658 -0.3747407713274730 1.0071094621908339	-0.5928640486211604 -0.7935167665285686 0.0222507929115940
1.0000000000000000	-0.0748568917834028 -2.9394223535723323 -1.5337454198054259	1.0217382905212735 -0.1439085367325176 0.1255219190680847
1.0000000000000000	0.3259662604914749 0.5640514139508886 -1.5412339671076460	-0.0809047042133780 -1.1673835711206566 0.2276777872386450
1.0000000000000000	0.0637654387895822 -0.5863323534441010 -1.1924236463775300	0.9239599051106903 -0.2892937582467306 -1.5202584229510454
1.0000000000000000	-0.3705481353238685 0.9124030922891573 -0.2988284486642597	-0.8419147762700193 0.0180862368659551 -0.3128440782381219
1.0000000000000000	-0.3876793554594672 0.6092682466485551 0.6497733062354231	1.3041174132349838 -0.5168102560332271 -1.7760087073331081
1.0000000000000000	1.1888878102693177 -0.7628832512416245 0.0116060670819576	-2.6489510125962159 -0.6522297127852659 0.3479027013985342
1.0000000000000000	-0.7303981964528627 0.7846667234278153 -0.7077330002085311	0.2933161195651248 -0.2228463693947052 -0.1707710754412985
1.0000000000000000	-0.5766610236593646 0.6173442698186697 0.0459479403573388	0.4026457820462551 -0.5957859598794968 -0.9226063584849852
1.0000000000000000	-0.5339906524035183 0.3700308761229872 -0.6118022205618824	0.3051590970828034 1.3449875291867606 0.5488231880491672
1.0000000000000000	0.3148588528865314 0.5722506813124532 -0.1169379358957855	-0.2343651745557973 0.6287098319239930 -0.4524092127523093
1.0000000000000000	0.0488330037459324 0.1358632798528910 0.1714914274731801	2.4739657468674481 0.7723308896626406 -0.1643212919217550
1.0000000000000000	-1.2750985505664674 -1.2946480414505011 2.7757645447911563	0.2148292129289570 -0.0655734754565947 1.3031396469310219
1.0000000000000000	-1.4379738738397294 -0.9525839186957141 -0.4688211154219535	-0.4616043168246435 1.3905522241946955 0.2267442755540761
1.0000000000000000	-1.1723736582051769 -2.0806952506025080 -1.5598689048628192	-0.6268206285372340 -1.1149256588959136 0.4689575645828972
1.0000000000000000	-0.6172635919943953 -0.5376707215626679 0.6645982189554696	0.3776799001631236 1.1448974387808075 0.5570120716153796
1.0000000000000000	-1.3423515812320748 0.4642568902367631 0.3601518626529486	-1.8707640186365118 -0.5947634071279807 1.6322950666100540
1.0000000000000000	-0.4274279023341481 0.4950260192282371 0.0274417203858027	0.2900402005949000 -0.9545734546709216 0.0629670030961119
1.0000000000000000	-0.6169633666127363 -0.2072667813319997 -0.8380343919410307	-1.3635434573382554 0.2594769627608799 -0.3308913726456548
1.0000000000000000	-0.5662491738381488 -0.4986361585337917 -0.3247147424311050	-1.2830668083785748 -2.6292281371997466 -0.3421622662632203
1.0000000000000000	-0.1486033167232380 -2.0671842494878434 -2.9761045942183397	-0.7487837185324056 0.6708467977213114 0.0179072956205679
1.0000000000000000	-1.8953405656386721 1.3944585016456659 0.2061551448445910	0.4014608350664091 -0.2565823521306435 0.2881355408797290
1.0000000000000000	0.9425887800901075 0.7190245091425971 1.3931244407334675	-0.8195616478391625 -0.4722891993970990 0.4573083293126879
1.0000000000000000	0.6946530776452181 -0.3316558976712498 0.4563085399230953	-0.5855725359355282 1.2263715887026116 -0.0809183714929144
1.0000000000000000	-0.4898464460055107 0.8735054365983341 -0.3545129210065791	-0.1951779319833587 1.4443097207075890 0.5011418795312973
1.0000000000000000	-0.0773649653102340 0.5261277913649525 0.8675113357163018	0.1137132919720497 -0.4446104313799573 0.7510672349020808
1.0000000000000000	1.9407642766710795 -3.0009286534959805 0.4579096419503742	-1.2999971194806417 -0.2004986924884464 0.6818504907699284
1.0000000000000000	0.2783773572902025 -0.4689801695216687 -0.3021987594039145	0.1262391288187394 0.1182307639124775 2.0870870741003644
1.0000000000000000	-0.1751625079517888 0.4429106684731174 0.0385439382347972	-1.2210253491447907 -0.5781490119798206 -0.7519010845683866
1.0000000000000000	0.5613758069641753 0.0427447272778104 1.3501816067862356	0.9810014059577513 0.5125223673998370 0.8382202876338358
1.0000000000000000	-0.2118923032270227 2.1627451774619106 -0.6977526860011501	-1.2383547433732347 -0.3843259133072855 0.3855776035170590
1.0000000000000000	0.6246459721859846 0.9671895613794887 0.5182098417071259	0.3319581661019043 -0.2923387339763059 -0.2771366976219021
1.0000000000000000	-1.0493820659341893 1.2158963528341222 0.8444005116719330	-1.3713485605221489 0.7127507893638134 2.0106848572873455
1.0000000000000000	0.5281184838347646 0.1321113467788936 0.5336726800730843	-0.8824857169577612 -1.6439645008278381 1.0592999760282373
1.0000000000000000	0.1823390094632954 -0.0855950114846458 -0.0658164581893067	0.2866508471830481 -2.1385105698209688 0.5179036920116279
1.0000000000000000	1.2272708295094050 0.5190198853854701 -1.7674987938297124	-1.1175162361923587 0.0058167993641226 1.0762818868370028
1.0000000000000000	1.5423943485741751 1.9167599408023350 -1.5600893969082676	0.4655808484148857 -0.8533133260459332 0.0215327438117241
1.0000000000000000	0.1021990784604248 -0.1388200267136374 0.0350288210499680	0.4784898129451115 -0.2088202192354226 2.8700300987440301
1.0000000000000000	0.2543938055855842 0.5229399912965954 1.1842907191203806	0.9161650798913761 -1.2534700000134746 1.1975759922139888
1.0000000000000000	-0.4142021873172612 -1.1307494826949045 1.3372952868294874	-0.5884199823264491 -0.2127397832983973 0.9447265716130199
1.0000000000000000	2.5156894376826888 0.2172829481452792 0.6561998074236984	-0.6756244936616471 -0.5702184885696455 0.4986371029424496
1.0000000000000000	1.1739005589056921 0.3682454810929460 -0.8281737088150604	-1.5503883564934733 -1.6121511524990058 0.1225615462334607
1.0000000000000000	-0.8170012311513032 -0.7864918894880190 -0.0005111730822286	1.0671498316769521 0.0513312140932258 -1.1907936493431717
1.0000000000000000	1.1933849299686876 2.4021766469473942 -1.5738862076004252	0.1742607483967972 -0.5101923592860295 -0.0275863282944326
1.0000000000000000	-0.0809906122394082 -0.0782588790824469 0.0192753557433036	1.1633601776976834 -1.6860774601673250 1.3314187162108073
1.0000000000000000	-0.3651956418905185 0.4130163515516046 -0.1567463176989130	0.6124525046473613 0.5451170208176040 -0.6527360708036036
1.0000000000000000	-0.4764529203536748 3.2656785258039704 -1.1974815836629005	-0.5191309618710224 -0.1462634917899603 -0.3189685210034607
1.0000000000000000	-0.3522590441324191 -0.4551898371890380 0.1289939470628759	0.1465085646993237 0.5230798495071705 -0.0402207739550618
1.0000000000000000	2.5071841371252415 -0.6273797084473213 2.4463814971844666	-1.0783992312852677 -0.8774360395776438 0.7729481744735355
1.0000000000000000	-0.6486562343300148 -1.2670500763973207 -1.2886749599923042	-0.0050179141485157 0.9102272418056588 -0.9653595443617641
1.0000000000000000	-0.2459316081138559 -0.3781643773286428 -0.3072422048149968	-0.6335857370019570 -0.3066868592987960 -2.9458520819686771
1.0000000000000000	-1.4933786290953164 -0.2128233671655227 1.1732555417222801	0.3284068938749187 0.7200269613866527 1.0922717877051686
1.0000000000000000	-0.2519616987589501 0.2318345686841638 -0.6117295853262874	0.7680508969889995 -1.2875464064314501 2.0961837763518743
1.0000000000000000	-0.0185001280157939 0.9976558177461463 0.8175643059884384	0.8073130306079506 0.8336541081317423 0.3058307663472986
1.0000000000000000	1.4692611088660468 -0.6371712495309468 0.9493477497072954	0.3188100122463717 -0.9065394754802344 -0.5028333932861396
1.0000000000000000	-0.2484365218499759 1.2688268741697535 1.7084758532774724	0.3059508162568662 -0.4523609765171803 0.9210757858689442
1.0000000000000000	3.6110602390541988 5.2872917463199469 -7.3803830997161661	0.2680720931780600 0.0055180918458187 0.3799942232457857
1.0000000000000000	-0.9376414797463667 -0.2604117097070027 -1.0243066967355223	0.3855086499012904 -0.2895173343503837 -0.0108765197229458
1.0000000000000000	-0.5700809795984132 0.2924356551500701 0.0861719568817106	-2.2829149182590034 -0.9400020698384136 0.4656219789127248
1.0000000000000000	-0.5341818278176831 -0.0644251406113298 -0.1558750597385997	1.4774857446818199 -1.8137462858476099 -1.6092963931553781
1.0000000000000000	-4.8344514172505004 -2.1336231639802596 -2.1352925429335858	0.4940341333923025 -0.9545487289736567 0.0171051176572084
1.0000000000000000	-0.6296139194398438 -0.8161073398317189 0.7829046124125033	0.1008675160509858 0.2870480357259394 0.6189229461061149
1.0000000000000000	-1.8813693405647194 0.0808856635188632 -2.6750803585925533	-0.1729431224471895 -0.0992903493649026 -1.0775237854925936
1.0000000000000000	-0.1250915363988619 -0.0265871824803746 0.4181978674263305	-1.9182820730701218 -2.1720707897911806 1.2296558630957053
1.0000000000000000	0.1412592587735484 0.4573073972036189 0.2305225981615346	-1.2831908019369787 -0.6302099680570613 1.0393025775500595
1.0000000000000000	-0.0274551712308831 0.0253187889472666 0.2927853893172710	-2.0268438634003751 -0.2757449158329818 0.3127824791929001
1.0000000000000000	-0.4410623245411677 -0.0626407151284821 0.0127304259850301	-0.2223503643727993 0.9840072514371967 1.0456159167540959
1.0000000000000000	0.4030705223472017 -0.0574595915762142 -1.3467299824522816	-2.2068517899139604 -0.3615721851230702 -0.7839624470459418
1.0000000000000000	0.2060258237380349 0.3837113384111712 0.3180890984714341	-0.3592050323660034 -2.7197059437684006 -0.3590776436309093
1.0000000000000000	0.9399202404237634 0.2010525265735506 0.1119798643728171	-1.6174858663334757 0.2550023732203615 -0.9922752365712174
1.0000000000000000	-0.7590944826426758 -0.9489705017567480 0.4792057712274004	0.6944566557283228 0.1362328144578359 -0.0531308940278060
1.0000000000000000	-0.1859456360345769 0.2595001379519581 -1.0593964371197375	0.0121925444994113 -0.6000602225318440 -0.0210861444286873
1.0000000000000000	-4.8228317972844010 -0.5538775298919333 -4.4720282508611611	0.2861543451051291 -0.1153548823593532 0.2422615976933417
10.0000000000000000	0.7741196760772437 -0.3968892901658611 -0.2901614316847317	0.6528115830977467 0.2895056000557597 -0.0606985980756737
10.0000000000000000	0.4095042882565357 0.7760142690199284 -0.4771276428561006	0.7748121825512808 1.0744003418288679 -0.0491889920111173
10.0000000000000000	0.0860761290137780 1.1900822786207572 0.7887569874949693	0.7698349491588171 -0.3381772012572106 -2.0517112323703253
10.0000000000000000	-0.9849770577952848 0.7992113255522746 -0.4203420316392569	-0.2689685201174571 -0.1855427114402272 -0.3391044071227054
10.0000000000000000	0.7177992495657132 0.7125067685418890 0.1240774834790090	-0.4506327293154407 1.5335533345046604 -1.2747520280847198
10.0000000000000000	-0.0443692845917158 0.0175460091821677 -0.0467778816278525	2.3070022503723830 0.4104279537784049 -0.0528354370581583
10.0000000000000000	7.0094499487112705 -2.1601883521817373 -3.7627781931442863	0.2330541792682817 0.4959319500665296 0.3105225974395822
10.0000000000000000	-0.3188662255184021 0.8241832005515956 -0.0954564553537190	1.6915699950522445 -0.6818736468045762 -0.6993289240100578
10.0000000000000000	-0.2394226667367411 0.0546467100059422 0.1125092655329569	-1.9269905941207364 1.1088165741688212 1.0325296244888715
10.0000000000000000	1.3604337114824039 -0.1120331692026428 -0.0314868224171196	-0.1129871757340314 0.6584026796065753 0.3202511020351592
10.0000000000000000	0.2075266905608714 -0.4426463467295411 0.2823375888815272	-0.2225944922424311 -0.1468491853182511 1.5920154175347396
10.0000000000000000	1.2379073134188969 -1.1718598442168926 -0.0249452237786235	-0.7475792608754589 -0.9742275219703608 -0.7529398550192302
10.0000000000000000	0.0127153855068415 0.2740903014750971 -0.6744650713114420	0.4289687445433137 -0.1501473294187403 -0.1183244353036839
10.0000000000000000	0.1650923543294564 -0.0674246959848408 0.2807093503072555	-0.9837034554484341 1.9104697213405863 -1.8523923599805987
10.0000000000000000	0.2547883718306272 0.7045030792907769 0.2590502670299610	-0.1421115198241791 -1.8073162219679459 0.1185383255295650
10.0000000000000000	0.9493120531389876 1.1245047398443941 -1.3810980324725575	-0.9026557021447406 0.8328626961456764 0.2182213209563019
10.0000000000000000	-0.1608457075640218 -0.0097649259143633 0.1655335492590368	2.1144193866818410 1.6112650066672722 -1.4028174045413349
10.0000000000000000	-0.1341840536060760 -0.1614730773831212 0.1544195539463863	0.3242334800504673 -1.2432578249994128 -0.6528291633571415
10.0000000000000000	-0.8624093736050951 0.5116488298535978 0.0775680304873318	-0.2279135984908390 0.1033572673387589 1.8501451822440493
10.0000000000000000	0.6146286750145232 -0.0378193468835126 0.2695466008861728	0.7482772959895138 -0.2385792793626306 -1.0132129636779219
10.0000000000000000	0.2331699521196993 -0.0713483086692696 -0.3864935575940423	0.2541067726118442 -1.0172873378747589 1.2776268626034955
10.0000000000000000	0.3041579767983392 -0.1288370051209701 -0.2684469317562615	-0.5164221868621640 -0.8744968189088733 -0.9425834229687232
10.0000000000000000	-2.6957364803756665 0.9886954137629483 -1.0858210235510994	0.3854902278564996 -0.7487535437333716 0.0388250302088660
10.0000000000000000	0.1712285837208663 0.0848591670205261 0.6884517902557536	-0.5521157345078661 -0.2527181602151340 0.0044192474389659
10.0000000000000000	0.9448861929419882 0.0383484585489831 0.1275950429586101	-0.9010487752212202 -0.5124232133682699 0.3495070903278570
10.0000000000000000	0.0292099143527956 -0.9969660389737812 0.2274326772229148	1.3290152790766050 -0.0218654188857815 1.1615440694839028
10.0000000000000000	0.8809820897819660 -0.4453506618842694 0.1259600939390239	0.3358228903975042 -0.1070325634739065 1.3553564026426870
10.0000000000000000	0.4321939031751079 -1.6430302456766415 -1.7090275995463269	-0.1599303652673789 0.0083258870393659 0.1190824995728277
10.0000000000000000	0.6509605279264614 0.1958422779469621 0.0976364262337696	2.2380632951433386 0.4020365644376922 1.1334089935517235
10.0000000000000000	-1.1179544186703849 0.2982318835428729 0.0308486965016499	-0.4610086098037053 -1.2153561532675405 -1.3425199389541493
10.0000000000000000	0.5556356242163298 0.3743537553097822 0.1118491397526430	1.2038183083733347 -0.4810099544957366 0.1372068024459244
10.0000000000000000	-0.6630756988204088 1.1109237082303152 0.9523569570241244	-1.2801221944905401 -0.4128561667408550 0.8330590639772493
10.0000000000000000	0.6064923874191492 -1.2942357734365180 1.5934335695934156	0.3239766077451289 -1.1393193000409239 0.3469471901485869
10.0000000000000000	-0.3828807530191446 -0.7364936620402883 -0.0319088714705064	1.4970797070453874 1.2953509878687941 1.2649518310569288
10.0000000000000000	-2.5342811958039593 0.5793178107927098 -0.6980056100243547	1.0465830272039609 1.3458051000428315 -0.3201353343131026
10.0000000000000000	-0.7190681405492907 1.1062439159074500 0.5840056031566939	-0.2783850932075069 -0.3707577042919853 -1.0896693959648214
10.0000000000000000	-0.7266222185276048 -0.6713872528911602 -0.4134967886123308	0.3327373919375422 -0.6074807337186492 0.2863300680173498
10.0000000000000000	0.0587840930563740 -0.5091464249652693 -0.9997275048948464	-2.2902777249629032 -0.2159961888953639 0.8994311747776492
10.0000000000000000	0.1114800891131324 0.9221441447232820 0.3704353736941100	-0.2302895882812873 -1.9776498447569668 -0.7837949861782196
10.0000000000000000	-0.1592805812185551 0.2527471297193806 -0.5151470842134451	0.6082437302878110 1.7596028992782653 0.5440133229058037
10.0000000000000000	0.4227519509659370 -0.5343227918950267 0.0375352227825497	0.1597386712821159 -0.3344044515837553 -1.2137666984183093
10.0000000000000000	-0.3384063629301027 0.7952441534520502 -0.5271026502241263	-1.2643076030159563 0.9504220795735329 1.9889414097921412
10.0000000000000000	0.0522376618958788 0.5000516287021818 0.2017159538267385	0.5124021793330502 -1.6454172592082650 -1.2275886862729410
10.0000000000000000	-0.3401757894070162 -0.2360015775502798 -0.2336480756619106	0.2115198090211692 -1.7073678709333209 3.0555871188541004
10.0000000000000000	-2.7243443800947360 0.1373874014502960 -3.6687842042631358	0.4559349187167423 -0.1708577654641932 -0.2597945732441522
10.0000000000000000	0.2557731487853462 0.6820072944383240 0.3811047570722649	0.4957469257424100 0.6594668121799605 -0.9561864288435856
10.0000000000000000	-1.4224422433198096 -1.7172642444993629 2.5296698992796980	-0.0380926873917006 0.3634951462651349 -0.8553552500605184
10.0000000000000000	-0.0446095860908329 0.2730254510401036 0.5993768754724769	-1.8471716622167778 -1.3057824410376528 0.5903973972464714
10.0000000000000000	-0.3984610926601937 0.0385499165208207 0.2646844529099746	-1.8396896912863632 0.3486086206192291 0.8921471984730426
10.0000000000000000	0.1123189662664929 0.6055577397757357 -0.1903918401899307	0.6404735393985193 1.2733798804960259 -0.2911906628752301
10.0000000000000000	-0.4619426538234572 -0.0608127231247826 0.4094900088019658	-0.7495046932858783 -0.6664245864466219 1.2770426114177205
10.0000000000000000	-1.6884653605841788 -10.4480526128953777 -2.0841392945673256	-0.0382320266841467 -0.1180212498935468 0.1065935416393752
10.0000000000000000	-0.2061396059664695 0.2169510942851334 -1.3043862820813337	0.0481636579225678 -0.4896385099886622 -0.5909574480876992
10.0000000000000000	0.2772832155815909 -0.0317679568053657 0.0847579106115224	-0.1334966603008284 2.6969884068842354 -2.6863109570588812
10.0000000000000000	-0.1754654268914210 2.2569414559597432 -1.1412679214359649	-0.1443229976725047 -0.3214063389960248 0.4176880958054396
10.0000000000000000	0.6192948304966802 0.7176783079115198 0.0165580420088955	-2.0064238131088330 0.0700937960062314 0.4493909512770764
10.0000000000000000	-5.2887602689256328 1.4959707359075876 -1.7601995126698544	-0.6970742912505405 0.4897827830006885 0.4613868859300513
10.0000000000000000	-0.2597402902846205 -0.1819742640807704 0.7462462048556180	0.6019216062404905 -1.8525046595356869 -0.9031729345939341
10.0000000000000000	0.4363033129482319 0.9173326636133133 0.1370352215205616	-0.2329500190464645 1.8432595104723615 -0.6261274493442475
10.0000000000000000	0.7262114537294676 0.2836098767494650 -0.5908601133419884	-1.1058907653449763 -0.7164474524666203 -0.6772380342083516
10.0000000000000000	1.3534854107805809 -0.3886016550831308 0.1695330689354236	-0.2157144436409274 -0.0354230496870719 0.1501747253536212
10.0000000000000000	1.1446053341877580 -0.3326299301023129 1.7775502282759477	0.4846821044125414 -1.0628437143114653 -0.4266580388381217
10.0000000000000000	-0.7437517749399453 0.5696405239069151 -0.8535248044415455	-0.5853380841622144 -1.0177475858525469 0.4036590552101137
10.0000000000000000	0.1368584437821731 1.1455972063851154 -0.4186940600113119	1.3751939639785695 1.7102581419937375 0.2859339095555588
10.0000000000000000	-0.2485400941803508 1.9421413496800599 -0.1069549792508376	1.0373584440060450 0.1181083450427086 1.0943735189665516
10.0000000000000000	-0.3756054954945480 0.2869757352387667 -0.5501707528085807	0.2026301279884352 -1.2670693564016315 0.3845105527129353
10.0000000000000000	-0.0206454801268043 -0.6039629512224889 -0.1455254911239969	0.0773803226251003 -0.8142417723052620 -2.3348287663458076
10.0000000000000000	-0.3514267112739797 -0.5689255030339373 -0.9850897741978637	-0.6463579034186282 -0.9229712195074247 0.6693977130295650
10.0000000000000000	1.2795224160554963 0.2252761575271025 0.0740025799607215	1.7822191105710647 0.8097629279302909 1.1984260390335553
10.0000000000000000	-0.5268503748995276 -0.0998056443346454 -0.2109910169681168	-0.5192719372463359 2.0469266416787026 0.1589529674960404
10.0000000000000000	0.2628273633786353 -0.2098196891160135 -0.0852699306147378	1.2008021405004883 1.2062068811651963 -1.1042109996761735
10.0000000000000000	-0.0885386074830342 0.6247096421991692 1.0188094679462201	-1.0714658765896792 0.8023145776127009 -0.6905407695009032
10.0000000000000000	-0.8686061747693277 -0.9486079930441975 0.0467289502712545	0.8886662145804344 1.5908255577174362 -0.5514016707972236
10.0000000000000000	-0.3729265076722370 -0.2643732911246326 -0.1230431080630516	3.1986488436056186 -0.5418867599214006 0.3264358398325272
10.0000000000000000	0.5654317166768493 -0.1227577224401500 -0.0347949527111156	2.4088777309140585 -0.4502081428702159 -0.3446818069653872
10.0000000000000000	-0.8928856193593228 1.8084702591925903 0.7145117285187266	0.6842727711023781 -0.0837693285463461 0.6705274264208066
10.0000000000000000	-1.1936573684492751 -0.4865406969886804 -0.2853709487113300	-0.8173501970532494 -1.8629320471400184 0.5127553842158995
10.0000000000000000	0.2467874771138341 0.0715206159805085 0.1991079247861382	-0.4288020618992147 -0.1478979225553175 -1.7642500884055929
10.0000000000000000	0.8718296329471512 -1.9048095406602867 -0.1298774356231451	-1.1368177245417979 -0.5343056461420536 0.4364008966435904
10.0000000000000000	0.7707819124023622 0.0120390081832357 0.6708041375946671	0.3101310759687718 -0.6826773732620107 0.8509950391371268
10.0000000000000000	0.4854856544203929 -0.5899895945813896 0.7542340950766313	1.6730348092664187 0.9952077779131812 0.2926031452804028
10.0000000000000000	1.5787439859604302 -0.2288324132891319 -0.7196830988097567	-0.5039504204083592 0.0839850053949938 0.2840869757191029
10.0000000000000000	-0.3711765142912752 -0.1077021540117799 0.4018622064686628	2.3276551484975991 -0.6199203265196445 -0.9543031797259607
10.0000000000000000	0.4563735971792924 -0.2470902363961814 0.4464386061916146	-2.2421102682358329 0.9021215300722424 1.6832304628437598
10.0000000000000000	-0.2702020844658204 0.2652903335811374 0.4027619439110626	1.2003163417166784 -0.9293576813965915 1.3799096198470910
10.0000000000000000	-0.7034923873276584 -0.1643362131636922 -0.0969123097670858	-0.1077266564545749 1.5460810453631006 -1.4056105380512780
10.0000000000000000	-1.1915419763923953 1.0643317325681294 -1.5477173855892563	-0.8853862192036901 -0.2885732422414939 0.6864098681888969
10.0000000000000000	-0.4624384311880548 -0.3903789183813481 -0.0122441219649387	0.3125123473149666 0.8625914986881634 1.3198459051374256
10.0000000000000000	0.6881255511750207 1.1634040996323265 0.9374679885347394	-0.1260928818538710 0.7372701940763141 -0.6626604825168695
10.0000000000000000	0.3603994397284574 -0.5753739153543695 -0.0007087412702864	-0.5684950370571706 0.8602989307070993 -1.0189140890527275
10.0000000000000000	-2.8914276583700214 -1.3039283980758261 2.8804469037964910	0.4869752554770045 -0.1899485543037098 0.4608881741247753
10.0000000000000000	-1.4547724903592438 0.0402889805034123 -1.0176045840298638	1.2695902576958948 -0.4490247705418814 0.2132883677895375
10.0000000000000000	0.1144005801214489 -0.2149968263818278 -0.4636732983264130	-0.2296851173382388 1.0406820275998336 1.7834468989331131
10.0000000000000000	0.6874667690072301 0.1961178022323716 0.7540972373747705	0.6301241157728914 -0.3561451949872301 -0.9799800650094583
10.0000000000000000	0.5338601977245420 -0.4083724679232097 -0.0373200253808865	-0.6055713554870261 0.1503882119657062 -2.1675157413889852
10.0000000000000000	-0.4795238509584075 0.3835613024017459 -0.0394024245168834	-0.5230867826742558 1.4615865919700641 -0.8638796002631657
10.0000000000000000	-0.0148012620455242 -1.0313444686078990 -0.6406783435093016	-1.1131772990435900 0.0597884733606541 -0.0661125789446349
10.0000000000000000	-0.0438846846353508 0.1286902061050256 -0.0381183008693262	-0.2738878405822979 -0.2355910758600950 0.9993553919625636
10.0000000000000000	0.4512059623263692 -0.5216833601184596 -0.3553368721052388	2.0766324188774172 1.8230573184561787 -0.0644433067407873
10.0000000000000000	0.0905942821953516 0.3144517177009630 0.4417543084622361	2.2977391494818096 1.7657334165910579 0.6195517905614976
