     //==================================\\
     ||                                  ||
     || ::::::: ::::::. ::::::. .::::::. ||
     || ::      ::    : ::    : ::       ||
     || ::::::  ::    : ::::::'  `:::::. ||
     || ::      ::::::' ::      `......' ||
     ||     Framework for Developing     ||
     ||        Particle Simulator        ||
     ||     Version 8.0 (2025/09)       ||
     \\==================================//

       Home   : https://github.com/fdps/fdps 
       E-mail : fdps-support@mail.jmlab.jp
       Licence: MIT (see, https://github.com/FDPS/FDPS/blob/master/LICENSE)
       Note   : Please cite the following papers.
                - Iwasawa et al. (2016, Publications of the Astronomical Society of Japan, 68, 54)
                - Namekata et al. (2018, Publications of the Astronomical Society of Japan, 70, 70)
                - Iwasawa et al. (2020, Publications of the Astronomical Society of Japan, 72, 13)

       Copyright (C) 2015 
         Masaki Iwasawa, Ataru Tanikawa, Natsuki Hosono,
         Keigo Nitadori, Takayuki Muranushi, Daisuke Namekata,
         Kentaro Nomura, Junichiro Makino and many others
******** FDPS has successfully begun. ********

 ******************************************
  ██████╗ ███████╗████████╗ █████╗ ██████╗
  ██╔══██╗██╔════╝╚══██╔══╝██╔══██╗██╔══██╗
  ██████╔╝█████╗     ██║   ███████║██████╔╝
  ██╔═══╝ ██╔══╝     ██║   ██╔══██║██╔══██╗
  ██║     ███████╗   ██║   ██║  ██║██║  ██║
  ╚═╝     ╚══════╝   ╚═╝   ╚═╝  ╚═╝╚═╝  ╚═╝
 ******************************************
Version: 1762e_447e
============== PeTar ================
 Online document: (preparing)
 GitHub page: https://github.com/lwang-astro/PeTar
 License: MIT
 Please cite the following papers when you use PeTar for any publications
    FDPS: see above FPDS Logo message
    SDAR: Wang L., Nitadori K., Makino J., 2020, MNRAS, 493, 3398
    PeTar: Wang L., Iwasawa M., Nitadori K., Makino J., 2020, MNRAS, 497, 536
 Copyright (C) 2017
    Long Wang, Masaki Iwasawa, Keigo Nitadori, Junichiro Makino and many others
=====================================
Use quadrupole moment in tree force calculation
Use 3rd order tidal tensor method
Use Pseudoparticle multipole method
Use 4th-order KDKDK mode for tree step
Use orbit-dependent neighbor criterion
Check energy of short-range (hard) integration
Count isolated particles in hard clusters
Use SIMD
Calculate profile
Use AR TTL method
Use slowdown Tree method
Use slowdown timescale criterion
Print adjust group information
=====================================
Input data unit: 1
End time of simulation: 50
Output time interval for particle dataset snapshots: 0.5
Tree timestep (dt_soft): 0
Data file reading and writing format: 1
Reading data file name: input
----- Finish reading main options -----
----- Finish reading hard options -----
----- Parallelization information -----
MPI processors: 1
OMP threads:    4
----- Reading file: input -----
Number of particles = 1000
Time = 0
----- Unit set 1: Msun, pc, Myr -----
gravitational_constant = 0.0044985021514696 pc^3/(Msun*Myr^2)
----- Parameter list: -----
 Average mass                      = 1.9
 Mean inner changeover radius      = 0.0029786806970945
 Mean outer changeover radius      = 0.029786806970945
 Minimum neighbor searching radius = 0.035744168365133
 Velocity dispersion (1D)          = 1.086435752657
 Tree time step                    = 0.00048828125
 Output time step                  = 0.5
----- Hard Parameter list: -----
 Mean search group radius:         = 0.0029786806970945
 Mean group radius                 = 0.0023829445576756
 Hermite timestep coefficient 4th  = 0.1
 Hermite timestep coefficient init = 0.001
 Hermite maximum timestep          = 0.000244140625
 AR slowdown maximum timescale     = 0.0009765625
 AR slowdown perturbation criterion= 0.0001
 Artificial particle ID offset     = 1001
 KDTree minimum particles+groups   = 32
-----  Save parameter files -----
Save PeTar parameters to file data.par
Save hard parameters to file data.par.hard
-----  Finish parameter initialization -----

Time: 0  N_real(loc): 1000  N_real(glb): 1000  N_all(loc): 1000  N_all(glb): 1000  N_remove(glb): 0  N_escape(glb): 0
Energy:     Error/Total         Error     Error_cum         Total       Kinetic     Potential        Modify  Modify_group Modify_single      Error_PP  Error_PP_cum
Physic:              -0             0             0     -3317.285      3279.732     -6597.017             0             0             0             0             0
Slowdown:            -0             0             0     -3317.285      3279.732     -6597.017             0             0             0             0             0
Angular Momentum:  |L|err: 0  |L|err_cum: 0  L: -134.4242   -66.13846    -61.40339  |L|: 161.909
C.M.: mass: 1900 pos: -0.07306861   0.004321378    0.07163388 vel: -0.02918672   0.003881307    0.07403466

Time: 0.5  N_real(loc): 1000  N_real(glb): 1000  N_all(loc): 1000  N_all(glb): 1000  N_remove(glb): 0  N_escape(glb): 0
Energy:     Error/Total         Error     Error_cum         Total       Kinetic     Potential        Modify  Modify_group Modify_single      Error_PP  Error_PP_cum
Physic:    -9.40902e-07   0.003121237   0.003121237     -3317.282      3379.606     -6696.889   1.33736e-08             0             0 -2.000381e-07 -2.000381e-07
Slowdown:  -9.40902e-07   0.003121237   0.003121237     -3317.282      3379.606     -6696.889  1.339849e-08             0             0  -2.01821e-07  -2.01821e-07
Angular Momentum:  |L|err: 0.002341257  |L|err_cum: 0.002341257  L: -134.4239   -66.1371    -61.40528  |L|: 161.9089
C.M.: mass: 1900 pos: -0.09628783   0.04030255    0.0890551 vel: -0.079334   0.1245091    0.005482669
Tree step number: 2048
**** Wallclock time per step (local): [Min/Max]
 Total       PP_single   PP_cluster  PP_cross    Tree_NB     Tree_Force  Force_corr  Kick        FindCluster CreateGroup MPI_comm    Output      Status      Other      
   0.0021479  2.2901e-05  0.00010799           0  0.00040682   0.0014784  2.3484e-05  1.2398e-05  6.0187e-05  5.5805e-05  1.8513e-06   4.237e-06  3.0967e-09  4.7788e-06
    0.002148  2.2952e-05  0.00010804           0  0.00040378   0.0014489   2.358e-05  1.2431e-05  6.0232e-05  5.5831e-05  1.8833e-06  4.2372e-06  3.1113e-09  4.8918e-06
**** FDPS tree soft force time profile (local):
 Sample_ptcl Domain_deco Ex_ptcl     SetRootCell Make_LT     Make_LET    Make_GT     Make_Group  Make_I_list Calc_force  Write_back 
           0           0           0   3.156e-05  0.00034031  3.2954e-05  0.00024524  3.2979e-06    9.14e-05  0.00057499  6.0773e-05
**** Tree neighbor time profile (local):
 Sample_ptcl Domain_deco Ex_ptcl     SetRootCell Make_LT     Make_LET    Make_GT     Make_Group  Make_I_list Calc_force  Write_back 
           0           0           0  2.2805e-05  0.00014225  2.2772e-05  0.00011055  7.1492e-07  2.1374e-05  3.6047e-05  6.6612e-06
**** Number per step (global):
 PP_single   PP_cluster  PP_cross    Cluster     Cross       AR_step_sum
       961.6      38.395           0       18.37           0     0.51367
 AR_tsyn_sum Stab_Ngroup Iso_Ngroup  Form_Ngroup End_Ngroup  Modf_Ngroup Merg_Ngroup H4_step_sum H4_no_NB    Ep-Ep_sum   Ep-Sp_sum  
     0.18164           0           0    0.020508   0.0048828           0           0      183.54    0.057129  8.8402e+05       23023
**** Number of members in clusters (global):
N_members:            1           2           3           4           5           6
Count    :        961.6      17.056      1.0854      0.1377    0.068359    0.022461

Time: 1  N_real(loc): 1000  N_real(glb): 1000  N_all(loc): 1000  N_all(glb): 1000  N_remove(glb): 0  N_escape(glb): 0
Energy:     Error/Total         Error     Error_cum         Total       Kinetic     Potential        Modify  Modify_group Modify_single      Error_PP  Error_PP_cum
Physic:   -4.711554e-07   0.001562955   0.004684192     -3317.281      3184.998     -6502.279  6.006582e-08             0             0 -1.058655e-07 -3.059036e-07
Slowdown: -4.711548e-07   0.001562953    0.00468419     -3317.281      3184.998     -6502.279    6.2036e-08             0             0  -1.04135e-07  -3.05956e-07
Angular Momentum:  |L|err: -0.0002374452  |L|err_cum: 0.002103812  L: -134.4225   -66.13901    -61.40462  |L|: 161.9084
C.M.: mass: 1900 pos: -0.1188705   0.06544253    0.06359187 vel: -0.05157135   -0.01334993    -0.1046745
Tree step number: 2048
**** Wallclock time per step (local): [Min/Max]
 Total       PP_single   PP_cluster  PP_cross    Tree_NB     Tree_Force  Force_corr  Kick        FindCluster CreateGroup MPI_comm    Output      Status      Other      
   0.0023592  2.1199e-05   0.0001081           0  0.00049586   0.0015928  2.7664e-05  1.8722e-05  4.9611e-05  6.8558e-05  2.4041e-06  4.0647e-06   4.085e-09  6.1689e-06
   0.0023592  2.1235e-05  0.00010815           0  0.00048792   0.0015614  2.7734e-05  1.8768e-05  4.9656e-05  6.8585e-05  2.4364e-06  4.0649e-06  4.1045e-09   6.299e-06
**** FDPS tree soft force time profile (local):
 Sample_ptcl Domain_deco Ex_ptcl     SetRootCell Make_LT     Make_LET    Make_GT     Make_Group  Make_I_list Calc_force  Write_back 
           0           0           0  3.0878e-05  0.00032442  3.0724e-05  0.00025923  2.7579e-06  8.8538e-05  0.00065296  6.4371e-05
**** Tree neighbor time profile (local):
 Sample_ptcl Domain_deco Ex_ptcl     SetRootCell Make_LT     Make_LET    Make_GT     Make_Group  Make_I_list Calc_force  Write_back 
           0           0           0  3.2357e-05   0.0001543   2.053e-05   0.0001424  6.9721e-07  3.2114e-05  4.8739e-05  1.6536e-05
**** Number per step (global):
 PP_single   PP_cluster  PP_cross    Cluster     Cross       AR_step_sum
       958.2      41.799           0          20           0      0.7793
 AR_tsyn_sum Stab_Ngroup Iso_Ngroup  Form_Ngroup End_Ngroup  Modf_Ngroup Merg_Ngroup H4_step_sum H4_no_NB    Ep-Ep_sum   Ep-Sp_sum  
     0.26172           0           0    0.032227   0.0063477           0           0       195.6     0.04541  8.8033e+05       24465
**** Number of members in clusters (global):
N_members:            1           2           3           4           5
Count    :        958.2      18.354       1.521     0.09668     0.02832

Time: 1.5  N_real(loc): 1000  N_real(glb): 1000  N_all(loc): 1000  N_all(glb): 1000  N_remove(glb): 0  N_escape(glb): 0
Energy:     Error/Total         Error     Error_cum         Total       Kinetic     Potential        Modify  Modify_group Modify_single      Error_PP  Error_PP_cum
Physic:    1.023753e-06   -0.00339608   0.001288112     -3317.284      3234.325     -6551.609  1.084082e-07             0             0  -6.99555e-07 -1.005459e-06
Slowdown:  1.023753e-06   -0.00339608    0.00128811     -3317.284      3234.325     -6551.609  1.103784e-07             0             0 -7.087988e-07 -1.014755e-06
Angular Momentum:  |L|err: -0.001499909  |L|err_cum: 0.0006039032  L: -134.4236   -66.13869    -61.40359  |L|: 161.9087
C.M.: mass: 1900 pos: -0.1283866   0.03818616    0.0250267 vel: -0.003280729   -0.07340892    -0.05832935
Tree step number: 2048
**** Wallclock time per step (local): [Min/Max]
 Total       PP_single   PP_cluster  PP_cross    Tree_NB     Tree_Force  Force_corr  Kick        FindCluster CreateGroup MPI_comm    Output      Status      Other      
   0.0026593  3.0645e-05  0.00010647           0  0.00048095   0.0018888   5.489e-05  2.8066e-05  5.1108e-05  6.6566e-05   1.996e-06   3.936e-06  6.5112e-09  6.2648e-06
   0.0026593  3.0682e-05  0.00010653           0  0.00047442    0.001833  5.4959e-05  2.8103e-05  5.1155e-05  6.6603e-05  2.0285e-06  3.9362e-06  6.5308e-09  6.3882e-06
**** FDPS tree soft force time profile (local):
 Sample_ptcl Domain_deco Ex_ptcl     SetRootCell Make_LT     Make_LET    Make_GT     Make_Group  Make_I_list Calc_force  Write_back 
           0           0           0  5.7858e-05  0.00037301  3.9248e-05   0.0002577  4.0342e-06  8.8704e-05  0.00082633  0.00011354
**** Tree neighbor time profile (local):
 Sample_ptcl Domain_deco Ex_ptcl     SetRootCell Make_LT     Make_LET    Make_GT     Make_Group  Make_I_list Calc_force  Write_back 
           0           0           0  3.8108e-05  0.00016348  2.2739e-05  0.00012369  6.6446e-07  1.7047e-05  5.5415e-05  1.3573e-05
**** Number per step (global):
 PP_single   PP_cluster  PP_cross    Cluster     Cross       AR_step_sum
      962.89      37.106           0      17.752           0      0.8999
 AR_tsyn_sum Stab_Ngroup Iso_Ngroup  Form_Ngroup End_Ngroup  Modf_Ngroup Merg_Ngroup H4_step_sum H4_no_NB    Ep-Ep_sum   Ep-Sp_sum  
     0.32764           0           0    0.036133   0.0078125           0           0      175.99    0.078613   8.894e+05       21175
**** Number of members in clusters (global):
N_members:            1           2           3           4           5
Count    :       962.89      16.275      1.3579     0.11328   0.0058594

Time: 2  N_real(loc): 1000  N_real(glb): 1000  N_all(loc): 1000  N_all(glb): 1000  N_remove(glb): 0  N_escape(glb): 0
Energy:     Error/Total         Error     Error_cum         Total       Kinetic     Potential        Modify  Modify_group Modify_single      Error_PP  Error_PP_cum
Physic:    5.452933e-08 -0.0001808893   0.001107222     -3317.284      3333.415     -6650.699  1.408768e-07             0             0 -7.219008e-07 -1.727359e-06
Slowdown:  5.452933e-08 -0.0001808893    0.00110722     -3317.284      3333.415     -6650.699   1.42847e-07             0             0 -7.204712e-07 -1.735226e-06
Angular Momentum:  |L|err: 0.00112722  |L|err_cum: 0.001731123  L: -134.4231   -66.13947    -61.40242  |L|: 161.9082
C.M.: mass: 1900 pos: -0.1017266   0.002471998    0.02101302 vel: 0.04245571   -0.07523513    0.02351314
Tree step number: 2048
**** Wallclock time per step (local): [Min/Max]
 Total       PP_single   PP_cluster  PP_cross    Tree_NB     Tree_Force  Force_corr  Kick        FindCluster CreateGroup MPI_comm    Output      Status      Other      
   0.0032077  3.8984e-05  0.00010647           0   0.0005532    0.002335  0.00010774   5.885e-05  7.6617e-05  6.0305e-05   3.579e-06  3.8803e-06  4.6426e-09  1.3317e-05
   0.0032078  3.9021e-05  0.00010652           0  0.00053891   0.0021966  0.00010783  5.8889e-05   7.667e-05  6.0332e-05   3.612e-06  3.8804e-06   4.667e-09  1.3451e-05
**** FDPS tree soft force time profile (local):
 Sample_ptcl Domain_deco Ex_ptcl     SetRootCell Make_LT     Make_LET    Make_GT     Make_Group  Make_I_list Calc_force  Write_back 
           0           0           0  6.3543e-05  0.00042185  3.3577e-05  0.00026756  3.3339e-06  8.0077e-05   0.0010836  0.00027841
**** Tree neighbor time profile (local):
 Sample_ptcl Domain_deco Ex_ptcl     SetRootCell Make_LT     Make_LET    Make_GT     Make_Group  Make_I_list Calc_force  Write_back 
           0           0           0  5.5788e-05  0.00019808  2.2349e-05  0.00012111  6.3759e-07  1.6261e-05  8.8029e-05  2.9095e-05
**** Number per step (global):
 PP_single   PP_cluster  PP_cross    Cluster     Cross       AR_step_sum
      965.93      34.065           0      15.977           0     0.36328
 AR_tsyn_sum Stab_Ngroup Iso_Ngroup  Form_Ngroup End_Ngroup  Modf_Ngroup Merg_Ngroup H4_step_sum H4_no_NB    Ep-Ep_sum   Ep-Sp_sum  
     0.12549           0           0    0.022461   0.0048828           0           0      169.74     0.10889  9.0101e+05       16504
**** Number of members in clusters (global):
N_members:            1           2           3           4           5           6
Count    :       965.93      14.272      1.3672      0.2793    0.048828   0.0097656

Time: 2.5  N_real(loc): 1000  N_real(glb): 1000  N_all(loc): 1000  N_all(glb): 1000  N_remove(glb): 0  N_escape(glb): 0
Energy:     Error/Total         Error     Error_cum         Total       Kinetic     Potential        Modify  Modify_group Modify_single      Error_PP  Error_PP_cum
Physic:    1.389548e-07 -0.0004609526  0.0006462698     -3317.285      3358.199     -6675.483   3.68466e-07             0             0 -5.297108e-07  -2.25707e-06
Slowdown:  1.389548e-07 -0.0004609526  0.0006462678     -3317.285      3358.199     -6675.483  3.704362e-07             0             0 -5.284482e-07 -2.263674e-06
Angular Momentum:  |L|err: -0.0008566458  |L|err_cum: 0.0008744775  L: -134.4233   -66.13843    -61.40349  |L|: 161.9083
C.M.: mass: 1900 pos: -0.1022647   -0.01383451    -0.001125531 vel: -0.002686493   -0.0198277    -0.07611173
Tree step number: 2048
**** Wallclock time per step (local): [Min/Max]
 Total       PP_single   PP_cluster  PP_cross    Tree_NB     Tree_Force  Force_corr  Kick        FindCluster CreateGroup MPI_comm    Output      Status      Other      
   0.0025821  2.6839e-05   0.0001183           0  0.00045966    0.001832  5.5257e-05  2.4533e-05  7.2601e-05  5.5204e-05  2.0373e-06  4.5259e-06  4.1875e-09  6.9453e-06
   0.0025821  2.6876e-05  0.00011839           0  0.00045107   0.0017622  5.5314e-05  2.4671e-05  7.2646e-05  5.5227e-05    2.07e-06  4.5261e-06  4.2021e-09  7.0515e-06
**** FDPS tree soft force time profile (local):
 Sample_ptcl Domain_deco Ex_ptcl     SetRootCell Make_LT     Make_LET    Make_GT     Make_Group  Make_I_list Calc_force  Write_back 
           0           0           0  4.4992e-05  0.00030173  3.6063e-05  0.00020981  3.1392e-06  6.3831e-05  0.00090106  0.00014138
**** Tree neighbor time profile (local):
 Sample_ptcl Domain_deco Ex_ptcl     SetRootCell Make_LT     Make_LET    Make_GT     Make_Group  Make_I_list Calc_force  Write_back 
           0           0           0  2.3913e-05  0.00013221  3.5522e-05   9.986e-05   6.737e-07  1.8269e-05  8.4242e-05  1.7797e-05
**** Number per step (global):
 PP_single   PP_cluster  PP_cross    Cluster     Cross       AR_step_sum
      963.15      36.854           0      17.296           0     0.57812
 AR_tsyn_sum Stab_Ngroup Iso_Ngroup  Form_Ngroup End_Ngroup  Modf_Ngroup Merg_Ngroup H4_step_sum H4_no_NB    Ep-Ep_sum   Ep-Sp_sum  
     0.19482           0           0    0.023438   0.0058594           0           0       181.2    0.094727  9.0565e+05       14124
**** Number of members in clusters (global):
N_members:            1           2           3           4           5
Count    :       963.15      15.335      1.6709      0.2793    0.010742

Time: 3  N_real(loc): 1000  N_real(glb): 1000  N_all(loc): 1000  N_all(glb): 1000  N_remove(glb): 0  N_escape(glb): 0
Energy:     Error/Total         Error     Error_cum         Total       Kinetic     Potential        Modify  Modify_group Modify_single      Error_PP  Error_PP_cum
Physic:   -4.023735e-07   0.001334787   0.001981057     -3317.283      3462.807      -6780.09  2.586904e-07             0             0 -1.970653e-06 -4.227723e-06
Slowdown: -4.023736e-07   0.001334787   0.001981055     -3317.283      3462.807      -6780.09  2.606566e-07             0             0 -1.967527e-06 -4.231201e-06
Angular Momentum:  |L|err: 0.0009070457  |L|err_cum: 0.001781523  L: -134.4228   -66.13782    -61.40431  |L|: 161.9079
C.M.: mass: 1900 pos: -0.1032686   -0.006052953    -0.04362395 vel: 0.03522016   0.02048072    -0.05288022
Tree step number: 2048
**** Wallclock time per step (local): [Min/Max]
 Total       PP_single   PP_cluster  PP_cross    Tree_NB     Tree_Force  Force_corr  Kick        FindCluster CreateGroup MPI_comm    Output      Status      Other      
   0.0021833   2.171e-05   0.0001029           0  0.00038388   0.0015657  3.4394e-05  1.7649e-05  4.5186e-05   4.933e-05  2.1876e-06  5.0053e-06  3.7373e-09  4.9482e-06
   0.0021834  2.1746e-05  0.00010295           0  0.00037978   0.0015181  3.4457e-05  1.7798e-05   4.523e-05  4.9353e-05  2.2197e-06  5.0054e-06  3.7524e-09  5.0506e-06
**** FDPS tree soft force time profile (local):
 Sample_ptcl Domain_deco Ex_ptcl     SetRootCell Make_LT     Make_LET    Make_GT     Make_Group  Make_I_list Calc_force  Write_back 
           0           0           0  2.4179e-05  0.00025515  2.8057e-05  0.00021232  2.7263e-06  6.5454e-05  0.00075743   9.679e-05
**** Tree neighbor time profile (local):
 Sample_ptcl Domain_deco Ex_ptcl     SetRootCell Make_LT     Make_LET    Make_GT     Make_Group  Make_I_list Calc_force  Write_back 
           0           0           0  1.8174e-05  0.00011758  1.5734e-05  9.6172e-05  6.7635e-07  1.5831e-05  5.9364e-05  8.6368e-06
**** Number per step (global):
 PP_single   PP_cluster  PP_cross    Cluster     Cross       AR_step_sum
       965.1      34.905           0      16.535           0     0.34033
 AR_tsyn_sum Stab_Ngroup Iso_Ngroup  Form_Ngroup End_Ngroup  Modf_Ngroup Merg_Ngroup H4_step_sum H4_no_NB    Ep-Ep_sum   Ep-Sp_sum  
     0.12256           0           0    0.011719   0.0024414           0           0      177.65    0.066895  9.0404e+05       15493
**** Number of members in clusters (global):
N_members:            1           2           3           4
Count    :        965.1      14.905      1.4243     0.20557

Time: 3.5  N_real(loc): 1000  N_real(glb): 1000  N_all(loc): 1000  N_all(glb): 1000  N_remove(glb): 0  N_escape(glb): 0
Energy:     Error/Total         Error     Error_cum         Total       Kinetic     Potential        Modify  Modify_group Modify_single      Error_PP  Error_PP_cum
Physic:    2.928487e-07 -0.0009714624   0.001009594     -3317.284       3316.77     -6634.055   2.09611e-07             0             0 -2.492978e-06 -6.720701e-06
Slowdown:  2.928487e-07 -0.0009714624   0.001009592     -3317.284       3316.77     -6634.055  2.116129e-07             0             0 -2.494332e-06 -6.725533e-06
Angular Momentum:  |L|err: 0.0005575527  |L|err_cum: 0.002339076  L: -134.4228   -66.13786    -61.40523  |L|: 161.9084
C.M.: mass: 1900 pos: -0.07265065   -0.01220348    -0.03080339 vel: 0.03987454   -0.04535643    0.07922501
Tree step number: 2048
**** Wallclock time per step (local): [Min/Max]
 Total       PP_single   PP_cluster  PP_cross    Tree_NB     Tree_Force  Force_corr  Kick        FindCluster CreateGroup MPI_comm    Output      Status      Other      
   0.0023035  1.9684e-05  9.4687e-05           0  0.00043972   0.0016623  3.2009e-05  1.7436e-05  3.8066e-05  4.0827e-05   1.904e-06   4.812e-06  4.4912e-09  4.6994e-06
   0.0023035   1.972e-05  9.4733e-05           0  0.00043019   0.0016171  3.2063e-05   1.747e-05  3.8109e-05  4.0851e-05  1.9361e-06  4.8123e-06  4.5059e-09  4.8039e-06
**** FDPS tree soft force time profile (local):
 Sample_ptcl Domain_deco Ex_ptcl     SetRootCell Make_LT     Make_LET    Make_GT     Make_Group  Make_I_list Calc_force  Write_back 
           0           0           0  2.4946e-05  0.00027446  3.1583e-05  0.00022283  4.8982e-06  5.7954e-05  0.00084078  9.2208e-05
**** Tree neighbor time profile (local):
 Sample_ptcl Domain_deco Ex_ptcl     SetRootCell Make_LT     Make_LET    Make_GT     Make_Group  Make_I_list Calc_force  Write_back 
           0           0           0  2.5154e-05  0.00014018  2.4343e-05   9.808e-05  5.8236e-07  1.7455e-05  7.7118e-05  1.9494e-05
**** Number per step (global):
 PP_single   PP_cluster  PP_cross    Cluster     Cross       AR_step_sum
      967.82      32.181           0      15.069           0     0.20361
 AR_tsyn_sum Stab_Ngroup Iso_Ngroup  Form_Ngroup End_Ngroup  Modf_Ngroup Merg_Ngroup H4_step_sum H4_no_NB    Ep-Ep_sum   Ep-Sp_sum  
     0.07373           0           0    0.013672   0.0029297           0           0      161.79    0.087891  9.1343e+05       14168
**** Number of members in clusters (global):
N_members:            1           2           3           4           5           6
Count    :       967.82      13.473      1.2378     0.27002    0.085938   0.0019531

Time: 4  N_real(loc): 1000  N_real(glb): 1000  N_all(loc): 1000  N_all(glb): 1000  N_remove(glb): 0  N_escape(glb): 0
Energy:     Error/Total         Error     Error_cum         Total       Kinetic     Potential        Modify  Modify_group Modify_single      Error_PP  Error_PP_cum
Physic:    2.838544e-07 -0.0009416258  6.796862e-05     -3317.285      3306.181     -6623.467  3.881455e-07             0             0 -8.077789e-08 -6.801479e-06
Slowdown:  2.838543e-07 -0.0009416258  6.796665e-05     -3317.285      3306.181     -6623.467  3.901212e-07             0             0 -8.291342e-08 -6.808447e-06
Angular Momentum:  |L|err: 0.000961691  |L|err_cum: 0.003300767  L: -134.423   -66.13728    -61.40626  |L|: 161.9087
C.M.: mass: 1900 pos: -0.05590806   -0.04445005    0.04416585 vel: 0.0224594   -0.1119087    0.1255793
Tree step number: 2048
**** Wallclock time per step (local): [Min/Max]
 Total       PP_single   PP_cluster  PP_cross    Tree_NB     Tree_Force  Force_corr  Kick        FindCluster CreateGroup MPI_comm    Output      Status      Other      
   0.0023521  2.3094e-05  0.00011524           0  0.00037214   0.0017341   3.351e-05  2.4877e-05  3.6697e-05  5.7295e-05  1.5776e-06  3.0727e-06  5.1758e-09  6.1035e-06
   0.0023521  2.3129e-05  0.00011529           0  0.00036505   0.0016833  3.3579e-05  2.4911e-05  3.6743e-05  5.7318e-05  1.6099e-06  3.0728e-06  5.1904e-09  6.2095e-06
**** FDPS tree soft force time profile (local):
 Sample_ptcl Domain_deco Ex_ptcl     SetRootCell Make_LT     Make_LET    Make_GT     Make_Group  Make_I_list Calc_force  Write_back 
           0           0           0  2.9245e-05  0.00029312  3.8238e-05  0.00025395  2.7122e-06   6.282e-05   0.0008485   0.0001037
**** Tree neighbor time profile (local):
 Sample_ptcl Domain_deco Ex_ptcl     SetRootCell Make_LT     Make_LET    Make_GT     Make_Group  Make_I_list Calc_force  Write_back 
           0           0           0  1.1675e-05  0.00010765  1.6147e-05  9.1139e-05  5.2133e-07  1.8949e-05  7.4227e-05  1.4643e-05
**** Number per step (global):
 PP_single   PP_cluster  PP_cross    Cluster     Cross       AR_step_sum
      966.47      33.534           0       15.31           0     0.52783
 AR_tsyn_sum Stab_Ngroup Iso_Ngroup  Form_Ngroup End_Ngroup  Modf_Ngroup Merg_Ngroup H4_step_sum H4_no_NB    Ep-Ep_sum   Ep-Sp_sum  
     0.18359           0           0     0.02002   0.0063477           0           0      169.11     0.13281  9.3105e+05       10679
**** Number of members in clusters (global):
N_members:            1           2           3           4           5
Count    :       966.47      13.019      1.7305     0.49707    0.063477

Time: 4.5  N_real(loc): 1000  N_real(glb): 1000  N_all(loc): 1000  N_all(glb): 1000  N_remove(glb): 0  N_escape(glb): 0
Energy:     Error/Total         Error     Error_cum         Total       Kinetic     Potential        Modify  Modify_group Modify_single      Error_PP  Error_PP_cum
Physic:    4.094884e-07   -0.00135839  -0.001290422     -3317.286      3267.006     -6584.292  4.313725e-07             0             0 -2.514177e-07 -7.052897e-06
Slowdown:  4.094884e-07   -0.00135839  -0.001290424     -3317.286      3267.006     -6584.292  4.333481e-07             0             0 -2.497047e-07 -7.058151e-06
Angular Momentum:  |L|err: 0.0004294416  |L|err_cum: 0.003730209  L: -134.4231   -66.13685    -61.4066  |L|: 161.9087
C.M.: mass: 1900 pos: -0.06128364   -0.07677575    0.07491829 vel: -0.05193875   -0.0285133    0.05819906
Tree step number: 2048
**** Wallclock time per step (local): [Min/Max]
 Total       PP_single   PP_cluster  PP_cross    Tree_NB     Tree_Force  Force_corr  Kick        FindCluster CreateGroup MPI_comm    Output      Status      Other      
   0.0017694  2.8897e-05     8.9e-05           0   0.0002814   0.0012674  4.9466e-05  2.8412e-05  3.0938e-05  2.1915e-05  1.4259e-06  4.0204e-06  3.6494e-09  6.0863e-06
   0.0017695  2.8932e-05  8.9045e-05           0  0.00027835   0.0012267  4.9528e-05  2.8446e-05  3.0981e-05  2.1935e-05  1.4577e-06  4.0206e-06  3.6641e-09  6.1607e-06
**** FDPS tree soft force time profile (local):
 Sample_ptcl Domain_deco Ex_ptcl     SetRootCell Make_LT     Make_LET    Make_GT     Make_Group  Make_I_list Calc_force  Write_back 
           0           0           0  1.8285e-05  0.00031689  2.8418e-05  0.00015897  3.5295e-06  5.3498e-05  0.00056609  8.2795e-05
**** Tree neighbor time profile (local):
 Sample_ptcl Domain_deco Ex_ptcl     SetRootCell Make_LT     Make_LET    Make_GT     Make_Group  Make_I_list Calc_force  Write_back 
           0           0           0  7.3421e-06  8.8981e-05  1.7247e-05  7.7763e-05  6.0926e-07  1.5379e-05  5.8543e-05  6.4848e-06
**** Number per step (global):
 PP_single   PP_cluster  PP_cross    Cluster     Cross       AR_step_sum
      967.59      32.406           0      15.126           0    0.063477
 AR_tsyn_sum Stab_Ngroup Iso_Ngroup  Form_Ngroup End_Ngroup  Modf_Ngroup Merg_Ngroup H4_step_sum H4_no_NB    Ep-Ep_sum   Ep-Sp_sum  
    0.025391           0           0   0.0043945  0.00097656           0           0      159.96    0.047363  9.3542e+05       10771
**** Number of members in clusters (global):
N_members:            1           2           3           4           5
Count    :       967.59       13.21      1.7114     0.17383     0.03125

Time: 5  N_real(loc): 1000  N_real(glb): 1000  N_all(loc): 1000  N_all(glb): 1000  N_remove(glb): 0  N_escape(glb): 0
Energy:     Error/Total         Error     Error_cum         Total       Kinetic     Potential        Modify  Modify_group Modify_single      Error_PP  Error_PP_cum
Physic:   -1.479314e-07  0.0004907308 -0.0007996908     -3317.286      3566.878     -6884.164  4.547127e-07             0             0 -9.057468e-07 -7.958643e-06
Slowdown: -1.479314e-07  0.0004907308 -0.0007996928     -3317.286      3566.878     -6884.164  4.566882e-07             0             0 -8.843776e-07 -7.942529e-06
Angular Momentum:  |L|err: -0.0003264485  |L|err_cum: 0.00340376  L: -134.4233   -66.13734    -61.40648  |L|: 161.909
C.M.: mass: 1900 pos: -0.07705981   -0.06905893    0.08508006 vel: -0.02078048   0.007604853    -0.007963725
Tree step number: 2048
**** Wallclock time per step (local): [Min/Max]
 Total       PP_single   PP_cluster  PP_cross    Tree_NB     Tree_Force  Force_corr  Kick        FindCluster CreateGroup MPI_comm    Output      Status      Other      
   0.0015699   2.628e-05  9.1712e-05           0  0.00030644    0.001045  1.5433e-05  2.4641e-05  4.2666e-05  2.2751e-05  5.9827e-06  4.1922e-06  3.9331e-09  1.2217e-05
     0.00157  2.6315e-05  9.1766e-05           0  0.00029905   0.0010229  1.5495e-05  2.4674e-05  4.2721e-05  2.2771e-05  6.0154e-06  4.1925e-06  3.9526e-09  1.2291e-05
**** FDPS tree soft force time profile (local):
 Sample_ptcl Domain_deco Ex_ptcl     SetRootCell Make_LT     Make_LET    Make_GT     Make_Group  Make_I_list Calc_force  Write_back 
           0           0           0  7.5444e-06  0.00022963  3.2185e-05  0.00019621  2.6515e-06  6.5149e-05  0.00041909   4.551e-05
**** Tree neighbor time profile (local):
 Sample_ptcl Domain_deco Ex_ptcl     SetRootCell Make_LT     Make_LET    Make_GT     Make_Group  Make_I_list Calc_force  Write_back 
           0           0           0  9.8681e-06  0.00010761  1.5315e-05  8.5356e-05  4.9982e-07   2.028e-05  4.3516e-05  1.5232e-05
**** Number per step (global):
 PP_single   PP_cluster  PP_cross    Cluster     Cross       AR_step_sum
      971.88      28.117           0      13.264           0     0.35938
 AR_tsyn_sum Stab_Ngroup Iso_Ngroup  Form_Ngroup End_Ngroup  Modf_Ngroup Merg_Ngroup H4_step_sum H4_no_NB    Ep-Ep_sum   Ep-Sp_sum  
     0.12305           0           0    0.014648   0.0043945           0           0       137.7    0.061035  9.4751e+05      7469.4
**** Number of members in clusters (global):
N_members:            1           2           3           4           5           6
Count    :       971.88      11.978      1.0371     0.20996    0.024414    0.014648

Time: 5.5  N_real(loc): 1000  N_real(glb): 1000  N_all(loc): 1000  N_all(glb): 1000  N_remove(glb): 0  N_escape(glb): 0
Energy:     Error/Total         Error     Error_cum         Total       Kinetic     Potential        Modify  Modify_group Modify_single      Error_PP  Error_PP_cum
Physic:    4.944916e-08  -0.000164037 -0.0009637278     -3317.286      3436.409     -6753.695  6.610285e-07             0             0 -1.570238e-06 -9.528882e-06
Slowdown:  4.944917e-08  -0.000164037 -0.0009637298     -3317.286      3436.409     -6753.695  6.630137e-07             0             0 -1.571322e-06 -9.513851e-06
Angular Momentum:  |L|err: -1.327627e-06  |L|err_cum: 0.003402432  L: -134.4235   -66.13706    -61.40643  |L|: 161.9091
C.M.: mass: 1900 pos: -0.08201773   -0.07347663    0.06244708 vel: 0.004395396   -0.01616122    -0.02753226
Tree step number: 2048
**** Wallclock time per step (local): [Min/Max]
 Total       PP_single   PP_cluster  PP_cross    Tree_NB     Tree_Force  Force_corr  Kick        FindCluster CreateGroup MPI_comm    Output      Status      Other      
    0.001526  1.6592e-05  9.4088e-05           0  0.00028135   0.0010658  2.2149e-05  1.1771e-05  2.7961e-05  1.9832e-05  1.2145e-06  5.2869e-06  4.9409e-09  2.8359e-06
   0.0015261  1.6628e-05  9.4155e-05           0  0.00027886   0.0010426  2.2377e-05  1.1806e-05  2.8017e-05  1.9852e-05   1.259e-06  5.2875e-06  4.9604e-09  2.9106e-06
**** FDPS tree soft force time profile (local):
 Sample_ptcl Domain_deco Ex_ptcl     SetRootCell Make_LT     Make_LET    Make_GT     Make_Group  Make_I_list Calc_force  Write_back 
           0           0           0  1.4272e-05  0.00021019  2.6961e-05  0.00016363  4.6145e-06  5.7086e-05  0.00049615  4.7817e-05
**** Tree neighbor time profile (local):
 Sample_ptcl Domain_deco Ex_ptcl     SetRootCell Make_LT     Make_LET    Make_GT     Make_Group  Make_I_list Calc_force  Write_back 
           0           0           0  4.8112e-06  0.00011272  1.3851e-05  6.8581e-05  5.5704e-07  1.7371e-05    4.69e-05  5.3358e-06
**** Number per step (global):
 PP_single   PP_cluster  PP_cross    Cluster     Cross       AR_step_sum
      966.15      33.846           0      15.663           0     0.24268
 AR_tsyn_sum Stab_Ngroup Iso_Ngroup  Form_Ngroup End_Ngroup  Modf_Ngroup Merg_Ngroup H4_step_sum H4_no_NB    Ep-Ep_sum   Ep-Sp_sum  
    0.087402           0           0    0.012207    0.003418           0           0       174.3     0.10156  9.3604e+05      9215.8
**** Number of members in clusters (global):
N_members:            1           2           3           4           5
Count    :       966.15      13.623      1.6177     0.36377    0.058594

Time: 6  N_real(loc): 1000  N_real(glb): 1000  N_all(loc): 1000  N_all(glb): 1000  N_remove(glb): 0  N_escape(glb): 0
Energy:     Error/Total         Error     Error_cum         Total       Kinetic     Potential        Modify  Modify_group Modify_single      Error_PP  Error_PP_cum
Physic:   -2.058916e-07  0.0006830012 -0.0002807267     -3317.285      3491.953     -6809.238 -8.921278e-08             0             0 -3.499484e-06 -1.302837e-05
Slowdown: -2.058916e-07  0.0006830012 -0.0002807287     -3317.285      3491.953     -6809.238 -8.722796e-08             0             0 -3.498516e-06 -1.301237e-05
Angular Momentum:  |L|err: 0.0003405816  |L|err_cum: 0.003743014  L: -134.4239   -66.13639    -61.4065  |L|: 161.9091
C.M.: mass: 1900 pos: -0.05067587   -0.05814771    0.0583808 vel: 0.06510319   0.05396398    0.007204441
Tree step number: 2048
**** Wallclock time per step (local): [Min/Max]
 Total       PP_single   PP_cluster  PP_cross    Tree_NB     Tree_Force  Force_corr  Kick        FindCluster CreateGroup MPI_comm    Output      Status      Other      
   0.0019528  1.5746e-05  9.3302e-05           0  0.00033687   0.0014329  4.0095e-05   1.823e-05  3.2259e-05  2.8854e-05  1.1533e-06  3.8374e-06  3.5762e-09  5.0852e-06
   0.0019528   1.578e-05  9.3365e-05           0  0.00033383   0.0013785  4.0148e-05  1.8265e-05    3.23e-05   2.889e-05  1.1851e-06  3.8376e-06  3.5957e-09  5.1706e-06
**** FDPS tree soft force time profile (local):
 Sample_ptcl Domain_deco Ex_ptcl     SetRootCell Make_LT     Make_LET    Make_GT     Make_Group  Make_I_list Calc_force  Write_back 
           0           0           0  1.9732e-05   0.0002372  2.8287e-05  0.00021576  2.5722e-06  5.1562e-05  0.00068915  0.00011039
**** Tree neighbor time profile (local):
 Sample_ptcl Domain_deco Ex_ptcl     SetRootCell Make_LT     Make_LET    Make_GT     Make_Group  Make_I_list Calc_force  Write_back 
           0           0           0  1.0803e-05   0.0001202  1.9731e-05  8.0564e-05  5.7015e-07  1.5468e-05  5.8197e-05  6.4477e-06
**** Number per step (global):
 PP_single   PP_cluster  PP_cross    Cluster     Cross       AR_step_sum
      968.53      31.472           0      14.759           0     0.14941
 AR_tsyn_sum Stab_Ngroup Iso_Ngroup  Form_Ngroup End_Ngroup  Modf_Ngroup Merg_Ngroup H4_step_sum H4_no_NB    Ep-Ep_sum   Ep-Sp_sum  
    0.052246           0           0   0.0058594   0.0014648           0           0      156.56    0.052246  9.2281e+05       10592
**** Number of members in clusters (global):
N_members:            1           2           3           4           5           6           7
Count    :       968.53      13.096      1.4512     0.15088    0.046875   0.0078125   0.0058594

Time: 6.5  N_real(loc): 1000  N_real(glb): 1000  N_all(loc): 1000  N_all(glb): 1000  N_remove(glb): 0  N_escape(glb): 0
Energy:     Error/Total         Error     Error_cum         Total       Kinetic     Potential        Modify  Modify_group Modify_single      Error_PP  Error_PP_cum
Physic:   -2.158878e-07  0.0007161612  0.0004354346     -3317.285      3256.234     -6573.518 -1.752957e-08             0             0 -1.322733e-06  -1.43511e-05
Slowdown: -2.158877e-07   0.000716161  0.0004354324     -3317.285      3256.234     -6573.518 -1.533418e-08             0             0 -1.348101e-06 -1.436047e-05
Angular Momentum:  |L|err: -0.0005059188  |L|err_cum: 0.003237095  L: -134.424   -66.13709    -61.40632  |L|: 161.9094
C.M.: mass: 1900 pos: -0.01365471   -0.02740629    0.05520227 vel: 0.09096562   0.07662419    -0.02503629
Tree step number: 2048
**** Wallclock time per step (local): [Min/Max]
 Total       PP_single   PP_cluster  PP_cross    Tree_NB     Tree_Force  Force_corr  Kick        FindCluster CreateGroup MPI_comm    Output      Status      Other      
   0.0026937  5.1213e-05  0.00010683           0  0.00050313   0.0018428  7.0989e-05  6.2701e-05  5.1786e-05  5.4197e-05  5.2655e-06  3.8682e-06  5.1709e-09  1.1596e-05
   0.0026937  5.1251e-05  0.00010688           0  0.00049923   0.0017737  7.1046e-05  6.2749e-05  5.1847e-05   5.423e-05   5.323e-06  3.8684e-06  5.1855e-09  1.1698e-05
**** FDPS tree soft force time profile (local):
 Sample_ptcl Domain_deco Ex_ptcl     SetRootCell Make_LT     Make_LET    Make_GT     Make_Group  Make_I_list Calc_force  Write_back 
           0           0           0  2.8138e-05  0.00032299  4.4517e-05  0.00026495  3.1403e-06  6.2367e-05   0.0008467  0.00014005
**** Tree neighbor time profile (local):
 Sample_ptcl Domain_deco Ex_ptcl     SetRootCell Make_LT     Make_LET    Make_GT     Make_Group  Make_I_list Calc_force  Write_back 
           0           0           0  2.7378e-05   0.0001909  2.0261e-05  0.00011032  5.6054e-07  1.5825e-05   7.365e-05  8.2896e-06
**** Number per step (global):
 PP_single   PP_cluster  PP_cross    Cluster     Cross       AR_step_sum
      970.37       29.63           0      13.787           0     0.18262
 AR_tsyn_sum Stab_Ngroup Iso_Ngroup  Form_Ngroup End_Ngroup  Modf_Ngroup Merg_Ngroup H4_step_sum H4_no_NB    Ep-Ep_sum   Ep-Sp_sum  
    0.062988           0           0    0.010254   0.0019531           0           0      142.71    0.089355  9.2268e+05      9895.3
**** Number of members in clusters (global):
N_members:            1           2           3           4           5
Count    :       970.37      12.023       1.479     0.27441   0.0097656

Time: 7  N_real(loc): 1000  N_real(glb): 1000  N_all(loc): 1000  N_all(glb): 1000  N_remove(glb): 0  N_escape(glb): 0
Energy:     Error/Total         Error     Error_cum         Total       Kinetic     Potential        Modify  Modify_group Modify_single      Error_PP  Error_PP_cum
Physic:   -2.532584e-06    0.00840128   0.008836715     -3317.276      3421.586     -6738.862   3.07451e-07             0             0 -4.261615e-06 -1.861271e-05
Slowdown: -2.532584e-06    0.00840128   0.008836713     -3317.276      3421.586     -6738.862  3.096464e-07             0             0 -4.260357e-06 -1.862083e-05
Angular Momentum:  |L|err: -0.000462762  |L|err_cum: 0.002774333  L: -134.4243   -66.13784    -61.40609  |L|: 161.9099
C.M.: mass: 1900 pos: 0.02794975   -0.003556231    0.09353321 vel: 0.06792995   0.07974001    0.1111842
Tree step number: 2048
**** Wallclock time per step (local): [Min/Max]
 Total       PP_single   PP_cluster  PP_cross    Tree_NB     Tree_Force  Force_corr  Kick        FindCluster CreateGroup MPI_comm    Output      Status      Other      
   0.0018582  1.9648e-05  9.0231e-05           0  0.00033613   0.0013393  2.7247e-05  1.0313e-05  3.2011e-05  3.2407e-05  1.0194e-06  4.1684e-06  3.3657e-09  3.0398e-06
   0.0018583  1.9685e-05  9.0288e-05           0  0.00032975   0.0013065  2.7301e-05  1.0349e-05  3.2057e-05  3.2429e-05   1.052e-06  4.1686e-06  3.3804e-09  3.1239e-06
**** FDPS tree soft force time profile (local):
 Sample_ptcl Domain_deco Ex_ptcl     SetRootCell Make_LT     Make_LET    Make_GT     Make_Group  Make_I_list Calc_force  Write_back 
           0           0           0  1.2053e-05  0.00024544  2.5806e-05  0.00019014  2.4912e-06   5.046e-05  0.00068289  6.7442e-05
**** Tree neighbor time profile (local):
 Sample_ptcl Domain_deco Ex_ptcl     SetRootCell Make_LT     Make_LET    Make_GT     Make_Group  Make_I_list Calc_force  Write_back 
           0           0           0  9.3167e-06  0.00010843  2.0666e-05  7.9315e-05  5.6044e-07  2.0507e-05  6.3875e-05  1.3225e-05
**** Number per step (global):
 PP_single   PP_cluster  PP_cross    Cluster     Cross       AR_step_sum
      972.41      27.591           0      12.871           0      1.6938
 AR_tsyn_sum Stab_Ngroup Iso_Ngroup  Form_Ngroup End_Ngroup  Modf_Ngroup Merg_Ngroup H4_step_sum H4_no_NB    Ep-Ep_sum   Ep-Sp_sum  
     0.58105           0           0    0.034668   0.0092773           0           0      141.52    0.074219   9.239e+05      9976.8
**** Number of members in clusters (global):
N_members:            1           2           3           4           5           7
Count    :       972.41      11.378      1.2383     0.16748    0.079102   0.0078125

Time: 7.5  N_real(loc): 1000  N_real(glb): 1000  N_all(loc): 1000  N_all(glb): 1000  N_remove(glb): 0  N_escape(glb): 0
Energy:     Error/Total         Error     Error_cum         Total       Kinetic     Potential        Modify  Modify_group Modify_single      Error_PP  Error_PP_cum
Physic:    8.031462e-07   -0.00266426   0.006172455     -3317.279      3064.756     -6382.035  6.503733e-07             0             0 -4.425146e-06 -2.303786e-05
Slowdown:  8.031462e-07   -0.00266426   0.006172453     -3317.279      3064.756     -6382.035  6.524418e-07             0             0 -4.434749e-06 -2.305557e-05
Angular Momentum:  |L|err: -0.0002543612  |L|err_cum: 0.002519972  L: -134.4248   -66.13744    -61.4056  |L|: 161.91
C.M.: mass: 1900 pos: 0.0208254   0.01284652    0.1277255 vel: -0.01463745   0.01274096    0.06214227
Tree step number: 2048
**** Wallclock time per step (local): [Min/Max]
 Total       PP_single   PP_cluster  PP_cross    Tree_NB     Tree_Force  Force_corr  Kick        FindCluster CreateGroup MPI_comm    Output      Status      Other      
   0.0021402  2.5756e-05   0.0001056           0  0.00034307    0.001563   4.459e-05   2.178e-05  4.3104e-05  2.7416e-05   2.617e-06  4.0673e-06  3.6592e-09  8.2948e-06
   0.0021403  2.5793e-05  0.00010565           0  0.00034047   0.0015141  4.4646e-05  2.1815e-05  4.3157e-05  2.7438e-05  2.6495e-06  4.0674e-06  3.6738e-09  8.4007e-06
**** FDPS tree soft force time profile (local):
 Sample_ptcl Domain_deco Ex_ptcl     SetRootCell Make_LT     Make_LET    Make_GT     Make_Group  Make_I_list Calc_force  Write_back 
           0           0           0  1.5898e-05  0.00029048  4.3068e-05  0.00022171  3.2188e-06   7.707e-05  0.00074894  9.9549e-05
**** Tree neighbor time profile (local):
 Sample_ptcl Domain_deco Ex_ptcl     SetRootCell Make_LT     Make_LET    Make_GT     Make_Group  Make_I_list Calc_force  Write_back 
           0           0           0  8.1483e-06  0.00011413   2.182e-05  9.4493e-05  5.4265e-07  1.9336e-05  6.6588e-05  5.6299e-06
**** Number per step (global):
 PP_single   PP_cluster  PP_cross    Cluster     Cross       AR_step_sum
      970.52      29.477           0      13.815           0      1.1338
 AR_tsyn_sum Stab_Ngroup Iso_Ngroup  Form_Ngroup End_Ngroup  Modf_Ngroup Merg_Ngroup H4_step_sum H4_no_NB    Ep-Ep_sum   Ep-Sp_sum  
     0.38184           0           0    0.031738   0.0078125           0           0      147.26    0.086914   9.307e+05      9726.2
**** Number of members in clusters (global):
N_members:            1           2           3           4           5
Count    :       970.52      12.204      1.3936     0.19873    0.018555

Time: 8  N_real(loc): 1000  N_real(glb): 1000  N_all(loc): 1000  N_all(glb): 1000  N_remove(glb): 0  N_escape(glb): 0
Energy:     Error/Total         Error     Error_cum         Total       Kinetic     Potential        Modify  Modify_group Modify_single      Error_PP  Error_PP_cum
Physic:    2.437086e-07 -0.0008084495   0.005364005      -3317.28       3569.86      -6887.14  5.533485e-07             0             0 -2.986847e-06 -2.602471e-05
Slowdown:  2.437086e-07 -0.0008084495   0.005364003      -3317.28       3569.86      -6887.14  5.554075e-07             0             0 -2.974444e-06 -2.603002e-05
Angular Momentum:  |L|err: 0.0004493856  |L|err_cum: 0.002969358  L: -134.4248   -66.13703    -61.4059  |L|: 161.9099
C.M.: mass: 1900 pos: 0.0084802   0.01203515    0.1236884 vel: -0.03533346   -0.04409149    -0.04937572
Tree step number: 2048
**** Wallclock time per step (local): [Min/Max]
 Total       PP_single   PP_cluster  PP_cross    Tree_NB     Tree_Force  Force_corr  Kick        FindCluster CreateGroup MPI_comm    Output      Status      Other      
    0.002045  4.3191e-05   0.0001084           0  0.00035286   0.0014236  4.3083e-05  4.8273e-05  4.5342e-05  3.2397e-05  1.5682e-06  4.2786e-06  4.7603e-09  4.6897e-06
    0.002045  4.3228e-05  0.00010844           0  0.00034656    0.001365   4.314e-05  4.8308e-05  4.5387e-05  3.2418e-05  1.6009e-06  4.2789e-06  4.7896e-09  4.7727e-06
**** FDPS tree soft force time profile (local):
 Sample_ptcl Domain_deco Ex_ptcl     SetRootCell Make_LT     Make_LET    Make_GT     Make_Group  Make_I_list Calc_force  Write_back 
           0           0           0   1.619e-05  0.00030333  3.5363e-05   0.0002178  2.7602e-06  6.0866e-05  0.00060484  0.00011895
**** Tree neighbor time profile (local):
 Sample_ptcl Domain_deco Ex_ptcl     SetRootCell Make_LT     Make_LET    Make_GT     Make_Group  Make_I_list Calc_force  Write_back 
           0           0           0   6.195e-06  0.00012953  2.2119e-05  9.4288e-05  5.2047e-07  1.9088e-05  5.5752e-05  1.3225e-05
**** Number per step (global):
 PP_single   PP_cluster  PP_cross    Cluster     Cross       AR_step_sum
      969.99      30.011           0      13.533           0     0.38184
 AR_tsyn_sum Stab_Ngroup Iso_Ngroup  Form_Ngroup End_Ngroup  Modf_Ngroup Merg_Ngroup H4_step_sum H4_no_NB    Ep-Ep_sum   Ep-Sp_sum  
     0.14014           0           0    0.014648   0.0039062           0           0      155.36     0.12012  9.4731e+05        7768
**** Number of members in clusters (global):
N_members:            1           2           3           4           5           6
Count    :       969.99       11.48      1.4219     0.38574     0.22607    0.018555

Time: 8.5  N_real(loc): 1000  N_real(glb): 1000  N_all(loc): 1000  N_all(glb): 1000  N_remove(glb): 0  N_escape(glb): 0
Energy:     Error/Total         Error     Error_cum         Total       Kinetic     Potential        Modify  Modify_group Modify_single      Error_PP  Error_PP_cum
Physic:    9.944476e-07  -0.003298864   0.002065141     -3317.283      3292.304     -6609.587   7.18084e-07             0             0 -1.577293e-06   -2.7602e-05
Slowdown:  9.944476e-07  -0.003298864   0.002065139     -3317.283      3292.304     -6609.587   7.20114e-07             0             0 -1.572832e-06 -2.760285e-05
Angular Momentum:  |L|err: -0.0003011753  |L|err_cum: 0.002668182  L: -134.4247   -66.13749    -61.40583  |L|: 161.9099
C.M.: mass: 1900 pos: -0.00763388   8.166278e-05    0.06795047 vel: -0.03350554   -0.04228688    -0.1400559
Tree step number: 2048
**** Wallclock time per step (local): [Min/Max]
 Total       PP_single   PP_cluster  PP_cross    Tree_NB     Tree_Force  Force_corr  Kick        FindCluster CreateGroup MPI_comm    Output      Status      Other      
   0.0020817  2.5824e-05  0.00011054           0  0.00033894   0.0015007  5.4548e-05  3.6485e-05  4.4085e-05  2.3756e-05  1.8204e-06  4.7397e-06  5.7583e-09  3.7076e-06
   0.0020818   2.586e-05  0.00011064           0   0.0003321   0.0014422  5.4607e-05  3.6609e-05   4.413e-05  2.3777e-05  1.8524e-06  4.7399e-06  5.7681e-09  3.7901e-06
**** FDPS tree soft force time profile (local):
 Sample_ptcl Domain_deco Ex_ptcl     SetRootCell Make_LT     Make_LET    Make_GT     Make_Group  Make_I_list Calc_force  Write_back 
           0           0           0  2.6399e-05  0.00029835  3.6843e-05  0.00020562  2.5115e-06   6.773e-05   0.0007047  0.00011866
**** Tree neighbor time profile (local):
 Sample_ptcl Domain_deco Ex_ptcl     SetRootCell Make_LT     Make_LET    Make_GT     Make_Group  Make_I_list Calc_force  Write_back 
           0           0           0  7.2131e-06  0.00011315  2.0402e-05  9.1422e-05  5.0103e-07  1.7214e-05  6.3756e-05    1.41e-05
**** Number per step (global):
 PP_single   PP_cluster  PP_cross    Cluster     Cross       AR_step_sum
      964.17      35.826           0      16.108           0      1.0288
 AR_tsyn_sum Stab_Ngroup Iso_Ngroup  Form_Ngroup End_Ngroup  Modf_Ngroup Merg_Ngroup H4_step_sum H4_no_NB    Ep-Ep_sum   Ep-Sp_sum  
     0.37451           0           0    0.028809   0.0092773           0           0      179.13     0.12354   9.606e+05      4610.8
**** Number of members in clusters (global):
N_members:            1           2           3           4           5           6           7
Count    :       964.17      13.499      1.9009     0.46973     0.19189    0.041016   0.0058594

Time: 9  N_real(loc): 1000  N_real(glb): 1000  N_all(loc): 1000  N_all(glb): 1000  N_remove(glb): 0  N_escape(glb): 0
Energy:     Error/Total         Error     Error_cum         Total       Kinetic     Potential        Modify  Modify_group Modify_single      Error_PP  Error_PP_cum
Physic:    5.996497e-07  -0.001989209   7.59322e-05     -3317.285       3334.74     -6652.025  7.664219e-07             0             0 -2.120032e-06 -2.972203e-05
Slowdown:  5.996497e-07  -0.001989209  7.593026e-05     -3317.285       3334.74     -6652.025  7.683611e-07             0             0  -2.11271e-06 -2.971556e-05
Angular Momentum:  |L|err: 0.0001261128  |L|err_cum: 0.002794295  L: -134.4251   -66.13739    -61.40579  |L|: 161.9103
C.M.: mass: 1900 pos: -0.0478312   -0.009539278    0.01314855 vel: -0.1099624   -0.03140007    -0.08291222
Tree step number: 2048
**** Wallclock time per step (local): [Min/Max]
 Total       PP_single   PP_cluster  PP_cross    Tree_NB     Tree_Force  Force_corr  Kick        FindCluster CreateGroup MPI_comm    Output      Status      Other      
   0.0018241   2.053e-05  8.8408e-05           0  0.00033095   0.0013122   2.697e-05  1.7779e-05  3.5749e-05   1.762e-05  3.1382e-06  5.6577e-06   4.251e-09  5.4672e-06
   0.0018241  2.0573e-05  8.8454e-05           0  0.00032584   0.0012745  2.7025e-05  1.7827e-05  3.5793e-05  1.7641e-05  3.2358e-06   5.658e-06  4.2656e-09   5.561e-06
**** FDPS tree soft force time profile (local):
 Sample_ptcl Domain_deco Ex_ptcl     SetRootCell Make_LT     Make_LET    Make_GT     Make_Group  Make_I_list Calc_force  Write_back 
           0           0           0  1.9062e-05  0.00025657  2.8012e-05  0.00019872  3.3042e-06  7.5994e-05  0.00060975  7.6892e-05
**** Tree neighbor time profile (local):
 Sample_ptcl Domain_deco Ex_ptcl     SetRootCell Make_LT     Make_LET    Make_GT     Make_Group  Make_I_list Calc_force  Write_back 
           0           0           0  7.3919e-06   0.0001245  1.8967e-05  7.8786e-05  6.5707e-07  1.7061e-05  5.9194e-05  1.0662e-05
**** Number per step (global):
 PP_single   PP_cluster  PP_cross    Cluster     Cross       AR_step_sum
      972.06       27.94           0      12.556           0     0.41748
 AR_tsyn_sum Stab_Ngroup Iso_Ngroup  Form_Ngroup End_Ngroup  Modf_Ngroup Merg_Ngroup H4_step_sum H4_no_NB    Ep-Ep_sum   Ep-Sp_sum  
     0.14941           0           0    0.015625   0.0039062           0           0      139.19     0.11621  9.4717e+05      7650.2
**** Number of members in clusters (global):
N_members:            1           2           3           4           5           6           7
Count    :       972.06      10.731      1.2065     0.37207     0.13574    0.082031     0.02832

Time: 9.5  N_real(loc): 1000  N_real(glb): 1000  N_all(loc): 1000  N_all(glb): 1000  N_remove(glb): 0  N_escape(glb): 0
Energy:     Error/Total         Error     Error_cum         Total       Kinetic     Potential        Modify  Modify_group Modify_single      Error_PP  Error_PP_cum
Physic:    3.123164e-07  -0.001036043 -0.0009601106     -3317.286      3160.551     -6477.837  7.993102e-07             0             0 -1.151185e-06 -3.087322e-05
Slowdown:  3.123164e-07  -0.001036043 -0.0009601125     -3317.286      3160.551     -6477.837  8.012494e-07             0             0 -1.148252e-06 -3.086381e-05
Angular Momentum:  |L|err: 0.0003267369  |L|err_cum: 0.003121032  L: -134.4247   -66.13758    -61.40633  |L|: 161.9102
C.M.: mass: 1900 pos: -0.08811262   -0.009749925    -0.0199503 vel: -0.06820946   -0.002583057    -0.1012473
Tree step number: 2048
**** Wallclock time per step (local): [Min/Max]
 Total       PP_single   PP_cluster  PP_cross    Tree_NB     Tree_Force  Force_corr  Kick        FindCluster CreateGroup MPI_comm    Output      Status      Other      
   0.0019928  2.9042e-05  9.7438e-05           0  0.00032118   0.0014314  4.9998e-05  2.8533e-05  4.7518e-05  2.6379e-05  4.0984e-06  4.6525e-06  5.4351e-09  5.9497e-06
   0.0019928  2.9079e-05  9.7485e-05           0  0.00031779   0.0013794  5.0055e-05  2.8569e-05  4.7599e-05    2.64e-05  4.1309e-06  4.6528e-06  5.4497e-09   6.038e-06
**** FDPS tree soft force time profile (local):
 Sample_ptcl Domain_deco Ex_ptcl     SetRootCell Make_LT     Make_LET    Make_GT     Make_Group  Make_I_list Calc_force  Write_back 
           0           0           0  4.0662e-05  0.00029381  2.9899e-05  0.00020295  3.3818e-06  6.0488e-05  0.00066238  0.00010542
**** Tree neighbor time profile (local):
 Sample_ptcl Domain_deco Ex_ptcl     SetRootCell Make_LT     Make_LET    Make_GT     Make_Group  Make_I_list Calc_force  Write_back 
           0           0           0  8.5075e-06  0.00011632  1.8287e-05  8.9589e-05  5.9835e-07  1.4048e-05  5.3784e-05  7.1506e-06
**** Number per step (global):
 PP_single   PP_cluster  PP_cross    Cluster     Cross       AR_step_sum
      970.15      29.855           0      13.198           0      1.0718
 AR_tsyn_sum Stab_Ngroup Iso_Ngroup  Form_Ngroup End_Ngroup  Modf_Ngroup Merg_Ngroup H4_step_sum H4_no_NB    Ep-Ep_sum   Ep-Sp_sum  
      0.3833           0           0    0.037598   0.0097656           0           0      161.36    0.070312   9.271e+05       11213
**** Number of members in clusters (global):
N_members:            1           2           3           4           5           6           7           8           9
Count    :       970.15      10.861      1.6992     0.34668      0.1792    0.066406    0.018555    0.021484   0.0058594

Time: 10  N_real(loc): 1000  N_real(glb): 1000  N_all(loc): 1000  N_all(glb): 1000  N_remove(glb): 0  N_escape(glb): 0
Energy:     Error/Total         Error     Error_cum         Total       Kinetic     Potential        Modify  Modify_group Modify_single      Error_PP  Error_PP_cum
Physic:    -3.54052e-07   0.001174491  0.0002143808     -3317.285      3755.281     -7072.566  3.938586e-07             0             0 -1.552232e-06 -3.242545e-05
Slowdown:  -3.54052e-07   0.001174491  0.0002143787     -3317.285      3755.281     -7072.566  3.959411e-07             0             0 -1.556753e-06 -3.242057e-05
Angular Momentum:  |L|err: 0.0005776496  |L|err_cum: 0.003698682  L: -134.4237   -66.13708    -61.4068  |L|: 161.9094
C.M.: mass: 1900 pos: -0.1096064   0.001694106    -0.05754811 vel: -0.07293639   -0.007650165    -0.002750398
Tree step number: 2048
**** Wallclock time per step (local): [Min/Max]
 Total       PP_single   PP_cluster  PP_cross    Tree_NB     Tree_Force  Force_corr  Kick        FindCluster CreateGroup MPI_comm    Output      Status      Other      
   0.0023098  2.2858e-05  0.00010334           0  0.00038599   0.0016875  5.2591e-05  2.9209e-05   4.305e-05  4.3219e-05  1.4238e-06  4.4468e-06   3.772e-09  4.3804e-06
   0.0023099  2.2894e-05  0.00010339           0  0.00038057   0.0016205  5.2839e-05  2.9258e-05  4.4555e-05  4.3242e-05   1.456e-06   4.447e-06  3.7866e-09  4.4921e-06
**** FDPS tree soft force time profile (local):
 Sample_ptcl Domain_deco Ex_ptcl     SetRootCell Make_LT     Make_LET    Make_GT     Make_Group  Make_I_list Calc_force  Write_back 
           0           0           0  3.1643e-05   0.0002994   2.937e-05  0.00020241  2.7995e-06  5.7872e-05  0.00085076  0.00013537
**** Tree neighbor time profile (local):
 Sample_ptcl Domain_deco Ex_ptcl     SetRootCell Make_LT     Make_LET    Make_GT     Make_Group  Make_I_list Calc_force  Write_back 
           0           0           0  1.1815e-05  0.00012219  2.3125e-05  9.8219e-05  6.0161e-07  1.6668e-05  6.9887e-05  1.1235e-05
**** Number per step (global):
 PP_single   PP_cluster  PP_cross    Cluster     Cross       AR_step_sum
         968      31.999           0      14.471           0     0.90527
 AR_tsyn_sum Stab_Ngroup Iso_Ngroup  Form_Ngroup End_Ngroup  Modf_Ngroup Merg_Ngroup H4_step_sum H4_no_NB    Ep-Ep_sum   Ep-Sp_sum  
     0.33447           0           0    0.033691   0.0083008           0           0      168.04    0.041992  9.0797e+05       12327
**** Number of members in clusters (global):
N_members:            1           2           3           4           5           6           7
Count    :          968       12.22      1.6689     0.40332     0.14502    0.025391   0.0087891

Time: 10.5  N_real(loc): 1000  N_real(glb): 1000  N_all(loc): 1000  N_all(glb): 1000  N_remove(glb): 0  N_escape(glb): 0
Energy:     Error/Total         Error     Error_cum         Total       Kinetic     Potential        Modify  Modify_group Modify_single      Error_PP  Error_PP_cum
Physic:     1.62431e-06  -0.005388308  -0.005173928      -3317.29      3354.788     -6672.078  2.276928e-07             0             0 -5.804744e-07 -3.300592e-05
Slowdown:   1.62431e-06  -0.005388308   -0.00517393      -3317.29      3354.788     -6672.078  2.295994e-07             0             0 -4.982585e-07 -3.291882e-05
Angular Momentum:  |L|err: 0.001176338  |L|err_cum: 0.004875019  L: -134.4225   -66.1364    -61.40749  |L|: 161.9083
C.M.: mass: 1900 pos: -0.1067521   -0.000640134    -0.03528308 vel: 0.04217395   0.008905176    0.04903646
Tree step number: 2048
**** Wallclock time per step (local): [Min/Max]
 Total       PP_single   PP_cluster  PP_cross    Tree_NB     Tree_Force  Force_corr  Kick        FindCluster CreateGroup MPI_comm    Output      Status      Other      
   0.0035298  3.4728e-05  0.00011379           0  0.00069936   0.0023331  0.00011195   7.941e-05  0.00019248  6.6492e-05  4.1109e-06  3.7976e-06  4.2612e-09   9.687e-06
   0.0035298  3.4765e-05  0.00011385           0  0.00065354   0.0022577  0.00011202  7.9447e-05  0.00019253  6.6517e-05  4.1438e-06  3.7977e-06  4.2759e-09  9.8122e-06
**** FDPS tree soft force time profile (local):
 Sample_ptcl Domain_deco Ex_ptcl     SetRootCell Make_LT     Make_LET    Make_GT     Make_Group  Make_I_list Calc_force  Write_back 
           0           0           0  0.00012282  0.00047065  8.3974e-05  0.00032206  5.2485e-06   9.027e-05   0.0010032  0.00015266
**** Tree neighbor time profile (local):
 Sample_ptcl Domain_deco Ex_ptcl     SetRootCell Make_LT     Make_LET    Make_GT     Make_Group  Make_I_list Calc_force  Write_back 
           0           0           0  2.9221e-05  0.00020931   6.211e-05  0.00016874  6.3877e-07  2.1084e-05  6.6522e-05  9.2098e-05
**** Number per step (global):
 PP_single   PP_cluster  PP_cross    Cluster     Cross       AR_step_sum
      967.68      32.317           0      14.799           0     0.77734
 AR_tsyn_sum Stab_Ngroup Iso_Ngroup  Form_Ngroup End_Ngroup  Modf_Ngroup Merg_Ngroup H4_step_sum H4_no_NB    Ep-Ep_sum   Ep-Sp_sum  
     0.26514           0           0    0.026367   0.0078125           0           0      162.49     0.03125  8.8545e+05       17006
**** Number of members in clusters (global):
N_members:            1           2           3           4           5           6           7
Count    :       967.68      12.814       1.438     0.38867     0.13574    0.015625   0.0068359

Time: 11  N_real(loc): 1000  N_real(glb): 1000  N_all(loc): 1000  N_all(glb): 1000  N_remove(glb): 0  N_escape(glb): 0
Energy:     Error/Total         Error     Error_cum         Total       Kinetic     Potential        Modify  Modify_group Modify_single      Error_PP  Error_PP_cum
Physic:    8.531058e-07  -0.002830002   -0.00800393     -3317.293      3573.936     -6891.229  3.713074e-08             0             0 -3.049434e-06 -3.605536e-05
Slowdown:  8.531058e-07  -0.002830002  -0.008003932     -3317.293      3573.936     -6891.229   3.90373e-08             0             0 -3.083462e-06 -3.600229e-05
Angular Momentum:  |L|err: 0.002352906  |L|err_cum: 0.007227925  L: -134.4208   -66.13594    -61.40929  |L|: 161.9074
C.M.: mass: 1900 pos: -0.08617217   -0.0004869832    -0.03356941 vel: 0.07638339   -0.02131798    -0.04159645
Tree step number: 2048
**** Wallclock time per step (local): [Min/Max]
 Total       PP_single   PP_cluster  PP_cross    Tree_NB     Tree_Force  Force_corr  Kick        FindCluster CreateGroup MPI_comm    Output      Status      Other      
   0.0034033  4.8455e-05   0.0001184           0  0.00062982   0.0024063  9.1407e-05  6.6122e-05  6.5189e-05  7.6627e-05  4.5579e-06  4.6534e-06  4.4766e-09  7.0288e-06
   0.0034034  4.8495e-05  0.00011846           0  0.00061648   0.0023022  9.1472e-05  6.6162e-05   6.524e-05  7.6653e-05  4.6078e-06  4.6536e-06  4.4961e-09  7.3346e-06
**** FDPS tree soft force time profile (local):
 Sample_ptcl Domain_deco Ex_ptcl     SetRootCell Make_LT     Make_LET    Make_GT     Make_Group  Make_I_list Calc_force  Write_back 
           0           0           0  5.2047e-05  0.00056032  4.6121e-05  0.00035463  3.9587e-06   0.0001007  0.00095663  0.00021005
**** Tree neighbor time profile (local):
 Sample_ptcl Domain_deco Ex_ptcl     SetRootCell Make_LT     Make_LET    Make_GT     Make_Group  Make_I_list Calc_force  Write_back 
           0           0           0  3.8541e-05  0.00023067  2.3678e-05  0.00017113  7.3329e-07  2.4161e-05  7.9455e-05  2.7287e-05
**** Number per step (global):
 PP_single   PP_cluster  PP_cross    Cluster     Cross       AR_step_sum
      972.95      27.054           0      12.148           0     0.73779
 AR_tsyn_sum Stab_Ngroup Iso_Ngroup  Form_Ngroup End_Ngroup  Modf_Ngroup Merg_Ngroup H4_step_sum H4_no_NB    Ep-Ep_sum   Ep-Sp_sum  
     0.25195           0           0    0.016602   0.0039062           0           0      138.62    0.029785  8.7431e+05       20270
**** Number of members in clusters (global):
N_members:            1           2           3           4           5           6           7           8           9          10
Count    :       972.95      10.302      1.3096     0.34619     0.09668    0.053711   0.0097656    0.016602   0.0078125   0.0058594

Time: 11.5  N_real(loc): 1000  N_real(glb): 1000  N_all(loc): 1000  N_all(glb): 1000  N_remove(glb): 0  N_escape(glb): 0
Energy:     Error/Total         Error     Error_cum         Total       Kinetic     Potential        Modify  Modify_group Modify_single      Error_PP  Error_PP_cum
Physic:   -1.269304e-05    0.04210599    0.03410206     -3317.251      3485.637     -6802.888  1.948275e-07             0             0 -8.549834e-07 -3.691034e-05
Slowdown: -1.269304e-05    0.04210599    0.03410206     -3317.251      3485.637     -6802.888   1.96734e-07             0             0 -8.506802e-07 -3.685297e-05
Angular Momentum:  |L|err: 7.881596e-05  |L|err_cum: 0.007306741  L: -134.4206   -66.13526    -61.40892  |L|: 161.9068
C.M.: mass: 1900 pos: -0.04316507   -0.01690113    -0.03780838 vel: 0.1027213   -0.02943141    0.02280444
Tree step number: 2048
**** Wallclock time per step (local): [Min/Max]
 Total       PP_single   PP_cluster  PP_cross    Tree_NB     Tree_Force  Force_corr  Kick        FindCluster CreateGroup MPI_comm    Output      Status      Other      
   0.0028715  2.6062e-05  9.6319e-05           0  0.00053324   0.0020698  3.9904e-05  2.1082e-05  6.1896e-05  6.6941e-05  3.5466e-06   4.283e-06  3.0918e-09  7.3898e-06
   0.0028716  2.6098e-05  9.6378e-05           0   0.0005275   0.0020141   3.996e-05  2.1117e-05   6.194e-05  6.6973e-05  3.5787e-06  4.2832e-06  3.1113e-09  7.5284e-06
**** FDPS tree soft force time profile (local):
 Sample_ptcl Domain_deco Ex_ptcl     SetRootCell Make_LT     Make_LET    Make_GT     Make_Group  Make_I_list Calc_force  Write_back 
           0           0           0  4.7566e-05  0.00032915  3.3283e-05  0.00025346   3.213e-06  6.7499e-05   0.0010189  0.00011311
**** Tree neighbor time profile (local):
 Sample_ptcl Domain_deco Ex_ptcl     SetRootCell Make_LT     Make_LET    Make_GT     Make_Group  Make_I_list Calc_force  Write_back 
           0           0           0  4.2498e-05  0.00016964  2.4609e-05  0.00012848  5.7384e-07  1.8717e-05  6.3509e-05  1.1972e-05
**** Number per step (global):
 PP_single   PP_cluster  PP_cross    Cluster     Cross       AR_step_sum
      972.59      27.406           0      12.021           0     0.72021
 AR_tsyn_sum Stab_Ngroup Iso_Ngroup  Form_Ngroup End_Ngroup  Modf_Ngroup Merg_Ngroup H4_step_sum H4_no_NB    Ep-Ep_sum   Ep-Sp_sum  
     0.24414           0           0    0.027832   0.0073242           0           0      142.93    0.030762  8.9374e+05       14969
**** Number of members in clusters (global):
N_members:            1           2           3           4           5           6           7           8          10
Count    :       972.59      9.7061      1.6479     0.44189     0.13477     0.03125    0.051758   0.0048828   0.0019531

Time: 12  N_real(loc): 1000  N_real(glb): 1000  N_all(loc): 1000  N_all(glb): 1000  N_remove(glb): 0  N_escape(glb): 0
Energy:     Error/Total         Error     Error_cum         Total       Kinetic     Potential        Modify  Modify_group Modify_single      Error_PP  Error_PP_cum
Physic:    4.537207e-07  -0.001505106    0.03259695     -3317.253      3449.047       -6766.3    3.1757e-07             0             0 -1.209553e-06 -3.811989e-05
Slowdown:  4.537216e-07  -0.001505109    0.03259695     -3317.253      3449.047       -6766.3  3.224825e-07             0             0  -1.14464e-06 -3.799761e-05
Angular Momentum:  |L|err: 6.876199e-05  |L|err_cum: 0.007375503  L: -134.4201   -66.13593    -61.40903  |L|: 161.9068
C.M.: mass: 1900 pos: -0.01338087   -0.0186995    -0.01876856 vel: 0.07369879   0.007145183    0.01568573
Tree step number: 2048
**** Wallclock time per step (local): [Min/Max]
 Total       PP_single   PP_cluster  PP_cross    Tree_NB     Tree_Force  Force_corr  Kick        FindCluster CreateGroup MPI_comm    Output      Status      Other      
   0.0027784  2.8043e-05   9.118e-05           0  0.00052391   0.0019962  3.6502e-05  2.1649e-05  4.9848e-05  6.9459e-05  2.4779e-06  5.0097e-06  3.6885e-09  7.5999e-06
   0.0027785   2.808e-05  9.1225e-05           0  0.00051938   0.0019453  3.6558e-05  2.1684e-05  4.9891e-05  6.9485e-05  2.5103e-06  5.0099e-06   3.708e-09  7.7095e-06
**** FDPS tree soft force time profile (local):
 Sample_ptcl Domain_deco Ex_ptcl     SetRootCell Make_LT     Make_LET    Make_GT     Make_Group  Make_I_list Calc_force  Write_back 
           0           0           0  5.5218e-05  0.00037102  3.5972e-05  0.00028516  3.6533e-06  7.3829e-05  0.00085104   0.0001037
**** Tree neighbor time profile (local):
 Sample_ptcl Domain_deco Ex_ptcl     SetRootCell Make_LT     Make_LET    Make_GT     Make_Group  Make_I_list Calc_force  Write_back 
           0           0           0   5.317e-05  0.00017368  1.9915e-05  0.00012568  6.2974e-07  2.1419e-05  5.3955e-05  9.5634e-06
**** Number per step (global):
 PP_single   PP_cluster  PP_cross    Cluster     Cross       AR_step_sum
      973.52      26.479           0      11.688           0     0.36377
 AR_tsyn_sum Stab_Ngroup Iso_Ngroup  Form_Ngroup End_Ngroup  Modf_Ngroup Merg_Ngroup H4_step_sum H4_no_NB    Ep-Ep_sum   Ep-Sp_sum  
     0.11621           0           0    0.020996   0.0048828           0           0      138.09    0.032227  8.8004e+05       17768
**** Number of members in clusters (global):
N_members:            1           2           3           4           5           6           7
Count    :       973.52       9.459      1.5625     0.51074     0.11328    0.030273    0.011719

Time: 12.5  N_real(loc): 1000  N_real(glb): 1000  N_all(loc): 1000  N_all(glb): 1000  N_remove(glb): 0  N_escape(glb): 0
Energy:     Error/Total         Error     Error_cum         Total       Kinetic     Potential        Modify  Modify_group Modify_single      Error_PP  Error_PP_cum
Physic:   -2.129537e-06   0.007064197    0.03966115     -3317.246      3451.132     -6768.378   3.61541e-07             0             0 -5.122822e-06 -4.324272e-05
Slowdown: -2.129537e-06   0.007064197    0.03966114     -3317.246      3451.132     -6768.378  3.664535e-07             0             0 -5.124326e-06 -4.312193e-05
Angular Momentum:  |L|err: 0.0007751483  |L|err_cum: 0.008150652  L: -134.4204   -66.13548    -61.40998  |L|: 161.9072
C.M.: mass: 1900 pos: 0.001074388   -0.01035089    0.01232958 vel: 0.02845491   0.0369653    0.06147824
Tree step number: 2048
**** Wallclock time per step (local): [Min/Max]
 Total       PP_single   PP_cluster  PP_cross    Tree_NB     Tree_Force  Force_corr  Kick        FindCluster CreateGroup MPI_comm    Output      Status      Other      
   0.0028139  3.4135e-05  0.00010907           0  0.00054476   0.0019265  5.1922e-05  4.2833e-05  5.1749e-05  9.9042e-05  3.4163e-06  4.9509e-06  4.1387e-09  9.7323e-06
   0.0028139  3.4172e-05  0.00010911           0  0.00054056   0.0018644   5.198e-05   4.287e-05  5.1794e-05  9.9072e-05  3.4488e-06  4.9514e-06  4.1533e-09  9.8543e-06
**** FDPS tree soft force time profile (local):
 Sample_ptcl Domain_deco Ex_ptcl     SetRootCell Make_LT     Make_LET    Make_GT     Make_Group  Make_I_list Calc_force  Write_back 
           0           0           0  7.0057e-05  0.00039485  3.4158e-05  0.00028159  3.5113e-06  8.8602e-05  0.00076972  0.00012607
**** Tree neighbor time profile (local):
 Sample_ptcl Domain_deco Ex_ptcl     SetRootCell Make_LT     Make_LET    Make_GT     Make_Group  Make_I_list Calc_force  Write_back 
           0           0           0  4.6009e-05   0.0001952  2.3691e-05  0.00013679  7.6299e-07  2.1008e-05  4.1059e-05  8.9371e-06
**** Number per step (global):
 PP_single   PP_cluster  PP_cross    Cluster     Cross       AR_step_sum
      972.48      27.516           0      12.408           0      0.8457
 AR_tsyn_sum Stab_Ngroup Iso_Ngroup  Form_Ngroup End_Ngroup  Modf_Ngroup Merg_Ngroup H4_step_sum H4_no_NB    Ep-Ep_sum   Ep-Sp_sum  
      0.2876           0           0    0.033203   0.0097656           0           0      147.23    0.038574  8.6359e+05       22122
**** Number of members in clusters (global):
N_members:            1           2           3           4           5           6           7
Count    :       972.48      10.471      1.3745     0.39404     0.13965    0.022461   0.0058594

Time: 13  N_real(loc): 1000  N_real(glb): 1000  N_all(loc): 1000  N_all(glb): 1000  N_remove(glb): 0  N_escape(glb): 0
Energy:     Error/Total         Error     Error_cum         Total       Kinetic     Potential        Modify  Modify_group Modify_single      Error_PP  Error_PP_cum
Physic:    5.930792e-07  -0.001967391    0.03769376     -3317.247      3315.427     -6632.674  3.160756e-07             0             0 -8.097413e-06 -5.134013e-05
Slowdown:  5.930789e-07  -0.001967389    0.03769375     -3317.247      3315.427     -6632.674  3.198242e-07             0             0 -8.094439e-06 -5.121637e-05
Angular Momentum:  |L|err: -8.91667e-05  |L|err_cum: 0.008061485  L: -134.4194   -66.13571    -61.40929  |L|: 161.9062
C.M.: mass: 1900 pos: 0.006006995   -0.01628363    0.0396845 vel: -0.01167186   0.01071822    0.06253071
Tree step number: 2048
**** Wallclock time per step (local): [Min/Max]
 Total       PP_single   PP_cluster  PP_cross    Tree_NB     Tree_Force  Force_corr  Kick        FindCluster CreateGroup MPI_comm    Output      Status      Other      
   0.0035438  4.0211e-05  0.00013306           0  0.00065355   0.0025121  6.8057e-05  3.3056e-05  6.1264e-05  0.00011022  4.1766e-06  4.1453e-06  7.6953e-09  1.1476e-05
   0.0035438  4.0249e-05  0.00013312           0  0.00064528   0.0024302  6.8129e-05  3.3093e-05  6.1315e-05  0.00011027  4.2096e-06  4.1455e-06  7.8032e-09  1.1593e-05
**** FDPS tree soft force time profile (local):
 Sample_ptcl Domain_deco Ex_ptcl     SetRootCell Make_LT     Make_LET    Make_GT     Make_Group  Make_I_list Calc_force  Write_back 
           0           0           0  8.3354e-05  0.00059267  5.2263e-05  0.00042906  4.0193e-06  9.3314e-05  0.00086366  0.00016584
**** Tree neighbor time profile (local):
 Sample_ptcl Domain_deco Ex_ptcl     SetRootCell Make_LT     Make_LET    Make_GT     Make_Group  Make_I_list Calc_force  Write_back 
           0           0           0  7.0213e-05   0.0002254  2.8144e-05  0.00015854  8.0944e-07  2.4969e-05  5.5566e-05  1.7136e-05
**** Number per step (global):
 PP_single   PP_cluster  PP_cross    Cluster     Cross       AR_step_sum
       969.9      30.095           0      12.494           0      1.6938
 AR_tsyn_sum Stab_Ngroup Iso_Ngroup  Form_Ngroup End_Ngroup  Modf_Ngroup Merg_Ngroup H4_step_sum H4_no_NB    Ep-Ep_sum   Ep-Sp_sum  
     0.59766           0           0    0.045898   0.0097656           0           0      165.54    0.084473  8.6766e+05       21935
**** Number of members in clusters (global):
N_members:            1           2           3           4           5           6           7           8           9          10
Count    :        969.9      9.7749      1.5278     0.56299     0.32129     0.16504    0.049805     0.06543    0.022461   0.0039062

Time: 13.5  N_real(loc): 1000  N_real(glb): 1000  N_all(loc): 1000  N_all(glb): 1000  N_remove(glb): 0  N_escape(glb): 0
Energy:     Error/Total         Error     Error_cum         Total       Kinetic     Potential        Modify  Modify_group Modify_single      Error_PP  Error_PP_cum
Physic:   -1.545383e-06    0.00512641    0.04282017     -3317.242      3958.137     -7275.379  2.269821e-07             0             0 -6.263055e-06 -5.760318e-05
Slowdown: -1.545383e-06   0.005126409    0.04282016     -3317.242      3958.137     -7275.379  2.313502e-07             0             0  -6.25969e-06 -5.747606e-05
Angular Momentum:  |L|err: -0.0008885676  |L|err_cum: 0.007172917  L: -134.4199   -66.13567    -61.40841  |L|: 161.9062
C.M.: mass: 1900 pos: 0.02453621   0.007492465    0.03612173 vel: 0.02919902   -6.894565e-05    -0.008027774
Tree step number: 2048
**** Wallclock time per step (local): [Min/Max]
 Total       PP_single   PP_cluster  PP_cross    Tree_NB     Tree_Force  Force_corr  Kick        FindCluster CreateGroup MPI_comm    Output      Status      Other      
   0.0080265  0.00013232  0.00016699           0   0.0016469   0.0054253  0.00019322  0.00021214  0.00015829   0.0002374  3.5604e-05  5.9297e-06  8.6299e-09  4.6631e-05
   0.0080265  0.00013236  0.00016707           0   0.0016255   0.0052092  0.00019329  0.00021219  0.00015837  0.00023743  3.5664e-05    5.93e-06  8.6494e-09  4.6773e-05
**** FDPS tree soft force time profile (local):
 Sample_ptcl Domain_deco Ex_ptcl     SetRootCell Make_LT     Make_LET    Make_GT     Make_Group  Make_I_list Calc_force  Write_back 
           0           0           0  0.00015998   0.0017632  0.00019446   0.0012483  7.5735e-06  0.00017125   0.0011817  0.00043467
**** Tree neighbor time profile (local):
 Sample_ptcl Domain_deco Ex_ptcl     SetRootCell Make_LT     Make_LET    Make_GT     Make_Group  Make_I_list Calc_force  Write_back 
           0           0           0  0.00015328   0.0008485  4.1354e-05  0.00043101   8.719e-07  3.7385e-05  8.4173e-05   4.336e-05
**** Number per step (global):
 PP_single   PP_cluster  PP_cross    Cluster     Cross       AR_step_sum
      969.66      30.335           0      12.246           0       1.875
 AR_tsyn_sum Stab_Ngroup Iso_Ngroup  Form_Ngroup End_Ngroup  Modf_Ngroup Merg_Ngroup H4_step_sum H4_no_NB    Ep-Ep_sum   Ep-Sp_sum  
     0.64062           0           0     0.06543    0.012695           0           0      165.91     0.11084  8.7821e+05       19069
**** Number of members in clusters (global):
N_members:            1           2           3           4           5           6           7           8           9          10          11          12
Count    :       969.66      9.5029      1.4927     0.71094      0.1748     0.14062    0.043945    0.024414    0.025391    0.026367    0.018555    0.047852
N_members:           13          14          15
Count    :     0.017578   0.0048828    0.014648

Time: 14  N_real(loc): 1000  N_real(glb): 1000  N_all(loc): 1000  N_all(glb): 1000  N_remove(glb): 0  N_escape(glb): 0
Energy:     Error/Total         Error     Error_cum         Total       Kinetic     Potential        Modify  Modify_group Modify_single      Error_PP  Error_PP_cum
Physic:   -4.754923e-07   0.001577323    0.04439749     -3317.241      3351.894     -6669.135  1.264179e-06             0             0 -2.712108e-06 -6.031529e-05
Slowdown: -4.754923e-07   0.001577322    0.04439749     -3317.241      3351.894     -6669.135  1.268684e-06             0             0 -2.710411e-06 -6.018647e-05
Angular Momentum:  |L|err: 0.0001799402  |L|err_cum: 0.007352857  L: -134.4206   -66.13557    -61.40915  |L|: 161.9071
C.M.: mass: 1900 pos: 0.01248155   0.02358635    0.04017904 vel: -0.0329016   0.01952871    0.01279878
Tree step number: 2048
**** Wallclock time per step (local): [Min/Max]
 Total       PP_single   PP_cluster  PP_cross    Tree_NB     Tree_Force  Force_corr  Kick        FindCluster CreateGroup MPI_comm    Output      Status      Other      
   0.0026458  2.4496e-05  0.00011123           0  0.00045332   0.0019291  5.2994e-05  2.5543e-05  6.1281e-05  4.5687e-05  2.6715e-06  3.1976e-06  4.2075e-09  7.5356e-06
   0.0026459  2.4546e-05  0.00011135           0  0.00044706   0.0018608  5.3054e-05  2.5579e-05  6.1328e-05   4.571e-05  2.7042e-06  3.1978e-06  4.2271e-09   7.645e-06
**** FDPS tree soft force time profile (local):
 Sample_ptcl Domain_deco Ex_ptcl     SetRootCell Make_LT     Make_LET    Make_GT     Make_Group  Make_I_list Calc_force  Write_back 
           0           0           0  4.8418e-05  0.00035216  3.8005e-05   0.0002775  2.9647e-06  6.5453e-05  0.00089849  0.00013843
**** Tree neighbor time profile (local):
 Sample_ptcl Domain_deco Ex_ptcl     SetRootCell Make_LT     Make_LET    Make_GT     Make_Group  Make_I_list Calc_force  Write_back 
           0           0           0   2.707e-05  0.00015252  2.2471e-05   0.0001302  5.7944e-07     1.5e-05  6.6975e-05  1.3036e-05
**** Number per step (global):
 PP_single   PP_cluster  PP_cross    Cluster     Cross       AR_step_sum
       968.1      31.904           0      12.502           0     0.89258
 AR_tsyn_sum Stab_Ngroup Iso_Ngroup  Form_Ngroup End_Ngroup  Modf_Ngroup Merg_Ngroup H4_step_sum H4_no_NB    Ep-Ep_sum   Ep-Sp_sum  
     0.31738           0           0    0.028809   0.0078125           0           0      176.88    0.093262  9.1603e+05       12155
**** Number of members in clusters (global):
N_members:            1           2           3           4           5           6           7           8           9          10          11          12
Count    :        968.1      9.5044      1.5449     0.66895     0.29639     0.14941     0.11377    0.032227    0.050781    0.036133    0.030273    0.025391
N_members:           13          14          15
Count    :     0.021484   0.0078125    0.020508

Time: 14.5  N_real(loc): 1000  N_real(glb): 1000  N_all(loc): 1000  N_all(glb): 1000  N_remove(glb): 0  N_escape(glb): 0
Energy:     Error/Total         Error     Error_cum         Total       Kinetic     Potential        Modify  Modify_group Modify_single      Error_PP  Error_PP_cum
Physic:   -4.061195e-06    0.01347191     0.0578694     -3317.227      3996.993      -7314.22  1.215202e-06             0             0  -9.47557e-06 -6.979086e-05
Slowdown: -4.061195e-06    0.01347191    0.05786939     -3317.227      3996.993      -7314.22  1.219707e-06             0             0 -9.461685e-06 -6.964816e-05
Angular Momentum:  |L|err: 5.192692e-05  |L|err_cum: 0.007404784  L: -134.4203   -66.1358    -61.40913  |L|: 161.9069
C.M.: mass: 1900 pos: 0.004991287   0.0512626    0.05171939 vel: -0.04806559   0.04224998    -0.06448358
Tree step number: 2048
**** Wallclock time per step (local): [Min/Max]
 Total       PP_single   PP_cluster  PP_cross    Tree_NB     Tree_Force  Force_corr  Kick        FindCluster CreateGroup MPI_comm    Output      Status      Other      
   0.0019661  2.1608e-05  0.00010841           0  0.00032879   0.0014154  4.0272e-05  2.0574e-05  5.3465e-05  2.4088e-05  1.6244e-06  3.9986e-06  3.4341e-09  5.7338e-06
   0.0019662  2.1644e-05  0.00010846           0  0.00032155   0.0013629  4.0328e-05   2.061e-05   5.351e-05   2.411e-05  1.6568e-06  3.9991e-06  3.4487e-09  5.8282e-06
**** FDPS tree soft force time profile (local):
 Sample_ptcl Domain_deco Ex_ptcl     SetRootCell Make_LT     Make_LET    Make_GT     Make_Group  Make_I_list Calc_force  Write_back 
           0           0           0  2.4624e-05  0.00027668  2.8811e-05  0.00020366   2.764e-06  4.6832e-05  0.00067463  0.00010654
**** Tree neighbor time profile (local):
 Sample_ptcl Domain_deco Ex_ptcl     SetRootCell Make_LT     Make_LET    Make_GT     Make_Group  Make_I_list Calc_force  Write_back 
           0           0           0  6.7861e-06  0.00011011  1.6263e-05  7.9385e-05  4.6997e-07  1.7344e-05  7.1591e-05   1.486e-05
**** Number per step (global):
 PP_single   PP_cluster  PP_cross    Cluster     Cross       AR_step_sum
      971.93      28.074           0      10.382           0       4.082
 AR_tsyn_sum Stab_Ngroup Iso_Ngroup  Form_Ngroup End_Ngroup  Modf_Ngroup Merg_Ngroup H4_step_sum H4_no_NB    Ep-Ep_sum   Ep-Sp_sum  
      1.4229           0           0    0.083496     0.01709           0           0      163.08     0.14697  9.5468e+05      4623.4
**** Number of members in clusters (global):
N_members:            1           2           3           4           5           6           7           8           9          10          11          12
Count    :       971.93      7.7725      1.2661     0.42334     0.27881     0.24023     0.13281    0.032227    0.040039    0.019531    0.039062    0.040527
N_members:           13          14          15          16          17          18          19          20
Count    :    0.0087891    0.027344   0.0039062    0.020508    0.010742    0.011719   0.0078125   0.0058594

Time: 15  N_real(loc): 1000  N_real(glb): 1000  N_all(loc): 1000  N_all(glb): 1000  N_remove(glb): 0  N_escape(glb): 0
Energy:     Error/Total         Error     Error_cum         Total       Kinetic     Potential        Modify  Modify_group Modify_single      Error_PP  Error_PP_cum
Physic:   -4.463318e-07   0.001480583    0.05934998     -3317.226      3382.042     -6699.267  9.900324e-07             0             0 -4.585692e-05 -0.0001156478
Slowdown: -4.463318e-07   0.001480583    0.05934998     -3317.226      3382.042     -6699.267  9.945352e-07             0             0 -4.641573e-05 -0.0001160639
Angular Momentum:  |L|err: 4.477014e-05  |L|err_cum: 0.007449555  L: -134.4207   -66.13558    -61.40931  |L|: 161.9072
C.M.: mass: 1900 pos: 0.01150821   0.07322467    0.04340114 vel: -0.008544423   -0.0009213764    -0.03659398
Tree step number: 2048
**** Wallclock time per step (local): [Min/Max]
 Total       PP_single   PP_cluster  PP_cross    Tree_NB     Tree_Force  Force_corr  Kick        FindCluster CreateGroup MPI_comm    Output      Status      Other      
   0.0057625  7.7631e-05  0.00018478           0   0.0010095   0.0040808  0.00015472  8.0212e-05  0.00021386  9.0205e-05  1.5072e-05  3.9279e-06  3.0625e-09  2.3526e-05
   0.0057625  7.7671e-05  0.00018484           0  0.00098457   0.0039313  0.00015478  8.0253e-05  0.00021392  9.0229e-05  1.5105e-05  3.9282e-06   3.082e-09  2.3628e-05
**** FDPS tree soft force time profile (local):
 Sample_ptcl Domain_deco Ex_ptcl     SetRootCell Make_LT     Make_LET    Make_GT     Make_Group  Make_I_list Calc_force  Write_back 
           0           0           0  8.9523e-05  0.00092369  9.2596e-05   0.0015219  1.8331e-05  0.00010017  0.00097138  0.00030103
**** Tree neighbor time profile (local):
 Sample_ptcl Domain_deco Ex_ptcl     SetRootCell Make_LT     Make_LET    Make_GT     Make_Group  Make_I_list Calc_force  Write_back 
           0           0           0   4.384e-05  0.00043942  7.0056e-05  0.00029655  5.6464e-07  2.4077e-05  9.2793e-05   5.026e-05
**** Number per step (global):
 PP_single   PP_cluster  PP_cross    Cluster     Cross       AR_step_sum
      969.58      30.415           0       12.07           0      11.547
 AR_tsyn_sum Stab_Ngroup Iso_Ngroup  Form_Ngroup End_Ngroup  Modf_Ngroup Merg_Ngroup H4_step_sum H4_no_NB    Ep-Ep_sum   Ep-Sp_sum  
      3.8809           0           0     0.39844    0.077148           0           0      177.58     0.40918  9.4819e+05      5583.3
**** Number of members in clusters (global):
N_members:            1           2           3           4           5           6           7           8           9          10          11          12
Count    :       969.58      9.1826       1.668      0.5874     0.19189     0.14258    0.062012    0.058594    0.022461    0.025391    0.061523     0.04541
N_members:           13          14          15
Count    :     0.014648   0.0068359  0.00097656
Hard energy significant ! dE_SD: 0.000179063 dE_SD/Etot_SD: 0.00013135
Thread: 3 Dump file: data.hard_large_energy_h4_n7_g1_t15.099854_M0_O3_c0_s1790682253

Time: 15.5  N_real(loc): 1000  N_real(glb): 1000  N_all(loc): 1012  N_all(glb): 1012  N_remove(glb): 0  N_escape(glb): 0
Energy:     Error/Total         Error     Error_cum         Total       Kinetic     Potential        Modify  Modify_group Modify_single      Error_PP  Error_PP_cum
Physic:    -0.007033667      23.09594      23.15529     -3283.627      3527.472     -6811.099      10.50272             0             0    0.03634603    0.03623038
Slowdown:  -0.007219293      23.03908      23.09843     -3191.321      3451.422     -6642.743      102.8657             0             0   0.004226544    0.00411048
Angular Momentum:  |L|err: 9.529073  |L|err_cum: 9.536523  L: -137.8837   -57.76124    -64.36974  |L|: 162.7628
C.M.: mass: 1900 pos: 0.00246307   0.05659349    0.07506638 vel: -0.04414351   -0.05535776    0.07977848
Tree step number: 2048
**** Wallclock time per step (local): [Min/Max]
 Total       PP_single   PP_cluster  PP_cross    Tree_NB     Tree_Force  Force_corr  Kick        FindCluster CreateGroup MPI_comm    Output      Status      Other      
   0.0027754  3.0868e-05   0.0001764           0  0.00047258   0.0018853   7.164e-05  5.0319e-05  9.1258e-05  4.1814e-05  4.8019e-06  8.2665e-06  6.3496e-09  1.6588e-05
   0.0027754  3.0917e-05  0.00017646           0  0.00046158   0.0018195  7.1716e-05  5.0376e-05  9.1311e-05  4.1836e-05  4.8346e-06  8.2668e-06  6.3691e-09  1.6796e-05
**** FDPS tree soft force time profile (local):
 Sample_ptcl Domain_deco Ex_ptcl     SetRootCell Make_LT     Make_LET    Make_GT     Make_Group  Make_I_list Calc_force  Write_back 
           0           0           0  3.7066e-05  0.00039137   6.219e-05   0.0003316  5.0274e-06  8.4625e-05  0.00076014  0.00013441
**** Tree neighbor time profile (local):
 Sample_ptcl Domain_deco Ex_ptcl     SetRootCell Make_LT     Make_LET    Make_GT     Make_Group  Make_I_list Calc_force  Write_back 
           0           0           0  2.4011e-05  0.00017617  2.4721e-05  0.00011771  6.0111e-07  2.1642e-05  7.7633e-05  2.2468e-05
**** Number per step (global):
 PP_single   PP_cluster  PP_cross    Cluster     Cross       AR_step_sum
       970.2        29.8           0      12.231           0      38.201
 AR_tsyn_sum Stab_Ngroup Iso_Ngroup  Form_Ngroup End_Ngroup  Modf_Ngroup Merg_Ngroup H4_step_sum H4_no_NB    Ep-Ep_sum   Ep-Sp_sum  
      10.567     0.81006           0     0.19629    0.037598           0           0      161.26     0.23291  9.3342e+05       11391
**** Number of members in clusters (global):
N_members:            1           2           3           4           5           6           7           8           9          10          11          12
Count    :        970.2      9.8481        1.21     0.48633     0.26611      0.1748    0.054688    0.083984    0.037109    0.022461    0.041992   0.0019531
N_members:           13
Count    :    0.0039062
Hard energy significant ! dE_SD: -0.0431762 dE_SD/Etot_SD: 0.000139405
Thread: 2 Dump file: data.hard_large_energy_h4_n5_g1_t15.964111_M0_O2_c1_s1790682263
Hard energy significant ! dE_SD: -0.0360268 dE_SD/Etot_SD: 0.00011643
Thread: 1 Dump file: data.hard_large_energy_h4_n5_g1_t15.964600_M0_O1_c2_s1790682263
Hard energy significant ! dE_SD: -0.0603699 dE_SD/Etot_SD: 0.000107147
Thread: 3 Dump file: data.hard_large_energy_h4_n12_g1_t15.982666_M0_O3_c3_s1790682263
Hard energy significant ! dE_SD: -0.1038 dE_SD/Etot_SD: 0.000184672
Thread: 2 Dump file: data.hard_large_energy_h4_n12_g1_t15.983154_M0_O2_c4_s1790682263

Time: 16  N_real(loc): 1000  N_real(glb): 1000  N_all(loc): 1012  N_all(glb): 1012  N_remove(glb): 0  N_escape(glb): 0
Energy:     Error/Total         Error     Error_cum         Total       Kinetic     Potential        Modify  Modify_group Modify_single      Error_PP  Error_PP_cum
Physic:     0.002936459     -9.545478      13.60981     -3250.676      3655.024     -6905.701      52.99899             0             0     0.3334935     0.3697239
Slowdown:   0.002959065     -9.618964      13.47947     -3250.676      3655.024     -6905.701      145.4355             0             0      0.276293     0.2804035
Angular Momentum:  |L|err: -2.569229  |L|err_cum: 6.967294  L: -131.2538   -69.79827    -56.39361  |L|: 158.9956
C.M.: mass: 1900 pos: -0.03467674   0.05938643    0.1133496 vel: -0.111283   0.04875971    0.05560285
Tree step number: 2048
**** Wallclock time per step (local): [Min/Max]
 Total       PP_single   PP_cluster  PP_cross    Tree_NB     Tree_Force  Force_corr  Kick        FindCluster CreateGroup MPI_comm    Output      Status      Other      
   0.0029154  3.1744e-05  0.00035007           0    0.000505    0.001793  4.2875e-05  2.1046e-05  0.00012346  7.4898e-05  5.3233e-06  4.3519e-06  3.8403e-09  1.9511e-05
   0.0029155  3.1781e-05  0.00035014           0  0.00049805   0.0017417  4.2933e-05  2.1082e-05  0.00012353  7.4925e-05  5.3569e-06  4.3521e-06   3.855e-09   1.962e-05
**** FDPS tree soft force time profile (local):
 Sample_ptcl Domain_deco Ex_ptcl     SetRootCell Make_LT     Make_LET    Make_GT     Make_Group  Make_I_list Calc_force  Write_back 
           0           0           0  5.2839e-05  0.00038734  4.2932e-05  0.00030377  3.3965e-06  9.5294e-05  0.00066918  0.00010472
**** Tree neighbor time profile (local):
 Sample_ptcl Domain_deco Ex_ptcl     SetRootCell Make_LT     Make_LET    Make_GT     Make_Group  Make_I_list Calc_force  Write_back 
           0           0           0  4.2516e-05  0.00018235  2.4603e-05  0.00013515  6.8036e-07  1.7757e-05  4.4568e-05  1.4422e-05
**** Number per step (global):
 PP_single   PP_cluster  PP_cross    Cluster     Cross       AR_step_sum
      973.79      26.213           0      10.179           0      96.985
 AR_tsyn_sum Stab_Ngroup Iso_Ngroup  Form_Ngroup End_Ngroup  Modf_Ngroup Merg_Ngroup H4_step_sum H4_no_NB    Ep-Ep_sum   Ep-Sp_sum  
      31.015           1           0     0.14844    0.030273   0.0039062           0      156.76     0.10986  8.9597e+05       18672
**** Number of members in clusters (global):
N_members:            1           2           3           4           5           6           7           8           9          10          11          12
Count    :       973.79      8.1494     0.93604     0.24023     0.17188     0.20508     0.12305     0.14551     0.10938    0.056641    0.027832   0.0048828
N_members:           13
Count    :    0.0087891
Hard energy significant ! dE_SD: 0.0630169 dE_SD/Etot_SD: -0.00015921
Thread: 1 Dump file: data.hard_large_energy_h4_n8_g1_t16.003662_M0_O1_c5_s1790682264
Hard energy significant ! dE_SD: 0.554178 dE_SD/Etot_SD: -0.00154002
Thread: 1 Dump file: data.hard_large_energy_h4_n6_g1_t16.034912_M0_O1_c6_s1790682264
Hard energy significant ! dE_SD: 0.110471 dE_SD/Etot_SD: -0.000339774
Thread: 0 Dump file: data.hard_large_energy_h4_n4_g1_t16.049072_M0_O0_c7_s1790682265
Hard energy significant ! dE_SD: 0.138221 dE_SD/Etot_SD: -0.000489147
Thread: 1 Dump file: data.hard_large_energy_h4_n5_g1_t16.063232_M0_O1_c8_s1790682265
Hard energy significant ! dE_SD: -0.0884044 dE_SD/Etot_SD: 0.000346871
Thread: 2 Dump file: data.hard_large_energy_h4_n4_g1_t16.148682_M0_O2_c9_s1790682267
Hard energy significant ! dE_SD: -0.143001 dE_SD/Etot_SD: 0.000483592
Thread: 1 Dump file: data.hard_large_energy_h4_n5_g1_t16.164307_M0_O1_c10_s1790682267
Hard energy significant ! dE_SD: -0.221738 dE_SD/Etot_SD: 0.00073875
Thread: 2 Dump file: data.hard_large_energy_h4_n5_g1_t16.246338_M0_O2_c11_s1790682268
Hard energy significant ! dE_SD: -0.293225 dE_SD/Etot_SD: 0.00104097
Thread: 0 Dump file: data.hard_large_energy_h4_n4_g1_t16.260986_M0_O0_c12_s1790682268
Hard energy significant ! dE_SD: 0.0382027 dE_SD/Etot_SD: -0.00014026
Thread: 0 Dump file: data.hard_large_energy_h4_n4_g1_t16.346436_M0_O0_c13_s1790682269
Hard energy significant ! dE_SD: 0.079777 dE_SD/Etot_SD: -0.000201421
Thread: 1 Dump file: data.hard_large_energy_h4_n8_g1_t16.359619_M0_O1_c14_s1790682269
Hard energy significant ! dE_SD: 0.0547227 dE_SD/Etot_SD: -0.000137732
Thread: 0 Dump file: data.hard_large_energy_h4_n8_g1_t16.360107_M0_O0_c15_s1790682269
Hard energy significant ! dE_SD: 0.0781751 dE_SD/Etot_SD: -0.000166324
Thread: 1 Dump file: data.hard_large_energy_h4_n10_g1_t16.372803_M0_O1_c16_s1790682269
Hard energy significant ! dE_SD: 0.0571208 dE_SD/Etot_SD: -0.000121542
Thread: 3 Dump file: data.hard_large_energy_h4_n10_g1_t16.373291_M0_O3_c17_s1790682269
Hard energy significant ! dE_SD: 0.0461215 dE_SD/Etot_SD: -0.000159563
Thread: 1 Dump file: data.hard_large_energy_h4_n3_g1_t16.446533_M0_O1_c18_s1790682270

Time: 16.5  N_real(loc): 1000  N_real(glb): 1000  N_all(loc): 1012  N_all(glb): 1012  N_remove(glb): 0  N_escape(glb): 0
Energy:     Error/Total         Error     Error_cum         Total       Kinetic     Potential        Modify  Modify_group Modify_single      Error_PP  Error_PP_cum
Physic:     0.005889094     -19.05608     -5.446268     -3235.826      3303.923     -6539.748      86.90587             0             0     0.6356553      1.005379
Slowdown:   0.005889094     -19.05608     -5.576612     -3235.826      3303.923     -6539.748      179.3424             0             0     0.6356553     0.9160588
Angular Momentum:  |L|err: 3.852476  |L|err_cum: 10.81977  L: -127.1323   -68.18915    -53.67745  |L|: 153.9274
C.M.: mass: 1900 pos: -0.08050604   0.07458786    0.1153951 vel: -0.02947935   0.02693756    0.04204122
Tree step number: 2048
**** Wallclock time per step (local): [Min/Max]
 Total       PP_single   PP_cluster  PP_cross    Tree_NB     Tree_Force  Force_corr  Kick        FindCluster CreateGroup MPI_comm    Output      Status      Other      
   0.0036454   2.755e-05  0.00049956           0  0.00069065   0.0020672  5.2981e-05  1.8836e-05  0.00016367  0.00013519  9.8982e-06  3.1006e-06  9.4907e-09  2.5229e-05
   0.0036454  2.7586e-05   0.0004997           0  0.00068509   0.0020215  5.3039e-05  1.8872e-05  0.00016375  0.00013522   9.967e-06   3.101e-06  9.5103e-09  2.5345e-05
**** FDPS tree soft force time profile (local):
 Sample_ptcl Domain_deco Ex_ptcl     SetRootCell Make_LT     Make_LET    Make_GT     Make_Group  Make_I_list Calc_force  Write_back 
           0           0           0  5.8706e-05   0.0004781  4.2238e-05  0.00036259  5.6192e-06  0.00010015  0.00068087  9.3272e-05
**** Tree neighbor time profile (local):
 Sample_ptcl Domain_deco Ex_ptcl     SetRootCell Make_LT     Make_LET    Make_GT     Make_Group  Make_I_list Calc_force  Write_back 
           0           0           0  7.4441e-05  0.00026469  3.4902e-05  0.00016834  8.2033e-07  3.0719e-05  3.5913e-05  1.2505e-05
**** Number per step (global):
 PP_single   PP_cluster  PP_cross    Cluster     Cross       AR_step_sum
       977.2      22.797           0      8.9536           0      129.47
 AR_tsyn_sum Stab_Ngroup Iso_Ngroup  Form_Ngroup End_Ngroup  Modf_Ngroup Merg_Ngroup H4_step_sum H4_no_NB    Ep-Ep_sum   Ep-Sp_sum  
      43.513           1           0     0.10498    0.027344    0.060059           0      155.46    0.089844  8.7474e+05       21914
**** Number of members in clusters (global):
N_members:            1           2           3           4           5           6           7           8           9          10          11          13
Count    :        977.2      6.7334     0.97217     0.52051     0.37256     0.19824    0.063965    0.057129    0.018555   0.0029297   0.0053711   0.0039062
N_members:           14
Count    :    0.0048828
Hard energy significant ! dE_SD: 0.396211 dE_SD/Etot_SD: -0.0015325
Thread: 2 Dump file: data.hard_large_energy_h4_n4_g1_t16.577393_M0_O2_c19_s1790682272
Hard energy significant ! dE_SD: -0.238549 dE_SD/Etot_SD: 0.000837468
Thread: 0 Dump file: data.hard_large_energy_h4_n5_g1_t16.751709_M0_O0_c20_s1790682274
Hard energy significant ! dE_SD: 0.177022 dE_SD/Etot_SD: -0.000289009
Thread: 1 Dump file: data.hard_large_energy_h4_n10_g1_t16.766846_M0_O1_c21_s1790682274
Hard energy significant ! dE_SD: -0.0645081 dE_SD/Etot_SD: 0.000140068
Thread: 1 Dump file: data.hard_large_energy_h4_n8_g1_t16.792725_M0_O1_c22_s1790682275
Hard energy significant ! dE_SD: -0.0489903 dE_SD/Etot_SD: 0.000103047
Thread: 2 Dump file: data.hard_large_energy_h4_n8_g1_t16.796631_M0_O2_c23_s1790682275
Hard energy significant ! dE_SD: -0.0875561 dE_SD/Etot_SD: 0.000127408
Thread: 0 Dump file: data.hard_large_energy_h4_n12_g1_t16.817627_M0_O0_c24_s1790682275

Time: 17  N_real(loc): 1000  N_real(glb): 1000  N_all(loc): 1012  N_all(glb): 1012  N_remove(glb): 0  N_escape(glb): 0
Energy:     Error/Total         Error     Error_cum         Total       Kinetic     Potential        Modify  Modify_group Modify_single      Error_PP  Error_PP_cum
Physic:    -0.004435018      14.30461      8.858342     -3225.378      2729.169     -5954.548      83.04839             0             0    -0.1041061     0.9012731
Slowdown:  -0.004698227      14.27885      8.702235     -3039.199      2688.258     -5727.457        361.69             0             0    -0.1298697     0.7861891
Angular Momentum:  |L|err: 0.8586236  |L|err_cum: 11.67839  L: -129.4047   -63.47411    -51.20091  |L|: 152.9577
C.M.: mass: 1900 pos: -0.08529886   0.05385634    0.1082133 vel: -0.02677876   -0.02595465    -0.03948304
Tree step number: 2048
**** Wallclock time per step (local): [Min/Max]
 Total       PP_single   PP_cluster  PP_cross    Tree_NB     Tree_Force  Force_corr  Kick        FindCluster CreateGroup MPI_comm    Output      Status      Other      
   0.0028494  2.3224e-05  0.00043837           0  0.00049596   0.0016317  4.2363e-05  2.4282e-05  0.00011087  8.9494e-05  4.4061e-06  4.4005e-06  3.2778e-09  2.3133e-05
   0.0028495  2.3261e-05  0.00043848           0  0.00048871   0.0015974  4.2419e-05  2.4317e-05  0.00011094  8.9522e-05  4.4421e-06  4.4007e-06  3.2974e-09  2.3238e-05
**** FDPS tree soft force time profile (local):
 Sample_ptcl Domain_deco Ex_ptcl     SetRootCell Make_LT     Make_LET    Make_GT     Make_Group  Make_I_list Calc_force  Write_back 
           0           0           0  3.9717e-05  0.00036483  3.4449e-05  0.00028324  3.0259e-06  9.5135e-05  0.00057788  7.0284e-05
**** Tree neighbor time profile (local):
 Sample_ptcl Domain_deco Ex_ptcl     SetRootCell Make_LT     Make_LET    Make_GT     Make_Group  Make_I_list Calc_force  Write_back 
           0           0           0  2.7744e-05  0.00017718  2.2293e-05  0.00013587  7.6417e-07  2.1892e-05  3.2852e-05  1.5033e-05
**** Number per step (global):
 PP_single   PP_cluster  PP_cross    Cluster     Cross       AR_step_sum
      976.59      23.413           0       8.686           0      115.64
 AR_tsyn_sum Stab_Ngroup Iso_Ngroup  Form_Ngroup End_Ngroup  Modf_Ngroup Merg_Ngroup H4_step_sum H4_no_NB    Ep-Ep_sum   Ep-Sp_sum  
      37.118     0.95605           0     0.12988    0.021973    0.080078           0      159.59    0.062012  8.7007e+05       23942
**** Number of members in clusters (global):
N_members:            1           2           3           4           5           6           7           8           9          10          11          12
Count    :       976.59      6.4556      1.0796     0.52393     0.20068    0.057617    0.020996    0.045898    0.071289    0.087891    0.039062    0.036133
N_members:           13          14          15
Count    :      0.02832     0.03418   0.0048828

Time: 17.5  N_real(loc): 1000  N_real(glb): 1000  N_all(loc): 1012  N_all(glb): 1012  N_remove(glb): 0  N_escape(glb): 0
Energy:     Error/Total         Error     Error_cum         Total       Kinetic     Potential        Modify  Modify_group Modify_single      Error_PP  Error_PP_cum
Physic:    -0.007718084       24.4299      33.28825     -3165.281      3509.476     -6674.757      118.7161             0             0    0.09917179      1.000445
Slowdown:  -0.008173307      24.34839      33.05063     -2979.014      3254.496     -6233.509      583.7065             0             0    0.05757556     0.8437647
Angular Momentum:  |L|err: 5.273366  |L|err_cum: 16.95176  L: -131.6554   -57.22204    -47.25442  |L|: 151.1307
C.M.: mass: 1900 pos: -0.08775179   0.02913277    0.08736832 vel: -0.01713957   -0.03876956    -0.04370756
Tree step number: 2048
**** Wallclock time per step (local): [Min/Max]
 Total       PP_single   PP_cluster  PP_cross    Tree_NB     Tree_Force  Force_corr  Kick        FindCluster CreateGroup MPI_comm    Output      Status      Other      
   0.0020808  2.2908e-05  0.00019014           0  0.00035935    0.001382  3.3606e-05  1.7719e-05  5.0534e-05  3.8353e-05  3.3024e-06   3.257e-06  3.7964e-09  1.1105e-05
   0.0020809  2.2945e-05   0.0001902           0  0.00035594   0.0013513  3.3661e-05  1.7754e-05  5.0583e-05  3.8374e-05   3.336e-06  3.2572e-06   3.811e-09  1.1224e-05
**** FDPS tree soft force time profile (local):
 Sample_ptcl Domain_deco Ex_ptcl     SetRootCell Make_LT     Make_LET    Make_GT     Make_Group  Make_I_list Calc_force  Write_back 
           0           0           0  2.6295e-05  0.00030562  3.2261e-05  0.00021042  3.0099e-06  7.2047e-05  0.00060236  6.2748e-05
**** Tree neighbor time profile (local):
 Sample_ptcl Domain_deco Ex_ptcl     SetRootCell Make_LT     Make_LET    Make_GT     Make_Group  Make_I_list Calc_force  Write_back 
           0           0           0  1.0838e-05  0.00013483  1.7262e-05  9.8981e-05  5.7864e-07  2.0183e-05  5.1571e-05  7.2725e-06
**** Number per step (global):
 PP_single   PP_cluster  PP_cross    Cluster     Cross       AR_step_sum
       977.5      22.501           0      8.9175           0      55.603
 AR_tsyn_sum Stab_Ngroup Iso_Ngroup  Form_Ngroup End_Ngroup  Modf_Ngroup Merg_Ngroup H4_step_sum H4_no_NB    Ep-Ep_sum   Ep-Sp_sum  
      16.354           1           0    0.036133   0.0063477           0           0      124.48    0.070801  8.9022e+05       22012
**** Number of members in clusters (global):
N_members:            1           2           3           4           5           6           7           8           9          10          11
Count    :        977.5      6.6245       1.084       0.604     0.32275     0.14355    0.032227    0.081055    0.019531   0.0048828  0.00097656

Time: 18  N_real(loc): 1000  N_real(glb): 1000  N_all(loc): 1012  N_all(glb): 1012  N_remove(glb): 0  N_escape(glb): 0
Energy:     Error/Total         Error     Error_cum         Total       Kinetic     Potential        Modify  Modify_group Modify_single      Error_PP  Error_PP_cum
Physic:    -0.003736582      11.78107      45.06931     -3152.899      3180.406     -6333.305      119.3171             0             0     0.2502244      1.250669
Slowdown:  -0.003855111      11.49607       44.5467     -2982.034      3146.523     -6128.557       755.457             0             0    0.06757386     0.9113386
Angular Momentum:  |L|err: 3.720651  |L|err_cum: 20.67241  L: -135.0804   -54.86806    -44.08589  |L|: 152.318
C.M.: mass: 1900 pos: -0.06627787   0.02155315    0.05452221 vel: -0.003973437   -0.03369474    -0.03835119
Tree step number: 2048
**** Wallclock time per step (local): [Min/Max]
 Total       PP_single   PP_cluster  PP_cross    Tree_NB     Tree_Force  Force_corr  Kick        FindCluster CreateGroup MPI_comm    Output      Status      Other      
    0.001855  2.8203e-05  0.00018638           0  0.00029801   0.0012267  2.8253e-05  2.2014e-05  5.9991e-05  2.6018e-05  3.9228e-06  4.5453e-06   3.395e-09  9.5348e-06
    0.001855  2.8238e-05  0.00018644           0  0.00029357   0.0011906  2.8307e-05  2.2049e-05   6.004e-05  2.6039e-05  4.0509e-06  4.5455e-06  3.4097e-09  9.6162e-06
**** FDPS tree soft force time profile (local):
 Sample_ptcl Domain_deco Ex_ptcl     SetRootCell Make_LT     Make_LET    Make_GT     Make_Group  Make_I_list Calc_force  Write_back 
           0           0           0   1.117e-05  0.00024633  2.5652e-05  0.00018865  2.6598e-06  6.3299e-05  0.00054609  7.3648e-05
**** Tree neighbor time profile (local):
 Sample_ptcl Domain_deco Ex_ptcl     SetRootCell Make_LT     Make_LET    Make_GT     Make_Group  Make_I_list Calc_force  Write_back 
           0           0           0  8.6739e-06  0.00010702   1.654e-05  7.3471e-05  5.0706e-07   1.435e-05  5.6185e-05  9.2769e-06
**** Number per step (global):
 PP_single   PP_cluster  PP_cross    Cluster     Cross       AR_step_sum
      975.45      24.549           0      9.8091           0      53.211
 AR_tsyn_sum Stab_Ngroup Iso_Ngroup  Form_Ngroup End_Ngroup  Modf_Ngroup Merg_Ngroup H4_step_sum H4_no_NB    Ep-Ep_sum   Ep-Sp_sum  
      15.331     0.96143           0      0.2041    0.041504    0.010742           0      137.29    0.087891  9.2749e+05       11599
**** Number of members in clusters (global):
N_members:            1           2           3           4           5           6           7           8           9          10          11          12
Count    :       975.45      7.4614      1.2056     0.66113     0.18896    0.049805    0.087891    0.041016    0.033203    0.040039   0.0087891    0.024414
N_members:           13
Count    :    0.0068359

Time: 18.5  N_real(loc): 1000  N_real(glb): 1000  N_all(loc): 1012  N_all(glb): 1012  N_remove(glb): 0  N_escape(glb): 0
Energy:     Error/Total         Error     Error_cum         Total       Kinetic     Potential        Modify  Modify_group Modify_single      Error_PP  Error_PP_cum
Physic:    -0.007030561      21.97838      67.04769      -3126.12      3305.005     -6431.125      124.1175             0             0    0.04787041       1.29854
Slowdown:  -0.007399364      21.86661      66.41331     -2955.202      3276.023     -6231.225      931.2874             0             0   -0.01315889     0.8981797
Angular Momentum:  |L|err: 0.03366596  |L|err_cum: 20.70608  L: -136.18   -53.92393    -44.7762  |L|: 153.1591
C.M.: mass: 1900 pos: -0.0560446   0.003951261    0.03403903 vel: 0.06764816   -0.04880755    -0.04537637
Tree step number: 2048
**** Wallclock time per step (local): [Min/Max]
 Total       PP_single   PP_cluster  PP_cross    Tree_NB     Tree_Force  Force_corr  Kick        FindCluster CreateGroup MPI_comm    Output      Status      Other      
   0.0018854   1.842e-05  0.00015948           0  0.00031714   0.0012587  3.3872e-05  1.6732e-05  6.4443e-05  3.1648e-05  5.8048e-06  3.9365e-06  3.9771e-09   1.014e-05
   0.0018854  1.8456e-05  0.00015953           0  0.00031225   0.0012264  3.3927e-05  1.6767e-05  6.4521e-05  3.1694e-05  5.8367e-06  3.9368e-06  3.9917e-09  1.0222e-05
**** FDPS tree soft force time profile (local):
 Sample_ptcl Domain_deco Ex_ptcl     SetRootCell Make_LT     Make_LET    Make_GT     Make_Group  Make_I_list Calc_force  Write_back 
           0           0           0  1.8598e-05  0.00024239  2.8051e-05  0.00018315  2.6175e-06  5.4445e-05   0.0005995  6.6038e-05
**** Tree neighbor time profile (local):
 Sample_ptcl Domain_deco Ex_ptcl     SetRootCell Make_LT     Make_LET    Make_GT     Make_Group  Make_I_list Calc_force  Write_back 
           0           0           0  1.1662e-05  0.00011354  1.6242e-05  7.7601e-05  4.4125e-07   1.262e-05  5.6448e-05   1.017e-05
**** Number per step (global):
 PP_single   PP_cluster  PP_cross    Cluster     Cross       AR_step_sum
      976.04      23.961           0      9.9951           0      48.893
 AR_tsyn_sum Stab_Ngroup Iso_Ngroup  Form_Ngroup End_Ngroup  Modf_Ngroup Merg_Ngroup H4_step_sum H4_no_NB    Ep-Ep_sum   Ep-Sp_sum  
      13.604           1           0     0.22754    0.040039           0           0      126.97      0.1377  9.4402e+05      8790.7
**** Number of members in clusters (global):
N_members:            1           2           3           4           5           6           7           8           9          10
Count    :       976.04      7.4702      1.6094     0.55225     0.24365    0.088379    0.023438  0.00097656   0.0048828   0.0019531

Time: 19  N_real(loc): 1000  N_real(glb): 1000  N_all(loc): 1012  N_all(glb): 1012  N_remove(glb): 0  N_escape(glb): 0
Energy:     Error/Total         Error     Error_cum         Total       Kinetic     Potential        Modify  Modify_group Modify_single      Error_PP  Error_PP_cum
Physic:    -0.001723335      5.342607       72.3903     -3100.156      3286.301     -6386.457      144.7393             0             0     0.1064713      1.405011
Slowdown:   -0.00176447      5.168541      71.58186     -2929.232      3181.231     -6110.463      1123.007             0             0  0.0001920632     0.8983717
Angular Momentum:  |L|err: -5.313196  |L|err_cum: 15.39288  L: -133.0668   -58.34654    -48.19793  |L|: 153.0821
C.M.: mass: 1900 pos: 0.005983487   -0.01232485    0.02506764 vel: 0.09105888   -0.007633282    0.02475281
Tree step number: 2048
**** Wallclock time per step (local): [Min/Max]
 Total       PP_single   PP_cluster  PP_cross    Tree_NB     Tree_Force  Force_corr  Kick        FindCluster CreateGroup MPI_comm    Output      Status      Other      
   0.0020922  1.7712e-05  0.00010955           0  0.00039852    0.001452   2.303e-05  1.1681e-05  4.7555e-05  5.6736e-05  1.4616e-06   3.999e-06  3.5713e-09  5.3005e-06
   0.0020922  1.7755e-05   0.0001096           0  0.00039444   0.0014182  2.3083e-05  1.1715e-05  4.7601e-05  5.6761e-05  1.4936e-06  3.9993e-06  3.5908e-09  5.4608e-06
**** FDPS tree soft force time profile (local):
 Sample_ptcl Domain_deco Ex_ptcl     SetRootCell Make_LT     Make_LET    Make_GT     Make_Group  Make_I_list Calc_force  Write_back 
           0           0           0  2.1457e-05  0.00026898  3.2891e-05  0.00022608  2.6898e-06  5.8577e-05   0.0006482  6.9116e-05
**** Tree neighbor time profile (local):
 Sample_ptcl Domain_deco Ex_ptcl     SetRootCell Make_LT     Make_LET    Make_GT     Make_Group  Make_I_list Calc_force  Write_back 
           0           0           0  2.2095e-05  0.00012029  1.9634e-05  0.00010842  5.9521e-07   1.513e-05  4.9348e-05  8.6218e-06
**** Number per step (global):
 PP_single   PP_cluster  PP_cross    Cluster     Cross       AR_step_sum
      976.52      23.478           0      9.8896           0      23.263
 AR_tsyn_sum Stab_Ngroup Iso_Ngroup  Form_Ngroup End_Ngroup  Modf_Ngroup Merg_Ngroup H4_step_sum H4_no_NB    Ep-Ep_sum   Ep-Sp_sum  
      3.6494           1           0     0.22803    0.042969           0           0      124.14     0.23975  9.1503e+05       16274
**** Number of members in clusters (global):
N_members:            1           2           3           4           5           6           7          11
Count    :       976.52      7.6494      1.2856     0.60303     0.24023    0.080566     0.02832   0.0024414

Time: 19.5  N_real(loc): 1000  N_real(glb): 1000  N_all(loc): 1012  N_all(glb): 1012  N_remove(glb): 0  N_escape(glb): 0
Energy:     Error/Total         Error     Error_cum         Total       Kinetic     Potential        Modify  Modify_group Modify_single      Error_PP  Error_PP_cum
Physic:     0.001047812     -3.243602      69.14669     -3095.595      3133.516     -6229.111      152.5438             0             0    0.03214979      1.437161
Slowdown:   0.001132778     -3.312956       68.2689      -2924.63      2983.751     -5908.381      1301.846             0             0    0.01215292     0.9105247
Angular Momentum:  |L|err: 5.733642  |L|err_cum: 21.12652  L: -128.7086   -63.00624    -41.30732  |L|: 149.1375
C.M.: mass: 1900 pos: 0.05108511   0.01413322    0.01944925 vel: 0.08868098   0.04235162    -0.02308435
Tree step number: 2048
**** Wallclock time per step (local): [Min/Max]
 Total       PP_single   PP_cluster  PP_cross    Tree_NB     Tree_Force  Force_corr  Kick        FindCluster CreateGroup MPI_comm    Output      Status      Other      
   0.0025661  1.9077e-05   0.0001258           0  0.00047083   0.0017871  2.8592e-05  1.0625e-05  5.3434e-05  9.0892e-05   2.225e-06   4.171e-06  3.4785e-09  4.9465e-06
   0.0025661  1.9112e-05  0.00012585           0  0.00046384   0.0017603  2.8645e-05  1.0658e-05   5.348e-05  9.0922e-05  2.2726e-06  4.1714e-06   3.498e-09  5.0563e-06
**** FDPS tree soft force time profile (local):
 Sample_ptcl Domain_deco Ex_ptcl     SetRootCell Make_LT     Make_LET    Make_GT     Make_Group  Make_I_list Calc_force  Write_back 
           0           0           0  3.5195e-05  0.00029286  3.3648e-05  0.00024967   3.052e-06  8.2835e-05  0.00085884  5.5308e-05
**** Tree neighbor time profile (local):
 Sample_ptcl Domain_deco Ex_ptcl     SetRootCell Make_LT     Make_LET    Make_GT     Make_Group  Make_I_list Calc_force  Write_back 
           0           0           0   3.061e-05  0.00013048  1.7987e-05  0.00011853  6.6511e-07   1.832e-05  6.3463e-05  1.4494e-05
**** Number per step (global):
 PP_single   PP_cluster  PP_cross    Cluster     Cross       AR_step_sum
      975.84      24.158           0      8.2866           0      32.434
 AR_tsyn_sum Stab_Ngroup Iso_Ngroup  Form_Ngroup End_Ngroup  Modf_Ngroup Merg_Ngroup H4_step_sum H4_no_NB    Ep-Ep_sum   Ep-Sp_sum  
      7.2759           1           0     0.17627    0.031738           0           0      131.19     0.18457  8.8819e+05       20851
**** Number of members in clusters (global):
N_members:            1           2           3           4           5           6           7           8           9          10          11          12
Count    :       975.84       6.311     0.75293      0.2334     0.12012    0.076172     0.12988     0.19727     0.19238     0.16162    0.021973    0.017578
N_members:           13          14          15
Count    :     0.037109    0.011719    0.023438

Time: 20  N_real(loc): 1000  N_real(glb): 1000  N_all(loc): 1012  N_all(glb): 1012  N_remove(glb): 0  N_escape(glb): 0
Energy:     Error/Total         Error     Error_cum         Total       Kinetic     Potential        Modify  Modify_group Modify_single      Error_PP  Error_PP_cum
Physic:    -0.003665966         11.36      80.50669     -3098.773      3657.397      -6756.17      138.0057             0             0    0.09463209      1.531793
Slowdown:  -0.003857085      11.24875      79.51764     -2916.385      3394.699     -6311.084      1469.807             0             0    0.03211708     0.9426417
Angular Momentum:  |L|err: 3.450857  |L|err_cum: 24.57738  L: -127.4278   -61.90488    -38.22634  |L|: 146.7355
C.M.: mass: 1900 pos: 0.1004691   0.04455052    0.01447757 vel: 0.08730802   0.06541585    -0.02807325
Tree step number: 2048
**** Wallclock time per step (local): [Min/Max]
 Total       PP_single   PP_cluster  PP_cross    Tree_NB     Tree_Force  Force_corr  Kick        FindCluster CreateGroup MPI_comm    Output      Status      Other      
   0.0027484  2.0022e-05  0.00022515           0   0.0004553   0.0018471  3.6652e-05  1.2633e-05  8.4174e-05  9.1957e-05  3.4905e-06  4.6265e-06  3.8647e-09  8.1844e-06
   0.0027484  2.0057e-05  0.00022521           0  0.00045165   0.0018076  3.6714e-05  1.2667e-05  8.4227e-05  9.1985e-05  3.5228e-06  4.6269e-06   3.894e-09  8.2994e-06
**** FDPS tree soft force time profile (local):
 Sample_ptcl Domain_deco Ex_ptcl     SetRootCell Make_LT     Make_LET    Make_GT     Make_Group  Make_I_list Calc_force  Write_back 
           0           0           0  4.4902e-05  0.00034927  3.2726e-05  0.00029988  3.6786e-06  8.9882e-05   0.0007427  8.0639e-05
**** Tree neighbor time profile (local):
 Sample_ptcl Domain_deco Ex_ptcl     SetRootCell Make_LT     Make_LET    Make_GT     Make_Group  Make_I_list Calc_force  Write_back 
           0           0           0  3.9348e-05    0.000145  1.7152e-05  0.00012318  7.3777e-07  2.2134e-05  2.5788e-05  7.8616e-06
**** Number per step (global):
 PP_single   PP_cluster  PP_cross    Cluster     Cross       AR_step_sum
      975.72      24.279           0      7.9878           0       68.94
 AR_tsyn_sum Stab_Ngroup Iso_Ngroup  Form_Ngroup End_Ngroup  Modf_Ngroup Merg_Ngroup H4_step_sum H4_no_NB    Ep-Ep_sum   Ep-Sp_sum  
       21.09     0.98926           0     0.21729    0.041992    0.003418           0      144.21     0.12939  8.7339e+05       24034
**** Number of members in clusters (global):
N_members:            1           2           3           4           5           6           7           8           9          10          11          12
Count    :       975.72      5.6704     0.72949     0.26025     0.28271     0.28369     0.25684    0.095703     0.20996     0.12549    0.018555    0.036133
N_members:           13          14
Count    :     0.012695   0.0058594

Time: 20.5  N_real(loc): 1000  N_real(glb): 1000  N_all(loc): 1012  N_all(glb): 1012  N_remove(glb): 0  N_escape(glb): 0
Energy:     Error/Total         Error     Error_cum         Total       Kinetic     Potential        Modify  Modify_group Modify_single      Error_PP  Error_PP_cum
Physic:    -0.002187828      6.779158      87.28585     -3098.579      3139.484     -6238.063      131.4206             0             0    0.04407463      1.575868
Slowdown:  -0.002287807      6.671349      86.18899     -2916.046      3121.576     -6037.621      1645.863             0             0   -0.02383952     0.9188022
Angular Momentum:  |L|err: -2.171477  |L|err_cum: 22.4059  L: -127.9649   -57.22868    -41.88627  |L|: 146.3031
C.M.: mass: 1900 pos: 0.1565711   0.06354441    0.002248244 vel: 0.1417408   0.001019394    -0.003528766
Tree step number: 2048
**** Wallclock time per step (local): [Min/Max]
 Total       PP_single   PP_cluster  PP_cross    Tree_NB     Tree_Force  Force_corr  Kick        FindCluster CreateGroup MPI_comm    Output      Status      Other      
   0.0031006  2.7654e-05  0.00032561           0  0.00051153   0.0020054  4.4263e-05  2.7859e-05  0.00011035  8.5269e-05  4.3345e-06  3.9597e-06  4.3491e-09  1.5748e-05
   0.0031006   2.769e-05  0.00032571           0  0.00050179   0.0019514  4.4321e-05  2.7894e-05   0.0001104  8.5296e-05  4.3672e-06    3.96e-06  4.3687e-09  1.5882e-05
**** FDPS tree soft force time profile (local):
 Sample_ptcl Domain_deco Ex_ptcl     SetRootCell Make_LT     Make_LET    Make_GT     Make_Group  Make_I_list Calc_force  Write_back 
           0           0           0  5.8478e-05    0.000345  3.9109e-05  0.00027426   3.187e-06  9.2088e-05  0.00089274  0.00010982
**** Tree neighbor time profile (local):
 Sample_ptcl Domain_deco Ex_ptcl     SetRootCell Make_LT     Make_LET    Make_GT     Make_Group  Make_I_list Calc_force  Write_back 
           0           0           0  3.5583e-05  0.00016571  2.3552e-05  0.00012793  6.7253e-07  1.7541e-05  5.6452e-05  2.0084e-05
**** Number per step (global):
 PP_single   PP_cluster  PP_cross    Cluster     Cross       AR_step_sum
      974.43      25.565           0      8.9136           0      108.34
 AR_tsyn_sum Stab_Ngroup Iso_Ngroup  Form_Ngroup End_Ngroup  Modf_Ngroup Merg_Ngroup H4_step_sum H4_no_NB    Ep-Ep_sum   Ep-Sp_sum  
      33.934           1           0     0.79541    0.037109           0           0      142.37     0.11377  8.9867e+05       19431
**** Number of members in clusters (global):
N_members:            1           2           3           4           5           6           7           8           9          10          11          12
Count    :       974.43      6.8882     0.70361      0.2168     0.17139     0.12354     0.12012     0.21924     0.26074     0.13379     0.03125    0.011719
N_members:           13          14
Count    :     0.015625    0.017578

Time: 21  N_real(loc): 1000  N_real(glb): 1000  N_all(loc): 1012  N_all(glb): 1012  N_remove(glb): 0  N_escape(glb): 0
Energy:     Error/Total         Error     Error_cum         Total       Kinetic     Potential        Modify  Modify_group Modify_single      Error_PP  Error_PP_cum
Physic:    0.0008148434     -2.513127      84.77272     -3084.185      3374.761     -6458.946      148.3279             0             0    0.05173738      1.627605
Slowdown:  0.0008982258     -2.606329      83.58266     -2901.641      2885.472     -5787.113      1845.407             0             0   0.008417806       0.92722
Angular Momentum:  |L|err: 1.471671  |L|err_cum: 23.87757  L: -129.1005   -54.85887    -41.04246  |L|: 146.1537
C.M.: mass: 1900 pos: 0.2224277   0.08750501    -0.01572929 vel: 0.1446938   0.07873859    -0.04677027
Tree step number: 2048
**** Wallclock time per step (local): [Min/Max]
 Total       PP_single   PP_cluster  PP_cross    Tree_NB     Tree_Force  Force_corr  Kick        FindCluster CreateGroup MPI_comm    Output      Status      Other      
   0.0036703  4.3452e-05  0.00023877           0  0.00060642   0.0025469  7.1744e-05  4.0526e-05  9.8629e-05  8.9189e-05  5.9397e-06  5.3935e-06  5.7529e-09  1.5818e-05
   0.0036704  4.3491e-05  0.00023884           0  0.00059899   0.0024592  7.1808e-05  4.0565e-05    9.87e-05  8.9217e-05   5.973e-06  5.3937e-06  5.7725e-09   1.594e-05
**** FDPS tree soft force time profile (local):
 Sample_ptcl Domain_deco Ex_ptcl     SetRootCell Make_LT     Make_LET    Make_GT     Make_Group  Make_I_list Calc_force  Write_back 
           0           0           0  7.4207e-05  0.00057945  5.7127e-05  0.00035786  3.3026e-06  8.8283e-05   0.0010377   0.0001777
**** Tree neighbor time profile (local):
 Sample_ptcl Domain_deco Ex_ptcl     SetRootCell Make_LT     Make_LET    Make_GT     Make_Group  Make_I_list Calc_force  Write_back 
           0           0           0  4.0744e-05   0.0002249   2.139e-05  0.00015676  2.6388e-06  2.2645e-05  6.3569e-05  1.5414e-05
**** Number per step (global):
 PP_single   PP_cluster  PP_cross    Cluster     Cross       AR_step_sum
      977.74      22.256           0      9.0039           0      83.694
 AR_tsyn_sum Stab_Ngroup Iso_Ngroup  Form_Ngroup End_Ngroup  Modf_Ngroup Merg_Ngroup H4_step_sum H4_no_NB    Ep-Ep_sum   Ep-Sp_sum  
       24.85           1           0     0.95898   0.0083008   0.0043945           0      115.02     0.29883  9.3192e+05       12576
**** Number of members in clusters (global):
N_members:            1           2           3           4           5           6           7           8           9          10          13          14
Count    :       977.74      7.0039     0.98047     0.44385     0.27832     0.10547     0.10645    0.032715    0.043945   0.0039062   0.0029297   0.0019531
Hard energy significant ! dE_SD: 0.112007 dE_SD/Etot_SD: -0.000409382
Thread: 1 Dump file: data.hard_large_energy_h4_n5_g1_t21.148193_M0_O1_c25_s1790682320

Time: 21.5  N_real(loc): 1000  N_real(glb): 1000  N_all(loc): 1012  N_all(glb): 1012  N_remove(glb): 0  N_escape(glb): 0
Energy:     Error/Total         Error     Error_cum         Total       Kinetic     Potential        Modify  Modify_group Modify_single      Error_PP  Error_PP_cum
Physic:    0.0009311553     -2.888264      81.88446     -3101.807      4526.144     -7627.951      133.5941             0             0     0.2206996      1.848305
Slowdown:   0.001015151     -2.963435      80.61923     -2919.207      3550.224     -6469.432      2013.347             0             0     0.1638687      1.091089
Angular Momentum:  |L|err: -12.25094  |L|err_cum: 11.62664  L: -126.2275   -65.99396    -53.15886  |L|: 152.0344
C.M.: mass: 1900 pos: 0.2954731   0.1026315    -0.02158115 vel: 0.1792766   0.03768117    -0.00181599
Tree step number: 2048
**** Wallclock time per step (local): [Min/Max]
 Total       PP_single   PP_cluster  PP_cross    Tree_NB     Tree_Force  Force_corr  Kick        FindCluster CreateGroup MPI_comm    Output      Status      Other      
   0.0026074  2.7057e-05  0.00020369           0  0.00046163   0.0017419  5.8602e-05  2.8747e-05  8.8328e-05  4.2421e-05   3.537e-06  4.8811e-06  3.3706e-09  1.2225e-05
   0.0026075  2.7094e-05  0.00020375           0  0.00045227   0.0016828  5.8679e-05  2.8785e-05  8.8383e-05  4.2445e-05    3.57e-06  4.8814e-06  3.3853e-09  1.2355e-05
**** FDPS tree soft force time profile (local):
 Sample_ptcl Domain_deco Ex_ptcl     SetRootCell Make_LT     Make_LET    Make_GT     Make_Group  Make_I_list Calc_force  Write_back 
           0           0           0  3.2696e-05   0.0003609  3.5845e-05  0.00026432  3.1261e-06  5.5846e-05  0.00077374  0.00011985
**** Tree neighbor time profile (local):
 Sample_ptcl Domain_deco Ex_ptcl     SetRootCell Make_LT     Make_LET    Make_GT     Make_Group  Make_I_list Calc_force  Write_back 
           0           0           0  1.6463e-05  0.00016615  2.1175e-05  0.00011635  4.6049e-07  1.4906e-05  8.9445e-05  1.9203e-05
**** Number per step (global):
 PP_single   PP_cluster  PP_cross    Cluster     Cross       AR_step_sum
      979.43      20.574           0      8.1846           0      85.259
 AR_tsyn_sum Stab_Ngroup Iso_Ngroup  Form_Ngroup End_Ngroup  Modf_Ngroup Merg_Ngroup H4_step_sum H4_no_NB    Ep-Ep_sum   Ep-Sp_sum  
      25.663           1           0       1.022   0.0063477  0.00048828           0      95.338     0.73682  9.7588e+05      4816.4
**** Number of members in clusters (global):
N_members:            1           2           3           4           5           6           7           8
Count    :       979.43      6.0596      0.9209     0.59912     0.43213     0.10352    0.041016     0.02832

Time: 22  N_real(loc): 1000  N_real(glb): 1000  N_all(loc): 1012  N_all(glb): 1012  N_remove(glb): 0  N_escape(glb): 0
Energy:     Error/Total         Error     Error_cum         Total       Kinetic     Potential        Modify  Modify_group Modify_single      Error_PP  Error_PP_cum
Physic:     0.001849051      -5.81653      76.06793     -3145.685        3450.9     -6596.584       95.5327             0             0     0.3766631      2.224968
Slowdown:   0.001900857     -5.979496      74.63973     -3145.685        3450.9     -6596.584      1975.449             0             0     0.2731158      1.364205
Angular Momentum:  |L|err: 25.93474  |L|err_cum: 37.56138  L: -113.6704   -93.88208    -46.89723  |L|: 154.7066
C.M.: mass: 1900 pos: 0.3587582   0.1049268    -0.01576443 vel: 0.1350886   0.007719322    0.02552071
Tree step number: 2048
**** Wallclock time per step (local): [Min/Max]
 Total       PP_single   PP_cluster  PP_cross    Tree_NB     Tree_Force  Force_corr  Kick        FindCluster CreateGroup MPI_comm    Output      Status      Other      
   0.0025397  2.0735e-05  0.00047624           0   0.0003617   0.0015266  4.0497e-05  2.2444e-05  8.5487e-05  3.9135e-05  4.3781e-06  4.3808e-06  4.1875e-09   1.091e-05
   0.0025397  2.0771e-05  0.00047633           0  0.00035726   0.0014757  4.0553e-05  2.2479e-05  8.5548e-05  3.9157e-05  4.4112e-06   4.381e-06   4.207e-09     1.1e-05
**** FDPS tree soft force time profile (local):
 Sample_ptcl Domain_deco Ex_ptcl     SetRootCell Make_LT     Make_LET    Make_GT     Make_Group  Make_I_list Calc_force  Write_back 
           0           0           0   1.412e-05  0.00029099  3.3461e-05  0.00022215  2.9232e-06  5.5565e-05  0.00069372  0.00010366
**** Tree neighbor time profile (local):
 Sample_ptcl Domain_deco Ex_ptcl     SetRootCell Make_LT     Make_LET    Make_GT     Make_Group  Make_I_list Calc_force  Write_back 
           0           0           0  2.0914e-05  0.00012946  2.0423e-05  8.6888e-05  5.1377e-07  1.3215e-05  6.3194e-05  9.3826e-06
**** Number per step (global):
 PP_single   PP_cluster  PP_cross    Cluster     Cross       AR_step_sum
      975.96      24.044           0      8.1348           0      169.22
 AR_tsyn_sum Stab_Ngroup Iso_Ngroup  Form_Ngroup End_Ngroup  Modf_Ngroup Merg_Ngroup H4_step_sum H4_no_NB    Ep-Ep_sum   Ep-Sp_sum  
      54.842           1           0     0.99707    0.003418           0           0      133.48     0.29199  9.5599e+05      8104.7
**** Number of members in clusters (global):
N_members:            1           2           3           4           5           6           7           8           9          10          11          12
Count    :       975.96       6.001     0.86572     0.29639     0.11621     0.10498    0.077148     0.12451     0.20801     0.18848    0.091797    0.041016
N_members:           13
Count    :     0.019531
Hard energy significant ! dE_SD: 0.193323 dE_SD/Etot_SD: -0.000518455
Thread: 2 Dump file: data.hard_large_energy_h4_n7_g1_t22.029541_M0_O2_c26_s1790682329
Hard energy significant ! dE_SD: 0.298089 dE_SD/Etot_SD: -0.00055191
Thread: 3 Dump file: data.hard_large_energy_h4_n7_g1_t22.072998_M0_O3_c27_s1790682330
Hard energy significant ! dE_SD: -0.148142 dE_SD/Etot_SD: 0.000230933
Thread: 1 Dump file: data.hard_large_energy_h4_n10_g1_t22.143799_M0_O1_c28_s1790682331
Hard energy significant ! dE_SD: 0.0897121 dE_SD/Etot_SD: -0.000166691
Thread: 0 Dump file: data.hard_large_energy_h4_n7_g1_t22.183838_M0_O0_c29_s1790682331
Hard energy significant ! dE_SD: -0.487115 dE_SD/Etot_SD: 0.000905194
Thread: 1 Dump file: data.hard_large_energy_h4_n7_g1_t22.185303_M0_O1_c30_s1790682331
Hard energy significant ! dE_SD: 0.0562603 dE_SD/Etot_SD: -0.000104711
Thread: 1 Dump file: data.hard_large_energy_h4_n7_g1_t22.186768_M0_O1_c31_s1790682331
Hard energy significant ! dE_SD: -0.0773181 dE_SD/Etot_SD: 0.000112308
Thread: 0 Dump file: data.hard_large_energy_h4_n9_g1_t22.234131_M0_O0_c32_s1790682332

Time: 22.5  N_real(loc): 1000  N_real(glb): 1000  N_all(loc): 1012  N_all(glb): 1012  N_remove(glb): 0  N_escape(glb): 0
Energy:     Error/Total         Error     Error_cum         Total       Kinetic     Potential        Modify  Modify_group Modify_single      Error_PP  Error_PP_cum
Physic:     0.002990382     -9.406799      66.66113     -3145.685       2785.42     -5931.105      104.9391             0             0     0.2647145      2.489682
Slowdown:   0.004058615      -9.43087      65.20886     -2323.667      2538.631     -4862.298      2806.897             0             0        0.2406      1.604805
Angular Momentum:  |L|err: -4.473884  |L|err_cum: 33.0875  L: -116.8092   -86.90462    -42.60813  |L|: 151.6979
C.M.: mass: 1900 pos: 0.4019031   0.1029285    -0.001324643 vel: 0.1220764   0.04233683    0.02682421
Tree step number: 2048
**** Wallclock time per step (local): [Min/Max]
 Total       PP_single   PP_cluster  PP_cross    Tree_NB     Tree_Force  Force_corr  Kick        FindCluster CreateGroup MPI_comm    Output      Status      Other      
   0.0031429  2.9157e-05  0.00043306           0  0.00054639   0.0018901  5.9575e-05  3.8741e-05  0.00011994  7.2087e-05  6.7826e-06  3.2827e-06  3.4297e-09  1.8467e-05
    0.003143  2.9194e-05  0.00043316           0  0.00053714   0.0018223  5.9635e-05  3.8778e-05     0.00012  7.2114e-05  6.8266e-06   3.283e-06  3.4443e-09  1.8588e-05
**** FDPS tree soft force time profile (local):
 Sample_ptcl Domain_deco Ex_ptcl     SetRootCell Make_LT     Make_LET    Make_GT     Make_Group  Make_I_list Calc_force  Write_back 
           0           0           0  3.7265e-05  0.00041074  4.0514e-05  0.00029499  4.0534e-06  6.2812e-05  0.00077664  0.00013728
**** Tree neighbor time profile (local):
 Sample_ptcl Domain_deco Ex_ptcl     SetRootCell Make_LT     Make_LET    Make_GT     Make_Group  Make_I_list Calc_force  Write_back 
           0           0           0  3.1074e-05  0.00021492  2.8664e-05  0.00012986  5.7302e-07  1.5422e-05  7.0185e-05  1.9128e-05
**** Number per step (global):
 PP_single   PP_cluster  PP_cross    Cluster     Cross       AR_step_sum
      980.64      19.365           0      7.2666           0      115.65
 AR_tsyn_sum Stab_Ngroup Iso_Ngroup  Form_Ngroup End_Ngroup  Modf_Ngroup Merg_Ngroup H4_step_sum H4_no_NB    Ep-Ep_sum   Ep-Sp_sum  
      35.592     0.99854           0     0.20312   0.0097656    0.041992           0      122.72      0.1626  9.4563e+05      9487.8
**** Number of members in clusters (global):
N_members:            1           2           3           4           5           6           7           8           9          10          11          12
Count    :       980.64      5.8672     0.60498     0.12646    0.050293    0.053711     0.15771     0.19189    0.099609    0.078613    0.027344   0.0048828
N_members:           14
Count    :    0.0039062

Time: 23  N_real(loc): 1000  N_real(glb): 1000  N_all(loc): 1012  N_all(glb): 1012  N_remove(glb): 0  N_escape(glb): 0
Energy:     Error/Total         Error     Error_cum         Total       Kinetic     Potential        Modify  Modify_group Modify_single      Error_PP  Error_PP_cum
Physic:    0.0001598155      -0.50281      66.15832     -3146.191      3264.526     -6410.717      104.9359             0             0   0.001897982       2.49158
Slowdown:  0.0002168847    -0.5040777      64.70479     -2324.174      2553.105     -4877.279      3628.912             0             0  9.832257e-05      1.604903
Angular Momentum:  |L|err: 0.2185693  |L|err_cum: 33.30606  L: -116.9226   -86.8733    -42.08871  |L|: 151.6223
C.M.: mass: 1900 pos: 0.4425079   0.1412288    0.01299206 vel: 0.08174744   0.1115367    0.01269977
Tree step number: 2048
**** Wallclock time per step (local): [Min/Max]
 Total       PP_single   PP_cluster  PP_cross    Tree_NB     Tree_Force  Force_corr  Kick        FindCluster CreateGroup MPI_comm    Output      Status      Other      
   0.0021419  2.4843e-05  7.8684e-05           0  0.00037504   0.0015545   5.091e-05  1.9418e-05  3.6544e-05   4.867e-05  2.2905e-06   5.514e-06  3.3511e-09  4.7884e-06
   0.0021419  2.4897e-05  7.8729e-05           0  0.00036852   0.0014993  5.0968e-05  1.9453e-05  3.6602e-05  4.8693e-05  2.3226e-06  5.5143e-06  3.3657e-09  4.8795e-06
**** FDPS tree soft force time profile (local):
 Sample_ptcl Domain_deco Ex_ptcl     SetRootCell Make_LT     Make_LET    Make_GT     Make_Group  Make_I_list Calc_force  Write_back 
           0           0           0  2.5123e-05  0.00030475  3.5609e-05  0.00021609  3.4932e-06  7.1251e-05   0.0007144  0.00011217
**** Tree neighbor time profile (local):
 Sample_ptcl Domain_deco Ex_ptcl     SetRootCell Make_LT     Make_LET    Make_GT     Make_Group  Make_I_list Calc_force  Write_back 
           0           0           0  1.8037e-05  0.00013059  2.7046e-05  9.3604e-05  5.6148e-07  1.6781e-05   5.605e-05  1.3572e-05
**** Number per step (global):
 PP_single   PP_cluster  PP_cross    Cluster     Cross       AR_step_sum
      988.44      11.561           0      5.4087           0      18.682
 AR_tsyn_sum Stab_Ngroup Iso_Ngroup  Form_Ngroup End_Ngroup  Modf_Ngroup Merg_Ngroup H4_step_sum H4_no_NB    Ep-Ep_sum   Ep-Sp_sum  
      2.0322           1           0   0.0058594  0.00097656           0           0      47.826   0.0078125  9.3294e+05       12621
**** Number of members in clusters (global):
N_members:            1           2           3           4           5
Count    :       988.44      4.7461     0.58691    0.070312   0.0053711

Time: 23.5  N_real(loc): 1000  N_real(glb): 1000  N_all(loc): 1012  N_all(glb): 1012  N_remove(glb): 0  N_escape(glb): 0
Energy:     Error/Total         Error     Error_cum         Total       Kinetic     Potential        Modify  Modify_group Modify_single      Error_PP  Error_PP_cum
Physic:   -0.0001724736     0.5425516      66.70087     -3145.708      3553.668     -6699.376      104.8763             0             0 -0.0009021318      2.490678
Slowdown: -0.0002339057     0.5435244      65.24831      -2323.69      2842.347     -5166.037       4450.87             0             0 -2.523932e-06        1.6049
Angular Momentum:  |L|err: 0.3014783  |L|err_cum: 33.60754  L: -116.8513   -87.61331    -42.44306  |L|: 152.0912
C.M.: mass: 1900 pos: 0.474622   0.2152911    0.01983371 vel: 0.08299125   0.1348738    0.05002586
Tree step number: 2048
**** Wallclock time per step (local): [Min/Max]
 Total       PP_single   PP_cluster  PP_cross    Tree_NB     Tree_Force  Force_corr  Kick        FindCluster CreateGroup MPI_comm    Output      Status      Other      
    0.002475  3.0524e-05  7.3236e-05           0   0.0004188   0.0018228  4.9157e-05  2.7206e-05  5.1163e-05  4.9628e-05    2.19e-06  3.9396e-06  4.4619e-09  8.2248e-06
   0.0024751  3.0561e-05   7.329e-05           0  0.00041112   0.0017657  4.9223e-05  2.7705e-05  5.1207e-05  4.9652e-05  2.2219e-06  3.9398e-06  4.4766e-09  8.3271e-06
**** FDPS tree soft force time profile (local):
 Sample_ptcl Domain_deco Ex_ptcl     SetRootCell Make_LT     Make_LET    Make_GT     Make_Group  Make_I_list Calc_force  Write_back 
           0           0           0  2.6301e-05  0.00036532  4.1714e-05  0.00026085  2.7722e-06   8.174e-05  0.00082452    0.000116
**** Tree neighbor time profile (local):
 Sample_ptcl Domain_deco Ex_ptcl     SetRootCell Make_LT     Make_LET    Make_GT     Make_Group  Make_I_list Calc_force  Write_back 
           0           0           0  1.2732e-05  0.00013013  1.9236e-05   0.0001157  5.6532e-07  1.6884e-05  7.3398e-05  1.5821e-05
**** Number per step (global):
 PP_single   PP_cluster  PP_cross    Cluster     Cross       AR_step_sum
      986.21      13.795           0      6.4517           0      15.798
 AR_tsyn_sum Stab_Ngroup Iso_Ngroup  Form_Ngroup End_Ngroup  Modf_Ngroup Merg_Ngroup H4_step_sum H4_no_NB    Ep-Ep_sum   Ep-Sp_sum  
        0.75           1           0    0.021973   0.0048828           0           0      61.135    0.021484  9.0318e+05       16463
**** Number of members in clusters (global):
N_members:            1           2           3           4           5
Count    :       986.21      5.7759     0.50195     0.13184    0.041992

Time: 24  N_real(loc): 1000  N_real(glb): 1000  N_all(loc): 1012  N_all(glb): 1012  N_remove(glb): 0  N_escape(glb): 0
Energy:     Error/Total         Error     Error_cum         Total       Kinetic     Potential        Modify  Modify_group Modify_single      Error_PP  Error_PP_cum
Physic:   -0.0001490173     0.4686901      67.16956     -3145.206      3580.664     -6725.869      104.9097             0             0 -1.223191e-06      2.490677
Slowdown: -0.0002017471     0.4686964      65.71701     -2323.188      2869.599     -5192.787      5272.921             0             0 -1.228199e-06      1.604899
Angular Momentum:  |L|err: 0.1958864  |L|err_cum: 33.80343  L: -116.9022   -88.23752    -42.76779  |L|: 152.5814
C.M.: mass: 1900 pos: 0.5107823   0.2570484    0.04548363 vel: 0.09379802   0.0881463    0.06225562
Tree step number: 2048
**** Wallclock time per step (local): [Min/Max]
 Total       PP_single   PP_cluster  PP_cross    Tree_NB     Tree_Force  Force_corr  Kick        FindCluster CreateGroup MPI_comm    Output      Status      Other      
   0.0024592   3.433e-05  7.7579e-05           0  0.00045549   0.0017367  6.6166e-05  3.7502e-05  6.2291e-05  4.0123e-05  4.2388e-06  5.1172e-06  3.1948e-09  7.1816e-06
   0.0024592  3.4368e-05  7.7625e-05           0   0.0004481   0.0016738  6.6261e-05   3.754e-05  6.2339e-05  4.0146e-05  4.2717e-06  5.1177e-06  3.2192e-09  7.3023e-06
**** FDPS tree soft force time profile (local):
 Sample_ptcl Domain_deco Ex_ptcl     SetRootCell Make_LT     Make_LET    Make_GT     Make_Group  Make_I_list Calc_force  Write_back 
           0           0           0  2.9343e-05   0.0003554  4.7817e-05  0.00027688  3.0871e-06  7.7053e-05  0.00075443  0.00012742
**** Tree neighbor time profile (local):
 Sample_ptcl Domain_deco Ex_ptcl     SetRootCell Make_LT     Make_LET    Make_GT     Make_Group  Make_I_list Calc_force  Write_back 
           0           0           0  1.8465e-05  0.00018596  2.5091e-05  0.00010815  5.6652e-07  2.0449e-05  6.5706e-05   1.522e-05
**** Number per step (global):
 PP_single   PP_cluster  PP_cross    Cluster     Cross       AR_step_sum
      983.22      16.783           0      7.6802           0      14.375
 AR_tsyn_sum Stab_Ngroup Iso_Ngroup  Form_Ngroup End_Ngroup  Modf_Ngroup Merg_Ngroup H4_step_sum H4_no_NB    Ep-Ep_sum   Ep-Sp_sum  
     0.10938           1           0   0.0078125   0.0014648           0           0      75.348    0.024902  8.9451e+05       19198
**** Number of members in clusters (global):
N_members:            1           2           3           4           5           6
Count    :       983.22      6.6055     0.84326     0.15918     0.02832    0.043945

Time: 24.5  N_real(loc): 1000  N_real(glb): 1000  N_all(loc): 1012  N_all(glb): 1012  N_remove(glb): 0  N_escape(glb): 0
Energy:     Error/Total         Error     Error_cum         Total       Kinetic     Potential        Modify  Modify_group Modify_single      Error_PP  Error_PP_cum
Physic:    0.0001361629    -0.4283314      66.74123     -3145.728      3530.956     -6676.683      104.8164             0             0 -1.303954e-06      2.490675
Slowdown:  0.0001843385    -0.4283491      65.28866     -2323.709      2820.158     -5143.868      6094.846             0             0 -1.304657e-06      1.604898
Angular Momentum:  |L|err: 0.2039699  |L|err_cum: 34.0074  L: -116.9343   -88.72899    -42.95679  |L|: 152.9436
C.M.: mass: 1900 pos: 0.5307383   0.2870078    0.05623753 vel: 0.04732615   0.05782551    0.01692635
Tree step number: 2048
**** Wallclock time per step (local): [Min/Max]
 Total       PP_single   PP_cluster  PP_cross    Tree_NB     Tree_Force  Force_corr  Kick        FindCluster CreateGroup MPI_comm    Output      Status      Other      
   0.0022519  4.7387e-05  7.5743e-05           0  0.00040366   0.0016163    3.96e-05  3.5642e-05  5.1138e-05  3.7517e-05  2.0273e-06  4.2829e-06  3.2632e-09  6.7394e-06
   0.0022519  4.7424e-05  7.5789e-05           0  0.00039525   0.0015541  3.9658e-05  3.5678e-05  5.1183e-05   3.754e-05  2.0595e-06  4.2831e-06  3.2778e-09  6.8383e-06
**** FDPS tree soft force time profile (local):
 Sample_ptcl Domain_deco Ex_ptcl     SetRootCell Make_LT     Make_LET    Make_GT     Make_Group  Make_I_list Calc_force  Write_back 
           0           0           0  2.8207e-05  0.00032295  3.7241e-05  0.00024724  3.1551e-06  7.2895e-05  0.00073265   0.0001263
**** Tree neighbor time profile (local):
 Sample_ptcl Domain_deco Ex_ptcl     SetRootCell Make_LT     Make_LET    Make_GT     Make_Group  Make_I_list Calc_force  Write_back 
           0           0           0  1.0588e-05  0.00013946  2.1206e-05  0.00011079  5.6881e-07  2.6662e-05  6.6319e-05  1.7323e-05
**** Number per step (global):
 PP_single   PP_cluster  PP_cross    Cluster     Cross       AR_step_sum
      984.49      15.506           0      6.9868           0      14.347
 AR_tsyn_sum Stab_Ngroup Iso_Ngroup  Form_Ngroup End_Ngroup  Modf_Ngroup Merg_Ngroup H4_step_sum H4_no_NB    Ep-Ep_sum   Ep-Sp_sum  
     0.15381           1           0    0.015137   0.0029297           0           0      68.212   0.0097656  9.0051e+05       15653
**** Number of members in clusters (global):
N_members:            1           2           3           4           5           7
Count    :       984.49      5.9233     0.68457     0.29102    0.086914  0.00097656

Time: 25  N_real(loc): 1000  N_real(glb): 1000  N_all(loc): 1012  N_all(glb): 1012  N_remove(glb): 0  N_escape(glb): 0
Energy:     Error/Total         Error     Error_cum         Total       Kinetic     Potential        Modify  Modify_group Modify_single      Error_PP  Error_PP_cum
Physic:    0.0002845464    -0.8955433      65.84569     -3147.266      4245.863     -7393.129      104.1736             0             0  0.0004193612      2.491095
Slowdown:  0.0003855562    -0.8965139      64.39214     -2325.248      3498.784     -5824.033      6916.222             0             0  -0.000235124      1.604663
Angular Momentum:  |L|err: -1.716316  |L|err_cum: 32.29108  L: -117.848   -86.90089    -43.04948  |L|: 152.621
C.M.: mass: 1900 pos: 0.5557838   0.3119223    0.07238725 vel: 0.03591201   0.04841577    0.08378781
Tree step number: 2048
**** Wallclock time per step (local): [Min/Max]
 Total       PP_single   PP_cluster  PP_cross    Tree_NB     Tree_Force  Force_corr  Kick        FindCluster CreateGroup MPI_comm    Output      Status      Other      
   0.0022544  2.6199e-05  9.6804e-05           0  0.00037814   0.0016185  4.3702e-05  3.0737e-05  5.2103e-05  4.3554e-05   1.447e-06  6.3138e-06  3.6445e-09  6.3552e-06
   0.0022544  2.6235e-05  9.6867e-05           0  0.00037305   0.0015719  4.3759e-05  3.0773e-05  5.2149e-05  4.3577e-05  1.4791e-06  6.3143e-06  3.6641e-09  6.4489e-06
**** FDPS tree soft force time profile (local):
 Sample_ptcl Domain_deco Ex_ptcl     SetRootCell Make_LT     Make_LET    Make_GT     Make_Group  Make_I_list Calc_force  Write_back 
           0           0           0  3.2735e-05  0.00031063  3.8766e-05  0.00022281  5.7032e-06  6.0142e-05  0.00077449  9.4738e-05
**** Tree neighbor time profile (local):
 Sample_ptcl Domain_deco Ex_ptcl     SetRootCell Make_LT     Make_LET    Make_GT     Make_Group  Make_I_list Calc_force  Write_back 
           0           0           0  1.2326e-05  0.00012454   1.757e-05  0.00010213  5.4546e-07  1.3957e-05  7.1491e-05  1.0641e-05
**** Number per step (global):
 PP_single   PP_cluster  PP_cross    Cluster     Cross       AR_step_sum
       980.6      19.395           0      8.3877           0      19.604
 AR_tsyn_sum Stab_Ngroup Iso_Ngroup  Form_Ngroup End_Ngroup  Modf_Ngroup Merg_Ngroup H4_step_sum H4_no_NB    Ep-Ep_sum   Ep-Sp_sum  
      2.1147           1           0    0.075195    0.013184           0           0      97.453    0.055176  9.0695e+05       11980
**** Number of members in clusters (global):
N_members:            1           2           3           4           5           6
Count    :        980.6      6.7964     0.89062      0.4541     0.16553    0.081055

Time: 25.5  N_real(loc): 1000  N_real(glb): 1000  N_all(loc): 1012  N_all(glb): 1012  N_remove(glb): 0  N_escape(glb): 0
Energy:     Error/Total         Error     Error_cum         Total       Kinetic     Potential        Modify  Modify_group Modify_single      Error_PP  Error_PP_cum
Physic:   -0.0001726205     0.5431372      66.38882     -3146.423      3587.914     -6734.337      104.4734             0             0  3.193241e-05      2.491127
Slowdown: -0.0002335083     0.5427679      64.93491     -2324.405      2841.247     -5165.653      7738.539             0             0  6.539781e-07      1.604663
Angular Momentum:  |L|err: 0.5802916  |L|err_cum: 32.87137  L: -117.9058   -86.93402    -42.03287  |L|: 152.401
C.M.: mass: 1900 pos: 0.571731   0.3264121    0.09609428 vel: 0.01912541   0.03478887    0.05183671
Tree step number: 2048
**** Wallclock time per step (local): [Min/Max]
 Total       PP_single   PP_cluster  PP_cross    Tree_NB     Tree_Force  Force_corr  Kick        FindCluster CreateGroup MPI_comm    Output      Status      Other      
   0.0029651  2.9947e-05  8.9528e-05           0  0.00055866   0.0021382  4.9504e-05  2.0876e-05  4.8915e-05  7.6963e-05  3.0663e-06  4.9892e-06  4.1484e-09  4.9735e-06
   0.0029651  2.9984e-05  8.9574e-05           0  0.00055185   0.0020819  4.9575e-05  2.0943e-05   4.896e-05  7.6988e-05   3.099e-06  4.9894e-06   4.168e-09  5.0893e-06
**** FDPS tree soft force time profile (local):
 Sample_ptcl Domain_deco Ex_ptcl     SetRootCell Make_LT     Make_LET    Make_GT     Make_Group  Make_I_list Calc_force  Write_back 
           0           0           0  5.4306e-05   0.0003843  3.9622e-05  0.00031755  3.5448e-06  7.8495e-05  0.00094833  0.00011445
**** Tree neighbor time profile (local):
 Sample_ptcl Domain_deco Ex_ptcl     SetRootCell Make_LT     Make_LET    Make_GT     Make_Group  Make_I_list Calc_force  Write_back 
           0           0           0  4.2672e-05  0.00019229  2.0666e-05  0.00012875  5.8298e-07  2.2544e-05  5.6062e-05  1.4137e-05
**** Number per step (global):
 PP_single   PP_cluster  PP_cross    Cluster     Cross       AR_step_sum
      980.44      19.556           0      9.2578           0      17.629
 AR_tsyn_sum Stab_Ngroup Iso_Ngroup  Form_Ngroup End_Ngroup  Modf_Ngroup Merg_Ngroup H4_step_sum H4_no_NB    Ep-Ep_sum   Ep-Sp_sum  
       1.665           1           0     0.01416   0.0039062           0           0      89.641    0.026855  8.8988e+05       13691
**** Number of members in clusters (global):
N_members:            1           2           3           4           5           6
Count    :       980.44      8.4062     0.75537    0.042969     0.01416    0.039062

Time: 26  N_real(loc): 1000  N_real(glb): 1000  N_all(loc): 1012  N_all(glb): 1012  N_remove(glb): 0  N_escape(glb): 0
Energy:     Error/Total         Error     Error_cum         Total       Kinetic     Potential        Modify  Modify_group Modify_single      Error_PP  Error_PP_cum
Physic:    0.0002793949    -0.8796786      65.50915     -3148.514      3520.867     -6669.381      103.2623             0             0  2.503373e-05      2.491152
Slowdown:  0.0003784495    -0.8804614      64.05445     -2326.496      2774.395     -5100.891      8559.347             0             0 -1.439534e-06      1.604662
Angular Momentum:  |L|err: 1.80134  |L|err_cum: 34.67271  L: -116.6518   -89.29422    -42.69102  |L|: 152.9825
C.M.: mass: 1900 pos: 0.586164   0.3560645    0.1117679 vel: 0.04437505   0.07435385    -0.0120831
Tree step number: 2048
**** Wallclock time per step (local): [Min/Max]
 Total       PP_single   PP_cluster  PP_cross    Tree_NB     Tree_Force  Force_corr  Kick        FindCluster CreateGroup MPI_comm    Output      Status      Other      
   0.0030355  2.3517e-05  8.9228e-05           0  0.00053223   0.0022108  4.5374e-05  2.0617e-05  4.7988e-05  0.00010705  3.7693e-06  4.0485e-06  3.9868e-09  6.3643e-06
   0.0030355  2.3553e-05  8.9272e-05           0  0.00052736   0.0021579  4.5431e-05  2.0652e-05   4.803e-05  0.00010708  3.8133e-06  4.0486e-06  4.0063e-09  6.4938e-06
**** FDPS tree soft force time profile (local):
 Sample_ptcl Domain_deco Ex_ptcl     SetRootCell Make_LT     Make_LET    Make_GT     Make_Group  Make_I_list Calc_force  Write_back 
           0           0           0  6.8473e-05  0.00041147  3.8698e-05  0.00030186  3.4913e-06  8.7428e-05  0.00099707  0.00010755
**** Tree neighbor time profile (local):
 Sample_ptcl Domain_deco Ex_ptcl     SetRootCell Make_LT     Make_LET    Make_GT     Make_Group  Make_I_list Calc_force  Write_back 
           0           0           0  4.7383e-05  0.00018616  2.3732e-05  0.00012842  7.2472e-07  1.8366e-05  4.9483e-05  1.0292e-05
**** Number per step (global):
 PP_single   PP_cluster  PP_cross    Cluster     Cross       AR_step_sum
      983.51      16.492           0      7.7744           0      15.371
 AR_tsyn_sum Stab_Ngroup Iso_Ngroup  Form_Ngroup End_Ngroup  Modf_Ngroup Merg_Ngroup H4_step_sum H4_no_NB    Ep-Ep_sum   Ep-Sp_sum  
     0.70752           1           0   0.0087891   0.0029297           0           0      73.921   0.0039062  8.7754e+05       17829
**** Number of members in clusters (global):
N_members:            1           2           3           4           5
Count    :       983.51      6.9482      0.7207     0.09375    0.011719

Time: 26.5  N_real(loc): 1000  N_real(glb): 1000  N_all(loc): 1012  N_all(glb): 1012  N_remove(glb): 0  N_escape(glb): 0
Energy:     Error/Total         Error     Error_cum         Total       Kinetic     Potential        Modify  Modify_group Modify_single      Error_PP  Error_PP_cum
Physic:   -0.0003299266      1.037997      66.54714     -3146.145      3433.357     -6579.502      104.5927             0             0 -9.865622e-05      2.491053
Slowdown: -0.0004465098      1.037746       65.0922     -2324.128      2687.487     -5011.614      9382.695             0             0 -1.089517e-06      1.604661
Angular Momentum:  |L|err: -3.023006  |L|err_cum: 31.64971  L: -118.6453   -86.37288    -42.87502  |L|: 152.8897
C.M.: mass: 1900 pos: 0.634221   0.4018668    0.09920208 vel: 0.107477   0.07860855    -0.04614638
Tree step number: 2048
**** Wallclock time per step (local): [Min/Max]
 Total       PP_single   PP_cluster  PP_cross    Tree_NB     Tree_Force  Force_corr  Kick        FindCluster CreateGroup MPI_comm    Output      Status      Other      
   0.0029793  2.4422e-05  7.3748e-05           0  0.00051321   0.0022247  4.6347e-05   2.084e-05  3.9238e-05  8.2316e-05  1.2382e-06  5.3531e-06   8.395e-09   4.118e-06
   0.0029793  2.4457e-05   7.379e-05           0  0.00050756   0.0021709  4.6404e-05  2.0874e-05   3.928e-05  8.2341e-05  1.2703e-06  5.3532e-06  8.4146e-09  4.2367e-06
**** FDPS tree soft force time profile (local):
 Sample_ptcl Domain_deco Ex_ptcl     SetRootCell Make_LT     Make_LET    Make_GT     Make_Group  Make_I_list Calc_force  Write_back 
           0           0           0   6.445e-05  0.00038926  3.9418e-05  0.00030635  4.4355e-06  7.3812e-05    0.001042  0.00010932
**** Tree neighbor time profile (local):
 Sample_ptcl Domain_deco Ex_ptcl     SetRootCell Make_LT     Make_LET    Make_GT     Make_Group  Make_I_list Calc_force  Write_back 
           0           0           0   3.847e-05  0.00017973  2.0806e-05  0.00012272  6.4553e-07  1.6093e-05  5.5747e-05  1.1835e-05
**** Number per step (global):
 PP_single   PP_cluster  PP_cross    Cluster     Cross       AR_step_sum
      983.93       16.07           0      7.5903           0      16.795
 AR_tsyn_sum Stab_Ngroup Iso_Ngroup  Form_Ngroup End_Ngroup  Modf_Ngroup Merg_Ngroup H4_step_sum H4_no_NB    Ep-Ep_sum   Ep-Sp_sum  
      1.3657           1           0           0           0           0           0      66.182           0  8.6826e+05       20237
**** Number of members in clusters (global):
N_members:            1           2           3           4           5
Count    :       983.93      6.7866     0.73926    0.042969    0.021484

Time: 27  N_real(loc): 1000  N_real(glb): 1000  N_all(loc): 1012  N_all(glb): 1012  N_remove(glb): 0  N_escape(glb): 0
Energy:     Error/Total         Error     Error_cum         Total       Kinetic     Potential        Modify  Modify_group Modify_single      Error_PP  Error_PP_cum
Physic:    0.0002314635    -0.7285027      65.81864     -3147.375      3428.667     -6576.042      104.0911             0             0  -4.53366e-07      2.491053
Slowdown:  0.0003133404    -0.7286285      64.36357     -2325.358      2682.956     -5008.314      10204.21             0             0 -4.671564e-07       1.60466
Angular Momentum:  |L|err: 0.001194739  |L|err_cum: 31.6509  L: -119.5268   -85.951    -41.72317  |L|: 153.0198
C.M.: mass: 1900 pos: 0.6837852   0.4338637    0.09563407 vel: 0.1121081   0.09733957    0.002989429
Tree step number: 2048
**** Wallclock time per step (local): [Min/Max]
 Total       PP_single   PP_cluster  PP_cross    Tree_NB     Tree_Force  Force_corr  Kick        FindCluster CreateGroup MPI_comm    Output      Status      Other      
   0.0024507  1.9494e-05  6.4343e-05           0  0.00043166   0.0018134  3.3759e-05  2.0742e-05  3.2228e-05   6.262e-05  1.7814e-06  4.8666e-06  4.1387e-09  3.3385e-06
   0.0024508  1.9529e-05  6.4384e-05           0  0.00042796   0.0017774  3.3814e-05  2.0777e-05  3.2267e-05  6.2643e-05  1.8132e-06  4.8669e-06  4.1533e-09  3.4462e-06
**** FDPS tree soft force time profile (local):
 Sample_ptcl Domain_deco Ex_ptcl     SetRootCell Make_LT     Make_LET    Make_GT     Make_Group  Make_I_list Calc_force  Write_back 
           0           0           0  3.8715e-05  0.00028372  3.4926e-05  0.00026329  3.9086e-06  6.9665e-05  0.00087782   7.385e-05
**** Tree neighbor time profile (local):
 Sample_ptcl Domain_deco Ex_ptcl     SetRootCell Make_LT     Make_LET    Make_GT     Make_Group  Make_I_list Calc_force  Write_back 
           0           0           0  3.0106e-05  0.00012812  1.8976e-05   0.0001149  7.7256e-07  1.6839e-05  4.8412e-05   8.059e-06
**** Number per step (global):
 PP_single   PP_cluster  PP_cross    Cluster     Cross       AR_step_sum
      984.08      15.916           0      7.4644           0      14.081
 AR_tsyn_sum Stab_Ngroup Iso_Ngroup  Form_Ngroup End_Ngroup  Modf_Ngroup Merg_Ngroup H4_step_sum H4_no_NB    Ep-Ep_sum   Ep-Sp_sum  
    0.059082           1           0   0.0092773   0.0024414           0           0      66.012   0.0087891  8.6405e+05       19920
**** Number of members in clusters (global):
N_members:            1           2           3           4           5           6
Count    :       984.08      6.7417     0.48926     0.20801    0.019531   0.0058594

Time: 27.5  N_real(loc): 1000  N_real(glb): 1000  N_all(loc): 1012  N_all(glb): 1012  N_remove(glb): 0  N_escape(glb): 0
Energy:     Error/Total         Error     Error_cum         Total       Kinetic     Potential        Modify  Modify_group Modify_single      Error_PP  Error_PP_cum
Physic:   -0.0002631505     0.8279568       66.6466     -3146.325      3696.712     -6843.037      104.3141             0             0 -0.0001632867      2.490889
Slowdown: -0.0003559173     0.8272609      65.19083     -2324.307      2951.549     -5275.856      11026.45             0             0 -1.797823e-06      1.604659
Angular Momentum:  |L|err: 1.991062  |L|err_cum: 33.64196  L: -117.9335   -88.37748    -42.2915  |L|: 153.3214
C.M.: mass: 1900 pos: 0.7320869   0.512406    0.1072521 vel: 0.06177896   0.1637007    0.04886761
Tree step number: 2048
**** Wallclock time per step (local): [Min/Max]
 Total       PP_single   PP_cluster  PP_cross    Tree_NB     Tree_Force  Force_corr  Kick        FindCluster CreateGroup MPI_comm    Output      Status      Other      
   0.0026207  2.2893e-05  7.6904e-05           0  0.00044672   0.0019674  4.4338e-05  1.6398e-05  3.9989e-05  6.1476e-05  2.8931e-06  3.1473e-06  2.9351e-09  5.5914e-06
   0.0026208  2.2928e-05  7.6947e-05           0  0.00044023   0.0019046  4.4395e-05  1.6432e-05  4.0032e-05  6.1499e-05  2.9257e-06  3.1476e-06  2.9497e-09  5.6999e-06
**** FDPS tree soft force time profile (local):
 Sample_ptcl Domain_deco Ex_ptcl     SetRootCell Make_LT     Make_LET    Make_GT     Make_Group  Make_I_list Calc_force  Write_back 
           0           0           0  5.8027e-05  0.00035997  3.5151e-05  0.00025516  3.2034e-06  9.1467e-05  0.00091746  0.00012752
**** Tree neighbor time profile (local):
 Sample_ptcl Domain_deco Ex_ptcl     SetRootCell Make_LT     Make_LET    Make_GT     Make_Group  Make_I_list Calc_force  Write_back 
           0           0           0  2.5984e-05  0.00013215  2.1062e-05  0.00011421  6.3509e-07  1.7028e-05  6.3363e-05  1.3436e-05
**** Number per step (global):
 PP_single   PP_cluster  PP_cross    Cluster     Cross       AR_step_sum
      982.51      17.495           0      7.8442           0      15.742
 AR_tsyn_sum Stab_Ngroup Iso_Ngroup  Form_Ngroup End_Ngroup  Modf_Ngroup Merg_Ngroup H4_step_sum H4_no_NB    Ep-Ep_sum   Ep-Sp_sum  
      0.7749           1           0     0.01709   0.0039062           0           0      84.843    0.019531   8.594e+05       22707
**** Number of members in clusters (global):
N_members:            1           2           3           4           5           6           7
Count    :       982.51       6.623     0.85303      0.2168     0.10059    0.036133    0.014648

Time: 28  N_real(loc): 1000  N_real(glb): 1000  N_all(loc): 1012  N_all(glb): 1012  N_remove(glb): 0  N_escape(glb): 0
Energy:     Error/Total         Error     Error_cum         Total       Kinetic     Potential        Modify  Modify_group Modify_single      Error_PP  Error_PP_cum
Physic:    5.676668e-05    -0.1786067      66.46799      -3146.33      3680.671     -6827.001      104.4876             0             0  0.0005659025      2.491455
Slowdown:  7.762431e-05    -0.1804232      65.01041     -2324.312       2935.89     -5260.202      11848.65             0             0   8.42011e-05      1.604743
Angular Momentum:  |L|err: -2.421849  |L|err_cum: 31.22012  L: -118.8654   -85.79815    -42.79913  |L|: 152.7157
C.M.: mass: 1900 pos: 0.7764512   0.5812975    0.1061148 vel: 0.02040435   0.09034609    -0.01002752
Tree step number: 2048
**** Wallclock time per step (local): [Min/Max]
 Total       PP_single   PP_cluster  PP_cross    Tree_NB     Tree_Force  Force_corr  Kick        FindCluster CreateGroup MPI_comm    Output      Status      Other      
   0.0028607  2.9188e-05  9.6778e-05           0  0.00052304   0.0020877  5.0727e-05  1.4879e-05  5.2321e-05  5.9238e-05  1.8774e-06  3.5859e-06  4.4912e-09  6.2568e-06
   0.0028607  2.9225e-05  9.6824e-05           0  0.00051486   0.0020287  5.0795e-05  1.4931e-05  5.2368e-05  5.9263e-05   1.924e-06  3.5861e-06  4.5059e-09  6.3825e-06
**** FDPS tree soft force time profile (local):
 Sample_ptcl Domain_deco Ex_ptcl     SetRootCell Make_LT     Make_LET    Make_GT     Make_Group  Make_I_list Calc_force  Write_back 
           0           0           0  4.5992e-05  0.00038568  4.0023e-05  0.00031014  3.1774e-06  7.7787e-05  0.00093057  0.00011975
**** Tree neighbor time profile (local):
 Sample_ptcl Domain_deco Ex_ptcl     SetRootCell Make_LT     Make_LET    Make_GT     Make_Group  Make_I_list Calc_force  Write_back 
           0           0           0  3.0217e-05  0.00017984  2.4675e-05  0.00013005  6.7456e-07  2.5002e-05  5.5115e-05  1.6881e-05
**** Number per step (global):
 PP_single   PP_cluster  PP_cross    Cluster     Cross       AR_step_sum
      983.76      16.235           0      7.2085           0      22.123
 AR_tsyn_sum Stab_Ngroup Iso_Ngroup  Form_Ngroup End_Ngroup  Modf_Ngroup Merg_Ngroup H4_step_sum H4_no_NB    Ep-Ep_sum   Ep-Sp_sum  
      3.5093           1           0    0.010254   0.0029297           0           0      74.829     0.02002  8.6947e+05       20355
**** Number of members in clusters (global):
N_members:            1           2           3           4           5           6           7
Count    :       983.76      6.0273     0.77441      0.2207     0.14648    0.034668   0.0048828

Time: 28.5  N_real(loc): 1000  N_real(glb): 1000  N_all(loc): 1012  N_all(glb): 1012  N_remove(glb): 0  N_escape(glb): 0
Energy:     Error/Total         Error     Error_cum         Total       Kinetic     Potential        Modify  Modify_group Modify_single      Error_PP  Error_PP_cum
Physic:    8.783248e-05    -0.2763063      66.19168     -3145.833      2782.766     -5928.599      105.2609             0             0   0.002472988      2.493928
Slowdown:  0.0001191701    -0.2769293      64.73348     -2323.814       2489.47     -4813.284      12671.44             0             0   0.001139401      1.605882
Angular Momentum:  |L|err: 1.7805  |L|err_cum: 33.00062  L: -118.0638   -87.21591    -41.98384  |L|: 152.6706
C.M.: mass: 1900 pos: 0.811373   0.6229019    0.1278727 vel: 0.127569   0.02227698    0.04129641
Tree step number: 2048
**** Wallclock time per step (local): [Min/Max]
 Total       PP_single   PP_cluster  PP_cross    Tree_NB     Tree_Force  Force_corr  Kick        FindCluster CreateGroup MPI_comm    Output      Status      Other      
   0.0024518  2.3829e-05  0.00015067           0  0.00043265   0.0017304  3.0594e-05  1.4376e-05  5.7032e-05  5.1994e-05  1.5538e-06  3.4861e-06  4.2905e-09  3.9752e-06
   0.0024518  2.3865e-05  0.00015072           0  0.00042555   0.0016866  3.0649e-05  1.4411e-05   5.708e-05  5.2017e-05  1.5861e-06  3.4862e-06  4.3101e-09  4.0784e-06
**** FDPS tree soft force time profile (local):
 Sample_ptcl Domain_deco Ex_ptcl     SetRootCell Make_LT     Make_LET    Make_GT     Make_Group  Make_I_list Calc_force  Write_back 
           0           0           0  3.0631e-05  0.00028876  3.2179e-05  0.00023869  2.9326e-06  8.1332e-05  0.00081283  8.9079e-05
**** Tree neighbor time profile (local):
 Sample_ptcl Domain_deco Ex_ptcl     SetRootCell Make_LT     Make_LET    Make_GT     Make_Group  Make_I_list Calc_force  Write_back 
           0           0           0  1.8513e-05  0.00013045  2.3673e-05  0.00011283  7.8672e-07   1.567e-05  5.7692e-05  1.4649e-05
**** Number per step (global):
 PP_single   PP_cluster  PP_cross    Cluster     Cross       AR_step_sum
       983.5      16.501           0      7.1143           0      37.902
 AR_tsyn_sum Stab_Ngroup Iso_Ngroup  Form_Ngroup End_Ngroup  Modf_Ngroup Merg_Ngroup H4_step_sum H4_no_NB    Ep-Ep_sum   Ep-Sp_sum  
      9.1982           1           0    0.018066   0.0048828           0           0       82.74    0.019531  9.0303e+05       17562
**** Number of members in clusters (global):
N_members:            1           2           3           4           5           6           7           8
Count    :        983.5      5.4751      1.1934     0.31348    0.085938    0.040527   0.0029297   0.0029297

Time: 29  N_real(loc): 1000  N_real(glb): 1000  N_all(loc): 1012  N_all(glb): 1012  N_remove(glb): 0  N_escape(glb): 0
Energy:     Error/Total         Error     Error_cum         Total       Kinetic     Potential        Modify  Modify_group Modify_single      Error_PP  Error_PP_cum
Physic:    0.0004031538     -1.268235      64.92345     -3145.785      3120.664     -6266.449      106.5768             0             0  -0.004662596      2.489266
Slowdown:  0.0005001684     -1.270408      63.46307     -2539.961      2944.733     -5484.694      13278.58             0             0  -0.004092845      1.601789
Angular Momentum:  |L|err: -1.220474  |L|err_cum: 31.78014  L: -119.106   -85.89788    -41.78464  |L|: 152.6782
C.M.: mass: 1900 pos: 0.8776304   0.651349    0.1463748 vel: 0.1462542   0.0553733    0.06792696
Tree step number: 2048
**** Wallclock time per step (local): [Min/Max]
 Total       PP_single   PP_cluster  PP_cross    Tree_NB     Tree_Force  Force_corr  Kick        FindCluster CreateGroup MPI_comm    Output      Status      Other      
   0.0019585  1.9718e-05  0.00017888           0  0.00032114   0.0013293   2.733e-05  1.4544e-05  5.9607e-05  2.6958e-05  2.6679e-06  5.5236e-06  3.7471e-09  7.8345e-06
   0.0019585  1.9753e-05  0.00017894           0  0.00031707   0.0012957  2.7385e-05  1.4579e-05  5.9658e-05   2.698e-05  2.7005e-06  5.5238e-06  3.7622e-09  7.9146e-06
**** FDPS tree soft force time profile (local):
 Sample_ptcl Domain_deco Ex_ptcl     SetRootCell Make_LT     Make_LET    Make_GT     Make_Group  Make_I_list Calc_force  Write_back 
           0           0           0  1.4407e-05  0.00025414  3.0987e-05  0.00018766  2.7071e-06  5.0308e-05  0.00064955   6.905e-05
**** Tree neighbor time profile (local):
 Sample_ptcl Domain_deco Ex_ptcl     SetRootCell Make_LT     Make_LET    Make_GT     Make_Group  Make_I_list Calc_force  Write_back 
           0           0           0  7.9306e-06  0.00010959  1.6007e-05  8.1688e-05  4.5049e-07    1.65e-05  6.7922e-05  8.7575e-06
**** Number per step (global):
 PP_single   PP_cluster  PP_cross    Cluster     Cross       AR_step_sum
      985.44      14.564           0      5.9351           0      50.692
 AR_tsyn_sum Stab_Ngroup Iso_Ngroup  Form_Ngroup End_Ngroup  Modf_Ngroup Merg_Ngroup H4_step_sum H4_no_NB    Ep-Ep_sum   Ep-Sp_sum  
      14.076           1           0   0.0068359   0.0019531  0.00097656           0      71.392    0.036621  9.6555e+05      6879.3
**** Number of members in clusters (global):
N_members:            1           2           3           4           5           6           7
Count    :       985.44      4.5791      0.5708     0.38184     0.25488     0.14746  0.00097656

Time: 29.5  N_real(loc): 1000  N_real(glb): 1000  N_all(loc): 1012  N_all(glb): 1012  N_remove(glb): 0  N_escape(glb): 0
Energy:     Error/Total         Error     Error_cum         Total       Kinetic     Potential        Modify  Modify_group Modify_single      Error_PP  Error_PP_cum
Physic:   -0.0005178864       1.62789      66.55134     -3143.333      3216.038     -6359.371      107.4008             0             0   0.004939563      2.494205
Slowdown: -0.0007071055      1.616942      65.08001     -2286.706      3045.765      -5332.47      14136.04             0             0  -0.003370688      1.598419
Angular Momentum:  |L|err: -0.181233  |L|err_cum: 31.59891  L: -119.4056   -85.0192    -40.99625  |L|: 152.206
C.M.: mass: 1900 pos: 0.9246089   0.6831419    0.149446 vel: 0.08653272   0.06997967    0.03574474
Tree step number: 2048
**** Wallclock time per step (local): [Min/Max]
 Total       PP_single   PP_cluster  PP_cross    Tree_NB     Tree_Force  Force_corr  Kick        FindCluster CreateGroup MPI_comm    Output      Status      Other      
   0.0021502  2.8054e-05  0.00017171           0  0.00039722   0.0014166  4.5514e-05  2.0404e-05  7.0873e-05  2.9964e-05  5.0751e-06  3.9384e-06  9.6274e-09  1.3671e-05
   0.0021502   2.809e-05  0.00017177           0  0.00038648   0.0013712   4.559e-05  2.0459e-05  7.0925e-05  2.9985e-05  5.1078e-06  3.9387e-06  9.6519e-09   1.382e-05
**** FDPS tree soft force time profile (local):
 Sample_ptcl Domain_deco Ex_ptcl     SetRootCell Make_LT     Make_LET    Make_GT     Make_Group  Make_I_list Calc_force  Write_back 
           0           0           0  1.5388e-05  0.00030468  3.7946e-05  0.00023015  2.7699e-06  6.5253e-05  0.00057216  9.2415e-05
**** Tree neighbor time profile (local):
 Sample_ptcl Domain_deco Ex_ptcl     SetRootCell Make_LT     Make_LET    Make_GT     Make_Group  Make_I_list Calc_force  Write_back 
           0           0           0   1.245e-05  0.00014813  1.6068e-05   0.0001078  4.7769e-07  1.8702e-05  5.6726e-05  2.1928e-05
**** Number per step (global):
 PP_single   PP_cluster  PP_cross    Cluster     Cross       AR_step_sum
      980.22      19.782           0      7.7861           0      44.024
 AR_tsyn_sum Stab_Ngroup Iso_Ngroup  Form_Ngroup End_Ngroup  Modf_Ngroup Merg_Ngroup H4_step_sum H4_no_NB    Ep-Ep_sum   Ep-Sp_sum  
      11.938           1           0    0.011719   0.0039062   0.0014648           0      97.052    0.047363  9.6112e+05      6877.1
**** Number of members in clusters (global):
N_members:            1           2           3           4           5           6           7           8           9          10          11          12
Count    :       980.22      5.8535      1.0229     0.44727     0.19092    0.036133    0.051758    0.071289    0.051758    0.025391     0.02832   0.0068359

Time: 30  N_real(loc): 1000  N_real(glb): 1000  N_all(loc): 1012  N_all(glb): 1012  N_remove(glb): 0  N_escape(glb): 0
Energy:     Error/Total         Error     Error_cum         Total       Kinetic     Potential        Modify  Modify_group Modify_single      Error_PP  Error_PP_cum
Physic:    0.0001348988    -0.4240703      66.12727     -3143.618      2789.842     -5933.459      107.5401             0             0    0.00154591      2.495751
Slowdown:  0.0001890355     -0.432322      64.64769     -2286.988      2619.137     -4906.126      14992.82             0             0  7.881262e-05      1.598497
Angular Momentum:  |L|err: -1.231355  |L|err_cum: 30.36755  L: -118.4536   -84.3102    -43.04805  |L|: 151.6331
C.M.: mass: 1900 pos: 0.9761948   0.7353189    0.1497546 vel: 0.1369108   0.04233603    -0.03312255
Tree step number: 2048
**** Wallclock time per step (local): [Min/Max]
 Total       PP_single   PP_cluster  PP_cross    Tree_NB     Tree_Force  Force_corr  Kick        FindCluster CreateGroup MPI_comm    Output      Status      Other      
    0.001798  2.4741e-05   9.656e-05           0  0.00032414   0.0012623  2.3997e-05   1.429e-05  4.8173e-05  2.7006e-05  1.2277e-06  3.0822e-06  5.1416e-09  4.7681e-06
   0.0017981  2.4777e-05  9.6607e-05           0  0.00032035   0.0012316  2.4051e-05  1.4325e-05  4.8217e-05  2.7027e-05  1.2599e-06  3.0825e-06  5.1563e-09  4.8801e-06
**** FDPS tree soft force time profile (local):
 Sample_ptcl Domain_deco Ex_ptcl     SetRootCell Make_LT     Make_LET    Make_GT     Make_Group  Make_I_list Calc_force  Write_back 
           0           0           0  1.5898e-05  0.00026386  3.2361e-05  0.00020335   2.816e-06  6.7485e-05   0.0005461  6.3264e-05
**** Tree neighbor time profile (local):
 Sample_ptcl Domain_deco Ex_ptcl     SetRootCell Make_LT     Make_LET    Make_GT     Make_Group  Make_I_list Calc_force  Write_back 
           0           0           0  6.2939e-06  0.00010665  1.8825e-05  0.00010539  6.3318e-07   1.646e-05  4.6995e-05  7.9619e-06
**** Number per step (global):
 PP_single   PP_cluster  PP_cross    Cluster     Cross       AR_step_sum
      983.14      16.857           0      7.0786           0      23.395
 AR_tsyn_sum Stab_Ngroup Iso_Ngroup  Form_Ngroup End_Ngroup  Modf_Ngroup Merg_Ngroup H4_step_sum H4_no_NB    Ep-Ep_sum   Ep-Sp_sum  
      3.9854           1           0     0.01123   0.0029297           0           0      77.985    0.031738   9.452e+05       10221
**** Number of members in clusters (global):
N_members:            1           2           3           4           5           6           7
Count    :       983.14      5.5039     0.95264     0.26416     0.23633    0.098145    0.023438

Time: 30.5  N_real(loc): 1000  N_real(glb): 1000  N_all(loc): 1012  N_all(glb): 1012  N_remove(glb): 0  N_escape(glb): 0
Energy:     Error/Total         Error     Error_cum         Total       Kinetic     Potential        Modify  Modify_group Modify_single      Error_PP  Error_PP_cum
Physic:   -0.0001954324     0.6145654      66.74183     -3144.644      2948.283     -6092.926      105.8997             0             0  -0.003860222      2.491891
Slowdown: -0.0002632019     0.6022087       65.2499     -2288.011      2745.393     -5033.403      15847.82             0             0   -0.01255342      1.585944
Angular Momentum:  |L|err: -0.4930749  |L|err_cum: 29.87448  L: -119.1804   -83.41448    -42.38624  |L|: 151.5208
C.M.: mass: 1900 pos: 1.031829   0.7666852    0.121847 vel: 0.09264632   0.08490409    -0.0639122
Tree step number: 2048
**** Wallclock time per step (local): [Min/Max]
 Total       PP_single   PP_cluster  PP_cross    Tree_NB     Tree_Force  Force_corr  Kick        FindCluster CreateGroup MPI_comm    Output      Status      Other      
   0.0022234  2.6245e-05  0.00021033           0  0.00035421   0.0015141  3.2448e-05  2.0206e-05  8.1657e-05  2.7242e-05   2.715e-06  4.1647e-06  3.1851e-09  8.0712e-06
   0.0022234  2.6282e-05  0.00021039           0  0.00034304   0.0014652   3.252e-05  2.0241e-05  8.1709e-05  2.7263e-05  2.7474e-06  4.1648e-06  3.1997e-09  8.1529e-06
**** FDPS tree soft force time profile (local):
 Sample_ptcl Domain_deco Ex_ptcl     SetRootCell Make_LT     Make_LET    Make_GT     Make_Group  Make_I_list Calc_force  Write_back 
           0           0           0  2.2243e-05  0.00029619  4.0326e-05  0.00021036  2.5565e-06  4.5232e-05  0.00070506  9.9296e-05
**** Tree neighbor time profile (local):
 Sample_ptcl Domain_deco Ex_ptcl     SetRootCell Make_LT     Make_LET    Make_GT     Make_Group  Make_I_list Calc_force  Write_back 
           0           0           0   6.312e-06  0.00012161  1.9976e-05  8.5578e-05  3.7308e-07  1.5084e-05  6.7556e-05  2.2772e-05
**** Number per step (global):
 PP_single   PP_cluster  PP_cross    Cluster     Cross       AR_step_sum
       983.6      16.403           0      6.5957           0      67.939
 AR_tsyn_sum Stab_Ngroup Iso_Ngroup  Form_Ngroup End_Ngroup  Modf_Ngroup Merg_Ngroup H4_step_sum H4_no_NB    Ep-Ep_sum   Ep-Sp_sum  
      19.304           1           0    0.011719   0.0029297   0.0014648           0      84.585    0.045898  9.5362e+05      8063.2
**** Number of members in clusters (global):
N_members:            1           2           3           4           5           6           7           8           9
Count    :        983.6      4.7642      1.0845     0.32031     0.26953     0.11963    0.030273    0.003418   0.0039062

Time: 31  N_real(loc): 1000  N_real(glb): 1000  N_all(loc): 1012  N_all(glb): 1012  N_remove(glb): 0  N_escape(glb): 0
Energy:     Error/Total         Error     Error_cum         Total       Kinetic     Potential        Modify  Modify_group Modify_single      Error_PP  Error_PP_cum
Physic:    0.0003724004     -1.170325      65.57151     -3142.653      3125.678     -6268.331      109.0606             0             0   0.007654423      2.499545
Slowdown:   0.000516514      -1.18076      64.06914     -2286.018      2851.764     -5137.782      16707.63             0             0   -0.00361566      1.582328
Angular Momentum:  |L|err: 9.809838  |L|err_cum: 39.68432  L: -120.1256   -85.97529    -30.14804  |L|: 150.7674
C.M.: mass: 1900 pos: 1.115854   0.8188037    0.09588934 vel: 0.1591758   0.04566545    -0.02379818
Tree step number: 2048
**** Wallclock time per step (local): [Min/Max]
 Total       PP_single   PP_cluster  PP_cross    Tree_NB     Tree_Force  Force_corr  Kick        FindCluster CreateGroup MPI_comm    Output      Status      Other      
    0.002159  1.8521e-05  0.00014818           0   0.0003781   0.0015088  2.7964e-05  2.0271e-05  5.6063e-05  2.7894e-05  3.1478e-06  4.7345e-06   3.126e-09  8.9842e-06
    0.002159  1.8557e-05  0.00014823           0   0.0003728   0.0014684  2.8094e-05  2.0306e-05   5.611e-05  2.7915e-05  3.1805e-06  4.7347e-06  3.1406e-09  9.0739e-06
**** FDPS tree soft force time profile (local):
 Sample_ptcl Domain_deco Ex_ptcl     SetRootCell Make_LT     Make_LET    Make_GT     Make_Group  Make_I_list Calc_force  Write_back 
           0           0           0  1.7808e-05  0.00026862  4.0888e-05  0.00020427  2.7378e-06  5.7852e-05   0.0007646  8.2458e-05
**** Tree neighbor time profile (local):
 Sample_ptcl Domain_deco Ex_ptcl     SetRootCell Make_LT     Make_LET    Make_GT     Make_Group  Make_I_list Calc_force  Write_back 
           0           0           0  9.3592e-06  0.00013008  3.8274e-05  9.3222e-05  4.7637e-07  1.6995e-05  6.4579e-05   1.099e-05
**** Number per step (global):
 PP_single   PP_cluster  PP_cross    Cluster     Cross       AR_step_sum
      981.79       18.21           0      7.5737           0      42.029
 AR_tsyn_sum Stab_Ngroup Iso_Ngroup  Form_Ngroup End_Ngroup  Modf_Ngroup Merg_Ngroup H4_step_sum H4_no_NB    Ep-Ep_sum   Ep-Sp_sum  
      10.673           1           0     0.01416   0.0039062           0           0      91.211    0.056641  9.1977e+05       12564
**** Number of members in clusters (global):
N_members:            1           2           3           4           5           6           7           8           9
Count    :       981.79      5.5938      1.3101     0.42822    0.097656     0.12207    0.017578    0.003418  0.00097656

Time: 31.5  N_real(loc): 1000  N_real(glb): 1000  N_all(loc): 1012  N_all(glb): 1012  N_remove(glb): 0  N_escape(glb): 0
Energy:     Error/Total         Error     Error_cum         Total       Kinetic     Potential        Modify  Modify_group Modify_single      Error_PP  Error_PP_cum
Physic:   -9.860336e-05     0.3097175      65.88123     -3141.045      3806.013     -6947.058      110.3594             0             0   0.004627324      2.504173
Slowdown: -0.0001318154       0.30112      64.37026     -2284.408      3008.301     -5292.708      17565.57             0             0   0.000950522      1.583279
Angular Momentum:  |L|err: 4.184971  |L|err_cum: 43.86929  L: -120.1519   -85.90256    -24.93153  |L|: 149.7909
C.M.: mass: 1900 pos: 1.184901   0.8510648    0.1047444 vel: 0.09983872   0.0414542    0.009381187
Tree step number: 2048
**** Wallclock time per step (local): [Min/Max]
 Total       PP_single   PP_cluster  PP_cross    Tree_NB     Tree_Force  Force_corr  Kick        FindCluster CreateGroup MPI_comm    Output      Status      Other      
   0.0021788  3.0152e-05  0.00010517           0  0.00033545   0.0016079  4.1331e-05  1.8611e-05  4.8911e-05  2.9796e-05  3.1249e-06  4.3135e-06  3.8062e-09  7.3131e-06
   0.0021788  3.0189e-05  0.00010521           0  0.00032882   0.0015593  4.1389e-05  1.8646e-05  4.8956e-05  2.9817e-05   3.158e-06  4.3138e-06  3.8208e-09  7.4157e-06
**** FDPS tree soft force time profile (local):
 Sample_ptcl Domain_deco Ex_ptcl     SetRootCell Make_LT     Make_LET    Make_GT     Make_Group  Make_I_list Calc_force  Write_back 
           0           0           0  1.9816e-05  0.00031656  3.9254e-05  0.00022197  3.7713e-06  8.3208e-05  0.00075743  9.9585e-05
**** Tree neighbor time profile (local):
 Sample_ptcl Domain_deco Ex_ptcl     SetRootCell Make_LT     Make_LET    Make_GT     Make_Group  Make_I_list Calc_force  Write_back 
           0           0           0  8.4221e-06  0.00012254  2.0436e-05  9.7481e-05  5.8956e-07  1.6105e-05  4.6227e-05  1.3665e-05
**** Number per step (global):
 PP_single   PP_cluster  PP_cross    Cluster     Cross       AR_step_sum
      982.65      17.353           0      7.2031           0       23.08
 AR_tsyn_sum Stab_Ngroup Iso_Ngroup  Form_Ngroup End_Ngroup  Modf_Ngroup Merg_Ngroup H4_step_sum H4_no_NB    Ep-Ep_sum   Ep-Sp_sum  
        3.96           1           0    0.011719   0.0029297           0           0      82.778    0.046875  8.8513e+05       16400
**** Number of members in clusters (global):
N_members:            1           2           3           4           5           6           7           8           9          10
Count    :       982.65      5.8354     0.64502     0.29785     0.18066     0.11816    0.070312    0.051758   0.0019531   0.0019531

Time: 32  N_real(loc): 1000  N_real(glb): 1000  N_all(loc): 1012  N_all(glb): 1012  N_remove(glb): 0  N_escape(glb): 0
Energy:     Error/Total         Error     Error_cum         Total       Kinetic     Potential        Modify  Modify_group Modify_single      Error_PP  Error_PP_cum
Physic:   -4.177159e-05     0.1312034      66.01243     -3140.971      3603.461     -6744.432      110.3018             0             0  0.0001755439      2.504348
Slowdown:  -5.59188e-05     0.1277372      64.49799     -2284.333      2807.488     -5091.821      18422.16             0             0 -4.626854e-06      1.583274
Angular Momentum:  |L|err: 0.8595592  |L|err_cum: 44.72885  L: -119.952   -85.70591    -23.87552  |L|: 149.3453
C.M.: mass: 1900 pos: 1.239299   0.8748768    0.09612313 vel: 0.1329606   0.05425583    0.01266412
Tree step number: 2048
**** Wallclock time per step (local): [Min/Max]
 Total       PP_single   PP_cluster  PP_cross    Tree_NB     Tree_Force  Force_corr  Kick        FindCluster CreateGroup MPI_comm    Output      Status      Other      
   0.0027146  3.8021e-05  0.00011044           0  0.00046625   0.0019399  7.2662e-05  3.2987e-05  6.4665e-05  3.8494e-05  3.6153e-06  7.5296e-06  3.5171e-09  1.4022e-05
   0.0027146  3.8077e-05  0.00011051           0  0.00046014   0.0018692  7.2723e-05  3.3024e-05  6.4726e-05  3.8515e-05  3.6569e-06  7.5301e-06  3.5322e-09  1.4135e-05
**** FDPS tree soft force time profile (local):
 Sample_ptcl Domain_deco Ex_ptcl     SetRootCell Make_LT     Make_LET    Make_GT     Make_Group  Make_I_list Calc_force  Write_back 
           0           0           0  2.9007e-05  0.00041749  3.5596e-05  0.00028374  4.1702e-06  8.4256e-05  0.00088028  0.00014308
**** Tree neighbor time profile (local):
 Sample_ptcl Domain_deco Ex_ptcl     SetRootCell Make_LT     Make_LET    Make_GT     Make_Group  Make_I_list Calc_force  Write_back 
           0           0           0  1.8409e-05  0.00016968   3.768e-05   0.0001342  6.7922e-07  2.3729e-05  5.3701e-05  1.2718e-05
**** Number per step (global):
 PP_single   PP_cluster  PP_cross    Cluster     Cross       AR_step_sum
      981.78      18.221           0      8.0054           0      19.959
 AR_tsyn_sum Stab_Ngroup Iso_Ngroup  Form_Ngroup End_Ngroup  Modf_Ngroup Merg_Ngroup H4_step_sum H4_no_NB    Ep-Ep_sum   Ep-Sp_sum  
      2.5581           1           0    0.062988    0.015625           0           0      88.342    0.074707  8.5394e+05       20869
**** Number of members in clusters (global):
N_members:            1           2           3           4           5           6           7           8
Count    :       981.78      6.5322      1.0127     0.32471    0.040039    0.071289   0.0039062    0.020508

Time: 32.5  N_real(loc): 1000  N_real(glb): 1000  N_all(loc): 1012  N_all(glb): 1012  N_remove(glb): 0  N_escape(glb): 0
Energy:     Error/Total         Error     Error_cum         Total       Kinetic     Potential        Modify  Modify_group Modify_single      Error_PP  Error_PP_cum
Physic:     0.001210347     -3.806279      62.20615     -3144.784      3076.368     -6221.152      110.2947             0             0  -0.004715561      2.499633
Slowdown:   0.001229243     -3.812303      60.68569     -3101.342        3064.9     -6166.242       18465.6             0             0  -0.008567202      1.574707
Angular Momentum:  |L|err: 6.883184  |L|err_cum: 51.61203  L: -120.1402   -85.79492    -15.86887  |L|: 148.4798
C.M.: mass: 1900 pos: 1.314697   0.8936512    0.1012349 vel: 0.1621023   0.04810553    -0.006312573
Tree step number: 2048
**** Wallclock time per step (local): [Min/Max]
 Total       PP_single   PP_cluster  PP_cross    Tree_NB     Tree_Force  Force_corr  Kick        FindCluster CreateGroup MPI_comm    Output      Status      Other      
   0.0029856  2.4537e-05  0.00050821           0  0.00041802   0.0018442  4.7909e-05  2.4668e-05  0.00012169  3.5496e-05  7.0401e-06  3.7097e-06  3.9922e-09  1.8446e-05
   0.0029857  2.4589e-05  0.00050832           0   0.0004128   0.0017786  4.7969e-05  2.4704e-05  0.00012179  3.5536e-05  7.0754e-06  3.7099e-06  4.0068e-09  1.8556e-05
**** FDPS tree soft force time profile (local):
 Sample_ptcl Domain_deco Ex_ptcl     SetRootCell Make_LT     Make_LET    Make_GT     Make_Group  Make_I_list Calc_force  Write_back 
           0           0           0  2.2507e-05  0.00040359   4.352e-05  0.00024286  3.8216e-06  0.00011176  0.00076534  0.00013306
**** Tree neighbor time profile (local):
 Sample_ptcl Domain_deco Ex_ptcl     SetRootCell Make_LT     Make_LET    Make_GT     Make_Group  Make_I_list Calc_force  Write_back 
           0           0           0  1.5305e-05  0.00016906  2.4516e-05  0.00011151  6.6927e-07  1.8638e-05  5.3541e-05  1.1077e-05
**** Number per step (global):
 PP_single   PP_cluster  PP_cross    Cluster     Cross       AR_step_sum
      984.61      15.391           0      6.5337           0      209.61
 AR_tsyn_sum Stab_Ngroup Iso_Ngroup  Form_Ngroup End_Ngroup  Modf_Ngroup Merg_Ngroup H4_step_sum H4_no_NB    Ep-Ep_sum   Ep-Sp_sum  
       57.27           1           0     0.15088    0.032715    0.067871           0      114.42     0.16455  8.6442e+05       18081
**** Number of members in clusters (global):
N_members:            1           2           3           4           5           6
Count    :       984.61      4.7734      1.2793     0.40869    0.062012    0.010254

Time: 33  N_real(loc): 1000  N_real(glb): 1000  N_all(loc): 1012  N_all(glb): 1012  N_remove(glb): 0  N_escape(glb): 0
Energy:     Error/Total         Error     Error_cum         Total       Kinetic     Potential        Modify  Modify_group Modify_single      Error_PP  Error_PP_cum
Physic:    0.0001396881    -0.4394215      61.76673     -3145.733      2986.131     -6131.864      109.7855             0             0   -0.03596106      2.463672
Slowdown:   0.000163687    -0.4397188      60.24597     -2686.339       2918.21     -5604.549      18924.48             0             0   -0.03625841      1.538449
Angular Momentum:  |L|err: 0.9170967  |L|err_cum: 52.52913  L: -120.135   -85.59367    -14.74908  |L|: 148.2438
C.M.: mass: 1900 pos: 1.384041   0.9119638    0.09389622 vel: 0.1145085   0.06584233    -0.01881178
Tree step number: 2048
**** Wallclock time per step (local): [Min/Max]
 Total       PP_single   PP_cluster  PP_cross    Tree_NB     Tree_Force  Force_corr  Kick        FindCluster CreateGroup MPI_comm    Output      Status      Other      
    0.002785   2.309e-05  0.00060607           0  0.00038935   0.0015501  4.0887e-05  1.9066e-05  0.00013608   4.368e-05  6.5358e-06  3.3615e-06  5.2051e-09  2.2149e-05
    0.002785  2.3127e-05  0.00060617           0  0.00038327    0.001498  4.0943e-05  1.9144e-05  0.00013616  4.3704e-05  6.5725e-06  3.3617e-06  5.2295e-09  2.2254e-05
**** FDPS tree soft force time profile (local):
 Sample_ptcl Domain_deco Ex_ptcl     SetRootCell Make_LT     Make_LET    Make_GT     Make_Group  Make_I_list Calc_force  Write_back 
           0           0           0  2.4141e-05  0.00033661  4.0143e-05  0.00022343  4.2708e-06  8.5065e-05  0.00063789  0.00010611
**** Tree neighbor time profile (local):
 Sample_ptcl Domain_deco Ex_ptcl     SetRootCell Make_LT     Make_LET    Make_GT     Make_Group  Make_I_list Calc_force  Write_back 
           0           0           0  1.4691e-05  0.00015393  2.7185e-05  0.00010282  6.9135e-07  1.7076e-05  4.9972e-05  1.2712e-05
**** Number per step (global):
 PP_single   PP_cluster  PP_cross    Cluster     Cross       AR_step_sum
      981.72      18.277           0      7.6533           0      249.23
 AR_tsyn_sum Stab_Ngroup Iso_Ngroup  Form_Ngroup End_Ngroup  Modf_Ngroup Merg_Ngroup H4_step_sum H4_no_NB    Ep-Ep_sum   Ep-Sp_sum  
      67.556           1           0     0.19141     0.04248     0.10498           0      136.64     0.23828  8.7121e+05       17883
**** Number of members in clusters (global):
N_members:            1           2           3           4           5           6           7
Count    :       981.72      5.4873      1.5918     0.44434    0.052734    0.053711    0.023438

Time: 33.5  N_real(loc): 1000  N_real(glb): 1000  N_all(loc): 1012  N_all(glb): 1012  N_remove(glb): 0  N_escape(glb): 0
Energy:     Error/Total         Error     Error_cum         Total       Kinetic     Potential        Modify  Modify_group Modify_single      Error_PP  Error_PP_cum
Physic:    0.0005940568     -1.872032       59.8947     -3151.268      3093.148     -6244.417      106.1221             0             0    0.06249887       2.52617
Slowdown:  0.0008170285     -1.874652      58.37132     -2294.476       2961.13     -5255.606      19777.62             0             0    0.05994843      1.598397
Angular Momentum:  |L|err: 13.54098  |L|err_cum: 66.0701  L: -120.1431   -85.19556    0.2256429  |L|: 147.2844
C.M.: mass: 1900 pos: 1.430217   0.9468646    0.09179944 vel: 0.0769528   0.07994507    -0.03021422
Tree step number: 2048
**** Wallclock time per step (local): [Min/Max]
 Total       PP_single   PP_cluster  PP_cross    Tree_NB     Tree_Force  Force_corr  Kick        FindCluster CreateGroup MPI_comm    Output      Status      Other      
   0.0024383  2.1265e-05  0.00047044           0  0.00038362   0.0013862  2.8157e-05  1.3299e-05  0.00010374  3.3447e-05  5.5927e-06  4.4359e-06  6.2573e-09  2.2831e-05
   0.0024384  2.1301e-05  0.00047054           0  0.00037825   0.0013535  2.8211e-05  1.3332e-05  0.00010381   3.347e-05  5.6278e-06  4.4361e-06  6.3159e-09  2.2918e-05
**** FDPS tree soft force time profile (local):
 Sample_ptcl Domain_deco Ex_ptcl     SetRootCell Make_LT     Make_LET    Make_GT     Make_Group  Make_I_list Calc_force  Write_back 
           0           0           0  2.3834e-05  0.00031647  3.1063e-05  0.00024061  3.2915e-06  9.2078e-05  0.00052194  6.7125e-05
**** Tree neighbor time profile (local):
 Sample_ptcl Domain_deco Ex_ptcl     SetRootCell Make_LT     Make_LET    Make_GT     Make_Group  Make_I_list Calc_force  Write_back 
           0           0           0  1.2716e-05  0.00013986  1.8354e-05  0.00012707   6.241e-07  2.0574e-05  4.2678e-05  1.1246e-05
**** Number per step (global):
 PP_single   PP_cluster  PP_cross    Cluster     Cross       AR_step_sum
      983.26       16.74           0      7.2949           0      186.24
 AR_tsyn_sum Stab_Ngroup Iso_Ngroup  Form_Ngroup End_Ngroup  Modf_Ngroup Merg_Ngroup H4_step_sum H4_no_NB    Ep-Ep_sum   Ep-Sp_sum  
      50.947           1           0     0.18994    0.046875    0.069336           0      119.03      0.2085  8.6997e+05       17789
**** Number of members in clusters (global):
N_members:            1           2           3           4           5           6
Count    :       983.26      5.5757      1.4043     0.22803    0.057617    0.029297

Time: 34  N_real(loc): 1000  N_real(glb): 1000  N_all(loc): 1012  N_all(glb): 1012  N_remove(glb): 0  N_escape(glb): 0
Energy:     Error/Total         Error     Error_cum         Total       Kinetic     Potential        Modify  Modify_group Modify_single      Error_PP  Error_PP_cum
Physic:   -0.0002381694     0.7502693      60.64497     -3150.151      2882.603     -6032.754      106.4896             0             0   0.007160748      2.533331
Slowdown: -0.0003220913     0.7386701      59.10999     -2293.356      2750.786     -5044.142      20634.79             0             0    8.4724e-05      1.598482
Angular Momentum:  |L|err: -5.489879  |L|err_cum: 60.58022  L: -120.0174   -85.89648    -5.977511  |L|: 147.7095
C.M.: mass: 1900 pos: 1.471519   0.9720445    0.09233472 vel: 0.0887926   0.07005688    -0.06406896
Tree step number: 2048
**** Wallclock time per step (local): [Min/Max]
 Total       PP_single   PP_cluster  PP_cross    Tree_NB     Tree_Force  Force_corr  Kick        FindCluster CreateGroup MPI_comm    Output      Status      Other      
   0.0019562  3.5926e-05  0.00011176           0  0.00031678   0.0013707  4.0979e-05  3.1852e-05  5.1093e-05   3.145e-05  1.7204e-06  3.2943e-06  4.1924e-09  5.8434e-06
   0.0019563  3.5962e-05  0.00011182           0  0.00030878   0.0013308  4.1034e-05  3.1887e-05  5.1138e-05  3.1471e-05  1.7522e-06  3.2946e-06  4.2119e-09  5.9334e-06
**** FDPS tree soft force time profile (local):
 Sample_ptcl Domain_deco Ex_ptcl     SetRootCell Make_LT     Make_LET    Make_GT     Make_Group  Make_I_list Calc_force  Write_back 
           0           0           0  1.2948e-05  0.00027136  4.3109e-05  0.00021266  2.7408e-06  7.6192e-05  0.00060449  8.1333e-05
**** Tree neighbor time profile (local):
 Sample_ptcl Domain_deco Ex_ptcl     SetRootCell Make_LT     Make_LET    Make_GT     Make_Group  Make_I_list Calc_force  Write_back 
           0           0           0  1.1191e-05   0.0001128  2.0873e-05  9.2656e-05  5.6957e-07  1.8951e-05  3.7047e-05  1.6461e-05
**** Number per step (global):
 PP_single   PP_cluster  PP_cross    Cluster     Cross       AR_step_sum
      982.42      17.577           0      7.8794           0      27.751
 AR_tsyn_sum Stab_Ngroup Iso_Ngroup  Form_Ngroup End_Ngroup  Modf_Ngroup Merg_Ngroup H4_step_sum H4_no_NB    Ep-Ep_sum   Ep-Sp_sum  
      5.6489           1           0    0.088867    0.023438           0           0      88.114    0.083496  8.6005e+05       18745
**** Number of members in clusters (global):
N_members:            1           2           3           4           5           6
Count    :       982.42      6.6689     0.73975     0.35205      0.1001    0.018555

Time: 34.5  N_real(loc): 1000  N_real(glb): 1000  N_all(loc): 1012  N_all(glb): 1012  N_remove(glb): 0  N_escape(glb): 0
Energy:     Error/Total         Error     Error_cum         Total       Kinetic     Potential        Modify  Modify_group Modify_single      Error_PP  Error_PP_cum
Physic:      0.00246924     -7.802125      52.84284     -3159.727      2780.893     -5940.621       104.715             0             0   0.005354867      2.538686
Slowdown:   0.003390988     -7.809211      51.30078     -2302.931      2649.669     -4952.599      21489.82             0             0  0.0009513336      1.599433
Angular Momentum:  |L|err: 16.74663  |L|err_cum: 77.32686  L: -120.8843   -83.05965    12.82456  |L|: 147.229
C.M.: mass: 1900 pos: 1.530075   0.9964726    0.1041869 vel: 0.1240218   0.04120559    0.007921536
Tree step number: 2048
**** Wallclock time per step (local): [Min/Max]
 Total       PP_single   PP_cluster  PP_cross    Tree_NB     Tree_Force  Force_corr  Kick        FindCluster CreateGroup MPI_comm    Output      Status      Other      
   0.0021423  1.9277e-05  0.00013315           0  0.00032891   0.0015583  3.2599e-05  1.3233e-05  5.8485e-05  3.0735e-05  2.8614e-06  4.8293e-06  5.6016e-09  6.6905e-06
   0.0021423  1.9333e-05   0.0001332           0  0.00032573   0.0015125  3.2654e-05   1.328e-05  5.8531e-05  3.0757e-05  2.8937e-06  4.8295e-06  5.6162e-09  6.7917e-06
**** FDPS tree soft force time profile (local):
 Sample_ptcl Domain_deco Ex_ptcl     SetRootCell Make_LT     Make_LET    Make_GT     Make_Group  Make_I_list Calc_force  Write_back 
           0           0           0   1.895e-05  0.00031004  3.7298e-05   0.0002441  3.4386e-06  8.0596e-05  0.00068986  9.3223e-05
**** Tree neighbor time profile (local):
 Sample_ptcl Domain_deco Ex_ptcl     SetRootCell Make_LT     Make_LET    Make_GT     Make_Group  Make_I_list Calc_force  Write_back 
           0           0           0  1.3125e-05  0.00013257    2.05e-05  9.3812e-05  5.8315e-07  1.6562e-05  3.8471e-05  6.8144e-06
**** Number per step (global):
 PP_single   PP_cluster  PP_cross    Cluster     Cross       AR_step_sum
      978.45      21.548           0      9.6367           0        32.6
 AR_tsyn_sum Stab_Ngroup Iso_Ngroup  Form_Ngroup End_Ngroup  Modf_Ngroup Merg_Ngroup H4_step_sum H4_no_NB    Ep-Ep_sum   Ep-Sp_sum  
      7.2314           1           0    0.040039   0.0097656   0.0024414           0      108.56    0.049316  8.5621e+05       19231
**** Number of members in clusters (global):
N_members:            1           2           3           4           5           6           7
Count    :       978.45      7.7881      1.4536     0.36719    0.025879  0.00097656  0.00097656

Time: 35  N_real(loc): 1000  N_real(glb): 1000  N_all(loc): 1012  N_all(glb): 1012  N_remove(glb): 0  N_escape(glb): 0
Energy:     Error/Total         Error     Error_cum         Total       Kinetic     Potential        Modify  Modify_group Modify_single      Error_PP  Error_PP_cum
Physic:   -0.0002198396     0.6938641       53.5367     -3156.229      3233.918     -6390.147      107.5197             0             0 -0.0008047413      2.537881
Slowdown: -0.0002988712     0.6872341      51.98801     -2299.432      3156.202     -5455.635      22349.43             0             0  -0.004094804      1.595338
Angular Momentum:  |L|err: -15.5962  |L|err_cum: 61.73066  L: -117.5571   -82.40611    -4.293486  |L|: 143.6276
C.M.: mass: 1900 pos: 1.598055   1.025361    0.1125129 vel: 0.1673741   0.05523765    -0.05925783
Tree step number: 2048
**** Wallclock time per step (local): [Min/Max]
 Total       PP_single   PP_cluster  PP_cross    Tree_NB     Tree_Force  Force_corr  Kick        FindCluster CreateGroup MPI_comm    Output      Status      Other      
   0.0022824  3.0514e-05  0.00012801           0  0.00034806   0.0016525  5.3254e-05  3.0821e-05  5.5876e-05  3.5189e-05  3.1063e-06   4.971e-06  3.1265e-09  9.8035e-06
   0.0022825  3.0551e-05  0.00012806           0  0.00034046    0.001588  5.3314e-05  3.0857e-05  5.5923e-05  3.5211e-05  3.1389e-06  4.9712e-06  3.1411e-09  1.0125e-05
**** FDPS tree soft force time profile (local):
 Sample_ptcl Domain_deco Ex_ptcl     SetRootCell Make_LT     Make_LET    Make_GT     Make_Group  Make_I_list Calc_force  Write_back 
           0           0           0  2.6431e-05  0.00031174  3.0626e-05  0.00024691  3.3599e-06  7.6895e-05    0.000764  0.00013061
**** Tree neighbor time profile (local):
 Sample_ptcl Domain_deco Ex_ptcl     SetRootCell Make_LT     Make_LET    Make_GT     Make_Group  Make_I_list Calc_force  Write_back 
           0           0           0  1.4691e-05  0.00012375   2.158e-05   9.069e-05  5.9766e-07   1.841e-05  5.7783e-05  1.5628e-05
**** Number per step (global):
 PP_single   PP_cluster  PP_cross    Cluster     Cross       AR_step_sum
      982.21      17.795           0       7.874           0      30.289
 AR_tsyn_sum Stab_Ngroup Iso_Ngroup  Form_Ngroup End_Ngroup  Modf_Ngroup Merg_Ngroup H4_step_sum H4_no_NB    Ep-Ep_sum   Ep-Sp_sum  
      6.2339           1           0   0.0087891   0.0029297           0           0      89.028   0.0029297  8.5525e+05       18415
**** Number of members in clusters (global):
N_members:            1           2           3           4           5
Count    :       982.21      6.3008      1.2236     0.22559     0.12402

Time: 35.5  N_real(loc): 1000  N_real(glb): 1000  N_all(loc): 1012  N_all(glb): 1012  N_remove(glb): 0  N_escape(glb): 0
Energy:     Error/Total         Error     Error_cum         Total       Kinetic     Potential        Modify  Modify_group Modify_single      Error_PP  Error_PP_cum
Physic:    -0.001284649      4.045306      57.58201     -3148.958      3626.715     -6775.673      110.7456             0             0    0.01425623      2.552138
Slowdown:  -0.001756235      4.025567      56.01358     -2292.157      3073.681     -5365.838      23209.47             0             0    0.00188839      1.597227
Angular Momentum:  |L|err: 8.746863  |L|err_cum: 70.47752  L: -118.5719   -80.33883    5.783935  |L|: 143.3425
C.M.: mass: 1900 pos: 1.671679   1.060465    0.1210865 vel: 0.1268595   0.07440261    0.03230582
Tree step number: 2048
**** Wallclock time per step (local): [Min/Max]
 Total       PP_single   PP_cluster  PP_cross    Tree_NB     Tree_Force  Force_corr  Kick        FindCluster CreateGroup MPI_comm    Output      Status      Other      
   0.0022789  2.6902e-05  0.00014705           0  0.00035314   0.0016278  4.8383e-05  2.4109e-05  6.5658e-05   3.431e-05  2.7426e-06  3.3584e-06  4.0557e-09  7.8198e-06
   0.0022789  2.6938e-05  0.00014711           0  0.00034794   0.0015683   4.844e-05  2.4145e-05  6.5708e-05  3.4332e-05  2.7748e-06  3.3586e-06  4.0703e-09  7.9176e-06
**** FDPS tree soft force time profile (local):
 Sample_ptcl Domain_deco Ex_ptcl     SetRootCell Make_LT     Make_LET    Make_GT     Make_Group  Make_I_list Calc_force  Write_back 
           0           0           0  2.1397e-05  0.00031639    3.61e-05  0.00025871  3.7102e-06  8.2334e-05   0.0007096  0.00012073
**** Tree neighbor time profile (local):
 Sample_ptcl Domain_deco Ex_ptcl     SetRootCell Make_LT     Make_LET    Make_GT     Make_Group  Make_I_list Calc_force  Write_back 
           0           0           0  7.1429e-06  0.00011861  2.4364e-05  0.00011552  5.9425e-07  1.3253e-05  4.7499e-05  1.0828e-05
**** Number per step (global):
 PP_single   PP_cluster  PP_cross    Cluster     Cross       AR_step_sum
      979.97      20.026           0      8.0854           0      36.468
 AR_tsyn_sum Stab_Ngroup Iso_Ngroup  Form_Ngroup End_Ngroup  Modf_Ngroup Merg_Ngroup H4_step_sum H4_no_NB    Ep-Ep_sum   Ep-Sp_sum  
      9.0708           1           0    0.013184   0.0039062           0           0      97.627    0.036133  8.5838e+05       18016
**** Number of members in clusters (global):
N_members:            1           2           3           4           5           6           7           8           9          10
Count    :       979.97      5.7959      1.4556     0.47314     0.18262    0.083008    0.032715    0.032227    0.025391   0.0048828
Hard energy significant ! dE_SD: 8.463 dE_SD/Etot_SD: -0.0120623
Thread: 0 Dump file: data.hard_large_energy_h4_n4_g1_t35.906006_M0_O0_c33_s1790682468

Time: 36  N_real(loc): 1000  N_real(glb): 1000  N_all(loc): 1012  N_all(glb): 1012  N_remove(glb): 0  N_escape(glb): 0
Energy:     Error/Total         Error     Error_cum         Total       Kinetic     Potential        Modify  Modify_group Modify_single      Error_PP  Error_PP_cum
Physic:    0.0003396385     -1.070723      56.51129     -3152.536      2613.899     -5766.434      108.2382             0             0    0.07014728      2.622285
Slowdown:  -0.003179854      7.380297      63.39388     -2320.954      2565.447     -4886.402      24030.09             0             0       8.52262      10.11985
Angular Momentum:  |L|err: -1.181547  |L|err_cum: 69.29598  L: -119.4637   -79.28081    4.969768  |L|: 143.4633
C.M.: mass: 1900 pos: 1.731354   1.12143    0.1322757 vel: 0.1107386   0.1040185    0.00141871
Tree step number: 2048
**** Wallclock time per step (local): [Min/Max]
 Total       PP_single   PP_cluster  PP_cross    Tree_NB     Tree_Force  Force_corr  Kick        FindCluster CreateGroup MPI_comm    Output      Status      Other      
   0.0021078  1.8756e-05   0.0002505           0   0.0003418   0.0013597  3.1129e-05  1.9197e-05  7.8113e-05  3.0443e-05  2.7692e-06  3.5884e-06   3.772e-09  8.1268e-06
   0.0021079    1.88e-05  0.00025057           0  0.00033405   0.0013286  3.1205e-05  1.9231e-05  7.8169e-05  3.0465e-05  2.8018e-06  3.5886e-06  3.7915e-09  8.2081e-06
**** FDPS tree soft force time profile (local):
 Sample_ptcl Domain_deco Ex_ptcl     SetRootCell Make_LT     Make_LET    Make_GT     Make_Group  Make_I_list Calc_force  Write_back 
           0           0           0   1.995e-05  0.00028004  3.4656e-05  0.00022089  3.1307e-06  5.8109e-05  0.00059789  6.3759e-05
**** Tree neighbor time profile (local):
 Sample_ptcl Domain_deco Ex_ptcl     SetRootCell Make_LT     Make_LET    Make_GT     Make_Group  Make_I_list Calc_force  Write_back 
           0           0           0  8.5547e-06  0.00011476  1.5747e-05  0.00010163  5.9191e-07   1.607e-05  5.6026e-05  1.5943e-05
**** Number per step (global):
 PP_single   PP_cluster  PP_cross    Cluster     Cross       AR_step_sum
      978.45      21.547           0      8.1611           0      78.468
 AR_tsyn_sum Stab_Ngroup Iso_Ngroup  Form_Ngroup End_Ngroup  Modf_Ngroup Merg_Ngroup H4_step_sum H4_no_NB    Ep-Ep_sum   Ep-Sp_sum  
      22.964           1           0    0.023926   0.0068359   0.0068359           0      118.85    0.075195  8.7536e+05       14526
**** Number of members in clusters (global):
N_members:            1           2           3           4           5           6           7           8           9          10
Count    :       978.45      5.8501      1.0352     0.61914     0.22461     0.15234    0.093262     0.11816    0.054199     0.01416

Time: 36.5  N_real(loc): 1000  N_real(glb): 1000  N_all(loc): 1012  N_all(glb): 1012  N_remove(glb): 0  N_escape(glb): 0
Energy:     Error/Total         Error     Error_cum         Total       Kinetic     Potential        Modify  Modify_group Modify_single      Error_PP  Error_PP_cum
Physic:    5.540194e-05     -0.174983       56.3363     -3158.427      3568.134     -6726.561      102.5214             0             0    0.05311171      2.675397
Slowdown:  7.755816e-05     -0.192957      63.20092     -2487.901      3140.698       -5628.6      24694.92             0             0    0.03434891       10.1542
Angular Momentum:  |L|err: 10.68463  |L|err_cum: 79.9806  L: -116.0866   -85.41881    14.02139  |L|: 144.807
C.M.: mass: 1900 pos: 1.791295   1.202821    0.1394724 vel: 0.07437322   0.1366409    0.03211197
Tree step number: 2048
**** Wallclock time per step (local): [Min/Max]
 Total       PP_single   PP_cluster  PP_cross    Tree_NB     Tree_Force  Force_corr  Kick        FindCluster CreateGroup MPI_comm    Output      Status      Other      
   0.0024591  1.9145e-05  0.00028666           0  0.00051352   0.0014689  3.7229e-05  2.0383e-05  8.3993e-05   3.087e-05  1.1326e-05  4.7705e-06  3.5708e-09  2.6151e-05
   0.0024592  1.9181e-05  0.00028673           0  0.00050914   0.0014269  3.7286e-05  2.0418e-05  8.4065e-05  3.0892e-05  1.1358e-05  4.7707e-06  3.5854e-09  2.6251e-05
**** FDPS tree soft force time profile (local):
 Sample_ptcl Domain_deco Ex_ptcl     SetRootCell Make_LT     Make_LET    Make_GT     Make_Group  Make_I_list Calc_force  Write_back 
           0           0           0  2.6597e-05  0.00028676  3.7919e-05  0.00021162  3.2657e-06  5.6332e-05  0.00067994  8.5617e-05
**** Tree neighbor time profile (local):
 Sample_ptcl Domain_deco Ex_ptcl     SetRootCell Make_LT     Make_LET    Make_GT     Make_Group  Make_I_list Calc_force  Write_back 
           0           0           0  1.7952e-05  0.00027711  1.9609e-05  8.6159e-05  4.9472e-07   1.661e-05  7.3048e-05  9.2042e-06
**** Number per step (global):
 PP_single   PP_cluster  PP_cross    Cluster     Cross       AR_step_sum
      979.36      20.643           0      7.2202           0      83.166
 AR_tsyn_sum Stab_Ngroup Iso_Ngroup  Form_Ngroup End_Ngroup  Modf_Ngroup Merg_Ngroup H4_step_sum H4_no_NB    Ep-Ep_sum   Ep-Sp_sum  
      23.876           1           0    0.038086   0.0087891   0.0029297           0      121.07     0.10254  8.8327e+05       13819
**** Number of members in clusters (global):
N_members:            1           2           3           4           5           6           7           8           9          10          11          12
Count    :       979.36      4.9272      1.0386     0.37207     0.21484     0.18848     0.14795     0.14258    0.088867    0.095703  0.00097656   0.0029297

Time: 37  N_real(loc): 1000  N_real(glb): 1000  N_all(loc): 1012  N_all(glb): 1012  N_remove(glb): 0  N_escape(glb): 0
Energy:     Error/Total         Error     Error_cum         Total       Kinetic     Potential        Modify  Modify_group Modify_single      Error_PP  Error_PP_cum
Physic:   -0.0007283324      2.297796       58.6341     -3154.873      3604.458     -6759.331      103.7784             0             0   -0.01699136      2.658405
Slowdown: -0.0009829421      2.283658      65.48458     -2323.289      2877.859     -5201.148      25527.78             0             0   -0.03147944      10.12272
Angular Momentum:  |L|err: -11.56887  |L|err_cum: 68.41173  L: -120.1377   -78.53747    4.341018  |L|: 143.5968
C.M.: mass: 1900 pos: 1.816629   1.274528    0.1522775 vel: 0.06414727   0.1593542    0.009159131
Tree step number: 2048
**** Wallclock time per step (local): [Min/Max]
 Total       PP_single   PP_cluster  PP_cross    Tree_NB     Tree_Force  Force_corr  Kick        FindCluster CreateGroup MPI_comm    Output      Status      Other      
   0.0023515  2.0796e-05  0.00027674           0  0.00033439   0.0015571  4.4576e-05  1.4133e-05   9.629e-05  2.7871e-05   5.696e-06  3.4035e-06  4.1533e-09  1.7809e-05
   0.0023515  2.0832e-05  0.00027685           0  0.00033005   0.0015116  4.4646e-05  1.4168e-05  9.6349e-05  2.7893e-05  5.7284e-06  3.4037e-06   4.168e-09  1.7916e-05
**** FDPS tree soft force time profile (local):
 Sample_ptcl Domain_deco Ex_ptcl     SetRootCell Make_LT     Make_LET    Make_GT     Make_Group  Make_I_list Calc_force  Write_back 
           0           0           0   2.273e-05  0.00030469  3.3523e-05  0.00021789  2.9705e-06  7.0923e-05   0.0007267  9.2832e-05
**** Tree neighbor time profile (local):
 Sample_ptcl Domain_deco Ex_ptcl     SetRootCell Make_LT     Make_LET    Make_GT     Make_Group  Make_I_list Calc_force  Write_back 
           0           0           0   1.041e-05  0.00011992  1.8287e-05  0.00010748  5.9194e-07  1.6869e-05   4.108e-05  9.1394e-06
**** Number per step (global):
 PP_single   PP_cluster  PP_cross    Cluster     Cross       AR_step_sum
       978.2      21.803           0      7.1392           0      75.759
 AR_tsyn_sum Stab_Ngroup Iso_Ngroup  Form_Ngroup End_Ngroup  Modf_Ngroup Merg_Ngroup H4_step_sum H4_no_NB    Ep-Ep_sum   Ep-Sp_sum  
      22.599           1           0     0.11963    0.027344   0.0019531           0      127.34     0.16846  8.5239e+05       19045
**** Number of members in clusters (global):
N_members:            1           2           3           4           5           6           7           8           9          10          11          12
Count    :        978.2      4.8755     0.79688     0.28027     0.20068     0.22803     0.28857     0.22559     0.17041    0.029297    0.019531    0.014648
N_members:           13
Count    :    0.0097656

Time: 37.5  N_real(loc): 1000  N_real(glb): 1000  N_all(loc): 1024  N_all(glb): 1024  N_remove(glb): 0  N_escape(glb): 0
Energy:     Error/Total         Error     Error_cum         Total       Kinetic     Potential        Modify  Modify_group Modify_single      Error_PP  Error_PP_cum
Physic:     -0.06872322      199.4804      258.1145     -2902.664      2885.953     -5788.617      156.5061             0             0     0.1231888      2.781594
Slowdown:   -0.09650079      199.4646      264.9492     -2066.973      2703.941     -4770.915      26416.21             0             0     0.1134502      10.23617
Angular Momentum:  |L|err: 132.7754  |L|err_cum: 201.1871  L: -162.454   -37.42494    135.7415  |L|: 214.983
C.M.: mass: 1900 pos: 1.841965   1.328296    0.1464052 vel: 0.06071378   0.115848    0.02032744
Tree step number: 2048
**** Wallclock time per step (local): [Min/Max]
 Total       PP_single   PP_cluster  PP_cross    Tree_NB     Tree_Force  Force_corr  Kick        FindCluster CreateGroup MPI_comm    Output      Status      Other      
    0.002544  2.4477e-05  0.00021272           0  0.00034562   0.0018167  5.8294e-05  2.2069e-05  6.7711e-05  3.5701e-05  5.0921e-06   5.222e-06  4.7305e-09  9.1024e-06
   0.0025441  2.4513e-05  0.00021278           0  0.00034147   0.0017598  5.8354e-05  2.2113e-05  6.7763e-05  3.5733e-05  5.1249e-06  5.2223e-06    4.75e-09  9.2225e-06
**** FDPS tree soft force time profile (local):
 Sample_ptcl Domain_deco Ex_ptcl     SetRootCell Make_LT     Make_LET    Make_GT     Make_Group  Make_I_list Calc_force  Write_back 
           0           0           0  3.7014e-05  0.00034406  3.9366e-05  0.00023685  4.2519e-06  8.1333e-05  0.00088325  0.00011564
**** Tree neighbor time profile (local):
 Sample_ptcl Domain_deco Ex_ptcl     SetRootCell Make_LT     Make_LET    Make_GT     Make_Group  Make_I_list Calc_force  Write_back 
           0           0           0  1.2768e-05  0.00013382  2.6167e-05  8.5942e-05  5.8667e-07  1.8284e-05  4.2581e-05  8.7917e-06
**** Number per step (global):
 PP_single   PP_cluster  PP_cross    Cluster     Cross       AR_step_sum
      979.12      20.877           0       6.166           0      65.288
 AR_tsyn_sum Stab_Ngroup Iso_Ngroup  Form_Ngroup End_Ngroup  Modf_Ngroup Merg_Ngroup H4_step_sum H4_no_NB    Ep-Ep_sum   Ep-Sp_sum  
      18.053      1.4165           0    0.050293   0.0083008           0           0      115.89      0.1001  8.5463e+05       19473
**** Number of members in clusters (global):
N_members:            1           2           3           4           5           6           7           8           9          10          11          12
Count    :       979.12      3.7554     0.84326     0.53613     0.21387    0.088379     0.13867     0.11621     0.10889    0.098633      0.1123    0.099609
N_members:           13          14          15          19          20
Count    :     0.030273    0.011719   0.0029297   0.0019531   0.0078125

Time: 38  N_real(loc): 1000  N_real(glb): 1000  N_all(loc): 1024  N_all(glb): 1024  N_remove(glb): 0  N_escape(glb): 0
Energy:     Error/Total         Error     Error_cum         Total       Kinetic     Potential        Modify  Modify_group Modify_single      Error_PP  Error_PP_cum
Physic:      -0.0299213      83.45104      341.5656     -2789.017      2797.493      -5586.51      186.7021             0             0   0.002615742       2.78421
Slowdown:   -0.04272141      83.44751      348.3967     -1953.295      2633.187     -4586.481      27282.13             0             0  0.0004163433      10.23658
Angular Momentum:  |L|err: 57.12227  |L|err_cum: 258.3094  L: -165.6452   -42.37957    193.9092  |L|: 258.5249
C.M.: mass: 1900 pos: 1.868774   1.379288    0.1462686 vel: 0.04126723   0.1323572    -0.03375459
Tree step number: 2048
**** Wallclock time per step (local): [Min/Max]
 Total       PP_single   PP_cluster  PP_cross    Tree_NB     Tree_Force  Force_corr  Kick        FindCluster CreateGroup MPI_comm    Output      Status      Other      
   0.0027023  4.5936e-05  0.00010334           0  0.00037574   0.0020285  6.2113e-05  4.1385e-05  7.1773e-05  3.0386e-05  3.5449e-06  3.7016e-06   3.439e-09  1.5856e-05
   0.0027023  4.5974e-05  0.00010339           0  0.00036715   0.0019545  6.2174e-05  4.1422e-05  7.1818e-05  3.0408e-05  3.5773e-06  3.7019e-06   3.459e-09  1.6047e-05
**** FDPS tree soft force time profile (local):
 Sample_ptcl Domain_deco Ex_ptcl     SetRootCell Make_LT     Make_LET    Make_GT     Make_Group  Make_I_list Calc_force  Write_back 
           0           0           0  2.5215e-05  0.00033763  5.0292e-05  0.00026811  3.6366e-06  7.4932e-05   0.0010453     0.00015
**** Tree neighbor time profile (local):
 Sample_ptcl Domain_deco Ex_ptcl     SetRootCell Make_LT     Make_LET    Make_GT     Make_Group  Make_I_list Calc_force  Write_back 
           0           0           0  1.2514e-05  0.00012744  2.3684e-05   0.0001084  5.8661e-07   1.592e-05  4.7206e-05  1.7648e-05
**** Number per step (global):
 PP_single   PP_cluster  PP_cross    Cluster     Cross       AR_step_sum
      984.77      15.232           0       6.354           0       33.86
 AR_tsyn_sum Stab_Ngroup Iso_Ngroup  Form_Ngroup End_Ngroup  Modf_Ngroup Merg_Ngroup H4_step_sum H4_no_NB    Ep-Ep_sum   Ep-Sp_sum  
      2.8105           2           0    0.048828    0.011719           0           0      62.002    0.084473  8.6227e+05       20396
**** Number of members in clusters (global):
N_members:            1           2           3           4           5           6           7           8
Count    :       984.77      5.2217     0.55078     0.23047      0.1123      0.1001    0.056641    0.082031

Time: 38.5  N_real(loc): 1000  N_real(glb): 1000  N_all(loc): 1024  N_all(glb): 1024  N_remove(glb): 0  N_escape(glb): 0
Energy:     Error/Total         Error     Error_cum         Total       Kinetic     Potential        Modify  Modify_group Modify_single      Error_PP  Error_PP_cum
Physic:    -0.006801971      18.80088      360.3665     -2764.034      2925.039     -5689.073      192.8845             0             0  0.0002550269      2.784465
Slowdown:  -0.009747764      18.79672      367.1934     -1928.311      2839.595     -4767.905      28124.04             0             0   0.000227903      10.23681
Angular Momentum:  |L|err: 9.007887  |L|err_cum: 267.3173  L: -164.6509   -46.64335    203.483  |L|: 265.8775
C.M.: mass: 1900 pos: 1.880888   1.442105    0.1172969 vel: 0.02155179   0.1586208    -0.01639123
Tree step number: 2048
**** Wallclock time per step (local): [Min/Max]
 Total       PP_single   PP_cluster  PP_cross    Tree_NB     Tree_Force  Force_corr  Kick        FindCluster CreateGroup MPI_comm    Output      Status      Other      
   0.0027997  3.1563e-05  0.00010274           0  0.00043114   0.0020773   6.655e-05  5.0024e-05  6.6747e-05  3.6699e-05  3.1622e-06  4.6936e-06  4.4131e-09  8.9129e-06
   0.0027997  3.1603e-05  0.00010279           0  0.00042303   0.0020032  6.6614e-05  5.0063e-05  6.6796e-05  3.6722e-05  3.3489e-06  4.6939e-06  4.4277e-09  9.0346e-06
**** FDPS tree soft force time profile (local):
 Sample_ptcl Domain_deco Ex_ptcl     SetRootCell Make_LT     Make_LET    Make_GT     Make_Group  Make_I_list Calc_force  Write_back 
           0           0           0  3.3899e-05  0.00038985  4.3761e-05  0.00030452  3.0639e-06  8.1413e-05   0.0010105  0.00015014
**** Tree neighbor time profile (local):
 Sample_ptcl Domain_deco Ex_ptcl     SetRootCell Make_LT     Make_LET    Make_GT     Make_Group  Make_I_list Calc_force  Write_back 
           0           0           0  1.9173e-05  0.00017324  2.6784e-05  0.00011748   5.951e-07    1.76e-05   5.216e-05  1.6674e-05
**** Number per step (global):
 PP_single   PP_cluster  PP_cross    Cluster     Cross       AR_step_sum
      984.31      15.693           0      5.9038           0      40.207
 AR_tsyn_sum Stab_Ngroup Iso_Ngroup  Form_Ngroup End_Ngroup  Modf_Ngroup Merg_Ngroup H4_step_sum H4_no_NB    Ep-Ep_sum   Ep-Sp_sum  
      4.7959           2           0    0.075684    0.012207           0           0       68.34    0.070312  8.7081e+05       19982
**** Number of members in clusters (global):
N_members:            1           2           3           4           5           6           7           8           9          10
Count    :       984.31      4.4214     0.55566     0.20996     0.33398     0.15332      0.1416    0.041992    0.032227    0.013672

Time: 39  N_real(loc): 1000  N_real(glb): 1000  N_all(loc): 1024  N_all(glb): 1024  N_remove(glb): 0  N_escape(glb): 0
Energy:     Error/Total         Error     Error_cum         Total       Kinetic     Potential        Modify  Modify_group Modify_single      Error_PP  Error_PP_cum
Physic:    -0.003049025      8.401097      368.7676     -2755.339      4632.205     -7387.544      193.1791             0             0    0.00078086      2.785246
Slowdown:  -0.004375789      8.399827      375.5932     -1919.614      3448.177     -5367.791      28960.06             0             0  0.0003425657      10.23715
Angular Momentum:  |L|err: -5.613895  |L|err_cum: 261.7034  L: -168.511   -43.55911    197.0863  |L|: 262.938
C.M.: mass: 1900 pos: 1.901132   1.498763    0.09289368 vel: -0.02570957   0.1024076    -0.05226906
Tree step number: 2048
**** Wallclock time per step (local): [Min/Max]
 Total       PP_single   PP_cluster  PP_cross    Tree_NB     Tree_Force  Force_corr  Kick        FindCluster CreateGroup MPI_comm    Output      Status      Other      
   0.0029375  6.1121e-05  0.00013346           0  0.00043557   0.0021081  0.00010377  6.6029e-05  6.9905e-05  3.3261e-05  5.8089e-06  4.6703e-06  4.8335e-09  1.2343e-05
   0.0029376  6.1158e-05  0.00013351           0   0.0004269   0.0020179  0.00010384  6.6066e-05  6.9956e-05  3.3283e-05  5.8419e-06  4.6707e-06  4.8481e-09  1.2466e-05
**** FDPS tree soft force time profile (local):
 Sample_ptcl Domain_deco Ex_ptcl     SetRootCell Make_LT     Make_LET    Make_GT     Make_Group  Make_I_list Calc_force  Write_back 
           0           0           0  2.9713e-05  0.00046165  3.9216e-05  0.00026075  6.1366e-06  8.0052e-05  0.00097617  0.00018294
**** Tree neighbor time profile (local):
 Sample_ptcl Domain_deco Ex_ptcl     SetRootCell Make_LT     Make_LET    Make_GT     Make_Group  Make_I_list Calc_force  Write_back 
           0           0           0  1.5188e-05  0.00017806  2.7556e-05  0.00012157  6.2496e-07  1.7844e-05  4.6304e-05  1.7814e-05
**** Number per step (global):
 PP_single   PP_cluster  PP_cross    Cluster     Cross       AR_step_sum
      983.39      16.606           0      6.9092           0      45.208
 AR_tsyn_sum Stab_Ngroup Iso_Ngroup  Form_Ngroup End_Ngroup  Modf_Ngroup Merg_Ngroup H4_step_sum H4_no_NB    Ep-Ep_sum   Ep-Sp_sum  
      6.4478           2           0     0.24316    0.023438           0           0      83.092    0.033203  8.7158e+05       20413
**** Number of members in clusters (global):
N_members:            1           2           3           4           5           6           7           8
Count    :       983.39      5.3896     0.94482     0.16162     0.17969     0.18945    0.041016   0.0029297

Time: 39.5  N_real(loc): 1000  N_real(glb): 1000  N_all(loc): 1024  N_all(glb): 1024  N_remove(glb): 0  N_escape(glb): 0
Energy:     Error/Total         Error     Error_cum         Total       Kinetic     Potential        Modify  Modify_group Modify_single      Error_PP  Error_PP_cum
Physic:    -0.002586634      7.103314      375.8709     -2746.161      3996.136     -6742.298      195.2529             0             0    0.00110248      2.786348
Slowdown:  -0.003717854      7.102727      382.6959     -1910.437      2813.672     -4724.109      29797.86             0             0  0.0002849261      10.23744
Angular Momentum:  |L|err: 11.96406  |L|err_cum: 273.6675  L: -166.3115   -47.78051    209.7793  |L|: 271.9372
C.M.: mass: 1900 pos: 1.879773   1.542454    0.07073737 vel: -0.001839897   0.1327152    -0.03578401
Tree step number: 2048
**** Wallclock time per step (local): [Min/Max]
 Total       PP_single   PP_cluster  PP_cross    Tree_NB     Tree_Force  Force_corr  Kick        FindCluster CreateGroup MPI_comm    Output      Status      Other      
   0.0026407  3.1748e-05  0.00013509           0   0.0004137   0.0019305  5.6374e-05  1.9321e-05  6.7412e-05   3.963e-05  2.0775e-06  4.5036e-06  5.7041e-09  1.0062e-05
   0.0026408  3.1785e-05  0.00013514           0  0.00040912    0.001863  5.6433e-05  1.9357e-05  6.7464e-05  3.9652e-05  2.1321e-06  4.5038e-06  5.7236e-09  1.0187e-05
**** FDPS tree soft force time profile (local):
 Sample_ptcl Domain_deco Ex_ptcl     SetRootCell Make_LT     Make_LET    Make_GT     Make_Group  Make_I_list Calc_force  Write_back 
           0           0           0  3.6425e-05  0.00033708  3.7765e-05  0.00025508   6.296e-06  8.8171e-05   0.0009565  0.00013725
**** Tree neighbor time profile (local):
 Sample_ptcl Domain_deco Ex_ptcl     SetRootCell Make_LT     Make_LET    Make_GT     Make_Group  Make_I_list Calc_force  Write_back 
           0           0           0  7.9091e-06  0.00016914  2.1415e-05  0.00010961  6.9849e-07  1.7453e-05  5.5405e-05  9.9034e-06
**** Number per step (global):
 PP_single   PP_cluster  PP_cross    Cluster     Cross       AR_step_sum
      983.48      16.518           0       7.166           0      52.152
 AR_tsyn_sum Stab_Ngroup Iso_Ngroup  Form_Ngroup End_Ngroup  Modf_Ngroup Merg_Ngroup H4_step_sum H4_no_NB    Ep-Ep_sum   Ep-Sp_sum  
      8.4282           2           0     0.78955   0.0083008           0           0      63.042     0.66553  8.7081e+05       20519
**** Number of members in clusters (global):
N_members:            1           2           3           4           5           6           7           8
Count    :       983.48      6.0229      0.5918     0.20166     0.26465    0.037109    0.039062   0.0087891

Time: 40  N_real(loc): 1000  N_real(glb): 1000  N_all(loc): 1024  N_all(glb): 1024  N_remove(glb): 0  N_escape(glb): 0
Energy:     Error/Total         Error     Error_cum         Total       Kinetic     Potential        Modify  Modify_group Modify_single      Error_PP  Error_PP_cum
Physic:    -0.001403959      3.848659      379.7195      -2741.29      4312.765     -7054.055      196.2761             0             0 -1.013453e-05      2.786338
Slowdown:  -0.002019662      3.848598      386.5445     -1905.565      3129.457     -5035.022      30634.61             0             0 -1.023927e-05      10.23743
Angular Momentum:  |L|err: 0.3579654  |L|err_cum: 274.0254  L: -166.0476   -48.95001    210.2479  |L|: 272.3456
C.M.: mass: 1900 pos: 1.892828   1.615931    0.04767756 vel: 0.07020097   0.1313222    -0.03808949
Tree step number: 2048
**** Wallclock time per step (local): [Min/Max]
 Total       PP_single   PP_cluster  PP_cross    Tree_NB     Tree_Force  Force_corr  Kick        FindCluster CreateGroup MPI_comm    Output      Status      Other      
   0.0028202  4.3542e-05  0.00011375           0    0.000373   0.0021228  7.9248e-05  4.8229e-05    8.04e-05   3.519e-05  6.5109e-06  3.8024e-06  6.9321e-09  1.2535e-05
   0.0028202  4.3579e-05   0.0001138           0  0.00036334   0.0020311   7.931e-05  4.8266e-05  8.0448e-05  3.5212e-05  6.5438e-06  3.8027e-06  6.9468e-09  1.2668e-05
**** FDPS tree soft force time profile (local):
 Sample_ptcl Domain_deco Ex_ptcl     SetRootCell Make_LT     Make_LET    Make_GT     Make_Group  Make_I_list Calc_force  Write_back 
           0           0           0  3.7567e-05  0.00036217  4.3655e-05  0.00025786  6.9299e-06  8.3135e-05   0.0010823  0.00018534
**** Tree neighbor time profile (local):
 Sample_ptcl Domain_deco Ex_ptcl     SetRootCell Make_LT     Make_LET    Make_GT     Make_Group  Make_I_list Calc_force  Write_back 
           0           0           0  1.0951e-05  0.00012842  1.9932e-05  9.0656e-05  6.6102e-07  1.4852e-05  7.3867e-05  1.9809e-05
**** Number per step (global):
 PP_single   PP_cluster  PP_cross    Cluster     Cross       AR_step_sum
      983.02      16.975           0      7.6553           0      50.647
 AR_tsyn_sum Stab_Ngroup Iso_Ngroup  Form_Ngroup End_Ngroup  Modf_Ngroup Merg_Ngroup H4_step_sum H4_no_NB    Ep-Ep_sum   Ep-Sp_sum  
      7.4902           2           0     0.99512  0.00048828           0           0      62.271       0.896   8.647e+05       21261
**** Number of members in clusters (global):
N_members:            1           2           3           4           5           6           8
Count    :       983.02      6.4238     0.93604     0.20654    0.043945    0.042969   0.0019531

Time: 40.5  N_real(loc): 1000  N_real(glb): 1000  N_all(loc): 1024  N_all(glb): 1024  N_remove(glb): 0  N_escape(glb): 0
Energy:     Error/Total         Error     Error_cum         Total       Kinetic     Potential        Modify  Modify_group Modify_single      Error_PP  Error_PP_cum
Physic:    0.0003463622    -0.9497567      378.7698     -2742.091      4609.663     -7351.754      196.4244             0             0  0.0001859873      2.786524
Slowdown:  0.0004990618    -0.9513948      385.5931     -1906.367      3430.111     -5336.478      31470.48             0             0 -3.961282e-05      10.23739
Angular Momentum:  |L|err: -10.617  |L|err_cum: 263.4084  L: -166.5997   -49.08448    199.4757  |L|: 264.4906
C.M.: mass: 1900 pos: 1.93342   1.671136    0.03512781 vel: 0.1071983   0.07672248    -0.0467223
Tree step number: 2048
**** Wallclock time per step (local): [Min/Max]
 Total       PP_single   PP_cluster  PP_cross    Tree_NB     Tree_Force  Force_corr  Kick        FindCluster CreateGroup MPI_comm    Output      Status      Other      
   0.0034187  5.3772e-05  0.00015004           0   0.0005249   0.0024499  0.00014137  8.1975e-05  8.9647e-05   4.741e-05  8.3423e-06  4.2095e-06  3.8599e-09  1.5729e-05
   0.0034187  5.3814e-05  0.00015009           0  0.00050876   0.0023148  0.00014146  8.2042e-05  8.9701e-05  4.7433e-05  8.3875e-06  4.2098e-06  3.8745e-09  1.5851e-05
**** FDPS tree soft force time profile (local):
 Sample_ptcl Domain_deco Ex_ptcl     SetRootCell Make_LT     Make_LET    Make_GT     Make_Group  Make_I_list Calc_force  Write_back 
           0           0           0  3.8746e-05  0.00049015  4.2707e-05  0.00029551  3.2253e-06  8.4717e-05   0.0011414  0.00027218
**** Tree neighbor time profile (local):
 Sample_ptcl Domain_deco Ex_ptcl     SetRootCell Make_LT     Make_LET    Make_GT     Make_Group  Make_I_list Calc_force  Write_back 
           0           0           0  1.7295e-05  0.00018361  2.9071e-05  0.00014637  8.6356e-07  1.5593e-05   8.681e-05  3.2826e-05
**** Number per step (global):
 PP_single   PP_cluster  PP_cross    Cluster     Cross       AR_step_sum
      984.66      15.344           0      6.7515           0      58.316
 AR_tsyn_sum Stab_Ngroup Iso_Ngroup  Form_Ngroup End_Ngroup  Modf_Ngroup Merg_Ngroup H4_step_sum H4_no_NB    Ep-Ep_sum   Ep-Sp_sum  
      10.631           2           0     0.80322   0.0039062           0           0      61.324     0.31738  8.7926e+05       17283
**** Number of members in clusters (global):
N_members:            1           2           3           4           5           6           7
Count    :       984.66      5.4258     0.92041      0.3291    0.049805    0.018555   0.0078125

Time: 41  N_real(loc): 1000  N_real(glb): 1000  N_all(loc): 1024  N_all(glb): 1024  N_remove(glb): 0  N_escape(glb): 0
Energy:     Error/Total         Error     Error_cum         Total       Kinetic     Potential        Modify  Modify_group Modify_single      Error_PP  Error_PP_cum
Physic:    -0.001587803      4.345422      383.1152     -2736.752      4337.018      -7073.77      197.4179             0             0 -0.0004229821      2.786101
Slowdown:  -0.002284834      4.343532      389.9367     -1901.027      3157.667     -5058.694      32307.21             0             0 -0.0001763248      10.23721
Angular Momentum:  |L|err: 15.54376  |L|err_cum: 278.9522  L: -166.5895   -49.45781    215.1856  |L|: 276.5917
C.M.: mass: 1900 pos: 1.99471   1.703413    0.004417187 vel: 0.1121277   0.06479059    -0.05777882
Tree step number: 2048
**** Wallclock time per step (local): [Min/Max]
 Total       PP_single   PP_cluster  PP_cross    Tree_NB     Tree_Force  Force_corr  Kick        FindCluster CreateGroup MPI_comm    Output      Status      Other      
   0.0024238  2.7708e-05  0.00011574           0  0.00037354   0.0017691  5.8839e-05  3.5647e-05  5.7392e-05  3.7888e-05   6.723e-06  3.3338e-06  4.7358e-09   1.175e-05
   0.0024239  2.7756e-05  0.00011579           0  0.00036655   0.0016999  5.8911e-05  3.5708e-05  5.7439e-05  3.7911e-05  6.7634e-06  3.3341e-06  4.7554e-09  1.1945e-05
**** FDPS tree soft force time profile (local):
 Sample_ptcl Domain_deco Ex_ptcl     SetRootCell Make_LT     Make_LET    Make_GT     Make_Group  Make_I_list Calc_force  Write_back 
           0           0           0    2.59e-05  0.00032577  3.6373e-05  0.00024081  3.0824e-06  8.4859e-05  0.00084618  0.00014019
**** Tree neighbor time profile (local):
 Sample_ptcl Domain_deco Ex_ptcl     SetRootCell Make_LT     Make_LET    Make_GT     Make_Group  Make_I_list Calc_force  Write_back 
           0           0           0  9.1852e-06  0.00012534  2.5639e-05  9.8497e-05  5.8406e-07  1.9368e-05  6.2121e-05  1.4471e-05
**** Number per step (global):
 PP_single   PP_cluster  PP_cross    Cluster     Cross       AR_step_sum
       981.9      18.099           0      8.0078           0      46.418
 AR_tsyn_sum Stab_Ngroup Iso_Ngroup  Form_Ngroup End_Ngroup  Modf_Ngroup Merg_Ngroup H4_step_sum H4_no_NB    Ep-Ep_sum   Ep-Sp_sum  
      6.4316           2           0     0.65723    0.011719           0           0      80.414     0.71582  8.8693e+05       17265
**** Number of members in clusters (global):
N_members:            1           2           3           4           5           6           7           9          10
Count    :        981.9      6.7178     0.86572     0.24365    0.082031     0.05957    0.016602    0.016602   0.0058594

Time: 41.5  N_real(loc): 1000  N_real(glb): 1000  N_all(loc): 1024  N_all(glb): 1024  N_remove(glb): 0  N_escape(glb): 0
Energy:     Error/Total         Error     Error_cum         Total       Kinetic     Potential        Modify  Modify_group Modify_single      Error_PP  Error_PP_cum
Physic:   -1.305332e-05    0.03572069      383.1509     -2736.521      4082.339      -6818.86      197.6136             0             0  0.0002024818      2.786303
Slowdown:   -1.8373e-05    0.03492332      389.9716     -1900.796      2902.559     -4803.355      33143.13             0             0 -4.661372e-06      10.23721
Angular Momentum:  |L|err: 2.023286  |L|err_cum: 280.9755  L: -166.2609   -50.53724    217.3263  |L|: 278.2579
C.M.: mass: 1900 pos: 2.043868   1.74621    -0.02504077 vel: 0.09484578   0.07235477    -0.05018815
Tree step number: 2048
**** Wallclock time per step (local): [Min/Max]
 Total       PP_single   PP_cluster  PP_cross    Tree_NB     Tree_Force  Force_corr  Kick        FindCluster CreateGroup MPI_comm    Output      Status      Other      
   0.0019095   2.408e-05  0.00010013           0  0.00032918   0.0013723  3.3919e-05  2.0654e-05   3.539e-05  3.0062e-05  1.4504e-06  4.8009e-06  3.7617e-09  6.2502e-06
   0.0019095  2.4117e-05  0.00010018           0  0.00032535    0.001325  3.3976e-05  2.0689e-05  3.5447e-05  3.0084e-05  1.4828e-06  4.8011e-06  3.7764e-09  6.3343e-06
**** FDPS tree soft force time profile (local):
 Sample_ptcl Domain_deco Ex_ptcl     SetRootCell Make_LT     Make_LET    Make_GT     Make_Group  Make_I_list Calc_force  Write_back 
           0           0           0  2.0757e-05  0.00027874  3.4433e-05  0.00019614  4.0471e-06  6.3914e-05  0.00062165  9.6401e-05
**** Tree neighbor time profile (local):
 Sample_ptcl Domain_deco Ex_ptcl     SetRootCell Make_LT     Make_LET    Make_GT     Make_Group  Make_I_list Calc_force  Write_back 
           0           0           0  6.1868e-06  0.00011938  2.3484e-05   8.583e-05  5.7692e-07  1.4305e-05  5.7524e-05  8.1299e-06
**** Number per step (global):
 PP_single   PP_cluster  PP_cross    Cluster     Cross       AR_step_sum
      984.44      15.559           0      7.1299           0      55.244
 AR_tsyn_sum Stab_Ngroup Iso_Ngroup  Form_Ngroup End_Ngroup  Modf_Ngroup Merg_Ngroup H4_step_sum H4_no_NB    Ep-Ep_sum   Ep-Sp_sum  
      9.0308           2           0       1.001   0.0014648           0           0      50.867      1.1182  9.1774e+05       11843
**** Number of members in clusters (global):
N_members:            1           2           3           4           5           6
Count    :       984.44      5.9795      1.0068     0.14062  0.00097656   0.0019531

Time: 42  N_real(loc): 1000  N_real(glb): 1000  N_all(loc): 1024  N_all(glb): 1024  N_remove(glb): 0  N_escape(glb): 0
Energy:     Error/Total         Error     Error_cum         Total       Kinetic     Potential        Modify  Modify_group Modify_single      Error_PP  Error_PP_cum
Physic:   -0.0007583725      2.073265      385.2242     -2733.834      4414.061     -7147.896      198.2266             0             0  -4.13526e-05      2.786262
Slowdown:  -0.001091821      2.072395       392.044     -1898.109      3234.504     -5132.613      33979.47             0             0 -3.598954e-05      10.23717
Angular Momentum:  |L|err: -9.867682  |L|err_cum: 271.1078  L: -166.5604   -52.13156    207.4283  |L|: 271.0841
C.M.: mass: 1900 pos: 2.098522   1.78145    -0.04446432 vel: 0.1013274   0.07484983    -0.007948643
Tree step number: 2048
**** Wallclock time per step (local): [Min/Max]
 Total       PP_single   PP_cluster  PP_cross    Tree_NB     Tree_Force  Force_corr  Kick        FindCluster CreateGroup MPI_comm    Output      Status      Other      
   0.0021147  2.3819e-05  0.00011985           0  0.00036725   0.0015012  3.6034e-05  1.8263e-05  4.4898e-05  3.5507e-05  2.6433e-06  3.6893e-06  4.2021e-09  5.1087e-06
   0.0021147  2.3857e-05  0.00011991           0  0.00036098   0.0014595  3.6109e-05  1.8299e-05  4.4949e-05  3.5531e-05  2.6755e-06  3.6896e-06  4.2222e-09  7.2182e-06
**** FDPS tree soft force time profile (local):
 Sample_ptcl Domain_deco Ex_ptcl     SetRootCell Make_LT     Make_LET    Make_GT     Make_Group  Make_I_list Calc_force  Write_back 
           0           0           0  2.0434e-05  0.00029257  3.8162e-05  0.00022357  5.2921e-06  6.3647e-05  0.00070317  8.5194e-05
**** Tree neighbor time profile (local):
 Sample_ptcl Domain_deco Ex_ptcl     SetRootCell Make_LT     Make_LET    Make_GT     Make_Group  Make_I_list Calc_force  Write_back 
           0           0           0  7.5044e-06  0.00012109   2.061e-05   9.814e-05  7.4035e-07  1.8212e-05  7.4585e-05  1.3292e-05
**** Number per step (global):
 PP_single   PP_cluster  PP_cross    Cluster     Cross       AR_step_sum
      984.63      15.367           0      7.1128           0      54.428
 AR_tsyn_sum Stab_Ngroup Iso_Ngroup  Form_Ngroup End_Ngroup  Modf_Ngroup Merg_Ngroup H4_step_sum H4_no_NB    Ep-Ep_sum   Ep-Sp_sum  
      8.5068           2           0      1.0039  0.00097656           0           0       52.01      1.3008  9.1173e+05       14082
**** Number of members in clusters (global):
N_members:            1           2           3           4           5           6           7           8           9
Count    :       984.63      6.3965     0.47314     0.16504    0.033203   0.0078125    0.025391   0.0019531   0.0097656

Time: 42.5  N_real(loc): 1000  N_real(glb): 1000  N_all(loc): 1024  N_all(glb): 1024  N_remove(glb): 0  N_escape(glb): 0
Energy:     Error/Total         Error     Error_cum         Total       Kinetic     Potential        Modify  Modify_group Modify_single      Error_PP  Error_PP_cum
Physic:   -0.0004366058      1.192957      386.4171     -2732.344      4121.327     -6853.671      198.5239             0             0  -3.69079e-05      2.786225
Slowdown: -0.0006289579      1.192894      393.2369     -1896.619      2940.756     -4837.375      34815.49             0             0 -3.690799e-05      10.23713
Angular Momentum:  |L|err: 1.337175  |L|err_cum: 272.445  L: -169.0678   -49.50619    208.3177  |L|: 272.8205
C.M.: mass: 1900 pos: 2.147775   1.830364    -0.05935662 vel: 0.07967525   0.1215432    -0.01586325
Tree step number: 2048
**** Wallclock time per step (local): [Min/Max]
 Total       PP_single   PP_cluster  PP_cross    Tree_NB     Tree_Force  Force_corr  Kick        FindCluster CreateGroup MPI_comm    Output      Status      Other      
   0.0022194  2.0441e-05  0.00012596           0  0.00034965   0.0016259  4.3144e-05  1.7719e-05  4.4576e-05  3.4408e-05  1.8908e-06  5.0374e-06  4.9165e-09  5.6899e-06
   0.0022194  2.0477e-05  0.00012601           0  0.00034507   0.0015732  4.3203e-05  1.7754e-05  4.4624e-05   3.443e-05  1.9234e-06  5.0376e-06  4.9365e-09  5.7987e-06
**** FDPS tree soft force time profile (local):
 Sample_ptcl Domain_deco Ex_ptcl     SetRootCell Make_LT     Make_LET    Make_GT     Make_Group  Make_I_list Calc_force  Write_back 
           0           0           0  2.0069e-05   0.0002843  3.1915e-05  0.00020403  3.2156e-06  7.2837e-05  0.00084156    0.000107
**** Tree neighbor time profile (local):
 Sample_ptcl Domain_deco Ex_ptcl     SetRootCell Make_LT     Make_LET    Make_GT     Make_Group  Make_I_list Calc_force  Write_back 
           0           0           0  8.1697e-06  0.00011951  1.9444e-05  8.8648e-05  6.2683e-07  1.7134e-05  7.4482e-05  9.6094e-06
**** Number per step (global):
 PP_single   PP_cluster  PP_cross    Cluster     Cross       AR_step_sum
      985.37      14.629           0      6.3882           0      61.503
 AR_tsyn_sum Stab_Ngroup Iso_Ngroup  Form_Ngroup End_Ngroup  Modf_Ngroup Merg_Ngroup H4_step_sum H4_no_NB    Ep-Ep_sum   Ep-Sp_sum  
      11.017           2           0      1.0039   0.0019531           0           0      51.867     0.93066   8.878e+05       18856
**** Number of members in clusters (global):
N_members:            1           2           3           4           5           6           7           9
Count    :       985.37      5.3516     0.64648      0.2041    0.036133    0.091309    0.042969    0.015625

Time: 43  N_real(loc): 1000  N_real(glb): 1000  N_all(loc): 1024  N_all(glb): 1024  N_remove(glb): 0  N_escape(glb): 0
Energy:     Error/Total         Error     Error_cum         Total       Kinetic     Potential        Modify  Modify_group Modify_single      Error_PP  Error_PP_cum
Physic:     0.003827429     -10.50063      375.9165      -2743.52      4583.427     -7326.947       197.849             0             0   0.008908845      2.795134
Slowdown:   0.005367237     -10.51199      382.7249     -1958.548      3135.453         -5094       35599.8             0             0  0.0007413601      10.23788
Angular Momentum:  |L|err: 26.34983  |L|err_cum: 298.7948  L: -171.8429   -45.23497    234.3012  |L|: 294.0633
C.M.: mass: 1900 pos: 2.185345   1.885462    -0.05927145 vel: 0.07805681   0.1099886    0.01692225
Tree step number: 2048
**** Wallclock time per step (local): [Min/Max]
 Total       PP_single   PP_cluster  PP_cross    Tree_NB     Tree_Force  Force_corr  Kick        FindCluster CreateGroup MPI_comm    Output      Status      Other      
   0.0018653  1.5779e-05  0.00013572           0  0.00028878   0.0013563   1.851e-05  1.1778e-05  3.4062e-05  2.1526e-05  1.0761e-06  4.3884e-06  5.5039e-09  3.5999e-06
   0.0018653  1.5814e-05  0.00013583           0  0.00028105   0.0013354  1.8587e-05  1.1811e-05  3.4107e-05  2.1546e-05  1.1083e-06  4.3887e-06  5.5186e-09  3.7136e-06
**** FDPS tree soft force time profile (local):
 Sample_ptcl Domain_deco Ex_ptcl     SetRootCell Make_LT     Make_LET    Make_GT     Make_Group  Make_I_list Calc_force  Write_back 
           0           0           0  9.1864e-06  0.00022417  2.4859e-05  0.00016675  2.8825e-06  6.3603e-05   0.0007638  4.3682e-05
**** Tree neighbor time profile (local):
 Sample_ptcl Domain_deco Ex_ptcl     SetRootCell Make_LT     Make_LET    Make_GT     Make_Group  Make_I_list Calc_force  Write_back 
           0           0           0  4.4273e-06   9.751e-05  1.5428e-05  7.2811e-05  6.1038e-07  1.2548e-05  5.3801e-05    1.59e-05
**** Number per step (global):
 PP_single   PP_cluster  PP_cross    Cluster     Cross       AR_step_sum
      983.82      16.182           0      6.8096           0      74.583
 AR_tsyn_sum Stab_Ngroup Iso_Ngroup  Form_Ngroup End_Ngroup  Modf_Ngroup Merg_Ngroup H4_step_sum H4_no_NB    Ep-Ep_sum   Ep-Sp_sum  
      15.865           2           0     0.97754  0.00048828           0           0      60.942     0.59814  8.8529e+05       18197
**** Number of members in clusters (global):
N_members:            1           2           3           4           5           6           7           8           9
Count    :       983.82      5.6045     0.50586     0.28027     0.25684     0.11523     0.02832   0.0068359    0.011719

Time: 43.5  N_real(loc): 1000  N_real(glb): 1000  N_all(loc): 1024  N_all(glb): 1024  N_remove(glb): 0  N_escape(glb): 0
Energy:     Error/Total         Error     Error_cum         Total       Kinetic     Potential        Modify  Modify_group Modify_single      Error_PP  Error_PP_cum
Physic:    -0.001793794      4.910633      380.8272     -2737.567      2974.383     -5711.951      198.8906             0             0   0.007416711      2.802551
Slowdown:  -0.002579118       4.90508        387.63     -1901.844      2937.096      -4838.94      36436.57             0             0   0.002966674      10.24084
Angular Momentum:  |L|err: -36.30473  |L|err_cum: 262.4901  L: -164.4066   -52.45662    199.0095  |L|: 263.4123
C.M.: mass: 1900 pos: 2.221473   1.935773    -0.04818101 vel: 0.09116241   0.1131498    -0.003434732
Tree step number: 2048
**** Wallclock time per step (local): [Min/Max]
 Total       PP_single   PP_cluster  PP_cross    Tree_NB     Tree_Force  Force_corr  Kick        FindCluster CreateGroup MPI_comm    Output      Status      Other      
   0.0017133  1.3781e-05  0.00016277           0  0.00024252   0.0012282   1.422e-05  6.4401e-06   2.623e-05  2.1548e-05  9.9001e-07   4.406e-06  4.0898e-09  3.0473e-06
   0.0017134  1.3825e-05  0.00016282           0  0.00024063   0.0012168  1.4271e-05  6.4727e-06  2.6275e-05  2.1567e-05  1.0216e-06  4.4063e-06  4.1045e-09   3.266e-06
**** FDPS tree soft force time profile (local):
 Sample_ptcl Domain_deco Ex_ptcl     SetRootCell Make_LT     Make_LET    Make_GT     Make_Group  Make_I_list Calc_force  Write_back 
           0           0           0  7.1539e-06  0.00018671  2.3951e-05  0.00014701  2.6626e-06  5.7265e-05  0.00072493    2.43e-05
**** Tree neighbor time profile (local):
 Sample_ptcl Domain_deco Ex_ptcl     SetRootCell Make_LT     Make_LET    Make_GT     Make_Group  Make_I_list Calc_force  Write_back 
           0           0           0  3.1255e-06  7.9083e-05   1.401e-05  6.4193e-05  5.9335e-07  1.1118e-05  5.2531e-05  4.2527e-06
**** Number per step (global):
 PP_single   PP_cluster  PP_cross    Cluster     Cross       AR_step_sum
      983.52      16.475           0      6.5801           0       97.97
 AR_tsyn_sum Stab_Ngroup Iso_Ngroup  Form_Ngroup End_Ngroup  Modf_Ngroup Merg_Ngroup H4_step_sum H4_no_NB    Ep-Ep_sum   Ep-Sp_sum  
      24.258           2           0     0.99854  0.00097656           0           0      69.494    0.041016  8.8781e+05       16897
**** Number of members in clusters (global):
N_members:            1           2           3           4           5           6           7           8          10
Count    :       983.52      4.6206      1.1421     0.54102     0.12988     0.07373    0.045898    0.019043   0.0078125
Hard energy significant ! dE_SD: 0.0635054 dE_SD/Etot_SD: -0.000236009
Thread: 3 Dump file: data.hard_large_energy_h4_n7_g1_t43.585693_M0_O3_c34_s1790682545

Time: 44  N_real(loc): 1000  N_real(glb): 1000  N_all(loc): 1036  N_all(glb): 1036  N_remove(glb): 0  N_escape(glb): 0
Energy:     Error/Total         Error     Error_cum         Total       Kinetic     Potential        Modify  Modify_group Modify_single      Error_PP  Error_PP_cum
Physic:     -0.09554991      232.1354      612.9626     -2429.467      3318.432       -5747.9      274.8552             0             0     0.1879357      2.990487
Slowdown:    -0.1539875       232.058       619.688     -1506.992       2818.32     -4325.312      37435.08             0             0     0.1853263      10.42617
Angular Momentum:  |L|err: 401.5294  |L|err_cum: 664.0195  L: 148.9724   -438.4715    409.7403  |L|: 618.3342
C.M.: mass: 1900 pos: 2.241598   1.984169    -0.004076361 vel: 0.07022097   0.1406396    0.1030125
Tree step number: 2048
**** Wallclock time per step (local): [Min/Max]
 Total       PP_single   PP_cluster  PP_cross    Tree_NB     Tree_Force  Force_corr  Kick        FindCluster CreateGroup MPI_comm    Output      Status      Other      
   0.0021979  2.1399e-05   0.0002386           0  0.00031077   0.0015179  2.6666e-05  1.5774e-05  6.5293e-05  2.8599e-05  1.3854e-06  5.3854e-06  3.9673e-09  4.1615e-06
   0.0021979  2.1436e-05  0.00023866           0   0.0003002    0.001488  2.6741e-05  1.5808e-05  6.5358e-05  2.8621e-05  1.4174e-06  5.3857e-06  3.9819e-09  4.2801e-06
**** FDPS tree soft force time profile (local):
 Sample_ptcl Domain_deco Ex_ptcl     SetRootCell Make_LT     Make_LET    Make_GT     Make_Group  Make_I_list Calc_force  Write_back 
           0           0           0  1.2017e-05  0.00025236   3.139e-05  0.00019055  3.6556e-06  6.3704e-05  0.00083897  6.1295e-05
**** Tree neighbor time profile (local):
 Sample_ptcl Domain_deco Ex_ptcl     SetRootCell Make_LT     Make_LET    Make_GT     Make_Group  Make_I_list Calc_force  Write_back 
           0           0           0    6.02e-06  0.00010196  1.5342e-05  7.8514e-05  6.1754e-07   1.288e-05  5.9461e-05  2.1718e-05
**** Number per step (global):
 PP_single   PP_cluster  PP_cross    Cluster     Cross       AR_step_sum
      977.56       22.44           0      8.7095           0      101.28
 AR_tsyn_sum Stab_Ngroup Iso_Ngroup  Form_Ngroup End_Ngroup  Modf_Ngroup Merg_Ngroup H4_step_sum H4_no_NB    Ep-Ep_sum   Ep-Sp_sum  
      22.356      2.8286           0      0.2002   0.0068359   0.0019531           0      108.33     0.06543  8.9296e+05       18030
**** Number of members in clusters (global):
N_members:            1           2           3           4           5           6           7           8           9          10          11          12
Count    :       977.56      6.4688      1.1499     0.49658     0.15332     0.17676    0.089844    0.033691     0.10059    0.022461  0.00097656    0.015625
N_members:           13
Count    :   0.00097656
Hard energy significant ! dE_SD: 0.148738 dE_SD/Etot_SD: -0.000136408
Thread: 1 Dump file: data.hard_large_energy_h4_n4_g1_t44.216553_M0_O1_c35_s1790682552
Hard energy significant ! dE_SD: -0.296754 dE_SD/Etot_SD: 0.000271031
Thread: 2 Dump file: data.hard_large_energy_h4_n4_g1_t44.220947_M0_O2_c36_s1790682552
Hard energy significant ! dE_SD: 0.426467 dE_SD/Etot_SD: -0.000389595
Thread: 3 Dump file: data.hard_large_energy_h4_n4_g1_t44.221191_M0_O3_c37_s1790682552
Hard energy significant ! dE_SD: 0.425261 dE_SD/Etot_SD: -0.000388538
Thread: 2 Dump file: data.hard_large_energy_h4_n4_g1_t44.221436_M0_O2_c38_s1790682552
Hard energy significant ! dE_SD: -1.25762 dE_SD/Etot_SD: 0.00114756
Thread: 1 Dump file: data.hard_large_energy_h4_n4_g1_t44.221680_M0_O1_c39_s1790682552
Hard energy significant ! dE_SD: 0.186695 dE_SD/Etot_SD: -0.000170342
Thread: 2 Dump file: data.hard_large_energy_h4_n4_g1_t44.221924_M0_O2_c40_s1790682552
Hard energy significant ! dE_SD: 0.441302 dE_SD/Etot_SD: -0.000402635
Thread: 2 Dump file: data.hard_large_energy_h4_n4_g1_t44.222412_M0_O2_c41_s1790682552
Hard energy significant ! dE_SD: -0.115693 dE_SD/Etot_SD: 0.000105532
Thread: 3 Dump file: data.hard_large_energy_h4_n4_g1_t44.222656_M0_O3_c42_s1790682552
Hard energy significant ! dE_SD: 0.212435 dE_SD/Etot_SD: -0.000193405
Thread: 0 Dump file: data.hard_large_energy_h4_n4_g1_t44.226074_M0_O0_c43_s1790682552
Hard energy significant ! dE_SD: -0.239637 dE_SD/Etot_SD: 0.000218081
Thread: 1 Dump file: data.hard_large_energy_h4_n4_g1_t44.226318_M0_O1_c44_s1790682552
Hard energy significant ! dE_SD: -0.126599 dE_SD/Etot_SD: 0.000115146
Thread: 3 Dump file: data.hard_large_energy_h4_n4_g1_t44.227051_M0_O3_c45_s1790682552
Hard energy significant ! dE_SD: 0.153286 dE_SD/Etot_SD: -0.000139415
Thread: 2 Dump file: data.hard_large_energy_h4_n4_g1_t44.227295_M0_O2_c46_s1790682552
Hard energy significant ! dE_SD: 0.167789 dE_SD/Etot_SD: -0.00015258
Thread: 2 Dump file: data.hard_large_energy_h4_n4_g1_t44.228027_M0_O2_c47_s1790682552
Hard energy significant ! dE_SD: 0.150749 dE_SD/Etot_SD: -0.000136886
Thread: 3 Dump file: data.hard_large_energy_h4_n4_g1_t44.231689_M0_O3_c48_s1790682552
Hard energy significant ! dE_SD: 0.126967 dE_SD/Etot_SD: -0.000116561
Thread: 3 Dump file: data.hard_large_energy_h4_n4_g1_t44.445312_M0_O3_c49_s1790682555

Time: 44.5  N_real(loc): 1000  N_real(glb): 1000  N_all(loc): 1036  N_all(glb): 1036  N_remove(glb): 0  N_escape(glb): 0
Energy:     Error/Total         Error     Error_cum         Total       Kinetic     Potential        Modify  Modify_group Modify_single      Error_PP  Error_PP_cum
Physic:     -0.03329676      77.77265      690.7352     -2335.742      3853.821     -6189.563      290.8078             0             0     0.4449921      3.435479
Slowdown:    -0.0335617      77.77056      697.4585     -2317.241      3839.959       -6157.2      37469.54             0             0     0.4453327       10.8715
Angular Momentum:  |L|err: 63.73912  |L|err_cum: 727.7586  L: 193.5431   -487.1167    433.4172  |L|: 680.1412
C.M.: mass: 1900 pos: 2.253927   2.03623    0.05127868 vel: 0.08021243   0.1018024    0.09368453
Tree step number: 2048
**** Wallclock time per step (local): [Min/Max]
 Total       PP_single   PP_cluster  PP_cross    Tree_NB     Tree_Force  Force_corr  Kick        FindCluster CreateGroup MPI_comm    Output      Status      Other      
   0.0034288  2.5394e-05   0.0007775           0  0.00049244    0.001875  4.4649e-05  2.6397e-05  0.00015348  4.6443e-05  8.0605e-06  4.2828e-06  5.3862e-09  2.7582e-05
   0.0034288  2.5431e-05  0.00077761           0   0.0004846   0.0018271  4.4706e-05  2.6441e-05  0.00015359  4.6471e-05  8.1048e-06  4.2831e-06  5.4009e-09  2.7717e-05
**** FDPS tree soft force time profile (local):
 Sample_ptcl Domain_deco Ex_ptcl     SetRootCell Make_LT     Make_LET    Make_GT     Make_Group  Make_I_list Calc_force  Write_back 
           0           0           0  2.2965e-05  0.00035337  4.1453e-05  0.00023795  8.1269e-06  9.9273e-05  0.00092609  9.7492e-05
**** Tree neighbor time profile (local):
 Sample_ptcl Domain_deco Ex_ptcl     SetRootCell Make_LT     Make_LET    Make_GT     Make_Group  Make_I_list Calc_force  Write_back 
           0           0           0  2.0552e-05  0.00018318  3.1904e-05   0.0001253  8.1239e-07  1.8653e-05  8.0648e-05  1.6373e-05
**** Number per step (global):
 PP_single   PP_cluster  PP_cross    Cluster     Cross       AR_step_sum
      984.59      15.414           0      6.3877           0      315.85
 AR_tsyn_sum Stab_Ngroup Iso_Ngroup  Form_Ngroup End_Ngroup  Modf_Ngroup Merg_Ngroup H4_step_sum H4_no_NB    Ep-Ep_sum   Ep-Sp_sum  
      75.916           3           0     0.45752    0.081055     0.31787           0      111.18     0.34619  8.9358e+05       20480
**** Number of members in clusters (global):
N_members:            1           2           3           4           5           6           7           8
Count    :       984.59      5.2422     0.37061     0.32617     0.24414     0.14795     0.04834   0.0083008
Warning: step count is signficiant large
  T: 0.000193908  dT_err/T: 0.292018  ds: 4.01973e-09  ds_init: 0.00421499  |Int_err/E|: 5.10244e-09  |Int_err_cum/E|: 0.062648  |dE/E|: 1.65653e-13  dE_cum: -51.0624  Etot_sd: -350.353  T_end_flag: 0  Step_count: 1000000  Fix:  none
  Binary[0]:   i1=2  i2=1  m1=10  m2=10  semi= 0.000199406  ecc= 0.429802  period= 5.89845e-05  stab= 0  SD= 2.76397  SD_org= 2.76397  Tscale= 0.000707946  pert_in= 4.31478e+12  pert_out= 1.56108e+08
  Binary[1]:   i1=0  i2=-1  m1=1  m2=20  semi= -0.00673017  ecc= 1.43481  period= 0.0112869  stab= 1.79769e+308  SD= 1  SD_org= 1  Tscale= 0.000976562  pert_in= -4.5452e+06  pert_out= 2.69057e+06
Thread: 2 Dump file: data.dump_large_step_ar_n3_t44.807373_M0_O2_c50_s1790682563
Large H4-AR step cluster found (dump): step: 2329201
Warning: step count is signficiant large
  T: 0.000203106  dT_err/T: 0.689223  ds: 4.01975e-09  ds_init: 0.00421501  |Int_err/E|: 6.89719e-09  |Int_err_cum/E|: 0.0760703  |dE/E|: 9.73423e-14  dE_cum: -75.6139  Etot_sd: -336.942  T_end_flag: 0  Step_count: 1000000  Fix:  none
  Binary[0]:   i1=2  i2=1  m1=10  m2=10  semi= 0.000199408  ecc= 0.429797  period= 5.89854e-05  stab= 0  SD= 2.69052  SD_org= 2.69052  Tscale= 0.000699196  pert_in= 4.31468e+12  pert_out= 1.60366e+08
  Binary[1]:   i1=0  i2=-1  m1=1  m2=20  semi= -0.00673028  ecc= 1.4348  period= 0.0112872  stab= 1.79769e+308  SD= 1  SD_org= 1  Tscale= 0.000976562  pert_in= -4.54506e+06  pert_out= 2.69268e+06
Warning: step count is signficiant large
  T: 0.000217042  dT_err/T: 0.775912  ds: 5.06456e-09  ds_init: 0.00421501  |Int_err/E|: 5.28212e-09  |Int_err_cum/E|: 0.0888667  |dE/E|: 7.59597e-14  dE_cum: -126.319  Etot_sd: -303.824  T_end_flag: 0  Step_count: 1000000  Fix:  none
  Binary[0]:   i1=2  i2=1  m1=10  m2=10  semi= 0.000199408  ecc= 0.429792  period= 5.89853e-05  stab= 0  SD= 2.58219  SD_org= 2.58219  Tscale= 0.000686031  pert_in= 4.31476e+12  pert_out= 1.67097e+08
  Binary[1]:   i1=0  i2=-1  m1=1  m2=20  semi= -0.00673029  ecc= 1.43479  period= 0.0112872  stab= 1.79769e+308  SD= 1  SD_org= 1  Tscale= 0.000976562  pert_in= -4.54509e+06  pert_out= 2.69589e+06
Warning: step count is signficiant large
  T: 0.000231164  dT_err/T: 0.850428  ds: 2.256e-09  ds_init: 0.004215  |Int_err/E|: 6.48201e-09  |Int_err_cum/E|: 0.14567  |dE/E|: 2.14807e-14  dE_cum: -189.571  Etot_sd: -259.333  T_end_flag: 0  Step_count: 1000000  Fix:  none
  Binary[0]:   i1=1  i2=2  m1=10  m2=10  semi= 0.000199406  ecc= 0.429787  period= 5.89847e-05  stab= 0  SD= 2.47586  SD_org= 2.47586  Tscale= 0.000672811  pert_in= 4.31489e+12  pert_out= 1.74278e+08
  Binary[1]:   i1=0  i2=-1  m1=1  m2=20  semi= -0.00673047  ecc= 1.43477  period= 0.0112877  stab= 1.79769e+308  SD= 1  SD_org= 1  Tscale= 0.000976562  pert_in= -4.54483e+06  pert_out= 2.69914e+06
