0 1000 0
1 0.549837528942988 0.334979356946516 -0.0689432287289322 0.836686904832036 -0.809460220712799 1.97293678571989 0 0 1 0 0 0 0 0 0 0 0 0 0
1 1.40160270613225 -0.547396682435451 -0.202417693396409 1.32218301635045 -0.466619917611992 2.03786570045476 0 0 2 0 0 0 0 0 0 0 0 0 0
1 0.544695556194075 -0.0122430650662831 0.18284657594608 -0.0370050668610472 0.473137555646334 0.385759452181891 0 0 3 0 0 0 0 0 0 0 0 0 0
1 0.295912781600199 0.357566687972484 0.518027253769952 0.349683953825021 0.659542024493003 0.377326626248134 0 0 4 0 0 0 0 0 0 0 0 0 0
1 0.274561220376399 0.144949301525892 -0.496468643353816 -1.97080520205074 -1.58539821242422 -1.05915079669723 0 0 5 0 0 0 0 0 0 0 0 0 0
1 0.531544773449117 0.279319152107171 -0.187129229093489 0.771239220257906 0.359126528789544 -0.821049176701284 0 0 6 0 0 0 0 0 0 0 0 0 0
1 -0.204254226821257 2.14016680642124 -0.136601671062574 -0.916220527041326 -0.652480084493995 -0.981627086132384 0 0 7 0 0 0 0 0 0 0 0 0 0
1 -0.457244142607408 0.205222170622539 -0.891171548469581 0.973277172931938 -1.08255870667604 -1.09914248230569 0 0 8 0 0 0 0 0 0 0 0 0 0
1 -0.967643811296071 0.945234019509058 -0.0412158750436296 0.40226737843504 -1.02053138549602 0.593414091484546 0 0 9 0 0 0 0 0 0 0 0 0 0
1 0.77521693206003 0.08480479099352 -0.694508061474357 0.942547412101444 0.188562811301693 -1.41688794479521 0 0 10 0 0 0 0 0 0 0 0 0 0
1 0.452943306555866 -0.414683705786447 0.294550632003555 0.828160641511673 -1.56191069443931 -0.213995956033694 0 0 11 0 0 0 0 0 0 0 0 0 0
1 -0.766577043920024 -1.0841182223447 1.05126836674418 1.16058601410464 0.380937773447455 -0.275676571332565 0 0 12 0 0 0 0 0 0 0 0 0 0
1 0.0889661639983753 1.31410395291893 -0.401385888645921 -0.720492963275166 0.702630381032164 -1.34078521419047 0 0 13 0 0 0 0 0 0 0 0 0 0
1 0.559401236370343 0.26507892017058 -0.103731092667505 -2.72390390182645 0.357218893087484 -0.745786530250898 0 0 14 0 0 0 0 0 0 0 0 0 0
1 0.0673103067460762 2.37588426117758 0.244341342184071 -0.169293734256767 0.468194734843817 0.841083887846068 0 0 15 0 0 0 0 0 0 0 0 0 0
1 0.397886926024884 -0.424653701511985 -0.456181174335666 2.07571757582035 1.77355101404774 -0.967357400921748 0 0 16 0 0 0 0 0 0 0 0 0 0
1 -0.216043021605632 -0.283950737970055 0.0854593542443406 -1.61039077948894 2.68130607022866 0.510376201795675 0 0 17 0 0 0 0 0 0 0 0 0 0
1 -1.1769989739052 -3.72356388521565 -0.341074458091453 0.147062798684 1.10902514660618 -0.457414104878911 0 0 18 0 0 0 0 0 0 0 0 0 0
1 0.337649221866001 -0.650228434490895 -0.160345357508394 0.247071933349341 2.0414348876216 1.82454767784453 0 0 19 0 0 0 0 0 0 0 0 0 0
1 -0.553103275736223 -0.687686790639356 0.779102396281527 0.185625429766994 0.0644557614192799 -1.14274111969215 0 0 20 0 0 0 0 0 0 0 0 0 0
1 -0.513902802815208 0.403926957739692 0.133606376853555 0.241305575554119 -1.63751246072503 1.58687399180547 0 0 21 0 0 0 0 0 0 0 0 0 0
1 0.534351380881851 0.317088039341298 -0.77004060616324 -0.422500443625965 -0.0494733394676448 1.16381810588777 0 0 22 0 0 0 0 0 0 0 0 0 0
1 0.297036808334724 -0.615165948636298 -0.0287420075554814 0.670168483109508 1.53160630433421 -0.346603625609355 0 0 23 0 0 0 0 0 0 0 0 0 0
1 -1.25455406294875 1.17461464276179 -0.521045252592231 -0.247389032630976 1.98469320965692 1.28735459832125 0 0 24 0 0 0 0 0 0 0 0 0 0
1 -0.361239598828372 -0.703217577198778 -0.252891079867824 1.29977604228995 1.33713536518608 1.96217754985768 0 0 25 0 0 0 0 0 0 0 0 0 0
1 0.719317637089973 0.630139851418598 -1.01413762943627 -0.441354628567837 -1.79562506498421 -0.519980257829797 0 0 26 0 0 0 0 0 0 0 0 0 0
1 -0.257308659194157 -0.645390453063034 -0.0151636387677948 -0.920809359968404 -0.0982520858760993 0.521918779845076 0 0 27 0 0 0 0 0 0 0 0 0 0
1 0.344662363866836 -0.173703035526694 0.293633420021144 0.0724148768658494 -0.101041175955942 0.743542742707395 0 0 28 0 0 0 0 0 0 0 0 0 0
1 -2.17355510316327 -2.69803775258848 -1.62362667189255 -0.533312472273068 -0.597904698269307 -0.4414336750773 0 0 29 0 0 0 0 0 0 0 0 0 0
1 1.84201637398727 1.13832254102403 0.425640531194352 -0.58676114619758 -0.923810473851659 -0.408579214546437 0 0 30 0 0 0 0 0 0 0 0 0 0
1 -1.04710669535192 1.36236411988444 0.125258814360181 0.413757829304629 -0.968846560703237 -0.240103159756932 0 0 31 0 0 0 0 0 0 0 0 0 0
1 0.62848642073422 0.649561522949672 -0.275501642754065 0.627824454385864 1.16682081483863 -0.899553362892918 0 0 32 0 0 0 0 0 0 0 0 0 0
1 0.792510942393549 -0.516145095445496 0.173156165721644 1.46130791507435 0.639729314582806 1.19606497464042 0 0 33 0 0 0 0 0 0 0 0 0 0
1 0.508375326422718 -0.524056870463391 0.0646404589113742 -1.27186680661025 -0.442544945119596 1.78950245573508 0 0 34 0 0 0 0 0 0 0 0 0 0
1 -0.924248070138187 -0.780591027028767 1.34954272517538 0.594199294529612 0.701130839925525 0.567454203053819 0 0 35 0 0 0 0 0 0 0 0 0 0
1 0.59970922286907 -0.630497330920744 -0.439477608379155 0.412417157362723 1.3972083607687 2.31415506684083 0 0 36 0 0 0 0 0 0 0 0 0 0
1 0.872902247912123 0.525132346250069 0.493542732794107 -2.36539969354569 0.334314030033718 0.409762266927627 0 0 37 0 0 0 0 0 0 0 0 0 0
1 -1.4912520283034 -2.79015127765882 0.879532300739859 -0.0750086307108566 -0.240375253137773 1.10894247367125 0 0 38 0 0 0 0 0 0 0 0 0 0
1 -0.0652331755058145 -0.278960307761358 -0.0834835326694317 -1.90296283475464 -1.90041727075964 2.11479889832729 0 0 39 0 0 0 0 0 0 0 0 0 0
1 0.32428794731161 -0.0801944601702121 -0.384225590656814 -0.897326680727106 -1.76645334859746 2.94472886145426 0 0 40 0 0 0 0 0 0 0 0 0 0
1 1.95091750894602 1.27226518191029 -1.20175277110521 1.02081166644963 -0.832291205666922 0.595837051778774 0 0 41 0 0 0 0 0 0 0 0 0 0
1 -0.0154704815567614 0.0932651222946167 -0.102777984825523 0.293097583465462 -0.418142038510299 1.16468033765838 0 0 42 0 0 0 0 0 0 0 0 0 0
1 -0.0821696514787709 0.125613258121126 0.252402306467952 1.34225198178361 -0.644666802682202 -0.29864498770746 0 0 43 0 0 0 0 0 0 0 0 0 0
1 -0.0815003003348513 1.23073677955631 -0.847970559925674 -0.874672584111345 -1.21668911803423 -0.367624883257748 0 0 44 0 0 0 0 0 0 0 0 0 0
1 -1.47087459671873 -1.47963378537978 1.00622796364662 0.797481979312523 0.677948766844234 0.740739918483168 0 0 45 0 0 0 0 0 0 0 0 0 0
1 0.246202499123691 -0.190506038201111 0.337619769860738 -0.572067298801776 2.66526209988005 0.958330372676366 0 0 46 0 0 0 0 0 0 0 0 0 0
1 0.185024082883888 -1.4986834291338 0.0818722402255799 -0.575650146968922 -0.250126440534713 0.0780169660474187 0 0 47 0 0 0 0 0 0 0 0 0 0
1 0.0230504296735317 -0.69129081848666 0.639262344307121 -0.0331421176670414 0.302870092516968 2.9897419376741 0 0 48 0 0 0 0 0 0 0 0 0 0
1 0.282598168641565 -0.536268586249321 -0.03814636196127 0.586641893019993 2.26992022477796 0.151649996178804 0 0 49 0 0 0 0 0 0 0 0 0 0
1 0.0239661941853559 -1.54839806445343 1.72279716666448 -0.573609289896011 -0.804955690186026 0.750698445114962 0 0 50 0 0 0 0 0 0 0 0 0 0
1 -0.87352172613109 -0.351850398296942 -0.0793683702095088 1.59015925114795 0.703563985151236 0.657094468617625 0 0 51 0 0 0 0 0 0 0 0 0 0
1 -0.88080211523069 -0.187341662602778 -0.30596492782272 0.314146097834227 -0.498800946390618 0.257456847997157 0 0 52 0 0 0 0 0 0 0 0 0 0
1 0.812949285988274 -0.61739558468956 1.0181516857052 -0.824519658454575 0.776439266974818 -0.84165992347092 0 0 53 0 0 0 0 0 0 0 0 0 0
1 -0.419052470602346 0.445147734006862 -0.830316832403623 0.861445771818454 0.0788680512932583 -1.2827588490435 0 0 54 0 0 0 0 0 0 0 0 0 0
1 0.0726797116385456 0.0432406635401511 0.355176271046705 0.8150868316844 0.780589825298572 -0.763736082383497 0 0 55 0 0 0 0 0 0 0 0 0 0
1 -1.19532321828972 1.37983703931944 -0.148561077045699 0.858366404071335 0.553005852277055 -0.677018651219763 0 0 56 0 0 0 0 0 0 0 0 0 0
1 0.486002739407875 0.744197949984475 0.578681583641937 1.07617686772762 -0.365338339044261 -0.450298260820766 0 0 57 0 0 0 0 0 0 0 0 0 0
1 0.780524973669657 0.0202103918769406 0.7021223987191 -0.727687599779262 1.06401695986144 -0.921419520321164 0 0 58 0 0 0 0 0 0 0 0 0 0
1 0.375392566916049 -0.416324100799517 0.0107909392817199 -2.36141087358069 0.130210845786043 1.00249324193382 0 0 59 0 0 0 0 0 0 0 0 0 0
1 0.0219990148998438 -0.0272269365278349 -0.231425838828332 -0.317683690243139 1.60051787667738 1.28006077065449 0 0 60 0 0 0 0 0 0 0 0 0 0
1 -0.568978661438863 0.896944530698577 -0.368121009405275 1.05772044926576 0.30593276404678 -0.576331196020493 0 0 61 0 0 0 0 0 0 0 0 0 0
1 -0.247191465918343 -1.15181421512066 0.529009660228898 -0.882938457228723 0.832791240208342 -1.09537981962433 0 0 62 0 0 0 0 0 0 0 0 0 0
1 0.765936710768847 0.0836951050903868 -0.654007531883457 -0.840602812932959 0.0831354846657489 -0.135851835819241 0 0 63 0 0 0 0 0 0 0 0 0 0
1 0.270821347682822 0.510338986647079 0.0315574192981852 1.83426818692716 -0.624097492832169 -0.988970655953679 0 0 64 0 0 0 0 0 0 0 0 0 0
1 -0.090158215818617 -0.169290995128657 -0.0894386537216844 0.892157277495315 -2.63899753799054 0.305182932253841 0 0 65 0 0 0 0 0 0 0 0 0 0
1 -6.21824482472791 -1.64231129394713 0.611456012448211 0.829897767714085 0.19473234150856 -0.257098033389408 0 0 66 0 0 0 0 0 0 0 0 0 0
1 -0.184531686742744 0.268061990035037 0.305528971429342 0.852945975449127 0.554575110612129 1.42049473255883 0 0 67 0 0 0 0 0 0 0 0 0 0
1 -0.898981733963389 -1.44975684541457 -2.53985633482505 -0.691021207220812 -0.135215397659301 0.592986277424625 0 0 68 0 0 0 0 0 0 0 0 0 0
1 -0.218780624379155 0.750623754878649 1.50577583025041 0.048111534223676 1.60943604684819 -0.0397154722440837 0 0 69 0 0 0 0 0 0 0 0 0 0
1 -0.897874552196909 -0.335309316079263 0.710485150996225 -0.491313038956345 1.54808803921713 1.18049728305418 0 0 70 0 0 0 0 0 0 0 0 0 0
1 31.3370860976413 -8.87145183488772 -33.7287292586894 0.193087874411763 0.105482066606819 0.0881991483761373 0 0 71 0 0 0 0 0 0 0 0 0 0
1 0.227124749421067 0.641082325566745 -0.356403993117026 -3.17097652021274 -0.835671099378459 -0.739745737745618 0 0 72 0 0 0 0 0 0 0 0 0 0
1 0.249039280035176 -1.30802388112077 0.343124188963138 0.0754734853601276 0.802760312579218 0.137609338167216 0 0 73 0 0 0 0 0 0 0 0 0 0
1 -0.868884051979078 -0.604368715195861 -0.679832578967935 1.59680560360927 0.790224449047833 -0.796782881560926 0 0 74 0 0 0 0 0 0 0 0 0 0
1 0.130285330811864 0.531232656593045 -0.0727927863871941 0.740252326301037 -1.83043834019116 -0.482087266399903 0 0 75 0 0 0 0 0 0 0 0 0 0
1 -0.176862943325086 -0.516742696346145 0.0834299834613107 -0.854934738411989 1.38550199227574 -0.915076431934048 0 0 76 0 0 0 0 0 0 0 0 0 0
1 -0.324828419463207 -0.234098026618932 -0.781176025733738 -1.55351372579315 -0.439407125585864 2.40095851384857 0 0 77 0 0 0 0 0 0 0 0 0 0
1 1.30921317599386 1.94970090449707 0.318002653443375 0.487802156103768 -0.510845358780435 -0.0635269181444067 0 0 78 0 0 0 0 0 0 0 0 0 0
1 -0.240465504741594 0.0695648132249258 -0.0650885882642688 -0.11090738035945 1.9239613083834 -2.34904977317585 0 0 79 0 0 0 0 0 0 0 0 0 0
1 0.306504576806858 -0.0566008868873609 -0.311719742710583 -0.543485620170189 0.270974110771648 -0.978028286113164 0 0 80 0 0 0 0 0 0 0 0 0 0
1 -0.137496917210372 0.221581808855517 -0.455118468560174 -0.407684340673741 -2.18338029136681 -0.410037999292573 0 0 81 0 0 0 0 0 0 0 0 0 0
1 0.352479124013714 0.158150478832023 -0.163537025143301 -0.00240779291607179 -1.55205797187148 -1.19035127914697 0 0 82 0 0 0 0 0 0 0 0 0 0
1 -0.0620372276037917 2.58358293436846 0.347973921236394 1.91192074456247 -0.46315018327289 0.857271694685167 0 0 83 0 0 0 0 0 0 0 0 0 0
1 -0.640801954569848 0.0097625922340187 1.35328553285034 -0.249002550987726 -1.42799193138545 -0.95209294827716 0 0 84 0 0 0 0 0 0 0 0 0 0
1 -0.320393504019244 1.96637689074709 -0.934354839058839 1.27272683185993 -0.266345953808767 -1.22076502722495 0 0 85 0 0 0 0 0 0 0 0 0 0
1 -0.556519343170938 1.37472028914104 0.74021421324048 -1.06630172513954 0.145185840603931 0.360032028852362 0 0 86 0 0 0 0 0 0 0 0 0 0
1 -0.105628821382608 -0.381541451499462 -0.135749317922153 -1.4712314066947 1.89998682638933 0.300283986075135 0 0 87 0 0 0 0 0 0 0 0 0 0
1 0.496889609157851 -0.326442361017497 -1.23513530131108 -0.439933042335497 -1.80989771459502 -0.00484837030246918 0 0 88 0 0 0 0 0 0 0 0 0 0
1 -0.273358074902795 1.97462855752229 -0.171131032748754 0.716935603212809 -0.0140137618059566 0.84007302366167 0 0 89 0 0 0 0 0 0 0 0 0 0
1 1.3394726353542 0.659433903814715 0.97318520884624 -0.0561641654801393 1.01777263670468 -0.64152369606054 0 0 90 0 0 0 0 0 0 0 0 0 0
1 0.196959349202517 0.399689406742447 0.34185679600163 -1.7169289569511 1.83300618808188 -0.320770350545843 0 0 91 0 0 0 0 0 0 0 0 0 0
1 -0.15506581061588 -1.1417710398e-05 -0.243860702118772 -2.05767808283255 0.204119242982674 0.115344438625363 0 0 92 0 0 0 0 0 0 0 0 0 0
1 -0.140832194645048 -0.0945098502366936 0.126654494175482 0.498117153260382 1.02520133211899 0.973014449224708 0 0 93 0 0 0 0 0 0 0 0 0 0
1 1.14923591710058 1.04714158648218 0.319086588124074 0.706860787727224 1.85728597003382 1.36036138207693 0 0 94 0 0 0 0 0 0 0 0 0 0
1 0.0581880334694935 0.307441072251747 -0.179205723066686 0.171877936004339 -2.59086068743055 0.619250541310851 0 0 95 0 0 0 0 0 0 0 0 0 0
1 -0.189977664798057 0.25967703834311 -0.52997597856103 -0.759617587857057 0.617962659357837 -0.163779686075791 0 0 96 0 0 0 0 0 0 0 0 0 0
1 -0.0588810014437685 -0.109034952305092 -0.19255516040349 -0.302360727123998 0.081804921480767 0.420794976249628 0 0 97 0 0 0 0 0 0 0 0 0 0
1 0.538166215972251 -0.274481941688417 -1.14948491806301 0.684125216441954 0.28413246424369 0.348392152716471 0 0 98 0 0 0 0 0 0 0 0 0 0
1 0.285293996631219 -0.888528763459479 -0.341862376830628 -0.995593587991398 -1.50431468735468 -1.4224929977833 0 0 99 0 0 0 0 0 0 0 0 0 0
1 -1.69249046294292 -1.78071973562916 -0.60844340391553 0.823902835384988 0.471531592752037 -0.692704588014205 0 0 100 0 0 0 0 0 0 0 0 0 0
1 -0.032669378256248 -1.19007233304808 -0.55791065726144 -0.0598850558247897 -0.82600389167271 0.412142764738483 0 0 101 0 0 0 0 0 0 0 0 0 0
1 1.33120623059127 0.453781251808474 -0.605419401728646 -0.135012437487975 0.485643419679222 -0.230389264217772 0 0 102 0 0 0 0 0 0 0 0 0 0
1 -0.642077393952931 -0.3173995741705 0.348220473157117 -0.177828736616812 0.819692801279287 -1.26170670687161 0 0 103 0 0 0 0 0 0 0 0 0 0
1 -0.563413255087755 0.137831641209937 0.541016958466862 -0.578510149861227 -1.24391668060698 0.948370415829103 0 0 104 0 0 0 0 0 0 0 0 0 0
1 -0.446174838490146 -0.718896188450236 0.42162333898371 1.61774051625524 -0.0577956912089951 -0.174844770986683 0 0 105 0 0 0 0 0 0 0 0 0 0
1 0.151035527999852 -1.04828029313723 -1.1092121678993 0.556538610519346 -1.20399895491163 1.21418954386082 0 0 106 0 0 0 0 0 0 0 0 0 0
1 -0.839501037462549 1.50814995314917 0.500775482327102 -0.347705671550938 0.183357738144332 0.540454636191849 0 0 107 0 0 0 0 0 0 0 0 0 0
1 0.0936262292478935 0.357456028987739 -0.38010937970181 1.7620293024754 -1.22060574649604 0.0154585584817861 0 0 108 0 0 0 0 0 0 0 0 0 0
1 0.209286064967382 -1.4040408610086 1.13912238359958 0.478843573843202 0.0108549910030099 0.363087030148188 0 0 109 0 0 0 0 0 0 0 0 0 0
1 0.721126623501651 0.9050513675506 0.139110465294758 -0.519376226469111 -0.26466678262842 0.57468548311769 0 0 110 0 0 0 0 0 0 0 0 0 0
1 -0.0048697360809628 0.241976086704738 0.0411403582041851 0.824785846340947 -0.648294038279133 -0.970998657861253 0 0 111 0 0 0 0 0 0 0 0 0 0
1 -0.628630338223878 1.20237640350626 -3.04987426963961 0.0539627210462269 0.827457190860839 -0.278974481522255 0 0 112 0 0 0 0 0 0 0 0 0 0
1 -0.714475330186957 -0.146494857379885 -0.87646795853454 -0.198055081867208 0.44606569788499 -0.0581467072211413 0 0 113 0 0 0 0 0 0 0 0 0 0
1 -0.518953526191568 0.120778489198547 1.65561231631526 -1.1880324070198 -0.742238885641409 0.69328385417725 0 0 114 0 0 0 0 0 0 0 0 0 0
1 1.29233247040085 -0.698437637027439 0.256848287866631 -1.24283103309166 0.937687410318375 -0.361896352079784 0 0 115 0 0 0 0 0 0 0 0 0 0
1 1.19917865499834 2.1842455409188 -0.860789821839813 0.306378465333267 -1.17741729451214 -0.268267986300215 0 0 116 0 0 0 0 0 0 0 0 0 0
1 -0.204438271951156 0.232731047679988 -0.0340969206803558 2.42880280763792 -1.11431499090004 -0.886003246289131 0 0 117 0 0 0 0 0 0 0 0 0 0
1 0.238388197625949 -0.66977113891796 -0.0839453743722487 -0.219993213018403 0.607636489372826 1.98514505333639 0 0 118 0 0 0 0 0 0 0 0 0 0
1 0.490386342802897 0.602956792519233 -0.0993665959441919 1.63505605582163 -1.29059290335868 -0.116155224720179 0 0 119 0 0 0 0 0 0 0 0 0 0
1 2.05153575586071 -1.81852224070249 1.31619603443986 0.00251612469323332 -0.514280326756323 1.55809231225221 0 0 120 0 0 0 0 0 0 0 0 0 0
1 -0.310270401208117 0.407940633513609 -0.8409409586741 -0.40894883144759 -1.27235117455583 1.83303215016634 0 0 121 0 0 0 0 0 0 0 0 0 0
1 -0.311731467854644 -0.525592471007977 -0.727942867680301 2.01896347587245 -1.00821077663276 -0.611295511481475 0 0 122 0 0 0 0 0 0 0 0 0 0
1 -0.182863038697594 0.216653630744646 1.34515327698498 -0.0602430356737342 -1.33208069138852 0.636123455601577 0 0 123 0 0 0 0 0 0 0 0 0 0
1 -1.79839227751666 1.10330620647869 -0.0657968019984605 0.913084417883094 0.246052134635311 -0.483133745185689 0 0 124 0 0 0 0 0 0 0 0 0 0
1 0.116254252946086 -0.201926586486996 0.200286506265951 0.116850754877343 -0.0644471121447269 -1.05689890063952 0 0 125 0 0 0 0 0 0 0 0 0 0
1 3.69573548927994 2.77401310218999 5.03572175170392 -0.383229457551244 -0.173062421225078 -0.531698553969275 0 0 126 0 0 0 0 0 0 0 0 0 0
1 -1.06666301007194 0.159349089606588 -0.123300175229768 1.53204652908943 -0.965144890362998 -1.29348175693434 0 0 127 0 0 0 0 0 0 0 0 0 0
1 -0.344283347911459 2.13664195670877 -0.0108560318486493 -0.509717952205404 -0.388871519772515 -0.116212426585123 0 0 128 0 0 0 0 0 0 0 0 0 0
1 -0.731818550605358 -0.149230074164697 0.37844592016318 1.76412056637002 -0.267665024456494 -1.5203613594043 0 0 129 0 0 0 0 0 0 0 0 0 0
1 0.432328952954473 -0.226805555333438 -0.0992242237401406 1.27281125492478 0.634769309432632 0.400143829340742 0 0 130 0 0 0 0 0 0 0 0 0 0
1 -0.736246329408844 0.222533745590477 -0.274894048229946 0.738434029124882 -0.904664898362648 -0.883431044830821 0 0 131 0 0 0 0 0 0 0 0 0 0
1 -0.212190466845126 0.0707644080814938 0.64178170056762 1.8086017622843 0.81007836221267 1.02205399041995 0 0 132 0 0 0 0 0 0 0 0 0 0
1 -0.231420496744309 -0.376087038646629 0.678001851663112 -0.153014660169249 -0.26781100651199 2.08312282354043 0 0 133 0 0 0 0 0 0 0 0 0 0
1 -0.445181888485652 0.62803832083877 -0.446341275219778 1.04174915545103 -0.826626791822302 -0.214702625206641 0 0 134 0 0 0 0 0 0 0 0 0 0
1 0.193880133896286 0.0322772955247309 -1.38685343192296 -0.7828634326325 0.689917968605973 -0.0272156184580277 0 0 135 0 0 0 0 0 0 0 0 0 0
1 -0.2129477787154 -0.404576881794303 1.0799233374763 -0.146110289025175 0.86882177624289 -1.13762603575021 0 0 136 0 0 0 0 0 0 0 0 0 0
1 -0.251520862950812 -0.0612450510337751 0.0635423603642603 1.65088792460351 2.37989761388901 0.477995351607961 0 0 137 0 0 0 0 0 0 0 0 0 0
1 -0.174794949681903 0.0177685675849932 -0.0462369859722697 -0.535011672129078 -2.13635981946501 -1.16527436368026 0 0 138 0 0 0 0 0 0 0 0 0 0
1 0.60911339645376 -0.604081733941637 -0.315048479795828 2.284628353928 -0.130255127947021 0.627403086183723 0 0 139 0 0 0 0 0 0 0 0 0 0
1 0.163938650289683 0.325698171509192 0.0350137482823851 0.888702294258392 -0.594336962278373 1.57174795561777 0 0 140 0 0 0 0 0 0 0 0 0 0
1 -0.966619284069948 0.849764078528183 0.77162424555016 -1.15892870591462 0.785137910898504 -0.671202613242813 0 0 141 0 0 0 0 0 0 0 0 0 0
1 0.862771148531369 -0.720504729807658 -1.43653274604105 -1.38063120460864 1.35855244943014 0.183219051061658 0 0 142 0 0 0 0 0 0 0 0 0 0
1 1.28130026994574 -1.85693318377356 -0.152347078066263 0.444459205821244 -0.422687810180274 1.11008719855825 0 0 143 0 0 0 0 0 0 0 0 0 0
1 -0.275109611666892 0.333807784235516 -0.0888053175558244 -0.170645672928092 -0.747667842238383 0.991181894702112 0 0 144 0 0 0 0 0 0 0 0 0 0
1 -0.397999198789829 0.560674276609596 -0.444117232100077 -0.872238069368954 1.18747262704165 1.53368319152116 0 0 145 0 0 0 0 0 0 0 0 0 0
1 -0.721185675079913 0.793379795915084 -0.0932091327430823 1.49402334608367 1.75038234585027 1.01275281919832 0 0 146 0 0 0 0 0 0 0 0 0 0
1 -0.17587287885919 0.0263559365465243 -0.453613852523088 2.07402189387823 0.112859544794189 1.65968355292325 0 0 147 0 0 0 0 0 0 0 0 0 0
1 0.224585687112066 -0.430326068263007 0.576342979290752 0.0926573410616164 1.29814758136921 -2.0160399597745 0 0 148 0 0 0 0 0 0 0 0 0 0
1 -0.341086851848878 1.33478478044593 0.141108374726432 -1.39723093062312 -0.901979984194477 -0.0977135880967877 0 0 149 0 0 0 0 0 0 0 0 0 0
1 -0.817940345407341 0.244996096086715 -1.42204167444091 -1.23918996678529 -0.419032598486585 -0.669170347187055 0 0 150 0 0 0 0 0 0 0 0 0 0
1 -0.0546469023406366 0.45385257165437 -0.190036759235268 -0.35631146339855 -1.30494018834887 -0.0702594299459817 0 0 151 0 0 0 0 0 0 0 0 0 0
1 1.15890012450337 -0.951531413310354 -0.849522968247656 1.49053327462921 0.853067107933987 0.994196288211352 0 0 152 0 0 0 0 0 0 0 0 0 0
1 -0.337141757318795 0.236754276233681 -1.00447054988889 -0.131218441767065 0.349332101847755 0.156316661996268 0 0 153 0 0 0 0 0 0 0 0 0 0
1 -0.144273966330776 0.120432226167059 0.470787919328283 -0.116521086977391 -1.13065493380435 -0.566091295780362 0 0 154 0 0 0 0 0 0 0 0 0 0
1 -0.209465522645835 0.230014981610883 0.148542105153494 1.60487737379577 -0.462626083823351 -1.53309400848645 0 0 155 0 0 0 0 0 0 0 0 0 0
1 1.02764660441172 0.0804052434654104 0.253897678571593 -0.444620427384499 0.477121495873728 -0.854142401205469 0 0 156 0 0 0 0 0 0 0 0 0 0
1 0.204886338703655 -0.163289223531585 -0.142686186391159 1.15826474568806 0.719532154392526 -1.10880089862159 0 0 157 0 0 0 0 0 0 0 0 0 0
1 -0.23401564070332 -1.44875004226339 -0.758815944610379 0.781698148284728 -0.596819917237029 1.33502109998914 0 0 158 0 0 0 0 0 0 0 0 0 0
1 -1.08240459707535 1.06460088781892 -0.042396761793899 1.52446113848068 -0.0459496024328871 -0.266987408922812 0 0 159 0 0 0 0 0 0 0 0 0 0
1 -0.497029627940678 0.843401576810684 -1.28464244554839 1.27121269457503 -0.354413188436044 0.371879344481938 0 0 160 0 0 0 0 0 0 0 0 0 0
1 -0.137384761259333 -0.345855117444503 0.298697677935731 1.24370971733247 -2.09620845044533 0.671640258982168 0 0 161 0 0 0 0 0 0 0 0 0 0
1 0.505950463699111 0.50910604664768 -0.041058635335343 -0.53394505466522 1.78957955966527 -0.620802384362314 0 0 162 0 0 0 0 0 0 0 0 0 0
1 0.211179047141985 1.24905135952611 -0.133774340124872 0.223539176783195 1.0084765517571 -1.44856932981219 0 0 163 0 0 0 0 0 0 0 0 0 0
1 0.486458460917944 0.0665357199513641 -0.342637805719204 -1.70331113649788 -1.76343971864943 -0.220419666886418 0 0 164 0 0 0 0 0 0 0 0 0 0
1 -2.02790269398349 -0.234379380160625 4.13531750365977 0.704290232652859 -0.0553331166904215 0.352924936826028 0 0 165 0 0 0 0 0 0 0 0 0 0
1 1.47187606604314 -0.146525604680216 -0.808608596640942 -0.270270475899301 0.918594609444071 1.79922381875825 0 0 166 0 0 0 0 0 0 0 0 0 0
1 -0.103529107421099 -0.044448859654314 -0.831846599291634 0.835005896028513 0.634445534669541 0.264629170989837 0 0 167 0 0 0 0 0 0 0 0 0 0
1 0.775422904441848 0.609419844234074 -0.639416982463258 0.128279978927837 0.755755512429868 -0.805454778744978 0 0 168 0 0 0 0 0 0 0 0 0 0
1 -0.907518123619002 -0.0183348216305858 -1.490553415442 0.548518970438013 -1.55807429978035 0.00178467499155121 0 0 169 0 0 0 0 0 0 0 0 0 0
1 -0.519135083622943 0.912352994427678 -1.07290574636077 -0.846792602894969 1.82048961782098 -0.429326528326607 0 0 170 0 0 0 0 0 0 0 0 0 0
1 -0.0022161550573283 0.38239362508748 -0.663519755645968 2.16570918055404 0.380906934998286 -0.997908324338667 0 0 171 0 0 0 0 0 0 0 0 0 0
1 0.270132679366171 -0.23550090974868 0.806047547576782 0.690881365130677 -0.890693772715966 -1.2736646719887 0 0 172 0 0 0 0 0 0 0 0 0 0
1 -0.383125230047238 -0.258144861951583 -0.175315941213463 0.288214357081171 -0.986341776521612 -1.26980654362748 0 0 173 0 0 0 0 0 0 0 0 0 0
1 -0.205596051413253 -0.508332386899161 -0.167580943989793 -1.04981666600074 -0.282207928764098 0.147255288773364 0 0 174 0 0 0 0 0 0 0 0 0 0
1 0.0367665958233854 -0.378087292109196 0.359722089975046 -1.71628504677133 -0.830019145865215 0.410512189805757 0 0 175 0 0 0 0 0 0 0 0 0 0
1 0.335433090459131 0.66417852566292 -1.6312991038871 -1.88866066427259 -0.349834944428772 -0.359427443428674 0 0 176 0 0 0 0 0 0 0 0 0 0
1 1.0727480940058 -2.32956913417272 1.26502758921267 -1.15006124522616 -0.526929020116277 0.596513270153454 0 0 177 0 0 0 0 0 0 0 0 0 0
1 -0.143668205988835 1.17948784711025 -0.573011545478925 -0.547079941085811 -0.0948556479656981 -1.52178152990469 0 0 178 0 0 0 0 0 0 0 0 0 0
1 0.507355746451368 0.0356913876060101 0.383055088419228 -1.26433267133249 -2.73770089949336 0.873156128838011 0 0 179 0 0 0 0 0 0 0 0 0 0
1 -0.528408802711714 0.613032392356883 0.0454876745145878 -1.7206317699559 -0.567540449254077 0.17586088804959 0 0 180 0 0 0 0 0 0 0 0 0 0
1 -1.02470247048907 -0.412395955391634 0.0164067159657485 -0.872387432350537 1.5016139025764 1.12399299354072 0 0 181 0 0 0 0 0 0 0 0 0 0
1 -5.15769245570862 1.79275748228056 -5.30265680767763 0.317680994870266 0.586984176204508 0.781189387808778 0 0 182 0 0 0 0 0 0 0 0 0 0
1 0.311722153268818 0.179139657762469 -3.96373209998477 0.0585376468532617 -0.518861679596251 -0.0495900787704218 0 0 183 0 0 0 0 0 0 0 0 0 0
1 -0.470616137375647 0.824362162852328 -0.69033195137615 -1.60047580475768 -0.588503310262391 0.776703230615907 0 0 184 0 0 0 0 0 0 0 0 0 0
1 0.558648704481568 -0.374230282772113 0.314262853383887 1.08172332033015 -0.42980326526127 1.5045540256593 0 0 185 0 0 0 0 0 0 0 0 0 0
1 1.13206267508406 1.85187718106037 -1.32340390823502 -0.804800484579845 -0.393032955174981 0.201616164401537 0 0 186 0 0 0 0 0 0 0 0 0 0
1 -0.497523642859104 0.99745770639527 -0.670016609352575 -0.224550826665662 1.38060329956344 -0.275398394904233 0 0 187 0 0 0 0 0 0 0 0 0 0
1 0.183303817879073 -0.246153696488625 0.129402080586506 0.0244727835984003 0.441632182268564 0.532154918087944 0 0 188 0 0 0 0 0 0 0 0 0 0
1 0.637143006724391 -1.40302100791527 -0.400048862334964 1.17424256181359 0.0713533228834584 1.73807245743175 0 0 189 0 0 0 0 0 0 0 0 0 0
1 0.729608068476132 -1.23060830565958 0.467228857628355 0.25393939755258 0.961055495940124 2.23587783356397 0 0 190 0 0 0 0 0 0 0 0 0 0
1 -0.28968837229689 -0.197620763102192 0.129642419754434 0.506521552854459 1.61403795595774 -0.438928704579341 0 0 191 0 0 0 0 0 0 0 0 0 0
1 -0.101408306954966 -0.118834797805404 -0.194927668511782 -0.0955974034885463 0.935434887238302 0.761798937815596 0 0 192 0 0 0 0 0 0 0 0 0 0
1 0.0630874844964687 -4.07406775227648 0.543224146947739 -0.805747612199561 -0.0190807021211632 -0.0535922142376683 0 0 193 0 0 0 0 0 0 0 0 0 0
1 -0.0629655841176786 0.0983110192733862 0.0468324541732995 -1.71391111050474 1.80478121073253 0.11510541174185 0 0 194 0 0 0 0 0 0 0 0 0 0
1 0.75752680548907 -0.0041892307068218 0.347161796313823 0.669805303991993 -2.33150932228604 1.30890701650392 0 0 195 0 0 0 0 0 0 0 0 0 0
1 0.0914441573783613 0.0417712711183921 0.415540839759347 0.650958896006594 -0.0339623943856476 -0.892849627795247 0 0 196 0 0 0 0 0 0 0 0 0 0
1 -0.179003099863284 0.174892094031576 -0.233007602265222 -0.860733244418243 0.784946306530239 -2.24886191774138 0 0 197 0 0 0 0 0 0 0 0 0 0
1 0.365943394347139 0.347733101867704 -1.71057829642314 -0.354395391078561 0.596695509929693 -0.319800233444118 0 0 198 0 0 0 0 0 0 0 0 0 0
1 1.623424679608 0.635097243498346 1.00973321057094 -0.794048201261136 0.590491485441862 0.410210672035555 0 0 199 0 0 0 0 0 0 0 0 0 0
1 -0.472423268806782 0.4957753539275 0.0331561057697729 -2.78396295065998 0.285861300717163 1.07914746066174 0 0 200 0 0 0 0 0 0 0 0 0 0
1 -0.0932676501005773 0.291292075530619 1.55167677024731 -0.603057826149587 0.416179809749813 1.48638809508716 0 0 201 0 0 0 0 0 0 0 0 0 0
1 -0.542133563351111 -0.71462520093268 1.81680934438165 -0.164933761691142 -0.210929473251851 1.32141260797609 0 0 202 0 0 0 0 0 0 0 0 0 0
1 0.160430200303002 -0.016610738017863 -0.571366071766403 -0.0715874772866227 0.0103868006037553 -1.07703651552147 0 0 203 0 0 0 0 0 0 0 0 0 0
1 0.172996788892086 -0.546658496653213 -0.45139750493802 -1.07019095993047 -0.360251631435765 -2.24561982013656 0 0 204 0 0 0 0 0 0 0 0 0 0
1 -0.883952142025467 -0.0178114448525252 0.334409916032272 -0.601024665542089 2.0084712104738 -2.32688991334596 0 0 205 0 0 0 0 0 0 0 0 0 0
1 0.519109317097875 -0.746598837807027 -0.0418864415853686 2.42800965005381 1.41632756795947 -0.00578006437606809 0 0 206 0 0 0 0 0 0 0 0 0 0
1 0.442255107551367 -0.81201671117707 0.282346601673397 0.112064724848071 -0.401706032077122 -1.41435559676507 0 0 207 0 0 0 0 0 0 0 0 0 0
1 -0.219026280387798 -1.04867027815351 0.323831881968214 -0.904288506892882 0.593040123078436 -1.28564821948935 0 0 208 0 0 0 0 0 0 0 0 0 0
1 -1.28816624335368 -0.267190323489093 0.0132029753322607 -1.64677585622535 0.333311006889804 -0.174224015586805 0 0 209 0 0 0 0 0 0 0 0 0 0
1 -0.553230173424205 0.352476379211669 0.0094851395988371 -1.35776373636027 -1.59969237669854 0.811799194777912 0 0 210 0 0 0 0 0 0 0 0 0 0
1 -0.172339317068581 1.47237425409217 -0.261527578708248 -0.2824781344448 0.102015877166437 1.59556808583614 0 0 211 0 0 0 0 0 0 0 0 0 0
1 -0.540705857380067 0.288035407685296 -0.142496972613545 1.03986659670896 -0.965036954528738 0.011711815805134 0 0 212 0 0 0 0 0 0 0 0 0 0
1 -0.0708386659283107 0.0371702432580804 -1.02159906489045 1.67345959509223 1.41902690380894 -0.804673160146458 0 0 213 0 0 0 0 0 0 0 0 0 0
1 -0.161800914546356 -0.367634847816115 -0.217579996386649 -1.28140321648492 -1.13353202998141 -0.751467349367981 0 0 214 0 0 0 0 0 0 0 0 0 0
1 -0.413911592221428 0.0962787529563431 0.0434701567780495 1.03230874209804 -2.17657340202191 2.08713876573812 0 0 215 0 0 0 0 0 0 0 0 0 0
1 -1.21893233974986 -0.601129137133354 0.710541373603433 0.101822795758834 0.165489536604944 -0.327850212369878 0 0 216 0 0 0 0 0 0 0 0 0 0
1 0.311418012766102 0.504156321449946 -0.717289623601729 -0.634668326329586 1.16523172322518 -0.878609824620758 0 0 217 0 0 0 0 0 0 0 0 0 0
1 0.501485573830421 -0.366684594451586 0.214212426819989 -0.625909831274132 2.33936254623708 -2.12065723917019 0 0 218 0 0 0 0 0 0 0 0 0 0
1 0.179501715306099 0.502311572985818 -0.222151857393461 0.813051788288109 0.0677138442362211 0.0936718462182176 0 0 219 0 0 0 0 0 0 0 0 0 0
1 0.777555066642224 -0.212347874639439 0.483601876960938 0.408837508659415 -0.0981473531113489 2.37908708348021 0 0 220 0 0 0 0 0 0 0 0 0 0
1 -0.306871960632057 -0.13156541481701 -0.661987765493621 -0.596339193110628 1.57119396308901 0.947531068420587 0 0 221 0 0 0 0 0 0 0 0 0 0
1 1.00157453412297 -0.144608228079778 -0.923548424244236 -0.696625943334256 1.40589434118379 2.2824448320774 0 0 222 0 0 0 0 0 0 0 0 0 0
1 0.239345144230078 0.211368881075369 -0.270745674754168 -0.864063756407544 -1.09482304106828 -2.78849248887177 0 0 223 0 0 0 0 0 0 0 0 0 0
1 0.715277505543208 0.003099817252852 0.21855788052104 -0.0157937359926148 0.598762806262459 0.498664508595945 0 0 224 0 0 0 0 0 0 0 0 0 0
1 -0.386993878038029 -0.483239687778969 -0.109895805780774 1.06807500026098 2.66111895944052 -0.148404100626139 0 0 225 0 0 0 0 0 0 0 0 0 0
1 0.102995325295106 -0.248876233163538 -0.540354605021485 -0.979582373893939 0.976979058593701 -1.15458574787318 0 0 226 0 0 0 0 0 0 0 0 0 0
1 -0.286062191242223 -0.550556891478347 -0.366588962607454 -0.81826219236019 -0.61054681905372 1.41974029369463 0 0 227 0 0 0 0 0 0 0 0 0 0
1 -0.85974433445756 -4.10009458517659 -2.51030343867399 -0.22479558181904 -0.466252175497854 -0.0809982270144397 0 0 228 0 0 0 0 0 0 0 0 0 0
1 -0.120918418312261 -0.122362006661826 -0.231733311762599 -0.338653816064917 -0.0691573163419622 -2.03599628189437 0 0 229 0 0 0 0 0 0 0 0 0 0
1 -0.32041819903499 0.556925761401052 -0.275060300763617 0.182013640513283 -0.577517840910766 -0.987556066178071 0 0 230 0 0 0 0 0 0 0 0 0 0
1 -0.58095966854097 -0.0734406554284908 0.676972893255876 0.747603141049104 -0.170769467412259 0.781665793339668 0 0 231 0 0 0 0 0 0 0 0 0 0
1 -0.801613490928314 -1.68730695584061 0.676164222618661 -0.471939293826456 0.387727203255636 -0.710976061738621 0 0 232 0 0 0 0 0 0 0 0 0 0
1 -0.0826341669029695 -0.489482489251092 1.36979616592773 -0.936012374358666 -0.942256624226088 -0.118793657490218 0 0 233 0 0 0 0 0 0 0 0 0 0
1 0.398197188806234 0.392541173320675 0.956000335023815 -0.11668505898517 0.626866514034857 -0.144970189479474 0 0 234 0 0 0 0 0 0 0 0 0 0
1 0.135408156543409 -0.346785828338133 -0.264156925647983 -1.00053670108884 -0.243573780941215 1.46007115925376 0 0 235 0 0 0 0 0 0 0 0 0 0
1 0.152851874231063 1.28113036216689 1.69675065459343 1.68324840003165 1.24914587191682 0.120218927111799 0 0 236 0 0 0 0 0 0 0 0 0 0
1 -1.40512080801797 -0.252637471857485 -1.03492802484378 -1.59560384335822 0.473259127879074 -0.269960851799899 0 0 237 0 0 0 0 0 0 0 0 0 0
1 -0.255314210399432 0.412651401818989 -1.00489321033992 -0.531355952751432 -0.225807149583232 0.624238190778345 0 0 238 0 0 0 0 0 0 0 0 0 0
1 -0.862941768953552 0.623644179434506 0.255893188836117 -0.60363647297825 -0.962956627122163 -0.0252044039531829 0 0 239 0 0 0 0 0 0 0 0 0 0
1 -0.414769962861445 -0.340158455660581 -0.143275616149851 1.13439986111821 1.01233637313983 -1.52459071861326 0 0 240 0 0 0 0 0 0 0 0 0 0
1 0.329325477807077 -0.505743723432305 -0.950868370802007 1.52849842748141 -0.213329560616218 0.864356579976592 0 0 241 0 0 0 0 0 0 0 0 0 0
1 -0.0999951676117742 0.685518482202176 -0.198084135947297 1.01353623411422 0.226578663589051 -0.444661134680898 0 0 242 0 0 0 0 0 0 0 0 0 0
1 -0.962169272212361 1.68451857192671 0.319305820324058 -0.49116394204405 0.234095724314424 -0.619866327017412 0 0 243 0 0 0 0 0 0 0 0 0 0
1 0.6174943992228 1.42394089658456 0.577230798239959 0.899669887821083 -1.43848798481771 -0.152075448102158 0 0 244 0 0 0 0 0 0 0 0 0 0
1 -0.983963624184939 -1.24975644213142 0.0701480685238507 -0.371791985676123 2.00923824191685 0.0939313264384491 0 0 245 0 0 0 0 0 0 0 0 0 0
1 0.891781255437504 -0.236967056476869 -0.103772368366181 1.45436441767752 -1.82911142665911 1.45694851537062 0 0 246 0 0 0 0 0 0 0 0 0 0
1 -0.0318128194368002 -0.713776487306594 0.422250885958564 -0.147502983700449 1.22310921638744 -1.04675665114289 0 0 247 0 0 0 0 0 0 0 0 0 0
1 0.465220879238864 1.11018124785727 1.47859819420595 -0.0200861210407878 0.174506289487628 0.521601710710057 0 0 248 0 0 0 0 0 0 0 0 0 0
1 -0.137297567598886 0.495610937374561 0.041364565068975 0.389047025441705 0.951717897311185 -0.0861536627394896 0 0 249 0 0 0 0 0 0 0 0 0 0
1 0.568349682004253 0.240726421612667 -0.946175251741526 -1.58628310394271 0.968926061630183 -0.239293389173332 0 0 250 0 0 0 0 0 0 0 0 0 0
1 -0.129443996580314 -0.192218394072726 -0.58182384531162 0.267881619536741 -0.854062514793959 0.984989921527828 0 0 251 0 0 0 0 0 0 0 0 0 0
1 -0.628745593485404 -0.0672275643781428 0.935393149908819 0.452825076418105 -0.696603076185054 0.663249562590542 0 0 252 0 0 0 0 0 0 0 0 0 0
1 0.486381247859799 -0.443568198541002 -4.63062358544009 -0.111928621216381 -0.613196546994414 -0.195597813946624 0 0 253 0 0 0 0 0 0 0 0 0 0
1 0.475329651257306 1.02614106227281 -0.382799019989087 -0.465822998655038 -0.97818851351061 -1.42384285731314 0 0 254 0 0 0 0 0 0 0 0 0 0
1 -0.59897926935314 0.371586673548368 0.233332536261406 0.114188770814471 -1.8503527288441 -1.7216569052088 0 0 255 0 0 0 0 0 0 0 0 0 0
1 -0.823898258779315 0.192847892520205 -0.506571750973796 0.575686697787096 0.443776012460302 2.78657233410176 0 0 256 0 0 0 0 0 0 0 0 0 0
1 -0.270917795127933 -0.500011057311645 0.0211851665459031 -0.353583025294645 1.53468519404844 1.47628121668753 0 0 257 0 0 0 0 0 0 0 0 0 0
1 -0.69399219105102 -0.400230217983001 0.398621488168622 -0.212382435292717 0.599994142888642 0.0690911002056122 0 0 258 0 0 0 0 0 0 0 0 0 0
1 1.0403919096272 0.708312584573028 0.138230819426115 -1.46693545731421 -1.14423508416527 0.667391468109115 0 0 259 0 0 0 0 0 0 0 0 0 0
1 0.03187573912454 -0.771270086716668 -0.150890459246652 -2.06326972469294 -1.07664492903926 1.65164849227905 0 0 260 0 0 0 0 0 0 0 0 0 0
1 -1.67038608960168 -0.0341714894663808 -0.807128935142206 -0.131689872303963 1.22012683009516 0.453922367619922 0 0 261 0 0 0 0 0 0 0 0 0 0
1 0.874159575560871 0.225308356051749 -0.242248900032571 -0.748412739739804 -1.13611712560374 -0.360902167894044 0 0 262 0 0 0 0 0 0 0 0 0 0
1 -1.25235157427379 -0.0834235239389293 0.296190478831437 -0.971833969543462 -0.602849876280104 1.14983297686797 0 0 263 0 0 0 0 0 0 0 0 0 0
1 -0.0609307543134406 0.204640320857733 -1.21657152161478 -0.286222549468175 0.823079259891217 -1.40091319311039 0 0 264 0 0 0 0 0 0 0 0 0 0
1 -1.54483556974831 0.21270960537171 -0.360834750499551 1.42853992139631 1.03650552741971 -0.861186383678034 0 0 265 0 0 0 0 0 0 0 0 0 0
1 0.052771843035344 -1.03255958272134 -0.6402490075707 1.0038760162696 -0.84161169747253 1.50165458162705 0 0 266 0 0 0 0 0 0 0 0 0 0
1 0.423854868507896 0.282388967006914 0.597222932660979 2.40073629164116 0.761252749097638 1.99266476327671 0 0 267 0 0 0 0 0 0 0 0 0 0
1 -0.268107338507622 -0.415549341181522 0.119423377493403 -0.922523527022263 0.215238726467548 0.416661611272051 0 0 268 0 0 0 0 0 0 0 0 0 0
1 0.639843764718803 -1.16043366274374 0.271710239099751 -0.275473108019422 -0.390616122437545 -0.79256046581835 0 0 269 0 0 0 0 0 0 0 0 0 0
1 -2.90062474008547 4.751730834702 -0.0915266343518398 0.26507789118178 -0.197449994939689 0.955000464806945 0 0 270 0 0 0 0 0 0 0 0 0 0
1 -0.167545526816564 -0.227499580051405 -0.424234494670566 1.08310569254426 -1.56083837694548 -1.19008285023211 0 0 271 0 0 0 0 0 0 0 0 0 0
1 -2.11014233567129 0.284308644378439 0.925432348660291 0.0939527615735347 -0.500620209993441 -0.538571625533037 0 0 272 0 0 0 0 0 0 0 0 0 0
1 -0.475627033333068 0.272766620372886 0.234997124091272 -0.121666746637441 0.991164465105621 -0.544996840522191 0 0 273 0 0 0 0 0 0 0 0 0 0
1 -3.03378754569862 -2.34362349482541 0.883479411268625 -0.0996569025459548 0.733954623927496 0.256948839227909 0 0 274 0 0 0 0 0 0 0 0 0 0
1 -0.106682629748017 -0.127580748679314 0.16117733249008 -2.710508598053 0.562403210147125 1.67526378220423 0 0 275 0 0 0 0 0 0 0 0 0 0
1 -0.846561884658563 -0.553126594997301 2.50591324904729 0.512117690837019 -0.566042560023479 1.48418937816803 0 0 276 0 0 0 0 0 0 0 0 0 0
1 -0.341472244996523 -0.921079930865372 -0.425552294638796 0.504243378122649 1.55956235912871 0.260142757269577 0 0 277 0 0 0 0 0 0 0 0 0 0
1 2.35819769763237 6.88772725592459 0.756138120867839 0.254142126440868 -0.279818609900873 -0.142348566771656 0 0 278 0 0 0 0 0 0 0 0 0 0
1 -0.337908546245375 -0.266793877832277 -0.00893820693832 -1.46734745134077 0.977634824710865 2.90738714629495 0 0 279 0 0 0 0 0 0 0 0 0 0
1 0.0800672955327652 -0.835328858002237 0.877111832477826 0.361300961478298 -1.60942096864946 -0.609385948068564 0 0 280 0 0 0 0 0 0 0 0 0 0
1 0.154109981272955 -0.969627498599824 0.575290052269125 0.829298552767628 0.863222624232369 -1.11253028684071 0 0 281 0 0 0 0 0 0 0 0 0 0
1 0.0061235887766721 -0.446503513027252 -0.169127537047652 -1.62365776447781 -0.873249684297271 0.210624530701295 0 0 282 0 0 0 0 0 0 0 0 0 0
1 0.145806662519246 0.579828878963272 -0.801585234572839 -0.723956185608412 -1.56908401060507 0.59159375872625 0 0 283 0 0 0 0 0 0 0 0 0 0
1 -0.247982505469539 -0.253505049154061 0.0517999035390565 1.15763587527302 0.127204440061704 2.32413040887363 0 0 284 0 0 0 0 0 0 0 0 0 0
1 -0.0061239271128902 -0.135171576787188 0.532044974296542 -2.00417080040929 1.3631618662714 -0.550679605849835 0 0 285 0 0 0 0 0 0 0 0 0 0
1 -2.29838046990186 2.18261046513992 0.125742372222307 -0.996162526235978 0.890433047624791 0.289406516197435 0 0 286 0 0 0 0 0 0 0 0 0 0
1 0.202697180559833 -1.06717569322802 0.589867145519377 0.0515929932575862 -1.69100553739837 0.684623952104294 0 0 287 0 0 0 0 0 0 0 0 0 0
1 -0.44120256262488 -0.841318336093954 -0.453424278343335 0.12574315035843 -1.33253912351872 2.05306400950584 0 0 288 0 0 0 0 0 0 0 0 0 0
1 0.08086692204809 0.232171678098465 0.36527011159357 -0.082808107624081 -2.6572124193946 1.33018953920053 0 0 289 0 0 0 0 0 0 0 0 0 0
1 0.940725507856122 0.174381180794381 -0.105829126308929 1.23890112423515 0.69464779226416 0.195539752816649 0 0 290 0 0 0 0 0 0 0 0 0 0
1 0.691698308206286 -0.373280646091446 -0.533882378478527 -1.51313280912812 -0.000901617990701307 0.00905826498095175 0 0 291 0 0 0 0 0 0 0 0 0 0
1 0.456144904196603 -0.0538366912459537 0.196234254817904 -1.04875120710795 1.16902251823029 -0.602241308034263 0 0 292 0 0 0 0 0 0 0 0 0 0
1 -0.562451304876522 0.0707036521442291 0.35054787929896 -0.754002004673935 -1.55189688394871 0.301797946541786 0 0 293 0 0 0 0 0 0 0 0 0 0
1 0.655270268634258 -0.634275124890873 -0.244017398344951 0.124603018784331 -1.80351579796932 -1.094040366064 0 0 294 0 0 0 0 0 0 0 0 0 0
1 2.34446540689284 -2.51585620193183 -1.87534803389036 0.301440227844755 -0.36200367346177 -0.963772995944818 0 0 295 0 0 0 0 0 0 0 0 0 0
1 -0.011039542540807 -0.216838227143767 0.136921352217057 -0.154841274541477 -0.229268473384222 0.0944453281970042 0 0 296 0 0 0 0 0 0 0 0 0 0
1 0.0455345543451181 0.455099298086454 0.271324284883673 -0.774854699726568 2.50240931404104 -0.897205540399576 0 0 297 0 0 0 0 0 0 0 0 0 0
1 1.38541942458662 0.63508986547701 -1.00971615402241 0.66038979183449 0.854911305035646 -0.000470337603387008 0 0 298 0 0 0 0 0 0 0 0 0 0
1 0.301941027606158 0.027092063866344 0.002219259301861 1.02867458338567 -2.38573848770971 -0.377555879759393 0 0 299 0 0 0 0 0 0 0 0 0 0
1 0.263971458263505 -0.161797960083432 0.256510751384729 2.47127193759315 -0.909416271282169 1.58092922621072 0 0 300 0 0 0 0 0 0 0 0 0 0
1 0.657643297612177 1.29406713892861 -0.0504358272765448 0.00678451260341391 0.347002038927685 -0.0423229103267075 0 0 301 0 0 0 0 0 0 0 0 0 0
1 -0.136046338943766 -0.473130753607339 0.23334980727401 -0.45124489214475 -1.6785005262606 -0.917176157665371 0 0 302 0 0 0 0 0 0 0 0 0 0
1 -0.218083848188258 0.337423472828498 0.244090857559049 -0.548508150163983 -2.11351804301247 -1.72704936894166 0 0 303 0 0 0 0 0 0 0 0 0 0
1 -0.165207451567672 0.0771157940717782 -0.289392857431847 1.31357504140754 -0.953677141079937 -0.10732167638508 0 0 304 0 0 0 0 0 0 0 0 0 0
1 9.73820914134912 -11.5369025491837 4.47420740125708 -0.0372360564736194 0.391607091086829 -0.465984466481091 0 0 305 0 0 0 0 0 0 0 0 0 0
1 -0.158951195998482 -0.0365131109060509 0.659406780127205 0.498793325275981 0.101346678784214 -2.14538312158012 0 0 306 0 0 0 0 0 0 0 0 0 0
1 0.0695646794990031 -0.73049881776798 0.460678644764253 1.51181504845388 -1.34802477120991 0.547745857165281 0 0 307 0 0 0 0 0 0 0 0 0 0
1 1.73745010011508 0.862134353331758 -0.73287987727685 0.0932244080203711 -0.721285128533423 -0.383052637028097 0 0 308 0 0 0 0 0 0 0 0 0 0
1 0.451064757985362 -0.268701989837448 -0.942520138870747 -1.29149310827987 -1.50079649779098 -1.18319146484422 0 0 309 0 0 0 0 0 0 0 0 0 0
1 0.168062625684669 -0.832416543856162 0.590368732943291 -1.7340450537098 -0.499604437797882 -0.803093494115812 0 0 310 0 0 0 0 0 0 0 0 0 0
1 -0.144316082118928 -0.146308927044391 -0.136478484332555 -0.95084470856481 0.115706821310674 -1.34442643862546 0 0 311 0 0 0 0 0 0 0 0 0 0
1 -0.193926426445345 -0.108684630411445 0.319730163229182 -1.49373036616412 0.531089215776327 0.599064687480726 0 0 312 0 0 0 0 0 0 0 0 0 0
1 -0.166854628918131 0.307371750689915 -0.271087228195972 1.27985086396338 0.653870937658834 0.0348702074948739 0 0 313 0 0 0 0 0 0 0 0 0 0
1 2.03761574486933 2.76346574263313 -1.4108663686781 -0.904304664090304 -0.582059588699371 0.298577634852012 0 0 314 0 0 0 0 0 0 0 0 0 0
1 -4.01028045330798 10.5258166185144 -0.427443482565736 0.236988349237821 -0.306480437836617 -0.0178185063120993 0 0 315 0 0 0 0 0 0 0 0 0 0
1 -0.0966501566859542 -0.134504269717521 0.336681009216868 1.96217976038609 0.0552552378157986 0.880748039166387 0 0 316 0 0 0 0 0 0 0 0 0 0
1 -1.08256111332384 -1.36287272671689 1.38580129166918 -0.841451830735238 0.569698263806983 -0.534555613838749 0 0 317 0 0 0 0 0 0 0 0 0 0
1 -1.41201125654498 -0.217375396764344 0.809885108928274 -0.853662161689314 0.434895073143203 0.555109157617108 0 0 318 0 0 0 0 0 0 0 0 0 0
1 0.139168329769465 -0.234534628544176 0.414079375287437 -0.364916376858245 0.885782964234381 -0.288698294073401 0 0 319 0 0 0 0 0 0 0 0 0 0
1 0.745978208603211 -0.945105441368443 -0.144641856256863 0.196391135774571 -1.41462787517427 1.4618232824175 0 0 320 0 0 0 0 0 0 0 0 0 0
1 -0.10194022655408 -1.01596483023966 0.262078228114411 -0.734734940646497 -1.8486207181907 -0.803639470324078 0 0 321 0 0 0 0 0 0 0 0 0 0
1 -0.980607941645315 -1.78356744516601 0.538611046871499 1.46766658056877 -0.123424261092675 -0.627830213508515 0 0 322 0 0 0 0 0 0 0 0 0 0
1 -0.554574173090325 -0.751421625910534 -0.603448547846971 -0.887027634314926 0.535499993027089 0.595629020644543 0 0 323 0 0 0 0 0 0 0 0 0 0
1 0.696878376709924 -0.112363798789398 -0.56641812271782 0.0933272775161501 2.76539990995418 -1.0089010028941 0 0 324 0 0 0 0 0 0 0 0 0 0
1 -0.143855125783531 0.576870516544372 0.415019886638414 -0.913856518993807 -0.115061976215412 -0.234000629226206 0 0 325 0 0 0 0 0 0 0 0 0 0
1 0.296394911136683 0.854478275114759 0.863260683574953 -1.13335345267534 -0.507316725485136 -0.343023741851344 0 0 326 0 0 0 0 0 0 0 0 0 0
1 0.0079346223110519 0.149967704640024 0.0103285635471191 0.0277968766390594 0.196606897372952 1.21118471012509 0 0 327 0 0 0 0 0 0 0 0 0 0
1 0.42055032836488 1.15552971778792 -0.848094687284372 0.121326844867002 -0.0771999531880968 1.18781685043135 0 0 328 0 0 0 0 0 0 0 0 0 0
1 0.938788411564284 -0.341858014892605 -0.956483708597329 -0.027193177017569 1.40620885333157 0.748881924482123 0 0 329 0 0 0 0 0 0 0 0 0 0
1 0.395823566745821 -0.13342900528497 -3.27063574947033 1.15209882138169 0.501957722226022 0.817700357276881 0 0 330 0 0 0 0 0 0 0 0 0 0
1 0.306735503301021 -0.235669068653761 -0.251301679965353 -0.385614462022351 -2.80134758165715 -0.382911812001183 0 0 331 0 0 0 0 0 0 0 0 0 0
1 -0.0932803589258958 -0.556125443940278 0.465232526495627 -0.522052575815079 0.947809702912636 0.0429769709359082 0 0 332 0 0 0 0 0 0 0 0 0 0
1 0.0888252610581323 2.27924702277407 0.704736696876042 -0.580898776179893 0.200333280924775 -0.15161092071084 0 0 333 0 0 0 0 0 0 0 0 0 0
1 0.156010648897876 0.204455167124399 1.51271501482209 -1.32109412672593 -1.40236579948642 1.01753112273356 0 0 334 0 0 0 0 0 0 0 0 0 0
1 0.770585934847915 1.70055379952385 0.752795448978245 -0.0748162200681887 0.630792174038513 0.596819361624587 0 0 335 0 0 0 0 0 0 0 0 0 0
1 -0.0179056764276438 -0.47021848610022 0.0206531287170785 1.6894084143716 1.32982161573792 -1.9736045961575 0 0 336 0 0 0 0 0 0 0 0 0 0
1 1.92954650518245 -1.38006417776113 -1.19063177215674 -0.705202716447009 0.0349168603503159 -0.214268039517731 0 0 337 0 0 0 0 0 0 0 0 0 0
1 -0.321189106911607 0.0101543568719877 0.130002818849689 2.51976905286595 -1.84364105497785 -1.43742363095844 0 0 338 0 0 0 0 0 0 0 0 0 0
1 -0.175474935968119 -0.0327685483797458 -0.741318273325877 -0.766794850798984 0.823864632623738 -0.0380103562035411 0 0 339 0 0 0 0 0 0 0 0 0 0
1 -0.789912785792959 0.300325575831233 0.220132337327424 0.915251054150531 -0.100305403760081 -0.852338230922387 0 0 340 0 0 0 0 0 0 0 0 0 0
1 -1.53801061552817 0.958634356358135 -1.83987208253761 0.709433375698383 -0.857207993101098 -0.0603497204772487 0 0 341 0 0 0 0 0 0 0 0 0 0
1 -0.295683176717848 0.505483762217983 0.963977850440785 -1.6441529180549 -0.554726169809498 2.48970895652076 0 0 342 0 0 0 0 0 0 0 0 0 0
1 0.20608185501774 -1.19120724944363 -0.0919316409228533 0.555824189949138 0.110070826107371 1.42358164224389 0 0 343 0 0 0 0 0 0 0 0 0 0
1 -0.0075133017553811 -1.73808946379056 0.999975087496528 -0.300501450133214 -0.389701310564379 -0.649999568060279 0 0 344 0 0 0 0 0 0 0 0 0 0
1 -2.15483194509275 1.94324199957979 -1.25878286845896 0.100381498016996 -0.134477550340453 -1.02915321079634 0 0 345 0 0 0 0 0 0 0 0 0 0
1 -0.244592714189092 0.405455721594879 0.456719181672854 0.110166023628851 0.29611617397903 1.15776153318721 0 0 346 0 0 0 0 0 0 0 0 0 0
1 -0.942125918615485 1.12827520235274 0.215717264989743 0.564244299080565 -0.714443064489514 -0.125837665016014 0 0 347 0 0 0 0 0 0 0 0 0 0
1 0.361190201124684 -0.198548767145206 -0.327975711293464 0.798536702932815 1.25994141379724 1.56317866497087 0 0 348 0 0 0 0 0 0 0 0 0 0
1 0.177903242476227 0.312862418688261 -0.196732668449843 -0.9229356207692 0.752636071631014 0.719984007223822 0 0 349 0 0 0 0 0 0 0 0 0 0
1 -1.15996716028512 0.697132265550657 -0.427070369115038 1.22221639785692 0.14208728659804 -0.554294058985883 0 0 350 0 0 0 0 0 0 0 0 0 0
1 0.975139787093383 0.0465781477341669 -1.4165140583864 -0.716768374361084 -0.541405413997304 -0.982138357513929 0 0 351 0 0 0 0 0 0 0 0 0 0
1 -0.612615748314938 -0.376112335649563 0.200489409336508 -1.40253918943117 1.84960544864624 0.641609572602174 0 0 352 0 0 0 0 0 0 0 0 0 0
1 -0.396320598116848 0.0632747217177182 -0.0014631685550788 -0.392007454300368 -2.44684663914702 -0.730542973386322 0 0 353 0 0 0 0 0 0 0 0 0 0
1 0.404046328502724 2.51784726111025 4.70369764563632 -0.37688640011472 -0.314005577697636 -0.61768314089654 0 0 354 0 0 0 0 0 0 0 0 0 0
1 0.202044264202437 0.125154368364837 -0.104889303895466 2.7878758463384 0.145152078906686 1.36265939559303 0 0 355 0 0 0 0 0 0 0 0 0 0
1 -0.474556883382971 0.564076026699885 0.859941640986806 0.882525207930572 -2.11039447142809 -0.247570386294275 0 0 356 0 0 0 0 0 0 0 0 0 0
1 -0.387714304231846 -1.33760167276513 2.01812943876161 -0.205776500079801 -1.02645525027279 -0.727157074425682 0 0 357 0 0 0 0 0 0 0 0 0 0
1 0.0492632063852024 0.596166169420219 0.189531414217078 -0.982048500417617 -0.194822604647236 2.41762880919413 0 0 358 0 0 0 0 0 0 0 0 0 0
1 1.56265099101408 -0.492790186712691 0.733869433565126 0.0138479324757978 -0.418661844453164 -0.472600883319689 0 0 359 0 0 0 0 0 0 0 0 0 0
1 0.468880150664516 0.0574510009893424 -0.714630174267498 0.274978497765449 -0.13976432326339 1.94670284326224 0 0 360 0 0 0 0 0 0 0 0 0 0
1 1.07143443402895 1.38771677096252 -0.101860788487666 0.529461754562443 0.470480820279692 0.574334233531841 0 0 361 0 0 0 0 0 0 0 0 0 0
1 -0.110837877424245 0.207503706772349 0.433040893794246 2.0889841464344 -1.59437080823703 0.850833531823027 0 0 362 0 0 0 0 0 0 0 0 0 0
1 0.487389430250591 -0.598194097057855 1.26837966825601 1.4042243070132 -0.0611252462887786 0.61565009579517 0 0 363 0 0 0 0 0 0 0 0 0 0
1 -0.357331332568207 0.0139372524002214 -0.139552710474285 -1.54288169366467 1.52259822723192 -0.626551296376134 0 0 364 0 0 0 0 0 0 0 0 0 0
1 0.253721572685852 0.474761108258856 -0.642648593960053 -2.28136835343909 0.0571374176410974 0.523963289619699 0 0 365 0 0 0 0 0 0 0 0 0 0
1 -0.574460872874217 0.637807037496955 -0.439928194045393 -0.578425022823754 -2.02571121140906 1.16576353640348 0 0 366 0 0 0 0 0 0 0 0 0 0
1 1.80465786962497 -1.67441716482766 0.501812667162941 -1.0603907012704 0.876176300018283 -0.526868650349677 0 0 367 0 0 0 0 0 0 0 0 0 0
1 -0.89874204528118 1.00793899428477 -0.0474592677489016 -1.01876598164619 0.0997000819364072 -0.728291761698265 0 0 368 0 0 0 0 0 0 0 0 0 0
1 -0.286842579375883 0.155674802080424 0.337722106309173 2.25863442125969 0.115756069031635 0.016231088198081 0 0 369 0 0 0 0 0 0 0 0 0 0
1 0.0758248341460434 -0.158743768319499 0.451112016019181 -0.167400009025039 0.190670042208318 -0.431867719537348 0 0 370 0 0 0 0 0 0 0 0 0 0
1 0.567881342825301 1.93304695758294 -2.38687722516218 1.35804016027936 0.118235640332622 -0.328341816901332 0 0 371 0 0 0 0 0 0 0 0 0 0
1 0.626701014472314 0.17334781463607 -0.0435361940354181 0.998986701853411 -1.66242238453646 -0.287007303377487 0 0 372 0 0 0 0 0 0 0 0 0 0
1 1.584251849937 1.9921478389531 -0.247529835614539 -1.13539096649357 -1.41595810711861 -0.537774729843722 0 0 373 0 0 0 0 0 0 0 0 0 0
1 -0.846765357153669 2.81939359421381 -0.773503915828404 -0.796505189378745 0.158932431887322 0.33275330487608 0 0 374 0 0 0 0 0 0 0 0 0 0
1 0.367592730422334 0.298829690648713 -0.250437685415441 0.521427650726818 0.418696014704593 2.57013172744785 0 0 375 0 0 0 0 0 0 0 0 0 0
1 0.831923117137937 0.912844321520914 0.35504089960531 1.22885258580572 -0.456219832891326 0.302415163217703 0 0 376 0 0 0 0 0 0 0 0 0 0
1 -3.99196070325672 -3.21826336773725 5.50711421896243 0.884040109157572 -0.383768586202379 0.765834361745473 0 0 377 0 0 0 0 0 0 0 0 0 0
1 1.00418957541161 -0.404733566902771 -0.237525963154828 1.29040489207145 -1.5570691432028 -0.778061022789682 0 0 378 0 0 0 0 0 0 0 0 0 0
1 0.325074504877308 0.154082450917095 -0.523117232842983 -1.27285722397948 -0.524674704495546 1.90797298852247 0 0 379 0 0 0 0 0 0 0 0 0 0
1 -0.878595153287854 -1.90256627221746 0.667572757142166 0.643959763338063 -0.47292701363285 0.525825887974758 0 0 380 0 0 0 0 0 0 0 0 0 0
1 -0.327670146794951 0.760243844379722 1.83078489223393 1.44838054525582 0.270424304527059 0.994885165613195 0 0 381 0 0 0 0 0 0 0 0 0 0
1 0.417221511990316 -0.41857660593727 0.534094170566621 -0.832578650860184 1.58084617155381 0.0278924267560345 0 0 382 0 0 0 0 0 0 0 0 0 0
1 0.324903963551925 0.115242854369918 -0.576349510569473 -0.85327844718378 -0.426384709029281 0.976214191265848 0 0 383 0 0 0 0 0 0 0 0 0 0
1 0.065401614594631 -0.61198530233563 -0.166059003890867 -0.0299641021019528 -2.06443815818833 1.62702054230681 0 0 384 0 0 0 0 0 0 0 0 0 0
1 2.91142900209276 -0.489798407309613 1.2705537014603 -0.125135223235635 0.604315357696228 -0.968420124218818 0 0 385 0 0 0 0 0 0 0 0 0 0
1 -0.0986219597543971 -0.340951824466264 0.0085800622609873 0.824727611328242 0.309710952552728 -0.687047134862365 0 0 386 0 0 0 0 0 0 0 0 0 0
1 -0.484144153253428 0.23885522424783 -0.109666012764737 2.12253468365008 0.241472480744166 -0.405984465619458 0 0 387 0 0 0 0 0 0 0 0 0 0
1 -0.499997397236881 0.0445795331696404 -1.13196276560239 -0.995674388516478 0.800202291593571 -1.69166056427357 0 0 388 0 0 0 0 0 0 0 0 0 0
1 0.358572848359486 -0.044376776067535 -0.296968292079466 -0.493621126420004 -3.19662714090794 0.680822768040518 0 0 389 0 0 0 0 0 0 0 0 0 0
1 1.67675274542741 3.0954250386949 -0.286153687865322 -0.315723293307949 -1.33906991039492 -0.597242818002477 0 0 390 0 0 0 0 0 0 0 0 0 0
1 -0.883411255219374 0.944914815310234 1.99572727797729 -0.197207703713269 2.00563027349829 0.927264638959227 0 0 391 0 0 0 0 0 0 0 0 0 0
1 -0.100180800146092 0.143100583961655 -0.256550767445595 0.36929077148755 -2.11655524369205 -0.679858693432069 0 0 392 0 0 0 0 0 0 0 0 0 0
1 -0.3871337148146 -0.604021860152682 0.396850013666104 -0.122443473175688 1.39917316933158 -0.453268063016814 0 0 393 0 0 0 0 0 0 0 0 0 0
1 -0.137140962753051 0.283731922930803 -0.120283232059792 0.434976909497828 0.223410740067689 -0.207960151456466 0 0 394 0 0 0 0 0 0 0 0 0 0
1 2.10007469586224 1.14308030213805 1.21425074885767 -1.46719902863725 -0.300478040759136 -0.0347913136327474 0 0 395 0 0 0 0 0 0 0 0 0 0
1 0.48828202185496 -0.399571961663086 -0.586091468462923 -0.130806163336914 -1.63534748395015 -0.401273806059954 0 0 396 0 0 0 0 0 0 0 0 0 0
1 -0.610781496135422 1.06311565788434 0.56043250847122 -0.76848225940507 2.39897966217614 -1.08066353602011 0 0 397 0 0 0 0 0 0 0 0 0 0
1 0.346927542305213 -0.36944232626262 -0.325451533779098 -0.657761960660314 0.870484407897061 0.331804762777017 0 0 398 0 0 0 0 0 0 0 0 0 0
1 -0.226638321571787 -0.027427334563415 -0.497509215033216 0.957017081596565 -1.40576958342944 0.394647022704359 0 0 399 0 0 0 0 0 0 0 0 0 0
1 -0.0262811676637815 0.21741318352778 0.0486712876923868 -1.18401182082932 -0.738712737877948 -0.851578926871531 0 0 400 0 0 0 0 0 0 0 0 0 0
1 -0.164932782154105 -0.109265372830819 1.20717810552375 -0.312949712308174 -0.20165538545854 -1.3366524904528 0 0 401 0 0 0 0 0 0 0 0 0 0
1 0.242705263131336 1.35440702745544 0.29240401254006 0.850712437207156 -0.425691179793576 2.16588766522528 0 0 402 0 0 0 0 0 0 0 0 0 0
1 0.144888809745676 1.53274457790217 0.689449801253439 0.645691950306345 0.892089581944973 1.36685154849148 0 0 403 0 0 0 0 0 0 0 0 0 0
1 0.858796167498633 1.10850872769018 -0.87209982471028 -0.786583808228098 -0.261483546322504 1.61887152155515 0 0 404 0 0 0 0 0 0 0 0 0 0
1 1.33591999999101 0.611515933135125 -1.03558671581975 -0.999572323455729 0.340078240652239 -0.452659566146937 0 0 405 0 0 0 0 0 0 0 0 0 0
1 0.30825418084428 0.791284635520206 0.578691425789852 -2.06097127811496 0.0881535311830645 -0.685153917293754 0 0 406 0 0 0 0 0 0 0 0 0 0
1 0.102225284077563 0.0603765102958548 -0.353105781187239 2.11720469978269 -0.6380132499534 0.850694743071311 0 0 407 0 0 0 0 0 0 0 0 0 0
1 0.343176125702824 0.672862427219891 0.368806585999371 -0.959157513058745 -1.91079793674573 -0.667495764689831 0 0 408 0 0 0 0 0 0 0 0 0 0
1 0.396335504942593 0.387918411805691 -0.282435315481287 0.824450505608069 0.546547606280062 0.556832163362057 0 0 409 0 0 0 0 0 0 0 0 0 0
1 -0.156585474137877 -0.54271637626591 0.654386585338994 -0.699346909862402 -0.946572392484784 -1.4608685806215 0 0 410 0 0 0 0 0 0 0 0 0 0
1 -0.111195370910785 0.228362119078436 -0.303740561802239 0.00315122610882111 1.49266243076662 -0.284008947859531 0 0 411 0 0 0 0 0 0 0 0 0 0
1 0.04585518883285 -0.236803958150583 0.8258566732463 -1.69166525664689 0.613839593400756 1.52131360812828 0 0 412 0 0 0 0 0 0 0 0 0 0
1 -0.474777429085468 1.38345365619438 3.43078471114789 -0.389490312879841 -0.88098011479228 -0.219403569691965 0 0 413 0 0 0 0 0 0 0 0 0 0
1 -0.417329820594018 0.906039039579863 0.481374384864446 2.67938086693471 0.384040679717627 -1.63777622422797 0 0 414 0 0 0 0 0 0 0 0 0 0
1 -0.793586296369881 0.774480860374721 -0.147444606563377 -0.229766209100454 1.22732476026578 -1.02387772559824 0 0 415 0 0 0 0 0 0 0 0 0 0
1 -0.160541410514901 -0.0199075105824365 0.554845295853727 -0.221724071722745 1.71449803552641 -1.18453539005627 0 0 416 0 0 0 0 0 0 0 0 0 0
1 -0.27478002304825 -0.466334712918313 -0.44475051114943 -0.9879683914354 0.569447915691902 -1.68585561885729 0 0 417 0 0 0 0 0 0 0 0 0 0
1 -0.188349505887229 -0.409438607568423 -0.198128972076979 -1.3212435380019 0.945447948144223 -0.0727913377976145 0 0 418 0 0 0 0 0 0 0 0 0 0
1 0.585249810475454 0.603989751752329 -0.239557109603607 -1.92063246637086 0.0920915175893279 1.42226862362543 0 0 419 0 0 0 0 0 0 0 0 0 0
1 0.425482797097044 -2.74571969984184 -0.753895452534169 -0.848256903397558 1.12781094728485 -0.170524963316213 0 0 420 0 0 0 0 0 0 0 0 0 0
1 -0.390435499640601 0.100407432921613 -0.662682474014494 -0.711251733590565 -2.63065227732408 -0.57668309187867 0 0 421 0 0 0 0 0 0 0 0 0 0
1 0.466258645259797 0.658427594614795 -0.267600338576184 -2.20757401082737 1.01593791031715 -0.23760294983246 0 0 422 0 0 0 0 0 0 0 0 0 0
1 -2.44274622436603 -3.334450547524 -1.55428250548117 1.12247806609831 -0.366421946811208 0.332744043306771 0 0 423 0 0 0 0 0 0 0 0 0 0
1 0.0303716889028477 -0.198918316726997 0.491029528259275 -0.451721920461454 -0.166498582427646 1.66217092975083 0 0 424 0 0 0 0 0 0 0 0 0 0
1 0.486259196969792 1.01557371808773 1.21567760421329 -0.259824576816597 0.861212594512803 0.474453090466532 0 0 425 0 0 0 0 0 0 0 0 0 0
1 0.311594779447289 -0.201153947114152 -0.0564233432731035 -2.28625736317916 -0.339938584815984 -0.0666797300043844 0 0 426 0 0 0 0 0 0 0 0 0 0
1 -1.17017510907252 0.0281384089273856 -0.72547433904471 -1.47331657607357 0.689665703652834 -0.116155527886204 0 0 427 0 0 0 0 0 0 0 0 0 0
1 -0.551503123146477 0.433879340334228 -0.746092749295047 0.350821037099885 -1.70112443844555 -1.17525276025373 0 0 428 0 0 0 0 0 0 0 0 0 0
1 0.368875797539873 -0.261532978923708 -0.366162102223913 0.174061170418958 -1.00368742013117 -0.0472497476321668 0 0 429 0 0 0 0 0 0 0 0 0 0
1 0.0105095124239999 -0.328107997071045 -0.126977956320735 0.820781679411253 2.02672039017675 0.783097420255504 0 0 430 0 0 0 0 0 0 0 0 0 0
1 0.317460070304781 -0.346759013463808 -0.853410095751753 2.08275917707015 -0.357150407553453 -1.22866897851191 0 0 431 0 0 0 0 0 0 0 0 0 0
1 0.0867673128649469 -0.274737262414428 0.402718016017372 -1.1165736142945 -1.00459024442993 -0.496420649625747 0 0 432 0 0 0 0 0 0 0 0 0 0
1 -0.235831789747871 0.23866012686832 -0.392124852529591 0.99529729003354 0.683592573840086 -0.383742032895554 0 0 433 0 0 0 0 0 0 0 0 0 0
1 -0.749046767424982 0.91581666825445 0.376914522992811 1.7229358915227 -0.0787872572483495 0.330317382137495 0 0 434 0 0 0 0 0 0 0 0 0 0
1 -0.186621129236979 0.36707622106451 0.071941779115896 0.58485773381733 -0.79939674113262 1.16258534940193 0 0 435 0 0 0 0 0 0 0 0 0 0
1 -0.629393308572846 -0.306848941644645 -0.174060861982877 1.47318428729514 -0.689409153961877 1.70940290535504 0 0 436 0 0 0 0 0 0 0 0 0 0
1 0.233390770044413 -0.322582899493603 0.428853998136646 1.95097087866979 1.70013143477358 0.0933564752344221 0 0 437 0 0 0 0 0 0 0 0 0 0
1 0.446040126692939 0.302339752759693 -0.331480692826418 2.00802844070049 -1.08353149675026 -0.919576432001405 0 0 438 0 0 0 0 0 0 0 0 0 0
1 0.219743967940496 -0.487546378050221 0.237126103419745 0.217819947949659 -0.455612791829078 -0.816896263651266 0 0 439 0 0 0 0 0 0 0 0 0 0
1 1.62897518756722 -2.46394129118412 0.916779891344724 0.174507749097838 0.293487972293217 0.786535080786759 0 0 440 0 0 0 0 0 0 0 0 0 0
1 -0.114012793525813 0.220907322518276 -0.553290592642311 -0.590081270415006 -1.10665706447158 0.620070501064815 0 0 441 0 0 0 0 0 0 0 0 0 0
1 1.90540798427189 -2.31505624685173 0.13572210512534 0.559754890794796 0.755194885505464 0.553593051598723 0 0 442 0 0 0 0 0 0 0 0 0 0
1 0.5322700616897 0.279684006790753 0.194471163512405 -1.18411143262866 2.05788440331497 -0.56437826622706 0 0 443 0 0 0 0 0 0 0 0 0 0
1 0.768060338647363 -0.0589013638602294 0.400667128612714 1.15663083183867 -1.3132978863498 1.39220689494743 0 0 444 0 0 0 0 0 0 0 0 0 0
1 -0.857916139758705 0.229157142756199 -0.684921462980974 -2.1991059836321 -0.485725848680056 1.1128836932382 0 0 445 0 0 0 0 0 0 0 0 0 0
1 1.27269154466771 -0.947644755846871 1.60164284203932 -0.420783887938941 1.39588926552975 0.263009963150289 0 0 446 0 0 0 0 0 0 0 0 0 0
1 -0.295980798721488 -0.283027333365145 0.425918043583076 -0.36816623757883 0.290755547139563 1.17933461721892 0 0 447 0 0 0 0 0 0 0 0 0 0
1 -0.387869659175349 0.468817185572647 0.344040632586511 0.282496709039211 1.80873509240631 2.05816817102562 0 0 448 0 0 0 0 0 0 0 0 0 0
1 0.647326953861375 -0.0293574306526581 0.420043313417089 0.0987179561200623 1.05629878458845 -1.86090405853293 0 0 449 0 0 0 0 0 0 0 0 0 0
1 -0.20961925520712 -1.03908434246361 0.21474512188826 -0.315110686678898 0.0732057285813031 0.0213635826379399 0 0 450 0 0 0 0 0 0 0 0 0 0
1 6.48069194598723 -0.579410436611035 6.23876109404761 0.120380721193754 0.402098933720448 -0.350998496090033 0 0 451 0 0 0 0 0 0 0 0 0 0
1 0.948709222531002 -0.752530024251476 0.330261162103334 1.28053430801144 -0.0566734821335123 0.903373105509335 0 0 452 0 0 0 0 0 0 0 0 0 0
1 -0.0804074069235606 -0.0144582020500158 -0.0679471953902305 1.42852739411186 -1.07619205787401 2.50703270475463 0 0 453 0 0 0 0 0 0 0 0 0 0
1 -0.0078477575379883 -0.92824203476234 0.602437068546202 0.324541608360742 -0.250553730353389 0.888459123291232 0 0 454 0 0 0 0 0 0 0 0 0 0
1 -0.0950667182837589 0.0166149598455898 1.00623379858231 -0.641166747727928 -1.22425362303222 -0.178054492029199 0 0 455 0 0 0 0 0 0 0 0 0 0
1 -2.05646515200075 -0.585810661730109 -1.73192795401377 -0.889077652608099 1.46853754124268 0.483790962775557 0 0 456 0 0 0 0 0 0 0 0 0 0
1 -0.0946167741732366 -0.358441425289394 -0.813227520188003 -1.41150274323649 -0.203994601999987 -1.37240466467119 0 0 457 0 0 0 0 0 0 0 0 0 0
1 0.552940912004979 -0.271408206450534 -0.581987875837441 -0.276190656715678 -0.124349765552096 0.442289625828642 0 0 458 0 0 0 0 0 0 0 0 0 0
1 -0.379340620352638 1.24144514647413 -0.188100082164293 -0.491888693671021 1.94378325484647 -0.211351915958282 0 0 459 0 0 0 0 0 0 0 0 0 0
1 -1.07663001228664 1.62714448152537 -0.504443664939974 1.28906489322228 -0.0794565520917696 0.81532342933561 0 0 460 0 0 0 0 0 0 0 0 0 0
1 -0.0645349463755465 0.0208643578457578 0.386877691362216 1.04643426008267 -0.763244187073853 0.843786174286747 0 0 461 0 0 0 0 0 0 0 0 0 0
1 -0.350734107158692 -0.505376051887152 -0.15685865752327 0.515214306308078 0.40071283115396 0.642913020914279 0 0 462 0 0 0 0 0 0 0 0 0 0
1 0.952904135326626 0.460839374667325 0.707856360724642 -1.19274030844231 1.83959561955423 0.225209278281295 0 0 463 0 0 0 0 0 0 0 0 0 0
1 -0.185084237780417 -0.264922660352437 -0.0907680704889933 -0.61330755232686 0.60237922167554 2.11384578114169 0 0 464 0 0 0 0 0 0 0 0 0 0
1 -0.191850289227743 0.155339436271859 -0.52888824391462 -1.69943447258886 -1.85063081828378 0.243233195934919 0 0 465 0 0 0 0 0 0 0 0 0 0
1 0.122421552014375 -0.278447669786978 0.109700614855888 -0.526726426452097 0.388034845812326 -1.64701311631444 0 0 466 0 0 0 0 0 0 0 0 0 0
1 -0.348255139045085 0.579087920450296 -0.306322262652967 0.100993164103511 -1.2007450869028 -1.1956167899573 0 0 467 0 0 0 0 0 0 0 0 0 0
1 3.25547825057121 2.74451239236745 0.24624365829191 -1.14456132562578 -0.149353274133662 0.392503254727062 0 0 468 0 0 0 0 0 0 0 0 0 0
1 -8.8417964176129 -1.88618796161747 -0.909560179772919 0.143508108871015 0.608698590424526 -0.0639967159797527 0 0 469 0 0 0 0 0 0 0 0 0 0
1 0.0319385169167915 0.830913064008405 -0.676982663303705 0.678540398434385 0.463066491689234 0.442060529443229 0 0 470 0 0 0 0 0 0 0 0 0 0
1 0.122797198980701 2.32595075994183 0.312528520564773 0.859276915107262 0.621683700991274 -0.265310035520784 0 0 471 0 0 0 0 0 0 0 0 0 0
1 -0.372014693730586 -0.102570605556287 -0.582634174065889 -1.54072755302468 -0.585547591267589 0.953588184326908 0 0 472 0 0 0 0 0 0 0 0 0 0
1 -0.135630797168467 0.101074052314831 -0.537909277589211 2.18368590737759 -1.79485296272295 -0.073860952766142 0 0 473 0 0 0 0 0 0 0 0 0 0
1 -0.0647171354897695 1.28245863801814 -1.35774188398585 -0.155622165348164 -0.506924534915512 0.625441193263843 0 0 474 0 0 0 0 0 0 0 0 0 0
1 0.0013112028042819 0.612786292435369 -0.085285999376287 -0.0520169083230185 0.500176876569544 1.68879283295559 0 0 475 0 0 0 0 0 0 0 0 0 0
1 0.517053579918118 -1.06996540067463 0.200241798696693 -2.44240252616076 0.372767503676408 0.254500320458167 0 0 476 0 0 0 0 0 0 0 0 0 0
1 -0.0525179060750672 -0.14307631068656 -0.307612255897794 -0.942050575487474 -1.14433413873684 0.124158628088257 0 0 477 0 0 0 0 0 0 0 0 0 0
1 0.216346155824617 0.3865272530526 0.120960281394813 1.38737242933765 -2.03470482795821 2.22108558872944 0 0 478 0 0 0 0 0 0 0 0 0 0
1 -0.256236678631808 -0.523098766685626 -1.12015519746846 0.0974576920467991 0.0298896528487328 1.04184938839404 0 0 479 0 0 0 0 0 0 0 0 0 0
1 0.852008708702899 0.443338713953892 -0.674271993737558 0.0693165352221853 -0.279203119096447 -0.0870526896983259 0 0 480 0 0 0 0 0 0 0 0 0 0
1 0.173622884968366 -0.298992049397964 0.47935806547539 1.77932344025462 2.6231967861408 0.0187287531499148 0 0 481 0 0 0 0 0 0 0 0 0 0
1 -0.186155836197148 -0.599572181376727 0.0621435168987252 0.461217628177521 1.57827923692217 -2.24100826645631 0 0 482 0 0 0 0 0 0 0 0 0 0
1 -2.00849736166737 1.39094987138727 -0.264414464854501 -0.100088125270348 -0.55720070287287 0.771477681027456 0 0 483 0 0 0 0 0 0 0 0 0 0
1 0.42717881274775 -0.112959208508381 0.898815946856638 1.62052533614954 -0.636996449620528 0.143199891047109 0 0 484 0 0 0 0 0 0 0 0 0 0
1 -0.273799329018871 0.333379486038423 -0.395597552112344 0.603906166593627 -1.11406380229565 -0.805644730938733 0 0 485 0 0 0 0 0 0 0 0 0 0
1 -0.585322873406263 0.0768931263200716 -0.197846599058396 1.39889795139176 -0.780670359284995 0.913454456599528 0 0 486 0 0 0 0 0 0 0 0 0 0
1 -0.229499208413482 0.422735421122623 0.470082257031037 -0.125010349520257 0.332340983436639 0.251306903941474 0 0 487 0 0 0 0 0 0 0 0 0 0
1 1.46152476122222 0.780310911850489 0.657709899528764 -0.225510489367827 -1.40590236980726 0.238997778912973 0 0 488 0 0 0 0 0 0 0 0 0 0
1 0.95859256548053 1.13696914364308 -0.585926784542509 -0.538756415986325 0.0941917647157572 -1.33840255543087 0 0 489 0 0 0 0 0 0 0 0 0 0
1 -0.228831687800161 0.0068949285073003 0.286283852865756 -2.23757906218539 1.99333359356438 0.675630546552849 0 0 490 0 0 0 0 0 0 0 0 0 0
1 -0.779430077764575 -0.694163358115904 0.416304263978266 1.89207442149956 -0.711615025303434 -0.109443729040956 0 0 491 0 0 0 0 0 0 0 0 0 0
1 1.2668845677544 0.373866492485012 0.849615150503297 -1.50028019187961 -1.44498323487894 0.0995619221215628 0 0 492 0 0 0 0 0 0 0 0 0 0
1 0.145095195429181 0.145879914668916 -0.493431617720221 0.882706872807757 0.276428294349462 -3.07321422152846 0 0 493 0 0 0 0 0 0 0 0 0 0
1 -0.326542598589204 -0.889060094592832 1.05162337481978 1.12922090153426 0.927704893900358 1.54399303712871 0 0 494 0 0 0 0 0 0 0 0 0 0
1 -0.0358242567805902 -0.0803471883194537 -0.0408915348936237 -1.74160817000331 1.73332046264178 -0.0192817843701477 0 0 495 0 0 0 0 0 0 0 0 0 0
1 0.436231025839579 -0.364421975846206 -1.88999190099474 -0.709826620640936 0.397174096653627 0.928103792376922 0 0 496 0 0 0 0 0 0 0 0 0 0
1 1.75908534294278 1.29983006654534 -0.706493842268524 -0.129807148838159 -0.0862253756128595 1.15425468094122 0 0 497 0 0 0 0 0 0 0 0 0 0
1 1.44653539073913 0.27327536365848 0.0286608593561154 1.06299781819408 -1.64339921746617 -0.456218917445044 0 0 498 0 0 0 0 0 0 0 0 0 0
1 0.485419455328103 0.944182611060149 -0.296156965285376 0.996653753693709 1.62040130545366 -0.398638329276611 0 0 499 0 0 0 0 0 0 0 0 0 0
1 -0.731715326422241 0.419675366728229 0.704150973482754 -0.269593936390395 1.75158065082728 -0.341531392906493 0 0 500 0 0 0 0 0 0 0 0 0 0
1 -0.929085590046782 -0.807211173203731 0.0997482598456213 -0.157146919253099 -0.427236220381022 0.867650865859524 0 0 501 0 0 0 0 0 0 0 0 0 0
1 0.350166145491676 -0.0935103168226649 -0.446579622925292 -1.38187883888867 0.965491813466099 -0.984813550326604 0 0 502 0 0 0 0 0 0 0 0 0 0
1 -0.295254344154962 0.0963056464046264 -0.705299748616547 -0.234983376441784 1.79651994047242 -1.397454720275 0 0 503 0 0 0 0 0 0 0 0 0 0
1 0.654680187825683 -0.195125696965575 0.941442974441042 0.760952196599297 0.432733832676654 1.57397579863351 0 0 504 0 0 0 0 0 0 0 0 0 0
1 0.202084913486406 0.39799999367595 -0.654800469676582 -1.53304542443157 0.102963969555125 -0.094951108181012 0 0 505 0 0 0 0 0 0 0 0 0 0
1 -1.96044308415342 0.764615624856129 -0.365072195193759 0.00714435247672236 1.39876579517694 1.21537719647748 0 0 506 0 0 0 0 0 0 0 0 0 0
1 1.00286101494725 0.619881726239512 0.100375273010023 -1.73813823205291 0.139324205204416 -1.11221307999511 0 0 507 0 0 0 0 0 0 0 0 0 0
1 -0.704757303193385 0.104824755717553 0.681962928086115 -0.251379773012561 2.05000945168514 0.542099011445929 0 0 508 0 0 0 0 0 0 0 0 0 0
1 1.78594532230877 -0.4737229231495 1.05740519610311 0.849348409885269 0.963031059305061 0.256820559440287 0 0 509 0 0 0 0 0 0 0 0 0 0
1 -0.0452585235242639 0.0091076287138066 -0.165177247374467 0.669021801810453 -0.522590022053681 0.737830611964827 0 0 510 0 0 0 0 0 0 0 0 0 0
1 -1.27353414540412 1.23452106068515 0.214452741255733 -0.0404131481745493 -0.969375437476427 -0.793287549413812 0 0 511 0 0 0 0 0 0 0 0 0 0
1 0.0888447588032959 -0.261962950638877 0.387949106293793 -0.273011918361096 -1.90105176881573 0.968450327921855 0 0 512 0 0 0 0 0 0 0 0 0 0
1 0.561126984077058 -0.184028738430381 -0.365712631184974 0.128193849469545 0.949994962306826 0.0813305855665558 0 0 513 0 0 0 0 0 0 0 0 0 0
1 0.256483670116417 0.780842304620218 -0.94435527717887 -0.975004509906688 -0.621702406813438 0.038049884482839 0 0 514 0 0 0 0 0 0 0 0 0 0
1 0.566370423028351 -0.459994521995343 -0.0901713810482988 0.881729862431836 0.399747875200366 -0.854084931229251 0 0 515 0 0 0 0 0 0 0 0 0 0
1 -0.194544497042925 0.233040810890406 0.0532115359472119 -0.943833940443014 2.10458549374219 -0.0368010757016798 0 0 516 0 0 0 0 0 0 0 0 0 0
1 0.0819608930747482 -0.101030223127835 0.39110273995236 0.632916475000963 1.34234279076288 -0.1285103772897 0 0 517 0 0 0 0 0 0 0 0 0 0
1 -2.2761200797911 0.011028900188614 -0.535234744707372 0.0910951464595783 0.562807700595684 0.569934487186488 0 0 518 0 0 0 0 0 0 0 0 0 0
1 -0.0859171839168817 0.231471674417393 -0.102834889184316 0.17950377567879 -1.12727349341863 0.124639217902293 0 0 519 0 0 0 0 0 0 0 0 0 0
1 0.804462990849373 -0.533034925497984 -1.12706929350117 0.594293829497246 -0.1824407094158 0.107345845373526 0 0 520 0 0 0 0 0 0 0 0 0 0
1 -0.0259846992982183 -2.01844932471214 -0.72918700249753 0.495335800777247 1.16590637692951 -1.38839465232103 0 0 521 0 0 0 0 0 0 0 0 0 0
1 -0.388842677975567 0.859041511647282 0.732048609624267 0.11555109277127 1.35096449325997 1.0475644647011 0 0 522 0 0 0 0 0 0 0 0 0 0
1 -0.646271589278191 -2.92852513532906 -1.05787026387437 0.817200338409979 -0.65902788395328 0.927839063137648 0 0 523 0 0 0 0 0 0 0 0 0 0
1 -0.316351121902565 -0.806618251105914 0.0906295247398196 -0.337333372417114 0.349107899712195 2.33881622546093 0 0 524 0 0 0 0 0 0 0 0 0 0
1 -0.0316293503384286 0.646403850875029 -0.0130823880032557 -1.88603198162474 0.743970881490882 0.517540830325151 0 0 525 0 0 0 0 0 0 0 0 0 0
1 -0.840931620715432 0.977920457542187 -0.276307668373241 -0.40961192231457 -0.584023458869627 0.0427451600306535 0 0 526 0 0 0 0 0 0 0 0 0 0
1 0.0831289159453187 0.662841787695421 0.857310513013082 0.614669374983315 0.437071113448839 0.920145220994255 0 0 527 0 0 0 0 0 0 0 0 0 0
1 0.624600112178199 0.942169879012621 1.26867688872123 0.112763920163324 1.04381325117136 -0.00260029453727578 0 0 528 0 0 0 0 0 0 0 0 0 0
1 1.93335202802882 1.62485182774333 0.362025758528038 -0.783641197980858 0.844057916328476 -0.516391262374498 0 0 529 0 0 0 0 0 0 0 0 0 0
1 -0.577396383779047 0.368747139324533 0.21086524294048 -0.566686195338972 2.33289616493967 -1.27555036000225 0 0 530 0 0 0 0 0 0 0 0 0 0
1 -0.400389405704086 -0.0272495974382475 0.551553377212157 0.0955273769927297 -0.0511361405453548 0.125584182536091 0 0 531 0 0 0 0 0 0 0 0 0 0
1 -0.112374888371224 0.396054189151505 0.298587721032514 0.280836151029107 0.153117574433588 -1.20415098302921 0 0 532 0 0 0 0 0 0 0 0 0 0
1 -0.333132731813803 -0.32366350489862 -0.582898031600286 -0.801668175868473 -0.562053162581067 -0.643795396405789 0 0 533 0 0 0 0 0 0 0 0 0 0
1 0.427131892129369 0.337143360383082 0.811510915411155 -0.866304520372093 0.476491561343351 1.14750599387802 0 0 534 0 0 0 0 0 0 0 0 0 0
1 -0.384247579208476 -0.14668459269599 -0.146425676502273 -0.475090268830998 -0.0725719366245447 -0.784408873896183 0 0 535 0 0 0 0 0 0 0 0 0 0
1 -0.691836830734983 -0.923701489787268 0.492971812831165 0.285931115967547 -0.774786661164134 -0.0140887183209784 0 0 536 0 0 0 0 0 0 0 0 0 0
1 -0.454206810748824 -0.169391024368445 -0.66183773248953 0.0246213951249878 -1.09189831921945 0.598562398507828 0 0 537 0 0 0 0 0 0 0 0 0 0
1 0.974932967102427 -0.232807833546987 -0.841898119392269 0.0134808352519549 -0.914177684176785 -0.181667933712493 0 0 538 0 0 0 0 0 0 0 0 0 0
1 1.43649634051332 1.08067586437574 0.855455921929749 -0.941955355827995 0.819360850957163 0.609408631032421 0 0 539 0 0 0 0 0 0 0 0 0 0
1 -1.14846290352267 -2.38140431776681 -0.91356266869581 0.598151793479016 0.52428069509971 0.215085988944613 0 0 540 0 0 0 0 0 0 0 0 0 0
1 0.124375262404174 0.172034123924615 0.554966580465435 1.40987048066124 -1.91796466265607 -1.32164856648319 0 0 541 0 0 0 0 0 0 0 0 0 0
1 9.49163696051919 2.94584781710185 1.14796668625161 0.250961305876262 0.253759637841737 0.29929967362797 0 0 542 0 0 0 0 0 0 0 0 0 0
1 0.961071189684847 -0.157386112071746 -0.760341932077358 -0.171321115841101 0.174781862583504 -2.61129987369186 0 0 543 0 0 0 0 0 0 0 0 0 0
1 0.318758812169707 1.49238666834782 1.02100974212697 -0.619170137977266 0.309053215934913 -1.11669821406588 0 0 544 0 0 0 0 0 0 0 0 0 0
1 3.89024500584456 7.47775132360812 5.78750664169204 -0.304748114734184 -0.491319300655452 -0.00196739644321564 0 0 545 0 0 0 0 0 0 0 0 0 0
1 -0.0835574386828203 -0.188140829905137 -0.0688375751529673 -0.452155149788056 0.403602422160758 -1.91276972399881 0 0 546 0 0 0 0 0 0 0 0 0 0
1 0.423267335100621 1.69871839624442 2.45237636761951 0.0741272593124894 -0.291154927519406 -0.832863170216842 0 0 547 0 0 0 0 0 0 0 0 0 0
1 0.185603079796933 -0.331534550472164 -0.009462032610372 0.0245806176308186 -1.413176573456 1.62404547611648 0 0 548 0 0 0 0 0 0 0 0 0 0
1 0.635854635686138 0.467044822080377 -0.291411954092426 -0.228465057782921 -0.213143810255907 0.486753302199551 0 0 549 0 0 0 0 0 0 0 0 0 0
1 -1.08303377137927 -0.133016666715835 -0.475960421313365 -0.470442983611511 1.46680983130912 0.467591941882716 0 0 550 0 0 0 0 0 0 0 0 0 0
1 -0.638420130156194 -0.366959640844826 -0.0522891144458065 2.37676927981135 -0.500533020484625 -0.848857322580924 0 0 551 0 0 0 0 0 0 0 0 0 0
1 -0.553019076488062 -0.534401359032624 0.145048228150895 -0.286492531688807 1.9317208091502 -2.01522622584134 0 0 552 0 0 0 0 0 0 0 0 0 0
1 1.71391685189046 1.38075260598261 0.0394116920987661 1.77954327665269 -0.123679578392703 -0.753779308384896 0 0 553 0 0 0 0 0 0 0 0 0 0
1 0.542378631524899 -0.636585411206584 0.216039829926901 -0.152310530326429 -1.12643818581158 -0.670313285577859 0 0 554 0 0 0 0 0 0 0 0 0 0
1 -2.39616636060089 0.0850389667787071 -0.618484307252106 -0.651122558484706 1.11839007579314 1.03347040579106 0 0 555 0 0 0 0 0 0 0 0 0 0
1 -1.15807877395299 1.46628865162366 -0.544351146537797 0.46248727581425 0.69604571573582 1.3981175283822 0 0 556 0 0 0 0 0 0 0 0 0 0
1 0.435270505604201 0.172579175149179 -0.00443298631776 1.8225531115846 -0.366968093744983 -0.519628756307612 0 0 557 0 0 0 0 0 0 0 0 0 0
1 1.23576500330368 0.675530386634689 -0.66242342465832 -0.261809950276946 0.138726750583793 0.309926879438068 0 0 558 0 0 0 0 0 0 0 0 0 0
1 1.98635760112064 -5.34557334625572 -2.61557563080136 -0.028731738363417 -0.34004272952088 0.681992883851491 0 0 559 0 0 0 0 0 0 0 0 0 0
1 0.309050269410688 -0.604021698175384 1.4607891205207 0.889097949942351 0.228848425572108 1.43192297563491 0 0 560 0 0 0 0 0 0 0 0 0 0
1 0.326251180952364 0.150716539868752 1.13319477980022 -0.589921259428303 1.55510155916767 0.482377123523556 0 0 561 0 0 0 0 0 0 0 0 0 0
1 -1.43531244265303 -0.76954072486191 1.50031999994043 1.76450976258027 0.411727750469395 -0.105138064432314 0 0 562 0 0 0 0 0 0 0 0 0 0
1 -0.586104857601746 0.293737990995491 0.507488725998193 -0.502479073133396 -1.5051091453096 -0.324314843304822 0 0 563 0 0 0 0 0 0 0 0 0 0
1 1.07348403274149 0.673263645697425 0.124041348413189 1.51165492681952 0.149233477464554 0.648141438776611 0 0 564 0 0 0 0 0 0 0 0 0 0
1 -0.018137339137161 0.796842739613569 -0.851462529197862 -1.01657776419656 2.35948357013564 -0.0320701514655692 0 0 565 0 0 0 0 0 0 0 0 0 0
1 -0.808737953182864 0.261908918388469 -0.779063397731493 -0.91082851595061 1.04928485405181 -1.1911851190763 0 0 566 0 0 0 0 0 0 0 0 0 0
1 0.404276404065734 -0.147364888005361 -1.34513751897403 0.215044057120938 1.65308456921107 -0.537441244235844 0 0 567 0 0 0 0 0 0 0 0 0 0
1 -1.03937748466066 -0.457223248057366 -1.41713742988346 -0.727868136221832 -0.333752992973774 0.565746750176836 0 0 568 0 0 0 0 0 0 0 0 0 0
1 -0.17794287906536 -0.0036028404100857 0.835872284595824 -0.565468866782863 0.385179073662985 1.82450344521302 0 0 569 0 0 0 0 0 0 0 0 0 0
1 -6.10073185984651 1.60579796788696 0.0143045513043221 0.147690292924541 0.775570871321527 -0.029962946033567 0 0 570 0 0 0 0 0 0 0 0 0 0
1 0.19890190308912 1.45114599764827 -0.332694460356415 0.102866731724276 -0.500816581860744 0.701159374620814 0 0 571 0 0 0 0 0 0 0 0 0 0
1 -0.438449185038499 0.622403328155262 1.02278175755552 -0.191506128343646 -0.731757015317805 1.48968615597287 0 0 572 0 0 0 0 0 0 0 0 0 0
1 1.19054361153984 0.484218567075017 -0.425091844915895 -0.921850849971934 -0.196108338603789 -0.769705442711988 0 0 573 0 0 0 0 0 0 0 0 0 0
1 -0.630919737629851 2.84700026493308 -1.47829046236743 -1.17968331733289 -0.509411554914013 -0.386197535922387 0 0 574 0 0 0 0 0 0 0 0 0 0
1 -0.221289105040647 0.176062140400487 0.800025922534647 0.5722959173161 -1.35030607659086 -0.118045925652766 0 0 575 0 0 0 0 0 0 0 0 0 0
1 0.15348679230163 -0.718514188231995 -0.0466620098042016 -0.479170701337529 0.933105175015458 -0.238953479807549 0 0 576 0 0 0 0 0 0 0 0 0 0
1 0.841636766523305 -0.44189075658882 0.0564273233204955 -1.29759051694447 0.618826825635586 -1.21301853017358 0 0 577 0 0 0 0 0 0 0 0 0 0
1 -1.09837356853835 -1.46574913782393 -0.316926645232604 -1.49187020591187 0.421857749949157 1.53563321742715 0 0 578 0 0 0 0 0 0 0 0 0 0
1 0.412093305532185 -0.0625549599351893 0.516645566186368 -0.153109009532935 -0.871383092607807 -1.72084327959005 0 0 579 0 0 0 0 0 0 0 0 0 0
1 0.494993294823886 -0.269219769284223 -0.260463548369379 1.75129343408405 0.481167895381452 -0.562174648254344 0 0 580 0 0 0 0 0 0 0 0 0 0
1 0.268197524629791 -1.1627985433172 -0.193631428847397 0.356823074406818 1.42975574403686 0.247435708432947 0 0 581 0 0 0 0 0 0 0 0 0 0
1 0.902427837320979 0.429984379022219 -0.123225289071982 0.491747824335328 1.18243567279159 0.285840944354259 0 0 582 0 0 0 0 0 0 0 0 0 0
1 1.29264930352299 -0.126284642811234 -0.740537825175758 -1.37203828221442 0.407698389094958 -0.351033291884769 0 0 583 0 0 0 0 0 0 0 0 0 0
1 2.78458313577321 2.18873688654389 3.62292358204345 0.301144529871827 0.782219326043449 0.263634459479593 0 0 584 0 0 0 0 0 0 0 0 0 0
1 -0.432819694769362 -0.36530932613036 0.122308142637704 -0.434545675885091 -1.60677570551578 0.652958812913275 0 0 585 0 0 0 0 0 0 0 0 0 0
1 0.755067435660945 -0.249919431450816 0.294026592112838 -1.16021579862994 0.697403469679735 0.38195005484983 0 0 586 0 0 0 0 0 0 0 0 0 0
1 1.25302858146443 -0.0099700355181299 -0.557972189100947 1.40022520821124 0.783505423992429 0.421775094858301 0 0 587 0 0 0 0 0 0 0 0 0 0
1 0.407353761697663 0.0706492973406397 0.482323755105579 -0.756038642824669 1.2450834747421 -0.129423263074366 0 0 588 0 0 0 0 0 0 0 0 0 0
1 -0.518448398563753 -0.420547103314907 -0.183753177914289 -0.15655085574014 -0.389697057607938 -3.12686653727113 0 0 589 0 0 0 0 0 0 0 0 0 0
1 -0.500580102669547 -0.151662865905042 0.454732042584306 0.94667595982385 1.72470481562023 -0.0642064260806571 0 0 590 0 0 0 0 0 0 0 0 0 0
1 -0.460308025182336 0.403788430254034 -0.212545986238437 -0.00549886539714272 1.90001045236305 2.20327664811079 0 0 591 0 0 0 0 0 0 0 0 0 0
1 -0.123578109798266 -0.096727192916573 -0.514181123055107 -0.396621760507862 1.14056427901179 1.74477161591444 0 0 592 0 0 0 0 0 0 0 0 0 0
1 0.0601471021533865 -0.335122147089915 -0.335078460123804 0.838459836197155 -0.641947742002684 1.9596885782229 0 0 593 0 0 0 0 0 0 0 0 0 0
1 1.34682852345965 -0.572242006027351 -0.96779190756607 -0.492114316060371 -1.41915234148821 -0.784678125363496 0 0 594 0 0 0 0 0 0 0 0 0 0
1 -0.279744595606638 2.11551797380749 -2.47417526944744 -1.31605509024962 0.813088752002268 0.036934994166853 0 0 595 0 0 0 0 0 0 0 0 0 0
1 0.24001462430004 -0.0660693902535626 -0.64962732596136 -1.3407377948105 0.569110517833999 -2.3471567446614 0 0 596 0 0 0 0 0 0 0 0 0 0
1 0.601898814938248 0.434751058713163 0.318227086841161 0.525890782232891 0.0388513937807828 -0.0340556179869317 0 0 597 0 0 0 0 0 0 0 0 0 0
1 0.322625005506614 -0.286216478090673 0.190044485702414 -0.40867475115291 2.70560292921499 -0.972355640824316 0 0 598 0 0 0 0 0 0 0 0 0 0
1 -0.134374914963592 -1.20850660707894 0.0831984405543609 0.260520895097125 1.40991903566066 -0.0319127861030497 0 0 599 0 0 0 0 0 0 0 0 0 0
1 1.08693975800919 -0.350274706565514 -0.0151590151194605 0.799474059400813 -0.0437110036228496 1.61513409613362 0 0 600 0 0 0 0 0 0 0 0 0 0
1 0.314747148113441 -0.440395714103229 0.24629194340849 0.136044046655581 0.463979718215058 0.0729176840462777 0 0 601 0 0 0 0 0 0 0 0 0 0
1 -2.24632809727088 -1.23647706379955 0.136968637261991 0.11869400267034 -0.339626276636821 0.895903937408961 0 0 602 0 0 0 0 0 0 0 0 0 0
1 -0.471778923977548 -0.492011171705411 0.113903075837482 1.79627307157073 -0.795975012321061 0.369869381511054 0 0 603 0 0 0 0 0 0 0 0 0 0
1 0.284965910005497 1.00322128656722 0.405393194999251 1.24045337949294 0.54798519164559 -0.0590565457506715 0 0 604 0 0 0 0 0 0 0 0 0 0
1 -0.96025731759892 0.338774604964246 -0.885941452667468 0.302188873223738 0.183429435790404 1.86532565854134 0 0 605 0 0 0 0 0 0 0 0 0 0
1 0.246219081053189 1.5219664863887 -0.458893130050348 0.647348904902605 -0.458037206252292 -0.21447825064696 0 0 606 0 0 0 0 0 0 0 0 0 0
1 -0.451000909738729 -0.764028339243285 -0.458770579157452 1.07223064410222 -0.363409934153002 -0.865816390129296 0 0 607 0 0 0 0 0 0 0 0 0 0
1 -0.921802504603641 1.14549690516948 0.999759231615363 -1.18658761526371 -0.366477222722984 -0.253554102255413 0 0 608 0 0 0 0 0 0 0 0 0 0
1 -1.50056851441162 0.495731256006567 -0.457095293659625 -0.707561529015212 -0.311319991716627 1.2995818117824 0 0 609 0 0 0 0 0 0 0 0 0 0
1 0.39906238260985 -1.39392568743052 -0.0530163948346842 1.62965624176725 -0.170983281092602 0.263052304563637 0 0 610 0 0 0 0 0 0 0 0 0 0
1 1.03694624677895 0.809855854929401 0.614105415176986 0.704319594429702 0.936786469819156 0.60953152965234 0 0 611 0 0 0 0 0 0 0 0 0 0
1 0.777405337579845 0.896508354189939 0.68126824863177 1.05138635953442 -0.284983754230781 2.00339846024863 0 0 612 0 0 0 0 0 0 0 0 0 0
1 0.122497624160304 -0.208493190049947 -0.444073567398094 1.44818587860458 -0.0503542838007644 0.775589379130063 0 0 613 0 0 0 0 0 0 0 0 0 0
1 -0.0131203487494654 0.0899105140655473 0.310922136733987 -0.515172534486469 3.24693678558907 0.0423205054976605 0 0 614 0 0 0 0 0 0 0 0 0 0
1 -0.843720218871067 0.0681429198602431 -0.60149260451954 1.57176153380453 -0.845800731543004 0.773344348669055 0 0 615 0 0 0 0 0 0 0 0 0 0
1 -2.3446404024991 -5.44500881988812 -1.90547519599666 -0.353543545854684 0.281839697346495 -0.835877209222356 0 0 616 0 0 0 0 0 0 0 0 0 0
1 0.277612334776856 -0.4526661721164 0.511235091496504 1.56747574836914 -0.370520577193013 -0.84391342090118 0 0 617 0 0 0 0 0 0 0 0 0 0
1 0.189752498587074 0.0991125773403985 0.163527204812985 0.264312719159982 -1.35534830041107 1.88556543881 0 0 618 0 0 0 0 0 0 0 0 0 0
1 -0.0764423579305443 0.0877284110953893 0.0486635288094563 0.164470564184325 1.0085696228552 -1.48017892513333 0 0 619 0 0 0 0 0 0 0 0 0 0
1 -0.848352291646104 2.25100360663914 1.54875385504539 0.279469657624433 -0.16815884486456 0.504496283362157 0 0 620 0 0 0 0 0 0 0 0 0 0
1 -0.716041952096685 -1.85072633081024 0.139069686697068 1.00234711336694 0.71264425953446 0.443111883107334 0 0 621 0 0 0 0 0 0 0 0 0 0
1 -0.251471606214118 -0.0176304851771487 -0.97914319992385 -1.60713350818645 0.481885793221103 -0.421271106242159 0 0 622 0 0 0 0 0 0 0 0 0 0
1 -1.29629643890864 0.616522996089961 -0.9229358450016 0.666670226182413 0.723415377808995 -1.97475656256723 0 0 623 0 0 0 0 0 0 0 0 0 0
1 -0.0547748344040487 0.1587181577274 -0.145156703694746 0.987753185670899 -0.245232233667219 -2.28407563580984 0 0 624 0 0 0 0 0 0 0 0 0 0
1 -0.796126236817874 9.20508153196822 -0.549907689115788 -0.482158889359224 -0.209495728067456 -0.168853692278175 0 0 625 0 0 0 0 0 0 0 0 0 0
1 -1.15826777651331 2.92331854696935 -3.29013251569084 0.546688631083923 0.00840219465098432 0.958335400551472 0 0 626 0 0 0 0 0 0 0 0 0 0
1 -0.185144493837637 0.0082120758882588 -0.440927323820156 1.04409672157251 0.743655832062021 0.531585236661248 0 0 627 0 0 0 0 0 0 0 0 0 0
1 0.941150389847001 0.843283383633667 -1.1523685704593 -1.93419558279045 -0.0109684294590786 1.09718205822568 0 0 628 0 0 0 0 0 0 0 0 0 0
1 1.60676253803907 0.32946823106595 -0.429012410109168 0.93568197009145 -1.2846604023968 0.369465062359922 0 0 629 0 0 0 0 0 0 0 0 0 0
1 -0.841124320369937 0.921019834248894 -1.06467382438176 1.65671446110578 0.48576958001105 0.226551073025678 0 0 630 0 0 0 0 0 0 0 0 0 0
1 -0.412465434460115 1.18139485172574 1.11798680956299 -1.12289445172709 0.360828375222798 -0.813145842083536 0 0 631 0 0 0 0 0 0 0 0 0 0
1 0.319116858274311 1.11835934901883 0.149024634533316 0.306594075997949 -0.975426157355389 -1.16174604976821 0 0 632 0 0 0 0 0 0 0 0 0 0
1 1.42036894547857 0.660908038663937 0.398504533440088 -0.579179237428623 -0.92692472770573 0.390788940026258 0 0 633 0 0 0 0 0 0 0 0 0 0
1 1.56677498519036 0.566436966453517 0.145980911630444 1.34091618446805 0.185878098481711 0.0223651575657212 0 0 634 0 0 0 0 0 0 0 0 0 0
1 -22.2632844503683 -34.0851299100428 -38.9251873299168 0.182551373095976 0.115559838601213 0.057635431046018 0 0 635 0 0 0 0 0 0 0 0 0 0
1 0.463690413950569 -0.368367328830491 -0.662157901787418 -2.20695987768171 0.393667409048069 -1.36893333893365 0 0 636 0 0 0 0 0 0 0 0 0 0
1 -0.0405821166174264 -0.0273401345402317 -0.22697426317519 -0.486384224871188 -2.05422249779963 -0.591308889357233 0 0 637 0 0 0 0 0 0 0 0 0 0
1 -0.0976621799349491 2.13150130700713 0.483701916137777 -0.0801267081972149 -0.406577324417464 0.514348678709442 0 0 638 0 0 0 0 0 0 0 0 0 0
1 1.65704649620613 -0.531478037627783 -0.342393317457353 -0.12982973165922 0.801794188823061 0.600249186808737 0 0 639 0 0 0 0 0 0 0 0 0 0
1 -0.196706168442415 -0.74779765195405 0.729420722472354 0.954338075774025 -1.33716741896252 0.228437497481476 0 0 640 0 0 0 0 0 0 0 0 0 0
1 0.319289616968024 -0.165261361139458 0.89113486651218 0.65037118088343 0.326896821254353 -1.6183521147144 0 0 641 0 0 0 0 0 0 0 0 0 0
1 -2.52503994350085 -0.952327042059922 0.335187641198672 -1.38335655293313 -0.502633754314415 0.119019709797078 0 0 642 0 0 0 0 0 0 0 0 0 0
1 0.421763616187814 -1.0620976593163 0.654083817464497 -0.0552390016276542 0.0435806626784855 0.72679765530079 0 0 643 0 0 0 0 0 0 0 0 0 0
1 -0.254636385183828 0.8212421888748 -0.632503204135367 0.926722204316569 -1.0397077589652 -0.259096265954102 0 0 644 0 0 0 0 0 0 0 0 0 0
1 0.241130025914713 0.514129881764091 0.292018032648773 -0.977730059627455 -2.21880441861239 -1.39345791367646 0 0 645 0 0 0 0 0 0 0 0 0 0
1 0.084030377739978 0.834253510162002 -0.991618932260821 -0.126919385096924 -0.897139807502994 -1.02610549548861 0 0 646 0 0 0 0 0 0 0 0 0 0
1 -0.514940527389072 0.0682809367659661 -0.357883133134796 -1.0227134105535 1.02672514154498 -0.780433718233521 0 0 647 0 0 0 0 0 0 0 0 0 0
1 -0.781117336703324 0.716420499455545 0.340528288849895 0.349381603476617 -0.633397677595792 1.36514608745975 0 0 648 0 0 0 0 0 0 0 0 0 0
1 0.323935609161383 0.0391832542284157 0.357017185226419 -1.12029060575628 0.855156658371215 0.573811361394643 0 0 649 0 0 0 0 0 0 0 0 0 0
1 -0.293716511949895 0.56552781709674 -0.762371058169752 0.328004418821979 -1.40443076955332 -1.8529517026487 0 0 650 0 0 0 0 0 0 0 0 0 0
1 7.83743429691481 -2.0036873614061 -5.26860309494907 0.712431398701384 -0.841767324997353 -0.12880591019903 0 0 651 0 0 0 0 0 0 0 0 0 0
1 -0.230410504980317 0.0891559633714297 -0.208657636128718 1.06646284008248 1.50598205009545 2.86237610029632 0 0 652 0 0 0 0 0 0 0 0 0 0
1 0.0517910935262205 -0.384735004763525 -0.706957613400099 -1.6879162278701 0.186360040818932 -0.347925008064226 0 0 653 0 0 0 0 0 0 0 0 0 0
1 -0.339583059693285 -0.249545168937235 -0.0402790749252149 0.436298435224227 0.180802501949596 -1.3054430131893 0 0 654 0 0 0 0 0 0 0 0 0 0
1 -0.634538811867357 -0.80256368907432 -0.337455276567426 -1.00686104006623 -0.804162473647767 -1.10492277981337 0 0 655 0 0 0 0 0 0 0 0 0 0
1 0.130449871340775 -0.140471936821766 1.04302629445899 0.508892595630958 0.241387847679816 1.89987344142777 0 0 656 0 0 0 0 0 0 0 0 0 0
1 -0.677213130395835 0.670455052723848 -0.639468561995209 -0.901040349573234 -0.103130850036207 1.23182705093791 0 0 657 0 0 0 0 0 0 0 0 0 0
1 0.45427885195558 -1.50225461365772 -0.68511459162502 0.305498600107465 0.577080199678862 0.251685150636954 0 0 658 0 0 0 0 0 0 0 0 0 0
1 0.326600432208884 0.151909764258241 -0.0100065642993591 0.789584423005366 0.546708994975758 0.693798547952516 0 0 659 0 0 0 0 0 0 0 0 0 0
1 0.450851350366281 0.258750454031997 0.0759796442839043 -3.16690654802689 -0.0798448943843796 -0.388757130499423 0 0 660 0 0 0 0 0 0 0 0 0 0
1 0.0506151560943461 -1.99003452581391 -1.65365070461112 1.0779108585262 0.372073756683804 -0.331014555435079 0 0 661 0 0 0 0 0 0 0 0 0 0
1 -0.0856630245601531 0.526359497616016 0.253544166697573 -0.229923805214615 2.32909908397982 -0.84355016354619 0 0 662 0 0 0 0 0 0 0 0 0 0
1 -1.13220013164813 -0.300784588777119 0.319794654431967 0.355788732142622 1.15215064690405 -0.552089084023653 0 0 663 0 0 0 0 0 0 0 0 0 0
1 0.314215217866958 -0.316346785669057 0.0328410728527942 -0.90405466558234 -1.79487734212481 -0.430639549661207 0 0 664 0 0 0 0 0 0 0 0 0 0
1 0.197582919581267 -0.0886175962937534 -0.0988009071230389 0.563303594642672 -1.64397093994862 -0.562658629240378 0 0 665 0 0 0 0 0 0 0 0 0 0
1 -2.43133249214707 -0.218266360295445 3.40241169677858 0.112591349015402 0.201858364364763 0.25346384513942 0 0 666 0 0 0 0 0 0 0 0 0 0
1 0.0813430894546059 0.713899431885309 0.871291259567546 1.01341432380074 0.679587475194571 0.07996483806663 0 0 667 0 0 0 0 0 0 0 0 0 0
1 -0.214761756820944 -0.531470622475121 -0.377456924374478 0.502929557784163 -0.931189573562538 -2.1783656203748 0 0 668 0 0 0 0 0 0 0 0 0 0
1 0.553444530299209 -0.81486042078694 0.603644350801829 1.74550969721509 -1.47579853813849 0.0332824646987318 0 0 669 0 0 0 0 0 0 0 0 0 0
1 -0.749461834279215 0.376154053353619 0.964074014102489 -0.558940796707996 -1.32866481335104 -0.239185161650411 0 0 670 0 0 0 0 0 0 0 0 0 0
1 -0.52181784399381 0.596810209540215 0.595267154130784 -2.38677272517189 0.407153234727588 -0.461401461807823 0 0 671 0 0 0 0 0 0 0 0 0 0
1 -2.71671580665119 -0.323589152038877 1.56499911037741 -0.295697644221456 1.24964003262836 1.14056239663552 0 0 672 0 0 0 0 0 0 0 0 0 0
1 -0.512235316227639 3.59965334072339 0.573899109514578 -0.228132624389913 1.1656002648791 -0.878287414585966 0 0 673 0 0 0 0 0 0 0 0 0 0
1 2.01836733898759 2.45621892885417 -1.49665476281013 0.70790053770815 -0.264644465491935 1.26700689524949 0 0 674 0 0 0 0 0 0 0 0 0 0
1 -0.016923420607511 -0.118378667854981 -0.0681503115019479 2.26317705190726 0.755972839108369 -1.37487353839472 0 0 675 0 0 0 0 0 0 0 0 0 0
1 -1.95202528308636 -2.38329565333941 0.316749060139163 -0.95559851881047 0.801164509467008 0.113836113359663 0 0 676 0 0 0 0 0 0 0 0 0 0
1 1.06639426173456 0.943156395098638 -0.572156013708097 0.403424903270757 2.14041808537787 -0.719729972642383 0 0 677 0 0 0 0 0 0 0 0 0 0
1 -0.576506718625118 -0.281983441370674 -0.156902388493957 1.40636256755647 1.7290684802216 -1.96043994164187 0 0 678 0 0 0 0 0 0 0 0 0 0
1 -2.09439344944692 -4.89532696872364 2.31290320639152 -0.0660215801736526 0.00235475246199234 0.267042651557768 0 0 679 0 0 0 0 0 0 0 0 0 0
1 -0.0667326485173841 -0.0766176911751734 -0.171689536008914 3.34666562535366 0.196529013368089 -0.804266855799753 0 0 680 0 0 0 0 0 0 0 0 0 0
1 0.646758936234206 -0.659468322396179 -0.234849393634128 -0.180202234577824 1.2473183648786 -1.509738328023 0 0 681 0 0 0 0 0 0 0 0 0 0
1 0.0416560902310462 0.576877267835258 0.174029766518352 -0.331964425880151 -1.29478827588584 -0.565806846273196 0 0 682 0 0 0 0 0 0 0 0 0 0
1 -0.552647926922839 0.752629517246528 -0.0322036008478826 -1.39539626614949 0.385942890548629 -0.471325950444434 0 0 683 0 0 0 0 0 0 0 0 0 0
1 0.414940411096683 -0.239785502357169 -0.170083011960209 -1.22746179370651 1.88866739431125 -0.633141752155586 0 0 684 0 0 0 0 0 0 0 0 0 0
1 -8.33324050909248 5.51345973944978 -1.03479299099223 -0.158390056761538 0.38408088162438 -0.384830964099785 0 0 685 0 0 0 0 0 0 0 0 0 0
1 -1.46874740397711 1.54931439636364 -0.457300807638669 0.707056461908029 0.165121009434745 -0.971884176845093 0 0 686 0 0 0 0 0 0 0 0 0 0
1 0.417803040036799 -2.74137747341674 1.65608758800251 -0.305648188416051 -0.29090615414859 -0.38867435113194 0 0 687 0 0 0 0 0 0 0 0 0 0
1 5.33170331465317 4.98309008891074 -0.639649104816563 0.612457942228512 0.633239148812035 -0.318734705836722 0 0 688 0 0 0 0 0 0 0 0 0 0
1 -0.320824100910886 0.939282417890004 -0.289173261961368 0.425269052617197 0.697210350978407 3.03137371081334 0 0 689 0 0 0 0 0 0 0 0 0 0
1 -0.511446339291131 -0.465061089537534 -0.678794490219738 0.0199855059399702 -0.488366936613812 0.708603625618028 0 0 690 0 0 0 0 0 0 0 0 0 0
1 1.38458209351749 -0.712804800250369 -0.503628912526307 1.04144444356573 1.66212105218576 1.96344144049174 0 0 691 0 0 0 0 0 0 0 0 0 0
1 -2.16464141178648 -3.32871645967152 2.57378013820031 0.753012533393501 -0.843024722463695 -0.573036896990382 0 0 692 0 0 0 0 0 0 0 0 0 0
1 -0.94093258659199 -0.478360547947259 0.443053887661811 -0.457883151704737 -1.79990543569884 0.204746640261168 0 0 693 0 0 0 0 0 0 0 0 0 0
1 0.632615220286847 0.0578076626766195 0.641292777883968 -0.557813411438477 1.14869688148943 1.00980497558922 0 0 694 0 0 0 0 0 0 0 0 0 0
1 0.474421584571237 -0.106924307174191 0.317661787139239 1.39678882925189 3.00494714570494 0.587761529016671 0 0 695 0 0 0 0 0 0 0 0 0 0
1 -7.20860663339814 3.41965982867755 1.68721336233621 0.0657888328316675 -0.306358125082468 -0.183429540130875 0 0 696 0 0 0 0 0 0 0 0 0 0
1 -0.124520177545668 -1.07825146496333 0.841859089424397 -0.0813140845506019 0.735257945552622 -1.94339316869668 0 0 697 0 0 0 0 0 0 0 0 0 0
1 0.767452789761822 0.23988255187985 0.209905485414886 0.637997659623415 0.146196402510427 1.3463534257855 0 0 698 0 0 0 0 0 0 0 0 0 0
1 -0.295663479343167 -0.261273909271514 -0.720576926622711 -1.20170317813668 -0.150383850906817 1.52450152833438 0 0 699 0 0 0 0 0 0 0 0 0 0
1 0.338087477500362 0.286170220288405 0.0304881302194804 1.93983757537515 -0.39124689900629 0.307868411131065 0 0 700 0 0 0 0 0 0 0 0 0 0
1 0.128972317377528 1.30160212361655 0.168469927862904 1.32454926135694 0.953059319036468 -1.83143742423049 0 0 701 0 0 0 0 0 0 0 0 0 0
1 1.41630359699591 -0.290531533657013 0.370145587029599 0.546999501958691 0.743223661290086 -0.993995316443706 0 0 702 0 0 0 0 0 0 0 0 0 0
1 -0.571147875379007 -0.636078850566465 -1.29489054941287 -0.224468972031044 -0.167958226930261 -1.1905450459054 0 0 703 0 0 0 0 0 0 0 0 0 0
1 -0.717230814066749 0.817340617981523 -1.65984199760059 -1.26350381184572 -0.383500393239372 0.0549760381038708 0 0 704 0 0 0 0 0 0 0 0 0 0
1 -0.376625574635109 0.453073614892431 -0.147854076710785 -0.590827261084098 -1.78226143690381 -0.896140218656585 0 0 705 0 0 0 0 0 0 0 0 0 0
1 11.1851357062725 -0.303787736696871 -5.19829851952678 0.215247310076959 -0.00382220467378589 -0.207661148674199 0 0 706 0 0 0 0 0 0 0 0 0 0
1 1.49519159191454 -0.339690930119959 0.242726774685068 -0.362342411533737 -0.925195812472657 1.64379086032889 0 0 707 0 0 0 0 0 0 0 0 0 0
1 0.357157434456634 -0.133061624270551 1.81210435505134 -0.318514653498274 -0.711547857363016 1.04921110405599 0 0 708 0 0 0 0 0 0 0 0 0 0
1 1.09250484947193 -0.51022965234307 -1.0176762964007 -0.540827224383855 -0.607548136102397 0.327720635031301 0 0 709 0 0 0 0 0 0 0 0 0 0
1 2.76368342864036 -0.672039673633182 1.40329077586685 0.254644731583036 0.0603180085383765 -1.16765377963736 0 0 710 0 0 0 0 0 0 0 0 0 0
1 0.78877725512994 -1.92283221476536 -0.448417023678761 0.103185970415351 0.647094504521144 1.22575790865327 0 0 711 0 0 0 0 0 0 0 0 0 0
1 -2.25391962560727 5.41569164475089 -1.889597602872 0.593018682896388 -0.482052712010956 0.34987996569064 0 0 712 0 0 0 0 0 0 0 0 0 0
1 0.203009862857569 -0.316181290890837 -0.0804697022408509 0.162046484885605 2.08916272037923 -2.69161415044552 0 0 713 0 0 0 0 0 0 0 0 0 0
1 0.115219160172864 -0.27774193081591 -0.0735407762917148 -0.0473153451790951 -1.60618503358672 2.14066083530808 0 0 714 0 0 0 0 0 0 0 0 0 0
1 1.73012429716956 -0.446333182106191 -4.54444881951592 0.574465345403062 0.0166612928880039 0.681713083445896 0 0 715 0 0 0 0 0 0 0 0 0 0
1 -1.14267200702337 -2.68179631646773 1.09541617781084 -0.222377223154874 -0.168830408487466 1.06579516996659 0 0 716 0 0 0 0 0 0 0 0 0 0
1 -0.012661117839514 -0.669137973412671 -0.535520092131818 -0.538630822914523 -0.338786313963622 0.250665864794835 0 0 717 0 0 0 0 0 0 0 0 0 0
1 -0.300718443098447 0.373591090842203 -0.395018080859454 -1.19561252710473 -1.94155714990164 1.25051250439909 0 0 718 0 0 0 0 0 0 0 0 0 0
1 -0.563302168371161 1.02056986473009 -0.748509783793174 -0.742293707661967 -0.580853697207083 1.43957234100937 0 0 719 0 0 0 0 0 0 0 0 0 0
1 0.0165927089125252 0.0784585869763037 0.57369619943601 1.8553169549024 0.289116434389507 0.444303485421779 0 0 720 0 0 0 0 0 0 0 0 0 0
1 -1.12850483198336 0.815993467698367 -1.86379552664866 1.01005539629908 -0.483681348162171 1.16825844896756 0 0 721 0 0 0 0 0 0 0 0 0 0
1 -0.459983645134809 0.0547031088284368 -0.895808169346455 1.35016393157172 -0.210764857717261 1.45813985370528 0 0 722 0 0 0 0 0 0 0 0 0 0
1 -0.704041459299694 0.374704185146386 -0.493311035277674 -0.136374498038942 0.015476272267415 -1.05327233683642 0 0 723 0 0 0 0 0 0 0 0 0 0
1 -0.298740799194869 0.386635918920769 0.481312128622297 1.70958182878239 -0.134777109573876 -0.315782406848175 0 0 724 0 0 0 0 0 0 0 0 0 0
1 1.263107898684 -0.214631245443794 -0.759900905761715 1.26027654406034 1.74036532517481 0.834911107771705 0 0 725 0 0 0 0 0 0 0 0 0 0
1 0.0106004221022449 -0.30702519552657 -0.282428436477952 0.33538113152012 0.483170536271502 1.58126958613952 0 0 726 0 0 0 0 0 0 0 0 0 0
1 1.87107409070362 -1.37468126436846 0.155583399226646 -0.689578492931939 -0.631811163316025 1.39009276852844 0 0 727 0 0 0 0 0 0 0 0 0 0
1 1.95308276137042 0.40932010054227 -0.739959110561589 0.123034966103058 0.925873690034722 -0.803402691214513 0 0 728 0 0 0 0 0 0 0 0 0 0
1 1.15763198858561 0.133607855192644 0.279946339853067 -2.69419186959505 -0.449211920966797 0.560051393282843 0 0 729 0 0 0 0 0 0 0 0 0 0
1 0.525393617167303 0.591901190662026 -0.194841920751518 0.076341798885846 -2.2909678690727 1.55010548840801 0 0 730 0 0 0 0 0 0 0 0 0 0
1 0.76037482523552 0.630713216162168 -1.31217364962179 0.212628348565502 -0.424844704840639 -0.522422827973608 0 0 731 0 0 0 0 0 0 0 0 0 0
1 -0.0197119447514333 -0.0626913794099967 -0.294724584650937 -0.0434265020774679 0.334357019015941 -0.0261672585431033 0 0 732 0 0 0 0 0 0 0 0 0 0
1 0.0311573930491123 -0.192185386673107 -0.0761320003148068 -0.408717025020646 0.396517361341618 -2.21730627703133 0 0 733 0 0 0 0 0 0 0 0 0 0
1 0.265851497839023 -0.938640835240882 -0.426501751652986 -1.23906849237508 0.433812175943932 -0.315663024727197 0 0 734 0 0 0 0 0 0 0 0 0 0
1 -0.714691439097386 0.710948757568364 -0.89609910112878 -0.756622582517006 -1.49206058916451 -0.37943255462541 0 0 735 0 0 0 0 0 0 0 0 0 0
1 -1.13910165707844 2.16989460292163 -0.662228386476524 -0.441110921594544 0.769073581382701 0.572348967552796 0 0 736 0 0 0 0 0 0 0 0 0 0
1 -0.986510266108289 -0.81106748214107 0.802752091250365 0.375759221159842 -0.620533919205202 1.31983317393588 0 0 737 0 0 0 0 0 0 0 0 0 0
1 -1.3437074046778 0.482273870464705 1.78096353749265 -0.74692186890948 -0.135576458809415 0.0552742354667618 0 0 738 0 0 0 0 0 0 0 0 0 0
1 -0.264592350640306 -1.00839057979769 0.412283803996425 -0.684912221126762 0.0210220092596599 2.22994123586924 0 0 739 0 0 0 0 0 0 0 0 0 0
1 1.04899772069114 1.74374110716381 0.948444606176873 -0.460497631219069 -0.105361432349923 1.09589372681404 0 0 740 0 0 0 0 0 0 0 0 0 0
1 -0.363275612981722 -0.116842612411759 -0.524861066236036 0.270527555232468 -0.56579911284295 -2.5204880854415 0 0 741 0 0 0 0 0 0 0 0 0 0
1 0.484570835497054 -0.512092524804468 -0.325265295277526 0.564629182313007 -0.339195092838062 0.936697747519706 0 0 742 0 0 0 0 0 0 0 0 0 0
1 0.121429955549526 -0.205979143454883 -0.260857419686228 -0.774398162542619 1.34058200690291 -1.31216645200429 0 0 743 0 0 0 0 0 0 0 0 0 0
1 -0.412429238604129 -0.0849807784156137 -0.382310852146595 0.462835367601589 -1.21360634876703 -0.752227171212188 0 0 744 0 0 0 0 0 0 0 0 0 0
1 0.0976966082913812 -0.8139862958503 0.469865630109952 1.53029598991137 -0.552581560879628 -0.54648608896639 0 0 745 0 0 0 0 0 0 0 0 0 0
1 -0.234903685573725 0.286246898603643 -0.273232778601106 0.616996490510688 1.79266153690731 -0.196476855251672 0 0 746 0 0 0 0 0 0 0 0 0 0
1 0.33176715921094 -0.4185959719664 -0.506261334415969 -0.355020656691051 0.881827098142887 2.08698268270081 0 0 747 0 0 0 0 0 0 0 0 0 0
1 0.332769919676606 0.476191640689792 0.0495130105094927 -3.17422784511415 0.539595293903097 0.413526582846802 0 0 748 0 0 0 0 0 0 0 0 0 0
1 2.16875398775256 -1.58118445096855 -0.987084090138396 0.312097233919524 0.428355154545545 -0.313989504085432 0 0 749 0 0 0 0 0 0 0 0 0 0
1 -0.0892174038173572 -0.118095775760587 0.487032742515689 1.4178047915592 1.96602970406758 0.694377882803289 0 0 750 0 0 0 0 0 0 0 0 0 0
1 0.60797595462302 -0.170277320919032 -0.0631552866699845 2.22327971139781 -0.66470755065538 -0.474309280704987 0 0 751 0 0 0 0 0 0 0 0 0 0
1 0.0466486223955736 0.564612029219118 -0.025720610180165 0.90351130742842 1.56716605461456 0.857578105337515 0 0 752 0 0 0 0 0 0 0 0 0 0
1 -0.541209254185504 -0.439010711364918 0.632648850050379 -0.497605226462698 1.51658884181543 1.23363468873236 0 0 753 0 0 0 0 0 0 0 0 0 0
1 0.241470875016872 0.157283429618347 -0.0729850800007362 2.55982731879707 0.407469522510389 0.406343016754893 0 0 754 0 0 0 0 0 0 0 0 0 0
1 0.580555923696094 0.525527565984087 -0.476193767646465 0.340817410431976 -2.00090075976799 0.112117122025122 0 0 755 0 0 0 0 0 0 0 0 0 0
1 0.666161834695708 -0.52334289370146 0.659758293835495 1.37063720587714 0.410018457801482 1.12955386429089 0 0 756 0 0 0 0 0 0 0 0 0 0
1 -0.578922019099414 -0.000477536492879 -0.32914687454333 0.416097299836545 -0.313305815718275 -1.38425626639585 0 0 757 0 0 0 0 0 0 0 0 0 0
1 0.180843801249727 0.240421085823747 -0.214452425657865 -0.836877781730988 -0.71444107720863 -0.521608701606964 0 0 758 0 0 0 0 0 0 0 0 0 0
1 0.140608810764408 0.589253443257718 -0.501882151263515 1.26700424010813 2.74384824844597 -0.708890573809781 0 0 759 0 0 0 0 0 0 0 0 0 0
1 -0.144044087453075 -1.34524252343947 -0.851305716180533 0.269956275019014 0.704571554101667 -0.698895264111121 0 0 760 0 0 0 0 0 0 0 0 0 0
1 -0.840711596036969 0.570993089895726 -0.0954592842141497 -1.56831816656298 -1.78898477817276 -0.277585007205159 0 0 761 0 0 0 0 0 0 0 0 0 0
1 -0.101345433003362 0.85452253134054 -0.0229942921753282 -0.499494776848037 0.553270791483463 -1.5482654439875 0 0 762 0 0 0 0 0 0 0 0 0 0
1 0.770203870505531 0.0260358134707531 0.744310815413025 0.467312794156594 -1.30791417654919 1.85935908652132 0 0 763 0 0 0 0 0 0 0 0 0 0
1 0.0220847775958917 -0.792449843663596 1.32045408078636 -0.148316697872843 0.0395264001338585 -0.150516599287118 0 0 764 0 0 0 0 0 0 0 0 0 0
1 1.49224116284546 0.447536973273654 0.357321367761939 0.528832518070084 -0.736605894304942 0.596681153557968 0 0 765 0 0 0 0 0 0 0 0 0 0
1 0.624212067235788 0.553923527667281 -0.406378898313546 0.33583632761835 -0.0337612285656666 1.45836989681987 0 0 766 0 0 0 0 0 0 0 0 0 0
1 0.27399778359762 -0.324899760221584 -0.0547152823296477 -1.47375018899876 0.741702524708134 0.313043829534032 0 0 767 0 0 0 0 0 0 0 0 0 0
1 -0.436517175498585 -0.936724893548549 0.0362549435881733 -0.0339610205316645 1.36993116888508 1.71419746431707 0 0 768 0 0 0 0 0 0 0 0 0 0
1 -0.454141734317869 0.459789593069414 0.297264563264633 0.484962685472173 2.47457438189223 -0.386624099174148 0 0 769 0 0 0 0 0 0 0 0 0 0
1 -1.11701683215663 -0.482636567463266 -0.310987313910603 0.883373190861944 1.64134825866917 0.352838670217051 0 0 770 0 0 0 0 0 0 0 0 0 0
1 -1.47961926685498 -0.602982476839479 -0.750764194332752 0.434425010763546 -0.039865366810813 0.246165425046918 0 0 771 0 0 0 0 0 0 0 0 0 0
1 0.227955684512917 -0.342920177109498 -0.0401580252174915 1.07486286061879 -1.25217118905694 -2.15455322316019 0 0 772 0 0 0 0 0 0 0 0 0 0
1 -2.49819952784703 5.53954316043371 0.17493119433197 0.533915671760121 -0.618155569134332 0.165388822303481 0 0 773 0 0 0 0 0 0 0 0 0 0
1 0.270461109480317 0.403473544171729 -2.07669214690614 0.353157391647994 -0.31459360687866 0.598575968265491 0 0 774 0 0 0 0 0 0 0 0 0 0
1 -0.134085080593446 -0.144334678636429 0.369938761685963 -0.0460917974338024 -2.85160700019368 0.292060171193596 0 0 775 0 0 0 0 0 0 0 0 0 0
1 -0.386358951413337 -0.21976751448622 -0.252103224709646 -2.26596602580045 -0.810782452506198 -0.316097641432975 0 0 776 0 0 0 0 0 0 0 0 0 0
1 0.556145511642242 -0.15195429901728 -0.0649474522960381 -0.769194542770693 2.30622272359978 -0.452103019077914 0 0 777 0 0 0 0 0 0 0 0 0 0
1 -0.0721129417029011 0.946636829540847 -1.26055871590429 -0.206717692586607 1.38879082956095 1.10423980745792 0 0 778 0 0 0 0 0 0 0 0 0 0
1 0.706738731455566 1.25127944964341 -1.51665378794769 0.594396573005474 -0.777753575601757 -0.180236296493082 0 0 779 0 0 0 0 0 0 0 0 0 0
1 -0.0905610425907714 0.0226421364643374 -0.244050106614644 -2.71406848777643 -2.70072112375121 -0.475658292223407 0 0 780 0 0 0 0 0 0 0 0 0 0
1 0.653241325700537 0.653390214810449 0.36739728740622 0.205876673471472 0.326973251638503 -0.0981019699894621 0 0 781 0 0 0 0 0 0 0 0 0 0
1 0.556108808754024 -0.168580376820635 0.509731710082574 0.653814872870784 -1.4784086363797 0.168513898366302 0 0 782 0 0 0 0 0 0 0 0 0 0
1 -0.528225728890906 -0.121249164209904 -0.125663179345144 0.887891391857276 -0.598498499847072 0.838816175081147 0 0 783 0 0 0 0 0 0 0 0 0 0
1 -1.17861477391447 -2.61307691810742 -0.794137402350567 1.25620174730191 -0.439085143668365 -0.108333839107734 0 0 784 0 0 0 0 0 0 0 0 0 0
1 -0.666122912656702 -1.14080560118454 0.427135015063413 -0.558798878413603 1.91135223495574 -1.50213898190203 0 0 785 0 0 0 0 0 0 0 0 0 0
1 0.485503665673409 -0.273704137222604 1.23735558710846 -0.857862394686642 -0.0469280763432168 0.451026977506663 0 0 786 0 0 0 0 0 0 0 0 0 0
1 -0.12852600649864 -1.03597944338273 0.816726520680713 -0.00975684981772251 -0.712515266125697 0.334704879176796 0 0 787 0 0 0 0 0 0 0 0 0 0
1 0.0470583293903764 -0.548098337614361 -0.468598521240254 1.43201242983226 0.244340106526388 -0.019487118791272 0 0 788 0 0 0 0 0 0 0 0 0 0
1 0.434231443792471 -0.407554673221436 -0.740635284644973 -0.938523490082692 1.38055735227047 1.0949550842269 0 0 789 0 0 0 0 0 0 0 0 0 0
1 -0.873785190475275 0.701470953219474 -0.763585296932534 -0.59158267982538 0.927680174514241 -0.151718346079534 0 0 790 0 0 0 0 0 0 0 0 0 0
1 4.03695145881382 -0.382570318708875 -0.478413458612428 -0.525281977995525 -0.193166734923584 -0.264948529475577 0 0 791 0 0 0 0 0 0 0 0 0 0
1 0.153961460130902 -0.110070731894539 -0.30428335771288 2.65059460620201 -2.28889937390722 -1.34486761049002 0 0 792 0 0 0 0 0 0 0 0 0 0
1 -0.269254745741161 0.058251032706266 -0.620847760031185 1.75728945652094 -0.0316532598588065 -0.665728815854715 0 0 793 0 0 0 0 0 0 0 0 0 0
1 0.237509722738463 -0.166072979315688 0.153216022946793 -1.54190378592727 -0.45814900728894 1.78124233142386 0 0 794 0 0 0 0 0 0 0 0 0 0
1 -0.0995644443978105 0.880090664892716 -0.272631419200357 0.291544006490912 0.192281734537156 -1.18096450333751 0 0 795 0 0 0 0 0 0 0 0 0 0
1 0.521406819776498 -0.468073691943907 1.26214404042681 -1.12784256239976 1.05928198179889 1.5490587030153 0 0 796 0 0 0 0 0 0 0 0 0 0
1 -0.534864087420802 1.23764654786454 0.137105477501117 -0.0300679111264054 1.43903189270217 -0.125445473630887 0 0 797 0 0 0 0 0 0 0 0 0 0
1 -0.363969852948921 0.44330268743088 0.0648721673694324 0.443681041763276 1.2026679051566 -3.03156418005544 0 0 798 0 0 0 0 0 0 0 0 0 0
1 -2.18952463446368 -2.94450320994515 -4.9645293534521 -0.243209584071429 0.0505202526905425 -0.236435801128878 0 0 799 0 0 0 0 0 0 0 0 0 0
1 -0.192415135798165 -0.078561084122499 0.725018787142671 -0.15008022580945 -0.813939271867515 0.124296968335932 0 0 800 0 0 0 0 0 0 0 0 0 0
1 -1.60774774432458 -5.08340870029002 0.518591458173582 -0.716025240420305 0.206590548414579 -0.46160400384351 0 0 801 0 0 0 0 0 0 0 0 0 0
1 -0.186453636575731 0.448089908520481 -0.135641677856884 -1.77911149035829 0.613232722444563 -0.371833050785084 0 0 802 0 0 0 0 0 0 0 0 0 0
1 1.75098002618551 1.42853732888778 0.517818633727265 -1.21774717446399 1.27410795776169 0.238810919520738 0 0 803 0 0 0 0 0 0 0 0 0 0
1 0.947053095335563 4.45802991413946 -1.62310155534853 0.547863509674001 -0.208857776839865 -0.486185373590174 0 0 804 0 0 0 0 0 0 0 0 0 0
1 1.43093055433073 -0.794476706964752 -1.91579763377858 1.8730840939168 -0.902749307962164 -0.256803952637213 0 0 805 0 0 0 0 0 0 0 0 0 0
1 -0.586544567627489 -0.670945009305134 -0.619801763841325 0.175762615401815 0.0326972109349639 0.06234128418418 0 0 806 0 0 0 0 0 0 0 0 0 0
1 -0.749463221663672 0.548926738020895 0.970853372860765 -0.0984205925373004 -0.253333092877966 -1.33528318928708 0 0 807 0 0 0 0 0 0 0 0 0 0
1 -0.504390929136492 -0.0734478702423622 -0.32765734087002 -0.801097123995916 -0.641293123678687 1.50011103034274 0 0 808 0 0 0 0 0 0 0 0 0 0
1 -1.87400979684256 -0.888401500459735 -1.64968700234819 -0.534290885320693 0.519153635848019 0.216555530745315 0 0 809 0 0 0 0 0 0 0 0 0 0
1 0.678396064931988 -1.36309064329858 -0.234329196404345 0.147590779913599 -0.256733858522396 1.48617484543055 0 0 810 0 0 0 0 0 0 0 0 0 0
1 -0.20673012080208 -0.0506858802002615 0.470841266624517 -1.22245510438921 -1.83311117414539 -0.867820619054282 0 0 811 0 0 0 0 0 0 0 0 0 0
1 -1.10738783955247 0.365450093305095 -0.523864945928856 0.484604920366379 -0.483642591423444 -0.577136165004081 0 0 812 0 0 0 0 0 0 0 0 0 0
1 -0.9767765252782 0.211113759145052 0.941809794949228 1.38152496059691 0.126285522718029 -1.80481077668478 0 0 813 0 0 0 0 0 0 0 0 0 0
1 -0.278077730667048 0.264361470964457 -0.373704348796469 -1.65413496947925 -1.81453955318464 -1.00355383240344 0 0 814 0 0 0 0 0 0 0 0 0 0
1 -1.31112971462401 -0.0121918522017686 -0.728594859533627 -0.797335467016452 0.207918947388495 -0.130003815757807 0 0 815 0 0 0 0 0 0 0 0 0 0
1 0.261352456336676 -0.382901867985631 0.320509970528465 1.39142251583988 -0.0565048738326555 0.647772811882741 0 0 816 0 0 0 0 0 0 0 0 0 0
1 1.2262462810706 -1.18577296936426 -0.547163766527521 0.586018584545225 -0.0271083231622652 -0.0147391574141869 0 0 817 0 0 0 0 0 0 0 0 0 0
1 0.606155981532721 -1.75096013847859 -0.980382442697509 0.843839790877063 -1.58914281646653 0.224047107539353 0 0 818 0 0 0 0 0 0 0 0 0 0
1 -0.733561609123389 -0.0413954417449168 -0.758332254982566 -1.37877222138042 1.2655110264327 -0.0503207697169332 0 0 819 0 0 0 0 0 0 0 0 0 0
1 4.06007290989375 -3.60912629622688 5.10631058852999 -0.456868914079857 -0.16429000210673 0.553024965929985 0 0 820 0 0 0 0 0 0 0 0 0 0
1 -1.21719704354193 -0.243374402538113 1.89563353913696 0.10716811169474 -0.749030132534566 0.868015719501483 0 0 821 0 0 0 0 0 0 0 0 0 0
1 1.0154960479473 0.223774015684473 0.0811556877906567 -0.28762064882524 -1.92664480247356 -0.147147281132797 0 0 822 0 0 0 0 0 0 0 0 0 0
1 0.547508552961767 -0.0895559221371667 0.116879688038926 1.07399258471045 -0.456999901066452 -0.924664892150466 0 0 823 0 0 0 0 0 0 0 0 0 0
1 -0.346441842151625 0.162778752937424 -0.133368610101382 0.598284733948051 -1.42802634734038 -1.06612613021361 0 0 824 0 0 0 0 0 0 0 0 0 0
1 0.215861459244976 -0.600143862966452 -0.572796382494799 0.436328377198489 0.140009384676663 1.16827341700039 0 0 825 0 0 0 0 0 0 0 0 0 0
1 0.209510547422568 0.645489489945597 0.0971800740698351 0.953245801272042 -1.40600875572113 0.472552392482633 0 0 826 0 0 0 0 0 0 0 0 0 0
1 0.336832890382596 0.0686522169463721 0.0019847756243453 -1.51118374456945 -2.13208125463269 -0.241436701773797 0 0 827 0 0 0 0 0 0 0 0 0 0
1 -0.0870844222957186 0.200576544132155 -0.526819979097384 -0.0279351439345592 -2.1703603897646 -0.174614188035228 0 0 828 0 0 0 0 0 0 0 0 0 0
1 -0.161915415118014 0.556132935687405 0.279592279238102 2.10142692436185 -0.518253252181939 -0.499473164418835 0 0 829 0 0 0 0 0 0 0 0 0 0
1 0.450727363741488 -0.56070258863108 -0.0824407709790211 1.62734447632176 0.312979780234965 0.218737359248437 0 0 830 0 0 0 0 0 0 0 0 0 0
1 -0.241125305544011 -0.118579420830563 1.40290687375592 0.753019463064377 0.939511930596725 0.177932977379792 0 0 831 0 0 0 0 0 0 0 0 0 0
1 -0.33550245445372 -0.295403152933328 -2.03186509545043 -0.100869405160667 1.36137332616612 -0.34726739214727 0 0 832 0 0 0 0 0 0 0 0 0 0
1 -1.64733342093975 -0.201878423675913 0.0389443657875845 0.507369483049969 -0.435936486366559 1.07223121559375 0 0 833 0 0 0 0 0 0 0 0 0 0
1 -0.501826463117823 0.0629952527013872 -0.0989208472571671 -0.322257799458183 0.690152095072074 2.02217066529422 0 0 834 0 0 0 0 0 0 0 0 0 0
1 -0.158795755520627 0.367452395897137 0.715396225896737 -0.7998126075551 1.96879651476725 -0.325876713891959 0 0 835 0 0 0 0 0 0 0 0 0 0
1 0.906010734366802 -0.591995880856884 0.325783977755582 0.0978694934233296 -0.248612545216568 -0.135286522039391 0 0 836 0 0 0 0 0 0 0 0 0 0
1 -1.04791853595604 -0.209450939033459 0.0270315282708074 -1.11751128694558 -0.203842070173315 2.5440214635869 0 0 837 0 0 0 0 0 0 0 0 0 0
1 -0.108200380976508 0.225289197182515 -0.417561974355761 -1.35844775733193 1.39353510664597 1.60661227301447 0 0 838 0 0 0 0 0 0 0 0 0 0
1 -0.930151671107605 0.456314124586356 0.274017368176671 -0.435155858713347 0.373156434770671 -1.50920799729481 0 0 839 0 0 0 0 0 0 0 0 0 0
1 0.0132001719205303 0.167865232278693 0.22233037713129 2.04879008241355 -1.83119949715788 -0.406377027754109 0 0 840 0 0 0 0 0 0 0 0 0 0
1 2.18764667327308 -0.356580729489945 4.92265512824733 -0.807911748603084 0.0750363705583171 -0.825698797720112 0 0 841 0 0 0 0 0 0 0 0 0 0
1 -0.810287027460621 0.231862876142979 0.309602516790259 0.86017305590004 1.10532981146593 0.723213516252235 0 0 842 0 0 0 0 0 0 0 0 0 0
1 -0.197977050823605 -0.194012802767779 0.0141010228632342 -0.436399707204895 -1.67346588403767 -1.46991806530018 0 0 843 0 0 0 0 0 0 0 0 0 0
1 -0.440387347993163 0.0720517340601873 -0.146885474098226 1.25939346239465 -0.66151196795249 0.365140631819803 0 0 844 0 0 0 0 0 0 0 0 0 0
1 0.342228765794477 0.13497258298371 0.263503778179382 0.376332166934661 0.499040460747465 -2.85890371913949 0 0 845 0 0 0 0 0 0 0 0 0 0
1 -0.11452723318787 -0.525191701573101 -0.173962986832659 1.2975044944397 -2.11744678042779 1.19631298785516 0 0 846 0 0 0 0 0 0 0 0 0 0
1 0.323271155650096 -0.0742041688540126 -0.373290484221326 -0.94957724714633 2.06512094737345 -1.80096199898142 0 0 847 0 0 0 0 0 0 0 0 0 0
1 0.895241131667825 -0.138676168637444 0.0474119184731373 0.487497966250827 -0.384955067194691 -0.460469578106062 0 0 848 0 0 0 0 0 0 0 0 0 0
1 1.90979755035475 -1.05033867995502 0.283440875087302 -0.442330359383774 -0.699168476891705 1.14451280455404 0 0 849 0 0 0 0 0 0 0 0 0 0
1 -0.265499676143407 0.899110018106055 -0.137644513976638 -0.403844974289701 -1.29451934972399 0.147678098053226 0 0 850 0 0 0 0 0 0 0 0 0 0
1 0.26141193453455 -0.248767233192162 -0.331184804110092 -2.01731560923774 -1.36920930593441 2.02296649506223 0 0 851 0 0 0 0 0 0 0 0 0 0
1 0.34475691748335 0.733173409128601 -0.536368445203657 -0.497560595303081 0.968441608541123 -0.0954255274905195 0 0 852 0 0 0 0 0 0 0 0 0 0
1 0.0061693657446506 0.128514855215926 0.432633464889204 0.855337723793875 -0.233912100456605 0.22002681723568 0 0 853 0 0 0 0 0 0 0 0 0 0
1 0.400356667411403 -0.30581932455371 0.640018486097704 -1.60547393257585 -1.29028291685668 -0.39052097457992 0 0 854 0 0 0 0 0 0 0 0 0 0
1 0.298058834939471 1.92758441869359 0.748564518437964 -0.652873687007089 0.739346120267966 0.848728905665619 0 0 855 0 0 0 0 0 0 0 0 0 0
1 0.343925570907813 0.172573106407245 0.167370058239427 -1.92747056770402 1.63448020365373 0.57766392889522 0 0 856 0 0 0 0 0 0 0 0 0 0
1 -0.0521862161066461 0.473490355406223 -0.172164030809951 1.38106649948197 -0.334579213515975 -0.320488445351034 0 0 857 0 0 0 0 0 0 0 0 0 0
1 -1.16607538276065 -0.25808675052632 0.687101923038486 -1.09743713497319 -0.675348793447341 0.183126175913808 0 0 858 0 0 0 0 0 0 0 0 0 0
1 -1.10465719748944 -0.340668465590285 -1.10469619258182 0.0997373693729439 0.215243164157811 -1.56234063115556 0 0 859 0 0 0 0 0 0 0 0 0 0
1 -0.140712800498825 0.0487092685724347 -0.210880411729661 1.53840348760549 -0.859270623957177 1.95288013695849 0 0 860 0 0 0 0 0 0 0 0 0 0
1 -0.0200574043272802 0.736125581536585 0.766073189788449 0.263146642870206 -0.177307405522862 1.82879943397346 0 0 861 0 0 0 0 0 0 0 0 0 0
1 -0.202944635687994 0.726459125527567 -0.321464743377208 -0.329342998695154 1.97872974871925 -0.145198718762223 0 0 862 0 0 0 0 0 0 0 0 0 0
1 0.271734731754948 0.284043069156789 0.443240575978539 0.545898909787256 0.28206918664492 -1.45160847902715 0 0 863 0 0 0 0 0 0 0 0 0 0
1 0.401998367290371 1.18681698353806 2.41047314101207 0.53741356256253 0.454985651658669 1.10498659431659 0 0 864 0 0 0 0 0 0 0 0 0 0
1 -2.01643300391921 0.989368990350794 0.687773764318926 0.699490657687832 -0.522898468861601 0.0311002564645174 0 0 865 0 0 0 0 0 0 0 0 0 0
1 1.10159940154537 0.302986904470412 -0.807367035687868 0.628693654861407 -0.825496218493459 -0.700439176313775 0 0 866 0 0 0 0 0 0 0 0 0 0
1 -0.297680083016078 0.22760222498112 -0.385954804256012 2.0752730700731 -0.669693917382606 0.951613964583655 0 0 867 0 0 0 0 0 0 0 0 0 0
1 -0.199258076213859 0.210390910757861 -0.428469590328907 -1.72853177419757 -0.383209977233551 0.191398234380579 0 0 868 0 0 0 0 0 0 0 0 0 0
1 0.0089297364457473 0.0217987211337864 -0.0320948110866061 0.464106617730735 -0.276119523935793 0.58244170976703 0 0 869 0 0 0 0 0 0 0 0 0 0
1 -0.40383226936359 -0.229101505106795 -0.0677392336791287 -0.62683150574673 -1.57213974576058 -0.061898057740723 0 0 870 0 0 0 0 0 0 0 0 0 0
1 0.78480960693295 1.240957273923 0.625513699371039 0.140639317095854 0.0151753838468557 0.671099153853597 0 0 871 0 0 0 0 0 0 0 0 0 0
1 -2.82081296305211 2.89848660735691 0.170086394157311 0.73341586675965 1.07502411914875 -0.459630465253026 0 0 872 0 0 0 0 0 0 0 0 0 0
1 -0.313996387653427 -0.0173798597999627 0.43106221323964 -0.134694329019776 2.1005943362231 -0.0964939806731427 0 0 873 0 0 0 0 0 0 0 0 0 0
1 -0.337593879072061 -0.0140068110723964 0.151814608174847 1.58466243707686 2.03648319025284 0.491752870076498 0 0 874 0 0 0 0 0 0 0 0 0 0
1 -0.708046103586205 -1.54496261430436 -0.0582752140204509 -0.066358233190498 -0.696149711553253 0.0689743911273098 0 0 875 0 0 0 0 0 0 0 0 0 0
1 -0.783470177219929 -0.466418101596031 -0.251378240555769 -0.493125227092252 0.147610934076604 2.68336058671933 0 0 876 0 0 0 0 0 0 0 0 0 0
1 0.801432799382055 -1.06973229180394 -0.59212086601917 -0.356504588557686 0.429075378642768 1.04214706698472 0 0 877 0 0 0 0 0 0 0 0 0 0
1 1.16049243630661 0.0284550689757289 -0.18869198477519 -1.03551481815753 2.31453342924477 -0.387603594393579 0 0 878 0 0 0 0 0 0 0 0 0 0
1 -0.621402571608313 -1.62193345093362 0.550801104156315 0.257304063287159 -0.680311613818077 -0.408829683659709 0 0 879 0 0 0 0 0 0 0 0 0 0
1 -0.914897088307477 -0.982290872929029 -1.32084992941191 0.960947002308918 -1.31042717915887 0.0889882315302224 0 0 880 0 0 0 0 0 0 0 0 0 0
1 0.434039709578386 -0.547102497349342 -0.738479018730253 0.8683885476089 -0.964462080248511 2.22240576451583 0 0 881 0 0 0 0 0 0 0 0 0 0
1 -0.45501941856999 -3.95087519059487 -1.50190510685237 -0.215025324143103 -1.23301746711057 -0.141274413295474 0 0 882 0 0 0 0 0 0 0 0 0 0
1 -0.68789807789127 0.803811922061163 -0.0555857075005004 -1.05695018004895 -0.786695592761382 0.355173665663514 0 0 883 0 0 0 0 0 0 0 0 0 0
1 -0.222713844947953 0.496670531011298 0.40402960713596 -0.570162639693126 -0.393730739464015 0.77274604460496 0 0 884 0 0 0 0 0 0 0 0 0 0
1 0.611665026152032 -0.0656977808607539 0.0446963047406816 -0.441983650605909 -0.847960970409685 -1.65356778046618 0 0 885 0 0 0 0 0 0 0 0 0 0
1 0.816748657536173 -0.246078838655088 0.129419285111068 0.780013216066505 -0.115497808514818 1.61119977073262 0 0 886 0 0 0 0 0 0 0 0 0 0
1 -0.697082381463611 -1.28411270083007 -1.69265054288809 0.26622542201921 -0.341621154809279 -0.523108965074759 0 0 887 0 0 0 0 0 0 0 0 0 0
1 -0.0874289019126064 0.470174708786195 -0.145850053968076 -2.12989173858844 1.41481347938871 1.57688711003039 0 0 888 0 0 0 0 0 0 0 0 0 0
1 -1.09719319335611 -0.96185641121988 -0.14293418824153 -0.031373732419704 -2.13237284490172 0.104817891245444 0 0 889 0 0 0 0 0 0 0 0 0 0
1 4.38487422081153 -2.03747352405881 -1.52538782943431 -0.187179629082497 -0.0633015864960669 0.375125049048988 0 0 890 0 0 0 0 0 0 0 0 0 0
1 0.175981775913228 -0.210660583420259 0.141796461978562 0.688168762872834 0.0203092326959012 1.40632642650917 0 0 891 0 0 0 0 0 0 0 0 0 0
1 1.04758344149905 0.233059320316166 0.436770869425127 0.161094766515601 -0.859198444987651 -1.79690820399991 0 0 892 0 0 0 0 0 0 0 0 0 0
1 -0.854986666425365 0.525811858424165 -0.771747201673651 -1.00104349113477 0.822940516685458 1.10662641597307 0 0 893 0 0 0 0 0 0 0 0 0 0
1 -3.26957192465737 0.928065286046798 0.832244169674519 0.135984814343282 -0.315092124411539 0.0284253997143449 0 0 894 0 0 0 0 0 0 0 0 0 0
1 1.07775677794039 0.888864971584394 -0.4675203171871 0.318692005414493 -0.0165029168822053 2.17055645660958 0 0 895 0 0 0 0 0 0 0 0 0 0
1 -0.133837990652575 0.35519599502234 0.346843324167658 -2.11847814339136 1.456573327545 0.947649781455612 0 0 896 0 0 0 0 0 0 0 0 0 0
1 -2.33596135969665 0.0383393193336469 -2.6777099070597 -0.526371703486183 0.729030715381356 -0.753620027611506 0 0 897 0 0 0 0 0 0 0 0 0 0
1 0.38553015348368 1.43207140672799 0.156678764969092 -1.96627557457083 0.586154074919399 0.903896588687395 0 0 898 0 0 0 0 0 0 0 0 0 0
1 -0.413690268236535 -0.189772246111075 -0.250541163919465 -1.88967474366639 0.685737399556723 0.53573467183288 0 0 899 0 0 0 0 0 0 0 0 0 0
1 0.0717799577316792 0.192005602571791 0.278024680352591 1.04681659333205 -0.600538637483036 -0.840887252880974 0 0 900 0 0 0 0 0 0 0 0 0 0
10 0.0626042430371746 2.31108480490697 -1.52145589127941 -0.150723848787936 0.0989193932213046 -0.422733205150865 0 0 901 0 0 0 0 0 0 0 0 0 0
10 2.84121375551281 -2.46567209057577 -0.731292954842166 -0.732757774905662 0.317959351028671 -0.445884537472624 0 0 902 0 0 0 0 0 0 0 0 0 0
10 -7.99867023718e-05 0.777929409460751 -0.803157457994281 0.688269685687636 1.23056012356577 -0.0307163418898437 0 0 903 0 0 0 0 0 0 0 0 0 0
10 -0.260741984733137 0.275731773807095 -0.135420666429528 1.93707109728725 0.644978778008516 0.210285749201387 0 0 904 0 0 0 0 0 0 0 0 0 0
10 -0.0529981526838526 -0.0370482409742507 -0.722627237251725 -0.176687967491525 -0.162744195137397 2.58014601287046 0 0 905 0 0 0 0 0 0 0 0 0 0
10 0.182900770202765 -0.111252130377681 0.0561148963758013 0.889893537267763 -2.08531860048229 -0.532537507643218 0 0 906 0 0 0 0 0 0 0 0 0 0
10 1.08467288489777 0.262835817209419 -0.170122581384841 0.679045485695547 1.13184145262456 0.108129353117395 0 0 907 0 0 0 0 0 0 0 0 0 0
10 4.32697383235841 -3.68049937309752 0.856668708957625 -0.602112186414762 -0.89222820222697 0.389891242722795 0 0 908 0 0 0 0 0 0 0 0 0 0
10 0.0006920708074763 1.11553579487231 0.389076354428868 -0.370162674258434 -1.73254290702727 1.16238755455119 0 0 909 0 0 0 0 0 0 0 0 0 0
10 2.19753876175697 -0.309703841170075 -1.24730978420538 -0.682659738211667 1.24144335533746 -0.263028317626749 0 0 910 0 0 0 0 0 0 0 0 0 0
10 0.886586792647281 0.465153930938937 0.0490117472821361 0.0362697056715811 -1.18188193393106 0.77327391749813 0 0 911 0 0 0 0 0 0 0 0 0 0
10 -0.206138520745632 0.215765880899556 -0.133093350929038 0.498030323756446 1.0123276310866 0.0852236478879691 0 0 912 0 0 0 0 0 0 0 0 0 0
10 0.297676867205095 0.150839412766563 -0.300466194441947 -1.57129416821443 2.06993504937023 -0.810902379994579 0 0 913 0 0 0 0 0 0 0 0 0 0
10 -0.777935921820074 1.13629220848892 -0.48806268820327 1.96612636017057 0.142618317446497 -0.253662108557608 0 0 914 0 0 0 0 0 0 0 0 0 0
10 -1.44827581073096 -0.560411137152458 1.58467651599069 0.243397848627603 -0.142700150450884 -0.0320617500144615 0 0 915 0 0 0 0 0 0 0 0 0 0
10 0.889438600830846 -0.3375002477548 0.66453289209949 1.01699274668504 -0.583007314042284 -0.817022305385122 0 0 916 0 0 0 0 0 0 0 0 0 0
10 0.163965876595379 -0.11152300830385 -0.216930912732449 -2.14679886759039 1.49081748604914 0.178899017951152 0 0 917 0 0 0 0 0 0 0 0 0 0
10 0.0979844640728078 0.307229720202819 -0.366139433441811 2.13302283847337 -2.21418980068809 -1.12241281895627 0 0 918 0 0 0 0 0 0 0 0 0 0
10 -0.161100030396559 -0.233422578514171 0.0441675938882793 0.148859201341194 -0.246337521504123 0.69391648853698 0 0 919 0 0 0 0 0 0 0 0 0 0
10 -0.397410968321499 -0.353103064588233 0.0421255323768563 0.846877337062885 -1.07560271567578 -2.15895667264624 0 0 920 0 0 0 0 0 0 0 0 0 0
10 0.673745823247651 -0.800576328005412 -0.363765979072107 -0.0728947801315767 -1.82043753822565 -0.358401601382119 0 0 921 0 0 0 0 0 0 0 0 0 0
10 0.458289283039936 -0.0395431175859229 0.365117451839618 0.840630723497574 1.17518229536411 1.76578693657779 0 0 922 0 0 0 0 0 0 0 0 0 0
10 -0.127785172148629 0.441351774505264 0.317933099464102 1.75369474092699 -0.559913009178925 -1.29516892297031 0 0 923 0 0 0 0 0 0 0 0 0 0
10 -0.34256960782976 -0.110434030338079 -0.110510453167144 -2.00463681116921 -0.42778264535886 1.51353906489881 0 0 924 0 0 0 0 0 0 0 0 0 0
10 0.0314534738811176 -0.75777230688962 0.103158962671473 1.54749239923441 -0.222791358302313 -1.75137690943382 0 0 925 0 0 0 0 0 0 0 0 0 0
10 0.878804503892842 1.04934987548813 1.36047012073025 1.07584846464349 1.32957096692518 -0.157693240502901 0 0 926 0 0 0 0 0 0 0 0 0 0
10 -3.32454805476817 -4.8932270371458 -2.66168161821458 -0.203534146378559 1.06098790793564 -0.0525077016301123 0 0 927 0 0 0 0 0 0 0 0 0 0
10 -1.9658829751088 1.74794069127289 0.827168155522668 -0.656772459745823 -1.18941446090552 1.50026430577015 0 0 928 0 0 0 0 0 0 0 0 0 0
10 -0.822204585272066 -0.319410842610146 0.596162117041753 -0.845048627494966 0.459602274096528 0.658045024998133 0 0 929 0 0 0 0 0 0 0 0 0 0
10 -0.975155584477479 0.517376326995375 -0.102422741174417 -0.58827814346169 0.545312938233468 -0.938464644600057 0 0 930 0 0 0 0 0 0 0 0 0 0
10 -0.332515988786772 -0.0588583946128702 -0.403065728055329 -0.558348742217373 -2.27623292242537 -0.949905219842199 0 0 931 0 0 0 0 0 0 0 0 0 0
10 -0.405295113698449 1.52682930272052 -1.3843243246114 -0.0985810679658741 -0.388973210561876 0.997451267416651 0 0 932 0 0 0 0 0 0 0 0 0 0
10 -1.07726940903753 0.253568698261473 0.162322914900227 -0.214364986692499 0.162620652047952 1.09844185782203 0 0 933 0 0 0 0 0 0 0 0 0 0
10 -0.608481628224134 -0.113998949910008 -0.505871192537743 0.506602325452649 -0.422319053506862 0.215115631689542 0 0 934 0 0 0 0 0 0 0 0 0 0
10 0.0687311712592078 0.103518735137015 -0.410519708042377 -0.0890974325727778 0.970565035649171 -1.85439093979727 0 0 935 0 0 0 0 0 0 0 0 0 0
10 0.114775829355443 -0.0398624157459262 -0.147588109420663 -1.7865696382124 0.608321287187152 -2.76766223251535 0 0 936 0 0 0 0 0 0 0 0 0 0
10 0.204841896879206 -0.348182958284875 0.1409505740709 -1.15999361696584 2.05083388782071 -0.392473876241225 0 0 937 0 0 0 0 0 0 0 0 0 0
10 -0.441072478043881 1.31586842108737 0.207551432826557 0.553521126697694 -1.15489237241011 -0.219113662439281 0 0 938 0 0 0 0 0 0 0 0 0 0
10 -0.209590385647975 0.425375641952854 -0.655470779947809 0.639005459474941 -0.779738816875945 0.427804232556427 0 0 939 0 0 0 0 0 0 0 0 0 0
10 -2.33756847393969 1.33286742330911 -1.1503356269424 0.799608069945675 0.393813666718416 -0.16910399051947 0 0 940 0 0 0 0 0 0 0 0 0 0
10 -0.0508322129591629 0.662540747883786 -0.045161559800974 -0.495372091843271 0.149843964376605 0.278622067940662 0 0 941 0 0 0 0 0 0 0 0 0 0
10 0.777038705260365 0.500294726079739 0.301822594736064 0.042560145958193 0.179941204655127 -0.294959627223866 0 0 942 0 0 0 0 0 0 0 0 0 0
10 -1.12540943168181 0.104931725269518 0.68956830403018 -0.125662061123154 -0.150489671616704 -0.214835676677442 0 0 943 0 0 0 0 0 0 0 0 0 0
10 0.549831171573544 0.971337900295444 0.167464677065887 2.08927276422086 0.469467000699085 -1.40672548720083 0 0 944 0 0 0 0 0 0 0 0 0 0
10 0.363104550694748 -0.321220596193383 0.49192411794071 -0.990989347878016 -0.19709781510505 -0.638724649189693 0 0 945 0 0 0 0 0 0 0 0 0 0
10 -0.200173590799495 -0.598801527317995 0.008203652534261 -0.615509283943145 1.04514341362399 -0.0666735422804143 0 0 946 0 0 0 0 0 0 0 0 0 0
10 -0.720378358134017 -0.683728249601454 0.0534205055022677 -0.815227730609119 1.32093202640236 -1.31792475415015 0 0 947 0 0 0 0 0 0 0 0 0 0
10 0.392611047344553 0.175243826356388 0.613999223986797 -1.25362359347198 -1.00684161732247 1.4410959811063 0 0 948 0 0 0 0 0 0 0 0 0 0
10 0.401732917045881 0.753887361728706 -0.0980336708070964 -1.03727616821009 -1.00139766915601 -1.46291945273794 0 0 949 0 0 0 0 0 0 0 0 0 0
10 0.639322130532618 0.611150035164026 0.0918966749164317 -1.56714814285114 -0.227517766309137 -0.351639167484451 0 0 950 0 0 0 0 0 0 0 0 0 0
10 -4.06997173958613 -1.69176114538524 2.19569950446495 -0.0674978643168811 -0.00970774904937689 -0.63057109609099 0 0 951 0 0 0 0 0 0 0 0 0 0
10 0.0603979273206228 1.57768694174476 0.329447164992424 -0.198931232232647 -1.01402271725791 0.127544706296286 0 0 952 0 0 0 0 0 0 0 0 0 0
10 0.0380823656059347 0.0831973777653466 0.168552377342851 -2.47272981638435 0.0456470828571695 -0.544636410569037 0 0 953 0 0 0 0 0 0 0 0 0 0
10 0.120161258899837 0.0690221470916317 0.144681568815905 0.313006366600801 -0.46155499548146 -1.27803946331082 0 0 954 0 0 0 0 0 0 0 0 0 0
10 0.0266920469891454 0.322310366298293 -0.536685364781727 0.687979645729914 -0.816558326493177 1.26628227839206 0 0 955 0 0 0 0 0 0 0 0 0 0
10 0.228797110066535 0.517734047061513 -0.227581213725166 1.3547563276417 -1.48447913965145 1.74372949199711 0 0 956 0 0 0 0 0 0 0 0 0 0
10 0.230965621318379 0.175033474968037 0.187074183180398 -0.444278154659971 0.296317276744932 2.78660146203862 0 0 957 0 0 0 0 0 0 0 0 0 0
10 0.944177718892458 -2.77261269893498 -0.822619992779426 0.0489678621714142 -1.11870383609803 -0.147579453478878 0 0 958 0 0 0 0 0 0 0 0 0 0
10 0.139236320278688 -1.07756695535342 -1.63928931768993 -0.296772231410046 0.743846597612173 0.603660023624405 0 0 959 0 0 0 0 0 0 0 0 0 0
10 -1.26783571671009 -1.02349491197873 0.987432087312054 0.415885810857158 0.165839703611502 0.449404605697644 0 0 960 0 0 0 0 0 0 0 0 0 0
10 -0.928737885655929 -0.664831142909294 0.145564515623965 -1.46076373703068 -0.320776392703864 2.40800540783899 0 0 961 0 0 0 0 0 0 0 0 0 0
10 -0.73211909393161 -0.976680961171253 0.313705833737768 -0.675065292307088 -0.512207790241116 -1.24914901816115 0 0 962 0 0 0 0 0 0 0 0 0 0
10 0.0430000445557177 -0.260869906558409 0.508498226033665 -0.338296300384969 1.64576898877245 0.902079733487297 0 0 963 0 0 0 0 0 0 0 0 0 0
10 -1.04184173830222 0.722330291356801 0.34891653587169 -0.123478070194735 -0.863642019006275 -0.336270216703648 0 0 964 0 0 0 0 0 0 0 0 0 0
10 0.341435853697526 -0.761291600264065 0.201051518086864 0.273047353507228 -0.449032967300745 0.59558105253967 0 0 965 0 0 0 0 0 0 0 0 0 0
10 -1.17715073581996 0.209100344161371 -0.819386974992334 0.521003143377618 1.40549461920507 -0.437859675012101 0 0 966 0 0 0 0 0 0 0 0 0 0
10 0.262239054878259 -0.763589171372831 0.324401133684451 -1.71494397507866 -1.15035920866152 -0.942262254030207 0 0 967 0 0 0 0 0 0 0 0 0 0
10 0.586259507279255 -0.347093808569189 -0.16594047197158 0.0396307374042915 1.7198978842823 0.873022049673881 0 0 968 0 0 0 0 0 0 0 0 0 0
10 -0.122453762160467 -0.125946474487416 0.670260747141452 -0.314142997929304 -0.0203890252872744 -0.67829524714725 0 0 969 0 0 0 0 0 0 0 0 0 0
10 0.4618329474626 -0.429195622738477 0.360339513274704 -0.548228509860756 -0.0198529161760137 -1.84589946044257 0 0 970 0 0 0 0 0 0 0 0 0 0
10 1.0787603302541 -0.784717946630049 0.0040605502888279 -0.224810706053775 -0.388106026048644 1.03994767344683 0 0 971 0 0 0 0 0 0 0 0 0 0
10 -0.497976473110375 0.615984460324554 -0.290942070655689 1.22833381929104 -1.40904685692151 -1.41729269344965 0 0 972 0 0 0 0 0 0 0 0 0 0
10 0.409486375296645 -0.169164665490056 0.43410707343237 0.12879338858354 -1.82321736192397 0.225796959223966 0 0 973 0 0 0 0 0 0 0 0 0 0
10 1.92708192335791 0.0698425595286922 -0.800546405109769 0.222807647921146 -0.0113360183022801 0.400072080625744 0 0 974 0 0 0 0 0 0 0 0 0 0
10 -0.655772000498022 -1.18105878734738 0.0458788705265408 -0.232024757900802 0.692520243144539 -0.214692951767982 0 0 975 0 0 0 0 0 0 0 0 0 0
10 -0.219013948823686 -0.0224165842764772 -0.139759045783438 0.891498977233469 0.495892481166561 -0.798737032255467 0 0 976 0 0 0 0 0 0 0 0 0 0
10 0.359168180821817 1.43239519336839 2.32201797872619 0.821910569618912 0.276524950138918 -0.615682733103959 0 0 977 0 0 0 0 0 0 0 0 0 0
10 -0.249803351901127 -0.0492513042678839 -0.2668027324507 0.0743035625419556 1.86223544964095 -0.82763357375187 0 0 978 0 0 0 0 0 0 0 0 0 0
10 -2.14595936175552 1.03332518792464 0.0336241382386914 -1.12847908259293 -0.403946589138275 0.459882425311157 0 0 979 0 0 0 0 0 0 0 0 0 0
10 -0.666697343509207 0.7358525255203 0.82009933344819 1.44253125759198 1.2557494565893 1.78336430400185 0 0 980 0 0 0 0 0 0 0 0 0 0
10 -5.18226435906312 2.53972519481259 0.14832959463748 -0.334748822412933 -0.658252743194537 0.0841893015863562 0 0 981 0 0 0 0 0 0 0 0 0 0
10 0.44728636222983 -0.0192397263014103 0.207728084817557 -1.33923448452519 0.839932454043536 -2.78119086587053 0 0 982 0 0 0 0 0 0 0 0 0 0
10 1.90687461009763 0.0511825020947193 -1.73922425579353 -1.10212554687971 -0.358123958343956 0.222396906684306 0 0 983 0 0 0 0 0 0 0 0 0 0
10 0.0931659116183171 0.299778196974667 -0.517904636010305 -0.260201531584594 -0.613691483583807 0.284959981200204 0 0 984 0 0 0 0 0 0 0 0 0 0
10 0.296630016895735 0.459636747516506 0.163404065592603 1.53759358096056 1.05868346612108 -0.527635121654775 0 0 985 0 0 0 0 0 0 0 0 0 0
10 0.523532767014434 -0.847595622478182 -0.140684345757785 -1.23248585409635 0.487877972503702 1.32665435587317 0 0 986 0 0 0 0 0 0 0 0 0 0
10 -0.964377365896318 0.161860002177766 -0.287177390247752 1.93390047820033 1.89127352478834 0.795404960518928 0 0 987 0 0 0 0 0 0 0 0 0 0
10 2.07631536029487 -0.0432909023084864 -1.09700312678711 0.121976025875737 -1.42701806053058 0.555857807926293 0 0 988 0 0 0 0 0 0 0 0 0 0
10 0.166541612548193 -0.0529040482273876 0.195016651266997 -0.767621207434651 2.37116059934208 1.60215867761084 0 0 989 0 0 0 0 0 0 0 0 0 0
10 0.631737957726436 -0.293300407343532 -0.188803854610427 1.37740030167641 0.584564043219698 -2.4336548584408 0 0 990 0 0 0 0 0 0 0 0 0 0
10 -0.217795755340365 0.507308099344817 0.0818946968987894 0.73808333269588 -3.14609366743266 -1.01054512392639 0 0 991 0 0 0 0 0 0 0 0 0 0
10 -0.289003724669344 -0.45056147895844 -1.11945082135672 -0.374833350910649 1.3510780801437 -0.905679349846722 0 0 992 0 0 0 0 0 0 0 0 0 0
10 0.641753537262532 0.181745354423141 0.36028261755772 -0.26347390314665 -0.150899943444311 -1.30209309998497 0 0 993 0 0 0 0 0 0 0 0 0 0
10 7.55465852030864 -4.66429790795373 3.17452556977055 -0.348403399026696 -0.750018616026763 -0.12888480701692 0 0 994 0 0 0 0 0 0 0 0 0 0
10 0.828243338723666 0.558151035258708 0.668406251651603 0.555327161512894 0.530450311204467 1.50626753432566 0 0 995 0 0 0 0 0 0 0 0 0 0
10 -0.488653230615872 -0.951620476529988 0.300179574661822 0.00683329624267686 -0.343797071442018 -0.282681681099983 0 0 996 0 0 0 0 0 0 0 0 0 0
10 -0.727815259491143 0.179529887724722 0.538630775197594 0.984433197518083 -0.780396518563333 -0.399411083811568 0 0 997 0 0 0 0 0 0 0 0 0 0
10 -1.81154195527059 2.97457544773306 5.84090337414329 -0.147285703110994 0.569183675425532 -0.32797666270528 0 0 998 0 0 0 0 0 0 0 0 0 0
10 -0.457813354040714 1.66808066644357 2.1563498876287 -0.36673296281648 -1.31717421268612 0.607419697767401 0 0 999 0 0 0 0 0 0 0 0 0 0
10 -0.126321003605461 0.208233481827679 0.92674083866949 1.02096269389163 0.810627962508768 -1.05286932163622 0 0 1000 0 0 0 0 0 0 0 0 0 0
