1.0000000000000000	0.5498375289429882 0.3349793569465163 -0.0689432287289322	0.8181059475269398 -0.7914839075729897 1.9291222429448021
1.0000000000000000	1.4016027061322471 -0.5473966824354506 -0.2024176933964092	1.2928202690259143 -0.4562573259223369 1.9926092307347403
1.0000000000000000	0.5446955561940749 -0.0122430650662831 0.1828465759460800	-0.0361832665395095 0.4626302216960473 0.3771925917832957
1.0000000000000000	0.2959127816001993 0.3575666879724844 0.5180272537699515	0.3419182500966899 0.6448950614208587 0.3689470401784795
1.0000000000000000	0.2745612203763990 0.1449493015258916 -0.4964686433538164	-1.9270379970132510 -1.5501900403750262 -1.0356294105975634
1.0000000000000000	0.5315447734491170 0.2793191521071707 -0.1871292290934888	0.7541117106233378 0.3511511264496379 -0.8028154985959312
1.0000000000000000	-0.2042542268212569 2.1401668064212371 -0.1366016710625738	-0.8958733046852821 -0.6379899514198527 -0.9598273294114232
1.0000000000000000	-0.4572441426074083 0.2052221706225389 -0.8911715484695810	0.9516628492323169 -1.0585174829006501 -1.0747329697174173
1.0000000000000000	-0.9676438112960712 0.9452340195090581 -0.0412158750436296	0.3933339136697045 -0.9978676507191250 0.5802356828893612
1.0000000000000000	0.7752169320600297 0.0848047909935200 -0.6945080614743570	0.9216155281181492 0.1843752501890578 -1.3854220114140390
1.0000000000000000	0.4529433065558657 -0.4146837057864475 0.2945506320035552	0.8097690335722860 -1.5272241279827941 -0.2092435812808902
1.0000000000000000	-0.7665770439200239 -1.0841182223447037 1.0512683667441778	1.1348119771830296 0.3724779918213205 -0.2695544071486108
1.0000000000000000	0.0889661639983753 1.3141039529189316 -0.4013858886459207	-0.7044924152661998 0.6870265212898593 -1.3110093533800506
1.0000000000000000	0.5594012363703429 0.2650789201705803 -0.1037310926675051	-2.6634120478118533 0.3492858550983634 -0.7292242683136322
1.0000000000000000	0.0673103067460762 2.3758842611775801 0.2443413421840712	-0.1655340965355615 0.4577971699621834 0.8224052833169223
1.0000000000000000	0.3978869260248836 -0.4246537015119849 -0.4561811743356662	2.0296205000432415 1.7341643862899538 -0.9458745422066303
1.0000000000000000	-0.2160430216056317 -0.2839507379700553 0.0854593542443406	-1.5746275780507490 2.6217602194150631 0.4990418802467954
1.0000000000000000	-1.1769989739052042 -3.7235638852156461 -0.3410744580914533	0.1437968606518229 1.0843961619999198 -0.4472559538376798
1.0000000000000000	0.3376492218660006 -0.6502284344908946 -0.1603453575083940	0.2415850146246201 1.9960991541841993 1.7840285274821275
1.0000000000000000	-0.5531032757362226 -0.6876867906393560 0.7791023962815267	0.1815031013723208 0.0630243421582846 -1.1173633782297752
1.0000000000000000	-0.5139028028152075 0.4039269577396919 0.1336063768535547	0.2359467148250235 -1.6011469470023005 1.5516330459749346
1.0000000000000000	0.5343513808818509 0.3170880393412980 -0.7700406061632404	-0.4131176474341513 -0.0483746465120363 1.1379722913883352
1.0000000000000000	0.2970368083347236 -0.6151659486362979 -0.0287420075554814	0.6552855300000903 1.4975927310552508 -0.3389063291271880
1.0000000000000000	-1.2545540629487528 1.1746146427617912 -0.5210452525922312	-0.2418950718357036 1.9406175828252128 1.2587653127835106
1.0000000000000000	-0.3612395988283719 -0.7032175771987781 -0.2528910798678237	1.2709109040781517 1.3074405594132548 1.9186019458075041
1.0000000000000000	0.7193176370899728 0.6301398514185980 -1.0141376294362667	-0.4315531228164446 -1.7557482215966220 -0.5084326515335468
1.0000000000000000	-0.2573086591941569 -0.6453904530630339 -0.0151636387677948	-0.9003602298279709 -0.0960701253335628 0.5103281232816432
1.0000000000000000	0.3446623638668355 -0.1737030355266935 0.2936334200211436	0.0708067033333997 -0.0987972759192000 0.7270303103064909
1.0000000000000000	-2.1735551031632698 -2.6980377525884758 -1.6236266718925489	-0.5214687871139573 -0.5846265632741278 -0.4316304138785491
1.0000000000000000	1.8420163739872693 1.1383225410240254 0.4256405311943516	-0.5737304847364980 -0.9032946956393966 -0.3995055779239523
1.0000000000000000	-1.0471066953519181 1.3623641198844421 0.1252588143601808	0.4045691871535935 -0.9473306310578099 -0.2347710020113079
1.0000000000000000	0.6284864207342198 0.6495615229496716 -0.2755016427540646	0.6138818680794829 1.1409083168444505 -0.8795762812234917
1.0000000000000000	0.7925109423935488 -0.5161450954454964 0.1731561657216438	1.4288555128402665 0.6255223477802501 1.1695030288282378
1.0000000000000000	0.5083753264227175 -0.5240568704633914 0.0646404589113742	-1.2436214705174904 -0.4327170050820925 1.7497615818964367
1.0000000000000000	-0.9242480701381870 -0.7805910270287666 1.3495427251753811	0.5810034483192669 0.6855602816596973 0.5548523059060949
1.0000000000000000	0.5997092228690705 -0.6304973309207437 -0.4394776083791550	0.4032582885569725 1.3661794672269993 2.2627628241201529
1.0000000000000000	0.8729022479121228 0.5251323462500693 0.4935427327941073	-2.3128694215150953 0.3268896581657268 0.4006623573401210
1.0000000000000000	-1.4912520283033976 -2.7901512776588193 0.8795323007398587	-0.0733428556680023 -0.2350370528026655 1.0843153250472017
1.0000000000000000	-0.0652331755058145 -0.2789603077613583 -0.0834835326694317	-1.8607022579707102 -1.8582132252966117 2.0678339132035268
1.0000000000000000	0.3242879473116105 -0.0801944601702121 -0.3842255906568145	-0.8773990487216052 -1.7272243442205770 2.8793329756888975
1.0000000000000000	1.9509175089460178 1.2722651819102944 -1.2017527711052072	0.9981417072554535 -0.8138078670744425 0.5826048346184989
1.0000000000000000	-0.0154704815567614 0.0932651222946167 -0.1027779848255235	0.2865885373059643 -0.4088560328131197 1.1388153749069228
1.0000000000000000	-0.0821696514787709 0.1256132581211258 0.2524023064679523	1.3124435473236387 -0.6303501852384810 -0.2920127460243097
1.0000000000000000	-0.0815003003348513 1.2307367795563067 -0.8479705599256736	-0.8552480492615089 -1.1896691558175314 -0.3594607513457341
1.0000000000000000	-1.4708745967187267 -1.4796337853797825 1.0062279636466167	0.7797716763023851 0.6628930309183746 0.7242897305813037
1.0000000000000000	0.2462024991236913 -0.1905060382011110 0.3376197698607382	-0.5593629550463166 2.6060725500033186 0.9370479842034023
1.0000000000000000	0.1850240828838876 -1.4986834291337963 0.0818722402255799	-0.5628662361156150 -0.2445716879915446 0.0762843825603002
1.0000000000000000	0.0230504296735317 -0.6912908184866600 0.6392623443071210	-0.0324061048648625 0.2961440206428324 2.9233464114905825
1.0000000000000000	0.2825981686415652 -0.5362685862493209 -0.0381463619612700	0.5736138799070429 2.2195103396237950 0.1482821866815556
1.0000000000000000	0.0239661941853559 -1.5483980644534348 1.7227971666644812	-0.5608707019441604 -0.7870794126615873 0.7340271004612728
1.0000000000000000	-0.8735217261310899 -0.3518503982969421 -0.0793683702095088	1.5548453470062189 0.6879393921356166 0.6425018603237854
1.0000000000000000	-0.8808021152306902 -0.1873416626027782 -0.3059649278227196	0.3071696109336794 -0.4877236855477625 0.2517393033900733
1.0000000000000000	0.8129492859882739 -0.6173955846895600 1.0181516857052031	-0.8062089086597842 0.7591962758555107 -0.8229685264703135
1.0000000000000000	-0.4190524706023456 0.4451477340068620 -0.8303168324036226	0.8423149750838880 0.0771165670936695 -1.2542716248869339
1.0000000000000000	0.0726797116385456 0.0432406635401511 0.3551762710467050	0.7969855640154450 0.7632546595001100 -0.7467752007715417
1.0000000000000000	-1.1953232182897198 1.3798370393194406 -0.1485610770456991	0.8393039932530605 0.5407248209004595 -0.6619835710955038
1.0000000000000000	0.4860027394078749 0.7441979499844754 0.5786815836419374	1.0522773704168646 -0.3572249861992575 -0.4402981368669321
1.0000000000000000	0.7805249736696575 0.0202103918769406 0.7021223987190998	-0.7115272748777259 1.0403875070889559 -0.9009568398748781
1.0000000000000000	0.3753925669160489 -0.4163241007995167 0.0107909392817199	-2.3089691843796318 0.1273191521880701 0.9802300942504465
1.0000000000000000	0.0219990148998438 -0.0272269365278349 -0.2314258388283320	-0.3106286412745903 1.5649739304761983 1.2516334648246787
1.0000000000000000	-0.5689786614388633 0.8969445306985774 -0.3681210094052750	1.0342308280047650 0.2991386770422461 -0.5635321605808242
1.0000000000000000	-0.2471914659183430 -1.1518142151206638 0.5290096602288978	-0.8633303557010813 0.8142967969596145 -1.0710538674147740
1.0000000000000000	0.7659367107688472 0.0836951050903868 -0.6540075318834569	-0.8219348920088385 0.0812892302518318 -0.1328348683651094
1.0000000000000000	0.2708213476828219 0.5103389866470792 0.0315574192981852	1.7935331656539022 -0.6102376740617768 -0.9670078148620549
1.0000000000000000	-0.0901582158186170 -0.1692909951286566 -0.0894386537216844	0.8723444464508286 -2.5803912656819037 0.2984054973475410
1.0000000000000000	-6.2182448247279067 -1.6423112939471329 0.6114560124482109	0.8114675820610822 0.1904077688367573 -0.2513884572575906
1.0000000000000000	-0.1845316867427437 0.2680619900350372 0.3055289714293420	0.8340039403080896 0.5422592294943033 1.3889487004345555
1.0000000000000000	-0.8989817339633887 -1.4497568454145742 -2.5398563348250547	-0.6756751614369789 -0.1322125640827390 0.5798173696292450
1.0000000000000000	-0.2187806243791547 0.7506237548786492 1.5057758302504070	0.0470430839370395 1.5736940479008399 -0.0388334798406443
1.0000000000000000	-0.8978745521969090 -0.3353093160792626 0.7104851509962252	-0.4804020679018643 1.5137084432235757 1.1542810610856804
1.0000000000000000	31.3370860976413077 -8.8714518348877220 -33.7287292586894196	0.1887998217006992 0.1031395442549629 0.0862404412410569
1.0000000000000000	0.2271247494210666 0.6410823255667453 -0.3564039931170259	-3.1005561765964336 -0.8171127008556910 -0.7233176283891822
1.0000000000000000	0.2490392800351756 -1.3080238811207714 0.3431241889631381	0.0737973869282717 0.7849327895139981 0.1345533404905456
1.0000000000000000	-0.8688840519790784 -0.6043687151958606 -0.6798325789679354	1.5613440987454397 0.7726753196609586 -0.7790881039586792
1.0000000000000000	0.1302853308118638 0.5312326565930450 -0.0727927863871941	0.7238129667382638 -1.7897883713052065 -0.4713811792571797
1.0000000000000000	-0.1768629433250864 -0.5167426963461450 0.0834299834613107	-0.8359485372639432 1.3547330711704526 -0.8947546173885227
1.0000000000000000	-0.3248284194632070 -0.2340980266189320 -0.7811760257337383	-1.5190136373548797 -0.4296488695489715 2.3476385594194005
1.0000000000000000	1.3092131759938568 1.9497009044970730 0.3180026534433748	0.4769691539573825 -0.4995006182972418 -0.0621161264289531
1.0000000000000000	-0.2404655047415936 0.0695648132249258 -0.0650885882642688	-0.1084443738424633 1.8812344021520853 -2.2968825965523720
1.0000000000000000	0.3065045768068581 -0.0566008868873609 -0.3117197427105833	-0.5314160119977707 0.2649563777893855 -0.9563084507452447
1.0000000000000000	-0.1374969172103724 0.2215818088555165 -0.4551184685601739	-0.3986305772118454 -2.1348922658695990 -0.4009319663018310
1.0000000000000000	0.3524791240137139 0.1581504788320228 -0.1635370251433009	-0.0023543211847531 -1.5175902124935921 -1.1639162218176888
1.0000000000000000	-0.0620372276037917 2.5835829343684606 0.3479739212363941	1.8694612325033220 -0.4528646466742638 0.8382335949302643
1.0000000000000000	-0.6408019545698485 0.0097625922340187 1.3532855328503446	-0.2434727575344723 -1.3962794031316215 -0.9309490791425372
1.0000000000000000	-0.3203935040192436 1.9663768907470944 -0.9343548390588392	1.2444623965170700 -0.2604310019103633 -1.1936545481204912
1.0000000000000000	-0.5565193431709378 1.3747202891410379 0.7402142132404798	-1.0426215328062487 0.1419615856407107 0.3520365173677930
1.0000000000000000	-0.1056288213826077 -0.3815414514994622 -0.1357493179221525	-1.4385586257585681 1.8577923401394574 0.2936153458795693
1.0000000000000000	0.4968896091578510 -0.3264423610174965 -1.2351353013110777	-0.4301631068560144 -1.7697039073688428 -0.0047406987695825
1.0000000000000000	-0.2733580749027953 1.9746285575222877 -0.1711310327487543	0.7010140562675089 -0.0137025472903517 0.8214168681802427
1.0000000000000000	1.3394726353542019 0.6594339038147148 0.9731852088462405	-0.0549168841436729 0.9951701676093814 -0.6272768800319064
1.0000000000000000	0.1969593492025166 0.3996894067424465 0.3418567960016303	-1.6787997792852971 1.7922991929992178 -0.3136467537095454
1.0000000000000000	-0.1550658106158798 -0.0000114177103980 -0.2438607021187719	-2.0119816241167086 0.1995862080838294 0.1127828949020169
1.0000000000000000	-0.1408321946450476 -0.0945098502366936 0.1266544941754817	0.4870550779437791 1.0024338882027286 0.9514059600349366
1.0000000000000000	1.1492359171005777 1.0471415864821807 0.3190865881240743	0.6911629800508355 1.8160397749359329 1.3301507780697470
1.0000000000000000	0.0581880334694935 0.3074410722517471 -0.1792057230666861	0.1680609089035915 -2.5333234276281353 0.6054983625653683
1.0000000000000000	-0.1899776647980575 0.2596770383431097 -0.5299759785610300	-0.7427481688585541 0.6042390816092681 -0.1601425031142302
1.0000000000000000	-0.0588810014437685 -0.1090349523050917 -0.1925551604034897	-0.2956459671235926 0.0799882159191017 0.4114500546992388
1.0000000000000000	0.5381662159722507 -0.2744819416884169 -1.1494849180630085	0.6689323152926290 0.2778225134644752 0.3406551370207905
1.0000000000000000	0.2852939966312193 -0.8885287634594787 -0.3418623768306280	-0.9734836662932570 -1.4709072002555721 -1.3909025886278992
1.0000000000000000	-1.6924904629429178 -1.7807197356291569 -0.6084434039155302	0.8056057838601886 0.4610599236696956 -0.6773211580828857
1.0000000000000000	-0.0326693782562480 -1.1900723330480791 -0.5579106572614402	-0.0585551417803992 -0.8076601803556371 0.4029899895833037
1.0000000000000000	1.3312062305912726 0.4537812518084740 -0.6054194017286457	-0.1320141112059058 0.4748583582728025 -0.2252728305108978
1.0000000000000000	-0.6420773939529313 -0.3173995741704996 0.3482204731571165	-0.1738795554552404 0.8014892452586239 -1.2336870040215409
1.0000000000000000	-0.5634132550877554 0.1378316412099367 0.5410169584668619	-0.5656627246976957 -1.2162920547164877 0.9273092158698721
1.0000000000000000	-0.4461748384901464 -0.7188961884502358 0.4216233389837095	1.5818140934922393 -0.0565121773108202 -0.1709618570723375
1.0000000000000000	0.1510355279998515 -1.0482802931372266 -1.1092121678993043	0.5441791244308508 -1.1772608130243924 1.1872250916332585
1.0000000000000000	-0.8395010374625486 1.5081499531491676 0.5007754823271018	-0.3399839010768025 0.1792857701425108 0.5284523394397103
1.0000000000000000	0.0936262292478935 0.3574560289877390 -0.3801093797018099	1.7228985463340685 -1.1934988046627006 0.0151152582418880
1.0000000000000000	0.2092860649673823 -1.4040408610085950 1.1391223835995845	0.4682095219057134 0.0106139257691580 0.3550236738720761
1.0000000000000000	0.7211266235016508 0.9050513675506002 0.1391104652947583	-0.5078420343674163 -0.2587891213913494 0.5619229953053433
1.0000000000000000	-0.0048697360809628 0.2419760867047382 0.0411403582041851	0.8064691851045844 -0.6338968679913644 -0.9494349349192187
1.0000000000000000	-0.6286303382238780 1.2023764035062612 -3.0498742696396057	0.0527643288997309 0.8090812049975648 -0.2727790780798917
1.0000000000000000	-0.7144753301869572 -0.1464948573798852 -0.8764679585345397	-0.1936567185141083 0.4361595697505563 -0.0568553980371821
1.0000000000000000	-0.5189535261915676 0.1207784891985467 1.6556123163152576	-1.1616488466886672 -0.7257554090091869 0.6778875600313939
1.0000000000000000	1.2923324704008543 -0.6984376370274392 0.2568482878666313	-1.2152305170205289 0.9168634561773095 -0.3538594381182653
1.0000000000000000	1.1991786549983403 2.1842455409187957 -0.8607898218398126	0.2995744802933653 -1.1512694722464063 -0.2623103503303186
1.0000000000000000	-0.2044382719511556 0.2327310476799875 -0.0340969206803558	2.3748644933048220 -1.0895685306043581 -0.8663270826054409
1.0000000000000000	0.2383881976259491 -0.6697711389179601 -0.0839453743722487	-0.2151076525119592 0.5941422329181706 1.9410593920604184
1.0000000000000000	0.4903863428028972 0.6029567925192327 -0.0993665959441919	1.5987450933944569 -1.2619317022605392 -0.1135756752389753
1.0000000000000000	2.0515357558607095 -1.8185222407024857 1.3161960344398587	0.0024602471538225 -0.5028593032657874 1.5234905435808423
1.0000000000000000	-0.3102704012081167 0.4079406335136092 -0.8409409586741002	-0.3998669864549017 -1.2440950817271028 1.7923245785234556
1.0000000000000000	-0.3117314678546439 -0.5255924710079771 -0.7279428676803006	1.9741267825656930 -0.9858206552062576 -0.5977199962749656
1.0000000000000000	-0.1828630386975942 0.2166536307446459 1.3451532769849759	-0.0589051716922156 -1.3024981386908618 0.6219965669159273
1.0000000000000000	-1.7983922775166619 1.1033062064786852 -0.0657968019984605	0.8928068415440206 0.2405878633743615 -0.4724044180740748
1.0000000000000000	0.1162542529460857 -0.2019265864869962 0.2002865062659511	0.1142557592165942 -0.0630158849649035 -1.0334275241483024
1.0000000000000000	3.6957354892799419 2.7740131021899868 5.0357217517039174	-0.3747187827125548 -0.1692190893391257 -0.5198907103500799
1.0000000000000000	-1.0666630100719399 0.1593490896065880 -0.1233001752297680	1.4980231793966978 -0.9437111665918974 -1.2647564008164007
1.0000000000000000	-0.3442833479114592 2.1366419567087687 -0.0108560318486493	-0.4983982489175046 -0.3802355472667520 -0.1136316067775826
1.0000000000000000	-0.7318185506053582 -0.1492300741646970 0.3784459201631800	1.7249433679037121 -0.2617207789295584 -1.4865975113695507
1.0000000000000000	0.4323289529544726 -0.2268055553334380 -0.0992242237401406	1.2445449447332115 0.6206724933249134 0.3912575238829428
1.0000000000000000	-0.7362463294088443 0.2225337455904770 -0.2748940482299464	0.7220350499027151 -0.8845743008466387 -0.8638120040269097
1.0000000000000000	-0.2121904668451264 0.0707644080814938 0.6417817005676200	1.7684367352797594 0.7920883215234613 0.9993564419704350
1.0000000000000000	-0.2314204967443085 -0.3760870386466290 0.6780018516631124	-0.1496165445166205 -0.2618635190479271 2.0368612936635526
1.0000000000000000	-0.4451818884856521 0.6280383208387701 -0.4463412752197777	1.0186142211425455 -0.8082692472767919 -0.2099345569014991
1.0000000000000000	0.1938801338962862 0.0322772955247309 -1.3868534319229553	-0.7654777750663815 0.6745964233007311 -0.0266112200364916
1.0000000000000000	-0.2129477787154001 -0.4045768817943026 1.0799233374763002	-0.1428655041163478 0.8495271748371847 -1.1123618889381028
1.0000000000000000	-0.2515208629508121 -0.0612450510337751 0.0635423603642603	1.6142253715440513 2.3270453752573457 0.4673801368018381
1.0000000000000000	-0.1747949496819032 0.0177685675849932 -0.0462369859722697	-0.5231302515162450 -2.0889160141842664 -1.1393962089305938
1.0000000000000000	0.6091133964537597 -0.6040817339416374 -0.3150484797958280	2.2338918339021809 -0.1273624509406335 0.6134698575289657
1.0000000000000000	0.1639386502896826 0.3256981715091917 0.0350137482823851	0.8689661907157274 -0.5811380587731820 1.5368429254457334
1.0000000000000000	-0.9666192840699485 0.8497640785281830 0.7716242455501600	-1.1331914741258950 0.7677017422232614 -0.6562966944006416
1.0000000000000000	0.8627711485313687 -0.7205047298076579 -1.4365327460410511	-1.3499704528761074 1.3283820177981716 0.1791501629918248
1.0000000000000000	1.2813002699457359 -1.8569331837735596 -0.1523470780662627	0.4345887543064330 -0.4133008529935575 1.0854346281376792
1.0000000000000000	-0.2751096116668916 0.3338077842355158 -0.0888053175558244	-0.1668560116525726 -0.7310638005415505 0.9691699469105520
1.0000000000000000	-0.3979991987898291 0.5606742766095965 -0.4441172321000771	-0.8528675996828322 1.1611014981801748 1.4996234951919596
1.0000000000000000	-0.7211856750799128 0.7933797959150845 -0.0932091327430823	1.4608444068101174 1.7115102427397642 0.9902618290974050
1.0000000000000000	-0.1758728788591895 0.0263559365465243 -0.4536138525230883	2.0279624754297951 0.1103531850421926 1.6228256684998932
1.0000000000000000	0.2245856871120663 -0.4303260682630065 0.5763429792907522	0.0905996273716725 1.2693186076565464 -1.9712681912651613
1.0000000000000000	-0.3410868518488783 1.3347847804459350 0.1411083747264324	-1.3662015358551014 -0.8819490126571208 -0.0955435863935596
1.0000000000000000	-0.8179403454073408 0.2449960960867154 -1.4220416744409095	-1.2116703107075315 -0.4097268154308716 -0.6543095604589355
1.0000000000000000	-0.0546469023406366 0.4538525716543705 -0.1900367592352678	-0.3483985774068009 -1.2759603659261896 -0.0686991241009072
1.0000000000000000	1.1589001245033734 -0.9515314133103540 -0.8495229682476564	1.4574318420888379 0.8341223827095787 0.9721173974369720
1.0000000000000000	-0.3371417573187955 0.2367542762336805 -1.0044705498888920	-0.1283043717009100 0.3415742119701360 0.1528452162190554
1.0000000000000000	-0.1442739663307763 0.1204322261670587 0.4707879193282826	-0.1139334125082841 -1.1055455996788981 -0.5535196657752370
1.0000000000000000	-0.2094655226458348 0.2300149816108828 0.1485421051534939	1.5692366128489965 -0.4523521863091178 -1.4990473966034705
1.0000000000000000	1.0276466044117221 0.0804052434654104 0.2538976785715930	-0.4347463954969517 0.4665256874620340 -0.8351737961064593
1.0000000000000000	0.2048863387036552 -0.1632892235315853 -0.1426861863911593	1.1325422589808665 0.7035529438142326 -1.0841768940648604
1.0000000000000000	-0.2340156407033196 -1.4487500422633899 -0.7588159446103795	0.7643383690950828 -0.5835658728185391 1.3053732473491144
1.0000000000000000	-1.0824045970753495 1.0646008878189215 -0.0423967617938990	1.4906062434610527 -0.0449291638482017 -0.2610582117314334
1.0000000000000000	-0.4970296279406778 0.8434015768106840 -1.2846424455483867	1.2429818848573435 -0.3465424589138512 0.3636207304381894
1.0000000000000000	-0.1373847612593330 -0.3458551174445029 0.2986976779357310	1.2160896876365026 -2.0496563178669858 0.6567246210004343
1.0000000000000000	0.5059504636991108 0.5091060466476800 -0.0410586353353430	-0.5220873212565758 1.7498369735196280 -0.6070157426303582
1.0000000000000000	0.2111790471419849 1.2490513595261055 -0.1337743401248716	0.2185748682995352 0.9860805280555529 -1.4163998232557133
1.0000000000000000	0.4864584609179444 0.0665357199513641 -0.3426378057192043	-1.6654843803698871 -1.7242776402983706 -0.2155246357870098
1.0000000000000000	-2.0279026939834908 -0.2343793801606253 4.1353175036597731	0.6886495112937192 -0.0541042911012496 0.3450872580656738
1.0000000000000000	1.4718760660431369 -0.1465256046802165 -0.8086085966409419	-0.2642683690843017 0.8981946639923146 1.7592670550446210
1.0000000000000000	-0.1035291074210995 -0.0444488596543140 -0.8318465992916335	0.8164622701942775 0.6203559088799869 0.2587523450236980
1.0000000000000000	0.7754229044418478 0.6094198442340739 -0.6394169824632580	0.1254311655930149 0.7389718615463042 -0.7875674175724608
1.0000000000000000	-0.9075181236190024 -0.0183348216305858 -1.4905534154419966	0.5363375827386441 -1.5234729311259652 0.0017450413249670
1.0000000000000000	-0.5191350836229430 0.9123529944276776 -1.0729057463607665	-0.8279872204875302 1.7800605879559868 -0.4197921399589729
1.0000000000000000	-0.0022161550573283 0.3823936250874797 -0.6635197556459683	2.1176135911684195 0.3724478382255944 -0.9757469974888585
1.0000000000000000	0.2701326793661714 -0.2355009097486802 0.8060475475767818	0.6755384249289808 -0.8709134428611882 -1.2453794093001656
1.0000000000000000	-0.3831252300472380 -0.2581448619515832 -0.1753159412134628	0.2818137565306983 -0.9644373170016431 -1.2416069613983154
1.0000000000000000	-0.2055960514132528 -0.5083323868991606 -0.1675809439897925	-1.0265025702063850 -0.2759407176421811 0.1439850759639536
1.0000000000000000	0.0367665958233854 -0.3780872921091961 0.3597220899750457	-1.6781701689200608 -0.8115862646731397 0.4013956260972171
1.0000000000000000	0.3354330904591312 0.6641785256629203 -1.6312991038871032	-1.8467177069202132 -0.3420658875345848 -0.3514453584431693
1.0000000000000000	1.0727480940058038 -2.3295691341727203 1.2650275892126686	-1.1245209400386607 -0.5152270972475758 0.5832660356854181
1.0000000000000000	-0.1436682059888350 1.1794878471102475 -0.5730115454789254	-0.5349305110312909 -0.0927491147633508 -1.4879861430382959
1.0000000000000000	0.5073557464513681 0.0356913876060101 0.3830550884192283	-1.2362546516458035 -2.6769026448131057 0.8537652710907156
1.0000000000000000	-0.5284088027117142 0.6130323923568826 0.0454876745145878	-1.6824203610397284 -0.5549366367698567 0.1719554084327649
1.0000000000000000	-1.0247024704890690 -0.4123959553916339 0.0164067159657485	-0.8530136456444306 1.4682663939069398 1.0990316063078172
1.0000000000000000	-5.1576924557086210 1.7927574822805608 -5.3026568076776259	0.3106260057599610 0.5739485617424741 0.7638409070590005
1.0000000000000000	0.3117221532688182 0.1791396577624688 -3.9637320999847687	0.0572376557686162 -0.5073389144374437 -0.0484887932942561
1.0000000000000000	-0.4706161373756467 0.8243621628523280 -0.6903319513761498	-1.5649327928803578 -0.5754339592079620 0.7594543774505736
1.0000000000000000	0.5586487044815676 -0.3742302827721126 0.3142628533838867	1.0577006486295382 -0.4202582896254746 1.4711412233881818
1.0000000000000000	1.1320626750840597 1.8518771810603694 -1.3234039082350193	-0.7869276538271022 -0.3843045664343109 0.1971387173169385
1.0000000000000000	-0.4975236428591036 0.9974577063952701 -0.6700166093525753	-0.2195640516856750 1.3499431675399687 -0.2692824084007335
1.0000000000000000	0.1833038178790728 -0.2461536964886251 0.1294020805865062	0.0239292974453930 0.4318245126661145 0.5203369396355692
1.0000000000000000	0.6371430067243908 -1.4030210079152658 -0.4000488623349638	1.1481652433078520 0.0697687241065235 1.6994737295943794
1.0000000000000000	0.7296080684761321 -1.2306083056595798 0.4672288576283553	0.2482999677052181 0.9397125885338267 2.1862239542873474
1.0000000000000000	-0.2896883722968903 -0.1976207631021923 0.1296424197544342	0.4952728344947644 1.5781937588330366 -0.4291810732101042
1.0000000000000000	-0.1014083069549664 -0.1188347978054042 -0.1949276685117819	-0.0934743975439805 0.9146609566304583 0.7448810758807775
1.0000000000000000	0.0630874844964687 -4.0740677522764761 0.5432241469477391	-0.7878537478465996 -0.0186569621182815 -0.0524020502242425
1.0000000000000000	-0.0629655841176786 0.0983110192733862 0.0468324541732995	-1.6758489525038192 1.7647010296899055 0.1125491762745453
1.0000000000000000	0.7575268054890697 -0.0041892307068218 0.3471617963138235	0.6549304162839070 -2.2797316801075382 1.2798390996409377
1.0000000000000000	0.0914441573783613 0.0417712711183921 0.4155408397593469	0.6365025451491612 -0.0332081650599415 -0.8730214211887799
1.0000000000000000	-0.1790030998632840 0.1748920940315757 -0.2330076022652222	-0.8416182713342271 0.7675143929623326 -2.1989196908016675
1.0000000000000000	0.3659433943471388 0.3477331018677040 -1.7105782964231415	-0.3465250567961380 0.5834442283211063 -0.3126981807533590
1.0000000000000000	1.6234246796080010 0.6350972434983463 1.0097332105709411	-0.7764141548327603 0.5773779814337873 0.4011008043668147
1.0000000000000000	-0.4724232688067819 0.4957753539275001 0.0331561057697729	-2.7221373186028317 0.2795129563207953 1.0551819930816226
1.0000000000000000	-0.0932676501005773 0.2912920755306194 1.5516767702473064	-0.5896652516327915 0.4069373807939581 1.4533787177751469
1.0000000000000000	-0.5421335633511113 -0.7146252009326797 1.8168093443816546	-0.1612709492741516 -0.2062451982688859 1.2920669697099434
1.0000000000000000	0.1604302003030023 -0.0166107380178630 -0.5713660717664033	-0.0699976784606098 0.0101561328385013 -1.0531179273430749
1.0000000000000000	0.1729967888920863 -0.5466584966532128 -0.4513975049380202	-1.0464243963331143 -0.3522512430657055 -2.1957495929817368
1.0000000000000000	-0.8839521420254667 -0.0178114448525252 0.3344099160322725	-0.5876772430053522 1.9638675270710788 -2.2752148579771680
1.0000000000000000	0.5191093170978746 -0.7465988378070266 -0.0418864415853686	2.3740889499885123 1.3848740793028367 -0.0056517019877336
1.0000000000000000	0.4422551075513672 -0.8120167111770700 0.2823466016733969	0.1095760162812413 -0.3927850335672639 -1.3829459012075787
1.0000000000000000	-0.2190262803877975 -1.0486702781535060 0.3238318819682143	-0.8842062681951948 0.5798700194907125 -1.2570968288344451
1.0000000000000000	-1.2881662433536836 -0.2671903234890928 0.0132029753322607	-1.6102046230688642 0.3259089099374425 -0.1703548872707705
1.0000000000000000	-0.5532301734242050 0.3524763792116687 0.0094851395988371	-1.3276108202933139 -1.5641667630178844 0.7937709382205700
1.0000000000000000	-0.1723393170685812 1.4723742540921705 -0.2615275787082484	-0.2762049226550259 0.0997503311812854 1.5601340634926808
1.0000000000000000	-0.5407058573800673 0.2880354076852958 -0.1424969726135455	1.0167734698476996 -0.9436056277727177 0.0114517223960182
1.0000000000000000	-0.0708386659283107 0.0371702432580804 -1.0215990648904476	1.6362957753782701 1.3875134689001563 -0.7868031569865062
1.0000000000000000	-0.1618009145463557 -0.3676348478161155 -0.2175799963866495	-1.2529460979156966 -1.1083588019418535 -0.7347789290590918
1.0000000000000000	-0.4139115922214282 0.0962787529563431 0.0434701567780495	1.0093834583965400 -2.1282365424143173 2.0407880507071807
1.0000000000000000	-1.2189323397498597 -0.6011291371333538 0.7105413736034334	0.0995615376827798 0.1618143816618728 -0.3205693875316620
1.0000000000000000	0.3114180127661021 0.5041563214499456 -0.7172896236017290	-0.6205737528322343 1.1393545154252860 -0.8590978524064992
1.0000000000000000	0.5014855738304209 -0.3666845944515861 0.2142124268199887	-0.6120097644933810 2.2874105014019870 -2.0735621533116708
1.0000000000000000	0.1795017153060988 0.5023115729858183 -0.2221518573934615	0.7949957144117684 0.0662100701942815 0.0915916026226522
1.0000000000000000	0.7775550666422240 -0.2123478746394388 0.4836018769609383	0.3997581358985280 -0.0959677184508348 2.3262528449281792
1.0000000000000000	-0.3068719606320573 -0.1315654148170101 -0.6619877654936211	-0.5830958245069701 1.5363012358602453 0.9264885085025373
1.0000000000000000	1.0015745341229743 -0.1446082280797781 -0.9235484242442364	-0.6811554288132774 1.3746725513145481 2.2317568032207964
1.0000000000000000	0.2393451442300777 0.2113688810753691 -0.2707456747541677	-0.8448748200515809 -1.0705094536734758 -2.7265662658341197
1.0000000000000000	0.7152775055432076 0.0030998172528520 0.2185578805210401	-0.0154429922048587 0.5854656145951940 0.4875902777333879
1.0000000000000000	-0.3869938780380288 -0.4832396877789694 -0.1098958057807742	1.0443554274268896 2.6020214195082132 -0.1451083752577719
1.0000000000000000	0.1029953252951060 -0.2488762331635384 -0.5403546050214846	-0.9578280256890964 0.9552825242379411 -1.1289449635338937
1.0000000000000000	-0.2860621912422235 -0.5505568914783471 -0.3665889626074538	-0.8000904069852631 -0.5969879306426759 1.3882110159814132
1.0000000000000000	-0.8597443344575597 -4.1000945851765858 -2.5103034386739882	-0.2198033713708651 -0.4558977505435479 -0.0791994363446539
1.0000000000000000	-0.1209184183122610 -0.1223620066618261 -0.2317333117625989	-0.3311330671907921 -0.0676214859914884 -1.9907813278073201
1.0000000000000000	-0.3204181990349895 0.5569257614010522 -0.2750603007636171	0.1779715219336918 -0.5646924527244304 -0.9656246399825966
1.0000000000000000	-0.5809596685409704 -0.0734406554284908 0.6769728932558757	0.7310005362219393 -0.1669770569362780 0.7643067326814709
1.0000000000000000	-0.8016134909283141 -1.6873069558406109 0.6761642226186610	-0.4614585706090333 0.3791166434774071 -0.6951868629692646
1.0000000000000000	-0.0826341669029695 -0.4894824892510923 1.3697961659277267	-0.9152256190448708 -0.9213311979954675 -0.1161555142789474
1.0000000000000000	0.3981971888062336 0.3925411733206753 0.9560003350238147	-0.1140937430620632 0.6129452014554346 -0.1417507236486197
1.0000000000000000	0.1354081565434086 -0.3467858283381334 -0.2641569256479832	-0.9783170038308256 -0.2381645484097001 1.4276462226187836
1.0000000000000000	0.1528518742310626 1.2811303621668879 1.6967506545934257	1.6458671927075803 1.2214051173049323 0.1175491318287271
1.0000000000000000	-1.4051208080179702 -0.2526374718574848 -1.0349280248437802	-1.5601690269196407 0.4627490940795922 -0.2639656210482615
1.0000000000000000	-0.2553142103994320 0.4126514018189891 -1.0048932103399220	-0.5195557175441349 -0.2207924744623951 0.6103752474191542
1.0000000000000000	-0.8629417689535521 0.6236441794345059 0.2558931888361172	-0.5902310480009592 -0.9415714998160188 -0.0246446701375228
1.0000000000000000	-0.4147699628614446 -0.3401584556605805 -0.1432756161498512	1.1092073604771560 0.9898546313806630 -1.4907329459067702
1.0000000000000000	0.3293254778070775 -0.5057437234323054 -0.9508683708020067	1.4945538732426420 -0.2085919850251187 0.8451611406597210
1.0000000000000000	-0.0999951676117742 0.6855184822021761 -0.1980841359472967	0.9910278461085227 0.2215468548562028 -0.4347861987747359
1.0000000000000000	-0.9621692722123611 1.6845185719267066 0.3193058203240584	-0.4802562821007460 0.2288969783633741 -0.6061004730394657
1.0000000000000000	0.6174943992227997 1.4239408965845584 0.5772307982399592	0.8796902183918834 -1.4065423625360263 -0.1486981902629104
1.0000000000000000	-0.9839636241849391 -1.2497564421314167 0.0701480685238507	-0.3635353116773686 1.9646175244498827 0.0918453203636746
1.0000000000000000	0.8917812554375036 -0.2369670564768686 -0.1037723683661812	1.4220662150943864 -1.7884909255747283 1.4245929257187624
1.0000000000000000	-0.0318128194368002 -0.7137764873065938 0.4222508859585641	-0.1442272701370072 1.1959466780497205 -1.0235105114801519
1.0000000000000000	0.4652208792388637 1.1101812478572699 1.4785981942059516	-0.0196400529174211 0.1706308924953792 0.5100180955476865
1.0000000000000000	-0.1372975675988859 0.4956109373745607 0.0413645650689750	0.3804071553449473 0.9305823572252723 -0.0842403812959830
1.0000000000000000	0.5683496820042532 0.2407264216126674 -0.9461752517415256	-1.5510552804188424 0.9474083664457936 -0.2339792146333181
1.0000000000000000	-0.1294439965803142 -0.1922183940727259 -0.5818238453116196	0.2619325639142779 -0.8350956837946666 0.9631154837038810
1.0000000000000000	-0.6287455934854038 -0.0672275643781428 0.9353931499088186	0.4427688375036323 -0.6811330694926557 0.6485202633342173
1.0000000000000000	0.4863812478597991 -0.4435681985410018 -4.6306235854400937	-0.1094429352088330 -0.5995788140126567 -0.1912540210547755
1.0000000000000000	0.4753296512573057 1.0261410622728071 -0.3827990199890870	-0.4554781047649169 -0.9564651198481675 -1.3922224707765360
1.0000000000000000	-0.5989792693531405 0.3715866735483676 0.2333325362614060	0.1116528919056805 -1.8092605056295799 -1.6834227303161853
1.0000000000000000	-0.8238982587793152 0.1928478925202051 -0.5065717509737959	0.5629019752213212 0.4339207331522001 2.7246887534355859
1.0000000000000000	-0.2709177951279326 -0.5000110573116449 0.0211851665459031	-0.3457307318514661 1.5006032454692420 1.4434962906905195
1.0000000000000000	-0.6939921910510204 -0.4002302179830011 0.3986214881686218	-0.2076658932508418 0.5866696059705461 0.0675567403684156
1.0000000000000000	1.0403919096272003 0.7083125845730285 0.1382308194261150	-1.4343580798695883 -1.1188241650710635 0.6525701863332153
1.0000000000000000	0.0318757391245400 -0.7712700867166679 -0.1508904592466516	-2.0174490880342244 -1.0527350371266553 1.6149690487012611
1.0000000000000000	-1.6703860896016822 -0.0341714894663808 -0.8071289351422062	-0.1287653328129515 1.1930305239310839 0.4438417603056872
1.0000000000000000	0.8741595755608711 0.2253083560517486 -0.2422489000325711	-0.7317921555243895 -1.1108864883336684 -0.3528873325545303
1.0000000000000000	-1.2523515742737883 -0.0834235239389293 0.2961904788314365	-0.9502516961847620 -0.5894619198679115 1.1242977410135644
1.0000000000000000	-0.0609307543134406 0.2046403208577325 -1.2165715216147810	-0.2798661825396266 0.8048004981484127 -1.3698020234733355
1.0000000000000000	-1.5448355697483100 0.2127096053717104 -0.3608347504995513	1.3968152235017948 1.0134870424401388 -0.8420613473777894
1.0000000000000000	0.0527718430353440 -1.0325595827213419 -0.6402490075706999	0.9815821602403169 -0.8229213714642049 1.4683061695662480
1.0000000000000000	0.4238548685078959 0.2823889670069142 0.5972229326609787	2.3474212722735075 0.7443470168007876 1.9484121059493598
1.0000000000000000	-0.2681073385076220 -0.4155493411815218 0.1194233774934026	-0.9020363290398965 0.2104587525444478 0.4074084825747964
1.0000000000000000	0.6398437647188026 -1.1604336627437355 0.2717102390997508	-0.2693554623036230 -0.3819414061825421 -0.7749594586888855
1.0000000000000000	-2.9006247400854699 4.7517308347020020 -0.0915266343518398	0.2591911001370907 -0.1930650692229394 0.9337920261897693
1.0000000000000000	-0.1675455268165636 -0.2274995800514047 -0.4242344946705660	1.0590523214279604 -1.5261756242781559 -1.1636537541126575
1.0000000000000000	-2.1101423356712905 0.2843086443784391 0.9254323486602906	0.0918662794720320 -0.4895025473477897 -0.5266111462641823
1.0000000000000000	-0.4756270333330679 0.2727666203728857 0.2349971240912717	-0.1189647984992967 0.9691529043866757 -0.5328936715032039
1.0000000000000000	-3.0337875456986212 -2.3436234948254095 0.8834794112686253	-0.0974437441462350 0.7176551223429544 0.2512425763669571
1.0000000000000000	-0.1066826297480173 -0.1275807486793138 0.1611773324900795	-2.6503142239751214 0.5499134843301655 1.6380598955028336
1.0000000000000000	-0.8465618846585627 -0.5531265949973008 2.5059132490472926	0.5007446946855642 -0.5534720123312387 1.4512288294739457
1.0000000000000000	-0.3414722449965232 -0.9210799308653719 -0.4255522946387960	0.4930452529623714 1.5249279439821972 0.2543655645847860
1.0000000000000000	2.3581976976323733 6.8877272559245917 0.7561381208678394	0.2484981944352962 -0.2736044602426044 -0.1391873213567334
1.0000000000000000	-0.3379085462453751 -0.2667938778322767 -0.0089382069383200	-1.4347609244241362 0.9559237272465460 2.8428205370619044
1.0000000000000000	0.0800672955327652 -0.8353288580022372 0.8771118324778259	0.3532772698192707 -1.5736793045554014 -0.5958528400230153
1.0000000000000000	0.1541099812729547 -0.9696274985998244 0.5752900522691254	0.8108816743473222 0.8440523675532886 -1.0878234608571402
1.0000000000000000	0.0061235887766721 -0.4465035130272521 -0.1691275370476523	-1.5875999327780259 -0.8538567488910768 0.2059470278148930
1.0000000000000000	0.1458066625192463 0.5798288789632724 -0.8015852345728391	-0.7078787271255990 -1.5342381407333321 0.5784557756774283
1.0000000000000000	-0.2479825054695393 -0.2535050491540606 0.0517999035390565	1.1319273543805899 0.1243795120555940 2.2725166359684250
1.0000000000000000	-0.0061239271128902 -0.1351715767871877 0.5320449742965423	-1.9596626195599633 1.3328890697320463 -0.5384502352382117
1.0000000000000000	-2.2983804699018551 2.1826104651399154 0.1257423722223071	-0.9740399696834243 0.8706585078950403 0.2829794404415876
1.0000000000000000	0.2026971805598330 -1.0671756932280201 0.5898671455193771	0.0504472275004972 -1.6534520612872665 0.6694199751439396
1.0000000000000000	-0.4412025626248803 -0.8413183360939545 -0.4534242783433351	0.1229506743501108 -1.3029463900619445 2.0074700191075823
1.0000000000000000	0.0808669220480900 0.2321716780984654 0.3652701115935699	-0.0809691235269321 -2.5982016350376353 1.3006489847914273
1.0000000000000000	0.9407255078561220 0.1743811807943808 -0.1058291263089289	1.2113878827087148 0.6792212080836278 0.1911972493335037
1.0000000000000000	0.6916983082062859 -0.3732806460914457 -0.5338823784785270	-1.4795294911354786 -0.0008815950582352 0.0088571010402981
1.0000000000000000	0.4561449041966026 -0.0538366912459537 0.1962342548179037	-1.0254607727884892 1.1430611252952705 -0.5888668665707665
1.0000000000000000	-0.5624513048765215 0.0707036521442291 0.3505478792989598	-0.7372572953018952 -1.5174327019757039 0.2950956846477929
1.0000000000000000	0.6552702686342577 -0.6342751248908731 -0.2440173983449511	0.1218358625652643 -1.7634637189328248 -1.0697441601421827
1.0000000000000000	2.3444654068928439 -2.5158562019318329 -1.8753480338903605	0.2947459100882860 -0.3539643761307907 -0.9423697389008342
1.0000000000000000	-0.0110395425408070 -0.2168382271437670 0.1369213522170565	-0.1514025938417956 -0.2241769299517210 0.0923479072851200
1.0000000000000000	0.0455345543451181 0.4550992980864540 0.2713242848836733	-0.7576468983254416 2.4468363627308878 -0.8772805986516146
1.0000000000000000	1.3854194245866174 0.6350898654770102 -1.0097161540224069	0.6457240017331598 0.8359256242908274 -0.0004598924501558
1.0000000000000000	0.3019410276061584 0.0270920638663440 0.0022192593018610	1.0058300062752359 -2.3327565362470479 -0.3691712024785817
1.0000000000000000	0.2639714582635046 -0.1617979600834318 0.2565107513847292	2.4163904782365955 -0.8892201563296510 1.5458203004166671
1.0000000000000000	0.6576432976121765 1.2940671389286094 -0.0504358272765448	0.0066338436515134 0.3392958945708651 -0.0413830125163481
1.0000000000000000	-0.1360463389437658 -0.4731307536073391 0.2333498072740103	-0.4412237456123237 -1.6412247586647295 -0.8968077128762730
1.0000000000000000	-0.2180838481882578 0.3374234728284985 0.2440908575590486	-0.5363270027588605 -2.0665815028395986 -1.6886954394098708
1.0000000000000000	-0.1652074515676724 0.0771157940717782 -0.2893928574318473	1.2844034580823105 -0.9324980905427351 -0.1049383003870745
1.0000000000000000	9.7382091413491221 -11.5369025491837291 4.4742074012570789	-0.0364091263859716 0.3829103676197421 -0.4556359867492833
1.0000000000000000	-0.1589511959984818 -0.0365131109060509 0.6594067801272048	0.4877162336811497 0.0990959942083855 -2.0977389288062964
1.0000000000000000	0.0695646794990031 -0.7304988177679795 0.4606786447642529	1.4782409949981661 -1.3180881359220726 0.5355816385940888
1.0000000000000000	1.7374501001150775 0.8621343533317577 -0.7328798772768497	0.0911541010331150 -0.7052669882940095 -0.3745458889803878
1.0000000000000000	0.4510647579853624 -0.2687019898374484 -0.9425201388707473	-1.2628119156303979 -1.4674671418657868 -1.1569154110837785
1.0000000000000000	0.1680626256846685 -0.8324165438561624 0.5903687329432910	-1.6955357655614858 -0.4885093331959730 -0.7852585718288879
1.0000000000000000	-0.1443160821189285 -0.1463089270443913 -0.1364784843325555	-0.9297285600610076 0.1131372298729860 -1.3145697143099841
1.0000000000000000	-0.1939264264453454 -0.1086846304114453 0.3197301632291824	-1.4605579333236707 0.5192949042046426 0.5857607917022869
1.0000000000000000	-0.1668546289181315 0.3073717506899150 -0.2710872281959717	1.2514282196948308 0.6393499168259321 0.0340958176568829
1.0000000000000000	2.0376157448693299 2.7634657426331328 -1.4108663686781016	-0.8842220665771581 -0.5691333383849646 0.2919468889261441
1.0000000000000000	-4.0102804533079848 10.5258166185143835 -0.4274434825657361	0.2317253645137119 -0.2996741882139663 -0.0174227968739407
1.0000000000000000	-0.0966501566859542 -0.1345042697175211 0.3366810092168676	1.9186041072449949 0.0540281417434101 0.8611885819575000
1.0000000000000000	-1.0825611133238426 -1.3628727267168892 1.3858012916691846	-0.8227650550119757 0.5570465310555185 -0.5226843212673288
1.0000000000000000	-1.4120112565449805 -0.2173753967643435 0.8098851089282736	-0.8347042216430196 0.4252370197667222 0.5427814165017838
1.0000000000000000	0.1391683297694652 -0.2345346285441761 0.4140793752874374	-0.3568123948559278 0.8661116925257305 -0.2822869463574844
1.0000000000000000	0.7459782086032111 -0.9451054413684427 -0.1446418562568626	0.1920297249674317 -1.3832121329182228 1.4293594350197152
1.0000000000000000	-0.1019402265540799 -1.0159648302396562 0.2620782281144112	-0.7184181099612408 -1.8075669590848238 -0.7857924231185528
1.0000000000000000	-0.9806079416453148 -1.7835674451660117 0.5386110468714989	1.4350729665009847 -0.1206832824631163 -0.6138874993048152
1.0000000000000000	-0.5545741730903252 -0.7514216259105337 -0.6034485478469706	-0.8673287212490459 0.5236077278920048 0.5824014233935803
1.0000000000000000	0.6968783767099244 -0.1123637987893982 -0.5664181227178199	0.0912546860259360 2.7039865217899512 -0.9864955530757986
1.0000000000000000	-0.1438551257835315 0.5768705165443718 0.4150198866384143	-0.8935617960044273 -0.1125067053546496 -0.2288039951257942
1.0000000000000000	0.2963949111366831 0.8544782751147590 0.8632606835749534	-1.1081841904410121 -0.4960503481079346 -0.3354059466340835
1.0000000000000000	0.0079346223110519 0.1499677046400243 0.0103285635471191	0.0271795697646927 0.1922406949800656 1.1842869885790190
1.0000000000000000	0.4205503283648803 1.1555297177879222 -0.8480946872843715	0.1186324451920266 -0.0754855137414421 1.1614380771331496
1.0000000000000000	0.9387884115642843 -0.3418580148926049 -0.9564837085973292	-0.0265892769705678 1.3749800788462756 0.7322509207159601
1.0000000000000000	0.3958235667458208 -0.1334290052849697 -3.2706357494703311	1.1265132661546171 0.4908103564052108 0.7995410490109361
1.0000000000000000	0.3067355033010212 -0.2356690686537615 -0.2513016799653527	-0.3770508215330772 -2.7391358755686475 -0.3744081913644530
1.0000000000000000	-0.0932803589258958 -0.5561254439402779 0.4652325264956274	-0.5104589479404046 0.9267609551415547 0.0420225478925324
1.0000000000000000	0.0888252610581323 2.2792470227740664 0.7047366968760420	-0.5679983049325890 0.1958843238320378 -0.1482439789929224
1.0000000000000000	0.1560106488978761 0.2044551671243992 1.5127150148220905	-1.2917555612207912 -1.3712223706889861 0.9949340171269979
1.0000000000000000	0.7705859348479155 1.7005537995238511 0.7527954489782446	-0.0731547180382331 0.6167836812719723 0.5835653295450154
1.0000000000000000	-0.0179056764276438 -0.4702184861002198 0.0206531287170785	1.6518904068146272 1.3002892320915160 -1.9297752227962537
1.0000000000000000	1.9295465051824536 -1.3800641777611251 -1.1906317721567399	-0.6895417308500486 0.0341414344560532 -0.2095096223952296
1.0000000000000000	-0.3211891069116072 0.0101543568719877 0.1300028188496891	2.4638105803242980 -1.8026978831287050 -1.4055016456113218
1.0000000000000000	-0.1754749359681186 -0.0327685483797458 -0.7413182733258767	-0.7497660407361276 0.8055684294973923 -0.0371662306391386
1.0000000000000000	-0.7899127857929592 0.3003255758312333 0.2201323373274245	0.8949253616335316 -0.0980778435891579 -0.8334096924370740
1.0000000000000000	-1.5380106155281668 0.9586343563581351 -1.8398720825376120	0.6936784365586240 -0.8381713080168529 -0.0590094872632636
1.0000000000000000	-0.2956831767178482 0.5054837622179827 0.9639778504407845	-1.6076399345278503 -0.5424069340025035 2.4344180519349954
1.0000000000000000	0.2060818550177403 -1.1912072494436299 -0.0919316409228533	0.5434805695542928 0.1076263976017665 1.3919670567136400
1.0000000000000000	-0.0075133017553811 -1.7380894637905595 0.9999750874965280	-0.2938279805440541 -0.3810469102486590 -0.6355645217452137
1.0000000000000000	-2.1548319450927513 1.9432419995797894 -1.2587828684589610	0.0981522479616841 -0.1314911027135814 -1.0062980044344707
1.0000000000000000	-0.2445927141890916 0.4054557215948792 0.4567191816728540	0.1077194809977926 0.2895400916305704 1.1320502217116761
1.0000000000000000	-0.9421259186154850 1.1282752023527398 0.2157172649897425	0.5517136867687052 -0.6985768712916334 -0.1230430900471309
1.0000000000000000	0.3611902011246842 -0.1985487671452058 -0.3279757112934643	0.7808029768543299 1.2319609141844383 1.5284639397058786
1.0000000000000000	0.1779032424762273 0.3128624186882606 -0.1967326684498434	-0.9024392711002542 0.7359216965971908 0.7039947619980186
1.0000000000000000	-1.1599671602851154 0.6971322655506569 -0.4270703691150378	1.1950736870352054 0.1389318436352924 -0.5419844194002693
1.0000000000000000	0.9751397870933832 0.0465781477341669 -1.4165140583863953	-0.7008505411970524 -0.5293820025824317 -0.9603272465914656
1.0000000000000000	-0.6126157483149385 -0.3761123356495627 0.2004894093365079	-1.3713919100282781 1.8085298208646992 0.6273608494463412
1.0000000000000000	-0.3963205981168482 0.0632747217177182 -0.0014631685550788	-0.3833018396557868 -2.3925076114037407 -0.7143192369807015
1.0000000000000000	0.4040463285027240 2.5178472611102451 4.7036976456363195	-0.3685165904894467 -0.3070322114371312 -0.6039657706319961
1.0000000000000000	0.2020442642024365 0.1251543683648367 -0.1048893038954663	2.7259633175614302 0.1419285737157542 1.3323977578111090
1.0000000000000000	-0.4745568833829714 0.5640760266998852 0.8599416409868061	0.8629262837517341 -2.0635272988405298 -0.2420723980370502
1.0000000000000000	-0.3877143042318464 -1.3376016727651336 2.0181294387616071	-0.2012066611827262 -1.0036599596201463 -0.7110085313135907
1.0000000000000000	0.0492632063852024 0.5961661694202192 0.1895314142170776	-0.9602393850216289 -0.1904960274316593 2.3639386445414119
1.0000000000000000	1.5626509910140809 -0.4927901867126911 0.7338694335651265	0.0135404006611959 -0.4093642950208364 -0.4621054676694621
1.0000000000000000	0.4688801506645159 0.0574510009893424 -0.7146301742674975	0.2688718362445238 -0.1366604681554217 1.9034708980656927
1.0000000000000000	1.0714344340289499 1.3877167709625213 -0.1018607884876656	0.5177035852886198 0.4600324865194806 0.5615795461924324
1.0000000000000000	-0.1108378774242453 0.2075037067723491 0.4330408937942464	2.0425924495980348 -1.5589633747690788 0.8319384093617503
1.0000000000000000	0.4873894302505912 -0.5981940970578550 1.2683796682560082	1.3730396048926028 -0.0597677903694902 0.6019778749455500
1.0000000000000000	-0.3573313325682075 0.0139372524002214 -0.1395527104742848	-1.5086177190389949 1.4887847033323323 -0.6126369840805987
1.0000000000000000	0.2537215726858522 0.4747611082588560 -0.6426485939600532	-2.2307042307814533 0.0558685225363917 0.5123272290364201
1.0000000000000000	-0.5744608728742174 0.6378070374969546 -0.4399281940453932	-0.5655794881425997 -1.9807246658873501 1.1398745182144141
1.0000000000000000	1.8046578696249707 -1.6744171648276636 0.5018126671629413	-1.0368417796448390 0.8567183709789303 -0.5151680681593692
1.0000000000000000	-0.8987420452811797 1.0079389942847714 -0.0474592677489016	-0.9961414525666411 0.0974859646183563 -0.7121180197027627
1.0000000000000000	-0.2868425793758827 0.1556748020804236 0.3377221063091730	2.2084751687282118 0.1131853839114776 0.0158706317894985
1.0000000000000000	0.0758248341460434 -0.1587437683194988 0.4511120160191813	-0.1636824267339767 0.1864356841788410 -0.4222768969586399
1.0000000000000000	0.5678813428253011 1.9330469575829363 -2.3868772251621824	1.3278811054512869 0.1156098894426853 -0.3210500746186605
1.0000000000000000	0.6267010144723142 0.1733478146360700 -0.0435361940354181	0.9768014266348108 -1.6255036767477806 -0.2806335088080849
1.0000000000000000	1.5842518499370022 1.9921478389530978 -0.2475298356145391	-1.1101764556040497 -1.3845128233664299 -0.5258319478576792
1.0000000000000000	-0.8467653571536691 2.8193935942138113 -0.7735039158284039	-0.7788165787029209 0.1554028956722353 0.3253635932464075
1.0000000000000000	0.3675927304223345 0.2988296906487126 -0.2504376854154413	0.5098479010499702 0.4093977064268968 2.5130548117935207
1.0000000000000000	0.8319231171379367 0.9128443215209139 0.3550408996053098	1.2015624999931553 -0.4460882039776477 0.2956991943125962
1.0000000000000000	-3.9919607032567170 -3.2182633677372463 5.5071142189624345	0.8644075423881097 -0.3752459385141197 0.7488268820105950
1.0000000000000000	1.0041895754116088 -0.4047335669027714 -0.2375259631548280	1.2617478662862998 -1.5224900968428674 -0.7607820160767507
1.0000000000000000	0.3250745048773080 0.1540824509170951 -0.5231172328429834	-1.2445898929173416 -0.5130228449684110 1.8656011473543239
1.0000000000000000	-0.8785951532878536 -1.9025662722174552 0.6675727571421661	0.6296588476673596 -0.4624243553529250 0.5141484632201125
1.0000000000000000	-0.3276701467949513 0.7602438443797225 1.8307848922339349	1.4162152311849212 0.2644187815199948 0.9727909764021857
1.0000000000000000	0.4172215119903156 -0.4185766059372696 0.5340941705666213	-0.8140889287485735 1.5457390902191737 0.0272729979258517
1.0000000000000000	0.3249039635519248 0.1152428543699175 -0.5763495105694731	-0.8343290285841626 -0.4169156519324574 0.9545346429141488
1.0000000000000000	0.0654016145946310 -0.6119853023356303 -0.1660590038908673	-0.0292986659649384 -2.0185915732175661 1.5908880307824587
1.0000000000000000	2.9114290020927620 -0.4897984073096127 1.2705537014603012	-0.1223562479380928 0.5908948561976152 -0.9469136647803036
1.0000000000000000	-0.0986219597543971 -0.3409518244662640 0.0085800622609873	0.8064122433621321 0.3028329603754057 -0.6717893443964922
1.0000000000000000	-0.4841441532534277 0.2388552242478301 -0.1096660127647374	2.0753979039207393 0.2361099134216098 -0.3969684526059377
1.0000000000000000	-0.4999973972368811 0.0445795331696404 -1.1319627656023852	-0.9735626724181881 0.7824315764913369 -1.6540925414708338
1.0000000000000000	0.3585728483594862 -0.0443767760675350 -0.2969682920794663	-0.4826588978707897 -3.1256371539934871 0.6657032069332025
1.0000000000000000	1.6767527454274085 3.0954250386948967 -0.2861536878653222	-0.3087117803999550 -1.3093321426709454 -0.5839793818975368
1.0000000000000000	-0.8834112552193741 0.9449148153102344 1.9957272779772919	-0.1928281587463639 1.9610896809941449 0.9066721514139774
1.0000000000000000	-0.1001808001460919 0.1431005839616545 -0.2565507674455952	0.3610896438990244 -2.0695512540397694 -0.6647605422799415
1.0000000000000000	-0.3871337148145997 -0.6040218601526822 0.3968500136661042	-0.1197242756667680 1.3681006417568782 -0.4432019863541581
1.0000000000000000	-0.1371409627530509 0.2837319229308032 -0.1202832320597921	0.4253170387177249 0.2184492838781350 -0.2033418185136913
1.0000000000000000	2.1000746958622361 1.1430803021380482 1.2142507488576733	-1.4346157978591121 -0.2938050910401666 -0.0340186758521572
1.0000000000000000	0.4882820218549599 -0.3995719616630861 -0.5860914684629228	-0.1279012490587413 -1.5990300495517096 -0.3923624063296681
1.0000000000000000	-0.6107814961354215 1.0631156578843366 0.5604325084712195	-0.7514159757459561 2.3457036536462383 -1.0566643997745220
1.0000000000000000	0.3469275423052135 -0.3694423262626199 -0.3254515337790977	-0.6431545288511603 0.8511528831361536 0.3244361161600070
1.0000000000000000	-0.2266383215717865 -0.0274273345634150 -0.4975092150332160	0.9357638584007700 -1.3745505641527476 0.3858827891098039
1.0000000000000000	-0.0262811676637815 0.2174131835277801 0.0486712876923868	-1.1577175487850193 -0.7223075691535767 -0.8326672508422562
1.0000000000000000	-0.1649327821541045 -0.1092653728308187 1.2071781055237476	-0.3059997944721734 -0.1971770673614018 -1.3069684082550070
1.0000000000000000	0.2427052631313363 1.3544070274554425 0.2924040125400596	0.8318200039882638 -0.4162375244402768 2.1177881120916462
1.0000000000000000	0.1448888097456758 1.5327445779021662 0.6894498012534386	0.6313525666114426 0.8722782542682612 1.3364968123073149
1.0000000000000000	0.8587961674986326 1.1085087276901788 -0.8720998247102796	-0.7691155293854881 -0.2556765776916530 1.5829199816771671
1.0000000000000000	1.3359199999910134 0.6115159331351251 -1.0355867158197494	-0.9773740428824059 0.3325258584726473 -0.4426070028478754
1.0000000000000000	0.3082541808442799 0.7912846355202059 0.5786914257898524	-2.0152016848483205 0.0861958371044954 -0.6699381709839558
1.0000000000000000	0.1022252840775626 0.0603765102958548 -0.3531057811872388	2.0701862871535290 -0.6238443931337158 0.8318027027998653
1.0000000000000000	0.3431761257028239 0.6728624272198912 0.3688065859993713	-0.9378567556355306 -1.8683633597536720 -0.6526721667185874
1.0000000000000000	0.3963355049425928 0.3879184118056909 -0.2824353154812872	0.8061412915443640 0.5344099981988991 0.5444661581171062
1.0000000000000000	-0.1565854741378775 -0.5427163762659100 0.6543865853389935	-0.6838159687199523 -0.9255511226293973 -1.4284259350295594
1.0000000000000000	-0.1111953709107849 0.2283621190784358 -0.3037405618022386	0.0030812443779627 1.4595137143987449 -0.2777017401047943
1.0000000000000000	0.0458551888328500 -0.2368039581505829 0.8258566732463002	-1.6540971296369675 0.6002075797869570 1.4875286127649725
1.0000000000000000	-0.4747774290854685 1.3834536561943780 3.4307847111478873	-0.3808405983539258 -0.8614155036993404 -0.2145311038538021
1.0000000000000000	-0.4173298205940184 0.9060390395798626 0.4813743848644456	2.6198777706090928 0.3755119894368987 -1.6014048529038380
1.0000000000000000	-0.7935862963698811 0.7744808603747213 -0.1474446065633768	-0.2246636120635056 1.2000686040641149 -1.0011396760421727
1.0000000000000000	-0.1605414105149007 -0.0199075105824365 0.5548452958537273	-0.2168000726898937 1.6764228432247172 -1.1582294907026371
1.0000000000000000	-0.2747800230482502 -0.4663347129183132 -0.4447505111494304	-0.9660278084120154 0.5568017426158794 -1.6484165109955113
1.0000000000000000	-0.1883495058872292 -0.4094386075684232 -0.1981289720769790	-1.2919016544042681 0.9244516496994835 -0.0711748039042463
1.0000000000000000	0.5852498104754543 0.6039897517523288 -0.2395571096036068	-1.8779794863250194 0.0900463695816244 1.3906831973215887
1.0000000000000000	0.4254827970970439 -2.7457196998418381 -0.7538954525341690	-0.8294190021291646 1.1027647717815670 -0.1667379827329947
1.0000000000000000	-0.3904354996406013 0.1004074329216128 -0.6626824740144943	-0.6954564127618313 -2.5722313347143384 -0.5638762416137917
1.0000000000000000	0.4662586452597966 0.6584275946147948 -0.2676003385761843	-2.1585486965716689 0.9933761864187484 -0.2323263161945902
1.0000000000000000	-2.4427462243660298 -3.3344505475239976 -1.5542825054811653	1.0975503220382246 -0.3582845294451311 0.3253545373559765
1.0000000000000000	0.0303716889028477 -0.1989183167269973 0.4910295282592752	-0.4416901801899183 -0.1628010188186303 1.6252578062142879
1.0000000000000000	0.4862591969697918 1.0155737180877284 1.2156776042132891	-0.2540544502127715 0.8420869761281504 0.4639165414105869
1.0000000000000000	0.3115947794472892 -0.2011539471141518 -0.0564233432731035	-2.2354846664770172 -0.3323893040822443 -0.0651989213420622
1.0000000000000000	-1.1701751090725172 0.0281384089273856 -0.7254743390447103	-1.4405974881581112 0.6743497605917494 -0.1135759716723560
1.0000000000000000	-0.5515031231464770 0.4338793403342279 -0.7460927492950470	0.3430300812782549 -1.6633462440231566 -1.1491530074849774
1.0000000000000000	0.3688757975398727 -0.2615329789237075 -0.3661621022239133	0.1701956585323116 -0.9813977524031171 -0.0462004357111130
1.0000000000000000	0.0105095124239999 -0.3281079970710454 -0.1269779563207351	0.8025539418264186 1.9817114330366805 0.7657065663441243
1.0000000000000000	0.3174600703047809 -0.3467590134638077 -0.8534100957517534	2.0365057229734775 -0.3492188904758903 -1.2013829702094312
1.0000000000000000	0.0867673128649469 -0.2747372624144280 0.4027180160173715	-1.0917769949911631 -0.9822805269799917 -0.4853962498857797
1.0000000000000000	-0.2358317897478705 0.2386601268683196 -0.3921248525295905	0.9731939484547640 0.6684115014995867 -0.3752199748972461
1.0000000000000000	-0.7490467674249816 0.9158166682544501 0.3769145229928111	1.6846733131855511 -0.0770375673049995 0.3229817669400034
1.0000000000000000	-0.1866211292369795 0.3670762210645105 0.0719417791158960	0.5718693429164391 -0.7816439155164473 1.1367669116852461
1.0000000000000000	-0.6293933085728456 -0.3068489416446449 -0.1740608619828767	1.4404681372195469 -0.6740989082994570 1.6714408645746974
1.0000000000000000	0.2333907700444131 -0.3225828994936025 0.4288539981366456	1.9076441498890531 1.6623752927566038 0.0912832353277532
1.0000000000000000	0.4460401266929391 0.3023397527596932 -0.3314806928264178	1.9634345902307464 -1.0594686694685500 -0.8991546824519465
1.0000000000000000	0.2197439679404965 -0.4875463780502208 0.2371261034197454	0.2129826508320909 -0.4454946439487410 -0.7987548125183069
1.0000000000000000	1.6289751875672152 -2.4639412911841214 0.9167798913447242	0.1706323196908887 0.2869702564651749 0.7690678840723638
1.0000000000000000	-0.1140127935258125 0.2209073225182756 -0.5532905926423106	-0.5769768763713110 -1.0820806697084104 0.6063001128348856
1.0000000000000000	1.9054079842718896 -2.3150562468517295 0.1357221051253405	0.5473239782669309 0.7384236849003571 0.5412989798297628
1.0000000000000000	0.5322700616897000 0.2796840067907526 0.1944711635124052	-1.1578149484276030 2.0121833626795862 -0.5518446788025092
1.0000000000000000	0.7680603386473631 -0.0589013638602294 0.4006671286127136	1.1309446307280306 -1.2841324580226547 1.3612890728499571
1.0000000000000000	-0.8579161397587048 0.2291571427561992 -0.6849214629809740	-2.1502687254471522 -0.4749389567086588 1.0881690188837039
1.0000000000000000	1.2726915446677107 -0.9476447558468709 1.6016428420393196	-0.4114392126352971 1.3648896661626948 0.2571690961929034
1.0000000000000000	-0.2959807987214875 -0.2830273333651446 0.4259180435830762	-0.3599900833900618 0.2842985124036069 1.1531442154755491
1.0000000000000000	-0.3878696591753494 0.4688171855726468 0.3440406325865105	0.2762230847489614 1.7685671044359732 2.0124608285398269
1.0000000000000000	0.6473269538613752 -0.0293574306526581 0.4200433134170892	0.0965256496344224 1.0328407353414568 -1.8195775137277084
1.0000000000000000	-0.2096192552071204 -1.0390843424636114 0.2147451218882597	-0.3081127784031187 0.0715799919892732 0.0208891449306124
1.0000000000000000	6.4806919459872336 -0.5794104366110345 6.2387610940476135	0.1177073328235768 0.3931692097379932 -0.3432035992984887
1.0000000000000000	0.9487092225310019 -0.7525300242514763 0.3302611621033341	1.2520964859689774 -0.0554148900057135 0.8833111958426471
1.0000000000000000	-0.0804074069235606 -0.0144582020500158 -0.0679471953902305	1.3968029744205084 -1.0522922232238470 2.4513570782084262
1.0000000000000000	-0.0078477575379883 -0.9282420347623399 0.6024370685462024	0.3173342602669066 -0.2449894886526499 0.8687284200355000
1.0000000000000000	-0.0950667182837589 0.0166149598455898 1.0062337985823080	-0.6269278587287368 -1.1970656699654287 -0.1741002973414751
1.0000000000000000	-2.0564651520007509 -0.5858106617301094 -1.7319279540137742	-0.8693332131904137 1.4359245850733200 0.4730470403214000
1.0000000000000000	-0.0946167741732366 -0.3584414252893945 -0.8132275201880032	-1.3801564032177394 -0.1994643351004552 -1.3419266061139170
1.0000000000000000	0.5529409120049785 -0.2714082064505345 -0.5819878758374414	-0.2700570758374989 -0.1215882335246688 0.4324673558653530
1.0000000000000000	-0.3793406203526383 1.2414451464741338 -0.1881000821642932	-0.4809649386042488 1.9006161472222469 -0.2066582594613399
1.0000000000000000	-1.0766300122866364 1.6271444815253668 -0.5044436649399737	1.2604376258345269 -0.0776919985969067 0.7972169073584662
1.0000000000000000	-0.0645349463755465 0.0208643578457578 0.3868776913622159	1.0231952800091217 -0.7462942293638908 0.8250475579793720
1.0000000000000000	-0.3507341071586916 -0.5053760518871523 -0.1568586575232702	0.5037725412067023 0.3918138894300292 0.6286353510672804
1.0000000000000000	0.9529041353266261 0.4608393746673248 0.7078563607246421	-1.1662521960800314 1.7987422878381787 0.2202078805537941
1.0000000000000000	-0.1850842377804170 -0.2649226603524366 -0.0907680704889933	-0.5996873541632876 0.5890017174564709 2.0669019626331000
1.0000000000000000	-0.1918502892277430 0.1553394362718589 -0.5288882439146204	-1.6616938085535835 -1.8095324193206332 0.2378315270397236
1.0000000000000000	0.1224215520143745 -0.2784476697869784 0.1097006148558876	-0.5150290027385788 0.3794174539763969 -1.6104366141384969
1.0000000000000000	-0.3482551390450854 0.5790879204502959 -0.3063222626529672	0.0987503303033445 -1.1740792061949792 -1.1690647973311998
1.0000000000000000	3.2554782505712088 2.7445123923674530 0.2462436582919099	-1.1191431614335428 -0.1460364697304533 0.3837866294565145
1.0000000000000000	-8.8417964176129011 -1.8861879616174704 -0.9095601797729187	0.1403211126021985 0.5951807470651624 -0.0625754910981169
1.0000000000000000	0.0319385169167915 0.8309130640084051 -0.6769826633037054	0.6634715236853252 0.4527828136947445 0.4322433472016804
1.0000000000000000	0.1227971989807009 2.3259507599418345 0.3125285205647735	0.8401942838617444 0.6078774871749930 -0.2594180890660764
1.0000000000000000	-0.3720146937305865 -0.1025706055562875 -0.5826341740658890	-1.5065114170768037 -0.5725438801653702 0.9324111093215572
1.0000000000000000	-0.1356307971684671 0.1010740523148307 -0.5379092775892107	2.1351910948277673 -1.7549932660112191 -0.0722206651006658
1.0000000000000000	-0.0647171354897695 1.2824586380181449 -1.3577418839858497	-0.1521661427985562 -0.4956668672195397 0.6115515338921365
1.0000000000000000	0.0013112028042819 0.6127862924353692 -0.0852859993762870	-0.0508617283541302 0.4890690593742924 1.6512884960942440
1.0000000000000000	0.5170535799181182 -1.0699654006746295 0.2002417986966934	-2.3881621922935059 0.3644891655901566 0.2488484337592639
1.0000000000000000	-0.0525179060750672 -0.1430763106865599 -0.3076122558977944	-0.9211297251415627 -1.1189210198606669 0.1214013407992560
1.0000000000000000	0.2163461558246173 0.3865272530526005 0.1209602813948127	1.3565619699807303 -1.9895185541938860 2.1717602123469453
1.0000000000000000	-0.2562366786318082 -0.5230987666856259 -1.1201551974684645	0.0952933732263219 0.0292258700642300 1.0187122281345768
1.0000000000000000	0.8520087087028990 0.4433387139538921 -0.6742719937375579	0.0677771689741152 -0.2730026381215206 -0.0851194428634144
1.0000000000000000	0.1736228849683656 -0.2989920493979637 0.4793580654753895	1.7398086197352689 2.5649414134265176 0.0183128291517663
1.0000000000000000	-0.1861558361971482 -0.5995721813767271 0.0621435168987252	0.4509750093340427 1.5432291615027933 -2.1912404516633321
1.0000000000000000	-2.0084973616673696 1.3909498713872661 -0.2644144648545015	-0.0978653903719585 -0.5448265131841608 0.7543448757089792
1.0000000000000000	0.4271788127477497 -0.1129592085083810 0.8988159468566381	1.5845370687236651 -0.6228501736772308 0.1400197396113996
1.0000000000000000	-0.2737993290188710 0.3333794860384232 -0.3955975521123438	0.5904947523203117 -1.0893229203408115 -0.7877531513500058
1.0000000000000000	-0.5853228734062629 0.0768931263200716 -0.1978465990583961	1.3678315357960551 -0.7633334050056153 0.8931686625226705
1.0000000000000000	-0.2294992084134824 0.4227354211226230 0.4700822570310367	-0.1222341473905045 0.3249604285500900 0.2457259359286542
1.0000000000000000	1.4615247612222189 0.7803109118504890 0.6577098995287645	-0.2205024024112897 -1.3746804016401311 0.2336901692200897
1.0000000000000000	0.9585925654805303 1.1369691436430798 -0.5859267845425095	-0.5267918329320480 0.0920999748854544 -1.3086796081779928
1.0000000000000000	-0.2288316878001606 0.0068949285073003 0.2862838528657556	-2.1878874024006651 1.9490660830022710 0.6606262931493162
1.0000000000000000	-0.7794300777645752 -0.6941633581159038 0.4163042639782656	1.8500556521834497 -0.6958116365728754 -0.1070132269679863
1.0000000000000000	1.2668845677544005 0.3738664924850122 0.8496151505032974	-1.4669623019616407 -1.4128933675237705 0.0973508730260526
1.0000000000000000	0.1450951954291808 0.1458799146689156 -0.4934316177202209	0.8631039142555982 0.2702894360673919 -3.0049649613693132
1.0000000000000000	-0.3265425985892038 -0.8890600945928320 1.0516233748197836	1.1041434140795683 0.9071026292709720 1.5097043820337519
1.0000000000000000	-0.0358242567805902 -0.0803471883194537 -0.0408915348936237	-1.7029309218449518 1.6948272660512806 -0.0188535787772566
1.0000000000000000	0.4362310258395792 -0.3644219758462062 -1.8899919009947417	-0.6940629484046675 0.3883537423610100 0.9074926690985963
1.0000000000000000	1.7590853429427811 1.2998300665453419 -0.7064938422685236	-0.1269244204525121 -0.0843105015857584 1.1286212488629681
1.0000000000000000	1.4465353907391316 0.2732753636584796 0.0286608593561154	1.0393909982938199 -1.6069029719547165 -0.4460873088613939
1.0000000000000000	0.4854194553281033 0.9441826110601488 -0.2961569652853756	0.9745202880706699 1.5844157924739803 -0.3897854576304959
1.0000000000000000	-0.7317153264222406 0.4196753667282286 0.7041509734827536	-0.2636068540148335 1.7126819360254928 -0.3339467394437746
1.0000000000000000	-0.9290855900467819 -0.8072111732037310 0.0997482598456213	-0.1536570353067797 -0.4177482531088632 0.8483822677720446
1.0000000000000000	0.3501661454916763 -0.0935103168226649 -0.4465796229252916	-1.3511903799706211 0.9440503853036309 -0.9629430293151962
1.0000000000000000	-0.2952543441549620 0.0963056464046264 -0.7052997486165474	-0.2297649177090656 1.7566232238883679 -1.3664203556360006
1.0000000000000000	0.6546801878256826 -0.1951256969655748 0.9414429744410415	0.7440531389057031 0.4231237756493483 1.5390212930176586
1.0000000000000000	0.2020849134864063 0.3979999936759504 -0.6548004696765818	-1.4989998914925091 0.1006773685443785 -0.0928424550193647
1.0000000000000000	-1.9604430841534197 0.7646156248561288 -0.3650721951937591	0.0069856922806850 1.3677023144771518 1.1883863691238865
1.0000000000000000	1.0028610149472543 0.6198817262395124 0.1003752730100235	-1.6995380435073333 0.1362301241407359 -1.0875132984708480
1.0000000000000000	-0.7047573031933850 0.1048247557175535 0.6819629280861149	-0.2457971867395646 2.0044832962298291 0.5300601967726744
1.0000000000000000	1.7859453223087660 -0.4737229231495002 1.0574051961031115	0.8304862686827632 0.9416442790254997 0.2511171453884217
1.0000000000000000	-0.0452585235242639 0.0091076287138066 -0.1651772473744667	0.6541643139451273 -0.5109844586920818 0.7214450332971843
1.0000000000000000	-1.2735341454041156 1.2345210606851533 0.2144527412557327	-0.0395156619387075 -0.9478477626528621 -0.7756703953730402
1.0000000000000000	0.0888447588032959 -0.2619629506388773 0.3879491062937935	-0.2669489301996301 -1.8588336325605270 0.9469431977261998
1.0000000000000000	0.5611269840770584 -0.1840287384303808 -0.3657126311849743	0.1253469488786387 0.9288976847795489 0.0795244139517221
1.0000000000000000	0.2564836701164173 0.7808423046202175 -0.9443552771788700	-0.9533518258904493 -0.6078957775824052 0.0372048810831725
1.0000000000000000	0.5663704230283514 -0.4599945219953426 -0.0901713810482988	0.8621486011095220 0.3908703630043411 -0.8351176024107339
1.0000000000000000	-0.1945444970429252 0.2330408108904062 0.0532115359472119	-0.9228734855235085 2.0578473256433405 -0.0359838055705884
1.0000000000000000	0.0819608930747482 -0.1010302231278355 0.3911027399523595	0.6188608062295653 1.3125323396372273 -0.1256564473191322
1.0000000000000000	-2.2761200797910974 0.0110289001886140 -0.5352347447073724	0.0890721256410479 0.5503089919445103 0.5572775084385775
1.0000000000000000	-0.0859171839168817 0.2314716744173931 -0.1028348891843162	0.1755173956210536 -1.1022392535716710 0.1218712577812390
1.0000000000000000	0.8044629908493726 -0.5330349254979843 -1.1270692935011690	0.5810958838752961 -0.1783891065846940 0.1049619326359825
1.0000000000000000	-0.0259846992982183 -2.0184493247121398 -0.7291870024975303	0.4843354931200173 1.1400141865697049 -1.3575614916627030
1.0000000000000000	-0.3888426779755671 0.8590415116472823 0.7320486096242670	0.1129849597184629 1.3209625732765256 1.0243003852939323
1.0000000000000000	-0.6462715892781907 -2.9285251353290613 -1.0578702638743676	0.7990521344521856 -0.6443923388002667 0.9072338189075825
1.0000000000000000	-0.3163511219025654 -0.8066182511059145 0.0906295247398196	-0.3298419476628027 0.3413549888659015 2.2868763131965184
1.0000000000000000	-0.0316293503384286 0.6464038508750291 -0.0130823880032557	-1.8441474014738783 0.7274489410787848 0.5060473982941494
1.0000000000000000	-0.8409316207154323 0.9779204575421871 -0.2763076683732409	-0.4005153515469022 -0.5710535953618319 0.0417958849924736
1.0000000000000000	0.0831289159453187 0.6628417876954206 0.8573105130130819	0.6010189337640777 0.4273647350516369 0.8997108399049329
1.0000000000000000	0.6246001121781986 0.9421698790126213 1.2686768887212347	0.1102596840219319 1.0206324778826938 -0.0025425477726273
1.0000000000000000	1.9333520280288192 1.6248518277433266 0.3620257585280381	-0.7662382679742981 0.8253132652340781 -0.5049233596937078
1.0000000000000000	-0.5773963837790472 0.3687471393245333 0.2108652429404797	-0.5541013539363269 2.2810877240669516 -1.2472232203723328
1.0000000000000000	-0.4003894057040863 -0.0272495974382475 0.5515533772121575	0.0934059261810595 -0.0500005204720235 0.1227952368499304
1.0000000000000000	-0.1123748883712244 0.3960541891515047 0.2985877210325136	0.2745994040430322 0.1497171732837914 -1.1774094649352369
1.0000000000000000	-0.3331327318138033 -0.3236635048986196 -0.5828980316002863	-0.7838649067332202 -0.5495712105428548 -0.6294981309594810
1.0000000000000000	0.4271318921293690 0.3371433603830824 0.8115109154111547	-0.8470658216267394 0.4659097423780629 1.1220224351460091
1.0000000000000000	-0.3842475792084756 -0.1466845926959900 -0.1464256765022732	-0.4645395694591854 -0.0709602751437910 -0.7669888955130750
1.0000000000000000	-0.6918368307349834 -0.9237014897872677 0.4929718128311653	0.2795812211295748 -0.7575803707483194 -0.0137758391877043
1.0000000000000000	-0.4542068107488238 -0.1693910243684450 -0.6618377324895300	0.0240746086401424 -1.0676496833991065 0.5852696574515510
1.0000000000000000	0.9749329671024273 -0.2328078335469867 -0.8418981193922687	0.0131814558511217 -0.8938758288222174 -0.1776334925128973
1.0000000000000000	1.4364963405133195 1.0806758643757373 0.8554559219297491	-0.9210366200991739 0.8011646668156660 0.5958750192486391
1.0000000000000000	-1.1484629035226726 -2.3814043177668127 -0.9135626686958098	0.5848681710481960 0.5126375856458938 0.2103094069825628
1.0000000000000000	0.1243752624041740 0.1720341239246149 0.5549665804654349	1.3785603895679124 -1.8753709286037250 -1.2922976881028285
1.0000000000000000	9.4916369605191875 2.9458478171018516 1.1479666862516098	0.2453880128286625 0.2481242000581848 0.2926528928250284
1.0000000000000000	0.9610711896848469 -0.1573861120717461 -0.7603419320773583	-0.1675164544791024 0.1709003457250305 -2.5533087049719323
1.0000000000000000	0.3187588121697074 1.4923866683478164 1.0210097421269713	-0.6054197448111922 0.3021898306265908 -1.0918988276784505
1.0000000000000000	3.8902450058445641 7.4777513236081150 5.7875066416920440	-0.2979803361589696 -0.4804081905425458 -0.0019237049391387
1.0000000000000000	-0.0835574386828203 -0.1881408299051368 -0.0688375751529673	-0.4421137884556735 0.3946393090403152 -1.8702913579925442
1.0000000000000000	0.4232673351006209 1.6987183962444206 2.4523763676195145	0.0724810575702670 -0.2846890234325090 -0.8143671295624315
1.0000000000000000	0.1856030797969327 -0.3315345504721644 -0.0094620326103720	0.0240347367235241 -1.3817930613867853 1.5879790342025688
1.0000000000000000	0.6358546356861376 0.4670448220803769 -0.2914119540924256	-0.2233913564259919 -0.2084103597676316 0.4759435927681592
1.0000000000000000	-1.0830337713792657 -0.1330166667158351 -0.4759604213133651	-0.4599954901196389 1.4342352437389700 0.4572077636935356
1.0000000000000000	-0.6384201301561944 -0.3669596408448257 -0.0522891144458065	2.3239865145293899 -0.4894172941242576 -0.8300060873364078
1.0000000000000000	-0.5530190764880623 -0.5344013590326235 0.1450482281508955	-0.2801301690549529 1.8888215816459888 -1.9704725285547924
1.0000000000000000	1.7139168518904555 1.3807526059826145 0.0394116920987661	1.7400235740553485 -0.1209329297331447 -0.7370395446026761
1.0000000000000000	0.5423786315248987 -0.6365854112065841 0.2160398299269013	-0.1489280518332581 -1.1014224962907775 -0.6554271167273237
1.0000000000000000	-2.3961663606008869 0.0850389667787071 -0.6184843072521065	-0.6366625730472403 1.0935531169155173 1.0105193241197834
1.0000000000000000	-1.1580787739529863 1.4662886516236595 -0.5443511465377973	0.4522164609175113 0.6805880867807222 1.3670684442476806
1.0000000000000000	0.4352705056042011 0.1725791751491790 -0.0044329863177600	1.7820782561075390 -0.3588185476688709 -0.5080889560792453
1.0000000000000000	1.2357650033036773 0.6755303866346887 -0.6624234246583203	-0.2559957329394322 0.1356459376598837 0.3030440920043430
1.0000000000000000	1.9863576011206374 -5.3455733462557182 -2.6155756308013554	-0.0280936702871167 -0.3324911359646212 0.6668473370716381
1.0000000000000000	0.3090502694106881 -0.6040216981753839 1.4607891205207049	0.8693530597659669 0.2237662104683021 1.4001231476218285
1.0000000000000000	0.3262511809523637 0.1507165398687523 1.1331947798002180	-0.5768204188731300 1.5205662084778198 0.4716645992980865
1.0000000000000000	-1.4353124426530262 -0.7695407248619104 1.5003199999404329	1.7253239209308027 0.4025841918591030 -0.1028031816044907
1.0000000000000000	-0.5861048576017459 0.2937379909954912 0.5074887259981931	-0.4913201292672074 -1.4716840150643464 -0.3171125311590786
1.0000000000000000	1.0734840327414938 0.6732636456974255 0.1240413484131890	1.4780844293095674 0.1459193334792164 0.6337476573847652
1.0000000000000000	-0.0181373391371610 0.7968427396135689 -0.8514625291978619	-0.9940018305650409 2.3070846820622499 -0.0313579446511583
1.0000000000000000	-0.8087379531828642 0.2619089183884689 -0.7790633977314930	-0.8906010381815634 1.0259825686193214 -1.1647315440147066
1.0000000000000000	0.4042764040657335 -0.1473648880053613 -1.3451375189740256	0.2102684063715329 1.6163732335551255 -0.5255058682242537
1.0000000000000000	-1.0393774846606607 -0.4572232480573658 -1.4171374298834596	-0.7117038020070000 -0.3263410804924392 0.5531827717640952
1.0000000000000000	-0.1779428790653604 -0.0036028404100857 0.8358722845958237	-0.5529110595429337 0.3766251021818785 1.7839852771590907
1.0000000000000000	-6.1007318598465066 1.6057979678869594 0.0143045513043221	0.1444104196393730 0.7583471653403816 -0.0292975355702631
1.0000000000000000	0.1989019030891203 1.4511459976482719 -0.3326944603564153	0.1005822901497214 -0.4896945582321958 0.6855881826627985
1.0000000000000000	-0.4384491850384992 0.6224033281552623 1.0227817575555238	-0.1872532026986202 -0.7155063177381000 1.4566035360558238
1.0000000000000000	1.1905436115398413 0.4842185670750170 -0.4250918449158952	-0.9013785906523812 -0.1917532080935273 -0.7526119948691499
1.0000000000000000	-0.6309197376298510 2.8470002649330786 -1.4782904623674276	-1.1534851717346910 -0.4980986560292385 -0.3776209466571974
1.0000000000000000	-0.2212891050406467 0.1760621404004871 0.8000259225346471	0.5595864964513545 -1.3203187785788488 -0.1154243879043830
1.0000000000000000	0.1534867923016299 -0.7185141882319951 -0.0466620098042016	-0.4685293846251648 0.9123829821402059 -0.2336468538993785
1.0000000000000000	0.8416367665233049 -0.4418907565888205 0.0564273233204955	-1.2687739143950560 0.6050840566738900 -1.1860800835583893
1.0000000000000000	-1.0983735685383467 -1.4657491378239302 -0.3169266452326038	-1.4587390830979454 0.4124892265560451 1.5015302153549082
1.0000000000000000	0.4120933055321849 -0.0625549599351893 0.5166455661863685	-0.1497087985905536 -0.8520316100560644 -1.6826271735148106
1.0000000000000000	0.4949932948238862 -0.2692197692842227 -0.2604635483693788	1.7124010977280208 0.4704822254264997 -0.5496899982892308
1.0000000000000000	0.2681975246297911 -1.1627985433171997 -0.1936314288473972	0.3488988266712122 1.3980040454226670 0.2419407110718115
1.0000000000000000	0.9024278373209791 0.4299843790222188 -0.1232252890719823	0.4808271976635352 1.1561764034935036 0.2794930520274856
1.0000000000000000	1.2926493035229918 -0.1262846428112341 -0.7405378251757576	-1.3415683601975350 0.3986443136488380 -0.3432376223559291
1.0000000000000000	2.7845831357732109 2.1887368865438899 3.6229235820434527	0.2944567789103901 0.7648479726536734 0.2577797238461650
1.0000000000000000	-0.4328196947693618 -0.3653093261303598 0.1223081426377042	-0.4248953818454634 -1.5710927868389968 0.6384580483445216
1.0000000000000000	0.7550674356609450 -0.2499194314508164 0.2940265921128382	-1.1344499833715220 0.6819156880260392 0.3734677927027149
1.0000000000000000	1.2530285814644271 -0.0099700355181299 -0.5579721891009466	1.3691293171903134 0.7661055092245058 0.4124084070511240
1.0000000000000000	0.4073537616976628 0.0706492973406397 0.4823237551055788	-0.7392487042440620 1.2174329369461134 -0.1265490599386611
1.0000000000000000	-0.5184483985637534 -0.4205471033149069 -0.1837531779142892	-0.1530742090401803 -0.3810427517409326 -3.0574257783776542
1.0000000000000000	-0.5005801026695473 -0.1516628659050416 0.4547320425843062	0.9256523899679554 1.6864029534088638 -0.0627805440035891
1.0000000000000000	-0.4603080251823364 0.4037884302540338 -0.2125459862384372	-0.0053767478133958 1.8578154414327879 2.1543467687336477
1.0000000000000000	-0.1235781097982659 -0.0967271929165730 -0.5141811230551072	-0.3878136723739281 1.1152348803446874 1.7060241146505586
1.0000000000000000	0.0601471021533865 -0.3351221470899154 -0.3350784601238038	0.8198395060253265 -0.6276915088557703 1.9161682487030325
1.0000000000000000	1.3468285234596489 -0.5722420060273508 -0.9677919075660699	-0.4811855504215926 -1.3876361208872534 -0.7672521675034891
1.0000000000000000	-0.2797445956066378 2.1155179738074907 -2.4741752694474402	-1.2868284305494884 0.7950318572439578 0.0361147500041742
1.0000000000000000	0.2400146243000402 -0.0660693902535626 -0.6496273259613597	-1.3109629870791577 0.5564718376148104 -2.2950316079955160
1.0000000000000000	0.6018988149382482 0.4347510587131626 0.3182270868411607	0.5142119163209469 0.0379885906403068 -0.0332993183721542
1.0000000000000000	0.3226250055066145 -0.2862164780906730 0.1900444857024144	-0.3995989928746479 2.6455174991431782 -0.9507617823054554
1.0000000000000000	-0.1343749149635921 -1.2085066070789368 0.0831984405543609	0.2547353048112855 1.3786078662686680 -0.0312040740237248
1.0000000000000000	1.0869397580091915 -0.3502747065655139 -0.0151590151194605	0.7817195167176805 -0.0427402793442831 1.5792655561708822
1.0000000000000000	0.3147471481134410 -0.4403957141032288 0.2462919434084896	0.1330228106258055 0.4536757594883280 0.0712983442834277
1.0000000000000000	-2.2463280972708786 -1.2364770637995455 0.1369686372619910	0.1160580725712175 -0.3320839315738914 0.8760079013716747
1.0000000000000000	-0.4717789239775478 -0.4920111717054112 0.1139030758374823	1.7563818373965241 -0.7782981756998039 0.3616554042793924
1.0000000000000000	0.2849659100054973 1.0032212865672190 0.4053931949992512	1.2129056658258428 0.5358156579873146 -0.0577450310743423
1.0000000000000000	-0.9602573175989196 0.3387746049642457 -0.8859414526674683	0.2954779297166535 0.1793558755431527 1.8239009198233138
1.0000000000000000	0.2462190810531890 1.5219664863887012 -0.4588931300503478	0.6329727239273437 -0.4478652175138905 -0.2097151652023005
1.0000000000000000	-0.4510009097387290 -0.7640283392432848 -0.4587705791574515	1.0484187836509304 -0.3553394068963329 -0.8465885316721650
1.0000000000000000	-0.9218025046036408 1.1454969051694766 0.9997592316153633	-1.1602361405476151 -0.3583385778017115 -0.2479232289605981
1.0000000000000000	-1.5005685144116152 0.4957312560065674 -0.4570952936596246	-0.6918481594316406 -0.3044062663542456 1.2707209869986620
1.0000000000000000	0.3990623826098501 -1.3939256874305230 -0.0530163948346842	1.5934651972135656 -0.1671861222898061 0.2572104972975299
1.0000000000000000	1.0369462467789514 0.8098558549294012 0.6141054151769856	0.6886782210107305 0.9159825235649758 0.5959951885632513
1.0000000000000000	0.7774053375798446 0.8965083541899386 0.6812682486317700	1.0280374043340332 -0.2786548981922469 1.9589074313583841
1.0000000000000000	0.1224976241603044 -0.2084931900499472 -0.4440735673980941	1.4160248876475161 -0.0492360270286944 0.7583652621316080
1.0000000000000000	-0.0131203487494654 0.0899105140655473 0.3109221367339873	-0.5037316970444472 3.1748295332382175 0.0413806610932115
1.0000000000000000	-0.8437202188710669 0.0681429198602431 -0.6014926045195399	1.5368562020911349 -0.8270173763946702 0.7561700888093980
1.0000000000000000	-2.3446404024990977 -5.4450088198881215 -1.9054751959966576	-0.3456921291621556 0.2755806638262703 -0.8173142334578650
1.0000000000000000	0.2776123347768562 -0.4526661721163996 0.5112350914965039	1.5326655944286200 -0.3622921383520040 -0.8251719787292002
1.0000000000000000	0.1897524985870743 0.0991125773403985 0.1635272048129846	0.2584429208859297 -1.3252490258102225 1.8436912195385446
1.0000000000000000	-0.0764423579305443 0.0877284110953893 0.0486635288094563	0.1608180383548840 0.9861715322513427 -1.4473074396912060
1.0000000000000000	-0.8483522916461036 2.2510036066391357 1.5487538550453894	0.2732632574209635 -0.1644244105153937 0.4932925417383848
1.0000000000000000	-0.7160419520966848 -1.8507263308102360 0.1390696866970683	0.9800872108743872 0.6968180137982608 0.4332713526366787
1.0000000000000000	-0.2514716062141177 -0.0176304851771487 -0.9791431999238503	-1.5714426435072710 0.4711841803500713 -0.4119156109024442
1.0000000000000000	-1.2962964389086444 0.6165229960899608 -0.9229358450015995	0.6518649615873354 0.7073499294659050 -1.9309016065913271
1.0000000000000000	-0.0547748344040487 0.1587181577274002 -0.1451567036947464	0.9658173818894258 -0.2397861705852128 -2.2333513904254660
1.0000000000000000	-0.7961262368178735 9.2050815319682204 -0.5499076891157884	-0.4714512116296978 -0.2048432933797125 -0.1651038269116809
1.0000000000000000	-1.1582677765133078 2.9233185469693526 -3.2901325156908432	0.5345478911551786 0.0082156005747804 0.9370529004205724
1.0000000000000000	-0.1851444938376373 0.0082120758882588 -0.4409273238201565	1.0209096530360127 0.7271408881977991 0.5197799095677100
1.0000000000000000	0.9411503898470008 0.8432833836336673 -1.1523685704593021	-1.8912413960618411 -0.0107248450091415 1.0728160823007853
1.0000000000000000	1.6067625380390718 0.3294682310659496 -0.4290124101091677	0.9149025523223764 -1.2561309489649053 0.3612600641583399
1.0000000000000000	-0.8411243203699371 0.9210198342488940 -1.0646738243817622	1.6199225136153110 0.4749817168639486 0.2215198770179447
1.0000000000000000	-0.4124654344601154 1.1813948517257442 1.1179868095629886	-1.0979574606672633 0.3528151786545692 -0.7950876794813564
1.0000000000000000	0.3191168582743114 1.1183593490188333 0.1490246345333164	0.2997853027242036 -0.9537641094860811 -1.1359462510317342
1.0000000000000000	1.4203689454785671 0.6609080386639369 0.3985045334400876	-0.5663169533167186 -0.9063397888342466 0.3821103858765557
1.0000000000000000	1.5667749851903607 0.5664369664535167 0.1459809116304440	1.3111374150987400 0.1817501588762329 0.0218684771044274
1.0000000000000000	-22.2632844503683387 -34.0851299100427951 -38.9251873299168167	0.1784973126703935 0.1129935113229537 0.0563554761700159
1.0000000000000000	0.4636904139505695 -0.3683673288304908 -0.6621579017874176	-2.1579482019587575 0.3849249304964316 -1.3385323708088315
1.0000000000000000	-0.0405821166174264 -0.0273401345402317 -0.2269742631751899	-0.4755827118272870 -2.0086027799501580 -0.5781772326242086
1.0000000000000000	-0.0976621799349491 2.1315013070071318 0.4837019161377772	-0.0783472720241231 -0.3975481453271832 0.5029261372738834
1.0000000000000000	1.6570464962061306 -0.5314780376277827 -0.3423933174573531	-0.1269465017592893 0.7839881212200471 0.5869189859318020
1.0000000000000000	-0.1967061684424149 -0.7477976519540500 0.7294207224723543	0.9331443473456532 -1.3074719013465306 0.2233644081776119
1.0000000000000000	0.3192896169680241 -0.1652613611394578 0.8911348665121801	0.6359278818731676 0.3196371691146814 -1.5824121097084003
1.0000000000000000	-2.5250399435008535 -0.9523270420599219 0.3351876411986717	-1.3526352772691654 -0.4914713753228477 0.1163765464662875
1.0000000000000000	0.4217636161878137 -1.0620976593163043 0.6540838174644967	-0.0540122661249327 0.0426128329827174 0.7106570940889478
1.0000000000000000	-0.2546363851838283 0.8212421888747997 -0.6325032041353665	0.9061417630396166 -1.0166181595373349 -0.2533423135164578
1.0000000000000000	0.2411300259147133 0.5141298817640909 0.2920180326487733	-0.9560168472072198 -2.1695297019501578 -1.3625123092323823
1.0000000000000000	0.0840303777399780 0.8342535101620017 -0.9916189322608205	-0.1241007875282812 -0.8772163255366279 -1.0033179721126779
1.0000000000000000	-0.5149405273890720 0.0682809367659661 -0.3578831331347959	-1.0000012178478423 1.0039238572067897 -0.7631020192261535
1.0000000000000000	-0.7811173367033238 0.7164204994555451 0.3405282888498953	0.3416226142777974 -0.6193313223838418 1.3348292257761016
1.0000000000000000	0.3239356091613828 0.0391832542284157 0.3570171852264186	-1.0954114403305515 0.8361655288739103 0.5610682858837462
1.0000000000000000	-0.2937165119498948 0.5655278170967397 -0.7623710581697525	0.3207201694010584 -1.3732414823584054 -1.8118017620000708
1.0000000000000000	7.8374342969148119 -2.0036873614061004 -5.2686030949490723	0.6966098801313780 -0.8230735428474570 -0.1259454170991260
1.0000000000000000	-0.2304105049803165 0.0891559633714297 -0.2086576361287185	1.0427790697442518 1.4725375345742162 2.7988090863947277
1.0000000000000000	0.0517910935262205 -0.3847350047635253 -0.7069576134000989	-1.6504313584601669 0.1822213983448657 -0.3401983666134260
1.0000000000000000	-0.3395830596932852 -0.2495451689372346 -0.0402790749252149	0.4266092162937491 0.1767872800667406 -1.2764520241440258
1.0000000000000000	-0.6345388118673566 -0.8025636890743204 -0.3374552765674260	-0.9845008932901907 -0.7863038117003692 -1.0803848996594254
1.0000000000000000	0.1304498713407755 -0.1404719368217658 1.0430262944589870	0.4975912216788978 0.2360271598695914 1.8576814732059845
1.0000000000000000	-0.6772131303958354 0.6704550527238479 -0.6394685619952086	-0.8810302452332474 -0.1008405429807315 1.2044709088630736
1.0000000000000000	0.4542788519555797 -1.5022546136577215 -0.6851145916250203	0.2987141549194494 0.5642645305319880 0.2460957826053709
1.0000000000000000	0.3266004322088836 0.1519097642582411 -0.0100065642993591	0.7720495071749608 0.5345678028102175 0.6783908236013966
1.0000000000000000	0.4508513503662813 0.2587504540319974 0.0759796442839043	-3.0965765894506521 -0.0780717166699705 -0.3801236983252796
1.0000000000000000	0.0506151560943461 -1.9900345258139138 -1.6536507046111173	1.0539728531321779 0.3638108251769740 -0.3236634575675449
1.0000000000000000	-0.0856630245601531 0.5263594976160161 0.2535441666975730	-0.2248177083180991 2.2773749678393176 -0.8248167885130222
1.0000000000000000	-1.1322001316481278 -0.3007845887771191 0.3197946544319669	0.3478874548507258 1.1265639407472694 -0.5398284120331991
1.0000000000000000	0.3142152178669581 -0.3163467856690566 0.0328410728527942	-0.8839776199806387 -1.7550171040007265 -0.4210760020068463
1.0000000000000000	0.1975829195812674 -0.0886175962937534 -0.0988009071230389	0.5507938732864333 -1.6074619977510167 -0.5501632311328165
1.0000000000000000	-2.4313324921470696 -0.2182663602954454 3.4024116967785836	0.1100909452958074 0.1973755385570715 0.2478349762546292
1.0000000000000000	0.0813430894546059 0.7138994318853094 0.8712912595675462	0.9909086431522593 0.6644953471969374 0.0781889966695147
1.0000000000000000	-0.2147617568209442 -0.5314706224751210 -0.3774569243744778	0.4917606096547141 -0.9105099219397009 -2.1299889595793302
1.0000000000000000	0.5534445302992086 -0.8148604207869402 0.6036443508018289	1.7067458048053084 -1.4430243313596907 0.0325433351007854
1.0000000000000000	-0.7494618342792153 0.3761540533536190 0.9640740141024887	-0.5465279634011420 -1.2991581197156086 -0.2338733906032338
1.0000000000000000	-0.5218178439938101 0.5968102095402154 0.5952671541307838	-2.3337678055929381 0.3981112659488078 -0.4511547604278355
1.0000000000000000	-2.7167158066511927 -0.3235891520388767 1.5649991103774110	-0.2891308564890728 1.2218883038049395 1.1152330397718069
1.0000000000000000	-0.5122353162276386 3.5996533407233868 0.5738991095145780	-0.2230663056400820 1.1397148725878530 -0.8587826023822882
1.0000000000000000	2.0183673389875922 2.4562189288541734 -1.4966547628101317	0.6921796394946776 -0.2587672998688844 1.2388694869908787
1.0000000000000000	-0.0169234206075110 -0.1183786678549815 -0.0681503115019479	2.2129169176413774 0.7391843618821060 -1.3443406516370981
1.0000000000000000	-1.9520252830863636 -2.3832956533394141 0.3167490601391628	-0.9343767987425609 0.7833724256435458 0.1113080661894513
1.0000000000000000	1.0663942617345623 0.9431563950986385 -0.5721560137080972	0.3944657324504710 2.0928841550273680 -0.7037463689602490
1.0000000000000000	-0.5765067186251183 -0.2819834413706737 -0.1569023884939570	1.3751303794197431 1.6906697107141042 -1.9169029260097630
1.0000000000000000	-2.0943934494469190 -4.8953269687236398 2.3129032063915242	-0.0645553875568721 0.0023024586413198 0.2611122275501992
1.0000000000000000	-0.0667326485173841 -0.0766176911751734 -0.1716895360089141	3.2723436170372788 0.1921645406059168 -0.7864058757566637
1.0000000000000000	0.6467589362342064 -0.6594683223961794 -0.2348493936341279	-0.1762003432996934 1.2196181951378935 -1.4762103939142486
1.0000000000000000	0.0416560902310462 0.5768772678352583 0.1740297665183520	-0.3245922335003402 -1.2660339048846494 -0.5532415332596694
1.0000000000000000	-0.5526479269228390 0.7526295172465285 -0.0322036008478826	-1.3644076152033919 0.3773719563914493 -0.4608588482208730
1.0000000000000000	0.4149404110966833 -0.2397855023571695 -0.1700830119602086	-1.2002025942965706 1.8467242874996597 -0.6190810804790781
1.0000000000000000	-8.3332405090924837 5.5134597394497842 -1.0347929909922251	-0.1548725654930106 0.3755512985486184 -0.3762847233586892
1.0000000000000000	-1.4687474039771109 1.5493143963636440 -0.4573008076386694	0.6913543087428103 0.1614540386613741 -0.9503007884937686
1.0000000000000000	0.4178030400367985 -2.7413774734167418 1.6560875880025081	-0.2988604212040385 -0.2844457747655642 -0.3800427573036388
1.0000000000000000	5.3317033146531667 4.9830900889107426 -0.6396491048165626	0.5988566120176616 0.6191763141721712 -0.3116563161468616
1.0000000000000000	-0.3208241009108865 0.9392824178900038 -0.2891732619613682	0.4158247717706530 0.6817268580620190 2.9640536354409091
1.0000000000000000	-0.5114463392911307 -0.4650610895375345 -0.6787944902197378	0.0195416722544581 -0.4775213919470600 0.6928671133841142
1.0000000000000000	1.3845820935174944 -0.7128048002503685 -0.5036289125263068	1.0183162762312483 1.6252090363191216 1.9198377682385430
1.0000000000000000	-2.1646414117864801 -3.3287164596715222 2.5737801382003136	0.7362897979803111 -0.8243030163096071 -0.5603110206132913
1.0000000000000000	-0.9409325865919896 -0.4783605479472585 0.4430538876618112	-0.4477145841755766 -1.7599335347873000 0.2001996722626445
1.0000000000000000	0.6326152202868469 0.0578076626766195 0.6412927778839679	-0.5454256148537682 1.1231868757893453 0.9873794505456955
1.0000000000000000	0.4744215845712371 -0.1069243071741907 0.3176617871392386	1.3657692525731140 2.9382139456321763 0.5747086512757085
1.0000000000000000	-7.2086066333981416 3.4196598286775486 1.6872133623362053	0.0643278090162622 -0.2995545917543470 -0.1793559775664535
1.0000000000000000	-0.1245201775456680 -1.0782514649633284 0.8418590894243970	-0.0795082793866726 0.7189295000903508 -1.9002347240192001
1.0000000000000000	0.7674527897618221 0.2398825518798504 0.2099054854148860	0.6238291490303226 0.1429497052124092 1.3164539073663484
1.0000000000000000	-0.2956634793431671 -0.2612739092715139 -0.7205769266227110	-1.1750160203511306 -0.1470441596830887 1.4906457363458339
1.0000000000000000	0.3380874775003618 0.2861702202884052 0.0304881302194804	1.8967580925259426 -0.3825581746050792 0.3010313377051783
1.0000000000000000	0.1289723173775284 1.3016021236165451 0.1684699278629036	1.2951339649878504 0.9318939889542480 -1.7907652679076747
1.0000000000000000	1.4163035969959126 -0.2905315336570130 0.3701455870295987	0.5348518582784733 0.7267183149785638 -0.9719208888057899
1.0000000000000000	-0.5711478753790071 -0.6360788505664652 -1.2948905494128704	-0.2194840148606376 -0.1642282478597056 -1.1641056854469023
1.0000000000000000	-0.7172308140667487 0.8173406179815227 -1.6598419976005876	-1.2354441992867753 -0.3749837015209820 0.0537551424367915
1.0000000000000000	-0.3766255746351092 0.4530736148924308 -0.1478540767107846	-0.5777063002449963 -1.7426813700061701 -0.8762389353377302
1.0000000000000000	11.1851357062724546 -0.3037877366968708 -5.1982985195267792	0.2104671455309635 -0.0037373219996998 -0.2030494559189300
1.0000000000000000	1.4951915919145378 -0.3396909301199594 0.2427267746850675	-0.3542955915827480 -0.9046492689674017 1.6072859172995617
1.0000000000000000	0.3571574344566337 -0.1330616242705509 1.8121043550513440	-0.3114411506819636 -0.6957459602831885 1.0259104564470565
1.0000000000000000	1.0925048494719289 -0.5102296523430697 -1.0176762964007036	-0.5288166532757439 -0.5940558417775853 0.3204426878178949
1.0000000000000000	2.7636834286403644 -0.6720396736331824 1.4032907758668545	0.2489896378338848 0.0589784795761000 -1.1417227833455894
1.0000000000000000	0.7887772551299405 -1.9228322147653572 -0.4484170236787612	0.1008944392587140 0.6327239732131590 1.1985365487448789
1.0000000000000000	-2.2539196256072689 5.4156916447508943 -1.8895976028720018	0.5798490554474744 -0.4713473922444419 0.3421099089742495
1.0000000000000000	0.2030098628575692 -0.3161812908908370 -0.0804697022408509	0.1584477924718586 2.0427670578122883 -2.6318393800715789
1.0000000000000000	0.1152191601728644 -0.2777419308159096 -0.0735407762917148	-0.0462645764822608 -1.5705152324211891 2.0931215140209454
1.0000000000000000	1.7301242971695632 -0.4463331821061906 -4.5444488195159236	0.5617077463602818 0.0162912825890357 0.6665737504114239
1.0000000000000000	-1.1426720070233736 -2.6817963164677270 1.0954161778108364	-0.2174387190798087 -0.1650810602022346 1.0421262270982892
1.0000000000000000	-0.0126611178395140 -0.6691379734126714 -0.5355200921318177	-0.5266690290033429 -0.3312626226055349 0.2450991328372780
1.0000000000000000	-0.3007184430984467 0.3735910908422030 -0.3950180808594541	-1.1690606291471211 -1.8984394791225450 1.2227413999159915
1.0000000000000000	-0.5633021683711606 1.0205698647300938 -0.7485097837931738	-0.7258090135544650 -0.5679542270636140 1.4076026375857709
1.0000000000000000	0.0165927089125252 0.0784585869763037 0.5736961994360098	1.8141144872560557 0.2826958007061443 0.4344364921110792
1.0000000000000000	-1.1285048319833639 0.8159934676983674 -1.8637955266486623	0.9876243099679513 -0.4729398600050482 1.1423140243133401
1.0000000000000000	-0.4599836451348094 0.0547031088284368 -0.8958081693464549	1.3201797902847814 -0.2060842384795959 1.4257578070757839
1.0000000000000000	-0.7040414592996938 0.3747041851463865 -0.4933110352776740	-0.1333459234180998 0.0151325786436925 -1.0298814982702023
1.0000000000000000	-0.2987407991948690 0.3866359189207695 0.4813121286222970	1.6716158145102384 -0.1317840094019558 -0.3087695811597839
1.0000000000000000	1.2631078986839976 -0.2146312454437936 -0.7599009057617154	1.2322886019489490 1.7017156778388904 0.8163695869740643
1.0000000000000000	0.0106004221022449 -0.3070251955265698 -0.2824284364779520	0.3279330616988754 0.4724403921116101 1.5461531017076264
1.0000000000000000	1.8710740907036187 -1.3746812643684649 0.1555833992266458	-0.6742644866272109 -0.6177800410614999 1.3592218964818237
1.0000000000000000	1.9530827613704216 0.4093201005422696 -0.7399591105615891	0.1203026328503297 0.9053120923748408 -0.7855609023469634
1.0000000000000000	1.1576319885856075 0.1336078551926437 0.2799463398530673	-2.6343598538056647 -0.4392359222076193 0.5476138960934525
1.0000000000000000	0.5253936171673030 0.5919011906620263 -0.1948419207515178	0.0746464171396994 -2.2400905624998995 1.5156810893500519
1.0000000000000000	0.7603748252355202 0.6307132161621680 -1.3121736496217857	0.2079063453361791 -0.4154098478154475 -0.5108209776210747
1.0000000000000000	-0.0197119447514333 -0.0626913794099967 -0.2947245846509368	-0.0424620959461527 0.3269316924581624 -0.0255861418661566
1.0000000000000000	0.0311573930491123 -0.1921853866731072 -0.0761320003148068	-0.3996403279336998 0.3877115916812254 -2.1680648307652248
1.0000000000000000	0.2658514978390228 -0.9386408352408824 -0.4265017516529861	-1.2115515339740963 0.4241781713083944 -0.3086528502504834
1.0000000000000000	-0.7146914390973863 0.7109487575683636 -0.8960991011287796	-0.7398196759331592 -1.4589252383615110 -0.3710062005651971
1.0000000000000000	-1.1391016570784442 2.1698946029216297 -0.6622283864765242	-0.4313148280335898 0.7519941657761925 0.5596383685601543
1.0000000000000000	-0.9865102661082891 -0.8110674821410697 0.8027520912503647	0.3674144436749254 -0.6067532394879416 1.2905226113907702
1.0000000000000000	-1.3437074046778024 0.4822738704647055 1.7809635374926465	-0.7303343936229673 -0.1325656068668718 0.0540467174987521
1.0000000000000000	-0.2645923506403059 -1.0083905797976878 0.4122838039964251	-0.6697018423518606 0.0205551571381970 2.1804191952381902
1.0000000000000000	1.0489977206911367 1.7437411071638138 0.9484446061768731	-0.4502710019084343 -0.1030215890169014 1.0715563618675354
1.0000000000000000	-0.3632756129817221 -0.1168426124117588 -0.5248610662360356	0.2645197392566274 -0.5532339715717274 -2.4645136447837981
1.0000000000000000	0.4845708354970538 -0.5120925248044682 -0.3252652952775263	0.5520900225996422 -0.3316623234093500 0.9158957715906846
1.0000000000000000	0.1214299555495265 -0.2059791434548835 -0.2608574196862284	-0.7572004998180686 1.3108106588748829 -1.2830261503202747
1.0000000000000000	-0.4124292386041287 -0.0849807784156137 -0.3823108521465952	0.4525568223596024 -1.1866548480068277 -0.7355218769482209
1.0000000000000000	0.0976966082913812 -0.8139862958503001 0.4698656301099520	1.4963115158046381 -0.5403099520723293 -0.5343498470480916
1.0000000000000000	-0.2349036855737246 0.2862468986036432 -0.2732327786011057	0.6032943692256955 1.7528505068942970 -0.1921135408053875
1.0000000000000000	0.3317671592109398 -0.4185959719663996 -0.5062613344159689	-0.3471364366485159 0.8622436774314567 2.0406354339273576
1.0000000000000000	0.3327699196766059 0.4761916406897923 0.0495130105094927	-3.1037352967951910 0.5276120812340080 0.4043430761658396
1.0000000000000000	2.1687539877525572 -1.5811844509685529 -0.9870840901383962	0.3051662477346000 0.4188423382315059 -0.3070164947841436
1.0000000000000000	-0.0892174038173572 -0.1180957757605871 0.4870327425156890	1.3863184970483349 1.9223685522306635 0.6789572927122304
1.0000000000000000	0.6079759546230197 -0.1702773209190322 -0.0631552866699845	2.1739056084254917 -0.6499458727233194 -0.4637759253443459
1.0000000000000000	0.0466486223955736 0.5646120292191182 -0.0257206101801650	0.8834463286041488 1.5323627782842864 0.8385332008827702
1.0000000000000000	-0.5412092541855037 -0.4390107113649180 0.6326488500503793	-0.4865545199029340 1.4829087730150068 1.2062384030381008
1.0000000000000000	0.2414708750168720 0.1572834296183474 -0.0729850800007362	2.5029792411657694 0.3984205296826432 0.3973190411172411
1.0000000000000000	0.5805559236960944 0.5255275659840868 -0.4761937676464653	0.3332486129337755 -1.9564651992563222 0.1096272498334006
1.0000000000000000	0.6661618346957081 -0.5233428937014596 0.6597582938354951	1.3401983986529538 0.4009128587838421 1.1044689824731104
1.0000000000000000	-0.5789220190994143 -0.0004775364928790 -0.3291468745433297	0.4068567032425529 -0.3063479896166841 -1.3535150100947502
1.0000000000000000	0.1808438012497271 0.2404210858237466 -0.2144524256578646	-0.8182925854740336 -0.6985749281438430 -0.5100249311923049
1.0000000000000000	0.1406088107644083 0.5892534432577184 -0.5018821512635154	1.2388668908143101 2.6829134748029237 -0.6931476890940350
1.0000000000000000	-0.1440440874530745 -1.3452425234394714 -0.8513057161805327	0.2639611459075114 0.6889245852181557 -0.6833743530173946
1.0000000000000000	-0.8407115960369685 0.5709930898957256 -0.0954592842141497	-1.5334893043859628 -1.7492554008026537 -0.2714204609004102
1.0000000000000000	-0.1013454330033623 0.8545225313405403 -0.0229942921753282	-0.4884021075721916 0.5409838763957037 -1.5138819082281283
1.0000000000000000	0.7702038705055305 0.0260358134707531 0.7443108154130252	0.4569348152182330 -1.2788683084558286 1.8180668521120449
1.0000000000000000	0.0220847775958917 -0.7924498436635959 1.3204540807863552	-0.1450229135254451 0.0386486066019293 -0.1471739600167885
1.0000000000000000	1.4922411628454644 0.4475369732736536 0.3573213677619391	0.5170883227407934 -0.7202475138955938 0.5834301907725016
1.0000000000000000	0.6242120672357881 0.5539235276672815 -0.4063788983135460	0.3283781489030637 -0.0330114666858961 1.4259827414438802
1.0000000000000000	0.2739977835976197 -0.3248997602215840 -0.0547152823296477	-1.4410214715035847 0.7252309594606167 0.3060918215635434
1.0000000000000000	-0.4365171754985852 -0.9367248935485493 0.0362549435881733	-0.0332068217162031 1.3395080411739040 1.6761289470341649
1.0000000000000000	-0.4541417343178689 0.4597895930694141 0.2972645632646329	0.4741927416601175 2.4196195825847711 -0.3780380368868240
1.0000000000000000	-1.1170168321566347 -0.4826365674632661 -0.3109873139106025	0.8637554348661485 1.6048975603960236 0.3450029072464259
1.0000000000000000	-1.4796192668549757 -0.6029824768394788 -0.7507641943327523	0.4247773964281883 -0.0389800455820644 0.2406986378576215
1.0000000000000000	0.2279556845129170 -0.3429201771094978 -0.0401580252174915	1.0509925444866186 -1.2243632488726572 -2.1067053828033111
1.0000000000000000	-2.4981995278470341 5.5395431604337144 0.1749311943319697	0.5220585908805199 -0.6044277072882116 0.1617159040012899
1.0000000000000000	0.2704611094803169 0.4034735441717293 -2.0766921469061388	0.3453145505824848 -0.3076071817964580 0.5852829258550436
1.0000000000000000	-0.1340850805934463 -0.1443346786364287 0.3699387616859633	-0.0450682010140585 -2.7882791440798691 0.2855741636558576
1.0000000000000000	-0.3863589514133370 -0.2197675144862199 -0.2521032247096455	-2.2156439546206137 -0.7927767755358343 -0.3090778150848059
1.0000000000000000	0.5561455116422421 -0.1519542990172796 -0.0649474522960381	-0.7521124408804951 2.2550066405993490 -0.4420628154527861
1.0000000000000000	-0.0721129417029011 0.9466368295408468 -1.2605587159042935	-0.2021269518949850 1.3579488706863110 1.0797170946026471
1.0000000000000000	0.7067387314555664 1.2512794496434134 -1.5166537879476911	0.5811963456784696 -0.7604813966078195 -0.1762336487754881
1.0000000000000000	-0.0905610425907714 0.0226421364643374 -0.2440501066146445	-2.6537950564567310 -2.6407441077329374 -0.4650949783140155
1.0000000000000000	0.6532413257005373 0.6533902148104493 0.3673972874062202	0.2013046099459207 0.3197119021498037 -0.0959233431872583
1.0000000000000000	0.5561088087540240 -0.1685803768206347 0.5097317100825737	0.6392950971122668 -1.4455764651177729 0.1647715790676769
1.0000000000000000	-0.5282257288909061 -0.1212491642099041 -0.1256631793451437	0.8681732966553737 -0.5852071778380882 0.8201879314143770
1.0000000000000000	-1.1786147739144668 -2.6130769181074207 -0.7941374023505670	1.2283042973736238 -0.4293340381345196 -0.1059279852243603
1.0000000000000000	-0.6661229126567018 -1.1408056011845351 0.4271350150634130	-0.5463891967967697 1.8689053482319160 -1.4687798123873064
1.0000000000000000	0.4855036656734086 -0.2737041372226041 1.2373555871084565	-0.8388111767970541 -0.0458859080268396 0.4410106703742110
1.0000000000000000	-0.1285260064986398 -1.0359794433827338 0.8167265206807129	-0.0095401718598767 -0.6966918850465237 0.3272718274176795
1.0000000000000000	0.0470583293903764 -0.5480983376143607 -0.4685985212402536	1.4002106152401892 0.2389138556061580 -0.0190543531770753
1.0000000000000000	0.4342314437924711 -0.4075546732214355 -0.7406352846449730	-0.9176809684675639 1.3498982406342932 1.0706385644468994
1.0000000000000000	-0.8737851904752747 0.7014709532194735 -0.7635852969325335	-0.5784449428143337 0.9070784588475015 -0.1483490186828424
1.0000000000000000	4.0369514588138156 -0.3825703187088754 -0.4784134586124283	-0.5136166322731234 -0.1888769308957552 -0.2590646112669820
1.0000000000000000	0.1539614601309016 -0.1100707318945389 -0.3042833577128796	2.5917307887733818 -2.2380680040165077 -1.3150010887275698
1.0000000000000000	-0.2692547457411614 0.0582510327062660 -0.6208477600311855	1.7182639618278317 -0.0309503112807818 -0.6509444578915029
1.0000000000000000	0.2375097227384634 -0.1660729793156884 0.1532160229467928	-1.5076615284598471 -0.4479745356979010 1.7416848965948093
1.0000000000000000	-0.0995644443978105 0.8800906648927156 -0.2726314192003569	0.2850694618244673 0.1880115844017219 -1.1547379054445288
1.0000000000000000	0.5214068197764982 -0.4680736919439071 1.2621440404268105	-1.1027956847950178 1.0357576823695669 1.5146575507352915
1.0000000000000000	-0.5348640874208025 1.2376465478645351 0.1371054775011169	-0.0294001696215885 1.4070741914347620 -0.1226596083613434
1.0000000000000000	-0.3639698529489206 0.4433026874308799 0.0648721673694324	0.4338278715433603 1.1759593229272509 -2.9642398747843131
1.0000000000000000	-2.1895246344636843 -2.9445032099451534 -4.9645293534521002	-0.2378084395432629 0.0493983101181604 -0.2311850872706825
1.0000000000000000	-0.1924151357981654 -0.0785610841224990 0.7250187871426713	-0.1467472774245766 -0.7958634889525810 0.1215366088173773
1.0000000000000000	-1.6077477443245849 -5.0834087002900237 0.5185914581735823	-0.7001239106100909 0.2020026313125435 -0.4513528044548933
1.0000000000000000	-0.1864536365757315 0.4480899085204815 -0.1356416778568836	-1.7396013767752554 0.5996141860864277 -0.3635754648214928
1.0000000000000000	1.7509800261855060 1.4285373288877825 0.5178186337272646	-1.1907037151646438 1.2458128506809805 0.2335074595598147
1.0000000000000000	0.9470530953355631 4.4580299141394564 -1.6231015553485331	0.5356966783019758 -0.2042195096315623 -0.4753882765914412
1.0000000000000000	1.4309305543307296 -0.7944767069647521 -1.9157976337785791	1.8314870575858540 -0.8827012514531195 -0.2511009073855482
1.0000000000000000	-0.5865445676274892 -0.6709450093051345 -0.6198017638413255	0.1718593182021665 0.0319710785228637 0.0609568227648828
1.0000000000000000	-0.7494632216636715 0.5489267380208952 0.9708533728607649	-0.0962348898361867 -0.2477071277104121 -1.3056295162260283
1.0000000000000000	-0.5043909291364923 -0.0734478702423622 -0.3276573408700199	-0.7833065366540571 -0.6270514281503965 1.4667968971266860
1.0000000000000000	-1.8740097968425558 -0.8884015004597351 -1.6496870023481855	-0.5224254717815162 0.5076243869894937 0.2117463135247243
1.0000000000000000	0.6783960649319880 -1.3630906432985763 -0.2343291964043453	0.1443131165913185 -0.2510323699052955 1.4531702039196401
1.0000000000000000	-0.2067301208020795 -0.0506858802002615 0.4708412666245175	-1.1953070924257512 -1.7924018475554981 -0.8485482511254839
1.0000000000000000	-1.1073878395524674 0.3654500933050946 -0.5238649459288564	0.4738429217224837 -0.4729019639673832 -0.5643192529916714
1.0000000000000000	-0.9767765252781997 0.2111137591450523 0.9418097949492278	1.3508443605295157 0.1234810018245816 -1.7647299390480415
1.0000000000000000	-0.2780777306670476 0.2643614709644568 -0.3737043487964691	-1.6174003067669975 -1.7742426610360738 -0.9812671313620325
1.0000000000000000	-1.3111297146240131 -0.0121918522017686 -0.7285948595336273	-0.7796284177189062 0.2033015294965281 -0.1271167198368063
1.0000000000000000	0.2613524563366757 -0.3829018679856307 0.3205099705284653	1.3605221130597529 -0.0552500261206249 0.6333872168752370
1.0000000000000000	1.2262462810706032 -1.1857729693642616 -0.5471637665275213	0.5730044137287068 -0.0265063075308721 -0.0144118334737207
1.0000000000000000	0.6061559815327207 -1.7509601384785918 -0.9803824426975086	0.8250999838643355 -1.5538514850808789 0.2190715190420589
1.0000000000000000	-0.7335616091233893 -0.0413954417449168 -0.7583322549825655	-1.3481527535353222 1.2374068380971628 -0.0492032572182075
1.0000000000000000	4.0600729098937469 -3.6091262962268766 5.1063105885299924	-0.4467228705150333 -0.1606414861598810 0.5407435100816225
1.0000000000000000	-1.2171970435419259 -0.2433744025381129 1.8956335391369596	0.1047881460273349 -0.7323958373968295 0.8487390188252040
1.0000000000000000	1.0154960479472956 0.2237740156844727 0.0811556877906567	-0.2812332332161018 -1.8838583018003670 -0.1438794669331252
1.0000000000000000	0.5475085529617675 -0.0895559221371667 0.1168796880389257	1.0501415954727262 -0.4468509485716672 -0.9041301392060315
1.0000000000000000	-0.3464418421516249 0.1627787529374241 -0.1333686101013823	0.5849981592047649 -1.3963130547846487 -1.0424498374535063
1.0000000000000000	0.2158614592449756 -0.6001438629664521 -0.5727963824947995	0.4266384933232840 0.1369000872991549 1.1423286599394178
1.0000000000000000	0.2095105474225684 0.6454894899455972 0.0971800740698351	0.9320763298336739 -1.3747844249592089 0.4620580537061659
1.0000000000000000	0.3368328903825957 0.0686522169463721 0.0019847756243453	-1.4776237109704546 -2.0847324667712592 -0.2360749290226830
1.0000000000000000	-0.0870844222957186 0.2005765441321549 -0.5268199790973839	-0.0273147664507453 -2.1221615073559152 -0.1707363948559524
1.0000000000000000	-0.1619154151180138 0.5561329356874051 0.2795922792381018	2.0547589010716023 -0.5067439988442721 -0.4883809751070272
1.0000000000000000	0.4507273637414877 -0.5607025886310797 -0.0824407709790211	1.5912047709426151 0.3060291946571113 0.2138796884641181
1.0000000000000000	-0.2411253055440110 -0.1185794208305628 1.4029068737559232	0.7362965737585920 0.9186474579137796 0.1739814812624641
1.0000000000000000	-0.3355024544537200 -0.2954031529333279 -2.0318650954504269	-0.0986293197716686 1.3311402491289401 -0.3395553548849730
1.0000000000000000	-1.6473334209397494 -0.2018784236759129 0.0389443657875845	0.4961019340444624 -0.4262553055160746 1.0484193424509105
1.0000000000000000	-0.5018264631178232 0.0629952527013872 -0.0989208472571671	-0.3151011696861791 0.6748253503381748 1.9772627474357560
1.0000000000000000	-0.1587957555206271 0.3674523958971370 0.7153962258967369	-0.7820505464696068 1.9250739182116616 -0.3186397160704538
1.0000000000000000	0.9060107343668018 -0.5919958808568838 0.3257839777555816	0.0956960294091708 -0.2430914129250232 -0.1322821089483636
1.0000000000000000	-1.0479185359560383 -0.2094509390334592 0.0270315282708074	-1.0926938440158733 -0.1993151906667769 2.4875243988842510
1.0000000000000000	-0.1082003809765081 0.2252891971825146 -0.4175619743557610	-1.3282796506788754 1.3625877879175377 1.5709329838104438
1.0000000000000000	-0.9301516711076054 0.4563141245863555 0.2740173681766714	-0.4254920138687351 0.3648694593888964 -1.4756918406533062
1.0000000000000000	0.0132001719205303 0.1678652322786935 0.2223303771312899	2.0032910064407132 -1.7905326246667439 -0.3973522968077257
1.0000000000000000	2.1876466732730813 -0.3565807294899450 4.9226551282473325	-0.7899698235886209 0.0733699794750798 -0.8073618618619052
1.0000000000000000	-0.8102870274606211 0.2318628761429793 0.3096025167902587	0.8410705233584539 1.0807828920432787 0.7071525508058487
1.0000000000000000	-0.1979770508236054 -0.1940128027677794 0.0141010228632342	-0.4267082392487199 -1.6363019246601980 -1.4372744507585871
1.0000000000000000	-0.4403873479931628 0.0720517340601873 -0.1468854740982259	1.2314251315651257 -0.6468212568126965 0.3570316696130120
1.0000000000000000	0.3422287657944775 0.1349725829837095 0.2635037781793824	0.3679746655969877 0.4879578808228685 -2.7954138191088691
1.0000000000000000	-0.1145272331878698 -0.5251917015731012 -0.1739629868326588	1.2686898022590041 -2.0704229917253274 1.1697455342204806
1.0000000000000000	0.3232711556500964 -0.0742041688540126 -0.3732904842213263	-0.9284892461447382 2.0192591991718207 -1.7609666341467196
1.0000000000000000	0.8952411316678246 -0.1386761686374436 0.0474119184731373	0.4766717194852623 -0.3764060703995743 -0.4502435717927420
1.0000000000000000	1.9097975503547548 -1.0503386799550203 0.2834408750873019	-0.4325071848187218 -0.6836414983491141 1.1190957179070009
1.0000000000000000	-0.2654996761434071 0.8991100181060554 -0.1376445139766378	-0.3948764746253476 -1.2657709509753934 0.1443984955890571
1.0000000000000000	0.2614119345345503 -0.2487672331921617 -0.3311848041100916	-1.9725155113879007 -1.3388022091956195 1.9780409035927005
1.0000000000000000	0.3447569174833499 0.7331734091286012 -0.5363684452036575	-0.4865108799022155 0.9469346719835419 -0.0933063385300163
1.0000000000000000	0.0061693657446506 0.1285148552159256 0.4326334648892035	0.8363425732358020 -0.2287174323834835 0.2151405104542286
1.0000000000000000	0.4003566674114030 -0.3058193245537104 0.6400184860977040	-1.5698199233839338 -1.2616285998700576 -0.3818483713474474
1.0000000000000000	0.2980588349394715 1.9275844186935898 0.7485645184379642	-0.6383748128955899 0.7229268855278860 0.8298805222754906
1.0000000000000000	0.3439255709078130 0.1725731064072452 0.1673700582394269	-1.8846657286196495 1.5981820296238456 0.5648352964193106
1.0000000000000000	-0.0521862161066461 0.4734903554062233 -0.1721640308099506	1.3503960808173867 -0.3271489525119967 -0.3133711090028095
1.0000000000000000	-1.1660753827606540 -0.2580867505263196 0.6871019230384856	-1.0730654943604314 -0.6603507971543155 0.1790593503946694
1.0000000000000000	-1.1046571974894372 -0.3406684655902849 -1.1046961925818237	0.0975224239837683 0.2104630916834688 -1.5276445167597577
1.0000000000000000	-0.1407128004988251 0.0487092685724347 -0.2108804117296612	1.5042389639872418 -0.8401881324241265 1.9095110077929307
1.0000000000000000	-0.0200574043272802 0.7361255815365850 0.7660731897884490	0.2573027405599001 -0.1733698019666563 1.7881858615534776
1.0000000000000000	-0.2029446356879941 0.7264591255275672 -0.3214647433772077	-0.3220290223891482 1.9347865571060623 -0.1419741778037178
1.0000000000000000	0.2717347317549484 0.2840430691567894 0.4432405759785393	0.5337757078140021 0.2758050566772293 -1.4193714797186325
1.0000000000000000	0.4019983672903713 1.1868169835380589 2.4104731410120688	0.5254788012994044 0.4448814311682116 1.0804472969843120
1.0000000000000000	-2.0164330039192082 0.9893689903507937 0.6877737643189256	0.6839565242255418 -0.5112860555816682 0.0304095888632828
1.0000000000000000	1.1015994015453738 0.3029869044704124 -0.8073670356878684	0.6147317655435507 -0.8071637814698098 -0.6848839783601084
1.0000000000000000	-0.2976800830160782 0.2276022249811203 -0.3859548042560121	2.0291858657810864 -0.6548215033236495 0.9304807326127154
1.0000000000000000	-0.1992580762138587 0.2103909107578610 -0.4284695903289066	-1.6901449237384780 -0.3746997350094388 0.1871477048207670
1.0000000000000000	0.0089297364457473 0.0217987211337864 -0.0320948110866061	0.4537998408476918 -0.2699875227586208 0.5695069733926621
1.0000000000000000	-0.4038322693635895 -0.2291015051067954 -0.0677392336791287	-0.6129109706236093 -1.5372260147999073 -0.0605234393960273
1.0000000000000000	0.7848096069329502 1.2409572739230033 0.6255136993710391	0.1375160303188238 0.0148383722864758 0.6561955326146067
1.0000000000000000	-2.8208129630521093 2.8984866073569080 0.1700863941573112	0.7171283297748600 1.0511502218228879 -0.4494230937719311
1.0000000000000000	-0.3139963876534265 -0.0173798597999627 0.4310622132396402	-0.1317030672200498 2.0539448028656628 -0.0943510637412153
1.0000000000000000	-0.3375938790720614 -0.0140068110723964 0.1518146081748474	1.5494706049634750 1.9912574230129070 0.4808321313500036
1.0000000000000000	-0.7080461035862053 -1.5449626143043638 -0.0582752140204509	-0.0648845642581489 -0.6806897730820953 0.0674426231394520
1.0000000000000000	-0.7834701772199287 -0.4664181015960310 -0.2513782405557687	-0.4821740113653769 0.1443328231751393 2.6237691096589568
1.0000000000000000	0.8014327993820551 -1.0697322918039354 -0.5921208660191700	-0.3485874136852153 0.4195465677516382 1.0190032959451112
1.0000000000000000	1.1604924363066074 0.0284550689757289 -0.1886919847751904	-1.0125183346296276 2.2631327839357027 -0.3789957796935569
1.0000000000000000	-0.6214025716083132 -1.6219334509336201 0.5508011041563146	0.2515899116890452 -0.6652034043104201 -0.3997504846746813
1.0000000000000000	-0.9148970883074770 -0.9822908729290286 -1.3208499294119083	0.9396065043051310 -1.2813255028606376 0.0870120006113806
1.0000000000000000	0.4340397095783861 -0.5471024973493418 -0.7384790187302531	0.8491035672486599 -0.9430435201730668 2.1730510699621273
1.0000000000000000	-0.4550194185699897 -3.9508751905948678 -1.5019051068523663	-0.2102500894115164 -1.2056348885372632 -0.1381370224428320
1.0000000000000000	-0.6878980778912702 0.8038119220611633 -0.0555857075005004	-1.0334776647559774 -0.7692248314326366 0.3472860476316376
1.0000000000000000	-0.2227138449479533 0.4966705310112983 0.4040296071359601	-0.5575005941849246 -0.3849868544845395 0.7555850717493264
1.0000000000000000	0.6116650261520319 -0.0656977808607539 0.0446963047406816	-0.4321681756725375 -0.8291296411554834 -1.6168457137618006
1.0000000000000000	0.8167486575361725 -0.2460788386550878 0.1294192851110677	0.7626908554780450 -0.1129328587869660 1.5754186033962281
1.0000000000000000	-0.6970823814636115 -1.2841127008300748 -1.6926505428880869	0.2603131468640691 -0.3340345079341214 -0.5114918771415873
1.0000000000000000	-0.0874289019126064 0.4701747087861952 -0.1458500539680760	-2.0825915750139519 1.3833936152754098 1.5418679506564137
1.0000000000000000	-1.0971931933561108 -0.9618564112198801 -0.1429341882415304	-0.0306769915250810 -2.0850175814682332 0.1024901187527778
1.0000000000000000	4.3848742208115343 -2.0374735240588087 -1.5253878294343071	-0.1830227853739610 -0.0618957988959079 0.3667943551177247
1.0000000000000000	0.1759817759132281 -0.2106605834202586 0.1417964619785619	0.6728860635407485 0.0198582097583574 1.3750950409848077
1.0000000000000000	1.0475834414990521 0.2330593203161665 0.4367708694251268	0.1575172096524374 -0.8401175563891548 -1.7570028649455123
1.0000000000000000	-0.8549866664253652 0.5258118584241654 -0.7717472016736510	-0.9788125391957597 0.8046648361210103 1.0820507018449608
1.0000000000000000	-3.2695719246573667 0.9280652860467983 0.8322441696745191	0.1329648937315671 -0.3080946283624780 0.0277941347388538
1.0000000000000000	1.0777567779403927 0.8888649715843943 -0.4675203171870998	0.3116145640061437 -0.0161364237624649 2.1223532199918651
1.0000000000000000	-0.1338379906525749 0.3551959950223402 0.3468433241676578	-2.0714314504088294 1.4242260699812082 0.9266045851847970
1.0000000000000000	-2.3359613596966473 0.0383393193336469 -2.6777099070597035	-0.5146821573816560 0.7128405628662716 -0.7368838011013926
1.0000000000000000	0.3855301534836796 1.4320714067279863 0.1566787649690920	-1.9226089624962845 0.5731368951626870 0.8838230536223348
1.0000000000000000	-0.4136902682365347 -0.1897722461110751 -0.2505411639194653	-1.8477092658636318 0.6705086954021749 0.5238371950029003
1.0000000000000000	0.0717799577316792 0.1920056025717914 0.2780246803525909	1.0235691224864563 -0.5872020085496922 -0.8222130151775434
10.0000000000000000	0.0626042430371746 2.3110848049069674 -1.5214558912794125	-0.1473766069666355 0.0967226132651750 -0.4133452398427049
10.0000000000000000	2.8412137555128147 -2.4656720905757723 -0.7312929548421661	-0.7164848526788784 0.3108981802465061 -0.4359824325084684
10.0000000000000000	-0.0000799867023718 0.7779294094607513 -0.8031574579942807	0.6729847450840523 1.2032321171331593 -0.0300342001783770
10.0000000000000000	-0.2607419847331374 0.2757317738070953 -0.1354206664295283	1.8940530517701430 0.6306552322859074 0.2056157698994334
10.0000000000000000	-0.0529981526838526 -0.0370482409742507 -0.7226272372517253	-0.1727641202778017 -0.1591300081290477 2.5228467021854417
10.0000000000000000	0.1829007702027654 -0.1112521303776814 0.0561148963758013	0.8701309788644217 -2.0390083072778498 -0.5207110327268124
10.0000000000000000	1.0846728848977742 0.2628358172094194 -0.1701225813848411	0.6639653940805592 1.1067057685521779 0.1057280404135646
10.0000000000000000	4.3269738323584068 -3.6804993730975206 0.8566687089576249	-0.5887406124555680 -0.8724137961017658 0.3812326244358059
10.0000000000000000	0.0006920708074763 1.1155357948723117 0.3890763544288682	-0.3619421836464566 -1.6940669782194859 1.1365735094187068
10.0000000000000000	2.1975387617569688 -0.3097038411700755 -1.2473097842053782	-0.6674993820780121 1.2138736565062647 -0.2571870430572197
10.0000000000000000	0.8865867926472810 0.4651539309389374 0.0490117472821361	0.0354642360883236 -1.1556349619428357 0.7561012217583041
10.0000000000000000	-0.2061385207456316 0.2157658808995559 -0.1330933509290376	0.4869701767302185 0.9898460834690126 0.0833310200081186
10.0000000000000000	0.2976768672050953 0.1508394127665627 -0.3004661944419473	-1.5363992156524593 2.0239663906586518 -0.7928940397011389
10.0000000000000000	-0.7779359218200744 1.1362922084889222 -0.4880626882032699	1.9224630618163479 0.1394510814683867 -0.2480288366827774
10.0000000000000000	-1.4482758107309555 -0.5604111371524585 1.5846765159906853	0.2379925231619086 -0.1395310971435523 -0.0313497297776144
10.0000000000000000	0.8894386008308461 -0.3375002477548000 0.6645328920994898	0.9944075972144174 -0.5700600168535547 -0.7988780551452789
10.0000000000000000	0.1639658765953788 -0.1115230083038499 -0.2169309127324489	-2.0991232342430144 1.4577097418045615 0.1749260682189685
10.0000000000000000	0.0979844640728078 0.3072297202028187 -0.3661394334418108	2.0856531401267411 -2.1650175644377558 -1.0974865238902440
10.0000000000000000	-0.1611000303965594 -0.2334225785141706 0.0441675938882793	0.1455533691970344 -0.2408669124348556 0.6785061449875057
10.0000000000000000	-0.3974109683214986 -0.3531030645882333 0.0421255323768563	0.8280700728978284 -1.0517159690065074 -2.1110110414593328
10.0000000000000000	0.6737458232476514 -0.8005763280054117 -0.3637659790721065	-0.0712759490137870 -1.7800096649327690 -0.3504422980693748
10.0000000000000000	0.4582892830399360 -0.0395431175859229 0.3651174518396177	0.8219621827418224 1.1490841074640050 1.7265727317313104
10.0000000000000000	-0.1277851721486286 0.4413517745052640 0.3179330994641025	1.7147490768809175 -0.5474785851930376 -1.2664060986430574
10.0000000000000000	-0.3425696078297601 -0.1104340303380786 -0.1105104531671435	-1.9601182812562374 -0.4182825432019251 1.4799267248680730
10.0000000000000000	0.0314534738811176 -0.7577723068896201 0.1031589626714729	1.5131260310815504 -0.2178436572056994 -1.7124827192757335
10.0000000000000000	0.8788045038928423 1.0493498754881330 1.3604701207302543	1.0519562604356247 1.3000441496320492 -0.1541912239753745
10.0000000000000000	-3.3245480547681692 -4.8932270371457962 -2.6616816182145784	-0.1990141051753937 1.0374257236768432 -0.0513416222322595
10.0000000000000000	-1.9658829751088021 1.7479406912728916 0.8271681555226675	-0.6421870025536247 -1.1630002082280639 1.4669467686473823
10.0000000000000000	-0.8222045852720656 -0.3194108426101464 0.5961621170417534	-0.8262819749066048 0.4493955286783872 0.6434313069589154
10.0000000000000000	-0.9751555844774790 0.5173763269953749 -0.1024227411744174	-0.5752137928616563 0.5332027493865820 -0.9176234298123620
10.0000000000000000	-0.3325159887867722 -0.0588583946128702 -0.4030657280553295	-0.5459490571253993 -2.2256828462812561 -0.9288099352956827
10.0000000000000000	-0.4052951136984489 1.5268293027205233 -1.3843243246113959	-0.0963918014620169 -0.3803349797296058 0.9753000907856462
10.0000000000000000	-1.0772694090375348 0.2535686982614732 0.1623229149002267	-0.2096044165886317 0.1590092086571457 1.0740479045469793
10.0000000000000000	-0.6084816282241337 -0.1139989499100080 -0.5058711925377426	0.4953518133130000 -0.4129402855866026 0.2103383914279832
10.0000000000000000	0.0687311712592078 0.1035187351370146 -0.4105197080423774	-0.0871187765413907 0.9490109424930974 -1.8132090368890998
10.0000000000000000	0.1147758293554427 -0.0398624157459262 -0.1475881094206633	-1.7468938957351503 0.5948118228944429 -2.7061986031931959
10.0000000000000000	0.2048418968792062 -0.3481829582848750 0.1409505740708996	-1.1342327358685582 2.0052894234704630 -0.3837579034015786
10.0000000000000000	-0.4410724780438808 1.3158684210873721 0.2075514328265569	0.5412286522209914 -1.1292447786210775 -0.2142476347971187
10.0000000000000000	-0.2095903856479747 0.4253756419528538 -0.6554707799478093	0.6248145678861562 -0.7624225500838805 0.4183036509957935
10.0000000000000000	-2.3375684739396925 1.3328674233091087 -1.1503356269424039	0.7818505511860692 0.3850679401088574 -0.1653485665851194
10.0000000000000000	-0.0508322129591629 0.6625407478837858 -0.0451615598009740	-0.4843709782420917 0.1465162628332580 0.2724344908209956
10.0000000000000000	0.7770387052603646 0.5002947260797392 0.3018225947360638	0.0416149796715202 0.1759451102716542 -0.2884092292093610
10.0000000000000000	-1.1254094316818122 0.1049317252695178 0.6895683040301799	-0.1228713859265954 -0.1471476303501090 -0.2100646535947318
10.0000000000000000	0.5498311715735440 0.9713379002954443 0.1674646770658875	2.0428746578246786 0.4590411816193750 -1.3754852394250929
10.0000000000000000	0.3631045506947483 -0.3212205961933834 0.4919241179407101	-0.9689816761236414 -0.1927207105199963 -0.6245399937734724
10.0000000000000000	-0.2001735907994948 -0.5988015273179947 0.0082036525342610	-0.6018401902119194 1.0219331003824412 -0.0651928710336943
10.0000000000000000	-0.7203783581340172 -0.6837282496014538 0.0534205055022677	-0.7971233338880787 1.2915970607852711 -1.2886565733685844
10.0000000000000000	0.3926110473445532 0.1752438263563879 0.6139992239867968	-1.2257833986124247 -0.9844819018824204 1.4090924410211836
10.0000000000000000	0.4017329170458813 0.7538873617287059 -0.0980336708070964	-1.0142405690106786 -0.9791588517100208 -1.4304312618326722
10.0000000000000000	0.6393221305326175 0.6111500351640256 0.0918966749164317	-1.5323452643013393 -0.2224651021912619 -0.3438300428046046
10.0000000000000000	-4.0699717395861308 -1.6917611453852393 2.1956995044649519	-0.0659988867091116 -0.0094921615105098 -0.6165675129744991
10.0000000000000000	0.0603979273206228 1.5776869417447572 0.3294471649924243	-0.1945134115264566 -0.9915035255423998 0.1247122217330694
10.0000000000000000	0.0380823656059347 0.0831973777653466 0.1685523773428507	-2.4178159807787787 0.0446333625601588 -0.5325412458985493
10.0000000000000000	0.1201612588998374 0.0690221470916317 0.1446815688159049	0.3060551905988290 -0.4513048844596837 -1.2496570462264056
10.0000000000000000	0.0266920469891454 0.3223103662982927 -0.5366853647817268	0.6727011462694147 -0.7984243801937108 1.2381609622639800
10.0000000000000000	0.2287971100665348 0.5177340470615127 -0.2275812137251663	1.3246701994408858 -1.4515121559985749 1.7050051339901677
10.0000000000000000	0.2309656213183792 0.1750334749680373 0.1870741831803981	-0.4344117238892141 0.2897367283508281 2.7247172345056803
10.0000000000000000	0.9441777188924584 -2.7726126989349815 -0.8226199927794260	0.0478803947435458 -1.0938599093011112 -0.1443020416915489
10.0000000000000000	0.1392363202786876 -1.0775669553534193 -1.6392893176899273	-0.2901815794835944 0.7273274172689027 0.5902540756395849
10.0000000000000000	-1.2678357167100933 -1.0234949119787269 0.9874320873120542	0.4066499109635366 0.1621567722371744 0.4394243278386784
10.0000000000000000	-0.9287378856559285 -0.6648311429092943 0.1455645156239653	-1.4283234197819570 -0.3136526616846608 2.3545289575502375
10.0000000000000000	-0.7321190939316102 -0.9766809611712526 0.3137058337377677	-0.6600735919445390 -0.5008327931820687 -1.2214081936781644
10.0000000000000000	0.0430000445557177 -0.2608699065584088 0.5084982260336653	-0.3307834911398108 1.6092201159051633 0.8820465467397585
10.0000000000000000	-1.0418417383022154 0.7223302913568008 0.3489165358716902	-0.1207358965845659 -0.8444624485010277 -0.3288024022757405
10.0000000000000000	0.3414358536975262 -0.7612916002640645 0.2010515180868637	0.2669835784098924 -0.4390609427049122 0.5823545205537465
10.0000000000000000	-1.1771507358199600 0.2091003441613706 -0.8193869749923336	0.5094328210658761 1.3742817062729247 -0.4281357844145110
10.0000000000000000	0.2622390548782587 -0.7635891713728309 0.3244011336844513	-1.6768588794502424 -1.1248122863680996 -0.9213367027741447
10.0000000000000000	0.5862595072792548 -0.3470938085691891 -0.1659404719715798	0.0387506267733901 1.6817027733364838 0.8536341695269406
10.0000000000000000	-0.1224537621604675 -0.1259464744874156 0.6702607471414521	-0.3071665798707574 -0.0199362303335498 -0.6632318166636292
10.0000000000000000	0.4618329474626000 -0.4291956227384770 0.3603395132747041	-0.5360535726454970 -0.0194120270145869 -1.8049061344255093
10.0000000000000000	1.0787603302540953 -0.7847179466300489 0.0040605502888279	-0.2198181597299476 -0.3794870534578061 1.0168527460513426
10.0000000000000000	-0.4979764731103752 0.6159844603245540 -0.2909420706556887	1.2010552541302362 -1.3777550566816197 -1.3858177715000839
10.0000000000000000	0.4094863752966448 -0.1691646654900564 0.4341070734323702	0.1259331735608968 -1.7827277549226266 0.2207825104083682
10.0000000000000000	1.9270819233579060 0.0698425595286922 -0.8005464051097687	0.2178595850682880 -0.0110842705208005 0.3911873685475022
10.0000000000000000	-0.6557720004980222 -1.1810587873473750 0.0458788705265408	-0.2268720035127720 0.6771409071032188 -0.2099250982884215
10.0000000000000000	-0.2190139488236865 -0.0224165842764772 -0.1397590457834382	0.8717007655752648 0.4848798108746507 -0.7809988573077931
10.0000000000000000	0.3591681808218165 1.4323951933683925 2.3220179787261852	0.8036577618905993 0.2703839453465022 -0.6020097874522206
10.0000000000000000	-0.2498033519011267 -0.0492513042678839 -0.2668027324506999	0.0726534454966962 1.8208793375971448 -0.8092536708164522
10.0000000000000000	-2.1459593617555166 1.0333251879246381 0.0336241382386914	-1.1034180692888367 -0.3949758328338911 0.4496694583569458
10.0000000000000000	-0.6666973435092068 0.7358525255203000 0.8200993334481901	1.4104958432048411 1.2278620510328977 1.7437597448761881
10.0000000000000000	-5.1822643590631232 2.5397251948125907 0.1483295946374800	-0.3273147947721693 -0.6436344121956604 0.0823196442398772
10.0000000000000000	0.4472863622298298 -0.0192397263014103 0.2077280848175574	-1.3094930619754113 0.8212794203010261 -2.7194267956578604
10.0000000000000000	1.9068746100976257 0.0511825020947193 -1.7392242557935307	-1.0776497870546649 -0.3501708208662551 0.2174579654817831
10.0000000000000000	0.0931659116183171 0.2997781969746666 -0.5179046360103055	-0.2544230336528441 -0.6000627591599900 0.2786316531078638
10.0000000000000000	0.2966300168957350 0.4596367475165056 0.1634040655926034	1.5034470435695486 1.0351724583952502 -0.5159175178396359
10.0000000000000000	0.5235327670144339 -0.8475956224781821 -0.1406843457577855	-1.2051150814670146 0.4770432866435136 1.2971923100317255
10.0000000000000000	-0.9643773658963178 0.1618600021777659 -0.2871773902477522	1.8909528450890449 1.8492725416088445 0.7777407834817225
10.0000000000000000	2.0763153602948750 -0.0432909023084864 -1.0970031267871141	0.1192672093328305 -1.3953271597848078 0.5435134409508636
10.0000000000000000	0.1665416125481931 -0.0529040482273876 0.1950166512669972	-0.7505740458268176 2.3185023903926427 1.5665782928662606
10.0000000000000000	0.6317379577264362 -0.2933004073435321 -0.1888038546104274	1.3468113011199654 0.5715821745344937 -2.3796087908390735
10.0000000000000000	-0.2177957553403651 0.5073080993448166 0.0818946968987894	0.7216921416622654 -3.0762259166948458 -0.9881031618326697
10.0000000000000000	-0.2890037246693442 -0.4505614789584401 -1.1194508213567249	-0.3665091349469779 1.3210736376479266 -0.8855662236170390
10.0000000000000000	0.6417535372625324 0.1817453544231407 0.3602826175577195	-0.2576227331126722 -0.1475487909519179 -1.2731765050695296
10.0000000000000000	7.5546585203086352 -4.6642979079537321 3.1745255697705459	-0.3406661335754514 -0.7333623688667597 -0.1260225617939739
10.0000000000000000	0.8282433387236663 0.5581510352587085 0.6684062516516027	0.5429945790153790 0.5186701882838817 1.4728166788339319
10.0000000000000000	-0.4886532306158721 -0.9516204765299884 0.3001795746618225	0.0066815439145300 -0.3361621022926395 -0.2764039489912125
10.0000000000000000	-0.7278152594911428 0.1795298877247224 0.5386307751975938	0.9625711232975297 -0.7630656456779950 -0.3905410510040450
10.0000000000000000	-1.8115419552705876 2.9745754477330615 5.8409033741432870	-0.1440148148667159 0.5565433705387685 -0.3206930296860470
10.0000000000000000	-0.4578133540407138 1.6680806664435661 2.1563498876286995	-0.3585886384759043 -1.2879226997630053 0.5939302557726608
10.0000000000000000	-0.1263210036054613 0.2082334818276791 0.9267408386694902	0.9982893807134985 0.7926257164180198 -1.0294874331422272
