0 1000 0
1 -0.715569098016162 -0.236386930191582 -0.432169728000325 0.075539592437697 0.61840730317499 1.29075055418048 0 0 1 0 0 0 0 0 0 0 0 0 0
1 0.0489220584673816 -0.0855157848252709 -0.290408584765387 -0.0529620291753853 0.579473738639804 0.573650732266339 0 0 2 0 0 0 0 0 0 0 0 0 0
1 -2.97317698302111 4.36628970683147 -0.0344829289414413 -0.388426586281712 0.466665058189045 0.0136101121642441 0 0 3 0 0 0 0 0 0 0 0 0 0
1 0.124945614144498 0.301051724381585 0.34920728688672 1.39117010202782 0.868143359276381 -1.34380724082364 0 0 4 0 0 0 0 0 0 0 0 0 0
1 0.701207457346563 -0.58882209159763 0.382000943089378 -0.419473658778616 -0.338131070147044 0.567005959313435 0 0 5 0 0 0 0 0 0 0 0 0 0
1 0.203822849483381 0.330421457977601 -0.184862160370521 0.194087375778843 0.0715555718726122 -0.294721761255084 0 0 6 0 0 0 0 0 0 0 0 0 0
1 0.186285431966942 0.10739205575606 -0.523521641436362 -0.0298418563284033 -0.519325051367063 -0.227394986437942 0 0 7 0 0 0 0 0 0 0 0 0 0
1 0.0576253806253817 0.341022121678009 0.268556038288546 -0.378906564473773 -0.430690346416541 -0.302107029076309 0 0 8 0 0 0 0 0 0 0 0 0 0
1 0.513626293030111 -0.666424553958946 0.280761246144907 0.193253821925078 0.392679018651053 0.02946927088911 0 0 9 0 0 0 0 0 0 0 0 0 0
1 1.37020686554745 0.836338037980326 -0.0266382974761354 1.84770897597546 -0.316814393558259 -0.322601013527865 0 0 10 0 0 0 0 0 0 0 0 0 0
1 0.596427314703415 0.491996131847555 1.48045233620442 0.132498767580368 -0.607433999928031 0.406520534723317 0 0 11 0 0 0 0 0 0 0 0 0 0
1 -0.116562744591081 -0.0815079302383507 -0.300802873377335 0.00117771604376992 -0.89344304926913 -0.734387050748435 0 0 12 0 0 0 0 0 0 0 0 0 0
1 -0.636636092132439 0.921353019489657 0.20807674738782 0.121559058358638 -0.445481148205037 1.28529994064206 0 0 13 0 0 0 0 0 0 0 0 0 0
1 3.57863490948436 -4.05024134306772 1.90934158453708 0.0192532412544649 -0.0800347547644998 -0.139835657741186 0 0 14 0 0 0 0 0 0 0 0 0 0
1 -0.462409686591336 -0.59592028509079 1.10297197747195 0.697610990378525 0.620950749195339 0.206847940842432 0 0 15 0 0 0 0 0 0 0 0 0 0
1 1.21317596626326 -0.906737122801555 0.691360016403647 0.0159550148435522 -0.241803831026098 -0.890219957815154 0 0 16 0 0 0 0 0 0 0 0 0 0
1 1.20532079617746 0.752359389637245 1.42125960189618 -0.762537060078045 0.871364388271866 0.978688928181889 0 0 17 0 0 0 0 0 0 0 0 0 0
1 -0.0902724875145869 0.727473594254688 -0.364636592077923 -0.305213831928235 -0.748535303896345 -1.11219173000023 0 0 18 0 0 0 0 0 0 0 0 0 0
1 0.178236165274876 0.379801815770171 0.181677866132935 -1.65039596965178 1.11306688779296 1.04537615671987 0 0 19 0 0 0 0 0 0 0 0 0 0
1 0.192118615169614 0.724867403116021 -0.269763182979236 1.10988813134386 0.620979011147738 -0.536332190125281 0 0 20 0 0 0 0 0 0 0 0 0 0
1 0.348339285317624 -0.0107302800086994 0.322905516333132 -1.72180593033317 0.9019318175783 0.799319031384871 0 0 21 0 0 0 0 0 0 0 0 0 0
1 -1.57315839097906 0.708386198106969 0.510677748790085 -1.27209758028828 -0.860746100860616 0.502128264580905 0 0 22 0 0 0 0 0 0 0 0 0 0
1 2.00422239659904 0.84006969586639 -0.379328718194203 0.0188629612049654 -0.312607818510197 -0.498460459117975 0 0 23 0 0 0 0 0 0 0 0 0 0
1 1.20499366634172 -1.54588236329619 0.757572031887161 -1.1594190659131 -0.362101053451234 1.16202272550493 0 0 24 0 0 0 0 0 0 0 0 0 0
1 0.551420809303155 0.44832542918908 -0.11552958065206 0.141582085085389 -0.309386734569323 -0.654207068879536 0 0 25 0 0 0 0 0 0 0 0 0 0
1 -0.0283692515400232 -0.0300378348741304 0.489988604114983 -0.650684164592915 -1.00595703819275 -0.571359009118904 0 0 26 0 0 0 0 0 0 0 0 0 0
1 0.152569079990365 0.179824715007938 -0.111224576403189 -1.56424728626798 0.848710932975816 0.741373790868983 0 0 27 0 0 0 0 0 0 0 0 0 0
1 -0.205362951685906 0.230315059073518 -0.663117848579898 2.05060773732047 0.178688745462394 0.985548504559201 0 0 28 0 0 0 0 0 0 0 0 0 0
1 -5.07041569242756 24.0101047519731 -3.01158024106134 -0.13751871504756 0.170565777336934 -0.21312149863304 0 0 29 0 0 0 0 0 0 0 0 0 0
1 -0.0166046921508659 0.803085993440232 -0.518542513247786 -0.412256584493391 0.0861746192611832 -0.772719264067843 0 0 30 0 0 0 0 0 0 0 0 0 0
1 1.31452113249902 0.203844094521716 -1.00883576311572 0.268710837880195 -0.249444218989181 0.000835855855729965 0 0 31 0 0 0 0 0 0 0 0 0 0
1 0.0889887090275384 1.02437072434981 -0.0600807907764719 -0.0416808100959024 0.686459468467016 -0.0108890683476518 0 0 32 0 0 0 0 0 0 0 0 0 0
1 0.295005735179251 -0.0280378776275079 -0.153877411043049 1.00624085569532 0.0873929089409855 0.33448804897731 0 0 33 0 0 0 0 0 0 0 0 0 0
1 0.790472797174275 2.73125741498886 -0.166424927763299 0.219743456879115 -0.152281561688199 0.764918639411996 0 0 34 0 0 0 0 0 0 0 0 0 0
1 -0.856713331091424 0.135919466875413 -0.567880455554743 -1.2654533247747 0.737549404200567 -0.397644761822503 0 0 35 0 0 0 0 0 0 0 0 0 0
1 0.518324164831674 -0.136490428242422 -0.256841564689107 0.833560800703269 1.19356230734407 -1.07998078235911 0 0 36 0 0 0 0 0 0 0 0 0 0
1 -0.468414397232762 0.424318390163048 0.800431348476235 -0.272557711650357 -0.164039840240023 0.214629465453964 0 0 37 0 0 0 0 0 0 0 0 0 0
1 -1.37182095867297 0.101773672710443 0.458901536489431 -0.503927251046143 -0.808989261266638 1.17263049829366 0 0 38 0 0 0 0 0 0 0 0 0 0
1 -1.34408235752479 0.617255098410871 -0.448785938344303 0.895028696689625 -0.0684731420169492 0.223699622019381 0 0 39 0 0 0 0 0 0 0 0 0 0
1 0.336565822547074 -2.04178913075767 1.32786196465738 -0.290734238606328 -0.486094169441728 -0.249918443321822 0 0 40 0 0 0 0 0 0 0 0 0 0
1 -1.05562905900977 -0.948843409538283 -1.73510221335591 -0.589123362765542 -0.841347588123835 -0.599577875776571 0 0 41 0 0 0 0 0 0 0 0 0 0
1 0.543194341934926 0.0937021443831572 0.365624504969537 -0.0175296632630614 -0.953920050829357 0.701808822282807 0 0 42 0 0 0 0 0 0 0 0 0 0
1 -0.628310291871116 2.80085446808619 1.17832996881573 0.285777496238217 -0.26642303971101 0.333397918426297 0 0 43 0 0 0 0 0 0 0 0 0 0
1 0.0107776728468635 -0.731827279561617 -1.82694763529696 0.351168249067465 -0.419904886069863 -0.390244458206345 0 0 44 0 0 0 0 0 0 0 0 0 0
1 0.275365063091039 -0.334549168240158 -0.386352054089205 -1.41162106894209 0.033944372939451 1.01147088323371 0 0 45 0 0 0 0 0 0 0 0 0 0
1 0.706056639415292 0.822423162464342 -1.04404090061454 -0.0546469765791909 0.500873684224399 0.450800540950955 0 0 46 0 0 0 0 0 0 0 0 0 0
1 -0.742856373687981 -0.576926574876988 -0.830670296193367 1.23866432795547 0.0767236574533996 -0.791832781031205 0 0 47 0 0 0 0 0 0 0 0 0 0
1 -4.02422125877877 -3.51722775735568 0.0368498794102573 -0.0885952764527537 0.213236962591471 -0.174480586231986 0 0 48 0 0 0 0 0 0 0 0 0 0
1 0.77237003967635 0.417196007531496 -0.5843951753441 0.690400135980576 0.363728514446848 -0.64440515034859 0 0 49 0 0 0 0 0 0 0 0 0 0
1 0.0828926161528341 1.28211568845375 0.848409261273094 -0.374788127235932 0.251394548704806 0.0491140493808008 0 0 50 0 0 0 0 0 0 0 0 0 0
1 -0.13472716917695 -0.159786791125794 -0.19521112845563 1.48801870049448 0.278539564285176 0.225859056404736 0 0 51 0 0 0 0 0 0 0 0 0 0
1 -1.28874916369528 -1.4509174588486 -0.524756148708021 -1.27662897352385 0.127822116451685 0.3055786776309 0 0 52 0 0 0 0 0 0 0 0 0 0
1 -0.958911423415041 0.563312856505797 0.694024743043648 0.741694333634024 -0.156285886730239 -0.430196592758485 0 0 53 0 0 0 0 0 0 0 0 0 0
1 1.06952954410239 -0.65147716230036 1.35391253165749 0.471048404955513 0.189596278610301 0.667148070604767 0 0 54 0 0 0 0 0 0 0 0 0 0
1 0.151778022725071 -0.664576774860981 -0.764708694161274 -1.25976662824729 -1.0816143720853 0.385171279901486 0 0 55 0 0 0 0 0 0 0 0 0 0
1 -0.693557720588901 -0.860427740407435 -1.06920453478287 0.709144924864004 -0.501166429113097 -0.729726262750792 0 0 56 0 0 0 0 0 0 0 0 0 0
1 0.516937254719825 2.59376237873505 2.92600350225925 0.561931478656168 -0.350434742025818 -0.321108120884367 0 0 57 0 0 0 0 0 0 0 0 0 0
1 -0.371477810943865 -0.0175859942020778 -0.553270292619855 -0.313152780320608 -0.684712018772836 -0.517303731739525 0 0 58 0 0 0 0 0 0 0 0 0 0
1 0.294801412368274 1.59875013366008 -0.621054686087792 1.16552941522955 -1.04959821989361 -0.249965918482538 0 0 59 0 0 0 0 0 0 0 0 0 0
1 -0.0426577402747556 0.252637552239593 -0.0366830595168223 2.05485772564042 -0.0721215297887228 1.07215471409629 0 0 60 0 0 0 0 0 0 0 0 0 0
1 0.378828857523444 -0.140399467008472 -1.38848638282202 -0.00789313825835963 0.306039931853871 0.371795775792783 0 0 61 0 0 0 0 0 0 0 0 0 0
1 -0.668994098798756 -0.487661873148233 -0.853692925216758 0.48628742098921 -0.559831057241155 2.03790156638758 0 0 62 0 0 0 0 0 0 0 0 0 0
1 -0.316031730518187 0.168029002163119 0.371348139875631 -1.29954665591532 1.44040971948293 -0.0913963577344956 0 0 63 0 0 0 0 0 0 0 0 0 0
1 0.19231090951983 -1.36501936858013 2.53938880066448 -0.194411103154052 0.347010362697549 -0.0751240141468234 0 0 64 0 0 0 0 0 0 0 0 0 0
1 0.893665502442189 0.892708518692071 -0.512433595029212 -1.06685312223325 0.899760613969114 -0.782214682329243 0 0 65 0 0 0 0 0 0 0 0 0 0
1 -0.258224962305454 -0.343766622260697 -0.113451609831364 -1.52056401129415 -0.322954074872553 0.681809098640079 0 0 66 0 0 0 0 0 0 0 0 0 0
1 -0.0486246243722849 0.0949366729449951 0.202875120420044 -0.421907636768485 -1.09259859138662 0.798642054194679 0 0 67 0 0 0 0 0 0 0 0 0 0
1 0.557269854673715 -1.3651100019513 -0.154089979247708 0.88640366847127 -0.514421537686001 0.911470468716602 0 0 68 0 0 0 0 0 0 0 0 0 0
1 0.250731945421678 0.507529702756527 0.119485780069312 0.20976768134531 -0.696482687455195 0.507952316582928 0 0 69 0 0 0 0 0 0 0 0 0 0
1 0.0929453242343104 0.114610873430496 -0.250126208025734 0.0654991735868817 0.372148863134813 1.67474663765289 0 0 70 0 0 0 0 0 0 0 0 0 0
1 0.0724254534032893 -0.0326142866790093 -0.392285738950022 0.221985452055889 0.413230355712693 2.29300637546696 0 0 71 0 0 0 0 0 0 0 0 0 0
1 -0.405602337896828 -0.198409143098252 0.231720597631768 -0.138249521634357 2.11993004855026 -1.16204404918533 0 0 72 0 0 0 0 0 0 0 0 0 0
1 1.14958298321547 1.31666809037905 -0.320810014656988 0.489298977547062 -0.266760708468593 1.02814129244104 0 0 73 0 0 0 0 0 0 0 0 0 0
1 0.528251428860009 -1.00727683351638 -0.236160626883421 -1.31815972994337 -0.712048033097411 -0.924733125320324 0 0 74 0 0 0 0 0 0 0 0 0 0
1 2.73806771117106 1.86350154504493 1.51486564161302 0.0142411760570088 0.319716941589402 0.103445560226567 0 0 75 0 0 0 0 0 0 0 0 0 0
1 0.19399770381058 -0.607570717883113 -0.260086188533764 -0.567445666771151 0.00987285816230386 -0.735424486965219 0 0 76 0 0 0 0 0 0 0 0 0 0
1 0.518953332323208 -0.430852896558333 -1.77476769394738 -0.261516427188533 -0.477178499888266 1.3060147107316 0 0 77 0 0 0 0 0 0 0 0 0 0
1 0.710903169021981 0.102375661424864 -0.103265996734492 -0.601271221308819 -1.22778063587762 -0.159803361088199 0 0 78 0 0 0 0 0 0 0 0 0 0
1 -0.866295860037403 0.663033732912345 -0.523154079521423 -0.810314095458797 -0.561741622459818 -0.365958442369339 0 0 79 0 0 0 0 0 0 0 0 0 0
1 -0.0191367605488508 -2.2419682105781 -0.0103125889728238 -0.594004946193627 0.322891284324381 0.436921344528952 0 0 80 0 0 0 0 0 0 0 0 0 0
1 -0.694893580389321 2.51065719908049 1.71945091915977 -0.0970447248434011 -0.96028425227468 -0.159643465048088 0 0 81 0 0 0 0 0 0 0 0 0 0
1 0.299703046893983 -1.16562519291573 0.871388563971525 -0.119263118701447 -0.519924708942904 -0.630249072091364 0 0 82 0 0 0 0 0 0 0 0 0 0
1 0.659448359604651 -0.426184387795538 0.977413254896956 0.448896612239524 -0.48087851271085 -0.352230015252971 0 0 83 0 0 0 0 0 0 0 0 0 0
1 1.11541176499234 -0.486561746245058 0.275757048884048 0.118480545884639 -0.953511560727981 0.0729900080743438 0 0 84 0 0 0 0 0 0 0 0 0 0
1 -0.167916642267246 0.581383936803055 0.162653035776014 0.755614964578836 -1.15982761364272 2.44332973142106 0 0 85 0 0 0 0 0 0 0 0 0 0
1 0.482140773493725 0.210083129613289 -0.847974565751699 -1.14113012164443 0.429847420534379 0.299389009512067 0 0 86 0 0 0 0 0 0 0 0 0 0
1 -1.56349089172008 3.13166719865047 -1.55935970917053 -0.345007236253048 0.0502455276220734 0.20122394743147 0 0 87 0 0 0 0 0 0 0 0 0 0
1 0.148621422586858 -0.658423778067722 0.928524506264726 0.522943888519381 0.879820024768136 -0.00391067429629107 0 0 88 0 0 0 0 0 0 0 0 0 0
1 0.129121897706151 1.36844401256635 0.846467688577872 0.249919856778268 -0.823986283286709 -0.58333140026757 0 0 89 0 0 0 0 0 0 0 0 0 0
1 -2.03617059627402 -0.0809698214309094 -1.2242136422514 0.604747221517218 -0.0360083815091241 -0.909747429781276 0 0 90 0 0 0 0 0 0 0 0 0 0
1 -0.308221506570493 -0.536961741930779 -0.657327087773526 -0.584513455594699 -0.885824909401796 0.921393252859817 0 0 91 0 0 0 0 0 0 0 0 0 0
1 0.770259272081374 0.981426677427597 -0.687494851730893 0.35704044541683 -0.0714633793983013 -0.438842151350938 0 0 92 0 0 0 0 0 0 0 0 0 0
1 0.526508838361733 -0.255120343418138 -0.506213295095756 -0.185426547223289 1.16497796404718 0.530750917598038 0 0 93 0 0 0 0 0 0 0 0 0 0
1 0.06733726640381 0.180837587976121 0.0208426962683036 0.025110815087581 0.392561900834056 0.270171308474051 0 0 94 0 0 0 0 0 0 0 0 0 0
1 -0.546245824063041 -1.09520215637089 -0.016942288059906 -1.48940304672527 -0.143575105063823 -0.561457784364371 0 0 95 0 0 0 0 0 0 0 0 0 0
1 -0.207714854158481 -0.0238528345109611 0.260846307650758 0.814921682662513 -0.379732576511936 -1.0343144897931 0 0 96 0 0 0 0 0 0 0 0 0 0
1 -0.0874206365450033 0.119796681662322 0.0244562794409844 0.506087191115051 0.205086372625851 0.394996964515234 0 0 97 0 0 0 0 0 0 0 0 0 0
1 -44.9789091255588 -3.1038606574316 24.6219074549333 0.198714587758189 0.0441503624751197 -0.214403575209021 0 0 98 0 0 0 0 0 0 0 0 0 0
1 0.983384466451849 -1.91026768397493 0.289377352258673 -0.939451910856477 -0.571399320528355 0.429662067694959 0 0 99 0 0 0 0 0 0 0 0 0 0
1 0.300101841608301 -0.683263737984215 -0.446159511071695 0.432878269614601 0.976061621115208 0.436386136721677 0 0 100 0 0 0 0 0 0 0 0 0 0
1 0.241683684704131 1.94987411107266 1.18445940266974 -1.13432260661966 0.160711048813573 -0.599092657624355 0 0 101 0 0 0 0 0 0 0 0 0 0
1 -0.74330141829436 -0.888358629156762 0.297866369089811 0.58372966856477 -0.905529667306702 1.2629223925411 0 0 102 0 0 0 0 0 0 0 0 0 0
1 -0.298845391214964 -0.178855820361859 -0.165480675089805 1.49349119158915 -0.693333666588616 -1.2492515832112 0 0 103 0 0 0 0 0 0 0 0 0 0
1 0.161562956589906 1.09468853168836 -0.23245487131154 0.490427657050519 0.874298732673052 -1.45223727552057 0 0 104 0 0 0 0 0 0 0 0 0 0
1 0.844893766176121 -0.442479888458523 -0.182263863772162 1.01541925122431 -0.108959141973943 0.504969322638019 0 0 105 0 0 0 0 0 0 0 0 0 0
1 -1.60367568331887 -1.31374740216708 -0.123097702246124 -0.08765808816743 0.0953052195697578 0.216198903262852 0 0 106 0 0 0 0 0 0 0 0 0 0
1 0.680024290407954 -0.632102401984861 0.0729828488298147 0.235739759885304 -0.352620921785523 -0.326494989293222 0 0 107 0 0 0 0 0 0 0 0 0 0
1 0.133509571363447 -0.10152541630787 -0.381413062821973 1.12109812834054 1.19443069955408 -0.208243903099692 0 0 108 0 0 0 0 0 0 0 0 0 0
1 -0.142165109552089 0.0276312141368652 0.211605807872589 1.31547328168747 0.364797834282414 0.614710305001719 0 0 109 0 0 0 0 0 0 0 0 0 0
1 0.0416791576831832 -0.0661257976235608 0.0401613962396289 1.09452214603017 -0.192894120794063 0.435973657640964 0 0 110 0 0 0 0 0 0 0 0 0 0
1 0.814837424114217 -0.555163148269963 0.595590315869248 0.977822766336123 0.759330277893284 -0.0451605673697663 0 0 111 0 0 0 0 0 0 0 0 0 0
1 0.512530766461413 0.176110761435725 0.108067580764023 -0.472958748889139 0.780474495559799 -0.34388553400003 0 0 112 0 0 0 0 0 0 0 0 0 0
1 0.473244602756485 -0.458569944369331 -0.159784494826417 -0.671301309807011 -1.66956066392183 -0.735859604311436 0 0 113 0 0 0 0 0 0 0 0 0 0
1 -0.839482214947944 0.539838803272966 0.373024183080191 -0.679591267121001 0.473828998008577 -1.74335857490945 0 0 114 0 0 0 0 0 0 0 0 0 0
1 0.770276604182563 1.40267226779576 0.843345988195451 -0.612939407222045 0.801145109943052 -0.820608936267484 0 0 115 0 0 0 0 0 0 0 0 0 0
1 0.188870596740285 0.0561381490512298 -0.112431559683923 0.48338184675097 -1.12720357885979 -0.761276550425143 0 0 116 0 0 0 0 0 0 0 0 0 0
1 -0.876458866666394 -0.687766171902885 0.794723426459258 -0.273358941559316 -0.573345321735843 0.638794932674307 0 0 117 0 0 0 0 0 0 0 0 0 0
1 0.216486318393061 -0.226534319038982 -3.12816978350523 -0.0947784721997007 0.811412762857899 0.801587531511911 0 0 118 0 0 0 0 0 0 0 0 0 0
1 0.323053507426727 -0.25274523771469 -0.0594833210748418 -1.57681050498933 0.867500814590147 -1.98951337787434 0 0 119 0 0 0 0 0 0 0 0 0 0
1 0.0658380606735635 0.315834607119191 0.503676114315345 0.815541140193837 -0.775083587546287 -0.646224057499941 0 0 120 0 0 0 0 0 0 0 0 0 0
1 2.0464859167521 1.49303462361954 0.245243856106569 0.152111097281096 -0.210848475607625 -0.504264484293992 0 0 121 0 0 0 0 0 0 0 0 0 0
1 1.22194620021816 -2.82201240915154 1.39667878921991 0.166320901673955 -0.712156738766935 -0.449935760066463 0 0 122 0 0 0 0 0 0 0 0 0 0
1 0.921242379647124 -0.0574494667665737 0.0705069056988199 0.648799823860064 -1.00541504006241 -0.0267715606376326 0 0 123 0 0 0 0 0 0 0 0 0 0
1 0.568846850473183 -0.0928823714612126 -0.721121622186787 0.851150168088261 0.732570528532727 0.14894891719112 0 0 124 0 0 0 0 0 0 0 0 0 0
1 -0.532568915481288 -0.226136300749377 0.126419810511244 0.10779572340904 -0.30716361367662 -1.06581053878324 0 0 125 0 0 0 0 0 0 0 0 0 0
1 -0.902561805057734 -0.540779708360524 0.0445528630658623 0.9869715913634 -0.486179384897924 1.25691066493989 0 0 126 0 0 0 0 0 0 0 0 0 0
1 0.428363251381951 1.46189714015078 -0.442688566470481 0.172141746144238 0.96629225894289 0.604946494076444 0 0 127 0 0 0 0 0 0 0 0 0 0
1 -0.829814112208059 -0.187008042202683 0.0523749776881111 -0.37050946172996 0.244784161956474 -0.364351815835662 0 0 128 0 0 0 0 0 0 0 0 0 0
1 0.728566303080728 -0.598282879528125 0.654237309918044 1.2484052200158 -0.090870893639971 0.178140454223064 0 0 129 0 0 0 0 0 0 0 0 0 0
1 -0.145250398168234 0.357736817001393 0.25578069713399 1.21935363853242 -0.934114387265101 -0.0147584607651162 0 0 130 0 0 0 0 0 0 0 0 0 0
1 0.215521129087308 -0.149098855632715 -0.865384445134295 -0.07938671407637 -0.0861632210031574 0.49352623618796 0 0 131 0 0 0 0 0 0 0 0 0 0
1 0.58991658248224 1.22192467261832 0.497163668255242 0.657101968169045 -0.271371574679476 0.262353746898573 0 0 132 0 0 0 0 0 0 0 0 0 0
1 0.0707938739312168 -0.239562657910842 0.712324261905188 0.248060201497932 -0.826198492396819 -0.287145909736629 0 0 133 0 0 0 0 0 0 0 0 0 0
1 0.806891493082431 0.313063227194025 0.142527052987661 0.394688325542213 1.28276923115348 0.511777075926599 0 0 134 0 0 0 0 0 0 0 0 0 0
1 0.535933452830949 0.67933812590335 0.561191822392623 -0.110632458971901 0.749443879775407 0.317447903370543 0 0 135 0 0 0 0 0 0 0 0 0 0
1 0.637399556824505 -1.15447611559765 -0.975830386405085 0.679262868643992 -0.956754130412131 -0.890056144351696 0 0 136 0 0 0 0 0 0 0 0 0 0
1 0.879049391325334 1.73061075926943 0.192590698602015 -0.0660004080084523 0.667591383537097 0.492497666878605 0 0 137 0 0 0 0 0 0 0 0 0 0
1 -0.235635852876396 0.658479632395033 0.401689948840172 -0.278239714029878 0.611908382327676 1.27860918365278 0 0 138 0 0 0 0 0 0 0 0 0 0
1 -0.572259934440978 -0.765237361001223 2.01857988573085 0.387958109571378 -0.186654672384844 0.392454673335327 0 0 139 0 0 0 0 0 0 0 0 0 0
1 0.83997413393719 -0.595031972912359 -0.391911483380075 -0.374562041464762 -0.488761528427341 -0.60625527732349 0 0 140 0 0 0 0 0 0 0 0 0 0
1 -2.12646424647383 0.723246690204021 -5.28145604111934 0.255530915435842 -0.293528357866706 0.117819210281691 0 0 141 0 0 0 0 0 0 0 0 0 0
1 1.25907443674312 -4.20066762123672 1.90500661722871 -0.545274682716458 -0.240113560140091 0.0517382304506825 0 0 142 0 0 0 0 0 0 0 0 0 0
1 -0.299379558040978 -0.589130523170607 -0.154723092496478 0.471265453051618 -0.74492295159328 -1.6803221994791 0 0 143 0 0 0 0 0 0 0 0 0 0
1 0.64328180505808 0.506901327689581 0.223990829259468 1.21669180656403 0.532718305471065 0.412451322877028 0 0 144 0 0 0 0 0 0 0 0 0 0
1 0.636504348967384 0.466382032315282 -0.755720397609739 -0.415703471589379 1.5064416352442 -0.408739685740323 0 0 145 0 0 0 0 0 0 0 0 0 0
1 -0.0184340980286392 0.334458276797543 -0.969834308582404 1.05000694642981 -0.425660074038676 -1.72684096514582 0 0 146 0 0 0 0 0 0 0 0 0 0
1 0.198420093791335 0.729523449596753 0.403009863213637 0.202590964918837 0.3306856996335 -0.47499590650619 0 0 147 0 0 0 0 0 0 0 0 0 0
1 0.701896668395665 0.475478599223968 -0.0769070747595129 -0.863472240598805 1.06223009486115 0.668632764603164 0 0 148 0 0 0 0 0 0 0 0 0 0
1 -0.333444209873506 -0.291636433323559 2.07888221988455 -0.841298092017675 -0.434195238645867 0.69741230163508 0 0 149 0 0 0 0 0 0 0 0 0 0
1 0.59593444677525 -0.23595064666044 -0.327156006209445 0.543967748728741 -0.468061061574223 0.152814525903509 0 0 150 0 0 0 0 0 0 0 0 0 0
1 0.0728711870516741 -0.607642644092213 -0.0335937038909283 -0.781757205936015 -0.431787944476732 -1.2888370565482 0 0 151 0 0 0 0 0 0 0 0 0 0
1 0.366377072463115 -1.03033219220973 0.333058910437929 1.07527942078493 0.143895268107805 -0.476804525028689 0 0 152 0 0 0 0 0 0 0 0 0 0
1 -0.551260076993033 -0.631417399617954 -0.632835094308083 -0.264671402885483 0.785911023615052 -0.89857207863063 0 0 153 0 0 0 0 0 0 0 0 0 0
1 0.101066771646009 -0.194821718121281 0.30109777507194 -0.711868254372943 -0.998204521562072 1.90287372599459 0 0 154 0 0 0 0 0 0 0 0 0 0
1 -0.32075810880412 -2.08563400706295 1.4155084490486 0.151904135368903 0.388321408168754 -1.13450713258388 0 0 155 0 0 0 0 0 0 0 0 0 0
1 -0.343758187884675 -0.514267783541704 0.249792227732924 -0.20531713071171 -0.934016082002047 1.71167204206903 0 0 156 0 0 0 0 0 0 0 0 0 0
1 0.848109814768924 1.43114526476172 0.151247540911442 -0.676199004961829 0.403640735144397 -0.303190682960194 0 0 157 0 0 0 0 0 0 0 0 0 0
1 0.0686449791726951 -0.137583618576389 -0.335525003776843 -2.14465921231285 0.321051749041578 1.50007900257956 0 0 158 0 0 0 0 0 0 0 0 0 0
1 -0.0193687975011534 0.128996715534008 1.52598317375062 0.8782953200822 0.297084623724569 -0.0930489148634226 0 0 159 0 0 0 0 0 0 0 0 0 0
1 0.693040227406592 0.336601395897777 0.030588765237202 -0.0939795794320636 1.20122546436367 0.754787653247115 0 0 160 0 0 0 0 0 0 0 0 0 0
1 -0.836542083214349 -0.220361626900651 -0.788882931015119 -0.271880191244659 1.02428142127041 -0.399903823182809 0 0 161 0 0 0 0 0 0 0 0 0 0
1 0.288041419276391 -0.314083079741318 0.401624281924211 0.704729470059318 -1.46528749640705 -0.594564013201968 0 0 162 0 0 0 0 0 0 0 0 0 0
1 0.238293999160869 -0.330767798944459 0.930633881238675 -0.105370054154954 -1.18944230786449 0.342178444518852 0 0 163 0 0 0 0 0 0 0 0 0 0
1 -0.960019856923207 -0.180438611373561 0.0291574099214252 -0.593894192600747 0.848514442673708 -0.917496629610957 0 0 164 0 0 0 0 0 0 0 0 0 0
1 -0.346471277524888 -0.757653898242559 -0.293572049635034 -1.04441246860275 -1.26965619382809 -1.42491022090392 0 0 165 0 0 0 0 0 0 0 0 0 0
1 -0.0893065514529652 -0.396381184777339 0.647138341289759 -1.65117486436092 -0.376321707396721 -0.198377899781745 0 0 166 0 0 0 0 0 0 0 0 0 0
1 -0.775411091006797 -0.294877366212995 -0.40398273552314 0.890916208477077 -0.727968862906697 -1.18832728502002 0 0 167 0 0 0 0 0 0 0 0 0 0
1 -0.324800458289687 0.274237695831543 -0.741850676043995 0.863280371428029 -1.1307756573556 0.341813396828142 0 0 168 0 0 0 0 0 0 0 0 0 0
1 -0.992999701412856 0.156713270349448 -1.63674715469917 -0.187153213071492 -0.58691317732653 -0.560734661265546 0 0 169 0 0 0 0 0 0 0 0 0 0
1 0.330613294606356 0.354040335258917 -0.599275647273523 -0.209543371632837 -0.553596803406012 0.398846657659637 0 0 170 0 0 0 0 0 0 0 0 0 0
1 0.0969515552927787 -0.371702897845038 1.64448202843795 0.235260662561486 0.316047266656528 0.295477462149086 0 0 171 0 0 0 0 0 0 0 0 0 0
1 0.621116471320836 1.00605995744075 -1.85679034157639 0.225308998353056 -0.927173487962254 -0.968006151857905 0 0 172 0 0 0 0 0 0 0 0 0 0
1 1.10119303893575 2.03996827269023 0.707573207436802 0.73536661345376 0.00905629074059352 0.339600874384815 0 0 173 0 0 0 0 0 0 0 0 0 0
1 3.11460507447348 -0.818883496513054 1.00351931786438 0.787177265731537 0.45714882812657 -0.0264578774292578 0 0 174 0 0 0 0 0 0 0 0 0 0
1 0.0602088137255016 0.598800620595322 0.705570507408348 0.0834245265804915 -1.26952328962945 1.17435140349636 0 0 175 0 0 0 0 0 0 0 0 0 0
1 -5.65918904856929 2.14120739406333 2.06410795042742 -0.209767723111263 -0.0774458193515608 -0.431422593771887 0 0 176 0 0 0 0 0 0 0 0 0 0
1 0.0977139161813043 0.270347443345829 0.642307482796244 0.317161083536862 0.0980198153767019 -0.305473644236748 0 0 177 0 0 0 0 0 0 0 0 0 0
1 -0.187330650574669 0.560229156043843 -0.364976243252669 0.3290391781499 -0.789377112931214 1.17788873541574 0 0 178 0 0 0 0 0 0 0 0 0 0
1 -0.124209149904866 0.471343402217987 -0.650561855868817 0.105187920931063 1.02446238516448 0.550249866363774 0 0 179 0 0 0 0 0 0 0 0 0 0
1 0.865337739578498 -1.21386243406841 0.484944128557929 0.349500775550678 -0.195577465344293 0.37276546571031 0 0 180 0 0 0 0 0 0 0 0 0 0
1 -0.552117577406847 0.305597542866365 0.219728752411027 0.82933526513752 -1.25043157849365 1.01386372506164 0 0 181 0 0 0 0 0 0 0 0 0 0
1 0.672029207496525 0.0091814949312203 -1.4092494646577 -0.960080604061678 -0.00854485936344113 -0.0581492273741316 0 0 182 0 0 0 0 0 0 0 0 0 0
1 -0.0795885318951915 1.85660164113506 1.62839053806415 -0.46517315409083 -0.296250349564815 0.259160470714619 0 0 183 0 0 0 0 0 0 0 0 0 0
1 1.49720598559979 -0.858193442745322 -0.763996732576751 0.634883141546269 -0.663159076786382 0.659176405259289 0 0 184 0 0 0 0 0 0 0 0 0 0
1 -0.0889591159865451 1.27103506546127 0.667096911186405 -0.275361384898908 -0.607746223274161 0.104132371817883 0 0 185 0 0 0 0 0 0 0 0 0 0
1 -0.288833533737698 -0.507073520380445 0.478352326074482 -0.0527705141992004 0.115645584094109 0.809682984956909 0 0 186 0 0 0 0 0 0 0 0 0 0
1 1.44034312669074 -0.225175145471035 -0.299722930073129 0.472388251507173 1.14936872105812 0.14357672408408 0 0 187 0 0 0 0 0 0 0 0 0 0
1 -0.130347722014915 -0.572424976876128 0.306818042133187 -1.31150968213046 0.710868008046734 -0.787809550022258 0 0 188 0 0 0 0 0 0 0 0 0 0
1 0.217440430278179 0.159579390794776 -0.13698926612133 1.1318316017181 -0.197348696300971 -0.369036788164742 0 0 189 0 0 0 0 0 0 0 0 0 0
1 -0.947832030322093 0.256574660713692 0.308544472777262 -0.859233807844316 -0.14688685540576 0.844904014722685 0 0 190 0 0 0 0 0 0 0 0 0 0
1 -0.813267939553739 -0.118708673591092 -0.370075091764761 -0.473676704344281 0.155602558036047 -0.552993910118653 0 0 191 0 0 0 0 0 0 0 0 0 0
1 -0.0212737362717521 1.23545649955732 -0.334993350716665 -1.24019978478925 -0.803267503786334 0.438048150106765 0 0 192 0 0 0 0 0 0 0 0 0 0
1 0.87741168893756 1.71472476912773 0.965198228749502 0.558530400409331 -0.209147921134449 0.00569822658055797 0 0 193 0 0 0 0 0 0 0 0 0 0
1 0.0906352694927174 -0.651791644635522 -0.854347729912628 1.30376414793586 0.309981977718393 -0.317039574650944 0 0 194 0 0 0 0 0 0 0 0 0 0
1 0.0325188981298773 0.292810527777859 -0.198988671909255 1.37951784289303 0.547355337499525 1.29226356118057 0 0 195 0 0 0 0 0 0 0 0 0 0
1 -1.80054136186701 -1.20101683138612 0.604200115744516 -0.59042449777356 -0.552394633024661 0.0964577936030175 0 0 196 0 0 0 0 0 0 0 0 0 0
1 1.35943049742594 0.852265689115477 -0.135359301550583 0.0256789454390709 -1.56256338018805 0.656443381527885 0 0 197 0 0 0 0 0 0 0 0 0 0
1 0.596607468267076 0.140436676787957 0.676609272498865 0.0215436720684141 -0.66588929992344 0.281061146960037 0 0 198 0 0 0 0 0 0 0 0 0 0
1 0.120053971774253 -0.397336849534708 0.442772242259203 -1.97643385492308 1.21835778756291 0.545216260954265 0 0 199 0 0 0 0 0 0 0 0 0 0
1 -0.95558956518622 -0.690867999224293 2.46443067684092 -0.065543939204568 -0.336745194200833 0.332078621277489 0 0 200 0 0 0 0 0 0 0 0 0 0
1 -0.0188602956857049 0.435579677652637 -0.0697027697767638 0.472179797005718 -0.336413590257836 -1.12581750973761 0 0 201 0 0 0 0 0 0 0 0 0 0
1 -0.464361102494687 -0.060343867060533 -0.173085950814855 -0.366113141343355 1.15066336562907 1.06191059855053 0 0 202 0 0 0 0 0 0 0 0 0 0
1 0.0703567402903388 -0.517870798196801 0.510457364016699 0.627363894788622 -0.146370903747822 0.214292361551121 0 0 203 0 0 0 0 0 0 0 0 0 0
1 -0.463611650657262 0.159786313130293 0.84321607277167 0.987932515921814 -0.281659766590843 -1.19025304780347 0 0 204 0 0 0 0 0 0 0 0 0 0
1 0.882635324184637 0.0873198154472728 -0.101812286595008 0.37127057246673 -0.889263839347605 -0.113547403360409 0 0 205 0 0 0 0 0 0 0 0 0 0
1 -0.276224549977121 -0.0112061738891766 0.493559244810393 -1.00586413989185 -1.10078960590425 -0.72025147421003 0 0 206 0 0 0 0 0 0 0 0 0 0
1 0.0255916285638512 -0.0432516781315165 0.549271903943341 1.70181187368857 -0.130419229796528 0.63071110968144 0 0 207 0 0 0 0 0 0 0 0 0 0
1 2.28515140919746 0.868962113628641 0.293460057801401 -0.949077841085977 -0.258896856920331 -0.19831239009762 0 0 208 0 0 0 0 0 0 0 0 0 0
1 -0.607139104479686 0.172612823976976 -0.0580625980551114 -0.761742494227574 0.258036269025694 -0.204651244777584 0 0 209 0 0 0 0 0 0 0 0 0 0
1 0.0397204189702655 0.481438186046888 0.367543011368817 -0.0875838467701521 -0.099881211389214 0.158026082927516 0 0 210 0 0 0 0 0 0 0 0 0 0
1 0.42054395963634 -0.991544741107063 1.50246116655613 0.867179010970385 -0.146157250227143 -0.432388976001383 0 0 211 0 0 0 0 0 0 0 0 0 0
1 -0.772291718754904 -0.859451813982697 -0.421286191519443 -0.50814635949177 0.0423035748225333 1.02747324648202 0 0 212 0 0 0 0 0 0 0 0 0 0
1 -1.03366942209953 0.414406127348879 -0.600418532212518 0.0850363757249975 0.204461101668827 0.502555957968415 0 0 213 0 0 0 0 0 0 0 0 0 0
1 0.624796296075836 -0.331236071156005 -0.376750720668331 0.383472265399694 -0.215323298998272 0.377841707403179 0 0 214 0 0 0 0 0 0 0 0 0 0
1 -0.472940885068604 0.151734204665267 -0.240954927835888 0.280888447305218 -0.649303611534456 0.391131832106399 0 0 215 0 0 0 0 0 0 0 0 0 0
1 0.424111215340916 -0.563250481399628 -0.729430853719471 0.626429193207026 1.86736130207801 -0.529516989009381 0 0 216 0 0 0 0 0 0 0 0 0 0
1 0.170098401290288 0.121343545923964 -0.792806843662585 -1.20640291446716 -0.188480391267744 0.850588451950812 0 0 217 0 0 0 0 0 0 0 0 0 0
1 -0.105801192151876 1.2025458116134 0.817643854586424 -0.575079946554143 -1.25180081548314 -1.01030964150085 0 0 218 0 0 0 0 0 0 0 0 0 0
1 -0.628497505542658 -0.216969653691902 -0.49225843684756 -1.47744472301817 -0.265675638739208 -1.18818830202228 0 0 219 0 0 0 0 0 0 0 0 0 0
1 0.767251189725108 0.710608572166485 -0.323303330579245 -0.500257779626503 0.0135626556554356 -0.685305467153043 0 0 220 0 0 0 0 0 0 0 0 0 0
1 -0.126232551585415 -0.238633820113517 0.189674134513749 -1.48255036460192 2.26822661752343 -0.895353947609174 0 0 221 0 0 0 0 0 0 0 0 0 0
1 0.175248935657921 -0.364012911615747 -0.177874026293683 -0.6573709119381 -0.189617643372285 0.810051413987954 0 0 222 0 0 0 0 0 0 0 0 0 0
1 -3.12353412799521 -2.88693817129917 -4.61778426531628 -0.352768216154986 -0.802012886040115 0.17883680766203 0 0 223 0 0 0 0 0 0 0 0 0 0
1 -0.259738490019105 0.159000963513387 0.145169567146217 0.803661608693552 0.193960019965382 0.634929659964229 0 0 224 0 0 0 0 0 0 0 0 0 0
1 -0.144760154985765 -0.721685654775467 1.12620944202333 -0.845715820587837 -0.42440206970527 -0.695270011475391 0 0 225 0 0 0 0 0 0 0 0 0 0
1 -0.888656526766843 -0.983008354146855 0.645736470218796 0.610177223193173 0.993857476599433 -0.326029207916759 0 0 226 0 0 0 0 0 0 0 0 0 0
1 -3.53102525604795 1.44294397240678 -1.28772953927089 0.0832057024987413 0.0263590159657463 -0.777085819897029 0 0 227 0 0 0 0 0 0 0 0 0 0
1 0.282276554962932 -1.10115299325561 -0.267154215410729 0.802843809341116 0.853894965995736 -0.812590935211376 0 0 228 0 0 0 0 0 0 0 0 0 0
1 0.706063580871483 1.56717729906701 0.488947513687317 1.03074660565477 -1.23594196347242 -0.475862036920835 0 0 229 0 0 0 0 0 0 0 0 0 0
1 -0.962669551278755 -3.06271408050014 -0.105509420617981 0.909551834620482 0.02718493567597 0.103297835475084 0 0 230 0 0 0 0 0 0 0 0 0 0
1 -0.236679691061722 0.0124177607172905 -1.13862371387168 -0.319620972853462 0.245070345048536 -0.335886488887208 0 0 231 0 0 0 0 0 0 0 0 0 0
1 0.39008025411258 -0.445088983305283 0.693350804546135 0.274248464698299 0.336938978659924 -0.343507571426901 0 0 232 0 0 0 0 0 0 0 0 0 0
1 0.226225886486245 -0.116926087170876 1.31723896350654 -0.395128269933368 0.717249476595458 -0.766007109887571 0 0 233 0 0 0 0 0 0 0 0 0 0
1 -1.20819231962685 1.44143206532979 -5.40769595767249 -0.0926072164814303 0.335450160194136 0.273939608097338 0 0 234 0 0 0 0 0 0 0 0 0 0
1 0.332505117987347 -0.197291944254239 -0.542095231646022 0.610652117408989 0.196693786579642 1.40488527103119 0 0 235 0 0 0 0 0 0 0 0 0 0
1 -0.0546367918878453 0.0827074986002653 0.0042731147275164 -0.313826245678517 -0.394065815749012 -1.46932152794413 0 0 236 0 0 0 0 0 0 0 0 0 0
1 3.02973518324136 -0.407045544899419 1.46301054263258 -0.306382541416712 0.694966918089853 -0.27947605946291 0 0 237 0 0 0 0 0 0 0 0 0 0
1 -0.635222336682196 0.0924391824971267 -0.324991840074036 1.49251602125288 -1.47084817327146 0.594650922494803 0 0 238 0 0 0 0 0 0 0 0 0 0
1 -0.0374341565048429 -0.0140041556586651 0.183111868567817 -0.280368293091505 -0.195634413696833 -0.734570710885374 0 0 239 0 0 0 0 0 0 0 0 0 0
1 -0.128147050021156 -0.680723953172028 0.361283010180575 -0.30922234689669 0.538391426523001 0.266265430659161 0 0 240 0 0 0 0 0 0 0 0 0 0
1 0.341363600343059 0.439687722039326 0.896443144559927 -0.128246120342577 -1.16614957028248 0.81747734189555 0 0 241 0 0 0 0 0 0 0 0 0 0
1 -0.584275986995082 -0.111770732540028 -0.586236263326656 1.55431926874438 -0.16104544231696 -0.767354982726285 0 0 242 0 0 0 0 0 0 0 0 0 0
1 1.90955700631238 -0.532334742462678 -0.457492026079747 -0.105160721446889 0.233867831746679 -0.587352865423214 0 0 243 0 0 0 0 0 0 0 0 0 0
1 -1.68360898389942 0.257247430201251 -0.921262013745441 0.508150774064321 -0.393298898038234 0.0662225336592369 0 0 244 0 0 0 0 0 0 0 0 0 0
1 0.299227649377907 -0.109119895045939 0.384522009113997 0.767734024529832 1.46133441053086 1.62159782420319 0 0 245 0 0 0 0 0 0 0 0 0 0
1 2.81423723377521 2.89255642658075 -0.882058562652742 -0.0665677779527695 0.564076864862297 0.194344380113091 0 0 246 0 0 0 0 0 0 0 0 0 0
1 -0.498773947849922 -1.22312459420401 -0.633347742347236 1.60799224804791 0.0358354278476895 0.487267801289089 0 0 247 0 0 0 0 0 0 0 0 0 0
1 -0.383031372099897 0.287340743508771 0.807807862582673 -0.222264916693837 0.330892691566485 1.7882063760128 0 0 248 0 0 0 0 0 0 0 0 0 0
1 -0.0577029045263854 0.152811542807636 0.226203356746769 -0.098845915748069 -0.552136135760425 -0.764136155862991 0 0 249 0 0 0 0 0 0 0 0 0 0
1 1.03880318778644 -0.206211634186519 -0.447228746343711 -0.998516780836367 -0.593575531116755 1.10142419038143 0 0 250 0 0 0 0 0 0 0 0 0 0
1 -0.555983643241931 0.0948039982243413 0.0623816300135868 0.268914340279837 -0.87109574448918 0.424650710584724 0 0 251 0 0 0 0 0 0 0 0 0 0
1 -0.248998951420101 -1.17316191321119 -1.75469186905022 0.232207351127315 0.749008640782416 0.451804193260117 0 0 252 0 0 0 0 0 0 0 0 0 0
1 0.286788941337691 0.446070926748468 0.469426610769295 0.791769532460611 0.0900998867523413 1.11232220073637 0 0 253 0 0 0 0 0 0 0 0 0 0
1 -0.884585246152923 -1.69514451587602 0.820100908525928 -0.634819488988266 0.651853141229606 -0.440080702918215 0 0 254 0 0 0 0 0 0 0 0 0 0
1 -0.776382533356261 0.884649738665416 -1.51847674085156 -0.172787496861295 0.184306325603151 -0.57765231302385 0 0 255 0 0 0 0 0 0 0 0 0 0
1 -0.665223708237001 -1.12439534367542 0.0710287478510363 -0.129353321323659 0.800342780106186 0.0831751996078691 0 0 256 0 0 0 0 0 0 0 0 0 0
1 0.260707221610177 -0.0942940853275123 0.145178485168524 1.31677301658588 -0.969309282014659 -0.270264799804519 0 0 257 0 0 0 0 0 0 0 0 0 0
1 -0.317715114527081 -0.322144667273578 0.223135881447542 1.15728555211768 0.730755950310209 -0.438203254883385 0 0 258 0 0 0 0 0 0 0 0 0 0
1 -0.769473113961798 -2.58574898386472 -0.50467891169334 -0.883088431893108 0.147291382999465 -0.171509932376554 0 0 259 0 0 0 0 0 0 0 0 0 0
1 0.203539086928878 -0.269325976948615 0.96276256523966 -0.955544814867635 0.261991969501431 -0.467016670728111 0 0 260 0 0 0 0 0 0 0 0 0 0
1 0.287388356210866 -0.294481780535702 -1.72133143287404 0.969751461912443 1.16480555079393 -0.600364477022117 0 0 261 0 0 0 0 0 0 0 0 0 0
1 -0.804881737619573 -0.754102301638453 0.194379374563778 -1.27483245381109 -0.861227882362519 1.18361707488806 0 0 262 0 0 0 0 0 0 0 0 0 0
1 0.548640467016417 -0.44945701888997 0.0196079177122203 -0.56102197334218 -0.138171797694387 -1.10334586164148 0 0 263 0 0 0 0 0 0 0 0 0 0
1 0.892769482552519 -0.706688591297037 0.213288188858695 0.445442020421229 -0.234009888802543 -0.403795697830478 0 0 264 0 0 0 0 0 0 0 0 0 0
1 0.539366088836974 0.190285812637239 0.681696442601386 0.66701014165 0.919396869050549 0.229629197880336 0 0 265 0 0 0 0 0 0 0 0 0 0
1 0.0641358184013828 0.175682041875476 0.917196598907457 -0.0669156104635658 -0.843461882258911 -0.274747488084907 0 0 266 0 0 0 0 0 0 0 0 0 0
1 0.13729414877292 0.695707893379226 -0.187669416591003 -0.275840033774778 -0.610231276051327 0.705776568565751 0 0 267 0 0 0 0 0 0 0 0 0 0
1 -0.397323757177269 0.0815681288564478 0.0583162125960627 -0.04930074355143 -0.491398659117942 -1.65198565668913 0 0 268 0 0 0 0 0 0 0 0 0 0
1 0.408353213673728 0.741215219710205 0.20313914434908 0.612738591394147 1.36219106658141 0.57511434231963 0 0 269 0 0 0 0 0 0 0 0 0 0
1 0.340392241729878 -0.947281203161047 0.111279696100252 -0.0400927932448595 0.742305137209892 -0.284667976125354 0 0 270 0 0 0 0 0 0 0 0 0 0
1 0.297457346133531 0.184924290189936 0.415197826555882 0.232931323182984 0.0134230823932428 0.440737986850564 0 0 271 0 0 0 0 0 0 0 0 0 0
1 0.533564584427475 -0.366610584415038 0.233336212844137 0.159480526483443 1.10618703441181 -1.93234188461599 0 0 272 0 0 0 0 0 0 0 0 0 0
1 -1.35463157349825 -0.580810078775447 -0.201375117720296 0.510052449896632 -0.294265674100251 -0.334451360146815 0 0 273 0 0 0 0 0 0 0 0 0 0
1 0.120781984777644 -0.205286309137699 0.436120075955843 -1.29979535911475 -1.68357335211097 -0.686346518473608 0 0 274 0 0 0 0 0 0 0 0 0 0
1 0.486108746041225 1.21666116648571 -0.887797050710119 0.949813104837034 0.602248244458546 -0.0293549653916669 0 0 275 0 0 0 0 0 0 0 0 0 0
1 1.12819630947147 1.05406946904367 -3.2769960332641 -0.564834697965829 -0.155846041728517 0.25074787640919 0 0 276 0 0 0 0 0 0 0 0 0 0
1 -0.549838098951855 0.964853394987646 -0.615407076939658 0.509126317017871 0.688549192130676 -0.255481922081534 0 0 277 0 0 0 0 0 0 0 0 0 0
1 1.05756558016288 -0.737320974900639 0.115466173899911 -0.0158986749044185 -0.43868558003419 0.0819208898222387 0 0 278 0 0 0 0 0 0 0 0 0 0
1 -0.0687823625299052 -0.394859679575367 -0.0886717746478666 -0.342273043825009 -0.125365471091487 -0.846096004537745 0 0 279 0 0 0 0 0 0 0 0 0 0
1 -0.183433893854843 1.57908454589497 1.00956500683632 0.486791134888744 -0.671538089411654 -0.21324262664487 0 0 280 0 0 0 0 0 0 0 0 0 0
1 0.0716893821783644 0.0413351357152936 0.137149546496288 -0.719335177536373 -0.28858479720251 -0.685963422386609 0 0 281 0 0 0 0 0 0 0 0 0 0
1 -0.162974482120984 0.311856045176898 0.204188376636486 -0.382857315718567 -1.2158463677336 -0.332438157707729 0 0 282 0 0 0 0 0 0 0 0 0 0
1 0.450595626759054 -0.422365582218762 0.431584420007725 0.446111423995607 -0.418747058102592 -1.01614494925236 0 0 283 0 0 0 0 0 0 0 0 0 0
1 -0.867077956631603 0.485260859038139 0.486662685212651 0.0861963691209497 -0.418492583465542 0.22607385140552 0 0 284 0 0 0 0 0 0 0 0 0 0
1 -0.100684019866461 -0.129439051984355 -0.26810545736962 -0.637683649427007 0.0357127077289125 0.262606626670435 0 0 285 0 0 0 0 0 0 0 0 0 0
1 -0.618253298404349 0.761606698990898 0.566467081713333 -0.238799511337748 0.288104311049419 -0.5837658362591 0 0 286 0 0 0 0 0 0 0 0 0 0
1 -1.45953787898949 -0.0318927599224008 -0.576761380462955 0.163885829925675 0.385790904620715 1.73609465314504 0 0 287 0 0 0 0 0 0 0 0 0 0
1 -0.90655385046649 -0.358604281579193 -0.23312383239662 0.261737076055844 0.659077870419325 -0.418746924666074 0 0 288 0 0 0 0 0 0 0 0 0 0
1 0.247870321895759 -0.0116753615385004 -0.338927028200725 0.21599733654261 0.382501288447638 -0.745550941104625 0 0 289 0 0 0 0 0 0 0 0 0 0
1 -0.124023934671814 0.272147746696688 -0.0955340768752497 0.209153376589626 -0.785610308698001 0.963434990593757 0 0 290 0 0 0 0 0 0 0 0 0 0
1 -0.410976841526888 0.307511324967601 -0.295622525012932 0.148772555665441 0.103089960087181 -1.4426415386781 0 0 291 0 0 0 0 0 0 0 0 0 0
1 2.16393144622054 -0.512299641523076 -1.22156375228274 0.136871015800115 -0.129616182523573 0.632496707900598 0 0 292 0 0 0 0 0 0 0 0 0 0
1 -0.657272185241183 -0.619816273977684 -0.899405588583376 -0.659377557335413 -0.30194461041076 0.0576613424656393 0 0 293 0 0 0 0 0 0 0 0 0 0
1 -0.712366745341258 1.42729379320831 -0.867890636868852 0.0121773483049853 0.312470195395686 -0.40495179282628 0 0 294 0 0 0 0 0 0 0 0 0 0
1 -0.185456067039028 0.352977251689813 -0.0583704646905405 -0.54308093852068 -0.872397686491504 0.375888896135626 0 0 295 0 0 0 0 0 0 0 0 0 0
1 1.51138624650936 -1.26841836136276 -0.285844834481454 0.325832450842134 0.804509437303522 -0.167253773490111 0 0 296 0 0 0 0 0 0 0 0 0 0
1 0.592985427454188 0.121527169141056 0.406888725406577 0.375220442404679 0.312181231969646 0.553968703886607 0 0 297 0 0 0 0 0 0 0 0 0 0
1 0.545651301850022 0.262534637334824 0.144466047587795 -0.071967534121149 -0.683630479804281 -0.947403925907218 0 0 298 0 0 0 0 0 0 0 0 0 0
1 -0.424696617087625 -0.351779961243399 1.3124713064141 -0.798125257385407 -0.545384306092391 -0.587755837662089 0 0 299 0 0 0 0 0 0 0 0 0 0
1 1.23058462563101 3.16028232758988 1.45372689448595 -0.0246018643168095 -0.134339978280647 0.344185754012971 0 0 300 0 0 0 0 0 0 0 0 0 0
1 -0.113066889757952 0.975938578358491 0.864644931737131 0.412673133315701 -1.08699363333276 0.712552940273325 0 0 301 0 0 0 0 0 0 0 0 0 0
1 -0.48664127563061 -1.17097987691454 -0.112371547325602 -0.218152720385137 -1.24468502731069 0.603152125363374 0 0 302 0 0 0 0 0 0 0 0 0 0
1 -0.236173647649109 0.304505006997766 -0.667554894239906 -0.652669070834407 -0.30822704263238 -0.852124402161607 0 0 303 0 0 0 0 0 0 0 0 0 0
1 0.475927365048471 -0.281061705384689 -0.658783393450974 -0.863065683011311 1.23342286184696 -0.13109778544 0 0 304 0 0 0 0 0 0 0 0 0 0
1 -0.9771563283743 0.714602193862941 0.411038438520636 -0.00727317968710747 0.709451437745282 0.0711039262269305 0 0 305 0 0 0 0 0 0 0 0 0 0
1 -0.810327131214925 0.373606403303579 -1.11526940131884 -2.02549339065974 -0.150837823883974 -0.00971912243910389 0 0 306 0 0 0 0 0 0 0 0 0 0
1 -0.645174782201922 -0.792218353106505 -0.0732005664124086 0.476662114022532 0.568836512145776 1.43223524251638 0 0 307 0 0 0 0 0 0 0 0 0 0
1 0.0271929236499733 0.546648330209382 0.193350210122799 0.189627856144599 -1.25756929069007 0.495140014349806 0 0 308 0 0 0 0 0 0 0 0 0 0
1 -0.444359382024278 -0.601423104867086 -0.182183195701187 1.50730126820613 -0.137474937511914 -0.300131436514868 0 0 309 0 0 0 0 0 0 0 0 0 0
1 0.61104015320031 1.54806666779394 0.433524782207463 -0.873368709136309 -0.882079803316394 0.203086089636359 0 0 310 0 0 0 0 0 0 0 0 0 0
1 -0.0401291964449225 0.625115095348177 0.406387679594979 -0.791864685035734 1.05855464727245 0.282700244231697 0 0 311 0 0 0 0 0 0 0 0 0 0
1 -0.0433165423843957 -0.500731470543399 -0.0598443296595966 0.451563234086036 -0.802035939566949 0.511791352536473 0 0 312 0 0 0 0 0 0 0 0 0 0
1 0.230307328675419 -0.294708942894745 -0.28877251485174 0.140566739374362 0.320260436774231 -0.318868406862809 0 0 313 0 0 0 0 0 0 0 0 0 0
1 -2.01735473642424 1.33615925445622 5.92761849140367 -0.411525923721178 -0.193608955303765 0.0843153443833419 0 0 314 0 0 0 0 0 0 0 0 0 0
1 0.237059838163807 0.501962657579339 0.644177198491099 0.466692651851333 0.346362447084033 0.314164708245705 0 0 315 0 0 0 0 0 0 0 0 0 0
1 -0.572933991905326 1.56258565185075 1.87263238144738 -0.396629049193714 0.0578719186646637 0.309781160636131 0 0 316 0 0 0 0 0 0 0 0 0 0
1 1.2545609024951 0.496493219264155 0.470950317922198 0.726269697380755 0.958408977098987 -0.0709097001688372 0 0 317 0 0 0 0 0 0 0 0 0 0
1 0.0855298254084343 -0.32693606755008 0.108514165643855 -1.04707024977666 -1.30578368990443 0.202953213604558 0 0 318 0 0 0 0 0 0 0 0 0 0
1 -1.22166167240894 0.428099182245954 -0.0581321972912207 -0.837163308457583 -0.23530846828983 -0.183735798008891 0 0 319 0 0 0 0 0 0 0 0 0 0
1 0.945078791147122 1.32448650982626 1.322369095408 0.326737079280457 -0.36086786344405 -0.328564282788531 0 0 320 0 0 0 0 0 0 0 0 0 0
1 0.0573670642615836 -0.785930572556389 -0.636102901761302 -0.0493881105787047 0.580709807945289 0.0896683890810537 0 0 321 0 0 0 0 0 0 0 0 0 0
1 1.94054219089284 1.55690938748517 1.77987215555414 -0.0324318986003007 -0.878322341974146 -0.812524180154373 0 0 322 0 0 0 0 0 0 0 0 0 0
1 -0.0199483167379428 0.257321627849873 -0.0508218166150304 -0.778241689636208 -0.191982632110257 -1.07872986442301 0 0 323 0 0 0 0 0 0 0 0 0 0
1 0.442703834108066 0.0291349532434455 -0.645640241965159 -0.678431468242166 0.473136010767783 0.608598090745402 0 0 324 0 0 0 0 0 0 0 0 0 0
1 -0.561561403722057 -0.317601139457201 0.0888897555870059 -0.452951471987399 -0.362529713285793 -1.3980653024245 0 0 325 0 0 0 0 0 0 0 0 0 0
1 -2.6203919131588 -8.07705322717775 -1.15659333914327 -0.406828752000066 0.00941171856046061 0.0644749211304614 0 0 326 0 0 0 0 0 0 0 0 0 0
1 0.0924342235022916 -0.252730133643416 -0.503680445728843 -0.241969120275673 0.304021020194802 -1.31634841285833 0 0 327 0 0 0 0 0 0 0 0 0 0
1 -0.0450756273411556 0.518395927129891 -0.339453531361443 0.483795089024024 0.375238539338456 1.31075593634644 0 0 328 0 0 0 0 0 0 0 0 0 0
1 0.116904973113217 0.0734321716415406 -0.356249149057153 0.802060427220473 -0.962664952182692 -0.937960001140159 0 0 329 0 0 0 0 0 0 0 0 0 0
1 0.421976429099768 -0.391492650850419 -0.542048831128175 1.54709869610934 0.890655896996631 0.852529822520999 0 0 330 0 0 0 0 0 0 0 0 0 0
1 0.695153900270306 -0.649790770999665 -0.235851585803132 -0.149443547904933 -0.41499416248315 0.320119271369252 0 0 331 0 0 0 0 0 0 0 0 0 0
1 -0.514650477127605 0.129495184027816 -0.176133646106468 -0.476763117455852 0.821183328283869 -0.639891928766234 0 0 332 0 0 0 0 0 0 0 0 0 0
1 -0.917007089735529 -0.50485887480632 0.0654630023745063 -0.339393266209302 -0.750472568784129 -1.22487192973451 0 0 333 0 0 0 0 0 0 0 0 0 0
1 -0.4125682469204 0.150213253134626 -0.267203668625637 0.258827147245082 -1.33613611462487 -1.03305425716886 0 0 334 0 0 0 0 0 0 0 0 0 0
1 0.257429765056048 -0.24184933381366 0.529561349276611 0.667894473216641 0.60952471676584 0.718013572577888 0 0 335 0 0 0 0 0 0 0 0 0 0
1 0.407408830567168 0.587545509428384 -2.00887503122876 0.0259770228986936 0.368242735545349 0.122223031250727 0 0 336 0 0 0 0 0 0 0 0 0 0
1 0.376374403897706 0.440374717417193 -0.706053469764384 -1.18307340829826 0.255651978728822 -0.817858396762819 0 0 337 0 0 0 0 0 0 0 0 0 0
1 0.426018149877952 -0.62272095893651 -1.17410658879537 1.11325192611571 -0.0392670275369808 0.133352716747823 0 0 338 0 0 0 0 0 0 0 0 0 0
1 0.53018341117481 0.208243404197294 0.0766803444074062 0.369334900955093 -0.0564773543234596 -0.397766661347366 0 0 339 0 0 0 0 0 0 0 0 0 0
1 0.409887824569664 -2.62696715874779 -0.278071305969248 -0.106441023611096 0.0211522520038572 0.930116122989873 0 0 340 0 0 0 0 0 0 0 0 0 0
1 0.385830645990378 -0.108430411903916 0.252059527491212 -0.0256200198166209 -1.53143803625663 0.71061931671735 0 0 341 0 0 0 0 0 0 0 0 0 0
1 -4.89689050491348 -0.223861098060984 -1.01159302972535 -0.454389883039028 0.0759139480989763 -0.138916703155184 0 0 342 0 0 0 0 0 0 0 0 0 0
1 -1.10432021454606 1.07101277398216 0.836913663153859 0.00444760788362359 -0.528279381635856 -0.509779390980278 0 0 343 0 0 0 0 0 0 0 0 0 0
1 0.168488484820851 -0.150788233367089 0.410342639482158 -0.548001181194739 -0.150995898373279 0.838628230582585 0 0 344 0 0 0 0 0 0 0 0 0 0
1 -0.082518378325044 0.0110301265769691 -0.179756210787839 -0.99633151123066 0.898986604019788 -1.13691272974942 0 0 345 0 0 0 0 0 0 0 0 0 0
1 3.19975871055944 1.46135942397705 0.953584365778215 0.249065643703861 0.564807196486786 -0.566756484142323 0 0 346 0 0 0 0 0 0 0 0 0 0
1 -0.0144080939988726 0.0305991456705117 -0.241621697151362 -0.0550137711701138 0.0187416426913549 2.05904154141657 0 0 347 0 0 0 0 0 0 0 0 0 0
1 -2.24210119692021 -1.82655662788047 3.87513122556774 0.547775114852654 0.0745767635834753 0.576003210056193 0 0 348 0 0 0 0 0 0 0 0 0 0
1 -0.863430164874769 1.25809508531869 -1.20656013742888 0.402799015128442 1.52335357856822 -0.410453370042439 0 0 349 0 0 0 0 0 0 0 0 0 0
1 -0.66738572905822 0.0497429144204046 -0.244889026355674 -0.900653669059691 -1.17453532207002 -0.800042733864728 0 0 350 0 0 0 0 0 0 0 0 0 0
1 0.0437698860655677 -0.933766013484406 0.322641993797656 -0.144711995782094 -0.0863664162953425 -2.11857331355995 0 0 351 0 0 0 0 0 0 0 0 0 0
1 -0.0173242659515808 1.45935363299336 0.245283502983085 -1.16109016304513 0.902791317475771 -0.252976969037947 0 0 352 0 0 0 0 0 0 0 0 0 0
1 0.393029964727795 -0.144965010173904 -0.448924356362572 -0.0478532311134846 0.791079974140823 0.0813530117283789 0 0 353 0 0 0 0 0 0 0 0 0 0
1 1.13186620042015 -0.932106608844575 0.624747488627935 0.112511855465825 0.164538632826477 0.694748831152629 0 0 354 0 0 0 0 0 0 0 0 0 0
1 0.320443096417549 -0.626409444103564 -0.16005661733565 -0.917775422160564 0.294802637185745 -1.33593703342403 0 0 355 0 0 0 0 0 0 0 0 0 0
1 0.324829474700544 -0.8169263391877 -0.695986318773359 -0.602058217721069 0.624903561163452 -0.211972246974094 0 0 356 0 0 0 0 0 0 0 0 0 0
1 -0.901483413510302 -0.0489110094376404 0.096944559584999 -0.654350723073159 -0.127716263927455 -0.956663713246965 0 0 357 0 0 0 0 0 0 0 0 0 0
1 0.0121594891488387 0.589028409416031 -0.0660169544982007 0.544646979177046 1.17158470357906 -0.0939644128921469 0 0 358 0 0 0 0 0 0 0 0 0 0
1 -1.62048850612139 0.101522291852929 -0.0140305118441421 -0.702142124444714 -0.382390190787957 0.12975893230116 0 0 359 0 0 0 0 0 0 0 0 0 0
1 1.35823482138097 -4.48573363476821 0.494455940599049 0.117055161089945 0.0366090847480511 0.339184711469855 0 0 360 0 0 0 0 0 0 0 0 0 0
1 0.429920193533271 0.215602007323154 0.359817990742545 0.706527986115764 -1.19442544852068 -1.16892709180595 0 0 361 0 0 0 0 0 0 0 0 0 0
1 0.163317710791598 0.116313608580162 -0.572600864181729 1.31735194777027 0.347437808453534 1.83146952903114 0 0 362 0 0 0 0 0 0 0 0 0 0
1 0.198100802655124 0.0496818606421589 -0.276840811139629 0.080736635798728 1.50304055970555 -0.236069028949704 0 0 363 0 0 0 0 0 0 0 0 0 0
1 1.37725945524919 -0.188095207377428 1.42533405553985 -0.53856966577694 -0.820926861461103 0.622808102465909 0 0 364 0 0 0 0 0 0 0 0 0 0
1 -2.00264210089902 -0.390100671498252 -0.790454000628151 -0.348499755814885 0.0872585821435809 0.318593443459716 0 0 365 0 0 0 0 0 0 0 0 0 0
1 -0.946474107237368 0.272970400483793 -0.645169779617528 1.69744256092846 0.399773325243326 0.772588734733528 0 0 366 0 0 0 0 0 0 0 0 0 0
1 0.334795774569482 0.260381141519272 -0.548399026957914 0.694896971035377 -0.730948272767491 -0.707728264796609 0 0 367 0 0 0 0 0 0 0 0 0 0
1 1.13122158524503 -0.0055387454740522 0.238272959780509 -1.19421796675414 0.117399513984906 -0.858975765249698 0 0 368 0 0 0 0 0 0 0 0 0 0
1 0.621693084684438 -0.0604177852152861 0.321932299464449 -0.928189998474719 0.621293287420683 0.415053768644912 0 0 369 0 0 0 0 0 0 0 0 0 0
1 1.17826162826567 0.341760175789512 1.42675872225573 0.203595999148678 0.285826453418847 0.757644021300338 0 0 370 0 0 0 0 0 0 0 0 0 0
1 0.285684416287492 0.157077860095434 -0.391323546141952 0.712766102508222 -0.257702145463527 0.833674323420612 0 0 371 0 0 0 0 0 0 0 0 0 0
1 0.37099312277908 -1.46322530497156 -1.15077294618531 -0.272365621000271 0.193258639899947 0.180949367998084 0 0 372 0 0 0 0 0 0 0 0 0 0
1 -0.124882582584262 -0.0425678271130297 0.128108824349367 -0.137588508537445 0.0528310605291777 1.13673207271805 0 0 373 0 0 0 0 0 0 0 0 0 0
1 -0.0979932676227187 0.002362691865949 -0.323192117824729 -2.29798466354245 1.05032996490155 0.734167786792104 0 0 374 0 0 0 0 0 0 0 0 0 0
1 -6.69325349751309 -8.66357344150492 3.20651270323322 0.221779425306172 0.354947070447566 -0.163770271536562 0 0 375 0 0 0 0 0 0 0 0 0 0
1 0.166738351679801 -0.141013453020707 -0.403889483373463 -1.19334654847025 0.634854720086962 -0.223103917344774 0 0 376 0 0 0 0 0 0 0 0 0 0
1 0.622414057695099 -0.371687590132275 0.168722822291277 1.64417903154876 -0.51234248313345 -0.0920550101630047 0 0 377 0 0 0 0 0 0 0 0 0 0
1 0.683776158034166 0.620220314319629 -0.892363262085073 -0.136835228821194 -0.167303040586429 -0.62124759522416 0 0 378 0 0 0 0 0 0 0 0 0 0
1 -0.0495421447932214 0.233395661625499 0.336701432264165 0.875178688234769 -1.96349938562632 0.0441334110850918 0 0 379 0 0 0 0 0 0 0 0 0 0
1 0.0469577947232772 -0.253416192645582 0.0178275126642876 0.385858662942045 0.170616768758543 1.93405319118056 0 0 380 0 0 0 0 0 0 0 0 0 0
1 0.181534876205876 -0.275844679937565 -0.394723293313661 0.253578610252879 -1.38808678812335 0.957929631417144 0 0 381 0 0 0 0 0 0 0 0 0 0
1 -0.35980228866253 -0.142694812560838 -0.423565234572698 -1.14822586885656 -1.19914798506275 0.0417715640659314 0 0 382 0 0 0 0 0 0 0 0 0 0
1 0.0105954362506533 -0.16308972628462 0.374299495888945 -0.0572881121582931 0.555751404654772 -0.383772220236012 0 0 383 0 0 0 0 0 0 0 0 0 0
1 0.152172330353586 0.707215055900497 0.917570526798445 1.23408526838021 -0.139202230004256 -1.21473361583699 0 0 384 0 0 0 0 0 0 0 0 0 0
1 -0.524011542825803 -0.380238641018361 0.464198713349143 -0.485907111620212 -0.32225377210162 1.51870557806879 0 0 385 0 0 0 0 0 0 0 0 0 0
1 0.236731490390474 -0.812435227910581 1.16455859579524 -0.0973223983892644 0.101222047101788 0.829885998706243 0 0 386 0 0 0 0 0 0 0 0 0 0
1 3.94444925219818 -1.48294321997697 -2.3155668244673 -0.859182034627008 0.612442994766769 -0.495054669963706 0 0 387 0 0 0 0 0 0 0 0 0 0
1 -0.696454779566787 -0.0719515600836611 -0.4985654216301 0.102746438613245 -0.311707875465773 -0.978251327612684 0 0 388 0 0 0 0 0 0 0 0 0 0
1 0.721557615564062 0.251501185844529 0.0150176632953298 -0.308875149219761 0.0323586074984876 -0.297841056619649 0 0 389 0 0 0 0 0 0 0 0 0 0
1 0.179741765094516 1.14146668601474 -0.431737951283449 1.03819049195441 -0.0921792159128229 -0.950225537068553 0 0 390 0 0 0 0 0 0 0 0 0 0
1 0.812378116687605 0.509957702828133 -0.373122328730585 1.42594451835781 -0.372638794218436 0.759497748802265 0 0 391 0 0 0 0 0 0 0 0 0 0
1 1.50052241879243 -0.284829865665644 -0.120446622588377 0.250506511085106 0.374652349533531 -1.23394777883536 0 0 392 0 0 0 0 0 0 0 0 0 0
1 -1.52980839831519 0.0121065640108953 -1.43266136382584 0.0076233484925078 -0.550176866152755 -0.0504728751621709 0 0 393 0 0 0 0 0 0 0 0 0 0
1 0.315086243867775 0.954888101583798 -0.627527966698949 0.517829803781081 1.40829325560305 0.0977074132654184 0 0 394 0 0 0 0 0 0 0 0 0 0
1 0.502450472847404 0.0649650011533828 1.02636849869814 -1.2617944729977 0.136702163252975 0.628235769926554 0 0 395 0 0 0 0 0 0 0 0 0 0
1 0.435100779496091 0.354598424297889 0.378590983345996 0.362644295416139 -0.360108027029337 1.28167567222055 0 0 396 0 0 0 0 0 0 0 0 0 0
1 0.93232808071401 1.01136330494044 0.373975566260293 1.04533465945434 -0.215917779825757 -0.347309598027218 0 0 397 0 0 0 0 0 0 0 0 0 0
1 3.11211000175525 -0.501433117255203 0.586444131658917 0.458313621756959 0.0280498270307651 0.565418658090899 0 0 398 0 0 0 0 0 0 0 0 0 0
1 -0.0829741599051677 -0.0514837826508902 -0.406744221058399 -0.114106728166822 -0.487435079631158 1.34754660379394 0 0 399 0 0 0 0 0 0 0 0 0 0
1 0.0941362445477441 0.238609891910578 -0.53620954686163 -0.737720726470404 0.145011673820634 0.820552736000665 0 0 400 0 0 0 0 0 0 0 0 0 0
1 -0.811340179397224 -0.703539020240072 -0.712726402503984 -0.608997379559662 -0.369771431298486 1.2525829048411 0 0 401 0 0 0 0 0 0 0 0 0 0
1 0.868599511984516 -0.972115889223571 0.151267278622811 0.608043579563561 -0.425882295345074 0.361545010979573 0 0 402 0 0 0 0 0 0 0 0 0 0
1 0.402426986539567 -0.396167715401613 -0.0560653399927544 -0.582843537275495 0.0697753154817005 0.427277595459123 0 0 403 0 0 0 0 0 0 0 0 0 0
1 -3.13183481666919 5.31050363220921 6.30960777080308 -0.17970595840429 -0.0691744954277617 -0.345534524964208 0 0 404 0 0 0 0 0 0 0 0 0 0
1 -4.60793389857266 0.307057693859866 1.8708185589148 0.525886626537397 0.0209714846379376 -0.914758127299542 0 0 405 0 0 0 0 0 0 0 0 0 0
1 -0.343442217443407 0.782225520987309 -0.141046991625824 -1.09860424169599 -0.282999829342018 0.318664107173907 0 0 406 0 0 0 0 0 0 0 0 0 0
1 0.439190008797254 0.384511550848814 0.0030924446508103 0.342903733358441 -0.456771871219233 -1.47548127137499 0 0 407 0 0 0 0 0 0 0 0 0 0
1 0.105180071131328 -0.260870621064512 0.177752341769531 0.430076260495165 -1.3764625264236 -0.409277783989406 0 0 408 0 0 0 0 0 0 0 0 0 0
1 -0.540116327676187 0.248635644139938 -0.539474168540267 -0.482004448204944 1.87020199875329 -0.470855566630696 0 0 409 0 0 0 0 0 0 0 0 0 0
1 1.27293300716718 -0.0152900649570711 -0.160095676393472 0.420489049370023 0.636308836142873 0.245084909695659 0 0 410 0 0 0 0 0 0 0 0 0 0
1 1.03306314383756 0.696926260839644 -0.439101551802582 -0.648942331974028 0.715085061403747 -0.907702066435667 0 0 411 0 0 0 0 0 0 0 0 0 0
1 -0.396088347836716 -0.0936629595766312 -0.774609280424217 0.623451662677696 -2.08288080262099 0.564205413651364 0 0 412 0 0 0 0 0 0 0 0 0 0
1 0.402514330715825 -0.483131028231622 -0.581665442232816 -0.882610027718567 0.979753588750015 0.200299140681056 0 0 413 0 0 0 0 0 0 0 0 0 0
1 0.308666870315059 -0.277998328237367 0.893619432522055 0.900160500904191 0.52909113489747 1.23699020691314 0 0 414 0 0 0 0 0 0 0 0 0 0
1 0.732923386560859 0.0112519978488354 -0.609106694352431 0.0872561140153382 1.48916293093266 1.29617604246193 0 0 415 0 0 0 0 0 0 0 0 0 0
1 0.339108172683897 -0.321942669423272 0.249924363829895 -0.218552068382265 0.0499884281753206 -1.32473037358797 0 0 416 0 0 0 0 0 0 0 0 0 0
1 0.0377654518019608 0.0391481700331523 -0.0362603709335411 0.56975670198728 0.756442867586413 -1.13078529408031 0 0 417 0 0 0 0 0 0 0 0 0 0
1 -0.181579880899023 -0.370411385694176 -0.497737148644284 -0.616295877837559 1.91236989744263 0.259148504165044 0 0 418 0 0 0 0 0 0 0 0 0 0
1 0.212924703222618 -1.13594448110205 -0.309895972085187 -1.91538774581139 -0.0201362326293288 0.0677333086828984 0 0 419 0 0 0 0 0 0 0 0 0 0
1 -0.0741759532707613 0.226536000357378 0.442943442413312 0.34661357206896 0.369880425381203 -0.499092003537206 0 0 420 0 0 0 0 0 0 0 0 0 0
1 0.0141758767023377 -0.273294320075727 0.257156247444869 -0.727542511031071 2.09113962967957 0.142609132846955 0 0 421 0 0 0 0 0 0 0 0 0 0
1 -0.48520535650971 0.0637868907801882 0.452695653064862 -0.386488820671887 -0.585712497881976 1.24346374280991 0 0 422 0 0 0 0 0 0 0 0 0 0
1 -0.32117872928024 -0.274274529867157 0.0901494380690578 0.556895222309201 -0.857906147720976 0.547306576822379 0 0 423 0 0 0 0 0 0 0 0 0 0
1 1.01198461841855 1.02745653388829 0.757482234933397 0.271278704542785 0.542809627930714 0.430302881635788 0 0 424 0 0 0 0 0 0 0 0 0 0
1 0.246682207775793 0.0409002657848419 -0.338615340880749 1.13872231659007 -0.329149990828144 1.11128725310234 0 0 425 0 0 0 0 0 0 0 0 0 0
1 -0.262793088351603 -2.38346342913721 0.254827514156385 -0.270403633351701 0.317056784275982 0.367853584084597 0 0 426 0 0 0 0 0 0 0 0 0 0
1 -0.280548309613563 -1.42311737557076 -0.0322183479513104 -1.14845396117463 0.463572425985007 -0.393202380045793 0 0 427 0 0 0 0 0 0 0 0 0 0
1 -0.692629872067608 -1.81656901023201 -0.0896612019176887 0.0150092188051009 -0.877389795684452 -0.294205970975272 0 0 428 0 0 0 0 0 0 0 0 0 0
1 3.09953744823268 -2.5139236285314 -1.92801378633472 -0.0722456835539494 0.259770796271076 0.290006188603055 0 0 429 0 0 0 0 0 0 0 0 0 0
1 0.333548868483477 0.455053648486419 -0.111780517655784 -0.538968036803961 -1.09333222379663 1.52713271270957 0 0 430 0 0 0 0 0 0 0 0 0 0
1 0.0992074533544854 0.768831839065432 0.195103070789011 0.190978631538977 -1.07718742279119 0.31008769557559 0 0 431 0 0 0 0 0 0 0 0 0 0
1 0.711715669236954 -0.553847654388016 -0.994053651018694 -0.0928597078024545 1.2109342867154 0.514998769146802 0 0 432 0 0 0 0 0 0 0 0 0 0
1 0.12700093947633 -0.221496151082393 -0.0895399775517162 -0.5641921038905 0.282830889138579 1.25533685054206 0 0 433 0 0 0 0 0 0 0 0 0 0
1 0.270308588678066 -0.858349897416684 -0.223893338723433 1.07527769185671 -1.12842453480183 -1.16956928393067 0 0 434 0 0 0 0 0 0 0 0 0 0
1 -0.004013096482493 -0.526226572067478 0.140746042461893 0.0694500681979306 -0.318426159007433 -0.0356092457903383 0 0 435 0 0 0 0 0 0 0 0 0 0
1 -1.84763835588361 0.10897528502868 2.57229866671524 0.276126617756234 0.0969107221512144 0.632708272623599 0 0 436 0 0 0 0 0 0 0 0 0 0
1 0.124295899369263 0.106766626955375 -0.302607538016566 0.0800935538835819 1.6564881918672 -0.781008652748585 0 0 437 0 0 0 0 0 0 0 0 0 0
1 0.308101355780822 0.036220819818174 -0.18782968605236 -0.569637416230177 0.712543691185359 1.84632195169141 0 0 438 0 0 0 0 0 0 0 0 0 0
1 -0.599016658066977 0.457845337735863 0.100101261911916 -1.30251456270673 0.484062497391968 -0.259503221691862 0 0 439 0 0 0 0 0 0 0 0 0 0
1 0.599305413794474 -2.19452090135731 -2.34688039821801 0.292844879136699 0.619037516574595 0.232849996181874 0 0 440 0 0 0 0 0 0 0 0 0 0
1 -1.71516643377578 0.278631068576211 -0.347560197842913 0.12823975188978 0.213119781920222 -0.180082185475053 0 0 441 0 0 0 0 0 0 0 0 0 0
1 0.754276884865709 -0.0006803441272192 0.967382506878951 0.319844129715285 0.271613899046955 -0.0736184226077552 0 0 442 0 0 0 0 0 0 0 0 0 0
1 0.266017448913739 0.351945109946503 -0.368697092290546 -1.05157001763959 -0.256001283605301 0.401766648033423 0 0 443 0 0 0 0 0 0 0 0 0 0
1 -1.61545844353517 4.4876615074733 0.471751788485961 -0.230304735377316 -0.983424077772462 -0.348750146182735 0 0 444 0 0 0 0 0 0 0 0 0 0
1 -0.679505499076908 0.2639895031664 -0.212969545248215 0.229845797867918 -0.174813128783897 -0.0170631062585915 0 0 445 0 0 0 0 0 0 0 0 0 0
1 0.718886346164672 -3.58435713662352 0.608924333270078 0.480387057760955 -0.401777336782015 -0.382819978030824 0 0 446 0 0 0 0 0 0 0 0 0 0
1 -1.92130311264142 0.319056578674024 2.41806733387417 -0.323727074842702 -0.0222553642942194 0.134092210082576 0 0 447 0 0 0 0 0 0 0 0 0 0
1 1.70333340319352 -2.01732587742627 -1.39109037638783 -0.13011905189305 0.157030351652668 0.184404877727154 0 0 448 0 0 0 0 0 0 0 0 0 0
1 0.822610069446332 0.223461762004309 0.303138384854157 -0.657330110307164 0.275139346112209 0.305930060641302 0 0 449 0 0 0 0 0 0 0 0 0 0
1 0.585089145343157 -0.498415237860077 0.240685578007452 -0.388342755703297 -1.50615198958633 1.84195989971112 0 0 450 0 0 0 0 0 0 0 0 0 0
1 -0.56552514711306 0.0163329452901516 -0.573663360125845 1.47929352339331 -0.906332808252897 -1.45792851297926 0 0 451 0 0 0 0 0 0 0 0 0 0
1 -0.316771344352471 0.992319951606031 -0.713337388889333 -1.40662664882819 0.834948165242299 1.15554978192301 0 0 452 0 0 0 0 0 0 0 0 0 0
1 -4.16516893444338 1.18630287031696 -1.27806848335822 0.231969988700418 -0.574534911506492 -0.159652964687752 0 0 453 0 0 0 0 0 0 0 0 0 0
1 0.749918240975233 -0.25633454811596 0.106699075302451 0.207666819100657 -0.720301875878995 -0.202868744417822 0 0 454 0 0 0 0 0 0 0 0 0 0
1 0.111046729211057 0.185209016010269 1.13977660059298 0.365680885141392 -0.494807019385085 0.489860622385083 0 0 455 0 0 0 0 0 0 0 0 0 0
1 0.92864845789394 0.384333252105611 -0.442840531527654 -0.302498656645012 0.244279476814809 -0.408027895451884 0 0 456 0 0 0 0 0 0 0 0 0 0
1 0.956072277239434 0.416559051773777 0.449508455033596 1.08292103690868 1.45574305486304 -0.586035371825386 0 0 457 0 0 0 0 0 0 0 0 0 0
1 0.453420021256692 0.345262828376936 -0.482936121916711 -0.04348692822627 -0.664712761812769 -0.350477736935286 0 0 458 0 0 0 0 0 0 0 0 0 0
1 0.417276849755021 1.1118204816225 0.271221240712132 0.882719543945088 0.372036391264064 0.426975468018197 0 0 459 0 0 0 0 0 0 0 0 0 0
1 -0.498724899734933 0.330411307811914 -0.572337633713688 0.279382356098671 0.726859691023474 -0.891016680323966 0 0 460 0 0 0 0 0 0 0 0 0 0
1 0.198513012822208 -1.48326632450172 1.03856985775261 -0.274414559083152 -0.299950144601954 0.200725843606075 0 0 461 0 0 0 0 0 0 0 0 0 0
1 0.128934765984548 -0.392535112073098 -0.259819804285209 0.54850920760099 -1.16489391567242 -0.436074550328591 0 0 462 0 0 0 0 0 0 0 0 0 0
1 -0.446397308954826 0.187421109042708 0.0167434926706294 -0.686858470060811 0.211510135349967 -0.468639699394368 0 0 463 0 0 0 0 0 0 0 0 0 0
1 0.464680810206049 -0.457667462102179 0.505917724312104 -1.29431468429764 0.770294585822878 -0.762625232525775 0 0 464 0 0 0 0 0 0 0 0 0 0
1 -1.31166417085214 -0.444267582692996 -1.23637666686565 0.0458508493440884 -0.243990715581051 1.00338495869021 0 0 465 0 0 0 0 0 0 0 0 0 0
1 -0.505996322345493 0.81856758335844 -0.0325249608878523 0.125381106987473 0.814335033077192 -0.242349081286522 0 0 466 0 0 0 0 0 0 0 0 0 0
1 1.43222931575812 0.149232780201445 -1.5650099813983 0.584733925767759 -1.10053624635386 -0.73174249336412 0 0 467 0 0 0 0 0 0 0 0 0 0
1 -0.752873095627834 0.19503462771988 -0.289587824904613 -0.169465853146481 0.649182734449331 -0.879237524647023 0 0 468 0 0 0 0 0 0 0 0 0 0
1 1.08552049186587 0.457972276450354 -0.490397980385446 0.180870003903588 1.28491167074728 0.988107493634555 0 0 469 0 0 0 0 0 0 0 0 0 0
1 2.37530446730535 3.51427483382837 0.175631396001507 0.217961722198775 -0.280461107767404 0.444485083644875 0 0 470 0 0 0 0 0 0 0 0 0 0
1 0.680717187607061 -0.300880406535728 0.21069235159433 1.37144327705124 -0.260029989081752 -1.0016824700599 0 0 471 0 0 0 0 0 0 0 0 0 0
1 0.359849117218821 -0.020952139988493 0.0769351710568975 -1.7985373573803 -0.222269282046073 -0.465687731949734 0 0 472 0 0 0 0 0 0 0 0 0 0
1 0.927150922541732 -0.873946428508132 -0.417693323976126 -0.638848625515577 0.994543815652435 -1.33562728911892 0 0 473 0 0 0 0 0 0 0 0 0 0
1 0.420258271794214 -0.512030233643846 0.0020351479661624 -0.304591816895008 -1.55433762870729 -1.6846598761021 0 0 474 0 0 0 0 0 0 0 0 0 0
1 0.958109042757975 -1.63292748240752 0.954290918418429 0.618626709046417 -0.255538087741876 0.842761047898418 0 0 475 0 0 0 0 0 0 0 0 0 0
1 -0.342786326468242 -0.415469540211255 0.0566216800184975 0.474661961377777 -0.465619335070638 -0.928986015434704 0 0 476 0 0 0 0 0 0 0 0 0 0
1 4.19943186454717 0.403892308840452 -3.94319059090445 -0.00260081629137505 0.12775791689723 -0.725600883456972 0 0 477 0 0 0 0 0 0 0 0 0 0
1 -2.85958982991728 -12.3386968475201 18.8538834005256 -0.031010488317584 -0.0810941628653263 0.196811022636307 0 0 478 0 0 0 0 0 0 0 0 0 0
1 0.41855452037492 -1.3076075027989 1.15521434088444 0.459076818149575 -0.508175257559659 0.0634363403115406 0 0 479 0 0 0 0 0 0 0 0 0 0
1 0.688802272026151 -0.265981123781476 0.352975873012472 -0.0238547788650022 -0.266997992682212 -0.213675390770202 0 0 480 0 0 0 0 0 0 0 0 0 0
1 0.230558314452708 0.510083765486263 -0.0579810704877743 1.3277883915639 0.34072638479603 0.440812628959518 0 0 481 0 0 0 0 0 0 0 0 0 0
1 1.24966754520772 -1.23798647191289 -1.12826547484101 -0.549037667114155 -0.587373299672373 0.211296858210612 0 0 482 0 0 0 0 0 0 0 0 0 0
1 -0.914420470996051 -0.0559111621243823 -0.590262742588173 -0.48513824133158 -1.42866923725869 0.223393834125758 0 0 483 0 0 0 0 0 0 0 0 0 0
1 0.286950037080026 0.303789784883678 0.614360285523049 1.30331288077048 -0.422304038209452 -1.1223197221555 0 0 484 0 0 0 0 0 0 0 0 0 0
1 -0.262841187702454 0.344735557340196 -0.066567952826051 -0.269662220749485 1.44801365220045 -0.262297732861187 0 0 485 0 0 0 0 0 0 0 0 0 0
1 -0.346787492664133 0.171433691186597 0.408942085455146 1.79112496650826 0.818897176023262 0.827453576246522 0 0 486 0 0 0 0 0 0 0 0 0 0
1 1.12088863823918 -0.833114743055682 -0.214669910476438 0.23723481843698 -0.541382106906001 -0.652976054968334 0 0 487 0 0 0 0 0 0 0 0 0 0
1 -1.10328504183059 -0.845669819689225 0.159229457543925 -1.28741864424214 -0.0657263177055053 -0.518236004040491 0 0 488 0 0 0 0 0 0 0 0 0 0
1 0.792060760756462 -1.74459914607332 -0.16925230369607 0.762534608020824 0.87826835784076 1.02205733993826 0 0 489 0 0 0 0 0 0 0 0 0 0
1 -0.499492462146907 -2.2193151349105 -3.46579164682469 0.28184662291794 -0.152595290832653 -0.331881019549571 0 0 490 0 0 0 0 0 0 0 0 0 0
1 -0.152126730690726 -0.599942616463512 0.0207195740263667 -0.243850808868388 -0.231627884432067 0.835641987218069 0 0 491 0 0 0 0 0 0 0 0 0 0
1 0.262697815296327 -0.0033770597325365 -0.171253679225384 -0.451371019091836 0.639920775109478 1.26460383137799 0 0 492 0 0 0 0 0 0 0 0 0 0
1 0.663101783405209 0.2062398087063 0.686735267456718 0.707470368527802 -0.681827481177543 0.203936622046345 0 0 493 0 0 0 0 0 0 0 0 0 0
1 1.93252987284828 -0.584162563753887 -0.0002517612383159 1.09040825739755 -0.363336090109504 -0.589857249071453 0 0 494 0 0 0 0 0 0 0 0 0 0
1 0.237754174891636 -0.0819814319842743 0.468750441427418 0.364911034055082 0.308843414079173 1.28217727592909 0 0 495 0 0 0 0 0 0 0 0 0 0
1 -0.911575437558622 0.156133285619513 0.0356666360353677 0.0854854074060447 -0.2842042695212 -0.353242115822653 0 0 496 0 0 0 0 0 0 0 0 0 0
1 0.880776596823907 -0.0704409837978998 -0.0610740002890498 -0.928878172957673 -1.23041593823889 0.15778120119613 0 0 497 0 0 0 0 0 0 0 0 0 0
1 1.9639342234108 1.32400730670235 1.06126553197136 -0.318638595665439 0.159601853279535 0.0548666988990309 0 0 498 0 0 0 0 0 0 0 0 0 0
1 0.532929119400348 0.588740132704463 0.0929587519356251 0.998756034994687 -0.684934176025548 -0.661535929330668 0 0 499 0 0 0 0 0 0 0 0 0 0
1 -0.521230109551345 -2.18385264701014 0.0724191156347542 -0.382942377589404 -1.27425233934472 -0.458296620928838 0 0 500 0 0 0 0 0 0 0 0 0 0
1 0.414194670734079 -0.306250790671799 0.212387094095236 -0.144452051677211 0.925068672074767 0.508222150928761 0 0 501 0 0 0 0 0 0 0 0 0 0
1 -0.0449606967493929 0.507871629166059 0.120281956056417 -1.32189817461091 0.310055663108948 0.41206856010956 0 0 502 0 0 0 0 0 0 0 0 0 0
1 -0.677391612719629 0.798118499745819 0.596273980043925 0.440171981727107 0.376313192622632 -0.22864459812493 0 0 503 0 0 0 0 0 0 0 0 0 0
1 -0.51000974392787 -2.6355799426279 -0.281745802524057 0.383407697203922 -1.04177995734803 -0.184869451370393 0 0 504 0 0 0 0 0 0 0 0 0 0
1 0.626631131853909 0.997819995806314 -0.861869898705616 1.18939848339864 0.726684533051894 -0.0319725312029595 0 0 505 0 0 0 0 0 0 0 0 0 0
1 -3.43337985013305 -0.496570550935785 -1.45935782246524 -0.662962661775961 0.89941721297077 -0.314295720476592 0 0 506 0 0 0 0 0 0 0 0 0 0
1 0.421046463404013 0.234563615997591 -0.206553757591525 -0.0457879324489447 1.49804102523971 0.555371986107663 0 0 507 0 0 0 0 0 0 0 0 0 0
1 0.676662534111438 1.26819375695508 -0.283916432345851 -0.291961416201612 0.122531934640822 -0.152611430074098 0 0 508 0 0 0 0 0 0 0 0 0 0
1 0.504814912516503 -1.30825831123002 -0.443383533823118 -0.420696340607895 0.352957397884188 -0.88044472638675 0 0 509 0 0 0 0 0 0 0 0 0 0
1 0.761382986407434 -0.34240045365083 -0.354668357284356 0.428956284505705 0.542059570978606 -1.2745262469495 0 0 510 0 0 0 0 0 0 0 0 0 0
1 0.252610798419319 0.933970271168606 1.0955412652919 -0.818440737620586 -0.519139371845978 -0.587243621720723 0 0 511 0 0 0 0 0 0 0 0 0 0
1 -0.736991531824275 -0.7433198359154 -0.842915203649506 0.129763189551041 0.231018893016233 0.691007092793988 0 0 512 0 0 0 0 0 0 0 0 0 0
1 1.2059213903504 0.901880588331656 -0.698685617301715 0.414862013603395 -0.900778122956697 0.173447298112436 0 0 513 0 0 0 0 0 0 0 0 0 0
1 -4.34029937308561 -3.33014591034808 1.19080749342073 -0.361704568205054 0.214783362927406 -0.20277031456114 0 0 514 0 0 0 0 0 0 0 0 0 0
1 -2.19890018701352 -1.19795463750335 -0.105189141252936 0.990839552280239 -0.119603395491468 0.126098036461179 0 0 515 0 0 0 0 0 0 0 0 0 0
1 0.128865570997708 -0.761867424229514 0.755131908525459 0.280803738800987 -0.317885465521502 0.253313176907571 0 0 516 0 0 0 0 0 0 0 0 0 0
1 -1.0529943839527 -0.0922314834259549 1.00514374912538 0.747119427561102 0.287900185555893 0.648376673173724 0 0 517 0 0 0 0 0 0 0 0 0 0
1 0.139935719501526 -1.34650967052051 -1.39068613307857 -0.793470705346792 0.354372114779479 0.147535056360782 0 0 518 0 0 0 0 0 0 0 0 0 0
1 0.458253219161625 0.196420202928097 0.801194828838724 0.386211916650408 -1.88556643396363 -1.08384347203074 0 0 519 0 0 0 0 0 0 0 0 0 0
1 -0.213953020736447 -0.219726156258362 -0.0067985827333729 -0.235843962597875 -0.660453653314334 -0.589561920219813 0 0 520 0 0 0 0 0 0 0 0 0 0
1 0.170685630120259 0.212531072707065 -0.103850615101135 1.2399171709307 0.462443645834305 0.0371017468834526 0 0 521 0 0 0 0 0 0 0 0 0 0
1 -2.54676792862763 -0.66526331933062 -1.25203515764845 0.124439581678871 0.198773535902842 -0.157256037525338 0 0 522 0 0 0 0 0 0 0 0 0 0
1 1.11307982835766 -0.56293645510672 -1.09180044132207 -0.618022176729623 -0.738312432547774 0.732389984396018 0 0 523 0 0 0 0 0 0 0 0 0 0
1 -5.37028171528652 -2.01690683770722 4.62779780828166 0.185319877590662 0.18804166538923 -0.197086230757406 0 0 524 0 0 0 0 0 0 0 0 0 0
1 -0.455916156867164 0.791434832014558 -1.01435644282533 -0.611344169229174 0.531560116437507 0.503511960356687 0 0 525 0 0 0 0 0 0 0 0 0 0
1 -0.148142358263012 0.642297030012872 -0.174123532021068 0.28611642278441 0.596563671846933 -1.59273836278869 0 0 526 0 0 0 0 0 0 0 0 0 0
1 -6.58180684289678 7.96173852128271 -10.3531872488731 0.0973327601349015 -0.415391276927734 -0.138135103743025 0 0 527 0 0 0 0 0 0 0 0 0 0
1 0.476916644994961 0.790383668312939 -0.570814005028404 -0.950552974439197 0.579257133239955 -0.308602505549116 0 0 528 0 0 0 0 0 0 0 0 0 0
1 -0.262809365058797 1.24718054335312 -0.535242753273998 1.28399164428376 -0.794666428473462 0.702964109356464 0 0 529 0 0 0 0 0 0 0 0 0 0
1 0.19358360461756 -0.412406186592685 0.114040178736095 -0.446087196591091 -1.34243441712765 -0.120490492939405 0 0 530 0 0 0 0 0 0 0 0 0 0
1 -0.096419816182221 0.0334283006239926 0.134068062740053 -0.652364702891349 -1.86668141812351 0.582453166689342 0 0 531 0 0 0 0 0 0 0 0 0 0
1 1.42284727625656 -0.0535163466973105 -0.0684070820742099 1.25055649689842 -0.0881032687530438 -0.664555633226201 0 0 532 0 0 0 0 0 0 0 0 0 0
1 -0.139745473364657 0.0681687419195495 -0.903901212037228 -0.0794631679406941 -0.659141927265636 -1.3254129543384 0 0 533 0 0 0 0 0 0 0 0 0 0
1 0.418044695467316 0.420262917569098 0.101799372347603 -1.28369308261446 -1.63820534599407 1.60317423053656 0 0 534 0 0 0 0 0 0 0 0 0 0
1 -0.0042989280687406 -0.0575207709498147 -0.466014659034531 -0.861793804341815 0.427543502953701 -1.32559242281026 0 0 535 0 0 0 0 0 0 0 0 0 0
1 -0.463689043808334 -0.192353410346185 -0.713696910725468 -0.648100494115879 -0.350821807199219 0.606028810322105 0 0 536 0 0 0 0 0 0 0 0 0 0
1 -4.10454533528998 3.2079746020097 0.225221726605139 0.427507150579064 0.00294449615999586 0.554428829613713 0 0 537 0 0 0 0 0 0 0 0 0 0
1 0.614619842710709 0.689928236585773 0.365239726308135 -0.78868521161629 1.26222093041742 1.39113469273304 0 0 538 0 0 0 0 0 0 0 0 0 0
1 0.0999296298470671 1.0040324448032 -0.415361342071333 0.52925737503425 0.57523033707878 1.04784628482575 0 0 539 0 0 0 0 0 0 0 0 0 0
1 2.51248704202606 2.03783002582452 -0.468830743067595 -0.083925656953549 0.766734051887109 0.169438029314724 0 0 540 0 0 0 0 0 0 0 0 0 0
1 -0.639606141492459 0.503204098004564 -1.77291235205606 -0.0772644214963252 -0.094246848926155 0.214724099400188 0 0 541 0 0 0 0 0 0 0 0 0 0
1 -0.112201900858224 -0.120514724269178 -0.408105089679266 -1.0838750454845 -0.0271974205892441 1.04307763653502 0 0 542 0 0 0 0 0 0 0 0 0 0
1 -0.111901024709987 -0.210431035459743 -0.250509239483679 -0.44275857869327 0.179476716984145 1.49637105859267 0 0 543 0 0 0 0 0 0 0 0 0 0
1 -0.704989483281206 -0.116943621820702 -0.580367138587584 0.995679832883791 -0.86976782195181 -0.305812006621884 0 0 544 0 0 0 0 0 0 0 0 0 0
1 2.22896734413926 0.909013450164846 -1.7196990152098 0.356376364798412 0.427237063265816 -1.0592596538681 0 0 545 0 0 0 0 0 0 0 0 0 0
1 0.123695239355191 -0.378086292293932 -1.23100400771411 -0.272657102575087 0.971763273385118 0.0106152175848709 0 0 546 0 0 0 0 0 0 0 0 0 0
1 0.170953054791059 0.18431378982116 0.22058818118782 0.297412151917782 -1.41917116845629 1.5606900368845 0 0 547 0 0 0 0 0 0 0 0 0 0
1 0.0549767406776263 -0.23030500069513 0.301135332550758 -0.16716178193016 -0.137535522295417 -0.612560139202194 0 0 548 0 0 0 0 0 0 0 0 0 0
1 -0.839487522557854 0.910299448920785 -0.531430735435808 1.01746363281651 0.0633030053414975 -0.240217945675376 0 0 549 0 0 0 0 0 0 0 0 0 0
1 0.408304887869919 -0.0319226946112705 -0.101077129202649 1.46708809589176 0.211260523830224 -0.251393407349076 0 0 550 0 0 0 0 0 0 0 0 0 0
1 0.347753510588609 0.0500693087210773 0.183195801510168 0.450474229465334 -0.257243992275256 0.0803233132604746 0 0 551 0 0 0 0 0 0 0 0 0 0
1 1.00270471539845 -1.68495605155571 1.3537799919361 -0.69892147290336 -0.813739266613351 -0.939749316910783 0 0 552 0 0 0 0 0 0 0 0 0 0
1 0.755724069911723 1.08090623810162 -0.654576011291845 -1.07075860793282 -0.326797917166083 0.178509227150477 0 0 553 0 0 0 0 0 0 0 0 0 0
1 0.279585591107166 -0.128449222770866 -0.0418438463715549 -1.01179461019083 -1.64013587884716 0.464014788299162 0 0 554 0 0 0 0 0 0 0 0 0 0
1 1.05307009938275 -0.063150305014807 -0.0098089147985968 -0.0587290573038281 0.150492892183372 -0.743032642139469 0 0 555 0 0 0 0 0 0 0 0 0 0
1 0.109840763971036 -0.0912586500902873 1.60072621997116 0.334680415046735 1.239008751773 -0.141899297801087 0 0 556 0 0 0 0 0 0 0 0 0 0
1 -0.557005349687055 0.473444884052395 -0.839226493498081 0.443860478289684 0.231133468382333 -0.0328174853959512 0 0 557 0 0 0 0 0 0 0 0 0 0
1 0.414188638813248 -0.138966987621885 -0.830295010255706 0.625381130119662 1.04489953188614 -0.646479838939919 0 0 558 0 0 0 0 0 0 0 0 0 0
1 -2.65134197755642 0.390716922805208 -2.00966620102159 0.525878930220156 -0.490318416949814 0.0594467147670006 0 0 559 0 0 0 0 0 0 0 0 0 0
1 0.618638975505137 0.172483123552128 -0.170065875612683 0.109783381160998 2.31464778919935 -0.679690196144674 0 0 560 0 0 0 0 0 0 0 0 0 0
1 0.134764464154459 -0.695778492709641 -0.0112012738269506 0.962053863763672 0.90561876213702 1.02085320332529 0 0 561 0 0 0 0 0 0 0 0 0 0
1 0.184592910716114 0.224846300898648 0.818213660602241 0.892439423385684 -0.861817238534744 0.765150091330033 0 0 562 0 0 0 0 0 0 0 0 0 0
1 -0.498982271742766 0.166280647046858 0.624333216039396 1.23172829556446 -0.871373629193113 -0.817476465683628 0 0 563 0 0 0 0 0 0 0 0 0 0
1 2.4849864204889 -0.103970918333164 -1.93186885139803 -0.693513865040359 0.805641596041138 0.0950560715360121 0 0 564 0 0 0 0 0 0 0 0 0 0
1 1.48429783016912 1.17651000463036 1.69066509759089 -0.786335221536624 0.675026238023962 0.547044923197787 0 0 565 0 0 0 0 0 0 0 0 0 0
1 0.156102771203286 0.826318086648036 -0.623765252230557 -0.645420088131497 -1.38028385074691 1.21695730113209 0 0 566 0 0 0 0 0 0 0 0 0 0
1 1.84659724860879 -0.745740370165992 0.551415807076012 0.164650951443435 0.556667997090663 0.786979761801578 0 0 567 0 0 0 0 0 0 0 0 0 0
1 0.873102089380313 -1.11476283351581 -1.83029452021423 -0.342831554560261 -0.494086122423331 -0.292924334075941 0 0 568 0 0 0 0 0 0 0 0 0 0
1 2.28611673185414 -2.91722391576411 -1.49710832711784 -0.594604276309313 -0.501372158466915 0.293182974648576 0 0 569 0 0 0 0 0 0 0 0 0 0
1 -1.1262232185408 -0.623335884997548 0.504034496108031 -1.0541584737952 -0.913350827296685 0.215482132311132 0 0 570 0 0 0 0 0 0 0 0 0 0
1 -0.285535588787963 1.26438752821132 0.602023798500051 -0.776135162140455 0.889659652578366 0.516394454486074 0 0 571 0 0 0 0 0 0 0 0 0 0
1 0.107326578248077 0.196052257071699 -0.609932316442286 0.510588561056126 0.822767323236026 0.196196063633858 0 0 572 0 0 0 0 0 0 0 0 0 0
1 0.368407630897797 -0.131466076087735 0.505637720777006 -0.583254473518883 0.685907166539702 -0.43592122443752 0 0 573 0 0 0 0 0 0 0 0 0 0
1 4.44124461309391 -1.17587631075622 3.3361450440714 0.138697237538449 0.184056396584565 0.0897755314215106 0 0 574 0 0 0 0 0 0 0 0 0 0
1 -0.191385404294942 0.0214241748618387 0.604972087062918 -0.604075061049322 -1.08264812009613 -1.65855805208297 0 0 575 0 0 0 0 0 0 0 0 0 0
1 1.27465482381225 -0.592378009710709 1.23884006061832 0.487614413941002 0.563058745292444 -1.27784866273468 0 0 576 0 0 0 0 0 0 0 0 0 0
1 -0.230764994725689 0.405526200214505 0.541986095179886 -0.507260013237826 -0.421816864963372 -0.14275527941014 0 0 577 0 0 0 0 0 0 0 0 0 0
1 1.71784699148857 -1.32632516356636 1.00374558809418 0.0672680885652128 0.516468188526248 0.976049434433168 0 0 578 0 0 0 0 0 0 0 0 0 0
1 -0.0071482298380156 0.40218261573772 -0.21388592871105 -1.0668814115918 1.10455523315255 -0.992365096545217 0 0 579 0 0 0 0 0 0 0 0 0 0
1 0.595834467825948 -0.180083041986448 0.511223594153376 0.0321554708055072 0.74279671089181 -0.419242329461179 0 0 580 0 0 0 0 0 0 0 0 0 0
1 3.17048695680144 1.70073636626905 2.50146292728645 0.474819196046671 -0.0178452093362765 -0.352277804655138 0 0 581 0 0 0 0 0 0 0 0 0 0
1 0.194291796729369 0.0078157535164422 0.0360041615987313 -0.0153434709979163 -1.69021297905059 0.798542019646984 0 0 582 0 0 0 0 0 0 0 0 0 0
1 0.160403759485605 1.78109637371944 -0.899444220042513 -0.650267093827117 0.107219945000423 0.0957318480701572 0 0 583 0 0 0 0 0 0 0 0 0 0
1 -5.88938534989991 2.2977786401242 0.644160973385261 0.0207190714214942 0.391855298252235 -0.730488065693473 0 0 584 0 0 0 0 0 0 0 0 0 0
1 0.563527113376398 -1.09779539506463 1.36017826434083 1.07141249741024 0.257300798308653 -0.571606657016696 0 0 585 0 0 0 0 0 0 0 0 0 0
1 -0.508752512497922 -0.109290053711581 -0.287155822775467 1.17841238609241 0.389250065816874 -0.118349363901907 0 0 586 0 0 0 0 0 0 0 0 0 0
1 0.120474930406024 0.415049436053928 0.0756194670861669 -0.790887886802023 1.27436856923354 -0.144070506916867 0 0 587 0 0 0 0 0 0 0 0 0 0
1 -1.55471542235938 -0.766077156742359 -0.528819294604236 1.12544861935829 0.696792006254156 -0.877580189307421 0 0 588 0 0 0 0 0 0 0 0 0 0
1 -0.0833154338904592 -0.400492393680867 -0.0105509822485799 -1.63417591498246 -0.655331813081633 -0.336952613754605 0 0 589 0 0 0 0 0 0 0 0 0 0
1 0.716985747475129 0.66876518586541 0.839400381922071 -0.262800093937763 0.826774505469264 -1.50330250438832 0 0 590 0 0 0 0 0 0 0 0 0 0
1 0.592771949279444 -0.607070662376026 0.108022879664692 -0.467882574961791 -0.261797783765677 0.255073598528461 0 0 591 0 0 0 0 0 0 0 0 0 0
1 0.267115627953825 0.393052317218324 0.543686652839633 -0.321244591784726 1.41969287256546 -0.855180239984984 0 0 592 0 0 0 0 0 0 0 0 0 0
1 0.205011724520607 -0.713339477945452 0.754170943689951 -1.0464050650666 -0.12495793461204 1.31396518716683 0 0 593 0 0 0 0 0 0 0 0 0 0
1 0.0968141531555168 0.0151878905968607 -0.243576063367445 -1.08876162963239 -1.57463092029831 0.102415648854876 0 0 594 0 0 0 0 0 0 0 0 0 0
1 0.828316564472107 0.415254108053724 -0.367763929895298 -0.545170924192142 0.240535443332312 0.0859541224715253 0 0 595 0 0 0 0 0 0 0 0 0 0
1 -0.948916247509054 0.366553558898037 0.348138603917211 -0.173866747683051 1.35711859932153 -0.199283036576129 0 0 596 0 0 0 0 0 0 0 0 0 0
1 -0.645088261343513 0.0553247562673381 -0.302297721794664 -0.603608754084853 1.20345985922246 0.822261528814846 0 0 597 0 0 0 0 0 0 0 0 0 0
1 1.16667140019697 1.27210060095965 -0.968739017133091 -0.228536532276924 0.149521533862484 -1.30230679541183 0 0 598 0 0 0 0 0 0 0 0 0 0
1 0.0341880251012618 0.4068723338985 0.0844077712292917 0.0409612016458577 1.02339401122208 -0.43264206523435 0 0 599 0 0 0 0 0 0 0 0 0 0
1 -11.6534344077404 -7.92733875823583 0.704968698981728 -0.257322904640376 0.197964404486025 0.243241792445505 0 0 600 0 0 0 0 0 0 0 0 0 0
1 -0.11807979236512 0.206399947687583 -0.159765699975104 -0.258292275606932 0.56649567112408 -0.078984426840199 0 0 601 0 0 0 0 0 0 0 0 0 0
1 1.90122906875347 -0.178116440023373 -1.13098425368181 -0.26483055245844 0.448128322084347 0.395143357791944 0 0 602 0 0 0 0 0 0 0 0 0 0
1 -0.534615918744813 0.972513388654284 -0.0339617890308802 0.686240248266959 -0.657803107568729 0.0208992950138524 0 0 603 0 0 0 0 0 0 0 0 0 0
1 0.858995999731758 0.957777573040704 -0.309675732245634 0.320747666661662 -0.0787911975366202 0.759897484239553 0 0 604 0 0 0 0 0 0 0 0 0 0
1 -0.814991012538159 -0.0907766202526401 0.0510223875801944 -0.139862011251271 0.229286937666749 0.164953570214583 0 0 605 0 0 0 0 0 0 0 0 0 0
1 -1.54595642747654 -5.60583732903257 -2.98615999035994 -0.0687025962846671 0.00939974681306485 -0.4195836952204 0 0 606 0 0 0 0 0 0 0 0 0 0
1 0.366189588049625 0.0305713243948119 0.537629076310472 -0.502608703825801 -0.0745584481586296 -1.3457334369492 0 0 607 0 0 0 0 0 0 0 0 0 0
1 0.160908696775369 0.251057931064467 -1.03264071522689 -1.60576173932105 0.341919422504898 -1.56111631227765 0 0 608 0 0 0 0 0 0 0 0 0 0
1 -2.29771153105048 0.158924771113636 1.3422992886323 0.622074616756728 0.471390808468942 -0.387617323483989 0 0 609 0 0 0 0 0 0 0 0 0 0
1 -0.925335598311033 -0.422192402794297 -0.885105191995065 -0.173433508051501 0.290517864230638 -1.18351388879395 0 0 610 0 0 0 0 0 0 0 0 0 0
1 0.832565070362787 -0.698852597192572 0.600376492982358 0.339198623864689 -0.153802087691016 -0.837059594790975 0 0 611 0 0 0 0 0 0 0 0 0 0
1 0.449783525786274 -0.346134590461932 -0.299994923762852 0.0924731739800369 -0.671587325389827 1.2978026312375 0 0 612 0 0 0 0 0 0 0 0 0 0
1 1.36584843129612 -0.621834135755419 1.16850987326328 -0.702886793320019 -1.07463391272318 0.884602288893317 0 0 613 0 0 0 0 0 0 0 0 0 0
1 -0.758060421093253 0.39859624308704 -0.341575336575428 -1.55415633258376 0.773783615053727 -0.958646070156755 0 0 614 0 0 0 0 0 0 0 0 0 0
1 0.0708884370487316 0.256901913134448 0.802908203775507 -0.298110325093765 -0.622143106697043 -0.406049643675641 0 0 615 0 0 0 0 0 0 0 0 0 0
1 0.300554576085944 0.155627712891513 -4.62297275969589 -0.143769520940533 -0.203783481939376 0.334588832671255 0 0 616 0 0 0 0 0 0 0 0 0 0
1 0.0193121354385396 -1.01874307932907 -0.107738292406159 -0.356229650224458 0.393063986087237 -0.10523924752155 0 0 617 0 0 0 0 0 0 0 0 0 0
1 1.54699566387874 -1.54022145573433 -0.172537083424528 -0.128763639223139 0.962542434631513 -0.00639120603898447 0 0 618 0 0 0 0 0 0 0 0 0 0
1 -0.155237711961472 0.550545657551551 -0.0417120581995542 1.11395897085463 0.561845564479444 -1.62165702969408 0 0 619 0 0 0 0 0 0 0 0 0 0
1 -0.222968984650477 0.217617461645867 -0.413010099365116 0.944184228359949 0.0149195036829414 0.434146814611589 0 0 620 0 0 0 0 0 0 0 0 0 0
1 -0.199597978278401 0.711249253186942 -0.0378765302467976 -0.3369413769777 0.716042017482858 0.970432116402711 0 0 621 0 0 0 0 0 0 0 0 0 0
1 0.29684263232211 1.41594317656808 1.02548278165726 -0.0018753138313649 -0.511949164648468 -0.65776563770341 0 0 622 0 0 0 0 0 0 0 0 0 0
1 0.0859704373965706 -0.152937921818601 -0.351080959751319 -0.91977791559148 0.412745044225547 0.302311866068951 0 0 623 0 0 0 0 0 0 0 0 0 0
1 0.319914389252649 0.0240857433133287 0.152488789660673 -0.962714928741612 -0.0444431189793678 -1.75008804733205 0 0 624 0 0 0 0 0 0 0 0 0 0
1 0.7451089254461 -0.162124159341485 -0.165533182991497 -0.896491181282241 -1.72381908683092 -0.170995681324406 0 0 625 0 0 0 0 0 0 0 0 0 0
1 0.565976931768946 0.0837674678733454 -1.24491512802162 0.361820485959732 0.432441611403369 -0.216395731977394 0 0 626 0 0 0 0 0 0 0 0 0 0
1 0.599279113990629 0.356442177447206 -0.153860791910211 -0.750975979253818 0.21709130389885 0.0940607529059506 0 0 627 0 0 0 0 0 0 0 0 0 0
1 0.520435146583095 0.348051323989484 -0.756009024806242 1.12880716141616 0.745557448841208 -0.261214873231025 0 0 628 0 0 0 0 0 0 0 0 0 0
1 0.104730449525699 -0.433527618194955 0.121287786588662 0.79060601589386 0.105338465808862 -0.892524169114695 0 0 629 0 0 0 0 0 0 0 0 0 0
1 0.860157977943037 0.243781759408253 0.703928361268353 -0.138279534351161 0.754980474314931 -0.703668657152685 0 0 630 0 0 0 0 0 0 0 0 0 0
1 1.0228324829711 0.670072184939839 -0.26158776075194 0.509049297438198 -0.0542167303975675 -0.15543389061807 0 0 631 0 0 0 0 0 0 0 0 0 0
1 -0.0023102092049326 0.484555515182952 -0.731079847532578 0.781769444440392 1.30626095454437 -0.982756312572693 0 0 632 0 0 0 0 0 0 0 0 0 0
1 0.430307316934234 1.06129053827132 -0.109449343042259 0.639535695691524 -0.206529596275387 1.10246075920769 0 0 633 0 0 0 0 0 0 0 0 0 0
1 1.60891554156477 0.885782688586754 0.567361889016658 0.631024672299941 0.212687857973394 -0.124679782527663 0 0 634 0 0 0 0 0 0 0 0 0 0
1 0.343402287366969 -0.170361066816438 0.195429317632596 -1.38269921603956 0.538093339906888 -0.557021174039068 0 0 635 0 0 0 0 0 0 0 0 0 0
1 0.384100179259324 2.45892246454294 0.131835875960707 -0.260930056852302 0.849830921851878 0.375369309967197 0 0 636 0 0 0 0 0 0 0 0 0 0
1 0.166878621719065 -0.473283851894555 0.778701670387896 0.0843972303876285 0.889916641377844 0.880931392821866 0 0 637 0 0 0 0 0 0 0 0 0 0
1 -0.55016459835402 0.852528424235595 0.578225171018453 0.632614169134855 0.0195565433182605 -1.21599979535244 0 0 638 0 0 0 0 0 0 0 0 0 0
1 -0.105329782187132 0.682938126081366 0.201438633354307 -1.23331171557762 0.194856521446746 0.997095741631521 0 0 639 0 0 0 0 0 0 0 0 0 0
1 -0.535729191651762 0.754289427719553 0.316530303535698 0.962660518152786 0.224437334979983 -0.579488500228142 0 0 640 0 0 0 0 0 0 0 0 0 0
1 -0.529944374869202 0.197665673728174 -0.557338510698886 -0.293866672899501 -1.27119367133168 -0.126469847321891 0 0 641 0 0 0 0 0 0 0 0 0 0
1 -1.92817725454599 1.33562275030086 -0.439544977725029 -0.255806144536087 -0.848542098914025 -0.267659378967655 0 0 642 0 0 0 0 0 0 0 0 0 0
1 -0.221602027964051 0.639128341524154 0.107764061922564 -0.265230987001875 0.159946343523388 -1.42383838193554 0 0 643 0 0 0 0 0 0 0 0 0 0
1 1.3289238323278 0.407288319573036 -0.159412972786985 -0.588951154258793 0.974889321033695 0.267489123471945 0 0 644 0 0 0 0 0 0 0 0 0 0
1 -0.933676067741643 -0.0698591008815799 -0.33430353795273 -0.00715941152557998 -0.933272908362783 -0.637537605464906 0 0 645 0 0 0 0 0 0 0 0 0 0
1 0.683177891664217 -0.0535908645253827 -0.560095116330508 0.822519544895428 0.522293591482825 0.646292708460852 0 0 646 0 0 0 0 0 0 0 0 0 0
1 -1.1884614815458 0.35444899501139 0.789203798756554 -0.234921188688455 0.728290041458202 0.581656582060078 0 0 647 0 0 0 0 0 0 0 0 0 0
1 -0.112260331215265 0.151743485765582 -0.121072261142812 -0.951150046815439 0.121186902237667 2.03097968646062 0 0 648 0 0 0 0 0 0 0 0 0 0
1 -2.22742235600807 -0.671431417611412 0.757760497114964 -1.22263719295968 -0.0436793044939201 -0.144616526866811 0 0 649 0 0 0 0 0 0 0 0 0 0
1 -1.08386968477511 -0.579602499244753 -0.0318105253677533 -0.287693769169107 0.0344299634458487 -0.285605769633523 0 0 650 0 0 0 0 0 0 0 0 0 0
1 -0.277162145985736 -0.649637646150393 0.700431791591388 -0.41800805528142 -0.307162476961656 0.0209826662503038 0 0 651 0 0 0 0 0 0 0 0 0 0
1 0.692273047964919 0.0638422022095907 -0.499444362054536 1.27250564147375 0.563581412417278 0.323896047277538 0 0 652 0 0 0 0 0 0 0 0 0 0
1 -0.456617591341759 1.0726482221828 1.51286021598761 1.46184464607445 -0.419928940608452 0.106521149852913 0 0 653 0 0 0 0 0 0 0 0 0 0
1 -0.0060284831105295 -0.0737996317636331 0.0362901116146492 -0.739857108816949 1.42253735338604 -0.0895339297234763 0 0 654 0 0 0 0 0 0 0 0 0 0
1 -0.608399653783913 -0.25694233101734 0.422958673454463 1.47593315958168 -0.16457099365794 -1.13387325396819 0 0 655 0 0 0 0 0 0 0 0 0 0
1 -0.52368152198131 0.554107526948393 -0.379130729431007 -0.508614134984834 0.348155196548795 0.550924921042372 0 0 656 0 0 0 0 0 0 0 0 0 0
1 0.171445033298287 -0.0698165934342511 -0.0432934800154093 -1.22252543338293 -0.399188258828235 1.45280047845502 0 0 657 0 0 0 0 0 0 0 0 0 0
1 0.0105386702239566 0.710408420555499 0.504801403197931 1.4925606961338 -0.204297976612791 0.584769168425743 0 0 658 0 0 0 0 0 0 0 0 0 0
1 1.11673938007451 -0.131293221201914 -0.370114022490097 0.370680424580204 -1.56272840128743 -0.136325686970607 0 0 659 0 0 0 0 0 0 0 0 0 0
1 0.158439249954325 0.222278552025023 -0.250089907760658 0.034856012803652 -0.31012438080516 -0.561840580015147 0 0 660 0 0 0 0 0 0 0 0 0 0
1 0.0492246444263164 -0.324780133050975 0.126195830122844 1.14798728399601 2.21098799904677 -0.848261024439783 0 0 661 0 0 0 0 0 0 0 0 0 0
1 -0.18207435436371 -0.0426952331816574 0.02800586408234 1.80409245269781 -0.30124352538948 0.450589370971828 0 0 662 0 0 0 0 0 0 0 0 0 0
1 -0.0611749863555334 -0.0664651953834248 -0.318474968072055 0.106607470541581 -2.14094791771277 0.237687911109771 0 0 663 0 0 0 0 0 0 0 0 0 0
1 1.00404084604587 1.62924991294507 1.65978567336322 0.467804527593029 0.594822501378998 -0.0988050142061957 0 0 664 0 0 0 0 0 0 0 0 0 0
1 -1.20668871817144 0.0192728662390063 -0.101588588857 0.445322946373878 0.887609660840644 -0.519228754648347 0 0 665 0 0 0 0 0 0 0 0 0 0
1 0.602315647755491 -0.398539309138554 -0.163402920579198 -0.0351327359278242 0.794676608068928 -0.345206353732116 0 0 666 0 0 0 0 0 0 0 0 0 0
1 0.615632610432015 -0.680875171634234 0.910090657485438 -0.147889518868327 0.586264753775455 0.411295013129166 0 0 667 0 0 0 0 0 0 0 0 0 0
1 0.473738463412849 -0.0342245937538108 0.556071558524711 0.219141391107318 0.108145309049638 0.782049741035536 0 0 668 0 0 0 0 0 0 0 0 0 0
1 0.0211555702363276 -0.367456649241329 -0.782383788419062 0.327735675551178 -0.318904197212629 -0.634159696984442 0 0 669 0 0 0 0 0 0 0 0 0 0
1 -0.46480854253943 -0.0030514674031398 -0.245263544911293 -0.31420929842149 0.0821270100640814 0.0526154101369611 0 0 670 0 0 0 0 0 0 0 0 0 0
1 0.0572655539041037 -0.220256922160966 -1.12032881153408 -0.203086349737157 -0.0347703958817021 -1.12039524799008 0 0 671 0 0 0 0 0 0 0 0 0 0
1 0.0274610617753454 -0.196162772222976 1.7849069829455 1.16619649766305 -0.52478151210765 0.575273225348076 0 0 672 0 0 0 0 0 0 0 0 0 0
1 0.801906594674045 -0.615893686485506 -1.73294800470616 -0.493026498507814 0.117976042454354 -0.845164559137025 0 0 673 0 0 0 0 0 0 0 0 0 0
1 0.321779610299913 -0.0575832731428118 -0.551988357250643 -0.646353188981884 -0.326266613364918 -0.308339765034184 0 0 674 0 0 0 0 0 0 0 0 0 0
1 1.50180904980664 -2.45413349179336 1.58828462121184 -1.02355275414358 -0.217798172979113 -0.465588032431137 0 0 675 0 0 0 0 0 0 0 0 0 0
1 1.3147012210686 0.525580960122963 1.33867977329251 -0.0811557305548017 -1.45114911016239 0.397140793652099 0 0 676 0 0 0 0 0 0 0 0 0 0
1 0.176782406852379 -0.0627413272289751 -0.271238321015547 1.13609542215043 0.607373567939843 -0.514806848269626 0 0 677 0 0 0 0 0 0 0 0 0 0
1 0.0202510669359899 0.545232149331466 -0.107476023406685 0.430405118831804 -0.289114746622335 -0.665666542988043 0 0 678 0 0 0 0 0 0 0 0 0 0
1 -0.716308360479762 -1.51181651218415 -1.80427860273619 -0.627236439540277 -0.494310363401382 0.460669423097779 0 0 679 0 0 0 0 0 0 0 0 0 0
1 -0.233762226809406 -0.757798313913992 -0.600036389716512 1.0245432665337 -0.189414444619755 -0.533065332963949 0 0 680 0 0 0 0 0 0 0 0 0 0
1 0.335473882951467 -0.661968433205217 -0.858066012967419 -0.786814579312839 -1.53473779411772 -0.969428136146452 0 0 681 0 0 0 0 0 0 0 0 0 0
1 -1.50824313020991 -1.82127165048865 -1.38928127423895 -0.276433917779057 1.08133052835584 -0.663321455258754 0 0 682 0 0 0 0 0 0 0 0 0 0
1 0.0075766705253957 0.402652147275013 -0.274064843237701 -0.0569468118823397 -1.81402529717918 -0.822954001369033 0 0 683 0 0 0 0 0 0 0 0 0 0
1 0.216823816868775 0.203409026519607 -0.229778042610474 -0.265780275887897 1.65559234788223 -1.09210042177141 0 0 684 0 0 0 0 0 0 0 0 0 0
1 -0.463118620089094 -0.44192667631946 -2.17456922051014 -0.57566808786612 0.431130567403085 0.151035182384398 0 0 685 0 0 0 0 0 0 0 0 0 0
1 0.590691142651749 0.50917393810026 -0.700052815778055 -0.673745295067009 0.38425945228996 0.310274642662538 0 0 686 0 0 0 0 0 0 0 0 0 0
1 -0.0775253616058087 0.775754501336998 -0.128999477552239 -0.281391362286932 -0.0974660846451277 0.70025315980302 0 0 687 0 0 0 0 0 0 0 0 0 0
1 0.0783119902975025 -0.778025293275933 -0.345390433374235 -0.368219405702991 -1.88107933721251 -0.7323315107336 0 0 688 0 0 0 0 0 0 0 0 0 0
1 0.879366352810254 -1.24247479345326 0.454900211011534 -0.115897932369316 0.720814970001687 -1.08538435652084 0 0 689 0 0 0 0 0 0 0 0 0 0
1 0.23521242029365 -1.22528630747268 -0.0485790855971411 0.234437400853586 -0.239086318098805 -0.412896093301296 0 0 690 0 0 0 0 0 0 0 0 0 0
1 0.552544239470656 0.259124965342561 -0.583273828376024 -0.0744382013414248 -1.25383814526013 -0.194962944909191 0 0 691 0 0 0 0 0 0 0 0 0 0
1 -0.050309033563497 -0.146630009977102 -0.81237631139203 -1.34047130632666 -0.153316861312422 0.800473894621472 0 0 692 0 0 0 0 0 0 0 0 0 0
1 0.157769696974612 -1.0560761302867 -1.52249275072815 -1.44317524705798 0.658803985919748 -0.374097883715813 0 0 693 0 0 0 0 0 0 0 0 0 0
1 0.129299342026154 -0.303851300265893 -0.257647675665707 -0.349805381845364 -1.25553346577953 0.55525783724076 0 0 694 0 0 0 0 0 0 0 0 0 0
1 0.233974866458508 -0.318325059197185 1.04783031515211 -0.117130171503217 0.499253602573568 0.88267256300543 0 0 695 0 0 0 0 0 0 0 0 0 0
1 0.294196086777616 -0.0026647826085982 -3.20936582074729 0.693158797058359 0.665014497046553 0.615590420143147 0 0 696 0 0 0 0 0 0 0 0 0 0
1 0.277100935632011 -0.224821602692115 -0.27659048849786 0.492757330454728 0.446451795706776 -0.280526334968088 0 0 697 0 0 0 0 0 0 0 0 0 0
1 -1.42925564200235 -0.710996008162545 -1.21977838805756 0.486584455206906 -0.526871879684821 0.0272970045537926 0 0 698 0 0 0 0 0 0 0 0 0 0
1 0.359040191948887 1.62945241897807 3.96421804325475 -0.524469544024923 -0.385849012731857 -0.977333821783449 0 0 699 0 0 0 0 0 0 0 0 0 0
1 0.248818194220472 0.134155687126531 0.0929489382344108 -0.974621056293765 0.623315060495174 -1.87613728212129 0 0 700 0 0 0 0 0 0 0 0 0 0
1 -0.684328471599854 -0.0923490310361766 0.0264308519545037 1.11604993191251 0.443131496997552 0.843005020434257 0 0 701 0 0 0 0 0 0 0 0 0 0
1 -0.30887419745593 -0.705387900540386 0.475201909791361 1.08431679658642 0.120670261055005 0.382635784316273 0 0 702 0 0 0 0 0 0 0 0 0 0
1 0.461799513278098 -0.644440277057994 0.165013836032736 1.68458259539043 -0.269625772151658 0.251248588780568 0 0 703 0 0 0 0 0 0 0 0 0 0
1 0.82668359530791 -0.0180606246237965 -0.60122464052919 -0.935828141685168 0.552106316126234 0.360434557019207 0 0 704 0 0 0 0 0 0 0 0 0 0
1 -0.666236797044684 -0.583970576441215 1.33435260326576 -0.00352654737707661 0.565555061202837 -0.365733785906751 0 0 705 0 0 0 0 0 0 0 0 0 0
1 0.53372013728685 0.782273658470645 0.0781797679751541 0.662971380309455 0.145718010500282 -1.04499541177606 0 0 706 0 0 0 0 0 0 0 0 0 0
1 0.176432239118153 0.12874814501226 -1.29118988689151 0.810703002380436 0.834153560673782 0.686923571362513 0 0 707 0 0 0 0 0 0 0 0 0 0
1 -0.782841063065302 -0.205948022713199 0.622979175664433 0.0484374937798813 0.464897870707804 1.0291257174144 0 0 708 0 0 0 0 0 0 0 0 0 0
1 -0.191202993951389 0.353677820520326 0.245087736849724 -1.93900146186172 0.598224908276289 1.06957480478227 0 0 709 0 0 0 0 0 0 0 0 0 0
1 -0.410434714126554 0.463072482630659 -0.766495711828556 0.53112459469368 -0.0705931877345834 1.86035436526864 0 0 710 0 0 0 0 0 0 0 0 0 0
1 -0.0172170594075274 0.0626599048136329 -0.378479467747871 0.167067247711894 -0.952480211002549 0.288486670311295 0 0 711 0 0 0 0 0 0 0 0 0 0
1 0.351300905487077 0.323689605998785 -0.183906832616862 0.138000600825038 -0.872568670916293 1.47334997979693 0 0 712 0 0 0 0 0 0 0 0 0 0
1 0.39604716092355 -0.153441979209439 0.107153010493681 -0.341519754762563 -1.34484535502054 -0.89986845674443 0 0 713 0 0 0 0 0 0 0 0 0 0
1 0.259100619088849 0.297392715768652 0.380979568451204 -0.535324836861416 0.223557705001239 -0.389370241242788 0 0 714 0 0 0 0 0 0 0 0 0 0
1 -0.127559197456643 -0.645911091835088 0.0096204100770305 0.359381452215471 -0.483569351560497 -1.31895439038188 0 0 715 0 0 0 0 0 0 0 0 0 0
1 1.13832290158661 6.27189563078637 5.50544950597481 -0.250585004330947 0.24681272556891 -0.553561693975209 0 0 716 0 0 0 0 0 0 0 0 0 0
1 1.31356122317937 -0.777387156688977 -0.319153956827771 0.0351568638113399 -0.0771146175479069 1.41512539443384 0 0 717 0 0 0 0 0 0 0 0 0 0
1 -1.11213356976473 -0.229590512515398 -0.682708876187077 -0.0452442217683629 -0.831714248241851 -1.20641454762933 0 0 718 0 0 0 0 0 0 0 0 0 0
1 -0.29650472027721 -0.362315797246694 0.173365486387427 -1.58504061406382 -0.317454067009305 0.592957257465859 0 0 719 0 0 0 0 0 0 0 0 0 0
1 1.08161119733659 -0.220074212067249 -0.473828893173558 0.925481472710147 1.27764261786069 0.589556463138141 0 0 720 0 0 0 0 0 0 0 0 0 0
1 -0.102124197916271 -0.891543565871984 -0.0096978874046316 0.758314886013565 0.793774512796296 0.920955049967085 0 0 721 0 0 0 0 0 0 0 0 0 0
1 -0.48173503229834 -0.175674481993667 -4.68572475686963 -0.110043427962067 0.228453029344395 0.119956504278769 0 0 722 0 0 0 0 0 0 0 0 0 0
1 0.388379371011059 -0.67686497162844 -0.011409803504682 -0.738402293207861 1.48827881188442 -1.14408236014768 0 0 723 0 0 0 0 0 0 0 0 0 0
1 -0.154210926126688 0.296612384189339 0.148812937783543 0.479589378845877 -0.331802924314134 0.713930452123207 0 0 724 0 0 0 0 0 0 0 0 0 0
1 -0.57937993377407 -1.21322199850602 -0.632392108462435 0.263970524654454 -0.24140176087515 -0.320480442353065 0 0 725 0 0 0 0 0 0 0 0 0 0
1 -0.0767824713456302 -0.520790467018906 -0.422681082569937 -0.647136985348368 -0.149462972861416 0.167525338094547 0 0 726 0 0 0 0 0 0 0 0 0 0
1 -1.2629520392554 0.769565911260016 -0.356705692512428 -0.518873308101944 0.587427741873836 0.749972661923997 0 0 727 0 0 0 0 0 0 0 0 0 0
1 0.0345691470049131 -0.198072553353343 -0.158340480959454 1.32062637650458 -0.93864957219364 -0.257423366036994 0 0 728 0 0 0 0 0 0 0 0 0 0
1 -0.0174345462495342 1.08064757802436 0.15829055022582 -0.710686037010275 1.22348706516907 0.864043318238493 0 0 729 0 0 0 0 0 0 0 0 0 0
1 0.720505046331451 -0.51513254712368 -0.170387336790192 -0.366876222426706 1.79926768919311 -0.284293263459932 0 0 730 0 0 0 0 0 0 0 0 0 0
1 0.425341599365597 1.15844872897662 -1.44019687577257 1.0566622601368 -0.499729450091253 -0.125795391628677 0 0 731 0 0 0 0 0 0 0 0 0 0
1 0.335051084804762 0.364045996841305 0.396086394096122 -0.269576812704103 -2.13313164827339 0.662697700180528 0 0 732 0 0 0 0 0 0 0 0 0 0
1 1.94532614526171 0.259601669449503 0.814531334881551 0.643357375179175 0.460049044231889 0.388126487964187 0 0 733 0 0 0 0 0 0 0 0 0 0
1 0.0887937743030941 0.0741331122645771 0.170850531386994 -0.188432768721997 2.38334011169165 -0.284640323496261 0 0 734 0 0 0 0 0 0 0 0 0 0
1 0.518965628862875 0.571648211412768 0.111490937135856 0.574020772380728 0.245418499818041 -0.90932021061334 0 0 735 0 0 0 0 0 0 0 0 0 0
1 0.156150378353132 -0.313145096736107 -0.429473210744815 1.36036009601554 -1.06040991951766 -0.757224979484919 0 0 736 0 0 0 0 0 0 0 0 0 0
1 0.275171797279729 -0.16286814235639 -0.749133653683527 1.34732984853231 0.51101933358717 1.97392732871279 0 0 737 0 0 0 0 0 0 0 0 0 0
1 0.645745288631529 -0.180290286431161 -0.0563948774074877 0.561491901013235 0.177941234333897 1.11570028994498 0 0 738 0 0 0 0 0 0 0 0 0 0
1 0.512318088787116 0.534092800119722 -0.202882344746488 -0.706279137995176 -1.56181373837487 0.167120634533091 0 0 739 0 0 0 0 0 0 0 0 0 0
1 -0.970924160755057 0.288208531982903 -0.687456497926817 0.473257011205631 -0.289211002683901 -0.2377483922316 0 0 740 0 0 0 0 0 0 0 0 0 0
1 0.36908802328045 0.841038723403595 0.2188708001771 0.610353823024413 0.219310496914111 0.150872730494652 0 0 741 0 0 0 0 0 0 0 0 0 0
1 -2.23736633918198 1.738489212776 1.03473382130342 0.418159429653493 -0.243834348829157 0.41765107295196 0 0 742 0 0 0 0 0 0 0 0 0 0
1 -0.0969769355100291 0.490073516611186 0.101827185787538 -1.99328446147161 0.92882182467989 0.517307552566927 0 0 743 0 0 0 0 0 0 0 0 0 0
1 0.397328864782891 0.29953388296943 -0.015361929117855 -0.372175428026408 0.955706085992036 1.68894154322556 0 0 744 0 0 0 0 0 0 0 0 0 0
1 0.473713541172264 0.146941723857167 -1.50384966581583 0.0996328984176564 0.42506326634447 -1.37766544609502 0 0 745 0 0 0 0 0 0 0 0 0 0
1 0.233393907163232 0.527017113536992 0.0601214370734626 1.13414048084091 1.23417746296955 -0.851904882060503 0 0 746 0 0 0 0 0 0 0 0 0 0
1 -0.0382044096026571 0.699704677921062 0.938273642241597 0.368922271681317 0.829826937850401 0.291649668232885 0 0 747 0 0 0 0 0 0 0 0 0 0
1 2.13965488561456 -3.91707165455853 -0.357700479827389 -0.181251848138574 0.284623969697543 0.373928832457945 0 0 748 0 0 0 0 0 0 0 0 0 0
1 -0.0353641471774319 -0.542856283866197 0.185961254554299 0.22083225929384 0.670288009027498 0.864427875912983 0 0 749 0 0 0 0 0 0 0 0 0 0
1 -0.559015632157225 -0.858728066292238 0.269880772321098 0.430694657545187 -0.278936075867324 1.03048666255219 0 0 750 0 0 0 0 0 0 0 0 0 0
1 0.0703296853395079 0.0213395007182576 0.200428746878101 0.316217584197256 0.427489173651553 0.319021447323733 0 0 751 0 0 0 0 0 0 0 0 0 0
1 -0.126129944124597 -0.349708781913271 -0.0673288980021504 -0.165912387536068 -1.35912412482643 0.658374544898784 0 0 752 0 0 0 0 0 0 0 0 0 0
1 1.27172928811369 0.215915952573795 0.297461517264859 -0.587441341591989 0.0864990884579596 -0.966840797943628 0 0 753 0 0 0 0 0 0 0 0 0 0
1 -0.0109363812540986 0.148581111329655 -0.792169601896553 -0.993080475953494 1.04058626615979 0.131662775002582 0 0 754 0 0 0 0 0 0 0 0 0 0
1 -0.373910475038972 0.584244372796589 -1.03199117951817 0.433516609190602 -0.304905875580477 -0.707980832130445 0 0 755 0 0 0 0 0 0 0 0 0 0
1 -1.86567215319411 -0.524809786780717 -1.26925313961901 0.228214437843149 -0.0355716464686036 -0.649765991896266 0 0 756 0 0 0 0 0 0 0 0 0 0
1 1.73041701475683 -1.1375715548314 2.03816846476473 -0.525594520004979 -0.754396651866587 -0.431175920654584 0 0 757 0 0 0 0 0 0 0 0 0 0
1 0.451753857057495 -0.305696339686644 -0.53046174630826 -0.50939382912084 -0.779575190843342 -0.486762957853966 0 0 758 0 0 0 0 0 0 0 0 0 0
1 -1.38904390575145 -0.0055667494515453 0.345479890108728 0.396175724286334 -0.845644506810886 1.23071478238721 0 0 759 0 0 0 0 0 0 0 0 0 0
1 0.0430792190916715 -0.257163105570351 -0.143251258270294 0.910795477402381 1.06446040098448 0.0979902543034378 0 0 760 0 0 0 0 0 0 0 0 0 0
1 0.587749576461284 0.29474728125267 -0.620113852932743 0.0464865698098684 -1.59955682542984 0.15566978577835 0 0 761 0 0 0 0 0 0 0 0 0 0
1 0.785222730540292 -0.150156701962997 0.414969921861864 -0.358467873866895 0.142304553350653 1.25876577471601 0 0 762 0 0 0 0 0 0 0 0 0 0
1 -0.257848781713224 -0.247272584828493 -1.7651531753363 0.151303232072415 1.47690852556971 0.00574162955569899 0 0 763 0 0 0 0 0 0 0 0 0 0
1 1.85926680386905 0.86746250448585 -0.318820927221179 -0.751686533475479 -0.662006202955261 0.709342228462236 0 0 764 0 0 0 0 0 0 0 0 0 0
1 0.370929147878282 0.852632068272583 0.0643661681035228 -0.00832865297708371 -0.408359692668583 0.862869542649375 0 0 765 0 0 0 0 0 0 0 0 0 0
1 -0.678146404159889 -0.81437281899907 3.32985878975817 -0.722685945124652 0.711677875142088 -0.404648358441356 0 0 766 0 0 0 0 0 0 0 0 0 0
1 0.468993678448899 0.372238397312694 -0.614091971879163 0.549754024156582 1.70069232780867 1.39286156078651 0 0 767 0 0 0 0 0 0 0 0 0 0
1 0.166294358398358 -0.232863051969775 0.172525914283985 -0.723277891015232 -0.0601370924153104 -0.647846356054578 0 0 768 0 0 0 0 0 0 0 0 0 0
1 0.165852225886526 -0.905287445128396 0.316743443485173 0.802098491355696 0.983511801308983 -1.35741686024054 0 0 769 0 0 0 0 0 0 0 0 0 0
1 0.0781583780052875 0.0123678842170873 -0.0400731757104657 -1.21872931221364 0.363988723166943 0.19922691433616 0 0 770 0 0 0 0 0 0 0 0 0 0
1 -0.463621956669123 -1.71684793130404 0.0792405463940706 -0.025028400734026 -0.994670075345168 0.635329268860279 0 0 771 0 0 0 0 0 0 0 0 0 0
1 -0.0625089407462253 0.0319858273162895 0.203524731686058 -0.306493937313102 -2.02839976087529 -1.05924965642156 0 0 772 0 0 0 0 0 0 0 0 0 0
1 -0.105007490933016 0.687971888399819 -0.424763779206966 -1.0273147549941 1.14320650426705 -0.209990270193818 0 0 773 0 0 0 0 0 0 0 0 0 0
1 0.846806885620479 0.314620863356175 0.78364166082269 -0.264917179208755 -0.164691965717228 0.432073478240453 0 0 774 0 0 0 0 0 0 0 0 0 0
1 0.0342094487254942 0.341384936369286 -0.324953770764286 0.82258174868478 -1.15465793961603 1.81428265726787 0 0 775 0 0 0 0 0 0 0 0 0 0
1 1.40743418186891 0.460746047927428 0.0034136170964402 -1.18407745043221 0.282820891458395 0.316099694274734 0 0 776 0 0 0 0 0 0 0 0 0 0
1 0.943734154405597 -0.567160488517733 -0.603742633771311 -0.315539481573339 -0.592890804263865 0.00154161879230074 0 0 777 0 0 0 0 0 0 0 0 0 0
1 0.425828657472156 -0.280994119235516 -0.227576086335025 0.435007445005943 1.5451770062652 -1.75490975830243 0 0 778 0 0 0 0 0 0 0 0 0 0
1 -0.721516863286441 0.465314760379485 -1.83220999018662 0.500735696580883 -0.18011747583199 0.904217717446366 0 0 779 0 0 0 0 0 0 0 0 0 0
1 0.606484252513425 0.33383100183354 -0.656237852528268 -0.486346581545958 0.921131404890065 0.0557601777625596 0 0 780 0 0 0 0 0 0 0 0 0 0
1 0.574697483989096 -0.325550816900715 0.231304711926624 0.58808394967396 0.162779655679894 0.479027671576492 0 0 781 0 0 0 0 0 0 0 0 0 0
1 -1.66285419021706 0.725335632985233 0.375683776418922 -0.161140335400114 -0.365663692800591 -0.314977179222798 0 0 782 0 0 0 0 0 0 0 0 0 0
1 -0.877138903967132 -1.01987317666539 -2.24804599011156 -0.711025752307162 0.0241579699322938 -0.680338994309599 0 0 783 0 0 0 0 0 0 0 0 0 0
1 -0.514329213094691 -0.327055153724787 -0.0596284635459187 -1.93542593151989 1.26159490054641 0.552646770166583 0 0 784 0 0 0 0 0 0 0 0 0 0
1 0.346108661473745 -0.498804114236324 0.219411184226921 0.630534067839654 -0.0804798780562439 -0.416830629070093 0 0 785 0 0 0 0 0 0 0 0 0 0
1 0.414678042811704 -0.304928541602919 0.245550090399308 -1.26945504608726 -0.685899279489368 0.64436561519703 0 0 786 0 0 0 0 0 0 0 0 0 0
1 0.355905878268051 -0.207825780293677 -0.0648432741459644 1.03473623375614 -0.94039809870949 -0.722454473638123 0 0 787 0 0 0 0 0 0 0 0 0 0
1 0.787026449002139 0.680533807262599 -0.306661281803551 -0.684903930871796 -0.746443685532629 -0.181682478675339 0 0 788 0 0 0 0 0 0 0 0 0 0
1 -0.445856772931782 0.331447217895367 -1.12586851255016 0.732523401625114 0.177702054016258 0.0112809887170092 0 0 789 0 0 0 0 0 0 0 0 0 0
1 0.906049892359185 -1.1164569450131 1.75869684710093 1.07321544259255 0.442649465397108 -0.82112756159428 0 0 790 0 0 0 0 0 0 0 0 0 0
1 1.06696064694177 0.457814704373696 0.648341533931423 -0.0325514910077302 -0.968922006074663 0.503083063870976 0 0 791 0 0 0 0 0 0 0 0 0 0
1 -0.709051807414728 0.194601749672583 0.279298668274099 1.25214363493441 0.3095765812549 0.566822898667933 0 0 792 0 0 0 0 0 0 0 0 0 0
1 0.372848723580296 0.0633978931654377 -0.427152303685008 1.19570750077667 -0.108163854427787 0.309910182236165 0 0 793 0 0 0 0 0 0 0 0 0 0
1 0.29774544318697 -0.440011669481108 -1.80612601283129 -0.17831007091808 0.368229823446538 0.785930813846683 0 0 794 0 0 0 0 0 0 0 0 0 0
1 0.961825056908486 1.17571332454185 0.505785533030048 -0.685841739946456 0.381857234923763 0.0128753046144826 0 0 795 0 0 0 0 0 0 0 0 0 0
1 -0.190291425874317 0.576404507551401 -0.298553308344851 -0.176622837505719 0.398996536308527 0.148925062249249 0 0 796 0 0 0 0 0 0 0 0 0 0
1 0.389831567608484 -0.421711467020087 0.486226021472409 -0.623244992231595 0.488896099166138 1.28233328387883 0 0 797 0 0 0 0 0 0 0 0 0 0
1 0.183596016404303 0.335238704972277 0.131747653157437 -0.657307331586899 0.918700277295664 -0.20549327121497 0 0 798 0 0 0 0 0 0 0 0 0 0
1 0.19013273842875 -0.226878581060868 -1.09955981814345 0.816176209162846 -0.269637672917317 0.575907244403443 0 0 799 0 0 0 0 0 0 0 0 0 0
1 0.0069121412474996 0.716925637344438 -0.152988374346873 -0.405248317800248 -0.203344861571664 0.199791864311376 0 0 800 0 0 0 0 0 0 0 0 0 0
1 -0.256332190537541 -0.374790684113213 0.442155251453769 -1.19718111882121 -0.672796359170079 -0.24627392313705 0 0 801 0 0 0 0 0 0 0 0 0 0
1 -0.174794022664822 -0.0394212361470732 -0.216010554414851 -0.769547615295333 0.521218022330826 -1.56411548003907 0 0 802 0 0 0 0 0 0 0 0 0 0
1 -0.385131215816419 -0.311222943669123 -0.505913415299671 -0.117770372510342 -1.02539165440866 -0.0953522659058393 0 0 803 0 0 0 0 0 0 0 0 0 0
1 0.421466527464946 0.218352429356823 0.216721941192668 -0.436755221924823 1.50290648546011 0.123023507093499 0 0 804 0 0 0 0 0 0 0 0 0 0
1 0.137345685438239 -0.744548393851923 0.208156717174481 0.307076569828496 -0.400111992393168 -0.706877754605847 0 0 805 0 0 0 0 0 0 0 0 0 0
1 0.878968383511231 0.663495681830334 -0.339116715786625 -0.777388369843751 0.857974012916406 0.0021332841291928 0 0 806 0 0 0 0 0 0 0 0 0 0
1 -1.12210206406631 -0.666558071889564 1.52199151798663 0.0989004517525424 0.115379218673827 0.77418074866146 0 0 807 0 0 0 0 0 0 0 0 0 0
1 1.07479142010874 0.860768868118694 0.711491288400271 0.388803710899367 -1.18487761741701 -0.417800539080147 0 0 808 0 0 0 0 0 0 0 0 0 0
1 -0.436678543620005 -0.796433257599692 0.317689956990867 0.650917893636537 -0.142005766349221 -0.688816532636389 0 0 809 0 0 0 0 0 0 0 0 0 0
1 0.138167038808234 -0.551940606652423 -0.393505658959081 1.19362159156764 -0.0857952357032644 1.04588454415032 0 0 810 0 0 0 0 0 0 0 0 0 0
1 0.140646551456897 -0.143270901979737 0.65469432801982 0.599069949628513 -0.614774628198351 0.0381564334389225 0 0 811 0 0 0 0 0 0 0 0 0 0
1 0.947708413539888 -0.0865508625288543 0.197536793745401 1.23645207543571 0.31522285092008 0.625316527067525 0 0 812 0 0 0 0 0 0 0 0 0 0
1 -0.233847217959228 0.0498299215404867 0.275955277824084 -0.120019892659931 -1.22796403798025 1.78866179294014 0 0 813 0 0 0 0 0 0 0 0 0 0
1 -1.69068684070647 -0.48616158850458 -2.0310938331016 -0.423970621578429 -0.643413509217936 0.571620972545031 0 0 814 0 0 0 0 0 0 0 0 0 0
1 0.584986462287704 -0.406296644550688 0.352198489079442 0.00603936887395074 -0.0685066269195262 -0.719978232943305 0 0 815 0 0 0 0 0 0 0 0 0 0
1 0.803461139224397 0.291807770270907 0.4490848853621 0.599813420910386 0.137884425894592 0.785994355195122 0 0 816 0 0 0 0 0 0 0 0 0 0
1 0.468491268685632 0.497620292964174 -0.363939736328794 -0.886037018060881 -0.0370487946658116 0.927856159720726 0 0 817 0 0 0 0 0 0 0 0 0 0
1 0.261012983040529 0.0538219068155168 0.231282263703566 0.171999115123835 0.383772015825669 -0.817786702750132 0 0 818 0 0 0 0 0 0 0 0 0 0
1 -0.0164168056437909 -0.418118066374727 1.22932948431789 -0.281259808457432 1.21715001430197 1.22197871098869 0 0 819 0 0 0 0 0 0 0 0 0 0
1 -1.53753642375526 -1.04043661148171 0.64095737407985 0.219529211823463 -0.173917605959269 -0.46936371631078 0 0 820 0 0 0 0 0 0 0 0 0 0
1 -0.166207960381366 -0.263020049031076 -0.0587063049286738 0.0161119664795154 0.866416703066094 0.421207999714208 0 0 821 0 0 0 0 0 0 0 0 0 0
1 0.151214613355533 -0.560981758439496 0.795584450066004 -0.628639689302768 -0.686999729843763 0.433075499919837 0 0 822 0 0 0 0 0 0 0 0 0 0
1 0.178233571376613 0.487245536100192 0.179591379249855 0.0723033326318815 -0.693520680074491 -0.316516918137162 0 0 823 0 0 0 0 0 0 0 0 0 0
1 -1.33338993357917 -0.363258170012436 -0.313362469499308 0.278945953530499 0.428204483981125 -0.375699930372048 0 0 824 0 0 0 0 0 0 0 0 0 0
1 -0.465282934333653 -1.80563072496127 2.01445812532989 0.229758795890247 -0.226766071716989 0.00543565767738529 0 0 825 0 0 0 0 0 0 0 0 0 0
1 -0.984778373940746 1.19672623941065 -0.962580648813152 0.971984252807734 -0.751411755577146 -0.512130035267766 0 0 826 0 0 0 0 0 0 0 0 0 0
1 -0.854002944426639 0.741110933819628 -0.867590746025098 -0.423733171360349 1.4671972938627 0.282742128136023 0 0 827 0 0 0 0 0 0 0 0 0 0
1 4.4428357057175 -13.5995923662991 -2.10619914796341 0.00255335927149087 0.00284440915929813 0.424415393713534 0 0 828 0 0 0 0 0 0 0 0 0 0
1 0.93992540044965 1.0283695683226 0.0617517059144091 1.00966049173558 -0.595834819384174 -0.130005645793811 0 0 829 0 0 0 0 0 0 0 0 0 0
1 5.04523784427634 6.68812032461489 -3.65289920177214 -0.0743783468110158 -0.444447043504875 -0.701407865516097 0 0 830 0 0 0 0 0 0 0 0 0 0
1 -0.584126894800359 -0.39326026111046 0.165569145093262 0.168198426523834 -0.988358932472447 2.25331262391724 0 0 831 0 0 0 0 0 0 0 0 0 0
1 -0.220508517671281 -0.4920237221831 -0.191745840317611 2.34894371719435 -0.61698913983713 0.79532290383464 0 0 832 0 0 0 0 0 0 0 0 0 0
1 4.2967779677365 0.536476879890064 -4.79947439678173 -0.508589146335601 0.194394966091127 -0.28562915848934 0 0 833 0 0 0 0 0 0 0 0 0 0
1 -0.0990197857539675 -0.108756005282999 -0.0249666966494401 1.14502400632609 -0.868726273829165 -0.133450762703135 0 0 834 0 0 0 0 0 0 0 0 0 0
1 0.47496519596886 -2.53489165733483 0.325478101833123 -0.556623528744855 -0.149450792429131 -0.136651405842348 0 0 835 0 0 0 0 0 0 0 0 0 0
1 0.354725794169778 0.207655066664309 0.213517480465638 0.609706073415174 1.77759338382343 -0.817452167967679 0 0 836 0 0 0 0 0 0 0 0 0 0
1 -0.624425470225198 -0.873859911518763 -0.961956838777913 -0.316114914998182 -0.0392887008724998 0.479397714014359 0 0 837 0 0 0 0 0 0 0 0 0 0
1 -0.189355929553917 8.24781315192475 -1.48881488602831 -0.645287416068951 -0.123710184763455 -0.18708437532373 0 0 838 0 0 0 0 0 0 0 0 0 0
1 0.805309480887943 0.358721455163772 -0.420182265899458 0.855123110766287 0.0257332051196097 0.894562383272008 0 0 839 0 0 0 0 0 0 0 0 0 0
1 0.508984783737927 -0.537018722792254 -0.354795370909808 -1.49901630808928 0.136942322875419 1.73933260057386 0 0 840 0 0 0 0 0 0 0 0 0 0
1 0.661574024247971 0.997257942332614 0.682213754578341 0.204821216428159 0.0852133658692777 1.44179680055237 0 0 841 0 0 0 0 0 0 0 0 0 0
1 0.795785495765473 -0.677644170144013 -0.0361457140749868 1.15273562381084 0.129913522223957 0.181085009056106 0 0 842 0 0 0 0 0 0 0 0 0 0
1 0.323913746250162 0.0405035761231925 0.283696660382718 0.295479241823177 0.782091367539314 -0.76355014490947 0 0 843 0 0 0 0 0 0 0 0 0 0
1 0.303395682915304 0.270381688110686 -0.267392882700763 -0.392556584248092 0.632795771965129 -0.472954366854994 0 0 844 0 0 0 0 0 0 0 0 0 0
1 -0.606302284610744 0.615587637683492 -0.624350012854686 -0.760064406107857 0.173655754549153 0.295638671253058 0 0 845 0 0 0 0 0 0 0 0 0 0
1 -1.02681804804979 -0.958520751463719 -0.746070480300444 1.36024631071537 0.878473149100835 0.347669658421739 0 0 846 0 0 0 0 0 0 0 0 0 0
1 -0.635772296578806 0.80625049263428 1.61071524349058 -0.366131957221854 -1.42011079159273 -0.482818332085053 0 0 847 0 0 0 0 0 0 0 0 0 0
1 -0.780943586522969 -0.934170476937097 -1.17988075970724 1.2930972055361 0.184260645937329 0.414172040005234 0 0 848 0 0 0 0 0 0 0 0 0 0
1 -0.192364544510148 -0.742932290829479 -0.679610382577265 0.151883565693711 -1.54762417839161 -0.0780533500595893 0 0 849 0 0 0 0 0 0 0 0 0 0
1 1.54210867479659 -1.62383729477513 -1.8822076822884 -0.612823588310898 -0.721305325232539 -0.592556443810789 0 0 850 0 0 0 0 0 0 0 0 0 0
1 -0.0110465952920663 0.437852910377308 0.0213608896421394 -0.418013938242886 -1.67515847937245 -0.695351939582972 0 0 851 0 0 0 0 0 0 0 0 0 0
1 -0.307687447466616 -1.31578510747178 1.50113703358112 -0.752888530530377 0.33655646630857 -0.540173875561476 0 0 852 0 0 0 0 0 0 0 0 0 0
1 -0.52728590988421 0.103044970597437 -0.871395264616459 0.515315866988009 0.163472629314752 -0.514582515627672 0 0 853 0 0 0 0 0 0 0 0 0 0
1 0.73927655462586 -0.618390806539136 0.429144698716628 -1.23768374817507 -1.09505276179984 -0.666442407438283 0 0 854 0 0 0 0 0 0 0 0 0 0
1 0.206526487867888 -0.0621956968291682 0.271049659021173 -1.01888748673096 1.00729826288367 1.6367090136134 0 0 855 0 0 0 0 0 0 0 0 0 0
1 0.288862199568246 -0.0603659684520072 -0.385873942895452 -1.61081702054293 0.316492213555318 -0.340441216321569 0 0 856 0 0 0 0 0 0 0 0 0 0
1 0.167336611540055 -0.0411701414989223 -0.210285798767579 0.334383337042315 0.391786885920375 -1.21139991302743 0 0 857 0 0 0 0 0 0 0 0 0 0
1 0.0788460024013421 -0.120702854020541 -0.565549481771022 1.86840320004246 -0.387139528345391 0.739816100488988 0 0 858 0 0 0 0 0 0 0 0 0 0
1 0.552908011136271 0.896213267379596 -0.381012848922784 0.326092980516413 -0.76533516801857 0.173813518033 0 0 859 0 0 0 0 0 0 0 0 0 0
1 -0.144976947827291 -0.233461472255712 0.569229097564057 0.807495128680019 -0.719805107100665 -0.553505676812247 0 0 860 0 0 0 0 0 0 0 0 0 0
1 0.615749770868622 0.116845248054131 -0.903486305749794 -0.128981308340323 -0.200972649290932 0.962084668038218 0 0 861 0 0 0 0 0 0 0 0 0 0
1 -0.199351813900645 -0.756856940325307 0.251545669238659 -0.0981152642035238 0.866656633823319 -1.41129641866924 0 0 862 0 0 0 0 0 0 0 0 0 0
1 0.140155047003497 -0.405409135404766 -1.5508430326787 -0.0119681148872356 -1.5088993916747 -0.772211055036154 0 0 863 0 0 0 0 0 0 0 0 0 0
1 -2.35622851725244 6.54692973178504 3.97223148348084 -0.312020262041887 -0.125483196784033 0.320788547884157 0 0 864 0 0 0 0 0 0 0 0 0 0
1 1.09655268444189 -1.41484197104748 0.321903227555347 -0.170592316824411 -0.448581531002542 0.901580173067347 0 0 865 0 0 0 0 0 0 0 0 0 0
1 0.948273383049132 -0.156436608775074 0.311583814352471 1.23807295480324 -1.33527976254581 0.0283402214990672 0 0 866 0 0 0 0 0 0 0 0 0 0
1 0.962598844676863 -0.830120322248978 -2.27390694987114 0.389593841947871 -0.255801994520408 0.0797194862785199 0 0 867 0 0 0 0 0 0 0 0 0 0
1 -0.240035091683815 0.218435480277862 0.0873516414366587 1.10667740730053 -0.316950859525523 1.25808573355388 0 0 868 0 0 0 0 0 0 0 0 0 0
1 -0.870467497947476 3.48357234125372 1.39935447393131 0.525712764757059 0.933153533853482 -0.0790186320764034 0 0 869 0 0 0 0 0 0 0 0 0 0
1 -0.0225509092662087 -0.99141389996674 1.12832542085299 -0.388561734433278 0.395825581411096 -0.253183665302533 0 0 870 0 0 0 0 0 0 0 0 0 0
1 0.673776343448669 -0.374478734198472 -0.12398006232993 0.453032561020854 -1.60258148989995 -0.247510967789614 0 0 871 0 0 0 0 0 0 0 0 0 0
1 -0.0687103348819906 0.0503596473539903 0.21035003716805 -0.881789375925773 -1.22504076581056 -1.65385822336561 0 0 872 0 0 0 0 0 0 0 0 0 0
1 0.537723815670019 -0.270428147246725 0.0054134981623847 -0.313913431103748 -0.646009305662598 1.59123355133893 0 0 873 0 0 0 0 0 0 0 0 0 0
1 0.0566021224774994 0.584990993434325 0.370747770848977 0.0844155040307616 0.375861446719225 -0.187618750087828 0 0 874 0 0 0 0 0 0 0 0 0 0
1 0.377609565320162 -0.867247287709791 -0.213394992406565 -0.110940010059099 -0.346564460246522 -1.56555110550763 0 0 875 0 0 0 0 0 0 0 0 0 0
1 -1.21755593564834 0.0090235124897222 -0.191124686824373 -0.538365768433619 1.84943605935534 0.450723584536659 0 0 876 0 0 0 0 0 0 0 0 0 0
1 0.065744598276249 0.459197596652366 -0.42638626118752 0.874179814440041 0.336985475901063 1.24980013431863 0 0 877 0 0 0 0 0 0 0 0 0 0
1 0.725185759673692 0.408260710080477 -0.669369709998329 -0.298016283437687 0.0600744774072595 -1.71658451437979 0 0 878 0 0 0 0 0 0 0 0 0 0
1 0.129008807545359 1.32480071860597 2.1611523805595 -0.0214195527001357 1.06499928914554 -0.496028356378064 0 0 879 0 0 0 0 0 0 0 0 0 0
1 0.0122235478455691 -0.504986717428993 -1.44197997381045 -0.7672500862531 -1.17528013839399 -0.121169962511981 0 0 880 0 0 0 0 0 0 0 0 0 0
1 -0.24477218307996 0.914701720111372 -0.181973895471497 -1.12190338904747 0.0927296391027627 -1.06740645170713 0 0 881 0 0 0 0 0 0 0 0 0 0
1 -0.340332843157426 -0.391104421584224 -0.26501003277238 0.449421104950764 0.873320278376368 -0.924124459206058 0 0 882 0 0 0 0 0 0 0 0 0 0
1 1.82235440909353 1.14761502662309 -0.21324818418268 0.505775948151232 0.0589574442126355 0.809319271512972 0 0 883 0 0 0 0 0 0 0 0 0 0
1 0.382167832722006 0.406790378909979 0.610171386994799 -0.0369410230487015 -1.13267667969144 1.07611522030754 0 0 884 0 0 0 0 0 0 0 0 0 0
1 -0.454468716188977 0.351439135461608 0.191544892411889 1.28212314752151 -1.22249559104118 -0.912762321479142 0 0 885 0 0 0 0 0 0 0 0 0 0
1 0.148133623444887 -1.62918725006795 0.928443749161747 0.643455795460187 -0.473864104559791 -0.31079348521279 0 0 886 0 0 0 0 0 0 0 0 0 0
1 3.58308211322945 -1.47549659368109 1.71856209039839 -0.0806474008657941 0.0440646019325395 -0.457875297127237 0 0 887 0 0 0 0 0 0 0 0 0 0
1 -0.108048193329862 -0.321019761815819 0.11897728601446 0.452453780214203 1.49893329998573 0.831056400055079 0 0 888 0 0 0 0 0 0 0 0 0 0
1 -1.02542753923337 0.238111593883293 0.750345630633226 0.0154889364425578 -0.0341002775251422 0.497508094040325 0 0 889 0 0 0 0 0 0 0 0 0 0
1 -0.389742112740648 0.226228901906255 1.04971461316603 0.128387797653401 0.824838654188992 0.0121278300384672 0 0 890 0 0 0 0 0 0 0 0 0 0
1 -0.629537858815802 -0.665448529101787 1.1408606833766 -1.15314965736631 0.177171250686794 0.367615012210077 0 0 891 0 0 0 0 0 0 0 0 0 0
1 0.288703770923721 0.0757754954014835 -0.0737046174374223 0.0447666991756595 -1.34322414270481 1.48641976731338 0 0 892 0 0 0 0 0 0 0 0 0 0
1 0.514910713781281 0.525158559081877 0.226901476328197 0.126842625462405 1.45387157625568 0.564183171932882 0 0 893 0 0 0 0 0 0 0 0 0 0
1 0.39877081273698 -0.130783574006187 -0.811173844732498 0.11334866540005 -0.960649786867363 0.26194304348291 0 0 894 0 0 0 0 0 0 0 0 0 0
1 0.0425843687013308 -0.484234339124101 0.0468708471115474 -0.360410954695308 1.23027553948113 0.402804865337058 0 0 895 0 0 0 0 0 0 0 0 0 0
1 1.63967761572428 -1.41442259893311 0.58216371206846 -0.304881559060905 -0.680099082937735 0.562821241472849 0 0 896 0 0 0 0 0 0 0 0 0 0
1 0.514500292875756 -1.30338568411939 -0.0983170851413713 0.323210155551566 0.0589491178903262 -0.397614756978326 0 0 897 0 0 0 0 0 0 0 0 0 0
1 0.985348606886708 0.130948547270602 -0.827228759899952 -1.33959862899656 1.3620820148134 0.512300539360399 0 0 898 0 0 0 0 0 0 0 0 0 0
1 0.877936258963818 0.0926052856386038 0.507048963047529 0.590538649538821 1.68711592846051 0.0650270199895143 0 0 899 0 0 0 0 0 0 0 0 0 0
1 0.531081292938335 1.61255269878051 -0.43095713281659 -0.92422416082704 -0.324865452150866 0.734473181719336 0 0 900 0 0 0 0 0 0 0 0 0 0
1 -0.087692387254298 0.193021235278489 -1.50637072465341 0.467299190725453 -0.316126588556528 0.849563407615985 0 0 901 0 0 0 0 0 0 0 0 0 0
1 0.273902652782394 0.427295387087916 -0.306979354387163 -1.06185467292273 1.65709437895544 -1.04657209131599 0 0 902 0 0 0 0 0 0 0 0 0 0
1 0.45654699318596 0.0034529147897573 -0.348706133441173 1.31659472640027 -0.38649005015817 1.47985784171055 0 0 903 0 0 0 0 0 0 0 0 0 0
1 0.236071277241338 -0.110361302966741 -0.591130511428406 -0.955812984462596 0.955333004908402 -0.662822620857579 0 0 904 0 0 0 0 0 0 0 0 0 0
1 -0.518326273308907 0.744369605489919 -1.32170631493881 1.33362183982965 -0.247796514842979 -0.37390020790188 0 0 905 0 0 0 0 0 0 0 0 0 0
1 0.154634386677511 -0.0648488319869215 -0.265075377613325 -0.268176376077418 -0.996330718532353 -0.382476541404818 0 0 906 0 0 0 0 0 0 0 0 0 0
1 -2.16423526463682 1.26171498289313 -0.763375464182232 -0.265694827241487 -0.811464026435765 -0.0840991459176966 0 0 907 0 0 0 0 0 0 0 0 0 0
1 -0.529158957924894 -0.722863068043891 0.237605170301203 0.571156492690699 -0.847977579383636 -0.149160154088409 0 0 908 0 0 0 0 0 0 0 0 0 0
1 -0.580009783613191 1.1301839175237 -0.949682137106278 0.299109785219171 0.220749832351037 0.4606301088682 0 0 909 0 0 0 0 0 0 0 0 0 0
1 -0.992693860846575 -3.69992972503883 1.35663817042615 -0.214010028570801 -0.392668541170444 0.171615809115401 0 0 910 0 0 0 0 0 0 0 0 0 0
1 0.867167449013541 1.37163528000634 0.121614609702404 0.660639740516031 -1.13381577359943 -0.312783183785677 0 0 911 0 0 0 0 0 0 0 0 0 0
1 -0.489424651225581 1.70518700656388 0.215990538567562 0.160819814451468 0.465708220188689 0.647433925071854 0 0 912 0 0 0 0 0 0 0 0 0 0
1 0.349591978862415 0.0442091800662641 0.513630505494282 0.0594578527917424 0.879391262905338 -1.34786806957268 0 0 913 0 0 0 0 0 0 0 0 0 0
1 0.0158935699898771 -0.0466106077262076 -0.15508150724702 -0.0495353800296485 -0.817026491520089 0.19709578543716 0 0 914 0 0 0 0 0 0 0 0 0 0
1 0.346236141368102 -0.702667596561956 -2.26915045720343 -0.654303126705043 0.151749461298548 -0.427808012728506 0 0 915 0 0 0 0 0 0 0 0 0 0
1 4.0091223697316 -1.49839892108861 0.310510492388225 0.390749184257967 -0.181566233720167 0.386205628489327 0 0 916 0 0 0 0 0 0 0 0 0 0
1 -0.402364640349028 -0.893479645921186 0.579335231635889 -0.518404375177695 0.556945257243624 0.222011583504988 0 0 917 0 0 0 0 0 0 0 0 0 0
1 -0.036364626775315 -0.159768082956221 0.0210446901536781 -0.552945356967393 -0.688314888775916 -0.976784999859861 0 0 918 0 0 0 0 0 0 0 0 0 0
1 0.662613081962536 -0.431388958800989 -0.486712153842976 -1.22206500952793 0.134209617503796 0.0500528281862222 0 0 919 0 0 0 0 0 0 0 0 0 0
1 0.402424840960599 -0.864857643800358 -1.18754326133569 -0.294696817593538 0.840069413442173 -0.596089170924786 0 0 920 0 0 0 0 0 0 0 0 0 0
1 -5.53587058677892 2.21517102356626 -8.54679726797221 -0.0261829584123099 0.390131099774215 0.171193720289208 0 0 921 0 0 0 0 0 0 0 0 0 0
1 -0.175210388884136 2.46996647146726 0.524057428690388 0.421475650624931 -0.0594954647856111 0.113614844225963 0 0 922 0 0 0 0 0 0 0 0 0 0
1 -0.323799645026309 -0.308634693978472 -0.0623036592833364 0.719753845572737 1.95220892351542 -1.78364140113934 0 0 923 0 0 0 0 0 0 0 0 0 0
1 -0.0069958185871479 -1.38482516030103 0.336052665102031 0.00278535491012375 1.0225241514122 -0.484343459325008 0 0 924 0 0 0 0 0 0 0 0 0 0
1 0.690501375567014 0.594826456037713 1.36534660948039 0.829327510484762 -0.391605703278996 -0.304083009993493 0 0 925 0 0 0 0 0 0 0 0 0 0
1 0.48478428646677 0.0268764655363728 -0.663114766893751 -1.29631287199195 -0.515701938767129 -0.824139716422033 0 0 926 0 0 0 0 0 0 0 0 0 0
1 -0.762026111966548 -1.89401067240682 -0.612323364994311 0.303538443693288 -0.0558508747761287 0.706078408307227 0 0 927 0 0 0 0 0 0 0 0 0 0
1 0.625790584461802 -0.281517169062574 -0.017630782147981 0.731217556564137 0.864549860513172 0.417508203511957 0 0 928 0 0 0 0 0 0 0 0 0 0
1 0.254516303469443 0.28995523819919 0.217788637892307 -0.272893710088519 0.24019260419498 -0.745528111256073 0 0 929 0 0 0 0 0 0 0 0 0 0
1 0.480390033137663 0.07020955990325 -0.0569182706627448 -1.9718411521985 0.955464586708562 -0.46754917457658 0 0 930 0 0 0 0 0 0 0 0 0 0
1 1.52396531857719 3.4062764217113 3.97463747031835 0.17766399443047 0.501961573456799 0.102236653162364 0 0 931 0 0 0 0 0 0 0 0 0 0
1 0.966213666661402 -1.5762244970656 -0.814728004964508 0.594304598424717 -0.422737619008522 -0.651022489104999 0 0 932 0 0 0 0 0 0 0 0 0 0
1 -1.14101200844634 -0.440606314255394 2.24328691537705 -0.505407120932808 -0.00842564026317971 -0.861230797808367 0 0 933 0 0 0 0 0 0 0 0 0 0
1 0.377010897798284 1.13563191704894 -1.25571018003198 0.320399229742261 -0.641914906913291 0.364914831561699 0 0 934 0 0 0 0 0 0 0 0 0 0
1 -0.178757398530705 0.450056774102764 -0.133327741031268 -0.62906312985833 1.65456714480508 0.338431860633561 0 0 935 0 0 0 0 0 0 0 0 0 0
1 -1.18034516475647 -0.193564145578901 -0.842123452252418 -0.486426267932281 -0.497597673352485 -0.265870075780844 0 0 936 0 0 0 0 0 0 0 0 0 0
1 0.469131124099063 0.414529938552794 0.66333371126094 0.659873512485218 -1.39950294643848 0.0437484485712655 0 0 937 0 0 0 0 0 0 0 0 0 0
1 -0.818831668799438 -0.886411526612864 0.360070185200738 -0.574421799469667 -1.07119347886934 0.92804706834885 0 0 938 0 0 0 0 0 0 0 0 0 0
1 0.97518071954767 0.289114773289087 0.0733995014963135 0.177740585890566 -0.981759563993063 0.744587588762844 0 0 939 0 0 0 0 0 0 0 0 0 0
1 -0.0720580429431449 0.13869490727076 -0.2915653381899 -0.442989397593416 1.13758540255819 -1.39802493751422 0 0 940 0 0 0 0 0 0 0 0 0 0
1 -1.39278904030605 0.724485905941592 -0.319137360677467 0.0549101332207712 -0.687406197300018 -0.136820531571658 0 0 941 0 0 0 0 0 0 0 0 0 0
1 -0.0876037631161009 0.11355341189206 0.0601650386162804 -0.092780779511102 0.741960779839597 -0.362383916631112 0 0 942 0 0 0 0 0 0 0 0 0 0
1 0.560058704230266 0.451110481817453 0.02507100244575 0.371906987602099 0.65055749218369 1.22369402515406 0 0 943 0 0 0 0 0 0 0 0 0 0
1 -0.320411708157545 -1.29569607769645 1.71976789124929 -0.523544944666024 0.0373138712108914 -0.19381150022894 0 0 944 0 0 0 0 0 0 0 0 0 0
1 -0.116458241816499 -0.182261002708445 0.248210126043077 -1.22958684037956 -0.679826972180666 -1.12936870053947 0 0 945 0 0 0 0 0 0 0 0 0 0
1 0.383408737323907 -0.1432987854545 0.339282496060599 -1.12925967417178 1.2158581839315 -0.770397005745889 0 0 946 0 0 0 0 0 0 0 0 0 0
1 1.16980657495856 -2.30658598077699 -3.28273637586445 -0.61650667299867 -0.167904731347804 -0.839417599736443 0 0 947 0 0 0 0 0 0 0 0 0 0
1 0.279954959893457 0.420490940231038 -0.688779978802773 1.36166680653301 -0.313606840713422 -0.78414619654214 0 0 948 0 0 0 0 0 0 0 0 0 0
1 -0.453545027085688 0.337702136426935 0.0119302665276141 0.143737625076353 0.190329300787187 -1.1293803861009 0 0 949 0 0 0 0 0 0 0 0 0 0
1 -0.568079156304434 0.0991955092012669 -0.838063903367958 -1.49092933126921 1.13564295816697 0.114612150532158 0 0 950 0 0 0 0 0 0 0 0 0 0
1 0.658254721826113 1.52717570642635 2.37581284289298 0.286955275188703 -0.321496469982295 0.339733734723558 0 0 951 0 0 0 0 0 0 0 0 0 0
1 0.340537995618051 0.0356828925846074 -0.797834292741494 0.0552869181203923 0.528112979375097 1.18927299271725 0 0 952 0 0 0 0 0 0 0 0 0 0
1 0.26427085503937 0.7918201656354 0.669005970743025 -0.715560146380611 -0.216058653848118 -0.0409218709890989 0 0 953 0 0 0 0 0 0 0 0 0 0
1 0.31909422022167 -0.26009244145754 0.16028936358962 0.426001038880218 1.32294225740004 -0.580980929860383 0 0 954 0 0 0 0 0 0 0 0 0 0
1 0.533020721882051 0.774273821792022 0.341158260829067 0.20835955543852 -0.840663257974743 0.720441431078139 0 0 955 0 0 0 0 0 0 0 0 0 0
1 -1.24172493269255 2.75284843591338 0.180808543025937 0.0365062033647601 -0.669071111754129 0.48686508137758 0 0 956 0 0 0 0 0 0 0 0 0 0
1 1.30332080040189 -1.33692210039246 -0.0296161001836327 0.480362762488317 -0.452737745182337 -0.401362962207854 0 0 957 0 0 0 0 0 0 0 0 0 0
1 0.235821879925275 0.118440004335487 0.0076932682882499 -0.212252800605501 -1.69155182834977 0.544508474615968 0 0 958 0 0 0 0 0 0 0 0 0 0
1 0.162496317253313 -0.615380115694689 -0.792098667626684 1.26493585771758 -1.05713653421419 -0.750895530431496 0 0 959 0 0 0 0 0 0 0 0 0 0
1 -0.494932320854194 0.388537632331936 0.473281182166692 0.934728282382344 -0.802374264944378 -0.697672746448591 0 0 960 0 0 0 0 0 0 0 0 0 0
1 0.181240784213189 0.474577124911853 -1.17048809494391 1.42738914389205 0.384856868677497 -0.466950434506168 0 0 961 0 0 0 0 0 0 0 0 0 0
1 -0.310900815042062 1.14394897689299 1.35322033686869 0.00659291788031305 -0.00472589815963381 -0.226581768963157 0 0 962 0 0 0 0 0 0 0 0 0 0
1 0.620423856640048 0.390183296870486 0.62751105888606 -0.541044715006918 0.858851109144341 0.871834058187919 0 0 963 0 0 0 0 0 0 0 0 0 0
1 2.0271435730622 2.39482931486596 0.816005166864203 -0.411816469107121 0.237831643054852 0.468336781504098 0 0 964 0 0 0 0 0 0 0 0 0 0
1 0.53210938311746 0.299356614450293 -0.0221228164618676 -1.30673524801613 -0.913246750160107 0.132549504294619 0 0 965 0 0 0 0 0 0 0 0 0 0
1 -0.254067837622734 0.0550057767623828 0.261956305795569 -0.543609334919295 0.72201319161465 -0.161549707694589 0 0 966 0 0 0 0 0 0 0 0 0 0
1 0.615858924290277 -1.40406996316999 -0.0237046736193163 1.16789870157162 -0.306534674461632 0.901687184866598 0 0 967 0 0 0 0 0 0 0 0 0 0
1 3.04886742185494 0.399542150146207 2.6382640840739 -0.125932885980093 -0.197567676385689 -0.236501331016085 0 0 968 0 0 0 0 0 0 0 0 0 0
1 -5.96808233552157 1.30534519491352 -5.69561802556507 0.00629474008283311 -0.308279244031066 0.226980528728835 0 0 969 0 0 0 0 0 0 0 0 0 0
1 0.0371495589050062 1.35884152374472 -0.642318872070603 0.463677528791006 -1.02513202676508 -1.13802479154749 0 0 970 0 0 0 0 0 0 0 0 0 0
1 0.437211120270124 -0.558309082450837 0.704050656337739 0.258256477831259 -0.0853495891150751 1.02683422642704 0 0 971 0 0 0 0 0 0 0 0 0 0
1 0.493039609052529 -0.175162857085091 0.182058894476375 -0.421319158810453 -1.08010826580298 -0.691765614815091 0 0 972 0 0 0 0 0 0 0 0 0 0
1 -0.193588401773898 -0.305811220792461 1.33295258121793 0.191543303907307 -0.544766861546423 -0.225886729123875 0 0 973 0 0 0 0 0 0 0 0 0 0
1 0.215105816056031 -0.239095194462638 0.112533850410873 -0.039313705231481 0.216496309752595 -0.96817075162197 0 0 974 0 0 0 0 0 0 0 0 0 0
1 -0.773842658913448 0.061382566193779 -0.120204413926351 0.244623345703147 -0.774552114589466 -0.828092815684449 0 0 975 0 0 0 0 0 0 0 0 0 0
1 0.133332765227222 -0.0004946314976806 -0.364475516457801 0.349573123024121 0.682024188901837 -0.0167530261339798 0 0 976 0 0 0 0 0 0 0 0 0 0
1 0.196828509368324 -0.0016756000559879 -0.397585250008268 0.433181305825831 0.501533614516069 -1.35057138462001 0 0 977 0 0 0 0 0 0 0 0 0 0
1 -1.39987277171192 4.6770071439941 5.56984856758244 -0.234116860836512 -0.353142029472828 0.483628770802817 0 0 978 0 0 0 0 0 0 0 0 0 0
1 -1.12779200610398 -0.292496201526642 -1.05682724245672 0.190008623644177 -0.728253870237944 1.23916421260324 0 0 979 0 0 0 0 0 0 0 0 0 0
1 -1.75646788532522 -1.14792342778287 -0.705629609269835 0.073648007141954 -0.599152011718432 -0.42680285658298 0 0 980 0 0 0 0 0 0 0 0 0 0
1 -0.210319108172948 0.408603158565701 1.15021768931886 -0.331936183750145 0.533949569339377 -0.723993748186268 0 0 981 0 0 0 0 0 0 0 0 0 0
1 -1.18466082356783 -0.289269205399621 -0.248651449328462 0.94421046844195 0.194362110026113 0.499286461248454 0 0 982 0 0 0 0 0 0 0 0 0 0
1 2.50091315248773 -0.270187833278855 -0.719653171046858 0.368996101184909 0.706326088993335 -0.113372707477343 0 0 983 0 0 0 0 0 0 0 0 0 0
1 0.596167224688384 -0.19088891827375 0.119044588225485 0.707008259908183 -0.149417399802773 0.00707392262420213 0 0 984 0 0 0 0 0 0 0 0 0 0
1 1.11906632988919 -1.06842035310336 -0.186684061405929 -0.679471991665497 -0.0233258424419786 0.334974832573623 0 0 985 0 0 0 0 0 0 0 0 0 0
1 -0.162171253329264 0.259107243497471 -0.594507590952242 -1.85978626400419 -0.449950705093885 -0.747449164929724 0 0 986 0 0 0 0 0 0 0 0 0 0
1 -0.299726422990706 0.686352498210529 -0.0845496556394802 -1.32342915663395 0.410899609020375 0.329782241538192 0 0 987 0 0 0 0 0 0 0 0 0 0
1 0.636331666970814 0.182949444004027 0.521942913665517 0.995286259587729 -0.173219639323561 -1.27892296948333 0 0 988 0 0 0 0 0 0 0 0 0 0
1 0.24000178529538 0.545150764148775 -0.763969954413381 -0.017890531260664 0.739395196603446 0.278361916848333 0 0 989 0 0 0 0 0 0 0 0 0 0
1 -0.303882582776127 -0.0742446681797692 -0.742871204443098 -1.25644133578959 0.598696170687808 -1.0957275357421 0 0 990 0 0 0 0 0 0 0 0 0 0
1 -0.176872889900072 0.636557216612796 0.889413804533226 0.152843225844191 1.43878017716977 0.593905431570944 0 0 991 0 0 0 0 0 0 0 0 0 0
1 0.256500902355206 0.213619846077801 -0.487332280795353 2.10955505333985 0.0732135865104856 0.951749738979285 0 0 992 0 0 0 0 0 0 0 0 0 0
1 0.588235824137225 0.311851462289311 -0.313776107015731 0.509403446834334 0.453445248451616 -1.39228822942088 0 0 993 0 0 0 0 0 0 0 0 0 0
1 0.0934992607186422 0.857911092274019 -0.0376202688012117 -0.987407978921167 -0.918128555977714 0.174353208813923 0 0 994 0 0 0 0 0 0 0 0 0 0
1 1.69807082172517 2.39813866406294 0.937496653440441 0.538689760306475 0.914742004244633 -0.0735010231521588 0 0 995 0 0 0 0 0 0 0 0 0 0
1 0.403955837374498 -0.576078357590949 -0.0864414029222187 1.20215718049177 1.17567785035655 1.26706201537145 0 0 996 0 0 0 0 0 0 0 0 0 0
1 -0.495518495744867 -1.17604106889182 -0.318980144230182 0.862555707734391 0.191281015724402 -0.642277712656404 0 0 997 0 0 0 0 0 0 0 0 0 0
1 -0.622588915891406 0.806489145708741 -0.3155733689906 0.388193611547908 0.82419527683013 -0.0522455423444868 0 0 998 0 0 0 0 0 0 0 0 0 0
1 -0.142319832755892 0.39800049602433 -0.29159753825625 -0.230716525395386 0.3579955257617 0.385826348804318 0 0 999 0 0 0 0 0 0 0 0 0 0
1 -0.322938113410235 0.0074536736031719 0.55475376767362 -0.0842211893815343 1.08992432221233 0.15467844259898 0 0 1000 0 0 0 0 0 0 0 0 0 0
