1.0000000000000000	-0.7155690980161621 -0.2363869301915816 -0.4321697280003247	0.0738620259145171 0.6046738508750993 1.2620858520078384
1.0000000000000000	0.0489220584673816 -0.0855157848252709 -0.2904085847653873	-0.0517858601721228 0.5666049143102874 0.5609112239715152
1.0000000000000000	-2.9731769830211130 4.3662897068314726 -0.0344829289414413	-0.3798004947602797 0.4563014640274610 0.0133078618104010
1.0000000000000000	0.1249456141444978 0.3010517243815847 0.3492072868867196	1.3602753047976730 0.8488638240042765 -1.3139642675156746
1.0000000000000000	0.7012074573465625 -0.5888220915976295 0.3820009430893776	-0.4101580807537121 -0.3306219302983814 0.5544140166633308
1.0000000000000000	0.2038228494833811 0.3304214579776010 -0.1848621603705213	0.1897771263629891 0.0699664815949609 -0.2881766457152834
1.0000000000000000	0.1862854319669423 0.1073920557560602 -0.5235216414363624	-0.0291791349984284 -0.5077919957506906 -0.2223450489882280
1.0000000000000000	0.0576253806253817 0.3410221216780089 0.2685560382885461	-0.3704918914862458 -0.4211256706790982 -0.2953979031459074
1.0000000000000000	0.5136262930301110 -0.6664245539589458 0.2807612461449068	0.1889620838884259 0.3839584900542455 0.0288148238539759
1.0000000000000000	1.3702068655474491 0.8363380379803261 -0.0266382974761354	1.8066754646385790 -0.3097786497377819 -0.3154367617338857
1.0000000000000000	0.5964273147034146 0.4919961318475550 1.4804523362044208	0.1295562643223750 -0.5939442403140781 0.3974926168059743
1.0000000000000000	-0.1165627445910808 -0.0815079302383507 -0.3008028733773352	0.0011515615869469 -0.8736016640901212 -0.7180779459249150
1.0000000000000000	-0.6366360921324393 0.9213530194896572 0.2080767473878199	0.1188595017379174 -0.4355880016203120 1.2567562844865912
1.0000000000000000	3.5786349094843639 -4.0502413430677233 1.9093415845370794	0.0188256695407595 -0.0782573606728574 -0.1367302184529491
1.0000000000000000	-0.4624096865913357 -0.5959202850907896 1.1029719774719455	0.6821186001511536 0.6071608126100606 0.2022543076264182
1.0000000000000000	1.2131759662632629 -0.9067371228015548 0.6913600164036471	0.0156006894108269 -0.2364339051499347 -0.8704501503366576
1.0000000000000000	1.2053207961774617 0.7523593896372454 1.4212596018961805	-0.7456028060876495 0.8520133211018693 0.9569544214213598
1.0000000000000000	-0.0902724875145869 0.7274735942546877 -0.3646365920779232	-0.2984357108088161 -0.7319119978033115 -1.0874924226119229
1.0000000000000000	0.1782361652748764 0.3798018157701710 0.1816778661329348	-1.6137443418188295 1.0883481450944015 1.0221606747712502
1.0000000000000000	0.1921186151696135 0.7248674031160208 -0.2697631829792361	1.0852399817638481 0.6071884469272867 -0.5244214437415217
1.0000000000000000	0.3483392853176242 -0.0107302800086994 0.3229055163331316	-1.6835684459236249 0.8819019157144785 0.7815679315295491
1.0000000000000000	-1.5731583909790552 0.7083861981069693 0.5106777487900850	-1.2438471192248330 -0.8416308422635781 0.4909771113932823
1.0000000000000000	2.0042223965990353 0.8400696958663902 -0.3793287181942028	0.0184440567440817 -0.3056654933758703 -0.4873907597409906
1.0000000000000000	1.2049936663417236 -1.5458823632961922 0.7575720318871606	-1.1336709443182313 -0.3540595935270366 1.1362167824150362
1.0000000000000000	0.5514208093031548 0.4483254291890802 -0.1155295806520603	0.1384378615258406 -0.3025159425531028 -0.6396785833189983
1.0000000000000000	-0.0283692515400232 -0.0300378348741304 0.4899886041149829	-0.6362339149098145 -0.9836169672899149 -0.5586703949037076
1.0000000000000000	0.1525690799903650 0.1798247150079378 -0.1112245764031885	-1.5295088292981169 0.8298629487191990 0.7249095260696917
1.0000000000000000	-0.2053629516859064 0.2303150590735178 -0.6631178485798982	2.0050682952703966 0.1747204654150274 0.9636616618471205
1.0000000000000000	-5.0704156924275621 24.0101047519730741 -3.0115802410613388	-0.1344647299090410 0.1667778903649918 -0.2083885436363395
1.0000000000000000	-0.0166046921508659 0.8030859934402320 -0.5185425132477862	-0.4031012816543269 0.0842608724198884 -0.7555588859484409
1.0000000000000000	1.3145211324990176 0.2038440945217162 -1.0088357631157197	0.2627433671605819 -0.2439046170708608 0.0008172933541791
1.0000000000000000	0.0889887090275384 1.0243707243498070 -0.0600807907764719	-0.0407551719051275 0.6712147287661775 -0.0106472463316844
1.0000000000000000	0.2950057351792512 -0.0280378776275079 -0.1538774110430486	0.9838944818363008 0.0854521065925531 0.3270598125351968
1.0000000000000000	0.7904727971742754 2.7312574149888587 -0.1664249277632989	0.2148634429016462 -0.1488997265241242 0.7479314958357023
1.0000000000000000	-0.8567133310914240 0.1359194668754129 -0.5678804555547433	-1.2373504178647960 0.7211700705326144 -0.3888139551021536
1.0000000000000000	0.5183241648316743 -0.1364904282424222 -0.2568415646891070	0.8150492672256667 1.1670559402124092 -1.0559968085554694
1.0000000000000000	-0.4684143972327624 0.4243183901630482 0.8004313484762351	-0.2665048104108340 -0.1603968798324540 0.2098630218643914
1.0000000000000000	-1.3718209586729724 0.1017736727104432 0.4589015364894306	-0.4927361463659014 -0.7910234070898060 1.1465889801372111
1.0000000000000000	-1.3440823575247902 0.6172550984108708 -0.4487859383443033	0.8751520978042094 -0.0669525056582170 0.2187317504034838
1.0000000000000000	0.3365658225470743 -2.0417891307576661 1.3278619646573770	-0.2842776770855541 -0.4752990978845053 -0.2443683099346487
1.0000000000000000	-1.0556290590097737 -0.9488434095382834 -1.7351022133559117	-0.5760402417225764 -0.8226631273973787 -0.5862625832262217
1.0000000000000000	0.5431943419349259 0.0937021443831572 0.3656245049695370	-0.0171403683873049 -0.9327356058062880 0.6862232075350836
1.0000000000000000	-0.6283102918711155 2.8008544680861887 1.1783299688157340	0.2794310129531397 -0.2605063759059779 0.3259938913617998
1.0000000000000000	0.0107776728468635 -0.7318272795616174 -1.8269476352969571	0.3433695824394293 -0.4105797314448696 -0.3815779957881975
1.0000000000000000	0.2753650630910395 -0.3345491682401584 -0.3863520540892050	-1.3802721011722947 0.0331905438300271 0.9890083620825154
1.0000000000000000	0.7060566394152924 0.8224231624643422 -1.0440409006145415	-0.0534333886375051 0.4897503924792174 0.4407892624713355
1.0000000000000000	-0.7428563736879807 -0.5769265748769883 -0.8306702961933673	1.2111563451483180 0.0750197954768354 -0.7742479341641797
1.0000000000000000	-4.0242212587787662 -3.5172277573556805 0.0368498794102573	-0.0866277721931617 0.2085014433967774 -0.1706057600519403
1.0000000000000000	0.7723700396763502 0.4171960075314960 -0.5843951753441005	0.6750678828091669 0.3556509122296360 -0.6300943436218909
1.0000000000000000	0.0828926161528341 1.2821156884537463 0.8484092612730936	-0.3664649155896040 0.2458116342965117 0.0480233354597932
1.0000000000000000	-0.1347271691769497 -0.1597867911257940 -0.1952111284556296	1.4549731110590580 0.2723538193884010 0.2208432285487134
1.0000000000000000	-1.2887491636952790 -1.4509174588485989 -0.5247561487080207	-1.2482778802839554 0.1249834712252337 0.2987924540989950
1.0000000000000000	-0.9589114234150412 0.5633128565057972 0.6940247430436484	0.7252229502920644 -0.1528151244033129 -0.4206428821928245
1.0000000000000000	1.0695295441023940 -0.6514771623003596 1.3539125316574940	0.4605874664006427 0.1853857664847759 0.6523321941466873
1.0000000000000000	0.1517780227250707 -0.6645767748609810 -0.7647086941612736	-1.2317900102332335 -1.0575941198831618 0.3766174815025068
1.0000000000000000	-0.6935577205889013 -0.8604277404074347 -1.0692045347828676	0.6933963915764312 -0.4900366361543230 -0.7135206636739163
1.0000000000000000	0.5169372547198251 2.5937623787350486 2.9260035022592503	0.5494522289475856 -0.3426523649595590 -0.3139770229192684
1.0000000000000000	-0.3714778109438645 -0.0175859942020778 -0.5532702926198547	-0.3061983527952034 -0.6695060860474298 -0.5058155651413534
1.0000000000000000	0.2948014123682740 1.5987501336600791 -0.6210546860877922	1.1396455963516143 -1.0262889753019782 -0.2444147307775199
1.0000000000000000	-0.0426577402747556 0.2526375522395929 -0.0366830595168223	2.0092239007918846 -0.0705198708431325 1.0483445398817433
1.0000000000000000	0.3788288575234442 -0.1403994670084724 -1.3884863828220246	-0.0077178491936751 0.2992434648904339 0.3635390176239574
1.0000000000000000	-0.6689940987987559 -0.4876618731482334 -0.8536929252167584	0.4754880577444613 -0.5473984532257344 1.9926443001648686
1.0000000000000000	-0.3160317305181870 0.1680290021631185 0.3713481398756309	-1.2706866118652824 1.4084214197438150 -0.0893666476827446
1.0000000000000000	0.1923109095198298 -1.3650193685801302 2.5393888006644798	-0.1900936644724135 0.3393040334882927 -0.0734556766942015
1.0000000000000000	0.8936655024421890 0.8927085186920711 -0.5124335950292116	-1.0431606845955388 0.8797789297137310 -0.7648434320660433
1.0000000000000000	-0.2582249623054537 -0.3437666222606974 -0.1134516098313642	-1.4867956628111605 -0.3157819823704974 0.6666676333214592
1.0000000000000000	-0.0486246243722849 0.0949366729449951 0.2028751204200442	-0.4125380054999486 -1.0683344040772220 0.7809059884987243
1.0000000000000000	0.5572698546737150 -1.3651100019513045 -0.1540899792477083	0.8667186123005252 -0.5029973782144422 0.8912287346028360
1.0000000000000000	0.2507319454216776 0.5075297027565269 0.1194857800693116	0.2051092071794588 -0.6810153543290222 0.4966718241395248
1.0000000000000000	0.0929453242343104 0.1146108734304957 -0.2501262080257342	0.0640445824597727 0.3638842636805685 1.6375542355830515
1.0000000000000000	0.0724254534032893 -0.0326142866790093 -0.3922857389500216	0.2170556483465421 0.4040534275782566 2.2420837981960573
1.0000000000000000	-0.4056023378968277 -0.1984091430982515 0.2317205976317678	-0.1351793069051639 2.0728511119798196 -1.1362376325438688
1.0000000000000000	1.1495829832154691 1.3166680903790500 -0.3208100146569883	0.4784327343218800 -0.2608365457906472 1.0053085585376849
1.0000000000000000	0.5282514288600093 -1.0072768335163804 -0.2361606268834208	-1.2888863308714775 -0.6962350282257541 -0.9041968570687793
1.0000000000000000	2.7380677111710585 1.8635015450449310 1.5148656416130151	0.0139249111761299 0.3126167386256883 0.1011482641569486
1.0000000000000000	0.1939977038105796 -0.6075707178831127 -0.2600861885337638	-0.5548439591953006 0.0096536039168584 -0.7190923429881763
1.0000000000000000	0.5189533323232081 -0.4308528965583333 -1.7747676939473782	-0.2557087283466977 -0.4665814255440537 1.2770110255540430
1.0000000000000000	0.7109031690219809 0.1023756614248643 -0.1032659967344924	-0.5879183233162719 -1.2005143556914273 -0.1562544834704878
1.0000000000000000	-0.8662958600374028 0.6630337329123455 -0.5231540795214231	-0.7923188196579162 -0.5492665890355565 -0.3578313184071569
1.0000000000000000	-0.0191367605488508 -2.2419682105780971 -0.0103125889728238	-0.5808134160280438 0.3157205862608999 0.4272182921667218
1.0000000000000000	-0.6948935803893215 2.5106571990804927 1.7194509191597747	-0.0948895771070300 -0.9389584724767345 -0.1560981383661891
1.0000000000000000	0.2997030468939834 -1.1656251929157291 0.8713885639715253	-0.1166145497996673 -0.5083783362640201 -0.6162526404124709
1.0000000000000000	0.6594483596046513 -0.4261843877955379 0.9774132548969561	0.4389276157866637 -0.4701992693020955 -0.3444077691568605
1.0000000000000000	1.1154117649923401 -0.4865617462450581 0.2757570488840475	0.1158493561864943 -0.9323361873625290 0.0713690621555114
1.0000000000000000	-0.1679166422672455 0.5813839368030549 0.1626530357760141	0.7388344349507908 -1.1340704191104465 2.3890688063849241
1.0000000000000000	0.4821407734937248 0.2100831296132888 -0.8479745657516995	-1.1157881568695789 0.4203014643080665 0.2927402447576152
1.0000000000000000	-1.5634908917200794 3.1316671986504665 -1.5593597091705342	-0.3373453920318168 0.0491296860831106 0.1967552106143955
1.0000000000000000	0.1486214225868577 -0.6584237780677218 0.9285245062647262	0.5113304665697566 0.8602811766972824 -0.0038238269084404
1.0000000000000000	0.1291218977061514 1.3684440125663548 0.8464676885778716	0.2443696920013675 -0.8056873785694069 -0.5703769058437933
1.0000000000000000	-2.0361705962740211 -0.0809698214309094 -1.2242136422514018	0.5913171292826046 -0.0352087153549359 -0.8895439605342215
1.0000000000000000	-0.3082215065704934 -0.5369617419307789 -0.6573270877735260	-0.5715327103482565 -0.8661527061841658 0.9009311557554895
1.0000000000000000	0.7702592720813736 0.9814266774275970 -0.6874948517308930	0.3491113703540208 -0.0698763365106822 -0.4290964421366112
1.0000000000000000	0.5265088383617328 -0.2551203434181377 -0.5062132950957563	-0.1813086355680577 1.1391063916748507 0.5189641188773032
1.0000000000000000	0.0673372664038100 0.1808375879761208 0.0208426962683036	0.0245531596727013 0.3838439731637651 0.2641714039472482
1.0000000000000000	-0.5462458240630407 -1.0952021563708918 -0.0169422880599060	-1.4563267140356400 -0.1403866209584082 -0.5489890543536113
1.0000000000000000	-0.2077148541584806 -0.0238528345109611 0.2608463076507581	0.7968240825864252 -0.3712995596321764 -1.0113446628914240
1.0000000000000000	-0.0874206365450033 0.1197966816623220 0.0244562794409844	0.4948481189645756 0.2005318599262852 0.3862249594905187
1.0000000000000000	-44.9789091255588005 -3.1038606574316012 24.6219074549333392	0.1943015782444621 0.0431698810125594 -0.2096421481399328
1.0000000000000000	0.9833844664518490 -1.9102676839749257 0.2893773522586733	-0.9185887710786168 -0.5587098110863132 0.4201202277434157
1.0000000000000000	0.3001018416083012 -0.6832637379842155 -0.4461595110716954	0.4232650049637968 0.9543854610075916 0.4266949701357854
1.0000000000000000	0.2416836847041306 1.9498741110726561 1.1844594026697406	-1.1091318216293788 0.1571420134680731 -0.5857881406911665
1.0000000000000000	-0.7433014182943601 -0.8883586291567623 0.2978663690898113	0.5707663294869373 -0.8854198651936862 1.2348756920131785
1.0000000000000000	-0.2988453912149639 -0.1788558203618591 -0.1654806750898053	1.4603240702846416 -0.6779362662197700 -1.2215084809863239
1.0000000000000000	0.1615629565899064 1.0946885316883621 -0.2324548713115402	0.4795363483611310 0.8548825002330818 -1.4199863120389189
1.0000000000000000	0.8448937661761209 -0.4424798884585229 -0.1822638637721624	0.9928690455920647 -0.1065394015031340 0.4937550758628713
1.0000000000000000	-1.6036756833188686 -1.3137474021670772 -0.1230977022461239	-0.0857113967775219 0.0931887023808889 0.2113976059463343
1.0000000000000000	0.6800242904079541 -0.6321024019848611 0.0729828488298147	0.2305045035567471 -0.3447899945237939 -0.3192442609486648
1.0000000000000000	0.1335095713634472 -0.1015254163078700 -0.3814130628219732	1.0962010296322711 1.1679050473607224 -0.2036192686633272
1.0000000000000000	-0.1421651095520894 0.0276312141368652 0.2116058078725885	1.2862595426629115 0.3566964848473416 0.6010589548177062
1.0000000000000000	0.0416791576831832 -0.0661257976235608 0.0401613962396289	1.0702152408456616 -0.1886103709203894 0.4262916512990580
1.0000000000000000	0.8148374241142168 -0.5551631482699634 0.5955903158692477	0.9561074951058527 0.7424672394107654 -0.0441576515008487
1.0000000000000000	0.5125307664614134 0.1761107614357246 0.1080675807640230	-0.4624553858396775 0.7631418909786091 -0.3362486002937737
1.0000000000000000	0.4732446027564848 -0.4585699443693306 -0.1597844948264168	-0.6563931991334212 -1.6324834308069838 -0.7195177973448255
1.0000000000000000	-0.8394822149479437 0.5398388032729660 0.3730241830801906	-0.6644990549131067 0.4633063086595889 -1.7046424541469631
1.0000000000000000	0.7702766041825634 1.4026722677957604 0.8433459881954507	-0.5993273847433496 0.7833534569399169 -0.8023850349240919
1.0000000000000000	0.1888705967402852 0.0561381490512298 -0.1124315596839233	0.4726470098547936 -1.1021708916598461 -0.7443702895536882
1.0000000000000000	-0.8764588666663936 -0.6877661719028852 0.7947234264592581	-0.2672882467835930 -0.5606125959303772 0.6246087164180407
1.0000000000000000	0.2164863183930607 -0.2265343190389816 -3.1281697835052307	-0.0926736528996563 0.7933930880949728 0.7837860533086510
1.0000000000000000	0.3230535074267268 -0.2527452377146900 -0.0594833210748418	-1.5417930468431276 0.8482355488079938 -1.9453307058154050
1.0000000000000000	0.0658380606735635 0.3158346071191912 0.5036761143153454	0.7974297833422157 -0.7578707030552004 -0.6318728568864412
1.0000000000000000	2.0464859167521037 1.4930346236195429 0.2452438561065689	0.1487330477527859 -0.2061659994023873 -0.4930658904125396
1.0000000000000000	1.2219462002181589 -2.8220124091515415 1.3966787892199082	0.1626272839597281 -0.6963413197838665 -0.4399436864490215
1.0000000000000000	0.9212423796471241 -0.0574494667665737 0.0705069056988199	0.6343914211982371 -0.9830870057339034 -0.0261770237537327
1.0000000000000000	0.5688468504731833 -0.0928823714612126 -0.7211216221867867	0.8322480138389979 0.7163017646318854 0.1456410926572535
1.0000000000000000	-0.5325689154812882 -0.2261363007493773 0.1264198105112437	0.1054018198798133 -0.3003421922363619 -1.0421412546076645
1.0000000000000000	-0.9025618050577344 -0.5407797083605237 0.0445528630658623	0.9650531450550424 -0.4753824208947402 1.2289974715258498
1.0000000000000000	0.4283632513819514 1.4618971401507814 -0.4426885664704808	0.1683188604063848 0.9448330546647170 0.5915119764410105
1.0000000000000000	-0.8298141122080586 -0.1870080422026834 0.0523749776881111	-0.3622812697386910 0.2393480495516904 -0.3562603714793813
1.0000000000000000	0.7285663030807285 -0.5982828795281254 0.6542373099180436	1.2206809136371406 -0.0888528529783459 0.1741843505059948
1.0000000000000000	-0.1452503981682336 0.3577368170013926 0.2557806971339896	1.1922745032351654 -0.9133697820279317 -0.0144307081401117
1.0000000000000000	0.2155211290873080 -0.1490988556327154 -0.8653844451342947	-0.0776237115286714 -0.0842497272918501 0.4825661149399837
1.0000000000000000	0.5899165824822397 1.2219246726183217 0.4971636682552423	0.6425091933268293 -0.2653450149068590 0.2565274530462353
1.0000000000000000	0.0707938739312168 -0.2395626579108420 0.7123242619051884	0.2425513355332475 -0.8078504594300041 -0.2807690370279300
1.0000000000000000	0.8068914930824309 0.3130632271940246 0.1425270529876607	0.3859231747033913 1.2542817764333147 0.5004116440755676
1.0000000000000000	0.5359334528309490 0.6793381259033496 0.5611918223926226	-0.1081755578481438 0.7328003962306653 0.3103980907045921
1.0000000000000000	0.6373995568245049 -1.1544761155976453 -0.9758303864050847	0.6641779494366754 -0.9355067467779487 -0.8702899748062821
1.0000000000000000	0.8790493913253340 1.7306107592694329 0.1925906986020147	-0.0645346855784231 0.6527656620836896 0.4815603878698362
1.0000000000000000	-0.2356358528763964 0.6584796323950334 0.4016899488401717	-0.2720606281411022 0.5983192566212756 1.2502141143453078
1.0000000000000000	-0.5722599344409783 -0.7652373610012233 2.0185798857308463	0.3793424218768772 -0.1825094867982761 0.3837391269495578
1.0000000000000000	0.8399741339371904 -0.5950319729123588 -0.3919114833800746	-0.3662438506811215 -0.4779072207530679 -0.5927916945198379
1.0000000000000000	-2.1264642464738257 0.7232466902040209 -5.2814560411193421	0.2498561415121379 -0.2870097451648000 0.1152027073780112
1.0000000000000000	1.2590744367431181 -4.2006676212367244 1.9050066172287110	-0.5331653434396124 -0.2347811714250633 0.0505892392982055
1.0000000000000000	-0.2993795580409776 -0.5891305231706070 -0.1547230924964783	0.4607996943407456 -0.7283798678194038 -1.6430059765682217
1.0000000000000000	0.6432818050580796 0.5069013276895811 0.2239908292594684	1.1896717846410514 0.5208878154365776 0.4032916953311094
1.0000000000000000	0.6365043489673844 0.4663820323152821 -0.7557203976097393	-0.4064716210457953 1.4729869133578717 -0.3996624854091383
1.0000000000000000	-0.0184340980286392 0.3344582767975435 -0.9698343085824045	1.0266886249298695 -0.4162071094750865 -1.6884916637993290
1.0000000000000000	0.1984200937913354 0.7295234495967529 0.4030098632136370	0.1980918696804441 0.3233419049227064 -0.4644473027119678
1.0000000000000000	0.7018966683956651 0.4754785992239675 -0.0769070747595129	-0.8442964404947947 1.0386403243904831 0.6537839163898955
1.0000000000000000	-0.3334442098735056 -0.2916364333235590 2.0788822198845520	-0.8226147304897713 -0.4245527270387623 0.6819243238432777
1.0000000000000000	0.5959344467752498 -0.2359506466604405 -0.3271560062094445	0.5318874335521725 -0.4576664652789278 0.1494208547882888
1.0000000000000000	0.0728711870516741 -0.6076426440922131 -0.0335937038909283	-0.7643961152071425 -0.4221988935248848 -1.2602148489067946
1.0000000000000000	0.3663770724631150 -1.0303321922097286 0.3330589104379291	1.0513998537769309 0.1406996738924833 -0.4662157558352557
1.0000000000000000	-0.5512600769930330 -0.6314173996179543 -0.6328350943080834	-0.2587936390427679 0.7684576858239848 -0.8786167891045688
1.0000000000000000	0.1010667716460086 -0.1948217181212815 0.3010977750719402	-0.6960592419873455 -0.9760366168299878 1.8606151281182548
1.0000000000000000	-0.3207581088041204 -2.0856340070629451 1.4155084490486018	0.1485306820048594 0.3796976524195382 -1.1093122496818977
1.0000000000000000	-0.3437581878846749 -0.5142677835417043 0.2497922277329237	-0.2007574933877282 -0.9132736599063674 1.6736596088035716
1.0000000000000000	0.8481098147689243 1.4311452647617227 0.1512475409114424	-0.6611821273599654 0.3946767711777068 -0.2964574914845639
1.0000000000000000	0.0686449791726951 -0.1375836185763894 -0.3355250037768425	-2.0970310959555554 0.3139219029698674 1.4667655806289670
1.0000000000000000	-0.0193687975011534 0.1289967155340085 1.5259831737506193	0.8587903323150142 0.2904870342588476 -0.0909825051892926
1.0000000000000000	0.6930402274065921 0.3366013958977772 0.0305887652372020	-0.0918925017655037 1.1745489155396873 0.7380254963657259
1.0000000000000000	-0.8365420832143486 -0.2203616269006512 -0.7888829310151193	-0.2658423362281127 1.0015344065303526 -0.3910228477285604
1.0000000000000000	0.2880414192763914 -0.3140830797413182 0.4016242819242114	0.6890789942132260 -1.4327467165129313 -0.5813600674001986
1.0000000000000000	0.2382939991608691 -0.3307677989444591 0.9306338812386745	-0.1030300193507977 -1.1630274367679492 0.3345794214773652
1.0000000000000000	-0.9600198569232073 -0.1804386113735613 0.0291574099214252	-0.5807051220264032 0.8296708220301617 -0.8971210678519335
1.0000000000000000	-0.3464712775248880 -0.7576538982425586 -0.2935720496350342	-1.0212183880261980 -1.2414599505339388 -1.3932661305933083
1.0000000000000000	-0.0893065514529652 -0.3963811847773389 0.6471383412897591	-1.6145059390069356 -0.3679644383421473 -0.1939723673599614
1.0000000000000000	-0.7754110910067966 -0.2948773662129947 -0.4039827355231400	0.8711309388182258 -0.7118022917759772 -1.1619371761036259
1.0000000000000000	-0.3248004582896867 0.2742376958315428 -0.7418506760439946	0.8441088323120294 -1.1056636422282853 0.3342224806848462
1.0000000000000000	-0.9929997014128564 0.1567132703494481 -1.6367471546991721	-0.1829969560038718 -0.5738791395918386 -0.5482819902122634
1.0000000000000000	0.3306132946063564 0.3540403352589169 -0.5992756472735229	-0.2048898788873546 -0.5413026483177478 0.3899891595029739
1.0000000000000000	0.0969515552927787 -0.3717028978450380 1.6444820284379460	0.2300360459200902 0.3090285590202271 0.2889155641713557
1.0000000000000000	0.6211164713208357 1.0060599574407452 -1.8567903415763922	0.2203053860643077 -0.9065830246781391 -0.9465088858258122
1.0000000000000000	1.1011930389357498 2.0399682726902331 0.7075732074368016	0.7190357547188296 0.0088551706434321 0.3320590934494673
1.0000000000000000	3.1146050744734768 -0.8188834965130541 1.0035193178643791	0.7696958075162488 0.4469965682926478 -0.0258703067525120
1.0000000000000000	0.0602088137255016 0.5988006205953224 0.7055705074083483	0.0815718531878068 -1.2413299978422876 1.1482716678586564
1.0000000000000000	-5.6591890485692877 2.1412073940633323 2.0641079504274211	-0.2051092480178828 -0.0757259197636517 -0.4218416564475020
1.0000000000000000	0.0977139161813043 0.2703474433458289 0.6423074827962444	0.3101176405021948 0.0958430130459261 -0.2986897532631764
1.0000000000000000	-0.1873306505746695 0.5602291560438429 -0.3649762432526686	0.3217319490232119 -0.7718468009969791 1.1517304434949354
1.0000000000000000	-0.1242091499048655 0.4713434022179873 -0.6505618558688165	0.1028519309011673 1.0017113516183809 0.5380300393113918
1.0000000000000000	0.8653377395784984 -1.2138624340684083 0.4849441285579286	0.3417391398048566 -0.1912341243496941 0.3644871728827581
1.0000000000000000	-0.5521175774068472 0.3055975428663649 0.2197287524110270	0.8109175714170420 -1.2226622711951258 0.9913480642095825
1.0000000000000000	0.6720292074965253 0.0091814949312203 -1.4092494646576994	-0.9387593468381022 -0.0083550970209290 -0.0568578622231735
1.0000000000000000	-0.0795885318951915 1.8566016411350581 1.6283905380641521	-0.4548426918047332 -0.2896712874746910 0.2534050924318859
1.0000000000000000	1.4972059855997921 -0.8581934427453216 -0.7639967325767507	0.6207837974802052 -0.6484317870187379 0.6445375617780367
1.0000000000000000	-0.0889591159865451 1.2710350654612723 0.6670969111864050	-0.2692462203054024 -0.5942495298733503 0.1018198231886975
1.0000000000000000	-0.2888335337376979 -0.5070735203804447 0.4783523260744822	-0.0515985983180738 0.1130773525989513 0.7917017247181488
1.0000000000000000	1.4403431266907396 -0.2251751454710346 -0.2997229300731292	0.4618975579371019 1.1238437952938303 0.1403882040238227
1.0000000000000000	-0.1303477220149152 -0.5724249768761284 0.3068180421331874	-1.2823839658462106 0.6950812089098131 -0.7703140501776067
1.0000000000000000	0.2174404302781795 0.1595793907947755 -0.1369892661213304	1.1066961364124672 -0.1929660202019340 -0.3608413009815458
1.0000000000000000	-0.9478320303220930 0.2565746607136918 0.3085444727772625	-0.8401521339153383 -0.1436248246829032 0.8261405736627121
1.0000000000000000	-0.8132679395537387 -0.1187086735910918 -0.3700750917647606	-0.4631573970992288 0.1521469709212805 -0.5407131439508643
1.0000000000000000	-0.0212737362717521 1.2354564995573192 -0.3349933507166647	-1.2126577028971162 -0.7854287171312212 0.4283200738960540
1.0000000000000000	0.8774116889375598 1.7147247691277334 0.9651982287495019	0.5461266810925001 -0.2045032104659712 0.0055716816278443
1.0000000000000000	0.0906352694927174 -0.6517916446355219 -0.8543477299126284	1.2748104427579685 0.3030979666742724 -0.3099988300586793
1.0000000000000000	0.0325188981298773 0.2928105277778592 -0.1989886719092554	1.3488818164506644 0.5351997915024992 1.2635652584838768
1.0000000000000000	-1.8005413618670125 -1.2010168313861160 0.6042001157445156	-0.5773124814127738 -0.5401271754697271 0.0943156803055215
1.0000000000000000	1.3594304974259372 0.8522656891154774 -0.1353593015505831	0.0251086731112889 -1.5278623190311189 0.6418652324318003
1.0000000000000000	0.5966074682670759 0.1404366767879566 0.6766092724988647	0.0210652349749370 -0.6511013779656054 0.2748194033142057
1.0000000000000000	0.1200539717742531 -0.3973368495347084 0.4427722422592027	-1.9325416500103658 1.1913007679032270 0.5331082190949641
1.0000000000000000	-0.9555895651862204 -0.6908679992242930 2.4644306768409225	-0.0640883539325451 -0.3292668315779617 0.3247038928716098
1.0000000000000000	-0.0188602956857049 0.4355796776526370 -0.0697027697767638	0.4616937327470054 -0.3289425918218206 -1.1008156040534709
1.0000000000000000	-0.4643611024946866 -0.0603438670605330 -0.1730859508148546	-0.3579825818606515 1.1251096886851459 1.0383279233831033
1.0000000000000000	0.0703567402903388 -0.5178707981968006 0.5104573640166995	0.6134315364876800 -0.1431203311650082 0.2095334042902934
1.0000000000000000	-0.4636116506572621 0.1597863131302927 0.8432160727716695	0.9659927296138819 -0.2754047289329529 -1.1638201719740873
1.0000000000000000	0.8826353241846372 0.0873198154472728 -0.1018122865950081	0.3630254778969421 -0.8695152651360833 -0.1110257677978595
1.0000000000000000	-0.2762245499771212 -0.0112061738891766 0.4935592448103935	-0.9835261320538878 -1.0763435143602382 -0.7042562891366887
1.0000000000000000	0.0255916285638512 -0.0432516781315165 0.5492719039433414	1.6640184128566970 -0.1275229084526442 0.6167044171741715
1.0000000000000000	2.2851514091974616 0.8689621136286408 0.2934600578014011	-0.9280009307834649 -0.2531473329143036 -0.1939083125003796
1.0000000000000000	-0.6071391044796856 0.1726128239769756 -0.0580625980551114	-0.7448258857794455 0.2523058567648548 -0.2001063953008127
1.0000000000000000	0.0397204189702655 0.4814381860468878 0.3675430113688169	-0.0856388041167368 -0.0976630715884281 0.1545166747092083
1.0000000000000000	0.4205439596363403 -0.9915447411070631 1.5024611665561263	0.8479208917316823 -0.1429114224143533 -0.4227865774746741
1.0000000000000000	-0.7722917187549043 -0.8594518139826974 -0.4212861915194434	-0.4968615577864631 0.0413641064107643 1.0046553483952241
1.0000000000000000	-1.0336694220995264 0.4144061273488786 -0.6004185322125178	0.0831479067438276 0.1999204748480645 0.4913953066608537
1.0000000000000000	0.6247962960758361 -0.3312360711560046 -0.3767507206683310	0.3749561983381317 -0.2105414469071573 0.3694506825254170
1.0000000000000000	-0.4729408850686041 0.1517342046652670 -0.2409549278358875	0.2746505389350362 -0.6348840208676360 0.3824456630853937
1.0000000000000000	0.4241112153409157 -0.5632504813996281 -0.7294308537194713	0.6125175925516024 1.8258913562395931 -0.5177575931012045
1.0000000000000000	0.1700984012902877 0.1213435459239640 -0.7928068436625847	-1.1796113859790267 -0.1842946605209517 0.8316987721690073
1.0000000000000000	-0.1058011921518758 1.2025458116133994 0.8176438545864241	-0.5623086985852451 -1.2240011004730789 -0.9878729089486348
1.0000000000000000	-0.6284975055426582 -0.2169696536919023 -0.4922584368475605	-1.4446339581304914 -0.2597755730492732 -1.1618012796094859
1.0000000000000000	0.7672511897251076 0.7106085721664850 -0.3233033305792451	-0.4891481657540974 0.0132614592052199 -0.6700863552575650
1.0000000000000000	-0.1262325515854150 -0.2386338201135172 0.1896741345137485	-1.4496262147577739 2.2178543436237352 -0.8754701256234394
1.0000000000000000	0.1752489356579208 -0.3640129116157473 -0.1778740262936825	-0.6427721644522814 -0.1854066567828617 0.7920619717589459
1.0000000000000000	-3.1235341279952094 -2.8869381712991702 -4.6177842653162751	-0.3449340178125527 -0.7842019616577854 0.1748652394821558
1.0000000000000000	-0.2597384900191052 0.1590009635133867 0.1451695671462170	0.7858140698440250 0.1896525988392010 0.6208292828274519
1.0000000000000000	-0.1447601549857651 -0.7216856547754668 1.1262094420233313	-0.8269343511231724 -0.4149770426230410 -0.6798296091885505
1.0000000000000000	-0.8886565267668427 -0.9830083541468545 0.6457364702187961	0.5966265426850673 0.9717861100782230 -0.3187888235417555
1.0000000000000000	-3.5310252560479540 1.4429439724067801 -1.2877295392708943	0.0813578887027551 0.0257736407824665 -0.7598284702737534
1.0000000000000000	0.2822765549629319 -1.1011529932556099 -0.2671542154107291	0.7850144319983173 0.8349318558830130 -0.7945450958580020
1.0000000000000000	0.7060635808714832 1.5671772990670079 0.4889475136873166	1.0078560135331078 -1.2084944383322169 -0.4652941982943690
1.0000000000000000	-0.9626695512787549 -3.0627140805001396 -0.1055094206179808	0.8893527091073992 0.0265812186508561 0.1010038200439992
1.0000000000000000	-0.2366796910617217 0.0124177607172905 -1.1386237138716764	-0.3125229011421616 0.2396278771530852 -0.3284271962015831
1.0000000000000000	0.3900802541125802 -0.4450889833052830 0.6933508045461354	0.2681580155898952 0.3294563125147427 -0.3358790314296818
1.0000000000000000	0.2262258864862447 -0.1169260871708756 1.3172389635065445	-0.3863533489070349 0.7013209592196561 -0.7489957938002484
1.0000000000000000	-1.2081923196268465 1.4414320653297852 -5.4076959576724892	-0.0905506159470515 0.3280005573994005 0.2678560180078611
1.0000000000000000	0.3325051179873467 -0.1972919442542392 -0.5420952316460222	0.5970908905554131 0.1923256545705147 1.3736858903682019
1.0000000000000000	-0.0546367918878453 0.0827074986002653 0.0042731147275164	-0.3068568619837387 -0.3853144894696793 -1.4366911611719042
1.0000000000000000	3.0297351832413568 -0.4070455448994192 1.4630105426325843	-0.2995784658560530 0.6795332468337284 -0.2732695170888307
1.0000000000000000	-0.6352223366821962 0.0924391824971267 -0.3249918400740364	1.4593705563150265 -1.4381839030982353 0.5814450466307240
1.0000000000000000	-0.0374341565048429 -0.0140041556586651 0.1831118685678167	-0.2741419361907931 -0.1912898080058454 -0.7182575273782463
1.0000000000000000	-0.1281470500211557 -0.6807239531720282 0.3612830101805751	-0.3023552055654624 0.5264349490738141 0.2603522670010134
1.0000000000000000	0.3413636003430591 0.4396877220393265 0.8964431445599274	-0.1253980589317104 -1.1402519791386008 0.7993229863057562
1.0000000000000000	-0.5842759869950820 -0.1117707325400280 -0.5862362633266556	1.5198012909868261 -0.1574689808346661 -0.7503137333777581
1.0000000000000000	1.9095570063123830 -0.5323347424626782 -0.4574920260797468	-0.1028253354571083 0.2286741467832542 -0.5743090631927418
1.0000000000000000	-1.6836089838994186 0.2572474302012508 -0.9212620137454411	0.4968658743211651 -0.3845646032974112 0.0647518783119961
1.0000000000000000	0.2992276493779070 -0.1091198950459387 0.3845220091139972	0.7506843575049578 1.4288814198915538 1.5855857392003676
1.0000000000000000	2.8142372337752066 2.8925564265807489 -0.8820585626527420	-0.0650894554967919 0.5515499708924397 0.1900284232019547
1.0000000000000000	-0.4987739478499220 -1.2231245942040108 -0.6333477423472358	1.5722823126642560 0.0350396026100739 0.4764466659759720
1.0000000000000000	-0.3830313720998973 0.2873407435087715 0.8078078625826729	-0.2173289066957621 0.3235443000247294 1.7484942852253085
1.0000000000000000	-0.0577029045263854 0.1528115428076355 0.2262033567467692	-0.0966507675633765 -0.5398744188554316 -0.7471663895078914
1.0000000000000000	1.0388031877864372 -0.2062116341865189 -0.4472287463437107	-0.9763419415195410 -0.5803935373060060 1.0769640061260251
1.0000000000000000	-0.5559836432419313 0.0948039982243413 0.0623816300135868	0.2629423502240453 -0.8517506433007567 0.4152201617409632
1.0000000000000000	-0.2489989514201014 -1.1731619132111897 -1.7546918690502249	0.2270505417493885 0.7323748229287464 0.4417706258925062
1.0000000000000000	0.2867889413376905 0.4460709267484678 0.4694266107692949	0.7741860902038209 0.0880989684407593 1.0876199958828847
1.0000000000000000	-0.8845852461529231 -1.6951445158760190 0.8201009085259283	-0.6207215585041000 0.6373769311724981 -0.4303074882252453
1.0000000000000000	-0.7763825333562610 0.8846497386654155 -1.5184767408515645	-0.1689502704346683 0.1802132915813281 -0.5648239385106365
1.0000000000000000	-0.6652237082370012 -1.1243953436754244 0.0710287478510363	-0.1264806714388496 0.7825689450662073 0.0813280632133214
1.0000000000000000	0.2607072216101768 -0.0942940853275123 0.1451784851685239	1.2875304133368197 -0.9477830763569236 -0.2642628190429742
1.0000000000000000	-0.3177151145270807 -0.3221446672735784 0.2231358814475423	1.1315848111242284 0.7145274841602758 -0.4284717341401784
1.0000000000000000	-0.7694731139617983 -2.5857489838647183 -0.5046789116933400	-0.8634769997613660 0.1440203686174830 -0.1677010778187926
1.0000000000000000	0.2035390869288779 -0.2693259769486149 0.9627625652396599	-0.9343242874449836 0.2561737099213299 -0.4566452680332053
1.0000000000000000	0.2873883562108663 -0.2944817805357019 -1.7213314328740437	0.9482154364215610 1.1389378073369141 -0.5870317158056811
1.0000000000000000	-0.8048817376195734 -0.7541023016384526 0.1943793745637777	-1.2465212572827153 -0.8421019244686889 1.1573315692741148
1.0000000000000000	0.5486404670164174 -0.4494570188899703 0.0196079177122203	-0.5485629217259911 -0.1351033090412228 -1.0788430013367296
1.0000000000000000	0.8927694825525192 -0.7066885912970371 0.2132881888586955	0.4355497427776530 -0.2288130490675134 -0.3948282924868076
1.0000000000000000	0.5393660888369742 0.1902858126372388 0.6816964426013856	0.6521973282875716 0.8989791071952978 0.2245296435581914
1.0000000000000000	0.0641358184013828 0.1756820418754763 0.9171965989074568	-0.0654295634202963 -0.8247304677570009 -0.2686459567757569
1.0000000000000000	0.1372941487729198 0.6957078933792257 -0.1876694165910034	-0.2697142394531442 -0.5966793951493304 0.6901028389881494
1.0000000000000000	-0.3973237571772690 0.0815681288564478 0.0583162125960627	-0.0482058835676676 -0.4804857866298933 -1.6152987254388660
1.0000000000000000	0.4083532136737283 0.7412152197102053 0.2031391443490796	0.5991310285888400 1.3319398293463591 0.5623423304971968
1.0000000000000000	0.3403922417298783 -0.9472812031610475 0.1112796961002525	-0.0392024213802797 0.7258201892775232 -0.2783461328169833
1.0000000000000000	0.2974573461335315 0.1849242901899362 0.4151978265558824	0.2277584359941358 0.0131249855550932 0.4309501753417316
1.0000000000000000	0.5335645844274750 -0.3666105844150376 0.2333362128441369	0.1559388183050673 1.0816210779720075 -1.8894288644055099
1.0000000000000000	-1.3546315734982453 -0.5808100787754472 -0.2013751177202955	0.4987253181581572 -0.2877306872428798 -0.3270239384821157
1.0000000000000000	0.1207819847776445 -0.2052863091376994 0.4361200759558428	-1.2709297919191884 -1.6461849283231607 -0.6711042871411840
1.0000000000000000	0.4861087460412252 1.2166611664857081 -0.8877970507101188	0.9287198659601319 0.5888736489524770 -0.0287030568276807
1.0000000000000000	1.1281963094714662 1.0540694690436656 -3.2769960332640991	-0.5522909742064055 -0.1523850473818840 0.2451793231558819
1.0000000000000000	-0.5498380989518551 0.9648533949876461 -0.6154070769396580	0.4978197526330619 0.6732580443099667 -0.2498082361913810
1.0000000000000000	1.0575655801628820 -0.7373209749006394 0.1154661738999110	-0.0155456006565720 -0.4289433479209563 0.0801016088613539
1.0000000000000000	-0.0687823625299052 -0.3948596795753667 -0.0886717746478666	-0.3346719199431012 -0.1225813825006043 -0.8273060920322006
1.0000000000000000	-0.1834338938548427 1.5790845458949663 1.0095650068363198	0.4759805852773782 -0.6566247203890937 -0.2085069816641341
1.0000000000000000	0.0716893821783644 0.0413351357152936 0.1371495464962880	-0.7033603413764348 -0.2821759699999423 -0.6707296987671603
1.0000000000000000	-0.1629744821209840 0.3118560451768984 0.2041883766364863	-0.3743549053232014 -1.1888451211287554 -0.3250554447965089
1.0000000000000000	0.4505956267590538 -0.4223655822187616 0.4315844200077246	0.4362042803858447 -0.4094476162644280 -0.9935786274791747
1.0000000000000000	-0.8670779566316031 0.4852608590381390 0.4866626852126513	0.0842821392635908 -0.4091987929437055 0.2210532534297356
1.0000000000000000	-0.1006840198664607 -0.1294390519843550 -0.2681054573696202	-0.6235221123027470 0.0349196078324900 0.2567747169201824
1.0000000000000000	-0.6182532984043485 0.7616066989908978 0.5664670817133326	-0.2334963047272231 0.2817061543768249 -0.5708016939771287
1.0000000000000000	-1.4595378789894857 -0.0318927599224008 -0.5767613804629548	0.1602462897450261 0.3772233457333307 1.6975398479468244
1.0000000000000000	-0.9065538504664902 -0.3586042815791927 -0.2331238323966196	0.2559244770928772 0.6444412151779554 -0.4094474857912383
1.0000000000000000	0.2478703218957586 -0.0116753615385004 -0.3389270282007247	0.2112005155751316 0.3740067846269808 -0.7289939110788942
1.0000000000000000	-0.1240239346718143 0.2721477466966877 -0.0955340768752497	0.2045085447676096 -0.7681636491171493 0.9420392398976795
1.0000000000000000	-0.4109768415268875 0.3075113249676008 -0.2956225250129317	0.1454686477292404 0.1008005611066285 -1.4106036751930515
1.0000000000000000	2.1639314462205395 -0.5122996415230763 -1.2215637522827409	0.1338314146229013 -0.1267376950755074 0.6184503612239112
1.0000000000000000	-0.6572721852411827 -0.6198162739776840 -0.8994055885833765	-0.6447342467134450 -0.2952390914380771 0.0563808121545743
1.0000000000000000	-0.7123667453412575 1.4272937932083085 -0.8678906368688521	0.0119069164533124 0.3055309265649785 -0.3959587131812266
1.0000000000000000	-0.1854560670390281 0.3529772516898135 -0.0583704646905405	-0.5310203174286240 -0.8530236720637078 0.3675412388575927
1.0000000000000000	1.5113862465093590 -1.2684183613627604 -0.2858448344814541	0.3185964360046264 0.7866430700641726 -0.1635394387653911
1.0000000000000000	0.5929854274541876 0.1215271691410555 0.4068887254065767	0.3668876299989197 0.3052483803746459 0.5416662897149130
1.0000000000000000	0.5456513018500222 0.2625346373348240 0.1444660475877952	-0.0703692950772063 -0.6684485656565314 -0.9263641895419209
1.0000000000000000	-0.4246966170876249 -0.3517799612433993 1.3124713064140956	-0.7804006685984284 -0.5332725323239146 -0.5747030863134674
1.0000000000000000	1.2305846256310098 3.1602823275898797 1.4537268944859469	-0.0240555115678225 -0.1313565858235824 0.3365421530872209
1.0000000000000000	-0.1130668897579516 0.9759385783584907 0.8646449317371313	0.4035085798527322 -1.0628539196893103 0.6967287225350327
1.0000000000000000	-0.4866412756306102 -1.1709798769145392 -0.1123715473256022	-0.2133080331310913 -1.2170433381469290 0.5897574566705435
1.0000000000000000	-0.2361736476491086 0.3045050069977657 -0.6675548942399057	-0.6381747407935108 -0.3013820047976138 -0.8332006123380120
1.0000000000000000	0.4759273650484707 -0.2810617053846888 -0.6587833934509740	-0.8438989116480778 1.2060312803572188 -0.1281863948828093
1.0000000000000000	-0.9771563283743000 0.7146021938629414 0.4110384385206356	-0.0071116585249404 0.6936960974875895 0.0695248659956573
1.0000000000000000	-0.8103271312149251 0.3736064033035794 -1.1152694013188360	-1.9805116824529405 -0.1474880509290061 -0.0095032823225190
1.0000000000000000	-0.6451747822019221 -0.7922183531065048 -0.0732005664124086	0.4660765074611536 0.5562039169841692 1.4004284797496176
1.0000000000000000	0.0271929236499733 0.5466483302093823 0.1933502101227989	0.1854166427521930 -1.2296414706613736 0.4841440546741550
1.0000000000000000	-0.4443593820242778 -0.6014231048670856 -0.1821831957011867	1.4738274557815405 -0.1344219245752016 -0.2934661841061196
1.0000000000000000	0.6110401532003097 1.5480666677939399 0.4335247822074635	-0.8539731304528748 -0.8624907705844908 0.1985759987779991
1.0000000000000000	-0.0401291964449225 0.6251150953481774 0.4063876795949790	-0.7742791296516485 1.0350465003270528 0.2764220998770128
1.0000000000000000	-0.0433165423843957 -0.5007314705433992 -0.0598443296595966	0.4415350178863470 -0.7842245032170064 0.5004256036336540
1.0000000000000000	0.2303073286754188 -0.2947089428947450 -0.2887725148517405	0.1374450643872821 0.3131481639899357 -0.3117870479702000
1.0000000000000000	-2.0173547364242399 1.3361592544562153 5.9276184914036660	-0.4023868472345695 -0.1893093305437646 0.0824428879063687
1.0000000000000000	0.2370598381638066 0.5019626575793389 0.6441771984910991	0.4563284448958142 0.3386705066410917 0.3071878080492648
1.0000000000000000	-0.5729339919053263 1.5625856518507510 1.8726323814473755	-0.3878207991942605 0.0565867119240514 0.3029016092932557
1.0000000000000000	1.2545609024951014 0.4964932192641554 0.4709503179221976	0.7101408609413626 0.9371248429964314 -0.0693349532668060
1.0000000000000000	0.0855298254084343 -0.3269360675500796 0.1085141656438552	-1.0238171457849832 -1.2767851351861950 0.1984460736276563
1.0000000000000000	-1.2216616724089406 0.4280991822459542 -0.0581321972912207	-0.8185717712863798 -0.2300827899894161 -0.1796554341374061
1.0000000000000000	0.9450787911471216 1.3244865098262582 1.3223690954079976	0.3194809746551300 -0.3528537899301573 -0.3212676000327526
1.0000000000000000	0.0573670642615836 -0.7859305725563892 -0.6361029017613025	-0.0482913103673682 0.5678135332626484 0.0876770533741009
1.0000000000000000	1.9405421908928384 1.5569093874851720 1.7798721555541357	-0.0317116581857141 -0.8588167541107742 -0.7944798232825061
1.0000000000000000	-0.0199483167379428 0.2573216278498728 -0.0508218166150304	-0.7609586707139991 -0.1877191243752135 -1.0547736707275874
1.0000000000000000	0.4427038341080660 0.0291349532434455 -0.6456402419651586	-0.6633650125906675 0.4626287111258165 0.5950824792606334
1.0000000000000000	-0.5615614037220570 -0.3176011394572009 0.0888897555870059	-0.4428924261081423 -0.3544787337790154 -1.3670173781124748
1.0000000000000000	-2.6203919131588043 -8.0770532271777480 -1.1565933391432723	-0.3977939892617676 0.0092027052010671 0.0630430763748475
1.0000000000000000	0.0924342235022916 -0.2527301336434155 -0.5036804457288425	-0.2365955236924968 0.2972693887739352 -1.2871152391147289
1.0000000000000000	-0.0450756273411556 0.5183959271298908 -0.3394535313614431	0.4730510749350559 0.3669053250400032 1.2816469590814716
1.0000000000000000	0.1169049731132171 0.0734321716415406 -0.3562491490571535	0.7842484470541496 -0.9412863023289453 -0.9171299933625519
1.0000000000000000	0.4219764290997675 -0.3914926508504190 -0.5420488311281754	1.5127410712282077 0.8708764082774317 0.8335970292119363
1.0000000000000000	0.6951539002703058 -0.6497907709996646 -0.2358515858031318	-0.1461247387218238 -0.4057780641189577 0.3130101335549759
1.0000000000000000	-0.5146504771276053 0.1294951840278158 -0.1761336461064681	-0.4661752678326163 0.8029466709699089 -0.6256813506639408
1.0000000000000000	-0.9170070897355291 -0.5048588748063201 0.0654630023745063	-0.3318560957902925 -0.7338062403419224 -1.1976702454495454
1.0000000000000000	-0.4125682469204000 0.1502132531346259 -0.2672036686256372	0.2530791713360698 -1.3064634999869886 -1.0101124172339349
1.0000000000000000	0.2574297650560481 -0.2418493338136599 0.5295613492766114	0.6530620208148198 0.5959885269758243 0.7020680863278933
1.0000000000000000	0.4074088305671682 0.5875455094283837 -2.0088750312287629	0.0254001309327664 0.3600648825066977 0.1195087292672093
1.0000000000000000	0.3763744038977060 0.4403747174171934 -0.7060534697643841	-1.1567999763114232 0.2499745162583450 -0.7996955787910052
1.0000000000000000	0.4260181498779517 -0.6227209589365098 -1.1741065887953663	1.0885290741270965 -0.0383949940941852 0.1303912491760225
1.0000000000000000	0.5301834111748096 0.2082434041972939 0.0766803444074062	0.3611327933491348 -0.0552231177585887 -0.3889331475093909
1.0000000000000000	0.4098878245696642 -2.6269671587477941 -0.2780713059692477	-0.1040772049546708 0.0206825074804035 0.9094603103193897
1.0000000000000000	0.3858306459903777 -0.1084304119039159 0.2520595274912118	-0.0250510560959996 -1.4974281998378307 0.6948380404623417
1.0000000000000000	-4.8968905049134754 -0.2238610980609839 -1.0115930297253515	-0.4442988932460051 0.0742280679682582 -0.1358316718066778
1.0000000000000000	-1.1043202145460564 1.0710127739821567 0.8369136631538593	0.0043488363936933 -0.5165474702378775 -0.4984583232736857
1.0000000000000000	0.1684884848208508 -0.1507882333670894 0.4103426394821583	-0.5358312924441003 -0.1476426149350948 0.8200041607455748
1.0000000000000000	-0.0825183783250440 0.0110301265769691 -0.1797562107878392	-0.9742052018968050 0.8790221088057768 -1.1116644238788522
1.0000000000000000	3.1997587105594429 1.4613594239770507 0.9535843657782153	0.2435344491015539 0.5522640834741124 -0.5541700817815151
1.0000000000000000	-0.0144080939988726 0.0305991456705117 -0.2416216971513622	-0.0537920375354641 0.0183254324451274 2.0133148033147470
1.0000000000000000	-2.2421011969202054 -1.8265566278804721 3.8751312255677361	0.5356102465332258 0.0729205793500493 0.5632114584561115
1.0000000000000000	-0.8634301648747694 1.2580950853186916 -1.2065601374288824	0.3938537438932730 1.4895232799935976 -0.4013381125901632
1.0000000000000000	-0.6673857290582196 0.0497429144204046 -0.2448890263556742	-0.8806521520348290 -1.1484515020094084 -0.7822755621851645
1.0000000000000000	0.0437698860655677 -0.9337660134844058 0.3226419937976561	-0.1414982638596348 -0.0844484100680309 -2.0715245070594146
1.0000000000000000	-0.0173242659515808 1.4593536329933567 0.2452835029830847	-1.1353049300956033 0.8827423280287604 -0.2473589125896861
1.0000000000000000	0.3930299647277952 -0.1449650101739044 -0.4489243563625723	-0.0467905171650584 0.7735118454423364 0.0795463420783149
1.0000000000000000	1.1318662004201530 -0.9321066088445751 0.6247474886279348	0.1100132171213569 0.1608845953437203 0.6793200031228606
1.0000000000000000	0.3204430964175492 -0.6264094441035637 -0.1600566173356502	-0.8973936690384022 0.2882557255712056 -1.3062688399373270
1.0000000000000000	0.3248294747005436 -0.8169263391876999 -0.6959863187733593	-0.5886878422866600 0.6110258414062483 -0.2072648143034681
1.0000000000000000	-0.9014834135103016 -0.0489110094376404 0.0969445595849990	-0.6398190472721353 -0.1248799694503964 -0.9354183375771434
1.0000000000000000	0.0121594891488387 0.5890284094160306 -0.0660169544982007	0.5325515798012540 1.1455664101997995 -0.0918776720407433
1.0000000000000000	-1.6204885061213858 0.1015222918529292 -0.0140305118441421	-0.6865491077964656 -0.3738981541994971 0.1268772746976781
1.0000000000000000	1.3582348213809705 -4.4857336347682102 0.4944559405990486	0.1144556260213400 0.0357960783094972 0.3316521725882666
1.0000000000000000	0.4299201935332709 0.2156020073231539 0.3598179907425447	0.6908375692237866 -1.1678999129411129 -1.1429678180798066
1.0000000000000000	0.1633177107915980 0.1163136085801621 -0.5726008641817290	1.2880964877458025 0.3397219866236851 1.7907966597320240
1.0000000000000000	0.1981008026551237 0.0496818606421589 -0.2768408111396291	0.0789436544886710 1.4696613681508279 -0.2308264602867574
1.0000000000000000	1.3772594552491919 -0.1880952073774276 1.4253340555398486	-0.5266092300299143 -0.8026958997054897 0.6089769181909381
1.0000000000000000	-2.0026421008990192 -0.3901006714982517 -0.7904540006281507	-0.3407603504934494 0.0853207628948876 0.3115181908934090
1.0000000000000000	-0.9464741072373679 0.2729704004837932 -0.6451697796175280	1.6597461328257681 0.3908952478583888 0.7554312553806461
1.0000000000000000	0.3347957745694823 0.2603811415192719 -0.5483990269579143	0.6794648531479321 -0.7147155355630606 -0.6920111923817666
1.0000000000000000	1.1312215852450256 -0.0055387454740522 0.2382729597805086	-1.1676970388836414 0.1147923316035457 -0.8398998218734587
1.0000000000000000	0.6216930846844384 -0.0604177852152861 0.3219322994644486	-0.9075769607504836 0.6074957438224305 0.4058363465602932
1.0000000000000000	1.1782616282656690 0.3417601757895116 1.4267587222557259	0.1990745843329060 0.2794788829035553 0.7408184308304245
1.0000000000000000	0.2856844162874917 0.1570778600954343 -0.3913235461419521	0.6969371509102712 -0.2519791533446876 0.8151602688556691
1.0000000000000000	0.3709931227790798 -1.4632253049715560 -1.1507729461853078	-0.2663169856673230 0.1889667948667770 0.1769308845465815
1.0000000000000000	-0.1248825825842622 -0.0425678271130297 0.1281088243493666	-0.1345329734405750 0.0516578000485769 1.1114877788387953
1.0000000000000000	-0.0979932676227187 0.0023626918659490 -0.3231921178247286	-2.2469515295535500 1.0270044698789904 0.7178635513339190
1.0000000000000000	-6.6932534975130897 -8.6635734415049193 3.2065127032332210	0.2168541969932104 0.3470644845920134 -0.1601332976510011
1.0000000000000000	0.1667383516798006 -0.1410134530207072 -0.4038894833734634	-1.1668449728638279 0.6207560071983657 -0.2181492750062338
1.0000000000000000	0.6224140576950989 -0.3716875901322755 0.1687228222912769	1.6076654680990297 -0.5009644948445086 -0.0900106729041320
1.0000000000000000	0.6837761580341665 0.6202203143196285 -0.8923632620850728	-0.1337964223932749 -0.1635876117489552 -0.6074510663480788
1.0000000000000000	-0.0495421447932214 0.2333956616254991 0.3367014322641650	0.8557429139367539 -1.9198944265404290 0.0431533060752435
1.0000000000000000	0.0469577947232772 -0.2534161926455817 0.0178275126642876	0.3772895992928808 0.1668277493804133 1.8911021666532635
1.0000000000000000	0.1815348762058762 -0.2758446799375648 -0.3947232933136613	0.2479471926898895 -1.3572604644448767 0.9366561425172286
1.0000000000000000	-0.3598022886625299 -0.1426948125608383 -0.4235652345726977	-1.1227263233006135 -1.1725175724385464 0.0408439104311085
1.0000000000000000	0.0105954362506533 -0.1630897262846204 0.3742994958889450	-0.0560158704631556 0.5434094006596091 -0.3752494918439395
1.0000000000000000	0.1521723303535860 0.7072150559004974 0.9175705267984446	1.2066789763130223 -0.1361108577387813 -1.1877570809795921
1.0000000000000000	-0.5240115428258026 -0.3802386410183611 0.4641987133491426	-0.4751161942016222 -0.3150972317682579 1.4849785012588872
1.0000000000000000	0.2367314903904735 -0.8124352279105809 1.1645585957952367	-0.0951610841403417 0.0989741303187344 0.8114560744167582
1.0000000000000000	3.9444492521981771 -1.4829432199769697 -2.3155668244672976	-0.8401015104661628 0.5988419965058354 -0.4840606055972621
1.0000000000000000	-0.6964547795667868 -0.0719515600836611 -0.4985654216300998	0.1004646684814333 -0.3047855360670768 -0.9565265389885876
1.0000000000000000	0.7215576155640618 0.2515011858445290 0.0150176632953298	-0.3020157183775752 0.0316399947164428 -0.2912266684598799
1.0000000000000000	0.1797417650945159 1.1414666860147427 -0.4317379512834489	1.0151345876559756 -0.0901321203201923 -0.9291231389880816
1.0000000000000000	0.8123781166876046 0.5099577028281331 -0.3731223287305855	1.3942774585986266 -0.3643633144832946 0.7426309911629243
1.0000000000000000	1.5005224187924278 -0.2848298656656436 -0.1204466225883773	0.2449433180194088 0.3663321532083185 -1.2065445401055042
1.0000000000000000	-1.5298083983151898 0.0121065640108953 -1.4326613638258427	0.0074540508591361 -0.5379586602728769 -0.0493519847394362
1.0000000000000000	0.3150862438677746 0.9548881015837981 -0.6275279666989493	0.5063299542916307 1.3770181911741763 0.0955375486914765
1.0000000000000000	0.5024504728474040 0.0649650011533828 1.0263684986981421	-1.2337728210569596 0.1336663119156961 0.6142840492158267
1.0000000000000000	0.4351007794960909 0.3545984242978891 0.3785909833459958	0.3545907712948112 -0.3521108277941012 1.2532125030147467
1.0000000000000000	0.9323280807140095 1.0113633049404414 0.3739755662602929	1.0221200990677901 -0.2111227256362109 -0.3395966234660948
1.0000000000000000	3.1121100017552510 -0.5014331172552032 0.5864441316589166	0.4481354944443061 0.0274269026901737 0.5528619658744702
1.0000000000000000	-0.0829741599051677 -0.0514837826508902 -0.4067442210583994	-0.1115726712429628 -0.4766102294377019 1.3176205875420810
1.0000000000000000	0.0941362445477441 0.2386098919105776 -0.5362095468616300	-0.7213375881154624 0.1417912867147277 0.8023300827403400
1.0000000000000000	-0.8113401793972238 -0.7035390202400718 -0.7127264025039844	-0.5954729007574209 -0.3615596293234324 1.2247658213639603
1.0000000000000000	0.8685995119845159 -0.9721158892235707 0.1512672786228109	0.5945402825401938 -0.4164243957399741 0.3535158995233224
1.0000000000000000	0.4024269865395667 -0.3961677154016134 -0.0560653399927544	-0.5698998772048965 0.0682257607433299 0.4177887093384015
1.0000000000000000	-3.1318348166691909 5.3105036322092118 6.3096077708030789	-0.1757150883174066 -0.0676382835679587 -0.3378609708321691
1.0000000000000000	-4.6079338985726581 0.3070576938598661 1.8708185589148019	0.5142078529142170 0.0205057545560735 -0.8944433815927775
1.0000000000000000	-0.3434422174434067 0.7822255209873092 -0.1410469916258244	-1.0742066822358631 -0.2767150318676158 0.3115872853234997
1.0000000000000000	0.4391900087972538 0.3845115508488141 0.0030924446508103	0.3352886032631865 -0.4466279827607454 -1.4427141103861423
1.0000000000000000	0.1051800711313283 -0.2608706210645116 0.1777523417695312	0.4205252222417336 -1.3458943517720878 -0.4001886336915916
1.0000000000000000	-0.5401163276761871 0.2486356441399376 -0.5394741685402669	-0.4713002002703353 1.8286689673528329 -0.4603989105865954
1.0000000000000000	1.2729330071671825 -0.0152900649570711 -0.1600956763934716	0.4111509217759576 0.6221778305672574 0.2396421183517538
1.0000000000000000	1.0330631438375564 0.6969262608396437 -0.4391015518025818	-0.6345307645235970 0.6992046108807135 -0.8875440201643736
1.0000000000000000	-0.3960883478367159 -0.0936629595766312 -0.7746092804242167	0.6096061863602068 -2.0366246474910437 0.5516756648984956
1.0000000000000000	0.4025143307158253 -0.4831310282316218 -0.5816654422328161	-0.8630092198806809 0.9579954382436031 0.1958509417672823
1.0000000000000000	0.3086668703150587 -0.2779983282373671 0.8936194325220554	0.8801699360484008 0.5173411962630070 1.2095194026149809
1.0000000000000000	0.7329233865608592 0.0112519978488354 -0.6091066943524313	0.0853183495782898 1.4560919306813191 1.2673908522482606
1.0000000000000000	0.3391081726838973 -0.3219426694232724 0.2499243638298946	-0.2136985124964269 0.0488782962438773 -1.2953110551186060
1.0000000000000000	0.0377654518019608 0.0391481700331523 -0.0362603709335411	0.5571036714536614 0.7396439520719056 -1.1056730649427517
1.0000000000000000	-0.1815798808990233 -0.3704113856941758 -0.4977371486442841	-0.6026093156034991 1.8699004106958890 0.2533933916327920
1.0000000000000000	0.2129247032226178 -1.1359444811020540 -0.3098959720851873	-1.8728512393570802 -0.0196890516389126 0.0662291023788419
1.0000000000000000	-0.0741759532707613 0.2265360003573781 0.4429434424133117	0.3389160546980224 0.3616662028897223 -0.4880082789617609
1.0000000000000000	0.0141758767023377 -0.2732943200757271 0.2571562474448694	-0.7113854082282914 2.0447000643491267 0.1394421008383949
1.0000000000000000	-0.4852053565097103 0.0637868907801882 0.4526956530648621	-0.3779057626195526 -0.5727051245702223 1.2158491756616079
1.0000000000000000	-0.3211787292802398 -0.2742745298671574 0.0901494380690578	0.5445278166651311 -0.8388539581737003 0.5351521136916614
1.0000000000000000	1.0119846184185461 1.0274565338882948 0.7574822349333973	0.2652542072095760 0.5307550320440957 0.4207468106303029
1.0000000000000000	0.2466822077757933 0.0409002657848419 -0.3386153408807489	1.1134338238161021 -0.3218403007980626 1.0866080321364766
1.0000000000000000	-0.2627930883516034 -2.3834634291372065 0.2548275141563854	-0.2643985694055171 0.3100156574961788 0.3596843732353192
1.0000000000000000	-0.2805483096135630 -1.4231173755707582 -0.0322183479513104	-1.1229493501950418 0.4532775123138335 -0.3844702287551496
1.0000000000000000	-0.6926298720676083 -1.8165690102320120 -0.0896612019176887	0.0146758974011327 -0.8579049176023544 -0.2876723099916645
1.0000000000000000	3.0995374482326787 -2.5139236285313968 -1.9280137863347240	-0.0706412674290634 0.2540018640136832 0.2835657954553596
1.0000000000000000	0.3335488684834771 0.4550536484864195 -0.1117805176557835	-0.5269987541214782 -1.0690517441413079 1.4932184879617021
1.0000000000000000	0.0992074533544854 0.7688318390654323 0.1951030707890108	0.1867374204260531 -1.0532654832975998 0.3032013367727326
1.0000000000000000	0.7117156692369542 -0.5538476543880162 -0.9940536510186941	-0.0907974999967909 1.1840421265168917 0.5035617906469235
1.0000000000000000	0.1270009394763301 -0.2214961510823932 -0.0895399775517162	-0.5516626507178504 0.2765498434507646 1.2274586080492897
1.0000000000000000	0.2703085886780662 -0.8583498974166838 -0.2238933387234331	1.0513981632443672 -1.1033647328829956 -1.1435957485441837
1.0000000000000000	-0.0040130964824930 -0.5262265720674776 0.1407460424618928	0.0679077364791369 -0.3113546214571585 -0.0348184435537122
1.0000000000000000	-1.8476383558836083 0.1089752850286801 2.5722986667152421	0.2699944590410704 0.0947585503169256 0.6186572275644432
1.0000000000000000	0.1242958993692634 0.1067666269553746 -0.3026075380165658	0.0783148539941375 1.6197012693138233 -0.7636641857229591
1.0000000000000000	0.3081013557808216 0.0362208198181740 -0.1878296860523603	-0.5569870347682088 0.6967196788487623 1.8053192430823573
1.0000000000000000	-0.5990166580669775 0.4578453377358627 0.1001012619119163	-1.2735886080405934 0.4733125447572438 -0.2537402316714086
1.0000000000000000	0.5993054137944742 -2.1945209013573117 -2.3468803982180093	0.2863414449789153 0.6052900686352318 0.2276789150850382
1.0000000000000000	-1.7151664337757768 0.2786310685762109 -0.3475601978429130	0.1253918319081016 0.2083868650478991 -0.1760829602207838
1.0000000000000000	0.7542768848657087 -0.0006803441272192 0.9673825068789507	0.3127411021858673 0.2655819577885039 -0.0719835209982722
1.0000000000000000	0.2660174489137390 0.3519451099465026 -0.3686970922905457	-1.0282169838007189 -0.2503160638495611 0.3928443033778440
1.0000000000000000	-1.6154584435351702 4.4876615074732999 0.4717517884859610	-0.2251901788681917 -0.9615844138595167 -0.3410051802475161
1.0000000000000000	-0.6795054990769078 0.2639895031664003 -0.2129695452482149	0.2247414333412654 -0.1709309175725769 -0.0166841725773636
1.0000000000000000	0.7188863461646723 -3.5843571366235243 0.6089243332700779	0.4697187284747822 -0.3928547547530771 -0.3743183968225502
1.0000000000000000	-1.9213031126414228 0.3190565786740242 2.4180673338741747	-0.3165378157286690 -0.0217611220975601 0.1311143200067288
1.0000000000000000	1.7033334031935166 -2.0173258774262663 -1.3910903763878291	-0.1272293968335031 0.1535430564137776 0.1803096550816081
1.0000000000000000	0.8226100694463321 0.2234617620043093 0.3031383848541573	-0.6427322689349205 0.2690291125068567 0.2991360336733976
1.0000000000000000	0.5850891453431574 -0.4984152378600773 0.2406855780074521	-0.3797185258727671 -1.4727037000865537 1.8010540625854614
1.0000000000000000	-0.5655251471130605 0.0163329452901516 -0.5736633601258447	1.4464417007567472 -0.8862051701637885 -1.4255511597577588
1.0000000000000000	-0.3167713443524707 0.9923199516060314 -0.7133373888893334	-1.3753885960331171 0.8164058214805660 1.1298875885292550
1.0000000000000000	-4.1651689344433800 1.1863028703169571 -1.2780684833582212	0.2268184506146496 -0.5617757675551083 -0.1561074270399619
1.0000000000000000	0.7499182409752331 -0.2563345481159599 0.1066990753024506	0.2030550004178137 -0.7043055714965624 -0.1983634803138943
1.0000000000000000	0.1110467292110567 0.1852090160102685 1.1397766005929846	0.3575599251085995 -0.4838184547877914 0.4789819062758448
1.0000000000000000	0.9286484578939401 0.3843332521056106 -0.4428405315276537	-0.2957808335363803 0.2388545723457726 -0.3989665024016341
1.0000000000000000	0.9560722772394343 0.4165590517737768 0.4495084550335956	1.0588717665838003 1.4234142358109121 -0.5730208282006719
1.0000000000000000	0.4534200212566924 0.3452628283769364 -0.4829361219167115	-0.0425211801644376 -0.6499509681524810 -0.3426944050476081
1.0000000000000000	0.4172768497550214 1.1118204816225032 0.2712212407121316	0.8631163039951205 0.3637742895601925 0.4174932914767079
1.0000000000000000	-0.4987248997349329 0.3304113078119139 -0.5723376337136884	0.2731778946681333 0.7107177521360545 -0.8712291794086120
1.0000000000000000	0.1985130128222080 -1.4832663245017239 1.0385698577526101	-0.2683204213874697 -0.2932889182838183 0.1962681685683344
1.0000000000000000	0.1289347659845478 -0.3925351120730977 -0.2598198042852089	0.5363280367125416 -1.1390242098277699 -0.4263903033842442
1.0000000000000000	-0.4463973089548261 0.1874211090427077 0.0167434926706294	-0.6716048694210279 0.2068129651518488 -0.4582322528386362
1.0000000000000000	0.4646808102060488 -0.4576674621021787 0.5059177243121045	-1.2655708307134590 0.7531880544204355 -0.7456890204212057
1.0000000000000000	-1.3116641708521437 -0.4442675826929959 -1.2363766668656497	0.0448326038461074 -0.2385722238574815 0.9811020079587880
1.0000000000000000	-0.5059963223454927 0.8185675833584399 -0.0325249608878523	0.1225966711580783 0.7962504611850462 -0.2369670466134469
1.0000000000000000	1.4322293157581207 0.1492327802014451 -1.5650099813982967	0.5717482843685866 -1.0760957813625767 -0.7154921182847432
1.0000000000000000	-0.7528730956278338 0.1950346277198804 -0.2895878249046134	-0.1657023930471277 0.6347658281940215 -0.8597116126097306
1.0000000000000000	1.0855204918658705 0.4579722764503543 -0.4903979803854457	0.1768532829523019 1.2563766372035587 0.9661638214603679
1.0000000000000000	2.3753044673053494 3.5142748338283680 0.1756313960015065	0.2131212765901115 -0.2742326896589447 0.4346140574410941
1.0000000000000000	0.6807171876070610 -0.3008804065357283 0.2106923515943304	1.3409865687771174 -0.2542553007278774 -0.9794373278185727
1.0000000000000000	0.3598491172188214 -0.0209521399884930 0.0769351710568975	-1.7585958384487772 -0.2173331751032240 -0.4553458420326182
1.0000000000000000	0.9271509225417325 -0.8739464285081315 -0.4176933239761258	-0.6246612168605947 0.9724572070656837 -1.3059659743650827
1.0000000000000000	0.4202582717942143 -0.5120302336438457 0.0020351479661624	-0.2978275093475583 -1.5198192432157531 -1.6472473230303573
1.0000000000000000	0.9581090427579747 -1.6329274824075162 0.9542909184184286	0.6048883842295713 -0.2498631545371894 0.8240451973706236
1.0000000000000000	-0.3427863264682421 -0.4154695402112550 0.0566216800184975	0.4641207737629373 -0.4552789640962508 -0.9083552999422836
1.0000000000000000	4.1994318645471678 0.4038923088404516 -3.9431905909044507	-0.0025430579397272 0.1249206974002521 -0.7094868998889360
1.0000000000000000	-2.8595898299172777 -12.3386968475200973 18.8538834005256426	-0.0303218142674566 -0.0792932416734312 0.1924402870748232
1.0000000000000000	0.4185545203749203 -1.3076075027988965 1.1552143408844362	0.4488817419406209 -0.4968898140924662 0.0620275601285199
1.0000000000000000	0.6888022720261507 -0.2659811237814758 0.3529758730124721	-0.0233250172241144 -0.2610685604490516 -0.2089301350597069
1.0000000000000000	0.2305583144527083 0.5100837654862634 -0.0579810704877743	1.2983011613092321 0.3331596087749735 0.4310231598152765
1.0000000000000000	1.2496675452077151 -1.2379864719128926 -1.1282654748410070	-0.5368447603139873 -0.5743290436426253 0.2066044244239252
1.0000000000000000	-0.9144204709960511 -0.0559111621243823 -0.5902627425881726	-0.4743643988139161 -1.3969416675461748 0.2184327533796148
1.0000000000000000	0.2869500370800263 0.3037897848836777 0.6143602855230490	1.2743691972337590 -0.4129256037455890 -1.0973954945625892
1.0000000000000000	-0.2628411877024541 0.3447355573401960 -0.0665679528260510	-0.2636736219300139 1.4158564860091944 -0.2564726829561738
1.0000000000000000	-0.3467874926641327 0.1714336911865973 0.4089420854551462	1.7513480603100384 0.8007112890719095 0.8090776706558008
1.0000000000000000	1.1208886382391845 -0.8331147430556819 -0.2146699104764379	0.2319663601795337 -0.5293592130898449 -0.6384749074918442
1.0000000000000000	-1.1032850418305924 -0.8456698196892251 0.1592294575439253	-1.2588279363867882 -0.0642666822121634 -0.5067271337457263
1.0000000000000000	0.7920607607564625 -1.7445991460733208 -0.1692523036960698	0.7456004084851714 0.8587639688450553 0.9993597171033887
1.0000000000000000	-0.4994924621469070 -2.2193151349105023 -3.4657916468246865	0.2755874355961605 -0.1492064884412860 -0.3245106794390607
1.0000000000000000	-0.1521267306907258 -0.5999426164635118 0.0207195740263667	-0.2384354241620784 -0.2264839437220520 0.8170842352117054
1.0000000000000000	0.2626978152963269 -0.0033770597325365 -0.1712536792253840	-0.4413470715601283 0.6257095563939890 1.2365197898291183
1.0000000000000000	0.6631017834052093 0.2062398087063005 0.6867352674567178	0.6917590234161266 -0.6666856076236061 0.1994076427527711
1.0000000000000000	1.9325298728482752 -0.5841625637538873 -0.0002517612383159	1.0661927125398314 -0.3552672027649835 -0.5767578300440948
1.0000000000000000	0.2377541748916362 -0.0819814319842743 0.4687504414274184	0.3568071707045525 0.3019846880039545 1.2537029672193318
1.0000000000000000	-0.9115754375586218 0.1561332856195128 0.0356666360353677	0.0835869664288438 -0.2778927241062997 -0.3453973932214546
1.0000000000000000	0.8807765968239065 -0.0704409837978998 -0.0610740002890498	-0.9082498524070759 -1.2030911338420534 0.1542772312570278
1.0000000000000000	1.9639342234108028 1.3240073067023457 1.0612655319713582	-0.3115623403689566 0.1560574507025681 0.0536482314127743
1.0000000000000000	0.5329291194003478 0.5887401327044631 0.0929587519356251	0.9765758823745511 -0.6697233096811209 -0.6468446860618995
1.0000000000000000	-0.5212301095513445 -2.1838526470101427 0.0724191156347542	-0.3744380781588670 -1.2459540258698174 -0.4481188711668069
1.0000000000000000	0.4141946707340793 -0.3062507906717993 0.2123870940952356	-0.1412440925358084 0.9045249520752840 0.4969356660640223
1.0000000000000000	-0.0449606967493929 0.5078716291660590 0.1202819560564174	-1.2925417529885774 0.3031700156760090 0.4029174328743305
1.0000000000000000	-0.6773916127196290 0.7981184997458195 0.5962739800439245	0.4303967399345841 0.3679561126622744 -0.2235669095758861
1.0000000000000000	-0.5100097439278699 -2.6355799426279036 -0.2817458025240571	0.3748930640585384 -1.0186443389978437 -0.1807639115763655
1.0000000000000000	0.6266311318539093 0.9978199958063135 -0.8618698987056157	1.1629845855461212 0.7105464840338782 -0.0312624923177001
1.0000000000000000	-3.4333798501330492 -0.4965705509357849 -1.4593578224652415	-0.6482397339493262 0.8794431548886328 -0.3073159107895713
1.0000000000000000	0.4210464634040127 0.2345636159975908 -0.2065537575915248	-0.0447710841954235 1.4647728622381031 0.5430384081554845
1.0000000000000000	0.6766625341114375 1.2681937569550761 -0.2839164323458506	-0.2854776017928433 0.1198107725992950 -0.1492222692660351
1.0000000000000000	0.5048149125165027 -1.3082583112300190 -0.4433835338231181	-0.4113536095359714 0.3451189982358508 -0.8608920050808345
1.0000000000000000	0.7613829864074335 -0.3424004536508297 -0.3546683572843563	0.4194301184307699 0.5300216321905067 -1.2462218505952314
1.0000000000000000	0.2526107984193193 0.9339702711686059 1.0955412652919017	-0.8002649871520967 -0.5076104397592486 -0.5742022455501786
1.0000000000000000	-0.7369915318242753 -0.7433198359154004 -0.8429152036495065	0.1268814374034975 0.2258884766525787 0.6756613604602172
1.0000000000000000	1.2059213903503982 0.9018805883316562 -0.6986856173017153	0.4056488499722291 -0.8807738420872795 0.1695954189658893
1.0000000000000000	-4.3402993730856068 -3.3301459103480813 1.1908074934207253	-0.3536719133373105 0.2100135016168592 -0.1982672363656495
1.0000000000000000	-2.1989001870135216 -1.1979546375033452 -0.1051891412529359	0.9688352071532936 -0.1169472697981689 0.1232976792209615
1.0000000000000000	0.1288655709977080 -0.7618674242295136 0.7551319085254593	0.2745677116184893 -0.3108259355723011 0.2476876540294722
1.0000000000000000	-1.0529943839526954 -0.0922314834259549 1.0051437491253774	0.7305275649358497 0.2815065620570077 0.6339776677485348
1.0000000000000000	0.1399357195015258 -1.3465096705205106 -1.3906861330785656	-0.7758494838196630 0.3465022974119464 0.1442586305348097
1.0000000000000000	0.4582532191616254 0.1964202029280969 0.8011948288387241	0.3776350080211979 -1.8436921925920209 -1.0597737164711556
1.0000000000000000	-0.2139530207364471 -0.2197261562583624 -0.0067985827333729	-0.2306063921585771 -0.6457864449914161 -0.5764690597901230
1.0000000000000000	0.1706856301202594 0.2125310727070648 -0.1038506151011354	1.2123813652644877 0.4521737998624895 0.0362777995134094
1.0000000000000000	-2.5467679286276348 -0.6652633193306197 -1.2520351576484499	0.1216760550348115 0.1943592172817855 -0.1537637303046181
1.0000000000000000	1.1130798283576582 -0.5629364551067200 -1.0918004413220741	-0.6042972772324555 -0.7219161537154358 0.7161252299793405
1.0000000000000000	-5.3702817152865219 -2.0169068377072237 4.6277978082816560	0.1812043348309849 0.1838656777694911 -0.1927093834349766
1.0000000000000000	-0.4559161568671642 0.7914348320145583 -1.0143564428253329	-0.5977675734421902 0.5197553472083293 0.4923300783600142
1.0000000000000000	-0.1481423582630120 0.6422970300128722 -0.1741235320210676	0.2797624126937279 0.5833153180692615 -1.5573671823073776
1.0000000000000000	-6.5818068428967793 7.9617385212827099 -10.3531872488731391	0.0951712157746287 -0.4061663595339891 -0.1350674299809991
1.0000000000000000	0.4769166449949614 0.7903836683129386 -0.5708140050284038	-0.9294433047021846 0.5663931192351406 -0.3017491295171280
1.0000000000000000	-0.2628093650587973 1.2471805433531198 -0.5352427532739984	1.2554770424837896 -0.7770186525922048 0.6873528382495139
1.0000000000000000	0.1935836046175600 -0.4124061865926851 0.1140401787360949	-0.4361805910181578 -1.3126219311839984 -0.1178146667826342
1.0000000000000000	-0.0964198161822210 0.0334283006239926 0.1340680627400528	-0.6378771321862597 -1.8252265709972300 0.5695181758821831
1.0000000000000000	1.4228472762565592 -0.0535163466973105 -0.0684070820742099	1.2227844154396463 -0.0861466908913783 -0.6497973290427305
1.0000000000000000	-0.1397454733646572 0.0681687419195495 -0.9039012120372275	-0.0776984675225249 -0.6445038494640231 -1.2959784772670406
1.0000000000000000	0.4180446954673162 0.4202629175690982 0.1017993723476031	-1.2551851112058583 -1.6018244448288834 1.5675712926177305
1.0000000000000000	-0.0042989280687406 -0.0575207709498147 -0.4660146590345312	-0.8426552785781225 0.4180487116182861 -1.2961539601428655
1.0000000000000000	-0.4636890438083338 -0.1923534103461846 -0.7136969107254684	-0.6337076220139829 -0.3430308342753934 0.5925702568474168
1.0000000000000000	-4.1045453352899797 3.2079746020096973 0.2252217266051388	0.4180131665491271 0.0028791054420129 0.5421161970718725
1.0000000000000000	0.6146198427107089 0.6899282365857730 0.3652397263081351	-0.7711702652730756 1.2341898078048410 1.3602406818646589
1.0000000000000000	0.0999296298470671 1.0040324448032036 -0.4153613420713331	0.5175037445756823 0.5624557492704492 1.0245759468197266
1.0000000000000000	2.5124870420260561 2.0378300258245159 -0.4688307430675953	-0.0820618545686305 0.7497065920330096 0.1656751871208584
1.0000000000000000	-0.6396061414924589 0.5032040980045639 -1.7729123520560646	-0.0755485503517727 -0.0921538357979188 0.2099555542009169
1.0000000000000000	-0.1122019008582242 -0.1205147242691779 -0.4081050896792663	-1.0598045887486587 -0.0265934263019438 1.0199131996131245
1.0000000000000000	-0.1119010247099869 -0.2104310354597426 -0.2505092394836786	-0.4329258943287207 0.1754909378399012 1.4631399818401631
1.0000000000000000	-0.7049894832812059 -0.1169436218207020 -0.5803671385875838	0.9735679958781984 -0.8504522109727212 -0.2990206013714721
1.0000000000000000	2.2289673441392601 0.9090134501648460 -1.7196990152098008	0.3484620374907628 0.4177490772750578 -1.0357358502925087
1.0000000000000000	0.1236952393551911 -0.3780862922939323 -1.2310040077141100	-0.2666019940839412 0.9501825700310310 0.0103794771859359
1.0000000000000000	0.1709530547910594 0.1843137898211604 0.2205881811878200	0.2908072887785524 -1.3876545297501965 1.5260305785203727
1.0000000000000000	0.0549767406776263 -0.2303050006951304 0.3011353325507578	-0.1634494901336107 -0.1344811639052634 -0.5989565394236064
1.0000000000000000	-0.8394875225578536 0.9102994489207845 -0.5314307354358079	0.9948680260110645 0.0618971862319337 -0.2348832387895208
1.0000000000000000	0.4083048878699194 -0.0319226946112705 -0.1010771292026493	1.4345073286834382 0.2065688969494025 -0.2458105182877569
1.0000000000000000	0.3477535105886090 0.0500693087210773 0.1831958015101675	0.4404701976388510 -0.2515311747208588 0.0785395109257215
1.0000000000000000	1.0027047153984496 -1.6849560515557080 1.3537799919361033	-0.6833999797705856 -0.7956679253707641 -0.9188795724051982
1.0000000000000000	0.7557240699117233 1.0809062381016192 -0.6545760112918447	-1.0469794381344568 -0.3195404614664787 0.1745449338059857
1.0000000000000000	0.2795855911071657 -0.1284492227708664 -0.0418438463715549	-0.9893248997831393 -1.6037121048363401 0.4537100507437790
1.0000000000000000	1.0530700993827513 -0.0631503050148070 -0.0098089147985968	-0.0574248154183285 0.1471507793951465 -0.7265315379388979
1.0000000000000000	0.1098407639710356 -0.0912586500902873 1.6007262199711647	0.3272479065815960 1.2114931200780643 -0.1387480296518691
1.0000000000000000	-0.5570053496870551 0.4734448840523950 -0.8392264934980805	0.4340033231831677 0.2260005075543474 -0.0320886819552840
1.0000000000000000	0.4141886388132478 -0.1389669876218854 -0.8302950102557056	0.6114928046169469 1.0216946347161646 -0.6321229579889021
1.0000000000000000	-2.6513419775564184 0.3907169228052081 -2.0096662010215893	0.5142003275150826 -0.4794295342403659 0.0581265353036497
1.0000000000000000	0.6186389755051367 0.1724831235521285 -0.1700658756126832	0.1073453361690411 2.2632446042097634 -0.6645957869429525
1.0000000000000000	0.1347644641544588 -0.6957784927096414 -0.0112012738269506	0.9406887848260680 0.8855069814257625 0.9981823216893829
1.0000000000000000	0.1845929107161145 0.2248463008986483 0.8182136606022411	0.8726203265078107 -0.8426781923496897 0.7481578077208519
1.0000000000000000	-0.4989822717427665 0.1662806470468584 0.6243332160393964	1.2043743466270662 -0.8520223568027863 -0.7993221295525538
1.0000000000000000	2.4849864204888981 -0.1039709183331638 -1.9318688513980280	-0.6781124628642435 0.7877500860715214 0.0929450873714453
1.0000000000000000	1.4842978301691190 1.1765100046303612 1.6906650975908912	-0.7688724632521508 0.6600354049702752 0.5348962708127610
1.0000000000000000	0.1561027712032859 0.8263180866480363 -0.6237652522305573	-0.6310867418915069 -1.3496308129719408 1.1899313831645986
1.0000000000000000	1.8465972486087858 -0.7457403701659920 0.5514158070760120	0.1609944196137317 0.5443056376138743 0.7695026897097833
1.0000000000000000	0.8731020893803130 -1.1147628335158084 -1.8302945202142273	-0.3352180273957566 -0.4831135673459553 -0.2864191354004798
1.0000000000000000	2.2861167318541358 -2.9172239157641116 -1.4971083271178369	-0.5813994363533810 -0.4902377967162573 0.2866720321406137
1.0000000000000000	-1.1262232185407981 -0.6233358849975480 0.5040344961080310	-1.0307479560958415 -0.8930673345964124 0.2106967528850156
1.0000000000000000	-0.2855355887879629 1.2643875282113208 0.6020237985000514	-0.7588989245138953 0.8699022882343599 0.5049264809155778
1.0000000000000000	0.1073265782480766 0.1960522570716988 -0.6099323164422861	0.4992495234798670 0.8044954889133100 0.1918389849455751
1.0000000000000000	0.3684076308977970 -0.1314660760877351 0.5056377207770058	-0.5703016874672878 0.6706746922376298 -0.4262403825205722
1.0000000000000000	4.4412446130939074 -1.1758763107562185 3.3361450440714009	0.1356170800337082 0.1799689129309819 0.0877818163212123
1.0000000000000000	-0.1913854042949416 0.0214241748618387 0.6049720870629185	-0.5906598960053745 -1.0586049106473203 -1.6217251625327682
1.0000000000000000	1.2746548238122546 -0.5923780097107093 1.2388400606183188	0.4767855811309481 0.5505544614962963 -1.2494704829071701
1.0000000000000000	-0.2307649947256893 0.4055262002145046 0.5419860951798865	-0.4959948953136405 -0.4124492495349609 -0.1395850018111031
1.0000000000000000	1.7178469914885737 -1.3263251635663607 1.0037455880941786	0.0657742137663995 0.5049985774865324 0.9543735449646856
1.0000000000000000	-0.0071482298380156 0.4021826157377196 -0.2138859287110501	-1.0431883457102813 1.0800255153933691 -0.9703268724694185
1.0000000000000000	0.5958344678259477 -0.1800830419864478 0.5112235941533761	0.0314413692381086 0.7263008462000857 -0.4099318887464756
1.0000000000000000	3.1704869568014398 1.7007363662690484 2.5014629272864477	0.4642745165991609 -0.0174489068832766 -0.3444544972625788
1.0000000000000000	0.1942917967293688 0.0078157535164422 0.0360041615987313	-0.0150027265953473 -1.6526771038995784 0.7808081754960892
1.0000000000000000	0.1604037594856051 1.7810963737194434 -0.8994442200425132	-0.6358261063591273 0.1048388282304553 0.0936058564101268
1.0000000000000000	-5.8893853498999125 2.2977786401242022 0.6441609733852610	0.0202589468763858 0.3831530626554411 -0.7142655486657236
1.0000000000000000	0.5635271133763985 -1.0977953950646337 1.3601782643408280	1.0476188061793166 0.2515867192184589 -0.5589125430918843
1.0000000000000000	-0.5087525124979224 -0.1092900537115807 -0.2871558227754673	1.1522424650534582 0.3806056866444751 -0.1157210874641540
1.0000000000000000	0.1204749304060243 0.4150494360539278 0.0756194670861669	-0.7733240239365748 1.2460676745510360 -0.1408710210369205
1.0000000000000000	-1.5547154223593773 -0.7660771567423590 -0.5288192946042364	1.1004549059099216 0.6813178038446657 -0.8580910830059503
1.0000000000000000	-0.0833154338904592 -0.4004923936808668 -0.0105509822485799	-1.5978844985279312 -0.6407783494511898 -0.3294696448042644
1.0000000000000000	0.7169857474751289 0.6687651858654099 0.8394003819220713	-0.2569638877093254 0.8084136805318276 -1.4699174956241488
1.0000000000000000	0.5927719492794444 -0.6070706623760262 0.1080228796646919	-0.4574919424576185 -0.2559838366193477 0.2494089805972571
1.0000000000000000	0.2671156279538246 0.3930523172183240 0.5436866528396327	-0.3141104631041259 1.3881646479701657 -0.8361885867924276
1.0000000000000000	0.2050117245206066 -0.7133394779454523 0.7541709436899512	-1.0231667333495038 -0.1221828965009496 1.2847849395710651
1.0000000000000000	0.0968141531555168 0.0151878905968607 -0.2435760633674446	-1.0645826527190478 -1.5396618658857477 0.1001412248286890
1.0000000000000000	0.8283165644721071 0.4152541080537241 -0.3677639298952982	-0.5330638891616040 0.2351936855288752 0.0840452723740554
1.0000000000000000	-0.9489162475090540 0.3665535588980370 0.3481386039172106	-0.1700055534934238 1.3269800103149199 -0.1948574030770672
1.0000000000000000	-0.6450882613435127 0.0553247562673381 -0.3022977217946641	-0.5902039446826017 1.1767336894527831 0.8040009270625103
1.0000000000000000	1.1666714001969698 1.2721006009596540 -0.9687390171330907	-0.2234612436302770 0.1462009927845175 -1.2733854547957197
1.0000000000000000	0.0341880251012618 0.4068723338984999 0.0844077712292917	0.0400515443600180 1.0006667038876529 -0.4230340461580598
1.0000000000000000	-11.6534344077404164 -7.9273387582358348 0.7049686989817276	-0.2516083346176667 0.1935680548761045 0.2378399326409073
1.0000000000000000	-0.1180797923651204 0.2063999476875829 -0.1597656999751043	-0.2525561780086885 0.5539150608409639 -0.0772303581982619
1.0000000000000000	1.9012290687534659 -0.1781164400233730 -1.1309842536818129	-0.2589492542572886 0.4381763876489380 0.3863681016977918
1.0000000000000000	-0.5346159187448128 0.9725133886542841 -0.0339617890308802	0.6710003769597264 -0.6431947619781544 0.0204351681031570
1.0000000000000000	0.8589959997317576 0.9577775730407044 -0.3096757322456342	0.3136245735840353 -0.0770414200882218 0.7430218493642348
1.0000000000000000	-0.8149910125381594 -0.0907766202526401 0.0510223875801944	-0.1367559867101240 0.2241949841835552 0.1612903178942951
1.0000000000000000	-1.5459564274765432 -5.6058373290325720 -2.9861599903599427	-0.0671768642564230 0.0091909993195836 -0.4102656735305901
1.0000000000000000	0.3661895880496255 0.0305713243948119 0.5376290763104716	-0.4914468811499315 -0.0729026706700984 -1.3158476871046791
1.0000000000000000	0.1609086967753690 0.2510579310644668 -1.0326407152268868	-1.5701013385807412 0.3343261517668768 -1.5264473872840871
1.0000000000000000	-2.2977115310504779 0.1589247711136357 1.3422992886322980	0.6082597215697861 0.4609222658927503 -0.3790092038913709
1.0000000000000000	-0.9253355983110325 -0.4221924027942966 -0.8851051919950645	-0.1695819351515706 0.2840661079040332 -1.1572306747139069
1.0000000000000000	0.8325650703627870 -0.6988525971925718 0.6003764929823576	0.3316657760197205 -0.1503864850225420 -0.8184703608698884
1.0000000000000000	0.4497835257862744 -0.3461345904619322 -0.2999949237628516	0.0904195502318144 -0.6566728629455777 1.2689813181008873
1.0000000000000000	1.3658484312961208 -0.6218341357554193 1.1685098732632824	-0.6872772392304674 -1.0507686810151131 0.8649572373609079
1.0000000000000000	-0.7580604210932527 0.3985962430870396 -0.3415753365754278	-1.5196419732763453 0.7565996000635757 -0.9373566707441308
1.0000000000000000	0.0708884370487316 0.2569019131344483 0.8029082037755074	-0.2914899570794150 -0.6083266905006894 -0.3970321832022977
1.0000000000000000	0.3005545760859445 0.1556277128915125 -4.6229727596958945	-0.1405767192904267 -0.1992579035473491 0.3271583580472079
1.0000000000000000	0.0193121354385396 -1.0187430793290673 -0.1077382924061590	-0.3483185811215433 0.3843349082189464 -0.1029021176421107
1.0000000000000000	1.5469956638787421 -1.5402214557343346 -0.1725370834245277	-0.1259040848676966 0.9411665056203830 -0.0062492715520783
1.0000000000000000	-0.1552377119614718 0.5505456575515507 -0.0417120581995542	1.0892204169731989 0.5493682227338526 -1.5856436298688432
1.0000000000000000	-0.2229689846504767 0.2176174616458674 -0.4130100993651164	0.9232159943240358 0.0145881746525180 0.4245053783947030
1.0000000000000000	-0.1995979782784006 0.7112492531869422 -0.0378765302467976	-0.3294586575712095 0.7001403150913583 0.9488809750877975
1.0000000000000000	0.2968426323221102 1.4159431765680826 1.0254827816572574	-0.0018336672775190 -0.5005799110892495 -0.6431581242352985
1.0000000000000000	0.0859704373965706 -0.1529379218186007 -0.3510809597513194	-0.8993516915391188 0.4035788937810335 0.2955981911640244
1.0000000000000000	0.3199143892526489 0.0240857433133287 0.1524887896606728	-0.9413351690195230 -0.0434561360452597 -1.7112224799378006
1.0000000000000000	0.7451089254460996 -0.1621241593414849 -0.1655331829914966	-0.8765821038631976 -1.6855368946881553 -0.1671982471400114
1.0000000000000000	0.5659769317689460 0.0837674678733454 -1.2449151280216169	0.3537852568161887 0.4228380439613205 -0.2115900635324163
1.0000000000000000	0.5992791139906289 0.3564421774472056 -0.1538607919102110	-0.7342984711834966 0.2122701883468357 0.0919718725568772
1.0000000000000000	0.5204351465830952 0.3480513239894843 -0.7560090248062423	1.1037388622102884 0.7290002742931061 -0.2554138712326294
1.0000000000000000	0.1047304495256989 -0.4335276181949545 0.1212877865886616	0.7730484127550544 0.1029991325116931 -0.8727031902224576
1.0000000000000000	0.8601579779430369 0.2437817594082533 0.7039283612683533	-0.1352086531062070 0.7382140353060122 -0.6880417396044616
1.0000000000000000	1.0228324829710957 0.6700721849398389 -0.2615877607519402	0.4977444434871405 -0.0530126972677059 -0.1519820492319314
1.0000000000000000	-0.0023102092049326 0.4845555151829518 -0.7310798475325782	0.7644080819215275 1.2772518008388047 -0.9609314782412733
1.0000000000000000	0.4303073169342340 1.0612905382713151 -0.1094493430422589	0.6253330287343840 -0.2019430327849472 1.0779775550615740
1.0000000000000000	1.6089155415647711 0.8857826885867542 0.5673618890166582	0.6170110162635511 0.2079645331723335 -0.1219109215564013
1.0000000000000000	0.3434022873669686 -0.1703610668164376 0.1954293176325965	-1.3519925383676112 0.5261434822991923 -0.5446509712869019
1.0000000000000000	0.3841001792593237 2.4589224645429368 0.1318358759607068	-0.2551353799929074 0.8309580651305813 0.3670331915436101
1.0000000000000000	0.1668786217190646 -0.4732838518945549 0.7787016703878964	0.0825229554044247 0.8701535698835483 0.8613678637356447
1.0000000000000000	-0.5501645983540200 0.8525284242355947 0.5782251710184528	0.6185652139051163 0.0191222359395585 -1.1889951414610471
1.0000000000000000	-0.1053297821871316 0.6829381260813662 0.2014386333543071	-1.2059226023995828 0.1905291910144038 0.9749524604383393
1.0000000000000000	-0.5357291916517624 0.7542894277195533 0.3165303035356984	0.9412819667689919 0.2194530803981927 -0.5666193480765430
1.0000000000000000	-0.5299443748692018 0.1976656737281739 -0.5573385106988856	-0.2873405469723446 -1.2429632840779585 -0.1236612329885024
1.0000000000000000	-1.9281772545459896 1.3356227503008604 -0.4395449777250294	-0.2501252583855375 -0.8296978640868243 -0.2617152588144833
1.0000000000000000	-0.2216020279640507 0.6391283415241540 0.1077640619225641	-0.2593407960391514 0.1563942905834526 -1.3922180947871283
1.0000000000000000	1.3289238323277979 0.4072883195730362 -0.1594129727869848	-0.5758718575841703 0.9532391951064132 0.2615487843150800
1.0000000000000000	-0.9336760677416429 -0.0698591008815799 -0.3343035379527300	-0.0070004169015239 -0.9125469905025368 -0.6233793116525811
1.0000000000000000	0.6831778916642169 -0.0535908645253827 -0.5600951163305077	0.8042532131791721 0.5106946111856294 0.6319399832620314
1.0000000000000000	-1.1884614815457986 0.3544489950113903 0.7892037987565543	-0.2297041110075762 0.7121163376654098 0.5687392816277776
1.0000000000000000	-0.1122603312152651 0.1517434857655817 -0.1210722611428121	-0.9300271174274544 0.1184956103775810 1.9858761398128848
1.0000000000000000	-2.2274223560080748 -0.6714314176114122 0.7577604971149644	-1.1954851372136133 -0.0427092841825818 -0.1414049150968585
1.0000000000000000	-1.0838696847751117 -0.5796024992447530 -0.0318105253677533	-0.2813047297195809 0.0336653504501048 -0.2792631000148141
1.0000000000000000	-0.2771621459857364 -0.6496376461503931 0.7004317915913878	-0.4087250250540855 -0.3003410807653114 0.0205166878496711
1.0000000000000000	0.6922730479649193 0.0638422022095907 -0.4994443620545357	1.2442461182779514 0.5510655213454878 0.3167030356611296
1.0000000000000000	-0.4566175913417591 1.0726482221827993 1.5128602159876103	1.4293803242373033 -0.4106032517855981 0.1041555517706724
1.0000000000000000	-0.0060284831105295 -0.0737996317636331 0.0362901116146492	-0.7234265261564504 1.3909459591912496 -0.0875455800601295
1.0000000000000000	-0.6083996537839130 -0.2569423310173399 0.4229586734544626	1.4431559631597217 -0.1609162375130120 -1.1086924481019795
1.0000000000000000	-0.5236815219813100 0.5541075269483934 -0.3791307294310073	-0.4973189450250737 0.3404234431231576 0.5386901025253347
1.0000000000000000	0.1714450332982868 -0.0698165934342511 -0.0432934800154093	-1.1953758595687607 -0.3903231744685463 1.4205370074874486
1.0000000000000000	0.0105386702239566 0.7104084205554991 0.5048014031979314	1.4594142390660976 -0.1997609724371107 0.5717827443654347
1.0000000000000000	1.1167393800745116 -0.1312932212019144 -0.3701140224900965	0.3624484358838556 -1.5280236753785046 -0.1332981963351493
1.0000000000000000	0.1584392499543252 0.2222785520250228 -0.2500899077606583	0.0340819381982169 -0.3032372073048561 -0.5493633489634338
1.0000000000000000	0.0492246444263164 -0.3247801330509749 0.1261958301228441	1.1224930368797565 2.1618868676975058 -0.8294230316521978
1.0000000000000000	-0.1820743543637099 -0.0426952331816574 0.0280058640823400	1.7640275674409378 -0.2945535759575331 0.4405827821082926
1.0000000000000000	-0.0611749863555334 -0.0664651953834248 -0.3184749680720555	0.1042399554686220 -2.0934022209632301 0.2324093906706886
1.0000000000000000	1.0040408460458727 1.6292499129450697 1.6597856733632195	0.4574156283475196 0.5816128151290947 -0.0966107743538780
1.0000000000000000	-1.2066887181714390 0.0192728662390063 -0.1015885888569999	0.4354333131003491 0.8678978222587055 -0.5076978375681569
1.0000000000000000	0.6023156477554914 -0.3985393091385541 -0.1634029205791982	-0.0343525159165917 0.7770286061214712 -0.3375400875540497
1.0000000000000000	0.6156326104320151 -0.6808751716342336 0.9100906574854384	-0.1446052212175641 0.5732451160872433 0.4021610646537969
1.0000000000000000	0.4737384634128488 -0.0342245937538108 0.5560715585247109	0.2142747476730435 0.1057436420000007 0.7646821537520223
1.0000000000000000	0.0211555702363276 -0.3674566492413293 -0.7823837884190621	0.3204573943212404 -0.3118220434958650 -0.6200764190148340
1.0000000000000000	-0.4648085425394303 -0.0030514674031398 -0.2452635449112928	-0.3072314079763108 0.0803031516305587 0.0514469387724651
1.0000000000000000	0.0572655539041037 -0.2202569221609662 -1.1203288115340846	-0.1985762531025368 -0.0339982226378901 -1.0955137586928203
1.0000000000000000	0.0274610617753454 -0.1961627722229758 1.7849069829455011	1.1402978643663071 -0.5131272806207434 0.5624976850865687
1.0000000000000000	0.8019065946740451 -0.6158936864855065 -1.7329480047061641	-0.4820774753234555 0.1153560566565499 -0.8263953319644568
1.0000000000000000	0.3217796102999129 -0.0575832731428118 -0.5519883572506430	-0.6319991206450598 -0.3190209567423507 -0.3014922238853073
1.0000000000000000	1.5018090498066443 -2.4541334917933595 1.5882846212118376	-1.0008219214815433 -0.2129613594352633 -0.4552483566188292
1.0000000000000000	1.3147012210685969 0.5255809601229626 1.3386797732925062	-0.0793534420813071 -1.4189223124157859 0.3883211789451574
1.0000000000000000	0.1767824068523787 -0.0627413272289751 -0.2712383210155470	1.1108652668658463 0.5938851503860872 -0.5033741319060426
1.0000000000000000	0.0202510669359899 0.5452321493314665 -0.1074760234066855	0.4208467773653334 -0.2826941504205318 -0.6508835679668494
1.0000000000000000	-0.7163083604797622 -1.5118165121841520 -1.8042786027361868	-0.6133069117372352 -0.4833328284300754 0.4504389786711845
1.0000000000000000	-0.2337622268094057 -0.7577983139139918 -0.6000363897165117	1.0017904367920840 -0.1852079706231831 -0.5212271362198296
1.0000000000000000	0.3354738829514670 -0.6619684332052168 -0.8580660129674191	-0.7693411755571361 -1.5006546774078409 -0.9478992910025054
1.0000000000000000	-1.5082431302099144 -1.8212716504886513 -1.3892812742389535	-0.2702949346131083 1.0573165796923225 -0.6485905594259912
1.0000000000000000	0.0075766705253957 0.4026521472750129 -0.2740648432377006	-0.0556821497080709 -1.7737398255139820 -0.8046780213397215
1.0000000000000000	0.2168238168687754 0.2034090265196067 -0.2297780426104737	-0.2598778864393602 1.6188253200334799 -1.0678472977023921
1.0000000000000000	-0.4631186200890942 -0.4419266763194600 -2.1745692205101448	-0.5628837785853450 0.4215561153355618 0.1476810265356041
1.0000000000000000	0.5906911426517495 0.5091739381002599 -0.7000528157780550	-0.6587829089105499 0.3757259035564436 0.3033841321802157
1.0000000000000000	-0.0775253616058087 0.7757545013369981 -0.1289994775522394	-0.2751422852923229 -0.0953015794436873 0.6847020928627874
1.0000000000000000	0.0783119902975025 -0.7780252932759334 -0.3453904333742354	-0.3600420707683073 -1.8393047442908483 -0.7160680548870557
1.0000000000000000	0.8793663528102539 -1.2424747934532614 0.4549002110115345	-0.1133240967796035 0.7048072709387212 -1.0612803813400882
1.0000000000000000	0.2352124202936503 -1.2252863074726794 -0.0485790855971411	0.2292310670256975 -0.2337767421473107 -0.4037265883923923
1.0000000000000000	0.5525442394706565 0.2591249653425611 -0.5832738283760242	-0.0727850942675537 -1.2259931856820216 -0.1906332510481870
1.0000000000000000	-0.0503090335634970 -0.1466300099771024 -0.8123763113920301	-1.3107024167124954 -0.1499120344437983 0.7826971478194029
1.0000000000000000	0.1577696969746117 -1.0560761302866986 -1.5224927507281540	-1.4111255310955464 0.6441734130446295 -0.3657900008445664
1.0000000000000000	0.1292993420261539 -0.3038513002658928 -0.2576476756657071	-0.3420369814704748 -1.2276508568991453 0.5429267942813125
1.0000000000000000	0.2339748664585075 -0.3183250591971847 1.0478303151521133	-0.1145289706199823 0.4881662892425465 0.8630703663977558
1.0000000000000000	0.2941960867776164 -0.0026647826085982 -3.2093658207472875	0.6777652801532763 0.6502460025170815 0.6019195245571781
1.0000000000000000	0.2771009356320109 -0.2248216026921150 -0.2765904884978600	0.4818142848948236 0.4365370931975068 -0.2742964683084163
1.0000000000000000	-1.4292556420023472 -0.7109960081625452 -1.2197783880575621	0.4757784954920971 -0.5151712257781541 0.0266907987278835
1.0000000000000000	0.3590401919488866 1.6294524189780697 3.9642180432547502	-0.5128222406560394 -0.3772801633924220 -0.9556294089254153
1.0000000000000000	0.2488181942204719 0.1341556871265308 0.0929489382344108	-0.9529768879303578 0.6094726178086719 -1.8344724412635367
1.0000000000000000	-0.6843284715998541 -0.0923490310361766 0.0264308519545037	1.0912649424314220 0.4332905309459705 0.8242837518184714
1.0000000000000000	-0.3088741974559302 -0.7053879005403859 0.4752019097913614	1.0602365295400333 0.1179904426477745 0.3741382936411798
1.0000000000000000	0.4617995132780984 -0.6444402770579941 0.1650138360327361	1.6471717585515993 -0.2636379827745683 0.2456689158179142
1.0000000000000000	0.8266835953079098 -0.0180606246237965 -0.6012246405291896	-0.9150454777697451 0.5398452614490660 0.3524301062783413
1.0000000000000000	-0.6662367970446837 -0.5839705764412151 1.3343526032657598	-0.0034482305946943 0.5529953397763370 -0.3576116510654883
1.0000000000000000	0.5337201372868495 0.7822736584706454 0.0781797679751541	0.6482482588635612 0.1424819372259757 -1.0217883853267486
1.0000000000000000	0.1764322391181526 0.1287481450122595 -1.2911898868915099	0.7926990898208531 0.8156288633141583 0.6716685249674536
1.0000000000000000	-0.7828410630653018 -0.2059480227131990 0.6229791756644332	0.0473618046556795 0.4545735218540521 1.0062711216194664
1.0000000000000000	-0.1912029939513888 0.3536778205203261 0.2450877368497237	-1.8959405472360664 0.5849396621282589 1.0458219246218485
1.0000000000000000	-0.4104347141265536 0.4630724826306590 -0.7664957118285558	0.5193294974348416 -0.0690254698705273 1.8190400279295758
1.0000000000000000	-0.0172170594075274 0.0626599048136329 -0.3784794677478706	0.1633570553103076 -0.9313277416231692 0.2820800222889748
1.0000000000000000	0.3513009054870775 0.3236896059987847 -0.1839068326168622	0.1349359140739977 -0.8531908593042959 1.4406301500589904
1.0000000000000000	0.3960471609235501 -0.1534419792094395 0.1071530104936810	-0.3339353597571643 -1.3149793275026260 -0.8798843775405991
1.0000000000000000	0.2591006190888491 0.2973927157686519 0.3809795684512035	-0.5234364615556304 0.2185929850470197 -0.3807231932411705
1.0000000000000000	-0.1275591974566429 -0.6459110918350882 0.0096204100770305	0.3514003885926341 -0.4728303505990774 -1.2896633436671250
1.0000000000000000	1.1383229015866065 6.2718956307863722 5.5054495059748092	-0.2450200681046469 0.2413315632731157 -0.5412683185894007
1.0000000000000000	1.3135612231793696 -0.7773871566889767 -0.3191539568277714	0.0343761079734190 -0.0754020732162323 1.3836986033803655
1.0000000000000000	-1.1121335697647341 -0.2295905125153985 -0.6827088761870772	-0.0442394481211059 -0.8132437225919672 -1.1796227607945020
1.0000000000000000	-0.2965047202772099 -0.3623157972466940 0.1733654863874271	-1.5498403834797436 -0.3104041174626307 0.5797889941392902
1.0000000000000000	1.0816111973365892 -0.2200742120672486 -0.4738288931735577	0.9049285853256632 1.2492690138320650 0.5764637238981116
1.0000000000000000	-0.1021241979162714 -0.8915435658719845 -0.0096978874046316	0.7414743971288185 0.7761465443806760 0.9005026843754583
1.0000000000000000	-0.4817350322983404 -0.1756744819936667 -4.6857247568696270	-0.1075996079083990 0.2233795951123626 0.1172925368237988
1.0000000000000000	0.3883793710110585 -0.6768649716284404 -0.0114098035046820	-0.7220040187699036 1.4552274459529149 -1.1186748327146001
1.0000000000000000	-0.1542109261266877 0.2966123841893389 0.1488129377835431	0.4689387642362195 -0.3244343185253003 0.6980756429071207
1.0000000000000000	-0.5793799337740696 -1.2132219985060200 -0.6323921084624345	0.2581083257601219 -0.2360407640837675 -0.3133632837336455
1.0000000000000000	-0.0767824713456302 -0.5207904670189059 -0.4226810825699368	-0.6327655106355887 -0.1461437322931799 0.1638049725232927
1.0000000000000000	-1.2629520392554048 0.7695659112600161 -0.3567056925124279	-0.5073502846998604 0.5743822768037474 0.7333174353025208
1.0000000000000000	0.0345691470049131 -0.1980725533533427 -0.1583404809594545	1.2912981986926666 -0.9178042505749411 -0.2517065649898598
1.0000000000000000	-0.0174345462495342 1.0806475780243614 0.1582905502258195	-0.6949032790457921 1.1963161356493697 0.8448548357688572
1.0000000000000000	0.7205050463314505 -0.5151325471236798 -0.1703873367901920	-0.3587287166084643 1.7593099512145891 -0.2779797416873686
1.0000000000000000	0.4253415993655971 1.1584487289766212 -1.4401968757725727	1.0331961389054050 -0.4886315692440451 -0.1230017554578094
1.0000000000000000	0.3350510848047618 0.3640459968413048 0.3960863940961222	-0.2635901106075707 -2.0857595335028396 0.6479806565622679
1.0000000000000000	1.9453261452617070 0.2596016694495026 0.8145313348815512	0.6290698372111662 0.4498323770416229 0.3795070609596647
1.0000000000000000	0.0887937743030941 0.0741331122645771 0.1708505313869945	-0.1842480955661434 2.3304114228319177 -0.2783190942913473
1.0000000000000000	0.5189656288628754 0.5716482114127679 0.1114909371358559	0.5612730463170746 0.2399683001786484 -0.8891262289548604
1.0000000000000000	0.1561503783531315 -0.3131450967361070 -0.4294732107448146	1.3301495205689267 -1.0368605710975203 -0.7404086950027491
1.0000000000000000	0.2751717972797293 -0.1628681423563904 -0.7491336536835266	1.3174086459332484 0.4996707295100352 1.9300907881785003
1.0000000000000000	0.6457452886315287 -0.1802902864311608 -0.0563948774074877	0.5490224133475012 0.1739895548479633 1.0909230652352038
1.0000000000000000	0.5123180887871160 0.5340928001197216 -0.2028823447464880	-0.6905942474670963 -1.5271293250971387 0.1634092565288143
1.0000000000000000	-0.9709241607550575 0.2882085319829033 -0.6874564979268172	0.4627470244127636 -0.2827882688488207 -0.2324685286411715
1.0000000000000000	0.3690880232804499 0.8410387234035948 0.2188708001770999	0.5967992206264041 0.2144400980155662 0.1475221823414126
1.0000000000000000	-2.2373663391819769 1.7384892127760019 1.0347338213034234	0.4088730377376610 -0.2384193296637495 0.4083759705090626
1.0000000000000000	-0.0969769355100291 0.4900735166111861 0.1018271857875385	-1.9490180420241254 0.9081947554993544 0.5058193011166667
1.0000000000000000	0.3973288647828911 0.2995338829694304 -0.0153619291178550	-0.3639102386249398 0.9344819770960047 1.6514339038395025
1.0000000000000000	0.4737135411722644 0.1469417238571674 -1.5038496658158285	0.0974202730962966 0.4156235555538521 -1.3470705572701058
1.0000000000000000	0.2333939071632318 0.5270171135369917 0.0601214370734626	1.1089537404595562 1.2067691234653608 -0.8329859672906494
1.0000000000000000	-0.0382044096026571 0.6997046779210622 0.9382736422415968	0.3607293276547987 0.8113983251713101 0.2851727770538972
1.0000000000000000	2.1396548856145645 -3.9170716545585313 -0.3577004798273887	-0.1772266472751649 0.2783031036741664 0.3656247038395579
1.0000000000000000	-0.0353641471774319 -0.5428562838661972 0.1859612545542990	0.2159280654337122 0.6554024015129906 0.8452308532717607
1.0000000000000000	-0.5590156321572247 -0.8587280662922381 0.2698807723210980	0.4211298860671555 -0.2727415253292323 1.0076018431893268
1.0000000000000000	0.0703296853395079 0.0213395007182576 0.2004287468781012	0.3091950941867670 0.4179955888492363 0.3119366897424939
1.0000000000000000	-0.1261299441245966 -0.3497087819132711 -0.0673288980021504	-0.1622278420132561 -1.3289409975539965 0.6437535089546602
1.0000000000000000	1.2717292881136879 0.2159159525737948 0.2974615172648586	-0.5743955745023747 0.0845781358766714 -0.9453694118329266
1.0000000000000000	-0.0109363812540986 0.1485811113296552 -0.7921696018965532	-0.9710263648903822 1.0174771570388961 0.1287388372824327
1.0000000000000000	-0.3739104750389720 0.5842443727965890 -1.0319911795181662	0.4238891684360013 -0.2981345934873614 -0.6922581507562420
1.0000000000000000	-1.8656721531941145 -0.5248097867807171 -1.2692531396190116	0.2231463021982851 -0.0347816792293795 -0.6353361327888719
1.0000000000000000	1.7304170147568274 -1.1375715548314038 2.0381684647647300	-0.5139222334189162 -0.7376431782571793 -0.4216004613921057
1.0000000000000000	0.4517538570574948 -0.3056963396866443 -0.5304617463082600	-0.4980813238865502 -0.7622625578219371 -0.4759530339919413
1.0000000000000000	-1.3890439057514516 -0.0055667494515453 0.3454798901087282	0.3873775416259307 -0.8268646210667714 1.2033833413257755
1.0000000000000000	0.0430792190916715 -0.2571631055703506 -0.1432512582702942	0.8905687333460894 1.0408211003698371 0.0958141084584240
1.0000000000000000	0.5877495764612841 0.2947472812526696 -0.6201138529327431	0.0454542063727103 -1.5640342220417138 0.1522127056847853
1.0000000000000000	0.7852227305402919 -0.1501567019629974 0.4149699218618639	-0.3505070987895006 0.1391442853760277 1.2308113834353089
1.0000000000000000	-0.2578487817132240 -0.2472725848284928 -1.7651531753363032	0.1479431234355709 1.4441096684361023 0.0056141207193350
1.0000000000000000	1.8592668038690505 0.8674625044858505 -0.3188209272211789	-0.7349932455745195 -0.6473045159540886 0.6935893135000919
1.0000000000000000	0.3709291478782821 0.8526320682725826 0.0643661681035228	-0.0081436920980710 -0.3992909311392983 0.8437071271278184
1.0000000000000000	-0.6781464041598894 -0.8143728189990702 3.3298587897581657	-0.7066366958609140 0.6958730906562454 -0.3956620173998581
1.0000000000000000	0.4689936784488988 0.3722383973126940 -0.6140919718791633	0.5375452086580187 1.6629237296035089 1.3619292000152108
1.0000000000000000	0.1662943583983580 -0.2328630519697749 0.1725259142839849	-0.7072154959483797 -0.0588015811981893 -0.6334591277944094
1.0000000000000000	0.1658522258865259 -0.9052874451283963 0.3167434434851726	0.7842856658694953 0.9616701892511857 -1.3272716475215611
1.0000000000000000	0.0781583780052875 0.0123678842170873 -0.0400731757104657	-1.1916640418168789 0.3559053422921593 0.1948025271873623
1.0000000000000000	-0.4636219566691227 -1.7168479313040395 0.0792405463940706	-0.0244725755588404 -0.9725806628111500 0.6212200172977231
1.0000000000000000	-0.0625089407462253 0.0319858273162895 0.2035247316860576	-0.2996873878970707 -1.9833535086430352 -1.0357260748670538
1.0000000000000000	-0.1050074909330160 0.6879718883998194 -0.4247637792069660	-1.0045003766511345 1.1178184276472123 -0.2053268528241627
1.0000000000000000	0.8468068856204790 0.3146208633561749 0.7836416608226899	-0.2590339572199367 -0.1610345230516243 0.4224780862180785
1.0000000000000000	0.0342094487254942 0.3413849363692858 -0.3249537707642859	0.8043140355605594 -1.1290155520585223 1.7739914702068778
1.0000000000000000	1.4074341818689096 0.4607460479274283 0.0034136170964402	-1.1577817209002352 0.2765400677968451 0.3090798223375104
1.0000000000000000	0.9437341544055970 -0.5671604885177332 -0.6037426337713114	-0.3085320507155999 -0.5797240167152743 0.0015073828639086
1.0000000000000000	0.4258286574721561 -0.2809941192355157 -0.2275760863350247	0.4253468961000442 1.5108620578461178 -1.7159371114198263
1.0000000000000000	-0.7215168632864413 0.4653147603794847 -1.8322099901866178	0.4896154692346988 -0.1761174668572977 0.8841370508250144
1.0000000000000000	0.6064842525134250 0.3338310018335403 -0.6562378525282676	-0.4755459044766795 0.9006751228474028 0.0545218680957689
1.0000000000000000	0.5746974839890964 -0.3255508169007148 0.2313047119266238	0.5750239116865148 0.1591646811716771 0.4683895312373540
1.0000000000000000	-1.6628541902170615 0.7253356329852333 0.3756837764189218	-0.1575617665532648 -0.3575431145714918 -0.3079822358510080
1.0000000000000000	-0.8771389039671323 -1.0198731766653866 -2.2480459901115624	-0.6952354500206748 0.0236214750913953 -0.6652301767420566
1.0000000000000000	-0.5143292130946915 -0.3270551537247870 -0.0596284635459187	-1.8924444214794429 1.2335776806664325 0.5403737132058959
1.0000000000000000	0.3461086614737451 -0.4988041142363239 0.2194111842269211	0.6165313070383606 -0.0786925987652137 -0.4075737468630475
1.0000000000000000	0.4146780428117043 -0.3049285416029191 0.2455500903993084	-1.2412632698375528 -0.6706669803411617 0.6300556864582120
1.0000000000000000	0.3559058782680506 -0.2078257802936775 -0.0648432741459644	1.0117570408580239 -0.9195139462015421 -0.7064103648418451
1.0000000000000000	0.7870264490021386 0.6805338072625988 -0.3066612818035510	-0.6696937362050387 -0.7298668296365453 -0.1776477144644325
1.0000000000000000	-0.4458567729317817 0.3314472178953671 -1.1258685125501577	0.7162556843081889 0.1737556861937964 0.0110304630203603
1.0000000000000000	0.9060498923591854 -1.1164569450130968 1.7586968471009266	1.0493817119547015 0.4328192041964518 -0.8028921427346005
1.0000000000000000	1.0669606469417749 0.4578147043736956 0.6483415339314230	-0.0318285947114707 -0.9474044009551514 0.4919107067123799
1.0000000000000000	-0.7090518074147280 0.1946017496725833 0.2792986682740992	1.2243363066659765 0.3027015731655723 0.5542350213880635
1.0000000000000000	0.3728487235802963 0.0633978931654377 -0.4271523036850080	1.1691534936648049 -0.1057617755265032 0.3030277656101983
1.0000000000000000	0.2977454431869703 -0.4400116694811076 -1.8061260128312917	-0.1743502003910483 0.3600522571569153 0.7684770365585387
1.0000000000000000	0.9618250569084855 1.1757133245418452 0.5057855330300479	-0.6706107186236631 0.3733770341009891 0.0125893727038119
1.0000000000000000	-0.1902914258743170 0.5764045075514008 -0.2985533083448509	-0.1727004366842817 0.3901357096800545 0.1456177674806431
1.0000000000000000	0.3898315676084838 -0.4217114670200866 0.4862260214724090	-0.6094041056055570 0.4780388029747292 1.2538555105791001
1.0000000000000000	0.1835960164043031 0.3352387049722766 0.1317476531574372	-0.6427099960794249 0.8982979851956845 -0.2009297222017383
1.0000000000000000	0.1901327384287504 -0.2268785810608682 -1.0995598181434463	0.7980507488403438 -0.2636496192506615 0.5631176239873040
1.0000000000000000	0.0069121412474996 0.7169256373444378 -0.1529883743468726	-0.3962486529943069 -0.1988290239635294 0.1953549308787673
1.0000000000000000	-0.2563321905375408 -0.3747906841132128 0.4421552514537695	-1.1705943859264871 -0.6578550467716580 -0.2408047264462202
1.0000000000000000	-0.1747940226648219 -0.0394212361470732 -0.2160105544148505	-0.7524576724487771 0.5096429280349256 -1.5293799501927208
1.0000000000000000	-0.3851312158164194 -0.3112229436691232 -0.5059134152996712	-0.1151549541850617 -1.0026199838571883 -0.0932347039223680
1.0000000000000000	0.4214665274649460 0.2183524293568231 0.2167219411926685	-0.4270558587765587 1.4695302713965066 0.1202914283199152
1.0000000000000000	0.1373456854382386 -0.7445483938519233 0.2081567171744805	0.3002570814387214 -0.3912263939632425 -0.6911795701327790
1.0000000000000000	0.8789683835112312 0.6634956818303339 -0.3391167157866247	-0.7601243012583286 0.8389203162339145 0.0020859086281598
1.0000000000000000	-1.1221020640663117 -0.6665580718895637 1.5219915179866295	0.0967040924443521 0.1128169025628745 0.7569879142161859
1.0000000000000000	1.0747914201087436 0.8607688681186941 0.7114912884002712	0.3801692442780277 -1.1585641179540218 -0.4085221173266082
1.0000000000000000	-0.4366785436200051 -0.7964332575996924 0.3176899569908670	0.6364624533506495 -0.1388521337700876 -0.6735194477769927
1.0000000000000000	0.1381670388082343 -0.5519406066524233 -0.3935056589590807	1.1671139078650774 -0.0838899141279219 1.0226577720463399
1.0000000000000000	0.1406465514568967 -0.1432709019797367 0.6546943280198202	0.5857659369894620 -0.6011218495390463 0.0373090638236592
1.0000000000000000	0.9477084135398879 -0.0865508625288543 0.1975367937454013	1.2089932218421091 0.3082224517256977 0.6114296362550707
1.0000000000000000	-0.2338472179592278 0.0498299215404867 0.2759552778240840	-0.1173545174898438 -1.2006936848408232 1.7489395883544827
1.0000000000000000	-1.6906868407064735 -0.4861615885045800 -2.0310938331015964	-0.4145551760005570 -0.6291247246376388 0.5589265407041391
1.0000000000000000	0.5849864622877045 -0.4062966445506881 0.3521984890794417	0.0059052479088101 -0.0669852469355005 -0.7039891159514431
1.0000000000000000	0.8034611392243965 0.2918077702709074 0.4490848853620997	0.5864928974259205 0.1348223191306533 0.7685391667947975
1.0000000000000000	0.4684912686856318 0.4976202929641736 -0.3639397363287936	-0.8663601043811703 -0.0362260232468793 0.9072505358135338
1.0000000000000000	0.2610129830405288 0.0538219068155168 0.2312822637035663	0.1681793969040643 0.3752492919730956 -0.7996254769430591
1.0000000000000000	-0.0164168056437909 -0.4181180663747271 1.2293294843178888	-0.2750136529811055 1.1901198166031299 1.1948412786642599
1.0000000000000000	-1.5375364237552620 -1.0404366114817070 0.6409573740798497	0.2146539557526967 -0.1700552823203181 -0.4589401909478693
1.0000000000000000	-0.1662079603813663 -0.2630200490310757 -0.0587063049286738	0.0157541554996518 0.8471755129923404 0.4118539058302764
1.0000000000000000	0.1512146133555330 -0.5609817584394963 0.7955844500660039	-0.6146789984400747 -0.6717429921380349 0.4234578552221361
1.0000000000000000	0.1782335713766129 0.4872455361001916 0.1795913792498549	0.0706976362490525 -0.6781191265516087 -0.3094877805848920
1.0000000000000000	-1.3333899335791659 -0.3632581700124363 -0.3133624694993077	0.2727511836314527 0.4186950137255799 -0.3673564696038026
1.0000000000000000	-0.4652829343336526 -1.8056307249612720 2.0144581253298877	0.2246563634842272 -0.2217301010659803 0.0053149437966668
1.0000000000000000	-0.9847783739407456 1.1967262394106468 -0.9625806488131522	0.9503986419916162 -0.7347245698828396 -0.5007567649739303
1.0000000000000000	-0.8540029444266390 0.7411109338196278 -0.8675907460250978	-0.4143229990242822 1.4346141016100469 0.2764630536328758
1.0000000000000000	4.4428357057175001 -13.5995923662991025 -2.1061991479634052	0.0024966548348203 0.0027812411512393 0.4149900707346829
1.0000000000000000	0.9399254004496500 1.0283695683226020 0.0617517059144091	0.9872381753574481 -0.5826026518004234 -0.1271185092317763
1.0000000000000000	5.0452378442763406 6.6881203246148857 -3.6528992017721449	-0.0727265689732874 -0.4345768620880897 -0.6858311551273644
1.0000000000000000	-0.5841268948003586 -0.3932602611104605 0.1655691450932618	0.1644631131539526 -0.9664096764002872 2.2032715566814036
1.0000000000000000	-0.2205085176712814 -0.4920237221831005 -0.1917458403176107	2.2967788958385920 -0.6032871817942661 0.7776605490940897
1.0000000000000000	4.2967779677364977 0.5364768798900641 -4.7994743967817275	-0.4972945113182237 0.1900778857778047 -0.2792859694561062
1.0000000000000000	-0.0990197857539675 -0.1087560052829992 -0.0249666966494401	1.1195955670234283 -0.8494337933198932 -0.1304871177484943
1.0000000000000000	0.4749651959688601 -2.5348916573348292 0.3254781018331232	-0.5442621568112320 -0.1461318223612343 -0.1336166817143928
1.0000000000000000	0.3547257941697782 0.2076550666643092 0.2135174804656379	0.5961658560968932 1.7381169840137838 -0.7992983714348947
1.0000000000000000	-0.6244254702251982 -0.8738599115187627 -0.9619568387779132	-0.3090947050425061 -0.0384161861130735 0.4687513558547914
1.0000000000000000	-0.1893559295539171 8.2478131519247473 -1.4888148860283088	-0.6309570161807154 -0.1209628564043996 -0.1829296469895526
1.0000000000000000	0.8053094808879432 0.3587214551637724 -0.4201822658994581	0.8361327262867553 0.0251617278048706 0.8746961401715981
1.0000000000000000	0.5089847837379268 -0.5370187227922538 -0.3547953709098080	-1.4657264862223469 0.1339011381264843 1.7007058877569408
1.0000000000000000	0.6615740242479712 0.9972579423326141 0.6822137545783408	0.2002725922586513 0.0833209663302190 1.4097776968243563
1.0000000000000000	0.7957854957654726 -0.6776441701440128 -0.0361457140749868	1.1271359266165910 0.1270284315217398 0.1770635133180555
1.0000000000000000	0.3239137462501618 0.0405035761231925 0.2836966603827181	0.2889173043228397 0.7647228558236323 -0.7465933925557193
1.0000000000000000	0.3033956829153043 0.2703816881106856 -0.2673928827007627	-0.3838387746473635 0.6187427837399939 -0.4624511011207758
1.0000000000000000	-0.6063022846107443 0.6155876376834918 -0.6243500128546863	-0.7431850642686910 0.1697992460482705 0.2890731931792844
1.0000000000000000	-1.0268180480497855 -0.9585207514637192 -0.7460704803004438	1.3300382621874804 0.8589642121462249 0.3399486877191935
1.0000000000000000	-0.6357722965788055 0.8062504926342804 1.6107152434905803	-0.3580009798802923 -1.3885732859443243 -0.4720960095976570
1.0000000000000000	-0.7809435865229691 -0.9341704769370965 -1.1798807597072427	1.2643803894503680 0.1801686263593980 0.4049741991547828
1.0000000000000000	-0.1923645445101483 -0.7429322908294785 -0.6796103825772650	0.1485105691364535 -1.5132548837164339 -0.0763199585643942
1.0000000000000000	1.5421086747965911 -1.6238372947751327 -1.8822076822883962	-0.5992141379129059 -0.7052867364693087 -0.5793970816650194
1.0000000000000000	-0.0110465952920663 0.4378529103773079 0.0213608896421394	-0.4087307773680477 -1.6379569312129967 -0.6799097178548799
1.0000000000000000	-0.3076874474666157 -1.3157851074717839 1.5011370335811187	-0.7361685489452815 0.3290822949128923 -0.5281778138791773
1.0000000000000000	-0.5272859098842100 0.1030449705974366 -0.8713952646164592	0.5038718464495675 0.1598422654016712 -0.5031547811936712
1.0000000000000000	0.7392765546258599 -0.6183908065391365 0.4291446987166284	-1.2101975418663047 -1.0707340728179497 -0.6516422021913723
1.0000000000000000	0.2065264878678877 -0.0621956968291682 0.2710496590211731	-0.9962602592934253 0.9849284063602206 1.6003613426660177
1.0000000000000000	0.2888621995682462 -0.0603659684520072 -0.3858739428954515	-1.5750443532379033 0.3094636246369248 -0.3328807732587771
1.0000000000000000	0.1673366115400546 -0.0411701414989223 -0.2102857987675788	0.3269574260196413 0.3830861696094811 -1.1844974123030054
1.0000000000000000	0.0788460024013421 -0.1207028540205409 -0.5655494817710220	1.8269101159650085 -0.3785420195212923 0.7233864285323456
1.0000000000000000	0.5529080111362707 0.8962132673795961 -0.3810128489227844	0.3188511798936538 -0.7483387742673180 0.1699535059556407
1.0000000000000000	-0.1449769478272914 -0.2334614722557118 0.5692290975640570	0.7895624558684508 -0.7038198348491373 -0.5412135454431760
1.0000000000000000	0.6157497708686216 0.1168452480541311 -0.9034863057497940	-0.1261169200373796 -0.1965094932472549 0.9407189050061134
1.0000000000000000	-0.1993518139006455 -0.7568569403253067 0.2515456692386585	-0.0959363421663611 0.8474101154204975 -1.3799546606607409
1.0000000000000000	0.1401550470034974 -0.4054091354047661 -1.5508430326786997	-0.0117023296449210 -1.4753900884783979 -0.7550619631102670
1.0000000000000000	-2.3562285172524420 6.5469297317850446 3.9722314834808437	-0.3050909852313589 -0.1226964937670677 0.3136645469254045
1.0000000000000000	1.0965526844418949 -1.4148419710474800 0.3219032275553468	-0.1668038404694142 -0.4386195318039453 0.8815580804468716
1.0000000000000000	0.9482733830491318 -0.1564366087750738 0.3115838143524713	1.2105781050799618 -1.3056261655850665 0.0277108481424986
1.0000000000000000	0.9625988446768630 -0.8301203222489785 -2.2739069498711437	0.3809418282713627 -0.2501212005324872 0.0779490935995252
1.0000000000000000	-0.2400350916838149 0.2184354802778621 0.0873516414366587	1.0821005607683198 -0.3099120850990965 1.2301464444765517
1.0000000000000000	-0.8704674979474764 3.4835723412537192 1.3993544739313073	0.5140378522177543 0.9124302670358753 -0.0772638038121634
1.0000000000000000	-0.0225509092662087 -0.9914138999667405 1.1283254208529914	-0.3799326415716557 0.3870351746460453 -0.2475610185894488
1.0000000000000000	0.6737763434486690 -0.3744787341984723 -0.1239800623299296	0.4429717143343188 -1.5669917154337829 -0.2420142990853688
1.0000000000000000	-0.0687103348819906 0.0503596473539903 0.2103500371680503	-0.8622067929409777 -1.1978353320514381 -1.6171297065696986
1.0000000000000000	0.5377238156700190 -0.2704281472467253 0.0054134981623847	-0.3069421112143733 -0.6316628742102960 1.5558957893767085
1.0000000000000000	0.0566021224774994 0.5849909934343253 0.3707477708489772	0.0825408232305420 0.3675143990317470 -0.1834521544773505
1.0000000000000000	0.3776095653201616 -0.8672472877097905 -0.2133949924065645	-0.1084762789089755 -0.3388680335400507 -1.5307836936091195
1.0000000000000000	-1.2175559356483390 0.0090235124897222 -0.1911246868243734	-0.5264098607935935 1.8083641933336176 0.4407140150880292
1.0000000000000000	0.0657445982762490 0.4591975966523657 -0.4263862611875198	0.8547662229098274 0.3295017771554588 1.2220448499923664
1.0000000000000000	0.7251857596736923 0.4082607100804768 -0.6693697099983293	-0.2913980038795879 0.0587403567303566 -1.6784629860182518
1.0000000000000000	0.1290088075453589 1.3248007186059694 2.1611523805594985	-0.0209438720220744 1.0413480210220833 -0.4850126685995776
1.0000000000000000	0.0122235478455691 -0.5049867174289927 -1.4419799738104482	-0.7502111664221954 -1.1491797776175636 -0.1184790468455677
1.0000000000000000	-0.2447721830799599 0.9147017201113722 -0.1819738954714971	-1.0969884072879295 0.0906703198339481 -1.0437017258511270
1.0000000000000000	-0.3403328431574259 -0.3911044215842242 -0.2650100327723801	0.4394404606800427 0.8539257752325145 -0.9036017080766492
1.0000000000000000	1.8223544090935315 1.1476150266230858 -0.2132481841826800	0.4945437880155008 0.0576481303612941 0.7913460885417463
1.0000000000000000	0.3821678327220059 0.4067903789099790 0.6101713869947992	-0.0361206449979511 -1.1075224470815161 1.0522170920490168
1.0000000000000000	-0.4544687161889769 0.3514391354616083 0.1915448924118893	1.2536500408834208 -1.1953466799591288 -0.8924918981856046
1.0000000000000000	0.1481336234448868 -1.6291872500679527 0.9284437491617465	0.6291660717963953 -0.4633406355722958 -0.3038914523901297
1.0000000000000000	3.5830821132294512 -1.4754965936810902 1.7185620903983885	-0.0788564012653460 0.0430860250210974 -0.4477069040307924
1.0000000000000000	-0.1080481933298620 -0.3210197618158190 0.1189772860144603	0.4424057869635174 1.4656453215443668 0.8126004837518943
1.0000000000000000	-1.0254275392333743 0.2381115938832929 0.7503456306332259	0.0151449615756411 -0.0333429861212403 0.4864595445758642
1.0000000000000000	-0.3897421127406481 0.2262289019062546 1.0497146131660282	0.1255365899042228 0.8065208202076469 0.0118584978774799
1.0000000000000000	-0.6295378588158024 -0.6654485291017872 1.1408606833766015	-1.1275407654066403 0.1732366708270040 0.3594510995121020
1.0000000000000000	0.2887037709237207 0.0757754954014835 -0.0737046174374223	0.0437725302442837 -1.3133941187106131 1.4534096866315878
1.0000000000000000	0.5149107137812805 0.5251585590818768 0.2269014763281975	0.1240257325547090 1.4215843185855961 0.5516539171191670
1.0000000000000000	0.3987708127369798 -0.1307835740061873 -0.8111738447324975	0.1108314433660674 -0.9393158893582152 0.2561258704409818
1.0000000000000000	0.0425843687013308 -0.4842343391241009 0.0468708471115474	-0.3524070281096199 1.2029538530287822 0.3938594641817527
1.0000000000000000	1.6396776157242778 -1.4144225989331076 0.5821637120684596	-0.2981108169836647 -0.6649955932687557 0.5503222321088769
1.0000000000000000	0.5145002928757560 -1.3033856841193867 -0.0983170851413713	0.3160323760665588 0.0576399889481048 -0.3887846165989047
1.0000000000000000	0.9853486068867077 0.1309485472706024 -0.8272287598999523	-1.3098491196070838 1.3318331993758421 0.5009234825494715
1.0000000000000000	0.8779362589638180 0.0926052856386038 0.5070489630475289	0.5774240981209365 1.6496488319224476 0.0635829143448283
1.0000000000000000	0.5310812929383345 1.6125526987805088 -0.4309571328165898	-0.9036991955461343 -0.3176509122059296 0.7181621641183079
1.0000000000000000	-0.0876923872542980 0.1930212352784893 -1.5063707246534119	0.4569215138890760 -0.3091061193570563 0.8306964917915359
1.0000000000000000	0.2739026527823938 0.4272953870879163 -0.3069793543871629	-1.0382732397392422 1.6202939943335903 -1.0233300503169718
1.0000000000000000	0.4565469931859598 0.0034529147897573 -0.3487061334411728	1.2873560825801269 -0.3779069648016765 1.4469934868178929
1.0000000000000000	0.2360712772413380 -0.1103613029667412 -0.5911305114284063	-0.9345865015890278 0.9341171813143707 -0.6481028030286158
1.0000000000000000	-0.5183262733089069 0.7443696054899194 -1.3217063149388095	1.3040050616490562 -0.2422935047730735 -0.3655967149712884
1.0000000000000000	0.1546343866775106 -0.0648488319869215 -0.2650753776133252	-0.2622207745670416 -0.9742044268025664 -0.3739825871610017
1.0000000000000000	-2.1642352646368179 1.2617149828931282 -0.7633754641822323	-0.2597943354175475 -0.7934432132226656 -0.0822314907283214
1.0000000000000000	-0.5291589579248944 -0.7228630680438910 0.2376051703012031	0.5584723759154456 -0.8291458812810234 -0.1458476384523543
1.0000000000000000	-0.5800097836131912 1.1301839175236954 -0.9496821371062782	0.2924672214159169 0.2158474690101819 0.4504005375233008
1.0000000000000000	-0.9926938608465751 -3.6999297250388334 1.3566381704261463	-0.2092573412982126 -0.3839482452552028 0.1678046032704942
1.0000000000000000	0.8671674490135414 1.3716352800063394 0.1216146097024040	0.6459683996097902 -1.1086362442445066 -0.3058369641781873
1.0000000000000000	-0.4894246512255808 1.7051870065638808 0.2159905385675615	0.1572483636627936 0.4553658752733045 0.6330558559875221
1.0000000000000000	0.3495919788624147 0.0442091800662641 0.5136305054942824	0.0581374259776071 0.8598619366828849 -1.3179349142800645
1.0000000000000000	0.0158935699898771 -0.0466106077262076 -0.1550815072470200	-0.0484353092909922 -0.7988821483154883 0.1927187259265205
1.0000000000000000	0.3462361413681022 -0.7026675965619562 -2.2691504572034331	-0.6397725079136108 0.1483794429019704 -0.4183073472186488
1.0000000000000000	4.0091223697315961 -1.4983989210886053 0.3105104923882250	0.3820715129955537 -0.1775340510514559 0.3776288595062041
1.0000000000000000	-0.4023646403490275 -0.8934796459211862 0.5793352316358893	-0.5068917657340394 0.5445767404348213 0.2170811994742123
1.0000000000000000	-0.0363646267753150 -0.1597680829562212 0.0210446901536781	-0.5406656690572244 -0.6730289443121681 -0.9550927751174433
1.0000000000000000	0.6626130819625361 -0.4313889588009890 -0.4867121538429762	-1.1949256607046674 0.1312291200699654 0.0489412660736130
1.0000000000000000	0.4024248409605987 -0.8648576438003577 -1.1875432613356864	-0.2881522559970441 0.8214133381356994 -0.5828513547584060
1.0000000000000000	-5.5358705867789206 2.2151710235662629 -8.5467972679722095	-0.0256014930761482 0.3814671547949992 0.1673918880993842
1.0000000000000000	-0.1752103888841360 2.4699664714672624 0.5240574286903882	0.4121156128089075 -0.0581742026926538 0.1110917109516207
1.0000000000000000	-0.3237996450263095 -0.3086346939784723 -0.0623036592833364	0.7037697117258578 1.9088547005092014 -1.7440306883018710
1.0000000000000000	-0.0069958185871479 -1.3848251603010302 0.3360526651020307	0.0027234983657394 0.9998161617315955 -0.4735872671499590
1.0000000000000000	0.6905013755670140 0.5948264560377132 1.3653466094803890	0.8109099889778935 -0.3829090106320370 -0.2973300019169189
1.0000000000000000	0.4847842864667704 0.0268764655363728 -0.6631147668937510	-1.2675246430984142 -0.5042493444322014 -0.8058374042956753
1.0000000000000000	-0.7620261119665479 -1.8940106724068180 -0.6123233649943113	0.2967975292243890 -0.0546105509301664 0.6903979755395592
1.0000000000000000	0.6257905844618017 -0.2815171690625737 -0.0176307821479810	0.7149788391648453 0.8453501288649906 0.4082362738819111
1.0000000000000000	0.2545163034694428 0.2899552381991901 0.2177886378923069	-0.2668333470701660 0.2348584600871038 -0.7289715882305585
1.0000000000000000	0.4803900331376631 0.0702095599032500 -0.0569182706627448	-1.9280509410097768 0.9342458409750817 -0.4571659461542529
1.0000000000000000	1.5239653185771889 3.4062764217112966 3.9746374703183460	0.1737184718268525 0.4908141221087080 0.0999662042328357
1.0000000000000000	0.9662136666614016 -1.5762244970656019 -0.8147280049645076	0.5811064136488137 -0.4133495556783895 -0.6365647259861347
1.0000000000000000	-1.1410120084463411 -0.4406063142553943 2.2432869153770469	-0.4941831516301815 -0.0082385255120176 -0.8421047751689612
1.0000000000000000	0.3770108977982835 1.1356319170489362 -1.2557101800319839	0.3132838746744987 -0.6276594029607639 0.3568108838769846
1.0000000000000000	-0.1787573985307049 0.4500567741027636 -0.1333277410312680	-0.6150930353216473 1.6178228844389988 0.3309160408964524
1.0000000000000000	-1.1803451647564738 -0.1935641455789005 -0.8421234522524179	-0.4756238212054001 -0.4865471345305177 -0.2599656920761914
1.0000000000000000	0.4691311240990632 0.4145299385527943 0.6633337112609404	0.6452191878012268 -1.3684230952468888 0.0427768927235854
1.0000000000000000	-0.8188316687994379 -0.8864115266128640 0.3600701852007380	-0.5616651674853222 -1.0474046515536277 0.9074372047851649
1.0000000000000000	0.9751807195476700 0.2891147732890870 0.0733995014963135	0.1737933623607817 -0.9599568652331396 0.7280519526523631
1.0000000000000000	-0.0720580429431449 0.1386949072707604 -0.2915653381898996	-0.4331515872539010 1.1123221581190099 -1.3669779096171797
1.0000000000000000	-1.3927890403060499 0.7244859059415920 -0.3191373606774668	0.0536907011547260 -0.6721404328551271 -0.1337820515369979
1.0000000000000000	-0.0876037631161009 0.1135534118920604 0.0601650386162804	-0.0907203245274359 0.7254834793193702 -0.3543361749441206
1.0000000000000000	0.5600587042302665 0.4511104818174526 0.0250710024457500	0.3636477596660659 0.6361100556133724 1.1965184995128917
1.0000000000000000	-0.3204117081575447 -1.2956960776964517 1.7197678912492884	-0.5119181745947375 0.0364852130308083 -0.1895073773961420
1.0000000000000000	-0.1164582418164992 -0.1822610027084453 0.2482101260430769	-1.2022804484041891 -0.6647295254870573 -1.1042879307972382
1.0000000000000000	0.3834087373239070 -0.1432987854544998 0.3392824960605991	-1.1041813256629489 1.1888566749151495 -0.7532881998245002
1.0000000000000000	1.1698065749585584 -2.3065859807769895 -3.2827363758644452	-0.6028154294724010 -0.1641759402952851 -0.8207759997642523
1.0000000000000000	0.2799549598934567 0.4204909402310383 -0.6887799788027728	1.3314272119488972 -0.3066423295154700 -0.7667320516394802
1.0000000000000000	-0.4535450270856882 0.3377021364269348 0.0119302665276141	0.1405455317625280 0.1861025098676545 -1.1042993568483033
1.0000000000000000	-0.5680791563044343 0.0991955092012669 -0.8380639033679579	-1.4578191031907783 1.1104228511022272 0.1120668693004522
1.0000000000000000	0.6582547218261134 1.5271757064263476 2.3758128428929797	0.2805826360497841 -0.3143567476465198 0.3321890032552595
1.0000000000000000	0.3405379956180510 0.0356828925846074 -0.7978342927414943	0.0540591184988223 0.5163847634016366 1.1628618817339629
1.0000000000000000	0.2642708550393703 0.7918201656354005 0.6690059707430253	-0.6996691452757281 -0.2112604711595120 -0.0400130871497656
1.0000000000000000	0.3190942202216702 -0.2600924414575396 0.1602893635896201	0.4165405022450124 1.2935626490185803 -0.5680786341623547
1.0000000000000000	0.5330207218820510 0.7742738217920216 0.3411582608290672	0.2037323526206520 -0.8219939947005341 0.7044420274847809
1.0000000000000000	-1.2417249326925515 2.7528484359133767 0.1808085430259374	0.0356954816931595 -0.6542125288245059 0.4760528895789821
1.0000000000000000	1.3033208004018928 -1.3369221003924623 -0.0296161001836327	0.4696949727461728 -0.4426834457005883 -0.3924495825175999
1.0000000000000000	0.2358218799252751 0.1184400043354870 0.0076932682882499	-0.2075391374620224 -1.6539862203303231 0.5324161511187646
1.0000000000000000	0.1624963172533131 -0.6153801156946893 -0.7920986676266843	1.2368444426013685 -1.0336598804092270 -0.7342198089507871
1.0000000000000000	-0.4949323208541938 0.3885376323319355 0.4732811821666923	0.9139700438985006 -0.7845553151394533 -0.6821789847561056
1.0000000000000000	0.1812407842131890 0.4745771249118529 -1.1704880949439052	1.3956900022092469 0.3763100526532814 -0.4565805027705962
1.0000000000000000	-0.3109008150420622 1.1439489768929909 1.3532203368686893	0.0064465038215503 -0.0046209464609455 -0.2215498912668485
1.0000000000000000	0.6204238566400477 0.3901832968704856 0.6275110588860595	-0.5290293139152638 0.8397779341032553 0.8524725606925434
1.0000000000000000	2.0271435730621965 2.3948293148659605 0.8160051668642034	-0.4026709402529904 0.2325499306485966 0.4579360620817224
1.0000000000000000	0.5321093831174596 0.2993566144502935 -0.0221228164618676	-1.2777155613062896 -0.8929655687818114 0.1296058742869232
1.0000000000000000	-0.2540678376227343 0.0550057767623828 0.2619563057955686	-0.5315369793171534 0.7059788827117262 -0.1579620475985744
1.0000000000000000	0.6158589242902771 -1.4040699631699922 -0.0237046736193163	1.1419622661078221 -0.2997272203640370 0.8816627157518074
1.0000000000000000	3.0488674218549447 0.3995421501462070 2.6382640840739042	-0.1231361963651491 -0.1931801372254741 -0.2312491618846810
1.0000000000000000	-5.9680823355215740 1.3053451949135202 -5.6956180255650679	0.0061549478904965 -0.3014330469192101 0.2219397954640479
1.0000000000000000	0.0371495589050062 1.3588415237447193 -0.6423188720706029	0.4533802810200158 -1.0023661219667530 -1.1127517892550325
1.0000000000000000	0.4372111202701245 -0.5583090824508369 0.7040506563377389	0.2525211752220825 -0.0834541643603718 1.0040305195559667
1.0000000000000000	0.4930396090525294 -0.1751628570850907 0.1820588944763750	-0.4119625963299536 -1.0561214608752816 -0.6764030373924246
1.0000000000000000	-0.1935884017738982 -0.3058112207924615 1.3329525812179346	0.1872895526756041 -0.5326687998495473 -0.2208702867182408
1.0000000000000000	0.2151058160560315 -0.2390951944626384 0.1125338504108730	-0.0384406351807935 0.2116884076986826 -0.9466698301948058
1.0000000000000000	-0.7738426589134478 0.0613825661937790 -0.1202044139263506	0.2391908046700681 -0.7573510329319870 -0.8097027140059972
1.0000000000000000	0.1333327652272218 -0.0004946314976806 -0.3644755164578012	0.3418098806016473 0.6668779469063657 -0.0163809786434204
1.0000000000000000	0.1968285093683238 -0.0016756000559879 -0.3975852500082683	0.4235613114140247 0.4903956671852640 -1.3205781947060968
1.0000000000000000	-1.3998727717119175 4.6770071439941034 5.5698485675824445	-0.2289176454902656 -0.3452995295670988 0.4728884502720355
1.0000000000000000	-1.1277920061039826 -0.2924962015266415 -1.0568272424567160	0.1857889542515490 -0.7120809697275926 1.2116451284686494
1.0000000000000000	-1.7564678853252160 -1.1479234277828669 -0.7056296092698348	0.0720124485256938 -0.5858461766626797 -0.4173245133579793
1.0000000000000000	-0.2103191081729481 0.4086031585657005 1.1502176893188647	-0.3245646185652974 0.5220917356698505 -0.7079154555220529
1.0000000000000000	-1.1846608235678273 -0.2892692053996214 -0.2486514493284624	0.9232416516721130 0.1900457593729991 0.4881984181992647
1.0000000000000000	2.5009131524877311 -0.2701878332788551 -0.7196531710468579	0.3608015175691419 0.6906401557878962 -0.1108549515222378
1.0000000000000000	0.5961672246883841 -0.1908889182737495 0.1190445882254852	0.6913071772022910 -0.1460991713109200 0.0069168265187166
1.0000000000000000	1.1190663298891852 -1.0684203531033611 -0.1866840614059290	-0.6643824283004773 -0.0228078273039183 0.3275357857493134
1.0000000000000000	-0.1621712533292641 0.2591072434974706 -0.5945075909522421	-1.8184845429320742 -0.4399582995805869 -0.7308499795700857
1.0000000000000000	-0.2997264229907057 0.6863524982105292 -0.0845496556394802	-1.2940387353022442 0.4017744415918000 0.3224585106244990
1.0000000000000000	0.6363316669708144 0.1829494440040275 0.5219429136655167	0.9731831629706482 -0.1693728159729297 -1.2505209316897010
1.0000000000000000	0.2400017852953796 0.5451507641487752 -0.7639699544133806	-0.0174932223084143 0.7229748719869870 0.2721801171064548
1.0000000000000000	-0.3038825827761270 -0.0742446681797692 -0.7428712044430981	-1.2285385651332850 0.5854004588486127 -1.0713938615300809
1.0000000000000000	-0.1768728899000724 0.6365572166127957 0.8894138045332260	0.1494489173670505 1.4068280659451047 0.5807161114040413
1.0000000000000000	0.2565009023552057 0.2136198460778009 -0.4873322807953533	2.0627065223631105 0.0715876754113064 0.9306134917606668
1.0000000000000000	0.5882358241372250 0.3118514622893107 -0.3137761070157306	0.4980907280119956 0.4433752368941028 -1.3613686010654567
1.0000000000000000	0.0934992607186422 0.8579110922740190 -0.0376202688012117	-0.9654798414146663 -0.8977389605380242 0.1704812114033408
1.0000000000000000	1.6980708217251712 2.3981386640629396 0.9374966534404406	0.5267266575267600 0.8944276165950980 -0.0718687287237605
1.0000000000000000	0.4039558373744981 -0.5760783575909492 -0.0864414029222187	1.1754599403225581 1.1495686572810235 1.2389233830173878
1.0000000000000000	-0.4955184957448666 -1.1760410688918161 -0.3189801442301818	0.8434002617890553 0.1870330893305213 -0.6280141515943609
1.0000000000000000	-0.6225889158914056 0.8064891457087412 -0.3155733689905995	0.3795726938777184 0.8058917308305457 -0.0510852849219335
1.0000000000000000	-0.1423198327558919 0.3980004960243302 -0.2915975382562502	-0.2255928239448265 0.3500452404863147 0.3772580027803611
1.0000000000000000	-0.3229381134102351 0.0074536736031719 0.5547537676736201	-0.0823508238779689 1.0657195244799260 0.1512433780349814
