0 1000 0
1 0.452921098710085 -0.832924899105842 -0.361447661978262 -2.05174240757731 0.48170609016818 -1.20548318080406 0 0 1 0 0 0 0 0 0 0 0 0 0
1 1.76427573052532 5.61305590475783 -1.45732194309149 0.4830328262923 -2.05234939192116 0.0298054498615659 0 0 2 0 0 0 0 0 0 0 0 0 0
1 -0.668118059067727 -2.89760278691939 1.29625590008969 0.663197439236299 -0.666925236664138 -0.232727285910623 0 0 3 0 0 0 0 0 0 0 0 0 0
1 0.349779339543927 -1.27272274474881 -0.534081880967307 -1.67718855215108 -0.982431714215439 -0.103352663688872 0 0 4 0 0 0 0 0 0 0 0 0 0
1 0.0486542065978352 0.175993952218287 -0.198287874188407 -1.26862572723492 -2.38851121817835 0.0729891099569777 0 0 5 0 0 0 0 0 0 0 0 0 0
1 0.169491325338604 -0.380746857208391 -0.184950322132251 3.35308148492761 -4.18455763086092 1.73264122833562 0 0 6 0 0 0 0 0 0 0 0 0 0
1 1.48737941890803 -0.374542886928603 -0.688100303224983 -0.431188693179273 0.362671714330943 -1.28956904060611 0 0 7 0 0 0 0 0 0 0 0 0 0
1 0.147662330933548 0.233666503366192 0.004417215158198 0.915726162067875 -4.52990326503691 -1.6438010131667 0 0 8 0 0 0 0 0 0 0 0 0 0
1 -0.417516870523939 -0.185340922394568 0.712932471631829 3.54678393871456 1.7042695901426 -1.8746169215546 0 0 9 0 0 0 0 0 0 0 0 0 0
1 0.296877782498251 -0.0492145489136389 0.279135313153291 -0.193951018583986 -4.8270152474259 1.24058682317919 0 0 10 0 0 0 0 0 0 0 0 0 0
1 -1.75862041576697 -0.361614024506032 0.0901954846510354 -0.348553330039586 1.36765074560485 0.824141345569159 0 0 11 0 0 0 0 0 0 0 0 0 0
1 0.336551859600134 -0.248351550715867 -0.543323408621761 1.82232462909768 -2.4446231335649 1.07034879661657 0 0 12 0 0 0 0 0 0 0 0 0 0
1 -0.877629349989363 0.107019967340725 0.215252302573877 -0.236056671159569 -2.41276413480573 -1.31616245050696 0 0 13 0 0 0 0 0 0 0 0 0 0
1 -0.374142589386299 -0.418856572135143 0.256458755258688 -0.361432216020163 2.62988445582427 1.42395711909003 0 0 14 0 0 0 0 0 0 0 0 0 0
1 -0.273068365815313 -0.0658407522465903 -0.502771503288254 1.89950416170807 -0.48446276830081 -0.175484818191986 0 0 15 0 0 0 0 0 0 0 0 0 0
1 0.0416542070646491 -0.432420647690688 0.167411300720416 -3.28836259150609 -2.55281736166739 0.631500265799951 0 0 16 0 0 0 0 0 0 0 0 0 0
1 0.971032501536765 0.429829763760825 -0.303091446289297 0.167874379945545 2.02621271873692 -0.825151089611912 0 0 17 0 0 0 0 0 0 0 0 0 0
1 -0.27227988685639 0.376103964329911 -0.2351877372655 1.99805843630589 0.882356150614018 -3.39944527396642 0 0 18 0 0 0 0 0 0 0 0 0 0
1 -0.985316536833376 -0.0892547792510435 -0.214825312394452 0.4075401250384 -0.0329511539732784 0.948062909517394 0 0 19 0 0 0 0 0 0 0 0 0 0
1 0.304660982099379 -0.546170353875214 2.31653997335759 -1.76710297795664 -2.02699707873563 0.812906439113055 0 0 20 0 0 0 0 0 0 0 0 0 0
1 -0.0386081174402512 -0.0151212715260231 0.254109690794479 -1.68010077344709 -1.601352853149 -2.27061052401407 0 0 21 0 0 0 0 0 0 0 0 0 0
1 0.645365829047265 0.203708011284654 1.27760082318764 -1.78267656211607 -0.420959588292089 -1.48433780599704 0 0 22 0 0 0 0 0 0 0 0 0 0
1 -0.198373864532567 -0.258523116274084 0.56607214905487 -3.51597689379601 2.52257147254072 -0.344240073569168 0 0 23 0 0 0 0 0 0 0 0 0 0
1 -0.282264929784245 0.0190518230801973 0.415999632146862 -0.101575002620372 -3.28661054578349 -3.58928555939073 0 0 24 0 0 0 0 0 0 0 0 0 0
1 -0.0951710893356682 0.0029254866735562 0.0026408985511398 -0.00538173215692711 -3.64692204921967 -1.26916997719808 0 0 25 0 0 0 0 0 0 0 0 0 0
1 -0.349149567463957 1.19201798497663 0.392876497443987 -1.3805906902499 -1.2333801680127 -0.47755616449016 0 0 26 0 0 0 0 0 0 0 0 0 0
1 -2.88975544647396 -1.6234351504536 1.75525003348337 -1.30917651184203 0.254043390979228 1.28131537752106 0 0 27 0 0 0 0 0 0 0 0 0 0
1 -0.456665796066658 0.669032214448184 -0.56913679106042 0.39649385945797 0.436260410394797 0.416093895727407 0 0 28 0 0 0 0 0 0 0 0 0 0
1 -1.1158904900588 0.0846641748033539 -0.765120612885824 -0.965259290091346 1.53191401260317 2.09184147551238 0 0 29 0 0 0 0 0 0 0 0 0 0
1 0.284262822401942 0.3179568503387 -2.12704527842972 -1.75052945334549 0.517938372368122 0.653821307853471 0 0 30 0 0 0 0 0 0 0 0 0 0
1 0.995520108490245 0.299566697829468 -0.142619988878754 0.652567522339658 0.679720702802682 -1.75401955474705 0 0 31 0 0 0 0 0 0 0 0 0 0
1 0.420936127853545 -0.803301667207908 -0.214249373873289 0.819027315416718 0.605902764882576 -1.73258877846238 0 0 32 0 0 0 0 0 0 0 0 0 0
1 -0.207455549390724 -0.187809901940149 -0.484085639143335 -2.55788035931873 -0.984983292126766 -0.32914814084365 0 0 33 0 0 0 0 0 0 0 0 0 0
1 1.10217783550927 -0.259758628297945 0.377740666349981 -0.299683578690917 1.72086893571491 1.60759043075625 0 0 34 0 0 0 0 0 0 0 0 0 0
1 1.76549241455078 -0.13858985488179 0.202059874850608 0.125917189031524 2.45014330148493 1.81873861755352 0 0 35 0 0 0 0 0 0 0 0 0 0
1 -0.360139120759547 -0.115981143732837 0.333398630942532 0.394032541850723 0.700576816466164 1.38981148443734 0 0 36 0 0 0 0 0 0 0 0 0 0
1 0.0992555495397081 -0.598222410796406 -0.679631061134388 0.14289754793426 -2.50375416679519 -0.615977062438508 0 0 37 0 0 0 0 0 0 0 0 0 0
1 0.531909890429449 0.457574864794961 0.296802363502681 -3.46228693675863 -1.64915341924898 0.457813781897642 0 0 38 0 0 0 0 0 0 0 0 0 0
1 -1.03592542629955 -0.514495714796473 0.320951053843339 -0.513664748482003 -3.04791367141802 -0.068190017196249 0 0 39 0 0 0 0 0 0 0 0 0 0
1 0.492227868259923 0.924138350987009 0.859410769067176 1.10172089838405 1.98270499936517 3.15583257145822 0 0 40 0 0 0 0 0 0 0 0 0 0
1 -0.798380437861079 -0.939760927548138 -0.0088905895223395 -0.0761502528787026 3.751611469041 -1.65190848827339 0 0 41 0 0 0 0 0 0 0 0 0 0
1 0.230843205546606 -1.84337431275338 -0.783312157213913 0.465543287446915 1.76663436506558 -0.325613123540375 0 0 42 0 0 0 0 0 0 0 0 0 0
1 -1.75093912867597 -0.657784401834995 -7.22596450987915 -0.664832171374417 -0.50423335912204 0.752426649183587 0 0 43 0 0 0 0 0 0 0 0 0 0
1 0.0007503426117762 0.167129639885638 0.280562851617668 0.0920389129501911 4.08562608526215 0.0238617266382347 0 0 44 0 0 0 0 0 0 0 0 0 0
1 0.453699938226675 0.301128986832957 -0.822454478633766 2.24667765495189 0.929801347717974 -1.32863746724735 0 0 45 0 0 0 0 0 0 0 0 0 0
1 -0.0419629623152735 0.0086219413539227 0.662275429006769 -1.82815112587437 1.78670525287387 1.49709372117511 0 0 46 0 0 0 0 0 0 0 0 0 0
1 -0.316630627638405 -0.318465616489278 0.322385808910466 -4.36214134771526 1.07689331184613 0.886387119459298 0 0 47 0 0 0 0 0 0 0 0 0 0
1 -1.69948081278111 -1.11192463715382 -0.0902146443711174 -1.3102153464625 -1.75483243199037 -0.718505479971306 0 0 48 0 0 0 0 0 0 0 0 0 0
1 0.290027426033475 1.22103975518471 -1.2839972548252 -0.73405911650671 0.226573621881927 1.75996233148016 0 0 49 0 0 0 0 0 0 0 0 0 0
1 -0.862470107746637 -0.988063075499302 0.24612276594612 -2.46279002491334 0.0730569483334957 -0.346578871871235 0 0 50 0 0 0 0 0 0 0 0 0 0
1 -0.185097997162702 -0.52628973222706 -0.322998266573003 -3.85145505633149 2.92698110895383 -0.51776966729051 0 0 51 0 0 0 0 0 0 0 0 0 0
1 -0.14052746332095 0.127692580346219 0.575290550500229 1.6220529063665 3.79395165477498 0.0431575398843073 0 0 52 0 0 0 0 0 0 0 0 0 0
1 0.246114863413907 0.906303230733392 0.907341366287111 0.457879942908649 -2.41380409048266 -1.12833355650516 0 0 53 0 0 0 0 0 0 0 0 0 0
1 0.708317403186627 0.442239911681129 0.623021687783642 2.36021239640265 1.3341999874969 -0.0872250280697456 0 0 54 0 0 0 0 0 0 0 0 0 0
1 2.5100822607576 0.736373421115135 -0.016362630737773 0.68287489883632 -0.390067772050482 -0.367442310220188 0 0 55 0 0 0 0 0 0 0 0 0 0
1 -0.602710986511297 0.35759767856774 -0.0295801076010067 -0.652632999120076 -4.93751832687832 -1.27846660318467 0 0 56 0 0 0 0 0 0 0 0 0 0
1 -0.187647081620826 -0.622330917204868 0.8142485208782 1.05232222036755 1.22852341386383 0.0302745394777964 0 0 57 0 0 0 0 0 0 0 0 0 0
1 -0.173795542681308 0.112724478817996 0.552750969032397 2.04965818987038 -4.01127548181364 0.875521742272801 0 0 58 0 0 0 0 0 0 0 0 0 0
1 0.900355053136655 -0.745150788221805 1.17823767444141 0.461522231405565 -1.64625874514247 -2.42335193087708 0 0 59 0 0 0 0 0 0 0 0 0 0
1 -0.30523106936532 -0.0246411322633844 0.165845290833335 -2.34199816586339 -2.93598891562692 1.19700859593923 0 0 60 0 0 0 0 0 0 0 0 0 0
1 -0.604147993302854 -3.44337612219266 0.197045220203427 -1.06665824615435 -0.640593925461763 1.68990976294227 0 0 61 0 0 0 0 0 0 0 0 0 0
1 1.20536163007257 -0.478985436817609 1.46864662636901 -2.10736727170353 -0.69847060457321 -1.94454889805744 0 0 62 0 0 0 0 0 0 0 0 0 0
1 0.398427460049551 0.0429915284006574 1.38238814358201 0.712082274235704 -2.39714174914907 0.531450549450955 0 0 63 0 0 0 0 0 0 0 0 0 0
1 -0.283743948074694 0.0662835940240223 -0.235174643706724 -1.19302651407586 0.331952963642238 -2.76115352491051 0 0 64 0 0 0 0 0 0 0 0 0 0
1 -0.694750345263192 -0.759210191395223 0.697374018073064 1.38739816394338 3.12954381757007 -0.490153746569369 0 0 65 0 0 0 0 0 0 0 0 0 0
1 1.85010590062545 -0.736405746563561 -0.122391886888838 -1.34786669004734 -1.12340474859089 -0.624304140363073 0 0 66 0 0 0 0 0 0 0 0 0 0
1 -0.053970488083683 1.04375781119047 -0.0475823830133267 1.63116024565821 -0.33486115009296 -0.012011457931211 0 0 67 0 0 0 0 0 0 0 0 0 0
1 0.749770295177773 -0.184708360765035 0.51543594232301 -1.17196312665276 -0.326036512199866 -2.79836093346594 0 0 68 0 0 0 0 0 0 0 0 0 0
1 0.417769553943909 -1.21887544874975 1.51756437481484 -0.639988208591944 1.14372663061375 1.0501621327384 0 0 69 0 0 0 0 0 0 0 0 0 0
1 0.670816737784367 -0.142575001433199 -0.0291214835902071 -0.174160284991264 1.60648948121317 1.24146957144748 0 0 70 0 0 0 0 0 0 0 0 0 0
1 0.595309481971148 0.386159717621874 0.121929000306423 2.51599598936039 1.02513927702736 2.63772301890202 0 0 71 0 0 0 0 0 0 0 0 0 0
1 0.613012820071285 -0.0289167625250278 -0.641378476198678 -0.928942694531438 -1.42754915389736 2.28193713435636 0 0 72 0 0 0 0 0 0 0 0 0 0
1 0.721204407398155 -0.505571217823049 -0.484289360377834 1.31227204878008 1.17930372424113 0.940910550870025 0 0 73 0 0 0 0 0 0 0 0 0 0
1 0.310220170838405 -0.690374326241498 -0.51445893905255 1.45254708636512 0.068566411179949 -3.57172159764991 0 0 74 0 0 0 0 0 0 0 0 0 0
1 -14.0329346105131 11.7570945133877 -14.4801600060993 -0.618059178931944 -0.180884485769433 0.909980695591398 0 0 75 0 0 0 0 0 0 0 0 0 0
1 1.24940926557383 0.769843525554137 -0.352989316997995 -0.16565379864753 0.293553199133634 -1.13369812349058 0 0 76 0 0 0 0 0 0 0 0 0 0
1 0.535667394289466 -0.484881477970915 0.168795032647458 -2.99836306204587 1.72234732683395 3.13130690444106 0 0 77 0 0 0 0 0 0 0 0 0 0
1 -0.889017188587583 -0.754869263822586 0.577751988325273 3.85758687578461 1.89496156897011 -0.0926028390719171 0 0 78 0 0 0 0 0 0 0 0 0 0
1 -0.21201255454315 -12.6706575605949 -2.81983214541142 0.0520281447444803 -0.103615056855298 0.907514820645805 0 0 79 0 0 0 0 0 0 0 0 0 0
1 0.545774922790996 -0.213540778944809 0.0628222135496094 -2.02604936445114 1.24961641092135 -4.00860395937499 0 0 80 0 0 0 0 0 0 0 0 0 0
1 1.148582680377 -0.371260301502822 -0.25298046852203 -2.45220409414065 0.967487720712729 0.901544949025357 0 0 81 0 0 0 0 0 0 0 0 0 0
1 6.77624260043764 4.74658713120061 9.39244207807882 -0.826291567340888 0.563226968737125 0.950384423644543 0 0 82 0 0 0 0 0 0 0 0 0 0
1 -0.256321710840393 0.412210988564206 -1.22078427412208 1.92213901692296 -1.99041880495175 1.38042647668352 0 0 83 0 0 0 0 0 0 0 0 0 0
1 0.0730042976986254 -0.209292004800128 -0.314150368300555 -0.0275786438227244 -2.34201260636726 0.198235188655518 0 0 84 0 0 0 0 0 0 0 0 0 0
1 0.0458840929592144 -0.109402884831151 -0.186302104757397 -1.76471864125294 3.01187251361676 2.3403852964982 0 0 85 0 0 0 0 0 0 0 0 0 0
1 -0.707640991024739 1.13722168861183 -1.79646964266172 -0.210979648604586 -1.03180567581514 1.25916042997686 0 0 86 0 0 0 0 0 0 0 0 0 0
1 -0.701448618717412 0.0549730488913588 0.62758084352251 -3.16525784020525 -0.78848129673324 -1.89900517574401 0 0 87 0 0 0 0 0 0 0 0 0 0
1 0.679649513294326 0.275972885351633 -0.375471403122354 0.341888476793257 1.55679445173234 1.89213415287795 0 0 88 0 0 0 0 0 0 0 0 0 0
1 -0.0069470126805352 3.38001508114585 0.480902535348666 -2.23583602613416 0.33433931951203 1.03693436619473 0 0 89 0 0 0 0 0 0 0 0 0 0
1 3.40361105929565 0.351943405119767 3.03988695850257 1.02902449473097 -1.16017816667908 0.564478699338437 0 0 90 0 0 0 0 0 0 0 0 0 0
1 0.0878962916912804 -0.148106481037201 0.60799547571766 3.5598241854287 2.86367696195865 -1.64362422281806 0 0 91 0 0 0 0 0 0 0 0 0 0
1 0.468487958625376 -0.398534940906218 -0.93672787295701 -0.0458764446679609 -0.400192171903972 0.941428355845399 0 0 92 0 0 0 0 0 0 0 0 0 0
1 0.263546535852273 1.10762829891694 -0.200332726089296 -2.13037148529786 1.90973301867219 -0.786842032384202 0 0 93 0 0 0 0 0 0 0 0 0 0
1 0.503330981669245 -1.11707608958946 2.79690278494364 -0.573918885261538 -1.79277751990273 -1.13982169724781 0 0 94 0 0 0 0 0 0 0 0 0 0
1 -0.484421260325266 0.366119291396804 -0.256363111291791 0.0842129651118255 -0.189634411289194 -1.78742665075439 0 0 95 0 0 0 0 0 0 0 0 0 0
1 0.364393088008214 0.823095959584841 -0.709573713983229 -2.49720661750438 -1.43551164145196 -1.57485371182324 0 0 96 0 0 0 0 0 0 0 0 0 0
1 0.0013419694200748 -0.0178369052828692 0.220766935740036 -1.2450124666129 1.83928052737136 1.80296537990411 0 0 97 0 0 0 0 0 0 0 0 0 0
1 -1.62818289184333 -0.0707820598114879 -0.698810397958285 -1.51533140811844 0.406321227539606 1.12054596697584 0 0 98 0 0 0 0 0 0 0 0 0 0
1 -0.252763802766263 -0.304701828965156 0.574804104354672 -0.919531321528048 2.53824655958229 -1.92833742477294 0 0 99 0 0 0 0 0 0 0 0 0 0
1 0.0339601472908922 2.14300768820873 1.36714684808058 1.02105572616382 2.13151908747051 1.46956889145937 0 0 100 0 0 0 0 0 0 0 0 0 0
1 0.795900176239006 0.115522043106969 1.82852254407341 -0.217002598457538 -2.37216866275651 -1.53831274422605 0 0 101 0 0 0 0 0 0 0 0 0 0
1 2.68720649617772 -0.879681452048713 -3.81400745821116 -0.960954308183162 0.383024136160012 0.70371094629773 0 0 102 0 0 0 0 0 0 0 0 0 0
1 1.03144724253055 -0.643645400637343 -1.7537550021802 1.04429616203758 -0.709305299269863 0.365302837223876 0 0 103 0 0 0 0 0 0 0 0 0 0
1 0.352840533714435 0.0462972777545115 0.241353487462807 -2.91786834316865 -4.32151326108573 0.491887306035193 0 0 104 0 0 0 0 0 0 0 0 0 0
1 0.247457224382825 0.0047831805300164 0.239749451473141 -1.69242513399892 -2.99827840188248 -4.55357648067588 0 0 105 0 0 0 0 0 0 0 0 0 0
1 -0.914287231218176 3.13572515361182 0.726625719111373 -1.68275746350084 1.50329519812768 -0.474256755784693 0 0 106 0 0 0 0 0 0 0 0 0 0
1 -0.572542927192338 1.26110281119868 0.373878102856546 -1.81774841244628 0.466252218007248 -2.05380622635944 0 0 107 0 0 0 0 0 0 0 0 0 0
1 -2.79769806305393 0.308376559505336 0.671655917588492 -1.03699850072121 0.196222354337409 1.88645088939034 0 0 108 0 0 0 0 0 0 0 0 0 0
1 -0.41209884983259 0.350676520726644 0.770818640393524 1.81416886872994 -2.51492508211726 0.285568073156239 0 0 109 0 0 0 0 0 0 0 0 0 0
1 0.109063104129246 1.31343790124644 -0.161239056733336 1.26783929456943 -1.73066011563216 2.40535967671942 0 0 110 0 0 0 0 0 0 0 0 0 0
1 0.131502874119173 0.835104386032479 2.05218201484521 1.1481499204546 -2.7619795270893 -1.09726764098153 0 0 111 0 0 0 0 0 0 0 0 0 0
1 -0.363191324385793 1.27463164713683 0.323195158018393 -2.73407774210162 -0.112378848012925 -1.68367958360542 0 0 112 0 0 0 0 0 0 0 0 0 0
1 -1.8726450505205 5.49315260434756 -5.30579754466167 0.203735969213476 -0.881448770932821 -0.800050632500798 0 0 113 0 0 0 0 0 0 0 0 0 0
1 -0.536738146797783 0.173263426514286 -0.0805277295660158 -2.04929849108622 -2.03910806198747 0.759905458462237 0 0 114 0 0 0 0 0 0 0 0 0 0
1 -0.602354600071195 1.43874339778685 -0.924922821570199 -0.356193935919118 3.18289545428068 0.902460006549959 0 0 115 0 0 0 0 0 0 0 0 0 0
1 0.528463935076883 -0.0306858958265366 -0.128049098836754 -0.33432150763566 -2.95305502546101 1.9415764963082 0 0 116 0 0 0 0 0 0 0 0 0 0
1 -3.15062243455794 3.49895575685357 -0.381296196323543 1.1453314208578 0.022334016678637 0.433240996420226 0 0 117 0 0 0 0 0 0 0 0 0 0
1 0.517565094135436 0.218182663125826 0.53903187127895 2.25341124530724 0.166838028025955 1.84196034377335 0 0 118 0 0 0 0 0 0 0 0 0 0
1 -0.852926167649661 0.806273967448732 0.0033820843954998 -4.57603149907705 0.733195458655944 -2.0742293876657 0 0 119 0 0 0 0 0 0 0 0 0 0
1 -0.715241719712644 -1.50835264720266 0.462434815215936 -2.22689998254033 2.23224568885372 -1.28305713592244 0 0 120 0 0 0 0 0 0 0 0 0 0
1 -0.95042208363943 0.134002876822464 -1.16507838822656 0.993170134368421 -0.240724234625221 -0.753466448767649 0 0 121 0 0 0 0 0 0 0 0 0 0
1 0.253222082813065 -1.27353369575033 -0.0038776308490631 -0.0151599222729601 -0.21405671670758 2.37074948330726 0 0 122 0 0 0 0 0 0 0 0 0 0
1 1.00630646148871 -0.709911170725483 -0.0383213699477262 -0.897252926977261 -2.97228318214239 -1.78918835812646 0 0 123 0 0 0 0 0 0 0 0 0 0
1 -1.25174606389973 -1.09541981226349 -0.29555159740642 -0.779984937615056 0.562408755659566 0.333612888954059 0 0 124 0 0 0 0 0 0 0 0 0 0
1 0.702387647879394 -0.0662893536821786 -0.464897642965021 -0.0558251446402115 1.54478676226903 -1.89285665226197 0 0 125 0 0 0 0 0 0 0 0 0 0
1 3.12546020299309 1.28277142531805 0.0867580404020891 -1.65158591040818 -1.05941347034264 -0.299810809450874 0 0 126 0 0 0 0 0 0 0 0 0 0
1 1.33890791483463 0.391533299934961 0.177804499844171 0.0613788324554195 1.99008785552194 -2.03474283571857 0 0 127 0 0 0 0 0 0 0 0 0 0
1 0.583257840142541 1.25695662055418 -0.0204126638822948 -2.71553438728469 -2.25692244228435 -0.710389801191743 0 0 128 0 0 0 0 0 0 0 0 0 0
1 1.10787317969229 -1.14208909249419 -0.185773384418321 1.06125920416276 -1.32018812010101 -3.40913799956078 0 0 129 0 0 0 0 0 0 0 0 0 0
1 1.36883768130305 -2.25999995460777 3.45006747213463 -1.31664059835802 -0.756352927340866 -0.964910076259762 0 0 130 0 0 0 0 0 0 0 0 0 0
1 -0.0539367464348729 0.175550298369997 0.425744420187814 -0.973199575163028 3.24215360900663 -2.78527158565283 0 0 131 0 0 0 0 0 0 0 0 0 0
1 1.05147851125305 0.314692901274366 -0.575996156483577 1.75446001987627 0.444246219849406 -0.323340255190182 0 0 132 0 0 0 0 0 0 0 0 0 0
1 0.051160112682128 1.07137126758319 -0.0333695139345011 2.40350939801459 -0.0370003015182053 -1.190986210176 0 0 133 0 0 0 0 0 0 0 0 0 0
1 0.219675750164521 -0.0428155802698632 -0.399258487296965 -0.619545337568777 -0.488954811964023 2.03470161117935 0 0 134 0 0 0 0 0 0 0 0 0 0
1 0.0304036933799518 0.591474404403358 -0.845527206090145 -2.14613363886037 -1.13753617022934 -3.30701878961234 0 0 135 0 0 0 0 0 0 0 0 0 0
1 -1.02583387161942 -0.208097310230663 0.600092195727248 -0.00758603038354016 1.90937472838917 0.71764539384128 0 0 136 0 0 0 0 0 0 0 0 0 0
1 -0.0710546361267601 -0.369230290156985 0.301021322747735 -2.30122696087242 0.674291387178669 3.79070705648855 0 0 137 0 0 0 0 0 0 0 0 0 0
1 1.13342225995605 1.12355328600663 1.6482638315167 -0.433738084818764 -0.300733154307804 -2.21525798891953 0 0 138 0 0 0 0 0 0 0 0 0 0
1 0.364113672999475 0.381402318459824 -0.907753633970061 -0.692061856002363 -1.14970271158037 1.45086164620774 0 0 139 0 0 0 0 0 0 0 0 0 0
1 0.357400552410382 0.282774395629339 -0.083850341278677 -2.68106509033228 2.13265545863349 -3.06570058909032 0 0 140 0 0 0 0 0 0 0 0 0 0
1 1.04623491273437 -6.67517968784234 -4.08768414477876 -0.580122130253166 1.095410250992 -0.397543513735356 0 0 141 0 0 0 0 0 0 0 0 0 0
1 -0.226945250447636 0.235373123488908 0.242282437186097 1.25538965451365 4.94958164380199 1.23828095854359 0 0 142 0 0 0 0 0 0 0 0 0 0
1 0.513402927745935 0.189656470660608 -0.245014203756853 2.50023743497884 -0.00201968335121222 0.00594503933026972 0 0 143 0 0 0 0 0 0 0 0 0 0
1 0.011084771603691 -0.563460697643978 -1.15227465549802 1.37289023193491 -0.669956942779395 -1.92761300826541 0 0 144 0 0 0 0 0 0 0 0 0 0
1 0.235126374607893 -0.0106464338942293 0.296655714841016 1.82930408859999 1.47504339223259 1.1734741582894 0 0 145 0 0 0 0 0 0 0 0 0 0
1 2.58116525658531 0.711284774413544 -3.81757419586715 1.55453859227368 -0.681570360841627 0.134459170398475 0 0 146 0 0 0 0 0 0 0 0 0 0
1 0.292471820483458 1.0057946582711 0.139826062361181 -1.4096880784805 -2.94763285620891 -3.02469553776156 0 0 147 0 0 0 0 0 0 0 0 0 0
1 0.0941820221268625 0.583632852377823 0.115584852473002 -1.37502696325283 1.40514580426186 0.17560623403989 0 0 148 0 0 0 0 0 0 0 0 0 0
1 2.44179599188075 -1.09497743864814 0.0854634080934461 -1.25959644896602 2.71060864345247 -0.289364388350551 0 0 149 0 0 0 0 0 0 0 0 0 0
1 -2.01797990551017 2.99009696358198 0.470782258541103 -1.45217179751845 -0.598373102721818 -0.152154478075023 0 0 150 0 0 0 0 0 0 0 0 0 0
1 -0.275205869872406 0.180439529071639 -0.567158359394812 2.03509222068654 0.371519276312263 -0.483555625315066 0 0 151 0 0 0 0 0 0 0 0 0 0
1 1.87199819236416 0.480982296054526 -0.83550111430004 -0.117035588090142 0.0237282132341375 0.0436612408131555 0 0 152 0 0 0 0 0 0 0 0 0 0
1 0.0242637225220841 -0.121525105041819 0.367148166098045 0.176423779884557 1.68095831269213 -1.75694618617357 0 0 153 0 0 0 0 0 0 0 0 0 0
1 1.31574722710285 0.309150483877161 1.63620774898723 -2.28168118306039 -0.891632912236415 1.52995169000254 0 0 154 0 0 0 0 0 0 0 0 0 0
1 0.189042834360802 -2.10830292733192 -0.363765594952892 0.34407516374571 2.69421348653841 -0.477180441992867 0 0 155 0 0 0 0 0 0 0 0 0 0
1 -0.14691549408763 0.167793858688283 0.293653832961119 -1.03631644468064 -1.05718065787162 -1.63851555483774 0 0 156 0 0 0 0 0 0 0 0 0 0
1 0.604012259017876 -0.32528793465078 -0.750220269816872 0.223442626500807 -0.514610882847711 1.30814586711531 0 0 157 0 0 0 0 0 0 0 0 0 0
1 -0.0336235481677486 1.41045760126838 0.120206832683481 0.359429556510694 -2.27575726158492 -1.44022803319074 0 0 158 0 0 0 0 0 0 0 0 0 0
1 0.263596390298514 1.38627673645019 -1.3436696943168 -1.74585092149128 -0.0531321182277111 -1.83220623593715 0 0 159 0 0 0 0 0 0 0 0 0 0
1 -0.374577687731198 0.409110272081802 -0.730776425652352 0.264563030708801 3.6116460718615 1.67300113113808 0 0 160 0 0 0 0 0 0 0 0 0 0
1 0.404471368516675 0.740539150070756 -1.71134330365792 0.490431802025376 -0.38119043604084 0.427144047414602 0 0 161 0 0 0 0 0 0 0 0 0 0
1 0.445038852048246 -0.188848496595924 -0.133261545715095 3.93276762859505 -0.47478536371823 -1.71791905728713 0 0 162 0 0 0 0 0 0 0 0 0 0
1 -5.14309562427428 1.52207335343368 1.90979046105601 -0.665808769987142 0.956633180393701 -0.877794388826214 0 0 163 0 0 0 0 0 0 0 0 0 0
1 3.70437939530749 -5.52003623266664 0.561917768116772 -0.671044251797739 0.0815888833142794 1.09283445900435 0 0 164 0 0 0 0 0 0 0 0 0 0
1 0.184447089868196 -0.326479699801936 -0.128629292367221 0.760575340436244 0.0415026465190958 1.62321862717808 0 0 165 0 0 0 0 0 0 0 0 0 0
1 1.12678835292982 0.182457135842133 0.307133963509473 -2.68052796541722 0.416415043295451 -2.08484109718785 0 0 166 0 0 0 0 0 0 0 0 0 0
1 0.186221448094614 -0.718200776238787 0.856534997482431 -3.72462814400401 0.456540067458487 -1.18892335280728 0 0 167 0 0 0 0 0 0 0 0 0 0
1 1.63116662492464 0.885222217368074 1.43694161346967 -1.98980296380853 1.46259990370524 0.0550399328141252 0 0 168 0 0 0 0 0 0 0 0 0 0
1 -0.766290758549733 0.104012974843664 -0.408045562908653 -0.0441919942333963 4.28519466133532 -0.992848085062645 0 0 169 0 0 0 0 0 0 0 0 0 0
1 -0.313311733434257 0.0988837572847491 -0.171401249060984 1.47136968950137 -3.68697560125242 0.515027163926986 0 0 170 0 0 0 0 0 0 0 0 0 0
1 -1.22136060154296 -0.46935237715763 0.2299930965485 2.07157085795658 -0.776129492315922 -3.27482054585372 0 0 171 0 0 0 0 0 0 0 0 0 0
1 -0.0046357242981617 -0.107789455086031 -0.604745750460609 0.482050921304601 2.93334641712209 0.432377017653278 0 0 172 0 0 0 0 0 0 0 0 0 0
1 0.0122345488038013 0.121617370254444 -0.149797880426555 -4.64875109429412 -1.2382430084981 -0.837286547327238 0 0 173 0 0 0 0 0 0 0 0 0 0
1 -0.487354978062563 -0.622877115301248 -0.771554472483388 -1.95259487541198 -2.81027937506739 1.06361157143938 0 0 174 0 0 0 0 0 0 0 0 0 0
1 -0.293046191168577 1.63970226603492 -0.811769031031118 -0.436120202982847 0.136717522912553 3.05535363782306 0 0 175 0 0 0 0 0 0 0 0 0 0
1 0.141725183374544 -0.268548672006286 0.188813331789242 -4.12635300762951 3.5127676979461 0.378635062241851 0 0 176 0 0 0 0 0 0 0 0 0 0
1 -0.634147630801541 -0.113942648959473 0.321086653491423 -0.239782800508502 -2.0367283994423 -4.62394129713567 0 0 177 0 0 0 0 0 0 0 0 0 0
1 -0.223299765193414 0.224631959717741 0.352208385906809 -2.53517563734791 0.78833158263802 -0.702938335522776 0 0 178 0 0 0 0 0 0 0 0 0 0
1 0.0334313479290256 2.09771367100012 0.294345861915426 0.102363201305037 0.318127250320767 2.62444232526414 0 0 179 0 0 0 0 0 0 0 0 0 0
1 -0.913259472175069 -0.322323838714664 0.166997890582371 -3.54930402975098 -1.45010724050312 2.21112521022458 0 0 180 0 0 0 0 0 0 0 0 0 0
1 0.51094080672033 1.50693557349491 -0.502803633521796 1.41091034650128 2.06097770385912 1.42560624906704 0 0 181 0 0 0 0 0 0 0 0 0 0
1 0.0191043084082415 -0.596322201171711 -0.227556404568488 -1.88330079171464 0.922127409882733 -1.55048784131566 0 0 182 0 0 0 0 0 0 0 0 0 0
1 -0.654770035502937 1.58573391719578 1.66539546721153 0.496503278509271 0.349915848687332 -1.24658242023514 0 0 183 0 0 0 0 0 0 0 0 0 0
1 0.668267933699142 0.481786795897245 1.06885410120991 0.867525342721899 0.653216332417848 -1.88600974156024 0 0 184 0 0 0 0 0 0 0 0 0 0
1 -0.182973800458755 -0.100566604466399 -0.0622954852194799 2.06611719632686 -1.49538409493983 2.34607808773106 0 0 185 0 0 0 0 0 0 0 0 0 0
1 0.0941842974654743 -0.337758884612046 -0.562030295481333 0.662362258363717 -0.259050673338903 0.128376961663622 0 0 186 0 0 0 0 0 0 0 0 0 0
1 4.49112072612728 1.24980067198566 -0.0205399779059707 -0.757776120606056 -0.708650423315817 0.592000594566299 0 0 187 0 0 0 0 0 0 0 0 0 0
1 -0.156233538704144 0.364407416349822 -0.159440908990442 1.77949645162177 1.65672123854352 2.27249870981633 0 0 188 0 0 0 0 0 0 0 0 0 0
1 1.88292199645904 0.725440536823468 0.457986583794376 0.149081487650572 -1.17385084533017 0.390914734256047 0 0 189 0 0 0 0 0 0 0 0 0 0
1 0.789402264448721 -0.759116760968497 -2.85380415436623 -0.696978174790192 1.2952483148326 -2.55556124033143 0 0 190 0 0 0 0 0 0 0 0 0 0
1 0.0830794945996678 -0.674320856266473 -0.214441074904767 -2.61463326377353 0.553766123977125 -0.282890763306739 0 0 191 0 0 0 0 0 0 0 0 0 0
1 -0.559362200204828 -0.0284290983495602 0.992898084615503 0.495588196516231 1.62545987808396 0.907834533440089 0 0 192 0 0 0 0 0 0 0 0 0 0
1 0.165812531973198 1.50049585514228 -2.01865260848963 -0.564654440082265 1.46263680062512 1.42992556126332 0 0 193 0 0 0 0 0 0 0 0 0 0
1 0.744977474782913 -0.848340890423177 -0.077931040762622 0.978652234395756 0.305908552514324 -1.15425805313491 0 0 194 0 0 0 0 0 0 0 0 0 0
1 0.297307460561825 0.624401918686957 -0.925001385638725 1.28362036352583 -0.515790756171994 1.24576910215856 0 0 195 0 0 0 0 0 0 0 0 0 0
1 0.537622027256915 -0.597412015305556 0.323798999376158 4.29064933074083 3.5708489961632 -0.025015195188348 0 0 196 0 0 0 0 0 0 0 0 0 0
1 0.0149589221403622 -0.0655953569122743 0.0012227625352714 -2.87791175255546 0.00123059066307608 1.65154186301601 0 0 197 0 0 0 0 0 0 0 0 0 0
1 -1.37845749532882 0.678714684941607 1.37666312212465 1.59215713660008 0.570425460467913 -2.1170582670466 0 0 198 0 0 0 0 0 0 0 0 0 0
1 0.407942900120016 -0.269915620276771 -0.0326604467004784 -2.51951888015597 -3.09710002626266 -2.58937683892222 0 0 199 0 0 0 0 0 0 0 0 0 0
1 0.221245796913294 0.227640786656813 0.18619408433806 3.81737335267419 -2.2740618770375 0.181833746351492 0 0 200 0 0 0 0 0 0 0 0 0 0
1 0.38224246033457 0.123094562722182 1.03716782158588 2.24662892559845 -2.18222385766691 -3.08312510304207 0 0 201 0 0 0 0 0 0 0 0 0 0
1 0.729507193184149 -0.184985673344178 -0.154670420945187 -0.481777149539908 0.942670252009594 3.39649259143122 0 0 202 0 0 0 0 0 0 0 0 0 0
1 -0.163673671605785 0.181807962160365 0.393297149758203 -1.89620953002416 1.889207061336 4.3763032707558 0 0 203 0 0 0 0 0 0 0 0 0 0
1 0.777247264222008 0.182650601385417 0.800196947181037 1.2592824363428 0.240043167336003 0.821370919521917 0 0 204 0 0 0 0 0 0 0 0 0 0
1 -0.179287549392346 -0.183197778185124 0.322499327634138 -2.9210281585935 -1.12051073092321 0.293443110919937 0 0 205 0 0 0 0 0 0 0 0 0 0
1 -0.161293531903405 1.47007618752705 -0.460422275553294 1.05288616280742 -2.75665120370701 -0.839710276502719 0 0 206 0 0 0 0 0 0 0 0 0 0
1 -0.754106283310085 -0.325523095674002 0.0940981102312313 -0.566177205688693 3.24672655438582 3.98294832436581 0 0 207 0 0 0 0 0 0 0 0 0 0
1 1.34854170952536 0.36165434230648 0.478332175960401 -1.39237409488723 -0.694333524203003 0.998111252576534 0 0 208 0 0 0 0 0 0 0 0 0 0
1 1.05016956833031 0.705277771571219 0.385577288412104 -1.10384869535941 1.23213085895089 -0.959247248199111 0 0 209 0 0 0 0 0 0 0 0 0 0
1 0.34744303486062 -0.0364775190115778 -0.161060000847737 -3.24039256153997 1.65260898142569 -1.32690821436181 0 0 210 0 0 0 0 0 0 0 0 0 0
1 -0.130506089010937 0.575812678199542 1.13145925787646 2.77237193427112 1.4479114024742 2.02998014956215 0 0 211 0 0 0 0 0 0 0 0 0 0
1 0.576738749801546 0.116327083468107 0.277692503289928 -1.23277234869158 -2.51865599349022 1.3516072949978 0 0 212 0 0 0 0 0 0 0 0 0 0
1 -1.00421127513769 -0.46523346782352 0.854859887735716 2.99965046550656 -0.311243913460233 2.18264233823609 0 0 213 0 0 0 0 0 0 0 0 0 0
1 0.328663438601882 -0.399893285905983 0.136547984847942 -2.22090859339696 1.59528002992133 -3.76981711552627 0 0 214 0 0 0 0 0 0 0 0 0 0
1 -0.861801688393388 0.427663907603684 0.275073568648699 1.06553246411994 -2.00716890281828 3.28644443530333 0 0 215 0 0 0 0 0 0 0 0 0 0
1 0.720252883595089 0.0381582535585026 -0.0467631730628082 -0.0534906374659594 1.16447268436138 2.47844923407387 0 0 216 0 0 0 0 0 0 0 0 0 0
1 -0.0531056482158568 1.05880192150861 -1.68171677604949 1.78304480518224 -1.21610239921301 -0.887450339604214 0 0 217 0 0 0 0 0 0 0 0 0 0
1 -0.155973445643196 -5.33775439020857 0.658303552067193 0.641163588604339 -0.200207532882777 1.45701386685035 0 0 218 0 0 0 0 0 0 0 0 0 0
1 -0.0949622092356241 0.494824441554722 1.5799221407667 -0.608017649914896 -1.14754979143083 0.0271911275543903 0 0 219 0 0 0 0 0 0 0 0 0 0
1 2.45868207726573 -0.880671221418246 -1.33823543153313 1.00442415649608 -0.620099741318522 1.15583971966133 0 0 220 0 0 0 0 0 0 0 0 0 0
1 0.500554993635449 -0.365784331192584 -0.0838175984684602 1.16362224172421 1.56631215422756 -0.15365504364275 0 0 221 0 0 0 0 0 0 0 0 0 0
1 0.290936169653081 0.517117793009286 0.145909951746247 -2.65062302143625 -0.724858932861227 -2.7372416298664 0 0 222 0 0 0 0 0 0 0 0 0 0
1 0.204977174850586 0.360235282319815 -0.571461281360504 0.0535507708559158 -0.219562480558092 -2.98713090075413 0 0 223 0 0 0 0 0 0 0 0 0 0
1 0.341927479922907 -1.42516513999701 -0.802911536726762 -0.44258221841189 2.07954369072263 0.312718158459914 0 0 224 0 0 0 0 0 0 0 0 0 0
1 -1.11945931044809 1.16013585198622 1.45716888115803 0.305709800198035 -2.21265350978167 1.36973879421129 0 0 225 0 0 0 0 0 0 0 0 0 0
1 0.288700432193103 1.30565359421854 0.257751758461969 -0.570482945794809 0.715021368248283 1.11249148964827 0 0 226 0 0 0 0 0 0 0 0 0 0
1 0.229575047830875 -1.0023249187017 -0.419581572653129 2.26102368270237 1.91947581326927 -1.16300273452713 0 0 227 0 0 0 0 0 0 0 0 0 0
1 0.0390469894251567 -0.27537546062694 0.586597860067207 0.389620721796702 -0.0813502837351035 1.56490591331985 0 0 228 0 0 0 0 0 0 0 0 0 0
1 0.547036146140473 -0.535676469548449 0.815105599983861 -2.78340454167285 2.92365554623596 -0.167990282648321 0 0 229 0 0 0 0 0 0 0 0 0 0
1 1.2639044823148 -0.772794277157189 0.376065207774433 -1.00880088484513 1.4244972403744 -3.0423553496765 0 0 230 0 0 0 0 0 0 0 0 0 0
1 0.980219008526784 -0.978200566575008 0.745443891059722 0.100461068450435 0.0330369943695426 -1.82481426857512 0 0 231 0 0 0 0 0 0 0 0 0 0
1 0.736961331748098 0.201241630863837 0.0369755655652753 -0.17396750829597 -1.41662116146501 1.5181520898743 0 0 232 0 0 0 0 0 0 0 0 0 0
1 1.26491745638698 0.126758405923291 0.0102366175718115 1.83808891254544 -1.14835738270793 -0.297407138196247 0 0 233 0 0 0 0 0 0 0 0 0 0
1 0.268807149308818 -0.782281681077204 -0.0168272248103132 0.325111363408145 1.98799410315851 -0.116504019203284 0 0 234 0 0 0 0 0 0 0 0 0 0
1 0.0255035222583886 -0.495877375561223 1.14886699225666 -0.761870786848237 -0.183113179307019 1.9774680480444 0 0 235 0 0 0 0 0 0 0 0 0 0
1 -0.361817513317127 -0.801482505072492 1.25059273889528 0.776269923018162 3.83261361278321 -1.92684488145165 0 0 236 0 0 0 0 0 0 0 0 0 0
1 0.10103682255266 -0.323886414379808 0.385916667961991 -2.80563702933102 -5.82053008842373 -0.375148816588468 0 0 237 0 0 0 0 0 0 0 0 0 0
1 0.178008562076867 -0.250407058478435 0.383171949262053 -0.314213066835152 0.499054936609469 0.852205503110736 0 0 238 0 0 0 0 0 0 0 0 0 0
1 0.0234355732577796 -0.104245638960812 0.306643974531845 0.222408500961004 0.145981711126946 2.71685592006634 0 0 239 0 0 0 0 0 0 0 0 0 0
1 0.173779867462331 -0.479871613278716 1.27081532800035 -3.12095864596267 -0.0866271189983754 2.12729796604506 0 0 240 0 0 0 0 0 0 0 0 0 0
1 0.819810187787759 0.338821749808028 0.468508969319926 -1.63357386112362 1.64848855909648 0.192090624200986 0 0 241 0 0 0 0 0 0 0 0 0 0
1 0.792795225712226 -0.565741386328994 -0.251108038735348 -0.362410178282302 -0.585580519886446 -1.9176185862933 0 0 242 0 0 0 0 0 0 0 0 0 0
1 0.145131634122038 0.186381907588366 0.24706570555092 0.569160863513902 2.55010215515724 0.864198436548704 0 0 243 0 0 0 0 0 0 0 0 0 0
1 -0.788104911124312 -0.829527707537691 -1.66978344251372 1.02626361384851 0.812503516340425 -2.18181263730529 0 0 244 0 0 0 0 0 0 0 0 0 0
1 1.5829183870718 -0.398560557345954 0.298914290638743 1.84544488102587 1.27490623862393 -1.14860465500783 0 0 245 0 0 0 0 0 0 0 0 0 0
1 -0.282805182632899 -0.174671116630269 1.22329600174983 -1.28148265668469 -0.265690674274044 -2.01576185950354 0 0 246 0 0 0 0 0 0 0 0 0 0
1 -1.57475340555242 -0.0674385031466714 0.375749434602449 2.18957015613247 1.25870225644718 0.467154548899138 0 0 247 0 0 0 0 0 0 0 0 0 0
1 0.206142921920265 -1.52515571236341 1.35557530954048 -2.55155496358435 0.698231657143529 -2.67545223839231 0 0 248 0 0 0 0 0 0 0 0 0 0
1 -5.69456990274562 -2.10680636923332 -1.63120407897547 0.64197839916169 -0.466699865888669 0.307351075522751 0 0 249 0 0 0 0 0 0 0 0 0 0
1 -0.898917258210649 -0.762223146914733 -0.0177868433760763 0.3357185302464 1.6788191852635 0.361689767125267 0 0 250 0 0 0 0 0 0 0 0 0 0
1 0.595888488393679 -1.37557057773016 -0.383506681800984 -1.49167621894674 1.36869097290583 0.240734246964036 0 0 251 0 0 0 0 0 0 0 0 0 0
1 9.80179734578415 3.12885864162674 -7.09302423334319 -0.343413097088344 0.654560438708802 -0.151588660207584 0 0 252 0 0 0 0 0 0 0 0 0 0
1 -0.149099151157873 0.0944095297604193 0.374311729214852 1.47907644259489 -0.890814320216458 -0.580206693210833 0 0 253 0 0 0 0 0 0 0 0 0 0
1 -3.87219346854653 7.56998264780184 -1.80708567062414 1.21185425702461 0.31126333190437 -1.23257271762944 0 0 254 0 0 0 0 0 0 0 0 0 0
1 -0.68543852942964 0.80952394794041 -0.0752399972921585 -0.168007216154991 2.45761607344085 -3.05607377350368 0 0 255 0 0 0 0 0 0 0 0 0 0
1 0.2388130254358 -0.109784879149784 -0.502001332916717 -0.786515264627588 -0.588925884325464 -3.23700041435048 0 0 256 0 0 0 0 0 0 0 0 0 0
1 1.01288834864599 0.718998960386304 1.03755719400275 1.63418669099823 1.90227769736502 2.49494255653217 0 0 257 0 0 0 0 0 0 0 0 0 0
1 0.2793225576275 -1.15087535852501 -0.93968164058114 2.02731327622467 2.69320458395908 -1.5404400241088 0 0 258 0 0 0 0 0 0 0 0 0 0
1 -0.0130393773086704 0.35861849419799 0.219529488331946 -3.98961210010819 1.23257742470441 0.875320655406832 0 0 259 0 0 0 0 0 0 0 0 0 0
1 0.913441306971119 -3.02346279855805 0.42466893429629 0.893597553916857 -1.3478556637075 0.718294716139908 0 0 260 0 0 0 0 0 0 0 0 0 0
1 0.193047854423119 -0.06114151108387 0.707414044107878 -0.796426813819601 4.21120076520516 1.25077720873734 0 0 261 0 0 0 0 0 0 0 0 0 0
1 -0.0164004876679831 -0.254311382422713 0.0873410389087326 -0.536816046042881 3.07464094368977 1.61673749434588 0 0 262 0 0 0 0 0 0 0 0 0 0
1 -2.61315189137008 1.30080540030363 0.226143996643332 0.0849067528054115 2.60675829656732 -1.2799998621448 0 0 263 0 0 0 0 0 0 0 0 0 0
1 -0.497792092433234 -0.427335645179781 -0.438253482264601 -3.93055176407029 -0.795084071020495 -0.601314015646968 0 0 264 0 0 0 0 0 0 0 0 0 0
1 0.818838564071875 -0.370273677171068 -0.78702506551069 -1.36057429529827 -2.44254156065382 -2.5437761547881 0 0 265 0 0 0 0 0 0 0 0 0 0
1 -9.49403543566637 10.1188798769518 4.65684387204357 0.315188937173772 0.0578632065056023 -1.3212370522588 0 0 266 0 0 0 0 0 0 0 0 0 0
1 -0.392612508181318 -1.23936897461764 0.72053337651939 -0.167728534215759 -0.8313905284202 -0.571220782295029 0 0 267 0 0 0 0 0 0 0 0 0 0
1 0.286080501004492 -0.0744765492293363 -0.0989402077161456 -1.81325518879542 -0.280486797517676 3.69497931805436 0 0 268 0 0 0 0 0 0 0 0 0 0
1 -0.300893163170998 0.70972631695909 -0.718591725804711 3.39221728761624 1.3700027014096 -0.777353412775468 0 0 269 0 0 0 0 0 0 0 0 0 0
1 -0.23391147222789 -0.217393787577296 0.641341522885071 1.08529187364819 -2.90776996778669 -0.259158860542377 0 0 270 0 0 0 0 0 0 0 0 0 0
1 0.154505270922579 0.0693764682973873 -1.07400021092309 0.847273440687122 -1.18308820673297 1.17388035158628 0 0 271 0 0 0 0 0 0 0 0 0 0
1 0.28131516679274 0.188496396289192 -0.077817138590327 -1.07830794612073 -1.3354709763807 1.14073611005865 0 0 272 0 0 0 0 0 0 0 0 0 0
1 -0.327153623364188 -0.939917928127679 0.524216722287709 1.18203261955064 -0.877773724680703 -1.24072476599016 0 0 273 0 0 0 0 0 0 0 0 0 0
1 -1.05132683716526 0.107873339870252 0.489854837965181 0.00312267109155619 2.75710203955162 1.17955974310913 0 0 274 0 0 0 0 0 0 0 0 0 0
1 0.385380786001758 0.0952114435383814 0.121552141403698 -3.33712289910722 -2.13465546890345 -3.09974702904035 0 0 275 0 0 0 0 0 0 0 0 0 0
1 0.380492605212883 0.508036336046001 -0.489463415000843 -0.263843049843527 -4.39631189227228 -2.06069126616755 0 0 276 0 0 0 0 0 0 0 0 0 0
1 0.341324955446576 -0.316172594684521 0.53110444672393 0.567423390995009 -0.541980731459451 2.43768686448736 0 0 277 0 0 0 0 0 0 0 0 0 0
1 -2.06048852833408 0.5991806838974 -0.562318937574827 -0.433529908802449 0.573505815330857 1.574339044334 0 0 278 0 0 0 0 0 0 0 0 0 0
1 0.58257690035019 1.20311225424433 -0.448981458151909 0.332909773141857 2.01627490912376 -3.31580801831844 0 0 279 0 0 0 0 0 0 0 0 0 0
1 0.0750893290030536 0.313943510362713 -0.407814748931615 0.103318237162156 3.35097884512094 0.80042992531163 0 0 280 0 0 0 0 0 0 0 0 0 0
1 -0.328955651754996 0.218583761700358 0.0875638945670152 -1.63494564589951 -2.17163326806967 0.897248005091719 0 0 281 0 0 0 0 0 0 0 0 0 0
1 -0.199989734167171 -0.269343099625996 -0.0515815539786651 -0.563511207653251 -1.11903241808456 -2.25067266445246 0 0 282 0 0 0 0 0 0 0 0 0 0
1 -0.348548406993502 -0.270880743606541 0.348830576230111 2.71372820511417 -0.880140378087311 1.06897316310236 0 0 283 0 0 0 0 0 0 0 0 0 0
1 0.220170296319959 0.498076118307276 -0.469506559028625 -0.86541391774923 0.444525708114516 -1.61439232012604 0 0 284 0 0 0 0 0 0 0 0 0 0
1 2.4183924488712 1.30615319464635 1.77671439381418 -0.51633229347706 2.40329914867924 -0.0518374621614783 0 0 285 0 0 0 0 0 0 0 0 0 0
1 -1.83908088855415 -1.32410274653262 -1.42162653255608 -0.849618108523741 1.26520987641422 1.03441100977855 0 0 286 0 0 0 0 0 0 0 0 0 0
1 0.161009343435408 0.918697606384116 -0.109511974103706 -1.94230789333027 -1.61164225007712 -0.732048743087287 0 0 287 0 0 0 0 0 0 0 0 0 0
1 -0.505915190998327 0.329375022295911 0.251158823325158 -0.961827169349165 -0.0891529657127188 -1.35754249103517 0 0 288 0 0 0 0 0 0 0 0 0 0
1 1.00922541011488 -0.387537952060689 -0.724456898703436 -3.05982778406553 -0.375783915942984 1.166448073112 0 0 289 0 0 0 0 0 0 0 0 0 0
1 -0.870823696467489 -0.350869582398658 -1.295320853465 0.662855152761866 1.68505241777337 -1.13696350770315 0 0 290 0 0 0 0 0 0 0 0 0 0
1 -1.1010083387084 0.0467102092842563 -1.07395325292602 -1.87557119383041 1.80973433673128 0.332296610193462 0 0 291 0 0 0 0 0 0 0 0 0 0
1 0.620845501222168 -0.0980170459551311 0.572508784905647 -3.09921986983472 0.00018176895344359 1.32110682489943 0 0 292 0 0 0 0 0 0 0 0 0 0
1 0.243574614704247 0.518160721090851 0.123446178798682 0.46880358511307 0.926234519707412 -3.77074194800438 0 0 293 0 0 0 0 0 0 0 0 0 0
1 0.732603125640275 -0.234887034969588 -0.406479449550303 1.1742436628708 4.17876526811235 -0.616033725209613 0 0 294 0 0 0 0 0 0 0 0 0 0
1 1.33090189819487 -1.01739178474361 -0.399729111506366 -0.646745600100173 -0.254458892036166 0.224047705087684 0 0 295 0 0 0 0 0 0 0 0 0 0
1 0.384406682241481 -0.119099970826778 -0.296124522308349 -1.98820922433638 0.366227569721336 0.675033981336891 0 0 296 0 0 0 0 0 0 0 0 0 0
1 -0.205668449478472 -0.409371550168416 0.219755321536952 1.0727268095758 0.534096447588108 2.08965116221021 0 0 297 0 0 0 0 0 0 0 0 0 0
1 0.666130718491735 -0.396373927051064 0.207106283181715 -0.231818026766111 -0.487552976579869 -0.942110286436641 0 0 298 0 0 0 0 0 0 0 0 0 0
1 0.144829608462409 0.60782603827053 0.214567837109923 -0.0333503583906571 0.524047632332999 -1.67467503540876 0 0 299 0 0 0 0 0 0 0 0 0 0
1 0.440184019806992 -1.13670423717508 0.770104151547474 0.348856968439365 0.053958423644218 -2.39062931563516 0 0 300 0 0 0 0 0 0 0 0 0 0
1 -0.529546792142643 -0.260140159650893 0.444100841675266 0.318040921839786 -0.622115088370285 1.02712069732195 0 0 301 0 0 0 0 0 0 0 0 0 0
1 -0.195028848502137 -0.812524361837661 0.0897931804332164 -1.61014628456763 0.390764027670399 -3.90338263823119 0 0 302 0 0 0 0 0 0 0 0 0 0
1 0.733224069510952 -0.221657431199416 0.65315202598585 -3.26079454730153 -0.905868835742418 -0.413428019945219 0 0 303 0 0 0 0 0 0 0 0 0 0
1 0.201487243716838 0.290099569366478 1.25119237085235 0.879660765911013 -1.22914604662993 -0.17320257956997 0 0 304 0 0 0 0 0 0 0 0 0 0
1 -0.423147391121643 0.344383608743622 -0.200697208413874 3.95676703958947 -1.80999085767857 0.568143550293258 0 0 305 0 0 0 0 0 0 0 0 0 0
1 -0.0256925184564324 -0.354786943381446 -0.228840718528636 -0.327533792264572 -2.84184246563851 0.0539540491561263 0 0 306 0 0 0 0 0 0 0 0 0 0
1 0.21583002691567 1.22870256274945 -0.367572699459478 -2.79030314469131 0.992108736996759 -1.19482994233898 0 0 307 0 0 0 0 0 0 0 0 0 0
1 -0.102114909608968 -0.0479271823963948 0.0132897985762831 0.414563119624933 0.000201048603225315 0.77118642134486 0 0 308 0 0 0 0 0 0 0 0 0 0
1 0.21800446389986 -0.271785349993316 -0.0952512067553326 -2.76709181664649 2.07444441471473 2.75779684564605 0 0 309 0 0 0 0 0 0 0 0 0 0
1 -0.130764601842936 -0.716292602916637 0.135215586403562 1.66063211865755 -1.10135593142144 -1.77333985356979 0 0 310 0 0 0 0 0 0 0 0 0 0
1 -1.74433818778126 0.596277527931369 -8.08870864616186 -0.417722329673185 -0.652986374613446 -0.387389795767248 0 0 311 0 0 0 0 0 0 0 0 0 0
1 2.68217778452626 -3.71840585470349 -1.25010769309858 -1.55986343053243 -0.458130305171707 0.726397998796311 0 0 312 0 0 0 0 0 0 0 0 0 0
1 -0.574659003927057 0.233299934633169 -0.214086041326726 -0.94157576409398 -0.989083470919563 -2.41538359277148 0 0 313 0 0 0 0 0 0 0 0 0 0
1 0.0021196774222786 -0.0481858641399952 -0.417642821007593 -0.205795126103724 0.530986495386146 -1.60805351747035 0 0 314 0 0 0 0 0 0 0 0 0 0
1 -0.141837446332666 -0.101446541720263 -0.463856096908736 -0.527222823293954 -0.904860707108878 -1.42019843151863 0 0 315 0 0 0 0 0 0 0 0 0 0
1 -1.14022099959826 -0.606346414805622 -0.181042957561414 1.03216415619408 0.899333695975635 1.05119777526584 0 0 316 0 0 0 0 0 0 0 0 0 0
1 -0.0435829448210779 -0.0254898529212632 -1.64072954642033 -2.0335159294065 -2.86928877574525 -0.230047149719826 0 0 317 0 0 0 0 0 0 0 0 0 0
1 -0.218624756593606 0.485860618668698 0.239394168343882 2.54345080875447 -2.27526655917635 0.864659066176038 0 0 318 0 0 0 0 0 0 0 0 0 0
1 0.133651962303465 -0.218785622761815 0.104344081466288 -0.866120082880327 4.94909136046971 -2.77446728789696 0 0 319 0 0 0 0 0 0 0 0 0 0
1 -0.0435761961093335 -0.649954099408478 0.540494883782945 -2.72510178042177 -0.788679712896339 -0.327791705789329 0 0 320 0 0 0 0 0 0 0 0 0 0
1 0.677345953035924 -0.0424405001410591 1.32994453427533 0.0561396203288995 0.446367931988163 -2.41338058306027 0 0 321 0 0 0 0 0 0 0 0 0 0
1 0.213139612555587 -0.0282727623246387 0.0416822756169999 1.46676286850042 -3.10151068458332 0.523659816336492 0 0 322 0 0 0 0 0 0 0 0 0 0
1 -2.19829737737612 0.478785493727569 1.00694659195909 1.16654727692646 1.88968564140706 1.02188934761978 0 0 323 0 0 0 0 0 0 0 0 0 0
1 1.53081885083798 -1.18788916535155 -0.0245575630781239 -0.788521296193134 0.0850806482142982 -3.02966999680425 0 0 324 0 0 0 0 0 0 0 0 0 0
1 -0.0508607981261029 -0.207077240666909 0.190758447568465 1.3769529070145 -0.379322691105525 -0.526019660727415 0 0 325 0 0 0 0 0 0 0 0 0 0
1 0.12378682340912 -0.117323157109495 -0.0607862699628435 -4.25949924461983 -3.07025293622664 2.6892271420954 0 0 326 0 0 0 0 0 0 0 0 0 0
1 -0.553485121232827 -0.123303178540857 0.426132270879457 -0.338088171863373 -3.4509055303339 1.12421071615921 0 0 327 0 0 0 0 0 0 0 0 0 0
1 -0.17773873048205 -1.50378556095325 1.19574009777679 0.888170161499621 -0.62639710085652 -2.01243798183891 0 0 328 0 0 0 0 0 0 0 0 0 0
1 -0.208671942152548 -0.952055612529837 -0.950808176950126 2.02344124349458 -2.66662665736972 0.251619533803081 0 0 329 0 0 0 0 0 0 0 0 0 0
1 0.184883272613688 -0.386777482421397 1.12139084327807 -4.00918052167962 1.06456095864913 0.0457819215389632 0 0 330 0 0 0 0 0 0 0 0 0 0
1 0.760454435094412 0.239677125649811 0.158861351745367 -0.473434630646252 0.841390717591427 -2.64410716257015 0 0 331 0 0 0 0 0 0 0 0 0 0
1 -0.651369306925233 0.21096057897174 -0.998092094271365 -0.0860239461321745 0.386103131937905 -0.801572544390049 0 0 332 0 0 0 0 0 0 0 0 0 0
1 2.16291133018514 -0.0445993563213113 -0.899186102831332 -1.84068450305689 -0.819932292521552 0.738874988092742 0 0 333 0 0 0 0 0 0 0 0 0 0
1 0.0056222975208281 0.371029838626662 -0.0955943762991439 2.40895781012718 1.99635797598804 -2.77934796785425 0 0 334 0 0 0 0 0 0 0 0 0 0
1 0.31241166163635 -0.684582075829557 -0.173682736082915 3.41325060180363 -1.64345209462032 1.34242854857827 0 0 335 0 0 0 0 0 0 0 0 0 0
1 -0.527526901930313 -0.21145748809825 -0.719933584181768 -1.30390965956626 1.09288822871713 -3.71627520973264 0 0 336 0 0 0 0 0 0 0 0 0 0
1 -2.57546572126506 -0.995098508697281 0.621546357959572 0.833616537654878 1.08739788957621 0.186658341678172 0 0 337 0 0 0 0 0 0 0 0 0 0
1 -1.33205000485792 1.71071825427547 0.86867490069798 -0.73381460471269 -1.73720552776205 3.03604848618318 0 0 338 0 0 0 0 0 0 0 0 0 0
1 0.397549586492359 0.136195018704058 -0.426162336804329 -1.36815807501674 3.89645114105269 2.11655905561022 0 0 339 0 0 0 0 0 0 0 0 0 0
1 -3.19105613074027 -2.89595409934453 0.467315176406295 -0.0620202650383339 -0.811491582856542 1.65210913228384 0 0 340 0 0 0 0 0 0 0 0 0 0
1 -0.55315377672447 0.488925304386716 0.292934838371055 -0.589211091764574 -0.224588248510004 1.34676802796768 0 0 341 0 0 0 0 0 0 0 0 0 0
1 0.530526346316841 0.256476315885344 -0.789268020321195 2.89343699363318 -2.25580272137472 0.746782318715321 0 0 342 0 0 0 0 0 0 0 0 0 0
1 -1.82688103967979 -2.0654152613466 3.00853185312779 0.681814044751127 0.671106226710932 1.18258909762724 0 0 343 0 0 0 0 0 0 0 0 0 0
1 -0.39807097980268 -0.981299133627251 0.964485813325001 0.264395541293821 2.93191355909156 0.376899233158564 0 0 344 0 0 0 0 0 0 0 0 0 0
1 1.14830879221965 0.911052406129663 -0.71877862560024 -1.94355464123618 -0.917377061884148 -1.89464430949989 0 0 345 0 0 0 0 0 0 0 0 0 0
1 0.279066336766114 -0.481536553520422 0.0555944380570637 2.47929697728654 3.05331035920409 -2.81830492022763 0 0 346 0 0 0 0 0 0 0 0 0 0
1 -0.833601317297815 0.120520360075928 -1.23192647618497 1.66681672815604 -1.39062387705952 -3.85545559996511 0 0 347 0 0 0 0 0 0 0 0 0 0
1 0.511082673734687 -0.685472845130991 0.620503183468851 -0.823564084817021 -1.37611781183176 -0.242245039164726 0 0 348 0 0 0 0 0 0 0 0 0 0
1 1.30954249086217 -0.486148793752036 -2.18764511479476 -0.353919772705739 0.346373950957574 2.1437307223065 0 0 349 0 0 0 0 0 0 0 0 0 0
1 0.278225010013731 -0.0498944553904489 -0.0356462944400857 -1.44394967908388 2.09129017321083 4.62333767314934 0 0 350 0 0 0 0 0 0 0 0 0 0
1 0.307958416829424 -0.0851934814710488 0.0468571517530911 1.64069096405676 4.39367050621551 -0.153593752386152 0 0 351 0 0 0 0 0 0 0 0 0 0
1 2.22767768298279 -1.34931573480944 0.222895529705434 0.854557211166671 0.0704690607566026 1.01418520847367 0 0 352 0 0 0 0 0 0 0 0 0 0
1 0.332646029520811 0.200655192001399 0.564414806028337 3.19690138101013 -1.57120115823155 -4.20888693122532 0 0 353 0 0 0 0 0 0 0 0 0 0
1 0.0166471845349133 -0.274431723535363 0.149637373543267 -2.14802462796094 0.801519012007456 -1.5551015398459 0 0 354 0 0 0 0 0 0 0 0 0 0
1 -0.983875305069976 -0.542545710464612 -0.397483468376896 -3.31328977140764 -0.508986292206709 -0.846106080997583 0 0 355 0 0 0 0 0 0 0 0 0 0
1 -0.233742093538224 0.596960762586891 -0.142733470206197 -2.82011258324497 0.608705144326668 0.758931555420096 0 0 356 0 0 0 0 0 0 0 0 0 0
1 0.449240290088959 -0.288431556575248 -0.669996622073399 -0.945193217915765 2.33607214796304 1.51002082657422 0 0 357 0 0 0 0 0 0 0 0 0 0
1 0.0690739945115318 -1.29467267143004 1.71353610308062 0.0689212426463502 2.16297608857523 1.51711414348781 0 0 358 0 0 0 0 0 0 0 0 0 0
1 -0.601562009985681 -0.0990747189600947 -0.339151917620031 -0.2439283715936 1.67666853723321 0.854725813666379 0 0 359 0 0 0 0 0 0 0 0 0 0
1 -1.64766441779966 0.538157026287839 1.60807707255933 -1.3410032734548 0.556226429085698 -1.11250096858662 0 0 360 0 0 0 0 0 0 0 0 0 0
1 -0.274871619629172 -0.233077990249939 0.756425633239916 -0.325878831602682 -0.82020532875021 0.574753212206307 0 0 361 0 0 0 0 0 0 0 0 0 0
1 0.0942530523506864 -2.17498491961864 -2.36033124316808 0.227940561112814 1.40561663248725 0.521292536117101 0 0 362 0 0 0 0 0 0 0 0 0 0
1 0.121613651234845 0.464527140756548 0.239341280950609 -1.13359027702781 0.549384818064614 -1.46651508467169 0 0 363 0 0 0 0 0 0 0 0 0 0
1 -0.627662308711491 -1.29918939017159 1.1278881687716 -1.79884526474273 0.312647120238173 -0.52668189554018 0 0 364 0 0 0 0 0 0 0 0 0 0
1 0.159942952415014 0.187321927210823 0.228990381050133 -2.58747833094982 1.33628095991283 0.778557133893257 0 0 365 0 0 0 0 0 0 0 0 0 0
1 0.741966227907437 -0.644617161462552 -0.417233648138317 0.267663774985127 3.47523066970723 -2.07412568063729 0 0 366 0 0 0 0 0 0 0 0 0 0
1 -0.0231748283379737 0.0560133960438395 -0.0274247228169218 -1.30461907315781 -4.53846563200751 -3.21952311443169 0 0 367 0 0 0 0 0 0 0 0 0 0
1 0.119314359839301 -0.550830075640424 -0.463900946271013 1.85318550390114 -0.668344119577235 0.715049449895179 0 0 368 0 0 0 0 0 0 0 0 0 0
1 -0.695608450278868 -0.685212059567325 -0.0618280986822393 2.11884532020046 2.08789209023437 3.63313308351869 0 0 369 0 0 0 0 0 0 0 0 0 0
1 1.1945220125528 1.6297624027524 -1.43488712595695 0.498739413130735 -0.315029233834103 -2.03756120525648 0 0 370 0 0 0 0 0 0 0 0 0 0
1 -0.243826004294323 -0.431983611042193 0.104270007040549 -0.47885429236384 1.07445859439105 -2.84919683270821 0 0 371 0 0 0 0 0 0 0 0 0 0
1 1.96250578020178 -0.217315042025367 2.45631682054091 0.0456699570776955 1.15427623371261 -1.54901671373044 0 0 372 0 0 0 0 0 0 0 0 0 0
1 -0.128197648888127 0.104910362382978 -0.0482303363578145 -2.96411135183026 -1.14816298323219 2.31298890413819 0 0 373 0 0 0 0 0 0 0 0 0 0
1 -0.47470634437388 0.164576321196839 -0.404728929410557 -0.601702419402187 -2.69419971925575 -0.70428276608228 0 0 374 0 0 0 0 0 0 0 0 0 0
1 -1.34569982543873 -1.12498051809128 -1.93050548051818 -1.4008875341574 0.0577685559337825 1.25423396180144 0 0 375 0 0 0 0 0 0 0 0 0 0
1 0.588850013783063 -2.37407810555637 -1.02238528426783 1.10755867680666 0.176796647034824 0.383766818045342 0 0 376 0 0 0 0 0 0 0 0 0 0
1 -0.811135014409652 0.713449726123417 -0.462221242401227 -3.04711609290162 2.53339980926473 2.05268136178516 0 0 377 0 0 0 0 0 0 0 0 0 0
1 2.42654786370865 -1.14872596454222 3.56744090217112 -0.450121008987192 1.06596309089437 -2.54523461915864 0 0 378 0 0 0 0 0 0 0 0 0 0
1 2.52557381367658 -0.161668476839339 0.474775114691018 0.756291006366661 0.30099448847033 -0.547613572576819 0 0 379 0 0 0 0 0 0 0 0 0 0
1 0.716603651208875 -0.0234779456244599 -0.196594790070684 -1.52275448376939 -1.80441040316546 1.01847463493532 0 0 380 0 0 0 0 0 0 0 0 0 0
1 -0.34596560986784 -0.85395357268365 -1.14422289796404 1.45227568068001 0.638523352535365 -1.02838968703993 0 0 381 0 0 0 0 0 0 0 0 0 0
1 0.175073506924384 -0.0003186690025687 -0.16053795289582 2.44551486883225 1.42904234188647 4.14481314692362 0 0 382 0 0 0 0 0 0 0 0 0 0
1 -0.512786420782525 -0.625619488872978 0.155398849899993 -0.695318734025166 0.304647202139504 -1.18678605066826 0 0 383 0 0 0 0 0 0 0 0 0 0
1 -0.397308488394516 1.47171387246154 -0.439521594940427 0.647211387888569 0.0642533699113473 0.357321782763414 0 0 384 0 0 0 0 0 0 0 0 0 0
1 -0.167446563221149 -1.11106453322493 -0.517560373976406 1.85378573374599 0.425471389667721 -2.59347482078333 0 0 385 0 0 0 0 0 0 0 0 0 0
1 16.2072780803834 -29.9540468595596 24.0892449877115 -0.17498205464846 -0.21520158294476 -0.300036614459357 0 0 386 0 0 0 0 0 0 0 0 0 0
1 -0.295447766516466 -0.567647195875391 0.0763299184856294 -1.71401951954162 0.268033322629562 2.67842881198355 0 0 387 0 0 0 0 0 0 0 0 0 0
1 -0.647046069186988 -0.365993063147164 0.370627966434999 -5.03182875677611 -1.84245281219879 -0.0794947094801538 0 0 388 0 0 0 0 0 0 0 0 0 0
1 0.7236736287532 -0.0368954357694136 -0.360729540327762 -0.284946201504267 -0.842261906055702 1.08320622855503 0 0 389 0 0 0 0 0 0 0 0 0 0
1 0.773752751654491 -0.0483255005834102 0.417465289622609 -1.94534655092953 -0.265135329827864 -2.57054024481382 0 0 390 0 0 0 0 0 0 0 0 0 0
1 1.29833114297429 -0.42277107125953 0.673951867769183 0.787717091742816 0.443616161912966 2.53667589112576 0 0 391 0 0 0 0 0 0 0 0 0 0
1 -0.0661473432576909 0.637867071169806 1.14096113726008 1.02071654601529 1.45581746021306 -0.494661206633429 0 0 392 0 0 0 0 0 0 0 0 0 0
1 -0.604281651379637 -0.441447074971827 0.865729554102937 -0.260774782540527 1.71089179552438 0.221209816991311 0 0 393 0 0 0 0 0 0 0 0 0 0
1 -0.279139185912531 0.18982192634213 -0.103244221876275 -0.717651238324955 -0.772358831355308 2.09331355336684 0 0 394 0 0 0 0 0 0 0 0 0 0
1 0.597770332802934 1.09160481814893 0.210350966215625 1.59349787372669 1.12014616395996 2.68407204314891 0 0 395 0 0 0 0 0 0 0 0 0 0
1 -0.808466852982018 0.394389577854232 -2.28458331840459 -0.182354363323617 -0.0625803005234842 1.00493577469462 0 0 396 0 0 0 0 0 0 0 0 0 0
1 -0.753498294135663 1.20290141420073 0.224824721973071 1.91590980929021 -1.88842116444669 3.03386074497391 0 0 397 0 0 0 0 0 0 0 0 0 0
1 -0.874944581556144 -1.46960709562937 -0.845691579634493 -0.4168425908821 0.734976182853899 0.943157257935327 0 0 398 0 0 0 0 0 0 0 0 0 0
1 0.873009744505301 0.234692026948914 -0.92708229553752 0.717312404029488 -0.943749426756894 0.600654911681586 0 0 399 0 0 0 0 0 0 0 0 0 0
1 0.0962980475965675 0.817953674476832 0.129245379032827 -2.04471764608861 -0.656953606407787 -0.0341993417757081 0 0 400 0 0 0 0 0 0 0 0 0 0
1 0.830600244787196 0.397516855380911 1.44507667693144 -0.913961761049207 -0.926941217970541 1.4460211142834 0 0 401 0 0 0 0 0 0 0 0 0 0
1 0.308860082605544 -0.504697303057753 -0.667255514663176 1.51525435697824 3.89088797967829 0.78223871498216 0 0 402 0 0 0 0 0 0 0 0 0 0
1 -0.254778012943811 0.540095074109387 -0.073564093590959 -3.37381623669366 -1.37755835521902 1.30314471671561 0 0 403 0 0 0 0 0 0 0 0 0 0
1 0.467330343713195 -1.71491988127606 -0.294285461363275 0.0401279153409318 0.372807777231521 -2.60422806977068 0 0 404 0 0 0 0 0 0 0 0 0 0
1 1.36086982283785 0.0288336219506025 -0.777626492470396 0.575407790912413 0.340706546588344 0.343075195864701 0 0 405 0 0 0 0 0 0 0 0 0 0
1 0.387071600524557 -0.904071147362343 -0.428303734993163 -0.63778342623554 -2.10214703071785 0.909521570954608 0 0 406 0 0 0 0 0 0 0 0 0 0
1 -0.492250761035326 -1.51816629789569 1.59059026910189 -2.71961339832292 -0.282238543898592 0.801460810747048 0 0 407 0 0 0 0 0 0 0 0 0 0
1 -0.797637157855777 -0.0241411023785576 0.989756215815179 0.278535138712703 1.74029215559768 -2.10786393122692 0 0 408 0 0 0 0 0 0 0 0 0 0
1 -0.197399494590361 -0.561061960488716 -0.347887900205035 1.28061097425344 -0.951828690352964 2.33574208440428 0 0 409 0 0 0 0 0 0 0 0 0 0
1 -0.190026402957581 0.380497758063418 0.820890317713052 0.346926802576922 -1.33376787560062 -2.8551017619107 0 0 410 0 0 0 0 0 0 0 0 0 0
1 -0.961570868703273 -6.76524418590004 -3.33975114636548 -1.26756219588303 -0.00443521938669642 -0.102959937440296 0 0 411 0 0 0 0 0 0 0 0 0 0
1 -0.925694505189617 -0.12699145581419 0.301699948459886 -3.09991483706139 -2.10848597355457 -1.62658499213939 0 0 412 0 0 0 0 0 0 0 0 0 0
1 0.648499894096564 -0.938149188296517 0.386237214400981 2.67378242539712 -1.04270586605951 -0.530403973789331 0 0 413 0 0 0 0 0 0 0 0 0 0
1 -0.0464575906495008 -1.41828271255703 0.419222617794154 0.387573275833618 -0.517674290214246 2.21197102634083 0 0 414 0 0 0 0 0 0 0 0 0 0
1 -0.268612964702542 -0.886187931844709 0.208676281657621 -1.72524711997266 1.23526669436529 0.82505766540115 0 0 415 0 0 0 0 0 0 0 0 0 0
1 -0.18945165619268 -0.432441533113189 0.194439768608919 -1.52835186119414 -2.07574659160067 2.12726289978674 0 0 416 0 0 0 0 0 0 0 0 0 0
1 0.107152370119614 0.0375605933165969 0.759782390103705 1.34734362076762 -3.23322139000911 0.568577233801016 0 0 417 0 0 0 0 0 0 0 0 0 0
1 -0.564874045050836 0.122668195989143 0.28696429329395 0.976790288147012 -1.38110714191457 1.28786233728296 0 0 418 0 0 0 0 0 0 0 0 0 0
1 -1.69640179355713 -0.614475458911538 0.279138308542184 -1.58302977126082 -0.849255554489049 3.09522721587315 0 0 419 0 0 0 0 0 0 0 0 0 0
1 0.728775195559052 0.52188141122185 -0.497368364978273 -3.04987264879634 -2.31170197463608 0.0134477698721985 0 0 420 0 0 0 0 0 0 0 0 0 0
1 -0.389608406228567 -0.299889145082514 0.238603592863668 2.88429582508102 -2.47589754634846 -0.361046829500346 0 0 421 0 0 0 0 0 0 0 0 0 0
1 0.161201023323399 -0.556542361290824 -0.287519345511183 -0.206459148377949 0.194887525173866 3.01146112332798 0 0 422 0 0 0 0 0 0 0 0 0 0
1 0.439859690893117 0.101421987019642 0.387880802256313 0.435002927784867 -2.65784771556434 -2.29106252563727 0 0 423 0 0 0 0 0 0 0 0 0 0
1 0.0290047541308228 0.181018245614424 0.488684777368878 3.7762988873825 1.40722498107389 -0.117479085253289 0 0 424 0 0 0 0 0 0 0 0 0 0
1 1.11022116355531 -0.943591147409214 -0.0298730691148753 -0.149537981772783 1.48866159497822 -3.42569393690311 0 0 425 0 0 0 0 0 0 0 0 0 0
1 -0.471014645059675 -0.523051926998158 0.110664522171867 -0.942609302985978 0.988703019244249 3.20813829067098 0 0 426 0 0 0 0 0 0 0 0 0 0
1 -4.67639571074888 -6.5345405056533 -4.35386497266665 0.380244994164411 0.0716348359306057 0.196981411488453 0 0 427 0 0 0 0 0 0 0 0 0 0
1 -0.236168002755008 0.260393599547274 0.319161527669769 2.97567402707974 -2.9138866615838 -0.68683729149825 0 0 428 0 0 0 0 0 0 0 0 0 0
1 0.690873141408078 0.0159158799011326 2.33889459883352 -1.73998879719068 -1.48571427859041 -2.36056013670459 0 0 429 0 0 0 0 0 0 0 0 0 0
1 -9.73597462583253 -1.70359254325144 2.2886947761408 -0.346854686301517 1.07530952719591 -0.554689206207861 0 0 430 0 0 0 0 0 0 0 0 0 0
1 1.8638190778577 0.125019608830738 -0.115534365254098 -0.21391305602846 -2.30613336916817 0.700990166304629 0 0 431 0 0 0 0 0 0 0 0 0 0
1 -0.215076200010404 2.70837731559206 -0.613321997274047 -0.788194497937658 -1.12536640172629 1.68796749752681 0 0 432 0 0 0 0 0 0 0 0 0 0
1 0.490464792818919 -1.24215553747494 -0.537454386757632 -3.31020309383136 1.04533950695625 -2.58925231041244 0 0 433 0 0 0 0 0 0 0 0 0 0
1 0.0073477032248103 -1.06161510223195 0.0022950549170592 -2.20238104904313 -3.40568953490618 1.17357663387223 0 0 434 0 0 0 0 0 0 0 0 0 0
1 0.374941274705124 0.645825836407893 0.389972692984055 -2.00057533560242 1.52509485005116 3.29615445610101 0 0 435 0 0 0 0 0 0 0 0 0 0
1 0.36194020020587 -0.620686433447233 0.5928393402243 1.74168550245137 -0.119320786868013 -0.423613299243629 0 0 436 0 0 0 0 0 0 0 0 0 0
1 0.617645512269827 -0.80779081065567 0.215539000646025 0.186768550603468 -0.391094781356292 -2.22547811286112 0 0 437 0 0 0 0 0 0 0 0 0 0
1 0.0693273162582846 -0.532763545708742 -0.247808299232746 2.28006060593224 -0.997531432866762 4.66123313952198 0 0 438 0 0 0 0 0 0 0 0 0 0
1 0.368148605990417 0.616080140287939 -0.0616857797326739 -0.333978865922938 0.926733430363903 0.176834101763365 0 0 439 0 0 0 0 0 0 0 0 0 0
1 0.126396485562051 -0.274483242472288 -0.286882747283628 -1.53470290994531 3.48404285037421 -3.92072463859465 0 0 440 0 0 0 0 0 0 0 0 0 0
1 -0.208602411655204 0.488741012862696 0.536240894869709 3.11263026788669 2.29655607956106 -2.29607969764518 0 0 441 0 0 0 0 0 0 0 0 0 0
1 0.563003409385081 -0.229406439524357 0.227324150589399 -0.636574265872086 1.46145462501899 -0.988143063873881 0 0 442 0 0 0 0 0 0 0 0 0 0
1 0.305733312262587 0.347154737396398 -0.159570852493401 -2.49322255396641 -2.03929299625104 -0.264366533409607 0 0 443 0 0 0 0 0 0 0 0 0 0
1 -0.658690299182349 -0.972640164523316 -0.449626544290135 -2.53791827993487 0.628262813814378 -1.66438176879658 0 0 444 0 0 0 0 0 0 0 0 0 0
1 0.548967256829439 0.0801201584311008 0.488369094602214 -2.37318599722677 -0.00998613632867636 -0.991909843774384 0 0 445 0 0 0 0 0 0 0 0 0 0
1 0.292554171878185 -0.34190199478802 0.222103162919034 2.4978859498607 4.01347044965829 -2.01992750982119 0 0 446 0 0 0 0 0 0 0 0 0 0
1 0.16925735225806 -0.549059815671782 -0.143228949639674 -1.21091129409898 0.00962476990588797 2.1940276455817 0 0 447 0 0 0 0 0 0 0 0 0 0
1 0.002863835829161 -0.0772677866029148 -0.25430742101171 -0.807405506205392 1.09469451282656 -4.84908811459416 0 0 448 0 0 0 0 0 0 0 0 0 0
1 7.97124157937854 -0.330818432112124 5.84780065693606 -0.0471976016561623 0.617207972303791 0.865542586980636 0 0 449 0 0 0 0 0 0 0 0 0 0
1 -0.44322931971621 -0.238564872188848 0.0682439694966496 -0.212337306417256 0.741841302879459 0.827895355727871 0 0 450 0 0 0 0 0 0 0 0 0 0
1 0.0191690614562255 -0.354873568980341 -0.307849374053501 -3.79350375182907 -1.80653820596135 -2.04117094331237 0 0 451 0 0 0 0 0 0 0 0 0 0
1 -0.379532453907618 -0.532205404700015 0.204934401094837 3.39487700224909 -0.757647686024091 1.90878146606666 0 0 452 0 0 0 0 0 0 0 0 0 0
1 0.565954169423219 0.0692121578367284 -1.64529587044838 1.85926684852723 1.054590739388 1.65081556153116 0 0 453 0 0 0 0 0 0 0 0 0 0
1 -1.32106905303346 -0.0948977167433462 0.960966388072045 1.19791836837884 -0.966159960851717 0.446311595763936 0 0 454 0 0 0 0 0 0 0 0 0 0
1 0.277323661836378 -0.404735927443673 -1.11322508634709 1.81166519590393 1.30555165093014 1.69545422595076 0 0 455 0 0 0 0 0 0 0 0 0 0
1 -0.218345159369485 -0.193792932299618 0.831866300128546 1.72541180674378 1.21803686418162 -1.44324268817259 0 0 456 0 0 0 0 0 0 0 0 0 0
1 -1.42728394868918 -0.203238992552384 0.838779925832302 -1.02868328726835 -0.769948182891295 -1.31699858854204 0 0 457 0 0 0 0 0 0 0 0 0 0
1 -0.397958936620223 -1.08036894155677 -1.075664344558 2.18532842380425 0.39140483386851 1.66132024252268 0 0 458 0 0 0 0 0 0 0 0 0 0
1 -0.515712624439138 0.156678801485995 0.755308033590112 -2.59462680073884 0.700508922740165 -0.689774106657432 0 0 459 0 0 0 0 0 0 0 0 0 0
1 -0.321275579391626 0.480404443822672 -0.256663307070625 -2.16356847456787 -1.13308276676207 -4.09249105489947 0 0 460 0 0 0 0 0 0 0 0 0 0
1 -1.18236134851833 -0.465011606741024 1.55952789430985 -0.4243402567022 -0.0624790496635258 -2.03434300476198 0 0 461 0 0 0 0 0 0 0 0 0 0
1 0.50366511294408 -1.00453316826661 0.81358652090549 0.459761487363484 -0.321151508782484 1.91104637089636 0 0 462 0 0 0 0 0 0 0 0 0 0
1 -0.426791838471431 -0.645813222148332 -0.957848733148292 -1.71094892161625 2.08921409989743 1.12938121465815 0 0 463 0 0 0 0 0 0 0 0 0 0
1 -0.271752617425378 0.788260661772108 0.632525230933707 -2.01431971494172 -0.364159737235256 -2.14263661831567 0 0 464 0 0 0 0 0 0 0 0 0 0
1 1.1733242975618 -0.706418014198128 2.38775698161833 -1.65134459193024 1.13741672334257 -0.267004478843763 0 0 465 0 0 0 0 0 0 0 0 0 0
1 -0.189243909243486 -0.308974089248034 0.326200880961739 -1.86882075355531 1.70084179665822 2.30717789389723 0 0 466 0 0 0 0 0 0 0 0 0 0
1 -0.966890537154038 -0.621724771434544 0.494628800965704 -2.98945034581867 -0.767890015804149 -1.64484591846376 0 0 467 0 0 0 0 0 0 0 0 0 0
1 -0.312784757142209 -0.250176181285255 0.0669144818308935 0.676599248191863 4.35306535963399 -0.951250169356189 0 0 468 0 0 0 0 0 0 0 0 0 0
1 0.927121677479397 -0.378286411463713 -0.920280240680382 1.56616978279103 -0.841141391070883 1.26054371415614 0 0 469 0 0 0 0 0 0 0 0 0 0
1 -0.429863166746346 -0.378711739240214 -0.174638931234915 -0.430765598227473 0.40979153475647 -2.0440304287979 0 0 470 0 0 0 0 0 0 0 0 0 0
1 0.359236515812222 -0.0762307137862448 0.192847511629406 1.66740764913394 4.49659902035119 1.04297375419008 0 0 471 0 0 0 0 0 0 0 0 0 0
1 1.0418844487569 -0.25907288397825 0.267118865354461 -0.375459249687929 -0.489611326485029 -0.244099573704991 0 0 472 0 0 0 0 0 0 0 0 0 0
1 -0.232045871028511 -0.801266997695074 0.433646741409434 -2.81981993018462 0.692919574265155 -0.931239338850626 0 0 473 0 0 0 0 0 0 0 0 0 0
1 -0.625516915967776 0.603700352113894 0.459706383285058 -1.66285456770549 1.66385636474805 -1.95381647412254 0 0 474 0 0 0 0 0 0 0 0 0 0
1 -0.487715386297207 0.742944974975963 0.759655765242226 -3.08177292641252 -0.248269405815254 -1.48625972862179 0 0 475 0 0 0 0 0 0 0 0 0 0
1 -0.202714886291726 0.0089959959100087 -0.0746920432323281 1.78650133477276 -0.756766509829381 1.46516028937061 0 0 476 0 0 0 0 0 0 0 0 0 0
1 0.219280630586314 0.0850754340433396 -0.117908842285056 -3.88981397412056 -2.61166668965548 -0.758246371390851 0 0 477 0 0 0 0 0 0 0 0 0 0
1 0.141362047453445 -0.505749577322492 -0.325758641183342 1.72527421037114 -0.579295594973734 3.00654572177104 0 0 478 0 0 0 0 0 0 0 0 0 0
1 -1.45423280375024 0.901525181962291 -1.69035360146399 -3.0798542466918 -1.2274295912764 0.764479483848854 0 0 479 0 0 0 0 0 0 0 0 0 0
1 1.63947486519841 0.437068275043541 1.2785931361877 -0.399071727927585 1.49875477955901 -1.23155219138553 0 0 480 0 0 0 0 0 0 0 0 0 0
1 1.03975435386401 -1.5720233101118 1.28942561151491 0.364647760148753 0.431079013920244 -0.96816063790618 0 0 481 0 0 0 0 0 0 0 0 0 0
1 1.4013671217641 0.112499976735711 -0.368298050415851 0.020661200621391 0.623050352831573 2.42170879310859 0 0 482 0 0 0 0 0 0 0 0 0 0
1 -0.242214580435863 -0.492050588633046 0.109955850457572 0.756216192718198 -2.80381519247156 1.5818826687994 0 0 483 0 0 0 0 0 0 0 0 0 0
1 -3.37826478319614 -0.0911907981617644 -1.67548226969028 1.05776242385103 -2.07102602339927 0.16783648102745 0 0 484 0 0 0 0 0 0 0 0 0 0
1 -0.380949808871199 0.0394052869468391 0.348198544553938 1.86538749926361 3.57346165394429 1.32857925872839 0 0 485 0 0 0 0 0 0 0 0 0 0
1 0.371421724189332 0.595756125707118 0.83546526887164 -1.0139108808406 -1.43392088950576 -1.03653988434751 0 0 486 0 0 0 0 0 0 0 0 0 0
1 -0.040670489958077 -0.043165424314672 -0.452973934510566 -2.82613811590837 -2.29261674379846 4.17159307203854 0 0 487 0 0 0 0 0 0 0 0 0 0
1 -0.226672438592242 -0.272810417147551 0.710072823792102 5.51532289849962 -1.74671005014222 0.387003256651487 0 0 488 0 0 0 0 0 0 0 0 0 0
1 -0.327361944858706 -0.665843518168472 -0.12168819469859 0.867186704434214 -0.12479587323299 5.18505306592306 0 0 489 0 0 0 0 0 0 0 0 0 0
1 -1.06935781313747 0.43000485848659 -0.822352828265048 0.856635662773178 -2.40823930905016 1.08575592206313 0 0 490 0 0 0 0 0 0 0 0 0 0
1 -0.231872730324989 2.49137739618585 -0.563771964098724 -1.63055292137137 -1.30923727072563 -1.03206321821507 0 0 491 0 0 0 0 0 0 0 0 0 0
1 0.381117206642356 -1.14283957196494 -0.329076959142034 -0.491631685260119 1.03420242745196 -2.22440924537271 0 0 492 0 0 0 0 0 0 0 0 0 0
1 1.12802107036376 -0.374124517278647 0.517956116141735 -0.929171894402625 -0.669286786116477 0.792978658788326 0 0 493 0 0 0 0 0 0 0 0 0 0
1 -0.0683121607482823 -0.0426534177577561 0.326503230978576 1.36357138144973 -1.56413554997076 3.20581957927813 0 0 494 0 0 0 0 0 0 0 0 0 0
1 -0.528268009535173 -0.494837999485974 0.0542050745027082 0.894357693436504 2.52821777899975 0.967306999211785 0 0 495 0 0 0 0 0 0 0 0 0 0
1 0.507910518058666 0.340480932026802 -0.626595840364635 1.0908986029655 -1.49187866133207 -2.64973755899844 0 0 496 0 0 0 0 0 0 0 0 0 0
1 0.173291698297348 -0.192065850447387 0.0405639544980276 -3.67482666626092 0.659381411153727 -2.0939011836597 0 0 497 0 0 0 0 0 0 0 0 0 0
1 0.880074414781735 -0.694577372604567 -0.246144451626921 1.41453837822981 -0.134321977486287 0.587060106887696 0 0 498 0 0 0 0 0 0 0 0 0 0
1 -20.2428892839576 -55.1317988165383 -49.604788187128 0.0192573442830762 -0.352143158136444 0.1328454341158 0 0 499 0 0 0 0 0 0 0 0 0 0
1 -0.362521660328631 0.195425921486649 0.162370586735999 -3.62198952690308 -2.55912803382962 -1.87995360089495 0 0 500 0 0 0 0 0 0 0 0 0 0
10 6.48244835689737 -4.05076206221247 3.77913606182988 -0.176020950289444 -1.00688626069488 -0.82526140688539 0 0 501 0 0 0 0 0 0 0 0 0 0
10 0.972485647840031 -1.01405751544846 -0.364109616769291 -1.61811862820034 -2.68541326452751 -0.252178410359525 0 0 502 0 0 0 0 0 0 0 0 0 0
10 -0.866005590938717 -0.190782242719224 -0.0470143228307542 0.399108396849743 1.61953137417846 1.99511255553541 0 0 503 0 0 0 0 0 0 0 0 0 0
10 -0.663040380661616 0.288862798522661 0.182961980433934 1.84796531870682 1.94247100563168 -0.432374008852239 0 0 504 0 0 0 0 0 0 0 0 0 0
10 -1.07996730510579 -1.73238994442396 1.60096239896151 -1.37891396179432 0.468587591967811 2.17354230329497 0 0 505 0 0 0 0 0 0 0 0 0 0
10 -0.0647612388836411 -0.199325675967673 -0.163164470740023 -0.650180211605238 -1.22308630425583 -3.59322230339043 0 0 506 0 0 0 0 0 0 0 0 0 0
10 0.437487863107871 -0.01034051504926 -0.370191220806404 -1.21851864513317 0.21354992947106 0.582264851767896 0 0 507 0 0 0 0 0 0 0 0 0 0
10 -0.113083850507616 -0.0035697552752176 0.33990627597466 -1.28945179844655 -1.00743459663673 -3.06804925784594 0 0 508 0 0 0 0 0 0 0 0 0 0
10 0.0993107177934401 -0.0768884796344647 -0.334840390890113 1.64126871465989 -4.63592044906842 -0.405186023703979 0 0 509 0 0 0 0 0 0 0 0 0 0
10 0.204895211301202 0.151653673759728 0.558443270638472 1.18934557294589 4.50412983407537 0.0286776694639458 0 0 510 0 0 0 0 0 0 0 0 0 0
10 -0.212077682795202 0.0670476767316054 -0.257417128800458 2.97260272368716 1.40285031214962 3.6062698510624 0 0 511 0 0 0 0 0 0 0 0 0 0
10 0.939202810010039 0.899022540783735 0.235579604567764 0.737965797145457 2.00885515112157 -0.398481993973296 0 0 512 0 0 0 0 0 0 0 0 0 0
10 -0.0481766418308231 0.158968268114385 1.24328238415961 -0.153034600328921 -0.517489352112289 -0.955335119053035 0 0 513 0 0 0 0 0 0 0 0 0 0
10 -2.80450766752625 -3.06289313285272 1.62976881330973 -1.25974544498762 -1.45847660073186 -0.424310087181707 0 0 514 0 0 0 0 0 0 0 0 0 0
10 -0.255812902667576 -0.915914829915613 0.306308118639612 1.69053286841285 2.07897988006291 1.57445418091151 0 0 515 0 0 0 0 0 0 0 0 0 0
10 0.800882857208183 0.587675934720179 -0.849648246688293 0.262643444772081 -0.922827683707014 -0.797653712061491 0 0 516 0 0 0 0 0 0 0 0 0 0
10 0.201349446064309 1.56499234974021 -1.43508392764049 0.24749970834751 1.73206947709563 1.93526479684588 0 0 517 0 0 0 0 0 0 0 0 0 0
10 0.0414534309275607 -0.175241301358292 0.185368467890554 2.53539042476932 -0.18243523822462 1.98842275486034 0 0 518 0 0 0 0 0 0 0 0 0 0
10 -8.08030246401782 4.60140126947103 -10.8060325988767 0.762947427290625 -0.858972671487846 -0.774035279395898 0 0 519 0 0 0 0 0 0 0 0 0 0
10 0.48945274561583 0.0264240587777596 3.30302194754121 0.156479954387814 0.436333256634624 -0.110819050477876 0 0 520 0 0 0 0 0 0 0 0 0 0
10 -0.190166093616802 -0.823282263307964 0.362292405675173 -0.305454858600362 3.4588168149762 0.649756187924748 0 0 521 0 0 0 0 0 0 0 0 0 0
10 0.0408138597054972 0.431830460119635 0.320005488902159 0.472831908874641 2.73073123177622 -2.11838781106524 0 0 522 0 0 0 0 0 0 0 0 0 0
10 0.252957290179245 -0.150942038203129 -0.115021337842844 -3.95985362100095 1.92671304706843 1.11827716581072 0 0 523 0 0 0 0 0 0 0 0 0 0
10 -0.0716245962803662 -2.3174951458079 -0.0692238995831507 0.758910568084556 -1.56295768643915 -0.575405578114301 0 0 524 0 0 0 0 0 0 0 0 0 0
10 0.0415539125472575 0.350543986151561 1.35011639491092 1.25923880495572 1.83593081195257 0.604073429057034 0 0 525 0 0 0 0 0 0 0 0 0 0
10 -1.5419948390418 -0.106571973294925 1.92335069208296 -1.03452486267966 1.39227790201509 1.16322207317768 0 0 526 0 0 0 0 0 0 0 0 0 0
10 0.249859671624194 -0.31919119485173 -0.311105309185216 0.454063122945096 1.4790246271085 -0.060358815475122 0 0 527 0 0 0 0 0 0 0 0 0 0
10 -1.02453863260263 -0.635936355800397 -1.15356930064793 0.709911614078814 -0.271277313706291 -2.64405526117892 0 0 528 0 0 0 0 0 0 0 0 0 0
10 -0.60417199069986 1.32353447475915 -0.296350578718868 -3.18474673166047 0.410774949289312 -1.86662578633207 0 0 529 0 0 0 0 0 0 0 0 0 0
10 -0.104138871911983 0.0830631115969649 -0.126871816011839 -0.724327869424623 0.160843660867517 -2.49625666206866 0 0 530 0 0 0 0 0 0 0 0 0 0
10 -1.04319889944431 0.166834908222138 0.765500636851631 3.759407086382 -1.26718950651537 -3.08126211558166 0 0 531 0 0 0 0 0 0 0 0 0 0
10 0.204904517057557 -0.181088802743774 0.181915706924566 -0.898979115103578 -1.56086058413549 1.57688733972023 0 0 532 0 0 0 0 0 0 0 0 0 0
10 -0.406407683467479 -0.465441034273712 -0.372465319141466 -1.32186199235524 1.45527435302111 -4.27242884001806 0 0 533 0 0 0 0 0 0 0 0 0 0
10 0.31504763186756 -0.012947765661307 -0.0304184301356733 -3.60549921049798 0.44898846446436 0.22190424833777 0 0 534 0 0 0 0 0 0 0 0 0 0
10 1.7925795066096 0.39801039843253 -0.538128249901831 0.814470906155168 1.39172171634502 1.2332862114602 0 0 535 0 0 0 0 0 0 0 0 0 0
10 0.216620984136157 0.546437242596569 -0.297599005359674 0.514928309803123 -0.433841400910622 0.370140537964218 0 0 536 0 0 0 0 0 0 0 0 0 0
10 -0.0953003175956231 0.252129837035606 -0.755387551736687 -0.804808854815929 1.18178176881742 3.14438700200528 0 0 537 0 0 0 0 0 0 0 0 0 0
10 0.705486884189986 0.267710615852807 0.0967409299979565 4.10820216667157 -0.789783417212867 1.0158356244311 0 0 538 0 0 0 0 0 0 0 0 0 0
10 -7.21072643053727 -7.48634147278391 6.47863944946223 -0.410772001515788 0.0359109027353243 0.827683241721855 0 0 539 0 0 0 0 0 0 0 0 0 0
10 -0.610637286861813 1.09677688760315 0.0749357153582919 -0.4718451106559 1.03175625739882 -0.149666653589072 0 0 540 0 0 0 0 0 0 0 0 0 0
10 -0.0613506532908891 0.382460598824326 -0.265029015787176 -1.39834106882063 -1.32773281372071 1.29884264923688 0 0 541 0 0 0 0 0 0 0 0 0 0
10 -0.381710840934529 -0.553538759946821 0.176777260967217 0.0383241674942041 -1.06395052505467 -0.994040991469885 0 0 542 0 0 0 0 0 0 0 0 0 0
10 -0.0355293127560675 0.166901247002342 -1.21599164063827 -1.29228519599339 -0.185251633195988 1.18903717682108 0 0 543 0 0 0 0 0 0 0 0 0 0
10 -0.399144364190036 0.275336947378394 0.695824044025985 2.50228869402629 0.309732455303868 -3.97465255523797 0 0 544 0 0 0 0 0 0 0 0 0 0
10 -0.824205760647378 0.960860535858975 0.164769136507181 0.32911715154462 -1.25221775620908 -2.09620861837957 0 0 545 0 0 0 0 0 0 0 0 0 0
10 -0.786923101575883 -0.47734746948471 -0.314375837948202 1.44982467200986 -0.420471230103005 0.821214142345934 0 0 546 0 0 0 0 0 0 0 0 0 0
10 0.239555219708094 0.94746541077953 -0.0915401462173089 -1.90106046543473 -0.282441686486015 -0.621505925147115 0 0 547 0 0 0 0 0 0 0 0 0 0
10 -0.468430738919611 0.0049571995481871 -0.701527472604809 3.56507561129562 -2.45063501705625 -0.752087863113392 0 0 548 0 0 0 0 0 0 0 0 0 0
10 0.0083479945893834 0.168473836530965 0.323376856630406 -0.116149714113944 0.350534888805684 0.602118131792699 0 0 549 0 0 0 0 0 0 0 0 0 0
10 -0.180347343475975 3.80498691698625 0.508998396174804 0.769020229279153 0.440374484531565 2.27189807119958 0 0 550 0 0 0 0 0 0 0 0 0 0
10 -0.0815542144042791 -0.163165216764601 0.286021273067651 -1.38025150142826 2.71511419362576 -4.05172019992219 0 0 551 0 0 0 0 0 0 0 0 0 0
10 -0.108886906800357 -0.573392974469879 0.21872257378892 1.50097536619247 3.63656828641735 -1.397268982785 0 0 552 0 0 0 0 0 0 0 0 0 0
10 0.319889349812497 0.220147756422406 0.469822318385101 -1.78210389651103 1.7382395278867 -1.21181163103926 0 0 553 0 0 0 0 0 0 0 0 0 0
10 0.580216289508852 0.382418652531983 1.30662556510268 0.743088628747081 1.51477180262484 -2.54986318007713 0 0 554 0 0 0 0 0 0 0 0 0 0
10 -0.118764001305663 -1.18101998356465 0.270791114650854 1.52624382142363 2.57943664585648 0.0299763746846972 0 0 555 0 0 0 0 0 0 0 0 0 0
10 0.431598595749235 0.168297782825144 -2.06354791514138 1.50010862366726 -2.23704919727761 -1.09001247637569 0 0 556 0 0 0 0 0 0 0 0 0 0
10 0.644539572403623 -0.513157063144138 -0.626912422643883 1.17835059552607 1.47295529140931 0.230047616077991 0 0 557 0 0 0 0 0 0 0 0 0 0
10 1.35032623914231 -0.975428451319549 1.03791332243818 -0.426578326381489 1.10971575046394 0.107503422454971 0 0 558 0 0 0 0 0 0 0 0 0 0
10 0.259954764379532 -0.173891113670231 0.008523783402415 3.60491535442043 -0.14209092384705 -2.18259311823728 0 0 559 0 0 0 0 0 0 0 0 0 0
10 -0.310581566743096 0.201378527816222 -1.03375612881285 1.73596939569619 0.11019833303328 -1.48175506154012 0 0 560 0 0 0 0 0 0 0 0 0 0
10 -1.80591579176715 3.46524931803975 -1.1063137113449 0.181934888354213 -0.21128088461902 -0.0315716773758677 0 0 561 0 0 0 0 0 0 0 0 0 0
10 0.2404229410587 -1.75221871878122 -0.742373586427787 1.0144186536453 -0.909465963995259 -2.12465905477327 0 0 562 0 0 0 0 0 0 0 0 0 0
10 -0.400788232248087 -0.131270557439081 -0.0498766206934802 -0.87895698774397 1.12030661141282 1.47135100146108 0 0 563 0 0 0 0 0 0 0 0 0 0
10 1.10643131132495 0.343382362756559 -0.199163394335656 0.354093565495622 1.48629472983287 -0.887705503264491 0 0 564 0 0 0 0 0 0 0 0 0 0
10 0.649498111298715 -0.271473991324902 0.135999220153223 -1.3502488908574 0.334540714341068 3.30738454074839 0 0 565 0 0 0 0 0 0 0 0 0 0
10 0.758892130539697 -0.42080818489556 0.0921725533802191 1.19437924670056 4.12082071227674 -0.662416381845402 0 0 566 0 0 0 0 0 0 0 0 0 0
10 0.0677871784637582 0.0939124404004531 0.247265686179172 -2.58847412205692 2.69282320696445 1.66359033781471 0 0 567 0 0 0 0 0 0 0 0 0 0
10 0.341338226792784 -1.43748227403072 1.32832112039946 -1.22136755528881 0.659281906587687 -0.298668228642154 0 0 568 0 0 0 0 0 0 0 0 0 0
10 -0.402323116778666 0.294432339817629 0.856982081741825 -2.5373311011743 1.41025682427052 -0.921455342143745 0 0 569 0 0 0 0 0 0 0 0 0 0
10 -1.24839237181018 -0.408315021219177 0.990017765810624 -1.41631783318768 0.0915426789650012 0.0697217351505812 0 0 570 0 0 0 0 0 0 0 0 0 0
10 -0.474281409195474 -0.945686300830987 -0.0909203827370265 0.984485596641007 -2.14658793753627 4.31779546311459 0 0 571 0 0 0 0 0 0 0 0 0 0
10 1.25878503023374 0.0104333169461537 -2.07053164660389 0.724797164359053 0.751652078793322 1.06868365536068 0 0 572 0 0 0 0 0 0 0 0 0 0
10 -0.118377568593993 -0.0509174726176816 0.0802025595004713 -1.8439808061904 -3.1172131284319 -3.74700761830954 0 0 573 0 0 0 0 0 0 0 0 0 0
10 1.099352064872 1.26360458606271 -0.106948772496913 -2.56386928110256 -0.76168676069832 -1.86536715988625 0 0 574 0 0 0 0 0 0 0 0 0 0
10 -0.0585025913070438 -0.564543335091792 -0.884658071983067 -2.22067018883608 -1.06165332042559 -1.06443286227621 0 0 575 0 0 0 0 0 0 0 0 0 0
10 0.0066405945952812 0.0656484154807962 -0.130302792713402 -3.99023570409265 -3.06063865718953 -0.20207663060398 0 0 576 0 0 0 0 0 0 0 0 0 0
10 1.28102932737585 -0.788073366179515 0.244569100933253 1.62829271457902 -0.150021939589353 -2.60911931144094 0 0 577 0 0 0 0 0 0 0 0 0 0
10 0.694437840335395 0.159390452750807 0.568933523318875 3.54611061284924 1.89798289826441 -0.591492164139471 0 0 578 0 0 0 0 0 0 0 0 0 0
10 2.97638302489306 0.191895646149333 -2.81965442434665 -1.16671445061048 -0.220901511361256 1.33012695677905 0 0 579 0 0 0 0 0 0 0 0 0 0
10 -0.0716138130509088 0.163401283983478 0.630107584845196 1.6371439602979 0.469492406634192 1.2031138522351 0 0 580 0 0 0 0 0 0 0 0 0 0
10 0.684179040056889 -0.345876830701361 0.0303856485562511 1.03560848793183 -1.91309060080648 0.223580668383775 0 0 581 0 0 0 0 0 0 0 0 0 0
10 0.485069563944949 0.0694253561819722 -0.121483356321442 -0.777620738803158 -0.177284843514514 0.832561473902771 0 0 582 0 0 0 0 0 0 0 0 0 0
10 0.117071232719983 0.284756854845346 0.553679229753661 -1.4980925703008 1.76069295132222 0.316073558404626 0 0 583 0 0 0 0 0 0 0 0 0 0
10 0.491532681242311 -0.705703722035502 -2.67024020235371 0.2682788745604 -0.111048865592458 -1.06385203367993 0 0 584 0 0 0 0 0 0 0 0 0 0
10 -1.55045101635278 0.902191074057564 0.774983992217613 -0.484924104247308 -1.69803658164891 0.988982360934313 0 0 585 0 0 0 0 0 0 0 0 0 0
10 -1.76497173246225 1.59963340951836 1.15410117052127 -0.652213570819825 -1.52794095359214 0.845357273422828 0 0 586 0 0 0 0 0 0 0 0 0 0
10 0.125200211268244 0.166425912633702 -0.161633173188751 3.47890924979216 1.93121385954101 1.56701552947537 0 0 587 0 0 0 0 0 0 0 0 0 0
10 -0.297927605621183 -0.854674240688598 0.114851902670148 -0.386674577546885 3.1106380182498 -0.100568007274964 0 0 588 0 0 0 0 0 0 0 0 0 0
10 0.0662095431781659 -0.309175687265079 -0.228986986180492 0.720625284837661 -0.242014323056697 -3.75229322809375 0 0 589 0 0 0 0 0 0 0 0 0 0
10 0.448961686162941 -0.131224482173988 0.297154272684352 -1.9034549631463 2.3616461498489 0.151113963742743 0 0 590 0 0 0 0 0 0 0 0 0 0
10 -0.621244600898963 -0.497366159413391 -0.17959884873597 -1.75405530602212 2.29992833741151 -0.56705547438656 0 0 591 0 0 0 0 0 0 0 0 0 0
10 -0.192686611752534 -0.368749293730215 -0.0919407805659361 -0.524920925802152 -1.69791046686657 1.0485486296717 0 0 592 0 0 0 0 0 0 0 0 0 0
10 0.182778897731002 -0.152972584665637 0.158001218058778 2.55033961409099 1.07259318250403 4.25774870275834 0 0 593 0 0 0 0 0 0 0 0 0 0
10 -1.13500652660365 -0.921532336803253 0.301141023160302 1.17104649165697 2.55967773428764 -2.27923294887916 0 0 594 0 0 0 0 0 0 0 0 0 0
10 1.91515126659338 0.288704542596075 -0.917743231164665 0.602616875064313 0.54114264293603 0.122572243504484 0 0 595 0 0 0 0 0 0 0 0 0 0
10 1.12595445934761 -0.0166674120051636 -0.249289898783905 -0.0234344839881852 -0.0374905230073723 -1.95145321381812 0 0 596 0 0 0 0 0 0 0 0 0 0
10 -0.13729207140183 0.610958495565432 0.393175797289828 0.0233692501058388 0.913361321333338 0.142125683706339 0 0 597 0 0 0 0 0 0 0 0 0 0
10 -0.101863475933413 -0.697023282401646 -0.391438097682847 0.549107325622716 0.651448182675175 -1.24001184965845 0 0 598 0 0 0 0 0 0 0 0 0 0
10 -0.0216273106362266 0.572971723462422 0.153196297502117 -1.76894364878058 -3.50773344401872 -0.452509247184255 0 0 599 0 0 0 0 0 0 0 0 0 0
10 -0.480195573723328 -4.57307128839554 -1.91343408189027 0.801176494383237 1.15812264495483 0.572342609684933 0 0 600 0 0 0 0 0 0 0 0 0 0
10 -0.633489110698992 0.186459457505145 0.363766239933195 -3.49509358194114 0.965732154317165 3.38244487135022 0 0 601 0 0 0 0 0 0 0 0 0 0
10 -1.00529994562664 2.14563533318826 -1.02818798268864 2.18431690791829 -0.707771743202679 0.148796835961959 0 0 602 0 0 0 0 0 0 0 0 0 0
10 0.593688847480685 -0.268811641478042 -1.43588524688941 0.558728176594761 1.21142276379608 1.67862678204541 0 0 603 0 0 0 0 0 0 0 0 0 0
10 -0.106840620182071 0.252940910597428 -0.476100879173747 3.70997035562384 -1.95585716334959 0.46737281891393 0 0 604 0 0 0 0 0 0 0 0 0 0
10 0.81711103445745 -0.755537041167555 0.564361536667216 3.27001729716217 0.346758227071827 -1.56167731008282 0 0 605 0 0 0 0 0 0 0 0 0 0
10 -0.0962946117763176 0.332894233445976 0.0479598003596413 -0.18981731928547 -0.33875401390298 2.3676707160282 0 0 606 0 0 0 0 0 0 0 0 0 0
10 -0.150321049340248 -0.233797590447673 -2.00246398501941 -1.33479557622819 -0.0774231182116861 2.89852219193198 0 0 607 0 0 0 0 0 0 0 0 0 0
10 -0.259124829129545 -1.49078522509759 0.14051035040442 -0.0937113174771234 -0.644592019095088 -0.25382232147134 0 0 608 0 0 0 0 0 0 0 0 0 0
10 0.0625877653268061 0.696895891869211 -0.524206421471398 -3.5047784277085 2.79851068075502 -0.832779372588384 0 0 609 0 0 0 0 0 0 0 0 0 0
10 0.272561391634964 -0.831683367559877 -0.346882403897083 0.439123716470324 1.46095396564252 -5.60830263446357 0 0 610 0 0 0 0 0 0 0 0 0 0
10 0.428660278465565 0.0871018420010634 -0.213957454241351 4.35280706289801 0.305462096445158 -1.74791453143749 0 0 611 0 0 0 0 0 0 0 0 0 0
10 0.487289773179433 -0.44431295416027 -0.26336494633119 1.34071234928856 1.12848793934201 0.811369531964264 0 0 612 0 0 0 0 0 0 0 0 0 0
10 0.172815645338465 -0.284792252928338 0.0928405638384622 0.983273540047321 -1.89079357139019 -3.81708997942308 0 0 613 0 0 0 0 0 0 0 0 0 0
10 1.79548589942339 0.43414427831144 -0.301753502389984 -0.632149366907154 -0.832658713535367 -0.111828202333701 0 0 614 0 0 0 0 0 0 0 0 0 0
10 -0.124252954889259 -0.476596108778429 0.168052706435209 -2.4702158113956 -0.245608205870948 -1.25902401117385 0 0 615 0 0 0 0 0 0 0 0 0 0
10 0.219257406613547 -0.0604226543296965 0.379969199906276 -2.84751997396124 -4.80627621008942 -2.44234585830601 0 0 616 0 0 0 0 0 0 0 0 0 0
10 -0.129105179114568 -0.440121691881709 -0.120666228289238 -2.0185499856992 2.06574977934694 0.0931350550206606 0 0 617 0 0 0 0 0 0 0 0 0 0
10 -0.316617140287037 0.0296284296113768 0.09372661902112 -0.219322028090548 2.16708748328682 -2.6142113946172 0 0 618 0 0 0 0 0 0 0 0 0 0
10 -0.614723744173229 0.986825115313517 1.18548391658783 0.399737460867509 0.387093500112486 1.00513258905837 0 0 619 0 0 0 0 0 0 0 0 0 0
10 -1.10293489369791 -1.42709630550491 -0.639847587638968 -0.560236556393554 -3.04995443827658 1.27087387150993 0 0 620 0 0 0 0 0 0 0 0 0 0
10 0.0775320401254645 2.21828520994005 -0.529021338015751 0.571374431862518 1.66281546993423 0.0624918333702569 0 0 621 0 0 0 0 0 0 0 0 0 0
10 0.965990930711325 0.745891447244537 0.503762518318667 3.14659018003023 -0.684877401596377 0.595199610892332 0 0 622 0 0 0 0 0 0 0 0 0 0
10 0.509908439575169 -0.528110468340821 -0.220497359722338 1.59985455372661 1.40511252741903 -1.95490491266783 0 0 623 0 0 0 0 0 0 0 0 0 0
10 0.106567498977824 0.349673394874911 -0.299008581354445 -0.624596905180378 -2.99367684593364 -2.56293603401043 0 0 624 0 0 0 0 0 0 0 0 0 0
10 0.301882572259063 -1.32840517676875 -1.35809745682818 1.53431189490857 1.02968387608387 -0.108269588805258 0 0 625 0 0 0 0 0 0 0 0 0 0
10 -0.126891707768764 -0.0905046603907963 1.68969525914156 -0.245579226251641 -0.408693905939491 -3.43612399228651 0 0 626 0 0 0 0 0 0 0 0 0 0
10 0.112290675536032 0.129775880609301 0.04512796105504 2.04663077067299 -3.7653258132773 0.582555277230214 0 0 627 0 0 0 0 0 0 0 0 0 0
10 0.342527421819937 0.240254592737096 0.187901948485292 2.47735803565834 2.49095197997722 0.253955106931845 0 0 628 0 0 0 0 0 0 0 0 0 0
10 0.195593137873154 0.308631912474832 -0.172917979654407 3.89548303721151 -0.795012026730908 -3.0196741282041 0 0 629 0 0 0 0 0 0 0 0 0 0
10 -1.01479521397404 0.229369551852661 -0.694249391738225 1.92210084687807 2.70482626352686 3.26691193095277 0 0 630 0 0 0 0 0 0 0 0 0 0
10 -0.876779149097278 0.470130253577525 -0.621417379877387 -1.65487897009799 -1.83324499517734 0.923692364502485 0 0 631 0 0 0 0 0 0 0 0 0 0
10 -0.312698242635383 -1.57214454940192 -1.07120692997378 -0.513850104238612 -2.18367950735807 2.89560069557403 0 0 632 0 0 0 0 0 0 0 0 0 0
10 -0.231316498147043 -0.312946327352937 -0.022008884845197 1.88543794436953 -3.21720419142129 -0.739272964350655 0 0 633 0 0 0 0 0 0 0 0 0 0
10 0.389537884965256 0.527534872702777 0.0293020748377883 -2.99833340816928 -1.94913344005046 1.42426272248094 0 0 634 0 0 0 0 0 0 0 0 0 0
10 -0.276387750432168 -0.294483792846215 0.412537712798559 -0.679486282782654 -0.048262791416524 -1.08771534414537 0 0 635 0 0 0 0 0 0 0 0 0 0
10 -0.498667757420153 0.825656428785632 0.0119196114611957 1.46634707558161 -1.04504936035769 2.73896792470283 0 0 636 0 0 0 0 0 0 0 0 0 0
10 0.121639404864054 0.457686147529797 -0.366113126654236 1.67432997380411 -2.60372067899714 -0.0530464835557535 0 0 637 0 0 0 0 0 0 0 0 0 0
10 0.0189978836788968 0.971733893986702 -0.645443461275 1.1243243947184 1.94186807749761 1.85624025671314 0 0 638 0 0 0 0 0 0 0 0 0 0
10 -0.684167525981008 1.08041646147632 -1.22828924788361 -0.646686594803002 2.64206234519168 -0.379845005846357 0 0 639 0 0 0 0 0 0 0 0 0 0
10 -0.26975114473441 0.205842783473091 -0.0350177509890084 -2.58216863231118 -0.904682697602426 1.76778780771851 0 0 640 0 0 0 0 0 0 0 0 0 0
10 0.196567475921603 -0.63145187350955 0.530323182332908 -2.76832139677725 -1.39380414583933 0.218878467283055 0 0 641 0 0 0 0 0 0 0 0 0 0
10 -2.25276037925344 -1.10505714225765 -3.85763006715141 0.319242419215476 0.484364664043127 0.808856793215785 0 0 642 0 0 0 0 0 0 0 0 0 0
10 -0.161238676913451 -0.358604225346476 2.14521372364295 1.89661603483488 -1.89078428367637 0.686569408985564 0 0 643 0 0 0 0 0 0 0 0 0 0
10 -0.492194647770112 -0.20592519232841 0.616247420617834 1.5281271143734 -2.3712215447781 -0.259134239503328 0 0 644 0 0 0 0 0 0 0 0 0 0
10 0.51543716030623 -0.310648571062916 0.474810736957189 0.0761573755955132 -1.92789666282643 -4.01556301223302 0 0 645 0 0 0 0 0 0 0 0 0 0
10 -0.0698203254476356 -0.130556038186125 -0.24507589294324 0.967802357643825 -2.22894385729056 2.8623154848752 0 0 646 0 0 0 0 0 0 0 0 0 0
10 2.72636042137864 0.526789468773648 0.373719329768469 -0.517110636570077 0.213148087925979 -0.00431426344912177 0 0 647 0 0 0 0 0 0 0 0 0 0
10 -0.245269591901474 -0.832868224510978 -0.0297669829709065 2.13191518461214 0.224289080628852 -0.937672784505112 0 0 648 0 0 0 0 0 0 0 0 0 0
10 -1.07780794592192 -0.426342101435376 1.34410486184967 0.339998901390706 -1.26346315002919 -1.12379304559246 0 0 649 0 0 0 0 0 0 0 0 0 0
10 -0.427705736669501 0.374418621703366 -0.404399136452226 2.99064963395857 -0.335857947155201 -1.7709018735614 0 0 650 0 0 0 0 0 0 0 0 0 0
10 -0.388435951742093 -0.18011408008134 -1.67579731220423 2.3250381044071 0.305417784416858 -2.52213471716198 0 0 651 0 0 0 0 0 0 0 0 0 0
10 1.24729970530714 0.516125309420464 -0.445719836471891 0.881233752634886 -1.43652619411408 0.783517338038302 0 0 652 0 0 0 0 0 0 0 0 0 0
10 0.0346968774399758 -0.964108086527531 0.570884041847543 -1.08138942650977 -0.826500688689918 3.75215724219696 0 0 653 0 0 0 0 0 0 0 0 0 0
10 -1.09463273092572 0.1932395738519 1.70108460773669 -1.03018638659042 1.21802194380794 -1.20816402480745 0 0 654 0 0 0 0 0 0 0 0 0 0
10 0.396610414541824 0.170376590379064 0.502459289162209 -0.718093785693487 -0.656169951994947 -3.8043591198265 0 0 655 0 0 0 0 0 0 0 0 0 0
10 -0.204676738950441 -0.106406546048768 -0.125282731190853 3.23819107503292 -3.60817136480837 0.810051511471716 0 0 656 0 0 0 0 0 0 0 0 0 0
10 0.510004056652894 -1.0072493508551 -0.0062594777125793 -2.62694265553262 -0.987463691004076 0.425220522572677 0 0 657 0 0 0 0 0 0 0 0 0 0
10 0.288150522724001 -0.135290401971383 0.579477398001565 -0.069459336627793 -0.246754476315782 -4.19694309048263 0 0 658 0 0 0 0 0 0 0 0 0 0
10 0.943374958402977 0.458597029327918 -0.324336397552181 -3.6941494889873 1.27843493751495 0.369763881409255 0 0 659 0 0 0 0 0 0 0 0 0 0
10 0.392034462417479 -0.768548696600897 0.641836050143982 -0.855906580707423 1.40330864797185 3.50865703476501 0 0 660 0 0 0 0 0 0 0 0 0 0
10 -0.298859291146815 0.713344655374324 0.671408193639521 0.339184165495538 -2.98098899472141 -3.24903308992329 0 0 661 0 0 0 0 0 0 0 0 0 0
10 -0.038076046523193 -0.379037710314566 0.138259411786536 -1.00485351550473 2.1827871445737 -0.751940840971424 0 0 662 0 0 0 0 0 0 0 0 0 0
10 0.153411497165015 -0.0387454693224348 0.158451034231247 0.257134253950823 1.72226805513554 -3.63853935206598 0 0 663 0 0 0 0 0 0 0 0 0 0
10 -0.975654292453907 -1.2209900747862 0.751930880066418 -1.88103958917453 -2.85738816288164 0.387432146578731 0 0 664 0 0 0 0 0 0 0 0 0 0
10 -0.645365559146123 0.752011433350959 1.02404670042622 -0.454387465713801 0.216301038222312 -0.547041145407517 0 0 665 0 0 0 0 0 0 0 0 0 0
10 -0.242424718810633 -0.255261878785077 -0.0234328415538061 -3.48133416340769 -2.26257274132814 -0.708337183307434 0 0 666 0 0 0 0 0 0 0 0 0 0
10 0.399195015299061 -0.402704813478546 0.445132151260938 1.89229588427442 -1.03503856424642 -1.76106008848441 0 0 667 0 0 0 0 0 0 0 0 0 0
10 0.364830840425162 -0.428954250387681 0.566896347463231 -3.59959224862234 1.94968894430614 -1.21773563516075 0 0 668 0 0 0 0 0 0 0 0 0 0
10 -1.32644320614745 -0.326518165945532 -0.147011870284791 0.280736123910362 0.0336713045403471 0.810313194104122 0 0 669 0 0 0 0 0 0 0 0 0 0
10 0.824585426410429 1.74818983257565 0.349884305339526 -0.528631567862451 0.872233744822748 -0.0623306334252158 0 0 670 0 0 0 0 0 0 0 0 0 0
10 4.85859297746984 -6.5356366536147 -1.36960214610205 0.0762326010233243 -0.500907944586784 -0.35153834360832 0 0 671 0 0 0 0 0 0 0 0 0 0
10 1.52761825202284 -0.0469952531069493 -2.35481462526613 -0.551078789621289 0.666764723575075 -1.38970952928905 0 0 672 0 0 0 0 0 0 0 0 0 0
10 -0.52058614071452 0.301134326047999 0.39072610236958 -0.599668891568225 -3.02815443342279 3.84202181666762 0 0 673 0 0 0 0 0 0 0 0 0 0
10 -0.0694776091033053 0.741917784155214 0.964908910789824 -1.96602687029935 0.0766963457887935 -0.292316052265488 0 0 674 0 0 0 0 0 0 0 0 0 0
10 -0.36741262338813 0.106141371773409 0.0530960230099145 -4.22619125310199 -0.189156114421581 -1.28910530404429 0 0 675 0 0 0 0 0 0 0 0 0 0
10 -0.381681440876165 -4.19479869449948 0.749695536016095 0.127063755978846 0.0530275006862524 1.80607659449611 0 0 676 0 0 0 0 0 0 0 0 0 0
10 0.734375320654347 -1.24583533440352 -1.27260206346068 -0.402303431840166 1.4592487789323 -1.48351022561681 0 0 677 0 0 0 0 0 0 0 0 0 0
10 0.0833863411045969 -0.60938821616901 -0.156416787544946 1.3813206336113 2.06033728614025 3.74065590650017 0 0 678 0 0 0 0 0 0 0 0 0 0
10 0.196756099832389 0.24904114377762 0.791936310349467 -0.635744886210291 2.4644403583831 -1.53677897633187 0 0 679 0 0 0 0 0 0 0 0 0 0
10 0.0522776820379643 -0.884614731472402 0.341256701876562 1.6253333819163 0.897657593134011 2.34165767156457 0 0 680 0 0 0 0 0 0 0 0 0 0
10 -0.490477657242359 -0.72416012648827 0.319868545991348 -1.99676251045372 -0.28039454294199 3.44960834175202 0 0 681 0 0 0 0 0 0 0 0 0 0
10 0.179784812316626 -0.787128175774215 -1.76277729014634 -0.643632199776144 -1.72805888300655 1.31353139733312 0 0 682 0 0 0 0 0 0 0 0 0 0
10 0.853997603525122 -1.28263314477909 -0.387820314581194 1.54279365146393 -0.657752620600506 1.44623409892032 0 0 683 0 0 0 0 0 0 0 0 0 0
10 0.351290441500958 0.271210863399162 -1.45180485825018 -0.371815933561853 1.93517017635298 -2.17392791913198 0 0 684 0 0 0 0 0 0 0 0 0 0
10 0.0334781424537569 -0.151441334294304 -0.0276126695890072 1.05389836810456 0.0704113689746671 -1.97878540183471 0 0 685 0 0 0 0 0 0 0 0 0 0
10 -0.286706011000321 -1.91895785308384 -1.25151926043528 -2.18295487912091 1.67703429750835 1.60144881347296 0 0 686 0 0 0 0 0 0 0 0 0 0
10 0.922772822786075 -1.58011415516797 0.911305920374803 1.49621290674106 1.72102439535313 1.7730549314856 0 0 687 0 0 0 0 0 0 0 0 0 0
10 0.632077326843779 0.588069747945872 1.19386774963649 2.67989866662809 1.46567160087726 0.0361400412192544 0 0 688 0 0 0 0 0 0 0 0 0 0
10 -0.385253536786056 0.25700621778009 -0.578208957133712 -0.910412398281307 2.10580384499397 -0.291300582424214 0 0 689 0 0 0 0 0 0 0 0 0 0
10 0.696680034068573 -0.04295103078854 -0.121630644691248 0.233216511357346 0.852041361688599 -1.84640478379641 0 0 690 0 0 0 0 0 0 0 0 0 0
10 0.217799594199396 0.724072195550311 -0.192292508510367 -0.195696756349428 0.457174305289515 0.966236766327787 0 0 691 0 0 0 0 0 0 0 0 0 0
10 0.155562857201127 -0.178588196855002 -0.155536251819774 0.677229117237081 -0.445215243061841 2.21524534414265 0 0 692 0 0 0 0 0 0 0 0 0 0
10 1.1701432875808 0.917816745965175 0.803328206512621 -1.07067786082954 -1.84859374014829 0.919496010428408 0 0 693 0 0 0 0 0 0 0 0 0 0
10 -0.109683819513848 -0.377372317564898 -0.356001219063194 0.0634296505249724 -2.39922430454155 0.409727529427929 0 0 694 0 0 0 0 0 0 0 0 0 0
10 0.992029264285096 0.28769207873485 -1.2624375028754 0.0361108822017281 0.617866964321136 -0.170708529986239 0 0 695 0 0 0 0 0 0 0 0 0 0
10 -0.188940144259659 -0.188652876780495 0.102490478725037 2.19136273555145 1.38327370163548 1.6948819053423 0 0 696 0 0 0 0 0 0 0 0 0 0
10 0.354991400682047 0.942596587791262 -0.902420382255054 0.518893950080372 0.82480858200085 0.972474135812536 0 0 697 0 0 0 0 0 0 0 0 0 0
10 -0.800075705504208 1.14095254843112 -0.278825050262286 -1.782329395285 1.7057173471904 2.4978108136456 0 0 698 0 0 0 0 0 0 0 0 0 0
10 0.0462283972672039 0.205910152181854 -0.0537763084491042 0.936736269113839 4.89081131142944 3.45606827147929 0 0 699 0 0 0 0 0 0 0 0 0 0
10 7.25125236125244 3.21539093289585 -7.31459385910614 -0.357746618788547 0.603550355491903 -0.995927708799159 0 0 700 0 0 0 0 0 0 0 0 0 0
10 -0.0160075578746863 1.05950655204409 -0.815401458429538 -1.06547563333627 2.68774288344473 -0.345696723245662 0 0 701 0 0 0 0 0 0 0 0 0 0
10 0.114132570949742 -0.0490224416646375 -0.0731524368279327 1.14006403062532 -2.66660024001677 1.13562788957449 0 0 702 0 0 0 0 0 0 0 0 0 0
10 -0.22263082259164 0.665013451930036 0.448745024435329 1.82152968428911 0.410179984362494 0.662754587682223 0 0 703 0 0 0 0 0 0 0 0 0 0
10 -0.904512215213896 -0.134375435626327 0.0286751209033913 1.45459581720787 -0.524850583947137 1.75995632492904 0 0 704 0 0 0 0 0 0 0 0 0 0
10 -0.542163808027984 -0.0207259244863667 -0.177999326938895 0.463642317998875 0.969247755286126 3.18657133647825 0 0 705 0 0 0 0 0 0 0 0 0 0
10 -0.5765566504198 1.00334031753587 -0.660737889648601 0.388745540438075 0.326790795476727 0.58412664865121 0 0 706 0 0 0 0 0 0 0 0 0 0
10 -0.190975313744676 -0.351890677059159 -0.449780151526306 0.462484515950663 -2.41951082238739 0.0607444509157297 0 0 707 0 0 0 0 0 0 0 0 0 0
10 0.997479041289641 -0.243084715229363 -0.19961535605518 -2.90063418960318 -0.340351930527805 -1.84063662196024 0 0 708 0 0 0 0 0 0 0 0 0 0
10 0.665287184755012 0.16806572653369 0.0462722632688727 -1.41814127507126 -0.366758564400829 -1.91574366503277 0 0 709 0 0 0 0 0 0 0 0 0 0
10 -0.148637668017001 -0.0814258189160083 -0.0792278491015345 -0.69289443579486 0.316300211134517 3.03003130266565 0 0 710 0 0 0 0 0 0 0 0 0 0
10 0.419078476191496 0.179513195021125 0.167717421551856 3.11342853903342 0.616711179066891 -1.9778032738647 0 0 711 0 0 0 0 0 0 0 0 0 0
10 0.149644443435346 -0.23656172294852 -1.65971369481313 -1.58664987366485 0.425934859416248 -0.34768461153744 0 0 712 0 0 0 0 0 0 0 0 0 0
10 0.288193328062122 1.65747289905668 0.791975877877969 -0.033068392428421 -1.57724407138081 1.14807262091907 0 0 713 0 0 0 0 0 0 0 0 0 0
10 -0.0919601956757875 0.119758848759878 0.8272758387095 -0.630245179322646 -0.0621556172822933 1.34558130627975 0 0 714 0 0 0 0 0 0 0 0 0 0
10 0.56665476868167 -0.334078469644914 -0.25309282988317 -3.25879025570768 1.45316694041188 2.4326742219274 0 0 715 0 0 0 0 0 0 0 0 0 0
10 -0.245829057456948 0.0261331689057174 0.274315589091348 -0.222940285404141 2.85643101803432 3.08452171316788 0 0 716 0 0 0 0 0 0 0 0 0 0
10 0.707605925486727 0.835295033102623 0.344865901351198 -1.15075392857417 1.37211328087553 0.919673937211614 0 0 717 0 0 0 0 0 0 0 0 0 0
10 0.387265206856077 0.32709657876695 0.313529873489966 2.17889529998534 2.75057923196657 -1.24694490634653 0 0 718 0 0 0 0 0 0 0 0 0 0
10 0.189990194261424 0.194275721813981 0.249432600003532 0.80456767957216 0.883195903148039 -0.997163287886077 0 0 719 0 0 0 0 0 0 0 0 0 0
10 0.0450257644119774 -1.13665921393438 -1.69852727939235 1.63410936081458 1.30520713701216 -2.86799990152771 0 0 720 0 0 0 0 0 0 0 0 0 0
10 0.436769904564661 -0.111296228550898 -0.16340520385659 0.298223168197291 4.53432797891745 -1.31685266136732 0 0 721 0 0 0 0 0 0 0 0 0 0
10 -0.896068194697778 0.301105810826425 0.623078222767383 -1.16605525632892 -2.87717164684319 0.0334788313099453 0 0 722 0 0 0 0 0 0 0 0 0 0
10 0.195563705992356 0.369650548705301 0.0835818198037379 1.09806895556954 0.718658719101793 2.72060218294279 0 0 723 0 0 0 0 0 0 0 0 0 0
10 0.096520079571555 -0.17464428111943 -0.437688711287686 2.92469971358684 1.69300095525494 0.824603515765658 0 0 724 0 0 0 0 0 0 0 0 0 0
10 0.422090335018336 -0.285565079857757 -0.476846026788657 0.783294893999181 -0.469847748037536 1.8539119016532 0 0 725 0 0 0 0 0 0 0 0 0 0
10 -0.408064981532503 0.0107087792517257 0.339733910341278 1.90367928053642 -1.74045207512967 -1.98961544110604 0 0 726 0 0 0 0 0 0 0 0 0 0
10 0.62972697891077 -0.716973500984559 0.380037123440394 3.15095900634614 1.38953726601243 -0.347115581996353 0 0 727 0 0 0 0 0 0 0 0 0 0
10 -1.14861798625047 0.0716511427844324 1.332935590733 -1.51977519831811 -1.62087523332016 -1.51679171126425 0 0 728 0 0 0 0 0 0 0 0 0 0
10 1.0966554661282 0.382026681715684 0.507642302122516 1.10363913253757 -2.84605351519151 1.8605388159054 0 0 729 0 0 0 0 0 0 0 0 0 0
10 1.94212612072463 0.84271886635077 0.920253230138678 -1.34341520387162 -0.516150531862051 -1.48108422995711 0 0 730 0 0 0 0 0 0 0 0 0 0
10 1.70739702430067 0.814149510311487 0.851073180416554 2.07011133523969 -0.829479817265015 -1.21521521656627 0 0 731 0 0 0 0 0 0 0 0 0 0
10 -0.559322556750106 -0.338176387113842 0.581670213443428 -0.788982174149087 -0.448152751123014 1.46191352699712 0 0 732 0 0 0 0 0 0 0 0 0 0
10 0.216553637432313 0.0620607083066256 -0.12378225610913 -0.0112333280148067 1.40858672731221 1.63065749343032 0 0 733 0 0 0 0 0 0 0 0 0 0
10 1.13746896943716 0.0471296202802111 -0.492467495019159 -1.29425655537917 -1.43129997523382 -2.1175780125259 0 0 734 0 0 0 0 0 0 0 0 0 0
10 0.0714830248108342 0.931061805743205 0.142557174646381 -1.0544160525515 1.04693475310333 -0.609532149853429 0 0 735 0 0 0 0 0 0 0 0 0 0
10 0.431330236513144 -1.08365395118729 -0.149282182318092 -0.318341172912271 -1.09440873344291 -0.691214254954676 0 0 736 0 0 0 0 0 0 0 0 0 0
10 0.427164195413106 0.748965541813037 -0.231771601764355 -1.84733457300949 -1.74719733566144 1.29697012936552 0 0 737 0 0 0 0 0 0 0 0 0 0
10 -7.5594389813652 4.17240902050952 -24.2310108861091 0.428929901565603 0.0518857889659502 -0.250275902585818 0 0 738 0 0 0 0 0 0 0 0 0 0
10 0.747887309024661 -0.353004215454361 -2.02495405657478 0.241484667695979 1.48716753188609 -2.94001750646887 0 0 739 0 0 0 0 0 0 0 0 0 0
10 0.0309863035465884 0.0629617013374976 -0.432324587369997 -1.39103418219807 -2.32216309298701 -0.352587571741248 0 0 740 0 0 0 0 0 0 0 0 0 0
10 -2.1568419699125 -0.453481331965402 1.87079060517121 1.13238026481922 0.442232782560681 0.620782039725315 0 0 741 0 0 0 0 0 0 0 0 0 0
10 -0.278719895440338 0.0130181712592076 0.133757159540195 3.41564501444137 2.06354914314688 2.00920137186303 0 0 742 0 0 0 0 0 0 0 0 0 0
10 -0.0687035340110779 -1.80785973117455 0.846774282947229 2.25617736129587 2.0577066171955 1.48463280639459 0 0 743 0 0 0 0 0 0 0 0 0 0
10 -0.238571715036213 0.0340611365169812 0.745327371324245 -2.47873712574722 0.361328939001463 -0.164512066014055 0 0 744 0 0 0 0 0 0 0 0 0 0
10 -0.0572985747769534 -0.43090307446585 -0.454005034954875 -1.58623123201469 -2.01886223306106 2.58982664540793 0 0 745 0 0 0 0 0 0 0 0 0 0
10 -0.687465878142043 0.443282113807328 1.57244689780647 2.1629775049897 0.548732510746188 -1.27263849441093 0 0 746 0 0 0 0 0 0 0 0 0 0
10 0.298227234575386 -0.287425137097935 -0.650307858192569 0.189504339802611 -2.50162138671131 1.04772695505596 0 0 747 0 0 0 0 0 0 0 0 0 0
10 -0.279699742551596 -0.689275868402792 0.215603541922938 -1.39860105300903 0.0428477352996292 -3.7455779658849 0 0 748 0 0 0 0 0 0 0 0 0 0
10 -2.83750839447977 0.311440640315932 -0.201471260650693 0.777647590968267 1.24665365458505 -0.621906540965989 0 0 749 0 0 0 0 0 0 0 0 0 0
10 -0.231799789026194 -0.186925962441118 0.0280345838668327 1.4186981657989 4.1644383597851 0.513997957596676 0 0 750 0 0 0 0 0 0 0 0 0 0
10 -0.653975572261919 -0.203361624342731 0.403669894832085 -0.478557885354817 -0.305449150391999 0.0180970300616136 0 0 751 0 0 0 0 0 0 0 0 0 0
10 1.09816564404025 -0.50733138376675 0.0316388450860567 1.65017452738135 -0.99649220445031 0.706434286078286 0 0 752 0 0 0 0 0 0 0 0 0 0
10 0.816385049328873 -0.827797783014327 -0.58887503306064 2.23513376983629 -1.19324591728011 -1.0890702650174 0 0 753 0 0 0 0 0 0 0 0 0 0
10 -0.72081621007354 0.11989889018642 0.294313258753134 0.132684884371768 -4.68493699608871 1.00101642264913 0 0 754 0 0 0 0 0 0 0 0 0 0
10 0.192458843190843 0.809726374276358 -0.25519192424284 -1.45034573902709 -0.0611665235570084 -1.59256939585516 0 0 755 0 0 0 0 0 0 0 0 0 0
10 0.726290594651495 -0.025691686350408 0.787265229437016 -0.346079028469791 1.35780802868755 1.64957270728035 0 0 756 0 0 0 0 0 0 0 0 0 0
10 -2.32962939626302 -2.21129669333247 -0.311588990437693 1.3510835845521 1.78896181218516 1.02113817607901 0 0 757 0 0 0 0 0 0 0 0 0 0
10 -0.800555627151229 0.713602192119115 -0.931631286754268 -1.60188163525657 -1.07158611189594 -0.90748620827731 0 0 758 0 0 0 0 0 0 0 0 0 0
10 -0.345577806585948 -0.0543809547835423 -1.11391793184318 -3.55683186870887 2.16134945611495 -1.38822009738951 0 0 759 0 0 0 0 0 0 0 0 0 0
10 -1.47941252047266 -0.400725337050613 -0.001385160769915 0.0483559928010042 -2.3765979555142 -1.57574731277449 0 0 760 0 0 0 0 0 0 0 0 0 0
10 0.620023724844808 0.0642867070491843 0.0818527773403011 -3.78338759005682 0.155652153620691 1.79675920438175 0 0 761 0 0 0 0 0 0 0 0 0 0
10 0.869374774775367 -0.333347863443529 -0.376049249567661 1.97295129582119 0.427770446752112 -1.82588796747047 0 0 762 0 0 0 0 0 0 0 0 0 0
10 0.441629580154641 0.271071781485147 0.0790727027700342 1.46122445271209 2.63280914523916 -0.0207930364044613 0 0 763 0 0 0 0 0 0 0 0 0 0
10 -2.73247602882874 -0.368232001190472 -0.321022679411107 -0.674524839626826 -0.71789990604684 -1.83750533414993 0 0 764 0 0 0 0 0 0 0 0 0 0
10 0.234965836274345 0.196606946795676 0.227210349540816 2.13387187154296 -4.58258938511048 0.65634272579232 0 0 765 0 0 0 0 0 0 0 0 0 0
10 -0.40108277646205 0.226953791612981 1.10382707384309 -3.45825519878499 1.87356525258272 -1.05086849240568 0 0 766 0 0 0 0 0 0 0 0 0 0
10 -0.267186382567694 0.137007806053348 0.303761882915476 -3.03314556177114 -1.50889261241476 -0.258659333294787 0 0 767 0 0 0 0 0 0 0 0 0 0
10 0.604833150937089 -0.522656917895279 0.043748746657195 -2.78230783807205 0.478526078666896 -0.0123821444362279 0 0 768 0 0 0 0 0 0 0 0 0 0
10 -0.0588270269201595 -0.605231047406665 0.107254920601758 -1.46787825263073 3.05094885260085 0.645918388981781 0 0 769 0 0 0 0 0 0 0 0 0 0
10 -0.240592513544575 0.112991866319934 0.0023219232350487 1.18473094233297 3.01557785313536 0.386164436275022 0 0 770 0 0 0 0 0 0 0 0 0 0
10 0.453009138898475 0.006285625734466 -0.0558671161015036 1.90691735011939 1.22107833206324 2.4650816265999 0 0 771 0 0 0 0 0 0 0 0 0 0
10 0.999959717071179 -0.157653782995618 -0.617621762961325 0.86371468779358 -1.86523348120297 0.485770549531491 0 0 772 0 0 0 0 0 0 0 0 0 0
10 -0.22611771037342 -1.08230745841723 0.452757870458319 2.63716136832465 -1.37163545228287 -3.28784677990192 0 0 773 0 0 0 0 0 0 0 0 0 0
10 -0.142642270775546 0.377690478501106 0.815456008702764 0.603565842818111 0.644750716444741 -2.21270106968589 0 0 774 0 0 0 0 0 0 0 0 0 0
10 0.308441051212857 -0.0675779393646109 0.0092889766112416 -0.504012117031844 -2.29855653147652 0.198032666952469 0 0 775 0 0 0 0 0 0 0 0 0 0
10 -0.0926380222405595 0.113160040153527 0.138624747653161 -1.97214921959903 1.65673106178421 -1.06704253959509 0 0 776 0 0 0 0 0 0 0 0 0 0
10 -0.277458870514276 0.0620511346815174 -0.225212075881744 1.0368715576047 -0.561227704664403 2.97563323789225 0 0 777 0 0 0 0 0 0 0 0 0 0
10 4.23951009701867 0.369585458054305 1.66357563274512 0.338549289679558 0.556477669111395 0.302612120583463 0 0 778 0 0 0 0 0 0 0 0 0 0
10 -0.472406817824074 0.265894715864374 -0.643527558339361 -1.13469797935618 -2.08864164832008 3.06225103773813 0 0 779 0 0 0 0 0 0 0 0 0 0
10 0.743673211454289 -0.58136852810424 0.677823374354743 -3.78154686593525 -0.351455102608012 -3.47224194890812 0 0 780 0 0 0 0 0 0 0 0 0 0
10 -0.0312810108309662 0.177633919475285 0.57709925137094 1.71098841462776 0.742424580903204 -3.14176366295956 0 0 781 0 0 0 0 0 0 0 0 0 0
10 0.299261875314681 -0.462426387131275 0.47052640404594 2.49488038290271 -0.778940192533419 -1.54027286178331 0 0 782 0 0 0 0 0 0 0 0 0 0
10 1.35633462516111 -0.0949421449424252 1.13727334625685 0.2401012804115 -0.859302738306368 -0.263163694205777 0 0 783 0 0 0 0 0 0 0 0 0 0
10 0.301853609536068 -1.08012353271314 -0.366159086622758 0.661395992210408 -0.426499397743182 0.44775673576113 0 0 784 0 0 0 0 0 0 0 0 0 0
10 -0.828661523282244 -0.694323289164135 0.0019095285793152 -0.0325425295049106 -1.2148809748891 0.259648197311869 0 0 785 0 0 0 0 0 0 0 0 0 0
10 1.67840841067437 0.70384167483836 3.84558345182128 -0.228035098459916 1.61163480175092 1.1007503863302 0 0 786 0 0 0 0 0 0 0 0 0 0
10 -0.0218640380207898 0.148667885092193 -0.0078154111425164 -0.159804115394087 2.73172010412872 -2.27011027339401 0 0 787 0 0 0 0 0 0 0 0 0 0
10 -0.293857964383815 -0.814199715920522 -0.552977608524162 1.48815489634179 -0.291591961860405 -0.655294724979379 0 0 788 0 0 0 0 0 0 0 0 0 0
10 -1.84996153498645 0.410964827529004 -0.58064215376696 -2.51575056393666 2.74019295223526 0.771202787723621 0 0 789 0 0 0 0 0 0 0 0 0 0
10 2.28764117527038 -1.95232984489658 1.16908435635153 -1.42204741193206 0.522659247355412 0.741879160017575 0 0 790 0 0 0 0 0 0 0 0 0 0
10 -1.00107920621544 0.653724801130344 -0.0375721479784238 -0.3338898781849 3.18703043663151 2.569280861529 0 0 791 0 0 0 0 0 0 0 0 0 0
10 -0.266537682002526 -0.49240594267061 -0.198433103247035 -1.53004562727581 -0.0689269404461292 2.52781571889863 0 0 792 0 0 0 0 0 0 0 0 0 0
10 -0.124368034477356 -0.765426876833105 -0.167532596266005 -0.795002038546957 0.766483684492671 1.56005613354922 0 0 793 0 0 0 0 0 0 0 0 0 0
10 0.736577891536779 -0.587358883396712 -0.737521656779903 0.623877865426726 -2.03034094865389 0.877472799930738 0 0 794 0 0 0 0 0 0 0 0 0 0
10 0.55957621195684 -1.61351304599328 -2.07669356740796 -0.473379998598665 -0.450353896604 0.0176094475621406 0 0 795 0 0 0 0 0 0 0 0 0 0
10 0.223940136644692 -0.163486008153416 -0.183761647598471 -0.55862410729835 5.4780975409906 -3.51624165340987 0 0 796 0 0 0 0 0 0 0 0 0 0
10 -0.179284469489506 -0.413583689768252 -0.622993220556368 0.762848016229555 1.39505431662856 4.10417595219803 0 0 797 0 0 0 0 0 0 0 0 0 0
10 -0.283647087486717 0.429788782132858 0.166292303253412 0.683112445997656 -1.57946950246969 2.51449083192732 0 0 798 0 0 0 0 0 0 0 0 0 0
10 -0.819882075973577 -0.174492027078029 1.07346219988957 1.20308375275866 -0.373111622524399 2.45940258632411 0 0 799 0 0 0 0 0 0 0 0 0 0
10 0.408152978627809 -0.866088032281394 0.41098023947841 2.20687995348557 -1.70398656076177 1.46175028725663 0 0 800 0 0 0 0 0 0 0 0 0 0
10 0.326539683279852 -0.658846424659902 0.570914849347666 -0.678973558269046 -1.82568899130104 1.7056999254902 0 0 801 0 0 0 0 0 0 0 0 0 0
10 -0.0740719146156004 -0.541318487441354 0.243734459148989 -1.7439239151564 -2.2357477589025 -0.30067076868007 0 0 802 0 0 0 0 0 0 0 0 0 0
10 0.163415429496636 0.609046991579303 0.937897434499668 -3.37954258790218 2.13031587172311 -0.802029149134378 0 0 803 0 0 0 0 0 0 0 0 0 0
10 -0.25105755078025 0.377476752648113 -0.364158317932861 -2.21404958182555 -3.03742585707607 -3.60460550784151 0 0 804 0 0 0 0 0 0 0 0 0 0
10 -0.0669377252239414 1.43984766739044 -0.391053563425684 1.50713532890765 -1.21038588118294 -0.863820325400498 0 0 805 0 0 0 0 0 0 0 0 0 0
10 -0.131549007214661 0.466381268135178 -0.431280171318744 0.1643421062867 -0.863377738939659 5.37290420969473 0 0 806 0 0 0 0 0 0 0 0 0 0
10 0.0203526381524848 0.318440066508205 0.792135705929827 -4.51560414465357 -1.87870431141716 -0.10589631735781 0 0 807 0 0 0 0 0 0 0 0 0 0
10 -0.0007774069659155 0.0028347699101675 -0.022509680053795 -1.43558020615486 -0.92623271119243 -1.84560512604098 0 0 808 0 0 0 0 0 0 0 0 0 0
10 -0.187022540896966 1.30219481354914 -0.0781677273258755 1.48577114317262 0.619282315058393 0.137799798137954 0 0 809 0 0 0 0 0 0 0 0 0 0
10 2.02019393506243 -0.597482502036752 2.71887929689382 -0.187748360869888 2.57954453526381 0.404283752275225 0 0 810 0 0 0 0 0 0 0 0 0 0
10 1.29596987398162 -0.299792261983994 0.0836577203363896 4.28715966326481 -0.93090813432133 -0.170351486398099 0 0 811 0 0 0 0 0 0 0 0 0 0
10 -0.127088128918026 0.200878442996433 0.971337458676151 -0.73728887440913 -3.92568062701035 -0.368887977613938 0 0 812 0 0 0 0 0 0 0 0 0 0
10 -1.518252993182 0.589224158951895 0.0455604959541586 0.795953240594676 -0.928983333570218 -0.717961882147278 0 0 813 0 0 0 0 0 0 0 0 0 0
10 0.32023076368946 0.552503947599716 -0.562889973753561 0.0153703875550274 -0.932361419985598 -0.407579172916382 0 0 814 0 0 0 0 0 0 0 0 0 0
10 0.0398913434024093 -0.771460053251586 0.724844001813259 -1.73359825145774 1.22181988293885 -1.97667328530388 0 0 815 0 0 0 0 0 0 0 0 0 0
10 -1.35430881414817 0.338892983188639 -0.133497891355976 -2.51505193470884 -0.642687543738729 -0.0220886710293948 0 0 816 0 0 0 0 0 0 0 0 0 0
10 -0.114117713201103 -0.657504724746381 -0.541990237441778 -0.648611739390489 2.2820819957935 -2.8585288645654 0 0 817 0 0 0 0 0 0 0 0 0 0
10 -0.721214061829841 -0.797487344924478 -0.442753885257643 0.751307396056152 1.28567634724425 2.06641082617734 0 0 818 0 0 0 0 0 0 0 0 0 0
10 -0.143736579621954 0.177005372534004 -0.775400941969208 0.0723610514911861 -1.99804312073955 -0.80223075619375 0 0 819 0 0 0 0 0 0 0 0 0 0
10 -0.237688205061622 -0.681465952718759 -0.263409731462521 -0.622456816764722 -1.22480594733601 2.91928656125282 0 0 820 0 0 0 0 0 0 0 0 0 0
10 0.144974947798204 -0.111527025628968 -0.390134928591577 -1.47887872291485 1.68179675709729 1.66445030694154 0 0 821 0 0 0 0 0 0 0 0 0 0
10 0.316433407462257 0.246350481857655 -0.69737804101445 1.54040436248069 -0.631985384614816 2.25032436506439 0 0 822 0 0 0 0 0 0 0 0 0 0
10 1.02533536326373 -1.29998468868527 -0.105536159418012 1.68877432360136 3.28180171262833 -0.35355256674472 0 0 823 0 0 0 0 0 0 0 0 0 0
10 0.0802105030652699 0.533409672018871 0.695323934311824 3.78586235215556 -0.744539949544624 2.70822778510791 0 0 824 0 0 0 0 0 0 0 0 0 0
10 -0.536275164301102 -1.24649358170995 -0.163064768297196 0.391882945838875 -0.70508182701477 -0.969843686559558 0 0 825 0 0 0 0 0 0 0 0 0 0
10 0.407255768039436 0.236748742618759 -0.294678392151419 0.579821495311081 -4.20351557365683 1.34214092753704 0 0 826 0 0 0 0 0 0 0 0 0 0
10 0.289552634160707 1.01559228613498 -0.130421207848457 -0.59072368608292 -0.768080795619485 -2.0263361751254 0 0 827 0 0 0 0 0 0 0 0 0 0
10 -1.30326902165097 -0.543996458495958 0.481524215453052 -0.607192521004294 -2.77739205768895 -1.95872988830771 0 0 828 0 0 0 0 0 0 0 0 0 0
10 11.8995651520463 -6.21195046185516 -0.922547820448531 0.0553069785095508 0.161364685163277 -0.727044416045884 0 0 829 0 0 0 0 0 0 0 0 0 0
10 2.70730235533143 -1.13321080487353 0.544493309342686 2.1104309582186 0.107343446475394 2.20776441727093 0 0 830 0 0 0 0 0 0 0 0 0 0
10 -0.775141707977964 -1.5684472466361 2.16024857885425 1.24580945535156 -0.604061153299261 1.45770398654282 0 0 831 0 0 0 0 0 0 0 0 0 0
10 -0.194340603718308 -0.165667372773096 0.742133049594089 -1.13463255775815 -2.28710078678804 -5.0852692731734 0 0 832 0 0 0 0 0 0 0 0 0 0
10 1.34396725017341 1.43958580204517 -0.870809698681262 0.744713392573336 0.68060777263807 -2.8983346272302 0 0 833 0 0 0 0 0 0 0 0 0 0
10 -0.36674579670543 -0.219594276054665 -0.171348342504791 -1.94060364504037 -0.866033212856927 -3.05705490305516 0 0 834 0 0 0 0 0 0 0 0 0 0
10 -0.0765936090580869 -0.533608462463843 -0.0107245033947518 2.87537279001044 -1.89599463499873 -0.644796728451184 0 0 835 0 0 0 0 0 0 0 0 0 0
10 -0.0786924056155021 2.00821009819131 1.63544776067392 -1.46187899390659 0.100389764023233 1.94392337907307 0 0 836 0 0 0 0 0 0 0 0 0 0
10 0.67228815256711 0.564786793797604 -0.219528823156574 -2.92882111881657 1.63895752959002 -1.30592913747104 0 0 837 0 0 0 0 0 0 0 0 0 0
10 0.0215860804821244 -1.00626812800891 0.198821240614658 0.261052828659495 0.903037715701605 -1.14584713194105 0 0 838 0 0 0 0 0 0 0 0 0 0
10 0.212088826567829 -0.187269551935989 -0.375986334999367 3.59952794145502 -0.063512678802018 -2.09307039267895 0 0 839 0 0 0 0 0 0 0 0 0 0
10 0.319580666105253 -0.345395314381569 0.753773974848403 0.215152416587157 -2.79077925566635 -1.38446919151566 0 0 840 0 0 0 0 0 0 0 0 0 0
10 -0.489942034145354 -0.133083070986914 -0.701295522725548 -1.45036485492364 -2.16387420811509 -0.944371412789575 0 0 841 0 0 0 0 0 0 0 0 0 0
10 -0.868605960704518 -0.212056163124825 -1.25540260928793 -0.0578745685719387 -1.4236738193904 1.0715785683846 0 0 842 0 0 0 0 0 0 0 0 0 0
10 0.320064976170192 0.189503907051814 0.986711805822962 1.06627529439374 0.045604937450357 2.91263067985373 0 0 843 0 0 0 0 0 0 0 0 0 0
10 -0.336392534820638 0.902588977954002 0.0574046981148001 1.03701488105921 -1.6233262425774 -0.491556182965192 0 0 844 0 0 0 0 0 0 0 0 0 0
10 -0.224950854700341 0.934435861743291 -0.0745491479346502 1.67632421443168 -2.05407416550045 1.88344331905684 0 0 845 0 0 0 0 0 0 0 0 0 0
10 -0.270196349435649 -0.200004658255924 -0.342401111641492 0.105095716823818 -0.764468795578972 -0.771483141254685 0 0 846 0 0 0 0 0 0 0 0 0 0
10 0.148677578165762 0.34304539896149 0.269570934202816 3.08134745686634 -3.08995146552528 -1.66605847728888 0 0 847 0 0 0 0 0 0 0 0 0 0
10 -0.470134005976262 -0.825838033960215 3.56987152359086 -0.280430033933173 -2.04034765103887 -2.89643896968246 0 0 848 0 0 0 0 0 0 0 0 0 0
10 -0.371466462656663 -1.02754736144169 1.37530456407855 0.526020838876958 0.412588313190772 0.366426517350733 0 0 849 0 0 0 0 0 0 0 0 0 0
10 -0.406895148988283 1.02546042144116 0.320554164123389 -1.05267504077573 0.567214132935983 1.19851147469973 0 0 850 0 0 0 0 0 0 0 0 0 0
10 0.930153675501276 -0.304410302285878 0.411080982155202 -2.5825771979458 -1.23270074948436 -2.39979750489059 0 0 851 0 0 0 0 0 0 0 0 0 0
10 0.0920429981566955 0.125692432514189 0.0259736045525466 -0.0537712256511407 -3.46364679592577 -1.98165254402305 0 0 852 0 0 0 0 0 0 0 0 0 0
10 -0.607004017270976 0.133910044341549 0.072090991542042 -2.42701320296157 -1.72718852746665 -2.50948165087516 0 0 853 0 0 0 0 0 0 0 0 0 0
10 0.896042265456118 -0.770437962645784 0.239979184649395 -2.64132825273438 -1.52121205908406 -1.5652460024937 0 0 854 0 0 0 0 0 0 0 0 0 0
10 1.35686565352262 -0.756377389397347 -0.0830984659705432 -1.13458742215791 -0.6174028703146 -1.21286799003417 0 0 855 0 0 0 0 0 0 0 0 0 0
10 0.245111018995261 0.850114769489725 -0.307084010226469 -1.31499196088053 1.29530101180074 -1.43209837303836 0 0 856 0 0 0 0 0 0 0 0 0 0
10 -0.915102147212277 0.497762515681014 0.447281301707028 0.00641755447709908 -1.05104845391406 1.73683817740185 0 0 857 0 0 0 0 0 0 0 0 0 0
10 0.507065816649693 -0.252505286665321 -0.486020221086991 -2.84566818054785 -1.0878591597212 -0.790467577903239 0 0 858 0 0 0 0 0 0 0 0 0 0
10 0.114590680629593 -0.582602618573836 0.352852588775554 -0.590111139627976 -1.61437938273111 0.0629028427582796 0 0 859 0 0 0 0 0 0 0 0 0 0
10 -0.325747722215651 0.268961935826238 2.38449783095143 1.96002373119824 -1.07843285026518 1.40794535713473 0 0 860 0 0 0 0 0 0 0 0 0 0
10 -0.320323473587927 0.0917668768088968 -0.289376115360804 2.48879924710876 -2.17082880771693 -3.67049554231046 0 0 861 0 0 0 0 0 0 0 0 0 0
10 -0.853763481347112 -1.29465693283794 2.38558532101046 1.60596204206538 -0.30615847295359 0.0559756029521151 0 0 862 0 0 0 0 0 0 0 0 0 0
10 -0.683349188965709 -0.352492199542185 -0.587348117942728 -3.01149679731739 -0.315714645714377 1.19799665662614 0 0 863 0 0 0 0 0 0 0 0 0 0
10 0.451841685744783 0.225433559292498 0.516785262985826 1.46472943398259 3.44667174017163 -3.53837499066758 0 0 864 0 0 0 0 0 0 0 0 0 0
10 -1.77408268403495 -1.21984817252518 -0.312776039718696 -2.56177492974054 0.701159381461258 0.0609771898811068 0 0 865 0 0 0 0 0 0 0 0 0 0
10 -0.712995991353992 -0.490167026296206 -0.356390033408674 -0.352197518825712 -1.47707287751016 -1.42973319434636 0 0 866 0 0 0 0 0 0 0 0 0 0
10 -13.78914456328 24.7534923237562 1.9518829685035 0.566387198939688 -0.0179854643913549 0.390566601789153 0 0 867 0 0 0 0 0 0 0 0 0 0
10 0.176409947235809 0.225237589146443 -1.11347845586698 0.46114834562791 0.945753002900644 2.44796799854469 0 0 868 0 0 0 0 0 0 0 0 0 0
10 0.219681543001457 -0.799316949849727 0.017073147195217 0.186073595311324 4.97574673656313 0.761691283436855 0 0 869 0 0 0 0 0 0 0 0 0 0
10 -0.159179547229564 0.102197070461415 0.656515697999238 -1.633286006639 1.49033610190973 -0.216521622116946 0 0 870 0 0 0 0 0 0 0 0 0 0
10 1.04141355152089 -1.18852716059157 2.01337152412722 -0.546922531749385 -0.1910956904164 -0.309421999492474 0 0 871 0 0 0 0 0 0 0 0 0 0
10 0.0303404230477754 -0.819791435564537 -0.868472007139232 -0.724597983748643 0.0245021776474704 2.39046095341537 0 0 872 0 0 0 0 0 0 0 0 0 0
10 -0.136914664475167 -0.224639025404684 0.138842295731174 1.5052210387989 4.67386698197277 0.198888381160424 0 0 873 0 0 0 0 0 0 0 0 0 0
10 0.0748085528404959 1.21836783125551 -0.16035610876654 1.96761397182636 1.90647441012617 -0.220777731554321 0 0 874 0 0 0 0 0 0 0 0 0 0
10 0.764176382622603 0.693950252427683 0.894432031903865 -1.07761611362716 0.509818180221219 -0.653658468016834 0 0 875 0 0 0 0 0 0 0 0 0 0
10 0.150143151414814 2.92211606670273 1.8247587470505 -0.526707928117882 -0.544666061154975 1.34894438850699 0 0 876 0 0 0 0 0 0 0 0 0 0
10 0.726011656373022 0.58269869569299 -0.646856598221364 2.54953907280775 -1.21232113672754 2.01948547561683 0 0 877 0 0 0 0 0 0 0 0 0 0
10 -0.286089421823294 0.28739004495185 1.7752263315234 1.13371543313831 0.706837104363298 1.19650651048514 0 0 878 0 0 0 0 0 0 0 0 0 0
10 -1.12849427936176 0.0181010086030367 0.0453388414082024 0.813266191279459 -0.635192189791891 1.59929908377519 0 0 879 0 0 0 0 0 0 0 0 0 0
10 -0.54441696798906 0.0813766414069933 0.727998362001041 2.2637283452212 1.21303585429788 3.23438466681896 0 0 880 0 0 0 0 0 0 0 0 0 0
10 -0.311045194871806 -0.376487244940552 0.107713659621632 -3.30201195964319 -3.94609240433095 1.06566477801833 0 0 881 0 0 0 0 0 0 0 0 0 0
10 -0.256923853472025 -0.546629456075683 -0.17363499891454 2.54027737850753 1.30712113022923 1.83136103439595 0 0 882 0 0 0 0 0 0 0 0 0 0
10 -0.306354062129178 -0.248476194727252 0.733249742752188 -0.848960354913058 -0.195699946889683 0.0150270493796693 0 0 883 0 0 0 0 0 0 0 0 0 0
10 -0.655419514376646 -0.420684970529929 -0.207653582973276 -0.00548335771877366 1.68762433428524 -0.881607184999519 0 0 884 0 0 0 0 0 0 0 0 0 0
10 -0.370020843478162 -0.417625474173904 1.49754950825609 -0.62027415693719 -1.32268613530044 -1.36830135274316 0 0 885 0 0 0 0 0 0 0 0 0 0
10 0.177747144744223 1.04614543051293 0.133555530148511 -0.125049821307148 0.842908685952595 -0.493967084171303 0 0 886 0 0 0 0 0 0 0 0 0 0
10 -0.253513970414697 0.589994723473843 1.58110527359082 -0.0159064262406738 2.75754631033344 -0.414478356886354 0 0 887 0 0 0 0 0 0 0 0 0 0
10 -1.77312129444147 1.75900012448304 -1.14825220848944 0.230519339248577 0.647894466378768 -0.831942940487667 0 0 888 0 0 0 0 0 0 0 0 0 0
10 0.856988754475153 -0.609499789800575 0.238811382371074 -1.74077264944494 -1.78457027016342 0.694357141180566 0 0 889 0 0 0 0 0 0 0 0 0 0
10 -0.164537805288172 -0.12520394053693 -0.0041674929055099 -3.56998145577139 -3.03506958530335 2.78789493457394 0 0 890 0 0 0 0 0 0 0 0 0 0
10 -1.42186968567336 -1.5172138348063 -0.185986354401081 -1.79434402524618 1.22760193938595 -1.19743779989671 0 0 891 0 0 0 0 0 0 0 0 0 0
10 4.29454973675669 0.111292898248495 0.587761300267855 -0.619650030196968 0.720956473144875 0.604824978576346 0 0 892 0 0 0 0 0 0 0 0 0 0
10 -0.0898856347618149 -0.437705088343958 0.401645395023711 -1.4899476970999 -0.839307326908103 -2.96949910131834 0 0 893 0 0 0 0 0 0 0 0 0 0
10 -0.049717349283391 -0.181753852147019 0.961502859564801 0.933066894469899 -4.73147812044496 -1.07746707267362 0 0 894 0 0 0 0 0 0 0 0 0 0
10 -1.17991619946591 -3.20371741284914 0.990066449837398 -0.459574529702087 2.04017288295656 0.328088988919632 0 0 895 0 0 0 0 0 0 0 0 0 0
10 0.142404368829767 0.145617052267628 0.150427226869929 0.663583875524501 -1.94815265811359 -1.35504306784089 0 0 896 0 0 0 0 0 0 0 0 0 0
10 -0.34152704510395 -1.32261195788142 -0.772452695118059 -0.682007001743236 -0.0160109331696455 0.644815358537773 0 0 897 0 0 0 0 0 0 0 0 0 0
10 -0.585276439729643 0.377644370174745 0.610972267298762 -0.79843613737823 -4.25106094290055 -3.21182742245443 0 0 898 0 0 0 0 0 0 0 0 0 0
10 1.95590328960413 0.96890035473942 -0.0147968748910411 2.36884159021223 -0.024452343668933 -0.880940801465002 0 0 899 0 0 0 0 0 0 0 0 0 0
10 0.451757810294119 -0.37954941378698 1.54540962077376 0.342894404658594 -0.969740777589108 0.437633487771376 0 0 900 0 0 0 0 0 0 0 0 0 0
10 -1.29991655100312 -2.74830030548986 0.514804880658605 1.17818022935551 -0.181759628235225 0.963065683209221 0 0 901 0 0 0 0 0 0 0 0 0 0
10 -0.0351995811191333 0.444978575091616 0.0232406963218076 0.383869730334007 -3.86853136151936 -0.911247522599662 0 0 902 0 0 0 0 0 0 0 0 0 0
10 -0.432237737654049 1.73741382548901 -1.21297614574404 1.25556315921505 1.55570644615628 1.23463913299246 0 0 903 0 0 0 0 0 0 0 0 0 0
10 0.456922879207263 -0.815915539610105 -0.304510332213413 -1.40435122600235 1.44009777204379 -1.43686550368769 0 0 904 0 0 0 0 0 0 0 0 0 0
10 0.974191638093768 -0.0600186067677129 0.358586472140976 3.18661370035782 -0.281466113344547 -0.683964071156599 0 0 905 0 0 0 0 0 0 0 0 0 0
10 -0.350416005577454 0.52823801554237 -0.670495254622487 3.08345187900926 1.30212226630674 -1.49775756219521 0 0 906 0 0 0 0 0 0 0 0 0 0
10 -0.269144266945804 0.306739133102894 -0.41440341991089 -0.0252848441840719 -1.46300859857408 1.53678655444078 0 0 907 0 0 0 0 0 0 0 0 0 0
10 -0.599456977804105 -0.519287257072848 -0.133497514675856 0.474365936033345 -0.648729081088642 0.651594434799031 0 0 908 0 0 0 0 0 0 0 0 0 0
10 -0.207590847267408 -0.390484012011075 0.180971933303588 1.53962859799173 -2.09595195047514 2.28421449470757 0 0 909 0 0 0 0 0 0 0 0 0 0
10 0.812383377488543 32.5772534311979 -13.3532649882263 -0.233549333150421 -0.192800412425863 -0.543471743563974 0 0 910 0 0 0 0 0 0 0 0 0 0
10 2.36825677213575 0.877114392126998 2.51919527538189 0.100235205959421 1.3515489015757 -0.130210863289486 0 0 911 0 0 0 0 0 0 0 0 0 0
10 -0.0966647820279599 -0.266557364259109 -0.169354737058903 1.09941562206474 4.27209779953075 1.49059492314288 0 0 912 0 0 0 0 0 0 0 0 0 0
10 -0.242444461986122 -0.787397582636761 0.407014854499624 1.38075299737304 3.67313070237241 -0.348850796035593 0 0 913 0 0 0 0 0 0 0 0 0 0
10 -0.940440880377499 0.3570895231375 -0.493232801798721 -0.559115254921745 -0.36327251003237 0.41412452782904 0 0 914 0 0 0 0 0 0 0 0 0 0
10 -1.76873635448054 -0.251231657050468 0.241042964521165 0.970724814516965 1.22846974695691 -3.87951340520645 0 0 915 0 0 0 0 0 0 0 0 0 0
10 0.141114934258117 -0.0995367302625802 0.240953746367166 2.76726614598943 -0.30822864832384 3.63626461689729 0 0 916 0 0 0 0 0 0 0 0 0 0
10 2.1920562299287 0.444158228038999 -0.196155289746411 1.48648151447462 -1.74115290530297 -1.63154450660602 0 0 917 0 0 0 0 0 0 0 0 0 0
10 0.409807325073553 -0.220191691146366 -0.15311424412087 -2.48715811292747 -1.49914495405645 1.7619777216847 0 0 918 0 0 0 0 0 0 0 0 0 0
10 0.644545625509221 1.29254223251411 0.214277942616691 2.48237601576459 -1.53967667339629 0.0309950215417135 0 0 919 0 0 0 0 0 0 0 0 0 0
10 0.685576491232616 0.171418072814954 0.930323987842337 2.16906354614742 3.62392379440402 1.48239262494495 0 0 920 0 0 0 0 0 0 0 0 0 0
10 -0.136583860748749 0.253427928917176 0.529884009795046 -3.53370602539123 -0.210608122603358 -0.561318265621142 0 0 921 0 0 0 0 0 0 0 0 0 0
10 -0.673660530056955 -0.152066331170575 0.370793118579695 -1.20467724302945 -2.35672829567622 0.357319909668597 0 0 922 0 0 0 0 0 0 0 0 0 0
10 0.721557163791434 0.458525497788428 -0.762796778175917 -1.08702607920487 -0.25579150496912 -0.266013532239714 0 0 923 0 0 0 0 0 0 0 0 0 0
10 0.58496277084454 0.250719418791954 0.0394640153698641 1.65678067587014 1.20055468044793 -2.40125585881158 0 0 924 0 0 0 0 0 0 0 0 0 0
10 0.988704554823431 -0.585851319597095 0.082096693392575 -0.846536960317608 0.149425702270583 -0.541921454872411 0 0 925 0 0 0 0 0 0 0 0 0 0
10 2.13540656783182 -0.20175853660709 0.169938949640857 -0.660715926956843 -0.286307760441367 0.561446301837892 0 0 926 0 0 0 0 0 0 0 0 0 0
10 -0.563044368332592 -0.0352683327695453 -0.301735013103246 -1.36079278115631 1.3748722161591 3.50607379787732 0 0 927 0 0 0 0 0 0 0 0 0 0
10 -0.680287813410905 -0.505818486439344 0.39428520864382 0.746391921688915 0.854773057187972 1.30515177095555 0 0 928 0 0 0 0 0 0 0 0 0 0
10 0.761429147131225 -0.0369966917337706 0.342235846502322 -3.49495062697031 -0.727717094349611 1.18623944329297 0 0 929 0 0 0 0 0 0 0 0 0 0
10 1.36641293872959 -0.683553143267886 0.265310144500879 -0.807731841212915 -1.51175582884053 -0.672340799747548 0 0 930 0 0 0 0 0 0 0 0 0 0
10 -6.10764786674874 -4.63159154749747 8.82770839995709 1.02691432229379 0.0512486895388039 -0.785840369107074 0 0 931 0 0 0 0 0 0 0 0 0 0
10 0.0412919910128566 0.187267143785977 -0.325845140755065 1.08434286685346 -0.573998263941738 -2.58848380930195 0 0 932 0 0 0 0 0 0 0 0 0 0
10 0.500344990723817 0.42745336902524 0.583963921487865 -3.59173449089119 -1.09468852662076 -1.0382958723328 0 0 933 0 0 0 0 0 0 0 0 0 0
10 -0.536468881296152 -1.15285886461599 -0.805175040390292 2.4348796414503 -1.23134902925513 1.05421432678635 0 0 934 0 0 0 0 0 0 0 0 0 0
10 -0.0903476350262882 -0.0575118490679716 -0.115811053830258 -2.14763192917297 -3.34265776817858 3.38867123701662 0 0 935 0 0 0 0 0 0 0 0 0 0
10 -0.40403248337824 -0.116511251944572 0.612953600300639 2.41305799180375 1.89572147210578 2.03198280702426 0 0 936 0 0 0 0 0 0 0 0 0 0
10 0.0976804400407572 0.116440362059459 0.904616625046538 0.0838882402846558 1.28775007623448 1.40810655986395 0 0 937 0 0 0 0 0 0 0 0 0 0
10 0.687261589356025 0.504741107847026 -0.325283049283887 1.34700510962628 -0.307543013221539 -1.9096054235543 0 0 938 0 0 0 0 0 0 0 0 0 0
10 2.3623099863408 -3.52604917697799 1.14779932524285 1.34758278612252 -1.46918319238212 0.425455196467055 0 0 939 0 0 0 0 0 0 0 0 0 0
10 -0.404512665903999 -0.615657511124204 0.739543835960949 3.38990519870909 -0.63414684105644 -0.00982635998176981 0 0 940 0 0 0 0 0 0 0 0 0 0
10 0.139276780067475 -0.144300033810044 0.110915628592872 -0.85381810244671 -1.74121849732444 2.08123111833756 0 0 941 0 0 0 0 0 0 0 0 0 0
10 -0.278700836009985 -0.456776881861776 0.426914467877476 2.00423304332988 0.364146069932148 0.82787280352821 0 0 942 0 0 0 0 0 0 0 0 0 0
10 2.10807291577209 -6.57125745960805 -0.534247766842407 -0.157612488434363 0.550025226218194 0.1616384302716 0 0 943 0 0 0 0 0 0 0 0 0 0
10 1.12910221276371 0.16419165652075 0.397961438204633 1.64621450591591 -0.224092301792129 1.12442446424039 0 0 944 0 0 0 0 0 0 0 0 0 0
10 0.248827983518421 0.208814277711786 0.299316495490807 0.521508802009364 2.2874885934301 2.81037131259337 0 0 945 0 0 0 0 0 0 0 0 0 0
10 2.00937026304986 5.57623388315218 3.70084942067515 -0.481770318770793 -0.130162948119709 -0.259817494565378 0 0 946 0 0 0 0 0 0 0 0 0 0
10 0.435563944825363 2.24411729292518 1.8835496229298 0.404465245326659 0.316688748094321 -0.397718510670307 0 0 947 0 0 0 0 0 0 0 0 0 0
10 -0.706842282767169 0.509945339485622 0.0508144561567238 -0.21822974819949 -2.05116295853061 -4.78051794969589 0 0 948 0 0 0 0 0 0 0 0 0 0
10 0.671253772496548 -0.190411479423229 0.669415607652628 3.04668027125751 1.24867526600946 -1.81369334000527 0 0 949 0 0 0 0 0 0 0 0 0 0
10 -2.51595920328085 0.427895895504974 -0.151183327906257 -1.75924349523426 0.840886333240609 -1.31951812056317 0 0 950 0 0 0 0 0 0 0 0 0 0
10 0.669938385944812 -2.32309431530862 0.746511498543535 1.25801400708651 0.263006268093799 -0.276265371616917 0 0 951 0 0 0 0 0 0 0 0 0 0
10 -0.71512942700243 -0.778193706655942 -0.98592496348603 2.22557384470947 2.37994957624079 -1.90950099356236 0 0 952 0 0 0 0 0 0 0 0 0 0
10 0.774660829378713 -0.207386439152371 -0.45933882518676 -1.37424325522202 1.19095728864792 2.07612294520782 0 0 953 0 0 0 0 0 0 0 0 0 0
10 -0.191304109787821 0.449115870510154 -0.54575276612336 -2.1248744504771 -1.58842544994802 0.606491657415463 0 0 954 0 0 0 0 0 0 0 0 0 0
10 0.13946034779114 -0.248968751588304 -0.617637783133201 2.28609578586863 2.76509700694107 2.04560184896926 0 0 955 0 0 0 0 0 0 0 0 0 0
10 -1.91196776385031 0.334935414393848 -1.30470533447365 0.149229775710228 1.51135788714494 -0.119477805546138 0 0 956 0 0 0 0 0 0 0 0 0 0
10 -0.946831780108254 4.96402855833605 2.86353487454767 -0.0970603529613504 0.513845672463971 -0.565126046204234 0 0 957 0 0 0 0 0 0 0 0 0 0
10 1.35251855123098 -0.367342308681827 0.655471908930942 -2.59126691925508 -1.2412614076789 -2.76113029836061 0 0 958 0 0 0 0 0 0 0 0 0 0
10 0.287523242098238 -3.65177827754161 1.00238566735639 0.150939993396211 -0.822812945445337 0.369266311241274 0 0 959 0 0 0 0 0 0 0 0 0 0
10 -0.574183193814471 0.434251979213582 1.34902206675229 0.329028453023351 1.93898866005533 3.13458984873348 0 0 960 0 0 0 0 0 0 0 0 0 0
10 0.536376629250071 -1.38077877798686 0.833024405383841 -1.37096406007473 -0.0149199369913313 -0.275377123477744 0 0 961 0 0 0 0 0 0 0 0 0 0
10 -0.65612616158699 -0.189276819705892 -0.606802320285215 -0.0709833139488966 -2.93343662555989 -1.86583619913987 0 0 962 0 0 0 0 0 0 0 0 0 0
10 -2.64740216141124 2.21333527623569 0.978637844572986 -1.50692522431857 0.510849202111167 0.950899057616031 0 0 963 0 0 0 0 0 0 0 0 0 0
10 0.139837940170908 -1.25694173782006 1.34659119432199 -1.46749467489111 3.37560887524671 0.856396045654215 0 0 964 0 0 0 0 0 0 0 0 0 0
10 -1.85260829546326 -0.868454125005247 -0.0133004352025141 1.18047796959334 0.751676529311628 0.846945064810819 0 0 965 0 0 0 0 0 0 0 0 0 0
10 0.626290648844448 -0.565264462056562 -0.783179386083098 -1.61111111706054 3.92848812722298 0.192717228279456 0 0 966 0 0 0 0 0 0 0 0 0 0
10 0.547250708918332 -0.145978956798792 -0.39048851434619 -1.69118503038688 0.12080901227529 -0.193389020202585 0 0 967 0 0 0 0 0 0 0 0 0 0
10 -0.262541396032057 0.126550971732333 -0.444550029597733 -0.148047767714587 -0.0186758620128279 -1.12010665337144 0 0 968 0 0 0 0 0 0 0 0 0 0
10 0.344466193431125 -0.307894637631517 -0.264063904541034 -0.215222820738953 3.4623338640797 3.11507125519916 0 0 969 0 0 0 0 0 0 0 0 0 0
10 0.132992879753709 9.02903992087485 -0.879533660109182 -0.385579417442366 0.715884178157961 1.08048470798254 0 0 970 0 0 0 0 0 0 0 0 0 0
10 0.300098588724563 -0.536398044691883 -0.528293778354822 -1.10685311102662 2.60133284360008 -3.72152776679438 0 0 971 0 0 0 0 0 0 0 0 0 0
10 0.623259248349164 -0.501032645257951 0.130142668763578 0.187084446260523 2.06282621295531 3.1944840233856 0 0 972 0 0 0 0 0 0 0 0 0 0
10 -0.360074744856451 0.50354027496017 -0.799283024658836 0.19259012622865 0.351895407688679 0.117751654402638 0 0 973 0 0 0 0 0 0 0 0 0 0
10 1.10447628623888 -1.79028589425779 0.699791673620918 0.972624395648572 -1.94227812785896 -0.533490280124792 0 0 974 0 0 0 0 0 0 0 0 0 0
10 -0.633533861551584 0.882211756559952 0.171804327706388 0.999739681095156 1.99700662783324 -0.612924772737688 0 0 975 0 0 0 0 0 0 0 0 0 0
10 0.17135660897423 -0.0757028890453527 0.541233890731712 -0.814563924810133 -1.00892729800685 -0.784500642542299 0 0 976 0 0 0 0 0 0 0 0 0 0
10 -2.36427754047825 6.68656418729652 2.97124489475262 0.491240598733612 -0.239367721347534 -0.678432101173245 0 0 977 0 0 0 0 0 0 0 0 0 0
10 -2.76166851076317 -1.77140587672104 -1.6808100218256 0.114160073000572 -0.792010485844775 2.39509791999456 0 0 978 0 0 0 0 0 0 0 0 0 0
10 -0.747046322596112 0.326021592235922 -1.73323598258375 2.07533222056009 -1.61998009217115 2.27749025539472 0 0 979 0 0 0 0 0 0 0 0 0 0
10 0.0013446087408831 0.006710319261152 0.354014487465202 1.20537286434245 -2.8873363717556 4.87088381993217 0 0 980 0 0 0 0 0 0 0 0 0 0
10 -0.77495896508611 -0.305090529927605 0.949351053246731 0.109607229573994 -0.203320176507607 3.54140711635507 0 0 981 0 0 0 0 0 0 0 0 0 0
10 -0.637254136370661 -2.26055939405274 -1.02701412236081 2.48496816151818 2.26566425809143 -1.30299450940078 0 0 982 0 0 0 0 0 0 0 0 0 0
10 -0.637829092339692 0.401069543046561 0.708623762761967 -0.152750318559841 -2.68119725409171 1.19240061716968 0 0 983 0 0 0 0 0 0 0 0 0 0
10 2.59354095744688 -0.650229511495283 -0.146488166419318 1.75587841748474 -0.877317758108394 -0.153711528387306 0 0 984 0 0 0 0 0 0 0 0 0 0
10 -0.805758642455788 -0.197235578859096 0.148551834432892 -0.969922002011553 -3.64020859380607 -2.42886664280121 0 0 985 0 0 0 0 0 0 0 0 0 0
10 0.0792446561593207 -0.121149888610084 0.255160599678436 1.31313756303631 -0.65090512660929 -0.416256297797142 0 0 986 0 0 0 0 0 0 0 0 0 0
10 0.327331899307041 0.524785867779526 -0.698203065478212 -0.968783168077852 2.31889974000553 1.01436866260702 0 0 987 0 0 0 0 0 0 0 0 0 0
10 -0.166927686418471 0.164838995175442 0.36685329175666 1.71506216380065 -0.493902912286632 2.75276138035587 0 0 988 0 0 0 0 0 0 0 0 0 0
10 -0.111939667840978 3.06723105724343 -0.880798123549752 -0.159375951419166 -0.49146615482064 0.741611326234595 0 0 989 0 0 0 0 0 0 0 0 0 0
10 -0.553123172337255 0.60900220010208 -0.789862871549238 -3.53456155466475 0.579823228290791 0.0939584636148581 0 0 990 0 0 0 0 0 0 0 0 0 0
10 -2.06346946269925 -3.25165124075435 -1.10052598397026 -1.0282079505062 0.896102643073467 -1.27777317468897 0 0 991 0 0 0 0 0 0 0 0 0 0
10 1.82829244245515 -0.359897509898227 -1.88316867094594 0.185742476297788 1.96812905554635 -0.382297225490034 0 0 992 0 0 0 0 0 0 0 0 0 0
10 -0.52668842342925 -0.256445741994145 0.325363661752046 -3.4781374105906 -0.664744051702763 -0.836345266049863 0 0 993 0 0 0 0 0 0 0 0 0 0
10 0.404556729570444 0.367905108144214 0.595691310850149 1.3905488479015 -1.90267774275112 0.880076935861653 0 0 994 0 0 0 0 0 0 0 0 0 0
10 -0.148143345540398 0.381059328455656 1.0087043546497 0.749322125791871 -0.235643688970091 1.34337695711465 0 0 995 0 0 0 0 0 0 0 0 0 0
10 -0.263031159547542 0.490619482622546 0.064482708718605 -1.44392299683022 0.523795934410391 3.63827727226172 0 0 996 0 0 0 0 0 0 0 0 0 0
10 -1.64114259277043 -0.515922814327817 -0.246770344028204 -0.211454198928906 -0.781868587526816 2.2279161356559 0 0 997 0 0 0 0 0 0 0 0 0 0
10 0.539080673121564 0.348771336661254 1.69044920329754 -2.98852023953663 0.174449874208117 -1.3235775424503 0 0 998 0 0 0 0 0 0 0 0 0 0
10 0.1952744503873 -0.933373157686756 -1.01903562847208 -1.59059288115114 -1.47822023419452 -1.89055332565922 0 0 999 0 0 0 0 0 0 0 0 0 0
10 0.0002199312734092 -0.480264214638624 -0.541537697805014 1.65498282344361 -2.27777936017933 2.39127600561534 0 0 1000 0 0 0 0 0 0 0 0 0 0
