0.9999999999999999	0.4529210987100854 -0.8329248991058421 -0.3614476619782619	-2.0061777670217049 0.4710084681027117 -1.1787120775572228
0.9999999999999999	1.7642757305253205 5.6130559047578252 -1.4573219430914901	0.4723057403650991 -2.0067712715918113 0.0291435370383359
0.9999999999999999	-0.6681180590677267 -2.8976027869193901 1.2962559000896874	0.6484692975238713 -0.6521143088528134 -0.2275589299362886
0.9999999999999999	0.3497793395439270 -1.2727227447488141 -0.5340818809673074	-1.6399419205853867 -0.9606140884923798 -0.1010574306449699
0.9999999999999999	0.0486542065978352 0.1759939522182870 -0.1982878741884070	-1.2404523683144373 -2.3354676905321012 0.0713681839833366
0.9999999999999999	0.1694913253386038 -0.3807468572083911 -0.1849503221322506	3.2786169946240848 -4.0916279026307940 1.6941631160300183
0.9999999999999999	1.4873794189080258 -0.3745428869286028 -0.6881003032249832	-0.4216129502673972 0.3546175812964330 -1.2609305772250152
0.9999999999999999	0.1476623309335482 0.2336665033661920 0.0044172151581980	0.8953899184595701 -4.4293041775195006 -1.6072958446653971
0.9999999999999999	-0.4175168705239386 -0.1853409223945677 0.7129324716318289	3.4680177472574463 1.6664215488885386 -1.8329858445272784
0.9999999999999999	0.2968777824982508 -0.0492145489136389 0.2791353131532907	-0.1896437973584875 -4.7198179628676167 1.2130361460242949
0.9999999999999999	-1.7586204157669747 -0.3616140245060318 0.0901954846510354	-0.3408127349536443 1.3372782610283525 0.8058389972630630
0.9999999999999999	0.3365518596001338 -0.2483515507158671 -0.5433234086217607	1.7818548477090366 -2.3903334849406810 1.0465787278170744
0.9999999999999999	-0.8776293499893628 0.1070199673407250 0.2152523025738772	-0.2308143769356863 -2.3591820037634195 -1.2869334065740370
0.9999999999999999	-0.3741425893862985 -0.4188565721351433 0.2564587552586880	-0.3534056094893656 2.5714805648241832 1.3923341950532175
0.9999999999999999	-0.2730683658153134 -0.0658407522465903 -0.5027715032882536	1.8573203943684424 -0.4737039265384748 -0.1715876902511916
0.9999999999999999	0.0416542070646491 -0.4324206476906881 0.1674113007204156	-3.2153353640407323 -2.4961249596100514 0.6174760478885427
0.9999999999999999	0.9710325015367648 0.4298297637608250 -0.3030914462892965	0.1641462629302396 1.9812150358516418 -0.8068263171339558
0.9999999999999999	-0.2722798868563904 0.3761039643299113 -0.2351877372654999	1.9536859974835832 0.8627609808225899 -3.3239511469138887
0.9999999999999999	-0.9853165368333762 -0.0892547792510435 -0.2148253123944517	0.3984895642853635 -0.0322193820504776 0.9270085385901653
0.9999999999999999	0.3046609820993795 -0.5461703538752138 2.3165399733575933	-1.7278595467549578 -1.9819819769573817 0.7948535931189737
0.9999999999999999	-0.0386081174402512 -0.0151212715260231 0.2541096907944794	-1.6427894679164379 -1.5657903639754345 -2.2201853088474937
0.9999999999999999	0.6453658290472650 0.2037080112846544 1.2776008231876439	-1.7430872762097454 -0.4116110110739520 -1.4513739610506358
0.9999999999999999	-0.1983738645325674 -0.2585231162740838 0.5660721490548699	-3.4378948583631241 2.4665507644841664 -0.3365952663267553
0.9999999999999999	-0.2822649297842451 0.0190518230801973 0.4159996321468616	-0.0993192474794060 -3.2136222273611468 -3.5095755013634347
0.9999999999999999	-0.0951710893356682 0.0029254866735562 0.0026408985511398	-0.0052622158422127 -3.5659320128031542 -1.2409845316950663
0.9999999999999999	-0.3491495674639573 1.1920179849766319 0.3928764974439872	-1.3499308382512636 -1.2059895346581611 -0.4669507030541896
0.9999999999999999	-2.8897554464739597 -1.6234351504536018 1.7552500334833669	-1.2801026100863222 0.2484016516689006 1.2528602096600805
0.9999999999999999	-0.4566657960666582 0.6690322144481835 -0.5691367910604205	0.3876886117221995 0.4265720359113013 0.4068533747311162
0.9999999999999999	-1.1158904900588000 0.0846641748033539 -0.7651206128858244	-0.9438230257564387 1.4978936058071821 2.0453863237452659
0.9999999999999999	0.2842628224019418 0.3179568503387003 -2.1270452784297205	-1.7116540833043459 0.5064361118115579 0.6393013891882842
0.9999999999999999	0.9955201084902445 0.2995666978294679 -0.1426199888787545	0.6380754474652225 0.6646256161158620 -1.7150666773076639
0.9999999999999999	0.4209361278535452 -0.8033016672079077 -0.2142493738732892	0.8008385383585649 0.5924470105970672 -1.6941118309519312
0.9999999999999999	-0.2074555493907239 -0.1878099019401493 -0.4840856391433351	-2.5010755193319190 -0.9631090015270881 -0.3218384918976137
0.9999999999999999	1.1021778355092728 -0.2597586282979451 0.3777406663499815	-0.2930282722094410 1.6826522598741402 1.5718894188419330
0.9999999999999999	1.7654924145507847 -0.1385898548817902 0.2020598748506078	0.1231208480109334 2.3957310621952570 1.7783484735143025
0.9999999999999999	-0.3601391207595465 -0.1159811437328371 0.3333986309425318	0.3852819545107467 0.6850185618305050 1.3589468590854594
0.9999999999999999	0.0992555495397081 -0.5982224107964056 -0.6796310611343876	0.1397241108673768 -2.4481513492932008 -0.6022975803861550
0.9999999999999999	0.5319098904294495 0.4575748647949613 0.2968023635026806	-3.3853972359895983 -1.6125293856999272 0.4476467549177798
0.9999999999999999	-1.0359254262995474 -0.5144957147964735 0.3209510538433395	-0.5022573956173216 -2.9802262802670803 -0.0666756684107715
0.9999999999999999	0.4922278682599229 0.9241383509870095 0.8594107690671764	1.0772541249030947 1.9386735262668728 3.0857485412987260
0.9999999999999999	-0.7983804378610790 -0.9397609275481384 -0.0088905895223395	-0.0744591249438205 3.6682965131967316 -1.6152232707621876
0.9999999999999999	0.2308432055466060 -1.8433743127533755 -0.7833121572139135	0.4552046053212969 1.7274013407151068 -0.3183819794749647
0.9999999999999999	-1.7509391286759672 -0.6577844018349951 -7.2259645098791525	-0.6500677258930542 -0.4930354564615065 0.7357169249570509
0.9999999999999999	0.0007503426117762 0.1671296398856375 0.2805628516176684	0.0899949331746521 3.9948934068654673 0.0233318107027392
0.9999999999999999	0.4536999382266748 0.3011289868329565 -0.8224544786337655	2.1967839356359953 0.9091525255069499 -1.2991313809081231
0.9999999999999999	-0.0419629623152735 0.0086219413539227 0.6622754290067691	-1.7875519509369355 1.7470264986962740 1.4638465956921662
0.9999999999999999	-0.3166306276384050 -0.3184656164892779 0.3223858089104664	-4.2652678796681345 1.0529779039032088 0.8667024308053418
0.9999999999999999	-1.6994808127811118 -1.1119246371538170 -0.0902146443711174	-1.2811183744978309 -1.7158615023533645 -0.7025490695509647
0.9999999999999999	0.2900274260334751 1.2210397551847105 -1.2839972548251954	-0.7177572943741329 0.2215419251141929 1.7208774781724858
0.9999999999999999	-0.8624701077466371 -0.9880630754993021 0.2461227659461197	-2.4080969299933042 0.0714345158202274 -0.3388821251145969
0.9999999999999999	-0.1850979971627024 -0.5262897322270600 -0.3229982665730026	-3.7659227962340811 2.8619793613416675 -0.5062711532989107
0.9999999999999999	-0.1405274633209496 0.1276925803462195 0.5752905505002294	1.5860307149998785 3.7096964174719336 0.0421991068057541
0.9999999999999999	0.2461148634139072 0.9063032307333923 0.9073413662871107	0.4477114466397212 -2.3601988643352150 -1.1032757750121629
0.9999999999999999	0.7083174031866267 0.4422399116811286 0.6230216877836421	2.3077973227170880 1.3045703699410749 -0.0852879539824858
0.9999999999999999	2.5100822607575992 0.7363734211151353 -0.0163626307377730	0.6677097644632091 -0.3814052334393168 -0.3592822328497192
0.9999999999999999	-0.6027109865112970 0.3575976785677396 -0.0295801076010067	-0.6381394701518155 -4.8278670144279623 -1.2500747002726267
0.9999999999999999	-0.1876470816208260 -0.6223309172048679 0.8142485208781995	1.0289524817772475 1.2012406382287792 0.0296022092163573
0.9999999999999999	-0.1737955426813084 0.1127244788179961 0.5527509690323967	2.0041398351595818 -3.9221939651362363 0.8560783495067577
0.9999999999999999	0.9003550531366553 -0.7451507882218046 1.1782376744414120	0.4512728480011231 -1.6096989958742816 -2.3695346684067329
0.9999999999999999	-0.3052310693653199 -0.0246411322633844 0.1658452908333352	-2.2899875897719011 -2.8707871246410201 1.1704256943944207
0.9999999999999999	-0.6041479933028536 -3.4433761221926584 0.1970452202034274	-1.0429701362813995 -0.6263677575724746 1.6523806215473764
0.9999999999999999	1.2053616300725707 -0.4789854368176092 1.4686466263690130	-2.0605673264963773 -0.6829591242243627 -1.9013647871985171
0.9999999999999999	0.3984274600495507 0.0429915284006574 1.3823881435820100	0.6962685089444377 -2.3439065565842414 0.5196482134611258
0.9999999999999999	-0.2837439480746942 0.0662835940240223 -0.2351746437067239	-1.1665320457223192 0.3245810258132660 -2.6998344395239884
0.9999999999999999	-0.6947503452631920 -0.7592101913952235 0.6973740180730638	1.3565871330780424 3.0600436022292175 -0.4792685208232262
0.9999999999999999	1.8501059006254506 -0.7364057465635614 -0.1223918868888377	-1.3179335653909203 -1.0984564249714306 -0.6104397324101248
0.9999999999999999	-0.0539704880836830 1.0437578111904664 -0.0475823830133267	1.5949358005195255 -0.3274246279039794 -0.0117447101361841
0.9999999999999999	0.7497702951777727 -0.1847083607650351 0.5154359423230105	-1.1459364293377681 -0.3187959656129630 -2.7362155541983917
0.9999999999999999	0.4177695539439088 -1.2188754487497526 1.5175643748148446	-0.6257754923286256 1.1183270031432981 1.0268403648953148
0.9999999999999999	0.6708167377843673 -0.1425750014331991 -0.0291214835902071	-0.1702925719901673 1.5708129189422391 1.2138992904147270
0.9999999999999999	0.5953094819711476 0.3861597176218736 0.1219290003064234	2.4601213081766482 1.0023732112168198 2.5791450508307681
0.9999999999999999	0.6130128200712851 -0.0289167625250278 -0.6413784761986779	-0.9083129411000334 -1.3958464587478352 2.2312603803381967
0.9999999999999999	0.7212044073981546 -0.5055712178230490 -0.4842893603778336	1.2831294020262798 1.1531140085621645 0.9200150179380968
0.9999999999999999	0.3102201708384051 -0.6903743262414981 -0.5144589390525502	1.4202892426729123 0.0670437035203208 -3.4924015961913648
0.9999999999999999	-14.0329346105131112 11.7570945133876759 -14.4801600060993252	-0.6043334576980703 -0.1768674432080814 0.8897720460289428
0.9999999999999999	1.2494092655738271 0.7698435255541370 -0.3529893169979952	-0.1619749958094309 0.2870340347623790 -1.1085212068832000
0.9999999999999999	0.5356673942894661 -0.4848814779709154 0.1687950326474583	-2.9317760798434427 1.6840978192109319 3.0617675348578195
0.9999999999999999	-0.8890171885875832 -0.7548692638225861 0.5777519883252732	3.7719184416000875 1.8528786825229990 -0.0905463357500784
0.9999999999999999	-0.2120125545431500 -12.6706575605949059 -2.8198321454114157	0.0508727152396351 -0.1013139966421231 0.8873609326875046
0.9999999999999999	0.5457749227909964 -0.2135407789448091 0.0628222135496094	-1.9810553093016328 1.2218652066835622 -3.9195817712756784
0.9999999999999999	1.1485826803769967 -0.3712603015028216 -0.2529804685220299	-2.3977460892245137 0.9460019678845821 0.8815236386525974
0.9999999999999999	6.7762426004376355 4.7465871312006067 9.3924420780788154	-0.8079414673863482 0.5507189490720101 0.9292784970462145
0.9999999999999999	-0.2563217108403926 0.4122109885642064 -1.2207842741220754	1.8794525797364257 -1.9462160253689920 1.3497702715033606
0.9999999999999999	0.0730042976986254 -0.2092920048001281 -0.3141503683005550	-0.0269661834143649 -2.2900017095842604 0.1938328255307890
0.9999999999999999	0.0458840929592144 -0.1094028848311508 -0.1863021047573966	-1.7255281608722128 2.9449855165086332 2.2884105386520290
0.9999999999999999	-0.7076409910247389 1.1372216886118267 -1.7964696426617162	-0.2062942593385104 -1.0088915640981346 1.2311972742796116
0.9999999999999999	-0.7014486187174117 0.0549730488913588 0.6275808435225101	-3.0949644957668294 -0.7709708788865438 -1.8568324897740502
0.9999999999999999	0.6796495132943260 0.2759728853516334 -0.3754714031223545	0.3342958932907397 1.5222215056596911 1.8501140570606296
0.9999999999999999	-0.0069470126805352 3.3800150811458525 0.4809025353486664	-2.1861830753076719 0.3269143860209112 1.0139063576587064
0.9999999999999999	3.4036110592956526 0.3519434051197670 3.0398869585025698	1.0061721468669462 -1.1344131871426870 0.5519428815176128
0.9999999999999999	0.0878962916912804 -0.1481064810372014 0.6079954757176604	3.4807683990633365 2.8000810588096363 -1.6071229804376286
0.9999999999999999	0.4684879586253764 -0.3985349409062183 -0.9367278729570100	-0.0448576307547013 -0.3913047928652447 0.9205213236153653
0.9999999999999999	0.2635465358522734 1.1076282989169388 -0.2003327260892956	-2.0830606676147947 1.8673220911446364 -0.7693680189567760
0.9999999999999999	0.5033309816692451 -1.1170760895894642 2.7969027849436414	-0.5611734218844416 -1.7529639141650641 -1.1145087896719079
0.9999999999999999	-0.4844212603252657 0.3661192913968037 -0.2563631112917914	0.0823427822510187 -0.1854230523215897 -1.7477318759325862
0.9999999999999999	0.3643930880082136 0.8230959595848408 -0.7095737139832288	-2.4417492065255795 -1.4036321171439492 -1.5398797097058852
0.9999999999999999	0.0013419694200748 -0.0178369052828692 0.2207669357400361	-1.2173635057497083 1.7984341931526531 1.7629255244299911
0.9999999999999999	-1.6281828918433305 -0.0707820598114879 -0.6988103979582854	-1.4816792641268113 0.3972977357920168 1.0956611305447557
0.9999999999999999	-0.2527638027662632 -0.3047018289651562 0.5748041043546723	-0.8991105737819821 2.4818777426675891 -1.8855133347189466
0.9999999999999999	0.0339601472908922 2.1430076882087312 1.3671468480805811	0.9983803469456154 2.0841827840927953 1.4369330312930337
0.9999999999999999	0.7959001762390060 0.1155220431069689 1.8285225440734125	-0.2121834528563004 -2.3194880669582316 -1.5041502358166636
0.9999999999999999	2.6872064961777169 -0.8796814520487134 -3.8140074582111563	-0.9396136479321396 0.3745180210532635 0.6880830896015481
0.9999999999999999	1.0314472425305468 -0.6436454006373431 -1.7537550021802013	1.0211046643714432 -0.6935532044230365 0.3571902727954289
0.9999999999999999	0.3528405337144351 0.0462972777545115 0.2413534874628070	-2.8530689698389136 -4.2255420525800131 0.4809635817847298
0.9999999999999999	0.2474572243828255 0.0047831805300164 0.2397494514731414	-1.6548401318012118 -2.9316932997941993 -4.4524516636334548
0.9999999999999999	-0.9142872312181760 3.1357251536118156 0.7266257191113731	-1.6453871587864133 1.4699103516193228 -0.4637245668858386
0.9999999999999999	-0.5725429271923378 1.2611028111986793 0.3738781028565463	-1.7773802586625778 0.4558977921089025 -2.0081957529738341
0.9999999999999999	-2.7976980630539323 0.3083765595053365 0.6716559175884920	-1.0139690678998416 0.1918646917910099 1.8445570062286827
0.9999999999999999	-0.4120988498325897 0.3506765207266441 0.7708186403935239	1.7738802086595700 -2.4590741834041756 0.2792262406925409
0.9999999999999999	0.1090631041292457 1.3134379012464419 -0.1612390567333364	1.2396834005712434 -1.6922259994383042 2.3519419822408638
0.9999999999999999	0.1315028741191733 0.8351043860324795 2.0521820148452092	1.1226520615439231 -2.7006420980295061 -1.0728997644537646
0.9999999999999999	-0.3631913243857932 1.2746316471368344 0.3231951580183933	-2.6733599496975340 -0.1098831634684854 -1.6462888006521321
0.9999999999999999	-1.8726450505204955 5.4931526043475571 -5.3057975446616732	0.1992114459735334 -0.8618737520282044 -0.7822832854100756
0.9999999999999999	-0.5367381467977828 0.1732634265142856 -0.0805277295660158	-2.0037881244862801 -1.9938240021779370 0.7430296464971494
0.9999999999999999	-0.6023546000711955 1.4387433977868525 -0.9249228215701991	-0.3482836599515787 3.1122104176187886 0.8824183747825435
0.9999999999999999	0.5284639350768829 -0.0306858958265366 -0.1280490988367542	-0.3268969697067427 -2.8874742340911408 1.8984583958883992
0.9999999999999999	-3.1506224345579379 3.4989557568535714 -0.3812961963235429	1.1198961545613662 0.0218380277872603 0.4236196764129315
0.9999999999999999	0.5175650941354361 0.2181826631258260 0.5390318712789498	2.2033679879094383 0.1631329260843406 1.8010544967860513
0.9999999999999999	-0.8529261676496606 0.8062739674487321 0.0033820843954998	-4.4744080059638218 0.7169128164454605 -2.0281653612412232
0.9999999999999999	-0.7152417197126445 -1.5083526472026603 0.4624348152159358	-2.1774454813890212 2.1826724714416410 -1.2545632874769950
0.9999999999999999	-0.9504220836394296 0.1340028768224638 -1.1650783882265581	0.9711140321911061 -0.2353782841866020 -0.7367336329024536
0.9999999999999999	0.2532220828130649 -1.2735336957503305 -0.0038776308490631	-0.0148232540797857 -0.2093029925951997 2.3181004043315907
0.9999999999999999	1.0063064614887123 -0.7099111707254834 -0.0383213699477262	-0.8773269328786866 -2.9062753761314517 -1.7494544596978767
0.9999999999999999	-1.2517460638997282 -1.0954198122634915 -0.2955515974064202	-0.7626632050281771 0.5499189066890953 0.3262040878717355
0.9999999999999999	0.7023876478793936 -0.0662893536821786 -0.4648976429650211	-0.0545853922034038 1.5104804803021037 -1.8508205113384932
0.9999999999999999	3.1254602029930854 1.2827714253180504 0.0867580404020891	-1.6149078566346999 -1.0358862508448872 -0.2931526774568858
0.9999999999999999	1.3389079148346337 0.3915332999349608 0.1778044998441711	0.0600157449507576 1.9458924255907526 -1.9895557178863290
0.9999999999999999	0.5832578401425406 1.2569566205541847 -0.0204126638822948	-2.6552284015936811 -2.2068012090024491 -0.6946136219666486
0.9999999999999999	1.1078731796922896 -1.1420890924941909 -0.1857733844183211	1.0376909950174957 -1.2908696749901527 -3.3334286186069377
0.9999999999999999	1.3688376813030503 -2.2599999546077738 3.4500674721346347	-1.2874009358236098 -0.7395560091993942 -0.9434815671882121
0.9999999999999999	-0.0539367464348729 0.1755502983699973 0.4257444201878136	-0.9515869747374573 3.1701525803809782 -2.7234168917198591
0.9999999999999999	1.0514785112530516 0.3146929012743659 -0.5759961564835775	1.7154973606849415 0.4343804982798435 -0.3161595864812417
0.9999999999999999	0.0511601126821280 1.0713712675831868 -0.0333695139345011	2.3501327941153414 -0.0361786070243450 -1.1645370524391789
0.9999999999999999	0.2196757501645206 -0.0428155802698632 -0.3992584872969647	-0.6057866120533487 -0.4780962118918147 1.9895154088525357
0.9999999999999999	0.0304036933799518 0.5914744044033577 -0.8455272060901451	-2.0984727787651622 -1.1122740191307998 -3.2335772494351609
0.9999999999999999	-1.0258338716194209 -0.2080973102306632 0.6000921957272484	-0.0074175615024597 1.8669717576927962 0.7017080840230505
0.9999999999999999	-0.0710546361267601 -0.3692302901569848 0.3010213227477353	-2.2501218226631781 0.6593168735296524 3.7065238745049891
0.9999999999999999	1.1334222599560528 1.1235532860066311 1.6482638315166993	-0.4241057255825100 -0.2940545390836992 -2.1660620305817493
0.9999999999999999	0.3641136729994754 0.3814023184598239 -0.9077536339700614	-0.6766926997210806 -1.1241703686286004 1.4186412323969151
0.9999999999999999	0.3574005524103824 0.2827743956293388 -0.0838503412786770	-2.6215245911468030 2.0852939189769000 -2.9976181900147236
0.9999999999999999	1.0462349127343695 -6.6751796878423360 -4.0876841447787582	-0.5672389065864355 1.0710836229693743 -0.3887149555100806
0.9999999999999999	-0.2269452504476361 0.2353731234889084 0.2422824371860972	1.2275102393619790 4.8396624318835952 1.2107814895193549
0.9999999999999999	0.5134029277459350 0.1896564706606076 -0.2450142037568531	2.4447127162774356 -0.0019748306710735 0.0058130132147241
0.9999999999999999	0.0110847716036910 -0.5634606976439783 -1.1522746554980241	1.3424013900074916 -0.6550786875107344 -1.8848050058926293
0.9999999999999999	0.2351263746078930 -0.0106464338942293 0.2966557148410165	1.7886793089219344 1.4422859555666683 1.1474139043187821
0.9999999999999999	2.5811652565853125 0.7112847744135437 -3.8175741958671479	1.5200157438278052 -0.6664341973591116 0.1314731309492803
0.9999999999999999	0.2924718204834584 1.0057946582710997 0.1398260623611806	-1.3783820381343694 -2.8821724791717993 -2.9575237697758499
0.9999999999999999	0.0941820221268625 0.5836328523778231 0.1155848524730022	-1.3444906692699725 1.3739406377346399 0.1717064097228602
0.9999999999999999	2.4417959918807490 -1.0949774386481366 0.0854634080934461	-1.2316236102557163 2.6504120475885449 -0.2829382481605882
0.9999999999999999	-2.0179799055101735 2.9900969635819790 0.4707822585411025	-1.4199222881577498 -0.5850845655043936 -0.1487754651556574
0.9999999999999999	-0.2752058698724062 0.1804395290716392 -0.5671583593948119	1.9898973437903853 0.3632686585826066 -0.4728169291830615
0.9999999999999999	1.8719981923641602 0.4809822960545264 -0.8355011143000396	-0.1144364876943772 0.0232012623347228 0.0426916216560353
0.9999999999999999	0.0242637225220841 -0.1215251050418194 0.3671481660980448	0.1725057996906434 1.6436279631200279 -1.7179283147522408
0.9999999999999999	1.3157472271028494 0.3091504838771610 1.6362077489872309	-2.2310101131518740 -0.8718317261793566 1.4959748620318587
0.9999999999999999	0.1890428343608016 -2.1083029273319238 -0.3637655949528921	0.3364340187840990 2.6343809906847389 -0.4665833245188260
0.9999999999999999	-0.1469154940876302 0.1677938586882826 0.2936538329611185	-1.0133021588086184 -1.0337030241782514 -1.6021277646233287
0.9999999999999999	0.6040122590178765 -0.3252879346507797 -0.7502202698168716	0.2184804621844149 -0.5031825184407753 1.2790948536892237
0.9999999999999999	-0.0336235481677486 1.4104576012683838 0.1202068326834814	0.3514474245983319 -2.2252177488113039 -1.4082437683005313
0.9999999999999999	0.2635963902985142 1.3862767364501931 -1.3436696943167985	-1.7070794512484122 -0.0519521719244800 -1.7915170060143846
0.9999999999999999	-0.3745776877311985 0.4091102720818015 -0.7307764256523518	0.2586876735713611 3.5314394365301478 1.6358474928899778
0.9999999999999999	0.4044713685166751 0.7405391500707555 -1.7113433036579229	0.4795404012853058 -0.3727250433398416 0.4176581270992477
0.9999999999999999	0.4450388520482462 -0.1888484965959236 -0.1332615457150947	3.8454295969182404 -0.4642414356115699 -1.6797678916925480
0.9999999999999999	-5.1430956242742845 1.5220733534336832 1.9097904610560137	-0.6510226364202810 0.9353884827907158 -0.8583005256293145
0.9999999999999999	3.7043793953074902 -5.5200362326666381 0.5619177681167723	-0.6561418498114336 0.0797769754803239 1.0685650335991841
0.9999999999999999	0.1844470898681958 -0.3264796998019364 -0.1286292923672211	0.7436846518807775 0.0405809649455392 1.5871705477420992
0.9999999999999999	1.1267883529298177 0.1824571358421334 0.3071339635094730	-2.6209993945827876 0.4071673903251609 -2.0385414082707189
0.9999999999999999	0.1862214480946138 -0.7182007762387865 0.8565349974824310	-3.6419124278604715 0.4464013268465316 -1.1625200065496062
0.9999999999999999	1.6311666249246359 0.8852222173680743 1.4369416134696709	-1.9456138606893574 1.4301188092740500 0.0538176181874848
0.9999999999999999	-0.7662907585497333 0.1040129748436643 -0.4080455629086525	-0.0432105882219772 4.1900300082417159 -0.9707991348849204
0.9999999999999999	-0.3133117334342571 0.0988837572847491 -0.1714012490609839	1.4386938376113207 -3.6050960644314634 0.5035895548421236
0.9999999999999999	-1.2213606015429581 -0.4693523771576297 0.2299930965485001	2.0255658715705458 -0.7588933806035680 -3.2020940571362022
0.9999999999999999	-0.0046357242981617 -0.1077894550860314 -0.6047457504606093	0.4713456413056968 2.8682033101571878 0.4227748846949125
0.9999999999999999	0.0122345488038013 0.1216173702544437 -0.1497978804265554	-4.5455126605308465 -1.2107443822600643 -0.8186922732945371
0.9999999999999999	-0.4873549780625630 -0.6228771153012477 -0.7715544724833884	-1.9092320812716048 -2.7478693136908396 1.0399911214431048
0.9999999999999999	-0.2930461911685767 1.6397022660349214 -0.8117690310311176	-0.4264349421944744 0.1336813304713589 2.9875010215474904
0.9999999999999999	0.1417251833745437 -0.2685486720062857 0.1888133317892415	-4.0347158747692626 3.4347569316232325 0.3702264187157038
0.9999999999999999	-0.6341476308015415 -0.1139426489594732 0.3210866534914233	-0.2344577572300496 -1.9914971866510454 -4.5212538338478385
0.9999999999999999	-0.2232997651934145 0.2246319597177410 0.3522083859068087	-2.4788750187934276 0.7708244896087620 -0.6873276367954109
0.9999999999999999	0.0334313479290256 2.0977136710001218 0.2943458619154264	0.1000899420224097 0.3110623508683434 2.5661592918931158
0.9999999999999999	-0.9132594721750692 -0.3223238387146640 0.1669978905823712	-3.4704818726707902 -1.4179035803669413 2.1620210317198914
0.9999999999999999	0.5109408067203305 1.5069355734949057 -0.5028036335217960	1.3795771622978963 2.0152079678909809 1.3939467015172760
0.9999999999999999	0.0191043084082415 -0.5963222011717108 -0.2275564045684879	-1.8414768652238453 0.9016490087819889 -1.5160549510490908
0.9999999999999999	-0.6547700355029367 1.5857339171957814 1.6653954672115272	0.4854770437653761 0.3421449950893049 -1.2188985941899297
0.9999999999999999	0.6682679336991415 0.4817867958972452 1.0688541012099138	0.8482595322244341 0.6387098489130244 -1.8441256553117946
0.9999999999999999	-0.1829738004587554 -0.1005666044663989 -0.0622954852194799	2.0202333236493208 -1.4621749364573311 2.2939769056391741
0.9999999999999999	0.0941842974654743 -0.3377588846120456 -0.5620302954813333	0.6476526641629640 -0.2532977334119505 0.1255259945577024
0.9999999999999999	4.4911207261272761 1.2498006719856640 -0.0205399779059707	-0.7409475965040455 -0.6929128718090046 0.5788535765973296
0.9999999999999999	-0.1562335387041444 0.3644074163498223 -0.1594409089904421	1.7399777889043286 1.6199291405412191 2.2220315622380404
0.9999999999999999	1.8829219964590387 0.7254405368234683 0.4579865837943755	0.1457707190213304 -1.1477822259772563 0.3822333864959754
0.9999999999999999	0.7894022644487213 -0.7591167609684967 -2.8538041543662267	-0.6814998379911232 1.2664837273884662 -2.4988079028249839
0.9999999999999999	0.0830794945996678 -0.6743208562664733 -0.2144410749047674	-2.5565680678656091 0.5414682086551528 -0.2766083879466704
0.9999999999999999	-0.5593622002048280 -0.0284290983495602 0.9928980846155033	0.4845822837103811 1.5893620254446952 0.8876735453709270
0.9999999999999999	0.1658125319731979 1.5004958551422807 -2.0186526084896275	-0.5521147194499604 1.4301548867953155 1.3981700913858155
0.9999999999999999	0.7449774747829128 -0.8483408904231767 -0.0779310407626220	0.9569185425226948 0.2991150031941355 -1.1286245461677265
0.9999999999999999	0.2973074605618248 0.6244019186869572 -0.9250013856387246	1.2551140070466194 -0.5043361893998283 1.2181033381009048
0.9999999999999999	0.5376220272569154 -0.5974120153055564 0.3237989993761577	4.1953635415582635 3.4915483732450263 -0.0244596632789934
0.9999999999999999	0.0149589221403622 -0.0655953569122743 0.0012227625352714	-2.8139997263324528 0.0012032619784288 1.6148647874372553
0.9999999999999999	-1.3784574953288160 0.6787146849416068 1.3766631221246477	1.5567988638611159 0.5577575782942081 -2.0700431063631801
0.9999999999999999	0.4079429001200163 -0.2699156202767710 -0.0326604467004784	-2.4635659633943976 -3.0283203154470013 -2.5318725320985327
0.9999999999999999	0.2212457969132944 0.2276407866568130 0.1861940843380604	3.7325979714963395 -2.2235600149880845 0.1777956228215662
0.9999999999999999	0.3822424603345698 0.1230945627221825 1.0371678215858826	2.1967362884532369 -2.1337615139929458 -3.0146557442233171
0.9999999999999999	0.7295071931841488 -0.1849856733441784 -0.1546704209451870	-0.4710779494036645 0.9217356400248499 3.3210640368978770
0.9999999999999999	-0.1636736716057851 0.1818079621603649 0.3932971497582030	-1.8540989291346082 1.8472519697187622 4.2791152978612148
0.9999999999999999	0.7772472642220081 0.1826506013854171 0.8001969471810366	1.2313165711552190 0.2347123418887636 0.8031300962233276
0.9999999999999999	-0.1792875493923457 -0.1831977781851244 0.3224993276341381	-2.8561586127832821 -1.0956266770065659 0.2869263913633273
0.9999999999999999	-0.1612935319034051 1.4700761875270512 -0.4604222755532939	1.0295039003084299 -2.6954321048716956 -0.8210621768297831
0.9999999999999999	-0.7541062833100848 -0.3255230956740023 0.0940981102312313	-0.5536036678153687 3.1746239708029274 3.8944958909214265
0.9999999999999999	1.3485417095253582 0.3616543423064797 0.4783321759604005	-1.3614525596505618 -0.6789139192179067 0.9759454191414049
0.9999999999999999	1.0501695683303074 0.7052777715712190 0.3855772884121041	-1.0793346682349154 1.2047679699750460 -0.9379444979577918
0.9999999999999999	0.3474430348606204 -0.0364775190115778 -0.1610600008477371	-3.1684306418660704 1.6159082075178512 -1.2974405308873203
0.9999999999999999	-0.1305060890109374 0.5758126781995422 1.1314592578764575	2.7108037129364244 1.4157565070221927 1.9848988004082735
0.9999999999999999	0.5767387498015463 0.1163270834681075 0.2776925032899284	-1.2053952136537862 -2.4627222395244366 1.3215910998158606
0.9999999999999999	-1.0042112751376886 -0.4652334678235196 0.8548598877357163	2.9330348929334678 -0.3043318776269049 2.1341707010384185
0.9999999999999999	0.3286634386018815 -0.3998932859059834 0.1365479848479415	-2.1715871476875708 1.5598524046597722 -3.6860978527206996
0.9999999999999999	-0.8618016883933878 0.4276639076036838 0.2750735686486990	1.0418693553648410 -1.9625941407752763 3.2134598058257122
0.9999999999999999	0.7202528835950885 0.0381582535585026 -0.0467631730628082	-0.0523027292469621 1.1386123331283071 2.4234083829081428
0.9999999999999999	-0.0531056482158568 1.0588019215086066 -1.6817167760494893	1.7434473414155325 -1.1890954667178260 -0.8677420391929749
0.9999999999999999	-0.1559734456431955 -5.3377543902085742 0.6583035520671927	0.6269247697622641 -0.1957613683746797 1.4246568258873216
0.9999999999999999	-0.0949622092356241 0.4948244415547220 1.5799221407667028	-0.5945149287314184 -1.1220652600524819 0.0265872730214130
0.9999999999999999	2.4586820772657312 -0.8806712214182463 -1.3382354315331317	0.9821181274901506 -0.6063287037275203 1.1301710873945514
0.9999999999999999	0.5005549936354490 -0.3657843311925835 -0.0838175984684602	1.1377807769327002 1.5315278411277911 -0.1502427064959034
0.9999999999999999	0.2909361696530811 0.5171177930092862 0.1459099517462475	-2.5917585729684003 -0.7087614263675449 -2.6764535745442068
0.9999999999999999	0.2049771748505864 0.3602352823198150 -0.5714612813605044	0.0523615272079248 -0.2146864856626422 -2.9207933598997138
0.9999999999999999	0.3419274799229067 -1.4251651399970051 -0.8029115367267624	-0.4327534506173746 2.0333616454339447 0.3057733829204442
0.9999999999999999	-1.1194593104480863 1.1601358519862155 1.4571688811580250	0.2989206647252265 -2.1635153911392142 1.3393199387142205
0.9999999999999999	0.2887004321931035 1.3056535942185374 0.2577517584619685	-0.5578137869997073 0.6991423322087268 1.0877855252641522
0.9999999999999999	0.2295750478308753 -1.0023249187017025 -0.4195815726531294	2.2108113699824261 1.8768485199190974 -1.1371750276141133
0.9999999999999999	0.0390469894251567 -0.2753754606269402 0.5865978600672072	0.3809681111784701 -0.0795436746677094 1.5301528297064226
0.9999999999999999	0.5470361461404727 -0.5356764695484486 0.8151055999838609	-2.7215913106386940 2.8587276519834179 -0.1642595916914856
0.9999999999999999	1.2639044823147991 -0.7727942771571892 0.3760652077744333	-0.9863976584262680 1.3928623214438416 -2.9747913965026176
0.9999999999999999	0.9802190085267842 -0.9782005665750081 0.7454438910597222	0.0982300513125769 0.0323033161222508 -1.7842891978248683
0.9999999999999999	0.7369613317480981 0.2012416308638367 0.0369755655652753	-0.1701040764369881 -1.3851611527488930 1.4844373048075277
0.9999999999999999	1.2649174563869821 0.1267584059232907 0.0102366175718115	1.7972690414446286 -1.1228549165215209 -0.2908023864006342
0.9999999999999999	0.2688071493088185 -0.7822816810772040 -0.0168272248103132	0.3178913623205204 1.9438451708156690 -0.1139167237715207
0.9999999999999999	0.0255035222583886 -0.4958773755612226 1.1488669922566583	-0.7449513293060281 -0.1790466424136433 1.9335528760001077
0.9999999999999999	-0.3618175133171271 -0.8014825050724923 1.2505927388952793	0.7590306926519041 3.7474997792873292 -1.8840539374688703
0.9999999999999999	0.1010368225526596 -0.3238864143798083 0.3859166679619906	-2.7433300641394713 -5.6912690465197215 -0.3668175948329571
0.9999999999999999	0.1780085620768671 -0.2504070584784349 0.3831719492620525	-0.3072350927018779 0.4879720352081383 0.8332799122152412
0.9999999999999999	0.0234355732577796 -0.1042456389608118 0.3066439745318455	0.2174693022753542 0.1427397816475798 2.6565205860682730
0.9999999999999999	0.1737798674623310 -0.4798716132787155 1.2708153280003478	-3.0516490882097047 -0.0847033231432276 2.0800554043962212
0.9999999999999999	0.8198101877877587 0.3388217498080283 0.4685089693199256	-1.5972958149477330 1.6118792906143102 0.1878247182015317
0.9999999999999999	0.7927952257122260 -0.5657413863289941 -0.2511080387353479	-0.3543618533823826 -0.5725760775127595 -1.8750325378280956
0.9999999999999999	0.1451316341220379 0.1863819075883658 0.2470657055509204	0.5565210652290150 2.4934700518041697 0.8450065092460219
0.9999999999999999	-0.7881049111243118 -0.8295277075376914 -1.6697834425137179	1.0034725790150876 0.7944596183659570 -2.1333594259219590
0.9999999999999999	1.5829183870717993 -0.3985605573459541 0.2989142906387431	1.8044616502077226 1.2465934034987931 -1.1230966974530026
0.9999999999999999	-0.2828051826328988 -0.1746711166302688 1.2232960017498258	-1.2530237739251266 -0.2597902746782846 -1.9709962669833696
0.9999999999999999	-1.5747534055524219 -0.0674385031466714 0.3757494346024493	2.1409446674907211 1.2307492757661063 0.4567800842363746
0.9999999999999999	0.2061429219202652 -1.5251557123634052 1.3555753095404799	-2.4948905965837858 0.6827254832862302 -2.6160363881784559
0.9999999999999999	-5.6945699027456236 -2.1068063692333174 -1.6312040789754674	0.6277214851873856 -0.4563354987254081 0.3005254909713709
0.9999999999999999	-0.8989172582106486 -0.7622231469147331 -0.0177868433760763	0.3282629675490363 1.6415363409591266 0.3536574409566216
0.9999999999999999	0.5958884883936791 -1.3755705777301626 -0.3835066818009842	-1.4585494041523346 1.3382953871920344 0.2353880741736163
0.9999999999999999	9.8017973457841538 3.1288586416267448 -7.0930242333431917	-0.3357866551562924 0.6400241055894311 -0.1482222128459881
0.9999999999999999	-0.1490991511578728 0.0944095297604193 0.3743117292148523	1.4462294408405769 -0.8710313132695127 -0.5673215915886844
0.9999999999999999	-3.8721934685465342 7.5699826478018384 -1.8070856706241403	1.1849416663294134 0.3043508648305392 -1.2052000159540173
0.9999999999999999	-0.6854385294296403 0.8095239479404098 -0.0752399972921585	-0.1642761491425932 2.4030378804881471 -2.9882051646145555
0.9999999999999999	0.2388130254358001 -0.1097848791497838 -0.5020013329167169	-0.7690485079860634 -0.5758471488399193 -3.1651138267293910
0.9999999999999999	1.0128883486459939 0.7189989603863036 1.0375571940027477	1.5978950352323333 1.8600323359603617 2.4395354253175352
0.9999999999999999	0.2793225576274998 -1.1508753585250064 -0.9396816405811398	1.9822911524026767 2.6333944935902354 -1.5062302735393556
0.9999999999999999	-0.0130393773086704 0.3586184941979895 0.2195294883319457	-3.9010116790093443 1.2052046184953062 0.8558817283333304
0.9999999999999999	0.9134413069711195 -3.0234627985580453 0.4246689342962898	0.8737527375328820 -1.3179227839215952 0.7023429863160126
0.9999999999999999	0.1930478544231188 -0.0611415110838700 0.7074140441078781	-0.7787399436908194 4.1176793521537975 1.2230002257589794
0.9999999999999999	-0.0164004876679831 -0.2543113824227133 0.0873410389087326	-0.5248945542941655 3.0063599992011389 1.5808333464710889
0.9999999999999999	-2.6131518913700811 1.3008054003036325 0.2261439966433316	0.0830211624613049 2.5488679861853858 -1.2515739089576694
0.9999999999999999	-0.4977920924332340 -0.4273356451797811 -0.4382534822646013	-3.8432629418216360 -0.7774270202261361 -0.5879601672872456
0.9999999999999999	0.8188385640718754 -0.3702736771710678 -0.7870250655106904	-1.3303589629614669 -2.3882981391393656 -2.4872845378488715
0.9999999999999999	-9.4940354356663708 10.1188798769517874 4.6568438720435656	0.3081892911283496 0.0565781932426872 -1.2918953126951127
0.9999999999999999	-0.3926125081813181 -1.2393689746176353 0.7205333765193902	-0.1640036561100896 -0.8129271918683522 -0.5585352377904947
0.9999999999999999	0.2860805010044916 -0.0744765492293363 -0.0989402077161456	-1.7729868195264962 -0.2742578088969376 3.6129220364649415
0.9999999999999999	-0.3008931631709982 0.7097263169590899 -0.7185917258047105	3.3168836780822644 1.3395779851199745 -0.7600901205088682
0.9999999999999999	-0.2339114722278900 -0.2173937875772965 0.6413415228850713	1.0611899523065713 -2.8431948569388221 -0.2534035180179926
0.9999999999999999	0.1545052709225794 0.0693764682973873 -1.0740002109230924	0.8284573799405872 -1.1568144461057690 1.1478110769649748
0.9999999999999999	0.2813151667927399 0.1884963962891918 -0.0778171385903270	-1.0543611222934366 -1.3058131329854943 1.1154028954057527
0.9999999999999999	-0.3271536233641879 -0.9399179281276792 0.5242167222877085	1.1557823011695856 -0.8582803203885659 -1.2131710254318944
0.9999999999999999	-1.0513268371652598 0.1078733398702522 0.4898548379651808	0.0030533235041911 2.6958729286538139 1.1533643418198940
0.9999999999999999	0.3853807860017578 0.0952114435383814 0.1215521414036980	-3.2630128135398855 -2.0872495134621496 -3.0309085341737889
0.9999999999999999	0.3804926052128831 0.5080363360460005 -0.4894634150008425	-0.2579836818815376 -4.2986795723465914 -2.0149278913441631
0.9999999999999999	0.3413249554465757 -0.3161725946845211 0.5311044467239303	0.5548221781146571 -0.5299445435219153 2.3835512549891709
0.9999999999999999	-2.0604885283340768 0.5991806838973999 -0.5623189375748272	-0.4239021726930167 0.5607695253192113 1.5393764718381517
0.9999999999999999	0.5825769003501899 1.2031122542443307 -0.4489814581519094	0.3255165866996242 1.9714979229113527 -3.2421712888985592
0.9999999999999999	0.0750893290030536 0.3139435103627126 -0.4078147489316151	0.1010237686549270 3.2765610497761273 0.7826541549702466
0.9999999999999999	-0.3289556517549959 0.2185837617003578 0.0875638945670152	-1.5986371354314155 -2.1234061178617512 0.8773221202972878
0.9999999999999999	-0.1999897341671707 -0.2693430996259963 -0.0515815539786651	-0.5509968756732968 -1.0941811942117246 -2.2006902248511957
0.9999999999999999	-0.3485484069935016 -0.2708807436065409 0.3488305762301110	2.6534623307164091 -0.8605944156809615 1.0452336440669929
0.9999999999999999	0.2201702963199586 0.4980761183072765 -0.4695065590286255	-0.8461949973094954 0.4346537797315186 -1.5785402533604442
0.9999999999999999	2.4183924488712036 1.3061531946463547 1.7767143938141756	-0.5048657003644722 2.3499272139506227 -0.0506862672931657
0.9999999999999999	-1.8390808885541536 -1.3241027465326167 -1.4216265325560753	-0.8307499779136582 1.2371123759515394 1.0114390393824395
0.9999999999999999	0.1610093434354083 0.9186976063841160 -0.1095119741037060	-1.8991735502075424 -1.5758512562575366 -0.7157915668819479
0.9999999999999999	-0.5059151909983273 0.3293750222959114 0.2511588233251576	-0.9404671247908651 -0.0871730764136705 -1.3273944883353481
0.9999999999999999	1.0092254101148785 -0.3875379520606892 -0.7244568987034359	-2.9918758069420410 -0.3674385900417972 1.1405438528834626
0.9999999999999999	-0.8708236964674888 -0.3508695823986580 -1.2953208534649951	0.6481346124715840 1.6476311472232044 -1.1117140741670450
0.9999999999999999	-1.1010083387083964 0.0467102092842563 -1.0739532529260176	-1.8339189245359300 1.7695441577644906 0.3249170407380601
0.9999999999999999	0.6208455012221684 -0.0980170459551311 0.5725087849056467	-3.0303930820029379 0.0001777322688202 1.2917679773960700
0.9999999999999999	0.2435746147042470 0.5181607210908509 0.1234461787986818	0.4583924990196277 0.9056649088221492 -3.6870021467241543
0.9999999999999999	0.7326031256402746 -0.2348870349695876 -0.4064794495503030	1.1481663199130288 4.0859641753900933 -0.6023529848030007
0.9999999999999999	1.3309018981948726 -1.0173917847436107 -0.3997291115063663	-0.6323828171842231 -0.2488079253704746 0.2190721033201689
0.9999999999999999	0.3844066822414811 -0.1190999708267778 -0.2961245223083493	-1.9440555146301097 0.3580944690385814 0.6600429763214269
0.9999999999999999	-0.2056684494784725 -0.4093715501684157 0.2197553215369517	1.0489039303916687 0.5222353520789936 2.0432446524353600
0.9999999999999999	0.6661307184917350 -0.3963739270510636 0.2071062831817147	-0.2266698634172923 -0.4767255081571118 -0.9211881100432082
0.9999999999999999	0.1448296084624093 0.6078260382705297 0.2145678371099232	-0.0326097210246512 0.5124096986854404 -1.6374842234656852
0.9999999999999999	0.4401840198069924 -1.1367042371750764 0.7701041515474745	0.3411096302191517 0.0527601269334731 -2.3375387497501321
0.9999999999999999	-0.5295467921426428 -0.2601401596508933 0.4441008416752664	0.3109779395511310 -0.6082992943987213 1.0043106285687511
0.9999999999999999	-0.1950288485021365 -0.8125243618376611 0.0897931804332164	-1.5743885128184505 0.3820860267687730 -3.8166971819062967
0.9999999999999999	0.7332240695109523 -0.2216574311994163 0.6531520259858504	-3.1883795448505672 -0.8857515014519683 -0.4042467021273253
0.9999999999999999	0.2014872437168384 0.2900995693664781 1.2511923708523480	0.8601254546255543 -1.2018494437044407 -0.1693561350785646
0.9999999999999999	-0.4231473911216425 0.3443836087436218 -0.2006972084138736	3.8688960343135022 -1.7697949819514480 0.5555263442748557
0.9999999999999999	-0.0256925184564324 -0.3547869433814456 -0.2288407185286365	-0.3202599944139101 -2.7787314581434948 0.0527558495930432
0.9999999999999999	0.2158300269156698 1.2287025627494532 -0.3675726994594777	-2.7283367110106127 0.9700762060969824 -1.1682954238503609
0.9999999999999999	-0.1021149096089676 -0.0479271823963948 0.0132897985762831	0.4053565937649822 0.0001965837604135 0.7540600842568481
0.9999999999999999	0.2180044638998598 -0.2717853499933157 -0.0952512067553326	-2.7056408549935003 2.0283756130172179 2.6965523046485238
0.9999999999999999	-0.1307646018429358 -0.7162926029166368 0.1352155864035617	1.6237531686966422 -1.0768972630458817 -1.7339579152170908
0.9999999999999999	-1.7443381877812589 0.5962775279313691 -8.0887086461618551	-0.4084456447768186 -0.6384849979605651 -0.3787867290597249
0.9999999999999999	2.6821777845262562 -3.7184058547034935 -1.2501076930985839	-1.5252223292589244 -0.4479562489131418 0.7102663130675245
0.9999999999999999	-0.5746590039270574 0.2332999346331692 -0.2140860413267255	-0.9206654582542397 -0.9671181244581860 -2.3617432893873538
0.9999999999999999	0.0021196774222786 -0.0481858641399952 -0.4176428210075930	-0.2012248735640380 0.5191944650061161 -1.5723422214289446
0.9999999999999999	-0.1418374463326663 -0.1014465417202630 -0.4638560969087358	-0.5155143757094135 -0.8847657611156396 -1.3886589795821760
0.9999999999999999	-1.1402209995982620 -0.6063464148056225 -0.1810429575614140	1.0092420834242852 0.8793614926204112 1.0278530081030923
0.9999999999999999	-0.0435829448210779 -0.0254898529212632 -1.6407295464203335	-1.9883560584376581 -2.8055682466797025 -0.2249383136158815
0.9999999999999999	-0.2186247565936063 0.4858606186686977 0.2393941683438823	2.4869664170278356 -2.2247379438130430 0.8454569093127052
0.9999999999999999	0.1336519623034648 -0.2187856227618150 0.1043440814662879	-0.8468854800819047 4.8391830366548811 -2.7128525334134426
0.9999999999999999	-0.0435761961093335 -0.6499540994084777 0.5404948837829451	-2.6645833241848789 -0.7711648886674779 -0.3205121802522837
0.9999999999999999	0.6773459530359239 -0.0424405001410591 1.3299445342753329	0.0548928840857106 0.4364550919057655 -2.3597847620717793
0.9999999999999999	0.2131396125555874 -0.0282727623246387 0.0416822756169999	1.4341893238699159 -3.0326330228454257 0.5120304952206125
0.9999999999999999	-2.1982973773761216 0.4787854937275687 1.0069465919590892	1.1406408536015942 1.8477199215896933 0.9991954555210757
0.9999999999999999	1.5308188508379825 -1.1878891653515549 -0.0245575630781239	-0.7710099900473005 0.0831911960395003 -2.9623877571348558
0.9999999999999999	-0.0508607981261029 -0.2070772406669091 0.1907584475684647	1.3463738420995290 -0.3708987768700073 -0.5143379327104342
0.9999999999999999	0.1237868234091196 -0.1173231571094952 -0.0607862699628435	-4.1649052296444653 -3.0020694396350107 2.6295053818737451
0.9999999999999999	-0.5534851212328266 -0.1233031785408573 0.4261322708794570	-0.3305799846902840 -3.3742685853157108 1.0992444937906647
0.9999999999999999	-0.1777387304820502 -1.5037855609532460 1.1957400977767885	0.8684458754432994 -0.6124862129009023 -1.9677462052570691
0.9999999999999999	-0.2086719421525484 -0.9520556125298371 -0.9508081769501256	1.9785051089171013 -2.6074068037027538 0.2460316229755995
0.9999999999999999	0.1848832726136876 -0.3867774824213968 1.1213908432780695	-3.9201455294124621 1.0409194248721594 0.0447652067743984
0.9999999999999999	0.7604544350944116 0.2396771256498114 0.1588613517453674	-0.4629206993202223 0.8227052990553153 -2.5853874168515554
0.9999999999999999	-0.6513693069252326 0.2109605789717403 -0.9980920942713655	-0.0841135454063274 0.3775286391754751 -0.7837713990174691
0.9999999999999999	2.1629113301851426 -0.0445993563213113 -0.8991861028313320	-1.7998069896573934 -0.8017234179324707 0.7224662161515690
0.9999999999999999	0.0056222975208281 0.3710298386266617 -0.0955943762991439	2.3554602090995429 1.9520233006115104 -2.7176248243121983
0.9999999999999999	0.3124116616363502 -0.6845820758295567 -0.1736827360829152	3.3374498890908577 -1.6069546748247487 1.3126161929620652
0.9999999999999999	-0.5275269019303133 -0.2114574880982500 -0.7199335841817684	-1.2749527228983357 1.0686176092061037 -3.6337449937017143
0.9999999999999999	-2.5754657212650565 -0.9950985086972808 0.6215463579595721	0.8151037663834105 1.0632491982997270 0.1825130746047515
0.9999999999999999	-1.3320500048579222 1.7107182542754678 0.8686749006979801	-0.7175182126438310 -1.6986260525066010 2.9686245944356497
0.9999999999999999	0.3975495864923589 0.1361950187040584 -0.4261623368043289	-1.3377743237811295 3.8099196178805532 2.0695549813037117
0.9999999999999999	-3.1910561307402685 -2.8959540993445283 0.4673151764062948	-0.0606429327410639 -0.7934701576765583 1.6154194589149338
0.9999999999999999	-0.5531537767244695 0.4889253043867162 0.2929348383710554	-0.5761260224554461 -0.2196006424739944 1.3168593021551740
0.9999999999999999	0.5305263463168407 0.2564763158853441 -0.7892680203211947	2.8291801862979740 -2.2057063546065581 0.7301979425285844
0.9999999999999999	-1.8268810396797945 -2.0654152613466001 3.0085318531277854	0.6666724695903697 0.6562024483994939 1.1563264211044142
0.9999999999999999	-0.3980709798026802 -0.9812991336272510 0.9644858133250013	0.2585239037241804 2.8668022727201623 0.3685291385398982
0.9999999999999999	1.1483087922196484 0.9110524061296628 -0.7187786256002395	-1.9003926106123308 -0.8970041554586964 -1.8525684686807609
0.9999999999999999	0.2790663367661136 -0.4815365535204216 0.0555944380570637	2.4242372996274710 2.9855031196071313 -2.7557166293232780
0.9999999999999999	-0.8336013172978153 0.1205203600759284 -1.2319264761849686	1.6298004317584014 -1.3597412102723785 -3.7698344966815265
0.9999999999999999	0.5110826737346867 -0.6854728451309909 0.6205031834688511	-0.8052745561897408 -1.3455572925254804 -0.2368653150360272
0.9999999999999999	1.3095424908621747 -0.4861487937520361 -2.1876451147947558	-0.3460600008507044 0.3386817550391588 2.0961232256494311
0.9999999999999999	0.2782250100137310 -0.0498944553904489 -0.0356462944400857	-1.4118827647066858 2.0448472646430238 4.5206636150091839
0.9999999999999999	0.3079584168294238 -0.0851934814710488 0.0468571517530911	1.6042548628366555 4.2960968456058177 -0.1501827763819442
0.9999999999999999	2.2276776829827898 -1.3493157348094362 0.2228955297054337	0.8355793940599985 0.0689040994769570 0.9916624081892602
0.9999999999999999	0.3326460295208108 0.2006551920013986 0.5644148060283366	3.1259053038322770 -1.5363082712146576 -4.1154169032860439
0.9999999999999999	0.0166471845349133 -0.2744317235353628 0.1496373735432666	-2.1003217731989827 0.7837190554701619 -1.5205661895851375
0.9999999999999999	-0.9838753050699759 -0.5425457104646120 -0.3974834683768957	-3.2397089666569086 -0.4976828374618650 -0.8273159447162524
0.9999999999999999	-0.2337420935382238 0.5969607625868915 -0.1427334702061968	-2.7574841481610477 0.5951871554196978 0.7420773716778727
0.9999999999999999	0.4492402900889586 -0.2884315565752484 -0.6699966220733995	-0.9242025764634704 2.2841931755633920 1.4764866188002641
0.9999999999999999	0.0690739945115318 -1.2946726714300376 1.7135361030806191	0.0673906549681755 2.1149411950904002 1.4834224089042958
0.9999999999999999	-0.6015620099856808 -0.0990747189600947 -0.3391519176200308	-0.2385112643914832 1.6394334540435394 0.8357442522727685
0.9999999999999999	-1.6476644177996562 0.5381570262878386 1.6080770725593281	-1.3112225700325788 0.5438738758532764 -1.0877947936963364
0.9999999999999999	-0.2748716196291722 -0.2330779902499387 0.7564256332399155	-0.3186417867515264 -0.8019903906330897 0.5619892202813751
0.9999999999999999	0.0942530523506864 -2.1749849196186410 -2.3603312431680767	0.2228785076616645 1.3744010099111799 0.5097157870355535
0.9999999999999999	0.1216136512348450 0.4645271407565479 0.2393412809506091	-1.1084157554507645 0.5371842018130949 -1.4339470427695209
0.9999999999999999	-0.6276623087114913 -1.2991893901715916 1.1278881687715958	-1.7588969078727599 0.3057039222997842 -0.5149854607592818
0.9999999999999999	0.1599429524150139 0.1873219272108233 0.2289903810501331	-2.5300161857703221 1.3066051285829026 0.7612671096549152
0.9999999999999999	0.7419662279074369 -0.6446171614625522 -0.4172336481383166	0.2617195572061743 3.3980535173862534 -2.0280639573155130
0.9999999999999999	-0.0231748283379737 0.0560133960438395 -0.0274247228169218	-1.2756463819901118 -4.4376763933425325 -3.1480246588128145
0.9999999999999999	0.1193143598393013 -0.5508300756404239 -0.4639009462710134	1.8120303710461332 -0.6535016815287158 0.6991697902246333
0.9999999999999999	-0.6956084502788682 -0.6852120595673252 -0.0618280986822393	2.0717904730367476 2.0415246455400116 3.5524492693957188
0.9999999999999999	1.1945220125528004 1.6297624027524047 -1.4348871259569456	0.4876635188048745 -0.3080331344450445 -1.9923114976983158
0.9999999999999999	-0.2438260042943231 -0.4319836110421931 0.1042700070405489	-0.4682200023918208 1.0505972561136463 -2.7859225010596282
0.9999999999999999	1.9625057802017778 -0.2173150420253665 2.4563168205409109	0.0446557287950662 1.1286423229951872 -1.5146164939391589
0.9999999999999999	-0.1281976488881266 0.1049103623829782 -0.0482303363578145	-2.8982850240153604 -1.1226648342262471 2.2616225593002928
0.9999999999999999	-0.4747063443738797 0.1645763211968387 -0.4047289294105575	-0.5883399454579705 -2.6343675291428426 -0.6886422105390838
0.9999999999999999	-1.3456998254387311 -1.1249805180912795 -1.9305054805181843	-1.3697769343486847 0.0564856446497841 1.2263802120173253
0.9999999999999999	0.5888500137830632 -2.3740781055563667 -1.0223852842678274	1.0829622592366186 0.1728703862898947 0.3752442096239221
0.9999999999999999	-0.8111350144096520 0.7134497261234165 -0.4622212424012275	-2.9794464141975596 2.4771386279066467 2.0070958691426610
0.9999999999999999	2.4265478637086502 -1.1487259645422219 3.5674409021711195	-0.4401248214027846 1.0422904188753264 -2.4887106129659817
0.9999999999999999	2.5255738136765760 -0.1616684768393395 0.4747751146910179	0.7394954633524575 0.2943100695950766 -0.5354522917524419
0.9999999999999999	0.7166036512088746 -0.0234779456244599 -0.1965947900706836	-1.4889374897592507 -1.7643384569350788 0.9958565760189388
0.9999999999999999	-0.3459656098678400 -0.8539535726836499 -1.1442228979640428	1.4200238643050862 0.6243431674706206 -1.0055514368443863
0.9999999999999999	0.1750735069243836 -0.0003186690025687 -0.1605379528958202	2.3912054167488899 1.3973064863490876 4.0527660553821878
0.9999999999999999	-0.5127864207825253 -0.6256194888729779 0.1553988498999931	-0.6798772497187409 0.2978816646088220 -1.1604301691426913
0.9999999999999999	-0.3973084883945163 1.4717138724615382 -0.4395215949404268	0.6328382608606711 0.0628264453160939 0.3493864598231793
0.9999999999999999	-0.1674465632211488 -1.1110645332249260 -0.5175603739764055	1.8126172711196478 0.4160226153648138 -2.5358795068869182
0.9999999999999999	16.2072780803834355 -29.9540468595595506 24.0892449877115453	-0.1710960919689866 -0.2104224338967798 -0.2933734678377974
0.9999999999999999	-0.2954477665164656 -0.5676471958753915 0.0763299184856294	-1.6759549540168432 0.2620808980184428 2.6189468586832354
0.9999999999999999	-0.6470460691869881 -0.3659930631471640 0.3706279664349986	-4.9200830192053946 -1.8015360285818744 -0.0777293085944685
0.9999999999999999	0.7236736287532001 -0.0368954357694136 -0.3607295403277617	-0.2786181794283586 -0.8235571403593009 1.0591506247572910
0.9999999999999999	0.7737527516544911 -0.0483255005834102 0.4174652896226095	-1.9021447259724495 -0.2592472631984563 -2.5134542568963889
0.9999999999999999	1.2983311429742945 -0.4227710712595301 0.6739518677691827	0.7702236451911383 0.4337644325303835 2.4803419552679555
0.9999999999999999	-0.0661473432576909 0.6378670711698060 1.1409611372600754	0.9980486992346329 1.4234869887834114 -0.4836758802134001
0.9999999999999999	-0.6042816513796369 -0.4414470749718274 0.8657295541029371	-0.2549835539786267 1.6728966898012185 0.2162972384135350
0.9999999999999999	-0.2791391859125308 0.1898219263421300 -0.1032442218762753	-0.7017137987137270 -0.7552064576456843 2.0468257100210745
0.9999999999999999	0.5977703328029336 1.0916048181489271 0.2103509662156246	1.5581098261948370 1.0952702062656197 2.6244647662218688
0.9999999999999999	-0.8084668529820183 0.3943895778542317 -2.2845833184045934	-0.1783046780473849 -0.0611905310823091 0.9826183837851585
0.9999999999999999	-0.7534982941356627 1.2029014142007313 0.2248247219730711	1.8733617089658907 -1.8464835258533479 2.9664854380981707
0.9999999999999999	-0.8749445815561442 -1.4696070956293690 -0.8456915796344934	-0.4075854430297851 0.7186539947151802 0.9222118306309443
0.9999999999999999	0.8730097445053013 0.2346920269489141 -0.9270822955375201	0.7013824891751812 -0.9227908486985942 0.5873157005566160
0.9999999999999999	0.0962980475965675 0.8179536744768323 0.1292453790328266	-1.9993090098788937 -0.6423641263506767 -0.0334398503748902
0.9999999999999999	0.8306002447871961 0.3975168553809105 1.4450766769314414	-0.8936647008675910 -0.9063559128869119 1.4139081979324952
0.9999999999999999	0.3088600826055440 -0.5046973030577525 -0.6672555146631762	1.4816039241212469 3.8044800019607101 0.7648669310071323
0.9999999999999999	-0.2547780129438114 0.5400950741093871 -0.0735640935909590	-3.2988912736194091 -1.3469658446445398 1.2742047677289390
0.9999999999999999	0.4673303437131954 -1.7149198812760649 -0.2942854613632755	0.0392367634926283 0.3645285447590854 -2.5463939501045485
0.9999999999999999	1.3608698228378469 0.0288336219506025 -0.7776264924703964	0.5626292622486833 0.3331402111298064 0.3354562579681177
0.9999999999999999	0.3870716005245574 -0.9040711473623433 -0.4283037349931629	-0.6236196732900342 -2.0554630154652780 0.8893231175303077
0.9999999999999999	-0.4922507610353259 -1.5181662978956898 1.5905902691018905	-2.6592168268590122 -0.2759706528825552 0.7836621467304423
0.9999999999999999	-0.7976371578557770 -0.0241411023785576 0.9897562158151791	0.2723494920980608 1.7016441331955094 -2.0610529563151712
0.9999999999999999	-0.1973994945903608 -0.5610619604887158 -0.3478879002050347	1.2521714496240697 -0.9306906897997407 2.2838704419829736
0.9999999999999999	-0.1900264029575806 0.3804977580634178 0.8208903177130519	0.3392223290523007 -1.3041478542899929 -2.7916962949033985
0.9999999999999999	-0.9615708687032730 -6.7652441859000421 -3.3397511463654825	-1.2394124556310431 -0.0043367230177596 -0.1006734259738623
0.9999999999999999	-0.9256945051896175 -0.1269914558141901 0.3016999484598861	-3.0310726155515013 -2.0616611844647026 -1.5904621532166079
0.9999999999999999	0.6484998940965635 -0.9381491882965165 0.3862372144009809	2.6144036580200960 -1.0195496853339201 -0.5186248799197887
0.9999999999999999	-0.0464575906495008 -1.4182827125570330 0.4192226177941542	0.3789661344414545 -0.5061778943356129 2.1628480641393324
0.9999999999999999	-0.2686129647025421 -0.8861879318447095 0.2086762816576210	-1.6869332143864473 1.2078341654517204 0.8067349676673555
0.9999999999999999	-0.1894516561926799 -0.4324415331131886 0.1944397686089189	-1.4944105618669850 -2.0296488714475496 2.0800211168815923
0.9999999999999999	0.1071523701196137 0.0375605933165969 0.7597823901037052	1.3174221123178051 -3.1614187261228563 0.5559503966354126
0.9999999999999999	-0.5648740450508365 0.1226681959891435 0.2869642932939501	0.9550979459634847 -1.3504358206718541 1.2592617759909184
0.9999999999999999	-1.6964017935571265 -0.6144754589115383 0.2791383085421837	-1.5478741970279495 -0.8303954753985979 3.0264890960154558
0.9999999999999999	0.7287751955590519 0.5218814112218497 -0.4973683649782729	-2.9821417531100511 -2.2603642096432752 0.0131491247799890
0.9999999999999999	-0.3896084062285665 -0.2998891450825139 0.2386035928636681	2.8202420227905969 -2.4209133624980739 -0.3530287815479485
0.9999999999999999	0.1612010233233990 -0.5565423612908245 -0.2875193455111832	-0.2018741493787988 0.1905595062176256 2.9445832622841945
0.9999999999999999	0.4398596908931172 0.1014219870196423 0.3878808022563128	0.4253424791964135 -2.5988228226908689 -2.2401831169524637
0.9999999999999999	0.0290047541308228 0.1810182456144239 0.4886847773688784	3.6924356788244266 1.3759736406489471 -0.1148701357708405
0.9999999999999999	1.1102211635553143 -0.9435911474092143 -0.0298730691148753	-0.1462170754232713 1.4556017282846214 -3.3496168853629031
0.9999999999999999	-0.4710146450596752 -0.5230519269981578 0.1106645221718672	-0.9216760445436395 0.9667461217693385 3.1368926666943895
0.9999999999999999	-4.6763957107488752 -6.5345405056532995 -4.3538649726666501	0.3718005976270186 0.0700439853743258 0.1926068919691121
0.9999999999999999	-0.2361680027550082 0.2603935995472739 0.3191615276697690	2.9095909179361183 -2.8491757125560402 -0.6715841611872901
0.9999999999999999	0.6908731414080780 0.0159158799011326 2.3388945988335172	-1.7013475117047594 -1.4527198652457860 -2.3081373404794885
0.9999999999999999	-9.7359746258325277 -1.7035925432514414 2.2886947761408005	-0.3391518143191535 1.0514292915914072 -0.5423707912803374
0.9999999999999999	1.8638190778576968 0.1250196088307376 -0.1155343652540982	-0.2091625223005953 -2.2549192705311492 0.6854227320873892
0.9999999999999999	-0.2150762000104037 2.7083773155920627 -0.6133219972740475	-0.7706904492550365 -1.1003745141488688 1.6504814895317035
0.9999999999999999	0.4904647928189185 -1.2421555374749373 -0.5374543867576319	-3.2366908373319916 1.0221248389174542 -2.5317507690902930
0.9999999999999999	0.0073477032248103 -1.0616151022319533 0.0022950549170592	-2.1534710589315456 -3.3300567366909237 1.1475141041465904
0.9999999999999999	0.3749412747051240 0.6458258364078926 0.3899726929840552	-1.9561470020384799 1.4912258817054491 3.2229541886340352
0.9999999999999999	0.3619402002058704 -0.6206864334472326 0.5928393402242996	1.7030065369111458 -0.1166709372843743 -0.4142057890009568
0.9999999999999999	0.6176455122698274 -0.8077908106556705 0.2155390006460254	0.1826208360346657 -0.3824094351501315 -2.1760551882764427
0.9999999999999999	0.0693273162582846 -0.5327635457087422 -0.2478082992327463	2.2294255254413273 -0.9753784759392122 4.5577175072653162
0.9999999999999999	0.3681486059904172 0.6160801402879387 -0.0616857797326739	-0.3265619373052203 0.9061527397813799 0.1729070092321277
0.9999999999999999	0.1263964855620509 -0.2744832424722879 -0.2868827472836282	-1.5006205679354006 3.4066699990984728 -3.8336540549700748
0.9999999999999999	-0.2086024116552045 0.4887410128626961 0.5362408948697095	3.0435056649077925 2.2455546712485339 -2.2450888687166333
0.9999999999999999	0.5630034093850810 -0.2294064395243568 0.2273241505893991	-0.6224373656918839 1.4289989646829788 -0.9661986017637043
0.9999999999999999	0.3057333122625875 0.3471547373963979 -0.1595708524934008	-2.4378536201874694 -1.9940048294623807 -0.2584955400406280
0.9999999999999999	-0.6586902991823486 -0.9726401645233165 -0.4496265442901346	-2.4815567533818075 0.6143104925189846 -1.6274195474366129
0.9999999999999999	0.5489672568294389 0.0801201584311008 0.4883690946022143	-2.3204828086901070 -0.0097643664268237 -0.9698817298511990
0.9999999999999999	0.2925541718781849 -0.3419019947880199 0.2221031629190342	2.4424134524195207 3.9243401876215707 -1.9750694074622015
0.9999999999999999	0.1692573522580599 -0.5490598156717822 -0.1432289496396736	-1.1840196445153965 0.0094110251494446 2.1453031660024013
0.9999999999999999	0.0028638358291610 -0.0772677866029148 -0.2543074210117103	-0.7894748237098727 1.0703837797584514 -4.7414006406949323
0.9999999999999999	7.9712415793785389 -0.3308184321121239 5.8478006569360588	-0.0461494477813838 0.6035011544780190 0.8463208090831341
0.9999999999999999	-0.4432293197162102 -0.2385648721888477 0.0682439694966496	-0.2076217665874431 0.7253666556770778 0.8095096391963621
0.9999999999999999	0.0191690614562255 -0.3548735689803414 -0.3078493740535007	-3.7092584614553568 -1.7664190059581772 -1.9958410714916790
0.9999999999999999	-0.3795324539076176 -0.5322054047000153 0.2049344010948372	3.3194843263621583 -0.7408220141688052 1.8663916704084296
0.9999999999999999	0.5659541694232189 0.0692121578367284 -1.6452958704483802	1.8179766625188833 1.0311706220301740 1.6141546154947752
0.9999999999999999	-1.3210690530334559 -0.0948977167433462 0.9609663880720450	1.1713152628093757 -0.9447036946202245 0.4364000067839171
0.9999999999999999	0.2773236618363782 -0.4047359274436731 -1.1132250863470905	1.7714321368446670 1.2765582492820020 1.6578019543504725
0.9999999999999999	-0.2183451593694853 -0.1937929322996184 0.8318663001285459	1.6870942438302639 1.1909869715172516 -1.4111914744928320
0.9999999999999999	-1.4272839486891762 -0.2032389925523838 0.8387799258323024	-1.0058385168640220 -0.7528493443283658 -1.2877509758409846
0.9999999999999999	-0.3979589366202230 -1.0803689415567732 -1.0756643445579961	2.1367971346137393 0.3827126020848903 1.6244260108595179
0.9999999999999999	-0.5157126244391380 0.1566788014859946 0.7553080335901117	-2.5370059039269517 0.6849521758733221 -0.6744557562064525
0.9999999999999999	-0.3212755793916265 0.4804044438226716 -0.2566633070706245	-2.1155204255062330 -1.1079195158605046 -4.0016059207789105
0.9999999999999999	-1.1823613485183320 -0.4650116067410244 1.5595278943098494	-0.4149166023494402 -0.0610915287790033 -1.9891647662869869
0.9999999999999999	0.5036651129440798 -1.0045331682666145 0.8135865209054900	0.4495512061724052 -0.3140194472685621 1.8686062767337617
0.9999999999999999	-0.4267918384714306 -0.6458132221483319 -0.9578487331482922	-1.6729525472495059 2.0428172963055422 1.1043001670051393
0.9999999999999999	-0.2717526174253785 0.7882606617721077 0.6325252309337072	-1.9695861492482756 -0.3560725585179529 -2.0950534192774959
0.9999999999999999	1.1733242975617972 -0.7064180141981280 2.3877569816183302	-1.6146718973040228 1.1121572248940124 -0.2610749025673644
0.9999999999999999	-0.1892439092434860 -0.3089740892480342 0.3262008809617387	-1.8273183965420170 1.6630698790819862 2.2559405986865757
0.9999999999999999	-0.9668905371540382 -0.6217247714345436 0.4946288009657038	-2.9230612952424440 -0.7508368845596347 -1.6083175449372571
0.9999999999999999	-0.3127847571422095 -0.2501761812852546 0.0669144818308935	0.6615734820770738 4.2563934491182058 -0.9301250164690150
0.9999999999999999	0.9271216774793966 -0.3782864114637128 -0.9202802406803819	1.5313886314445611 -0.8224615095228679 1.2325498387904827
0.9999999999999999	-0.4298631667463458 -0.3787117392402142 -0.1746389312349145	-0.4211992513144950 0.4006909751955091 -1.9986370541574376
0.9999999999999999	0.3592365158122220 -0.0762307137862448 0.1928475116294060	1.6303782296942206 4.3967395461168461 1.0198116242642707
0.9999999999999999	1.0418844487569046 -0.2590728839782499 0.2671188653544612	-0.3671211339029624 -0.4787381466838748 -0.2386786644843367
0.9999999999999999	-0.2320458710285113 -0.8012669976950736 0.4336467414094342	-2.7571979942749847 0.6775313699668327 -0.9105585820513028
0.9999999999999999	-0.6255169159677763 0.6037003521138938 0.4597063832850584	-1.6259262620888004 1.6269058114447166 -1.9104265509888090
0.9999999999999999	-0.4877153862972066 0.7429449749759628 0.7596557652422261	-3.0133335964326045 -0.2427558938874669 -1.4532532020437903
0.9999999999999999	-0.2027148862917256 0.0089959959100087 -0.0746920432323281	1.7468271091631562 -0.7399604069396871 1.4326223344621547
0.9999999999999999	0.2192806305863138 0.0850754340433396 -0.1179088422850555	-3.8034298476803206 -2.5536673747679424 -0.7414074040636568
0.9999999999999999	0.1413620474534448 -0.5057495773224925 -0.3257586411833417	1.6869597031673627 -0.5664307268192618 2.9397770208753737
0.9999999999999999	-1.4542328037502383 0.9015251819622907 -1.6903536014639915	-3.0114575263257870 -1.2001711070108898 0.7475020929419536
0.9999999999999999	1.6394748651984132 0.4370682750435412 1.2785931361876970	-0.3902092314603051 1.4654707656597052 -1.2042021533307030
0.9999999999999999	1.0397543538640064 -1.5720233101117966 1.2894256115149108	0.3565497435267725 0.4215057067410388 -0.9466599410821739
0.9999999999999999	1.4013671217640979 0.1124999767357112 -0.3682980504158507	0.0202023612581824 0.6092137887141830 2.3679280210775504
0.9999999999999999	-0.2422145804358632 -0.4920505886330455 0.1099558504575715	0.7394223111489149 -2.7415486862291116 1.5467525691637036
0.9999999999999999	-3.3782647831961445 -0.0911907981617644 -1.6754822696902767	1.0342718704277518 -2.0250331365782985 0.1641092056629164
0.9999999999999999	-0.3809498088711988 0.0394052869468391 0.3481985445539382	1.8239613872005365 3.4941030097012984 1.2990744650710455
0.9999999999999999	0.3714217241893317 0.5957561257071176 0.8354652688716397	-0.9913941727634564 -1.4020766922643317 -1.0135206363768980
0.9999999999999999	-0.0406704899580770 -0.0431654243146720 -0.4529739345105658	-2.7633758671308004 -2.2417028193812758 4.0789512578567528
0.9999999999999999	-0.2266724385922423 -0.2728104171475512 0.7100728237921019	5.3928398302108755 -1.7079195005607191 0.3784087741189584
0.9999999999999999	-0.3273619448587056 -0.6658435181684723 -0.1216881946985899	0.8479284143407716 -0.1220244341450791 5.0699045568616921
0.9999999999999999	-1.0693578131374666 0.4300048584865896 -0.8223528282650476	0.8376116878739808 -2.3547576643351622 1.0616436952371822
0.9999999999999999	-0.2318727303249886 2.4913773961858463 -0.5637719640987241	-1.5943419635558160 -1.2801620196501053 -1.0091433870535396
0.9999999999999999	0.3811172066423556 -1.1428395719649378 -0.3290769591420338	-0.4807136377791619 1.0112350892059165 -2.1750100579602685
0.9999999999999999	1.1280210703637594 -0.3741245172786474 0.5179561161417346	-0.9085370509512900 -0.6544234135384254 0.7753683645220898
0.9999999999999999	-0.0683121607482823 -0.0426534177577561 0.3265032309785758	1.3332894904880719 -1.5293995744158153 3.1346254487301337
0.9999999999999999	-0.5282680095351735 -0.4948379994859737 0.0542050745027082	0.8744959960425852 2.4720716790210315 0.9458252598066682
0.9999999999999999	0.5079105180586656 0.3404809320268016 -0.6265958403646352	1.0666721686221030 -1.4587473507420510 -2.5908927746841179
0.9999999999999999	0.1732916982973480 -0.1920658504473875 0.0405639544980276	-3.5932169302950716 0.6447380149470163 -2.0474002903506512
0.9999999999999999	0.8800744147817352 -0.6945773726045669 -0.2461444516269212	1.3831246235020633 -0.1313389847868732 0.5740228061738819
0.9999999999999999	-20.2428892839576200 -55.1317988165382857 -49.6047881871280225	0.0188296814502209 -0.3443228409439230 0.1298952321642367
0.9999999999999999	-0.3625216603286313 0.1954259214866492 0.1623705867359992	-3.5415531864151175 -2.5022954857638546 -1.8382040080758679
10.0000000000000000	6.4824483568973665 -4.0507620622124705 3.7791360618298766	-0.1721119160458794 -0.9845255538247086 -0.8069341845058788
10.0000000000000000	0.9724856478400307 -1.0140575154484637 -0.3641096167692909	-1.5821838084110829 -2.6257762020534168 -0.2465780881253702
10.0000000000000000	-0.8660055909387170 -0.1907822427192240 -0.0470143228307542	0.3902450860471680 1.5835651804397015 1.9508055381802027
10.0000000000000000	-0.6630403806616159 0.2888627985226613 0.1829619804339341	1.8069261145673894 1.8993330401471189 -0.4227719427126598
10.0000000000000000	-1.0799673051057916 -1.7323899444239554 1.6009623989615080	-1.3482913462095287 0.4581813026022566 2.1252727576559707
10.0000000000000000	-0.0647612388836411 -0.1993256759676730 -0.1631644707400229	-0.6357411535983714 -1.1959242747456535 -3.5134248190250918
10.0000000000000000	0.4374878631078705 -0.0103405150492600 -0.3701912208064038	-1.1914580531842263 0.2088074599772836 0.5693340430167663
10.0000000000000000	-0.1130838505076158 -0.0035697552752176 0.3399062759746602	-1.2608159387533455 -0.9850617124435174 -2.9999147000552773
10.0000000000000000	0.0993107177934401 -0.0768884796344647 -0.3348403908901132	1.6048197828824686 -4.5329669554300125 -0.3961877423115187
10.0000000000000000	0.2048952113012017 0.1516536737597279 0.5584432706384720	1.1629328501169685 4.4041031171992762 0.0280408021377789
10.0000000000000000	-0.2120776827952023 0.0670476767316054 -0.2574171288004585	2.9065878213684346 1.3716961234023657 3.5261826096507511
10.0000000000000000	0.9392028100100387 0.8990225407837353 0.2355796045677635	0.7215772163152910 1.9642429412500528 -0.3896325941869399
10.0000000000000000	-0.0481766418308231 0.1589682681143846 1.2432823841596110	-0.1496360418496469 -0.5059970632980273 -0.9341192485085484
10.0000000000000000	-2.8045076675262490 -3.0628931328527194 1.6297688133097272	-1.2317692974066949 -1.4260870756990467 -0.4148871028269709
10.0000000000000000	-0.2558129026675757 -0.9159148299156133 0.3063081186396122	1.6529898892298021 2.0328103557563701 1.5394890514880686
10.0000000000000000	0.8008828572081833 0.5876759347201793 -0.8496482466882930	0.2568107173735890 -0.9023337310804177 -0.7799395952485336
10.0000000000000000	0.2013494460643089 1.5649923497402136 -1.4350839276404939	0.2420032896904591 1.6936040621148192 1.8922868652485534
10.0000000000000000	0.0414534309275607 -0.1752413013582921 0.1853684678905543	2.4790850362633927 -0.1783837568965153 1.9442643031155313
10.0000000000000000	-8.0803024640178212 4.6014012694710296 -10.8060325988766639	0.7460040599561423 -0.8398967968171835 -0.7568456754998258
10.0000000000000000	0.4894527456158296 0.0264240587777596 3.3030219475412079	0.1530048822493690 0.4266432643979828 -0.1083580055713179
10.0000000000000000	-0.1901660936168016 -0.8232822633079639 0.3622924056751727	-0.2986713848140388 3.3820041779024459 0.6353265465417792
10.0000000000000000	0.0408138597054972 0.4318304601196348 0.3200054889021585	0.4623313626601034 2.6700877579315931 -2.0713431241629836
10.0000000000000000	0.2529572901792452 -0.1509420382031288 -0.1150213378428439	-3.8719140696092373 1.8839250308344029 1.0934427144129575
10.0000000000000000	-0.0716245962803662 -2.3174951458079041 -0.0692238995831507	0.7420568504244279 -1.5282478686163994 -0.5626270985919014
10.0000000000000000	0.0415539125472575 0.3505439861515611 1.3501163949109218	1.2312739087243194 1.7951588674713164 0.5906583002560103
10.0000000000000000	-1.5419948390417970 -0.1065719732949246 1.9233506920829635	-1.0115503638635610 1.3613585030084010 1.1373894952405401
10.0000000000000000	0.2498596716241941 -0.3191911948517299 -0.3111053091852159	0.4439793897678023 1.4461787760610192 -0.0590183802814403
10.0000000000000000	-1.0245386326026293 -0.6359363558003971 -1.1535693006479295	0.6941460543271182 -0.2652528472604710 -2.5853366680749166
10.0000000000000000	-0.6041719906998604 1.3235344747591518 -0.2963505787188683	-3.1140205822409261 0.4016525502764095 -1.8251721746642857
10.0000000000000000	-0.1041388719119835 0.0830631115969649 -0.1268718160118390	-0.7082421566700149 0.1572716805029212 -2.4408203474895820
10.0000000000000000	-1.0431988994443113 0.1668349082221376 0.7655006368516314	3.6759190071959544 -1.2390480428662438 -3.0128341295754382
10.0000000000000000	0.2049045170575574 -0.1810888027437744 0.1819157069245660	-0.8790147862017571 -1.5261973382958183 1.5418681752453534
10.0000000000000000	-0.4064076834674790 -0.4654410342737124 -0.3724653191414662	-1.2925063742604224 1.4229559427955811 -4.1775476874543322
10.0000000000000000	0.3150476318675597 -0.0129477656613070 -0.0304184301356733	-3.5254290833011512 0.4390174281776527 0.2169762479825936
10.0000000000000000	1.7925795066095982 0.3980103984325297 -0.5381282499018309	0.7963833168238272 1.3608146689863989 1.2058976646719559
10.0000000000000000	0.2166209841361567 0.5464372425965690 -0.2975990053596740	0.5034928960487292 -0.4242067472535027 0.3619205389501557
10.0000000000000000	-0.0953003175956231 0.2521298370356061 -0.7553875517366875	-0.7869358381788389 1.1555370212738332 3.0745571525149340
10.0000000000000000	0.7054868841899855 0.2677106158528067 0.0967409299979565	4.0169681236636290 -0.7722440821632149 0.9932761720749772
10.0000000000000000	-7.2107264305372674 -7.4863414727839146 6.4786394494622268	-0.4016496679663869 0.0351134013681355 0.8093022357711700
10.0000000000000000	-0.6106372868618128 1.0967768876031483 0.0749357153582919	-0.4613664790374499 1.0088432431550498 -0.1463428897243882
10.0000000000000000	-0.0613506532908891 0.3824605988243258 -0.2650290157871757	-1.3672870203496112 -1.2982468177264592 1.2699982396110954
10.0000000000000000	-0.3817108409345286 -0.5535387599468212 0.1767772609672171	0.0374730728782245 -1.0403225476516464 -0.9719655494911135
10.0000000000000000	-0.0355293127560675 0.1669012470023424 -1.2159916406382738	-1.2635864128355672 -0.1811376059927002 1.1626313027849402
10.0000000000000000	-0.3991443641900358 0.2753369473783937 0.6958240440259851	2.4467184214186899 0.3028539855982146 -3.8863843523953565
10.0000000000000000	-0.8242057606473784 0.9608605358589749 0.1647691365071810	0.3218081908020667 -1.2244087818718090 -2.0496564820717742
10.0000000000000000	-0.7869231015758831 -0.4773474694847101 -0.3143758379482016	1.4176272870921429 -0.4111334982352713 0.8029768007201145
10.0000000000000000	0.2395552197080942 0.9474654107795304 -0.0915401462173089	-1.8588421360469349 -0.2761692841244294 -0.6077036593373716
10.0000000000000000	-0.4684307389196112 0.0049571995481871 -0.7015274726048086	3.4859032024287435 -2.3962118578561680 -0.7353856625728008
10.0000000000000000	0.0083479945893834 0.1684738365309651 0.3233768566304063	-0.1135702870110619 0.3427502877019380 0.5887464257998689
10.0000000000000000	-0.1803473434759745 3.8049869169862545 0.5089983961748037	0.7519419985043327 0.4305947456016515 2.2214442624705351
10.0000000000000000	-0.0815542144042791 -0.1631652167646012 0.2860212730676512	-1.3495991820597824 2.6548175395023716 -3.9617404959108478
10.0000000000000000	-0.1088869068003575 -0.5733929744698791 0.2187225737889201	1.4676420379974753 3.5558081840699214 -1.3662387429630056
10.0000000000000000	0.3198893498124965 0.2201477564224065 0.4698223183851012	-1.7425273282355125 1.6996370897856992 -1.1848999869725008
10.0000000000000000	0.5802162895088517 0.3824186525319831 1.3066255651026795	0.7265862812083399 1.4811320862279560 -2.4932363838296596
10.0000000000000000	-0.1187640013056625 -1.1810199835646471 0.2707911146508537	1.4923493369763923 2.5221530886368457 0.0293106660008858
10.0000000000000000	0.4315985957492351 0.1682977828251438 -2.0635479151413825	1.4667945438981242 -2.1873693046153022 -1.0658057209351643
10.0000000000000000	0.6445395724036227 -0.5131570631441383 -0.6269124226438835	1.1521820467183184 1.4402442268235809 0.2249387696172676
10.0000000000000000	1.3503262391423141 -0.9754284513195486 1.0379133224381800	-0.4171049694734285 1.0850714290802985 0.1051160102805348
10.0000000000000000	0.2599547643795319 -0.1738911136702314 0.0085237834024150	3.5248581933699397 -0.1389354001090829 -2.1341225741064314
10.0000000000000000	-0.3105815667430959 0.2013785278162218 -1.0337561288128498	1.6974173721876384 0.1077510728821303 -1.4488485736100711
10.0000000000000000	-1.8059157917671480 3.4652493180397532 -1.1063137113448962	0.1778945186851120 -0.2065888055703142 -0.0308705405635388
10.0000000000000000	0.2404229410586997 -1.7522187187812208 -0.7423735864277868	0.9918906690622715 -0.8892687454779845 -2.0774750974809595
10.0000000000000000	-0.4007882322480872 -0.1312705574390813 -0.0498766206934802	-0.8594373058080306 1.0954270905370180 1.4386755645908806
10.0000000000000000	1.1064313113249518 0.3433823627565586 -0.1991633943356565	0.3462299340888366 1.4532874259557291 -0.8679915362352493
10.0000000000000000	0.6494981112987153 -0.2714739913249024 0.1359992201532229	-1.3202628628134740 0.3271113083182308 3.2339348780510684
10.0000000000000000	0.7588921305396965 -0.4208081848955598 0.0921725533802191	1.1678547371607695 4.0293064394052820 -0.6477055856823651
10.0000000000000000	0.0677871784637582 0.0939124404004531 0.2472656861791720	-2.5309898625692617 2.6330215861313588 1.6266456923785440
10.0000000000000000	0.3413382267927837 -1.4374822740307229 1.3283211203994612	-1.1942436953746836 0.6446407201563212 -0.2920354708294775
10.0000000000000000	-0.4023231167786661 0.2944323398176293 0.8569820817418246	-2.4809826145569804 1.3789381533439666 -0.9009918661743638
10.0000000000000000	-1.2483923718101768 -0.4083150212191765 0.9900177658106240	-1.3848645607187060 0.0895097194437998 0.0681733703123264
10.0000000000000000	-0.4742814091954735 -0.9456863008309867 -0.0909203827370265	0.9626223587523477 -2.0989169884767689 4.2219068186420472
10.0000000000000000	1.2587850302337409 0.0104333169461537 -2.0705316466038943	0.7087010296065744 0.7349595560543057 1.0449505656490630
10.0000000000000000	-0.1183775685939935 -0.0509174726176816 0.0802025595004713	-1.8030300892216455 -3.0479867503019551 -3.6637949037617297
10.0000000000000000	1.0993520648719981 1.2636045860627148 -0.1069487724969133	-2.5069314404683971 -0.7447713899680540 -1.8239414995155556
10.0000000000000000	-0.0585025913070438 -0.5645433350917922 -0.8846580719830666	-2.1713540375623306 -1.0380763588337243 -1.0407941732350985
10.0000000000000000	0.0066405945952812 0.0656484154807962 -0.1303027927134023	-3.9016214341347601 -2.9926686723754607 -0.1975889575880341
10.0000000000000000	1.2810293273758511 -0.7880733661795146 0.2445691009332530	1.5921319509348679 -0.1466902856119346 -2.5511765681640921
10.0000000000000000	0.6944378403353948 0.1593904527508074 0.5689335233188747	3.4673593744636846 1.8558329148060966 -0.5783564372807117
10.0000000000000000	2.9763830248930643 0.1918956461493334 -2.8196544243466519	-1.1408043147295019 -0.2159957795665668 1.3005877921864990
10.0000000000000000	-0.0716138130509088 0.1634012839834783 0.6301075848451959	1.6007866301509737 0.4590660233451072 1.1763953665118934
10.0000000000000000	0.6841790400568891 -0.3458768307013612 0.0303856485562511	1.0126099242063427 -1.8706051088391999 0.2186154384638471
10.0000000000000000	0.4850695639449492 0.0694253561819722 -0.1214833563214425	-0.7603515098193966 -0.1733477410103875 0.8140721332532233
10.0000000000000000	0.1170712327199826 0.2847568548453457 0.5536792297536614	-1.4648232625979045 1.7215918725710544 0.3090542668870124
10.0000000000000000	0.4915326812423115 -0.7057037220355021 -2.6702402023537095	0.2623209967864357 -0.1085827170027811 -1.0402262435515202
10.0000000000000000	-1.5504510163527834 0.9021910740575636 0.7749839922176126	-0.4741550172385415 -1.6603269616657388 0.9670192599010743
10.0000000000000000	-1.7649717324622489 1.5996334095183609 1.1541011705212705	-0.6377293564222773 -1.4940087796099182 0.8265837664941215
10.0000000000000000	0.1252002112682442 0.1664259126337021 -0.1616331731887512	3.4016504043801188 1.8883258902613369 1.5322155959740231
10.0000000000000000	-0.2979276056211833 -0.8546742406885983 0.1148519026701479	-0.3780873942470494 3.0415576587091961 -0.0983346152633968
10.0000000000000000	0.0662095431781659 -0.3091756872650794 -0.2289869861804917	0.7046217982607678 -0.2366397226201802 -3.6689631318955715
10.0000000000000000	0.4489616861629405 -0.1312244821739885 0.2971542726843516	-1.8611834572841464 2.3091992356846354 0.1477580583350065
10.0000000000000000	-0.6212446008989629 -0.4973661594133911 -0.1795988487359696	-1.7151016346263492 2.2488520387442006 -0.5544624321166888
10.0000000000000000	-0.1926866117525342 -0.3687492937302152 -0.0919407805659361	-0.5132635982468224 -1.6602036476125297 1.0252626941470386
10.0000000000000000	0.1827788977310024 -0.1529725846656371 0.1580012180587783	2.4937022373025548 1.0487732708802864 4.1631935634285755
10.0000000000000000	-1.1350065266036471 -0.9215323368032525 0.3011410231603016	1.1450401507687604 2.5028329785959587 -2.2286162488126151
10.0000000000000000	1.9151512665933828 0.2887045425960753 -0.9177432311646646	0.5892340930914690 0.5291250670826347 0.1198501862926481
10.0000000000000000	1.1259544593476072 -0.0166674120051636 -0.2492898987839046	-0.0229140561627505 -0.0366579417833533 -1.9081157734453384
10.0000000000000000	-0.1372920714018301 0.6109584955654320 0.3931757972898278	0.0228502709800021 0.8930775955838255 0.1389693880291219
10.0000000000000000	-0.1018634759334128 -0.6970232824016458 -0.3914380976828475	0.5369128718618322 0.6369809658478720 -1.2124739413880454
10.0000000000000000	-0.0216273106362266 0.5729717234624219 0.1531962975021175	-1.7296593403692893 -3.4298344772910694 -0.4424600221353944
10.0000000000000000	-0.4801955737233281 -4.5730712883955444 -1.9134340818902698	0.7833841444014112 1.1324033139892191 0.5596321518864114
10.0000000000000000	-0.6334891106989918 0.1864594575051447 0.3637662399331948	-3.4174753184684947 0.9442853887183554 3.3073282854703190
10.0000000000000000	-1.0052999456266398 2.1456353331882556 -1.0281879826886355	2.1358080822483392 -0.6920537052290326 0.1454923888143155
10.0000000000000000	0.5936888474806854 -0.2688116414780417 -1.4358852468894134	0.5463200651082477 1.1845197556068503 1.6413482105890538
10.0000000000000000	-0.1068406201820713 0.2529409105974277 -0.4761008791737473	3.6275801563953025 -1.9124219210418822 0.4569935069590649
10.0000000000000000	0.8171110344574498 -0.7555370411675548 0.5643615366672157	3.1973974779268106 0.3390574972346534 -1.5269959265743638
10.0000000000000000	-0.0962946117763176 0.3328942334459757 0.0479598003596413	-0.1856018983376317 -0.3312310398574794 2.3150900096337566
10.0000000000000000	-0.1503210493402481 -0.2337975904476726 -2.0024639850194137	-1.3051527319698475 -0.0757037227656589 2.8341524536402365
10.0000000000000000	-0.2591248291295446 -1.4907852250975862 0.1405103504044203	-0.0916301973125903 -0.6302770624286921 -0.2481854916236367
10.0000000000000000	0.0625877653268061 0.6968958918692109 -0.5242064214713981	-3.4269450853280010 2.7363619759328732 -0.8142851928931301
10.0000000000000000	0.2725613916349638 -0.8316833675598766 -0.3468824038970830	0.4293717543202434 1.4285094238389549 -5.4837546928103551
10.0000000000000000	0.4286602784655654 0.0871018420010634 -0.2139574542413514	4.2561408885788792 0.2986784619223830 -1.7090972330023970
10.0000000000000000	0.4872897731794332 -0.4443129541602704 -0.2633649463311901	1.3109381066457284 1.1034267293492013 0.7933508172634394
10.0000000000000000	0.1728156453384654 -0.2847922529283378 0.0928405638384622	0.9614372192428041 -1.8488032469093636 -3.7323208913355725
10.0000000000000000	1.7954858994233869 0.4341442783114401 -0.3017535023899843	-0.6181107339022502 -0.8141672134096146 -0.1093447464064381
10.0000000000000000	-0.1242529548892589 -0.4765961087784290 0.1680527064352094	-2.4153578062555199 -0.2401537932815867 -1.2310638850351387
10.0000000000000000	0.2192574066135470 -0.0604226543296965 0.3799691999062758	-2.7842828816199878 -4.6995394934748598 -2.3881067829059122
10.0000000000000000	-0.1291051791145680 -0.4401216918817092 -0.1206662282892378	-1.9737224750905429 2.0198740661842409 0.0910667323650143
10.0000000000000000	-0.3166171402870369 0.0296284296113768 0.0937266190211200	-0.2144513731101938 2.1189612848596520 -2.5561555674859839
10.0000000000000000	-0.6147237441732287 0.9868251153135170 1.1854839165878273	0.3908601799506793 0.3784970134731802 0.9828108273391457
10.0000000000000000	-1.1029348936979104 -1.4270963055049117 -0.6398475876389680	-0.5477949471428476 -2.9822217262276425 1.2426505862997603
10.0000000000000000	0.0775320401254645 2.2182852099400536 -0.5290213380157507	0.5586854751424504 1.6258880325921792 0.0611040285880092
10.0000000000000000	0.9659909307113255 0.7458914472445369 0.5037625183186670	3.0767114028507163 -0.6696677960858872 0.5819815498779548
10.0000000000000000	0.5099084395751685 -0.5281104683408210 -0.2204973597223384	1.5643253384544686 1.3739080998965632 -1.9114908177321686
10.0000000000000000	0.1065674989778241 0.3496733948749112 -0.2990085813544446	-0.6107259955712671 -2.9271939341797957 -2.5060189187208128
10.0000000000000000	0.3018825722590625 -1.3284051767687484 -1.3580974568281790	1.5002382364739140 1.0068168848249370 -0.1058651617783583
10.0000000000000000	-0.1268917077687637 -0.0905046603907963 1.6896952591415648	-0.2401254572352415 -0.3996177222759746 -3.3598153123884869
10.0000000000000000	0.1122906755360323 0.1297758806093012 0.0451279610550400	2.0011796482166129 -3.6817062923164356 0.5696180187747993
10.0000000000000000	0.3425274218199366 0.2402545927370955 0.1879019484852924	2.4223414175851268 2.4356334706020890 0.2483153282140709
10.0000000000000000	0.1955931378731543 0.3086319124748316 -0.1729179796544074	3.8089730134748754 -0.7773565758801613 -2.9526138745686876
10.0000000000000000	-1.0147952139740415 0.2293695518526606 -0.6942493917382249	1.8794152573634320 2.6447580814744756 3.1943610750017890
10.0000000000000000	-0.8767791490972784 0.4701302535775254 -0.6214173798773871	-1.6181277847849307 -1.7925326967196380 0.9031792092364666
10.0000000000000000	-0.3126982426353835 -1.5721445494019233 -1.0712069299737754	-0.5024386350343774 -2.1351848369384596 2.8312958372257677
10.0000000000000000	-0.2313164981470428 -0.3129463273529368 -0.0220088848451970	1.8435665564663433 -3.1457572339305675 -0.7228553542409695
10.0000000000000000	0.3895378849652560 0.5275348727027773 0.0293020748377883	-2.9317470845135740 -1.9058475166992568 1.3926330116717687
10.0000000000000000	-0.2763877504321680 -0.2944837928462146 0.4125377127985592	-0.6643964020436721 -0.0471909820436795 -1.0635596029081860
10.0000000000000000	-0.4986677574201534 0.8256564287856318 0.0119196114611957	1.4337827647880721 -1.0218411358302324 2.6781415322075981
10.0000000000000000	0.1216394048640543 0.4576861475297965 -0.3661131266542356	1.6371468249126591 -2.5458978273528228 -0.0518684390083337
10.0000000000000000	0.0189978836788968 0.9717338939867018 -0.6454434612749999	1.0993556478016091 1.8987435017073919 1.8150172845848613
10.0000000000000000	-0.6841675259810078 1.0804164614763165 -1.2282892478836085	-0.6323251222636120 2.5833880103241329 -0.3714094921608621
10.0000000000000000	-0.2697511447344099 0.2058427834730910 -0.0350177509890084	-2.5248244037419907 -0.8845917048048458 1.7285291679692940
10.0000000000000000	0.1965674759216028 -0.6314518735095498 0.5303231823329080	-2.7068431288812893 -1.3628508523481311 0.2140176628027842
10.0000000000000000	-2.2527603792534441 -1.1050571422576456 -3.8576300671514052	0.3121527543394506 0.4736080009583979 0.7908938808600606
10.0000000000000000	-0.1612386769134513 -0.3586042253464761 2.1452137236429483	1.8544964063766043 -1.8487941654550362 0.6713222277500612
10.0000000000000000	-0.4921946477701116 -0.2059251923284101 0.6162474206178338	1.4941908061738223 -2.3185619823659280 -0.2533794437575211
10.0000000000000000	0.5154371603062300 -0.3106485710629159 0.4748107369571891	0.0744660894809152 -1.8850823611160297 -3.9263862790305271
10.0000000000000000	-0.0698203254476356 -0.1305560381861252 -0.2450758929432401	0.9463096174284614 -2.1794439662218825 2.7987498171074439
10.0000000000000000	2.7263604213786410 0.5267894687736482 0.3737193297684686	-0.5056267581866232 0.2084145424401548 -0.0042184532428330
10.0000000000000000	-0.2452695919014737 -0.8328682245109782 -0.0297669829709065	2.0845700847969111 0.2193081184468273 -0.9168491551708658
10.0000000000000000	-1.0778079459219210 -0.4263421014353760 1.3441048618496729	0.3324482811598464 -1.2354044404788522 -1.0988360987592689
10.0000000000000000	-0.4277057366695009 0.3744186217033665 -0.4043991364522261	2.9242339498571863 -0.3283992883180329 -1.7315740773282715
10.0000000000000000	-0.3884359517420929 -0.1801140800813405 -1.6757973122042316	2.2734041736007096 0.2986351339657839 -2.4661237084720589
10.0000000000000000	1.2472997053071408 0.5161253094204636 -0.4457198364718907	0.8616635088089640 -1.4046241388454574 0.7661171586858891
10.0000000000000000	0.0346968774399758 -0.9641080865275312 0.5708840418475429	-1.0573741698491066 -0.8081459446148169 3.6688301659434313
10.0000000000000000	-1.0946327309257162 0.1932395738519001 1.7010846077366868	-1.0073082356895540 1.1909723824919181 -1.1813333859712822
10.0000000000000000	0.3966104145418239 0.1703765903790639 0.5024592891622087	-0.7021465180884028 -0.6415978751613157 -3.7198727558467204
10.0000000000000000	-0.2046767389504410 -0.1064065460487682 -0.1252827311908534	3.1662780454833435 -3.5280418950009813 0.7920620670778104
10.0000000000000000	0.5100040566528937 -1.0072493508550955 -0.0062594777125793	-2.5686040953812692 -0.9655343162559877 0.4157773194706042
10.0000000000000000	0.2881505227240012 -0.1352904019713834 0.5794773980015648	-0.0679167990777635 -0.2412746076064886 -4.1037383087108523
10.0000000000000000	0.9433749584029772 0.4585970293279183 -0.3243363975521812	-3.6121106360578454 1.2500437378270883 0.3615522471004675
10.0000000000000000	0.3920344624174789 -0.7685486966008969 0.6418360501439824	-0.8368987971011184 1.3721442806042605 3.4307375571388103
10.0000000000000000	-0.2988592911468146 0.7133446553743240 0.6714081936395210	0.3316516387388264 -2.9147878519546255 -3.1768792833104977
10.0000000000000000	-0.0380760465231930 -0.3790377103145659 0.1382594117865356	-0.9825379513891221 2.1343122915489854 -0.7352419054659700
10.0000000000000000	0.1534114971650154 -0.0387454693224348 0.1584510342312468	0.2514238734408077 1.6840203079608325 -3.5577354767295741
10.0000000000000000	-0.9756542924539073 -1.2209900747861981 0.7519308800664180	-1.8392658789684788 -2.7939319199884292 0.3788281393537744
10.0000000000000000	-0.6453655591461233 0.7520114333509588 1.0240467004262150	-0.4442965296042012 0.2114974727152559 -0.5348925769188202
10.0000000000000000	-0.2424247188106333 -0.2552618787850774 -0.0234328415538061	-3.4040214660516330 -2.2123260274576331 -0.6926065881652881
10.0000000000000000	0.3991950152990612 -0.4027048134785465 0.4451321512609383	1.8502721967620963 -1.0120526572598023 -1.7219508564325432
10.0000000000000000	0.3648308404251617 -0.4289542503876810 0.5668963474632306	-3.5196533019253837 1.9063906844395704 -1.1906924321236929
10.0000000000000000	-1.3264432061474487 -0.3265181659455321 -0.1470118702847909	0.2745015983043658 0.0329235396733964 0.7923179383203255
10.0000000000000000	0.8245854264104292 1.7481898325756529 0.3498843053395261	-0.5168918351908248 0.8528633711751888 -0.0609464085356126
10.0000000000000000	4.8585929774698435 -6.5356366536147004 -1.3696021461020542	0.0745396443191015 -0.4897838919950695 -0.3437314580027642
10.0000000000000000	1.5276182520228390 -0.0469952531069493 -2.3548146252661275	-0.5388405540249606 0.6519573604028497 -1.3588471681344994
10.0000000000000000	-0.5205861407145198 0.3011343260479985 0.3907261023695803	-0.5863515777593513 -2.9609058510490041 3.7566990478654989
10.0000000000000000	-0.0694776091033053 0.7419177841552144 0.9649089107898242	-1.9223657813941299 0.0749930903436224 -0.2858243621776291
10.0000000000000000	-0.3674126233881300 0.1061413717734087 0.0530960230099145	-4.1323369346185137 -0.1849553773647831 -1.2604771392219538
10.0000000000000000	-0.3816814408761651 -4.1947986944994806 0.7496955360160952	0.1242419522536611 0.0518498777061903 1.7659676458580227
10.0000000000000000	0.7343753206543473 -1.2458353344035156 -1.2726020634606816	-0.3933691664088016 1.4268421055371900 -1.4505647593920292
10.0000000000000000	0.0833863411045969 -0.6093882161690095 -0.1564167875449456	1.3506445711923061 2.0145817724268427 3.6575842493601711
10.0000000000000000	0.1967560998323890 0.2490411437776205 0.7919363103494670	-0.6216264047097614 2.4097106132232078 -1.5026505294998711
10.0000000000000000	0.0522776820379643 -0.8846147314724024 0.3412567018765618	1.5892383384758901 0.8777226122991341 2.2896546570949852
10.0000000000000000	-0.4904776572423589 -0.7241601264882699 0.3198685459913476	-1.9524188512654506 -0.2741676030904175 3.3730002044102907
10.0000000000000000	0.1797848123166265 -0.7871281757742148 -1.7627772901463381	-0.6293385585644091 -1.6896825344101969 1.2843607832458241
10.0000000000000000	0.8539976035251216 -1.2826331447790909 -0.3878203145811938	1.5085316320599305 -0.6431453962133303 1.4141164526538148
10.0000000000000000	0.3512904415009582 0.2712108633991623 -1.4518048582501835	-0.3635587277337609 1.8921943460665880 -2.1256498098219572
10.0000000000000000	0.0334781424537569 -0.1514413342943038 -0.0276126695890072	1.0304936267747116 0.0688476889013255 -1.9348409742894723
10.0000000000000000	-0.2867060110003213 -1.9189578530838352 -1.2515192604352794	-2.1344763010845580 1.6397910915955731 1.5658841932337850
10.0000000000000000	0.9227728227860745 -1.5801141551679658 0.9113059203748028	1.4629853421898102 1.6828042670991783 1.7336793206193839
10.0000000000000000	0.6320773268437794 0.5880697479458723 1.1938677496364860	2.6203840711216637 1.4331222908762178 0.0353374511954101
10.0000000000000000	-0.3852535367860564 0.2570062177800897 -0.5782089571337118	-0.8901941615612144 2.0590386200205986 -0.2848314436654802
10.0000000000000000	0.6966800340685732 -0.0429510307885400 -0.1216306446912485	0.2280372907727423 0.8331194160094202 -1.8054002356703298
10.0000000000000000	0.2177995941993959 0.7240721955503107 -0.1922925085103675	-0.1913507661666312 0.4470214796644059 0.9447787944173088
10.0000000000000000	0.1555628572011269 -0.1785881968550020 -0.1555362518197737	0.6621893631301651 -0.4353280016395902 2.1660496666172708
10.0000000000000000	1.1701432875807973 0.9178167459651753 0.8033282065126208	-1.0469004842449496 -1.8075405801647917 0.8990760468634155
10.0000000000000000	-0.1096838195138479 -0.3773723175648981 -0.3560012190631941	0.0620210189072488 -2.3459428630482329 0.4006283912831157
10.0000000000000000	0.9920292642850961 0.2876920787348501 -1.2624375028754016	0.0353089397348810 0.6041455117467286 -0.1669174727951059
10.0000000000000000	-0.1889401442596589 -0.1886528767804951 0.1024904787250366	2.1426974377033448 1.3525542659147631 1.6572423437112214
10.0000000000000000	0.3549914006820467 0.9425965877912620 -0.9024203822550541	0.5073704682658079 0.8064914158559923 0.9508776457832447
10.0000000000000000	-0.8000757055042076 1.1409525484311178 -0.2788250502622860	-1.7427478191827002 1.6678371544687629 2.4423399848128349
10.0000000000000000	0.0462283972672039 0.2059101521818542 -0.0537763084491042	0.9159334377057942 4.7821972580241257 3.3793166734502242
10.0000000000000000	7.2512523612524440 3.2153909328958461 -7.3145938591061412	-0.3498018611840438 0.5901468429926574 -0.9738103670201878
10.0000000000000000	-0.0160075578746863 1.0595065520440947 -0.8154014584295378	-1.0418137866666186 2.6280540853101551 -0.3380195670501447
10.0000000000000000	0.1141325709497422 -0.0490224416646375 -0.0731524368279327	1.1147457413634880 -2.6073809730205229 1.1104081171497084
10.0000000000000000	-0.2226308225916403 0.6650134519300364 0.4487450244353289	1.7810775568585524 0.4010707981987940 0.6480362807189357
10.0000000000000000	-0.9045122152138964 -0.1343754356263267 0.0286751209033913	1.4222924757552708 -0.5131948185281304 1.7208716050135244
10.0000000000000000	-0.5421638080279844 -0.0207259244863667 -0.1779993269388946	0.4533458521813507 0.9477229160003388 3.1158046666393915
10.0000000000000000	-0.5765566504198003 1.0033403175358730 -0.6607378896486007	0.3801123656534446 0.3195334979340209 0.5711544935276207
10.0000000000000000	-0.1909753137446762 -0.3518906770591592 -0.4497801515263056	0.4522137623443632 -2.3657788624028768 0.0593954516156710
10.0000000000000000	0.9974790412896406 -0.2430847152293625 -0.1996153560551799	-2.8362175485353509 -0.3327934703041284 -1.7997601718935210
10.0000000000000000	0.6652871847550120 0.1680657265336904 0.0462722632688727	-1.3866475080091503 -0.3586136715059435 -1.8731992544032940
10.0000000000000000	-0.1486376680170008 -0.0814258189160083 -0.0792278491015345	-0.6775067897661133 0.3092758861633221 2.9627410391957785
10.0000000000000000	0.4190784761914960 0.1795131950211252 0.1677174215518561	3.0442862082258602 0.6030153939151948 -1.9338806571997069
10.0000000000000000	0.1496444434353457 -0.2365617229485202 -1.6597136948131284	-1.5514139050002957 0.4164757924799082 -0.3399633087594152
10.0000000000000000	0.2881933280621215 1.6574728990566814 0.7919758778779690	-0.0323340168999980 -1.5422169846882980 1.1225764786593453
10.0000000000000000	-0.0919601956757875 0.1197588487598784 0.8272758387094998	-0.6162488340934975 -0.0607752791123944 1.3156989349194153
10.0000000000000000	0.5666547686816699 -0.3340784696449139 -0.2530928298831700	-3.1864197641201235 1.4208953311384092 2.3786499320839734
10.0000000000000000	-0.2458290574569478 0.0261331689057174 0.2743155890913477	-0.2179892769674643 2.7929960312016950 3.0160213387410546
10.0000000000000000	0.7076059254867266 0.8352950331026232 0.3448659013511978	-1.1251982404284366 1.3416416933050044 0.8992500222880623
10.0000000000000000	0.3872652068560770 0.3270965787669504 0.3135298734899655	2.1305068761824999 2.6894949781336286 -1.2192530302901206
10.0000000000000000	0.1899901942614241 0.1942757218139805 0.2494326000035324	0.7867000189014194 0.8635820843184925 -0.9750185066406479
10.0000000000000000	0.0450257644119774 -1.1366592139343785 -1.6985272793923525	1.5978194223802618 1.2762213862527458 -2.8043079954950665
10.0000000000000000	0.4367699045646611 -0.1112962285508984 -0.1634052038565902	0.2916002941883130 4.4336306283350604 -1.2876082893846121
10.0000000000000000	-0.8960681946977784 0.3011058108264248 0.6230782227673830	-1.1401597596884119 -2.8132760567237773 0.0327353408458278
10.0000000000000000	0.1955637059923557 0.3696505487053007 0.0835818198037379	1.0736832836250465 0.7026989055808123 2.6601836527692364
10.0000000000000000	0.0965200795715550 -0.1746442811194301 -0.4376887112876856	2.8597486306972444 1.6554031653464303 0.8062909036862926
10.0000000000000000	0.4220903350183364 -0.2855650798577573 -0.4768460267886565	0.7658996546346769 -0.4594134734053377 1.8127406371179375
10.0000000000000000	-0.4080649815325034 0.0107087792517257 0.3397339103412776	1.8614027930833961 -1.7018005012699817 -1.9454305024494747
10.0000000000000000	0.6297269789107696 -0.7169735009845589 0.3800371234403944	3.0809832072402852 1.3586787304425456 -0.3394069161002338
10.0000000000000000	-1.1486179862504664 0.0716511427844324 1.3329355907330018	-1.4860243676188307 -1.5848791954554911 -1.4831071371840787
10.0000000000000000	1.0966554661281964 0.3820266817156844 0.5076423021225162	1.0791297593377716 -2.7828489896415287 1.8192203823274820
10.0000000000000000	1.9421261207246272 0.8427188663507701 0.9202532301386777	-1.3135809368333817 -0.5046879752711155 -1.4481926397061442
10.0000000000000000	1.7073970243006666 0.8141495103114872 0.8510731804165543	2.0241387616105984 -0.8110589133629342 -1.1882279864266387
10.0000000000000000	-0.5593225567501061 -0.3381763871138423 0.5816702134434275	-0.7714606329277750 -0.4382002741729294 1.4294476754677086
10.0000000000000000	0.2165536374323129 0.0620607083066256 -0.1237822561091304	-0.0109838607564669 1.3773051455286749 1.5944442133016581
10.0000000000000000	1.1374689694371600 0.0471296202802111 -0.4924674950191590	-1.2655139927091223 -1.3995139826755367 -2.0705513094500927
10.0000000000000000	0.0714830248108342 0.9310618057432046 0.1425571746463805	-1.0309998146002146 1.0236846581917314 -0.5959957949910522
10.0000000000000000	0.4313302365131441 -1.0836539511872900 -0.1492821823180918	-0.3112715227143575 -1.0701043468999973 -0.6758639220095640
10.0000000000000000	0.4271641954131060 0.7489655418130367 -0.2317716017643555	-1.8063093763306821 -1.7083959645511517 1.2681673042459356
10.0000000000000000	-7.5594389813651990 4.1724090205095159 -24.2310108861091180	0.4194043213971534 0.0507335208666770 -0.2447178308225516
10.0000000000000000	0.7478873090246615 -0.3530042154543612 -2.0249540565747801	0.2361218297282986 1.4541408450144380 -2.8747262494306076
10.0000000000000000	0.0309863035465884 0.0629617013374976 -0.4323245873699965	-1.3601424034453706 -2.2705930097968992 -0.3447573851099098
10.0000000000000000	-2.1568419699124997 -0.4534813319654024 1.8707906051712095	1.1072326149250675 0.4324117749600858 0.6069958498025477
10.0000000000000000	-0.2787198954403382 0.0130181712592076 0.1337571595401952	3.3397911271435365 2.0177223012250725 1.9645814731980376
10.0000000000000000	-0.0687035340110779 -1.8078597311745490 0.8467742829472292	2.2060726746073875 2.0120095247948480 1.4516624101447495
10.0000000000000000	-0.2385717150362130 0.0340611365169812 0.7453273713242449	-2.4236898811470282 0.3533046260238032 -0.1608586185211794
10.0000000000000000	-0.0572985747769534 -0.4309030744658501 -0.4540050349548755	-1.5510045604510960 -1.9740277881322132 2.5323123493815207
10.0000000000000000	-0.6874658781420429 0.4432821138073276 1.5724468978064696	2.1149425800494503 0.5365463807909924 -1.2443760208465537
10.0000000000000000	0.2982272345753862 -0.2874251370979355 -0.6503078581925686	0.1852958694337466 -2.4460659335166324 1.0244592670990200
10.0000000000000000	-0.2796997425515961 -0.6892758684027919 0.2156035419229375	-1.3675412308667945 0.0418961822926148 -3.6623970007412070
10.0000000000000000	-2.8375083944797681 0.3114406403159317 -0.2014712606506927	0.7603777656575753 1.2189682465831890 -0.6080953783689492
10.0000000000000000	-0.2317997890261939 -0.1869259624411178 0.0280345838668327	1.3871920314309685 4.0719554358669718 0.5025832048978419
10.0000000000000000	-0.6539755722619186 -0.2033616243427312 0.4036698948320846	-0.4679301779239469 -0.2986658033723025 0.0176951352297692
10.0000000000000000	1.0981656440402476 -0.5073313837667496 0.0316388450860567	1.6135278172892553 -0.9743623264770560 0.6907459500559689
10.0000000000000000	0.8163850493288733 -0.8277977830143274 -0.5888750330606398	2.1854964145619804 -1.1667465764688538 -1.0648844339978496
10.0000000000000000	-0.7208162100735404 0.1198988901864198 0.2943132587531340	0.1297382478733299 -4.5808949538400991 0.9787860718410438
10.0000000000000000	0.1924588431908432 0.8097263742763577 -0.2551919242428398	-1.4181367823685627 -0.0598081509612976 -1.5572019677540518
10.0000000000000000	0.7262905946514953 -0.0256916863504080 0.7872652294370157	-0.3383933821246058 1.3276541289864090 1.6129393622756487
10.0000000000000000	-2.3296293962630235 -2.2112966933324749 -0.3115889904376929	1.3210790198156417 1.7492329448386172 0.9984609658313596
10.0000000000000000	-0.8005556271512289 0.7136021921191146 -0.9316312867542675	-1.5663074030071782 -1.0477885650730072 -0.8873329557361460
10.0000000000000000	-0.3455778065859482 -0.0543809547835423 -1.1139179318431753	-3.4778425350498798 2.1133506865232006 -1.3573908132084098
10.0000000000000000	-1.4794125204726603 -0.4007253370506128 -0.0013851607699150	0.0472821136324741 -2.3238189949642489 -1.5407534657653021
10.0000000000000000	0.6200237248448079 0.0642867070491843 0.0818527773403011	-3.6993669571611885 0.1521954650981750 1.7568571742778403
10.0000000000000000	0.8693747747753668 -0.3333478634435291 -0.3760492495676611	1.9291364308089927 0.4182706154991317 -1.7853390522531667
10.0000000000000000	0.4416295801546410 0.2710717814851472 0.0790727027700342	1.4287739039916529 2.5743403033848975 -0.0203312692614077
10.0000000000000000	-2.7324760288287395 -0.3682320011904719 -0.3210226794111068	-0.6595451415175917 -0.7019569440779698 -1.7966984230287633
10.0000000000000000	0.2349658362743446 0.1966069467956757 0.2272103495408157	2.0864833180581388 -4.4808202559179735 0.6417668120364977
10.0000000000000000	-0.4010827764620504 0.2269537916129808 1.1038270738430860	-3.3814550339591194 1.8319575307867844 -1.0275310378836955
10.0000000000000000	-0.2671863825676937 0.1370078060533475 0.3037618829154757	-2.9657861375254297 -1.4753834597707607 -0.2529150841607812
10.0000000000000000	0.6048331509370891 -0.5226569178952793 0.0437487466571950	-2.7205189623883443 0.4678990775919004 -0.0121071645174717
10.0000000000000000	-0.0588270269201595 -0.6052310474066654 0.1072549206017582	-1.4352799377967140 2.9831940568190376 0.6315739765869713
10.0000000000000000	-0.2405925135445749 0.1129918663199341 0.0023219232350487	1.1584207001977316 2.9486085686686114 0.3775885820794637
10.0000000000000000	0.4530091388984751 0.0062856257344660 -0.0558671161015036	1.8645689523348767 1.1939608951543892 2.4103376402976067
10.0000000000000000	0.9999597170711786 -0.1576537829956177 -0.6176217629613250	0.8445335034760142 -1.8238107895388416 0.4749826648534941
10.0000000000000000	-0.2261177103734198 -1.0823074584172350 0.4527578704583185	2.5785958732649110 -1.3411744762238038 -3.2148310074663224
10.0000000000000000	-0.1426422707755463 0.3776904785011056 0.8154560087027640	0.5901619863797591 0.6304322354627838 -2.1635618948436250
10.0000000000000000	0.3084410512128571 -0.0675779393646109 0.0092889766112416	-0.4928191276666044 -2.2475106975713137 0.1936348013848263
10.0000000000000000	-0.0926380222405595 0.1131600401535268 0.1386247476531607	-1.9283521669177748 1.6199387456295524 -1.0433458954185952
10.0000000000000000	-0.2774588705142756 0.0620511346815174 -0.2252120758817438	1.0138449439079211 -0.5487640842126159 2.9095510345858679
10.0000000000000000	4.2395100970186732 0.3695854580543055 1.6635756327451170	0.3310308621042283 0.5441195363961784 0.2958917776928394
10.0000000000000000	-0.4724068178240743 0.2658947158643740 -0.6435275583393608	-1.1094988581713809 -2.0422575576059168 2.9942452455342665
10.0000000000000000	0.7436732114542887 -0.5813685281042398 0.6778233743547427	-3.6975671114328494 -0.3436500656001383 -3.3951311694361026
10.0000000000000000	-0.0312810108309662 0.1776339194752854 0.5770992513709395	1.6729911632089731 0.7259369803917727 -3.0719920720012008
10.0000000000000000	0.2992618753146807 -0.4624263871312754 0.4705264040459401	2.4394746324262577 -0.7616416614137133 -1.5060668235177330
10.0000000000000000	1.3563346251611064 -0.0949421449424252 1.1372733462568452	0.2347691644019630 -0.8402195335849696 -0.2573194132231907
10.0000000000000000	0.3018536095360684 -1.0801235327131420 -0.3661590866227581	0.6467078566341844 -0.4170277936648247 0.4378130534324131
10.0000000000000000	-0.8286615232822444 -0.6943232891641347 0.0019095285793152	-0.0318198322237192 -1.1879011675145388 0.2538819877049845
10.0000000000000000	1.6784084106743729 0.7038416748383596 3.8455834518212848	-0.2229709455443183 1.5758439733421123 1.0763051657657954
10.0000000000000000	-0.0218640380207898 0.1486678850921928 -0.0078154111425164	-0.1562552210249178 2.6710546696261028 -2.2196961676823088
10.0000000000000000	-0.2938579643838154 -0.8141997159205215 -0.5529776085241616	1.4551062822991803 -0.2851163522117458 -0.6407420849932888
10.0000000000000000	-1.8499615349864484 0.4109648275290044 -0.5806421537669605	-2.4598813331063294 2.6793393546001516 0.7540760871746978
10.0000000000000000	2.2876411752703816 -1.9523298448965825 1.1690843563515305	-1.3904668982484656 0.5110521466536575 0.7254036720922629
10.0000000000000000	-1.0010792062154441 0.6537248011303437 -0.0375721479784238	-0.3264749257871413 3.1162535711982162 2.5122228417163770
10.0000000000000000	-0.2665376820025265 -0.4924059426706101 -0.1984331032470345	-1.4960667131669885 -0.0673962262324801 2.4716785477815164
10.0000000000000000	-0.1243680344773564 -0.7654268768331047 -0.1675325962660052	-0.7773468095115856 0.7494617847421657 1.5254107527698351
10.0000000000000000	0.7365778915367786 -0.5873588833967125 -0.7375216567799032	0.6100229240930671 -1.9852515869537726 0.8579860785087391
10.0000000000000000	0.5595762119568404 -1.6135130459932812 -2.0766935674079585	-0.4628672805290376 -0.4403525371030261 0.0172183808543568
10.0000000000000000	0.2239401366446924 -0.1634860081534160 -0.1837616475984713	-0.5462183069597016 5.3564411651892661 -3.4381537382541678
10.0000000000000000	-0.1792844694895065 -0.4135836897682523 -0.6229932205563680	0.7459068565938796 1.3640732596216183 4.0130313224685752
10.0000000000000000	-0.2836470874867166 0.4297887821328578 0.1662923032534121	0.6679420362298462 -1.5443929938968868 2.4586495769461858
10.0000000000000000	-0.8198820759735767 -0.1744920270780291 1.0734621998895721	1.1763659354779525 -0.3648256423230556 2.4047847188893297
10.0000000000000000	0.4081529786278092 -0.8660880322813941 0.4109802394784097	2.1578700527014512 -1.6661448049614596 1.4292880609191922
10.0000000000000000	0.3265396832798518 -0.6588464246599020 0.5709148493476658	-0.6638950640024016 -1.7851444949024065 1.6678201196658196
10.0000000000000000	-0.0740719146156004 -0.5413184874413537 0.2437344591489887	-1.7051952394430385 -2.1860967682951209 -0.2939935389021566
10.0000000000000000	0.1634154294966358 0.6090469915793028 0.9378974344996679	-3.3044904552897116 2.0830062890939898 -0.7842178635848567
10.0000000000000000	-0.2510575507802505 0.3774767526481134 -0.3641583179328605	-2.1648804595246278 -2.9699713769810834 -3.5245552277951622
10.0000000000000000	-0.0669377252239414 1.4398476673904377 -0.3910535634256837	1.4736652016262206 -1.1835058998529284 -0.8446367951063750
10.0000000000000000	-0.1315490072146606 0.4663812681351782 -0.4312801713187438	0.1606924332217731 -0.8442040375075455 5.2535839440754764
10.0000000000000000	0.0203526381524848 0.3184400665082046 0.7921357059298266	-4.4153226088317892 -1.8369824625418583 -0.1035445954171071
10.0000000000000000	-0.0007774069659155 0.0028347699101675 -0.0225096800537950	-1.4036991591771228 -0.9056631404702673 -1.8046183365370581
10.0000000000000000	-0.1870225408969662 1.3021948135491366 -0.0781677273258755	1.4527754669919581 0.6055294306885687 0.1347395707684747
10.0000000000000000	2.0201939350624341 -0.5974825020367521 2.7188792968938151	-0.1835788868918941 2.5222585820601422 0.3953055083266380
10.0000000000000000	1.2959698739816250 -0.2997922619839939 0.0836577203363896	4.1919513718439667 -0.9102347328387718 -0.1665683583518220
10.0000000000000000	-0.1270881289180263 0.2008784429964332 0.9713374586761514	-0.7209153265290312 -3.8384999818936856 -0.3606957951824653
10.0000000000000000	-1.5182529931819964 0.5892241589518946 0.0455604959541586	0.7782768874750923 -0.9083526776360490 -0.7020175438269080
10.0000000000000000	0.3202307636894604 0.5525039475997157 -0.5628899737535614	0.0150290453955250 -0.9116557442571734 -0.3985277449967275
10.0000000000000000	0.0398913434024093 -0.7714600532515862 0.7248440018132586	-1.6950988857947975 1.1946859778325374 -1.9327757631743432
10.0000000000000000	-1.3543088141481732 0.3388929831886393 -0.1334978913559756	-2.4591982188815216 -0.6284148812388616 -0.0215981307198080
10.0000000000000000	-0.1141177132011029 -0.6575047247463809 -0.5419902374417782	-0.6342075136668671 2.2314020247246518 -2.7950472892220697
10.0000000000000000	-0.7212140618298407 -0.7974873449244779 -0.4427538852576431	0.7346225279549535 1.2571243319343939 2.0205204326331803
10.0000000000000000	-0.1437365796219542 0.1770053725340043 -0.7754009419692075	0.0707540733007248 -1.9536710220419449 -0.7844149933993464
10.0000000000000000	-0.2376882050616224 -0.6814659527187585 -0.2634097314625209	-0.6086334337647296 -1.1976057283735246 2.8544556924502649
10.0000000000000000	0.1449749477982044 -0.1115270256289684 -0.3901349285915769	-1.4460361120753609 1.6444477875377088 1.6274865635016371
10.0000000000000000	0.3164334074622567 0.2463504818576553 -0.6973780410144502	1.5061954038767760 -0.6179503932923085 2.2003496604187220
10.0000000000000000	1.0253353632637308 -1.2999846886852677 -0.1055361594180117	1.6512703977916465 3.2089201877066755 -0.3457009497182650
10.0000000000000000	0.0802105030652699 0.5334096720188712 0.6953239343118244	3.7017867602918386 -0.7280053713953404 2.6480840628183100
10.0000000000000000	-0.5362751643011016 -1.2464935817099487 -0.1630647682971957	0.3831800962506060 -0.6894235261035221 -0.9483056129641568
10.0000000000000000	0.4072557680394360 0.2367487426187592 -0.2946783921514191	0.5669449480784990 -4.1101648316357062 1.3123349593451579
10.0000000000000000	0.2895526341607075 1.0155922861349815 -0.1304212078484572	-0.5776050254144832 -0.7510234275791241 -1.9813357505480220
10.0000000000000000	-1.3032690216509686 -0.5439964584959576 0.4815242154530521	-0.5937081241007482 -2.7157123505662550 -1.9152308491609602
10.0000000000000000	11.8995651520462804 -6.2119504618551558 -0.9225478204485308	0.0540787333913053 0.1577811340066219 -0.7108983748261172
10.0000000000000000	2.7073023553314277 -1.1332108048735303 0.5444933093426858	2.0635629753404814 0.1049595870120488 2.1587348745111372
10.0000000000000000	-0.7751417079779638 -1.5684472466360950 2.1602485788542523	1.2181427951391364 -0.5906462971155442 1.4253316195546479
10.0000000000000000	-0.1943406037183085 -0.1656673727730956 0.7421330495940891	-1.1094348894416941 -2.2363093595213548 -4.9723367404612686
10.0000000000000000	1.3439672501734106 1.4395858020451688 -0.8708096986812618	0.7281749626397201 0.6654929861009924 -2.8339690543337785
10.0000000000000000	-0.3667457967054303 -0.2195942760546648 -0.1713483425047913	-1.8975071494858586 -0.8468005392487260 -2.9891645054584566
10.0000000000000000	-0.0765936090580869 -0.5336084624638430 -0.0107245033947518	2.8115171485047989 -1.8538888064502641 -0.6304772256447879
10.0000000000000000	-0.0786924056155021 2.0082100981913107 1.6354477606739193	-1.4294139092803966 0.0981603303982872 1.9007531596010847
10.0000000000000000	0.6722881525671103 0.5647867937976038 -0.2195288231565736	-2.8637785086732666 1.6025599240982829 -1.2769273526854830
10.0000000000000000	0.0215860804821244 -1.0062681280089103 0.1988212406146581	0.2552554253110222 0.8829832542974174 -1.1204004128471978
10.0000000000000000	0.2120888265678286 -0.1872695519359886 -0.3759863349993674	3.5195904228773798 -0.0621022033107235 -2.0465879493918355
10.0000000000000000	0.3195806661052526 -0.3453953143815692 0.7537739748484035	0.2103743594147465 -2.7288022486186616 -1.3537232066206992
10.0000000000000000	-0.4899420341453541 -0.1330830709869142 -0.7012955227255478	-1.4181554737435260 -2.1158193693906115 -0.9233990218033441
10.0000000000000000	-0.8686059607045179 -0.2120561631248248 -1.2554026092879329	-0.0565893029827731 -1.3920571868105167 1.0477811890863022
10.0000000000000000	0.3200649761701918 0.1895039070518137 0.9867118058229616	1.0425956890285943 0.0445921531091980 2.8479476233898051
10.0000000000000000	-0.3363925348206377 0.9025889779540021 0.0574046981148001	1.0139850844669240 -1.5872757732424818 -0.4806398122224638
10.0000000000000000	-0.2249508547003408 0.9344358617432905 -0.0745491479346502	1.6390967778864560 -2.0084577417817955 1.8416162273504244
10.0000000000000000	-0.2701963494356494 -0.2000046582559236 -0.3424011116414921	0.1027617744422957 -0.7474916420348001 -0.7543502146766927
10.0000000000000000	0.1486775781657616 0.3430453989614903 0.2695709342028158	3.0129175756197846 -3.0213305083617734 -1.6290590199584070
10.0000000000000000	-0.4701340059762623 -0.8258380339602154 3.5698715235908609	-0.2742023059055367 -1.9950360627104744 -2.8321154951286323
10.0000000000000000	-0.3714664626566626 -1.0275473614416908 1.3753045640785475	0.5143390846958931 0.4034256433943338 0.3582889984831271
10.0000000000000000	-0.4068951489882826 1.0254604214411644 0.3205541641233893	-1.0292974668280197 0.5546175672122169 1.1718951975565632
10.0000000000000000	0.9301536755012757 -0.3044103022858778 0.4110809821552017	-2.5252238960415756 -1.2053252045058902 -2.3465033338909813
10.0000000000000000	0.0920429981566955 0.1256924325141895 0.0259736045525466	-0.0525770861919279 -3.3867268957058081 -1.9376444436196834
10.0000000000000000	-0.6070040172709755 0.1339100443415493 0.0720909915420420	-2.3731146317724061 -1.6888315075331859 -2.4537516386763967
10.0000000000000000	0.8960422654561182 -0.7704379626457841 0.2399791846493953	-2.5826702204293834 -1.4874293188994139 -1.5304853662552904
10.0000000000000000	1.3568656535226227 -0.7563773893973470 -0.0830984659705432	-1.1093907562028664 -0.6036917242370088 -1.1859328865810197
10.0000000000000000	0.2451110189952609 0.8501147694897254 -0.3070840102264689	-1.2857889109217553 1.2665352540740220 -1.4002946498386177
10.0000000000000000	-0.9151021472122773 0.4977625156810138 0.4472813017070281	0.0062750348499202 -1.0277070028467872 1.6982668601817685
10.0000000000000000	0.5070658166496929 -0.2525052866653210 -0.4860202210869909	-2.7824722124242078 -1.0637002246595870 -0.7729130491646404
10.0000000000000000	0.1145906806295931 -0.5826026185738364 0.3528525887755538	-0.5770060822554214 -1.5785276032763167 0.0615059103706555
10.0000000000000000	-0.3257477222156508 0.2689619358262382 2.3844978309514295	1.9164959586754011 -1.0544832525943340 1.3766780187579226
10.0000000000000000	-0.3203234735879274 0.0917668768088968 -0.2893761153608042	2.4335285451479489 -2.1226195227861999 -3.5889819909851823
10.0000000000000000	-0.8537634813471116 -1.2946569328379383 2.3855853210104594	1.5702971930461262 -0.2993593734556891 0.0547325091704704
10.0000000000000000	-0.6833491889657086 -0.3524921995421851 -0.5873481179427285	-2.9446181440335515 -0.3087033248502241 1.1713918124486351
10.0000000000000000	0.4518416857447833 0.2254335592924979 0.5167852629858261	1.4322010474150768 3.3701288182268110 -3.4597955432645926
10.0000000000000000	-1.7740826840349522 -1.2198481725251848 -0.3127760397186956	-2.5048835999971484 0.6855881893513316 0.0596230219656988
10.0000000000000000	-0.7129959913539918 -0.4901670262962056 -0.3563900334086745	-0.3443759944030548 -1.4442703704850948 -1.3979819965106970
10.0000000000000000	-13.7891445632800167 24.7534923237561948 1.9518829685035013	0.5538089975827968 -0.0175860471851836 0.3818929852777322
10.0000000000000000	0.1764099472358088 0.2252375891464429 -1.1134784558669815	0.4509072653959341 0.9247499298674986 2.3936040679004833
10.0000000000000000	0.2196815430014572 -0.7993169498497275 0.0170731471952170	0.1819413141555918 4.8652464560649999 0.7447758122666146
10.0000000000000000	-0.1591795472295644 0.1021970704614148 0.6565156979992378	-1.5970143530716936 1.4572390481373996 -0.2117131579316572
10.0000000000000000	1.0414135515208893 -1.1885271605915737 2.0133715241272219	-0.5347765974065128 -0.1868518796858758 -0.3025504243206585
10.0000000000000000	0.0303404230477754 -0.8197914355645366 -0.8684720071392320	-0.7085062723550056 0.0239580387179375 2.3373741264811962
10.0000000000000000	-0.1369146644751665 -0.2246390254046841 0.1388422957311744	1.4717934236478438 4.5700707801436442 0.1944715120813469
10.0000000000000000	0.0748085528404959 1.2183678312555122 -0.1603561087665399	1.9239176369222597 1.8641358490548403 -0.2158747486341442
10.0000000000000000	0.7641763826226035 0.6939502524276827 0.8944320319038651	-1.0536846538625215 0.4984962510917624 -0.6391421656626410
10.0000000000000000	0.1501431514148144 2.9221160667027295 1.8247587470504960	-0.5150109152112690 -0.5325702380108477 1.3189873305620821
10.0000000000000000	0.7260116563730217 0.5826986956929896 -0.6468565982213638	2.4929194742626675 -1.1853981776713973 1.9746371898554678
10.0000000000000000	-0.2860894218232937 0.2873900449518504 1.7752263315234005	1.1085381321221073 0.6911398226418051 1.1699347591427922
10.0000000000000000	-1.1284942793617629 0.0181010086030367 0.0453388414082024	0.7952053559890160 -0.6210859824508989 1.5637822042565892
10.0000000000000000	-0.5444169679890603 0.0813766414069933 0.7279983620010408	2.2134559679556092 1.1860970229523820 3.1625561691391941
10.0000000000000000	-0.3110451948718060 -0.3764872449405523 0.1077136596216322	-3.2286816100360487 -3.8584584589884465 1.0419987308655101
10.0000000000000000	-0.2569238534720250 -0.5466294560756833 -0.1736349989145398	2.4838634616163286 1.2780928739327442 1.7906905745216402
10.0000000000000000	-0.3063540621291776 -0.2484761947272520 0.7332497427521877	-0.8301068315493505 -0.1913538858520756 0.0146933319982538
10.0000000000000000	-0.6554195143766460 -0.4206849705299294 -0.2076535829732760	-0.0053615845261102 1.6501459471833269 -0.8620286480704263
10.0000000000000000	-0.3700208434781624 -0.4176254741739037 1.4975495082560919	-0.6064992459627936 -1.2933122148217924 -1.3379144196275667
10.0000000000000000	0.1777471447442230 1.0461454305129292 0.1335555301485112	-0.1222727425967023 0.8241895567116224 -0.4829971726690401
10.0000000000000000	-0.2535139704146970 0.5899947234738427 1.5811052735908189	-0.0155531798528700 2.6963073331685941 -0.4052737134185112
10.0000000000000000	-1.7731212944414689 1.7590001244830424 -1.1482522084894420	0.2254000168642538 0.6335061696951850 -0.8134673360910846
10.0000000000000000	0.8569887544751525 -0.6094997898005750 0.2388113823710739	-1.7021139563419174 -1.7449389292085768 0.6789370117148669
10.0000000000000000	-0.1645378052881719 -0.1252039405369297 -0.0041674929055099	-3.4907000989979275 -2.9676674327695522 2.7259819818896736
10.0000000000000000	-1.4218696856733564 -1.5172138348062976 -0.1859863544010808	-1.7544956309051110 1.2003396276518306 -1.1708453666855569
10.0000000000000000	4.2945497367566912 0.1112928982484947 0.5877613002678553	-0.6058889796908616 0.7049456316114734 0.5913931595302012
10.0000000000000000	-0.0898856347618149 -0.4377050883439577 0.4016453950237112	-1.4568592689354882 -0.8206681758504388 -2.9035531235571637
10.0000000000000000	-0.0497173492833910 -0.1817538521470191 0.9615028595648012	0.9123455517205172 -4.6264025032239244 -1.0535389227774379
10.0000000000000000	-1.1799161994659126 -3.2037174128491395 0.9900664498373983	-0.4493684004253077 1.9948651758389946 0.3208028613847312
10.0000000000000000	0.1424043688297670 0.1456170522676283 0.1504272268699287	0.6488471519206505 -1.9048885157502184 -1.3249505717772923
10.0000000000000000	-0.3415270451039505 -1.3226119578814231 -0.7724526951180595	-0.6668611414363724 -0.0156553659151303 0.6304954419985436
10.0000000000000000	-0.5852764397296433 0.3776443701747452 0.6109722672987619	-0.7807046446372875 -4.1566543238591587 -3.1404998710570027
10.0000000000000000	1.9559032896041284 0.9689003547394198 -0.0147968748910411	2.3162348813034654 -0.0239093114413482 -0.8613770634337197
10.0000000000000000	0.4517578102941187 -0.3795494137869798 1.5454096207737567	0.3352794817330382 -0.9482049893733103 0.4279146202898864
10.0000000000000000	-1.2999165510031223 -2.7483003054898623 0.5148048806586051	1.1520154640019040 -0.1777231507039952 0.9416781340096709
10.0000000000000000	-0.0351995811191333 0.4449785750916156 0.0232406963218076	0.3753448364592945 -3.7826198746218216 -0.8910107396238391
10.0000000000000000	-0.4322377376540488 1.7374138254890119 -1.2129761457440404	1.2276798909094320 1.5211576622702749 1.2072205408227419
10.0000000000000000	0.4569228792072634 -0.8159155396101045 -0.3045103322134131	-1.3731637052929766 1.4081163999642521 -1.4049559131072733
10.0000000000000000	0.9741916380937675 -0.0600186067677129 0.3585864721409760	3.1158460897113094 -0.2752153762950210 -0.6687747486860478
10.0000000000000000	-0.3504160055774538 0.5282380155423697 -0.6704952546224873	3.0149752632222668 1.2732050236720951 -1.4644956942780583
10.0000000000000000	-0.2691442669458043 0.3067391331028936 -0.4144034199108901	-0.0247233239695962 -1.4305184279378440 1.5026579393158197
10.0000000000000000	-0.5994569778041052 -0.5192872570728477 -0.1334975146758558	0.4638313224837320 -0.6343222494665999 0.6371239700369830
10.0000000000000000	-0.2075908472674076 -0.3904840120110746 0.1809719333035879	1.5054368673936140 -2.0494055141912697 2.2334871655755770
10.0000000000000000	0.8123833774885432 32.5772534311978958 -13.3532649882262575	-0.2283627213332173 -0.1885187436068573 -0.5314024435601505
10.0000000000000000	2.3682567721357453 0.8771143921269984 2.5191952753818923	0.0980092047256940 1.3215340031819325 -0.1273191693028003
10.0000000000000000	-0.0966647820279599 -0.2665573642591087 -0.1693547370589026	1.0750000436492453 4.1772239986407778 1.4574921215259860
10.0000000000000000	-0.2424444619861224 -0.7873975826367607 0.4070148544996239	1.3500895408937961 3.5915586299966371 -0.3411035948907545
10.0000000000000000	-0.9404408803774991 0.3570895231374996 -0.4932328017987210	-0.5466985472855542 -0.3552050346601077 0.4049277421184649
10.0000000000000000	-1.7687363544805363 -0.2512316570504683 0.2410429645211649	0.9491671730272154 1.2011881631446346 -3.7933580315172142
10.0000000000000000	0.1411149342581170 -0.0995367302625802 0.2409537463671663	2.7058113128690398 -0.3013835748302346 3.5555112583752457
10.0000000000000000	2.1920562299286961 0.4441582280389990 -0.1961552897464109	1.4534700625255603 -1.7024857675621512 -1.5953115278853887
10.0000000000000000	0.4098073250735527 -0.2201916911463659 -0.1531142441208702	-2.4319238569107506 -1.4658522752484018 1.7228481110381411
10.0000000000000000	0.6445456255092215 1.2925422325141114 0.2142779426166914	2.4272479595015639 -1.5054838751502493 0.0303066909743160
10.0000000000000000	0.6855764912326155 0.1714180728149537 0.9303239878423369	2.1208934637542973 3.5434444981321844 1.4494719781481378
10.0000000000000000	-0.1365838607487493 0.2534279289171763 0.5298840097950465	-3.4552302653340781 -0.2059309841043576 -0.5488526340117041
10.0000000000000000	-0.6736605300569549 -0.1520663311705754 0.3707931185796953	-1.1779240378700500 -2.3043905961272273 0.3493846283256361
10.0000000000000000	0.7215571637914344 0.4585254977884283 -0.7627967781759167	-1.0628856450106894 -0.2501109439308286 -0.2601059626858239
10.0000000000000000	0.5849627708445396 0.2507194187919541 0.0394640153698641	1.6199872578968604 1.1738930282444515 -2.3479293010113844
10.0000000000000000	0.9887045548234311 -0.5858513195970954 0.0820966933925750	-0.8277372551638555 0.1461072893993657 -0.5298865833361802
10.0000000000000000	2.1354065678318190 -0.2017585366070896 0.1699389496408566	-0.6460428941190132 -0.2799495011664153 0.5489778268285351
10.0000000000000000	-0.5630443683325917 -0.0352683327695453 -0.3017350131032462	-1.3305725967340127 1.3443393587653929 3.4282116882032683
10.0000000000000000	-0.6802878134109049 -0.5058184864393436 0.3942852086438196	0.7298162153527981 0.8357904466207070 1.2761672497532477
10.0000000000000000	0.7614291471312250 -0.0369966917337706 0.3422358465023222	-3.4173355382099624 -0.7115561144391950 1.1598957007028119
10.0000000000000000	1.3664129387295865 -0.6835531432678863 0.2653101445008795	-0.7897939115418907 -1.4781830905208673 -0.6574096043117938
10.0000000000000000	-6.1076478667487359 -4.6315915474974716 8.8277083999570891	1.0041088366714694 0.0501105700023761 -0.7683886003956574
10.0000000000000000	0.0412919910128566 0.1872671437859773 -0.3258451407550648	1.0602620208443609 -0.5612510377405083 -2.5309993346821011
10.0000000000000000	0.5003449907238174 0.4274533690252399 0.5839639214878648	-3.5119700475360118 -1.0703779264929787 -1.0152376277702817
10.0000000000000000	-0.5364688812961524 -1.1528588646159874 -0.8051750403902922	2.3808063741390075 -1.2040035029798590 1.0308025687161466
10.0000000000000000	-0.0903476350262882 -0.0575118490679716 -0.1158110538302584	-2.0999377953786400 -3.2684247654658796 3.3134163773882697
10.0000000000000000	-0.4040324833782397 -0.1165112519445715 0.6129536003006392	2.3594693348503677 1.8536217098982846 1.9868569832974134
10.0000000000000000	0.0976804400407572 0.1164403620594591 0.9046166250465383	0.0820252688408255 1.2591520080109209 1.3768356415326608
10.0000000000000000	0.6872615893560252 0.5047411078470255 -0.3252830492838873	1.3170911187568588 -0.3007131661602932 -1.8671973296308468
10.0000000000000000	2.3623099863407973 -3.5260491769779883 1.1477993252428527	1.3176559663415235 -1.4365558977353861 0.4160067817791585
10.0000000000000000	-0.4045126659039986 -0.6156575111242036 0.7395438359609494	3.3146229355330168 -0.6200638485884304 -0.0096081383576099
10.0000000000000000	0.1392767800674753 -0.1443000338100436 0.1109156285928719	-0.8348566993026446 -1.7025499029305449 2.0350115990304753
10.0000000000000000	-0.2787008360099852 -0.4567768818617762 0.4269144678774757	1.9597234802035757 0.3560591947352829 0.8094875878309515
10.0000000000000000	2.1080729157720910 -6.5712574596080531 -0.5342477668424075	-0.1541122652308737 0.5378103879243666 0.1580487998442630
10.0000000000000000	1.1291022127637123 0.1641916565207502 0.3979614382046326	1.6096557391026569 -0.2191157096308877 1.0994534950018400
10.0000000000000000	0.2488279835184205 0.2088142777117859 0.2993164954908069	0.5099272501428225 2.2366885538394836 2.7479592094886272
10.0000000000000000	2.0093702630498633 5.5762338831521827 3.7008494206751470	-0.4710712703307557 -0.1272723182224918 -0.2540475252426175
10.0000000000000000	0.4355639448253628 2.2441172929251776 1.8835496229298023	0.3954829708206198 0.3096557945804541 -0.3888860661518942
10.0000000000000000	-0.7068422827671691 0.5099453394856224 0.0508144561567238	-0.2133833503288189 -2.0056111862509831 -4.6743532668180361
10.0000000000000000	0.6712537724965485 -0.1904114794232293 0.6694156076526282	2.9790202711839098 1.2209449625092403 -1.7734152403714023
10.0000000000000000	-2.5159592032808482 0.4278958955049740 -0.1511833279062567	-1.7201746056825795 0.8222121159603475 -1.2902145546535231
10.0000000000000000	0.6699383859448120 -2.3230943153086199 0.7465114985435352	1.2300763108946720 0.2571654831954089 -0.2701301314867737
10.0000000000000000	-0.7151294270024304 -0.7781937066559416 -0.9859249634860302	2.1761487941331272 2.3270961836407307 -1.8670952187970100
10.0000000000000000	0.7746608293787127 -0.2073864391523708 -0.4593388251867599	-1.3437243656533799 1.1645087731939778 2.0300168670772143
10.0000000000000000	-0.1913041097878209 0.4491158705101536 -0.5457527661233604	-2.0776857097247459 -1.5531500496789854 0.5930228251351292
10.0000000000000000	0.1394603477911398 -0.2489687515883043 -0.6176377831332013	2.2353266774395744 2.7036903455798122 2.0001735765779824
10.0000000000000000	-1.9119677638503072 0.3349354143938476 -1.3047053344736481	0.1459157139326294 1.4777939862262359 -0.1168244689265039
10.0000000000000000	-0.9468317801082542 4.9640285583360519 2.8635348745476694	-0.0949048581592004 0.5024343016796048 -0.5525758522477179
10.0000000000000000	1.3525185512309756 -0.3673423086818274 0.6554719089309420	-2.5337206379463613 -1.2136957495009779 -2.6998117287841641
10.0000000000000000	0.2875232420982384 -3.6517782775416148 1.0023856673563929	0.1475879514833651 -0.8045400979547103 0.3610657268604746
10.0000000000000000	-0.5741831938144706 0.4342519792135819 1.3490220667522856	0.3217214620778959 1.8959280297293535 3.0649775722511570
10.0000000000000000	0.5363766292500706 -1.3807787779868608 0.8330244053838406	-1.3405179941449827 -0.0145885983380912 -0.2692616093653685
10.0000000000000000	-0.6561261615869904 -0.1892768197058924 -0.6068023202852149	-0.0694069322483565 -2.8682915152660016 -1.8244001224494131
10.0000000000000000	-2.6474021614112386 2.2133352762356875 0.9786378445729857	-1.4734597629932724 0.4995043762761367 0.9297817021405476
10.0000000000000000	0.1398379401709083 -1.2569417378200551 1.3465911943219864	-1.4349048784665102 3.3006441016528725 0.8373773921188776
10.0000000000000000	-1.8526082954632641 -0.8684541250052471 -0.0133004352025141	1.1542621765339038 0.7349834635809214 0.8281362965629506
10.0000000000000000	0.6262906488444484 -0.5652644620565619 -0.7831793860830978	-1.5753319185252477 3.8412451337639610 0.1884374067955328
10.0000000000000000	0.5472507089183324 -0.1459789567987920 -0.3904885143461904	-1.6536275681352786 0.1181261125117177 -0.1890942797125570
10.0000000000000000	-0.2625413960320573 0.1265509717323332 -0.4445500295977333	-0.1447599557085279 -0.0182611126093268 -1.0952315731194924
10.0000000000000000	0.3444661934311251 -0.3078946376315172 -0.2640639045410336	-0.2104432000467467 3.3854431211591236 3.0458924433151493
10.0000000000000000	0.1329928797537089 9.0290399208748493 -0.8795336601091815	-0.3770165552153555 0.6999859810271983 1.0564895431103662
10.0000000000000000	0.3000985887245630 -0.5363980446918830 -0.5282937783548224	-1.0822723625050132 2.5435630204749251 -3.6388809031406235
10.0000000000000000	0.6232592483491645 -0.5010326452579508 0.1301426687635781	0.1829297163509973 2.0170154257069459 3.1235416303499877
10.0000000000000000	-0.3600747448564506 0.5035402749601700 -0.7992830246588360	0.1883131273988955 0.3440805924831808 0.1151366517649438
10.0000000000000000	1.1044762862388799 -1.7902858942577853 0.6997916736209183	0.9510245686821522 -1.8991444457612159 -0.5216426462483273
10.0000000000000000	-0.6335338615515842 0.8822117565599520 0.1718043277063876	0.9775376838804766 1.9526575473403245 -0.5993130752583771
10.0000000000000000	0.1713566089742302 -0.0757028890453527 0.5412338907317117	-0.7964742697411235 -0.9865212642325155 -0.7670786261814415
10.0000000000000000	-2.3642775404782532 6.6865641872965176 2.9712448947526213	0.4803312364155399 -0.2340518960550736 -0.6633656314657537
10.0000000000000000	-2.7616685107631658 -1.7714058767210437 -1.6808100218256041	0.1116248314064703 -0.7744216925486437 2.3419081163345181
10.0000000000000000	-0.7470463225961124 0.3260215922359216 -1.7332359825837460	2.0292437026671744 -1.5840039334026825 2.2269122566787489
10.0000000000000000	0.0013446087408831 0.0067103192611520 0.3540144874652017	1.1786042109791435 -2.8232150456786593 4.7627123118404873
10.0000000000000000	-0.7749589650861104 -0.3050905299276049 0.9493510532467312	0.1071730965174316 -0.1988048870999032 3.4627603321769800
10.0000000000000000	-0.6372541363706610 -2.2605593940527351 -1.0270141223608145	2.4297825394568910 2.2153488885019770 -1.2740578961848601
10.0000000000000000	-0.6378290923396915 0.4010695430465613 0.7086237627619666	-0.1493580733470749 -2.6216538198427628 1.1659200485958836
10.0000000000000000	2.5935409574468782 -0.6502295114952829 -0.1464881664193181	1.7168842588337541 -0.8578344798208158 -0.1502979368397736
10.0000000000000000	-0.8057586424557883 -0.1972355788590958 0.1485518344328918	-0.9483821892039556 -3.5593676483191352 -2.3749269108309536
10.0000000000000000	0.0792446561593207 -0.1211498886100844 0.2551605996784355	1.2839756951337682 -0.6364499698507129 -0.4070121702116879
10.0000000000000000	0.3273318993070413 0.5247858677795264 -0.6982030654782121	-0.9472686462417960 2.2674021286350117 0.9918417882138922
10.0000000000000000	-0.1669276864184708 0.1648389951754417 0.3668532917566600	1.6769744434633034 -0.4829344258993582 2.6916286658552413
10.0000000000000000	-0.1119396678409780 3.0672310572434278 -0.8807981235497520	-0.1558365656206359 -0.4805517834029885 0.7251417863025617
10.0000000000000000	-0.5531231723372552 0.6090022001020803 -0.7898628715492384	-3.4560667952031503 0.5669466425725801 0.0918718548836857
10.0000000000000000	-2.0634694626992491 -3.2516512407543505 -1.1005259839702586	-1.0053737362753050 0.8762021942248323 -1.2493966712832425
10.0000000000000000	1.8282924424551490 -0.3598975098982273 -1.8831686709459368	0.1816175485597051 1.9244212817771762 -0.3738072534543024
10.0000000000000000	-0.5266884234292505 -0.2564457419941447 0.3253636617520457	-3.4008957060124470 -0.6499815631635337 -0.8177718957831064
10.0000000000000000	0.4045567295704438 0.3679051081442138 0.5956913108501488	1.3596678473452659 -1.8604234972272089 0.8605323823661871
10.0000000000000000	-0.1481433455403978 0.3810593284556565 1.0087043546497032	0.7326813461326055 -0.2304105661631226 1.3135435394519159
10.0000000000000000	-0.2630311595475422 0.4906194826225461 0.0644827087186050	-1.4118566750066002 0.5121635904145012 3.5574792171355050
10.0000000000000000	-1.6411425927704253 -0.5159228143278172 -0.2467703440282037	-0.2067582709544268 -0.7645050232602658 2.1784390680014587
10.0000000000000000	0.5390806731215639 0.3487713366612540 1.6904492032975436	-2.9221518445545298 0.1705757300738889 -1.2941838257992790
10.0000000000000000	0.1952744503873003 -0.9333731576867560 -1.0190356284720778	-1.5552693470504184 -1.4453922469265532 -1.8485683365023293
10.0000000000000000	0.0002199312734092 -0.4802642146386238 -0.5415376978050145	1.6182293317784682 -2.2271949410883951 2.3381710781825880
