     //==================================\\
     ||                                  ||
     || ::::::: ::::::. ::::::. .::::::. ||
     || ::      ::    : ::    : ::       ||
     || ::::::  ::    : ::::::'  `:::::. ||
     || ::      ::::::' ::      `......' ||
     ||     Framework for Developing     ||
     ||        Particle Simulator        ||
     ||     Version 8.0 (2025/09)       ||
     \\==================================//

       Home   : https://github.com/fdps/fdps 
       E-mail : fdps-support@mail.jmlab.jp
       Licence: MIT (see, https://github.com/FDPS/FDPS/blob/master/LICENSE)
       Note   : Please cite the following papers.
                - Iwasawa et al. (2016, Publications of the Astronomical Society of Japan, 68, 54)
                - Namekata et al. (2018, Publications of the Astronomical Society of Japan, 70, 70)
                - Iwasawa et al. (2020, Publications of the Astronomical Society of Japan, 72, 13)

       Copyright (C) 2015 
         Masaki Iwasawa, Ataru Tanikawa, Natsuki Hosono,
         Keigo Nitadori, Takayuki Muranushi, Daisuke Namekata,
         Kentaro Nomura, Junichiro Makino and many others
******** FDPS has successfully begun. ********

 ******************************************
  ██████╗ ███████╗████████╗ █████╗ ██████╗
  ██╔══██╗██╔════╝╚══██╔══╝██╔══██╗██╔══██╗
  ██████╔╝█████╗     ██║   ███████║██████╔╝
  ██╔═══╝ ██╔══╝     ██║   ██╔══██║██╔══██╗
  ██║     ███████╗   ██║   ██║  ██║██║  ██║
  ╚═╝     ╚══════╝   ╚═╝   ╚═╝  ╚═╝╚═╝  ╚═╝
 ******************************************
Version: 1762e_447e
============== PeTar ================
 Online document: (preparing)
 GitHub page: https://github.com/lwang-astro/PeTar
 License: MIT
 Please cite the following papers when you use PeTar for any publications
    FDPS: see above FPDS Logo message
    SDAR: Wang L., Nitadori K., Makino J., 2020, MNRAS, 493, 3398
    PeTar: Wang L., Iwasawa M., Nitadori K., Makino J., 2020, MNRAS, 497, 536
 Copyright (C) 2017
    Long Wang, Masaki Iwasawa, Keigo Nitadori, Junichiro Makino and many others
=====================================
Use quadrupole moment in tree force calculation
Use 3rd order tidal tensor method
Use Pseudoparticle multipole method
Use 4th-order KDKDK mode for tree step
Use orbit-dependent neighbor criterion
Check energy of short-range (hard) integration
Count isolated particles in hard clusters
Use SIMD
Calculate profile
Use AR TTL method
Use slowdown Tree method
Use slowdown timescale criterion
Print adjust group information
=====================================
Input data unit: 1
End time of simulation: 50
Output time interval for particle dataset snapshots: 0.5
Tree timestep (dt_soft): 0
Data file reading and writing format: 1
Reading data file name: input
----- Finish reading main options -----
----- Finish reading hard options -----
----- Parallelization information -----
MPI processors: 1
OMP threads:    4
----- Reading file: input -----
Number of particles = 1000
Time = 0
----- Unit set 1: Msun, pc, Myr -----
gravitational_constant = 0.0044985021514696 pc^3/(Msun*Myr^2)
----- Parameter list: -----
 Average mass                      = 1.9
 Mean inner changeover radius      = 0.0029786806970945
 Mean outer changeover radius      = 0.029786806970945
 Minimum neighbor searching radius = 0.035744168365133
 Velocity dispersion (1D)          = 1.0245306533888
 Tree time step                    = 0.00048828125
 Output time step                  = 0.5
----- Hard Parameter list: -----
 Mean search group radius:         = 0.0029786806970945
 Mean group radius                 = 0.0023829445576756
 Hermite timestep coefficient 4th  = 0.1
 Hermite timestep coefficient init = 0.001
 Hermite maximum timestep          = 0.000244140625
 AR slowdown maximum timescale     = 0.0009765625
 AR slowdown perturbation criterion= 0.0001
 Artificial particle ID offset     = 1001
 KDTree minimum particles+groups   = 32
-----  Save parameter files -----
Save PeTar parameters to file data.par
Save hard parameters to file data.par.hard
-----  Finish parameter initialization -----

Time: 0  N_real(loc): 1000  N_real(glb): 1000  N_all(loc): 1000  N_all(glb): 1000  N_remove(glb): 0  N_escape(glb): 0
Energy:     Error/Total         Error     Error_cum         Total       Kinetic     Potential        Modify  Modify_group Modify_single      Error_PP  Error_PP_cum
Physic:              -0             0             0     -3134.193      3095.618     -6229.811             0             0             0             0             0
Slowdown:            -0             0             0     -3134.193      3095.618     -6229.811             0             0             0             0             0
Angular Momentum:  |L|err: 0  |L|err_cum: 0  L: 113.6163   -35.36276    106.6123  |L|: 159.7666
C.M.: mass: 1900 pos: 0.07788543   -0.03127569    -0.0443731 vel: 0.1157125   -0.0651327    0.008818071

Time: 0.5  N_real(loc): 1000  N_real(glb): 1000  N_all(loc): 1000  N_all(glb): 1000  N_remove(glb): 0  N_escape(glb): 0
Energy:     Error/Total         Error     Error_cum         Total       Kinetic     Potential        Modify  Modify_group Modify_single      Error_PP  Error_PP_cum
Physic:   -1.462645e-07  0.0004584213  0.0004584213     -3134.193      2834.432     -5968.625  1.275907e-08             0             0 -5.025496e-07 -5.025496e-07
Slowdown: -1.462645e-07  0.0004584212  0.0004584212     -3134.193      2834.432     -5968.625  1.283537e-08             0             0 -5.092533e-07 -5.092533e-07
Angular Momentum:  |L|err: 0.0004286196  |L|err_cum: 0.0004286196  L: 113.6163   -35.36319    106.6124  |L|: 159.7667
C.M.: mass: 1900 pos: 0.09480394   -0.05561485    -0.03992201 vel: -0.02018402   -0.08630668    0.0334428
Tree step number: 2048
**** Wallclock time per step (local): [Min/Max]
 Total       PP_single   PP_cluster  PP_cross    Tree_NB     Tree_Force  Force_corr  Kick        FindCluster CreateGroup MPI_comm    Output      Status      Other      
   0.0018698  2.3231e-05  9.8621e-05           0  0.00032461   0.0013134  3.4112e-05  3.0443e-05  4.1362e-05  2.8613e-05  4.9753e-06    3.56e-06  3.4292e-09  5.9392e-06
   0.0018699  2.3267e-05  9.8668e-05           0  0.00031959   0.0012778  3.4166e-05  3.0478e-05  4.1416e-05  2.8635e-05  5.0081e-06  3.5602e-06  3.4438e-09  6.0525e-06
**** FDPS tree soft force time profile (local):
 Sample_ptcl Domain_deco Ex_ptcl     SetRootCell Make_LT     Make_LET    Make_GT     Make_Group  Make_I_list Calc_force  Write_back 
           0           0           0  1.4667e-05  0.00024867  5.7976e-05  0.00020026   5.216e-06  6.0581e-05    0.000603  7.2869e-05
**** Tree neighbor time profile (local):
 Sample_ptcl Domain_deco Ex_ptcl     SetRootCell Make_LT     Make_LET    Make_GT     Make_Group  Make_I_list Calc_force  Write_back 
           0           0           0  1.0614e-05  0.00012329  2.1277e-05  7.6025e-05  4.4311e-07  1.5452e-05  5.5841e-05  1.0535e-05
**** Number per step (global):
 PP_single   PP_cluster  PP_cross    Cluster     Cross       AR_step_sum
       971.9      28.103           0      13.674           0     0.21777
 AR_tsyn_sum Stab_Ngroup Iso_Ngroup  Form_Ngroup End_Ngroup  Modf_Ngroup Merg_Ngroup H4_step_sum H4_no_NB    Ep-Ep_sum   Ep-Sp_sum  
    0.079102           0           0    0.014648    0.003418           0           0      132.76    0.015625  9.5369e+05      5896.4
**** Number of members in clusters (global):
N_members:            1           2           3
Count    :        971.9      12.918     0.75537

Time: 1  N_real(loc): 1000  N_real(glb): 1000  N_all(loc): 1000  N_all(glb): 1000  N_remove(glb): 0  N_escape(glb): 0
Energy:     Error/Total         Error     Error_cum         Total       Kinetic     Potential        Modify  Modify_group Modify_single      Error_PP  Error_PP_cum
Physic:    5.065627e-08 -0.0001587665  0.0002996547     -3134.193      3049.461     -6183.654  4.374848e-08             0             0 -6.354496e-08 -5.660945e-07
Slowdown:  5.065627e-08 -0.0001587665  0.0002996547     -3134.193      3049.461     -6183.654  4.380916e-08             0             0 -6.429457e-08 -5.735479e-07
Angular Momentum:  |L|err: 0.0004454615  |L|err_cum: 0.0008740811  L: 113.6161   -35.36356    106.6126  |L|: 159.7668
C.M.: mass: 1900 pos: 0.06338118   -0.08479226    -0.02746171 vel: -0.06745946   -0.03197645    0.05819639
Tree step number: 2048
**** Wallclock time per step (local): [Min/Max]
 Total       PP_single   PP_cluster  PP_cross    Tree_NB     Tree_Force  Force_corr  Kick        FindCluster CreateGroup MPI_comm    Output      Status      Other      
   0.0018209  1.9621e-05  8.9701e-05           0  0.00032436   0.0013098   2.749e-05  1.2698e-05  3.8725e-05  2.3063e-05  2.5048e-06  3.2251e-06  3.8452e-09  6.8609e-06
   0.0018209   1.967e-05  8.9748e-05           0  0.00031911   0.0012745  2.7545e-05   1.278e-05  3.8781e-05  2.3095e-05  2.5374e-06  3.2255e-06  3.8647e-09  6.9535e-06
**** FDPS tree soft force time profile (local):
 Sample_ptcl Domain_deco Ex_ptcl     SetRootCell Make_LT     Make_LET    Make_GT     Make_Group  Make_I_list Calc_force  Write_back 
           0           0           0  1.5841e-05  0.00026005  3.5197e-05   0.0002127  2.0196e-06  5.1454e-05  0.00061212  7.2416e-05
**** Tree neighbor time profile (local):
 Sample_ptcl Domain_deco Ex_ptcl     SetRootCell Make_LT     Make_LET    Make_GT     Make_Group  Make_I_list Calc_force  Write_back 
           0           0           0  9.1564e-06  0.00010837   1.725e-05  8.3771e-05  3.8688e-07  1.4502e-05  6.8531e-05  1.0894e-05
**** Number per step (global):
 PP_single   PP_cluster  PP_cross    Cluster     Cross       AR_step_sum
      971.25      28.745           0      13.994           0     0.30225
 AR_tsyn_sum Stab_Ngroup Iso_Ngroup  Form_Ngroup End_Ngroup  Modf_Ngroup Merg_Ngroup H4_step_sum H4_no_NB    Ep-Ep_sum   Ep-Sp_sum  
     0.11035           0           0    0.015137   0.0043945           0           0      135.44    0.014648  9.5396e+05      5579.8
**** Number of members in clusters (global):
N_members:            1           2           3           4           5           6
Count    :       971.25       13.36     0.53418    0.080078    0.014648   0.0048828

Time: 1.5  N_real(loc): 1000  N_real(glb): 1000  N_all(loc): 1000  N_all(glb): 1000  N_remove(glb): 0  N_escape(glb): 0
Energy:     Error/Total         Error     Error_cum         Total       Kinetic     Potential        Modify  Modify_group Modify_single      Error_PP  Error_PP_cum
Physic:    3.687785e-07  -0.001155823 -0.0008561686     -3134.194      3166.259     -6300.453  1.182296e-07             0             0  -1.41218e-07 -7.073125e-07
Slowdown:  3.687785e-07  -0.001155823 -0.0008561688     -3134.194      3166.259     -6300.453  1.183514e-07             0             0 -1.413267e-07 -7.148746e-07
Angular Momentum:  |L|err: 0.001103568  |L|err_cum: 0.001977649  L: 113.6159   -35.36462    106.6129  |L|: 159.7672
C.M.: mass: 1900 pos: 0.03659998   -0.07085557    -0.00372332 vel: -0.04173762   0.06372219    0.03833444
Tree step number: 2048
**** Wallclock time per step (local): [Min/Max]
 Total       PP_single   PP_cluster  PP_cross    Tree_NB     Tree_Force  Force_corr  Kick        FindCluster CreateGroup MPI_comm    Output      Status      Other      
   0.0017641  1.4758e-05  9.2414e-05           0  0.00031473   0.0012806  1.9041e-05  1.0175e-05  4.1944e-05  2.2103e-05  2.0091e-06  2.5782e-06  3.4146e-09  4.3425e-06
   0.0017641    1.48e-05  9.2469e-05           0   0.0003071   0.0012457  1.9106e-05  1.0209e-05  4.1999e-05  2.2124e-05  2.0802e-06  2.5784e-06  3.4292e-09  4.4483e-06
**** FDPS tree soft force time profile (local):
 Sample_ptcl Domain_deco Ex_ptcl     SetRootCell Make_LT     Make_LET    Make_GT     Make_Group  Make_I_list Calc_force  Write_back 
           0           0           0  9.7617e-06  0.00022685  2.9461e-05  0.00019015  2.2475e-06  4.9555e-05  0.00065518  7.1462e-05
**** Tree neighbor time profile (local):
 Sample_ptcl Domain_deco Ex_ptcl     SetRootCell Make_LT     Make_LET    Make_GT     Make_Group  Make_I_list Calc_force  Write_back 
           0           0           0  5.9331e-06  0.00010007  1.5712e-05  7.6513e-05  3.7961e-07  1.2666e-05  7.5172e-05  1.5675e-05
**** Number per step (global):
 PP_single   PP_cluster  PP_cross    Cluster     Cross       AR_step_sum
      968.14      31.863           0      15.398           0     0.17773
 AR_tsyn_sum Stab_Ngroup Iso_Ngroup  Form_Ngroup End_Ngroup  Modf_Ngroup Merg_Ngroup H4_step_sum H4_no_NB    Ep-Ep_sum   Ep-Sp_sum  
    0.062988           0           0   0.0092773   0.0024414           0           0      146.01    0.010742  9.4757e+05      7697.2
**** Number of members in clusters (global):
N_members:            1           2           3           4           5           6
Count    :       968.14      14.458     0.85303    0.052734    0.033203   0.0019531

Time: 2  N_real(loc): 1000  N_real(glb): 1000  N_all(loc): 1000  N_all(glb): 1000  N_remove(glb): 0  N_escape(glb): 0
Energy:     Error/Total         Error     Error_cum         Total       Kinetic     Potential        Modify  Modify_group Modify_single      Error_PP  Error_PP_cum
Physic:    7.092159e-07  -0.002222822  -0.003078991     -3134.197       3233.68     -6367.876  1.211741e-07             0             0 -5.874904e-08 -7.660615e-07
Slowdown:  7.092158e-07  -0.002222822   -0.00307899     -3134.197       3233.68     -6367.876  1.208445e-07             0             0 -5.353565e-08 -7.684102e-07
Angular Momentum:  |L|err: 0.001446428  |L|err_cum: 0.003424076  L: 113.6148   -35.3655    106.6138  |L|: 159.7672
C.M.: mass: 1900 pos: 0.007589685   -0.04268516    0.01753664 vel: -0.07797779   0.09897503    0.03006312
Tree step number: 2048
**** Wallclock time per step (local): [Min/Max]
 Total       PP_single   PP_cluster  PP_cross    Tree_NB     Tree_Force  Force_corr  Kick        FindCluster CreateGroup MPI_comm    Output      Status      Other      
   0.0015867  1.5213e-05  8.5725e-05           0  0.00030369   0.0011131  1.9724e-05  1.0237e-05  3.7903e-05  2.4519e-05  1.1486e-06  3.8375e-06  3.5957e-09  3.7913e-06
   0.0015867  1.5248e-05   8.577e-05           0  0.00029453   0.0010882  1.9777e-05  1.0272e-05  3.7969e-05   2.454e-05  1.1807e-06  3.8378e-06  3.6104e-09  3.8727e-06
**** FDPS tree soft force time profile (local):
 Sample_ptcl Domain_deco Ex_ptcl     SetRootCell Make_LT     Make_LET    Make_GT     Make_Group  Make_I_list Calc_force  Write_back 
           0           0           0  1.7205e-05   0.0002445  3.3279e-05  0.00020174  2.7356e-06  6.9292e-05   0.0004507  5.1394e-05
**** Tree neighbor time profile (local):
 Sample_ptcl Domain_deco Ex_ptcl     SetRootCell Make_LT     Make_LET    Make_GT     Make_Group  Make_I_list Calc_force  Write_back 
           0           0           0   1.272e-05  0.00011041  1.6927e-05  8.4279e-05  4.9656e-07  1.6712e-05  4.1681e-05  1.8735e-05
**** Number per step (global):
 PP_single   PP_cluster  PP_cross    Cluster     Cross       AR_step_sum
      969.36      30.639           0      14.937           0     0.23828
 AR_tsyn_sum Stab_Ngroup Iso_Ngroup  Form_Ngroup End_Ngroup  Modf_Ngroup Merg_Ngroup H4_step_sum H4_no_NB    Ep-Ep_sum   Ep-Sp_sum  
    0.086426           0           0    0.013672   0.0039062           0           0      144.19    0.015625  9.1964e+05       12505
**** Number of members in clusters (global):
N_members:            1           2           3           4
Count    :       969.36      14.229      0.6499    0.057617

Time: 2.5  N_real(loc): 1000  N_real(glb): 1000  N_all(loc): 1000  N_all(glb): 1000  N_remove(glb): 0  N_escape(glb): 0
Energy:     Error/Total         Error     Error_cum         Total       Kinetic     Potential        Modify  Modify_group Modify_single      Error_PP  Error_PP_cum
Physic:   -6.157697e-07   0.001929942  -0.001149049     -3134.195      3267.324     -6401.519  1.560566e-07             0             0 -1.232988e-07 -8.893603e-07
Slowdown: -6.157697e-07   0.001929942  -0.001149048     -3134.195      3267.324     -6401.519  1.557557e-07             0             0 -1.295302e-07 -8.979404e-07
Angular Momentum:  |L|err: 0.0009615549  |L|err_cum: 0.004385631  L: 113.6143   -35.36643    106.6137  |L|: 159.7669
C.M.: mass: 1900 pos: -0.02747855   -0.01064456    0.03003857 vel: -0.06700344   0.03238039    0.03003224
Tree step number: 2048
**** Wallclock time per step (local): [Min/Max]
 Total       PP_single   PP_cluster  PP_cross    Tree_NB     Tree_Force  Force_corr  Kick        FindCluster CreateGroup MPI_comm    Output      Status      Other      
   0.0015206  1.7162e-05  8.8475e-05           0  0.00028035   0.0010528  1.8222e-05  1.8489e-05  3.3153e-05  2.7043e-05  1.4806e-06  3.5952e-06  3.5566e-09  3.3704e-06
   0.0015207  1.7198e-05  8.8522e-05           0  0.00027636   0.0010312  1.8275e-05  1.8524e-05  3.3215e-05  2.7065e-05  1.5278e-06  3.5954e-06  3.5762e-09  3.4826e-06
**** FDPS tree soft force time profile (local):
 Sample_ptcl Domain_deco Ex_ptcl     SetRootCell Make_LT     Make_LET    Make_GT     Make_Group  Make_I_list Calc_force  Write_back 
           0           0           0  1.1876e-05  0.00023206  3.4271e-05  0.00019663  2.6655e-06  6.5555e-05  0.00041973  4.4678e-05
**** Tree neighbor time profile (local):
 Sample_ptcl Domain_deco Ex_ptcl     SetRootCell Make_LT     Make_LET    Make_GT     Make_Group  Make_I_list Calc_force  Write_back 
           0           0           0   5.053e-06  9.6855e-05  1.8364e-05  8.0217e-05  5.3948e-07  1.8483e-05  4.2231e-05  8.3672e-06
**** Number per step (global):
 PP_single   PP_cluster  PP_cross    Cluster     Cross       AR_step_sum
      969.28      30.721           0      14.926           0     0.30225
 AR_tsyn_sum Stab_Ngroup Iso_Ngroup  Form_Ngroup End_Ngroup  Modf_Ngroup Merg_Ngroup H4_step_sum H4_no_NB    Ep-Ep_sum   Ep-Sp_sum  
     0.10449           0           0    0.013184    0.003418           0           0      145.83    0.014648  9.2256e+05       11411
**** Number of members in clusters (global):
N_members:            1           2           3           4
Count    :       969.28      14.111     0.76025    0.054688

Time: 3  N_real(loc): 1000  N_real(glb): 1000  N_all(loc): 1000  N_all(glb): 1000  N_remove(glb): 0  N_escape(glb): 0
Energy:     Error/Total         Error     Error_cum         Total       Kinetic     Potential        Modify  Modify_group Modify_single      Error_PP  Error_PP_cum
Physic:   -3.603921e-07   0.001129539 -1.951009e-05     -3134.193      3322.462     -6456.655  1.638284e-07             0             0 -2.386696e-07  -1.12803e-06
Slowdown: -3.603921e-07   0.001129539 -1.950976e-05     -3134.193      3322.462     -6456.655  1.634899e-07             0             0 -2.388991e-07  -1.13684e-06
Angular Momentum:  |L|err: 0.0007464133  |L|err_cum: 0.005132044  L: 113.6139   -35.36674    106.6145  |L|: 159.7673
C.M.: mass: 1900 pos: -0.03895052   -0.03161397    0.03498864 vel: -0.01124948   -0.08104209    -0.01295016
Tree step number: 2048
**** Wallclock time per step (local): [Min/Max]
 Total       PP_single   PP_cluster  PP_cross    Tree_NB     Tree_Force  Force_corr  Kick        FindCluster CreateGroup MPI_comm    Output      Status      Other      
   0.0015275  1.6242e-05  8.4378e-05           0  0.00027659   0.0010658  1.8657e-05  1.1733e-05   3.578e-05  2.6839e-05  2.2173e-06  4.2115e-06  4.0845e-09  4.0478e-06
   0.0015276  1.6277e-05  8.4424e-05           0  0.00027381   0.0010477   1.871e-05  1.1781e-05  3.5832e-05  2.6862e-05    2.25e-06  4.2117e-06  4.1045e-09  4.1324e-06
**** FDPS tree soft force time profile (local):
 Sample_ptcl Domain_deco Ex_ptcl     SetRootCell Make_LT     Make_LET    Make_GT     Make_Group  Make_I_list Calc_force  Write_back 
           0           0           0  1.5382e-05  0.00023055  2.9094e-05  0.00018776  4.1543e-06  6.6265e-05  0.00045363  3.7493e-05
**** Tree neighbor time profile (local):
 Sample_ptcl Domain_deco Ex_ptcl     SetRootCell Make_LT     Make_LET    Make_GT     Make_Group  Make_I_list Calc_force  Write_back 
           0           0           0  8.0902e-06  0.00010169  1.6154e-05  7.6942e-05  5.1977e-07  1.8038e-05  4.0186e-05  5.9545e-06
**** Number per step (global):
 PP_single   PP_cluster  PP_cross    Cluster     Cross       AR_step_sum
      970.86      29.144           0      14.174           0     0.28418
 AR_tsyn_sum Stab_Ngroup Iso_Ngroup  Form_Ngroup End_Ngroup  Modf_Ngroup Merg_Ngroup H4_step_sum H4_no_NB    Ep-Ep_sum   Ep-Sp_sum  
     0.10205           0           0    0.018555   0.0039062           0           0      137.54    0.025391  9.2291e+05       12650
**** Number of members in clusters (global):
N_members:            1           2           3           4
Count    :       970.86      13.508      0.5376     0.12891

Time: 3.5  N_real(loc): 1000  N_real(glb): 1000  N_all(loc): 1000  N_all(glb): 1000  N_remove(glb): 0  N_escape(glb): 0
Energy:     Error/Total         Error     Error_cum         Total       Kinetic     Potential        Modify  Modify_group Modify_single      Error_PP  Error_PP_cum
Physic:    2.506117e-07 -0.0007854659  -0.000804976     -3134.194      3258.176     -6392.371  2.041751e-07             0             0  2.263966e-07 -9.016333e-07
Slowdown:   2.50612e-07 -0.0007854667 -0.0008049765     -3134.194      3258.176     -6392.371  2.046722e-07             0             0  2.263785e-07  -9.10461e-07
Angular Momentum:  |L|err: 6.151765e-05  |L|err_cum: 0.005193562  L: 113.6135   -35.36646    106.6147  |L|: 159.767
C.M.: mass: 1900 pos: -0.04686764   -0.05917844    0.02390394 vel: -0.02069863   -0.03226593    -0.04049132
Tree step number: 2048
**** Wallclock time per step (local): [Min/Max]
 Total       PP_single   PP_cluster  PP_cross    Tree_NB     Tree_Force  Force_corr  Kick        FindCluster CreateGroup MPI_comm    Output      Status      Other      
   0.0015402  1.9608e-05  8.2506e-05           0  0.00027337   0.0010986  1.5886e-05  1.4076e-05  3.2392e-05  2.0472e-05  1.2894e-06  5.0122e-06  3.2778e-09  3.3442e-06
   0.0015403  1.9643e-05  8.2551e-05           0   0.0002706   0.0010731  1.5939e-05  1.4109e-05  3.2443e-05  2.0494e-05  1.3212e-06  5.0124e-06  3.2925e-09  3.4475e-06
**** FDPS tree soft force time profile (local):
 Sample_ptcl Domain_deco Ex_ptcl     SetRootCell Make_LT     Make_LET    Make_GT     Make_Group  Make_I_list Calc_force  Write_back 
           0           0           0  1.1984e-05  0.00022016  2.7886e-05    0.000177  2.4192e-06  6.2048e-05  0.00049838  5.2367e-05
**** Tree neighbor time profile (local):
 Sample_ptcl Domain_deco Ex_ptcl     SetRootCell Make_LT     Make_LET    Make_GT     Make_Group  Make_I_list Calc_force  Write_back 
           0           0           0  6.4235e-06  9.4124e-05  1.4677e-05  7.9223e-05  4.9415e-07  1.7489e-05  4.3091e-05  5.9188e-06
**** Number per step (global):
 PP_single   PP_cluster  PP_cross    Cluster     Cross       AR_step_sum
      971.44       28.56           0      13.808           0     0.51465
 AR_tsyn_sum Stab_Ngroup Iso_Ngroup  Form_Ngroup End_Ngroup  Modf_Ngroup Merg_Ngroup H4_step_sum H4_no_NB    Ep-Ep_sum   Ep-Sp_sum  
     0.17139           0           0    0.015137   0.0029297           0           0      135.02    0.016602  9.2059e+05       13794
**** Number of members in clusters (global):
N_members:            1           2           3           4           5
Count    :       971.44      13.032     0.63232     0.11816    0.025391

Time: 4  N_real(loc): 1000  N_real(glb): 1000  N_all(loc): 1000  N_all(glb): 1000  N_remove(glb): 0  N_escape(glb): 0
Energy:     Error/Total         Error     Error_cum         Total       Kinetic     Potential        Modify  Modify_group Modify_single      Error_PP  Error_PP_cum
Physic:   -2.549157e-07  0.0007989552 -6.020739e-06     -3134.193      3287.339     -6421.532  2.955463e-07             0             0 -1.001089e-06 -1.902723e-06
Slowdown: -2.549158e-07  0.0007989553 -6.021149e-06     -3134.193      3287.339     -6421.532  2.959555e-07             0             0 -1.002133e-06 -1.912594e-06
Angular Momentum:  |L|err: 0.001765261  |L|err_cum: 0.006958823  L: 113.6133   -35.36789    106.6159  |L|: 159.768
C.M.: mass: 1900 pos: -0.03556501   -0.04918653    0.01947003 vel: 0.0535744   0.05204636    -0.01354393
Tree step number: 2048
**** Wallclock time per step (local): [Min/Max]
 Total       PP_single   PP_cluster  PP_cross    Tree_NB     Tree_Force  Force_corr  Kick        FindCluster CreateGroup MPI_comm    Output      Status      Other      
   0.0019445   2.234e-05  8.7067e-05           0  0.00036636   0.0013748  3.6617e-05  1.6819e-05  4.9466e-05  2.8057e-05  3.5781e-06  3.8816e-06  3.1265e-09  8.0018e-06
   0.0019446  2.2376e-05  8.7116e-05           0  0.00035638   0.0013302  3.6673e-05  1.6853e-05  4.9524e-05  2.8079e-05  3.6113e-06  3.8817e-06  3.1411e-09  8.1056e-06
**** FDPS tree soft force time profile (local):
 Sample_ptcl Domain_deco Ex_ptcl     SetRootCell Make_LT     Make_LET    Make_GT     Make_Group  Make_I_list Calc_force  Write_back 
           0           0           0  1.5576e-05  0.00029096  3.6913e-05  0.00024609  2.7595e-06   7.518e-05    0.000572   9.096e-05
**** Tree neighbor time profile (local):
 Sample_ptcl Domain_deco Ex_ptcl     SetRootCell Make_LT     Make_LET    Make_GT     Make_Group  Make_I_list Calc_force  Write_back 
           0           0           0  1.2537e-05  0.00012436  2.5441e-05  0.00010132  5.5278e-07  2.2949e-05   5.419e-05  2.0526e-05
**** Number per step (global):
 PP_single   PP_cluster  PP_cross    Cluster     Cross       AR_step_sum
      973.55      26.445           0        12.4           0     0.46533
 AR_tsyn_sum Stab_Ngroup Iso_Ngroup  Form_Ngroup End_Ngroup  Modf_Ngroup Merg_Ngroup H4_step_sum H4_no_NB    Ep-Ep_sum   Ep-Sp_sum  
       0.146           0           0   0.0097656   0.0024414           0           0      132.86   0.0068359  9.1424e+05       14826
**** Number of members in clusters (global):
N_members:            1           2           3           4           5
Count    :       973.55      11.165     0.89355     0.27588    0.066406

Time: 4.5  N_real(loc): 1000  N_real(glb): 1000  N_all(loc): 1000  N_all(glb): 1000  N_remove(glb): 0  N_escape(glb): 0
Energy:     Error/Total         Error     Error_cum         Total       Kinetic     Potential        Modify  Modify_group Modify_single      Error_PP  Error_PP_cum
Physic:   -1.570271e-07  0.0004921533  0.0004861326     -3134.193      2789.364     -5923.557  3.471458e-07             0             0 -8.961799e-07 -2.798902e-06
Slowdown: -1.570271e-07  0.0004921532   0.000486132     -3134.193      2789.364     -5923.557  3.477058e-07             0             0 -8.950777e-07 -2.807672e-06
Angular Momentum:  |L|err: 0.001450554  |L|err_cum: 0.008409376  L: 113.6126   -35.36919    106.6163  |L|: 159.7681
C.M.: mass: 1900 pos: -0.01099413   -0.02059704    0.01081884 vel: 0.065098   0.03165455    -0.02651293
Tree step number: 2048
**** Wallclock time per step (local): [Min/Max]
 Total       PP_single   PP_cluster  PP_cross    Tree_NB     Tree_Force  Force_corr  Kick        FindCluster CreateGroup MPI_comm    Output      Status      Other      
   0.0020383  2.8674e-05  8.8784e-05           0  0.00037061   0.0014663  4.1838e-05  1.7448e-05  3.9049e-05  2.7669e-05  2.0953e-06    5.74e-06  3.1357e-09   4.762e-06
   0.0020383   2.872e-05  8.8831e-05           0  0.00036463   0.0014153  4.1894e-05  1.7483e-05   3.916e-05  2.7693e-05  2.1273e-06  5.7404e-06  3.1504e-09  4.8753e-06
**** FDPS tree soft force time profile (local):
 Sample_ptcl Domain_deco Ex_ptcl     SetRootCell Make_LT     Make_LET    Make_GT     Make_Group  Make_I_list Calc_force  Write_back 
           0           0           0  2.7429e-05  0.00031378  4.4662e-05  0.00024837  3.5549e-06   7.833e-05  0.00057154  0.00010376
**** Tree neighbor time profile (local):
 Sample_ptcl Domain_deco Ex_ptcl     SetRootCell Make_LT     Make_LET    Make_GT     Make_Group  Make_I_list Calc_force  Write_back 
           0           0           0   1.436e-05  0.00011822  1.7914e-05  0.00011234  5.7572e-07  2.5419e-05   4.816e-05  1.2423e-05
**** Number per step (global):
 PP_single   PP_cluster  PP_cross    Cluster     Cross       AR_step_sum
      971.55       28.45           0      13.473           0     0.40918
 AR_tsyn_sum Stab_Ngroup Iso_Ngroup  Form_Ngroup End_Ngroup  Modf_Ngroup Merg_Ngroup H4_step_sum H4_no_NB    Ep-Ep_sum   Ep-Sp_sum  
     0.15088           0           0    0.020996   0.0058594           0           0      138.29    0.030273  9.1358e+05       14486
**** Number of members in clusters (global):
N_members:            1           2           3           4           5           6
Count    :       971.55      12.206      1.0835      0.1333    0.044922   0.0048828

Time: 5  N_real(loc): 1000  N_real(glb): 1000  N_all(loc): 1000  N_all(glb): 1000  N_remove(glb): 0  N_escape(glb): 0
Energy:     Error/Total         Error     Error_cum         Total       Kinetic     Potential        Modify  Modify_group Modify_single      Error_PP  Error_PP_cum
Physic:    1.787409e-07 -0.0005602086 -7.407602e-05     -3134.194      2990.098     -6124.291   3.30745e-07             0             0 -5.313506e-07 -3.330253e-06
Slowdown:  1.787409e-07 -0.0005602086 -7.407659e-05     -3134.194      2990.098     -6124.291  3.313159e-07             0             0 -5.309282e-07   -3.3386e-06
Angular Momentum:  |L|err: -1.534477e-05  |L|err_cum: 0.008394031  L: 113.6135   -35.36921    106.6169  |L|: 159.7691
C.M.: mass: 1900 pos: 0.02785351   0.001338077    -0.004972449 vel: 0.05880617   0.01475242    -0.04384401
Tree step number: 2048
**** Wallclock time per step (local): [Min/Max]
 Total       PP_single   PP_cluster  PP_cross    Tree_NB     Tree_Force  Force_corr  Kick        FindCluster CreateGroup MPI_comm    Output      Status      Other      
   0.0019021   2.226e-05  8.2396e-05           0  0.00030255   0.0014011  3.2452e-05  2.3575e-05  3.1005e-05  2.9901e-05  2.2932e-06  3.3673e-06  3.4976e-09   5.205e-06
   0.0019022  2.2297e-05  8.2454e-05           0  0.00029991   0.0013675  3.2508e-05  2.3655e-05  3.1064e-05  2.9925e-05  2.3257e-06  3.3676e-06  3.5171e-09  5.3115e-06
**** FDPS tree soft force time profile (local):
 Sample_ptcl Domain_deco Ex_ptcl     SetRootCell Make_LT     Make_LET    Make_GT     Make_Group  Make_I_list Calc_force  Write_back 
           0           0           0  1.7734e-05  0.00026705  3.0389e-05  0.00030027  3.8037e-06  7.4319e-05  0.00058721  6.9397e-05
**** Tree neighbor time profile (local):
 Sample_ptcl Domain_deco Ex_ptcl     SetRootCell Make_LT     Make_LET    Make_GT     Make_Group  Make_I_list Calc_force  Write_back 
           0           0           0  1.2064e-05  0.00010848  1.7049e-05   7.629e-05  6.5529e-07  2.4904e-05  4.1872e-05   5.749e-06
**** Number per step (global):
 PP_single   PP_cluster  PP_cross    Cluster     Cross       AR_step_sum
      974.94      25.063           0      12.007           0     0.48877
 AR_tsyn_sum Stab_Ngroup Iso_Ngroup  Form_Ngroup End_Ngroup  Modf_Ngroup Merg_Ngroup H4_step_sum H4_no_NB    Ep-Ep_sum   Ep-Sp_sum  
     0.17725           0           0     0.02002   0.0063477           0           0      121.61    0.023926  9.1581e+05       14808
**** Number of members in clusters (global):
N_members:            1           2           3           4           5
Count    :       974.94      11.143      0.7417      0.0625    0.060547

Time: 5.5  N_real(loc): 1000  N_real(glb): 1000  N_all(loc): 1000  N_all(glb): 1000  N_remove(glb): 0  N_escape(glb): 0
Energy:     Error/Total         Error     Error_cum         Total       Kinetic     Potential        Modify  Modify_group Modify_single      Error_PP  Error_PP_cum
Physic:    -5.90929e-07   0.001852085   0.001778009     -3134.192      3198.464     -6332.655  3.963333e-07             0             0 -3.595757e-07 -3.689829e-06
Slowdown:  -5.90929e-07   0.001852085   0.001778008     -3134.192      3198.464     -6332.655  3.967978e-07             0             0 -3.602411e-07 -3.698841e-06
Angular Momentum:  |L|err: -8.942749e-05  |L|err_cum: 0.008304604  L: 113.6129   -35.36948    106.6158  |L|: 159.768
C.M.: mass: 1900 pos: 0.05686724   0.006107103    -0.04147828 vel: 0.03643015   -0.02260092    -0.03631401
Tree step number: 2048
**** Wallclock time per step (local): [Min/Max]
 Total       PP_single   PP_cluster  PP_cross    Tree_NB     Tree_Force  Force_corr  Kick        FindCluster CreateGroup MPI_comm    Output      Status      Other      
    0.001861  2.8312e-05  8.5397e-05           0  0.00034992   0.0013352  1.6235e-05  1.0837e-05  3.8166e-05  2.8809e-05  1.4553e-06  3.5822e-06  4.0654e-09  5.9686e-06
   0.0018611  2.8353e-05  8.5449e-05           0  0.00034334   0.0012962  1.6358e-05  1.0873e-05  3.8242e-05  2.8834e-05   1.488e-06  3.5825e-06  4.0801e-09  6.0676e-06
**** FDPS tree soft force time profile (local):
 Sample_ptcl Domain_deco Ex_ptcl     SetRootCell Make_LT     Make_LET    Make_GT     Make_Group  Make_I_list Calc_force  Write_back 
           0           0           0  1.8205e-05  0.00028405   3.543e-05  0.00019353  3.1896e-06  8.5653e-05  0.00058943  8.0023e-05
**** Tree neighbor time profile (local):
 Sample_ptcl Domain_deco Ex_ptcl     SetRootCell Make_LT     Make_LET    Make_GT     Make_Group  Make_I_list Calc_force  Write_back 
           0           0           0  1.5036e-05  0.00012639  2.1614e-05  9.3156e-05  6.3677e-07  2.0659e-05  5.3659e-05   1.367e-05
**** Number per step (global):
 PP_single   PP_cluster  PP_cross    Cluster     Cross       AR_step_sum
      975.95      24.052           0      11.522           0     0.14453
 AR_tsyn_sum Stab_Ngroup Iso_Ngroup  Form_Ngroup End_Ngroup  Modf_Ngroup Merg_Ngroup H4_step_sum H4_no_NB    Ep-Ep_sum   Ep-Sp_sum  
    0.049316           0           0   0.0068359   0.0024414           0           0      118.64    0.010742  9.1445e+05       17191
**** Number of members in clusters (global):
N_members:            1           2           3           4           5           6
Count    :       975.95      10.651      0.7627    0.085938    0.016602   0.0058594

Time: 6  N_real(loc): 1000  N_real(glb): 1000  N_all(loc): 1000  N_all(glb): 1000  N_remove(glb): 0  N_escape(glb): 0
Energy:     Error/Total         Error     Error_cum         Total       Kinetic     Potential        Modify  Modify_group Modify_single      Error_PP  Error_PP_cum
Physic:    3.028413e-07  -0.000949163  0.0008288457     -3134.193      3704.087      -6838.28  4.344995e-07             0             0 -2.737337e-06 -6.427166e-06
Slowdown:  3.028413e-07 -0.0009491631  0.0008288451     -3134.193      3704.087      -6838.28  4.350956e-07             0             0 -2.751487e-06 -6.450328e-06
Angular Momentum:  |L|err: 0.0004198991  |L|err_cum: 0.008724503  L: 113.6127   -35.36962    106.6164  |L|: 159.7683
C.M.: mass: 1900 pos: 0.05847181   0.0003334446    -0.06342233 vel: -0.0304485   0.003063849    -0.0105607
Tree step number: 2048
**** Wallclock time per step (local): [Min/Max]
 Total       PP_single   PP_cluster  PP_cross    Tree_NB     Tree_Force  Force_corr  Kick        FindCluster CreateGroup MPI_comm    Output      Status      Other      
   0.0028528  3.7952e-05  0.00010009           0    0.000461   0.0020913  9.8535e-05  6.6091e-05  6.6492e-05  2.8674e-05  5.9969e-06  6.2409e-06  2.9697e-09   1.143e-05
   0.0028529  3.7989e-05  0.00010014           0   0.0004522   0.0019766  9.8647e-05  6.6128e-05   6.657e-05  2.8697e-05  6.0298e-06  6.2412e-06  2.9893e-09  1.1574e-05
**** FDPS tree soft force time profile (local):
 Sample_ptcl Domain_deco Ex_ptcl     SetRootCell Make_LT     Make_LET    Make_GT     Make_Group  Make_I_list Calc_force  Write_back 
           0           0           0  4.2824e-05  0.00043687  5.0714e-05  0.00027061  4.2108e-06  7.1045e-05  0.00093808  0.00023177
**** Tree neighbor time profile (local):
 Sample_ptcl Domain_deco Ex_ptcl     SetRootCell Make_LT     Make_LET    Make_GT     Make_Group  Make_I_list Calc_force  Write_back 
           0           0           0  1.3314e-05  0.00014503  2.7162e-05  0.00013608  5.0831e-07  2.7637e-05  8.3326e-05  1.8119e-05
**** Number per step (global):
 PP_single   PP_cluster  PP_cross    Cluster     Cross       AR_step_sum
      973.37      26.632           0      12.535           0     0.36328
 AR_tsyn_sum Stab_Ngroup Iso_Ngroup  Form_Ngroup End_Ngroup  Modf_Ngroup Merg_Ngroup H4_step_sum H4_no_NB    Ep-Ep_sum   Ep-Sp_sum  
     0.12061           0           0   0.0078125   0.0019531           0           0       129.3    0.040527  9.4689e+05       10009
**** Number of members in clusters (global):
N_members:            1           2           3           4           5           6           7
Count    :       973.37      11.365     0.95508     0.10938    0.045898    0.044434    0.014648

Time: 6.5  N_real(loc): 1000  N_real(glb): 1000  N_all(loc): 1000  N_all(glb): 1000  N_remove(glb): 0  N_escape(glb): 0
Energy:     Error/Total         Error     Error_cum         Total       Kinetic     Potential        Modify  Modify_group Modify_single      Error_PP  Error_PP_cum
Physic:   -2.629375e-07  0.0008240966   0.001652942     -3134.192       3337.47     -6471.662  5.067599e-07             0             0  1.057204e-06 -5.369962e-06
Slowdown: -2.629375e-07  0.0008240967   0.001652942     -3134.192       3337.47     -6471.662  5.073273e-07             0             0  1.056851e-06 -5.393477e-06
Angular Momentum:  |L|err: -1.296551e-06  |L|err_cum: 0.008723207  L: 113.6128   -35.3693    106.617  |L|: 159.7687
C.M.: mass: 1900 pos: 0.04014373   -0.03131127    -0.06874886 vel: -0.04108697   -0.03129414    -0.07410602
Tree step number: 2048
**** Wallclock time per step (local): [Min/Max]
 Total       PP_single   PP_cluster  PP_cross    Tree_NB     Tree_Force  Force_corr  Kick        FindCluster CreateGroup MPI_comm    Output      Status      Other      
   0.0024456  3.3275e-05  9.2481e-05           0  0.00040421   0.0018175  6.2792e-05  3.1292e-05  5.0751e-05  2.2965e-05   4.137e-06  3.0974e-06  4.3491e-09  4.7801e-06
   0.0024457   3.334e-05  9.2526e-05           0  0.00039286   0.0017448   6.286e-05  3.1328e-05  5.0816e-05  2.2986e-05  4.1701e-06  3.0976e-06  4.3687e-09  4.9279e-06
**** FDPS tree soft force time profile (local):
 Sample_ptcl Domain_deco Ex_ptcl     SetRootCell Make_LT     Make_LET    Make_GT     Make_Group  Make_I_list Calc_force  Write_back 
           0           0           0  2.4577e-05  0.00032069  4.8985e-05   0.0002411  4.0366e-06  9.1004e-05  0.00088511  0.00014741
**** Tree neighbor time profile (local):
 Sample_ptcl Domain_deco Ex_ptcl     SetRootCell Make_LT     Make_LET    Make_GT     Make_Group  Make_I_list Calc_force  Write_back 
           0           0           0  1.1233e-05  0.00013738  2.7169e-05  0.00010867  6.2929e-07   1.902e-05  6.1901e-05  2.3196e-05
**** Number per step (global):
 PP_single   PP_cluster  PP_cross    Cluster     Cross       AR_step_sum
      973.74      26.256           0      12.509           0      0.7334
 AR_tsyn_sum Stab_Ngroup Iso_Ngroup  Form_Ngroup End_Ngroup  Modf_Ngroup Merg_Ngroup H4_step_sum H4_no_NB    Ep-Ep_sum   Ep-Sp_sum  
     0.35791           0           0    0.020508   0.0048828           0           0      125.65    0.026855  9.0288e+05       17788
**** Number of members in clusters (global):
N_members:            1           2           3           4           5           6
Count    :       973.74      11.391      1.0161    0.088867   0.0087891   0.0043945

Time: 7  N_real(loc): 1000  N_real(glb): 1000  N_all(loc): 1000  N_all(glb): 1000  N_remove(glb): 0  N_escape(glb): 0
Energy:     Error/Total         Error     Error_cum         Total       Kinetic     Potential        Modify  Modify_group Modify_single      Error_PP  Error_PP_cum
Physic:    3.054152e-07   -0.00095723  0.0006957123     -3134.193      3343.265     -6477.458  5.153742e-07             0             0 -1.006923e-06 -6.376885e-06
Slowdown:  3.054153e-07 -0.0009572304  0.0006957114     -3134.193      3343.265     -6477.458  5.162775e-07             0             0 -1.008349e-06 -6.401826e-06
Angular Momentum:  |L|err: 0.000838528  |L|err_cum: 0.009561735  L: 113.6114   -35.36931    106.6173  |L|: 159.7679
C.M.: mass: 1900 pos: 0.02648881   -0.04237303    -0.0724873 vel: -0.05721285   -0.03416977    0.01562672
Tree step number: 2048
**** Wallclock time per step (local): [Min/Max]
 Total       PP_single   PP_cluster  PP_cross    Tree_NB     Tree_Force  Force_corr  Kick        FindCluster CreateGroup MPI_comm    Output      Status      Other      
   0.0020123  2.5842e-05  9.2393e-05           0  0.00032019   0.0014802  3.0146e-05  2.4169e-05  4.5754e-05  2.4034e-05   2.117e-06  4.0051e-06  4.2466e-09  4.8645e-06
   0.0020124  2.5877e-05  9.2439e-05           0  0.00031644   0.0014405    3.02e-05  2.4204e-05  4.5809e-05  2.4087e-05  2.1492e-06  4.0052e-06  4.2612e-09  4.9773e-06
**** FDPS tree soft force time profile (local):
 Sample_ptcl Domain_deco Ex_ptcl     SetRootCell Make_LT     Make_LET    Make_GT     Make_Group  Make_I_list Calc_force  Write_back 
           0           0           0  1.8587e-05  0.00023953  5.1238e-05  0.00020154  3.1086e-06  6.1342e-05  0.00077772  8.1332e-05
**** Tree neighbor time profile (local):
 Sample_ptcl Domain_deco Ex_ptcl     SetRootCell Make_LT     Make_LET    Make_GT     Make_Group  Make_I_list Calc_force  Write_back 
           0           0           0  5.4224e-06  0.00010825  2.0376e-05  9.3129e-05  5.8162e-07  1.4467e-05  5.6877e-05  7.9298e-06
**** Number per step (global):
 PP_single   PP_cluster  PP_cross    Cluster     Cross       AR_step_sum
       971.6      28.402           0      13.565           0     0.38232
 AR_tsyn_sum Stab_Ngroup Iso_Ngroup  Form_Ngroup End_Ngroup  Modf_Ngroup Merg_Ngroup H4_step_sum H4_no_NB    Ep-Ep_sum   Ep-Sp_sum  
     0.13135           0           0    0.014648    0.003418           0           0      136.86    0.016602  9.0599e+05       15073
**** Number of members in clusters (global):
N_members:            1           2           3           4           5
Count    :        971.6      12.516     0.86816      0.1377    0.042969

Time: 7.5  N_real(loc): 1000  N_real(glb): 1000  N_all(loc): 1000  N_all(glb): 1000  N_remove(glb): 0  N_escape(glb): 0
Energy:     Error/Total         Error     Error_cum         Total       Kinetic     Potential        Modify  Modify_group Modify_single      Error_PP  Error_PP_cum
Physic:    7.832074e-07  -0.002454725  -0.001759013     -3134.195      2984.249     -6118.444  5.769164e-07             0             0 -2.848416e-07 -6.661727e-06
Slowdown:  7.832074e-07  -0.002454725  -0.001759013     -3134.195      2984.249     -6118.444  5.778215e-07             0             0 -2.845341e-07  -6.68636e-06
Angular Momentum:  |L|err: -0.0001152002  |L|err_cum: 0.009446534  L: 113.6118   -35.36944    106.6173  |L|: 159.7682
C.M.: mass: 1900 pos: 0.03009106   -0.04400334    -0.06686962 vel: 0.02985978   -0.002105212    0.02892595
Tree step number: 2048
**** Wallclock time per step (local): [Min/Max]
 Total       PP_single   PP_cluster  PP_cross    Tree_NB     Tree_Force  Force_corr  Kick        FindCluster CreateGroup MPI_comm    Output      Status      Other      
   0.0019216  2.2883e-05   7.743e-05           0   0.0003406   0.0014109  3.0359e-05  1.8486e-05   2.953e-05  2.1086e-05  3.6854e-06   3.431e-06  3.8892e-09  5.4748e-06
   0.0019216  2.2919e-05  7.7474e-05           0  0.00033541   0.0013713  3.0414e-05  1.8521e-05  2.9584e-05  2.1107e-05  3.7182e-06  3.4313e-06  3.9038e-09  5.5776e-06
**** FDPS tree soft force time profile (local):
 Sample_ptcl Domain_deco Ex_ptcl     SetRootCell Make_LT     Make_LET    Make_GT     Make_Group  Make_I_list Calc_force  Write_back 
           0           0           0  1.9412e-05  0.00026382  3.8161e-05  0.00018328  2.6882e-06  6.3339e-05  0.00071849  8.1026e-05
**** Tree neighbor time profile (local):
 Sample_ptcl Domain_deco Ex_ptcl     SetRootCell Make_LT     Make_LET    Make_GT     Make_Group  Make_I_list Calc_force  Write_back 
           0           0           0  8.3566e-06  0.00012177  1.8851e-05  8.4621e-05  5.5559e-07  1.3789e-05  7.1588e-05  1.0841e-05
**** Number per step (global):
 PP_single   PP_cluster  PP_cross    Cluster     Cross       AR_step_sum
      976.77      23.229           0      11.204           0     0.13428
 AR_tsyn_sum Stab_Ngroup Iso_Ngroup  Form_Ngroup End_Ngroup  Modf_Ngroup Merg_Ngroup H4_step_sum H4_no_NB    Ep-Ep_sum   Ep-Sp_sum  
    0.052246           0           0   0.0068359   0.0014648           0           0      112.64   0.0078125  9.0948e+05       16049
**** Number of members in clusters (global):
N_members:            1           2           3           4
Count    :       976.77      10.452     0.68164    0.070312

Time: 8  N_real(loc): 1000  N_real(glb): 1000  N_all(loc): 1000  N_all(glb): 1000  N_remove(glb): 0  N_escape(glb): 0
Energy:     Error/Total         Error     Error_cum         Total       Kinetic     Potential        Modify  Modify_group Modify_single      Error_PP  Error_PP_cum
Physic:   -7.580286e-07   0.002375808  0.0006167951     -3134.193      3029.243     -6163.436  6.280343e-07             0             0  -3.34905e-07 -6.996632e-06
Slowdown: -7.580285e-07   0.002375808  0.0006167941     -3134.193      3029.243     -6163.436  6.290114e-07             0             0 -3.350946e-07 -7.021454e-06
Angular Momentum:  |L|err: -0.0004269766  |L|err_cum: 0.009019558  L: 113.6116   -35.3687    106.6173  |L|: 159.7679
C.M.: mass: 1900 pos: 0.04979515   -0.01425049    -0.06595505 vel: -0.02997631   0.08298346    -0.0495638
Tree step number: 2048
**** Wallclock time per step (local): [Min/Max]
 Total       PP_single   PP_cluster  PP_cross    Tree_NB     Tree_Force  Force_corr  Kick        FindCluster CreateGroup MPI_comm    Output      Status      Other      
   0.0019819  2.4431e-05  8.6011e-05           0  0.00034383   0.0014546  3.0308e-05   2.054e-05  3.8032e-05  2.5222e-05   1.487e-06  3.2203e-06  3.4443e-09  3.8074e-06
    0.001982  2.4467e-05  8.6083e-05           0  0.00033633   0.0014103  3.0371e-05  2.0575e-05  3.8089e-05  2.5244e-05  1.5563e-06  3.2206e-06  3.4639e-09  3.9097e-06
**** FDPS tree soft force time profile (local):
 Sample_ptcl Domain_deco Ex_ptcl     SetRootCell Make_LT     Make_LET    Make_GT     Make_Group  Make_I_list Calc_force  Write_back 
           0           0           0  1.7604e-05  0.00030592  3.6992e-05  0.00019908  3.9857e-06  5.9686e-05  0.00069821  9.0181e-05
**** Tree neighbor time profile (local):
 Sample_ptcl Domain_deco Ex_ptcl     SetRootCell Make_LT     Make_LET    Make_GT     Make_Group  Make_I_list Calc_force  Write_back 
           0           0           0  1.1706e-05  0.00011104  1.9814e-05  8.6343e-05  5.2091e-07  1.8184e-05   7.247e-05  1.5489e-05
**** Number per step (global):
 PP_single   PP_cluster  PP_cross    Cluster     Cross       AR_step_sum
      975.01      24.987           0      12.119           0     0.31836
 AR_tsyn_sum Stab_Ngroup Iso_Ngroup  Form_Ngroup End_Ngroup  Modf_Ngroup Merg_Ngroup H4_step_sum H4_no_NB    Ep-Ep_sum   Ep-Sp_sum  
     0.11279           0           0    0.013672   0.0029297           0           0      119.14    0.015625  9.5031e+05      8538.4
**** Number of members in clusters (global):
N_members:            1           2           3           4
Count    :       975.01      11.454     0.57959    0.084961

Time: 8.5  N_real(loc): 1000  N_real(glb): 1000  N_all(loc): 1000  N_all(glb): 1000  N_remove(glb): 0  N_escape(glb): 0
Energy:     Error/Total         Error     Error_cum         Total       Kinetic     Potential        Modify  Modify_group Modify_single      Error_PP  Error_PP_cum
Physic:    1.012788e-07 -0.0003174275  0.0002993677     -3134.193      3000.265     -6134.458  6.493533e-07             0             0 -5.091104e-07 -7.505742e-06
Slowdown:  1.012789e-07 -0.0003174276  0.0002993666     -3134.193      3000.265     -6134.458  6.504324e-07             0             0 -5.080185e-07 -7.529473e-06
Angular Momentum:  |L|err: -0.0001821416  |L|err_cum: 0.008837416  L: 113.6128   -35.36918    106.6173  |L|: 159.7689
C.M.: mass: 1900 pos: 0.0411936   0.02858998    -0.07501579 vel: -0.03135879   0.09424749    -0.05026083
Tree step number: 2048
**** Wallclock time per step (local): [Min/Max]
 Total       PP_single   PP_cluster  PP_cross    Tree_NB     Tree_Force  Force_corr  Kick        FindCluster CreateGroup MPI_comm    Output      Status      Other      
   0.0014072  1.8106e-05  7.9195e-05           0  0.00025905  0.00098337  1.4463e-05  9.5802e-06  3.4977e-05  1.7968e-05   1.485e-06  3.6111e-06  3.2778e-09  3.7006e-06
   0.0014072  1.8141e-05  7.9239e-05           0  0.00025579   0.0009663  1.4542e-05  9.6317e-06  3.5027e-05  1.7988e-05  1.5291e-06  3.6113e-06  3.2974e-09  3.7966e-06
**** FDPS tree soft force time profile (local):
 Sample_ptcl Domain_deco Ex_ptcl     SetRootCell Make_LT     Make_LET    Make_GT     Make_Group  Make_I_list Calc_force  Write_back 
           0           0           0  1.2624e-05  0.00021645  3.2254e-05  0.00016588  2.1663e-06  5.7018e-05  0.00042303  3.5677e-05
**** Tree neighbor time profile (local):
 Sample_ptcl Domain_deco Ex_ptcl     SetRootCell Make_LT     Make_LET    Make_GT     Make_Group  Make_I_list Calc_force  Write_back 
           0           0           0  5.8824e-06  8.7918e-05  1.5864e-05  7.5169e-05  4.4264e-07  1.8448e-05  3.7025e-05  6.9046e-06
**** Number per step (global):
 PP_single   PP_cluster  PP_cross    Cluster     Cross       AR_step_sum
      974.78      25.216           0      12.007           0     0.12256
 AR_tsyn_sum Stab_Ngroup Iso_Ngroup  Form_Ngroup End_Ngroup  Modf_Ngroup Merg_Ngroup H4_step_sum H4_no_NB    Ep-Ep_sum   Ep-Sp_sum  
    0.044434           0           0   0.0058594   0.0019531           0           0      125.57   0.0078125  9.6329e+05      5823.1
**** Number of members in clusters (global):
N_members:            1           2           3           4           5
Count    :       974.78      11.005     0.84619     0.11328    0.042969

Time: 9  N_real(loc): 1000  N_real(glb): 1000  N_all(loc): 1000  N_all(glb): 1000  N_remove(glb): 0  N_escape(glb): 0
Energy:     Error/Total         Error     Error_cum         Total       Kinetic     Potential        Modify  Modify_group Modify_single      Error_PP  Error_PP_cum
Physic:    1.996937e-07 -0.0006258787 -0.0003265111     -3134.194      3152.437     -6286.631  6.344681e-07             0             0  -1.14538e-07  -7.62028e-06
Slowdown:  1.996937e-07 -0.0006258786  -0.000326512     -3134.194      3152.437     -6286.631  6.354225e-07             0             0 -1.141614e-07 -7.643634e-06
Angular Momentum:  |L|err: 0.0004436509  |L|err_cum: 0.009281067  L: 113.6125   -35.36919    106.6178  |L|: 159.769
C.M.: mass: 1900 pos: 0.04249807   0.05725158    -0.09769883 vel: 0.01470915   0.03912555    -0.0428577
Tree step number: 2048
**** Wallclock time per step (local): [Min/Max]
 Total       PP_single   PP_cluster  PP_cross    Tree_NB     Tree_Force  Force_corr  Kick        FindCluster CreateGroup MPI_comm    Output      Status      Other      
   0.0016665  2.3273e-05  8.4733e-05           0  0.00030282   0.0011982  2.0131e-05  1.0427e-05  3.2906e-05  2.0509e-05  1.2698e-06  3.4828e-06   3.645e-09    3.56e-06
   0.0016666   2.331e-05  8.4778e-05           0  0.00029883   0.0011653  2.0197e-05  1.0462e-05   3.296e-05  2.0531e-05  1.3019e-06  3.4831e-06  3.6646e-09  3.6478e-06
**** FDPS tree soft force time profile (local):
 Sample_ptcl Domain_deco Ex_ptcl     SetRootCell Make_LT     Make_LET    Make_GT     Make_Group  Make_I_list Calc_force  Write_back 
           0           0           0  1.3689e-05  0.00023567  3.0442e-05  0.00017234  2.8753e-06  5.1237e-05  0.00058414  6.7337e-05
**** Tree neighbor time profile (local):
 Sample_ptcl Domain_deco Ex_ptcl     SetRootCell Make_LT     Make_LET    Make_GT     Make_Group  Make_I_list Calc_force  Write_back 
           0           0           0  8.9301e-06  0.00010759  2.0559e-05  7.2306e-05  4.4933e-07  1.5491e-05  6.1268e-05  8.5211e-06
**** Number per step (global):
 PP_single   PP_cluster  PP_cross    Cluster     Cross       AR_step_sum
      973.19      26.811           0      12.866           0     0.35986
 AR_tsyn_sum Stab_Ngroup Iso_Ngroup  Form_Ngroup End_Ngroup  Modf_Ngroup Merg_Ngroup H4_step_sum H4_no_NB    Ep-Ep_sum   Ep-Sp_sum  
     0.13232           0           0     0.01709   0.0039062           0           0      129.43    0.017578  9.5819e+05      7029.3
**** Number of members in clusters (global):
N_members:            1           2           3           4           5
Count    :       973.19       11.96     0.79297    0.054688    0.058594

Time: 9.5  N_real(loc): 1000  N_real(glb): 1000  N_all(loc): 1000  N_all(glb): 1000  N_remove(glb): 0  N_escape(glb): 0
Energy:     Error/Total         Error     Error_cum         Total       Kinetic     Potential        Modify  Modify_group Modify_single      Error_PP  Error_PP_cum
Physic:    2.904079e-07 -0.0009101949  -0.001236706     -3134.195      3111.779     -6245.973  6.741936e-07             0             0 -8.105275e-07 -8.430808e-06
Slowdown:   2.90408e-07 -0.0009101953  -0.001236707     -3134.195      3111.779     -6245.973  6.755226e-07             0             0 -8.068521e-07 -8.450486e-06
Angular Momentum:  |L|err: -0.000421103  |L|err_cum: 0.008859964  L: 113.6121   -35.36847    106.6176  |L|: 159.7685
C.M.: mass: 1900 pos: 0.04695026   0.06084747    -0.1150178 vel: 0.02663604   -0.008582392    -0.008311865
Tree step number: 2048
**** Wallclock time per step (local): [Min/Max]
 Total       PP_single   PP_cluster  PP_cross    Tree_NB     Tree_Force  Force_corr  Kick        FindCluster CreateGroup MPI_comm    Output      Status      Other      
   0.0019743  2.2598e-05  8.5999e-05           0  0.00034036   0.0014321  2.2107e-05  1.2853e-05  3.6603e-05  4.2375e-05  2.5821e-06  3.3628e-06  3.1846e-09  4.4139e-06
   0.0019743  2.2634e-05  8.6044e-05           0   0.0003361   0.0014032  2.2162e-05  1.2887e-05  3.6668e-05    4.24e-05  2.6142e-06   3.363e-06  3.1992e-09  4.5552e-06
**** FDPS tree soft force time profile (local):
 Sample_ptcl Domain_deco Ex_ptcl     SetRootCell Make_LT     Make_LET    Make_GT     Make_Group  Make_I_list Calc_force  Write_back 
           0           0           0  1.6731e-05  0.00023958    3.66e-05  0.00018082  2.5492e-06  5.7769e-05  0.00076889  5.9742e-05
**** Tree neighbor time profile (local):
 Sample_ptcl Domain_deco Ex_ptcl     SetRootCell Make_LT     Make_LET    Make_GT     Make_Group  Make_I_list Calc_force  Write_back 
           0           0           0  1.0307e-05  0.00011182  1.9809e-05  8.3522e-05  6.2021e-07   1.576e-05  6.5199e-05  9.0086e-06
**** Number per step (global):
 PP_single   PP_cluster  PP_cross    Cluster     Cross       AR_step_sum
      974.85      25.148           0      11.906           0     0.72021
 AR_tsyn_sum Stab_Ngroup Iso_Ngroup  Form_Ngroup End_Ngroup  Modf_Ngroup Merg_Ngroup H4_step_sum H4_no_NB    Ep-Ep_sum   Ep-Sp_sum  
     0.26123           0           0    0.023438   0.0053711           0           0       121.4    0.014648   9.257e+05       12315
**** Number of members in clusters (global):
N_members:            1           2           3           4           5
Count    :       974.85      10.846     0.86865     0.10742    0.083984

Time: 10  N_real(loc): 1000  N_real(glb): 1000  N_all(loc): 1000  N_all(glb): 1000  N_remove(glb): 0  N_escape(glb): 0
Energy:     Error/Total         Error     Error_cum         Total       Kinetic     Potential        Modify  Modify_group Modify_single      Error_PP  Error_PP_cum
Physic:    8.201799e-07  -0.002570606  -0.003807312     -3134.197      3383.828     -6518.026  7.038188e-07             0             0 -5.523219e-06 -1.395403e-05
Slowdown:  8.201793e-07  -0.002570604  -0.003807311     -3134.197      3383.828     -6518.026  7.032551e-07             0             0 -5.522929e-06 -1.397342e-05
Angular Momentum:  |L|err: 0.000624306  |L|err_cum: 0.00948427  L: 113.6126   -35.36917    106.6183  |L|: 159.7694
C.M.: mass: 1900 pos: 0.03663323   0.03337475    -0.1172998 vel: -0.04693793   -0.08826861    0.005790987
Tree step number: 2048
**** Wallclock time per step (local): [Min/Max]
 Total       PP_single   PP_cluster  PP_cross    Tree_NB     Tree_Force  Force_corr  Kick        FindCluster CreateGroup MPI_comm    Output      Status      Other      
   0.0021636  2.3255e-05  8.7751e-05           0  0.00039128   0.0015496  2.8044e-05  1.2877e-05  3.9331e-05  5.5751e-05  1.4288e-06  3.5594e-06  3.6401e-09  4.3499e-06
   0.0021637  2.3292e-05  8.7797e-05           0  0.00038683   0.0015177  2.8097e-05  1.2911e-05  3.9392e-05   5.578e-05  1.4608e-06  3.5596e-06  3.6548e-09  4.5192e-06
**** FDPS tree soft force time profile (local):
 Sample_ptcl Domain_deco Ex_ptcl     SetRootCell Make_LT     Make_LET    Make_GT     Make_Group  Make_I_list Calc_force  Write_back 
           0           0           0  1.9761e-05  0.00024055  3.0649e-05  0.00022156  5.2233e-06  7.9041e-05  0.00077493  6.5907e-05
**** Tree neighbor time profile (local):
 Sample_ptcl Domain_deco Ex_ptcl     SetRootCell Make_LT     Make_LET    Make_GT     Make_Group  Make_I_list Calc_force  Write_back 
           0           0           0  1.9678e-05  0.00011971  1.7405e-05  0.00011567  8.0175e-07  1.7115e-05  4.5386e-05  9.4507e-06
**** Number per step (global):
 PP_single   PP_cluster  PP_cross    Cluster     Cross       AR_step_sum
      973.45      26.547           0      12.543           0     0.88525
 AR_tsyn_sum Stab_Ngroup Iso_Ngroup  Form_Ngroup End_Ngroup  Modf_Ngroup Merg_Ngroup H4_step_sum H4_no_NB    Ep-Ep_sum   Ep-Sp_sum  
      0.2959           0           0     0.03125   0.0083008           0           0      125.75     0.04248  8.8522e+05       20053
**** Number of members in clusters (global):
N_members:            1           2           3           4           5           6
Count    :       973.45      11.276      1.1123     0.12402    0.025391   0.0058594

Time: 10.5  N_real(loc): 1000  N_real(glb): 1000  N_all(loc): 1000  N_all(glb): 1000  N_remove(glb): 0  N_escape(glb): 0
Energy:     Error/Total         Error     Error_cum         Total       Kinetic     Potential        Modify  Modify_group Modify_single      Error_PP  Error_PP_cum
Physic:   -1.431602e-07  0.0004486923  -0.003358619     -3134.197      3333.887     -6468.084  7.240903e-07             0             0  1.904283e-07  -1.37636e-05
Slowdown: -1.431595e-07  0.0004486902  -0.003358621     -3134.197      3333.887     -6468.084  7.256568e-07             0             0  1.922436e-07 -1.378117e-05
Angular Momentum:  |L|err: 9.481104e-05  |L|err_cum: 0.009579081  L: 113.6127   -35.36912    106.6185  |L|: 159.7696
C.M.: mass: 1900 pos: 0.01974223   0.01969585    -0.08740316 vel: -0.002629199   0.002186678    0.04851046
Tree step number: 2048
**** Wallclock time per step (local): [Min/Max]
 Total       PP_single   PP_cluster  PP_cross    Tree_NB     Tree_Force  Force_corr  Kick        FindCluster CreateGroup MPI_comm    Output      Status      Other      
   0.0017918   2.225e-05  9.7266e-05           0  0.00030018   0.0012781  2.2506e-05  1.4118e-05  4.2116e-05  3.8026e-05  1.9279e-06  3.8201e-06  2.9155e-09  4.7829e-06
   0.0017918  2.2285e-05  9.7314e-05           0  0.00029595   0.0012468  2.2559e-05  1.4162e-05  4.2172e-05  3.8049e-05  1.9681e-06  3.8203e-06  2.9351e-09  4.8793e-06
**** FDPS tree soft force time profile (local):
 Sample_ptcl Domain_deco Ex_ptcl     SetRootCell Make_LT     Make_LET    Make_GT     Make_Group  Make_I_list Calc_force  Write_back 
           0           0           0  1.6634e-05  0.00026872  3.8517e-05  0.00019896  2.6018e-06  6.1373e-05  0.00057455  6.4434e-05
**** Tree neighbor time profile (local):
 Sample_ptcl Domain_deco Ex_ptcl     SetRootCell Make_LT     Make_LET    Make_GT     Make_Group  Make_I_list Calc_force  Write_back 
           0           0           0  8.7759e-06  9.9091e-05  1.7336e-05  8.9961e-05   6.415e-07  1.7046e-05  4.4043e-05  9.0541e-06
**** Number per step (global):
 PP_single   PP_cluster  PP_cross    Cluster     Cross       AR_step_sum
      970.43      29.565           0      13.815           0      1.3706
 AR_tsyn_sum Stab_Ngroup Iso_Ngroup  Form_Ngroup End_Ngroup  Modf_Ngroup Merg_Ngroup H4_step_sum H4_no_NB    Ep-Ep_sum   Ep-Sp_sum  
     0.47168           0           0    0.048828    0.012695           0           0      147.95    0.042969  9.0958e+05       13955
**** Number of members in clusters (global):
N_members:            1           2           3           4           5           7
Count    :       970.43      12.201      1.3418     0.23975    0.026367   0.0068359

Time: 11  N_real(loc): 1000  N_real(glb): 1000  N_all(loc): 1000  N_all(glb): 1000  N_remove(glb): 0  N_escape(glb): 0
Energy:     Error/Total         Error     Error_cum         Total       Kinetic     Potential        Modify  Modify_group Modify_single      Error_PP  Error_PP_cum
Physic:   -3.074575e-07   0.000963632  -0.002394987     -3134.196      2963.396     -6097.592  7.717314e-07             0             0 -7.415059e-07  -1.45051e-05
Slowdown: -3.074579e-07  0.0009636332  -0.002394988     -3134.196      2963.396     -6097.592  7.720442e-07             0             0 -7.429426e-07 -1.452411e-05
Angular Momentum:  |L|err: 0.0009620827  |L|err_cum: 0.01054116  L: 113.6129   -35.36951    106.6197  |L|: 159.7706
C.M.: mass: 1900 pos: 0.01868907   0.0371191    -0.06251565 vel: -0.01340216   0.08248927    0.03280258
Tree step number: 2048
**** Wallclock time per step (local): [Min/Max]
 Total       PP_single   PP_cluster  PP_cross    Tree_NB     Tree_Force  Force_corr  Kick        FindCluster CreateGroup MPI_comm    Output      Status      Other      
   0.0014899  1.5118e-05  9.4206e-05           0  0.00029078   0.0010034   2.129e-05  1.4769e-05  3.4736e-05  2.7008e-05  1.0881e-06  3.4077e-06  3.3408e-09   2.891e-06
   0.0014899  1.5165e-05  9.4254e-05           0  0.00028794  0.00098529  2.1342e-05  1.4803e-05  3.4788e-05   2.703e-05  1.1201e-06  3.4079e-06   3.356e-09  2.9747e-06
**** FDPS tree soft force time profile (local):
 Sample_ptcl Domain_deco Ex_ptcl     SetRootCell Make_LT     Make_LET    Make_GT     Make_Group  Make_I_list Calc_force  Write_back 
           0           0           0  1.5236e-05  0.00023777  3.2456e-05  0.00016492  2.4689e-06  5.9339e-05  0.00039608   3.779e-05
**** Tree neighbor time profile (local):
 Sample_ptcl Domain_deco Ex_ptcl     SetRootCell Make_LT     Make_LET    Make_GT     Make_Group  Make_I_list Calc_force  Write_back 
           0           0           0  4.5457e-06  0.00011832   1.528e-05  7.0559e-05  5.5805e-07   2.335e-05  3.3387e-05  6.1106e-06
**** Number per step (global):
 PP_single   PP_cluster  PP_cross    Cluster     Cross       AR_step_sum
       973.2      26.798           0       12.63           0       1.022
 AR_tsyn_sum Stab_Ngroup Iso_Ngroup  Form_Ngroup End_Ngroup  Modf_Ngroup Merg_Ngroup H4_step_sum H4_no_NB    Ep-Ep_sum   Ep-Sp_sum  
     0.33008           0           0    0.027344   0.0073242           0           0      133.05    0.085449  9.1551e+05       11390
**** Number of members in clusters (global):
N_members:            1           2           3           4           5           6           7           8
Count    :        973.2      11.745     0.56006     0.15088    0.069336      0.0625    0.033203   0.0087891

Time: 11.5  N_real(loc): 1000  N_real(glb): 1000  N_all(loc): 1000  N_all(glb): 1000  N_remove(glb): 0  N_escape(glb): 0
Energy:     Error/Total         Error     Error_cum         Total       Kinetic     Potential        Modify  Modify_group Modify_single      Error_PP  Error_PP_cum
Physic:    1.043997e-06  -0.003272095  -0.005667082     -3134.199      3070.788     -6204.987  8.067628e-07             0             0 -4.674043e-07 -1.497251e-05
Slowdown:  1.043997e-06  -0.003272095  -0.005667082     -3134.199      3070.788     -6204.987  8.071564e-07             0             0 -4.672894e-07  -1.49914e-05
Angular Momentum:  |L|err: 0.0003027696  |L|err_cum: 0.01084393  L: 113.6125   -35.37002    106.6194  |L|: 159.7702
C.M.: mass: 1900 pos: 0.02342372   0.06437952    -0.06173587 vel: 0.01887063   0.06042169    0.04344801
Tree step number: 2048
**** Wallclock time per step (local): [Min/Max]
 Total       PP_single   PP_cluster  PP_cross    Tree_NB     Tree_Force  Force_corr  Kick        FindCluster CreateGroup MPI_comm    Output      Status      Other      
   0.0018826  1.8014e-05  7.9373e-05           0  0.00035728    0.001345  2.3388e-05  1.2355e-05   3.455e-05  3.7562e-05  1.4906e-06  4.5564e-06  3.4438e-09  7.2844e-06
   0.0018826  1.8048e-05  7.9425e-05           0  0.00035285   0.0013092  2.3481e-05  1.2388e-05  3.4603e-05  3.7587e-05  1.5225e-06  4.5568e-06  3.4639e-09  7.3775e-06
**** FDPS tree soft force time profile (local):
 Sample_ptcl Domain_deco Ex_ptcl     SetRootCell Make_LT     Make_LET    Make_GT     Make_Group  Make_I_list Calc_force  Write_back 
           0           0           0  1.9332e-05  0.00024686  3.3197e-05  0.00020322    2.44e-06  7.3023e-05  0.00061318  7.3365e-05
**** Tree neighbor time profile (local):
 Sample_ptcl Domain_deco Ex_ptcl     SetRootCell Make_LT     Make_LET    Make_GT     Make_Group  Make_I_list Calc_force  Write_back 
           0           0           0  1.1524e-05   0.0001078  1.9111e-05  0.00010779  5.6021e-07  1.8811e-05  5.7201e-05  9.3192e-06
**** Number per step (global):
 PP_single   PP_cluster  PP_cross    Cluster     Cross       AR_step_sum
      976.46      23.537           0      11.449           0     0.20752
 AR_tsyn_sum Stab_Ngroup Iso_Ngroup  Form_Ngroup End_Ngroup  Modf_Ngroup Merg_Ngroup H4_step_sum H4_no_NB    Ep-Ep_sum   Ep-Sp_sum  
    0.069336           0           0   0.0092773   0.0019531           0           0      113.21    0.012695  9.0085e+05       14796
**** Number of members in clusters (global):
N_members:            1           2           3           4           5
Count    :       976.46      10.942     0.38281     0.11523   0.0087891

Time: 12  N_real(loc): 1000  N_real(glb): 1000  N_all(loc): 1000  N_all(glb): 1000  N_remove(glb): 0  N_escape(glb): 0
Energy:     Error/Total         Error     Error_cum         Total       Kinetic     Potential        Modify  Modify_group Modify_single      Error_PP  Error_PP_cum
Physic:   -6.658645e-07    0.00208695  -0.003580132     -3134.197      3473.119     -6607.316  8.387963e-07             0             0 -1.796393e-07 -1.515215e-05
Slowdown: -6.658644e-07    0.00208695  -0.003580132     -3134.197      3473.119     -6607.316  8.395131e-07             0             0   -1.6087e-07 -1.515227e-05
Angular Momentum:  |L|err: 0.0005193291  |L|err_cum: 0.01136326  L: 113.6124   -35.37049    106.6197  |L|: 159.7705
C.M.: mass: 1900 pos: 0.03336219   0.08287365    -0.04112246 vel: 0.01069323   0.04787177    0.01901647
Tree step number: 2048
**** Wallclock time per step (local): [Min/Max]
 Total       PP_single   PP_cluster  PP_cross    Tree_NB     Tree_Force  Force_corr  Kick        FindCluster CreateGroup MPI_comm    Output      Status      Other      
    0.001481  1.6499e-05  7.3758e-05           0  0.00030687   0.0010064  1.0873e-05   8.808e-06  2.8191e-05   3.715e-05  1.3028e-06  4.1735e-06  4.9507e-09  4.8345e-06
   0.0014811  1.6533e-05  7.3802e-05           0  0.00030424  0.00098891  1.0933e-05  8.8411e-06  2.8255e-05  3.7175e-05  1.3348e-06  4.1736e-06  4.9653e-09  4.9214e-06
**** FDPS tree soft force time profile (local):
 Sample_ptcl Domain_deco Ex_ptcl     SetRootCell Make_LT     Make_LET    Make_GT     Make_Group  Make_I_list Calc_force  Write_back 
           0           0           0  1.8831e-05  0.00021505  2.9103e-05  0.00018729   2.728e-06  7.1311e-05  0.00037985  3.6393e-05
**** Tree neighbor time profile (local):
 Sample_ptcl Domain_deco Ex_ptcl     SetRootCell Make_LT     Make_LET    Make_GT     Make_Group  Make_I_list Calc_force  Write_back 
           0           0           0  1.1763e-05  0.00012147  1.6325e-05  8.3359e-05  6.8037e-07  1.3572e-05  2.6945e-05  5.6739e-06
**** Number per step (global):
 PP_single   PP_cluster  PP_cross    Cluster     Cross       AR_step_sum
      976.59       23.41           0      11.245           0     0.30859
 AR_tsyn_sum Stab_Ngroup Iso_Ngroup  Form_Ngroup End_Ngroup  Modf_Ngroup Merg_Ngroup H4_step_sum H4_no_NB    Ep-Ep_sum   Ep-Sp_sum  
      0.1123           0           0    0.019531   0.0048828           0           0      115.94    0.027832  8.7661e+05       22219
**** Number of members in clusters (global):
N_members:            1           2           3           4           5           6
Count    :       976.59       10.44     0.71484    0.072266   0.0097656   0.0078125

Time: 12.5  N_real(loc): 1000  N_real(glb): 1000  N_all(loc): 1000  N_all(glb): 1000  N_remove(glb): 0  N_escape(glb): 0
Energy:     Error/Total         Error     Error_cum         Total       Kinetic     Potential        Modify  Modify_group Modify_single      Error_PP  Error_PP_cum
Physic:    4.352396e-07  -0.001364127  -0.004944259     -3134.198      3179.906     -6314.105  9.566305e-07             0             0 -8.909254e-07 -1.604307e-05
Slowdown:  4.352397e-07  -0.001364128   -0.00494426     -3134.198      3179.906     -6314.105  9.575087e-07             0             0 -8.909491e-07 -1.604322e-05
Angular Momentum:  |L|err: 0.001139514  |L|err_cum: 0.01250278  L: 113.6121   -35.37137    106.6204  |L|: 159.7709
C.M.: mass: 1900 pos: 0.01093412   0.0766476    -0.04983567 vel: -0.04054377   -0.03448747    -0.05572418
Tree step number: 2048
**** Wallclock time per step (local): [Min/Max]
 Total       PP_single   PP_cluster  PP_cross    Tree_NB     Tree_Force  Force_corr  Kick        FindCluster CreateGroup MPI_comm    Output      Status      Other      
   0.0015514  1.4901e-05  7.5951e-05           0  0.00029559    0.001094  1.5216e-05  9.3853e-06  3.3608e-05  2.2915e-05  1.3294e-06  3.7518e-06  3.9287e-09  3.7381e-06
   0.0015514  1.4935e-05  7.6448e-05           0  0.00029169   0.0010761  1.5268e-05  9.4182e-06  3.3665e-05  2.2937e-05  1.3706e-06  3.7519e-06  3.9434e-09  3.8227e-06
**** FDPS tree soft force time profile (local):
 Sample_ptcl Domain_deco Ex_ptcl     SetRootCell Make_LT     Make_LET    Make_GT     Make_Group  Make_I_list Calc_force  Write_back 
           0           0           0  1.1441e-05  0.00023177  3.4498e-05  0.00018661  3.5379e-06  7.0798e-05   0.0004587  3.7441e-05
**** Tree neighbor time profile (local):
 Sample_ptcl Domain_deco Ex_ptcl     SetRootCell Make_LT     Make_LET    Make_GT     Make_Group  Make_I_list Calc_force  Write_back 
           0           0           0  8.3099e-06  0.00010857   1.618e-05  8.4228e-05   5.994e-07  1.6484e-05  3.5476e-05   8.171e-06
**** Number per step (global):
 PP_single   PP_cluster  PP_cross    Cluster     Cross       AR_step_sum
      977.12      22.881           0      10.864           0      0.2915
 AR_tsyn_sum Stab_Ngroup Iso_Ngroup  Form_Ngroup End_Ngroup  Modf_Ngroup Merg_Ngroup H4_step_sum H4_no_NB    Ep-Ep_sum   Ep-Sp_sum  
     0.10107           0           0   0.0073242   0.0014648           0           0      110.26   0.0087891  8.9538e+05       20274
**** Number of members in clusters (global):
N_members:            1           2           3           4           5
Count    :       977.12      9.8677     0.84619     0.14453   0.0058594

Time: 13  N_real(loc): 1000  N_real(glb): 1000  N_all(loc): 1000  N_all(glb): 1000  N_remove(glb): 0  N_escape(glb): 0
Energy:     Error/Total         Error     Error_cum         Total       Kinetic     Potential        Modify  Modify_group Modify_single      Error_PP  Error_PP_cum
Physic:   -8.839219e-07   0.002770384  -0.002173875     -3134.196      3034.775      -6168.97  9.585652e-07             0             0 -5.773443e-07 -1.662042e-05
Slowdown: -8.839233e-07   0.002770388  -0.002173871     -3134.196      3034.775      -6168.97  9.550495e-07             0             0 -5.773405e-07 -1.662056e-05
Angular Momentum:  |L|err: 0.0005744167  |L|err_cum: 0.01307719  L: 113.6123   -35.37151    106.6212  |L|: 159.7716
C.M.: mass: 1900 pos: -0.005358947   0.05292723    -0.08130455 vel: -0.01513052   -0.03916789    -0.05822591
Tree step number: 2048
**** Wallclock time per step (local): [Min/Max]
 Total       PP_single   PP_cluster  PP_cross    Tree_NB     Tree_Force  Force_corr  Kick        FindCluster CreateGroup MPI_comm    Output      Status      Other      
   0.0016603  1.7373e-05  7.4308e-05           0  0.00030043   0.0012056  1.9119e-05  8.8161e-06   3.332e-05  1.8451e-05  1.6835e-06  6.4406e-06  3.9482e-09  4.1484e-06
   0.0016603  1.7416e-05  7.4353e-05           0   0.0002957   0.0011784  1.9171e-05  8.8492e-06  3.3372e-05  1.8471e-05  1.7157e-06  6.4407e-06  3.9629e-09  4.2364e-06
**** FDPS tree soft force time profile (local):
 Sample_ptcl Domain_deco Ex_ptcl     SetRootCell Make_LT     Make_LET    Make_GT     Make_Group  Make_I_list Calc_force  Write_back 
           0           0           0  1.3907e-05  0.00024249  2.7924e-05  0.00017815   2.446e-06  5.7498e-05  0.00058478  5.5976e-05
**** Tree neighbor time profile (local):
 Sample_ptcl Domain_deco Ex_ptcl     SetRootCell Make_LT     Make_LET    Make_GT     Make_Group  Make_I_list Calc_force  Write_back 
           0           0           0  6.9142e-06  0.00010366  1.4817e-05  7.7157e-05  4.3365e-07  1.4349e-05  6.5039e-05  9.8615e-06
**** Number per step (global):
 PP_single   PP_cluster  PP_cross    Cluster     Cross       AR_step_sum
      976.68      23.324           0          11           0      0.3999
 AR_tsyn_sum Stab_Ngroup Iso_Ngroup  Form_Ngroup End_Ngroup  Modf_Ngroup Merg_Ngroup H4_step_sum H4_no_NB    Ep-Ep_sum   Ep-Sp_sum  
      0.1377           0           0    0.020996   0.0058594           0           0      116.46    0.040527  9.4208e+05      9088.2
**** Number of members in clusters (global):
N_members:            1           2           3           4           5           6           7
Count    :       976.68      10.064     0.67334     0.17383      0.0625    0.016602   0.0097656

Time: 13.5  N_real(loc): 1000  N_real(glb): 1000  N_all(loc): 1000  N_all(glb): 1000  N_remove(glb): 0  N_escape(glb): 0
Energy:     Error/Total         Error     Error_cum         Total       Kinetic     Potential        Modify  Modify_group Modify_single      Error_PP  Error_PP_cum
Physic:   -1.832105e-07  0.0005742176  -0.001599657     -3134.195      3212.834     -6347.029  9.611523e-07             0             0 -1.718044e-07 -1.679222e-05
Slowdown: -1.832105e-07  0.0005742176  -0.001599654     -3134.195      3212.834     -6347.029  9.576508e-07             0             0 -1.713372e-07  -1.67919e-05
Angular Momentum:  |L|err: -0.0004200746  |L|err_cum: 0.01265712  L: 113.6123   -35.37154    106.6205  |L|: 159.7712
C.M.: mass: 1900 pos: -0.02882975   0.02666458    -0.08752323 vel: -0.05504395   -0.09365982    -0.03406376
Tree step number: 2048
**** Wallclock time per step (local): [Min/Max]
 Total       PP_single   PP_cluster  PP_cross    Tree_NB     Tree_Force  Force_corr  Kick        FindCluster CreateGroup MPI_comm    Output      Status      Other      
   0.0018015   1.703e-05  7.9332e-05           0  0.00034748   0.0012667  2.1798e-05  1.1896e-05  4.3247e-05  2.4019e-05  1.0555e-05  4.0152e-06  4.8677e-09  6.3707e-06
   0.0018016  1.7066e-05  7.9409e-05           0   0.0003429   0.0012379   2.185e-05  1.1929e-05  4.3305e-05  2.4042e-05  1.0587e-05  4.0156e-06  4.8823e-09   6.474e-06
**** FDPS tree soft force time profile (local):
 Sample_ptcl Domain_deco Ex_ptcl     SetRootCell Make_LT     Make_LET    Make_GT     Make_Group  Make_I_list Calc_force  Write_back 
           0           0           0  1.0599e-05  0.00025021  3.1729e-05  0.00019592  2.3042e-06   5.598e-05  0.00060876  5.9361e-05
**** Tree neighbor time profile (local):
 Sample_ptcl Domain_deco Ex_ptcl     SetRootCell Make_LT     Make_LET    Make_GT     Make_Group  Make_I_list Calc_force  Write_back 
           0           0           0  1.1259e-05  0.00011836  2.1253e-05  8.6917e-05  3.8764e-07  2.2082e-05  6.4881e-05   9.662e-06
**** Number per step (global):
 PP_single   PP_cluster  PP_cross    Cluster     Cross       AR_step_sum
      976.84      23.161           0      11.053           0     0.28369
 AR_tsyn_sum Stab_Ngroup Iso_Ngroup  Form_Ngroup End_Ngroup  Modf_Ngroup Merg_Ngroup H4_step_sum H4_no_NB    Ep-Ep_sum   Ep-Sp_sum  
     0.10156           0           0    0.012695   0.0039062           0           0      114.42    0.012695  9.5552e+05      6333.3
**** Number of members in clusters (global):
N_members:            1           2           3           4
Count    :       976.84      10.106     0.83691     0.10938

Time: 14  N_real(loc): 1000  N_real(glb): 1000  N_all(loc): 1000  N_all(glb): 1000  N_remove(glb): 0  N_escape(glb): 0
Energy:     Error/Total         Error     Error_cum         Total       Kinetic     Potential        Modify  Modify_group Modify_single      Error_PP  Error_PP_cum
Physic:    6.018371e-07  -0.001886276  -0.003485933     -3134.197       3515.74     -6649.937  8.900823e-07             0             0 -2.240664e-06 -1.903289e-05
Slowdown:  6.018374e-07  -0.001886277  -0.003485931     -3134.197       3515.74     -6649.937  8.874343e-07             0             0 -2.237417e-06 -1.902932e-05
Angular Momentum:  |L|err: 0.0003205551  |L|err_cum: 0.01297767  L: 113.6118   -35.37214    106.6201  |L|: 159.7707
C.M.: mass: 1900 pos: -0.03274112   -0.01484978    -0.1083411 vel: -0.05585279   -0.06238395    0.01028564
Tree step number: 2048
**** Wallclock time per step (local): [Min/Max]
 Total       PP_single   PP_cluster  PP_cross    Tree_NB     Tree_Force  Force_corr  Kick        FindCluster CreateGroup MPI_comm    Output      Status      Other      
   0.0018631   2.192e-05  8.4381e-05           0  0.00032852   0.0013312  1.7991e-05  1.5356e-05  3.2752e-05  4.2298e-05  1.4293e-06  4.3187e-06   3.395e-09  4.3656e-06
   0.0018631  2.1963e-05  8.4427e-05           0  0.00032484   0.0013106  1.8044e-05   1.539e-05  3.2809e-05  4.2325e-05  1.4612e-06  4.3189e-06  3.4146e-09  4.4665e-06
**** FDPS tree soft force time profile (local):
 Sample_ptcl Domain_deco Ex_ptcl     SetRootCell Make_LT     Make_LET    Make_GT     Make_Group  Make_I_list Calc_force  Write_back 
           0           0           0   1.831e-05  0.00023032   3.113e-05  0.00019732  2.9831e-06  6.9347e-05  0.00064189  4.3189e-05
**** Tree neighbor time profile (local):
 Sample_ptcl Domain_deco Ex_ptcl     SetRootCell Make_LT     Make_LET    Make_GT     Make_Group  Make_I_list Calc_force  Write_back 
           0           0           0  1.0678e-05  0.00010282  1.7047e-05  7.8428e-05  5.7423e-07  1.6763e-05  5.1044e-05  7.8586e-06
**** Number per step (global):
 PP_single   PP_cluster  PP_cross    Cluster     Cross       AR_step_sum
      974.27      25.727           0      12.162           0     0.34277
 AR_tsyn_sum Stab_Ngroup Iso_Ngroup  Form_Ngroup End_Ngroup  Modf_Ngroup Merg_Ngroup H4_step_sum H4_no_NB    Ep-Ep_sum   Ep-Sp_sum  
     0.12549           0           0     0.02002   0.0043945           0           0      132.97     0.04541  9.2111e+05       14425
**** Number of members in clusters (global):
N_members:            1           2           3           4           5           6
Count    :       974.27      11.132     0.76758     0.17725    0.058594    0.026367

Time: 14.5  N_real(loc): 1000  N_real(glb): 1000  N_all(loc): 1000  N_all(glb): 1000  N_remove(glb): 0  N_escape(glb): 0
Energy:     Error/Total         Error     Error_cum         Total       Kinetic     Potential        Modify  Modify_group Modify_single      Error_PP  Error_PP_cum
Physic:   -8.343787e-07   0.002615105 -0.0008708282     -3134.194      2913.718     -6047.912  9.951247e-07             0             0  -8.96057e-07 -1.992894e-05
Slowdown: -8.343788e-07   0.002615105 -0.0008708254     -3134.194      2913.718     -6047.912  9.922754e-07             0             0 -8.970519e-07 -1.992637e-05
Angular Momentum:  |L|err: -0.0001099831  |L|err_cum: 0.01286769  L: 113.6117   -35.37159    106.6205  |L|: 159.7707
C.M.: mass: 1900 pos: -0.05607723   -0.05156225    -0.09421003 vel: -0.003832777   -0.06340614    0.05733258
Tree step number: 2048
**** Wallclock time per step (local): [Min/Max]
 Total       PP_single   PP_cluster  PP_cross    Tree_NB     Tree_Force  Force_corr  Kick        FindCluster CreateGroup MPI_comm    Output      Status      Other      
   0.0021439  2.2062e-05  8.2716e-05           0  0.00037887   0.0015592  2.9051e-05  1.1807e-05  3.5111e-05  4.5802e-05  5.6269e-06  3.8373e-06  6.2666e-09  5.9324e-06
   0.0021439  2.2113e-05  8.2765e-05           0  0.00037476   0.0015241  2.9128e-05  1.1843e-05  3.5175e-05   4.583e-05   5.661e-06  3.8374e-06  6.2861e-09  6.0452e-06
**** FDPS tree soft force time profile (local):
 Sample_ptcl Domain_deco Ex_ptcl     SetRootCell Make_LT     Make_LET    Make_GT     Make_Group  Make_I_list Calc_force  Write_back 
           0           0           0  2.1748e-05  0.00026889  3.5313e-05  0.00023611  2.8945e-06  8.9988e-05  0.00071293  7.2206e-05
**** Tree neighbor time profile (local):
 Sample_ptcl Domain_deco Ex_ptcl     SetRootCell Make_LT     Make_LET    Make_GT     Make_Group  Make_I_list Calc_force  Write_back 
           0           0           0  1.8257e-05  0.00011577   2.126e-05  0.00010205  7.3304e-07  1.6336e-05  5.0099e-05  8.7337e-06
**** Number per step (global):
 PP_single   PP_cluster  PP_cross    Cluster     Cross       AR_step_sum
      976.86      23.143           0      10.911           0     0.41943
 AR_tsyn_sum Stab_Ngroup Iso_Ngroup  Form_Ngroup End_Ngroup  Modf_Ngroup Merg_Ngroup H4_step_sum H4_no_NB    Ep-Ep_sum   Ep-Sp_sum  
     0.15479           0           0     0.01416    0.003418           0           0      117.06    0.013672  8.9783e+05       19265
**** Number of members in clusters (global):
N_members:            1           2           3           4           5
Count    :       976.86      9.8315     0.84229     0.23096   0.0058594

Time: 15  N_real(loc): 1000  N_real(glb): 1000  N_all(loc): 1000  N_all(glb): 1000  N_remove(glb): 0  N_escape(glb): 0
Energy:     Error/Total         Error     Error_cum         Total       Kinetic     Potential        Modify  Modify_group Modify_single      Error_PP  Error_PP_cum
Physic:     3.86552e-07  -0.001211529  -0.002082358     -3134.196      3275.775      -6409.97  9.966509e-07             0             0 -9.109826e-07 -2.083993e-05
Slowdown:   3.86552e-07  -0.001211529  -0.002082355     -3134.196      3275.775      -6409.97  9.938111e-07             0             0 -9.118748e-07 -2.083824e-05
Angular Momentum:  |L|err: 1.739694e-05  |L|err_cum: 0.01288509  L: 113.6123   -35.37144    106.621  |L|: 159.7715
C.M.: mass: 1900 pos: -0.04031128   -0.07540328    -0.08701646 vel: -0.005040488   -0.004492754    0.006515031
Tree step number: 2048
**** Wallclock time per step (local): [Min/Max]
 Total       PP_single   PP_cluster  PP_cross    Tree_NB     Tree_Force  Force_corr  Kick        FindCluster CreateGroup MPI_comm    Output      Status      Other      
   0.0019748  2.0965e-05  8.1614e-05           0  0.00035849   0.0014215   2.151e-05  9.6171e-06  2.9842e-05  5.2085e-05   2.177e-06  3.3776e-06  4.3936e-09  5.1148e-06
   0.0019748     2.1e-05  8.1659e-05           0  0.00035568   0.0013905  2.1563e-05  9.6503e-06  2.9899e-05  5.2116e-05  2.2091e-06  3.3778e-06  4.4082e-09  5.2235e-06
**** FDPS tree soft force time profile (local):
 Sample_ptcl Domain_deco Ex_ptcl     SetRootCell Make_LT     Make_LET    Make_GT     Make_Group  Make_I_list Calc_force  Write_back 
           0           0           0  2.5676e-05   0.0002585  3.2996e-05  0.00021845  3.0107e-06  7.7302e-05  0.00060994  6.3766e-05
**** Tree neighbor time profile (local):
 Sample_ptcl Domain_deco Ex_ptcl     SetRootCell Make_LT     Make_LET    Make_GT     Make_Group  Make_I_list Calc_force  Write_back 
           0           0           0  1.1316e-05  0.00010115  1.6568e-05  0.00010518  7.0729e-07  1.9183e-05  3.5908e-05  6.1103e-06
**** Number per step (global):
 PP_single   PP_cluster  PP_cross    Cluster     Cross       AR_step_sum
      975.86      24.137           0      11.198           0     0.37793
 AR_tsyn_sum Stab_Ngroup Iso_Ngroup  Form_Ngroup End_Ngroup  Modf_Ngroup Merg_Ngroup H4_step_sum H4_no_NB    Ep-Ep_sum   Ep-Sp_sum  
     0.12354           0           0    0.011719    0.003418           0           0      124.45    0.027344  9.1014e+05       15116
**** Number of members in clusters (global):
N_members:            1           2           3           4           5           6
Count    :       975.86      9.8628      1.0493     0.19043    0.072266    0.023438

Time: 15.5  N_real(loc): 1000  N_real(glb): 1000  N_all(loc): 1000  N_all(glb): 1000  N_remove(glb): 0  N_escape(glb): 0
Energy:     Error/Total         Error     Error_cum         Total       Kinetic     Potential        Modify  Modify_group Modify_single      Error_PP  Error_PP_cum
Physic:   -8.698442e-08  0.0002726262  -0.001809732     -3134.195      3484.407     -6618.602  1.094554e-06             0             0 -3.159378e-06  -2.39993e-05
Slowdown: -8.698442e-08  0.0002726262  -0.001809729     -3134.195      3484.407     -6618.602  1.091702e-06             0             0  -3.16105e-06 -2.399929e-05
Angular Momentum:  |L|err: 0.0002562425  |L|err_cum: 0.01314133  L: 113.6119   -35.3717    106.6209  |L|: 159.7712
C.M.: mass: 1900 pos: -0.06904592   -0.09351737    -0.07996541 vel: -0.05812797   0.025901    0.03505934
Tree step number: 2048
**** Wallclock time per step (local): [Min/Max]
 Total       PP_single   PP_cluster  PP_cross    Tree_NB     Tree_Force  Force_corr  Kick        FindCluster CreateGroup MPI_comm    Output      Status      Other      
   0.0017524  1.6596e-05  7.5538e-05           0   0.0003219   0.0012582  1.8333e-05  1.0391e-05  2.8976e-05  3.4109e-05  1.4385e-06  4.8985e-06   3.415e-09  3.3795e-06
   0.0017525  1.6631e-05  7.5583e-05           0  0.00031763    0.001239  1.8386e-05  1.0453e-05   2.903e-05  3.4133e-05  1.4706e-06  4.8987e-06  3.4297e-09  3.4856e-06
**** FDPS tree soft force time profile (local):
 Sample_ptcl Domain_deco Ex_ptcl     SetRootCell Make_LT     Make_LET    Make_GT     Make_Group  Make_I_list Calc_force  Write_back 
           0           0           0  1.5785e-05  0.00023047  3.0166e-05  0.00018018  2.3876e-06  4.9095e-05  0.00063249  4.0757e-05
**** Tree neighbor time profile (local):
 Sample_ptcl Domain_deco Ex_ptcl     SetRootCell Make_LT     Make_LET    Make_GT     Make_Group  Make_I_list Calc_force  Write_back 
           0           0           0  5.8233e-06  9.8542e-05   2.029e-05  8.6442e-05  5.5258e-07  1.6268e-05  5.5901e-05  8.9892e-06
**** Number per step (global):
 PP_single   PP_cluster  PP_cross    Cluster     Cross       AR_step_sum
      975.81      24.187           0      11.346           0     0.15039
 AR_tsyn_sum Stab_Ngroup Iso_Ngroup  Form_Ngroup End_Ngroup  Modf_Ngroup Merg_Ngroup H4_step_sum H4_no_NB    Ep-Ep_sum   Ep-Sp_sum  
    0.055664           0           0   0.0078125   0.0024414           0           0      122.15    0.022949  9.3403e+05      8205.2
**** Number of members in clusters (global):
N_members:            1           2           3           4           5           6
Count    :       975.81      10.151      0.9707     0.16797    0.039062    0.017578

Time: 16  N_real(loc): 1000  N_real(glb): 1000  N_all(loc): 1000  N_all(glb): 1000  N_remove(glb): 0  N_escape(glb): 0
Energy:     Error/Total         Error     Error_cum         Total       Kinetic     Potential        Modify  Modify_group Modify_single      Error_PP  Error_PP_cum
Physic:    1.634682e-07 -0.0005123415  -0.002322073     -3134.196      3244.299     -6378.495   1.18278e-06             0             0  -2.75019e-07 -2.427432e-05
Slowdown:  1.634684e-07  -0.000512342  -0.002322071     -3134.196      3244.299     -6378.495  1.180461e-06             0             0 -2.702866e-07 -2.426958e-05
Angular Momentum:  |L|err: -0.0001031443  |L|err_cum: 0.01303819  L: 113.6119   -35.37158    106.6209  |L|: 159.7711
C.M.: mass: 1900 pos: -0.1034222   -0.08367124    -0.08016163 vel: -0.02719933   0.03684722    0.04214929
Tree step number: 2048
**** Wallclock time per step (local): [Min/Max]
 Total       PP_single   PP_cluster  PP_cross    Tree_NB     Tree_Force  Force_corr  Kick        FindCluster CreateGroup MPI_comm    Output      Status      Other      
    0.001785  1.8464e-05    8.11e-05           0  0.00033787   0.0012681  2.1015e-05  1.3093e-05  4.2905e-05  2.9018e-05  1.4531e-06  4.3896e-06  2.9985e-09  3.5103e-06
   0.0017851    1.85e-05  8.1147e-05           0  0.00033255   0.0012351  2.1095e-05  1.3127e-05  4.2961e-05   2.905e-05  1.4852e-06  4.3898e-06  3.0181e-09  3.6147e-06
**** FDPS tree soft force time profile (local):
 Sample_ptcl Domain_deco Ex_ptcl     SetRootCell Make_LT     Make_LET    Make_GT     Make_Group  Make_I_list Calc_force  Write_back 
           0           0           0  1.5577e-05   0.0002058  3.2904e-05   0.0001729  2.1201e-06   4.378e-05   0.0006742  6.7747e-05
**** Tree neighbor time profile (local):
 Sample_ptcl Domain_deco Ex_ptcl     SetRootCell Make_LT     Make_LET    Make_GT     Make_Group  Make_I_list Calc_force  Write_back 
           0           0           0   7.222e-06  9.9811e-05  1.5445e-05   8.962e-05  3.6296e-07  1.3888e-05  8.2114e-05  1.1158e-05
**** Number per step (global):
 PP_single   PP_cluster  PP_cross    Cluster     Cross       AR_step_sum
      974.88       25.12           0      11.813           0     0.25146
 AR_tsyn_sum Stab_Ngroup Iso_Ngroup  Form_Ngroup End_Ngroup  Modf_Ngroup Merg_Ngroup H4_step_sum H4_no_NB    Ep-Ep_sum   Ep-Sp_sum  
    0.084961           0           0     0.01416    0.003418           0           0      121.82    0.017578  9.7246e+05        2961
**** Number of members in clusters (global):
N_members:            1           2           3           4           5
Count    :       974.88      10.656     0.87451     0.23145    0.051758

Time: 16.5  N_real(loc): 1000  N_real(glb): 1000  N_all(loc): 1000  N_all(glb): 1000  N_remove(glb): 0  N_escape(glb): 0
Energy:     Error/Total         Error     Error_cum         Total       Kinetic     Potential        Modify  Modify_group Modify_single      Error_PP  Error_PP_cum
Physic:    -6.91366e-07   0.002166875  -0.000155198     -3134.194      3548.097     -6682.291  1.244248e-06             0             0 -8.447869e-07 -2.511911e-05
Slowdown:  -6.91366e-07   0.002166875 -0.0001551957     -3134.194      3548.097     -6682.291  1.241924e-06             0             0 -8.449396e-07 -2.511452e-05
Angular Momentum:  |L|err: 0.0002651901  |L|err_cum: 0.01330338  L: 113.6116   -35.37147    106.6212  |L|: 159.7712
C.M.: mass: 1900 pos: -0.09243006   -0.0803427    -0.05945066 vel: 0.01709889   0.03420691    0.01279834
Tree step number: 2048
**** Wallclock time per step (local): [Min/Max]
 Total       PP_single   PP_cluster  PP_cross    Tree_NB     Tree_Force  Force_corr  Kick        FindCluster CreateGroup MPI_comm    Output      Status      Other      
   0.0023129  2.2678e-05   7.247e-05           0  0.00038712   0.0017315  1.5542e-05  1.2522e-05  2.7867e-05  6.0052e-05  1.6461e-06  3.9522e-06  2.9106e-09  4.0618e-06
   0.0023129  2.2714e-05  7.2514e-05           0  0.00038365   0.0017061  1.5594e-05  1.2556e-05  2.7925e-05  6.0085e-05  1.6782e-06  3.9524e-06  2.9258e-09  4.1825e-06
**** FDPS tree soft force time profile (local):
 Sample_ptcl Domain_deco Ex_ptcl     SetRootCell Make_LT     Make_LET    Make_GT     Make_Group  Make_I_list Calc_force  Write_back 
           0           0           0  2.2376e-05  0.00024862  3.5519e-05  0.00024865  2.7408e-06  6.7491e-05  0.00088725  5.2602e-05
**** Tree neighbor time profile (local):
 Sample_ptcl Domain_deco Ex_ptcl     SetRootCell Make_LT     Make_LET    Make_GT     Make_Group  Make_I_list Calc_force  Write_back 
           0           0           0  1.4512e-05  0.00010523  1.5984e-05  0.00010577   7.379e-07   1.709e-05  5.0219e-05  7.4438e-06
**** Number per step (global):
 PP_single   PP_cluster  PP_cross    Cluster     Cross       AR_step_sum
      978.93      21.066           0      9.7754           0     0.30957
 AR_tsyn_sum Stab_Ngroup Iso_Ngroup  Form_Ngroup End_Ngroup  Modf_Ngroup Merg_Ngroup H4_step_sum H4_no_NB    Ep-Ep_sum   Ep-Sp_sum  
     0.10742           0           0    0.011719   0.0029297           0           0      107.44    0.041016  9.2833e+05       10066
**** Number of members in clusters (global):
N_members:            1           2           3           4           5           6           7           8           9
Count    :       978.93      8.6992     0.84473     0.13965    0.030273     0.03125    0.011719    0.012695   0.0058594

Time: 17  N_real(loc): 1000  N_real(glb): 1000  N_all(loc): 1000  N_all(glb): 1000  N_remove(glb): 0  N_escape(glb): 0
Energy:     Error/Total         Error     Error_cum         Total       Kinetic     Potential        Modify  Modify_group Modify_single      Error_PP  Error_PP_cum
Physic:    1.296265e-06   -0.00406275  -0.004217948     -3134.198      3388.326     -6522.524  1.255378e-06             0             0 -1.202058e-06 -2.632117e-05
Slowdown:  1.296264e-06  -0.004062748  -0.004217944     -3134.198      3388.326     -6522.524  1.251896e-06             0             0 -1.202526e-06 -2.631705e-05
Angular Momentum:  |L|err: 9.358145e-05  |L|err_cum: 0.01339696  L: 113.6119   -35.37159    106.6214  |L|: 159.7715
C.M.: mass: 1900 pos: -0.07932511   -0.08108485    -0.05043654 vel: 0.02998078   0.009543352    0.03489006
Tree step number: 2048
**** Wallclock time per step (local): [Min/Max]
 Total       PP_single   PP_cluster  PP_cross    Tree_NB     Tree_Force  Force_corr  Kick        FindCluster CreateGroup MPI_comm    Output      Status      Other      
   0.0024598   2.309e-05  9.3164e-05           0  0.00040331   0.0018184  2.6857e-05  1.1304e-05  3.4265e-05  7.2686e-05  1.3162e-06   4.133e-06  5.3228e-09  3.4662e-06
   0.0024599  2.3125e-05  9.3211e-05           0   0.0004005   0.0017863  2.6912e-05  1.1338e-05  3.4327e-05  7.2721e-05  1.3481e-06  4.1333e-06  5.3423e-09  3.6178e-06
**** FDPS tree soft force time profile (local):
 Sample_ptcl Domain_deco Ex_ptcl     SetRootCell Make_LT     Make_LET    Make_GT     Make_Group  Make_I_list Calc_force  Write_back 
           0           0           0  3.9356e-05  0.00025392  3.5929e-05  0.00024247  2.9707e-06  6.7655e-05  0.00090572  6.6323e-05
**** Tree neighbor time profile (local):
 Sample_ptcl Domain_deco Ex_ptcl     SetRootCell Make_LT     Make_LET    Make_GT     Make_Group  Make_I_list Calc_force  Write_back 
           0           0           0  1.9721e-05   0.0001229  1.6902e-05  0.00010841  7.5842e-07   1.744e-05  3.9661e-05  6.1603e-06
**** Number per step (global):
 PP_single   PP_cluster  PP_cross    Cluster     Cross       AR_step_sum
      972.72      27.279           0      12.349           0     0.31934
 AR_tsyn_sum Stab_Ngroup Iso_Ngroup  Form_Ngroup End_Ngroup  Modf_Ngroup Merg_Ngroup H4_step_sum H4_no_NB    Ep-Ep_sum   Ep-Sp_sum  
      0.1167           0           0     0.01416    0.003418           0           0       141.5    0.083984  9.1044e+05       14493
**** Number of members in clusters (global):
N_members:            1           2           3           4           5           6           7           8
Count    :       972.72      10.544      1.3833     0.20801     0.10645    0.081055    0.013672    0.011719

Time: 17.5  N_real(loc): 1000  N_real(glb): 1000  N_all(loc): 1000  N_all(glb): 1000  N_remove(glb): 0  N_escape(glb): 0
Energy:     Error/Total         Error     Error_cum         Total       Kinetic     Potential        Modify  Modify_group Modify_single      Error_PP  Error_PP_cum
Physic:   -2.657902e-07  0.0008330388  -0.003384909     -3134.197      3515.414      -6649.61  1.217231e-06             0             0 -5.486369e-07  -2.68698e-05
Slowdown:   -2.6579e-07  0.0008330382  -0.003384906     -3134.197      3515.414      -6649.61   1.21429e-06             0             0 -5.521747e-07 -2.686922e-05
Angular Momentum:  |L|err: -7.093442e-05  |L|err_cum: 0.01332602  L: 113.6119   -35.37148    106.6214  |L|: 159.7715
C.M.: mass: 1900 pos: -0.07891669   -0.09515514    -0.05329172 vel: 0.01083456   -0.003408605    -0.02594974
Tree step number: 2048
**** Wallclock time per step (local): [Min/Max]
 Total       PP_single   PP_cluster  PP_cross    Tree_NB     Tree_Force  Force_corr  Kick        FindCluster CreateGroup MPI_comm    Output      Status      Other      
   0.0019161  1.8342e-05  8.4272e-05           0  0.00033987   0.0013824   1.425e-05  1.0078e-05  3.0052e-05  4.6242e-05  1.1967e-06  4.0777e-06  5.3906e-09   4.511e-06
   0.0019162  1.8378e-05  8.4318e-05           0  0.00033602   0.0013648  1.4302e-05  1.0112e-05  3.0108e-05  4.6272e-05  1.2287e-06   4.078e-06  5.4106e-09  4.6518e-06
**** FDPS tree soft force time profile (local):
 Sample_ptcl Domain_deco Ex_ptcl     SetRootCell Make_LT     Make_LET    Make_GT     Make_Group  Make_I_list Calc_force  Write_back 
           0           0           0  2.1141e-05  0.00021794  2.9274e-05  0.00019823  2.7654e-06  7.2236e-05  0.00068484  3.6866e-05
**** Tree neighbor time profile (local):
 Sample_ptcl Domain_deco Ex_ptcl     SetRootCell Make_LT     Make_LET    Make_GT     Make_Group  Make_I_list Calc_force  Write_back 
           0           0           0   1.071e-05  9.8513e-05  1.8013e-05  9.1209e-05  6.4431e-07  1.5753e-05  4.4849e-05  8.1273e-06
**** Number per step (global):
 PP_single   PP_cluster  PP_cross    Cluster     Cross       AR_step_sum
      974.33      25.665           0      11.505           0     0.41992
 AR_tsyn_sum Stab_Ngroup Iso_Ngroup  Form_Ngroup End_Ngroup  Modf_Ngroup Merg_Ngroup H4_step_sum H4_no_NB    Ep-Ep_sum   Ep-Sp_sum  
     0.14844           0           0    0.013672   0.0024414           0           0      134.12    0.039062  8.9146e+05       17599
**** Number of members in clusters (global):
N_members:            1           2           3           4           5           6           7           8
Count    :       974.33      9.5332      1.5249     0.31543    0.063965    0.030273    0.036133  0.00097656

Time: 18  N_real(loc): 1000  N_real(glb): 1000  N_all(loc): 1000  N_all(glb): 1000  N_remove(glb): 0  N_escape(glb): 0
Energy:     Error/Total         Error     Error_cum         Total       Kinetic     Potential        Modify  Modify_group Modify_single      Error_PP  Error_PP_cum
Physic:    1.013493e-06  -0.003176489  -0.006561397       -3134.2        2982.8         -6117  1.271026e-06             0             0 -9.422976e-07  -2.78121e-05
Slowdown:  1.013493e-06  -0.003176489  -0.006561395       -3134.2        2982.8         -6117  1.268388e-06             0             0 -9.422657e-07 -2.781149e-05
Angular Momentum:  |L|err: 0.0007026882  |L|err_cum: 0.01402871  L: 113.6114   -35.37195    106.6217  |L|: 159.7715
C.M.: mass: 1900 pos: -0.08837343   -0.07937143    -0.07938484 vel: -0.00618194   -0.01057249    0.01232567
Tree step number: 2048
**** Wallclock time per step (local): [Min/Max]
 Total       PP_single   PP_cluster  PP_cross    Tree_NB     Tree_Force  Force_corr  Kick        FindCluster CreateGroup MPI_comm    Output      Status      Other      
   0.0017955  1.5728e-05  8.0789e-05           0  0.00032252   0.0012847  2.1485e-05  5.9965e-06  3.8663e-05  4.1991e-05  1.2868e-06  3.2344e-06  3.9087e-09  4.2299e-06
   0.0017956  1.5764e-05  8.0835e-05           0  0.00031959   0.0012603  2.1547e-05  6.0295e-06  3.8717e-05  4.2019e-05  1.3184e-06  3.2346e-06  3.9233e-09  4.3729e-06
**** FDPS tree soft force time profile (local):
 Sample_ptcl Domain_deco Ex_ptcl     SetRootCell Make_LT     Make_LET    Make_GT     Make_Group  Make_I_list Calc_force  Write_back 
           0           0           0  1.3793e-05  0.00021998  2.9176e-05  0.00019017  2.9611e-06  7.6149e-05   0.0006065  5.0678e-05
**** Tree neighbor time profile (local):
 Sample_ptcl Domain_deco Ex_ptcl     SetRootCell Make_LT     Make_LET    Make_GT     Make_Group  Make_I_list Calc_force  Write_back 
           0           0           0  1.6614e-05  9.7103e-05  1.6804e-05  8.7208e-05  6.0485e-07  1.5913e-05  4.3102e-05  6.3997e-06
**** Number per step (global):
 PP_single   PP_cluster  PP_cross    Cluster     Cross       AR_step_sum
      975.71      24.287           0      11.229           0     0.42578
 AR_tsyn_sum Stab_Ngroup Iso_Ngroup  Form_Ngroup End_Ngroup  Modf_Ngroup Merg_Ngroup H4_step_sum H4_no_NB    Ep-Ep_sum   Ep-Sp_sum  
      0.1543           0           0    0.011719   0.0029297           0           0      122.96     0.02832   8.712e+05       23906
**** Number of members in clusters (global):
N_members:            1           2           3           4           5           6           7
Count    :       975.71      9.9414     0.93799     0.21875    0.095215    0.013672    0.022461

Time: 18.5  N_real(loc): 1000  N_real(glb): 1000  N_all(loc): 1000  N_all(glb): 1000  N_remove(glb): 0  N_escape(glb): 0
Energy:     Error/Total         Error     Error_cum         Total       Kinetic     Potential        Modify  Modify_group Modify_single      Error_PP  Error_PP_cum
Physic:    2.073572e-07 -0.0006498991  -0.007211297     -3134.201      3090.165     -6224.365  1.277875e-06             0             0 -1.792548e-06 -2.960465e-05
Slowdown:  2.073573e-07 -0.0006498994  -0.007211294     -3134.201      3090.165     -6224.365  1.275493e-06             0             0 -1.791646e-06 -2.960313e-05
Angular Momentum:  |L|err: -0.0001588955  |L|err_cum: 0.01386982  L: 113.611   -35.37243    106.6208  |L|: 159.7706
C.M.: mass: 1900 pos: -0.08637913   -0.09083582    -0.05813888 vel: 0.01459817   0.02217403    0.05339019
Tree step number: 2048
**** Wallclock time per step (local): [Min/Max]
 Total       PP_single   PP_cluster  PP_cross    Tree_NB     Tree_Force  Force_corr  Kick        FindCluster CreateGroup MPI_comm    Output      Status      Other      
   0.0021793  1.9119e-05    7.78e-05           0  0.00038415   0.0015875  1.4648e-05  9.3559e-06  3.2019e-05  7.1285e-05  1.4463e-06  3.6037e-06  4.1436e-09  4.5512e-06
   0.0021794  1.9154e-05  7.7844e-05           0  0.00038077   0.0015624    1.47e-05  9.3898e-06  3.2096e-05   7.132e-05  1.4783e-06  3.6039e-06  4.1582e-09  4.6629e-06
**** FDPS tree soft force time profile (local):
 Sample_ptcl Domain_deco Ex_ptcl     SetRootCell Make_LT     Make_LET    Make_GT     Make_Group  Make_I_list Calc_force  Write_back 
           0           0           0  2.5481e-05  0.00026256  3.2591e-05  0.00024263  2.9035e-06  7.6994e-05  0.00073236  5.2008e-05
**** Tree neighbor time profile (local):
 Sample_ptcl Domain_deco Ex_ptcl     SetRootCell Make_LT     Make_LET    Make_GT     Make_Group  Make_I_list Calc_force  Write_back 
           0           0           0  1.6438e-05  0.00010977     1.7e-05    0.000106  7.0021e-07  1.9991e-05  4.7846e-05  7.2143e-06
**** Number per step (global):
 PP_single   PP_cluster  PP_cross    Cluster     Cross       AR_step_sum
      977.87      22.129           0      10.398           0     0.51221
 AR_tsyn_sum Stab_Ngroup Iso_Ngroup  Form_Ngroup End_Ngroup  Modf_Ngroup Merg_Ngroup H4_step_sum H4_no_NB    Ep-Ep_sum   Ep-Sp_sum  
     0.18604           0           0    0.014648    0.003418           0           0      114.39    0.014648  8.8086e+05       20618
**** Number of members in clusters (global):
N_members:            1           2           3           4           5
Count    :       977.87      9.3335     0.83545     0.19141    0.038086

Time: 19  N_real(loc): 1000  N_real(glb): 1000  N_all(loc): 1000  N_all(glb): 1000  N_remove(glb): 0  N_escape(glb): 0
Energy:     Error/Total         Error     Error_cum         Total       Kinetic     Potential        Modify  Modify_group Modify_single      Error_PP  Error_PP_cum
Physic:    -8.03959e-07   0.002519767   -0.00469153     -3134.198      3275.892     -6410.091  1.040667e-06             0             0 -4.468518e-06 -3.407317e-05
Slowdown: -8.039576e-07   0.002519762  -0.004691532     -3134.198      3275.892     -6410.091  1.042559e-06             0             0 -4.474237e-06 -3.407737e-05
Angular Momentum:  |L|err: -3.405611e-05  |L|err_cum: 0.01383576  L: 113.6114   -35.37288    106.6204  |L|: 159.7708
C.M.: mass: 1900 pos: -0.09950373   -0.1001122    -0.03634212 vel: -0.04591653   -0.02202812    0.01751062
Tree step number: 2048
**** Wallclock time per step (local): [Min/Max]
 Total       PP_single   PP_cluster  PP_cross    Tree_NB     Tree_Force  Force_corr  Kick        FindCluster CreateGroup MPI_comm    Output      Status      Other      
   0.0020739  1.9984e-05  8.7126e-05           0  0.00037009   0.0014833  1.5457e-05  8.1809e-06  3.4832e-05  6.6839e-05  1.3871e-06  3.3889e-06  6.8638e-09   3.902e-06
   0.0020739  2.0019e-05  8.7173e-05           0   0.0003666   0.0014638  1.5509e-05  8.2143e-06  3.4891e-05  6.6875e-05  1.4191e-06  3.3892e-06  6.8784e-09  4.0539e-06
**** FDPS tree soft force time profile (local):
 Sample_ptcl Domain_deco Ex_ptcl     SetRootCell Make_LT     Make_LET    Make_GT     Make_Group  Make_I_list Calc_force  Write_back 
           0           0           0  1.4895e-05  0.00023144  3.3434e-05  0.00024032  2.9429e-06  7.7317e-05  0.00066572  4.1273e-05
**** Tree neighbor time profile (local):
 Sample_ptcl Domain_deco Ex_ptcl     SetRootCell Make_LT     Make_LET    Make_GT     Make_Group  Make_I_list Calc_force  Write_back 
           0           0           0  6.9635e-06  0.00010053  1.6393e-05  0.00011312  7.0609e-07  1.8392e-05  3.6844e-05    7.52e-06
**** Number per step (global):
 PP_single   PP_cluster  PP_cross    Cluster     Cross       AR_step_sum
       972.3      27.695           0      11.752           0     0.74805
 AR_tsyn_sum Stab_Ngroup Iso_Ngroup  Form_Ngroup End_Ngroup  Modf_Ngroup Merg_Ngroup H4_step_sum H4_no_NB    Ep-Ep_sum   Ep-Sp_sum  
     0.25342           0           0    0.019531   0.0048828           0           0      148.44     0.13135  8.8138e+05       19393
**** Number of members in clusters (global):
N_members:            1           2           3           4           5           6           7           8           9          10
Count    :        972.3       9.293      1.6025     0.39551     0.22852     0.12891    0.061523   0.0078125     0.03125   0.0029297

Time: 19.5  N_real(loc): 1000  N_real(glb): 1000  N_all(loc): 1000  N_all(glb): 1000  N_remove(glb): 0  N_escape(glb): 0
Energy:     Error/Total         Error     Error_cum         Total       Kinetic     Potential        Modify  Modify_group Modify_single      Error_PP  Error_PP_cum
Physic:    2.305138e-07  -0.000722476  -0.005414006     -3134.199      3016.983     -6151.182  1.140637e-06             0             0 -9.129208e-07 -3.498609e-05
Slowdown:  2.305136e-07 -0.0007224754  -0.005414007     -3134.199      3016.983     -6151.182  1.141938e-06             0             0 -9.120533e-07 -3.498942e-05
Angular Momentum:  |L|err: -0.0005579729  |L|err_cum: 0.01327779  L: 113.6114   -35.37225    106.6202  |L|: 159.7706
C.M.: mass: 1900 pos: -0.08807205   -0.1118221    -0.0424409 vel: 0.0524971   -0.00307338    -0.006701638
Tree step number: 2048
**** Wallclock time per step (local): [Min/Max]
 Total       PP_single   PP_cluster  PP_cross    Tree_NB     Tree_Force  Force_corr  Kick        FindCluster CreateGroup MPI_comm    Output      Status      Other      
   0.0019995  1.9997e-05  7.8894e-05           0  0.00036542   0.0014417  1.2636e-05  6.0264e-06  2.6499e-05  6.1222e-05  1.4403e-06  3.9606e-06  4.3882e-09  2.6885e-06
   0.0019995  2.0033e-05   7.896e-05           0  0.00036189   0.0014218  1.2688e-05  6.0595e-06  2.6553e-05  6.1256e-05  1.4722e-06  3.9608e-06  4.4077e-09  2.8072e-06
**** FDPS tree soft force time profile (local):
 Sample_ptcl Domain_deco Ex_ptcl     SetRootCell Make_LT     Make_LET    Make_GT     Make_Group  Make_I_list Calc_force  Write_back 
           0           0           0  2.0596e-05  0.00025946  3.2472e-05  0.00023274  3.1109e-06  7.2356e-05  0.00059907  4.1695e-05
**** Tree neighbor time profile (local):
 Sample_ptcl Domain_deco Ex_ptcl     SetRootCell Make_LT     Make_LET    Make_GT     Make_Group  Make_I_list Calc_force  Write_back 
           0           0           0  1.2308e-05  9.9525e-05  1.8164e-05  0.00010481   7.046e-07  1.7173e-05  3.5875e-05  7.5191e-06
**** Number per step (global):
 PP_single   PP_cluster  PP_cross    Cluster     Cross       AR_step_sum
       977.7        22.3           0      10.557           0     0.14404
 AR_tsyn_sum Stab_Ngroup Iso_Ngroup  Form_Ngroup End_Ngroup  Modf_Ngroup Merg_Ngroup H4_step_sum H4_no_NB    Ep-Ep_sum   Ep-Sp_sum  
    0.053711           0           0   0.0097656   0.0029297           0           0      113.76   0.0078125  8.9439e+05       13980
**** Number of members in clusters (global):
N_members:            1           2           3           4
Count    :        977.7      9.5171     0.89404       0.146

Time: 20  N_real(loc): 1000  N_real(glb): 1000  N_all(loc): 1000  N_all(glb): 1000  N_remove(glb): 0  N_escape(glb): 0
Energy:     Error/Total         Error     Error_cum         Total       Kinetic     Potential        Modify  Modify_group Modify_single      Error_PP  Error_PP_cum
Physic:    1.182544e-06  -0.003706332  -0.009120338     -3134.203      3570.993     -6705.196   1.20936e-06             0             0 -2.773799e-06 -3.775989e-05
Slowdown:  1.182544e-06  -0.003706332  -0.009120339     -3134.203      3570.993     -6705.196  1.210699e-06             0             0 -2.773996e-06 -3.776342e-05
Angular Momentum:  |L|err: -0.0007558566  |L|err_cum: 0.01252193  L: 113.6113   -35.37087    106.6205  |L|: 159.7703
C.M.: mass: 1900 pos: -0.04791837   -0.1166528    -0.03704834 vel: 0.04229796   -0.005263947    0.06263078
Tree step number: 2048
**** Wallclock time per step (local): [Min/Max]
 Total       PP_single   PP_cluster  PP_cross    Tree_NB     Tree_Force  Force_corr  Kick        FindCluster CreateGroup MPI_comm    Output      Status      Other      
   0.0019584  1.6373e-05  8.3019e-05           0  0.00034444   0.0014111  1.5462e-05  7.8054e-06  3.0708e-05   5.981e-05  1.6576e-06  4.6321e-06  4.9067e-09  3.9027e-06
   0.0019584  1.6408e-05  8.3064e-05           0   0.0003406   0.0013923  1.5515e-05  7.8388e-06  3.0762e-05  5.9845e-05  1.6901e-06  4.6324e-06  4.9263e-09  4.0256e-06
**** FDPS tree soft force time profile (local):
 Sample_ptcl Domain_deco Ex_ptcl     SetRootCell Make_LT     Make_LET    Make_GT     Make_Group  Make_I_list Calc_force  Write_back 
           0           0           0  1.8368e-05  0.00023412  3.3237e-05  0.00021788  2.7349e-06  7.1813e-05  0.00062101  3.9369e-05
**** Tree neighbor time profile (local):
 Sample_ptcl Domain_deco Ex_ptcl     SetRootCell Make_LT     Make_LET    Make_GT     Make_Group  Make_I_list Calc_force  Write_back 
           0           0           0  9.8386e-06  9.7336e-05  1.7462e-05  9.7718e-05  6.7764e-07  1.7904e-05  3.0154e-05  8.2157e-06
**** Number per step (global):
 PP_single   PP_cluster  PP_cross    Cluster     Cross       AR_step_sum
      973.77      26.234           0      11.712           0     0.56396
 AR_tsyn_sum Stab_Ngroup Iso_Ngroup  Form_Ngroup End_Ngroup  Modf_Ngroup Merg_Ngroup H4_step_sum H4_no_NB    Ep-Ep_sum   Ep-Sp_sum  
     0.18506           0           0    0.013184   0.0043945           0           0      141.62    0.061035  8.7773e+05       17242
**** Number of members in clusters (global):
N_members:            1           2           3           4           5           6           7           8
Count    :       973.77       9.627      1.7021     0.22949    0.068359    0.026367    0.012695    0.045898

Time: 20.5  N_real(loc): 1000  N_real(glb): 1000  N_all(loc): 1000  N_all(glb): 1000  N_remove(glb): 0  N_escape(glb): 0
Energy:     Error/Total         Error     Error_cum         Total       Kinetic     Potential        Modify  Modify_group Modify_single      Error_PP  Error_PP_cum
Physic:   -2.093107e-06   0.006560207  -0.002560131     -3134.196      3205.898     -6340.094   1.12833e-06             0             0 -2.316745e-06 -4.007663e-05
Slowdown: -2.093106e-06   0.006560206  -0.002560133     -3134.196      3205.898     -6340.094  1.130477e-06             0             0 -2.316583e-06    -4.008e-05
Angular Momentum:  |L|err: 9.822249e-05  |L|err_cum: 0.01262015  L: 113.6103   -35.36998    106.6208  |L|: 159.7696
C.M.: mass: 1900 pos: -0.04260976   -0.109886    -0.02997949 vel: -0.03191704   0.004644456    -0.04606474
Tree step number: 2048
**** Wallclock time per step (local): [Min/Max]
 Total       PP_single   PP_cluster  PP_cross    Tree_NB     Tree_Force  Force_corr  Kick        FindCluster CreateGroup MPI_comm    Output      Status      Other      
   0.0024948  2.0891e-05  9.8627e-05           0  0.00043313   0.0018053  2.9739e-05  8.2319e-06   4.258e-05  6.8928e-05   2.362e-06  4.4774e-06  5.5283e-09  5.0582e-06
   0.0024949  2.0926e-05  9.8675e-05           0  0.00042991   0.0017816  2.9794e-05  8.2711e-06  4.2645e-05  6.9003e-05  2.3942e-06  4.4776e-06   5.543e-09  5.1928e-06
**** FDPS tree soft force time profile (local):
 Sample_ptcl Domain_deco Ex_ptcl     SetRootCell Make_LT     Make_LET    Make_GT     Make_Group  Make_I_list Calc_force  Write_back 
           0           0           0  3.3051e-05  0.00030164  4.2506e-05  0.00027051  3.6467e-06   7.789e-05  0.00082495  4.9734e-05
**** Tree neighbor time profile (local):
 Sample_ptcl Domain_deco Ex_ptcl     SetRootCell Make_LT     Make_LET    Make_GT     Make_Group  Make_I_list Calc_force  Write_back 
           0           0           0  1.8592e-05  0.00012727   2.413e-05  0.00012608   7.659e-07  2.1799e-05  3.5277e-05  6.9739e-06
**** Number per step (global):
 PP_single   PP_cluster  PP_cross    Cluster     Cross       AR_step_sum
      972.87      27.133           0      12.009           0      1.0835
 AR_tsyn_sum Stab_Ngroup Iso_Ngroup  Form_Ngroup End_Ngroup  Modf_Ngroup Merg_Ngroup H4_step_sum H4_no_NB    Ep-Ep_sum   Ep-Sp_sum  
     0.49707           0           0    0.025879   0.0063477           0           0      143.79    0.078125  8.7903e+05       16262
**** Number of members in clusters (global):
N_members:            1           2           3           4           5           6           7           8           9
Count    :       972.87       10.02      1.2764     0.48926     0.11914    0.051758    0.024414    0.025391   0.0029297

Time: 21  N_real(loc): 1000  N_real(glb): 1000  N_all(loc): 1000  N_all(glb): 1000  N_remove(glb): 0  N_escape(glb): 0
Energy:     Error/Total         Error     Error_cum         Total       Kinetic     Potential        Modify  Modify_group Modify_single      Error_PP  Error_PP_cum
Physic:    7.342661e-07  -0.002301336  -0.004861467     -3134.198      3348.285     -6482.483  1.333509e-06             0             0 -2.119733e-06 -4.219637e-05
Slowdown:  7.342661e-07  -0.002301336  -0.004861469     -3134.198      3348.285     -6482.483  1.335573e-06             0             0 -2.120722e-06 -4.220072e-05
Angular Momentum:  |L|err: -0.0001132279  |L|err_cum: 0.01250692  L: 113.6098   -35.36977    106.6204  |L|: 159.769
C.M.: mass: 1900 pos: -0.05963099   -0.09345261    -0.04190442 vel: -0.01301191   0.01573502    -0.00888427
Tree step number: 2048
**** Wallclock time per step (local): [Min/Max]
 Total       PP_single   PP_cluster  PP_cross    Tree_NB     Tree_Force  Force_corr  Kick        FindCluster CreateGroup MPI_comm    Output      Status      Other      
   0.0026626  2.5881e-05  9.7349e-05           0  0.00050066    0.001882  5.2605e-05  1.8475e-05  4.4715e-05  7.6642e-05  2.0299e-06   3.373e-06  7.3726e-09  5.0373e-06
   0.0026626  2.5918e-05  9.7394e-05           0  0.00049539   0.0018384  5.2662e-05   1.851e-05  4.4779e-05  7.6677e-05  2.0778e-06  3.3734e-06  7.3921e-09  5.1568e-06
**** FDPS tree soft force time profile (local):
 Sample_ptcl Domain_deco Ex_ptcl     SetRootCell Make_LT     Make_LET    Make_GT     Make_Group  Make_I_list Calc_force  Write_back 
           0           0           0   4.359e-05  0.00032301  5.8846e-05  0.00031121  4.6925e-06  7.6854e-05  0.00077706  8.9421e-05
**** Tree neighbor time profile (local):
 Sample_ptcl Domain_deco Ex_ptcl     SetRootCell Make_LT     Make_LET    Make_GT     Make_Group  Make_I_list Calc_force  Write_back 
           0           0           0  2.3857e-05  0.00016221  2.3563e-05  0.00013329  9.0983e-07   1.988e-05  4.4544e-05  1.1058e-05
**** Number per step (global):
 PP_single   PP_cluster  PP_cross    Cluster     Cross       AR_step_sum
      972.25      27.751           0      12.046           0     0.73486
 AR_tsyn_sum Stab_Ngroup Iso_Ngroup  Form_Ngroup End_Ngroup  Modf_Ngroup Merg_Ngroup H4_step_sum H4_no_NB    Ep-Ep_sum   Ep-Sp_sum  
     0.22705           0           0    0.028809   0.0078125           0           0      148.58    0.099609  8.9264e+05       14815
**** Number of members in clusters (global):
N_members:            1           2           3           4           5           6           7           8           9          10          11
Count    :       972.25      9.9902      1.2207     0.52051     0.13867    0.044922    0.039062    0.057617    0.014648    0.017578   0.0019531

Time: 21.5  N_real(loc): 1000  N_real(glb): 1000  N_all(loc): 1000  N_all(glb): 1000  N_remove(glb): 0  N_escape(glb): 0
Energy:     Error/Total         Error     Error_cum         Total       Kinetic     Potential        Modify  Modify_group Modify_single      Error_PP  Error_PP_cum
Physic:   -1.264911e-06   0.003964478 -0.0008969888     -3134.194      3260.847     -6395.042  1.356523e-06             0             0 -1.481199e-06 -4.367757e-05
Slowdown: -1.264911e-06   0.003964478 -0.0008969908     -3134.194      3260.847     -6395.042  1.358513e-06             0             0 -1.481243e-06 -4.368197e-05
Angular Momentum:  |L|err: 2.591575e-05  |L|err_cum: 0.01253284  L: 113.6098   -35.37026    106.6199  |L|: 159.7687
C.M.: mass: 1900 pos: -0.07908921   -0.1034008    -0.07879006 vel: 0.004161206   -0.05561565    -0.1096898
Tree step number: 2048
**** Wallclock time per step (local): [Min/Max]
 Total       PP_single   PP_cluster  PP_cross    Tree_NB     Tree_Force  Force_corr  Kick        FindCluster CreateGroup MPI_comm    Output      Status      Other      
   0.0031778  5.5533e-05  0.00011482           0  0.00059202   0.0022598  6.2521e-05  3.5099e-05  7.9354e-05  5.4898e-05  3.3794e-06  3.4314e-06  4.4468e-09  1.0258e-05
   0.0031778  5.5616e-05  0.00011489           0   0.0005726   0.0021824  6.2619e-05  3.5139e-05  7.9444e-05  5.4992e-05  3.4536e-06  3.4318e-06  4.4663e-09  1.0426e-05
**** FDPS tree soft force time profile (local):
 Sample_ptcl Domain_deco Ex_ptcl     SetRootCell Make_LT     Make_LET    Make_GT     Make_Group  Make_I_list Calc_force  Write_back 
           0           0           0  3.9563e-05   0.0004837  6.4875e-05  0.00038426  4.5055e-06  8.1251e-05  0.00093016  0.00015772
**** Tree neighbor time profile (local):
 Sample_ptcl Domain_deco Ex_ptcl     SetRootCell Make_LT     Make_LET    Make_GT     Make_Group  Make_I_list Calc_force  Write_back 
           0           0           0  2.9745e-05  0.00019061   3.361e-05  0.00016648  6.9656e-07  2.1577e-05  9.4276e-05  3.9622e-05
**** Number per step (global):
 PP_single   PP_cluster  PP_cross    Cluster     Cross       AR_step_sum
      976.96       23.04           0      10.392           0     0.15283
 AR_tsyn_sum Stab_Ngroup Iso_Ngroup  Form_Ngroup End_Ngroup  Modf_Ngroup Merg_Ngroup H4_step_sum H4_no_NB    Ep-Ep_sum   Ep-Sp_sum  
    0.059082           0           0   0.0078125   0.0029297           0           0      116.89     0.03418  9.2497e+05      7819.5
**** Number of members in clusters (global):
N_members:            1           2           3           4           5           6           7           8
Count    :       976.96      8.8311      1.1143     0.29932    0.080078    0.042969    0.015625   0.0087891

Time: 22  N_real(loc): 1000  N_real(glb): 1000  N_all(loc): 1000  N_all(glb): 1000  N_remove(glb): 0  N_escape(glb): 0
Energy:     Error/Total         Error     Error_cum         Total       Kinetic     Potential        Modify  Modify_group Modify_single      Error_PP  Error_PP_cum
Physic:   -1.445304e-07  0.0004529863 -0.0004440025     -3134.194      3207.026      -6341.22  1.123664e-06             0             0 -2.351883e-06 -4.602945e-05
Slowdown: -1.445302e-07  0.0004529856 -0.0004440052     -3134.194      3207.026      -6341.22  1.126369e-06             0             0 -2.346171e-06 -4.602814e-05
Angular Momentum:  |L|err: -0.0002795728  |L|err_cum: 0.01225327  L: 113.61   -35.36987    106.6201  |L|: 159.7689
C.M.: mass: 1900 pos: -0.04816116   -0.1175625    -0.1165159 vel: 0.08781501   0.02863917    -0.05321836
Tree step number: 2048
**** Wallclock time per step (local): [Min/Max]
 Total       PP_single   PP_cluster  PP_cross    Tree_NB     Tree_Force  Force_corr  Kick        FindCluster CreateGroup MPI_comm    Output      Status      Other      
   0.0026978  4.3533e-05  0.00013108           0  0.00050861   0.0018653  5.7784e-05  3.2692e-05  7.1762e-05  5.4823e-05  3.4462e-06  3.5114e-06  7.2598e-09  9.5635e-06
   0.0026978  4.3594e-05  0.00013116           0  0.00049352   0.0017931  5.7848e-05  3.2731e-05  7.1848e-05   5.485e-05  3.4787e-06  3.5117e-06  7.2988e-09  9.7007e-06
**** FDPS tree soft force time profile (local):
 Sample_ptcl Domain_deco Ex_ptcl     SetRootCell Make_LT     Make_LET    Make_GT     Make_Group  Make_I_list Calc_force  Write_back 
           0           0           0  3.0696e-05  0.00041084  6.6626e-05  0.00032831  5.3116e-06  7.5154e-05  0.00073988  0.00014721
**** Tree neighbor time profile (local):
 Sample_ptcl Domain_deco Ex_ptcl     SetRootCell Make_LT     Make_LET    Make_GT     Make_Group  Make_I_list Calc_force  Write_back 
           0           0           0  1.6856e-05   0.0001722  3.9085e-05  0.00013656  7.5538e-07  2.0406e-05  8.5447e-05   3.089e-05
**** Number per step (global):
 PP_single   PP_cluster  PP_cross    Cluster     Cross       AR_step_sum
       971.1        28.9           0      12.385           0     0.45459
 AR_tsyn_sum Stab_Ngroup Iso_Ngroup  Form_Ngroup End_Ngroup  Modf_Ngroup Merg_Ngroup H4_step_sum H4_no_NB    Ep-Ep_sum   Ep-Sp_sum  
      0.1582           0           0    0.016602   0.0043945           0           0      154.02       0.125  9.2838e+05        7175
**** Number of members in clusters (global):
N_members:            1           2           3           4           5           6           7           8           9          10
Count    :        971.1      9.9839      1.5122     0.41504     0.28418     0.10645    0.025391     0.02832    0.021484   0.0078125

Time: 22.5  N_real(loc): 1000  N_real(glb): 1000  N_all(loc): 1000  N_all(glb): 1000  N_remove(glb): 0  N_escape(glb): 0
Energy:     Error/Total         Error     Error_cum         Total       Kinetic     Potential        Modify  Modify_group Modify_single      Error_PP  Error_PP_cum
Physic:    3.976369e-07  -0.001246272  -0.001690274     -3134.195      3652.489     -6786.684  1.718395e-06             0             0 -3.121001e-06 -4.915045e-05
Slowdown:   3.97637e-07  -0.001246272  -0.001690277     -3134.195      3652.489     -6786.684  1.721362e-06             0             0  -3.12015e-06 -4.914829e-05
Angular Momentum:  |L|err: 0.0007584158  |L|err_cum: 0.01301168  L: 113.6093   -35.37014    106.6205  |L|: 159.7688
C.M.: mass: 1900 pos: -0.01849527   -0.1395277    -0.1087942 vel: 0.01600732   -0.07020916    0.02159446
Tree step number: 2048
**** Wallclock time per step (local): [Min/Max]
 Total       PP_single   PP_cluster  PP_cross    Tree_NB     Tree_Force  Force_corr  Kick        FindCluster CreateGroup MPI_comm    Output      Status      Other      
   0.0022883  2.7013e-05  0.00010544           0  0.00038497   0.0016606  5.4508e-05  2.5242e-05  4.9036e-05  3.4905e-05  4.2645e-06  5.2532e-06  3.7427e-09  7.3359e-06
   0.0022883  2.7061e-05  0.00010549           0   0.0003792   0.0015936  5.4568e-05  2.5279e-05  4.9099e-05  3.4928e-05  4.2982e-06  5.2533e-06  3.7622e-09   7.485e-06
**** FDPS tree soft force time profile (local):
 Sample_ptcl Domain_deco Ex_ptcl     SetRootCell Make_LT     Make_LET    Make_GT     Make_Group  Make_I_list Calc_force  Write_back 
           0           0           0  1.7058e-05   0.0003047  6.4721e-05  0.00025898  4.7644e-06  6.9731e-05  0.00073156  0.00013616
**** Tree neighbor time profile (local):
 Sample_ptcl Domain_deco Ex_ptcl     SetRootCell Make_LT     Make_LET    Make_GT     Make_Group  Make_I_list Calc_force  Write_back 
           0           0           0  1.0547e-05  0.00012134  2.1396e-05  0.00010892  6.3538e-07  1.9797e-05  7.1949e-05  1.2045e-05
**** Number per step (global):
 PP_single   PP_cluster  PP_cross    Cluster     Cross       AR_step_sum
      974.04       25.96           0      11.101           0     0.97803
 AR_tsyn_sum Stab_Ngroup Iso_Ngroup  Form_Ngroup End_Ngroup  Modf_Ngroup Merg_Ngroup H4_step_sum H4_no_NB    Ep-Ep_sum   Ep-Sp_sum  
     0.29688           0           0    0.029297   0.0083008           0           0      138.01     0.11328  9.2046e+05       10368
**** Number of members in clusters (global):
N_members:            1           2           3           4           5           6           7           8
Count    :       974.04      8.8989      1.3008     0.48779     0.23828     0.11133    0.058594   0.0048828

Time: 23  N_real(loc): 1000  N_real(glb): 1000  N_all(loc): 1000  N_all(glb): 1000  N_remove(glb): 0  N_escape(glb): 0
Energy:     Error/Total         Error     Error_cum         Total       Kinetic     Potential        Modify  Modify_group Modify_single      Error_PP  Error_PP_cum
Physic:    8.963107e-09 -2.809213e-05  -0.001718366     -3134.195      2865.903     -6000.098  1.612135e-06             0             0 -4.519125e-06 -5.366957e-05
Slowdown:  8.963133e-09 -2.809221e-05  -0.001718369     -3134.195      2865.903     -6000.098  1.615185e-06             0             0 -4.515851e-06 -5.366414e-05
Angular Momentum:  |L|err: 0.0005266821  |L|err_cum: 0.01353837  L: 113.6086   -35.37024    106.6206  |L|: 159.7684
C.M.: mass: 1900 pos: -0.01432707   -0.1242067    -0.09095853 vel: 0.00710995   0.03605375    0.05314343
Tree step number: 2048
**** Wallclock time per step (local): [Min/Max]
 Total       PP_single   PP_cluster  PP_cross    Tree_NB     Tree_Force  Force_corr  Kick        FindCluster CreateGroup MPI_comm    Output      Status      Other      
   0.0027733  2.6174e-05  0.00010546           0   0.0004759   0.0020333  4.5618e-05  2.0528e-05  5.6054e-05  6.6051e-05  1.8909e-06  3.3241e-06  4.6133e-09  4.2684e-06
   0.0027734  2.6242e-05  0.00010554           0  0.00046944   0.0019719  4.5675e-05  2.0563e-05  5.6153e-05   6.616e-05  1.9265e-06  3.3244e-06  4.6279e-09  4.3959e-06
**** FDPS tree soft force time profile (local):
 Sample_ptcl Domain_deco Ex_ptcl     SetRootCell Make_LT     Make_LET    Make_GT     Make_Group  Make_I_list Calc_force  Write_back 
           0           0           0  3.6452e-05    0.000345  3.9371e-05  0.00027636  3.1343e-06  8.5153e-05   0.0009523  0.00012512
**** Tree neighbor time profile (local):
 Sample_ptcl Domain_deco Ex_ptcl     SetRootCell Make_LT     Make_LET    Make_GT     Make_Group  Make_I_list Calc_force  Write_back 
           0           0           0  3.4295e-05  0.00015422  2.1926e-05  0.00011892  7.2475e-07  1.7941e-05   5.455e-05   1.355e-05
**** Number per step (global):
 PP_single   PP_cluster  PP_cross    Cluster     Cross       AR_step_sum
      973.97      26.033           0      10.957           0      1.6729
 AR_tsyn_sum Stab_Ngroup Iso_Ngroup  Form_Ngroup End_Ngroup  Modf_Ngroup Merg_Ngroup H4_step_sum H4_no_NB    Ep-Ep_sum   Ep-Sp_sum  
      0.6084           0           0    0.045898    0.012695           0           0      135.67     0.11914  8.8121e+05       16524
**** Number of members in clusters (global):
N_members:            1           2           3           4           5           6           7           8          10          11          12
Count    :       973.97      8.4932      1.6641     0.36768     0.22949    0.099609    0.054688    0.022461   0.0097656   0.0087891   0.0068359

Time: 23.5  N_real(loc): 1000  N_real(glb): 1000  N_all(loc): 1000  N_all(glb): 1000  N_remove(glb): 0  N_escape(glb): 0
Energy:     Error/Total         Error     Error_cum         Total       Kinetic     Potential        Modify  Modify_group Modify_single      Error_PP  Error_PP_cum
Physic:   -8.986181e-07   0.002816442   0.001098076     -3134.192       3618.97     -6753.163  1.429796e-06             0             0 -1.568799e-05 -6.935757e-05
Slowdown: -8.986192e-07   0.002816445   0.001098076     -3134.192       3618.97     -6753.163  1.429463e-06             0             0 -1.569092e-05 -6.935506e-05
Angular Momentum:  |L|err: -0.0003367886  |L|err_cum: 0.01320158  L: 113.6085   -35.36931    106.6208  |L|: 159.7682
C.M.: mass: 1900 pos: -0.01675088   -0.1100297    -0.08828408 vel: 0.0109227   0.02786272    -0.006100663
Tree step number: 2048
**** Wallclock time per step (local): [Min/Max]
 Total       PP_single   PP_cluster  PP_cross    Tree_NB     Tree_Force  Force_corr  Kick        FindCluster CreateGroup MPI_comm    Output      Status      Other      
   0.0028277  2.5005e-05  0.00010235           0   0.0004769   0.0020938  4.7503e-05  2.3283e-05  6.8266e-05  4.5918e-05  1.4433e-06  4.8923e-06  4.8184e-09  3.4928e-06
   0.0028277  2.5042e-05  0.00010244           0  0.00046628   0.0020365   4.756e-05  2.3317e-05  6.8335e-05  4.5946e-05  1.4753e-06  4.8926e-06   4.833e-09  3.6222e-06
**** FDPS tree soft force time profile (local):
 Sample_ptcl Domain_deco Ex_ptcl     SetRootCell Make_LT     Make_LET    Make_GT     Make_Group  Make_I_list Calc_force  Write_back 
           0           0           0  8.5822e-05  0.00035956  3.2501e-05  0.00024592  3.8057e-06  7.9805e-05  0.00097709  0.00011659
**** Tree neighbor time profile (local):
 Sample_ptcl Domain_deco Ex_ptcl     SetRootCell Make_LT     Make_LET    Make_GT     Make_Group  Make_I_list Calc_force  Write_back 
           0           0           0  3.6491e-05  0.00013112  2.2425e-05  0.00011742  7.8875e-07  1.9079e-05  6.0406e-05  2.1847e-05
**** Number per step (global):
 PP_single   PP_cluster  PP_cross    Cluster     Cross       AR_step_sum
      971.18      28.816           0      11.175           0      1.4048
 AR_tsyn_sum Stab_Ngroup Iso_Ngroup  Form_Ngroup End_Ngroup  Modf_Ngroup Merg_Ngroup H4_step_sum H4_no_NB    Ep-Ep_sum   Ep-Sp_sum  
     0.50293           0           0    0.041504   0.0097656           0           0      159.71     0.23193  8.8698e+05       16559
**** Number of members in clusters (global):
N_members:            1           2           3           4           5           6           7           8           9          10          11          12
Count    :       971.18       8.519      1.2378     0.59033     0.24951     0.20508     0.11328     0.11426    0.040039     0.05957    0.021484   0.0068359
N_members:           13          15
Count    :    0.0097656   0.0078125

Time: 24  N_real(loc): 1000  N_real(glb): 1000  N_all(loc): 1000  N_all(glb): 1000  N_remove(glb): 0  N_escape(glb): 0
Energy:     Error/Total         Error     Error_cum         Total       Kinetic     Potential        Modify  Modify_group Modify_single      Error_PP  Error_PP_cum
Physic:   -1.472495e-06   0.004615075    0.00571315     -3134.188      3400.896     -6535.084  1.549842e-06             0             0 -6.982184e-06 -7.633975e-05
Slowdown: -1.472494e-06   0.004615074    0.00571315     -3134.188      3400.896     -6535.084  1.550385e-06             0             0 -6.981863e-06 -7.633692e-05
Angular Momentum:  |L|err: 0.000760129  |L|err_cum: 0.01396171  L: 113.6083   -35.36939    106.6216  |L|: 159.7686
C.M.: mass: 1900 pos: 0.01243396   -0.08356175    -0.09169689 vel: 0.1092886   -0.005704584    0.02155461
Tree step number: 2048
**** Wallclock time per step (local): [Min/Max]
 Total       PP_single   PP_cluster  PP_cross    Tree_NB     Tree_Force  Force_corr  Kick        FindCluster CreateGroup MPI_comm    Output      Status      Other      
   0.0028116  2.8537e-05  0.00010367           0   0.0005343   0.0020138  3.9248e-05   2.603e-05  5.5635e-05  4.7187e-05  2.4958e-06   4.391e-06   3.415e-09  6.5779e-06
   0.0028116  2.8574e-05  0.00010372           0  0.00052771   0.0019678  3.9305e-05  2.6067e-05  5.5699e-05  4.7215e-05  2.5289e-06  4.3912e-06  3.4297e-09  6.7216e-06
**** FDPS tree soft force time profile (local):
 Sample_ptcl Domain_deco Ex_ptcl     SetRootCell Make_LT     Make_LET    Make_GT     Make_Group  Make_I_list Calc_force  Write_back 
           0           0           0  4.5082e-05  0.00037363  3.8916e-05  0.00027419  3.1628e-06   7.076e-05  0.00091267  9.4171e-05
**** Tree neighbor time profile (local):
 Sample_ptcl Domain_deco Ex_ptcl     SetRootCell Make_LT     Make_LET    Make_GT     Make_Group  Make_I_list Calc_force  Write_back 
           0           0           0  2.4795e-05  0.00019492  2.3825e-05  0.00012757   6.964e-07  2.1571e-05  5.6189e-05  1.3678e-05
**** Number per step (global):
 PP_single   PP_cluster  PP_cross    Cluster     Cross       AR_step_sum
      970.96      29.038           0      10.521           0      1.7085
 AR_tsyn_sum Stab_Ngroup Iso_Ngroup  Form_Ngroup End_Ngroup  Modf_Ngroup Merg_Ngroup H4_step_sum H4_no_NB    Ep-Ep_sum   Ep-Sp_sum  
     0.60303           0           0     0.04248    0.011719           0           0       169.6      0.2915  9.0644e+05       13053
**** Number of members in clusters (global):
N_members:            1           2           3           4           5           6           7           8           9          10          11          12
Count    :       970.96      7.5005        1.29     0.68896     0.28613     0.24316     0.15527     0.13379     0.10547    0.041016    0.038086   0.0029297
N_members:           13          14          15          16          17          18
Count    :    0.0029297   0.0078125   0.0058594   0.0039062    0.010742   0.0039062

Time: 24.5  N_real(loc): 1000  N_real(glb): 1000  N_all(loc): 1000  N_all(glb): 1000  N_remove(glb): 0  N_escape(glb): 0
Energy:     Error/Total         Error     Error_cum         Total       Kinetic     Potential        Modify  Modify_group Modify_single      Error_PP  Error_PP_cum
Physic:    3.417999e-06   -0.01071269  -0.004999536     -3134.198      3241.975     -6376.174  1.476016e-06             0             0 -1.377695e-05  -9.01167e-05
Slowdown:  3.417999e-06   -0.01071269  -0.004999537     -3134.198      3241.975     -6376.174  1.476544e-06             0             0 -1.377695e-05 -9.011387e-05
Angular Momentum:  |L|err: -0.0001453903  |L|err_cum: 0.01381632  L: 113.6082   -35.36985    106.621  |L|: 159.7683
C.M.: mass: 1900 pos: 0.03898113   -0.08989583    -0.08896913 vel: 0.07519847   -0.03997103    0.02611859
Tree step number: 2048
**** Wallclock time per step (local): [Min/Max]
 Total       PP_single   PP_cluster  PP_cross    Tree_NB     Tree_Force  Force_corr  Kick        FindCluster CreateGroup MPI_comm    Output      Status      Other      
   0.0023026  2.6795e-05  0.00012602           0  0.00042247   0.0015809  6.0826e-05   2.444e-05  7.9301e-05  3.4455e-05  2.6426e-06  3.6118e-06  5.1812e-09  6.7488e-06
   0.0023027  2.6832e-05  0.00012607           0  0.00040951   0.0015261  6.0883e-05  2.4475e-05  7.9361e-05  3.4477e-05  2.6751e-06   3.612e-06  5.2007e-09  6.8409e-06
**** FDPS tree soft force time profile (local):
 Sample_ptcl Domain_deco Ex_ptcl     SetRootCell Make_LT     Make_LET    Make_GT     Make_Group  Make_I_list Calc_force  Write_back 
           0           0           0  3.2255e-05  0.00032339  4.6733e-05  0.00021225  2.2539e-06  4.6922e-05  0.00075669  0.00011165
**** Tree neighbor time profile (local):
 Sample_ptcl Domain_deco Ex_ptcl     SetRootCell Make_LT     Make_LET    Make_GT     Make_Group  Make_I_list Calc_force  Write_back 
           0           0           0  1.5666e-05  0.00013271  2.2645e-05  0.00010206  3.9815e-07  1.4048e-05  0.00010135    2.64e-05
**** Number per step (global):
 PP_single   PP_cluster  PP_cross    Cluster     Cross       AR_step_sum
      974.27      25.726           0      8.3545           0      3.3438
 AR_tsyn_sum Stab_Ngroup Iso_Ngroup  Form_Ngroup End_Ngroup  Modf_Ngroup Merg_Ngroup H4_step_sum H4_no_NB    Ep-Ep_sum   Ep-Sp_sum  
      1.1484           0           0    0.063477    0.017578           0           0      158.49     0.24121  9.5586e+05      3742.9
**** Number of members in clusters (global):
N_members:            1           2           3           4           5           6           7           8           9          10          11          12
Count    :       974.27      6.4048     0.64404     0.20898     0.11475    0.080078     0.15332     0.14258    0.093262     0.13867     0.14648    0.083008
N_members:           13          14          15          16          17
Count    :     0.055664    0.032227    0.038086    0.014648   0.0039062

Time: 25  N_real(loc): 1000  N_real(glb): 1000  N_all(loc): 1000  N_all(glb): 1000  N_remove(glb): 0  N_escape(glb): 0
Energy:     Error/Total         Error     Error_cum         Total       Kinetic     Potential        Modify  Modify_group Modify_single      Error_PP  Error_PP_cum
Physic:   -6.805367e-06    0.02132922    0.01632969     -3134.177      2902.719     -6036.896  1.405815e-06             0             0 -9.735191e-06 -9.985189e-05
Slowdown: -6.805367e-06    0.02132923    0.01632969     -3134.177      2902.719     -6036.896   1.40558e-06             0             0 -9.735517e-06 -9.984939e-05
Angular Momentum:  |L|err: 0.0001302877  |L|err_cum: 0.0139466  L: 113.6082   -35.37069    106.6205  |L|: 159.7681
C.M.: mass: 1900 pos: 0.03207738   -0.08860923    -0.07420834 vel: -0.03111119   -0.01993925    0.003628448
Tree step number: 2048
**** Wallclock time per step (local): [Min/Max]
 Total       PP_single   PP_cluster  PP_cross    Tree_NB     Tree_Force  Force_corr  Kick        FindCluster CreateGroup MPI_comm    Output      Status      Other      
   0.0017009  1.9871e-05  0.00010912           0  0.00032189   0.0011583   2.368e-05  1.6769e-05   4.465e-05  2.5812e-05  1.2487e-06  3.1481e-06  3.0332e-09  5.8818e-06
   0.0017009  1.9918e-05  0.00010917           0  0.00031575    0.001133  2.3733e-05  1.6804e-05    4.47e-05  2.5832e-05  1.2808e-06  3.1483e-06  3.0479e-09  6.0136e-06
**** FDPS tree soft force time profile (local):
 Sample_ptcl Domain_deco Ex_ptcl     SetRootCell Make_LT     Make_LET    Make_GT     Make_Group  Make_I_list Calc_force  Write_back 
           0           0           0  2.5812e-05  0.00026288  2.9336e-05  0.00019456  2.7079e-06  6.0436e-05  0.00048656  5.2429e-05
**** Tree neighbor time profile (local):
 Sample_ptcl Domain_deco Ex_ptcl     SetRootCell Make_LT     Make_LET    Make_GT     Make_Group  Make_I_list Calc_force  Write_back 
           0           0           0  6.3003e-06  0.00011089  2.0314e-05  9.8481e-05  6.2515e-07  2.1098e-05  4.1754e-05  1.2725e-05
**** Number per step (global):
 PP_single   PP_cluster  PP_cross    Cluster     Cross       AR_step_sum
      974.19      25.808           0      7.7124           0      2.6123
 AR_tsyn_sum Stab_Ngroup Iso_Ngroup  Form_Ngroup End_Ngroup  Modf_Ngroup Merg_Ngroup H4_step_sum H4_no_NB    Ep-Ep_sum   Ep-Sp_sum  
     0.90576           0           0    0.054199    0.014648           0           0      162.36     0.29541  9.2238e+05      8969.6
**** Number of members in clusters (global):
N_members:            1           2           3           4           5           6           7           8           9          10          11          12
Count    :       974.19      5.3408     0.89209     0.33008     0.12793     0.17432     0.15137     0.18848    0.099121    0.082031     0.02832     0.03125
N_members:           13          14          15          16          17          18          19          20          21          22          23          24
Count    :     0.038086     0.02832    0.027344    0.053711    0.039062   0.0029297    0.025391    0.021484   0.0029297   0.0068359    0.016602   0.0039062

Time: 25.5  N_real(loc): 1000  N_real(glb): 1000  N_all(loc): 1000  N_all(glb): 1000  N_remove(glb): 0  N_escape(glb): 0
Energy:     Error/Total         Error     Error_cum         Total       Kinetic     Potential        Modify  Modify_group Modify_single      Error_PP  Error_PP_cum
Physic:    2.485788e-06  -0.007790918   0.008538771     -3134.185      3726.943     -6861.128  1.272054e-06             0             0 -1.860447e-05 -0.0001184564
Slowdown:  2.485788e-06  -0.007790918   0.008538771     -3134.185      3726.943     -6861.128   1.27206e-06             0             0 -1.859753e-05 -0.0001184469
Angular Momentum:  |L|err: 8.704085e-05  |L|err_cum: 0.01403364  L: 113.6086   -35.37106    106.6206  |L|: 159.7685
C.M.: mass: 1900 pos: 0.0195077   -0.07624315    -0.05928196 vel: 0.07770274   0.01527248    0.02580608
Tree step number: 2048
**** Wallclock time per step (local): [Min/Max]
 Total       PP_single   PP_cluster  PP_cross    Tree_NB     Tree_Force  Force_corr  Kick        FindCluster CreateGroup MPI_comm    Output      Status      Other      
   0.0019558  2.5286e-05  0.00010204           0  0.00032794   0.0013963  3.5423e-05  2.3755e-05    5.49e-05  2.6239e-05  2.3743e-06  4.4116e-06   4.584e-09  6.1694e-06
   0.0019559  2.5322e-05   0.0001021           0   0.0003239   0.0013483  3.5478e-05  2.3809e-05  5.4951e-05  2.6261e-05  2.4866e-06  4.4117e-06  4.5986e-09   6.258e-06
**** FDPS tree soft force time profile (local):
 Sample_ptcl Domain_deco Ex_ptcl     SetRootCell Make_LT     Make_LET    Make_GT     Make_Group  Make_I_list Calc_force  Write_back 
           0           0           0   1.777e-05  0.00026773  3.3434e-05  0.00019936  3.7547e-06  7.0184e-05  0.00064961  9.7516e-05
**** Tree neighbor time profile (local):
 Sample_ptcl Domain_deco Ex_ptcl     SetRootCell Make_LT     Make_LET    Make_GT     Make_Group  Make_I_list Calc_force  Write_back 
           0           0           0  7.1974e-06  0.00011825    1.75e-05  9.0932e-05  6.0397e-07  1.7328e-05  5.9741e-05  8.5128e-06
**** Number per step (global):
 PP_single   PP_cluster  PP_cross    Cluster     Cross       AR_step_sum
      974.56      25.439           0       9.269           0      5.1938
 AR_tsyn_sum Stab_Ngroup Iso_Ngroup  Form_Ngroup End_Ngroup  Modf_Ngroup Merg_Ngroup H4_step_sum H4_no_NB    Ep-Ep_sum   Ep-Sp_sum  
      1.7412           0           0     0.12939    0.029785           0           0      152.81     0.35742  9.0052e+05       15456
**** Number of members in clusters (global):
N_members:            1           2           3           4           5           6           7           8           9          10          11          12
Count    :       974.56      6.7275      1.0288     0.48633     0.33594     0.28174      0.2334    0.032227    0.032227    0.015625    0.033203    0.012695
N_members:           13          14          16          17          18
Count    :     0.017578    0.013672   0.0039062    0.010254   0.0039062

Time: 26  N_real(loc): 1000  N_real(glb): 1000  N_all(loc): 1000  N_all(glb): 1000  N_remove(glb): 0  N_escape(glb): 0
Energy:     Error/Total         Error     Error_cum         Total       Kinetic     Potential        Modify  Modify_group Modify_single      Error_PP  Error_PP_cum
Physic:   -9.087541e-07   0.002848201    0.01138697     -3134.182      3312.448      -6446.63  1.500381e-06             0             0 -0.0006539188 -0.0007723752
Slowdown:  -9.08754e-07     0.0028482    0.01138697     -3134.182      3312.448      -6446.63  1.500719e-06             0             0 -0.0006539186 -0.0007723655
Angular Momentum:  |L|err: 0.0001492262  |L|err_cum: 0.01418287  L: 113.6086   -35.37109    106.6209  |L|: 159.7687
C.M.: mass: 1900 pos: 0.01308805   -0.08074539    -0.04785075 vel: 0.008733939   -0.001587017    -0.04514248
Tree step number: 2048
**** Wallclock time per step (local): [Min/Max]
 Total       PP_single   PP_cluster  PP_cross    Tree_NB     Tree_Force  Force_corr  Kick        FindCluster CreateGroup MPI_comm    Output      Status      Other      
   0.0019907  2.0721e-05  0.00013784           0  0.00031927   0.0013906  4.2198e-05  1.7792e-05  6.7846e-05  2.5496e-05  1.8112e-06  5.0646e-06   3.542e-09  7.2034e-06
   0.0019907  2.0772e-05  0.00013789           0  0.00031573   0.0013465  4.2272e-05  1.7826e-05  6.7924e-05  2.5527e-05  1.8437e-06  5.0649e-06  3.5566e-09  7.3152e-06
**** FDPS tree soft force time profile (local):
 Sample_ptcl Domain_deco Ex_ptcl     SetRootCell Make_LT     Make_LET    Make_GT     Make_Group  Make_I_list Calc_force  Write_back 
           0           0           0  1.3225e-05  0.00026295  2.9862e-05  0.00018877  2.9537e-06  6.5269e-05  0.00067928  8.9912e-05
**** Tree neighbor time profile (local):
 Sample_ptcl Domain_deco Ex_ptcl     SetRootCell Make_LT     Make_LET    Make_GT     Make_Group  Make_I_list Calc_force  Write_back 
           0           0           0  9.3308e-06  0.00011028   1.836e-05  8.3963e-05  6.4168e-07   1.669e-05   6.179e-05  7.5455e-06
**** Number per step (global):
 PP_single   PP_cluster  PP_cross    Cluster     Cross       AR_step_sum
       968.8      31.204           0      9.9365           0       9.062
 AR_tsyn_sum Stab_Ngroup Iso_Ngroup  Form_Ngroup End_Ngroup  Modf_Ngroup Merg_Ngroup H4_step_sum H4_no_NB    Ep-Ep_sum   Ep-Sp_sum  
      3.1797           0           0     0.19629     0.04248           0           0      198.47     0.33936  8.8033e+05       17370
**** Number of members in clusters (global):
N_members:            1           2           3           4           5           6           7           8           9          10          11          12
Count    :        968.8      7.0859      1.2285     0.39062     0.32422     0.16113    0.084961     0.12207    0.083008    0.018555     0.04248     0.03418
N_members:           13          14          15          16          17          18          19          20          21          22          23
Count    :     0.063477    0.042969    0.074219    0.035156    0.070801   0.0058594    0.017578    0.014648    0.020508    0.013672   0.0019531

Time: 26.5  N_real(loc): 1000  N_real(glb): 1000  N_all(loc): 1000  N_all(glb): 1000  N_remove(glb): 0  N_escape(glb): 0
Energy:     Error/Total         Error     Error_cum         Total       Kinetic     Potential        Modify  Modify_group Modify_single      Error_PP  Error_PP_cum
Physic:    -2.90037e-06   0.009090262    0.02047723     -3134.173      3101.235     -6235.408  3.619653e-06             0             0 -1.943628e-05 -0.0007918115
Slowdown:  -2.90037e-06   0.009090262    0.02047723     -3134.173      3101.235     -6235.408  3.620254e-06             0             0 -1.944498e-05 -0.0007918105
Angular Momentum:  |L|err: -0.0002067366  |L|err_cum: 0.01397613  L: 113.6084   -35.3705    106.6209  |L|: 159.7684
C.M.: mass: 1900 pos: -0.01599357   -0.07709376    -0.07312429 vel: -0.04478561   -0.002760202    -0.06697819
Tree step number: 2048
**** Wallclock time per step (local): [Min/Max]
 Total       PP_single   PP_cluster  PP_cross    Tree_NB     Tree_Force  Force_corr  Kick        FindCluster CreateGroup MPI_comm    Output      Status      Other      
    0.001532  1.4432e-05  0.00011646           0  0.00027017   0.0010398  1.8623e-05   1.042e-05  4.3912e-05  2.3208e-05  2.0663e-06  4.2922e-06  6.1934e-09  4.6311e-06
    0.001532  1.4467e-05  0.00011651           0  0.00026752   0.0010243  1.8698e-05  1.0474e-05  4.3964e-05  2.3229e-05  2.0989e-06  4.2925e-06   6.208e-09  4.7229e-06
**** FDPS tree soft force time profile (local):
 Sample_ptcl Domain_deco Ex_ptcl     SetRootCell Make_LT     Make_LET    Make_GT     Make_Group  Make_I_list Calc_force  Write_back 
           0           0           0  2.0848e-05  0.00023858  3.2982e-05  0.00019595  3.3583e-06  7.5241e-05   0.0003812  3.2544e-05
**** Tree neighbor time profile (local):
 Sample_ptcl Domain_deco Ex_ptcl     SetRootCell Make_LT     Make_LET    Make_GT     Make_Group  Make_I_list Calc_force  Write_back 
           0           0           0  8.0788e-06  0.00010122  1.8277e-05  7.7904e-05  7.1942e-07  1.5173e-05  2.4527e-05  5.7178e-06
**** Number per step (global):
 PP_single   PP_cluster  PP_cross    Cluster     Cross       AR_step_sum
      971.86      28.142           0      8.9604           0      7.0205
 AR_tsyn_sum Stab_Ngroup Iso_Ngroup  Form_Ngroup End_Ngroup  Modf_Ngroup Merg_Ngroup H4_step_sum H4_no_NB    Ep-Ep_sum   Ep-Sp_sum  
      2.4468           0           0     0.14258    0.033203           0           0      176.71     0.30518  8.7189e+05       19968
**** Number of members in clusters (global):
N_members:            1           2           3           4           5           6           7           8           9          10          11          12
Count    :       971.86      6.5664     0.66211     0.46875     0.25928     0.13623     0.20117    0.099609    0.087891    0.038086     0.13135     0.11426
N_members:           13          14          15          16          17          18          19
Count    :     0.060547    0.044922    0.054688    0.013672   0.0068359   0.0087891   0.0058594

Time: 27  N_real(loc): 1000  N_real(glb): 1000  N_all(loc): 1000  N_all(glb): 1000  N_remove(glb): 0  N_escape(glb): 0
Energy:     Error/Total         Error     Error_cum         Total       Kinetic     Potential        Modify  Modify_group Modify_single      Error_PP  Error_PP_cum
Physic:   -6.048559e-06    0.01895712    0.03943435     -3134.154      3228.689     -6362.843  3.849418e-06             0             0  -1.58327e-05 -0.0008076442
Slowdown: -6.048559e-06    0.01895712    0.03943435     -3134.154      3228.689     -6362.843  3.850074e-06             0             0  -1.58327e-05 -0.0008076432
Angular Momentum:  |L|err: 0.0005309509  |L|err_cum: 0.01450708  L: 113.6074   -35.37061    106.6207  |L|: 159.7676
C.M.: mass: 1900 pos: -0.03829215   -0.07366989    -0.08044215 vel: -0.04781277   0.04351212    0.005076979
Tree step number: 2048
**** Wallclock time per step (local): [Min/Max]
 Total       PP_single   PP_cluster  PP_cross    Tree_NB     Tree_Force  Force_corr  Kick        FindCluster CreateGroup MPI_comm    Output      Status      Other      
   0.0019568  2.1725e-05  0.00010035           0  0.00032553   0.0013852  5.3022e-05  3.3881e-05   5.176e-05  2.6744e-05  1.8442e-06  4.3847e-06  3.7476e-09  4.6737e-06
   0.0019568  2.1761e-05   0.0001004           0  0.00032031   0.0013359  5.3079e-05  3.3917e-05  5.1814e-05  2.6765e-05  1.8763e-06  4.3849e-06  3.7622e-09  4.7645e-06
**** FDPS tree soft force time profile (local):
 Sample_ptcl Domain_deco Ex_ptcl     SetRootCell Make_LT     Make_LET    Make_GT     Make_Group  Make_I_list Calc_force  Write_back 
           0           0           0  1.7914e-05  0.00025178  3.2122e-05  0.00019576  3.5001e-06   5.698e-05  0.00067829  0.00010034
**** Tree neighbor time profile (local):
 Sample_ptcl Domain_deco Ex_ptcl     SetRootCell Make_LT     Make_LET    Make_GT     Make_Group  Make_I_list Calc_force  Write_back 
           0           0           0  8.2674e-06  0.00011341  1.6999e-05  7.5599e-05  5.8208e-07   1.355e-05  7.4743e-05  1.0893e-05
**** Number per step (global):
 PP_single   PP_cluster  PP_cross    Cluster     Cross       AR_step_sum
      974.35      25.654           0      7.5664           0      2.0757
 AR_tsyn_sum Stab_Ngroup Iso_Ngroup  Form_Ngroup End_Ngroup  Modf_Ngroup Merg_Ngroup H4_step_sum H4_no_NB    Ep-Ep_sum   Ep-Sp_sum  
     0.72852           0           0    0.037598   0.0087891           0           0      151.54     0.20947  8.7765e+05       19638
**** Number of members in clusters (global):
N_members:            1           2           3           4           5           6           7           8           9          10          11          12
Count    :       974.35      5.1421     0.79541     0.45459     0.18213     0.13037     0.13672    0.098145    0.042969    0.083984     0.14648     0.13574
N_members:           13          14          15          16          17
Count    :     0.040039    0.046875    0.043945    0.049805    0.037109

Time: 27.5  N_real(loc): 1000  N_real(glb): 1000  N_all(loc): 1000  N_all(glb): 1000  N_remove(glb): 0  N_escape(glb): 0
Energy:     Error/Total         Error     Error_cum         Total       Kinetic     Potential        Modify  Modify_group Modify_single      Error_PP  Error_PP_cum
Physic:    1.310668e-05   -0.04107889  -0.001644541     -3134.195      3453.412     -6587.607  4.820602e-06             0             0 -1.686141e-05 -0.0008245056
Slowdown:  1.310668e-05   -0.04107889  -0.001644541     -3134.195      3453.412     -6587.607  4.820964e-06             0             0 -1.686166e-05 -0.0008245049
Angular Momentum:  |L|err: -0.0006104871  |L|err_cum: 0.0138966  L: 113.6084   -35.37065    106.6206  |L|: 159.7683
C.M.: mass: 1900 pos: -0.04914923   -0.07775741    -0.08554179 vel: -0.03185936   -0.01989162    -0.02088835
Tree step number: 2048
**** Wallclock time per step (local): [Min/Max]
 Total       PP_single   PP_cluster  PP_cross    Tree_NB     Tree_Force  Force_corr  Kick        FindCluster CreateGroup MPI_comm    Output      Status      Other      
   0.0021085  2.3777e-05  0.00012474           0  0.00036817   0.0015065  3.6255e-05   1.848e-05  4.9715e-05  2.3009e-05  1.2172e-06  3.0907e-06  3.7915e-09  4.4486e-06
   0.0021086  2.3814e-05  0.00012479           0  0.00036177   0.0014594   3.631e-05  1.8515e-05   4.977e-05  2.3029e-05  1.2492e-06   3.091e-06   3.811e-09   4.545e-06
**** FDPS tree soft force time profile (local):
 Sample_ptcl Domain_deco Ex_ptcl     SetRootCell Make_LT     Make_LET    Make_GT     Make_Group  Make_I_list Calc_force  Write_back 
           0           0           0  1.7117e-05  0.00028225  3.3126e-05  0.00019648  2.9852e-06  7.0131e-05  0.00074302  9.5914e-05
**** Tree neighbor time profile (local):
 Sample_ptcl Domain_deco Ex_ptcl     SetRootCell Make_LT     Make_LET    Make_GT     Make_Group  Make_I_list Calc_force  Write_back 
           0           0           0  1.0033e-05  0.00013266  1.8386e-05  9.4659e-05   6.171e-07  1.6802e-05  7.1239e-05  1.3291e-05
**** Number per step (global):
 PP_single   PP_cluster  PP_cross    Cluster     Cross       AR_step_sum
      974.95      25.052           0      7.9883           0      7.6294
 AR_tsyn_sum Stab_Ngroup Iso_Ngroup  Form_Ngroup End_Ngroup  Modf_Ngroup Merg_Ngroup H4_step_sum H4_no_NB    Ep-Ep_sum   Ep-Sp_sum  
      2.6729           0           0       0.146    0.035645           0           0      153.62     0.20068  8.7803e+05       18182
**** Number of members in clusters (global):
N_members:            1           2           3           4           5           6           7           8           9          10          11          12
Count    :       974.95      5.5786      1.1211       0.375      0.1875    0.078125     0.13672    0.068848    0.058594    0.023438    0.027344    0.019531
N_members:           13          14          15          16          17          18          19          20
Count    :     0.071289    0.060547    0.041016    0.027344    0.064453     0.03418    0.010742   0.0039062

Time: 28  N_real(loc): 1000  N_real(glb): 1000  N_all(loc): 1000  N_all(glb): 1000  N_remove(glb): 0  N_escape(glb): 0
Energy:     Error/Total         Error     Error_cum         Total       Kinetic     Potential        Modify  Modify_group Modify_single      Error_PP  Error_PP_cum
Physic:   -3.191604e-05     0.1000279    0.09838335     -3134.095      3218.861     -6352.956  1.560284e-05             0             0 -7.833988e-05 -0.0009028455
Slowdown: -3.191604e-05     0.1000279    0.09838335     -3134.095      3218.861     -6352.956  1.560413e-05             0             0 -7.828114e-05  -0.000902786
Angular Momentum:  |L|err: -0.0005090697  |L|err_cum: 0.01338753  L: 113.6083   -35.37025    106.62  |L|: 159.7678
C.M.: mass: 1900 pos: -0.03734036   -0.09139169    -0.09318455 vel: -0.01891008   -0.01692163    0.02863311
Tree step number: 2048
**** Wallclock time per step (local): [Min/Max]
 Total       PP_single   PP_cluster  PP_cross    Tree_NB     Tree_Force  Force_corr  Kick        FindCluster CreateGroup MPI_comm    Output      Status      Other      
   0.0023507  2.4775e-05  0.00016056           0   0.0004207   0.0016198  5.2301e-05  2.3531e-05  6.7414e-05  2.9241e-05  4.3091e-06  4.1259e-06   3.542e-09   9.853e-06
   0.0023507  2.4811e-05  0.00016061           0  0.00041432   0.0015581  5.2358e-05  2.3567e-05  6.7482e-05  2.9262e-05  4.3417e-06   4.126e-06  3.5615e-09  9.9815e-06
**** FDPS tree soft force time profile (local):
 Sample_ptcl Domain_deco Ex_ptcl     SetRootCell Make_LT     Make_LET    Make_GT     Make_Group  Make_I_list Calc_force  Write_back 
           0           0           0  2.3712e-05  0.00030973  3.7616e-05  0.00026978  2.9277e-06  6.6264e-05  0.00071536  0.00012517
**** Tree neighbor time profile (local):
 Sample_ptcl Domain_deco Ex_ptcl     SetRootCell Make_LT     Make_LET    Make_GT     Make_Group  Make_I_list Calc_force  Write_back 
           0           0           0  2.0049e-05   0.0001593  2.4336e-05  0.00011353  6.0661e-07  1.5822e-05  7.1488e-05  1.3243e-05
**** Number per step (global):
 PP_single   PP_cluster  PP_cross    Cluster     Cross       AR_step_sum
      974.44      25.562           0      9.8027           0      33.708
 AR_tsyn_sum Stab_Ngroup Iso_Ngroup  Form_Ngroup End_Ngroup  Modf_Ngroup Merg_Ngroup H4_step_sum H4_no_NB    Ep-Ep_sum   Ep-Sp_sum  
      11.315           0           0     0.63818    0.085938           0           0      163.96     0.45654  8.8282e+05       16064
**** Number of members in clusters (global):
N_members:            1           2           3           4           5           6           7           8           9          10          11          12
Count    :       974.44      6.8057      1.6606     0.52197     0.41895     0.13477      0.1748    0.050781    0.016602   0.0078125   0.0087891   0.0019531

Time: 28.5  N_real(loc): 1000  N_real(glb): 1000  N_all(loc): 1000  N_all(glb): 1000  N_remove(glb): 0  N_escape(glb): 0
Energy:     Error/Total         Error     Error_cum         Total       Kinetic     Potential        Modify  Modify_group Modify_single      Error_PP  Error_PP_cum
Physic:    5.389127e-05    -0.1689095   -0.07052613     -3134.264      3463.935     -6598.199  1.272519e-05             0             0 -1.100165e-05 -0.0009138471
Slowdown:  5.389127e-05    -0.1689095   -0.07052613     -3134.264      3463.935     -6598.199  1.272647e-05             0             0 -1.100161e-05 -0.0009137876
Angular Momentum:  |L|err: -0.0006608125  |L|err_cum: 0.01272672  L: 113.6091   -35.37036    106.6196  |L|: 159.7681
C.M.: mass: 1900 pos: -0.02763548   -0.1111593    -0.08147946 vel: -0.0422472   -0.01235529    -0.01884651
Tree step number: 2048
**** Wallclock time per step (local): [Min/Max]
 Total       PP_single   PP_cluster  PP_cross    Tree_NB     Tree_Force  Force_corr  Kick        FindCluster CreateGroup MPI_comm    Output      Status      Other      
    0.002068  4.1518e-05  0.00014726           0   0.0003356    0.001418   3.261e-05  2.8406e-05  6.0265e-05  3.6797e-05  2.9083e-06  4.6313e-06  4.5835e-09  1.1879e-05
    0.002068  4.1554e-05  0.00014731           0  0.00033122   0.0013681  3.2664e-05  2.8488e-05  6.0322e-05  3.6819e-05  2.9408e-06  4.6316e-06  4.5981e-09  1.1974e-05
**** FDPS tree soft force time profile (local):
 Sample_ptcl Domain_deco Ex_ptcl     SetRootCell Make_LT     Make_LET    Make_GT     Make_Group  Make_I_list Calc_force  Write_back 
           0           0           0  1.6474e-05   0.0002891   3.313e-05  0.00022703  3.0944e-06  5.9922e-05  0.00062071  0.00010152
**** Tree neighbor time profile (local):
 Sample_ptcl Domain_deco Ex_ptcl     SetRootCell Make_LT     Make_LET    Make_GT     Make_Group  Make_I_list Calc_force  Write_back 
           0           0           0  1.3083e-05  0.00011998   1.903e-05  9.3214e-05  6.7826e-07  1.5707e-05  5.2196e-05  9.1945e-06
**** Number per step (global):
 PP_single   PP_cluster  PP_cross    Cluster     Cross       AR_step_sum
      976.43      23.568           0      9.7573           0      37.851
 AR_tsyn_sum Stab_Ngroup Iso_Ngroup  Form_Ngroup End_Ngroup  Modf_Ngroup Merg_Ngroup H4_step_sum H4_no_NB    Ep-Ep_sum   Ep-Sp_sum  
      11.235           0           0      1.0322   0.0087891           0           0      121.51     0.95508  8.8398e+05       15651
**** Number of members in clusters (global):
N_members:            1           2           3           4           5           6           7           8           9          10
Count    :       976.43      7.4663      1.3599     0.44385     0.28516     0.10742    0.067383    0.015625   0.0039062   0.0078125

Time: 29  N_real(loc): 1000  N_real(glb): 1000  N_all(loc): 1000  N_all(glb): 1000  N_remove(glb): 0  N_escape(glb): 0
Energy:     Error/Total         Error     Error_cum         Total       Kinetic     Potential        Modify  Modify_group Modify_single      Error_PP  Error_PP_cum
Physic:     4.89765e-05    -0.1535128    -0.2240389     -3134.417      3179.774     -6314.192  1.130106e-05             0             0  9.705944e-06 -0.0009041412
Slowdown:   4.89765e-05    -0.1535128    -0.2240389     -3134.417      3179.774     -6314.192   1.13028e-05             0             0  9.706068e-06 -0.0009040815
Angular Momentum:  |L|err: 0.0001095657  |L|err_cum: 0.01283628  L: 113.6091   -35.37059    106.6196  |L|: 159.7681
C.M.: mass: 1900 pos: -0.03892756   -0.1520016    -0.07516444 vel: 0.02800112   -0.09143164    0.01457661
Tree step number: 2048
**** Wallclock time per step (local): [Min/Max]
 Total       PP_single   PP_cluster  PP_cross    Tree_NB     Tree_Force  Force_corr  Kick        FindCluster CreateGroup MPI_comm    Output      Status      Other      
   0.0022383  2.5436e-05  0.00014351           0  0.00038316   0.0015973  2.9615e-05  1.7922e-05  5.0344e-05  2.7474e-05  2.2322e-06   3.277e-06  3.5029e-09  8.5279e-06
   0.0022383  2.5471e-05  0.00014357           0  0.00037782   0.0015497  2.9669e-05  1.7982e-05  5.0401e-05  2.7495e-05  2.2644e-06  3.2773e-06  3.5176e-09  8.6352e-06
**** FDPS tree soft force time profile (local):
 Sample_ptcl Domain_deco Ex_ptcl     SetRootCell Make_LT     Make_LET    Make_GT     Make_Group  Make_I_list Calc_force  Write_back 
           0           0           0  2.1763e-05  0.00032946  4.0459e-05  0.00023844  5.5322e-06   6.318e-05  0.00070141  9.7294e-05
**** Tree neighbor time profile (local):
 Sample_ptcl Domain_deco Ex_ptcl     SetRootCell Make_LT     Make_LET    Make_GT     Make_Group  Make_I_list Calc_force  Write_back 
           0           0           0  1.6678e-05  0.00013129  2.2581e-05  9.2647e-05  6.7051e-07  1.5143e-05  6.0257e-05  1.1168e-05
**** Number per step (global):
 PP_single   PP_cluster  PP_cross    Cluster     Cross       AR_step_sum
      972.19      27.812           0       11.65           0      30.314
 AR_tsyn_sum Stab_Ngroup Iso_Ngroup  Form_Ngroup End_Ngroup  Modf_Ngroup Merg_Ngroup H4_step_sum H4_no_NB    Ep-Ep_sum   Ep-Sp_sum  
      8.4736           0           0      1.0176   0.0043945           0           0      145.11       1.105  8.9201e+05       13581
**** Number of members in clusters (global):
N_members:            1           2           3           4           5           6           7           8           9          10
Count    :       972.19      8.6709      2.0322     0.62598      0.2373    0.014648    0.017578    0.017578    0.010742    0.023438

Time: 29.5  N_real(loc): 1000  N_real(glb): 1000  N_all(loc): 1000  N_all(glb): 1000  N_remove(glb): 0  N_escape(glb): 0
Energy:     Error/Total         Error     Error_cum         Total       Kinetic     Potential        Modify  Modify_group Modify_single      Error_PP  Error_PP_cum
Physic:    5.132625e-06   -0.01608787    -0.2401268     -3134.434      3306.828     -6441.261  1.229157e-05             0             0 -6.598053e-06 -0.0009107392
Slowdown:  5.132621e-06   -0.01608786    -0.2401268     -3134.434      3306.828     -6441.261  1.228265e-05             0             0 -6.597477e-06  -0.000910679
Angular Momentum:  |L|err: -2.10472e-06  |L|err_cum: 0.01283418  L: 113.609   -35.37055    106.6194  |L|: 159.7679
C.M.: mass: 1900 pos: -0.03938289   -0.188046    -0.0542432 vel: 0.04833237   -0.04231185    -0.04018353
Tree step number: 2048
**** Wallclock time per step (local): [Min/Max]
 Total       PP_single   PP_cluster  PP_cross    Tree_NB     Tree_Force  Force_corr  Kick        FindCluster CreateGroup MPI_comm    Output      Status      Other      
   0.0018989  2.2364e-05  0.00011392           0  0.00031176   0.0013489  3.2813e-05  1.8862e-05  4.4821e-05   3.339e-05   1.622e-06  4.0929e-06  4.2412e-09  4.3833e-06
    0.001899    2.24e-05  0.00011397           0  0.00030787    0.001312  3.2934e-05  1.8896e-05  4.4955e-05  3.3445e-05  1.6542e-06   4.093e-06  4.2563e-09  4.5895e-06
**** FDPS tree soft force time profile (local):
 Sample_ptcl Domain_deco Ex_ptcl     SetRootCell Make_LT     Make_LET    Make_GT     Make_Group  Make_I_list Calc_force  Write_back 
           0           0           0  1.6076e-05  0.00023711  3.8746e-05  0.00019846  3.0573e-06  5.2927e-05  0.00068698  7.5461e-05
**** Tree neighbor time profile (local):
 Sample_ptcl Domain_deco Ex_ptcl     SetRootCell Make_LT     Make_LET    Make_GT     Make_Group  Make_I_list Calc_force  Write_back 
           0           0           0  5.4226e-06  9.8217e-05  1.9532e-05  8.5628e-05  5.1494e-07  1.5122e-05  6.5326e-05  8.2425e-06
**** Number per step (global):
 PP_single   PP_cluster  PP_cross    Cluster     Cross       AR_step_sum
      972.44      27.562           0      11.036           0       22.82
 AR_tsyn_sum Stab_Ngroup Iso_Ngroup  Form_Ngroup End_Ngroup  Modf_Ngroup Merg_Ngroup H4_step_sum H4_no_NB    Ep-Ep_sum   Ep-Sp_sum  
      5.6328           0           0      1.0366   0.0097656           0           0      146.82      1.8335  9.0853e+05      8707.5
**** Number of members in clusters (global):
N_members:            1           2           3           4           5           6           7           8           9          10          11          12
Count    :       972.44      7.9131      1.9487     0.62061     0.31201      0.1084    0.019531    0.030273    0.039062    0.019531    0.021484   0.0029297

Time: 30  N_real(loc): 1000  N_real(glb): 1000  N_all(loc): 1000  N_all(glb): 1000  N_remove(glb): 0  N_escape(glb): 0
Energy:     Error/Total         Error     Error_cum         Total       Kinetic     Potential        Modify  Modify_group Modify_single      Error_PP  Error_PP_cum
Physic:    1.338177e-06  -0.004194433    -0.2443212     -3134.438      3610.456     -6744.893  1.238667e-05             0             0 -4.656769e-06  -0.000915396
Slowdown:  1.338177e-06  -0.004194431    -0.2443212     -3134.438      3610.456     -6744.893  1.237543e-05             0             0 -4.656876e-06 -0.0009153359
Angular Momentum:  |L|err: -0.0004649152  |L|err_cum: 0.01236926  L: 113.6089   -35.37028    106.6188  |L|: 159.7674
C.M.: mass: 1900 pos: -0.02207125   -0.2163059    -0.06673188 vel: 0.04395045   -0.03919922    -0.07116889
Tree step number: 2048
**** Wallclock time per step (local): [Min/Max]
 Total       PP_single   PP_cluster  PP_cross    Tree_NB     Tree_Force  Force_corr  Kick        FindCluster CreateGroup MPI_comm    Output      Status      Other      
   0.0021589  2.1543e-05  0.00010196           0  0.00035056   0.0015534  3.6226e-05  2.1886e-05  5.0681e-05  5.8536e-05  1.9505e-06  4.4261e-06  3.3657e-09   4.914e-06
    0.002159  2.1579e-05  0.00010202           0  0.00034434     0.00151  3.6304e-05  2.1921e-05  5.0765e-05  5.8559e-05   1.983e-06  4.4262e-06  3.3804e-09  5.0404e-06
**** FDPS tree soft force time profile (local):
 Sample_ptcl Domain_deco Ex_ptcl     SetRootCell Make_LT     Make_LET    Make_GT     Make_Group  Make_I_list Calc_force  Write_back 
           0           0           0  2.7892e-05  0.00029914  3.4975e-05  0.00020531  3.1327e-06  6.2317e-05  0.00076355  8.8755e-05
**** Tree neighbor time profile (local):
 Sample_ptcl Domain_deco Ex_ptcl     SetRootCell Make_LT     Make_LET    Make_GT     Make_Group  Make_I_list Calc_force  Write_back 
           0           0           0  8.5574e-06  0.00010745   2.094e-05   8.614e-05  6.3546e-07  1.6814e-05  6.9388e-05  1.2972e-05
**** Number per step (global):
 PP_single   PP_cluster  PP_cross    Cluster     Cross       AR_step_sum
      975.49      24.511           0      9.6396           0      20.446
 AR_tsyn_sum Stab_Ngroup Iso_Ngroup  Form_Ngroup End_Ngroup  Modf_Ngroup Merg_Ngroup H4_step_sum H4_no_NB    Ep-Ep_sum   Ep-Sp_sum  
      4.7378           0           0      1.0244   0.0073242           0           0      130.25      1.9438  8.9642e+05      9315.7
**** Number of members in clusters (global):
N_members:            1           2           3           4           5           6           7           8           9          10          11          12
Count    :       975.49      7.2827      1.1025     0.62988     0.28857    0.081055    0.081055    0.061523    0.046875    0.014648    0.048828  0.00097656
N_members:           13
Count    :   0.00097656

Time: 30.5  N_real(loc): 1000  N_real(glb): 1000  N_all(loc): 1000  N_all(glb): 1000  N_remove(glb): 0  N_escape(glb): 0
Energy:     Error/Total         Error     Error_cum         Total       Kinetic     Potential        Modify  Modify_group Modify_single      Error_PP  Error_PP_cum
Physic:   -5.495771e-05     0.1722521   -0.07206917     -3134.266      2982.612     -6116.877 -2.279729e-05             0             0  1.255395e-06 -0.0009141406
Slowdown: -5.495771e-05     0.1722521   -0.07206917     -3134.266      2982.612     -6116.877 -2.280448e-05             0             0  1.255269e-06 -0.0009140806
Angular Momentum:  |L|err: -0.0008659653  |L|err_cum: 0.0115033  L: 113.6089   -35.36988    106.6175  |L|: 159.7664
C.M.: mass: 1900 pos: 0.005908194   -0.2045312    -0.08478593 vel: 0.1052071   0.02614244    -0.04507875
Tree step number: 2048
**** Wallclock time per step (local): [Min/Max]
 Total       PP_single   PP_cluster  PP_cross    Tree_NB     Tree_Force  Force_corr  Kick        FindCluster CreateGroup MPI_comm    Output      Status      Other      
    0.002295  1.6083e-05  0.00014568           0  0.00036627   0.0016676  2.5854e-05  1.8421e-05  4.5608e-05  3.5326e-05  2.2123e-06  3.3102e-06  3.3364e-09  6.6931e-06
    0.002295  1.6119e-05  0.00014573           0  0.00036239    0.001631   2.591e-05  1.8455e-05  4.5668e-05   3.535e-05  2.2448e-06  3.3105e-06  3.3511e-09  6.8103e-06
**** FDPS tree soft force time profile (local):
 Sample_ptcl Domain_deco Ex_ptcl     SetRootCell Make_LT     Make_LET    Make_GT     Make_Group  Make_I_list Calc_force  Write_back 
           0           0           0  2.6746e-05  0.00028621  3.5339e-05  0.00020357  3.4067e-06  6.7443e-05  0.00087233  7.5198e-05
**** Tree neighbor time profile (local):
 Sample_ptcl Domain_deco Ex_ptcl     SetRootCell Make_LT     Make_LET    Make_GT     Make_Group  Make_I_list Calc_force  Write_back 
           0           0           0  1.6852e-05  0.00011374  1.7192e-05  9.2054e-05  8.6691e-07  1.4756e-05  6.7879e-05  8.2475e-06
**** Number per step (global):
 PP_single   PP_cluster  PP_cross    Cluster     Cross       AR_step_sum
      974.26      25.739           0      9.3545           0      37.589
 AR_tsyn_sum Stab_Ngroup Iso_Ngroup  Form_Ngroup End_Ngroup  Modf_Ngroup Merg_Ngroup H4_step_sum H4_no_NB    Ep-Ep_sum   Ep-Sp_sum  
      11.159           0           0      1.0229   0.0063477           0           0      146.27      1.1201  8.7517e+05       14628
**** Number of members in clusters (global):
N_members:            1           2           3           4           5           6           7           8           9          10          11          12
Count    :       974.26      6.4951       1.314     0.59912     0.41895     0.21777    0.077148    0.049805    0.048828    0.043945    0.027344    0.013672
N_members:           13          14          15          16          18          19
Count    :    0.0097656    0.021484  0.00097656   0.0078125   0.0078125  0.00097656

Time: 31  N_real(loc): 1000  N_real(glb): 1000  N_all(loc): 1012  N_all(glb): 1012  N_remove(glb): 0  N_escape(glb): 0
Energy:     Error/Total         Error     Error_cum         Total       Kinetic     Potential        Modify  Modify_group Modify_single      Error_PP  Error_PP_cum
Physic:    -0.009560192      29.24514      29.17307     -3059.054      3412.272     -6471.326      45.96662             0             0   0.003799602   0.002885462
Slowdown:  -0.009710742      29.22241      29.15035     -3009.288      3397.047     -6406.335       95.7554             0             0 -7.589273e-05 -0.0009899734
Angular Momentum:  |L|err: 11.167  |L|err_cum: 11.17851  L: 103.5409   -38.28015    110.4767  |L|: 156.1767
C.M.: mass: 1900 pos: 0.03287216   -0.1814039    -0.100393 vel: 0.1017428   0.03374291    -0.03367039
Tree step number: 2048
**** Wallclock time per step (local): [Min/Max]
 Total       PP_single   PP_cluster  PP_cross    Tree_NB     Tree_Force  Force_corr  Kick        FindCluster CreateGroup MPI_comm    Output      Status      Other      
   0.0023249  2.1828e-05  0.00017821           0  0.00040298   0.0015968  2.6151e-05  9.3248e-06   6.151e-05  3.8948e-05  3.6123e-06  3.1083e-06  3.4883e-09  7.3326e-06
   0.0023249  2.1865e-05  0.00017827           0  0.00039918   0.0015735  2.6205e-05  9.3583e-06  6.1576e-05  3.8972e-05  3.6449e-06  3.1086e-06  3.5176e-09  7.4521e-06
**** FDPS tree soft force time profile (local):
 Sample_ptcl Domain_deco Ex_ptcl     SetRootCell Make_LT     Make_LET    Make_GT     Make_Group  Make_I_list Calc_force  Write_back 
           0           0           0   3.651e-05  0.00031889   3.317e-05  0.00025946  3.5668e-06  7.9268e-05  0.00065291  5.0269e-05
**** Tree neighbor time profile (local):
 Sample_ptcl Domain_deco Ex_ptcl     SetRootCell Make_LT     Make_LET    Make_GT     Make_Group  Make_I_list Calc_force  Write_back 
           0           0           0  3.0077e-05  0.00013497  1.8231e-05  9.9691e-05  7.7512e-07  1.9818e-05   4.989e-05  8.0956e-06
**** Number per step (global):
 PP_single   PP_cluster  PP_cross    Cluster     Cross       AR_step_sum
      978.05      21.948           0      8.6865           0      43.234
 AR_tsyn_sum Stab_Ngroup Iso_Ngroup  Form_Ngroup End_Ngroup  Modf_Ngroup Merg_Ngroup H4_step_sum H4_no_NB    Ep-Ep_sum   Ep-Sp_sum  
       12.67     0.30713           0     0.76758    0.017578           0           0      122.52     0.74121  8.5426e+05       20172
**** Number of members in clusters (global):
N_members:            1           2           3           4           5           6           7           8           9          10          11          12
Count    :       978.05      6.4219      1.0835     0.65576     0.25781     0.13574    0.041016    0.047852    0.010742   0.0078125    0.010742    0.013672

Time: 31.5  N_real(loc): 1000  N_real(glb): 1000  N_all(loc): 1012  N_all(glb): 1012  N_remove(glb): 0  N_escape(glb): 0
Energy:     Error/Total         Error     Error_cum         Total       Kinetic     Potential        Modify  Modify_group Modify_single      Error_PP  Error_PP_cum
Physic:    -0.009558217       28.5376      57.71067     -2985.662      3429.121     -6414.782      90.82121             0             0 -5.480109e-06   0.002879982
Slowdown:  -0.009716326      28.52602      57.67636     -2935.885      3413.872     -6349.757      190.3979             0             0 -5.480236e-06 -0.0009954536
Angular Momentum:  |L|err: 10.22816  |L|err_cum: 21.40666  L: 93.78359   -40.14772    113.0941  |L|: 152.3072
C.M.: mass: 1900 pos: 0.06630195   -0.1465871    -0.1129041 vel: -0.02546572   0.0750695    0.009256731
Tree step number: 2048
**** Wallclock time per step (local): [Min/Max]
 Total       PP_single   PP_cluster  PP_cross    Tree_NB     Tree_Force  Force_corr  Kick        FindCluster CreateGroup MPI_comm    Output      Status      Other      
   0.0025121  2.1536e-05  9.6333e-05           0  0.00047357   0.0017885   3.183e-05  1.8631e-05  6.4165e-05  4.6048e-05  5.7637e-06  4.2132e-06  3.1851e-09  6.5442e-06
   0.0025121  2.1584e-05  9.6423e-05           0  0.00046717    0.001747  3.1897e-05  1.8665e-05  6.4229e-05  4.6075e-05  5.7963e-06  4.2134e-06  3.2046e-09  6.6602e-06
**** FDPS tree soft force time profile (local):
 Sample_ptcl Domain_deco Ex_ptcl     SetRootCell Make_LT     Make_LET    Make_GT     Make_Group  Make_I_list Calc_force  Write_back 
           0           0           0   6.269e-05  0.00034937   4.998e-05  0.00027006  6.4965e-06  0.00010216  0.00069743  8.4978e-05
**** Tree neighbor time profile (local):
 Sample_ptcl Domain_deco Ex_ptcl     SetRootCell Make_LT     Make_LET    Make_GT     Make_Group  Make_I_list Calc_force  Write_back 
           0           0           0  3.7082e-05  0.00016126  2.0478e-05  0.00012553  1.2525e-06  2.2474e-05  3.5702e-05  1.3326e-05
**** Number per step (global):
 PP_single   PP_cluster  PP_cross    Cluster     Cross       AR_step_sum
      973.38      26.618           0      10.339           0      15.807
 AR_tsyn_sum Stab_Ngroup Iso_Ngroup  Form_Ngroup End_Ngroup  Modf_Ngroup Merg_Ngroup H4_step_sum H4_no_NB    Ep-Ep_sum   Ep-Sp_sum  
     0.66162           1           0    0.048828    0.012207           0           0      138.53     0.19531  8.6229e+05       21707
**** Number of members in clusters (global):
N_members:            1           2           3           4           5           6           7           8           9          10          11          12
Count    :       973.38      7.8433      1.4233     0.27051     0.24023     0.20361     0.15625    0.058594    0.035156    0.033203    0.014648    0.025391
N_members:           13          14          15          16
Count    :     0.023438   0.0029297   0.0068359   0.0019531

Time: 32  N_real(loc): 1000  N_real(glb): 1000  N_all(loc): 1012  N_all(glb): 1012  N_remove(glb): 0  N_escape(glb): 0
Energy:     Error/Total         Error     Error_cum         Total       Kinetic     Potential        Modify  Modify_group Modify_single      Error_PP  Error_PP_cum
Physic:    -0.003347959      9.911481      67.62215     -2960.455      3211.559     -6172.014       106.116             0             0 -3.710659e-06   0.002876271
Slowdown:  -0.003404642      9.909813      67.58618     -2910.677      3196.302     -6106.979      255.4725             0             0 -3.709773e-06 -0.0009991634
Angular Momentum:  |L|err: 2.688587  |L|err_cum: 24.09525  L: 91.16221   -39.50755    114.3075  |L|: 151.4516
C.M.: mass: 1900 pos: 0.0627441   -0.1033771    -0.09262345 vel: -0.02895653   0.06166694    0.06797172
Tree step number: 2048
**** Wallclock time per step (local): [Min/Max]
 Total       PP_single   PP_cluster  PP_cross    Tree_NB     Tree_Force  Force_corr  Kick        FindCluster CreateGroup MPI_comm    Output      Status      Other      
   0.0025486  2.9464e-05  8.1415e-05           0   0.0005617   0.0017536  3.2219e-05  2.7098e-05   4.435e-05  3.8132e-05  2.1385e-06  6.7819e-06  6.0269e-09   3.988e-06
   0.0025486  2.9499e-05  8.1462e-05           0  0.00055329    0.001727  3.2325e-05  2.7141e-05  4.4451e-05   3.816e-05  2.1707e-06  6.7823e-06  6.0464e-09   4.124e-06
**** FDPS tree soft force time profile (local):
 Sample_ptcl Domain_deco Ex_ptcl     SetRootCell Make_LT     Make_LET    Make_GT     Make_Group  Make_I_list Calc_force  Write_back 
           0           0           0  5.3099e-05   0.0003567  4.3391e-05  0.00027735  3.9382e-06    9.89e-05  0.00062573  5.5382e-05
**** Tree neighbor time profile (local):
 Sample_ptcl Domain_deco Ex_ptcl     SetRootCell Make_LT     Make_LET    Make_GT     Make_Group  Make_I_list Calc_force  Write_back 
           0           0           0  5.2841e-05   0.0002209   1.552e-05  0.00012399  8.6788e-07  1.9822e-05  3.7458e-05  1.7322e-05
**** Number per step (global):
 PP_single   PP_cluster  PP_cross    Cluster     Cross       AR_step_sum
      976.15      23.848           0      9.4263           0      15.454
 AR_tsyn_sum Stab_Ngroup Iso_Ngroup  Form_Ngroup End_Ngroup  Modf_Ngroup Merg_Ngroup H4_step_sum H4_no_NB    Ep-Ep_sum   Ep-Sp_sum  
     0.55176           1           0    0.040527   0.0097656           0           0      121.72     0.19336  8.5794e+05       23689
**** Number of members in clusters (global):
N_members:            1           2           3           4           5           6           7           8           9          10          11          12
Count    :       976.15       6.979      1.3384     0.51172     0.19824     0.21729    0.076172    0.039062     0.03125   0.0097656   0.0097656   0.0078125
N_members:           13          14
Count    :    0.0019531   0.0058594

Time: 32.5  N_real(loc): 1000  N_real(glb): 1000  N_all(loc): 1012  N_all(glb): 1012  N_remove(glb): 0  N_escape(glb): 0
Energy:     Error/Total         Error     Error_cum         Total       Kinetic     Potential        Modify  Modify_group Modify_single      Error_PP  Error_PP_cum
Physic:    -0.001672744      4.931136      72.55329     -2947.932      3060.258      -6008.19       113.708             0             0 -1.287379e-05   0.002863397
Slowdown:  -0.001696719      4.917351      72.50353     -2898.153      3044.998     -5943.152       312.857             0             0 -1.287337e-05  -0.001012037
Angular Momentum:  |L|err: 1.25042  |L|err_cum: 25.34567  L: 89.95296   -39.38226    114.7544  |L|: 151.0333
C.M.: mass: 1900 pos: 0.07131523   -0.1002163    -0.04122791 vel: 0.02633461   -0.03025299    0.1231428
Tree step number: 2048
**** Wallclock time per step (local): [Min/Max]
 Total       PP_single   PP_cluster  PP_cross    Tree_NB     Tree_Force  Force_corr  Kick        FindCluster CreateGroup MPI_comm    Output      Status      Other      
   0.0022572  1.9835e-05  9.1496e-05           0   0.0004598   0.0015851  2.1355e-05  1.0957e-05  4.3057e-05  3.9905e-05  2.0948e-06  4.3501e-06  3.0625e-09  4.6208e-06
   0.0022573  1.9878e-05  9.1545e-05           0   0.0004552   0.0015622  2.1408e-05   1.099e-05  4.3115e-05  3.9957e-05  2.1273e-06  4.3504e-06  3.0771e-09  4.7275e-06
**** FDPS tree soft force time profile (local):
 Sample_ptcl Domain_deco Ex_ptcl     SetRootCell Make_LT     Make_LET    Make_GT     Make_Group  Make_I_list Calc_force  Write_back 
           0           0           0  4.6049e-05  0.00033131  3.0914e-05   0.0002456  3.3804e-06  8.8811e-05  0.00054926  4.7742e-05
**** Tree neighbor time profile (local):
 Sample_ptcl Domain_deco Ex_ptcl     SetRootCell Make_LT     Make_LET    Make_GT     Make_Group  Make_I_list Calc_force  Write_back 
           0           0           0  4.2935e-05  0.00015513  1.8531e-05  0.00012738  8.4149e-07  1.6852e-05  2.6629e-05  9.6987e-06
**** Number per step (global):
 PP_single   PP_cluster  PP_cross    Cluster     Cross       AR_step_sum
      976.62      23.376           0      8.4941           0       17.78
 AR_tsyn_sum Stab_Ngroup Iso_Ngroup  Form_Ngroup End_Ngroup  Modf_Ngroup Merg_Ngroup H4_step_sum H4_no_NB    Ep-Ep_sum   Ep-Sp_sum  
      1.3413           1           0     0.10693    0.026855           0           0      129.48     0.15479  8.5872e+05       22207
**** Number of members in clusters (global):
N_members:            1           2           3           4           5           6           7           8           9          10          11          12
Count    :       976.62           6      1.1968     0.63477     0.18945     0.12256    0.047852    0.044922    0.058594    0.036133    0.041016    0.060547
N_members:           13          14
Count    :     0.057617   0.0039062

Time: 33  N_real(loc): 1000  N_real(glb): 1000  N_all(loc): 1012  N_all(glb): 1012  N_remove(glb): 0  N_escape(glb): 0
Energy:     Error/Total         Error     Error_cum         Total       Kinetic     Potential        Modify  Modify_group Modify_single      Error_PP  Error_PP_cum
Physic:    -0.001156962      3.401099      75.95439     -2939.682      2827.666     -5767.348      118.5573             0             0 -2.021945e-05   0.002843178
Slowdown:  -0.001176819      3.400893      75.90442     -2889.903      2812.404     -5702.307      367.4853             0             0 -2.022014e-05  -0.001032257
Angular Momentum:  |L|err: 0.6610072  |L|err_cum: 26.00668  L: 89.32165   -38.95092    115.1705  |L|: 150.8634
C.M.: mass: 1900 pos: 0.07694593   -0.09914604    0.03727701 vel: 0.005236056   0.000403382    0.1500881
Tree step number: 2048
**** Wallclock time per step (local): [Min/Max]
 Total       PP_single   PP_cluster  PP_cross    Tree_NB     Tree_Force  Force_corr  Kick        FindCluster CreateGroup MPI_comm    Output      Status      Other      
   0.0024678  2.3099e-05  0.00010322           0  0.00046623   0.0017488  4.6961e-05  1.5787e-05  5.0394e-05  3.7499e-05  2.4083e-06  4.6079e-06  3.3267e-09  4.5398e-06
   0.0024679  2.3135e-05  0.00010328           0   0.0004628   0.0017142  4.7016e-05  1.5821e-05  5.0453e-05  3.7525e-05  2.4405e-06  4.6081e-06  3.3462e-09  4.6404e-06
**** FDPS tree soft force time profile (local):
 Sample_ptcl Domain_deco Ex_ptcl     SetRootCell Make_LT     Make_LET    Make_GT     Make_Group  Make_I_list Calc_force  Write_back 
           0           0           0  8.0049e-05  0.00042943  3.9631e-05  0.00029949   3.324e-06  0.00010268  0.00057218  7.1067e-05
**** Tree neighbor time profile (local):
 Sample_ptcl Domain_deco Ex_ptcl     SetRootCell Make_LT     Make_LET    Make_GT     Make_Group  Make_I_list Calc_force  Write_back 
           0           0           0  3.9584e-05  0.00018127  2.2125e-05  0.00012388   8.485e-07  2.4172e-05   3.094e-05  7.3989e-06
**** Number per step (global):
 PP_single   PP_cluster  PP_cross    Cluster     Cross       AR_step_sum
      974.83      25.171           0      9.7065           0        15.6
 AR_tsyn_sum Stab_Ngroup Iso_Ngroup  Form_Ngroup End_Ngroup  Modf_Ngroup Merg_Ngroup H4_step_sum H4_no_NB    Ep-Ep_sum   Ep-Sp_sum  
      0.6167           1           0    0.036621   0.0097656           0           0      142.53     0.15918  8.6504e+05       22138
**** Number of members in clusters (global):
N_members:            1           2           3           4           5           6           7           8           9          11          12          13
Count    :       974.83      7.1138      1.3242     0.52051     0.30957     0.14941     0.12012    0.075195    0.051758   0.0039062    0.014648    0.010742
N_members:           14
Count    :     0.012695

Time: 33.5  N_real(loc): 1000  N_real(glb): 1000  N_all(loc): 1012  N_all(glb): 1012  N_remove(glb): 0  N_escape(glb): 0
Energy:     Error/Total         Error     Error_cum         Total       Kinetic     Potential        Modify  Modify_group Modify_single      Error_PP  Error_PP_cum
Physic:    -0.000789665      2.316779      78.27117     -2933.876       2963.59     -5897.467       122.046             0             0 -1.459864e-05   0.002828579
Slowdown: -0.0008032553      2.316666      78.22109     -2884.097      2948.326     -5832.424      420.7531             0             0 -1.457906e-05  -0.001046836
Angular Momentum:  |L|err: 0.1577323  |L|err_cum: 26.16441  L: 89.19185   -38.16814    115.5651  |L|: 150.8883
C.M.: mass: 1900 pos: 0.09888122   -0.1093104    0.09530544 vel: 0.07253154   -0.01709102    0.1234444
Tree step number: 2048
**** Wallclock time per step (local): [Min/Max]
 Total       PP_single   PP_cluster  PP_cross    Tree_NB     Tree_Force  Force_corr  Kick        FindCluster CreateGroup MPI_comm    Output      Status      Other      
   0.0026016   3.098e-05  9.7075e-05           0  0.00051326   0.0018313  3.3277e-05  3.0447e-05  5.2951e-05  4.5095e-05  2.0961e-06  6.2302e-06  4.0313e-09  5.3275e-06
   0.0026016  3.1016e-05  9.7291e-05           0  0.00050825   0.0017871  3.3333e-05  3.0481e-05  5.3018e-05  4.5122e-05  2.1287e-06  6.2304e-06  4.0508e-09  5.4337e-06
**** FDPS tree soft force time profile (local):
 Sample_ptcl Domain_deco Ex_ptcl     SetRootCell Make_LT     Make_LET    Make_GT     Make_Group  Make_I_list Calc_force  Write_back 
           0           0           0  6.5006e-05  0.00041994  4.3208e-05  0.00033709  3.6925e-06  8.4868e-05  0.00058086  9.0521e-05
**** Tree neighbor time profile (local):
 Sample_ptcl Domain_deco Ex_ptcl     SetRootCell Make_LT     Make_LET    Make_GT     Make_Group  Make_I_list Calc_force  Write_back 
           0           0           0  3.4531e-05  0.00016225  2.3776e-05  0.00014054  8.7868e-07  2.5623e-05  3.9413e-05  1.0567e-05
**** Number per step (global):
 PP_single   PP_cluster  PP_cross    Cluster     Cross       AR_step_sum
      978.37      21.634           0      8.5684           0      15.587
 AR_tsyn_sum Stab_Ngroup Iso_Ngroup  Form_Ngroup End_Ngroup  Modf_Ngroup Merg_Ngroup H4_step_sum H4_no_NB    Ep-Ep_sum   Ep-Sp_sum  
     0.59961           1           0    0.035645   0.0097656           0           0      115.36     0.18701  8.6481e+05       22174
**** Number of members in clusters (global):
N_members:            1           2           3           4           5           6           7           8           9
Count    :       978.37      6.1904      1.3491     0.44971     0.26465     0.18115    0.070801    0.061523  0.00097656

Time: 34  N_real(loc): 1000  N_real(glb): 1000  N_all(loc): 1012  N_all(glb): 1012  N_remove(glb): 0  N_escape(glb): 0
Energy:     Error/Total         Error     Error_cum         Total       Kinetic     Potential        Modify  Modify_group Modify_single      Error_PP  Error_PP_cum
Physic:   -0.0005955722      1.744726       80.0159     -2929.496      2902.272     -5831.768      124.6816             0             0 -7.237768e-06   0.002821341
Slowdown: -0.0006058438      1.744659      79.96574     -2879.717      2887.007     -5766.724      473.1678             0             0  -7.14582e-06  -0.001053982
Angular Momentum:  |L|err: -0.07768819  |L|err_cum: 26.08672  L: 89.31036   -37.36309    115.8718  |L|: 150.9921
C.M.: mass: 1900 pos: 0.1307233   -0.1030678    0.1249554 vel: 0.08155876   0.01227179    0.1195393
Tree step number: 2048
**** Wallclock time per step (local): [Min/Max]
 Total       PP_single   PP_cluster  PP_cross    Tree_NB     Tree_Force  Force_corr  Kick        FindCluster CreateGroup MPI_comm    Output      Status      Other      
   0.0022935  3.5555e-05  9.2757e-05           0  0.00046751   0.0015638  3.9551e-05  2.8496e-05  5.2854e-05  4.0161e-05  7.1613e-06  3.5182e-06  3.2583e-09  1.3042e-05
   0.0022935  3.5591e-05  9.2809e-05           0  0.00045807   0.0015195  3.9607e-05  2.8531e-05  5.2915e-05  4.0186e-05   7.194e-06  3.5185e-06  3.2729e-09  1.3155e-05
**** FDPS tree soft force time profile (local):
 Sample_ptcl Domain_deco Ex_ptcl     SetRootCell Make_LT     Make_LET    Make_GT     Make_Group  Make_I_list Calc_force  Write_back 
           0           0           0  3.8327e-05  0.00033911  3.9643e-05  0.00026659  3.2713e-06  9.2962e-05  0.00060492  9.0713e-05
**** Tree neighbor time profile (local):
 Sample_ptcl Domain_deco Ex_ptcl     SetRootCell Make_LT     Make_LET    Make_GT     Make_Group  Make_I_list Calc_force  Write_back 
           0           0           0  3.4111e-05  0.00018686  2.0616e-05  0.00013372  8.3789e-07  1.9658e-05  3.6613e-05  1.9368e-05
**** Number per step (global):
 PP_single   PP_cluster  PP_cross    Cluster     Cross       AR_step_sum
      975.93      24.067           0      8.7051           0      15.836
 AR_tsyn_sum Stab_Ngroup Iso_Ngroup  Form_Ngroup End_Ngroup  Modf_Ngroup Merg_Ngroup H4_step_sum H4_no_NB    Ep-Ep_sum   Ep-Sp_sum  
     0.66943           1           0    0.041016    0.010254           0           0      128.23     0.17188  8.5865e+05       23905
**** Number of members in clusters (global):
N_members:            1           2           3           4           5           6           7           8           9          10          11          12
Count    :       975.93      5.8667      1.5601     0.42432     0.27344     0.15625     0.11768      0.1123    0.099609    0.050781    0.018555    0.015625
N_members:           13          14
Count    :    0.0029297   0.0068359

Time: 34.5  N_real(loc): 1000  N_real(glb): 1000  N_all(loc): 1012  N_all(glb): 1012  N_remove(glb): 0  N_escape(glb): 0
Energy:     Error/Total         Error     Error_cum         Total       Kinetic     Potential        Modify  Modify_group Modify_single      Error_PP  Error_PP_cum
Physic:   -0.0004652081      1.361233      81.37713     -2926.075      2943.384     -5869.458      126.7418             0             0 -7.137279e-06   0.002814204
Slowdown: -0.0004732444      1.361191      81.32694     -2876.295      2928.116     -5804.412      525.0072             0             0 -7.138521e-06   -0.00106112
Angular Momentum:  |L|err: 0.03536348  |L|err_cum: 26.12209  L: 89.32039   -36.81724    116.0969  |L|: 151.0368
C.M.: mass: 1900 pos: 0.1261102   -0.1149814    0.1453661 vel: -0.03497697   -0.01342933    0.05552031
Tree step number: 2048
**** Wallclock time per step (local): [Min/Max]
 Total       PP_single   PP_cluster  PP_cross    Tree_NB     Tree_Force  Force_corr  Kick        FindCluster CreateGroup MPI_comm    Output      Status      Other      
   0.0025113  2.5377e-05  9.4815e-05           0  0.00048224   0.0018027  3.4572e-05  1.9997e-05  4.4255e-05    4.06e-05  2.1457e-06  3.4039e-06  3.6353e-09  4.5017e-06
   0.0025113  2.5413e-05   9.488e-05           0  0.00047852   0.0017607  3.4627e-05  2.0032e-05  4.4339e-05  4.0628e-05  2.1804e-06  3.4043e-06  3.6548e-09  4.6409e-06
**** FDPS tree soft force time profile (local):
 Sample_ptcl Domain_deco Ex_ptcl     SetRootCell Make_LT     Make_LET    Make_GT     Make_Group  Make_I_list Calc_force  Write_back 
           0           0           0  3.9295e-05  0.00033837  3.1095e-05   0.0002551  2.9289e-06  6.7826e-05  0.00079413   8.627e-05
**** Tree neighbor time profile (local):
 Sample_ptcl Domain_deco Ex_ptcl     SetRootCell Make_LT     Make_LET    Make_GT     Make_Group  Make_I_list Calc_force  Write_back 
           0           0           0  3.9205e-05  0.00015077  2.0417e-05  0.00011415  7.6251e-07  1.5854e-05   6.973e-05   8.136e-06
**** Number per step (global):
 PP_single   PP_cluster  PP_cross    Cluster     Cross       AR_step_sum
      976.46      23.541           0      9.0112           0      15.756
 AR_tsyn_sum Stab_Ngroup Iso_Ngroup  Form_Ngroup End_Ngroup  Modf_Ngroup Merg_Ngroup H4_step_sum H4_no_NB    Ep-Ep_sum   Ep-Sp_sum  
     0.65771           1           0    0.046875    0.011719           0           0      123.91     0.20508  8.8335e+05       17277
**** Number of members in clusters (global):
N_members:            1           2           3           4           5           6           7           8           9          10          11          12
Count    :       976.46      6.6875      1.0972     0.50781     0.22949     0.19824     0.16895    0.026367    0.036133    0.013672   0.0097656  0.00097656
N_members:           13          15          16          17          18          19
Count    :     0.013672   0.0068359   0.0039062   0.0058594   0.0039062  0.00097656

Time: 35  N_real(loc): 1000  N_real(glb): 1000  N_all(loc): 1012  N_all(glb): 1012  N_remove(glb): 0  N_escape(glb): 0
Energy:     Error/Total         Error     Error_cum         Total       Kinetic     Potential        Modify  Modify_group Modify_single      Error_PP  Error_PP_cum
Physic:   -0.0003738848      1.092981      82.47011      -2923.31      2840.555     -5763.865      128.4134             0             0 -7.873908e-06    0.00280633
Slowdown: -0.0003803515      1.092952      82.41989     -2873.531      2825.286     -5698.817       576.458             0             0 -7.850959e-06  -0.001068971
Angular Momentum:  |L|err: 0.1038434  |L|err_cum: 26.22593  L: 89.26513   -36.37928    116.2967  |L|: 151.0517
C.M.: mass: 1900 pos: 0.1154759   -0.1087779    0.1662461 vel: 0.04890918   0.03003068    0.0002629392
Tree step number: 2048
**** Wallclock time per step (local): [Min/Max]
 Total       PP_single   PP_cluster  PP_cross    Tree_NB     Tree_Force  Force_corr  Kick        FindCluster CreateGroup MPI_comm    Output      Status      Other      
   0.0027353  2.7562e-05  0.00010467           0   0.0004774   0.0019848  5.6718e-05  2.9205e-05   6.336e-05   4.616e-05   4.531e-06  4.7182e-06  3.4639e-09  1.0662e-05
   0.0027354  2.7599e-05  0.00010472           0  0.00046862   0.0019168  5.6777e-05  2.9242e-05  6.3421e-05  4.6186e-05   4.564e-06  4.7185e-06  3.4785e-09  1.0768e-05
**** FDPS tree soft force time profile (local):
 Sample_ptcl Domain_deco Ex_ptcl     SetRootCell Make_LT     Make_LET    Make_GT     Make_Group  Make_I_list Calc_force  Write_back 
           0           0           0  5.5178e-05  0.00039342  4.9825e-05  0.00033944  3.4149e-06  7.4604e-05  0.00079573  0.00013833
**** Tree neighbor time profile (local):
 Sample_ptcl Domain_deco Ex_ptcl     SetRootCell Make_LT     Make_LET    Make_GT     Make_Group  Make_I_list Calc_force  Write_back 
           0           0           0  2.5133e-05   0.0001611  1.9484e-05  0.00012188  7.6605e-07  1.5913e-05  6.9111e-05  1.8188e-05
**** Number per step (global):
 PP_single   PP_cluster  PP_cross    Cluster     Cross       AR_step_sum
      977.39      22.609           0      8.0239           0      15.404
 AR_tsyn_sum Stab_Ngroup Iso_Ngroup  Form_Ngroup End_Ngroup  Modf_Ngroup Merg_Ngroup H4_step_sum H4_no_NB    Ep-Ep_sum   Ep-Sp_sum  
     0.53174           1           0    0.039062   0.0097656           0           0       127.1      0.2417  8.9005e+05       16144
**** Number of members in clusters (global):
N_members:            1           2           3           4           5           6           7           8           9          10          11          12
Count    :       977.39      5.9365     0.82373     0.35156     0.22559     0.17578     0.20703     0.10352    0.021484    0.030273    0.050781     0.03125
N_members:           13          14          15          16          17          18          21
Count    :     0.021484     0.02832   0.0019531   0.0039062  0.00097656   0.0068359   0.0029297

Time: 35.5  N_real(loc): 1000  N_real(glb): 1000  N_all(loc): 1012  N_all(glb): 1012  N_remove(glb): 0  N_escape(glb): 0
Energy:     Error/Total         Error     Error_cum         Total       Kinetic     Potential        Modify  Modify_group Modify_single      Error_PP  Error_PP_cum
Physic:   -0.0003070562     0.8969192      83.36703     -2921.026      3350.349     -6271.375      129.8002             0             0 -3.355277e-05   0.002772777
Slowdown: -0.0003123725     0.8968987      83.31679     -2871.247      3335.078     -6206.325       627.624             0             0 -3.355257e-05  -0.001102524
Angular Momentum:  |L|err: -0.0164118  |L|err_cum: 26.20952  L: 89.3333   -35.91517    116.4596  |L|: 151.1065
C.M.: mass: 1900 pos: 0.1475599   -0.08586302    0.1787658 vel: 0.1042264   0.06668437    0.1034323
Tree step number: 2048
**** Wallclock time per step (local): [Min/Max]
 Total       PP_single   PP_cluster  PP_cross    Tree_NB     Tree_Force  Force_corr  Kick        FindCluster CreateGroup MPI_comm    Output      Status      Other      
   0.0027822   3.268e-05  0.00012849           0  0.00054232   0.0019087  5.7047e-05  3.5929e-05  8.5838e-05  4.4286e-05  3.7215e-06  2.9963e-06  4.3394e-09  9.1848e-06
   0.0027823  3.2717e-05  0.00012854           0  0.00053226   0.0018474  5.7105e-05  3.5979e-05  8.5902e-05  4.4311e-05  3.7691e-06  2.9968e-06   4.354e-09  9.3081e-06
**** FDPS tree soft force time profile (local):
 Sample_ptcl Domain_deco Ex_ptcl     SetRootCell Make_LT     Make_LET    Make_GT     Make_Group  Make_I_list Calc_force  Write_back 
           0           0           0  6.4086e-05  0.00044263  4.7304e-05  0.00033921  4.0802e-06  7.7226e-05  0.00071978  0.00012459
**** Tree neighbor time profile (local):
 Sample_ptcl Domain_deco Ex_ptcl     SetRootCell Make_LT     Make_LET    Make_GT     Make_Group  Make_I_list Calc_force  Write_back 
           0           0           0  3.8916e-05  0.00018041  2.1722e-05  0.00016968  8.7919e-07  1.9919e-05  6.8266e-05  2.0636e-05
**** Number per step (global):
 PP_single   PP_cluster  PP_cross    Cluster     Cross       AR_step_sum
      975.23      24.773           0      8.5327           0      22.033
 AR_tsyn_sum Stab_Ngroup Iso_Ngroup  Form_Ngroup End_Ngroup  Modf_Ngroup Merg_Ngroup H4_step_sum H4_no_NB    Ep-Ep_sum   Ep-Sp_sum  
      2.8545           1           0     0.15527    0.028809           0           0      144.17     0.19238  8.9476e+05       15546
**** Number of members in clusters (global):
N_members:            1           2           3           4           5           6           7           8           9          10          11          12
Count    :       975.23      6.2793     0.78467     0.33057     0.36133     0.14795     0.18652    0.067383      0.1377    0.099609    0.054688    0.026367
N_members:           13          14          15          17          19
Count    :     0.015625    0.021484   0.0068359  0.00097656    0.011719
Hard energy significant ! dE_SD: -0.0367788 dE_SD/Etot_SD: 0.000112479
Thread: 3 Dump file: data.hard_large_energy_h4_n8_g1_t35.688721_M0_O3_c0_s1790684239
Hard energy significant ! dE_SD: 0.0525363 dE_SD/Etot_SD: -0.000160282
Thread: 3 Dump file: data.hard_large_energy_h4_n8_g1_t35.689209_M0_O3_c1_s1790684239
Hard energy significant ! dE_SD: 0.777502 dE_SD/Etot_SD: -0.0017245
Thread: 1 Dump file: data.hard_large_energy_h4_n9_g1_t35.697021_M0_O1_c2_s1790684239
Hard energy significant ! dE_SD: -0.0661162 dE_SD/Etot_SD: 0.000267577
Thread: 1 Dump file: data.hard_large_energy_h4_n3_g1_t35.826416_M0_O1_c3_s1790684241

Time: 36  N_real(loc): 1000  N_real(glb): 1000  N_all(loc): 1024  N_all(glb): 1024  N_remove(glb): 0  N_escape(glb): 0
Energy:     Error/Total         Error     Error_cum         Total       Kinetic     Potential        Modify  Modify_group Modify_single      Error_PP  Error_PP_cum
Physic:     -0.06771904      170.5396      253.9066      -2518.34      2794.182     -5312.522       361.947             0             0     0.8196224     0.8223952
Slowdown:   -0.07136834      170.3843      253.7011     -2387.394      2752.949     -5140.343       990.872             0             0     0.7640147     0.7629122
Angular Momentum:  |L|err: 4.357103  |L|err_cum: 30.56662  L: 118.0443   -6.841687    96.54957  |L|: 152.6535
C.M.: mass: 1900 pos: 0.1525127   -0.07921659    0.206548 vel: 0.03964999   -0.03240908    0.1000566
Tree step number: 2048
**** Wallclock time per step (local): [Min/Max]
 Total       PP_single   PP_cluster  PP_cross    Tree_NB     Tree_Force  Force_corr  Kick        FindCluster CreateGroup MPI_comm    Output      Status      Other      
   0.0025595  2.5359e-05  0.00020307           0  0.00044399    0.001719  4.7553e-05  2.3799e-05  9.7324e-05  4.5458e-05  7.3698e-06  4.5765e-06  3.4097e-09  1.3707e-05
   0.0025595  2.5923e-05  0.00020314           0  0.00043494   0.0016535  4.7611e-05  2.3835e-05  9.7391e-05  4.5481e-05  7.4035e-06  4.5768e-06  3.4243e-09  1.3806e-05
**** FDPS tree soft force time profile (local):
 Sample_ptcl Domain_deco Ex_ptcl     SetRootCell Make_LT     Make_LET    Make_GT     Make_Group  Make_I_list Calc_force  Write_back 
           0           0           0  4.3354e-05  0.00034558  4.5326e-05  0.00025683   2.842e-06  7.9033e-05  0.00073997  0.00013289
**** Tree neighbor time profile (local):
 Sample_ptcl Domain_deco Ex_ptcl     SetRootCell Make_LT     Make_LET    Make_GT     Make_Group  Make_I_list Calc_force  Write_back 
           0           0           0  1.2113e-05  0.00014261  2.1109e-05  0.00013595  6.3222e-07  2.4905e-05  7.4027e-05  1.8591e-05
**** Number per step (global):
 PP_single   PP_cluster  PP_cross    Cluster     Cross       AR_step_sum
      980.43      19.567           0      7.5352           0      61.627
 AR_tsyn_sum Stab_Ngroup Iso_Ngroup  Form_Ngroup End_Ngroup  Modf_Ngroup Merg_Ngroup H4_step_sum H4_no_NB    Ep-Ep_sum   Ep-Sp_sum  
      13.736      1.5771           0     0.15869     0.02002   0.0039062           0      108.08     0.13086  9.2401e+05       11371
**** Number of members in clusters (global):
N_members:            1           2           3           4           5           6           7           8           9          10          11          12
Count    :       980.43      5.7886      0.8916     0.26172     0.11816     0.15869     0.09375    0.038086     0.10742    0.054688    0.018555   0.0039062

Time: 36.5  N_real(loc): 1000  N_real(glb): 1000  N_all(loc): 1024  N_all(glb): 1024  N_remove(glb): 0  N_escape(glb): 0
Energy:     Error/Total         Error     Error_cum         Total       Kinetic     Potential        Modify  Modify_group Modify_single      Error_PP  Error_PP_cum
Physic:     -0.05618028      132.3896      386.2962     -2356.514       3102.28     -5458.794      391.3832             0             0  -3.33954e-06     0.8223919
Slowdown:   -0.05950989      132.4428      386.1439     -2225.559      3061.063     -5286.623       1151.21             0             0 -3.339671e-06     0.7629088
Angular Momentum:  |L|err: 12.90665  |L|err_cum: 43.47327  L: 128.3626   3.528444    93.96531  |L|: 159.1191
C.M.: mass: 1900 pos: 0.1670158   -0.08381511    0.2474536 vel: 0.06748432   -0.03787729    0.09992531
Tree step number: 2048
**** Wallclock time per step (local): [Min/Max]
 Total       PP_single   PP_cluster  PP_cross    Tree_NB     Tree_Force  Force_corr  Kick        FindCluster CreateGroup MPI_comm    Output      Status      Other      
   0.0020539  2.4198e-05  6.8738e-05           0  0.00035559   0.0015047  3.1945e-05    2.68e-05  4.8928e-05   3.251e-05  4.1306e-06  4.4757e-06  3.6987e-09  3.5654e-06
   0.0020539  2.4242e-05  6.8784e-05           0  0.00035013   0.0014561  3.2008e-05  2.6834e-05   4.898e-05  3.2532e-05   4.163e-06  4.4759e-06  3.7134e-09  3.6562e-06
**** FDPS tree soft force time profile (local):
 Sample_ptcl Domain_deco Ex_ptcl     SetRootCell Make_LT     Make_LET    Make_GT     Make_Group  Make_I_list Calc_force  Write_back 
           0           0           0  1.9408e-05  0.00031469  3.5161e-05  0.00021692  5.0029e-06  5.5234e-05  0.00071404  9.8887e-05
**** Tree neighbor time profile (local):
 Sample_ptcl Domain_deco Ex_ptcl     SetRootCell Make_LT     Make_LET    Make_GT     Make_Group  Make_I_list Calc_force  Write_back 
           0           0           0  8.3221e-06  0.00013105  1.7416e-05  9.2227e-05  5.4684e-07  1.5231e-05  7.0185e-05  1.1375e-05
**** Number per step (global):
 PP_single   PP_cluster  PP_cross    Cluster     Cross       AR_step_sum
      985.05      14.945           0       6.918           0       29.07
 AR_tsyn_sum Stab_Ngroup Iso_Ngroup  Form_Ngroup End_Ngroup  Modf_Ngroup Merg_Ngroup H4_step_sum H4_no_NB    Ep-Ep_sum   Ep-Sp_sum  
    0.061523           2           0   0.0068359   0.0024414           0           0      58.112   0.0019531  9.4354e+05      9764.2
**** Number of members in clusters (global):
N_members:            1           2           3           4           5
Count    :       985.05      5.9346     0.87402    0.092773    0.016602

Time: 37  N_real(loc): 1000  N_real(glb): 1000  N_all(loc): 1024  N_all(glb): 1024  N_remove(glb): 0  N_escape(glb): 0
Energy:     Error/Total         Error     Error_cum         Total       Kinetic     Potential        Modify  Modify_group Modify_single      Error_PP  Error_PP_cum
Physic:     -0.01497948      34.65738      420.9536     -2313.656      3503.802     -5817.458      399.5836             0             0 -8.197304e-07      0.822391
Slowdown:   -0.01587794      34.65679      420.8007     -2182.701      3462.595     -5645.296      1290.366             0             0 -8.258025e-07      0.762908
Angular Momentum:  |L|err: 5.563102  |L|err_cum: 49.03637  L: 132.8331   7.920943    93.89218  |L|: 162.8592
C.M.: mass: 1900 pos: 0.2011774   -0.1316442    0.2681429 vel: 0.09031659   -0.1108412    0.08943171
Tree step number: 2048
**** Wallclock time per step (local): [Min/Max]
 Total       PP_single   PP_cluster  PP_cross    Tree_NB     Tree_Force  Force_corr  Kick        FindCluster CreateGroup MPI_comm    Output      Status      Other      
   0.0017345  2.1562e-05  7.2217e-05           0  0.00031496   0.0012538  2.3577e-05  1.3113e-05  3.3419e-05  2.4252e-05  1.1876e-06  3.2596e-06  4.1094e-09  2.9291e-06
   0.0017345  2.1598e-05  7.2293e-05           0  0.00030798   0.0012287  2.3631e-05  1.3157e-05   3.347e-05  2.4313e-05  1.2199e-06  3.2599e-06  4.1289e-09  3.0877e-06
**** FDPS tree soft force time profile (local):
 Sample_ptcl Domain_deco Ex_ptcl     SetRootCell Make_LT     Make_LET    Make_GT     Make_Group  Make_I_list Calc_force  Write_back 
           0           0           0  1.0761e-05  0.00025716  3.5311e-05  0.00021828  3.3457e-06  6.3814e-05  0.00056099  5.2192e-05
**** Tree neighbor time profile (local):
 Sample_ptcl Domain_deco Ex_ptcl     SetRootCell Make_LT     Make_LET    Make_GT     Make_Group  Make_I_list Calc_force  Write_back 
           0           0           0  9.8228e-06  0.00011076  2.0438e-05   7.935e-05  6.0203e-07  1.3442e-05  5.9772e-05  1.4452e-05
**** Number per step (global):
 PP_single   PP_cluster  PP_cross    Cluster     Cross       AR_step_sum
      980.76      19.238           0      8.5786           0      29.248
 AR_tsyn_sum Stab_Ngroup Iso_Ngroup  Form_Ngroup End_Ngroup  Modf_Ngroup Merg_Ngroup H4_step_sum H4_no_NB    Ep-Ep_sum   Ep-Sp_sum  
     0.16309           2           0    0.014648   0.0039062           0           0      79.317    0.040527   9.302e+05       11407
**** Number of members in clusters (global):
N_members:            1           2           3           4           5           6           7
Count    :       980.76      7.1807     0.94727     0.26758     0.14453    0.027832    0.010742

Time: 37.5  N_real(loc): 1000  N_real(glb): 1000  N_all(loc): 1024  N_all(glb): 1024  N_remove(glb): 0  N_escape(glb): 0
Energy:     Error/Total         Error     Error_cum         Total       Kinetic     Potential        Modify  Modify_group Modify_single      Error_PP  Error_PP_cum
Physic:    -0.006446544      14.79508      435.7487     -2295.041      3388.897     -5683.938      403.4036             0             0  -3.50002e-06     0.8223875
Slowdown:  -0.006835938      14.79356      435.5943     -2164.086      3347.699     -5511.785      1425.142             0             0 -3.501078e-06     0.7629045
Angular Momentum:  |L|err: 3.10982  |L|err_cum: 52.14619  L: 135.2615   10.39857    94.09797  |L|: 165.1007
C.M.: mass: 1900 pos: 0.2306705   -0.195465    0.3057084 vel: 0.08243159   -0.1296693    0.05724064
Tree step number: 2048
**** Wallclock time per step (local): [Min/Max]
 Total       PP_single   PP_cluster  PP_cross    Tree_NB     Tree_Force  Force_corr  Kick        FindCluster CreateGroup MPI_comm    Output      Status      Other      
   0.0019429  3.0023e-05  8.2764e-05           0   0.0004619   0.0012263  2.6228e-05  2.6719e-05  4.7566e-05  3.3433e-05  1.1476e-05  4.5543e-06    4.98e-09  1.1013e-05
    0.001943  3.0075e-05  8.2821e-05           0  0.00045864   0.0012063  2.6334e-05  2.6753e-05  4.7617e-05  3.3455e-05  1.1509e-05  4.5544e-06  4.9995e-09    1.11e-05
**** FDPS tree soft force time profile (local):
 Sample_ptcl Domain_deco Ex_ptcl     SetRootCell Make_LT     Make_LET    Make_GT     Make_Group  Make_I_list Calc_force  Write_back 
           0           0           0  2.6841e-05  0.00028255   4.234e-05   0.0002159  3.9634e-06  7.8497e-05  0.00047231  4.1597e-05
**** Tree neighbor time profile (local):
 Sample_ptcl Domain_deco Ex_ptcl     SetRootCell Make_LT     Make_LET    Make_GT     Make_Group  Make_I_list Calc_force  Write_back 
           0           0           0  1.3474e-05  0.00018524  1.8825e-05  0.00015563  6.2044e-07  1.6731e-05  4.5958e-05  6.9214e-06
**** Number per step (global):
 PP_single   PP_cluster  PP_cross    Cluster     Cross       AR_step_sum
      980.41      19.587           0       8.894           0      29.411
 AR_tsyn_sum Stab_Ngroup Iso_Ngroup  Form_Ngroup End_Ngroup  Modf_Ngroup Merg_Ngroup H4_step_sum H4_no_NB    Ep-Ep_sum   Ep-Sp_sum  
     0.22656           2           0    0.022461   0.0048828           0           0      83.587    0.033691  9.1585e+05       13748
**** Number of members in clusters (global):
N_members:            1           2           3           4           5           6           7
Count    :       980.41      7.5332      1.0464     0.21338    0.080078    0.019043   0.0019531

Time: 38  N_real(loc): 1000  N_real(glb): 1000  N_all(loc): 1024  N_all(glb): 1024  N_remove(glb): 0  N_escape(glb): 0
Energy:     Error/Total         Error     Error_cum         Total       Kinetic     Potential        Modify  Modify_group Modify_single      Error_PP  Error_PP_cum
Physic:    -0.003653121      8.344992      444.0937     -2284.346       2987.62     -5271.965      405.7541             0             0 -1.426419e-06     0.8223861
Slowdown:  -0.003875266       8.34496      443.9392     -2153.391      2946.432     -5099.822      1558.448             0             0 -1.426427e-06     0.7629031
Angular Momentum:  |L|err: 2.199148  |L|err_cum: 54.34534  L: 136.9417   12.14743    94.27842  |L|: 166.7003
C.M.: mass: 1900 pos: 0.2439639   -0.2371024    0.3299463 vel: -0.003731337   -0.09159448    0.05686901
Tree step number: 2048
**** Wallclock time per step (local): [Min/Max]
 Total       PP_single   PP_cluster  PP_cross    Tree_NB     Tree_Force  Force_corr  Kick        FindCluster CreateGroup MPI_comm    Output      Status      Other      
   0.0017451  2.6023e-05  6.4835e-05           0  0.00031717   0.0012489  3.7999e-05   1.929e-05  2.9843e-05   2.855e-05  1.4233e-06  3.1095e-06  4.0752e-09     5.1e-06
   0.0017452  2.6059e-05  6.4883e-05           0   0.0003131   0.0012136  3.8068e-05  1.9325e-05  2.9894e-05  2.8572e-05  1.4554e-06  3.1097e-06  4.0898e-09  5.1898e-06
**** FDPS tree soft force time profile (local):
 Sample_ptcl Domain_deco Ex_ptcl     SetRootCell Make_LT     Make_LET    Make_GT     Make_Group  Make_I_list Calc_force  Write_back 
           0           0           0  1.5962e-05  0.00026484  3.6572e-05  0.00020214   3.069e-06  6.7087e-05  0.00053682  7.2408e-05
**** Tree neighbor time profile (local):
 Sample_ptcl Domain_deco Ex_ptcl     SetRootCell Make_LT     Make_LET    Make_GT     Make_Group  Make_I_list Calc_force  Write_back 
           0           0           0   6.794e-06   0.0001159  1.8462e-05  8.9933e-05  6.2675e-07  2.1431e-05  4.3885e-05  8.5985e-06
**** Number per step (global):
 PP_single   PP_cluster  PP_cross    Cluster     Cross       AR_step_sum
      983.41      16.589           0      7.6387           0      29.058
 AR_tsyn_sum Stab_Ngroup Iso_Ngroup  Form_Ngroup End_Ngroup  Modf_Ngroup Merg_Ngroup H4_step_sum H4_no_NB    Ep-Ep_sum   Ep-Sp_sum  
      0.1626           2           0   0.0048828   0.0014648           0           0      65.493   0.0048828  9.1631e+05       12958
**** Number of members in clusters (global):
N_members:            1           2           3           4           5           6
Count    :       983.41      6.6924     0.66748     0.19385    0.083008   0.0019531

Time: 38.5  N_real(loc): 1000  N_real(glb): 1000  N_all(loc): 1024  N_all(glb): 1024  N_remove(glb): 0  N_escape(glb): 0
Energy:     Error/Total         Error     Error_cum         Total       Kinetic     Potential        Modify  Modify_group Modify_single      Error_PP  Error_PP_cum
Physic:     -0.00232132       5.28666      449.3803     -2277.437      3241.718     -5519.155      407.3762             0             0 -2.358388e-06     0.8223838
Slowdown:  -0.002465439       5.29202      449.2312     -2146.482       3200.54     -5347.021       1691.02             0             0  -2.35706e-06     0.7629007
Angular Momentum:  |L|err: 1.610321  |L|err_cum: 55.95566  L: 138.1684   13.42811    94.45982  |L|: 167.9091
C.M.: mass: 1900 pos: 0.2435614   -0.2710574    0.3392674 vel: 0.03505197   -0.1194951    0.01037298
Tree step number: 2048
**** Wallclock time per step (local): [Min/Max]
 Total       PP_single   PP_cluster  PP_cross    Tree_NB     Tree_Force  Force_corr  Kick        FindCluster CreateGroup MPI_comm    Output      Status      Other      
   0.0020209   2.292e-05  7.6257e-05           0  0.00034582   0.0014916  4.5279e-05  2.2619e-05  4.0124e-05  3.2929e-05  1.9263e-06   4.218e-06  4.0312e-09  6.2527e-06
   0.0020209  2.2956e-05  7.6313e-05           0  0.00033886   0.0014272  4.5336e-05  2.2654e-05  4.0177e-05  3.2952e-05  1.9586e-06  4.2183e-06  4.0508e-09  6.3467e-06
**** FDPS tree soft force time profile (local):
 Sample_ptcl Domain_deco Ex_ptcl     SetRootCell Make_LT     Make_LET    Make_GT     Make_Group  Make_I_list Calc_force  Write_back 
           0           0           0  2.1283e-05  0.00030468  3.3014e-05  0.00021726  3.0216e-06  7.1673e-05  0.00065855  0.00013072
**** Tree neighbor time profile (local):
 Sample_ptcl Domain_deco Ex_ptcl     SetRootCell Make_LT     Make_LET    Make_GT     Make_Group  Make_I_list Calc_force  Write_back 
           0           0           0  7.5939e-06  0.00012953  1.9035e-05  9.8045e-05   6.489e-07  1.7759e-05   4.901e-05  1.4479e-05
**** Number per step (global):
 PP_single   PP_cluster  PP_cross    Cluster     Cross       AR_step_sum
      983.33      16.673           0      7.6426           0      29.128
 AR_tsyn_sum Stab_Ngroup Iso_Ngroup  Form_Ngroup End_Ngroup  Modf_Ngroup Merg_Ngroup H4_step_sum H4_no_NB    Ep-Ep_sum   Ep-Sp_sum  
     0.16797           2           0    0.010742   0.0019531           0           0      68.464   0.0073242  9.1265e+05       14523
**** Number of members in clusters (global):
N_members:            1           2           3           4           5           7
Count    :       983.33      6.4761     0.97266     0.16797    0.024902  0.00097656

Time: 39  N_real(loc): 1000  N_real(glb): 1000  N_all(loc): 1024  N_all(glb): 1024  N_remove(glb): 0  N_escape(glb): 0
Energy:     Error/Total         Error     Error_cum         Total       Kinetic     Potential        Modify  Modify_group Modify_single      Error_PP  Error_PP_cum
Physic:    -0.001618362      3.677784      453.0581     -2272.535      2922.478     -5195.012      408.6007             0             0 -4.138884e-06     0.8223796
Slowdown:  -0.001716405      3.675817      452.9071     -2141.579      2881.308     -5022.888      1823.201             0             0 -4.133396e-06     0.7628966
Angular Momentum:  |L|err: 1.291305  |L|err_cum: 57.24697  L: 139.1573   14.44735    94.61967  |L|: 168.8975
C.M.: mass: 1900 pos: 0.2882093   -0.3301089    0.3605161 vel: 0.10412   -0.09569884    0.06963542
Tree step number: 2048
**** Wallclock time per step (local): [Min/Max]
 Total       PP_single   PP_cluster  PP_cross    Tree_NB     Tree_Force  Force_corr  Kick        FindCluster CreateGroup MPI_comm    Output      Status      Other      
   0.0021643  2.5439e-05  8.2952e-05           0  0.00034601      0.0016  5.1886e-05  2.1845e-05  4.9405e-05  3.6246e-05  2.0905e-06   3.414e-06  3.9087e-09  4.4278e-06
   0.0021644  2.5475e-05  8.3003e-05           0  0.00034011   0.0015438  5.1944e-05   2.188e-05  4.9467e-05  3.6268e-05  2.1668e-06  3.4142e-06  3.9331e-09  4.5247e-06
**** FDPS tree soft force time profile (local):
 Sample_ptcl Domain_deco Ex_ptcl     SetRootCell Make_LT     Make_LET    Make_GT     Make_Group  Make_I_list Calc_force  Write_back 
           0           0           0   1.535e-05   0.0003029  4.2342e-05  0.00022338  3.1806e-06  7.3596e-05  0.00077053  0.00011452
**** Tree neighbor time profile (local):
 Sample_ptcl Domain_deco Ex_ptcl     SetRootCell Make_LT     Make_LET    Make_GT     Make_Group  Make_I_list Calc_force  Write_back 
           0           0           0  9.7039e-06  0.00012249  1.6759e-05  8.9243e-05  6.4394e-07  2.0399e-05  6.5466e-05   1.232e-05
**** Number per step (global):
 PP_single   PP_cluster  PP_cross    Cluster     Cross       AR_step_sum
      981.32      18.675           0      7.9395           0      29.881
 AR_tsyn_sum Stab_Ngroup Iso_Ngroup  Form_Ngroup End_Ngroup  Modf_Ngroup Merg_Ngroup H4_step_sum H4_no_NB    Ep-Ep_sum   Ep-Sp_sum  
     0.46191           2           0    0.025879   0.0058594           0           0      82.018    0.049316   9.009e+05       17753
**** Number of members in clusters (global):
N_members:            1           2           3           4           5           6           7           8           9          10
Count    :       981.32      6.3433      1.0215      0.2793     0.15967    0.041016    0.022461    0.054688   0.0078125   0.0097656

Time: 39.5  N_real(loc): 1000  N_real(glb): 1000  N_all(loc): 1024  N_all(glb): 1024  N_remove(glb): 0  N_escape(glb): 0
Energy:     Error/Total         Error     Error_cum         Total       Kinetic     Potential        Modify  Modify_group Modify_single      Error_PP  Error_PP_cum
Physic:      -0.0011995      2.721468      455.7796     -2268.835      3051.965       -5320.8      409.5784             0             0 -3.064131e-06     0.8223766
Slowdown:  -0.001272519      2.720494      455.6276      -2137.88      3010.805     -5148.685      1955.135             0             0 -3.065085e-06     0.7628935
Angular Momentum:  |L|err: 1.083299  |L|err_cum: 58.33027  L: 139.9953   15.29299    94.75632  |L|: 169.739
C.M.: mass: 1900 pos: 0.3374587   -0.3528377    0.3786402 vel: 0.09415262   -0.04782512    0.007462298
Tree step number: 2048
**** Wallclock time per step (local): [Min/Max]
 Total       PP_single   PP_cluster  PP_cross    Tree_NB     Tree_Force  Force_corr  Kick        FindCluster CreateGroup MPI_comm    Output      Status      Other      
   0.0018661  2.2749e-05   6.932e-05           0  0.00030698   0.0013883  3.4949e-05  1.8167e-05   3.392e-05  2.5895e-05  1.4634e-06  3.6984e-06  3.2676e-09  3.9486e-06
   0.0018661  2.2871e-05  6.9371e-05           0  0.00030365    0.001346  3.5005e-05  1.8202e-05  3.3972e-05  2.5917e-05  1.4963e-06  3.6986e-06  3.2871e-09  4.0386e-06
**** FDPS tree soft force time profile (local):
 Sample_ptcl Domain_deco Ex_ptcl     SetRootCell Make_LT     Make_LET    Make_GT     Make_Group  Make_I_list Calc_force  Write_back 
           0           0           0  2.9939e-05  0.00026395  3.6484e-05  0.00020748  3.7581e-06  6.2733e-05  0.00066365  8.6321e-05
**** Tree neighbor time profile (local):
 Sample_ptcl Domain_deco Ex_ptcl     SetRootCell Make_LT     Make_LET    Make_GT     Make_Group  Make_I_list Calc_force  Write_back 
           0           0           0  5.8622e-06  0.00010781   1.974e-05  8.5832e-05  7.3519e-07  1.5061e-05  5.3371e-05  7.0721e-06
**** Number per step (global):
 PP_single   PP_cluster  PP_cross    Cluster     Cross       AR_step_sum
      982.09      17.911           0      7.9458           0      28.878
 AR_tsyn_sum Stab_Ngroup Iso_Ngroup  Form_Ngroup End_Ngroup  Modf_Ngroup Merg_Ngroup H4_step_sum H4_no_NB    Ep-Ep_sum   Ep-Sp_sum  
     0.12549           2           0    0.012695   0.0029297           0           0      72.691    0.024902  8.9402e+05       19102
**** Number of members in clusters (global):
N_members:            1           2           3           4           5           6
Count    :       982.09      6.5786     0.86816     0.37109     0.10254    0.025391

Time: 40  N_real(loc): 1000  N_real(glb): 1000  N_all(loc): 1024  N_all(glb): 1024  N_remove(glb): 0  N_escape(glb): 0
Energy:     Error/Total         Error     Error_cum         Total       Kinetic     Potential        Modify  Modify_group Modify_single      Error_PP  Error_PP_cum
Physic:   -0.0009289367        2.1049      457.8845     -2265.924      2795.107     -5061.031      410.3845             0             0 -2.940562e-06     0.8223736
Slowdown: -0.0009866406      2.106447       457.734     -2134.969      2753.956     -4888.925      2086.895             0             0 -2.940868e-06     0.7628906
Angular Momentum:  |L|err: 0.9367424  |L|err_cum: 59.26701  L: 140.7289   16.01492    94.8726  |L|: 170.4755
C.M.: mass: 1900 pos: 0.3810784   -0.3728429    0.4040541 vel: 0.08645591   -0.09968363    0.02601736
Tree step number: 2048
**** Wallclock time per step (local): [Min/Max]
 Total       PP_single   PP_cluster  PP_cross    Tree_NB     Tree_Force  Force_corr  Kick        FindCluster CreateGroup MPI_comm    Output      Status      Other      
   0.0021629  3.8819e-05  8.2086e-05           0  0.00035303   0.0015731  4.5876e-05  3.4472e-05  4.9567e-05  3.9944e-05  2.3214e-06  3.1004e-06  3.6201e-09  5.4233e-06
   0.0021629  3.8856e-05  8.2137e-05           0  0.00034851   0.0015102  4.5946e-05  3.4509e-05  4.9625e-05  3.9986e-05  2.3539e-06  3.1006e-06  3.6401e-09  5.5559e-06
**** FDPS tree soft force time profile (local):
 Sample_ptcl Domain_deco Ex_ptcl     SetRootCell Make_LT     Make_LET    Make_GT     Make_Group  Make_I_list Calc_force  Write_back 
           0           0           0  2.2486e-05  0.00033948  3.3308e-05  0.00022137  2.9217e-06  6.6082e-05  0.00071504  0.00012765
**** Tree neighbor time profile (local):
 Sample_ptcl Domain_deco Ex_ptcl     SetRootCell Make_LT     Make_LET    Make_GT     Make_Group  Make_I_list Calc_force  Write_back 
           0           0           0   6.465e-06  0.00012481  1.9476e-05   0.0001057  8.2829e-07  1.5038e-05  5.7546e-05  9.5018e-06
**** Number per step (global):
 PP_single   PP_cluster  PP_cross    Cluster     Cross       AR_step_sum
      979.42      20.583           0      7.6309           0      28.874
 AR_tsyn_sum Stab_Ngroup Iso_Ngroup  Form_Ngroup End_Ngroup  Modf_Ngroup Merg_Ngroup H4_step_sum H4_no_NB    Ep-Ep_sum   Ep-Sp_sum  
     0.12549           2           0   0.0078125   0.0014648           0           0      94.737     0.11182  8.9056e+05       22065
**** Number of members in clusters (global):
N_members:            1           2           3           4           5           6           7           8           9          10          11          12
Count    :       979.42      5.7568     0.74023     0.42578     0.20508    0.080078     0.16406    0.097656    0.040039    0.043945    0.033203    0.032227
N_members:           13          14          15
Count    :    0.0068359   0.0039062  0.00097656

Time: 40.5  N_real(loc): 1000  N_real(glb): 1000  N_all(loc): 1024  N_all(glb): 1024  N_remove(glb): 0  N_escape(glb): 0
Energy:     Error/Total         Error     Error_cum         Total       Kinetic     Potential        Modify  Modify_group Modify_single      Error_PP  Error_PP_cum
Physic:    -0.000731787      1.656462      459.5409     -2263.586      3078.111     -5341.696       411.067             0             0 -2.301298e-05     0.8223506
Slowdown: -0.0007764269      1.655832      459.3898      -2132.63      3036.969       -5169.6      2218.533             0             0   -2.3013e-05     0.7628676
Angular Momentum:  |L|err: 0.8246201  |L|err_cum: 60.09163  L: 141.3847   16.64086    94.97008  |L|: 171.1312
C.M.: mass: 1900 pos: 0.4293652   -0.4263923    0.4452144 vel: 0.1113464   -0.1173066    0.06599035
Tree step number: 2048
**** Wallclock time per step (local): [Min/Max]
 Total       PP_single   PP_cluster  PP_cross    Tree_NB     Tree_Force  Force_corr  Kick        FindCluster CreateGroup MPI_comm    Output      Status      Other      
   0.0021566  2.6701e-05  0.00011112           0  0.00036446   0.0015505  4.7439e-05  2.1958e-05  4.9576e-05  3.1281e-05  3.4445e-06  4.7779e-06  3.4146e-09  7.0546e-06
   0.0021567  2.6746e-05  0.00011122           0  0.00035787   0.0014932  4.7517e-05  2.1992e-05  4.9637e-05  3.1304e-05  3.4769e-06  4.7782e-06  3.4292e-09  7.1477e-06
**** FDPS tree soft force time profile (local):
 Sample_ptcl Domain_deco Ex_ptcl     SetRootCell Make_LT     Make_LET    Make_GT     Make_Group  Make_I_list Calc_force  Write_back 
           0           0           0  2.0482e-05  0.00028431   4.296e-05  0.00023368   4.338e-06  6.7562e-05  0.00072422  0.00011648
**** Tree neighbor time profile (local):
 Sample_ptcl Domain_deco Ex_ptcl     SetRootCell Make_LT     Make_LET    Make_GT     Make_Group  Make_I_list Calc_force  Write_back 
           0           0           0  8.8686e-06  0.00012802  1.9077e-05  9.8724e-05  7.2512e-07  1.4277e-05  7.0811e-05  1.3706e-05
**** Number per step (global):
 PP_single   PP_cluster  PP_cross    Cluster     Cross       AR_step_sum
      976.44      23.562           0       8.813           0      36.765
 AR_tsyn_sum Stab_Ngroup Iso_Ngroup  Form_Ngroup End_Ngroup  Modf_Ngroup Merg_Ngroup H4_step_sum H4_no_NB    Ep-Ep_sum   Ep-Sp_sum  
      2.8057           2           0     0.19727    0.047363           0           0      125.73     0.21387  9.0257e+05       17450
**** Number of members in clusters (global):
N_members:            1           2           3           4           5           6           7           8           9          10          11          13
Count    :       976.44       6.542      1.0664     0.45264     0.27441    0.086914     0.19531    0.066406    0.013672    0.022461   0.0087891    0.014648
N_members:           14          15          16
Count    :     0.030273   0.0068359    0.032227

Time: 41  N_real(loc): 1000  N_real(glb): 1000  N_all(loc): 1024  N_all(glb): 1024  N_remove(glb): 0  N_escape(glb): 0
Energy:     Error/Total         Error     Error_cum         Total       Kinetic     Potential        Modify  Modify_group Modify_single      Error_PP  Error_PP_cum
Physic:   -0.0005980714      1.352624      460.8936     -2261.643       2790.51     -5052.153      411.6564             0             0 -7.837029e-06     0.8223428
Slowdown: -0.0006345808      1.352094      460.7419     -2130.688      2749.378     -4880.066      2350.078             0             0 -7.833976e-06     0.7628597
Angular Momentum:  |L|err: 0.7305346  |L|err_cum: 60.82216  L: 141.9729   17.18824    95.05237  |L|: 171.7169
C.M.: mass: 1900 pos: 0.4602469   -0.4659669    0.4885084 vel: 0.07378074   -0.07758468    0.06684058
Tree step number: 2048
**** Wallclock time per step (local): [Min/Max]
 Total       PP_single   PP_cluster  PP_cross    Tree_NB     Tree_Force  Force_corr  Kick        FindCluster CreateGroup MPI_comm    Output      Status      Other      
   0.0026056  3.6327e-05  0.00010013           0  0.00045451   0.0018808  6.8959e-05   4.434e-05  6.3409e-05  4.5557e-05  3.2922e-06  3.3687e-06  3.7524e-09  7.5284e-06
   0.0026057  3.6365e-05  0.00010018           0   0.0004414    0.001789   6.903e-05  4.4377e-05  6.3483e-05  4.5581e-05  3.3245e-06  3.3689e-06   3.772e-09  7.6415e-06
**** FDPS tree soft force time profile (local):
 Sample_ptcl Domain_deco Ex_ptcl     SetRootCell Make_LT     Make_LET    Make_GT     Make_Group  Make_I_list Calc_force  Write_back 
           0           0           0  4.1408e-05  0.00036561  4.9261e-05  0.00025601  3.4096e-06  6.9682e-05  0.00085113   0.0001858
**** Tree neighbor time profile (local):
 Sample_ptcl Domain_deco Ex_ptcl     SetRootCell Make_LT     Make_LET    Make_GT     Make_Group  Make_I_list Calc_force  Write_back 
           0           0           0  2.2567e-05  0.00017839  2.5561e-05  0.00011151  8.4944e-07  1.5296e-05  7.2104e-05  2.6749e-05
**** Number per step (global):
 PP_single   PP_cluster  PP_cross    Cluster     Cross       AR_step_sum
       979.9      20.105           0      7.3896           0      31.876
 AR_tsyn_sum Stab_Ngroup Iso_Ngroup  Form_Ngroup End_Ngroup  Modf_Ngroup Merg_Ngroup H4_step_sum H4_no_NB    Ep-Ep_sum   Ep-Sp_sum  
      1.1626           2           0    0.082031     0.01709           0           0      97.326     0.15869  8.9827e+05       15784
**** Number of members in clusters (global):
N_members:            1           2           3           4           5           6           7           8           9          10          11          12
Count    :        979.9      5.7285     0.63525       0.229      0.2334    0.088867     0.19629     0.11328    0.054688    0.023438    0.013672    0.036133
N_members:           13          14          15          16          17
Count    :     0.012695   0.0039062    0.013672   0.0058594  0.00097656

Time: 41.5  N_real(loc): 1000  N_real(glb): 1000  N_all(loc): 1024  N_all(glb): 1024  N_remove(glb): 0  N_escape(glb): 0
Energy:     Error/Total         Error     Error_cum         Total       Kinetic     Potential        Modify  Modify_group Modify_single      Error_PP  Error_PP_cum
Physic:    -0.000507385       1.14668      462.0402     -2259.979      2976.081      -5236.06       412.174             0             0 -4.719256e-06      0.822338
Slowdown: -0.0005390705      1.147694      461.8896     -2129.024      2934.958     -5063.982       2481.55             0             0 -4.710002e-06      0.762855
Angular Momentum:  |L|err: 0.6419588  |L|err_cum: 61.46412  L: 142.495   17.66397    95.12216  |L|: 172.2355
C.M.: mass: 1900 pos: 0.4920034   -0.5088663    0.5119812 vel: 0.07371621   -0.1241705    0.03772723
Tree step number: 2048
**** Wallclock time per step (local): [Min/Max]
 Total       PP_single   PP_cluster  PP_cross    Tree_NB     Tree_Force  Force_corr  Kick        FindCluster CreateGroup MPI_comm    Output      Status      Other      
   0.0021963  1.9848e-05  7.5193e-05           0  0.00037885   0.0016236  3.0272e-05  1.9012e-05  4.5475e-05  3.1148e-05   3.869e-06  5.0716e-06  3.2388e-09   4.236e-06
   0.0021964  1.9883e-05  7.5241e-05           0  0.00037494    0.001585  3.0327e-05  1.9046e-05  4.5534e-05  3.1171e-05  3.9012e-06  5.0718e-06  3.2534e-09  4.3389e-06
**** FDPS tree soft force time profile (local):
 Sample_ptcl Domain_deco Ex_ptcl     SetRootCell Make_LT     Make_LET    Make_GT     Make_Group  Make_I_list Calc_force  Write_back 
           0           0           0  3.0327e-05  0.00028834  4.0056e-05  0.00021482  4.0461e-06  7.1356e-05  0.00078257  7.9285e-05
**** Tree neighbor time profile (local):
 Sample_ptcl Domain_deco Ex_ptcl     SetRootCell Make_LT     Make_LET    Make_GT     Make_Group  Make_I_list Calc_force  Write_back 
           0           0           0  1.7857e-05  0.00011998  1.8948e-05  9.6428e-05  7.5209e-07  1.5925e-05  6.7345e-05  8.2658e-06
**** Number per step (global):
 PP_single   PP_cluster  PP_cross    Cluster     Cross       AR_step_sum
      980.44      19.565           0      7.8755           0      28.994
 AR_tsyn_sum Stab_Ngroup Iso_Ngroup  Form_Ngroup End_Ngroup  Modf_Ngroup Merg_Ngroup H4_step_sum H4_no_NB    Ep-Ep_sum   Ep-Sp_sum  
     0.16455           2           0    0.014648   0.0039062           0           0      89.894     0.17627  8.9923e+05       17254
**** Number of members in clusters (global):
N_members:            1           2           3           4           5           6           7           8          12          13
Count    :       980.44      6.0513     0.95166     0.34277      0.2207     0.19043    0.080078   0.0087891    0.027832   0.0019531

Time: 42  N_real(loc): 1000  N_real(glb): 1000  N_all(loc): 1024  N_all(glb): 1024  N_remove(glb): 0  N_escape(glb): 0
Energy:     Error/Total         Error     Error_cum         Total       Kinetic     Potential        Modify  Modify_group Modify_single      Error_PP  Error_PP_cum
Physic:   -0.0004404025     0.9946598      463.0349     -2258.524       2986.01     -5244.534      412.6341             0             0 -6.759035e-06     0.8223313
Slowdown: -0.0004672422     0.9940903      462.8837     -2127.569      2944.896     -5072.465      2612.966             0             0 -6.757282e-06     0.7628483
Angular Momentum:  |L|err: 0.57842  |L|err_cum: 62.04254  L: 142.9678   18.08983    95.18492  |L|: 172.7056
C.M.: mass: 1900 pos: 0.5512595   -0.5608569    0.547603 vel: 0.1239506   -0.1070144    0.002311349
Tree step number: 2048
**** Wallclock time per step (local): [Min/Max]
 Total       PP_single   PP_cluster  PP_cross    Tree_NB     Tree_Force  Force_corr  Kick        FindCluster CreateGroup MPI_comm    Output      Status      Other      
   0.0029132  4.5877e-05  9.3641e-05           0  0.00052703    0.002091  7.3048e-05  3.8725e-05  5.6601e-05  4.3551e-05    5.75e-06  3.5735e-06  4.8926e-09  6.8591e-06
   0.0029133  4.5941e-05  9.3693e-05           0   0.0005211   0.0020222  7.3135e-05  3.8762e-05  5.6662e-05  4.3577e-05  5.7834e-06  3.5738e-06  4.9121e-09  6.9751e-06
**** FDPS tree soft force time profile (local):
 Sample_ptcl Domain_deco Ex_ptcl     SetRootCell Make_LT     Make_LET    Make_GT     Make_Group  Make_I_list Calc_force  Write_back 
           0           0           0  5.0253e-05  0.00042635  4.0867e-05   0.0002912  4.1678e-06  7.7841e-05  0.00092424  0.00013969
**** Tree neighbor time profile (local):
 Sample_ptcl Domain_deco Ex_ptcl     SetRootCell Make_LT     Make_LET    Make_GT     Make_Group  Make_I_list Calc_force  Write_back 
           0           0           0  3.1913e-05  0.00020438  2.4275e-05  0.00013188   7.441e-07  1.6336e-05   6.783e-05  1.2581e-05
**** Number per step (global):
 PP_single   PP_cluster  PP_cross    Cluster     Cross       AR_step_sum
       981.2      18.798           0      7.2769           0      30.238
 AR_tsyn_sum Stab_Ngroup Iso_Ngroup  Form_Ngroup End_Ngroup  Modf_Ngroup Merg_Ngroup H4_step_sum H4_no_NB    Ep-Ep_sum   Ep-Sp_sum  
     0.59229           2           0    0.039551   0.0092773           0           0       87.07     0.26514  9.0014e+05       17956
**** Number of members in clusters (global):
N_members:            1           2           3           4           5           6           7           8           9          11          12
Count    :        981.2      5.4712     0.75488      0.3999     0.21484     0.31445     0.02832    0.053711    0.017578    0.019531   0.0024414

Time: 42.5  N_real(loc): 1000  N_real(glb): 1000  N_all(loc): 1024  N_all(glb): 1024  N_remove(glb): 0  N_escape(glb): 0
Energy:     Error/Total         Error     Error_cum         Total       Kinetic     Potential        Modify  Modify_group Modify_single      Error_PP  Error_PP_cum
Physic:   -0.0003679525     0.8305721      463.8655     -2257.281      3094.204     -5351.485      413.0473             0             0 -3.532338e-05      0.822296
Slowdown: -0.0003904899     0.8303086       463.714     -2126.326        3053.1     -5179.425      2744.335             0             0 -3.532339e-05     0.7628129
Angular Momentum:  |L|err: 0.5420443  |L|err_cum: 62.58459  L: 143.4102   18.48887    95.24752  |L|: 173.1485
C.M.: mass: 1900 pos: 0.5949302   -0.6132532    0.5773914 vel: 0.07897956   -0.1026918    0.01636318
Tree step number: 2048
**** Wallclock time per step (local): [Min/Max]
 Total       PP_single   PP_cluster  PP_cross    Tree_NB     Tree_Force  Force_corr  Kick        FindCluster CreateGroup MPI_comm    Output      Status      Other      
   0.0024958  2.5995e-05  9.3551e-05           0  0.00044368   0.0018283  3.9258e-05  1.9599e-05  4.9527e-05  3.9197e-05  4.7289e-06  3.3441e-06  3.3853e-09  4.9112e-06
   0.0024958  2.6031e-05  9.3604e-05           0  0.00043859   0.0017748  3.9313e-05  1.9634e-05  4.9588e-05  3.9247e-05  4.7615e-06  3.3443e-06  3.3999e-09  5.0252e-06
**** FDPS tree soft force time profile (local):
 Sample_ptcl Domain_deco Ex_ptcl     SetRootCell Make_LT     Make_LET    Make_GT     Make_Group  Make_I_list Calc_force  Write_back 
           0           0           0  4.6017e-05  0.00033634  3.8396e-05  0.00025692  2.8504e-06  7.3794e-05  0.00082717  0.00011078
**** Tree neighbor time profile (local):
 Sample_ptcl Domain_deco Ex_ptcl     SetRootCell Make_LT     Make_LET    Make_GT     Make_Group  Make_I_list Calc_force  Write_back 
           0           0           0  2.6995e-05  0.00013811  1.9784e-05  0.00011417   7.354e-07  1.9095e-05  6.2877e-05  1.0679e-05
**** Number per step (global):
 PP_single   PP_cluster  PP_cross    Cluster     Cross       AR_step_sum
      980.37       19.63           0      7.8818           0      33.847
 AR_tsyn_sum Stab_Ngroup Iso_Ngroup  Form_Ngroup End_Ngroup  Modf_Ngroup Merg_Ngroup H4_step_sum H4_no_NB    Ep-Ep_sum   Ep-Sp_sum  
      1.7812           2           0     0.14014    0.040039           0           0       97.25     0.16455  9.1415e+05       14657
**** Number of members in clusters (global):
N_members:            1           2           3           4           5           6           7           8           9          10          13
Count    :       980.37      5.9155      1.1147     0.40869     0.18115    0.081055     0.10742    0.033203    0.019531    0.010742   0.0097656

Time: 43  N_real(loc): 1000  N_real(glb): 1000  N_all(loc): 1024  N_all(glb): 1024  N_remove(glb): 0  N_escape(glb): 0
Energy:     Error/Total         Error     Error_cum         Total       Kinetic     Potential        Modify  Modify_group Modify_single      Error_PP  Error_PP_cum
Physic:   -0.0003235011     0.7298759      464.5953     -2256.178      2609.722       -4865.9      413.4206             0             0  -4.64265e-05     0.8222495
Slowdown: -0.0003436574     0.7303483      464.4444     -2125.222      2568.627     -4693.849      2875.663             0             0 -4.642724e-05     0.7627665
Angular Momentum:  |L|err: 0.5021125  |L|err_cum: 63.0867  L: 143.8217   18.85683    95.30738  |L|: 173.562
C.M.: mass: 1900 pos: 0.6407933   -0.6714535    0.5946196 vel: 0.07534574   -0.09682431    0.06254419
Tree step number: 2048
**** Wallclock time per step (local): [Min/Max]
 Total       PP_single   PP_cluster  PP_cross    Tree_NB     Tree_Force  Force_corr  Kick        FindCluster CreateGroup MPI_comm    Output      Status      Other      
   0.0022709  2.4239e-05  0.00011349           0  0.00037565   0.0016295  4.8855e-05  2.4699e-05  5.0495e-05  3.6826e-05  2.6139e-06  3.5839e-06  6.0024e-09  6.0024e-06
    0.002271  2.4276e-05  0.00011355           0  0.00037097   0.0015864  4.8914e-05  2.4735e-05  5.0564e-05  3.6853e-05  2.6464e-06  3.5841e-06  6.0171e-09  6.1211e-06
**** FDPS tree soft force time profile (local):
 Sample_ptcl Domain_deco Ex_ptcl     SetRootCell Make_LT     Make_LET    Make_GT     Make_Group  Make_I_list Calc_force  Write_back 
           0           0           0  3.9926e-05  0.00033114  3.8595e-05  0.00023486  2.8047e-06  6.7002e-05  0.00070734  8.8267e-05
**** Tree neighbor time profile (local):
 Sample_ptcl Domain_deco Ex_ptcl     SetRootCell Make_LT     Make_LET    Make_GT     Make_Group  Make_I_list Calc_force  Write_back 
           0           0           0  1.5172e-05  0.00011838  1.8644e-05  0.00010095  7.0079e-07  1.7896e-05  4.9999e-05  9.9505e-06
**** Number per step (global):
 PP_single   PP_cluster  PP_cross    Cluster     Cross       AR_step_sum
      981.74      18.258           0      7.3286           0      42.985
 AR_tsyn_sum Stab_Ngroup Iso_Ngroup  Form_Ngroup End_Ngroup  Modf_Ngroup Merg_Ngroup H4_step_sum H4_no_NB    Ep-Ep_sum   Ep-Sp_sum  
      4.8398           2           0     0.27539    0.061523           0           0      99.173     0.15967  9.1468e+05       14605
**** Number of members in clusters (global):
N_members:            1           2           3           4           5           6           7           8           9          10          11          12
Count    :       981.74      5.7314     0.66748     0.44287     0.28662    0.079102    0.033203    0.012695    0.026367    0.020508   0.0087891    0.013672
N_members:           13
Count    :    0.0058594

Time: 43.5  N_real(loc): 1000  N_real(glb): 1000  N_all(loc): 1024  N_all(glb): 1024  N_remove(glb): 0  N_escape(glb): 0
Energy:     Error/Total         Error     Error_cum         Total       Kinetic     Potential        Modify  Modify_group Modify_single      Error_PP  Error_PP_cum
Physic:   -0.0002790897     0.6294059      465.2247      -2255.21      2923.668     -5178.878       413.759             0             0 -1.933826e-05     0.8222302
Slowdown: -0.0002961939     0.6291913      465.0736     -2124.255      2882.583     -5006.837      3006.956             0             0 -1.933771e-05     0.7627472
Angular Momentum:  |L|err: 0.4290585  |L|err_cum: 63.51576  L: 144.167   19.17737    95.37486  |L|: 173.9203
C.M.: mass: 1900 pos: 0.6565526   -0.7212974    0.6245365 vel: 0.08770757   -0.08409932    0.04985627
Tree step number: 2048
**** Wallclock time per step (local): [Min/Max]
 Total       PP_single   PP_cluster  PP_cross    Tree_NB     Tree_Force  Force_corr  Kick        FindCluster CreateGroup MPI_comm    Output      Status      Other      
   0.0029095  3.8879e-05   0.0001015           0  0.00052186   0.0020861  7.1926e-05  4.9518e-05  5.8814e-05  4.6009e-05  3.7521e-06  3.2905e-06  4.4272e-09   6.628e-06
   0.0029096  3.8919e-05  0.00010159           0  0.00051516   0.0020108   7.199e-05  4.9555e-05  5.8886e-05  4.6038e-05  3.7846e-06  3.2907e-06  4.4419e-09  6.7735e-06
**** FDPS tree soft force time profile (local):
 Sample_ptcl Domain_deco Ex_ptcl     SetRootCell Make_LT     Make_LET    Make_GT     Make_Group  Make_I_list Calc_force  Write_back 
           0           0           0  0.00010051  0.00044422  4.7034e-05  0.00033446  8.9374e-06  9.5321e-05  0.00078989   0.0001527
**** Tree neighbor time profile (local):
 Sample_ptcl Domain_deco Ex_ptcl     SetRootCell Make_LT     Make_LET    Make_GT     Make_Group  Make_I_list Calc_force  Write_back 
           0           0           0  3.6002e-05  0.00018582  2.1395e-05   0.0001356  7.6093e-07  2.3651e-05  6.1492e-05  1.3972e-05
**** Number per step (global):
 PP_single   PP_cluster  PP_cross    Cluster     Cross       AR_step_sum
      978.12      21.881           0      8.1064           0      31.553
 AR_tsyn_sum Stab_Ngroup Iso_Ngroup  Form_Ngroup End_Ngroup  Modf_Ngroup Merg_Ngroup H4_step_sum H4_no_NB    Ep-Ep_sum   Ep-Sp_sum  
      1.0762           2           0    0.091309    0.022949           0           0      113.23     0.19287  9.1532e+05       15604
**** Number of members in clusters (global):
N_members:            1           2           3           4           5           6           7           8           9          10          11          12
Count    :       978.12      6.1323     0.70947     0.40283     0.31396     0.12598     0.18457    0.061523    0.066406    0.039062     0.06543   0.0048828

Time: 44  N_real(loc): 1000  N_real(glb): 1000  N_all(loc): 1024  N_all(glb): 1024  N_remove(glb): 0  N_escape(glb): 0
Energy:     Error/Total         Error     Error_cum         Total       Kinetic     Potential        Modify  Modify_group Modify_single      Error_PP  Error_PP_cum
Physic:   -0.0002563531     0.5779027      465.8027     -2254.323      2930.332     -5184.655      414.0676             0             0 -6.591745e-06     0.8222236
Slowdown: -0.0002724447     0.5785003      465.6521     -2123.368      2889.255     -5012.623       3138.22             0             0 -6.591126e-06     0.7627406
Angular Momentum:  |L|err: 0.4255066  |L|err_cum: 63.94126  L: 144.5223   19.48372    95.42443  |L|: 174.276
C.M.: mass: 1900 pos: 0.6925225   -0.763886    0.6613627 vel: 0.07026345   -0.1211585    0.05726141
Tree step number: 2048
**** Wallclock time per step (local): [Min/Max]
 Total       PP_single   PP_cluster  PP_cross    Tree_NB     Tree_Force  Force_corr  Kick        FindCluster CreateGroup MPI_comm    Output      Status      Other      
   0.0043718  6.2085e-05  0.00012357           0  0.00081089   0.0030675  0.00013213  0.00010595  0.00010457  8.1345e-05  4.1992e-06  4.9114e-06  4.0215e-09  1.2469e-05
   0.0043719  6.2127e-05  0.00012362           0  0.00079857   0.0029392  0.00013225  0.00010599  0.00010465  8.1378e-05  4.2324e-06  4.9116e-06   4.041e-09  1.2658e-05
**** FDPS tree soft force time profile (local):
 Sample_ptcl Domain_deco Ex_ptcl     SetRootCell Make_LT     Make_LET    Make_GT     Make_Group  Make_I_list Calc_force  Write_back 
           0           0           0  0.00015909  0.00076055  7.7693e-05  0.00043484  3.9167e-06  9.4119e-05   0.0010267  0.00025945
**** Tree neighbor time profile (local):
 Sample_ptcl Domain_deco Ex_ptcl     SetRootCell Make_LT     Make_LET    Make_GT     Make_Group  Make_I_list Calc_force  Write_back 
           0           0           0  8.9536e-05  0.00031733  3.0445e-05  0.00019937  8.1179e-07  2.1744e-05  6.5919e-05  2.6046e-05
**** Number per step (global):
 PP_single   PP_cluster  PP_cross    Cluster     Cross       AR_step_sum
      979.24      20.764           0      7.8921           0      30.528
 AR_tsyn_sum Stab_Ngroup Iso_Ngroup  Form_Ngroup End_Ngroup  Modf_Ngroup Merg_Ngroup H4_step_sum H4_no_NB    Ep-Ep_sum   Ep-Sp_sum  
      0.7002           2           0    0.048828    0.012207           0           0      100.09     0.12256  9.1426e+05       16671
**** Number of members in clusters (global):
N_members:            1           2           3           4           5           6           7           8           9          10          11          12
Count    :       979.24      6.1367     0.86475     0.34375     0.13135    0.095703    0.061523    0.022461    0.040039    0.073242    0.010742    0.044922
N_members:           13          14          15          17
Count    :      0.03125     0.01709    0.015625   0.0029297

Time: 44.5  N_real(loc): 1000  N_real(glb): 1000  N_all(loc): 1024  N_all(glb): 1024  N_remove(glb): 0  N_escape(glb): 0
Energy:     Error/Total         Error     Error_cum         Total       Kinetic     Potential        Modify  Modify_group Modify_single      Error_PP  Error_PP_cum
Physic:   -0.0002299577     0.5182146      466.3209     -2253.522      3158.627     -5412.149       414.351             0             0 -6.437907e-05     0.8221592
Slowdown:  -0.000244145      0.518214      466.1703     -2122.566       3117.56     -5240.126      3269.458             0             0 -6.437914e-05     0.7626762
Angular Momentum:  |L|err: 0.391572  |L|err_cum: 64.33284  L: 144.8548   19.76163    95.46895  |L|: 174.6074
C.M.: mass: 1900 pos: 0.714452   -0.8177217    0.7126311 vel: 0.09255904   -0.1310433    0.05955084
Tree step number: 2048
**** Wallclock time per step (local): [Min/Max]
 Total       PP_single   PP_cluster  PP_cross    Tree_NB     Tree_Force  Force_corr  Kick        FindCluster CreateGroup MPI_comm    Output      Status      Other      
   0.0034523  4.2471e-05  0.00017486           0  0.00065376   0.0023738  6.6294e-05  4.7824e-05  9.6257e-05  4.9753e-05  7.0936e-06  4.4978e-06  5.6211e-09  1.5403e-05
   0.0034523  4.2509e-05  0.00017492           0  0.00064746   0.0022979  6.6365e-05  4.7862e-05  9.6336e-05  4.9795e-05  7.1275e-06  4.4979e-06  5.6357e-09  1.5537e-05
**** FDPS tree soft force time profile (local):
 Sample_ptcl Domain_deco Ex_ptcl     SetRootCell Make_LT     Make_LET    Make_GT     Make_Group  Make_I_list Calc_force  Write_back 
           0           0           0   0.0001086  0.00056897  4.2275e-05  0.00036794  5.3088e-06  7.6199e-05  0.00082162  0.00015404
**** Tree neighbor time profile (local):
 Sample_ptcl Domain_deco Ex_ptcl     SetRootCell Make_LT     Make_LET    Make_GT     Make_Group  Make_I_list Calc_force  Write_back 
           0           0           0  5.4908e-05  0.00024644  2.8323e-05  0.00016304  3.5579e-06  1.8225e-05  5.2323e-05  1.3212e-05
**** Number per step (global):
 PP_single   PP_cluster  PP_cross    Cluster     Cross       AR_step_sum
      979.02      20.977           0      6.2915           0      62.907
 AR_tsyn_sum Stab_Ngroup Iso_Ngroup  Form_Ngroup End_Ngroup  Modf_Ngroup Merg_Ngroup H4_step_sum H4_no_NB    Ep-Ep_sum   Ep-Sp_sum  
      11.799           2           0     0.56494   0.0058594           0           0      105.87     0.20117  9.1439e+05       18344
**** Number of members in clusters (global):
N_members:            1           2           3           4           5           6           7           8           9          10          11          12
Count    :       979.02       4.187     0.71631     0.32666     0.19434     0.20898      0.1001     0.12402    0.072266    0.056641    0.024414     0.10742
N_members:           13          14          15          16
Count    :     0.068359    0.032715    0.048828    0.023438

Time: 45  N_real(loc): 1000  N_real(glb): 1000  N_all(loc): 1024  N_all(glb): 1024  N_remove(glb): 0  N_escape(glb): 0
Energy:     Error/Total         Error     Error_cum         Total       Kinetic     Potential        Modify  Modify_group Modify_single      Error_PP  Error_PP_cum
Physic:   -0.0002114147     0.4762718      466.7971     -2252.785      3312.615       -5565.4      414.6116             0             0  -4.10034e-06     0.8221551
Slowdown:  -0.000224286     0.4758967      466.6462      -2121.83      3271.557     -5393.386      3400.674             0             0 -4.101431e-06     0.7626721
Angular Momentum:  |L|err: 0.3644516  |L|err_cum: 64.69729  L: 145.1689   20.01678    95.50916  |L|: 174.9191
C.M.: mass: 1900 pos: 0.7467876   -0.8577879    0.7471837 vel: 0.1265267   -0.06067191    0.04876888
Tree step number: 2048
**** Wallclock time per step (local): [Min/Max]
 Total       PP_single   PP_cluster  PP_cross    Tree_NB     Tree_Force  Force_corr  Kick        FindCluster CreateGroup MPI_comm    Output      Status      Other      
    0.002781  2.6965e-05  0.00020571           0  0.00050505   0.0018618  5.2069e-05  2.3421e-05  8.7077e-05  3.8719e-05   5.967e-06  5.5809e-06  8.3413e-09  1.3712e-05
    0.002781  2.7001e-05  0.00020577           0   0.0004994   0.0018188  5.2128e-05  2.3464e-05  8.7165e-05   3.875e-05  6.0008e-06  5.5811e-06   8.356e-09  1.3955e-05
**** FDPS tree soft force time profile (local):
 Sample_ptcl Domain_deco Ex_ptcl     SetRootCell Make_LT     Make_LET    Make_GT     Make_Group  Make_I_list Calc_force  Write_back 
           0           0           0  6.4431e-05  0.00038328  4.0645e-05  0.00026345  3.2494e-06   6.317e-05  0.00073208  8.8181e-05
**** Tree neighbor time profile (local):
 Sample_ptcl Domain_deco Ex_ptcl     SetRootCell Make_LT     Make_LET    Make_GT     Make_Group  Make_I_list Calc_force  Write_back 
           0           0           0  3.8539e-05  0.00017219  2.1353e-05  0.00012824  1.2937e-06  1.9269e-05  4.3566e-05  1.1825e-05
**** Number per step (global):
 PP_single   PP_cluster  PP_cross    Cluster     Cross       AR_step_sum
      978.86      21.139           0      7.5425           0      89.317
 AR_tsyn_sum Stab_Ngroup Iso_Ngroup  Form_Ngroup End_Ngroup  Modf_Ngroup Merg_Ngroup H4_step_sum H4_no_NB    Ep-Ep_sum   Ep-Sp_sum  
      20.991           2           0      1.0181   0.0068359           0           0      103.33     0.13086  9.3052e+05       14074
**** Number of members in clusters (global):
N_members:            1           2           3           4           5           6           7           8           9          10          11          12
Count    :       978.86      5.0879      1.2144     0.45605     0.35059     0.13867     0.11084    0.021484   0.0097656    0.061523   0.0048828    0.016113
N_members:           13          14          15          16
Count    :    0.0048828    0.033203     0.03125  0.00097656

Time: 45.5  N_real(loc): 1000  N_real(glb): 1000  N_all(loc): 1024  N_all(glb): 1024  N_remove(glb): 0  N_escape(glb): 0
Energy:     Error/Total         Error     Error_cum         Total       Kinetic     Potential        Modify  Modify_group Modify_single      Error_PP  Error_PP_cum
Physic:   -8.037669e-05     0.1810374      466.9782     -2252.362      3123.843     -5376.204      414.8536             0             0 -0.0001541203      0.822001
Slowdown: -8.539882e-05     0.1811656      466.8273     -2121.406      3082.794       -5204.2      3531.871             0             0 -0.0001541218      0.762518
Angular Momentum:  |L|err: 0.3357736  |L|err_cum: 65.03306  L: 145.4639   20.24762    95.54364  |L|: 175.2093
C.M.: mass: 1900 pos: 0.8067117   -0.8845969    0.7792686 vel: 0.08736559   -0.04154427    0.01729851
Tree step number: 2048
**** Wallclock time per step (local): [Min/Max]
 Total       PP_single   PP_cluster  PP_cross    Tree_NB     Tree_Force  Force_corr  Kick        FindCluster CreateGroup MPI_comm    Output      Status      Other      
   0.0027471  2.6845e-05  0.00026556           0  0.00049382   0.0017766  4.5029e-05  2.3496e-05  9.6226e-05  4.2267e-05  8.2104e-06  5.1212e-06  8.7275e-09  1.1554e-05
   0.0027471  2.6881e-05  0.00026563           0  0.00048826   0.0017318  4.5094e-05  2.3532e-05  9.6307e-05  4.2314e-05   8.244e-06  5.1217e-06  8.7471e-09  1.1683e-05
**** FDPS tree soft force time profile (local):
 Sample_ptcl Domain_deco Ex_ptcl     SetRootCell Make_LT     Make_LET    Make_GT     Make_Group  Make_I_list Calc_force  Write_back 
           0           0           0  6.8504e-05  0.00034977  3.4656e-05  0.00026888  4.4767e-06  6.6328e-05  0.00070674  9.1436e-05
**** Tree neighbor time profile (local):
 Sample_ptcl Domain_deco Ex_ptcl     SetRootCell Make_LT     Make_LET    Make_GT     Make_Group  Make_I_list Calc_force  Write_back 
           0           0           0   4.616e-05   0.0001843  1.9725e-05  0.00011737  8.2164e-07  1.4359e-05  4.5978e-05  1.1626e-05
**** Number per step (global):
 PP_single   PP_cluster  PP_cross    Cluster     Cross       AR_step_sum
      978.19      21.808           0      6.4399           0      87.982
 AR_tsyn_sum Stab_Ngroup Iso_Ngroup  Form_Ngroup End_Ngroup  Modf_Ngroup Merg_Ngroup H4_step_sum H4_no_NB    Ep-Ep_sum   Ep-Sp_sum  
      20.738           2           0      0.7959    0.018066           0           0      127.27     0.11084  9.3331e+05       13371
**** Number of members in clusters (global):
N_members:            1           2           3           4           5           6           7           8           9          10          11          12
Count    :       978.19      4.5674     0.65527     0.22217     0.13672    0.045898     0.13135     0.10254    0.076172    0.058594     0.13477     0.07373
N_members:           13          14          15          16          17          18
Count    :     0.050781    0.080078    0.043945    0.022461   0.0039062     0.03418

Time: 46  N_real(loc): 1000  N_real(glb): 1000  N_all(loc): 1024  N_all(glb): 1024  N_remove(glb): 0  N_escape(glb): 0
Energy:     Error/Total         Error     Error_cum         Total       Kinetic     Potential        Modify  Modify_group Modify_single      Error_PP  Error_PP_cum
Physic:   -0.0002185209     0.4920316      467.4702     -2251.645      2890.763     -5142.408      415.0782             0             0 -0.0001326654     0.8218683
Slowdown: -0.0002320147     0.4920312      467.3194      -2120.69      2849.723     -4970.413      3663.051             0             0 -0.0001326646     0.7623853
Angular Momentum:  |L|err: 0.3140302  |L|err_cum: 65.34709  L: 145.7437   20.46053    95.57465  |L|: 175.4833
C.M.: mass: 1900 pos: 0.8525226   -0.9127345    0.814134 vel: 0.08508773   -0.03270099    0.04294452
Tree step number: 2048
**** Wallclock time per step (local): [Min/Max]
 Total       PP_single   PP_cluster  PP_cross    Tree_NB     Tree_Force  Force_corr  Kick        FindCluster CreateGroup MPI_comm    Output      Status      Other      
   0.0026049  3.2677e-05  0.00026947           0  0.00045481   0.0016669   5.358e-05  1.9358e-05  9.2344e-05  3.8948e-05  6.7009e-06  3.8573e-06  3.3267e-09  1.4088e-05
    0.002605  3.2715e-05  0.00026955           0  0.00044965   0.0016215  5.3638e-05  1.9404e-05  9.2444e-05  3.8977e-05  6.7351e-06  3.8576e-06  3.3413e-09  1.4221e-05
**** FDPS tree soft force time profile (local):
 Sample_ptcl Domain_deco Ex_ptcl     SetRootCell Make_LT     Make_LET    Make_GT     Make_Group  Make_I_list Calc_force  Write_back 
           0           0           0  3.5073e-05  0.00037614  3.8653e-05  0.00026295  3.9376e-06  6.4061e-05  0.00064264  9.2825e-05
**** Tree neighbor time profile (local):
 Sample_ptcl Domain_deco Ex_ptcl     SetRootCell Make_LT     Make_LET    Make_GT     Make_Group  Make_I_list Calc_force  Write_back 
           0           0           0  3.3158e-05  0.00016188  2.1327e-05  0.00011869  7.4337e-07  2.1676e-05  4.4015e-05  1.0871e-05
**** Number per step (global):
 PP_single   PP_cluster  PP_cross    Cluster     Cross       AR_step_sum
      979.12      20.876           0      5.9482           0       88.22
 AR_tsyn_sum Stab_Ngroup Iso_Ngroup  Form_Ngroup End_Ngroup  Modf_Ngroup Merg_Ngroup H4_step_sum H4_no_NB    Ep-Ep_sum   Ep-Sp_sum  
      20.451           2           0     0.87354     0.01709           0           0      118.29     0.15967  9.2664e+05       14191
**** Number of members in clusters (global):
N_members:            1           2           3           4           5           6           7           8           9          10          11          12
Count    :       979.12      4.3301     0.37012     0.16699     0.10205    0.089844    0.094238     0.19141    0.070312     0.10156     0.11035     0.13379
N_members:           13          14          15          16          17          18
Count    :     0.088867    0.018555    0.012695    0.036133    0.016602    0.014648

Time: 46.5  N_real(loc): 1000  N_real(glb): 1000  N_all(loc): 1024  N_all(glb): 1024  N_remove(glb): 0  N_escape(glb): 0
Energy:     Error/Total         Error     Error_cum         Total       Kinetic     Potential        Modify  Modify_group Modify_single      Error_PP  Error_PP_cum
Physic:   -0.0001642995      0.369849      467.8401     -2251.066      3165.196     -5416.261      415.2878             0             0 -0.0007396861     0.8211287
Slowdown: -0.0001744478     0.3698487      467.6892      -2120.11      3124.165     -5244.276      3794.216             0             0  -0.000739686     0.7616456
Angular Momentum:  |L|err: 0.2927685  |L|err_cum: 65.63986  L: 146.0085   20.65632    95.60329  |L|: 175.7417
C.M.: mass: 1900 pos: 0.8688238   -0.9391755    0.8651707 vel: 0.05140952   -0.06912207    0.1000891
Tree step number: 2048
**** Wallclock time per step (local): [Min/Max]
 Total       PP_single   PP_cluster  PP_cross    Tree_NB     Tree_Force  Force_corr  Kick        FindCluster CreateGroup MPI_comm    Output      Status      Other      
   0.0025326  2.7312e-05  0.00020164           0   0.0004478    0.001669  3.4422e-05  1.6446e-05  0.00010283  5.0729e-05  2.6122e-06    3.74e-06   4.897e-09  1.3625e-05
   0.0025327  2.7351e-05  0.00020172           0  0.00044501   0.0016314   3.448e-05  1.6548e-05  0.00010299  5.0761e-05  2.6448e-06  3.7402e-06  4.9116e-09  1.3756e-05
**** FDPS tree soft force time profile (local):
 Sample_ptcl Domain_deco Ex_ptcl     SetRootCell Make_LT     Make_LET    Make_GT     Make_Group  Make_I_list Calc_force  Write_back 
           0           0           0  4.5548e-05  0.00035908  4.4667e-05  0.00026126  3.7684e-06  7.2282e-05  0.00062036  7.6987e-05
**** Tree neighbor time profile (local):
 Sample_ptcl Domain_deco Ex_ptcl     SetRootCell Make_LT     Make_LET    Make_GT     Make_Group  Make_I_list Calc_force  Write_back 
           0           0           0  2.1001e-05  0.00014741  2.0811e-05  0.00011557  7.9439e-07  2.0612e-05  3.9397e-05   6.152e-06
**** Number per step (global):
 PP_single   PP_cluster  PP_cross    Cluster     Cross       AR_step_sum
      977.74      22.257           0      7.3408           0      93.348
 AR_tsyn_sum Stab_Ngroup Iso_Ngroup  Form_Ngroup End_Ngroup  Modf_Ngroup Merg_Ngroup H4_step_sum H4_no_NB    Ep-Ep_sum   Ep-Sp_sum  
      21.962           2           0      1.3413    0.041504           0           0      117.52     0.40967  9.3612e+05       10724
**** Number of members in clusters (global):
N_members:            1           2           3           4           5           6           7           8           9          10          11          12
Count    :       977.74      5.1265     0.85693     0.43701     0.23486     0.13574    0.043945    0.077148    0.086914    0.079102     0.11621    0.075195
N_members:           13          14          15          16
Count    :     0.025391    0.013672    0.019531    0.012695
Hard energy significant ! dE_SD: -0.288888 dE_SD/Etot_SD: 0.000422471
Thread: 1 Dump file: data.hard_large_energy_h4_n9_g1_t46.974365_M0_O1_c4_s1790684353
Hard energy significant ! dE_SD: -0.0876917 dE_SD/Etot_SD: 0.000157676
Thread: 1 Dump file: data.hard_large_energy_h4_n8_g1_t46.992920_M0_O1_c5_s1790684353
Hard energy significant ! dE_SD: -0.413627 dE_SD/Etot_SD: 0.000747037
Thread: 0 Dump file: data.hard_large_energy_h4_n8_g1_t46.993896_M0_O0_c6_s1790684353
Hard energy significant ! dE_SD: 0.255863 dE_SD/Etot_SD: -0.000394946
Thread: 2 Dump file: data.hard_large_energy_h4_n9_g1_t46.994873_M0_O2_c7_s1790684353
Hard energy significant ! dE_SD: 0.0968262 dE_SD/Etot_SD: -0.000149537
Thread: 0 Dump file: data.hard_large_energy_h4_n9_g1_t46.995361_M0_O0_c8_s1790684353

Time: 47  N_real(loc): 1000  N_real(glb): 1000  N_all(loc): 1036  N_all(glb): 1036  N_remove(glb): 0  N_escape(glb): 0
Energy:     Error/Total         Error     Error_cum         Total       Kinetic     Potential        Modify  Modify_group Modify_single      Error_PP  Error_PP_cum
Physic:    0.0001875829    -0.4231515      467.4169     -2255.811      3417.349      -5673.16      410.9658             0             0    -0.4853017     0.3358269
Slowdown:  0.0001992357    -0.4233471      467.2659     -2124.856      3376.328     -5501.183      3920.849             0             0    -0.4853017     0.2763439
Angular Momentum:  |L|err: 8.944546  |L|err_cum: 74.58441  L: 159.0251   20.10371    86.01274  |L|: 181.9103
C.M.: mass: 1900 pos: 0.8831988   -0.9532241    0.9271476 vel: 0.02522357   -0.03278511    0.08742659
Tree step number: 2048
**** Wallclock time per step (local): [Min/Max]
 Total       PP_single   PP_cluster  PP_cross    Tree_NB     Tree_Force  Force_corr  Kick        FindCluster CreateGroup MPI_comm    Output      Status      Other      
   0.0023048  1.7544e-05  0.00038216           0  0.00036647   0.0013801  3.0776e-05  1.0469e-05  9.1383e-05  3.6071e-05  3.4905e-06  5.3725e-06  4.8335e-09  1.0204e-05
   0.0023048  1.7579e-05  0.00038224           0  0.00036367   0.0013506   3.083e-05  1.0503e-05  9.1456e-05  3.6098e-05   3.523e-06  5.3726e-06  4.8579e-09   1.031e-05
**** FDPS tree soft force time profile (local):
 Sample_ptcl Domain_deco Ex_ptcl     SetRootCell Make_LT     Make_LET    Make_GT     Make_Group  Make_I_list Calc_force  Write_back 
           0           0           0  3.1509e-05  0.00028763  3.0399e-05  0.00021326    2.86e-06  6.0076e-05  0.00053748  6.0736e-05
**** Tree neighbor time profile (local):
 Sample_ptcl Domain_deco Ex_ptcl     SetRootCell Make_LT     Make_LET    Make_GT     Make_Group  Make_I_list Calc_force  Write_back 
           0           0           0  2.2168e-05  0.00012206  1.9535e-05  0.00010087  7.6465e-07  1.6472e-05  3.4445e-05  6.1469e-06
**** Number per step (global):
 PP_single   PP_cluster  PP_cross    Cluster     Cross       AR_step_sum
         979      20.999           0      6.8174           0      165.03
 AR_tsyn_sum Stab_Ngroup Iso_Ngroup  Form_Ngroup End_Ngroup  Modf_Ngroup Merg_Ngroup H4_step_sum H4_no_NB    Ep-Ep_sum   Ep-Sp_sum  
      45.725      2.0303           0      1.9009   0.0039062   0.0029297           0      102.85     0.51025   9.421e+05      9038.2
**** Number of members in clusters (global):
N_members:            1           2           3           4           5           6           7           8           9          10          11          12
Count    :          979       5.231     0.40771     0.15771     0.19238     0.13574    0.068359       0.104     0.13965    0.049805     0.17578     0.12598
N_members:           13          14
Count    :     0.014648    0.014648
Hard energy significant ! dE_SD: -0.0551775 dE_SD/Etot_SD: 0.000114273
Thread: 3 Dump file: data.hard_large_energy_h4_n6_g1_t47.158936_M0_O3_c9_s1790684355
Hard energy significant ! dE_SD: 0.0708295 dE_SD/Etot_SD: -0.000128297
Thread: 0 Dump file: data.hard_large_energy_h4_n8_g1_t47.261963_M0_O0_c10_s1790684356
Hard energy significant ! dE_SD: 0.0535519 dE_SD/Etot_SD: -0.000107042
Thread: 2 Dump file: data.hard_large_energy_h4_n6_g1_t47.404541_M0_O2_c11_s1790684358
Large H4-AR step cluster found (dump): step: 1100981
Thread: 2 Dump file: data.dump_large_step_h4_n5_g1_t47.409180_M0_O2_c12_s1790684361
Large AR step cluster found: total step: 1463407
Hard energy significant ! dE_SD: 13.1167 dE_SD/Etot_SD: -0.0252539
Hard energy significant ! dE_SD: -0.110712 dE_SD/Etot_SD: 0.000203404
Thread: 2 Dump file: data.hard_large_energy_h4_n5_g1_t47.422607_M0_O2_c13_s1790684362

Time: 47.5  N_real(loc): 1000  N_real(glb): 1000  N_all(loc): 1036  N_all(glb): 1036  N_remove(glb): 0  N_escape(glb): 0
Energy:     Error/Total         Error     Error_cum         Total       Kinetic     Potential        Modify  Modify_group Modify_single      Error_PP  Error_PP_cum
Physic:   -7.235137e-05     0.1647184      467.5816     -2276.645      3272.285      -5548.93      389.9666             0             0     0.5153143     0.8511412
Slowdown:  -0.008185795      13.28279      480.5487     -1622.663      2910.718     -4533.381      4540.714             0             0      13.63338      13.90973
Angular Momentum:  |L|err: 81.52346  |L|err_cum: 156.1079  L: 225.1464   -28.61515    -2.406822  |L|: 226.9703
C.M.: mass: 1900 pos: 0.8784832   -0.9823965    0.9918869 vel: 0.03138354   -0.07617606    0.08345859
Tree step number: 2048
**** Wallclock time per step (local): [Min/Max]
 Total       PP_single   PP_cluster  PP_cross    Tree_NB     Tree_Force  Force_corr  Kick        FindCluster CreateGroup MPI_comm    Output      Status      Other      
   0.0046392  2.3419e-05   0.0025021           0  0.00034269   0.0015615  4.0641e-05   1.618e-05  0.00012627  3.8927e-05  5.9044e-06  4.6313e-06  3.7373e-09  1.5682e-05
   0.0046393  2.3516e-05   0.0025022           0  0.00033874   0.0015238  4.0697e-05  1.6214e-05  0.00012636  3.8953e-05  5.9388e-06  4.6316e-06   3.752e-09  1.5794e-05
**** FDPS tree soft force time profile (local):
 Sample_ptcl Domain_deco Ex_ptcl     SetRootCell Make_LT     Make_LET    Make_GT     Make_Group  Make_I_list Calc_force  Write_back 
           0           0           0  1.9384e-05  0.00034617  3.8115e-05  0.00025803    5.49e-06  7.6537e-05  0.00060057   7.722e-05
**** Tree neighbor time profile (local):
 Sample_ptcl Domain_deco Ex_ptcl     SetRootCell Make_LT     Make_LET    Make_GT     Make_Group  Make_I_list Calc_force  Write_back 
           0           0           0  9.8635e-06   0.0001233   2.408e-05  0.00010019  7.3351e-07   1.696e-05  3.3466e-05  8.4147e-06
**** Number per step (global):
 PP_single   PP_cluster  PP_cross    Cluster     Cross       AR_step_sum
       981.6      18.404           0      6.5498           0      897.47
 AR_tsyn_sum Stab_Ngroup Iso_Ngroup  Form_Ngroup End_Ngroup  Modf_Ngroup Merg_Ngroup H4_step_sum H4_no_NB    Ep-Ep_sum   Ep-Sp_sum  
      50.486      2.9902           0    0.055176   0.0073242    0.031738           0      111.01     0.25439  9.6508e+05      9455.9
**** Number of members in clusters (global):
N_members:            1           2           3           4           5           6           7           8           9          10          11          12
Count    :        981.6      4.9604     0.52832     0.20898     0.13037     0.26855      0.1499     0.13135    0.056641     0.09082    0.016602   0.0029297
N_members:           13
Count    :    0.0048828
Hard energy significant ! dE_SD: -0.104114 dE_SD/Etot_SD: 0.000146858
Thread: 1 Dump file: data.hard_large_energy_h4_n6_g1_t47.610596_M0_O1_c14_s1790684364

Time: 48  N_real(loc): 1000  N_real(glb): 1000  N_all(loc): 1036  N_all(glb): 1036  N_remove(glb): 0  N_escape(glb): 0
Energy:     Error/Total         Error     Error_cum         Total       Kinetic     Potential        Modify  Modify_group Modify_single      Error_PP  Error_PP_cum
Physic:   -0.0006683679      1.519343       469.101     -2273.213      3139.598     -5412.811      391.8794             0             0    -0.0930788     0.7580624
Slowdown: -0.0009360778      1.515737      482.0644     -1619.242      2776.956     -4396.198      5196.602             0             0   -0.09898004      13.81075
Angular Momentum:  |L|err: 5.604351  |L|err_cum: 161.7122  L: 227.4321   -35.56908    -8.264875  |L|: 230.345
C.M.: mass: 1900 pos: 0.9179446   -1.040885    1.027213 vel: 0.09212316   -0.1208127    0.05495216
Tree step number: 2048
**** Wallclock time per step (local): [Min/Max]
 Total       PP_single   PP_cluster  PP_cross    Tree_NB     Tree_Force  Force_corr  Kick        FindCluster CreateGroup MPI_comm    Output      Status      Other      
   0.0021356  1.7294e-05   0.0002186           0  0.00032605   0.0014547  3.8387e-05  1.4417e-05    6.13e-05  3.2196e-05  4.6904e-06  3.3098e-06  4.9458e-09   8.681e-06
   0.0021357  1.7328e-05  0.00021866           0  0.00032313   0.0014104  3.8443e-05  1.4481e-05  6.1382e-05  3.2219e-05  4.7314e-06    3.31e-06  4.9653e-09  9.0352e-06
**** FDPS tree soft force time profile (local):
 Sample_ptcl Domain_deco Ex_ptcl     SetRootCell Make_LT     Make_LET    Make_GT     Make_Group  Make_I_list Calc_force  Write_back 
           0           0           0   2.572e-05  0.00031387  3.4637e-05  0.00024209  3.2416e-06   6.594e-05  0.00058891  9.0211e-05
**** Tree neighbor time profile (local):
 Sample_ptcl Domain_deco Ex_ptcl     SetRootCell Make_LT     Make_LET    Make_GT     Make_Group  Make_I_list Calc_force  Write_back 
           0           0           0  1.2267e-05  0.00011909  2.0014e-05  9.5189e-05  7.5132e-07  1.9705e-05  3.3912e-05   6.276e-06
**** Number per step (global):
 PP_single   PP_cluster  PP_cross    Cluster     Cross       AR_step_sum
      985.29       14.71           0      5.6509           0      88.572
 AR_tsyn_sum Stab_Ngroup Iso_Ngroup  Form_Ngroup End_Ngroup  Modf_Ngroup Merg_Ngroup H4_step_sum H4_no_NB    Ep-Ep_sum   Ep-Sp_sum  
      17.738           3           0    0.021484   0.0053711   0.0063477           0      60.193    0.090332  9.6956e+05        9733
**** Number of members in clusters (global):
N_members:            1           2           3           4           5           6           7           8           9          10          11          13
Count    :       985.29      4.3462     0.48096     0.30322     0.21924    0.095703    0.036621     0.12744   0.0087891    0.028809  0.00097656   0.0029297

Time: 48.5  N_real(loc): 1000  N_real(glb): 1000  N_all(loc): 1036  N_all(glb): 1036  N_remove(glb): 0  N_escape(glb): 0
Energy:     Error/Total         Error     Error_cum         Total       Kinetic     Potential        Modify  Modify_group Modify_single      Error_PP  Error_PP_cum
Physic:    -0.002268646      5.127054       474.228     -2259.962      3010.462     -5270.424      400.0035             0             0    0.01157516     0.7696376
Slowdown:  -0.003078047      5.119962      487.1844      -1663.38      2630.197     -4293.577      5801.315             0             0   0.006832436      13.81758
Angular Momentum:  |L|err: -4.501667  |L|err_cum: 157.2105  L: 230.6288   -21.18862    2.581876  |L|: 231.6144
C.M.: mass: 1900 pos: 0.9772499   -1.095311    1.051048 vel: 0.08200843   -0.1256984    0.05763864
Tree step number: 2048
**** Wallclock time per step (local): [Min/Max]
 Total       PP_single   PP_cluster  PP_cross    Tree_NB     Tree_Force  Force_corr  Kick        FindCluster CreateGroup MPI_comm    Output      Status      Other      
   0.0020693  1.8342e-05   0.0003085           0  0.00031222   0.0013094   2.965e-05  1.1377e-05  6.5777e-05  2.8657e-05  2.9464e-06  3.1403e-06  3.2236e-09  1.3874e-05
   0.0020693  1.8378e-05  0.00030859           0  0.00030858    0.001276  2.9707e-05  1.1411e-05   6.585e-05  2.8681e-05  2.9803e-06  3.1405e-06  3.2432e-09  1.3978e-05
**** FDPS tree soft force time profile (local):
 Sample_ptcl Domain_deco Ex_ptcl     SetRootCell Make_LT     Make_LET    Make_GT     Make_Group  Make_I_list Calc_force  Write_back 
           0           0           0   1.673e-05  0.00028499  3.3959e-05  0.00020701  3.2408e-06   7.011e-05  0.00055517  6.8469e-05
**** Tree neighbor time profile (local):
 Sample_ptcl Domain_deco Ex_ptcl     SetRootCell Make_LT     Make_LET    Make_GT     Make_Group  Make_I_list Calc_force  Write_back 
           0           0           0  9.2638e-06  0.00011458  1.6492e-05  9.4415e-05  7.6008e-07  1.9142e-05  3.3405e-05  7.7149e-06
**** Number per step (global):
 PP_single   PP_cluster  PP_cross    Cluster     Cross       AR_step_sum
      984.26      15.738           0      6.3369           0      126.39
 AR_tsyn_sum Stab_Ngroup Iso_Ngroup  Form_Ngroup End_Ngroup  Modf_Ngroup Merg_Ngroup H4_step_sum H4_no_NB    Ep-Ep_sum   Ep-Sp_sum  
      28.964           3           0     0.20361    0.051758    0.019531           0      83.578     0.15186   9.722e+05      9113.5
**** Number of members in clusters (global):
N_members:            1           2           3           4           5           6           7           8           9          10          11
Count    :       984.26      4.9062     0.75635     0.26807     0.14404       0.125    0.077637    0.011719   0.0039062    0.041992   0.0019531

Time: 49  N_real(loc): 1000  N_real(glb): 1000  N_all(loc): 1036  N_all(glb): 1036  N_remove(glb): 0  N_escape(glb): 0
Energy:     Error/Total         Error     Error_cum         Total       Kinetic     Potential        Modify  Modify_group Modify_single      Error_PP  Error_PP_cum
Physic:     0.001581514     -3.590699      470.6373     -2270.419      3667.603     -5938.022      393.1375             0             0   0.006518046     0.7761556
Slowdown:   0.002147637     -3.594787      483.5896     -1673.834      2821.358     -4495.192      6391.038             0             0   0.003709829      13.82129
Angular Momentum:  |L|err: -10.36315  |L|err_cum: 146.8474  L: 221.8805   -22.36084    8.255981  |L|: 223.1572
C.M.: mass: 1900 pos: 1.006191   -1.126344    1.084465 vel: 0.03617423   -0.06584888    0.0999849
Tree step number: 2048
**** Wallclock time per step (local): [Min/Max]
 Total       PP_single   PP_cluster  PP_cross    Tree_NB     Tree_Force  Force_corr  Kick        FindCluster CreateGroup MPI_comm    Output      Status      Other      
   0.0021976  2.1318e-05  0.00018828           0    0.000362   0.0015004  3.5658e-05  1.3378e-05  6.2771e-05  3.8778e-05  3.0193e-06  4.7885e-06  4.7646e-09  8.7168e-06
   0.0021977  2.1354e-05  0.00018834           0  0.00035866   0.0014596  3.5714e-05  1.3413e-05  6.2838e-05  3.8804e-05  3.0591e-06  4.7887e-06  4.7793e-09   8.896e-06
**** FDPS tree soft force time profile (local):
 Sample_ptcl Domain_deco Ex_ptcl     SetRootCell Make_LT     Make_LET    Make_GT     Make_Group  Make_I_list Calc_force  Write_back 
           0           0           0     2.2e-05  0.00030355  4.7588e-05  0.00021009  3.1956e-06  6.8536e-05  0.00065249  8.3587e-05
**** Tree neighbor time profile (local):
 Sample_ptcl Domain_deco Ex_ptcl     SetRootCell Make_LT     Make_LET    Make_GT     Make_Group  Make_I_list Calc_force  Write_back 
           0           0           0  1.4298e-05  0.00013225  2.2156e-05  9.3861e-05  6.9741e-07  2.0304e-05  4.3136e-05  7.1079e-06
**** Number per step (global):
 PP_single   PP_cluster  PP_cross    Cluster     Cross       AR_step_sum
      984.26      15.738           0      6.2612           0      90.541
 AR_tsyn_sum Stab_Ngroup Iso_Ngroup  Form_Ngroup End_Ngroup  Modf_Ngroup Merg_Ngroup H4_step_sum H4_no_NB    Ep-Ep_sum   Ep-Sp_sum  
      17.652           3           0     0.66553      0.1001   0.0043945           0      61.543     0.13623  9.8098e+05        6767
**** Number of members in clusters (global):
N_members:            1           2           3           4           5           6           7           8           9
Count    :       984.26      4.7573     0.63086     0.39941     0.19238     0.22461     0.03125    0.023438   0.0019531

Time: 49.5  N_real(loc): 1000  N_real(glb): 1000  N_all(loc): 1036  N_all(glb): 1036  N_remove(glb): 0  N_escape(glb): 0
Energy:     Error/Total         Error     Error_cum         Total       Kinetic     Potential        Modify  Modify_group Modify_single      Error_PP  Error_PP_cum
Physic:   -0.0006673899      1.513369      472.1507     -2267.594       2981.46     -5249.054      394.4488             0             0   -0.02532287     0.7508328
Slowdown: -0.0009455162      1.509973      485.0995     -1596.983       2687.65     -4284.633      7062.963             0             0   -0.02567382      13.79562
Angular Momentum:  |L|err: -2.573705  |L|err_cum: 144.2737  L: 221.5626   -17.40937    12.5902  |L|: 222.6019
C.M.: mass: 1900 pos: 1.035122   -1.147565    1.127737 vel: 0.03450032   -0.05441192    0.1085791
Tree step number: 2048
**** Wallclock time per step (local): [Min/Max]
 Total       PP_single   PP_cluster  PP_cross    Tree_NB     Tree_Force  Force_corr  Kick        FindCluster CreateGroup MPI_comm    Output      Status      Other      
   0.0023652  3.3335e-05  0.00021052           0  0.00036481   0.0016017  4.8685e-05  1.7592e-05  9.4147e-05  3.2096e-05  3.7221e-06  4.5885e-06  3.7178e-09  1.0721e-05
   0.0023652  3.3373e-05   0.0002106           0  0.00036008   0.0015465  4.8745e-05  1.7627e-05  9.4218e-05   3.212e-05  3.7789e-06  4.5886e-06  3.7324e-09  1.0837e-05
**** FDPS tree soft force time profile (local):
 Sample_ptcl Domain_deco Ex_ptcl     SetRootCell Make_LT     Make_LET    Make_GT     Make_Group  Make_I_list Calc_force  Write_back 
           0           0           0   2.553e-05  0.00031388  3.2617e-05  0.00025221  5.8486e-06  6.8762e-05  0.00070724  0.00011343
**** Tree neighbor time profile (local):
 Sample_ptcl Domain_deco Ex_ptcl     SetRootCell Make_LT     Make_LET    Make_GT     Make_Group  Make_I_list Calc_force  Write_back 
           0           0           0  1.7751e-05  0.00013995  1.5874e-05  9.7213e-05  6.9501e-07  2.0862e-05  5.1543e-05  9.9339e-06
**** Number per step (global):
 PP_single   PP_cluster  PP_cross    Cluster     Cross       AR_step_sum
      985.72      14.284           0      5.8813           0      108.61
 AR_tsyn_sum Stab_Ngroup Iso_Ngroup  Form_Ngroup End_Ngroup  Modf_Ngroup Merg_Ngroup H4_step_sum H4_no_NB    Ep-Ep_sum   Ep-Sp_sum  
      23.664           3           0     0.99902   0.0024414   0.0073242           0      46.061     0.71875  9.8407e+05      7462.8
**** Number of members in clusters (global):
N_members:            1           2           3           4           5           6           7           8          10
Count    :       985.72      4.6294     0.66895     0.21924     0.15576     0.13574    0.049805    0.012695   0.0097656

Time: 50  N_real(loc): 1000  N_real(glb): 1000  N_all(loc): 1036  N_all(glb): 1036  N_remove(glb): 0  N_escape(glb): 0
Energy:     Error/Total         Error     Error_cum         Total       Kinetic     Potential        Modify  Modify_group Modify_single      Error_PP  Error_PP_cum
Physic:   -7.250945e-05     0.1644995      472.3152     -2268.664      4151.711     -6420.375      393.2147             0             0    0.01325305     0.7640858
Slowdown: -0.0001021848     0.1632967      485.2628     -1598.053      2817.117      -4415.17      7732.341             0             0    0.01021382      13.80583
Angular Momentum:  |L|err: -10.86564  |L|err_cum: 133.4081  L: 211.405   -23.71918    16.61506  |L|: 213.3793
C.M.: mass: 1900 pos: 1.082586   -1.170972    1.189496 vel: 0.09643392   -0.07144256    0.1387735
Tree step number: 2048
**** Wallclock time per step (local): [Min/Max]
 Total       PP_single   PP_cluster  PP_cross    Tree_NB     Tree_Force  Force_corr  Kick        FindCluster CreateGroup MPI_comm    Output      Status      Other      
    0.001746  1.8888e-05  0.00013847           0  0.00027268   0.0012408  2.7726e-05   1.174e-05  3.4758e-05  2.2697e-05  1.7187e-06  4.5723e-06  4.4863e-09  4.1359e-06
   0.0017461  1.8924e-05  0.00013853           0  0.00026995   0.0012091  2.7782e-05  1.1774e-05  3.4814e-05   2.272e-05  1.7512e-06  4.5725e-06   4.501e-09    4.27e-06
**** FDPS tree soft force time profile (local):
 Sample_ptcl Domain_deco Ex_ptcl     SetRootCell Make_LT     Make_LET    Make_GT     Make_Group  Make_I_list Calc_force  Write_back 
           0           0           0  1.3739e-05  0.00022351  3.3218e-05  0.00017166  2.5492e-06  6.1029e-05  0.00061564  6.5146e-05
**** Tree neighbor time profile (local):
 Sample_ptcl Domain_deco Ex_ptcl     SetRootCell Make_LT     Make_LET    Make_GT     Make_Group  Make_I_list Calc_force  Write_back 
           0           0           0  6.4708e-06  0.00010094   1.671e-05   7.214e-05  6.9477e-07  1.3168e-05  4.3129e-05   5.892e-06
**** Number per step (global):
 PP_single   PP_cluster  PP_cross    Cluster     Cross       AR_step_sum
      985.49      14.505           0      6.5571           0       87.99
 AR_tsyn_sum Stab_Ngroup Iso_Ngroup  Form_Ngroup End_Ngroup  Modf_Ngroup Merg_Ngroup H4_step_sum H4_no_NB    Ep-Ep_sum   Ep-Sp_sum  
      15.669           3           0      1.0093   0.0029297   0.0043945           0      45.754      1.6641  9.8916e+05      6120.9
**** Number of members in clusters (global):
N_members:            1           2           3           4           5
Count    :       985.49      5.6489     0.48828     0.35693    0.062988
MemoryPool::finalize() is completed!
******** FDPS has successfully finished. ********
Info: removed 4 empty tmp file(s) on exit.
