     //==================================\\
     ||                                  ||
     || ::::::: ::::::. ::::::. .::::::. ||
     || ::      ::    : ::    : ::       ||
     || ::::::  ::    : ::::::'  `:::::. ||
     || ::      ::::::' ::      `......' ||
     ||     Framework for Developing     ||
     ||        Particle Simulator        ||
     ||     Version 8.0 (2025/09)       ||
     \\==================================//

       Home   : https://github.com/fdps/fdps 
       E-mail : fdps-support@mail.jmlab.jp
       Licence: MIT (see, https://github.com/FDPS/FDPS/blob/master/LICENSE)
       Note   : Please cite the following papers.
                - Iwasawa et al. (2016, Publications of the Astronomical Society of Japan, 68, 54)
                - Namekata et al. (2018, Publications of the Astronomical Society of Japan, 70, 70)
                - Iwasawa et al. (2020, Publications of the Astronomical Society of Japan, 72, 13)

       Copyright (C) 2015 
         Masaki Iwasawa, Ataru Tanikawa, Natsuki Hosono,
         Keigo Nitadori, Takayuki Muranushi, Daisuke Namekata,
         Kentaro Nomura, Junichiro Makino and many others
******** FDPS has successfully begun. ********

 ******************************************
  ██████╗ ███████╗████████╗ █████╗ ██████╗
  ██╔══██╗██╔════╝╚══██╔══╝██╔══██╗██╔══██╗
  ██████╔╝█████╗     ██║   ███████║██████╔╝
  ██╔═══╝ ██╔══╝     ██║   ██╔══██║██╔══██╗
  ██║     ███████╗   ██║   ██║  ██║██║  ██║
  ╚═╝     ╚══════╝   ╚═╝   ╚═╝  ╚═╝╚═╝  ╚═╝
 ******************************************
Version: 1762e_447e
============== PeTar ================
 Online document: (preparing)
 GitHub page: https://github.com/lwang-astro/PeTar
 License: MIT
 Please cite the following papers when you use PeTar for any publications
    FDPS: see above FPDS Logo message
    SDAR: Wang L., Nitadori K., Makino J., 2020, MNRAS, 493, 3398
    PeTar: Wang L., Iwasawa M., Nitadori K., Makino J., 2020, MNRAS, 497, 536
 Copyright (C) 2017
    Long Wang, Masaki Iwasawa, Keigo Nitadori, Junichiro Makino and many others
=====================================
Use quadrupole moment in tree force calculation
Use 3rd order tidal tensor method
Use Pseudoparticle multipole method
Use 4th-order KDKDK mode for tree step
Use orbit-dependent neighbor criterion
Check energy of short-range (hard) integration
Count isolated particles in hard clusters
Use SIMD
Calculate profile
Use AR TTL method
Use slowdown Tree method
Use slowdown timescale criterion
Print adjust group information
=====================================
Input data unit: 1
End time of simulation: 50
Output time interval for particle dataset snapshots: 0.5
Tree timestep (dt_soft): 0
Data file reading and writing format: 1
Reading data file name: input
----- Finish reading main options -----
----- Finish reading hard options -----
----- Parallelization information -----
MPI processors: 1
OMP threads:    4
----- Reading file: input -----
Number of particles = 1000
Time = 0
----- Unit set 1: Msun, pc, Myr -----
gravitational_constant = 0.0044985021514696 pc^3/(Msun*Myr^2)
----- Parameter list: -----
 Average mass                      = 5.5
 Mean inner changeover radius      = 0.0026742806591249
 Mean outer changeover radius      = 0.026742806591249
 Minimum neighbor searching radius = 0.032091367909498
 Velocity dispersion (1D)          = 1.7919373303071
 Tree time step                    = 0.000244140625
 Output time step                  = 0.5
----- Hard Parameter list: -----
 Mean search group radius:         = 0.0026742806591249
 Mean group radius                 = 0.0021394245272999
 Hermite timestep coefficient 4th  = 0.1
 Hermite timestep coefficient init = 0.001
 Hermite maximum timestep          = 0.0001220703125
 AR slowdown maximum timescale     = 0.00048828125
 AR slowdown perturbation criterion= 0.0001
 Artificial particle ID offset     = 1001
 KDTree minimum particles+groups   = 32
-----  Save parameter files -----
Save PeTar parameters to file data.par
Save hard parameters to file data.par.hard
-----  Finish parameter initialization -----

Time: 0  N_real(loc): 1000  N_real(glb): 1000  N_all(loc): 1000  N_all(glb): 1000  N_remove(glb): 0  N_escape(glb): 0
Energy:     Error/Total         Error     Error_cum         Total       Kinetic     Potential        Modify  Modify_group Modify_single      Error_PP  Error_PP_cum
Physic:              -0             0             0     -26869.97      26686.41     -53556.37             0             0             0             0             0
Slowdown:            -0             0             0     -26869.97      26686.41     -53556.37             0             0             0             0             0
Angular Momentum:  |L|err: 0  |L|err_cum: 0  L: 200.7806   -148.843    -618.1439  |L|: 666.7601
C.M.: mass: 5500 pos: -0.04459168   0.01282976    0.1016055 vel: -0.004634854   0.07690127    -0.004758326

Time: 0.5  N_real(loc): 1000  N_real(glb): 1000  N_all(loc): 1000  N_all(glb): 1000  N_remove(glb): 0  N_escape(glb): 0
Energy:     Error/Total         Error     Error_cum         Total       Kinetic     Potential        Modify  Modify_group Modify_single      Error_PP  Error_PP_cum
Physic:   -4.387476e-07    0.01178913    0.01178913     -26869.95      27084.47     -53954.43  6.472679e-07             0             0 -2.632119e-05 -2.632119e-05
Slowdown: -4.387476e-07    0.01178913    0.01178913     -26869.95      27084.47     -53954.43  6.472214e-07             0             0 -2.688863e-05 -2.688863e-05
Angular Momentum:  |L|err: 0.007301404  |L|err_cum: 0.007301404  L: 200.7827   -148.8363    -618.1457  |L|: 666.7608
C.M.: mass: 5500 pos: -0.05309903   0.03167171    0.0831798 vel: -0.01538693   0.0004221812    -0.01591549
Tree step number: 4096
**** Wallclock time per step (local): [Min/Max]
 Total       PP_single   PP_cluster  PP_cross    Tree_NB     Tree_Force  Force_corr  Kick        FindCluster CreateGroup MPI_comm    Output      Status      Other      
   0.0011559  1.5671e-05  6.1439e-05           0  0.00021741   0.0008136   7.474e-06  5.2814e-06  1.9898e-05  1.8827e-05  9.2129e-07  2.1297e-06  3.3242e-09  2.4706e-06
   0.0011559  1.5706e-05  6.1489e-05           0   0.0002154  0.00080505  7.5232e-06  5.3136e-06  1.9937e-05  1.8846e-05  9.5268e-07  2.1298e-06  3.3315e-09  2.5401e-06
**** FDPS tree soft force time profile (local):
 Sample_ptcl Domain_deco Ex_ptcl     SetRootCell Make_LT     Make_LET    Make_GT     Make_Group  Make_I_list Calc_force  Write_back 
           0           0           0  6.7025e-06  0.00017625  2.4189e-05  0.00014571  2.6614e-06  6.6694e-05  0.00031862  1.8169e-05
**** Tree neighbor time profile (local):
 Sample_ptcl Domain_deco Ex_ptcl     SetRootCell Make_LT     Make_LET    Make_GT     Make_Group  Make_I_list Calc_force  Write_back 
           0           0           0  3.7953e-06  7.8607e-05  1.3743e-05  6.1091e-05  6.2492e-07  1.6677e-05  2.2888e-05  4.3965e-06
**** Number per step (global):
 PP_single   PP_cluster  PP_cross    Cluster     Cross       AR_step_sum
      978.22      21.781           0      10.642           0     0.33081
 AR_tsyn_sum Stab_Ngroup Iso_Ngroup  Form_Ngroup End_Ngroup  Modf_Ngroup Merg_Ngroup H4_step_sum H4_no_NB    Ep-Ep_sum   Ep-Sp_sum  
     0.11816           0           0     0.01123   0.0031738           0           0      109.14    0.016113  8.8843e+05       15835
**** Number of members in clusters (global):
N_members:            1           2           3           4
Count    :       978.22      10.172     0.44482    0.025879

Time: 1  N_real(loc): 1000  N_real(glb): 1000  N_all(loc): 1000  N_all(glb): 1000  N_remove(glb): 0  N_escape(glb): 0
Energy:     Error/Total         Error     Error_cum         Total       Kinetic     Potential        Modify  Modify_group Modify_single      Error_PP  Error_PP_cum
Physic:   -3.233984e-07   0.008689697    0.02047882     -26869.94      25264.19     -52134.14   1.09959e-06             0             0 -8.557835e-06 -3.487902e-05
Slowdown: -3.233984e-07   0.008689697    0.02047883     -26869.94      25264.19     -52134.14  1.099453e-06             0             0 -8.245794e-06 -3.513442e-05
Angular Momentum:  |L|err: 0.001877663  |L|err_cum: 0.009179067  L: 200.7766   -148.8348    -618.1427  |L|: 666.7559
C.M.: mass: 5500 pos: -0.02132162   0.02429625    0.07862613 vel: 0.05073254   -0.03640611    0.002346929
Tree step number: 4096
**** Wallclock time per step (local): [Min/Max]
 Total       PP_single   PP_cluster  PP_cross    Tree_NB     Tree_Force  Force_corr  Kick        FindCluster CreateGroup MPI_comm    Output      Status      Other      
   0.0012386  1.6036e-05  6.1355e-05           0   0.0002376  0.00086758  8.6871e-06  6.3087e-06  2.2863e-05  2.1942e-05  1.4786e-06  2.1396e-06  1.8345e-09  2.7581e-06
   0.0012386  1.6071e-05  6.1398e-05           0  0.00023541  0.00085767  8.7368e-06  6.3418e-06  2.2903e-05  2.1961e-05  1.5106e-06  2.1397e-06  1.8418e-09  2.8289e-06
**** FDPS tree soft force time profile (local):
 Sample_ptcl Domain_deco Ex_ptcl     SetRootCell Make_LT     Make_LET    Make_GT     Make_Group  Make_I_list Calc_force  Write_back 
           0           0           0  1.0041e-05  0.00020651  2.8727e-05  0.00016366  3.2261e-06  6.9469e-05  0.00032273  2.1082e-05
**** Tree neighbor time profile (local):
 Sample_ptcl Domain_deco Ex_ptcl     SetRootCell Make_LT     Make_LET    Make_GT     Make_Group  Make_I_list Calc_force  Write_back 
           0           0           0  3.6175e-06  8.7794e-05  1.3624e-05  7.5537e-05  6.3945e-07  1.7547e-05  2.2379e-05  4.8244e-06
**** Number per step (global):
 PP_single   PP_cluster  PP_cross    Cluster     Cross       AR_step_sum
      979.51      20.493           0      9.9963           0     0.32935
 AR_tsyn_sum Stab_Ngroup Iso_Ngroup  Form_Ngroup End_Ngroup  Modf_Ngroup Merg_Ngroup H4_step_sum H4_no_NB    Ep-Ep_sum   Ep-Sp_sum  
     0.12817           0           0    0.014648    0.003418           0           0      102.81    0.022217  8.8992e+05       16562
**** Number of members in clusters (global):
N_members:            1           2           3           4           5
Count    :       979.51      9.5281     0.44092    0.022949   0.0043945

Time: 1.5  N_real(loc): 1000  N_real(glb): 1000  N_all(loc): 1000  N_all(glb): 1000  N_remove(glb): 0  N_escape(glb): 0
Energy:     Error/Total         Error     Error_cum         Total       Kinetic     Potential        Modify  Modify_group Modify_single      Error_PP  Error_PP_cum
Physic:   -5.606543e-07    0.01506474    0.03554357     -26869.93       27686.6     -54556.53  1.600069e-06             0             0 -7.105608e-06 -4.198463e-05
Slowdown: -5.606543e-07    0.01506474    0.03554357     -26869.93       27686.6     -54556.53  1.601928e-06             0             0 -7.050602e-06 -4.218502e-05
Angular Momentum:  |L|err: 0.009680949  |L|err_cum: 0.01886002  L: 200.7715   -148.8265    -618.1447  |L|: 666.7544
C.M.: mass: 5500 pos: -0.00296844   0.001030365    0.1011176 vel: 0.08497316   0.01323032    0.1112082
Tree step number: 4096
**** Wallclock time per step (local): [Min/Max]
 Total       PP_single   PP_cluster  PP_cross    Tree_NB     Tree_Force  Force_corr  Kick        FindCluster CreateGroup MPI_comm    Output      Status      Other      
   0.0011705  1.5427e-05  5.8069e-05           0  0.00021799   0.0008313   9.342e-06  6.6173e-06  1.8393e-05  1.8162e-05  1.1152e-06  1.9539e-06  1.4651e-09  2.5132e-06
   0.0011705  1.5463e-05  5.8118e-05           0  0.00021585  0.00082151  9.3919e-06  6.6503e-06  1.8432e-05  1.8193e-05  1.1473e-06   1.954e-06  1.4751e-09   2.583e-06
**** FDPS tree soft force time profile (local):
 Sample_ptcl Domain_deco Ex_ptcl     SetRootCell Make_LT     Make_LET    Make_GT     Make_Group  Make_I_list Calc_force  Write_back 
           0           0           0  8.8442e-06   0.0001927  2.6822e-05  0.00014982   2.938e-06  6.7446e-05  0.00031939  2.0744e-05
**** Tree neighbor time profile (local):
 Sample_ptcl Domain_deco Ex_ptcl     SetRootCell Make_LT     Make_LET    Make_GT     Make_Group  Make_I_list Calc_force  Write_back 
           0           0           0  3.4943e-06  8.1616e-05  1.3162e-05  6.3856e-05  6.5648e-07  1.6707e-05  2.2244e-05  4.6404e-06
**** Number per step (global):
 PP_single   PP_cluster  PP_cross    Cluster     Cross       AR_step_sum
      980.86      19.139           0      9.3455           0     0.19678
 AR_tsyn_sum Stab_Ngroup Iso_Ngroup  Form_Ngroup End_Ngroup  Modf_Ngroup Merg_Ngroup H4_step_sum H4_no_NB    Ep-Ep_sum   Ep-Sp_sum  
    0.063965           0           0    0.010498   0.0021973           0           0      95.362    0.023926  8.8928e+05       16189
**** Number of members in clusters (global):
N_members:            1           2           3           4
Count    :       980.86      8.9502     0.34253    0.052734

Time: 2  N_real(loc): 1000  N_real(glb): 1000  N_all(loc): 1000  N_all(glb): 1000  N_remove(glb): 0  N_escape(glb): 0
Energy:     Error/Total         Error     Error_cum         Total       Kinetic     Potential        Modify  Modify_group Modify_single      Error_PP  Error_PP_cum
Physic:   -2.793647e-07   0.007506508    0.04305008     -26869.92      27592.96     -54462.88  2.228701e-06             0             0 -2.154807e-08 -4.200618e-05
Slowdown: -2.793647e-07   0.007506508    0.04305007     -26869.92      27592.96     -54462.88  2.230618e-06             0             0  1.272379e-07 -4.205779e-05
Angular Momentum:  |L|err: 0.002233709  |L|err_cum: 0.02109372  L: 200.7751   -148.8227    -618.1423  |L|: 666.7524
C.M.: mass: 5500 pos: -0.01393284   -0.006988523    0.137143 vel: -0.03526049   -0.06234236    0.01122208
Tree step number: 4096
**** Wallclock time per step (local): [Min/Max]
 Total       PP_single   PP_cluster  PP_cross    Tree_NB     Tree_Force  Force_corr  Kick        FindCluster CreateGroup MPI_comm    Output      Status      Other      
   0.0012568  1.7766e-05  5.7827e-05           0   0.0002372  0.00089126  1.0605e-05  7.0112e-06  2.0094e-05  1.8482e-05  1.4079e-06  2.7288e-06  1.2769e-09  3.2643e-06
   0.0012568  1.7801e-05  5.7869e-05           0  0.00023518  0.00088087  1.0655e-05  7.0444e-06  2.0133e-05  1.8502e-05  1.4398e-06  2.7289e-06  1.2842e-09  3.3386e-06
**** FDPS tree soft force time profile (local):
 Sample_ptcl Domain_deco Ex_ptcl     SetRootCell Make_LT     Make_LET    Make_GT     Make_Group  Make_I_list Calc_force  Write_back 
           0           0           0  9.3436e-06  0.00022253  2.6302e-05  0.00016587  3.2781e-06  7.0414e-05  0.00032625  2.2031e-05
**** Tree neighbor time profile (local):
 Sample_ptcl Domain_deco Ex_ptcl     SetRootCell Make_LT     Make_LET    Make_GT     Make_Group  Make_I_list Calc_force  Write_back 
           0           0           0  4.4432e-06  8.8974e-05  1.4191e-05  7.0479e-05  6.9296e-07  1.8724e-05  2.3983e-05  4.4094e-06
**** Number per step (global):
 PP_single   PP_cluster  PP_cross    Cluster     Cross       AR_step_sum
      982.26       17.74           0      8.5911           0     0.20508
 AR_tsyn_sum Stab_Ngroup Iso_Ngroup  Form_Ngroup End_Ngroup  Modf_Ngroup Merg_Ngroup H4_step_sum H4_no_NB    Ep-Ep_sum   Ep-Sp_sum  
    0.071533           0           0     0.01123   0.0026855           0           0      87.275    0.022461  8.8733e+05       16385
**** Number of members in clusters (global):
N_members:            1           2           3           4           5
Count    :       982.26      8.0801     0.46802    0.039062   0.0039062

Time: 2.5  N_real(loc): 1000  N_real(glb): 1000  N_all(loc): 1000  N_all(glb): 1000  N_remove(glb): 0  N_escape(glb): 0
Energy:     Error/Total         Error     Error_cum         Total       Kinetic     Potential        Modify  Modify_group Modify_single      Error_PP  Error_PP_cum
Physic:     1.76883e-06   -0.04752841  -0.004478335     -26869.97      26662.96     -53532.93   2.76738e-06             0             0 -1.311134e-05 -5.511752e-05
Slowdown:   1.76883e-06   -0.04752841  -0.004478337     -26869.97      26662.96     -53532.93  2.769292e-06             0             0  -1.28634e-05 -5.492119e-05
Angular Momentum:  |L|err: -0.00805935  |L|err_cum: 0.01303437  L: 200.7722   -148.8333    -618.142  |L|: 666.7536
C.M.: mass: 5500 pos: 0.002612986   -0.03914604    0.1195574 vel: 0.05555325   -0.08088052    -0.01276088
Tree step number: 4096
**** Wallclock time per step (local): [Min/Max]
 Total       PP_single   PP_cluster  PP_cross    Tree_NB     Tree_Force  Force_corr  Kick        FindCluster CreateGroup MPI_comm    Output      Status      Other      
   0.0011444  1.5248e-05  5.5449e-05           0  0.00021511  0.00081156  7.0134e-06  6.1852e-06  1.9128e-05  1.7095e-05  1.1619e-06  1.9645e-06  1.8271e-09  2.3071e-06
   0.0011444  1.5284e-05   5.549e-05           0  0.00021312  0.00080415  7.0678e-06  6.2188e-06  1.9167e-05  1.7115e-05   1.194e-06  1.9646e-06  1.8369e-09   2.388e-06
**** FDPS tree soft force time profile (local):
 Sample_ptcl Domain_deco Ex_ptcl     SetRootCell Make_LT     Make_LET    Make_GT     Make_Group  Make_I_list Calc_force  Write_back 
           0           0           0  9.2813e-06   0.0001858    2.49e-05  0.00014943  3.1489e-06  6.6601e-05  0.00031347  1.5984e-05
**** Tree neighbor time profile (local):
 Sample_ptcl Domain_deco Ex_ptcl     SetRootCell Make_LT     Make_LET    Make_GT     Make_Group  Make_I_list Calc_force  Write_back 
           0           0           0  4.3631e-06  8.1318e-05  1.3438e-05  6.2011e-05  6.3608e-07  1.5424e-05  2.2268e-05  4.3629e-06
**** Number per step (global):
 PP_single   PP_cluster  PP_cross    Cluster     Cross       AR_step_sum
      981.83      18.167           0      8.9006           0      0.3606
 AR_tsyn_sum Stab_Ngroup Iso_Ngroup  Form_Ngroup End_Ngroup  Modf_Ngroup Merg_Ngroup H4_step_sum H4_no_NB    Ep-Ep_sum   Ep-Sp_sum  
       0.125           0           0    0.017334   0.0041504           0           0      87.993    0.025635  8.9681e+05       17444
**** Number of members in clusters (global):
N_members:            1           2           3           4           5
Count    :       981.83      8.5586     0.31934    0.021484   0.0012207

Time: 3  N_real(loc): 1000  N_real(glb): 1000  N_all(loc): 1000  N_all(glb): 1000  N_remove(glb): 0  N_escape(glb): 0
Energy:     Error/Total         Error     Error_cum         Total       Kinetic     Potential        Modify  Modify_group Modify_single      Error_PP  Error_PP_cum
Physic:   -5.416783e-07    0.01455487    0.01007654     -26869.96      25262.19     -52132.15  3.340125e-06             0             0 -4.203076e-06  -5.93206e-05
Slowdown: -5.416783e-07    0.01455487    0.01007653     -26869.96      25262.19     -52132.15  3.342035e-06             0             0 -4.411003e-06 -5.933219e-05
Angular Momentum:  |L|err: 0.0009629422  |L|err_cum: 0.01399732  L: 200.7725   -148.8326    -618.1393  |L|: 666.751
C.M.: mass: 5500 pos: 0.02156542   -0.08097782    0.09889044 vel: -0.003962883   0.006253608    -0.1089401
Tree step number: 4096
**** Wallclock time per step (local): [Min/Max]
 Total       PP_single   PP_cluster  PP_cross    Tree_NB     Tree_Force  Force_corr  Kick        FindCluster CreateGroup MPI_comm    Output      Status      Other      
   0.0012401  1.4334e-05  5.4537e-05           0  0.00023026  0.00089191   6.942e-06  5.8591e-06  1.8682e-05  2.0764e-05  9.1529e-07  1.9227e-06  2.0229e-09  2.4572e-06
   0.0012402  1.4373e-05  5.4579e-05           0  0.00022828  0.00088382  6.9914e-06  5.8917e-06   1.872e-05  2.0783e-05  9.6471e-07  1.9229e-06  2.0303e-09  2.5361e-06
**** FDPS tree soft force time profile (local):
 Sample_ptcl Domain_deco Ex_ptcl     SetRootCell Make_LT     Make_LET    Make_GT     Make_Group  Make_I_list Calc_force  Write_back 
           0           0           0  9.5455e-06  0.00018464  2.4097e-05   0.0001527  2.7467e-06   6.413e-05  0.00037248  1.7469e-05
**** Tree neighbor time profile (local):
 Sample_ptcl Domain_deco Ex_ptcl     SetRootCell Make_LT     Make_LET    Make_GT     Make_Group  Make_I_list Calc_force  Write_back 
           0           0           0  4.0682e-06  7.9239e-05  1.3301e-05   6.729e-05  6.7696e-07  1.4424e-05  2.3129e-05  4.3278e-06
**** Number per step (global):
 PP_single   PP_cluster  PP_cross    Cluster     Cross       AR_step_sum
      982.51      17.489           0      8.5334           0    0.094238
 AR_tsyn_sum Stab_Ngroup Iso_Ngroup  Form_Ngroup End_Ngroup  Modf_Ngroup Merg_Ngroup H4_step_sum H4_no_NB    Ep-Ep_sum   Ep-Sp_sum  
    0.033691           0           0   0.0046387   0.0012207           0           0      87.128    0.013428  9.0141e+05       17101
**** Number of members in clusters (global):
N_members:            1           2           3           4           5
Count    :       982.51      8.1692     0.31714    0.036133    0.010986

Time: 3.5  N_real(loc): 1000  N_real(glb): 1000  N_all(loc): 1000  N_all(glb): 1000  N_remove(glb): 0  N_escape(glb): 0
Energy:     Error/Total         Error     Error_cum         Total       Kinetic     Potential        Modify  Modify_group Modify_single      Error_PP  Error_PP_cum
Physic:   -3.386123e-08  0.0009098498    0.01098639     -26869.95       27769.5     -54639.45  4.326439e-06             0             0 -4.988897e-06 -6.430949e-05
Slowdown: -3.386123e-08  0.0009098497    0.01098638     -26869.95       27769.5     -54639.45  4.328415e-06             0             0 -4.940333e-06 -6.427253e-05
Angular Momentum:  |L|err: 0.001822443  |L|err_cum: 0.01581976  L: 200.7739   -148.8314    -618.1355  |L|: 666.7477
C.M.: mass: 5500 pos: 0.00493736   -0.08320116    0.07609263 vel: -0.01709791   0.0499784    0.02427367
Tree step number: 4096
**** Wallclock time per step (local): [Min/Max]
 Total       PP_single   PP_cluster  PP_cross    Tree_NB     Tree_Force  Force_corr  Kick        FindCluster CreateGroup MPI_comm    Output      Status      Other      
   0.0013451  1.7011e-05  5.9488e-05           0  0.00024199  0.00097847  9.5874e-06  7.3049e-06  1.8861e-05  1.8019e-05  1.1639e-06  2.1662e-06  1.6633e-09   2.598e-06
   0.0013452  1.7046e-05  5.9536e-05           0  0.00023981   0.0009676  9.6378e-06  7.3377e-06    1.89e-05  1.8039e-05  1.2004e-06  2.1662e-06  1.6755e-09  2.6689e-06
**** FDPS tree soft force time profile (local):
 Sample_ptcl Domain_deco Ex_ptcl     SetRootCell Make_LT     Make_LET    Make_GT     Make_Group  Make_I_list Calc_force  Write_back 
           0           0           0  6.8759e-06  0.00017901   2.462e-05  0.00014922  2.3478e-06  4.3658e-05  0.00049738  2.2928e-05
**** Tree neighbor time profile (local):
 Sample_ptcl Domain_deco Ex_ptcl     SetRootCell Make_LT     Make_LET    Make_GT     Make_Group  Make_I_list Calc_force  Write_back 
           0           0           0  3.2703e-06  8.1516e-05  1.2893e-05  5.9258e-05  4.5554e-07  1.3065e-05  4.8949e-05  4.7007e-06
**** Number per step (global):
 PP_single   PP_cluster  PP_cross    Cluster     Cross       AR_step_sum
      980.04      19.959           0      9.7341           0     0.19434
 AR_tsyn_sum Stab_Ngroup Iso_Ngroup  Form_Ngroup End_Ngroup  Modf_Ngroup Merg_Ngroup H4_step_sum H4_no_NB    Ep-Ep_sum   Ep-Sp_sum  
    0.067383           0           0   0.0075684    0.001709           0           0      97.171    0.022949  9.6172e+05      5685.1
**** Number of members in clusters (global):
N_members:            1           2           3           4
Count    :       980.04      9.2888     0.39941    0.045898

Time: 4  N_real(loc): 1000  N_real(glb): 1000  N_all(loc): 1000  N_all(glb): 1000  N_remove(glb): 0  N_escape(glb): 0
Energy:     Error/Total         Error     Error_cum         Total       Kinetic     Potential        Modify  Modify_group Modify_single      Error_PP  Error_PP_cum
Physic:    1.944244e-07  -0.005224177   0.005762209     -26869.96      25806.03     -52675.99  4.767036e-06             0             0 -2.515072e-05 -8.946021e-05
Slowdown:  1.944243e-07  -0.005224174    0.00576221     -26869.96      25806.03     -52675.99   4.76611e-06             0             0 -2.529503e-05 -8.956755e-05
Angular Momentum:  |L|err: 0.001383167  |L|err_cum: 0.01720293  L: 200.7729   -148.8317    -618.1335  |L|: 666.7455
C.M.: mass: 5500 pos: 0.01090085   -0.04176085    0.08901627 vel: -0.01252085   0.168355    0.014014
Tree step number: 4096
**** Wallclock time per step (local): [Min/Max]
 Total       PP_single   PP_cluster  PP_cross    Tree_NB     Tree_Force  Force_corr  Kick        FindCluster CreateGroup MPI_comm    Output      Status      Other      
   0.0013467  1.6746e-05  5.9224e-05           0  0.00024221  0.00098242  7.8153e-06  7.3487e-06  1.9923e-05  1.6241e-05  9.2453e-07  2.1555e-06  1.6438e-09  2.3642e-06
   0.0013468  1.6781e-05  5.9267e-05           0  0.00023983  0.00097257  7.8695e-06  7.3885e-06   1.996e-05   1.626e-05   9.563e-07  2.1556e-06  1.6536e-09  2.4327e-06
**** FDPS tree soft force time profile (local):
 Sample_ptcl Domain_deco Ex_ptcl     SetRootCell Make_LT     Make_LET    Make_GT     Make_Group  Make_I_list Calc_force  Write_back 
           0           0           0  6.3618e-06  0.00017416  2.3189e-05  0.00013926  2.7589e-06  4.0455e-05  0.00053028  2.0872e-05
**** Tree neighbor time profile (local):
 Sample_ptcl Domain_deco Ex_ptcl     SetRootCell Make_LT     Make_LET    Make_GT     Make_Group  Make_I_list Calc_force  Write_back 
           0           0           0  3.3096e-06  7.6682e-05  1.3602e-05  5.8317e-05  3.9683e-07   1.323e-05  5.7354e-05  5.2139e-06
**** Number per step (global):
 PP_single   PP_cluster  PP_cross    Cluster     Cross       AR_step_sum
      980.39      19.609           0      9.5603           0     0.72705
 AR_tsyn_sum Stab_Ngroup Iso_Ngroup  Form_Ngroup End_Ngroup  Modf_Ngroup Merg_Ngroup H4_step_sum H4_no_NB    Ep-Ep_sum   Ep-Sp_sum  
     0.25806           0           0    0.030518   0.0080566           0           0      96.269     0.04541  9.7371e+05      3167.1
**** Number of members in clusters (global):
N_members:            1           2           3           4
Count    :       980.39      9.1367     0.35864    0.064941

Time: 4.5  N_real(loc): 1000  N_real(glb): 1000  N_all(loc): 1000  N_all(glb): 1000  N_remove(glb): 0  N_escape(glb): 0
Energy:     Error/Total         Error     Error_cum         Total       Kinetic     Potential        Modify  Modify_group Modify_single      Error_PP  Error_PP_cum
Physic:    3.852688e-07   -0.01035216  -0.004589951     -26869.97      28306.16     -55176.13   7.08617e-06             0             0  -4.81885e-05 -0.0001376487
Slowdown:  3.852688e-07   -0.01035216   -0.00458995     -26869.97      28306.16     -55176.13  7.085244e-06             0             0 -4.808672e-05 -0.0001376543
Angular Momentum:  |L|err: -0.001007505  |L|err_cum: 0.01619542  L: 200.7773   -148.8304    -618.1342  |L|: 666.7473
C.M.: mass: 5500 pos: -0.02245808   -0.009712406    0.1046718 vel: -0.01307823   -0.04307933    0.01687469
Tree step number: 4096
**** Wallclock time per step (local): [Min/Max]
 Total       PP_single   PP_cluster  PP_cross    Tree_NB     Tree_Force  Force_corr  Kick        FindCluster CreateGroup MPI_comm    Output      Status      Other      
   0.0016256  1.6143e-05  5.7166e-05           0  0.00028909   0.0011993  1.0498e-05  7.1505e-06  2.2005e-05  3.0974e-05   1.589e-06  1.7252e-06  2.0645e-09  2.7563e-06
   0.0016256  1.6178e-05  5.7207e-05           0  0.00028559   0.0011883  1.0589e-05  7.1834e-06  2.2043e-05  3.0995e-05  1.6207e-06  1.7253e-06  2.0718e-09  2.8407e-06
**** FDPS tree soft force time profile (local):
 Sample_ptcl Domain_deco Ex_ptcl     SetRootCell Make_LT     Make_LET    Make_GT     Make_Group  Make_I_list Calc_force  Write_back 
           0           0           0  7.9324e-06  0.00018415  2.5222e-05  0.00016207  2.8251e-06    5.19e-05  0.00063829  2.3283e-05
**** Tree neighbor time profile (local):
 Sample_ptcl Domain_deco Ex_ptcl     SetRootCell Make_LT     Make_LET    Make_GT     Make_Group  Make_I_list Calc_force  Write_back 
           0           0           0  5.0729e-06  8.4195e-05  1.3843e-05  7.5474e-05  5.7018e-07  1.3093e-05   4.896e-05  7.3988e-06
**** Number per step (global):
 PP_single   PP_cluster  PP_cross    Cluster     Cross       AR_step_sum
      982.28      17.716           0      8.6829           0     0.77734
 AR_tsyn_sum Stab_Ngroup Iso_Ngroup  Form_Ngroup End_Ngroup  Modf_Ngroup Merg_Ngroup H4_step_sum H4_no_NB    Ep-Ep_sum   Ep-Sp_sum  
     0.27954           0           0    0.022949   0.0056152           0           0      88.111    0.039062  9.2429e+05       11296
**** Number of members in clusters (global):
N_members:            1           2           3           4
Count    :       982.28      8.3682     0.27905    0.035645

Time: 5  N_real(loc): 1000  N_real(glb): 1000  N_all(loc): 1000  N_all(glb): 1000  N_remove(glb): 0  N_escape(glb): 0
Energy:     Error/Total         Error     Error_cum         Total       Kinetic     Potential        Modify  Modify_group Modify_single      Error_PP  Error_PP_cum
Physic:   -2.334885e-07   0.006273827   0.001683875     -26869.96      27020.21     -53890.17  6.983364e-06             0             0 -5.659883e-05 -0.0001942475
Slowdown: -2.334888e-07   0.006273835   0.001683885     -26869.96      27020.21     -53890.17  6.974063e-06             0             0 -5.675154e-05 -0.0001944058
Angular Momentum:  |L|err: 0.002726048  |L|err_cum: 0.01892147  L: 200.7902   -148.8315    -618.1323  |L|: 666.7496
C.M.: mass: 5500 pos: -0.0350117   -0.02830038    0.1113233 vel: -0.01019274   -0.02815578    0.02126367
Tree step number: 4096
**** Wallclock time per step (local): [Min/Max]
 Total       PP_single   PP_cluster  PP_cross    Tree_NB     Tree_Force  Force_corr  Kick        FindCluster CreateGroup MPI_comm    Output      Status      Other      
   0.0014961  1.5331e-05  5.8092e-05           0  0.00026389   0.0010967  1.0895e-05  6.4629e-06   1.997e-05  3.0592e-05  9.1021e-07   2.172e-06  1.9324e-09  2.5526e-06
   0.0014962  1.5379e-05  5.8147e-05           0  0.00026181   0.0010857  1.0945e-05  6.4954e-06  2.0007e-05  3.0613e-05  9.4179e-07  2.1721e-06  1.9397e-09  2.6372e-06
**** FDPS tree soft force time profile (local):
 Sample_ptcl Domain_deco Ex_ptcl     SetRootCell Make_LT     Make_LET    Make_GT     Make_Group  Make_I_list Calc_force  Write_back 
           0           0           0  7.4223e-06  0.00017272  2.4031e-05  0.00015598  2.5543e-06  5.4799e-05  0.00057016  2.3262e-05
**** Tree neighbor time profile (local):
 Sample_ptcl Domain_deco Ex_ptcl     SetRootCell Make_LT     Make_LET    Make_GT     Make_Group  Make_I_list Calc_force  Write_back 
           0           0           0  5.4893e-06  8.2685e-05  1.3149e-05  6.7743e-05   5.935e-07  1.2658e-05  4.1215e-05  4.5313e-06
**** Number per step (global):
 PP_single   PP_cluster  PP_cross    Cluster     Cross       AR_step_sum
      980.73      19.274           0      9.3877           0     0.19556
 AR_tsyn_sum Stab_Ngroup Iso_Ngroup  Form_Ngroup End_Ngroup  Modf_Ngroup Merg_Ngroup H4_step_sum H4_no_NB    Ep-Ep_sum   Ep-Sp_sum  
    0.070557           0           0    0.011719    0.003418           0           0      98.947    0.016113  9.1484e+05       13787
**** Number of members in clusters (global):
N_members:            1           2           3           4           5
Count    :       980.73      8.9343     0.42065     0.02002    0.012695

Time: 5.5  N_real(loc): 1000  N_real(glb): 1000  N_all(loc): 1000  N_all(glb): 1000  N_remove(glb): 0  N_escape(glb): 0
Energy:     Error/Total         Error     Error_cum         Total       Kinetic     Potential        Modify  Modify_group Modify_single      Error_PP  Error_PP_cum
Physic:    3.397683e-07  -0.009129564  -0.007445689     -26869.97      28520.09     -55390.06  7.141887e-06             0             0 -2.441562e-05 -0.0002186632
Slowdown:  3.397683e-07  -0.009129565   -0.00744568     -26869.97      28520.09     -55390.06  7.133562e-06             0             0 -2.438105e-05 -0.0002187869
Angular Momentum:  |L|err: 0.003539349  |L|err_cum: 0.02246082  L: 200.7916   -148.8282    -618.1311  |L|: 666.7482
C.M.: mass: 5500 pos: -0.05472633   -0.04137548    0.1016467 vel: 0.01065123   -0.011857    -0.01872325
Tree step number: 4096
**** Wallclock time per step (local): [Min/Max]
 Total       PP_single   PP_cluster  PP_cross    Tree_NB     Tree_Force  Force_corr  Kick        FindCluster CreateGroup MPI_comm    Output      Status      Other      
   0.0013899  1.7251e-05  5.9164e-05           0  0.00024859   0.0010072  1.6019e-05  8.0138e-06  1.9166e-05  2.2197e-05  1.1538e-06  2.1468e-06  3.2629e-09  3.1348e-06
     0.00139  1.7285e-05   5.921e-05           0  0.00024658  0.00099351  1.6068e-05  8.0467e-06  1.9204e-05  2.2217e-05  1.1853e-06  2.1469e-06  3.2703e-09  3.2145e-06
**** FDPS tree soft force time profile (local):
 Sample_ptcl Domain_deco Ex_ptcl     SetRootCell Make_LT     Make_LET    Make_GT     Make_Group  Make_I_list Calc_force  Write_back 
           0           0           0  8.6801e-06  0.00018895  2.3139e-05  0.00014795  2.9674e-06  5.5077e-05  0.00049472  2.8609e-05
**** Tree neighbor time profile (local):
 Sample_ptcl Domain_deco Ex_ptcl     SetRootCell Make_LT     Make_LET    Make_GT     Make_Group  Make_I_list Calc_force  Write_back 
           0           0           0  4.7858e-06  8.4169e-05  1.4784e-05  6.6299e-05  6.0684e-07  1.2106e-05  4.3025e-05  4.3961e-06
**** Number per step (global):
 PP_single   PP_cluster  PP_cross    Cluster     Cross       AR_step_sum
      980.53       19.47           0      9.4622           0     0.32495
 AR_tsyn_sum Stab_Ngroup Iso_Ngroup  Form_Ngroup End_Ngroup  Modf_Ngroup Merg_Ngroup H4_step_sum H4_no_NB    Ep-Ep_sum   Ep-Sp_sum  
     0.11865           0           0    0.015869   0.0048828           0           0      98.234    0.033203  9.0321e+05       16997
**** Number of members in clusters (global):
N_members:            1           2           3           4           5           6
Count    :       980.53       8.981      0.4231    0.052246   0.0048828  0.00097656

Time: 6  N_real(loc): 1000  N_real(glb): 1000  N_all(loc): 1000  N_all(glb): 1000  N_remove(glb): 0  N_escape(glb): 0
Energy:     Error/Total         Error     Error_cum         Total       Kinetic     Potential        Modify  Modify_group Modify_single      Error_PP  Error_PP_cum
Physic:    2.080051e-07  -0.005589094   -0.01303478     -26869.98      26861.54     -53731.52  7.430367e-06             0             0 -3.174643e-05 -0.0002504096
Slowdown:  2.080051e-07  -0.005589094   -0.01303477     -26869.98      26861.54     -53731.52  7.422041e-06             0             0 -3.118316e-05   -0.00024997
Angular Momentum:  |L|err: 0.001972834  |L|err_cum: 0.02443365  L: 200.7918   -148.8314    -618.1255  |L|: 666.7438
C.M.: mass: 5500 pos: -0.05951976   0.001174755    0.097517 vel: -0.07216482   0.06635147    0.04773874
Tree step number: 4096
**** Wallclock time per step (local): [Min/Max]
 Total       PP_single   PP_cluster  PP_cross    Tree_NB     Tree_Force  Force_corr  Kick        FindCluster CreateGroup MPI_comm    Output      Status      Other      
   0.0016638  1.5651e-05  6.4922e-05           0  0.00029107   0.0012385  1.1333e-05   6.681e-06  2.0464e-05  2.1999e-05  9.8741e-07  2.3063e-06  1.9543e-09  2.7856e-06
   0.0016639  1.5686e-05  6.4964e-05           0  0.00028889   0.0012262  1.1383e-05  6.7137e-06  2.0502e-05   2.202e-05  1.0189e-06  2.3063e-06  1.9641e-09  2.8671e-06
**** FDPS tree soft force time profile (local):
 Sample_ptcl Domain_deco Ex_ptcl     SetRootCell Make_LT     Make_LET    Make_GT     Make_Group  Make_I_list Calc_force  Write_back 
           0           0           0  1.5605e-05  0.00020166  2.5388e-05  0.00018458  3.1842e-06  6.5859e-05  0.00057039   2.597e-05
**** Tree neighbor time profile (local):
 Sample_ptcl Domain_deco Ex_ptcl     SetRootCell Make_LT     Make_LET    Make_GT     Make_Group  Make_I_list Calc_force  Write_back 
           0           0           0  6.8602e-06  8.5337e-05  1.3256e-05  7.9011e-05  6.7244e-07  1.5188e-05  3.0312e-05  4.7213e-06
**** Number per step (global):
 PP_single   PP_cluster  PP_cross    Cluster     Cross       AR_step_sum
      978.39      21.608           0      10.433           0      1.0259
 AR_tsyn_sum Stab_Ngroup Iso_Ngroup  Form_Ngroup End_Ngroup  Modf_Ngroup Merg_Ngroup H4_step_sum H4_no_NB    Ep-Ep_sum   Ep-Sp_sum  
     0.36597           0           0    0.029785   0.0073242           0           0      112.99    0.048828  8.9106e+05       18751
**** Number of members in clusters (global):
N_members:            1           2           3           4           5
Count    :       978.39       9.804     0.54395    0.058594    0.026855

Time: 6.5  N_real(loc): 1000  N_real(glb): 1000  N_all(loc): 1000  N_all(glb): 1000  N_remove(glb): 0  N_escape(glb): 0
Energy:     Error/Total         Error     Error_cum         Total       Kinetic     Potential        Modify  Modify_group Modify_single      Error_PP  Error_PP_cum
Physic:   -6.168331e-07    0.01657428     0.0035395     -26869.96      27229.21     -54099.17  8.320096e-06             0             0 -2.726546e-05  -0.000277675
Slowdown: -6.168331e-07    0.01657428   0.003539508     -26869.96      27229.21     -54099.17  8.311771e-06             0             0 -2.750748e-05 -0.0002774775
Angular Momentum:  |L|err: 0.00373195  |L|err_cum: 0.0281656  L: 200.7951   -148.8338    -618.1215  |L|: 666.7416
C.M.: mass: 5500 pos: -0.07487243   0.00851745    0.1196044 vel: -0.02521487   0.03671272    -0.04011702
Tree step number: 4096
**** Wallclock time per step (local): [Min/Max]
 Total       PP_single   PP_cluster  PP_cross    Tree_NB     Tree_Force  Force_corr  Kick        FindCluster CreateGroup MPI_comm    Output      Status      Other      
   0.0015009  1.3688e-05    5.77e-05           0  0.00026067   0.0011222  7.0207e-06  5.2145e-06  1.8358e-05  1.8648e-05   1.045e-06  1.9484e-06  1.2476e-09  2.1879e-06
   0.0015009  1.3723e-05   5.774e-05           0   0.0002585   0.0011149  7.0884e-06  5.2466e-06  1.8394e-05  1.8668e-05  1.0811e-06  1.9485e-06  1.2549e-09  2.2681e-06
**** FDPS tree soft force time profile (local):
 Sample_ptcl Domain_deco Ex_ptcl     SetRootCell Make_LT     Make_LET    Make_GT     Make_Group  Make_I_list Calc_force  Write_back 
           0           0           0   6.537e-06  0.00016695  2.2549e-05  0.00014981  2.6581e-06  5.3027e-05   0.0005954  1.6089e-05
**** Tree neighbor time profile (local):
 Sample_ptcl Domain_deco Ex_ptcl     SetRootCell Make_LT     Make_LET    Make_GT     Make_Group  Make_I_list Calc_force  Write_back 
           0           0           0  2.9147e-06  7.7521e-05  1.2234e-05  6.8936e-05  5.7931e-07  1.3676e-05   3.955e-05   4.666e-06
**** Number per step (global):
 PP_single   PP_cluster  PP_cross    Cluster     Cross       AR_step_sum
      980.02      19.979           0      9.6433           0     0.94507
 AR_tsyn_sum Stab_Ngroup Iso_Ngroup  Form_Ngroup End_Ngroup  Modf_Ngroup Merg_Ngroup H4_step_sum H4_no_NB    Ep-Ep_sum   Ep-Sp_sum  
     0.33276           0           0    0.026855   0.0056152           0           0      99.529    0.053711   9.171e+05       14206
**** Number of members in clusters (global):
N_members:            1           2           3           4           5           6
Count    :       980.02      9.0933     0.44531    0.071533    0.028809   0.0043945

Time: 7  N_real(loc): 1000  N_real(glb): 1000  N_all(loc): 1000  N_all(glb): 1000  N_remove(glb): 0  N_escape(glb): 0
Energy:     Error/Total         Error     Error_cum         Total       Kinetic     Potential        Modify  Modify_group Modify_single      Error_PP  Error_PP_cum
Physic:    3.203726e-07  -0.008608403  -0.005068903     -26869.97      27526.06     -54396.03  8.944272e-06             0             0 -3.667136e-05 -0.0003143464
Slowdown:  3.203726e-07  -0.008608403  -0.005068894     -26869.97      27526.06     -54396.03   8.93592e-06             0             0 -3.700853e-05  -0.000314486
Angular Momentum:  |L|err: -0.0008403503  |L|err_cum: 0.02732525  L: 200.7953   -148.831    -618.1242  |L|: 666.7435
C.M.: mass: 5500 pos: -0.03675834   -0.003908562    0.1092635 vel: 0.04537337   -0.07204792    -0.01127306
Tree step number: 4096
**** Wallclock time per step (local): [Min/Max]
 Total       PP_single   PP_cluster  PP_cross    Tree_NB     Tree_Force  Force_corr  Kick        FindCluster CreateGroup MPI_comm    Output      Status      Other      
   0.0013212  1.5732e-05  6.2638e-05           0  0.00024043  0.00095619  8.6873e-06  5.7323e-06  2.0114e-05  1.7544e-05  1.3657e-06  2.2652e-06  2.1135e-09  2.5064e-06
   0.0013212  1.5766e-05   6.268e-05           0  0.00023778  0.00094534  8.7369e-06  5.7647e-06  2.0153e-05  1.7564e-05  1.3975e-06  2.2654e-06  2.1208e-09  2.5764e-06
**** FDPS tree soft force time profile (local):
 Sample_ptcl Domain_deco Ex_ptcl     SetRootCell Make_LT     Make_LET    Make_GT     Make_Group  Make_I_list Calc_force  Write_back 
           0           0           0  1.3045e-05  0.00018289  2.2618e-05  0.00014456  2.5853e-06  4.4771e-05  0.00047086  2.2954e-05
**** Tree neighbor time profile (local):
 Sample_ptcl Domain_deco Ex_ptcl     SetRootCell Make_LT     Make_LET    Make_GT     Make_Group  Make_I_list Calc_force  Write_back 
           0           0           0  3.4583e-06  7.8868e-05  1.3744e-05  6.2209e-05  4.6234e-07  1.0963e-05  4.6826e-05  5.6263e-06
**** Number per step (global):
 PP_single   PP_cluster  PP_cross    Cluster     Cross       AR_step_sum
      977.85      22.153           0      10.723           0     0.94385
 AR_tsyn_sum Stab_Ngroup Iso_Ngroup  Form_Ngroup End_Ngroup  Modf_Ngroup Merg_Ngroup H4_step_sum H4_no_NB    Ep-Ep_sum   Ep-Sp_sum  
     0.33325           0           0     0.02832   0.0078125           0           0      107.51    0.042725  9.4718e+05      7911.7
**** Number of members in clusters (global):
N_members:            1           2           3           4           5
Count    :       977.85      10.062     0.61572    0.044678  0.00048828

Time: 7.5  N_real(loc): 1000  N_real(glb): 1000  N_all(loc): 1000  N_all(glb): 1000  N_remove(glb): 0  N_escape(glb): 0
Energy:     Error/Total         Error     Error_cum         Total       Kinetic     Potential        Modify  Modify_group Modify_single      Error_PP  Error_PP_cum
Physic:    1.489901e-07   -0.00400336  -0.009072263     -26869.97      27239.39     -54109.37  1.065587e-05             0             0 -3.921854e-05 -0.0003535649
Slowdown:  1.489901e-07   -0.00400336  -0.009072254     -26869.97      27239.39     -54109.37  1.064736e-05             0             0 -3.918748e-05 -0.0003536735
Angular Momentum:  |L|err: -0.005875852  |L|err_cum: 0.0214494  L: 200.7883   -148.8312    -618.1277  |L|: 666.7447
C.M.: mass: 5500 pos: -0.02729863   -0.002206088    0.1282144 vel: -0.0210906   0.009916897    0.02238134
Tree step number: 4096
**** Wallclock time per step (local): [Min/Max]
 Total       PP_single   PP_cluster  PP_cross    Tree_NB     Tree_Force  Force_corr  Kick        FindCluster CreateGroup MPI_comm    Output      Status      Other      
   0.0014475  1.6569e-05  6.8275e-05           0  0.00026321   0.0010455  8.8026e-06   6.474e-06  2.4816e-05  1.9978e-05  1.0126e-06  2.1577e-06  1.6414e-09  2.7174e-06
   0.0014475  1.6604e-05  6.8318e-05           0  0.00026072   0.0010343  8.8519e-06  6.5096e-06  2.4855e-05  1.9998e-05  1.0441e-06  2.1579e-06  1.6511e-09  2.8016e-06
**** FDPS tree soft force time profile (local):
 Sample_ptcl Domain_deco Ex_ptcl     SetRootCell Make_LT     Make_LET    Make_GT     Make_Group  Make_I_list Calc_force  Write_back 
           0           0           0  9.3047e-06  0.00018387  2.3902e-05  0.00015813  2.8973e-06  4.9142e-05  0.00051553  2.3649e-05
**** Tree neighbor time profile (local):
 Sample_ptcl Domain_deco Ex_ptcl     SetRootCell Make_LT     Make_LET    Make_GT     Make_Group  Make_I_list Calc_force  Write_back 
           0           0           0  4.2743e-06  8.0543e-05  1.2738e-05  7.1071e-05  6.2372e-07  1.2497e-05  4.7913e-05  5.3935e-06
**** Number per step (global):
 PP_single   PP_cluster  PP_cross    Cluster     Cross       AR_step_sum
      975.79      24.208           0      11.484           0      0.6687
 AR_tsyn_sum Stab_Ngroup Iso_Ngroup  Form_Ngroup End_Ngroup  Modf_Ngroup Merg_Ngroup H4_step_sum H4_no_NB    Ep-Ep_sum   Ep-Sp_sum  
     0.23267           0           0    0.026123   0.0078125           0           0       122.3    0.072754  8.9537e+05       15741
**** Number of members in clusters (global):
N_members:            1           2           3           4           5           6           7
Count    :       975.79      10.484     0.83862     0.11523    0.014648    0.026367   0.0043945

Time: 8  N_real(loc): 1000  N_real(glb): 1000  N_all(loc): 1000  N_all(glb): 1000  N_remove(glb): 0  N_escape(glb): 0
Energy:     Error/Total         Error     Error_cum         Total       Kinetic     Potential        Modify  Modify_group Modify_single      Error_PP  Error_PP_cum
Physic:   -3.866445e-07    0.01038912   0.001316861     -26869.96      26667.62     -53537.59  1.187524e-05             0             0 -3.120979e-05 -0.0003847747
Slowdown: -3.866445e-07    0.01038912    0.00131687     -26869.96      26667.62     -53537.59  1.186652e-05             0             0 -3.109565e-05 -0.0003847692
Angular Momentum:  |L|err: 0.000372384  |L|err_cum: 0.02182178  L: 200.7793   -148.8324    -618.1249  |L|: 666.7397
C.M.: mass: 5500 pos: -0.03943214   0.007341932    0.1419618 vel: 0.01341506   -0.04386977    0.02976192
Tree step number: 4096
**** Wallclock time per step (local): [Min/Max]
 Total       PP_single   PP_cluster  PP_cross    Tree_NB     Tree_Force  Force_corr  Kick        FindCluster CreateGroup MPI_comm    Output      Status      Other      
   0.0011347  1.3539e-05  5.6953e-05           0  0.00020704  0.00081315  7.3145e-06  5.2173e-06  1.8343e-05  1.4997e-05  1.0225e-06  2.0496e-06  1.9714e-09  2.0048e-06
   0.0011348   1.358e-05  5.6998e-05           0  0.00020523  0.00080657   7.363e-06  5.2601e-06   1.838e-05  1.5016e-05  1.0541e-06  2.0497e-06  1.9812e-09  2.0705e-06
**** FDPS tree soft force time profile (local):
 Sample_ptcl Domain_deco Ex_ptcl     SetRootCell Make_LT     Make_LET    Make_GT     Make_Group  Make_I_list Calc_force  Write_back 
           0           0           0  6.2634e-06  0.00016425  2.0904e-05  0.00012883  2.5764e-06  4.8015e-05  0.00038533  1.4238e-05
**** Tree neighbor time profile (local):
 Sample_ptcl Domain_deco Ex_ptcl     SetRootCell Make_LT     Make_LET    Make_GT     Make_Group  Make_I_list Calc_force  Write_back 
           0           0           0   2.917e-06  7.0804e-05  1.1355e-05  5.4349e-05  4.9875e-07  1.3277e-05  3.8518e-05   3.945e-06
**** Number per step (global):
 PP_single   PP_cluster  PP_cross    Cluster     Cross       AR_step_sum
      978.92      21.076           0      10.096           0     0.67139
 AR_tsyn_sum Stab_Ngroup Iso_Ngroup  Form_Ngroup End_Ngroup  Modf_Ngroup Merg_Ngroup H4_step_sum H4_no_NB    Ep-Ep_sum   Ep-Sp_sum  
     0.23657           0           0    0.017578   0.0046387           0           0       106.5    0.033203  8.9755e+05       14192
**** Number of members in clusters (global):
N_members:            1           2           3           4           5           6
Count    :       978.92      9.3667     0.61768    0.070312    0.041016  0.00048828

Time: 8.5  N_real(loc): 1000  N_real(glb): 1000  N_all(loc): 1000  N_all(glb): 1000  N_remove(glb): 0  N_escape(glb): 0
Energy:     Error/Total         Error     Error_cum         Total       Kinetic     Potential        Modify  Modify_group Modify_single      Error_PP  Error_PP_cum
Physic:    1.042524e-06   -0.02801261   -0.02669575     -26869.99      29494.65     -56364.64  1.309908e-05             0             0 -3.234292e-05 -0.0004171177
Slowdown:  1.042524e-06   -0.02801262   -0.02669575     -26869.99      29494.65     -56364.64  1.309117e-05             0             0 -3.195094e-05 -0.0004167201
Angular Momentum:  |L|err: 0.001187281  |L|err_cum: 0.02300907  L: 200.7763   -148.8301    -618.1253  |L|: 666.7387
C.M.: mass: 5500 pos: -0.04914271   0.009150755    0.1453654 vel: -0.04251449   -0.03208013    0.06649167
Tree step number: 4096
**** Wallclock time per step (local): [Min/Max]
 Total       PP_single   PP_cluster  PP_cross    Tree_NB     Tree_Force  Force_corr  Kick        FindCluster CreateGroup MPI_comm    Output      Status      Other      
   0.0013821  1.7763e-05  6.8717e-05           0   0.0002617  0.00097284  8.9231e-06  1.0359e-05   2.635e-05  1.9789e-05   1.318e-06  2.0491e-06  1.8198e-09  3.2435e-06
   0.0013822  1.7798e-05  6.8762e-05           0  0.00025927  0.00096275  8.9729e-06  1.0392e-05   2.639e-05  1.9822e-05  1.3498e-06  2.0492e-06  1.8271e-09  3.3161e-06
**** FDPS tree soft force time profile (local):
 Sample_ptcl Domain_deco Ex_ptcl     SetRootCell Make_LT     Make_LET    Make_GT     Make_Group  Make_I_list Calc_force  Write_back 
           0           0           0  9.0184e-06  0.00020104   2.673e-05   0.0001615  3.0863e-06  5.8497e-05   0.0004368  2.1505e-05
**** Tree neighbor time profile (local):
 Sample_ptcl Domain_deco Ex_ptcl     SetRootCell Make_LT     Make_LET    Make_GT     Make_Group  Make_I_list Calc_force  Write_back 
           0           0           0  5.2121e-06  8.8979e-05  1.7149e-05  7.5334e-05  5.8772e-07  1.6739e-05  3.7116e-05  5.2212e-06
**** Number per step (global):
 PP_single   PP_cluster  PP_cross    Cluster     Cross       AR_step_sum
      978.43      21.571           0      10.234           0      1.1978
 AR_tsyn_sum Stab_Ngroup Iso_Ngroup  Form_Ngroup End_Ngroup  Modf_Ngroup Merg_Ngroup H4_step_sum H4_no_NB    Ep-Ep_sum   Ep-Sp_sum  
     0.38916           0           0    0.032959   0.0083008           0           0      111.93    0.051514  8.9347e+05       13762
**** Number of members in clusters (global):
N_members:            1           2           3           4           5           6           7
Count    :       978.43       9.301     0.79639     0.11621    0.012695    0.003418   0.0043945

Time: 9  N_real(loc): 1000  N_real(glb): 1000  N_all(loc): 1000  N_all(glb): 1000  N_remove(glb): 0  N_escape(glb): 0
Energy:     Error/Total         Error     Error_cum         Total       Kinetic     Potential        Modify  Modify_group Modify_single      Error_PP  Error_PP_cum
Physic:    8.013108e-08  -0.002153122   -0.02884888     -26869.99      26331.91      -53201.9  1.389029e-05             0             0 -1.573613e-05 -0.0004328538
Slowdown:  8.013108e-08  -0.002153122   -0.02884887     -26869.99      26331.91      -53201.9  1.388239e-05             0             0 -1.554934e-05 -0.0004322695
Angular Momentum:  |L|err: 0.004627793  |L|err_cum: 0.02763686  L: 200.7751   -148.8379    -618.1173  |L|: 666.7326
C.M.: mass: 5500 pos: -0.06233083   -0.0165917    0.1291911 vel: 0.05316106   -0.02776339    -0.09250126
Tree step number: 4096
**** Wallclock time per step (local): [Min/Max]
 Total       PP_single   PP_cluster  PP_cross    Tree_NB     Tree_Force  Force_corr  Kick        FindCluster CreateGroup MPI_comm    Output      Status      Other      
   0.0019624  1.6549e-05  6.5116e-05           0  0.00031273   0.0015155  1.0061e-05  6.3478e-06  2.0487e-05   2.317e-05  9.5813e-07  1.9441e-06   1.991e-09  2.9211e-06
   0.0019625  1.6584e-05   6.516e-05           0  0.00031006    0.001503  1.0111e-05  6.3876e-06  2.0527e-05   2.319e-05  9.8964e-07  1.9442e-06  2.0007e-09  3.0149e-06
**** FDPS tree soft force time profile (local):
 Sample_ptcl Domain_deco Ex_ptcl     SetRootCell Make_LT     Make_LET    Make_GT     Make_Group  Make_I_list Calc_force  Write_back 
           0           0           0  1.1097e-05  0.00019479  2.5789e-05  0.00019603  2.9472e-06  5.4748e-05  0.00082178  2.6621e-05
**** Tree neighbor time profile (local):
 Sample_ptcl Domain_deco Ex_ptcl     SetRootCell Make_LT     Make_LET    Make_GT     Make_Group  Make_I_list Calc_force  Write_back 
           0           0           0  5.8746e-06  8.2088e-05  1.3578e-05  8.4247e-05  6.0208e-07  1.5789e-05  4.2543e-05  5.7501e-06
**** Number per step (global):
 PP_single   PP_cluster  PP_cross    Cluster     Cross       AR_step_sum
      978.43      21.573           0        10.3           0     0.28638
 AR_tsyn_sum Stab_Ngroup Iso_Ngroup  Form_Ngroup End_Ngroup  Modf_Ngroup Merg_Ngroup H4_step_sum H4_no_NB    Ep-Ep_sum   Ep-Sp_sum  
    0.096191           0           0   0.0083008   0.0024414           0           0      107.12    0.028809  8.7988e+05       15782
**** Number of members in clusters (global):
N_members:            1           2           3           4           5           6
Count    :       978.43      9.4988     0.67969    0.073242    0.046387   0.0019531

Time: 9.5  N_real(loc): 1000  N_real(glb): 1000  N_all(loc): 1000  N_all(glb): 1000  N_remove(glb): 0  N_escape(glb): 0
Energy:     Error/Total         Error     Error_cum         Total       Kinetic     Potential        Modify  Modify_group Modify_single      Error_PP  Error_PP_cum
Physic:   -4.777668e-07    0.01283759   -0.01601129     -26869.98      27859.04     -54729.02  1.374044e-05             0             0 -1.260118e-05  -0.000445455
Slowdown: -4.777664e-07    0.01283757   -0.01601129     -26869.98      27859.04     -54729.02  1.374352e-05             0             0 -1.242202e-05 -0.0004446915
Angular Momentum:  |L|err: 0.002141411  |L|err_cum: 0.02977827  L: 200.7756   -148.8389    -618.1148  |L|: 666.7307
C.M.: mass: 5500 pos: -0.03065903   -0.01707565    0.1307942 vel: 0.1012369   -0.002593962    0.05939083
Tree step number: 4096
**** Wallclock time per step (local): [Min/Max]
 Total       PP_single   PP_cluster  PP_cross    Tree_NB     Tree_Force  Force_corr  Kick        FindCluster CreateGroup MPI_comm    Output      Status      Other      
   0.0015925  1.8403e-05  6.2649e-05           0  0.00029354   0.0011607  1.1296e-05  6.1289e-06   2.219e-05  2.2653e-05   1.465e-06  2.2997e-06   2.231e-09  3.5059e-06
   0.0015925  1.8439e-05  6.2692e-05           0  0.00029098   0.0011492  1.1346e-05   6.162e-06   2.223e-05  2.2673e-05  1.4966e-06  2.2999e-06  2.2407e-09  3.5829e-06
**** FDPS tree soft force time profile (local):
 Sample_ptcl Domain_deco Ex_ptcl     SetRootCell Make_LT     Make_LET    Make_GT     Make_Group  Make_I_list Calc_force  Write_back 
           0           0           0  1.2015e-05  0.00020859  2.8453e-05  0.00017908  3.0242e-06  5.5816e-05  0.00054196  2.4502e-05
**** Tree neighbor time profile (local):
 Sample_ptcl Domain_deco Ex_ptcl     SetRootCell Make_LT     Make_LET    Make_GT     Make_Group  Make_I_list Calc_force  Write_back 
           0           0           0  6.2531e-06    8.64e-05   1.442e-05  8.5537e-05  6.0694e-07  1.9791e-05  3.7976e-05  5.5225e-06
**** Number per step (global):
 PP_single   PP_cluster  PP_cross    Cluster     Cross       AR_step_sum
      981.81      18.195           0      8.8354           0     0.34692
 AR_tsyn_sum Stab_Ngroup Iso_Ngroup  Form_Ngroup End_Ngroup  Modf_Ngroup Merg_Ngroup H4_step_sum H4_no_NB    Ep-Ep_sum   Ep-Sp_sum  
     0.11743           0           0   0.0087891   0.0029297           0           0      92.708    0.010254  9.0086e+05       11631
**** Number of members in clusters (global):
N_members:            1           2           3           4           5
Count    :       981.81      8.3335     0.48242     0.01709   0.0024414

Time: 10  N_real(loc): 1000  N_real(glb): 1000  N_all(loc): 1000  N_all(glb): 1000  N_remove(glb): 0  N_escape(glb): 0
Energy:     Error/Total         Error     Error_cum         Total       Kinetic     Potential        Modify  Modify_group Modify_single      Error_PP  Error_PP_cum
Physic:    2.645218e-07  -0.007107697   -0.02311899     -26869.99      27324.14     -54194.13  1.442246e-05             0             0 -1.138025e-05 -0.0004568352
Slowdown:  2.645217e-07  -0.007107694   -0.02311899     -26869.99      27324.14     -54194.13  1.442321e-05             0             0 -1.127607e-05 -0.0004559675
Angular Momentum:  |L|err: -0.004018083  |L|err_cum: 0.02576019  L: 200.7728   -148.8369    -618.1201  |L|: 666.7343
C.M.: mass: 5500 pos: -0.004916744   -0.021289    0.1843788 vel: 0.064504   -0.05069389    0.1211194
Tree step number: 4096
**** Wallclock time per step (local): [Min/Max]
 Total       PP_single   PP_cluster  PP_cross    Tree_NB     Tree_Force  Force_corr  Kick        FindCluster CreateGroup MPI_comm    Output      Status      Other      
   0.0015041  1.9217e-05  6.6382e-05           0  0.00027897    0.001079  1.3116e-05  9.6558e-06  2.5317e-05  2.0492e-05  1.5059e-06  1.9311e-06  1.8369e-09  3.6367e-06
   0.0015041  1.9253e-05  6.6437e-05           0  0.00027463   0.0010664  1.3167e-05  9.6892e-06  2.5369e-05  2.0519e-05  1.5378e-06  1.9313e-06  1.8442e-09  3.7339e-06
**** FDPS tree soft force time profile (local):
 Sample_ptcl Domain_deco Ex_ptcl     SetRootCell Make_LT     Make_LET    Make_GT     Make_Group  Make_I_list Calc_force  Write_back 
           0           0           0  1.5835e-05  0.00022091  2.8038e-05  0.00018006  3.3051e-06  5.4049e-05  0.00048768  2.6699e-05
**** Tree neighbor time profile (local):
 Sample_ptcl Domain_deco Ex_ptcl     SetRootCell Make_LT     Make_LET    Make_GT     Make_Group  Make_I_list Calc_force  Write_back 
           0           0           0  5.8603e-06  9.5731e-05  1.6033e-05  7.1332e-05  5.4849e-07  1.5049e-05  4.4949e-05  9.1153e-06
**** Number per step (global):
 PP_single   PP_cluster  PP_cross    Cluster     Cross       AR_step_sum
      980.87      19.126           0      9.1665           0       0.396
 AR_tsyn_sum Stab_Ngroup Iso_Ngroup  Form_Ngroup End_Ngroup  Modf_Ngroup Merg_Ngroup H4_step_sum H4_no_NB    Ep-Ep_sum   Ep-Sp_sum  
     0.14795           0           0    0.013428   0.0039062           0           0      98.657    0.034424  8.9839e+05       12258
**** Number of members in clusters (global):
N_members:            1           2           3           4           5           6
Count    :       980.87      8.4951     0.57861    0.067871    0.020508   0.0043945

Time: 10.5  N_real(loc): 1000  N_real(glb): 1000  N_all(loc): 1000  N_all(glb): 1000  N_remove(glb): 0  N_escape(glb): 0
Energy:     Error/Total         Error     Error_cum         Total       Kinetic     Potential        Modify  Modify_group Modify_single      Error_PP  Error_PP_cum
Physic:   -8.656077e-08   0.002325887    -0.0207931     -26869.99      27949.27     -54819.25  1.526946e-05             0             0 -4.666401e-05 -0.0005034992
Slowdown: -8.656105e-08   0.002325894   -0.02079309     -26869.99      27949.27     -54819.25  1.526259e-05             0             0 -4.654546e-05  -0.000502513
Angular Momentum:  |L|err: -0.0005667737  |L|err_cum: 0.02519341  L: 200.7705   -148.8352    -618.1222  |L|: 666.7351
C.M.: mass: 5500 pos: -0.01849027   -0.02302006    0.228646 vel: 0.01308099   -0.02749603    -0.06343999
Tree step number: 4096
**** Wallclock time per step (local): [Min/Max]
 Total       PP_single   PP_cluster  PP_cross    Tree_NB     Tree_Force  Force_corr  Kick        FindCluster CreateGroup MPI_comm    Output      Status      Other      
   0.0012303  1.4178e-05  5.9749e-05           0  0.00021723  0.00089206  6.5855e-06  5.6838e-06  1.9474e-05  1.6678e-05  1.1227e-06  2.0262e-06  1.5313e-09  2.2305e-06
   0.0012303  1.4213e-05  5.9792e-05           0  0.00021524  0.00088583  6.6348e-06  5.7165e-06  1.9512e-05  1.6697e-05  1.1547e-06  2.0262e-06  1.5435e-09  2.2995e-06
**** FDPS tree soft force time profile (local):
 Sample_ptcl Domain_deco Ex_ptcl     SetRootCell Make_LT     Make_LET    Make_GT     Make_Group  Make_I_list Calc_force  Write_back 
           0           0           0  6.4803e-06  0.00016641  2.2818e-05  0.00013406  2.9135e-06  4.8833e-05  0.00045068  1.3748e-05
**** Tree neighbor time profile (local):
 Sample_ptcl Domain_deco Ex_ptcl     SetRootCell Make_LT     Make_LET    Make_GT     Make_Group  Make_I_list Calc_force  Write_back 
           0           0           0  3.3183e-06  7.3649e-05  1.2344e-05  5.7687e-05  5.2427e-07  1.2341e-05  4.0295e-05  4.3253e-06
**** Number per step (global):
 PP_single   PP_cluster  PP_cross    Cluster     Cross       AR_step_sum
      979.98      20.019           0      9.4961           0     0.37061
 AR_tsyn_sum Stab_Ngroup Iso_Ngroup  Form_Ngroup End_Ngroup  Modf_Ngroup Merg_Ngroup H4_step_sum H4_no_NB    Ep-Ep_sum   Ep-Sp_sum  
     0.13477           0           0    0.016846   0.0043945           0           0      107.03     0.04834  8.6897e+05       16975
**** Number of members in clusters (global):
N_members:            1           2           3           4           5           6
Count    :       979.98      8.6284     0.71387     0.14893   0.0043945  0.00048828

Time: 11  N_real(loc): 1000  N_real(glb): 1000  N_all(loc): 1000  N_all(glb): 1000  N_remove(glb): 0  N_escape(glb): 0
Energy:     Error/Total         Error     Error_cum         Total       Kinetic     Potential        Modify  Modify_group Modify_single      Error_PP  Error_PP_cum
Physic:   -6.807438e-07    0.01829157  -0.002501534     -26869.97      26092.77     -52962.73  1.600555e-05             0             0 -1.792838e-05 -0.0005214276
Slowdown: -6.807438e-07    0.01829157  -0.002501528     -26869.97      26092.77     -52962.73  1.599869e-05             0             0 -1.819633e-05 -0.0005207093
Angular Momentum:  |L|err: -0.0006965671  |L|err_cum: 0.02449685  L: 200.7742   -148.8324    -618.1228  |L|: 666.7362
C.M.: mass: 5500 pos: -0.03639536   -0.03349345    0.1937284 vel: -0.03413682   -0.0737984    -0.04277055
Tree step number: 4096
**** Wallclock time per step (local): [Min/Max]
 Total       PP_single   PP_cluster  PP_cross    Tree_NB     Tree_Force  Force_corr  Kick        FindCluster CreateGroup MPI_comm    Output      Status      Other      
   0.0012567    1.47e-05  5.9468e-05           0   0.0002165  0.00092235  7.8247e-06  4.8103e-06  1.7515e-05  1.5996e-05  1.0538e-06  1.9826e-06  1.7881e-09  2.6001e-06
   0.0012567  1.4734e-05  5.9509e-05           0  0.00021459  0.00091459   7.874e-06  4.8426e-06  1.7553e-05  1.6015e-05  1.0855e-06  1.9827e-06  1.7979e-09  2.6775e-06
**** FDPS tree soft force time profile (local):
 Sample_ptcl Domain_deco Ex_ptcl     SetRootCell Make_LT     Make_LET    Make_GT     Make_Group  Make_I_list Calc_force  Write_back 
           0           0           0  5.8779e-06  0.00016451  2.1894e-05  0.00013041  2.7632e-06  4.9598e-05  0.00048748  1.6733e-05
**** Tree neighbor time profile (local):
 Sample_ptcl Domain_deco Ex_ptcl     SetRootCell Make_LT     Make_LET    Make_GT     Make_Group  Make_I_list Calc_force  Write_back 
           0           0           0    2.71e-06  7.1698e-05  1.2122e-05  5.7633e-05  5.2484e-07  1.3829e-05  4.1663e-05  4.1746e-06
**** Number per step (global):
 PP_single   PP_cluster  PP_cross    Cluster     Cross       AR_step_sum
      980.21      19.786           0       9.512           0     0.13281
 AR_tsyn_sum Stab_Ngroup Iso_Ngroup  Form_Ngroup End_Ngroup  Modf_Ngroup Merg_Ngroup H4_step_sum H4_no_NB    Ep-Ep_sum   Ep-Sp_sum  
    0.049072           0           0   0.0043945   0.0012207           0           0      105.39     0.02417  8.9256e+05       13484
**** Number of members in clusters (global):
N_members:            1           2           3           4           5
Count    :       980.21      8.8589     0.55444    0.088379    0.010254

Time: 11.5  N_real(loc): 1000  N_real(glb): 1000  N_all(loc): 1000  N_all(glb): 1000  N_remove(glb): 0  N_escape(glb): 0
Energy:     Error/Total         Error     Error_cum         Total       Kinetic     Potential        Modify  Modify_group Modify_single      Error_PP  Error_PP_cum
Physic:   -3.710847e-07   0.009971029   0.007469495     -26869.96      26438.12     -53308.08   1.63343e-05             0             0 -2.550736e-05  -0.000546935
Slowdown:  -3.71085e-07   0.009971037    0.00746951     -26869.96      26438.12     -53308.08  1.631906e-05             0             0 -2.545257e-05 -0.0005461619
Angular Momentum:  |L|err: 0.000370175  |L|err_cum: 0.02486702  L: 200.7769   -148.8329    -618.1215  |L|: 666.7359
C.M.: mass: 5500 pos: -0.04429768   -0.04582253    0.1305295 vel: -0.04110048   -0.03930584    -0.01840916
Tree step number: 4096
**** Wallclock time per step (local): [Min/Max]
 Total       PP_single   PP_cluster  PP_cross    Tree_NB     Tree_Force  Force_corr  Kick        FindCluster CreateGroup MPI_comm    Output      Status      Other      
   0.0011804  1.2831e-05  5.7596e-05           0  0.00020218   0.0008667  5.6521e-06  4.5543e-06  1.7217e-05  1.4351e-05  8.4263e-07  2.2209e-06  1.5117e-09   1.946e-06
   0.0011804  1.2866e-05  5.7635e-05           0  0.00020063   0.0008611  5.7009e-06  4.5865e-06  1.7254e-05  1.4369e-05  8.7441e-07   2.221e-06   1.519e-09   2.016e-06
**** FDPS tree soft force time profile (local):
 Sample_ptcl Domain_deco Ex_ptcl     SetRootCell Make_LT     Make_LET    Make_GT     Make_Group  Make_I_list Calc_force  Write_back 
           0           0           0   5.229e-06  0.00015354  2.0354e-05  0.00012422   2.342e-06   4.371e-05  0.00045386  1.2266e-05
**** Tree neighbor time profile (local):
 Sample_ptcl Domain_deco Ex_ptcl     SetRootCell Make_LT     Make_LET    Make_GT     Make_Group  Make_I_list Calc_force  Write_back 
           0           0           0  2.6453e-06  6.7823e-05  1.1133e-05  5.4522e-05  5.4505e-07  1.0973e-05  3.5344e-05    3.44e-06
**** Number per step (global):
 PP_single   PP_cluster  PP_cross    Cluster     Cross       AR_step_sum
      978.91      21.088           0      9.9651           0     0.45361
 AR_tsyn_sum Stab_Ngroup Iso_Ngroup  Form_Ngroup End_Ngroup  Modf_Ngroup Merg_Ngroup H4_step_sum H4_no_NB    Ep-Ep_sum   Ep-Sp_sum  
     0.15845           0           0    0.010742   0.0036621           0           0      109.25    0.038574  9.0653e+05      9852.4
**** Number of members in clusters (global):
N_members:            1           2           3           4           5           6
Count    :       978.91      8.9619     0.86792     0.11768    0.016113   0.0014648

Time: 12  N_real(loc): 1000  N_real(glb): 1000  N_all(loc): 1000  N_all(glb): 1000  N_remove(glb): 0  N_escape(glb): 0
Energy:     Error/Total         Error     Error_cum         Total       Kinetic     Potential        Modify  Modify_group Modify_single      Error_PP  Error_PP_cum
Physic:   -6.511635e-08   0.001749674   0.009219168     -26869.96      25445.28     -52315.24  1.651569e-05             0             0 -2.240858e-05 -0.0005693435
Slowdown: -6.511634e-08   0.001749673   0.009219183     -26869.96      25445.28     -52315.24   1.65007e-05             0             0  -2.23835e-05 -0.0005685454
Angular Momentum:  |L|err: 0.0006944231  |L|err_cum: 0.02556145  L: 200.7718   -148.8359    -618.121  |L|: 666.7346
C.M.: mass: 5500 pos: -0.05040355   -0.03462028    0.1147587 vel: -0.04301428   0.05527439    -0.06882287
Tree step number: 4096
**** Wallclock time per step (local): [Min/Max]
 Total       PP_single   PP_cluster  PP_cross    Tree_NB     Tree_Force  Force_corr  Kick        FindCluster CreateGroup MPI_comm    Output      Status      Other      
   0.0014204   1.313e-05  5.1195e-05           0  0.00024908   0.0010654  6.1942e-06  4.5565e-06  1.5437e-05  1.7016e-05  8.0489e-07  1.9269e-06  1.7637e-09   2.105e-06
   0.0014205  1.3164e-05  5.1234e-05           0  0.00024747   0.0010591  6.2433e-06  4.5889e-06  1.5473e-05  1.7035e-05  8.3667e-07   1.927e-06  1.7759e-09  2.1841e-06
**** FDPS tree soft force time profile (local):
 Sample_ptcl Domain_deco Ex_ptcl     SetRootCell Make_LT     Make_LET    Make_GT     Make_Group  Make_I_list Calc_force  Write_back 
           0           0           0   5.563e-06  0.00015416  2.0617e-05  0.00014547  2.6083e-06  4.6343e-05  0.00056757  1.3692e-05
**** Tree neighbor time profile (local):
 Sample_ptcl Domain_deco Ex_ptcl     SetRootCell Make_LT     Make_LET    Make_GT     Make_Group  Make_I_list Calc_force  Write_back 
           0           0           0  2.7038e-06  7.0288e-05  1.1624e-05  6.4867e-05  5.2818e-07  1.2604e-05   4.366e-05  3.5382e-06
**** Number per step (global):
 PP_single   PP_cluster  PP_cross    Cluster     Cross       AR_step_sum
      982.93       17.07           0      8.0544           0     0.34229
 AR_tsyn_sum Stab_Ngroup Iso_Ngroup  Form_Ngroup End_Ngroup  Modf_Ngroup Merg_Ngroup H4_step_sum H4_no_NB    Ep-Ep_sum   Ep-Sp_sum  
     0.12012           0           0     0.01123   0.0039062           0           0      89.336     0.05127  8.9526e+05       13052
**** Number of members in clusters (global):
N_members:            1           2           3           4           5           6
Count    :       982.93      7.3694     0.50195      0.1123    0.048828    0.021973

Time: 12.5  N_real(loc): 1000  N_real(glb): 1000  N_all(loc): 1000  N_all(glb): 1000  N_remove(glb): 0  N_escape(glb): 0
Energy:     Error/Total         Error     Error_cum         Total       Kinetic     Potential        Modify  Modify_group Modify_single      Error_PP  Error_PP_cum
Physic:   -8.162417e-07    0.02193236    0.03115153     -26869.93      28788.99     -55658.93  1.816689e-05             0             0 -5.301616e-05 -0.0006223597
Slowdown: -8.162417e-07    0.02193236    0.03115154     -26869.93      28788.99     -55658.93  1.815205e-05             0             0 -5.294003e-05 -0.0006214854
Angular Momentum:  |L|err: -0.0008728619  |L|err_cum: 0.02468858  L: 200.7725   -148.8315    -618.1236  |L|: 666.7362
C.M.: mass: 5500 pos: -0.07603994   -0.02239879    0.08190234 vel: -0.06997533   -0.004672355    -0.1149023
Tree step number: 4096
**** Wallclock time per step (local): [Min/Max]
 Total       PP_single   PP_cluster  PP_cross    Tree_NB     Tree_Force  Force_corr  Kick        FindCluster CreateGroup MPI_comm    Output      Status      Other      
   0.0014306  1.3121e-05  6.3967e-05           0  0.00025649   0.0010522   6.199e-06  4.5848e-06  1.8166e-05  1.6898e-05  9.1381e-07  1.9143e-06  1.5388e-09  2.1857e-06
   0.0014306  1.3155e-05  6.4008e-05           0   0.0002548   0.0010464  6.2477e-06  4.6166e-06  1.8208e-05  1.6917e-05  9.4528e-07  1.9143e-06  1.5461e-09  2.2581e-06
**** FDPS tree soft force time profile (local):
 Sample_ptcl Domain_deco Ex_ptcl     SetRootCell Make_LT     Make_LET    Make_GT     Make_Group  Make_I_list Calc_force  Write_back 
           0           0           0  5.8139e-06  0.00015249  1.9899e-05  0.00014019  2.4798e-06   4.258e-05  0.00057883  1.2809e-05
**** Tree neighbor time profile (local):
 Sample_ptcl Domain_deco Ex_ptcl     SetRootCell Make_LT     Make_LET    Make_GT     Make_Group  Make_I_list Calc_force  Write_back 
           0           0           0  3.7999e-06  7.6257e-05   1.149e-05  6.3921e-05  5.9781e-07  1.1145e-05  4.9018e-05  3.7134e-06
**** Number per step (global):
 PP_single   PP_cluster  PP_cross    Cluster     Cross       AR_step_sum
      975.27      24.731           0      11.485           0     0.57959
 AR_tsyn_sum Stab_Ngroup Iso_Ngroup  Form_Ngroup End_Ngroup  Modf_Ngroup Merg_Ngroup H4_step_sum H4_no_NB    Ep-Ep_sum   Ep-Sp_sum  
     0.18433           0           0    0.015137   0.0043945           0           0      129.48    0.083496  9.1009e+05       11582
**** Number of members in clusters (global):
N_members:            1           2           3           4           5           6           7
Count    :       975.27      10.191     0.96533     0.21387    0.095703    0.011719   0.0068359

Time: 13  N_real(loc): 1000  N_real(glb): 1000  N_all(loc): 1000  N_all(glb): 1000  N_remove(glb): 0  N_escape(glb): 0
Energy:     Error/Total         Error     Error_cum         Total       Kinetic     Potential        Modify  Modify_group Modify_single      Error_PP  Error_PP_cum
Physic:    1.660367e-06   -0.04461403    -0.0134625     -26869.98      26051.69     -52921.67  1.897493e-05             0             0 -3.521387e-05 -0.0006575736
Slowdown:  1.660367e-06   -0.04461403   -0.01346249     -26869.98      26051.69     -52921.67  1.896008e-05             0             0 -3.500911e-05 -0.0006564945
Angular Momentum:  |L|err: -0.004723446  |L|err_cum: 0.01996514  L: 200.7755   -148.8412    -618.1247  |L|: 666.7403
C.M.: mass: 5500 pos: -0.09110124   -0.02513002    0.06201137 vel: 0.01454031   -0.02834069    0.009131789
Tree step number: 4096
**** Wallclock time per step (local): [Min/Max]
 Total       PP_single   PP_cluster  PP_cross    Tree_NB     Tree_Force  Force_corr  Kick        FindCluster CreateGroup MPI_comm    Output      Status      Other      
   0.0013919  1.4141e-05  5.8957e-05           0  0.00023877   0.0010346  7.2428e-06   5.515e-06  1.7892e-05  1.7857e-05  9.1913e-07  1.4983e-06  1.3625e-09  1.9884e-06
    0.001392  1.4175e-05  5.8998e-05           0  0.00023711   0.0010274  7.2915e-06   5.547e-06  1.7935e-05   1.788e-05  9.5068e-07  1.4984e-06  1.3699e-09  2.0581e-06
**** FDPS tree soft force time profile (local):
 Sample_ptcl Domain_deco Ex_ptcl     SetRootCell Make_LT     Make_LET    Make_GT     Make_Group  Make_I_list Calc_force  Write_back 
           0           0           0  7.5283e-06  0.00016878  2.1925e-05  0.00014498  2.5763e-06  5.1339e-05   0.0005179  1.5407e-05
**** Tree neighbor time profile (local):
 Sample_ptcl Domain_deco Ex_ptcl     SetRootCell Make_LT     Make_LET    Make_GT     Make_Group  Make_I_list Calc_force  Write_back 
           0           0           0  4.0543e-06   6.987e-05  1.1384e-05   6.585e-05  5.4913e-07  1.2102e-05  3.5568e-05  3.6384e-06
**** Number per step (global):
 PP_single   PP_cluster  PP_cross    Cluster     Cross       AR_step_sum
      979.28      20.716           0      9.5781           0     0.73804
 AR_tsyn_sum Stab_Ngroup Iso_Ngroup  Form_Ngroup End_Ngroup  Modf_Ngroup Merg_Ngroup H4_step_sum H4_no_NB    Ep-Ep_sum   Ep-Sp_sum  
     0.26147           0           0    0.021484    0.005127           0           0      108.78    0.099365  8.9667e+05       13857
**** Number of members in clusters (global):
N_members:            1           2           3           4           5           6
Count    :       979.28      8.4033     0.86865      0.2417    0.049805    0.014648

Time: 13.5  N_real(loc): 1000  N_real(glb): 1000  N_all(loc): 1000  N_all(glb): 1000  N_remove(glb): 0  N_escape(glb): 0
Energy:     Error/Total         Error     Error_cum         Total       Kinetic     Potential        Modify  Modify_group Modify_single      Error_PP  Error_PP_cum
Physic:   -2.997566e-07    0.00805445  -0.005408054     -26869.97      29117.92     -55987.89  1.986917e-05             0             0 -3.641287e-05 -0.0006939864
Slowdown: -2.997565e-07   0.008054448   -0.00540804     -26869.97      29117.92     -55987.89  1.985588e-05             0             0 -3.742379e-05 -0.0006939183
Angular Momentum:  |L|err: -0.00159891  |L|err_cum: 0.01836623  L: 200.7755   -148.842    -618.1263  |L|: 666.742
C.M.: mass: 5500 pos: -0.08703835   -0.06340293    0.08368559 vel: -0.02299183   -0.04847565    0.04483912
Tree step number: 4096
**** Wallclock time per step (local): [Min/Max]
 Total       PP_single   PP_cluster  PP_cross    Tree_NB     Tree_Force  Force_corr  Kick        FindCluster CreateGroup MPI_comm    Output      Status      Other      
   0.0014616  1.3281e-05  6.0613e-05           0  0.00025277   0.0010909  5.9433e-06  4.9831e-06   1.783e-05  1.5747e-05  1.1162e-06  1.9458e-06  1.4358e-09   2.248e-06
   0.0014617  1.3315e-05  6.0652e-05           0  0.00025124   0.0010852  5.9912e-06  5.0208e-06  1.7866e-05  1.5773e-05  1.1478e-06  1.9459e-06  1.4431e-09   2.322e-06
**** FDPS tree soft force time profile (local):
 Sample_ptcl Domain_deco Ex_ptcl     SetRootCell Make_LT     Make_LET    Make_GT     Make_Group  Make_I_list Calc_force  Write_back 
           0           0           0  5.4807e-06  0.00015794  2.1163e-05  0.00017244  2.7688e-06  6.2443e-05  0.00049046  1.2477e-05
**** Tree neighbor time profile (local):
 Sample_ptcl Domain_deco Ex_ptcl     SetRootCell Make_LT     Make_LET    Make_GT     Make_Group  Make_I_list Calc_force  Write_back 
           0           0           0  3.7652e-06  7.3812e-05  1.1215e-05  7.2501e-05  6.6473e-07  1.3277e-05  1.8098e-05  3.3798e-06
**** Number per step (global):
 PP_single   PP_cluster  PP_cross    Cluster     Cross       AR_step_sum
      978.39      21.606           0      10.106           0      1.0359
 AR_tsyn_sum Stab_Ngroup Iso_Ngroup  Form_Ngroup End_Ngroup  Modf_Ngroup Merg_Ngroup H4_step_sum H4_no_NB    Ep-Ep_sum   Ep-Sp_sum  
     0.34351           0           0    0.033203   0.0085449           0           0      114.37    0.073486  8.4855e+05       21284
**** Number of members in clusters (global):
N_members:            1           2           3           4           5           6
Count    :       978.39      9.0085     0.88037     0.15479    0.043457    0.018555

Time: 14  N_real(loc): 1000  N_real(glb): 1000  N_all(loc): 1000  N_all(glb): 1000  N_remove(glb): 0  N_escape(glb): 0
Energy:     Error/Total         Error     Error_cum         Total       Kinetic     Potential        Modify  Modify_group Modify_single      Error_PP  Error_PP_cum
Physic:   -1.002241e-06    0.02693016    0.02152211     -26869.94      25268.85     -52138.79  2.043226e-05             0             0 -4.783455e-05  -0.000741821
Slowdown: -1.002241e-06    0.02693016    0.02152212     -26869.94      25268.85     -52138.79  2.041888e-05             0             0 -4.839413e-05 -0.0007423125
Angular Momentum:  |L|err: 0.006693106  |L|err_cum: 0.02505933  L: 200.7756   -148.8382    -618.1198  |L|: 666.7351
C.M.: mass: 5500 pos: -0.1219814   -0.05126298    0.1081728 vel: -0.08832073   -0.02714097    0.02396005
Tree step number: 4096
**** Wallclock time per step (local): [Min/Max]
 Total       PP_single   PP_cluster  PP_cross    Tree_NB     Tree_Force  Force_corr  Kick        FindCluster CreateGroup MPI_comm    Output      Status      Other      
   0.0014521  1.3426e-05  5.5847e-05           0  0.00024196   0.0010979  6.7412e-06  5.2138e-06  1.7855e-05  1.5157e-05  8.2091e-07  2.0976e-06  1.8418e-09  2.2848e-06
   0.0014521  1.3463e-05  5.5886e-05           0  0.00024012    0.001091    6.79e-06  5.2461e-06  1.7892e-05  1.5182e-05  8.5257e-07  2.0976e-06  1.8491e-09  2.3594e-06
**** FDPS tree soft force time profile (local):
 Sample_ptcl Domain_deco Ex_ptcl     SetRootCell Make_LT     Make_LET    Make_GT     Make_Group  Make_I_list Calc_force  Write_back 
           0           0           0  7.4348e-06  0.00016097  2.1646e-05  0.00015825   2.764e-06  5.0924e-05  0.00056422  1.4897e-05
**** Tree neighbor time profile (local):
 Sample_ptcl Domain_deco Ex_ptcl     SetRootCell Make_LT     Make_LET    Make_GT     Make_Group  Make_I_list Calc_force  Write_back 
           0           0           0  3.6441e-06  7.1744e-05  1.1473e-05  6.5434e-05  5.7864e-07  1.1456e-05  3.4465e-05  4.0064e-06
**** Number per step (global):
 PP_single   PP_cluster  PP_cross    Cluster     Cross       AR_step_sum
      980.98      19.025           0      9.0935           0      1.3501
 AR_tsyn_sum Stab_Ngroup Iso_Ngroup  Form_Ngroup End_Ngroup  Modf_Ngroup Merg_Ngroup H4_step_sum H4_no_NB    Ep-Ep_sum   Ep-Sp_sum  
     0.46094           0           0    0.040039   0.0095215           0           0      101.99    0.073486  8.6216e+05       18674
**** Number of members in clusters (global):
N_members:            1           2           3           4           5           6
Count    :       980.98      8.3994     0.59424    0.071533    0.012695    0.015625

Time: 14.5  N_real(loc): 1000  N_real(glb): 1000  N_all(loc): 1000  N_all(glb): 1000  N_remove(glb): 0  N_escape(glb): 0
Energy:     Error/Total         Error     Error_cum         Total       Kinetic     Potential        Modify  Modify_group Modify_single      Error_PP  Error_PP_cum
Physic:   -1.550166e-07   0.004165287     0.0256874     -26869.94      26486.48     -53356.42  2.234974e-05             0             0  -1.59058e-05 -0.0007577268
Slowdown: -1.550166e-07   0.004165287    0.02568741     -26869.94      26486.48     -53356.42   2.23366e-05             0             0 -1.551747e-05 -0.0007578299
Angular Momentum:  |L|err: 0.003966909  |L|err_cum: 0.02902624  L: 200.7699   -148.8339    -618.1185  |L|: 666.7313
C.M.: mass: 5500 pos: -0.1347289   -0.07396783    0.1313922 vel: 0.07358519   -0.07330067    0.0695886
Tree step number: 4096
**** Wallclock time per step (local): [Min/Max]
 Total       PP_single   PP_cluster  PP_cross    Tree_NB     Tree_Force  Force_corr  Kick        FindCluster CreateGroup MPI_comm    Output      Status      Other      
   0.0014702  1.3346e-05  6.1543e-05           0  0.00024649   0.0011054  6.9095e-06  5.0372e-06  1.8083e-05  1.4672e-05  9.2261e-07  2.0422e-06  1.8296e-09  2.3359e-06
   0.0014702   1.338e-05  6.1583e-05           0  0.00024481    0.001099  6.9589e-06  5.0695e-06   1.812e-05   1.469e-05  9.5433e-07  2.0423e-06  1.8396e-09  2.4109e-06
**** FDPS tree soft force time profile (local):
 Sample_ptcl Domain_deco Ex_ptcl     SetRootCell Make_LT     Make_LET    Make_GT     Make_Group  Make_I_list Calc_force  Write_back 
           0           0           0  6.2934e-06  0.00015844  2.1454e-05  0.00016005  2.5676e-06  4.9954e-05  0.00056796  1.4032e-05
**** Tree neighbor time profile (local):
 Sample_ptcl Domain_deco Ex_ptcl     SetRootCell Make_LT     Make_LET    Make_GT     Make_Group  Make_I_list Calc_force  Write_back 
           0           0           0  3.5803e-06  7.1644e-05  1.1578e-05  6.6148e-05  5.7992e-07   1.228e-05   3.354e-05  3.6926e-06
**** Number per step (global):
 PP_single   PP_cluster  PP_cross    Cluster     Cross       AR_step_sum
      977.54      22.461           0      10.421           0     0.17847
 AR_tsyn_sum Stab_Ngroup Iso_Ngroup  Form_Ngroup End_Ngroup  Modf_Ngroup Merg_Ngroup H4_step_sum H4_no_NB    Ep-Ep_sum   Ep-Sp_sum  
    0.062256           0           0   0.0063477   0.0012207           0           0      119.74    0.072998  8.7047e+05       15407
**** Number of members in clusters (global):
N_members:            1           2           3           4           5           6           7
Count    :       977.54       9.155     0.98535     0.22827    0.039551   0.0078125   0.0053711

Time: 15  N_real(loc): 1000  N_real(glb): 1000  N_all(loc): 1000  N_all(glb): 1000  N_remove(glb): 0  N_escape(glb): 0
Energy:     Error/Total         Error     Error_cum         Total       Kinetic     Potential        Modify  Modify_group Modify_single      Error_PP  Error_PP_cum
Physic:    3.278025e-07  -0.008808036    0.01687936     -26869.95      26259.16     -53129.11  2.367661e-05             0             0 -2.522442e-05 -0.0007829512
Slowdown:  3.278025e-07  -0.008808036    0.01687937     -26869.95      26259.16     -53129.11  2.366347e-05             0             0 -2.511656e-05 -0.0007829465
Angular Momentum:  |L|err: 0.005737087  |L|err_cum: 0.03476333  L: 200.7685   -148.8401    -618.1114  |L|: 666.7257
C.M.: mass: 5500 pos: -0.1285989   -0.08452826    0.1359137 vel: -0.04190329   0.1122691    0.05880663
Tree step number: 4096
**** Wallclock time per step (local): [Min/Max]
 Total       PP_single   PP_cluster  PP_cross    Tree_NB     Tree_Force  Force_corr  Kick        FindCluster CreateGroup MPI_comm    Output      Status      Other      
   0.0015437  1.3505e-05  5.8975e-05           0  0.00025425   0.0011741  6.5788e-06  5.5839e-06  1.7439e-05  1.4877e-05  7.9318e-07  1.9889e-06  1.4626e-09  2.1263e-06
   0.0015437  1.3539e-05  5.9015e-05           0  0.00025261   0.0011677   6.628e-06   5.627e-06  1.7475e-05  1.4895e-05  8.2497e-07   1.989e-06  1.4724e-09  2.2003e-06
**** FDPS tree soft force time profile (local):
 Sample_ptcl Domain_deco Ex_ptcl     SetRootCell Make_LT     Make_LET    Make_GT     Make_Group  Make_I_list Calc_force  Write_back 
           0           0           0  6.1591e-06  0.00015936  2.0998e-05  0.00015961  2.6894e-06  5.0802e-05  0.00063056  1.3836e-05
**** Tree neighbor time profile (local):
 Sample_ptcl Domain_deco Ex_ptcl     SetRootCell Make_LT     Make_LET    Make_GT     Make_Group  Make_I_list Calc_force  Write_back 
           0           0           0  2.7957e-06  7.0166e-05  1.1123e-05  6.4801e-05  5.9274e-07  1.1694e-05  4.3739e-05  3.6069e-06
**** Number per step (global):
 PP_single   PP_cluster  PP_cross    Cluster     Cross       AR_step_sum
       978.8      21.202           0      9.9326           0     0.63647
 AR_tsyn_sum Stab_Ngroup Iso_Ngroup  Form_Ngroup End_Ngroup  Modf_Ngroup Merg_Ngroup H4_step_sum H4_no_NB    Ep-Ep_sum   Ep-Sp_sum  
     0.20703           0           0    0.021729   0.0053711           0           0      111.49    0.054932   8.616e+05       17832
**** Number of members in clusters (global):
N_members:            1           2           3           4           5           6           7
Count    :        978.8       8.811     0.95654     0.13184     0.01709    0.015625  0.00048828

Time: 15.5  N_real(loc): 1000  N_real(glb): 1000  N_all(loc): 1000  N_all(glb): 1000  N_remove(glb): 0  N_escape(glb): 0
Energy:     Error/Total         Error     Error_cum         Total       Kinetic     Potential        Modify  Modify_group Modify_single      Error_PP  Error_PP_cum
Physic:   -4.895177e-07    0.01315331    0.03003267     -26869.94      29336.76      -56206.7  2.312629e-05             0             0 -2.207131e-05 -0.0008050225
Slowdown: -4.895177e-07    0.01315331    0.03003268     -26869.94      29336.76      -56206.7  2.311319e-05             0             0 -2.184761e-05 -0.0008047941
Angular Momentum:  |L|err: -8.469588e-05  |L|err_cum: 0.03467863  L: 200.7692   -148.841    -618.1112  |L|: 666.7259
C.M.: mass: 5500 pos: -0.1060372   -0.06875422    0.1623141 vel: 0.09129684   0.01130339    0.005434652
Tree step number: 4096
**** Wallclock time per step (local): [Min/Max]
 Total       PP_single   PP_cluster  PP_cross    Tree_NB     Tree_Force  Force_corr  Kick        FindCluster CreateGroup MPI_comm    Output      Status      Other      
   0.0014063  1.6806e-05  6.0055e-05           0  0.00025076   0.0010271  8.9431e-06  7.3254e-06  2.1083e-05  1.6869e-05  1.2656e-06  2.0516e-06   2.123e-09  4.8793e-06
   0.0014063  1.6842e-05  6.0103e-05           0  0.00024833   0.0010171  8.9935e-06  7.3683e-06  2.1122e-05  1.6889e-05   1.305e-06  2.0518e-06  2.1353e-09  4.9498e-06
**** FDPS tree soft force time profile (local):
 Sample_ptcl Domain_deco Ex_ptcl     SetRootCell Make_LT     Make_LET    Make_GT     Make_Group  Make_I_list Calc_force  Write_back 
           0           0           0  8.2789e-06  0.00019119  2.6786e-05  0.00015497  2.7297e-06  4.7646e-05  0.00051886  2.1455e-05
**** Tree neighbor time profile (local):
 Sample_ptcl Domain_deco Ex_ptcl     SetRootCell Make_LT     Make_LET    Make_GT     Make_Group  Make_I_list Calc_force  Write_back 
           0           0           0  3.4512e-06  8.3566e-05  1.4193e-05   6.447e-05  5.3075e-07  1.2237e-05  5.1814e-05  5.2311e-06
**** Number per step (global):
 PP_single   PP_cluster  PP_cross    Cluster     Cross       AR_step_sum
      981.75      18.247           0      8.7119           0     0.32983
 AR_tsyn_sum Stab_Ngroup Iso_Ngroup  Form_Ngroup End_Ngroup  Modf_Ngroup Merg_Ngroup H4_step_sum H4_no_NB    Ep-Ep_sum   Ep-Sp_sum  
     0.11304           0           0     0.01123   0.0036621           0           0      98.275    0.032959  9.0285e+05       13245
**** Number of members in clusters (global):
N_members:            1           2           3           4           5
Count    :       981.75      7.9858     0.63672    0.082031   0.0073242

Time: 16  N_real(loc): 1000  N_real(glb): 1000  N_all(loc): 1000  N_all(glb): 1000  N_remove(glb): 0  N_escape(glb): 0
Energy:     Error/Total         Error     Error_cum         Total       Kinetic     Potential        Modify  Modify_group Modify_single      Error_PP  Error_PP_cum
Physic:    -6.04054e-07    0.01623088    0.04626355     -26869.92      26737.79     -53607.71  2.378918e-05             0             0 -1.716006e-05 -0.0008221826
Slowdown:  -6.04054e-07    0.01623088    0.04626357     -26869.92      26737.79     -53607.71  2.377608e-05             0             0  -1.74554e-05 -0.0008222495
Angular Momentum:  |L|err: -0.00138023  |L|err_cum: 0.0332984  L: 200.7631   -148.8431    -618.1156  |L|: 666.7285
C.M.: mass: 5500 pos: -0.05750934   -0.0667094    0.166188 vel: 0.09992203   0.05676416    0.002338628
Tree step number: 4096
**** Wallclock time per step (local): [Min/Max]
 Total       PP_single   PP_cluster  PP_cross    Tree_NB     Tree_Force  Force_corr  Kick        FindCluster CreateGroup MPI_comm    Output      Status      Other      
   0.0013814  1.6409e-05  6.5405e-05           0  0.00024028   0.0010115   7.462e-06  5.7613e-06  2.0247e-05  1.6683e-05  1.0569e-06  1.7018e-06  1.5679e-09  2.4096e-06
   0.0013815  1.6443e-05  6.5461e-05           0   0.0002384   0.0010043  7.5139e-06  5.7936e-06  2.0292e-05  1.6702e-05  1.0885e-06  1.7019e-06  1.5776e-09  2.4811e-06
**** FDPS tree soft force time profile (local):
 Sample_ptcl Domain_deco Ex_ptcl     SetRootCell Make_LT     Make_LET    Make_GT     Make_Group  Make_I_list Calc_force  Write_back 
           0           0           0     6.8e-06  0.00017813   2.254e-05  0.00016092  3.2829e-06  6.0873e-05  0.00045389   1.569e-05
**** Tree neighbor time profile (local):
 Sample_ptcl Domain_deco Ex_ptcl     SetRootCell Make_LT     Make_LET    Make_GT     Make_Group  Make_I_list Calc_force  Write_back 
           0           0           0  3.4516e-06  7.4187e-05  1.2263e-05  6.6842e-05  6.2443e-07  1.2521e-05  3.1637e-05  4.1131e-06
**** Number per step (global):
 PP_single   PP_cluster  PP_cross    Cluster     Cross       AR_step_sum
      977.18      22.818           0      10.825           0     0.45898
 AR_tsyn_sum Stab_Ngroup Iso_Ngroup  Form_Ngroup End_Ngroup  Modf_Ngroup Merg_Ngroup H4_step_sum H4_no_NB    Ep-Ep_sum   Ep-Sp_sum  
     0.15527           0           0    0.012207   0.0031738           0           0      117.15    0.051758  8.6434e+05       20772
**** Number of members in clusters (global):
N_members:            1           2           3           4           5           6
Count    :       977.18      9.8633     0.79102     0.13965    0.027832    0.003418

Time: 16.5  N_real(loc): 1000  N_real(glb): 1000  N_all(loc): 1000  N_all(glb): 1000  N_remove(glb): 0  N_escape(glb): 0
Energy:     Error/Total         Error     Error_cum         Total       Kinetic     Potential        Modify  Modify_group Modify_single      Error_PP  Error_PP_cum
Physic:    1.240402e-06   -0.03332955      0.012934     -26869.95      24922.32     -51792.28  2.411431e-05             0             0 -3.413795e-05 -0.0008563205
Slowdown:  1.240402e-06   -0.03332955    0.01293401     -26869.95      24922.32     -51792.28  2.410124e-05             0             0 -3.432446e-05  -0.000856574
Angular Momentum:  |L|err: 0.004365712  |L|err_cum: 0.03766412  L: 200.7574   -148.8463    -618.1144  |L|: 666.7265
C.M.: mass: 5500 pos: -0.02255213   -0.05067478    0.1584422 vel: -0.008507091   0.05073673    -0.05686267
Tree step number: 4096
**** Wallclock time per step (local): [Min/Max]
 Total       PP_single   PP_cluster  PP_cross    Tree_NB     Tree_Force  Force_corr  Kick        FindCluster CreateGroup MPI_comm    Output      Status      Other      
   0.0013447  1.2737e-05  5.8996e-05           0  0.00022423   0.0010067  7.3308e-06  4.4655e-06  1.7546e-05  1.4206e-05  8.5803e-07  1.9661e-06  1.3601e-09  1.9178e-06
   0.0013447  1.2774e-05  5.9033e-05           0  0.00022271   0.0010006  7.3789e-06  4.4973e-06  1.7581e-05  1.4223e-05  8.8913e-07  1.9662e-06  1.3699e-09  1.9859e-06
**** FDPS tree soft force time profile (local):
 Sample_ptcl Domain_deco Ex_ptcl     SetRootCell Make_LT     Make_LET    Make_GT     Make_Group  Make_I_list Calc_force  Write_back 
           0           0           0  5.3913e-06  0.00014911  1.9935e-05  0.00014739  2.8316e-06  5.0209e-05   0.0005129  1.3443e-05
**** Tree neighbor time profile (local):
 Sample_ptcl Domain_deco Ex_ptcl     SetRootCell Make_LT     Make_LET    Make_GT     Make_Group  Make_I_list Calc_force  Write_back 
           0           0           0  2.4241e-06  6.5003e-05  1.0638e-05  5.9634e-05   5.568e-07  1.0448e-05   3.908e-05  3.3557e-06
**** Number per step (global):
 PP_single   PP_cluster  PP_cross    Cluster     Cross       AR_step_sum
       977.3        22.7           0      10.613           0     0.52759
 AR_tsyn_sum Stab_Ngroup Iso_Ngroup  Form_Ngroup End_Ngroup  Modf_Ngroup Merg_Ngroup H4_step_sum H4_no_NB    Ep-Ep_sum   Ep-Sp_sum  
     0.18115           0           0    0.014893   0.0043945           0           0      124.38     0.06543  8.5675e+05       21200
**** Number of members in clusters (global):
N_members:            1           2           3           4           5           6
Count    :        977.3      9.4365     0.95264     0.17334    0.029297    0.021484

Time: 17  N_real(loc): 1000  N_real(glb): 1000  N_all(loc): 1000  N_all(glb): 1000  N_remove(glb): 0  N_escape(glb): 0
Energy:     Error/Total         Error     Error_cum         Total       Kinetic     Potential        Modify  Modify_group Modify_single      Error_PP  Error_PP_cum
Physic:    2.493694e-08 -0.0006700545    0.01226395     -26869.95      24496.28     -51366.23  2.389123e-05             0             0 -2.844992e-05 -0.0008847705
Slowdown:  2.493694e-08 -0.0006700545    0.01226396     -26869.95      24496.28     -51366.23  2.387816e-05             0             0 -2.755997e-05 -0.0008841339
Angular Momentum:  |L|err: -0.002464824  |L|err_cum: 0.03519929  L: 200.7636   -148.8463    -618.1132  |L|: 666.7273
C.M.: mass: 5500 pos: -0.05517096   0.009312539    0.1131741 vel: -0.005510961   0.08880233    -0.0462795
Tree step number: 4096
**** Wallclock time per step (local): [Min/Max]
 Total       PP_single   PP_cluster  PP_cross    Tree_NB     Tree_Force  Force_corr  Kick        FindCluster CreateGroup MPI_comm    Output      Status      Other      
   0.0011182  1.2103e-05  5.5614e-05           0  0.00018768  0.00082399  5.8835e-06  4.6965e-06  1.6081e-05  1.3744e-05  7.6479e-07  1.2231e-06  1.6829e-09  1.9931e-06
   0.0011182  1.2135e-05  5.5651e-05           0  0.00018621  0.00081846  5.9314e-06  4.7281e-06  1.6117e-05  1.3761e-05  7.9584e-07  1.2232e-06  1.6902e-09  2.0582e-06
**** FDPS tree soft force time profile (local):
 Sample_ptcl Domain_deco Ex_ptcl     SetRootCell Make_LT     Make_LET    Make_GT     Make_Group  Make_I_list Calc_force  Write_back 
           0           0           0  4.9984e-06  0.00014208  1.8907e-05  0.00011534  2.4881e-06  4.4239e-05  0.00043875  1.2023e-05
**** Tree neighbor time profile (local):
 Sample_ptcl Domain_deco Ex_ptcl     SetRootCell Make_LT     Make_LET    Make_GT     Make_Group  Make_I_list Calc_force  Write_back 
           0           0           0   2.492e-06  6.3117e-05  1.0464e-05  4.7788e-05  5.4477e-07   9.853e-06  3.8097e-05  3.2349e-06
**** Number per step (global):
 PP_single   PP_cluster  PP_cross    Cluster     Cross       AR_step_sum
       978.3      21.698           0      10.059           0     0.54004
 AR_tsyn_sum Stab_Ngroup Iso_Ngroup  Form_Ngroup End_Ngroup  Modf_Ngroup Merg_Ngroup H4_step_sum H4_no_NB    Ep-Ep_sum   Ep-Sp_sum  
      0.1936           0           0    0.012695   0.0031738           0           0      117.21    0.078125  8.6789e+05       17542
**** Number of members in clusters (global):
N_members:            1           2           3           4           5           6
Count    :        978.3      8.8367     0.94629     0.21289    0.043945    0.019043

Time: 17.5  N_real(loc): 1000  N_real(glb): 1000  N_all(loc): 1000  N_all(glb): 1000  N_remove(glb): 0  N_escape(glb): 0
Energy:     Error/Total         Error     Error_cum         Total       Kinetic     Potential        Modify  Modify_group Modify_single      Error_PP  Error_PP_cum
Physic:   -5.929811e-07    0.01593336    0.02819731     -26869.94      27818.08     -54688.01  2.208306e-05             0             0  -3.87969e-05 -0.0009235674
Slowdown: -5.929809e-07    0.01593336    0.02819732     -26869.94      27818.08     -54688.01  2.207537e-05             0             0 -3.948784e-05 -0.0009236218
Angular Momentum:  |L|err: 0.001292419  |L|err_cum: 0.03649171  L: 200.762   -148.8435    -618.1125  |L|: 666.7255
C.M.: mass: 5500 pos: -0.03620898   0.02338938    0.1216973 vel: 0.0373188   0.03312122    0.08612371
Tree step number: 4096
**** Wallclock time per step (local): [Min/Max]
 Total       PP_single   PP_cluster  PP_cross    Tree_NB     Tree_Force  Force_corr  Kick        FindCluster CreateGroup MPI_comm    Output      Status      Other      
   0.0012192  1.2957e-05  5.8937e-05           0  0.00021289  0.00089129  6.1288e-06   4.592e-06  1.8855e-05  1.4601e-05  8.2031e-07  2.0429e-06  1.4089e-09  2.1222e-06
   0.0012192   1.299e-05  5.8976e-05           0  0.00021119  0.00088549  6.1769e-06  4.6242e-06  1.8901e-05  1.4619e-05  8.5128e-07   2.043e-06  1.4187e-09  2.1915e-06
**** FDPS tree soft force time profile (local):
 Sample_ptcl Domain_deco Ex_ptcl     SetRootCell Make_LT     Make_LET    Make_GT     Make_Group  Make_I_list Calc_force  Write_back 
           0           0           0  5.2507e-06  0.00014861  2.0585e-05  0.00013445   2.578e-06  4.5749e-05  0.00043928  1.2684e-05
**** Tree neighbor time profile (local):
 Sample_ptcl Domain_deco Ex_ptcl     SetRootCell Make_LT     Make_LET    Make_GT     Make_Group  Make_I_list Calc_force  Write_back 
           0           0           0  2.5956e-06  6.7034e-05  1.1091e-05  5.6018e-05  5.7704e-07  1.1325e-05  3.4058e-05  3.7347e-06
**** Number per step (global):
 PP_single   PP_cluster  PP_cross    Cluster     Cross       AR_step_sum
      977.14      22.865           0      10.116           0     0.50586
 AR_tsyn_sum Stab_Ngroup Iso_Ngroup  Form_Ngroup End_Ngroup  Modf_Ngroup Merg_Ngroup H4_step_sum H4_no_NB    Ep-Ep_sum   Ep-Sp_sum  
     0.16943           0           0    0.011963   0.0031738           0           0      125.03      0.1416  8.7142e+05       16236
**** Number of members in clusters (global):
N_members:            1           2           3           4           5           6           7           8
Count    :       977.14       8.512      1.0017     0.28564     0.22656    0.072266     0.01416    0.003418

Time: 18  N_real(loc): 1000  N_real(glb): 1000  N_all(loc): 1000  N_all(glb): 1000  N_remove(glb): 0  N_escape(glb): 0
Energy:     Error/Total         Error     Error_cum         Total       Kinetic     Potential        Modify  Modify_group Modify_single      Error_PP  Error_PP_cum
Physic:    2.088294e-07  -0.005611235    0.02258608     -26869.94      29373.69     -56243.63   2.11201e-05             0             0 -2.276663e-05  -0.000946334
Slowdown:  2.088294e-07  -0.005611235    0.02258608     -26869.94      29373.69     -56243.63  2.111241e-05             0             0 -2.269099e-05 -0.0009463128
Angular Momentum:  |L|err: 0.00184674  |L|err_cum: 0.03833845  L: 200.757   -148.8412    -618.1137  |L|: 666.7246
C.M.: mass: 5500 pos: -0.00990514   0.01478276    0.1131687 vel: 0.03851183   0.006499315    -0.01869343
Tree step number: 4096
**** Wallclock time per step (local): [Min/Max]
 Total       PP_single   PP_cluster  PP_cross    Tree_NB     Tree_Force  Force_corr  Kick        FindCluster CreateGroup MPI_comm    Output      Status      Other      
   0.0011533  1.3128e-05  6.3025e-05           0   0.0001991  0.00083246  6.8053e-06  4.8484e-06  1.9346e-05  1.6934e-05  8.8134e-07  1.8086e-06  1.6194e-09  2.0427e-06
   0.0011533  1.3161e-05  6.3065e-05           0  0.00019744  0.00082558  6.8615e-06    4.88e-06  1.9382e-05  1.6952e-05   9.165e-07  1.8087e-06  1.6292e-09  2.1197e-06
**** FDPS tree soft force time profile (local):
 Sample_ptcl Domain_deco Ex_ptcl     SetRootCell Make_LT     Make_LET    Make_GT     Make_Group  Make_I_list Calc_force  Write_back 
           0           0           0  5.5146e-06  0.00015968  1.9903e-05  0.00012177  2.2012e-06  3.9517e-05  0.00042448  1.4768e-05
**** Tree neighbor time profile (local):
 Sample_ptcl Domain_deco Ex_ptcl     SetRootCell Make_LT     Make_LET    Make_GT     Make_Group  Make_I_list Calc_force  Write_back 
           0           0           0  2.9906e-06  6.7863e-05  1.1173e-05  5.2603e-05  4.6926e-07  8.8927e-06  3.9804e-05  3.6764e-06
**** Number per step (global):
 PP_single   PP_cluster  PP_cross    Cluster     Cross       AR_step_sum
      974.82      25.185           0       11.39           0     0.64746
 AR_tsyn_sum Stab_Ngroup Iso_Ngroup  Form_Ngroup End_Ngroup  Modf_Ngroup Merg_Ngroup H4_step_sum H4_no_NB    Ep-Ep_sum   Ep-Sp_sum  
     0.23877           0           0    0.019531   0.0056152           0           0      133.62     0.11035  8.9303e+05       10552
**** Number of members in clusters (global):
N_members:            1           2           3           4           5           6           7           8
Count    :       974.82      9.5376      1.4199     0.34009    0.077637   0.0063477   0.0073242   0.0014648

Time: 18.5  N_real(loc): 1000  N_real(glb): 1000  N_all(loc): 1000  N_all(glb): 1000  N_remove(glb): 0  N_escape(glb): 0
Energy:     Error/Total         Error     Error_cum         Total       Kinetic     Potential        Modify  Modify_group Modify_single      Error_PP  Error_PP_cum
Physic:   -2.095898e-07   0.005631665    0.02821774     -26869.94      25989.96      -52859.9  2.174681e-05             0             0 -4.065103e-05  -0.000986985
Slowdown: -2.095898e-07   0.005631665    0.02821775     -26869.94      25989.96      -52859.9  2.173912e-05             0             0 -4.078788e-05 -0.0009871006
Angular Momentum:  |L|err: -0.002712053  |L|err_cum: 0.0356264  L: 200.7579   -148.8508    -618.1176  |L|: 666.7305
C.M.: mass: 5500 pos: -0.01641402   0.03679593    0.1017041 vel: -0.004262911   0.005300732    -0.09020193
Tree step number: 4096
**** Wallclock time per step (local): [Min/Max]
 Total       PP_single   PP_cluster  PP_cross    Tree_NB     Tree_Force  Force_corr  Kick        FindCluster CreateGroup MPI_comm    Output      Status      Other      
   0.0010064  1.1432e-05  5.9845e-05           0  0.00017822  0.00071646  5.2895e-06  3.9707e-06  1.8429e-05  1.4073e-05  7.4842e-07  1.1897e-06  1.5925e-09  1.7195e-06
   0.0010064  1.1464e-05  5.9882e-05           0  0.00017669  0.00071163   5.337e-06  4.0057e-06  1.8464e-05  1.4094e-05  7.7922e-07  1.1897e-06  1.5999e-09  1.7847e-06
**** FDPS tree soft force time profile (local):
 Sample_ptcl Domain_deco Ex_ptcl     SetRootCell Make_LT     Make_LET    Make_GT     Make_Group  Make_I_list Calc_force  Write_back 
           0           0           0  4.4896e-06  0.00014342  1.8929e-05   0.0001209  2.2582e-06  4.8214e-05  0.00031171  1.0611e-05
**** Tree neighbor time profile (local):
 Sample_ptcl Domain_deco Ex_ptcl     SetRootCell Make_LT     Make_LET    Make_GT     Make_Group  Make_I_list Calc_force  Write_back 
           0           0           0  2.1101e-06  6.2336e-05  1.0328e-05  5.0719e-05  5.2645e-07  1.2682e-05   2.092e-05  3.3669e-06
**** Number per step (global):
 PP_single   PP_cluster  PP_cross    Cluster     Cross       AR_step_sum
      973.94      26.062           0      11.621           0     0.44238
 AR_tsyn_sum Stab_Ngroup Iso_Ngroup  Form_Ngroup End_Ngroup  Modf_Ngroup Merg_Ngroup H4_step_sum H4_no_NB    Ep-Ep_sum   Ep-Sp_sum  
     0.16772           0           0    0.012939   0.0046387           0           0      142.22    0.095215  8.7406e+05       13946
**** Number of members in clusters (global):
N_members:            1           2           3           4           5           6           7           8           9          10
Count    :       973.94      9.7588      1.3218     0.31567     0.12988    0.027344    0.046387    0.018066  0.00048828   0.0029297

Time: 19  N_real(loc): 1000  N_real(glb): 1000  N_all(loc): 1000  N_all(glb): 1000  N_remove(glb): 0  N_escape(glb): 0
Energy:     Error/Total         Error     Error_cum         Total       Kinetic     Potential        Modify  Modify_group Modify_single      Error_PP  Error_PP_cum
Physic:    4.855664e-08  -0.001304714    0.02691303     -26869.94       28281.9     -55151.83   2.22383e-05             0             0 -5.029134e-05  -0.001037276
Slowdown:  4.855667e-08  -0.001304715    0.02691303     -26869.94       28281.9     -55151.83  2.223157e-05             0             0 -5.054499e-05  -0.001037646
Angular Momentum:  |L|err: 0.00276589  |L|err_cum: 0.03839229  L: 200.7573   -148.8536    -618.1153  |L|: 666.7289
C.M.: mass: 5500 pos: -0.007392968   0.04427509    0.05681029 vel: 0.03852798   0.005399481    -0.03510349
Tree step number: 4096
**** Wallclock time per step (local): [Min/Max]
 Total       PP_single   PP_cluster  PP_cross    Tree_NB     Tree_Force  Force_corr  Kick        FindCluster CreateGroup MPI_comm    Output      Status      Other      
   0.0015487  1.1881e-05   6.281e-05           0  0.00024438    0.001188  5.7177e-06  4.1619e-06  1.8293e-05  1.4278e-05  7.3102e-07  1.9406e-06  1.8958e-09  1.8372e-06
   0.0015488  1.1913e-05  6.2848e-05           0  0.00024283   0.0011827  5.7652e-06  4.1933e-06  1.8328e-05  1.4295e-05  7.6198e-07  1.9407e-06  1.9055e-09  1.9104e-06
**** FDPS tree soft force time profile (local):
 Sample_ptcl Domain_deco Ex_ptcl     SetRootCell Make_LT     Make_LET    Make_GT     Make_Group  Make_I_list Calc_force  Write_back 
           0           0           0  4.4731e-06  0.00014297   1.962e-05  0.00017334  2.4207e-06  4.9287e-05  0.00060846  1.1648e-05
**** Tree neighbor time profile (local):
 Sample_ptcl Domain_deco Ex_ptcl     SetRootCell Make_LT     Make_LET    Make_GT     Make_Group  Make_I_list Calc_force  Write_back 
           0           0           0  2.2744e-06   6.251e-05  1.0705e-05  6.7728e-05  6.0393e-07  1.3953e-05  2.6931e-05  3.4284e-06
**** Number per step (global):
 PP_single   PP_cluster  PP_cross    Cluster     Cross       AR_step_sum
      973.72      26.278           0      12.061           0     0.96436
 AR_tsyn_sum Stab_Ngroup Iso_Ngroup  Form_Ngroup End_Ngroup  Modf_Ngroup Merg_Ngroup H4_step_sum H4_no_NB    Ep-Ep_sum   Ep-Sp_sum  
     0.34839           0           0      0.0271   0.0080566           0           0      141.17    0.040039  8.6331e+05       16137
**** Number of members in clusters (global):
N_members:            1           2           3           4           5           6           7           8
Count    :       973.72      10.451      1.2156      0.2832     0.08252    0.019531   0.0083008  0.00097656

Time: 19.5  N_real(loc): 1000  N_real(glb): 1000  N_all(loc): 1000  N_all(glb): 1000  N_remove(glb): 0  N_escape(glb): 0
Energy:     Error/Total         Error     Error_cum         Total       Kinetic     Potential        Modify  Modify_group Modify_single      Error_PP  Error_PP_cum
Physic:   -2.415113e-07   0.006489393    0.03340242     -26869.93       29661.3     -56531.24  2.314961e-05             0             0 -6.133068e-05  -0.001098607
Slowdown: -2.415114e-07   0.006489394    0.03340243     -26869.93       29661.3     -56531.24  2.314154e-05             0             0  -6.13508e-05  -0.001098996
Angular Momentum:  |L|err: 0.002107322  |L|err_cum: 0.04049961  L: 200.7568   -148.8583    -618.115  |L|: 666.7295
C.M.: mass: 5500 pos: -0.02573492   0.06186244    0.06704452 vel: -0.05992886   0.05813563    -0.007643751
Tree step number: 4096
**** Wallclock time per step (local): [Min/Max]
 Total       PP_single   PP_cluster  PP_cross    Tree_NB     Tree_Force  Force_corr  Kick        FindCluster CreateGroup MPI_comm    Output      Status      Other      
   0.0015503  1.1984e-05  6.6659e-05           0  0.00024311   0.0011855   6.072e-06  4.2548e-06   1.929e-05  1.4925e-05  7.5377e-07   1.483e-06  1.6414e-09  1.8537e-06
   0.0015504  1.2016e-05  6.6704e-05           0  0.00024156     0.00118  6.1199e-06  4.2861e-06  1.9331e-05  1.4942e-05   7.846e-07   1.483e-06  1.6511e-09  1.9386e-06
**** FDPS tree soft force time profile (local):
 Sample_ptcl Domain_deco Ex_ptcl     SetRootCell Make_LT     Make_LET    Make_GT     Make_Group  Make_I_list Calc_force  Write_back 
           0           0           0  4.7243e-06  0.00014387  2.0005e-05  0.00015862  2.5202e-06  4.5313e-05  0.00065206  1.2225e-05
**** Tree neighbor time profile (local):
 Sample_ptcl Domain_deco Ex_ptcl     SetRootCell Make_LT     Make_LET    Make_GT     Make_Group  Make_I_list Calc_force  Write_back 
           0           0           0  2.4921e-06  6.3714e-05  1.1074e-05  6.3681e-05  5.7071e-07  1.1712e-05  3.8041e-05  3.4127e-06
**** Number per step (global):
 PP_single   PP_cluster  PP_cross    Cluster     Cross       AR_step_sum
      971.47       28.53           0      12.506           0       1.176
 AR_tsyn_sum Stab_Ngroup Iso_Ngroup  Form_Ngroup End_Ngroup  Modf_Ngroup Merg_Ngroup H4_step_sum H4_no_NB    Ep-Ep_sum   Ep-Sp_sum  
     0.41235           0           0    0.032959   0.0083008           0           0       155.7    0.094238  8.6035e+05       16603
**** Number of members in clusters (global):
N_members:            1           2           3           4           5           6           7           8           9          10          11          12
Count    :       971.47      10.227      1.6094     0.34912     0.18311    0.088867    0.027344   0.0053711   0.0043945   0.0048828   0.0019531   0.0048828

Time: 20  N_real(loc): 1000  N_real(glb): 1000  N_all(loc): 1000  N_all(glb): 1000  N_remove(glb): 0  N_escape(glb): 0
Energy:     Error/Total         Error     Error_cum         Total       Kinetic     Potential        Modify  Modify_group Modify_single      Error_PP  Error_PP_cum
Physic:    9.150417e-07   -0.02458713   0.008815288     -26869.96       27614.6     -54484.56  2.365451e-05             0             0 -1.312422e-05  -0.001111731
Slowdown:  9.150417e-07   -0.02458713   0.008815296     -26869.96       27614.6     -54484.56  2.364641e-05             0             0 -1.308186e-05  -0.001112078
Angular Momentum:  |L|err: -0.001247056  |L|err_cum: 0.03925255  L: 200.7567   -148.8645    -618.1214  |L|: 666.7368
C.M.: mass: 5500 pos: -0.03557982   0.05483777    0.05327759 vel: -0.02075403   -0.01912565    -0.03572075
Tree step number: 4096
**** Wallclock time per step (local): [Min/Max]
 Total       PP_single   PP_cluster  PP_cross    Tree_NB     Tree_Force  Force_corr  Kick        FindCluster CreateGroup MPI_comm    Output      Status      Other      
   0.0013978  1.1884e-05  5.8385e-05           0  0.00022537   0.0010617  5.8971e-06  4.5165e-06  1.7401e-05  1.3444e-05  7.4563e-07  1.9551e-06  1.4531e-09  1.8466e-06
   0.0013978  1.1917e-05  5.8422e-05           0  0.00022385   0.0010564   5.945e-06   4.548e-06   1.747e-05  1.3461e-05  7.7653e-07  1.9551e-06  1.4653e-09  1.9181e-06
**** FDPS tree soft force time profile (local):
 Sample_ptcl Domain_deco Ex_ptcl     SetRootCell Make_LT     Make_LET    Make_GT     Make_Group  Make_I_list Calc_force  Write_back 
           0           0           0  4.5994e-06  0.00014192  1.8859e-05  0.00014317  2.4573e-06  4.3746e-05   0.0005801  1.1682e-05
**** Tree neighbor time profile (local):
 Sample_ptcl Domain_deco Ex_ptcl     SetRootCell Make_LT     Make_LET    Make_GT     Make_Group  Make_I_list Calc_force  Write_back 
           0           0           0  2.1378e-06  6.2116e-05  1.0625e-05  5.7689e-05  5.3358e-07  9.6165e-06  4.0867e-05   3.363e-06
**** Number per step (global):
 PP_single   PP_cluster  PP_cross    Cluster     Cross       AR_step_sum
      974.82      25.183           0       10.95           0     0.75244
 AR_tsyn_sum Stab_Ngroup Iso_Ngroup  Form_Ngroup End_Ngroup  Modf_Ngroup Merg_Ngroup H4_step_sum H4_no_NB    Ep-Ep_sum   Ep-Sp_sum  
     0.26587           0           0    0.016602   0.0043945           0           0      131.59    0.061035  8.7059e+05       15023
**** Number of members in clusters (global):
N_members:            1           2           3           4           5           6           7           8           9          10          11          12
Count    :       974.82      8.8906      1.4333     0.32324     0.14795    0.067871    0.063965   0.0058594    0.011719  0.00048828    0.003418  0.00048828
N_members:           14
Count    :   0.00097656

Time: 20.5  N_real(loc): 1000  N_real(glb): 1000  N_all(loc): 1000  N_all(glb): 1000  N_remove(glb): 0  N_escape(glb): 0
Energy:     Error/Total         Error     Error_cum         Total       Kinetic     Potential        Modify  Modify_group Modify_single      Error_PP  Error_PP_cum
Physic:   -6.620607e-07    0.01778953    0.02660482     -26869.94       27053.9     -53923.83  2.286834e-05             0             0 -1.982845e-05   -0.00113156
Slowdown: -6.620607e-07    0.01778953    0.02660483     -26869.94       27053.9     -53923.83  2.286012e-05             0             0 -1.962607e-05  -0.001131704
Angular Momentum:  |L|err: -0.003512541  |L|err_cum: 0.03574001  L: 200.755   -148.8607    -618.1263  |L|: 666.74
C.M.: mass: 5500 pos: -0.01915937   0.01619184    0.03223822 vel: 0.0671247   -0.09983499    0.008672306
Tree step number: 4096
**** Wallclock time per step (local): [Min/Max]
 Total       PP_single   PP_cluster  PP_cross    Tree_NB     Tree_Force  Force_corr  Kick        FindCluster CreateGroup MPI_comm    Output      Status      Other      
   0.0012845  1.1403e-05  6.4066e-05           0  0.00020961  0.00095697  5.9196e-06  4.3749e-06  1.8765e-05  1.3839e-05  7.3529e-07  2.1981e-06   1.678e-09  1.8931e-06
   0.0012845  1.1436e-05  6.4104e-05           0  0.00020805   0.0009517  5.9673e-06  4.4112e-06  1.8808e-05  1.3856e-05  7.7787e-07  2.1982e-06  1.6853e-09  1.9634e-06
**** FDPS tree soft force time profile (local):
 Sample_ptcl Domain_deco Ex_ptcl     SetRootCell Make_LT     Make_LET    Make_GT     Make_Group  Make_I_list Calc_force  Write_back 
           0           0           0  4.5295e-06   0.0001448  1.9057e-05  0.00013891  2.2515e-06  4.3502e-05  0.00048808  1.1561e-05
**** Tree neighbor time profile (local):
 Sample_ptcl Domain_deco Ex_ptcl     SetRootCell Make_LT     Make_LET    Make_GT     Make_Group  Make_I_list Calc_force  Write_back 
           0           0           0  2.3104e-06  6.2101e-05  1.0256e-05  5.6019e-05  5.5412e-07  1.0634e-05  3.0328e-05  3.4209e-06
**** Number per step (global):
 PP_single   PP_cluster  PP_cross    Cluster     Cross       AR_step_sum
      972.34      27.663           0      11.877           0      1.2673
 AR_tsyn_sum Stab_Ngroup Iso_Ngroup  Form_Ngroup End_Ngroup  Modf_Ngroup Merg_Ngroup H4_step_sum H4_no_NB    Ep-Ep_sum   Ep-Sp_sum  
     0.43066           0           0    0.034912   0.0087891           0           0      154.13    0.093262  8.9143e+05       13578
**** Number of members in clusters (global):
N_members:            1           2           3           4           5           6           7           8           9          11
Count    :       972.34      9.4211      1.7429     0.32617     0.19287    0.091309     0.05957    0.030762     0.01123  0.00097656

Time: 21  N_real(loc): 1000  N_real(glb): 1000  N_all(loc): 1000  N_all(glb): 1000  N_remove(glb): 0  N_escape(glb): 0
Energy:     Error/Total         Error     Error_cum         Total       Kinetic     Potential        Modify  Modify_group Modify_single      Error_PP  Error_PP_cum
Physic:    1.853038e-07  -0.004979104    0.02162571     -26869.94      25581.19     -52451.13  2.739339e-05             0             0 -5.429056e-05   -0.00118585
Slowdown:  1.853038e-07  -0.004979103    0.02162572     -26869.94      25581.19     -52451.13  2.738437e-05             0             0 -5.430259e-05  -0.001186007
Angular Momentum:  |L|err: 1.157722e-05  |L|err_cum: 0.03575159  L: 200.7583   -148.8613    -618.1228  |L|: 666.7378
C.M.: mass: 5500 pos: 0.0120649   -0.04742597    0.02396374 vel: 0.009797004   -0.04483516    -0.01281933
Tree step number: 4096
**** Wallclock time per step (local): [Min/Max]
 Total       PP_single   PP_cluster  PP_cross    Tree_NB     Tree_Force  Force_corr  Kick        FindCluster CreateGroup MPI_comm    Output      Status      Other      
   0.0010724  1.1228e-05  6.5191e-05           0  0.00018447  0.00077079   5.972e-06  4.0945e-06  1.7887e-05  1.3674e-05  8.0517e-07  1.4861e-06  1.2305e-09  1.9039e-06
   0.0010724   1.126e-05   6.523e-05           0  0.00018296  0.00076582    6.02e-06  4.1261e-06  1.7922e-05  1.3691e-05  8.3622e-07  1.4862e-06  1.2378e-09   1.968e-06
**** FDPS tree soft force time profile (local):
 Sample_ptcl Domain_deco Ex_ptcl     SetRootCell Make_LT     Make_LET    Make_GT     Make_Group  Make_I_list Calc_force  Write_back 
           0           0           0  4.5104e-06  0.00014239  1.8701e-05  0.00011614  2.0423e-06  4.1489e-05  0.00038988  1.0882e-05
**** Tree neighbor time profile (local):
 Sample_ptcl Domain_deco Ex_ptcl     SetRootCell Make_LT     Make_LET    Make_GT     Make_Group  Make_I_list Calc_force  Write_back 
           0           0           0  2.4449e-06  6.3041e-05  1.0274e-05  4.9526e-05  5.3033e-07  9.9038e-06  3.3775e-05   3.331e-06
**** Number per step (global):
 PP_single   PP_cluster  PP_cross    Cluster     Cross       AR_step_sum
      971.29      28.707           0      12.374           0     0.75952
 AR_tsyn_sum Stab_Ngroup Iso_Ngroup  Form_Ngroup End_Ngroup  Modf_Ngroup Merg_Ngroup H4_step_sum H4_no_NB    Ep-Ep_sum   Ep-Sp_sum  
     0.26685           0           0    0.020752   0.0048828           0           0      159.57     0.06543  9.1001e+05       10822
**** Number of members in clusters (global):
N_members:            1           2           3           4           5           6           7           8           9          10          11          12
Count    :       971.29      10.012       1.531     0.51562     0.15576    0.058105    0.016113    0.029785    0.021973    0.019043   0.0092773   0.0048828

Time: 21.5  N_real(loc): 1000  N_real(glb): 1000  N_all(loc): 1000  N_all(glb): 1000  N_remove(glb): 0  N_escape(glb): 0
Energy:     Error/Total         Error     Error_cum         Total       Kinetic     Potential        Modify  Modify_group Modify_single      Error_PP  Error_PP_cum
Physic:    4.142232e-07   -0.01113016    0.01049555     -26869.95      25629.27     -52499.23  3.228274e-05             0             0 -4.673762e-05  -0.001232588
Slowdown:  4.142232e-07   -0.01113016    0.01049556     -26869.95      25629.27     -52499.23  3.227373e-05             0             0 -4.639119e-05  -0.001232398
Angular Momentum:  |L|err: -0.002538748  |L|err_cum: 0.03321284  L: 200.759   -148.8576    -618.1233  |L|: 666.7377
C.M.: mass: 5500 pos: 0.03244384   -0.06650518    0.04294317 vel: 0.08100931   -0.06618574    -0.02048876
Tree step number: 4096
**** Wallclock time per step (local): [Min/Max]
 Total       PP_single   PP_cluster  PP_cross    Tree_NB     Tree_Force  Force_corr  Kick        FindCluster CreateGroup MPI_comm    Output      Status      Other      
   0.0011371  1.1553e-05  6.4047e-05           0  0.00019513   0.0008245  5.9259e-06  4.1005e-06  1.8995e-05   1.366e-05  7.7835e-07  1.8652e-06   1.783e-09  1.8402e-06
   0.0011372  1.1586e-05  6.4085e-05           0  0.00019354  0.00081944  5.9737e-06  4.1356e-06  1.9031e-05  1.3677e-05  8.0923e-07  1.8652e-06  1.7903e-09  1.9047e-06
**** FDPS tree soft force time profile (local):
 Sample_ptcl Domain_deco Ex_ptcl     SetRootCell Make_LT     Make_LET    Make_GT     Make_Group  Make_I_list Calc_force  Write_back 
           0           0           0  4.5765e-06   0.0001423  1.9055e-05  0.00011528  2.2376e-06  3.1902e-05  0.00045369  1.1056e-05
**** Tree neighbor time profile (local):
 Sample_ptcl Domain_deco Ex_ptcl     SetRootCell Make_LT     Make_LET    Make_GT     Make_Group  Make_I_list Calc_force  Write_back 
           0           0           0  2.3641e-06  6.2647e-05  1.0601e-05  4.8126e-05  4.0792e-07  8.9867e-06  4.5973e-05  3.4861e-06
**** Number per step (global):
 PP_single   PP_cluster  PP_cross    Cluster     Cross       AR_step_sum
      971.94      28.059           0      12.142           0     0.50684
 AR_tsyn_sum Stab_Ngroup Iso_Ngroup  Form_Ngroup End_Ngroup  Modf_Ngroup Merg_Ngroup H4_step_sum H4_no_NB    Ep-Ep_sum   Ep-Sp_sum  
     0.17993           0           0    0.015869   0.0043945           0           0      155.53    0.070801  9.3861e+05      5209.7
**** Number of members in clusters (global):
N_members:            1           2           3           4           5           6           7           8           9          10          11          12
Count    :       971.94      9.8882      1.5383     0.39014     0.12842    0.075195    0.050293    0.024414    0.025391   0.0068359   0.0087891    0.003418
N_members:           13
Count    :    0.0024414

Time: 22  N_real(loc): 1000  N_real(glb): 1000  N_all(loc): 1000  N_all(glb): 1000  N_remove(glb): 0  N_escape(glb): 0
Energy:     Error/Total         Error     Error_cum         Total       Kinetic     Potential        Modify  Modify_group Modify_single      Error_PP  Error_PP_cum
Physic:   -4.011844e-07     0.0107798    0.02127536     -26869.94      27873.39     -54743.34  3.169709e-05             0             0  -5.25381e-05  -0.001285126
Slowdown: -4.011844e-07     0.0107798    0.02127537     -26869.94      27873.39     -54743.34  3.168808e-05             0             0 -5.278827e-05  -0.001285186
Angular Momentum:  |L|err: 0.005315175  |L|err_cum: 0.03852802  L: 200.7533   -148.858    -618.1212  |L|: 666.7342
C.M.: mass: 5500 pos: 0.002111469   -0.03681048    0.03943912 vel: -0.1153935   0.02641558    -0.008738629
Tree step number: 4096
**** Wallclock time per step (local): [Min/Max]
 Total       PP_single   PP_cluster  PP_cross    Tree_NB     Tree_Force  Force_corr  Kick        FindCluster CreateGroup MPI_comm    Output      Status      Other      
   0.0010854   1.128e-05  6.5523e-05           0  0.00018744  0.00077622  7.0589e-06    4.11e-06   2.018e-05  1.4021e-05   7.767e-07     1.9e-06  1.9446e-09  1.8459e-06
   0.0010855  1.1313e-05  6.5561e-05           0  0.00018602  0.00077135  7.1065e-06  4.1414e-06  2.0216e-05  1.4038e-05  8.0764e-07  1.9001e-06  1.9519e-09    1.91e-06
**** FDPS tree soft force time profile (local):
 Sample_ptcl Domain_deco Ex_ptcl     SetRootCell Make_LT     Make_LET    Make_GT     Make_Group  Make_I_list Calc_force  Write_back 
           0           0           0  4.6433e-06  0.00014479  1.8793e-05  0.00011349   2.483e-06  4.2754e-05  0.00039457   1.068e-05
**** Tree neighbor time profile (local):
 Sample_ptcl Domain_deco Ex_ptcl     SetRootCell Make_LT     Make_LET    Make_GT     Make_Group  Make_I_list Calc_force  Write_back 
           0           0           0   3.055e-06  6.2822e-05  1.0124e-05  4.9049e-05  5.4269e-07  9.7168e-06  3.7538e-05  3.1436e-06
**** Number per step (global):
 PP_single   PP_cluster  PP_cross    Cluster     Cross       AR_step_sum
      970.11      29.894           0      11.816           0     0.79175
 AR_tsyn_sum Stab_Ngroup Iso_Ngroup  Form_Ngroup End_Ngroup  Modf_Ngroup Merg_Ngroup H4_step_sum H4_no_NB    Ep-Ep_sum   Ep-Sp_sum  
      0.2771           0           0    0.020996   0.0063477           0           0       169.3     0.16138  8.9333e+05       12354
**** Number of members in clusters (global):
N_members:            1           2           3           4           5           6           7           8           9          10          11          12
Count    :       970.11      8.8953      1.4814      0.7041     0.26172     0.18164     0.12695    0.080322     0.03418    0.014648    0.013184   0.0048828
N_members:           13          14          16
Count    :    0.0073242   0.0058594   0.0048828

Time: 22.5  N_real(loc): 1000  N_real(glb): 1000  N_all(loc): 1000  N_all(glb): 1000  N_remove(glb): 0  N_escape(glb): 0
Energy:     Error/Total         Error     Error_cum         Total       Kinetic     Potential        Modify  Modify_group Modify_single      Error_PP  Error_PP_cum
Physic:   -2.929357e-07   0.007871162    0.02914652     -26869.94      28433.43     -55303.36   3.59064e-05             0             0 -0.0001375106  -0.001422637
Slowdown:  -2.92935e-07   0.007871146    0.02914651     -26869.94      28433.43     -55303.36  3.591384e-05             0             0 -0.0001375808  -0.001422767
Angular Momentum:  |L|err: -0.0005185726  |L|err_cum: 0.03800944  L: 200.7562   -148.8544    -618.1171  |L|: 666.7304
C.M.: mass: 5500 pos: -0.0153025   -0.01671619    0.05818135 vel: -0.03345038   0.02642877    0.03645624
Tree step number: 4096
**** Wallclock time per step (local): [Min/Max]
 Total       PP_single   PP_cluster  PP_cross    Tree_NB     Tree_Force  Force_corr  Kick        FindCluster CreateGroup MPI_comm    Output      Status      Other      
   0.0010643  1.1228e-05  6.9455e-05           0  0.00018119  0.00075818  6.4666e-06  4.2543e-06  1.9634e-05  1.4143e-05  6.9545e-07  2.2579e-06  1.8394e-09  1.8273e-06
   0.0010644  1.1261e-05  6.9497e-05           0  0.00017965  0.00075337  6.5189e-06  4.2856e-06  1.9668e-05  1.4161e-05  7.3031e-07   2.258e-06  1.8467e-09  1.8912e-06
**** FDPS tree soft force time profile (local):
 Sample_ptcl Domain_deco Ex_ptcl     SetRootCell Make_LT     Make_LET    Make_GT     Make_Group  Make_I_list Calc_force  Write_back 
           0           0           0  4.5593e-06  0.00014132  1.8451e-05  0.00011755  2.4579e-06  5.1312e-05  0.00035988  1.0587e-05
**** Tree neighbor time profile (local):
 Sample_ptcl Domain_deco Ex_ptcl     SetRootCell Make_LT     Make_LET    Make_GT     Make_Group  Make_I_list Calc_force  Write_back 
           0           0           0  2.1919e-06  6.2706e-05  1.0385e-05  4.8422e-05  6.0613e-07  9.6398e-06  2.8312e-05  3.3535e-06
**** Number per step (global):
 PP_single   PP_cluster  PP_cross    Cluster     Cross       AR_step_sum
      968.81      31.194           0      12.309           0      2.4226
 AR_tsyn_sum Stab_Ngroup Iso_Ngroup  Form_Ngroup End_Ngroup  Modf_Ngroup Merg_Ngroup H4_step_sum H4_no_NB    Ep-Ep_sum   Ep-Sp_sum  
     0.83691           0           0    0.062744    0.015625           0           0      177.01      0.1748  8.5782e+05       18390
**** Number of members in clusters (global):
N_members:            1           2           3           4           5           6           7           8           9          10          11          12
Count    :       968.81      9.6399      1.2856      0.5249     0.26367     0.16943     0.15381    0.082764    0.094238    0.038574    0.033203     0.01123
N_members:           13          14          15
Count    :    0.0083008   0.0019531  0.00097656

Time: 23  N_real(loc): 1000  N_real(glb): 1000  N_all(loc): 1000  N_all(glb): 1000  N_remove(glb): 0  N_escape(glb): 0
Energy:     Error/Total         Error     Error_cum         Total       Kinetic     Potential        Modify  Modify_group Modify_single      Error_PP  Error_PP_cum
Physic:   -7.157259e-07     0.0192315    0.04837802     -26869.92       26332.6     -53202.52  3.684216e-05             0             0 -4.073912e-05  -0.001463376
Slowdown: -7.157259e-07     0.0192315    0.04837801     -26869.92       26332.6     -53202.52  3.684983e-05             0             0 -4.097375e-05  -0.001463741
Angular Momentum:  |L|err: 0.0002435211  |L|err_cum: 0.03825297  L: 200.7556   -148.8564    -618.1182  |L|: 666.7317
C.M.: mass: 5500 pos: -0.02355564   -0.01743378    0.05834195 vel: -0.03022011   0.03684578    -0.01417247
Tree step number: 4096
**** Wallclock time per step (local): [Min/Max]
 Total       PP_single   PP_cluster  PP_cross    Tree_NB     Tree_Force  Force_corr  Kick        FindCluster CreateGroup MPI_comm    Output      Status      Other      
    0.001105  1.1954e-05  6.7436e-05           0  0.00019127  0.00078963  6.4526e-06   4.479e-06  2.0013e-05  1.4682e-05  7.7018e-07  1.8073e-06  1.5874e-09  1.8767e-06
   0.0011051  1.1987e-05  6.7476e-05           0  0.00018974  0.00078433  6.5002e-06  4.5108e-06   2.005e-05  1.4699e-05  8.0111e-07  1.8073e-06  1.5947e-09  1.9427e-06
**** FDPS tree soft force time profile (local):
 Sample_ptcl Domain_deco Ex_ptcl     SetRootCell Make_LT     Make_LET    Make_GT     Make_Group  Make_I_list Calc_force  Write_back 
           0           0           0  4.5861e-06  0.00014875  1.9141e-05  0.00012321  2.7591e-06  5.2747e-05  0.00036917  1.1623e-05
**** Tree neighbor time profile (local):
 Sample_ptcl Domain_deco Ex_ptcl     SetRootCell Make_LT     Make_LET    Make_GT     Make_Group  Make_I_list Calc_force  Write_back 
           0           0           0  2.3453e-06  6.4842e-05  1.0792e-05  5.1666e-05  6.4116e-07  1.0709e-05  2.9827e-05  3.4103e-06
**** Number per step (global):
 PP_single   PP_cluster  PP_cross    Cluster     Cross       AR_step_sum
      970.41      29.593           0      11.747           0      1.7375
 AR_tsyn_sum Stab_Ngroup Iso_Ngroup  Form_Ngroup End_Ngroup  Modf_Ngroup Merg_Ngroup H4_step_sum H4_no_NB    Ep-Ep_sum   Ep-Sp_sum  
     0.56519           0           0    0.050293    0.013184           0           0      165.41     0.18628  8.5982e+05       17567
**** Number of members in clusters (global):
N_members:            1           2           3           4           5           6           7           8           9          10          11          12
Count    :       970.41      8.5674      1.9006     0.58789     0.25732      0.2002    0.086914     0.07959    0.037598    0.017578   0.0031738  0.00048828
N_members:           13          14          15
Count    :   0.00097656   0.0058594   0.0014648

Time: 23.5  N_real(loc): 1000  N_real(glb): 1000  N_all(loc): 1000  N_all(glb): 1000  N_remove(glb): 0  N_escape(glb): 0
Energy:     Error/Total         Error     Error_cum         Total       Kinetic     Potential        Modify  Modify_group Modify_single      Error_PP  Error_PP_cum
Physic:    7.556976e-07   -0.02030555    0.02807247     -26869.94      27385.19     -54255.12  3.303844e-05             0             0 -6.272118e-05  -0.001526097
Slowdown:  7.556976e-07   -0.02030555    0.02807246     -26869.94      27385.19     -54255.12  3.304499e-05             0             0 -6.323268e-05  -0.001526974
Angular Momentum:  |L|err: -0.004353335  |L|err_cum: 0.03389963  L: 200.7562   -148.8545    -618.1233  |L|: 666.7362
C.M.: mass: 5500 pos: -0.03540306   -0.02331235    0.0586653 vel: -0.03288206   -0.0479097    0.06795675
Tree step number: 4096
**** Wallclock time per step (local): [Min/Max]
 Total       PP_single   PP_cluster  PP_cross    Tree_NB     Tree_Force  Force_corr  Kick        FindCluster CreateGroup MPI_comm    Output      Status      Other      
   0.0013159  1.1929e-05  7.2873e-05           0  0.00021864  0.00096501  6.5745e-06  4.4502e-06  2.2164e-05  1.4681e-05  8.3448e-07  2.0441e-06  1.4824e-09   2.089e-06
    0.001316  1.1962e-05  7.2911e-05           0  0.00021712   0.0009597  6.6224e-06  4.4818e-06  2.2214e-05  1.4698e-05  8.6563e-07  2.0443e-06  1.4897e-09  2.1634e-06
**** FDPS tree soft force time profile (local):
 Sample_ptcl Domain_deco Ex_ptcl     SetRootCell Make_LT     Make_LET    Make_GT     Make_Group  Make_I_list Calc_force  Write_back 
           0           0           0  4.8329e-06  0.00014541  1.9877e-05  0.00013518  2.5464e-06  4.1512e-05  0.00051729  1.1697e-05
**** Tree neighbor time profile (local):
 Sample_ptcl Domain_deco Ex_ptcl     SetRootCell Make_LT     Make_LET    Make_GT     Make_Group  Make_I_list Calc_force  Write_back 
           0           0           0  2.8521e-06  6.4568e-05  1.0846e-05  5.5914e-05  5.3346e-07   1.016e-05  4.1025e-05  3.4155e-06
**** Number per step (global):
 PP_single   PP_cluster  PP_cross    Cluster     Cross       AR_step_sum
      967.99      32.014           0      13.503           0      1.2148
 AR_tsyn_sum Stab_Ngroup Iso_Ngroup  Form_Ngroup End_Ngroup  Modf_Ngroup Merg_Ngroup H4_step_sum H4_no_NB    Ep-Ep_sum   Ep-Sp_sum  
     0.43481           0           0    0.022217   0.0053711           0           0      177.37    0.076904   8.967e+05       10470
**** Number of members in clusters (global):
N_members:            1           2           3           4           5           6           7           8           9          10          11          12
Count    :       967.99      10.727      1.7095     0.63867     0.22363    0.078613    0.025391    0.025391    0.020996   0.0019531    0.012451   0.0029297
N_members:           13          14          15          16          17          19
Count    :     0.015137   0.0063477   0.0048828   0.0078125   0.0019531  0.00048828

Time: 24  N_real(loc): 1000  N_real(glb): 1000  N_all(loc): 1000  N_all(glb): 1000  N_remove(glb): 0  N_escape(glb): 0
Energy:     Error/Total         Error     Error_cum         Total       Kinetic     Potential        Modify  Modify_group Modify_single      Error_PP  Error_PP_cum
Physic:    9.291874e-08  -0.002496721    0.02557575     -26869.94      25936.79     -52806.73  3.704557e-05             0             0 -0.0002221055  -0.001748202
Slowdown:  9.291874e-08  -0.002496721    0.02557574     -26869.94      25936.79     -52806.73  3.705214e-05             0             0 -0.0002256852  -0.001752659
Angular Momentum:  |L|err: -0.001785728  |L|err_cum: 0.0321139  L: 200.7553   -148.8512    -618.1259  |L|: 666.7375
C.M.: mass: 5500 pos: -0.02310638   -0.07658546    0.06600039 vel: 0.09791858   -0.04858546    -0.02563534
Tree step number: 4096
**** Wallclock time per step (local): [Min/Max]
 Total       PP_single   PP_cluster  PP_cross    Tree_NB     Tree_Force  Force_corr  Kick        FindCluster CreateGroup MPI_comm    Output      Status      Other      
   0.0012904  1.2389e-05  7.8216e-05           0  0.00021349  0.00093974  6.0255e-06  4.3653e-06  2.2414e-05  1.5466e-05  7.7092e-07  1.1852e-06  1.3135e-09  1.8509e-06
   0.0012904  1.2422e-05  7.8255e-05           0  0.00021192  0.00093437  6.0736e-06  4.3971e-06  2.2451e-05  1.5484e-05  8.0187e-07  1.1853e-06  1.3208e-09  1.9198e-06
**** FDPS tree soft force time profile (local):
 Sample_ptcl Domain_deco Ex_ptcl     SetRootCell Make_LT     Make_LET    Make_GT     Make_Group  Make_I_list Calc_force  Write_back 
           0           0           0  5.4302e-06   0.0001465  1.9618e-05  0.00012724  2.3103e-06  3.8701e-05  0.00051983  1.1793e-05
**** Tree neighbor time profile (local):
 Sample_ptcl Domain_deco Ex_ptcl     SetRootCell Make_LT     Make_LET    Make_GT     Make_Group  Make_I_list Calc_force  Write_back 
           0           0           0  2.4488e-06  6.4642e-05  1.0827e-05  5.3343e-05  5.4824e-07  1.0248e-05  4.6277e-05  3.4962e-06
**** Number per step (global):
 PP_single   PP_cluster  PP_cross    Cluster     Cross       AR_step_sum
      966.03       33.97           0      14.724           0       2.906
 AR_tsyn_sum Stab_Ngroup Iso_Ngroup  Form_Ngroup End_Ngroup  Modf_Ngroup Merg_Ngroup H4_step_sum H4_no_NB    Ep-Ep_sum   Ep-Sp_sum  
     0.98535           0           0    0.094238    0.024902           0           0      191.83     0.11548  9.0492e+05      9001.1
**** Number of members in clusters (global):
N_members:            1           2           3           4           5           6           7           8           9
Count    :       966.03      11.565      2.2825      0.5459     0.21875    0.074219    0.027832   0.0083008  0.00097656

Time: 24.5  N_real(loc): 1000  N_real(glb): 1000  N_all(loc): 1000  N_all(glb): 1000  N_remove(glb): 0  N_escape(glb): 0
Energy:     Error/Total         Error     Error_cum         Total       Kinetic     Potential        Modify  Modify_group Modify_single      Error_PP  Error_PP_cum
Physic:   -3.292915e-07    0.00884804    0.03442379     -26869.93      27984.34     -54854.28  4.288633e-05             0             0 -9.606126e-05  -0.001844264
Slowdown: -3.292915e-07    0.00884804    0.03442378     -26869.93      27984.34     -54854.28   4.28929e-05             0             0 -9.568852e-05  -0.001848347
Angular Momentum:  |L|err: 0.001099209  |L|err_cum: 0.03321311  L: 200.7542   -148.8525    -618.1261  |L|: 666.7377
C.M.: mass: 5500 pos: 0.03204192   -0.07050747    0.04869588 vel: 0.07563528   0.02245469    0.009420782
Tree step number: 4096
**** Wallclock time per step (local): [Min/Max]
 Total       PP_single   PP_cluster  PP_cross    Tree_NB     Tree_Force  Force_corr  Kick        FindCluster CreateGroup MPI_comm    Output      Status      Other      
   0.0015819  1.2669e-05  7.8656e-05           0  0.00024294   0.0012006  7.4919e-06  4.8158e-06  2.2352e-05  1.4647e-05  7.8422e-07  1.9471e-06  1.4797e-09  2.0042e-06
    0.001582  1.2709e-05  7.8694e-05           0  0.00024138   0.0011936  7.5403e-06  4.8475e-06  2.2396e-05  1.4664e-05  8.1504e-07  1.9473e-06  1.4871e-09  2.0772e-06
**** FDPS tree soft force time profile (local):
 Sample_ptcl Domain_deco Ex_ptcl     SetRootCell Make_LT     Make_LET    Make_GT     Make_Group  Make_I_list Calc_force  Write_back 
           0           0           0  5.2758e-06  0.00015165   2.096e-05  0.00016547  2.8962e-06  5.7845e-05  0.00063606  1.5247e-05
**** Tree neighbor time profile (local):
 Sample_ptcl Domain_deco Ex_ptcl     SetRootCell Make_LT     Make_LET    Make_GT     Make_Group  Make_I_list Calc_force  Write_back 
           0           0           0  2.5447e-06  6.5182e-05  1.1108e-05  6.6268e-05  7.6664e-07  1.2584e-05  3.2043e-05  3.4764e-06
**** Number per step (global):
 PP_single   PP_cluster  PP_cross    Cluster     Cross       AR_step_sum
      965.02       34.98           0      14.479           0      2.1284
 AR_tsyn_sum Stab_Ngroup Iso_Ngroup  Form_Ngroup End_Ngroup  Modf_Ngroup Merg_Ngroup H4_step_sum H4_no_NB    Ep-Ep_sum   Ep-Sp_sum  
     0.73193           0           0    0.067871    0.016357           0           0       193.9     0.16675  8.5089e+05       18442
**** Number of members in clusters (global):
N_members:            1           2           3           4           5           6           7           8           9          10          11          12
Count    :       965.02      11.158      2.0469     0.72583      0.2041     0.14722    0.073242    0.056641    0.025391   0.0039062    0.015137   0.0063477
N_members:           13          14          15          16
Count    :    0.0024414   0.0039062   0.0019531   0.0078125

Time: 25  N_real(loc): 1000  N_real(glb): 1000  N_all(loc): 1000  N_all(glb): 1000  N_remove(glb): 0  N_escape(glb): 0
Energy:     Error/Total         Error     Error_cum         Total       Kinetic     Potential        Modify  Modify_group Modify_single      Error_PP  Error_PP_cum
Physic:   -2.020732e-07   0.005429691    0.03985348     -26869.93      25774.15     -52644.08  4.685382e-05             0             0 -0.0001007064   -0.00194497
Slowdown: -2.020709e-07    0.00542963    0.03985341     -26869.93      25774.15     -52644.08  4.692153e-05             0             0 -0.0001019005  -0.001950248
Angular Momentum:  |L|err: 0.007476694  |L|err_cum: 0.04068981  L: 200.7534   -148.8484    -618.1142  |L|: 666.7255
C.M.: mass: 5500 pos: 0.004835603   -0.05094793    0.04408334 vel: -0.06802644   0.07685998    -0.01989696
Tree step number: 4096
**** Wallclock time per step (local): [Min/Max]
 Total       PP_single   PP_cluster  PP_cross    Tree_NB     Tree_Force  Force_corr  Kick        FindCluster CreateGroup MPI_comm    Output      Status      Other      
   0.0014239  1.2149e-05   7.405e-05           0  0.00022772   0.0010648   6.444e-06  4.5358e-06  2.1422e-05  1.4743e-05  8.0419e-07   1.675e-06  1.8955e-09  1.8395e-06
   0.0014239  1.2182e-05  7.4088e-05           0  0.00022595   0.0010588  6.4916e-06   4.567e-06  2.1457e-05  1.4761e-05  8.3496e-07   1.675e-06  1.9028e-09  1.9106e-06
**** FDPS tree soft force time profile (local):
 Sample_ptcl Domain_deco Ex_ptcl     SetRootCell Make_LT     Make_LET    Make_GT     Make_Group  Make_I_list Calc_force  Write_back 
           0           0           0  5.0319e-06  0.00014903  1.9487e-05  0.00015603  2.7858e-06  5.5829e-05  0.00053244  1.3101e-05
**** Tree neighbor time profile (local):
 Sample_ptcl Domain_deco Ex_ptcl     SetRootCell Make_LT     Make_LET    Make_GT     Make_Group  Make_I_list Calc_force  Write_back 
           0           0           0  2.4426e-06  6.4817e-05  1.0684e-05  6.2909e-05  6.4842e-07  1.2097e-05   2.837e-05  3.8835e-06
**** Number per step (global):
 PP_single   PP_cluster  PP_cross    Cluster     Cross       AR_step_sum
      968.29      31.713           0      13.259           0      2.0906
 AR_tsyn_sum Stab_Ngroup Iso_Ngroup  Form_Ngroup End_Ngroup  Modf_Ngroup Merg_Ngroup H4_step_sum H4_no_NB    Ep-Ep_sum   Ep-Sp_sum  
     0.73242           0           0    0.062012    0.014648           0           0      183.66     0.12866  8.3514e+05       19543
**** Number of members in clusters (global):
N_members:            1           2           3           4           5           6           7           8           9          10          11          12
Count    :       968.29      10.128      2.0205     0.65112     0.25684      0.1084    0.024902    0.018066    0.016113    0.015137   0.0087891   0.0029297
N_members:           13          14
Count    :    0.0058594   0.0024414

Time: 25.5  N_real(loc): 1000  N_real(glb): 1000  N_all(loc): 1000  N_all(glb): 1000  N_remove(glb): 0  N_escape(glb): 0
Energy:     Error/Total         Error     Error_cum         Total       Kinetic     Potential        Modify  Modify_group Modify_single      Error_PP  Error_PP_cum
Physic:    -8.66441e-07    0.02328119    0.06313467      -26869.9      26768.66     -53638.56  5.140294e-05             0             0 -0.0001548313  -0.002099801
Slowdown:  -8.66441e-07    0.02328119     0.0631346      -26869.9      26768.66     -53638.56  5.147064e-05             0             0 -0.0001543699  -0.002104618
Angular Momentum:  |L|err: 0.000519039  |L|err_cum: 0.04120884  L: 200.7533   -148.8447    -618.1131  |L|: 666.7236
C.M.: mass: 5500 pos: -0.03391247   -0.01325216    0.04339665 vel: -0.03797353   -0.01369903    0.02819775
Tree step number: 4096
**** Wallclock time per step (local): [Min/Max]
 Total       PP_single   PP_cluster  PP_cross    Tree_NB     Tree_Force  Force_corr  Kick        FindCluster CreateGroup MPI_comm    Output      Status      Other      
   0.0015266  1.2763e-05  7.6974e-05           0  0.00024362   0.0011379  7.0801e-06  7.1382e-06   2.275e-05  2.0897e-05  7.7023e-07   1.662e-06   1.355e-09  2.0689e-06
   0.0015267  1.2796e-05  7.7013e-05           0  0.00024199   0.0011309  7.1281e-06    7.17e-06  2.2786e-05  2.0915e-05  8.0108e-07  1.6621e-06  1.3625e-09  2.1485e-06
**** FDPS tree soft force time profile (local):
 Sample_ptcl Domain_deco Ex_ptcl     SetRootCell Make_LT     Make_LET    Make_GT     Make_Group  Make_I_list Calc_force  Write_back 
           0           0           0  9.5044e-06  0.00017075  2.0934e-05  0.00018167  2.8976e-06  5.8772e-05  0.00052185  1.5085e-05
**** Tree neighbor time profile (local):
 Sample_ptcl Domain_deco Ex_ptcl     SetRootCell Make_LT     Make_LET    Make_GT     Make_Group  Make_I_list Calc_force  Write_back 
           0           0           0   3.204e-06  6.9264e-05  1.3182e-05  6.9509e-05  7.2488e-07  1.2072e-05  2.2065e-05  3.6043e-06
**** Number per step (global):
 PP_single   PP_cluster  PP_cross    Cluster     Cross       AR_step_sum
      968.94      31.056           0      11.949           0       4.936
 AR_tsyn_sum Stab_Ngroup Iso_Ngroup  Form_Ngroup End_Ngroup  Modf_Ngroup Merg_Ngroup H4_step_sum H4_no_NB    Ep-Ep_sum   Ep-Sp_sum  
      1.6965           0           0     0.13086     0.03125           0           0      184.72     0.19946  8.3912e+05       18303
**** Number of members in clusters (global):
N_members:            1           2           3           4           5           6           7           8           9          10          11          12
Count    :       968.94      8.6604       1.679     0.72998     0.40674     0.17651    0.094971    0.052246     0.04541    0.033203    0.020996    0.029785
N_members:           13          14          15
Count    :    0.0097656   0.0073242   0.0029297

Time: 26  N_real(loc): 1000  N_real(glb): 1000  N_all(loc): 1000  N_all(glb): 1000  N_remove(glb): 0  N_escape(glb): 0
Energy:     Error/Total         Error     Error_cum         Total       Kinetic     Potential        Modify  Modify_group Modify_single      Error_PP  Error_PP_cum
Physic:    2.913762e-08  -0.000782925    0.06235174      -26869.9      26988.91     -53858.82  4.959929e-05             0             0 -0.0001998413  -0.002299643
Slowdown:  2.913764e-08 -0.0007829254    0.06235167      -26869.9      26988.91     -53858.82   4.96674e-05             0             0 -0.0002019904  -0.002306608
Angular Momentum:  |L|err: 0.002677081  |L|err_cum: 0.04388593  L: 200.7561   -148.8534    -618.109  |L|: 666.7226
C.M.: mass: 5500 pos: -0.01690134   -0.03361924    0.07654461 vel: 0.05248989   -0.0679372    0.08808078
Tree step number: 4096
**** Wallclock time per step (local): [Min/Max]
 Total       PP_single   PP_cluster  PP_cross    Tree_NB     Tree_Force  Force_corr  Kick        FindCluster CreateGroup MPI_comm    Output      Status      Other      
   0.0017679  1.5579e-05  8.6703e-05           0  0.00029441   0.0013107  1.0426e-05  6.2787e-06  2.7821e-05  1.7984e-05  1.1655e-06  2.1553e-06   1.458e-09  3.0845e-06
   0.0017679  1.5615e-05  8.6756e-05           0  0.00029221   0.0013024  1.0477e-05  6.3117e-06   2.787e-05  1.8005e-05  1.1981e-06  2.1555e-06  1.4653e-09  3.1876e-06
**** FDPS tree soft force time profile (local):
 Sample_ptcl Domain_deco Ex_ptcl     SetRootCell Make_LT     Make_LET    Make_GT     Make_Group  Make_I_list Calc_force  Write_back 
           0           0           0   7.463e-06   0.0001833  2.5758e-05  0.00021121  3.0437e-06  6.4904e-05  0.00059876  1.7921e-05
**** Tree neighbor time profile (local):
 Sample_ptcl Domain_deco Ex_ptcl     SetRootCell Make_LT     Make_LET    Make_GT     Make_Group  Make_I_list Calc_force  Write_back 
           0           0           0  6.0923e-06  8.1601e-05  1.3381e-05  8.5794e-05  7.6217e-07  1.5772e-05  2.4321e-05  4.8661e-06
**** Number per step (global):
 PP_single   PP_cluster  PP_cross    Cluster     Cross       AR_step_sum
      966.59      33.411           0      13.523           0      1.3938
 AR_tsyn_sum Stab_Ngroup Iso_Ngroup  Form_Ngroup End_Ngroup  Modf_Ngroup Merg_Ngroup H4_step_sum H4_no_NB    Ep-Ep_sum   Ep-Sp_sum  
     0.48779           0           0    0.037842     0.01001           0           0      194.76     0.14917   8.356e+05       17988
**** Number of members in clusters (global):
N_members:            1           2           3           4           5           6           7           8           9          10          11          12
Count    :       966.59      10.484      1.8162     0.58594     0.21973     0.14258    0.071533    0.040527    0.035156     0.02832    0.026855    0.025391
N_members:           13          14          15          16
Count    :     0.012695   0.0092773    0.020996   0.0039062

Time: 26.5  N_real(loc): 1000  N_real(glb): 1000  N_all(loc): 1000  N_all(glb): 1000  N_remove(glb): 0  N_escape(glb): 0
Energy:     Error/Total         Error     Error_cum         Total       Kinetic     Potential        Modify  Modify_group Modify_single      Error_PP  Error_PP_cum
Physic:    -4.45832e-07    0.01197946     0.0743312     -26869.89      27570.95     -54440.84  4.907351e-05             0             0 -0.0001231899  -0.002422833
Slowdown:  -4.45832e-07    0.01197946    0.07433113     -26869.89      27570.95     -54440.84  4.914163e-05             0             0 -0.0001234552  -0.002430063
Angular Momentum:  |L|err: 0.007188729  |L|err_cum: 0.05107465  L: 200.7596   -148.8634    -618.1021  |L|: 666.7195
C.M.: mass: 5500 pos: -0.0008011531   -0.05270044    0.09023825 vel: 0.002316508   0.04185737    -0.03693131
Tree step number: 4096
**** Wallclock time per step (local): [Min/Max]
 Total       PP_single   PP_cluster  PP_cross    Tree_NB     Tree_Force  Force_corr  Kick        FindCluster CreateGroup MPI_comm    Output      Status      Other      
   0.0014838  1.2606e-05  7.5411e-05           0  0.00024201    0.001106  6.7354e-06  4.3685e-06    2.37e-05  1.4414e-05  7.7371e-07  1.4997e-06  1.4138e-09  2.0261e-06
   0.0014838   1.264e-05  7.5451e-05           0  0.00024029   0.0011003  6.7842e-06  4.4002e-06  2.3737e-05  1.4438e-05  8.0983e-07  1.4998e-06  1.4211e-09  2.1045e-06
**** FDPS tree soft force time profile (local):
 Sample_ptcl Domain_deco Ex_ptcl     SetRootCell Make_LT     Make_LET    Make_GT     Make_Group  Make_I_list Calc_force  Write_back 
           0           0           0  5.3151e-06  0.00015406  1.9805e-05   0.0001696  2.7897e-06  5.4999e-05  0.00053821  1.2517e-05
**** Tree neighbor time profile (local):
 Sample_ptcl Domain_deco Ex_ptcl     SetRootCell Make_LT     Make_LET    Make_GT     Make_Group  Make_I_list Calc_force  Write_back 
           0           0           0  2.6533e-06  7.0843e-05  1.0945e-05  6.6719e-05    7.26e-07  1.1591e-05  2.6808e-05  3.7884e-06
**** Number per step (global):
 PP_single   PP_cluster  PP_cross    Cluster     Cross       AR_step_sum
      968.15       31.85           0      13.584           0      2.0837
 AR_tsyn_sum Stab_Ngroup Iso_Ngroup  Form_Ngroup End_Ngroup  Modf_Ngroup Merg_Ngroup H4_step_sum H4_no_NB    Ep-Ep_sum   Ep-Sp_sum  
     0.74316           0           0    0.059326    0.015381           0           0      183.66     0.10425  8.3374e+05       18827
**** Number of members in clusters (global):
N_members:            1           2           3           4           5           6           7           8           9          10          14          15
Count    :       968.15      10.708      1.9446     0.43652     0.29395     0.10693    0.058105    0.022949   0.0063477  0.00097656   0.0029297   0.0024414
N_members:           16
Count    :   0.00048828

Time: 27  N_real(loc): 1000  N_real(glb): 1000  N_all(loc): 1000  N_all(glb): 1000  N_remove(glb): 0  N_escape(glb): 0
Energy:     Error/Total         Error     Error_cum         Total       Kinetic     Potential        Modify  Modify_group Modify_single      Error_PP  Error_PP_cum
Physic:    6.688494e-07   -0.01797192    0.05635928     -26869.91      25430.81     -52300.72  4.738906e-05             0             0 -5.496389e-05  -0.002477796
Slowdown:  6.688494e-07   -0.01797192    0.05635921     -26869.91      25430.81     -52300.72  4.745718e-05             0             0 -5.426218e-05  -0.002484326
Angular Momentum:  |L|err: 0.002787784  |L|err_cum: 0.05386244  L: 200.7584   -148.866    -618.1005  |L|: 666.7183
C.M.: mass: 5500 pos: -0.004818855   -0.03613348    0.08983432 vel: -0.004834386   -0.01086109    -0.008148843
Tree step number: 4096
**** Wallclock time per step (local): [Min/Max]
 Total       PP_single   PP_cluster  PP_cross    Tree_NB     Tree_Force  Force_corr  Kick        FindCluster CreateGroup MPI_comm    Output      Status      Other      
   0.0014512  1.2466e-05   6.866e-05           0  0.00022728   0.0010985  6.1572e-06  4.4933e-06  2.0599e-05  1.4133e-05   7.508e-07  1.8445e-06   1.585e-09  2.0221e-06
   0.0014513    1.25e-05  6.8699e-05           0  0.00022581   0.0010928  6.2096e-06   4.525e-06  2.0635e-05  1.4151e-05  7.8159e-07  1.8446e-06  1.5923e-09  2.1052e-06
**** FDPS tree soft force time profile (local):
 Sample_ptcl Domain_deco Ex_ptcl     SetRootCell Make_LT     Make_LET    Make_GT     Make_Group  Make_I_list Calc_force  Write_back 
           0           0           0  4.8062e-06  0.00015166   1.985e-05  0.00015398  2.7399e-06  5.4127e-05  0.00057852  1.2552e-05
**** Tree neighbor time profile (local):
 Sample_ptcl Domain_deco Ex_ptcl     SetRootCell Make_LT     Make_LET    Make_GT     Make_Group  Make_I_list Calc_force  Write_back 
           0           0           0  2.4799e-06  6.4794e-05  1.1059e-05  6.1064e-05  6.6614e-07  1.0423e-05  3.4978e-05  3.2555e-06
**** Number per step (global):
 PP_single   PP_cluster  PP_cross    Cluster     Cross       AR_step_sum
      970.98      29.017           0          13           0     0.90088
 AR_tsyn_sum Stab_Ngroup Iso_Ngroup  Form_Ngroup End_Ngroup  Modf_Ngroup Merg_Ngroup H4_step_sum H4_no_NB    Ep-Ep_sum   Ep-Sp_sum  
     0.31274           0           0     0.02832   0.0080566           0           0      161.62    0.044434  8.2573e+05       21552
**** Number of members in clusters (global):
N_members:            1           2           3           4           5           6           7           8
Count    :       970.98      10.742      1.7317     0.35107     0.13574    0.029297   0.0063477   0.0043945

Time: 27.5  N_real(loc): 1000  N_real(glb): 1000  N_all(loc): 1000  N_all(glb): 1000  N_remove(glb): 0  N_escape(glb): 0
Energy:     Error/Total         Error     Error_cum         Total       Kinetic     Potential        Modify  Modify_group Modify_single      Error_PP  Error_PP_cum
Physic:   -9.655802e-07    0.02594503     0.0823043     -26869.88      28890.25     -55760.13  4.775242e-05             0             0  -4.16447e-05  -0.002519441
Slowdown: -9.655802e-07    0.02594503    0.08230423     -26869.88      28890.25     -55760.13  4.782066e-05             0             0 -4.189554e-05  -0.002526221
Angular Momentum:  |L|err: 0.002150242  |L|err_cum: 0.05601268  L: 200.7574   -148.8666    -618.0987  |L|: 666.7164
C.M.: mass: 5500 pos: 0.020601   -0.03790039    0.1041103 vel: 0.06430168   0.006710036    -0.05014715
Tree step number: 4096
**** Wallclock time per step (local): [Min/Max]
 Total       PP_single   PP_cluster  PP_cross    Tree_NB     Tree_Force  Force_corr  Kick        FindCluster CreateGroup MPI_comm    Output      Status      Other      
   0.0014304  1.3385e-05   7.085e-05           0  0.00022261   0.0010763  7.0957e-06  4.5511e-06   2.086e-05  1.5959e-05  7.9743e-07  2.0763e-06  2.0962e-09  2.1059e-06
   0.0014305   1.342e-05   7.089e-05           0  0.00022092   0.0010702  7.1447e-06  4.5828e-06  2.0898e-05  1.5978e-05  8.2869e-07  2.0764e-06  2.1035e-09  2.1892e-06
**** FDPS tree soft force time profile (local):
 Sample_ptcl Domain_deco Ex_ptcl     SetRootCell Make_LT     Make_LET    Make_GT     Make_Group  Make_I_list Calc_force  Write_back 
           0           0           0  5.3396e-06  0.00015404  2.0792e-05  0.00014384  2.8421e-06  5.4893e-05  0.00059053  1.3632e-05
**** Tree neighbor time profile (local):
 Sample_ptcl Domain_deco Ex_ptcl     SetRootCell Make_LT     Make_LET    Make_GT     Make_Group  Make_I_list Calc_force  Write_back 
           0           0           0  2.5285e-06  6.6547e-05    1.15e-05  5.7586e-05  7.3174e-07  1.1088e-05  3.9393e-05  3.7107e-06
**** Number per step (global):
 PP_single   PP_cluster  PP_cross    Cluster     Cross       AR_step_sum
      970.45      29.546           0      12.833           0      0.6394
 AR_tsyn_sum Stab_Ngroup Iso_Ngroup  Form_Ngroup End_Ngroup  Modf_Ngroup Merg_Ngroup H4_step_sum H4_no_NB    Ep-Ep_sum   Ep-Sp_sum  
     0.21729           0           0     0.02124   0.0056152           0           0      163.62    0.074951  8.2909e+05       20255
**** Number of members in clusters (global):
N_members:            1           2           3           4           5           6           7           8           9          10          11          13
Count    :       970.45      10.402       1.561     0.53931     0.20215    0.071777    0.020996    0.016602    0.013672   0.0029297   0.0019531  0.00048828

Time: 28  N_real(loc): 1000  N_real(glb): 1000  N_all(loc): 1000  N_all(glb): 1000  N_remove(glb): 0  N_escape(glb): 0
Energy:     Error/Total         Error     Error_cum         Total       Kinetic     Potential        Modify  Modify_group Modify_single      Error_PP  Error_PP_cum
Physic:   -2.717298e-07   0.007301346    0.08960565     -26869.88       27045.9     -53915.77  4.820068e-05             0             0 -3.006092e-05  -0.002549502
Slowdown: -2.717299e-07   0.007301349    0.08960558     -26869.88       27045.9     -53915.77  4.826588e-05             0             0 -3.023014e-05  -0.002556451
Angular Momentum:  |L|err: 0.002562619  |L|err_cum: 0.0585753  L: 200.759   -148.8727    -618.0983  |L|: 666.7179
C.M.: mass: 5500 pos: 0.06049604   -0.02730236    0.08935581 vel: -0.02653397   0.0411697    -0.05969333
Tree step number: 4096
**** Wallclock time per step (local): [Min/Max]
 Total       PP_single   PP_cluster  PP_cross    Tree_NB     Tree_Force  Force_corr  Kick        FindCluster CreateGroup MPI_comm    Output      Status      Other      
   0.0013911   1.275e-05  7.4142e-05           0  0.00021624   0.0010393  7.3877e-06  4.4688e-06  2.2416e-05  1.4918e-05  8.9674e-07  2.0609e-06  1.4553e-09  2.6498e-06
   0.0013911  1.2784e-05  7.4187e-05           0  0.00021445   0.0010333  7.4366e-06  4.5007e-06  2.2461e-05  1.4937e-05  9.2785e-07  2.0611e-06  1.4651e-09  2.7527e-06
**** FDPS tree soft force time profile (local):
 Sample_ptcl Domain_deco Ex_ptcl     SetRootCell Make_LT     Make_LET    Make_GT     Make_Group  Make_I_list Calc_force  Write_back 
           0           0           0  6.5234e-06  0.00015228  2.1011e-05  0.00013924  2.9865e-06  5.4201e-05   0.0005692  1.3252e-05
**** Tree neighbor time profile (local):
 Sample_ptcl Domain_deco Ex_ptcl     SetRootCell Make_LT     Make_LET    Make_GT     Make_Group  Make_I_list Calc_force  Write_back 
           0           0           0  2.8626e-06  6.6339e-05  1.1361e-05  5.6242e-05  6.7857e-07  1.0788e-05  3.7146e-05  3.9143e-06
**** Number per step (global):
 PP_single   PP_cluster  PP_cross    Cluster     Cross       AR_step_sum
      967.78      32.223           0      13.472           0     0.54272
 AR_tsyn_sum Stab_Ngroup Iso_Ngroup  Form_Ngroup End_Ngroup  Modf_Ngroup Merg_Ngroup H4_step_sum H4_no_NB    Ep-Ep_sum   Ep-Sp_sum  
     0.17969           0           0    0.014893   0.0046387           0           0      182.23     0.10132  8.2816e+05       20874
**** Number of members in clusters (global):
N_members:            1           2           3           4           5           6           7           8           9          10          11          12
Count    :       967.78      10.432      1.9756     0.48682     0.30566     0.11621    0.092285    0.027344    0.010254    0.003418    0.013672   0.0019531
N_members:           13          14          16
Count    :    0.0029297    0.003418  0.00048828

Time: 28.5  N_real(loc): 1000  N_real(glb): 1000  N_all(loc): 1000  N_all(glb): 1000  N_remove(glb): 0  N_escape(glb): 0
Energy:     Error/Total         Error     Error_cum         Total       Kinetic     Potential        Modify  Modify_group Modify_single      Error_PP  Error_PP_cum
Physic:    4.288388e-07   -0.01152285     0.0780828     -26869.89      29263.81      -56133.7  4.872401e-05             0             0 -0.0001346476   -0.00268415
Slowdown:  4.288388e-07   -0.01152285    0.07808273     -26869.89      29263.81      -56133.7   4.87894e-05             0             0 -0.0001347469  -0.002691198
Angular Momentum:  |L|err: 0.002692156  |L|err_cum: 0.06126746  L: 200.7585   -148.8714    -618.0943  |L|: 666.7137
C.M.: mass: 5500 pos: 0.05293644   0.006202575    0.0447735 vel: 0.04299831   0.05108346    -0.02044425
Tree step number: 4096
**** Wallclock time per step (local): [Min/Max]
 Total       PP_single   PP_cluster  PP_cross    Tree_NB     Tree_Force  Force_corr  Kick        FindCluster CreateGroup MPI_comm    Output      Status      Other      
   0.0014194  1.3154e-05  8.1301e-05           0  0.00021767   0.0010556  7.3391e-06  4.6708e-06  2.4622e-05  1.5603e-05  9.9261e-07  1.7556e-06  1.5605e-09  2.2545e-06
   0.0014195  1.3189e-05  8.1341e-05           0  0.00021605     0.00105  7.3883e-06  4.7028e-06   2.466e-05  1.5622e-05  1.0241e-06  1.7557e-06  1.5679e-09  2.3353e-06
**** FDPS tree soft force time profile (local):
 Sample_ptcl Domain_deco Ex_ptcl     SetRootCell Make_LT     Make_LET    Make_GT     Make_Group  Make_I_list Calc_force  Write_back 
           0           0           0  5.1244e-06  0.00015205  2.1001e-05  0.00013547   2.481e-06  4.3417e-05  0.00060773  1.2595e-05
**** Tree neighbor time profile (local):
 Sample_ptcl Domain_deco Ex_ptcl     SetRootCell Make_LT     Make_LET    Make_GT     Make_Group  Make_I_list Calc_force  Write_back 
           0           0           0  2.6916e-06  6.6948e-05  1.1383e-05  5.6043e-05  6.1209e-07  9.6991e-06  4.1454e-05   3.571e-06
**** Number per step (global):
 PP_single   PP_cluster  PP_cross    Cluster     Cross       AR_step_sum
      965.36      34.644           0      14.339           0      2.1406
 AR_tsyn_sum Stab_Ngroup Iso_Ngroup  Form_Ngroup End_Ngroup  Modf_Ngroup Merg_Ngroup H4_step_sum H4_no_NB    Ep-Ep_sum   Ep-Sp_sum  
     0.73853           0           0    0.057373    0.014648           0           0      196.92     0.12036  8.6451e+05       14837
**** Number of members in clusters (global):
N_members:            1           2           3           4           5           6           7           8           9          10          11          12
Count    :       965.36      10.871      2.1807     0.66357      0.3623     0.11768    0.066406    0.032715    0.012207   0.0097656    0.018066   0.0024414
N_members:           13          14
Count    :    0.0014648  0.00048828

Time: 29  N_real(loc): 1000  N_real(glb): 1000  N_all(loc): 1000  N_all(glb): 1000  N_remove(glb): 0  N_escape(glb): 0
Energy:     Error/Total         Error     Error_cum         Total       Kinetic     Potential        Modify  Modify_group Modify_single      Error_PP  Error_PP_cum
Physic:   -1.377229e-06    0.03700594     0.1150887     -26869.85      27783.89     -54653.74  4.796987e-05             0             0 -0.0002356111  -0.002919761
Slowdown: -1.377229e-06    0.03700595     0.1150887     -26869.85      27783.89     -54653.74  4.803073e-05             0             0 -0.0002330977  -0.002924296
Angular Momentum:  |L|err: 0.0004340603  |L|err_cum: 0.06170152  L: 200.7613   -148.8732    -618.0937  |L|: 666.7144
C.M.: mass: 5500 pos: 0.06247664   -0.02859241    0.05424436 vel: 0.0175101   -0.09830845    0.02425855
Tree step number: 4096
**** Wallclock time per step (local): [Min/Max]
 Total       PP_single   PP_cluster  PP_cross    Tree_NB     Tree_Force  Force_corr  Kick        FindCluster CreateGroup MPI_comm    Output      Status      Other      
   0.0014074  1.3947e-05  9.0899e-05           0  0.00022382   0.0010234  8.7705e-06  5.2293e-06  2.6649e-05  1.5839e-05  8.0656e-07  1.8724e-06  1.5679e-09   2.399e-06
   0.0014074  1.3981e-05  9.0941e-05           0  0.00022214    0.001017    8.82e-06  5.2672e-06  2.6688e-05  1.5858e-05  8.3751e-07  1.8725e-06  1.5776e-09  2.4857e-06
**** FDPS tree soft force time profile (local):
 Sample_ptcl Domain_deco Ex_ptcl     SetRootCell Make_LT     Make_LET    Make_GT     Make_Group  Make_I_list Calc_force  Write_back 
           0           0           0  6.1349e-06   0.0001628  2.2822e-05  0.00014865  2.5684e-06  4.3613e-05  0.00054058  1.4106e-05
**** Tree neighbor time profile (local):
 Sample_ptcl Domain_deco Ex_ptcl     SetRootCell Make_LT     Make_LET    Make_GT     Make_Group  Make_I_list Calc_force  Write_back 
           0           0           0  2.8036e-06  7.0622e-05  1.3199e-05  5.8755e-05  6.4094e-07  1.0504e-05  3.5662e-05  3.7301e-06
**** Number per step (global):
 PP_single   PP_cluster  PP_cross    Cluster     Cross       AR_step_sum
      963.16      36.841           0      14.753           0      3.6565
 AR_tsyn_sum Stab_Ngroup Iso_Ngroup  Form_Ngroup End_Ngroup  Modf_Ngroup Merg_Ngroup H4_step_sum H4_no_NB    Ep-Ep_sum   Ep-Sp_sum  
        1.26           0           0    0.083008     0.02124           0           0      219.63     0.17261  8.7817e+05       11846
**** Number of members in clusters (global):
N_members:            1           2           3           4           5           6           7           8           9          10          11          12
Count    :       963.16       11.06      2.0977     0.89355     0.27979      0.1626    0.068115    0.047852    0.029297    0.035889    0.041016   0.0058594
N_members:           13          14          15          16          17          18          19          20
Count    :     0.010254   0.0078125    0.003418   0.0024414   0.0019531    0.003418  0.00097656   0.0014648

Time: 29.5  N_real(loc): 1000  N_real(glb): 1000  N_all(loc): 1000  N_all(glb): 1000  N_remove(glb): 0  N_escape(glb): 0
Energy:     Error/Total         Error     Error_cum         Total       Kinetic     Potential        Modify  Modify_group Modify_single      Error_PP  Error_PP_cum
Physic:    2.941861e-06   -0.07904761    0.03604113     -26869.93      27410.09     -54280.01  5.395938e-05             0             0 -0.0007707307  -0.003690492
Slowdown:  2.941861e-06   -0.07904761    0.03604107     -26869.93      27410.09     -54280.01  5.402077e-05             0             0 -0.0007772997  -0.003701596
Angular Momentum:  |L|err: 0.006965653  |L|err_cum: 0.06866717  L: 200.7618   -148.8797    -618.089  |L|: 666.7116
C.M.: mass: 5500 pos: 0.05442825   -0.04644923    0.04216408 vel: 0.0002191865   -0.0116982    -0.0133726
Tree step number: 4096
**** Wallclock time per step (local): [Min/Max]
 Total       PP_single   PP_cluster  PP_cross    Tree_NB     Tree_Force  Force_corr  Kick        FindCluster CreateGroup MPI_comm    Output      Status      Other      
   0.0012917  1.3265e-05  9.4651e-05           0  0.00021507  0.00091789   7.789e-06  4.9314e-06  2.4229e-05  1.5157e-05  7.9808e-07  1.5567e-06  2.1331e-09  2.1262e-06
   0.0012917    1.33e-05  9.4693e-05           0  0.00021337  0.00091217   7.838e-06  4.9634e-06  2.4267e-05  1.5175e-05  8.2918e-07  1.5569e-06  2.1404e-09  2.2027e-06
**** FDPS tree soft force time profile (local):
 Sample_ptcl Domain_deco Ex_ptcl     SetRootCell Make_LT     Make_LET    Make_GT     Make_Group  Make_I_list Calc_force  Write_back 
           0           0           0  5.6073e-06   0.0001522  2.1853e-05  0.00013239   2.386e-06  4.1318e-05  0.00049063  1.2657e-05
**** Tree neighbor time profile (local):
 Sample_ptcl Domain_deco Ex_ptcl     SetRootCell Make_LT     Make_LET    Make_GT     Make_Group  Make_I_list Calc_force  Write_back 
           0           0           0  2.4927e-06  7.0901e-05  1.2135e-05  5.3541e-05   6.146e-07   1.005e-05  4.3014e-05  3.7309e-06
**** Number per step (global):
 PP_single   PP_cluster  PP_cross    Cluster     Cross       AR_step_sum
      964.95      35.054           0      13.755           0       8.376
 AR_tsyn_sum Stab_Ngroup Iso_Ngroup  Form_Ngroup End_Ngroup  Modf_Ngroup Merg_Ngroup H4_step_sum H4_no_NB    Ep-Ep_sum   Ep-Sp_sum  
      2.8384           0           0     0.18408    0.045654           0           0      208.44     0.19263  8.7944e+05       13226
**** Number of members in clusters (global):
N_members:            1           2           3           4           5           6           7           8           9          10          11          12
Count    :       964.95      10.175      1.9124     0.77466     0.39307     0.17676     0.10278    0.084961     0.04541    0.033447    0.021973    0.016113
N_members:           13          14          15          16
Count    :    0.0068359   0.0068359   0.0043945  0.00097656

Time: 30  N_real(loc): 1000  N_real(glb): 1000  N_all(loc): 1000  N_all(glb): 1000  N_remove(glb): 0  N_escape(glb): 0
Energy:     Error/Total         Error     Error_cum         Total       Kinetic     Potential        Modify  Modify_group Modify_single      Error_PP  Error_PP_cum
Physic:   -1.276844e-07    0.00343087      0.039472     -26869.93      29257.17      -56127.1  5.204154e-05             0             0 -5.478324e-05  -0.003745275
Slowdown:  -1.27691e-07   0.003431048    0.03947212     -26869.93      29257.17      -56127.1   5.19243e-05             0             0 -5.571865e-05  -0.003757314
Angular Momentum:  |L|err: 0.001446177  |L|err_cum: 0.07011335  L: 200.7564   -148.8813    -618.0904  |L|: 666.7117
C.M.: mass: 5500 pos: 0.0121939   -0.08670739    0.04478977 vel: -0.07039012   -0.01528989    0.03989468
Tree step number: 4096
**** Wallclock time per step (local): [Min/Max]
 Total       PP_single   PP_cluster  PP_cross    Tree_NB     Tree_Force  Force_corr  Kick        FindCluster CreateGroup MPI_comm    Output      Status      Other      
   0.0014506   1.336e-05  7.7135e-05           0  0.00022698   0.0010834  7.7889e-06  6.0301e-06  2.4782e-05  1.5361e-05  8.6021e-07  1.9533e-06  1.7341e-09  2.2485e-06
   0.0014507  1.3395e-05  7.7178e-05           0  0.00022521   0.0010741  7.8441e-06  6.0622e-06   2.482e-05  1.5386e-05  8.9146e-07  1.9534e-06  1.7439e-09  2.3441e-06
**** FDPS tree soft force time profile (local):
 Sample_ptcl Domain_deco Ex_ptcl     SetRootCell Make_LT     Make_LET    Make_GT     Make_Group  Make_I_list Calc_force  Write_back 
           0           0           0  5.7792e-06  0.00015441  2.1369e-05  0.00014355  2.8153e-06  4.8257e-05   0.0006007  1.9932e-05
**** Tree neighbor time profile (local):
 Sample_ptcl Domain_deco Ex_ptcl     SetRootCell Make_LT     Make_LET    Make_GT     Make_Group  Make_I_list Calc_force  Write_back 
           0           0           0  2.9874e-06  6.8685e-05  1.1505e-05  5.8541e-05  6.7573e-07   1.066e-05   4.127e-05  3.9172e-06
**** Number per step (global):
 PP_single   PP_cluster  PP_cross    Cluster     Cross       AR_step_sum
      966.62      33.382           0      13.654           0     0.81421
 AR_tsyn_sum Stab_Ngroup Iso_Ngroup  Form_Ngroup End_Ngroup  Modf_Ngroup Merg_Ngroup H4_step_sum H4_no_NB    Ep-Ep_sum   Ep-Sp_sum  
     0.28027           0           0    0.023682   0.0061035           0           0      189.86     0.19897  8.6636e+05       15413
**** Number of members in clusters (global):
N_members:            1           2           3           4           5           6           7           8           9          10          13          14
Count    :       966.62      10.436      1.7673     0.71826     0.33887     0.23535    0.083008    0.044922    0.025391   0.0014648  0.00024414   0.0024414
N_members:           15
Count    :   0.00048828

Time: 30.5  N_real(loc): 1000  N_real(glb): 1000  N_all(loc): 1000  N_all(glb): 1000  N_remove(glb): 0  N_escape(glb): 0
Energy:     Error/Total         Error     Error_cum         Total       Kinetic     Potential        Modify  Modify_group Modify_single      Error_PP  Error_PP_cum
Physic:    1.919894e-07  -0.005158742    0.03431326     -26869.93      27234.93     -54104.86  5.392146e-05             0             0 -5.487013e-05  -0.003800145
Slowdown:  1.919894e-07  -0.005158741    0.03431338     -26869.93      27234.93     -54104.86  5.380301e-05             0             0  -5.58471e-05  -0.003813161
Angular Momentum:  |L|err: -0.00183131  |L|err_cum: 0.06828204  L: 200.7602   -148.8815    -618.0913  |L|: 666.7138
C.M.: mass: 5500 pos: 0.0006850631   -0.1004121    0.06321825 vel: 0.02349849   0.06983784    -0.006553864
Tree step number: 4096
**** Wallclock time per step (local): [Min/Max]
 Total       PP_single   PP_cluster  PP_cross    Tree_NB     Tree_Force  Force_corr  Kick        FindCluster CreateGroup MPI_comm    Output      Status      Other      
   0.0014612  1.2776e-05  8.1944e-05           0  0.00022396   0.0010909  7.8361e-06  4.5862e-06  2.4913e-05  1.4993e-05  7.6776e-07  2.0374e-06  1.6316e-09  2.2861e-06
   0.0014612  1.2816e-05   8.199e-05           0  0.00022236    0.001085  7.8886e-06  4.6179e-06  2.4951e-05  1.5011e-05  7.9873e-07  2.0375e-06  1.6389e-09  2.3716e-06
**** FDPS tree soft force time profile (local):
 Sample_ptcl Domain_deco Ex_ptcl     SetRootCell Make_LT     Make_LET    Make_GT     Make_Group  Make_I_list Calc_force  Write_back 
           0           0           0  5.0459e-06  0.00015068  2.0677e-05  0.00014052  2.7279e-06  5.1312e-05  0.00061437  1.3019e-05
**** Tree neighbor time profile (local):
 Sample_ptcl Domain_deco Ex_ptcl     SetRootCell Make_LT     Make_LET    Make_GT     Make_Group  Make_I_list Calc_force  Write_back 
           0           0           0  2.4098e-06  6.6319e-05  1.1331e-05  5.7246e-05  6.8113e-07  1.0873e-05  3.9357e-05  3.5515e-06
**** Number per step (global):
 PP_single   PP_cluster  PP_cross    Cluster     Cross       AR_step_sum
      963.65      36.349           0      14.596           0      1.2036
 AR_tsyn_sum Stab_Ngroup Iso_Ngroup  Form_Ngroup End_Ngroup  Modf_Ngroup Merg_Ngroup H4_step_sum H4_no_NB    Ep-Ep_sum   Ep-Sp_sum  
     0.40527           0           0    0.030518   0.0095215           0           0      204.29     0.15039  8.5573e+05       16133
**** Number of members in clusters (global):
N_members:            1           2           3           4           5           6           7           8           9          10          11          12
Count    :       963.65      11.252      1.9553      0.6665      0.2666     0.13257    0.091309     0.06543    0.040527    0.025391   0.0092773    0.035156
N_members:           13          14          15          16          17          18          19          20          21          22
Count    :     0.023682   0.0048828   0.0029297   0.0053711   0.0053711  0.00097656   0.0039062  0.00097656   0.0019531   0.0058594

Time: 31  N_real(loc): 1000  N_real(glb): 1000  N_all(loc): 1000  N_all(glb): 1000  N_remove(glb): 0  N_escape(glb): 0
Energy:     Error/Total         Error     Error_cum         Total       Kinetic     Potential        Modify  Modify_group Modify_single      Error_PP  Error_PP_cum
Physic:    2.705202e-09  -7.26886e-05    0.03424057     -26869.93      27342.66     -54212.59  5.140047e-05             0             0 -6.151642e-05  -0.003861661
Slowdown:  2.705202e-09  -7.26886e-05    0.03424069     -26869.93      27342.66     -54212.59  5.128203e-05             0             0 -6.249783e-05  -0.003875659
Angular Momentum:  |L|err: 0.003124087  |L|err_cum: 0.07140612  L: 200.7596   -148.8853    -618.0903  |L|: 666.7135
C.M.: mass: 5500 pos: 0.003943527   -0.1051018    0.05344122 vel: -0.01249129   -0.01906679    -0.06135735
Tree step number: 4096
**** Wallclock time per step (local): [Min/Max]
 Total       PP_single   PP_cluster  PP_cross    Tree_NB     Tree_Force  Force_corr  Kick        FindCluster CreateGroup MPI_comm    Output      Status      Other      
   0.0013528   1.357e-05  8.3357e-05           0  0.00022025  0.00098221  9.7073e-06  4.6621e-06    2.44e-05  1.5996e-05  8.7433e-07  1.6726e-06  1.9153e-09  2.2987e-06
   0.0013529  1.3606e-05    8.34e-05           0  0.00021842  0.00097619  9.7568e-06  4.6944e-06  2.4447e-05  1.6015e-05  9.0553e-07  1.6727e-06   1.925e-09  2.3764e-06
**** FDPS tree soft force time profile (local):
 Sample_ptcl Domain_deco Ex_ptcl     SetRootCell Make_LT     Make_LET    Make_GT     Make_Group  Make_I_list Calc_force  Write_back 
           0           0           0  5.3289e-06  0.00015556  2.1322e-05  0.00013254  2.6115e-06  4.6284e-05  0.00054334  1.3283e-05
**** Tree neighbor time profile (local):
 Sample_ptcl Domain_deco Ex_ptcl     SetRootCell Make_LT     Make_LET    Make_GT     Make_Group  Make_I_list Calc_force  Write_back 
           0           0           0  2.9453e-06  6.9595e-05  1.2338e-05  5.6943e-05  6.7133e-07  1.0147e-05  4.4024e-05  4.0643e-06
**** Number per step (global):
 PP_single   PP_cluster  PP_cross    Cluster     Cross       AR_step_sum
      964.08      35.918           0      14.514           0      1.2126
 AR_tsyn_sum Stab_Ngroup Iso_Ngroup  Form_Ngroup End_Ngroup  Modf_Ngroup Merg_Ngroup H4_step_sum H4_no_NB    Ep-Ep_sum   Ep-Sp_sum  
     0.40942           0           0    0.030762   0.0075684           0           0      205.42     0.15527  8.9187e+05       10066
**** Number of members in clusters (global):
N_members:            1           2           3           4           5           6           7           8           9          10          11          12
Count    :       964.08      11.174      1.8962     0.68774     0.30566     0.16284    0.081055    0.058105    0.052246    0.031738    0.023438    0.010742
N_members:           13          14          15          16          17
Count    :     0.018066   0.0019531   0.0039062   0.0024414    0.003418

Time: 31.5  N_real(loc): 1000  N_real(glb): 1000  N_all(loc): 1000  N_all(glb): 1000  N_remove(glb): 0  N_escape(glb): 0
Energy:     Error/Total         Error     Error_cum         Total       Kinetic     Potential        Modify  Modify_group Modify_single      Error_PP  Error_PP_cum
Physic:    1.073589e-06   -0.02884729   0.005393284     -26869.96      25887.54      -52757.5   4.93827e-05             0             0 -9.516893e-05   -0.00395683
Slowdown:  1.073589e-06   -0.02884729   0.005393403     -26869.96      25887.54      -52757.5  4.926357e-05             0             0 -9.524915e-05  -0.003970908
Angular Momentum:  |L|err: -0.001728772  |L|err_cum: 0.06967735  L: 200.7593   -148.8844    -618.092  |L|: 666.7148
C.M.: mass: 5500 pos: -0.007458588   -0.08793443    0.01729736 vel: -0.05528026   0.03465722    -0.09832506
Tree step number: 4096
**** Wallclock time per step (local): [Min/Max]
 Total       PP_single   PP_cluster  PP_cross    Tree_NB     Tree_Force  Force_corr  Kick        FindCluster CreateGroup MPI_comm    Output      Status      Other      
   0.0012334  1.2882e-05   8.174e-05           0  0.00020466  0.00088291  7.5251e-06  4.5669e-06  2.4474e-05  1.5398e-05  8.9169e-07  1.3503e-06  1.9006e-09  2.3746e-06
   0.0012334  1.2916e-05  8.1782e-05           0   0.0002031  0.00087748   7.574e-06  4.5989e-06  2.4512e-05  1.5417e-05  9.2282e-07  1.3504e-06  1.9104e-09  2.4526e-06
**** FDPS tree soft force time profile (local):
 Sample_ptcl Domain_deco Ex_ptcl     SetRootCell Make_LT     Make_LET    Make_GT     Make_Group  Make_I_list Calc_force  Write_back 
           0           0           0  5.2359e-06  0.00015036  2.0212e-05  0.00012485  2.3599e-06  3.7611e-05  0.00048211  1.1964e-05
**** Tree neighbor time profile (local):
 Sample_ptcl Domain_deco Ex_ptcl     SetRootCell Make_LT     Make_LET    Make_GT     Make_Group  Make_I_list Calc_force  Write_back 
           0           0           0  2.5511e-06  6.5386e-05  1.1559e-05  5.2165e-05  6.0024e-07   9.214e-06  4.5393e-05  3.4522e-06
**** Number per step (global):
 PP_single   PP_cluster  PP_cross    Cluster     Cross       AR_step_sum
      965.22       34.78           0       13.51           0      2.3054
 AR_tsyn_sum Stab_Ngroup Iso_Ngroup  Form_Ngroup End_Ngroup  Modf_Ngroup Merg_Ngroup H4_step_sum H4_no_NB    Ep-Ep_sum   Ep-Sp_sum  
     0.80786           0           0    0.056396    0.015381           0           0      202.32     0.20215  9.1811e+05      5667.2
**** Number of members in clusters (global):
N_members:            1           2           3           4           5           6           7           8           9          10          11          12
Count    :       965.22      9.9932      2.0305     0.59644     0.26001      0.2085     0.14795    0.071777    0.057617    0.044922    0.053711     0.02002
N_members:           13          14          15
Count    :     0.014648   0.0024414   0.0087891

Time: 32  N_real(loc): 1000  N_real(glb): 1000  N_all(loc): 1000  N_all(glb): 1000  N_remove(glb): 0  N_escape(glb): 0
Energy:     Error/Total         Error     Error_cum         Total       Kinetic     Potential        Modify  Modify_group Modify_single      Error_PP  Error_PP_cum
Physic:   -9.639241e-07    0.02590058    0.03129386     -26869.93      25863.52     -52733.45  5.119887e-05             0             0 -7.526009e-05   -0.00403209
Slowdown: -9.639241e-07    0.02590058    0.03129398     -26869.93      25863.52     -52733.45  5.107975e-05             0             0 -7.544843e-05  -0.004046357
Angular Momentum:  |L|err: 0.00181671  |L|err_cum: 0.07149406  L: 200.7557   -148.8846    -618.0914  |L|: 666.7132
C.M.: mass: 5500 pos: 0.01762952   -0.07661133    -0.01672528 vel: 0.04724625   -0.06415007    0.04559801
Tree step number: 4096
**** Wallclock time per step (local): [Min/Max]
 Total       PP_single   PP_cluster  PP_cross    Tree_NB     Tree_Force  Force_corr  Kick        FindCluster CreateGroup MPI_comm    Output      Status      Other      
   0.0012167  1.1896e-05  7.6921e-05           0  0.00020364  0.00087503   7.412e-06   4.271e-06    2.41e-05  1.4295e-05  7.9528e-07  1.7732e-06  1.8445e-09  1.9394e-06
   0.0012167   1.193e-05  7.6962e-05           0  0.00020208  0.00086963  7.4609e-06  4.3028e-06  2.4138e-05  1.4314e-05  8.2644e-07  1.7733e-06  1.8542e-09  2.0078e-06
**** FDPS tree soft force time profile (local):
 Sample_ptcl Domain_deco Ex_ptcl     SetRootCell Make_LT     Make_LET    Make_GT     Make_Group  Make_I_list Calc_force  Write_back 
           0           0           0  4.8853e-06  0.00014438  1.8948e-05  0.00011989  2.0642e-06  3.2164e-05  0.00048951   1.179e-05
**** Tree neighbor time profile (local):
 Sample_ptcl Domain_deco Ex_ptcl     SetRootCell Make_LT     Make_LET    Make_GT     Make_Group  Make_I_list Calc_force  Write_back 
           0           0           0  2.0942e-06  6.4242e-05  1.0898e-05    5.03e-05  4.5154e-07    9.62e-06  4.6802e-05  3.4067e-06
**** Number per step (global):
 PP_single   PP_cluster  PP_cross    Cluster     Cross       AR_step_sum
      964.03      35.973           0      13.829           0      1.0244
 AR_tsyn_sum Stab_Ngroup Iso_Ngroup  Form_Ngroup End_Ngroup  Modf_Ngroup Merg_Ngroup H4_step_sum H4_no_NB    Ep-Ep_sum   Ep-Sp_sum  
      0.3501           0           0    0.026611   0.0070801           0           0      207.35     0.17896  9.3102e+05      4124.1
**** Number of members in clusters (global):
N_members:            1           2           3           4           5           6           7           8           9          10          11          12
Count    :       964.03      9.9568      2.1396     0.76221     0.39331     0.17822     0.12549     0.10449    0.052734    0.030029    0.039062    0.013184
N_members:           13          14          15          16          17
Count    :     0.012695   0.0078125   0.0083008   0.0029297   0.0019531

Time: 32.5  N_real(loc): 1000  N_real(glb): 1000  N_all(loc): 1000  N_all(glb): 1000  N_remove(glb): 0  N_escape(glb): 0
Energy:     Error/Total         Error     Error_cum         Total       Kinetic     Potential        Modify  Modify_group Modify_single      Error_PP  Error_PP_cum
Physic:   -1.464692e-07   0.003935616    0.03522948     -26869.93      28048.75     -54918.68  4.614737e-05             0             0 -0.0002484826  -0.004280573
Slowdown: -1.464703e-07   0.003935647    0.03522963     -26869.93      28048.75     -54918.68  4.599719e-05             0             0   -0.00024838  -0.004294737
Angular Momentum:  |L|err: -0.004103638  |L|err_cum: 0.06739042  L: 200.7551   -148.8825    -618.0956  |L|: 666.7164
C.M.: mass: 5500 pos: 0.05722939   -0.04882575    -0.01146429 vel: 0.05269223   0.07340436    0.02858358
Tree step number: 4096
**** Wallclock time per step (local): [Min/Max]
 Total       PP_single   PP_cluster  PP_cross    Tree_NB     Tree_Force  Force_corr  Kick        FindCluster CreateGroup MPI_comm    Output      Status      Other      
   0.0013432  1.2356e-05  8.9097e-05           0  0.00021159  0.00097776  7.8834e-06  4.6502e-06  2.5981e-05  1.4598e-05  8.7772e-07  1.8807e-06  2.5952e-09  2.0773e-06
   0.0013433   1.239e-05  8.9139e-05           0  0.00021008  0.00097222  7.9325e-06  4.6822e-06  2.6018e-05  1.4616e-05  9.0899e-07  1.8808e-06  2.6025e-09  2.1522e-06
**** FDPS tree soft force time profile (local):
 Sample_ptcl Domain_deco Ex_ptcl     SetRootCell Make_LT     Make_LET    Make_GT     Make_Group  Make_I_list Calc_force  Write_back 
           0           0           0  4.9003e-06  0.00015103  1.9694e-05  0.00013939  2.2768e-06  4.8779e-05  0.00051336  1.2169e-05
**** Tree neighbor time profile (local):
 Sample_ptcl Domain_deco Ex_ptcl     SetRootCell Make_LT     Make_LET    Make_GT     Make_Group  Make_I_list Calc_force  Write_back 
           0           0           0  2.6873e-06  6.6465e-05  1.0896e-05  5.6548e-05  6.0629e-07  1.1835e-05  3.0662e-05  3.3403e-06
**** Number per step (global):
 PP_single   PP_cluster  PP_cross    Cluster     Cross       AR_step_sum
      962.11      37.893           0      14.698           0      4.2837
 AR_tsyn_sum Stab_Ngroup Iso_Ngroup  Form_Ngroup End_Ngroup  Modf_Ngroup Merg_Ngroup H4_step_sum H4_no_NB    Ep-Ep_sum   Ep-Sp_sum  
      1.4651           0           0     0.12134    0.028564           0           0      227.71      0.2832  8.8102e+05       10487
**** Number of members in clusters (global):
N_members:            1           2           3           4           5           6           7           8           9          10          11          12
Count    :       962.11      10.532      2.2886     0.94531     0.41431     0.26465     0.10303    0.033691    0.015625    0.022217   0.0068359    0.013184
N_members:           13          14          15          16          17          18          19          20          21
Count    :     0.011719   0.0019531   0.0058594    0.020996   0.0053711   0.0053711   0.0048828  0.00097656   0.0014648

Time: 33  N_real(loc): 1000  N_real(glb): 1000  N_all(loc): 1000  N_all(glb): 1000  N_remove(glb): 0  N_escape(glb): 0
Energy:     Error/Total         Error     Error_cum         Total       Kinetic     Potential        Modify  Modify_group Modify_single      Error_PP  Error_PP_cum
Physic:   -8.108508e-07    0.02178749    0.05701696     -26869.91      27447.47     -54317.38  4.978102e-05             0             0 -0.0002059919  -0.004486565
Slowdown: -8.108508e-07    0.02178749    0.05701711     -26869.91      27447.47     -54317.38    4.9631e-05             0             0 -0.0002040957  -0.004498832
Angular Momentum:  |L|err: -0.001269675  |L|err_cum: 0.06612075  L: 200.7533   -148.8818    -618.0978  |L|: 666.7178
C.M.: mass: 5500 pos: 0.07360377   -0.0382464    0.01341132 vel: -0.01983251   0.005514139    0.09865208
Tree step number: 4096
**** Wallclock time per step (local): [Min/Max]
 Total       PP_single   PP_cluster  PP_cross    Tree_NB     Tree_Force  Force_corr  Kick        FindCluster CreateGroup MPI_comm    Output      Status      Other      
    0.001407  1.3139e-05  9.6324e-05           0  0.00022877   0.0010108  8.7506e-06  8.2713e-06  2.7395e-05  1.5446e-05  1.0242e-06  1.5679e-06  2.4558e-09  3.3331e-06
    0.001407  1.3173e-05  9.6367e-05           0  0.00022706    0.001003  8.8045e-06  8.3036e-06  2.7433e-05  1.5465e-05  1.0555e-06  1.5681e-06  2.4731e-09  3.4108e-06
**** FDPS tree soft force time profile (local):
 Sample_ptcl Domain_deco Ex_ptcl     SetRootCell Make_LT     Make_LET    Make_GT     Make_Group  Make_I_list Calc_force  Write_back 
           0           0           0  5.8375e-06  0.00016209  2.1482e-05  0.00014996  2.6098e-06  5.4644e-05  0.00051168  1.6914e-05
**** Tree neighbor time profile (local):
 Sample_ptcl Domain_deco Ex_ptcl     SetRootCell Make_LT     Make_LET    Make_GT     Make_Group  Make_I_list Calc_force  Write_back 
           0           0           0   3.064e-06  7.3014e-05  1.2009e-05  6.0616e-05   7.251e-07  1.3418e-05  3.4373e-05  3.7572e-06
**** Number per step (global):
 PP_single   PP_cluster  PP_cross    Cluster     Cross       AR_step_sum
      959.54      40.462           0      15.827           0      5.9758
 AR_tsyn_sum Stab_Ngroup Iso_Ngroup  Form_Ngroup End_Ngroup  Modf_Ngroup Merg_Ngroup H4_step_sum H4_no_NB    Ep-Ep_sum   Ep-Sp_sum  
      1.9985           0           0     0.15649    0.039062           0           0      240.76     0.27686  8.6577e+05       11480
**** Number of members in clusters (global):
N_members:            1           2           3           4           5           6           7           8           9          10          11          12
Count    :       959.54      11.352      2.6162     0.91577      0.3877     0.19824       0.125    0.081543    0.056152    0.027832    0.035645    0.010254
N_members:           13          14          15          16
Count    :    0.0063477   0.0048828   0.0073242   0.0019531

Time: 33.5  N_real(loc): 1000  N_real(glb): 1000  N_all(loc): 1000  N_all(glb): 1000  N_remove(glb): 0  N_escape(glb): 0
Energy:     Error/Total         Error     Error_cum         Total       Kinetic     Potential        Modify  Modify_group Modify_single      Error_PP  Error_PP_cum
Physic:   -7.810741e-07    0.02098737    0.07800434     -26869.89       28161.1     -55030.99  5.153507e-05             0             0 -0.0002110919  -0.004697657
Slowdown: -7.810738e-07    0.02098736    0.07800448     -26869.89       28161.1     -55030.99  5.139475e-05             0             0 -0.0002108885  -0.004709721
Angular Momentum:  |L|err: 0.0003280498  |L|err_cum: 0.0664488  L: 200.7552   -148.8836    -618.0978  |L|: 666.7187
C.M.: mass: 5500 pos: 0.1018889   -0.02324412    0.0608956 vel: 0.005892885   0.05006724    0.03588452
Tree step number: 4096
**** Wallclock time per step (local): [Min/Max]
 Total       PP_single   PP_cluster  PP_cross    Tree_NB     Tree_Force  Force_corr  Kick        FindCluster CreateGroup MPI_comm    Output      Status      Other      
   0.0013767  1.2839e-05  9.5344e-05           0  0.00022259  0.00099293  7.8225e-06  4.6599e-06  2.7028e-05  1.5308e-05  8.5258e-07  1.5958e-06  1.8738e-09  2.0006e-06
   0.0013767  1.2874e-05  9.5387e-05           0   0.0002209  0.00098672  7.8712e-06  4.6918e-06  2.7066e-05  1.5326e-05  8.8369e-07  1.5959e-06  1.8811e-09  2.0761e-06
**** FDPS tree soft force time profile (local):
 Sample_ptcl Domain_deco Ex_ptcl     SetRootCell Make_LT     Make_LET    Make_GT     Make_Group  Make_I_list Calc_force  Write_back 
           0           0           0  4.9402e-06  0.00015113  2.0089e-05  0.00013854  2.5499e-06  5.3137e-05  0.00052482  1.3561e-05
**** Tree neighbor time profile (local):
 Sample_ptcl Domain_deco Ex_ptcl     SetRootCell Make_LT     Make_LET    Make_GT     Make_Group  Make_I_list Calc_force  Write_back 
           0           0           0   2.598e-06  6.6224e-05  1.1537e-05  5.7294e-05  6.8566e-07  1.1346e-05  4.1319e-05  3.6735e-06
**** Number per step (global):
 PP_single   PP_cluster  PP_cross    Cluster     Cross       AR_step_sum
       958.5        41.5           0      16.111           0      8.2947
 AR_tsyn_sum Stab_Ngroup Iso_Ngroup  Form_Ngroup End_Ngroup  Modf_Ngroup Merg_Ngroup H4_step_sum H4_no_NB    Ep-Ep_sum   Ep-Sp_sum  
      2.8101           0           0      0.2251    0.049316           0           0      243.85     0.32642   8.455e+05       17081
**** Number of members in clusters (global):
N_members:            1           2           3           4           5           6           7           8           9          10          11          12
Count    :        958.5      11.511      2.6394     0.87622     0.50513     0.20166     0.12891    0.086914    0.041016    0.050293    0.026855     0.02002
N_members:           13          14          15          16
Count    :      0.01416    0.003418   0.0048828  0.00048828

Time: 34  N_real(loc): 1000  N_real(glb): 1000  N_all(loc): 1000  N_all(glb): 1000  N_remove(glb): 0  N_escape(glb): 0
Energy:     Error/Total         Error     Error_cum         Total       Kinetic     Potential        Modify  Modify_group Modify_single      Error_PP  Error_PP_cum
Physic:    7.540814e-07    -0.0202621    0.05774224     -26869.91      26084.89     -52954.79  7.423894e-05             0             0 -0.0001650547  -0.004862712
Slowdown:  7.540815e-07    -0.0202621    0.05774238     -26869.91      26084.89     -52954.79  7.410032e-05             0             0 -0.0001665689   -0.00487629
Angular Momentum:  |L|err: -0.002758191  |L|err_cum: 0.06369061  L: 200.76   -148.8858    -618.1014  |L|: 666.7241
C.M.: mass: 5500 pos: 0.05749804   0.02660327    0.06432685 vel: -0.04399606   0.01500925    0.02783288
Tree step number: 4096
**** Wallclock time per step (local): [Min/Max]
 Total       PP_single   PP_cluster  PP_cross    Tree_NB     Tree_Force  Force_corr  Kick        FindCluster CreateGroup MPI_comm    Output      Status      Other      
   0.0012746  1.2445e-05    9.28e-05           0  0.00019122  0.00092657  8.3326e-06  4.2951e-06  2.5296e-05  1.4125e-05  8.0037e-07  1.6471e-06  3.6643e-09  2.2117e-06
   0.0012746  1.2479e-05  9.2842e-05           0  0.00018975  0.00092124  8.3856e-06  4.3268e-06  2.5333e-05  1.4143e-05  8.3139e-07  1.6472e-06  3.6765e-09  2.2864e-06
**** FDPS tree soft force time profile (local):
 Sample_ptcl Domain_deco Ex_ptcl     SetRootCell Make_LT     Make_LET    Make_GT     Make_Group  Make_I_list Calc_force  Write_back 
           0           0           0  4.8291e-06  0.00015094  1.9526e-05  0.00012413  2.6213e-06  5.9914e-05  0.00049957  1.1813e-05
**** Tree neighbor time profile (local):
 Sample_ptcl Domain_deco Ex_ptcl     SetRootCell Make_LT     Make_LET    Make_GT     Make_Group  Make_I_list Calc_force  Write_back 
           0           0           0  2.3522e-06  6.5285e-05  1.0602e-05  5.1892e-05  6.5357e-07  1.2361e-05  2.8773e-05   3.225e-06
**** Number per step (global):
 PP_single   PP_cluster  PP_cross    Cluster     Cross       AR_step_sum
      957.73      42.268           0       16.45           0      3.3972
 AR_tsyn_sum Stab_Ngroup Iso_Ngroup  Form_Ngroup End_Ngroup  Modf_Ngroup Merg_Ngroup H4_step_sum H4_no_NB    Ep-Ep_sum   Ep-Sp_sum  
      1.1731           0           0    0.082275    0.021973           0           0      245.96     0.23633  8.3368e+05       18001
**** Number of members in clusters (global):
N_members:            1           2           3           4           5           6           7           8           9          10          11          12
Count    :       957.73      12.093      2.4746     0.90039      0.4043     0.19141     0.12329    0.088623    0.030762    0.030273    0.013184    0.013672
N_members:           13          14          15          16          17          18          19          20          21          22          23          24
Count    :      0.02002   0.0058594    0.019531   0.0039062   0.0053711   0.0087891   0.0048828   0.0058594   0.0039062  0.00097656   0.0039062   0.0014648
N_members:           26          27          29
Count    :   0.00048828  0.00048828  0.00048828

Time: 34.5  N_real(loc): 1000  N_real(glb): 1000  N_all(loc): 1000  N_all(glb): 1000  N_remove(glb): 0  N_escape(glb): 0
Energy:     Error/Total         Error     Error_cum         Total       Kinetic     Potential        Modify  Modify_group Modify_single      Error_PP  Error_PP_cum
Physic:    4.304584e-07   -0.01156638    0.04617586     -26869.92      25453.08     -52322.99  7.105794e-05             0             0 -6.950469e-05  -0.004932216
Slowdown:  4.304584e-07   -0.01156638      0.046176     -26869.92      25453.08     -52322.99  7.091932e-05             0             0  -6.97661e-05  -0.004946056
Angular Momentum:  |L|err: -0.001309242  |L|err_cum: 0.06238136  L: 200.762   -148.8869    -618.1037  |L|: 666.727
C.M.: mass: 5500 pos: 0.0600927   0.003139413    0.0776982 vel: 0.1340162   -0.05503692    -0.03357237
Tree step number: 4096
**** Wallclock time per step (local): [Min/Max]
 Total       PP_single   PP_cluster  PP_cross    Tree_NB     Tree_Force  Force_corr  Kick        FindCluster CreateGroup MPI_comm    Output      Status      Other      
   0.0012729  1.2664e-05  9.2208e-05           0  0.00018566  0.00092876  9.7506e-06  4.8155e-06  2.6186e-05  1.4885e-05  1.0751e-06  1.3384e-06  1.6414e-09  2.1212e-06
   0.0012729  1.2698e-05   9.225e-05           0  0.00018408  0.00092213  9.8062e-06  4.8474e-06  2.6229e-05  1.4903e-05  1.1066e-06  1.3385e-06  1.6487e-09   2.202e-06
**** FDPS tree soft force time profile (local):
 Sample_ptcl Domain_deco Ex_ptcl     SetRootCell Make_LT     Make_LET    Make_GT     Make_Group  Make_I_list Calc_force  Write_back 
           0           0           0  5.8492e-06  0.00016057  2.1055e-05  0.00012976  2.8246e-06  6.9262e-05  0.00048091  1.4451e-05
**** Tree neighbor time profile (local):
 Sample_ptcl Domain_deco Ex_ptcl     SetRootCell Make_LT     Make_LET    Make_GT     Make_Group  Make_I_list Calc_force  Write_back 
           0           0           0    2.46e-06  6.9166e-05  1.1604e-05  5.4585e-05  6.8945e-07  1.3586e-05  1.7768e-05  3.5106e-06
**** Number per step (global):
 PP_single   PP_cluster  PP_cross    Cluster     Cross       AR_step_sum
      959.69      40.309           0      14.262           0      2.0769
 AR_tsyn_sum Stab_Ngroup Iso_Ngroup  Form_Ngroup End_Ngroup  Modf_Ngroup Merg_Ngroup H4_step_sum H4_no_NB    Ep-Ep_sum   Ep-Sp_sum  
     0.69385           0           0    0.053223    0.013672           0           0      236.37     0.28223  8.2819e+05       18187
**** Number of members in clusters (global):
N_members:            1           2           3           4           5           6           7           8           9          10          11          12
Count    :       959.69        9.95      2.1321     0.82104     0.45312     0.23438     0.14526     0.13501     0.10547    0.050293    0.046875    0.037109
N_members:           13          14          15          16          17          18          19          20          21          22          23          24
Count    :     0.026367    0.037109    0.013672    0.014648   0.0083008   0.0014648   0.0083008   0.0083008   0.0083008   0.0097656   0.0063477  0.00097656
N_members:           25
Count    :    0.0078125

Time: 35  N_real(loc): 1000  N_real(glb): 1000  N_all(loc): 1000  N_all(glb): 1000  N_remove(glb): 0  N_escape(glb): 0
Energy:     Error/Total         Error     Error_cum         Total       Kinetic     Potential        Modify  Modify_group Modify_single      Error_PP  Error_PP_cum
Physic:    2.668595e-07  -0.007170494    0.03900536     -26869.93      26254.45     -53124.38  5.534814e-05             0             0 -0.0002347415  -0.005166958
Slowdown:  2.668594e-07  -0.007170493     0.0390055     -26869.93      26254.45     -53124.38  5.520859e-05             0             0 -0.0002291945  -0.005175251
Angular Momentum:  |L|err: -0.001065346  |L|err_cum: 0.06131602  L: 200.7676   -148.8942    -618.1127  |L|: 666.7386
C.M.: mass: 5500 pos: 0.09630435   -0.01229036    0.06142709 vel: 0.06234318   0.01276506    0.04473891
Tree step number: 4096
**** Wallclock time per step (local): [Min/Max]
 Total       PP_single   PP_cluster  PP_cross    Tree_NB     Tree_Force  Force_corr  Kick        FindCluster CreateGroup MPI_comm    Output      Status      Other      
   0.0012651  1.7293e-05  9.7323e-05           0  0.00021116  0.00087528  1.1507e-05  7.3975e-06  3.1663e-05  1.4619e-05  8.2477e-07  1.6537e-06  1.4751e-09  2.5247e-06
   0.0012652  1.7327e-05  9.7363e-05           0  0.00020916   0.0008696  1.1555e-05  7.4292e-06  3.1701e-05  1.4637e-05  8.6727e-07  1.6538e-06  1.4824e-09  2.6003e-06
**** FDPS tree soft force time profile (local):
 Sample_ptcl Domain_deco Ex_ptcl     SetRootCell Make_LT     Make_LET    Make_GT     Make_Group  Make_I_list Calc_force  Write_back 
           0           0           0  5.1858e-06   0.0001519  1.9611e-05     0.00013  2.6587e-06  6.5802e-05  0.00044222  1.2427e-05
**** Tree neighbor time profile (local):
 Sample_ptcl Domain_deco Ex_ptcl     SetRootCell Make_LT     Make_LET    Make_GT     Make_Group  Make_I_list Calc_force  Write_back 
           0           0           0  8.0853e-06  7.5872e-05  1.0732e-05  6.6384e-05  6.6507e-07  1.4567e-05  1.9355e-05  4.3014e-06
**** Number per step (global):
 PP_single   PP_cluster  PP_cross    Cluster     Cross       AR_step_sum
      957.38       42.62           0      14.608           0      3.1514
 AR_tsyn_sum Stab_Ngroup Iso_Ngroup  Form_Ngroup End_Ngroup  Modf_Ngroup Merg_Ngroup H4_step_sum H4_no_NB    Ep-Ep_sum   Ep-Sp_sum  
      1.0696           0           0    0.078613    0.021484           0           0      257.57     0.28857  8.2736e+05       18197
**** Number of members in clusters (global):
N_members:            1           2           3           4           5           6           7           8           9          10          11          12
Count    :       957.38      10.071      2.1814     0.86987     0.41992     0.25244     0.14062     0.15796    0.093262    0.073486    0.078613    0.039551
N_members:           13          14          15          16          17          18          19          20          21          22          23          24
Count    :     0.036133    0.043457    0.044922    0.030273    0.024414     0.02002   0.0053711   0.0063477   0.0039062   0.0029297   0.0019531   0.0039062
N_members:           25          26          27
Count    :   0.00048828   0.0048828  0.00048828

Time: 35.5  N_real(loc): 1000  N_real(glb): 1000  N_all(loc): 1000  N_all(glb): 1000  N_remove(glb): 0  N_escape(glb): 0
Energy:     Error/Total         Error     Error_cum         Total       Kinetic     Potential        Modify  Modify_group Modify_single      Error_PP  Error_PP_cum
Physic:    6.057632e-06    -0.1627691    -0.1237638     -26870.09      27387.24     -54257.33  7.448122e-05             0             0  -0.008755944    -0.0139229
Slowdown:  6.057632e-06    -0.1627691    -0.1237636     -26870.09      27387.24     -54257.33  7.434167e-05             0             0  -0.008753183   -0.01392843
Angular Momentum:  |L|err: 0.00583615  |L|err_cum: 0.06715217  L: 200.7621   -148.9016    -618.1168  |L|: 666.7424
C.M.: mass: 5500 pos: 0.1349118   -0.009959762    0.07966142 vel: -0.01812928   0.02148255    0.03768202
Tree step number: 4096
**** Wallclock time per step (local): [Min/Max]
 Total       PP_single   PP_cluster  PP_cross    Tree_NB     Tree_Force  Force_corr  Kick        FindCluster CreateGroup MPI_comm    Output      Status      Other      
   0.0012925  1.2125e-05   0.0001101           0  0.00019909  0.00091758  8.4643e-06  4.4855e-06  2.5863e-05  1.5395e-05  8.8176e-07  1.8736e-06   1.387e-09   1.948e-06
   0.0012926  1.2159e-05  0.00011014           0  0.00019758   0.0009123  8.5133e-06  4.5172e-06  2.5901e-05  1.5414e-05  9.1289e-07  1.8737e-06  1.3943e-09  2.0177e-06
**** FDPS tree soft force time profile (local):
 Sample_ptcl Domain_deco Ex_ptcl     SetRootCell Make_LT     Make_LET    Make_GT     Make_Group  Make_I_list Calc_force  Write_back 
           0           0           0  4.4426e-06  0.00014807  1.8922e-05  0.00012062  2.5506e-06  4.9565e-05  0.00051621  1.1627e-05
**** Tree neighbor time profile (local):
 Sample_ptcl Domain_deco Ex_ptcl     SetRootCell Make_LT     Make_LET    Make_GT     Make_Group  Make_I_list Calc_force  Write_back 
           0           0           0  2.2923e-06  6.5369e-05  1.0896e-05  5.0087e-05   6.095e-07  1.0246e-05  4.3006e-05  3.3154e-06
**** Number per step (global):
 PP_single   PP_cluster  PP_cross    Cluster     Cross       AR_step_sum
      957.39      42.613           0      15.746           0      24.053
 AR_tsyn_sum Stab_Ngroup Iso_Ngroup  Form_Ngroup End_Ngroup  Modf_Ngroup Merg_Ngroup H4_step_sum H4_no_NB    Ep-Ep_sum   Ep-Sp_sum  
      7.8203           0           0      0.6416     0.14819           0           0         257     0.51221  8.3097e+05       16965
**** Number of members in clusters (global):
N_members:            1           2           3           4           5           6           7           8           9          10          11          12
Count    :       957.39       11.04      2.5454     0.93188     0.46191     0.25977    0.095703     0.10229    0.068604    0.048096    0.061035     0.02832
N_members:           13          14          15          16          17          18          19          20          21          22
Count    :    0.0092773     0.01416    0.016602    0.016113    0.013184   0.0092773    0.015625   0.0068359  0.00048828   0.0019531

Time: 36  N_real(loc): 1000  N_real(glb): 1000  N_all(loc): 1000  N_all(glb): 1000  N_remove(glb): 0  N_escape(glb): 0
Energy:     Error/Total         Error     Error_cum         Total       Kinetic     Potential        Modify  Modify_group Modify_single      Error_PP  Error_PP_cum
Physic:    1.402946e-06   -0.03769733    -0.1614611     -26870.13      25623.28     -52493.41  5.873329e-05             0             0 -0.0004055571   -0.01432846
Slowdown:  1.402945e-06   -0.03769732    -0.1614609     -26870.13      25623.28     -52493.41  5.859107e-05             0             0 -0.0004078358   -0.01433627
Angular Momentum:  |L|err: -0.002739623  |L|err_cum: 0.06441254  L: 200.7647   -148.9021    -618.1238  |L|: 666.7498
C.M.: mass: 5500 pos: 0.1561623   0.02397026    0.09772153 vel: 0.0554574   0.1434016    -0.003798434
Tree step number: 4096
**** Wallclock time per step (local): [Min/Max]
 Total       PP_single   PP_cluster  PP_cross    Tree_NB     Tree_Force  Force_corr  Kick        FindCluster CreateGroup MPI_comm    Output      Status      Other      
   0.0012935  1.3083e-05  0.00010941           0  0.00020588  0.00090596  1.0639e-05  4.7175e-06  2.9115e-05  1.5438e-05  7.5347e-07  1.9056e-06  1.3845e-09  2.2935e-06
   0.0012936  1.3144e-05  0.00010946           0  0.00020425  0.00090017  1.0689e-05  4.7495e-06  2.9155e-05  1.5457e-05   7.844e-07  1.9056e-06  1.3918e-09  2.3617e-06
**** FDPS tree soft force time profile (local):
 Sample_ptcl Domain_deco Ex_ptcl     SetRootCell Make_LT     Make_LET    Make_GT     Make_Group  Make_I_list Calc_force  Write_back 
           0           0           0  5.0453e-06   0.0001597  2.1161e-05  0.00012893  2.7584e-06  5.1023e-05  0.00047869  1.2775e-05
**** Tree neighbor time profile (local):
 Sample_ptcl Domain_deco Ex_ptcl     SetRootCell Make_LT     Make_LET    Make_GT     Make_Group  Make_I_list Calc_force  Write_back 
           0           0           0  2.9324e-06  6.9314e-05  1.1383e-05  5.2892e-05   6.359e-07   1.057e-05  4.2337e-05  3.5765e-06
**** Number per step (global):
 PP_single   PP_cluster  PP_cross    Cluster     Cross       AR_step_sum
      956.63       43.37           0       14.65           0      10.617
 AR_tsyn_sum Stab_Ngroup Iso_Ngroup  Form_Ngroup End_Ngroup  Modf_Ngroup Merg_Ngroup H4_step_sum H4_no_NB    Ep-Ep_sum   Ep-Sp_sum  
        3.47           0           0     0.23535    0.063721           0           0      265.49     0.39331  8.4242e+05       15842
**** Number of members in clusters (global):
N_members:            1           2           3           4           5           6           7           8           9          10          11          12
Count    :       956.63       9.877      2.2065      1.0498     0.37207     0.33594     0.20898     0.16089    0.098877    0.048096    0.038574    0.025391
N_members:           13          14          15          16          17          18          19          20          21          22          23          24
Count    :     0.038574    0.020996    0.021973    0.037598    0.020508    0.016113    0.015137   0.0063477   0.0097656    0.010254   0.0053711  0.00048828
N_members:           25          26          27          28          29          30          31          32          33          35          36
Count    :     0.003418   0.0039062   0.0019531   0.0019531   0.0029297   0.0019531   0.0039062  0.00048828   0.0019531   0.0014648  0.00097656
Hard energy significant ! dE_SD: -0.0208319 dE_SD/Etot_SD: 0.000281494
Thread: 3 Dump file: data.hard_large_energy_h4_n3_g1_t36.228394_M0_O3_c0_s1790678915
Hard energy significant ! dE_SD: -0.0107603 dE_SD/Etot_SD: 0.000143036
Thread: 2 Dump file: data.hard_large_energy_h4_n3_g1_t36.228882_M0_O2_c1_s1790678915

Time: 36.5  N_real(loc): 1000  N_real(glb): 1000  N_all(loc): 1012  N_all(glb): 1012  N_remove(glb): 0  N_escape(glb): 0
Energy:     Error/Total         Error     Error_cum         Total       Kinetic     Potential        Modify  Modify_group Modify_single      Error_PP  Error_PP_cum
Physic:     -0.01747482      460.6645      460.5031     -26361.62      29127.38        -55489      47.84237             0             0    0.03784492    0.02351646
Slowdown:   -0.01754931      460.3018      460.1403     -26229.05         29103     -55332.06      180.7743             0             0    0.01553198   0.001195714
Angular Momentum:  |L|err: 44.80256  |L|err_cum: 44.86698  L: 225.9075   -173.385    -646.0612  |L|: 706.0394
C.M.: mass: 5500 pos: 0.1956036   0.02299658    0.07552522 vel: 0.01483969   3.610694e-05    0.007991156
Tree step number: 4096
**** Wallclock time per step (local): [Min/Max]
 Total       PP_single   PP_cluster  PP_cross    Tree_NB     Tree_Force  Force_corr  Kick        FindCluster CreateGroup MPI_comm    Output      Status      Other      
   0.0015397  1.6905e-05   0.0001353           0  0.00025128   0.0010472  2.0878e-05  9.2395e-06  4.0396e-05  2.3315e-05   2.396e-06  1.8819e-06  1.9763e-09  3.6396e-06
   0.0015397  1.6942e-05  0.00013538           0  0.00024923   0.0010346  2.0935e-05  9.2726e-06  4.0441e-05  2.3336e-05  2.4278e-06  1.8821e-06  1.9836e-09  3.7133e-06
**** FDPS tree soft force time profile (local):
 Sample_ptcl Domain_deco Ex_ptcl     SetRootCell Make_LT     Make_LET    Make_GT     Make_Group  Make_I_list Calc_force  Write_back 
           0           0           0  8.6354e-06  0.00020244  2.4396e-05  0.00016079  3.2272e-06  6.1513e-05  0.00050803  2.6609e-05
**** Tree neighbor time profile (local):
 Sample_ptcl Domain_deco Ex_ptcl     SetRootCell Make_LT     Make_LET    Make_GT     Make_Group  Make_I_list Calc_force  Write_back 
           0           0           0  8.6649e-06  9.0993e-05  1.4228e-05  6.4865e-05  7.2274e-07  1.2905e-05   4.568e-05  4.5951e-06
**** Number per step (global):
 PP_single   PP_cluster  PP_cross    Cluster     Cross       AR_step_sum
      953.85      46.152           0      15.016           0      18.247
 AR_tsyn_sum Stab_Ngroup Iso_Ngroup  Form_Ngroup End_Ngroup  Modf_Ngroup Merg_Ngroup H4_step_sum H4_no_NB    Ep-Ep_sum   Ep-Sp_sum  
      3.8286     0.54321           0     0.15381    0.035645           0           0      277.53     0.38428  8.6286e+05       15669
**** Number of members in clusters (global):
N_members:            1           2           3           4           5           6           7           8           9          10          11          12
Count    :       953.85      9.9551      2.3037     0.98291     0.53418     0.31201     0.21387     0.11792    0.091797    0.071045    0.064453    0.058105
N_members:           13          14          15          16          17          18          19          20          21          22          23          24
Count    :     0.048828    0.037109    0.026855    0.032227    0.026855    0.019531     0.02832    0.023926   0.0097656     0.02002    0.010986     0.01416
N_members:           25          26          27          28          29
Count    :    0.0024414   0.0048828   0.0024414   0.0014648   0.0014648

Time: 37  N_real(loc): 1000  N_real(glb): 1000  N_all(loc): 1012  N_all(glb): 1012  N_remove(glb): 0  N_escape(glb): 0
Energy:     Error/Total         Error     Error_cum         Total       Kinetic     Potential        Modify  Modify_group Modify_single      Error_PP  Error_PP_cum
Physic:     -0.00810464      211.7492      672.2522      -26126.9      30070.48     -56197.39      70.80814             0             0 -0.0001944087    0.02332206
Slowdown:  -0.008145119      211.7269      671.8673     -25994.33      30046.14     -56040.47      336.3383             0             0 -0.0001934155   0.001002298
Angular Momentum:  |L|err: 13.0866  |L|err_cum: 57.95358  L: 225.3082   -172.9715    -664.779  |L|: 722.9205
C.M.: mass: 5500 pos: 0.233872   -0.003347578    0.05688674 vel: 0.06248665   -0.03434869    0.009954665
Tree step number: 4096
**** Wallclock time per step (local): [Min/Max]
 Total       PP_single   PP_cluster  PP_cross    Tree_NB     Tree_Force  Force_corr  Kick        FindCluster CreateGroup MPI_comm    Output      Status      Other      
    0.001372  1.4192e-05  0.00011017           0  0.00022751  0.00095217  1.3374e-05  6.1324e-06  3.3652e-05   1.887e-05   8.597e-07  1.8312e-06  1.8345e-09  3.0081e-06
    0.001372  1.4227e-05  0.00011022           0  0.00022552  0.00094271  1.3425e-05  6.1651e-06  3.3694e-05   1.889e-05  8.9111e-07  1.8313e-06  1.8418e-09  3.0773e-06
**** FDPS tree soft force time profile (local):
 Sample_ptcl Domain_deco Ex_ptcl     SetRootCell Make_LT     Make_LET    Make_GT     Make_Group  Make_I_list Calc_force  Write_back 
           0           0           0    6.76e-06  0.00017524  2.2436e-05  0.00013875  2.9803e-06  4.3935e-05  0.00049599  2.0201e-05
**** Tree neighbor time profile (local):
 Sample_ptcl Domain_deco Ex_ptcl     SetRootCell Make_LT     Make_LET    Make_GT     Make_Group  Make_I_list Calc_force  Write_back 
           0           0           0  3.1519e-06  7.6677e-05  1.2327e-05  5.8768e-05  5.5758e-07  1.0495e-05  4.8192e-05  4.4081e-06
**** Number per step (global):
 PP_single   PP_cluster  PP_cross    Cluster     Cross       AR_step_sum
      952.43       47.57           0      16.539           0      17.755
 AR_tsyn_sum Stab_Ngroup Iso_Ngroup  Form_Ngroup End_Ngroup  Modf_Ngroup Merg_Ngroup H4_step_sum H4_no_NB    Ep-Ep_sum   Ep-Sp_sum  
      1.3887           1           0     0.13525    0.037109           0           0      277.66     0.44556  9.0815e+05      9469.5
**** Number of members in clusters (global):
N_members:            1           2           3           4           5           6           7           8           9          10          11          12
Count    :       952.43      11.493      2.3604     0.99365     0.46631     0.31812     0.21411     0.17236     0.11035     0.10303    0.078125     0.04248
N_members:           13          14          15          16          17          18          19          20          21          22          23          24
Count    :     0.037598     0.03125    0.032227    0.015625    0.017578    0.012207    0.018066   0.0087891   0.0024414   0.0029297   0.0026855   0.0024414
N_members:           25
Count    :     0.003418

Time: 37.5  N_real(loc): 1000  N_real(glb): 1000  N_all(loc): 1012  N_all(glb): 1012  N_remove(glb): 0  N_escape(glb): 0
Energy:     Error/Total         Error     Error_cum         Total       Kinetic     Potential        Modify  Modify_group Modify_single      Error_PP  Error_PP_cum
Physic:    -0.002010213      52.40372      724.6559     -26068.74      29285.52     -55354.26       76.5664             0             0  -0.001741248    0.02158081
Slowdown:  -0.002020613      52.40696      724.2742     -25936.17      29261.19     -55197.36      474.6696             0             0    -0.0017413 -0.0007390015
Angular Momentum:  |L|err: 1.497585  |L|err_cum: 59.45116  L: 220.8909   -168.677    -670.4567  |L|: 725.7802
C.M.: mass: 5500 pos: 0.2389365   -0.02267472    0.0359533 vel: 0.02285085   0.00156251    0.04146731
Tree step number: 4096
**** Wallclock time per step (local): [Min/Max]
 Total       PP_single   PP_cluster  PP_cross    Tree_NB     Tree_Force  Force_corr  Kick        FindCluster CreateGroup MPI_comm    Output      Status      Other      
   0.0014188  1.5166e-05  0.00013021           0  0.00022951   0.0009633  1.7546e-05  5.7004e-06  3.9765e-05  2.0453e-05  1.0552e-06  1.5596e-06  1.4041e-09  2.9481e-06
   0.0014188  1.5201e-05  0.00013028           0  0.00022772  0.00095495  1.7598e-05  5.7377e-06  3.9808e-05  2.0473e-05  1.0867e-06  1.5597e-06  1.4138e-09  3.0184e-06
**** FDPS tree soft force time profile (local):
 Sample_ptcl Domain_deco Ex_ptcl     SetRootCell Make_LT     Make_LET    Make_GT     Make_Group  Make_I_list Calc_force  Write_back 
           0           0           0  8.6036e-06  0.00018408  2.3382e-05  0.00014296  2.8793e-06  3.6808e-05  0.00050132  1.8055e-05
**** Tree neighbor time profile (local):
 Sample_ptcl Domain_deco Ex_ptcl     SetRootCell Make_LT     Make_LET    Make_GT     Make_Group  Make_I_list Calc_force  Write_back 
           0           0           0  3.8147e-06  7.5512e-05  1.2133e-05  5.9542e-05  4.9515e-07  1.0105e-05  5.0963e-05  3.9475e-06
**** Number per step (global):
 PP_single   PP_cluster  PP_cross    Cluster     Cross       AR_step_sum
      948.64      51.362           0      16.755           0      19.272
 AR_tsyn_sum Stab_Ngroup Iso_Ngroup  Form_Ngroup End_Ngroup  Modf_Ngroup Merg_Ngroup H4_step_sum H4_no_NB    Ep-Ep_sum   Ep-Sp_sum  
      1.9028           1           0     0.14941    0.038574           0           0      310.46     0.65332  9.2615e+05      6395.5
**** Number of members in clusters (global):
N_members:            1           2           3           4           5           6           7           8           9          10          11          12
Count    :       948.64      11.979      2.1733     0.79028     0.41016     0.35229     0.19604     0.10254    0.072266    0.084961    0.056641    0.057129
N_members:           13          14          15          16          17          18          19          20          21          22          23          24
Count    :     0.060059    0.067383    0.048828    0.049316     0.03125    0.030273    0.053711    0.031006    0.024414    0.014648    0.022461    0.015625
N_members:           25          26          27          28          29          30          31          32          33          34
Count    :    0.0058594   0.0068359   0.0039062   0.0053711   0.0029297  0.00097656   0.0019531  0.00097656   0.0019531  0.00048828

Time: 38  N_real(loc): 1000  N_real(glb): 1000  N_all(loc): 1012  N_all(glb): 1012  N_remove(glb): 0  N_escape(glb): 0
Energy:     Error/Total         Error     Error_cum         Total       Kinetic     Potential        Modify  Modify_group Modify_single      Error_PP  Error_PP_cum
Physic:   -0.0008222707      21.41602       746.072     -26044.98      28379.16     -54424.14      78.91625             0             0  -0.001812901    0.01976791
Slowdown: -0.0008264718      21.41587      745.6901      -25912.4      28354.85     -54267.25      609.5959             0             0  -0.001811162  -0.002550163
Angular Momentum:  |L|err: 0.6122549  |L|err_cum: 60.06342  L: 217.5938   -165.4656    -673.3582  |L|: 726.7305
C.M.: mass: 5500 pos: 0.2246829   -0.03062148    0.03098075 vel: -0.03782733   -0.05818528    -0.02311804
Tree step number: 4096
**** Wallclock time per step (local): [Min/Max]
 Total       PP_single   PP_cluster  PP_cross    Tree_NB     Tree_Force  Force_corr  Kick        FindCluster CreateGroup MPI_comm    Output      Status      Other      
   0.0014122  1.3617e-05  0.00015818           0  0.00021392  0.00095177   1.797e-05  5.6206e-06  3.3918e-05  1.8896e-05  1.7489e-06  1.3884e-06  1.2988e-09  3.0482e-06
   0.0014122  1.3653e-05  0.00015824           0  0.00021214   0.0009439  1.8021e-05  5.6528e-06  3.3965e-05  1.8916e-05  1.7803e-06  1.3885e-06  1.3062e-09   3.148e-06
**** FDPS tree soft force time profile (local):
 Sample_ptcl Domain_deco Ex_ptcl     SetRootCell Make_LT     Make_LET    Make_GT     Make_Group  Make_I_list Calc_force  Write_back 
           0           0           0  6.9759e-06  0.00017118  2.1755e-05  0.00013489  2.7679e-06  4.7278e-05  0.00050361   1.703e-05
**** Tree neighbor time profile (local):
 Sample_ptcl Domain_deco Ex_ptcl     SetRootCell Make_LT     Make_LET    Make_GT     Make_Group  Make_I_list Calc_force  Write_back 
           0           0           0  3.2629e-06  7.2371e-05  1.2308e-05  5.5489e-05  5.8703e-07  1.0842e-05  4.1947e-05  3.9047e-06
**** Number per step (global):
 PP_single   PP_cluster  PP_cross    Cluster     Cross       AR_step_sum
      950.36      49.637           0       15.05           0      29.169
 AR_tsyn_sum Stab_Ngroup Iso_Ngroup  Form_Ngroup End_Ngroup  Modf_Ngroup Merg_Ngroup H4_step_sum H4_no_NB    Ep-Ep_sum   Ep-Sp_sum  
      5.2483           1           0     0.32666    0.077637           0           0      306.32     0.54785  8.9455e+05       10094
**** Number of members in clusters (global):
N_members:            1           2           3           4           5           6           7           8           9          10          11          12
Count    :       950.36      10.462      1.9167     0.75049     0.50488     0.29736     0.14551       0.104     0.08252    0.080566    0.099609    0.080566
N_members:           13          14          15          16          17          18          19          20          21          22          23          24
Count    :     0.041748    0.085449    0.039551    0.054688    0.051025    0.038574    0.021484     0.02124    0.013672    0.013672    0.015625    0.012695
N_members:           25          26          27          28          29          30          31          32          33          34          35          36
Count    :     0.022461    0.015625   0.0097656    0.011719     0.01123   0.0073242    0.015137   0.0087891   0.0063477   0.0039062   0.0019531   0.0014648
N_members:           38
Count    :   0.00048828

Time: 38.5  N_real(loc): 1000  N_real(glb): 1000  N_all(loc): 1012  N_all(glb): 1012  N_remove(glb): 0  N_escape(glb): 0
Energy:     Error/Total         Error     Error_cum         Total       Kinetic     Potential        Modify  Modify_group Modify_single      Error_PP  Error_PP_cum
Physic:   -0.0004697406      12.22802         758.3     -26031.43      25859.95     -51891.38      80.23789             0             0 -0.0007399954    0.01902791
Slowdown: -0.0004721434      12.22797      757.9181     -25898.85      25835.66     -51734.52      743.4939             0             0 -0.0007423941  -0.003292557
Angular Momentum:  |L|err: 0.2198685  |L|err_cum: 60.28329  L: 215.0526   -163.0395    -674.9668  |L|: 726.9179
C.M.: mass: 5500 pos: 0.2018559   -0.0523267    0.01360405 vel: -0.02855022   -0.03835648    -0.03170585
Tree step number: 4096
**** Wallclock time per step (local): [Min/Max]
 Total       PP_single   PP_cluster  PP_cross    Tree_NB     Tree_Force  Force_corr  Kick        FindCluster CreateGroup MPI_comm    Output      Status      Other      
   0.0013311  1.3157e-05   0.0001366           0  0.00019508  0.00091793  1.3702e-05  4.9184e-06  3.3687e-05  1.7624e-05  7.7014e-07  1.9103e-06  2.3704e-09  2.2035e-06
   0.0013312  1.3191e-05  0.00013665           0  0.00019316   0.0009117  1.3752e-05  4.9596e-06  3.3727e-05  1.7643e-05  8.0125e-07  1.9103e-06  2.3801e-09  2.2806e-06
**** FDPS tree soft force time profile (local):
 Sample_ptcl Domain_deco Ex_ptcl     SetRootCell Make_LT     Make_LET    Make_GT     Make_Group  Make_I_list Calc_force  Write_back 
           0           0           0  5.4815e-06  0.00016069  2.1177e-05  0.00013047  3.0843e-06  5.4334e-05  0.00048393    1.37e-05
**** Tree neighbor time profile (local):
 Sample_ptcl Domain_deco Ex_ptcl     SetRootCell Make_LT     Make_LET    Make_GT     Make_Group  Make_I_list Calc_force  Write_back 
           0           0           0  2.7045e-06  6.9608e-05   1.161e-05  5.4147e-05  6.3953e-07  1.2265e-05  2.7256e-05  4.2161e-06
**** Number per step (global):
 PP_single   PP_cluster  PP_cross    Cluster     Cross       AR_step_sum
         951          49           0       15.07           0      30.511
 AR_tsyn_sum Stab_Ngroup Iso_Ngroup  Form_Ngroup End_Ngroup  Modf_Ngroup Merg_Ngroup H4_step_sum H4_no_NB    Ep-Ep_sum   Ep-Sp_sum  
      5.7302           1           0     0.39233    0.087646           0           0      303.84     0.59375  8.6772e+05       14705
**** Number of members in clusters (global):
N_members:            1           2           3           4           5           6           7           8           9          10          11          12
Count    :          951      9.9956      2.1509     0.83105     0.46045     0.36182     0.23828     0.14453      0.1394     0.14648    0.096191    0.064941
N_members:           13          14          15          16          17          18          19          20          21          22          23          24
Count    :     0.080811    0.067383    0.054199    0.041504    0.049561    0.026855    0.028809    0.024902    0.019043    0.012695    0.010254   0.0029297
N_members:           25          26          27          28          30
Count    :    0.0083008   0.0053711   0.0048828  0.00097656   0.0014648

Time: 39  N_real(loc): 1000  N_real(glb): 1000  N_all(loc): 1012  N_all(glb): 1012  N_remove(glb): 0  N_escape(glb): 0
Energy:     Error/Total         Error     Error_cum         Total       Kinetic     Potential        Modify  Modify_group Modify_single      Error_PP  Error_PP_cum
Physic:   -0.0003237546      8.424767      766.7247     -26022.08      25535.88     -51557.96      81.15971             0             0 -0.0003649765    0.01866293
Slowdown: -0.0003254116      8.424744      766.3428      -25889.5      25511.61     -51401.12       876.992             0             0 -0.0003652663  -0.003657824
Angular Momentum:  |L|err: 0.6814506  |L|err_cum: 60.96474  L: 212.7083   -160.6988    -676.7431  |L|: 727.3584
C.M.: mass: 5500 pos: 0.1649263   -0.07044019    0.005716474 vel: -0.03625999   -0.03740489    0.0534182
Tree step number: 4096
**** Wallclock time per step (local): [Min/Max]
 Total       PP_single   PP_cluster  PP_cross    Tree_NB     Tree_Force  Force_corr  Kick        FindCluster CreateGroup MPI_comm    Output      Status      Other      
    0.001833  2.0961e-05   0.0001541           0  0.00029562   0.0012603  2.6457e-05  1.1573e-05  4.7666e-05  2.7932e-05   1.457e-06  2.0144e-06  1.4993e-09  5.2268e-06
    0.001833  2.1008e-05  0.00015417           0  0.00029281   0.0012404  2.6562e-05  1.1607e-05  4.7716e-05  2.7968e-05  1.4887e-06  2.0144e-06  1.5066e-09  5.3194e-06
**** FDPS tree soft force time profile (local):
 Sample_ptcl Domain_deco Ex_ptcl     SetRootCell Make_LT     Make_LET    Make_GT     Make_Group  Make_I_list Calc_force  Write_back 
           0           0           0  9.0994e-06  0.00024962  3.1739e-05  0.00020169  5.9114e-06  7.5804e-05  0.00058393  4.2849e-05
**** Tree neighbor time profile (local):
 Sample_ptcl Domain_deco Ex_ptcl     SetRootCell Make_LT     Make_LET    Make_GT     Make_Group  Make_I_list Calc_force  Write_back 
           0           0           0  4.5465e-06  0.00011092  1.8413e-05  8.1423e-05    8.07e-07  1.7426e-05  3.9476e-05  6.0892e-06
**** Number per step (global):
 PP_single   PP_cluster  PP_cross    Cluster     Cross       AR_step_sum
      951.19      48.813           0      14.122           0      19.435
 AR_tsyn_sum Stab_Ngroup Iso_Ngroup  Form_Ngroup End_Ngroup  Modf_Ngroup Merg_Ngroup H4_step_sum H4_no_NB    Ep-Ep_sum   Ep-Sp_sum  
      1.9639           1           0     0.13867    0.035645           0           0      298.42     0.55542  8.4986e+05       15886
**** Number of members in clusters (global):
N_members:            1           2           3           4           5           6           7           8           9          10          11          12
Count    :       951.19      9.5701      1.8164     0.71094     0.36426     0.30078     0.20898     0.17578     0.12158     0.10547    0.072754    0.070312
N_members:           13          14          15          16          17          18          19          20          21          22          23          24
Count    :     0.063965    0.082031     0.05127    0.042969    0.076172    0.053711     0.04834     0.01709    0.022949    0.025879    0.025879    0.023438
N_members:           25          26          27          28          29          30          31          32          33
Count    :     0.021484    0.013184    0.013672  0.00097656   0.0058594   0.0073242   0.0073242  0.00048828  0.00048828

Time: 39.5  N_real(loc): 1000  N_real(glb): 1000  N_all(loc): 1012  N_all(glb): 1012  N_remove(glb): 0  N_escape(glb): 0
Energy:     Error/Total         Error     Error_cum         Total       Kinetic     Potential        Modify  Modify_group Modify_single      Error_PP  Error_PP_cum
Physic:   -0.0002179874      5.671111      772.3959     -26015.78      26963.31     -52979.09      81.78773             0             0 -0.0002095298     0.0184534
Slowdown: -0.0002191035      5.671101      772.0139     -25883.21      26939.07     -52822.27      1010.196             0             0 -0.0002095607  -0.003867384
Angular Momentum:  |L|err: 0.6257725  |L|err_cum: 61.59051  L: 210.7024   -158.7077    -678.1242  |L|: 727.6236
C.M.: mass: 5500 pos: 0.1591864   -0.07259805    0.04281792 vel: -0.02185658   -0.05190492    0.01117691
Tree step number: 4096
**** Wallclock time per step (local): [Min/Max]
 Total       PP_single   PP_cluster  PP_cross    Tree_NB     Tree_Force  Force_corr  Kick        FindCluster CreateGroup MPI_comm    Output      Status      Other      
   0.0016736  1.7498e-05  0.00013745           0  0.00027076   0.0011631  2.0652e-05  9.3091e-06  4.3695e-05  2.4126e-05  1.1952e-06  1.7238e-06  2.3457e-09  3.4417e-06
   0.0016736  1.7541e-05  0.00013752           0  0.00026746    0.001145  2.0705e-05  9.3486e-06  4.3743e-05  2.4147e-05  1.2341e-06  1.7239e-06   2.363e-09   3.524e-06
**** FDPS tree soft force time profile (local):
 Sample_ptcl Domain_deco Ex_ptcl     SetRootCell Make_LT     Make_LET    Make_GT     Make_Group  Make_I_list Calc_force  Write_back 
           0           0           0  9.2481e-06  0.00021701  2.7138e-05  0.00016983  4.1657e-06  7.1938e-05  0.00057602  3.8556e-05
**** Tree neighbor time profile (local):
 Sample_ptcl Domain_deco Ex_ptcl     SetRootCell Make_LT     Make_LET    Make_GT     Make_Group  Make_I_list Calc_force  Write_back 
           0           0           0  5.9646e-06  9.7169e-05  1.6644e-05  7.2132e-05   7.083e-07  1.5494e-05  4.2532e-05   7.033e-06
**** Number per step (global):
 PP_single   PP_cluster  PP_cross    Cluster     Cross       AR_step_sum
      951.61      48.388           0      15.358           0      17.782
 AR_tsyn_sum Stab_Ngroup Iso_Ngroup  Form_Ngroup End_Ngroup  Modf_Ngroup Merg_Ngroup H4_step_sum H4_no_NB    Ep-Ep_sum   Ep-Sp_sum  
      1.3713           1           0     0.10229    0.026367           0           0      287.68     0.47656   8.427e+05       17300
**** Number of members in clusters (global):
N_members:            1           2           3           4           5           6           7           8           9          10          11          12
Count    :       951.61      10.795      2.1025     0.70801     0.30078     0.31445     0.20947     0.15869     0.12134    0.094238    0.056152    0.068848
N_members:           13          14          15          16          17          18          19          20          21          22          23          24
Count    :     0.064453    0.051758     0.03418    0.028809    0.052246    0.025391    0.019531    0.020264    0.016113   0.0097656     0.02002    0.019531
N_members:           25          26          27          28          29          30          31          32          33          34          35          36
Count    :     0.012695    0.010254   0.0068359   0.0087891    0.003418   0.0053711   0.0014648   0.0053711   0.0029297   0.0039062   0.0039062  0.00048828
N_members:           39
Count    :   0.00097656

Time: 40  N_real(loc): 1000  N_real(glb): 1000  N_all(loc): 1012  N_all(glb): 1012  N_remove(glb): 0  N_escape(glb): 0
Energy:     Error/Total         Error     Error_cum         Total       Kinetic     Potential        Modify  Modify_group Modify_single      Error_PP  Error_PP_cum
Physic:   -0.0001603858      4.171822      776.5677     -26011.16       28618.9     -54630.06      82.23894             0             0 -0.0001380548    0.01831535
Slowdown: -0.0001612073      4.171816      776.1857     -25878.58      28594.68     -54473.26      1143.224             0             0 -0.0001380533  -0.004005438
Angular Momentum:  |L|err: 0.581094  |L|err_cum: 62.17161  L: 208.9875   -157.009    -679.228  |L|: 727.79
C.M.: mass: 5500 pos: 0.1356472   -0.08994793    0.05185323 vel: -0.06028518   -0.0307643    0.02787963
Tree step number: 4096
**** Wallclock time per step (local): [Min/Max]
 Total       PP_single   PP_cluster  PP_cross    Tree_NB     Tree_Force  Force_corr  Kick        FindCluster CreateGroup MPI_comm    Output      Status      Other      
   0.0019138  2.1443e-05  0.00014601           0  0.00029263    0.001349  2.8129e-05  1.5315e-05   4.616e-05  2.7557e-05  1.5027e-06  2.0501e-06  1.4407e-09  3.6459e-06
   0.0019138  2.1487e-05  0.00014616           0  0.00028956   0.0013302  2.8185e-05  1.5349e-05  4.6209e-05  2.7579e-05  1.5352e-06  2.0502e-06   1.448e-09  3.7476e-06
**** FDPS tree soft force time profile (local):
 Sample_ptcl Domain_deco Ex_ptcl     SetRootCell Make_LT     Make_LET    Make_GT     Make_Group  Make_I_list Calc_force  Write_back 
           0           0           0  1.2965e-05  0.00023281  3.1554e-05  0.00018449  4.1927e-06  7.0572e-05  0.00072084  3.9459e-05
**** Tree neighbor time profile (local):
 Sample_ptcl Domain_deco Ex_ptcl     SetRootCell Make_LT     Make_LET    Make_GT     Make_Group  Make_I_list Calc_force  Write_back 
           0           0           0  5.2154e-06  0.00010493  1.5968e-05  7.9415e-05    7.33e-07  1.4917e-05  5.1416e-05   6.588e-06
**** Number per step (global):
 PP_single   PP_cluster  PP_cross    Cluster     Cross       AR_step_sum
      952.81      47.186           0      14.314           0        17.6
 AR_tsyn_sum Stab_Ngroup Iso_Ngroup  Form_Ngroup End_Ngroup  Modf_Ngroup Merg_Ngroup H4_step_sum H4_no_NB    Ep-Ep_sum   Ep-Sp_sum  
      1.3306           1           0     0.10181    0.025635           0           0      278.41     0.59375  8.3981e+05       16540
**** Number of members in clusters (global):
N_members:            1           2           3           4           5           6           7           8           9          10          11          12
Count    :       952.81      9.9668      1.7588     0.71411      0.4043      0.2915     0.19775     0.12842     0.10352    0.075195    0.095215    0.089844
N_members:           13          14          15          16          17          18          19          20          21          22          23          24
Count    :     0.064453    0.062012     0.03418    0.049805    0.043457    0.022461     0.03125    0.032471    0.023438     0.02002    0.019043    0.018066
N_members:           25          26          27          28          29          30          31          32          33          34          35          36
Count    :     0.012207    0.012695   0.0083008    0.010254   0.0029297   0.0048828   0.0063477    0.003418  0.00048828  0.00097656   0.0012207   0.0014648
N_members:           37          38          39
Count    :   0.00048828  0.00097656  0.00097656

Time: 40.5  N_real(loc): 1000  N_real(glb): 1000  N_all(loc): 1012  N_all(glb): 1012  N_remove(glb): 0  N_escape(glb): 0
Energy:     Error/Total         Error     Error_cum         Total       Kinetic     Potential        Modify  Modify_group Modify_single      Error_PP  Error_PP_cum
Physic:   -0.0001210854       3.14915      779.7168     -26007.67      26887.04     -52894.71      82.58153             0             0 -0.0002989612    0.01801639
Slowdown: -0.0001217057      3.149147      779.3349     -25875.09      26862.83     -52737.92      1276.143             0             0 -0.0002990357  -0.004304473
Angular Momentum:  |L|err: 0.5587437  |L|err_cum: 62.73035  L: 207.4884   -155.5213    -680.156  |L|: 727.9083
C.M.: mass: 5500 pos: 0.140282   -0.1001252    0.07380685 vel: 0.001670527   -0.05769256    0.04140282
Tree step number: 4096
**** Wallclock time per step (local): [Min/Max]
 Total       PP_single   PP_cluster  PP_cross    Tree_NB     Tree_Force  Force_corr  Kick        FindCluster CreateGroup MPI_comm    Output      Status      Other      
   0.0020351  1.9376e-05  0.00024482           0  0.00029774   0.0013476  3.7749e-05  1.0846e-05  5.9453e-05  2.7848e-05  2.0838e-06  1.7574e-06  1.7417e-09  5.1644e-06
   0.0020352  1.9414e-05  0.00024491           0   0.0002946   0.0013292  3.7806e-05   1.088e-05  5.9513e-05   2.787e-05  2.1218e-06  1.7575e-06   1.749e-09  5.2595e-06
**** FDPS tree soft force time profile (local):
 Sample_ptcl Domain_deco Ex_ptcl     SetRootCell Make_LT     Make_LET    Make_GT     Make_Group  Make_I_list Calc_force  Write_back 
           0           0           0  1.1579e-05  0.00022505  2.7964e-05  0.00017494  4.0874e-06  6.6161e-05  0.00074406  3.8528e-05
**** Tree neighbor time profile (local):
 Sample_ptcl Domain_deco Ex_ptcl     SetRootCell Make_LT     Make_LET    Make_GT     Make_Group  Make_I_list Calc_force  Write_back 
           0           0           0  7.1404e-06  0.00010814  1.5992e-05  7.6078e-05  7.5533e-07   1.449e-05  5.4137e-05   6.816e-06
**** Number per step (global):
 PP_single   PP_cluster  PP_cross    Cluster     Cross       AR_step_sum
      949.26      50.737           0      12.032           0      20.928
 AR_tsyn_sum Stab_Ngroup Iso_Ngroup  Form_Ngroup End_Ngroup  Modf_Ngroup Merg_Ngroup H4_step_sum H4_no_NB    Ep-Ep_sum   Ep-Sp_sum  
      2.4565           1           0     0.12769    0.023926           0           0       321.9     0.40918  8.3561e+05       16703
**** Number of members in clusters (global):
N_members:            1           2           3           4           5           6           7           8           9          10          11          12
Count    :       949.26      8.5938      1.4229     0.47778     0.18896     0.09668    0.098633    0.036133    0.044434    0.026367    0.032227    0.030273
N_members:           13          14          15          16          17          18          19          20          21          22          23          24
Count    :      0.02832    0.029785    0.024414    0.047363    0.029785    0.022949    0.040527    0.058105    0.036133    0.061035    0.066895    0.060547
N_members:           25          26          27          28          29          30          31          32          33          34          35          36
Count    :      0.07251     0.05957    0.070312    0.046875    0.072754    0.053711    0.025879    0.032227    0.022461   0.0068359   0.0070801   0.0073242
N_members:           37
Count    :   0.00048828

Time: 41  N_real(loc): 1000  N_real(glb): 1000  N_all(loc): 1024  N_all(glb): 1024  N_remove(glb): 0  N_escape(glb): 0
Energy:     Error/Total         Error     Error_cum         Total       Kinetic     Potential        Modify  Modify_group Modify_single      Error_PP  Error_PP_cum
Physic:     -0.01193763      296.8691      1076.586     -24868.34      27797.59     -52665.93      925.0381             0             0     0.9470453     0.9650617
Slowdown:   -0.01204231      296.4237      1075.759     -24615.18      27181.31     -51796.49      2372.206             0             0     0.8635129     0.8592085
Angular Momentum:  |L|err: -44.68277  |L|err_cum: 18.04758  L: 194.835   -143.4617    -601.9759  |L|: 648.781
C.M.: mass: 5500 pos: 0.1771717   -0.0881488    0.1146895 vel: 0.06584206   0.02002515    0.1651968
Tree step number: 4096
**** Wallclock time per step (local): [Min/Max]
 Total       PP_single   PP_cluster  PP_cross    Tree_NB     Tree_Force  Force_corr  Kick        FindCluster CreateGroup MPI_comm    Output      Status      Other      
    0.002021  2.0951e-05  0.00029824           0  0.00027422   0.0013184  2.7265e-05  1.1391e-05  5.2434e-05  2.5885e-05  2.7518e-06   2.056e-06  2.1892e-09  5.0405e-06
   0.0020211  2.0988e-05  0.00029832           0  0.00027021   0.0013027  2.7324e-05  1.1434e-05  5.2489e-05  2.5907e-05  2.7842e-06   2.056e-06   2.199e-09  5.1329e-06
**** FDPS tree soft force time profile (local):
 Sample_ptcl Domain_deco Ex_ptcl     SetRootCell Make_LT     Make_LET    Make_GT     Make_Group  Make_I_list Calc_force  Write_back 
           0           0           0  1.0202e-05   0.0002225  2.9344e-05  0.00017599  3.6942e-06  6.1919e-05  0.00072424  3.3196e-05
**** Tree neighbor time profile (local):
 Sample_ptcl Domain_deco Ex_ptcl     SetRootCell Make_LT     Make_LET    Make_GT     Make_Group  Make_I_list Calc_force  Write_back 
           0           0           0  5.8417e-06  9.5472e-05  1.6151e-05  6.7764e-05  6.7963e-07  1.2904e-05  5.1701e-05  8.4846e-06
**** Number per step (global):
 PP_single   PP_cluster  PP_cross    Cluster     Cross       AR_step_sum
      949.42       50.58           0      15.761           0      88.969
 AR_tsyn_sum Stab_Ngroup Iso_Ngroup  Form_Ngroup End_Ngroup  Modf_Ngroup Merg_Ngroup H4_step_sum H4_no_NB    Ep-Ep_sum   Ep-Sp_sum  
      22.368      1.7158           0     0.86157    0.064209   0.0014648           0      305.28     0.34644  8.3916e+05       17790
**** Number of members in clusters (global):
N_members:            1           2           3           4           5           6           7           8           9          10          11          12
Count    :       949.42      11.342      1.7773     0.66479     0.40479      0.2749     0.26221     0.14868    0.099609    0.074219     0.10547    0.095215
N_members:           13          14          15          16          17          18          19          20          21          22          23          24
Count    :     0.069336    0.061035    0.044434    0.073242    0.036133    0.040039    0.034668    0.023438    0.035645    0.013184    0.016357   0.0092773
N_members:           25          26          27          28          29          30          31          32          33          34
Count    :     0.011719   0.0087891   0.0078125   0.0048828    0.003418   0.0048828   0.0029297   0.0063477    0.003418   0.0014648

Time: 41.5  N_real(loc): 1000  N_real(glb): 1000  N_all(loc): 1024  N_all(glb): 1024  N_remove(glb): 0  N_escape(glb): 0
Energy:     Error/Total         Error     Error_cum         Total       Kinetic     Potential        Modify  Modify_group Modify_single      Error_PP  Error_PP_cum
Physic:   -0.0001316111      3.248615      1079.835     -24683.43      26806.42     -51489.85      1106.697             0             0 -9.354489e-05     0.9649681
Slowdown: -0.0001325853      3.239096      1078.998     -24430.27      26188.14     -50618.42      2807.034             0             0 -9.187662e-05     0.8591166
Angular Momentum:  |L|err: 6.679976  |L|err_cum: 24.72755  L: 195.0624   -143.6587    -594.6518  |L|: 642.1043
C.M.: mass: 5500 pos: 0.1899653   -0.07763588    0.1740015 vel: 0.03287579   0.04023244    -0.009924177
Tree step number: 4096
**** Wallclock time per step (local): [Min/Max]
 Total       PP_single   PP_cluster  PP_cross    Tree_NB     Tree_Force  Force_corr  Kick        FindCluster CreateGroup MPI_comm    Output      Status      Other      
   0.0018695  1.9138e-05  0.00016042           0  0.00028323   0.0013165  2.2906e-05  9.6905e-06  4.7009e-05  2.5854e-05  1.6133e-06  1.9215e-06  2.0059e-09  4.5107e-06
   0.0018696  1.9176e-05  0.00016048           0  0.00028043   0.0012939  2.2968e-05  9.7243e-06  4.7062e-05  2.5891e-05  1.6452e-06  1.9216e-06  2.0132e-09  4.6085e-06
**** FDPS tree soft force time profile (local):
 Sample_ptcl Domain_deco Ex_ptcl     SetRootCell Make_LT     Make_LET    Make_GT     Make_Group  Make_I_list Calc_force  Write_back 
           0           0           0  1.0781e-05  0.00021892  2.9002e-05  0.00017665  3.8551e-06  6.0904e-05  0.00071701  4.7042e-05
**** Tree neighbor time profile (local):
 Sample_ptcl Domain_deco Ex_ptcl     SetRootCell Make_LT     Make_LET    Make_GT     Make_Group  Make_I_list Calc_force  Write_back 
           0           0           0   5.018e-06  9.3533e-05  1.6603e-05  7.8476e-05  7.0896e-07   1.283e-05  5.3198e-05  6.0528e-06
**** Number per step (global):
 PP_single   PP_cluster  PP_cross    Cluster     Cross       AR_step_sum
      951.72       48.28           0      16.667           0      57.649
 AR_tsyn_sum Stab_Ngroup Iso_Ngroup  Form_Ngroup End_Ngroup  Modf_Ngroup Merg_Ngroup H4_step_sum H4_no_NB    Ep-Ep_sum   Ep-Sp_sum  
      9.1826           2           0       1.051    0.013672           0           0      259.25      1.2427  8.4558e+05       18747
**** Number of members in clusters (global):
N_members:            1           2           3           4           5           6           7           8           9          10          11          12
Count    :       951.72      11.883      2.1726     0.97852     0.51025     0.26709     0.16455     0.11206    0.095703    0.071777    0.082031    0.051758
N_members:           13          14          15          16          17          18          19          20          21          22          23          24
Count    :     0.042969    0.040039    0.021973    0.033203    0.023438    0.032227    0.021484   0.0087891     0.01416    0.015137   0.0039062    0.013672
N_members:           25          26          28
Count    :    0.0043945   0.0024414  0.00048828

Time: 42  N_real(loc): 1000  N_real(glb): 1000  N_all(loc): 1024  N_all(glb): 1024  N_remove(glb): 0  N_escape(glb): 0
Energy:     Error/Total         Error     Error_cum         Total       Kinetic     Potential        Modify  Modify_group Modify_single      Error_PP  Error_PP_cum
Physic:    -7.46803e-05      1.839656      1081.674     -24633.75      29253.32     -53887.07      1154.544             0             0 -0.0001340339     0.9648341
Slowdown: -7.543575e-05      1.839168      1080.837     -24380.59      28633.64     -53014.23      3108.041             0             0 -0.0001346391     0.8589819
Angular Momentum:  |L|err: 0.94452  |L|err_cum: 25.67207  L: 194.958   -143.5608    -593.7052  |L|: 641.1741
C.M.: mass: 5500 pos: 0.2023419   -0.08826452    0.2076733 vel: -0.0665592   -0.07003899    0.01768462
Tree step number: 4096
**** Wallclock time per step (local): [Min/Max]
 Total       PP_single   PP_cluster  PP_cross    Tree_NB     Tree_Force  Force_corr  Kick        FindCluster CreateGroup MPI_comm    Output      Status      Other      
   0.0018042  1.7985e-05  0.00013634           0  0.00026921   0.0012941  2.2232e-05  8.8079e-06  4.2401e-05   2.384e-05  2.3409e-06   1.611e-06  1.6707e-09  4.6191e-06
   0.0018042  1.8027e-05  0.00013641           0  0.00026672   0.0012753  2.2286e-05  8.8413e-06  4.2449e-05  2.3862e-05  2.3728e-06   1.611e-06   1.678e-09  4.7133e-06
**** FDPS tree soft force time profile (local):
 Sample_ptcl Domain_deco Ex_ptcl     SetRootCell Make_LT     Make_LET    Make_GT     Make_Group  Make_I_list Calc_force  Write_back 
           0           0           0  1.0256e-05  0.00021268  3.0689e-05  0.00017755  3.6934e-06  6.2802e-05  0.00070784  3.9355e-05
**** Tree neighbor time profile (local):
 Sample_ptcl Domain_deco Ex_ptcl     SetRootCell Make_LT     Make_LET    Make_GT     Make_Group  Make_I_list Calc_force  Write_back 
           0           0           0  5.1831e-06  9.6763e-05  1.4866e-05  6.9487e-05  8.0506e-07  1.1778e-05  5.1064e-05  5.4036e-06
**** Number per step (global):
 PP_single   PP_cluster  PP_cross    Cluster     Cross       AR_step_sum
      952.62      47.378           0      17.348           0      45.077
 AR_tsyn_sum Stab_Ngroup Iso_Ngroup  Form_Ngroup End_Ngroup  Modf_Ngroup Merg_Ngroup H4_step_sum H4_no_NB    Ep-Ep_sum   Ep-Sp_sum  
      4.7124           2           0        1.05    0.014648           0           0       250.3      1.9333  8.4425e+05       19584
**** Number of members in clusters (global):
N_members:            1           2           3           4           5           6           7           8           9          10          11          12
Count    :       952.62      12.475      2.3413      1.0767     0.55225       0.271     0.16577     0.10352    0.086426    0.043457    0.047363    0.042969
N_members:           13          14          15          16          17          18          19          20          23          24          25          26
Count    :     0.032227     0.01001    0.013672    0.021973    0.014648   0.0087891    0.012207   0.0078125   0.0024414   0.0043945   0.0024414   0.0039062
N_members:           28          29          31
Count    :    0.0039062   0.0039062  0.00048828

Time: 42.5  N_real(loc): 1000  N_real(glb): 1000  N_all(loc): 1024  N_all(glb): 1024  N_remove(glb): 0  N_escape(glb): 0
Energy:     Error/Total         Error     Error_cum         Total       Kinetic     Potential        Modify  Modify_group Modify_single      Error_PP  Error_PP_cum
Physic:   -5.870704e-05      1.444717      1083.119     -24608.92      27165.95     -51774.87      1177.924             0             0 -6.775833e-05     0.9647663
Slowdown: -5.931273e-05      1.444607      1082.281     -24355.76       26544.9     -50900.66       3384.58             0             0 -6.795967e-05      0.858914
Angular Momentum:  |L|err: 0.1579142  |L|err_cum: 25.82999  L: 194.5839   -143.1934    -593.713  |L|: 640.9854
C.M.: mass: 5500 pos: 0.1819202   -0.1286169    0.1987964 vel: 0.06400333   -0.09169205    -0.0121818
Tree step number: 4096
**** Wallclock time per step (local): [Min/Max]
 Total       PP_single   PP_cluster  PP_cross    Tree_NB     Tree_Force  Force_corr  Kick        FindCluster CreateGroup MPI_comm    Output      Status      Other      
   0.0017598  1.8037e-05  0.00014013           0    0.000263    0.001255  1.6017e-05  8.8297e-06  4.1179e-05   2.464e-05   1.383e-06  2.0322e-06  2.1233e-09  3.5953e-06
   0.0017598  1.8074e-05  0.00014029           0  0.00026056   0.0012413   1.607e-05  8.8732e-06  4.1237e-05  2.4663e-05  1.4148e-06  2.0323e-06  2.1331e-09  3.6911e-06
**** FDPS tree soft force time profile (local):
 Sample_ptcl Domain_deco Ex_ptcl     SetRootCell Make_LT     Make_LET    Make_GT     Make_Group  Make_I_list Calc_force  Write_back 
           0           0           0  1.0091e-05  0.00021419  3.0096e-05  0.00016945  3.5039e-06  6.1022e-05  0.00068891  2.9066e-05
**** Tree neighbor time profile (local):
 Sample_ptcl Domain_deco Ex_ptcl     SetRootCell Make_LT     Make_LET    Make_GT     Make_Group  Make_I_list Calc_force  Write_back 
           0           0           0  4.2093e-06  9.2337e-05  1.6413e-05  6.9047e-05  7.0171e-07  1.3221e-05   4.783e-05  5.3535e-06
**** Number per step (global):
 PP_single   PP_cluster  PP_cross    Cluster     Cross       AR_step_sum
      950.88      49.121           0      18.136           0       53.08
 AR_tsyn_sum Stab_Ngroup Iso_Ngroup  Form_Ngroup End_Ngroup  Modf_Ngroup Merg_Ngroup H4_step_sum H4_no_NB    Ep-Ep_sum   Ep-Sp_sum  
      7.5884           2           0      1.0422     0.01123           0           0      258.74      1.4258  8.4134e+05       20059
**** Number of members in clusters (global):
N_members:            1           2           3           4           5           6           7           8           9          10          11          12
Count    :       950.88      12.525      2.9436      1.0952     0.55615     0.38428     0.15137      0.1875    0.098145    0.049805    0.055176     0.03125
N_members:           13          14          15          16          17          20          21          23
Count    :     0.023438     0.02124   0.0039062   0.0039062   0.0014648   0.0014648   0.0024414  0.00097656

Time: 43  N_real(loc): 1000  N_real(glb): 1000  N_all(loc): 1024  N_all(glb): 1024  N_remove(glb): 0  N_escape(glb): 0
Energy:     Error/Total         Error     Error_cum         Total       Kinetic     Potential        Modify  Modify_group Modify_single      Error_PP  Error_PP_cum
Physic:   -4.967644e-05      1.221747      1084.341      -24594.1      26676.37     -51270.48      1191.521             0             0 -0.0001068246     0.9646595
Slowdown:  -5.01916e-05      1.221711      1083.503     -24340.94      26053.96     -50394.91      3651.337             0             0 -0.0001072905     0.8588067
Angular Momentum:  |L|err: -0.1017164  |L|err_cum: 25.72827  L: 194.1845   -142.8007    -594.0208  |L|: 641.0619
C.M.: mass: 5500 pos: 0.2027134   -0.1401261    0.1638206 vel: 0.0904208   -0.01515129    -0.1121362
Tree step number: 4096
**** Wallclock time per step (local): [Min/Max]
 Total       PP_single   PP_cluster  PP_cross    Tree_NB     Tree_Force  Force_corr  Kick        FindCluster CreateGroup MPI_comm    Output      Status      Other      
   0.0016041  1.4985e-05  0.00013333           0  0.00023106   0.0011488  1.6099e-05   6.652e-06   3.653e-05  2.2513e-05  1.1217e-06  1.9871e-06   1.458e-09   2.987e-06
   0.0016041  1.5021e-05  0.00013338           0  0.00022907    0.001137  1.6176e-05  6.6841e-06  3.6574e-05  2.2534e-05  1.1531e-06  1.9872e-06  1.4653e-09  3.0738e-06
**** FDPS tree soft force time profile (local):
 Sample_ptcl Domain_deco Ex_ptcl     SetRootCell Make_LT     Make_LET    Make_GT     Make_Group  Make_I_list Calc_force  Write_back 
           0           0           0  7.4372e-06  0.00018078  2.4474e-05  0.00014032   2.951e-06  5.5122e-05   0.0006653  2.5332e-05
**** Tree neighbor time profile (local):
 Sample_ptcl Domain_deco Ex_ptcl     SetRootCell Make_LT     Make_LET    Make_GT     Make_Group  Make_I_list Calc_force  Write_back 
           0           0           0  3.1278e-06  8.1367e-05   1.434e-05  6.0577e-05  6.7323e-07  1.1411e-05  4.1379e-05  4.3533e-06
**** Number per step (global):
 PP_single   PP_cluster  PP_cross    Cluster     Cross       AR_step_sum
      951.78      48.221           0      17.897           0      53.652
 AR_tsyn_sum Stab_Ngroup Iso_Ngroup  Form_Ngroup End_Ngroup  Modf_Ngroup Merg_Ngroup H4_step_sum H4_no_NB    Ep-Ep_sum   Ep-Sp_sum  
      7.8325           2           0      1.0317   0.0095215           0           0      252.99      1.4355  8.4644e+05       17908
**** Number of members in clusters (global):
N_members:            1           2           3           4           5           6           7           8           9          10          11          12
Count    :       951.78       12.41      2.8123      1.2385     0.54004     0.30786     0.19214     0.12744    0.082031    0.056641    0.034668    0.029297
N_members:           13          14          15          16          17          18          19          20          22          23
Count    :     0.020996   0.0073242   0.0073242   0.0048828   0.0068359   0.0073242   0.0024414   0.0063477   0.0019531   0.0014648

Time: 43.5  N_real(loc): 1000  N_real(glb): 1000  N_all(loc): 1024  N_all(glb): 1024  N_remove(glb): 0  N_escape(glb): 0
Energy:     Error/Total         Error     Error_cum         Total       Kinetic     Potential        Modify  Modify_group Modify_single      Error_PP  Error_PP_cum
Physic:   -4.394373e-05      1.080322      1085.421     -24584.21      27411.92     -51996.13      1200.336             0             0 -0.0004456293     0.9642139
Slowdown: -4.439563e-05      1.080192      1084.583     -24331.05      26788.15      -51119.2      3913.311             0             0 -0.0004448058     0.8583619
Angular Momentum:  |L|err: -0.1706841  |L|err_cum: 25.55759  L: 193.7545   -142.3824    -594.4356  |L|: 641.2232
C.M.: mass: 5500 pos: 0.1976576   -0.137303    0.1714583 vel: -0.01907829   -0.01169198    -0.02188996
Tree step number: 4096
**** Wallclock time per step (local): [Min/Max]
 Total       PP_single   PP_cluster  PP_cross    Tree_NB     Tree_Force  Force_corr  Kick        FindCluster CreateGroup MPI_comm    Output      Status      Other      
   0.0016306  1.6688e-05  0.00019135           0   0.0002303   0.0011134  1.5243e-05  6.0016e-06  3.9212e-05   2.138e-05  9.1841e-07  2.2086e-06  1.8811e-09   3.036e-06
   0.0016307  1.6724e-05  0.00019141           0  0.00022849   0.0011042  1.5295e-05  6.0549e-06  3.9258e-05  2.1401e-05  9.5509e-07  2.2087e-06  1.8884e-09  3.1258e-06
**** FDPS tree soft force time profile (local):
 Sample_ptcl Domain_deco Ex_ptcl     SetRootCell Make_LT     Make_LET    Make_GT     Make_Group  Make_I_list Calc_force  Write_back 
           0           0           0  6.9783e-06  0.00017892  2.3141e-05  0.00014191  2.9065e-06  5.4029e-05  0.00063831  1.9856e-05
**** Tree neighbor time profile (local):
 Sample_ptcl Domain_deco Ex_ptcl     SetRootCell Make_LT     Make_LET    Make_GT     Make_Group  Make_I_list Calc_force  Write_back 
           0           0           0  3.1653e-06  7.9429e-05  1.6481e-05   6.287e-05  7.2532e-07  1.1353e-05  3.8929e-05  3.9931e-06
**** Number per step (global):
 PP_single   PP_cluster  PP_cross    Cluster     Cross       AR_step_sum
      950.42      49.582           0      16.481           0      79.296
 AR_tsyn_sum Stab_Ngroup Iso_Ngroup  Form_Ngroup End_Ngroup  Modf_Ngroup Merg_Ngroup H4_step_sum H4_no_NB    Ep-Ep_sum   Ep-Sp_sum  
      16.998           2           0      1.0447    0.013428           0           0      268.55     0.42505   8.457e+05       17184
**** Number of members in clusters (global):
N_members:            1           2           3           4           5           6           7           8           9          10          11          12
Count    :       950.42      11.192      2.4768      1.0283     0.40796      0.3064     0.21558     0.15967     0.12988     0.11108    0.075195    0.083008
N_members:           13          14          15          16          17          18          19          20          21          22          23          24
Count    :     0.056152    0.043457    0.038086    0.033203    0.022949    0.018555    0.020508    0.024902    0.013672     0.01123  0.00048828   0.0048828
N_members:           25          26
Count    :    0.0058594  0.00097656

Time: 44  N_real(loc): 1000  N_real(glb): 1000  N_all(loc): 1024  N_all(glb): 1024  N_remove(glb): 0  N_escape(glb): 0
Energy:     Error/Total         Error     Error_cum         Total       Kinetic     Potential        Modify  Modify_group Modify_single      Error_PP  Error_PP_cum
Physic:   -4.073325e-05      1.001104      1086.422     -24577.07      29926.45     -54503.52      1206.472             0             0  -0.001732393     0.9624815
Slowdown: -4.137622e-05      1.006432       1085.59     -24323.91      29301.32     -53625.23      4172.601             0             0  -0.001733923      0.856628
Angular Momentum:  |L|err: -0.1656645  |L|err_cum: 25.39192  L: 193.3079   -141.9504    -594.8759  |L|: 641.401
C.M.: mass: 5500 pos: 0.2074745   -0.1326579    0.2260102 vel: 0.02158077   -0.01998032    0.1457619
Tree step number: 4096
**** Wallclock time per step (local): [Min/Max]
 Total       PP_single   PP_cluster  PP_cross    Tree_NB     Tree_Force  Force_corr  Kick        FindCluster CreateGroup MPI_comm    Output      Status      Other      
   0.0015406  1.4097e-05  0.00017239           0  0.00020692   0.0010652  1.7986e-05  5.6781e-06  4.2676e-05  1.8914e-05  1.4712e-06  2.0483e-06  1.6121e-09  2.5971e-06
   0.0015407  1.4137e-05  0.00017244           0  0.00020501   0.0010559  1.8036e-05  5.7104e-06  4.2721e-05  1.8934e-05  1.5023e-06  2.0484e-06  1.6218e-09  2.6813e-06
**** FDPS tree soft force time profile (local):
 Sample_ptcl Domain_deco Ex_ptcl     SetRootCell Make_LT     Make_LET    Make_GT     Make_Group  Make_I_list Calc_force  Write_back 
           0           0           0  5.4676e-06   0.0001693  2.1657e-05  0.00014494  2.7918e-06  5.0307e-05  0.00060409  1.9895e-05
**** Tree neighbor time profile (local):
 Sample_ptcl Domain_deco Ex_ptcl     SetRootCell Make_LT     Make_LET    Make_GT     Make_Group  Make_I_list Calc_force  Write_back 
           0           0           0   8.017e-06  7.3979e-05  1.2244e-05  5.4414e-05  6.3252e-07  1.0937e-05  3.3999e-05  4.1533e-06
**** Number per step (global):
 PP_single   PP_cluster  PP_cross    Cluster     Cross       AR_step_sum
      947.61      52.392           0       17.07           0      65.956
 AR_tsyn_sum Stab_Ngroup Iso_Ngroup  Form_Ngroup End_Ngroup  Modf_Ngroup Merg_Ngroup H4_step_sum H4_no_NB    Ep-Ep_sum   Ep-Sp_sum  
      12.101           2           0      1.0212    0.014648           0           0      288.51     0.91284  8.4996e+05       14853
**** Number of members in clusters (global):
N_members:            1           2           3           4           5           6           7           8           9          10          11          12
Count    :       947.61      11.244      2.6055      1.2502     0.68555     0.36279     0.21265     0.13379     0.10254    0.080322    0.060059    0.053711
N_members:           13          14          15          16          17          18          19          20          21          22          23          24
Count    :     0.035156    0.024902    0.029785    0.011719    0.013672    0.016113    0.016602    0.010254   0.0078125    0.012207    0.015137   0.0087891
N_members:           25          26          27          28          29          30          31          32          33          34          35          36
Count    :     0.010254   0.0041504   0.0024414  0.00097656   0.0014648   0.0078125    0.010254   0.0039062   0.0073242   0.0087891   0.0073242    0.003418
N_members:           37          38          39          40          41
Count    :   0.00048828   0.0043945   0.0024414  0.00048828  0.00048828

Time: 44.5  N_real(loc): 1000  N_real(glb): 1000  N_all(loc): 1024  N_all(glb): 1024  N_remove(glb): 0  N_escape(glb): 0
Energy:     Error/Total         Error     Error_cum         Total       Kinetic     Potential        Modify  Modify_group Modify_single      Error_PP  Error_PP_cum
Physic:   -1.607953e-05     0.3951086      1086.817     -24572.15      26907.94     -51480.09      1211.003             0             0   -0.01178172     0.9506998
Slowdown: -1.624675e-05     0.3951046      1085.985     -24318.99      26281.45     -50600.44      4430.292             0             0   -0.01178211     0.8448459
Angular Momentum:  |L|err: -0.1451287  |L|err_cum: 25.24679  L: 192.8497   -141.5133    -595.3234  |L|: 641.5816
C.M.: mass: 5500 pos: 0.2171286   -0.1082341    0.2767937 vel: 0.1357011   0.002964722    0.02036104
Tree step number: 4096
**** Wallclock time per step (local): [Min/Max]
 Total       PP_single   PP_cluster  PP_cross    Tree_NB     Tree_Force  Force_corr  Kick        FindCluster CreateGroup MPI_comm    Output      Status      Other      
    0.001739  1.4949e-05  0.00033828           0  0.00021674   0.0010489  3.2578e-05  8.6326e-06  6.5527e-05  2.1716e-05  1.3946e-06  2.0523e-06  2.3433e-09  3.5583e-06
    0.001739  1.4984e-05  0.00033836           0  0.00021319   0.0010352  3.2635e-05  8.6725e-06  6.5578e-05  2.1738e-05  1.4261e-06  2.0525e-06  2.3677e-09   3.662e-06
**** FDPS tree soft force time profile (local):
 Sample_ptcl Domain_deco Ex_ptcl     SetRootCell Make_LT     Make_LET    Make_GT     Make_Group  Make_I_list Calc_force  Write_back 
           0           0           0  7.8402e-06  0.00018889  2.2986e-05  0.00015442  2.8779e-06  5.3304e-05  0.00054268  2.8663e-05
**** Tree neighbor time profile (local):
 Sample_ptcl Domain_deco Ex_ptcl     SetRootCell Make_LT     Make_LET    Make_GT     Make_Group  Make_I_list Calc_force  Write_back 
           0           0           0  3.5453e-06  7.7726e-05  1.3109e-05  5.7516e-05  8.7463e-07  1.1818e-05  3.0875e-05  7.4516e-06
**** Number per step (global):
 PP_single   PP_cluster  PP_cross    Cluster     Cross       AR_step_sum
      948.34      51.656           0      12.778           0      97.687
 AR_tsyn_sum Stab_Ngroup Iso_Ngroup  Form_Ngroup End_Ngroup  Modf_Ngroup Merg_Ngroup H4_step_sum H4_no_NB    Ep-Ep_sum   Ep-Sp_sum  
      22.958           2           0      1.1462    0.039551           0           0      315.33      0.6626  8.4047e+05       17381
**** Number of members in clusters (global):
N_members:            1           2           3           4           5           6           7           8           9          10          11          12
Count    :       948.34      9.0762      1.5466     0.51685     0.29419     0.13916    0.088379    0.045898    0.050781    0.052246     0.07666    0.053711
N_members:           13          14          15          16          17          18          19          20          21          22          23          24
Count    :     0.013672    0.024414     0.03418    0.012695    0.038574    0.027344    0.049805    0.030518    0.044922    0.062012    0.048828    0.031738
N_members:           25          26          27          28          29          30          31          32          33          34          35          36
Count    :     0.043945    0.053955    0.041016    0.043457    0.021484    0.024902    0.028809    0.027344    0.023438     0.01123    0.013184    0.018066
N_members:           37          38          39          40          41          42          43          45
Count    :     0.015625   0.0078125    0.014648     0.01416   0.0063477   0.0039062   0.0024414   0.0029297

Time: 45  N_real(loc): 1000  N_real(glb): 1000  N_all(loc): 1024  N_all(glb): 1024  N_remove(glb): 0  N_escape(glb): 0
Energy:     Error/Total         Error     Error_cum         Total       Kinetic     Potential        Modify  Modify_group Modify_single      Error_PP  Error_PP_cum
Physic:   -3.634991e-05     0.8930365       1087.71     -24567.78      27882.79     -52450.57      1214.475             0             0   -0.06021833     0.8904814
Slowdown: -3.672828e-05     0.8930342      1086.878     -24314.62      27254.94     -51569.56      4686.923             0             0   -0.06021824     0.7846276
Angular Momentum:  |L|err: -0.1152192  |L|err_cum: 25.13157  L: 192.4049   -141.0818    -595.7562  |L|: 641.7548
C.M.: mass: 5500 pos: 0.2641228   -0.08711475    0.2621075 vel: 0.1243564   0.1370851    -0.04658169
Tree step number: 4096
**** Wallclock time per step (local): [Min/Max]
 Total       PP_single   PP_cluster  PP_cross    Tree_NB     Tree_Force  Force_corr  Kick        FindCluster CreateGroup MPI_comm    Output      Status      Other      
    0.001512  1.2328e-05  0.00026497           0  0.00019149  0.00094938  3.3031e-05   6.434e-06  3.8075e-05  1.6986e-05  7.5225e-07  1.8053e-06  1.8198e-09  2.2192e-06
    0.001512  1.2361e-05  0.00026503           0     0.00019  0.00094368  3.3081e-05  6.4698e-06   3.812e-05  1.7005e-05  7.8345e-07  1.8054e-06  1.8296e-09  2.2962e-06
**** FDPS tree soft force time profile (local):
 Sample_ptcl Domain_deco Ex_ptcl     SetRootCell Make_LT     Make_LET    Make_GT     Make_Group  Make_I_list Calc_force  Write_back 
           0           0           0  5.3573e-06  0.00015419  1.9809e-05  0.00012513  2.5851e-06  4.8542e-05  0.00053711  1.2527e-05
**** Tree neighbor time profile (local):
 Sample_ptcl Domain_deco Ex_ptcl     SetRootCell Make_LT     Make_LET    Make_GT     Make_Group  Make_I_list Calc_force  Write_back 
           0           0           0  2.4682e-06   6.743e-05   1.103e-05  5.1498e-05  5.9894e-07  1.0606e-05  3.1838e-05  3.2986e-06
**** Number per step (global):
 PP_single   PP_cluster  PP_cross    Cluster     Cross       AR_step_sum
       947.7      52.299           0       11.87           0      49.112
 AR_tsyn_sum Stab_Ngroup Iso_Ngroup  Form_Ngroup End_Ngroup  Modf_Ngroup Merg_Ngroup H4_step_sum H4_no_NB    Ep-Ep_sum   Ep-Sp_sum  
      7.0186           2           0     0.30078    0.038818           0           0      327.59     0.38306  8.4762e+05       15286
**** Number of members in clusters (global):
N_members:            1           2           3           4           5           6           7           8           9          10          11          12
Count    :        947.7      8.7737      1.1536     0.47241      0.1333     0.11279    0.043213    0.066406    0.048828     0.03418     0.01709    0.024902
N_members:           13          14          15          16          17          18          19          20          21          22          23          24
Count    :     0.010742    0.018555    0.015137    0.024902    0.036133    0.039551    0.042725    0.028564    0.032715    0.050293     0.04541    0.056641
N_members:           25          26          27          28          29          30          31          32          33          34          35          36
Count    :     0.055176    0.032227    0.050293    0.049316    0.059082    0.053711    0.049805    0.047363     0.04541    0.040527    0.036621    0.027344
N_members:           37          38          39          40
Count    :     0.023926     0.01123   0.0048828  0.00097656

Time: 45.5  N_real(loc): 1000  N_real(glb): 1000  N_all(loc): 1024  N_all(glb): 1024  N_remove(glb): 0  N_escape(glb): 0
Energy:     Error/Total         Error     Error_cum         Total       Kinetic     Potential        Modify  Modify_group Modify_single      Error_PP  Error_PP_cum
Physic:   -1.287011e-05     0.3161505      1088.026     -24564.71      27399.91     -51964.62      1217.229             0             0   -0.01368583     0.8767956
Slowdown:  -1.29808e-05     0.3155834      1087.193     -24311.55       26770.7     -51082.25      4942.837             0             0    -0.0136852     0.7709424
Angular Momentum:  |L|err: -0.07949382  |L|err_cum: 25.05208  L: 191.9666   -140.6561    -596.169  |L|: 641.9134
C.M.: mass: 5500 pos: 0.2433602   -0.1032241    0.251933 vel: -0.002205242   -0.01209854    -0.06175581
Tree step number: 4096
**** Wallclock time per step (local): [Min/Max]
 Total       PP_single   PP_cluster  PP_cross    Tree_NB     Tree_Force  Force_corr  Kick        FindCluster CreateGroup MPI_comm    Output      Status      Other      
    0.001484  1.1599e-05  0.00023882           0  0.00019023  0.00095773  2.9884e-05   4.879e-06  3.5551e-05  1.5962e-05  7.1216e-07  1.5558e-06  1.3625e-09  1.9753e-06
    0.001484  1.1647e-05  0.00023887           0  0.00018877  0.00095269  2.9933e-05  4.9106e-06  3.5592e-05   1.598e-05  7.4314e-07  1.5559e-06  1.3699e-09  2.0481e-06
**** FDPS tree soft force time profile (local):
 Sample_ptcl Domain_deco Ex_ptcl     SetRootCell Make_LT     Make_LET    Make_GT     Make_Group  Make_I_list Calc_force  Write_back 
           0           0           0  4.3978e-06  0.00014828  1.8561e-05  0.00012095  2.4721e-06  4.7609e-05  0.00056002  1.1114e-05
**** Tree neighbor time profile (local):
 Sample_ptcl Domain_deco Ex_ptcl     SetRootCell Make_LT     Make_LET    Make_GT     Make_Group  Make_I_list Calc_force  Write_back 
           0           0           0  3.2899e-06  6.5794e-05  1.0669e-05  5.0021e-05  6.0634e-07  1.0127e-05  3.4697e-05  3.2175e-06
**** Number per step (global):
 PP_single   PP_cluster  PP_cross    Cluster     Cross       AR_step_sum
       948.3      51.703           0      12.188           0      49.422
 AR_tsyn_sum Stab_Ngroup Iso_Ngroup  Form_Ngroup End_Ngroup  Modf_Ngroup Merg_Ngroup H4_step_sum H4_no_NB    Ep-Ep_sum   Ep-Sp_sum  
      7.1272           2           0     0.36572    0.076416           0           0      328.83     0.40625  8.4447e+05       15722
**** Number of members in clusters (global):
N_members:            1           2           3           4           5           6           7           8           9          10          11          12
Count    :        948.3      8.9124      1.3293     0.38623      0.1853     0.13672    0.093994     0.04541    0.055176     0.04834     0.05127     0.03125
N_members:           13          14          15          16          17          18          19          20          21          22          23          24
Count    :     0.041016    0.025391    0.013184    0.032227     0.01709     0.03125    0.020752    0.040039    0.021484    0.036621     0.04834    0.037598
N_members:           25          26          27          28          29          30          31          32          33          34          35          36
Count    :     0.056641    0.055664    0.062256     0.03418    0.038086    0.044434     0.03418    0.037598    0.057129    0.037109    0.020996    0.013672
N_members:           37          38          39          40          41          42          44
Count    :     0.023926    0.011719   0.0039062   0.0063477   0.0078125   0.0014648  0.00097656

Time: 46  N_real(loc): 1000  N_real(glb): 1000  N_all(loc): 1024  N_all(glb): 1024  N_remove(glb): 0  N_escape(glb): 0
Energy:     Error/Total         Error     Error_cum         Total       Kinetic     Potential        Modify  Modify_group Modify_single      Error_PP  Error_PP_cum
Physic:   -2.035267e-05     0.4999015      1088.526     -24561.97      27292.65     -51854.62      1219.473             0             0  -0.009712885     0.8670827
Slowdown: -2.056458e-05     0.4999005      1087.693     -24308.81      26662.08     -50970.89      5198.241             0             0  -0.009712166     0.7612302
Angular Momentum:  |L|err: -0.05061265  |L|err_cum: 25.00147  L: 191.5375   -140.2411    -596.5651  |L|: 642.0624
C.M.: mass: 5500 pos: 0.2428926   -0.1491652    0.2333464 vel: 0.02405902   0.01459103    -0.06788706
Tree step number: 4096
**** Wallclock time per step (local): [Min/Max]
 Total       PP_single   PP_cluster  PP_cross    Tree_NB     Tree_Force  Force_corr  Kick        FindCluster CreateGroup MPI_comm    Output      Status      Other      
   0.0015109  1.1503e-05  0.00027669           0  0.00019177    0.000939  3.6656e-05  4.9721e-06   3.494e-05   1.586e-05  8.6773e-07  1.7645e-06  1.3232e-09  2.1272e-06
   0.0015109  1.1537e-05  0.00027676           0  0.00019022  0.00093359  3.6706e-05  5.0037e-06  3.4981e-05  1.5878e-05  8.9884e-07  1.7646e-06  1.3306e-09  2.2013e-06
**** FDPS tree soft force time profile (local):
 Sample_ptcl Domain_deco Ex_ptcl     SetRootCell Make_LT     Make_LET    Make_GT     Make_Group  Make_I_list Calc_force  Write_back 
           0           0           0  4.8339e-06  0.00015273  1.8981e-05  0.00012134  2.4592e-06  4.7511e-05  0.00053164  1.1803e-05
**** Tree neighbor time profile (local):
 Sample_ptcl Domain_deco Ex_ptcl     SetRootCell Make_LT     Make_LET    Make_GT     Make_Group  Make_I_list Calc_force  Write_back 
           0           0           0  2.3155e-06  6.5731e-05  1.0367e-05  4.8893e-05  5.6064e-07  9.9693e-06  3.7722e-05   3.398e-06
**** Number per step (global):
 PP_single   PP_cluster  PP_cross    Cluster     Cross       AR_step_sum
      946.69      53.314           0      12.191           0      46.856
 AR_tsyn_sum Stab_Ngroup Iso_Ngroup  Form_Ngroup End_Ngroup  Modf_Ngroup Merg_Ngroup H4_step_sum H4_no_NB    Ep-Ep_sum   Ep-Sp_sum  
      6.2864           2           0     0.29785    0.061279           0           0      340.52     0.36621  8.4244e+05       15727
**** Number of members in clusters (global):
N_members:            1           2           3           4           5           6           7           8           9          10          11          12
Count    :       946.69      9.1528      1.1951      0.4187      0.1936     0.11084    0.051758    0.022461    0.023926    0.010254   0.0097656    0.010498
N_members:           13          14          15          16          17          18          19          20          21          22          23          24
Count    :    0.0083008    0.012695   0.0073242    0.013672    0.022461    0.020752     0.01123    0.024414    0.023438     0.05127    0.050781    0.036133
N_members:           25          26          27          28          29          30          31          32          33          34          35          36
Count    :     0.066895    0.064453    0.087158    0.080566    0.049316    0.088379    0.053711    0.046875     0.03418    0.023926     0.03125    0.024902
N_members:           37          38          39          40
Count    :     0.027344    0.018066   0.0073242   0.0043945
Hard energy significant ! dE_SD: 2.53709 dE_SD/Etot_SD: -0.000761226
Thread: 2 Dump file: data.hard_large_energy_h4_n20_g1_t46.211060_M0_O2_c2_s1790679051
Hard energy significant ! dE_SD: 0.487784 dE_SD/Etot_SD: -0.000140786
Thread: 0 Dump file: data.hard_large_energy_h4_n20_g1_t46.213013_M0_O0_c3_s1790679051
Hard energy significant ! dE_SD: -0.210257 dE_SD/Etot_SD: 0.000115628
Thread: 0 Dump file: data.hard_large_energy_h4_n14_g1_t46.304321_M0_O0_c4_s1790679052
Hard energy significant ! dE_SD: 0.240714 dE_SD/Etot_SD: -0.00013252
Thread: 0 Dump file: data.hard_large_energy_h4_n14_g1_t46.304565_M0_O0_c5_s1790679052
Hard energy significant ! dE_SD: 0.629875 dE_SD/Etot_SD: -0.000215273
Thread: 0 Dump file: data.hard_large_energy_h4_n18_g1_t46.482544_M0_O0_c6_s1790679055

Time: 46.5  N_real(loc): 1000  N_real(glb): 1000  N_all(loc): 1036  N_all(glb): 1036  N_remove(glb): 0  N_escape(glb): 0
Energy:     Error/Total         Error     Error_cum         Total       Kinetic     Potential        Modify  Modify_group Modify_single      Error_PP  Error_PP_cum
Physic:    0.0007657999     -18.81504      1069.711     -24569.13      28886.39     -53455.53      1231.122             0             0      8.721437       9.58852
Slowdown:  0.0007654728     -18.61322       1069.08     -24315.97      28254.46     -52570.44      5462.847             0             0      8.923643      9.684873
Angular Momentum:  |L|err: -1.695871  |L|err_cum: 23.3056  L: 188.6854   -146.3219    -598.3828  |L|: 644.2626
C.M.: mass: 5500 pos: 0.2471106   -0.1193569    0.2107782 vel: 0.003752771   0.08337692    -0.06224629
Tree step number: 4096
**** Wallclock time per step (local): [Min/Max]
 Total       PP_single   PP_cluster  PP_cross    Tree_NB     Tree_Force  Force_corr  Kick        FindCluster CreateGroup MPI_comm    Output      Status      Other      
   0.0019443  1.1859e-05  0.00066793           0  0.00020451  0.00095832  4.1133e-05  5.1561e-06  3.7613e-05  1.7462e-05  7.5643e-07  2.1311e-06  1.9399e-09  2.2156e-06
   0.0019443  1.1894e-05  0.00066801           0  0.00020297   0.0009534  4.1184e-05   5.188e-06  3.7663e-05  1.7482e-05  7.8974e-07  2.1311e-06  1.9619e-09  2.2875e-06
**** FDPS tree soft force time profile (local):
 Sample_ptcl Domain_deco Ex_ptcl     SetRootCell Make_LT     Make_LET    Make_GT     Make_Group  Make_I_list Calc_force  Write_back 
           0           0           0  4.5905e-06  0.00015373  1.8981e-05  0.00012481  2.7468e-06  4.9115e-05   0.0005485  1.0884e-05
**** Tree neighbor time profile (local):
 Sample_ptcl Domain_deco Ex_ptcl     SetRootCell Make_LT     Make_LET    Make_GT     Make_Group  Make_I_list Calc_force  Write_back 
           0           0           0  2.4559e-06  6.9452e-05  1.1152e-05  5.2791e-05  5.9228e-07  1.0545e-05  3.9902e-05  3.3996e-06
**** Number per step (global):
 PP_single   PP_cluster  PP_cross    Cluster     Cross       AR_step_sum
      948.27      51.735           0      11.988           0      151.13
 AR_tsyn_sum Stab_Ngroup Iso_Ngroup  Form_Ngroup End_Ngroup  Modf_Ngroup Merg_Ngroup H4_step_sum H4_no_NB    Ep-Ep_sum   Ep-Sp_sum  
      39.439      2.5737           0      0.3877    0.046875    0.062988           0      346.06     0.42383  8.5438e+05       15881
**** Number of members in clusters (global):
N_members:            1           2           3           4           5           6           7           8           9          10          11          12
Count    :       948.27      9.1758      1.1375     0.38452     0.11035    0.041992    0.050049    0.018555    0.030518    0.014648    0.010986    0.020752
N_members:           13          14          15          16          17          18          19          20          21          22          23          24
Count    :     0.020508    0.013916    0.016113   0.0063477   0.0097656     0.01709    0.032715    0.037354    0.035645    0.030518    0.035889    0.047852
N_members:           25          26          27          28          29          30          31          32          33          34          35          36
Count    :     0.077637    0.071289    0.083496     0.07959    0.068115    0.064453    0.055664    0.059082     0.05249    0.027344    0.014404    0.003418
N_members:           37          38          39
Count    :    0.0043945    0.021973   0.0053711
Hard energy significant ! dE_SD: -1.17546 dE_SD/Etot_SD: 0.000398723
Thread: 1 Dump file: data.hard_large_energy_h4_n22_g1_t46.614624_M0_O1_c7_s1790679058
Hard energy significant ! dE_SD: 0.993929 dE_SD/Etot_SD: -0.000185222
Thread: 1 Dump file: data.hard_large_energy_h4_n25_g2_t46.686890_M0_O1_c8_s1790679059
Hard energy significant ! dE_SD: 10.7633 dE_SD/Etot_SD: -0.00200845
Thread: 3 Dump file: data.hard_large_energy_h4_n25_g2_t46.687012_M0_O3_c9_s1790679059
Hard energy significant ! dE_SD: 0.977258 dE_SD/Etot_SD: -0.000150418
Thread: 0 Dump file: data.hard_large_energy_h4_n27_g1_t46.688354_M0_O0_c10_s1790679059
petar: ./src/hard.hpp:3080: void SystemHard::driveForOneClusterOMP(ParticleSimulator::F64): Assertion `!std::isnan(pi.vel.x)' failed.
petar: ./src/hard.hpp:3080: void SystemHard::driveForOneClusterOMP(ParticleSimulator::F64): Assertion `!std::isnan(pi.vel.x)' failed.
petar: ./src/hard.hpp:3080: void SystemHard::driveForOneClusterOMP(ParticleSimulator::F64): Assertion `!std::isnan(pi.vel.x)' failed.
petar: ./src/hard.hpp:3080: void SystemHard::driveForOneClusterOMP(ParticleSimulator::F64): Assertion `!std::isnan(pi.vel.x)' failed.
