     //==================================\\
     ||                                  ||
     || ::::::: ::::::. ::::::. .::::::. ||
     || ::      ::    : ::    : ::       ||
     || ::::::  ::    : ::::::'  `:::::. ||
     || ::      ::::::' ::      `......' ||
     ||     Framework for Developing     ||
     ||        Particle Simulator        ||
     ||     Version 8.0 (2025/09)       ||
     \\==================================//

       Home   : https://github.com/fdps/fdps 
       E-mail : fdps-support@mail.jmlab.jp
       Licence: MIT (see, https://github.com/FDPS/FDPS/blob/master/LICENSE)
       Note   : Please cite the following papers.
                - Iwasawa et al. (2016, Publications of the Astronomical Society of Japan, 68, 54)
                - Namekata et al. (2018, Publications of the Astronomical Society of Japan, 70, 70)
                - Iwasawa et al. (2020, Publications of the Astronomical Society of Japan, 72, 13)

       Copyright (C) 2015 
         Masaki Iwasawa, Ataru Tanikawa, Natsuki Hosono,
         Keigo Nitadori, Takayuki Muranushi, Daisuke Namekata,
         Kentaro Nomura, Junichiro Makino and many others
******** FDPS has successfully begun. ********

 ******************************************
  ██████╗ ███████╗████████╗ █████╗ ██████╗
  ██╔══██╗██╔════╝╚══██╔══╝██╔══██╗██╔══██╗
  ██████╔╝█████╗     ██║   ███████║██████╔╝
  ██╔═══╝ ██╔══╝     ██║   ██╔══██║██╔══██╗
  ██║     ███████╗   ██║   ██║  ██║██║  ██║
  ╚═╝     ╚══════╝   ╚═╝   ╚═╝  ╚═╝╚═╝  ╚═╝
 ******************************************
Version: 1762e_447e
============== PeTar ================
 Online document: (preparing)
 GitHub page: https://github.com/lwang-astro/PeTar
 License: MIT
 Please cite the following papers when you use PeTar for any publications
    FDPS: see above FPDS Logo message
    SDAR: Wang L., Nitadori K., Makino J., 2020, MNRAS, 493, 3398
    PeTar: Wang L., Iwasawa M., Nitadori K., Makino J., 2020, MNRAS, 497, 536
 Copyright (C) 2017
    Long Wang, Masaki Iwasawa, Keigo Nitadori, Junichiro Makino and many others
=====================================
Use quadrupole moment in tree force calculation
Use 3rd order tidal tensor method
Use Pseudoparticle multipole method
Use 4th-order KDKDK mode for tree step
Use orbit-dependent neighbor criterion
Check energy of short-range (hard) integration
Count isolated particles in hard clusters
Use SIMD
Calculate profile
Use AR TTL method
Use slowdown Tree method
Use slowdown timescale criterion
Print adjust group information
=====================================
Input data unit: 1
End time of simulation: 50
Output time interval for particle dataset snapshots: 0.5
Tree timestep (dt_soft): 0
Data file reading and writing format: 1
Reading data file name: input
----- Finish reading main options -----
----- Finish reading hard options -----
----- Parallelization information -----
MPI processors: 1
OMP threads:    4
----- Reading file: input -----
Number of particles = 1000
Time = 0
----- Unit set 1: Msun, pc, Myr -----
gravitational_constant = 0.0044985021514696 pc^3/(Msun*Myr^2)
----- Parameter list: -----
 Average mass                      = 1.9
 Mean inner changeover radius      = 0.0029786806970945
 Mean outer changeover radius      = 0.029786806970945
 Minimum neighbor searching radius = 0.035744168365133
 Velocity dispersion (1D)          = 1.057299618339
 Tree time step                    = 0.00048828125
 Output time step                  = 0.5
----- Hard Parameter list: -----
 Mean search group radius:         = 0.0029786806970945
 Mean group radius                 = 0.0023829445576756
 Hermite timestep coefficient 4th  = 0.1
 Hermite timestep coefficient init = 0.001
 Hermite maximum timestep          = 0.000244140625
 AR slowdown maximum timescale     = 0.0009765625
 AR slowdown perturbation criterion= 0.0001
 Artificial particle ID offset     = 1001
 KDTree minimum particles+groups   = 32
-----  Save parameter files -----
Save PeTar parameters to file data.par
Save hard parameters to file data.par.hard
-----  Finish parameter initialization -----

Time: 0  N_real(loc): 1000  N_real(glb): 1000  N_all(loc): 1000  N_all(glb): 1000  N_remove(glb): 0  N_escape(glb): 0
Energy:     Error/Total         Error     Error_cum         Total       Kinetic     Potential        Modify  Modify_group Modify_single      Error_PP  Error_PP_cum
Physic:              -0             0             0     -3137.686      3098.949     -6236.635             0             0             0             0             0
Slowdown:            -0             0             0     -3137.686      3098.949     -6236.635             0             0             0             0             0
Angular Momentum:  |L|err: 0  |L|err_cum: 0  L: 84.65071   -57.41276    -11.80905  |L|: 102.9632
C.M.: mass: 1900 pos: 0.0235466   -0.07284663    -0.05316021 vel: -0.03732247   0.02917778    -0.02181057

Time: 0.5  N_real(loc): 1000  N_real(glb): 1000  N_all(loc): 1000  N_all(glb): 1000  N_remove(glb): 0  N_escape(glb): 0
Energy:     Error/Total         Error     Error_cum         Total       Kinetic     Potential        Modify  Modify_group Modify_single      Error_PP  Error_PP_cum
Physic:    7.171663e-07  -0.002250244  -0.002250244     -3137.688      3300.486     -6438.174 -2.739966e-08             0             0 -6.690113e-07 -6.690113e-07
Slowdown:  7.171663e-07  -0.002250244  -0.002250244     -3137.688      3300.486     -6438.174 -2.739965e-08             0             0 -6.686262e-07 -6.686262e-07
Angular Momentum:  |L|err: 0.002121313  |L|err_cum: 0.002121313  L: 84.6486   -57.41258    -11.80918  |L|: 102.9614
C.M.: mass: 1900 pos: 0.008986001   -0.05435451    -0.02150815 vel: -0.01066368   0.03583672    0.06674463
Tree step number: 2048
**** Wallclock time per step (local): [Min/Max]
 Total       PP_single   PP_cluster  PP_cross    Tree_NB     Tree_Force  Force_corr  Kick        FindCluster CreateGroup MPI_comm    Output      Status      Other      
   0.0032472  3.2712e-05  9.0434e-05           0  0.00077027   0.0020755  5.7855e-05  2.8633e-05  5.2933e-05  0.00017989  2.7784e-06  4.0118e-06  3.6597e-09  1.0378e-05
   0.0032473  3.2771e-05  9.0478e-05           0  0.00076482   0.0020209  5.7921e-05  2.8669e-05  5.2979e-05  0.00017992  2.8188e-06   4.012e-06  3.6792e-09  1.0501e-05
**** FDPS tree soft force time profile (local):
 Sample_ptcl Domain_deco Ex_ptcl     SetRootCell Make_LT     Make_LET    Make_GT     Make_Group  Make_I_list Calc_force  Write_back 
           0           0           0   9.805e-05  0.00052664  4.4311e-05  0.00032411  3.2858e-06  9.9919e-05  0.00072358  0.00011092
**** Tree neighbor time profile (local):
 Sample_ptcl Domain_deco Ex_ptcl     SetRootCell Make_LT     Make_LET    Make_GT     Make_Group  Make_I_list Calc_force  Write_back 
           0           0           0  8.7969e-05  0.00034857   3.551e-05  0.00017886  6.6617e-07  2.1914e-05  4.4261e-05  1.1415e-05
**** Number per step (global):
 PP_single   PP_cluster  PP_cross    Cluster     Cross       AR_step_sum
      970.35       29.65           0       14.04           0     0.24512
 AR_tsyn_sum Stab_Ngroup Iso_Ngroup  Form_Ngroup End_Ngroup  Modf_Ngroup Merg_Ngroup H4_step_sum H4_no_NB    Ep-Ep_sum   Ep-Sp_sum  
    0.086426           0           0   0.0087891   0.0029297           0           0      140.35   0.0068359  8.7297e+05       23392
**** Number of members in clusters (global):
N_members:            1           2           3           4
Count    :       970.35      12.616      1.2788     0.14551

Time: 1  N_real(loc): 1000  N_real(glb): 1000  N_all(loc): 1000  N_all(glb): 1000  N_remove(glb): 0  N_escape(glb): 0
Energy:     Error/Total         Error     Error_cum         Total       Kinetic     Potential        Modify  Modify_group Modify_single      Error_PP  Error_PP_cum
Physic:    2.968811e-07 -0.0009315204  -0.003181765     -3137.689      3349.749     -6487.438 -2.673627e-08             0             0 -2.099341e-07 -8.789454e-07
Slowdown:  2.968811e-07 -0.0009315204  -0.003181765     -3137.689      3349.749     -6487.438 -2.673617e-08             0             0 -2.366326e-07 -9.052588e-07
Angular Momentum:  |L|err: -0.001028572  |L|err_cum: 0.001092741  L: 84.65074   -57.41374    -11.80953  |L|: 102.9638
C.M.: mass: 1900 pos: 0.01424043   -0.03884434    0.006148896 vel: 0.03824474   0.01629905    0.03734493
Tree step number: 2048
**** Wallclock time per step (local): [Min/Max]
 Total       PP_single   PP_cluster  PP_cross    Tree_NB     Tree_Force  Force_corr  Kick        FindCluster CreateGroup MPI_comm    Output      Status      Other      
    0.001649   1.373e-05   8.813e-05           0  0.00034714   0.0010984  1.5196e-05  8.7519e-06   2.862e-05  5.4361e-05  2.0868e-06  4.1491e-06  3.9775e-09  4.4026e-06
    0.001649  1.3764e-05  8.8172e-05           0   0.0003441   0.0010828  1.5248e-05  8.7851e-06  2.8661e-05  5.4383e-05  2.1193e-06  4.1493e-06  3.9971e-09  4.4873e-06
**** FDPS tree soft force time profile (local):
 Sample_ptcl Domain_deco Ex_ptcl     SetRootCell Make_LT     Make_LET    Make_GT     Make_Group  Make_I_list Calc_force  Write_back 
           0           0           0  1.6873e-05  0.00022172  3.9699e-05  0.00019265  2.8165e-06  7.6976e-05  0.00043695  3.2431e-05
**** Tree neighbor time profile (local):
 Sample_ptcl Domain_deco Ex_ptcl     SetRootCell Make_LT     Make_LET    Make_GT     Make_Group  Make_I_list Calc_force  Write_back 
           0           0           0   1.545e-05  0.00010755  1.7296e-05   0.0001298  6.0913e-07   1.534e-05  2.9126e-05  6.4402e-06
**** Number per step (global):
 PP_single   PP_cluster  PP_cross    Cluster     Cross       AR_step_sum
      968.69      31.314           0      15.073           0      0.4248
 AR_tsyn_sum Stab_Ngroup Iso_Ngroup  Form_Ngroup End_Ngroup  Modf_Ngroup Merg_Ngroup H4_step_sum H4_no_NB    Ep-Ep_sum   Ep-Sp_sum  
     0.15625           0           0    0.016113   0.0058594           0           0      154.25    0.018555  8.7262e+05       23444
**** Number of members in clusters (global):
N_members:            1           2           3           4           5
Count    :       968.69      14.021     0.95166    0.085938    0.014648

Time: 1.5  N_real(loc): 1000  N_real(glb): 1000  N_all(loc): 1000  N_all(glb): 1000  N_remove(glb): 0  N_escape(glb): 0
Energy:     Error/Total         Error     Error_cum         Total       Kinetic     Potential        Modify  Modify_group Modify_single      Error_PP  Error_PP_cum
Physic:   -5.175091e-07   0.001623782  -0.001557983     -3137.687      3218.402     -6356.089 -2.811589e-08             0             0 -4.740693e-07 -1.353015e-06
Slowdown: -5.175091e-07   0.001623782  -0.001557983     -3137.687      3218.402     -6356.089 -2.810605e-08             0             0 -4.767894e-07 -1.382048e-06
Angular Momentum:  |L|err: -0.0004275838  |L|err_cum: 0.0006651567  L: 84.65034   -57.41315    -11.80865  |L|: 102.9631
C.M.: mass: 1900 pos: 0.01950711   -0.0286244    0.00384714 vel: -0.04734792   0.01651515    -0.0177082
Tree step number: 2048
**** Wallclock time per step (local): [Min/Max]
 Total       PP_single   PP_cluster  PP_cross    Tree_NB     Tree_Force  Force_corr  Kick        FindCluster CreateGroup MPI_comm    Output      Status      Other      
    0.002014  2.0405e-05  8.9335e-05           0   0.0004124   0.0013162  2.5962e-05  1.7227e-05  3.8286e-05  0.00010617  2.1717e-06  2.9538e-06  3.0771e-09  5.0013e-06
    0.002014  2.0439e-05  8.9376e-05           0  0.00040874   0.0012958  2.6015e-05   1.726e-05  3.8327e-05   0.0001062  2.2039e-06   2.954e-06  3.0967e-09  5.0967e-06
**** FDPS tree soft force time profile (local):
 Sample_ptcl Domain_deco Ex_ptcl     SetRootCell Make_LT     Make_LET    Make_GT     Make_Group  Make_I_list Calc_force  Write_back 
           0           0           0  4.3807e-05  0.00030963  2.6691e-05  0.00021966  2.9039e-06  7.8866e-05  0.00047528  4.2221e-05
**** Tree neighbor time profile (local):
 Sample_ptcl Domain_deco Ex_ptcl     SetRootCell Make_LT     Make_LET    Make_GT     Make_Group  Make_I_list Calc_force  Write_back 
           0           0           0  2.9223e-05  0.00015765  1.3301e-05  0.00010235  6.6854e-07  1.8598e-05  3.1172e-05   7.755e-06
**** Number per step (global):
 PP_single   PP_cluster  PP_cross    Cluster     Cross       AR_step_sum
      968.78      31.222           0      14.514           0     0.58936
 AR_tsyn_sum Stab_Ngroup Iso_Ngroup  Form_Ngroup End_Ngroup  Modf_Ngroup Merg_Ngroup H4_step_sum H4_no_NB    Ep-Ep_sum   Ep-Sp_sum  
     0.21826           0           0    0.020508   0.0048828           0           0      153.94    0.015625  8.6951e+05       23343
**** Number of members in clusters (global):
N_members:            1           2           3           4           5
Count    :       968.78      12.553      1.7363      0.2168   0.0078125

Time: 2  N_real(loc): 1000  N_real(glb): 1000  N_all(loc): 1000  N_all(glb): 1000  N_remove(glb): 0  N_escape(glb): 0
Energy:     Error/Total         Error     Error_cum         Total       Kinetic     Potential        Modify  Modify_group Modify_single      Error_PP  Error_PP_cum
Physic:     9.07016e-07  -0.002845935  -0.004403918      -3137.69      3057.645     -6195.335  7.757544e-08             0             0 -4.445786e-07 -1.797593e-06
Slowdown:   9.07016e-07  -0.002845935  -0.004403918      -3137.69      3057.645     -6195.335  7.758527e-08             0             0 -4.477018e-07  -1.82975e-06
Angular Momentum:  |L|err: 0.000506625  |L|err_cum: 0.001171782  L: 84.65017   -57.41378    -11.80883  |L|: 102.9633
C.M.: mass: 1900 pos: -0.02008272   -0.01941953    -0.00576785 vel: -0.06919699   0.00415403    -0.01175955
Tree step number: 2048
**** Wallclock time per step (local): [Min/Max]
 Total       PP_single   PP_cluster  PP_cross    Tree_NB     Tree_Force  Force_corr  Kick        FindCluster CreateGroup MPI_comm    Output      Status      Other      
   0.0020945  2.0631e-05  7.9781e-05           0  0.00040806   0.0014113  2.5388e-05  1.5672e-05  3.2911e-05  0.00012221   1.405e-06  4.0964e-06   3.356e-09  5.3536e-06
   0.0020945   2.067e-05  7.9825e-05           0  0.00040548   0.0013796  2.5445e-05  1.5706e-05  3.2958e-05  0.00012227  1.4376e-06  4.0966e-06  3.3755e-09    5.47e-06
**** FDPS tree soft force time profile (local):
 Sample_ptcl Domain_deco Ex_ptcl     SetRootCell Make_LT     Make_LET    Make_GT     Make_Group  Make_I_list Calc_force  Write_back 
           0           0           0  3.1631e-05  0.00027279  3.2284e-05  0.00021449  3.0479e-06  7.8043e-05  0.00056366  6.4986e-05
**** Tree neighbor time profile (local):
 Sample_ptcl Domain_deco Ex_ptcl     SetRootCell Make_LT     Make_LET    Make_GT     Make_Group  Make_I_list Calc_force  Write_back 
           0           0           0  2.6933e-05  0.00013975  1.5272e-05  0.00010122  6.7495e-07  1.7547e-05  3.0783e-05  5.5748e-06
**** Number per step (global):
 PP_single   PP_cluster  PP_cross    Cluster     Cross       AR_step_sum
      975.13      24.872           0      11.887           0     0.28857
 AR_tsyn_sum Stab_Ngroup Iso_Ngroup  Form_Ngroup End_Ngroup  Modf_Ngroup Merg_Ngroup H4_step_sum H4_no_NB    Ep-Ep_sum   Ep-Sp_sum  
     0.10059           0           0    0.013184   0.0039062           0           0      125.03    0.016602  8.6594e+05       23367
**** Number of members in clusters (global):
N_members:            1           2           3           4           5
Count    :       975.13      11.055     0.58545     0.22949    0.017578

Time: 2.5  N_real(loc): 1000  N_real(glb): 1000  N_all(loc): 1000  N_all(glb): 1000  N_remove(glb): 0  N_escape(glb): 0
Energy:     Error/Total         Error     Error_cum         Total       Kinetic     Potential        Modify  Modify_group Modify_single      Error_PP  Error_PP_cum
Physic:    9.709242e-09 -3.046459e-05  -0.004434382      -3137.69      2955.803     -6093.493  1.074093e-07             0             0 -6.288625e-07 -2.426456e-06
Slowdown:  9.709289e-09 -3.046474e-05  -0.004434382      -3137.69      2955.803     -6093.493   1.07566e-07             0             0 -6.325898e-07  -2.46234e-06
Angular Momentum:  |L|err: 0.0009467137  |L|err_cum: 0.002118495  L: 84.65013   -57.41425    -11.80765  |L|: 102.9634
C.M.: mass: 1900 pos: -0.02920819   -0.01830479    -0.006929466 vel: 0.01765002   -0.03828541    -0.0299591
Tree step number: 2048
**** Wallclock time per step (local): [Min/Max]
 Total       PP_single   PP_cluster  PP_cross    Tree_NB     Tree_Force  Force_corr  Kick        FindCluster CreateGroup MPI_comm    Output      Status      Other      
    0.002865   2.484e-05  7.6654e-05           0   0.0004501   0.0020816   6.311e-05  3.9508e-05  7.9368e-05  0.00010417   1.371e-06  4.5956e-06  3.8105e-09  3.5064e-06
   0.0028651  2.4878e-05  7.6697e-05           0  0.00044315    0.002022  6.3165e-05  3.9543e-05  7.9413e-05  0.00010419  1.4029e-06  4.5957e-06  3.8496e-09  3.6267e-06
**** FDPS tree soft force time profile (local):
 Sample_ptcl Domain_deco Ex_ptcl     SetRootCell Make_LT     Make_LET    Make_GT     Make_Group  Make_I_list Calc_force  Write_back 
           0           0           0  4.1628e-05  0.00040512  6.0725e-05  0.00033146  3.3472e-06  6.8459e-05  0.00090908  0.00012075
**** Tree neighbor time profile (local):
 Sample_ptcl Domain_deco Ex_ptcl     SetRootCell Make_LT     Make_LET    Make_GT     Make_Group  Make_I_list Calc_force  Write_back 
           0           0           0  2.0486e-05  0.00012245  1.5887e-05  0.00010808  6.1711e-07  1.5798e-05  8.2438e-05  1.4394e-05
**** Number per step (global):
 PP_single   PP_cluster  PP_cross    Cluster     Cross       AR_step_sum
       976.5        23.5           0      11.242           0     0.28564
 AR_tsyn_sum Stab_Ngroup Iso_Ngroup  Form_Ngroup End_Ngroup  Modf_Ngroup Merg_Ngroup H4_step_sum H4_no_NB    Ep-Ep_sum   Ep-Sp_sum  
     0.07373           0           0    0.010742   0.0024414           0           0      111.13    0.013672  8.8354e+05       20236
**** Number of members in clusters (global):
N_members:            1           2           3           4           5
Count    :        976.5       10.38     0.72607     0.11719    0.018555

Time: 3  N_real(loc): 1000  N_real(glb): 1000  N_all(loc): 1000  N_all(glb): 1000  N_remove(glb): 0  N_escape(glb): 0
Energy:     Error/Total         Error     Error_cum         Total       Kinetic     Potential        Modify  Modify_group Modify_single      Error_PP  Error_PP_cum
Physic:   -5.627026e-07   0.001765585  -0.002668797     -3137.688      3065.233     -6202.921  1.986439e-07             0             0 -2.632981e-07 -2.689754e-06
Slowdown: -5.627026e-07   0.001765585  -0.002668797     -3137.688      3065.233     -6202.921  1.988008e-07             0             0 -2.652308e-07 -2.727571e-06
Angular Momentum:  |L|err: 0.0004720269  |L|err_cum: 0.002590522  L: 84.6496   -57.41511    -11.80911  |L|: 102.9636
C.M.: mass: 1900 pos: -0.002026434   -0.06252572    -0.02318921 vel: 0.0568321   -0.07888419    -0.04993652
Tree step number: 2048
**** Wallclock time per step (local): [Min/Max]
 Total       PP_single   PP_cluster  PP_cross    Tree_NB     Tree_Force  Force_corr  Kick        FindCluster CreateGroup MPI_comm    Output      Status      Other      
   0.0023788  1.8762e-05  8.3565e-05           0  0.00042616   0.0016991  2.7389e-05   1.918e-05  3.5106e-05  0.00010106  2.8292e-06  4.6497e-06  3.6548e-09  4.2363e-06
   0.0023788    1.88e-05  8.3609e-05           0   0.0004214   0.0016585  2.7443e-05  1.9215e-05   3.515e-05  0.00010109  2.8613e-06  4.6499e-06  3.6694e-09  4.3487e-06
**** FDPS tree soft force time profile (local):
 Sample_ptcl Domain_deco Ex_ptcl     SetRootCell Make_LT     Make_LET    Make_GT     Make_Group  Make_I_list Calc_force  Write_back 
           0           0           0  2.1904e-05  0.00025453  3.1969e-05  0.00021167  4.1097e-06  5.1673e-05  0.00088488  8.2787e-05
**** Tree neighbor time profile (local):
 Sample_ptcl Domain_deco Ex_ptcl     SetRootCell Make_LT     Make_LET    Make_GT     Make_Group  Make_I_list Calc_force  Write_back 
           0           0           0  1.8292e-05    0.000113  1.9434e-05  9.7755e-05  7.1711e-07  1.5302e-05  7.5177e-05  9.9907e-06
**** Number per step (global):
 PP_single   PP_cluster  PP_cross    Cluster     Cross       AR_step_sum
       975.1      24.896           0      11.652           0     0.21924
 AR_tsyn_sum Stab_Ngroup Iso_Ngroup  Form_Ngroup End_Ngroup  Modf_Ngroup Merg_Ngroup H4_step_sum H4_no_NB    Ep-Ep_sum   Ep-Sp_sum  
     0.07373           0           0    0.010742    0.003418           0           0      126.82    0.010742  8.8255e+05       19865
**** Number of members in clusters (global):
N_members:            1           2           3           4           5           6           7
Count    :        975.1      10.356      1.0762     0.17529    0.014648    0.025391   0.0039062

Time: 3.5  N_real(loc): 1000  N_real(glb): 1000  N_all(loc): 1000  N_all(glb): 1000  N_remove(glb): 0  N_escape(glb): 0
Energy:     Error/Total         Error     Error_cum         Total       Kinetic     Potential        Modify  Modify_group Modify_single      Error_PP  Error_PP_cum
Physic:    5.683523e-07  -0.001783313   -0.00445211      -3137.69      3122.278     -6259.968  2.179024e-07             0             0 -3.544883e-07 -3.044242e-06
Slowdown:  5.683523e-07  -0.001783313   -0.00445211      -3137.69      3122.278     -6259.968  2.180592e-07             0             0 -3.508753e-07 -3.078446e-06
Angular Momentum:  |L|err: 0.001201814  |L|err_cum: 0.003792336  L: 84.64959   -57.41636    -11.80947  |L|: 102.9643
C.M.: mass: 1900 pos: 0.02114183   -0.06085772    -0.04749193 vel: 0.005786113   0.03375686    -0.05023027
Tree step number: 2048
**** Wallclock time per step (local): [Min/Max]
 Total       PP_single   PP_cluster  PP_cross    Tree_NB     Tree_Force  Force_corr  Kick        FindCluster CreateGroup MPI_comm    Output      Status      Other      
   0.0026824  2.1352e-05  7.8136e-05           0  0.00049994   0.0019117  3.7638e-05  2.2424e-05  4.0362e-05  0.00011723  1.7284e-06  3.6406e-06  4.5742e-09  6.3024e-06
   0.0026824   2.139e-05  7.8392e-05           0  0.00049376   0.0018574  3.7694e-05  2.2459e-05  4.0408e-05  0.00011727  1.7606e-06  3.6408e-06  4.5889e-09  6.4163e-06
**** FDPS tree soft force time profile (local):
 Sample_ptcl Domain_deco Ex_ptcl     SetRootCell Make_LT     Make_LET    Make_GT     Make_Group  Make_I_list Calc_force  Write_back 
           0           0           0  3.7542e-05  0.00029895    3.44e-05  0.00023018  3.4702e-06  5.9124e-05  0.00097536    0.000111
**** Tree neighbor time profile (local):
 Sample_ptcl Domain_deco Ex_ptcl     SetRootCell Make_LT     Make_LET    Make_GT     Make_Group  Make_I_list Calc_force  Write_back 
           0           0           0  3.0427e-05  0.00014786  1.7132e-05  0.00011371  5.7078e-07  1.9944e-05  8.0712e-05   1.286e-05
**** Number per step (global):
 PP_single   PP_cluster  PP_cross    Cluster     Cross       AR_step_sum
      977.28      22.719           0      10.776           0     0.24658
 AR_tsyn_sum Stab_Ngroup Iso_Ngroup  Form_Ngroup End_Ngroup  Modf_Ngroup Merg_Ngroup H4_step_sum H4_no_NB    Ep-Ep_sum   Ep-Sp_sum  
    0.083496           0           0    0.014648   0.0043945           0           0      112.61    0.016602  8.8375e+05       20859
**** Number of members in clusters (global):
N_members:            1           2           3           4           5
Count    :       977.28      9.8296     0.75049     0.17041    0.025391

Time: 4  N_real(loc): 1000  N_real(glb): 1000  N_all(loc): 1000  N_all(glb): 1000  N_remove(glb): 0  N_escape(glb): 0
Energy:     Error/Total         Error     Error_cum         Total       Kinetic     Potential        Modify  Modify_group Modify_single      Error_PP  Error_PP_cum
Physic:   -5.911854e-07   0.001854955  -0.002597155     -3137.688      3511.934     -6649.622  3.571272e-07             0             0  1.631886e-07 -2.881054e-06
Slowdown: -5.911855e-07   0.001854956  -0.002597155     -3137.688      3511.934     -6649.622  3.570318e-07             0             0  1.702604e-07 -2.908185e-06
Angular Momentum:  |L|err: -0.0007550255  |L|err_cum: 0.003037311  L: 84.64976   -57.41482    -11.80703  |L|: 102.9633
C.M.: mass: 1900 pos: 0.01516937   -0.03152857    -0.05589118 vel: -0.04804478   0.06674    -0.004901712
Tree step number: 2048
**** Wallclock time per step (local): [Min/Max]
 Total       PP_single   PP_cluster  PP_cross    Tree_NB     Tree_Force  Force_corr  Kick        FindCluster CreateGroup MPI_comm    Output      Status      Other      
   0.0026052  2.8631e-05  0.00010059           0   0.0004437   0.0018832  5.0594e-05  1.5431e-05   3.714e-05  8.3687e-05  1.6874e-06  2.9594e-06  3.1011e-09  5.3426e-06
   0.0026053  2.8669e-05  0.00010064           0   0.0004351   0.0018421  5.0649e-05  1.5465e-05  3.7185e-05  8.3713e-05  1.7198e-06  2.9596e-06  3.1162e-09  5.4578e-06
**** FDPS tree soft force time profile (local):
 Sample_ptcl Domain_deco Ex_ptcl     SetRootCell Make_LT     Make_LET    Make_GT     Make_Group  Make_I_list Calc_force  Write_back 
           0           0           0  3.6807e-05  0.00032941  3.8164e-05  0.00022984   3.138e-06  6.3652e-05  0.00097354  8.3846e-05
**** Tree neighbor time profile (local):
 Sample_ptcl Domain_deco Ex_ptcl     SetRootCell Make_LT     Make_LET    Make_GT     Make_Group  Make_I_list Calc_force  Write_back 
           0           0           0  2.2972e-05   0.0001176  1.7651e-05  0.00011078   5.864e-07  1.9478e-05  8.3514e-05   1.768e-05
**** Number per step (global):
 PP_single   PP_cluster  PP_cross    Cluster     Cross       AR_step_sum
      970.41      29.585           0      13.498           0      1.1396
 AR_tsyn_sum Stab_Ngroup Iso_Ngroup  Form_Ngroup End_Ngroup  Modf_Ngroup Merg_Ngroup H4_step_sum H4_no_NB    Ep-Ep_sum   Ep-Sp_sum  
     0.39111           0           0    0.037598   0.0092773           0           0      148.88    0.025391  8.8581e+05       21511
**** Number of members in clusters (global):
N_members:            1           2           3           4           5           6           7
Count    :       970.41      11.693      1.2988     0.30176       0.146    0.043945    0.014648

Time: 4.5  N_real(loc): 1000  N_real(glb): 1000  N_all(loc): 1000  N_all(glb): 1000  N_remove(glb): 0  N_escape(glb): 0
Energy:     Error/Total         Error     Error_cum         Total       Kinetic     Potential        Modify  Modify_group Modify_single      Error_PP  Error_PP_cum
Physic:    1.274746e-07 -0.0003999755   -0.00299713     -3137.689      3326.716     -6464.404  3.953568e-07             0             0 -2.899957e-07  -3.17105e-06
Slowdown:  1.274746e-07 -0.0003999755   -0.00299713     -3137.689      3326.716     -6464.404  3.952596e-07             0             0 -2.815761e-07 -3.189762e-06
Angular Momentum:  |L|err: 0.001668837  |L|err_cum: 0.004706148  L: 84.64866   -57.415    -11.80545  |L|: 102.9623
C.M.: mass: 1900 pos: 0.01258143   -0.00229377    -0.03927505 vel: 0.01927009   0.07123852    0.03007211
Tree step number: 2048
**** Wallclock time per step (local): [Min/Max]
 Total       PP_single   PP_cluster  PP_cross    Tree_NB     Tree_Force  Force_corr  Kick        FindCluster CreateGroup MPI_comm    Output      Status      Other      
   0.0027288   3.112e-05  9.1435e-05           0  0.00048545   0.0019502  4.3943e-05  3.6548e-05  4.5689e-05  9.5007e-05  1.5453e-06  3.1787e-06  5.7529e-09  5.0908e-06
   0.0027289  3.1159e-05  9.1481e-05           0  0.00047414    0.001899  4.4015e-05  3.6584e-05   4.576e-05  9.5076e-05  1.5773e-06  3.1789e-06  5.8218e-09  5.2179e-06
**** FDPS tree soft force time profile (local):
 Sample_ptcl Domain_deco Ex_ptcl     SetRootCell Make_LT     Make_LET    Make_GT     Make_Group  Make_I_list Calc_force  Write_back 
           0           0           0  3.5926e-05  0.00032618  4.4429e-05  0.00026656  4.0409e-06  8.1941e-05  0.00096448  0.00010446
**** Tree neighbor time profile (local):
 Sample_ptcl Domain_deco Ex_ptcl     SetRootCell Make_LT     Make_LET    Make_GT     Make_Group  Make_I_list Calc_force  Write_back 
           0           0           0  2.9417e-05  0.00014047  2.0757e-05  0.00013019  5.8018e-07  1.5734e-05  7.1082e-05  2.3195e-05
**** Number per step (global):
 PP_single   PP_cluster  PP_cross    Cluster     Cross       AR_step_sum
      973.26      26.738           0      12.963           0      1.4028
 AR_tsyn_sum Stab_Ngroup Iso_Ngroup  Form_Ngroup End_Ngroup  Modf_Ngroup Merg_Ngroup H4_step_sum H4_no_NB    Ep-Ep_sum   Ep-Sp_sum  
     0.45557           0           0    0.075195    0.015137           0           0      133.72    0.094727  8.8133e+05       22060
**** Number of members in clusters (global):
N_members:            1           2           3           4           5
Count    :       973.26       12.19     0.73877    0.029785   0.0043945

Time: 5  N_real(loc): 1000  N_real(glb): 1000  N_all(loc): 1000  N_all(glb): 1000  N_remove(glb): 0  N_escape(glb): 0
Energy:     Error/Total         Error     Error_cum         Total       Kinetic     Potential        Modify  Modify_group Modify_single      Error_PP  Error_PP_cum
Physic:   -5.812837e-07   0.001823886  -0.001173244     -3137.687      3549.582     -6687.269  4.002594e-07             0             0 -1.108105e-06 -4.279155e-06
Slowdown: -5.812837e-07   0.001823886  -0.001173244     -3137.687      3549.582     -6687.269  4.001761e-07             0             0 -1.123248e-06 -4.313009e-06
Angular Momentum:  |L|err: 0.002598647  |L|err_cum: 0.007304794  L: 84.64737   -57.41441    -11.80276  |L|: 102.9607
C.M.: mass: 1900 pos: 0.008289559   0.0198692    -0.01418931 vel: 0.01245591   0.02057045    0.03057637
Tree step number: 2048
**** Wallclock time per step (local): [Min/Max]
 Total       PP_single   PP_cluster  PP_cross    Tree_NB     Tree_Force  Force_corr  Kick        FindCluster CreateGroup MPI_comm    Output      Status      Other      
   0.0034637  3.5583e-05  0.00011914           0  0.00065215   0.0024144  8.6571e-05  3.2938e-05  6.9999e-05  0.00012437  7.8782e-06  3.5583e-06  4.9458e-09  9.8131e-06
   0.0034638  3.5623e-05  0.00011924           0   0.0006444   0.0023263  8.6709e-05  3.2975e-05  7.0047e-05   0.0001244  8.7069e-06  3.5584e-06  4.9604e-09  9.9372e-06
**** FDPS tree soft force time profile (local):
 Sample_ptcl Domain_deco Ex_ptcl     SetRootCell Make_LT     Make_LET    Make_GT     Make_Group  Make_I_list Calc_force  Write_back 
           0           0           0  5.3907e-05  0.00045402  6.4168e-05  0.00035583  3.3957e-06  8.0966e-05   0.0010627  0.00017804
**** Tree neighbor time profile (local):
 Sample_ptcl Domain_deco Ex_ptcl     SetRootCell Make_LT     Make_LET    Make_GT     Make_Group  Make_I_list Calc_force  Write_back 
           0           0           0  5.5932e-05  0.00026194  2.8728e-05  0.00013875  5.5211e-07  2.1078e-05  7.8821e-05  1.6059e-05
**** Number per step (global):
 PP_single   PP_cluster  PP_cross    Cluster     Cross       AR_step_sum
      965.62      34.376           0      16.408           0      1.3159
 AR_tsyn_sum Stab_Ngroup Iso_Ngroup  Form_Ngroup End_Ngroup  Modf_Ngroup Merg_Ngroup H4_step_sum H4_no_NB    Ep-Ep_sum   Ep-Sp_sum  
     0.45557           0           0    0.063477    0.013672           0           0       170.7    0.077148  8.8402e+05       21015
**** Number of members in clusters (global):
N_members:            1           2           3           4           5
Count    :       965.62      15.068      1.1421     0.17432    0.023438

Time: 5.5  N_real(loc): 1000  N_real(glb): 1000  N_all(loc): 1000  N_all(glb): 1000  N_remove(glb): 0  N_escape(glb): 0
Energy:     Error/Total         Error     Error_cum         Total       Kinetic     Potential        Modify  Modify_group Modify_single      Error_PP  Error_PP_cum
Physic:   -4.750882e-08  0.0001490678  -0.001024176     -3137.687      3172.089     -6309.776  5.165992e-07             0             0 -5.758089e-07 -4.854964e-06
Slowdown: -4.750885e-08  0.0001490679  -0.001024176     -3137.687      3172.089     -6309.776  5.164105e-07             0             0 -5.950204e-07  -4.90803e-06
Angular Momentum:  |L|err: 0.0004480179  |L|err_cum: 0.007752812  L: 84.64744   -57.41354    -11.80206  |L|: 102.9601
C.M.: mass: 1900 pos: 0.003502916   -0.004216274    0.00544355 vel: -0.003491259   -0.04270942    0.02468971
Tree step number: 2048
**** Wallclock time per step (local): [Min/Max]
 Total       PP_single   PP_cluster  PP_cross    Tree_NB     Tree_Force  Force_corr  Kick        FindCluster CreateGroup MPI_comm    Output      Status      Other      
   0.0028156   3.697e-05  0.00010224           0  0.00050008   0.0019764  7.5393e-05  5.8358e-05  6.2786e-05  7.6634e-05  2.9118e-06  4.1012e-06   3.395e-09  7.7243e-06
   0.0028156  3.7016e-05  0.00010229           0  0.00048998   0.0018962  7.5455e-05  5.8395e-05  6.2832e-05  7.6659e-05  3.0303e-06  4.1014e-06  3.4097e-09  7.8397e-06
**** FDPS tree soft force time profile (local):
 Sample_ptcl Domain_deco Ex_ptcl     SetRootCell Make_LT     Make_LET    Make_GT     Make_Group  Make_I_list Calc_force  Write_back 
           0           0           0  3.2816e-05  0.00039084  4.2957e-05  0.00024313  2.6264e-06  7.5388e-05  0.00091749  0.00016215
**** Tree neighbor time profile (local):
 Sample_ptcl Domain_deco Ex_ptcl     SetRootCell Make_LT     Make_LET    Make_GT     Make_Group  Make_I_list Calc_force  Write_back 
           0           0           0  4.0118e-05  0.00018939  2.3048e-05  0.00010184  5.9746e-07  1.7613e-05  7.0651e-05  2.0688e-05
**** Number per step (global):
 PP_single   PP_cluster  PP_cross    Cluster     Cross       AR_step_sum
      973.16      26.841           0      12.775           0     0.87695
 AR_tsyn_sum Stab_Ngroup Iso_Ngroup  Form_Ngroup End_Ngroup  Modf_Ngroup Merg_Ngroup H4_step_sum H4_no_NB    Ep-Ep_sum   Ep-Sp_sum  
     0.28857           0           0    0.033691   0.0097656           0           0      131.48    0.038086  8.8593e+05       20159
**** Number of members in clusters (global):
N_members:            1           2           3           4           5           6           7
Count    :       973.16      11.761     0.79932     0.15723    0.054688   0.0019531  0.00097656

Time: 6  N_real(loc): 1000  N_real(glb): 1000  N_all(loc): 1000  N_all(glb): 1000  N_remove(glb): 0  N_escape(glb): 0
Energy:     Error/Total         Error     Error_cum         Total       Kinetic     Potential        Modify  Modify_group Modify_single      Error_PP  Error_PP_cum
Physic:   -5.454757e-07   0.001711531  0.0006873546     -3137.685      3324.123     -6461.808  5.172985e-07             0             0 -2.504391e-07 -5.105403e-06
Slowdown: -5.454757e-07   0.001711531  0.0006873548     -3137.685      3324.123     -6461.808  5.170257e-07             0             0 -2.486749e-07 -5.156705e-06
Angular Momentum:  |L|err: 0.0008042087  |L|err_cum: 0.008557021  L: 84.64702   -57.41302    -11.80133  |L|: 102.9594
C.M.: mass: 1900 pos: -0.007592942   -0.02796337    -0.008086466 vel: -0.01882922   -0.0124535    -0.0555359
Tree step number: 2048
**** Wallclock time per step (local): [Min/Max]
 Total       PP_single   PP_cluster  PP_cross    Tree_NB     Tree_Force  Force_corr  Kick        FindCluster CreateGroup MPI_comm    Output      Status      Other      
   0.0020513  2.7451e-05   8.552e-05           0  0.00034563   0.0014683  3.7067e-05  3.6369e-05   4.208e-05  4.3115e-05  1.5975e-06  5.4898e-06  4.0166e-09  3.7471e-06
   0.0020514  2.7488e-05  8.5564e-05           0  0.00034097   0.0014258  3.7122e-05  3.6406e-05  4.2122e-05  4.3136e-05  1.6298e-06    5.49e-06  4.0361e-09  3.8409e-06
**** FDPS tree soft force time profile (local):
 Sample_ptcl Domain_deco Ex_ptcl     SetRootCell Make_LT     Make_LET    Make_GT     Make_Group  Make_I_list Calc_force  Write_back 
           0           0           0  2.4216e-05  0.00029679  3.0201e-05  0.00017865  3.0416e-06  5.5307e-05  0.00072491  8.6448e-05
**** Tree neighbor time profile (local):
 Sample_ptcl Domain_deco Ex_ptcl     SetRootCell Make_LT     Make_LET    Make_GT     Make_Group  Make_I_list Calc_force  Write_back 
           0           0           0  2.7726e-05  0.00011542  1.7702e-05  8.0326e-05  5.2468e-07  1.7197e-05  6.2783e-05  9.7187e-06
**** Number per step (global):
 PP_single   PP_cluster  PP_cross    Cluster     Cross       AR_step_sum
      973.24      26.756           0      12.386           0     0.68164
 AR_tsyn_sum Stab_Ngroup Iso_Ngroup  Form_Ngroup End_Ngroup  Modf_Ngroup Merg_Ngroup H4_step_sum H4_no_NB    Ep-Ep_sum   Ep-Sp_sum  
     0.22412           0           0    0.032715   0.0087891           0           0      133.02    0.040039  8.8949e+05       18710
**** Number of members in clusters (global):
N_members:            1           2           3           4           5           6           7
Count    :       973.24      10.885      1.0859     0.36719     0.03418   0.0078125   0.0058594

Time: 6.5  N_real(loc): 1000  N_real(glb): 1000  N_all(loc): 1000  N_all(glb): 1000  N_remove(glb): 0  N_escape(glb): 0
Energy:     Error/Total         Error     Error_cum         Total       Kinetic     Potential        Modify  Modify_group Modify_single      Error_PP  Error_PP_cum
Physic:    -6.60644e-08  0.0002072892  0.0008946438     -3137.685      2990.035      -6127.72   5.71173e-07             0             0 -1.197068e-06 -6.302471e-06
Slowdown:  -6.60644e-08  0.0002072892  0.0008946441     -3137.685      2990.035      -6127.72  5.708997e-07             0             0 -1.194119e-06 -6.350824e-06
Angular Momentum:  |L|err: 0.0006573261  |L|err_cum: 0.009214347  L: 84.64684   -57.41255    -11.80069  |L|: 102.9589
C.M.: mass: 1900 pos: -0.02979176   -0.03685766    -0.02375729 vel: -0.03938686   -0.007896144    -0.006068667
Tree step number: 2048
**** Wallclock time per step (local): [Min/Max]
 Total       PP_single   PP_cluster  PP_cross    Tree_NB     Tree_Force  Force_corr  Kick        FindCluster CreateGroup MPI_comm    Output      Status      Other      
   0.0021219  2.4054e-05  9.6419e-05           0  0.00038379   0.0014933  5.9828e-05  2.8937e-05  4.2078e-05  2.9385e-05  5.3399e-06  6.6059e-06  5.5723e-09  1.5163e-05
   0.0021219  2.4091e-05  9.6466e-05           0  0.00038075   0.0014308  5.9885e-05  2.8972e-05   4.212e-05  2.9406e-05  5.3728e-06  6.6061e-06  5.5918e-09  1.5251e-05
**** FDPS tree soft force time profile (local):
 Sample_ptcl Domain_deco Ex_ptcl     SetRootCell Make_LT     Make_LET    Make_GT     Make_Group  Make_I_list Calc_force  Write_back 
           0           0           0  3.1556e-05  0.00028047  3.3257e-05  0.00020565  2.5657e-06  8.2834e-05  0.00069338  0.00012653
**** Tree neighbor time profile (local):
 Sample_ptcl Domain_deco Ex_ptcl     SetRootCell Make_LT     Make_LET    Make_GT     Make_Group  Make_I_list Calc_force  Write_back 
           0           0           0  1.9802e-05  0.00017078  2.2377e-05  8.3238e-05  5.1865e-07  1.4527e-05  5.3276e-05  6.5037e-06
**** Number per step (global):
 PP_single   PP_cluster  PP_cross    Cluster     Cross       AR_step_sum
       974.1      25.896           0        11.9           0     0.37891
 AR_tsyn_sum Stab_Ngroup Iso_Ngroup  Form_Ngroup End_Ngroup  Modf_Ngroup Merg_Ngroup H4_step_sum H4_no_NB    Ep-Ep_sum   Ep-Sp_sum  
      0.1333           0           0    0.016113    0.003418           0           0      132.59    0.013184  8.8563e+05       19249
**** Number of members in clusters (global):
N_members:            1           2           3           4           5           6           7           9
Count    :        974.1      10.529     0.88672      0.3457    0.068359    0.042969    0.025391   0.0019531

Time: 7  N_real(loc): 1000  N_real(glb): 1000  N_all(loc): 1000  N_all(glb): 1000  N_remove(glb): 0  N_escape(glb): 0
Energy:     Error/Total         Error     Error_cum         Total       Kinetic     Potential        Modify  Modify_group Modify_single      Error_PP  Error_PP_cum
Physic:   -9.269121e-07   0.002908355   0.003802999     -3137.682      3039.222     -6176.904  6.012959e-07             0             0 -8.864389e-07  -7.18891e-06
Slowdown: -9.269121e-07   0.002908355   0.003802999     -3137.682      3039.222     -6176.904  6.010224e-07             0             0 -8.771466e-07 -7.227971e-06
Angular Momentum:  |L|err: -0.0003587711  |L|err_cum: 0.008855576  L: 84.64643   -57.41304    -11.80129  |L|: 102.959
C.M.: mass: 1900 pos: -0.03765847   -0.02642786    0.02139818 vel: -0.03918869   0.01240385    0.119374
Tree step number: 2048
**** Wallclock time per step (local): [Min/Max]
 Total       PP_single   PP_cluster  PP_cross    Tree_NB     Tree_Force  Force_corr  Kick        FindCluster CreateGroup MPI_comm    Output      Status      Other      
   0.0020442   5.033e-05  9.8133e-05           0  0.00038371   0.0013982  3.8092e-05  4.3173e-05  3.6573e-05  3.1999e-05  5.2799e-06  4.2838e-06  4.6182e-09  6.6638e-06
   0.0020442  5.0367e-05  9.8178e-05           0   0.0003799   0.0013473  3.8147e-05  4.3208e-05  3.6617e-05   3.202e-05  5.3123e-06  4.2839e-06  4.6328e-09  6.7487e-06
**** FDPS tree soft force time profile (local):
 Sample_ptcl Domain_deco Ex_ptcl     SetRootCell Make_LT     Make_LET    Make_GT     Make_Group  Make_I_list Calc_force  Write_back 
           0           0           0  1.2343e-05  0.00026785   3.315e-05  0.00019975  2.6296e-06  6.9729e-05  0.00065603  0.00010722
**** Tree neighbor time profile (local):
 Sample_ptcl Domain_deco Ex_ptcl     SetRootCell Make_LT     Make_LET    Make_GT     Make_Group  Make_I_list Calc_force  Write_back 
           0           0           0  1.5256e-05  0.00020088  1.4585e-05  7.3856e-05   5.294e-07  1.5312e-05  4.7201e-05  7.9978e-06
**** Number per step (global):
 PP_single   PP_cluster  PP_cross    Cluster     Cross       AR_step_sum
       977.4      22.597           0      9.9111           0     0.44727
 AR_tsyn_sum Stab_Ngroup Iso_Ngroup  Form_Ngroup End_Ngroup  Modf_Ngroup Merg_Ngroup H4_step_sum H4_no_NB    Ep-Ep_sum   Ep-Sp_sum  
     0.15479           0           0    0.013672   0.0039062           0           0      114.08    0.023438  8.8825e+05       18558
**** Number of members in clusters (global):
N_members:            1           2           3           4           5           6           7           8           9          10
Count    :        977.4      8.3145     0.94629     0.36133      0.1875    0.041016    0.015625    0.019531    0.019531   0.0058594

Time: 7.5  N_real(loc): 1000  N_real(glb): 1000  N_all(loc): 1000  N_all(glb): 1000  N_remove(glb): 0  N_escape(glb): 0
Energy:     Error/Total         Error     Error_cum         Total       Kinetic     Potential        Modify  Modify_group Modify_single      Error_PP  Error_PP_cum
Physic:   -6.563412e-07   0.002059388   0.005862388      -3137.68      3438.861     -6576.541  5.910113e-07             0             0 -9.652894e-07 -8.154199e-06
Slowdown: -6.563412e-07   0.002059388   0.005862388      -3137.68      3438.861     -6576.541   5.90725e-07             0             0 -9.763398e-07  -8.20431e-06
Angular Momentum:  |L|err: -0.0009971931  |L|err_cum: 0.007858383  L: 84.64739   -57.41387    -11.80201  |L|: 102.9603
C.M.: mass: 1900 pos: -0.04549376   -0.01765654    0.07159799 vel: 0.02557853   0.04800937    0.1314433
Tree step number: 2048
**** Wallclock time per step (local): [Min/Max]
 Total       PP_single   PP_cluster  PP_cross    Tree_NB     Tree_Force  Force_corr  Kick        FindCluster CreateGroup MPI_comm    Output      Status      Other      
   0.0014733  1.7622e-05   8.182e-05           0   0.0002532   0.0010639   1.625e-05  1.0695e-05  2.7064e-05  1.6795e-05   1.075e-06   4.021e-06  3.3999e-09  2.5653e-06
   0.0014733  1.7658e-05  8.1862e-05           0  0.00025124   0.0010422  1.6301e-05  1.0729e-05  2.7104e-05  1.6815e-05   1.107e-06  4.0211e-06  3.4194e-09  2.6427e-06
**** FDPS tree soft force time profile (local):
 Sample_ptcl Domain_deco Ex_ptcl     SetRootCell Make_LT     Make_LET    Make_GT     Make_Group  Make_I_list Calc_force  Write_back 
           0           0           0  9.3034e-06  0.00019929  2.4017e-05  0.00018067  2.2339e-06  6.0487e-05  0.00049371  4.4549e-05
**** Tree neighbor time profile (local):
 Sample_ptcl Domain_deco Ex_ptcl     SetRootCell Make_LT     Make_LET    Make_GT     Make_Group  Make_I_list Calc_force  Write_back 
           0           0           0  3.8181e-06  9.5955e-05  1.2831e-05  7.0038e-05  4.7092e-07   1.367e-05  4.1854e-05  4.2596e-06
**** Number per step (global):
 PP_single   PP_cluster  PP_cross    Cluster     Cross       AR_step_sum
       970.3      29.697           0      12.288           0     0.78076
 AR_tsyn_sum Stab_Ngroup Iso_Ngroup  Form_Ngroup End_Ngroup  Modf_Ngroup Merg_Ngroup H4_step_sum H4_no_NB    Ep-Ep_sum   Ep-Sp_sum  
     0.28955           0           0    0.035645   0.0083008           0           0      155.45    0.057129  8.8304e+05       19072
**** Number of members in clusters (global):
N_members:            1           2           3           4           5           6           7           8           9          10          11          12
Count    :        970.3      9.6377      1.6152     0.36914     0.32812     0.17822     0.06543    0.040039    0.012695   0.0078125   0.0048828    0.013672
N_members:           13          14          15
Count    :    0.0078125   0.0029297   0.0039062

Time: 8  N_real(loc): 1000  N_real(glb): 1000  N_all(loc): 1000  N_all(glb): 1000  N_remove(glb): 0  N_escape(glb): 0
Energy:     Error/Total         Error     Error_cum         Total       Kinetic     Potential        Modify  Modify_group Modify_single      Error_PP  Error_PP_cum
Physic:    -4.10388e-07   0.001287666   0.007150053     -3137.678      3116.824     -6254.502  6.830209e-07             0             0 -1.394204e-07  -8.29362e-06
Slowdown: -4.103881e-07   0.001287666   0.007150054     -3137.678      3116.824     -6254.502  6.824678e-07             0             0 -1.345945e-07 -8.338905e-06
Angular Momentum:  |L|err: -0.0002810692  |L|err_cum: 0.007577314  L: 84.64767   -57.41281    -11.8021  |L|: 102.9599
C.M.: mass: 1900 pos: -0.06302271   -0.007711838    0.1050695 vel: -0.0206364   0.04528689    0.03797979
Tree step number: 2048
**** Wallclock time per step (local): [Min/Max]
 Total       PP_single   PP_cluster  PP_cross    Tree_NB     Tree_Force  Force_corr  Kick        FindCluster CreateGroup MPI_comm    Output      Status      Other      
   0.0015569  1.8363e-05  8.6282e-05           0  0.00028503   0.0010942  2.9804e-05  1.1602e-05  3.1964e-05  2.1156e-05  2.1826e-06  4.6224e-06  3.7866e-09  3.6264e-06
   0.0015569  1.8409e-05  8.6326e-05           0  0.00028233   0.0010631  2.9857e-05  1.1648e-05  3.2008e-05  2.1186e-05   2.215e-06  4.6226e-06  3.8062e-09  3.7034e-06
**** FDPS tree soft force time profile (local):
 Sample_ptcl Domain_deco Ex_ptcl     SetRootCell Make_LT     Make_LET    Make_GT     Make_Group  Make_I_list Calc_force  Write_back 
           0           0           0  1.1331e-05  0.00022829    3.02e-05  0.00017616   2.409e-06  5.9959e-05  0.00047523  6.3872e-05
**** Tree neighbor time profile (local):
 Sample_ptcl Domain_deco Ex_ptcl     SetRootCell Make_LT     Make_LET    Make_GT     Make_Group  Make_I_list Calc_force  Write_back 
           0           0           0  4.1641e-06  0.00010624   1.609e-05  8.4604e-05   6.119e-07  1.6485e-05  3.7564e-05  5.7767e-06
**** Number per step (global):
 PP_single   PP_cluster  PP_cross    Cluster     Cross       AR_step_sum
      970.89      29.107           0      13.281           0     0.42334
 AR_tsyn_sum Stab_Ngroup Iso_Ngroup  Form_Ngroup End_Ngroup  Modf_Ngroup Merg_Ngroup H4_step_sum H4_no_NB    Ep-Ep_sum   Ep-Sp_sum  
     0.15771           0           0    0.021484   0.0063477           0           0      152.23    0.016602  8.8337e+05       16904
**** Number of members in clusters (global):
N_members:            1           2           3           4           5           6           7
Count    :       970.89      11.209      1.7188     0.28125    0.042969   0.0083008    0.020508

Time: 8.5  N_real(loc): 1000  N_real(glb): 1000  N_all(loc): 1000  N_all(glb): 1000  N_remove(glb): 0  N_escape(glb): 0
Energy:     Error/Total         Error     Error_cum         Total       Kinetic     Potential        Modify  Modify_group Modify_single      Error_PP  Error_PP_cum
Physic:   -1.433929e-07  0.0004499209   0.007599974     -3137.678      3142.481     -6280.159  7.802968e-07             0             0 -7.189641e-07 -9.012584e-06
Slowdown:  -1.43393e-07  0.0004499212   0.007599975     -3137.678      3142.481     -6280.159  7.794294e-07             0             0 -7.086192e-07 -9.047524e-06
Angular Momentum:  |L|err: 0.001323382  |L|err_cum: 0.008900696  L: 84.64694   -57.41222    -11.801  |L|: 102.9589
C.M.: mass: 1900 pos: -0.05822147   0.01156772    0.09962984 vel: 0.0105167   0.02680786    -0.01016269
Tree step number: 2048
**** Wallclock time per step (local): [Min/Max]
 Total       PP_single   PP_cluster  PP_cross    Tree_NB     Tree_Force  Force_corr  Kick        FindCluster CreateGroup MPI_comm    Output      Status      Other      
   0.0015129   1.529e-05  8.1057e-05           0  0.00029308   0.0010613  1.5446e-05  8.6446e-06  3.0404e-05   2.252e-05  1.7169e-06  4.1727e-06  3.1895e-09  4.3101e-06
   0.0015129  1.5328e-05    8.11e-05           0  0.00028701   0.0010405  1.5498e-05  8.6785e-06  3.0448e-05  2.2541e-05  1.7497e-06  4.1729e-06  3.2041e-09   4.413e-06
**** FDPS tree soft force time profile (local):
 Sample_ptcl Domain_deco Ex_ptcl     SetRootCell Make_LT     Make_LET    Make_GT     Make_Group  Make_I_list Calc_force  Write_back 
           0           0           0  1.4255e-05  0.00023651  2.8718e-05  0.00017524  2.8606e-06  6.4194e-05  0.00044914  4.2974e-05
**** Tree neighbor time profile (local):
 Sample_ptcl Domain_deco Ex_ptcl     SetRootCell Make_LT     Make_LET    Make_GT     Make_Group  Make_I_list Calc_force  Write_back 
           0           0           0  7.3145e-06  0.00010939  1.5663e-05  8.4078e-05  5.1508e-07  1.5428e-05  3.8286e-05  1.2514e-05
**** Number per step (global):
 PP_single   PP_cluster  PP_cross    Cluster     Cross       AR_step_sum
       974.7      25.303           0      11.593           0     0.22949
 AR_tsyn_sum Stab_Ngroup Iso_Ngroup  Form_Ngroup End_Ngroup  Modf_Ngroup Merg_Ngroup H4_step_sum H4_no_NB    Ep-Ep_sum   Ep-Sp_sum  
     0.08252           0           0    0.011719   0.0029297           0           0      126.64   0.0048828  8.9357e+05       14813
**** Number of members in clusters (global):
N_members:            1           2           3           4           5           6
Count    :        974.7      9.9722      1.2661     0.22803     0.11328    0.013672

Time: 9  N_real(loc): 1000  N_real(glb): 1000  N_all(loc): 1000  N_all(glb): 1000  N_remove(glb): 0  N_escape(glb): 0
Energy:     Error/Total         Error     Error_cum         Total       Kinetic     Potential        Modify  Modify_group Modify_single      Error_PP  Error_PP_cum
Physic:    2.474402e-07 -0.0007763879   0.006823586     -3137.679      3163.501      -6301.18  8.297241e-07             0             0 -1.765185e-06 -1.077777e-05
Slowdown:  2.474402e-07 -0.0007763879   0.006823587     -3137.679      3163.501      -6301.18  8.288566e-07             0             0 -1.764839e-06 -1.081236e-05
Angular Momentum:  |L|err: 0.00161032  |L|err_cum: 0.01051102  L: 84.64697   -57.41121    -11.79934  |L|: 102.9582
C.M.: mass: 1900 pos: -0.03882584   0.008460321    0.08113794 vel: 0.008938322   -0.05007682    -0.05293301
Tree step number: 2048
**** Wallclock time per step (local): [Min/Max]
 Total       PP_single   PP_cluster  PP_cross    Tree_NB     Tree_Force  Force_corr  Kick        FindCluster CreateGroup MPI_comm    Output      Status      Other      
   0.0014095  2.2177e-05  7.7395e-05           0  0.00025237   0.0009763  1.6657e-05  1.3753e-05  3.1764e-05  2.0039e-05  4.0439e-06  3.7635e-06  3.4194e-09  8.0781e-06
   0.0014096  2.2215e-05  7.7438e-05           0  0.00025027  0.00095965  1.6709e-05  1.3786e-05  3.1807e-05  2.0069e-05  4.0847e-06  3.7637e-06  3.4341e-09  8.1535e-06
**** FDPS tree soft force time profile (local):
 Sample_ptcl Domain_deco Ex_ptcl     SetRootCell Make_LT     Make_LET    Make_GT     Make_Group  Make_I_list Calc_force  Write_back 
           0           0           0  1.2585e-05  0.00021791  2.4903e-05   0.0001648  3.0323e-06  6.0841e-05  0.00041563  3.4573e-05
**** Tree neighbor time profile (local):
 Sample_ptcl Domain_deco Ex_ptcl     SetRootCell Make_LT     Make_LET    Make_GT     Make_Group  Make_I_list Calc_force  Write_back 
           0           0           0  8.1423e-06  9.4115e-05  1.5784e-05  7.7654e-05  4.9374e-07  1.4579e-05  2.9395e-05  4.5407e-06
**** Number per step (global):
 PP_single   PP_cluster  PP_cross    Cluster     Cross       AR_step_sum
      975.23      24.771           0      11.414           0     0.37402
 AR_tsyn_sum Stab_Ngroup Iso_Ngroup  Form_Ngroup End_Ngroup  Modf_Ngroup Merg_Ngroup H4_step_sum H4_no_NB    Ep-Ep_sum   Ep-Sp_sum  
     0.12207           0           0    0.016113   0.0039062           0           0       123.2   0.0097656  8.8985e+05       16014
**** Number of members in clusters (global):
N_members:            1           2           3           4           5
Count    :       975.23      9.7261      1.4512      0.2168    0.019531

Time: 9.5  N_real(loc): 1000  N_real(glb): 1000  N_all(loc): 1000  N_all(glb): 1000  N_remove(glb): 0  N_escape(glb): 0
Energy:     Error/Total         Error     Error_cum         Total       Kinetic     Potential        Modify  Modify_group Modify_single      Error_PP  Error_PP_cum
Physic:    4.106951e-06   -0.01288635  -0.006062759     -3137.692       3546.26     -6683.952  9.601243e-07             0             0 -8.821358e-06 -1.959913e-05
Slowdown:  4.106951e-06   -0.01288635  -0.006062758     -3137.692       3546.26     -6683.952  9.592541e-07             0             0 -8.828225e-06 -1.964059e-05
Angular Momentum:  |L|err: 0.002520964  |L|err_cum: 0.01303198  L: 84.6467   -57.40997    -11.79697  |L|: 102.957
C.M.: mass: 1900 pos: -0.01249595   -0.01149485    0.05635264 vel: 0.08146963   -0.02453018    -0.0293826
Tree step number: 2048
**** Wallclock time per step (local): [Min/Max]
 Total       PP_single   PP_cluster  PP_cross    Tree_NB     Tree_Force  Force_corr  Kick        FindCluster CreateGroup MPI_comm    Output      Status      Other      
    0.001441  1.3727e-05  8.8572e-05           0  0.00026002   0.0010054  2.1802e-05  1.0267e-05  3.0765e-05   1.966e-05  7.8866e-07  4.1401e-06  3.0918e-09   7.046e-06
    0.001441  1.3764e-05  8.8616e-05           0  0.00025711  0.00098532  2.1854e-05    1.03e-05  3.0818e-05   1.968e-05  8.4376e-07  4.1403e-06  3.1113e-09  7.1218e-06
**** FDPS tree soft force time profile (local):
 Sample_ptcl Domain_deco Ex_ptcl     SetRootCell Make_LT     Make_LET    Make_GT     Make_Group  Make_I_list Calc_force  Write_back 
           0           0           0  1.1973e-05  0.00020556  2.8163e-05  0.00017243   2.884e-06  5.9738e-05  0.00044051  4.1283e-05
**** Tree neighbor time profile (local):
 Sample_ptcl Domain_deco Ex_ptcl     SetRootCell Make_LT     Make_LET    Make_GT     Make_Group  Make_I_list Calc_force  Write_back 
           0           0           0  4.5038e-06  9.5728e-05  1.6064e-05  7.2859e-05  5.0931e-07  1.5554e-05  3.8115e-05  6.1899e-06
**** Number per step (global):
 PP_single   PP_cluster  PP_cross    Cluster     Cross       AR_step_sum
      973.14      26.862           0       12.19           0      2.5186
 AR_tsyn_sum Stab_Ngroup Iso_Ngroup  Form_Ngroup End_Ngroup  Modf_Ngroup Merg_Ngroup H4_step_sum H4_no_NB    Ep-Ep_sum   Ep-Sp_sum  
     0.80713           0           0    0.045898     0.01123           0           0      142.95    0.051758  8.8217e+05       17666
**** Number of members in clusters (global):
N_members:            1           2           3           4           5           6           7           8           9
Count    :       973.14      10.672      1.0469     0.27051    0.082031    0.035156     0.03125    0.010742    0.041016

Time: 10  N_real(loc): 1000  N_real(glb): 1000  N_all(loc): 1000  N_all(glb): 1000  N_remove(glb): 0  N_escape(glb): 0
Energy:     Error/Total         Error     Error_cum         Total       Kinetic     Potential        Modify  Modify_group Modify_single      Error_PP  Error_PP_cum
Physic:   -2.659013e-06    0.00834314   0.002280381     -3137.683      3485.084     -6622.767  1.265471e-06             0             0 -2.643909e-06 -2.224304e-05
Slowdown: -2.659013e-06    0.00834314   0.002280382     -3137.683      3485.084     -6622.767  1.264601e-06             0             0 -2.606801e-06 -2.224739e-05
Angular Momentum:  |L|err: 0.0009047993  |L|err_cum: 0.01393678  L: 84.64824   -57.41019    -11.79557  |L|: 102.9582
C.M.: mass: 1900 pos: 0.02279445   -0.01266775    0.0353793 vel: -0.001471169   0.004397961    -0.08800031
Tree step number: 2048
**** Wallclock time per step (local): [Min/Max]
 Total       PP_single   PP_cluster  PP_cross    Tree_NB     Tree_Force  Force_corr  Kick        FindCluster CreateGroup MPI_comm    Output      Status      Other      
   0.0027466   1.765e-05  9.2935e-05           0  0.00047415   0.0019231  3.0886e-05  5.5454e-05  3.9089e-05  0.00016402  1.1323e-06  4.0332e-06  3.0283e-09  2.7301e-06
   0.0027467  1.7687e-05  9.2992e-05           0  0.00047183   0.0018649  3.0945e-05  5.5488e-05  3.9133e-05  0.00016404  1.1643e-06  4.0333e-06  3.0479e-09  2.8212e-06
**** FDPS tree soft force time profile (local):
 Sample_ptcl Domain_deco Ex_ptcl     SetRootCell Make_LT     Make_LET    Make_GT     Make_Group  Make_I_list Calc_force  Write_back 
           0           0           0   1.916e-05  0.00046596  2.9562e-05  0.00029581  2.7133e-06   0.0001199  0.00080583  0.00011769
**** Tree neighbor time profile (local):
 Sample_ptcl Domain_deco Ex_ptcl     SetRootCell Make_LT     Make_LET    Make_GT     Make_Group  Make_I_list Calc_force  Write_back 
           0           0           0  2.0824e-05  0.00018972  1.6597e-05  8.6654e-05  5.6113e-07   4.883e-05  4.5983e-05  5.0433e-06
**** Number per step (global):
 PP_single   PP_cluster  PP_cross    Cluster     Cross       AR_step_sum
      969.19      30.813           0      13.266           0     0.99902
 AR_tsyn_sum Stab_Ngroup Iso_Ngroup  Form_Ngroup End_Ngroup  Modf_Ngroup Merg_Ngroup H4_step_sum H4_no_NB    Ep-Ep_sum   Ep-Sp_sum  
     0.36279           0           0    0.034668   0.0097656           0           0      158.54    0.044434  8.6853e+05       21237
**** Number of members in clusters (global):
N_members:            1           2           3           4           5           6           7           8           9          10          11
Count    :       969.19      11.061      1.2607     0.39844     0.22217     0.18945    0.048828    0.046875     0.03125   0.0058594  0.00097656

Time: 10.5  N_real(loc): 1000  N_real(glb): 1000  N_all(loc): 1000  N_all(glb): 1000  N_remove(glb): 0  N_escape(glb): 0
Energy:     Error/Total         Error     Error_cum         Total       Kinetic     Potential        Modify  Modify_group Modify_single      Error_PP  Error_PP_cum
Physic:    4.735109e-08 -0.0001485727   0.002131808     -3137.683      3124.102     -6261.785  1.296505e-06             0             0 -1.141352e-06 -2.338439e-05
Slowdown:  4.735155e-08 -0.0001485742   0.002131808     -3137.683      3124.102     -6261.785  1.297104e-06             0             0 -1.154004e-06 -2.340139e-05
Angular Momentum:  |L|err: -0.0005413061  |L|err_cum: 0.01339547  L: 84.64874   -57.41037    -11.79601  |L|: 102.9588
C.M.: mass: 1900 pos: 0.01784042   -0.001136281    0.0005662688 vel: 0.01383756   0.04397772    -0.1012044
Tree step number: 2048
**** Wallclock time per step (local): [Min/Max]
 Total       PP_single   PP_cluster  PP_cross    Tree_NB     Tree_Force  Force_corr  Kick        FindCluster CreateGroup MPI_comm    Output      Status      Other      
   0.0020981  2.0694e-05  8.3353e-05           0  0.00038391   0.0014925  2.6086e-05   1.215e-05  2.9897e-05  7.4236e-05  1.9514e-06  3.9057e-06  3.2529e-09  3.4958e-06
   0.0020981   2.073e-05  8.3393e-05           0  0.00038061   0.0014594   2.614e-05  1.2184e-05  2.9937e-05  7.4259e-05  1.9914e-06  3.9059e-06  3.2725e-09  3.5963e-06
**** FDPS tree soft force time profile (local):
 Sample_ptcl Domain_deco Ex_ptcl     SetRootCell Make_LT     Make_LET    Make_GT     Make_Group  Make_I_list Calc_force  Write_back 
           0           0           0  2.8439e-05  0.00029251  3.2244e-05  0.00020495  2.7364e-06  7.0889e-05   0.0006871  6.7599e-05
**** Tree neighbor time profile (local):
 Sample_ptcl Domain_deco Ex_ptcl     SetRootCell Make_LT     Make_LET    Make_GT     Make_Group  Make_I_list Calc_force  Write_back 
           0           0           0  2.1631e-05  0.00013128  2.1315e-05  9.5134e-05  7.7998e-07  1.3805e-05  4.7599e-05  7.0296e-06
**** Number per step (global):
 PP_single   PP_cluster  PP_cross    Cluster     Cross       AR_step_sum
       973.5      26.498           0      11.696           0     0.74951
 AR_tsyn_sum Stab_Ngroup Iso_Ngroup  Form_Ngroup End_Ngroup  Modf_Ngroup Merg_Ngroup H4_step_sum H4_no_NB    Ep-Ep_sum   Ep-Sp_sum  
     0.26562           0           0     0.03125   0.0073242           0           0      134.39    0.063965  8.6871e+05       20723
**** Number of members in clusters (global):
N_members:            1           2           3           4           5           6           7           8           9          10          12
Count    :        973.5      10.071     0.97021     0.28076      0.1499     0.11035    0.041016    0.052734   0.0078125   0.0048828   0.0068359

Time: 11  N_real(loc): 1000  N_real(glb): 1000  N_all(loc): 1000  N_all(glb): 1000  N_remove(glb): 0  N_escape(glb): 0
Energy:     Error/Total         Error     Error_cum         Total       Kinetic     Potential        Modify  Modify_group Modify_single      Error_PP  Error_PP_cum
Physic:   -6.087644e-07   0.001910109   0.004041917     -3137.682      3285.318         -6423   1.48402e-06             0             0 -1.101181e-06 -2.448557e-05
Slowdown: -6.087645e-07   0.001910109   0.004041917     -3137.682      3285.318         -6423  1.484337e-06             0             0 -1.097565e-06 -2.449896e-05
Angular Momentum:  |L|err: 9.207444e-05  |L|err_cum: 0.01348755  L: 84.64922   -57.41081    -11.79578  |L|: 102.9594
C.M.: mass: 1900 pos: 0.01234259   0.01606386    -0.01226384 vel: -0.008425923   0.04680252    -0.01335808
Tree step number: 2048
**** Wallclock time per step (local): [Min/Max]
 Total       PP_single   PP_cluster  PP_cross    Tree_NB     Tree_Force  Force_corr  Kick        FindCluster CreateGroup MPI_comm    Output      Status      Other      
    0.001785  2.4624e-05  9.7064e-05           0  0.00031351   0.0012552  3.4657e-05  2.1157e-05   3.512e-05  3.0716e-05  1.9233e-06  3.4144e-06  3.3364e-09  6.3235e-06
    0.001785  2.4661e-05  9.7109e-05           0  0.00031072   0.0012172  3.4712e-05  2.1192e-05  3.5163e-05  3.0736e-05  1.9557e-06  3.4146e-06   3.356e-09  6.4058e-06
**** FDPS tree soft force time profile (local):
 Sample_ptcl Domain_deco Ex_ptcl     SetRootCell Make_LT     Make_LET    Make_GT     Make_Group  Make_I_list Calc_force  Write_back 
           0           0           0  1.4965e-05  0.00024314  3.3285e-05  0.00020066  2.9508e-06  5.4106e-05  0.00056894   7.725e-05
**** Tree neighbor time profile (local):
 Sample_ptcl Domain_deco Ex_ptcl     SetRootCell Make_LT     Make_LET    Make_GT     Make_Group  Make_I_list Calc_force  Write_back 
           0           0           0  7.9315e-06  0.00012295  1.8432e-05  7.6958e-05  5.1472e-07    1.35e-05  5.0611e-05  5.9582e-06
**** Number per step (global):
 PP_single   PP_cluster  PP_cross    Cluster     Cross       AR_step_sum
      970.94      29.056           0      12.676           0     0.24121
 AR_tsyn_sum Stab_Ngroup Iso_Ngroup  Form_Ngroup End_Ngroup  Modf_Ngroup Merg_Ngroup H4_step_sum H4_no_NB    Ep-Ep_sum   Ep-Sp_sum  
    0.081055           0           0   0.0078125   0.0019531           0           0      150.75    0.003418  8.9423e+05       13539
**** Number of members in clusters (global):
N_members:            1           2           3           4           5           6           7           8
Count    :       970.94      10.047      1.8037      0.6377     0.13379     0.04541   0.0048828   0.0029297

Time: 11.5  N_real(loc): 1000  N_real(glb): 1000  N_all(loc): 1000  N_all(glb): 1000  N_remove(glb): 0  N_escape(glb): 0
Energy:     Error/Total         Error     Error_cum         Total       Kinetic     Potential        Modify  Modify_group Modify_single      Error_PP  Error_PP_cum
Physic:   -1.447705e-06    0.00454243   0.008584347     -3137.677      3235.021     -6372.698  1.425701e-06             0             0  -2.24249e-06 -2.672806e-05
Slowdown: -1.447705e-06    0.00454243   0.008584347     -3137.677      3235.021     -6372.698  1.426063e-06             0             0 -2.232211e-06 -2.673117e-05
Angular Momentum:  |L|err: -0.001730354  |L|err_cum: 0.01175719  L: 84.64943   -57.41181    -11.7974  |L|: 102.9603
C.M.: mass: 1900 pos: -0.01296901   0.02609033    -0.01310312 vel: -0.02897627   0.0249224    0.008927332
Tree step number: 2048
**** Wallclock time per step (local): [Min/Max]
 Total       PP_single   PP_cluster  PP_cross    Tree_NB     Tree_Force  Force_corr  Kick        FindCluster CreateGroup MPI_comm    Output      Status      Other      
   0.0020125  1.7981e-05  8.3031e-05           0  0.00036978   0.0014033  2.0356e-05  9.8343e-06  3.6083e-05  9.0691e-05  1.8369e-06  3.5008e-06  3.0527e-09  4.0126e-06
   0.0020126  1.8016e-05  8.3073e-05           0  0.00036543   0.0013778   2.042e-05  9.8673e-06  3.6124e-05  9.0716e-05   1.883e-06  3.5009e-06  3.0674e-09  4.1119e-06
**** FDPS tree soft force time profile (local):
 Sample_ptcl Domain_deco Ex_ptcl     SetRootCell Make_LT     Make_LET    Make_GT     Make_Group  Make_I_list Calc_force  Write_back 
           0           0           0  2.4469e-05  0.00023272  3.4544e-05   0.0002053  2.6779e-06  7.1934e-05  0.00065295  5.2578e-05
**** Tree neighbor time profile (local):
 Sample_ptcl Domain_deco Ex_ptcl     SetRootCell Make_LT     Make_LET    Make_GT     Make_Group  Make_I_list Calc_force  Write_back 
           0           0           0   1.409e-05  0.00010185  1.6177e-05  0.00010609  5.8177e-07  1.4923e-05  4.3087e-05  9.1137e-06
**** Number per step (global):
 PP_single   PP_cluster  PP_cross    Cluster     Cross       AR_step_sum
       971.7      28.304           0      12.145           0      1.3193
 AR_tsyn_sum Stab_Ngroup Iso_Ngroup  Form_Ngroup End_Ngroup  Modf_Ngroup Merg_Ngroup H4_step_sum H4_no_NB    Ep-Ep_sum   Ep-Sp_sum  
     0.48389           0           0     0.03125   0.0068359           0           0      146.11    0.017578  8.8753e+05       15848
**** Number of members in clusters (global):
N_members:            1           2           3           4           5           6           7           8
Count    :        971.7      9.5781      1.6846     0.51758     0.21191     0.11182    0.035156   0.0058594

Time: 12  N_real(loc): 1000  N_real(glb): 1000  N_all(loc): 1000  N_all(glb): 1000  N_remove(glb): 0  N_escape(glb): 0
Energy:     Error/Total         Error     Error_cum         Total       Kinetic     Potential        Modify  Modify_group Modify_single      Error_PP  Error_PP_cum
Physic:    9.281541e-07  -0.002912251   0.005672096      -3137.68      3515.375     -6653.054  1.222965e-06             0             0  -5.87821e-06 -3.260627e-05
Slowdown:  9.281541e-07   -0.00291225   0.005672096      -3137.68      3515.375     -6653.054  1.223214e-06             0             0 -5.880227e-06  -3.26114e-05
Angular Momentum:  |L|err: 0.0003006106  |L|err_cum: 0.0120578  L: 84.64835   -57.41289    -11.79722  |L|: 102.96
C.M.: mass: 1900 pos: -0.01993713   0.01171461    -0.01951028 vel: 0.01155184   -0.04142757    -0.0002947947
Tree step number: 2048
**** Wallclock time per step (local): [Min/Max]
 Total       PP_single   PP_cluster  PP_cross    Tree_NB     Tree_Force  Force_corr  Kick        FindCluster CreateGroup MPI_comm    Output      Status      Other      
   0.0027444  2.6553e-05  9.7368e-05           0  0.00052128   0.0018728  4.7841e-05  2.6225e-05   5.475e-05  0.00014214  2.9767e-06  4.4824e-06  3.2529e-09   6.834e-06
   0.0027445   2.659e-05  9.7427e-05           0  0.00051497   0.0018182  4.7896e-05  2.6292e-05  5.4795e-05  0.00014217  3.0197e-06  4.4826e-06  3.2676e-09  6.9482e-06
**** FDPS tree soft force time profile (local):
 Sample_ptcl Domain_deco Ex_ptcl     SetRootCell Make_LT     Make_LET    Make_GT     Make_Group  Make_I_list Calc_force  Write_back 
           0           0           0  4.1816e-05  0.00032796  3.8503e-05  0.00023948  2.7281e-06  6.8703e-05  0.00086952  0.00011068
**** Tree neighbor time profile (local):
 Sample_ptcl Domain_deco Ex_ptcl     SetRootCell Make_LT     Make_LET    Make_GT     Make_Group  Make_I_list Calc_force  Write_back 
           0           0           0  4.0758e-05   0.0001711  1.9003e-05   0.0001306  6.3161e-07  1.5483e-05  4.8493e-05  1.3097e-05
**** Number per step (global):
 PP_single   PP_cluster  PP_cross    Cluster     Cross       AR_step_sum
       968.5        31.5           0      13.252           0      1.1895
 AR_tsyn_sum Stab_Ngroup Iso_Ngroup  Form_Ngroup End_Ngroup  Modf_Ngroup Merg_Ngroup H4_step_sum H4_no_NB    Ep-Ep_sum   Ep-Sp_sum  
     0.42578           0           0    0.040039   0.0092773           0           0      162.94    0.061035  8.6696e+05       21543
**** Number of members in clusters (global):
N_members:            1           2           3           4           5           6           7           8           9          10          11          13
Count    :        968.5      10.715      1.3892      0.5918     0.28467     0.10645    0.019531    0.048828    0.061523    0.018555   0.0068359   0.0058594
N_members:           14
Count    :    0.0039062

Time: 12.5  N_real(loc): 1000  N_real(glb): 1000  N_all(loc): 1000  N_all(glb): 1000  N_remove(glb): 0  N_escape(glb): 0
Energy:     Error/Total         Error     Error_cum         Total       Kinetic     Potential        Modify  Modify_group Modify_single      Error_PP  Error_PP_cum
Physic:   -3.715505e-06    0.01165802    0.01733012     -3137.668      2993.266     -6130.934  1.089638e-06             0             0 -1.055504e-05 -4.316131e-05
Slowdown: -3.715505e-06    0.01165802    0.01733012     -3137.668      2993.266     -6130.934  1.089888e-06             0             0 -1.054185e-05 -4.315324e-05
Angular Momentum:  |L|err: -0.0007167463  |L|err_cum: 0.01134106  L: 84.64873   -57.41325    -11.79789  |L|: 102.9606
C.M.: mass: 1900 pos: -0.03287294   0.01803022    -0.01901349 vel: -0.01317753   0.0175954    0.00262701
Tree step number: 2048
**** Wallclock time per step (local): [Min/Max]
 Total       PP_single   PP_cluster  PP_cross    Tree_NB     Tree_Force  Force_corr  Kick        FindCluster CreateGroup MPI_comm    Output      Status      Other      
   0.0023921  2.3425e-05  0.00010255           0  0.00044723   0.0016331  4.0959e-05  1.5958e-05  4.0268e-05  0.00012597  2.5373e-06  3.1102e-06  4.4468e-09  6.2142e-06
   0.0023921  2.3462e-05  0.00010259           0  0.00044309    0.001586  4.1013e-05  1.5992e-05   4.031e-05  0.00012599  2.5696e-06  3.1103e-06  4.4712e-09  6.3156e-06
**** FDPS tree soft force time profile (local):
 Sample_ptcl Domain_deco Ex_ptcl     SetRootCell Make_LT     Make_LET    Make_GT     Make_Group  Make_I_list Calc_force  Write_back 
           0           0           0  4.0068e-05  0.00032665  4.1406e-05  0.00025323  2.9725e-06  7.8831e-05  0.00063526  9.5745e-05
**** Tree neighbor time profile (local):
 Sample_ptcl Domain_deco Ex_ptcl     SetRootCell Make_LT     Make_LET    Make_GT     Make_Group  Make_I_list Calc_force  Write_back 
           0           0           0  2.6118e-05  0.00013889  2.2713e-05  0.00011053  5.7726e-07  1.6398e-05  4.0174e-05  8.7316e-06
**** Number per step (global):
 PP_single   PP_cluster  PP_cross    Cluster     Cross       AR_step_sum
      970.28      29.719           0      12.879           0      3.9487
 AR_tsyn_sum Stab_Ngroup Iso_Ngroup  Form_Ngroup End_Ngroup  Modf_Ngroup Merg_Ngroup H4_step_sum H4_no_NB    Ep-Ep_sum   Ep-Sp_sum  
      1.3052           0           0     0.11084    0.025391           0           0       162.1    0.083008  8.7103e+05       20972
**** Number of members in clusters (global):
N_members:            1           2           3           4           5           6           7           9
Count    :       970.28      10.605       1.314     0.53613      0.2334     0.09375    0.088867   0.0078125

Time: 13  N_real(loc): 1000  N_real(glb): 1000  N_all(loc): 1000  N_all(glb): 1000  N_remove(glb): 0  N_escape(glb): 0
Energy:     Error/Total         Error     Error_cum         Total       Kinetic     Potential        Modify  Modify_group Modify_single      Error_PP  Error_PP_cum
Physic:   -5.707911e-06    0.01790943    0.03523955      -3137.65      3192.911     -6330.561  3.082387e-07             0             0 -4.705807e-05 -9.021938e-05
Slowdown: -5.707911e-06    0.01790943    0.03523955      -3137.65      3192.911     -6330.561  3.084883e-07             0             0 -4.703189e-05 -9.018513e-05
Angular Momentum:  |L|err: 0.0009296493  |L|err_cum: 0.01227071  L: 84.64804   -57.41346    -11.79709  |L|: 102.96
C.M.: mass: 1900 pos: -0.02082763   0.03549914    -0.0006572523 vel: 0.07788229   0.05847951    0.02521147
Tree step number: 2048
**** Wallclock time per step (local): [Min/Max]
 Total       PP_single   PP_cluster  PP_cross    Tree_NB     Tree_Force  Force_corr  Kick        FindCluster CreateGroup MPI_comm    Output      Status      Other      
   0.0021948  2.2796e-05  0.00011973           0  0.00037525   0.0015429  3.8303e-05    2.11e-05  4.6529e-05   6.881e-05  2.3896e-06  3.3689e-06  4.4077e-09  5.7748e-06
   0.0021948  2.2841e-05  0.00011979           0  0.00037208   0.0014918  3.8358e-05  2.1134e-05  4.6573e-05  6.8833e-05   2.422e-06  3.3691e-06  4.4272e-09   5.882e-06
**** FDPS tree soft force time profile (local):
 Sample_ptcl Domain_deco Ex_ptcl     SetRootCell Make_LT     Make_LET    Make_GT     Make_Group  Make_I_list Calc_force  Write_back 
           0           0           0  3.1984e-05  0.00029526  3.4087e-05  0.00022585  2.9162e-06  7.3478e-05  0.00064652  0.00010373
**** Tree neighbor time profile (local):
 Sample_ptcl Domain_deco Ex_ptcl     SetRootCell Make_LT     Make_LET    Make_GT     Make_Group  Make_I_list Calc_force  Write_back 
           0           0           0  2.9325e-05   0.0001153  2.0563e-05  0.00011175  5.7563e-07   1.695e-05  4.3693e-05   6.841e-06
**** Number per step (global):
 PP_single   PP_cluster  PP_cross    Cluster     Cross       AR_step_sum
      973.06      26.935           0      11.602           0       17.86
 AR_tsyn_sum Stab_Ngroup Iso_Ngroup  Form_Ngroup End_Ngroup  Modf_Ngroup Merg_Ngroup H4_step_sum H4_no_NB    Ep-Ep_sum   Ep-Sp_sum  
      5.9287           0           0      0.3999     0.07666           0           0       144.2     0.37695  8.7208e+05       22376
**** Number of members in clusters (global):
N_members:            1           2           3           4           5           6           7           8           9          10          11          13
Count    :       973.06      9.4668      1.4771     0.32617     0.10107      0.0625    0.085938    0.027344    0.015625    0.016602     0.02002   0.0029297

Time: 13.5  N_real(loc): 1000  N_real(glb): 1000  N_all(loc): 1000  N_all(glb): 1000  N_remove(glb): 0  N_escape(glb): 0
Energy:     Error/Total         Error     Error_cum         Total       Kinetic     Potential        Modify  Modify_group Modify_single      Error_PP  Error_PP_cum
Physic:   -3.243812e-06    0.01017791    0.04541746      -3137.64      3070.709     -6208.349  1.201337e-06             0             0 -2.787488e-05 -0.0001180943
Slowdown: -3.243812e-06    0.01017791    0.04541746      -3137.64      3070.709     -6208.349  1.201343e-06             0             0 -2.787074e-05 -0.0001180559
Angular Momentum:  |L|err: 0.0008106077  |L|err_cum: 0.01308131  L: 84.64679   -57.41322    -11.79657  |L|: 102.9588
C.M.: mass: 1900 pos: 0.006645137   0.04132869    -0.01313802 vel: 0.06878697   -0.04087791    -0.02652595
Tree step number: 2048
**** Wallclock time per step (local): [Min/Max]
 Total       PP_single   PP_cluster  PP_cross    Tree_NB     Tree_Force  Force_corr  Kick        FindCluster CreateGroup MPI_comm    Output      Status      Other      
   0.0021621  2.0962e-05  0.00012421           0  0.00034328   0.0015713  3.8902e-05  2.2104e-05   5.802e-05  2.7617e-05  1.7897e-06  3.0028e-06  4.3687e-09  5.8582e-06
   0.0021621  2.1053e-05  0.00012426           0  0.00033837   0.0015191  3.8957e-05  2.2139e-05  5.8067e-05  2.7637e-05   1.822e-06   3.003e-06  4.3833e-09  5.9472e-06
**** FDPS tree soft force time profile (local):
 Sample_ptcl Domain_deco Ex_ptcl     SetRootCell Make_LT     Make_LET    Make_GT     Make_Group  Make_I_list Calc_force  Write_back 
           0           0           0  2.6913e-05  0.00031578  3.6214e-05  0.00021397  2.8945e-06  7.9719e-05  0.00073647  0.00010583
**** Tree neighbor time profile (local):
 Sample_ptcl Domain_deco Ex_ptcl     SetRootCell Make_LT     Make_LET    Make_GT     Make_Group  Make_I_list Calc_force  Write_back 
           0           0           0  8.0715e-06  0.00012735   2.103e-05   9.493e-05  5.3412e-07  1.4161e-05  5.1813e-05  1.0276e-05
**** Number per step (global):
 PP_single   PP_cluster  PP_cross    Cluster     Cross       AR_step_sum
       973.2      26.798           0      11.902           0      12.229
 AR_tsyn_sum Stab_Ngroup Iso_Ngroup  Form_Ngroup End_Ngroup  Modf_Ngroup Merg_Ngroup H4_step_sum H4_no_NB    Ep-Ep_sum   Ep-Sp_sum  
      4.0469           0           0      0.4082    0.080566           0           0      147.26    0.089844  8.8406e+05       21354
**** Number of members in clusters (global):
N_members:            1           2           3           4           5           6           7           8           9          10          11
Count    :        973.2      9.9312      1.4233     0.32715     0.11816    0.025391    0.052734   0.0019531   0.0058594  0.00097656    0.015137

Time: 14  N_real(loc): 1000  N_real(glb): 1000  N_all(loc): 1000  N_all(glb): 1000  N_remove(glb): 0  N_escape(glb): 0
Energy:     Error/Total         Error     Error_cum         Total       Kinetic     Potential        Modify  Modify_group Modify_single      Error_PP  Error_PP_cum
Physic:    2.226109e-06  -0.006984746    0.03843272     -3137.647      3178.645     -6316.292   1.52693e-06             0             0 -3.487314e-05 -0.0001529674
Slowdown:  2.226109e-06  -0.006984746    0.03843272     -3137.647      3178.645     -6316.292  1.526936e-06             0             0 -3.486799e-05 -0.0001529239
Angular Momentum:  |L|err: 0.001081112  |L|err_cum: 0.01416243  L: 84.64721   -57.41304    -11.79532  |L|: 102.9589
C.M.: mass: 1900 pos: 0.01369089   0.01782963    -0.02022199 vel: -0.03033971   -0.02078062    -0.02119909
Tree step number: 2048
**** Wallclock time per step (local): [Min/Max]
 Total       PP_single   PP_cluster  PP_cross    Tree_NB     Tree_Force  Force_corr  Kick        FindCluster CreateGroup MPI_comm    Output      Status      Other      
    0.004084  9.3011e-05  0.00016498           0  0.00071651   0.0027918  0.00015059  0.00012327  0.00014058  4.3642e-05  2.4266e-05  3.4928e-06  3.9819e-09  3.0735e-05
   0.0040841  9.3055e-05  0.00016503           0   0.0006878   0.0026172  0.00015066  0.00012331  0.00014065  4.3664e-05    2.43e-05  3.4931e-06  4.0015e-09  3.0843e-05
**** FDPS tree soft force time profile (local):
 Sample_ptcl Domain_deco Ex_ptcl     SetRootCell Make_LT     Make_LET    Make_GT     Make_Group  Make_I_list Calc_force  Write_back 
           0           0           0  4.5856e-05   0.0006394  7.9709e-05  0.00048593  3.9005e-06  7.7032e-05   0.0010304  0.00035123
**** Tree neighbor time profile (local):
 Sample_ptcl Domain_deco Ex_ptcl     SetRootCell Make_LT     Make_LET    Make_GT     Make_Group  Make_I_list Calc_force  Write_back 
           0           0           0  3.6625e-05  0.00027376  3.2249e-05  0.00018972   5.614e-07  2.3392e-05  9.2215e-05  5.7931e-05
**** Number per step (global):
 PP_single   PP_cluster  PP_cross    Cluster     Cross       AR_step_sum
      972.83       27.17           0      12.258           0      17.593
 AR_tsyn_sum Stab_Ngroup Iso_Ngroup  Form_Ngroup End_Ngroup  Modf_Ngroup Merg_Ngroup H4_step_sum H4_no_NB    Ep-Ep_sum   Ep-Sp_sum  
      5.8721           0           0     0.43994    0.078125           0           0      147.03     0.43213  9.2583e+05       14043
**** Number of members in clusters (global):
N_members:            1           2           3           4           5           6           7
Count    :       972.83      10.147      1.7104      0.2959    0.070312    0.030273   0.0039062

Time: 14.5  N_real(loc): 1000  N_real(glb): 1000  N_all(loc): 1000  N_all(glb): 1000  N_remove(glb): 0  N_escape(glb): 0
Energy:     Error/Total         Error     Error_cum         Total       Kinetic     Potential        Modify  Modify_group Modify_single      Error_PP  Error_PP_cum
Physic:    4.936373e-06   -0.01548867    0.02294404     -3137.663      3099.377      -6237.04  2.258651e-06             0             0 -4.722102e-05 -0.0002001884
Slowdown:  4.936373e-06   -0.01548867    0.02294404     -3137.663      3099.377      -6237.04  2.258652e-06             0             0   -4.7221e-05 -0.0002001449
Angular Momentum:  |L|err: -0.0008313534  |L|err_cum: 0.01333107  L: 84.6473   -57.41349    -11.79618  |L|: 102.9593
C.M.: mass: 1900 pos: 0.006391385   0.01493075    -0.03957128 vel: -0.024987   0.005785828    -0.02586612
Tree step number: 2048
**** Wallclock time per step (local): [Min/Max]
 Total       PP_single   PP_cluster  PP_cross    Tree_NB     Tree_Force  Force_corr  Kick        FindCluster CreateGroup MPI_comm    Output      Status      Other      
   0.0065488  8.6098e-05   0.0002124           0   0.0010246   0.0046906  0.00020062   0.0001404  0.00026753  0.00012147  1.6015e-05  4.8549e-06  3.2773e-09  4.0405e-05
   0.0065488  8.6194e-05  0.00021249           0  0.00097814   0.0044781   0.0002007  0.00014044  0.00026761   0.0001215   1.606e-05  4.8554e-06  3.2925e-09  4.0539e-05
**** FDPS tree soft force time profile (local):
 Sample_ptcl Domain_deco Ex_ptcl     SetRootCell Make_LT     Make_LET    Make_GT     Make_Group  Make_I_list Calc_force  Write_back 
           0           0           0  0.00011345   0.0014091   0.0001425   0.0010312  4.4081e-06  0.00011274   0.0013462   0.0004272
**** Tree neighbor time profile (local):
 Sample_ptcl Domain_deco Ex_ptcl     SetRootCell Make_LT     Make_LET    Make_GT     Make_Group  Make_I_list Calc_force  Write_back 
           0           0           0  3.7012e-05  0.00038846  8.1781e-05  0.00024612  6.4496e-07  2.3686e-05  0.00014539  9.3495e-05
**** Number per step (global):
 PP_single   PP_cluster  PP_cross    Cluster     Cross       AR_step_sum
       973.6      26.398           0      11.462           0      19.435
 AR_tsyn_sum Stab_Ngroup Iso_Ngroup  Form_Ngroup End_Ngroup  Modf_Ngroup Merg_Ngroup H4_step_sum H4_no_NB    Ep-Ep_sum   Ep-Sp_sum  
      6.4346           0           0     0.48975    0.089355           0           0      148.53     0.23877  9.2649e+05       11812
**** Number of members in clusters (global):
N_members:            1           2           3           4           5           6           7           8          10
Count    :        973.6      9.2285      1.5254     0.37012     0.20117    0.091797    0.035156   0.0078125   0.0019531

Time: 15  N_real(loc): 1000  N_real(glb): 1000  N_all(loc): 1000  N_all(glb): 1000  N_remove(glb): 0  N_escape(glb): 0
Energy:     Error/Total         Error     Error_cum         Total       Kinetic     Potential        Modify  Modify_group Modify_single      Error_PP  Error_PP_cum
Physic:    1.554584e-05   -0.04877836   -0.02583432     -3137.711      3060.124     -6197.835  2.516453e-06             0             0 -3.557961e-05  -0.000235768
Slowdown:  1.554584e-05   -0.04877836   -0.02583432     -3137.711      3060.124     -6197.835  2.516454e-06             0             0 -3.557615e-05  -0.000235721
Angular Momentum:  |L|err: -0.000569778  |L|err_cum: 0.0127613  L: 84.64729   -57.41411    -11.79682  |L|: 102.9597
C.M.: mass: 1900 pos: 0.03562169   0.03353618    -0.02484756 vel: 0.02728823   -0.0003338459    0.003891167
Tree step number: 2048
**** Wallclock time per step (local): [Min/Max]
 Total       PP_single   PP_cluster  PP_cross    Tree_NB     Tree_Force  Force_corr  Kick        FindCluster CreateGroup MPI_comm    Output      Status      Other      
   0.0020187  1.6374e-05  0.00013317           0  0.00030321   0.0014711  2.7373e-05  1.0625e-05  5.8999e-05  3.1561e-05  3.4674e-06  4.3629e-06  3.1846e-09  5.0908e-06
   0.0020187   1.641e-05  0.00013323           0  0.00029947   0.0014251  2.7427e-05  1.0659e-05  5.9048e-05  3.1582e-05     3.5e-06  4.3631e-06   3.209e-09  5.2052e-06
**** FDPS tree soft force time profile (local):
 Sample_ptcl Domain_deco Ex_ptcl     SetRootCell Make_LT     Make_LET    Make_GT     Make_Group  Make_I_list Calc_force  Write_back 
           0           0           0  1.1661e-05   0.0002662  3.8658e-05  0.00019394  3.5677e-06  7.8529e-05  0.00071966  9.3659e-05
**** Tree neighbor time profile (local):
 Sample_ptcl Domain_deco Ex_ptcl     SetRootCell Make_LT     Make_LET    Make_GT     Make_Group  Make_I_list Calc_force  Write_back 
           0           0           0  7.5406e-06  0.00011575   1.679e-05  8.2497e-05  6.0043e-07  1.6966e-05  3.9334e-05  7.9246e-06
**** Number per step (global):
 PP_single   PP_cluster  PP_cross    Cluster     Cross       AR_step_sum
       972.3        27.7           0      11.829           0      21.532
 AR_tsyn_sum Stab_Ngroup Iso_Ngroup  Form_Ngroup End_Ngroup  Modf_Ngroup Merg_Ngroup H4_step_sum H4_no_NB    Ep-Ep_sum   Ep-Sp_sum  
      7.0688           0           0     0.60352      0.1167           0           0      148.05     0.20068   8.852e+05       18049
**** Number of members in clusters (global):
N_members:            1           2           3           4           5           6           7           8           9
Count    :        972.3      9.3359      1.4956     0.68457     0.17285    0.073242    0.040039    0.018555   0.0078125

Time: 15.5  N_real(loc): 1000  N_real(glb): 1000  N_all(loc): 1000  N_all(glb): 1000  N_remove(glb): 0  N_escape(glb): 0
Energy:     Error/Total         Error     Error_cum         Total       Kinetic     Potential        Modify  Modify_group Modify_single      Error_PP  Error_PP_cum
Physic:    2.381987e-06  -0.007474005   -0.03330832     -3137.719      4287.305     -7425.024  3.500005e-06             0             0 -4.522725e-05 -0.0002809953
Slowdown:  2.381987e-06  -0.007474005   -0.03330832     -3137.719      4287.305     -7425.024  3.500007e-06             0             0  -4.42814e-05 -0.0002800024
Angular Momentum:  |L|err: 0.0001747662  |L|err_cum: 0.01293606  L: 84.64841   -57.4137    -11.79635  |L|: 102.9604
C.M.: mass: 1900 pos: 0.04333027   0.01797738    -0.001724622 vel: -0.03877074   -0.008729997    0.03994331
Tree step number: 2048
**** Wallclock time per step (local): [Min/Max]
 Total       PP_single   PP_cluster  PP_cross    Tree_NB     Tree_Force  Force_corr  Kick        FindCluster CreateGroup MPI_comm    Output      Status      Other      
   0.0017342  1.6059e-05  0.00014542           0  0.00029487   0.0011737  2.5224e-05  1.2936e-05  5.5771e-05  3.0242e-05  1.9419e-06  4.2394e-06  3.6543e-09   6.353e-06
   0.0017343  1.6093e-05  0.00014547           0   0.0002898   0.0011439  2.5296e-05   1.297e-05   5.582e-05  3.0262e-05  1.9738e-06  4.2396e-06  3.6689e-09  6.4383e-06
**** FDPS tree soft force time profile (local):
 Sample_ptcl Domain_deco Ex_ptcl     SetRootCell Make_LT     Make_LET    Make_GT     Make_Group  Make_I_list Calc_force  Write_back 
           0           0           0  1.8742e-05  0.00025475  3.8529e-05   0.0001978  2.6899e-06  7.1802e-05  0.00047138  6.0916e-05
**** Tree neighbor time profile (local):
 Sample_ptcl Domain_deco Ex_ptcl     SetRootCell Make_LT     Make_LET    Make_GT     Make_Group  Make_I_list Calc_force  Write_back 
           0           0           0  4.3687e-06  0.00010392  2.6527e-05  8.2678e-05  6.2798e-07  1.5055e-05  3.7008e-05  1.0744e-05
**** Number per step (global):
 PP_single   PP_cluster  PP_cross    Cluster     Cross       AR_step_sum
      974.78      25.225           0      10.659           0      31.125
 AR_tsyn_sum Stab_Ngroup Iso_Ngroup  Form_Ngroup End_Ngroup  Modf_Ngroup Merg_Ngroup H4_step_sum H4_no_NB    Ep-Ep_sum   Ep-Sp_sum  
      10.362           0           0     0.67383     0.12793           0           0      141.21    0.052734  8.6836e+05       20391
**** Number of members in clusters (global):
N_members:            1           2           3           4           5           6           7           8           9          10
Count    :       974.78      8.5244      1.1631     0.58691      0.1543     0.12988    0.036133    0.047852    0.013672   0.0029297

Time: 16  N_real(loc): 1000  N_real(glb): 1000  N_all(loc): 1000  N_all(glb): 1000  N_remove(glb): 0  N_escape(glb): 0
Energy:     Error/Total         Error     Error_cum         Total       Kinetic     Potential        Modify  Modify_group Modify_single      Error_PP  Error_PP_cum
Physic:    1.091408e-05   -0.03424568     -0.067554     -3137.753      3227.676     -6365.429  3.465723e-06             0             0 -6.839215e-05 -0.0003493874
Slowdown:  1.091408e-05   -0.03424568     -0.067554     -3137.753      3227.676     -6365.429  3.465724e-06             0             0 -6.839664e-05  -0.000348399
Angular Momentum:  |L|err: 0.0004580797  |L|err_cum: 0.01339414  L: 84.64827   -57.41351    -11.7959  |L|: 102.9601
C.M.: mass: 1900 pos: 0.03640781   0.03367092    0.02041222 vel: -0.02413448   0.06530814    0.02198843
Tree step number: 2048
**** Wallclock time per step (local): [Min/Max]
 Total       PP_single   PP_cluster  PP_cross    Tree_NB     Tree_Force  Force_corr  Kick        FindCluster CreateGroup MPI_comm    Output      Status      Other      
   0.0034431  9.2635e-05  0.00016246           0  0.00058372   0.0022304  0.00012632  9.7456e-05  0.00014651  8.8122e-05  1.7103e-05  4.4738e-06  5.5527e-09  2.7536e-05
   0.0034432  9.2674e-05  0.00016251           0  0.00057748   0.0021005  0.00012639  9.7504e-05  0.00014657  8.8144e-05  1.7136e-05   4.474e-06  5.5723e-09  2.7651e-05
**** FDPS tree soft force time profile (local):
 Sample_ptcl Domain_deco Ex_ptcl     SetRootCell Make_LT     Make_LET    Make_GT     Make_Group  Make_I_list Calc_force  Write_back 
           0           0           0  5.2497e-05   0.0004825   4.168e-05  0.00035677  3.1194e-06  0.00010145  0.00086076  0.00026209
**** Tree neighbor time profile (local):
 Sample_ptcl Domain_deco Ex_ptcl     SetRootCell Make_LT     Make_LET    Make_GT     Make_Group  Make_I_list Calc_force  Write_back 
           0           0           0  4.5157e-05  0.00025663  3.2702e-05  0.00015664  6.4363e-07  3.4149e-05  5.4327e-05   1.312e-05
**** Number per step (global):
 PP_single   PP_cluster  PP_cross    Cluster     Cross       AR_step_sum
      972.71      27.289           0      11.356           0      26.539
 AR_tsyn_sum Stab_Ngroup Iso_Ngroup  Form_Ngroup End_Ngroup  Modf_Ngroup Merg_Ngroup H4_step_sum H4_no_NB    Ep-Ep_sum   Ep-Sp_sum  
      8.8032           0           0     0.63867     0.13916           0           0      149.97     0.23242   8.631e+05       19795
**** Number of members in clusters (global):
N_members:            1           2           3           4           5           6           7           8           9
Count    :       972.71      8.8281      1.3975     0.58887     0.33691    0.094727    0.060547    0.040039   0.0097656

Time: 16.5  N_real(loc): 1000  N_real(glb): 1000  N_all(loc): 1000  N_all(glb): 1000  N_remove(glb): 0  N_escape(glb): 0
Energy:     Error/Total         Error     Error_cum         Total       Kinetic     Potential        Modify  Modify_group Modify_single      Error_PP  Error_PP_cum
Physic:   -2.384881e-06   0.007483151   -0.06007085     -3137.746      3395.189     -6532.935  3.032194e-06             0             0 -6.456864e-05 -0.0004139561
Slowdown: -2.384881e-06   0.007483151   -0.06007085     -3137.746      3395.189     -6532.935  3.032155e-06             0             0 -6.457626e-05 -0.0004129753
Angular Momentum:  |L|err: 0.0005853318  |L|err_cum: 0.01397947  L: 84.64851   -57.41356    -11.79526  |L|: 102.9603
C.M.: mass: 1900 pos: 0.02676029   0.0543296    0.01864224 vel: -0.05131316   0.03999464    -0.01160218
Tree step number: 2048
**** Wallclock time per step (local): [Min/Max]
 Total       PP_single   PP_cluster  PP_cross    Tree_NB     Tree_Force  Force_corr  Kick        FindCluster CreateGroup MPI_comm    Output      Status      Other      
   0.0031933  4.9963e-05  0.00016153           0   0.0005224   0.0022437  8.4237e-05  5.6455e-05  9.1764e-05  5.4097e-05  7.6798e-06  3.0874e-06  3.3413e-09  1.7821e-05
   0.0031933  5.0003e-05  0.00016158           0  0.00051335   0.0021503  8.4302e-05  5.6494e-05  9.1832e-05  5.4118e-05   7.731e-06  3.0876e-06   3.356e-09  1.7982e-05
**** FDPS tree soft force time profile (local):
 Sample_ptcl Domain_deco Ex_ptcl     SetRootCell Make_LT     Make_LET    Make_GT     Make_Group  Make_I_list Calc_force  Write_back 
           0           0           0  3.6638e-05  0.00050437  5.2904e-05  0.00034265  4.4222e-06  9.5007e-05  0.00095076  0.00018901
**** Tree neighbor time profile (local):
 Sample_ptcl Domain_deco Ex_ptcl     SetRootCell Make_LT     Make_LET    Make_GT     Make_Group  Make_I_list Calc_force  Write_back 
           0           0           0  1.9443e-05  0.00019646  2.6971e-05  0.00014604  7.5642e-07  3.2925e-05  6.9486e-05  1.8764e-05
**** Number per step (global):
 PP_single   PP_cluster  PP_cross    Cluster     Cross       AR_step_sum
      971.85       28.15           0      12.444           0      24.652
 AR_tsyn_sum Stab_Ngroup Iso_Ngroup  Form_Ngroup End_Ngroup  Modf_Ngroup Merg_Ngroup H4_step_sum H4_no_NB    Ep-Ep_sum   Ep-Sp_sum  
      8.0615           0           0     0.63623     0.13721           0           0      150.38     0.37305  8.4988e+05       23324
**** Number of members in clusters (global):
N_members:            1           2           3           4           5           6           7
Count    :       971.85       10.02      1.8018       0.479    0.083984    0.047852    0.011719

Time: 17  N_real(loc): 1000  N_real(glb): 1000  N_all(loc): 1000  N_all(glb): 1000  N_remove(glb): 0  N_escape(glb): 0
Energy:     Error/Total         Error     Error_cum         Total       Kinetic     Potential        Modify  Modify_group Modify_single      Error_PP  Error_PP_cum
Physic:   -4.967265e-06    0.01558594   -0.04448492      -3137.73       3243.37       -6381.1   4.45128e-06             0             0 -6.814094e-05  -0.000482097
Slowdown: -4.967265e-06    0.01558594   -0.04448492      -3137.73       3243.37       -6381.1  4.451238e-06             0             0 -6.813992e-05 -0.0004811152
Angular Momentum:  |L|err: 0.000558962  |L|err_cum: 0.01453844  L: 84.64852   -57.41437    -11.79476  |L|: 102.9607
C.M.: mass: 1900 pos: 0.03688965   0.07327765    0.02188369 vel: 0.04853573   0.01512606    0.00199979
Tree step number: 2048
**** Wallclock time per step (local): [Min/Max]
 Total       PP_single   PP_cluster  PP_cross    Tree_NB     Tree_Force  Force_corr  Kick        FindCluster CreateGroup MPI_comm    Output      Status      Other      
   0.0020884  2.4604e-05  0.00012395           0  0.00035098   0.0014878  4.3243e-05  2.9057e-05  4.6387e-05  2.5272e-05  3.4425e-06  3.8422e-06  4.8823e-09   7.799e-06
   0.0020884  2.4641e-05    0.000124           0  0.00034575   0.0014322  4.3301e-05  2.9105e-05  4.6479e-05  2.5292e-05  3.4749e-06  3.8424e-06  4.9019e-09  7.8914e-06
**** FDPS tree soft force time profile (local):
 Sample_ptcl Domain_deco Ex_ptcl     SetRootCell Make_LT     Make_LET    Make_GT     Make_Group  Make_I_list Calc_force  Write_back 
           0           0           0  2.0055e-05  0.00028755  3.4749e-05  0.00019929  2.9655e-06  6.7374e-05  0.00070708  0.00011315
**** Tree neighbor time profile (local):
 Sample_ptcl Domain_deco Ex_ptcl     SetRootCell Make_LT     Make_LET    Make_GT     Make_Group  Make_I_list Calc_force  Write_back 
           0           0           0   1.412e-05  0.00013513  1.9444e-05  8.7466e-05  8.2301e-07  1.8892e-05  5.6763e-05  1.0945e-05
**** Number per step (global):
 PP_single   PP_cluster  PP_cross    Cluster     Cross       AR_step_sum
      972.48      27.521           0        12.2           0      22.435
 AR_tsyn_sum Stab_Ngroup Iso_Ngroup  Form_Ngroup End_Ngroup  Modf_Ngroup Merg_Ngroup H4_step_sum H4_no_NB    Ep-Ep_sum   Ep-Sp_sum  
      7.1089           0           0     0.67822     0.14014           0           0         150     0.59375  8.7936e+05       16768
**** Number of members in clusters (global):
N_members:            1           2           3           4           5           6           7
Count    :       972.48      10.131      1.3506     0.47021      0.1748    0.061523    0.011719

Time: 17.5  N_real(loc): 1000  N_real(glb): 1000  N_all(loc): 1000  N_all(glb): 1000  N_remove(glb): 0  N_escape(glb): 0
Energy:     Error/Total         Error     Error_cum         Total       Kinetic     Potential        Modify  Modify_group Modify_single      Error_PP  Error_PP_cum
Physic:    4.861388e-06    -0.0152538   -0.05973872     -3137.745      3483.908     -6621.654   1.97591e-06             0             0 -7.032635e-05 -0.0005524234
Slowdown:  4.861388e-06    -0.0152538   -0.05973872     -3137.745      3483.908     -6621.654  1.975868e-06             0             0 -7.033832e-05 -0.0005514535
Angular Momentum:  |L|err: -0.0002451389  |L|err_cum: 0.0142933  L: 84.64844   -57.41428    -11.79502  |L|: 102.9606
C.M.: mass: 1900 pos: 0.05786127   0.05156961    0.04311521 vel: 0.1035457   -0.07077363    0.06279922
Tree step number: 2048
**** Wallclock time per step (local): [Min/Max]
 Total       PP_single   PP_cluster  PP_cross    Tree_NB     Tree_Force  Force_corr  Kick        FindCluster CreateGroup MPI_comm    Output      Status      Other      
    0.001694  1.9982e-05  0.00012778           0  0.00030809   0.0011438  2.0691e-05  1.2156e-05  5.0887e-05  2.8173e-05  1.7458e-06  4.0651e-06   3.356e-09  8.7524e-06
    0.001694  2.0031e-05  0.00012783           0  0.00030262   0.0011143  2.0743e-05    1.22e-05  5.0935e-05  2.8194e-05  1.7782e-06  4.0652e-06  3.3706e-09  8.8324e-06
**** FDPS tree soft force time profile (local):
 Sample_ptcl Domain_deco Ex_ptcl     SetRootCell Make_LT     Make_LET    Make_GT     Make_Group  Make_I_list Calc_force  Write_back 
           0           0           0  1.5474e-05  0.00025977  3.6646e-05  0.00022295  2.6208e-06  6.5322e-05  0.00042413  6.0361e-05
**** Tree neighbor time profile (local):
 Sample_ptcl Domain_deco Ex_ptcl     SetRootCell Make_LT     Make_LET    Make_GT     Make_Group  Make_I_list Calc_force  Write_back 
           0           0           0   1.395e-05  0.00011384  1.7651e-05  8.2538e-05  5.1207e-07  2.3803e-05  3.8506e-05  1.1344e-05
**** Number per step (global):
 PP_single   PP_cluster  PP_cross    Cluster     Cross       AR_step_sum
      975.71      24.287           0      10.593           0      22.348
 AR_tsyn_sum Stab_Ngroup Iso_Ngroup  Form_Ngroup End_Ngroup  Modf_Ngroup Merg_Ngroup H4_step_sum H4_no_NB    Ep-Ep_sum   Ep-Sp_sum  
      7.1255           0           0     0.65186     0.13867           0           0      136.32     0.42236  8.9718e+05       12235
**** Number of members in clusters (global):
N_members:            1           2           3           4           5           6           7           8           9
Count    :       975.71       8.623      1.3408     0.34717     0.15527     0.05957    0.043945    0.022461  0.00097656

Time: 18  N_real(loc): 1000  N_real(glb): 1000  N_all(loc): 1000  N_all(glb): 1000  N_remove(glb): 0  N_escape(glb): 0
Energy:     Error/Total         Error     Error_cum         Total       Kinetic     Potential        Modify  Modify_group Modify_single      Error_PP  Error_PP_cum
Physic:   -3.561185e-06    0.01117405   -0.04856466     -3137.734      2979.844     -6117.578  2.056215e-07             0             0  -0.000246994 -0.0007994173
Slowdown: -3.561185e-06    0.01117405   -0.04856466     -3137.734      2979.844     -6117.578  2.055928e-07             0             0  -0.000246988 -0.0007984416
Angular Momentum:  |L|err: -5.484382e-05  |L|err_cum: 0.01423845  L: 84.64862   -57.41435    -11.79505  |L|: 102.9608
C.M.: mass: 1900 pos: 0.09002103   0.05990337    0.02064201 vel: 0.05959602   0.0310089    -0.0510426
Tree step number: 2048
**** Wallclock time per step (local): [Min/Max]
 Total       PP_single   PP_cluster  PP_cross    Tree_NB     Tree_Force  Force_corr  Kick        FindCluster CreateGroup MPI_comm    Output      Status      Other      
   0.0017516  1.5419e-05  0.00014649           0  0.00032051   0.0011677  1.8961e-05  1.0753e-05  5.4847e-05  2.2973e-05  2.7352e-06  4.2835e-06  5.5527e-09  8.7464e-06
   0.0017516  1.5455e-05  0.00014654           0  0.00031738   0.0011462  1.9015e-05  1.0788e-05  5.4898e-05  2.2994e-05  2.7681e-06  4.2838e-06  5.5918e-09  8.8407e-06
**** FDPS tree soft force time profile (local):
 Sample_ptcl Domain_deco Ex_ptcl     SetRootCell Make_LT     Make_LET    Make_GT     Make_Group  Make_I_list Calc_force  Write_back 
           0           0           0  1.1987e-05  0.00027091  3.3678e-05  0.00018566  3.0409e-06  6.2707e-05  0.00049306  4.4444e-05
**** Tree neighbor time profile (local):
 Sample_ptcl Domain_deco Ex_ptcl     SetRootCell Make_LT     Make_LET    Make_GT     Make_Group  Make_I_list Calc_force  Write_back 
           0           0           0  1.2442e-05  0.00012407  2.1092e-05  8.5131e-05  4.9792e-07  1.8494e-05  4.1963e-05  6.6969e-06
**** Number per step (global):
 PP_single   PP_cluster  PP_cross    Cluster     Cross       AR_step_sum
      972.12      27.877           0      11.549           0      24.973
 AR_tsyn_sum Stab_Ngroup Iso_Ngroup  Form_Ngroup End_Ngroup  Modf_Ngroup Merg_Ngroup H4_step_sum H4_no_NB    Ep-Ep_sum   Ep-Sp_sum  
       8.209           0           0     0.59668     0.13135           0           0      157.27     0.34033   8.919e+05       13957
**** Number of members in clusters (global):
N_members:            1           2           3           4           5           6           7           8           9          10          11          13
Count    :       972.12      9.3975      1.1089     0.43311     0.22363     0.14062     0.09375    0.074219    0.033203    0.021484   0.0019531    0.010742
N_members:           14
Count    :    0.0097656

Time: 18.5  N_real(loc): 1000  N_real(glb): 1000  N_all(loc): 1000  N_all(glb): 1000  N_remove(glb): 0  N_escape(glb): 0
Energy:     Error/Total         Error     Error_cum         Total       Kinetic     Potential        Modify  Modify_group Modify_single      Error_PP  Error_PP_cum
Physic:    6.898023e-06   -0.02164431   -0.07020897     -3137.756       3664.93     -6802.685  -6.67441e-07             0             0 -4.911073e-05 -0.0008485281
Slowdown:  6.898023e-06   -0.02164431   -0.07020897     -3137.756       3664.93     -6802.685 -6.674697e-07             0             0 -4.897449e-05 -0.0008474161
Angular Momentum:  |L|err: 0.0006730537  |L|err_cum: 0.01491151  L: 84.64804   -57.41354    -11.7944  |L|: 102.9598
C.M.: mass: 1900 pos: 0.09964521   0.08426094    0.0157272 vel: 0.03373714   0.05275614    0.01286506
Tree step number: 2048
**** Wallclock time per step (local): [Min/Max]
 Total       PP_single   PP_cluster  PP_cross    Tree_NB     Tree_Force  Force_corr  Kick        FindCluster CreateGroup MPI_comm    Output      Status      Other      
   0.0025714  2.3657e-05  0.00015315           0   0.0004482   0.0017876  5.8224e-05  2.7475e-05   9.394e-05  4.1027e-05   3.921e-06  4.2959e-06  5.2441e-09  1.0178e-05
   0.0025715  2.3695e-05  0.00015319           0  0.00043629   0.0017167  5.8283e-05  2.7511e-05  9.3993e-05  4.1048e-05  3.9534e-06  4.2961e-06  5.2686e-09  1.0334e-05
**** FDPS tree soft force time profile (local):
 Sample_ptcl Domain_deco Ex_ptcl     SetRootCell Make_LT     Make_LET    Make_GT     Make_Group  Make_I_list Calc_force  Write_back 
           0           0           0  3.3402e-05  0.00037607   4.692e-05  0.00026458  3.7923e-06  8.1796e-05  0.00077864  0.00014397
**** Tree neighbor time profile (local):
 Sample_ptcl Domain_deco Ex_ptcl     SetRootCell Make_LT     Make_LET    Make_GT     Make_Group  Make_I_list Calc_force  Write_back 
           0           0           0  2.1786e-05  0.00016952  1.9753e-05  0.00012452   5.153e-07  1.7041e-05  7.0633e-05  2.4288e-05
**** Number per step (global):
 PP_single   PP_cluster  PP_cross    Cluster     Cross       AR_step_sum
      971.42      28.581           0      12.364           0      23.597
 AR_tsyn_sum Stab_Ngroup Iso_Ngroup  Form_Ngroup End_Ngroup  Modf_Ngroup Merg_Ngroup H4_step_sum H4_no_NB    Ep-Ep_sum   Ep-Sp_sum  
      7.6812           0           0     0.60254     0.13965           0           0      157.03     0.28711  8.7952e+05       15713
**** Number of members in clusters (global):
N_members:            1           2           3           4           5           6           7           8           9          10          11
Count    :       971.42      9.7524      1.8271     0.54346     0.12012    0.071289    0.020508    0.021484   0.0019531   0.0048828  0.00097656

Time: 19  N_real(loc): 1000  N_real(glb): 1000  N_all(loc): 1000  N_all(glb): 1000  N_remove(glb): 0  N_escape(glb): 0
Energy:     Error/Total         Error     Error_cum         Total       Kinetic     Potential        Modify  Modify_group Modify_single      Error_PP  Error_PP_cum
Physic:    2.321176e-06  -0.007283302   -0.07749227     -3137.763      3156.656     -6294.419  8.772154e-07             0             0  -6.68732e-05 -0.0009154013
Slowdown:  2.321177e-06  -0.007283303   -0.07749228     -3137.763      3156.656     -6294.419   8.78655e-07             0             0 -6.623161e-05 -0.0009136477
Angular Momentum:  |L|err: -0.001246671  |L|err_cum: 0.01366483  L: 84.64796   -57.41364    -11.79569  |L|: 102.9599
C.M.: mass: 1900 pos: 0.1105238   0.1005222    0.04727914 vel: 0.01241025   0.001700302    0.09824006
Tree step number: 2048
**** Wallclock time per step (local): [Min/Max]
 Total       PP_single   PP_cluster  PP_cross    Tree_NB     Tree_Force  Force_corr  Kick        FindCluster CreateGroup MPI_comm    Output      Status      Other      
   0.0020834  3.6369e-05  0.00015844           0  0.00033016   0.0014421   2.843e-05  2.5932e-05  5.8964e-05  3.4006e-05  1.9394e-06  4.3254e-06   3.082e-09  7.3785e-06
   0.0020834  3.6406e-05  0.00015849           0  0.00032635   0.0013985  2.8494e-05  2.5966e-05   5.901e-05  3.4027e-05  1.9853e-06  4.3256e-06  3.0967e-09  7.4783e-06
**** FDPS tree soft force time profile (local):
 Sample_ptcl Domain_deco Ex_ptcl     SetRootCell Make_LT     Make_LET    Make_GT     Make_Group  Make_I_list Calc_force  Write_back 
           0           0           0   1.449e-05  0.00024266   2.699e-05  0.00017873  3.0594e-06  7.0381e-05  0.00075455  8.8731e-05
**** Tree neighbor time profile (local):
 Sample_ptcl Domain_deco Ex_ptcl     SetRootCell Make_LT     Make_LET    Make_GT     Make_Group  Make_I_list Calc_force  Write_back 
           0           0           0  9.3657e-06  0.00011551  2.3009e-05  9.6955e-05  5.8449e-07  1.3135e-05  5.0635e-05  8.0432e-06
**** Number per step (global):
 PP_single   PP_cluster  PP_cross    Cluster     Cross       AR_step_sum
      966.94      33.062           0      13.401           0      25.897
 AR_tsyn_sum Stab_Ngroup Iso_Ngroup  Form_Ngroup End_Ngroup  Modf_Ngroup Merg_Ngroup H4_step_sum H4_no_NB    Ep-Ep_sum   Ep-Sp_sum  
      8.4253           0           0     0.65381     0.14844           0           0      187.26     0.34863  8.4342e+05       22727
**** Number of members in clusters (global):
N_members:            1           2           3           4           5           6           7           8           9          10          11          13
Count    :       966.94      10.093      2.0312     0.60986     0.25488      0.1709    0.092773    0.055664    0.037109   0.0068359    0.044922   0.0039062

Time: 19.5  N_real(loc): 1000  N_real(glb): 1000  N_all(loc): 1000  N_all(glb): 1000  N_remove(glb): 0  N_escape(glb): 0
Energy:     Error/Total         Error     Error_cum         Total       Kinetic     Potential        Modify  Modify_group Modify_single      Error_PP  Error_PP_cum
Physic:   -2.429955e-06   0.007624604   -0.06986767     -3137.755      3483.229     -6620.984  -3.77019e-06             0             0 -7.535762e-05 -0.0009907589
Slowdown: -2.429955e-06   0.007624603   -0.06986767     -3137.755      3483.229     -6620.984 -3.768669e-06             0             0 -7.547284e-05 -0.0009891205
Angular Momentum:  |L|err: -0.001563063  |L|err_cum: 0.01210177  L: 84.64877   -57.41429    -11.7972  |L|: 102.9611
C.M.: mass: 1900 pos: 0.09781503   0.1206283    0.05982974 vel: 0.008132169   0.07974475    0.009436309
Tree step number: 2048
**** Wallclock time per step (local): [Min/Max]
 Total       PP_single   PP_cluster  PP_cross    Tree_NB     Tree_Force  Force_corr  Kick        FindCluster CreateGroup MPI_comm    Output      Status      Other      
   0.0018911  1.7153e-05  0.00014322           0  0.00029294   0.0013498  2.5239e-05   1.215e-05  5.0709e-05  2.7118e-05  1.2443e-06  3.9045e-06  3.0527e-09  7.2556e-06
   0.0018912  1.7188e-05  0.00014326           0  0.00028757   0.0013131  2.5293e-05  1.2183e-05  5.0755e-05  2.7138e-05  1.2768e-06  3.9048e-06  3.0723e-09   7.356e-06
**** FDPS tree soft force time profile (local):
 Sample_ptcl Domain_deco Ex_ptcl     SetRootCell Make_LT     Make_LET    Make_GT     Make_Group  Make_I_list Calc_force  Write_back 
           0           0           0  1.3454e-05  0.00025059  3.2763e-05  0.00018991  2.6067e-06  7.0636e-05  0.00064089  7.4918e-05
**** Tree neighbor time profile (local):
 Sample_ptcl Domain_deco Ex_ptcl     SetRootCell Make_LT     Make_LET    Make_GT     Make_Group  Make_I_list Calc_force  Write_back 
           0           0           0  5.1067e-06  0.00011371  1.6418e-05  7.8983e-05  6.2022e-07   1.443e-05  3.8921e-05  1.1154e-05
**** Number per step (global):
 PP_single   PP_cluster  PP_cross    Cluster     Cross       AR_step_sum
      971.78      28.217           0      11.611           0      28.433
 AR_tsyn_sum Stab_Ngroup Iso_Ngroup  Form_Ngroup End_Ngroup  Modf_Ngroup Merg_Ngroup H4_step_sum H4_no_NB    Ep-Ep_sum   Ep-Sp_sum  
      9.3213           0           0     0.63379     0.13135           0           0      159.89     0.57861  8.4073e+05       23686
**** Number of members in clusters (global):
N_members:            1           2           3           4           5           6           7           8           9          10          11          12
Count    :       971.78      9.3252      1.3218     0.41553     0.27539    0.084961    0.016602    0.037598    0.014648    0.012695   0.0087891    0.045898
N_members:           13          14          15          16
Count    :     0.020508    0.016602   0.0039062    0.010742

Time: 20  N_real(loc): 1000  N_real(glb): 1000  N_all(loc): 1000  N_all(glb): 1000  N_remove(glb): 0  N_escape(glb): 0
Energy:     Error/Total         Error     Error_cum         Total       Kinetic     Potential        Modify  Modify_group Modify_single      Error_PP  Error_PP_cum
Physic:   -6.000184e-06      0.018827   -0.05104067     -3137.737      3517.588     -6655.324 -7.654256e-07             0             0 -0.0002003705  -0.001191129
Slowdown: -6.000184e-06      0.018827   -0.05104067     -3137.737      3517.588     -6655.324 -7.639553e-07             0             0  -0.000200372  -0.001189493
Angular Momentum:  |L|err: -0.0001973987  |L|err_cum: 0.01190437  L: 84.64894   -57.41338    -11.79729  |L|: 102.9608
C.M.: mass: 1900 pos: 0.1158852   0.1386347    0.05256975 vel: 0.05505262   0.01360066    -0.002614
Tree step number: 2048
**** Wallclock time per step (local): [Min/Max]
 Total       PP_single   PP_cluster  PP_cross    Tree_NB     Tree_Force  Force_corr  Kick        FindCluster CreateGroup MPI_comm    Output      Status      Other      
   0.0017448  2.7352e-05  0.00017241           0   0.0002757   0.0011522   1.527e-05  2.1826e-05  5.6097e-05  2.1812e-05  3.5452e-06  5.1411e-06  4.6914e-09  7.5463e-06
   0.0017449  2.7388e-05  0.00017245           0  0.00027358   0.0011381  1.5323e-05   2.186e-05  5.6145e-05  2.1831e-05  3.5783e-06  5.1413e-06  4.7109e-09  7.6442e-06
**** FDPS tree soft force time profile (local):
 Sample_ptcl Domain_deco Ex_ptcl     SetRootCell Make_LT     Make_LET    Make_GT     Make_Group  Make_I_list Calc_force  Write_back 
           0           0           0  1.1419e-05  0.00023221  3.2477e-05   0.0001795  3.0057e-06  8.6052e-05   0.0005151  2.9548e-05
**** Tree neighbor time profile (local):
 Sample_ptcl Domain_deco Ex_ptcl     SetRootCell Make_LT     Make_LET    Make_GT     Make_Group  Make_I_list Calc_force  Write_back 
           0           0           0  6.3267e-06  0.00010459  1.7013e-05  8.8832e-05  6.1618e-07  1.4969e-05  2.4276e-05  4.6456e-06
**** Number per step (global):
 PP_single   PP_cluster  PP_cross    Cluster     Cross       AR_step_sum
      972.79       27.21           0      10.916           0      38.434
 AR_tsyn_sum Stab_Ngroup Iso_Ngroup  Form_Ngroup End_Ngroup  Modf_Ngroup Merg_Ngroup H4_step_sum H4_no_NB    Ep-Ep_sum   Ep-Sp_sum  
      13.336           0           0     0.64355    0.025879           0           0      156.43    0.047852  8.5553e+05       17954
**** Number of members in clusters (global):
N_members:            1           2           3           4           5           6           7           8           9          10          11          12
Count    :       972.79      8.6201      1.1387     0.46045     0.25977    0.098633       0.146    0.063965    0.045898    0.046875    0.022461   0.0058594
N_members:           13
Count    :    0.0068359

Time: 20.5  N_real(loc): 1000  N_real(glb): 1000  N_all(loc): 1000  N_all(glb): 1000  N_remove(glb): 0  N_escape(glb): 0
Energy:     Error/Total         Error     Error_cum         Total       Kinetic     Potential        Modify  Modify_group Modify_single      Error_PP  Error_PP_cum
Physic:   -1.721097e-05    0.05400257   0.002961892     -3137.683      3331.595     -6469.278  1.915722e-07             0             0 -5.469395e-05  -0.001245823
Slowdown: -1.721097e-05    0.05400257   0.002961891     -3137.683      3331.595     -6469.278   1.93043e-07             0             0 -5.475585e-05  -0.001244248
Angular Momentum:  |L|err: 0.000628741  |L|err_cum: 0.01253311  L: 84.64912   -57.41408    -11.79668  |L|: 102.9612
C.M.: mass: 1900 pos: 0.1261175   0.1372962    0.03813378 vel: 0.02188005   0.01267782    0.01962395
Tree step number: 2048
**** Wallclock time per step (local): [Min/Max]
 Total       PP_single   PP_cluster  PP_cross    Tree_NB     Tree_Force  Force_corr  Kick        FindCluster CreateGroup MPI_comm    Output      Status      Other      
   0.0018765  1.9587e-05  0.00017248           0  0.00028758   0.0012885  2.2063e-05  1.3042e-05   6.165e-05  2.6441e-05  3.6443e-06  3.6115e-06  3.1699e-09  5.7359e-06
   0.0018765  1.9622e-05  0.00017253           0  0.00028457   0.0012614  2.2116e-05  1.3088e-05  6.1698e-05  2.6461e-05   3.677e-06  3.6118e-06  3.1846e-09    5.85e-06
**** FDPS tree soft force time profile (local):
 Sample_ptcl Domain_deco Ex_ptcl     SetRootCell Make_LT     Make_LET    Make_GT     Make_Group  Make_I_list Calc_force  Write_back 
           0           0           0  2.5728e-05  0.00027145  3.5822e-05  0.00017993  3.1116e-06  7.4299e-05  0.00058719  5.5658e-05
**** Tree neighbor time profile (local):
 Sample_ptcl Domain_deco Ex_ptcl     SetRootCell Make_LT     Make_LET    Make_GT     Make_Group  Make_I_list Calc_force  Write_back 
           0           0           0  8.5909e-06  0.00010685   1.426e-05  9.5393e-05  5.7881e-07  1.8862e-05  2.5112e-05  6.4283e-06
**** Number per step (global):
 PP_single   PP_cluster  PP_cross    Cluster     Cross       AR_step_sum
      971.68      28.323           0      11.292           0      47.458
 AR_tsyn_sum Stab_Ngroup Iso_Ngroup  Form_Ngroup End_Ngroup  Modf_Ngroup Merg_Ngroup H4_step_sum H4_no_NB    Ep-Ep_sum   Ep-Sp_sum  
      15.774           0           0     0.96533   0.0087891           0           0      159.98     0.39941  8.5473e+05       18499
**** Number of members in clusters (global):
N_members:            1           2           3           4           5           6           7           8           9          10          11          12
Count    :       971.68      8.6899      1.4683     0.53467     0.19336    0.076172     0.10596    0.081055    0.067383   0.0019531   0.0078125   0.0068359
N_members:           13          14          15
Count    :     0.029297     0.02832  0.00097656

Time: 21  N_real(loc): 1000  N_real(glb): 1000  N_all(loc): 1000  N_all(glb): 1000  N_remove(glb): 0  N_escape(glb): 0
Energy:     Error/Total         Error     Error_cum         Total       Kinetic     Potential        Modify  Modify_group Modify_single      Error_PP  Error_PP_cum
Physic:    1.287631e-05   -0.04040231   -0.03744042     -3137.723      3658.701     -6796.424 -1.218836e-06             0             0  0.0001529448  -0.001092879
Slowdown:  1.287631e-05   -0.04040231   -0.03744042     -3137.723      3658.701     -6796.424  -1.21741e-06             0             0  0.0001538467  -0.001090402
Angular Momentum:  |L|err: -9.924976e-05  |L|err_cum: 0.01243386  L: 84.64879   -57.41467    -11.79691  |L|: 102.9613
C.M.: mass: 1900 pos: 0.1172706   0.1358511    0.03043231 vel: -0.07303763   0.01835858    0.006243132
Tree step number: 2048
**** Wallclock time per step (local): [Min/Max]
 Total       PP_single   PP_cluster  PP_cross    Tree_NB     Tree_Force  Force_corr  Kick        FindCluster CreateGroup MPI_comm    Output      Status      Other      
   0.0020815  1.7592e-05  0.00020837           0  0.00031798   0.0013839  2.4686e-05  1.1591e-05  7.9759e-05  5.2189e-05  5.5291e-06  4.4131e-06   2.749e-09  1.2194e-05
   0.0020815  1.7627e-05  0.00020842           0  0.00031491   0.0013481  2.4739e-05  1.1624e-05  7.9809e-05  5.2209e-05  5.5615e-06  4.4133e-06  2.7686e-09  1.2296e-05
**** FDPS tree soft force time profile (local):
 Sample_ptcl Domain_deco Ex_ptcl     SetRootCell Make_LT     Make_LET    Make_GT     Make_Group  Make_I_list Calc_force  Write_back 
           0           0           0   2.199e-05  0.00029211  3.3102e-05  0.00020488  2.9359e-06  7.7943e-05  0.00060469   7.305e-05
**** Tree neighbor time profile (local):
 Sample_ptcl Domain_deco Ex_ptcl     SetRootCell Make_LT     Make_LET    Make_GT     Make_Group  Make_I_list Calc_force  Write_back 
           0           0           0  1.0971e-05  0.00011989  2.2308e-05  9.2457e-05  5.5503e-07  2.1255e-05  3.1746e-05  6.5544e-06
**** Number per step (global):
 PP_single   PP_cluster  PP_cross    Cluster     Cross       AR_step_sum
       971.2      28.798           0      12.129           0       59.07
 AR_tsyn_sum Stab_Ngroup Iso_Ngroup  Form_Ngroup End_Ngroup  Modf_Ngroup Merg_Ngroup H4_step_sum H4_no_NB    Ep-Ep_sum   Ep-Sp_sum  
       19.78           0           0      1.0142    0.020996           0           0      166.69     0.31055  8.5918e+05       19361
**** Number of members in clusters (global):
N_members:            1           2           3           4           5           6           7           8
Count    :        971.2      9.5127      1.5078      0.5918     0.30615     0.12695    0.082031   0.0019531
Hard energy significant ! dE_SD: -0.277204 dE_SD/Etot_SD: 0.00113601
Thread: 2 Dump file: data.hard_large_energy_h4_n6_g1_t21.084229_M0_O2_c0_s1790682290

Time: 21.5  N_real(loc): 1000  N_real(glb): 1000  N_all(loc): 1012  N_all(glb): 1012  N_remove(glb): 0  N_escape(glb): 0
Energy:     Error/Total         Error     Error_cum         Total       Kinetic     Potential        Modify  Modify_group Modify_single      Error_PP  Error_PP_cum
Physic:      -0.1386498      367.0579      367.0204     -2647.375      3149.834     -5797.209      123.2905             0             0     0.2028074     0.2017145
Slowdown:    -0.1472128      366.6575      366.6201     -2490.663      3080.892     -5571.555      280.4025             0             0    0.04638583    0.04529543
Angular Momentum:  |L|err: 6.560367  |L|err_cum: 6.572801  L: 88.69274   -61.94714    -14.31963  |L|: 109.1279
C.M.: mass: 1900 pos: 0.09478634   0.1275656    0.01414419 vel: -0.0540007   -0.01458635    0.02460513
Tree step number: 2048
**** Wallclock time per step (local): [Min/Max]
 Total       PP_single   PP_cluster  PP_cross    Tree_NB     Tree_Force  Force_corr  Kick        FindCluster CreateGroup MPI_comm    Output      Status      Other      
   0.0021967  2.4455e-05  0.00018413           0  0.00034898   0.0015275  4.2727e-05  2.2788e-05  6.1381e-05  2.6143e-05   2.738e-06  4.2062e-06  5.3423e-09  9.2155e-06
   0.0021968  2.4491e-05  0.00018418           0    0.000343   0.0014738  4.2783e-05  2.2823e-05  6.1429e-05  2.6163e-05  2.7705e-06  4.2064e-06  5.3618e-09  9.3173e-06
**** FDPS tree soft force time profile (local):
 Sample_ptcl Domain_deco Ex_ptcl     SetRootCell Make_LT     Make_LET    Make_GT     Make_Group  Make_I_list Calc_force  Write_back 
           0           0           0  2.0488e-05   0.0003191  3.9073e-05  0.00021944   2.685e-06  7.7481e-05  0.00067396  0.00010907
**** Tree neighbor time profile (local):
 Sample_ptcl Domain_deco Ex_ptcl     SetRootCell Make_LT     Make_LET    Make_GT     Make_Group  Make_I_list Calc_force  Write_back 
           0           0           0  9.9347e-06  0.00013229  1.7052e-05  9.5142e-05  5.4514e-07   1.689e-05  5.4251e-05  1.2925e-05
**** Number per step (global):
 PP_single   PP_cluster  PP_cross    Cluster     Cross       AR_step_sum
      975.29      24.708           0      10.674           0      47.523
 AR_tsyn_sum Stab_Ngroup Iso_Ngroup  Form_Ngroup End_Ngroup  Modf_Ngroup Merg_Ngroup H4_step_sum H4_no_NB    Ep-Ep_sum   Ep-Sp_sum  
      12.688     0.93213           0    0.055664     0.01123   0.0029297           0      130.12    0.035156  9.1227e+05       13090
**** Number of members in clusters (global):
N_members:            1           2           3           4           5           6           7           8          10
Count    :       975.29      8.9292      1.0229     0.25049     0.19971     0.15381    0.085938    0.030762  0.00097656

Time: 22  N_real(loc): 1000  N_real(glb): 1000  N_all(loc): 1012  N_all(glb): 1012  N_remove(glb): 0  N_escape(glb): 0
Energy:     Error/Total         Error     Error_cum         Total       Kinetic     Potential        Modify  Modify_group Modify_single      Error_PP  Error_PP_cum
Physic:     -0.02853374      73.03689      440.0573     -2559.668      3128.723     -5688.391      137.9607             0             0 -3.554541e-06     0.2017109
Slowdown:   -0.03039227      73.03123      439.6513     -2402.954      3059.735     -5462.689      451.7922             0             0 -3.562716e-06    0.04529186
Angular Momentum:  |L|err: 3.00661  |L|err_cum: 9.579411  L: 85.82073   -59.15165    -21.15637  |L|: 106.3565
C.M.: mass: 1900 pos: 0.07069623   0.1033772    0.0203878 vel: -0.04434526   -0.02545751    0.03000776
Tree step number: 2048
**** Wallclock time per step (local): [Min/Max]
 Total       PP_single   PP_cluster  PP_cross    Tree_NB     Tree_Force  Force_corr  Kick        FindCluster CreateGroup MPI_comm    Output      Status      Other      
   0.0023048  2.3238e-05  9.2514e-05           0  0.00041125   0.0016774  5.2876e-05  3.2402e-05  4.5786e-05  2.7619e-05  3.1202e-06  3.7359e-06  3.7373e-09   5.336e-06
   0.0023049  2.3274e-05  9.2558e-05           0  0.00040276    0.001613  5.2934e-05  3.2437e-05   4.583e-05  2.7653e-05  3.1524e-06  3.7361e-06  3.7568e-09  5.4683e-06
**** FDPS tree soft force time profile (local):
 Sample_ptcl Domain_deco Ex_ptcl     SetRootCell Make_LT     Make_LET    Make_GT     Make_Group  Make_I_list Calc_force  Write_back 
           0           0           0  2.5261e-05   0.0003263   3.611e-05  0.00023458   2.624e-06  5.7452e-05  0.00081357   0.0001303
**** Tree neighbor time profile (local):
 Sample_ptcl Domain_deco Ex_ptcl     SetRootCell Make_LT     Make_LET    Make_GT     Make_Group  Make_I_list Calc_force  Write_back 
           0           0           0  1.3207e-05  0.00015392  2.2221e-05  9.7468e-05  4.3892e-07  1.7126e-05  8.0197e-05  1.7472e-05
**** Number per step (global):
 PP_single   PP_cluster  PP_cross    Cluster     Cross       AR_step_sum
      976.85      23.152           0      11.048           0      15.996
 AR_tsyn_sum Stab_Ngroup Iso_Ngroup  Form_Ngroup End_Ngroup  Modf_Ngroup Merg_Ngroup H4_step_sum H4_no_NB    Ep-Ep_sum   Ep-Sp_sum  
     0.85498           1           0    0.062012    0.014648           0           0      105.79    0.070312  9.4761e+05      8419.4
**** Number of members in clusters (global):
N_members:            1           2           3           4           5
Count    :       976.85       10.13     0.80176     0.09375    0.022461

Time: 22.5  N_real(loc): 1000  N_real(glb): 1000  N_all(loc): 1012  N_all(glb): 1012  N_remove(glb): 0  N_escape(glb): 0
Energy:     Error/Total         Error     Error_cum         Total       Kinetic     Potential        Modify  Modify_group Modify_single      Error_PP  Error_PP_cum
Physic:    -0.008074259      20.46906      460.5264     -2535.101      2872.818     -5407.919      142.0582             0             0 -2.893472e-06      0.201708
Slowdown:  -0.008606135      20.46872        460.12     -2378.387      2803.797     -5182.184       612.604             0             0 -2.896579e-06    0.04528897
Angular Momentum:  |L|err: 3.239624  |L|err_cum: 12.81904  L: 84.06645   -57.44471    -24.61472  |L|: 104.7518
C.M.: mass: 1900 pos: 0.03159818   0.1022876    0.00489 vel: -0.1014114   -0.02611416    -0.05988392
Tree step number: 2048
**** Wallclock time per step (local): [Min/Max]
 Total       PP_single   PP_cluster  PP_cross    Tree_NB     Tree_Force  Force_corr  Kick        FindCluster CreateGroup MPI_comm    Output      Status      Other      
    0.002342  2.7645e-05   8.845e-05           0  0.00038135    0.001713  5.3583e-05  3.2034e-05  4.5002e-05  4.6664e-05  2.5786e-06  4.1082e-06  3.2578e-09  6.1873e-06
   0.0023421  2.7682e-05  8.8492e-05           0  0.00037688   0.0016566    5.39e-05   3.207e-05  4.5046e-05  4.6684e-05  2.6113e-06  4.1084e-06  3.2725e-09  6.3099e-06
**** FDPS tree soft force time profile (local):
 Sample_ptcl Domain_deco Ex_ptcl     SetRootCell Make_LT     Make_LET    Make_GT     Make_Group  Make_I_list Calc_force  Write_back 
           0           0           0  3.1765e-05   0.0003371  3.9697e-05  0.00023664  4.4786e-06   8.664e-05  0.00081749  0.00011461
**** Tree neighbor time profile (local):
 Sample_ptcl Domain_deco Ex_ptcl     SetRootCell Make_LT     Make_LET    Make_GT     Make_Group  Make_I_list Calc_force  Write_back 
           0           0           0  8.3657e-06   0.0001402  1.9586e-05  0.00012318  5.7113e-07  1.8159e-05  4.4382e-05   9.434e-06
**** Number per step (global):
 PP_single   PP_cluster  PP_cross    Cluster     Cross       AR_step_sum
      977.44      22.557           0      10.309           0      14.996
 AR_tsyn_sum Stab_Ngroup Iso_Ngroup  Form_Ngroup End_Ngroup  Modf_Ngroup Merg_Ngroup H4_step_sum H4_no_NB    Ep-Ep_sum   Ep-Sp_sum  
      0.4458           1           0    0.056641    0.014648           0           0      108.23    0.040039  8.9749e+05       18538
**** Number of members in clusters (global):
N_members:            1           2           3           4           5           6
Count    :       977.44      8.8638      1.1118      0.1875     0.12891    0.016602

Time: 23  N_real(loc): 1000  N_real(glb): 1000  N_all(loc): 1012  N_all(glb): 1012  N_remove(glb): 0  N_escape(glb): 0
Energy:     Error/Total         Error     Error_cum         Total       Kinetic     Potential        Modify  Modify_group Modify_single      Error_PP  Error_PP_cum
Physic:    -0.003814855      9.626961      470.1533     -2523.546      3231.196     -5754.742      143.9866             0             0 -6.792403e-06     0.2017013
Slowdown:  -0.004067416      9.626889      469.7469     -2366.832      3162.144     -5528.976      771.2464             0             0 -6.784995e-06    0.04528218
Angular Momentum:  |L|err: 2.470376  |L|err_cum: 15.28941  L: 82.82678   -56.23397    -26.94344  |L|: 103.6749
C.M.: mass: 1900 pos: 0.01033664   0.09432411    -0.02794912 vel: -0.03208409   -0.05305695    -0.003576442
Tree step number: 2048
**** Wallclock time per step (local): [Min/Max]
 Total       PP_single   PP_cluster  PP_cross    Tree_NB     Tree_Force  Force_corr  Kick        FindCluster CreateGroup MPI_comm    Output      Status      Other      
   0.0019337  2.1838e-05  8.3111e-05           0  0.00029925   0.0014233  3.5105e-05  2.1589e-05  3.9191e-05  3.3353e-05  2.1107e-06  4.0288e-06  3.1748e-09  6.9288e-06
   0.0019337  2.1874e-05  8.3152e-05           0  0.00029481   0.0013892   3.516e-05  2.1623e-05  3.9234e-05  3.3374e-05   2.143e-06   4.029e-06  3.1895e-09  7.0391e-06
**** FDPS tree soft force time profile (local):
 Sample_ptcl Domain_deco Ex_ptcl     SetRootCell Make_LT     Make_LET    Make_GT     Make_Group  Make_I_list Calc_force  Write_back 
           0           0           0  1.7936e-05  0.00026454  3.8065e-05  0.00020777  2.7259e-06  7.5478e-05  0.00069363  7.0355e-05
**** Tree neighbor time profile (local):
 Sample_ptcl Domain_deco Ex_ptcl     SetRootCell Make_LT     Make_LET    Make_GT     Make_Group  Make_I_list Calc_force  Write_back 
           0           0           0  6.5509e-06  0.00010653   2.272e-05  8.4923e-05  5.6433e-07   1.581e-05  3.7506e-05  9.3126e-06
**** Number per step (global):
 PP_single   PP_cluster  PP_cross    Cluster     Cross       AR_step_sum
      976.39      23.605           0      10.649           0      16.461
 AR_tsyn_sum Stab_Ngroup Iso_Ngroup  Form_Ngroup End_Ngroup  Modf_Ngroup Merg_Ngroup H4_step_sum H4_no_NB    Ep-Ep_sum   Ep-Sp_sum  
      0.9502           1           0    0.070312    0.016113           0           0      114.79    0.049805   8.872e+05       18320
**** Number of members in clusters (global):
N_members:            1           2           3           4           5           6           7
Count    :       976.39      8.9912      1.2261     0.27344     0.10449    0.050781    0.003418

Time: 23.5  N_real(loc): 1000  N_real(glb): 1000  N_all(loc): 1012  N_all(glb): 1012  N_remove(glb): 0  N_escape(glb): 0
Energy:     Error/Total         Error     Error_cum         Total       Kinetic     Potential        Modify  Modify_group Modify_single      Error_PP  Error_PP_cum
Physic:    -0.002245327      5.650957      475.8043     -2516.763      3469.541     -5986.304      145.1182             0             0 -3.078691e-06     0.2016982
Slowdown:  -0.002394413      5.650933      475.3978     -2360.049      3400.457     -5760.506       929.092             0             0 -3.101842e-06    0.04527908
Angular Momentum:  |L|err: 1.988817  |L|err_cum: 17.27823  L: 81.86199   -55.28856    -28.72791  |L|: 102.8762
C.M.: mass: 1900 pos: -0.002134481   0.08484718    -0.009559553 vel: -0.03773989   0.01834576    0.02344907
Tree step number: 2048
**** Wallclock time per step (local): [Min/Max]
 Total       PP_single   PP_cluster  PP_cross    Tree_NB     Tree_Force  Force_corr  Kick        FindCluster CreateGroup MPI_comm    Output      Status      Other      
   0.0021719  2.1779e-05  0.00010857           0  0.00031707   0.0016288  3.7449e-05  1.9407e-05  4.3579e-05  2.5864e-05  2.9429e-06  4.4271e-06  3.9043e-09    6.88e-06
   0.0021719  2.1815e-05  0.00010863           0  0.00031288   0.0015854  3.7516e-05  1.9441e-05  4.3625e-05  2.5884e-05  2.9755e-06  4.4272e-06  3.9238e-09  7.0243e-06
**** FDPS tree soft force time profile (local):
 Sample_ptcl Domain_deco Ex_ptcl     SetRootCell Make_LT     Make_LET    Make_GT     Make_Group  Make_I_list Calc_force  Write_back 
           0           0           0  3.0212e-05  0.00035362  4.2873e-05  0.00022257  3.4177e-06  8.1158e-05  0.00075257  8.8287e-05
**** Tree neighbor time profile (local):
 Sample_ptcl Domain_deco Ex_ptcl     SetRootCell Make_LT     Make_LET    Make_GT     Make_Group  Make_I_list Calc_force  Write_back 
           0           0           0  9.1584e-06  0.00011705  1.6373e-05  0.00010343  3.1798e-06  1.7674e-05   2.811e-05  8.8114e-06
**** Number per step (global):
 PP_single   PP_cluster  PP_cross    Cluster     Cross       AR_step_sum
      971.87      28.131           0      11.971           0      16.084
 AR_tsyn_sum Stab_Ngroup Iso_Ngroup  Form_Ngroup End_Ngroup  Modf_Ngroup Merg_Ngroup H4_step_sum H4_no_NB    Ep-Ep_sum   Ep-Sp_sum  
     0.80322           1           0    0.086914    0.017578           0           0      143.05    0.088379  8.6944e+05       19765
**** Number of members in clusters (global):
N_members:            1           2           3           4           5           6           7           8           9          10          11
Count    :       971.87      9.5498      1.5435     0.46094     0.17188     0.14502     0.01709    0.057617    0.015625  0.00097656   0.0087891

Time: 24  N_real(loc): 1000  N_real(glb): 1000  N_all(loc): 1012  N_all(glb): 1012  N_remove(glb): 0  N_escape(glb): 0
Energy:     Error/Total         Error     Error_cum         Total       Kinetic     Potential        Modify  Modify_group Modify_single      Error_PP  Error_PP_cum
Physic:     -0.00146818      3.688562      479.4928     -2512.336      3049.462     -5561.798      145.8564             0             0 -1.031721e-06     0.2016971
Slowdown:   -0.00156585      3.688552      479.0864     -2355.622      2980.346     -5335.969      1086.544             0             0 -1.030718e-06    0.04527805
Angular Momentum:  |L|err: 1.640233  |L|err_cum: 18.91846  L: 81.07908   -54.52062    -30.16081  |L|: 102.2545
C.M.: mass: 1900 pos: -0.03448003   0.09161238    -0.007528205 vel: -0.1102751   0.004520099    0.0203278
Tree step number: 2048
**** Wallclock time per step (local): [Min/Max]
 Total       PP_single   PP_cluster  PP_cross    Tree_NB     Tree_Force  Force_corr  Kick        FindCluster CreateGroup MPI_comm    Output      Status      Other      
   0.0025818  2.3648e-05   9.155e-05           0  0.00047312   0.0018581  4.3896e-05  2.8093e-05  6.6297e-05  4.0289e-05   3.386e-06  4.2564e-06  3.2236e-09  1.1486e-05
   0.0025818  2.3685e-05  9.1595e-05           0   0.0004632   0.0018032  4.3954e-05  2.8138e-05  6.6352e-05  4.0311e-05  3.4193e-06  4.2566e-06  3.2383e-09   1.163e-05
**** FDPS tree soft force time profile (local):
 Sample_ptcl Domain_deco Ex_ptcl     SetRootCell Make_LT     Make_LET    Make_GT     Make_Group  Make_I_list Calc_force  Write_back 
           0           0           0  2.2623e-05  0.00037117  5.5389e-05  0.00029379   3.369e-06  9.1855e-05  0.00082795  0.00011181
**** Tree neighbor time profile (local):
 Sample_ptcl Domain_deco Ex_ptcl     SetRootCell Make_LT     Make_LET    Make_GT     Make_Group  Make_I_list Calc_force  Write_back 
           0           0           0  1.5621e-05  0.00019922  2.4433e-05   0.0001111  5.8268e-07  2.9589e-05  5.7312e-05  2.0375e-05
**** Number per step (global):
 PP_single   PP_cluster  PP_cross    Cluster     Cross       AR_step_sum
      978.16      21.836           0      10.124           0      15.118
 AR_tsyn_sum Stab_Ngroup Iso_Ngroup  Form_Ngroup End_Ngroup  Modf_Ngroup Merg_Ngroup H4_step_sum H4_no_NB    Ep-Ep_sum   Ep-Sp_sum  
     0.52051           1           0    0.094727    0.017578           0           0      102.73     0.12695  8.6051e+05       21235
**** Number of members in clusters (global):
N_members:            1           2           3           4           5           6
Count    :       978.16      8.9629      0.8291     0.25684    0.052734    0.021973

Time: 24.5  N_real(loc): 1000  N_real(glb): 1000  N_all(loc): 1012  N_all(glb): 1012  N_remove(glb): 0  N_escape(glb): 0
Energy:     Error/Total         Error     Error_cum         Total       Kinetic     Potential        Modify  Modify_group Modify_single      Error_PP  Error_PP_cum
Physic:    -0.001042478      2.615786      482.1086     -2509.199      3040.806     -5550.005      146.3779             0             0  -2.54617e-06     0.2016946
Slowdown:  -0.001111922      2.615781      481.7022     -2352.485      2971.659     -5324.145       1243.78             0             0  -2.15198e-06     0.0452759
Angular Momentum:  |L|err: 1.393444  |L|err_cum: 20.31191  L: 80.41723   -53.87206    -31.3568  |L|: 101.7466
C.M.: mass: 1900 pos: -0.08791746   0.06757359    0.01641704 vel: -0.1194293   -0.02196939    0.02435209
Tree step number: 2048
**** Wallclock time per step (local): [Min/Max]
 Total       PP_single   PP_cluster  PP_cross    Tree_NB     Tree_Force  Force_corr  Kick        FindCluster CreateGroup MPI_comm    Output      Status      Other      
   0.0023041  2.0473e-05  7.7747e-05           0  0.00036697   0.0017447  4.0682e-05   2.146e-05   3.942e-05  3.0145e-05  3.8103e-06  3.3496e-06  3.7427e-09  7.2198e-06
   0.0023041   2.051e-05   7.779e-05           0    0.000361   0.0016965   4.074e-05  2.1516e-05  3.9473e-05  3.0165e-05  3.8431e-06  3.3497e-06  3.7622e-09   7.343e-06
**** FDPS tree soft force time profile (local):
 Sample_ptcl Domain_deco Ex_ptcl     SetRootCell Make_LT     Make_LET    Make_GT     Make_Group  Make_I_list Calc_force  Write_back 
           0           0           0  2.5923e-05  0.00039112  3.8204e-05  0.00022584  3.1918e-06   7.942e-05  0.00083245  9.8049e-05
**** Tree neighbor time profile (local):
 Sample_ptcl Domain_deco Ex_ptcl     SetRootCell Make_LT     Make_LET    Make_GT     Make_Group  Make_I_list Calc_force  Write_back 
           0           0           0  9.4345e-06   0.0001459  1.8378e-05  9.7946e-05  6.5009e-07  1.5253e-05  5.1896e-05  1.2366e-05
**** Number per step (global):
 PP_single   PP_cluster  PP_cross    Cluster     Cross       AR_step_sum
      980.97      19.029           0      8.5723           0      15.737
 AR_tsyn_sum Stab_Ngroup Iso_Ngroup  Form_Ngroup End_Ngroup  Modf_Ngroup Merg_Ngroup H4_step_sum H4_no_NB    Ep-Ep_sum   Ep-Sp_sum  
     0.73193           1           0     0.10303    0.019531           0           0      92.846     0.13086   8.749e+05       18491
**** Number of members in clusters (global):
N_members:            1           2           3           4           5           6
Count    :       980.97      7.0981      1.1763     0.20605    0.071289    0.020508

Time: 25  N_real(loc): 1000  N_real(glb): 1000  N_all(loc): 1012  N_all(glb): 1012  N_remove(glb): 0  N_escape(glb): 0
Energy:     Error/Total         Error     Error_cum         Total       Kinetic     Potential        Modify  Modify_group Modify_single      Error_PP  Error_PP_cum
Physic:   -0.0007682305      1.925869      484.0345     -2506.889      2914.828     -5421.717      146.7624             0             0 -1.364447e-06     0.2016932
Slowdown: -0.0008194564      1.925866       483.628     -2350.175       2845.65     -5195.825      1400.878             0             0 -1.253002e-06    0.04527464
Angular Momentum:  |L|err: 1.198537  |L|err_cum: 21.51044  L: 79.85049   -53.31516    -32.37277  |L|: 101.3243
C.M.: mass: 1900 pos: -0.1462819   0.06483205    0.01205053 vel: -0.09095272   0.01182303    0.02685899
Tree step number: 2048
**** Wallclock time per step (local): [Min/Max]
 Total       PP_single   PP_cluster  PP_cross    Tree_NB     Tree_Force  Force_corr  Kick        FindCluster CreateGroup MPI_comm    Output      Status      Other      
    0.001857  1.6042e-05  7.3837e-05           0   0.0003205   0.0013576  2.4587e-05    8.47e-06  4.2337e-05  2.4592e-05   4.822e-06  3.1625e-06  2.9209e-09  8.8426e-06
    0.001857  1.6078e-05   7.388e-05           0  0.00031714   0.0013304  2.4641e-05   8.503e-06  4.2379e-05  2.4613e-05   4.854e-06  3.1631e-06  2.9355e-09  9.1897e-06
**** FDPS tree soft force time profile (local):
 Sample_ptcl Domain_deco Ex_ptcl     SetRootCell Make_LT     Make_LET    Make_GT     Make_Group  Make_I_list Calc_force  Write_back 
           0           0           0  8.2648e-06  0.00022175  3.7838e-05  0.00017837  3.1189e-06  7.2048e-05  0.00072558  5.6293e-05
**** Tree neighbor time profile (local):
 Sample_ptcl Domain_deco Ex_ptcl     SetRootCell Make_LT     Make_LET    Make_GT     Make_Group  Make_I_list Calc_force  Write_back 
           0           0           0  1.5287e-05  0.00011428  1.6484e-05  8.6266e-05  5.9288e-07   1.614e-05  5.3497e-05  7.1532e-06
**** Number per step (global):
 PP_single   PP_cluster  PP_cross    Cluster     Cross       AR_step_sum
      980.22      19.781           0      9.2104           0      15.018
 AR_tsyn_sum Stab_Ngroup Iso_Ngroup  Form_Ngroup End_Ngroup  Modf_Ngroup Merg_Ngroup H4_step_sum H4_no_NB    Ep-Ep_sum   Ep-Sp_sum  
     0.47168           1           0    0.051758    0.011719           0           0      90.788    0.057617   8.922e+05       13961
**** Number of members in clusters (global):
N_members:            1           2           3           4           5
Count    :       980.22      8.0737     0.95703     0.13574    0.043945

Time: 25.5  N_real(loc): 1000  N_real(glb): 1000  N_all(loc): 1012  N_all(glb): 1012  N_remove(glb): 0  N_escape(glb): 0
Energy:     Error/Total         Error     Error_cum         Total       Kinetic     Potential        Modify  Modify_group Modify_single      Error_PP  Error_PP_cum
Physic:   -0.0005882941      1.473747      485.5082      -2505.12       3281.32      -5786.44      147.0574             0             0 -2.549352e-06     0.2016907
Slowdown: -0.0006275515      1.473746      485.1018     -2348.406      3212.111     -5560.517      1557.887             0             0 -2.542472e-06     0.0452721
Angular Momentum:  |L|err: 1.047389  |L|err_cum: 22.55783  L: 79.35508   -52.82936    -33.2521  |L|: 100.9647
C.M.: mass: 1900 pos: -0.1955855   0.06201318    0.02333066 vel: -0.08138909   -0.03522643    0.02864906
Tree step number: 2048
**** Wallclock time per step (local): [Min/Max]
 Total       PP_single   PP_cluster  PP_cross    Tree_NB     Tree_Force  Force_corr  Kick        FindCluster CreateGroup MPI_comm    Output      Status      Other      
   0.0019784  2.2639e-05  8.2841e-05           0  0.00029929   0.0014931  2.4588e-05  1.7684e-05  3.3784e-05  2.8632e-05  1.4897e-06  3.0412e-06  2.9941e-09  4.0554e-06
   0.0019784  2.2675e-05  8.2884e-05           0  0.00029603   0.0014608  2.4671e-05  1.7718e-05  3.3836e-05  2.8654e-05  1.5222e-06  3.0414e-06  3.0088e-09  4.1894e-06
**** FDPS tree soft force time profile (local):
 Sample_ptcl Domain_deco Ex_ptcl     SetRootCell Make_LT     Make_LET    Make_GT     Make_Group  Make_I_list Calc_force  Write_back 
           0           0           0  1.8578e-05  0.00024162  3.0151e-05  0.00019716  3.4286e-06  6.3749e-05  0.00081508  6.7256e-05
**** Tree neighbor time profile (local):
 Sample_ptcl Domain_deco Ex_ptcl     SetRootCell Make_LT     Make_LET    Make_GT     Make_Group  Make_I_list Calc_force  Write_back 
           0           0           0  6.7924e-06  9.4374e-05  1.9849e-05  8.4048e-05  5.1861e-07  1.3395e-05  5.8065e-05   7.163e-06
**** Number per step (global):
 PP_single   PP_cluster  PP_cross    Cluster     Cross       AR_step_sum
      977.59      22.409           0        10.2           0      14.267
 AR_tsyn_sum Stab_Ngroup Iso_Ngroup  Form_Ngroup End_Ngroup  Modf_Ngroup Merg_Ngroup H4_step_sum H4_no_NB    Ep-Ep_sum   Ep-Sp_sum  
     0.17578           1           0    0.023926   0.0053711           0           0      109.58    0.025391  8.9498e+05       12086
**** Number of members in clusters (global):
N_members:            1           2           3           4           5           6           7
Count    :       977.59       8.958     0.76514     0.26172     0.14941    0.054688    0.010742

Time: 26  N_real(loc): 1000  N_real(glb): 1000  N_all(loc): 1012  N_all(glb): 1012  N_remove(glb): 0  N_escape(glb): 0
Energy:     Error/Total         Error     Error_cum         Total       Kinetic     Potential        Modify  Modify_group Modify_single      Error_PP  Error_PP_cum
Physic:   -0.0004648539      1.163866      486.6721     -2503.724      3255.126      -5758.85      147.2894             0             0 -4.539105e-06     0.2016861
Slowdown: -0.0004958926      1.163865      486.2656      -2347.01      3185.885     -5532.896      1714.833             0             0 -4.535972e-06    0.04526756
Angular Momentum:  |L|err: 0.9296702  |L|err_cum: 23.4875  L: 78.91776   -52.39842    -34.02733  |L|: 100.6552
C.M.: mass: 1900 pos: -0.1996893   0.03684637    0.0351844 vel: -0.02274165   -0.06231726    0.08730319
Tree step number: 2048
**** Wallclock time per step (local): [Min/Max]
 Total       PP_single   PP_cluster  PP_cross    Tree_NB     Tree_Force  Force_corr  Kick        FindCluster CreateGroup MPI_comm    Output      Status      Other      
   0.0020121  2.0622e-05  8.4936e-05           0  0.00028325    0.001531  3.3793e-05  1.5496e-05  4.0561e-05   2.493e-05    2.65e-06  3.1406e-06   3.855e-09  3.9815e-06
   0.0020121  2.0686e-05   8.498e-05           0  0.00028084   0.0014989  3.3849e-05   1.553e-05  4.0607e-05  2.4951e-05  2.6823e-06  3.1407e-06  3.8745e-09  4.1049e-06
**** FDPS tree soft force time profile (local):
 Sample_ptcl Domain_deco Ex_ptcl     SetRootCell Make_LT     Make_LET    Make_GT     Make_Group  Make_I_list Calc_force  Write_back 
           0           0           0  2.2063e-05  0.00024199  3.2419e-05  0.00019996  3.1076e-06  7.9621e-05  0.00083787  6.5906e-05
**** Tree neighbor time profile (local):
 Sample_ptcl Domain_deco Ex_ptcl     SetRootCell Make_LT     Make_LET    Make_GT     Make_Group  Make_I_list Calc_force  Write_back 
           0           0           0  5.9362e-06  0.00010236  1.8778e-05  7.7248e-05  6.1863e-07  1.7722e-05  4.2913e-05  5.3998e-06
**** Number per step (global):
 PP_single   PP_cluster  PP_cross    Cluster     Cross       AR_step_sum
      975.89      24.115           0      11.028           0      14.526
 AR_tsyn_sum Stab_Ngroup Iso_Ngroup  Form_Ngroup End_Ngroup  Modf_Ngroup Merg_Ngroup H4_step_sum H4_no_NB    Ep-Ep_sum   Ep-Sp_sum  
      0.2959           1           0    0.051758    0.010742           0           0      119.67    0.070801   8.721e+05       16925
**** Number of members in clusters (global):
N_members:            1           2           3           4           5           6           7           8           9
Count    :       975.89      9.6665     0.98877     0.19238     0.10156    0.040039    0.020508    0.012695   0.0058594

Time: 26.5  N_real(loc): 1000  N_real(glb): 1000  N_all(loc): 1012  N_all(glb): 1012  N_remove(glb): 0  N_escape(glb): 0
Energy:     Error/Total         Error     Error_cum         Total       Kinetic     Potential        Modify  Modify_group Modify_single      Error_PP  Error_PP_cum
Physic:   -0.0003793586     0.9493776      487.6215     -2502.586      3211.705     -5714.292      147.4778             0             0 -6.295136e-06     0.2016799
Slowdown:  -0.000404701     0.9493769       487.215     -2345.872      3142.433     -5488.305      1871.735             0             0 -6.294477e-06    0.04526127
Angular Momentum:  |L|err: 0.8353849  |L|err_cum: 24.32289  L: 78.52366   -52.01121    -34.71942  |L|: 100.3821
C.M.: mass: 1900 pos: -0.2028467   -0.01236038    0.07703452 vel: -0.01811781   -0.107996    0.07348425
Tree step number: 2048
**** Wallclock time per step (local): [Min/Max]
 Total       PP_single   PP_cluster  PP_cross    Tree_NB     Tree_Force  Force_corr  Kick        FindCluster CreateGroup MPI_comm    Output      Status      Other      
   0.0020767  1.9154e-05  8.8006e-05           0   0.0003047   0.0015976  3.0813e-05  1.1558e-05  3.1231e-05  2.3033e-05  1.6232e-06  3.0522e-06  7.5581e-09  3.9919e-06
   0.0020768   1.919e-05   8.805e-05           0  0.00030144   0.0015603  3.0878e-05  1.1591e-05  3.1285e-05  2.3053e-05  1.6552e-06  3.0524e-06  7.6411e-09  4.1075e-06
**** FDPS tree soft force time profile (local):
 Sample_ptcl Domain_deco Ex_ptcl     SetRootCell Make_LT     Make_LET    Make_GT     Make_Group  Make_I_list Calc_force  Write_back 
           0           0           0  1.7083e-05   0.0002381  3.5524e-05  0.00018772  3.8375e-06  7.1854e-05  0.00091306  7.6606e-05
**** Tree neighbor time profile (local):
 Sample_ptcl Domain_deco Ex_ptcl     SetRootCell Make_LT     Make_LET    Make_GT     Make_Group  Make_I_list Calc_force  Write_back 
           0           0           0  5.7085e-06  0.00012485  2.3368e-05   7.761e-05   7.208e-07  1.4654e-05  3.6367e-05  7.0353e-06
**** Number per step (global):
 PP_single   PP_cluster  PP_cross    Cluster     Cross       AR_step_sum
      976.21      23.794           0      10.303           0      14.321
 AR_tsyn_sum Stab_Ngroup Iso_Ngroup  Form_Ngroup End_Ngroup  Modf_Ngroup Merg_Ngroup H4_step_sum H4_no_NB    Ep-Ep_sum   Ep-Sp_sum  
     0.21484           1           0    0.038086   0.0092773           0           0      116.59    0.056152  8.6982e+05       18055
**** Number of members in clusters (global):
N_members:            1           2           3           4           5           6           7           8           9
Count    :       976.21      8.3867      1.1758     0.48438    0.086914     0.10742    0.030273    0.016602    0.014648

Time: 27  N_real(loc): 1000  N_real(glb): 1000  N_all(loc): 1012  N_all(glb): 1012  N_remove(glb): 0  N_escape(glb): 0
Energy:     Error/Total         Error     Error_cum         Total       Kinetic     Potential        Modify  Modify_group Modify_single      Error_PP  Error_PP_cum
Physic:   -0.0003104126      0.776545       488.398     -2501.654      2889.501     -5391.156      147.6331             0             0 -1.987955e-06     0.2016779
Slowdown: -0.0003311575     0.7765446      487.9916      -2344.94      2820.198     -5165.138      2028.605             0             0 -1.977813e-06    0.04525929
Angular Momentum:  |L|err: 0.7593596  |L|err_cum: 25.08225  L: 78.16556   -51.66022    -35.34562  |L|: 100.1396
C.M.: mass: 1900 pos: -0.2164224   -0.03527653    0.07062839 vel: -0.07316332   -0.01262839    -0.06629227
Tree step number: 2048
**** Wallclock time per step (local): [Min/Max]
 Total       PP_single   PP_cluster  PP_cross    Tree_NB     Tree_Force  Force_corr  Kick        FindCluster CreateGroup MPI_comm    Output      Status      Other      
   0.0020466   1.881e-05  8.3278e-05           0  0.00030062   0.0015549  3.2997e-05  1.7867e-05  3.7408e-05  2.4043e-05  1.7366e-06  3.9266e-06  4.0898e-09  4.5563e-06
   0.0020467  1.8845e-05  8.3319e-05           0  0.00029775   0.0015222  3.3051e-05  1.7901e-05  3.7451e-05  2.4062e-05  1.7689e-06  3.9268e-06  4.1094e-09  4.6678e-06
**** FDPS tree soft force time profile (local):
 Sample_ptcl Domain_deco Ex_ptcl     SetRootCell Make_LT     Make_LET    Make_GT     Make_Group  Make_I_list Calc_force  Write_back 
           0           0           0  3.5127e-05  0.00028313  4.3047e-05  0.00017604  2.8754e-06  6.9462e-05  0.00084371  6.7114e-05
**** Tree neighbor time profile (local):
 Sample_ptcl Domain_deco Ex_ptcl     SetRootCell Make_LT     Make_LET    Make_GT     Make_Group  Make_I_list Calc_force  Write_back 
           0           0           0  5.9307e-06  0.00012017  1.8715e-05  8.1468e-05  7.5405e-07   1.549e-05  3.3775e-05  6.1577e-06
**** Number per step (global):
 PP_single   PP_cluster  PP_cross    Cluster     Cross       AR_step_sum
      978.64      21.361           0       9.564           0      14.176
 AR_tsyn_sum Stab_Ngroup Iso_Ngroup  Form_Ngroup End_Ngroup  Modf_Ngroup Merg_Ngroup H4_step_sum H4_no_NB    Ep-Ep_sum   Ep-Sp_sum  
     0.16357           1           0    0.020996   0.0063477           0           0      107.54    0.017578  8.7208e+05       17754
**** Number of members in clusters (global):
N_members:            1           2           3           4           5           6           7
Count    :       978.64      7.8408      1.3442     0.30371     0.02832    0.038086   0.0087891

Time: 27.5  N_real(loc): 1000  N_real(glb): 1000  N_all(loc): 1012  N_all(glb): 1012  N_remove(glb): 0  N_escape(glb): 0
Energy:     Error/Total         Error     Error_cum         Total       Kinetic     Potential        Modify  Modify_group Modify_single      Error_PP  Error_PP_cum
Physic:    -0.000261983     0.6551853      489.0532     -2500.869      3377.784     -5878.653      147.7633             0             0 -2.424799e-06     0.2016754
Slowdown: -0.0002794973      0.655185      488.6468     -2344.155      3308.448     -5652.604      2185.449             0             0 -2.434973e-06    0.04525686
Angular Momentum:  |L|err: 0.694466  |L|err_cum: 25.77671  L: 77.83829   -51.33933    -35.91596  |L|: 99.92239
C.M.: mass: 1900 pos: -0.2401422   -0.06434873    0.04885736 vel: -0.03228022   -0.09894025    -0.05913029
Tree step number: 2048
**** Wallclock time per step (local): [Min/Max]
 Total       PP_single   PP_cluster  PP_cross    Tree_NB     Tree_Force  Force_corr  Kick        FindCluster CreateGroup MPI_comm    Output      Status      Other      
   0.0018177  1.8008e-05  7.6959e-05           0   0.0002713   0.0013694  2.3872e-05  1.1861e-05  3.9937e-05  2.3061e-05  1.3084e-06  5.4117e-06  4.6133e-09   4.251e-06
   0.0018177  1.8044e-05     7.7e-05           0  0.00026626   0.0013445  2.3925e-05  1.1895e-05  3.9979e-05   2.308e-05  1.3403e-06  5.4119e-06  4.6279e-09  4.3625e-06
**** FDPS tree soft force time profile (local):
 Sample_ptcl Domain_deco Ex_ptcl     SetRootCell Make_LT     Make_LET    Make_GT     Make_Group  Make_I_list Calc_force  Write_back 
           0           0           0  1.4659e-05  0.00022982  3.0502e-05  0.00017084  2.7282e-06  7.6447e-05   0.0007446  5.1467e-05
**** Tree neighbor time profile (local):
 Sample_ptcl Domain_deco Ex_ptcl     SetRootCell Make_LT     Make_LET    Make_GT     Make_Group  Make_I_list Calc_force  Write_back 
           0           0           0  4.1262e-06  0.00010139  1.8475e-05  7.5152e-05  6.0283e-07  1.5766e-05  3.2798e-05  1.0488e-05
**** Number per step (global):
 PP_single   PP_cluster  PP_cross    Cluster     Cross       AR_step_sum
       976.8      23.196           0      10.111           0      13.925
 AR_tsyn_sum Stab_Ngroup Iso_Ngroup  Form_Ngroup End_Ngroup  Modf_Ngroup Merg_Ngroup H4_step_sum H4_no_NB    Ep-Ep_sum   Ep-Sp_sum  
      0.0625           1           0   0.0073242   0.0029297           0           0      109.71   0.0039062  8.7468e+05       17086
**** Number of members in clusters (global):
N_members:            1           2           3           4           5           6           7
Count    :        976.8      7.8877      1.6426     0.43896     0.11914    0.015625   0.0068359

Time: 28  N_real(loc): 1000  N_real(glb): 1000  N_all(loc): 1012  N_all(glb): 1012  N_remove(glb): 0  N_escape(glb): 0
Energy:     Error/Total         Error     Error_cum         Total       Kinetic     Potential        Modify  Modify_group Modify_single      Error_PP  Error_PP_cum
Physic:   -0.0002198452     0.5496588      489.6029     -2500.209      3616.756     -6116.965       147.874             0             0 -6.807899e-06     0.2016686
Slowdown: -0.0002345466     0.5496586      489.1964     -2343.495      3547.389     -5890.884      2342.274             0             0 -6.820091e-06    0.04525004
Angular Momentum:  |L|err: 0.6413775  |L|err_cum: 26.41809  L: 77.53663   -51.04445    -36.44134  |L|: 99.72681
C.M.: mass: 1900 pos: -0.2534484   -0.09384147    0.03865232 vel: -0.01253477   -0.127304    -0.02621212
Tree step number: 2048
**** Wallclock time per step (local): [Min/Max]
 Total       PP_single   PP_cluster  PP_cross    Tree_NB     Tree_Force  Force_corr  Kick        FindCluster CreateGroup MPI_comm    Output      Status      Other      
   0.0016063  1.6015e-05  7.9311e-05           0  0.00025553   0.0011844  2.0102e-05  9.1168e-06  3.1777e-05  2.2765e-05  1.4176e-06  4.3964e-06  3.7134e-09  3.5254e-06
   0.0016063  1.6063e-05  7.9355e-05           0  0.00025251   0.0011634  2.0157e-05  9.1502e-06  3.1819e-05  2.2785e-05  1.4501e-06  4.3966e-06  3.7329e-09  3.6211e-06
**** FDPS tree soft force time profile (local):
 Sample_ptcl Domain_deco Ex_ptcl     SetRootCell Make_LT     Make_LET    Make_GT     Make_Group  Make_I_list Calc_force  Write_back 
           0           0           0  1.3393e-05  0.00020412  2.6261e-05   0.0001679  2.6956e-06  6.1648e-05  0.00061646  4.4988e-05
**** Tree neighbor time profile (local):
 Sample_ptcl Domain_deco Ex_ptcl     SetRootCell Make_LT     Make_LET    Make_GT     Make_Group  Make_I_list Calc_force  Write_back 
           0           0           0  7.2901e-06  9.0116e-05   1.467e-05  7.2424e-05  5.8743e-07  1.3373e-05   3.798e-05  6.4459e-06
**** Number per step (global):
 PP_single   PP_cluster  PP_cross    Cluster     Cross       AR_step_sum
       976.3      23.705           0      10.933           0      14.147
 AR_tsyn_sum Stab_Ngroup Iso_Ngroup  Form_Ngroup End_Ngroup  Modf_Ngroup Merg_Ngroup H4_step_sum H4_no_NB    Ep-Ep_sum   Ep-Sp_sum  
       0.146           1           0    0.012207    0.003418           0           0      122.05   0.0097656  8.8512e+05       15408
**** Number of members in clusters (global):
N_members:            1           2           3           4           5           6           7
Count    :        976.3      9.4556       1.187     0.25732    0.011719   0.0058594    0.015625

Time: 28.5  N_real(loc): 1000  N_real(glb): 1000  N_all(loc): 1012  N_all(glb): 1012  N_remove(glb): 0  N_escape(glb): 0
Energy:     Error/Total         Error     Error_cum         Total       Kinetic     Potential        Modify  Modify_group Modify_single      Error_PP  Error_PP_cum
Physic:   -0.0001914459     0.4785448      490.0814     -2499.635      3166.283     -5665.918      147.9695             0             0 -5.713421e-06     0.2016629
Slowdown: -0.0002042513     0.4785446       489.675     -2342.921      3096.885     -5439.806      2499.083             0             0 -5.694716e-06    0.04524434
Angular Momentum:  |L|err: 0.5944584  |L|err_cum: 27.01255  L: 77.25699   -50.7702    -36.92651  |L|: 99.54809
C.M.: mass: 1900 pos: -0.2702259   -0.1198899    0.03927709 vel: 0.0124045   -0.07044903    0.008207841
Tree step number: 2048
**** Wallclock time per step (local): [Min/Max]
 Total       PP_single   PP_cluster  PP_cross    Tree_NB     Tree_Force  Force_corr  Kick        FindCluster CreateGroup MPI_comm    Output      Status      Other      
   0.0020086  2.9908e-05  8.6288e-05           0  0.00033061   0.0014729  3.4558e-05  2.4591e-05  4.5864e-05  2.4263e-05  4.6598e-06  3.1054e-06  3.7329e-09  4.7171e-06
   0.0020087  2.9945e-05  8.6331e-05           0  0.00032208   0.0014265  3.4614e-05  2.4627e-05  4.5906e-05  2.4283e-05  4.6924e-06  3.1056e-06  3.7476e-09  4.8672e-06
**** FDPS tree soft force time profile (local):
 Sample_ptcl Domain_deco Ex_ptcl     SetRootCell Make_LT     Make_LET    Make_GT     Make_Group  Make_I_list Calc_force  Write_back 
           0           0           0   1.701e-05  0.00027513  3.3847e-05  0.00019153  2.5576e-06  5.8468e-05  0.00075462  9.4486e-05
**** Tree neighbor time profile (local):
 Sample_ptcl Domain_deco Ex_ptcl     SetRootCell Make_LT     Make_LET    Make_GT     Make_Group  Make_I_list Calc_force  Write_back 
           0           0           0  1.2202e-05  0.00011671  1.8241e-05  8.3257e-05  4.3758e-07  1.3926e-05  6.0223e-05  1.7463e-05
**** Number per step (global):
 PP_single   PP_cluster  PP_cross    Cluster     Cross       AR_step_sum
      976.15      23.846           0       9.521           0       14.58
 AR_tsyn_sum Stab_Ngroup Iso_Ngroup  Form_Ngroup End_Ngroup  Modf_Ngroup Merg_Ngroup H4_step_sum H4_no_NB    Ep-Ep_sum   Ep-Sp_sum  
     0.28955           1           0    0.025879   0.0078125           0           0      128.31    0.036621  9.1888e+05       10374
**** Number of members in clusters (global):
N_members:            1           2           3           4           5           6           7           8           9          10          11
Count    :       976.15      7.0547      1.4248     0.43799     0.21289     0.21582    0.094727    0.050781    0.018555   0.0039062   0.0068359

Time: 29  N_real(loc): 1000  N_real(glb): 1000  N_all(loc): 1012  N_all(glb): 1012  N_remove(glb): 0  N_escape(glb): 0
Energy:     Error/Total         Error     Error_cum         Total       Kinetic     Potential        Modify  Modify_group Modify_single      Error_PP  Error_PP_cum
Physic:   -0.0001674397     0.4184542      490.4999     -2499.133      3477.352     -5976.486      148.0527             0             0 -6.387337e-06     0.2016565
Slowdown: -0.0001786418      0.418454      490.0934     -2342.419      3407.923     -5750.342       2655.88             0             0  -6.43085e-06    0.04523791
Angular Momentum:  |L|err: 0.5543323  |L|err_cum: 27.56688  L: 76.99623   -50.51472    -37.37775  |L|: 99.38437
C.M.: mass: 1900 pos: -0.2647869   -0.1365337    0.02769071 vel: 0.008602479   -0.0263207    -0.04117196
Tree step number: 2048
**** Wallclock time per step (local): [Min/Max]
 Total       PP_single   PP_cluster  PP_cross    Tree_NB     Tree_Force  Force_corr  Kick        FindCluster CreateGroup MPI_comm    Output      Status      Other      
   0.0018393  2.4174e-05  8.3622e-05           0  0.00030701   0.0013495  2.5642e-05  1.8133e-05   3.318e-05  2.3941e-05  1.2222e-06  3.5105e-06  3.6348e-09  3.7393e-06
   0.0018393   2.421e-05  8.3673e-05           0  0.00030226   0.0013178  2.5722e-05  1.8167e-05   3.323e-05  2.3961e-05  1.2542e-06  3.5107e-06  3.6987e-09  3.8333e-06
**** FDPS tree soft force time profile (local):
 Sample_ptcl Domain_deco Ex_ptcl     SetRootCell Make_LT     Make_LET    Make_GT     Make_Group  Make_I_list Calc_force  Write_back 
           0           0           0  1.3731e-05  0.00023586  3.0632e-05  0.00019411  2.4797e-06  5.3953e-05   0.0006959  6.4917e-05
**** Tree neighbor time profile (local):
 Sample_ptcl Domain_deco Ex_ptcl     SetRootCell Make_LT     Make_LET    Make_GT     Make_Group  Make_I_list Calc_force  Write_back 
           0           0           0  5.2082e-06  0.00010588  1.8186e-05  7.5754e-05  2.3944e-06  2.2448e-05  5.1938e-05  9.8961e-06
**** Number per step (global):
 PP_single   PP_cluster  PP_cross    Cluster     Cross       AR_step_sum
      976.98       23.02           0      9.9443           0      14.559
 AR_tsyn_sum Stab_Ngroup Iso_Ngroup  Form_Ngroup End_Ngroup  Modf_Ngroup Merg_Ngroup H4_step_sum H4_no_NB    Ep-Ep_sum   Ep-Sp_sum  
     0.28369           1           0    0.033691   0.0078125           0           0       113.4    0.037598  9.3704e+05      8153.6
**** Number of members in clusters (global):
N_members:            1           2           3           4           5           6           7           8           9          10
Count    :       976.98      8.0332      1.3047     0.34326    0.083984    0.085938    0.053711    0.019531   0.0014648    0.018555

Time: 29.5  N_real(loc): 1000  N_real(glb): 1000  N_all(loc): 1012  N_all(glb): 1012  N_remove(glb): 0  N_escape(glb): 0
Energy:     Error/Total         Error     Error_cum         Total       Kinetic     Potential        Modify  Modify_group Modify_single      Error_PP  Error_PP_cum
Physic:   -0.0001474565     0.3684484      490.8683     -2498.692      3315.282     -5813.974      148.1255             0             0 -3.942764e-06     0.2016526
Slowdown: -0.0001573236     0.3684483      490.4619     -2341.978      3245.821     -5587.799      2812.667             0             0 -3.906805e-06    0.04523401
Angular Momentum:  |L|err: 0.519062  |L|err_cum: 28.08594  L: 76.75263   -50.27546    -37.79942  |L|: 99.23399
C.M.: mass: 1900 pos: -0.2927708   -0.1450855    0.008180852 vel: -0.09916472   -0.04543325    -0.05094647
Tree step number: 2048
**** Wallclock time per step (local): [Min/Max]
 Total       PP_single   PP_cluster  PP_cross    Tree_NB     Tree_Force  Force_corr  Kick        FindCluster CreateGroup MPI_comm    Output      Status      Other      
   0.0015191  1.6457e-05  8.0994e-05           0  0.00025179   0.0010959  1.8795e-05  1.4268e-05  3.1879e-05  2.1772e-05  9.5686e-07  3.2145e-06  3.8989e-09  3.1015e-06
   0.0015191  1.6494e-05  8.1038e-05           0  0.00024883   0.0010768  1.8863e-05  1.4301e-05  3.1955e-05  2.1792e-05  9.8876e-07  3.2147e-06  3.9189e-09  3.1957e-06
**** FDPS tree soft force time profile (local):
 Sample_ptcl Domain_deco Ex_ptcl     SetRootCell Make_LT     Make_LET    Make_GT     Make_Group  Make_I_list Calc_force  Write_back 
           0           0           0   7.969e-06  0.00019976  2.7941e-05  0.00016706  2.8513e-06  5.3014e-05  0.00054481  3.9792e-05
**** Tree neighbor time profile (local):
 Sample_ptcl Domain_deco Ex_ptcl     SetRootCell Make_LT     Make_LET    Make_GT     Make_Group  Make_I_list Calc_force  Write_back 
           0           0           0  3.3984e-06  9.5868e-05  1.3816e-05  6.6423e-05  4.1055e-07  1.3261e-05  3.9285e-05  6.2949e-06
**** Number per step (global):
 PP_single   PP_cluster  PP_cross    Cluster     Cross       AR_step_sum
      976.32      23.675           0      9.7881           0      14.862
 AR_tsyn_sum Stab_Ngroup Iso_Ngroup  Form_Ngroup End_Ngroup  Modf_Ngroup Merg_Ngroup H4_step_sum H4_no_NB    Ep-Ep_sum   Ep-Sp_sum  
     0.37842           1           0    0.022461   0.0068359           0           0      122.93    0.037598  9.4341e+05      6463.8
**** Number of members in clusters (global):
N_members:            1           2           3           4           5           6           7           8           9
Count    :       976.32      7.5239      1.3105     0.48828     0.26953    0.051758    0.085938    0.040039    0.018066

Time: 30  N_real(loc): 1000  N_real(glb): 1000  N_all(loc): 1012  N_all(glb): 1012  N_remove(glb): 0  N_escape(glb): 0
Energy:     Error/Total         Error     Error_cum         Total       Kinetic     Potential        Modify  Modify_group Modify_single      Error_PP  Error_PP_cum
Physic:   -0.0001380154     0.3448014      491.2131     -2498.282      3518.379     -6016.662        148.19             0             0 -9.104764e-06     0.2016435
Slowdown: -0.0001471963     0.3446703      490.8065     -2341.569      3448.886     -5790.455      2969.446             0             0 -9.136348e-06    0.04522487
Angular Momentum:  |L|err: 0.489842  |L|err_cum: 28.57578  L: 76.52479   -50.05002    -38.1972  |L|: 99.09629
C.M.: mass: 1900 pos: -0.3389243   -0.1643198    0.01161288 vel: 0.01997349   -0.01189488    0.02325893
Tree step number: 2048
**** Wallclock time per step (local): [Min/Max]
 Total       PP_single   PP_cluster  PP_cross    Tree_NB     Tree_Force  Force_corr  Kick        FindCluster CreateGroup MPI_comm    Output      Status      Other      
   0.0017964  2.0401e-05  9.4019e-05           0  0.00026552   0.0013224  3.0806e-05  1.5976e-05  4.2031e-05  2.7918e-05  1.9593e-06  5.7343e-06  3.0576e-09   3.907e-06
   0.0017964   2.045e-05  9.4064e-05           0  0.00026264   0.0012887  3.0861e-05  1.6024e-05  4.2073e-05  2.7938e-05   1.991e-06  5.7345e-06  3.0723e-09  4.0187e-06
**** FDPS tree soft force time profile (local):
 Sample_ptcl Domain_deco Ex_ptcl     SetRootCell Make_LT     Make_LET    Make_GT     Make_Group  Make_I_list Calc_force  Write_back 
           0           0           0  1.5857e-05  0.00023581  3.5484e-05  0.00019435  3.5167e-06  5.3432e-05  0.00066138  6.8938e-05
**** Tree neighbor time profile (local):
 Sample_ptcl Domain_deco Ex_ptcl     SetRootCell Make_LT     Make_LET    Make_GT     Make_Group  Make_I_list Calc_force  Write_back 
           0           0           0  4.9192e-06  9.3819e-05  1.4662e-05  7.1312e-05  4.1702e-07  1.4214e-05  4.7327e-05  6.1412e-06
**** Number per step (global):
 PP_single   PP_cluster  PP_cross    Cluster     Cross       AR_step_sum
      976.37       23.63           0      9.2119           0      15.604
 AR_tsyn_sum Stab_Ngroup Iso_Ngroup  Form_Ngroup End_Ngroup  Modf_Ngroup Merg_Ngroup H4_step_sum H4_no_NB    Ep-Ep_sum   Ep-Sp_sum  
     0.64893           1           0    0.043457    0.010254           0           0       132.6    0.076172  9.3686e+05      8931.6
**** Number of members in clusters (global):
N_members:            1           2           3           4           5           6           7           8           9          10          11          12
Count    :       976.37      7.1274     0.92432     0.51172     0.22168     0.16895    0.057617    0.051758    0.061523    0.017578    0.016602   0.0087891
N_members:           13          16          17
Count    :     0.036133   0.0039062   0.0039062

Time: 30.5  N_real(loc): 1000  N_real(glb): 1000  N_all(loc): 1012  N_all(glb): 1012  N_remove(glb): 0  N_escape(glb): 0
Energy:     Error/Total         Error     Error_cum         Total       Kinetic     Potential        Modify  Modify_group Modify_single      Error_PP  Error_PP_cum
Physic:   -0.0001157956     0.2892499      491.5024     -2497.936       3217.66     -5715.596      148.2476             0             0 -2.561671e-05     0.2016179
Slowdown: -0.0001235466     0.2892499      491.0958     -2341.222      3148.136     -5489.358      3126.217             0             0 -2.561875e-05    0.04519925
Angular Momentum:  |L|err: 0.460776  |L|err_cum: 29.03656  L: 76.30846   -49.8388    -38.57028  |L|: 98.96744
C.M.: mass: 1900 pos: -0.3584627   -0.1867198    0.02627813 vel: -0.01102484   -0.03751982    -0.009912557
Tree step number: 2048
**** Wallclock time per step (local): [Min/Max]
 Total       PP_single   PP_cluster  PP_cross    Tree_NB     Tree_Force  Force_corr  Kick        FindCluster CreateGroup MPI_comm    Output      Status      Other      
   0.0016077  1.5327e-05   9.284e-05           0  0.00026498    0.001159  2.2634e-05  1.0287e-05  3.9383e-05   2.531e-05  1.1172e-06  3.1681e-06  4.1338e-09  2.9573e-06
   0.0016078  1.5362e-05  9.2883e-05           0  0.00026195   0.0011307  2.2687e-05  1.0329e-05  3.9434e-05  2.5348e-05  1.1488e-06  3.1683e-06  4.1484e-09  3.0468e-06
**** FDPS tree soft force time profile (local):
 Sample_ptcl Domain_deco Ex_ptcl     SetRootCell Make_LT     Make_LET    Make_GT     Make_Group  Make_I_list Calc_force  Write_back 
           0           0           0  1.4353e-05  0.00021396  2.9325e-05  0.00017233  2.7035e-06  4.8382e-05  0.00057673  5.8015e-05
**** Tree neighbor time profile (local):
 Sample_ptcl Domain_deco Ex_ptcl     SetRootCell Make_LT     Make_LET    Make_GT     Make_Group  Make_I_list Calc_force  Write_back 
           0           0           0  7.3881e-06  8.7135e-05  1.8303e-05  7.4137e-05  4.2628e-07  1.3038e-05  4.9414e-05  6.4354e-06
**** Number per step (global):
 PP_single   PP_cluster  PP_cross    Cluster     Cross       AR_step_sum
      972.85      27.146           0      10.699           0      20.167
 AR_tsyn_sum Stab_Ngroup Iso_Ngroup  Form_Ngroup End_Ngroup  Modf_Ngroup Merg_Ngroup H4_step_sum H4_no_NB    Ep-Ep_sum   Ep-Sp_sum  
      2.2681           1           0     0.19238    0.035156           0           0      150.27     0.16748  9.2801e+05      9412.5
**** Number of members in clusters (global):
N_members:            1           2           3           4           5           6           7           8           9          10          11          12
Count    :       972.85      8.1675      1.0327     0.69873     0.31445     0.20605     0.16504    0.088867    0.019531  0.00097656  0.00097656   0.0039062

Time: 31  N_real(loc): 1000  N_real(glb): 1000  N_all(loc): 1012  N_all(glb): 1012  N_remove(glb): 0  N_escape(glb): 0
Energy:     Error/Total         Error     Error_cum         Total       Kinetic     Potential        Modify  Modify_group Modify_single      Error_PP  Error_PP_cum
Physic:   -0.0001056862      0.263964      491.7663      -2497.62        2999.9      -5497.52      148.2994             0             0  -5.89308e-06      0.201612
Slowdown: -0.0001127615      0.263964      491.3597     -2340.906      2930.344      -5271.25      3282.983             0             0 -5.883935e-06    0.04519337
Angular Momentum:  |L|err: 0.4362707  |L|err_cum: 29.47283  L: 76.10422   -49.63823    -38.92292  |L|: 98.84735
C.M.: mass: 1900 pos: -0.3608705   -0.2117337    0.01368509 vel: 0.003994609   -0.03105724    -0.02258148
Tree step number: 2048
**** Wallclock time per step (local): [Min/Max]
 Total       PP_single   PP_cluster  PP_cross    Tree_NB     Tree_Force  Force_corr  Kick        FindCluster CreateGroup MPI_comm    Output      Status      Other      
   0.0019152  2.0909e-05  0.00010642           0  0.00032566   0.0013601  3.5209e-05  1.9164e-05  5.6853e-05  3.1758e-05  1.8154e-06  4.5162e-06  1.4877e-08  4.9119e-06
   0.0019152  2.0946e-05  0.00010647           0  0.00032172   0.0013097  3.5266e-05  1.9215e-05    5.69e-05  3.1779e-05  1.8605e-06  4.5166e-06   1.496e-08  4.9981e-06
**** FDPS tree soft force time profile (local):
 Sample_ptcl Domain_deco Ex_ptcl     SetRootCell Make_LT     Make_LET    Make_GT     Make_Group  Make_I_list Calc_force  Write_back 
           0           0           0  1.6386e-05  0.00026685  3.1481e-05     0.00021  2.8147e-06  5.0904e-05   0.0006229   0.0001024
**** Tree neighbor time profile (local):
 Sample_ptcl Domain_deco Ex_ptcl     SetRootCell Make_LT     Make_LET    Make_GT     Make_Group  Make_I_list Calc_force  Write_back 
           0           0           0  8.9909e-06   0.0001019  1.6253e-05  9.5525e-05   4.219e-07  1.6447e-05  6.4679e-05  8.2941e-06
**** Number per step (global):
 PP_single   PP_cluster  PP_cross    Cluster     Cross       AR_step_sum
      972.69      27.305           0      10.157           0      16.633
 AR_tsyn_sum Stab_Ngroup Iso_Ngroup  Form_Ngroup End_Ngroup  Modf_Ngroup Merg_Ngroup H4_step_sum H4_no_NB    Ep-Ep_sum   Ep-Sp_sum  
     0.99023           1           0    0.072266    0.016113           0           0      150.53    0.061035  9.2298e+05       10061
**** Number of members in clusters (global):
N_members:            1           2           3           4           5           6           7           8           9          10          11          12
Count    :       972.69      7.5176      1.0327     0.63379     0.40527      0.2002     0.12891    0.029297    0.045898    0.049805    0.046875    0.026367
N_members:           13          14
Count    :      0.03125   0.0087891

Time: 31.5  N_real(loc): 1000  N_real(glb): 1000  N_all(loc): 1012  N_all(glb): 1012  N_remove(glb): 0  N_escape(glb): 0
Energy:     Error/Total         Error     Error_cum         Total       Kinetic     Potential        Modify  Modify_group Modify_single      Error_PP  Error_PP_cum
Physic:   -9.380902e-05     0.2342729      492.0006     -2497.339      3803.553     -6300.891      148.3461             0             0 -2.313134e-05     0.2015888
Slowdown: -0.0001000899     0.2342729       491.594     -2340.625      3733.965      -6074.59      3439.744             0             0 -2.314807e-05    0.04517022
Angular Momentum:  |L|err: 0.4142696  |L|err_cum: 29.8871  L: 75.91044   -49.44789    -39.25731  |L|: 98.73513
C.M.: mass: 1900 pos: -0.3960305   -0.2328179    0.04202668 vel: -0.06019957   0.004427422    0.05744898
Tree step number: 2048
**** Wallclock time per step (local): [Min/Max]
 Total       PP_single   PP_cluster  PP_cross    Tree_NB     Tree_Force  Force_corr  Kick        FindCluster CreateGroup MPI_comm    Output      Status      Other      
   0.0019008  1.9175e-05   9.561e-05           0  0.00032259   0.0013799  3.6216e-05  1.6207e-05  4.5251e-05  2.4782e-05  1.5187e-06  4.5569e-06  2.9453e-09  3.6943e-06
   0.0019008  1.9211e-05  9.5656e-05           0  0.00031757   0.0013341  3.6272e-05  1.6241e-05  4.5297e-05  2.4804e-05  1.5509e-06  4.5571e-06    2.96e-09  3.7822e-06
**** FDPS tree soft force time profile (local):
 Sample_ptcl Domain_deco Ex_ptcl     SetRootCell Make_LT     Make_LET    Make_GT     Make_Group  Make_I_list Calc_force  Write_back 
           0           0           0  1.6409e-05  0.00027233  2.9196e-05  0.00019055  2.9706e-06  5.4722e-05  0.00065794  9.3176e-05
**** Tree neighbor time profile (local):
 Sample_ptcl Domain_deco Ex_ptcl     SetRootCell Make_LT     Make_LET    Make_GT     Make_Group  Make_I_list Calc_force  Write_back 
           0           0           0  6.7999e-06  0.00011048  2.0623e-05  8.4754e-05  4.1273e-07    1.46e-05  6.1593e-05  1.0512e-05
**** Number per step (global):
 PP_single   PP_cluster  PP_cross    Cluster     Cross       AR_step_sum
      975.05      24.949           0      10.231           0       17.42
 AR_tsyn_sum Stab_Ngroup Iso_Ngroup  Form_Ngroup End_Ngroup  Modf_Ngroup Merg_Ngroup H4_step_sum H4_no_NB    Ep-Ep_sum   Ep-Sp_sum  
      1.2812           1           0    0.086914    0.019531           0           0      132.96    0.064941  9.2394e+05      9938.6
**** Number of members in clusters (global):
N_members:            1           2           3           4           5           6           7           8           9          10          11
Count    :       975.05      7.9805      1.1802       0.521     0.22021     0.18945    0.042969    0.062012    0.026367   0.0048828   0.0039062

Time: 32  N_real(loc): 1000  N_real(glb): 1000  N_all(loc): 1012  N_all(glb): 1012  N_remove(glb): 0  N_escape(glb): 0
Energy:     Error/Total         Error     Error_cum         Total       Kinetic     Potential        Modify  Modify_group Modify_single      Error_PP  Error_PP_cum
Physic:   -8.536069e-05     0.2131528      492.2138     -2497.083      3300.639     -5797.722      148.3884             0             0 -1.074771e-05     0.2015781
Slowdown: -9.107652e-05     0.2131527      491.8072      -2340.37       3231.02     -5571.389        3596.5             0             0 -1.072454e-05    0.04515949
Angular Momentum:  |L|err: 0.3946603  |L|err_cum: 30.28176  L: 75.72587   -49.26737    -39.57566  |L|: 98.63019
C.M.: mass: 1900 pos: -0.4344216   -0.2410016    0.05570738 vel: -0.137347   -0.04456804    0.05095574
Tree step number: 2048
**** Wallclock time per step (local): [Min/Max]
 Total       PP_single   PP_cluster  PP_cross    Tree_NB     Tree_Force  Force_corr  Kick        FindCluster CreateGroup MPI_comm    Output      Status      Other      
   0.0019308  1.9572e-05  0.00010462           0  0.00032586   0.0013852  3.1623e-05  1.6059e-05  5.0944e-05  2.7213e-05  1.2048e-06  5.9766e-06   3.043e-09  4.0512e-06
   0.0019308  1.9609e-05  0.00010466           0  0.00032049   0.0013469  3.1678e-05  1.6093e-05  5.0991e-05  2.7233e-05  1.2368e-06  5.9768e-06  3.0576e-09  4.1378e-06
**** FDPS tree soft force time profile (local):
 Sample_ptcl Domain_deco Ex_ptcl     SetRootCell Make_LT     Make_LET    Make_GT     Make_Group  Make_I_list Calc_force  Write_back 
           0           0           0  1.1888e-05  0.00026529  3.2892e-05  0.00020345  3.2903e-06  6.3037e-05  0.00066527  7.8104e-05
**** Tree neighbor time profile (local):
 Sample_ptcl Domain_deco Ex_ptcl     SetRootCell Make_LT     Make_LET    Make_GT     Make_Group  Make_I_list Calc_force  Write_back 
           0           0           0  6.8428e-06  0.00011041  1.8789e-05  8.7017e-05  4.8367e-07  1.4248e-05  6.3914e-05  1.1217e-05
**** Number per step (global):
 PP_single   PP_cluster  PP_cross    Cluster     Cross       AR_step_sum
      968.36      31.635           0      11.393           0      15.589
 AR_tsyn_sum Stab_Ngroup Iso_Ngroup  Form_Ngroup End_Ngroup  Modf_Ngroup Merg_Ngroup H4_step_sum H4_no_NB    Ep-Ep_sum   Ep-Sp_sum  
     0.63623           1           0    0.047852    0.010742           0           0      175.67      0.1792  9.2193e+05      9588.7
**** Number of members in clusters (global):
N_members:            1           2           3           4           5           6           7           8           9          10          11          12
Count    :       968.36      8.4448       1.584      0.3584     0.25049     0.14941    0.075195     0.13037    0.088867    0.023438    0.053711    0.082031
N_members:           13          14          15          16          17          18
Count    :     0.078125   0.0087891    0.011719   0.0087891     0.03125    0.013672

Time: 32.5  N_real(loc): 1000  N_real(glb): 1000  N_all(loc): 1012  N_all(glb): 1012  N_remove(glb): 0  N_escape(glb): 0
Energy:     Error/Total         Error     Error_cum         Total       Kinetic     Potential        Modify  Modify_group Modify_single      Error_PP  Error_PP_cum
Physic:   -8.062637e-05     0.2013114      492.4151     -2496.844      3245.868     -5742.712      148.4269             0             0 -1.679323e-05     0.2015613
Slowdown: -8.602574e-05     0.2013114      492.0085      -2340.13      3176.218     -5516.347      3753.252             0             0 -1.663597e-05    0.04514286
Angular Momentum:  |L|err: 0.3759497  |L|err_cum: 30.65771  L: 75.54953   -49.09468    -39.87812  |L|: 98.53062
C.M.: mass: 1900 pos: -0.4813479   -0.2845996    0.04157071 vel: -0.1314512   -0.09481852    -0.01161465
Tree step number: 2048
**** Wallclock time per step (local): [Min/Max]
 Total       PP_single   PP_cluster  PP_cross    Tree_NB     Tree_Force  Force_corr  Kick        FindCluster CreateGroup MPI_comm    Output      Status      Other      
   0.0021339   2.201e-05  0.00010768           0  0.00035292   0.0015361  5.6032e-05  1.7841e-05  5.8198e-05  2.7064e-05  1.3314e-06  4.5854e-06  3.0088e-09  4.4775e-06
   0.0021339  2.2046e-05  0.00010774           0  0.00034793   0.0014845  5.6117e-05  1.7875e-05  5.8243e-05  2.7084e-05  1.3634e-06  4.5855e-06  3.0283e-09  4.5661e-06
**** FDPS tree soft force time profile (local):
 Sample_ptcl Domain_deco Ex_ptcl     SetRootCell Make_LT     Make_LET    Make_GT     Make_Group  Make_I_list Calc_force  Write_back 
           0           0           0  2.3372e-05  0.00029238  3.3234e-05  0.00021163  2.9897e-06  5.6151e-05   0.0007581  0.00010484
**** Tree neighbor time profile (local):
 Sample_ptcl Domain_deco Ex_ptcl     SetRootCell Make_LT     Make_LET    Make_GT     Make_Group  Make_I_list Calc_force  Write_back 
           0           0           0  8.4988e-06  0.00011348  2.2762e-05  8.6246e-05  4.3905e-07  1.7854e-05  7.8131e-05  1.0416e-05
**** Number per step (global):
 PP_single   PP_cluster  PP_cross    Cluster     Cross       AR_step_sum
      970.18      29.821           0      10.832           0      16.401
 AR_tsyn_sum Stab_Ngroup Iso_Ngroup  Form_Ngroup End_Ngroup  Modf_Ngroup Merg_Ngroup H4_step_sum H4_no_NB    Ep-Ep_sum   Ep-Sp_sum  
     0.89209           1           0    0.064941    0.015625           0           0      161.69     0.16357  9.2091e+05       10725
**** Number of members in clusters (global):
N_members:            1           2           3           4           5           6           7           8           9          10          11          12
Count    :       970.18      8.3081      1.0547     0.50488     0.17188     0.14014    0.076172     0.15039     0.16504      0.0625    0.068359    0.063477
N_members:           13          14          15          16          17
Count    :     0.021484   0.0068359    0.026367   0.0087891   0.0029297

Time: 33  N_real(loc): 1000  N_real(glb): 1000  N_all(loc): 1012  N_all(glb): 1012  N_remove(glb): 0  N_escape(glb): 0
Energy:     Error/Total         Error     Error_cum         Total       Kinetic     Potential        Modify  Modify_group Modify_single      Error_PP  Error_PP_cum
Physic:   -6.908078e-05     0.1724696      492.5875     -2496.636      3020.692     -5517.328      148.4621             0             0 -1.193796e-05     0.2015494
Slowdown: -7.370738e-05     0.1724695       492.181     -2339.922       2951.01     -5290.932      3910.001             0             0 -1.189547e-05    0.04513096
Angular Momentum:  |L|err: 0.3597424  |L|err_cum: 31.01745  L: 75.38056   -48.92922    -40.16705  |L|: 98.43622
C.M.: mass: 1900 pos: -0.5390058   -0.3192302    0.05537461 vel: -0.1054341   -0.09893604    0.0780705
Tree step number: 2048
**** Wallclock time per step (local): [Min/Max]
 Total       PP_single   PP_cluster  PP_cross    Tree_NB     Tree_Force  Force_corr  Kick        FindCluster CreateGroup MPI_comm    Output      Status      Other      
   0.0021717   1.756e-05   0.0001151           0  0.00034686   0.0015881  2.7377e-05   1.796e-05  5.7055e-05  2.7033e-05  1.4268e-06  4.3478e-06  4.0898e-09  4.4806e-06
   0.0021718  1.7595e-05  0.00011515           0  0.00034053   0.0015566  2.7431e-05  1.7994e-05    5.71e-05  2.7053e-05  1.5169e-06  4.3481e-06  4.1094e-09  4.5749e-06
**** FDPS tree soft force time profile (local):
 Sample_ptcl Domain_deco Ex_ptcl     SetRootCell Make_LT     Make_LET    Make_GT     Make_Group  Make_I_list Calc_force  Write_back 
           0           0           0  3.1485e-05  0.00030781  3.1646e-05   0.0002411  2.4852e-06  6.3634e-05  0.00080301  6.4568e-05
**** Tree neighbor time profile (local):
 Sample_ptcl Domain_deco Ex_ptcl     SetRootCell Make_LT     Make_LET    Make_GT     Make_Group  Make_I_list Calc_force  Write_back 
           0           0           0  8.4142e-06  0.00011033  1.7957e-05  8.8351e-05  4.8876e-07  1.9684e-05  7.4193e-05  1.3091e-05
**** Number per step (global):
 PP_single   PP_cluster  PP_cross    Cluster     Cross       AR_step_sum
      974.17      25.829           0       7.769           0      16.203
 AR_tsyn_sum Stab_Ngroup Iso_Ngroup  Form_Ngroup End_Ngroup  Modf_Ngroup Merg_Ngroup H4_step_sum H4_no_NB    Ep-Ep_sum   Ep-Sp_sum  
     0.85645           1           0    0.049805    0.010742           0           0      145.91     0.30518  9.0772e+05       10807
**** Number of members in clusters (global):
N_members:            1           2           3           4           5           6           7           8           9          10          11          12
Count    :       974.17      5.3462     0.85449     0.29785      0.1543     0.18799     0.21289      0.1748     0.12402    0.072754    0.045898    0.030273
N_members:           13          14          15          16          17          18
Count    :     0.084961    0.057617    0.066406    0.022461    0.035156  0.00097656

Time: 33.5  N_real(loc): 1000  N_real(glb): 1000  N_all(loc): 1012  N_all(glb): 1012  N_remove(glb): 0  N_escape(glb): 0
Energy:     Error/Total         Error     Error_cum         Total       Kinetic     Potential        Modify  Modify_group Modify_single      Error_PP  Error_PP_cum
Physic:   -5.340443e-05     0.1333226      492.7209      -2496.47      2986.052     -5482.522      148.4943             0             0 -1.235302e-05      0.201537
Slowdown: -5.698138e-05     0.1333226      492.3143     -2339.756      2916.338     -5256.095      4066.748             0             0 -1.227929e-05    0.04511868
Angular Momentum:  |L|err: 0.3443439  |L|err_cum: 31.3618  L: 75.21921   -48.77077    -40.44338  |L|: 98.34727
C.M.: mass: 1900 pos: -0.590471   -0.34736    0.08716886 vel: -0.1054564   -0.04601137    0.06632471
Tree step number: 2048
**** Wallclock time per step (local): [Min/Max]
 Total       PP_single   PP_cluster  PP_cross    Tree_NB     Tree_Force  Force_corr  Kick        FindCluster CreateGroup MPI_comm    Output      Status      Other      
   0.0021416  3.2728e-05  0.00010878           0  0.00035191   0.0015472  3.6819e-05  2.3772e-05  4.6962e-05   2.605e-05  1.4016e-06  3.5513e-06  3.1357e-09  6.3571e-06
   0.0021416  3.2765e-05  0.00010882           0  0.00034765   0.0015055  3.6875e-05  2.3806e-05  4.7006e-05   2.607e-05  1.4338e-06  3.5516e-06  3.1504e-09   6.465e-06
**** FDPS tree soft force time profile (local):
 Sample_ptcl Domain_deco Ex_ptcl     SetRootCell Make_LT     Make_LET    Make_GT     Make_Group  Make_I_list Calc_force  Write_back 
           0           0           0  2.2388e-05  0.00026643  3.7091e-05  0.00019917  2.9768e-06    6.22e-05   0.0008087  8.5015e-05
**** Tree neighbor time profile (local):
 Sample_ptcl Domain_deco Ex_ptcl     SetRootCell Make_LT     Make_LET    Make_GT     Make_Group  Make_I_list Calc_force  Write_back 
           0           0           0  5.0421e-06     0.00012  2.9617e-05   9.172e-05  4.8328e-07  1.5072e-05  6.4865e-05  8.9395e-06
**** Number per step (global):
 PP_single   PP_cluster  PP_cross    Cluster     Cross       AR_step_sum
      973.74      26.263           0      9.0874           0      16.213
 AR_tsyn_sum Stab_Ngroup Iso_Ngroup  Form_Ngroup End_Ngroup  Modf_Ngroup Merg_Ngroup H4_step_sum H4_no_NB    Ep-Ep_sum   Ep-Sp_sum  
      0.8374           1           0    0.057129    0.012695           0           0      148.32     0.16943  9.0142e+05       11298
**** Number of members in clusters (global):
N_members:            1           2           3           4           5           6           7           8           9          10          11          12
Count    :       973.74      6.8496     0.87207      0.3125     0.20898     0.11133     0.16602     0.12891     0.10938     0.13623    0.052734    0.052734
N_members:           13          14          15          16          17          18          19
Count    :     0.050781    0.012695   0.0087891  0.00097656  0.00097656    0.011719  0.00097656

Time: 34  N_real(loc): 1000  N_real(glb): 1000  N_all(loc): 1012  N_all(glb): 1012  N_remove(glb): 0  N_escape(glb): 0
Energy:     Error/Total         Error     Error_cum         Total       Kinetic     Potential        Modify  Modify_group Modify_single      Error_PP  Error_PP_cum
Physic:   -6.405277e-05     0.1598937      492.8808     -2496.281      3506.962     -6003.243      148.5241             0             0 -1.573635e-05     0.2015213
Slowdown: -6.834329e-05     0.1598937      492.4742     -2339.567      3437.217     -5776.784      4223.491             0             0  -1.57356e-05    0.04510295
Angular Momentum:  |L|err: 0.3302367  |L|err_cum: 31.69203  L: 75.06465   -48.61933    -40.70832  |L|: 98.26347
C.M.: mass: 1900 pos: -0.6366982   -0.389391    0.1006677 vel: -0.1616712   -0.1050159    0.02929819
Tree step number: 2048
**** Wallclock time per step (local): [Min/Max]
 Total       PP_single   PP_cluster  PP_cross    Tree_NB     Tree_Force  Force_corr  Kick        FindCluster CreateGroup MPI_comm    Output      Status      Other      
   0.0020685  2.6283e-05   9.901e-05           0  0.00032068   0.0015038  4.1977e-05  2.0074e-05  5.3679e-05  4.2851e-05  1.8097e-06  4.2429e-06  2.4828e-08  7.2091e-06
   0.0020685  2.6321e-05  9.9055e-05           0  0.00031503   0.0014537  4.2034e-05  2.0108e-05  5.3725e-05  4.2871e-05  1.8418e-06  4.2432e-06  2.4852e-08  7.3026e-06
**** FDPS tree soft force time profile (local):
 Sample_ptcl Domain_deco Ex_ptcl     SetRootCell Make_LT     Make_LET    Make_GT     Make_Group  Make_I_list Calc_force  Write_back 
           0           0           0  1.6016e-05  0.00025743   3.325e-05  0.00018729  3.0305e-06   4.946e-05  0.00079001  0.00010206
**** Tree neighbor time profile (local):
 Sample_ptcl Domain_deco Ex_ptcl     SetRootCell Make_LT     Make_LET    Make_GT     Make_Group  Make_I_list Calc_force  Write_back 
           0           0           0  1.7504e-05  0.00011054  1.5673e-05  7.7969e-05  5.0575e-07  1.5888e-05  6.6996e-05  1.1703e-05
**** Number per step (global):
 PP_single   PP_cluster  PP_cross    Cluster     Cross       AR_step_sum
      976.78      23.224           0      8.5708           0      17.303
 AR_tsyn_sum Stab_Ngroup Iso_Ngroup  Form_Ngroup End_Ngroup  Modf_Ngroup Merg_Ngroup H4_step_sum H4_no_NB    Ep-Ep_sum   Ep-Sp_sum  
      1.2192           1           0    0.074707    0.019531           0           0      131.66    0.096191  8.9994e+05       10500
**** Number of members in clusters (global):
N_members:            1           2           3           4           5           6           7           8           9          10          11          12
Count    :       976.78      6.5352      0.9043     0.30273     0.19043     0.15723     0.12109    0.098633    0.080078    0.060547    0.077637    0.041992
N_members:           14
Count    :   0.00097656

Time: 34.5  N_real(loc): 1000  N_real(glb): 1000  N_all(loc): 1012  N_all(glb): 1012  N_remove(glb): 0  N_escape(glb): 0
Energy:     Error/Total         Error     Error_cum         Total       Kinetic     Potential        Modify  Modify_group Modify_single      Error_PP  Error_PP_cum
Physic:   -5.614368e-05      0.140141      493.0209     -2496.113       3569.16     -6065.273      148.5515             0             0 -9.719399e-05     0.2014241
Slowdown: -5.990468e-05      0.140141      492.6143     -2339.399      3499.383     -5838.782      4380.233             0             0 -9.724062e-05    0.04500571
Angular Momentum:  |L|err: 0.318076  |L|err_cum: 32.01011  L: 74.91626   -48.47337    -40.96338  |L|: 98.18408
C.M.: mass: 1900 pos: -0.6693963   -0.416085    0.07887304 vel: -0.07570196   -0.009404982    -0.09915477
Tree step number: 2048
**** Wallclock time per step (local): [Min/Max]
 Total       PP_single   PP_cluster  PP_cross    Tree_NB     Tree_Force  Force_corr  Kick        FindCluster CreateGroup MPI_comm    Output      Status      Other      
   0.0021709  2.7267e-05  0.00014024           0  0.00035451   0.0015388   3.996e-05  2.1449e-05  5.7371e-05  2.4633e-05   2.784e-06   3.883e-06  3.9966e-09  7.4925e-06
   0.0021709   2.734e-05  0.00014029           0  0.00035052   0.0014932  4.0016e-05  2.1483e-05  5.7418e-05  2.4652e-05  2.8159e-06  3.8832e-06   4.021e-09  7.5883e-06
**** FDPS tree soft force time profile (local):
 Sample_ptcl Domain_deco Ex_ptcl     SetRootCell Make_LT     Make_LET    Make_GT     Make_Group  Make_I_list Calc_force  Write_back 
           0           0           0  1.8934e-05  0.00027421  2.9953e-05  0.00020934  2.9204e-06  5.8644e-05  0.00078787   9.262e-05
**** Tree neighbor time profile (local):
 Sample_ptcl Domain_deco Ex_ptcl     SetRootCell Make_LT     Make_LET    Make_GT     Make_Group  Make_I_list Calc_force  Write_back 
           0           0           0  7.2604e-06   0.0001316  2.1998e-05  8.8834e-05  5.1369e-07  1.2895e-05  6.6713e-05  8.4116e-06
**** Number per step (global):
 PP_single   PP_cluster  PP_cross    Cluster     Cross       AR_step_sum
      975.21      24.793           0      8.5737           0      32.437
 AR_tsyn_sum Stab_Ngroup Iso_Ngroup  Form_Ngroup End_Ngroup  Modf_Ngroup Merg_Ngroup H4_step_sum H4_no_NB    Ep-Ep_sum   Ep-Sp_sum  
      6.3525           1           0     0.32227    0.068359           0           0      146.14     0.11963  9.0348e+05       10206
**** Number of members in clusters (global):
N_members:            1           2           3           4           5           6           7           8           9          10          11          12
Count    :       975.21      6.7979     0.61133     0.14209     0.17578     0.14453     0.17822    0.088867    0.070312    0.030273    0.078613     0.13281
N_members:           13          14          15          16
Count    :     0.040039    0.070312    0.011719  0.00097656

Time: 35  N_real(loc): 1000  N_real(glb): 1000  N_all(loc): 1012  N_all(glb): 1012  N_remove(glb): 0  N_escape(glb): 0
Energy:     Error/Total         Error     Error_cum         Total       Kinetic     Potential        Modify  Modify_group Modify_single      Error_PP  Error_PP_cum
Physic:   -6.147405e-05     0.1534352      493.1743     -2495.934      3216.535     -5712.469       148.577             0             0 -3.407491e-05       0.20139
Slowdown: -6.559245e-05     0.1534352      492.7677      -2339.22      3146.726     -5485.946      4536.972             0             0 -3.405834e-05    0.04497165
Angular Momentum:  |L|err: 0.3049277  |L|err_cum: 32.31504  L: 74.77363   -48.33394    -41.20768  |L|: 98.10881
C.M.: mass: 1900 pos: -0.6970038   -0.4293073    0.06581549 vel: -0.08374067   -0.01415871    0.04100565
Tree step number: 2048
**** Wallclock time per step (local): [Min/Max]
 Total       PP_single   PP_cluster  PP_cross    Tree_NB     Tree_Force  Force_corr  Kick        FindCluster CreateGroup MPI_comm    Output      Status      Other      
   0.0022245  2.2189e-05  0.00013581           0  0.00033361    0.001624  4.8596e-05  2.4723e-05  6.1408e-05  2.8604e-05  2.9162e-06  5.1986e-06  3.7812e-09  7.1822e-06
   0.0022246  2.2226e-05  0.00013585           0  0.00032582   0.0015595  4.8655e-05  2.4758e-05  6.1456e-05  2.8624e-05  2.9487e-06  5.1987e-06  3.8057e-09  7.2797e-06
**** FDPS tree soft force time profile (local):
 Sample_ptcl Domain_deco Ex_ptcl     SetRootCell Make_LT     Make_LET    Make_GT     Make_Group  Make_I_list Calc_force  Write_back 
           0           0           0  2.3836e-05  0.00030337  3.0879e-05  0.00021119  3.0115e-06  6.3395e-05  0.00079428  0.00013094
**** Tree neighbor time profile (local):
 Sample_ptcl Domain_deco Ex_ptcl     SetRootCell Make_LT     Make_LET    Make_GT     Make_Group  Make_I_list Calc_force  Write_back 
           0           0           0  7.6796e-06  0.00012124  1.5334e-05  9.4672e-05  5.0466e-07  1.2832e-05   5.387e-05  1.6006e-05
**** Number per step (global):
 PP_single   PP_cluster  PP_cross    Cluster     Cross       AR_step_sum
      974.99       25.01           0      7.8169           0      26.445
 AR_tsyn_sum Stab_Ngroup Iso_Ngroup  Form_Ngroup End_Ngroup  Modf_Ngroup Merg_Ngroup H4_step_sum H4_no_NB    Ep-Ep_sum   Ep-Sp_sum  
      4.3569           1           0     0.23047    0.048828           0           0      146.51     0.12305   8.966e+05       11898
**** Number of members in clusters (global):
N_members:            1           2           3           4           5           6           7           8           9          10          11          12
Count    :       974.99      5.6919     0.55176     0.41211     0.22754     0.13818    0.095215    0.085938     0.14941     0.10254    0.086914     0.10742
N_members:           13          14          15          16          17          18
Count    :       0.0625    0.045898    0.036133    0.014648   0.0029297   0.0058594

Time: 35.5  N_real(loc): 1000  N_real(glb): 1000  N_all(loc): 1012  N_all(glb): 1012  N_remove(glb): 0  N_escape(glb): 0
Energy:     Error/Total         Error     Error_cum         Total       Kinetic     Potential        Modify  Modify_group Modify_single      Error_PP  Error_PP_cum
Physic:   -4.622808e-05     0.1153758      493.2897     -2495.795      3653.962     -6149.757      148.6007             0             0    0.01694884     0.2183388
Slowdown: -4.932526e-05     0.1153758      492.8831     -2339.081      3584.122     -5923.203       4693.71             0             0    0.01694882    0.06192047
Angular Momentum:  |L|err: 0.2947294  |L|err_cum: 32.60977  L: 74.63616   -48.19863    -41.44358  |L|: 98.0369
C.M.: mass: 1900 pos: -0.724172   -0.4349495    0.07002765 vel: -0.08439206   -0.008652481    -0.008125677
Tree step number: 2048
**** Wallclock time per step (local): [Min/Max]
 Total       PP_single   PP_cluster  PP_cross    Tree_NB     Tree_Force  Force_corr  Kick        FindCluster CreateGroup MPI_comm    Output      Status      Other      
   0.0020162  2.9582e-05  0.00016829           0  0.00028696   0.0014208  3.6251e-05  2.6311e-05  5.5002e-05  2.2522e-05  1.9159e-06  4.0745e-06  3.8013e-09  5.9451e-06
   0.0020162  2.9617e-05  0.00016834           0  0.00028432   0.0013799  3.6305e-05  2.6354e-05  5.5051e-05  2.2542e-05  1.9481e-06  4.0747e-06  3.8159e-09  6.0403e-06
**** FDPS tree soft force time profile (local):
 Sample_ptcl Domain_deco Ex_ptcl     SetRootCell Make_LT     Make_LET    Make_GT     Make_Group  Make_I_list Calc_force  Write_back 
           0           0           0  1.2612e-05  0.00025088  3.1885e-05  0.00020374  2.7949e-06  6.5624e-05  0.00069563  8.3307e-05
**** Tree neighbor time profile (local):
 Sample_ptcl Domain_deco Ex_ptcl     SetRootCell Make_LT     Make_LET    Make_GT     Make_Group  Make_I_list Calc_force  Write_back 
           0           0           0   4.782e-06  0.00010532  1.6906e-05  8.1734e-05  4.9353e-07  1.4766e-05  4.3496e-05  5.7973e-06
**** Number per step (global):
 PP_single   PP_cluster  PP_cross    Cluster     Cross       AR_step_sum
      974.36      25.637           0      8.1221           0      44.258
 AR_tsyn_sum Stab_Ngroup Iso_Ngroup  Form_Ngroup End_Ngroup  Modf_Ngroup Merg_Ngroup H4_step_sum H4_no_NB    Ep-Ep_sum   Ep-Sp_sum  
      10.251           1           0     0.62256     0.11084           0           0      156.89      0.2002  9.0363e+05       10836
**** Number of members in clusters (global):
N_members:            1           2           3           4           5           6           7           8           9          10          11          12
Count    :       974.36      5.7773     0.74609     0.32568     0.31787     0.19971     0.12988     0.15967    0.088867     0.09375    0.088867    0.017578
N_members:           13          14          15          16          17          18          19
Count    :     0.049805    0.037109    0.033203    0.019531   0.0068359    0.027344   0.0029297

Time: 36  N_real(loc): 1000  N_real(glb): 1000  N_all(loc): 1012  N_all(glb): 1012  N_remove(glb): 0  N_escape(glb): 0
Energy:     Error/Total         Error     Error_cum         Total       Kinetic     Potential        Modify  Modify_group Modify_single      Error_PP  Error_PP_cum
Physic:   -4.447878e-05      0.111004      493.4007     -2495.662      3074.315     -5569.977      148.6227             0             0   -0.00117348     0.2171654
Slowdown: -4.745894e-05      0.111004      492.9941     -2338.948      3004.443     -5343.391      4850.446             0             0   -0.00117334    0.06074713
Angular Momentum:  |L|err: 0.2849509  |L|err_cum: 32.89472  L: 74.50336   -48.06783    -41.6715  |L|: 97.96826
C.M.: mass: 1900 pos: -0.7760156   -0.4433551    0.06034128 vel: -0.1167421   0.004242324    -0.00622576
Tree step number: 2048
**** Wallclock time per step (local): [Min/Max]
 Total       PP_single   PP_cluster  PP_cross    Tree_NB     Tree_Force  Force_corr  Kick        FindCluster CreateGroup MPI_comm    Output      Status      Other      
   0.0019024  1.9463e-05  0.00013996           0  0.00033403   0.0012961  3.3512e-05  1.0604e-05  5.9605e-05  2.8622e-05  2.5967e-06  4.1911e-06  3.0234e-09  8.1666e-06
   0.0019024  1.9498e-05     0.00014           0  0.00032784   0.0012656  3.3566e-05  1.0637e-05  5.9663e-05  2.8642e-05  2.6292e-06  4.1913e-06  3.0381e-09  8.2631e-06
**** FDPS tree soft force time profile (local):
 Sample_ptcl Domain_deco Ex_ptcl     SetRootCell Make_LT     Make_LET    Make_GT     Make_Group  Make_I_list Calc_force  Write_back 
           0           0           0  1.7582e-05  0.00025086  3.1196e-05  0.00017757  2.5986e-06  5.7569e-05  0.00063028  6.2333e-05
**** Tree neighbor time profile (local):
 Sample_ptcl Domain_deco Ex_ptcl     SetRootCell Make_LT     Make_LET    Make_GT     Make_Group  Make_I_list Calc_force  Write_back 
           0           0           0  1.2563e-05   0.0001301  1.7813e-05  9.2066e-05  5.0687e-07  1.2216e-05  4.3301e-05  1.2794e-05
**** Number per step (global):
 PP_single   PP_cluster  PP_cross    Cluster     Cross       AR_step_sum
      973.18      26.821           0      7.9399           0      22.881
 AR_tsyn_sum Stab_Ngroup Iso_Ngroup  Form_Ngroup End_Ngroup  Modf_Ngroup Merg_Ngroup H4_step_sum H4_no_NB    Ep-Ep_sum   Ep-Sp_sum  
      3.0972           1           0     0.17773    0.026367           0           0      159.34      0.1665  9.0676e+05        9776
**** Number of members in clusters (global):
N_members:            1           2           3           4           5           6           7           8           9          10          11          12
Count    :       973.18      5.8428     0.74707     0.21436      0.1499    0.092773    0.099609    0.068848     0.12988     0.11426     0.13867    0.073242
N_members:           13          14          15          16          17          18          19          20          21          22          23          24
Count    :     0.053711    0.026367    0.026367    0.014648    0.020508    0.012695    0.010742    0.015625    0.029297    0.013672    0.026367    0.010742
N_members:           25
Count    :    0.0078125

Time: 36.5  N_real(loc): 1000  N_real(glb): 1000  N_all(loc): 1012  N_all(glb): 1012  N_remove(glb): 0  N_escape(glb): 0
Energy:     Error/Total         Error     Error_cum         Total       Kinetic     Potential        Modify  Modify_group Modify_single      Error_PP  Error_PP_cum
Physic:    -4.25613e-05     0.1062132      493.5069     -2495.535      3348.295      -5843.83      148.6433             0             0 -6.158073e-05     0.2171038
Slowdown: -4.541314e-05     0.1062132      493.1003     -2338.821      3278.391     -5617.213      5007.181             0             0 -6.158049e-05    0.06068555
Angular Momentum:  |L|err: 0.2751692  |L|err_cum: 33.16989  L: 74.3744   -47.94134    -41.89112  |L|: 97.90194
C.M.: mass: 1900 pos: -0.8180888   -0.4573963    0.04921802 vel: -0.04158801   0.03396795    -0.04545523
Tree step number: 2048
**** Wallclock time per step (local): [Min/Max]
 Total       PP_single   PP_cluster  PP_cross    Tree_NB     Tree_Force  Force_corr  Kick        FindCluster CreateGroup MPI_comm    Output      Status      Other      
   0.0018777  1.7803e-05  0.00016147           0  0.00029584   0.0012947  3.6764e-05  1.7598e-05  5.1026e-05   2.354e-05  1.8587e-06  5.2378e-06  3.5811e-09   4.734e-06
   0.0018777  1.7838e-05  0.00016153           0  0.00029265   0.0012627  3.6819e-05  1.7632e-05  5.1075e-05  2.3559e-05  1.8908e-06   5.238e-06  3.5957e-09  4.8378e-06
**** FDPS tree soft force time profile (local):
 Sample_ptcl Domain_deco Ex_ptcl     SetRootCell Make_LT     Make_LET    Make_GT     Make_Group  Make_I_list Calc_force  Write_back 
           0           0           0  1.2357e-05  0.00026197  4.0442e-05  0.00018914  2.4586e-06  6.3252e-05  0.00059755   6.536e-05
**** Tree neighbor time profile (local):
 Sample_ptcl Domain_deco Ex_ptcl     SetRootCell Make_LT     Make_LET    Make_GT     Make_Group  Make_I_list Calc_force  Write_back 
           0           0           0  5.0403e-06  0.00010598  1.7098e-05    8.55e-05  5.4457e-07    1.64e-05  4.6576e-05  6.8064e-06
**** Number per step (global):
 PP_single   PP_cluster  PP_cross    Cluster     Cross       AR_step_sum
      974.59      25.413           0      6.5669           0      25.364
 AR_tsyn_sum Stab_Ngroup Iso_Ngroup  Form_Ngroup End_Ngroup  Modf_Ngroup Merg_Ngroup H4_step_sum H4_no_NB    Ep-Ep_sum   Ep-Sp_sum  
      4.0493           1           0     0.18555    0.038574           0           0      162.93     0.21875  9.0323e+05       10354
**** Number of members in clusters (global):
N_members:            1           2           3           4           5           6           7           8           9          10          11          12
Count    :       974.59      4.5786     0.73828     0.19873    0.072266    0.032227    0.057617    0.054688     0.06543    0.083008     0.15137    0.069336
N_members:           13          14          15          16          17          18          19          20          21          22          23          24
Count    :      0.12695    0.046875    0.045898    0.031738    0.016602    0.030273    0.041016    0.019531    0.021484    0.018555    0.026367    0.032227
N_members:           25
Count    :    0.0078125
Hard energy significant ! dE_SD: -0.0773725 dE_SD/Etot_SD: 0.000115851
Thread: 0 Dump file: data.hard_large_energy_h4_n10_g1_t36.748291_M0_O0_c1_s1790682419
Hard energy significant ! dE_SD: -0.110191 dE_SD/Etot_SD: 0.000117202
Thread: 0 Dump file: data.hard_large_energy_h4_n14_g1_t36.796143_M0_O0_c2_s1790682420

Time: 37  N_real(loc): 1000  N_real(glb): 1000  N_all(loc): 1024  N_all(glb): 1024  N_remove(glb): 0  N_escape(glb): 0
Energy:     Error/Total         Error     Error_cum         Total       Kinetic     Potential        Modify  Modify_group Modify_single      Error_PP  Error_PP_cum
Physic:      -0.4106578      606.3279      1099.835      -1476.48      4009.709     -5486.188      561.3711             0             0   -0.01975087     0.1973529
Slowdown:    -0.4803899       606.154      1099.254     -1261.796      3791.271     -5053.067      5634.766             0             0   -0.03533725     0.0253483
Angular Momentum:  |L|err: 168.5972  |L|err_cum: 201.7671  L: 91.44337   -33.18476    -212.001  |L|: 233.2543
C.M.: mass: 1900 pos: -0.8805557   -0.4575011    0.02911821 vel: -0.1020426   -0.01990959    -0.02781416
Tree step number: 2048
**** Wallclock time per step (local): [Min/Max]
 Total       PP_single   PP_cluster  PP_cross    Tree_NB     Tree_Force  Force_corr  Kick        FindCluster CreateGroup MPI_comm    Output      Status      Other      
   0.0020054  1.8456e-05  0.00030009           0  0.00029318   0.0012792  3.8421e-05  1.2662e-05  6.3408e-05  2.1615e-05   2.758e-06  3.1818e-06  3.2041e-09  5.7084e-06
   0.0020054  1.8493e-05  0.00030015           0  0.00029046   0.0012464  3.8475e-05  1.2695e-05  6.3482e-05  2.1634e-05  2.7904e-06   3.182e-06  3.2188e-09  5.7912e-06
**** FDPS tree soft force time profile (local):
 Sample_ptcl Domain_deco Ex_ptcl     SetRootCell Make_LT     Make_LET    Make_GT     Make_Group  Make_I_list Calc_force  Write_back 
           0           0           0   2.219e-05  0.00022459  2.8456e-05   0.0002044  2.8361e-06  6.6569e-05  0.00059159  6.7112e-05
**** Tree neighbor time profile (local):
 Sample_ptcl Domain_deco Ex_ptcl     SetRootCell Make_LT     Make_LET    Make_GT     Make_Group  Make_I_list Calc_force  Write_back 
           0           0           0  5.2842e-06  9.9417e-05  1.6613e-05  8.4075e-05  7.5005e-07  1.4196e-05   4.882e-05  5.8528e-06
**** Number per step (global):
 PP_single   PP_cluster  PP_cross    Cluster     Cross       AR_step_sum
      976.67      23.327           0      6.0352           0      64.585
 AR_tsyn_sum Stab_Ngroup Iso_Ngroup  Form_Ngroup End_Ngroup  Modf_Ngroup Merg_Ngroup H4_step_sum H4_no_NB    Ep-Ep_sum   Ep-Sp_sum  
      16.082      1.4194           0     0.29834    0.018555   0.0014648           0      166.71     0.16016  9.0829e+05       11965
**** Number of members in clusters (global):
N_members:            1           2           3           4           5           6           7           8           9          10          11          12
Count    :       976.67      4.4888     0.42676    0.083008    0.089844    0.099609    0.054688    0.043945    0.080078    0.040527     0.09082    0.036133
N_members:           13          14          15          16          17          18          19          20          21
Count    :     0.064453    0.047363    0.076172    0.037598    0.060547    0.048828    0.098633    0.044922    0.022461

Time: 37.5  N_real(loc): 1000  N_real(glb): 1000  N_all(loc): 1024  N_all(glb): 1024  N_remove(glb): 0  N_escape(glb): 0
Energy:     Error/Total         Error     Error_cum         Total       Kinetic     Potential        Modify  Modify_group Modify_single      Error_PP  Error_PP_cum
Physic:      -0.0488704      63.08379      1162.919     -1290.838      4198.948     -5489.786      683.9285             0             0 -6.853356e-05     0.1972844
Slowdown:   -0.05861577      63.07951      1162.334     -1076.153      3980.697      -5056.85      5972.014             0             0  -6.85382e-05    0.02527976
Angular Momentum:  |L|err: 23.925  |L|err_cum: 225.6921  L: 97.6036   -27.07995    -235.0781  |L|: 255.9717
C.M.: mass: 1900 pos: -0.9423116   -0.4635621    0.02601823 vel: -0.1006075   -0.04178783    0.003310775
Tree step number: 2048
**** Wallclock time per step (local): [Min/Max]
 Total       PP_single   PP_cluster  PP_cross    Tree_NB     Tree_Force  Force_corr  Kick        FindCluster CreateGroup MPI_comm    Output      Status      Other      
   0.0018688  2.2203e-05  9.4687e-05           0  0.00031851   0.0013447  3.3993e-05  1.4825e-05  4.7064e-05  2.4516e-05  1.6327e-06  4.9952e-06  3.8159e-09  4.1596e-06
   0.0018689  2.2247e-05  9.4731e-05           0  0.00031432   0.0013042  3.4048e-05  1.4859e-05  4.7109e-05  2.4536e-05   1.665e-06  4.9954e-06  3.8354e-09  4.2477e-06
**** FDPS tree soft force time profile (local):
 Sample_ptcl Domain_deco Ex_ptcl     SetRootCell Make_LT     Make_LET    Make_GT     Make_Group  Make_I_list Calc_force  Write_back 
           0           0           0  1.7977e-05  0.00025424  3.5456e-05  0.00020093  5.7571e-06  7.3422e-05  0.00060858  8.2374e-05
**** Tree neighbor time profile (local):
 Sample_ptcl Domain_deco Ex_ptcl     SetRootCell Make_LT     Make_LET    Make_GT     Make_Group  Make_I_list Calc_force  Write_back 
           0           0           0  6.6896e-06   0.0001149  2.3583e-05  9.2349e-05  5.4322e-07  1.6628e-05  4.2978e-05   8.796e-06
**** Number per step (global):
 PP_single   PP_cluster  PP_cross    Cluster     Cross       AR_step_sum
      982.76      17.238           0      6.0737           0      34.576
 AR_tsyn_sum Stab_Ngroup Iso_Ngroup  Form_Ngroup End_Ngroup  Modf_Ngroup Merg_Ngroup H4_step_sum H4_no_NB    Ep-Ep_sum   Ep-Sp_sum  
      2.5903           2           0     0.13135    0.021973           0           0      89.015    0.049805  9.2165e+05       13087
**** Number of members in clusters (global):
N_members:            1           2           3           4           5           6           7           8           9
Count    :       982.76      4.1338     0.50586     0.61572      0.4082     0.11182     0.13281     0.14111    0.024414

Time: 38  N_real(loc): 1000  N_real(glb): 1000  N_all(loc): 1024  N_all(glb): 1024  N_remove(glb): 0  N_escape(glb): 0
Energy:     Error/Total         Error     Error_cum         Total       Kinetic     Potential        Modify  Modify_group Modify_single      Error_PP  Error_PP_cum
Physic:     -0.01041602      13.05124       1175.97     -1252.998      4268.176     -5521.173      708.7181             0             0 -9.667121e-05     0.1971877
Slowdown:   -0.01256956      13.05112      1175.385     -1038.312      4050.045     -5088.356       6211.49             0             0 -9.666707e-05    0.02518309
Angular Momentum:  |L|err: 7.177824  |L|err_cum: 232.8699  L: 100.0338   -24.51215    -241.8293  |L|: 262.8479
C.M.: mass: 1900 pos: -1.019925   -0.4804976    0.02898771 vel: -0.1302908   -0.06654937    0.01981749
Tree step number: 2048
**** Wallclock time per step (local): [Min/Max]
 Total       PP_single   PP_cluster  PP_cross    Tree_NB     Tree_Force  Force_corr  Kick        FindCluster CreateGroup MPI_comm    Output      Status      Other      
   0.0022132  2.1328e-05  0.00012421           0  0.00039246   0.0015512  5.0418e-05  2.3245e-05   6.256e-05   3.801e-05  5.2203e-06  3.5867e-06   6.125e-09  7.6482e-06
   0.0022133  2.1364e-05  0.00012452           0  0.00038786   0.0014862  5.0477e-05   2.328e-05  6.2608e-05  3.8031e-05  5.2531e-06  3.5871e-06  6.1592e-09  7.8203e-06
**** FDPS tree soft force time profile (local):
 Sample_ptcl Domain_deco Ex_ptcl     SetRootCell Make_LT     Make_LET    Make_GT     Make_Group  Make_I_list Calc_force  Write_back 
           0           0           0  2.0114e-05  0.00030122  3.7379e-05  0.00024914  2.5979e-06  6.2742e-05  0.00068203  0.00013175
**** Tree neighbor time profile (local):
 Sample_ptcl Domain_deco Ex_ptcl     SetRootCell Make_LT     Make_LET    Make_GT     Make_Group  Make_I_list Calc_force  Write_back 
           0           0           0  2.7387e-05  0.00015078  2.4764e-05  0.00010884   5.477e-07  1.8128e-05  5.1921e-05  9.7635e-06
**** Number per step (global):
 PP_single   PP_cluster  PP_cross    Cluster     Cross       AR_step_sum
      979.68      20.321           0      7.4492           0      43.554
 AR_tsyn_sum Stab_Ngroup Iso_Ngroup  Form_Ngroup End_Ngroup  Modf_Ngroup Merg_Ngroup H4_step_sum H4_no_NB    Ep-Ep_sum   Ep-Sp_sum  
      5.4482           2           0     0.32471     0.05957           0           0      106.94    0.077148  9.1844e+05       13238
**** Number of members in clusters (global):
N_members:            1           2           3           4           5           6           7           8           9          10          11          12
Count    :       979.68      5.6582     0.58545     0.35693     0.29297     0.22705     0.14062    0.038574    0.017578    0.033203    0.048828    0.017578
N_members:           13          14          15          16
Count    :    0.0087891   0.0078125    0.011719   0.0039062

Time: 38.5  N_real(loc): 1000  N_real(glb): 1000  N_all(loc): 1024  N_all(glb): 1024  N_remove(glb): 0  N_escape(glb): 0
Energy:     Error/Total         Error     Error_cum         Total       Kinetic     Potential        Modify  Modify_group Modify_single      Error_PP  Error_PP_cum
Physic:    -0.004345075      5.376681      1181.347     -1237.419       4478.92     -5716.339      718.9196             0             0 -6.588253e-05     0.1971218
Slowdown:  -0.005257148      5.376662      1180.762     -1022.733      4260.905     -5283.639      6436.377             0             0  -6.61957e-05     0.0251169
Angular Momentum:  |L|err: 3.990054  |L|err_cum: 236.86  L: 101.5174   -22.83749    -245.5241  |L|: 266.6635
C.M.: mass: 1900 pos: -1.096123   -0.4808971    0.03575632 vel: -0.1486427   -0.04667761    0.00668506
Tree step number: 2048
**** Wallclock time per step (local): [Min/Max]
 Total       PP_single   PP_cluster  PP_cross    Tree_NB     Tree_Force  Force_corr  Kick        FindCluster CreateGroup MPI_comm    Output      Status      Other      
   0.0025455  3.6929e-05   0.0001037           0  0.00038471   0.0018871   5.289e-05  3.4394e-05  5.9449e-05  3.5129e-05  2.5045e-06  5.1242e-06   3.478e-09  1.0032e-05
   0.0025456  3.6966e-05  0.00010374           0  0.00037725   0.0018258  5.2949e-05  3.4428e-05  5.9495e-05  3.5151e-05  2.5365e-06  5.1244e-06  3.4976e-09  1.0132e-05
**** FDPS tree soft force time profile (local):
 Sample_ptcl Domain_deco Ex_ptcl     SetRootCell Make_LT     Make_LET    Make_GT     Make_Group  Make_I_list Calc_force  Write_back 
           0           0           0  2.6291e-05  0.00042909  5.0236e-05  0.00027763  2.4557e-06  8.1663e-05  0.00084523  0.00012445
**** Tree neighbor time profile (local):
 Sample_ptcl Domain_deco Ex_ptcl     SetRootCell Make_LT     Make_LET    Make_GT     Make_Group  Make_I_list Calc_force  Write_back 
           0           0           0  3.7351e-05  0.00014134  1.7772e-05  0.00010623  6.4474e-07  1.6693e-05  6.5121e-05  1.5422e-05
**** Number per step (global):
 PP_single   PP_cluster  PP_cross    Cluster     Cross       AR_step_sum
         979          21           0      7.8223           0      32.626
 AR_tsyn_sum Stab_Ngroup Iso_Ngroup  Form_Ngroup End_Ngroup  Modf_Ngroup Merg_Ngroup H4_step_sum H4_no_NB    Ep-Ep_sum   Ep-Sp_sum  
      1.8384           2           0     0.13623    0.028809           0           0      106.88     0.12695  9.1042e+05       13854
**** Number of members in clusters (global):
N_members:            1           2           3           4           5           6           7           8           9          10          11          12
Count    :          979      6.1265     0.48486      0.2373     0.33789     0.30811     0.16602    0.042969    0.027344     0.01709    0.015625    0.050781
N_members:           13
Count    :    0.0078125

Time: 39  N_real(loc): 1000  N_real(glb): 1000  N_all(loc): 1024  N_all(glb): 1024  N_remove(glb): 0  N_escape(glb): 0
Energy:     Error/Total         Error     Error_cum         Total       Kinetic     Potential        Modify  Modify_group Modify_single      Error_PP  Error_PP_cum
Physic:    -0.002433076      2.989864      1184.336     -1228.842       4606.87     -5835.711      724.5077             0             0 -6.977022e-07     0.1971211
Slowdown:  -0.002948127      2.989859      1183.751     -1014.156      4388.971     -5403.127      6656.651             0             0 -7.046756e-07    0.02511619
Angular Momentum:  |L|err: 2.765326  |L|err_cum: 239.6253  L: 102.5638   -21.5959    -248.0643  |L|: 269.2984
C.M.: mass: 1900 pos: -1.142375   -0.4681578    0.04822498 vel: -0.1493768   0.02564728    0.03329037
Tree step number: 2048
**** Wallclock time per step (local): [Min/Max]
 Total       PP_single   PP_cluster  PP_cross    Tree_NB     Tree_Force  Force_corr  Kick        FindCluster CreateGroup MPI_comm    Output      Status      Other      
   0.0020801   2.609e-05  8.6787e-05           0   0.0003335    0.001529  4.6388e-05  2.0318e-05  3.9592e-05  3.1979e-05  1.1069e-06   4.654e-06  3.7769e-09   4.943e-06
   0.0020801  2.6128e-05  8.6834e-05           0  0.00032895   0.0014871  4.6446e-05  2.0353e-05  3.9639e-05     3.2e-05  1.1388e-06  4.6542e-06  3.7915e-09  5.0929e-06
**** FDPS tree soft force time profile (local):
 Sample_ptcl Domain_deco Ex_ptcl     SetRootCell Make_LT     Make_LET    Make_GT     Make_Group  Make_I_list Calc_force  Write_back 
           0           0           0  1.6822e-05  0.00026948  3.4574e-05  0.00022179  2.6925e-06  6.0661e-05  0.00076961  8.6083e-05
**** Tree neighbor time profile (local):
 Sample_ptcl Domain_deco Ex_ptcl     SetRootCell Make_LT     Make_LET    Make_GT     Make_Group  Make_I_list Calc_force  Write_back 
           0           0           0  5.3588e-06  0.00011116  2.2271e-05  8.5395e-05  5.0178e-07   1.429e-05  7.1693e-05  9.5959e-06
**** Number per step (global):
 PP_single   PP_cluster  PP_cross    Cluster     Cross       AR_step_sum
      980.42      19.577           0      7.4595           0       28.36
 AR_tsyn_sum Stab_Ngroup Iso_Ngroup  Form_Ngroup End_Ngroup  Modf_Ngroup Merg_Ngroup H4_step_sum H4_no_NB    Ep-Ep_sum   Ep-Sp_sum  
     0.41309           2           0    0.030273   0.0068359           0           0       91.37    0.029785  9.0374e+05       14289
**** Number of members in clusters (global):
N_members:            1           2           3           4           5           6           7           8           9          10          11          12
Count    :       980.42      5.8037     0.76758     0.22412     0.19336     0.20215    0.067383    0.050781    0.032715    0.025879    0.023438    0.014648
N_members:           13          14          15
Count    :     0.029297    0.021484   0.0029297

Time: 39.5  N_real(loc): 1000  N_real(glb): 1000  N_all(loc): 1024  N_all(glb): 1024  N_remove(glb): 0  N_escape(glb): 0
Energy:     Error/Total         Error     Error_cum         Total       Kinetic     Potential        Modify  Modify_group Modify_single      Error_PP  Error_PP_cum
Physic:    -0.001542728      1.887466      1186.224      -1223.46      4350.837     -5574.297      728.0017             0             0 -1.856847e-06     0.1971193
Slowdown:  -0.001871047      1.887464      1185.639     -1008.774      4133.054     -5141.828      6874.831             0             0 -1.886624e-06    0.02511431
Angular Momentum:  |L|err: 2.097503  |L|err_cum: 241.7228  L: 103.3536   -20.60986    -249.9806  |L|: 271.2877
C.M.: mass: 1900 pos: -1.208423   -0.4641155    0.06501208 vel: -0.1150937   0.07561432    0.06958803
Tree step number: 2048
**** Wallclock time per step (local): [Min/Max]
 Total       PP_single   PP_cluster  PP_cross    Tree_NB     Tree_Force  Force_corr  Kick        FindCluster CreateGroup MPI_comm    Output      Status      Other      
   0.0019261  2.8372e-05  8.0447e-05           0  0.00031017   0.0014241  3.6038e-05  1.4826e-05  3.5901e-05  2.9386e-05  1.8324e-06  3.9254e-06  4.2661e-09  4.7247e-06
   0.0019262  2.8417e-05  8.0532e-05           0  0.00030638   0.0013817  3.6094e-05   1.486e-05  3.5972e-05  2.9407e-05  2.1112e-06  3.9256e-06  4.2808e-09  4.8145e-06
**** FDPS tree soft force time profile (local):
 Sample_ptcl Domain_deco Ex_ptcl     SetRootCell Make_LT     Make_LET    Make_GT     Make_Group  Make_I_list Calc_force  Write_back 
           0           0           0  1.7874e-05  0.00026105   3.396e-05   0.0001994  3.1912e-06   5.978e-05   0.0007148  8.7302e-05
**** Tree neighbor time profile (local):
 Sample_ptcl Domain_deco Ex_ptcl     SetRootCell Make_LT     Make_LET    Make_GT     Make_Group  Make_I_list Calc_force  Write_back 
           0           0           0  5.9728e-06  0.00010931  1.8521e-05  8.4871e-05  5.4427e-07   1.336e-05   5.553e-05  8.0403e-06
**** Number per step (global):
 PP_single   PP_cluster  PP_cross    Cluster     Cross       AR_step_sum
      981.22       18.78           0      7.5991           0      27.943
 AR_tsyn_sum Stab_Ngroup Iso_Ngroup  Form_Ngroup End_Ngroup  Modf_Ngroup Merg_Ngroup H4_step_sum H4_no_NB    Ep-Ep_sum   Ep-Sp_sum  
     0.26172           2           0     0.02002   0.0068359           0           0      82.289    0.024414  8.8797e+05       16805
**** Number of members in clusters (global):
N_members:            1           2           3           4           5           6           7           8           9          10          11          12
Count    :       981.22      6.0703     0.83643     0.37891    0.053223    0.027344    0.053711    0.039062    0.057129    0.023438    0.021484    0.014648
N_members:           13          14          15
Count    :    0.0048828   0.0068359    0.011719

Time: 40  N_real(loc): 1000  N_real(glb): 1000  N_all(loc): 1024  N_all(glb): 1024  N_remove(glb): 0  N_escape(glb): 0
Energy:     Error/Total         Error     Error_cum         Total       Kinetic     Potential        Modify  Modify_group Modify_single      Error_PP  Error_PP_cum
Physic:    -0.001078187      1.315137      1187.539     -1219.768      4294.513     -5514.281      730.3791             0             0 -2.071502e-06     0.1971172
Slowdown:  -0.001308487      1.315136      1186.954     -1005.081      4076.845     -5081.926      7091.895             0             0 -2.086103e-06    0.02511222
Angular Momentum:  |L|err: 1.695925  |L|err_cum: 243.4188  L: 103.9819   -19.78844    -251.5243  |L|: 272.8888
C.M.: mass: 1900 pos: -1.275809   -0.4758475    0.09315238 vel: -0.1200955   -0.03556173    -0.0223451
Tree step number: 2048
**** Wallclock time per step (local): [Min/Max]
 Total       PP_single   PP_cluster  PP_cross    Tree_NB     Tree_Force  Force_corr  Kick        FindCluster CreateGroup MPI_comm    Output      Status      Other      
   0.0020632  2.8586e-05  8.3094e-05           0  0.00033432    0.001535  5.1639e-05  1.6811e-05  3.1527e-05  3.0882e-05  1.4357e-06  4.6486e-06  3.6152e-09  4.6419e-06
   0.0020632  2.8623e-05  8.3137e-05           0  0.00033157    0.001476  5.1698e-05  1.6856e-05  3.1596e-05  3.0903e-05  1.4683e-06  4.6488e-06  3.6348e-09  4.7353e-06
**** FDPS tree soft force time profile (local):
 Sample_ptcl Domain_deco Ex_ptcl     SetRootCell Make_LT     Make_LET    Make_GT     Make_Group  Make_I_list Calc_force  Write_back 
           0           0           0  1.6378e-05   0.0003031  3.4607e-05   0.0002438  3.0136e-06  7.5583e-05   0.0006776  0.00011968
**** Tree neighbor time profile (local):
 Sample_ptcl Domain_deco Ex_ptcl     SetRootCell Make_LT     Make_LET    Make_GT     Make_Group  Make_I_list Calc_force  Write_back 
           0           0           0  8.7372e-06  0.00013066  1.9628e-05   9.002e-05  6.1045e-07  2.2868e-05  4.4177e-05  5.9896e-06
**** Number per step (global):
 PP_single   PP_cluster  PP_cross    Cluster     Cross       AR_step_sum
      980.43      19.565           0      8.1045           0      27.746
 AR_tsyn_sum Stab_Ngroup Iso_Ngroup  Form_Ngroup End_Ngroup  Modf_Ngroup Merg_Ngroup H4_step_sum H4_no_NB    Ep-Ep_sum   Ep-Sp_sum  
     0.16699           2           0    0.010254   0.0024414           0           0      87.457    0.015137  8.8124e+05       17661
**** Number of members in clusters (global):
N_members:            1           2           3           4           5           6           7           8           9
Count    :       980.43      6.4604     0.78662     0.44482     0.19287    0.079102    0.073242    0.052734    0.014648

Time: 40.5  N_real(loc): 1000  N_real(glb): 1000  N_all(loc): 1024  N_all(glb): 1024  N_remove(glb): 0  N_escape(glb): 0
Energy:     Error/Total         Error     Error_cum         Total       Kinetic     Potential        Modify  Modify_group Modify_single      Error_PP  Error_PP_cum
Physic:   -0.0007902196     0.9617562      1188.501     -1217.075      4305.885     -5522.959      732.1102             0             0 -2.916229e-06     0.1971143
Slowdown:  -0.000959464     0.9617557      1187.916     -1002.389      4088.331     -5090.719      7308.312             0             0 -2.889304e-06    0.02510933
Angular Momentum:  |L|err: 1.428903  |L|err_cum: 244.8477  L: 104.4985   -19.0821    -252.8219  |L|: 274.2316
C.M.: mass: 1900 pos: -1.313053   -0.4715206    0.08328406 vel: -0.1214856   0.01442125    -0.06676714
Tree step number: 2048
**** Wallclock time per step (local): [Min/Max]
 Total       PP_single   PP_cluster  PP_cross    Tree_NB     Tree_Force  Force_corr  Kick        FindCluster CreateGroup MPI_comm    Output      Status      Other      
   0.0021861  2.4343e-05  8.7431e-05           0  0.00034069   0.0016081  6.4853e-05  3.0998e-05  4.2842e-05  4.8105e-05  1.7331e-06  4.4927e-06  5.2251e-09   3.756e-06
   0.0021861  2.4388e-05  8.7475e-05           0  0.00033601   0.0015391  6.4913e-05  3.1077e-05  4.2886e-05  4.8127e-05   1.765e-06  4.4928e-06  5.2739e-09  3.8462e-06
**** FDPS tree soft force time profile (local):
 Sample_ptcl Domain_deco Ex_ptcl     SetRootCell Make_LT     Make_LET    Make_GT     Make_Group  Make_I_list Calc_force  Write_back 
           0           0           0  3.3856e-05  0.00033112  3.5572e-05  0.00025818  2.8707e-06  7.7996e-05  0.00067887  0.00013963
**** Tree neighbor time profile (local):
 Sample_ptcl Domain_deco Ex_ptcl     SetRootCell Make_LT     Make_LET    Make_GT     Make_Group  Make_I_list Calc_force  Write_back 
           0           0           0  7.5968e-06  0.00011916  2.1466e-05   0.0001044   5.899e-07  1.7526e-05  4.6915e-05  9.7839e-06
**** Number per step (global):
 PP_single   PP_cluster  PP_cross    Cluster     Cross       AR_step_sum
       980.4      19.602           0      8.5679           0      27.675
 AR_tsyn_sum Stab_Ngroup Iso_Ngroup  Form_Ngroup End_Ngroup  Modf_Ngroup Merg_Ngroup H4_step_sum H4_no_NB    Ep-Ep_sum   Ep-Sp_sum  
     0.15576           2           0    0.012207    0.003418           0           0      89.417   0.0043945   8.769e+05       18120
**** Number of members in clusters (global):
N_members:            1           2           3           4           5           6           7           8           9          10
Count    :        980.4      7.0884     0.96973      0.2832     0.11035     0.05957    0.014648    0.023438   0.0019531    0.016602

Time: 41  N_real(loc): 1000  N_real(glb): 1000  N_all(loc): 1024  N_all(glb): 1024  N_remove(glb): 0  N_escape(glb): 0
Energy:     Error/Total         Error     Error_cum         Total       Kinetic     Potential        Modify  Modify_group Modify_single      Error_PP  Error_PP_cum
Physic:   -0.0006115085     0.7429892      1189.244      -1215.01      4171.075     -5386.086      733.4314             0             0 -1.715221e-06     0.1971126
Slowdown: -0.0007427479     0.7429888      1188.659     -1000.324      3953.636      -4953.96      7524.319             0             0 -1.700545e-06    0.02510763
Angular Momentum:  |L|err: 1.236549  |L|err_cum: 246.0842  L: 104.933   -18.4621    -253.9431  |L|: 275.3886
C.M.: mass: 1900 pos: -1.366782   -0.4743015    0.06981462 vel: -0.08721794   0.01571943    -0.03337035
Tree step number: 2048
**** Wallclock time per step (local): [Min/Max]
 Total       PP_single   PP_cluster  PP_cross    Tree_NB     Tree_Force  Force_corr  Kick        FindCluster CreateGroup MPI_comm    Output      Status      Other      
   0.0019874  2.0057e-05  7.0221e-05           0  0.00035864   0.0014576  3.7432e-05  1.9032e-05  3.8992e-05  2.8845e-05  3.1037e-06  5.1884e-06  5.7583e-09  5.7334e-06
   0.0019874  2.0093e-05  7.0278e-05           0  0.00035357    0.001403  3.7489e-05  1.9066e-05  3.9035e-05  2.8865e-05  3.1361e-06  5.1889e-06  5.7778e-09  5.8216e-06
**** FDPS tree soft force time profile (local):
 Sample_ptcl Domain_deco Ex_ptcl     SetRootCell Make_LT     Make_LET    Make_GT     Make_Group  Make_I_list Calc_force  Write_back 
           0           0           0   1.961e-05  0.00028151  3.5878e-05  0.00022054  3.2556e-06  7.9448e-05  0.00065334  0.00011094
**** Tree neighbor time profile (local):
 Sample_ptcl Domain_deco Ex_ptcl     SetRootCell Make_LT     Make_LET    Make_GT     Make_Group  Make_I_list Calc_force  Write_back 
           0           0           0  1.1334e-05  0.00014122  1.7667e-05  9.6755e-05  6.0872e-07  1.8347e-05  5.1191e-05  1.0637e-05
**** Number per step (global):
 PP_single   PP_cluster  PP_cross    Cluster     Cross       AR_step_sum
      983.54      16.462           0      7.2432           0      27.378
 AR_tsyn_sum Stab_Ngroup Iso_Ngroup  Form_Ngroup End_Ngroup  Modf_Ngroup Merg_Ngroup H4_step_sum H4_no_NB    Ep-Ep_sum   Ep-Sp_sum  
    0.039062           2           0   0.0043945   0.0014648           0           0      68.716   0.0029297  8.7146e+05       19708
**** Number of members in clusters (global):
N_members:            1           2           3           4           5           6           7
Count    :       983.54      6.0742     0.71777     0.21484     0.15039    0.052734    0.033203

Time: 41.5  N_real(loc): 1000  N_real(glb): 1000  N_all(loc): 1024  N_all(glb): 1024  N_remove(glb): 0  N_escape(glb): 0
Energy:     Error/Total         Error     Error_cum         Total       Kinetic     Potential        Modify  Modify_group Modify_single      Error_PP  Error_PP_cum
Physic:   -0.0004911391     0.5959362       1189.84     -1213.376      4141.438     -5354.813      734.4703             0             0 -1.786714e-06     0.1971108
Slowdown:  -0.000596718      0.595936      1189.255     -998.6895      3924.112     -4922.802      7740.044             0             0 -1.804683e-06    0.02510583
Angular Momentum:  |L|err: 1.096351  |L|err_cum: 247.1806  L: 105.3081   -17.90621    -254.936  |L|: 276.4106
C.M.: mass: 1900 pos: -1.399166   -0.4620822    0.06508306 vel: -0.08511478   -0.008186327    -0.04418669
Tree step number: 2048
**** Wallclock time per step (local): [Min/Max]
 Total       PP_single   PP_cluster  PP_cross    Tree_NB     Tree_Force  Force_corr  Kick        FindCluster CreateGroup MPI_comm    Output      Status      Other      
   0.0020764  2.4733e-05  8.1262e-05           0  0.00037356    0.001491  4.6283e-05  2.1838e-05  4.7103e-05  3.1411e-05  1.6832e-06  3.9697e-06  4.4028e-09  5.4119e-06
   0.0020765   2.477e-05  8.1305e-05           0  0.00036758   0.0014428  4.6342e-05  2.1883e-05  4.7147e-05  3.1432e-05  1.7154e-06  3.9698e-06  4.4175e-09  5.5045e-06
**** FDPS tree soft force time profile (local):
 Sample_ptcl Domain_deco Ex_ptcl     SetRootCell Make_LT     Make_LET    Make_GT     Make_Group  Make_I_list Calc_force  Write_back 
           0           0           0  1.7465e-05  0.00027496  4.5246e-05  0.00021326  3.5089e-06  8.1844e-05  0.00069917  9.8108e-05
**** Tree neighbor time profile (local):
 Sample_ptcl Domain_deco Ex_ptcl     SetRootCell Make_LT     Make_LET    Make_GT     Make_Group  Make_I_list Calc_force  Write_back 
           0           0           0  1.1509e-05  0.00014055  1.8039e-05  0.00011742  6.1992e-07  1.4989e-05  4.7127e-05  1.2402e-05
**** Number per step (global):
 PP_single   PP_cluster  PP_cross    Cluster     Cross       AR_step_sum
      981.05      18.949           0      8.4204           0      27.644
 AR_tsyn_sum Stab_Ngroup Iso_Ngroup  Form_Ngroup End_Ngroup  Modf_Ngroup Merg_Ngroup H4_step_sum H4_no_NB    Ep-Ep_sum   Ep-Sp_sum  
     0.14697           2           0    0.017578   0.0053711           0           0      82.378   0.0083008   8.683e+05       18931
**** Number of members in clusters (global):
N_members:            1           2           3           4           5           6           7           8           9
Count    :       981.05      7.1748     0.81396     0.20605     0.12402    0.051758    0.022461  0.00097656    0.026367

Time: 42  N_real(loc): 1000  N_real(glb): 1000  N_all(loc): 1024  N_all(glb): 1024  N_remove(glb): 0  N_escape(glb): 0
Energy:     Error/Total         Error     Error_cum         Total       Kinetic     Potential        Modify  Modify_group Modify_single      Error_PP  Error_PP_cum
Physic:   -0.0004066459     0.4928723      1190.333     -1212.043      4385.322     -5597.365      735.3102             0             0 -2.171833e-06     0.1971086
Slowdown: -0.0004941784     0.4928722      1189.748     -997.3568      4168.111     -5165.468       7955.57             0             0 -2.163101e-06    0.02510366
Angular Momentum:  |L|err: 0.9876592  |L|err_cum: 248.1682  L: 105.6368   -17.39921    -255.8295  |L|: 277.3276
C.M.: mass: 1900 pos: -1.425504   -0.4641506    0.05282011 vel: -0.04769205   -0.007904559    -0.06244944
Tree step number: 2048
**** Wallclock time per step (local): [Min/Max]
 Total       PP_single   PP_cluster  PP_cross    Tree_NB     Tree_Force  Force_corr  Kick        FindCluster CreateGroup MPI_comm    Output      Status      Other      
    0.001917  2.0615e-05  8.3376e-05           0  0.00031686   0.0014087  3.5335e-05  1.7034e-05  4.6811e-05  2.7442e-05  1.0427e-06  3.0803e-06  3.0088e-09  6.1088e-06
    0.001917   2.065e-05  8.3419e-05           0  0.00031098   0.0013628  3.5391e-05  1.7091e-05  4.6855e-05  2.7462e-05  1.0746e-06  3.0806e-06  3.0283e-09  6.1994e-06
**** FDPS tree soft force time profile (local):
 Sample_ptcl Domain_deco Ex_ptcl     SetRootCell Make_LT     Make_LET    Make_GT     Make_Group  Make_I_list Calc_force  Write_back 
           0           0           0  1.2972e-05  0.00026426  3.4815e-05  0.00021366  3.8737e-06  8.4177e-05  0.00063873  9.3295e-05
**** Tree neighbor time profile (local):
 Sample_ptcl Domain_deco Ex_ptcl     SetRootCell Make_LT     Make_LET    Make_GT     Make_Group  Make_I_list Calc_force  Write_back 
           0           0           0  7.0047e-06  0.00011191  2.8638e-05  8.3949e-05  5.9575e-07   1.443e-05  4.6285e-05  1.2222e-05
**** Number per step (global):
 PP_single   PP_cluster  PP_cross    Cluster     Cross       AR_step_sum
      977.62      22.385           0      9.3906           0      27.594
 AR_tsyn_sum Stab_Ngroup Iso_Ngroup  Form_Ngroup End_Ngroup  Modf_Ngroup Merg_Ngroup H4_step_sum H4_no_NB    Ep-Ep_sum   Ep-Sp_sum  
     0.19531           2           0    0.016113   0.0048828           0           0      101.69    0.010254  8.6571e+05       18093
**** Number of members in clusters (global):
N_members:            1           2           3           4           5           6           7           8           9
Count    :       977.62      7.5713     0.99219     0.33984     0.18066     0.21777     0.02832    0.046875    0.013672

Time: 42.5  N_real(loc): 1000  N_real(glb): 1000  N_all(loc): 1024  N_all(glb): 1024  N_remove(glb): 0  N_escape(glb): 0
Energy:     Error/Total         Error     Error_cum         Total       Kinetic     Potential        Modify  Modify_group Modify_single      Error_PP  Error_PP_cum
Physic:   -0.0004119678     0.4988668      1190.831     -1210.936      4518.519     -5729.455      735.9177             0             0 -9.627203e-06      0.197099
Slowdown: -0.0005007444     0.4988668      1190.246     -996.2504      4301.422     -5297.672      8170.863             0             0 -9.622007e-06    0.02509404
Angular Momentum:  |L|err: 0.9001799  |L|err_cum: 249.0684  L: 105.9284   -16.93406    -256.6433  |L|: 278.1607
C.M.: mass: 1900 pos: -1.465518   -0.4629063    0.05541314 vel: -0.08614118   -0.03490907    -0.01435005
Tree step number: 2048
**** Wallclock time per step (local): [Min/Max]
 Total       PP_single   PP_cluster  PP_cross    Tree_NB     Tree_Force  Force_corr  Kick        FindCluster CreateGroup MPI_comm    Output      Status      Other      
   0.0019067  2.4595e-05   7.384e-05           0  0.00032762   0.0014001  3.9486e-05  2.6908e-05  3.3883e-05  2.4474e-05  1.4206e-06  4.3975e-06  4.7939e-09  3.0587e-06
   0.0019067  2.4632e-05  7.3882e-05           0  0.00032231   0.0013502  3.9541e-05  2.6943e-05  3.3924e-05  2.4494e-05  1.4524e-06  4.3976e-06  4.8091e-09  3.1519e-06
**** FDPS tree soft force time profile (local):
 Sample_ptcl Domain_deco Ex_ptcl     SetRootCell Make_LT     Make_LET    Make_GT     Make_Group  Make_I_list Calc_force  Write_back 
           0           0           0  1.3588e-05  0.00026073  3.6698e-05  0.00020855  4.1654e-06  6.7568e-05  0.00065078  0.00010141
**** Tree neighbor time profile (local):
 Sample_ptcl Domain_deco Ex_ptcl     SetRootCell Make_LT     Make_LET    Make_GT     Make_Group  Make_I_list Calc_force  Write_back 
           0           0           0  8.6726e-06  0.00014007  1.6591e-05  8.0869e-05  5.9817e-07  1.3055e-05  4.1653e-05  1.1011e-05
**** Number per step (global):
 PP_single   PP_cluster  PP_cross    Cluster     Cross       AR_step_sum
      980.52      19.484           0      8.3647           0      27.552
 AR_tsyn_sum Stab_Ngroup Iso_Ngroup  Form_Ngroup End_Ngroup  Modf_Ngroup Merg_Ngroup H4_step_sum H4_no_NB    Ep-Ep_sum   Ep-Sp_sum  
     0.39844           2           0    0.037598    0.010742           0           0      85.448    0.030762   8.617e+05       19585
**** Number of members in clusters (global):
N_members:            1           2           3           4           5           6           7           8           9          13
Count    :       980.52      6.7231      1.1108     0.27344     0.12012    0.027344    0.070801    0.011719    0.024414   0.0029297

Time: 43  N_real(loc): 1000  N_real(glb): 1000  N_all(loc): 1024  N_all(glb): 1024  N_remove(glb): 0  N_escape(glb): 0
Energy:     Error/Total         Error     Error_cum         Total       Kinetic     Potential        Modify  Modify_group Modify_single      Error_PP  Error_PP_cum
Physic:   -0.0002854403     0.3453847      1191.177     -1210.007      4797.699     -6007.706       736.502             0             0 -6.978375e-06      0.197092
Slowdown: -0.0003470084     0.3453846      1190.592     -995.3207      4580.718     -5576.039      8386.134             0             0 -6.973708e-06    0.02508707
Angular Momentum:  |L|err: 0.8243997  |L|err_cum: 249.8928  L: 106.1873   -16.50373    -257.388  |L|: 278.9206
C.M.: mass: 1900 pos: -1.527255   -0.4719051    0.08645138 vel: -0.1321277   -0.0008975802    0.04183759
Tree step number: 2048
**** Wallclock time per step (local): [Min/Max]
 Total       PP_single   PP_cluster  PP_cross    Tree_NB     Tree_Force  Force_corr  Kick        FindCluster CreateGroup MPI_comm    Output      Status      Other      
    0.001774  1.7599e-05  8.4629e-05           0  0.00030056   0.0012975  2.5383e-05  1.4285e-05  3.1505e-05  2.6349e-05  1.6962e-06  3.7782e-06  4.0703e-09  3.1975e-06
   0.0017741  1.7653e-05  8.4672e-05           0  0.00029703   0.0012663  2.5472e-05  1.4318e-05  3.1547e-05  2.6368e-05   1.728e-06  3.7784e-06   4.085e-09  3.2973e-06
**** FDPS tree soft force time profile (local):
 Sample_ptcl Domain_deco Ex_ptcl     SetRootCell Make_LT     Make_LET    Make_GT     Make_Group  Make_I_list Calc_force  Write_back 
           0           0           0  1.5697e-05  0.00023065  2.8716e-05  0.00019707   3.126e-06  7.2789e-05  0.00063034  6.4073e-05
**** Tree neighbor time profile (local):
 Sample_ptcl Domain_deco Ex_ptcl     SetRootCell Make_LT     Make_LET    Make_GT     Make_Group  Make_I_list Calc_force  Write_back 
           0           0           0  6.4206e-06  0.00010924  2.0466e-05  7.7114e-05  5.8483e-07  1.6277e-05  4.5437e-05  7.4703e-06
**** Number per step (global):
 PP_single   PP_cluster  PP_cross    Cluster     Cross       AR_step_sum
      977.57      22.429           0       9.335           0      27.538
 AR_tsyn_sum Stab_Ngroup Iso_Ngroup  Form_Ngroup End_Ngroup  Modf_Ngroup Merg_Ngroup H4_step_sum H4_no_NB    Ep-Ep_sum   Ep-Sp_sum  
     0.47412           2           0    0.049805    0.013184           0           0       105.9    0.043945  8.5882e+05       20713
**** Number of members in clusters (global):
N_members:            1           2           3           4           5           6           7           8           9          10          11          12
Count    :       977.57      7.6602     0.78125      0.4043     0.20215     0.14062    0.052246    0.022461    0.030273    0.015625    0.010742   0.0048828
N_members:           13          14
Count    :   0.00097656   0.0092773

Time: 43.5  N_real(loc): 1000  N_real(glb): 1000  N_all(loc): 1024  N_all(glb): 1024  N_remove(glb): 0  N_escape(glb): 0
Energy:     Error/Total         Error     Error_cum         Total       Kinetic     Potential        Modify  Modify_group Modify_single      Error_PP  Error_PP_cum
Physic:   -0.0002554943     0.3089438      1191.486     -1209.201      4430.733     -5639.933      736.9992             0             0 -9.119728e-06     0.1970829
Slowdown: -0.0003106478     0.3089438      1190.901     -994.5146      4213.867     -5208.382      8601.317             0             0 -9.113435e-06    0.02507795
Angular Momentum:  |L|err: 0.7661688  |L|err_cum: 250.659  L: 106.4219   -16.10167    -258.0799  |L|: 279.6249
C.M.: mass: 1900 pos: -1.589187   -0.4720091    0.1098377 vel: -0.0845744   0.05334893    0.0263682
Tree step number: 2048
**** Wallclock time per step (local): [Min/Max]
 Total       PP_single   PP_cluster  PP_cross    Tree_NB     Tree_Force  Force_corr  Kick        FindCluster CreateGroup MPI_comm    Output      Status      Other      
   0.0015399  1.8706e-05  7.8508e-05           0  0.00024887   0.0011273  2.4846e-05  1.1299e-05  2.9356e-05  2.0807e-05  1.1752e-06  4.7315e-06   2.896e-09  3.3336e-06
   0.0015399  1.8742e-05   7.855e-05           0  0.00024582   0.0010991  2.4901e-05  1.1333e-05  2.9397e-05  2.0827e-05  1.2072e-06  4.7317e-06   2.916e-09  3.4282e-06
**** FDPS tree soft force time profile (local):
 Sample_ptcl Domain_deco Ex_ptcl     SetRootCell Make_LT     Make_LET    Make_GT     Make_Group  Make_I_list Calc_force  Write_back 
           0           0           0  1.1961e-05   0.0002119  2.8281e-05  0.00015183   2.646e-06   6.018e-05  0.00055762  5.7893e-05
**** Tree neighbor time profile (local):
 Sample_ptcl Domain_deco Ex_ptcl     SetRootCell Make_LT     Make_LET    Make_GT     Make_Group  Make_I_list Calc_force  Write_back 
           0           0           0  4.0452e-06  8.6587e-05  1.5338e-05  7.0694e-05  5.8623e-07  1.6538e-05   3.559e-05  6.4883e-06
**** Number per step (global):
 PP_single   PP_cluster  PP_cross    Cluster     Cross       AR_step_sum
      976.55      23.446           0      8.4775           0      27.632
 AR_tsyn_sum Stab_Ngroup Iso_Ngroup  Form_Ngroup End_Ngroup  Modf_Ngroup Merg_Ngroup H4_step_sum H4_no_NB    Ep-Ep_sum   Ep-Sp_sum  
     0.45312           2           0    0.033691   0.0092773           0           0      113.16    0.046387  8.6022e+05       19036
**** Number of members in clusters (global):
N_members:            1           2           3           4           5           6           7           8           9          10          11          12
Count    :       976.55      6.2046       1.021     0.48145     0.16016     0.13574     0.13574    0.078125     0.07959    0.078125    0.017578    0.036133
N_members:           13          14          15          16          17
Count    :     0.016602   0.0063477   0.0019531    0.015625   0.0087891

Time: 44  N_real(loc): 1000  N_real(glb): 1000  N_all(loc): 1024  N_all(glb): 1024  N_remove(glb): 0  N_escape(glb): 0
Energy:     Error/Total         Error     Error_cum         Total       Kinetic     Potential        Modify  Modify_group Modify_single      Error_PP  Error_PP_cum
Physic:   -0.0002727622     0.3296179      1191.815     -1208.444      4165.196     -5373.641      737.4259             0             0 -1.992116e-05      0.197063
Slowdown: -0.0003316881     0.3296178       1191.23     -993.7583      3948.446     -4942.204       8816.43             0             0 -1.992555e-05    0.02505803
Angular Momentum:  |L|err: 0.7123802  |L|err_cum: 251.3713  L: 106.6353   -15.72629    -258.7229  |L|: 280.2783
C.M.: mass: 1900 pos: -1.649841   -0.4718453    0.1116962 vel: -0.1135583   0.07598163    0.0007022447
Tree step number: 2048
**** Wallclock time per step (local): [Min/Max]
 Total       PP_single   PP_cluster  PP_cross    Tree_NB     Tree_Force  Force_corr  Kick        FindCluster CreateGroup MPI_comm    Output      Status      Other      
   0.0019987  2.1862e-05  0.00011762           0  0.00033426   0.0014293  4.2855e-05  1.1511e-05  4.6152e-05   3.204e-05  1.8004e-06  3.6285e-06  3.8354e-09  4.1915e-06
   0.0019987  2.1899e-05  0.00011767           0  0.00032755   0.0013873  4.2911e-05  1.1544e-05  4.6198e-05  3.2067e-05  1.8328e-06  3.6287e-06  3.8501e-09  4.2933e-06
**** FDPS tree soft force time profile (local):
 Sample_ptcl Domain_deco Ex_ptcl     SetRootCell Make_LT     Make_LET    Make_GT     Make_Group  Make_I_list Calc_force  Write_back 
           0           0           0   2.161e-05  0.00029127  3.8978e-05  0.00023826  2.9447e-06  7.5851e-05  0.00062091  8.5612e-05
**** Tree neighbor time profile (local):
 Sample_ptcl Domain_deco Ex_ptcl     SetRootCell Make_LT     Make_LET    Make_GT     Make_Group  Make_I_list Calc_force  Write_back 
           0           0           0  1.3415e-05  0.00012113  2.2219e-05  9.2283e-05  5.9581e-07  2.1206e-05  4.4317e-05  1.3965e-05
**** Number per step (global):
 PP_single   PP_cluster  PP_cross    Cluster     Cross       AR_step_sum
      977.53      22.473           0      7.6812           0      32.819
 AR_tsyn_sum Stab_Ngroup Iso_Ngroup  Form_Ngroup End_Ngroup  Modf_Ngroup Merg_Ngroup H4_step_sum H4_no_NB    Ep-Ep_sum   Ep-Sp_sum  
      2.1499           2           0     0.11279    0.025391           0           0      115.21    0.051758  8.6598e+05       17517
**** Number of members in clusters (global):
N_members:            1           2           3           4           5           6           7           8           9          10          11          12
Count    :       977.53      5.7983     0.69385     0.24463    0.099609     0.15186    0.080078     0.14844     0.22998    0.085938     0.09375    0.019531
N_members:           13          14          15
Count    :     0.030273   0.0029297   0.0019531

Time: 44.5  N_real(loc): 1000  N_real(glb): 1000  N_all(loc): 1036  N_all(glb): 1036  N_remove(glb): 0  N_escape(glb): 0
Energy:     Error/Total         Error     Error_cum         Total       Kinetic     Potential        Modify  Modify_group Modify_single      Error_PP  Error_PP_cum
Physic:     -0.09382816      100.1164      1291.932     -1067.019      4595.836     -5662.855      778.7346             0             0    0.09671791     0.2937809
Slowdown:    -0.1366131      100.0795       1291.31     -732.5763      4293.539     -5026.116      9192.218             0             0     0.0749915     0.1000495
Angular Momentum:  |L|err: 24.01577  |L|err_cum: 275.3871  L: 99.02887   0.4539242    -280.6636  |L|: 297.6222
C.M.: mass: 1900 pos: -1.674241   -0.4487785    0.1173113 vel: -0.03902534   0.1067632    0.043901
Tree step number: 2048
**** Wallclock time per step (local): [Min/Max]
 Total       PP_single   PP_cluster  PP_cross    Tree_NB     Tree_Force  Force_corr  Kick        FindCluster CreateGroup MPI_comm    Output      Status      Other      
   0.0018302  1.7511e-05   0.0001547           0  0.00029168   0.0012754  2.8436e-05  1.3768e-05  4.2599e-05   2.331e-05  3.6727e-06  5.4799e-06  3.3755e-09  8.4448e-06
   0.0018302  1.7554e-05  0.00015475           0  0.00028862   0.0012415  2.8492e-05  1.3802e-05  4.2653e-05   2.333e-05  3.7055e-06  5.4803e-06  3.3901e-09  8.5459e-06
**** FDPS tree soft force time profile (local):
 Sample_ptcl Domain_deco Ex_ptcl     SetRootCell Make_LT     Make_LET    Make_GT     Make_Group  Make_I_list Calc_force  Write_back 
           0           0           0    1.86e-05  0.00028765  2.9098e-05   0.0001897  3.1026e-06  6.7489e-05  0.00054463   6.927e-05
**** Tree neighbor time profile (local):
 Sample_ptcl Domain_deco Ex_ptcl     SetRootCell Make_LT     Make_LET    Make_GT     Make_Group  Make_I_list Calc_force  Write_back 
           0           0           0  8.3176e-06  0.00011114  1.7158e-05  8.7296e-05  5.8675e-07  1.3236e-05  3.5045e-05  6.5868e-06
**** Number per step (global):
 PP_single   PP_cluster  PP_cross    Cluster     Cross       AR_step_sum
      978.36      21.639           0      7.3022           0      50.809
 AR_tsyn_sum Stab_Ngroup Iso_Ngroup  Form_Ngroup End_Ngroup  Modf_Ngroup Merg_Ngroup H4_step_sum H4_no_NB    Ep-Ep_sum   Ep-Sp_sum  
      7.9053      2.1167           0     0.12598    0.027344           0           0      119.69    0.036621  8.6548e+05       17522
**** Number of members in clusters (global):
N_members:            1           2           3           4           5           6           7           8           9          10          11          12
Count    :       978.36      5.5024     0.61035     0.20166     0.23291     0.10059     0.11035    0.082031     0.16309     0.15137    0.049805    0.045898
N_members:           13          14          15          16
Count    :     0.020508    0.018555   0.0097656   0.0029297

Time: 45  N_real(loc): 1000  N_real(glb): 1000  N_all(loc): 1036  N_all(glb): 1036  N_remove(glb): 0  N_escape(glb): 0
Energy:     Error/Total         Error     Error_cum         Total       Kinetic     Potential        Modify  Modify_group Modify_single      Error_PP  Error_PP_cum
Physic:     -0.06221413      56.55267      1348.485     -909.0003      3970.332     -4879.332      880.2008             0             0   0.002758046     0.2965389
Slowdown:   -0.09842998       56.5532      1347.863     -574.5526      3668.225     -4242.778      9628.132             0             0 -1.035288e-06     0.1000485
Angular Momentum:  |L|err: 15.40974  |L|err_cum: 290.7968  L: 98.3587   -1.482723    -296.8472  |L|: 312.7217
C.M.: mass: 1900 pos: -1.707246   -0.4078883    0.1312057 vel: -0.04136799   0.08824966    0.04350037
Tree step number: 2048
**** Wallclock time per step (local): [Min/Max]
 Total       PP_single   PP_cluster  PP_cross    Tree_NB     Tree_Force  Force_corr  Kick        FindCluster CreateGroup MPI_comm    Output      Status      Other      
    0.002225  2.5962e-05  7.1257e-05           0  0.00038976   0.0016511  3.2449e-05  1.4403e-05  4.4464e-05  2.6408e-05  2.1232e-06  3.2228e-06  3.2144e-09  4.4408e-06
    0.002225  2.5998e-05  7.1298e-05           0  0.00038614   0.0016119  3.2505e-05  1.4437e-05  4.4515e-05  2.6428e-05  2.1552e-06   3.223e-06   3.229e-09  4.5513e-06
**** FDPS tree soft force time profile (local):
 Sample_ptcl Domain_deco Ex_ptcl     SetRootCell Make_LT     Make_LET    Make_GT     Make_Group  Make_I_list Calc_force  Write_back 
           0           0           0  4.6838e-05  0.00032198  3.7575e-05  0.00025501  3.0117e-06   8.159e-05  0.00067742  8.0231e-05
**** Tree neighbor time profile (local):
 Sample_ptcl Domain_deco Ex_ptcl     SetRootCell Make_LT     Make_LET    Make_GT     Make_Group  Make_I_list Calc_force  Write_back 
           0           0           0  2.5658e-05  0.00013958  2.3348e-05  0.00010148  6.9956e-07  1.5385e-05   3.776e-05  7.7578e-06
**** Number per step (global):
 PP_single   PP_cluster  PP_cross    Cluster     Cross       AR_step_sum
      983.21       16.79           0      7.5156           0      40.796
 AR_tsyn_sum Stab_Ngroup Iso_Ngroup  Form_Ngroup End_Ngroup  Modf_Ngroup Merg_Ngroup H4_step_sum H4_no_NB    Ep-Ep_sum   Ep-Sp_sum  
     0.35791           3           0    0.012207   0.0039062           0           0      58.759    0.013672  8.8086e+05       18559
**** Number of members in clusters (global):
N_members:            1           2           3           4           5           6           7
Count    :       983.21       6.334     0.80957     0.23633     0.07666    0.049316   0.0097656

Time: 45.5  N_real(loc): 1000  N_real(glb): 1000  N_all(loc): 1036  N_all(glb): 1036  N_remove(glb): 0  N_escape(glb): 0
Energy:     Error/Total         Error     Error_cum         Total       Kinetic     Potential        Modify  Modify_group Modify_single      Error_PP  Error_PP_cum
Physic:     -0.00994617      8.795152       1357.28     -884.2753      4360.214     -5244.489      896.1307             0             0  -2.02671e-06     0.2965369
Slowdown:   -0.01599515      8.794572      1356.658     -549.8275      4058.257     -4608.085       9978.51             0             0 -2.039853e-06     0.1000465
Angular Momentum:  |L|err: -0.1471201  |L|err_cum: 290.6497  L: 99.75848   -2.645958    -296.8522  |L|: 313.1773
C.M.: mass: 1900 pos: -1.717303   -0.3718473    0.1782597 vel: -0.0131043   0.04438471    0.06738739
Tree step number: 2048
**** Wallclock time per step (local): [Min/Max]
 Total       PP_single   PP_cluster  PP_cross    Tree_NB     Tree_Force  Force_corr  Kick        FindCluster CreateGroup MPI_comm    Output      Status      Other      
   0.0025109  2.2992e-05  6.6683e-05           0  0.00045816   0.0018798  2.9698e-05  1.1811e-05  3.8538e-05  2.7006e-05  2.1792e-06  4.8533e-06  5.4839e-09  4.2871e-06
   0.0025109  2.3033e-05  6.6724e-05           0  0.00045337   0.0018473   2.976e-05  1.1844e-05  3.8579e-05  2.7025e-05  2.2114e-06  4.8534e-06  5.4985e-09  4.3906e-06
**** FDPS tree soft force time profile (local):
 Sample_ptcl Domain_deco Ex_ptcl     SetRootCell Make_LT     Make_LET    Make_GT     Make_Group  Make_I_list Calc_force  Write_back 
           0           0           0  7.4933e-05  0.00039469  3.5194e-05  0.00032256  4.7891e-06  9.0099e-05  0.00063501  6.6852e-05
**** Tree neighbor time profile (local):
 Sample_ptcl Domain_deco Ex_ptcl     SetRootCell Make_LT     Make_LET    Make_GT     Make_Group  Make_I_list Calc_force  Write_back 
           0           0           0   4.038e-05  0.00014867  2.3778e-05   0.0001256  6.7842e-07  1.3177e-05  3.1088e-05  1.0114e-05
**** Number per step (global):
 PP_single   PP_cluster  PP_cross    Cluster     Cross       AR_step_sum
      985.69      14.311           0      6.7563           0      40.575
 AR_tsyn_sum Stab_Ngroup Iso_Ngroup  Form_Ngroup End_Ngroup  Modf_Ngroup Merg_Ngroup H4_step_sum H4_no_NB    Ep-Ep_sum   Ep-Sp_sum  
     0.20312           3           0    0.012695   0.0024414           0           0      43.179    0.015625  8.8557e+05       17495
**** Number of members in clusters (global):
N_members:            1           2           3           4           5           6
Count    :       985.69      6.2417     0.35156      0.0625    0.081055    0.019531

Time: 46  N_real(loc): 1000  N_real(glb): 1000  N_all(loc): 1036  N_all(glb): 1036  N_remove(glb): 0  N_escape(glb): 0
Energy:     Error/Total         Error     Error_cum         Total       Kinetic     Potential        Modify  Modify_group Modify_single      Error_PP  Error_PP_cum
Physic:    -0.004454234      3.890724       1361.17     -873.4888      4137.494     -5010.983      903.0264             0             0 -3.318085e-06     0.2965336
Slowdown:  -0.007217673      3.890623      1360.548     -539.0411      3835.687     -4374.728      10319.85             0             0  -3.31592e-06     0.1000431
Angular Momentum:  |L|err: -0.6414718  |L|err_cum: 290.0083  L: 100.9024   -3.545817    -296.3069  |L|: 313.0362
C.M.: mass: 1900 pos: -1.729556   -0.3502612    0.2000595 vel: -0.01817299   0.07565816    0.00906421
Tree step number: 2048
**** Wallclock time per step (local): [Min/Max]
 Total       PP_single   PP_cluster  PP_cross    Tree_NB     Tree_Force  Force_corr  Kick        FindCluster CreateGroup MPI_comm    Output      Status      Other      
   0.0019909  1.8121e-05  6.9551e-05           0   0.0003503   0.0014644  2.0448e-05  1.5477e-05  3.2018e-05  2.8503e-05  1.8528e-06  4.5226e-06  5.2686e-09  7.4651e-06
   0.0019909  1.8155e-05  6.9613e-05           0  0.00034643   0.0014441    2.05e-05  1.5519e-05  3.2059e-05  2.8523e-05  1.8849e-06  4.5228e-06  5.2881e-09  7.5602e-06
**** FDPS tree soft force time profile (local):
 Sample_ptcl Domain_deco Ex_ptcl     SetRootCell Make_LT     Make_LET    Make_GT     Make_Group  Make_I_list Calc_force  Write_back 
           0           0           0  3.6557e-05  0.00028575  3.1331e-05  0.00025319  2.8686e-06  8.1168e-05  0.00054906  4.2183e-05
**** Tree neighbor time profile (local):
 Sample_ptcl Domain_deco Ex_ptcl     SetRootCell Make_LT     Make_LET    Make_GT     Make_Group  Make_I_list Calc_force  Write_back 
           0           0           0  1.7805e-05  0.00011779  1.8191e-05  9.6795e-05  6.3339e-07  1.5293e-05  3.1679e-05  8.2229e-06
**** Number per step (global):
 PP_single   PP_cluster  PP_cross    Cluster     Cross       AR_step_sum
      981.02       18.98           0      8.4951           0      40.363
 AR_tsyn_sum Stab_Ngroup Iso_Ngroup  Form_Ngroup End_Ngroup  Modf_Ngroup Merg_Ngroup H4_step_sum H4_no_NB    Ep-Ep_sum   Ep-Sp_sum  
     0.14941           3           0    0.016602   0.0048828           0           0      68.866    0.014648  8.8384e+05       17817
**** Number of members in clusters (global):
N_members:            1           2           3           4           5           6
Count    :       981.02       7.314     0.62695     0.35693     0.13965    0.057617

Time: 46.5  N_real(loc): 1000  N_real(glb): 1000  N_all(loc): 1036  N_all(glb): 1036  N_remove(glb): 0  N_escape(glb): 0
Energy:     Error/Total         Error     Error_cum         Total       Kinetic     Potential        Modify  Modify_group Modify_single      Error_PP  Error_PP_cum
Physic:    -0.002504905      2.173027      1363.343     -867.5089      4007.387     -4874.896      906.8333             0             0 -2.382824e-06     0.2965312
Slowdown:  -0.004076452      2.172998      1362.721     -533.0612      3705.729      -4238.79      10658.11             0             0 -2.377628e-06     0.1000408
Angular Momentum:  |L|err: -0.5131701  |L|err_cum: 289.4951  L: 101.8256   -4.242557    -295.8607  |L|: 312.9217
C.M.: mass: 1900 pos: -1.773068   -0.3129711    0.2149851 vel: -0.07611861   0.08699218    0.07041986
Tree step number: 2048
**** Wallclock time per step (local): [Min/Max]
 Total       PP_single   PP_cluster  PP_cross    Tree_NB     Tree_Force  Force_corr  Kick        FindCluster CreateGroup MPI_comm    Output      Status      Other      
   0.0022451  1.8652e-05  6.5388e-05           0  0.00046035   0.0016221  2.5344e-05  1.2197e-05  2.8039e-05  2.5384e-05  1.0724e-06  4.1492e-06  3.7524e-09  4.4839e-06
   0.0022451  1.8689e-05  6.5431e-05           0  0.00045648   0.0016017  2.5399e-05   1.223e-05  2.8078e-05  2.5405e-05  1.1045e-06  4.1494e-06   3.772e-09   4.595e-06
**** FDPS tree soft force time profile (local):
 Sample_ptcl Domain_deco Ex_ptcl     SetRootCell Make_LT     Make_LET    Make_GT     Make_Group  Make_I_list Calc_force  Write_back 
           0           0           0  5.5887e-05  0.00039301   3.636e-05  0.00031042  3.4951e-06  7.6551e-05  0.00052363  4.2547e-05
**** Tree neighbor time profile (local):
 Sample_ptcl Domain_deco Ex_ptcl     SetRootCell Make_LT     Make_LET    Make_GT     Make_Group  Make_I_list Calc_force  Write_back 
           0           0           0  2.2011e-05   0.0001926  2.0919e-05  0.00012007  6.6307e-07  1.4193e-05  3.2489e-05   8.278e-06
**** Number per step (global):
 PP_single   PP_cluster  PP_cross    Cluster     Cross       AR_step_sum
      984.47      15.528           0      7.1328           0      40.047
 AR_tsyn_sum Stab_Ngroup Iso_Ngroup  Form_Ngroup End_Ngroup  Modf_Ngroup Merg_Ngroup H4_step_sum H4_no_NB    Ep-Ep_sum   Ep-Sp_sum  
    0.011719           3           0   0.0029297  0.00048828           0           0      47.404   0.0019531  8.7888e+05       19980
**** Number of members in clusters (global):
N_members:            1           2           3           4           5           6           7
Count    :       984.47      6.3237     0.45703     0.27979    0.048828    0.017578   0.0058594

Time: 47  N_real(loc): 1000  N_real(glb): 1000  N_all(loc): 1036  N_all(glb): 1036  N_remove(glb): 0  N_escape(glb): 0
Energy:     Error/Total         Error     Error_cum         Total       Kinetic     Potential        Modify  Modify_group Modify_single      Error_PP  Error_PP_cum
Physic:    -0.001681136      1.451679      1364.795     -863.5113      4255.761     -5119.272      909.3793             0             0 -8.416224e-06     0.2965228
Slowdown:  -0.002743843      1.451667      1364.173     -529.0635      3954.252     -4483.315       10995.1             0             0 -8.422196e-06     0.1000323
Angular Momentum:  |L|err: -0.5694139  |L|err_cum: 288.9257  L: 102.626   -4.749855    -295.3254  |L|: 312.6848
C.M.: mass: 1900 pos: -1.808149   -0.2909349    0.2377383 vel: -0.03833865   -0.0007152064    0.01569976
Tree step number: 2048
**** Wallclock time per step (local): [Min/Max]
 Total       PP_single   PP_cluster  PP_cross    Tree_NB     Tree_Force  Force_corr  Kick        FindCluster CreateGroup MPI_comm    Output      Status      Other      
   0.0030663  3.4044e-05  0.00010421           0   0.0005955   0.0021615  5.7429e-05  3.0903e-05  6.2164e-05  4.6912e-05  5.4455e-06  4.5823e-06  4.9897e-09  1.4458e-05
   0.0030664  3.4082e-05  0.00010427           0  0.00058649   0.0021166  5.7513e-05  3.0939e-05  6.2285e-05  4.6935e-05  5.4945e-06  4.5825e-06  5.0044e-09   1.458e-05
**** FDPS tree soft force time profile (local):
 Sample_ptcl Domain_deco Ex_ptcl     SetRootCell Make_LT     Make_LET    Make_GT     Make_Group  Make_I_list Calc_force  Write_back 
           0           0           0  9.1025e-05  0.00050796  7.2328e-05  0.00045021  3.6693e-06  9.9625e-05  0.00069248   9.184e-05
**** Tree neighbor time profile (local):
 Sample_ptcl Domain_deco Ex_ptcl     SetRootCell Make_LT     Make_LET    Make_GT     Make_Group  Make_I_list Calc_force  Write_back 
           0           0           0  3.7529e-05  0.00023054  2.8487e-05  0.00017102  6.8805e-07   2.559e-05  4.5925e-05  1.8532e-05
**** Number per step (global):
 PP_single   PP_cluster  PP_cross    Cluster     Cross       AR_step_sum
      981.63      18.368           0      8.4956           0      44.455
 AR_tsyn_sum Stab_Ngroup Iso_Ngroup  Form_Ngroup End_Ngroup  Modf_Ngroup Merg_Ngroup H4_step_sum H4_no_NB    Ep-Ep_sum   Ep-Sp_sum  
      1.5312           3           0     0.10352    0.021484           0           0      68.463     0.12207  8.7911e+05       20445
**** Number of members in clusters (global):
N_members:            1           2           3           4           5           6           7
Count    :       981.63       7.623     0.50195     0.27783    0.056641     0.03125   0.0048828

Time: 47.5  N_real(loc): 1000  N_real(glb): 1000  N_all(loc): 1036  N_all(glb): 1036  N_remove(glb): 0  N_escape(glb): 0
Energy:     Error/Total         Error     Error_cum         Total       Kinetic     Potential        Modify  Modify_group Modify_single      Error_PP  Error_PP_cum
Physic:    -0.001172522      1.009194      1365.804     -860.7033      4116.297         -4977       911.178             0             0 -4.764029e-06      0.296518
Slowdown:  -0.001917677      1.009188      1365.182     -526.2556      3814.936     -4341.192      11331.35             0             0 -4.764163e-06     0.1000276
Angular Momentum:  |L|err: -0.5017719  |L|err_cum: 288.4239  L: 103.3255   -5.146674    -294.8424  |L|: 312.4655
C.M.: mass: 1900 pos: -1.844891   -0.2956534    0.2581541 vel: -0.02466367   -0.0111621    0.03605219
Tree step number: 2048
**** Wallclock time per step (local): [Min/Max]
 Total       PP_single   PP_cluster  PP_cross    Tree_NB     Tree_Force  Force_corr  Kick        FindCluster CreateGroup MPI_comm    Output      Status      Other      
   0.0039944  4.1965e-05  8.3955e-05           0  0.00083988   0.0028721  6.6835e-05  4.0449e-05  6.3206e-05  4.4398e-05  8.2018e-06  3.9638e-06  4.3247e-09  7.3803e-06
   0.0039945  4.2005e-05     8.4e-05           0  0.00083106      0.0028  6.7656e-05  4.0484e-05   6.327e-05   4.442e-05  8.2348e-06   3.964e-06  4.3394e-09  7.5011e-06
**** FDPS tree soft force time profile (local):
 Sample_ptcl Domain_deco Ex_ptcl     SetRootCell Make_LT     Make_LET    Make_GT     Make_Group  Make_I_list Calc_force  Write_back 
           0           0           0  0.00020574  0.00083177  6.8469e-05  0.00048423  4.1985e-06  0.00010023  0.00080261  0.00014646
**** Tree neighbor time profile (local):
 Sample_ptcl Domain_deco Ex_ptcl     SetRootCell Make_LT     Make_LET    Make_GT     Make_Group  Make_I_list Calc_force  Write_back 
           0           0           0  0.00010932  0.00034687  3.4368e-05  0.00021991  7.0405e-07  1.8689e-05  4.3417e-05  1.8266e-05
**** Number per step (global):
 PP_single   PP_cluster  PP_cross    Cluster     Cross       AR_step_sum
      983.28      16.722           0      7.4736           0      43.257
 AR_tsyn_sum Stab_Ngroup Iso_Ngroup  Form_Ngroup End_Ngroup  Modf_Ngroup Merg_Ngroup H4_step_sum H4_no_NB    Ep-Ep_sum   Ep-Sp_sum  
      1.0845           3           0    0.088867    0.019531           0           0       65.43    0.061523  8.7608e+05       21266
**** Number of members in clusters (global):
N_members:            1           2           3           4           5           6           7
Count    :       983.28      6.4878     0.53906     0.20264     0.17383    0.042969    0.027344

Time: 48  N_real(loc): 1000  N_real(glb): 1000  N_all(loc): 1036  N_all(glb): 1036  N_remove(glb): 0  N_escape(glb): 0
Energy:     Error/Total         Error     Error_cum         Total       Kinetic     Potential        Modify  Modify_group Modify_single      Error_PP  Error_PP_cum
Physic:   -0.0008922096     0.7660406       1366.57     -858.5881      4069.505     -4928.093      912.5272             0             0 -3.203508e-06     0.2965148
Slowdown:  -0.001461537     0.7660503      1365.948     -524.1403      3768.292     -4292.433      11667.15             0             0 -3.201534e-06     0.1000244
Angular Momentum:  |L|err: -0.423487  |L|err_cum: 288.0004  L: 103.9455   -5.47552    -294.4298  |L|: 312.2876
C.M.: mass: 1900 pos: -1.882821   -0.2917655    0.2819802 vel: -0.07360185   0.02974223    0.03753148
Tree step number: 2048
**** Wallclock time per step (local): [Min/Max]
 Total       PP_single   PP_cluster  PP_cross    Tree_NB     Tree_Force  Force_corr  Kick        FindCluster CreateGroup MPI_comm    Output      Status      Other      
   0.0020909  1.9132e-05  6.8742e-05           0   0.0003788   0.0015189  3.6565e-05  2.1659e-05  4.0302e-05  3.1928e-05  4.1654e-06  3.2399e-06  4.3442e-09  8.9197e-06
    0.002091  1.9169e-05  6.8962e-05           0  0.00037296   0.0014806  3.6629e-05  2.1693e-05  4.0345e-05  3.1948e-05   4.198e-06  3.2401e-06  4.3638e-09  9.0119e-06
**** FDPS tree soft force time profile (local):
 Sample_ptcl Domain_deco Ex_ptcl     SetRootCell Make_LT     Make_LET    Make_GT     Make_Group  Make_I_list Calc_force  Write_back 
           0           0           0  3.6696e-05  0.00038133   4.877e-05  0.00028006  3.0329e-06  9.3066e-05  0.00051695  7.8079e-05
**** Tree neighbor time profile (local):
 Sample_ptcl Domain_deco Ex_ptcl     SetRootCell Make_LT     Make_LET    Make_GT     Make_Group  Make_I_list Calc_force  Write_back 
           0           0           0  1.7006e-05  0.00014812  2.4046e-05   0.0001107  1.0085e-06  2.0086e-05  3.3644e-05  1.2095e-05
**** Number per step (global):
 PP_single   PP_cluster  PP_cross    Cluster     Cross       AR_step_sum
      982.63       17.37           0      7.5713           0      40.333
 AR_tsyn_sum Stab_Ngroup Iso_Ngroup  Form_Ngroup End_Ngroup  Modf_Ngroup Merg_Ngroup H4_step_sum H4_no_NB    Ep-Ep_sum   Ep-Sp_sum  
     0.12402           3           0    0.017578   0.0039062           0           0      62.966    0.011719  8.6556e+05       25412
**** Number of members in clusters (global):
N_members:            1           2           3           4           5           6           7           8
Count    :       982.63       6.375     0.69385     0.18652     0.17139    0.079102      0.0625   0.0029297

Time: 48.5  N_real(loc): 1000  N_real(glb): 1000  N_all(loc): 1036  N_all(glb): 1036  N_remove(glb): 0  N_escape(glb): 0
Energy:     Error/Total         Error     Error_cum         Total       Kinetic     Potential        Modify  Modify_group Modify_single      Error_PP  Error_PP_cum
Physic:   -0.0007080478     0.6067458      1367.177     -856.9278      4113.429     -4970.357      913.5808             0             0 -1.350509e-05     0.2965013
Slowdown:  -0.001161277     0.6067441      1366.555       -522.48      3812.365     -4334.845      12002.65             0             0 -1.350841e-05     0.1000109
Angular Momentum:  |L|err: -0.3594033  |L|err_cum: 287.641  L: 104.5086   -5.760197    -294.0767  |L|: 312.1479
C.M.: mass: 1900 pos: -1.925466   -0.2833581    0.2878089 vel: -0.1074963   0.01112386    0.0510192
Tree step number: 2048
**** Wallclock time per step (local): [Min/Max]
 Total       PP_single   PP_cluster  PP_cross    Tree_NB     Tree_Force  Force_corr  Kick        FindCluster CreateGroup MPI_comm    Output      Status      Other      
   0.0020276  1.9624e-05  9.3169e-05           0  0.00039262    0.001423  2.8238e-05  8.3988e-06  5.1995e-05  2.9311e-05  1.4787e-06  4.7286e-06  6.6582e-09   6.065e-06
   0.0020276  1.9661e-05  9.3214e-05           0  0.00038761   0.0013947  2.8293e-05  8.4323e-06  5.2049e-05  2.9331e-05  1.5111e-06  4.7288e-06   6.707e-09  6.1515e-06
**** FDPS tree soft force time profile (local):
 Sample_ptcl Domain_deco Ex_ptcl     SetRootCell Make_LT     Make_LET    Make_GT     Make_Group  Make_I_list Calc_force  Write_back 
           0           0           0  4.1037e-05  0.00036157  4.2236e-05  0.00027445  3.3527e-06  8.8655e-05  0.00045648  5.8221e-05
**** Tree neighbor time profile (local):
 Sample_ptcl Domain_deco Ex_ptcl     SetRootCell Make_LT     Make_LET    Make_GT     Make_Group  Make_I_list Calc_force  Write_back 
           0           0           0  1.3756e-05  0.00013886  2.5006e-05  0.00011776  6.1934e-07  1.8665e-05  3.8959e-05  1.0438e-05
**** Number per step (global):
 PP_single   PP_cluster  PP_cross    Cluster     Cross       AR_step_sum
      983.59      16.409           0      7.2939           0      43.332
 AR_tsyn_sum Stab_Ngroup Iso_Ngroup  Form_Ngroup End_Ngroup  Modf_Ngroup Merg_Ngroup H4_step_sum H4_no_NB    Ep-Ep_sum   Ep-Sp_sum  
      1.0703           3           0     0.09375    0.022461           0           0        62.9    0.071289  8.7033e+05       22741
**** Number of members in clusters (global):
N_members:            1           2           3           4           5           6           7           8           9
Count    :       983.59      6.0986     0.86865     0.10938     0.15576    0.045898    0.011719   0.0029297  0.00097656

Time: 49  N_real(loc): 1000  N_real(glb): 1000  N_all(loc): 1036  N_all(glb): 1036  N_remove(glb): 0  N_escape(glb): 0
Energy:     Error/Total         Error     Error_cum         Total       Kinetic     Potential        Modify  Modify_group Modify_single      Error_PP  Error_PP_cum
Physic:    -0.000580125     0.4963372      1367.673     -855.5695      4151.825     -5007.395      914.4427             0             0 -9.678437e-06     0.2964916
Slowdown:  -0.000952438     0.4963361      1367.051     -521.1217      3850.908      -4372.03      12337.96             0             0 -9.679627e-06     0.1000012
Angular Momentum:  |L|err: -0.3181963  |L|err_cum: 287.3228  L: 105.0375   -6.032227    -293.7644  |L|: 312.0365
C.M.: mass: 1900 pos: -1.980488   -0.2921425    0.2972591 vel: -0.09011387   -0.04807284    -0.002848873
Tree step number: 2048
**** Wallclock time per step (local): [Min/Max]
 Total       PP_single   PP_cluster  PP_cross    Tree_NB     Tree_Force  Force_corr  Kick        FindCluster CreateGroup MPI_comm    Output      Status      Other      
    0.001782  2.0271e-05   7.343e-05           0  0.00033321    0.001267  2.2083e-05  1.6657e-05  3.5133e-05  2.6398e-05   1.695e-06  3.5593e-06  5.7578e-09   4.162e-06
    0.001782  2.0316e-05  7.3494e-05           0    0.000329   0.0012472  2.2136e-05  1.6704e-05  3.5177e-05  2.6418e-05  1.7435e-06  3.5597e-06  5.7725e-09   4.253e-06
**** FDPS tree soft force time profile (local):
 Sample_ptcl Domain_deco Ex_ptcl     SetRootCell Make_LT     Make_LET    Make_GT     Make_Group  Make_I_list Calc_force  Write_back 
           0           0           0  2.7971e-05  0.00027666  3.5515e-05    0.000238  3.3891e-06  7.4864e-05  0.00044145  4.1466e-05
**** Tree neighbor time profile (local):
 Sample_ptcl Domain_deco Ex_ptcl     SetRootCell Make_LT     Make_LET    Make_GT     Make_Group  Make_I_list Calc_force  Write_back 
           0           0           0  1.9766e-05  0.00011439  1.7959e-05   9.488e-05  7.0567e-07  1.5603e-05  2.9494e-05  9.0499e-06
**** Number per step (global):
 PP_single   PP_cluster  PP_cross    Cluster     Cross       AR_step_sum
      985.04      14.965           0       6.936           0      41.363
 AR_tsyn_sum Stab_Ngroup Iso_Ngroup  Form_Ngroup End_Ngroup  Modf_Ngroup Merg_Ngroup H4_step_sum H4_no_NB    Ep-Ep_sum   Ep-Sp_sum  
     0.46143           3           0     0.04834    0.012695           0           0       50.56     0.03125  8.7563e+05       19357
**** Number of members in clusters (global):
N_members:            1           2           3           4           5
Count    :       985.04       6.123     0.60352     0.13916    0.070312

Time: 49.5  N_real(loc): 1000  N_real(glb): 1000  N_all(loc): 1036  N_all(glb): 1036  N_remove(glb): 0  N_escape(glb): 0
Energy:     Error/Total         Error     Error_cum         Total       Kinetic     Potential        Modify  Modify_group Modify_single      Error_PP  Error_PP_cum
Physic:   -0.0004962431     0.4239989      1368.097     -854.4177      4284.096     -5138.514      915.1705             0             0 -8.816866e-06     0.2964828
Slowdown: -0.0008154282     0.4239981      1367.475     -519.9699      3983.327     -4503.297      12673.13             0             0 -8.872166e-06    0.09999231
Angular Momentum:  |L|err: -0.2903148  |L|err_cum: 287.0325  L: 105.5262   -6.266994    -293.4755  |L|: 311.9341
C.M.: mass: 1900 pos: -2.026207   -0.3097482    0.2845009 vel: -0.1247925   -0.03496156    -0.02712351
Tree step number: 2048
**** Wallclock time per step (local): [Min/Max]
 Total       PP_single   PP_cluster  PP_cross    Tree_NB     Tree_Force  Force_corr  Kick        FindCluster CreateGroup MPI_comm    Output      Status      Other      
   0.0028417  2.6302e-05  8.7043e-05           0  0.00051434   0.0021168   3.851e-05  1.5902e-05  4.1903e-05  3.7546e-05  2.5691e-06   3.885e-06  3.6006e-09  6.5842e-06
   0.0028418  2.6354e-05  8.7106e-05           0  0.00050949   0.0020694   3.857e-05  1.5937e-05   4.195e-05  3.7567e-05  2.6997e-06  3.8852e-06  3.6152e-09  6.7091e-06
**** FDPS tree soft force time profile (local):
 Sample_ptcl Domain_deco Ex_ptcl     SetRootCell Make_LT     Make_LET    Make_GT     Make_Group  Make_I_list Calc_force  Write_back 
           0           0           0  6.6178e-05  0.00045824   4.852e-05  0.00036098  4.0307e-06  8.5317e-05  0.00073226  9.6984e-05
**** Tree neighbor time profile (local):
 Sample_ptcl Domain_deco Ex_ptcl     SetRootCell Make_LT     Make_LET    Make_GT     Make_Group  Make_I_list Calc_force  Write_back 
           0           0           0  3.5515e-05  0.00017498  2.2002e-05  0.00014743  7.5762e-07  1.7011e-05  3.8598e-05  1.0246e-05
**** Number per step (global):
 PP_single   PP_cluster  PP_cross    Cluster     Cross       AR_step_sum
      981.62      18.384           0       8.147           0      41.936
 AR_tsyn_sum Stab_Ngroup Iso_Ngroup  Form_Ngroup End_Ngroup  Modf_Ngroup Merg_Ngroup H4_step_sum H4_no_NB    Ep-Ep_sum   Ep-Sp_sum  
     0.66699           3           0     0.05957     0.01416           0           0      73.679    0.041992  8.6497e+05       22203
**** Number of members in clusters (global):
N_members:            1           2           3           4           5           6           7
Count    :       981.62      6.8066     0.83154     0.32617     0.12793    0.050781   0.0039062

Time: 50  N_real(loc): 1000  N_real(glb): 1000  N_all(loc): 1036  N_all(glb): 1036  N_remove(glb): 0  N_escape(glb): 0
Energy:     Error/Total         Error     Error_cum         Total       Kinetic     Potential        Modify  Modify_group Modify_single      Error_PP  Error_PP_cum
Physic:     -0.00042989     0.3668832      1368.464      -853.435       4436.11     -5289.545      915.7863             0             0 -4.346153e-06     0.2964785
Slowdown: -0.0007069203     0.3668826      1367.842     -518.9873      4135.487     -4654.474       13008.2             0             0 -4.332548e-06    0.09998798
Angular Momentum:  |L|err: -0.2439672  |L|err_cum: 286.7885  L: 105.9697   -6.457992    -293.2283  |L|: 311.8559
C.M.: mass: 1900 pos: -2.095263   -0.3225014    0.2731993 vel: -0.1076352   -0.02796505    0.01644823
Tree step number: 2048
**** Wallclock time per step (local): [Min/Max]
 Total       PP_single   PP_cluster  PP_cross    Tree_NB     Tree_Force  Force_corr  Kick        FindCluster CreateGroup MPI_comm    Output      Status      Other      
   0.0021227  2.0044e-05  7.5127e-05           0  0.00036522    0.001584  3.3442e-05  1.4535e-05  3.4718e-05  2.5546e-05  1.4175e-06   4.556e-06   3.229e-09  4.2313e-06
   0.0021227   2.008e-05   7.517e-05           0  0.00036227   0.0015446  3.3498e-05   1.457e-05  3.4762e-05  2.5566e-05  1.4493e-06  4.5562e-06  3.2437e-09  4.3325e-06
**** FDPS tree soft force time profile (local):
 Sample_ptcl Domain_deco Ex_ptcl     SetRootCell Make_LT     Make_LET    Make_GT     Make_Group  Make_I_list Calc_force  Write_back 
           0           0           0  3.7729e-05  0.00027969  3.6965e-05   0.0002473  3.0071e-06  7.1009e-05    0.000667  8.0427e-05
**** Tree neighbor time profile (local):
 Sample_ptcl Domain_deco Ex_ptcl     SetRootCell Make_LT     Make_LET    Make_GT     Make_Group  Make_I_list Calc_force  Write_back 
           0           0           0  1.8358e-05  0.00012585   1.746e-05  0.00010149  6.4855e-07  1.4976e-05  3.4553e-05  6.3606e-06
**** Number per step (global):
 PP_single   PP_cluster  PP_cross    Cluster     Cross       AR_step_sum
      982.35      17.647           0      8.0054           0      41.283
 AR_tsyn_sum Stab_Ngroup Iso_Ngroup  Form_Ngroup End_Ngroup  Modf_Ngroup Merg_Ngroup H4_step_sum H4_no_NB    Ep-Ep_sum   Ep-Sp_sum  
     0.41455           3           0    0.039062    0.010254           0           0      64.011    0.019531  8.7106e+05       20156
**** Number of members in clusters (global):
N_members:            1           2           3           4           5           6
Count    :       982.35      6.9888     0.61426     0.21436     0.15869    0.029297
MemoryPool::finalize() is completed!
******** FDPS has successfully finished. ********
Info: removed 4 empty tmp file(s) on exit.
