     //==================================\\
     ||                                  ||
     || ::::::: ::::::. ::::::. .::::::. ||
     || ::      ::    : ::    : ::       ||
     || ::::::  ::    : ::::::'  `:::::. ||
     || ::      ::::::' ::      `......' ||
     ||     Framework for Developing     ||
     ||        Particle Simulator        ||
     ||     Version 8.0 (2025/09)       ||
     \\==================================//

       Home   : https://github.com/fdps/fdps 
       E-mail : fdps-support@mail.jmlab.jp
       Licence: MIT (see, https://github.com/FDPS/FDPS/blob/master/LICENSE)
       Note   : Please cite the following papers.
                - Iwasawa et al. (2016, Publications of the Astronomical Society of Japan, 68, 54)
                - Namekata et al. (2018, Publications of the Astronomical Society of Japan, 70, 70)
                - Iwasawa et al. (2020, Publications of the Astronomical Society of Japan, 72, 13)

       Copyright (C) 2015 
         Masaki Iwasawa, Ataru Tanikawa, Natsuki Hosono,
         Keigo Nitadori, Takayuki Muranushi, Daisuke Namekata,
         Kentaro Nomura, Junichiro Makino and many others
******** FDPS has successfully begun. ********

 ******************************************
  ██████╗ ███████╗████████╗ █████╗ ██████╗
  ██╔══██╗██╔════╝╚══██╔══╝██╔══██╗██╔══██╗
  ██████╔╝█████╗     ██║   ███████║██████╔╝
  ██╔═══╝ ██╔══╝     ██║   ██╔══██║██╔══██╗
  ██║     ███████╗   ██║   ██║  ██║██║  ██║
  ╚═╝     ╚══════╝   ╚═╝   ╚═╝  ╚═╝╚═╝  ╚═╝
 ******************************************
Version: 1762e_447e
============== PeTar ================
 Online document: (preparing)
 GitHub page: https://github.com/lwang-astro/PeTar
 License: MIT
 Please cite the following papers when you use PeTar for any publications
    FDPS: see above FPDS Logo message
    SDAR: Wang L., Nitadori K., Makino J., 2020, MNRAS, 493, 3398
    PeTar: Wang L., Iwasawa M., Nitadori K., Makino J., 2020, MNRAS, 497, 536
 Copyright (C) 2017
    Long Wang, Masaki Iwasawa, Keigo Nitadori, Junichiro Makino and many others
=====================================
Use quadrupole moment in tree force calculation
Use 3rd order tidal tensor method
Use Pseudoparticle multipole method
Use 4th-order KDKDK mode for tree step
Use orbit-dependent neighbor criterion
Check energy of short-range (hard) integration
Count isolated particles in hard clusters
Use SIMD
Calculate profile
Use AR TTL method
Use slowdown Tree method
Use slowdown timescale criterion
Print adjust group information
=====================================
Input data unit: 1
End time of simulation: 50
Output time interval for particle dataset snapshots: 0.5
Tree timestep (dt_soft): 0
Data file reading and writing format: 1
Reading data file name: input
----- Finish reading main options -----
----- Finish reading hard options -----
----- Parallelization information -----
MPI processors: 1
OMP threads:    4
----- Reading file: input -----
Number of particles = 1000
Time = 0
----- Unit set 1: Msun, pc, Myr -----
gravitational_constant = 0.0044985021514696 pc^3/(Msun*Myr^2)
----- Parameter list: -----
 Average mass                      = 1.9
 Mean inner changeover radius      = 0.0029786806970945
 Mean outer changeover radius      = 0.029786806970945
 Minimum neighbor searching radius = 0.035744168365133
 Velocity dispersion (1D)          = 1.0495122845103
 Tree time step                    = 0.00048828125
 Output time step                  = 0.5
----- Hard Parameter list: -----
 Mean search group radius:         = 0.0029786806970945
 Mean group radius                 = 0.0023829445576756
 Hermite timestep coefficient 4th  = 0.1
 Hermite timestep coefficient init = 0.001
 Hermite maximum timestep          = 0.000244140625
 AR slowdown maximum timescale     = 0.0009765625
 AR slowdown perturbation criterion= 0.0001
 Artificial particle ID offset     = 1001
 KDTree minimum particles+groups   = 32
-----  Save parameter files -----
Save PeTar parameters to file data.par
Save hard parameters to file data.par.hard
-----  Finish parameter initialization -----

Time: 0  N_real(loc): 1000  N_real(glb): 1000  N_all(loc): 1000  N_all(glb): 1000  N_remove(glb): 0  N_escape(glb): 0
Energy:     Error/Total         Error     Error_cum         Total       Kinetic     Potential        Modify  Modify_group Modify_single      Error_PP  Error_PP_cum
Physic:              -0             0             0     -3217.238      3174.493     -6391.731             0             0             0             0             0
Slowdown:            -0             0             0     -3217.238      3174.493     -6391.731             0             0             0             0             0
Angular Momentum:  |L|err: 0  |L|err_cum: 0  L: -102.834   108.2283    -198.999  |L|: 248.7746
C.M.: mass: 1900 pos: -0.1033966   0.04730211    0.0761825 vel: 0.01899704   -0.004486553    0.004259086

Time: 0.5  N_real(loc): 1000  N_real(glb): 1000  N_all(loc): 1000  N_all(glb): 1000  N_remove(glb): 0  N_escape(glb): 0
Energy:     Error/Total         Error     Error_cum         Total       Kinetic     Potential        Modify  Modify_group Modify_single      Error_PP  Error_PP_cum
Physic:   -4.575927e-07   0.001472184   0.001472184     -3217.236      3180.294      -6397.53  7.616191e-08             0             0 -1.004247e-06 -1.004247e-06
Slowdown: -4.575927e-07   0.001472184   0.001472184     -3217.236      3180.294      -6397.53  7.615632e-08             0             0 -1.001229e-06 -1.001229e-06
Angular Momentum:  |L|err: 0.0006878216  |L|err_cum: 0.0006878216  L: -102.8345   108.2285    -198.9993  |L|: 248.7751
C.M.: mass: 1900 pos: -0.07018963   0.03681148    0.07266349 vel: 0.09938018   -0.03378785    -0.003320049
Tree step number: 2048
**** Wallclock time per step (local): [Min/Max]
 Total       PP_single   PP_cluster  PP_cross    Tree_NB     Tree_Force  Force_corr  Kick        FindCluster CreateGroup MPI_comm    Output      Status      Other      
   0.0023077  3.8814e-05  0.00010404           0  0.00041726   0.0016439  5.3767e-05  3.6326e-05  5.2872e-05  2.7183e-05  4.3156e-06  3.8464e-06  3.9917e-09  6.3793e-06
   0.0023077   3.886e-05  0.00010409           0  0.00040342   0.0015749  5.3826e-05  3.6362e-05   5.292e-05  2.7205e-05  4.3593e-06  3.8467e-06  4.0063e-09  6.4793e-06
**** FDPS tree soft force time profile (local):
 Sample_ptcl Domain_deco Ex_ptcl     SetRootCell Make_LT     Make_LET    Make_GT     Make_Group  Make_I_list Calc_force  Write_back 
           0           0           0  2.4157e-05  0.00030138  3.6707e-05  0.00023404  3.2705e-06  5.8195e-05  0.00079017   0.0001397
**** Tree neighbor time profile (local):
 Sample_ptcl Domain_deco Ex_ptcl     SetRootCell Make_LT     Make_LET    Make_GT     Make_Group  Make_I_list Calc_force  Write_back 
           0           0           0   9.519e-06  0.00013431  1.7297e-05  9.9908e-05  4.5461e-07  1.8617e-05  9.7982e-05  2.8124e-05
**** Number per step (global):
 PP_single   PP_cluster  PP_cross    Cluster     Cross       AR_step_sum
      969.41      30.591           0      14.661           0     0.81055
 AR_tsyn_sum Stab_Ngroup Iso_Ngroup  Form_Ngroup End_Ngroup  Modf_Ngroup Merg_Ngroup H4_step_sum H4_no_NB    Ep-Ep_sum   Ep-Sp_sum  
     0.28174           0           0    0.030273   0.0087891           0           0      148.88    0.062012  9.5249e+05      6406.1
**** Number of members in clusters (global):
N_members:            1           2           3           4           5           6
Count    :       969.41       13.56      0.9585     0.13037  0.00097656    0.011719

Time: 1  N_real(loc): 1000  N_real(glb): 1000  N_all(loc): 1000  N_all(glb): 1000  N_remove(glb): 0  N_escape(glb): 0
Energy:     Error/Total         Error     Error_cum         Total       Kinetic     Potential        Modify  Modify_group Modify_single      Error_PP  Error_PP_cum
Physic:    3.344471e-07  -0.001075996  0.0003961881     -3217.237       3494.95     -6712.187  1.257696e-07             0             0 -1.289966e-07 -1.133244e-06
Slowdown:  3.344471e-07  -0.001075996  0.0003961881     -3217.237       3494.95     -6712.187  1.257862e-07             0             0 -1.233927e-07 -1.124621e-06
Angular Momentum:  |L|err: 0.0006635761  |L|err_cum: 0.001351398  L: -102.8343   108.2281    -199.0003  |L|: 248.7757
C.M.: mass: 1900 pos: -0.05020859   0.03664394    0.04917929 vel: 0.004914944   0.0122508    -0.08150303
Tree step number: 2048
**** Wallclock time per step (local): [Min/Max]
 Total       PP_single   PP_cluster  PP_cross    Tree_NB     Tree_Force  Force_corr  Kick        FindCluster CreateGroup MPI_comm    Output      Status      Other      
   0.0031877  4.9773e-05  0.00011551           0  0.00049374   0.0022556   0.0001331   9.402e-05  0.00011086  7.3433e-05  3.2292e-06  4.6082e-06  3.6787e-09  1.1718e-05
   0.0031878  4.9829e-05  0.00011556           0  0.00047335    0.002115  0.00013317   9.406e-05  0.00011091  7.3467e-05  3.2753e-06  4.6084e-06  3.6982e-09  1.1823e-05
**** FDPS tree soft force time profile (local):
 Sample_ptcl Domain_deco Ex_ptcl     SetRootCell Make_LT     Make_LET    Make_GT     Make_Group  Make_I_list Calc_force  Write_back 
           0           0           0  4.0754e-05  0.00046365  4.7618e-05  0.00036716  6.0846e-06  7.2874e-05  0.00091526  0.00028303
**** Tree neighbor time profile (local):
 Sample_ptcl Domain_deco Ex_ptcl     SetRootCell Make_LT     Make_LET    Make_GT     Make_Group  Make_I_list Calc_force  Write_back 
           0           0           0  1.3545e-05   0.0001595  2.2867e-05  0.00011047  4.5024e-07  2.5193e-05  0.00010543  4.1246e-05
**** Number per step (global):
 PP_single   PP_cluster  PP_cross    Cluster     Cross       AR_step_sum
      967.65      32.354           0      15.227           0     0.40234
 AR_tsyn_sum Stab_Ngroup Iso_Ngroup  Form_Ngroup End_Ngroup  Modf_Ngroup Merg_Ngroup H4_step_sum H4_no_NB    Ep-Ep_sum   Ep-Sp_sum  
     0.14551           0           0    0.026855   0.0063477           0           0      161.09    0.071289  9.5427e+05      6275.1
**** Number of members in clusters (global):
N_members:            1           2           3           4           5
Count    :       967.65      13.608      1.3828     0.18896    0.046875

Time: 1.5  N_real(loc): 1000  N_real(glb): 1000  N_all(loc): 1000  N_all(glb): 1000  N_remove(glb): 0  N_escape(glb): 0
Energy:     Error/Total         Error     Error_cum         Total       Kinetic     Potential        Modify  Modify_group Modify_single      Error_PP  Error_PP_cum
Physic:   -4.233711e-07   0.001362085   0.001758273     -3217.236      3345.761     -6562.997  1.848935e-07             0             0 -4.285998e-07 -1.561844e-06
Slowdown: -4.233711e-07   0.001362085   0.001758273     -3217.236      3345.761     -6562.997  1.849103e-07             0             0 -4.318918e-07 -1.556513e-06
Angular Momentum:  |L|err: 0.0004899655  |L|err_cum: 0.001841363  L: -102.8341   108.2281    -199.0008  |L|: 248.776
C.M.: mass: 1900 pos: -0.1093868   0.05925017    0.01393518 vel: -0.1377226   0.09695841    -0.04519908
Tree step number: 2048
**** Wallclock time per step (local): [Min/Max]
 Total       PP_single   PP_cluster  PP_cross    Tree_NB     Tree_Force  Force_corr  Kick        FindCluster CreateGroup MPI_comm    Output      Status      Other      
    0.002342   2.612e-05  0.00011114           0  0.00039388   0.0017077  6.1955e-05  3.1699e-05  5.3068e-05  3.2749e-05  4.0273e-06  4.6857e-06  7.5532e-09  4.5859e-06
   0.0023421  2.6156e-05   0.0001112           0  0.00038319   0.0016266  6.2015e-05  3.1746e-05  5.3115e-05  3.2771e-05  4.0596e-06  4.6859e-06  7.5728e-09  4.6882e-06
**** FDPS tree soft force time profile (local):
 Sample_ptcl Domain_deco Ex_ptcl     SetRootCell Make_LT     Make_LET    Make_GT     Make_Group  Make_I_list Calc_force  Write_back 
           0           0           0  3.3021e-05   0.0003541   3.757e-05  0.00025978  3.2138e-06  6.2796e-05   0.0007467  0.00016385
**** Tree neighbor time profile (local):
 Sample_ptcl Domain_deco Ex_ptcl     SetRootCell Make_LT     Make_LET    Make_GT     Make_Group  Make_I_list Calc_force  Write_back 
           0           0           0  1.1327e-05  0.00013151  2.0626e-05  9.5984e-05  4.3385e-07  1.9965e-05    8.42e-05  2.1809e-05
**** Number per step (global):
 PP_single   PP_cluster  PP_cross    Cluster     Cross       AR_step_sum
      965.75      34.254           0      16.089           0     0.27539
 AR_tsyn_sum Stab_Ngroup Iso_Ngroup  Form_Ngroup End_Ngroup  Modf_Ngroup Merg_Ngroup H4_step_sum H4_no_NB    Ep-Ep_sum   Ep-Sp_sum  
     0.10498           0           0    0.020996   0.0053711           0           0      170.96    0.071289  9.5727e+05      6503.4
**** Number of members in clusters (global):
N_members:            1           2           3           4           5           6           8
Count    :       965.75      14.456      1.3584     0.17676    0.048828    0.041016   0.0087891

Time: 2  N_real(loc): 1000  N_real(glb): 1000  N_all(loc): 1000  N_all(glb): 1000  N_remove(glb): 0  N_escape(glb): 0
Energy:     Error/Total         Error     Error_cum         Total       Kinetic     Potential        Modify  Modify_group Modify_single      Error_PP  Error_PP_cum
Physic:    1.112111e-07 -0.0003577924    0.00140048     -3217.236      3362.265     -6579.501  2.334703e-07             0             0 -2.655935e-06 -4.217779e-06
Slowdown:  1.112112e-07 -0.0003577925    0.00140048     -3217.236      3362.265     -6579.501  2.336654e-07             0             0 -2.671896e-06 -4.228409e-06
Angular Momentum:  |L|err: -0.0004954532  |L|err_cum: 0.00134591  L: -102.8341   108.2282    -199.0003  |L|: 248.7757
C.M.: mass: 1900 pos: -0.1717467   0.09505557    -0.008457902 vel: -0.1176648   0.06053836    -0.06691023
Tree step number: 2048
**** Wallclock time per step (local): [Min/Max]
 Total       PP_single   PP_cluster  PP_cross    Tree_NB     Tree_Force  Force_corr  Kick        FindCluster CreateGroup MPI_comm    Output      Status      Other      
   0.0029469  6.5868e-05  0.00012419           0  0.00054297   0.0020462  9.7435e-05  5.8159e-05   7.571e-05  3.4024e-05   4.047e-06  5.5147e-06  4.0703e-09  1.1689e-05
    0.002947  6.5908e-05  0.00012424           0  0.00052656   0.0019415  9.7501e-05  5.8199e-05  7.5762e-05  3.4046e-05  4.0802e-06   5.515e-06   4.085e-09  1.1804e-05
**** FDPS tree soft force time profile (local):
 Sample_ptcl Domain_deco Ex_ptcl     SetRootCell Make_LT     Make_LET    Make_GT     Make_Group  Make_I_list Calc_force  Write_back 
           0           0           0   3.291e-05  0.00039916  5.0008e-05  0.00030877  3.4303e-06  7.2373e-05  0.00090004  0.00021124
**** Tree neighbor time profile (local):
 Sample_ptcl Domain_deco Ex_ptcl     SetRootCell Make_LT     Make_LET    Make_GT     Make_Group  Make_I_list Calc_force  Write_back 
           0           0           0  2.4706e-05   0.0001937  2.5108e-05  0.00013833  4.2887e-07  2.4516e-05  0.00010338    3.33e-05
**** Number per step (global):
 PP_single   PP_cluster  PP_cross    Cluster     Cross       AR_step_sum
      971.24      28.757           0      13.232           0     0.56445
 AR_tsyn_sum Stab_Ngroup Iso_Ngroup  Form_Ngroup End_Ngroup  Modf_Ngroup Merg_Ngroup H4_step_sum H4_no_NB    Ep-Ep_sum   Ep-Sp_sum  
     0.20117           0           0    0.019531   0.0048828           0           0      147.02    0.066406  9.6007e+05      6404.2
**** Number of members in clusters (global):
N_members:            1           2           3           4           5           6
Count    :       971.24      11.581      1.2446     0.22363     0.13379    0.049805

Time: 2.5  N_real(loc): 1000  N_real(glb): 1000  N_all(loc): 1000  N_all(glb): 1000  N_remove(glb): 0  N_escape(glb): 0
Energy:     Error/Total         Error     Error_cum         Total       Kinetic     Potential        Modify  Modify_group Modify_single      Error_PP  Error_PP_cum
Physic:    -9.42143e-08  0.0003031096    0.00170359     -3217.236       3501.12     -6718.356  3.463037e-07             0             0 -6.759444e-07 -4.893723e-06
Slowdown:  -9.42143e-08  0.0003031096    0.00170359     -3217.236       3501.12     -6718.356  3.465145e-07             0             0 -6.701381e-07 -4.898547e-06
Angular Momentum:  |L|err: 4.588288e-07  |L|err_cum: 0.001346369  L: -102.8343   108.2281    -199.0003  |L|: 248.7756
C.M.: mass: 1900 pos: -0.1970085   0.06952062    -0.02639948 vel: -0.01864385   -0.07687953    0.01656977
Tree step number: 2048
**** Wallclock time per step (local): [Min/Max]
 Total       PP_single   PP_cluster  PP_cross    Tree_NB     Tree_Force  Force_corr  Kick        FindCluster CreateGroup MPI_comm    Output      Status      Other      
   0.0025257  3.5216e-05    9.67e-05           0  0.00045572   0.0018102  5.7668e-05  4.1339e-05  6.5987e-05  3.3795e-05  1.8407e-06  3.0314e-06   3.938e-09  5.4196e-06
   0.0025258  3.5254e-05  9.6769e-05           0  0.00044208   0.0017401  5.7783e-05  4.1378e-05  6.6032e-05  3.3817e-05  1.8835e-06  3.0315e-06  3.9575e-09  5.5131e-06
**** FDPS tree soft force time profile (local):
 Sample_ptcl Domain_deco Ex_ptcl     SetRootCell Make_LT     Make_LET    Make_GT     Make_Group  Make_I_list Calc_force  Write_back 
           0           0           0  2.5281e-05  0.00043971  4.3599e-05  0.00030731  4.4095e-06  8.5293e-05  0.00069529  0.00014195
**** Tree neighbor time profile (local):
 Sample_ptcl Domain_deco Ex_ptcl     SetRootCell Make_LT     Make_LET    Make_GT     Make_Group  Make_I_list Calc_force  Write_back 
           0           0           0  1.3315e-05   0.0001641   2.494e-05  0.00013259   5.754e-07  1.7625e-05  6.4256e-05  2.7784e-05
**** Number per step (global):
 PP_single   PP_cluster  PP_cross    Cluster     Cross       AR_step_sum
      973.52      26.479           0      12.704           0     0.33496
 AR_tsyn_sum Stab_Ngroup Iso_Ngroup  Form_Ngroup End_Ngroup  Modf_Ngroup Merg_Ngroup H4_step_sum H4_no_NB    Ep-Ep_sum   Ep-Sp_sum  
     0.11621           0           0    0.019531   0.0053711           0           0       128.5    0.040039  9.4839e+05      8684.6
**** Number of members in clusters (global):
N_members:            1           2           3           4           5
Count    :       973.52      11.751     0.85059    0.086914    0.015625

Time: 3  N_real(loc): 1000  N_real(glb): 1000  N_all(loc): 1000  N_all(glb): 1000  N_remove(glb): 0  N_escape(glb): 0
Energy:     Error/Total         Error     Error_cum         Total       Kinetic     Potential        Modify  Modify_group Modify_single      Error_PP  Error_PP_cum
Physic:    2.884164e-07 -0.0009279039   0.000775686     -3217.237      3364.931     -6582.168  5.025412e-07             0             0 -7.967769e-07   -5.6905e-06
Slowdown:  2.884164e-07 -0.0009279038  0.0007756858     -3217.237      3364.931     -6582.168  5.027078e-07             0             0  -7.42742e-07 -5.641289e-06
Angular Momentum:  |L|err: -0.0007484397  |L|err_cum: 0.0005979291  L: -102.8341   108.2282    -198.9996  |L|: 248.7751
C.M.: mass: 1900 pos: -0.1876448   0.01060252    -0.02322933 vel: 0.05242022   -0.148316    -0.02394066
Tree step number: 2048
**** Wallclock time per step (local): [Min/Max]
 Total       PP_single   PP_cluster  PP_cross    Tree_NB     Tree_Force  Force_corr  Kick        FindCluster CreateGroup MPI_comm    Output      Status      Other      
   0.0021427  2.6012e-05  0.00011487           0  0.00037872   0.0015194  5.6775e-05  2.9916e-05  5.0167e-05  2.7413e-05  2.0983e-06  4.8328e-06  3.4292e-09  7.9095e-06
   0.0021427  2.6048e-05  0.00011492           0  0.00037351   0.0014471  5.6833e-05  2.9952e-05  5.0212e-05  2.7434e-05  2.1308e-06   4.833e-06  3.4438e-09   8.026e-06
**** FDPS tree soft force time profile (local):
 Sample_ptcl Domain_deco Ex_ptcl     SetRootCell Make_LT     Make_LET    Make_GT     Make_Group  Make_I_list Calc_force  Write_back 
           0           0           0  1.3084e-05  0.00028595  4.0705e-05  0.00022118  2.9838e-06  7.4807e-05  0.00067875  0.00014618
**** Tree neighbor time profile (local):
 Sample_ptcl Domain_deco Ex_ptcl     SetRootCell Make_LT     Make_LET    Make_GT     Make_Group  Make_I_list Calc_force  Write_back 
           0           0           0  1.4104e-05  0.00012685  2.1037e-05  0.00011996  5.4756e-07  2.1193e-05  5.7242e-05   1.083e-05
**** Number per step (global):
 PP_single   PP_cluster  PP_cross    Cluster     Cross       AR_step_sum
         967      33.004           0      15.334           0     0.44043
 AR_tsyn_sum Stab_Ngroup Iso_Ngroup  Form_Ngroup End_Ngroup  Modf_Ngroup Merg_Ngroup H4_step_sum H4_no_NB    Ep-Ep_sum   Ep-Sp_sum  
     0.15283           0           0     0.01709   0.0043945           0           0      168.47    0.057617  9.4823e+05        8081
**** Number of members in clusters (global):
N_members:            1           2           3           4           5           6
Count    :          967       13.31      1.7646     0.21875    0.030273    0.010742

Time: 3.5  N_real(loc): 1000  N_real(glb): 1000  N_all(loc): 1000  N_all(glb): 1000  N_remove(glb): 0  N_escape(glb): 0
Energy:     Error/Total         Error     Error_cum         Total       Kinetic     Potential        Modify  Modify_group Modify_single      Error_PP  Error_PP_cum
Physic:   -2.054377e-07  0.0006609415   0.001436627     -3217.236      3008.733     -6225.969  5.718206e-07             0             0 -1.219915e-07 -5.812491e-06
Slowdown: -2.054377e-07  0.0006609415   0.001436627     -3217.236      3008.733     -6225.969  5.719871e-07             0             0 -1.385082e-07 -5.779797e-06
Angular Momentum:  |L|err: 0.0002985066  |L|err_cum: 0.0008964357  L: -102.8345   108.2287    -198.9996  |L|: 248.7754
C.M.: mass: 1900 pos: -0.1794354   -0.01911996    -0.02116842 vel: 0.006345667   -0.04457275    0.04674161
Tree step number: 2048
**** Wallclock time per step (local): [Min/Max]
 Total       PP_single   PP_cluster  PP_cross    Tree_NB     Tree_Force  Force_corr  Kick        FindCluster CreateGroup MPI_comm    Output      Status      Other      
   0.0019959  2.8763e-05   8.767e-05           0  0.00035217   0.0014231  3.7214e-05  3.7053e-05  4.0142e-05  3.3484e-05  2.1864e-06  3.2344e-06  3.5083e-09   6.626e-06
   0.0019959  2.8799e-05  8.7715e-05           0  0.00034341   0.0013738  3.7269e-05  3.7089e-05  4.0184e-05  3.3505e-05  2.2184e-06  3.2347e-06  3.6743e-09   6.711e-06
**** FDPS tree soft force time profile (local):
 Sample_ptcl Domain_deco Ex_ptcl     SetRootCell Make_LT     Make_LET    Make_GT     Make_Group  Make_I_list Calc_force  Write_back 
           0           0           0  2.2302e-05   0.0003154  3.5863e-05  0.00024603  3.6328e-06  6.6075e-05  0.00057893  0.00010031
**** Tree neighbor time profile (local):
 Sample_ptcl Domain_deco Ex_ptcl     SetRootCell Make_LT     Make_LET    Make_GT     Make_Group  Make_I_list Calc_force  Write_back 
           0           0           0  5.4781e-06  0.00011972  1.8296e-05  0.00010523  5.2575e-07  1.9323e-05  5.4421e-05  1.7959e-05
**** Number per step (global):
 PP_single   PP_cluster  PP_cross    Cluster     Cross       AR_step_sum
      973.12      26.885           0      12.812           0     0.28857
 AR_tsyn_sum Stab_Ngroup Iso_Ngroup  Form_Ngroup End_Ngroup  Modf_Ngroup Merg_Ngroup H4_step_sum H4_no_NB    Ep-Ep_sum   Ep-Sp_sum  
     0.10156           0           0     0.01123   0.0029297           0           0         130    0.064453  9.4233e+05      9029.3
**** Number of members in clusters (global):
N_members:            1           2           3           4           5
Count    :       973.12      11.778     0.81152     0.21973   0.0029297

Time: 4  N_real(loc): 1000  N_real(glb): 1000  N_all(loc): 1000  N_all(glb): 1000  N_remove(glb): 0  N_escape(glb): 0
Energy:     Error/Total         Error     Error_cum         Total       Kinetic     Potential        Modify  Modify_group Modify_single      Error_PP  Error_PP_cum
Physic:    2.490038e-07 -0.0008011042  0.0006355232     -3217.237       3196.88     -6414.116  5.778449e-07             0             0   -8.4586e-07 -6.658351e-06
Slowdown:  2.490037e-07  -0.000801104  0.0006355234     -3217.237       3196.88     -6414.116  5.777207e-07             0             0 -8.061167e-07 -6.585914e-06
Angular Momentum:  |L|err: -0.0004871923  |L|err_cum: 0.0004092434  L: -102.8341   108.2284    -198.9994  |L|: 248.775
C.M.: mass: 1900 pos: -0.1836821   -0.03135839    0.02981117 vel: -0.02479383   0.001086601    0.09857522
Tree step number: 2048
**** Wallclock time per step (local): [Min/Max]
 Total       PP_single   PP_cluster  PP_cross    Tree_NB     Tree_Force  Force_corr  Kick        FindCluster CreateGroup MPI_comm    Output      Status      Other      
     0.00193  2.1262e-05  8.2754e-05           0  0.00036912   0.0013662  3.4982e-05  3.6286e-05  3.6405e-05  2.7216e-05  1.8637e-06  3.0268e-06  5.2539e-09  4.5254e-06
     0.00193  2.1298e-05    8.28e-05           0  0.00036257   0.0013169  3.5104e-05  3.6322e-05  3.6447e-05  2.7237e-05  1.8957e-06   3.027e-06  5.2686e-09   4.621e-06
**** FDPS tree soft force time profile (local):
 Sample_ptcl Domain_deco Ex_ptcl     SetRootCell Make_LT     Make_LET    Make_GT     Make_Group  Make_I_list Calc_force  Write_back 
           0           0           0  1.6321e-05  0.00029277  3.8159e-05  0.00024728  3.5355e-06  6.6768e-05   0.0005489  0.00010034
**** Tree neighbor time profile (local):
 Sample_ptcl Domain_deco Ex_ptcl     SetRootCell Make_LT     Make_LET    Make_GT     Make_Group  Make_I_list Calc_force  Write_back 
           0           0           0  7.3829e-06  0.00012938  2.9919e-05  0.00010608  5.2757e-07  1.6235e-05  5.4695e-05  1.3507e-05
**** Number per step (global):
 PP_single   PP_cluster  PP_cross    Cluster     Cross       AR_step_sum
      976.48      23.524           0       10.72           0     0.30957
 AR_tsyn_sum Stab_Ngroup Iso_Ngroup  Form_Ngroup End_Ngroup  Modf_Ngroup Merg_Ngroup H4_step_sum H4_no_NB    Ep-Ep_sum   Ep-Sp_sum  
      0.1084           0           0    0.012207    0.003418           0           0      117.04     0.04248  9.4506e+05      8462.1
**** Number of members in clusters (global):
N_members:            1           2           3           4           5           6           7
Count    :       976.48       9.043      1.4126     0.15283    0.083984    0.022461   0.0048828

Time: 4.5  N_real(loc): 1000  N_real(glb): 1000  N_all(loc): 1000  N_all(glb): 1000  N_remove(glb): 0  N_escape(glb): 0
Energy:     Error/Total         Error     Error_cum         Total       Kinetic     Potential        Modify  Modify_group Modify_single      Error_PP  Error_PP_cum
Physic:   -5.035711e-07   0.001620107    0.00225563     -3217.235      3157.704     -6374.939  5.311631e-07             0             0 -6.160791e-07 -7.274431e-06
Slowdown: -5.035712e-07   0.001620107    0.00225563     -3217.235      3157.704     -6374.939  5.307766e-07             0             0 -6.155401e-07 -7.201454e-06
Angular Momentum:  |L|err: 0.0006899616  |L|err_cum: 0.001099205  L: -102.8348   108.2277    -198.9993  |L|: 248.7749
C.M.: mass: 1900 pos: -0.2046796   -0.0239949    0.06103145 vel: -0.0011591   0.04889835    0.0524727
Tree step number: 2048
**** Wallclock time per step (local): [Min/Max]
 Total       PP_single   PP_cluster  PP_cross    Tree_NB     Tree_Force  Force_corr  Kick        FindCluster CreateGroup MPI_comm    Output      Status      Other      
   0.0017863  1.7976e-05  9.7028e-05           0    0.000322   0.0012636  2.3375e-05  1.3974e-05  4.5826e-05  2.5566e-05  2.7475e-06  3.4554e-06  4.1191e-09  6.3643e-06
   0.0017864  1.8037e-05  9.7074e-05           0  0.00031628   0.0012316  2.3429e-05  1.4008e-05   4.587e-05  2.5587e-05  2.7922e-06  3.4556e-06  4.1387e-09  6.4711e-06
**** FDPS tree soft force time profile (local):
 Sample_ptcl Domain_deco Ex_ptcl     SetRootCell Make_LT     Make_LET    Make_GT     Make_Group  Make_I_list Calc_force  Write_back 
           0           0           0   1.569e-05   0.0002644  3.3987e-05  0.00022667  2.5513e-06  6.4635e-05   0.0005383   6.568e-05
**** Tree neighbor time profile (local):
 Sample_ptcl Domain_deco Ex_ptcl     SetRootCell Make_LT     Make_LET    Make_GT     Make_Group  Make_I_list Calc_force  Write_back 
           0           0           0  5.0692e-06  0.00012437  1.7968e-05  8.6504e-05  5.5302e-07  1.8675e-05   4.561e-05  1.1812e-05
**** Number per step (global):
 PP_single   PP_cluster  PP_cross    Cluster     Cross       AR_step_sum
      972.65      27.351           0      12.735           0     0.29297
 AR_tsyn_sum Stab_Ngroup Iso_Ngroup  Form_Ngroup End_Ngroup  Modf_Ngroup Merg_Ngroup H4_step_sum H4_no_NB    Ep-Ep_sum   Ep-Sp_sum  
     0.10742           0           0    0.017578   0.0039062           0           0      137.08    0.081055  9.3962e+05      9193.5
**** Number of members in clusters (global):
N_members:            1           2           3           4           5           7
Count    :       972.65      11.129      1.3579     0.23096    0.010742   0.0058594

Time: 5  N_real(loc): 1000  N_real(glb): 1000  N_all(loc): 1000  N_all(glb): 1000  N_remove(glb): 0  N_escape(glb): 0
Energy:     Error/Total         Error     Error_cum         Total       Kinetic     Potential        Modify  Modify_group Modify_single      Error_PP  Error_PP_cum
Physic:     9.06043e-07  -0.002914956 -0.0006593263     -3217.238      3151.736     -6368.974  5.959656e-07             0             0 -6.322707e-07 -7.906701e-06
Slowdown:   9.06043e-07  -0.002914956  -0.000659326     -3217.238      3151.736     -6368.974  5.956048e-07             0             0 -6.467431e-07 -7.848197e-06
Angular Momentum:  |L|err: -0.0001245336  |L|err_cum: 0.0009746714  L: -102.8347   108.2283    -198.9996  |L|: 248.7754
C.M.: mass: 1900 pos: -0.188553   -0.01942981    0.07110372 vel: 0.02241241   -0.0148767    -0.01072248
Tree step number: 2048
**** Wallclock time per step (local): [Min/Max]
 Total       PP_single   PP_cluster  PP_cross    Tree_NB     Tree_Force  Force_corr  Kick        FindCluster CreateGroup MPI_comm    Output      Status      Other      
   0.0016376  1.5136e-05   8.981e-05           0  0.00031164   0.0011482   1.868e-05  8.9125e-06  3.6938e-05  2.3238e-05  2.4166e-06  2.9888e-06  3.8652e-09  6.8606e-06
   0.0016376  1.5171e-05  8.9854e-05           0  0.00030769    0.001123  1.8732e-05   8.946e-06  3.6982e-05  2.3259e-05  2.4649e-06  2.9891e-06  3.8848e-09  6.9573e-06
**** FDPS tree soft force time profile (local):
 Sample_ptcl Domain_deco Ex_ptcl     SetRootCell Make_LT     Make_LET    Make_GT     Make_Group  Make_I_list Calc_force  Write_back 
           0           0           0  1.2042e-05  0.00022924   3.246e-05  0.00019293    2.79e-06   6.326e-05  0.00050527  5.2096e-05
**** Tree neighbor time profile (local):
 Sample_ptcl Domain_deco Ex_ptcl     SetRootCell Make_LT     Make_LET    Make_GT     Make_Group  Make_I_list Calc_force  Write_back 
           0           0           0  1.1289e-05  0.00011335  1.6802e-05  8.1975e-05  5.4742e-07  1.8572e-05  4.2785e-05  8.3118e-06
**** Number per step (global):
 PP_single   PP_cluster  PP_cross    Cluster     Cross       AR_step_sum
      972.92      27.081           0      12.391           0     0.75586
 AR_tsyn_sum Stab_Ngroup Iso_Ngroup  Form_Ngroup End_Ngroup  Modf_Ngroup Merg_Ngroup H4_step_sum H4_no_NB    Ep-Ep_sum   Ep-Sp_sum  
     0.26514           0           0    0.024414   0.0048828           0           0      138.45     0.10156  9.3665e+05      9860.6
**** Number of members in clusters (global):
N_members:            1           2           3           4           5           6
Count    :       972.92      10.699      1.2197      0.3623    0.082031    0.027344

Time: 5.5  N_real(loc): 1000  N_real(glb): 1000  N_all(loc): 1000  N_all(glb): 1000  N_remove(glb): 0  N_escape(glb): 0
Energy:     Error/Total         Error     Error_cum         Total       Kinetic     Potential        Modify  Modify_group Modify_single      Error_PP  Error_PP_cum
Physic:    1.950927e-07 -0.0006276598  -0.001286986     -3217.239      2977.754     -6194.993  6.223105e-07             0             0 -5.715141e-07 -8.478215e-06
Slowdown:  1.950927e-07 -0.0006276598  -0.001286986     -3217.239      2977.754     -6194.993  6.219264e-07             0             0 -5.631826e-07  -8.41138e-06
Angular Momentum:  |L|err: 0.0002446362  |L|err_cum: 0.001219308  L: -102.8344   108.2283    -199.0001  |L|: 248.7756
C.M.: mass: 1900 pos: -0.183284   -0.01532464    0.07171072 vel: -0.004241595   0.02740172    -0.01618829
Tree step number: 2048
**** Wallclock time per step (local): [Min/Max]
 Total       PP_single   PP_cluster  PP_cross    Tree_NB     Tree_Force  Force_corr  Kick        FindCluster CreateGroup MPI_comm    Output      Status      Other      
    0.001897  2.6352e-05  8.4573e-05           0  0.00036676   0.0013217  3.5947e-05   2.034e-05  4.9369e-05  2.7257e-05  2.8618e-06  3.4366e-06  4.5693e-09  6.9863e-06
   0.0018971  2.6389e-05  8.4618e-05           0  0.00035928   0.0012786  3.6002e-05  2.0375e-05  4.9413e-05  2.7278e-05  2.8943e-06  3.4368e-06  4.7163e-09  7.0736e-06
**** FDPS tree soft force time profile (local):
 Sample_ptcl Domain_deco Ex_ptcl     SetRootCell Make_LT     Make_LET    Make_GT     Make_Group  Make_I_list Calc_force  Write_back 
           0           0           0   1.952e-05  0.00028779  4.3456e-05  0.00023258   3.816e-06  7.0119e-05  0.00052763  8.7704e-05
**** Tree neighbor time profile (local):
 Sample_ptcl Domain_deco Ex_ptcl     SetRootCell Make_LT     Make_LET    Make_GT     Make_Group  Make_I_list Calc_force  Write_back 
           0           0           0    1.33e-05  0.00012628  2.1507e-05  0.00010167  5.4365e-07  2.4632e-05  5.6926e-05  1.5405e-05
**** Number per step (global):
 PP_single   PP_cluster  PP_cross    Cluster     Cross       AR_step_sum
      974.61      25.392           0      11.753           0     0.21875
 AR_tsyn_sum Stab_Ngroup Iso_Ngroup  Form_Ngroup End_Ngroup  Modf_Ngroup Merg_Ngroup H4_step_sum H4_no_NB    Ep-Ep_sum   Ep-Sp_sum  
    0.075195           0           0   0.0092773   0.0024414           0           0      125.58     0.05957  9.2989e+05       11949
**** Number of members in clusters (global):
N_members:            1           2           3           4           5           6
Count    :       974.61      10.209      1.2842     0.19922    0.040039    0.020508

Time: 6  N_real(loc): 1000  N_real(glb): 1000  N_all(loc): 1000  N_all(glb): 1000  N_remove(glb): 0  N_escape(glb): 0
Energy:     Error/Total         Error     Error_cum         Total       Kinetic     Potential        Modify  Modify_group Modify_single      Error_PP  Error_PP_cum
Physic:   -4.715887e-07   0.001517213  0.0002302267     -3217.237      3385.287     -6602.524  6.629572e-07             0             0  -1.54998e-06  -1.00282e-05
Slowdown: -4.715887e-07   0.001517213   0.000230227     -3217.237      3385.287     -6602.524  6.625736e-07             0             0 -1.572073e-06 -9.983453e-06
Angular Momentum:  |L|err: -6.441876e-05  |L|err_cum: 0.001154889  L: -102.8334   108.2288    -198.9998  |L|: 248.7752
C.M.: mass: 1900 pos: -0.1730079   0.008006636    0.07126567 vel: 0.0381747   0.08385688    0.02871942
Tree step number: 2048
**** Wallclock time per step (local): [Min/Max]
 Total       PP_single   PP_cluster  PP_cross    Tree_NB     Tree_Force  Force_corr  Kick        FindCluster CreateGroup MPI_comm    Output      Status      Other      
   0.0019219  2.3498e-05  9.9801e-05           0  0.00035173   0.0013511  3.8358e-05  2.1929e-05  4.9231e-05  2.7322e-05  2.7115e-06  3.4088e-06  4.9897e-09  5.0239e-06
    0.001922  2.3534e-05  9.9846e-05           0  0.00034701   0.0013018  3.8413e-05  2.1973e-05  4.9275e-05  2.7343e-05   2.744e-06  3.4091e-06  5.0093e-09  5.1108e-06
**** FDPS tree soft force time profile (local):
 Sample_ptcl Domain_deco Ex_ptcl     SetRootCell Make_LT     Make_LET    Make_GT     Make_Group  Make_I_list Calc_force  Write_back 
           0           0           0  2.7294e-05  0.00028364  2.8611e-05  0.00020986  3.8771e-06  7.3035e-05  0.00057786   0.0001002
**** Tree neighbor time profile (local):
 Sample_ptcl Domain_deco Ex_ptcl     SetRootCell Make_LT     Make_LET    Make_GT     Make_Group  Make_I_list Calc_force  Write_back 
           0           0           0  1.6624e-05  0.00011989  1.7786e-05  0.00010496  5.8614e-07  1.9101e-05  5.7918e-05   9.849e-06
**** Number per step (global):
 PP_single   PP_cluster  PP_cross    Cluster     Cross       AR_step_sum
      971.64      28.363           0      12.954           0     0.58838
 AR_tsyn_sum Stab_Ngroup Iso_Ngroup  Form_Ngroup End_Ngroup  Modf_Ngroup Merg_Ngroup H4_step_sum H4_no_NB    Ep-Ep_sum   Ep-Sp_sum  
     0.20703           0           0    0.026855   0.0068359           0           0      146.83     0.13086  9.3128e+05       10742
**** Number of members in clusters (global):
N_members:            1           2           3           4           5           6           7
Count    :       971.64      11.175      1.2769     0.37012     0.10156    0.018555    0.011719

Time: 6.5  N_real(loc): 1000  N_real(glb): 1000  N_all(loc): 1000  N_all(glb): 1000  N_remove(glb): 0  N_escape(glb): 0
Energy:     Error/Total         Error     Error_cum         Total       Kinetic     Potential        Modify  Modify_group Modify_single      Error_PP  Error_PP_cum
Physic:   -6.213638e-07   0.001999073     0.0022293     -3217.235      3677.268     -6894.503  7.009529e-07             0             0 -2.488484e-06 -1.251668e-05
Slowdown: -6.213637e-07   0.001999073     0.0022293     -3217.235      3677.268     -6894.503  7.006346e-07             0             0 -2.431807e-06 -1.241526e-05
Angular Momentum:  |L|err: 0.0004518243  |L|err_cum: 0.001606713  L: -102.8326   108.2285    -198.9999  |L|: 248.7748
C.M.: mass: 1900 pos: -0.1395218   0.03801333    0.08017171 vel: 0.1112686   0.04394222    0.06792462
Tree step number: 2048
**** Wallclock time per step (local): [Min/Max]
 Total       PP_single   PP_cluster  PP_cross    Tree_NB     Tree_Force  Force_corr  Kick        FindCluster CreateGroup MPI_comm    Output      Status      Other      
   0.0020895  2.2287e-05  0.00010313           0  0.00036958     0.00149  4.1919e-05  2.5808e-05  5.1889e-05  3.1928e-05  3.3891e-06  2.9616e-06  3.8599e-09  5.4021e-06
   0.0020895  2.2459e-05  0.00010318           0  0.00036458   0.0014342  4.1975e-05  2.5844e-05  5.1935e-05  3.1949e-05  3.4347e-06   2.962e-06  3.8745e-09  5.4941e-06
**** FDPS tree soft force time profile (local):
 Sample_ptcl Domain_deco Ex_ptcl     SetRootCell Make_LT     Make_LET    Make_GT     Make_Group  Make_I_list Calc_force  Write_back 
           0           0           0  1.7767e-05  0.00028373  4.0578e-05  0.00022921  3.6756e-06  7.4771e-05  0.00066539  0.00011342
**** Tree neighbor time profile (local):
 Sample_ptcl Domain_deco Ex_ptcl     SetRootCell Make_LT     Make_LET    Make_GT     Make_Group  Make_I_list Calc_force  Write_back 
           0           0           0  7.2732e-06  0.00013703  1.7729e-05  0.00010418  7.6829e-07  1.9674e-05  5.2088e-05  1.0444e-05
**** Number per step (global):
 PP_single   PP_cluster  PP_cross    Cluster     Cross       AR_step_sum
      968.32      31.685           0      14.291           0     0.62598
 AR_tsyn_sum Stab_Ngroup Iso_Ngroup  Form_Ngroup End_Ngroup  Modf_Ngroup Merg_Ngroup H4_step_sum H4_no_NB    Ep-Ep_sum   Ep-Sp_sum  
     0.22217           0           0    0.023926   0.0068359           0           0      162.33     0.12549  9.3151e+05       10137
**** Number of members in clusters (global):
N_members:            1           2           3           4           5           6           7           8           9
Count    :       968.32      12.163      1.5781     0.34229    0.083984    0.072266    0.021484    0.020508   0.0097656

Time: 7  N_real(loc): 1000  N_real(glb): 1000  N_all(loc): 1000  N_all(glb): 1000  N_remove(glb): 0  N_escape(glb): 0
Energy:     Error/Total         Error     Error_cum         Total       Kinetic     Potential        Modify  Modify_group Modify_single      Error_PP  Error_PP_cum
Physic:   -5.962689e-07   0.001918336   0.004147636     -3217.233       3431.64     -6648.874  7.197239e-07             0             0 -1.741897e-07 -1.269087e-05
Slowdown: -5.962689e-07   0.001918336   0.004147636     -3217.233       3431.64     -6648.874  7.194056e-07             0             0 -2.198502e-07 -1.263511e-05
Angular Momentum:  |L|err: 0.001066677  |L|err_cum: 0.00267339  L: -102.8315   108.2286    -199  |L|: 248.7745
C.M.: mass: 1900 pos: -0.1383031   0.0287998    0.09080106 vel: -0.02488829   -0.05788749    -0.01798558
Tree step number: 2048
**** Wallclock time per step (local): [Min/Max]
 Total       PP_single   PP_cluster  PP_cross    Tree_NB     Tree_Force  Force_corr  Kick        FindCluster CreateGroup MPI_comm    Output      Status      Other      
   0.0020525  1.9338e-05  9.0252e-05           0  0.00036614   0.0014951  4.0939e-05  1.8481e-05  4.6506e-05  2.7607e-05  1.6589e-06  3.8126e-06  3.6543e-09   4.096e-06
   0.0020525  1.9373e-05  9.0297e-05           0  0.00035988   0.0014381  4.0993e-05  1.8515e-05   4.655e-05  2.7628e-05  1.6908e-06  3.8129e-06  3.6738e-09  4.1836e-06
**** FDPS tree soft force time profile (local):
 Sample_ptcl Domain_deco Ex_ptcl     SetRootCell Make_LT     Make_LET    Make_GT     Make_Group  Make_I_list Calc_force  Write_back 
           0           0           0   2.624e-05  0.00030658  4.0147e-05  0.00022746    3.36e-06  7.6544e-05   0.0006544  0.00011551
**** Tree neighbor time profile (local):
 Sample_ptcl Domain_deco Ex_ptcl     SetRootCell Make_LT     Make_LET    Make_GT     Make_Group  Make_I_list Calc_force  Write_back 
           0           0           0  1.2118e-05  0.00014058  2.6887e-05  8.9546e-05  5.5612e-07  2.0129e-05  5.6161e-05  1.2955e-05
**** Number per step (global):
 PP_single   PP_cluster  PP_cross    Cluster     Cross       AR_step_sum
      970.87      29.134           0      13.069           0      0.6748
 AR_tsyn_sum Stab_Ngroup Iso_Ngroup  Form_Ngroup End_Ngroup  Modf_Ngroup Merg_Ngroup H4_step_sum H4_no_NB    Ep-Ep_sum   Ep-Sp_sum  
      0.2417           0           0     0.03125   0.0083008           0           0      142.25     0.04541  9.3059e+05       10514
**** Number of members in clusters (global):
N_members:            1           2           3           4           5           6           7           8           9
Count    :       970.87      11.127      1.4204     0.28857    0.079102    0.076172    0.033203    0.016602    0.027344

Time: 7.5  N_real(loc): 1000  N_real(glb): 1000  N_all(loc): 1000  N_all(glb): 1000  N_remove(glb): 0  N_escape(glb): 0
Energy:     Error/Total         Error     Error_cum         Total       Kinetic     Potential        Modify  Modify_group Modify_single      Error_PP  Error_PP_cum
Physic:     1.54508e-07 -0.0004970882   0.003650548     -3217.234      3532.983     -6750.217  8.073262e-07             0             0 -1.695407e-06 -1.438628e-05
Slowdown:  1.545079e-07 -0.0004970882   0.003650548     -3217.234      3532.983     -6750.217  8.069198e-07             0             0 -1.702529e-06 -1.433764e-05
Angular Momentum:  |L|err: 0.0001821074  |L|err_cum: 0.002855498  L: -102.8318   108.2286    -199.0008  |L|: 248.7752
C.M.: mass: 1900 pos: -0.1640466   0.002145297    0.07386061 vel: 0.01827301   -0.05767579    -0.03713359
Tree step number: 2048
**** Wallclock time per step (local): [Min/Max]
 Total       PP_single   PP_cluster  PP_cross    Tree_NB     Tree_Force  Force_corr  Kick        FindCluster CreateGroup MPI_comm    Output      Status      Other      
   0.0018989  2.0984e-05  9.4362e-05           0  0.00031564    0.001374  3.3595e-05  2.4041e-05  4.1294e-05  2.5177e-05  1.1917e-06  4.9131e-06  3.6548e-09  3.7214e-06
    0.001899  2.1019e-05  9.4408e-05           0   0.0003112   0.0013365  3.3649e-05  2.4076e-05  4.1337e-05  2.5198e-05  1.2332e-06  4.9133e-06  3.6694e-09  3.8235e-06
**** FDPS tree soft force time profile (local):
 Sample_ptcl Domain_deco Ex_ptcl     SetRootCell Make_LT     Make_LET    Make_GT     Make_Group  Make_I_list Calc_force  Write_back 
           0           0           0  1.5528e-05  0.00026238  3.0163e-05  0.00020233  2.6577e-06  7.0173e-05  0.00064607  7.7017e-05
**** Tree neighbor time profile (local):
 Sample_ptcl Domain_deco Ex_ptcl     SetRootCell Make_LT     Make_LET    Make_GT     Make_Group  Make_I_list Calc_force  Write_back 
           0           0           0  9.9118e-06  0.00011052  1.8781e-05  8.2263e-05  5.7044e-07  1.7059e-05  4.9012e-05   9.268e-06
**** Number per step (global):
 PP_single   PP_cluster  PP_cross    Cluster     Cross       AR_step_sum
      971.61      28.389           0      12.946           0     0.42578
 AR_tsyn_sum Stab_Ngroup Iso_Ngroup  Form_Ngroup End_Ngroup  Modf_Ngroup Merg_Ngroup H4_step_sum H4_no_NB    Ep-Ep_sum   Ep-Sp_sum  
     0.15479           0           0     0.01416   0.0048828           0           0         147   0.0058594  9.2989e+05       10157
**** Number of members in clusters (global):
N_members:            1           2           3           4           5           6           8
Count    :       971.61       11.07      1.4478     0.28662     0.10938    0.022461   0.0097656

Time: 8  N_real(loc): 1000  N_real(glb): 1000  N_all(loc): 1000  N_all(glb): 1000  N_remove(glb): 0  N_escape(glb): 0
Energy:     Error/Total         Error     Error_cum         Total       Kinetic     Potential        Modify  Modify_group Modify_single      Error_PP  Error_PP_cum
Physic:   -6.058624e-07     0.0019492   0.005599748     -3217.232      3325.451     -6542.683  9.637945e-07             0             0 -5.247124e-06  -1.96334e-05
Slowdown: -6.058624e-07     0.0019492   0.005599748     -3217.232      3325.451     -6542.683   9.63388e-07             0             0 -4.987978e-06 -1.932562e-05
Angular Momentum:  |L|err: 0.0002062637  |L|err_cum: 0.003061761  L: -102.8312   108.2286    -199.0004  |L|: 248.7746
C.M.: mass: 1900 pos: -0.1679645   -0.01316477    0.08438335 vel: 0.01185158   -0.03366936    0.03357814
Tree step number: 2048
**** Wallclock time per step (local): [Min/Max]
 Total       PP_single   PP_cluster  PP_cross    Tree_NB     Tree_Force  Force_corr  Kick        FindCluster CreateGroup MPI_comm    Output      Status      Other      
   0.0020706  2.2047e-05  9.7495e-05           0   0.0003681   0.0014971  3.3138e-05  1.9319e-05   4.866e-05  2.4856e-05  4.4494e-06  3.4276e-06  4.6621e-09  5.9768e-06
   0.0020707  2.2083e-05  9.7648e-05           0  0.00036151    0.001447  3.3193e-05  1.9353e-05  4.8706e-05  2.4878e-05   4.492e-06  3.4279e-06  4.6816e-09  6.0993e-06
**** FDPS tree soft force time profile (local):
 Sample_ptcl Domain_deco Ex_ptcl     SetRootCell Make_LT     Make_LET    Make_GT     Make_Group  Make_I_list Calc_force  Write_back 
           0           0           0  2.5502e-05  0.00027137  3.3016e-05  0.00022508  2.9288e-06  7.8182e-05  0.00069467  0.00010207
**** Tree neighbor time profile (local):
 Sample_ptcl Domain_deco Ex_ptcl     SetRootCell Make_LT     Make_LET    Make_GT     Make_Group  Make_I_list Calc_force  Write_back 
           0           0           0  1.7201e-05  0.00013061  1.7523e-05  8.4085e-05  5.8538e-07  2.5386e-05  6.5309e-05  1.3648e-05
**** Number per step (global):
 PP_single   PP_cluster  PP_cross    Cluster     Cross       AR_step_sum
      971.55       28.45           0      12.571           0      1.0474
 AR_tsyn_sum Stab_Ngroup Iso_Ngroup  Form_Ngroup End_Ngroup  Modf_Ngroup Merg_Ngroup H4_step_sum H4_no_NB    Ep-Ep_sum   Ep-Sp_sum  
     0.35938           0           0     0.03125   0.0068359           0           0      151.57     0.03125  9.2053e+05       12295
**** Number of members in clusters (global):
N_members:            1           2           3           4           5           6           7           8
Count    :       971.55      10.504       1.458     0.27197     0.18066     0.06543    0.041992    0.048828

Time: 8.5  N_real(loc): 1000  N_real(glb): 1000  N_all(loc): 1000  N_all(glb): 1000  N_remove(glb): 0  N_escape(glb): 0
Energy:     Error/Total         Error     Error_cum         Total       Kinetic     Potential        Modify  Modify_group Modify_single      Error_PP  Error_PP_cum
Physic:   -2.425625e-07  0.0007803797   0.006380128     -3217.231      3376.764     -6593.995  1.032607e-06             0             0 -3.967738e-06 -2.360114e-05
Slowdown: -2.425627e-07  0.0007803802   0.006380129     -3217.231      3376.764     -6593.995  1.031666e-06             0             0 -3.967432e-06 -2.329305e-05
Angular Momentum:  |L|err: 0.0006935353  |L|err_cum: 0.003755297  L: -102.8309   108.2284    -199.0012  |L|: 248.7751
C.M.: mass: 1900 pos: -0.1738018   -0.02248031    0.08594305 vel: -0.0790074   -0.01540685    0.01966351
Tree step number: 2048
**** Wallclock time per step (local): [Min/Max]
 Total       PP_single   PP_cluster  PP_cross    Tree_NB     Tree_Force  Force_corr  Kick        FindCluster CreateGroup MPI_comm    Output      Status      Other      
   0.0023202  2.1397e-05  8.9893e-05           0  0.00041538   0.0017096  3.9841e-05  2.3297e-05  4.4313e-05  3.1455e-05  1.6228e-06  4.1419e-06   3.229e-09  5.8095e-06
   0.0023203  2.1433e-05  8.9939e-05           0  0.00040906   0.0016471  3.9906e-05  2.3332e-05  4.4359e-05  3.1476e-05  1.6554e-06  4.1422e-06  3.2485e-09  6.1665e-06
**** FDPS tree soft force time profile (local):
 Sample_ptcl Domain_deco Ex_ptcl     SetRootCell Make_LT     Make_LET    Make_GT     Make_Group  Make_I_list Calc_force  Write_back 
           0           0           0   3.112e-05   0.0003298  4.1205e-05   0.0002344  3.2677e-06  7.0276e-05  0.00078569  0.00012668
**** Tree neighbor time profile (local):
 Sample_ptcl Domain_deco Ex_ptcl     SetRootCell Make_LT     Make_LET    Make_GT     Make_Group  Make_I_list Calc_force  Write_back 
           0           0           0  1.7861e-05  0.00014144  2.3512e-05  0.00011111  6.5651e-07  2.0122e-05  6.3062e-05  1.3066e-05
**** Number per step (global):
 PP_single   PP_cluster  PP_cross    Cluster     Cross       AR_step_sum
      975.69      24.306           0      10.368           0      1.2437
 AR_tsyn_sum Stab_Ngroup Iso_Ngroup  Form_Ngroup End_Ngroup  Modf_Ngroup Merg_Ngroup H4_step_sum H4_no_NB    Ep-Ep_sum   Ep-Sp_sum  
     0.44775           0           0    0.036133    0.010254           0           0      131.91    0.034668  9.2462e+05       10506
**** Number of members in clusters (global):
N_members:            1           2           3           4           5           6           7           8           9
Count    :       975.69       8.335      1.2578     0.42725     0.16895    0.051758    0.041016      0.0625    0.023438

Time: 9  N_real(loc): 1000  N_real(glb): 1000  N_all(loc): 1000  N_all(glb): 1000  N_remove(glb): 0  N_escape(glb): 0
Energy:     Error/Total         Error     Error_cum         Total       Kinetic     Potential        Modify  Modify_group Modify_single      Error_PP  Error_PP_cum
Physic:    2.052757e-06  -0.006604207 -0.0002240799     -3217.238       3479.45     -6696.687  1.166642e-06             0             0 -2.193512e-05 -4.553626e-05
Slowdown:  2.052757e-06  -0.006604207  -0.000224079     -3217.238       3479.45     -6696.687  1.165701e-06             0             0 -2.193231e-05 -4.522536e-05
Angular Momentum:  |L|err: -0.0007212371  |L|err_cum: 0.003034059  L: -102.8313   108.2292    -199.0002  |L|: 248.7748
C.M.: mass: 1900 pos: -0.1930428   -0.01630106    0.109911 vel: -4.211907e-05   0.00957203    0.05197518
Tree step number: 2048
**** Wallclock time per step (local): [Min/Max]
 Total       PP_single   PP_cluster  PP_cross    Tree_NB     Tree_Force  Force_corr  Kick        FindCluster CreateGroup MPI_comm    Output      Status      Other      
   0.0024479  2.8667e-05  0.00011354           0  0.00041975   0.0017489  4.9389e-05  2.5715e-05  8.0458e-05  3.4214e-05  4.8077e-06  3.9039e-06  3.3315e-09  9.9824e-06
    0.002448  2.8704e-05  0.00011359           0   0.0004114    0.001683  4.9447e-05  2.5751e-05  8.0537e-05  3.4236e-05  4.8405e-06  3.9041e-06  3.3511e-09   1.017e-05
**** FDPS tree soft force time profile (local):
 Sample_ptcl Domain_deco Ex_ptcl     SetRootCell Make_LT     Make_LET    Make_GT     Make_Group  Make_I_list Calc_force  Write_back 
           0           0           0  3.6096e-05  0.00035331   4.038e-05  0.00026558  3.0795e-06  7.4097e-05  0.00076719  0.00013339
**** Tree neighbor time profile (local):
 Sample_ptcl Domain_deco Ex_ptcl     SetRootCell Make_LT     Make_LET    Make_GT     Make_Group  Make_I_list Calc_force  Write_back 
           0           0           0  1.7667e-05  0.00014521  1.8193e-05  0.00011972   6.142e-07  1.6443e-05  6.4004e-05  1.7165e-05
**** Number per step (global):
 PP_single   PP_cluster  PP_cross    Cluster     Cross       AR_step_sum
      967.97      32.028           0      13.374           0      3.0049
 AR_tsyn_sum Stab_Ngroup Iso_Ngroup  Form_Ngroup End_Ngroup  Modf_Ngroup Merg_Ngroup H4_step_sum H4_no_NB    Ep-Ep_sum   Ep-Sp_sum  
      1.0488           0           0    0.078125    0.015625           0           0      170.94    0.053223  9.2164e+05       11284
**** Number of members in clusters (global):
N_members:            1           2           3           4           5           6           7           8           9          10          11          12
Count    :       967.97      10.663      1.6245         0.5     0.22998     0.16113    0.063477     0.03125    0.041992    0.018555    0.025391    0.014648

Time: 9.5  N_real(loc): 1000  N_real(glb): 1000  N_all(loc): 1000  N_all(glb): 1000  N_remove(glb): 0  N_escape(glb): 0
Energy:     Error/Total         Error     Error_cum         Total       Kinetic     Potential        Modify  Modify_group Modify_single      Error_PP  Error_PP_cum
Physic:    3.453042e-05    -0.1110964    -0.1113205     -3217.349      3114.234     -6331.583  9.338139e-07             0             0 -2.740154e-05  -7.29378e-05
Slowdown:  3.453042e-05    -0.1110964    -0.1113205     -3217.349      3114.234     -6331.583  9.327798e-07             0             0 -2.740091e-05 -7.262627e-05
Angular Momentum:  |L|err: 0.002960535  |L|err_cum: 0.005994595  L: -102.8309   108.2318    -199.0028  |L|: 248.7779
C.M.: mass: 1900 pos: -0.1934059   -0.0004136081    0.1211466 vel: 0.05857679   0.03670836    0.00323449
Tree step number: 2048
**** Wallclock time per step (local): [Min/Max]
 Total       PP_single   PP_cluster  PP_cross    Tree_NB     Tree_Force  Force_corr  Kick        FindCluster CreateGroup MPI_comm    Output      Status      Other      
   0.0021065  1.8193e-05   9.812e-05           0  0.00037315   0.0015022  3.2442e-05   2.918e-05  3.1949e-05  4.3644e-05  1.0222e-06  5.0263e-06  3.9819e-09   3.152e-06
   0.0021066  1.8229e-05  9.8166e-05           0  0.00036932   0.0014717  3.2495e-05  2.9215e-05  3.1993e-05  4.3668e-05  1.0868e-06  5.0264e-06  4.0015e-09  3.2623e-06
**** FDPS tree soft force time profile (local):
 Sample_ptcl Domain_deco Ex_ptcl     SetRootCell Make_LT     Make_LET    Make_GT     Make_Group  Make_I_list Calc_force  Write_back 
           0           0           0   1.585e-05   0.0002532  3.1236e-05  0.00022061  3.1055e-06  7.0916e-05  0.00070221  6.2472e-05
**** Tree neighbor time profile (local):
 Sample_ptcl Domain_deco Ex_ptcl     SetRootCell Make_LT     Make_LET    Make_GT     Make_Group  Make_I_list Calc_force  Write_back 
           0           0           0  1.9011e-05  0.00011221  1.6968e-05  9.6303e-05  6.2356e-07  1.5858e-05  5.1411e-05  8.0764e-06
**** Number per step (global):
 PP_single   PP_cluster  PP_cross    Cluster     Cross       AR_step_sum
      970.63      29.372           0       12.71           0        2.77
 AR_tsyn_sum Stab_Ngroup Iso_Ngroup  Form_Ngroup End_Ngroup  Modf_Ngroup Merg_Ngroup H4_step_sum H4_no_NB    Ep-Ep_sum   Ep-Sp_sum  
     0.98291           0           0    0.071289    0.014648           0           0      160.85    0.049316  9.2734e+05      9768.4
**** Number of members in clusters (global):
N_members:            1           2           3           4           5           6           7           8           9          11
Count    :       970.63      10.393      1.5537      0.3877      0.1333      0.1084    0.043945    0.079102   0.0058594   0.0058594

Time: 10  N_real(loc): 1000  N_real(glb): 1000  N_all(loc): 1000  N_all(glb): 1000  N_remove(glb): 0  N_escape(glb): 0
Energy:     Error/Total         Error     Error_cum         Total       Kinetic     Potential        Modify  Modify_group Modify_single      Error_PP  Error_PP_cum
Physic:   -1.602868e-06   0.005156978    -0.1061635     -3217.344       3312.47     -6529.814   9.61524e-07             0             0 -2.828029e-05 -0.0001012181
Slowdown: -1.602868e-06   0.005156978    -0.1061635     -3217.344       3312.47     -6529.814  9.604868e-07             0             0 -2.827474e-05  -0.000100901
Angular Momentum:  |L|err: -0.000415087  |L|err_cum: 0.005579508  L: -102.8311   108.2313    -199.0027  |L|: 248.7776
C.M.: mass: 1900 pos: -0.1478162   0.03624065    0.1182272 vel: 0.1159252   0.05706065    0.0260653
Tree step number: 2048
**** Wallclock time per step (local): [Min/Max]
 Total       PP_single   PP_cluster  PP_cross    Tree_NB     Tree_Force  Force_corr  Kick        FindCluster CreateGroup MPI_comm    Output      Status      Other      
   0.0021643  2.7359e-05  0.00010507           0  0.00038616   0.0015375  4.3474e-05  3.3448e-05  5.1633e-05  2.7712e-05  1.9977e-06  4.3117e-06  3.7085e-09  5.2493e-06
   0.0021644  2.7396e-05  0.00010514           0  0.00037869   0.0014833  4.3547e-05  3.3509e-05  5.1697e-05  2.7734e-05    2.03e-06  4.3121e-06   3.728e-09  5.3366e-06
**** FDPS tree soft force time profile (local):
 Sample_ptcl Domain_deco Ex_ptcl     SetRootCell Make_LT     Make_LET    Make_GT     Make_Group  Make_I_list Calc_force  Write_back 
           0           0           0  1.2341e-05   0.0002765  3.5176e-05  0.00022297  2.5177e-06  6.3361e-05  0.00075418  0.00011008
**** Tree neighbor time profile (local):
 Sample_ptcl Domain_deco Ex_ptcl     SetRootCell Make_LT     Make_LET    Make_GT     Make_Group  Make_I_list Calc_force  Write_back 
           0           0           0  9.0046e-06  0.00013462  1.6802e-05  0.00010444  5.4535e-07   1.806e-05  7.4739e-05  1.5472e-05
**** Number per step (global):
 PP_single   PP_cluster  PP_cross    Cluster     Cross       AR_step_sum
      975.93       24.07           0      10.628           0      6.3013
 AR_tsyn_sum Stab_Ngroup Iso_Ngroup  Form_Ngroup End_Ngroup  Modf_Ngroup Merg_Ngroup H4_step_sum H4_no_NB    Ep-Ep_sum   Ep-Sp_sum  
      2.1978           0           0     0.20312    0.037109           0           0      130.12     0.10938  9.3763e+05      8033.2
**** Number of members in clusters (global):
N_members:            1           2           3           4           5           6           7           8
Count    :       975.93      8.7891       1.105     0.54834     0.14746    0.024414   0.0097656   0.0039062

Time: 10.5  N_real(loc): 1000  N_real(glb): 1000  N_all(loc): 1000  N_all(glb): 1000  N_remove(glb): 0  N_escape(glb): 0
Energy:     Error/Total         Error     Error_cum         Total       Kinetic     Potential        Modify  Modify_group Modify_single      Error_PP  Error_PP_cum
Physic:   -5.355646e-07   0.001723094    -0.1044404     -3217.342       3267.89     -6485.232   2.00382e-06             0             0 -1.221562e-05 -0.0001134337
Slowdown: -5.355646e-07   0.001723094    -0.1044404     -3217.342       3267.89     -6485.232  2.002782e-06             0             0 -1.237308e-05 -0.0001132741
Angular Momentum:  |L|err: -7.196356e-05  |L|err_cum: 0.005507544  L: -102.8313   108.2314    -199.0026  |L|: 248.7778
C.M.: mass: 1900 pos: -0.138899   0.05538443    0.130913 vel: 0.06944455   0.06224278    0.03016592
Tree step number: 2048
**** Wallclock time per step (local): [Min/Max]
 Total       PP_single   PP_cluster  PP_cross    Tree_NB     Tree_Force  Force_corr  Kick        FindCluster CreateGroup MPI_comm    Output      Status      Other      
   0.0020487   2.015e-05  0.00010414           0  0.00034228   0.0014864  4.1597e-05   1.986e-05  4.3646e-05  2.7523e-05  3.2482e-06   4.867e-06  4.4272e-09  8.3847e-06
   0.0020487  2.0186e-05  0.00010419           0  0.00033652   0.0014367  4.1654e-05  1.9895e-05  4.3691e-05  2.7554e-05  3.2875e-06  4.8672e-06  4.4468e-09  8.4723e-06
**** FDPS tree soft force time profile (local):
 Sample_ptcl Domain_deco Ex_ptcl     SetRootCell Make_LT     Make_LET    Make_GT     Make_Group  Make_I_list Calc_force  Write_back 
           0           0           0  1.9162e-05  0.00029413  4.2406e-05  0.00021099  2.6423e-06  6.5902e-05  0.00068763  0.00010108
**** Tree neighbor time profile (local):
 Sample_ptcl Domain_deco Ex_ptcl     SetRootCell Make_LT     Make_LET    Make_GT     Make_Group  Make_I_list Calc_force  Write_back 
           0           0           0   8.423e-06  0.00011088  1.6065e-05  9.3219e-05  5.7597e-07  1.8026e-05  7.0573e-05  1.1934e-05
**** Number per step (global):
 PP_single   PP_cluster  PP_cross    Cluster     Cross       AR_step_sum
      971.61      28.394           0       12.48           0      4.9604
 AR_tsyn_sum Stab_Ngroup Iso_Ngroup  Form_Ngroup End_Ngroup  Modf_Ngroup Merg_Ngroup H4_step_sum H4_no_NB    Ep-Ep_sum   Ep-Sp_sum  
      1.7231           0           0     0.19971    0.039062           0           0      156.24     0.12354  9.3963e+05      8978.1
**** Number of members in clusters (global):
N_members:            1           2           3           4           5           6           7
Count    :       971.61      10.104      1.6143     0.56348     0.11035    0.075684    0.011719

Time: 11  N_real(loc): 1000  N_real(glb): 1000  N_all(loc): 1000  N_all(glb): 1000  N_remove(glb): 0  N_escape(glb): 0
Energy:     Error/Total         Error     Error_cum         Total       Kinetic     Potential        Modify  Modify_group Modify_single      Error_PP  Error_PP_cum
Physic:    2.482357e-07 -0.0007986594    -0.1052391     -3217.343      3116.621     -6333.964  2.579983e-06             0             0  -1.07391e-05 -0.0001241728
Slowdown:  2.482357e-07 -0.0007986593    -0.1052391     -3217.343      3116.621     -6333.964   2.57886e-06             0             0 -1.073829e-05 -0.0001240124
Angular Momentum:  |L|err: 0.000212477  |L|err_cum: 0.005720021  L: -102.8312   108.2316    -199.0027  |L|: 248.7778
C.M.: mass: 1900 pos: -0.145797   0.06605781    0.1308648 vel: 0.0255566   0.02305633    0.01946275
Tree step number: 2048
**** Wallclock time per step (local): [Min/Max]
 Total       PP_single   PP_cluster  PP_cross    Tree_NB     Tree_Force  Force_corr  Kick        FindCluster CreateGroup MPI_comm    Output      Status      Other      
   0.0020359  2.0328e-05  0.00011769           0    0.000383   0.0014273  3.7336e-05  1.7115e-05  4.6714e-05  2.8297e-05  4.1544e-06   4.885e-06  3.4194e-09  6.0327e-06
    0.002036  2.0364e-05  0.00011774           0   0.0003741   0.0013772  3.7392e-05  1.7149e-05  4.6759e-05  2.8317e-05   4.187e-06  4.8853e-06   3.439e-09  6.1348e-06
**** FDPS tree soft force time profile (local):
 Sample_ptcl Domain_deco Ex_ptcl     SetRootCell Make_LT     Make_LET    Make_GT     Make_Group  Make_I_list Calc_force  Write_back 
           0           0           0  1.5901e-05  0.00027917  3.2047e-05  0.00020553  2.4303e-06  5.7467e-05  0.00067715  0.00010186
**** Tree neighbor time profile (local):
 Sample_ptcl Domain_deco Ex_ptcl     SetRootCell Make_LT     Make_LET    Make_GT     Make_Group  Make_I_list Calc_force  Write_back 
           0           0           0  2.2806e-05  0.00013068  1.9635e-05  9.1739e-05  5.3126e-07  2.4748e-05  7.8416e-05   1.822e-05
**** Number per step (global):
 PP_single   PP_cluster  PP_cross    Cluster     Cross       AR_step_sum
      971.24       28.76           0      11.947           0      6.1523
 AR_tsyn_sum Stab_Ngroup Iso_Ngroup  Form_Ngroup End_Ngroup  Modf_Ngroup Merg_Ngroup H4_step_sum H4_no_NB    Ep-Ep_sum   Ep-Sp_sum  
      2.0986           0           0     0.20264    0.039551           0           0      157.93     0.14307  9.5393e+05      6752.5
**** Number of members in clusters (global):
N_members:            1           2           3           4           5           6           7           8           9          10
Count    :       971.24      9.3066      1.4595     0.69092     0.19531     0.15381     0.05957    0.054688    0.012695    0.013672

Time: 11.5  N_real(loc): 1000  N_real(glb): 1000  N_all(loc): 1000  N_all(glb): 1000  N_remove(glb): 0  N_escape(glb): 0
Energy:     Error/Total         Error     Error_cum         Total       Kinetic     Potential        Modify  Modify_group Modify_single      Error_PP  Error_PP_cum
Physic:   -3.416067e-07   0.001099066      -0.10414     -3217.342      3412.002     -6629.343  2.619973e-06             0             0 -2.722443e-05 -0.0001513972
Slowdown: -3.416066e-07   0.001099065      -0.10414     -3217.342      3412.002     -6629.343  2.619387e-06             0             0 -2.723319e-05 -0.0001512456
Angular Momentum:  |L|err: -4.076965e-05  |L|err_cum: 0.005679252  L: -102.8311   108.2316    -199.0027  |L|: 248.7778
C.M.: mass: 1900 pos: -0.1349622   0.06207106    0.1360007 vel: 0.06059016   0.004147175    0.004418233
Tree step number: 2048
**** Wallclock time per step (local): [Min/Max]
 Total       PP_single   PP_cluster  PP_cross    Tree_NB     Tree_Force  Force_corr  Kick        FindCluster CreateGroup MPI_comm    Output      Status      Other      
   0.0023512  2.9133e-05  0.00012637           0  0.00041049   0.0016389  6.1851e-05  4.5796e-05  5.6755e-05  3.8707e-05  3.5852e-06  4.8398e-06  3.2236e-09  9.1623e-06
   0.0023513  2.9169e-05  0.00012642           0  0.00040315   0.0015695  6.1908e-05  4.5832e-05  5.6802e-05  3.8729e-05  3.6277e-06    4.84e-06  3.2388e-09  9.2514e-06
**** FDPS tree soft force time profile (local):
 Sample_ptcl Domain_deco Ex_ptcl     SetRootCell Make_LT     Make_LET    Make_GT     Make_Group  Make_I_list Calc_force  Write_back 
           0           0           0  2.7963e-05  0.00035901  4.2385e-05  0.00023245  2.9318e-06  6.4065e-05  0.00071048  0.00014044
**** Tree neighbor time profile (local):
 Sample_ptcl Domain_deco Ex_ptcl     SetRootCell Make_LT     Make_LET    Make_GT     Make_Group  Make_I_list Calc_force  Write_back 
           0           0           0  2.4869e-05  0.00014698  2.2116e-05  0.00010889  3.3105e-07   2.247e-05  7.1839e-05  1.5098e-05
**** Number per step (global):
 PP_single   PP_cluster  PP_cross    Cluster     Cross       AR_step_sum
      973.51      26.486           0      11.514           0      11.239
 AR_tsyn_sum Stab_Ngroup Iso_Ngroup  Form_Ngroup End_Ngroup  Modf_Ngroup Merg_Ngroup H4_step_sum H4_no_NB    Ep-Ep_sum   Ep-Sp_sum  
      3.8525           0           0     0.31738    0.053223           0           0      148.96    0.081055   9.829e+05      2717.7
**** Number of members in clusters (global):
N_members:            1           2           3           4           5           6           7           8
Count    :       973.51      9.1782      1.5532     0.53271     0.18555    0.044922    0.010254   0.0087891

Time: 12  N_real(loc): 1000  N_real(glb): 1000  N_all(loc): 1000  N_all(glb): 1000  N_remove(glb): 0  N_escape(glb): 0
Energy:     Error/Total         Error     Error_cum         Total       Kinetic     Potential        Modify  Modify_group Modify_single      Error_PP  Error_PP_cum
Physic:   -7.738951e-07   0.002489883    -0.1016501     -3217.339      3519.324     -6736.663  2.536444e-06             0             0 -2.150061e-05 -0.0001728979
Slowdown: -7.738951e-07   0.002489883    -0.1016501     -3217.339      3519.324     -6736.663  2.535857e-06             0             0 -2.151054e-05 -0.0001727561
Angular Momentum:  |L|err: 2.311164e-06  |L|err_cum: 0.005681563  L: -102.8311   108.2316    -199.0027  |L|: 248.7777
C.M.: mass: 1900 pos: -0.1331957   0.05895325    0.1115264 vel: -0.03202778   -0.05068685    -0.06891651
Tree step number: 2048
**** Wallclock time per step (local): [Min/Max]
 Total       PP_single   PP_cluster  PP_cross    Tree_NB     Tree_Force  Force_corr  Kick        FindCluster CreateGroup MPI_comm    Output      Status      Other      
   0.0019342  1.9316e-05  0.00012477           0  0.00035249    0.001346  3.5492e-05  1.7829e-05   4.622e-05  2.3058e-05  3.2803e-06  4.0579e-06  4.9902e-09   4.971e-06
   0.0019342  1.9351e-05  0.00012484           0   0.0003452   0.0013079  3.5558e-05  1.7875e-05  4.6265e-05  2.3078e-05  3.3128e-06  4.0581e-06  5.0049e-09  5.0533e-06
**** FDPS tree soft force time profile (local):
 Sample_ptcl Domain_deco Ex_ptcl     SetRootCell Make_LT     Make_LET    Make_GT     Make_Group  Make_I_list Calc_force  Write_back 
           0           0           0  1.6276e-05  0.00024218  3.1235e-05  0.00021592  2.0418e-06  5.8698e-05  0.00063355  7.7696e-05
**** Tree neighbor time profile (local):
 Sample_ptcl Domain_deco Ex_ptcl     SetRootCell Make_LT     Make_LET    Make_GT     Make_Group  Make_I_list Calc_force  Write_back 
           0           0           0  1.7751e-05  0.00012536  1.7475e-05  8.9444e-05  2.8535e-07  1.6657e-05  6.6345e-05  1.4985e-05
**** Number per step (global):
 PP_single   PP_cluster  PP_cross    Cluster     Cross       AR_step_sum
      975.21      24.789           0      10.612           0      13.246
 AR_tsyn_sum Stab_Ngroup Iso_Ngroup  Form_Ngroup End_Ngroup  Modf_Ngroup Merg_Ngroup H4_step_sum H4_no_NB    Ep-Ep_sum   Ep-Sp_sum  
      4.5366           0           0     0.30176      0.0625           0           0      141.02     0.16992   9.895e+05      737.57
**** Number of members in clusters (global):
N_members:            1           2           3           4           5           6           7           8           9
Count    :       975.21      8.4229      1.4399     0.45459     0.11084    0.098633    0.033691    0.042969   0.0087891

Time: 12.5  N_real(loc): 1000  N_real(glb): 1000  N_all(loc): 1000  N_all(glb): 1000  N_remove(glb): 0  N_escape(glb): 0
Energy:     Error/Total         Error     Error_cum         Total       Kinetic     Potential        Modify  Modify_group Modify_single      Error_PP  Error_PP_cum
Physic:    9.804025e-07   -0.00315429    -0.1048044     -3217.342      3504.669     -6722.011  1.319188e-05             0             0 -0.0003813247 -0.0005542226
Slowdown:  9.804018e-07  -0.003154288    -0.1048044     -3217.342      3504.669     -6722.011  1.318907e-05             0             0 -0.0003813046 -0.0005540607
Angular Momentum:  |L|err: 2.275611e-05  |L|err_cum: 0.005704319  L: -102.8311   108.2316    -199.0026  |L|: 248.7778
C.M.: mass: 1900 pos: -0.133276   0.0466658    0.04972234 vel: -0.007406517   -0.005629694    -0.06570012
Tree step number: 2048
**** Wallclock time per step (local): [Min/Max]
 Total       PP_single   PP_cluster  PP_cross    Tree_NB     Tree_Force  Force_corr  Kick        FindCluster CreateGroup MPI_comm    Output      Status      Other      
   0.0019869  3.2444e-05   0.0001408           0  0.00033605    0.001369  3.8272e-05   2.886e-05  6.1218e-05  2.5385e-05  1.8406e-06  4.9756e-06   3.395e-09  6.8508e-06
   0.0019869  3.2479e-05  0.00014085           0  0.00032838   0.0013158  3.8326e-05  2.8895e-05  6.1266e-05  2.5406e-05  1.8732e-06  4.9758e-06  3.4146e-09  6.9336e-06
**** FDPS tree soft force time profile (local):
 Sample_ptcl Domain_deco Ex_ptcl     SetRootCell Make_LT     Make_LET    Make_GT     Make_Group  Make_I_list Calc_force  Write_back 
           0           0           0  1.9833e-05  0.00027962  3.2026e-05  0.00020299  2.3236e-06  4.7404e-05  0.00061841  0.00010793
**** Tree neighbor time profile (local):
 Sample_ptcl Domain_deco Ex_ptcl     SetRootCell Make_LT     Make_LET    Make_GT     Make_Group  Make_I_list Calc_force  Write_back 
           0           0           0  8.7048e-06   0.0001154  1.6827e-05  8.4471e-05  3.0299e-07  1.3373e-05  6.9927e-05  1.5788e-05
**** Number per step (global):
 PP_single   PP_cluster  PP_cross    Cluster     Cross       AR_step_sum
      968.86      31.135           0      12.582           0      13.535
 AR_tsyn_sum Stab_Ngroup Iso_Ngroup  Form_Ngroup End_Ngroup  Modf_Ngroup Merg_Ngroup H4_step_sum H4_no_NB    Ep-Ep_sum   Ep-Sp_sum  
      4.5767           0           0     0.30566    0.078125           0           0      186.68     0.11768  9.7821e+05      4590.3
**** Number of members in clusters (global):
N_members:            1           2           3           4           5           6           7           8           9          10          11          12
Count    :       968.86      9.4292      1.9863     0.66016     0.15479     0.09082    0.032227     0.10938    0.042969    0.019531    0.021484    0.020508
N_members:           13          14          15
Count    :     0.012695  0.00097656  0.00097656

Time: 13  N_real(loc): 1000  N_real(glb): 1000  N_all(loc): 1000  N_all(glb): 1000  N_remove(glb): 0  N_escape(glb): 0
Energy:     Error/Total         Error     Error_cum         Total       Kinetic     Potential        Modify  Modify_group Modify_single      Error_PP  Error_PP_cum
Physic:   -7.915979e-06    0.02546821   -0.07933619     -3217.317      3545.389     -6762.706  1.664402e-05             0             0 -9.943962e-05 -0.0006536622
Slowdown: -7.915979e-06    0.02546821   -0.07933619     -3217.317      3545.389     -6762.706  1.664121e-05             0             0 -9.920347e-05 -0.0006532642
Angular Momentum:  |L|err: 1.080173e-05  |L|err_cum: 0.005715121  L: -102.8312   108.2317    -199.0026  |L|: 248.7779
C.M.: mass: 1900 pos: -0.1335094   0.05668199    0.01767637 vel: 0.01367908   0.005752307    -0.07956989
Tree step number: 2048
**** Wallclock time per step (local): [Min/Max]
 Total       PP_single   PP_cluster  PP_cross    Tree_NB     Tree_Force  Force_corr  Kick        FindCluster CreateGroup MPI_comm    Output      Status      Other      
   0.0023811  2.3883e-05  0.00015551           0  0.00042601   0.0016332  4.9589e-05  2.9441e-05  7.5943e-05  3.4357e-05   4.694e-06  5.1701e-06  3.5513e-09  7.2643e-06
   0.0023811  2.3918e-05  0.00015556           0   0.0004156   0.0015765  4.9645e-05  2.9475e-05  7.5994e-05  3.4378e-05   4.726e-06  5.1703e-06  3.5664e-09    7.35e-06
**** FDPS tree soft force time profile (local):
 Sample_ptcl Domain_deco Ex_ptcl     SetRootCell Make_LT     Make_LET    Make_GT     Make_Group  Make_I_list Calc_force  Write_back 
           0           0           0  4.6146e-05  0.00035356  4.5702e-05  0.00024681  2.5128e-06  5.8875e-05  0.00072733  0.00011502
**** Tree neighbor time profile (local):
 Sample_ptcl Domain_deco Ex_ptcl     SetRootCell Make_LT     Make_LET    Make_GT     Make_Group  Make_I_list Calc_force  Write_back 
           0           0           0   1.973e-05  0.00012676  2.3744e-05  0.00011023  3.0402e-07   2.114e-05  9.8497e-05  2.1267e-05
**** Number per step (global):
 PP_single   PP_cluster  PP_cross    Cluster     Cross       AR_step_sum
      968.86      31.136           0      11.853           0      20.324
 AR_tsyn_sum Stab_Ngroup Iso_Ngroup  Form_Ngroup End_Ngroup  Modf_Ngroup Merg_Ngroup H4_step_sum H4_no_NB    Ep-Ep_sum   Ep-Sp_sum  
      6.7881           0           0     0.41602     0.10791           0           0      187.85     0.22949   9.588e+05        7120
**** Number of members in clusters (global):
N_members:            1           2           3           4           5           6           7           8           9          10          11          12
Count    :       968.86      9.2935      1.0581     0.55176     0.15625     0.27783     0.14551     0.13281    0.068359     0.03125    0.060059    0.023438
N_members:           13          14          15          16          17          18
Count    :     0.010742    0.027344   0.0097656   0.0019531   0.0019531   0.0019531

Time: 13.5  N_real(loc): 1000  N_real(glb): 1000  N_all(loc): 1000  N_all(glb): 1000  N_remove(glb): 0  N_escape(glb): 0
Energy:     Error/Total         Error     Error_cum         Total       Kinetic     Potential        Modify  Modify_group Modify_single      Error_PP  Error_PP_cum
Physic:   -2.096393e-06   0.006744748   -0.07259144      -3217.31      3008.286     -6225.596  2.036977e-05             0             0 -3.909114e-05 -0.0006927533
Slowdown: -2.096393e-06   0.006744748   -0.07259144      -3217.31      3008.286     -6225.596  2.036696e-05             0             0 -3.886541e-05 -0.0006921296
Angular Momentum:  |L|err: -6.549611e-06  |L|err_cum: 0.005708571  L: -102.8312   108.2318    -199.0026  |L|: 248.7778
C.M.: mass: 1900 pos: -0.1200814   0.05173893    0.01811077 vel: -0.00346356   -0.03014239    0.0114107
Tree step number: 2048
**** Wallclock time per step (local): [Min/Max]
 Total       PP_single   PP_cluster  PP_cross    Tree_NB     Tree_Force  Force_corr  Kick        FindCluster CreateGroup MPI_comm    Output      Status      Other      
   0.0023075  3.1584e-05  0.00013159           0  0.00039403   0.0016003  6.5193e-05  3.5822e-05  6.2444e-05  3.0572e-05  4.7977e-06  5.0815e-06  4.0166e-09  1.2812e-05
   0.0023075  3.1621e-05  0.00013164           0  0.00038413   0.0015413  6.5252e-05  3.5858e-05   6.249e-05  3.0593e-05  4.8309e-06  5.0818e-06  4.0361e-09  1.2898e-05
**** FDPS tree soft force time profile (local):
 Sample_ptcl Domain_deco Ex_ptcl     SetRootCell Make_LT     Make_LET    Make_GT     Make_Group  Make_I_list Calc_force  Write_back 
           0           0           0  2.7529e-05  0.00033762  4.1785e-05  0.00024349   2.738e-06  5.4186e-05   0.0007132  0.00011947
**** Tree neighbor time profile (local):
 Sample_ptcl Domain_deco Ex_ptcl     SetRootCell Make_LT     Make_LET    Make_GT     Make_Group  Make_I_list Calc_force  Write_back 
           0           0           0  1.0276e-05  0.00012181  1.9224e-05  0.00011023  2.9221e-07  1.7587e-05  8.2976e-05  2.0247e-05
**** Number per step (global):
 PP_single   PP_cluster  PP_cross    Cluster     Cross       AR_step_sum
      970.52      29.477           0      10.674           0      10.908
 AR_tsyn_sum Stab_Ngroup Iso_Ngroup  Form_Ngroup End_Ngroup  Modf_Ngroup Merg_Ngroup H4_step_sum H4_no_NB    Ep-Ep_sum   Ep-Sp_sum  
      3.7842           0           0     0.23877    0.056641           0           0         177     0.24805  9.5978e+05      6058.7
**** Number of members in clusters (global):
N_members:            1           2           3           4           5           6           7           8           9          10          11          12
Count    :       970.52      7.9136      1.2563     0.30029     0.39111     0.25244      0.1377     0.12695     0.10254    0.080078    0.035645    0.021484
N_members:           13          14          15          16          17          18
Count    :    0.0078125   0.0048828   0.0097656    0.026367   0.0048828   0.0019531

Time: 14  N_real(loc): 1000  N_real(glb): 1000  N_all(loc): 1000  N_all(glb): 1000  N_remove(glb): 0  N_escape(glb): 0
Energy:     Error/Total         Error     Error_cum         Total       Kinetic     Potential        Modify  Modify_group Modify_single      Error_PP  Error_PP_cum
Physic:    1.007208e-06  -0.003240505   -0.07583194     -3217.313      3595.042     -6812.355  2.069311e-05             0             0 -2.536886e-05 -0.0007181222
Slowdown:  1.007208e-06  -0.003240505   -0.07583194     -3217.313      3595.042     -6812.355   2.06903e-05             0             0 -2.551052e-05 -0.0007176401
Angular Momentum:  |L|err: -0.00015946  |L|err_cum: 0.005549111  L: -102.8313   108.2316    -199.0026  |L|: 248.7778
C.M.: mass: 1900 pos: -0.1116404   0.03042451    0.03178368 vel: -0.0115578   -0.03431523    0.07413985
Tree step number: 2048
**** Wallclock time per step (local): [Min/Max]
 Total       PP_single   PP_cluster  PP_cross    Tree_NB     Tree_Force  Force_corr  Kick        FindCluster CreateGroup MPI_comm    Output      Status      Other      
   0.0022281  2.5884e-05  0.00012199           0  0.00040739   0.0015456  5.9639e-05  2.5798e-05  6.5105e-05  3.3261e-05   2.537e-06  4.3457e-06  3.0723e-09  6.7893e-06
   0.0022282  2.5921e-05  0.00012204           0  0.00039671   0.0014837  5.9699e-05  2.5834e-05  6.5164e-05  3.3283e-05  2.5697e-06  4.3459e-06  3.0869e-09  6.8851e-06
**** FDPS tree soft force time profile (local):
 Sample_ptcl Domain_deco Ex_ptcl     SetRootCell Make_LT     Make_LET    Make_GT     Make_Group  Make_I_list Calc_force  Write_back 
           0           0           0  3.0374e-05  0.00029828  3.8508e-05  0.00022709  3.0201e-06  5.4601e-05  0.00071512  0.00012544
**** Tree neighbor time profile (local):
 Sample_ptcl Domain_deco Ex_ptcl     SetRootCell Make_LT     Make_LET    Make_GT     Make_Group  Make_I_list Calc_force  Write_back 
           0           0           0  1.3841e-05  0.00014199  1.7106e-05  9.4727e-05  2.9162e-07  1.6348e-05  8.7288e-05  2.1873e-05
**** Number per step (global):
 PP_single   PP_cluster  PP_cross    Cluster     Cross       AR_step_sum
      974.01      25.995           0      11.251           0      10.704
 AR_tsyn_sum Stab_Ngroup Iso_Ngroup  Form_Ngroup End_Ngroup  Modf_Ngroup Merg_Ngroup H4_step_sum H4_no_NB    Ep-Ep_sum   Ep-Sp_sum  
      3.6074           0           0     0.30029    0.067871           0           0      150.59     0.26123  9.6104e+05      4032.9
**** Number of members in clusters (global):
N_members:            1           2           3           4           5           6           7           8           9
Count    :       974.01      8.9155      1.5771     0.52393     0.14209    0.038574    0.041992   0.0048828   0.0068359

Time: 14.5  N_real(loc): 1000  N_real(glb): 1000  N_all(loc): 1000  N_all(glb): 1000  N_remove(glb): 0  N_escape(glb): 0
Energy:     Error/Total         Error     Error_cum         Total       Kinetic     Potential        Modify  Modify_group Modify_single      Error_PP  Error_PP_cum
Physic:   -4.046287e-06    0.01301812   -0.06281383       -3217.3      3541.904     -6759.205  2.034305e-05             0             0 -4.997151e-05 -0.0007680937
Slowdown: -4.046286e-06    0.01301812   -0.06281382       -3217.3      3541.904     -6759.205  2.034045e-05             0             0 -4.994738e-05 -0.0007675875
Angular Momentum:  |L|err: 3.938119e-05  |L|err_cum: 0.005588492  L: -102.8313   108.2316    -199.0026  |L|: 248.7778
C.M.: mass: 1900 pos: -0.1289643   0.006118002    0.06820638 vel: -0.1518803   -0.06090504    0.04018832
Tree step number: 2048
**** Wallclock time per step (local): [Min/Max]
 Total       PP_single   PP_cluster  PP_cross    Tree_NB     Tree_Force  Force_corr  Kick        FindCluster CreateGroup MPI_comm    Output      Status      Other      
   0.0019142  2.0867e-05   0.0001208           0   0.0003496   0.0013344  2.6453e-05  1.6759e-05  5.4569e-05  2.3314e-05  2.3531e-06  4.4778e-06  3.2974e-09  6.9421e-06
   0.0019143  2.0903e-05  0.00012086           0  0.00034087   0.0012946  2.6519e-05  1.6793e-05  5.4614e-05  2.3334e-05  2.3852e-06   4.478e-06   3.312e-09  7.0314e-06
**** FDPS tree soft force time profile (local):
 Sample_ptcl Domain_deco Ex_ptcl     SetRootCell Make_LT     Make_LET    Make_GT     Make_Group  Make_I_list Calc_force  Write_back 
           0           0           0  2.0787e-05  0.00024392  2.9172e-05  0.00017475  1.9119e-06  4.3498e-05  0.00068403  8.1046e-05
**** Tree neighbor time profile (local):
 Sample_ptcl Domain_deco Ex_ptcl     SetRootCell Make_LT     Make_LET    Make_GT     Make_Group  Make_I_list Calc_force  Write_back 
           0           0           0  7.6296e-06  0.00011313  1.8139e-05  7.9503e-05  3.0353e-07  1.4162e-05   8.382e-05  1.7834e-05
**** Number per step (global):
 PP_single   PP_cluster  PP_cross    Cluster     Cross       AR_step_sum
      969.99      30.007           0      10.969           0      9.6006
 AR_tsyn_sum Stab_Ngroup Iso_Ngroup  Form_Ngroup End_Ngroup  Modf_Ngroup Merg_Ngroup H4_step_sum H4_no_NB    Ep-Ep_sum   Ep-Sp_sum  
      3.3047           0           0     0.23291    0.050293           0           0      188.45     0.26123  9.6352e+05      3411.2
**** Number of members in clusters (global):
N_members:            1           2           3           4           5           6           7           8           9          10          11          12
Count    :       969.99      7.9902      1.6187     0.29834     0.15967     0.27979     0.21387     0.10645     0.13574    0.053711    0.038086    0.033203
N_members:           13          14          15          16
Count    :    0.0068359    0.027344   0.0058594  0.00097656

Time: 15  N_real(loc): 1000  N_real(glb): 1000  N_all(loc): 1000  N_all(glb): 1000  N_remove(glb): 0  N_escape(glb): 0
Energy:     Error/Total         Error     Error_cum         Total       Kinetic     Potential        Modify  Modify_group Modify_single      Error_PP  Error_PP_cum
Physic:   -1.703451e-05    0.05480419  -0.008009635     -3217.246      3663.763     -6881.009     1.678e-05             0             0 -8.068001e-05 -0.0008487737
Slowdown:  -1.70345e-05    0.05480418  -0.008009646     -3217.246      3663.763     -6881.009  1.679081e-05             0             0 -8.067831e-05 -0.0008482658
Angular Momentum:  |L|err: 0.0001250697  |L|err_cum: 0.005713562  L: -102.8313   108.2317    -199.0027  |L|: 248.7779
C.M.: mass: 1900 pos: -0.1586422   0.006492297    0.06890332 vel: -0.0275987   -0.02616346    -0.0152354
Tree step number: 2048
**** Wallclock time per step (local): [Min/Max]
 Total       PP_single   PP_cluster  PP_cross    Tree_NB     Tree_Force  Force_corr  Kick        FindCluster CreateGroup MPI_comm    Output      Status      Other      
   0.0021025  3.6712e-05   0.0001729           0  0.00036187   0.0014144  3.0115e-05   2.948e-05   6.396e-05   2.389e-05  4.1273e-06  5.0728e-06  3.8994e-09   5.703e-06
   0.0021026  3.6748e-05  0.00017297           0  0.00035569   0.0013729  3.0169e-05  2.9515e-05  6.4009e-05   2.391e-05  4.1603e-06   5.073e-06  3.9189e-09  5.7864e-06
**** FDPS tree soft force time profile (local):
 Sample_ptcl Domain_deco Ex_ptcl     SetRootCell Make_LT     Make_LET    Make_GT     Make_Group  Make_I_list Calc_force  Write_back 
           0           0           0  1.5604e-05  0.00028537  3.1117e-05  0.00018881   1.913e-06  4.4433e-05   0.0006914  8.4585e-05
**** Tree neighbor time profile (local):
 Sample_ptcl Domain_deco Ex_ptcl     SetRootCell Make_LT     Make_LET    Make_GT     Make_Group  Make_I_list Calc_force  Write_back 
           0           0           0  1.2701e-05  0.00012201  1.4158e-05  8.5952e-05  3.2096e-07  1.7703e-05  8.5063e-05  1.2762e-05
**** Number per step (global):
 PP_single   PP_cluster  PP_cross    Cluster     Cross       AR_step_sum
      964.74      35.259           0      12.696           0      18.345
 AR_tsyn_sum Stab_Ngroup Iso_Ngroup  Form_Ngroup End_Ngroup  Modf_Ngroup Merg_Ngroup H4_step_sum H4_no_NB    Ep-Ep_sum   Ep-Sp_sum  
       6.209           0           0     0.36377    0.083008           0           0      215.06     0.16797  9.6098e+05      3964.3
**** Number of members in clusters (global):
N_members:            1           2           3           4           5           6           7           8           9          10          11          12
Count    :       964.74      9.0181      1.7808      0.5332     0.37939     0.28711     0.22168      0.1875     0.11963    0.056641    0.050781   0.0029297
N_members:           13          14          15          16          17          18
Count    :     0.027344   0.0097656   0.0029297    0.013672   0.0029297   0.0019531

Time: 15.5  N_real(loc): 1000  N_real(glb): 1000  N_all(loc): 1000  N_all(glb): 1000  N_remove(glb): 0  N_escape(glb): 0
Energy:     Error/Total         Error     Error_cum         Total       Kinetic     Potential        Modify  Modify_group Modify_single      Error_PP  Error_PP_cum
Physic:    1.637511e-06  -0.005268283   -0.01327792     -3217.251      3687.601     -6904.851  1.715573e-05             0             0  0.0002902798 -0.0005584939
Slowdown:  1.637511e-06  -0.005268283   -0.01327793     -3217.251      3687.601     -6904.851  1.716654e-05             0             0  0.0002902776 -0.0005579882
Angular Momentum:  |L|err: 2.801807e-06  |L|err_cum: 0.005716364  L: -102.8313   108.2318    -199.0026  |L|: 248.7779
C.M.: mass: 1900 pos: -0.1771115   -0.01429329    0.07432654 vel: -0.04951785   0.02926011    0.01175288
Tree step number: 2048
**** Wallclock time per step (local): [Min/Max]
 Total       PP_single   PP_cluster  PP_cross    Tree_NB     Tree_Force  Force_corr  Kick        FindCluster CreateGroup MPI_comm    Output      Status      Other      
   0.0020988  2.1015e-05  0.00015074           0  0.00041877   0.0013835  3.8186e-05  1.4824e-05  7.1304e-05  2.8844e-05  2.2012e-06   3.971e-06  9.7544e-09  1.0039e-05
   0.0020988  2.1051e-05  0.00015079           0  0.00041073   0.0013445  3.8241e-05  1.4858e-05  7.1353e-05  2.8864e-05  2.2334e-06  3.9712e-06  9.7744e-09  1.0128e-05
**** FDPS tree soft force time profile (local):
 Sample_ptcl Domain_deco Ex_ptcl     SetRootCell Make_LT     Make_LET    Make_GT     Make_Group  Make_I_list Calc_force  Write_back 
           0           0           0  2.4762e-05  0.00025204  3.8424e-05  0.00017204  2.3808e-06  5.0044e-05  0.00070762  7.9391e-05
**** Tree neighbor time profile (local):
 Sample_ptcl Domain_deco Ex_ptcl     SetRootCell Make_LT     Make_LET    Make_GT     Make_Group  Make_I_list Calc_force  Write_back 
           0           0           0  8.5245e-06  0.00016219  2.4329e-05  8.1217e-05  2.1241e-06  1.5344e-05  9.4378e-05  1.6478e-05
**** Number per step (global):
 PP_single   PP_cluster  PP_cross    Cluster     Cross       AR_step_sum
      973.23      26.769           0      9.4102           0      20.067
 AR_tsyn_sum Stab_Ngroup Iso_Ngroup  Form_Ngroup End_Ngroup  Modf_Ngroup Merg_Ngroup H4_step_sum H4_no_NB    Ep-Ep_sum   Ep-Sp_sum  
      6.8281           0           0      0.3916    0.066406           0           0       163.1       0.146  9.6948e+05      2464.8
**** Number of members in clusters (global):
N_members:            1           2           3           4           5           6           7           8           9          10          11          12
Count    :       973.23      7.2339      0.8667     0.36475     0.05957     0.17725     0.19922      0.1123    0.078125     0.10156    0.043945    0.048828
N_members:           13          14          15          16          17          18          19
Count    :     0.042969    0.036133   0.0029297    0.027344    0.011719  0.00097656   0.0019531

Time: 16  N_real(loc): 1000  N_real(glb): 1000  N_all(loc): 1000  N_all(glb): 1000  N_remove(glb): 0  N_escape(glb): 0
Energy:     Error/Total         Error     Error_cum         Total       Kinetic     Potential        Modify  Modify_group Modify_single      Error_PP  Error_PP_cum
Physic:   -7.118197e-06    0.02290086   0.009622945     -3217.228      3771.929     -6989.157  1.616056e-05             0             0    0.00139507  0.0008365758
Slowdown: -7.118196e-06    0.02290086   0.009622929     -3217.228      3771.929     -6989.157  1.617648e-05             0             0   0.001395028  0.0008370399
Angular Momentum:  |L|err: 0.000121388  |L|err_cum: 0.005837752  L: -102.8311   108.2317    -199.0028  |L|: 248.7779
C.M.: mass: 1900 pos: -0.2079239   0.01484887    0.07823247 vel: -0.0658684   0.07698825    0.02593953
Tree step number: 2048
**** Wallclock time per step (local): [Min/Max]
 Total       PP_single   PP_cluster  PP_cross    Tree_NB     Tree_Force  Force_corr  Kick        FindCluster CreateGroup MPI_comm    Output      Status      Other      
   0.0021892  2.7768e-05  0.00016565           0  0.00037722   0.0014678  3.9108e-05  2.4639e-05  8.3827e-05   3.914e-05  2.4597e-06  3.8487e-06  4.2607e-09  1.0731e-05
   0.0021892  2.7804e-05  0.00016572           0  0.00036626   0.0014228  3.9163e-05  2.4674e-05  8.3877e-05  3.9162e-05  2.4919e-06  3.8489e-06  4.2808e-09  1.0817e-05
**** FDPS tree soft force time profile (local):
 Sample_ptcl Domain_deco Ex_ptcl     SetRootCell Make_LT     Make_LET    Make_GT     Make_Group  Make_I_list Calc_force  Write_back 
           0           0           0  1.4097e-05  0.00028831  3.2839e-05  0.00021509  2.9639e-06  5.1459e-05  0.00069713  9.1401e-05
**** Tree neighbor time profile (local):
 Sample_ptcl Domain_deco Ex_ptcl     SetRootCell Make_LT     Make_LET    Make_GT     Make_Group  Make_I_list Calc_force  Write_back 
           0           0           0  8.4275e-06  0.00012212  1.9806e-05   8.963e-05  3.9067e-07  1.6267e-05  8.2922e-05  2.2322e-05
**** Number per step (global):
 PP_single   PP_cluster  PP_cross    Cluster     Cross       AR_step_sum
      969.11      30.893           0      10.872           0      23.174
 AR_tsyn_sum Stab_Ngroup Iso_Ngroup  Form_Ngroup End_Ngroup  Modf_Ngroup Merg_Ngroup H4_step_sum H4_no_NB    Ep-Ep_sum   Ep-Sp_sum  
      7.8975           0           0      0.5293    0.066895           0           0      188.81     0.18701  9.6382e+05      3462.2
**** Number of members in clusters (global):
N_members:            1           2           3           4           5           6           7           8           9          10          11          12
Count    :       969.11      7.7441      1.5312     0.56787     0.29199     0.21045    0.083984    0.046875    0.087402    0.056641    0.042969    0.033203
N_members:           13          14          15          16          17          18          19
Count    :     0.052734    0.037109    0.013672    0.015137    0.046875   0.0048828   0.0048828

Time: 16.5  N_real(loc): 1000  N_real(glb): 1000  N_all(loc): 1000  N_all(glb): 1000  N_remove(glb): 0  N_escape(glb): 0
Energy:     Error/Total         Error     Error_cum         Total       Kinetic     Potential        Modify  Modify_group Modify_single      Error_PP  Error_PP_cum
Physic:    1.842434e-05   -0.05927636   -0.04965342     -3217.285      3359.783     -6577.068   0.001985994             0             0 -0.0004529808   0.000383595
Slowdown:  1.842434e-05   -0.05927636   -0.04965344     -3217.285      3359.783     -6577.068    0.00198601             0             0 -0.0004529031  0.0003841367
Angular Momentum:  |L|err: -0.0001574991  |L|err_cum: 0.005680253  L: -102.8307   108.2316    -199.0023  |L|: 248.7773
C.M.: mass: 1900 pos: -0.2070261   0.04778418    0.07593006 vel: 0.02368887   0.07717917    0.03360419
Tree step number: 2048
**** Wallclock time per step (local): [Min/Max]
 Total       PP_single   PP_cluster  PP_cross    Tree_NB     Tree_Force  Force_corr  Kick        FindCluster CreateGroup MPI_comm    Output      Status      Other      
   0.0019637  1.6081e-05  0.00020248           0  0.00033861   0.0013151  2.5487e-05  1.1361e-05    6.17e-05   2.679e-05  2.4873e-06  4.2672e-06  4.7847e-09  7.7794e-06
   0.0019638  1.6116e-05  0.00020253           0  0.00032839   0.0012746   2.554e-05  1.1395e-05   6.175e-05  2.6811e-05  2.5197e-06  4.2674e-06  4.8042e-09  7.8607e-06
**** FDPS tree soft force time profile (local):
 Sample_ptcl Domain_deco Ex_ptcl     SetRootCell Make_LT     Make_LET    Make_GT     Make_Group  Make_I_list Calc_force  Write_back 
           0           0           0  1.6662e-05  0.00025114  3.0059e-05  0.00018637  2.1119e-06  4.8938e-05  0.00062807  8.2485e-05
**** Tree neighbor time profile (local):
 Sample_ptcl Domain_deco Ex_ptcl     SetRootCell Make_LT     Make_LET    Make_GT     Make_Group  Make_I_list Calc_force  Write_back 
           0           0           0  1.5308e-05  0.00010926  1.7347e-05  8.6749e-05  2.3787e-06  1.5986e-05  6.1782e-05  2.0879e-05
**** Number per step (global):
 PP_single   PP_cluster  PP_cross    Cluster     Cross       AR_step_sum
       968.6      31.396           0      10.087           0       49.36
 AR_tsyn_sum Stab_Ngroup Iso_Ngroup  Form_Ngroup End_Ngroup  Modf_Ngroup Merg_Ngroup H4_step_sum H4_no_NB    Ep-Ep_sum   Ep-Sp_sum  
      16.671           0           0      1.0601    0.016602           0           0      180.72      0.2832    9.58e+05      3832.9
**** Number of members in clusters (global):
N_members:            1           2           3           4           5           6           7           8           9          10          11          12
Count    :        968.6       7.001      1.2217     0.54102     0.33105     0.18359     0.11816     0.12305     0.14355    0.056641     0.02832     0.09082
N_members:           13          14          15          16          17          18          19          20          21
Count    :     0.068848    0.069336   0.0068359    0.040527    0.027344    0.023438   0.0048828   0.0029297   0.0039062

Time: 17  N_real(loc): 1000  N_real(glb): 1000  N_all(loc): 1000  N_all(glb): 1000  N_remove(glb): 0  N_escape(glb): 0
Energy:     Error/Total         Error     Error_cum         Total       Kinetic     Potential        Modify  Modify_group Modify_single      Error_PP  Error_PP_cum
Physic:    2.876234e-06  -0.009253692   -0.05890711     -3217.294      3154.849     -6372.143   0.001977525             0             0    0.02404223    0.02442583
Slowdown:  2.876234e-06  -0.009253692   -0.05890713     -3217.294      3154.849     -6372.143   0.001977541             0             0    0.02404181    0.02442595
Angular Momentum:  |L|err: -2.387598e-05  |L|err_cum: 0.005656377  L: -102.8308   108.2316    -199.0023  |L|: 248.7773
C.M.: mass: 1900 pos: -0.193894   0.09383065    0.08283161 vel: -0.02196642   0.05659615    -0.007221945
Tree step number: 2048
**** Wallclock time per step (local): [Min/Max]
 Total       PP_single   PP_cluster  PP_cross    Tree_NB     Tree_Force  Force_corr  Kick        FindCluster CreateGroup MPI_comm    Output      Status      Other      
   0.0020441  2.1971e-05  0.00021006           0  0.00032278   0.0013366  3.4457e-05  1.8324e-05  6.9354e-05  4.7804e-05  2.4766e-06  4.8307e-06   3.542e-09  1.0315e-05
   0.0020442  2.2007e-05  0.00021013           0  0.00031675   0.0013042  3.4512e-05  1.8359e-05  6.9407e-05  4.7824e-05  2.5335e-06  4.8309e-06  3.5615e-09  1.0398e-05
**** FDPS tree soft force time profile (local):
 Sample_ptcl Domain_deco Ex_ptcl     SetRootCell Make_LT     Make_LET    Make_GT     Make_Group  Make_I_list Calc_force  Write_back 
           0           0           0  2.5244e-05   0.0002635   2.943e-05  0.00018812  3.6423e-06  4.5295e-05  0.00065047  6.6152e-05
**** Tree neighbor time profile (local):
 Sample_ptcl Domain_deco Ex_ptcl     SetRootCell Make_LT     Make_LET    Make_GT     Make_Group  Make_I_list Calc_force  Write_back 
           0           0           0  8.6034e-06  0.00011194  1.6916e-05  7.7036e-05  4.1428e-07  1.3823e-05  6.8294e-05  1.2697e-05
**** Number per step (global):
 PP_single   PP_cluster  PP_cross    Cluster     Cross       AR_step_sum
       968.7      31.299           0      9.7412           0       32.23
 AR_tsyn_sum Stab_Ngroup Iso_Ngroup  Form_Ngroup End_Ngroup  Modf_Ngroup Merg_Ngroup H4_step_sum H4_no_NB    Ep-Ep_sum   Ep-Sp_sum  
      11.097           0           0     0.52441    0.027344           0           0      199.52     0.13086  9.5527e+05      4102.7
**** Number of members in clusters (global):
N_members:            1           2           3           4           5           6           7           8           9          10          11          12
Count    :        968.7      6.8984      1.2568     0.39258     0.11426     0.11719    0.073242    0.068359     0.12012     0.16699     0.13672      0.1416
N_members:           13          14          15          16          17          18          19          20          21          23
Count    :      0.11035    0.013672    0.032227    0.030273    0.010742    0.030273   0.0078125    0.012695   0.0039062   0.0029297

Time: 17.5  N_real(loc): 1000  N_real(glb): 1000  N_all(loc): 1012  N_all(glb): 1012  N_remove(glb): 0  N_escape(glb): 0
Energy:     Error/Total         Error     Error_cum         Total       Kinetic     Potential        Modify  Modify_group Modify_single      Error_PP  Error_PP_cum
Physic:      -0.1167208      326.2994      326.2404     -2795.553      3112.965     -5908.519      95.44383             0             0      0.206816     0.2312418
Slowdown:    -0.1183968      326.1959       326.137     -2755.107      3096.026     -5851.133      135.9937             0             0     0.1883457     0.2127716
Angular Momentum:  |L|err: 44.21997  |L|err_cum: 44.22563  L: -94.75045   98.59393    -156.5992  |L|: 207.8983
C.M.: mass: 1900 pos: -0.2255659   0.09068992    0.09979124 vel: -0.08758746   -0.02752776    0.09417432
Tree step number: 2048
**** Wallclock time per step (local): [Min/Max]
 Total       PP_single   PP_cluster  PP_cross    Tree_NB     Tree_Force  Force_corr  Kick        FindCluster CreateGroup MPI_comm    Output      Status      Other      
   0.0021643   2.396e-05  0.00015708           0  0.00037746    0.001463  5.0463e-05  2.0735e-05  7.2193e-05  3.0243e-05  5.5305e-06  4.0746e-06  3.7231e-09  1.1827e-05
   0.0021644  2.3996e-05  0.00015714           0  0.00036909   0.0014163   5.052e-05   2.077e-05  7.2241e-05  3.0264e-05  5.5629e-06  4.0748e-06  3.7378e-09  1.1914e-05
**** FDPS tree soft force time profile (local):
 Sample_ptcl Domain_deco Ex_ptcl     SetRootCell Make_LT     Make_LET    Make_GT     Make_Group  Make_I_list Calc_force  Write_back 
           0           0           0  2.0174e-05  0.00026897  4.1894e-05  0.00019511  2.5196e-06  5.3647e-05  0.00070199  9.5243e-05
**** Tree neighbor time profile (local):
 Sample_ptcl Domain_deco Ex_ptcl     SetRootCell Make_LT     Make_LET    Make_GT     Make_Group  Make_I_list Calc_force  Write_back 
           0           0           0  2.6605e-05  0.00012416  1.7201e-05  8.7292e-05  4.8282e-07  1.3704e-05  8.2748e-05  1.7332e-05
**** Number per step (global):
 PP_single   PP_cluster  PP_cross    Cluster     Cross       AR_step_sum
      973.84      26.158           0      9.9233           0      30.735
 AR_tsyn_sum Stab_Ngroup Iso_Ngroup  Form_Ngroup End_Ngroup  Modf_Ngroup Merg_Ngroup H4_step_sum H4_no_NB    Ep-Ep_sum   Ep-Sp_sum  
      6.3838     0.88232           0     0.12598    0.016602   0.0029297           0      144.51     0.05957  9.5893e+05      6821.5
**** Number of members in clusters (global):
N_members:            1           2           3           4           5           6           7           8           9          10          11          12
Count    :       973.84      7.6533      1.3149     0.28223      0.1084    0.078125    0.032227     0.11914     0.13428    0.051758    0.041992    0.041016
N_members:           13          14          15          16
Count    :     0.030762    0.021484    0.011719   0.0019531

Time: 18  N_real(loc): 1000  N_real(glb): 1000  N_all(loc): 1012  N_all(glb): 1012  N_remove(glb): 0  N_escape(glb): 0
Energy:     Error/Total         Error     Error_cum         Total       Kinetic     Potential        Modify  Modify_group Modify_single      Error_PP  Error_PP_cum
Physic:     -0.01950511      53.43851       379.679     -2739.719      3063.539     -5803.258      97.83976             0             0  -0.001423163     0.2298186
Slowdown:   -0.01979676      53.43685      379.5738     -2699.273       3046.59     -5745.863      178.8372             0             0  -0.001422956     0.2113486
Angular Momentum:  |L|err: -3.442738  |L|err_cum: 40.78289  L: -93.89933   97.96967    -160.5519  |L|: 210.2191
C.M.: mass: 1900 pos: -0.2509375   0.09142193    0.1137033 vel: -0.02299397   0.00788234    0.04028684
Tree step number: 2048
**** Wallclock time per step (local): [Min/Max]
 Total       PP_single   PP_cluster  PP_cross    Tree_NB     Tree_Force  Force_corr  Kick        FindCluster CreateGroup MPI_comm    Output      Status      Other      
   0.0021082  2.1341e-05  0.00011962           0  0.00032313   0.0015371  3.7893e-05  1.7399e-05  4.1341e-05  3.1739e-05  1.7346e-06  4.2898e-06  4.2026e-09  7.8424e-06
   0.0021082  2.1376e-05  0.00011967           0  0.00032153   0.0015003  3.7948e-05  1.7433e-05  4.1386e-05   3.176e-05  1.7666e-06    4.29e-06  4.2173e-09  7.9509e-06
**** FDPS tree soft force time profile (local):
 Sample_ptcl Domain_deco Ex_ptcl     SetRootCell Make_LT     Make_LET    Make_GT     Make_Group  Make_I_list Calc_force  Write_back 
           0           0           0  2.6105e-05  0.00026791  3.5302e-05  0.00020807  3.6195e-06  7.1959e-05  0.00075902  7.5329e-05
**** Tree neighbor time profile (local):
 Sample_ptcl Domain_deco Ex_ptcl     SetRootCell Make_LT     Make_LET    Make_GT     Make_Group  Make_I_list Calc_force  Write_back 
           0           0           0   1.784e-05  0.00010944   1.707e-05  8.4568e-05  6.4975e-07   1.519e-05  4.1502e-05   7.591e-06
**** Number per step (global):
 PP_single   PP_cluster  PP_cross    Cluster     Cross       AR_step_sum
      976.42      23.577           0      7.9995           0      21.789
 AR_tsyn_sum Stab_Ngroup Iso_Ngroup  Form_Ngroup End_Ngroup  Modf_Ngroup Merg_Ngroup H4_step_sum H4_no_NB    Ep-Ep_sum   Ep-Sp_sum  
      2.7744           1           0     0.14014    0.025879           0           0      131.58    0.081055  9.0836e+05       16807
**** Number of members in clusters (global):
N_members:            1           2           3           4           5           6           7           8           9          10          11          12
Count    :       976.42      6.0771     0.74316     0.21338    0.095703     0.14893     0.11816      0.1123    0.067871     0.16406     0.14355    0.087891
N_members:           13          14
Count    :     0.026367  0.00097656

Time: 18.5  N_real(loc): 1000  N_real(glb): 1000  N_all(loc): 1012  N_all(glb): 1012  N_remove(glb): 0  N_escape(glb): 0
Energy:     Error/Total         Error     Error_cum         Total       Kinetic     Potential        Modify  Modify_group Modify_single      Error_PP  Error_PP_cum
Physic:    -0.006338722      17.25202       396.931     -2721.688      3555.148     -6276.836      98.61889             0             0 -0.0007218949     0.2290967
Slowdown:  -0.006434285      17.25187      396.8257     -2681.242      3538.192     -6219.434      220.0624             0             0  -0.000721902     0.2106267
Angular Momentum:  |L|err: -3.174136  |L|err_cum: 37.60875  L: -93.48107   97.78524    -164.1008  |L|: 212.6728
C.M.: mass: 1900 pos: -0.2494533   0.1252744    0.1158728 vel: 0.01565383   0.08978649    -0.03069551
Tree step number: 2048
**** Wallclock time per step (local): [Min/Max]
 Total       PP_single   PP_cluster  PP_cross    Tree_NB     Tree_Force  Force_corr  Kick        FindCluster CreateGroup MPI_comm    Output      Status      Other      
   0.0024257  2.1431e-05  0.00015808           0  0.00043501   0.0016591   3.128e-05  1.2172e-05  7.7818e-05  5.5002e-05  2.1126e-06  3.9355e-06  3.0576e-09  5.9039e-06
   0.0024257  2.1466e-05  0.00015814           0  0.00043208   0.0016235  3.1334e-05  1.2207e-05  7.7869e-05  5.5026e-05  2.1446e-06  3.9357e-06  3.0723e-09  6.0345e-06
**** FDPS tree soft force time profile (local):
 Sample_ptcl Domain_deco Ex_ptcl     SetRootCell Make_LT     Make_LET    Make_GT     Make_Group  Make_I_list Calc_force  Write_back 
           0           0           0  4.2781e-05  0.00030325  3.9091e-05  0.00031129    3.25e-06     7.3e-05  0.00063624  7.2995e-05
**** Tree neighbor time profile (local):
 Sample_ptcl Domain_deco Ex_ptcl     SetRootCell Make_LT     Make_LET    Make_GT     Make_Group  Make_I_list Calc_force  Write_back 
           0           0           0  3.5421e-05  0.00015762  2.3068e-05  0.00010808  6.6612e-07  1.4612e-05  4.2206e-05  6.3892e-06
**** Number per step (global):
 PP_single   PP_cluster  PP_cross    Cluster     Cross       AR_step_sum
      974.74      25.261           0      8.8638           0       36.33
 AR_tsyn_sum Stab_Ngroup Iso_Ngroup  Form_Ngroup End_Ngroup  Modf_Ngroup Merg_Ngroup H4_step_sum H4_no_NB    Ep-Ep_sum   Ep-Sp_sum  
      7.7163           1           0       0.354    0.068359           0           0      144.47    0.074219  8.8929e+05       19432
**** Number of members in clusters (global):
N_members:            1           2           3           4           5           6           7           8           9          10          11          12
Count    :       974.74      6.7085     0.79102     0.45312     0.13281     0.15479     0.11914    0.082031    0.070312     0.12354     0.11035    0.058594
N_members:           13          14          15
Count    :     0.048828   0.0058594   0.0048828

Time: 19  N_real(loc): 1000  N_real(glb): 1000  N_all(loc): 1012  N_all(glb): 1012  N_remove(glb): 0  N_escape(glb): 0
Energy:     Error/Total         Error     Error_cum         Total       Kinetic     Potential        Modify  Modify_group Modify_single      Error_PP  Error_PP_cum
Physic:    -0.003247919      8.809926      405.7409     -2712.483      3217.032     -5929.515      99.01363             0             0 -5.557087e-06     0.2290912
Slowdown:  -0.003297069       8.80989      405.6356     -2672.037      3200.068     -5872.105      260.9031             0             0 -5.543561e-06     0.2106212
Angular Momentum:  |L|err: -2.566977  |L|err_cum: 35.04178  L: -93.25289   97.76223    -166.9585  |L|: 214.7759
C.M.: mass: 1900 pos: -0.24701   0.1279845    0.1276333 vel: 0.009617371   -0.01380811    0.02413829
Tree step number: 2048
**** Wallclock time per step (local): [Min/Max]
 Total       PP_single   PP_cluster  PP_cross    Tree_NB     Tree_Force  Force_corr  Kick        FindCluster CreateGroup MPI_comm    Output      Status      Other      
   0.0024801  2.0371e-05  0.00010373           0  0.00049747    0.001714  2.9007e-05   1.301e-05    5.72e-05  7.3027e-05  2.7008e-06  3.0478e-06  4.2266e-09  5.6253e-06
   0.0024802  2.0405e-05  0.00010379           0  0.00049203   0.0016779   2.906e-05  1.3043e-05  5.7244e-05  7.3055e-05  2.7327e-06  3.0481e-06  4.2412e-09  5.7296e-06
**** FDPS tree soft force time profile (local):
 Sample_ptcl Domain_deco Ex_ptcl     SetRootCell Make_LT     Make_LET    Make_GT     Make_Group  Make_I_list Calc_force  Write_back 
           0           0           0  4.8377e-05  0.00031861  3.3865e-05  0.00024815  5.1117e-06  7.3785e-05  0.00068509   7.401e-05
**** Tree neighbor time profile (local):
 Sample_ptcl Domain_deco Ex_ptcl     SetRootCell Make_LT     Make_LET    Make_GT     Make_Group  Make_I_list Calc_force  Write_back 
           0           0           0  4.6255e-05  0.00014545  2.0779e-05  0.00012348  6.8475e-07  1.9893e-05  3.4403e-05   1.137e-05
**** Number per step (global):
 PP_single   PP_cluster  PP_cross    Cluster     Cross       AR_step_sum
      971.88      28.115           0      10.449           0      16.458
 AR_tsyn_sum Stab_Ngroup Iso_Ngroup  Form_Ngroup End_Ngroup  Modf_Ngroup Merg_Ngroup H4_step_sum H4_no_NB    Ep-Ep_sum   Ep-Sp_sum  
      0.8916           1           0     0.07373    0.016602           0           0      150.17    0.095703  8.7984e+05       18882
**** Number of members in clusters (global):
N_members:            1           2           3           4           5           6           7           8           9          10          11          12
Count    :       971.88      7.8882       1.248     0.39307     0.32715    0.086914     0.12891    0.091797    0.041016    0.071777    0.047852     0.04541
N_members:           13          14          15          16          17
Count    :     0.050781    0.017578   0.0087891  0.00097656  0.00097656

Time: 19.5  N_real(loc): 1000  N_real(glb): 1000  N_all(loc): 1012  N_all(glb): 1012  N_remove(glb): 0  N_escape(glb): 0
Energy:     Error/Total         Error     Error_cum         Total       Kinetic     Potential        Modify  Modify_group Modify_single      Error_PP  Error_PP_cum
Physic:    -0.001928308      5.219984      410.9609     -2707.028      3121.372       -5828.4       99.2487             0             0 -0.0003392901     0.2287519
Slowdown:  -0.001957551      5.219971      410.8556     -2666.582      3104.401     -5770.983       301.584             0             0  -0.000339226      0.210282
Angular Momentum:  |L|err: -2.068464  |L|err_cum: 32.97331  L: -93.08446   97.74272    -169.2965  |L|: 216.5171
C.M.: mass: 1900 pos: -0.2646906   0.1034246    0.1249969 vel: -0.05130917   0.0007144423    -0.03563324
Tree step number: 2048
**** Wallclock time per step (local): [Min/Max]
 Total       PP_single   PP_cluster  PP_cross    Tree_NB     Tree_Force  Force_corr  Kick        FindCluster CreateGroup MPI_comm    Output      Status      Other      
   0.0022118  2.1397e-05  0.00010969           0  0.00041809   0.0015325  2.8057e-05  1.0678e-05  4.9212e-05  5.4318e-05  1.4364e-06  4.0778e-06  3.3608e-09  3.8745e-06
   0.0022119  2.1432e-05  0.00010974           0  0.00041558   0.0015112   2.811e-05  1.0712e-05  4.9256e-05  5.4344e-05  1.4682e-06  4.0781e-06  3.3804e-09  3.9781e-06
**** FDPS tree soft force time profile (local):
 Sample_ptcl Domain_deco Ex_ptcl     SetRootCell Make_LT     Make_LET    Make_GT     Make_Group  Make_I_list Calc_force  Write_back 
           0           0           0  3.2901e-05   0.0002826  3.1001e-05  0.00024858  3.6157e-06  7.4498e-05  0.00063735  4.4465e-05
**** Tree neighbor time profile (local):
 Sample_ptcl Domain_deco Ex_ptcl     SetRootCell Make_LT     Make_LET    Make_GT     Make_Group  Make_I_list Calc_force  Write_back 
           0           0           0  2.9878e-05  0.00013746  1.4912e-05  0.00010177   6.735e-07  2.0521e-05  3.5484e-05  5.4767e-06
**** Number per step (global):
 PP_single   PP_cluster  PP_cross    Cluster     Cross       AR_step_sum
      974.27      25.732           0      8.1592           0      16.268
 AR_tsyn_sum Stab_Ngroup Iso_Ngroup  Form_Ngroup End_Ngroup  Modf_Ngroup Merg_Ngroup H4_step_sum H4_no_NB    Ep-Ep_sum   Ep-Sp_sum  
     0.82324           1           0    0.054688    0.013672           0           0      140.29    0.095215   8.734e+05       19185
**** Number of members in clusters (global):
N_members:            1           2           3           4           5           6           7           8           9          10          11          12
Count    :       974.27      6.3921     0.57715     0.14844     0.05127    0.057617    0.086914     0.09082     0.17822     0.17188     0.15625     0.04834
N_members:           13          14          15          16          17          18          19          20
Count    :     0.032227    0.039062    0.049805     0.02832    0.030273   0.0097656   0.0068359   0.0039062

Time: 20  N_real(loc): 1000  N_real(glb): 1000  N_all(loc): 1012  N_all(glb): 1012  N_remove(glb): 0  N_escape(glb): 0
Energy:     Error/Total         Error     Error_cum         Total       Kinetic     Potential        Modify  Modify_group Modify_single      Error_PP  Error_PP_cum
Physic:    -0.001269384      3.431707      414.3926     -2703.443      3315.629     -6019.072      99.40229             0             0 -1.017201e-05     0.2287417
Slowdown:  -0.001288662      3.431702      414.2873     -2662.997       3298.65     -5961.647      342.1835             0             0  -1.01607e-05     0.2102718
Angular Momentum:  |L|err: -1.703956  |L|err_cum: 31.26936  L: -92.99037   97.76101    -171.2265  |L|: 217.9975
C.M.: mass: 1900 pos: -0.278835   0.07066383    0.1146254 vel: -0.01254552   -0.04810222    -0.05947303
Tree step number: 2048
**** Wallclock time per step (local): [Min/Max]
 Total       PP_single   PP_cluster  PP_cross    Tree_NB     Tree_Force  Force_corr  Kick        FindCluster CreateGroup MPI_comm    Output      Status      Other      
   0.0019937  1.7303e-05  0.00010209           0  0.00035134   0.0014128  3.8543e-05  1.5127e-05  4.5327e-05  4.1601e-05   1.541e-06   4.378e-06  3.3706e-09  4.7033e-06
   0.0019937  1.7338e-05  0.00010215           0  0.00034547   0.0013752  3.8598e-05  1.5161e-05  4.5381e-05  4.1624e-05  1.5735e-06  4.3782e-06  3.3853e-09  4.7946e-06
**** FDPS tree soft force time profile (local):
 Sample_ptcl Domain_deco Ex_ptcl     SetRootCell Make_LT     Make_LET    Make_GT     Make_Group  Make_I_list Calc_force  Write_back 
           0           0           0  1.7973e-05  0.00024902  2.9937e-05  0.00020426  3.1705e-06  6.1478e-05  0.00066897    7.68e-05
**** Tree neighbor time profile (local):
 Sample_ptcl Domain_deco Ex_ptcl     SetRootCell Make_LT     Make_LET    Make_GT     Make_Group  Make_I_list Calc_force  Write_back 
           0           0           0  1.6394e-05  0.00011321  1.9566e-05  9.1532e-05  6.2673e-07  1.5285e-05  5.0503e-05   1.216e-05
**** Number per step (global):
 PP_single   PP_cluster  PP_cross    Cluster     Cross       AR_step_sum
      971.61      28.388           0      9.7671           0      16.492
 AR_tsyn_sum Stab_Ngroup Iso_Ngroup  Form_Ngroup End_Ngroup  Modf_Ngroup Merg_Ngroup H4_step_sum H4_no_NB    Ep-Ep_sum   Ep-Sp_sum  
     0.88428           1           0    0.063965    0.015137           0           0      153.33     0.14404  9.0556e+05       12204
**** Number of members in clusters (global):
N_members:            1           2           3           4           5           6           7           8           9          10          11          12
Count    :       971.61      7.3491     0.74561      0.5127     0.22021     0.25684     0.23535    0.077148    0.049316    0.038086     0.10938    0.022461
N_members:           13          14          15          16          17          18
Count    :      0.06543   0.0053711     0.03125     0.02832    0.018555   0.0019531

Time: 20.5  N_real(loc): 1000  N_real(glb): 1000  N_all(loc): 1012  N_all(glb): 1012  N_remove(glb): 0  N_escape(glb): 0
Energy:     Error/Total         Error     Error_cum         Total       Kinetic     Potential        Modify  Modify_group Modify_single      Error_PP  Error_PP_cum
Physic:   -0.0009002348      2.431447       416.824     -2700.903        3555.9     -6256.803      99.51044             0             0  0.0001747804     0.2289165
Slowdown: -0.0009139197      2.431444      416.7187     -2660.457      3538.913     -6199.371      382.7376             0             0  0.0001747797     0.2104466
Angular Momentum:  |L|err: -1.435668  |L|err_cum: 29.83369  L: -92.92655   97.78956    -172.8661  |L|: 219.2735
C.M.: mass: 1900 pos: -0.3189921   0.0411048    0.08509248 vel: -0.1032206   -0.02926918    -0.02108193
Tree step number: 2048
**** Wallclock time per step (local): [Min/Max]
 Total       PP_single   PP_cluster  PP_cross    Tree_NB     Tree_Force  Force_corr  Kick        FindCluster CreateGroup MPI_comm    Output      Status      Other      
   0.0022193  2.1723e-05  0.00011019           0  0.00038342   0.0015741   3.728e-05   3.398e-05  5.1869e-05  4.4121e-05  3.0544e-06  4.5576e-06  3.5513e-09  8.0805e-06
   0.0022193  2.1758e-05  0.00011024           0  0.00037769   0.0015244  3.7336e-05  3.4069e-05  5.1916e-05  4.4144e-05  3.0869e-06  4.5578e-06  3.5708e-09  8.1906e-06
**** FDPS tree soft force time profile (local):
 Sample_ptcl Domain_deco Ex_ptcl     SetRootCell Make_LT     Make_LET    Make_GT     Make_Group  Make_I_list Calc_force  Write_back 
           0           0           0  2.8732e-05  0.00031004  2.7657e-05  0.00020746  2.5446e-06  5.0779e-05  0.00074565  0.00010162
**** Tree neighbor time profile (local):
 Sample_ptcl Domain_deco Ex_ptcl     SetRootCell Make_LT     Make_LET    Make_GT     Make_Group  Make_I_list Calc_force  Write_back 
           0           0           0  1.8446e-05  0.00011774  1.6551e-05  9.5549e-05   5.077e-07  1.7265e-05  6.8194e-05  1.1874e-05
**** Number per step (global):
 PP_single   PP_cluster  PP_cross    Cluster     Cross       AR_step_sum
      971.56      28.439           0      9.6157           0      17.457
 AR_tsyn_sum Stab_Ngroup Iso_Ngroup  Form_Ngroup End_Ngroup  Modf_Ngroup Merg_Ngroup H4_step_sum H4_no_NB    Ep-Ep_sum   Ep-Sp_sum  
      1.2534           1           0    0.067383    0.015137           0           0      156.55      0.1416  9.2867e+05        8303
**** Number of members in clusters (global):
N_members:            1           2           3           4           5           6           7           8           9          10          11          12
Count    :       971.56      7.6338     0.64404     0.22461     0.10156     0.10938     0.20605    0.074219     0.10645    0.093262     0.16504     0.10938
N_members:           13          14          15          16          17          18
Count    :     0.046875     0.04541    0.016602    0.037109  0.00097656  0.00097656

Time: 21  N_real(loc): 1000  N_real(glb): 1000  N_all(loc): 1012  N_all(glb): 1012  N_remove(glb): 0  N_escape(glb): 0
Energy:     Error/Total         Error     Error_cum         Total       Kinetic     Potential        Modify  Modify_group Modify_single      Error_PP  Error_PP_cum
Physic:   -0.0006862332      1.852123      418.6762     -2698.971       3513.99      -6212.96      99.59074             0             0 -7.206387e-05     0.2288444
Slowdown: -0.0006966727      1.852122      418.5709     -2658.525      3496.996     -6155.521      423.2638             0             0 -7.206236e-05     0.2103745
Angular Momentum:  |L|err: -1.233159  |L|err_cum: 28.60053  L: -92.87566   97.82324    -174.2895  |L|: 220.3908
C.M.: mass: 1900 pos: -0.3536437   0.003261308    0.09039562 vel: -0.03944177   -0.1076299    0.01434721
Tree step number: 2048
**** Wallclock time per step (local): [Min/Max]
 Total       PP_single   PP_cluster  PP_cross    Tree_NB     Tree_Force  Force_corr  Kick        FindCluster CreateGroup MPI_comm    Output      Status      Other      
   0.0025845  4.5959e-05  0.00015698           0  0.00049949    0.001688  6.9365e-05  4.2704e-05  7.2379e-05  4.6088e-05  6.8888e-06  3.7841e-06  3.7476e-09   1.301e-05
   0.0025845  4.5995e-05  0.00015703           0  0.00049356   0.0016317  6.9422e-05   4.274e-05  7.2428e-05   4.611e-05  6.9218e-06  3.7843e-06  3.7622e-09    1.31e-05
**** FDPS tree soft force time profile (local):
 Sample_ptcl Domain_deco Ex_ptcl     SetRootCell Make_LT     Make_LET    Make_GT     Make_Group  Make_I_list Calc_force  Write_back 
           0           0           0  3.3116e-05  0.00037042  3.4676e-05  0.00025424  3.4851e-06  6.0876e-05  0.00072234  0.00011434
**** Tree neighbor time profile (local):
 Sample_ptcl Domain_deco Ex_ptcl     SetRootCell Make_LT     Make_LET    Make_GT     Make_Group  Make_I_list Calc_force  Write_back 
           0           0           0   3.656e-05  0.00022902  2.4481e-05  0.00010207  5.8075e-07  1.7556e-05  5.9609e-05  1.2276e-05
**** Number per step (global):
 PP_single   PP_cluster  PP_cross    Cluster     Cross       AR_step_sum
      970.86      29.144           0      9.2939           0      25.372
 AR_tsyn_sum Stab_Ngroup Iso_Ngroup  Form_Ngroup End_Ngroup  Modf_Ngroup Merg_Ngroup H4_step_sum H4_no_NB    Ep-Ep_sum   Ep-Sp_sum  
      3.9868           1           0     0.18213    0.032715           0           0      171.01    0.064941  9.1014e+05       11477
**** Number of members in clusters (global):
N_members:            1           2           3           4           5           6           7           8           9          10          11          12
Count    :       970.86      7.5967     0.54688     0.14746    0.020508    0.029297   0.0087891    0.037109    0.066406     0.13232     0.15479     0.16309
N_members:           13          14          15          16          17          18
Count    :      0.14648     0.12988    0.069336     0.03125   0.0058594   0.0078125

Time: 21.5  N_real(loc): 1000  N_real(glb): 1000  N_all(loc): 1024  N_all(glb): 1024  N_remove(glb): 0  N_escape(glb): 0
Energy:     Error/Total         Error     Error_cum         Total       Kinetic     Potential        Modify  Modify_group Modify_single      Error_PP  Error_PP_cum
Physic:     -0.03243588      82.35853      501.0347     -2539.118      3339.972      -5879.09      177.0851             0             0      0.192881     0.4217255
Slowdown:   -0.03746486      82.18076      500.7516     -2193.542      3239.549     -5433.091      846.5113             0             0    0.05827003     0.2686446
Angular Momentum:  |L|err: 12.79232  |L|err_cum: 41.39285  L: -87.00461   102.7509    -161.1467  |L|: 209.99
C.M.: mass: 1900 pos: -0.3741303   -0.03156147    0.06910504 vel: -0.05195317   -0.1027223    -0.03411778
Tree step number: 2048
**** Wallclock time per step (local): [Min/Max]
 Total       PP_single   PP_cluster  PP_cross    Tree_NB     Tree_Force  Force_corr  Kick        FindCluster CreateGroup MPI_comm    Output      Status      Other      
   0.0033064  2.7017e-05  0.00026453           0  0.00055807   0.0022212  5.8226e-05  3.7567e-05  9.7263e-05  7.8443e-05  9.9054e-06  5.1791e-06  5.2539e-09   1.229e-05
   0.0033065  2.7052e-05  0.00026459           0  0.00055336   0.0021603  5.8293e-05  3.7602e-05  9.7337e-05  7.8472e-05  9.9385e-06  5.1794e-06  5.2734e-09    1.24e-05
**** FDPS tree soft force time profile (local):
 Sample_ptcl Domain_deco Ex_ptcl     SetRootCell Make_LT     Make_LET    Make_GT     Make_Group  Make_I_list Calc_force  Write_back 
           0           0           0  6.9022e-05  0.00039286  4.4195e-05  0.00028682  3.2588e-06  7.5814e-05    0.001039  0.00012363
**** Tree neighbor time profile (local):
 Sample_ptcl Domain_deco Ex_ptcl     SetRootCell Make_LT     Make_LET    Make_GT     Make_Group  Make_I_list Calc_force  Write_back 
           0           0           0  3.9838e-05  0.00018618  2.5581e-05  0.00014553  7.0979e-07  1.8873e-05   6.466e-05  9.9478e-06
**** Number per step (global):
 PP_single   PP_cluster  PP_cross    Cluster     Cross       AR_step_sum
      973.65      26.354           0      9.3486           0      62.825
 AR_tsyn_sum Stab_Ngroup Iso_Ngroup  Form_Ngroup End_Ngroup  Modf_Ngroup Merg_Ngroup H4_step_sum H4_no_NB    Ep-Ep_sum   Ep-Sp_sum  
      16.151      1.2954           0     0.38232    0.019531           0           0      161.07    0.070801  8.7255e+05       21161
**** Number of members in clusters (global):
N_members:            1           2           3           4           5           6           7           8           9          10          11          12
Count    :       973.65      7.3794     0.85498     0.19141     0.12988     0.07959     0.10645     0.13477     0.10352    0.076172     0.11768    0.032227
N_members:           13          14          15          16
Count    :     0.089844    0.024414    0.023438   0.0048828

Time: 22  N_real(loc): 1000  N_real(glb): 1000  N_all(loc): 1024  N_all(glb): 1024  N_remove(glb): 0  N_escape(glb): 0
Energy:     Error/Total         Error     Error_cum         Total       Kinetic     Potential        Modify  Modify_group Modify_single      Error_PP  Error_PP_cum
Physic:     -0.02114147      52.06997      553.1047     -2462.931      2847.319      -5310.25      201.2023             0             0   0.007009395     0.4287348
Slowdown:   -0.02457368      52.03109      552.7827      -2117.35      2809.692     -4927.042      1216.248             0             0  0.0004683511     0.2691129
Angular Momentum:  |L|err: -1.558386  |L|err_cum: 39.83446  L: -86.88525   102.6629    -162.9234  |L|: 211.2646
C.M.: mass: 1900 pos: -0.40087   -0.07932736    0.0837256 vel: -0.007830094   -0.05974999    0.04058113
Tree step number: 2048
**** Wallclock time per step (local): [Min/Max]
 Total       PP_single   PP_cluster  PP_cross    Tree_NB     Tree_Force  Force_corr  Kick        FindCluster CreateGroup MPI_comm    Output      Status      Other      
   0.0040371  4.6041e-05  0.00013335           0  0.00079948    0.002768  8.1606e-05  6.1119e-05  8.9678e-05  0.00012986  3.6059e-06  3.4604e-06  3.1699e-09  1.3057e-05
   0.0040371  4.6119e-05  0.00013341           0  0.00079027   0.0026824   8.167e-05  6.1158e-05  8.9729e-05  0.00012989  3.6499e-06  3.4606e-06  3.1846e-09  1.3229e-05
**** FDPS tree soft force time profile (local):
 Sample_ptcl Domain_deco Ex_ptcl     SetRootCell Make_LT     Make_LET    Make_GT     Make_Group  Make_I_list Calc_force  Write_back 
           0           0           0  0.00010289  0.00055649  5.9934e-05  0.00041351  4.3806e-06  0.00010124   0.0011292  0.00017771
**** Tree neighbor time profile (local):
 Sample_ptcl Domain_deco Ex_ptcl     SetRootCell Make_LT     Make_LET    Make_GT     Make_Group  Make_I_list Calc_force  Write_back 
           0           0           0  7.5588e-05  0.00030558  3.3494e-05  0.00019593  8.1495e-07  2.5422e-05  7.4814e-05  1.8954e-05
**** Number per step (global):
 PP_single   PP_cluster  PP_cross    Cluster     Cross       AR_step_sum
      978.07      21.926           0      10.087           0      39.064
 AR_tsyn_sum Stab_Ngroup Iso_Ngroup  Form_Ngroup End_Ngroup  Modf_Ngroup Merg_Ngroup H4_step_sum H4_no_NB    Ep-Ep_sum   Ep-Sp_sum  
       4.522           2           0     0.12256     0.02832           0           0      101.36     0.11328  8.7969e+05       20007
**** Number of members in clusters (global):
N_members:            1           2           3           4           5           6
Count    :       978.07      8.6782      1.1592     0.16699    0.071289     0.01123

Time: 22.5  N_real(loc): 1000  N_real(glb): 1000  N_all(loc): 1024  N_all(glb): 1024  N_remove(glb): 0  N_escape(glb): 0
Energy:     Error/Total         Error     Error_cum         Total       Kinetic     Potential        Modify  Modify_group Modify_single      Error_PP  Error_PP_cum
Physic:    -0.005286119      12.93395      566.0386     -2446.776      2894.209     -5340.985      204.4227             0             0  0.0001926588     0.4289275
Slowdown:  -0.006154746      12.93232       565.715     -2101.195      2856.591     -4957.786      1565.051             0             0 -1.039795e-05     0.2691025
Angular Momentum:  |L|err: -3.875236  |L|err_cum: 35.95922  L: -87.69303   101.3911    -167.1074  |L|: 214.2315
C.M.: mass: 1900 pos: -0.394585   -0.1065961    0.08331281 vel: 0.01905768   -0.02081408    0.003766093
Tree step number: 2048
**** Wallclock time per step (local): [Min/Max]
 Total       PP_single   PP_cluster  PP_cross    Tree_NB     Tree_Force  Force_corr  Kick        FindCluster CreateGroup MPI_comm    Output      Status      Other      
   0.0024524  3.1392e-05  7.9389e-05           0  0.00038876   0.0018486  5.0348e-05  2.1209e-05  4.4951e-05  3.5268e-05  1.9049e-06  5.0643e-06   4.418e-09  6.7491e-06
   0.0024524  3.1429e-05  7.9432e-05           0  0.00038326   0.0017899  5.0405e-05  2.1243e-05  4.4994e-05  3.5289e-05  1.9374e-06  5.0645e-06  4.4326e-09  6.9182e-06
**** FDPS tree soft force time profile (local):
 Sample_ptcl Domain_deco Ex_ptcl     SetRootCell Make_LT     Make_LET    Make_GT     Make_Group  Make_I_list Calc_force  Write_back 
           0           0           0  2.4984e-05  0.00033929  4.5821e-05  0.00033223  6.2928e-06  8.2823e-05  0.00082756  0.00011927
**** Tree neighbor time profile (local):
 Sample_ptcl Domain_deco Ex_ptcl     SetRootCell Make_LT     Make_LET    Make_GT     Make_Group  Make_I_list Calc_force  Write_back 
           0           0           0  2.2656e-05  0.00014107  2.8469e-05  0.00011084  6.5962e-07   1.675e-05  4.2309e-05  1.1472e-05
**** Number per step (global):
 PP_single   PP_cluster  PP_cross    Cluster     Cross       AR_step_sum
       983.9      16.102           0      7.6807           0      28.498
 AR_tsyn_sum Stab_Ngroup Iso_Ngroup  Form_Ngroup End_Ngroup  Modf_Ngroup Merg_Ngroup H4_step_sum H4_no_NB    Ep-Ep_sum   Ep-Sp_sum  
     0.40186           2           0   0.0078125   0.0019531           0           0      65.063   0.0068359  8.9011e+05       17823
**** Number of members in clusters (global):
N_members:            1           2           3           4
Count    :        983.9      6.9995     0.62158     0.05957

Time: 23  N_real(loc): 1000  N_real(glb): 1000  N_all(loc): 1024  N_all(glb): 1024  N_remove(glb): 0  N_escape(glb): 0
Energy:     Error/Total         Error     Error_cum         Total       Kinetic     Potential        Modify  Modify_group Modify_single      Error_PP  Error_PP_cum
Physic:    -0.003147216      7.672881      573.7115      -2437.99      2648.734     -5086.724      205.5363             0             0 -3.778708e-06     0.4289237
Slowdown:  -0.003666805      7.672454      573.3875     -2092.409      2611.125     -4703.534      1911.746             0             0 -3.773554e-06     0.2690987
Angular Momentum:  |L|err: -2.987119  |L|err_cum: 32.97211  L: -88.39822   100.1343    -170.4813  |L|: 216.5756
C.M.: mass: 1900 pos: -0.3999243   -0.1348964    0.09551961 vel: -0.01018174   -0.07473302    -0.01556529
Tree step number: 2048
**** Wallclock time per step (local): [Min/Max]
 Total       PP_single   PP_cluster  PP_cross    Tree_NB     Tree_Force  Force_corr  Kick        FindCluster CreateGroup MPI_comm    Output      Status      Other      
   0.0019837  1.8534e-05  7.1084e-05           0  0.00030115   0.0015075  3.2473e-05  1.6253e-05  3.4157e-05  2.8515e-05  1.7554e-06  4.1979e-06  4.4131e-09    4.76e-06
   0.0019837  1.8569e-05  7.1125e-05           0   0.0002969   0.0014727  3.2527e-05  1.6287e-05  3.4198e-05  2.8535e-05   1.796e-06  4.1982e-06   4.457e-09  4.8669e-06
**** FDPS tree soft force time profile (local):
 Sample_ptcl Domain_deco Ex_ptcl     SetRootCell Make_LT     Make_LET    Make_GT     Make_Group  Make_I_list Calc_force  Write_back 
           0           0           0   1.393e-05  0.00024131  3.3193e-05  0.00021885   2.739e-06  6.6219e-05   0.0008057  7.1182e-05
**** Tree neighbor time profile (local):
 Sample_ptcl Domain_deco Ex_ptcl     SetRootCell Make_LT     Make_LET    Make_GT     Make_Group  Make_I_list Calc_force  Write_back 
           0           0           0  8.1347e-06  0.00010169  1.7727e-05  7.3865e-05  5.3888e-07  1.4786e-05  5.4201e-05  9.9273e-06
**** Number per step (global):
 PP_single   PP_cluster  PP_cross    Cluster     Cross       AR_step_sum
       982.6      17.399           0       8.188           0      28.179
 AR_tsyn_sum Stab_Ngroup Iso_Ngroup  Form_Ngroup End_Ngroup  Modf_Ngroup Merg_Ngroup H4_step_sum H4_no_NB    Ep-Ep_sum   Ep-Sp_sum  
       0.125           2           0    0.012207   0.0019531           0           0        73.4   0.0097656  9.0022e+05       14969
**** Number of members in clusters (global):
N_members:            1           2           3           4
Count    :        982.6      7.3218     0.70898     0.15723

Time: 23.5  N_real(loc): 1000  N_real(glb): 1000  N_all(loc): 1024  N_all(glb): 1024  N_remove(glb): 0  N_escape(glb): 0
Energy:     Error/Total         Error     Error_cum         Total       Kinetic     Potential        Modify  Modify_group Modify_single      Error_PP  Error_PP_cum
Physic:    -0.001873862       4.55871      578.2702     -2432.788      2767.568     -5200.357       206.179             0             0  -1.18602e-06     0.4289225
Slowdown:   -0.00218404      4.558545       577.946     -2087.207      2729.966     -4817.173       2257.97             0             0 -1.182867e-06     0.2690976
Angular Momentum:  |L|err: -2.359522  |L|err_cum: 30.61258  L: -88.94218   99.16998    -173.2678  |L|: 218.5569
C.M.: mass: 1900 pos: -0.4160291   -0.1832362    0.09032409 vel: -0.03162427   -0.1004206    -0.002618807
Tree step number: 2048
**** Wallclock time per step (local): [Min/Max]
 Total       PP_single   PP_cluster  PP_cross    Tree_NB     Tree_Force  Force_corr  Kick        FindCluster CreateGroup MPI_comm    Output      Status      Other      
   0.0020569  2.5245e-05  7.6391e-05           0  0.00032831   0.0015399   4.072e-05  2.1548e-05  4.2251e-05  2.5705e-05  2.6532e-06  4.3639e-06  5.4448e-09  6.6627e-06
    0.002057  2.5282e-05  7.6442e-05           0  0.00032395   0.0014853  4.0776e-05  2.1583e-05  4.2294e-05  2.5726e-05  2.6852e-06  4.3642e-06  5.4692e-09  6.7941e-06
**** FDPS tree soft force time profile (local):
 Sample_ptcl Domain_deco Ex_ptcl     SetRootCell Make_LT     Make_LET    Make_GT     Make_Group  Make_I_list Calc_force  Write_back 
           0           0           0   1.548e-05  0.00027339  3.3488e-05   0.0002259  2.5179e-06  6.2832e-05  0.00075294  0.00011088
**** Tree neighbor time profile (local):
 Sample_ptcl Domain_deco Ex_ptcl     SetRootCell Make_LT     Make_LET    Make_GT     Make_Group  Make_I_list Calc_force  Write_back 
           0           0           0  6.3814e-06  0.00010469  2.4795e-05  9.6259e-05  5.4444e-07   1.947e-05  5.3367e-05  9.1475e-06
**** Number per step (global):
 PP_single   PP_cluster  PP_cross    Cluster     Cross       AR_step_sum
       982.3      17.696           0      7.9355           0       28.61
 AR_tsyn_sum Stab_Ngroup Iso_Ngroup  Form_Ngroup End_Ngroup  Modf_Ngroup Merg_Ngroup H4_step_sum H4_no_NB    Ep-Ep_sum   Ep-Sp_sum  
     0.27881           2           0   0.0097656   0.0024414           0           0      69.912    0.013184  9.1032e+05       15059
**** Number of members in clusters (global):
N_members:            1           2           3           4           5           6           7           8
Count    :        982.3      6.8804     0.61377      0.2168     0.15918    0.039062    0.014648    0.011719

Time: 24  N_real(loc): 1000  N_real(glb): 1000  N_all(loc): 1024  N_all(glb): 1024  N_remove(glb): 0  N_escape(glb): 0
Energy:     Error/Total         Error     Error_cum         Total       Kinetic     Potential        Modify  Modify_group Modify_single      Error_PP  Error_PP_cum
Physic:    -0.001346549      3.270856      581.5411     -2429.065      2596.288     -5025.353      206.6313             0             0 -2.303945e-06     0.4289202
Slowdown:  -0.001569855      3.270769      581.2168     -2083.484      2558.692     -4642.176      2604.003             0             0  -2.31378e-06     0.2690952
Angular Momentum:  |L|err: -2.278843  |L|err_cum: 28.33374  L: -89.45513   98.34492    -176.0615  |L|: 220.6164
C.M.: mass: 1900 pos: -0.4284105   -0.2345731    0.09698644 vel: -0.01968037   -0.07083292    0.01029087
Tree step number: 2048
**** Wallclock time per step (local): [Min/Max]
 Total       PP_single   PP_cluster  PP_cross    Tree_NB     Tree_Force  Force_corr  Kick        FindCluster CreateGroup MPI_comm    Output      Status      Other      
    0.002052  3.2492e-05  6.8653e-05           0  0.00034945   0.0014841  6.3988e-05  4.5642e-05   4.037e-05  2.8075e-05  2.5303e-06  5.7165e-06  3.4292e-09  5.0679e-06
    0.002052  3.2528e-05  6.8707e-05           0  0.00034497   0.0014123  6.4044e-05  4.5729e-05  4.0412e-05  2.8096e-05  2.5625e-06  5.7167e-06  3.4438e-09  5.1614e-06
**** FDPS tree soft force time profile (local):
 Sample_ptcl Domain_deco Ex_ptcl     SetRootCell Make_LT     Make_LET    Make_GT     Make_Group  Make_I_list Calc_force  Write_back 
           0           0           0  2.4418e-05  0.00029796  3.5406e-05  0.00021132  3.2071e-06  7.4098e-05  0.00063611  0.00014539
**** Tree neighbor time profile (local):
 Sample_ptcl Domain_deco Ex_ptcl     SetRootCell Make_LT     Make_LET    Make_GT     Make_Group  Make_I_list Calc_force  Write_back 
           0           0           0  1.1388e-05  0.00013495  1.8627e-05  8.8587e-05  5.0315e-07  1.9802e-05  5.2921e-05  9.5485e-06
**** Number per step (global):
 PP_single   PP_cluster  PP_cross    Cluster     Cross       AR_step_sum
      982.78      17.219           0       7.583           0      28.078
 AR_tsyn_sum Stab_Ngroup Iso_Ngroup  Form_Ngroup End_Ngroup  Modf_Ngroup Merg_Ngroup H4_step_sum H4_no_NB    Ep-Ep_sum   Ep-Sp_sum  
     0.13672           2           0     0.01123    0.003418           0           0      67.886   0.0019531  9.2684e+05       12129
**** Number of members in clusters (global):
N_members:            1           2           3           4           5           6           7           8
Count    :       982.78       6.376      0.7124     0.24805     0.17627    0.052734  0.00097656    0.016602

Time: 24.5  N_real(loc): 1000  N_real(glb): 1000  N_all(loc): 1024  N_all(glb): 1024  N_remove(glb): 0  N_escape(glb): 0
Energy:     Error/Total         Error     Error_cum         Total       Kinetic     Potential        Modify  Modify_group Modify_single      Error_PP  Error_PP_cum
Physic:    -0.001017452      2.468605      584.0097     -2426.261      2670.671     -5096.932      206.9669             0             0 -3.438422e-06     0.4289168
Slowdown:  -0.001186438      2.468598      583.6854      -2080.68      2633.082     -4713.762       2949.92             0             0 -3.438791e-06     0.2690918
Angular Momentum:  |L|err: -1.989634  |L|err_cum: 26.34411  L: -89.91252   97.62739    -178.6356  |L|: 222.5444
C.M.: mass: 1900 pos: -0.4287269   -0.2741724    0.1142685 vel: -0.03215452   -0.06010952    0.05714024
Tree step number: 2048
**** Wallclock time per step (local): [Min/Max]
 Total       PP_single   PP_cluster  PP_cross    Tree_NB     Tree_Force  Force_corr  Kick        FindCluster CreateGroup MPI_comm    Output      Status      Other      
   0.0017388  1.9188e-05  7.4715e-05           0  0.00029287   0.0012778  3.4178e-05   1.906e-05  3.1194e-05  2.6711e-05  1.4549e-06  5.4393e-06  5.2251e-09  3.7782e-06
   0.0017388  1.9223e-05  7.4759e-05           0  0.00028863   0.0012325  3.4233e-05  1.9095e-05  3.1238e-05  2.6732e-05  1.4871e-06  5.4394e-06  5.2397e-09  3.8587e-06
**** FDPS tree soft force time profile (local):
 Sample_ptcl Domain_deco Ex_ptcl     SetRootCell Make_LT     Make_LET    Make_GT     Make_Group  Make_I_list Calc_force  Write_back 
           0           0           0  1.8721e-05  0.00025021  3.0255e-05   0.0002044   2.898e-06  6.0714e-05  0.00057202  9.2128e-05
**** Tree neighbor time profile (local):
 Sample_ptcl Domain_deco Ex_ptcl     SetRootCell Make_LT     Make_LET    Make_GT     Make_Group  Make_I_list Calc_force  Write_back 
           0           0           0  6.3071e-06  0.00010476  1.8291e-05  7.5851e-05  5.4291e-07  1.5212e-05  5.2207e-05  8.8794e-06
**** Number per step (global):
 PP_single   PP_cluster  PP_cross    Cluster     Cross       AR_step_sum
      980.95      19.046           0      8.5171           0      28.283
 AR_tsyn_sum Stab_Ngroup Iso_Ngroup  Form_Ngroup End_Ngroup  Modf_Ngroup Merg_Ngroup H4_step_sum H4_no_NB    Ep-Ep_sum   Ep-Sp_sum  
     0.13232           2           0    0.016113   0.0043945           0           0      80.746    0.012695   9.492e+05      7388.2
**** Number of members in clusters (global):
N_members:            1           2           3           4           5           6           7           8           9
Count    :       980.95      7.3818     0.56592      0.3374     0.18994    0.017578    0.016602   0.0068359  0.00097656

Time: 25  N_real(loc): 1000  N_real(glb): 1000  N_all(loc): 1024  N_all(glb): 1024  N_remove(glb): 0  N_escape(glb): 0
Energy:     Error/Total         Error     Error_cum         Total       Kinetic     Potential        Modify  Modify_group Modify_single      Error_PP  Error_PP_cum
Physic:   -0.0007872557      1.908385      585.9181     -2424.098       2571.09     -4995.188       207.221             0             0 -3.517405e-06     0.4289133
Slowdown:  -0.000918134      1.908358      585.5937     -2078.518      2533.506     -4612.024      3295.755             0             0 -3.523981e-06     0.2690883
Angular Momentum:  |L|err: -1.647632  |L|err_cum: 24.69648  L: -90.30308   97.0168    -180.9104  |L|: 224.2666
C.M.: mass: 1900 pos: -0.43543   -0.3118373    0.138735 vel: -0.01638028   -0.06421268    0.05373102
Tree step number: 2048
**** Wallclock time per step (local): [Min/Max]
 Total       PP_single   PP_cluster  PP_cross    Tree_NB     Tree_Force  Force_corr  Kick        FindCluster CreateGroup MPI_comm    Output      Status      Other      
   0.0017764   1.956e-05  7.8688e-05           0  0.00030205   0.0012995   3.616e-05  1.1333e-05  4.2643e-05   3.061e-05  1.5196e-06  4.5526e-06  3.7812e-09  3.8468e-06
   0.0017764  1.9595e-05  7.8738e-05           0  0.00029881   0.0012462  3.6214e-05  1.1366e-05  4.2686e-05  3.0632e-05  1.5517e-06  4.5528e-06  3.7959e-09   3.953e-06
**** FDPS tree soft force time profile (local):
 Sample_ptcl Domain_deco Ex_ptcl     SetRootCell Make_LT     Make_LET    Make_GT     Make_Group  Make_I_list Calc_force  Write_back 
           0           0           0  2.5027e-05  0.00025557  3.2899e-05   0.0002049  2.5451e-06  5.9124e-05  0.00056997  0.00010794
**** Tree neighbor time profile (local):
 Sample_ptcl Domain_deco Ex_ptcl     SetRootCell Make_LT     Make_LET    Make_GT     Make_Group  Make_I_list Calc_force  Write_back 
           0           0           0  1.1556e-05  0.00011224  1.9644e-05  8.9954e-05  4.7235e-07  1.7617e-05  3.8718e-05  6.8426e-06
**** Number per step (global):
 PP_single   PP_cluster  PP_cross    Cluster     Cross       AR_step_sum
      981.72      18.279           0      8.0361           0      28.099
 AR_tsyn_sum Stab_Ngroup Iso_Ngroup  Form_Ngroup End_Ngroup  Modf_Ngroup Merg_Ngroup H4_step_sum H4_no_NB    Ep-Ep_sum   Ep-Sp_sum  
     0.10352           2           0    0.016113    0.003418           0           0      77.637     0.03125  9.5171e+05      7200.5
**** Number of members in clusters (global):
N_members:            1           2           3           4           5           6           7           8
Count    :       981.72      6.6782     0.87158     0.25928     0.14453    0.032227    0.047363   0.0029297

Time: 25.5  N_real(loc): 1000  N_real(glb): 1000  N_all(loc): 1024  N_all(glb): 1024  N_remove(glb): 0  N_escape(glb): 0
Energy:     Error/Total         Error     Error_cum         Total       Kinetic     Potential        Modify  Modify_group Modify_single      Error_PP  Error_PP_cum
Physic:   -0.0006416367      1.554264      587.4723     -2422.343      2489.054     -4911.397      207.4227             0             0 -5.772104e-06     0.4289075
Slowdown: -0.0007483986      1.554245       587.148     -2076.762      2451.477     -4528.239      3641.537             0             0 -5.775856e-06     0.2690825
Angular Momentum:  |L|err: -1.38957  |L|err_cum: 23.30691  L: -90.64802   96.48175    -182.9761  |L|: 225.8452
C.M.: mass: 1900 pos: -0.4484155   -0.353921    0.1472503 vel: -0.04221808   -0.07487288    0.03746207
Tree step number: 2048
**** Wallclock time per step (local): [Min/Max]
 Total       PP_single   PP_cluster  PP_cross    Tree_NB     Tree_Force  Force_corr  Kick        FindCluster CreateGroup MPI_comm    Output      Status      Other      
   0.0016634  2.5457e-05  6.7266e-05           0  0.00030124   0.0011896  2.4441e-05  1.2924e-05  3.1037e-05  2.8421e-05   2.586e-06  3.7291e-06  3.7329e-09  8.8959e-06
   0.0016635  2.5493e-05  6.7307e-05           0   0.0002978    0.001158  2.4493e-05  1.2958e-05  3.1078e-05  2.8442e-05  2.6185e-06  3.7293e-06  3.7476e-09  8.9913e-06
**** FDPS tree soft force time profile (local):
 Sample_ptcl Domain_deco Ex_ptcl     SetRootCell Make_LT     Make_LET    Make_GT     Make_Group  Make_I_list Calc_force  Write_back 
           0           0           0  1.8714e-05  0.00026946  3.9863e-05  0.00020147   2.591e-06  5.7822e-05  0.00049115  6.4649e-05
**** Tree neighbor time profile (local):
 Sample_ptcl Domain_deco Ex_ptcl     SetRootCell Make_LT     Make_LET    Make_GT     Make_Group  Make_I_list Calc_force  Write_back 
           0           0           0  6.4937e-06  0.00011054  1.7671e-05  9.4746e-05  4.9488e-07  1.4398e-05  3.7386e-05  7.2509e-06
**** Number per step (global):
 PP_single   PP_cluster  PP_cross    Cluster     Cross       AR_step_sum
      982.45      17.552           0      6.7285           0      28.183
 AR_tsyn_sum Stab_Ngroup Iso_Ngroup  Form_Ngroup End_Ngroup  Modf_Ngroup Merg_Ngroup H4_step_sum H4_no_NB    Ep-Ep_sum   Ep-Sp_sum  
     0.15039           2           0    0.014648    0.003418           0           0      75.947     0.10742  9.2703e+05       11694
**** Number of members in clusters (global):
N_members:            1           2           3           4           5           6           7           8           9          10          11
Count    :       982.45      5.3501     0.44775     0.15186     0.25293     0.24121     0.18115    0.035156    0.049805    0.012695   0.0058594

Time: 26  N_real(loc): 1000  N_real(glb): 1000  N_all(loc): 1024  N_all(glb): 1024  N_remove(glb): 0  N_escape(glb): 0
Energy:     Error/Total         Error     Error_cum         Total       Kinetic     Potential        Modify  Modify_group Modify_single      Error_PP  Error_PP_cum
Physic:   -0.0005286202      1.279736      588.7521     -2420.898      2627.892      -5048.79       207.587             0             0 -5.026585e-06     0.4289025
Slowdown:   -0.00061664      1.279724      588.4277     -2075.318      2590.321     -4665.638      3987.283             0             0 -5.024866e-06     0.2690775
Angular Momentum:  |L|err: -1.167988  |L|err_cum: 22.13892  L: -90.95782   96.00436    -184.8687  |L|: 227.3029
C.M.: mass: 1900 pos: -0.4623975   -0.3992036    0.1535074 vel: 0.01343068   -0.03217794    0.05169689
Tree step number: 2048
**** Wallclock time per step (local): [Min/Max]
 Total       PP_single   PP_cluster  PP_cross    Tree_NB     Tree_Force  Force_corr  Kick        FindCluster CreateGroup MPI_comm    Output      Status      Other      
   0.0017571  1.5569e-05  6.9731e-05           0   0.0002774    0.001306  3.2512e-05  2.6445e-05  3.5457e-05  2.7804e-05  9.8725e-07  4.3831e-06  3.9771e-09   4.637e-06
   0.0017572  1.5603e-05  6.9771e-05           0  0.00027279   0.0012646  3.2565e-05  2.6478e-05  3.5499e-05  2.7825e-05  1.0189e-06  4.3834e-06  3.9966e-09  4.7333e-06
**** FDPS tree soft force time profile (local):
 Sample_ptcl Domain_deco Ex_ptcl     SetRootCell Make_LT     Make_LET    Make_GT     Make_Group  Make_I_list Calc_force  Write_back 
           0           0           0  1.1072e-05  0.00023406  3.0571e-05  0.00019776  6.7846e-06  5.4752e-05  0.00063722  8.4172e-05
**** Tree neighbor time profile (local):
 Sample_ptcl Domain_deco Ex_ptcl     SetRootCell Make_LT     Make_LET    Make_GT     Make_Group  Make_I_list Calc_force  Write_back 
           0           0           0  6.4938e-06  0.00010325  1.6476e-05  7.4583e-05  4.8124e-07  1.3273e-05  4.0094e-05  9.5988e-06
**** Number per step (global):
 PP_single   PP_cluster  PP_cross    Cluster     Cross       AR_step_sum
      982.11       17.89           0      7.2593           0      28.369
 AR_tsyn_sum Stab_Ngroup Iso_Ngroup  Form_Ngroup End_Ngroup  Modf_Ngroup Merg_Ngroup H4_step_sum H4_no_NB    Ep-Ep_sum   Ep-Sp_sum  
     0.22021           2           0    0.016602    0.003418           0           0      75.029    0.073242  9.1427e+05       12550
**** Number of members in clusters (global):
N_members:            1           2           3           4           5           6           7           8           9
Count    :       982.11      5.7051     0.69043     0.40674     0.12793     0.19434     0.11719   0.0029297    0.014648

Time: 26.5  N_real(loc): 1000  N_real(glb): 1000  N_all(loc): 1024  N_all(glb): 1024  N_remove(glb): 0  N_escape(glb): 0
Energy:     Error/Total         Error     Error_cum         Total       Kinetic     Potential        Modify  Modify_group Modify_single      Error_PP  Error_PP_cum
Physic:   -0.0004470185      1.081641      589.8337     -2419.679      2647.016     -5066.695      207.7247             0             0 -2.003167e-06     0.4289005
Slowdown: -0.0005214955      1.081633      589.5093     -2074.098      2609.451     -4683.549      4333.001             0             0 -2.006513e-06     0.2690755
Angular Momentum:  |L|err: -0.9761941  |L|err_cum: 21.16272  L: -91.23817   95.5734    -186.6195  |L|: 228.6602
C.M.: mass: 1900 pos: -0.4646684   -0.4164339    0.1584235 vel: 0.01335332   -0.03343524    0.03295248
Tree step number: 2048
**** Wallclock time per step (local): [Min/Max]
 Total       PP_single   PP_cluster  PP_cross    Tree_NB     Tree_Force  Force_corr  Kick        FindCluster CreateGroup MPI_comm    Output      Status      Other      
   0.0019044  2.1179e-05  6.8376e-05           0  0.00031015   0.0014213  3.0906e-05  1.9038e-05  3.5424e-05  2.8176e-05  4.6887e-06  4.5428e-06  3.8403e-09  5.8143e-06
   0.0019044  2.1214e-05  6.8416e-05           0  0.00030599   0.0013781  3.0961e-05  1.9073e-05  3.5465e-05  2.8196e-05  4.7219e-06  4.5431e-06   3.855e-09  5.9298e-06
**** FDPS tree soft force time profile (local):
 Sample_ptcl Domain_deco Ex_ptcl     SetRootCell Make_LT     Make_LET    Make_GT     Make_Group  Make_I_list Calc_force  Write_back 
           0           0           0  1.7655e-05  0.00023904  3.1034e-05   0.0001856  2.6391e-06  5.7739e-05  0.00075846  8.7976e-05
**** Tree neighbor time profile (local):
 Sample_ptcl Domain_deco Ex_ptcl     SetRootCell Make_LT     Make_LET    Make_GT     Make_Group  Make_I_list Calc_force  Write_back 
           0           0           0  6.6182e-06  0.00010444  1.8952e-05  8.4201e-05   6.223e-07  1.7153e-05  5.5815e-05    8.86e-06
**** Number per step (global):
 PP_single   PP_cluster  PP_cross    Cluster     Cross       AR_step_sum
      982.39      17.608           0      7.6235           0      28.549
 AR_tsyn_sum Stab_Ngroup Iso_Ngroup  Form_Ngroup End_Ngroup  Modf_Ngroup Merg_Ngroup H4_step_sum H4_no_NB    Ep-Ep_sum   Ep-Sp_sum  
     0.25635           2           0    0.025391   0.0068359           0           0        70.9    0.019531  9.1272e+05       13480
**** Number of members in clusters (global):
N_members:            1           2           3           4           5           6           7           8
Count    :       982.39      6.0537      1.1191     0.25732    0.086914    0.069336    0.033203   0.0039062

Time: 27  N_real(loc): 1000  N_real(glb): 1000  N_all(loc): 1024  N_all(glb): 1024  N_remove(glb): 0  N_escape(glb): 0
Energy:     Error/Total         Error     Error_cum         Total       Kinetic     Potential        Modify  Modify_group Modify_single      Error_PP  Error_PP_cum
Physic:   -0.0003850744     0.9313526       590.765      -2418.63      2623.363     -5041.993      207.8424             0             0 -3.001749e-06     0.4288975
Slowdown:  -0.000449264     0.9313464      590.4407     -2073.049      2585.804     -4658.853        4678.7             0             0 -2.999651e-06     0.2690725
Angular Momentum:  |L|err: -0.8067527  |L|err_cum: 20.35597  L: -91.49495   95.17982    -188.2505  |L|: 229.9321
C.M.: mass: 1900 pos: -0.4609483   -0.4435646    0.1742061 vel: -0.01488347   -0.04480534    0.09114811
Tree step number: 2048
**** Wallclock time per step (local): [Min/Max]
 Total       PP_single   PP_cluster  PP_cross    Tree_NB     Tree_Force  Force_corr  Kick        FindCluster CreateGroup MPI_comm    Output      Status      Other      
   0.0017114  2.0591e-05  6.7593e-05           0  0.00028241   0.0012629  2.9229e-05  1.8606e-05  3.2992e-05  2.3969e-05  1.1434e-06  2.9643e-06  4.3247e-09   3.152e-06
   0.0017115  2.0678e-05  6.7633e-05           0  0.00027893   0.0012302  2.9283e-05  1.8647e-05  3.3032e-05  2.3989e-05  1.1754e-06  2.9647e-06  4.3784e-09  3.2383e-06
**** FDPS tree soft force time profile (local):
 Sample_ptcl Domain_deco Ex_ptcl     SetRootCell Make_LT     Make_LET    Make_GT     Make_Group  Make_I_list Calc_force  Write_back 
           0           0           0  1.5607e-05  0.00022366  2.9083e-05   0.0001738  2.7779e-06  5.7187e-05  0.00064756  6.6887e-05
**** Tree neighbor time profile (local):
 Sample_ptcl Domain_deco Ex_ptcl     SetRootCell Make_LT     Make_LET    Make_GT     Make_Group  Make_I_list Calc_force  Write_back 
           0           0           0   9.736e-06  9.9712e-05  1.6171e-05  7.3764e-05  4.9821e-07  1.4312e-05  5.0078e-05  7.3472e-06
**** Number per step (global):
 PP_single   PP_cluster  PP_cross    Cluster     Cross       AR_step_sum
      981.73       18.27           0      7.8179           0      28.085
 AR_tsyn_sum Stab_Ngroup Iso_Ngroup  Form_Ngroup End_Ngroup  Modf_Ngroup Merg_Ngroup H4_step_sum H4_no_NB    Ep-Ep_sum   Ep-Sp_sum  
     0.11719           2           0     0.01416   0.0024414           0           0      74.466    0.015625  9.1255e+05       14409
**** Number of members in clusters (global):
N_members:            1           2           3           4           5           6           7           8           9          10          11          15
Count    :       981.73        6.46     0.79102     0.24268     0.14648     0.11133    0.012695    0.014648    0.026367  0.00097656   0.0058594   0.0058594

Time: 27.5  N_real(loc): 1000  N_real(glb): 1000  N_all(loc): 1024  N_all(glb): 1024  N_remove(glb): 0  N_escape(glb): 0
Energy:     Error/Total         Error     Error_cum         Total       Kinetic     Potential        Modify  Modify_group Modify_single      Error_PP  Error_PP_cum
Physic:   -0.0003358734     0.8120467      591.5771     -2417.717      2869.816     -5287.533      207.9438             0             0 -9.812773e-06     0.4288877
Slowdown: -0.0003918866     0.8120422      591.2527     -2072.136      2832.264     -4904.399      5024.382             0             0 -8.714379e-06     0.2690638
Angular Momentum:  |L|err: -0.654199  |L|err_cum: 19.70177  L: -91.73156   94.81818    -189.7759  |L|: 231.1278
C.M.: mass: 1900 pos: -0.4693103   -0.4877494    0.2016971 vel: 0.008233303   -0.04823917    0.06905821
Tree step number: 2048
**** Wallclock time per step (local): [Min/Max]
 Total       PP_single   PP_cluster  PP_cross    Tree_NB     Tree_Force  Force_corr  Kick        FindCluster CreateGroup MPI_comm    Output      Status      Other      
   0.0019238  2.5598e-05  7.6797e-05           0  0.00032046   0.0014028   4.618e-05  2.5202e-05  3.8955e-05  2.7495e-05  1.9139e-06  3.0716e-06  3.8354e-09   4.086e-06
   0.0019238  2.5633e-05  7.6841e-05           0  0.00031571   0.0013567  4.6236e-05  2.5237e-05  3.8996e-05  2.7516e-05  1.9459e-06  3.0719e-06  3.8501e-09  4.1702e-06
**** FDPS tree soft force time profile (local):
 Sample_ptcl Domain_deco Ex_ptcl     SetRootCell Make_LT     Make_LET    Make_GT     Make_Group  Make_I_list Calc_force  Write_back 
           0           0           0   1.429e-05  0.00026215  3.3568e-05  0.00021783  3.0078e-06  6.3257e-05  0.00065839  9.3686e-05
**** Tree neighbor time profile (local):
 Sample_ptcl Domain_deco Ex_ptcl     SetRootCell Make_LT     Make_LET    Make_GT     Make_Group  Make_I_list Calc_force  Write_back 
           0           0           0  6.9802e-06  0.00010383  1.9065e-05  8.7647e-05  4.9097e-07  2.0349e-05  6.2077e-05  1.0035e-05
**** Number per step (global):
 PP_single   PP_cluster  PP_cross    Cluster     Cross       AR_step_sum
      983.08      16.921           0      7.3696           0      28.305
 AR_tsyn_sum Stab_Ngroup Iso_Ngroup  Form_Ngroup End_Ngroup  Modf_Ngroup Merg_Ngroup H4_step_sum H4_no_NB    Ep-Ep_sum   Ep-Sp_sum  
     0.18701           2           0    0.011719   0.0029297           0           0      73.454    0.010742  9.1871e+05       13590
**** Number of members in clusters (global):
N_members:            1           2           3           4           5           6
Count    :       983.08       5.981     0.75586     0.50684    0.091797     0.03418

Time: 28  N_real(loc): 1000  N_real(glb): 1000  N_all(loc): 1024  N_all(glb): 1024  N_remove(glb): 0  N_escape(glb): 0
Energy:     Error/Total         Error     Error_cum         Total       Kinetic     Potential        Modify  Modify_group Modify_single      Error_PP  Error_PP_cum
Physic:   -0.0002918279     0.7053256      592.2824     -2416.923      2628.881     -5045.804      208.0324             0             0 -5.643819e-06      0.428882
Slowdown: -0.0003405146     0.7053221      591.9581     -2071.342      2591.335     -4662.677      5370.052             0             0 -5.625109e-06     0.2690581
Angular Momentum:  |L|err: -0.518153  |L|err_cum: 19.18362  L: -91.95049   94.48453    -191.2099  |L|: 232.2572
C.M.: mass: 1900 pos: -0.466228   -0.4799289    0.222907 vel: 0.02531663   -0.02360272    0.02489363
Tree step number: 2048
**** Wallclock time per step (local): [Min/Max]
 Total       PP_single   PP_cluster  PP_cross    Tree_NB     Tree_Force  Force_corr  Kick        FindCluster CreateGroup MPI_comm    Output      Status      Other      
   0.0017289  2.0886e-05  7.7201e-05           0  0.00029278   0.0012522  4.3986e-05   2.337e-05  3.6377e-05  2.3388e-05  9.9933e-07  3.1824e-06  3.4048e-09  3.5362e-06
   0.0017289  2.0921e-05  7.7265e-05           0   0.0002876   0.0012063  4.4039e-05  2.3403e-05  3.6419e-05  2.3408e-05  1.0312e-06  3.1826e-06  3.4194e-09  3.6359e-06
**** FDPS tree soft force time profile (local):
 Sample_ptcl Domain_deco Ex_ptcl     SetRootCell Make_LT     Make_LET    Make_GT     Make_Group  Make_I_list Calc_force  Write_back 
           0           0           0  2.0747e-05  0.00027705  3.0242e-05  0.00019891  2.8761e-06  6.7485e-05  0.00051508  9.3269e-05
**** Tree neighbor time profile (local):
 Sample_ptcl Domain_deco Ex_ptcl     SetRootCell Make_LT     Make_LET    Make_GT     Make_Group  Make_I_list Calc_force  Write_back 
           0           0           0  7.1361e-06  0.00010971  1.8901e-05  7.7742e-05  4.8408e-07  1.6694e-05  3.9895e-05  1.0765e-05
**** Number per step (global):
 PP_single   PP_cluster  PP_cross    Cluster     Cross       AR_step_sum
      981.09      18.915           0      8.3193           0      28.497
 AR_tsyn_sum Stab_Ngroup Iso_Ngroup  Form_Ngroup End_Ngroup  Modf_Ngroup Merg_Ngroup H4_step_sum H4_no_NB    Ep-Ep_sum   Ep-Sp_sum  
     0.22119           2           0    0.018555   0.0043945           0           0      84.683   0.0087891  9.3255e+05      9922.3
**** Number of members in clusters (global):
N_members:            1           2           3           4           5           6           8           9
Count    :       981.09      6.8887     0.88721     0.31689     0.17383    0.044922  0.00097656   0.0068359

Time: 28.5  N_real(loc): 1000  N_real(glb): 1000  N_all(loc): 1024  N_all(glb): 1024  N_remove(glb): 0  N_escape(glb): 0
Energy:     Error/Total         Error     Error_cum         Total       Kinetic     Potential        Modify  Modify_group Modify_single      Error_PP  Error_PP_cum
Physic:   -0.0002623369     0.6338613      592.9163     -2416.211      2606.505     -5022.716        208.11             0             0 -7.747678e-06     0.4288743
Slowdown:  -0.000306052     0.6337205      592.5918      -2070.63      2568.964     -4639.595      5715.711             0             0 -7.747966e-06     0.2690504
Angular Momentum:  |L|err: -0.3946769  |L|err_cum: 18.78894  L: -92.15306   94.17443    -192.5622  |L|: 233.3264
C.M.: mass: 1900 pos: -0.4572727   -0.496375    0.2248618 vel: -0.01079609   -0.06464413    -0.002069917
Tree step number: 2048
**** Wallclock time per step (local): [Min/Max]
 Total       PP_single   PP_cluster  PP_cross    Tree_NB     Tree_Force  Force_corr  Kick        FindCluster CreateGroup MPI_comm    Output      Status      Other      
   0.0021774  3.1464e-05  8.3045e-05           0  0.00032762   0.0016313  3.3943e-05  2.2437e-05  4.5891e-05  4.7786e-05  3.4669e-06  4.8219e-06  4.2075e-09  5.4423e-06
   0.0021774    3.15e-05  8.3088e-05           0  0.00032265   0.0015744  3.3998e-05  2.2472e-05  4.5934e-05  4.7807e-05  3.4995e-06  4.8221e-06  4.2222e-09  5.5425e-06
**** FDPS tree soft force time profile (local):
 Sample_ptcl Domain_deco Ex_ptcl     SetRootCell Make_LT     Make_LET    Make_GT     Make_Group  Make_I_list Calc_force  Write_back 
           0           0           0   2.836e-05  0.00035172  3.6885e-05  0.00028445  3.0009e-06  6.5368e-05  0.00069716  0.00011552
**** Tree neighbor time profile (local):
 Sample_ptcl Domain_deco Ex_ptcl     SetRootCell Make_LT     Make_LET    Make_GT     Make_Group  Make_I_list Calc_force  Write_back 
           0           0           0  1.2666e-05  0.00011466  1.8541e-05   8.603e-05  5.3286e-07  1.9308e-05  5.9144e-05  1.0329e-05
**** Number per step (global):
 PP_single   PP_cluster  PP_cross    Cluster     Cross       AR_step_sum
      981.41      18.594           0      8.8296           0      29.481
 AR_tsyn_sum Stab_Ngroup Iso_Ngroup  Form_Ngroup End_Ngroup  Modf_Ngroup Merg_Ngroup H4_step_sum H4_no_NB    Ep-Ep_sum   Ep-Sp_sum  
     0.54248           2           0    0.039551   0.0087891           0           0      77.547    0.045898  9.3196e+05       12072
**** Number of members in clusters (global):
N_members:            1           2           3           4           5
Count    :       981.41      8.0986     0.56641     0.12549    0.039062

Time: 29  N_real(loc): 1000  N_real(glb): 1000  N_all(loc): 1024  N_all(glb): 1024  N_remove(glb): 0  N_escape(glb): 0
Energy:     Error/Total         Error     Error_cum         Total       Kinetic     Potential        Modify  Modify_group Modify_single      Error_PP  Error_PP_cum
Physic:   -0.0002320358     0.5605014      593.4768     -2415.582      2657.936     -5073.518      208.1791             0             0 -6.272383e-06      0.428868
Slowdown: -0.0002707725     0.5604993      593.1523     -2070.001      2620.402     -4690.403      6061.361             0             0 -6.282171e-06     0.2690441
Angular Momentum:  |L|err: -0.286723  |L|err_cum: 18.50222  L: -92.34363   93.88541    -193.8447  |L|: 234.345
C.M.: mass: 1900 pos: -0.4695548   -0.5123843    0.2263322 vel: -0.01864235   -0.04480337    -0.01306792
Tree step number: 2048
**** Wallclock time per step (local): [Min/Max]
 Total       PP_single   PP_cluster  PP_cross    Tree_NB     Tree_Force  Force_corr  Kick        FindCluster CreateGroup MPI_comm    Output      Status      Other      
   0.0029806  4.1164e-05  9.4097e-05           0  0.00056144   0.0021152  9.2484e-05  5.9181e-05  6.6913e-05   3.992e-05  2.9322e-06  3.9705e-06  3.9971e-09  9.0975e-06
   0.0029806  4.1213e-05  9.4158e-05           0  0.00054994   0.0020179  9.2549e-05   5.922e-05  6.6986e-05  3.9944e-05  2.9647e-06  3.9708e-06  4.0166e-09  9.2194e-06
**** FDPS tree soft force time profile (local):
 Sample_ptcl Domain_deco Ex_ptcl     SetRootCell Make_LT     Make_LET    Make_GT     Make_Group  Make_I_list Calc_force  Write_back 
           0           0           0  5.4976e-05  0.00046483  5.4203e-05  0.00032951  4.2656e-06  8.2843e-05   0.0008777  0.00019672
**** Tree neighbor time profile (local):
 Sample_ptcl Domain_deco Ex_ptcl     SetRootCell Make_LT     Make_LET    Make_GT     Make_Group  Make_I_list Calc_force  Write_back 
           0           0           0   1.735e-05  0.00018616  2.9011e-05  0.00019698  6.8287e-07  1.8589e-05  8.1263e-05  2.3496e-05
**** Number per step (global):
 PP_single   PP_cluster  PP_cross    Cluster     Cross       AR_step_sum
      982.48      17.517           0      8.0732           0      28.717
 AR_tsyn_sum Stab_Ngroup Iso_Ngroup  Form_Ngroup End_Ngroup  Modf_Ngroup Merg_Ngroup H4_step_sum H4_no_NB    Ep-Ep_sum   Ep-Sp_sum  
     0.30713           2           0    0.029785   0.0073242           0           0      74.979    0.035156  9.1694e+05       15619
**** Number of members in clusters (global):
N_members:            1           2           3           4           5           6           7           8
Count    :       982.48      7.0796     0.75293     0.17529    0.012695    0.038086    0.011719   0.0029297

Time: 29.5  N_real(loc): 1000  N_real(glb): 1000  N_all(loc): 1024  N_all(glb): 1024  N_remove(glb): 0  N_escape(glb): 0
Energy:     Error/Total         Error     Error_cum         Total       Kinetic     Potential        Modify  Modify_group Modify_single      Error_PP  Error_PP_cum
Physic:   -0.0002113089     0.5103131      593.9871      -2415.01      2890.687     -5305.696      208.2407             0             0  -1.97133e-06      0.428866
Slowdown: -0.0002465953     0.5103114      593.6626     -2069.429      2853.159     -4922.587      6407.003             0             0  -1.96823e-06     0.2690421
Angular Momentum:  |L|err: -0.1890714  |L|err_cum: 18.31315  L: -92.52195   93.61395    -195.0677  |L|: 235.3196
C.M.: mass: 1900 pos: -0.4625478   -0.5273361    0.214682 vel: -0.0319107   -0.01848181    -0.07135655
Tree step number: 2048
**** Wallclock time per step (local): [Min/Max]
 Total       PP_single   PP_cluster  PP_cross    Tree_NB     Tree_Force  Force_corr  Kick        FindCluster CreateGroup MPI_comm    Output      Status      Other      
    0.002133  2.4095e-05  6.5642e-05           0  0.00037596   0.0015883  3.0953e-05  1.6902e-05   3.373e-05  3.2544e-05  1.5082e-06  3.8818e-06   3.708e-09   3.553e-06
   0.0021331  2.4132e-05  6.5685e-05           0  0.00037064   0.0015472  3.1009e-05  1.6937e-05  3.3772e-05  3.2574e-05  1.5405e-06   3.882e-06  3.7275e-09  3.6948e-06
**** FDPS tree soft force time profile (local):
 Sample_ptcl Domain_deco Ex_ptcl     SetRootCell Make_LT     Make_LET    Make_GT     Make_Group  Make_I_list Calc_force  Write_back 
           0           0           0  1.7048e-05  0.00028322  3.9499e-05  0.00021447  3.8189e-06  5.8306e-05   0.0008286  8.4119e-05
**** Tree neighbor time profile (local):
 Sample_ptcl Domain_deco Ex_ptcl     SetRootCell Make_LT     Make_LET    Make_GT     Make_Group  Make_I_list Calc_force  Write_back 
           0           0           0  1.2472e-05    0.000135   2.156e-05   8.984e-05  6.5717e-07  1.3527e-05  6.8884e-05  1.1096e-05
**** Number per step (global):
 PP_single   PP_cluster  PP_cross    Cluster     Cross       AR_step_sum
      984.18      15.818           0      7.1855           0      28.029
 AR_tsyn_sum Stab_Ngroup Iso_Ngroup  Form_Ngroup End_Ngroup  Modf_Ngroup Merg_Ngroup H4_step_sum H4_no_NB    Ep-Ep_sum   Ep-Sp_sum  
    0.070801           2           0   0.0083008   0.0024414           0           0      62.635   0.0039062  9.1249e+05       16846
**** Number of members in clusters (global):
N_members:            1           2           3           4           5
Count    :       984.18      6.1401     0.69727     0.29443    0.053711

Time: 30  N_real(loc): 1000  N_real(glb): 1000  N_all(loc): 1024  N_all(glb): 1024  N_remove(glb): 0  N_escape(glb): 0
Energy:     Error/Total         Error     Error_cum         Total       Kinetic     Potential        Modify  Modify_group Modify_single      Error_PP  Error_PP_cum
Physic:   -0.0001946441     0.4699652      594.4571     -2414.484      2839.391     -5253.875      208.2963             0             0 -1.324781e-05     0.4288528
Slowdown:  -0.000227156     0.4699639      594.1326     -2068.903      2801.869     -4870.773       6752.64             0             0 -1.325233e-05     0.2690289
Angular Momentum:  |L|err: -0.1033575  |L|err_cum: 18.20979  L: -92.69194   93.35808    -196.2399  |L|: 236.2575
C.M.: mass: 1900 pos: -0.4690346   -0.5415235    0.1796961 vel: -0.03363813   -0.06688353    -0.03844631
Tree step number: 2048
**** Wallclock time per step (local): [Min/Max]
 Total       PP_single   PP_cluster  PP_cross    Tree_NB     Tree_Force  Force_corr  Kick        FindCluster CreateGroup MPI_comm    Output      Status      Other      
   0.0022291  2.3136e-05   8.557e-05           0  0.00034817   0.0016561   5.244e-05  2.6144e-05  5.3496e-05  3.1916e-05  2.9318e-06  4.8269e-06  4.2021e-09  8.2874e-06
   0.0022292  2.3172e-05  8.5628e-05           0  0.00034199   0.0015958    5.25e-05  2.6181e-05  5.3545e-05  3.1938e-05  2.9752e-06   4.827e-06  4.2222e-09  8.3977e-06
**** FDPS tree soft force time profile (local):
 Sample_ptcl Domain_deco Ex_ptcl     SetRootCell Make_LT     Make_LET    Make_GT     Make_Group  Make_I_list Calc_force  Write_back 
           0           0           0  2.3878e-05  0.00031329  3.4724e-05  0.00022985  3.0985e-06  6.3237e-05   0.0008047  0.00012253
**** Tree neighbor time profile (local):
 Sample_ptcl Domain_deco Ex_ptcl     SetRootCell Make_LT     Make_LET    Make_GT     Make_Group  Make_I_list Calc_force  Write_back 
           0           0           0  7.6258e-06  0.00012003  1.6384e-05  8.9315e-05  7.3659e-07  1.5569e-05  6.5992e-05   1.305e-05
**** Number per step (global):
 PP_single   PP_cluster  PP_cross    Cluster     Cross       AR_step_sum
      978.91      21.086           0       7.665           0       28.94
 AR_tsyn_sum Stab_Ngroup Iso_Ngroup  Form_Ngroup End_Ngroup  Modf_Ngroup Merg_Ngroup H4_step_sum H4_no_NB    Ep-Ep_sum   Ep-Sp_sum  
     0.43066           2           0    0.027832   0.0073242           0           0      101.08     0.12207  9.1597e+05       15755
**** Number of members in clusters (global):
N_members:            1           2           3           4           5           6           7           8           9          10          11          12
Count    :       978.91      5.9702      0.6543     0.15527     0.18652     0.14746     0.23047    0.086914    0.052246    0.057617     0.10547    0.011719
N_members:           13
Count    :    0.0068359

Time: 30.5  N_real(loc): 1000  N_real(glb): 1000  N_all(loc): 1024  N_all(glb): 1024  N_remove(glb): 0  N_escape(glb): 0
Energy:     Error/Total         Error     Error_cum         Total       Kinetic     Potential        Modify  Modify_group Modify_single      Error_PP  Error_PP_cum
Physic:   -0.0001674469     0.4042217      594.8613     -2414.029       2899.53      -5313.56      208.3468             0             0 -2.109008e-05     0.4288317
Slowdown: -0.0001954221     0.4042206      594.5368     -2068.448      2862.015     -4930.463      7098.271             0             0 -2.109383e-05     0.2690078
Angular Momentum:  |L|err: -0.02426978  |L|err_cum: 18.18552  L: -92.85281   93.11405    -197.3713  |L|: 237.1651
C.M.: mass: 1900 pos: -0.4643371   -0.5772415    0.1719112 vel: -0.02072501   -0.05631435    -0.01794902
Tree step number: 2048
**** Wallclock time per step (local): [Min/Max]
 Total       PP_single   PP_cluster  PP_cross    Tree_NB     Tree_Force  Force_corr  Kick        FindCluster CreateGroup MPI_comm    Output      Status      Other      
   0.0022582  2.7313e-05  9.8477e-05           0  0.00038393   0.0016471  4.7745e-05  2.7141e-05  4.7015e-05  3.0964e-05  2.4577e-06  4.8272e-06  3.8403e-09  4.8851e-06
   0.0022583  2.7377e-05  9.8553e-05           0  0.00037672   0.0015879  4.7803e-05  2.7177e-05   4.706e-05  3.0987e-05  2.4991e-06  4.8274e-06  3.8599e-09    5.09e-06
**** FDPS tree soft force time profile (local):
 Sample_ptcl Domain_deco Ex_ptcl     SetRootCell Make_LT     Make_LET    Make_GT     Make_Group  Make_I_list Calc_force  Write_back 
           0           0           0  1.7058e-05  0.00029273  3.5349e-05  0.00022033  5.3751e-06  5.9244e-05  0.00083358  0.00012022
**** Tree neighbor time profile (local):
 Sample_ptcl Domain_deco Ex_ptcl     SetRootCell Make_LT     Make_LET    Make_GT     Make_Group  Make_I_list Calc_force  Write_back 
           0           0           0  1.0807e-05  0.00012321  2.1607e-05  0.00010932  5.7667e-07  1.2862e-05  6.8426e-05  1.4882e-05
**** Number per step (global):
 PP_single   PP_cluster  PP_cross    Cluster     Cross       AR_step_sum
      980.46      19.535           0      6.6421           0      31.407
 AR_tsyn_sum Stab_Ngroup Iso_Ngroup  Form_Ngroup End_Ngroup  Modf_Ngroup Merg_Ngroup H4_step_sum H4_no_NB    Ep-Ep_sum   Ep-Sp_sum  
      1.2617           2           0    0.077637    0.016113           0           0      95.467    0.096191  9.2764e+05       15179
**** Number of members in clusters (global):
N_members:            1           2           3           4           5           6           7           8           9          10          11          12
Count    :       980.46       5.001     0.42578     0.21924     0.19629        0.25     0.15381       0.125    0.093262     0.05957    0.049805    0.052734
N_members:           13          14
Count    :     0.013672   0.0019531

Time: 31  N_real(loc): 1000  N_real(glb): 1000  N_all(loc): 1024  N_all(glb): 1024  N_remove(glb): 0  N_escape(glb): 0
Energy:     Error/Total         Error     Error_cum         Total       Kinetic     Potential        Modify  Modify_group Modify_single      Error_PP  Error_PP_cum
Physic:     -0.00019614     0.4733857      595.3347      -2413.51      2813.557     -5227.067      208.3931             0             0 -7.575763e-06     0.4288241
Slowdown: -0.0002289173     0.4733847      595.0102     -2067.929      2776.047     -4843.976      7443.898             0             0 -7.573945e-06     0.2690002
Angular Momentum:  |L|err: 0.05679703  |L|err_cum: 18.24232  L: -92.99754   92.87424    -198.4698  |L|: 238.0429
C.M.: mass: 1900 pos: -0.4658394   -0.6011484    0.17616 vel: -0.0669854   -0.05149485    0.02697388
Tree step number: 2048
**** Wallclock time per step (local): [Min/Max]
 Total       PP_single   PP_cluster  PP_cross    Tree_NB     Tree_Force  Force_corr  Kick        FindCluster CreateGroup MPI_comm    Output      Status      Other      
   0.0021056  2.3707e-05  9.2668e-05           0  0.00032939   0.0015693  5.6641e-05   2.442e-05   4.437e-05  2.4452e-05  1.4895e-06  3.0296e-06  3.4097e-09  6.0376e-06
   0.0021056  2.3742e-05  9.2714e-05           0  0.00032265   0.0015039  5.6699e-05  2.4455e-05  4.4416e-05  2.4472e-05  1.5219e-06  3.0298e-06  3.4243e-09  6.1409e-06
**** FDPS tree soft force time profile (local):
 Sample_ptcl Domain_deco Ex_ptcl     SetRootCell Make_LT     Make_LET    Make_GT     Make_Group  Make_I_list Calc_force  Write_back 
           0           0           0  2.1735e-05  0.00031172  3.8122e-05  0.00022084  3.1762e-06  5.4949e-05  0.00074375  0.00013238
**** Tree neighbor time profile (local):
 Sample_ptcl Domain_deco Ex_ptcl     SetRootCell Make_LT     Make_LET    Make_GT     Make_Group  Make_I_list Calc_force  Write_back 
           0           0           0  6.8275e-06  0.00011181  1.8739e-05  8.0802e-05  5.8377e-07  1.7137e-05  6.9527e-05  1.3886e-05
**** Number per step (global):
 PP_single   PP_cluster  PP_cross    Cluster     Cross       AR_step_sum
      978.09      21.909           0      7.4287           0      29.913
 AR_tsyn_sum Stab_Ngroup Iso_Ngroup  Form_Ngroup End_Ngroup  Modf_Ngroup Merg_Ngroup H4_step_sum H4_no_NB    Ep-Ep_sum   Ep-Sp_sum  
     0.75293           2           0    0.050293    0.010742           0           0         110    0.094238  9.3624e+05       15021
**** Number of members in clusters (global):
N_members:            1           2           3           4           5           6           7           8           9          10          11          12
Count    :       978.09      5.7334      0.5708     0.16064     0.16699    0.095703     0.15576      0.1084     0.11719    0.077148     0.09375     0.07666
N_members:           13          14
Count    :     0.068359   0.0039062

Time: 31.5  N_real(loc): 1000  N_real(glb): 1000  N_all(loc): 1024  N_all(glb): 1024  N_remove(glb): 0  N_escape(glb): 0
Energy:     Error/Total         Error     Error_cum         Total       Kinetic     Potential        Modify  Modify_group Modify_single      Error_PP  Error_PP_cum
Physic:   -0.0001478859     0.3568649      595.6915      -2413.11      2921.153     -5334.263      208.4358             0             0 -4.381935e-06     0.4288197
Slowdown: -0.0001726042     0.3568641       595.367     -2067.529       2883.65     -4951.179      7789.522             0             0 -4.388264e-06     0.2689958
Angular Momentum:  |L|err: 0.1305961  |L|err_cum: 18.37291  L: -93.12805   92.63729    -199.5281  |L|: 238.8849
C.M.: mass: 1900 pos: -0.4643279   -0.632377    0.1860051 vel: 0.02952015   -0.06228012    0.03246084
Tree step number: 2048
**** Wallclock time per step (local): [Min/Max]
 Total       PP_single   PP_cluster  PP_cross    Tree_NB     Tree_Force  Force_corr  Kick        FindCluster CreateGroup MPI_comm    Output      Status      Other      
   0.0019017  2.0801e-05  8.4196e-05           0  0.00030176   0.0014204  3.2715e-05  1.8568e-05  3.5252e-05  3.0701e-05  1.1973e-06  3.4551e-06  4.1631e-09  3.3466e-06
   0.0019017  2.0838e-05  8.4242e-05           0   0.0002965   0.0013729  3.2771e-05  1.8604e-05  3.5293e-05  3.0723e-05  1.2297e-06  3.4555e-06  4.1826e-09  3.4293e-06
**** FDPS tree soft force time profile (local):
 Sample_ptcl Domain_deco Ex_ptcl     SetRootCell Make_LT     Make_LET    Make_GT     Make_Group  Make_I_list Calc_force  Write_back 
           0           0           0  1.3174e-05  0.00026423  3.3125e-05  0.00019363  2.5451e-06  5.2018e-05  0.00071494  9.6491e-05
**** Tree neighbor time profile (local):
 Sample_ptcl Domain_deco Ex_ptcl     SetRootCell Make_LT     Make_LET    Make_GT     Make_Group  Make_I_list Calc_force  Write_back 
           0           0           0  1.7893e-05  0.00010239   1.654e-05  8.1034e-05  5.7215e-07  1.2549e-05  5.6282e-05  1.0953e-05
**** Number per step (global):
 PP_single   PP_cluster  PP_cross    Cluster     Cross       AR_step_sum
      978.31      21.692           0       7.313           0      29.039
 AR_tsyn_sum Stab_Ngroup Iso_Ngroup  Form_Ngroup End_Ngroup  Modf_Ngroup Merg_Ngroup H4_step_sum H4_no_NB    Ep-Ep_sum   Ep-Sp_sum  
     0.42578           2           0     0.03125   0.0078125           0           0      108.44    0.070801  9.5064e+05       11823
**** Number of members in clusters (global):
N_members:            1           2           3           4           5           6           7           8           9          10          11          12
Count    :       978.31      5.3159     0.81396     0.23438     0.17822     0.14453      0.1499     0.12793     0.10156    0.078125    0.030273    0.035645
N_members:           13          14          15          16
Count    :     0.055664    0.039062   0.0019531   0.0058594

Time: 32  N_real(loc): 1000  N_real(glb): 1000  N_all(loc): 1024  N_all(glb): 1024  N_remove(glb): 0  N_escape(glb): 0
Energy:     Error/Total         Error     Error_cum         Total       Kinetic     Potential        Modify  Modify_group Modify_single      Error_PP  Error_PP_cum
Physic:   -0.0001327443     0.3202788      596.0118      -2412.75      2854.474     -5267.225      208.4754             0             0 -1.158596e-05     0.4288081
Slowdown: -0.0001549356     0.3202782      595.6873     -2067.169      2816.977     -4884.146      8135.142             0             0 -1.165122e-05     0.2689842
Angular Momentum:  |L|err: 0.1958892  |L|err_cum: 18.5688  L: -93.24383   92.40392    -200.5543  |L|: 239.6976
C.M.: mass: 1900 pos: -0.4366661   -0.6655745    0.1993113 vel: 0.01660711   -0.04541029    0.01752017
Tree step number: 2048
**** Wallclock time per step (local): [Min/Max]
 Total       PP_single   PP_cluster  PP_cross    Tree_NB     Tree_Force  Force_corr  Kick        FindCluster CreateGroup MPI_comm    Output      Status      Other      
   0.0019035  1.9831e-05   0.0001183           0  0.00031118   0.0013408  3.4751e-05  1.6931e-05  5.5032e-05  2.8222e-05  4.9147e-06  3.3894e-06  3.2876e-09  1.0043e-05
   0.0019036  1.9878e-05  0.00011841           0  0.00030844   0.0013014  3.4806e-05  1.6966e-05  5.5087e-05  2.8243e-05  4.9887e-06  3.3898e-06  3.3022e-09  1.0123e-05
**** FDPS tree soft force time profile (local):
 Sample_ptcl Domain_deco Ex_ptcl     SetRootCell Make_LT     Make_LET    Make_GT     Make_Group  Make_I_list Calc_force  Write_back 
           0           0           0  1.9313e-05  0.00026864  2.9662e-05  0.00019179  2.4968e-06  6.2414e-05  0.00063468  8.0411e-05
**** Tree neighbor time profile (local):
 Sample_ptcl Domain_deco Ex_ptcl     SetRootCell Make_LT     Make_LET    Make_GT     Make_Group  Make_I_list Calc_force  Write_back 
           0           0           0  5.7707e-06    0.000112  1.7432e-05  8.4289e-05  5.4554e-07  1.6164e-05  5.4131e-05  5.9499e-06
**** Number per step (global):
 PP_single   PP_cluster  PP_cross    Cluster     Cross       AR_step_sum
      974.01      25.986           0      8.7969           0      32.442
 AR_tsyn_sum Stab_Ngroup Iso_Ngroup  Form_Ngroup End_Ngroup  Modf_Ngroup Merg_Ngroup H4_step_sum H4_no_NB    Ep-Ep_sum   Ep-Sp_sum  
      1.6094           2           0    0.095703    0.023926           0           0      135.16    0.049805  9.6933e+05      9083.8
**** Number of members in clusters (global):
N_members:            1           2           3           4           5           6           7           8           9          10          11          12
Count    :       974.01      6.1865     0.87207     0.62061     0.40771     0.19043    0.068848     0.10303    0.072266    0.066406    0.061523    0.057617
N_members:           13          14          15          16          18          20          23
Count    :      0.03125   0.0097656    0.024414   0.0087891    0.011719   0.0019531   0.0019531

Time: 32.5  N_real(loc): 1000  N_real(glb): 1000  N_all(loc): 1024  N_all(glb): 1024  N_remove(glb): 0  N_escape(glb): 0
Energy:     Error/Total         Error     Error_cum         Total       Kinetic     Potential        Modify  Modify_group Modify_single      Error_PP  Error_PP_cum
Physic:   -0.0001592073     0.3840604      596.3959     -2412.329      2917.059     -5329.388      208.5123             0             0 -0.0001726385     0.4286355
Slowdown:  -0.000185828     0.3840597      596.0714     -2066.748      2879.567     -4946.316       8480.76             0             0  -0.000173139      0.268811
Angular Momentum:  |L|err: 0.2459498  |L|err_cum: 18.81475  L: -93.35211   92.17887    -201.5495  |L|: 240.4865
C.M.: mass: 1900 pos: -0.4396794   -0.7052244    0.2151577 vel: -0.01533099   -0.07767312    0.01498036
Tree step number: 2048
**** Wallclock time per step (local): [Min/Max]
 Total       PP_single   PP_cluster  PP_cross    Tree_NB     Tree_Force  Force_corr  Kick        FindCluster CreateGroup MPI_comm    Output      Status      Other      
   0.0020184  2.9856e-05  0.00014896           0  0.00034206   0.0013781    3.59e-05   2.014e-05  6.1915e-05  3.1575e-05  1.6918e-06  3.9578e-06  3.6694e-09  5.7524e-06
   0.0020185  2.9892e-05  0.00014914           0  0.00033805   0.0013383  3.5955e-05  2.0175e-05  6.1963e-05  3.1597e-05  1.7241e-06   3.958e-06   3.689e-09  5.8424e-06
**** FDPS tree soft force time profile (local):
 Sample_ptcl Domain_deco Ex_ptcl     SetRootCell Make_LT     Make_LET    Make_GT     Make_Group  Make_I_list Calc_force  Write_back 
           0           0           0  1.7314e-05  0.00026936  3.4412e-05   0.0001996  2.7912e-06  5.6195e-05  0.00065342  8.1109e-05
**** Tree neighbor time profile (local):
 Sample_ptcl Domain_deco Ex_ptcl     SetRootCell Make_LT     Make_LET    Make_GT     Make_Group  Make_I_list Calc_force  Write_back 
           0           0           0  7.4121e-06  0.00013056  2.2932e-05  9.0188e-05   4.846e-07  1.4669e-05  5.4977e-05  8.4566e-06
**** Number per step (global):
 PP_single   PP_cluster  PP_cross    Cluster     Cross       AR_step_sum
      978.63      21.369           0      7.2847           0      55.182
 AR_tsyn_sum Stab_Ngroup Iso_Ngroup  Form_Ngroup End_Ngroup  Modf_Ngroup Merg_Ngroup H4_step_sum H4_no_NB    Ep-Ep_sum   Ep-Sp_sum  
      9.3013           2           0     0.46533    0.030273           0           0      118.53     0.10498  9.9068e+05      5302.1
**** Number of members in clusters (global):
N_members:            1           2           3           4           5           6           7           8           9          10          11          12
Count    :       978.63      5.1484     0.84277     0.44287     0.17285     0.13965     0.16406     0.08252     0.11328    0.030273    0.027344    0.015137
N_members:           13          14          15          16
Count    :     0.048828    0.040039   0.0039062    0.012695

Time: 33  N_real(loc): 1000  N_real(glb): 1000  N_all(loc): 1024  N_all(glb): 1024  N_remove(glb): 0  N_escape(glb): 0
Energy:     Error/Total         Error     Error_cum         Total       Kinetic     Potential        Modify  Modify_group Modify_single      Error_PP  Error_PP_cum
Physic:   -0.0001101556     0.2656985      596.6616      -2412.03      2874.401      -5286.43      208.5463             0             0 -0.0001406199     0.4284949
Slowdown: -0.0001285771      0.265698      596.3371     -2066.449      2836.916     -4903.364      8826.375             0             0 -0.0001406215     0.2686704
Angular Momentum:  |L|err: 0.251306  |L|err_cum: 19.06606  L: -93.48708   91.98288    -202.4971  |L|: 241.2587
C.M.: mass: 1900 pos: -0.4626326   -0.7232415    0.1987926 vel: -0.07173154   -0.05438855    -0.02856622
Tree step number: 2048
**** Wallclock time per step (local): [Min/Max]
 Total       PP_single   PP_cluster  PP_cross    Tree_NB     Tree_Force  Force_corr  Kick        FindCluster CreateGroup MPI_comm    Output      Status      Other      
   0.0020825  2.6227e-05  0.00019636           0  0.00035395   0.0013837  3.0523e-05  1.7116e-05  7.1482e-05  3.1107e-05  1.5634e-06    3.52e-06  5.0923e-09  5.8866e-06
   0.0020826  2.6263e-05  0.00019641           0  0.00034659   0.0013493  3.0578e-05  1.7152e-05  7.1544e-05   3.113e-05  1.5959e-06  3.5203e-06  5.1118e-09  5.9694e-06
**** FDPS tree soft force time profile (local):
 Sample_ptcl Domain_deco Ex_ptcl     SetRootCell Make_LT     Make_LET    Make_GT     Make_Group  Make_I_list Calc_force  Write_back 
           0           0           0  1.5736e-05  0.00028512    3.42e-05  0.00021037  3.1626e-06  5.9646e-05  0.00064132  7.0472e-05
**** Tree neighbor time profile (local):
 Sample_ptcl Domain_deco Ex_ptcl     SetRootCell Make_LT     Make_LET    Make_GT     Make_Group  Make_I_list Calc_force  Write_back 
           0           0           0  6.5506e-06  0.00011897  2.2611e-05   9.852e-05  4.6483e-07  1.7392e-05  6.2068e-05  1.5191e-05
**** Number per step (global):
 PP_single   PP_cluster  PP_cross    Cluster     Cross       AR_step_sum
      981.06       18.94           0      6.9077           0      87.173
 AR_tsyn_sum Stab_Ngroup Iso_Ngroup  Form_Ngroup End_Ngroup  Modf_Ngroup Merg_Ngroup H4_step_sum H4_no_NB    Ep-Ep_sum   Ep-Sp_sum  
      20.486           2           0     0.97021    0.026367           0           0      101.04    0.088379  9.6974e+05      6509.2
**** Number of members in clusters (global):
N_members:            1           2           3           4           5           6           7           8           9          10          11          12
Count    :       981.06      4.9966     0.42188     0.60938     0.52539     0.18457    0.059082    0.014648     0.02832    0.029297    0.032227   0.0063477

Time: 33.5  N_real(loc): 1000  N_real(glb): 1000  N_all(loc): 1024  N_all(glb): 1024  N_remove(glb): 0  N_escape(glb): 0
Energy:     Error/Total         Error     Error_cum         Total       Kinetic     Potential        Modify  Modify_group Modify_single      Error_PP  Error_PP_cum
Physic:   -0.0001267984     0.3057986      596.9674     -2411.692      3321.637     -5733.329      208.5779             0             0 -0.0001327334     0.4283622
Slowdown: -0.0001480066     0.3057982      596.6429     -2066.111      3284.158     -5350.269      9171.988             0             0 -0.0001326802     0.2685377
Angular Momentum:  |L|err: 0.2833068  |L|err_cum: 19.34937  L: -93.61592   91.79591    -203.4038  |L|: 241.999
C.M.: mass: 1900 pos: -0.4919183   -0.7518712    0.1793822 vel: -0.06963611   -0.046603    -0.01586976
Tree step number: 2048
**** Wallclock time per step (local): [Min/Max]
 Total       PP_single   PP_cluster  PP_cross    Tree_NB     Tree_Force  Force_corr  Kick        FindCluster CreateGroup MPI_comm    Output      Status      Other      
   0.0024282  3.0187e-05  0.00018899           0  0.00040518   0.0016308  5.9561e-05  3.7041e-05  9.6454e-05   2.968e-05  6.5139e-06  4.3775e-06  3.5762e-09  1.1186e-05
   0.0024282  3.0224e-05  0.00018904           0  0.00039607   0.0015639  6.1097e-05  3.7078e-05  9.6511e-05  2.9717e-05  6.5475e-06  4.3778e-06  3.5908e-09  1.1276e-05
**** FDPS tree soft force time profile (local):
 Sample_ptcl Domain_deco Ex_ptcl     SetRootCell Make_LT     Make_LET    Make_GT     Make_Group  Make_I_list Calc_force  Write_back 
           0           0           0  2.1756e-05  0.00038276  4.0013e-05  0.00026212  2.6451e-06    7.34e-05  0.00063171  0.00013591
**** Tree neighbor time profile (local):
 Sample_ptcl Domain_deco Ex_ptcl     SetRootCell Make_LT     Make_LET    Make_GT     Make_Group  Make_I_list Calc_force  Write_back 
           0           0           0  1.0652e-05  0.00016947  2.1291e-05  0.00010264   7.698e-07  1.6108e-05  5.6268e-05  1.8663e-05
**** Number per step (global):
 PP_single   PP_cluster  PP_cross    Cluster     Cross       AR_step_sum
      980.33      19.666           0      7.1221           0      75.941
 AR_tsyn_sum Stab_Ngroup Iso_Ngroup  Form_Ngroup End_Ngroup  Modf_Ngroup Merg_Ngroup H4_step_sum H4_no_NB    Ep-Ep_sum   Ep-Sp_sum  
      16.285           2           0      1.0415   0.0083008           0           0      93.357      0.3584  9.4878e+05       11865
**** Number of members in clusters (global):
N_members:            1           2           3           4           5           6           7           8           9          10          11          12
Count    :       980.33      5.2803     0.89746     0.23242     0.21387     0.09375      0.1167     0.09375    0.020508     0.02002    0.025391    0.058594
N_members:           13          14
Count    :     0.053711    0.015625

Time: 34  N_real(loc): 1000  N_real(glb): 1000  N_all(loc): 1036  N_all(glb): 1036  N_remove(glb): 0  N_escape(glb): 0
Energy:     Error/Total         Error     Error_cum         Total       Kinetic     Potential        Modify  Modify_group Modify_single      Error_PP  Error_PP_cum
Physic:     -0.01481172      34.80308      631.7705     -2349.698      2575.727     -4925.426      235.7687             0             0     0.1643282     0.5926903
Slowdown:   -0.01808432      34.70722      631.3501     -1919.189      2449.051     -4368.239      9629.784             0             0     0.1249362      0.393474
Angular Momentum:  |L|err: 52.4076  |L|err_cum: 71.75697  L: -85.92822   88.31834    -265.8335  |L|: 293.0038
C.M.: mass: 1900 pos: -0.5022868   -0.7504642    0.1758044 vel: -0.02106474   -0.004586102    -0.07721368
Tree step number: 2048
**** Wallclock time per step (local): [Min/Max]
 Total       PP_single   PP_cluster  PP_cross    Tree_NB     Tree_Force  Force_corr  Kick        FindCluster CreateGroup MPI_comm    Output      Status      Other      
   0.0019591  2.0921e-05  0.00014126           0  0.00032681   0.0013397  4.7869e-05  2.3806e-05  5.3043e-05  2.6551e-05  4.3059e-06  4.4011e-06  4.7012e-09  7.9817e-06
   0.0019592  2.0961e-05  0.00014131           0  0.00032371   0.0013031  4.7926e-05  2.3865e-05   5.309e-05  2.6572e-05  4.3387e-06  4.4013e-06  4.7158e-09  8.0668e-06
**** FDPS tree soft force time profile (local):
 Sample_ptcl Domain_deco Ex_ptcl     SetRootCell Make_LT     Make_LET    Make_GT     Make_Group  Make_I_list Calc_force  Write_back 
           0           0           0  1.6015e-05  0.00028398  3.6088e-05  0.00022506  2.8817e-06   6.601e-05  0.00057088  7.5212e-05
**** Tree neighbor time profile (local):
 Sample_ptcl Domain_deco Ex_ptcl     SetRootCell Make_LT     Make_LET    Make_GT     Make_Group  Make_I_list Calc_force  Write_back 
           0           0           0  7.2646e-06   0.0001134  2.0634e-05  0.00010659  5.4307e-07  1.3743e-05  4.3862e-05  6.6594e-06
**** Number per step (global):
 PP_single   PP_cluster  PP_cross    Cluster     Cross       AR_step_sum
      982.44      17.562           0      7.9385           0      67.732
 AR_tsyn_sum Stab_Ngroup Iso_Ngroup  Form_Ngroup End_Ngroup  Modf_Ngroup Merg_Ngroup H4_step_sum H4_no_NB    Ep-Ep_sum   Ep-Sp_sum  
       10.38      2.9868           0    0.036621   0.0068359   0.0024414           0       71.01    0.022461  9.8041e+05      8469.1
**** Number of members in clusters (global):
N_members:            1           2           3           4           5           6           7           8           9          10
Count    :       982.44      6.7173     0.93066     0.24121   0.0097656   0.0048828  0.00097656    0.018555    0.014648  0.00048828

Time: 34.5  N_real(loc): 1000  N_real(glb): 1000  N_all(loc): 1036  N_all(glb): 1036  N_remove(glb): 0  N_escape(glb): 0
Energy:     Error/Total         Error     Error_cum         Total       Kinetic     Potential        Modify  Modify_group Modify_single      Error_PP  Error_PP_cum
Physic:    -0.002281608      5.319768      637.0902     -2331.587      2399.359     -4730.946        248.56             0             0    0.06451317     0.6572035
Slowdown:   -0.00262306      5.209414      636.5595     -1986.006      2361.891     -4347.898      9988.267             0             0    0.01854782     0.4120218
Angular Momentum:  |L|err: 37.62544  |L|err_cum: 109.3824  L: -91.53658   98.36224    -307.3481  |L|: 335.4355
C.M.: mass: 1900 pos: -0.531321   -0.7574438    0.1489208 vel: -0.06408345   -0.04622047    -0.05706264
Tree step number: 2048
**** Wallclock time per step (local): [Min/Max]
 Total       PP_single   PP_cluster  PP_cross    Tree_NB     Tree_Force  Force_corr  Kick        FindCluster CreateGroup MPI_comm    Output      Status      Other      
   0.0017247  1.9689e-05   0.0001017           0  0.00030494   0.0012016  2.6864e-05  1.1553e-05  4.4866e-05  2.9968e-05  1.6761e-06  4.5537e-06  3.8159e-09       8e-06
   0.0017247  1.9724e-05  0.00010174           0  0.00030051    0.001173  2.6918e-05  1.1587e-05  4.4911e-05  2.9989e-05  1.7084e-06  4.5539e-06  3.8306e-09  8.0834e-06
**** FDPS tree soft force time profile (local):
 Sample_ptcl Domain_deco Ex_ptcl     SetRootCell Make_LT     Make_LET    Make_GT     Make_Group  Make_I_list Calc_force  Write_back 
           0           0           0  1.6955e-05  0.00027662  2.8952e-05  0.00019012  2.4929e-06  5.8575e-05  0.00051093  5.8531e-05
**** Tree neighbor time profile (local):
 Sample_ptcl Domain_deco Ex_ptcl     SetRootCell Make_LT     Make_LET    Make_GT     Make_Group  Make_I_list Calc_force  Write_back 
           0           0           0  6.9929e-06   0.0001177  1.5922e-05  8.4744e-05  4.9108e-07  1.7313e-05  3.9952e-05  9.2805e-06
**** Number per step (global):
 PP_single   PP_cluster  PP_cross    Cluster     Cross       AR_step_sum
      984.65      15.349           0      6.9053           0      58.981
 AR_tsyn_sum Stab_Ngroup Iso_Ngroup  Form_Ngroup End_Ngroup  Modf_Ngroup Merg_Ngroup H4_step_sum H4_no_NB    Ep-Ep_sum   Ep-Sp_sum  
      7.2876           3           0    0.021484   0.0048828           0           0      54.481    0.027344  9.8247e+05      8780.5
**** Number of members in clusters (global):
N_members:            1           2           3           4           5
Count    :       984.65      5.8433     0.67773     0.29199    0.092285
Hard energy significant ! dE_SD: 0.14793 dE_SD/Etot_SD: -0.000567701
Thread: 0 Dump file: data.hard_large_energy_h4_n4_g1_t34.524658_M0_O0_c0_s1790682903

Time: 35  N_real(loc): 1000  N_real(glb): 1000  N_all(loc): 1036  N_all(glb): 1036  N_remove(glb): 0  N_escape(glb): 0
Energy:     Error/Total         Error     Error_cum         Total       Kinetic     Potential        Modify  Modify_group Modify_single      Error_PP  Error_PP_cum
Physic:     -0.01081225      24.69966      661.7899     -2284.414      2462.414     -4746.827      271.0341             0             0     0.1521772     0.8093807
Slowdown:   -0.01374398      24.66116      661.2207     -1794.324      2339.447     -4133.771      10500.87             0             0     0.1508773     0.5628991
Angular Momentum:  |L|err: 28.57363  |L|err_cum: 137.956  L: -89.35927   96.84585    -335.8227  |L|: 360.7508
C.M.: mass: 1900 pos: -0.568697   -0.7719846    0.1450274 vel: -0.04700898   -0.05560763    -0.02762774
Tree step number: 2048
**** Wallclock time per step (local): [Min/Max]
 Total       PP_single   PP_cluster  PP_cross    Tree_NB     Tree_Force  Force_corr  Kick        FindCluster CreateGroup MPI_comm    Output      Status      Other      
   0.0019806  2.3971e-05  8.5909e-05           0   0.0003331   0.0014568  4.3719e-05  1.8544e-05  3.4989e-05  3.1608e-05  2.2895e-06  3.5682e-06  4.4272e-09    4.65e-06
   0.0019807  2.4006e-05  8.5953e-05           0  0.00032813   0.0014013  4.3774e-05  1.8578e-05  3.5031e-05  3.1629e-05   2.322e-06  3.5685e-06  4.4468e-09  4.7396e-06
**** FDPS tree soft force time profile (local):
 Sample_ptcl Domain_deco Ex_ptcl     SetRootCell Make_LT     Make_LET    Make_GT     Make_Group  Make_I_list Calc_force  Write_back 
           0           0           0  3.0423e-05   0.0003105   3.652e-05  0.00020914  2.4958e-06   6.103e-05  0.00065127  0.00011281
**** Tree neighbor time profile (local):
 Sample_ptcl Domain_deco Ex_ptcl     SetRootCell Make_LT     Make_LET    Make_GT     Make_Group  Make_I_list Calc_force  Write_back 
           0           0           0  5.3767e-06   0.0001219  2.0255e-05  9.4509e-05  5.4087e-07   2.132e-05  4.6541e-05  1.0336e-05
**** Number per step (global):
 PP_single   PP_cluster  PP_cross    Cluster     Cross       AR_step_sum
      985.98      14.021           0      6.6743           0      48.911
 AR_tsyn_sum Stab_Ngroup Iso_Ngroup  Form_Ngroup End_Ngroup  Modf_Ngroup Merg_Ngroup H4_step_sum H4_no_NB    Ep-Ep_sum   Ep-Sp_sum  
      3.1499           3           0    0.023926   0.0058594   0.0024414           0      44.004    0.022461  9.9337e+05      5324.7
**** Number of members in clusters (global):
N_members:            1           2           3           4           5
Count    :       985.98      6.0635     0.55664    0.046875   0.0073242

Time: 35.5  N_real(loc): 1000  N_real(glb): 1000  N_all(loc): 1036  N_all(glb): 1036  N_remove(glb): 0  N_escape(glb): 0
Energy:     Error/Total         Error     Error_cum         Total       Kinetic     Potential        Modify  Modify_group Modify_single      Error_PP  Error_PP_cum
Physic:    -0.004529821      10.28609       672.076     -2270.749        2436.5      -4707.25      274.4123             0             0  -8.59126e-08     0.8093807
Slowdown:  -0.005771314      10.27669      671.4973     -1780.651      2313.477     -4094.127      10994.36             0             0 -8.663863e-08      0.562899
Angular Momentum:  |L|err: 15.03187  |L|err_cum: 152.9879  L: -87.69983   94.77334    -350.6407  |L|: 373.6605
C.M.: mass: 1900 pos: -0.5829267   -0.7839771    0.1446479 vel: -0.02734556   -0.036307    -0.008879168
Tree step number: 2048
**** Wallclock time per step (local): [Min/Max]
 Total       PP_single   PP_cluster  PP_cross    Tree_NB     Tree_Force  Force_corr  Kick        FindCluster CreateGroup MPI_comm    Output      Status      Other      
   0.0019356  2.5444e-05  6.5589e-05           0  0.00032519   0.0014253  4.2361e-05  2.0546e-05  4.7701e-05  2.9581e-05  1.5099e-06   3.197e-06  5.5283e-09  4.9944e-06
   0.0019357   2.548e-05  6.5646e-05           0  0.00031889   0.0013724  4.2419e-05  2.0609e-05  4.7776e-05  2.9614e-05   1.542e-06  3.1972e-06   5.543e-09  5.0817e-06
**** FDPS tree soft force time profile (local):
 Sample_ptcl Domain_deco Ex_ptcl     SetRootCell Make_LT     Make_LET    Make_GT     Make_Group  Make_I_list Calc_force  Write_back 
           0           0           0  2.3215e-05  0.00028404  3.5499e-05  0.00022662  2.5797e-06  6.3064e-05  0.00064215  0.00010753
**** Tree neighbor time profile (local):
 Sample_ptcl Domain_deco Ex_ptcl     SetRootCell Make_LT     Make_LET    Make_GT     Make_Group  Make_I_list Calc_force  Write_back 
           0           0           0  7.6382e-06  0.00011521  2.0452e-05  9.2474e-05  5.2849e-07  1.5677e-05  4.9889e-05  1.3042e-05
**** Number per step (global):
 PP_single   PP_cluster  PP_cross    Cluster     Cross       AR_step_sum
      984.91      15.087           0      7.1338           0      40.857
 AR_tsyn_sum Stab_Ngroup Iso_Ngroup  Form_Ngroup End_Ngroup  Modf_Ngroup Merg_Ngroup H4_step_sum H4_no_NB    Ep-Ep_sum   Ep-Sp_sum  
     0.07666           3           0   0.0048828  0.00097656           0           0      44.791   0.0058594  9.9672e+05        4465
**** Number of members in clusters (global):
N_members:            1           2           3           4           5
Count    :       984.91      6.5068     0.44336      0.1748   0.0087891

Time: 36  N_real(loc): 1000  N_real(glb): 1000  N_all(loc): 1036  N_all(glb): 1036  N_remove(glb): 0  N_escape(glb): 0
Energy:     Error/Total         Error     Error_cum         Total       Kinetic     Potential        Modify  Modify_group Modify_single      Error_PP  Error_PP_cum
Physic:     0.002334885     -5.323979       666.752     -2280.189      2724.641      -5004.83      270.2963             0             0  0.0003196657     0.8097003
Slowdown:   0.002978236      -5.33128      666.1661      -1790.08      2487.167     -4277.247      11480.36             0             0 -0.0003091404     0.5625899
Angular Momentum:  |L|err: 8.168938  |L|err_cum: 161.1568  L: -90.66924   95.57739    -359.1973  |L|: 382.5946
C.M.: mass: 1900 pos: -0.6046743   -0.7809427    0.144995 vel: -0.03212726   0.01944046    0.02461497
Tree step number: 2048
**** Wallclock time per step (local): [Min/Max]
 Total       PP_single   PP_cluster  PP_cross    Tree_NB     Tree_Force  Force_corr  Kick        FindCluster CreateGroup MPI_comm    Output      Status      Other      
   0.0020415  2.0598e-05  7.1719e-05           0  0.00031512   0.0015255  4.5161e-05  2.9182e-05  4.0997e-05  3.1864e-05  3.8269e-06  4.5271e-06  4.6621e-09  4.3139e-06
   0.0020415  2.0634e-05  7.1761e-05           0  0.00031037   0.0014768  4.5217e-05  2.9217e-05  4.1039e-05  3.1886e-05  3.8592e-06  4.5273e-06  4.6816e-09  4.4166e-06
**** FDPS tree soft force time profile (local):
 Sample_ptcl Domain_deco Ex_ptcl     SetRootCell Make_LT     Make_LET    Make_GT     Make_Group  Make_I_list Calc_force  Write_back 
           0           0           0  1.4239e-05  0.00026965  3.2124e-05  0.00023918  2.5085e-06  6.5518e-05  0.00074007  0.00010205
**** Tree neighbor time profile (local):
 Sample_ptcl Domain_deco Ex_ptcl     SetRootCell Make_LT     Make_LET    Make_GT     Make_Group  Make_I_list Calc_force  Write_back 
           0           0           0  8.9036e-06   0.0001077  1.6966e-05  8.4305e-05  4.8935e-07   1.664e-05  6.0293e-05  9.9261e-06
**** Number per step (global):
 PP_single   PP_cluster  PP_cross    Cluster     Cross       AR_step_sum
      985.73      14.269           0      6.7695           0      43.982
 AR_tsyn_sum Stab_Ngroup Iso_Ngroup  Form_Ngroup End_Ngroup  Modf_Ngroup Merg_Ngroup H4_step_sum H4_no_NB    Ep-Ep_sum   Ep-Sp_sum  
      1.3081           3           0   0.0058594   0.0019531           0           0      44.008   0.0068359   9.919e+05      6419.2
**** Number of members in clusters (global):
N_members:            1           2           3           4
Count    :       985.73      6.0532     0.70264    0.013672

Time: 36.5  N_real(loc): 1000  N_real(glb): 1000  N_all(loc): 1036  N_all(glb): 1036  N_remove(glb): 0  N_escape(glb): 0
Energy:     Error/Total         Error     Error_cum         Total       Kinetic     Potential        Modify  Modify_group Modify_single      Error_PP  Error_PP_cum
Physic:     0.006835276     -15.70805      651.0439     -2298.086      2443.848     -4741.934      268.1076             0             0  0.0002202447     0.8099206
Slowdown:    0.00869397     -15.71833      650.4477     -1807.958      2330.013     -4137.971      11968.31             0             0 -0.0002246063     0.5623653
Angular Momentum:  |L|err: -8.235861  |L|err_cum: 152.921  L: -94.51197   102.2042    -351.5745  |L|: 378.1307
C.M.: mass: 1900 pos: -0.6381315   -0.7547499    0.1660872 vel: -0.07321437   0.06936501    0.06013596
Tree step number: 2048
**** Wallclock time per step (local): [Min/Max]
 Total       PP_single   PP_cluster  PP_cross    Tree_NB     Tree_Force  Force_corr  Kick        FindCluster CreateGroup MPI_comm    Output      Status      Other      
    0.002166  2.2673e-05  7.8723e-05           0  0.00041027   0.0015576  5.3289e-05   2.275e-05   4.757e-05  3.5107e-05  1.8604e-06  4.4784e-06  6.7124e-09  4.7352e-06
   0.0021661  2.2708e-05  7.8765e-05           0  0.00039694   0.0014958  5.3346e-05  2.2785e-05  4.7613e-05  3.5128e-05  1.9177e-06  4.4788e-06  6.7271e-09  4.8227e-06
**** FDPS tree soft force time profile (local):
 Sample_ptcl Domain_deco Ex_ptcl     SetRootCell Make_LT     Make_LET    Make_GT     Make_Group  Make_I_list Calc_force  Write_back 
           0           0           0  2.4115e-05  0.00028996  2.9152e-05  0.00020943   3.362e-06  4.4331e-05  0.00078521  0.00012538
**** Tree neighbor time profile (local):
 Sample_ptcl Domain_deco Ex_ptcl     SetRootCell Make_LT     Make_LET    Make_GT     Make_Group  Make_I_list Calc_force  Write_back 
           0           0           0  9.1649e-06  0.00011691  2.0678e-05  0.00011426  2.5736e-07  1.6296e-05  9.3487e-05  2.7074e-05
**** Number per step (global):
 PP_single   PP_cluster  PP_cross    Cluster     Cross       AR_step_sum
      986.32      13.676           0      6.4087           0       45.57
 AR_tsyn_sum Stab_Ngroup Iso_Ngroup  Form_Ngroup End_Ngroup  Modf_Ngroup Merg_Ngroup H4_step_sum H4_no_NB    Ep-Ep_sum   Ep-Sp_sum  
      1.9087           3           0   0.0043945   0.0019531           0           0      40.636  0.00097656  1.0255e+06      2044.8
**** Number of members in clusters (global):
N_members:            1           2           3           4           5
Count    :       986.32       5.708      0.5835    0.076172    0.041016

Time: 37  N_real(loc): 1000  N_real(glb): 1000  N_all(loc): 1036  N_all(glb): 1036  N_remove(glb): 0  N_escape(glb): 0
Energy:     Error/Total         Error     Error_cum         Total       Kinetic     Potential        Modify  Modify_group Modify_single      Error_PP  Error_PP_cum
Physic:     0.002932503     -6.730252      644.3137     -2295.054       2760.94     -5055.994      277.8703             0             0     0.3406687      1.150589
Slowdown:   0.003491741     -6.807054      643.6407     -1949.473      2723.503     -4672.976      12323.73             0             0     0.2676101     0.8299754
Angular Momentum:  |L|err: 1.059067  |L|err_cum: 153.98  L: -90.17884   100.5749    -352.2671  |L|: 377.2793
C.M.: mass: 1900 pos: -0.6716068   -0.7125738    0.197202 vel: -0.09296349   0.0927886    0.0551545
Tree step number: 2048
**** Wallclock time per step (local): [Min/Max]
 Total       PP_single   PP_cluster  PP_cross    Tree_NB     Tree_Force  Force_corr  Kick        FindCluster CreateGroup MPI_comm    Output      Status      Other      
   0.0020554  2.9173e-05  0.00023992           0   0.0003226   0.0013303  3.3945e-05  2.6397e-05  8.3717e-05  2.2455e-05  1.9779e-06   3.918e-06  3.7422e-09  6.3688e-06
   0.0020555  2.9207e-05  0.00023998           0  0.00031729   0.0012879  3.4007e-05  2.6431e-05  8.3776e-05  2.2476e-05  2.0099e-06  3.9182e-06  3.7568e-09  6.4505e-06
**** FDPS tree soft force time profile (local):
 Sample_ptcl Domain_deco Ex_ptcl     SetRootCell Make_LT     Make_LET    Make_GT     Make_Group  Make_I_list Calc_force  Write_back 
           0           0           0  1.6155e-05  0.00025624  3.2244e-05   0.0001854  3.3604e-06  4.9135e-05  0.00062472  8.6341e-05
**** Tree neighbor time profile (local):
 Sample_ptcl Domain_deco Ex_ptcl     SetRootCell Make_LT     Make_LET    Make_GT     Make_Group  Make_I_list Calc_force  Write_back 
           0           0           0  9.9329e-06  0.00010808  1.7986e-05  7.7708e-05  4.8261e-07  1.1761e-05  7.3054e-05  1.1029e-05
**** Number per step (global):
 PP_single   PP_cluster  PP_cross    Cluster     Cross       AR_step_sum
      986.75      13.245           0      5.4453           0      106.56
 AR_tsyn_sum Stab_Ngroup Iso_Ngroup  Form_Ngroup End_Ngroup  Modf_Ngroup Merg_Ngroup H4_step_sum H4_no_NB    Ep-Ep_sum   Ep-Sp_sum  
      25.179           3           0   0.0029297  0.00048828           0           0      54.585   0.0039062  1.0045e+06      5314.4
**** Number of members in clusters (global):
N_members:            1           2           3           4           5           6
Count    :       986.75      4.1636     0.54785     0.51221     0.10449     0.11719

Time: 37.5  N_real(loc): 1000  N_real(glb): 1000  N_all(loc): 1036  N_all(glb): 1036  N_remove(glb): 0  N_escape(glb): 0
Energy:     Error/Total         Error     Error_cum         Total       Kinetic     Potential        Modify  Modify_group Modify_single      Error_PP  Error_PP_cum
Physic:     0.001749576      -3.99119      640.3225     -2281.233      8572.606     -10853.84      295.6822             0             0     0.2144878      1.365077
Slowdown:   0.002061936      -3.99119      639.6495     -1935.652      8535.174     -10470.83      12687.12             0             0     0.2144878      1.044463
Angular Momentum:  |L|err: 11.47925  |L|err_cum: 165.4593  L: -91.38146   98.86969    -363.7959  |L|: 387.9088
C.M.: mass: 1900 pos: -0.7271118   -0.6589165    0.222524 vel: -0.104271   0.05400471    0.04951845
Tree step number: 2048
**** Wallclock time per step (local): [Min/Max]
 Total       PP_single   PP_cluster  PP_cross    Tree_NB     Tree_Force  Force_corr  Kick        FindCluster CreateGroup MPI_comm    Output      Status      Other      
   0.0032595  4.2774e-05  0.00033433           0   0.0004708   0.0021499  6.6109e-05  3.0556e-05  0.00020119  3.0424e-05   6.813e-06  4.1008e-06  3.8257e-09  3.2078e-05
   0.0032596  4.2812e-05  0.00033442           0  0.00045307   0.0020557  6.6171e-05  3.0592e-05  0.00020127  3.0447e-05  6.8464e-06  4.1011e-06  3.8403e-09  3.2188e-05
**** FDPS tree soft force time profile (local):
 Sample_ptcl Domain_deco Ex_ptcl     SetRootCell Make_LT     Make_LET    Make_GT     Make_Group  Make_I_list Calc_force  Write_back 
           0           0           0  3.6994e-05  0.00040491  5.5231e-05  0.00027265  5.3719e-06  7.2876e-05  0.00096352  0.00019014
**** Tree neighbor time profile (local):
 Sample_ptcl Domain_deco Ex_ptcl     SetRootCell Make_LT     Make_LET    Make_GT     Make_Group  Make_I_list Calc_force  Write_back 
           0           0           0  1.0988e-05  0.00015693  2.8669e-05  0.00011518  6.6285e-07  2.2554e-05  8.2767e-05  3.6007e-05
**** Number per step (global):
 PP_single   PP_cluster  PP_cross    Cluster     Cross       AR_step_sum
       985.9        14.1           0      6.2671           0      138.19
 AR_tsyn_sum Stab_Ngroup Iso_Ngroup  Form_Ngroup End_Ngroup  Modf_Ngroup Merg_Ngroup H4_step_sum H4_no_NB    Ep-Ep_sum   Ep-Sp_sum  
      36.252           3           0   0.0043945  0.00097656           0           0      64.331   0.0048828  9.9082e+05      7115.7
**** Number of members in clusters (global):
N_members:            1           2           3           4
Count    :        985.9      5.0215     0.92529     0.32031
Hard energy significant ! dE_SD: 0.0776851 dE_SD/Etot_SD: -0.000247348
Thread: 0 Dump file: data.hard_large_energy_h4_n3_g1_t37.846436_M0_O0_c1_s1790682934

Time: 38  N_real(loc): 1000  N_real(glb): 1000  N_all(loc): 1036  N_all(glb): 1036  N_remove(glb): 0  N_escape(glb): 0
Energy:     Error/Total         Error     Error_cum         Total       Kinetic     Potential        Modify  Modify_group Modify_single      Error_PP  Error_PP_cum
Physic:     0.001402923     -3.188411      637.1341     -2272.691      2477.681     -4750.372      307.4125             0             0     0.3530664      1.718144
Slowdown:   0.001654504     -3.188411      636.4611      -1927.11      2440.256     -4367.366      13044.43             0             0     0.3530664       1.39753
Angular Momentum:  |L|err: 0.08050239  |L|err_cum: 165.5398  L: -87.12877   87.24467    -362.4507  |L|: 382.8493
C.M.: mass: 1900 pos: -0.7694667   -0.6344288    0.243541 vel: -0.07587016   0.06018248    0.007109934
Tree step number: 2048
**** Wallclock time per step (local): [Min/Max]
 Total       PP_single   PP_cluster  PP_cross    Tree_NB     Tree_Force  Force_corr  Kick        FindCluster CreateGroup MPI_comm    Output      Status      Other      
   0.0027018  3.1701e-05  0.00027287           0  0.00036151   0.0018665  5.0632e-05  2.0786e-05  0.00011681  2.5301e-05  3.5419e-06  3.8822e-06  4.4668e-09  1.2749e-05
   0.0027018  3.1759e-05  0.00027294           0  0.00035087   0.0018099  5.0688e-05   2.082e-05  0.00011688  2.5321e-05  3.5747e-06  3.8824e-06  4.4863e-09  1.2876e-05
**** FDPS tree soft force time profile (local):
 Sample_ptcl Domain_deco Ex_ptcl     SetRootCell Make_LT     Make_LET    Make_GT     Make_Group  Make_I_list Calc_force  Write_back 
           0           0           0  2.9082e-05  0.00050329  3.2715e-05  0.00026044  5.3056e-06  7.3378e-05  0.00075418  0.00011501
**** Tree neighbor time profile (local):
 Sample_ptcl Domain_deco Ex_ptcl     SetRootCell Make_LT     Make_LET    Make_GT     Make_Group  Make_I_list Calc_force  Write_back 
           0           0           0  9.9947e-06  0.00013425  1.7208e-05  8.1998e-05  6.3544e-07  1.3353e-05  6.8737e-05  2.1751e-05
**** Number per step (global):
 PP_single   PP_cluster  PP_cross    Cluster     Cross       AR_step_sum
      985.94      14.063           0      6.3833           0      131.27
 AR_tsyn_sum Stab_Ngroup Iso_Ngroup  Form_Ngroup End_Ngroup  Modf_Ngroup Merg_Ngroup H4_step_sum H4_no_NB    Ep-Ep_sum   Ep-Sp_sum  
      33.629           3           0    0.018066   0.0043945    0.013672           0      60.282    0.036621   9.566e+05       12839
**** Number of members in clusters (global):
N_members:            1           2           3           4
Count    :       985.94      5.1758      1.1182    0.089355
Hard energy significant ! dE_SD: 0.088571 dE_SD/Etot_SD: -0.000279463
Thread: 0 Dump file: data.hard_large_energy_h4_n4_g1_t38.204346_M0_O0_c2_s1790682938

Time: 38.5  N_real(loc): 1000  N_real(glb): 1000  N_all(loc): 1036  N_all(glb): 1036  N_remove(glb): 0  N_escape(glb): 0
Energy:     Error/Total         Error     Error_cum         Total       Kinetic     Potential        Modify  Modify_group Modify_single      Error_PP  Error_PP_cum
Physic:     0.001940942     -4.403349      632.7307     -2268.666      2478.259     -4746.924      315.8411             0             0     0.2761724      1.994316
Slowdown:   0.002592446     -4.552652      631.9084     -1756.122      2395.806     -4151.928      13565.55             0             0     0.1522722      1.549802
Angular Momentum:  |L|err: 31.18359  |L|err_cum: 196.7234  L: -105.2188   77.48585    -393.2908  |L|: 414.4306
C.M.: mass: 1900 pos: -0.8131273   -0.60808    0.2462644 vel: -0.09181195   0.07337374    0.01057014
Tree step number: 2048
**** Wallclock time per step (local): [Min/Max]
 Total       PP_single   PP_cluster  PP_cross    Tree_NB     Tree_Force  Force_corr  Kick        FindCluster CreateGroup MPI_comm    Output      Status      Other      
   0.0023071  2.7238e-05  0.00019781           0  0.00033186     0.00161  4.0228e-05  2.0941e-05  8.0716e-05  3.6665e-05  2.9841e-06  3.2549e-06  4.2998e-09  1.0838e-05
   0.0023071  2.7273e-05  0.00019788           0  0.00032568   0.0015581  4.0336e-05  2.0975e-05  8.0771e-05  3.6687e-05  3.0177e-06  3.2551e-06  4.3145e-09   1.093e-05
**** FDPS tree soft force time profile (local):
 Sample_ptcl Domain_deco Ex_ptcl     SetRootCell Make_LT     Make_LET    Make_GT     Make_Group  Make_I_list Calc_force  Write_back 
           0           0           0  1.6533e-05  0.00033918  3.5453e-05  0.00021976  3.0595e-06  7.6845e-05  0.00074895  0.00010549
**** Tree neighbor time profile (local):
 Sample_ptcl Domain_deco Ex_ptcl     SetRootCell Make_LT     Make_LET    Make_GT     Make_Group  Make_I_list Calc_force  Write_back 
           0           0           0  9.0524e-06   0.0001102  2.0078e-05  9.2893e-05  6.7121e-07  1.6003e-05  5.7704e-05  1.2852e-05
**** Number per step (global):
 PP_single   PP_cluster  PP_cross    Cluster     Cross       AR_step_sum
      985.84      14.162           0      6.5322           0      96.585
 AR_tsyn_sum Stab_Ngroup Iso_Ngroup  Form_Ngroup End_Ngroup  Modf_Ngroup Merg_Ngroup H4_step_sum H4_no_NB    Ep-Ep_sum   Ep-Sp_sum  
      21.299      2.9985           0    0.045898    0.010254    0.030762           0      53.719    0.069336  9.4832e+05       14066
**** Number of members in clusters (global):
N_members:            1           2           3           4
Count    :       985.84      5.5581     0.85107     0.12305

Time: 39  N_real(loc): 1000  N_real(glb): 1000  N_all(loc): 1036  N_all(glb): 1036  N_remove(glb): 0  N_escape(glb): 0
Energy:     Error/Total         Error     Error_cum         Total       Kinetic     Potential        Modify  Modify_group Modify_single      Error_PP  Error_PP_cum
Physic:    -0.006264202      14.12568      646.8564     -2254.985      2611.511     -4866.496      315.3963             0             0    0.06617685      2.060493
Slowdown:  -0.008042407      14.01298      645.9214     -1742.387      2368.361     -4110.748      14077.82             0             0   0.004540827      1.554343
Angular Momentum:  |L|err: 37.26498  |L|err_cum: 233.9884  L: -116.2138   70.15657    -429.4813  |L|: 450.4239
C.M.: mass: 1900 pos: -0.8544473   -0.5800504    0.2577441 vel: -0.04373171   0.06690686    0.005569285
Tree step number: 2048
**** Wallclock time per step (local): [Min/Max]
 Total       PP_single   PP_cluster  PP_cross    Tree_NB     Tree_Force  Force_corr  Kick        FindCluster CreateGroup MPI_comm    Output      Status      Other      
   0.0020066  2.5741e-05   8.294e-05           0   0.0003517   0.0014572  3.6793e-05  1.7661e-05  4.0783e-05  2.6088e-05  3.2361e-06   4.092e-06  3.2632e-09   7.437e-06
   0.0020067  2.5777e-05  8.2982e-05           0   0.0003477   0.0014118  3.6848e-05  1.7708e-05  4.0825e-05  2.6119e-05  3.2681e-06  4.0921e-06  3.2827e-09  7.5224e-06
**** FDPS tree soft force time profile (local):
 Sample_ptcl Domain_deco Ex_ptcl     SetRootCell Make_LT     Make_LET    Make_GT     Make_Group  Make_I_list Calc_force  Write_back 
           0           0           0  1.2434e-05  0.00028043  3.3418e-05  0.00021234  4.0065e-06  6.8991e-05  0.00069521  9.2145e-05
**** Tree neighbor time profile (local):
 Sample_ptcl Domain_deco Ex_ptcl     SetRootCell Make_LT     Make_LET    Make_GT     Make_Group  Make_I_list Calc_force  Write_back 
           0           0           0  2.0401e-05  0.00013457  1.6918e-05  0.00010059  6.1195e-07   1.302e-05  5.6154e-05  8.4736e-06
**** Number per step (global):
 PP_single   PP_cluster  PP_cross    Cluster     Cross       AR_step_sum
      985.53      14.466           0       7.043           0      50.289
 AR_tsyn_sum Stab_Ngroup Iso_Ngroup  Form_Ngroup End_Ngroup  Modf_Ngroup Merg_Ngroup H4_step_sum H4_no_NB    Ep-Ep_sum   Ep-Sp_sum  
      3.8345           3           0   0.0048828   0.0014648           0           0      41.992   0.0058594  9.4256e+05       16638
**** Number of members in clusters (global):
N_members:            1           2           3           4           5
Count    :       985.53      6.6982     0.32227   0.0097656    0.012695

Time: 39.5  N_real(loc): 1000  N_real(glb): 1000  N_all(loc): 1036  N_all(glb): 1036  N_remove(glb): 0  N_escape(glb): 0
Energy:     Error/Total         Error     Error_cum         Total       Kinetic     Potential        Modify  Modify_group Modify_single      Error_PP  Error_PP_cum
Physic:     -0.01042549      23.20437      670.0608     -2225.734      2379.668     -4605.402      321.4424             0             0    0.02779156      2.088284
Slowdown:    -0.0135209      23.16261       669.084     -1713.097      2248.821     -3961.918      14596.54             0             0    0.01728515      1.571628
Angular Momentum:  |L|err: 38.44768  |L|err_cum: 272.436  L: -113.5855   67.49103    -468.1574  |L|: 486.4443
C.M.: mass: 1900 pos: -0.8927673   -0.5462969    0.2520436 vel: -0.06311521   0.07299482    -0.01126593
Tree step number: 2048
**** Wallclock time per step (local): [Min/Max]
 Total       PP_single   PP_cluster  PP_cross    Tree_NB     Tree_Force  Force_corr  Kick        FindCluster CreateGroup MPI_comm    Output      Status      Other      
   0.0018347  2.1396e-05  7.9437e-05           0  0.00030098   0.0013555  2.6828e-05  2.2508e-05  3.0689e-05  2.3927e-05  9.8343e-07  3.0652e-06  4.8921e-09  2.9883e-06
   0.0018347  2.1432e-05  7.9481e-05           0  0.00029671    0.001324  2.6882e-05  2.2542e-05  3.0739e-05  2.3947e-05  1.0153e-06  3.0655e-06  4.9409e-09  3.0736e-06
**** FDPS tree soft force time profile (local):
 Sample_ptcl Domain_deco Ex_ptcl     SetRootCell Make_LT     Make_LET    Make_GT     Make_Group  Make_I_list Calc_force  Write_back 
           0           0           0  9.5392e-06  0.00024138  3.1485e-05  0.00020465  3.2374e-06  7.3101e-05  0.00067182  6.4485e-05
**** Tree neighbor time profile (local):
 Sample_ptcl Domain_deco Ex_ptcl     SetRootCell Make_LT     Make_LET    Make_GT     Make_Group  Make_I_list Calc_force  Write_back 
           0           0           0  6.6679e-06  0.00011099  1.7175e-05  7.7902e-05  6.3627e-07  1.1887e-05  5.3013e-05  8.9504e-06
**** Number per step (global):
 PP_single   PP_cluster  PP_cross    Cluster     Cross       AR_step_sum
      986.74       13.26           0      6.3667           0      50.188
 AR_tsyn_sum Stab_Ngroup Iso_Ngroup  Form_Ngroup End_Ngroup  Modf_Ngroup Merg_Ngroup H4_step_sum H4_no_NB    Ep-Ep_sum   Ep-Sp_sum  
      3.4673           3           0   0.0063477   0.0019531           0           0      38.462   0.0068359   9.397e+05       17596
**** Number of members in clusters (global):
N_members:            1           2           3           4
Count    :       986.74      5.9106     0.38574    0.070312

Time: 40  N_real(loc): 1000  N_real(glb): 1000  N_all(loc): 1036  N_all(glb): 1036  N_remove(glb): 0  N_escape(glb): 0
Energy:     Error/Total         Error     Error_cum         Total       Kinetic     Potential        Modify  Modify_group Modify_single      Error_PP  Error_PP_cum
Physic:    -0.004547747       10.0605      680.1213     -2212.194      2451.746      -4663.94      324.9222             0             0  4.122255e-06      2.088288
Slowdown:  -0.005917088      10.05639      679.1404     -1699.551      2320.957     -4020.508      15112.67             0             0 -4.988887e-06      1.571623
Angular Momentum:  |L|err: 21.087  |L|err_cum: 293.523  L: -110.0739   66.565    -489.4599  |L|: 506.0812
C.M.: mass: 1900 pos: -0.9501357   -0.5047125    0.2433022 vel: -0.09892343   0.1123616    -0.03127281
Tree step number: 2048
**** Wallclock time per step (local): [Min/Max]
 Total       PP_single   PP_cluster  PP_cross    Tree_NB     Tree_Force  Force_corr  Kick        FindCluster CreateGroup MPI_comm    Output      Status      Other      
   0.0024581  4.1813e-05  8.4337e-05           0  0.00045501   0.0017453  6.4186e-05  4.4082e-05  4.8541e-05  3.0054e-05  6.1316e-06   3.822e-06  6.3252e-09  1.6984e-05
   0.0024581  4.1851e-05  8.4381e-05           0  0.00044828   0.0016675  6.4244e-05  4.4119e-05  4.8585e-05  3.0077e-05  6.1641e-06  3.8223e-06  6.3447e-09  1.7095e-05
**** FDPS tree soft force time profile (local):
 Sample_ptcl Domain_deco Ex_ptcl     SetRootCell Make_LT     Make_LET    Make_GT     Make_Group  Make_I_list Calc_force  Write_back 
           0           0           0  3.9137e-05  0.00041236  4.0186e-05  0.00026999  3.4611e-06  8.0227e-05  0.00069515  0.00015714
**** Tree neighbor time profile (local):
 Sample_ptcl Domain_deco Ex_ptcl     SetRootCell Make_LT     Make_LET    Make_GT     Make_Group  Make_I_list Calc_force  Write_back 
           0           0           0  1.9982e-05  0.00020516  2.1991e-05  0.00011204  6.4241e-07  1.7237e-05  5.5553e-05  1.3923e-05
**** Number per step (global):
 PP_single   PP_cluster  PP_cross    Cluster     Cross       AR_step_sum
      987.76      12.238           0      5.9468           0      43.546
 AR_tsyn_sum Stab_Ngroup Iso_Ngroup  Form_Ngroup End_Ngroup  Modf_Ngroup Merg_Ngroup H4_step_sum H4_no_NB    Ep-Ep_sum   Ep-Sp_sum  
      1.0884           3           0   0.0014648  0.00048828           0           0      31.689  0.00097656  9.4165e+05       16882
**** Number of members in clusters (global):
N_members:            1           2           3           4           5
Count    :       987.76      5.6587     0.25684   0.0058594    0.025391

Time: 40.5  N_real(loc): 1000  N_real(glb): 1000  N_all(loc): 1036  N_all(glb): 1036  N_remove(glb): 0  N_escape(glb): 0
Energy:     Error/Total         Error     Error_cum         Total       Kinetic     Potential        Modify  Modify_group Modify_single      Error_PP  Error_PP_cum
Physic:    -0.006691572       14.6731      694.7944     -2192.773      2533.711     -4726.485      329.6701             0             0 -7.779765e-07      2.088288
Slowdown:  -0.008729123      14.66597      693.8064      -1680.12      2402.916     -4083.036      15630.08             0             0 -7.836056e-07      1.571622
Angular Momentum:  |L|err: 31.31175  |L|err_cum: 324.8348  L: -110.2575   65.05018    -520.8657  |L|: 536.3668
C.M.: mass: 1900 pos: -1.014389   -0.4487519    0.2198219 vel: -0.1075284   0.09840499    -0.02636073
Tree step number: 2048
**** Wallclock time per step (local): [Min/Max]
 Total       PP_single   PP_cluster  PP_cross    Tree_NB     Tree_Force  Force_corr  Kick        FindCluster CreateGroup MPI_comm    Output      Status      Other      
   0.0017593  2.6813e-05  5.2882e-05           0  0.00035757   0.0012259  3.0968e-05  1.7193e-05  3.9119e-05  3.3142e-05  1.8209e-06  4.0155e-06  3.5171e-09  4.0097e-06
   0.0017593  2.6857e-05  5.2923e-05           0  0.00035306   0.0011937  3.1023e-05  1.7236e-05  3.9163e-05  3.3164e-05  1.8533e-06  4.0158e-06  3.5908e-09  4.0922e-06
**** FDPS tree soft force time profile (local):
 Sample_ptcl Domain_deco Ex_ptcl     SetRootCell Make_LT     Make_LET    Make_GT     Make_Group  Make_I_list Calc_force  Write_back 
           0           0           0  1.8744e-05  0.00029441  3.3184e-05  0.00022692  3.9065e-06  7.0087e-05  0.00046495  6.5738e-05
**** Tree neighbor time profile (local):
 Sample_ptcl Domain_deco Ex_ptcl     SetRootCell Make_LT     Make_LET    Make_GT     Make_Group  Make_I_list Calc_force  Write_back 
           0           0           0  1.4308e-05  0.00014236   2.414e-05  0.00010443  7.4895e-07  1.4782e-05  3.9653e-05  9.4275e-06
**** Number per step (global):
 PP_single   PP_cluster  PP_cross    Cluster     Cross       AR_step_sum
      990.04      9.9556           0      4.9521           0      41.292
 AR_tsyn_sum Stab_Ngroup Iso_Ngroup  Form_Ngroup End_Ngroup  Modf_Ngroup Merg_Ngroup H4_step_sum H4_no_NB    Ep-Ep_sum   Ep-Sp_sum  
     0.11621           3           0   0.0053711  0.00097656           0           0      19.285   0.0068359  9.3942e+05       17704
**** Number of members in clusters (global):
N_members:            1           2           3
Count    :       990.04      4.9009     0.05127

Time: 41  N_real(loc): 1000  N_real(glb): 1000  N_all(loc): 1036  N_all(glb): 1036  N_remove(glb): 0  N_escape(glb): 0
Energy:     Error/Total         Error     Error_cum         Total       Kinetic     Potential        Modify  Modify_group Modify_single      Error_PP  Error_PP_cum
Physic:    -0.005674882      12.35206      707.1464      -2176.62      2646.171     -4822.791      333.4712             0             0  2.089653e-07      2.088288
Slowdown:  -0.007420682      12.34772      706.1541     -1663.961      2515.341     -4179.302      16146.54             0             0  2.091287e-07      1.571622
Angular Momentum:  |L|err: 24.87038  |L|err_cum: 349.7052  L: -115.6057   59.57262    -545.0672  |L|: 560.3676
C.M.: mass: 1900 pos: -1.101034   -0.388514    0.2052754 vel: -0.1410074   0.1389537    -0.003371361
Tree step number: 2048
**** Wallclock time per step (local): [Min/Max]
 Total       PP_single   PP_cluster  PP_cross    Tree_NB     Tree_Force  Force_corr  Kick        FindCluster CreateGroup MPI_comm    Output      Status      Other      
   0.0012868  1.3093e-05  5.3704e-05           0  0.00023363  0.00092751  1.2597e-05  6.2798e-06  1.9197e-05  2.3103e-05  9.7279e-07  4.4041e-06  3.1309e-09  2.9057e-06
   0.0012868  1.3127e-05  5.3756e-05           0  0.00023182  0.00091658  1.2657e-05  6.3129e-06  1.9236e-05  2.3123e-05  1.0043e-06  4.4043e-06   3.146e-09  2.9806e-06
**** FDPS tree soft force time profile (local):
 Sample_ptcl Domain_deco Ex_ptcl     SetRootCell Make_LT     Make_LET    Make_GT     Make_Group  Make_I_list Calc_force  Write_back 
           0           0           0  7.8909e-06  0.00019229   2.401e-05  0.00015995  2.7462e-06  6.1844e-05  0.00040947  2.3287e-05
**** Tree neighbor time profile (local):
 Sample_ptcl Domain_deco Ex_ptcl     SetRootCell Make_LT     Make_LET    Make_GT     Make_Group  Make_I_list Calc_force  Write_back 
           0           0           0  6.5419e-06  8.8253e-05  1.3911e-05  7.0405e-05  6.1853e-07  1.1269e-05  2.8998e-05  4.1434e-06
**** Number per step (global):
 PP_single   PP_cluster  PP_cross    Cluster     Cross       AR_step_sum
      987.22      12.784           0      6.2642           0      40.989
 AR_tsyn_sum Stab_Ngroup Iso_Ngroup  Form_Ngroup End_Ngroup  Modf_Ngroup Merg_Ngroup H4_step_sum H4_no_NB    Ep-Ep_sum   Ep-Sp_sum  
     0.03125           3           0   0.0058594   0.0014648           0           0      31.692   0.0078125  9.3799e+05       15866
**** Number of members in clusters (global):
N_members:            1           2           3           4
Count    :       987.22      6.0469      0.1792    0.038086

Time: 41.5  N_real(loc): 1000  N_real(glb): 1000  N_all(loc): 1036  N_all(glb): 1036  N_remove(glb): 0  N_escape(glb): 0
Energy:     Error/Total         Error     Error_cum         Total       Kinetic     Potential        Modify  Modify_group Modify_single      Error_PP  Error_PP_cum
Physic:    -0.003739057      8.098845      715.2453     -2166.013      2395.911     -4561.924      335.9792             0             0 -2.015463e-06      2.088286
Slowdown:  -0.004897457      8.097218      714.2513     -1653.352      2265.045     -3918.396      16661.71             0             0 -2.014814e-06       1.57162
Angular Momentum:  |L|err: 14.67548  |L|err_cum: 364.3807  L: -121.9948   53.85878    -558.7907  |L|: 574.4829
C.M.: mass: 1900 pos: -1.170021   -0.3133862    0.204288 vel: -0.1431061   0.1315811    0.0394366
Tree step number: 2048
**** Wallclock time per step (local): [Min/Max]
 Total       PP_single   PP_cluster  PP_cross    Tree_NB     Tree_Force  Force_corr  Kick        FindCluster CreateGroup MPI_comm    Output      Status      Other      
   0.0015208  2.0315e-05  5.7595e-05           0  0.00028075   0.0010937  2.1799e-05  1.0547e-05  2.5657e-05  2.3669e-05  1.0948e-06  3.4276e-06  6.9468e-09  3.7892e-06
   0.0015209  2.0366e-05  5.7639e-05           0  0.00027617   0.0010743  2.1852e-05  1.0581e-05    2.57e-05  2.3702e-05  1.1265e-06  3.4278e-06  6.9663e-09  3.8751e-06
**** FDPS tree soft force time profile (local):
 Sample_ptcl Domain_deco Ex_ptcl     SetRootCell Make_LT     Make_LET    Make_GT     Make_Group  Make_I_list Calc_force  Write_back 
           0           0           0  1.1318e-05  0.00022612  3.2385e-05  0.00018724  3.4719e-06  6.2462e-05  0.00048453  4.0579e-05
**** Tree neighbor time profile (local):
 Sample_ptcl Domain_deco Ex_ptcl     SetRootCell Make_LT     Make_LET    Make_GT     Make_Group  Make_I_list Calc_force  Write_back 
           0           0           0  1.0586e-05  0.00010336  1.8601e-05  7.5254e-05  7.3483e-07  1.2437e-05  4.1041e-05  9.5882e-06
**** Number per step (global):
 PP_single   PP_cluster  PP_cross    Cluster     Cross       AR_step_sum
       986.3      13.696           0      6.7373           0      41.412
 AR_tsyn_sum Stab_Ngroup Iso_Ngroup  Form_Ngroup End_Ngroup  Modf_Ngroup Merg_Ngroup H4_step_sum H4_no_NB    Ep-Ep_sum   Ep-Sp_sum  
     0.14502           3           0   0.0097656   0.0024414           0           0      37.919    0.011719  9.3144e+05       17612
**** Number of members in clusters (global):
N_members:            1           2           3
Count    :        986.3      6.5161     0.22119

Time: 42  N_real(loc): 1000  N_real(glb): 1000  N_all(loc): 1036  N_all(glb): 1036  N_remove(glb): 0  N_escape(glb): 0
Energy:     Error/Total         Error     Error_cum         Total       Kinetic     Potential        Modify  Modify_group Modify_single      Error_PP  Error_PP_cum
Physic:    -0.002662111      5.746113      720.9914      -2158.48      2268.749     -4427.229      337.7661             0             0 -5.788203e-07      2.088285
Slowdown:  -0.003490875      5.745343      719.9967     -1645.817      2137.852     -3783.669      17176.16             0             0 -5.789821e-07       1.57162
Angular Momentum:  |L|err: 9.061258  |L|err_cum: 373.4419  L: -127.8033   48.69237    -566.818  |L|: 583.0843
C.M.: mass: 1900 pos: -1.249437   -0.2593712    0.1959294 vel: -0.1617858   0.08217545    -0.04003181
Tree step number: 2048
**** Wallclock time per step (local): [Min/Max]
 Total       PP_single   PP_cluster  PP_cross    Tree_NB     Tree_Force  Force_corr  Kick        FindCluster CreateGroup MPI_comm    Output      Status      Other      
   0.0019981  3.0529e-05  6.4339e-05           0    0.000332   0.0014825  5.4551e-05  2.2436e-05  3.1515e-05  3.2876e-05   1.235e-06  3.9629e-06  4.2905e-09  6.1843e-06
   0.0019981  3.0566e-05  6.4388e-05           0   0.0003276   0.0014205  5.4687e-05  2.2472e-05  3.1558e-05  3.2899e-05  1.2676e-06  3.9631e-06  4.3052e-09  6.3269e-06
**** FDPS tree soft force time profile (local):
 Sample_ptcl Domain_deco Ex_ptcl     SetRootCell Make_LT     Make_LET    Make_GT     Make_Group  Make_I_list Calc_force  Write_back 
           0           0           0  2.5442e-05  0.00029725  3.3244e-05  0.00023208  3.3011e-06  7.0584e-05  0.00064344  0.00012623
**** Tree neighbor time profile (local):
 Sample_ptcl Domain_deco Ex_ptcl     SetRootCell Make_LT     Make_LET    Make_GT     Make_Group  Make_I_list Calc_force  Write_back 
           0           0           0  7.5802e-06  0.00012362  2.0793e-05  9.0522e-05  6.8747e-07  1.6868e-05   4.841e-05  9.2271e-06
**** Number per step (global):
 PP_single   PP_cluster  PP_cross    Cluster     Cross       AR_step_sum
      988.09      11.907           0      5.8652           0      41.172
 AR_tsyn_sum Stab_Ngroup Iso_Ngroup  Form_Ngroup End_Ngroup  Modf_Ngroup Merg_Ngroup H4_step_sum H4_no_NB    Ep-Ep_sum   Ep-Sp_sum  
    0.074219           3           0   0.0092773   0.0019531           0           0      27.713    0.010742  9.2887e+05       16158
**** Number of members in clusters (global):
N_members:            1           2           3
Count    :       988.09       5.689     0.17627

Time: 42.5  N_real(loc): 1000  N_real(glb): 1000  N_all(loc): 1036  N_all(glb): 1036  N_remove(glb): 0  N_escape(glb): 0
Energy:     Error/Total         Error     Error_cum         Total       Kinetic     Potential        Modify  Modify_group Modify_single      Error_PP  Error_PP_cum
Physic:    -0.002007506      4.321763      725.3132     -2152.801      2439.272     -4592.073       339.123             0             0  -2.30431e-07      2.088285
Slowdown:   -0.00263473      4.321322       724.318     -1640.138      2308.343     -3948.481      17690.18             0             0 -2.662149e-07      1.571619
Angular Momentum:  |L|err: 6.203868  |L|err_cum: 379.6458  L: -132.9292   44.10804    -571.9786  |L|: 588.8762
C.M.: mass: 1900 pos: -1.338275   -0.2228986    0.1537851 vel: -0.1819895   0.08974204    -0.04448501
Tree step number: 2048
**** Wallclock time per step (local): [Min/Max]
 Total       PP_single   PP_cluster  PP_cross    Tree_NB     Tree_Force  Force_corr  Kick        FindCluster CreateGroup MPI_comm    Output      Status      Other      
   0.0022323  3.3438e-05  6.8356e-05           0   0.0003953   0.0016041  5.9477e-05  3.9313e-05  4.6767e-05  4.7662e-05  2.2786e-06  4.2303e-06   3.894e-09  4.2243e-06
   0.0022323  3.3476e-05  6.8399e-05           0  0.00038827   0.0015357  5.9539e-05   3.935e-05  4.6814e-05  4.7735e-05  2.3113e-06  4.2305e-06  3.9136e-09  4.3226e-06
**** FDPS tree soft force time profile (local):
 Sample_ptcl Domain_deco Ex_ptcl     SetRootCell Make_LT     Make_LET    Make_GT     Make_Group  Make_I_list Calc_force  Write_back 
           0           0           0  3.0914e-05  0.00035829  4.2291e-05   0.0002687  4.6896e-06  8.3095e-05  0.00063139  0.00013859
**** Tree neighbor time profile (local):
 Sample_ptcl Domain_deco Ex_ptcl     SetRootCell Make_LT     Make_LET    Make_GT     Make_Group  Make_I_list Calc_force  Write_back 
           0           0           0  1.0153e-05  0.00015338  1.8681e-05  0.00012432  6.3403e-07  1.4545e-05  4.8346e-05  1.4484e-05
**** Number per step (global):
 PP_single   PP_cluster  PP_cross    Cluster     Cross       AR_step_sum
      985.73      14.273           0      6.8247           0      40.956
 AR_tsyn_sum Stab_Ngroup Iso_Ngroup  Form_Ngroup End_Ngroup  Modf_Ngroup Merg_Ngroup H4_step_sum H4_no_NB    Ep-Ep_sum   Ep-Sp_sum  
    0.011719           3           0   0.0014648  0.00048828           0           0      39.792  0.00097656  9.2085e+05       18308
**** Number of members in clusters (global):
N_members:            1           2           3           4
Count    :       985.73      6.2495     0.52637    0.048828

Time: 43  N_real(loc): 1000  N_real(glb): 1000  N_all(loc): 1036  N_all(glb): 1036  N_remove(glb): 0  N_escape(glb): 0
Energy:     Error/Total         Error     Error_cum         Total       Kinetic     Potential        Modify  Modify_group Modify_single      Error_PP  Error_PP_cum
Physic:    -0.001708478      3.669737      728.9829     -2147.957      2415.946     -4563.903      340.2979             0             0   6.50495e-07      2.088286
Slowdown:    -0.0022439      3.669434      727.9874     -1635.293       2284.99     -3920.283      18204.02             0             0  6.593707e-07       1.57162
Angular Momentum:  |L|err: 5.228667  |L|err_cum: 384.8744  L: -137.7691   40.07085    -576.1759  |L|: 593.7716
C.M.: mass: 1900 pos: -1.437317   -0.1610884    0.1314408 vel: -0.203335   0.09850304    -0.01086884
Tree step number: 2048
**** Wallclock time per step (local): [Min/Max]
 Total       PP_single   PP_cluster  PP_cross    Tree_NB     Tree_Force  Force_corr  Kick        FindCluster CreateGroup MPI_comm    Output      Status      Other      
   0.0018828  2.2882e-05  6.3691e-05           0  0.00033035   0.0013705  4.7349e-05  2.0068e-05  3.4024e-05  2.3828e-05  2.5403e-06  4.7844e-06   8.126e-09  5.5167e-06
   0.0018828  2.2956e-05  6.3734e-05           0  0.00032662    0.001329  4.7406e-05  2.0103e-05  3.4097e-05  2.3849e-05  2.5727e-06  4.7847e-06  8.1406e-09  5.6086e-06
**** FDPS tree soft force time profile (local):
 Sample_ptcl Domain_deco Ex_ptcl     SetRootCell Make_LT     Make_LET    Make_GT     Make_Group  Make_I_list Calc_force  Write_back 
           0           0           0   1.493e-05  0.00030277  3.0506e-05  0.00021397  4.7792e-06  7.1444e-05  0.00059082  8.4628e-05
**** Tree neighbor time profile (local):
 Sample_ptcl Domain_deco Ex_ptcl     SetRootCell Make_LT     Make_LET    Make_GT     Make_Group  Make_I_list Calc_force  Write_back 
           0           0           0  1.1697e-05  0.00013932  1.8566e-05  8.7743e-05  6.4405e-07  1.3113e-05  3.9627e-05  7.8881e-06
**** Number per step (global):
 PP_single   PP_cluster  PP_cross    Cluster     Cross       AR_step_sum
      987.49       12.51           0      6.0522           0      41.051
 AR_tsyn_sum Stab_Ngroup Iso_Ngroup  Form_Ngroup End_Ngroup  Modf_Ngroup Merg_Ngroup H4_step_sum H4_no_NB    Ep-Ep_sum   Ep-Sp_sum  
    0.040527           3           0   0.0053711   0.0014648           0           0       33.84   0.0039062  9.2159e+05       17359
**** Number of members in clusters (global):
N_members:            1           2           3           4
Count    :       987.49       5.728     0.24316    0.081055

Time: 43.5  N_real(loc): 1000  N_real(glb): 1000  N_all(loc): 1036  N_all(glb): 1036  N_remove(glb): 0  N_escape(glb): 0
Energy:     Error/Total         Error     Error_cum         Total       Kinetic     Potential        Modify  Modify_group Modify_single      Error_PP  Error_PP_cum
Physic:    -0.001375352      2.948849      731.9317     -2144.069      2292.259     -4436.328      341.2371             0             0 -7.030977e-07      2.088285
Slowdown:   -0.00180743       2.94865      730.9361     -1631.405      2161.276      -3792.68      18717.63             0             0  -7.02269e-07      1.571619
Angular Momentum:  |L|err: 3.777705  |L|err_cum: 388.6522  L: -141.652   36.83161    -579.0597  |L|: 597.2705
C.M.: mass: 1900 pos: -1.536173   -0.122185    0.1448024 vel: -0.1755381   0.06147068    0.032897
Tree step number: 2048
**** Wallclock time per step (local): [Min/Max]
 Total       PP_single   PP_cluster  PP_cross    Tree_NB     Tree_Force  Force_corr  Kick        FindCluster CreateGroup MPI_comm    Output      Status      Other      
   0.0019911  3.0811e-05  5.7526e-05           0  0.00030504    0.001499  4.3896e-05  3.2819e-05   2.615e-05  2.3905e-05  1.7785e-06  5.3287e-06  3.8599e-09   4.982e-06
   0.0019911  3.0848e-05  5.7567e-05           0  0.00030215   0.0014595  4.3953e-05  3.2856e-05  2.6191e-05  2.3927e-05  1.8108e-06   5.329e-06  3.8794e-09  5.0859e-06
**** FDPS tree soft force time profile (local):
 Sample_ptcl Domain_deco Ex_ptcl     SetRootCell Make_LT     Make_LET    Make_GT     Make_Group  Make_I_list Calc_force  Write_back 
           0           0           0  2.4847e-05  0.00028741  2.9668e-05  0.00018972  2.8982e-06  6.9747e-05  0.00077141  8.0946e-05
**** Tree neighbor time profile (local):
 Sample_ptcl Domain_deco Ex_ptcl     SetRootCell Make_LT     Make_LET    Make_GT     Make_Group  Make_I_list Calc_force  Write_back 
           0           0           0  9.1356e-06  0.00010663  1.5735e-05  9.4823e-05  6.9211e-07   1.135e-05  4.9271e-05  6.2151e-06
**** Number per step (global):
 PP_single   PP_cluster  PP_cross    Cluster     Cross       AR_step_sum
      988.11      11.894           0      5.8555           0      40.924
 AR_tsyn_sum Stab_Ngroup Iso_Ngroup  Form_Ngroup End_Ngroup  Modf_Ngroup Merg_Ngroup H4_step_sum H4_no_NB    Ep-Ep_sum   Ep-Sp_sum  
           0           3           0           0           0           0           0      28.674           0  9.1382e+05       18110
**** Number of members in clusters (global):
N_members:            1           2           3           4
Count    :       988.11       5.709     0.11035    0.036133

Time: 44  N_real(loc): 1000  N_real(glb): 1000  N_all(loc): 1036  N_all(glb): 1036  N_remove(glb): 0  N_escape(glb): 0
Energy:     Error/Total         Error     Error_cum         Total       Kinetic     Potential        Modify  Modify_group Modify_single      Error_PP  Error_PP_cum
Physic:   -0.0009464044      2.026632      733.9584     -2141.401      2422.683     -4564.084      341.8778             0             0 -9.960718e-07      2.088284
Slowdown:  -0.001244241      2.026541      732.9626     -1628.737      2291.675     -3920.413      19230.93             0             0 -9.951174e-07      1.571618
Angular Momentum:  |L|err: 2.329874  |L|err_cum: 390.982  L: -143.8979   35.00179    -580.861  |L|: 599.4424
C.M.: mass: 1900 pos: -1.621924   -0.05915818    0.1607144 vel: -0.183087   0.1294845    0.03511031
Tree step number: 2048
**** Wallclock time per step (local): [Min/Max]
 Total       PP_single   PP_cluster  PP_cross    Tree_NB     Tree_Force  Force_corr  Kick        FindCluster CreateGroup MPI_comm    Output      Status      Other      
   0.0018163  1.6276e-05  5.6861e-05           0  0.00028838   0.0013808  3.4867e-05  1.2799e-05   2.339e-05  2.2828e-05  1.0123e-06  4.8124e-06  3.3413e-09  4.4041e-06
   0.0018163  1.6712e-05  5.6903e-05           0  0.00028454   0.0013519  3.4965e-05  1.2834e-05  2.3431e-05  2.2859e-05  1.0444e-06  4.8126e-06   3.356e-09   4.517e-06
**** FDPS tree soft force time profile (local):
 Sample_ptcl Domain_deco Ex_ptcl     SetRootCell Make_LT     Make_LET    Make_GT     Make_Group  Make_I_list Calc_force  Write_back 
           0           0           0    9.42e-06   0.0002231   2.995e-05  0.00017083  2.8488e-06  7.0877e-05   0.0007614  5.9571e-05
**** Tree neighbor time profile (local):
 Sample_ptcl Domain_deco Ex_ptcl     SetRootCell Make_LT     Make_LET    Make_GT     Make_Group  Make_I_list Calc_force  Write_back 
           0           0           0  6.1764e-06  9.3133e-05  1.8262e-05  7.9559e-05  6.6645e-07  1.1854e-05  5.5201e-05  8.1116e-06
**** Number per step (global):
 PP_single   PP_cluster  PP_cross    Cluster     Cross       AR_step_sum
      987.88      12.125           0      5.9385           0      41.104
 AR_tsyn_sum Stab_Ngroup Iso_Ngroup  Form_Ngroup End_Ngroup  Modf_Ngroup Merg_Ngroup H4_step_sum H4_no_NB    Ep-Ep_sum   Ep-Sp_sum  
    0.067383           3           0   0.0092773   0.0029297           0           0      32.105   0.0078125  9.1279e+05       18408
**** Number of members in clusters (global):
N_members:            1           2           3           4           5
Count    :       987.88      5.7163     0.20703   0.0048828    0.010254

Time: 44.5  N_real(loc): 1000  N_real(glb): 1000  N_all(loc): 1036  N_all(glb): 1036  N_remove(glb): 0  N_escape(glb): 0
Energy:     Error/Total         Error     Error_cum         Total       Kinetic     Potential        Modify  Modify_group Modify_single      Error_PP  Error_PP_cum
Physic:    -0.001275653        2.7271      736.6855     -2137.806      2466.237     -4604.043      342.7456             0             0 -6.412989e-07      2.088283
Slowdown:  -0.001677967      2.726934      735.6896     -1625.142      2335.202     -3960.345      19744.46             0             0 -6.296651e-07      1.571618
Angular Momentum:  |L|err: 2.560813  |L|err_cum: 393.5428  L: -146.9891   32.40361    -582.6354  |L|: 601.7639
C.M.: mass: 1900 pos: -1.712318   0.02154995    0.1751617 vel: -0.2261773   0.1259156    0.02265056
Tree step number: 2048
**** Wallclock time per step (local): [Min/Max]
 Total       PP_single   PP_cluster  PP_cross    Tree_NB     Tree_Force  Force_corr  Kick        FindCluster CreateGroup MPI_comm    Output      Status      Other      
    0.002312  2.7649e-05  6.9817e-05           0  0.00034265   0.0017909  4.5277e-05  1.9707e-05  3.2359e-05  3.1774e-05  2.0713e-06  3.1601e-06  3.5806e-09  4.8223e-06
    0.002312  2.7706e-05  6.9859e-05           0  0.00033551   0.0017376  4.5335e-05  1.9742e-05  3.2403e-05  3.1797e-05  2.1037e-06  3.1604e-06  3.5957e-09  4.9611e-06
**** FDPS tree soft force time profile (local):
 Sample_ptcl Domain_deco Ex_ptcl     SetRootCell Make_LT     Make_LET    Make_GT     Make_Group  Make_I_list Calc_force  Write_back 
           0           0           0  2.5449e-05  0.00031194  4.2168e-05  0.00022978  3.0206e-06  7.4545e-05  0.00093115  0.00010842
**** Tree neighbor time profile (local):
 Sample_ptcl Domain_deco Ex_ptcl     SetRootCell Make_LT     Make_LET    Make_GT     Make_Group  Make_I_list Calc_force  Write_back 
           0           0           0  7.3715e-06  0.00011586  1.7818e-05  8.6349e-05  6.8082e-07  1.3224e-05  6.5938e-05  1.4731e-05
**** Number per step (global):
 PP_single   PP_cluster  PP_cross    Cluster     Cross       AR_step_sum
       987.1      12.902           0       6.063           0      41.119
 AR_tsyn_sum Stab_Ngroup Iso_Ngroup  Form_Ngroup End_Ngroup  Modf_Ngroup Merg_Ngroup H4_step_sum H4_no_NB    Ep-Ep_sum   Ep-Sp_sum  
    0.043945           3           0   0.0053711   0.0019531           0           0      38.055   0.0029297  9.1516e+05       17149
**** Number of members in clusters (global):
N_members:            1           2           3           4           5           6
Count    :        987.1      5.6084     0.21875     0.16406    0.058105    0.013672

Time: 45  N_real(loc): 1000  N_real(glb): 1000  N_all(loc): 1036  N_all(glb): 1036  N_remove(glb): 0  N_escape(glb): 0
Energy:     Error/Total         Error     Error_cum         Total       Kinetic     Potential        Modify  Modify_group Modify_single      Error_PP  Error_PP_cum
Physic:    -0.001032873      2.205088      738.8906     -2134.908      2294.664     -4429.572      343.4386             0             0 -1.550766e-06      2.088282
Slowdown:  -0.001359217      2.204981      737.8945     -1622.244      2163.604     -3785.848      20257.82             0             0 -1.555342e-06      1.571616
Angular Momentum:  |L|err: 2.101513  |L|err_cum: 395.6444  L: -149.6462   30.13673    -584.0247  |L|: 603.6448
C.M.: mass: 1900 pos: -1.819691   0.08088566    0.188847 vel: -0.225055   0.1072569    0.01954527
Tree step number: 2048
**** Wallclock time per step (local): [Min/Max]
 Total       PP_single   PP_cluster  PP_cross    Tree_NB     Tree_Force  Force_corr  Kick        FindCluster CreateGroup MPI_comm    Output      Status      Other      
   0.0022138  2.2177e-05  6.6289e-05           0  0.00035035   0.0017034  3.7264e-05  1.8053e-05  3.0391e-05  2.9317e-05  2.3952e-06  3.2315e-06  3.6987e-09  4.2589e-06
   0.0022138  2.2232e-05  6.6332e-05           0  0.00034533   0.0016528  3.7319e-05  1.8088e-05  3.0432e-05  2.9339e-05  2.4273e-06  3.2317e-06  3.7524e-09  4.3852e-06
**** FDPS tree soft force time profile (local):
 Sample_ptcl Domain_deco Ex_ptcl     SetRootCell Make_LT     Make_LET    Make_GT     Make_Group  Make_I_list Calc_force  Write_back 
           0           0           0  1.5535e-05  0.00026663  3.3601e-05  0.00021424  3.4929e-06  7.2256e-05  0.00093348  0.00010306
**** Tree neighbor time profile (local):
 Sample_ptcl Domain_deco Ex_ptcl     SetRootCell Make_LT     Make_LET    Make_GT     Make_Group  Make_I_list Calc_force  Write_back 
           0           0           0  1.0514e-05  0.00011402  2.0413e-05  9.6288e-05  6.2188e-07  1.3479e-05  7.1395e-05  1.0528e-05
**** Number per step (global):
 PP_single   PP_cluster  PP_cross    Cluster     Cross       AR_step_sum
      986.78      13.223           0      6.1357           0      41.329
 AR_tsyn_sum Stab_Ngroup Iso_Ngroup  Form_Ngroup End_Ngroup  Modf_Ngroup Merg_Ngroup H4_step_sum H4_no_NB    Ep-Ep_sum   Ep-Sp_sum  
     0.11719           3           0   0.0092773   0.0024414           0           0      40.191   0.0097656  9.1762e+05       17738
**** Number of members in clusters (global):
N_members:            1           2           3           4           5           6           7
Count    :       986.78      5.4951     0.41016     0.19238   0.0097656    0.014648    0.013672

Time: 45.5  N_real(loc): 1000  N_real(glb): 1000  N_all(loc): 1036  N_all(glb): 1036  N_remove(glb): 0  N_escape(glb): 0
Energy:     Error/Total         Error     Error_cum         Total       Kinetic     Potential        Modify  Modify_group Modify_single      Error_PP  Error_PP_cum
Physic:   -0.0009019647      1.923334      740.8139     -2132.383      2466.793     -4599.175       344.041             0             0 -1.366377e-06       2.08828
Slowdown:  -0.001187401      1.923254      739.8178     -1619.718      2335.708     -3955.426      20771.09             0             0 -1.367731e-06      1.571615
Angular Momentum:  |L|err: 1.756657  |L|err_cum: 397.401  L: -151.8108   28.28294    -585.1823  |L|: 605.2147
C.M.: mass: 1900 pos: -1.93251   0.1428439    0.1994517 vel: -0.2176264   0.1411472    0.006315676
Tree step number: 2048
**** Wallclock time per step (local): [Min/Max]
 Total       PP_single   PP_cluster  PP_cross    Tree_NB     Tree_Force  Force_corr  Kick        FindCluster CreateGroup MPI_comm    Output      Status      Other      
   0.0019422  2.1514e-05  5.7561e-05           0  0.00028935   0.0015023  3.6476e-05  1.2172e-05  2.6411e-05  2.6094e-05  1.1411e-06  3.7645e-06  5.0244e-09  4.5485e-06
   0.0019422   2.155e-05  5.7629e-05           0  0.00028563   0.0014646  3.6542e-05  1.2206e-05  2.6452e-05  2.6115e-05  1.1732e-06  3.7647e-06   5.083e-09  4.6723e-06
**** FDPS tree soft force time profile (local):
 Sample_ptcl Domain_deco Ex_ptcl     SetRootCell Make_LT     Make_LET    Make_GT     Make_Group  Make_I_list Calc_force  Write_back 
           0           0           0  1.8983e-05  0.00025993  2.9737e-05  0.00019302  2.7352e-06  6.4035e-05  0.00080452  7.7314e-05
**** Tree neighbor time profile (local):
 Sample_ptcl Domain_deco Ex_ptcl     SetRootCell Make_LT     Make_LET    Make_GT     Make_Group  Make_I_list Calc_force  Write_back 
           0           0           0  6.4012e-06  9.4313e-05  2.2714e-05  7.0462e-05  6.3115e-07  1.2465e-05  5.8237e-05  7.8387e-06
**** Number per step (global):
 PP_single   PP_cluster  PP_cross    Cluster     Cross       AR_step_sum
      986.51      13.491           0       6.312           0      41.245
 AR_tsyn_sum Stab_Ngroup Iso_Ngroup  Form_Ngroup End_Ngroup  Modf_Ngroup Merg_Ngroup H4_step_sum H4_no_NB    Ep-Ep_sum   Ep-Sp_sum  
     0.10352           3           0   0.0097656   0.0029297           0           0      40.727   0.0048828  9.1119e+05       19934
**** Number of members in clusters (global):
N_members:            1           2           3           4           5           6           7
Count    :       986.51      5.7588     0.36328    0.092285    0.073242    0.022461   0.0019531

Time: 46  N_real(loc): 1000  N_real(glb): 1000  N_all(loc): 1036  N_all(glb): 1036  N_remove(glb): 0  N_escape(glb): 0
Energy:     Error/Total         Error     Error_cum         Total       Kinetic     Potential        Modify  Modify_group Modify_single      Error_PP  Error_PP_cum
Physic:   -0.0008061993      1.717309      742.5312     -2130.129      2561.665     -4691.795      344.5772             0             0 -3.250215e-06      2.088277
Slowdown:   -0.00106169      1.717246       741.535     -1617.465      2430.556      -4048.02      21284.29             0             0 -3.242756e-06      1.571611
Angular Momentum:  |L|err: 1.432643  |L|err_cum: 398.8337  L: -153.5156   26.80377    -586.1291  |L|: 606.4922
C.M.: mass: 1900 pos: -2.037135   0.2264591    0.2183255 vel: -0.2258018   0.1812183    0.02420398
Tree step number: 2048
**** Wallclock time per step (local): [Min/Max]
 Total       PP_single   PP_cluster  PP_cross    Tree_NB     Tree_Force  Force_corr  Kick        FindCluster CreateGroup MPI_comm    Output      Status      Other      
   0.0018088  1.5357e-05  6.4789e-05           0  0.00031977   0.0013245  1.7821e-05  8.2068e-06  2.6964e-05  4.9357e-05  1.3324e-06  4.3007e-06  5.8359e-09  3.2573e-06
   0.0018089  1.5402e-05  6.4841e-05           0  0.00031435   0.0013008  1.7885e-05  8.2412e-06  2.7013e-05  4.9384e-05  1.3646e-06   4.301e-06  5.8511e-09  3.3606e-06
**** FDPS tree soft force time profile (local):
 Sample_ptcl Domain_deco Ex_ptcl     SetRootCell Make_LT     Make_LET    Make_GT     Make_Group  Make_I_list Calc_force  Write_back 
           0           0           0  1.3059e-05  0.00022941  2.7631e-05  0.00019731  3.5238e-06  7.9703e-05  0.00061826  4.9712e-05
**** Tree neighbor time profile (local):
 Sample_ptcl Domain_deco Ex_ptcl     SetRootCell Make_LT     Make_LET    Make_GT     Make_Group  Make_I_list Calc_force  Write_back 
           0           0           0  9.6293e-06  0.00010515  1.7287e-05  8.3401e-05  8.0522e-07  1.3727e-05  3.7503e-05  1.1302e-05
**** Number per step (global):
 PP_single   PP_cluster  PP_cross    Cluster     Cross       AR_step_sum
      984.36      15.642           0      6.9326           0      41.684
 AR_tsyn_sum Stab_Ngroup Iso_Ngroup  Form_Ngroup End_Ngroup  Modf_Ngroup Merg_Ngroup H4_step_sum H4_no_NB    Ep-Ep_sum   Ep-Sp_sum  
     0.25146           3           0     0.02002   0.0048828           0           0      51.169   0.0097656  8.9668e+05       21664
**** Number of members in clusters (global):
N_members:            1           2           3           4           5           6           7
Count    :       984.36      5.9629     0.47314     0.32666    0.054688    0.089844    0.025391

Time: 46.5  N_real(loc): 1000  N_real(glb): 1000  N_all(loc): 1036  N_all(glb): 1036  N_remove(glb): 0  N_escape(glb): 0
Energy:     Error/Total         Error     Error_cum         Total       Kinetic     Potential        Modify  Modify_group Modify_single      Error_PP  Error_PP_cum
Physic:   -0.0004598421     0.9788743      743.5101     -2128.718      3401.066     -5529.784      345.0094             0             0 -1.021613e-05      2.088267
Slowdown: -0.0006057136     0.9788655      742.5139     -1616.053      2798.631     -4414.685      21797.39             0             0  6.109325e-05      1.571673
Angular Momentum:  |L|err: -0.4780663  |L|err_cum: 398.3556  L: -154.2464   25.9167    -585.3521  |L|: 605.8884
C.M.: mass: 1900 pos: -2.14988   0.3107272    0.2227264 vel: -0.2271701   0.1298047    0.026682
Tree step number: 2048
**** Wallclock time per step (local): [Min/Max]
 Total       PP_single   PP_cluster  PP_cross    Tree_NB     Tree_Force  Force_corr  Kick        FindCluster CreateGroup MPI_comm    Output      Status      Other      
   0.0019381  1.7103e-05   7.476e-05           0  0.00033771   0.0013964  3.1694e-05  1.5028e-05  4.0081e-05  4.9056e-05  1.1502e-06  4.4924e-06  4.7896e-09  3.6803e-06
   0.0019382  1.7138e-05  7.4819e-05           0  0.00033096   0.0013677  3.1749e-05  1.5062e-05  4.0124e-05  4.9081e-05  1.1822e-06  4.4927e-06  4.8042e-09  3.7792e-06
**** FDPS tree soft force time profile (local):
 Sample_ptcl Domain_deco Ex_ptcl     SetRootCell Make_LT     Make_LET    Make_GT     Make_Group  Make_I_list Calc_force  Write_back 
           0           0           0  2.2576e-05  0.00025652  3.2946e-05  0.00020801  3.2448e-06  8.1788e-05  0.00065637  5.8926e-05
**** Tree neighbor time profile (local):
 Sample_ptcl Domain_deco Ex_ptcl     SetRootCell Make_LT     Make_LET    Make_GT     Make_Group  Make_I_list Calc_force  Write_back 
           0           0           0  1.2816e-05  0.00010558  1.8251e-05  9.5135e-05  8.2297e-07  1.5842e-05    3.97e-05  1.3921e-05
**** Number per step (global):
 PP_single   PP_cluster  PP_cross    Cluster     Cross       AR_step_sum
      987.33       12.67           0       6.124           0      46.265
 AR_tsyn_sum Stab_Ngroup Iso_Ngroup  Form_Ngroup End_Ngroup  Modf_Ngroup Merg_Ngroup H4_step_sum H4_no_NB    Ep-Ep_sum   Ep-Sp_sum  
       2.248           3           0   0.0053711   0.0014648           0           0      35.006   0.0068359  8.7575e+05       26606
**** Number of members in clusters (global):
N_members:            1           2           3           4           5
Count    :       987.33      5.7876     0.25928    0.068359   0.0087891

Time: 47  N_real(loc): 1000  N_real(glb): 1000  N_all(loc): 1036  N_all(glb): 1036  N_remove(glb): 0  N_escape(glb): 0
Energy:     Error/Total         Error     Error_cum         Total       Kinetic     Potential        Modify  Modify_group Modify_single      Error_PP  Error_PP_cum
Physic:   -0.0007522481       1.60004      745.1101     -2127.011      3382.425     -5509.436      345.1163             0             0 -9.201858e-07      2.088266
Slowdown: -0.0009911039      1.599985      744.1139     -1614.346      2779.741     -4394.088      22310.16             0             0  -9.15494e-07      1.571672
Angular Momentum:  |L|err: 0.6898179  |L|err_cum: 399.0454  L: -155.6116   24.63453    -585.6045  |L|: 606.4276
C.M.: mass: 1900 pos: -2.241009   0.3691618    0.2498505 vel: -0.1748981   0.1660697    0.02161042
Tree step number: 2048
**** Wallclock time per step (local): [Min/Max]
 Total       PP_single   PP_cluster  PP_cross    Tree_NB     Tree_Force  Force_corr  Kick        FindCluster CreateGroup MPI_comm    Output      Status      Other      
   0.0021839  2.5105e-05  7.4176e-05           0  0.00036824   0.0016003  4.2127e-05  2.3022e-05  3.1457e-05  5.1043e-05  4.2275e-06  5.9083e-06   5.856e-09  6.1635e-06
   0.0021839  2.5142e-05  7.4222e-05           0  0.00036316   0.0015553  4.2186e-05  2.3058e-05  3.1502e-05  5.1068e-05  4.2603e-06  5.9086e-06  5.8706e-09  6.2664e-06
**** FDPS tree soft force time profile (local):
 Sample_ptcl Domain_deco Ex_ptcl     SetRootCell Make_LT     Make_LET    Make_GT     Make_Group  Make_I_list Calc_force  Write_back 
           0           0           0  1.7528e-05  0.00029613  3.3829e-05   0.0002201  4.0832e-06  7.9239e-05    0.000779  9.1992e-05
**** Tree neighbor time profile (local):
 Sample_ptcl Domain_deco Ex_ptcl     SetRootCell Make_LT     Make_LET    Make_GT     Make_Group  Make_I_list Calc_force  Write_back 
           0           0           0  2.1393e-05  0.00013454  1.7284e-05  9.7151e-05  7.8508e-07  1.2294e-05  5.8052e-05   1.061e-05
**** Number per step (global):
 PP_single   PP_cluster  PP_cross    Cluster     Cross       AR_step_sum
      985.05      14.947           0       7.269           0      40.595
 AR_tsyn_sum Stab_Ngroup Iso_Ngroup  Form_Ngroup End_Ngroup  Modf_Ngroup Merg_Ngroup H4_step_sum H4_no_NB    Ep-Ep_sum   Ep-Sp_sum  
     0.13672           3           0    0.014648   0.0043945           0           0      48.456    0.013672  8.9459e+05       20890
**** Number of members in clusters (global):
N_members:            1           2           3           4           5
Count    :       985.05      6.9316     0.28516    0.033203    0.019043

Time: 47.5  N_real(loc): 1000  N_real(glb): 1000  N_all(loc): 1036  N_all(glb): 1036  N_remove(glb): 0  N_escape(glb): 0
Energy:     Error/Total         Error     Error_cum         Total       Kinetic     Potential        Modify  Modify_group Modify_single      Error_PP  Error_PP_cum
Physic:   -0.0007656116      1.627148      746.7373     -2125.292      3048.945     -5174.237      345.2081             0             0 -3.542567e-07      2.088266
Slowdown:   -0.00100895      1.627061      745.7409     -1612.627      2445.951     -4058.578      22822.91             0             0 -3.553886e-07      1.571671
Angular Momentum:  |L|err: 0.750247  |L|err_cum: 399.7957  L: -156.4554   23.83877    -586.0903  |L|: 607.0819
C.M.: mass: 1900 pos: -2.31476   0.4464128    0.2436878 vel: -0.1403967   0.1365426    -0.05084562
Tree step number: 2048
**** Wallclock time per step (local): [Min/Max]
 Total       PP_single   PP_cluster  PP_cross    Tree_NB     Tree_Force  Force_corr  Kick        FindCluster CreateGroup MPI_comm    Output      Status      Other      
   0.0020598  2.1954e-05  6.2076e-05           0  0.00034131   0.0015495  3.2542e-05   1.963e-05  2.8101e-05  4.1714e-05  1.3666e-06  4.5023e-06  5.7822e-09   3.253e-06
   0.0020599   2.199e-05  6.2119e-05           0    0.000337   0.0015053  3.2598e-05  1.9678e-05  2.8143e-05  4.1736e-05  1.3984e-06  4.5025e-06  5.8462e-09  3.3712e-06
**** FDPS tree soft force time profile (local):
 Sample_ptcl Domain_deco Ex_ptcl     SetRootCell Make_LT     Make_LET    Make_GT     Make_Group  Make_I_list Calc_force  Write_back 
           0           0           0  2.0893e-05  0.00026648  4.0788e-05  0.00022674  3.6355e-06  6.2711e-05  0.00076849    9.02e-05
**** Tree neighbor time profile (local):
 Sample_ptcl Domain_deco Ex_ptcl     SetRootCell Make_LT     Make_LET    Make_GT     Make_Group  Make_I_list Calc_force  Write_back 
           0           0           0  1.0549e-05  0.00011529  1.6211e-05  8.1207e-05  6.6441e-07  1.6433e-05  7.0411e-05  9.1393e-06
**** Number per step (global):
 PP_single   PP_cluster  PP_cross    Cluster     Cross       AR_step_sum
      987.81      12.193           0      5.9243           0      40.338
 AR_tsyn_sum Stab_Ngroup Iso_Ngroup  Form_Ngroup End_Ngroup  Modf_Ngroup Merg_Ngroup H4_step_sum H4_no_NB    Ep-Ep_sum   Ep-Sp_sum  
    0.032227           3           0   0.0053711   0.0019531           0           0      31.536   0.0068359  9.1834e+05       17679
**** Number of members in clusters (global):
N_members:            1           2           3           4           5
Count    :       987.81      5.6826     0.18848   0.0039062    0.049316

Time: 48  N_real(loc): 1000  N_real(glb): 1000  N_all(loc): 1036  N_all(glb): 1036  N_remove(glb): 0  N_escape(glb): 0
Energy:     Error/Total         Error     Error_cum         Total       Kinetic     Potential        Modify  Modify_group Modify_single      Error_PP  Error_PP_cum
Physic:   -0.0007561528      1.605765       748.343     -2123.598      3331.957     -5455.556      345.2964             0             0 -1.134725e-06      2.088265
Slowdown: -0.0009967407      1.605683      747.3466     -1610.933      2728.657      -4339.59      23335.67             0             0 -1.135048e-06       1.57167
Angular Momentum:  |L|err: 0.8185801  |L|err_cum: 400.6142  L: -157.0932   23.22746    -586.7135  |L|: 607.8244
C.M.: mass: 1900 pos: -2.397902   0.5066625    0.2263281 vel: -0.1955075   0.09749914    -0.04083256
Tree step number: 2048
**** Wallclock time per step (local): [Min/Max]
 Total       PP_single   PP_cluster  PP_cross    Tree_NB     Tree_Force  Force_corr  Kick        FindCluster CreateGroup MPI_comm    Output      Status      Other      
   0.0017914  1.6765e-05  5.7097e-05           0  0.00030627   0.0013302  2.0931e-05  1.2115e-05  2.3003e-05  4.6284e-05  1.1318e-06  4.8313e-06  4.2314e-09  3.0664e-06
   0.0017915    1.68e-05  5.7138e-05           0  0.00030316   0.0013004  2.0984e-05  1.2149e-05  2.3043e-05  4.6307e-05  1.1639e-06  4.8315e-06   4.251e-09  3.1575e-06
**** FDPS tree soft force time profile (local):
 Sample_ptcl Domain_deco Ex_ptcl     SetRootCell Make_LT     Make_LET    Make_GT     Make_Group  Make_I_list Calc_force  Write_back 
           0           0           0  1.5376e-05  0.00021795  2.7771e-05  0.00017759  2.9226e-06  6.1606e-05  0.00068787  6.1118e-05
**** Tree neighbor time profile (local):
 Sample_ptcl Domain_deco Ex_ptcl     SetRootCell Make_LT     Make_LET    Make_GT     Make_Group  Make_I_list Calc_force  Write_back 
           0           0           0  8.6016e-06  9.5134e-05  1.8331e-05  7.9248e-05  6.3633e-07  1.2013e-05  5.1322e-05  6.6593e-06
**** Number per step (global):
 PP_single   PP_cluster  PP_cross    Cluster     Cross       AR_step_sum
      986.23      13.766           0      6.7368           0      40.398
 AR_tsyn_sum Stab_Ngroup Iso_Ngroup  Form_Ngroup End_Ngroup  Modf_Ngroup Merg_Ngroup H4_step_sum H4_no_NB    Ep-Ep_sum   Ep-Sp_sum  
    0.059082           3           0    0.010254   0.0029297           0           0       39.38    0.012695  9.3038e+05       14434
**** Number of members in clusters (global):
N_members:            1           2           3           4
Count    :       986.23      6.4766     0.22852    0.031738

Time: 48.5  N_real(loc): 1000  N_real(glb): 1000  N_all(loc): 1036  N_all(glb): 1036  N_remove(glb): 0  N_escape(glb): 0
Energy:     Error/Total         Error     Error_cum         Total       Kinetic     Potential        Modify  Modify_group Modify_single      Error_PP  Error_PP_cum
Physic:   -0.0007711278      1.636235      749.9793     -2121.873      3228.289     -5350.161      345.3856             0             0 -4.574769e-06       2.08826
Slowdown:  -0.001016743       1.63615      748.9828     -1609.208       2624.68     -4233.888      23848.42             0             0  -4.57456e-06      1.571666
Angular Momentum:  |L|err: 0.6484572  |L|err_cum: 401.2627  L: -157.5448   22.77054    -587.2199  |L|: 608.4127
C.M.: mass: 1900 pos: -2.497972   0.5533557    0.2211578 vel: -0.189182   0.09664373    -0.01140409
Tree step number: 2048
**** Wallclock time per step (local): [Min/Max]
 Total       PP_single   PP_cluster  PP_cross    Tree_NB     Tree_Force  Force_corr  Kick        FindCluster CreateGroup MPI_comm    Output      Status      Other      
   0.0015704   1.606e-05  6.3868e-05           0  0.00027883   0.0011328  1.9185e-05  7.1863e-06  2.2969e-05  3.8387e-05  1.2078e-06  3.8611e-06  4.0605e-09  2.8904e-06
   0.0015704  1.6095e-05  6.3911e-05           0  0.00027647   0.0011163  1.9239e-05  7.2195e-06   2.301e-05  3.8409e-05  1.2399e-06  3.8613e-06  4.0801e-09  2.9788e-06
**** FDPS tree soft force time profile (local):
 Sample_ptcl Domain_deco Ex_ptcl     SetRootCell Make_LT     Make_LET    Make_GT     Make_Group  Make_I_list Calc_force  Write_back 
           0           0           0  7.0344e-06  0.00020578  2.7187e-05  0.00016402  2.8834e-06  5.1527e-05   0.0005761  3.5271e-05
**** Tree neighbor time profile (local):
 Sample_ptcl Domain_deco Ex_ptcl     SetRootCell Make_LT     Make_LET    Make_GT     Make_Group  Make_I_list Calc_force  Write_back 
           0           0           0  6.5481e-06   9.542e-05  1.4194e-05  7.1643e-05  5.2758e-07  1.1555e-05  5.1242e-05  5.1444e-06
**** Number per step (global):
 PP_single   PP_cluster  PP_cross    Cluster     Cross       AR_step_sum
      983.79      16.211           0      7.6294           0      42.117
 AR_tsyn_sum Stab_Ngroup Iso_Ngroup  Form_Ngroup End_Ngroup  Modf_Ngroup Merg_Ngroup H4_step_sum H4_no_NB    Ep-Ep_sum   Ep-Sp_sum  
     0.65479           3           0     0.04541   0.0097656           0           0      55.488    0.041016  9.4305e+05       11329
**** Number of members in clusters (global):
N_members:            1           2           3           4           5
Count    :       983.79      6.8906     0.58594    0.092285    0.060547

Time: 49  N_real(loc): 1000  N_real(glb): 1000  N_all(loc): 1036  N_all(glb): 1036  N_remove(glb): 0  N_escape(glb): 0
Energy:     Error/Total         Error     Error_cum         Total       Kinetic     Potential        Modify  Modify_group Modify_single      Error_PP  Error_PP_cum
Physic:   -0.0007295611      1.546845      751.5261      -2120.24       3244.52      -5364.76       345.471             0             0 -6.587852e-06      2.088253
Slowdown: -0.0009621763      1.546771      750.5296     -1607.576      2640.601     -4248.177      24361.17             0             0 -6.439083e-06      1.571659
Angular Momentum:  |L|err: 0.395071  |L|err_cum: 401.6578  L: -157.771   22.51367    -587.5397  |L|: 608.7704
C.M.: mass: 1900 pos: -2.597417   0.6123063    0.2220997 vel: -0.2033971   0.1333131    0.007928566
Tree step number: 2048
**** Wallclock time per step (local): [Min/Max]
 Total       PP_single   PP_cluster  PP_cross    Tree_NB     Tree_Force  Force_corr  Kick        FindCluster CreateGroup MPI_comm    Output      Status      Other      
   0.0013393  1.4509e-05  6.8455e-05           0  0.00024105  0.00095472  1.2164e-05  6.1128e-06  2.2201e-05  2.1242e-05  1.1911e-06  4.7898e-06  4.1978e-09  2.7626e-06
   0.0013393  1.4545e-05  6.8512e-05           0  0.00023883   0.0009449  1.2215e-05  6.1461e-06  2.2243e-05  2.1263e-05  1.2235e-06  4.7899e-06  4.2173e-09  2.8397e-06
**** FDPS tree soft force time profile (local):
 Sample_ptcl Domain_deco Ex_ptcl     SetRootCell Make_LT     Make_LET    Make_GT     Make_Group  Make_I_list Calc_force  Write_back 
           0           0           0  7.8753e-06  0.00018319  2.4038e-05  0.00014974  3.0632e-06  3.7884e-05  0.00048311  2.1121e-05
**** Tree neighbor time profile (local):
 Sample_ptcl Domain_deco Ex_ptcl     SetRootCell Make_LT     Make_LET    Make_GT     Make_Group  Make_I_list Calc_force  Write_back 
           0           0           0  3.5208e-06  8.1767e-05  1.4485e-05   6.141e-05  4.7013e-07  1.2882e-05  4.8322e-05  4.8524e-06
**** Number per step (global):
 PP_single   PP_cluster  PP_cross    Cluster     Cross       AR_step_sum
      983.27       16.73           0      7.9829           0      42.778
 AR_tsyn_sum Stab_Ngroup Iso_Ngroup  Form_Ngroup End_Ngroup  Modf_Ngroup Merg_Ngroup H4_step_sum H4_no_NB    Ep-Ep_sum   Ep-Sp_sum  
      0.8833           3           0     0.06543    0.014648           0           0      64.015     0.05957  9.6201e+05        9891
**** Number of members in clusters (global):
N_members:            1           2           3           4
Count    :       983.27      7.2568     0.68799    0.038086

Time: 49.5  N_real(loc): 1000  N_real(glb): 1000  N_all(loc): 1036  N_all(glb): 1036  N_remove(glb): 0  N_escape(glb): 0
Energy:     Error/Total         Error     Error_cum         Total       Kinetic     Potential        Modify  Modify_group Modify_single      Error_PP  Error_PP_cum
Physic:    -0.000675777      1.431788      752.9579     -2118.729      2952.643     -5071.372      345.5507             0             0 -6.779321e-06      2.088247
Slowdown:  -0.000891451      1.431727      751.9613     -1606.064      2348.417     -3954.481      24873.92             0             0 -6.778454e-06      1.571652
Angular Momentum:  |L|err: 0.2671775  |L|err_cum: 401.9249  L: -157.8109   22.43335    -587.7925  |L|: 609.0218
C.M.: mass: 1900 pos: -2.690134   0.6701549    0.2197629 vel: -0.1942506   0.1379808    -0.009544882
Tree step number: 2048
**** Wallclock time per step (local): [Min/Max]
 Total       PP_single   PP_cluster  PP_cross    Tree_NB     Tree_Force  Force_corr  Kick        FindCluster CreateGroup MPI_comm    Output      Status      Other      
   0.0019669  3.7919e-05  8.3719e-05           0  0.00037237   0.0013526  4.1375e-05  2.9848e-05  4.0563e-05  3.0606e-05  5.5619e-06  3.3399e-06   4.731e-09    9.19e-06
   0.0019669  3.7956e-05  8.3764e-05           0  0.00036415   0.0013182   4.143e-05  2.9882e-05  4.0608e-05  3.0628e-05  5.5944e-06    3.34e-06  4.7505e-09  9.2762e-06
**** FDPS tree soft force time profile (local):
 Sample_ptcl Domain_deco Ex_ptcl     SetRootCell Make_LT     Make_LET    Make_GT     Make_Group  Make_I_list Calc_force  Write_back 
           0           0           0  2.5156e-05  0.00027101   4.525e-05  0.00022174   3.163e-06  6.0106e-05  0.00060784  7.0542e-05
**** Tree neighbor time profile (local):
 Sample_ptcl Domain_deco Ex_ptcl     SetRootCell Make_LT     Make_LET    Make_GT     Make_Group  Make_I_list Calc_force  Write_back 
           0           0           0  2.2674e-05   0.0001256  2.0716e-05  8.9593e-05  5.3949e-07  1.5921e-05  7.3488e-05  1.6895e-05
**** Number per step (global):
 PP_single   PP_cluster  PP_cross    Cluster     Cross       AR_step_sum
      984.49      15.508           0      7.4531           0      42.547
 AR_tsyn_sum Stab_Ngroup Iso_Ngroup  Form_Ngroup End_Ngroup  Modf_Ngroup Merg_Ngroup H4_step_sum H4_no_NB    Ep-Ep_sum   Ep-Sp_sum  
     0.80322           3           0    0.054688    0.011719           0           0      56.158      0.0625  9.6028e+05       10476
**** Number of members in clusters (global):
N_members:            1           2           3           4           5
Count    :       984.49      6.9956     0.35303    0.064453    0.040039

Time: 50  N_real(loc): 1000  N_real(glb): 1000  N_all(loc): 1036  N_all(glb): 1036  N_remove(glb): 0  N_escape(glb): 0
Energy:     Error/Total         Error     Error_cum         Total       Kinetic     Potential        Modify  Modify_group Modify_single      Error_PP  Error_PP_cum
Physic:    -0.000648589      1.373244      754.3312     -2117.279      3137.758     -5255.037      345.6278             0             0 -3.631497e-06      2.088243
Slowdown:  -0.000855775      1.373188      753.3345     -1604.614      2533.221     -4137.835      25386.66             0             0 -3.630773e-06      1.571649
Angular Momentum:  |L|err: 0.2357777  |L|err_cum: 402.1607  L: -157.6861   22.5122    -588.0713  |L|: 609.2614
C.M.: mass: 1900 pos: -2.797351   0.7509326    0.2212585 vel: -0.200887   0.1211528    0.02663534
Tree step number: 2048
**** Wallclock time per step (local): [Min/Max]
 Total       PP_single   PP_cluster  PP_cross    Tree_NB     Tree_Force  Force_corr  Kick        FindCluster CreateGroup MPI_comm    Output      Status      Other      
   0.0023057  2.2721e-05  6.9121e-05           0  0.00040421   0.0016641  3.4974e-05  1.5749e-05  4.0943e-05  8.4135e-05  1.1839e-06  4.4314e-06  4.3931e-09   4.748e-06
   0.0023058  2.2758e-05  6.9163e-05           0  0.00039917    0.001626  3.5029e-05  1.5784e-05  4.0997e-05  8.4161e-05   1.216e-06  4.4316e-06  4.4126e-09  4.8549e-06
**** FDPS tree soft force time profile (local):
 Sample_ptcl Domain_deco Ex_ptcl     SetRootCell Make_LT     Make_LET    Make_GT     Make_Group  Make_I_list Calc_force  Write_back 
           0           0           0  3.6256e-05  0.00033178  3.4302e-05  0.00025144  3.2915e-06  6.9052e-05   0.0007415  7.8268e-05
**** Tree neighbor time profile (local):
 Sample_ptcl Domain_deco Ex_ptcl     SetRootCell Make_LT     Make_LET    Make_GT     Make_Group  Make_I_list Calc_force  Write_back 
           0           0           0  2.5166e-05  0.00013323  1.8942e-05  9.3853e-05  6.7755e-07  2.1002e-05  5.5263e-05  1.0559e-05
**** Number per step (global):
 PP_single   PP_cluster  PP_cross    Cluster     Cross       AR_step_sum
      985.96      14.042           0      6.7734           0      43.352
 AR_tsyn_sum Stab_Ngroup Iso_Ngroup  Form_Ngroup End_Ngroup  Modf_Ngroup Merg_Ngroup H4_step_sum H4_no_NB    Ep-Ep_sum   Ep-Sp_sum  
     0.78027           3           0     0.05127    0.012207           0           0       42.11    0.054688  9.3804e+05       12351
**** Number of members in clusters (global):
N_members:            1           2           3           4
Count    :       985.96      6.3491       0.354    0.070312
MemoryPool::finalize() is completed!
******** FDPS has successfully finished. ********
Info: removed 4 empty tmp file(s) on exit.
